district_id,case_type,cases,median_months,p90_months,pending_after_1y,pending_after_3y,pending_after_5y,pending_after_3y_lo,pending_after_3y_hi
1001,civil,17926,19.0,69.0,0.5919111629694769,0.3414539025752197,0.1580731857821206,0.3337426143115434,0.34916519083889597
1001,criminal,51539,11.0,49.0,0.47093182874463035,0.16725907440662216,0.06285345416182074,0.16360285615734535,0.17091529265589897
1002,civil,40511,26.0,85.0,0.667713716593102,0.4125654915541283,0.2516249055193368,0.4073225737855047,0.41780840932275193
1002,criminal,97235,13.0,65.0,0.5070259006757865,0.25467922067347976,0.11765665233089509,0.25162971550048546,0.25772872584647405
1003,civil,97701,20.0,83.0,0.6162127780887893,0.3424109302222011,0.1992541492895351,0.3391738125756883,0.3456480478687139
1003,criminal,228948,13.0,62.0,0.503116096678539,0.21339460618033843,0.10376060354789467,0.21156933731175576,0.2152198750489211
1004,civil,50366,26.0,105.0,0.649568254250727,0.42009733542131483,0.2914144619553306,0.41534346867914135,0.4248512021634883
1004,criminal,157370,16.0,75.0,0.5485294298658229,0.28749950053384227,0.15919113772275928,0.28494929750861986,0.2900497035590647
1005,civil,49723,19.0,88.0,0.5696880138292175,0.35137547256779134,0.2072872016453718,0.3467674155317707,0.35598352960381197
1005,criminal,143643,19.0,78.0,0.5858071336191187,0.31740309167212993,0.1702935504545953,0.31466049775912447,0.3201456855851354
1007,civil,90753,15.0,80.0,0.5282394199014706,0.3186336578440725,0.1890602349640392,0.31530107571010324,0.32196623997804175
1007,criminal,188054,20.0,72.0,0.5957934183617919,0.31899090506315186,0.15803210572961365,0.31664256730382706,0.32133924282247667
1008,civil,35597,23.0,71.0,0.639572614131508,0.36688200419031214,0.17568511208421564,0.361240821681276,0.37252318669934825
1008,criminal,200645,14.0,50.0,0.548396021217005,0.17454696724219537,0.06463556431707464,0.1725638453717105,0.17653008911268026
1009,civil,126818,39.0,,0.760824655817587,0.520628445115043,0.34999720360747993,0.5176018323082213,0.5236550579218647
1009,criminal,520787,5.0,84.0,0.4034316565667535,0.21851109533797117,0.1431036308893861,0.21729204223505796,0.21973014844088437
1010,civil,17915,33.0,77.0,0.7682836045025141,0.4576945926850703,0.23642477937680845,0.44943038000615265,0.4659588053639879
1010,criminal,62329,14.0,52.0,0.5243817591252837,0.20015824556140932,0.06416482900447198,0.1966341829430617,0.20368230817975694
1011,civil,17749,23.0,79.0,0.6451131180616216,0.360795863483359,0.1952176050073595,0.3526686545837051,0.3689230723830129
1011,criminal,51364,18.0,65.0,0.5872580558550797,0.2667235486227828,0.12516484135980088,0.2623887084906733,0.2710583887548923
1012,civil,9307,14.0,60.0,0.5344666811440306,0.22785064770440638,0.09262126012707185,0.2180444757217453,0.23765681968706748
1012,criminal,55616,2.0,29.0,0.2575579135789084,0.06449261703677983,0.015083706242146945,0.06215723966681777,0.06682799440674189
1013,civil,37861,32.0,103.0,0.67450911463172,0.46177555869325526,0.3083436924219167,0.45623285137606506,0.46731826601044546
1013,criminal,147986,18.0,71.0,0.5746220687641856,0.3011126007053861,0.14567679851609824,0.29837355254920234,0.30385164886156985
1014,civil,59445,29.0,107.0,0.6939101621856869,0.4369509835741423,0.283335520304015,0.4325681040270992,0.4413338631211854
1014,criminal,262534,15.0,68.0,0.5425271481576333,0.25495174006775184,0.12644539939193833,0.25306582164456265,0.25683765849094103
1015,civil,80898,20.0,91.0,0.5855749667941379,0.36148794051240957,0.2231534403516725,0.3578698395186021,0.36510604150621706
1015,criminal,141801,19.0,90.0,0.5605303539958698,0.3486458275240085,0.20965999234684818,0.34592075955218843,0.3513708954958286
1017,civil,72678,22.0,79.0,0.6202113524499419,0.3583784283158844,0.18597198890395455,0.354484741556,0.3622721150757688
1017,criminal,132017,17.0,71.0,0.5630307259791096,0.30672953555776455,0.15221096362351777,0.3039587753743088,0.3095002957412203
1018,civil,47669,31.0,89.0,0.7129742443315419,0.45916957110317075,0.27595180482578213,0.4542359105515373,0.4641032316548042
1018,criminal,109872,16.0,75.0,0.543611188953082,0.29961331953771,0.15941184451545762,0.29660103313231756,0.3026256059431024
1019,civil,110642,31.0,102.0,0.7057250372498345,0.4512631364037652,0.28481101304882817,0.44800695420547354,0.45451931860205685
1019,criminal,309701,8.0,77.0,0.4513592343578786,0.25299357155320007,0.14608486795911294,0.25130548526901964,0.2546816578373805
1020,civil,116625,35.0,,0.7357489192842726,0.4839834899083104,0.3170792310472136,0.48080463381877375,0.4871623459978471
1020,criminal,329242,15.0,90.0,0.529913220388659,0.31486060825491696,0.1972165994084944,0.3131126496934669,0.316608566816367
1021,civil,172877,37.0,,0.7406029488508215,0.5014767011452932,0.3389235150193671,0.49885425135981004,0.5040991509307763
1021,criminal,416917,23.0,,0.583108904712476,0.4184563790842999,0.3207918981852069,0.4168277007486732,0.4200850574199266
1023,civil,154169,11.0,108.0,0.4842447579332657,0.30563574151651135,0.21135205175199964,0.30304216079519325,0.30822932223782945
1023,criminal,815340,24.0,,0.6613184147041,0.3738359484355223,0.2226043068313247,0.3726795892050301,0.37499230766601455
1024,civil,71903,33.0,,0.6667578170678508,0.4820126856919221,0.3663295906411272,0.4780512845598666,0.48597408682397764
1024,criminal,111503,11.0,97.0,0.47690076114243163,0.2828928391096519,0.1982354573389606,0.27995880796894435,0.28582687025035947
1025,civil,205796,42.0,,0.7702370229381638,0.5370163157912503,0.3835617021451801,0.5346503977889537,0.5393822337935469
1025,criminal,474727,14.0,,0.5120798380588902,0.3341049696061982,0.23067546177984558,0.332654498045067,0.3355554411673293
1026,civil,173155,25.0,92.0,0.6442140338505765,0.40242277854833686,0.23503617849359154,0.39990827800807677,0.40493727908859695
1026,criminal,266377,18.0,78.0,0.5743421180929419,0.3070052307452937,0.1650674352354623,0.3050349018841286,0.3089755596064588
1027,civil,129542,11.0,77.0,0.4894076431323049,0.29790265463146576,0.1637164904056851,0.29516632763407274,0.30063898162885877
1027,criminal,181307,12.0,64.0,0.4877949378949837,0.2342205717765581,0.111868301558296,0.23204738460038193,0.2363937589527343
1028,civil,112995,15.0,82.0,0.5356065331010147,0.29835850426554156,0.17227618836360806,0.29543880482807766,0.30127820370300545
1028,criminal,105094,19.0,77.0,0.5940219852131646,0.31528428711636514,0.16136157800342008,0.3121250971541997,0.31844347707853055
1029,civil,110844,19.0,73.0,0.5634862781544114,0.3296130882886076,0.15703259027828145,0.32659054706201834,0.3326356295151968
1029,criminal,101960,16.0,73.0,0.5453871065379305,0.2758874553110084,0.14148960958854429,0.27283421447565304,0.27894069614636374
1030,civil,131704,25.0,97.0,0.6571905646947384,0.3872682624391877,0.23264248981640845,0.3843188684061755,0.3902176564721999
1030,criminal,262408,14.0,78.0,0.5142034996002557,0.2698032299530221,0.15715054316106805,0.2678800000894538,0.2717264598165904
1031,civil,83788,37.0,97.0,0.7512495361702252,0.507239879146551,0.31827030227160774,0.503513165065217,0.510966593227885
1031,criminal,169234,7.0,59.0,0.4341205649959194,0.2059082757930765,0.09602862177288111,0.20375819998488223,0.20805835160127076
1032,civil,26651,25.0,83.0,0.6691544874762435,0.3899711870165969,0.2124513322908531,0.3833848384956968,0.39655753553749695
1032,criminal,59180,7.0,47.0,0.3902986330858231,0.1442479541031105,0.06044757467712573,0.14104365470729527,0.14745225349892574
1033,civil,16963,35.0,99.0,0.7152066146135715,0.48289437120625744,0.29723052929910326,0.4746274014806432,0.4911613409318717
1033,criminal,34240,4.0,31.0,0.2660440253078616,0.079466871630803,0.026236001444825723,0.07618079799449326,0.08275294526711274
1034,civil,102759,32.0,,0.7108808633955254,0.46541513629130066,0.3033725123771083,0.46205976815627803,0.4687705044263233
1034,criminal,147283,20.0,78.0,0.5994597800697452,0.320888284362869,0.1694194112635152,0.31820330159777677,0.3235732671279612
1035,civil,80894,30.0,92.0,0.6884382119825924,0.44149007833066983,0.27382564561746203,0.43772206674159914,0.44525808991974053
1035,criminal,137784,9.0,63.0,0.45033816213338806,0.2157493164458435,0.10932522033729951,0.2133230758768993,0.2181755570147877
1036,civil,23769,32.0,104.0,0.7221834127416926,0.45690294606887893,0.27957201856673825,0.45001076722282124,0.46379512491493663
1036,criminal,81794,16.0,57.0,0.5667952897808058,0.21729009309358183,0.0868340064876779,0.2140738584529966,0.22050632773416706
1037,civil,187439,15.0,,0.5226577219139789,0.33073851498108936,0.21958901462247382,0.3283852106318294,0.3330918193303493
1037,criminal,150405,3.0,44.0,0.2895008717991457,0.12924806201136815,0.0625715083919928,0.12732429015946092,0.13117183386327538
1038,civil,58527,33.0,,0.7052827001397715,0.47401943690390924,0.3370251899373427,0.46969531181359053,0.47834356199422795
1038,criminal,2362,6.0,18.0,0.1908296675864383,0.022224286094426678,0.004643618147153655,0.015494191841276442,0.028954380347576913
1039,civil,24626,43.0,85.0,0.8406640490020633,0.5508888456302194,0.37032623184756414,0.5440597353109621,0.5577179559494768
1040,civil,116093,25.0,88.0,0.6888899446453631,0.38072123921224293,0.20681440683844765,0.37762661479562665,0.3838158636288592
1040,criminal,39855,39.0,86.0,0.8383478739985182,0.5272276180285412,0.2807807390746386,0.5217271293939413,0.5327281066631412
1041,civil,21482,10.0,61.0,0.4455118234808071,0.21436812004445097,0.10034697001066387,0.20830650132656553,0.2204297387623364
1041,criminal,14271,22.0,,0.6332624287894963,0.38588611187713906,0.27716974765151253,0.3764923979445696,0.3952798258097085
1042,civil,173312,12.0,41.0,0.4799496304819247,0.12579758991412876,0.03439992415477587,0.12398236354159906,0.12761281628665846
1042,criminal,18947,20.0,50.0,0.7198019717574451,0.2108793135419867,0.05107752946592706,0.20428941083879457,0.21746921624517881
1043,civil,2176,31.0,,0.748975077440603,0.4626756935436347,0.2864598008066391,0.4385130702930934,0.486838316794176
2002,civil,81216,20.0,71.0,0.6602981378030509,0.2973005428574409,0.14901384041084328,0.29370433227306636,0.30089675344181543
2002,criminal,82226,10.0,48.0,0.4513545335666247,0.16027383495288727,0.0534690088903593,0.15747157127702097,0.16307609862875358
2003,civil,89066,24.0,80.0,0.688495235930349,0.3717880378260041,0.20692185821883885,0.36821751982776774,0.3753585558242405
2003,criminal,74199,18.0,58.0,0.5912016627400678,0.24615587734077085,0.09035964248907735,0.2426875079129474,0.2496242467685943
2004,civil,112759,18.0,65.0,0.6105301618615913,0.2739311416464328,0.12362602567860964,0.2709762229030705,0.2768860603897951
2004,criminal,96068,13.0,55.0,0.5144295848813066,0.21011286106424398,0.07542418340379495,0.2071383125241754,0.21308740960431258
2005,civil,130312,17.0,65.0,0.600694143895883,0.2614059997877234,0.11565414776614173,0.25870174833587634,0.26411025123957044
2005,criminal,122001,13.0,46.0,0.5061238189827265,0.16129151818024395,0.0433108048012457,0.15889837763929687,0.16368465872119103
2007,civil,57239,18.0,72.0,0.6080592109913534,0.2956729370279051,0.14822116412712105,0.2913980804885362,0.29994779356727397
2007,criminal,60577,9.0,49.0,0.42527727298201534,0.1592159359845362,0.06353979498759262,0.1557981241287765,0.1626337478402959
2010,civil,81685,21.0,74.0,0.655793104645196,0.32357265426106985,0.17130884450439898,0.31986335725184595,0.32728195127029375
2010,criminal,56799,21.0,62.0,0.6440081830187274,0.30809453455106994,0.10713698414121184,0.30356306547147177,0.3126260036306681
2011,civil,118721,17.0,61.0,0.5850051432572937,0.24771244170624973,0.10361063348205707,0.24493284245430824,0.2504920409581912
2011,criminal,137494,16.0,52.0,0.5695435053835471,0.21140665238592807,0.062290289071259615,0.20901363193603192,0.2137996728358242
2015,civil,52549,27.0,76.0,0.7221371038786379,0.392227120145186,0.19306451203881,0.38752985683488134,0.3969243834554907
2015,criminal,52294,25.0,62.0,0.7037034384213754,0.3352918520900079,0.10790296765246345,0.3307073236562414,0.3398763805237744
2017,civil,74278,21.0,78.0,0.647931574661658,0.3231996585763791,0.18242427778911655,0.31937007287789215,0.32702924427486607
2017,criminal,68686,15.0,61.0,0.5402272294586145,0.24694411934270782,0.1003226695734105,0.24329946488803536,0.2505887737973803
2019,civil,27177,25.0,73.0,0.7234693102553484,0.35324409418097663,0.16324131125089167,0.3468655054916952,0.35962268287025806
2019,criminal,34772,13.0,51.0,0.5060704633341023,0.19509585195943752,0.06410892582276868,0.19036250758620743,0.1998291963326676
2020,civil,109721,20.0,73.0,0.6296392778012173,0.30958845384204703,0.1570588581560493,0.3065435500408554,0.3126333576432387
2020,criminal,130150,15.0,65.0,0.5394244742305416,0.26180290663646105,0.11736172783532796,0.25918105325462126,0.26442476001830084
2021,civil,32582,20.0,67.0,0.6592691941787334,0.2701932690543588,0.12678564155456068,0.26464346937254535,0.27574306873617227
2021,criminal,32228,15.0,60.0,0.5515659363074085,0.20695105164256972,0.09722644838670408,0.20183860798107678,0.21206349530406265
2023,civil,79934,23.0,77.0,0.6823562962454223,0.35660141507875803,0.1858658984735774,0.3528462595699125,0.36035657058760356
2023,criminal,75150,15.0,51.0,0.5512417732318209,0.2056615333912905,0.0665968267608403,0.2023793397995343,0.20894372698304672
3001,civil,219182,19.0,74.0,0.6196358999295867,0.30035752352631034,0.1523506886751788,0.2982205166586162,0.3024945303940045
3001,criminal,295212,3.0,51.0,0.3153641390175464,0.14820231324094596,0.07881719371380554,0.14673320647993815,0.14967142000195377
3002,civil,77977,17.0,67.0,0.583347261259307,0.25973581981590854,0.12554573266815028,0.2562893736130064,0.2631822660188107
3002,criminal,116198,1.0,38.0,0.22350238321303537,0.10470110062798949,0.055648890904487276,0.10272711218025463,0.10667508907572434
3003,civil,83733,20.0,78.0,0.6256910544678452,0.3197826301492723,0.16970291190238165,0.31621729535627857,0.323347964942266
3003,criminal,110157,1.0,47.0,0.2592166198581315,0.1294433561087305,0.0708566394867527,0.12725207109941375,0.13163464111804726
3004,civil,89677,16.0,59.0,0.5761641165598649,0.23208813237868692,0.09297578360886177,0.2289936453636923,0.23518261939368154
3004,criminal,141866,1.0,42.0,0.2540393601308066,0.11853770172985564,0.05983742091475825,0.11667726091408555,0.12039814254562574
3005,civil,44293,21.0,82.0,0.669955813483443,0.31173670871478415,0.17008247592311743,0.3067593415708918,0.3167140758586765
3005,criminal,178203,2.0,,0.2651551384626863,0.15221233942981105,0.11938451044230686,0.15044040658675373,0.15398427227286837
3006,civil,58375,19.0,64.0,0.6175315572702494,0.270569238631869,0.10927314892617002,0.26653747137663125,0.27460100588710673
3006,criminal,114463,2.0,45.0,0.29507176856521355,0.129895500305373,0.06290111457063263,0.12774909841240026,0.13204190219834575
3007,civil,45639,17.0,70.0,0.576397102539792,0.27200144317815755,0.13383317295467367,0.26729517034318706,0.27670771601312805
3007,criminal,63525,2.0,40.0,0.2563185177439446,0.11082402770931096,0.05093788132433054,0.10793890611476974,0.11370914930385219
3008,civil,35838,14.0,68.0,0.5302770116871334,0.23592275661163484,0.12718250460162855,0.23097114200209465,0.24087437122117503
3008,criminal,46677,1.0,31.0,0.23025096795373529,0.07991302229516188,0.029982086976756358,0.07693746173281898,0.08288858285750478
3009,civil,88027,15.0,63.0,0.5489742601195713,0.2460793815671531,0.11186279218923664,0.24292396684427292,0.24923479629003326
3009,criminal,159359,0.0,34.0,0.23438318572754419,0.09126498094352226,0.03481323900074027,0.08965231356628407,0.09287764832076044
3010,civil,62716,15.0,68.0,0.5536960416437273,0.25353168566154216,0.12457399856612379,0.24977742422115948,0.2572859471019249
3010,criminal,122677,2.0,34.0,0.23682117231617963,0.09177874945297619,0.03963331202790002,0.08996631249874334,0.09359118640720904
3011,civil,88981,15.0,58.0,0.5394610289850362,0.22536867625376414,0.08989348633582246,0.22235606312876585,0.22838128937876243
3011,criminal,91213,1.0,40.0,0.26380738521961533,0.11208765114535571,0.04332076651389783,0.10976670237379668,0.11440859991691474
3012,civil,81514,16.0,61.0,0.5671173703325448,0.23801354273406303,0.10397306175098121,0.23470434212601404,0.241322743342112
3012,criminal,216174,1.0,32.0,0.20877750146586135,0.08530925915799498,0.032793665142867356,0.08397944219637472,0.08663907611961523
3013,civil,64676,12.0,54.0,0.4825745616807491,0.17398981756577553,0.08288925773785139,0.17068502763528315,0.1772946074962679
3013,criminal,116056,2.0,31.0,0.25023584764589907,0.07921541312891425,0.02803420553849275,0.07743885763644899,0.08099196862137951
3014,civil,63469,17.0,73.0,0.5976363154125895,0.266822164712184,0.14008139977465361,0.2629599004069379,0.2706844290174301
3014,criminal,160015,1.0,29.0,0.22728481574379747,0.07309618747489917,0.027402406491688694,0.07167473562882168,0.07451763932097666
3015,civil,81842,18.0,75.0,0.6101728533164178,0.28105925238641183,0.14740864724085587,0.2776875268254484,0.28443097794737526
3015,criminal,228275,2.0,40.0,0.272550157081247,0.11073258400535006,0.05233524918359913,0.10928978719641594,0.11217538081428419
3016,civil,46947,15.0,73.0,0.5388561054456842,0.252266034191997,0.1484269369570202,0.2479007959011705,0.25663127248282347
3016,criminal,133497,1.0,33.0,0.1839323774277915,0.09138176732397216,0.04944389905356921,0.08965249908551007,0.09311103556243425
3017,civil,51244,20.0,64.0,0.6301698977457931,0.2733347271171239,0.11675457897340953,0.2689980970218993,0.27767135721234854
3017,criminal,114384,1.0,38.0,0.26816854062570084,0.10451884840717766,0.04281048712350129,0.10255045090234301,0.10648724591201232
3018,civil,127907,22.0,80.0,0.6318089003765373,0.34491016967242805,0.19039473044081323,0.3420068350920276,0.3478135042528285
3018,criminal,238402,1.0,42.0,0.22875039968342092,0.1139887979843649,0.07003514014030957,0.11259279493837464,0.11538480103035516
3019,civil,80988,16.0,81.0,0.5431378426741422,0.29456923107218524,0.16365473131571126,0.2911308356602393,0.2980076264841312
3019,criminal,91891,2.0,48.0,0.30647463934249364,0.1398386968161887,0.06670204941963966,0.1373685921012446,0.14230880153113282
3020,civil,326479,17.0,68.0,0.6238448305601122,0.24135026165739903,0.12378556018343796,0.23972229353882457,0.2429782297759735
3020,criminal,1330202,3.0,39.0,0.31580876680600484,0.1129521921318296,0.04278294484279284,0.11235491464004399,0.1135494696236152
3021,civil,119476,52.0,,0.818846250403801,0.5997210150130082,0.44812945254705466,0.5966667773767714,0.602775252649245
3021,criminal,243595,2.0,96.0,0.34908624911474695,0.2281695536812482,0.1644605866735307,0.22633028855029805,0.23000881881219834
3022,civil,110438,18.0,89.0,0.5970074444775187,0.30026884905984913,0.17419197340851267,0.29729245661549186,0.3032452415042064
3022,criminal,174097,4.0,66.0,0.3406273490060552,0.18353312422026274,0.11112731933920879,0.18152903822393873,0.18553721021658676
3023,civil,109389,16.0,65.0,0.570276498826504,0.24169048808419466,0.11660357424328309,0.2388137822184238,0.2445671939499655
3023,criminal,275650,1.0,39.0,0.26078342358696277,0.10745121629453754,0.046023309218791,0.10615662659612511,0.10874580599294996
3024,civil,66391,15.0,71.0,0.5419254317138558,0.2676032616188922,0.14113716237799867,0.2637944308644404,0.271412092373344
3024,criminal,174716,3.0,52.0,0.28501393797093294,0.14957077927665535,0.07473628286748911,0.14762608973510727,0.15151546881820344
3025,civil,17412,17.0,67.0,0.587328024528849,0.27753019516582483,0.1351012089871403,0.2703557297255167,0.284704660606133
3025,criminal,65737,2.0,38.0,0.2634288858681354,0.10537459920869945,0.043173092173287984,0.10278880239535362,0.10796039602204527
3026,civil,145256,22.0,90.0,0.68536466804906,0.3396606694104618,0.19362342379763955,0.3369312145589925,0.3423901242619311
3026,criminal,275245,5.0,58.0,0.38035607944507815,0.1819069505978289,0.0951973769723645,0.180289368104109,0.1835245330915488
3027,civil,31011,25.0,75.0,0.7113377523710342,0.3786862241954907,0.17657120602234716,0.3725773616056575,0.38479508678532387
3027,criminal,82908,3.0,54.0,0.2846497830909703,0.14463199690882833,0.08691424868885747,0.14193012109286687,0.1473338727247898
3028,civil,51212,29.0,,0.7228342035750965,0.4231728651979806,0.2520180287394967,0.41839060477147066,0.4279551256244905
3028,criminal,78516,4.0,82.0,0.38917435589517735,0.21883599061754871,0.14277193429620838,0.21568795085494827,0.22198403038014916
3029,civil,65406,16.0,82.0,0.5511353275537597,0.30394067515609047,0.16896809614773353,0.2999902096911113,0.30789114062106965
3029,criminal,72857,4.0,61.0,0.3553452283163271,0.18309220409982327,0.10133230763674018,0.17989116383012704,0.1862932443695195
3030,civil,18586,18.0,67.0,0.5806508931590195,0.2871000690272713,0.1275752899780345,0.27976026083499317,0.29443987721954945
3030,criminal,44972,2.0,40.0,0.247191695744163,0.11295820550257558,0.054742888157935383,0.10969943418568927,0.1162169768194619
4001,civil,41376,9.0,41.0,0.4238930675393182,0.12591505749156276,0.042044855897851105,0.12230947374354047,0.12952064123958504
4001,criminal,108690,6.0,42.0,0.3291902791974711,0.13502829615318032,0.03805597038486115,0.13283684010587093,0.1372197522004897
4002,civil,184094,17.0,60.0,0.5797377998458232,0.24542169658191887,0.0982600596749424,0.24326204896449719,0.24758134419934055
4002,criminal,314692,18.0,90.0,0.5836718867618181,0.32572663086569614,0.20153477526721583,0.32396091192291154,0.32749234980848074
4003,civil,88372,17.0,64.0,0.5998001763042226,0.2571017727115315,0.11366146217489277,0.2539466995483563,0.2602568458747067
4003,criminal,183958,5.0,53.0,0.3214849346024128,0.170026438943045,0.07944392696738528,0.16820086342356702,0.171852014462523
4004,civil,289130,18.0,68.0,0.6403413793241859,0.23659749416087986,0.11849461799538005,0.2349230023740502,0.2382719859477095
4004,criminal,250646,15.0,82.0,0.5349133261508902,0.3222120609850728,0.18637199799544704,0.32025477982722683,0.3241693421429188
4005,civil,128758,11.0,38.0,0.4439910401974677,0.10598262236330931,0.03728738589733018,0.10410905122733001,0.10785619349928861
4005,criminal,225790,6.0,37.0,0.33807423521689534,0.10194897336821485,0.0349317671990077,0.10054891011308212,0.10334903662334757
4006,civil,107559,23.0,71.0,0.6776725471087489,0.3340561463001911,0.16048201922200475,0.33097871039958765,0.33713358220079453
4006,criminal,252621,6.0,54.0,0.36541499046337833,0.16728865637410742,0.07951805397289612,0.1656945720063129,0.16888274074190193
4007,civil,38213,16.0,52.0,0.5735250708519714,0.2053578193020467,0.07014706314342341,0.20083203283922008,0.2098836057648733
4007,criminal,97484,11.0,51.0,0.4665243765116807,0.1892964806134929,0.07435104346383346,0.18655867147014127,0.19203428975684456
4008,civil,100475,19.0,59.0,0.6244876075515821,0.25827778129087975,0.09368463332355575,0.2552973868794,0.2612581757023595
4008,criminal,211415,7.0,64.0,0.3692782166782673,0.1812809961013876,0.10591535522736323,0.17948477476426314,0.18307721743851205
4009,civil,171196,35.0,93.0,0.751947430537679,0.4855927501514907,0.3099733639713363,0.4830271393714144,0.48815836093156706
4009,criminal,329516,36.0,,0.6690616842059632,0.4987609076445233,0.3875703400808851,0.4969220950113716,0.500599720277675
4010,civil,100039,16.0,50.0,0.5837911460368699,0.167472890484726,0.0664937135347383,0.16483351438041444,0.17011226658903755
4010,criminal,322886,5.0,42.0,0.312308277723074,0.12197219559785952,0.050395266236267486,0.12066286347879979,0.12328152771691925
4011,civil,98734,14.0,48.0,0.5412381286022645,0.17676490459651326,0.05412653528847358,0.17418811474069423,0.17934169445233228
4011,criminal,200276,7.0,47.0,0.35677588247650893,0.14943152463608234,0.05988112510355216,0.14777278385044876,0.1510902654217159
4012,civil,55101,24.0,81.0,0.6751691547497961,0.3806316027826653,0.1977876987044774,0.37636984292715603,0.38489336263817453
4012,criminal,191887,24.0,,0.6147210675215359,0.4159161356497763,0.275658827878416,0.41352115978402976,0.41831111151552286
4013,civil,248,35.0,82.0,0.9556451612903226,0.4451093268501851,0.1678210600193844,0.37989868805856786,0.5103199656418024
4015,civil,134641,22.0,68.0,0.6756870923273417,0.31389134168539734,0.13455441168776247,0.3111505452849407,0.316632138085854
4015,criminal,405204,24.0,84.0,0.6391148000143988,0.4108749416332505,0.23608922792236434,0.40926714220452753,0.41248274106197347
4016,civil,32858,10.0,35.0,0.4230951426512039,0.09428182130350723,0.03184574727234222,0.09081182882525944,0.09775181378175503
4016,criminal,94483,4.0,33.0,0.25165147874926347,0.08724529440718598,0.04058747658835703,0.085351635672109,0.08913895314226296
5001,civil,44687,16.0,71.0,0.5489563156644588,0.2820896950194531,0.14186697253071384,0.2773149532159331,0.2868644368229731
5001,criminal,28164,5.0,67.0,0.39735102096768876,0.2148361722686643,0.11858153371798608,0.20929262298982004,0.22037972154750857
5002,civil,78277,22.0,83.0,0.643401147239967,0.3559965219637132,0.19423437012289776,0.35221525664852715,0.3597777872788992
5002,criminal,63200,10.0,89.0,0.47763726978397575,0.3066639796661213,0.19797290765967354,0.3025711760257152,0.3107567833065274
5003,civil,30461,13.0,61.0,0.5072038204269497,0.21819235029851944,0.1005128648721201,0.21282074611416435,0.22356395448287453
5003,criminal,39012,4.0,61.0,0.3488933811341525,0.1696878422244047,0.10036389513917283,0.16546139733072396,0.17391428711808543
5004,civil,47163,17.0,84.0,0.5628513423879526,0.31418218589458824,0.16866604695423126,0.3095072372544128,0.31885713453476366
5004,criminal,60037,0.0,65.0,0.2579587314552188,0.16055620980967877,0.10891900098480241,0.15726690465412943,0.16384551496522812
5005,civil,46611,17.0,65.0,0.572671698011411,0.2735111411001306,0.11987666880081205,0.2688843331061294,0.27813794909413175
5005,criminal,75288,3.0,56.0,0.30784580614748225,0.17456529426250314,0.08727125171203005,0.17146787030638988,0.1776627182186164
5006,civil,55136,14.0,68.0,0.5329603316855898,0.24995393584114542,0.1247687290641091,0.24581057363558523,0.2540972980467056
5006,criminal,68546,3.0,68.0,0.39078373529170113,0.22658843081434565,0.12627253114138481,0.22304993397064074,0.23012692765805057
5007,civil,30325,16.0,67.0,0.5573856971084625,0.2634870655544419,0.12189669076490339,0.2578504734298617,0.2691236576790221
5007,criminal,30344,4.0,94.0,0.41240490564808935,0.27679605933347934,0.18738827925330973,0.2712428952568093,0.2823492234101494
5008,civil,20975,11.0,65.0,0.479836704654294,0.21339036542221881,0.11048050019504747,0.20725451065007447,0.21952622019436316
5008,criminal,37996,0.0,46.0,0.21807854291338538,0.1206470603159163,0.07456363014911996,0.11694090010503481,0.12435322052679777
5009,civil,14330,14.0,61.0,0.5256954619405546,0.2394423442624133,0.10027203226523548,0.2313077458618769,0.24757694266294966
5009,criminal,18783,16.0,83.0,0.5399991616635205,0.3341195433481823,0.20903128928384432,0.32635384706452264,0.3418852396318419
5010,civil,26276,12.0,65.0,0.4852827034448036,0.2290408976313359,0.11490756000277334,0.22324870739227637,0.23483308787039542
5010,criminal,57516,2.0,67.0,0.2730499486468796,0.16493945111542044,0.11400712557911684,0.161505753465216,0.16837314876562487
5011,civil,32394,21.0,92.0,0.6146307978504033,0.35366669481883883,0.21330819195293266,0.3473578814278393,0.35997550820983837
5011,criminal,79117,2.0,80.0,0.3230236317003953,0.2240514338799889,0.14614664486226067,0.22061962394710824,0.22748324381286958
6001,civil,78495,12.0,58.0,0.48102578059804924,0.2181663239563288,0.09289050612160153,0.2149991894334488,0.22133345847920877
6001,criminal,163108,14.0,70.0,0.5205506618660057,0.2918151696417243,0.14432004938360984,0.2893933484981207,0.29423699078532795
6002,civil,10241,13.0,59.0,0.5203283820045722,0.21176266453032558,0.0958928984360639,0.20257715999993986,0.2209481690607113
6002,criminal,31002,9.0,55.0,0.4334074372247239,0.18453690296784336,0.08115117783677031,0.17962461428172055,0.18944919165396618
6003,civil,7309,17.0,62.0,0.588341134499398,0.2479610391027688,0.10991046098564966,0.23707968271483415,0.2588423954907034
6003,criminal,40387,8.0,43.0,0.3908457711677438,0.12796939485287856,0.0462266886907241,0.1244977363726549,0.13144105333310221
6004,civil,7446,12.0,51.0,0.48730792358521535,0.1815202137264515,0.06010225754680308,0.1717516351721515,0.1912887922807515
6004,criminal,35927,10.0,48.0,0.45342477814948456,0.16628259546756624,0.059284671731231656,0.16158612396049377,0.17097906697463872
6005,civil,4788,12.0,48.0,0.49359394532735645,0.14317449360973994,0.06623727036702826,0.1315841972316462,0.1547647899878337
6005,criminal,30615,11.0,56.0,0.47215284330025525,0.18454757969941016,0.08224274852077519,0.17933254673149496,0.18976261266732536
6006,civil,14999,14.0,56.0,0.5272379642305695,0.21508468570180483,0.08142324957773035,0.20730849907396992,0.22286087232963975
6006,criminal,66861,5.0,50.0,0.30624277841636965,0.14556810721991548,0.07360372531503816,0.142680319567151,0.14845589487267996
6007,civil,10986,19.0,69.0,0.6125039462685914,0.27053810256958544,0.13299227305068254,0.2609846024719828,0.2800916026671881
6007,criminal,54085,6.0,61.0,0.32531330537418024,0.1821012626798474,0.1017187004563788,0.1785528136658413,0.18564971169385347
6008,civil,9403,18.0,65.0,0.6142396126892496,0.25791497675741526,0.1239659171944986,0.24784248782739865,0.26798746568743187
6008,criminal,26317,17.0,71.0,0.5708238520634629,0.2906280778738666,0.1441990546282416,0.28438441565960376,0.2968717400881294
6009,civil,6110,17.0,66.0,0.5985017900903334,0.2604081712913393,0.12961992449417728,0.24749060196201844,0.2733257406206602
6009,criminal,10513,15.0,58.0,0.5543617632056411,0.22388173329776057,0.08290956766801251,0.2139566177017105,0.23380684889381062
6010,civil,25235,15.0,66.0,0.5609212942741011,0.22557577761307102,0.11645637201623354,0.2195057415533592,0.23164581367278284
6010,criminal,96539,10.0,70.0,0.4617621157908312,0.2409588457064356,0.13514440957437296,0.2379154112947757,0.24400228011809552
6011,civil,7281,13.0,53.0,0.5180389141013478,0.20222064502945256,0.07060533594474924,0.1916055054205685,0.2128357846383366
6011,criminal,44119,6.0,41.0,0.3604477690787548,0.12679279850590985,0.03908298922650528,0.12324368920347667,0.13034190780834304
6012,civil,9107,15.0,74.0,0.5494685872573539,0.24073370482069695,0.13841729991827023,0.23054917620051735,0.25091823344087655
6012,criminal,25018,18.0,64.0,0.6098315735342175,0.27369568338974787,0.11623022064076016,0.2674233990180589,0.27996796776143684
6013,civil,13472,34.0,,0.725831946809364,0.4802237961020256,0.3031933723756568,0.47036108525266623,0.49008650695138495
6013,criminal,44803,16.0,79.0,0.5360158981863622,0.31839287534882954,0.17027367140222563,0.3136087575789901,0.323176993118669
6015,civil,8735,13.0,49.0,0.516741816276307,0.16139123680414127,0.0643881863596872,0.15240891645441487,0.17037355715386768
6015,criminal,29010,6.0,33.0,0.32325524832596936,0.08442406521354688,0.028901284766473564,0.0807427107805726,0.08810541964652116
6016,civil,17968,18.0,64.0,0.6255512472522252,0.28099797616532773,0.11703487430515153,0.2735448058000969,0.2884511465305586
6016,criminal,39003,22.0,76.0,0.5998857995662414,0.39805242197014734,0.2162794141253419,0.39272249983270424,0.40338234410759044
6017,civil,1665,10.0,39.0,0.4456700713979412,0.12104715097429546,0.033530524348954094,0.10257706203806924,0.13951723991052167
6017,criminal,13644,5.0,31.0,0.30912735174553724,0.07181802982164644,0.019239513784081775,0.06679466174391178,0.07684139789938109
6018,civil,9035,19.0,69.0,0.6314068415965852,0.32221741221307737,0.14910344724053215,0.3111946477245532,0.33324017670160155
6018,criminal,30376,10.0,65.0,0.4652271018240558,0.2538658293905252,0.12352951377635017,0.24846303236032274,0.2592686264207277
6019,civil,3198,12.0,55.0,0.49498820402881755,0.19590504282733745,0.08677072212411792,0.17970727529512823,0.21210281035954667
6019,criminal,24126,10.0,57.0,0.4530575122812611,0.19828234163407965,0.08676150691918828,0.19266051255894553,0.20390417070921377
6020,civil,11653,15.0,76.0,0.5536153168517471,0.2404509444307735,0.14835416560939785,0.23183380213795046,0.24906808672359654
6020,criminal,45611,18.0,71.0,0.5666168030930762,0.3061453786713797,0.15406834351308693,0.30158789060396407,0.3107028667387953
6021,civil,9028,16.0,61.0,0.5711838991278648,0.21753263640568757,0.10146043574032798,0.2076684569878639,0.22739681582351123
6021,criminal,25296,13.0,59.0,0.5132515606491486,0.23037604301030265,0.09471400752752912,0.2244047610819211,0.2363473249386842
6022,civil,3571,12.0,46.0,0.4987191344389639,0.15215935433381875,0.05825936234087032,0.13831870797830195,0.16600000068933554
6022,criminal,9220,17.0,60.0,0.5837671136656306,0.24342609462312884,0.09643530464760978,0.23312604737478299,0.2537261418714747
6023,civil,4063,41.0,103.0,0.7953036694099987,0.5370905908279442,0.290018585296017,0.5170022202997703,0.5571789613561181
6023,criminal,11050,66.0,,0.887998739222964,0.7267843424305028,0.5383045121987583,0.7167988025418962,0.7367698823191094
6024,civil,1188,6.0,42.0,0.34025123455720874,0.13669455601297037,0.04706827994148172,0.11098406118141582,0.16240505084452492
6024,criminal,6342,7.0,35.0,0.33400670417634953,0.09584715198856111,0.032179160255236545,0.08768556182657603,0.1040087421505462
6025,civil,868,26.0,,0.7019598838540225,0.39361333912589513,0.32113547130700765,0.3490929494125691,0.4381337288392212
6025,criminal,3422,32.0,93.0,0.7920431726256896,0.41700195042890886,0.2152010242522407,0.39414070986085087,0.43986319099696686
6026,civil,419,73.0,,0.7256363530428758,0.6002203377974313,0.5038546993095195,0.5463046686324592,0.6541360069624035
6026,criminal,7015,72.0,,0.6441164995652786,0.5899147417524108,0.5292182011844014,0.5767218935866222,0.6031075899181993
6027,civil,548,13.0,67.0,0.5345399242421357,0.19497579238948243,0.19497579238948243,0.0011435815704359809,0.3888080032085289
6027,criminal,2124,34.0,86.0,0.7567641412135269,0.44982154707902017,0.1686830801546326,0.2635492533091505,0.6360938408488899
6028,criminal,889,52.0,,0.7019298426154328,0.5908667163521604,0.476123547959182,0.5331805790871784,0.6485528536171423
7001,civil,12260,19.0,84.0,0.6142717788708455,0.2982421919887411,0.18150415459130118,0.28938301503072594,0.3071013689467562
7001,criminal,40951,3.0,84.0,0.38627553542456833,0.26774365612159134,0.18887304708015468,0.26305154604931374,0.27243576619386894
7002,civil,4599,28.0,97.0,0.6953499957823731,0.419027861104565,0.2740748741428019,0.4029071085910265,0.43514861361810353
7002,criminal,27767,13.0,89.0,0.5047073153118595,0.3964908631238206,0.29895620844458665,0.3903304611114922,0.40265126513614896
7003,civil,6284,30.0,92.0,0.7149760972028751,0.44985646566753784,0.30351819985863376,0.43686542785021765,0.46284750348485804
7003,criminal,34616,12.0,82.0,0.498974885178472,0.33252340965216365,0.2038989285887559,0.32709505563098557,0.33795176367334173
7004,civil,4647,26.0,81.0,0.722885935230263,0.36930118196239015,0.2040849442762468,0.35434438347268377,0.3842579804520965
7004,criminal,21148,7.0,68.0,0.42307004025510214,0.24727856633849882,0.14024837816717323,0.24085394185676323,0.2537031908202344
7005,civil,7106,2.0,73.0,0.3554747648336731,0.20797404977718803,0.12832496965767035,0.19761508600262337,0.2183330135517527
7005,criminal,18350,29.0,86.0,0.6692131267420915,0.43419609803752124,0.2635538425301532,0.4263466806630833,0.4420455154119592
7006,civil,3831,25.0,,0.6879414544427048,0.3902581726202485,0.2500852873930421,0.37235346550349147,0.4081628797370055
7006,criminal,29537,12.0,,0.49957700192651666,0.4021348507212393,0.3172651432181761,0.3961499071184929,0.40811979432398565
7007,civil,28659,23.0,101.0,0.6101030474482682,0.38861366805148145,0.25114054623620047,0.38241719233889604,0.39481014376406687
7007,criminal,53403,2.0,92.0,0.36555920859387925,0.2862994645253006,0.21231057888689003,0.28231704409190816,0.290281884958693
7008,civil,13302,12.0,57.0,0.49469992179880595,0.22764654685760327,0.08148319362993932,0.219234356393139,0.23605873732206753
7008,criminal,4920,8.0,62.0,0.4375868833468103,0.23243475343701533,0.10799699700760995,0.21926405481205546,0.2456054520619752
7009,civil,30275,24.0,86.0,0.6807986261289795,0.3670188995897615,0.20107418333134944,0.3609084277995871,0.37312937137993596
7009,criminal,112969,4.0,83.0,0.4291620950481498,0.29308990569201504,0.1891520168916092,0.2902375894324377,0.29594222195159237
7010,civil,14119,30.0,,0.6797682214029173,0.4449261411052445,0.3001413912083111,0.4358638845261229,0.45398839768436605
7010,criminal,53424,15.0,,0.5142451298557343,0.4107509669786036,0.3024871393987277,0.406307799599735,0.41519413435747216
7011,civil,28425,32.0,86.0,0.7561432965477405,0.452268270554374,0.2310843163081434,0.4461612693851896,0.45837527172355846
7011,criminal,73748,7.0,95.0,0.45656367927258507,0.3514358809579245,0.266912069370919,0.3476826466454369,0.3551891152704121
7012,civil,3041,19.0,80.0,0.6315241727771178,0.31551902323504594,0.1847572508371236,0.29688762740628977,0.3341504190638021
7012,criminal,25087,6.0,72.0,0.39798985312177726,0.2327998474568313,0.15674408420912408,0.2270392329568792,0.2385604619567834
7013,civil,5346,40.0,88.0,0.7655965327344085,0.5290548859983206,0.34304151680553313,0.5142631899258491,0.5438465820707922
7013,criminal,30269,3.0,76.0,0.3996258285272803,0.2875450790623139,0.18531936564347495,0.28187921577571917,0.29321094234890865
7014,civil,3432,21.0,63.0,0.6662564160251583,0.27457702469156875,0.10754187800384948,0.2574563271118166,0.2916977222713209
7014,criminal,17089,13.0,90.0,0.501559790177164,0.35908277183515347,0.24292899368435586,0.35134533472855345,0.3668202089417535
7015,civil,4329,2.0,84.0,0.4003317851434165,0.2763918618675557,0.19528703323085594,0.2619851234541099,0.2907986002810015
7015,criminal,27340,20.0,92.0,0.5547804258893333,0.3762647336671517,0.25366978968263726,0.36967454270072747,0.3828549246335759
7016,civil,9269,26.0,84.0,0.6935534006981944,0.3918521396510602,0.200216788766115,0.3805867838751009,0.40311749542701947
7016,criminal,34751,21.0,81.0,0.5625849792957254,0.39819113174788356,0.22871549600344057,0.3924211853083211,0.40396107818744603
7017,civil,8088,41.0,,0.8037430732313094,0.5375146196672376,0.3848943495637674,0.5253581331493137,0.5496711061851615
7017,criminal,52002,15.0,91.0,0.5229517166242484,0.3686176869670921,0.24499431112849251,0.3640390863644988,0.37319628756968537
7018,civil,1560,12.0,43.0,0.4787700530670756,0.12868042339789448,0.037019481278367884,0.10985393795754682,0.14750690883824213
7018,criminal,9995,7.0,45.0,0.40969204407854437,0.15668108630517533,0.04470893054960748,0.14860090180591912,0.16476127080443154
7019,civil,3102,38.0,97.0,0.7997306934241438,0.5135879911674783,0.35944233924487345,0.4938390862885845,0.5333368960463722
7019,criminal,20009,6.0,76.0,0.45070459421983483,0.30962461754578374,0.18399116821172376,0.30263173943919613,0.31661749565237135
7020,civil,6250,46.0,,0.7022280277793269,0.5602976464330802,0.4380841630794367,0.5466840113560678,0.5739112815100926
7020,criminal,44583,10.0,100.0,0.4826742214058438,0.3662908709548526,0.279893219012975,0.3614946792667279,0.37108706264297725
7021,civil,4022,8.0,41.0,0.39460531791028586,0.11894623588838497,0.04845128851402032,0.10796682430424785,0.12992564747252208
7021,criminal,19484,6.0,64.0,0.4070744017129368,0.22138219051944194,0.11762964038401952,0.21480915565857733,0.22795522538030655
7022,civil,50149,8.0,83.0,0.45925122381092415,0.30914054911815153,0.19443164928433287,0.30467792303760094,0.3136031751987021
7022,criminal,74098,42.0,99.0,0.6850677588315577,0.5305519128004534,0.3643350015888405,0.5265531885527115,0.5345506370481954
7023,civil,1307,69.0,,0.8162229472109268,0.6455981773862143,0.5837683481905852,0.6143336782155737,0.6768626765568548
7023,criminal,6599,1.0,97.0,0.41587507442593996,0.3549789006025293,0.28313458998921864,0.34295206718559473,0.36700573401946385
7024,civil,1493,54.0,95.0,0.8699855577060325,0.6937967190226325,0.40319206209985686,0.6671056000665794,0.7204878379786857
7024,criminal,2011,1.0,87.0,0.40447360173679914,0.3473986445134961,0.2582471278568954,0.325797264073489,0.3690000249535032
8001,civil,50049,63.0,,0.8570955819307344,0.6725454011173495,0.5141694480930279,0.6679133315409407,0.6771774706937583
8001,criminal,285001,63.0,,0.5927565990830332,0.5392763137745518,0.5032950036796526,0.5373356244623108,0.5412170030867928
8002,civil,32317,15.0,,0.5213231486564659,0.3796813722661455,0.2821114345227444,0.3740242356335283,0.3853385088987627
8002,criminal,40492,49.0,,0.8075213283045338,0.5850802023126889,0.43218784880149486,0.579569264667397,0.5905911399579807
8003,civil,43819,4.0,,0.4293854269428078,0.33135283850151653,0.25486490786986377,0.3266763612148318,0.3360293157882013
8003,criminal,92863,73.0,,0.8602758660311642,0.7334709357547536,0.5967468783371387,0.7303159961107617,0.7366258753987456
8004,civil,56635,2.0,,0.36566236299684635,0.26250077143462985,0.19630095765664474,0.2586460488427147,0.266355494026545
8004,criminal,44561,30.0,99.0,0.6770140225898297,0.43819798366169266,0.26612442731603764,0.4329036679351576,0.4434922993882277
8005,civil,22141,36.0,,0.7401153007185455,0.49719936553400673,0.38649354222474036,0.4895404434227477,0.5048582876452657
8005,criminal,86757,41.0,,0.6298801390193067,0.5223322635368696,0.4103798442031983,0.5187862926112957,0.5258782344624434
8006,civil,18826,21.0,,0.5733103884834764,0.3833133573787167,0.2656980714055891,0.37578209975590965,0.39084461500152373
8006,criminal,95837,36.0,,0.6555036261630526,0.4956912690949407,0.3654904935603664,0.4922545795758345,0.4991279586140469
8007,civil,37056,59.0,,0.6711623473085265,0.5637654308685123,0.49785183000236577,0.5583753149306931,0.5691555468063314
8007,criminal,12995,68.0,,0.839793551432446,0.6850217528901879,0.5406443952034229,0.6752385386418955,0.6948049671384802
8009,civil,12029,31.0,,0.7594283801414285,0.4453101506866057,0.27471057809779215,0.4353822953036375,0.4552380060695739
8009,criminal,82355,41.0,,0.7050152906601959,0.5289632652997133,0.3802723268150389,0.525348743190885,0.5325777874085416
8010,civil,19935,48.0,,0.8423751524248001,0.6113208436715265,0.40969708751899064,0.6037687173298779,0.6188729700131751
8010,criminal,108254,57.0,,0.6441061740676672,0.571123961097581,0.4918123591919899,0.5678956958513393,0.5743522263438228
8011,civil,8790,39.0,,0.7603710850122221,0.5140991635081529,0.38507457871155587,0.5023677386559754,0.5258305883603304
8011,criminal,49420,43.0,,0.6462958395813239,0.524603008978529,0.43962911979878344,0.519797226072169,0.5294087918848889
8012,civil,9987,41.0,107.0,0.7352068201633605,0.5272792781821701,0.3635217436742464,0.5163206609505891,0.5382378954137511
8012,criminal,42959,57.0,,0.6892685503052367,0.5937508298710421,0.4859931787058289,0.5887067229007626,0.5987949368413216
8013,civil,28687,33.0,,0.6695870405132318,0.4754768235592474,0.33305544552619387,0.46915062433950994,0.4818030227789849
8013,criminal,85025,70.0,,0.8184490454067713,0.6414175812706292,0.5395828612308322,0.6377828614698496,0.6450523010714088
8014,civil,5648,50.0,,0.8417930458874628,0.6242094247206474,0.4359769149132186,0.6094167335527679,0.639002115888527
8014,criminal,41194,44.0,,0.6442391637983309,0.5266627823973428,0.4445234606767989,0.5214700411832658,0.5318555236114197
8015,civil,6414,71.0,,0.8658728776444357,0.6383569355614909,0.5344111797759821,0.6246256682477277,0.652088202875254
8015,criminal,46754,88.0,,0.7881720732340977,0.6814698629985999,0.6010027149189092,0.6768486952061207,0.6860910307910791
8016,civil,7218,40.0,100.0,0.8209480779441936,0.5336272419166824,0.30003097009504126,0.520743623102593,0.5465108607307718
8016,criminal,37013,16.0,92.0,0.5216382386599425,0.3778184145341307,0.23879629582689482,0.3725515880997533,0.38308524096850805
8017,civil,23761,32.0,,0.6370386469554564,0.4751794944432047,0.35272316405742027,0.468294165897339,0.48206482298907033
8017,criminal,98690,44.0,,0.6726627907456134,0.5406536744815669,0.4230113949799332,0.5373009678645508,0.5440063810985829
8018,civil,12789,43.0,,0.8863049471037738,0.5924688703998281,0.3745078292871151,0.5828554960511263,0.6020822447485299
8018,criminal,94596,44.0,,0.7401165096852558,0.5473321620397636,0.4119758108184745,0.5438579611314125,0.5508063629481148
8019,civil,3242,89.0,,0.8887400826546236,0.7319835840109261,0.6184093736729291,0.7147081844866754,0.7492589835351768
8019,criminal,32444,68.0,,0.6883932217551336,0.5988917002423101,0.5228041443358681,0.5931729814145774,0.6046104190700428
8020,civil,2123,36.0,,0.7466446204010534,0.49799742141154324,0.32380546769004126,0.4729209000216514,0.5230739428014352
8020,criminal,20845,46.0,,0.7127540592116967,0.5551981314409621,0.41360514216212474,0.5472494745593812,0.563146788322543
8021,civil,7800,62.0,,0.8789306050158397,0.6571801968790153,0.5124333064104091,0.6445232122579981,0.6698371815000325
8021,criminal,51244,97.0,,0.7247461587390652,0.6398994546803214,0.5776150321151503,0.6354959175069795,0.6443029918536632
8022,civil,5833,98.0,,0.9244547793918723,0.7829712953559185,0.6606703431536595,0.7707938344987484,0.7951487562130886
8022,criminal,40487,90.0,,0.8153204572832674,0.7104619836072875,0.6154672255441147,0.705712568799096,0.715211398415479
8023,civil,19942,55.0,,0.8416152302915063,0.627965187301552,0.46761383876748386,0.6204278677015274,0.6355025069015767
8023,criminal,94175,32.0,,0.6025454241147121,0.48271889386583144,0.3926682827147499,0.47926996190493626,0.48616782582672663
8024,civil,9733,41.0,,0.7851157802197014,0.528536540285563,0.3730885175047652,0.5170456926965845,0.5400273878745414
8024,criminal,70421,44.0,,0.6963081960184055,0.5374735853592567,0.4322003976335557,0.5334098941416916,0.5415372765768218
8025,civil,2801,30.0,,0.7448081074365885,0.4548471875555968,0.33630413555746197,0.4330443313898288,0.47665004372136477
8025,criminal,29196,30.0,,0.6397073838182875,0.46954452183115597,0.3660633599065894,0.46315330115750186,0.4759357425048101
8026,civil,13413,70.0,,0.9060128576042238,0.7329320388951234,0.5538084854992429,0.7243081067530036,0.7415559710372431
8026,criminal,55853,47.0,,0.6863926037345043,0.5457457126621038,0.4409696278109176,0.5411471916638966,0.550344233660311
8027,civil,6769,30.0,79.0,0.8106292885020402,0.42317310478296566,0.19256509282145184,0.40995835914524265,0.43638785042068867
8027,criminal,37983,13.0,83.0,0.5032689842535258,0.31192773118991446,0.17796923481075871,0.30622721641856915,0.31762824596125977
8028,civil,20615,35.0,,0.711574143277307,0.489835274481439,0.3648225699967545,0.4818722781993712,0.4977982707635068
8028,criminal,103877,92.0,,0.6694788960837023,0.5974439764998344,0.550797570557411,0.594216527322156,0.6006714256775127
8029,civil,22756,67.0,,0.859098876621734,0.6907612853899264,0.5378018336442424,0.6840305763146732,0.6974919944651796
8029,criminal,85514,94.0,,0.7516361966702081,0.6820388707256688,0.6157974579895557,0.6786569150681664,0.6854208263831713
8030,civil,7822,,,0.9427943993062999,0.7878638567818081,0.7299989924260464,0.777162654529623,0.7985650590339933
8030,criminal,69289,,,0.8734226138989001,0.8128651963686319,0.7542996350762959,0.8097266369577307,0.816003755779533
8031,civil,10639,52.0,,0.8626203478116787,0.6169889130179237,0.4353992862492053,0.6064764911694329,0.6275013348664145
8031,criminal,72592,61.0,,0.6380032835615432,0.5727178535309398,0.500110843559922,0.5688494577658648,0.5765862492960149
8033,civil,12881,,,0.9910311676467154,0.9745887245437159,0.9471728893763662,0.9713827997249215,0.9777946493625104
8033,criminal,45944,,,0.9238243342577165,0.9166512589263136,0.9074785830341231,0.9140366289437266,0.9192658889089006
8034,civil,29701,,,0.9603655997277856,0.8779444248070094,0.7695728995824281,0.8734349684627077,0.8824538811513111
8034,criminal,44666,,,0.8969438158794591,0.8634945673362219,0.826795890050046,0.8600262372653666,0.8669628974070771
8035,civil,16486,,,0.9950468187743495,0.9839930300336015,0.9631819243916707,0.9817022489046286,0.9862838111625744
8035,criminal,59840,,,0.8677742825411013,0.8581180122866757,0.8474647561752067,0.8552490376026575,0.860986986970694
8036,civil,3862,,,0.983075742489774,0.9364840898892264,0.900337118240871,0.9266254377169947,0.9463427420614581
8036,criminal,27865,,,0.912415356690723,0.8981282075491794,0.8839200241412613,0.894393290328432,0.9018631247699269
8037,civil,842,,,0.9701501514774401,0.936675513591165,0.9158361255429313,0.9176061518166134,0.9557448753657165
8037,criminal,5695,,,0.961610230620071,0.9301887999292494,0.8875313333734727,0.9221961638122421,0.9381814360462567
8038,civil,14068,,,0.9860943882314289,0.9506896033019016,0.9134194448588707,0.946283752667499,0.9550954539363041
8038,criminal,86362,,,0.9506670759852204,0.9314395550408175,0.9112029974461588,0.9296050367782174,0.9332740733034177
8039,civil,12633,,,0.9890910954073637,0.960555441976638,0.9344649354065248,0.9563578715711144,0.9647530123821616
8039,criminal,31607,,,0.9417194993873225,0.9283627947430253,0.9140746769678206,0.9254188656626415,0.9313067238234091
9001,civil,24327,22.0,72.0,0.6712450553073243,0.31236322353400736,0.15130893779579518,0.30598913138485195,0.31873731568316277
9001,criminal,66720,7.0,77.0,0.43897706065460446,0.26213790828373085,0.15885236800085883,0.25845358130812535,0.26582223525933635
9002,civil,84494,33.0,,0.7486286766829053,0.47016273442980894,0.30250011182081843,0.46655913047457515,0.47376633838504273
9002,criminal,148395,29.0,,0.6577194222773525,0.44412921521242255,0.30126923253254595,0.44137344229335945,0.44688498813148564
9003,civil,21565,27.0,82.0,0.7112528581976278,0.3990349438167292,0.19354726112108764,0.39192322702730953,0.4061466606061489
9003,criminal,68836,5.0,93.0,0.44725641455747406,0.3111737123287515,0.2190221558880971,0.30751118148878387,0.31483624316871917
9004,civil,182587,22.0,101.0,0.5919902388217011,0.3729862867324179,0.23467030627635233,0.37062491608209636,0.37534765738273945
9004,criminal,420973,25.0,,0.6004453383437273,0.4160855896822428,0.28573806212918573,0.41449555108968533,0.41767562827480026
9005,civil,24316,34.0,80.0,0.7605057172896933,0.46317827056192895,0.22591088053750008,0.45636520545132414,0.46999133567253376
9005,criminal,61415,13.0,91.0,0.5044621327769918,0.34506057104895504,0.22077390891726686,0.3410169965329017,0.3491041455650084
9006,civil,35233,38.0,,0.7535768148220287,0.5140127190179495,0.34145137214520527,0.5084293032021047,0.5195961348337944
9006,criminal,105926,1.0,104.0,0.397947911983276,0.26282619864747386,0.175644907061155,0.25999775991515345,0.2656546373797943
9007,civil,38947,25.0,88.0,0.674578078254395,0.3734623665089938,0.21046709863189575,0.36823631915297816,0.3786884138650094
9007,criminal,154369,13.0,91.0,0.503158481302567,0.3083234483547207,0.1868023179392332,0.3057901989636608,0.3108566977457806
9008,civil,29547,33.0,,0.7486893249138045,0.46702470791644823,0.2859870210897421,0.4608431271202743,0.47320628871262216
9008,criminal,97125,11.0,79.0,0.48130007986987317,0.2909320842615316,0.16934120749772438,0.2878220067258023,0.2940421617972609
9009,civil,47530,24.0,94.0,0.7011904745187274,0.3660919655122135,0.2064645080420368,0.3614179517505705,0.3707659792738565
9009,criminal,133659,29.0,,0.6331695081020754,0.4456899085335123,0.3003652666107053,0.44276737072409905,0.4486124463429256
9010,civil,24241,27.0,83.0,0.6833372167562888,0.4014728460689109,0.2267078205454052,0.39483406955691425,0.4081116225809076
9010,criminal,84298,5.0,75.0,0.4120895357780218,0.2441851326837894,0.14534421789749938,0.24098719069654226,0.24738307467103657
9011,civil,32288,24.0,76.0,0.64317331831322,0.3684112864151401,0.18338185741730578,0.362730268880705,0.3740923039495752
9011,criminal,97707,10.0,89.0,0.4788577912049042,0.31485720617444857,0.20116864381471455,0.3116961960327944,0.3180182163161027
9012,civil,19478,23.0,90.0,0.6475913634641948,0.3493474158823988,0.1995347955257434,0.3421780381201287,0.35651679364466893
9012,criminal,69319,12.0,102.0,0.4928087313889439,0.32022439722894935,0.21354949543737403,0.316394700324112,0.3240540941337867
9013,civil,38855,28.0,87.0,0.7011315294750065,0.4173592238002965,0.2195081787195737,0.4121030608530667,0.4226153867475263
9013,criminal,78351,19.0,84.0,0.5728837772105256,0.35587624715895383,0.20705515813740571,0.35218630475501206,0.3595661895628956
9014,civil,73055,28.0,,0.7084696541728845,0.40796800678000583,0.2570161923465111,0.40410377183773005,0.4118322417222816
9014,criminal,217946,4.0,73.0,0.4201579653307254,0.25128055878745953,0.13936884869639735,0.24929931204583494,0.2532618055290841
9018,civil,24849,28.0,85.0,0.716736913869918,0.4128107648670245,0.22808905296739287,0.40628894960871736,0.41933258012533164
9018,criminal,79688,13.0,83.0,0.5008596334399479,0.31231247100017784,0.19785979161122122,0.3088545882377234,0.3157703537626323
9019,civil,30842,32.0,,0.7553005658087669,0.44928699527888166,0.2744249064161018,0.4432202224479108,0.4553537681098525
9019,criminal,111736,10.0,,0.4829528738347739,0.33552839169467424,0.2323488283018352,0.33252475274692556,0.33853203064242293
9020,civil,50228,32.0,,0.7197695324547976,0.4595654893364583,0.29332764142800527,0.45488917607615764,0.46424180259675896
9020,criminal,181252,9.0,106.0,0.4709836722213778,0.3188313915515086,0.21424312122346736,0.3165155626839523,0.32114722041906485
9021,civil,11495,30.0,80.0,0.7565943046773472,0.41307664111594783,0.2113427850943554,0.40346211510503865,0.422691167126857
9021,criminal,39293,20.0,,0.5581864439683724,0.3928901173095396,0.2671669416917961,0.3877184146235273,0.3980618199955519
9022,civil,13590,31.0,83.0,0.7295353926891108,0.4374639036821601,0.23648693619043357,0.4282712278506076,0.44665657951371257
9022,criminal,65969,15.0,97.0,0.5184058562311106,0.3558492393357018,0.24315388235328456,0.3519243064861406,0.359774172185263
9023,civil,6678,22.0,68.0,0.7016838954309196,0.31891893833696877,0.1401906195433832,0.30689222984953446,0.3309456468244031
9023,criminal,43277,7.0,63.0,0.428387526736223,0.2264373217805924,0.11082954200103141,0.2220932689958021,0.2307813745653827
9024,civil,8641,19.0,51.0,0.663146607500912,0.2155894396873255,0.0558007449982815,0.20601888546494476,0.22515999390970623
9024,criminal,36705,6.0,60.0,0.41973648652030005,0.20856745121207096,0.09766243858443768,0.2039490704532447,0.21318583197089722
9025,civil,14068,27.0,84.0,0.6612540824721774,0.4022787571197403,0.22242747495514814,0.39358070519401417,0.41097680904546646
9025,criminal,39481,11.0,78.0,0.48544808639946846,0.2893200409591694,0.1603463639063551,0.28439275682885834,0.2942473250894805
9026,civil,15427,32.0,85.0,0.7673231370848743,0.44518840944744265,0.24180246189434365,0.4366840587221443,0.453692760172741
9026,criminal,47928,12.0,97.0,0.4993095787037259,0.3276316309564249,0.2158288653838885,0.32311239525686625,0.33215086665598353
9027,civil,14641,29.0,84.0,0.7516139726892336,0.42251398044404836,0.2316914992019675,0.4140144977063543,0.43101346318174244
9027,criminal,48607,16.0,,0.5249016212335875,0.3802405155802957,0.27130270218234565,0.375654032405209,0.3848269987553824
9028,civil,38376,42.0,,0.784089852062918,0.5467308006247438,0.36053221165205057,0.5413026730211966,0.5521589282282909
9028,criminal,80999,28.0,,0.6420292540004736,0.45264956737082773,0.3387832638839599,0.4490926471236938,0.4562064876179617
9029,civil,16383,26.0,,0.6793568147911985,0.3954551577738279,0.23458775723009428,0.38739720836952923,0.40351310717812655
9029,criminal,49434,20.0,,0.5601768887834842,0.3917501241691412,0.27590759801327946,0.3870831387220341,0.39641710961624826
9030,civil,26615,32.0,94.0,0.7621409675486907,0.4470364199315404,0.2665253509892927,0.4405224376602698,0.453550402202811
9030,criminal,84618,23.0,108.0,0.607308162434165,0.39378673003462294,0.25054079543933333,0.3901685465950746,0.3974049134741713
9031,civil,35499,38.0,97.0,0.7882791853766922,0.5131606338716231,0.29089481531473005,0.5075460886036073,0.518775179139639
9031,criminal,100181,23.0,100.0,0.5889533462700547,0.4015712064096341,0.2697382674079037,0.3982441179437916,0.4048982948754766
9032,civil,7705,25.0,80.0,0.7157863974906583,0.38740827303797637,0.2853321083403108,0.3755335213777854,0.39928302469816734
9032,criminal,33006,1.0,87.0,0.36943527637785795,0.2486796969505681,0.17036922380441927,0.24358898787037456,0.2537704060307616
9033,civil,24507,26.0,,0.6788253203124288,0.41618034302431783,0.271805082705381,0.40962953454566,0.4227311515029757
9033,criminal,57177,14.0,,0.5163018362131372,0.33151567927009884,0.22695401664372447,0.3272907152795738,0.33574064326062386
9034,civil,8594,29.0,,0.7332120275368461,0.4298444452863294,0.23650450949055926,0.4183026721458555,0.44138621842680337
9034,criminal,28930,28.0,,0.6151420024706171,0.44844429109946243,0.3216876199716965,0.4422311649601762,0.45465741723874864
9035,civil,49270,36.0,,0.7503738024805009,0.49149729920187246,0.3111605885377692,0.4867555904390231,0.4962390079647218
9035,criminal,96230,14.0,109.0,0.5143493753888448,0.35737054783068717,0.23986988546661286,0.3541047616544389,0.36063633400693546
9036,civil,19125,30.0,85.0,0.7437079465691809,0.4344587699653643,0.2287017302182711,0.4267551609193331,0.44216237901139555
9036,criminal,58814,6.0,70.0,0.4273977425604095,0.25732371092187123,0.14408103522936028,0.2534694042414842,0.2611780176022583
9038,civil,40526,27.0,87.0,0.7056140997431587,0.39678522286498585,0.21552918570127122,0.39176423890692014,0.40180620682305157
9038,criminal,59614,24.0,91.0,0.6057552540645893,0.39459312551504794,0.2313761009480602,0.3904440769490959,0.398742174081
9039,civil,11986,42.0,,0.8309565230841901,0.5573841681186033,0.3289835274682506,0.5474876990273649,0.5672806372098416
9039,criminal,42562,17.0,,0.5184548686824995,0.4276019169975667,0.3439433119672641,0.4226623380548001,0.43254149594033336
9040,civil,75388,10.0,59.0,0.46536139742631927,0.2166827485586933,0.09289276384363289,0.21369688275847654,0.21966861435891005
9040,criminal,152510,4.0,54.0,0.39705064352647484,0.19311615612575048,0.07828880299688931,0.19109954044142344,0.19513277181007752
10001,civil,25061,30.0,88.0,0.7756962897059483,0.4241128463942994,0.23740993159279564,0.41693172640535614,0.4312939663832427
10001,criminal,17128,15.0,82.0,0.5281264314635727,0.32294206744786175,0.2014867974272915,0.31526841913152026,0.33061571576420323
10002,civil,30206,29.0,81.0,0.738697810717389,0.41181760958599367,0.2121248543216271,0.4056140340736005,0.4180211850983868
10002,criminal,20241,16.0,84.0,0.5295121633648335,0.36859367634703544,0.22516842855979757,0.3613663983338996,0.37582095436017127
10003,civil,84336,24.0,73.0,0.7063540025647215,0.3600516477325806,0.17890265019628895,0.3564045717513602,0.36369872371380096
10003,criminal,148248,1.0,67.0,0.34430418935510393,0.20327352684828992,0.12512697109231818,0.2010595771259117,0.20548747657066815
10004,civil,32693,19.0,67.0,0.6397670725484392,0.28878091759897845,0.13026164918120423,0.283294033660453,0.29426780153750387
10004,criminal,76736,0.0,48.0,0.2249889005208704,0.1299481927592156,0.07295568446526637,0.12738472818811866,0.13251165733031253
10005,civil,49002,22.0,73.0,0.6815070526297234,0.3420456256616846,0.17794359217944514,0.33734354785252985,0.3467477034708394
10005,criminal,38883,1.0,63.0,0.3403020335167845,0.2232915641863099,0.1169979383193695,0.21869474719757187,0.22788838117504795
10006,civil,21898,26.0,74.0,0.6862299982318892,0.39670770778578146,0.1832007900119408,0.3889231132364893,0.4044923023350736
10006,criminal,26504,4.0,61.0,0.40325814766389245,0.2180312255734251,0.1032991215418273,0.21240485039261792,0.2236576007542323
10007,civil,38884,26.0,79.0,0.7148673723525341,0.37561697993682097,0.18761019976529958,0.3703125620989871,0.38092139777465484
10007,criminal,54719,12.0,88.0,0.49942522971102327,0.3330444815615553,0.22371363755215387,0.32868403052241474,0.3374049326006959
10008,civil,82400,28.0,87.0,0.7343887839494874,0.3945109404965732,0.22923948640030223,0.39081356508508674,0.39820831590805966
10008,criminal,74135,1.0,67.0,0.2913048717069923,0.17057464349908288,0.11206404293651227,0.16754322644399358,0.1736060605541722
10009,civil,37074,19.0,70.0,0.641143349447894,0.2995474402159124,0.1511623547133036,0.29427130330478535,0.30482357712703945
10009,criminal,64780,3.0,78.0,0.4071375581335789,0.28215406417950345,0.19287452133740915,0.2783818191728668,0.2859263091861401
10010,civil,88242,26.0,77.0,0.7093883563862728,0.37484709311935405,0.18171880400665016,0.37126891646554094,0.37842526977316715
10010,criminal,38193,18.0,83.0,0.5676828385978743,0.3395127807427621,0.19130936726902462,0.33419924441367604,0.34482631707184813
10011,civil,87140,21.0,76.0,0.6519304507853156,0.3288989759156474,0.15964802176576479,0.32541239919514314,0.3323855526361516
10011,criminal,85863,0.0,52.0,0.26233039728404334,0.13907494467749906,0.08458036222813516,0.13657256800827677,0.14157732134672135
10012,civil,94734,27.0,86.0,0.7498895894151046,0.3731268849363908,0.20451106403895608,0.36973521455773745,0.37651855531504413
10012,criminal,56211,12.0,70.0,0.4992371164248524,0.2545773339083366,0.14194212953859414,0.2505296650210303,0.2586250027956429
10013,civil,248962,20.0,67.0,0.6588077268861229,0.29020536204635006,0.12599475654978085,0.2882269739166124,0.2921837501760877
10013,criminal,149876,12.0,109.0,0.4972363120096411,0.37788485605635574,0.2900013879402822,0.3750287456635122,0.3807409664491993
10014,civil,38302,25.0,86.0,0.698576107518791,0.3799946937115354,0.21612862474833475,0.37455923384147904,0.3854301535815917
10014,criminal,73853,1.0,69.0,0.3142588016125783,0.21904310505388574,0.14195506593992915,0.21586072934165518,0.2222254807661163
10015,civil,83544,24.0,77.0,0.6824530266430684,0.37246163385918646,0.18759750049276452,0.3688150948750604,0.3761081728433125
10015,criminal,89964,2.0,81.0,0.386753020330194,0.26297587841974496,0.17342494627478375,0.2598148368341743,0.26613692000531564
10016,civil,10624,17.0,73.0,0.5858725042567342,0.24804508602369862,0.13232059163229004,0.23892762901310208,0.2571625430342952
10016,criminal,20033,4.0,60.0,0.4040984388346243,0.2322116521631446,0.09501321395973125,0.2257581539580638,0.2386651503682254
10017,civil,56586,16.0,72.0,0.5661076504649921,0.26741860375994647,0.13757690030477673,0.2633455376262703,0.27149166989362267
10017,criminal,60675,5.0,78.0,0.43627325898502284,0.29124347204548406,0.18121728686030142,0.28737158760579734,0.2951153564851708
10018,civil,104755,25.0,76.0,0.7064931425097419,0.3828990661256112,0.17654122180847578,0.3795815655449252,0.38621656670629717
10018,criminal,83395,19.0,75.0,0.5796955134649212,0.3518080589864282,0.18313948514119388,0.34814294222788805,0.35547317574496834
10019,civil,32222,20.0,85.0,0.6425759868661035,0.3248971950510455,0.19604530734011852,0.31892647627971976,0.3308679138223712
10019,criminal,18234,18.0,71.0,0.570367690249154,0.34173940214312365,0.17627629649799123,0.3336705331814085,0.3498082711048388
10020,civil,84860,27.0,71.0,0.7472819349833718,0.3768583884325447,0.16738187429476148,0.3731546162102885,0.3805621606548009
10020,criminal,43967,19.0,82.0,0.5671723964822841,0.3697927102181744,0.22257704461476907,0.36467028481999963,0.37491513561634915
10021,civil,15853,25.0,74.0,0.7126551860914101,0.3574284453479744,0.1622091063216303,0.34876864931262713,0.3660882413833217
10021,criminal,32441,0.0,66.0,0.3294669919873631,0.19626549674328667,0.11786812812457793,0.1913688343797647,0.20116215910680862
10022,civil,50872,33.0,82.0,0.7830703586165244,0.46693751996284544,0.24831305319629735,0.4619582024005057,0.47191683752518515
10022,criminal,33079,13.0,81.0,0.5015085232672138,0.3553852113832802,0.23399437492682082,0.3497134400083679,0.36105698275819254
10023,civil,21433,22.0,89.0,0.6548263797040822,0.330756375031696,0.20356866215093067,0.3237142908180808,0.33779845924531127
10023,criminal,11411,0.0,80.0,0.29696940164016206,0.20161729979278836,0.145109433144975,0.1938139667547158,0.20942063283086093
10024,civil,68363,17.0,63.0,0.5924157497040228,0.2595266421547628,0.11440920589442803,0.25574809401481025,0.26330519029471533
10024,criminal,38826,22.0,79.0,0.5859113246434369,0.4037875007738357,0.21730331573894854,0.39840702129058325,0.4091679802570881
10025,civil,21431,16.0,60.0,0.5860969781269235,0.22172336325422934,0.09724370184222526,0.21537683175220515,0.22806989475625353
10025,criminal,36900,1.0,53.0,0.29959788668261694,0.14928891623009843,0.0802211714740958,0.1453273362426353,0.15325049621756157
10026,civil,37281,24.0,90.0,0.662145901721145,0.35323268484011194,0.2075070240567952,0.3476340672494677,0.35883130243075617
10026,criminal,40926,1.0,68.0,0.3363685184666936,0.22066130909193626,0.13280221192401315,0.21628263771653058,0.22503998046734194
10027,civil,50765,28.0,82.0,0.7354229322469241,0.4126655706687016,0.2224237642238188,0.4078532436580283,0.4174778976793749
10027,criminal,55709,2.0,94.0,0.41416310830585995,0.3101467597038135,0.22087322453060687,0.30604869160383397,0.31424482780379304
10028,civil,51849,15.0,63.0,0.5465527762940164,0.2633482791154344,0.11326203440250213,0.259097108016058,0.2675994502148108
10028,criminal,29675,37.0,,0.7011066167600866,0.5013960906242235,0.34669382111412556,0.4951745410092391,0.507617640239208
10029,civil,25331,25.0,78.0,0.7001077308871411,0.35190884246384346,0.17755422406349441,0.34526150954849705,0.3585561753791899
10029,criminal,39730,3.0,98.0,0.41843542429662883,0.2922881176245696,0.20719708498613684,0.2873990537117806,0.29717718153735856
10030,civil,19570,28.0,81.0,0.7223637580562193,0.4082528717584901,0.22993064000238048,0.4004971461766765,0.41600859734030377
10030,criminal,28604,2.0,37.0,0.2270347295832091,0.1000421985538965,0.04029651602706165,0.0958773840733428,0.1042070130344502
10031,civil,69684,35.0,105.0,0.7837409990024851,0.48631024630814157,0.2900899911076704,0.4821630118220806,0.49045748079420254
10031,criminal,61743,22.0,98.0,0.5576751341748277,0.4148272278490426,0.27224738818086364,0.41064675462751116,0.419007701070574
10032,civil,57250,36.0,104.0,0.7762751500080993,0.4906323355279262,0.3085723039717285,0.48603982945107277,0.4952248416047796
10032,criminal,30099,44.0,,0.700011592569276,0.547988073847572,0.4120039207153228,0.5416990687051438,0.5542770789900001
10033,civil,66734,30.0,78.0,0.7324634814667026,0.4388680703402216,0.234037855847051,0.43457228563295625,0.443163855047487
10033,criminal,65887,2.0,83.0,0.4147154392269805,0.3120912509398345,0.20596441485962394,0.3082734600407534,0.31590904183891555
11001,civil,78284,37.0,,0.7113203208829394,0.5045930514339386,0.3729136133365675,0.5008848327902733,0.508301270077604
11001,criminal,58047,59.0,,0.821506710079763,0.6442301420665824,0.49000949559547,0.6399437080529398,0.648516576080225
11002,civil,24838,50.0,,0.8163298172155568,0.6031199093243588,0.41637895969877875,0.5964024029664646,0.6098374156822529
11002,criminal,15119,,,0.8882201203783319,0.7544509417009276,0.6546438684279862,0.7473230344286775,0.7615788489731777
11003,civil,12865,26.0,60.0,0.7207928488146131,0.3294921179832559,0.09409741151891057,0.32028523528088304,0.33869900068562875
11003,criminal,11454,51.0,,0.8747162563296663,0.6040453013572565,0.4361382707093383,0.5941541949982173,0.6139364077162958
11004,civil,30082,33.0,,0.7274782261817696,0.4724874815351962,0.2900157564238387,0.46648490442151996,0.47849005864887245
11004,criminal,57685,62.0,,0.7790586807662305,0.6256465252739982,0.5112063637196376,0.6214731687862629,0.6298198817617335
11005,civil,67193,43.0,,0.7862872620659891,0.5641890100709509,0.34183666115937195,0.5601139083442099,0.5682641117976919
11005,criminal,77575,81.0,,0.7792201095713825,0.6675429264076169,0.5702375782227955,0.664079653960101,0.6710061988551328
11006,civil,23415,33.0,,0.717232543241512,0.4723925751442634,0.2282737225647561,0.46523852745691946,0.47954662283160737
11006,criminal,27852,41.0,,0.7138446072095361,0.5283124239755326,0.40363436406843384,0.5219911206555151,0.53463372729555
11007,civil,22230,39.0,,0.7436347278452542,0.5218365115390339,0.340420681518123,0.5148208330380923,0.5288521900399754
11007,criminal,24556,56.0,,0.8602378237497963,0.6480229217649096,0.45380293859200127,0.6416217234249603,0.654424120104859
11008,civil,48867,86.0,,0.8788753146295046,0.7400228821562026,0.6176548493301777,0.7359334629645764,0.7441123013478288
11008,criminal,76750,,,0.8501889250814334,0.7288593881381702,0.6318284671066057,0.7255843261594501,0.7321344501168903
11009,civil,17865,18.0,48.0,0.5867898124825078,0.24029006841402864,0.028740126295460865,0.2336007152414436,0.24697942158661368
11009,criminal,10020,29.0,101.0,0.7032934131736528,0.4157935813674665,0.2494131252326728,0.4054182081540394,0.42616895458089366
11010,civil,25082,29.0,82.0,0.6738697073598597,0.43542513896142,0.1894135149830353,0.42835107402138817,0.4424992039014518
11010,criminal,11800,62.0,,0.8624576271186442,0.6730112018073525,0.5163668115797597,0.6639467807766092,0.6820756228380959
11011,civil,26563,61.0,,0.7653502992884837,0.5882617339731029,0.500888090319236,0.5819223488293938,0.594601119116812
11011,criminal,28161,77.0,,0.8713468981925357,0.773872237269543,0.6304557656090003,0.7684923631642983,0.7792521113747878
11012,civil,7209,45.0,,0.7440699126092385,0.5481277431200181,0.4251718959796555,0.5357764222624778,0.5604790639775584
11012,criminal,20321,,,0.8414940209635353,0.7797675807155887,0.7504037973808757,0.7735114530837934,0.786023708347384
11013,civil,27821,40.0,,0.721038064771216,0.5248683707340682,0.3539332202859033,0.5183511429046264,0.5313855985635101
11013,criminal,33586,85.0,,0.8692610016078128,0.7443386160915302,0.6184234477543937,0.7395169258166026,0.7491603063664578
11014,civil,29305,40.0,,0.7185804470226923,0.5331868417323482,0.37858324531169235,0.5270249516235461,0.5393487318411503
11014,criminal,22083,82.0,,0.9083457863514922,0.7654020647960895,0.6310473163747972,0.7594769894718324,0.7713271401203466
11015,civil,38798,64.0,,0.8546574565699262,0.664365646963951,0.5161543924099594,0.6593815458115238,0.6693497481163782
11015,criminal,37345,66.0,,0.7523095461239792,0.6342826189206098,0.5219710005435007,0.6292941008053327,0.6392711370358869
11016,civil,38682,40.0,,0.669019182048498,0.5226681852645676,0.26324158355164584,0.5173896333314998,0.5279467371976354
11016,criminal,51068,,,0.9091211717709721,0.7779713421739564,0.6533481383186989,0.7741542939318533,0.7817883904160594
11017,civil,16533,35.0,,0.6669086070283674,0.48305731749541875,0.3613623074308129,0.4747948782850447,0.4913197567057928
11017,criminal,26728,72.0,,0.8767210416043101,0.6972437998666468,0.5592543252403994,0.6911072579499481,0.7033803417833454
11018,civil,34453,68.0,,0.8333381708414358,0.6610485190615786,0.5244807098948974,0.6556615148359777,0.6664355232871795
11018,criminal,43197,60.0,,0.719911104937843,0.609465016873062,0.4962888989275013,0.6046104237451017,0.6143196100010223
11019,civil,35018,54.0,,0.7630647095779314,0.5959957639221883,0.47059941594718613,0.5905570295939673,0.6014344982504094
11019,criminal,19048,,,0.9241915161696768,0.7820667357083053,0.66588064118057,0.7758407598040938,0.7882927116125168
11020,civil,14834,18.0,,0.5897937171363087,0.3445194818758843,0.1926515361663203,0.33607371968234473,0.3529652440694239
11020,criminal,8493,57.0,,0.876015542211233,0.6545106175341431,0.4806379704312761,0.6438449797980331,0.665176255270253
11021,civil,30808,30.0,57.0,0.6315242794079461,0.4342687976075543,0.05623336421537585,0.42840009277137425,0.4401375024437344
11021,criminal,19490,34.0,,0.688147768086198,0.4838049256330928,0.3343981478354916,0.4763399267326078,0.4912699245335778
11022,civil,11646,41.0,,0.7878241456294006,0.537747352861051,0.3304041071149943,0.5280665196273364,0.5474281860947656
11022,criminal,18815,67.0,,0.787988307201701,0.6559324405995302,0.5280830845508652,0.648706299710793,0.6631585814882673
11023,civil,15751,14.0,69.0,0.531394832074154,0.29019703127926655,0.11953627550930371,0.2821815879847933,0.2982124745737398
11023,criminal,14978,40.0,,0.7788089197489652,0.5281952004436086,0.3642772878120603,0.5195015234418164,0.5368888774454007
11024,civil,10062,9.0,59.0,0.4458358179288412,0.2726450109962035,0.09180571730853376,0.2628630059967024,0.2824270159957045
11024,criminal,9546,52.0,,0.7587471192122355,0.5925977700367309,0.45174783586695794,0.582000656379444,0.6031948836940177
11026,civil,21477,46.0,,0.8237649578618988,0.5634461419650191,0.4173818216520998,0.5563197256649562,0.5705725582650819
11026,criminal,28851,,,0.8756022321583307,0.7625572804696564,0.6710149539168196,0.7572979185677462,0.7678166423715667
11027,civil,26513,53.0,,0.8071889261871534,0.6845171347066699,0.41570919343654694,0.6787132555184765,0.6903210138948632
11027,criminal,28435,,,0.9392298224019692,0.8639172259589623,0.7323778203020245,0.8596775913661008,0.8681568605518237
11029,civil,19860,37.0,95.0,0.7441591137965761,0.5079146347536269,0.21844218016095562,0.5001282596709785,0.5157010098362752
11029,criminal,28730,83.0,,0.9366167768882699,0.796368452099796,0.6166448258573358,0.7913503129684165,0.8013865912311755
11030,civil,10787,36.0,,0.684342263836099,0.49706954265164005,0.35233609373504265,0.48720018685949545,0.5069388984437846
11030,criminal,3599,34.0,,0.7766046123923315,0.47289721017185254,0.2693913511203228,0.4545020325963962,0.4912923877473089
11031,civil,5533,25.0,58.0,0.6432315199710827,0.41533807184453475,0.08841470642170488,0.39679694476921873,0.4338791989198508
11031,criminal,4131,37.0,,0.7317840716533528,0.5052677375306274,0.3622605615762516,0.48756705141745604,0.5229684236437987
11032,civil,10070,28.0,64.0,0.6771598808341609,0.3524711245365287,0.12975473768314327,0.3409464599475066,0.36399578912555075
11032,criminal,11605,48.0,,0.7335631193451099,0.5531063802732179,0.44928416904450136,0.5437587060992477,0.5624540544471881
12001,civil,7458,21.0,76.0,0.6450483378761949,0.31499933998251967,0.1507293712343794,0.30292143571345576,0.3270772442515836
12001,criminal,7598,29.0,84.0,0.660114786248667,0.440436595249125,0.22109285487745123,0.4281811439883259,0.45269204650992406
12002,civil,9519,21.0,80.0,0.6414350288122803,0.32117660888768107,0.17182748242621293,0.3102765840863796,0.33207663368898255
12002,criminal,11527,7.0,66.0,0.4264545240468681,0.25416796508823786,0.12896198746175191,0.24524155537095568,0.26309437480552006
12003,civil,10021,27.0,105.0,0.6670090355649846,0.42094191758217775,0.2729232459661158,0.4090023434275877,0.4328814917367678
12003,criminal,12406,54.0,,0.7203588230915842,0.5768182206272754,0.4709166464539207,0.5669131575840344,0.5867232836705164
12004,civil,13165,13.0,82.0,0.5070382997941274,0.2832143211265434,0.16641876425119514,0.27425386026252885,0.2921747819905579
12004,criminal,36953,1.0,33.0,0.13565973079499002,0.0948758533608771,0.0684056654629003,0.0916449096099737,0.09810679711178051
12005,civil,35882,21.0,95.0,0.6136088079128913,0.35105644207452663,0.2223626409354206,0.3453076338512274,0.35680525029782584
12005,criminal,23100,36.0,,0.6537689317647178,0.49606717567096004,0.3994066671573795,0.48903675080506487,0.5030976005368553
12006,civil,8384,8.0,53.0,0.40021483592090573,0.17712946384300923,0.08604666955957789,0.16692125410171152,0.18733767358430695
12006,criminal,7468,19.0,81.0,0.5858724927876107,0.3341943168407156,0.17862068693079658,0.3219559016958968,0.3464327319855344
12007,civil,3680,14.0,74.0,0.5287597428871149,0.25027125071463874,0.13459486038265395,0.23420453797214358,0.2663379634571339
12007,criminal,4125,32.0,96.0,0.645887219002448,0.46792053249049936,0.3065340704097125,0.45098432270354194,0.4848567422774568
12008,civil,8022,16.0,100.0,0.5595110195810671,0.3096340138982622,0.20518389423975583,0.2977548460738231,0.32151318172270127
12008,criminal,6875,34.0,,0.6387301658016965,0.4852035393272925,0.33690952639849403,0.4719116499539538,0.4984954287006312
12009,civil,3050,21.0,78.0,0.649702393810935,0.3142977214006554,0.17099339290814014,0.2942911846252932,0.33430425817601767
12009,criminal,3828,19.0,82.0,0.554577279103162,0.38513689464172285,0.25147781225547455,0.36729120691309636,0.40298258237034934
12010,civil,3894,15.0,87.0,0.5338568760597497,0.2867402294392456,0.17158613752870858,0.271189207333516,0.3022912515449752
12010,criminal,7705,18.0,,0.5402015093509659,0.39191115904768475,0.28318892935735535,0.38045668996008847,0.40336562813528104
12011,civil,6023,22.0,,0.6222820448989551,0.3640585698535798,0.27532389241818667,0.3489016856468386,0.37921545406032103
12011,criminal,8705,67.0,,0.7288138379162904,0.6151770464055214,0.5228460895294778,0.6038191319858484,0.6265349608251944
12012,civil,6019,17.0,71.0,0.5885170007177071,0.2555784912114789,0.13464096954409194,0.2430941655318292,0.26806281689112865
12012,criminal,4606,22.0,86.0,0.6017177305908746,0.37304183357406856,0.22723773369328865,0.35733188485095074,0.3887517822971864
12013,civil,5691,48.0,,0.7981505348544966,0.5676145837286709,0.43102198260745517,0.5509967412531519,0.5842324262041899
12013,criminal,6043,65.0,,0.816776685368487,0.6816387153560595,0.5387148904079568,0.6675800597841997,0.6956973709279193
12014,civil,2389,21.0,,0.6288592237676834,0.3098641742711872,0.16952781758664148,0.28644291052559545,0.3332854380167789
12014,criminal,2985,16.0,75.0,0.5531293659927347,0.2478345999033228,0.1339588546531094,0.22819187529396817,0.2674773245126774
12015,civil,5233,17.0,80.0,0.5762051979602943,0.30353677395224793,0.16318340824731362,0.28811729957191856,0.3189562483325773
12015,criminal,5095,11.0,,0.4878762163038239,0.36929182605937005,0.24589338403404098,0.35405694931516024,0.38452670280357987
12016,civil,313,14.0,,0.5461701504346415,0.2497051672528829,0.17036151001631472,0.18687914006700163,0.31253119443876415
12016,criminal,342,14.0,,0.5257559946285818,0.2931984383917732,0.18938655111430325,0.21998860404452872,0.36640827273901766
12017,civil,271,18.0,,0.6051822605637361,0.41827519724069995,0.26795822626427246,0.34876774612079176,0.48778264836060814
12018,civil,2131,30.0,,0.7318885615195393,0.458308542916255,0.33317451109825985,0.4338548617823512,0.4827622240501588
12018,criminal,3721,96.0,,0.8364708468465455,0.7086412974621966,0.6330494149062328,0.6930219309376753,0.724260663986718
12019,civil,37833,59.0,,0.7879841379048258,0.6185388370804105,0.48982514558682716,0.6127248574840876,0.6243528166767334
12019,criminal,23926,82.0,,0.8631104868469718,0.7454878827241106,0.6328968392341927,0.7392401092041496,0.7517356562440716
12020,civil,2845,17.0,88.0,0.5772802184836352,0.2946534376412961,0.17387992548555295,0.276071394734778,0.3132354805478142
12020,criminal,4122,43.0,,0.7049783584108708,0.5464554863415838,0.40326649294687195,0.5298838163127013,0.5630271563704663
12021,civil,3312,68.0,,0.789907606135671,0.6577666019499406,0.5351937693108163,0.638681123257596,0.6768520806422853
12021,criminal,3851,80.0,,0.8312801412951899,0.7280719772522952,0.6203966490790777,0.7120135998088661,0.7441303546957243
12022,civil,4484,13.0,71.0,0.5125339460467463,0.2154408081683987,0.12776527371485566,0.20195752419487834,0.22892409214191906
12022,criminal,2667,16.0,76.0,0.5398621456995839,0.2903402367846707,0.16873336958229387,0.27057765333466266,0.3101028202346787
13001,civil,123553,47.0,,0.799984224224396,0.5743039208620372,0.42195049110073773,0.5712476701062494,0.5773601716178249
13001,criminal,266714,21.0,,0.568074669988257,0.4174729056241061,0.3435640796718154,0.4154358744872879,0.4195099367609243
13002,civil,63081,21.0,76.0,0.6472910752543829,0.3234252799040502,0.15775179706292658,0.31916877645207026,0.3276817833560301
13002,criminal,200341,17.0,,0.5359984098515774,0.38725962077842513,0.3027675645798794,0.3849407350654002,0.38957850649145004
13003,civil,96214,34.0,,0.753680463944852,0.47656908016977445,0.2785399654635929,0.4729129665338599,0.480225193805689
13003,criminal,292224,5.0,,0.4244470711639348,0.3207703700401623,0.278278097140391,0.3189184687171894,0.3226222713631352
13004,civil,47141,30.0,,0.7529371472660904,0.43726591372843693,0.27638217384021413,0.43209728145850856,0.4424345459983653
13004,criminal,119073,31.0,,0.6449165472027188,0.46707970644628627,0.3575705035941407,0.4639577835668515,0.470201629325721
13005,civil,16851,20.0,83.0,0.6206842391107239,0.31205836444887,0.17415366893781023,0.3043308826841649,0.31978584621357503
13005,criminal,55085,3.0,59.0,0.33863244318888086,0.17926093593393977,0.09572346056617663,0.175722339966384,0.18279953190149553
13006,civil,81947,21.0,90.0,0.6317476082311283,0.32804775358961036,0.17771618479649703,0.324467800069506,0.33162770710971473
13006,criminal,372459,11.0,,0.478037690660286,0.2897779146295056,0.19594544446028514,0.28815483808611014,0.291400991172901
13007,civil,53762,37.0,,0.8107971070473611,0.5075644015714847,0.3205615657764957,0.5028995127774548,0.5122292903655147
13007,criminal,162822,20.0,,0.5705859376338986,0.37973990234127736,0.26759210512022624,0.37710760031248786,0.38237220437006686
13008,civil,123438,26.0,84.0,0.6893433407480462,0.3888451450268403,0.19489045316368794,0.38562829196309084,0.3920619980905898
13008,criminal,282629,17.0,,0.5482248174385298,0.36116793881461773,0.2622206886368262,0.3592715222506883,0.36306435537854714
13009,civil,48173,30.0,,0.7164561171151063,0.43944684184869043,0.28954293568484324,0.43446332335443494,0.4444303603429459
13009,criminal,122370,3.0,,0.40480195056914337,0.32062081233776024,0.2590681377817292,0.31776375799576456,0.3234778666797559
13010,civil,67338,40.0,,0.8005087256284301,0.5265010309952978,0.36668073463720574,0.5221108196403211,0.5308912423502744
13010,criminal,131706,29.0,,0.6367847280236274,0.4516519311488142,0.32502732476440244,0.44856276341324613,0.45474109888438224
13011,civil,13924,38.0,,0.7939239813454977,0.5126498623449185,0.3184050204771978,0.502817700789925,0.5224820238999119
13011,criminal,37650,40.0,,0.6859878205810302,0.5175286591151892,0.37295903193630897,0.5120128870971782,0.5230444311332002
13012,civil,89287,48.0,,0.8287469599282253,0.5721529002339818,0.4454431623951868,0.56849268068339,0.5758131197845736
13012,criminal,169763,20.0,,0.5549607430062237,0.37910132927800977,0.2846036820338507,0.37653620594652226,0.3816664526094973
13013,civil,27437,18.0,86.0,0.6184954753513653,0.2875816429087422,0.1620964686458793,0.2815731628785493,0.29359012293893516
13013,criminal,99133,11.0,,0.48275126076189695,0.3391165963425663,0.26559227495032633,0.3359103412821114,0.3423228514030212
13014,civil,39744,35.0,,0.790599806798159,0.4844034663469691,0.30060989678623384,0.47872736997382376,0.4900795627201145
13014,criminal,76659,37.0,,0.6624189283281805,0.5005755409534385,0.4031734557608369,0.49661312474814207,0.5045379571587348
13015,civil,37174,35.0,,0.7987777699640538,0.4842586469338104,0.30584200436891,0.47845899480033166,0.4900582990672891
13015,criminal,91443,16.0,,0.532809092617477,0.3352556954011993,0.2430573197656462,0.3316879572190539,0.3388234335833447
13016,civil,54408,24.0,104.0,0.6762800741317511,0.373896847765621,0.23259887514645738,0.3692317183586568,0.37856197717258516
13016,criminal,185570,8.0,,0.47754334285163547,0.384089111312079,0.31364054860273494,0.38172713332069397,0.38645108930346406
13017,civil,20520,38.0,,0.8308898602284024,0.5149565997472859,0.30497346776250556,0.5071349017277854,0.5227782977667864
13017,criminal,46144,51.0,,0.6590600150991356,0.5407320149230993,0.4843080829892146,0.5357671877078279,0.5456968421383707
13018,civil,146221,20.0,,0.6081204722951269,0.30939723376454364,0.190659378782447,0.30668443376006427,0.312110033769023
13018,criminal,108363,1.0,85.0,0.327873245515481,0.21244800222754961,0.14550620804420042,0.20976187429596688,0.21513413015913235
13019,civil,139567,38.0,,0.7995584214117739,0.5128187421461309,0.32130930165100596,0.5097928313731317,0.5158446529191301
13019,criminal,154677,73.0,,0.7939453949086902,0.6482799222843222,0.5461422051005169,0.6458006375072349,0.6507592070614094
13020,civil,48073,21.0,83.0,0.6232012096879602,0.31783954978911877,0.17056704674253614,0.31295205480683996,0.3227270447713976
13020,criminal,358541,10.0,,0.4759986313037183,0.28926927510522127,0.21411536474264772,0.2875753714494453,0.29096317876099725
13021,civil,46037,51.0,,0.8538485503437041,0.609195834048159,0.4419754087965569,0.6041515487220804,0.6142401193742376
13021,criminal,63503,61.0,,0.7101858892523225,0.6017064739201906,0.5005044036028372,0.5976887145724397,0.6057242332679416
13022,civil,28075,27.0,,0.6646900755051105,0.4001861827459232,0.24620248313633838,0.3938376480554828,0.4065347174363636
13022,criminal,68614,7.0,,0.44591908856628626,0.322039701889438,0.23466453584915917,0.31828503243965756,0.3257943713392184
13023,civil,17269,41.0,,0.8087794671790464,0.5420450605185148,0.36946926395708585,0.5336065533603943,0.5504835676766352
13023,criminal,62828,29.0,,0.6373482109701317,0.4522963284879167,0.36589849452315354,0.4480198825398071,0.45657277443602623
13024,civil,124731,41.0,,0.7915757252044905,0.5388162855011258,0.36388999184112786,0.535689287183393,0.5419432838188586
13024,criminal,291268,34.0,,0.6615270819236799,0.4835792474848195,0.36442404221775426,0.4815892433291508,0.4855692516404882
13025,civil,40041,18.0,76.0,0.5792379946857272,0.3072201661463433,0.14974711917022016,0.30216472193198873,0.31227561036069784
13025,criminal,175087,8.0,69.0,0.42480003148877055,0.23831496504828129,0.12922345352134285,0.23607716079503774,0.24055276930152483
13026,civil,46911,21.0,89.0,0.6137586574078869,0.3240698327177007,0.18550119883621,0.3192598414298314,0.32887982400557
13026,criminal,170547,27.0,,0.617560199195558,0.4435425799653822,0.33853849095949484,0.440946792295994,0.44613836763477044
13027,civil,78901,32.0,,0.7481026658482679,0.4659673942235754,0.32909233175957037,0.4620876758713637,0.46984711257578715
13027,criminal,211176,16.0,,0.5203298390873172,0.367980749203231,0.267630859939361,0.3656902681830716,0.37027123022339037
13028,civil,44520,50.0,,0.8124551484561363,0.5850397653979497,0.4591515248177518,0.5797908813945833,0.590288649401316
13028,criminal,68319,45.0,,0.6943917354628186,0.5376063944855577,0.43868906535699037,0.533607651114588,0.5416051378565274
13029,civil,42835,27.0,,0.7488642572654566,0.39486456100779865,0.23076532931383759,0.3896751436217413,0.400053978393856
13029,criminal,195779,26.0,,0.591516987136033,0.4540133779240726,0.38317424031785047,0.45165781446994857,0.4563689413781966
13030,civil,88856,24.0,,0.6683435009207855,0.38652913150209206,0.24476529706931502,0.38286683556018397,0.39019142744400015
13030,criminal,247611,14.0,,0.516572148359846,0.40879082628330043,0.3415886904370204,0.4066979492580024,0.41088370330859847
13031,civil,104001,5.0,,0.44095393944993466,0.3415835845345928,0.2495146365167531,0.33852788296605196,0.34463928610313366
13031,criminal,111103,20.0,90.0,0.5670872034910431,0.36933812748350237,0.21176694628638099,0.3661376501543854,0.37253860481261936
13033,civil,33812,28.0,105.0,0.7526817853976203,0.4042458810180175,0.23925672449186083,0.3983071305962121,0.4101846314398229
13033,criminal,68613,35.0,,0.667809035863143,0.49049860842173787,0.3632592549344256,0.4863330799059322,0.4946641369375435
13034,civil,30351,38.0,,0.7733098520627825,0.5102812732377253,0.32508469838435394,0.5041084759663458,0.5164540705091049
13034,criminal,121313,26.0,,0.5813020873410126,0.449654226740599,0.3653756000608855,0.44668401435390515,0.4526244391272929
13035,civil,23484,18.0,71.0,0.6002268590781866,0.2638554640856919,0.12688631966026265,0.2573612561885217,0.2703496719828621
13035,criminal,120209,16.0,80.0,0.5486959780276898,0.316718891283234,0.1797550297313083,0.31362868990312254,0.31980909266334545
13036,civil,54207,23.0,,0.6492646333979233,0.38133062878156426,0.26989407067276067,0.3768110934719467,0.38585016409118184
13036,criminal,155450,11.0,102.0,0.4817388941805406,0.2743369893133314,0.17800411387601522,0.2718745417842376,0.2767994368424252
13037,civil,19165,31.0,,0.7290579464186456,0.46447937523819804,0.3673940006154494,0.45647155473379347,0.4724871957426026
13037,criminal,67227,52.0,,0.7413858945671878,0.5770434153080546,0.4648173007998026,0.5730987550788427,0.5809880755372665
13038,civil,16500,20.0,76.0,0.6488644335519315,0.3208716275118795,0.16079210808023547,0.31288214773307227,0.3288611072906867
13038,criminal,57885,4.0,73.0,0.39011196072673765,0.22329588002419531,0.12822204745381702,0.21950673395517,0.22708502609322062
13039,civil,24586,31.0,,0.7622858399331346,0.4503543012560578,0.28159953766746754,0.4433089903165551,0.4573996121955605
13039,criminal,90737,10.0,,0.4517655250497995,0.2725567433959064,0.19688362587615882,0.2693067367039824,0.2758067500878304
13040,civil,15627,21.0,81.0,0.6437021024131855,0.3162923103561769,0.15228848923350122,0.3083371608539077,0.32424745985844605
13040,criminal,68917,20.0,87.0,0.5665186916642121,0.3720152407451932,0.22524398545304486,0.36802417160870793,0.3760063098816785
13041,civil,43531,68.0,,0.8641314346421659,0.6709456867947458,0.5300390649543123,0.6662111495714561,0.6756802240180354
13041,criminal,67840,86.0,,0.8618020140342456,0.7680750348447888,0.647219540879061,0.7647216522579372,0.7714284174316404
13042,civil,40769,54.0,,0.8098055842604189,0.595780995696418,0.4695377869212856,0.5904410353572932,0.6011209560355427
13042,criminal,58817,9.0,76.0,0.4569665921965331,0.2844222022564934,0.15812020292609077,0.28042599850842403,0.28841840600456276
13043,civil,71722,29.0,,0.7631931722270906,0.4124480462233356,0.22917147243840078,0.4083403820710271,0.4165557103756441
13043,criminal,254948,7.0,,0.43010565492778996,0.28712835477400867,0.21822257718281018,0.2852012484685627,0.2890554610794546
13044,civil,88684,44.0,,0.8207717813627025,0.5624349381754234,0.3956109026559327,0.5587861445258155,0.5660837318250314
13044,criminal,172943,27.0,97.0,0.6214427298113087,0.4237678773349251,0.2746907729098632,0.42122867375058504,0.42630708091926517
13045,civil,46719,15.0,65.0,0.5376795627137592,0.2924321146902853,0.11303697158734653,0.28790334019064534,0.29696088918992525
13045,criminal,53180,32.0,,0.6977601943759038,0.4714656808611438,0.3406974514344829,0.4666417642626021,0.4762895974596855
13046,civil,33868,43.0,,0.7933077624628908,0.5434252124459305,0.3977585486585631,0.5373365278482181,0.5495138970436428
13046,criminal,79492,19.0,,0.5262327064123182,0.43261191523738385,0.36380714151015603,0.4290148655327433,0.4362089649420244
13047,civil,39297,23.0,90.0,0.6794923519721418,0.3411885821426893,0.1932217977188536,0.33591185790914696,0.3464653063762317
13047,criminal,128903,23.0,,0.6018721670422528,0.39782209691777737,0.2785934657120861,0.3948230678598432,0.4008211259757115
13048,civil,62549,26.0,98.0,0.7219299354427142,0.3746949960675658,0.21871827311843986,0.3703874725404315,0.3790025195947001
13048,criminal,175316,8.0,,0.46351584253223055,0.3473295169425118,0.268821925644181,0.3449166483366099,0.3497423855484137
13049,civil,59967,31.0,,0.7244661082040972,0.4625106696445022,0.33857087780409584,0.4580185340822151,0.46700280520678933
13049,criminal,155382,7.0,,0.4451084947364821,0.3190864726807692,0.2340715295108057,0.31659427431893905,0.3215786710425993
13050,civil,47887,66.0,,0.8371990807750777,0.671333104552146,0.5220999273346916,0.6665074984639899,0.6761587106403021
13050,criminal,91139,45.0,,0.6178751116636603,0.5291238223714861,0.45722763648003695,0.5256543330596349,0.5325933116833373
13051,civil,50091,30.0,93.0,0.7549407503405942,0.4202367739889174,0.21760162566413682,0.41514238096238504,0.42533116701544976
13051,criminal,141152,6.0,100.0,0.4300568055021979,0.3048881365862795,0.21537462137225138,0.30220997872009686,0.30756629445246214
13052,civil,26272,32.0,90.0,0.7737423721119915,0.45307679699020276,0.2501133722556461,0.44615084797080606,0.46000274600959945
13052,criminal,68627,35.0,,0.5800989175441881,0.4953003132744886,0.4149935534299174,0.4912602924840096,0.4993403340649676
13053,civil,67169,22.0,88.0,0.65885399206115,0.33142293399809514,0.1788137980906935,0.32734593618695423,0.33549993180923604
13053,criminal,298744,7.0,81.0,0.3920868956815022,0.20755016069723853,0.139998761771977,0.20590294007651014,0.20919738131796692
13054,civil,58197,16.0,66.0,0.5810582208497264,0.24726446126339702,0.11892595545619707,0.24328118962265255,0.2512477329041415
13054,criminal,243576,3.0,,0.3680578216878769,0.23482969379023474,0.16518229506194076,0.23298465841236476,0.23667472916810472
13055,civil,45896,43.0,,0.8318717970464867,0.5610750378770647,0.36885895480144776,0.5560060322416533,0.566144043512476
13055,criminal,63253,6.0,74.0,0.41183526737587317,0.25704747322586646,0.14709651687266298,0.25333906056488964,0.2607558858868433
13056,civil,26966,14.0,53.0,0.5298300305202812,0.19404632723565746,0.07490320936136655,0.188845167778823,0.19924748669249193
13056,criminal,188059,6.0,82.0,0.4287164272024269,0.24368269206892165,0.14332310429994988,0.24155166260334376,0.24581372153449954
13057,civil,62921,15.0,74.0,0.5358454838399912,0.2487395048536316,0.13848934758129275,0.24496480841328705,0.25251420129397617
13057,criminal,150490,28.0,,0.6405149217050041,0.43640834211143803,0.3112405849143909,0.4335376883037166,0.4392789959191595
13058,civil,30756,27.0,100.0,0.701875772442547,0.3883065946203629,0.20558244686004334,0.3820573341971616,0.39455585504356416
13058,criminal,150389,12.0,,0.495151781834643,0.3662011053259645,0.2603306047611115,0.36352236705820445,0.36887984359372455
13059,civil,13684,24.0,67.0,0.6962918004820638,0.34931595949467353,0.13383238133956138,0.34057880766194487,0.3580531113274022
13059,criminal,69269,17.0,,0.5385291210242428,0.39675271111155075,0.321221044991065,0.3928262489241396,0.4006791732989619
13060,civil,20750,39.0,,0.7470111328112246,0.5189308285687025,0.35878590391365184,0.5113991427622548,0.5264625143751502
13060,criminal,101270,13.0,,0.5069042403977607,0.35053984471082933,0.24125553926191506,0.3473076597903036,0.35377202963135507
13061,civil,62478,53.0,,0.8464888011725351,0.6177273429724313,0.447870989542429,0.6133865948728952,0.6220680910719674
13061,criminal,138504,38.0,,0.6159037917106571,0.505719282923813,0.421902964268761,0.5029301765435423,0.5085083893040836
13062,civil,64168,25.0,97.0,0.6784720701787941,0.37937463199114196,0.2007905935920077,0.37520638242450316,0.38354288155778077
13062,criminal,137843,13.0,97.0,0.5022670029478549,0.34312485089963746,0.2386764857258361,0.3404108319646483,0.34583886983462664
13063,civil,52850,41.0,,0.7727085260804427,0.538965526514441,0.3514813454831936,0.5342359164012371,0.5436951366276448
13063,criminal,75318,14.0,,0.5056130445607617,0.4014421633936075,0.32124627194063404,0.39770232219592344,0.40518200459129156
13064,civil,16501,27.0,,0.7095272382519757,0.4113275081305456,0.2677163652543435,0.40297471161929455,0.4196803046417966
13064,criminal,56820,10.0,,0.4435500313241667,0.301256430657265,0.19683809230924795,0.29714368241051686,0.3053691789040131
13065,civil,27942,22.0,78.0,0.6549064910303634,0.33237006444364625,0.16656943961237428,0.32622975213909133,0.33851037674820117
13065,criminal,73893,18.0,,0.5527677211528167,0.37462318903709757,0.27279632457697817,0.37076051034391466,0.3784858677302805
13066,civil,66108,13.0,64.0,0.5091399077690125,0.2380882282005433,0.11348772150613531,0.2344892384838374,0.24168721791724918
13066,criminal,169464,2.0,,0.3851184047166253,0.2554615387570105,0.18531747298850323,0.253208080794542,0.257714996719479
13067,civil,25997,38.0,,0.8159780459866495,0.5110557858710808,0.34970418199866843,0.5041281976130287,0.5179833741291329
13067,criminal,56106,34.0,,0.6572653341724148,0.4855480791779584,0.34766963198889617,0.4808782509536874,0.49021790740222937
13068,civil,42664,26.0,,0.6279978833333866,0.42207735039795763,0.3012797289541275,0.41682677116212286,0.4273279296337924
13068,criminal,106599,20.0,,0.5620624023925929,0.38555421458124456,0.27435631024681734,0.38229227195568255,0.38881615720680657
13069,civil,23217,39.0,,0.8137669127041987,0.527880375456152,0.3148529554271614,0.5204129625164496,0.5353477883958543
13069,criminal,54208,41.0,,0.6514759857037971,0.5275812441092645,0.3913335706688787,0.5227065081856691,0.53245598003286
13070,civil,24226,25.0,72.0,0.7047134282435885,0.353668979126256,0.15221159387787617,0.3471349940790768,0.3602029641734352
13070,criminal,41504,15.0,64.0,0.531509621122372,0.25103261124980103,0.11030833952525185,0.2465440391149811,0.255521183384621
13071,civil,12418,41.0,91.0,0.8157768347309453,0.551746927432027,0.30537375650544646,0.5422434788021722,0.5612503760618819
13071,criminal,56077,28.0,,0.58389037010354,0.46516678777802273,0.3506030467391459,0.4606897260785963,0.46964384947744914
13073,civil,15738,20.0,69.0,0.63351893621728,0.30773721444071084,0.150215828943006,0.29932539892845916,0.3161490299529625
13073,criminal,69594,25.0,,0.5557034197228388,0.46367899791660533,0.3886826917480858,0.4597547852256436,0.46760321060756704
13074,civil,8235,24.0,84.0,0.6845884930185477,0.342613824317242,0.19621357146845697,0.3305427116933296,0.35468493694115444
13074,criminal,49088,17.0,66.0,0.5693281019469527,0.2513193782580148,0.12466569544291034,0.24625738284350207,0.25638137367252756
13075,civil,5969,,,0.9375867447168896,0.8411536511379621,0.7905393323156208,0.8297374121728556,0.8525698901030687
13075,criminal,4008,107.0,,0.8751160239948464,0.7907639419633645,0.7254782473240577,0.7758101576309684,0.8057177262957607
13076,civil,6452,28.0,80.0,0.7429047802103561,0.4076731097812592,0.2260826260533006,0.39346142749342095,0.42188479206909746
13076,criminal,28899,27.0,103.0,0.6684273872562758,0.4279680608137509,0.2956262018020309,0.4214523542612482,0.43448376736625355
14001,civil,133430,15.0,44.0,0.5523171114917854,0.18293238983827256,0.017156329692111765,0.1805411676973496,0.18532361197919553
14001,criminal,132901,2.0,23.0,0.20343624733553148,0.03504461490105345,0.0027689341944633836,0.03373082038615675,0.03635840941595015
14002,civil,109224,10.0,42.0,0.44620999746790047,0.1465359178571566,0.01665756786316242,0.14419263480505756,0.14887920090925566
14002,criminal,62734,3.0,30.0,0.2428732675067228,0.06910017059204751,0.005990695163657284,0.06659440602130189,0.07160593516279314
14003,civil,158363,13.0,49.0,0.5146588371722546,0.19946551485188205,0.041260637868834896,0.19719581134547928,0.2017352183582848
14003,criminal,42503,1.0,20.0,0.15437922258584028,0.038411584335895144,0.00599368747930616,0.036097858582649155,0.04072531008914113
14004,civil,162584,15.0,47.0,0.5474433973313838,0.20036296479606003,0.025819026709848317,0.19809921423066582,0.20262671536145424
14004,criminal,33893,1.0,23.0,0.2088367008647705,0.03252092757538406,0.004114368409751134,0.030124300961561316,0.0349175541892068
14005,civil,176771,13.0,52.0,0.5087613696234565,0.23751463204296241,0.04301754544391935,0.2352042107444242,0.23982505334150062
14005,criminal,70359,8.0,31.0,0.4101014098308558,0.06326348263045298,0.01306394366594648,0.060633954921977255,0.06589301033892869
14006,civil,185122,17.0,57.0,0.5762905463211878,0.26463421622129024,0.0843811823499465,0.26229359689740134,0.26697483554517915
14006,criminal,155417,9.0,39.0,0.43210200509024366,0.11333909180494438,0.010786028943760259,0.11140244758128906,0.1152757360285997
14007,civil,139226,17.0,47.0,0.6032487020808326,0.22240634394682463,0.016718999641789627,0.21987269852014477,0.22493998937350448
14007,criminal,105959,2.0,18.0,0.14395171279492594,0.03130435865600074,0.002317000141392051,0.03005058450498117,0.03255813280702031
14008,civil,77404,16.0,52.0,0.5769953983171344,0.22652590392720195,0.049769989350703495,0.22316725662078477,0.22988455123361914
14008,criminal,35975,4.0,22.0,0.20502946456230278,0.05247320556260874,0.007898902377710544,0.05005898600806025,0.05488742511715723
14009,civil,72715,18.0,46.0,0.6057577635221998,0.2179913434440131,0.018393305180133757,0.21451083079143896,0.22147185609658726
14009,criminal,53461,3.0,27.0,0.2282822525230721,0.060597743934695227,0.005750362647355403,0.057870621371518174,0.06332486649787228
14010,civil,109970,10.0,44.0,0.4566905967143375,0.1640576032940553,0.025669597915489138,0.16157232879879435,0.16654287778931626
14010,criminal,58769,9.0,35.0,0.4252751500538052,0.09052630648923975,0.009021463793048743,0.08673849221038767,0.09431412076809183
14011,civil,76444,24.0,48.0,0.6944628359776261,0.2794040204997061,0.019690862520271853,0.2757439317652015,0.28306410923421066
14011,criminal,29094,4.0,33.0,0.3153545986937101,0.07839697126192069,0.002001264531150694,0.07455744450226776,0.08223649802157362
14012,civil,128277,13.0,47.0,0.5015481246217505,0.17192637606541022,0.023563817987237536,0.16951743102732478,0.17433532110349567
14012,criminal,61154,3.0,14.0,0.11363073932247356,0.011482606218016052,0.0012501590188318857,0.010406771039044046,0.012558441396988059
14013,civil,148541,17.0,52.0,0.5821640783283131,0.23893984729052722,0.04977833886413327,0.23641912224317865,0.2414605723378758
14013,criminal,28300,1.0,26.0,0.22062618175525334,0.041782045899385827,0.004490410768250415,0.03884995455615365,0.044714137242618
14014,civil,102464,5.0,38.0,0.31310108449136015,0.11070376696491753,0.018030813820804036,0.10853055300402015,0.11287698092581491
14014,criminal,31171,4.0,36.0,0.3088161409550764,0.09865881308103791,0.013902280738532382,0.09440722054534141,0.10291040561673441
14015,civil,77767,7.0,37.0,0.38205823480534173,0.10755771429460176,0.009046245158364438,0.1049785166410734,0.11013691194813012
14015,criminal,47478,1.0,27.0,0.19997866513044027,0.0498576210525279,0.004698612331783262,0.04710985630100123,0.05260538580405458
14016,civil,81113,14.0,42.0,0.5207205620346032,0.15267595326669567,0.009654075855588093,0.14984842939429457,0.15550347713909676
14016,criminal,32859,5.0,34.0,0.3605530353285005,0.07620879270727698,0.0031627723488482193,0.07239074640312307,0.0800268390114309
14017,civil,108126,16.0,48.0,0.5571649150280431,0.20596050016129014,0.033374434031361526,0.20323004298391284,0.20869095733866744
14017,criminal,25658,2.0,32.0,0.2998390457616847,0.0761352739963092,0.005257884003866781,0.07141581101723354,0.08085473697538487
14018,civil,107254,12.0,46.0,0.4872258590942687,0.18170617288787919,0.032963992970236264,0.17908571368056397,0.1843266320951944
14018,criminal,40700,9.0,34.0,0.4382739738849167,0.08552900920757572,0.008735798229575726,0.08214321515751088,0.08891480325764056
14019,civil,53684,19.0,46.0,0.6390300718881095,0.21743423677955404,0.02321477841531487,0.2131578215826065,0.22171065197650158
14019,criminal,18893,3.0,34.0,0.2946369123809394,0.08869306094684554,0.010731886507291406,0.08363807689372203,0.09374804499996904
14020,civil,111751,21.0,51.0,0.6613827481301158,0.27145053206873515,0.0371750802349259,0.2684856665331717,0.2744153976042986
14020,criminal,38859,3.0,30.0,0.24243932275289787,0.07308504926297055,0.007748958473286281,0.06989872027358562,0.07627137825235547
14023,civil,61754,23.0,50.0,0.6958656902461091,0.27110606502754714,0.02853083914391535,0.2668551413260952,0.27535698872899905
14023,criminal,26869,3.0,33.0,0.2839917745888589,0.08646085648580559,0.009492111192283369,0.08177797642070622,0.09114373655090496
15001,civil,13104,15.0,61.0,0.5383750844609715,0.24036980032417882,0.10131879114899842,0.23248576167372992,0.24825383897462772
15001,criminal,62747,6.0,55.0,0.39739876203209307,0.18174781878532048,0.08054929653859108,0.17820701864613744,0.18528861892450352
15002,civil,4654,15.0,54.0,0.5464207749959722,0.2081291143662389,0.07106248834814861,0.1949745831582666,0.2212836455742112
15002,criminal,17934,8.0,54.0,0.42513529160132774,0.1980740633594388,0.07928915838865393,0.1912032921599242,0.2049448345589534
15003,civil,2584,9.0,38.0,0.3691307423188682,0.11136584324497815,0.05465891092622413,0.09800490841805376,0.12472677807190255
15003,criminal,12723,3.0,42.0,0.28592881060441433,0.11621477964696078,0.04018170087488976,0.10981730352704733,0.12261225576687423
15004,civil,20250,21.0,74.0,0.6270747424828366,0.31791809493442424,0.1534528800207862,0.31087805069783964,0.32495813917100885
15004,criminal,112170,16.0,83.0,0.5592862470610411,0.3116423872963506,0.1845294635380077,0.3085368519028945,0.31474792268980667
15005,civil,54012,13.0,103.0,0.507814098851657,0.30161585032797406,0.19745755573465232,0.2975053424327474,0.3057263582232007
15005,criminal,217272,21.0,107.0,0.6199051613771293,0.3253443007246735,0.19158482955380154,0.3229983661204721,0.3276902353288749
15006,civil,2555,7.0,41.0,0.38259720192769153,0.11640895794724154,0.04991995398183968,0.1013546416131149,0.13146327428136817
15006,criminal,8691,3.0,27.0,0.22641063901976535,0.04982234158099131,0.008865303494954685,0.044065247948733705,0.055579435213248915
15007,civil,3532,7.0,30.0,0.33062017681277345,0.07047160451298945,0.018759047169483203,0.06098102625916193,0.07996218276681696
15007,criminal,8648,2.0,20.0,0.17478918169555785,0.030014481191162526,0.006037775545817543,0.025668729110882985,0.03436023327144207
15008,civil,2236,9.0,32.0,0.4051155160401741,0.06635916408815355,0.020893919669027514,0.05485990366647535,0.07785842450983176
15008,criminal,4537,3.0,34.0,0.27457315528904286,0.08833742932897579,0.017514151884135454,0.07893043109645557,0.097744427561496
15009,civil,43637,14.0,75.0,0.5354402930758951,0.25606780354571573,0.1400486306954907,0.2515788851255539,0.2605567219658776
15009,criminal,144330,16.0,107.0,0.5569102355531189,0.2810967777644938,0.16937513742976099,0.27847233547276334,0.2837212200562243
15013,civil,1662,7.0,31.0,0.30666023418039723,0.07020764465777017,0.016845817749788685,0.055409873848452064,0.08500541546708827
15013,criminal,12602,1.0,18.0,0.1603866905442798,0.02256502364585068,0.0046433561552137684,0.01941592520335992,0.025714122088341437
15014,civil,1506,5.0,21.0,0.20218422834648517,0.02984892659188569,,0.019137181613882233,0.04056067156988915
15014,criminal,7274,1.0,15.0,0.12412570637879514,0.01449547416493448,0.004130899333740748,0.01117366197251645,0.01781728635735251
15015,civil,3090,8.0,43.0,0.34144786482416556,0.11366602127897771,0.06016786752146685,0.10040232042367458,0.12692972213428083
15015,criminal,10344,2.0,20.0,0.1593176581927159,0.05553341730530691,0.022714555700999797,0.05036385309578991,0.060702981514823916
15016,criminal,246,27.0,54.0,0.668805617357267,0.4427388210507649,0.07132052743330874,0.37704345156867514,0.5084341905328547
16001,civil,26781,25.0,,0.7211829281953623,0.3821034211427386,0.2493349955896843,0.3760420084064479,0.3881648338790293
16001,criminal,57158,1.0,,0.3568004478813115,0.2541313049068815,0.20650367480317341,0.250191661831039,0.258070947982724
16002,civil,82398,36.0,,0.7730648802155392,0.4925955059738875,0.3232741550827546,0.48900123329253026,0.4961897786552448
16002,criminal,83140,12.0,,0.49627134953091184,0.3921581401727924,0.30266024174645256,0.3887297661528896,0.39558651419269514
16003,civil,132119,48.0,,0.796214019179679,0.6033761379531464,0.4146704396539245,0.6006618785280958,0.6060903973781969
16003,criminal,26427,1.0,57.0,0.26495629469860366,0.14788000910959384,0.0919980676804941,0.14341017648249266,0.15234984173669502
16004,civil,34600,33.0,,0.7393930635838148,0.46941752237273604,0.3062107370713407,0.46382201722188016,0.4750130275235919
16004,criminal,72678,15.0,,0.5233495693332232,0.43555637205622266,0.37738711796070923,0.43189373570727707,0.43921900840516825
16006,civil,13096,23.0,87.0,0.6572235797189981,0.35381485512129013,0.19063881317279638,0.34501650953855184,0.3626132007040284
16006,criminal,65221,4.0,,0.4400116526885512,0.30550603233767054,0.23061006287154012,0.3019054330168017,0.30910663165853935
16007,civil,45812,46.0,,0.7720902820221777,0.5636944799759372,0.4263019730502793,0.5588800105380589,0.5685089494138156
16007,criminal,79994,1.0,120.0,0.37211540865564907,0.2785796743097895,0.21175636959155916,0.2753524944795383,0.28180685414004075
16008,civil,33063,33.0,,0.7596406859631614,0.46859230065418966,0.31289280022187305,0.4628398880036028,0.4743447133047765
16008,criminal,40418,42.0,,0.6896927111682913,0.5303439882418948,0.41298678540552297,0.5252535507042869,0.5354344257795026
16009,civil,52462,33.0,,0.7046242994929663,0.4726998561464024,0.33128213639539156,0.46820794455028797,0.47719176774251687
16009,criminal,49347,46.0,,0.6673556649847002,0.5390244850615573,0.43829125005265973,0.534483824098209,0.5435651460249056
16010,civil,16471,38.0,,0.7722664076255237,0.5099535671958229,0.3351424961351418,0.5018849772767426,0.5180221571149031
16010,criminal,34475,1.0,,0.4008992023205221,0.3059904084973494,0.2409062058201919,0.30100823758376233,0.3109725794109364
16011,civil,103236,13.0,92.0,0.5076233096981672,0.3256973868000179,0.2056465425881012,0.3227263658142603,0.32866840778577555
16011,criminal,119070,1.0,,0.42506088855295204,0.32897560953683347,0.2590712940486404,0.3262123382385575,0.33173888083510944
16012,civil,110359,46.0,,0.7965639413187869,0.5596443709936886,0.419268117704454,0.5565572476897203,0.5627314942976569
16012,criminal,125481,13.0,,0.5018688088236467,0.40759177259856316,0.35019655566242636,0.4048187261828835,0.4103648190142428
16013,civil,17813,29.0,,0.745298377589401,0.42611159852855696,0.26287599492418645,0.4183569220689227,0.4338662749881912
16013,criminal,45960,1.0,106.0,0.32543516100957365,0.2479105799841444,0.19447117331608843,0.24385770302650855,0.25196345694178024
16014,civil,125570,36.0,,0.7331289320697619,0.49517142665591185,0.37434588380620026,0.4922509264720656,0.4980919268397581
16014,criminal,151094,37.0,,0.6158219386607013,0.5001151750870133,0.4221249797008662,0.49749937273885575,0.5027309774351708
16017,civil,19657,48.0,,0.7923894795747063,0.5610755394299196,0.4492385416674944,0.5534194944227268,0.5687315844371125
16017,criminal,22435,19.0,,0.5470024515266323,0.3990246348827589,0.32544113832477606,0.3923651644088166,0.40568410535670124
16018,civil,43660,36.0,,0.7625057260650481,0.4938799234997723,0.349463464484758,0.48892876166147,0.4988310853380746
16018,criminal,47674,12.0,,0.4936233586441247,0.3701828435123562,0.29860564721982924,0.36565755490243473,0.37470813212227766
16019,civil,22330,33.0,,0.745678459471563,0.46856337696199474,0.2927588367947429,0.461557874824185,0.4755688790998045
16019,criminal,35529,37.0,,0.7015395873793239,0.5004199038546433,0.361483218579291,0.49499921325477464,0.505840594454512
16020,civil,206056,58.0,,0.7887273362581046,0.6190819968376299,0.4840046932168655,0.6169078940370892,0.6212560996381705
16020,criminal,192765,27.0,,0.6023344486810365,0.43035448656414266,0.3500884727570317,0.4280253720750386,0.4326836010532467
16021,civil,19352,28.0,99.0,0.7401302190988014,0.4121053709933308,0.24439675209567974,0.40479918258526004,0.4194115594014015
16021,criminal,53756,3.0,,0.4239154699010343,0.30491314391222546,0.22226301407776727,0.30097762616753637,0.30884866165691455
16022,civil,50958,27.0,,0.684563758389262,0.42352187229959576,0.2782438142818927,0.41889771493675515,0.42814602966243637
16022,criminal,95225,34.0,,0.5792281438697824,0.49259949095565125,0.4220736161150852,0.4893688580168806,0.4958301238944219
16023,civil,938,10.0,40.0,0.3976545842217483,0.12579957356076762,0.04051172707889128,0.10457691711965236,0.1470222300018829
16023,criminal,2658,3.0,23.0,0.20805116629044398,0.041024197237905166,0.007668074250075734,0.03347119546657323,0.048577199009237106
16024,civil,21852,20.0,60.0,0.6687259747391544,0.2556146727246733,0.09836768776173216,0.2498153661611764,0.26141397928817023
16024,criminal,28245,1.0,37.0,0.25533722782793417,0.10382233934472612,0.04779736246923623,0.10025774397544913,0.10738693471400311
16025,civil,2436,20.0,52.0,0.7257799671592774,0.2214827651643754,0.061968359730444615,0.20493259157367547,0.23803293875507534
16025,criminal,2899,14.0,65.0,0.5325974473956537,0.2552059237078091,0.11644641874099484,0.23931254296120616,0.271099304454412
17011,civil,41130,26.0,,0.6249452954048142,0.421328444813403,0.29147538828654956,0.41631381963083014,0.4263430699959758
17011,criminal,159516,7.0,65.0,0.4075892073522405,0.21211078354157514,0.10987884151859169,0.20999958878411576,0.21422197829903453
17013,civil,198194,25.0,97.0,0.6387378023552679,0.41489916209874544,0.2799043193774104,0.41269714610336394,0.41710117809412695
17013,criminal,350842,6.0,89.0,0.38933480028046796,0.21745997773208361,0.14405793130533817,0.21607312244313542,0.2188468330210318
17014,civil,76009,40.0,,0.7563446433974925,0.5295419068482178,0.33911115537151076,0.5257959264182075,0.5332878872782281
17014,criminal,323272,13.0,81.0,0.5036965774951124,0.3630606815367304,0.220743473294733,0.3613030402315825,0.36481832284187826
17015,civil,46910,25.0,93.0,0.6426987849072692,0.4040000536097293,0.2419614549354232,0.3993917970336872,0.4086083101857714
17015,criminal,219879,8.0,58.0,0.4193033441119888,0.18999665440294086,0.09209489470407696,0.18826448945681792,0.1917288193490638
17016,civil,80498,13.0,83.0,0.5158637481676565,0.2897619716425421,0.19099895543099746,0.28658541746349264,0.2929385258215915
17016,criminal,244201,7.0,59.0,0.39555939574367033,0.19227210325498065,0.0951107893982917,0.19067045914428524,0.19387374736567606
17017,civil,28949,19.0,91.0,0.5923175239213789,0.35401789191789385,0.23085446230100537,0.3478526336101306,0.3601831502256571
17017,criminal,66764,5.0,59.0,0.36513690012581634,0.18074433164041145,0.0967410133631158,0.1775702691718798,0.18391839410894312
17018,civil,47847,27.0,88.0,0.6644721717140051,0.43544864000893035,0.25427864820656215,0.4307888062392727,0.440108473778588
17018,criminal,125180,6.0,52.0,0.37215210097459644,0.16600261688977444,0.0747249820079678,0.16377579145907706,0.16822944232047182
17019,civil,44094,19.0,89.0,0.5739783190456752,0.3359022884837566,0.21625533033147062,0.3311619575531439,0.34064261941436924
17019,criminal,158974,7.0,57.0,0.39808396341540114,0.19481342865279472,0.08871112624089436,0.19268039874405557,0.19694645856153387
17020,civil,52887,23.0,94.0,0.6065951935258191,0.38483879698087786,0.21927470172741048,0.380489328750032,0.3891882652117237
17020,criminal,198519,2.0,38.0,0.24461638432593358,0.10313805500975695,0.04939853332132587,0.1016888901792018,0.1045872198403121
17021,civil,77231,19.0,91.0,0.5776048477942796,0.33413397715749865,0.19487073180771175,0.3305197852665308,0.3377481690484665
17021,criminal,164698,5.0,60.0,0.38018676608094815,0.1914002063266175,0.09980001636851693,0.1893233980492913,0.1934770146039437
17022,civil,23164,25.0,89.0,0.6398290450699359,0.38148000495090767,0.25368967515313706,0.37516239680024005,0.3877976131015753
17022,criminal,67971,6.0,60.0,0.35872651571993946,0.17652234953649532,0.09783515953714653,0.17359712316266313,0.1794475759103275
17023,civil,37573,22.0,98.0,0.6084422324541561,0.3845445920674105,0.2431853944605633,0.3793885633652343,0.38970062076958667
17023,criminal,128781,9.0,65.0,0.4507574875175687,0.21638380367331705,0.11186501777309245,0.21394143051922743,0.21882617682740668
17024,civil,40657,19.0,86.0,0.5987160882504856,0.3538598759218614,0.22188227276019865,0.34903774670724813,0.3586820051364747
17024,criminal,113444,5.0,48.0,0.354024893339445,0.14791902630286113,0.06419060838841727,0.1457122484027898,0.15012580420293248
17025,civil,58601,15.0,82.0,0.5338816743741572,0.32301389674357267,0.18983156204023316,0.3190025713344125,0.32702522215273283
17025,criminal,162007,5.0,54.0,0.34235557722814447,0.16313880776510684,0.08524863119891253,0.16117106336624162,0.16510655216397205
17026,civil,50765,29.0,,0.6599034768048853,0.4333455568711263,0.2726866721243496,0.42874454305736415,0.43794657068488846
17026,criminal,132685,7.0,69.0,0.4226250141312129,0.22531770560559533,0.12383403215036899,0.2229047983414387,0.22773061286975196
17027,civil,48329,24.0,89.0,0.6027023112416975,0.3996759456482048,0.25255870811751,0.3951315590145765,0.4042203322818331
17027,criminal,91120,10.0,74.0,0.46073309920983324,0.24562383449900035,0.13768950258293658,0.242631340091947,0.2486163289060537
17028,civil,22776,14.0,74.0,0.5246750965929049,0.307305150747189,0.1662042067114657,0.3012229627655958,0.3133873387287822
17028,criminal,90004,4.0,42.0,0.29153148748944496,0.11839064399463117,0.05761545050100785,0.11622333686316567,0.12055795112609667
17029,civil,26023,16.0,82.0,0.5450178688083618,0.3200757736636859,0.16875811364935933,0.3141219291992223,0.32602961812814946
17029,criminal,113348,8.0,61.0,0.4298179059180576,0.22734191233068518,0.1031677716798974,0.22467495429899956,0.2300088703623708
17030,civil,40847,15.0,77.0,0.5421695595759786,0.28428536674530025,0.16637567587198837,0.2797213974836985,0.288849336006902
17030,criminal,84194,5.0,53.0,0.3533624723852056,0.16064379424605854,0.08198629112072535,0.15796789052824367,0.1633196979638734
17031,civil,102958,31.0,100.0,0.7013733755511958,0.4516869955603192,0.27666947342302184,0.44849788610256597,0.45487610501807246
17031,criminal,311040,7.0,89.0,0.42651427469135805,0.28768360043870395,0.1887343870686221,0.28603615043747843,0.28933105043992946
17032,civil,12817,29.0,,0.6671608020597642,0.43910258853421696,0.314275062895182,0.43004402585485385,0.4481611512135801
17032,criminal,105783,1.0,52.0,0.2556459922671886,0.1375323219408681,0.08267361319708123,0.13529474677188644,0.13976989710984974
17033,civil,10208,20.0,73.0,0.5961990595611286,0.3051594518891352,0.1479549540871589,0.2954955991832227,0.31482330459504765
17033,criminal,34451,4.0,45.0,0.29076079068822397,0.12800432503321682,0.05910253956978933,0.12415412939525573,0.1318545206711779
17034,civil,6450,13.0,74.0,0.5137984496124031,0.24676268844977467,0.1341138274785506,0.2360699945981395,0.25745538230140985
17034,criminal,34393,6.0,47.0,0.35181577646614126,0.1443834766686262,0.05619059018248475,0.14062490513467057,0.1481420482025818
17035,civil,18673,40.0,,0.7722379906817329,0.5239225281507469,0.33808598323817435,0.5163485301144892,0.5314965261870046
17035,criminal,102686,6.0,63.0,0.3878328107044778,0.19476217573021598,0.10676852533437946,0.19208178975626586,0.1974425617041661
17036,civil,11136,21.0,100.0,0.5881824712643678,0.3691894975578102,0.23988183878142172,0.35971724642705183,0.3786617486885686
17036,criminal,58735,4.0,40.0,0.3113986549757385,0.11887365919292738,0.04656662213422996,0.11602105133221655,0.1217262670536382
17037,civil,30396,11.0,62.0,0.467100934333465,0.20261442878648192,0.10309843558303387,0.19800405991310827,0.20722479765985558
17037,criminal,64584,7.0,72.0,0.4139415335067509,0.21063722776606056,0.12822631415592,0.2074205917905541,0.213853863741567
17038,civil,12645,21.0,77.0,0.6020561486753656,0.3674956284287091,0.15934047276033464,0.3589486492830689,0.37604260757434926
17038,criminal,67698,3.0,50.0,0.29896008744719194,0.13763950070340633,0.07676865089038568,0.1349781137411779,0.14030088766563475
17039,civil,14648,20.0,,0.6394046968869471,0.3833855525613946,0.2701869198149032,0.37513660405926413,0.3916345010635251
17039,criminal,60853,3.0,56.0,0.34008183655694874,0.1730077515434127,0.0870954117510073,0.16944140153156248,0.1765741015552629
17040,civil,9838,26.0,90.0,0.6991258385850782,0.3843263679004879,0.25284981859528155,0.37427550555301903,0.3943772302479568
17040,criminal,43383,6.0,61.0,0.38906945116750813,0.18770484469064927,0.10046870238775876,0.18359277540999389,0.19181691397130465
17041,civil,7078,43.0,109.0,0.7424413676179714,0.5357556112069883,0.3884135462765308,0.5239982399861557,0.547512982427821
17041,criminal,56665,1.0,35.0,0.2238771728580252,0.09579131186895656,0.051854083332751155,0.09333674086047228,0.09824588287744085
17042,civil,11123,14.0,95.0,0.5163175402319519,0.3453435087218528,0.23483770857720165,0.3362205321768058,0.35446648526689983
17042,criminal,27661,12.0,65.0,0.485448826868154,0.22558943139714466,0.11224457374974613,0.2202578733537176,0.2309209894405717
17043,civil,6254,6.0,39.0,0.27838183562519986,0.10950291403893252,0.04551923307277871,0.10163540628818411,0.11737042178968092
17043,criminal,24068,1.0,29.0,0.22502908426125978,0.0723384040499324,0.025930297331189463,0.06901930625027573,0.07565750184958907
18001,civil,8658,17.0,69.0,0.5802391352146902,0.2697216248591353,0.1332333911403427,0.2592635994404639,0.2801796502778067
18001,criminal,36871,6.0,63.0,0.4083426626286841,0.2139876068201891,0.11400137201876534,0.20938108009332582,0.2185941335470524
18002,civil,71208,0.0,57.0,0.32151782149835834,0.1699452462313459,0.08605235273881205,0.16686320198937615,0.17302729047331566
18002,criminal,66141,7.0,70.0,0.4178647627174466,0.2331922550839201,0.13913421752307037,0.22945808020770453,0.2369264299601357
18003,civil,33781,20.0,72.0,0.6244851888163753,0.3162773404812458,0.16455838109436852,0.3106186160801534,0.32193606488233817
18003,criminal,196295,0.0,65.0,0.3296413221929835,0.21308530471805415,0.11982243130558294,0.21108127780400168,0.2150893316321066
18004,civil,11786,25.0,70.0,0.6846124340459396,0.36367269360116755,0.16699263978000012,0.35392228516110114,0.37342310204123397
18004,criminal,28451,20.0,72.0,0.5698882584092715,0.3669870311271844,0.1894591178328822,0.3608775640194219,0.3730964982349469
18005,civil,6757,18.0,72.0,0.6068605454027274,0.3086214883313364,0.15401373442208635,0.2962814924602881,0.3209614842023847
18005,criminal,23926,1.0,37.0,0.23917384024800056,0.10176755321957627,0.0391409129230833,0.09733645764517734,0.1061986487939752
18006,civil,15210,20.0,80.0,0.6003642688482956,0.3468448591941605,0.2105905746500422,0.33851015031009923,0.3551795680782218
18006,criminal,52869,10.0,78.0,0.47624516609241074,0.320487890049689,0.19996092768245366,0.3161431546790017,0.3248326254203762
18007,civil,25336,21.0,74.0,0.6292345234302033,0.35307875273516154,0.17994765633450413,0.3465832603475929,0.3595742451227302
18007,criminal,102124,12.0,84.0,0.49795133738521313,0.3504756765925118,0.250647205202837,0.347256182803963,0.3536951703810606
18009,civil,4743,14.0,48.0,0.5334829362766865,0.17590756149169012,0.03784526349901465,0.16354067528230737,0.18827444770107288
18009,criminal,28358,3.0,46.0,0.32059671920016547,0.1453286784581939,0.04358057629081943,0.14066320811105723,0.14999414880533055
18010,civil,10879,22.0,70.0,0.6436372506226569,0.33871210477838426,0.1623189004055148,0.3288863404885439,0.3485378690682246
18010,criminal,56289,4.0,58.0,0.3923457649619429,0.21192862673506285,0.08623432475407046,0.20809565102382413,0.21576160244630158
18011,civil,5983,22.0,79.0,0.691329510943993,0.3054925363558961,0.16453246151295506,0.29171237184097787,0.3192727008708144
18011,criminal,16565,21.0,66.0,0.6405112130298379,0.27897412660773285,0.12385161119009201,0.27071021587891186,0.28723803733655384
18012,civil,6299,23.0,67.0,0.6921618523473996,0.3314656854179636,0.14249107401058922,0.3169784772230843,0.3459528936128429
18012,criminal,28407,12.0,60.0,0.4932108532974785,0.2395950935642949,0.09616531243525613,0.23364645678773574,0.24554373034085406
18013,civil,3339,12.0,53.0,0.48821442676557153,0.18685236164313002,0.04215952562027713,0.17133702441588064,0.2023676988703794
18013,criminal,14076,5.0,34.0,0.3434480201627869,0.09116808337656968,0.012586284720247821,0.08594941953069304,0.0963867472224463
18015,civil,5780,11.0,60.0,0.4486484124002089,0.19521011151554454,0.09805943820578462,0.18329726391370738,0.2071229591173817
18015,criminal,16646,7.0,51.0,0.40854033000378154,0.17107756571416852,0.0642453757853311,0.1643048701428562,0.17785026128548084
18016,civil,2293,30.0,68.0,0.7607066806904114,0.44278144501446576,0.19269378594176576,0.419543013650577,0.4660198763783545
18016,criminal,11070,5.0,53.0,0.350927665611489,0.15490038437135256,0.06435125897078615,0.14655877366920173,0.1632419950735034
18017,civil,1110,25.0,66.0,0.6686458628528565,0.3700934257353047,0.16944124926120258,0.3370571814159845,0.40312967005462486
18017,criminal,6311,5.0,38.0,0.3180147702947996,0.11213988552686878,0.028744815136421,0.10188427916053766,0.1223954918931999
18018,civil,8201,26.0,84.0,0.6901573971016589,0.41932295004419745,0.28764236518814745,0.4067138485321992,0.4319320515561957
18018,criminal,24787,11.0,73.0,0.4798489508585765,0.3195406968443609,0.21411318421827272,0.3126128497208948,0.32646854396782704
18019,civil,2949,18.0,75.0,0.6103819671012345,0.33110883551877923,0.18154709157703564,0.31117085579276377,0.3510468152447947
18019,criminal,15998,1.0,25.0,0.17963515841227698,0.06547721404407225,0.025410810638579667,0.06081324031263865,0.07014118777550586
18020,civil,2663,20.0,74.0,0.6300102381037035,0.32085699624979713,0.17139904199104497,0.30020397181862807,0.3415100206809662
18020,criminal,13359,15.0,66.0,0.5256548413000257,0.28927131633359926,0.13841471583292678,0.280358473672629,0.2981841589945695
18021,civil,4113,43.0,91.0,0.762057252007849,0.5279862601426473,0.3954267201369396,0.5101466087421417,0.5458259115431529
18021,criminal,15322,59.0,93.0,0.7891923907488542,0.6369230728555557,0.48706356394727485,0.6284229797803312,0.6454231659307802
18022,civil,1034,12.0,55.0,0.47716573999422396,0.18323279862910627,0.08069801538763785,0.15804571100802647,0.20841988625018606
18022,criminal,6337,11.0,52.0,0.4717429025231075,0.20151193643896312,0.055742622165225984,0.19061655253483684,0.2124073203430894
18023,civil,6043,21.0,69.0,0.6312911672302898,0.36169094076790315,0.18198400582154278,0.34714097398473215,0.37624090755107414
18023,criminal,35452,6.0,62.0,0.413987222458446,0.23106027336703755,0.11601382226480153,0.22601414068421227,0.23610640604986283
18024,civil,2620,23.0,68.0,0.6836282424405579,0.3311056824591199,0.14801433505063605,0.31027924918212324,0.3519321157361166
18024,criminal,13381,14.0,64.0,0.5166869912918416,0.2635040629389339,0.12024830234394861,0.25434849326668574,0.2726596326111821
18025,civil,1203,25.0,67.0,0.7331153185831112,0.36985381830568936,0.16652642776431947,0.33763369850597746,0.40207393810540126
18025,criminal,9445,22.0,71.0,0.6220988319794521,0.36622215962854043,0.18893854771777957,0.3553158783547539,0.37712844090232694
19001,civil,4199,15.0,88.0,0.5513687167651433,0.24879873321411994,0.16682354979049085,0.23327860766017866,0.2643188587680612
19001,criminal,5490,9.0,81.0,0.44529602399228985,0.2210500613636493,0.1400525466746515,0.2077480648902932,0.23435205783700538
19002,criminal,562,10.0,,0.4804270462633454,0.3874919782976492,0.3855737011773638,0.347182389131326,0.4278015674639724
20001,civil,32550,21.0,71.0,0.6433959052083261,0.29782221059829345,0.13813113467691512,0.2924971572029594,0.3031472639936275
20001,criminal,10332,2.0,29.0,0.2133438572629289,0.07162827290664013,0.02750747536790831,0.06604124036787104,0.07721530544540922
20002,civil,5850,14.0,53.0,0.530604670816927,0.1863390635687069,0.0842693359590207,0.17507691398307695,0.19760121315433682
20002,criminal,3906,24.0,97.0,0.6417494446696114,0.37473510374525987,0.24102635104735595,0.3589053603922867,0.390564847098233
20003,civil,3525,21.0,59.0,0.6592087118658287,0.2721793679390066,0.09019449832205667,0.2552983256550342,0.289060410222979
20003,criminal,4682,23.0,67.0,0.6596279168680673,0.3592362061695277,0.1264222715913995,0.3444374714929681,0.37403494084608735
20005,civil,7150,8.0,38.0,0.355619617570139,0.1062858128433448,0.03893360278678869,0.09813784525056005,0.11443378043612956
20005,criminal,5232,10.0,47.0,0.4412201120711977,0.14412228706719027,0.06668634485889924,0.13403727768784351,0.15420729644653702
20006,civil,5251,15.0,41.0,0.5640744619911849,0.13550519052233864,0.02535766004887214,0.12526109302471722,0.14574928801996007
20006,criminal,6002,12.0,41.0,0.49333597888817604,0.12774957625011804,0.04151726952580931,0.1188658972214215,0.13663325527881456
20009,civil,2619,22.0,102.0,0.6560616250490803,0.3750403474130213,0.22687699473801473,0.3551980519387193,0.3948826428873233
20009,criminal,7111,45.0,,0.803403731957983,0.579625868946921,0.35999714898804913,0.5677346934974962,0.5915170443963459
20010,civil,2839,15.0,49.0,0.567462531880153,0.17216137875016693,0.06148155876209695,0.1557696149876967,0.18855314251263716
20010,criminal,1800,15.0,69.0,0.5513778525612966,0.2506676916011727,0.13412420320985538,0.22928439591389602,0.2720509872884494
20011,civil,1763,8.0,29.0,0.32094680530097464,0.06386370128701206,0.02118705971348373,0.05212192644040449,0.07560547613361963
20011,criminal,1580,8.0,27.0,0.313830349679992,0.06144519880118907,0.030386492954039557,0.04927721431430673,0.07361318328807141
21001,civil,12978,5.0,79.0,0.3698158786317417,0.19904630536025464,0.12859955087689792,0.19163407822058326,0.20645853249992602
21001,criminal,15997,1.0,59.0,0.2541790189465249,0.15239519907802215,0.09485544021761849,0.1462971588106844,0.15849323934535992
21002,civil,1321,4.0,89.0,0.3636830959620781,0.28522381306389255,0.20064235880940284,0.2596672259238442,0.3107804002039409
21002,criminal,1493,2.0,75.0,0.21714013806354665,0.15691485816340928,0.12451660061637754,0.1330793175849597,0.18075039874185886
21003,civil,557,,,0.9262081485129487,0.9034767448090422,0.8773030786839895,0.8778609833585338,0.9290925062595505
21004,civil,1284,0.0,28.0,0.15744394922949256,0.07087609615231512,0.02955523988101352,0.055705820453038374,0.08604637185159186
21005,civil,241,,,0.8814843932516058,0.7826568527199101,0.7022527279079759,0.7257858223669217,0.8395278830728986
22001,civil,353819,18.0,57.0,0.6059786746828285,0.22599535446566424,0.083656972339183,0.22438122527067378,0.2276094836606547
22001,criminal,114142,1.0,33.0,0.2561645169968592,0.07892913203630135,0.014463148891938933,0.07702403923293913,0.08083422483966357
22002,civil,158913,17.0,54.0,0.5832303703272548,0.23661397541786405,0.0628503303563326,0.23427487562588528,0.23895307520984282
22002,criminal,263562,1.0,18.0,0.1557655007289519,0.026479296700101483,0.004831239677492231,0.02573025768458537,0.027228335715617596
22003,civil,59748,20.0,62.0,0.6155934707148766,0.3079594130101907,0.11147000953113793,0.3038450778973147,0.3120737481230667
22003,criminal,29644,1.0,32.0,0.2566962340313242,0.07765541697392142,0.01968870789067234,0.07397719318647365,0.08133364076136919
22004,civil,67973,7.0,47.0,0.40037970784226207,0.1657485152145654,0.049897994302549147,0.16266441787615438,0.16883261255297644
22004,criminal,26552,3.0,42.0,0.33907764426805426,0.1339454581161301,0.031131693589736175,0.12906009135474605,0.13883082487751414
22005,civil,204901,11.0,49.0,0.47014748543442725,0.17629092644230854,0.04809295195042985,0.1743690353035272,0.17821281758108987
22005,criminal,70743,1.0,27.0,0.20981447167670722,0.05000891901391875,0.008245842748554387,0.048051377761088816,0.05196646026674868
22006,civil,72473,14.0,44.0,0.5371749913061679,0.16801946398588885,0.025762838378159673,0.16494883200959454,0.17109009596218316
22006,criminal,44053,3.0,32.0,0.3097503652279899,0.07179905195239322,0.005437028498100106,0.06887921702823668,0.07471888687654976
22008,civil,161015,16.0,50.0,0.5883065171890262,0.20290913980370423,0.04973001176366434,0.20072208505439615,0.2050961945530123
22008,criminal,116626,4.0,28.0,0.26655869146643035,0.052343812870340574,0.007264177158949546,0.05071682461185236,0.05397080112882879
22009,civil,34426,18.0,52.0,0.5976076150509105,0.23523928581676878,0.05361531125030203,0.23030588742688707,0.2401726842066505
22009,criminal,25780,4.0,32.0,0.31784998752050464,0.07049215177292384,0.008454545710253293,0.06676395783475407,0.07422034571109361
22010,civil,72125,23.0,54.0,0.6993067557173271,0.2843327483785139,0.05895811765364449,0.280624530335047,0.28804096642198085
22010,criminal,35324,7.0,38.0,0.4184747353237426,0.11428217826423305,0.014686238354501654,0.11043559567736058,0.11812876085110552
22011,civil,52869,18.0,54.0,0.6053592793772449,0.2467698010876038,0.062264860655928525,0.24266751296844138,0.25087208920676624
22011,criminal,68693,2.0,30.0,0.2382168855554436,0.06964772546940635,0.014995975664065263,0.06735545752172198,0.07193999341709073
22012,civil,47796,19.0,52.0,0.6319024607430428,0.23422003498737076,0.05080559703482016,0.22997329757426302,0.2384667724004785
22012,criminal,36140,1.0,31.0,0.25529284149911424,0.0699331727365532,0.0068111919091438785,0.06675711770695354,0.07310922776615285
22013,civil,48499,10.0,42.0,0.4523810929338954,0.14445050379303478,0.023820549315322747,0.14086945910952847,0.1480315484765411
22013,criminal,26944,2.0,37.0,0.31240176501830785,0.10454023672849354,0.011946436055788604,0.10018274724593833,0.10889772621104875
22014,civil,39234,14.0,44.0,0.5265517200035342,0.1607638373085326,0.025286735580580925,0.15651416496817896,0.16501350964888625
22014,criminal,27231,8.0,34.0,0.402192149188208,0.077030519660931,0.004894250626380463,0.07254629989887385,0.08151473942298815
22015,civil,43419,12.0,50.0,0.49560816238746735,0.2150426271952365,0.03998070412106924,0.21072207416658678,0.21936318022388623
22015,criminal,20796,2.0,29.0,0.25234429703920636,0.05883674915981602,0.01028956677766437,0.05468349541394656,0.06299000290568549
22016,civil,32861,17.0,53.0,0.5835118077604688,0.23361000374587976,0.054132899074053,0.22854308279276425,0.23867692469899526
22016,criminal,20463,0.0,24.0,0.16387422094213783,0.04828809257688917,0.008887928451373369,0.04482414802090499,0.05175203713287336
22017,civil,135595,11.0,43.0,0.46279822044476504,0.1443608984472841,0.03140346550388227,0.1421792627795428,0.14654253411502538
22017,criminal,66303,0.0,20.0,0.1488314136794933,0.03211904963381595,0.003677769935794128,0.030510591630618283,0.03372750763701361
22018,civil,82522,25.0,58.0,0.7003407161577819,0.31800826331158594,0.08404109479057734,0.31446547127576124,0.32155105534741063
22018,criminal,41739,3.0,33.0,0.32326390471100536,0.07750319975106061,0.011209460187835989,0.07416813954612825,0.08083825995599297
22019,civil,93418,18.0,48.0,0.6075429280128274,0.217942790956973,0.03455526217622718,0.21489900054643016,0.22098658136751584
22019,criminal,70615,3.0,30.0,0.29428057917870754,0.06288431327004831,0.007802790000456468,0.06062086181955752,0.06514776472053911
22021,civil,28440,20.0,53.0,0.629574013637446,0.27575365976377575,0.04325035997265683,0.26994862156014116,0.28155869796741034
22021,criminal,15697,7.0,36.0,0.39722564825034146,0.09785907689588212,0.0072032298762913045,0.09221195901781098,0.10350619477395326
22023,civil,42382,19.0,47.0,0.6317870074123096,0.2152443039840441,0.03114367870660709,0.21077677532494804,0.21971183264314015
22023,criminal,28809,5.0,40.0,0.39361461749834525,0.1340419486334122,0.017559193183862586,0.12904958468259142,0.139034312584233
22024,civil,72975,19.0,52.0,0.6258919539728409,0.24517041887700025,0.05453158757576087,0.24153392869237292,0.24880690906162758
22024,criminal,35844,5.0,33.0,0.3417951663956677,0.0808912152839442,0.010241014471981273,0.07733624398926246,0.08444618657862595
22026,civil,63763,11.0,39.0,0.4668772929138081,0.11952431483707096,0.015130727099235498,0.11677567041443844,0.12227295925970348
22026,criminal,39666,6.0,30.0,0.3411401417973684,0.054123113589489374,0.004883317241574264,0.05137628415100741,0.05686994302797134
23001,civil,93879,22.0,90.0,0.6364005930672452,0.35507695741357875,0.2151479266483948,0.35155741140290486,0.35859650342425264
23001,criminal,226706,7.0,87.0,0.4501270698014097,0.3024533062398868,0.19877029909091073,0.3003926957103903,0.30451391676938333
23002,civil,15638,17.0,71.0,0.6012121008790425,0.2553956610182208,0.13685943165883493,0.24749030187241627,0.26330102016402535
23002,criminal,70114,5.0,61.0,0.40806180155167376,0.2255861916670244,0.10156188624571734,0.22219482453366543,0.22897755880038337
23003,civil,19783,18.0,70.0,0.639405063809791,0.2731699892215574,0.14126032859366058,0.2660730499360897,0.28026692850702506
23003,criminal,57927,9.0,67.0,0.44990012741610086,0.24710584289026724,0.13567114552592494,0.24320282285938774,0.25100886292114677
23004,civil,11563,15.0,55.0,0.5639352682811005,0.2025202418813861,0.08285787048771909,0.19445216609227844,0.21058831767049374
23004,criminal,27739,7.0,54.0,0.41564544736833925,0.18548488859687284,0.07412452400777544,0.18045651371612992,0.19051326347761577
23005,civil,8882,14.0,63.0,0.5349730491995929,0.23115971299156843,0.1097972304886394,0.22137822785893402,0.24094119812420284
23005,criminal,24094,8.0,68.0,0.4448035652269406,0.2530455562891968,0.13651091897960954,0.24707865010218644,0.25901246247620713
23006,civil,7854,18.0,56.0,0.6428344534386434,0.19680120704611012,0.0880140400631103,0.18641080441254282,0.20719160967967742
23006,criminal,18803,8.0,66.0,0.4438200421036989,0.2468780246398036,0.13538829056975896,0.239839416926628,0.25391663235297923
23007,civil,11822,11.0,49.0,0.47286813161351254,0.15776348275281324,0.06716166090749447,0.1500456400637586,0.1654813254418679
23007,criminal,43805,4.0,47.0,0.3594036832581556,0.14893976372710457,0.05030729422454996,0.14517852683405583,0.15270100062015332
23008,civil,5054,15.0,60.0,0.5545200985061278,0.20183802979798432,0.09910666717662692,0.18899175460564607,0.21468430499032257
23008,criminal,17823,3.0,41.0,0.3177309934403301,0.12314960358140434,0.03654748743857182,0.11745635837586671,0.12884284878694197
23009,civil,12243,14.0,44.0,0.5572946384921895,0.15213657937102493,0.03889241150611542,0.1446110312661429,0.15966212747590697
23009,criminal,30148,11.0,49.0,0.47993332795376753,0.18353955061919386,0.05189779869367504,0.1783178013015733,0.18876129993681443
23010,civil,18745,13.0,44.0,0.5031449040433837,0.13333249566271685,0.057974983773932634,0.1276376540619158,0.1390273372635179
23010,criminal,68863,4.0,41.0,0.31517797381661933,0.12124925667071951,0.0442480506638906,0.11848591394122669,0.12401259940021232
23011,civil,21097,17.0,84.0,0.5701582314630665,0.29635604767009643,0.17808983955411226,0.2894231766560423,0.3032889186841506
23011,criminal,55718,13.0,71.0,0.5083237105876066,0.30116622473179283,0.16537661174976181,0.29691440596766483,0.30541804349592083
23012,civil,9699,13.0,58.0,0.5106806891681455,0.20610966082235888,0.09104445169006889,0.19707487062416248,0.21514445102055527
23012,criminal,25332,14.0,62.0,0.5201172268490868,0.28601453944976896,0.10920877784899194,0.2799709089571033,0.2920581699424346
23013,civil,11321,12.0,59.0,0.49617056593757897,0.19117086642840045,0.09282090027929574,0.18261255325669326,0.19972917960010764
23013,criminal,40163,7.0,67.0,0.4352081318658849,0.2533511859750311,0.13046178884878815,0.24866926127584482,0.25803311067421736
23014,civil,24047,16.0,59.0,0.5808371802756211,0.2166240615266294,0.09245426187600245,0.2103933738353689,0.22285474921788992
23014,criminal,74634,15.0,60.0,0.5341731640909478,0.2848878504704595,0.09958400058596448,0.28129255710720336,0.28848314383371565
23015,civil,31111,16.0,63.0,0.5693105932751641,0.24359534796910473,0.10822358120570647,0.23808060912522988,0.24911008681297958
23015,criminal,86892,19.0,85.0,0.5565343474953584,0.37625256220385955,0.24884301336963566,0.3727389829536849,0.3797661414540342
23016,civil,24178,24.0,73.0,0.6761814909476658,0.36776376103490527,0.20117362788433332,0.3609493162298549,0.37457820583995566
23016,criminal,69643,10.0,58.0,0.4628775084827981,0.24044807919572342,0.08682184827647504,0.23697277716032308,0.24392338123112375
23017,civil,14325,25.0,89.0,0.694882997320133,0.3909383204218583,0.221000498500295,0.38181801043111196,0.4000586304126046
23017,criminal,35795,16.0,75.0,0.5364103843113076,0.32419648515620036,0.19776210183441068,0.3187641253999002,0.32962884491250055
23018,civil,15200,17.0,65.0,0.586594713664792,0.2585066031388366,0.12502415213429832,0.25068569754904363,0.2663275087286296
23018,criminal,39797,5.0,60.0,0.3764716395767404,0.20988306733381748,0.0991394692212731,0.20553052490274487,0.2142356097648901
23019,civil,24126,20.0,72.0,0.6440388324010867,0.3093784010056883,0.16018080112731242,0.30252886976294824,0.3162279322484284
23019,criminal,53742,17.0,66.0,0.5564375878238792,0.31752365053017456,0.14361716335319133,0.31313825002882434,0.3219090510315248
23020,civil,41079,17.0,62.0,0.5970327051787664,0.23626956720995368,0.10486531790093948,0.23149697251880305,0.2410421619011043
23020,criminal,113549,2.0,59.0,0.3714454602699796,0.19055316680953197,0.09266141595771782,0.18801808905245312,0.1930882445666108
23021,civil,19749,32.0,92.0,0.7571462293240706,0.4527057380111683,0.2547236668096902,0.4448147667698911,0.4605967092524455
23021,criminal,52140,17.0,75.0,0.5457275018176765,0.3422136947457596,0.19783425654593326,0.33778537062379677,0.3466420188677224
23022,civil,11555,20.0,72.0,0.6526178011401017,0.2978625817101447,0.15749881925188094,0.2881533300055714,0.30757183341471794
23022,criminal,24764,15.0,69.0,0.5258577048439576,0.29656099917348705,0.15343423199965434,0.2901073688228882,0.3030146295240859
23023,civil,24129,13.0,60.0,0.5216780633061557,0.2091176209284661,0.09953313166742812,0.20322334842729795,0.21501189342963428
23023,criminal,75880,12.0,59.0,0.4897955092858279,0.23452296992578636,0.08796389351803273,0.2311987135445723,0.23784722630700042
23024,civil,15739,16.0,64.0,0.5883755207494099,0.24636852808667611,0.11487585490698285,0.23845269562595442,0.2542843605473978
23024,criminal,53537,17.0,64.0,0.5556994801861987,0.30038803345292714,0.13186208429944343,0.2960032771640168,0.30477278974183747
23025,civil,18007,16.0,58.0,0.5743060572920302,0.21098641852667221,0.0865051731683786,0.20400076574979717,0.21797207130354726
23025,criminal,54210,13.0,58.0,0.5020306677339349,0.26691535908020014,0.08484849010476664,0.2627291227127904,0.27110159544760987
23026,civil,21388,19.0,62.0,0.6484039168436823,0.267183472556358,0.11165107485890402,0.26037571678258864,0.27399122833012735
23026,criminal,59101,3.0,54.0,0.35639285435172446,0.17256987939088383,0.07721732316654265,0.1691387620338498,0.17600099674791786
23027,civil,19380,14.0,70.0,0.5293836532990256,0.20583299493535007,0.1189234835341863,0.1993642317919144,0.21230175807878574
23027,criminal,77377,10.0,69.0,0.46783842390515634,0.2642180316344608,0.1344256651944966,0.26088149510572933,0.26755456816319223
23028,civil,18968,17.0,73.0,0.5885153892846653,0.2804576701873845,0.1548252593118974,0.27296616162989507,0.2879491787448739
23028,criminal,63440,13.0,68.0,0.5040662317710617,0.30156301206037905,0.15678027227901986,0.297427593095581,0.30569843102517713
23029,civil,26855,18.0,74.0,0.6163768527682165,0.2684216408892561,0.14406760635414023,0.2622884490251872,0.27455483275332493
23029,criminal,64244,13.0,66.0,0.507279499272358,0.2853599312380887,0.13827426191755254,0.28138884080848015,0.2893310216676973
23030,civil,23515,17.0,80.0,0.5742945597079978,0.278399552133428,0.15877623365748408,0.271747354004176,0.28505175026268
23030,criminal,49486,15.0,70.0,0.539992423825273,0.2734740356180117,0.14176656559769335,0.2688979012064546,0.2780501700295688
23031,civil,13470,38.0,,0.7890894220457038,0.5184132829682948,0.3234534997690909,0.5085366698406864,0.5282898960959033
23031,criminal,56371,30.0,86.0,0.6403784526248514,0.45126516901472624,0.2521884298743083,0.4467855985893587,0.4557447394400938
23032,civil,44485,24.0,81.0,0.6642807030279525,0.3639531730200871,0.20208072645620545,0.3589003919598901,0.36900595408028414
23032,criminal,84649,21.0,80.0,0.6135503851940352,0.35894091527353017,0.20816876571470808,0.3553753033845539,0.3625065271625064
23033,civil,18945,28.0,76.0,0.7575310331943174,0.3881735939216741,0.19782147955620816,0.38018128426545494,0.3961659035778933
23033,criminal,68569,0.0,67.0,0.3763920946195809,0.2538765457504466,0.13249382557562595,0.2503740982292957,0.2573789932715975
23034,civil,31510,17.0,66.0,0.5875869106405077,0.261729069346588,0.12941402718981002,0.25626194548296555,0.2671961932102105
23034,criminal,89135,3.0,63.0,0.3842233172753763,0.22018435432584108,0.11130751676277702,0.21719292892064399,0.22317577973103817
23035,civil,31468,22.0,74.0,0.6610745787430808,0.32274897916628564,0.16173185776562346,0.31683050422113307,0.3286674541114382
23035,criminal,60456,20.0,77.0,0.5810175144531715,0.33293953439998686,0.1740291498212057,0.3287491319170253,0.3371299368829484
23036,civil,23564,18.0,58.0,0.6297104297587561,0.2323964998485397,0.09061473634567228,0.22625148890440955,0.23854151079266983
23036,criminal,83373,10.0,61.0,0.46024305082360445,0.220917376716509,0.10048344544135913,0.21773461276480383,0.22410014066821415
23037,civil,28294,15.0,60.0,0.5574756178379784,0.21787854011550062,0.09854518445089856,0.21230611196677093,0.2234509682642303
23037,criminal,71944,4.0,54.0,0.3846724070355437,0.18472944223277965,0.07489081440669362,0.18157118072205064,0.18788770374350866
23038,civil,41825,18.0,59.0,0.6130949383893894,0.24040717675279957,0.0875526944461029,0.23567108729445305,0.2451432662111461
23038,criminal,91492,8.0,60.0,0.4402297481962056,0.23552219049762108,0.09384954857446315,0.23239250326075583,0.23865187773448632
23039,civil,22611,17.0,73.0,0.5894141189784783,0.2733838514207389,0.15287394215098704,0.2665815510499477,0.2801861517915301
23039,criminal,55870,18.0,68.0,0.5694942953702066,0.31584222501053133,0.15534014808519267,0.31143947172896946,0.3202449782920932
23040,civil,26647,17.0,57.0,0.607228743814589,0.21682357437507555,0.08159193313859137,0.21106175473388927,0.22258539401626182
23040,criminal,102525,14.0,61.0,0.51276326932187,0.3000152652180318,0.10789469366910559,0.29693029920454317,0.3031002312315204
23041,civil,24075,18.0,58.0,0.6238439328721279,0.24063751903741648,0.0906771214385766,0.2345375101865188,0.24673752788831416
23041,criminal,33254,3.0,36.0,0.27571298631117913,0.0994208809552007,0.040701757256681,0.09576746270604855,0.10307429920435285
23042,civil,28503,22.0,90.0,0.6590788508403777,0.35054595502046637,0.20938744921063016,0.3442730108644569,0.35681889917647586
23042,criminal,71727,13.0,72.0,0.5082168447181933,0.3067783726530529,0.16716988328246604,0.30302615151298296,0.31053059379312287
23043,civil,48217,13.0,67.0,0.5016957217654058,0.2205178271862676,0.12089712301043634,0.21627540942603665,0.22476024494649857
23043,criminal,148224,7.0,62.0,0.4315891793020585,0.2211500315636121,0.10650191967185349,0.2187983462994596,0.2235017168277646
23044,civil,61737,14.0,72.0,0.5218542601848237,0.2471513794416535,0.14230702010067506,0.24329402875008047,0.2510087301332265
23044,criminal,195410,7.0,67.0,0.42742875755800386,0.23227921824721975,0.12924766602766932,0.2302094556108751,0.2343489808835644
23045,civil,45854,14.0,69.0,0.5462709688118829,0.23184915353107216,0.1266733605217043,0.22740554426441384,0.23629276279773048
23045,criminal,147630,15.0,74.0,0.5357215603874799,0.30166421247852315,0.16171248657968434,0.29903079229326146,0.30429763266378484
23046,civil,46149,33.0,,0.7357307934378534,0.4751576932299108,0.3143686680961914,0.4699382240735668,0.48037716238625483
23046,criminal,113185,20.0,85.0,0.5655903330055289,0.37820169623978467,0.24726857003228706,0.3751226240965569,0.38128076838301245
23047,civil,113839,22.0,,0.6369403303593502,0.36179696412045936,0.23004732962718352,0.35866903441210846,0.36492489382881027
23047,criminal,469317,12.0,85.0,0.4892349142598339,0.30551738307888826,0.19018516927422838,0.3040273415416031,0.3070074246161734
23048,civil,8418,30.0,85.0,0.7598255201293492,0.4283477281594583,0.234692093554695,0.41550784578439054,0.4411876105345261
23048,criminal,24880,37.0,80.0,0.7341191758460407,0.5088258124742208,0.2697901347213554,0.5017870860046927,0.5158645389437488
23049,civil,9140,17.0,64.0,0.5895436812891962,0.27681609836073784,0.15904663654984547,0.2659500254054664,0.28768217131600926
23049,criminal,25056,8.0,42.0,0.4124196947641317,0.13427305160219935,0.04202075768011022,0.12937662606893632,0.13916947713546238
23050,civil,101489,12.0,57.0,0.4938038293353932,0.18883944450973564,0.09118891006337848,0.18609116516983695,0.19158772384963432
23050,criminal,308056,1.0,52.0,0.302032846949842,0.15283297828181194,0.07582549722385343,0.1514898481251245,0.15417610843849938
24001,civil,2920,1.0,9.0,0.06950710335759214,0.004884549844012644,0.000407045820334387,0.0021428969579919558,0.007626202730033332
24001,criminal,4880,0.0,8.0,0.06942284072503155,0.0032873570577848918,,0.0012854221489611265,0.0052892919666086575
24002,civil,369,1.0,6.0,0.05407330980678526,0.00901221830113088,,0.0,0.019138324226049632
24002,criminal,591,1.0,17.0,0.13389164828204772,0.02017545385071951,,0.008400874160475812,0.03195003354096321
24003,civil,1711,1.0,6.0,0.0378329833330259,,,,
24003,criminal,2328,0.0,4.0,0.021183177080199848,0.0006004301893480683,,0.0,0.001767023159784106
24004,civil,6197,1.0,20.0,0.15895997752834834,0.02663001287465408,0.0025602119979812412,0.02209520004265868,0.03116482570664948
24004,criminal,9239,1.0,24.0,0.19829790035767042,0.021539733236130607,0.002659145065667461,0.018055128010300334,0.02502433846196088
25001,civil,12751,1.0,33.0,0.2007990007034344,0.0853736322741972,0.037254570916120604,0.07973999739363746,0.09100726715475693
25001,criminal,6860,0.0,17.0,0.12742535584256487,0.05075653107802426,0.02307720308055975,0.04480135492143906,0.056711707234609464
25002,civil,32560,3.0,48.0,0.3120729169976865,0.14284715818195423,0.06700501576975794,0.1386678006250662,0.14702651573884226
25002,criminal,8765,0.0,15.0,0.1109918041401483,0.03555830646453694,0.015138279901888062,0.031111627723584175,0.04000498520548971
25003,civil,4911,1.0,23.0,0.1577825060046036,0.0688963224970764,0.04424738631209349,0.06058394369168635,0.07720870130246646
25003,criminal,2896,0.0,8.0,0.08040537784866462,0.04808116160477547,0.0363308662791888,0.039395170317434836,0.056767152892116104
25004,civil,5406,1.0,21.0,0.1473989935430603,0.06828554922793201,0.040845967041386176,0.06018078481958396,0.07639031363628006
25004,criminal,3790,1.0,14.0,0.1073091550515559,0.038676921077703846,0.017123826504406407,0.03144060154632981,0.04591324060907788
25005,civil,992,3.0,38.0,0.3074830462635097,0.12407454903317619,0.04913026166806215,0.10149515491861677,0.1466539431477356
25005,criminal,374,0.0,18.0,0.10373356091811575,0.05503785012698005,,0.0267731859994147,0.0833025142545454
25006,civil,1439,0.0,15.0,0.11135209349668573,0.03722382182077863,0.025722615335127798,0.024115539219954178,0.05033210442160308
25008,civil,572,1.0,9.0,0.07286884070605538,0.03259921821060373,0.009545391998921878,0.01740773839974387,0.04779069802146359
25009,civil,1129,1.0,73.0,0.22769277299268526,0.13217048338230727,0.10188412532466108,0.10976544738034846,0.15457551938426609
26001,civil,52604,8.0,40.0,0.373545294737705,0.11586857497966735,0.0343311594218927,0.11285905639072627,0.11887809356860843
26001,criminal,39442,17.0,,0.551719126855412,0.3426964267782577,0.23730439015092514,0.33755085042801,0.3478420031285054
26002,civil,48259,14.0,70.0,0.5213712893735752,0.2544958766204963,0.1275521075235151,0.2500138549649339,0.25897789827605866
26002,criminal,69990,27.0,,0.6434048385412817,0.42631773257585576,0.2911911101662368,0.422231164069819,0.43040430108189254
26003,civil,44974,13.0,80.0,0.5167100084942697,0.2622723118805765,0.15316944300527902,0.2577371210268404,0.2668075027343126
26003,criminal,75231,18.0,98.0,0.5782403573251318,0.32785487429731835,0.20634366023504006,0.32414483731926824,0.33156491127536847
26004,civil,85447,7.0,69.0,0.3917448950853754,0.19536655503715777,0.12275149179349543,0.19242676725337943,0.19830634282093612
26004,criminal,68218,28.0,,0.6196570913709178,0.45124602675398573,0.3465548972745911,0.4471206137299865,0.45537143977798494
26005,civil,90417,8.0,76.0,0.41727160980822803,0.2163002204203659,0.13308322599118227,0.2133280541924691,0.21927238664826268
26005,criminal,93973,31.0,,0.6283156971511645,0.47349450889478284,0.35763189434573106,0.470064180362957,0.4769248374266087
26006,civil,111276,11.0,82.0,0.47637473807883657,0.2543775640568279,0.1542334223703268,0.251504752648877,0.25725037546477875
26006,criminal,149088,11.0,49.0,0.46644963303415765,0.146424818950172,0.07161621109995173,0.14439956692929173,0.14845007097105228
26007,civil,79078,5.0,67.0,0.3129690066409508,0.16331188340646774,0.10932354589861734,0.16038274736282845,0.16624101945010702
26007,criminal,98926,29.0,104.0,0.7300078153428003,0.41936221850142724,0.25357071252355806,0.41577376405761524,0.42295067294523925
26008,civil,176743,12.0,70.0,0.4953682339671555,0.23754316045839327,0.1282722638279535,0.23538455793249227,0.23970176298429427
26008,criminal,124772,12.0,76.0,0.490596875806882,0.25410543093314625,0.1455771313629701,0.25146115331906055,0.25674970854723195
26009,civil,102036,14.0,78.0,0.5211511148216013,0.25967241015708525,0.14737855868563046,0.2567521627404496,0.2625926575737209
26009,criminal,92987,30.0,,0.6514219009119318,0.460788708824939,0.3456234993864256,0.4572302285543061,0.4643471890955719
26010,civil,72090,6.0,68.0,0.37919775585265847,0.18780003592338063,0.11555611897409414,0.18455373035065734,0.19104634149610392
26010,criminal,82661,16.0,85.0,0.5636755819155017,0.29679020051836014,0.18318211638209278,0.29329092304249726,0.300289477994223
26011,civil,95737,4.0,56.0,0.3328997617409131,0.15191407094400078,0.09289647909160062,0.1491924702675876,0.15463567162041394
26011,criminal,87542,18.0,73.0,0.5834142723953386,0.2993477274953427,0.14047598702743302,0.29594196129849537,0.30275349369219007
27001,civil,166469,14.0,49.0,0.5232085253110189,0.18455709860137112,0.04796073496684432,0.18250334065547227,0.18661085654726997
27001,criminal,58083,10.0,35.0,0.4223955374205877,0.08812221078860466,0.019611784650532278,0.08558645230020105,0.09065796927700827
29001,civil,30943,17.0,63.0,0.5879890374651224,0.26295621526093593,0.11054063698204683,0.2575272985012851,0.2683851320205868
29001,criminal,72253,11.0,55.0,0.4709597884711487,0.223471777305263,0.07538118133602337,0.22012039141782003,0.22682316319270596
29002,civil,170377,21.0,66.0,0.6861573745403218,0.29256529094570366,0.12489189898088753,0.29015063657842716,0.29497994531298016
29002,criminal,222657,11.0,61.0,0.48237636231183967,0.21234076212420047,0.10328901893301744,0.2104188793560356,0.21426264489236535
29003,civil,51517,34.0,81.0,0.7979193283272628,0.47532787972332036,0.26149806508447315,0.4704634502714979,0.48019230917514283
29003,criminal,74230,35.0,81.0,0.7587530541742419,0.4852157609657912,0.24830726240947049,0.48111143113755994,0.4893200907940225
29004,civil,53447,21.0,76.0,0.6529856583148667,0.31512990677085884,0.1717951749065673,0.31071073924525755,0.3195490742964601
29004,criminal,89400,18.0,66.0,0.5814335196239712,0.28615382284075197,0.12301112134351594,0.28283414266692686,0.2894735030145771
29005,civil,44981,29.0,84.0,0.7564947798831951,0.42609134960682765,0.2450337615971672,0.42082769643358936,0.43135500278006594
29005,criminal,81179,22.0,67.0,0.6196086943206941,0.34535311716000805,0.15053622817365564,0.34168822469746923,0.34901800962254687
29006,civil,29599,30.0,80.0,0.7643971291004581,0.4383921475072481,0.23761198401186456,0.4318059788039956,0.44497831621050055
29006,criminal,47423,21.0,65.0,0.6585157012267325,0.2969710396358881,0.11698294830157617,0.29226716801517233,0.3016749112566039
29007,civil,46348,38.0,106.0,0.817714541651928,0.5106761736423312,0.3422864910387998,0.5053059267698894,0.516046420514773
29007,criminal,59371,42.0,96.0,0.8010797072854958,0.5553200141703412,0.32337054722102804,0.5504465426293329,0.5601934857113494
29008,civil,30536,25.0,66.0,0.7216424732870537,0.33931748694515246,0.13095707388101688,0.33329385938946343,0.3453411145008415
29008,criminal,47622,17.0,53.0,0.5681779514961952,0.23571685679135201,0.06726937443383062,0.23142528807876353,0.2400084255039405
29009,civil,127071,29.0,91.0,0.7240009064202455,0.41820761703136505,0.2415439133806481,0.41501982242767416,0.42139541163505595
29009,criminal,142872,19.0,74.0,0.5964009023831173,0.30417846153339695,0.14918063939602852,0.3013961858426606,0.3069607372241333
29010,civil,68039,27.0,85.0,0.7392659385742295,0.3884707582892643,0.21348560564859645,0.3843373262225966,0.392604190355932
29010,criminal,74657,26.0,76.0,0.6870670133112443,0.36503299244716086,0.17294226413618022,0.3611296056461632,0.36893637924815853
30001,civil,114163,10.0,57.0,0.4369324679911082,0.1644141210605616,0.090548873408999,0.1619764029050541,0.1668518392160691
30001,criminal,40600,3.0,40.0,0.294179356468956,0.11341455813588115,0.051183315448448084,0.1100230212550569,0.1168060950167054
30002,civil,93001,3.0,38.0,0.26626316469432215,0.10361222817670138,0.05648617262385661,0.10141377179177191,0.10581068456163084
30002,criminal,33579,2.0,21.0,0.17567252321607635,0.0456340733669262,0.01906164336913484,0.0431131053316464,0.04815504140220601
31001,civil,1526,0.0,24.0,0.18741808650065528,0.0651730854786153,0.021337893382673934,0.052772008148974224,0.07757416280825638
31001,criminal,1585,1.0,14.0,0.10977917981072553,0.012756959129198877,0.00239192983672479,0.0072080864103372016,0.018305831848060554
31002,civil,3000,2.0,30.0,0.199,0.08039896326749486,0.03527850878687908,0.07065882568613029,0.09013910084885944
31002,criminal,5040,3.0,33.0,0.2803571428571428,0.08786577608142492,0.024848918575063595,0.08004513051598952,0.09568642164686031
32001,civil,3115,11.0,35.0,0.46581059390048163,0.09411089170506753,0.026577687455751106,0.08383210786741228,0.10438967554272278
32001,criminal,5914,9.0,60.0,0.43574568819749765,0.19792465649904925,0.09623524908219021,0.1877502888599545,0.208099024138144
33001,civil,201,9.0,39.0,0.383084577114428,0.10945273631840798,0.04477611940298508,0.06629090718709559,0.15261456544972035
33002,civil,271,9.0,33.0,0.3763837638376383,0.07011070110701104,0.02583025830258301,0.03971030755117787,0.1005110946628442
33002,criminal,307,4.0,34.0,0.3094462540716612,0.07817589576547226,0.013029315960912042,0.048146447926687014,0.10820534360425751
