district_id,case_type,cases,median_months,p90_months,pending_after_1y,pending_after_3y,pending_after_5y,pending_after_3y_lo,pending_after_3y_hi,state_name,district_name
1001,civ_family,1449,8.0,25.0,0.2962726727504472,0.04690627647362818,0.00821466608955161,0.033226400779682,0.06058615216757436,Maharashtra,Nandurbar
1001,civ_mact,3079,34.0,63.0,0.7649214437319093,0.4710519174375558,0.1528509635976932,0.45205638634224155,0.4900474485328701,Maharashtra,Nandurbar
1001,civ_misc,6427,5.0,57.0,0.3745040543968029,0.21086579920939544,0.07466477248104209,0.19960954567185601,0.22212205274693486,Maharashtra,Nandurbar
1001,civ_suit,4089,38.0,,0.8194748129577712,0.5102039156319668,0.30872483724832794,0.49297874254654767,0.5274290887173858,Maharashtra,Nandurbar
1001,crim_bail,3201,0.0,1.0,0.00031240237425804435,,,,,Maharashtra,Nandurbar
1001,crim_magisterial,20156,9.0,56.0,0.44440191113473193,0.1927162953544374,0.08521044413199094,0.1865704011429798,0.19886218956589502,Maharashtra,Nandurbar
1001,crim_sessions,28182,14.0,48.0,0.5433668472253778,0.1687268522301079,0.05427717900902223,0.1637426859960583,0.17371101846415749,Maharashtra,Nandurbar
1001,other,2882,24.0,84.0,0.7070594399644449,0.3859637367719009,0.22953761536816406,0.3658326520862172,0.4060948214575846,Maharashtra,Nandurbar
1002,civ_family,4168,10.0,31.0,0.4180668120923507,0.05953463693605994,0.005618786931728524,0.05157010109729686,0.06749917277482302,Maharashtra,Dhule
1002,civ_mact,10425,29.0,81.0,0.7016079336525254,0.4255693386647085,0.24117843710967865,0.4152372044277291,0.43590147290168785,Maharashtra,Dhule
1002,civ_misc,12323,19.0,89.0,0.5510715991009836,0.39290033416689757,0.28301388274575606,0.3836162428366115,0.40218442549718364,Maharashtra,Dhule
1002,civ_suit,8043,41.0,98.0,0.8282754371238609,0.5406366911552805,0.3384766657204596,0.5285857488221757,0.5526876334883852,Maharashtra,Dhule
1002,crim_bail,9192,0.0,1.0,0.00019095672993944476,,,,,Maharashtra,Dhule
1002,crim_magisterial,38341,15.0,70.0,0.5439363742837434,0.2699724302969912,0.13653305122858594,0.2650272695946019,0.2749175909993805,Maharashtra,Dhule
1002,crim_sessions,49702,19.0,66.0,0.5719186354377052,0.28982677631507464,0.124910351091452,0.28535708892454204,0.29429646370560725,Maharashtra,Dhule
1002,other,5552,38.0,95.0,0.8186422959706211,0.5203392651015343,0.25343451399395217,0.5055027051850616,0.535175825018007,Maharashtra,Dhule
1003,civ_execution,390,22.0,,0.7086665359272963,0.3726416856071509,,0.3040156401484489,0.4412677310658529,Maharashtra,Jalgaon
1003,civ_family,10124,8.0,29.0,0.3740856721627282,0.05328473257316719,0.004866425838356412,0.04845114390969084,0.05811832123664354,Maharashtra,Jalgaon
1003,civ_mact,9405,24.0,87.0,0.5964641137136055,0.4104813919755234,0.2508080722217746,0.3997501130455692,0.42121267090547765,Maharashtra,Jalgaon
1003,civ_misc,32299,14.0,84.0,0.5213280247410931,0.31844699077206096,0.21405999023560504,0.31298692283861784,0.32390705870550407,Maharashtra,Jalgaon
1003,civ_suit,20786,36.0,98.0,0.8096887023574326,0.49944938083356294,0.30791802744602337,0.4919876829010572,0.5069110787660687,Maharashtra,Jalgaon
1003,crim_bail,14736,0.0,1.0,0.0,,,,,Maharashtra,Jalgaon
1003,crim_magisterial,83776,16.0,73.0,0.5532684869365931,0.27829200936658605,0.1489879984365241,0.2749972144787374,0.2815868042544347,Maharashtra,Jalgaon
1003,crim_sessions,130436,14.0,56.0,0.5278343666040662,0.19617027077742566,0.08616702019415481,0.19381595457513848,0.19852458697971284,Maharashtra,Jalgaon
1003,other,24697,23.0,71.0,0.6834056456589606,0.3365616563096475,0.14678608281497907,0.33011209119397555,0.3430112214253195,Maharashtra,Jalgaon
1004,civ_execution,497,29.0,,0.8061175698934246,0.4305283605857966,,0.36792269763799496,0.4931340235335982,Maharashtra,Buldhana
1004,civ_family,5656,10.0,39.0,0.41822754985484223,0.1152450160341628,0.040904068341604836,0.10537305263282358,0.12511697943550204,Maharashtra,Buldhana
1004,civ_mact,4276,48.0,91.0,0.8027369753959318,0.6053119390094426,0.3768046787025665,0.5892398230879715,0.6213840549309136,Maharashtra,Buldhana
1004,civ_misc,8856,33.0,101.0,0.6495342309830777,0.4814442329279331,0.35775389147442443,0.47007908854641345,0.49280937730945273,Maharashtra,Buldhana
1004,civ_suit,12500,51.0,,0.8486724016939925,0.6083753859328132,0.44554198891713975,0.5989956063382038,0.6177551655274225,Maharashtra,Buldhana
1004,crim_bail,8667,0.0,1.0,0.0013573418121784367,,,,,Maharashtra,Buldhana
1004,crim_magisterial,50479,20.0,90.0,0.5798668794040592,0.3545555832102318,0.2252267415407372,0.3499803258439177,0.3591308405765459,Maharashtra,Buldhana
1004,crim_sessions,98224,17.0,69.0,0.5804529605778964,0.2749921022809509,0.1352118890459063,0.2717137923018804,0.27827041226002136,Maharashtra,Buldhana
1004,other,18581,15.0,92.0,0.5456687181769285,0.3069785443606717,0.2043437820512041,0.29955045997764357,0.3144066287436998,Maharashtra,Buldhana
1005,civ_family,3225,11.0,37.0,0.4457758889592158,0.10576120455164367,0.020961418950010108,0.09411085901178078,0.11741155009150657,Maharashtra,Akola
1005,civ_mact,2743,32.0,74.0,0.7796578821333311,0.434500333583468,0.19326269650697794,0.4134004094672301,0.4556002576997059,Maharashtra,Akola
1005,civ_misc,22233,6.0,78.0,0.38891314710572494,0.2522513983821827,0.15779633352983036,0.24585807278987823,0.2586447239744871,Maharashtra,Akola
1005,civ_suit,11647,42.0,,0.8448297599470909,0.5669876527244069,0.35017577382358517,0.557097197618617,0.5768781078301968,Maharashtra,Akola
1005,crim_bail,7193,0.0,1.0,0.0018853105743137722,0.0003142184290522955,,0.0,0.0007469154312585212,Maharashtra,Akola
1005,crim_magisterial,55676,16.0,84.0,0.5421088025647729,0.32098689120353213,0.1874862299730916,0.31672412194371585,0.3252496604633484,Maharashtra,Akola
1005,crim_sessions,80774,24.0,76.0,0.6679664872469703,0.34107505672960653,0.17096957571430113,0.3372362046650956,0.3449139087941175,Maharashtra,Akola
1005,other,9870,23.0,85.0,0.6263888502697889,0.37721292574804327,0.22048078700835438,0.36694747769911906,0.3874783737969675,Maharashtra,Akola
1007,civ_execution,347,18.0,55.0,0.7078986239559151,0.17315912575620146,,0.10172319465088231,0.2445950568615206,Maharashtra,Amravati
1007,civ_family,4606,11.0,32.0,0.4565342000859201,0.06619304468832876,0.011174055496676221,0.05751850145439645,0.07486758792226107,Maharashtra,Amravati
1007,civ_mact,8276,54.0,89.0,0.8339415200396445,0.6610344890789226,0.4142002211793937,0.6495968759408512,0.6724721022169939,Maharashtra,Amravati
1007,civ_misc,38881,5.0,65.0,0.3137850934547272,0.1856676552920127,0.1105535941878469,0.1814892884460386,0.18984602213798682,Maharashtra,Amravati
1007,civ_suit,14289,39.0,94.0,0.8254271892327366,0.5269906117693325,0.30507596307950746,0.5180399768213352,0.5359412467173298,Maharashtra,Amravati
1007,crim_bail,14373,0.0,1.0,0.0008448981969458117,,,,,Maharashtra,Amravati
1007,crim_magisterial,59934,22.0,81.0,0.6166389154475398,0.35709708136818263,0.20176715678862409,0.35291581403069294,0.3612783487056723,Maharashtra,Amravati
1007,crim_sessions,113747,24.0,70.0,0.6599959962382012,0.3381218104269289,0.15366404260640812,0.33499937504252086,0.34124424581133694,Maharashtra,Amravati
1007,other,24354,20.0,85.0,0.6017740800307902,0.33783053141909086,0.20260745712134784,0.33111538330396334,0.3445456795342184,Maharashtra,Amravati
1008,civ_family,4323,12.0,40.0,0.49165370627602906,0.1269777572552958,0.018905038379146928,0.11563436341235199,0.13832115109823961,Maharashtra,Wardha
1008,civ_mact,3345,9.0,46.0,0.45094615529629317,0.1676776079445752,0.03639841513572316,0.15288719145340585,0.18246802443574456,Maharashtra,Wardha
1008,civ_misc,7940,37.0,69.0,0.7486289044769902,0.5132532954134369,0.2300018567424894,0.5009110505155328,0.525595540311341,Maharashtra,Wardha
1008,civ_suit,8394,40.0,88.0,0.8230742255169922,0.5413385177465944,0.3072066735572039,0.5292200009564647,0.553457034536724,Maharashtra,Wardha
1008,crim_bail,9114,0.0,2.0,0.0008860588578480446,,,,,Maharashtra,Wardha
1008,crim_magisterial,40080,16.0,67.0,0.5534395799957371,0.2660514763659139,0.13042179268435483,0.2612336669473944,0.2708692857844334,Maharashtra,Wardha
1008,crim_sessions,151451,15.0,46.0,0.5798025974645311,0.15757162344100575,0.044706124882743406,0.1553105614999587,0.1598326853820528,Maharashtra,Wardha
1008,other,11455,15.0,70.0,0.53971370364104,0.2880886635005439,0.14486327980548908,0.27876667987122844,0.2974106471298594,Maharashtra,Wardha
1009,civ_family,3036,17.0,46.0,0.5910554597454862,0.17099406501258468,0.030611898001166808,0.1549632857190792,0.18702484430609018,Maharashtra,Nagpur
1009,civ_mact,18495,36.0,93.0,0.7402242795172226,0.4998988397535251,0.34609524415127174,0.49198867656034284,0.5078090029467074,Maharashtra,Nagpur
1009,civ_misc,22020,33.0,,0.6718354712721526,0.4804176913045572,0.3243402227686439,0.47341482772503063,0.48742055488408376,Maharashtra,Nagpur
1009,civ_suit,41223,49.0,,0.849496675088177,0.6015203690687116,0.40120849141707543,0.5963417211588898,0.6066990169785335,Maharashtra,Nagpur
1009,crim_magisterial,152072,7.0,,0.4533586949426647,0.31023668914580343,0.21933346802903703,0.3077040966911779,0.312769281600429,Maharashtra,Nagpur
1009,crim_sessions,368713,5.0,69.0,0.3831587084010197,0.18302203043950602,0.11311962443229814,0.18167047723709112,0.1843735836419209,Maharashtra,Nagpur
1009,other,42044,36.0,,0.741035397226385,0.4920961401135624,0.3361624259020643,0.4866840585385518,0.497508221688573,Maharashtra,Nagpur
1010,civ_family,1676,18.0,45.0,0.6308632079244506,0.17930852745609838,0.04453969769230779,0.15792096061845115,0.2006960942937456,Maharashtra,Bhandara
1010,civ_mact,1722,38.0,71.0,0.8551933625566994,0.524292721945775,0.20651941068774465,0.4974378581062926,0.5511475857852575,Maharashtra,Bhandara
1010,civ_misc,3160,32.0,68.0,0.7482739791553589,0.45553006925562395,0.19187969106161412,0.43556921352817135,0.47549092498307655,Maharashtra,Bhandara
1010,civ_suit,5714,55.0,96.0,0.8951821146217916,0.6686968066802471,0.42301516300121766,0.6550597337155563,0.682333879644938,Maharashtra,Bhandara
1010,crim_bail,2767,0.0,1.0,,,,,,Maharashtra,Bhandara
1010,crim_magisterial,19594,14.0,59.0,0.529356721546917,0.24768106216431598,0.0933930114838702,0.24104102949566839,0.25432109483296356,Maharashtra,Bhandara
1010,crim_sessions,39968,15.0,49.0,0.5581263559181744,0.18981118435876135,0.053489240246683195,0.1854436275594176,0.1941787411581051,Maharashtra,Bhandara
1010,other,5620,21.0,66.0,0.6621260723591207,0.2968037740765192,0.13320261954551757,0.2829756874161693,0.3106318607368691,Maharashtra,Bhandara
1011,civ_family,1256,12.0,35.0,0.48414562203410383,0.09109177188349134,0.0318988123317296,0.0695418764718638,0.11264166729511887,Maharashtra,Gondia
1011,civ_mact,1586,42.0,84.0,0.8638494482895401,0.567338073767587,0.2904624270592899,0.5393933772334565,0.5952827703017176,Maharashtra,Gondia
1011,civ_misc,4395,19.0,63.0,0.6020752843309548,0.271865703998663,0.10650487346320792,0.255828740497896,0.28790266749943,Maharashtra,Gondia
1011,civ_suit,5663,33.0,87.0,0.7394315214088737,0.47581888473837625,0.29104098266204986,0.46139895517222373,0.49023881430452876,Maharashtra,Gondia
1011,crim_bail,1519,0.0,1.0,0.0,,,,,Maharashtra,Gondia
1011,crim_magisterial,20735,18.0,68.0,0.5788411935695433,0.2860599350665793,0.14411344527495018,0.2793623765695614,0.29275749356359715,Maharashtra,Gondia
1011,crim_sessions,29110,19.0,64.0,0.6227268649543349,0.2640020111386161,0.11539323146686961,0.25807389909197614,0.26993012318525605,Maharashtra,Gondia
1011,other,4769,15.0,73.0,0.5364602443623262,0.2848125638375849,0.15008399950937945,0.26981974713031043,0.2998053805448594,Maharashtra,Gondia
1012,civ_family,654,9.0,23.0,0.3333990515242478,0.024252264356085483,,0.01001216838551396,0.03849236032665701,Maharashtra,Gadchiroli
1012,civ_mact,1779,19.0,47.0,0.6261501960138989,0.1782003026460287,0.05061306566309306,0.15781724796002056,0.19858335733203686,Maharashtra,Gadchiroli
1012,civ_misc,1803,8.0,55.0,0.41581486097075876,0.19781319002918737,0.0715021378117157,0.1769884794939077,0.21863790056446705,Maharashtra,Gadchiroli
1012,civ_suit,1975,31.0,70.0,0.7958744980386342,0.43886160605072605,0.20892615426843283,0.4143762849702422,0.4633469271312099,Maharashtra,Gadchiroli
1012,crim_bail,3891,0.0,1.0,0.0002602565478920845,,,,,Maharashtra,Gadchiroli
1012,crim_magisterial,13905,5.0,43.0,0.34220067650980995,0.13133920374839272,0.032151012875055306,0.12509862183749013,0.13757978565929532,Maharashtra,Gadchiroli
1012,crim_sessions,37820,2.0,26.0,0.2528399699237355,0.045626562935759944,0.01010386861713341,0.0431679363487337,0.04808518952278619,Maharashtra,Gadchiroli
1012,other,3013,9.0,52.0,0.4150242151658138,0.17614037112180775,0.06979418668617163,0.15977502873249702,0.19250571351111848,Maharashtra,Gadchiroli
1013,civ_family,3247,10.0,41.0,0.4276919134349297,0.1252229436596286,0.04981763812089424,0.1113817330708091,0.13906415424844812,Maharashtra,Chandrapur
1013,civ_mact,2694,44.0,87.0,0.8528668078569873,0.5760972923988515,0.3252503789622926,0.5554550420553865,0.5967395427423166,Maharashtra,Chandrapur
1013,civ_misc,9687,44.0,105.0,0.6683326591331459,0.5486354514852027,0.41491955005771247,0.5379589053269619,0.5593119976434434,Maharashtra,Chandrapur
1013,civ_suit,9350,52.0,,0.8632396784890778,0.6272470482485959,0.4379490620557075,0.616421089411522,0.6380730070856698,Maharashtra,Chandrapur
1013,crim_bail,8363,0.0,1.0,0.0006252251787557866,,,,,Maharashtra,Chandrapur
1013,crim_magisterial,43360,12.0,76.0,0.49452720097571895,0.29900454965918566,0.17084395795086801,0.29432449522274834,0.303684604095623,Maharashtra,Chandrapur
1013,crim_sessions,96263,23.0,69.0,0.6606554310848878,0.32373620479610654,0.1379427186531071,0.32011823954845914,0.32735417004375394,Maharashtra,Chandrapur
1013,other,12764,17.0,89.0,0.5631054479034953,0.33022397173555446,0.1997589617235864,0.32106255444260173,0.3393853890285072,Maharashtra,Chandrapur
1014,civ_family,5445,11.0,35.0,0.45011248164857287,0.09178366375494107,0.022413526949494476,0.0823340118773824,0.10123331563249974,Maharashtra,Yavatmal
1014,civ_mact,5497,32.0,79.0,0.7817399426342342,0.44897034669747327,0.2265781720789392,0.4345979018628002,0.46334279153214636,Maharashtra,Yavatmal
1014,civ_misc,20569,43.0,,0.7233687417619301,0.5318332425387214,0.3779010196751629,0.524435103538857,0.5392313815385859,Maharashtra,Yavatmal
1014,civ_suit,13188,39.0,,0.8123723346728718,0.5193310360157426,0.3429460505277171,0.5099550225243907,0.5287070495070945,Maharashtra,Yavatmal
1014,crim_bail,11410,0.0,1.0,0.0017989291770725059,0.0010793575062435037,8.994645885362528e-05,0.00046996691689593314,0.0016887480955910742,Maharashtra,Yavatmal
1014,crim_magisterial,82622,17.0,84.0,0.5635170567939828,0.3059824149635288,0.1761276261093228,0.30257746542076386,0.3093873645062937,Maharashtra,Yavatmal
1014,crim_sessions,168502,16.0,62.0,0.5685513761226375,0.24403979304351023,0.10652736199077657,0.24165185295387362,0.24642773313314684,Maharashtra,Yavatmal
1014,other,14651,20.0,93.0,0.601348438522005,0.3448785720722216,0.2090082386496568,0.3363110348356847,0.3534461093087585,Maharashtra,Yavatmal
1015,civ_execution,265,57.0,,0.8500279835971972,0.5512280310887205,0.30563625652329957,0.45843926580059957,0.6440167963768415,Maharashtra,Nanded
1015,civ_family,3372,11.0,37.0,0.4429909826408241,0.10239450810625188,0.03138505145964845,0.09043314916461459,0.11435586704788916,Maharashtra,Nanded
1015,civ_mact,11039,35.0,76.0,0.7842692532563906,0.4808535239572472,0.24620426191008918,0.47070456931486865,0.4910024785996257,Maharashtra,Nanded
1015,civ_misc,25835,8.0,100.0,0.4296660301192945,0.27295890568767,0.18785384586746057,0.2672450817565178,0.2786727296188222,Maharashtra,Nanded
1015,civ_suit,27946,19.0,95.0,0.5716747591725463,0.3546245704737579,0.2228323213518932,0.3484808201523111,0.3607683207952047,Maharashtra,Nanded
1015,crim_bail,12793,0.0,1.0,0.002234345172100523,,,,,Maharashtra,Nanded
1015,crim_magisterial,63552,15.0,94.0,0.527605415146089,0.325733123944861,0.20211413942141768,0.321808485146591,0.32965776274313097,Maharashtra,Nanded
1015,crim_sessions,65456,30.0,93.0,0.7019023068771697,0.4390883521462278,0.25645196716957536,0.43478712194678976,0.4433895823456659,Maharashtra,Nanded
1015,other,12441,39.0,,0.7995967616239527,0.5212528386621784,0.32625722234499094,0.5109621036871909,0.531543573637166,Maharashtra,Nanded
1017,civ_execution,441,49.0,,0.8634036308846629,0.6159817442024966,,0.5547167703965223,0.6772467180084709,Maharashtra,Parbhani
1017,civ_family,4787,11.0,34.0,0.4622781291766638,0.08422349158526507,0.011142708332265919,0.07508794354996715,0.093359039620563,Maharashtra,Parbhani
1017,civ_mact,11076,37.0,79.0,0.8099484040439918,0.5112248816441686,0.23840158622508403,0.5009321756383189,0.5215175876500182,Maharashtra,Parbhani
1017,civ_misc,25404,8.0,77.0,0.44748182691527516,0.287704941724127,0.1658856946176284,0.28148488445098097,0.293924998997273,Maharashtra,Parbhani
1017,civ_suit,19343,27.0,88.0,0.6938170967122158,0.3989593245777075,0.22120821364879423,0.39133589769158156,0.40658275146383344,Maharashtra,Parbhani
1017,crim_bail,14256,0.0,1.0,0.0002229290184453226,,,,,Maharashtra,Parbhani
1017,crim_magisterial,59035,18.0,77.0,0.5721681883241163,0.3086731073166926,0.17119551703832656,0.3045678535068007,0.3127783611265845,Maharashtra,Parbhani
1017,crim_sessions,58726,26.0,72.0,0.6906571783040569,0.37937987839033616,0.16837379690006804,0.3749120526268653,0.38384770415380703,Maharashtra,Parbhani
1017,other,11627,28.0,86.0,0.747851835800061,0.4054728118106917,0.19492792699899505,0.3952370377705601,0.4157085858508234,Maharashtra,Parbhani
1018,civ_family,2634,14.0,42.0,0.553986109893254,0.1409283319334744,0.025882003014994024,0.12497718186593547,0.15687948200101332,Maharashtra,Jalna
1018,civ_mact,3468,24.0,72.0,0.7053847496171222,0.3299755921247834,0.15662996612500107,0.31262970739271384,0.34732147685685294,Maharashtra,Jalna
1018,civ_misc,15489,20.0,83.0,0.6086164146875827,0.3882857456959629,0.2380330799520183,0.3801375461539176,0.39643394523800823,Maharashtra,Jalna
1018,civ_suit,15196,40.0,97.0,0.8006211352854892,0.5378900790874767,0.3069860926073236,0.5291794930208059,0.5466006651541474,Maharashtra,Jalna
1018,crim_bail,10016,0.0,1.0,0.0009235223642172522,0.0005985793101408116,,0.00010731169983283547,0.0010898469204487877,Maharashtra,Jalna
1018,crim_magisterial,45881,17.0,81.0,0.559226379162606,0.3150337641671852,0.1807491485787312,0.31038206178592875,0.31968546654844165,Maharashtra,Jalna
1018,crim_sessions,53975,22.0,74.0,0.6312487293001146,0.34156751411557146,0.1691591316118733,0.33701994675725305,0.34611508147388986,Maharashtra,Jalna
1018,other,10791,47.0,98.0,0.7799066037839585,0.5747246482034033,0.4003289737545694,0.5639376392189017,0.5855116571879049,Maharashtra,Jalna
1019,civ_execution,1267,34.0,,0.8113605663863614,0.47816861550442774,0.31125722899363895,0.44163883388398006,0.5146983971248754,Maharashtra,Aurangabad
1019,civ_family,4439,13.0,39.0,0.5055362038719649,0.11486639321788206,0.027087306384203542,0.10392932541618394,0.12580346101958018,Maharashtra,Aurangabad
1019,civ_mact,11651,31.0,77.0,0.7821586142376072,0.4316235775080855,0.20573215164081562,0.42178677608361337,0.44146037893255763,Maharashtra,Aurangabad
1019,civ_misc,30468,12.0,85.0,0.4994410789886569,0.30204519239707217,0.18513171600095188,0.2964773850700313,0.30761299972411305,Maharashtra,Aurangabad
1019,civ_suit,36137,41.0,,0.8039860766572446,0.5422449244638204,0.3552151308850441,0.5366370426670292,0.5478528062606117,Maharashtra,Aurangabad
1019,crim_bail,20257,0.0,1.0,0.0,,,,,Maharashtra,Aurangabad
1019,crim_magisterial,107724,14.0,91.0,0.517009217515534,0.30095965292597837,0.18570841683131264,0.2979423613491515,0.30397694450280527,Maharashtra,Aurangabad
1019,crim_sessions,181720,9.0,73.0,0.462558984437604,0.25252476016968983,0.1382636399397084,0.2503119460619496,0.25473757427743005,Maharashtra,Aurangabad
1019,other,26680,46.0,,0.8022113777747687,0.5689331020073705,0.408523312649152,0.5619472072958784,0.5759189967188625,Maharashtra,Aurangabad
1020,civ_family,11288,7.0,30.0,0.30533310428905774,0.06910669614155991,0.01700911399195558,0.06350643743562706,0.07470695484749276,Maharashtra,Nashik
1020,civ_mact,20294,26.0,73.0,0.7071455951947455,0.374886850586124,0.1733140877372017,0.36737924117159493,0.382394460000653,Maharashtra,Nashik
1020,civ_misc,30743,38.0,99.0,0.74312824017198,0.513689780602039,0.3361424582638274,0.5074404275325765,0.5199391336715015,Maharashtra,Nashik
1020,civ_suit,38429,52.0,,0.8464290232218417,0.6182378772973216,0.44692593194281593,0.6129332017791693,0.6235425528154739,Maharashtra,Nashik
1020,crim_bail,21388,0.0,1.0,0.001466494624813794,0.00017822842799762535,0.00011881895199841692,0.0,0.0003757453873107589,Maharashtra,Nashik
1020,crim_magisterial,112583,20.0,108.0,0.5976601714978511,0.3614253718071941,0.23672272567840363,0.35833234752381177,0.3645183960905764,Maharashtra,Nashik
1020,crim_sessions,195271,17.0,86.0,0.5486205969104433,0.322314888526585,0.1956209636505133,0.32002023019277115,0.3246095468603989,Maharashtra,Nashik
1020,other,15871,39.0,,0.79224731701193,0.5207070957616882,0.3470268470758359,0.5119234463937054,0.529490745129671,Maharashtra,Nashik
1021,civ_execution,463,40.0,,0.8760130229902656,0.5800167968907896,,0.5226830578474367,0.6373505359341424,Maharashtra,Thane
1021,civ_family,22768,12.0,53.0,0.47793414220567154,0.18860827664703755,0.07679474599858144,0.18258523916809247,0.19463131412598264,Maharashtra,Thane
1021,civ_mact,16668,33.0,82.0,0.7586847000511165,0.4589639059490149,0.22910725528617137,0.45062927704761574,0.4672985348504141,Maharashtra,Thane
1021,civ_misc,47832,21.0,100.0,0.6212935573829307,0.36786973773211173,0.22968163627340174,0.36302026738441423,0.37271920807980924,Maharashtra,Thane
1021,civ_suit,59943,64.0,,0.8963543555296575,0.7026075601007054,0.5279076104516539,0.6985841071336828,0.7066310130677279,Maharashtra,Thane
1021,crim_bail,42910,1.0,2.0,0.004689169600312011,0.00012960344498099397,,0.0,0.00035406511047696653,Maharashtra,Thane
1021,crim_magisterial,206442,28.0,,0.593083804438369,0.46073441327157316,0.37100931631714124,0.4584309224498417,0.46303790409330464,Maharashtra,Thane
1021,crim_sessions,167565,33.0,,0.7180323433428039,0.4709332056622241,0.33508415264191993,0.46824933526057144,0.4736170760638767,Maharashtra,Thane
1021,other,25203,44.0,,0.8107969454250007,0.5595941929264675,0.3717164868159347,0.5524743850109383,0.5667140008419967,Maharashtra,Thane
1023,civ_misc,48815,4.0,67.0,0.3455226254185578,0.19944766193902516,0.11855345070284852,0.19456209946706174,0.20433322441098858,Maharashtra,Mumbai CMM Courts
1023,crim_bail,912,0.0,1.0,0.0016447368421052626,0.0016447368421052626,,0.0,0.004807879785562972,Maharashtra,Mumbai CMM Courts
1023,crim_magisterial,814428,24.0,,0.6620531778445746,0.37425061273303956,0.2228511968819455,0.37309328410891474,0.3754079413571644,Maharashtra,Mumbai CMM Courts
1023,other,105354,17.0,,0.5459823350401731,0.3494369849402891,0.2448225272779932,0.34630221367283553,0.3525717562077426,Maharashtra,Mumbai CMM Courts
1024,civ_execution,500,42.0,,0.9335934968727684,0.6157234385227207,0.31931960541239685,0.5616685268318096,0.6697783502136319,Maharashtra,Raigad
1024,civ_family,4611,13.0,69.0,0.5007413892756276,0.21779820558229407,0.12941626023624309,0.20377398531745744,0.2318224258471307,Maharashtra,Raigad
1024,civ_mact,6294,45.0,86.0,0.8135741574326286,0.5820151490831307,0.3442237385412076,0.5688157478616234,0.595214550304638,Maharashtra,Raigad
1024,civ_misc,26724,9.0,85.0,0.44210355011902586,0.25745445107299464,0.1857921989631324,0.25177117149658396,0.2631377306494053,Maharashtra,Raigad
1024,civ_suit,22453,70.0,,0.8631573785258415,0.6981322223562996,0.566545396922193,0.6916019279529116,0.7046625167596875,Maharashtra,Raigad
1024,crim_magisterial,59293,8.0,107.0,0.44390951348193075,0.279957595663802,0.20589467491473395,0.27595390795942343,0.2839612833681806,Maharashtra,Raigad
1024,crim_sessions,52210,14.0,90.0,0.5140449186487425,0.2868381618062941,0.1902503278233701,0.2825286015850683,0.29114772202751993,Maharashtra,Raigad
1024,other,11321,62.0,,0.7778500823878798,0.6216860935408033,0.5069183747140154,0.6118120571670849,0.6315601299145217,Maharashtra,Raigad
1025,civ_family,17502,13.0,53.0,0.5029431114425675,0.1682509429419583,0.08287889289265682,0.16167569109366864,0.17482619479024797,Maharashtra,Pune
1025,civ_mact,18278,31.0,81.0,0.751608618575174,0.4368746844378731,0.22195654199647702,0.4288989409373989,0.4448504279383473,Maharashtra,Pune
1025,civ_misc,47297,29.0,103.0,0.6772228361143993,0.4453160329436423,0.3059239769577774,0.4403517334504197,0.4502803324368649,Maharashtra,Pune
1025,civ_suit,84999,57.0,,0.8542751632877355,0.6389357911778363,0.47804679818059703,0.6354298353849129,0.6424417469707596,Maharashtra,Pune
1025,crim_bail,49488,1.0,2.0,0.0031757502571742495,0.00021292094384797633,,5.866096329867134e-05,0.0003671809243972813,Maharashtra,Pune
1025,crim_magisterial,223854,21.0,,0.5856108637826624,0.3896724725209477,0.27093591372653086,0.3874706221804548,0.39187432286144064,Maharashtra,Pune
1025,crim_sessions,201385,18.0,,0.5551614206795822,0.3544090573620281,0.24252014481159945,0.3521516486129954,0.3566664661110608,Maharashtra,Pune
1025,other,37720,57.0,,0.8267262313220125,0.6295740714888113,0.4731437659246697,0.6241620401061595,0.6349861028714631,Maharashtra,Pune
1026,civ_family,13247,9.0,30.0,0.3779753252577228,0.0518919969894396,0.009150849089564038,0.047467443570431526,0.05631655040844768,Maharashtra,Ahmednagar
1026,civ_mact,14793,36.0,77.0,0.8359976311817667,0.4990744032331545,0.22771279854496812,0.4902121976958864,0.5079366087704226,Maharashtra,Ahmednagar
1026,civ_misc,43328,25.0,84.0,0.6168692980810472,0.4164222783254637,0.24271299203223826,0.41129066393583175,0.42155389271509563,Maharashtra,Ahmednagar
1026,civ_suit,78896,26.0,105.0,0.6357069212288697,0.4165835963520985,0.2554043313495207,0.4128937498980284,0.42027344280616863,Maharashtra,Ahmednagar
1026,crim_bail,16553,1.0,1.0,0.0006693345410568454,,,,,Maharashtra,Ahmednagar
1026,crim_magisterial,112810,18.0,84.0,0.5777034219220825,0.3165034690567213,0.18328255640780555,0.31350409376182636,0.3195028443516162,Maharashtra,Ahmednagar
1026,crim_sessions,137014,22.0,76.0,0.6409602305516218,0.33577353325347803,0.1677183450292631,0.33290162189699046,0.3386454446099656,Maharashtra,Ahmednagar
1026,other,22889,33.0,,0.7533036114557887,0.4662472200460984,0.2863807219202193,0.45919489476583203,0.4732995453263648,Maharashtra,Ahmednagar
1027,civ_family,4940,10.0,34.0,0.4374867205343003,0.08049224087374449,0.021538270045232295,0.07130633293927942,0.08967814880820955,Maharashtra,Beed
1027,civ_mact,6568,33.0,79.0,0.7913959411958735,0.4580126962409171,0.23903440009329144,0.4442630309642875,0.47176236151754675,Maharashtra,Beed
1027,civ_misc,50472,7.0,65.0,0.4388087963999103,0.2662289325338135,0.11934196128849403,0.261989350221549,0.27046851484607803,Maharashtra,Beed
1027,civ_suit,51010,6.0,89.0,0.43916224817630156,0.2865590221744769,0.18185456892014726,0.28232344928771513,0.2907945950612386,Maharashtra,Beed
1027,crim_bail,15882,0.0,1.0,0.0008966643728432846,,,,,Maharashtra,Beed
1027,crim_magisterial,83221,14.0,70.0,0.5197291381378583,0.2592267084755756,0.13572574719068042,0.25595334215900645,0.26250007479214477,Maharashtra,Beed
1027,crim_sessions,82204,16.0,62.0,0.5496938425186506,0.2535225027653311,0.10820134754149759,0.2501383097516262,0.256906695779036,Maharashtra,Beed
1027,other,16552,27.0,108.0,0.6882610891571554,0.42318494173498544,0.2635664541801246,0.41476809671546794,0.43160178675450295,Maharashtra,Beed
1028,civ_family,4376,10.0,30.0,0.4075784295946665,0.06090333403317468,0.009676495091865021,0.05267406515858565,0.06913260290776371,Maharashtra,Latur
1028,civ_mact,6834,24.0,67.0,0.6742990949524742,0.3438088649734617,0.139093053211884,0.3313365020306607,0.3562812279162627,Maharashtra,Latur
1028,civ_misc,46292,9.0,80.0,0.4577624547839405,0.25406284760898873,0.1591374492633168,0.24977205276604267,0.25835364245193476,Maharashtra,Latur
1028,civ_suit,34365,18.0,86.0,0.5689793728275904,0.32600683102750994,0.17878205269562308,0.3205603948728284,0.3314532671821915,Maharashtra,Latur
1028,crim_bail,7499,0.0,1.0,0.004669171568082622,0.0,,0.0,0.0,Maharashtra,Latur
1028,crim_magisterial,45005,20.0,82.0,0.5923288456830559,0.33286133246501515,0.17804129458942447,0.32806927902610744,0.33765338590392285,Maharashtra,Latur
1028,crim_sessions,52590,24.0,76.0,0.6794239431409906,0.34356751878566744,0.16782723563768057,0.33888476956378477,0.3482502680075501,Maharashtra,Latur
1028,other,20969,24.0,100.0,0.6322592353054143,0.38464882361463804,0.23314852042602083,0.3774078456656324,0.39188980156364367,Maharashtra,Latur
1029,civ_execution,321,44.0,,0.8776834714484729,0.6100270738700336,,0.5355199759278064,0.6845341718122608,Maharashtra,Osmanabad
1029,civ_family,2685,12.0,36.0,0.49636897780795025,0.09818777962243512,0.023843577079725294,0.08464093018661781,0.11173462905825243,Maharashtra,Osmanabad
1029,civ_mact,6762,31.0,72.0,0.7998574182509892,0.43090997674510007,0.1881823713744194,0.4174566347422849,0.44436331874791524,Maharashtra,Osmanabad
1029,civ_misc,35864,16.0,57.0,0.546644660384211,0.2826762237590591,0.07297471960682222,0.2777922398927074,0.2875602076254108,Maharashtra,Osmanabad
1029,civ_suit,41979,6.0,90.0,0.44458150657178175,0.30045941478770316,0.19208956845598762,0.2957027284540996,0.3052161011213067,Maharashtra,Osmanabad
1029,crim_bail,6786,0.0,1.0,0.00018862363689949906,,,,,Maharashtra,Osmanabad
1029,crim_magisterial,45087,15.0,78.0,0.531994867267751,0.2916637608784345,0.1598821619072037,0.2870902391462155,0.29623728261065346,Maharashtra,Osmanabad
1029,crim_sessions,50087,21.0,73.0,0.6312370609223121,0.2974540088839935,0.14211338998089942,0.2928904716389816,0.3020175461290054,Maharashtra,Osmanabad
1029,other,23233,32.0,92.0,0.7410636545132822,0.4636200387542096,0.26873842362494677,0.4563511236745426,0.4708889538338766,Maharashtra,Osmanabad
1030,civ_family,7505,13.0,36.0,0.5034676626976742,0.09984802588820514,0.02235987083613242,0.09185352931007329,0.10784252246633699,Maharashtra,Solapur
1030,civ_mact,5469,30.0,71.0,0.7408457531506334,0.40402873059590827,0.16710892517909418,0.38871334607915636,0.4193441151126602,Maharashtra,Solapur
1030,civ_misc,33274,18.0,80.0,0.5944568966735602,0.29872510542912356,0.16517477668763542,0.2926585704854488,0.3047916403727983,Maharashtra,Solapur
1030,civ_suit,63443,32.0,,0.6796044558340839,0.465917521245109,0.30962147424361197,0.4617044400143139,0.4701306024759041,Maharashtra,Solapur
1030,crim_bail,10565,1.0,2.0,0.004961833378561121,0.00039172368778114125,,0.0,0.0008330364714890208,Maharashtra,Solapur
1030,crim_magisterial,120599,9.0,79.0,0.45493021012384954,0.2568350353366479,0.15494750973583932,0.2541515154139249,0.25951855525937095,Maharashtra,Solapur
1030,crim_sessions,131244,19.0,80.0,0.6093277663183605,0.30074837124017045,0.16890562572802514,0.2978282464976908,0.3036684959826501,Maharashtra,Solapur
1030,other,22013,26.0,84.0,0.7154725412492109,0.3667684181461216,0.18345947783127123,0.35978525618857377,0.37375158010366943,Maharashtra,Solapur
1031,civ_family,8353,12.0,42.0,0.4874265545294545,0.13700376907890396,0.03355141767669752,0.12844783360544987,0.14555970455235806,Maharashtra,Satara
1031,civ_mact,8308,37.0,77.0,0.7850812133089301,0.5134602748685327,0.2583722474054356,0.5017528185023208,0.5251677312347447,Maharashtra,Satara
1031,civ_misc,16020,31.0,94.0,0.6945972146632278,0.4631246464478293,0.30482021683724314,0.45469986473918844,0.47154942815647016,Maharashtra,Satara
1031,civ_suit,32030,50.0,109.0,0.7990880944287888,0.6043055193881397,0.4163360433606727,0.598494144784634,0.6101168939916454,Maharashtra,Satara
1031,crim_bail,9221,1.0,2.0,0.0008768142490541628,,,,,Maharashtra,Satara
1031,crim_magisterial,58776,15.0,75.0,0.5330969528996252,0.2814830581515544,0.15230231261502,0.2774981170349885,0.2854679992681203,Maharashtra,Satara
1031,crim_sessions,101237,6.0,51.0,0.41598753674621597,0.1793650629657383,0.06986097078595466,0.1766759895186032,0.18205413641287338,Maharashtra,Satara
1031,other,19077,40.0,92.0,0.8188023289160271,0.5347673346938813,0.3050480297082366,0.5267081631943695,0.542826506193393,Maharashtra,Satara
1032,civ_family,2468,8.0,32.0,0.3516072082200827,0.06565968801222788,0.00946014016682828,0.0546232915330661,0.07669608449138966,Maharashtra,Ratnagiri
1032,civ_mact,1292,26.0,78.0,0.7349668877903669,0.3494074430968454,0.1605240875465762,0.3208214628087739,0.3779934233849169,Maharashtra,Ratnagiri
1032,civ_misc,6529,13.0,70.0,0.5148223655096381,0.29444734828738167,0.150467790944395,0.2824345845386571,0.30646011203610624,Maharashtra,Ratnagiri
1032,civ_suit,9017,42.0,109.0,0.8148863249825822,0.5539483950706326,0.34160193377767445,0.5424354185482885,0.5654613715929768,Maharashtra,Ratnagiri
1032,crim_bail,2389,0.0,1.0,,,,,,Maharashtra,Ratnagiri
1032,crim_magisterial,21791,9.0,55.0,0.42232172931278317,0.1803595923095753,0.08454841038133681,0.17467965030094468,0.1860395343182059,Maharashtra,Ratnagiri
1032,crim_sessions,35000,7.0,43.0,0.3970982809855225,0.13093566162863077,0.04859931999979794,0.12687651242372475,0.1349948108335368,Maharashtra,Ratnagiri
1032,other,7345,27.0,71.0,0.7193526560477551,0.38820615634237404,0.18489693268253865,0.3750627024189029,0.4013496102658452,Maharashtra,Ratnagiri
1033,civ_family,1594,8.0,41.0,0.3585315640701909,0.11368039964831103,0.04097811310877378,0.09512108645644653,0.13223971284017555,Maharashtra,Sindhudurg
1033,civ_mact,797,32.0,75.0,0.8352568857665358,0.45099551923709386,0.1595606590565266,0.41089257833295045,0.49109846014123726,Maharashtra,Sindhudurg
1033,civ_misc,4492,28.0,80.0,0.6299529517664855,0.43931418390213894,0.2640807900665152,0.42353545219942423,0.45509291560485365,Maharashtra,Sindhudurg
1033,civ_suit,7414,49.0,,0.8274887542362882,0.6041685486801303,0.40360284462024715,0.591991997842223,0.6163450995180375,Maharashtra,Sindhudurg
1033,crim_bail,1501,0.0,1.0,,,,,,Maharashtra,Sindhudurg
1033,crim_magisterial,13171,5.0,40.0,0.32833998876625564,0.11316693021521217,0.044705956534916734,0.10704323169679764,0.1192906287336267,Maharashtra,Sindhudurg
1033,crim_sessions,19568,4.0,27.0,0.24409886333311137,0.062341533053347616,0.01596188949802631,0.058399569483260895,0.06628349662343433,Maharashtra,Sindhudurg
1033,other,2666,30.0,75.0,0.7176300228934398,0.42971790017330114,0.22919174064525022,0.4085627135383753,0.45087308680822696,Maharashtra,Sindhudurg
1034,civ_family,8156,10.0,35.0,0.41473748255798615,0.09142481239768588,0.025837560793530986,0.08399571088601042,0.09885391390936134,Maharashtra,Kolhapur
1034,civ_mact,9501,39.0,81.0,0.8578111907883609,0.534992611361942,0.2643401301905366,0.5238365319487635,0.5461486907751205,Maharashtra,Kolhapur
1034,civ_misc,23145,32.0,109.0,0.6849040550299,0.46610180328660816,0.3036474406570332,0.4590924265428762,0.47311118003034014,Maharashtra,Kolhapur
1034,civ_suit,38745,49.0,,0.8125390982772053,0.5944200287540257,0.4214273069564317,0.5890683653378681,0.5997716921701832,Maharashtra,Kolhapur
1034,crim_bail,10426,0.0,1.0,0.0004022395933243815,,,,,Maharashtra,Kolhapur
1034,crim_magisterial,58739,17.0,85.0,0.5487199617360731,0.32498740442663454,0.19276327599741927,0.3208896656162816,0.32908514323698745,Maharashtra,Kolhapur
1034,crim_sessions,78118,26.0,76.0,0.7176758004213412,0.357504854825357,0.169032483772622,0.35357621387383975,0.3614334957768742,Maharashtra,Kolhapur
1034,other,23121,20.0,101.0,0.6086676260798711,0.34335616698619176,0.21188515412799663,0.33647465238627083,0.3502376815861127,Maharashtra,Kolhapur
1035,civ_family,6658,12.0,37.0,0.4750356036408843,0.10599070673275315,0.02317744428092257,0.09740405701853125,0.11457735644697506,Maharashtra,Sangli
1035,civ_mact,8291,7.0,63.0,0.44450109116603936,0.24061935253754096,0.10723709929274507,0.23070657461635122,0.25053213045873074,Maharashtra,Sangli
1035,civ_misc,22432,30.0,90.0,0.6887734486478011,0.44689046228302076,0.2738719039337489,0.4393649157813355,0.454416008784706,Maharashtra,Sangli
1035,civ_suit,28576,48.0,,0.7970720553446169,0.5914764165568387,0.39485210127397363,0.5853284252558483,0.5976244078578291,Maharashtra,Sangli
1035,crim_bail,9813,0.0,1.0,0.0032323950826296274,,,,,Maharashtra,Sangli
1035,crim_magisterial,54722,13.0,72.0,0.5044049553029244,0.26584259849978203,0.1441011885955889,0.2617833802527714,0.26990181674679264,Maharashtra,Sangli
1035,crim_sessions,73249,11.0,59.0,0.46977158801833246,0.20583591522201275,0.0955954477846241,0.20248950324932338,0.20918232719470212,Maharashtra,Sangli
1035,other,14937,27.0,86.0,0.7026468401355674,0.39687335345439295,0.2366931139562033,0.3883473658564571,0.4053993410523288,Maharashtra,Sangli
1036,civ_family,2480,20.0,50.0,0.6613490238857332,0.22690876771760118,0.05220899033343339,0.2077562810993046,0.24606125433589776,Maharashtra,Washim
1036,civ_mact,1263,25.0,82.0,0.7322230338634175,0.34946875707139563,0.2106289494753122,0.32161917450985406,0.3773183396329372,Maharashtra,Washim
1036,civ_misc,8685,23.0,91.0,0.6068371234449387,0.3871808409858328,0.2306081404884867,0.37630499254311944,0.3980566894285461,Maharashtra,Washim
1036,civ_suit,6553,52.0,,0.8501134678770732,0.6262641515025822,0.43175709731572054,0.6135499304130286,0.6389783725921357,Maharashtra,Washim
1036,crim_bail,3886,0.0,1.0,0.010967195755496708,0.002139940635218869,,0.0006609958265558252,0.003618885443881913,Maharashtra,Washim
1036,crim_magisterial,26109,17.0,68.0,0.5706812242151426,0.292665265652632,0.14281252760884552,0.28660903736902466,0.29872149393623937,Maharashtra,Washim
1036,crim_sessions,51799,18.0,50.0,0.6064612972645615,0.19274337453530024,0.0616213387850197,0.18878279083522376,0.19670395823537673,Maharashtra,Washim
1036,other,4774,36.0,,0.7821252615262313,0.49266066502718514,0.28543246812145845,0.47660667721140687,0.5087146528429635,Maharashtra,Washim
1037,civ_execution,2415,27.0,,0.692364163282624,0.4056949367117317,0.3298759600960412,0.38199297130250476,0.4293969021209586,Maharashtra,Mumbai City Civil Court
1037,civ_misc,14317,1.0,19.0,0.1380170771310446,0.04786528272987613,0.02361802762758913,0.04325319859914381,0.05247736686060844,Maharashtra,Mumbai City Civil Court
1037,civ_suit,75710,41.0,,0.7808412563014322,0.5327986967354225,0.3693271950303201,0.5288661784755343,0.5367312149953106,Maharashtra,Mumbai City Civil Court
1037,crim_bail,36741,0.0,1.0,0.0050747588337824515,0.0011506720611483465,9.834803941438856e-05,0.0007917773886367331,0.00150956673365996,Maharashtra,Mumbai City Civil Court
1037,crim_magisterial,79110,5.0,37.0,0.3269912254497438,0.1033237500870688,0.03752105317811228,0.10086164979001908,0.10578585038411853,Maharashtra,Mumbai City Civil Court
1037,crim_sessions,34554,13.0,106.0,0.506951353422413,0.32636535003842687,0.1955172453733954,0.3208253204351945,0.3319053796416592,Maharashtra,Mumbai City Civil Court
1037,other,94839,5.0,69.0,0.3685613595037674,0.20453182375623435,0.11959393624441747,0.2016301809455066,0.2074334665669621,Maharashtra,Mumbai City Civil Court
1038,civ_execution,5712,24.0,,0.6894313836935582,0.38408642094599127,0.2571861620589161,0.37029473794181855,0.397878103950164,Maharashtra,Mumbai Small Causes Court
1038,civ_misc,8402,32.0,96.0,0.720137093952432,0.46383890477263046,0.2784630434435311,0.4526189249495122,0.4750588845957487,Maharashtra,Mumbai Small Causes Court
1038,crim_magisterial,2362,6.0,18.0,0.1908296675864383,0.022224286094426678,0.004643618147153655,0.015494191841276442,0.028954380347576913,Maharashtra,Mumbai Small Causes Court
1038,other,44413,34.0,,0.7045288225531304,0.4874621067926943,0.35868537413927615,0.48249136103771706,0.49243285254767155,Maharashtra,Mumbai Small Causes Court
1039,civ_mact,24626,43.0,85.0,0.8406640490020633,0.5508888456302194,0.37032623184756414,0.5440597353109621,0.5577179559494768,Maharashtra,Mumbai Motor Accident Claims T
1040,civ_misc,7454,9.0,42.0,0.4184648270366996,0.14809847447668664,0.040568454744663904,0.13917341715001558,0.1570235318033577,Maharashtra,Maharashtra Industrial and Lab
1040,crim_magisterial,39855,39.0,86.0,0.8383478739985182,0.5272276180285412,0.2807807390746386,0.5217271293939413,0.5327281066631412,Maharashtra,Maharashtra Industrial and Lab
1040,other,108639,26.0,89.0,0.70741771737517,0.3967983447806124,0.21845290724173033,0.3935726643919389,0.40002402516928587,Maharashtra,Maharashtra Industrial and Lab
1041,civ_misc,13681,7.0,41.0,0.33256969081270543,0.12579011072863305,0.04447280042134133,0.11941676133173174,0.13216346012553437,Maharashtra,Mah State Cooperative Appellat
1041,civ_suit,4213,22.0,69.0,0.7083199392669849,0.3386344100591519,0.1374550442541364,0.32329072996051544,0.35397809015778836,Maharashtra,Mah State Cooperative Appellat
1041,crim_magisterial,14254,22.0,,0.6328786404679456,0.3852618876927673,0.2767116317268724,0.37586367288644584,0.3946601024990888,Maharashtra,Mah State Cooperative Appellat
1041,other,3588,21.0,98.0,0.5610535632315393,0.39442856855142355,0.27478914095208534,0.37718091936493514,0.41167621773791196,Maharashtra,Mah State Cooperative Appellat
1042,civ_misc,163357,12.0,41.0,0.4747718236863145,0.12364037698960569,0.03381898857250307,0.12178152067210313,0.12549923330710824,Maharashtra,Maharashtra-Family Courts
1042,crim_magisterial,18947,20.0,50.0,0.7198019717574451,0.2108793135419867,0.05107752946592706,0.20428941083879457,0.21746921624517881,Maharashtra,Maharashtra-Family Courts
1042,other,9955,15.0,44.0,0.5631655344178983,0.16028654486225585,0.043650063149433996,0.15208776026182244,0.16848532946268927,Maharashtra,Maharashtra-Family Courts
1043,civ_misc,2176,31.0,,0.748975077440603,0.4626756935436347,0.2864598008066391,0.4385130702930934,0.486838316794176,Maharashtra,Maharashtra-School Tribunals
2002,civ_execution,19831,19.0,61.0,0.6703531127937215,0.24384207661981325,0.10035960220569767,0.2368496148699015,0.250834538369725,Andhra Pradesh,Ananthapur
2002,civ_family,2127,15.0,40.0,0.577029018904045,0.12463699139730515,0.028507922653107056,0.1083855153506558,0.1408884674439545,Andhra Pradesh,Ananthapur
2002,civ_mact,5825,21.0,52.0,0.7793749985473233,0.26698742119845764,0.05128426887892991,0.2542632365222961,0.2797116058746192,Andhra Pradesh,Ananthapur
2002,civ_misc,4807,15.0,52.0,0.5676618951946608,0.18535920370720993,0.07445842690096896,0.17289775472448357,0.1978206526899363,Andhra Pradesh,Ananthapur
2002,civ_suit,39435,24.0,83.0,0.6745700783062457,0.380535827953223,0.22375192321346815,0.3751248348878128,0.3859468210186332,Andhra Pradesh,Ananthapur
2002,crim_bail,11603,0.0,1.0,0.004050676549168314,0.0006032922520037913,0.0005171076445746783,0.0001565019309100341,0.0010500825730975485,Andhra Pradesh,Ananthapur
2002,crim_magisterial,65270,13.0,51.0,0.5192340870741573,0.19057292952500784,0.06326981941421471,0.18721416095438756,0.19393169809562813,Andhra Pradesh,Ananthapur
2002,crim_sessions,5353,15.0,41.0,0.5938398368330433,0.12759348620165967,0.04714949246782773,0.11656650380350843,0.13862046859981092,Andhra Pradesh,Ananthapur
2002,other,9191,15.0,49.0,0.5696003310384317,0.17100468274991856,0.0615962638961987,0.1616667658526465,0.18034259964719063,Andhra Pradesh,Ananthapur
2003,civ_execution,18455,17.0,58.0,0.6339582483361194,0.2116030742353942,0.09228815149680857,0.2047444346182937,0.21846171385249472,Andhra Pradesh,Chittoor
2003,civ_family,1759,18.0,45.0,0.6298693604068911,0.1731761505408764,0.02451592138806187,0.15185464378412708,0.19449765729762572,Andhra Pradesh,Chittoor
2003,civ_mact,5842,38.0,73.0,0.9027931280057883,0.520234762663203,0.22898285017045517,0.5062849821201044,0.5341845432063016,Andhra Pradesh,Chittoor
2003,civ_misc,6466,38.0,82.0,0.84565481828782,0.5158302552639868,0.27038340886256534,0.5019995419193569,0.5296609686086168,Andhra Pradesh,Chittoor
2003,civ_suit,48292,28.0,88.0,0.6833312633345049,0.42947024398607664,0.26771715466092916,0.4245697152998844,0.43437077267226887,Andhra Pradesh,Chittoor
2003,crim_bail,3525,0.0,1.0,0.0019858156028368787,,,,,Andhra Pradesh,Chittoor
2003,crim_magisterial,66317,19.0,59.0,0.6183036769920222,0.2558601738946259,0.09354334120429532,0.25214761871627794,0.25957272907297385,Andhra Pradesh,Chittoor
2003,crim_sessions,4357,21.0,64.0,0.6551932838463226,0.3002560955901719,0.1178770906311552,0.284413840354055,0.31609835082628884,Andhra Pradesh,Chittoor
2003,other,8252,15.0,51.0,0.5695372096449385,0.1894577034376927,0.06706988613847902,0.1793115997897345,0.1996038070856509,Andhra Pradesh,Chittoor
2004,civ_execution,25079,13.0,54.0,0.5208554445860277,0.18247947130030326,0.07855758423504633,0.17698225820563174,0.18797668439497478,Andhra Pradesh,East Godavari
2004,civ_family,3631,18.0,42.0,0.6758054813237566,0.15750283011749938,0.023058722726000003,0.14307880684477786,0.1719268533902209,Andhra Pradesh,East Godavari
2004,civ_mact,9043,24.0,59.0,0.7906500379156852,0.28387822977915195,0.09253008626434565,0.2733391016559457,0.2944173579023582,Andhra Pradesh,East Godavari
2004,civ_misc,12359,19.0,69.0,0.6062962630844976,0.3315453270515301,0.15188485001446447,0.32227536693494874,0.3408152871681115,Andhra Pradesh,East Godavari
2004,civ_suit,51056,20.0,71.0,0.6338467288847335,0.3222039520654177,0.15929550631211148,0.31767572094228985,0.3267321831885455,Andhra Pradesh,East Godavari
2004,crim_bail,8812,0.0,1.0,0.005874481159536919,0.0014692283375992955,,0.0005434905888833241,0.0023949660863152667,Andhra Pradesh,East Godavari
2004,crim_magisterial,81835,16.0,57.0,0.5612390663099237,0.23120568325931712,0.08336792176090049,0.22787244049022357,0.23453892602841067,Andhra Pradesh,East Godavari
2004,crim_sessions,5421,19.0,54.0,0.6349303668532845,0.2278207936956356,0.07551155036480023,0.21404014963633627,0.24160143775493492,Andhra Pradesh,East Godavari
2004,other,11591,14.0,55.0,0.5394390293159778,0.214159629726656,0.07975358339330732,0.20510765593701233,0.22321160351629968,Andhra Pradesh,East Godavari
2005,civ_execution,25358,13.0,48.0,0.5079365094731516,0.15201685816334565,0.06440163405589036,0.146755420892566,0.1572782954341253,Andhra Pradesh,Guntur
2005,civ_family,4548,15.0,39.0,0.5828745813874635,0.12367243979618008,0.021799181475319035,0.1119456128803699,0.13539926671199023,Andhra Pradesh,Guntur
2005,civ_mact,3261,18.0,45.0,0.7118752629521716,0.16192046911935412,0.037034714747495485,0.14872226665984703,0.1751186715788612,Andhra Pradesh,Guntur
2005,civ_misc,21000,22.0,67.0,0.6615149054028825,0.3079876541012626,0.12821975806020797,0.3009529623969129,0.31502234580561234,Andhra Pradesh,Guntur
2005,civ_suit,59442,20.0,74.0,0.6430872531879918,0.32686739297855094,0.15695786784613744,0.3226612613174732,0.3310735246396287,Andhra Pradesh,Guntur
2005,crim_bail,14536,0.0,1.0,0.0021170517335505827,0.001587788800162937,,0.00014876274705506428,0.0030268148532708095,Andhra Pradesh,Guntur
2005,crim_magisterial,97441,17.0,49.0,0.5957722829785187,0.19236144837136607,0.051716709292315984,0.1894952140129448,0.19522768272978733,Andhra Pradesh,Guntur
2005,crim_sessions,10024,6.0,34.0,0.3548647734541157,0.08445931366449533,0.022217427777962977,0.07759822780715296,0.0913203995218377,Andhra Pradesh,Guntur
2005,other,16703,12.0,51.0,0.49317327897899244,0.18067251377823187,0.06681746050677446,0.17379577670754778,0.18754925084891597,Andhra Pradesh,Guntur
2007,civ_execution,12222,13.0,48.0,0.5256290403745394,0.1667600559446084,0.05996235368820216,0.15889239257282817,0.17462771931638865,Andhra Pradesh,Kadapa
2007,civ_family,1038,16.0,48.0,0.6237026401107317,0.15258682299038454,0.06361506338776371,0.12542017109517586,0.1797534748855932,Andhra Pradesh,Kadapa
2007,civ_mact,7097,27.0,64.0,0.8409937269434904,0.35787651692378497,0.12135337874038422,0.34519109862322295,0.370561935224347,Andhra Pradesh,Kadapa
2007,civ_misc,4038,24.0,81.0,0.6645592589995735,0.3755863822216497,0.21470544629962948,0.3587078888428107,0.3924648756004887,Andhra Pradesh,Kadapa
2007,civ_suit,27860,19.0,83.0,0.60127509063408,0.3497533545076963,0.20475536681021678,0.3434246907790776,0.35608201823631497,Andhra Pradesh,Kadapa
2007,crim_bail,968,1.0,1.0,0.002840909090909091,0.0014204545454545455,0.0014204545454545455,0.0,0.004155214247065447,Andhra Pradesh,Kadapa
2007,crim_magisterial,54877,8.0,49.0,0.410219989219539,0.1554110275936113,0.06199038746462829,0.15185612255268144,0.15896593263454117,Andhra Pradesh,Kadapa
2007,crim_sessions,4732,21.0,59.0,0.6850698853301099,0.23638475640048828,0.09425952940856878,0.22207005448516753,0.25069945831580903,Andhra Pradesh,Kadapa
2007,other,4984,11.0,50.0,0.46085519805520236,0.179434419028188,0.06063180428438339,0.16706269310611818,0.1918061449502578,Andhra Pradesh,Kadapa
2010,civ_execution,20636,19.0,62.0,0.6511604584673822,0.2353874919532029,0.10630677537486054,0.2282096426110009,0.2425653412954049,Andhra Pradesh,Kurnool
2010,civ_family,1729,17.0,45.0,0.6572751840193591,0.1663761701378795,0.03756994262385796,0.14328150386385438,0.18947083641190463,Andhra Pradesh,Kurnool
2010,civ_mact,9681,21.0,56.0,0.6778698063964874,0.2756584339992008,0.07174196772618238,0.2655248954277791,0.28579197257062255,Andhra Pradesh,Kurnool
2010,civ_misc,5397,45.0,76.0,0.8735049028434102,0.6133493837842668,0.29396087454700376,0.5992324727834314,0.6274662947851023,Andhra Pradesh,Kurnool
2010,civ_suit,36593,22.0,85.0,0.6358385445061039,0.3788225242934427,0.24810835133779865,0.37318487692282987,0.38446017166405555,Andhra Pradesh,Kurnool
2010,crim_bail,871,0.0,3.0,0.010332950631458096,0.0011481056257175665,,0.0,0.0033971004975377472,Andhra Pradesh,Kurnool
2010,crim_magisterial,50971,22.0,62.0,0.6531697500382074,0.31399838822131776,0.10856277040173509,0.3091595539231872,0.3188372225194483,Andhra Pradesh,Kurnool
2010,crim_sessions,4943,19.0,62.0,0.6638722377472107,0.3028398790942634,0.1089771906920066,0.28825961496898456,0.31742014321954226,Andhra Pradesh,Kurnool
2010,other,7649,15.0,45.0,0.577173535483259,0.14693188167564494,0.03969728028174184,0.13746381688850592,0.15639994646278396,Andhra Pradesh,Kurnool
2011,civ_execution,22878,13.0,48.0,0.5192409296348462,0.1556841964388594,0.06444044125285282,0.15014663036804363,0.16122176250967515,Andhra Pradesh,Krishna
2011,civ_family,4873,18.0,43.0,0.6561112927079674,0.1660952466066542,0.02240825649164894,0.1539999408332615,0.1781905523800469,Andhra Pradesh,Krishna
2011,civ_mact,8763,25.0,58.0,0.7408532300628932,0.3080622457465936,0.08473699255227661,0.2973152529176105,0.31880923857557664,Andhra Pradesh,Krishna
2011,civ_misc,14490,19.0,63.0,0.610356199266884,0.27119878708074674,0.110711880007818,0.2632814393959259,0.27911613476556757,Andhra Pradesh,Krishna
2011,civ_suit,51344,18.0,70.0,0.5949124922327557,0.29361423032030276,0.14375364969005572,0.2892232116592261,0.2980052489813794,Andhra Pradesh,Krishna
2011,crim_bail,1300,1.0,2.0,0.03657437745756253,,,,,Andhra Pradesh,Krishna
2011,crim_magisterial,130155,16.0,52.0,0.5651363012244073,0.20935896274937646,0.06145505874411924,0.20691162396577903,0.2118063015329739,Andhra Pradesh,Krishna
2011,crim_sessions,6039,25.0,60.0,0.7769377968894925,0.2980070143271886,0.09488983053157965,0.2848539336707726,0.31116009498360464,Andhra Pradesh,Krishna
2011,other,16373,13.0,50.0,0.5127397879115123,0.192235014379416,0.060621320860818485,0.18502269165884336,0.19944733709998866,Andhra Pradesh,Krishna
2015,civ_execution,10059,20.0,67.0,0.6837805968900513,0.2699975741614537,0.12713404907162207,0.2597599685434899,0.2802351797794175,Andhra Pradesh,Nellore
2015,civ_family,998,20.0,45.0,0.7132985740036388,0.18898472020863596,0.03790090088719319,0.1548426213382753,0.22312681907899662,Andhra Pradesh,Nellore
2015,civ_mact,5724,33.0,66.0,0.8467976881802628,0.4386705967995262,0.14058538618732186,0.4246928575569955,0.4526483360420569,Andhra Pradesh,Nellore
2015,civ_misc,3874,40.0,81.0,0.8545814466950659,0.5511399410009479,0.2266684830063236,0.5335661232598645,0.5687137587420312,Andhra Pradesh,Nellore
2015,civ_suit,25168,31.0,83.0,0.7300846409941303,0.4499935211482227,0.260237770181692,0.4431827503965009,0.45680429189994454,Andhra Pradesh,Nellore
2015,crim_bail,1610,0.0,1.0,0.0006211180124223609,,,,,Andhra Pradesh,Nellore
2015,crim_magisterial,47088,26.0,62.0,0.7170274611932765,0.34275624820040634,0.11233195239912536,0.3379222362572687,0.347590260143544,Andhra Pradesh,Nellore
2015,crim_sessions,3596,31.0,59.0,0.8505270992926642,0.3874786218098798,0.09276450985769805,0.3677019307740254,0.4072553128457342,Andhra Pradesh,Nellore
2015,other,6726,15.0,57.0,0.562865379002843,0.2304605858268955,0.08282938377827763,0.2186521226959611,0.24226904895782989,Andhra Pradesh,Nellore
2017,civ_execution,16281,19.0,60.0,0.665375047985464,0.23070970513676675,0.09837103439959438,0.22295243330318326,0.23846697697035024,Andhra Pradesh,Prakasham
2017,civ_family,2487,17.0,50.0,0.6124695377853632,0.18820499984957784,0.047730979274378825,0.1691705684767939,0.20723943122236177,Andhra Pradesh,Prakasham
2017,civ_mact,4172,19.0,54.0,0.6803794066855925,0.21722945043541322,0.0696474096449405,0.2031491040938928,0.23130979677693364,Andhra Pradesh,Prakasham
2017,civ_misc,4383,28.0,80.0,0.6984898746884719,0.4131962457815911,0.23582630170025506,0.3961051800979285,0.4302873114652537,Andhra Pradesh,Prakasham
2017,civ_suit,37158,27.0,87.0,0.6898700539844964,0.4073976715329171,0.2590205502901063,0.40182076164769004,0.4129745814181442,Andhra Pradesh,Prakasham
2017,crim_bail,10872,0.0,1.0,0.022072437887734303,0.02151712898798289,0.02151712898798289,0.01878921827782156,0.02424503969814422,Andhra Pradesh,Prakasham
2017,crim_magisterial,53765,20.0,64.0,0.6437754915917809,0.29532862222162853,0.11408964771469116,0.2909576435781344,0.29969960086512265,Andhra Pradesh,Prakasham
2017,crim_sessions,4049,15.0,51.0,0.5533454755928631,0.18372481709162744,0.07694228909023995,0.16840217333526028,0.1990474608479946,Andhra Pradesh,Prakasham
2017,other,9797,10.0,52.0,0.4323289932042808,0.18258958239033288,0.0670652389131676,0.17379090603866423,0.19138825874200152,Andhra Pradesh,Prakasham
2019,civ_execution,4352,20.0,65.0,0.6606375716441177,0.2654364221160899,0.1175494541408766,0.2506949212689643,0.28017792296321553,Andhra Pradesh,Srikakulam
2019,civ_family,1771,24.0,56.0,0.772035488163246,0.3073873463472146,0.0697473776668034,0.2818970010213858,0.3328776916730434,Andhra Pradesh,Srikakulam
2019,civ_mact,3929,24.0,54.0,0.7959950270510452,0.27995672772029284,0.0665079480047221,0.2647146579898384,0.2951987974507473,Andhra Pradesh,Srikakulam
2019,civ_misc,1994,31.0,72.0,0.8556904969817788,0.41577229468657273,0.14861728216725842,0.3919310517142136,0.43961353765893185,Andhra Pradesh,Srikakulam
2019,civ_suit,12141,32.0,85.0,0.7390339289671207,0.4507056256181038,0.260556437153931,0.44081586638977355,0.46059538484643403,Andhra Pradesh,Srikakulam
2019,crim_magisterial,33342,12.0,51.0,0.4965881929388671,0.1956148180333393,0.06426056641284011,0.190790157232993,0.2004394788336856,Andhra Pradesh,Srikakulam
2019,crim_sessions,1430,20.0,49.0,0.7270659106465525,0.17608682221000704,0.058644526021509755,0.15254005288420797,0.19963359153580612,Andhra Pradesh,Srikakulam
2019,other,2990,14.0,52.0,0.5353572545707085,0.17854330915265948,0.07460648282323346,0.16229743376212183,0.19478918454319713,Andhra Pradesh,Srikakulam
2020,civ_execution,24164,14.0,55.0,0.5346790113569345,0.18782544053630565,0.08423895042619796,0.18212134843134,0.1935295326412713,Andhra Pradesh,Visakapatnam
2020,civ_family,624,21.0,50.0,0.7092007766938218,0.20330069557115216,0.04785556516176765,0.16254124031456765,0.24406015082773666,Andhra Pradesh,Visakapatnam
2020,civ_mact,10132,22.0,54.0,0.7182096023306929,0.25864676737494596,0.06591085767885928,0.2494237917390139,0.267869743010878,Andhra Pradesh,Visakapatnam
2020,civ_misc,16372,21.0,74.0,0.6282998385412479,0.34099721987246095,0.17357690356394273,0.33304993196888977,0.34894450777603214,Andhra Pradesh,Visakapatnam
2020,civ_suit,46388,23.0,82.0,0.6602885774722057,0.3683928091055087,0.21389654916374332,0.36354938303085094,0.37323623518016646,Andhra Pradesh,Visakapatnam
2020,crim_bail,4301,0.0,1.0,0.0006975122064636134,0.0,,0.0,0.0,Andhra Pradesh,Visakapatnam
2020,crim_magisterial,119228,15.0,62.0,0.5388519028494038,0.25089547161392317,0.1075275832976248,0.24819904388545946,0.2535918993423869,Andhra Pradesh,Visakapatnam
2020,crim_sessions,6621,53.0,98.0,0.8996383498890004,0.6485355685617264,0.43332203578975287,0.6353135754662764,0.6617575616571765,Andhra Pradesh,Visakapatnam
2020,other,12041,21.0,73.0,0.6260245233646459,0.3307663593110344,0.15165786844418933,0.32117676893883607,0.3403559496832327,Andhra Pradesh,Visakapatnam
2021,civ_execution,6112,16.0,57.0,0.5980482865672174,0.19784243023699863,0.08498605961193159,0.1862277884496331,0.20945707202436414,Andhra Pradesh,Vizianagaram
2021,civ_family,1456,18.0,49.0,0.6474233115127276,0.20961041323354618,0.04216790530363812,0.18444722314876738,0.23477360331832497,Andhra Pradesh,Vizianagaram
2021,civ_mact,6023,21.0,42.0,0.745342293089705,0.16994180658149052,0.02216716495521058,0.1589546337232954,0.18092897943968564,Andhra Pradesh,Vizianagaram
2021,civ_misc,1566,23.0,70.0,0.754807910049666,0.28827916168124235,0.14195617686773437,0.2616352998039447,0.31492302355854,Andhra Pradesh,Vizianagaram
2021,civ_suit,14527,23.0,76.0,0.6713717668852833,0.3655577019294025,0.2065211157361105,0.3566884695022262,0.3744269343565788,Andhra Pradesh,Vizianagaram
2021,crim_magisterial,30761,14.0,60.0,0.5433155154844539,0.2010288353791288,0.09594998619507333,0.19584799829428953,0.20620967246396807,Andhra Pradesh,Vizianagaram
2021,crim_sessions,1398,24.0,66.0,0.757845025289379,0.3454572147154097,0.134669836527049,0.3167717918120875,0.3741426376187319,Andhra Pradesh,Vizianagaram
2021,other,2898,12.0,58.0,0.499628829625159,0.18225866192214307,0.09021772870511674,0.16582805167506218,0.19868927216922397,Andhra Pradesh,Vizianagaram
2023,civ_execution,15858,20.0,68.0,0.6825179121196624,0.27565856508176395,0.13096178529000613,0.26753018108294835,0.28378694908057955,Andhra Pradesh,West Godavari
2023,civ_family,3339,17.0,41.0,0.6041874014000652,0.13599705766361872,0.028459084393196096,0.12133891675817436,0.1506551985690631,Andhra Pradesh,West Godavari
2023,civ_mact,7725,22.0,67.0,0.7262618401279237,0.30751340206572647,0.12558055406957644,0.29601309609525506,0.3190137080361979,Andhra Pradesh,West Godavari
2023,civ_misc,7435,27.0,74.0,0.682692576812922,0.41990482926634565,0.2166288111937103,0.4075440278446203,0.432265630688071,Andhra Pradesh,West Godavari
2023,civ_suit,34083,32.0,87.0,0.7298052125203076,0.4529577909932749,0.26362767828176986,0.44704110399122493,0.4588744779953248,Andhra Pradesh,West Godavari
2023,crim_bail,2957,0.0,1.0,0.0013527223537368948,,,,,Andhra Pradesh,West Godavari
2023,crim_magisterial,68101,15.0,50.0,0.5606975079430784,0.20186079858010492,0.060615444171461384,0.19843827031737282,0.205283326842837,Andhra Pradesh,West Godavari
2023,crim_sessions,4092,30.0,82.0,0.7899008359825377,0.42362237365535893,0.22877065327793303,0.4060153524311527,0.44122939487956514,Andhra Pradesh,West Godavari
2023,other,11494,14.0,58.0,0.5337084558779082,0.22478099817224217,0.09001935590507945,0.2160747082035254,0.23348728814095895,Andhra Pradesh,West Godavari
3001,civ_execution,51488,29.0,78.0,0.7273468496067781,0.425321697643037,0.21381456089252698,0.4206446136517646,0.42999878163430943,Karnataka,BELAGAVI
3001,civ_family,9281,9.0,32.0,0.3862189944400377,0.0736087462572652,0.017971657110396118,0.06732501334363533,0.07989247917089506,Karnataka,BELAGAVI
3001,civ_mact,38408,14.0,40.0,0.5370836779261934,0.12300374163495874,0.03060086235725718,0.11919468596629615,0.12681279730362133,Karnataka,BELAGAVI
3001,civ_misc,25890,22.0,63.0,0.7096851343943666,0.29698909488121883,0.11546277423255963,0.2904368047136689,0.30354138504876876,Karnataka,BELAGAVI
3001,civ_suit,78297,19.0,90.0,0.5841206735568726,0.3331348511607387,0.19950247330411655,0.3295150218772051,0.3367546804442723,Karnataka,BELAGAVI
3001,crim_magisterial,289781,3.0,51.0,0.31118440172526046,0.1480804595999902,0.07917122223650035,0.1465995467997974,0.149561372400183,Karnataka,BELAGAVI
3001,crim_sessions,5431,14.0,47.0,0.5389279898196233,0.15842311125550768,0.06325916902171318,0.14700132927730963,0.16984489323370572,Karnataka,BELAGAVI
3001,other,15818,20.0,65.0,0.6340188663847223,0.27470639117406104,0.11275389687593768,0.26695207220133643,0.28246071014678564,Karnataka,BELAGAVI
3002,civ_execution,10628,18.0,71.0,0.5919435027004166,0.2815726402483706,0.1483804654543556,0.2714222336970027,0.2917230467997385,Karnataka,BAGALKOT
3002,civ_family,2873,11.0,37.0,0.4370291596044443,0.10213823165632663,0.025647240270747836,0.08933256079835405,0.1149439025142992,Karnataka,BAGALKOT
3002,civ_mact,10676,6.0,41.0,0.4168949592612527,0.12666534786471104,0.03952081870408823,0.11972542232538565,0.1336052734040364,Karnataka,BAGALKOT
3002,civ_misc,21450,20.0,62.0,0.6568650302432502,0.2581589002266709,0.10759674276910738,0.2515359528960178,0.2647818475573239,Karnataka,BAGALKOT
3002,civ_suit,24696,19.0,79.0,0.602141504578767,0.3204649779058285,0.1789884346103603,0.31408772746596825,0.32684222834568877,Karnataka,BAGALKOT
3002,crim_magisterial,114871,1.0,38.0,0.21869105104123027,0.10330455577003793,0.05564885763911335,0.10133038558039403,0.10527872595968182,Karnataka,BAGALKOT
3002,crim_sessions,1327,18.0,54.0,0.6382157379492434,0.2321664385411307,0.06863664349264294,0.20683291109118482,0.2574999659910766,Karnataka,BAGALKOT
3002,other,7654,18.0,69.0,0.5900252639876119,0.2844947545722488,0.13996568943779492,0.2734017053271543,0.29558780381734334,Karnataka,BAGALKOT
3003,civ_execution,11407,19.0,69.0,0.6175642552600177,0.2903995320060922,0.13338755007041778,0.2813828936726869,0.2994161703394975,Karnataka,VIJAYAPURA
3003,civ_family,2925,8.0,31.0,0.3318667319041855,0.07627358150290724,0.02408845783495469,0.06533638654606998,0.0872107764597445,Karnataka,VIJAYAPURA
3003,civ_mact,26344,17.0,52.0,0.5948871659312656,0.20827714394901783,0.06620518396602933,0.20242138505399923,0.21413290284403644,Karnataka,VIJAYAPURA
3003,civ_misc,9927,25.0,72.0,0.7045581515645489,0.34594925495194545,0.1486789400117597,0.3346689960015352,0.3572295139023557,Karnataka,VIJAYAPURA
3003,civ_suit,26204,30.0,103.0,0.6703861650751654,0.4519957863736291,0.29087733479782624,0.44539661408639014,0.458594958660868,Karnataka,VIJAYAPURA
3003,crim_magisterial,107125,1.0,47.0,0.24967346362675444,0.12928590572090487,0.07141451003374784,0.12707527238698255,0.1314965390548272,Karnataka,VIJAYAPURA
3003,crim_sessions,3032,15.0,39.0,0.5959376104137867,0.1212239986797648,0.036253941055582606,0.10684331103642578,0.13560468632310382,Karnataka,VIJAYAPURA
3003,other,6926,20.0,81.0,0.6037192111765413,0.3318764168942003,0.18137240968429588,0.31935809733308,0.34439473645532054,Karnataka,VIJAYAPURA
3004,civ_execution,13988,17.0,57.0,0.6048360743800545,0.23284618869085064,0.07726966297931277,0.22478726030684038,0.2409051170748609,Karnataka,KALABURAGI
3004,civ_family,2875,10.0,28.0,0.36431903648671277,0.047477198448679425,0.012078707650994135,0.03823880200150195,0.056715594895856904,Karnataka,KALABURAGI
3004,civ_mact,17286,18.0,48.0,0.594073372027124,0.20329633767719094,0.041626276270844045,0.19591704363811913,0.21067563171626275,Karnataka,KALABURAGI
3004,civ_misc,14538,19.0,60.0,0.6719874659077306,0.22361849639340545,0.09685278398482947,0.21628099844827167,0.23095599433853922,Karnataka,KALABURAGI
3004,civ_suit,19492,24.0,77.0,0.6836833341499619,0.3709965781673007,0.18627059764147755,0.36354400343705295,0.37844915289754844,Karnataka,KALABURAGI
3004,crim_magisterial,138477,1.0,42.0,0.24490219344834735,0.11624238103129021,0.05981912940921963,0.11437718061617251,0.11810758144640791,Karnataka,KALABURAGI
3004,crim_sessions,3389,18.0,53.0,0.6271617308923417,0.21517166299391244,0.06013176707711759,0.19950491613694898,0.2308384098508759,Karnataka,KALABURAGI
3004,other,21498,8.0,47.0,0.4091035588374517,0.15325041058101702,0.05709265518855739,0.14803948776727413,0.1584613333947599,Karnataka,KALABURAGI
3005,civ_execution,10703,26.0,73.0,0.7358295631270667,0.3831365821775508,0.18401408084597504,0.37123038314224066,0.39504278121286096,Karnataka,BIDAR
3005,civ_family,1683,15.0,44.0,0.5808086881917046,0.1567216379785439,0.0431770030126056,0.13644881633314657,0.17699445962394125,Karnataka,BIDAR
3005,civ_mact,10042,21.0,,0.6822225936909221,0.27381479377771034,0.16462637394897434,0.2640830403543413,0.28354654720107936,Karnataka,BIDAR
3005,civ_misc,5132,19.0,60.0,0.6433147544240077,0.237319199687592,0.09477113836003638,0.2244342367262186,0.2502041626489654,Karnataka,BIDAR
3005,civ_suit,11787,25.0,87.0,0.7001768015189862,0.37839587002283265,0.22647405254218933,0.36871859096455895,0.38807314908110635,Karnataka,BIDAR
3005,crim_magisterial,175660,2.0,,0.260858922576252,0.15155449723348402,0.11920565582201677,0.14977722667317717,0.15333176779379087,Karnataka,BIDAR
3005,crim_sessions,2543,15.0,47.0,0.5617846056904412,0.1567110796599495,0.0468210783715602,0.13802370978167977,0.1753984495382192,Karnataka,BIDAR
3005,other,4946,11.0,71.0,0.48613235191698284,0.22777497761063406,0.12571360374388918,0.21435809705781408,0.24119185816345404,Karnataka,BIDAR
3006,civ_execution,8792,19.0,62.0,0.6305643562663684,0.26991413067331804,0.10498127357281903,0.25939696158913095,0.28043129975750514,Karnataka,RAICHUR
3006,civ_family,1723,9.0,29.0,0.3461493389267326,0.05521847890863114,0.006621483816482425,0.04311328862804214,0.06732366918922014,Karnataka,RAICHUR
3006,civ_mact,8251,12.0,41.0,0.4776082236580016,0.1238650807945277,0.0545913146155453,0.11582460649638504,0.13190555509267035,Karnataka,RAICHUR
3006,civ_misc,10592,27.0,58.0,0.7282530835651557,0.32969046629433246,0.09009417550390773,0.31925507342032017,0.34012585916834476,Karnataka,RAICHUR
3006,civ_suit,17885,26.0,84.0,0.6904021993993008,0.3783371472559563,0.19723951095421155,0.3704873836795617,0.3861869108323509,Karnataka,RAICHUR
3006,crim_magisterial,111601,2.0,45.0,0.29134294489120394,0.12938898098378404,0.06300263415065681,0.12722219105168678,0.1315557709158813,Karnataka,RAICHUR
3006,crim_sessions,2862,10.0,46.0,0.4403838170075838,0.14642628278859726,0.05828122051491296,0.13138596980588987,0.16146659577130465,Karnataka,RAICHUR
3006,other,11132,14.0,49.0,0.5374542482377063,0.1920476038205953,0.057947043459415475,0.18407744717555324,0.20001776046563735,Karnataka,RAICHUR
3007,civ_execution,5600,30.0,71.0,0.7930677321043197,0.3922449865909684,0.15059320391003558,0.3771150021278449,0.40737497105409193,Karnataka,KOPPAL
3007,civ_family,1697,15.0,47.0,0.5905532155854836,0.17349707435591777,0.022285980890708892,0.1525169379446129,0.19447721076722263,Karnataka,KOPPAL
3007,civ_mact,7373,10.0,47.0,0.459658010151038,0.15783531809105955,0.04987971848669659,0.14859002231507917,0.16708061386703993,Karnataka,KOPPAL
3007,civ_misc,4813,32.0,89.0,0.7693989310508786,0.4570570281514917,0.2723386281975291,0.4407405679897694,0.47337348831321396,Karnataka,KOPPAL
3007,civ_suit,20177,14.0,73.0,0.5289048126411057,0.26140989971701695,0.1421409021688376,0.2545318606479407,0.2682879387860932,Karnataka,KOPPAL
3007,crim_magisterial,62131,2.0,38.0,0.2484847414892029,0.10534131504979896,0.048227888855804237,0.10249589705998054,0.10818673303961739,Karnataka,KOPPAL
3007,crim_sessions,1394,21.0,,0.6053501578990752,0.36629923597146,0.19079839127254372,0.33405253617300273,0.3985459357699173,Karnataka,KOPPAL
3007,other,5979,13.0,66.0,0.5163030767070821,0.22058307775020808,0.11323045364719685,0.20745302926338627,0.2337131262370299,Karnataka,KOPPAL
3008,civ_execution,4883,23.0,67.0,0.6977202005973318,0.3334486319474989,0.14495251216842325,0.31813410235326717,0.34876316154173065,Karnataka,GADAG
3008,civ_family,2188,7.0,23.0,0.2636347557919556,0.03354178983419818,0.0038706024483862464,0.025043729400954146,0.04203985026744221,Karnataka,GADAG
3008,civ_mact,4268,17.0,56.0,0.6022867468152644,0.21564900870157583,0.08749684528162419,0.20205043565938877,0.2292475817437629,Karnataka,GADAG
3008,civ_misc,9062,5.0,41.0,0.3081177707239999,0.11187339625083928,0.0677743095558724,0.10477823789649056,0.118968554605188,Karnataka,GADAG
3008,civ_suit,11714,21.0,80.0,0.6467517631721555,0.33838741395312244,0.20306325221648588,0.3285861523130989,0.348188675593146,Karnataka,GADAG
3008,crim_magisterial,46200,1.0,31.0,0.2282628700372322,0.07905712471262198,0.029789970172252832,0.07607803532913675,0.08203621409610722,Karnataka,GADAG
3008,crim_sessions,477,9.0,49.0,0.4245548207752145,0.1631245953364255,0.04020210312768931,0.12488716367528249,0.20136202699756853,Karnataka,GADAG
3008,other,3723,15.0,72.0,0.5617631567121263,0.25418990396117014,0.13878312608253482,0.2384623050391597,0.2699175028831806,Karnataka,GADAG
3009,civ_execution,13248,20.0,67.0,0.6297799397333911,0.2762746951646827,0.1280875607567237,0.2674611850678781,0.28508820526148737,Karnataka,DHARWAD
3009,civ_family,5304,8.0,24.0,0.308077162085449,0.03512118357916202,0.004705476422674135,0.0295694450212304,0.040672922137093635,Karnataka,DHARWAD
3009,civ_mact,15278,8.0,37.0,0.4125785744164643,0.10643930543167394,0.021058218043185466,0.10097845844910182,0.11190015241424607,Karnataka,DHARWAD
3009,civ_misc,11009,16.0,57.0,0.5544144364482055,0.23384163795639862,0.08468386452902504,0.22513924060305485,0.2425440353097424,Karnataka,DHARWAD
3009,civ_suit,27922,18.0,79.0,0.5931900883736,0.3163456011014259,0.17199578919621786,0.3104154235377393,0.3222757786651125,Karnataka,DHARWAD
3009,crim_magisterial,156546,0.0,34.0,0.23075125213423117,0.09017687573621964,0.034321587015250864,0.08856011031895045,0.09179364115348884,Karnataka,DHARWAD
3009,crim_sessions,2813,10.0,47.0,0.43643473326487237,0.15172595415636403,0.06354523851188935,0.1360414346500372,0.16741047366269085,Karnataka,DHARWAD
3009,other,15266,20.0,66.0,0.6144364632056818,0.31387616453404094,0.130787676852453,0.30562630624351317,0.3221260228245687,Karnataka,DHARWAD
3010,civ_execution,19572,23.0,76.0,0.6589193799945509,0.3372021677508927,0.16711953164963925,0.32998526357797636,0.344419071923809,Karnataka,UTTARA KANNADA
3010,civ_family,2857,9.0,31.0,0.38531608229830333,0.06855152317146496,0.014361306186626337,0.05784766899235445,0.07925537735057546,Karnataka,UTTARA KANNADA
3010,civ_mact,11757,5.0,25.0,0.32808506147459626,0.03165587566518169,0.00262057162697481,0.02791297199133655,0.035398779339026826,Karnataka,UTTARA KANNADA
3010,civ_misc,4525,19.0,62.0,0.6335195607212633,0.27223283488160055,0.10451005704203348,0.257734965985816,0.2867307037773851,Karnataka,UTTARA KANNADA
3010,civ_suit,17593,18.0,73.0,0.5860945481711028,0.31047101014787004,0.1626597812765971,0.3028564681804792,0.3180855521152609,Karnataka,UTTARA KANNADA
3010,crim_magisterial,121222,2.0,33.0,0.23431332785706901,0.08987388028412326,0.038368868262748525,0.0880664245907925,0.09168133597745401,Karnataka,UTTARA KANNADA
3010,crim_sessions,1455,10.0,73.0,0.44512769309821354,0.2489872895263621,0.14295715577068666,0.22467272732629498,0.27330185172642923,Karnataka,UTTARA KANNADA
3010,other,6412,18.0,85.0,0.5717304033193658,0.3051630945736923,0.16858892390090274,0.2930016162751781,0.31732457287220645,Karnataka,UTTARA KANNADA
3011,civ_execution,12698,17.0,58.0,0.5910627530236643,0.254362809793041,0.08834386080608694,0.24591874380717052,0.2628068757789115,Karnataka,HAVERI
3011,civ_family,2826,11.0,36.0,0.44103476177742973,0.09605948255793972,0.021132889007630537,0.08335150925404698,0.10876745586183247,Karnataka,HAVERI
3011,civ_mact,27566,6.0,33.0,0.3940047837460645,0.07891083828472016,0.019341674950613244,0.07531960539224024,0.08250207117720008,Karnataka,HAVERI
3011,civ_misc,12211,26.0,62.0,0.7650036191264629,0.33679127148781646,0.10576919893485616,0.3279268950199942,0.3456556479556387,Karnataka,HAVERI
3011,civ_suit,25019,19.0,76.0,0.5876992055947047,0.3381160962138184,0.1818741491784749,0.3316712529551283,0.3445609394725085,Karnataka,HAVERI
3011,crim_magisterial,88900,1.0,39.0,0.25432942323444524,0.1084838986788559,0.04225470386583557,0.10617608699322593,0.11079171036448586,Karnataka,HAVERI
3011,crim_sessions,2313,20.0,56.0,0.6298390888549509,0.2468178506528532,0.07868167622050108,0.2247969080229048,0.2688387932828016,Karnataka,HAVERI
3011,other,8661,12.0,54.0,0.4961125491091323,0.2130060045329032,0.0738007960629761,0.20366092484916046,0.22235108421664593,Karnataka,HAVERI
3012,civ_execution,15592,20.0,59.0,0.6291122657466243,0.27114402056998843,0.09352959220643209,0.2630694403175649,0.27921860082241196,Karnataka,BALLARI
3012,civ_family,1397,10.0,35.0,0.4197904086542581,0.08729503016218729,0.02322123392675425,0.07066585559645758,0.103924204727917,Karnataka,BALLARI
3012,civ_mact,18505,8.0,33.0,0.3918306021331245,0.06733957709036259,0.009866029034672815,0.06300246521091935,0.07167668896980584,Karnataka,BALLARI
3012,civ_misc,7375,23.0,63.0,0.6956893182422267,0.30526634668399083,0.11073823485479434,0.2928835966181456,0.31764909674983605,Karnataka,BALLARI
3012,civ_suit,27057,24.0,77.0,0.6751015850145644,0.3562440404159859,0.1870165966102634,0.3499427496786435,0.36254533115332827,Karnataka,BALLARI
3012,crim_magisterial,213048,1.0,32.0,0.2047975090667426,0.08504243621662311,0.03271338538799257,0.08370727207264202,0.0863776003606042,Karnataka,BALLARI
3012,crim_sessions,3126,12.0,36.0,0.47948842687045684,0.09810467653339464,0.035674744815389695,0.08537713772578152,0.11083221534100775,Karnataka,BALLARI
3012,other,11588,10.0,49.0,0.4472203963350683,0.1556167588156509,0.06024461807949559,0.14811590657344723,0.16311761105785458,Karnataka,BALLARI
3013,civ_execution,10307,14.0,50.0,0.5274315052169903,0.16922879580939518,0.06459387268967269,0.1611672669361278,0.17729032468266256,Karnataka,CHITRADURGA
3013,civ_family,2513,10.0,31.0,0.39674140244729683,0.06633964885123894,0.023737045692658967,0.05476713791810199,0.07791215978437589,Karnataka,CHITRADURGA
3013,civ_mact,20355,4.0,22.0,0.2600343956899846,0.02549086011518483,0.005908566249440328,0.022954590338288276,0.028027129892081386,Karnataka,CHITRADURGA
3013,civ_misc,7509,17.0,50.0,0.6217419697977872,0.1678576406939132,0.048198444992635654,0.15762354235836276,0.17809173902946365,Karnataka,CHITRADURGA
3013,civ_suit,17965,25.0,86.0,0.6969494365902829,0.38107262220642946,0.21174869500133406,0.3730466725387746,0.3890985718740843,Karnataka,CHITRADURGA
3013,crim_magisterial,114341,2.0,31.0,0.24776222745852206,0.07959836653244076,0.028321938371770255,0.07780372899969812,0.0813930040651834,Karnataka,CHITRADURGA
3013,crim_sessions,1715,10.0,33.0,0.41647773132013904,0.06454551122057521,0.014570771064968764,0.05169739045571317,0.07739363198543725,Karnataka,CHITRADURGA
3013,other,6027,9.0,42.0,0.38266253505105474,0.12629438243768104,0.05590945125938816,0.11700943609455988,0.1355793287808022,Karnataka,CHITRADURGA
3014,civ_execution,10306,20.0,72.0,0.6440704122769341,0.32683607633146206,0.15754946421941635,0.3161102032096638,0.3375619494532603,Karnataka,DAVANGERE
3014,civ_family,3473,9.0,27.0,0.33133579319448303,0.048693882811350175,0.009373957419443808,0.04030328631573747,0.05708447930696288,Karnataka,DAVANGERE
3014,civ_mact,17258,7.0,29.0,0.3578926551761538,0.05434229191865248,0.009685200418167419,0.05062911275814216,0.058055471079162806,Karnataka,DAVANGERE
3014,civ_misc,6968,22.0,60.0,0.7749006043595414,0.2587561218263537,0.09539822145605319,0.24610364777948132,0.2714085958732261,Karnataka,DAVANGERE
3014,civ_suit,20946,32.0,104.0,0.7574809158269161,0.4548509705454035,0.27424053435821755,0.4474356496255228,0.46226629146528425,Karnataka,DAVANGERE
3014,crim_magisterial,157138,1.0,29.0,0.2219843262467256,0.07204817048118613,0.026779877944663345,0.0706251252319146,0.07347121573045766,Karnataka,DAVANGERE
3014,crim_sessions,2877,13.0,40.0,0.5162895522060928,0.12900636110791242,0.05696911002573635,0.11483769773917417,0.14317502447665068,Karnataka,DAVANGERE
3014,other,4518,17.0,78.0,0.6025831862355087,0.26014474301752377,0.13230538520175456,0.24616789880055845,0.2741215872344891,Karnataka,DAVANGERE
3015,civ_execution,12716,21.0,67.0,0.6560282201710933,0.3036514605297334,0.13623947330902647,0.29504324962112727,0.31225967143833955,Karnataka,SHIVAMOGGA
3015,civ_family,4924,10.0,31.0,0.3905244599210941,0.06315438079711147,0.010477777744959966,0.05553906437019586,0.07076969722402708,Karnataka,SHIVAMOGGA
3015,civ_mact,19764,10.0,40.0,0.45041171501246674,0.11608983522693213,0.05372674358757104,0.11112245016301339,0.12105722029085086,Karnataka,SHIVAMOGGA
3015,civ_misc,9624,21.0,62.0,0.6474571676838692,0.2981973425315198,0.11048042301210019,0.28820007681941967,0.30819460824361994,Karnataka,SHIVAMOGGA
3015,civ_suit,28959,29.0,96.0,0.7283461021217618,0.4233602426581129,0.25855662473806873,0.4171121884659153,0.4296082968503105,Karnataka,SHIVAMOGGA
3015,crim_magisterial,224224,2.0,39.0,0.2690402892280846,0.11036937718539627,0.05231756090693629,0.10891692152311507,0.11182183284767748,Karnataka,SHIVAMOGGA
3015,crim_sessions,4051,11.0,43.0,0.468531169900282,0.1309295989295432,0.05209391535885193,0.11879803435103571,0.1430611635080507,Karnataka,SHIVAMOGGA
3015,other,5855,16.0,76.0,0.5857875910583031,0.24442182277767455,0.13286847928041579,0.23216332817697807,0.25668031737837105,Karnataka,SHIVAMOGGA
3016,civ_execution,4288,16.0,70.0,0.5538916686382954,0.2809587333364393,0.1637221330828319,0.26581265918779073,0.29610480748508783,Karnataka,UDUPI
3016,civ_family,3297,9.0,31.0,0.33205941461817323,0.07001788307650329,0.02700748214947833,0.05984048336635157,0.08019528278665501,Karnataka,UDUPI
3016,civ_mact,18425,7.0,31.0,0.40441249185930833,0.06159012122494677,0.01024305161936393,0.05756368729057589,0.06561655515931764,Karnataka,UDUPI
3016,civ_misc,4340,43.0,96.0,0.8094939787055141,0.5538644005146923,0.37037966370924896,0.5379415534260177,0.569787247603367,Karnataka,UDUPI
3016,civ_suit,13909,24.0,96.0,0.6334791814441306,0.3980735004205102,0.2546425678867476,0.38907190886162024,0.40707509197940017,Karnataka,UDUPI
3016,crim_magisterial,132035,1.0,32.0,0.18103584726679603,0.09017784924495072,0.048733144590939116,0.0884499745193574,0.09190572397054403,Karnataka,UDUPI
3016,crim_sessions,1462,10.0,63.0,0.44546237424353635,0.20058026874710086,0.11400766716695393,0.17710927175811939,0.22405126573608233,Karnataka,UDUPI
3016,other,2688,36.0,99.0,0.7648355803600255,0.49457724851970414,0.2794980647515762,0.47313997084426307,0.5160145261951452,Karnataka,UDUPI
3017,civ_execution,7558,20.0,66.0,0.6464754126916479,0.27898916878933055,0.12306084570231535,0.2675011415384512,0.2904771960402099,Karnataka,CHIKKAMAGALURU
3017,civ_family,2826,10.0,28.0,0.3887938644479503,0.043847367772927345,0.008629544724717105,0.035093882200901566,0.052600853344953125,Karnataka,CHIKKAMAGALURU
3017,civ_mact,9863,13.0,42.0,0.5095933573509457,0.14251981509737152,0.029550492096783277,0.13496212370999647,0.15007750648474658,Karnataka,CHIKKAMAGALURU
3017,civ_misc,6256,20.0,56.0,0.6742382149219625,0.26584482881982524,0.07567676828404435,0.25341095526943247,0.278278702370218,Karnataka,CHIKKAMAGALURU
3017,civ_suit,19932,27.0,81.0,0.7030990306740833,0.38358731035622784,0.1978502514852134,0.3760059636762467,0.39116865703620896,Karnataka,CHIKKAMAGALURU
3017,crim_magisterial,112390,1.0,37.0,0.2633564765496189,0.10356630480896667,0.042183783152780305,0.10159384557113824,0.1055387640467951,Karnataka,CHIKKAMAGALURU
3017,crim_sessions,1994,14.0,52.0,0.5375349361397709,0.14976202815545883,0.08278957983674097,0.13037815455475116,0.1691459017561665,Karnataka,CHIKKAMAGALURU
3017,other,4809,18.0,59.0,0.6307764863868841,0.23899293984463704,0.09460093436607732,0.22542959189653708,0.252556287792737,Karnataka,CHIKKAMAGALURU
3018,civ_execution,16577,19.0,78.0,0.6080340131979198,0.31187361763833005,0.18654891745417668,0.3037052628673693,0.3200419724092908,Karnataka,TUMAKURU
3018,civ_family,6672,12.0,36.0,0.49013274639319665,0.09563216686864193,0.02084815435424942,0.0876454615695779,0.10361887216770595,Karnataka,TUMAKURU
3018,civ_mact,24542,10.0,42.0,0.4472792298155587,0.13194605616590044,0.03372172468010028,0.1272572427394874,0.13663486959231347,Karnataka,TUMAKURU
3018,civ_misc,18057,34.0,77.0,0.7988795702071005,0.47340676416612426,0.2492303029332694,0.46514278351139304,0.4816707448208555,Karnataka,TUMAKURU
3018,civ_suit,51896,32.0,101.0,0.7067340186197868,0.4608833786544412,0.2876192179013702,0.45615041500062187,0.4656163423082605,Karnataka,TUMAKURU
3018,crim_magisterial,234411,1.0,42.0,0.22360863527886435,0.11370003234368016,0.07034719650484968,0.1122946127138952,0.11510545197346513,Karnataka,TUMAKURU
3018,crim_sessions,3991,14.0,45.0,0.5323277595588843,0.1401838594074453,0.06390457546294107,0.12829746662123354,0.15207025219365705,Karnataka,TUMAKURU
3018,other,10163,14.0,69.0,0.5291999935514617,0.26787765844365713,0.1240238665801707,0.25840205306677877,0.2773532638205355,Karnataka,TUMAKURU
3019,civ_execution,7747,26.0,73.0,0.7141598862281858,0.37069944128073795,0.18444619719780248,0.3583521294541834,0.3830467531072925,Karnataka,KOLAR
3019,civ_family,2700,10.0,33.0,0.40971736133704656,0.08383704845614054,0.029217145402951412,0.07229543029776747,0.09537866661451361,Karnataka,KOLAR
3019,civ_mact,7224,10.0,41.0,0.47187033905291853,0.13732051258224726,0.02069999752493828,0.1287465308794414,0.1458944942850531,Karnataka,KOLAR
3019,civ_misc,7715,26.0,67.0,0.7545781405341314,0.3448839980738036,0.13396155731818443,0.3331484688122238,0.3566195273353834,Karnataka,KOLAR
3019,civ_suit,32138,33.0,,0.7248373901692141,0.46714196813084813,0.29845500790165236,0.46115695098014425,0.473126985281552,Karnataka,KOLAR
3019,crim_magisterial,88733,2.0,48.0,0.2961915042608035,0.13991364355709937,0.06855734597074663,0.13740292313960117,0.14242436397459757,Karnataka,KOLAR
3019,crim_sessions,3158,17.0,43.0,0.5958162836029011,0.1489620181299814,0.02963585344873947,0.13523734658720943,0.16268668967275335,Karnataka,KOLAR
3019,other,23464,1.0,34.0,0.20550418424615952,0.09425457249440435,0.0470013284635645,0.09017564073768833,0.09833350425112036,Karnataka,KOLAR
3020,civ_execution,60124,21.0,65.0,0.6523098106838611,0.3115903732633909,0.12312246604402378,0.3074585135111331,0.31572223301564867,Karnataka,BENGALURU
3020,civ_family,44054,9.0,34.0,0.4013523057636655,0.08505288598565566,0.021345825275059228,0.08221240320640408,0.08789336876490725,Karnataka,BENGALURU
3020,civ_mact,70874,15.0,30.0,0.6186631366153128,0.05088501382053431,0.009269650066279729,0.04902258077035973,0.05274744687070888,Karnataka,BENGALURU
3020,civ_misc,26507,10.0,60.0,0.45658306827423756,0.18861921665934803,0.09795440779124387,0.18345373178592592,0.19378470153277014,Karnataka,BENGALURU
3020,civ_suit,103176,27.0,103.0,0.739382391691257,0.39499468567182533,0.24470721323504468,0.3917058924550029,0.39828347888864774,Karnataka,BENGALURU
3020,crim_magisterial,1288945,3.0,39.0,0.31141939483922687,0.11098521550407953,0.041118003298492925,0.11038368469547398,0.11158674631268507,Karnataka,BENGALURU
3020,crim_sessions,41257,11.0,60.0,0.4516675146575177,0.1751200577926329,0.09865058136078822,0.17095853023448143,0.17928158535078437,Karnataka,BENGALURU
3020,other,21744,22.0,86.0,0.674858502185648,0.3289890140400309,0.1876623424727155,0.3220381242392906,0.33593990384077116,Karnataka,BENGALURU
3021,civ_execution,4613,46.0,,0.8239576095371771,0.5591922647207758,0.3916340712132655,0.5430206880084597,0.5753638414330918,Karnataka,BENGALURU RURAL
3021,civ_family,3065,22.0,76.0,0.6613726905081458,0.3149149758088817,0.14721805870657761,0.29367616331093943,0.336153788306824,Karnataka,BENGALURU RURAL
3021,civ_mact,4973,10.0,43.0,0.4497499165108275,0.1319608401731406,0.049543896966774296,0.1219642624725838,0.14195741787369742,Karnataka,BENGALURU RURAL
3021,civ_misc,15491,36.0,,0.7686770199394962,0.49235240125606144,0.31956820605578873,0.4835327745813798,0.5011720279307431,Karnataka,BENGALURU RURAL
3021,civ_suit,81639,65.0,,0.8705498634424582,0.6846668536496503,0.5279734633557327,0.6811724197377408,0.6881612875615598,Karnataka,BENGALURU RURAL
3021,crim_magisterial,238698,2.0,96.0,0.3425708830152337,0.22697642037937413,0.1642807576074973,0.22512508844543008,0.22882775231331817,Karnataka,BENGALURU RURAL
3021,crim_sessions,4897,20.0,,0.6665698045936951,0.29801319947805416,0.1932216947519914,0.28344227549196743,0.3125841234641409,Karnataka,BENGALURU RURAL
3021,other,9695,25.0,,0.6975051722064968,0.3948778437591248,0.26890151536466206,0.384025669986893,0.4057300175313566,Karnataka,BENGALURU RURAL
3022,civ_execution,18365,28.0,92.0,0.7178976414672512,0.4125500049043138,0.24657322448349178,0.4047182021303826,0.420381807678245,Karnataka,MANDYA
3022,civ_family,3665,11.0,41.0,0.429898562821966,0.11807854056838987,0.03543715905560646,0.10623626834215813,0.12992081279462162,Karnataka,MANDYA
3022,civ_mact,29991,1.0,37.0,0.36834363051983676,0.10482458490896987,0.029048303134116542,0.10090764748316634,0.1087415223347734,Karnataka,MANDYA
3022,civ_misc,11442,26.0,73.0,0.7617404636864886,0.3418381863967027,0.14807626257494663,0.332404363091325,0.35127200970208045,Karnataka,MANDYA
3022,civ_suit,38257,26.0,,0.6817222099157766,0.40986714777691247,0.2825034649052532,0.40444575604186445,0.4152885395119605,Karnataka,MANDYA
3022,crim_magisterial,169870,4.0,67.0,0.3355440769399529,0.18354125192866283,0.11259762073477478,0.18151221298689363,0.18557029087043203,Karnataka,MANDYA
3022,crim_sessions,4227,14.0,51.0,0.5463318334947339,0.1949259143673634,0.06863404007010415,0.18196354919391022,0.20788827954081657,Karnataka,MANDYA
3022,other,8718,18.0,91.0,0.6104429641707194,0.27836428006373026,0.164317285328412,0.2678673403901536,0.28886121973730694,Karnataka,MANDYA
3023,civ_execution,18851,15.0,64.0,0.5591861493175501,0.2487696254713868,0.1130688447813657,0.24159042071484305,0.2559488302279306,Karnataka,HASSAN
3023,civ_family,3933,10.0,32.0,0.3850547818924899,0.0750183372777746,0.023386311933325982,0.06504772002414283,0.08498895453140637,Karnataka,HASSAN
3023,civ_mact,28718,10.0,31.0,0.4166472495833394,0.06438177140670655,0.01004885160741307,0.061101909128778664,0.06766163368463443,Karnataka,HASSAN
3023,civ_misc,13046,17.0,57.0,0.5996559218753006,0.23592368728013158,0.08054435199487042,0.22794991858236516,0.243897455977898,Karnataka,HASSAN
3023,civ_suit,35585,26.0,87.0,0.6893711175120966,0.3895694030033589,0.21882666627227623,0.3838884791473901,0.3952503268593277,Karnataka,HASSAN
3023,crim_magisterial,272431,1.0,38.0,0.2558379118713377,0.10555256606834162,0.04522763686133767,0.10426137325334141,0.10684375888334184,Karnataka,HASSAN
3023,crim_sessions,3219,21.0,64.0,0.6804358454984328,0.2686005426895939,0.11305896986192732,0.2507861851096891,0.2864149002694987,Karnataka,HASSAN
3023,other,9256,21.0,75.0,0.6530265630434049,0.30093547228940337,0.16386481599295122,0.2896511561472797,0.31221978843152703,Karnataka,HASSAN
3024,civ_execution,7444,24.0,70.0,0.6765098321956905,0.3366892743587558,0.14214261838330508,0.32377751119385395,0.3496010375236576,Karnataka,DAKSHINA KANNADA
3024,civ_family,3620,8.0,29.0,0.3031905791817379,0.06475452519562207,0.01780639502771162,0.054667623996552006,0.07484142639469213,Karnataka,DAKSHINA KANNADA
3024,civ_mact,17247,12.0,36.0,0.4810130542719064,0.09941774144544491,0.016157928586481442,0.0940504117492567,0.10478507114163312,Karnataka,DAKSHINA KANNADA
3024,civ_misc,4894,37.0,78.0,0.7800933056042116,0.502262492586987,0.24515134502926514,0.48708075676371043,0.5174442284102635,Karnataka,DAKSHINA KANNADA
3024,civ_suit,27574,12.0,91.0,0.49921295982842984,0.2961404050589404,0.19629245412988344,0.2902072541372825,0.3020735559805983,Karnataka,DAKSHINA KANNADA
3024,crim_magisterial,172386,3.0,51.0,0.28097039367359217,0.1482448654028767,0.0744428557918195,0.14629626870065665,0.15019346210509676,Karnataka,DAKSHINA KANNADA
3024,crim_sessions,2330,17.0,61.0,0.5839647081360753,0.24790279486818312,0.10057083146749056,0.22652191525636323,0.269283674480003,Karnataka,DAKSHINA KANNADA
3024,other,5612,29.0,83.0,0.701181772790567,0.4312500822630149,0.21473750230102787,0.41682336489943517,0.4456767996265947,Karnataka,DAKSHINA KANNADA
3025,civ_execution,2379,19.0,63.0,0.6430520923233508,0.27761432739708936,0.11374038825721622,0.25795596257914827,0.29727269221503044,Karnataka,KODAGU
3025,civ_family,1464,10.0,36.0,0.41817007625337216,0.09818815977632908,0.024244310328388155,0.08077580296120467,0.1156005165914535,Karnataka,KODAGU
3025,civ_mact,3473,8.0,40.0,0.40992159366385644,0.11457268122769344,0.04805166288581478,0.10313192772356745,0.12601343473181945,Karnataka,KODAGU
3025,civ_misc,1839,25.0,61.0,0.7117026937939056,0.3496321647627981,0.11026276737922663,0.3262801489520833,0.37298418057351296,Karnataka,KODAGU
3025,civ_suit,6391,26.0,87.0,0.68093916735186,0.39565075405271455,0.23482107241851338,0.3828036210176606,0.4084978870877685,Karnataka,KODAGU
3025,crim_magisterial,64254,2.0,37.0,0.2573437133366393,0.1026213412671939,0.043116697782576825,0.10002830196994754,0.10521438056444025,Karnataka,KODAGU
3025,crim_sessions,1483,14.0,55.0,0.5261645893207393,0.22339822224524034,0.06679089531410225,0.20129652536792408,0.2454999191225566,Karnataka,KODAGU
3025,other,1866,14.0,59.0,0.5318310734581693,0.23859231276775877,0.09350345651385393,0.21763345595556452,0.25955116957995306,Karnataka,KODAGU
3026,civ_execution,27861,24.0,83.0,0.7172119949693788,0.3684351336346315,0.1940693343653112,0.36226388816256555,0.3746063791066974,Karnataka,MYSURU
3026,civ_family,7301,12.0,36.0,0.47629006236019045,0.09852594914932503,0.013669405951738852,0.09076575998759223,0.10628613831105782,Karnataka,MYSURU
3026,civ_mact,21639,19.0,53.0,0.6636559101977673,0.22053824943925807,0.05873781916492138,0.213138555360653,0.22793794351786315,Karnataka,MYSURU
3026,civ_misc,17659,15.0,51.0,0.5826926237107464,0.19373013376385922,0.06120784195048309,0.18735498817562146,0.200105279352097,Karnataka,MYSURU
3026,civ_suit,56048,33.0,,0.7551769062257804,0.4673290047918466,0.3163012432284827,0.4627683805026949,0.47188962908099824,Karnataka,MYSURU
3026,crim_magisterial,268834,5.0,59.0,0.3761681144618451,0.1814970514824764,0.09625029144091389,0.17986249290088754,0.18313161006406528,Karnataka,MYSURU
3026,crim_sessions,6411,15.0,52.0,0.556593421928519,0.20089670786049696,0.06373429102201865,0.18975445150847145,0.21203896421252247,Karnataka,MYSURU
3026,other,14748,18.0,61.0,0.6170469094820986,0.2353771803453095,0.10222839063093128,0.2276697679811186,0.2430845927095004,Karnataka,MYSURU
3027,civ_execution,5475,29.0,64.0,0.7647046052138445,0.4070891120789019,0.14992583286794883,0.3928319431385566,0.4213462810192472,Karnataka,CHAMRAJNAGAR
3027,civ_family,971,14.0,48.0,0.5524955264105803,0.1704181038409232,0.03879779317950703,0.14246311691787225,0.19837309076397416,Karnataka,CHAMRAJNAGAR
3027,civ_mact,5988,21.0,59.0,0.6973491282646656,0.27484764248589816,0.09020217737003496,0.2606502824880831,0.28904500248371323,Karnataka,CHAMRAJNAGAR
3027,civ_misc,4213,17.0,55.0,0.5708225398778193,0.2650213071765364,0.07276822437326773,0.25034561065257466,0.2796970037004981,Karnataka,CHAMRAJNAGAR
3027,civ_suit,11403,34.0,102.0,0.7650651509118019,0.48121888046356254,0.30341212435897225,0.47096428713309896,0.4914734737940261,Karnataka,CHAMRAJNAGAR
3027,crim_magisterial,81182,3.0,53.0,0.2777584987107726,0.14189275545949814,0.08668407750986419,0.13918573940609533,0.14459977151290096,Karnataka,CHAMRAJNAGAR
3027,crim_sessions,1726,18.0,60.0,0.6081568786514692,0.27390005669558076,0.0999130780756674,0.2495707792292534,0.2982293341619081,Karnataka,CHAMRAJNAGAR
3027,other,2961,23.0,63.0,0.683766423700783,0.34381940081368506,0.11622183597154345,0.32448388615045864,0.3631549154769115,Karnataka,CHAMRAJNAGAR
3028,civ_execution,4044,30.0,102.0,0.7695377972568651,0.4257239746289715,0.24629358215063454,0.4081324944740242,0.44331545478391876,Karnataka,RAMANAGARAM
3028,civ_family,2002,13.0,41.0,0.5056036313599025,0.1341514187483708,0.05649675550527825,0.11610459028117089,0.15219824721557074,Karnataka,RAMANAGARAM
3028,civ_mact,10274,10.0,47.0,0.471247542558597,0.1884283212916625,0.05117575193931345,0.179979144063786,0.196877498519539,Karnataka,RAMANAGARAM
3028,civ_misc,7219,33.0,83.0,0.8372426090179853,0.44759788842668924,0.21993051300059324,0.43457778527003876,0.4606179915833397,Karnataka,RAMANAGARAM
3028,civ_suit,23269,42.0,,0.8132884227438335,0.5482203719552381,0.3769804015722315,0.5410995981122588,0.5553411457982174,Karnataka,RAMANAGARAM
3028,crim_magisterial,76600,4.0,83.0,0.38023824349510593,0.21551472122470694,0.14226885324970354,0.21234728500051572,0.21868215744889816,Karnataka,RAMANAGARAM
3028,crim_sessions,1916,26.0,75.0,0.7468289392188303,0.3541863228082003,0.1725471527608313,0.3303802502769248,0.37799239533947576,Karnataka,RAMANAGARAM
3028,other,4404,26.0,99.0,0.6987000323935869,0.3946565608068771,0.21864327120034394,0.37856070586347385,0.4107524157502804,Karnataka,RAMANAGARAM
3029,civ_execution,4071,28.0,106.0,0.7557627474680754,0.4175818728772401,0.255191022534145,0.39918119656722917,0.435982549187251,Karnataka,CHIKKABALLAPUR
3029,civ_family,1851,12.0,36.0,0.4849242340114122,0.09779018322055683,0.026900617070005465,0.08131516938935422,0.11426519705175943,Karnataka,CHIKKABALLAPUR
3029,civ_mact,3827,8.0,47.0,0.44193011694304973,0.1475835242725216,0.05987392435345979,0.13522506372280219,0.15994198482224103,Karnataka,CHIKKABALLAPUR
3029,civ_misc,7336,28.0,64.0,0.7715131498677986,0.3638881007513918,0.11517763374098301,0.3515371922025081,0.37623900930027543,Karnataka,CHIKKABALLAPUR
3029,civ_suit,25851,33.0,109.0,0.7449909629042741,0.47121683580568124,0.2970133447142761,0.46436516203481504,0.47806850957654745,Karnataka,CHIKKABALLAPUR
3029,crim_magisterial,70116,4.0,61.0,0.3472617814813003,0.18189848729044283,0.10192893496775154,0.17864913181755035,0.18514784276333532,Karnataka,CHIKKABALLAPUR
3029,crim_sessions,2741,15.0,60.0,0.5619937736508438,0.21660385883647887,0.091514010727498,0.19856623078047544,0.2346414868924823,Karnataka,CHIKKABALLAPUR
3029,other,22470,2.0,41.0,0.2422290504705558,0.11628023246344796,0.058544735942025854,0.1115477143528298,0.12101275057406612,Karnataka,CHIKKABALLAPUR
3030,civ_execution,1356,15.0,53.0,0.56345978235624,0.16965939012396286,0.08108276959214794,0.1450783516658207,0.19424042858210502,Karnataka,YADGIR.
3030,civ_family,451,9.0,37.0,0.39088644571318354,0.11280386001519205,0.016102794456865254,0.07942048388979704,0.14618723614058704,Karnataka,YADGIR.
3030,civ_mact,4328,2.0,29.0,0.29566632968305073,0.057831117488635626,0.019585499492378932,0.049482541721840564,0.06617969325543069,Karnataka,YADGIR.
3030,civ_misc,2871,13.0,53.0,0.5097218003149325,0.21728048293281477,0.07173514785027206,0.19841213870386287,0.23614882716176666,Karnataka,YADGIR.
3030,civ_suit,7770,33.0,77.0,0.7488266912691919,0.45614623317761777,0.20643557094629383,0.44397211236480916,0.4683203539904264,Karnataka,YADGIR.
3030,crim_magisterial,43837,2.0,39.0,0.23514162559371934,0.10862885867978116,0.05378856275584313,0.1053837734461166,0.11187394391344571,Karnataka,YADGIR.
3030,crim_sessions,1135,21.0,60.0,0.7106173919200185,0.28215240422156124,0.09659256626520964,0.25274544400220506,0.3115593644409174,Karnataka,YADGIR.
3030,other,1810,23.0,74.0,0.7030057948457559,0.2905277089954669,0.15504643298838672,0.26665303638714555,0.3144023816037883,Karnataka,YADGIR.
4001,civ_execution,10246,10.0,34.0,0.41545813000195203,0.08818218503454718,0.027283979527497313,0.0816784770113227,0.09468589305777166,Kerala,Kasaragod
4001,civ_family,6613,3.0,29.0,0.2415288330451908,0.06749576729783739,0.023490082956932647,0.06034615657958785,0.07464537801608694,Kerala,Kasaragod
4001,civ_mact,3131,24.0,42.0,0.9418584546662707,0.1573996727124035,0.004392180562392906,0.14121349435118705,0.17358585107361993,Kerala,Kasaragod
4001,civ_misc,6368,10.0,42.0,0.4037731714637682,0.13262574488436638,0.015525871163956501,0.12349894669704058,0.1417525430716922,Kerala,Kasaragod
4001,civ_suit,7846,16.0,66.0,0.5638722397298436,0.25577501683797155,0.12006606432440194,0.24531650266732827,0.2662335310086148,Kerala,Kasaragod
4001,crim_magisterial,101644,5.0,41.0,0.29797918824691566,0.12429457990778332,0.03727567667084525,0.12211438204858584,0.12647477776698082,Kerala,Kasaragod
4001,crim_sessions,7046,26.0,54.0,0.7793609201377834,0.2890501455422927,0.049581128001806266,0.27725949367589503,0.30084079740869035,Kerala,Kasaragod
4001,other,7172,6.0,25.0,0.24247138944861507,0.05655217335556655,0.023683272774088784,0.050681299026258335,0.06242304768487477,Kerala,Kasaragod
4002,civ_execution,29324,11.0,56.0,0.46396995858061263,0.17132817044424173,0.08669225896045978,0.1664748906776032,0.17618145021088025,Kerala,Ernakulam
4002,civ_family,7373,14.0,64.0,0.520094423720883,0.24579888210724155,0.11320918629172477,0.23439061110216655,0.2572071531123165,Kerala,Ernakulam
4002,civ_mact,43264,25.0,50.0,0.7514382209101595,0.26466796604022447,0.037449245425540505,0.25995221225635995,0.269383719824089,Kerala,Ernakulam
4002,civ_misc,28560,13.0,55.0,0.5007073823444184,0.2033051333965893,0.07964046616323915,0.19816047892787683,0.20844978786530174,Kerala,Ernakulam
4002,civ_suit,42447,24.0,93.0,0.7001276459536809,0.3769628698876874,0.19331565692169328,0.372052027434643,0.3818737123407318,Kerala,Ernakulam
4002,crim_magisterial,302832,19.0,90.0,0.5910940296465004,0.3314290983312251,0.20529259117154738,0.3296227360723663,0.33323546059008385,Kerala,Ernakulam
4002,crim_sessions,11860,6.0,61.0,0.39413276196981667,0.17539666772820842,0.10169937118944967,0.1676089382769198,0.18318439717949703,Kerala,Ernakulam
4002,other,33126,9.0,48.0,0.38507486956967746,0.14721939435056058,0.07279296117952483,0.14311736906201752,0.15132141963910364,Kerala,Ernakulam
4003,civ_execution,19384,13.0,51.0,0.5148882873957356,0.18268290819163724,0.0714818689651888,0.17652441934679267,0.1888413970364818,Kerala,Kannur
4003,civ_family,5457,11.0,38.0,0.46776814956805607,0.1078915529503061,0.038614009262862146,0.09718750008964552,0.11859560581096668,Kerala,Kannur
4003,civ_mact,12910,26.0,52.0,0.7732304304203382,0.27436475514645653,0.05281596138242103,0.2659575056530692,0.28277200463984387,Kerala,Kannur
4003,civ_misc,16777,17.0,67.0,0.5848675798138597,0.28497564732021813,0.12268028320239678,0.2776138127082913,0.292337481932145,Kerala,Kannur
4003,civ_suit,20512,28.0,94.0,0.7360534446072408,0.4034989461303204,0.23504707469134797,0.39631325939809003,0.41068463286255075,Kerala,Kannur
4003,crim_magisterial,176320,4.0,47.0,0.29582824261118074,0.14557195220878089,0.0630360201812216,0.14381495171465355,0.14732895270290822,Kerala,Kannur
4003,crim_sessions,7638,58.0,95.0,0.9135494007044573,0.7341642084960843,0.4577036698169516,0.7234667089499209,0.7448617080422477,Kerala,Kannur
4003,other,13332,10.0,47.0,0.4182213223872106,0.13433375175992118,0.06644877332210757,0.1278154505395869,0.14085205298025547,Kerala,Kannur
4004,civ_execution,71334,20.0,66.0,0.6750199621331724,0.24023238237146954,0.11562776569112329,0.23668053274973486,0.24378423199320423,Kerala,Thrissur
4004,civ_family,5243,16.0,55.0,0.6152806870009556,0.17547606903180868,0.08662028432265297,0.1640554127742748,0.18689672528934256,Kerala,Thrissur
4004,civ_mact,36089,31.0,85.0,0.7815833051413952,0.4317201718270598,0.2263901749022814,0.42629806326675584,0.43714228038736375,Kerala,Thrissur
4004,civ_misc,23350,15.0,64.0,0.5440405512592844,0.23758968302950664,0.10868556813529444,0.2319006393972822,0.2432787266617311,Kerala,Thrissur
4004,civ_suit,136589,17.0,60.0,0.6238376401691742,0.1907327044908063,0.09804874818965477,0.1884979254311273,0.19296748355048526,Kerala,Thrissur
4004,crim_magisterial,242353,14.0,81.0,0.5231077411844434,0.3134276570088391,0.1803101536884605,0.31144956232879345,0.3154057516888848,Kerala,Thrissur
4004,crim_sessions,8293,44.0,102.0,0.8798554859963795,0.577256769214289,0.3547344015777802,0.5659544378488889,0.5885591005796892,Kerala,Thrissur
4004,other,16525,11.0,54.0,0.4628448937973536,0.18431117453933615,0.08418374684480795,0.17784707853702103,0.19077527054165128,Kerala,Thrissur
4005,civ_execution,23717,10.0,30.0,0.4171868690720906,0.06475590213241188,0.021414887485851426,0.06130022148713369,0.06821158277769006,Kerala,Kozhikode
4005,civ_family,11375,6.0,32.0,0.3128657272002126,0.08016055780727832,0.0340266650249968,0.07419694366297726,0.08612417195157938,Kerala,Kozhikode
4005,civ_mact,20591,17.0,43.0,0.623423555518093,0.16155575464780947,0.023186799869758287,0.1556979330098102,0.16741357628580875,Kerala,Kozhikode
4005,civ_misc,13177,12.0,28.0,0.47791771275770895,0.056868048397681815,0.036934328153264584,0.05271100592016621,0.06102509087519742,Kerala,Kozhikode
4005,civ_suit,28326,13.0,49.0,0.5162848318216887,0.1676484154358076,0.06634526441509198,0.16296884059970676,0.17232799027190845,Kerala,Kozhikode
4005,crim_magisterial,215141,5.0,36.0,0.31671019396364336,0.09611781367378464,0.0358592603811554,0.09471678015048686,0.09751884719708241,Kerala,Kozhikode
4005,crim_sessions,10649,22.0,46.0,0.769582339247721,0.22244874547358667,0.028755217584709978,0.2137452283138791,0.23115226263329425,Kerala,Kozhikode
4005,other,31572,7.0,31.0,0.315365976680372,0.0775763825641947,0.03337621528493548,0.07420664861653546,0.08094611651185395,Kerala,Kozhikode
4006,civ_execution,14760,21.0,73.0,0.658068541898395,0.3060100337470984,0.14868471595635824,0.29777754790137173,0.31424251959282506,Kerala,Alappuzha
4006,civ_family,8727,9.0,39.0,0.39861099403686634,0.1116792813672185,0.034726757681430596,0.10349572378982386,0.11986283894461314,Kerala,Alappuzha
4006,civ_mact,24738,43.0,78.0,0.8737186764099412,0.5655694411765572,0.30052073098249044,0.5589026988144862,0.5722361835386282,Kerala,Alappuzha
4006,civ_misc,18108,16.0,60.0,0.5839003411052066,0.22681970472124885,0.0962692213936744,0.21997233106030295,0.23366707838219475,Kerala,Alappuzha
4006,civ_suit,30413,28.0,75.0,0.7796015779322384,0.35691534172162664,0.15519859086703297,0.35106320914376965,0.36276747429948364,Kerala,Alappuzha
4006,crim_magisterial,241606,6.0,49.0,0.34365041213064335,0.14882413335113356,0.06737719991434364,0.14725088161502553,0.1503973850872416,Kerala,Alappuzha
4006,crim_sessions,11015,40.0,77.0,0.8423722279074303,0.5509708074548363,0.2992689656924774,0.5412842603702885,0.560657354539384,Kerala,Alappuzha
4006,other,10813,7.0,41.0,0.35126957788026775,0.1176165678532713,0.06199063692743664,0.1107239660486427,0.12450916965789992,Kerala,Alappuzha
4007,civ_execution,4719,18.0,90.0,0.6258671425799378,0.277050030062966,0.15097711844052017,0.2620315140668702,0.29206854605906185,Kerala,Idukki
4007,civ_family,2222,7.0,30.0,0.3088796733924404,0.07625325211692263,0.024141411548653402,0.06307645436362949,0.08943004987021577,Kerala,Idukki
4007,civ_mact,7350,21.0,46.0,0.7363660398119806,0.23395416296492993,0.014641528275249654,0.22259544881076793,0.24531287711909194,Kerala,Idukki
4007,civ_misc,6105,11.0,42.0,0.44464270656090116,0.1258575623436339,0.02274374672094157,0.11669844531504159,0.13501667937222622,Kerala,Idukki
4007,civ_suit,12679,20.0,68.0,0.6731275639144677,0.2694282790476903,0.11724508943672586,0.26116535881982855,0.277691199275552,Kerala,Idukki
4007,crim_magisterial,90878,10.0,51.0,0.453846942209723,0.18860538264464116,0.07482330373463239,0.1857901554862498,0.19142060980303252,Kerala,Idukki
4007,crim_sessions,6606,18.0,48.0,0.6409295045181359,0.1919874398111999,0.05798931302887612,0.18049686498756662,0.20347801463483317,Kerala,Idukki
4007,other,5138,7.0,32.0,0.31411447796680175,0.08991688180120534,0.05250833615053416,0.08062044366419363,0.09921331993821705,Kerala,Idukki
4008,civ_execution,12564,15.0,58.0,0.5643024572066576,0.20069076053980997,0.09650766509477662,0.19273273232443594,0.208648788755184,Kerala,Palakkad
4008,civ_family,9233,14.0,50.0,0.5234917831607412,0.1698909802243969,0.07098491911732507,0.1610991056876711,0.17868285476112267,Kerala,Palakkad
4008,civ_mact,23703,25.0,48.0,0.7932410462152667,0.2617492447563146,0.018708914477742363,0.2554312581042564,0.26806723140837285,Kerala,Palakkad
4008,civ_misc,16569,16.0,55.0,0.5756374420976221,0.22849898194222712,0.07685868692309923,0.2215239020208623,0.23547406186359193,Kerala,Palakkad
4008,civ_suit,25392,24.0,86.0,0.6786808275287338,0.37116977116204575,0.19218050930818023,0.364818480494356,0.3775210618297355,Kerala,Palakkad
4008,crim_magisterial,203711,6.0,63.0,0.3511167667702544,0.1730408178973041,0.10525777383304988,0.17124490023284572,0.1748367355617625,Kerala,Palakkad
4008,crim_sessions,7704,32.0,71.0,0.8495040108205486,0.4075146702129567,0.1465753384182028,0.39532711764426776,0.4197022227816456,Kerala,Palakkad
4008,other,13014,9.0,52.0,0.4033566339987455,0.17794491564576326,0.08434114857488634,0.17073516327507735,0.18515466801644917,Kerala,Palakkad
4009,civ_execution,28464,35.0,,0.7722295546128368,0.4848690970849236,0.3087042572948884,0.47847918296629377,0.4912590112035534,Kerala,Thiruvananthapuram
4009,civ_family,8508,19.0,83.0,0.6462963104147872,0.29905603730273034,0.1660759899303881,0.28737441144296816,0.3107376631624925,Kerala,Thiruvananthapuram
4009,civ_mact,35187,59.0,84.0,0.8820991622657001,0.6701410200003894,0.4890484960739962,0.6648200681637444,0.6754619718370345,Kerala,Thiruvananthapuram
4009,civ_misc,28708,22.0,85.0,0.6489316331538885,0.3641962713460609,0.19416689678016763,0.3580773537954904,0.37031518889663145,Kerala,Thiruvananthapuram
4009,civ_suit,51537,41.0,,0.8175340872712016,0.5448493346028096,0.3307674973680831,0.5402738645886084,0.5494248046170108,Kerala,Thiruvananthapuram
4009,crim_magisterial,315005,33.0,,0.6564461636452794,0.48331217927017944,0.3733682908998184,0.4814250777386402,0.4851992808017187,Kerala,Thiruvananthapuram
4009,crim_sessions,14485,81.0,,0.9446480724710036,0.8198800917363255,0.6670024552615526,0.8132854708257166,0.8264747126469344,Kerala,Thiruvananthapuram
4009,other,18792,13.0,95.0,0.5024867424812854,0.2317969526352976,0.15157249432637757,0.22500995627705464,0.23858394899354055,Kerala,Thiruvananthapuram
4010,civ_execution,13639,16.0,64.0,0.5818259048592475,0.2355028795020408,0.11376972297922555,0.2274613740474492,0.2435443849566324,Kerala,Kottayam
4010,civ_family,4779,12.0,41.0,0.4992878983253538,0.13039976648350396,0.029746283114905615,0.1181953997843652,0.14260413318264273,Kerala,Kottayam
4010,civ_mact,28147,19.0,40.0,0.7078302764062886,0.12404680478923105,0.03629053476351616,0.11944340856510972,0.1286502010133524,Kerala,Kottayam
4010,civ_misc,21417,11.0,46.0,0.45497580205816107,0.15607053082749214,0.0443413961830578,0.15053348584172868,0.1616075758132556,Kerala,Kottayam
4010,civ_suit,25102,17.0,60.0,0.6351777038751016,0.21214897496774934,0.09926822552764182,0.20654886393000338,0.2177490860054953,Kerala,Kottayam
4010,crim_magisterial,318611,5.0,41.0,0.3064944518203673,0.11892734539083509,0.0492681985076202,0.1176215223758363,0.12023316840583388,Kerala,Kottayam
4010,crim_sessions,4275,25.0,65.0,0.7453874178648102,0.34464124585708505,0.1373827154348188,0.3284342140712988,0.3608482776428713,Kerala,Kottayam
4010,other,6955,8.0,38.0,0.35480783871045113,0.10534923727342407,0.04384138182248989,0.09732070683862616,0.11337776770822199,Kerala,Kottayam
4011,civ_execution,23549,10.0,31.0,0.4148291650787906,0.061316919941789935,0.014534782980779362,0.05787447115517109,0.06475936872840878,Kerala,Malappuram
4011,civ_family,11667,14.0,45.0,0.5220868493426609,0.16944181435589195,0.04247463149170412,0.1616588931580407,0.1772247355537432,Kerala,Malappuram
4011,civ_mact,19808,23.0,49.0,0.7531706117919102,0.25236841680537736,0.03526849070064258,0.24598693627239146,0.25874989733836323,Kerala,Malappuram
4011,civ_misc,14646,17.0,66.0,0.6119613335372246,0.24481981575311412,0.11754319552341723,0.23716130099931682,0.25247833050691143,Kerala,Malappuram
4011,civ_suit,17873,17.0,65.0,0.5785330889214062,0.2581390778466673,0.11288247507536482,0.2513186781297789,0.26495947756355565,Kerala,Malappuram
4011,crim_magisterial,194914,6.0,47.0,0.3469138749335115,0.14629405797920336,0.06121546095645198,0.14462593391439332,0.1479621820440134,Kerala,Malappuram
4011,crim_sessions,5362,23.0,51.0,0.7152269258173474,0.2689984008887644,0.045082846348793004,0.25662049012462457,0.2813763116529043,Kerala,Malappuram
4011,other,11191,6.0,29.0,0.2993155682870139,0.06956320237644098,0.02891501858892699,0.06446269224848351,0.07466371250439845,Kerala,Malappuram
4012,civ_execution,6892,28.0,89.0,0.7366881478738831,0.403675270348361,0.21375995594749006,0.39116977732299624,0.4161807633737257,Kerala,Pathanamthitta
4012,civ_family,4093,9.0,35.0,0.3815501010892718,0.0950504637377584,0.02812620984509728,0.08515859302167161,0.10494233445384518,Kerala,Pathanamthitta
4012,civ_mact,7736,44.0,79.0,0.8079062074804606,0.5975673305949115,0.2635164082405949,0.586420499186653,0.6087141620031701,Kerala,Pathanamthitta
4012,civ_misc,9183,12.0,40.0,0.4701875232651412,0.11788249254731631,0.0347198633043387,0.11097262952053574,0.12479235557409687,Kerala,Pathanamthitta
4012,civ_suit,18636,43.0,,0.8324837272621243,0.5728949284955379,0.33664746643347204,0.5654209318160991,0.5803689251749767,Kerala,Pathanamthitta
4012,crim_magisterial,186697,23.0,,0.6090077375162224,0.4163311892403078,0.2817588421444794,0.4139116415371805,0.4187507369434351,Kerala,Pathanamthitta
4012,crim_sessions,5190,32.0,65.0,0.8202499477352392,0.40132630567281663,0.12933780570814957,0.3856123032843181,0.41704030806131515,Kerala,Pathanamthitta
4012,other,8561,13.0,46.0,0.5235202038917462,0.14806080793993528,0.06378175387513395,0.13960835386619408,0.1565132620136765,Kerala,Pathanamthitta
4015,civ_execution,17005,20.0,60.0,0.6712777030003232,0.25488595491293375,0.09949034464460163,0.24741977456461556,0.26235213526125195,Kerala,Kollam
4015,civ_family,14343,16.0,62.0,0.5776280058489379,0.2583664711224545,0.10468863987395084,0.249889783579013,0.266843158665896,Kerala,Kollam
4015,civ_mact,28342,27.0,60.0,0.8095926246833545,0.3453181897040356,0.0963822425211095,0.33918970716566194,0.3514466722424093,Kerala,Kollam
4015,civ_misc,24286,20.0,68.0,0.655428877619846,0.3116885427532729,0.13719597319509158,0.30522669706218153,0.3181503884443643,Kerala,Kollam
4015,civ_suit,32883,30.0,91.0,0.761105206358659,0.42669389538970104,0.2294437428753599,0.4209662459022091,0.432421544877193,Kerala,Kollam
4015,crim_magisterial,392306,23.0,88.0,0.6326711793297332,0.40589868284104497,0.23224798976988645,0.4042677007794945,0.40752966490259546,Kerala,Kollam
4015,crim_sessions,12898,42.0,80.0,0.8350826255534185,0.5661988032388738,0.33422125857833984,0.5571324108106999,0.5752651956670478,Kerala,Kollam
4015,other,17782,9.0,46.0,0.41520612788112116,0.14991675859696488,0.053411008743194134,0.14390445963505105,0.1559290575588787,Kerala,Kollam
4016,civ_execution,4999,10.0,36.0,0.42927156859943416,0.09944432411596632,0.02776262102644957,0.09018679699395345,0.1087018512379792,Kerala,Wayanad
4016,civ_family,4241,4.0,26.0,0.24204175168623054,0.05958713421321832,0.024946629704687064,0.05116646545445408,0.06800780297198256,Kerala,Wayanad
4016,civ_mact,4911,18.0,31.0,0.7380581149349436,0.04851103736168284,0.006608102756262705,0.041238792134789204,0.05578328258857648,Kerala,Wayanad
4016,civ_misc,4679,10.0,41.0,0.4095460844266421,0.1175825014689076,0.03099061176816612,0.10758219233064795,0.12758281060716725,Kerala,Wayanad
4016,civ_suit,8528,11.0,44.0,0.45536253519547215,0.14097299149955392,0.057240652127974107,0.13328457653683762,0.14866140646227022,Kerala,Wayanad
4016,crim_magisterial,91019,4.0,32.0,0.24001811430833203,0.08565854358410294,0.04074711566710121,0.08375485594076415,0.08756223122744172,Kerala,Wayanad
4016,crim_sessions,3464,15.0,38.0,0.5574425244002926,0.11802703074976488,0.017770619477457388,0.10555311410641405,0.1305009473931157,Kerala,Wayanad
4016,other,5500,5.0,25.0,0.23731546231546227,0.05331970551123182,0.01782504898900866,0.046578745011282764,0.06006066601118088,Kerala,Wayanad
5001,civ_execution,1571,36.0,104.0,0.8064457660884295,0.48986953092202234,0.3020198640775182,0.46055781907355775,0.5191812427704869,Himachal Pradesh,Hamirpur
5001,civ_family,2996,11.0,38.0,0.4613750829588192,0.11078263133949365,0.02723261004001544,0.0975177588757846,0.1240475038032027,Himachal Pradesh,Hamirpur
5001,civ_mact,1340,20.0,50.0,0.5950066058938598,0.24892258837545628,0.033724977923554104,0.22257087740727233,0.2752742993436402,Himachal Pradesh,Hamirpur
5001,civ_misc,24142,8.0,41.0,0.3748808292565809,0.126159484388293,0.040918821876936136,0.12115409600715951,0.13116487276942648,Himachal Pradesh,Hamirpur
5001,civ_suit,12396,44.0,89.0,0.8653893179986056,0.5902434464207588,0.3408618995129216,0.58038398688506,0.6001029059564575,Himachal Pradesh,Hamirpur
5001,crim_bail,1819,0.0,1.0,0.003435953820780649,,,,,Himachal Pradesh,Hamirpur
5001,crim_magisterial,23184,4.0,67.0,0.3677144360627021,0.20090065766026996,0.11502717236265887,0.19501602826498776,0.20678528705555216,Himachal Pradesh,Hamirpur
5001,crim_ni138,2589,35.0,80.0,0.8632823323829597,0.4639426811029231,0.1938877893985089,0.43890938676373686,0.4889759754421093,Himachal Pradesh,Hamirpur
5001,crim_sessions,572,23.0,87.0,0.7823048332826867,0.3340121036290689,0.20698737645075685,0.28662476330354747,0.38139944395459036,Himachal Pradesh,Hamirpur
5001,other,2242,16.0,77.0,0.5574700747145905,0.27586316419122847,0.15153108587205188,0.2542354433366799,0.29749088504577703,Himachal Pradesh,Hamirpur
5002,civ_execution,5258,31.0,100.0,0.7836999912132543,0.436860106859454,0.242847025123823,0.42123070835243454,0.4524895053664734,Himachal Pradesh,Kangra
5002,civ_family,5018,16.0,54.0,0.5916841175201122,0.2056754106346025,0.07416062792294544,0.1926686686051157,0.21868215266408933,Himachal Pradesh,Kangra
5002,civ_mact,1801,50.0,92.0,0.901367752065063,0.6776735213723724,0.37474101472112764,0.6535794372456718,0.7017676054990729,Himachal Pradesh,Kangra
5002,civ_misc,31267,13.0,60.0,0.5064056551102538,0.2202093492872976,0.09924478052730147,0.21500011049274576,0.22541858808184945,Himachal Pradesh,Kangra
5002,civ_suit,25772,40.0,103.0,0.8185730621396401,0.5409647768476415,0.32608680905739146,0.5341416931423862,0.5477878605528969,Himachal Pradesh,Kangra
5002,crim_bail,5020,1.0,2.0,0.012183645264435196,0.007415346034614497,,0.0049730210502932515,0.009857671018935742,Himachal Pradesh,Kangra
5002,crim_magisterial,46453,7.0,89.0,0.4411985184359013,0.286812852620687,0.18887531674839664,0.28222283174092466,0.29140287350044936,Himachal Pradesh,Kangra
5002,crim_ni138,8337,30.0,84.0,0.7813268232321051,0.41952565023996546,0.21043248064239384,0.40587961362056524,0.4331716868593657,Himachal Pradesh,Kangra
5002,crim_sessions,3390,64.0,,0.9203434229934041,0.7260388365315833,0.5212295220415016,0.7072305657367846,0.744847107326382,Himachal Pradesh,Kangra
5002,other,9161,13.0,73.0,0.5063131530406689,0.25531578406010147,0.1343441432816382,0.24497941189142938,0.2656521562287736,Himachal Pradesh,Kangra
5003,civ_execution,2104,18.0,74.0,0.6290099141991372,0.2707624858015007,0.1403562112870699,0.24787770934941045,0.29364726225359095,Himachal Pradesh,Sirmaur
5003,civ_family,2053,12.0,35.0,0.4894107192670221,0.08694541082039511,0.012818425302942625,0.07264511495824127,0.10124570668254895,Himachal Pradesh,Sirmaur
5003,civ_mact,1939,29.0,65.0,0.7980031948928474,0.36828618525536205,0.1409174516234111,0.34420093550982367,0.39237143500090044,Himachal Pradesh,Sirmaur
5003,civ_misc,12189,5.0,29.0,0.26982431136850915,0.0669728307740911,0.02304133151601438,0.06179588165348069,0.0721497798947015,Himachal Pradesh,Sirmaur
5003,civ_suit,7415,32.0,86.0,0.7832864339932606,0.44752130594608275,0.23205982717641174,0.43447616503874603,0.46056644685341946,Himachal Pradesh,Sirmaur
5003,crim_bail,3349,0.0,1.0,0.0005994215248035728,,,,,Himachal Pradesh,Sirmaur
5003,crim_magisterial,29801,2.0,62.0,0.3133040651992936,0.15807002634711667,0.10192942874227166,0.15346303200946332,0.16267702068477002,Himachal Pradesh,Sirmaur
5003,crim_ni138,5025,23.0,59.0,0.7159402090383054,0.29767911256433843,0.09185131963959316,0.28204412462334433,0.31331410050533254,Himachal Pradesh,Sirmaur
5003,crim_sessions,837,32.0,85.0,0.8089350366674577,0.4576488818594699,0.2990103482638403,0.4159176503672995,0.4993801133516403,Himachal Pradesh,Sirmaur
5003,other,4761,14.0,60.0,0.5179276418606911,0.21685225495397825,0.09975243514413423,0.20233345283791074,0.23137105707004577,Himachal Pradesh,Sirmaur
5004,civ_execution,2208,30.0,,0.7121635298099113,0.4398534547860736,0.26869044852587326,0.41502756042560573,0.4646793491465415,Himachal Pradesh,Una
5004,civ_family,2387,13.0,48.0,0.5035330205707864,0.17797156251832233,0.047769527002963316,0.15964338884638177,0.1962997361902629,Himachal Pradesh,Una
5004,civ_mact,1052,23.0,49.0,0.8466148067340478,0.2366780947128889,0.03999370279580293,0.20580037913604496,0.2675558102897328,Himachal Pradesh,Una
5004,civ_misc,23080,8.0,51.0,0.4214794701048048,0.1662520227760808,0.06931271170475957,0.16083174021653526,0.17167230533562636,Himachal Pradesh,Una
5004,civ_suit,13265,47.0,,0.8271549912882505,0.6097539260936617,0.38035827987897275,0.6005049917654482,0.6190028604218752,Himachal Pradesh,Una
5004,crim_bail,3252,0.0,1.0,,,,,,Himachal Pradesh,Una
5004,crim_magisterial,52142,0.0,56.0,0.22253198631691595,0.13580867040609035,0.09193998984341242,0.13253379681230407,0.13908354399987663,Himachal Pradesh,Una
5004,crim_ni138,3328,42.0,98.0,0.8380477580962861,0.5432602998784359,0.34458187048665956,0.5224640668530698,0.5640565329038021,Himachal Pradesh,Una
5004,crim_sessions,1315,51.0,,0.8254694910621982,0.5715763071831131,0.46084231565336664,0.5389875895765074,0.6041650247897189,Himachal Pradesh,Una
5004,other,5171,7.0,61.0,0.41719286119817744,0.22935379382548626,0.10150426914327414,0.21688740976773643,0.2418201778832361,Himachal Pradesh,Una
5005,civ_execution,3498,26.0,75.0,0.7104489834826093,0.35307599476031076,0.15502635665641665,0.33265663144892743,0.3734953580716941,Himachal Pradesh,Solan
5005,civ_family,2623,13.0,41.0,0.5037493649557372,0.12789100932935896,0.03694575917398891,0.11294160123104773,0.14284041742767017,Himachal Pradesh,Solan
5005,civ_mact,273,35.0,60.0,0.8164965946473423,0.4640521151859521,0.09763790337263017,0.4042134536897572,0.523890776682147,Himachal Pradesh,Solan
5005,civ_misc,22233,9.0,46.0,0.4275889832102011,0.15193438553963703,0.04992676912837663,0.1466173639019076,0.15725140717736646,Himachal Pradesh,Solan
5005,civ_suit,12244,37.0,93.0,0.8380471828331298,0.5129915145059178,0.27109872075539604,0.5028167958920154,0.5231662331198202,Himachal Pradesh,Solan
5005,crim_bail,4108,0.0,1.0,0.0019474196689386577,,,,,Himachal Pradesh,Solan
5005,crim_magisterial,58363,2.0,47.0,0.21969408286827422,0.12669267044474175,0.07234818797178005,0.12361896549354574,0.12976637539593774,Himachal Pradesh,Solan
5005,crim_ni138,11659,31.0,74.0,0.7884548229178227,0.4305638710239522,0.16224899993654343,0.41986067422811135,0.4412670678197931,Himachal Pradesh,Solan
5005,crim_sessions,1158,42.0,81.0,0.8830537786645756,0.5610243962405439,0.28038727321432827,0.5263002171853796,0.5957485752957082,Himachal Pradesh,Solan
5005,other,5740,13.0,61.0,0.5024427399476835,0.24827957000188328,0.10208171867211037,0.23532909407113892,0.26123004593262766,Himachal Pradesh,Solan
5006,civ_execution,4599,26.0,94.0,0.716872330320273,0.37590981965451664,0.22009411583505134,0.35943079944130824,0.39238883986772505,Himachal Pradesh,Mandi
5006,civ_family,4384,12.0,40.0,0.4902632352349807,0.12349357322041002,0.034245098692797314,0.11214536669220285,0.1348417797486172,Himachal Pradesh,Mandi
5006,civ_mact,206,7.0,78.0,0.36893203883495157,0.2135922330097088,0.16007265198203718,0.15762432341030666,0.26956014260911093,Himachal Pradesh,Mandi
5006,civ_misc,23949,8.0,51.0,0.39546280712893167,0.15360052448380207,0.06913075245638901,0.1482167663024825,0.15898428266512163,Himachal Pradesh,Mandi
5006,civ_suit,15155,30.0,89.0,0.7536836919361227,0.42527987911688697,0.22319360141197442,0.4164067056424722,0.43415305259130177,Himachal Pradesh,Mandi
5006,crim_bail,5389,0.0,1.0,0.004034466031252586,0.0022189563171889225,,0.0009228465910130536,0.0035150660433647916,Himachal Pradesh,Mandi
5006,crim_magisterial,49149,1.0,62.0,0.31271482088564184,0.18716385176665384,0.10450331649168319,0.18337919208595313,0.19094851144735456,Himachal Pradesh,Mandi
5006,crim_ni138,12254,29.0,86.0,0.7972900800214145,0.40747941429623463,0.2296289298939772,0.39648380682305867,0.4184750217694106,Himachal Pradesh,Mandi
5006,crim_sessions,1754,52.0,,0.9130656105268183,0.6847059522973151,0.37254761229289807,0.6594912841756597,0.7099206204189705,Himachal Pradesh,Mandi
5006,other,6843,9.0,53.0,0.4242042859795973,0.17883119696008096,0.08302367482807677,0.16838681549999823,0.18927557842016368,Himachal Pradesh,Mandi
5007,civ_execution,2497,24.0,77.0,0.7024081490658306,0.34970243080389946,0.18049864583128206,0.32774127425240884,0.37166358735539007,Himachal Pradesh,Bilaspur
5007,civ_family,1830,14.0,45.0,0.5543568343574234,0.17829936332285698,0.03321059218619946,0.1579491142375844,0.19864961240812956,Himachal Pradesh,Bilaspur
5007,civ_misc,16224,8.0,40.0,0.39075193036964523,0.12061569912999605,0.03784372233309334,0.11477708190881254,0.12645431635117957,Himachal Pradesh,Bilaspur
5007,civ_suit,7608,39.0,92.0,0.8429667387929587,0.5351876542700686,0.2870625638749708,0.5224650957321589,0.5479102128079784,Himachal Pradesh,Bilaspur
5007,crim_bail,2051,0.0,1.0,0.0020251391377459913,,,,,Himachal Pradesh,Bilaspur
5007,crim_magisterial,23596,2.0,95.0,0.3570312778745501,0.2497702096047381,0.17968494709927949,0.24375707921549727,0.25578333999397895,Himachal Pradesh,Bilaspur
5007,crim_ni138,3962,39.0,89.0,0.8668609022137886,0.5306038709048804,0.29306935492202946,0.5120177966174473,0.5491899451923135,Himachal Pradesh,Bilaspur
5007,crim_sessions,735,36.0,,0.8649014433019931,0.49928840029507476,0.2494948458168423,0.4535652947217724,0.5450115058683771,Himachal Pradesh,Bilaspur
5007,other,2042,18.0,80.0,0.6027080104898086,0.30034352290432964,0.15063795436328392,0.27832951738249073,0.32235752842616855,Himachal Pradesh,Bilaspur
5008,civ_execution,648,25.0,95.0,0.7454160651512431,0.394429031466514,0.18501913248140098,0.35056074750780286,0.4382973154252251,Himachal Pradesh,Chamba
5008,civ_family,1784,12.0,39.0,0.4787854576253963,0.12408458609109094,0.026397236837003624,0.10687450312939797,0.1412946690527839,Himachal Pradesh,Chamba
5008,civ_mact,1629,11.0,29.0,0.4544022565196146,0.04288356961423932,0.0015344403440123299,0.0323845632811035,0.053382575947375145,Himachal Pradesh,Chamba
5008,civ_misc,8311,5.0,36.0,0.3042372239819058,0.09744733168401865,0.04761769289005438,0.09028066562178672,0.10461399774625058,Himachal Pradesh,Chamba
5008,civ_suit,5106,35.0,,0.7900077287624359,0.48473027145051195,0.2790523396283554,0.46950852557856537,0.49995201732245853,Himachal Pradesh,Chamba
5008,crim_bail,1952,0.0,1.0,0.0020491803278688534,,,,,Himachal Pradesh,Chamba
5008,crim_magisterial,33814,0.0,47.0,0.19844192951735443,0.12082725115328717,0.07826327190379519,0.11696934900601581,0.12468515330055853,Himachal Pradesh,Chamba
5008,crim_ni138,1525,20.0,49.0,0.6832301911430252,0.19829763731666514,0.04419042904676077,0.17043241544241874,0.22616285919091153,Himachal Pradesh,Chamba
5008,crim_sessions,705,22.0,42.0,0.7533991671188156,0.17754368572271612,0.04241904118846446,0.14259227691155682,0.2124950945338754,Himachal Pradesh,Chamba
5008,other,3497,6.0,60.0,0.4102318518735834,0.19343202673739085,0.09931907270561598,0.17883117476453664,0.20803287871024506,Himachal Pradesh,Chamba
5009,civ_execution,1360,23.0,70.0,0.719358115818784,0.3293996318562544,0.13884589091723581,0.3000171793920679,0.35878208432044095,Himachal Pradesh,Kinnaur
5009,civ_family,1734,15.0,51.0,0.5794692421588769,0.19977421847376287,0.052871815100674756,0.17723634539307567,0.22231209155445006,Himachal Pradesh,Kinnaur
5009,civ_mact,1244,18.0,54.0,0.5762403852112444,0.26557052149043486,0.0412197794843274,0.23733111089648293,0.29380993208438677,Himachal Pradesh,Kinnaur
5009,civ_misc,4147,3.0,30.0,0.2334734788076151,0.07191946786009545,0.017554376524440064,0.0627630133752755,0.08107592234491541,Himachal Pradesh,Kinnaur
5009,civ_suit,3338,32.0,78.0,0.781724512924406,0.4261138902769833,0.21317035206016297,0.40603928604642836,0.4461884945075383,Himachal Pradesh,Kinnaur
5009,crim_bail,888,0.0,2.0,0.009098207118009098,,,,,Himachal Pradesh,Kinnaur
5009,crim_magisterial,13724,12.0,84.0,0.4944015568387764,0.32729776480720885,0.22039444329415067,0.3184103850150712,0.3361851445993465,Himachal Pradesh,Kinnaur
5009,crim_ni138,3459,27.0,75.0,0.782458327596605,0.37097040462494113,0.1400917159312133,0.35075129826314966,0.3911895109867326,Himachal Pradesh,Kinnaur
5009,crim_sessions,712,53.0,86.0,0.9051321938049669,0.6582448603841946,0.4137125243083522,0.6171022284504248,0.6993874923179644,Himachal Pradesh,Kinnaur
5009,other,2507,13.0,69.0,0.5002670510512996,0.23628401840103244,0.1310309772412428,0.21730584063364308,0.25526219616842183,Himachal Pradesh,Kinnaur
5010,civ_execution,2083,25.0,93.0,0.7027400797568062,0.39099806587436436,0.22806832724473428,0.36599655818278476,0.41599957356594397,Himachal Pradesh,Kullu
5010,civ_family,1828,9.0,38.0,0.4053382579938274,0.11022842024482181,0.027357599602238433,0.0937886411552976,0.12666819933434603,Himachal Pradesh,Kullu
5010,civ_misc,10825,6.0,34.0,0.34849631572031814,0.08085036318188091,0.020761248465595798,0.07468085337527022,0.08701987298849159,Himachal Pradesh,Kullu
5010,civ_suit,6240,43.0,101.0,0.8443975696124955,0.571451253670934,0.3175577443439481,0.5574035307425118,0.5854989765993561,Himachal Pradesh,Kullu
5010,crim_bail,3593,0.0,1.0,0.00464907384926956,0.0007152421306568554,0.0007152421306568554,0.0,0.0016937415712804198,Himachal Pradesh,Kullu
5010,crim_magisterial,45307,2.0,42.0,0.17264635430999406,0.10695874637738385,0.07880152533419535,0.10372931497089284,0.11018817778387487,Himachal Pradesh,Kullu
5010,crim_ni138,7379,40.0,90.0,0.8806225125044844,0.5402724253339322,0.3320306090347839,0.526983101600395,0.5535617490674694,Himachal Pradesh,Kullu
5010,crim_sessions,1237,27.0,86.0,0.8378404001477229,0.342200667832481,0.18191392840628834,0.3086904689707156,0.37571086669424636,Himachal Pradesh,Kullu
5010,other,5269,5.0,37.0,0.28240039043613707,0.10283712536214376,0.049653422673597396,0.09374238892942043,0.1119318617948671,Himachal Pradesh,Kullu
5011,civ_execution,3695,27.0,,0.7438633141725627,0.41059121130550463,0.24339029465704312,0.39066705182203193,0.43051537078897734,Himachal Pradesh,Shimla
5011,civ_family,1749,19.0,87.0,0.6105387415883851,0.2887832206733109,0.1857436598642907,0.262360655347741,0.3152057859988808,Himachal Pradesh,Shimla
5011,civ_mact,823,39.0,79.0,0.9060649498484488,0.5372992454117429,0.2785123745459145,0.4927734142029108,0.581825076620575,Himachal Pradesh,Shimla
5011,civ_misc,12920,8.0,69.0,0.4311173471018989,0.22602890083246438,0.1229855968135494,0.2169076828442915,0.23515011882063727,Himachal Pradesh,Shimla
5011,civ_suit,9435,36.0,,0.7976176395261243,0.4936478297344877,0.3105490613282554,0.4816525177772894,0.5056431416916859,Himachal Pradesh,Shimla
5011,crim_bail,1119,0.0,0.0,0.0026809651474530875,0.0,,0.0,0.0,Himachal Pradesh,Shimla
5011,crim_magisterial,65185,1.0,53.0,0.21189179434964903,0.14045265594901057,0.08453478135387617,0.1371763156736222,0.14372899622439894,Himachal Pradesh,Shimla
5011,crim_ni138,11923,55.0,,0.8716230176323736,0.6293033860358647,0.4491656679054021,0.618857428438976,0.6397493436327534,Himachal Pradesh,Shimla
5011,crim_sessions,890,55.0,,0.9391648539198405,0.7001251843980538,0.4606080455656159,0.6608992826415577,0.7393510861545499,Himachal Pradesh,Shimla
5011,other,3772,19.0,82.0,0.5802516725910989,0.34709262831688,0.21779070181657856,0.3293424898461891,0.3648427667875709,Himachal Pradesh,Shimla
6001,civ_execution,4853,28.0,93.0,0.771742274903641,0.3923836288205182,0.2417815483176889,0.3768792454795264,0.40788801216151,Assam,Kamrup Metro
6001,civ_mact,23509,0.0,54.0,0.32084055668517597,0.18780923566330335,0.06985638641045822,0.18242846902138296,0.19319000230522373,Assam,Kamrup Metro
6001,civ_misc,27875,10.0,38.0,0.42482336271059584,0.10836368530230137,0.036791292429627455,0.10427075607565015,0.11245661452895259,Assam,Kamrup Metro
6001,civ_suit,13273,29.0,90.0,0.7733119083557914,0.4025793248661721,0.2205227616540809,0.39324829246863807,0.4119103572637061,Assam,Kamrup Metro
6001,crim_bail,16532,0.0,1.0,0.0005525860360119052,0.00013814650900297637,0.00013814650900297637,0.0,0.0003293085257934713,Assam,Kamrup Metro
6001,crim_magisterial,140446,19.0,73.0,0.5772123066107432,0.3274787360913838,0.16202422107204878,0.3247848599544231,0.3301726122283445,Assam,Kamrup Metro
6001,crim_ni138,2624,14.0,54.0,0.5611930274263505,0.16947039023615454,0.0747736416657938,0.14767587796273254,0.19126490250957653,Assam,Kamrup Metro
6001,crim_sessions,3506,21.0,75.0,0.6556631270678702,0.27859238452348195,0.13731898406098003,0.2614566985306867,0.2957280705162772,Assam,Kamrup Metro
6001,other,8957,9.0,52.0,0.4788413177450505,0.27114805405116904,0.07611516022698213,0.26173507179230077,0.2805610363100373,Assam,Kamrup Metro
6002,civ_execution,609,29.0,95.0,0.714080949686103,0.4416708772913195,0.2376288004483963,0.39601573864540857,0.4873260159372304,Assam,Tinsukia
6002,civ_family,1425,11.0,38.0,0.45629155393982507,0.11143166853045455,0.02696394778756759,0.09177359599151831,0.1310897410693908,Assam,Tinsukia
6002,civ_mact,1259,18.0,50.0,0.6461649716012029,0.19587182488549007,0.047620650132128774,0.17090635956835049,0.22083729020262965,Assam,Tinsukia
6002,civ_misc,3366,7.0,36.0,0.32454536338009193,0.09934050230444125,0.03663369442585781,0.08764209497588969,0.1110389096329928,Assam,Tinsukia
6002,civ_suit,1753,22.0,99.0,0.6773673931906973,0.34735567714750515,0.20492463091118782,0.3222629492669268,0.3724484050280835,Assam,Tinsukia
6002,crim_bail,5189,0.0,1.0,0.011213051418293271,0.00019672020032093462,0.00019672020032093462,0.0,0.0005822129260405766,Assam,Tinsukia
6002,crim_magisterial,22247,13.0,60.0,0.500524218034479,0.2164600189913403,0.09775784393615282,0.21032707165472572,0.22259296632795486,Assam,Tinsukia
6002,crim_ni138,1089,27.0,82.0,0.7090295437241853,0.40773212107110507,0.20369682423784852,0.3707775248006627,0.44468671734154747,Assam,Tinsukia
6002,crim_sessions,2477,17.0,48.0,0.594607319510912,0.1923928754897615,0.05161583269625578,0.17375457071884945,0.21103118026067355,Assam,Tinsukia
6002,other,1829,19.0,73.0,0.6296479666818574,0.3078653830341752,0.14437087959724568,0.28195780756637323,0.3337729585019772,Assam,Tinsukia
6003,civ_execution,399,41.0,77.0,0.840976353619195,0.5775338351882513,0.3028745633332961,0.5235173283435338,0.6315503420329688,Assam,Sivasagar
6003,civ_family,1664,13.0,38.0,0.5247326975382054,0.1164964915685331,0.034401938305730996,0.09897283183493248,0.13402015130213374,Assam,Sivasagar
6003,civ_mact,405,40.0,87.0,0.8875765346387582,0.5366043646095227,0.29627065831054783,0.48523580765213437,0.5879729215669109,Assam,Sivasagar
6003,civ_misc,3007,10.0,44.0,0.44409643708625807,0.13854209553467853,0.05476324000646337,0.12484052102167865,0.15224367004767841,Assam,Sivasagar
6003,civ_suit,1542,30.0,75.0,0.8135326950347108,0.4212731193901883,0.18095107144012876,0.3943761417014699,0.4481700970789067,Assam,Sivasagar
6003,crim_bail,2181,0.0,1.0,0.0018340210912425508,,,,,Assam,Sivasagar
6003,crim_magisterial,33988,8.0,39.0,0.38036870021121466,0.11304589253061123,0.03627003504880904,0.10949307745784588,0.11659870760337658,Assam,Sivasagar
6003,crim_ni138,831,25.0,62.0,0.7559965072293428,0.3069962926857573,0.11089188038017561,0.2704350698276267,0.34355751554388786,Assam,Sivasagar
6003,crim_sessions,3387,22.0,79.0,0.6676337728091126,0.33818398078386835,0.18347609052091038,0.32038433226604196,0.35598362930169475,Assam,Sivasagar
6003,other,292,8.0,89.0,0.4774537342934193,0.32373982558053654,0.17530671241126097,0.26481709343206633,0.38266255772900676,Assam,Sivasagar
6004,civ_execution,323,17.0,59.0,0.6075194623099183,0.18129028573975842,0.09018195319151859,0.13094635245333974,0.2316342190261771,Assam,Morigaon
6004,civ_mact,1360,42.0,70.0,0.9629640765806154,0.5865126361535937,0.18104549758511457,0.556220021903436,0.6168052504037514,Assam,Morigaon
6004,civ_misc,2034,5.0,20.0,0.17786672360758202,0.027466327315335295,0.010803312035989754,0.018304800467436294,0.036627854163234295,Assam,Morigaon
6004,civ_suit,1557,20.0,61.0,0.6543252445287897,0.26609561425528544,0.10020630090336394,0.24146654817114732,0.29072468033942356,Assam,Morigaon
6004,crim_magisterial,34457,10.0,48.0,0.44978614752749074,0.16591516592180383,0.058950413346435665,0.16112315805154948,0.1707071737920582,Assam,Morigaon
6004,crim_sessions,1470,14.0,49.0,0.5384823775920948,0.17384936214564542,0.06698438996312796,0.1502795303592612,0.19741919393202964,Assam,Morigaon
6004,other,2104,9.0,23.0,0.3451568967174455,0.02162157355029442,0.004383259599341468,0.01492306855373552,0.028320078546853318,Assam,Morigaon
6005,civ_execution,347,42.0,,0.7618948426082626,0.5603144923446126,0.3500344502987802,0.5042722548884068,0.6163567298008185,Assam,Lakhimpur
6005,civ_family,1293,10.0,23.0,0.37001842689086945,0.02197946037897371,0.004186563881709278,0.011245606570687041,0.03271331418726038,Assam,Lakhimpur
6005,civ_mact,756,22.0,59.0,0.8120149744069558,0.23325509330063768,0.08773690930319937,0.20000012366996067,0.2665100629313147,Assam,Lakhimpur
6005,civ_misc,1118,6.0,20.0,0.22536443862393907,0.013863844666527632,0.00831830679991658,0.005495052876995969,0.022232636456059295,Assam,Lakhimpur
6005,civ_suit,1154,15.0,46.0,0.5725666522182237,0.16639147077837893,0.05770186388356766,0.1402343605232484,0.19254858103350947,Assam,Lakhimpur
6005,crim_bail,3551,0.0,1.0,0.0,,,,,Assam,Lakhimpur
6005,crim_magisterial,24302,14.0,59.0,0.544854915618583,0.21510069299705475,0.09508060653356132,0.20889985589027785,0.22130153010383166,Assam,Lakhimpur
6005,crim_ni138,296,22.0,61.0,0.7099839263715416,0.28246687833881734,0.16617841161734037,0.21408037500119373,0.350853381676441,Assam,Lakhimpur
6005,crim_sessions,2466,9.0,47.0,0.4052359525484959,0.13526922921194942,0.0673328399379159,0.11817766467668234,0.1523607937472165,Assam,Lakhimpur
6006,civ_execution,509,27.0,89.0,0.6611611677313459,0.4190524182664192,0.2927771254057518,0.3722112057887077,0.4658936307441307,Assam,Sonitpur
6006,civ_family,1327,8.0,33.0,0.35989686129028614,0.08563093516439396,0.009121378523823704,0.06816329732404808,0.10309857300473985,Assam,Sonitpur
6006,civ_mact,3248,27.0,63.0,0.793995157860186,0.3557345673598391,0.11137777456345181,0.33855672207819815,0.37291241264148006,Assam,Sonitpur
6006,civ_misc,4764,6.0,28.0,0.27148499600938786,0.05787864104211565,0.009745224359546743,0.05039659066288861,0.0653606914213427,Assam,Sonitpur
6006,civ_suit,1933,27.0,79.0,0.6693788169681707,0.4097371350940133,0.23059786288443984,0.3857007302003117,0.43377353998771495,Assam,Sonitpur
6006,crim_bail,1855,0.0,1.0,0.0006469002695417798,,,,,Assam,Sonitpur
6006,crim_magisterial,60057,5.0,48.0,0.29306340323588737,0.1378572863439145,0.07006897192739649,0.1348958688995872,0.1408187037882418,Assam,Sonitpur
6006,crim_ni138,933,30.0,77.0,0.7413052963025484,0.44641612977226447,0.23853937238021103,0.40848438681397936,0.4843478727305496,Assam,Sonitpur
6006,crim_sessions,4016,16.0,65.0,0.554406568422889,0.26742362746588594,0.12648048558887123,0.25193368622020107,0.2829135687115708,Assam,Sonitpur
6006,other,3218,14.0,35.0,0.5403800291147809,0.08200636087701739,0.009989041383154188,0.060844885608381784,0.103167836145653,Assam,Sonitpur
6007,civ_execution,834,35.0,,0.8029547735308898,0.46849908835415704,0.2617312002421678,0.42067973930226304,0.516318437406051,Assam,Dibrugarh
6007,civ_family,712,17.0,51.0,0.6183811995911442,0.19951309179301016,0.04445907972151919,0.16719313053083218,0.23183305305518814,Assam,Dibrugarh
6007,civ_misc,3961,12.0,55.0,0.48767008086418207,0.20266623935622327,0.0738530722188479,0.1886440946165143,0.21668838409593225,Assam,Dibrugarh
6007,civ_suit,4440,22.0,84.0,0.6801948206423819,0.30432026552242447,0.17802153314456964,0.2889076476866592,0.3197328833581897,Assam,Dibrugarh
6007,crim_bail,2652,0.0,1.0,0.002262443438914027,0.0005027652086475616,,0.0,0.0014460387770079389,Assam,Dibrugarh
6007,crim_magisterial,48005,6.0,62.0,0.3165503869246259,0.181414100106138,0.10428797133702555,0.17766546626527085,0.18516273394700516,Assam,Dibrugarh
6007,crim_ni138,1267,30.0,92.0,0.7929905469387445,0.4352800987726131,0.24812311390778682,0.4032364813156136,0.46732371622961255,Assam,Dibrugarh
6007,crim_sessions,2161,20.0,59.0,0.6377094475608291,0.2696210416059189,0.0905265292689475,0.24872479129716688,0.29051729191467085,Assam,Dibrugarh
6007,other,1039,23.0,,0.6630360568594127,0.3266863826620079,0.19031404354992956,0.29337832364974215,0.35999444167427364,Assam,Dibrugarh
6008,civ_execution,285,40.0,,0.858863912577344,0.5220690185694731,0.34308834609363903,0.45690545645839853,0.5872325806805476,Assam,Darrang
6008,civ_mact,2444,34.0,75.0,0.8951339686526167,0.4699917173216857,0.2059357628313918,0.44780732416618485,0.49217611047718657,Assam,Darrang
6008,civ_misc,4395,10.0,31.0,0.4158311300534364,0.06949960321592999,0.013199626852996506,0.060213971163958435,0.07878523526790154,Assam,Darrang
6008,civ_suit,1297,36.0,,0.812033477657226,0.4995522118653088,0.3173987388092211,0.46917066272018615,0.5299337610104314,Assam,Darrang
6008,crim_magisterial,24434,17.0,72.0,0.5700962603763656,0.297822007718127,0.14953651577309102,0.2913099705125635,0.3043340449236905,Assam,Darrang
6008,crim_ni138,318,26.0,64.0,0.7055010122653863,0.3354600549768301,0.1555776057989192,0.2724336760368368,0.3984864339168234,Assam,Darrang
6008,crim_sessions,1565,15.0,48.0,0.5540464398446847,0.1662698253658645,0.054510482352055106,0.14454185291160707,0.1879977978201219,Assam,Darrang
6008,other,937,11.0,36.0,0.43874407056421993,0.09430486653484949,0.029520743536329976,0.06988511100963657,0.1187246220600624,Assam,Darrang
6009,civ_execution,271,26.0,,0.6633124783487353,0.42004219324748127,0.33222392189073807,0.3553210613332324,0.48476332516173015,Assam,Bongaigaon
6009,civ_family,692,9.0,25.0,0.36175454338025387,0.04869262472749748,0.012641354496561851,0.0259758876222354,0.07140936183275956,Assam,Bongaigaon
6009,civ_mact,1401,30.0,72.0,0.8486868610624956,0.3944430058731906,0.16053308904792135,0.36318934140622255,0.4256966703401586,Assam,Bongaigaon
6009,civ_misc,1580,10.0,38.0,0.42768508833146823,0.11197471316636318,0.034817131070170135,0.0945007053231408,0.12944872100958554,Assam,Bongaigaon
6009,civ_suit,2044,19.0,72.0,0.6175729421219249,0.3109362088991803,0.17087808068215063,0.2874938021321951,0.33437861566616545,Assam,Bongaigaon
6009,crim_magisterial,8641,15.0,59.0,0.5581345160994009,0.23867737869274994,0.0935793844289781,0.2272724712416156,0.2500822861438843,Assam,Bongaigaon
6009,crim_ni138,444,20.0,56.0,0.6799444516308314,0.18095917121639696,0.07488034448478031,0.13815840445835914,0.22375993797443477,Assam,Bongaigaon
6009,crim_sessions,1382,13.0,46.0,0.5050989452078763,0.17083030981634534,0.032212412126766884,0.148680810388475,0.19297980924421568,Assam,Bongaigaon
6010,civ_execution,854,40.0,,0.8399041841102638,0.5427081705182734,0.35499048414029327,0.5036462952739338,0.5817700457626129,Assam,Nagaon
6010,civ_family,1185,12.0,41.0,0.484044951953334,0.1299933439659897,0.020981362279574,0.10739817137518223,0.15258851655679714,Assam,Nagaon
6010,civ_mact,322,14.0,26.0,0.6024844720496895,0.043478260869565216,0.03260869565217391,0.021203572342154146,0.06575294939697629,Assam,Nagaon
6010,civ_misc,4705,11.0,41.0,0.44920409700461783,0.12209638894123963,0.04046112862832806,0.11156910533310525,0.13262367254937402,Assam,Nagaon
6010,civ_suit,4443,38.0,,0.8146372662183564,0.5159731178408214,0.3117843594235333,0.49949872399898027,0.5324475116826627,Assam,Nagaon
6010,crim_bail,11208,0.0,1.0,0.00172936809863211,0.00019215201095912332,,0.0,0.00045820747957500354,Assam,Nagaon
6010,crim_magisterial,80050,13.0,72.0,0.5134358271430446,0.2617701078963744,0.14385549623695204,0.2583158679272618,0.265224347865487,Assam,Nagaon
6010,crim_ni138,772,31.0,,0.7675416368630361,0.42912970764265496,0.2327221410468088,0.38326949484604605,0.47498992043926386,Assam,Nagaon
6010,crim_sessions,4509,28.0,106.0,0.6364908705295207,0.43654380484969063,0.2973628519523682,0.42054843229638983,0.45253917740299143,Assam,Nagaon
6010,other,13726,13.0,47.0,0.501862153696742,0.1517914935437367,0.06470191565985267,0.1441286542282647,0.15945433285920868,Assam,Nagaon
6011,civ_execution,424,32.0,79.0,0.7593171633447158,0.4053486048298289,0.18776755704356307,0.35323376848159094,0.4574634411780668,Assam,Jorhat
6011,civ_mact,690,32.0,66.0,0.8484704827536574,0.43546387950739623,0.12406649102005995,0.394312570865781,0.4766151881490115,Assam,Jorhat
6011,civ_misc,3115,8.0,32.0,0.332966347944037,0.080527545558068,0.01855347999815662,0.06917033508316656,0.09188475603296944,Assam,Jorhat
6011,civ_suit,1731,24.0,80.0,0.7306637259484055,0.3265713065269442,0.14948687298332705,0.30073691924112056,0.3524056938127679,Assam,Jorhat
6011,crim_bail,2117,0.0,1.0,,,,,,Assam,Jorhat
6011,crim_magisterial,39516,6.0,41.0,0.36669968192876473,0.1283454293253668,0.03934316987211398,0.12459711581094969,0.13209374283978392,Assam,Jorhat
6011,crim_ni138,594,20.0,66.0,0.6806279435592473,0.2622758564162951,0.13210932026894864,0.20209693309436397,0.3224547797382262,Assam,Jorhat
6011,crim_sessions,1892,15.0,54.0,0.5395539019049186,0.20321234331156604,0.0655763650333878,0.18247019045290364,0.22395449617022845,Assam,Jorhat
6011,other,1201,10.0,38.0,0.41237053026668585,0.11822070520503696,0.02200996581777248,0.09668114044830933,0.13976026996176458,Assam,Jorhat
6012,civ_execution,216,52.0,,0.8722315303141104,0.6497708811467088,0.4325937890378517,0.5785624335570941,0.7209793287363234,Assam,Karimganj
6012,civ_family,2155,11.0,34.0,0.441670500993364,0.08706559882272484,0.028944548228043803,0.0714682723134642,0.10266292533198548,Assam,Karimganj
6012,civ_misc,3825,9.0,35.0,0.3849135728871473,0.09193260256717305,0.040412560164947646,0.08075628461535032,0.10310892051899577,Assam,Karimganj
6012,civ_suit,2756,36.0,102.0,0.8177419811969875,0.4939512836470441,0.3080933886063797,0.47311471246245074,0.5147878548316375,Assam,Karimganj
6012,crim_bail,1202,1.0,2.0,0.005055038258627515,,,,,Assam,Karimganj
6012,crim_magisterial,22280,19.0,64.0,0.6386378985834792,0.2857925508875213,0.12032598679328559,0.2790652379655434,0.29251986380949924,Assam,Karimganj
6012,crim_sessions,1358,21.0,76.0,0.6451680937985094,0.3138353303016145,0.16252364795584678,0.2849001148487107,0.34277054575451826,Assam,Karimganj
6013,civ_execution,964,54.0,,0.8552797059822017,0.6106193921810097,0.4597055650839515,0.5759167487413478,0.6453220356206716,Assam,Cachar
6013,civ_family,297,5.0,30.0,0.2509260793241534,0.06835591484737345,0.038988188468501904,0.03767732157138429,0.09903450812336262,Assam,Cachar
6013,civ_misc,4249,13.0,57.0,0.5077265416387075,0.2149331827627679,0.09138247338832184,0.20018989592696335,0.22967646959857246,Assam,Cachar
6013,civ_suit,3543,37.0,,0.8170157816322686,0.5002795138566537,0.31070131711060356,0.4816659138791325,0.5188931138341749,Assam,Cachar
6013,crim_magisterial,42567,16.0,80.0,0.5361886196981556,0.32611441879173325,0.17670437663560198,0.3211899332779435,0.331038904305523,Assam,Cachar
6013,crim_sessions,2234,14.0,43.0,0.5328611268117935,0.16618725793226138,0.04450226458696262,0.14786708114803962,0.18450743471648315,Assam,Cachar
6013,other,4419,62.0,91.0,0.8695588275747702,0.7435951060678655,0.5094157942326331,0.7278596232551144,0.7593305888806166,Assam,Cachar
6015,civ_execution,448,42.0,,0.7660485003236477,0.5323783425596472,0.4209529881236792,0.48190850519587947,0.582848179923415,Assam,Nalbari
6015,civ_family,2089,9.0,22.0,0.2990830071227125,0.030909997099953335,0.00963610569202511,0.022073289691569478,0.03974670450833719,Assam,Nalbari
6015,civ_mact,2213,22.0,41.0,0.8111738668688103,0.15448717725544933,0.009650196060493731,0.13603825123333033,0.17293610327756834,Assam,Nalbari
6015,civ_misc,1984,6.0,23.0,0.2525438337495908,0.04872553664412649,0.025064848069558658,0.03728723205032934,0.060163841237923635,Assam,Nalbari
6015,civ_suit,1581,24.0,78.0,0.71798704021012,0.35680980492974895,0.15659704514044684,0.33037036894190924,0.38324924091758866,Assam,Nalbari
6015,crim_bail,2990,0.0,1.0,0.0003344481605351169,,,,,Assam,Nalbari
6015,crim_magisterial,23930,7.0,33.0,0.3463434083513665,0.0818765407745805,0.021703377691245935,0.0778811547694754,0.0858719267796856,Assam,Nalbari
6015,crim_ni138,649,21.0,69.0,0.639832319362545,0.2894428652004092,0.11640339472687009,0.23997706496835314,0.33890866543246523,Assam,Nalbari
6015,crim_sessions,1441,11.0,75.0,0.46951068354600123,0.22009738071578494,0.1407752473568935,0.19701745554747163,0.24317730588409825,Assam,Nalbari
6015,other,420,4.0,,0.2708891520288443,0.16042977123550883,0.11962743020301475,0.12176267743143972,0.19909686503957796,Assam,Nalbari
6016,civ_execution,525,28.0,78.0,0.7196840680934896,0.3818753117431415,0.22876214866011219,0.3346768122346214,0.42907381125166155,Assam,Dhubri
6016,civ_mact,2663,43.0,80.0,0.9016441929509216,0.5799206077337472,0.2882821299441793,0.5590435351121648,0.6007976803553297,Assam,Dhubri
6016,civ_misc,8292,14.0,46.0,0.5363176014311445,0.16314212951528076,0.043994900305789404,0.15402259029739457,0.17226166873316695,Assam,Dhubri
6016,civ_suit,6046,18.0,67.0,0.6124010470049941,0.2900482380562569,0.1352855220456853,0.27707863510104824,0.30301784101146556,Assam,Dhubri
6016,crim_magisterial,36393,21.0,76.0,0.5945296419905894,0.40047177819858976,0.22182266822993227,0.3949597314612952,0.4059838249358843,Assam,Dhubri
6016,crim_sessions,2609,25.0,70.0,0.6744205405495116,0.36535765583934704,0.14687032593501018,0.3446822509257406,0.38603306075295346,Assam,Dhubri
6016,other,368,32.0,68.0,0.7429349680497137,0.4685477991425124,0.22554369271543848,0.39867953031197295,0.5384160679730517,Assam,Dhubri
6017,civ_family,278,6.0,17.0,0.15663907322618642,0.008606542484955298,,0.0,0.025040775827583094,Assam,Dhemaji
6017,civ_mact,219,28.0,60.0,0.8547702717053072,0.3401520646624134,0.06307409888364439,0.26675727556895507,0.4135468537558717,Assam,Dhemaji
6017,civ_misc,517,7.0,22.0,0.25318181377717747,0.03709602242253015,0.013911008408448809,0.01869642779971934,0.05549561704534096,Assam,Dhemaji
6017,civ_suit,486,14.0,39.0,0.5419144177302159,0.12773437590596443,0.047122663030520796,0.09270136011859256,0.1627673916933363,Assam,Dhemaji
6017,crim_bail,1311,0.0,1.0,,,,,,Assam,Dhemaji
6017,crim_magisterial,11173,6.0,28.0,0.30167140782009283,0.05893849748523574,0.014081753934266996,0.05388684319767432,0.06399015177279717,Assam,Dhemaji
6017,crim_sessions,1052,25.0,62.0,0.7625026347459958,0.3032672043804019,0.10682039142959454,0.27015411230851855,0.33638029645228523,Assam,Dhemaji
6018,civ_execution,279,44.0,86.0,0.7703950969801706,0.6088102120900768,0.24453629740844565,0.5457626427986427,0.6718577813815109,Assam,Goalpara
6018,civ_mact,393,5.0,18.0,0.21374045801526714,0.03816793893129769,,0.019224502050756993,0.05711137581183839,Assam,Goalpara
6018,civ_misc,2213,10.0,74.0,0.46446043218979843,0.28037782322197474,0.2094707257163148,0.2609461826355828,0.2998094638083667,Assam,Goalpara
6018,civ_suit,1512,17.0,76.0,0.5953785851854401,0.2989956112366608,0.15841639537827934,0.2723979828869236,0.325593239586398,Assam,Goalpara
6018,crim_magisterial,28151,8.0,65.0,0.4484759386340456,0.25130014272299106,0.12272009244648359,0.24574075143850346,0.25685953400747863,Assam,Goalpara
6018,crim_ni138,251,34.0,,0.7581535449174078,0.4807156362686602,0.3080918206390263,0.3807024930723112,0.5807287794650092,Assam,Goalpara
6018,crim_sessions,1974,20.0,68.0,0.6666869323843891,0.26286244676863063,0.11932166453699068,0.24068027826245084,0.2850446152748104,Assam,Goalpara
6018,other,4621,26.0,63.0,0.7534557766642392,0.350249001930821,0.11413594518252403,0.33353801669601446,0.3669599871656275,Assam,Goalpara
6019,civ_execution,263,37.0,,0.694269962418667,0.5028849065740014,0.2341152057887951,0.43047096064292484,0.575298852505078,Assam,Golaghat
6019,civ_family,465,13.0,41.0,0.5261491992099625,0.12647321338478407,0.02477355071545463,0.08887588987920914,0.164070536890359,Assam,Golaghat
6019,civ_misc,1953,9.0,36.0,0.3939213205726552,0.095710234451691,0.026918043373951657,0.08056485284963402,0.11085561605374797,Assam,Golaghat
6019,civ_suit,422,41.0,,0.7659792529467705,0.5331074485066252,0.308836581461117,0.4785676690578871,0.5876472279553633,Assam,Golaghat
6019,crim_bail,3154,0.0,1.0,0.00036235166228825073,0.00036235166228825073,,0.0,0.0010660775851949712,Assam,Golaghat
6019,crim_magisterial,18710,13.0,60.0,0.5132936451807358,0.2249820495890698,0.09786784533203349,0.21829708523869656,0.23166701393944306,Assam,Golaghat
6019,crim_ni138,253,23.0,,0.7259031774346671,0.36216995069362407,0.20306646160453268,0.2869946772045445,0.4373452241827036,Assam,Golaghat
6019,crim_sessions,2009,16.0,63.0,0.5678869857178139,0.24168196372820894,0.10951257359331648,0.2203073199642789,0.26305660749213894,Assam,Golaghat
6020,civ_execution,866,37.0,,0.7701695734496689,0.5007221697879568,0.3285759737780388,0.4637237167222392,0.5377206228536744,Assam,Barpeta
6020,civ_family,220,11.0,30.0,0.4363636363636365,0.03636363636363639,,0.011627322994453359,0.06109994973281942,Assam,Barpeta
6020,civ_mact,338,22.0,36.0,0.7732293483258107,0.09201691948668354,,0.04758437740731763,0.13644946156604945,Assam,Barpeta
6020,civ_misc,2527,8.0,36.0,0.36589064649142333,0.09732802383704532,0.03852956500432461,0.08311975238440583,0.11153629528968481,Assam,Barpeta
6020,civ_suit,4550,31.0,,0.7181898864690524,0.4602910847371406,0.3035284246791342,0.44421218177885746,0.4763699876954237,Assam,Barpeta
6020,crim_bail,6426,0.0,1.0,0.00031123560535325194,0.0,,0.0,0.0,Assam,Barpeta
6020,crim_magisterial,35539,26.0,75.0,0.6793767977445179,0.3765330235482233,0.19216568401529247,0.3710961525884775,0.38196989450796914,Assam,Barpeta
6020,crim_ni138,773,21.0,55.0,0.664075148286388,0.2271688822143882,0.08305335303915407,0.19009601325542327,0.2642417511733531,Assam,Barpeta
6020,crim_sessions,2873,9.0,40.0,0.40977019160773903,0.12098245320496545,0.02526837092280755,0.10717363398229145,0.13479127242763947,Assam,Barpeta
6020,other,3152,10.0,24.0,0.3969116133833254,0.019851829513093486,0.0014437694191340715,0.014782433076440851,0.02492122594974612,Assam,Barpeta
6021,civ_execution,608,27.0,,0.7436179215898608,0.3595449613885301,0.21450806667715003,0.316173314167891,0.40291660860916917,Assam,Hailakandi
6021,civ_family,569,10.0,30.0,0.40432357786028517,0.08025885199116042,0.007348859580312871,0.05274509044758269,0.10777261353473816,Assam,Hailakandi
6021,civ_misc,2729,8.0,38.0,0.3847163201726004,0.11069586087331183,0.02968215226540883,0.09747618937126898,0.12391553237535469,Assam,Hailakandi
6021,civ_suit,1977,30.0,86.0,0.7623107485436158,0.4017844638793765,0.2181007627376943,0.3773444236729397,0.4262245040858133,Assam,Hailakandi
6021,crim_bail,3183,0.0,1.0,0.00039985148373461275,,,,,Assam,Hailakandi
6021,crim_magisterial,20860,17.0,62.0,0.5807223998119029,0.2635069649647115,0.10965273361403752,0.25661467588859976,0.2703992540408232,Assam,Hailakandi
6021,crim_ni138,202,36.0,,0.7909953721496704,0.45205593047655956,0.35767062631112406,0.34175110691946753,0.5623607540336516,Assam,Hailakandi
6021,crim_sessions,1051,19.0,53.0,0.6741087463893611,0.23191294669561854,0.07014947272846737,0.20183005205259258,0.2619958413386445,Assam,Hailakandi
6021,other,3144,16.0,54.0,0.6059615159063689,0.18349145592079327,0.07540264635063576,0.16682145950126642,0.20016145234032012,Assam,Hailakandi
6022,civ_family,545,11.0,28.0,0.4363558314039073,0.059182677371156296,0.0,0.03402467925616902,0.08434067548614357,Assam,Kokrajhar
6022,civ_mact,661,22.0,48.0,0.7626693465803088,0.21157655387193514,0.03889027846257861,0.1758647954548577,0.24728831228901257,Assam,Kokrajhar
6022,civ_misc,768,7.0,35.0,0.36143316443837703,0.09174301423323787,0.020632563509226817,0.0665870455785307,0.11689898288794504,Assam,Kokrajhar
6022,civ_suit,724,15.0,66.0,0.5681880870582114,0.2022138187381596,0.11094060977146526,0.16753698416776858,0.23689065330855064,Assam,Kokrajhar
6022,crim_magisterial,7670,16.0,63.0,0.5804752613187526,0.24618903362440742,0.10427387110931065,0.23501966833283675,0.2573583989159781,Assam,Kokrajhar
6022,crim_sessions,1513,18.0,51.0,0.613014932444501,0.22951589641331904,0.049540442691485755,0.20227858585296996,0.2567532069736681,Assam,Kokrajhar
6022,other,737,6.0,42.0,0.3244373219889954,0.11554061543911466,0.05290281659853049,0.08885908175631275,0.14222214912191658,Assam,Kokrajhar
6023,civ_execution,233,40.0,,0.8843414065566754,0.5258745975887229,0.3090949469354748,0.4363179225200998,0.615431272657346,Assam,Kamrup
6023,civ_mact,270,,,0.6672098369288096,,,,,Assam,Kamrup
6023,civ_misc,1822,29.0,100.0,0.7198770316300674,0.4348119778225049,0.26800807560274237,0.405928150803122,0.4636958048418878,Assam,Kamrup
6023,civ_suit,1487,49.0,103.0,0.8917027292400694,0.6784720020914031,0.32683601782812016,0.6487308928053784,0.7082131113774278,Assam,Kamrup
6023,crim_magisterial,9640,68.0,,0.9027058121522592,0.7369611409942449,0.5488178575749492,0.7264085494319019,0.7475137325565879,Assam,Kamrup
6023,crim_sessions,1304,51.0,,0.7998278856377194,0.6698419722586804,0.4694724162867059,0.6384677362861613,0.7012162082311995,Assam,Kamrup
6024,civ_misc,688,1.0,14.0,0.11372808196833989,0.020160153942765213,0.010080076971382608,0.007566256913343238,0.032754050972187185,Assam,Udalguri
6024,civ_suit,274,20.0,60.0,0.6803931235581907,0.29004299576373216,0.08667119873411044,0.22063430490080443,0.3594516866266599,Assam,Udalguri
6024,crim_magisterial,5833,6.0,33.0,0.30735037152668293,0.08207140968731624,0.02503095418571548,0.07443337017906902,0.08970944919556346,Assam,Udalguri
6024,crim_sessions,493,26.0,75.0,0.6741192355555525,0.348749158594495,0.22795614665677835,0.2848006721122537,0.41269764507673634,Assam,Udalguri
6025,civ_suit,347,36.0,,0.7895260682460904,0.4998234348729135,0.423880748528571,0.4304492305487805,0.5691976391970465,Assam,Chirang
6025,crim_magisterial,2384,32.0,86.0,0.789061867277591,0.4413172870321809,0.22242382164812802,0.41205156757255673,0.4705830064918051,Assam,Chirang
6025,crim_sessions,983,32.0,107.0,0.8089600543232692,0.38833179834339776,0.23286670749347477,0.35117800683696543,0.4254855898498301,Assam,Chirang
6025,other,224,32.0,,0.717671759270472,0.4598988317375305,,0.3634744028131355,0.5563232606619255,Assam,Chirang
6026,crim_magisterial,5915,53.0,,0.5928330376791151,0.5364232347378759,0.48426997424572,0.5213708740056796,0.5514755954700722,Assam,Karbi Anglong
6026,crim_sessions,1069,,,0.9369899151799278,0.8790993863251292,0.7813046982533843,0.8569980414545698,0.9012007311956886,Assam,Karbi Anglong
6027,civ_suit,284,26.0,67.0,0.666463542665012,0.22622415510719698,0.22622415510719698,0.0,0.4707485811824953,Assam,Baksa
6027,crim_magisterial,1641,53.0,53.0,0.7132773901894933,0.7084030572269228,,0.6840621466169512,0.7327439678368943,Assam,Baksa
6027,crim_sessions,460,34.0,86.0,0.9084716707241918,0.4816512526443053,0.206421965418988,0.23864595646740253,0.7246565488212081,Assam,Baksa
6028,crim_magisterial,647,49.0,,0.6462476494409457,0.542782740720011,0.4451526103461689,0.4856342057782042,0.5999312756618178,Assam,Dima Hasao
6028,crim_sessions,242,50.0,50.0,0.723169376243305,0.723169376243305,,0.4047300970187148,1.0,Assam,Dima Hasao
7001,civ_execution,596,45.0,,0.7774147826652119,0.5788071124793998,0.3989104567840794,0.5348605626986147,0.6227536622601848,Jharkhand,Bokaro
7001,civ_family,1000,14.0,35.0,0.5483230423782479,0.08480992397372238,0.005441970121647187,0.05859550930184915,0.1110243386455956,Jharkhand,Bokaro
7001,civ_mact,458,23.0,39.0,0.713528293550653,0.1697633535764208,,0.108843314870586,0.2306833922822556,Jharkhand,Bokaro
7001,civ_misc,1580,10.0,47.0,0.43613384186947934,0.15397434138965535,0.06864247914728235,0.13391366561853926,0.17403501716077144,Jharkhand,Bokaro
7001,civ_suit,4143,12.0,41.0,0.49144092528453315,0.12755922657301647,0.037106249787257566,0.11494157950838826,0.14017687363764467,Jharkhand,Bokaro
7001,crim_bail,13064,1.0,3.0,0.001954897807740771,,,,,Jharkhand,Bokaro
7001,crim_magisterial,26827,20.0,96.0,0.563647573535416,0.39439483345069865,0.2806440945663563,0.38792403406305614,0.40086563283834115,Jharkhand,Bokaro
7001,crim_sessions,908,18.0,78.0,0.5878002182004309,0.29773988138972346,0.1481215152995489,0.25724677004640817,0.33823299273303875,Jharkhand,Bokaro
7001,other,4483,33.0,,0.759703326544817,0.46160501686509997,0.30281156663343556,0.4469106044236139,0.47629942930658603,Jharkhand,Bokaro
7002,civ_execution,226,43.0,,0.7888721394671832,0.5175104376167134,0.4095697101507137,0.4397925141375341,0.5952283610958928,Jharkhand,Dumka
7002,civ_family,380,13.0,27.0,0.5011036799340157,0.028043081713544173,,0.008981337135595752,0.047104826291492596,Jharkhand,Dumka
7002,civ_mact,502,32.0,72.0,0.8116845568375635,0.4333168129260789,0.21051409056198095,0.3853459511009557,0.48128767475120204,Jharkhand,Dumka
7002,civ_misc,1049,37.0,76.0,0.7994571183899983,0.5192323855712889,0.24097219429897324,0.4776461220562707,0.5608186490863072,Jharkhand,Dumka
7002,civ_suit,1803,18.0,,0.5884008518171228,0.3391518119211687,0.23260466113620856,0.31545107895584373,0.3628525448864937,Jharkhand,Dumka
7002,crim_bail,3892,1.0,2.0,0.0007847317760109876,0.0003923658880054938,,0.0,0.0010942724327795855,Jharkhand,Dumka
7002,crim_magisterial,21834,25.0,95.0,0.56592284473717,0.452177419749157,0.3523947876134824,0.44508775178946364,0.45926708770885033,Jharkhand,Dumka
7002,crim_sessions,2041,42.0,78.0,0.810164537586238,0.5588990618303186,0.3174186952326644,0.5348090959869187,0.5829890276737184,Jharkhand,Dumka
7002,other,639,65.0,,0.8263429627729343,0.6519172478612861,0.5201212083628786,0.6136726327832228,0.6901618629393494,Jharkhand,Dumka
7003,civ_execution,375,22.0,,0.7856333707100311,0.3464805246177717,0.2214747482358278,0.29525468175836606,0.3977063674771773,Jharkhand,Koderma
7003,civ_family,724,12.0,35.0,0.48712896719292575,0.08397918107872665,0.01915314656181485,0.06313233618173206,0.10482602597572124,Jharkhand,Koderma
7003,civ_mact,267,56.0,81.0,0.9843989032512286,0.7349044147069503,0.4237876612054051,0.6755520779092694,0.7942567515046313,Jharkhand,Koderma
7003,civ_misc,699,27.0,78.0,0.6986059042147001,0.42559363393305366,0.23934428017807105,0.38165109253865975,0.46953617532744757,Jharkhand,Koderma
7003,civ_suit,1481,36.0,,0.732769826819264,0.4914155432486168,0.3520249193981978,0.46321416036169105,0.5196169261355426,Jharkhand,Koderma
7003,crim_bail,6300,1.0,2.0,0.0028572549545310194,0.0001904836636354013,,0.0,0.0005629252078667439,Jharkhand,Koderma
7003,crim_magisterial,27148,23.0,86.0,0.6005852538956954,0.39894744410667216,0.24457687388262006,0.3925147375919308,0.4053801506214135,Jharkhand,Koderma
7003,crim_sessions,1168,45.0,90.0,0.8122577443658465,0.5814106463573229,0.3573874737468455,0.5497357294653815,0.6130855632492642,Jharkhand,Koderma
7003,other,2738,38.0,96.0,0.7321051670483455,0.5153256063475294,0.36755649942319363,0.49646130061817095,0.5341899120768879,Jharkhand,Koderma
7004,civ_execution,374,27.0,74.0,0.7930500764289411,0.3878690618788347,0.17450232708135488,0.333347811136004,0.4423903126216654,Jharkhand,West Singhbhum at Chaibasa
7004,civ_misc,576,18.0,49.0,0.6163607690386161,0.22123679613293182,0.04720491971533269,0.18327525890983937,0.25919833335602427,Jharkhand,West Singhbhum at Chaibasa
7004,civ_suit,850,23.0,72.0,0.7069338068248165,0.32405960286193936,0.17022340022113278,0.2896389364388333,0.3584802692850454,Jharkhand,West Singhbhum at Chaibasa
7004,crim_bail,4926,1.0,2.0,0.0004275076916496632,,,,,Jharkhand,West Singhbhum at Chaibasa
7004,crim_magisterial,13840,12.0,72.0,0.4928493450329195,0.27651526848334435,0.15994224061647122,0.26816292218515847,0.2848676147815302,Jharkhand,West Singhbhum at Chaibasa
7004,crim_sessions,2382,45.0,83.0,0.892079364081887,0.5858157522082605,0.3195945025869186,0.5635019310820031,0.608129573334518,Jharkhand,West Singhbhum at Chaibasa
7004,other,2826,29.0,85.0,0.7397206516587284,0.40948151022731255,0.247916442063177,0.39019973007451453,0.4287632903801106,Jharkhand,West Singhbhum at Chaibasa
7005,civ_execution,206,26.0,77.0,0.7205264197249998,0.3855740098153754,0.25921425782718294,0.311092958557468,0.46005506107328276,Jharkhand,Gumla
7005,civ_family,414,19.0,41.0,0.7075188570320937,0.13961354999321457,0.0196331554677958,0.09992984238126258,0.17929725760516657,Jharkhand,Gumla
7005,civ_mact,622,36.0,75.0,0.8650871291300819,0.489979452567052,0.2153165663410176,0.44562297587313393,0.5343359292609701,Jharkhand,Gumla
7005,civ_misc,828,18.0,75.0,0.5717277651444074,0.3152971124575003,0.13172985062318068,0.27900251705183776,0.35159170786316285,Jharkhand,Gumla
7005,civ_suit,859,77.0,,0.8608396978219336,0.6971005468235772,0.5704574829047607,0.6626596329567396,0.7315414606904149,Jharkhand,Gumla
7005,crim_bail,2220,0.0,1.0,0.0008983342316675655,,,,,Jharkhand,Gumla
7005,crim_magisterial,12743,29.0,86.0,0.7181701032852746,0.43179272726817985,0.24740658286689435,0.4223065634208032,0.4412788911155565,Jharkhand,Gumla
7005,crim_sessions,3387,61.0,92.0,0.9243352869900862,0.7319872897880891,0.5019726480954949,0.7151169318885637,0.7488576476876145,Jharkhand,Gumla
7005,other,4177,1.0,5.0,0.07961695221024696,0.04296241444999117,0.03004249764633435,0.03619132644969829,0.049733502450284045,Jharkhand,Gumla
7006,civ_family,675,15.0,41.0,0.5686621902740802,0.11292312188151606,0.023953389490018552,0.08005327860264863,0.14579296516038348,Jharkhand,Godda
7006,civ_mact,725,31.0,65.0,0.8674303349804778,0.3881130437858768,0.12953359372597623,0.3466353354194904,0.4295907521522632,Jharkhand,Godda
7006,civ_misc,438,12.0,72.0,0.49483748577329223,0.3344764196941072,0.17658541708121273,0.272707772135986,0.39624506725222836,Jharkhand,Godda
7006,civ_suit,1281,22.0,,0.6429027104796357,0.39809594410210775,0.295037975814119,0.368221274206762,0.4279706139974535,Jharkhand,Godda
7006,crim_bail,4736,1.0,2.0,0.0016080503043493556,,,,,Jharkhand,Godda
7006,crim_magisterial,22790,27.0,,0.5677817023369577,0.46074207001062895,0.37154354726944266,0.4537679176054887,0.4677162224157692,Jharkhand,Godda
7006,crim_sessions,2011,57.0,97.0,0.8856723982510811,0.6746340357792762,0.46283810312519974,0.6520330948035318,0.6972349767550206,Jharkhand,Godda
7006,other,588,72.0,,0.8221153713472833,0.6230314843960277,0.5392508077730418,0.5816996994049646,0.6643632693870909,Jharkhand,Godda
7007,civ_execution,1042,23.0,84.0,0.6541446670752841,0.3288055327252493,0.24579874365958967,0.29522917521513625,0.3623818902353624,Jharkhand,Hazaribagh
7007,civ_family,1387,23.0,49.0,0.7971082022962862,0.21733647570607628,0.03954580369603224,0.19368649921474504,0.24098645219740752,Jharkhand,Hazaribagh
7007,civ_mact,1206,54.0,83.0,0.9505787200126745,0.6986841324652582,0.40746208858832594,0.6694303331897442,0.7279379317407721,Jharkhand,Hazaribagh
7007,civ_misc,2121,27.0,66.0,0.6896077023120724,0.36486536984718976,0.13500771143824758,0.3410014599967255,0.38872927969765403,Jharkhand,Hazaribagh
7007,civ_suit,4846,29.0,,0.735343663082186,0.43474770604766333,0.30145537560690155,0.4193490935478844,0.45014631854744225,Jharkhand,Hazaribagh
7007,crim_bail,21635,1.0,2.0,0.0015989529520317228,0.0003497709582569394,9.993455950198272e-05,9.099472044136e-05,0.0006085471960725188,Jharkhand,Hazaribagh
7007,crim_magisterial,28409,30.0,,0.5866225694481456,0.46995216570205867,0.35646785007244786,0.46390203982341516,0.4760022915807022,Jharkhand,Hazaribagh
7007,crim_sessions,3359,41.0,92.0,0.8326644813275967,0.5605192244825318,0.3469176004781411,0.5414746631408356,0.579563785824228,Jharkhand,Hazaribagh
7007,other,18057,16.0,108.0,0.5273330226501268,0.3768455457152689,0.2619646753733423,0.369228398496767,0.38446269293377083,Jharkhand,Hazaribagh
7008,civ_misc,908,23.0,61.0,0.6489684889143493,0.31611720951647876,0.10960683398307608,0.2799127235606333,0.3523216954723242,Jharkhand,Lohardaga
7008,civ_suit,679,48.0,,0.8160141824070966,0.6222188505140758,0.35221537400324576,0.5708600390991643,0.6735776619289873,Jharkhand,Lohardaga
7008,crim_magisterial,4742,8.0,62.0,0.43963045650956506,0.23531792190930317,0.10913721374881057,0.22194051516675473,0.24869532865185162,Jharkhand,Lohardaga
7008,other,11384,10.0,52.0,0.45804776414074316,0.19910005962078617,0.06783044011664235,0.19062686754412428,0.20757325169744806,Jharkhand,Lohardaga
7009,civ_execution,2182,30.0,83.0,0.8409975699185759,0.42450764123834445,0.250866709108069,0.3991647351776945,0.4498505472989944,Jharkhand,Dhanbad
7009,civ_family,3493,16.0,41.0,0.5913944767935891,0.14129463892520724,0.014710704995456132,0.12961679294797168,0.1529724849024428,Jharkhand,Dhanbad
7009,civ_mact,2997,31.0,62.0,0.8752427851303948,0.40722334902452806,0.11165551054352488,0.3874659228806919,0.4269807751683642,Jharkhand,Dhanbad
7009,civ_misc,6328,21.0,68.0,0.6083783043581026,0.3405048836386157,0.14710075823234564,0.3270722469880866,0.35393752028914477,Jharkhand,Dhanbad
7009,civ_suit,10192,38.0,,0.7161149665486816,0.5095240849095415,0.36806611693563945,0.4985502255432297,0.5204979442758533,Jharkhand,Dhanbad
7009,crim_bail,28928,1.0,2.0,0.001523231200788962,0.00028964667994628825,0.00020689048567592018,7.624411810813156e-05,0.0005030492417844449,Jharkhand,Dhanbad
7009,crim_magisterial,78237,20.0,93.0,0.5603560503822568,0.3867477676533683,0.2536714062097152,0.3830501347732068,0.39044540053352983,Jharkhand,Dhanbad
7009,crim_sessions,5804,35.0,82.0,0.7824122939972751,0.4853073531389324,0.2683603912551899,0.4710596417912305,0.49955506448663434,Jharkhand,Dhanbad
7009,other,5083,17.0,98.0,0.5915668117693813,0.2823524660947399,0.18440574980583033,0.2688261142391537,0.2958788179503261,Jharkhand,Dhanbad
7010,civ_execution,535,55.0,98.0,0.9019955543849778,0.6099783948279539,0.4469033880937409,0.5621478614701998,0.657808928185708,Jharkhand,Giridih
7010,civ_family,2554,16.0,42.0,0.6073722845640492,0.1505920565664591,0.019351496879355237,0.13460203136855034,0.16658208176436787,Jharkhand,Giridih
7010,civ_mact,651,41.0,72.0,0.8980922963166755,0.5940597762272607,0.17532950237049005,0.5524736918809959,0.6356458605735255,Jharkhand,Giridih
7010,civ_misc,3252,1.0,73.0,0.38596380986611817,0.27770061748950714,0.1552810697074141,0.26024647708471443,0.29515475789429985,Jharkhand,Giridih
7010,civ_suit,5641,40.0,,0.7581492107671125,0.522460079621654,0.38485320588941324,0.5079233181817573,0.5369968410615507,Jharkhand,Giridih
7010,crim_bail,10426,1.0,3.0,0.0027786205173800324,0.0016086750363779137,0.0003574833414173142,0.0006978127988359287,0.0025195372739198986,Jharkhand,Giridih
7010,crim_magisterial,39273,36.0,,0.617545080933682,0.49695963653705794,0.3692755306338443,0.4916929386667581,0.5022263344073578,Jharkhand,Giridih
7010,crim_sessions,3725,51.0,99.0,0.8377372195219009,0.6227403102083252,0.41958181168561665,0.6038842713976689,0.6415963490189815,Jharkhand,Giridih
7010,other,1486,93.0,,0.9648952769412112,0.8564492376083545,0.7279951963202134,0.8378901374804211,0.8750083377362878,Jharkhand,Giridih
7011,civ_execution,1572,38.0,82.0,0.836032123505876,0.5356156124135736,0.24841736359491398,0.5054956776722976,0.5657355471548495,Jharkhand,East Singhbhum at Jamshedpur
7011,civ_family,3272,22.0,51.0,0.7345561517821095,0.2284954228218445,0.045769117432347864,0.21289319879012708,0.24409764685356194,Jharkhand,East Singhbhum at Jamshedpur
7011,civ_mact,1950,21.0,43.0,0.719837306582276,0.17184480757190254,0.017682628266993232,0.15380374189620252,0.18988587324760256,Jharkhand,East Singhbhum at Jamshedpur
7011,civ_misc,2895,26.0,73.0,0.6656516999641163,0.4040766315547733,0.18654335816241605,0.3851975624949945,0.4229557006145521,Jharkhand,East Singhbhum at Jamshedpur
7011,civ_suit,5294,26.0,99.0,0.6748839769824792,0.40461614775710647,0.28699911306587766,0.38942770229571194,0.419804593218501,Jharkhand,East Singhbhum at Jamshedpur
7011,crim_bail,13786,1.0,3.0,0.001771259083753841,8.434567065494483e-05,,0.0,0.00024953351288395094,Jharkhand,East Singhbhum at Jamshedpur
7011,crim_magisterial,56436,19.0,100.0,0.5448325235196172,0.42465840132490834,0.32997914136867074,0.42018413904960594,0.42913266360021074,Jharkhand,East Singhbhum at Jamshedpur
7011,crim_sessions,3526,42.0,85.0,0.8142362395399356,0.5573449847377236,0.3307800447954538,0.5388305941917759,0.5758593752836714,Jharkhand,East Singhbhum at Jamshedpur
7011,other,13442,41.0,93.0,0.8036211717617718,0.5550974384552079,0.295910231921403,0.5466184737857839,0.5635764031246319,Jharkhand,East Singhbhum at Jamshedpur
7012,civ_execution,412,35.0,,0.806760107116186,0.47775289473224347,0.2881732232737119,0.4227010658402182,0.5328047236242687,Jharkhand,Jamtara
7012,civ_family,402,13.0,34.0,0.5396494319337911,0.08800419415604809,0.014080671064967696,0.056014466712792525,0.11999392159930364,Jharkhand,Jamtara
7012,civ_misc,543,14.0,42.0,0.534744432567184,0.12668719890135965,0.07199234042918454,0.09286311649713562,0.16051128130558368,Jharkhand,Jamtara
7012,civ_suit,1264,21.0,92.0,0.5907003226950333,0.40102859631198473,0.2893857470597936,0.3705804182029,0.43147677442106946,Jharkhand,Jamtara
7012,crim_bail,4145,1.0,2.0,0.006012683720622137,,,,,Jharkhand,Jamtara
7012,crim_magisterial,19505,10.0,75.0,0.4621033448273338,0.28278490995623373,0.19266179629659277,0.2758465203523451,0.2897232995601224,Jharkhand,Jamtara
7012,crim_sessions,1437,19.0,66.0,0.6504736866566063,0.21495298146029412,0.10951308440663458,0.18934524043886217,0.24056072248172608,Jharkhand,Jamtara
7012,other,337,25.0,69.0,0.7487839814718549,0.3686139821345113,0.14263245471385694,0.31608928244108814,0.42113868182793446,Jharkhand,Jamtara
7013,civ_mact,570,41.0,77.0,0.9107107023341933,0.5570589444256466,0.32800169543603375,0.51081125014034,0.6033066387109532,Jharkhand,Chatra
7013,civ_misc,962,24.0,71.0,0.6001331696016131,0.3585062572550708,0.14290875255993057,0.3230503666306244,0.39396214787951717,Jharkhand,Chatra
7013,civ_suit,1403,40.0,,0.7290659893171104,0.5265193315867769,0.36060173438089427,0.49637631705723384,0.5566623461163199,Jharkhand,Chatra
7013,crim_bail,5914,1.0,2.0,,,,,,Jharkhand,Chatra
7013,crim_magisterial,22286,8.0,78.0,0.4618474772496986,0.3262647439146599,0.20581129976034868,0.319334596630323,0.33319489119899687,Jharkhand,Chatra
7013,crim_sessions,2069,58.0,97.0,0.8638554312043039,0.6810167884765456,0.4817374519601991,0.6580670332149146,0.7039665437381766,Jharkhand,Chatra
7013,other,2254,50.0,89.0,0.8170675514786718,0.5923314235070319,0.4151470674435685,0.5708389297737384,0.6138239172403255,Jharkhand,Chatra
7014,civ_family,1281,18.0,42.0,0.6481534371697735,0.15407842558250273,0.0030410215575493965,0.13180908738789934,0.17634776377710612,Jharkhand,Pakur
7014,civ_mact,487,28.0,50.0,0.8896053561792597,0.33390246414120395,0.04746729550590233,0.281772238032568,0.3860326902498399,Jharkhand,Pakur
7014,civ_misc,336,18.0,63.0,0.5319878225992863,0.2580925117946228,0.11776523184962476,0.19507857402988332,0.32110644955936224,Jharkhand,Pakur
7014,civ_suit,1139,21.0,94.0,0.6289910623596081,0.3533075464065248,0.21911042112890503,0.3231095773588478,0.38350551545420175,Jharkhand,Pakur
7014,crim_bail,3173,0.0,1.0,,,,,,Jharkhand,Pakur
7014,crim_magisterial,12651,25.0,95.0,0.5993179162467963,0.4316057532480878,0.2946529020409137,0.4222796104129869,0.4409318960831887,Jharkhand,Pakur
7014,crim_sessions,1265,40.0,98.0,0.7754265946707376,0.5278648280363123,0.32960997740968445,0.4964332774312905,0.5592963786413341,Jharkhand,Pakur
7015,civ_misc,2547,0.0,26.0,0.1145784887920591,0.08618129750952515,0.05095222982098431,0.07467623112965277,0.09768636388939753,Jharkhand,Seraikella
7015,civ_suit,1201,54.0,,0.7984694375049088,0.6037457019296977,0.46209774252959185,0.572533622575432,0.6349577812839633,Jharkhand,Seraikella
7015,crim_bail,4718,1.0,2.0,0.005150601244728633,,,,,Jharkhand,Seraikella
7015,crim_magisterial,21140,29.0,,0.6521283029505178,0.4389123248890596,0.3004611063135534,0.4310562119970587,0.44676843778106057,Jharkhand,Seraikella
7015,crim_sessions,1482,54.0,92.0,0.9190547313483334,0.6682122556387392,0.4188435906061331,0.6410672715441379,0.6953572397333405,Jharkhand,Seraikella
7015,other,251,42.0,,0.8815839607933392,0.5162492786816847,0.4060425437111537,0.44695460749174803,0.5855439498716213,Jharkhand,Seraikella
7016,civ_execution,570,38.0,76.0,0.808048547413032,0.5303364510108947,0.2183571506747583,0.4854349586238783,0.575237943397911,Jharkhand,Deoghar
7016,civ_family,1730,20.0,48.0,0.6756952281979082,0.21651422184561583,0.03608188209645485,0.1949420443434509,0.23808639934778078,Jharkhand,Deoghar
7016,civ_mact,374,38.0,89.0,0.9039342446336318,0.5169694078535318,0.3535044220916076,0.4608101363018621,0.5731286794052016,Jharkhand,Deoghar
7016,civ_misc,1480,31.0,100.0,0.6478478372466948,0.4327024614859905,0.2832858784643423,0.4016353758583013,0.46376954711367974,Jharkhand,Deoghar
7016,civ_suit,3655,20.0,104.0,0.621597898596021,0.337155437728233,0.21303276615973607,0.3195262866488118,0.3547845888076542,Jharkhand,Deoghar
7016,crim_bail,6158,1.0,5.0,0.008451462875503543,0.002865887285083112,0.0010189821458073288,0.001367190345091129,0.004364584225075095,Jharkhand,Deoghar
7016,crim_magisterial,25227,34.0,85.0,0.6681131013483651,0.47836304448041544,0.27412751944629155,0.4713923501350805,0.48533373882575037,Jharkhand,Deoghar
7016,crim_sessions,3366,37.0,84.0,0.7669390568873176,0.5069584204812212,0.2944250626288922,0.4871699401999623,0.5267469007624801,Jharkhand,Deoghar
7016,other,1460,45.0,83.0,0.8353056611800601,0.6106313880565578,0.29127169570023875,0.5838689874610999,0.6373937886520157,Jharkhand,Deoghar
7017,civ_execution,250,35.0,,0.8789440130974163,0.4320744498304666,0.28220519176262987,0.3643957253669236,0.4997531742940096,Jharkhand,Daltonganj
7017,civ_family,311,17.0,43.0,0.6430868167202571,0.13183279742765264,,0.09423267160238086,0.16943292325292442,Jharkhand,Daltonganj
7017,civ_mact,404,40.0,82.0,0.9172499851407845,0.5547896541612857,0.24450508164090656,0.5001166035299722,0.6094627047925991,Jharkhand,Daltonganj
7017,civ_misc,1136,34.0,82.0,0.8028431207375234,0.4737190658979838,0.23816002142611994,0.43905380120882226,0.5083843305871454,Jharkhand,Daltonganj
7017,civ_suit,4001,40.0,,0.7739448100862139,0.5228693010317877,0.40327652909225437,0.505097758374041,0.5406408436895345,Jharkhand,Daltonganj
7017,crim_bail,7674,1.0,3.0,0.0014532866385340544,,,,,Jharkhand,Daltonganj
7017,crim_magisterial,39731,23.0,95.0,0.5816396492167925,0.40818357294742563,0.27393929929712046,0.40281467384822806,0.4135524720466232,Jharkhand,Daltonganj
7017,crim_sessions,4597,51.0,92.0,0.8822949359069626,0.6394756731804407,0.40469742908307704,0.6232946917097463,0.6556566546511352,Jharkhand,Daltonganj
7017,other,1986,65.0,,0.8530130939049959,0.6734165571600048,0.5305565706916844,0.6517848784272647,0.6950482358927449,Jharkhand,Daltonganj
7018,civ_mact,327,19.0,50.0,0.6880610847454625,0.1999310366379503,0.029156609509701094,0.1513518966912695,0.24851017658463112,Jharkhand,Simdega
7018,crim_bail,1724,1.0,2.0,,,,,,Jharkhand,Simdega
7018,crim_magisterial,6457,7.0,44.0,0.4148021655814451,0.14458070473615386,0.044506182447159474,0.13475023581113896,0.15441117366116877,Jharkhand,Simdega
7018,crim_sessions,1814,27.0,59.0,0.7781025349776547,0.3466292677390083,0.08917147346118252,0.3216624782797489,0.3715960571982677,Jharkhand,Simdega
7018,other,732,7.0,25.0,0.30575192202375584,0.045079869558026446,0.020422546966439258,0.029600973984966233,0.060558765131086656,Jharkhand,Simdega
7019,civ_mact,280,29.0,61.0,0.8798289317317917,0.3740677808910446,0.10446499519178881,0.3117219099709903,0.43641365181109887,Jharkhand,Latehar
7019,civ_misc,347,14.0,62.0,0.5246117631978644,0.22072005236212705,0.10338571026260349,0.1644441065000076,0.27699599822424653,Jharkhand,Latehar
7019,civ_suit,1497,36.0,102.0,0.825504240689735,0.49827354050597783,0.3361071872511965,0.46789914206478045,0.5286479389471752,Jharkhand,Latehar
7019,crim_bail,5784,1.0,2.0,0.000387230115053609,0.000387230115053609,,0.0,0.0009228116147564884,Jharkhand,Latehar
7019,crim_magisterial,12177,23.0,82.0,0.5848670050368638,0.39555299347244255,0.2347556460342093,0.38593194500844324,0.40517404193644185,Jharkhand,Latehar
7019,crim_sessions,2048,50.0,96.0,0.9192435305804827,0.6682206622584187,0.40013732948682634,0.6447739839946325,0.6916673405222049,Jharkhand,Latehar
7019,other,875,67.0,102.0,0.8422955099561688,0.6814145609018277,0.5536483611650157,0.649781120325839,0.7130480014778164,Jharkhand,Latehar
7020,civ_mact,229,42.0,78.0,0.8809443080660152,0.6012265172413603,0.2344887896667338,0.531178174010104,0.6712748604726166,Jharkhand,Garhwa
7020,civ_misc,1062,9.0,62.0,0.4443979894071705,0.2503167177468846,0.11096739606342082,0.22188418097738968,0.27874925451637944,Jharkhand,Garhwa
7020,civ_suit,2117,47.0,,0.7192698571567642,0.558792329198126,0.4552063272596628,0.5338570305736863,0.5837276278225658,Jharkhand,Garhwa
7020,crim_bail,6292,1.0,3.0,,,,,,Jharkhand,Garhwa
7020,crim_magisterial,35284,18.0,105.0,0.5355244335625783,0.4066865698996388,0.31525336761163,0.4011606656087757,0.4122124741905019,Jharkhand,Garhwa
7020,crim_sessions,3007,55.0,102.0,0.8680178479587175,0.6565353312929474,0.4551245456652554,0.6377660428997911,0.6753046196861037,Jharkhand,Garhwa
7020,other,2760,76.0,,0.7671108617581792,0.6711978917302533,0.5761196187281806,0.652330826407848,0.6900649570526587,Jharkhand,Garhwa
7021,civ_family,1626,7.0,28.0,0.34061273812820075,0.044694179002050256,,0.034199095363893345,0.05518926264020717,Jharkhand,Sahibganj
7021,civ_misc,392,12.0,37.0,0.4938118657292955,0.1065579339150264,0.02378525310603268,0.06945598533936038,0.1436598824906924,Jharkhand,Sahibganj
7021,civ_suit,1690,8.0,60.0,0.38120073613017474,0.16690072832339,0.09682835889173123,0.14784173765715936,0.18595971898962066,Jharkhand,Sahibganj
7021,crim_bail,2031,1.0,3.0,0.0019818911433944673,,,,,Jharkhand,Sahibganj
7021,crim_magisterial,15548,9.0,65.0,0.4459873128389039,0.237579477176909,0.1224559198148671,0.23000877038813453,0.24515018396568347,Jharkhand,Sahibganj
7021,crim_sessions,1905,14.0,79.0,0.515935770026097,0.32319127006726434,0.20569078619808998,0.2996048977420078,0.34677764239252085,Jharkhand,Sahibganj
7022,civ_execution,1669,68.0,,0.9414153749853342,0.768592486336555,0.5454536864304312,0.7427329460496942,0.7944520266234157,Jharkhand,Ranchi
7022,civ_mact,2961,56.0,85.0,0.923739848820548,0.7152796734371357,0.4316770234067015,0.6969247737372424,0.7336345731370291,Jharkhand,Ranchi
7022,civ_misc,3064,26.0,78.0,0.6292196439821112,0.4012423267915817,0.21071641095215882,0.3801484563488269,0.4223361972343366,Jharkhand,Ranchi
7022,civ_suit,12790,37.0,,0.7669116551446223,0.5037872254594559,0.3545835486999546,0.4940737183842686,0.5135007325346431,Jharkhand,Ranchi
7022,crim_magisterial,73636,42.0,99.0,0.6843532198696824,0.530346456248811,0.3639654361699255,0.5263381945342304,0.5343547179633917,Jharkhand,Ranchi
7022,crim_sessions,462,58.0,87.0,0.7980317278154927,0.5524056038553921,0.43773040808204583,0.4941298114816756,0.6106813962291084,Jharkhand,Ranchi
7022,other,29665,1.0,54.0,0.235915978730126,0.15038366491018906,0.0822280761029063,0.14591799246549989,0.15484933735487824,Jharkhand,Ranchi
7023,civ_misc,456,84.0,,0.8014573697088507,0.7316663384005025,0.7087689744478547,0.6851716519190494,0.7781610248819557,Jharkhand,RAMGARH
7023,civ_suit,585,74.0,,0.8577699285004348,0.6796300466817612,0.592355516845379,0.6339914141922783,0.725268679171244,Jharkhand,RAMGARH
7023,crim_bail,980,1.0,2.0,,,,,,Jharkhand,RAMGARH
7023,crim_magisterial,5222,3.0,98.0,0.4538148055075725,0.39053088475792047,0.31050659837470107,0.3768030353790644,0.40425873413677654,Jharkhand,RAMGARH
7023,crim_sessions,397,69.0,101.0,0.8376829754206209,0.6705744923298661,0.5484188262285675,0.6188913329379524,0.7222576517217798,Jharkhand,RAMGARH
7024,crim_bail,349,1.0,2.0,0.0035405108821557015,,,,,Jharkhand,KHUNTI
7024,crim_magisterial,1083,0.0,76.0,0.22758659162872405,0.1998078982649537,0.12790701405690247,0.1741330676119225,0.22548272891798493,Jharkhand,KHUNTI
7024,crim_sessions,579,67.0,97.0,0.9620455984613623,0.8222625088029332,0.6293157621219325,0.7892067160774356,0.8553183015284307,Jharkhand,KHUNTI
7024,other,1239,53.0,90.0,0.9032554070378942,0.7215867621274614,0.3960200422904773,0.6928701442558278,0.750303379999095,Jharkhand,KHUNTI
8001,civ_execution,3581,88.0,,0.7409582728799264,0.6178640382014288,0.5606071704434784,0.5997261005360448,0.6360019758668127,Bihar,Patna
8001,civ_family,10645,36.0,81.0,0.8607828496685574,0.4929209388856081,0.2421882355443941,0.48179406655737045,0.5040478112138458,Bihar,Patna
8001,civ_mact,4124,68.0,,0.9314498514955545,0.7566360374553392,0.5600428039809433,0.741908847963535,0.7713632269471435,Bihar,Patna
8001,civ_misc,6464,35.0,,0.5913092441526593,0.4944111201220814,0.4137933444036477,0.48147679974696644,0.5073454404971963,Bihar,Patna
8001,civ_suit,17597,,,0.936460806807156,0.8132624053939457,0.701798234363346,0.8068300589059482,0.8196947518819432,Bihar,Patna
8001,crim_bail,96773,1.0,7.0,0.04626668574930318,0.025273189238806473,0.01694249123093772,0.024228809061756746,0.0263175694158562,Bihar,Patna
8001,crim_magisterial,159849,,,0.8792569330604628,0.8073499725330946,0.7612300747028059,0.805199629753918,0.8095003153122712,Bihar,Patna
8001,crim_sessions,28379,,,0.8585315093995594,0.8066268790694857,0.7456009360156436,0.8013026755936622,0.8119510825453092,Bihar,Patna
8001,other,7638,61.0,,0.9065847587641257,0.7227405779309638,0.504003771146363,0.7111031935380265,0.7343779623239011,Bihar,Patna
8002,civ_execution,278,88.0,,0.9474800196557749,0.8143027516029523,0.6698135014385399,0.7598260108977845,0.8687794923081201,Bihar,Kaimur at Bhabhua
8002,civ_family,1747,18.0,51.0,0.6562636938626215,0.20175280091365505,0.06335810653249885,0.18029311534569942,0.22321248648161068,Bihar,Kaimur at Bhabhua
8002,civ_misc,2657,53.0,,0.8158067371488337,0.6147933842416754,0.44405972282890643,0.5945217984620752,0.6350649700212756,Bihar,Kaimur at Bhabhua
8002,civ_suit,8727,60.0,,0.8176624855281865,0.6373304646579174,0.496735383952388,0.6259719280022774,0.6486890013135574,Bihar,Kaimur at Bhabhua
8002,crim_magisterial,39301,49.0,,0.804140065556037,0.581252118289821,0.43031475339143377,0.5756815713069872,0.5868226652726549,Bihar,Kaimur at Bhabhua
8002,crim_sessions,1159,62.0,,0.9252571024170749,0.7322393121401688,0.5065509689461002,0.6920035779613597,0.7724750463189779,Bihar,Kaimur at Bhabhua
8002,other,18908,1.0,104.0,0.32453987618742003,0.23878520168603676,0.17783548818128242,0.23248406128972457,0.24508634208234895,Bihar,Kaimur at Bhabhua
8003,civ_execution,857,72.0,,0.9541949625789552,0.8137303011532888,0.6557628687327458,0.7839578495664871,0.8435027527400906,Bihar,Samastipur
8003,civ_family,3047,26.0,57.0,0.7977702778711093,0.303203154118462,0.08222323222415945,0.28288238713392094,0.32352392110300304,Bihar,Samastipur
8003,civ_mact,1409,56.0,,0.9446182204533798,0.6827272290503372,0.4472381349332815,0.6549896190553692,0.7104648390453052,Bihar,Samastipur
8003,civ_misc,1878,66.0,,0.813878899455557,0.6790051654416853,0.5312032478036154,0.6564927608763165,0.7015175700070542,Bihar,Samastipur
8003,civ_suit,10731,88.0,,0.9367161123913252,0.8070869209607805,0.6642971549594798,0.7987796709208327,0.8153941710007283,Bihar,Samastipur
8003,crim_magisterial,88383,73.0,,0.8610731282684291,0.7351437730626733,0.5992572747475613,0.7319138382583131,0.7383737078670335,Bihar,Samastipur
8003,crim_sessions,4473,69.0,,0.8445162638360993,0.7011164048328112,0.5474299223744454,0.68645866165545,0.7157741480101725,Bihar,Samastipur
8003,other,25897,1.0,13.0,0.10153435368532698,0.07127915854271281,0.054179361261484475,0.06793254778275888,0.07462576930266675,Bihar,Samastipur
8004,civ_execution,1028,96.0,,0.9451365399459211,0.7907367249687942,0.6520958050690289,0.7617917281373379,0.8196817218002506,Bihar,Saran at Chapra
8004,civ_family,1896,23.0,60.0,0.7458678991665455,0.27623228151449164,0.09350209668089099,0.25388135857255945,0.29858320445642383,Bihar,Saran at Chapra
8004,civ_mact,1082,46.0,,0.9347422162509553,0.6172655873668692,0.37250405096592376,0.5845351808340303,0.6499959938997081,Bihar,Saran at Chapra
8004,civ_misc,2963,61.0,,0.7962701556950601,0.6382328204177256,0.5002685043946254,0.6194744998642353,0.6569911409712158,Bihar,Saran at Chapra
8004,civ_suit,11884,95.0,,0.9282421131190146,0.7843706417668228,0.6404505055202734,0.7761195849813626,0.792621698552283,Bihar,Saran at Chapra
8004,crim_magisterial,36521,24.0,79.0,0.632222104800509,0.3681622313546595,0.18766175863996867,0.36241798124376645,0.3739064814655525,Bihar,Saran at Chapra
8004,crim_sessions,8039,99.0,,0.8817233703029194,0.7506110643119044,0.6407365793142916,0.7399237418084973,0.7612983868153115,Bihar,Saran at Chapra
8004,other,37782,1.0,13.0,0.10344127957936362,0.04389094931617288,0.022977476283323806,0.04160851981797632,0.046173378814369434,Bihar,Saran at Chapra
8005,civ_execution,313,68.0,,0.9362190525048686,0.7703787977098844,0.6173353693050418,0.7128159508003393,0.8279416446194294,Bihar,Katihar
8005,civ_family,4478,14.0,48.0,0.5453347293668673,0.16119843270230994,0.06216609144833078,0.1487046144547228,0.17369225094989707,Bihar,Katihar
8005,civ_mact,515,86.0,,0.9379880963906715,0.7484436580442542,0.6640484281452969,0.7067931924281563,0.790094123660352,Bihar,Katihar
8005,civ_misc,1176,61.0,,0.8692891381089117,0.6444338366737831,0.5023911210848079,0.6127085600176146,0.6761591133299515,Bihar,Katihar
8005,civ_suit,4165,89.0,,0.9652480516964212,0.8717674737141143,0.7684306321167689,0.860838122108561,0.8826968253196676,Bihar,Katihar
8005,crim_bail,21966,0.0,3.0,0.00864925201887861,0.001156317114823343,0.00044600803000328953,0.0007033755162023754,0.0016092587134443103,Bihar,Katihar
8005,crim_magisterial,60781,68.0,,0.8368619765457153,0.6978543101412922,0.5469961518284051,0.6938381213724918,0.7018704989100926,Bihar,Katihar
8005,crim_sessions,4010,78.0,,0.9276619624156759,0.7519944072143581,0.610650409941153,0.7369307023334296,0.7670581120952865,Bihar,Katihar
8005,other,11494,28.0,104.0,0.7043277266137369,0.4323542134613444,0.30153047051483284,0.4204705090243715,0.4442379178983173,Bihar,Katihar
8006,civ_execution,553,57.0,105.0,0.8670635427568347,0.6351665187553587,0.4829864383854593,0.5926160815472136,0.6777169559635038,Bihar,Begusarai
8006,civ_family,1632,24.0,63.0,0.7542999645457946,0.29518708912446034,0.11556489990706487,0.26989352314838794,0.32048065510053275,Bihar,Begusarai
8006,civ_mact,726,60.0,,0.9222362736676564,0.6815738050848482,0.4973936401908248,0.6436216233554591,0.7195259868142373,Bihar,Begusarai
8006,civ_misc,1629,33.0,,0.6690111827191794,0.4732325868346997,0.38020693616013884,0.44642727434482,0.5000378993245794,Bihar,Begusarai
8006,civ_suit,6013,57.0,,0.8726890094058446,0.6326491274519916,0.4684961269910438,0.619199806914236,0.6460984479897472,Bihar,Begusarai
8006,crim_bail,21554,1.0,3.0,0.0038267180387693387,0.00022538928269320052,,5.4876065285235965e-06,0.0004452909588578774,Bihar,Begusarai
8006,crim_magisterial,67936,55.0,,0.8408399170775993,0.6324214506609106,0.4627689550527266,0.6283806093685187,0.6364622919533025,Bihar,Begusarai
8006,crim_sessions,6347,72.0,,0.8801885411991426,0.7123625734879475,0.5674088097935285,0.6998640691223675,0.7248610778535275,Bihar,Begusarai
8006,other,8273,8.0,59.0,0.263265914455541,0.16506408468074887,0.09586643763690043,0.15641544568526666,0.17371272367623108,Bihar,Begusarai
8007,civ_family,1091,14.0,37.0,0.5513778197630691,0.1013289162826557,0.026316181507169273,0.07909221021997226,0.12356562234533913,Bihar,Banka
8007,civ_misc,556,53.0,,0.7320543700865543,0.55774714103466,0.4223163980480874,0.5107397266355076,0.6047545554338125,Bihar,Banka
8007,civ_suit,465,38.0,79.0,0.7967427905095649,0.5189263787236185,0.2026101013809118,0.47123020426022266,0.5666225531870143,Bihar,Banka
8007,crim_magisterial,9694,53.0,,0.799755718676445,0.6222011274235758,0.44351609339880327,0.6097674457992741,0.6346348090478775,Bihar,Banka
8007,crim_sessions,3301,,,0.9524085263272449,0.8416939675812356,0.6956001964201627,0.8273759381573782,0.856011997005093,Bihar,Banka
8007,other,34753,70.0,,0.6705861332590892,0.5772315355391194,0.5176303596497588,0.5717240673509867,0.5827390037272522,Bihar,Banka
8009,civ_execution,497,46.0,,0.8627179580181831,0.6902974959706127,0.3721612660325693,0.6437965513494569,0.7367984405917686,Bihar,Purnea
8009,civ_family,1724,15.0,45.0,0.5819775945810658,0.15991885738038977,0.0408443316532703,0.14021901614114035,0.1796186986196392,Bihar,Purnea
8009,civ_mact,1113,29.0,104.0,0.7969819834063842,0.4126462788380873,0.24775964424941926,0.38069334552052114,0.44459921215565346,Bihar,Purnea
8009,civ_misc,1037,57.0,,0.8170633255839945,0.6430096579429275,0.4865704285788781,0.6107782940200297,0.6752410218658254,Bihar,Purnea
8009,civ_suit,3994,48.0,,0.8126732402703598,0.5817344804763607,0.43059095930715274,0.5650550864582121,0.5984138744945092,Bihar,Purnea
8009,crim_bail,13408,1.0,3.0,0.0015749263910703002,,,,,Bihar,Purnea
8009,crim_magisterial,62189,52.0,,0.8367601100782907,0.6222715362131325,0.44140105281615827,0.6181942800584155,0.6263487923678495,Bihar,Purnea
8009,crim_sessions,6758,87.0,,0.8942153320805213,0.7345416124937395,0.6004879351281108,0.7226145849792457,0.7464686400082333,Bihar,Purnea
8009,other,3664,26.0,66.0,0.7432597027091218,0.34493786473190663,0.1324696624963687,0.3270558964670629,0.36281983299675036,Bihar,Purnea
8010,civ_execution,768,82.0,,0.9497999821085222,0.8342580064271509,0.6442752165920117,0.8043978646355016,0.8641181482188002,Bihar,Motihari
8010,civ_family,1998,21.0,39.0,0.6657602861752256,0.1707072372793872,0.04692802104181736,0.14982928422396843,0.19158519033480595,Bihar,Motihari
8010,civ_mact,1074,31.0,,0.73411490225974,0.4665330659333086,0.33958073579416226,0.4326453255344411,0.5004208063321761,Bihar,Motihari
8010,civ_misc,1288,59.0,,0.8623031695503595,0.6792837436222474,0.497516792800808,0.6497293265390911,0.7088381607054037,Bihar,Motihari
8010,civ_suit,9706,65.0,,0.8997220668439349,0.7529563680461961,0.532557190682986,0.7436127622451582,0.7622999738472341,Bihar,Motihari
8010,crim_bail,26481,1.0,3.0,0.0003355945406905767,9.588415448302195e-05,4.7942077241510974e-05,0.0,0.00022793691787117976,Bihar,Motihari
8010,crim_magisterial,75484,93.0,,0.8451611893348376,0.7471192994381565,0.6393792381100158,0.7435290826878326,0.7507095161884804,Bihar,Motihari
8010,crim_sessions,6289,,,0.9380303017923532,0.8594759124854018,0.7876750862113499,0.849256778208197,0.8696950467626066,Bihar,Motihari
8010,other,5101,35.0,,0.7999690096740633,0.464768531126543,0.25651550147145713,0.44925672321767607,0.4802803390354099,Bihar,Motihari
8011,civ_execution,318,77.0,,0.9480068142464376,0.7328640236070035,0.605293121639379,0.6802753949486803,0.7854526522653268,Bihar,Munger
8011,civ_family,1992,14.0,39.0,0.5375863210294947,0.12291096334684463,0.021457480392671195,0.1056165502162179,0.1402053764774714,Bihar,Munger
8011,civ_mact,485,51.0,,0.9283801976962954,0.6532071676493058,0.39733055069026174,0.606701574598699,0.6997127606999125,Bihar,Munger
8011,civ_misc,568,79.0,,0.7621927757530638,0.6401727962012329,0.5590119015511907,0.5984522756244011,0.6818933167780648,Bihar,Munger
8011,civ_suit,2877,105.0,,0.9439015474926039,0.8292730004279457,0.7132246214154743,0.813595232385215,0.8449507684706764,Bihar,Munger
8011,crim_bail,10531,1.0,2.0,0.0019062060496510987,,,,,Bihar,Munger
8011,crim_magisterial,35065,77.0,,0.8235617320097723,0.6665394189097975,0.5591878906653202,0.6609780584798108,0.6721007793397842,Bihar,Munger
8011,crim_sessions,3824,78.0,,0.7833296695681352,0.6584858807734071,0.5458110556049486,0.6416894679640452,0.6752822935827689,Bihar,Munger
8011,other,2550,24.0,,0.6707378468733779,0.3737021551738151,0.227387814039441,0.3522004550136682,0.395203855333962,Bihar,Munger
8012,civ_execution,593,85.0,,0.9220180275048757,0.7535292345299304,0.6255718822028267,0.7125416587981039,0.7945168102617568,Bihar,Madhepura
8012,civ_family,690,17.0,56.0,0.6222834078921201,0.21385066517127962,0.07999596949284596,0.1782003948749515,0.24950093546760774,Bihar,Madhepura
8012,civ_mact,211,53.0,97.0,0.9463126048404056,0.6783462764690018,0.42183305621302036,0.6100117518047888,0.7466808011332148,Bihar,Madhepura
8012,civ_misc,584,62.0,,0.9017679978716621,0.7454663892175113,0.5173714807410152,0.7060234721178605,0.784909306317162,Bihar,Madhepura
8012,civ_suit,4780,63.0,,0.9072217426206153,0.7219544954625646,0.5188070162041714,0.7074123658771735,0.7364966250479558,Bihar,Madhepura
8012,crim_bail,9452,0.0,1.0,0.0007437624755030612,0.00010625178221472304,0.00010625178221472304,0.0,0.00031449234877098836,Bihar,Madhepura
8012,crim_magisterial,30667,85.0,,0.8817921138628447,0.7608844390063048,0.6231483148374176,0.7554576604372517,0.7663112175753578,Bihar,Madhepura
8012,crim_sessions,2840,80.0,,0.9061621037373034,0.7666611955322766,0.6223736997150955,0.7477130604775224,0.7856093305870309,Bihar,Madhepura
8012,other,3129,6.0,64.0,0.4152703957655632,0.20201274523547919,0.11121623212006293,0.18598422066887654,0.21804126980208183,Bihar,Madhepura
8013,civ_execution,635,98.0,,0.9446458467147472,0.8221095479065751,0.6391583043906267,0.7869687558742483,0.8572503399389019,Bihar,Rohtas Sasaram
8013,civ_family,3171,29.0,79.0,0.820308806701968,0.401392670411646,0.18494424902310025,0.3816566600363486,0.4211286807869434,Bihar,Rohtas Sasaram
8013,civ_mact,1418,49.0,,0.9366552055875066,0.6564598262959075,0.42568280247610224,0.629686525650851,0.6832331269409639,Bihar,Rohtas Sasaram
8013,civ_misc,3869,46.0,,0.7917128125978418,0.5823568407064158,0.4051952976349233,0.5654500160722107,0.5992636653406209,Bihar,Rohtas Sasaram
8013,civ_suit,12772,52.0,,0.8202291503886054,0.6117706163145088,0.456187664429787,0.6023639564439988,0.6211772761850188,Bihar,Rohtas Sasaram
8013,crim_bail,3007,1.0,2.0,0.0004113386102996426,0.0004113386102996426,,0.0,0.001214927285015537,Bihar,Rohtas Sasaram
8013,crim_magisterial,76148,72.0,,0.8419690382058567,0.6541661875200677,0.5507393048618017,0.6503263956513431,0.6580059793887924,Bihar,Rohtas Sasaram
8013,crim_sessions,5870,99.0,,0.9291094514113986,0.7981552411227756,0.6671776360896248,0.7864737267339692,0.809836755511582,Bihar,Rohtas Sasaram
8013,other,6822,1.0,52.0,0.16062516924933426,0.1188016991728251,0.08882776984010098,0.11055561597316063,0.12704778237248956,Bihar,Rohtas Sasaram
8014,civ_execution,286,98.0,,0.8580931938185584,0.7360133481659823,0.6070610490281664,0.6815617968426422,0.7904648994893224,Bihar,Khagaria
8014,civ_family,807,22.0,68.0,0.7315266360095612,0.32936038547397906,0.13373552421152396,0.2908348476797773,0.3678859232681808,Bihar,Khagaria
8014,civ_mact,353,56.0,,0.938412492761315,0.7167312244544857,0.46132686523038957,0.6657715568475105,0.7676908920614608,Bihar,Khagaria
8014,civ_misc,350,77.0,,0.9291901616942078,0.7495139250380625,0.5477079580767645,0.6933567682725157,0.8056710818036092,Bihar,Khagaria
8014,civ_suit,2078,,,0.9227537498682418,0.8152803227258779,0.6511738555633279,0.7964696160424808,0.834091029409275,Bihar,Khagaria
8014,crim_bail,10747,0.0,1.0,0.0004734805597116627,0.00037878444776933014,0.0002840883358269976,7.701922805500078e-06,0.0007498669727331602,Bihar,Khagaria
8014,crim_magisterial,28468,90.0,,0.8660192451140172,0.7053827373105834,0.5980457055170386,0.6994714046753205,0.7112940699458463,Bihar,Khagaria
8014,crim_sessions,1979,86.0,,0.9525905584493836,0.8225157554085856,0.6497735639654468,0.8006463925410183,0.8443851182761528,Bihar,Khagaria
8014,other,1774,31.0,,0.7486605932210931,0.4352318860785122,0.22540132632405796,0.4053384646395525,0.46512530751747194,Bihar,Khagaria
8015,civ_family,2323,23.0,,0.7236900988295972,0.2871491480388712,0.16559271880928672,0.26338290474467,0.3109153913330724,Bihar,Jamui
8015,civ_mact,358,67.0,,0.9526502839376624,0.7365556742691901,0.5405271902170886,0.683124809075993,0.7899865394623872,Bihar,Jamui
8015,civ_misc,789,86.0,,0.8686234324224879,0.7406137636255472,0.5955077737132799,0.7055408367062468,0.7756866905448476,Bihar,Jamui
8015,civ_suit,2437,,,0.9652243803019555,0.8732889980257709,0.8068765654701014,0.857931890702647,0.8886461053488948,Bihar,Jamui
8015,crim_bail,6428,1.0,4.0,0.008146175665691799,0.00569547744021477,0.0046275754201745,0.003506291081968783,0.007884663798460758,Bihar,Jamui
8015,crim_magisterial,36808,104.0,,0.9053492428273456,0.7817033592866377,0.6964514232750405,0.7769103871456172,0.7864963314276582,Bihar,Jamui
8015,crim_sessions,3518,85.0,,0.9594458992960289,0.842393790912644,0.6882756557860619,0.8287806143257995,0.8560069674994885,Bihar,Jamui
8015,other,432,72.0,,0.9641774568224507,0.7102474938588609,0.5591410002340409,0.663029512725596,0.7574654749921258,Bihar,Jamui
8016,civ_family,1258,23.0,74.0,0.7500854582789181,0.2985047777371747,0.14835083443982283,0.2666470982110009,0.3303624572633485,Bihar,Aurangabad
8016,civ_misc,1647,53.0,,0.7779974435290177,0.5930332720541247,0.4177896022982963,0.567299214410678,0.6187673296975714,Bihar,Aurangabad
8016,civ_suit,1747,43.0,89.0,0.8466584848051847,0.6003393958011318,0.25906259412759236,0.5763874931445793,0.6242912984576844,Bihar,Aurangabad
8016,crim_bail,12932,1.0,2.0,0.0005469470418875897,9.11578403145983e-05,,0.0,0.0002689944144631223,Bihar,Aurangabad
8016,crim_magisterial,19331,40.0,92.0,0.7703665789148867,0.5323978069191446,0.30770977030906427,0.5248134891010263,0.5399821247372629,Bihar,Aurangabad
8016,crim_sessions,4750,,,0.9258168657091378,0.7983593559875367,0.6959697521810472,0.7850152939848462,0.8117034179902273,Bihar,Aurangabad
8016,other,2392,39.0,,0.8557834949273356,0.5266116536726703,0.31803701854619404,0.503426690280705,0.5497966170646356,Bihar,Aurangabad
8017,civ_execution,461,78.0,,0.9151976197561189,0.7343532813871855,0.6053020995946672,0.684650899148906,0.784055663625465,Bihar,Darbhanga
8017,civ_family,1877,24.0,75.0,0.7730096703184733,0.3227601882938096,0.16433912556201347,0.2980171299888836,0.3475032465987356,Bihar,Darbhanga
8017,civ_mact,1045,58.0,,0.8747409953329724,0.6435967359439575,0.47574995755248733,0.6119317878531022,0.6752616840348128,Bihar,Darbhanga
8017,civ_misc,7616,0.0,17.0,0.10858597059481218,0.07255221045390231,0.05771714512456204,0.06658377477348584,0.07852064613431878,Bihar,Darbhanga
8017,civ_suit,7342,76.0,,0.9312773858818358,0.7975163467319759,0.6201875231806403,0.7871455460897521,0.8078871473741998,Bihar,Darbhanga
8017,crim_bail,21418,1.0,2.0,0.001236019954924794,,,,,Bihar,Darbhanga
8017,crim_magisterial,72308,66.0,,0.8601153082654206,0.6898509977520981,0.5372427585400585,0.6860984084479161,0.6936035870562801,Bihar,Darbhanga
8017,crim_sessions,4964,83.0,,0.826004641814568,0.6899019283988435,0.5796301209867051,0.675656257944088,0.7041475988535989,Bihar,Darbhanga
8017,other,5420,48.0,,0.8644895800824195,0.6020670793443288,0.4220366024249862,0.5871907284485969,0.6169434302400607,Bihar,Darbhanga
8018,civ_execution,290,70.0,,0.9662642048358292,0.6341766621891273,0.545619613427675,0.5642599342773754,0.7040933901008791,Bihar,Madhubani
8018,civ_family,1876,34.0,84.0,0.8224877354056501,0.46278838898632607,0.20609652654313335,0.4358144946832552,0.4897622832893969,Bihar,Madhubani
8018,civ_mact,324,88.0,,0.9840096809909921,0.8182823063881008,0.6059007647848315,0.7734612026252264,0.8631034101509752,Bihar,Madhubani
8018,civ_misc,1289,56.0,,0.8566800223337835,0.6564106117002549,0.4859684401697363,0.6281974780272023,0.6846237453733076,Bihar,Madhubani
8018,civ_suit,5451,41.0,,0.88564015666269,0.5670688886840656,0.33452553814328884,0.5526825112201437,0.5814552661479875,Bihar,Madhubani
8018,crim_bail,15732,1.0,10.0,0.0723404690990444,0.000923319457765122,0.00019235822036773378,0.0002966622445673995,0.0015499766709628445,Bihar,Madhubani
8018,crim_magisterial,73923,57.0,,0.869252093838071,0.6454662962225091,0.48028801192183684,0.641608481943269,0.6493241105017491,Bihar,Madhubani
8018,crim_sessions,4941,93.0,,0.9254799376732259,0.8051082499700779,0.6793913715489219,0.7929552989095144,0.8172612010306414,Bihar,Madhubani
8018,other,3559,54.0,,0.9149787646633427,0.6506550813314759,0.44633115597165657,0.632334172508339,0.6689759901546127,Bihar,Madhubani
8019,civ_execution,214,98.0,,0.8949180302397288,0.6515472080993112,0.5738551085662645,0.5804409165095987,0.7226534996890237,Bihar,Lakhisarai
8019,civ_family,522,27.0,71.0,0.7624741251803508,0.3566906135052572,0.13138711671172945,0.2992859799926962,0.41409524701781825,Bihar,Lakhisarai
8019,civ_misc,289,72.0,,0.7293042005053489,0.6658635022716985,0.5831763860953691,0.6099981003798156,0.7217289041635815,Bihar,Lakhisarai
8019,civ_suit,1555,,,0.9658113870238094,0.8830486049186403,0.7917797875181738,0.8650413800834983,0.9010558297537824,Bihar,Lakhisarai
8019,crim_bail,7546,0.0,2.0,0.003119489421604124,0.0003899361777005155,,0.0,0.0010403456055802947,Bihar,Lakhisarai
8019,crim_magisterial,22190,,,0.8918604559391246,0.773990932500474,0.6781998232561219,0.7677939542846025,0.7801879107163455,Bihar,Lakhisarai
8019,crim_sessions,2708,81.0,,0.9285688752091656,0.8305810113570637,0.7030658758189433,0.8144915057318521,0.8466705169822754,Bihar,Lakhisarai
8019,other,573,62.0,,0.8647635270796686,0.6562300413726163,0.5166756551353672,0.6118623137689897,0.7005977689762429,Bihar,Lakhisarai
8020,civ_family,475,13.0,49.0,0.5012030951450551,0.18749911047391718,0.04874976872321847,0.14403144207388469,0.23096677887394967,Bihar,Sheikhpura
8020,civ_misc,432,29.0,,0.7005172978678487,0.4584999452731688,0.34877344057748094,0.4039054832434438,0.5130944073028938,Bihar,Sheikhpura
8020,civ_suit,972,52.0,,0.8560883218562624,0.6233868841089432,0.4401270399189025,0.5872585754574409,0.6595151927604455,Bihar,Sheikhpura
8020,crim_bail,3697,0.0,1.0,0.010819583446037328,0.0027048958615093315,0.0,0.0010306529676379437,0.004379138755380719,Bihar,Sheikhpura
8020,crim_magisterial,15660,61.0,,0.8612918110173471,0.675688074927425,0.5049444966532947,0.6667081987558497,0.6846679510990002,Bihar,Sheikhpura
8020,crim_sessions,1488,57.0,,0.8973698785224427,0.6644795535105189,0.48646604680629296,0.6307103039822904,0.6982488030387474,Bihar,Sheikhpura
8021,civ_execution,202,,,0.894980419169794,0.8030747314298686,0.8030747314298686,0.7248286635960619,0.8813207992636753,Bihar,Saharsa
8021,civ_family,934,22.0,69.0,0.7295569704784173,0.27929708324101543,0.11204881967633745,0.24537053815962143,0.31322362832240946,Bihar,Saharsa
8021,civ_misc,416,52.0,,0.7398031577953487,0.5556632757006448,0.43758946700958723,0.5045487925399045,0.6067777588613851,Bihar,Saharsa
8021,civ_suit,3575,,,0.9516886689314025,0.8592077169573717,0.7617547818442324,0.8458314351338185,0.872583998780925,Bihar,Saharsa
8021,crim_bail,9516,1.0,2.0,0.002137345390213274,0.0017098763121706196,0.001519890055262773,0.000796448532155549,0.0026233040921856904,Bihar,Saharsa
8021,crim_magisterial,39201,,,0.8874269257126347,0.7838662519374893,0.7088656586765566,0.7794077041760558,0.7883247996989228,Bihar,Saharsa
8021,crim_sessions,2527,102.0,,0.9171593827147514,0.8039605517262793,0.7007347062147825,0.7861192740898424,0.8218018293627163,Bihar,Saharsa
8021,other,2668,38.0,,0.8522857457174241,0.5074096355664578,0.31836589764559686,0.48281589355009497,0.5320033775828207,Bihar,Saharsa
8022,civ_family,444,31.0,,0.7666011514021542,0.4456480700318446,0.2785157759513313,0.3791447112126735,0.5121514288510156,Bihar,Supaul
8022,civ_mact,280,42.0,78.0,0.8606721596882154,0.5708557768780539,0.22129642054038134,0.5014753363776718,0.640236217378436,Bihar,Supaul
8022,civ_misc,489,85.0,,0.9549838970965656,0.7856765770715614,0.6529878411230854,0.7416073114130398,0.8297458427300829,Bihar,Supaul
8022,civ_suit,3410,,,0.9742876849854537,0.8922638562833682,0.7843224782523851,0.880363160152591,0.9041645524141455,Bihar,Supaul
8022,crim_bail,4331,1.0,2.0,0.0017270673366767922,0.0017270673366767922,0.0017270673366767922,0.00028505133422155856,0.003169083339132026,Bihar,Supaul
8022,crim_magisterial,33737,106.0,,0.9111875207026913,0.7965186628432442,0.6944565875711419,0.7918169045157921,0.8012204211706964,Bihar,Supaul
8022,crim_sessions,2419,68.0,,0.9294366398122018,0.7568076259315759,0.5605322256762179,0.7343004484730555,0.7793148033900963,Bihar,Supaul
8022,other,1101,49.0,,0.8232588769220237,0.5974432761350992,0.4720647450226557,0.5640041159100713,0.6308824363601271,Bihar,Supaul
8023,civ_execution,511,73.0,,0.9658788874480767,0.7836373435455312,0.6039686541794045,0.7442422902089618,0.8230323968821005,Bihar,Gopalganj
8023,civ_family,1623,22.0,58.0,0.7062442652488061,0.2636818085401825,0.08843587505462722,0.23939652181113558,0.2879670952692295,Bihar,Gopalganj
8023,civ_misc,1108,83.0,,0.9031069239353005,0.7491488765786818,0.6262880652396212,0.7218020522253763,0.7764957009319873,Bihar,Gopalganj
8023,civ_suit,9653,82.0,,0.9106351400177453,0.771536575592992,0.6267516622962362,0.7621982394987517,0.7808749116872324,Bihar,Gopalganj
8023,crim_bail,19729,1.0,2.0,0.001477009335283034,0.0006111762766688418,,0.0002654831460213511,0.0009568694073163324,Bihar,Gopalganj
8023,crim_magisterial,70146,58.0,,0.7552637411226626,0.6033574012287956,0.49043660571467146,0.599361875658622,0.6073529267989691,Bihar,Gopalganj
8023,crim_sessions,4300,77.0,,0.8782621341804941,0.7356491721670706,0.6050239650345818,0.7205012061088342,0.750797138225307,Bihar,Gopalganj
8023,other,6907,34.0,,0.7559407723290256,0.4741169500005824,0.2962796685854467,0.46043871154019345,0.48779518846097136,Bihar,Gopalganj
8024,civ_family,1199,14.0,34.0,0.5542751948739557,0.07695525209718108,,0.04915862245237535,0.10475188174198682,Bihar,Araria
8024,civ_misc,458,51.0,107.0,0.8655467777575215,0.6482019064981231,0.40120911557135247,0.595167115105631,0.7012366978906153,Bihar,Araria
8024,civ_suit,4452,63.0,,0.9328353191388682,0.7230690502267965,0.5171015543195724,0.7081206856193981,0.7380174148341948,Bihar,Araria
8024,crim_bail,12636,0.0,1.0,0.003304186261363612,,,,,Bihar,Araria
8024,crim_magisterial,52470,63.0,,0.8391306544121088,0.6401737111947011,0.5111685301652047,0.635504538497475,0.6448428838919272,Bihar,Araria
8024,crim_sessions,5315,86.0,,0.9352962525072759,0.8011477682637074,0.6798983052732905,0.7889153334367555,0.8133802030906593,Bihar,Araria
8024,other,3285,17.0,97.0,0.625173835478654,0.3169163213233646,0.22273688932656494,0.2984658816913297,0.3353667609553995,Bihar,Araria
8025,civ_family,346,12.0,31.0,0.46979180745096827,0.0821469983379657,0.01760292821527836,0.04421170642610499,0.1200822902498264,Bihar,Kishanganj
8025,civ_misc,276,37.0,90.0,0.7604129819975993,0.5014971406572502,0.3164532613988846,0.4338650480011321,0.5691292333133682,Bihar,Kishanganj
8025,civ_suit,971,83.0,,0.937798985011604,0.7890809491095921,0.6552652994721808,0.7593456760154554,0.8188162222037288,Bihar,Kishanganj
8025,crim_bail,4779,1.0,3.0,0.023954184473711657,0.00042775329417342234,,0.0,0.001020438427128806,Bihar,Kishanganj
8025,crim_magisterial,22362,45.0,,0.7489619781899896,0.5487185775601253,0.428400036503031,0.5412926416869894,0.5561445134332612,Bihar,Kishanganj
8025,crim_sessions,2055,69.0,,0.8892550890811147,0.713159011854049,0.5504901861856196,0.6907075665401656,0.7356104571679323,Bihar,Kishanganj
8025,other,1008,16.0,55.0,0.6162461580743337,0.14938232353561798,0.07716400522819036,0.11969360998292686,0.1790710370883091,Bihar,Kishanganj
8026,civ_execution,343,87.0,,0.9260003406412183,0.791426853027597,0.5620623260129822,0.7422250601484045,0.8406286459067894,Bihar,Buxar
8026,civ_family,1197,42.0,77.0,0.9508262147989525,0.5895588787482953,0.21020491956465379,0.551938702950963,0.6271790545456275,Bihar,Buxar
8026,civ_misc,1626,74.0,,0.9329141898984427,0.7785111533058016,0.6001657706802132,0.7564216958133624,0.8006006107982407,Bihar,Buxar
8026,civ_suit,6500,94.0,,0.8879139988786189,0.7535374792070461,0.6260717200691944,0.7417812192731001,0.765293739140992,Bihar,Buxar
8026,crim_bail,9693,0.0,2.0,0.0069946711174074345,,,,,Bihar,Buxar
8026,crim_magisterial,42658,68.0,,0.8231841277657082,0.6534573724068279,0.5257681654189804,0.6482702290158451,0.6586445157978107,Bihar,Buxar
8026,crim_sessions,3498,88.0,,0.9063836364521836,0.7480826766642955,0.6325476742570317,0.7315371162803426,0.7646282370482484,Bihar,Buxar
8026,other,3625,58.0,,0.9075357923598185,0.6992738326899938,0.48201615013423565,0.6815487347683978,0.7169989306115897,Bihar,Buxar
8027,civ_family,2080,20.0,50.0,0.7463857339416365,0.20861348162259513,0.05655020182900654,0.18897501436222894,0.22825194888296133,Bihar,Nawada
8027,civ_misc,640,47.0,,0.9180018908909457,0.6643403785693652,0.3573000317580413,0.6220559894968475,0.706624767641883,Bihar,Nawada
8027,civ_suit,1396,39.0,79.0,0.8403018298754668,0.524766943970361,0.23200186542595794,0.49746852210588804,0.552065365834834,Bihar,Nawada
8027,crim_bail,12769,1.0,2.0,0.00014647443680260508,0.00014647443680260508,,0.0,0.0004307523470614933,Bihar,Nawada
8027,crim_magisterial,20765,28.0,80.0,0.7200258102854371,0.4009288572748979,0.19803153778433033,0.39239077877921386,0.40946693577058196,Bihar,Nawada
8027,crim_sessions,4449,102.0,,0.9148473736154263,0.788393474475229,0.6747977384602758,0.7729795307779218,0.8038074181725362,Bihar,Nawada
8027,other,2397,35.0,91.0,0.8126273697381832,0.48597210935816826,0.25132100399153023,0.4624949677576046,0.5094492509587318,Bihar,Nawada
8028,civ_execution,427,96.0,,0.9147905757207242,0.8086372691989505,0.6720979396209881,0.7625920888931256,0.8546824495047755,Bihar,Bettiah
8028,civ_family,2909,17.0,57.0,0.6231275368613115,0.2321776981647067,0.08489900195622577,0.21446875211929484,0.24988664421011858,Bihar,Bettiah
8028,civ_misc,2127,41.0,,0.7275595296877245,0.5317822709029477,0.392765254402348,0.5080030144908185,0.5555615273150769,Bihar,Bettiah
8028,civ_suit,7489,92.0,,0.8697768198379907,0.7041424967494084,0.5894751816490232,0.691936466376704,0.7163485271221128,Bihar,Bettiah
8028,crim_bail,27047,1.0,4.0,0.0218538112005934,0.007261784369107006,0.006598751883232018,0.00545654625115647,0.009067022487057541,Bihar,Bettiah
8028,crim_magisterial,70872,,,0.8940458319131713,0.8070466661459537,0.7486987041165698,0.8037427797071243,0.8103505525847831,Bihar,Bettiah
8028,crim_sessions,5958,81.0,,0.9027334423047767,0.7140990206627038,0.5881033776045831,0.6997843470894749,0.7284136942359327,Bihar,Bettiah
8028,other,7488,19.0,104.0,0.576062770196452,0.3512202108013701,0.23602968333551552,0.33820257919488617,0.36423784240785406,Bihar,Bettiah
8029,civ_execution,615,,,0.9032204423838792,0.7939933869830392,0.6610972227387392,0.7579142795620112,0.8300724944040673,Bihar,Siwan
8029,civ_family,1960,35.0,73.0,0.8355723657104964,0.47903918350983055,0.2068228356493197,0.4537350894237416,0.5043432775959195,Bihar,Siwan
8029,civ_mact,212,57.0,,0.9218736959906447,0.6808997120400988,0.46563912949030595,0.6107808544241624,0.7510185696560352,Bihar,Siwan
8029,civ_misc,3009,36.0,,0.5939227171020345,0.4999939942221839,0.40431037982276125,0.481337640008226,0.5186503484361418,Bihar,Siwan
8029,civ_suit,10673,103.0,,0.9044224729577881,0.7822935566829086,0.67741809542675,0.7735875778887956,0.7909995354770215,Bihar,Siwan
8029,crim_bail,14118,1.0,4.0,0.005627564963760393,0.0019283660017938643,0.0007231372506726991,0.0010097605338692545,0.002846971469718474,Bihar,Siwan
8029,crim_magisterial,67531,106.0,,0.8958509759947002,0.8163175257958918,0.7401267007383258,0.8130122327580858,0.8196228188336978,Bihar,Siwan
8029,crim_sessions,3865,103.0,,0.9327441951417235,0.7997044903050612,0.6726712589079253,0.7850716720582669,0.8143373085518555,Bihar,Siwan
8029,other,6287,57.0,,0.9103213365493981,0.6811103943666295,0.46456574027171654,0.6675608223216384,0.6946599664116205,Bihar,Siwan
8030,civ_execution,502,,,0.9508363305266666,0.7616975749020125,0.7034914883995859,0.7174409710129338,0.8059541787910912,Bihar,Nalanda
8030,civ_family,986,,,0.9641606496573539,0.8739460426939102,0.8220880870044783,0.8412793459932406,0.9066127393945798,Bihar,Nalanda
8030,civ_mact,426,,,0.9951396033632526,0.9812612421434193,0.9310744860294294,0.9661715784333145,0.996350905853524,Bihar,Nalanda
8030,civ_misc,645,103.0,,0.8442145154778724,0.7861349350860304,0.723508944240722,0.7506655063478205,0.8216043638242403,Bihar,Nalanda
8030,civ_suit,4217,,,0.9422940109659274,0.7404043580263613,0.681962685199169,0.7255865558955104,0.7552221601572122,Bihar,Nalanda
8030,crim_bail,6330,1.0,2.0,0.017822113604141942,0.0009765541700899696,,2.3916492922812288e-05,0.001929191847257127,Bihar,Nalanda
8030,crim_magisterial,57289,,,0.957983743188018,0.8910648879238735,0.8249754828624518,0.8881697508493628,0.8939600249983842,Bihar,Nalanda
8030,crim_sessions,5670,,,0.9660720098437944,0.9191516617281812,0.8745873904149416,0.9111011168040727,0.9272022066522897,Bihar,Nalanda
8030,other,1046,,,0.9602705141952054,0.8952571464512359,0.8396598175432504,0.8716156517432228,0.918898641159249,Bihar,Nalanda
8031,civ_execution,715,34.0,,0.9338401925855141,0.4669976697242077,0.3137167994084841,0.4215897194132704,0.512405620035145,Bihar,Sitamarhi
8031,civ_family,1350,17.0,54.0,0.628819191951528,0.20870698208549948,0.07501133439568843,0.1823223317640053,0.23509163240699366,Bihar,Sitamarhi
8031,civ_mact,703,47.0,,0.939998885838311,0.6440579998756247,0.3608831108265028,0.6026551650129492,0.6854608347383002,Bihar,Sitamarhi
8031,civ_misc,595,75.0,,0.8881236178848158,0.7315015484355116,0.5602527743693534,0.6925437429611033,0.7704593539099199,Bihar,Sitamarhi
8031,civ_suit,5200,76.0,,0.9200958814131844,0.7835684398417715,0.5986161277590313,0.7710779613236197,0.7960589183599233,Bihar,Sitamarhi
8031,crim_bail,20584,1.0,2.0,0.002818844626265103,0.0026020104242447106,0.0026020104242447106,0.0015182170061686989,0.0036858038423207224,Bihar,Sitamarhi
8031,crim_magisterial,48445,102.0,,0.8869321976738265,0.8020883232570802,0.704417088594522,0.7980201323431045,0.8061565141710559,Bihar,Sitamarhi
8031,crim_sessions,3563,80.0,,0.8850983518848258,0.7235891285745344,0.5839869382081702,0.707129845338025,0.7400484118110437,Bihar,Sitamarhi
8031,other,2076,31.0,95.0,0.8050486506068987,0.4356052309322191,0.2501604247155491,0.4107161786444848,0.4604942832199534,Bihar,Sitamarhi
8033,civ_execution,444,,,1.0,0.9935334259561949,0.9514208651475634,0.9844850138458706,1.0,Bihar,Bhojpur
8033,civ_family,1604,,,0.998463381187134,0.9881007028283841,0.9839446076026382,0.9812621490235274,0.9949392566332409,Bihar,Bhojpur
8033,civ_mact,302,,,1.0,0.9955947136563876,0.9734211769451389,0.986979391831377,1.0,Bihar,Bhojpur
8033,civ_misc,996,,,0.9968024939523611,0.9722560866490884,0.9244332477363864,0.9604222703136058,0.9840899029845709,Bihar,Bhojpur
8033,civ_suit,7320,,,0.9936794529998253,0.9762354832012268,0.9519220211567988,0.9720208129385282,0.9804501534639254,Bihar,Bhojpur
8033,crim_bail,3263,1.0,2.0,0.002028026016380116,,,,,Bihar,Bhojpur
8033,crim_magisterial,39397,,,0.9927755920385515,0.9856336495184936,0.9779637299331405,0.9842516719281494,0.9870156271088378,Bihar,Bhojpur
8033,crim_sessions,3284,,,0.9944005003047242,0.9807750058709477,0.9503507517963143,0.9753163407862331,0.9862336709556623,Bihar,Bhojpur
8033,other,2215,,,0.9712002114287038,0.9544093046059495,0.9188567146710992,0.9448302698648555,0.9639883393470435,Bihar,Bhojpur
8034,civ_execution,899,109.0,,0.948720419713241,0.8530091354168461,0.7587642828723348,0.8245814731477924,0.8814367976858998,Bihar,Bhagalpur
8034,civ_family,912,56.0,107.0,0.8323100087055934,0.6662474125090393,0.4535664869109413,0.6264488136251462,0.7060460113929324,Bihar,Bhagalpur
8034,civ_mact,1045,106.0,,0.9610638571258535,0.8702078080196017,0.7300281816553796,0.8455132006333,0.8949024154059034,Bihar,Bhagalpur
8034,civ_misc,1704,,,0.9286900158402125,0.837544702426067,0.7422086941811594,0.8170627085905955,0.8580266962615386,Bihar,Bhagalpur
8034,civ_suit,7781,,,0.9823446527259104,0.9408357001529499,0.8749769110784607,0.9345583975528224,0.9471130027530774,Bihar,Bhagalpur
8034,crim_bail,3709,0.0,2.0,0.014451145783556937,0.01264475256061232,0.01264475256061232,0.008162340894678932,0.017127164226545706,Bihar,Bhagalpur
8034,crim_magisterial,32756,,,0.9727244090659427,0.9346173889296373,0.8953662087219836,0.9314741399180086,0.937760637941266,Bihar,Bhagalpur
8034,crim_sessions,8201,,,0.9889137200732883,0.9602981276224438,0.9172912276278702,0.9548070384122845,0.9657892168326031,Bihar,Bhagalpur
8034,other,17360,101.0,,0.9604808436244651,0.8647241152648445,0.7416959882445416,0.8585053438668142,0.8709428866628748,Bihar,Bhagalpur
8035,civ_execution,502,106.0,,0.9925340626483751,0.9481499122469285,0.8180021691557698,0.9149764701999179,0.981323354293939,Bihar,Gaya
8035,civ_family,2225,,,0.9975122859225092,0.9839723465765182,0.9688939370083528,0.9769249923638933,0.9910197007891431,Bihar,Gaya
8035,civ_mact,806,,,0.9902475576218732,0.9551154340989303,0.9336511517615103,0.9365072576367215,0.9737236105611391,Bihar,Gaya
8035,civ_misc,1452,,,0.9831207305069136,0.9729192809457888,0.9621112373634217,0.9637630489187371,0.9820755129728406,Bihar,Gaya
8035,civ_suit,7215,,,0.9947145360182031,0.9822650047632194,0.9436156290230424,0.9785287935150352,0.9860012160114037,Bihar,Gaya
8035,crim_bail,7933,1.0,5.0,0.08688658090136876,0.08688658090136876,0.04344329045068438,0.07984989478788582,0.09392326701485171,Bihar,Gaya
8035,crim_magisterial,45261,,,0.9828628815846937,0.9713716447713848,0.9589718576587031,0.9696555668413435,0.9730877227014262,Bihar,Gaya
8035,crim_sessions,6646,,,0.9948010901428108,0.9875041754653813,0.9781272403244304,0.9843570134375762,0.9906513374931863,Bihar,Gaya
8035,other,4286,,,0.999287234581636,0.995357756189756,0.9944063322331052,0.9930759248438971,0.9976395875356149,Bihar,Gaya
8036,civ_family,336,,,0.9435211854635418,0.6014131733549495,0.5512954089087037,0.47919704446060213,0.7236293022492969,Bihar,Jehanabad
8036,civ_misc,400,,,0.994315061856003,0.9733415322200982,0.9315503388886622,0.953336523400696,0.9933465410395005,Bihar,Jehanabad
8036,civ_suit,1878,,,0.9911464475183737,0.9587174119039741,0.922197944219904,0.9473842551739544,0.9700505686339937,Bihar,Jehanabad
8036,crim_bail,2292,1.0,3.0,,,,,,Bihar,Jehanabad
8036,crim_magisterial,22585,,,0.9888038627242651,0.9744711812543353,0.9601267717185652,0.9720622146032795,0.9768801479053911,Bihar,Jehanabad
8036,crim_sessions,2988,,,0.9917518841212334,0.9672280653413828,0.9437508345029894,0.9591903195082772,0.9752658111744885,Bihar,Jehanabad
8036,other,981,,,0.9732190504407551,0.9197273780775143,0.8903240941727286,0.8974983098969673,0.9419564462580612,Bihar,Jehanabad
8037,civ_suit,529,,,0.9919555164489258,0.9607050702861442,0.9431373141000482,0.940939083031409,0.9804710575408793,Bihar,Sheohar
8037,crim_magisterial,5091,,,0.9821625414587274,0.9507828316311792,0.9085040498325988,0.9432019226370013,0.958363740625357,Bihar,Sheohar
8037,crim_sessions,480,,,0.9899925476447672,0.9483099665082999,0.8856222068742495,0.9202927250509312,0.9763272079656686,Bihar,Sheohar
8038,civ_execution,778,,,0.9957544310850118,0.9732819728431142,0.9380900600966164,0.9602825081090915,0.9862814375771369,Bihar,Muzaffarpur
8038,civ_family,1124,86.0,,0.9163650405627685,0.7652597600583514,0.7010878730957325,0.7267357419919285,0.8037837781247743,Bihar,Muzaffarpur
8038,civ_mact,1523,,,0.9809538923889333,0.900016642093834,0.8367223756465526,0.8795103913935651,0.9205228927941029,Bihar,Muzaffarpur
8038,civ_misc,1370,,,0.9910747460530825,0.9609106256884297,0.9325292835954406,0.9480857081729614,0.9737355432038979,Bihar,Muzaffarpur
8038,civ_suit,812,,,0.9849326419571407,0.9785232721699662,0.931154746237207,0.9680165702365929,0.9890299741033394,Bihar,Muzaffarpur
8038,crim_bail,3527,1.0,3.0,0.01635116102391276,0.01635116102391276,,0.006423299921578472,0.026279022126247047,Bihar,Muzaffarpur
8038,crim_magisterial,70500,,,0.9880320724480787,0.9672510327041205,0.9453864070979645,0.9657135225847628,0.9687885428234781,Bihar,Muzaffarpur
8038,crim_sessions,12335,,,0.9924581808938657,0.9777739080480917,0.9625342981394689,0.9744789043720038,0.9810689117241796,Bihar,Muzaffarpur
8038,other,8461,,,0.9934051296597036,0.9684156846226655,0.93512200283855,0.9638312485107493,0.9730001207345816,Bihar,Muzaffarpur
8039,civ_execution,427,,,0.9974683544303797,0.985071465264888,0.9610018457516284,0.9700706308954326,1.0,Bihar,Vaishali
8039,civ_family,713,52.0,,0.9217407178088534,0.59677708913081,0.4467607931984674,0.5221326469633458,0.6714215312982741,Bihar,Vaishali
8039,civ_mact,718,,,0.9986072423398329,0.9969674931734293,0.9940091326595615,0.9927568774642167,1.0,Bihar,Vaishali
8039,civ_misc,1688,,,0.9955559044191762,0.9871655440518808,0.9634725805856034,0.9807660933401496,0.993564994763612,Bihar,Vaishali
8039,civ_suit,8152,,,0.9932834188444607,0.9723697011172828,0.9459224891577502,0.9680034123112213,0.9767359899233443,Bihar,Vaishali
8039,crim_bail,3095,5.0,,0.481630006558327,0.481630006558327,0.481630006558327,0.4623989570963883,0.5008610560202656,Bihar,Vaishali
8039,crim_magisterial,25537,,,0.9895372476038572,0.9745735846899437,0.9584857783632633,0.9725073567734661,0.9766398126064213,Bihar,Vaishali
8039,crim_sessions,2975,,,0.9942265505469945,0.9896476804331586,0.9865135518814842,0.9856520886445199,0.9936432722217974,Bihar,Vaishali
8039,other,935,,,0.9706174360144166,0.8840978997084568,0.8419764485821444,0.8546268452940096,0.913568954122904,Bihar,Vaishali
9001,civ_execution,3118,22.0,85.0,0.6030285654903582,0.38002895792689423,0.2450990843192998,0.3615538420888968,0.39850407376489166,Rajasthan,Rajsamand
9001,civ_family,267,13.0,32.0,0.5016828446903702,0.030460543377075374,,0.0,0.08651279773708202,Rajasthan,Rajsamand
9001,civ_mact,4394,22.0,45.0,0.7873491883642634,0.18115632565947468,0.018387229648011805,0.1686689483940554,0.19364370292489394,Rajasthan,Rajsamand
9001,civ_misc,10481,20.0,71.0,0.625911387265526,0.298091070406029,0.14424386386027904,0.2886857420123399,0.30749639879971813,Rajasthan,Rajsamand
9001,civ_suit,3716,38.0,,0.7899865010955787,0.5101531813774894,0.32244228734813674,0.4913254977912057,0.5289808649637732,Rajasthan,Rajsamand
9001,crim_magisterial,65113,6.0,77.0,0.43099748511885505,0.2587603738984321,0.1579493340276157,0.2550485104168634,0.2624722373800008,Rajasthan,Rajsamand
9001,crim_sessions,1428,28.0,92.0,0.7643177176904457,0.37998325813111644,0.19904085293099735,0.35119272919180206,0.4087737870704308,Rajasthan,Rajsamand
9001,other,2351,19.0,72.0,0.578854030265506,0.28848536239135425,0.14791629054833041,0.27005653266530977,0.30691419211739873,Rajasthan,Rajsamand
9002,civ_execution,9933,51.0,,0.7250633634438356,0.5737574973325906,0.4536773102355924,0.5633182055645728,0.5841967891006085,Rajasthan,Alwar
9002,civ_family,5820,17.0,51.0,0.6096701963369384,0.21567107425928572,0.05377021029990563,0.20363640024072455,0.2277057482778469,Rajasthan,Alwar
9002,civ_mact,3771,31.0,72.0,0.7804481497045346,0.4084332283996888,0.1661449820905385,0.38374076095142107,0.43312569584795657,Rajasthan,Alwar
9002,civ_misc,12833,39.0,,0.757755912670687,0.520659084374717,0.353760950835835,0.5106873511568615,0.5306308175925725,Rajasthan,Alwar
9002,civ_suit,20139,45.0,,0.8331878006825266,0.5776956256752166,0.3991959100074587,0.5704057644700455,0.5849854868803877,Rajasthan,Alwar
9002,crim_bail,2759,0.0,1.0,0.0014498006524102942,,,,,Rajasthan,Alwar
9002,crim_magisterial,138941,30.0,,0.6637056890608327,0.4477647759730268,0.30181823320286677,0.4449148959122373,0.45061465603381623,Rajasthan,Alwar
9002,crim_ni138,283,51.0,,0.9116607773851594,0.6149382879139306,0.4338723275013687,0.5578556037014637,0.6720209721263974,Rajasthan,Alwar
9002,crim_sessions,6412,43.0,,0.7990300102474066,0.5493506384476783,0.413762646825179,0.5355684375703081,0.5631328393250484,Rajasthan,Alwar
9002,other,31998,28.0,93.0,0.7209254347675407,0.40865757077962106,0.2432119458700965,0.4032202716770778,0.4140948698821643,Rajasthan,Alwar
9003,civ_execution,3064,24.0,,0.597525750638717,0.4103422949764262,0.2641531395661443,0.3915654583705166,0.42911913158233583,Rajasthan,Dausa
9003,civ_family,1526,16.0,67.0,0.5642520403700685,0.2461327265179878,0.13602656288540477,0.2208542981865795,0.27141115484939604,Rajasthan,Dausa
9003,civ_mact,6825,31.0,72.0,0.7918705516429329,0.42166750269424214,0.1663563653494778,0.4092367052772163,0.434098300111268,Rajasthan,Dausa
9003,civ_misc,2873,26.0,83.0,0.6734174529664879,0.4055116378055685,0.19588887917577621,0.38370152828391696,0.42732174732722,Rajasthan,Dausa
9003,civ_suit,4066,33.0,108.0,0.7813387197224158,0.47073066135856056,0.28737970863081064,0.4537058952802658,0.48775542743685535,Rajasthan,Dausa
9003,crim_bail,1030,0.0,1.0,0.017475728155339803,0.004368932038834952,0.004368932038834952,0.00021657359038911202,0.008521290487280791,Rajasthan,Dausa
9003,crim_magisterial,65362,4.0,93.0,0.44188082417753205,0.3100019835085004,0.21849427485162018,0.3062509377288963,0.3137530292881045,Rajasthan,Dausa
9003,crim_ni138,204,33.0,77.0,0.8235294117647058,0.46985629766809134,0.21970149996687646,0.4006567136287815,0.5390558817074012,Rajasthan,Dausa
9003,crim_sessions,2240,33.0,102.0,0.7672178851977808,0.4728916037204255,0.33354599402870205,0.450110933803598,0.49567227363725297,Rajasthan,Dausa
9003,other,3211,23.0,68.0,0.6637769061458236,0.33656157689689836,0.14431985501529476,0.32002662093150436,0.35309653286229237,Rajasthan,Dausa
9004,civ_execution,19863,45.0,,0.6960817341923508,0.5448765665571214,0.4212975545982012,0.5374203210794865,0.5523328120347563,Rajasthan,Jaipur Metro I
9004,civ_family,11557,8.0,32.0,0.35652882875749453,0.07185191292900728,0.023140932119390004,0.06665441006952923,0.07704941578848533,Rajasthan,Jaipur Metro I
9004,civ_mact,14363,29.0,63.0,0.7727396510345923,0.3665768680929253,0.11916068766737642,0.3576786260170021,0.37547511016884844,Rajasthan,Jaipur Metro I
9004,civ_misc,71625,5.0,73.0,0.35706215274070746,0.2056098583157969,0.12845177494185955,0.20236246263542015,0.20885725399617364,Rajasthan,Jaipur Metro I
9004,civ_suit,29622,43.0,,0.8587118555755692,0.5783858863689765,0.3769044621420733,0.5723291013901117,0.5844426713478412,Rajasthan,Jaipur Metro I
9004,crim_bail,12701,0.0,1.0,0.003963910095253576,0.0020600732712923934,0.0012752834536571961,0.0012384354557510027,0.0028817110868337844,Rajasthan,Jaipur Metro I
9004,crim_magisterial,338621,20.0,,0.5579144386638317,0.3751428463326929,0.24751676395287503,0.3733664841772541,0.3769192084881317,Rajasthan,Jaipur Metro I
9004,crim_ni138,63926,63.0,,0.9282909550943703,0.6935702581065799,0.514611179416054,0.6899039554329622,0.6972365607801976,Rajasthan,Jaipur Metro I
9004,crim_sessions,5725,38.0,,0.769658724197035,0.5109264022417975,0.35147075525162214,0.4968961573078434,0.5249566471757516,Rajasthan,Jaipur Metro I
9004,other,35557,40.0,,0.7861617202822904,0.5355238867534674,0.3374444808123509,0.5302329984755927,0.5408147750313421,Rajasthan,Jaipur Metro I
9005,civ_execution,3274,26.0,92.0,0.6311233605533142,0.4215707811399043,0.2512904616422228,0.4028194242814416,0.44032213799836706,Rajasthan,Tonk
9005,civ_family,1736,16.0,45.0,0.5883625351337142,0.1432427451295053,0.04234953975679968,0.1255187742279802,0.1609667160310304,Rajasthan,Tonk
9005,civ_mact,4870,36.0,63.0,0.879336960584742,0.4979881394774819,0.122930326879813,0.4824793077599276,0.5134969711950362,Rajasthan,Tonk
9005,civ_misc,6018,30.0,75.0,0.7182679700099103,0.4192933458038854,0.1937023090369755,0.40539550701885263,0.43319118458891814,Rajasthan,Tonk
9005,civ_suit,5934,44.0,,0.8438615373048332,0.589000221486978,0.34359903274757864,0.575359075137249,0.6026413678367069,Rajasthan,Tonk
9005,crim_bail,2626,0.0,1.0,0.008377760853008374,0.007235338918507232,0.006632394008631629,0.003993724877784021,0.010476952959230443,Rajasthan,Tonk
9005,crim_magisterial,54515,13.0,92.0,0.5038232693163299,0.3453059456066691,0.2226478915197824,0.3409885156766998,0.3496233755366384,Rajasthan,Tonk
9005,crim_ni138,2343,46.0,,0.8715322236448998,0.6111375355385723,0.365402257719159,0.5912772594934477,0.6309978115836969,Rajasthan,Tonk
9005,crim_sessions,1931,34.0,100.0,0.7518024304493932,0.4721534792801451,0.289805695905839,0.44717709210524603,0.4971298664550442,Rajasthan,Tonk
9005,other,2484,34.0,85.0,0.7217357010751122,0.47880434366075036,0.3051245339487623,0.45904998577640904,0.4985587015450917,Rajasthan,Tonk
9006,civ_execution,4752,85.0,,0.8948385623395768,0.7236646651775953,0.613453876835399,0.7093852093111521,0.7379441210440385,Rajasthan,Bikaner
9006,civ_family,1394,9.0,34.0,0.40914328147369816,0.09164557940359332,0.04499622685129448,0.07350652596570846,0.10978463284147817,Rajasthan,Bikaner
9006,civ_mact,1960,63.0,,0.9640188042166586,0.7699210606505585,0.5200742777744941,0.7504229616898527,0.7894191596112644,Rajasthan,Bikaner
9006,civ_misc,12843,27.0,,0.687496969836417,0.4047831427610708,0.23515638708742811,0.3955864044126774,0.4139798811094642,Rajasthan,Bikaner
9006,civ_suit,2065,68.0,,0.8399734292867078,0.6715793800662356,0.5599104065902297,0.629119419405893,0.7140393407265783,Rajasthan,Bikaner
9006,crim_bail,4392,0.0,0.0,0.000683060109289617,0.00022768670309653905,0.00022768670309653905,0.0,0.0006739018338634826,Rajasthan,Bikaner
9006,crim_magisterial,97005,1.0,103.0,0.39594310704223945,0.2594647325553172,0.17423858679188037,0.25651454033797144,0.262414924772663,Rajasthan,Bikaner
9006,crim_ni138,1432,45.0,108.0,0.8589385474860335,0.5763444694619124,0.2842170278495505,0.5506282219115763,0.6020607170122485,Rajasthan,Bikaner
9006,crim_sessions,3097,51.0,,0.8115614262557534,0.5953477321750689,0.4399870005317449,0.576020640325008,0.6146748240251297,Rajasthan,Bikaner
9006,other,12219,40.0,,0.7591016017366221,0.5361986248720314,0.3557366306057697,0.527279284096692,0.5451179656473708,Rajasthan,Bikaner
9007,civ_execution,4140,34.0,,0.685743041598759,0.48165519224160264,0.34267954258618205,0.464875464022195,0.4984349204610103,Rajasthan,Ganganagar
9007,civ_family,2060,13.0,43.0,0.526714774572697,0.14301237164519745,0.04811910519305497,0.11437362070254896,0.17165112258784596,Rajasthan,Ganganagar
9007,civ_mact,6259,21.0,61.0,0.6740653050132983,0.2680981838672644,0.10280991993999973,0.2564849831044454,0.27971138463008344,Rajasthan,Ganganagar
9007,civ_misc,11855,19.0,71.0,0.5971808977550465,0.28766012167462135,0.1374216012292066,0.2785613967496847,0.296758846599558,Rajasthan,Ganganagar
9007,civ_suit,2389,43.0,105.0,0.7406067711175992,0.5503710125034411,0.39715495163982956,0.50129240434645,0.5994496206604323,Rajasthan,Ganganagar
9007,crim_bail,3185,0.0,0.0,0.0015070643642072215,,,,,Rajasthan,Ganganagar
9007,crim_magisterial,147166,13.0,91.0,0.5073158790343248,0.310345217344588,0.18769401717097192,0.30774568761742466,0.3129447470717513,Rajasthan,Ganganagar
9007,crim_sessions,4018,34.0,,0.7485374586215693,0.4787013646124366,0.3049615776909144,0.46120343156248583,0.4961992976623874,Rajasthan,Ganganagar
9007,other,12244,34.0,105.0,0.7566230871812321,0.47935319855082115,0.2933997747257396,0.47042482703113075,0.48828157007051154,Rajasthan,Ganganagar
9008,civ_execution,2750,58.0,,0.8006071155245039,0.6401975194053863,0.4807488180339426,0.6207957327105531,0.6595993061002194,Rajasthan,Merta (Nagaur)
9008,civ_family,2217,14.0,59.0,0.5518513870216876,0.21055523853010372,0.09898984742398416,0.18933634848826272,0.2317741285719447,Rajasthan,Merta (Nagaur)
9008,civ_mact,5450,25.0,72.0,0.7408240284564823,0.34232982594483324,0.1573815810231509,0.328650821899414,0.35600882999025246,Rajasthan,Merta (Nagaur)
9008,civ_misc,5653,33.0,,0.7353458613444956,0.46513022187818165,0.29067367175650166,0.44979197727132925,0.48046846648503405,Rajasthan,Merta (Nagaur)
9008,civ_suit,8037,49.0,,0.8290921823626511,0.5957179246928112,0.41323019211654893,0.5841509296587637,0.6072849197268586,Rajasthan,Merta (Nagaur)
9008,crim_bail,1691,0.0,0.0,0.008279124778237733,0.004730928444707277,0.0031539522964715186,0.0013074175103099887,0.008154439379104565,Rajasthan,Merta (Nagaur)
9008,crim_magisterial,92394,11.0,78.0,0.47972890163402193,0.2890058251356619,0.16625532159487988,0.28582791451741374,0.2921837357539101,Rajasthan,Merta (Nagaur)
9008,crim_sessions,2974,39.0,,0.7906753286092978,0.5192768310206687,0.38340780234894145,0.49845537025570325,0.5400982917856342,Rajasthan,Merta (Nagaur)
9008,other,5440,29.0,81.0,0.7042234919445485,0.4196012800482491,0.2125722137794757,0.4064051836123227,0.4327973764841755,Rajasthan,Merta (Nagaur)
9009,civ_execution,7965,34.0,,0.6782584755107568,0.48131644923351957,0.3046043269562781,0.46957188525799676,0.4930610132090424,Rajasthan,Udaipur
9009,civ_mact,10858,17.0,43.0,0.6512352522606367,0.13597566990871537,0.024464641999204444,0.12901308462617644,0.1429382551912543,Rajasthan,Udaipur
9009,civ_misc,6022,30.0,86.0,0.7217999399513143,0.4178798864117598,0.2325916257912641,0.40270945497018945,0.4330503178533302,Rajasthan,Udaipur
9009,civ_suit,11546,42.0,,0.8149025713353961,0.5507437812721933,0.3560552921881784,0.5409392915272052,0.5605482710171813,Rajasthan,Udaipur
9009,crim_bail,2448,0.0,1.0,0.00854129530600119,0.003918947258047605,0.0009797368145119017,0.0013376168859304829,0.0065002776301647264,Rajasthan,Udaipur
9009,crim_magisterial,102992,24.0,,0.5965785997238794,0.4113550318700479,0.2739261184197898,0.40793717296037657,0.41477289077971924,Rajasthan,Udaipur
9009,crim_ni138,21687,58.0,,0.8824313123149558,0.6817022897536952,0.4752440981705839,0.6753967751230999,0.6880078043842904,Rajasthan,Udaipur
9009,crim_sessions,6532,19.0,,0.6138539553672936,0.2992252993384954,0.17749568561525744,0.2867315219063469,0.3117190767706439,Rajasthan,Udaipur
9009,other,11009,20.0,85.0,0.6399657337536344,0.3057654948778381,0.16977968972672203,0.297006343785195,0.3145246459704812,Rajasthan,Udaipur
9010,civ_execution,2841,47.0,102.0,0.8285151097263281,0.5809717687128068,0.3945828530354627,0.5611885310716502,0.6007550063539633,Rajasthan,Bundi
9010,civ_family,734,7.0,12.0,0.039509536784741145,,,,,Rajasthan,Bundi
9010,civ_mact,5585,34.0,72.0,0.8431094801007519,0.4666282739398804,0.22357847761787802,0.4522488178676527,0.48100773001210806,Rajasthan,Bundi
9010,civ_misc,4067,27.0,86.0,0.6648737899129326,0.4111955386248159,0.22545561201801054,0.3938716828359794,0.4285193944136524,Rajasthan,Bundi
9010,civ_suit,5277,37.0,,0.7711281582873317,0.5036776845806245,0.3309680397029445,0.48928380800573495,0.518071561155514,Rajasthan,Bundi
9010,crim_bail,5475,0.0,1.0,0.03323805997778599,,,,,Rajasthan,Bundi
9010,crim_magisterial,75066,6.0,75.0,0.4218677015326218,0.25103877821340265,0.14784077921998187,0.24760792183688293,0.2544696345899224,Rajasthan,Bundi
9010,crim_sessions,3757,31.0,,0.7685282109522641,0.46583738827542015,0.3053803319445389,0.4481777568368424,0.4834970197139979,Rajasthan,Bundi
9010,other,5737,11.0,59.0,0.47268099235301814,0.21286219373627144,0.0948474758210177,0.20215285745808367,0.2235715300144592,Rajasthan,Bundi
9011,civ_execution,3340,35.0,86.0,0.7239381076458175,0.4941207731567344,0.2847823119868115,0.4754674543503073,0.5127740919631615,Rajasthan,Hanumangarh
9011,civ_family,1074,15.0,73.0,0.5461268234406839,0.2431152610210467,0.1595443900450619,0.1738004518853713,0.3124300701567221,Rajasthan,Hanumangarh
9011,civ_mact,2189,23.0,55.0,0.735615669476912,0.27650122563503593,0.0748151385144065,0.25550645821830364,0.2974959930517682,Rajasthan,Hanumangarh
9011,civ_misc,8675,18.0,63.0,0.605177048024998,0.3015674368748293,0.11820832583936634,0.29095778221329544,0.31217709153636314,Rajasthan,Hanumangarh
9011,civ_suit,2618,63.0,,0.7980607999689324,0.6696846766418171,0.5142215542616585,0.6464270375854683,0.6929423156981659,Rajasthan,Hanumangarh
9011,crim_bail,4953,0.0,1.0,0.0006056935190793458,,,,,Rajasthan,Hanumangarh
9011,crim_magisterial,90144,12.0,92.0,0.498743083567145,0.3315825128312139,0.21365270102444986,0.32824886443430523,0.3349161612281226,Rajasthan,Hanumangarh
9011,crim_sessions,2610,22.0,68.0,0.6987354241873694,0.32194570326910643,0.13885320809263335,0.300876522586098,0.3430148839521149,Rajasthan,Hanumangarh
9011,other,14392,22.0,78.0,0.6122762208439212,0.3607375199743091,0.18471721384443007,0.35282675335857083,0.36864828659004734,Rajasthan,Hanumangarh
9012,civ_execution,1913,34.0,94.0,0.7409579866607008,0.48262463592191424,0.31533669707823203,0.4585077614931759,0.5067415103506525,Rajasthan,Baran
9012,civ_mact,2823,28.0,76.0,0.8311151000457099,0.33731391221358376,0.13641997057669836,0.3177218702210812,0.3569059542060863,Rajasthan,Baran
9012,civ_misc,5171,19.0,65.0,0.625186467040669,0.2631741573695302,0.11618201741253434,0.2499993641397845,0.27634895059927594,Rajasthan,Baran
9012,civ_suit,3535,42.0,,0.8307683701850646,0.5509783880870369,0.3602690501631651,0.5331698506589551,0.5687869255151188,Rajasthan,Baran
9012,crim_magisterial,64353,10.0,105.0,0.4732714085141928,0.30832452808258215,0.20945904415889816,0.30439156701016423,0.31225748915500007,Rajasthan,Baran
9012,crim_sessions,4756,35.0,92.0,0.7672654944773235,0.48621768888251343,0.2812816384280075,0.47024286487651146,0.5021925128885154,Rajasthan,Baran
9012,other,5901,8.0,81.0,0.435464628405972,0.25885393381766475,0.1625426685205671,0.24757915261182817,0.27012871502350133,Rajasthan,Baran
9013,civ_execution,4688,33.0,103.0,0.6757682613473086,0.4804136803281589,0.31892126324027825,0.46518264402544746,0.49564471663087034,Rajasthan,Bharatpur
9013,civ_family,1425,12.0,51.0,0.4932446382826307,0.15982024622209529,0.05897156898971799,0.14015118331757803,0.17948930912661254,Rajasthan,Bharatpur
9013,civ_mact,6463,26.0,75.0,0.708535533600257,0.38810624185710985,0.15919560740272828,0.3753641790473598,0.4008483046668599,Rajasthan,Bharatpur
9013,civ_misc,7895,25.0,79.0,0.6443777292182544,0.40866880459453053,0.22265713246937752,0.3963477416238157,0.42098986756524537,Rajasthan,Bharatpur
9013,civ_suit,10499,34.0,100.0,0.7846521644915668,0.47310028705538265,0.252320335446878,0.46282121266248266,0.48337936144828264,Rajasthan,Bharatpur
9013,crim_bail,2023,0.0,1.0,0.007633366953461122,0.0032882196107217143,0.0,0.00038408556403588716,0.006192353657407541,Rajasthan,Bharatpur
9013,crim_magisterial,71758,20.0,84.0,0.5765688333388661,0.3592692226787373,0.20923922384944896,0.3553995103708336,0.36313893498664096,Rajasthan,Bharatpur
9013,crim_sessions,4570,31.0,103.0,0.7649505415377678,0.45738649177489643,0.2639190707709267,0.4414435129149875,0.47332947063480535,Rajasthan,Bharatpur
9013,other,7885,26.0,87.0,0.6932896462531322,0.39611919604483287,0.20808259556738629,0.38510824494701784,0.4071301471426479,Rajasthan,Bharatpur
9014,civ_execution,7580,62.0,,0.7642237798386199,0.6255315165113627,0.5067858108549511,0.6138219455476069,0.6372410874751185,Rajasthan,Ajmer
9014,civ_family,6068,11.0,37.0,0.4740877611585877,0.10340824792166538,0.029437793283259493,0.09464858164527887,0.11216791419805189,Rajasthan,Ajmer
9014,civ_mact,11788,24.0,63.0,0.747671003596975,0.2903622289161904,0.11130214250556893,0.28139467631445936,0.29932978151792144,Rajasthan,Ajmer
9014,civ_misc,10567,28.0,103.0,0.6880648739481525,0.4204200075314228,0.26532811856409283,0.4087582847153352,0.43208173034751035,Rajasthan,Ajmer
9014,civ_suit,17315,48.0,,0.81712507882124,0.5887999177369616,0.424157560916078,0.5809098894660931,0.5966899460078301,Rajasthan,Ajmer
9014,crim_bail,1587,0.0,1.0,0.008191556395715187,0.0052128086154551185,0.0022340608351950515,0.001553986333774082,0.008871630897136155,Rajasthan,Ajmer
9014,crim_magisterial,198860,1.0,77.0,0.39366111417683824,0.24875650095579452,0.1466957883927041,0.24668412481342086,0.25082887709816815,Rajasthan,Ajmer
9014,crim_ni138,13588,25.0,63.0,0.7551540075366754,0.3159472402552346,0.11519129252639929,0.3079990626086513,0.32389541790181786,Rajasthan,Ajmer
9014,crim_sessions,3911,29.0,96.0,0.773343404583081,0.4012205419088352,0.21892641421745046,0.383597182333864,0.41884390148380646,Rajasthan,Ajmer
9014,other,19737,22.0,87.0,0.6519195009709498,0.3373151181874625,0.18945040583673536,0.3306154013211758,0.34401483505374925,Rajasthan,Ajmer
9018,civ_execution,2659,36.0,84.0,0.7712731883219551,0.49349629990399213,0.33643607483793475,0.47264172318220177,0.5143508766257825,Rajasthan,Jhunjhunu
9018,civ_family,2509,12.0,33.0,0.4680518345158232,0.07704060079566782,0.005154461870300997,0.06479878386674437,0.08928241772459128,Rajasthan,Jhunjhunu
9018,civ_mact,3910,23.0,70.0,0.6985789542227672,0.32361631198977636,0.14376538443273473,0.3080073478241915,0.33922527615536124,Rajasthan,Jhunjhunu
9018,civ_misc,5791,25.0,76.0,0.6669109229041357,0.37839173720901453,0.18360515755198567,0.3647935497226723,0.39198992469535676,Rajasthan,Jhunjhunu
9018,civ_suit,3217,39.0,109.0,0.8015504061482395,0.5254412738847339,0.3127289914577468,0.5054287361222041,0.5454538116472638,Rajasthan,Jhunjhunu
9018,crim_bail,961,0.0,1.0,0.010405827263267432,,,,,Rajasthan,Jhunjhunu
9018,crim_magisterial,75248,12.0,83.0,0.4964352577379748,0.3127090031343647,0.2010367645594754,0.3091508710872969,0.31626713518143257,Rajasthan,Jhunjhunu
9018,crim_ni138,831,31.0,81.0,0.7689530685920576,0.4299185343464833,0.19026096970605685,0.3959885317492364,0.4638485369437302,Rajasthan,Jhunjhunu
9018,crim_sessions,2648,26.0,78.0,0.72090652470918,0.3799571450621509,0.1870589850299403,0.35919100132586357,0.4007232887984382,Rajasthan,Jhunjhunu
9018,other,6763,38.0,98.0,0.7988621839123744,0.5233811343356449,0.30956295388543137,0.5114329143400235,0.5353293543312664,Rajasthan,Jhunjhunu
9019,civ_execution,2680,44.0,,0.7458976414224087,0.5509838871885766,0.38773153867607196,0.5308943435126132,0.57107343086454,Rajasthan,Pali
9019,civ_family,833,16.0,50.0,0.5846212324688228,0.13613641160215642,0.05390577270175322,0.10647067825283901,0.16580214495147383,Rajasthan,Pali
9019,civ_mact,4792,29.0,76.0,0.8192508027470046,0.3773118667089401,0.17359426845862538,0.36154044448327377,0.3930832889346065,Rajasthan,Pali
9019,civ_misc,9948,25.0,98.0,0.6940548623682591,0.3838895434134324,0.20604128835203503,0.3731334372467877,0.3946456495800771,Rajasthan,Pali
9019,civ_suit,9797,44.0,,0.8154411232118927,0.5598665887179595,0.3880626201979286,0.5492878185800593,0.5704453588558597,Rajasthan,Pali
9019,crim_bail,5304,0.0,1.0,0.0043206385118149835,0.0015478651099566135,0.0011056179356832955,0.0004376738885640023,0.0026580563313492248,Rajasthan,Pali
9019,crim_magisterial,102537,12.0,,0.4931444891665132,0.3429793767748865,0.23839868265164596,0.33982115084210157,0.3461376027076714,Rajasthan,Pali
9019,crim_sessions,3895,46.0,,0.8664518669938733,0.5958387147001835,0.38957983728928475,0.5787477564079807,0.6129296729923862,Rajasthan,Pali
9019,other,2792,25.0,84.0,0.7128689155876733,0.3816868759419228,0.2034696711754837,0.3635129889673139,0.3998607629165317,Rajasthan,Pali
9020,civ_execution,5386,62.0,,0.8449168901506466,0.6774668772609754,0.5072506510916757,0.6640391581103212,0.6908945964116296,Rajasthan,Kota
9020,civ_family,8036,10.0,32.0,0.40819989785943683,0.06752517789714091,0.009567571559894014,0.06129060776572102,0.0737597480285608,Rajasthan,Kota
9020,civ_mact,5443,54.0,,0.8677672930211612,0.6684825356116467,0.4324490332014339,0.6552982899285463,0.6816667812947471,Rajasthan,Kota
9020,civ_misc,12518,25.0,79.0,0.65479024178376,0.3741864448073611,0.19275532405457083,0.3645753777666821,0.38379751184804006,Rajasthan,Kota
9020,civ_suit,11944,45.0,,0.8287411853330837,0.5767529537067654,0.38572065047738224,0.5672607020305882,0.5862452053829426,Rajasthan,Kota
9020,crim_bail,4683,0.0,1.0,0.005009320225612078,0.0027829556808955987,0.001908312466899839,0.0011648860136818345,0.004401025348109363,Rajasthan,Kota
9020,crim_magisterial,168765,9.0,,0.47214520069034077,0.32425397234034703,0.2205057015025769,0.32184615742512357,0.3266617872555705,Rajasthan,Kota
9020,crim_sessions,7715,25.0,85.0,0.7225695588252274,0.38850344713607476,0.21121750478683277,0.3763704252658662,0.4006364690062833,Rajasthan,Kota
9020,other,6901,38.0,,0.7966598146416203,0.5097336178485328,0.34695036414088964,0.49757779266095137,0.5218894430361142,Rajasthan,Kota
9021,civ_execution,1052,38.0,96.0,0.7783477576158924,0.5136750523503512,0.3376939036668196,0.4794697470817232,0.5478803576189791,Rajasthan,Jalore
9021,civ_family,528,10.0,41.0,0.4099501121908573,0.11507100850000636,0.031909538747355505,0.08581921231433765,0.14432280468567507,Rajasthan,Jalore
9021,civ_mact,2171,30.0,83.0,0.8465420883218916,0.4031653116606241,0.19335037930056467,0.38167471876564113,0.42465590455560703,Rajasthan,Jalore
9021,civ_misc,4111,25.0,69.0,0.6913015491168757,0.3619884895522066,0.16005082089629988,0.3461162550523387,0.3778607240520745,Rajasthan,Jalore
9021,civ_suit,3452,37.0,93.0,0.8212198970776936,0.5068729651562723,0.2863041557814958,0.4892095998252262,0.5245363304873185,Rajasthan,Jalore
9021,crim_bail,1446,0.0,0.0,0.0034578146611341618,0.0017289073305670809,,0.0,0.00400034107811713,Rajasthan,Jalore
9021,crim_magisterial,36119,21.0,,0.5652983848053093,0.39794576842799806,0.271419582780747,0.3925409101930904,0.4033506266629057,Rajasthan,Jalore
9021,crim_sessions,1728,49.0,,0.8738464450757664,0.6139155015281793,0.39815382798537025,0.5880023490421994,0.6398286540141592,Rajasthan,Jalore
9022,civ_execution,2156,55.0,99.0,0.8203269198028801,0.6172885952895648,0.4653648588155887,0.5935634935479719,0.6410136970311577,Rajasthan,Jhalawar
9022,civ_family,883,8.0,73.0,0.36734324368162175,0.13619401822242524,0.11630596504204006,0.11160863677384417,0.16077939967100632,Rajasthan,Jhalawar
9022,civ_mact,3180,30.0,67.0,0.8037547804372474,0.4076507674793522,0.1485424628568669,0.38879985564696035,0.42650167931174404,Rajasthan,Jhalawar
9022,civ_misc,3609,24.0,70.0,0.6631661976174169,0.3406214701604212,0.1510874880184264,0.32335126369860945,0.357891676622233,Rajasthan,Jhalawar
9022,civ_suit,2681,45.0,,0.8103539315291025,0.5839272514218926,0.3907265753976799,0.5636580741879513,0.6041964286558339,Rajasthan,Jhalawar
9022,crim_bail,1620,0.0,1.0,0.004320987654320986,0.0014403292181069955,,0.0,0.00397935441977924,Rajasthan,Jhalawar
9022,crim_magisterial,60124,15.0,102.0,0.5173660636169428,0.3628612329142016,0.2547553022381372,0.3587465936422424,0.3669758721861608,Rajasthan,Jhalawar
9022,crim_sessions,4225,25.0,69.0,0.7302805873197974,0.384949046239601,0.1637817865990607,0.3682435225257906,0.4016545699534114,Rajasthan,Jhalawar
9022,other,1081,27.0,73.0,0.6464880700164828,0.4062058763823547,0.21539262853012656,0.3766031203442494,0.43580863242046003,Rajasthan,Jhalawar
9023,civ_execution,724,29.0,66.0,0.8206330862620452,0.4000551915774509,0.15266987803867604,0.36071287527668294,0.43939750787821885,Rajasthan,Pratapgarh
9023,civ_family,733,11.0,42.0,0.4638056664314354,0.12720369434502418,0.021316556591412274,0.10203150646525416,0.1523758822247942,Rajasthan,Pratapgarh
9023,civ_mact,1520,19.0,62.0,0.7248926413736732,0.2542209259357793,0.10704038986769661,0.23149005262651523,0.2769517992450433,Rajasthan,Pratapgarh
9023,civ_misc,714,16.0,43.0,0.587405256463416,0.16216270869746377,0.05723389718734016,0.11889175323028814,0.2054336641646394,Rajasthan,Pratapgarh
9023,civ_suit,1535,33.0,81.0,0.7665579316171688,0.4590892644564787,0.2480908562357369,0.43161305765630914,0.48656547125664823,Rajasthan,Pratapgarh
9023,crim_bail,922,0.0,1.0,0.0021691973969631237,0.0010845986984815619,,0.0,0.0032092590074970445,Rajasthan,Pratapgarh
9023,crim_magisterial,40024,6.0,63.0,0.4191140932724974,0.22078072756837272,0.10858636046810281,0.2163153467708382,0.22524610836590725,Rajasthan,Pratapgarh
9023,crim_sessions,2331,30.0,79.0,0.7565417147588415,0.41401011807622445,0.192802649579217,0.3908328639940519,0.437187372158397,Rajasthan,Pratapgarh
9023,other,1452,26.0,71.0,0.726459186643659,0.3622523376796692,0.16011574212436736,0.33721504765190485,0.3872896277074335,Rajasthan,Pratapgarh
9024,civ_execution,1300,21.0,65.0,0.6523156366428765,0.31906414154957974,0.1415533916946284,0.2916007345340813,0.34652754856507817,Rajasthan,Dungarpur
9024,civ_family,249,6.0,17.0,0.1819040869359792,0.006564301453182889,,0.0,0.018841437720681607,Rajasthan,Dungarpur
9024,civ_mact,3727,23.0,47.0,0.7947623103624275,0.2163917747395545,0.027638943157992896,0.20155035084009623,0.2312331986390128,Rajasthan,Dungarpur
9024,civ_misc,1165,11.0,37.0,0.4626277257824918,0.1036166666862157,0.012142051683818465,0.08345589301793833,0.12377744035449308,Rajasthan,Dungarpur
9024,civ_suit,1472,22.0,65.0,0.6906341089652225,0.29785928442779874,0.12629407332312076,0.27222322120711523,0.32349534764848226,Rajasthan,Dungarpur
9024,crim_bail,1401,0.0,1.0,0.0014275517487508942,0.0007137758743754471,0.0007137758743754471,0.0,0.002112277212545988,Rajasthan,Dungarpur
9024,crim_magisterial,34056,7.0,61.0,0.42929324954661957,0.21708270903795115,0.10236926532051163,0.2122290565057482,0.22193636157015412,Rajasthan,Dungarpur
9024,crim_sessions,1248,18.0,53.0,0.6270324187155908,0.1975705806372165,0.07156630135657698,0.17117413552329916,0.22396702575113384,Rajasthan,Dungarpur
9024,other,728,11.0,38.0,0.4381868131868133,0.10510182934737868,0.019258307589545623,0.08275332690554622,0.12745033178921114,Rajasthan,Dungarpur
9025,civ_execution,622,31.0,43.0,0.9473727727843264,0.4523854807382322,,0.008855624963502617,0.8959153365129617,Rajasthan,Banswara
9025,civ_mact,5446,38.0,87.0,0.8525790417955658,0.5282349730415989,0.2746536800090921,0.5139576807397163,0.5425122653434816,Rajasthan,Banswara
9025,civ_misc,1485,48.0,,0.8092085729473608,0.589818579584331,0.43028473321406413,0.5634134280601742,0.6162237311084878,Rajasthan,Banswara
9025,civ_suit,643,44.0,,0.821706298329456,0.5655928871256223,0.40975667378707664,0.5218451045038457,0.6093406697473989,Rajasthan,Banswara
9025,crim_bail,1104,0.0,0.0,0.0036231884057971032,0.0018115942028985518,0.0018115942028985518,0.0,0.004320060419057524,Rajasthan,Banswara
9025,crim_magisterial,34296,9.0,77.0,0.46282330220851364,0.2744497581500891,0.15341520739014047,0.2691689955306373,0.2797305207695409,Rajasthan,Banswara
9025,crim_ni138,2440,37.0,96.0,0.8359381578689051,0.5007051196936665,0.2793661136132355,0.4806045141494059,0.520805725237927,Rajasthan,Banswara
9025,crim_sessions,1641,34.0,,0.757516182539975,0.4803370850680461,0.2391131575641303,0.45389004915842723,0.506784120977665,Rajasthan,Banswara
9025,other,5703,6.0,60.0,0.4036121443891095,0.1979234221840016,0.09681946150460292,0.1873353216879481,0.20851152268005513,Rajasthan,Banswara
9026,civ_execution,365,,,0.7581077846492402,,,,,Rajasthan,Sirohi
9026,civ_family,774,6.0,18.0,0.2118420720268844,,,,,Rajasthan,Sirohi
9026,civ_mact,4283,34.0,101.0,0.8294863875532202,0.45674113546736517,0.22615558205182038,0.4397692156467127,0.47371305528801766,Rajasthan,Sirohi
9026,civ_misc,3895,26.0,79.0,0.7134164620335021,0.38257716462693253,0.20451229291502745,0.3659155655531064,0.39923876370075867,Rajasthan,Sirohi
9026,civ_suit,734,,,0.8013027307572915,,,,,Rajasthan,Sirohi
9026,crim_bail,1366,0.0,1.0,0.003660322108345534,0.000732064421669107,,0.0,0.0021663853920341836,Rajasthan,Sirohi
9026,crim_magisterial,44199,13.0,98.0,0.5014968112668572,0.3337466566273401,0.22277462696879294,0.3290108028942795,0.3384825103604007,Rajasthan,Sirohi
9026,crim_ni138,1045,35.0,,0.7961722488038276,0.49282296650717716,0.32441510498346704,0.46251036676271795,0.5231355662516364,Rajasthan,Sirohi
9026,crim_sessions,1318,25.0,70.0,0.7047871239192676,0.33719293562095004,0.13974106803577416,0.30836973447448757,0.3660161367674125,Rajasthan,Sirohi
9026,other,5376,39.0,89.0,0.8331473214285714,0.5189686501933444,0.29508001712058884,0.5055699370252236,0.5323673633614652,Rajasthan,Sirohi
9027,civ_execution,691,31.0,86.0,0.7643531331659981,0.4733535568480832,0.17356297084429723,0.39196879669719803,0.5547383169989684,Rajasthan,Balotra Barmer
9027,civ_family,826,25.0,78.0,0.7006083433752841,0.356173005419629,0.18061613163846463,0.31786496626872696,0.394481044570531,Rajasthan,Balotra Barmer
9027,civ_mact,2209,24.0,62.0,0.7646661009335682,0.3428518449943935,0.10513163794908895,0.3207243502544005,0.36497933973438645,Rajasthan,Balotra Barmer
9027,civ_misc,7768,31.0,80.0,0.7682114263674467,0.43786934021095036,0.24283082511235585,0.4265500287041993,0.44918865171770145,Rajasthan,Balotra Barmer
9027,civ_suit,994,29.0,85.0,0.7136686296530288,0.4440631771034362,0.2943133102273069,0.4072568303376677,0.4808695238692047,Rajasthan,Balotra Barmer
9027,crim_bail,973,0.0,0.0,0.0015416238437821173,,,,,Rajasthan,Balotra Barmer
9027,crim_magisterial,43383,15.0,,0.5111779757212096,0.37588830281622193,0.27137647513873264,0.3710512338906437,0.38072537174180016,Rajasthan,Balotra Barmer
9027,crim_ni138,1181,56.0,,0.8933107535986452,0.6668899373837307,0.46636293262688616,0.6398279137792943,0.6939519609881671,Rajasthan,Balotra Barmer
9027,crim_sessions,3070,32.0,,0.7425549170970746,0.4437807432311453,0.2526933327759151,0.4237218463959637,0.4638396400663269,Rajasthan,Balotra Barmer
9027,other,2153,31.0,,0.7100989194311236,0.450108341211186,0.2904627049832817,0.4290036161685262,0.47121306625384574,Rajasthan,Balotra Barmer
9028,civ_execution,6229,80.0,,0.876260736995117,0.702563718679684,0.593341833691498,0.6900241477302341,0.7151032896291339,Rajasthan,Jodhpur Metro
9028,civ_mact,1657,67.0,,0.8950810999076154,0.7329596742151951,0.7329596742151951,0.6864715880488906,0.7794477603814997,Rajasthan,Jodhpur Metro
9028,civ_misc,10767,16.0,84.0,0.5498858512909102,0.2983316705992573,0.17409126267083477,0.28810927993012625,0.30855406126838836,Rajasthan,Jodhpur Metro
9028,civ_suit,2728,38.0,,0.8269326692453248,0.5519040553421635,0.3178422018292028,0.5224499372342881,0.5813581734500388,Rajasthan,Jodhpur Metro
9028,crim_bail,3083,0.0,0.0,,,,,,Rajasthan,Jodhpur Metro
9028,crim_magisterial,72706,29.0,,0.6539425536991964,0.46074874843739316,0.3538565973012601,0.4569941438018944,0.4645033530728919,Rajasthan,Jodhpur Metro
9028,crim_ni138,746,55.0,106.0,0.9061662198391421,0.7622498014664467,0.32367714908986817,0.7316649809753473,0.7928346219575462,Rajasthan,Jodhpur Metro
9028,crim_sessions,4464,44.0,,0.8466499033041844,0.5745972876317624,0.3473092520997055,0.5585325177796762,0.5906620574838487,Rajasthan,Jodhpur Metro
9028,other,16820,49.0,,0.8784834000162212,0.6263922391342406,0.39299638593873804,0.6189986346893159,0.6337858435791652,Rajasthan,Jodhpur Metro
9029,civ_execution,2584,19.0,,0.5842667454159166,0.37797324850817166,0.27510663361630244,0.3578937093951015,0.3980527876212418,Rajasthan,Karauli
9029,civ_family,885,23.0,87.0,0.6492607980928902,0.3917291291514799,0.23235339599728402,0.3543849062140638,0.42907335208889597,Rajasthan,Karauli
9029,civ_mact,2177,35.0,77.0,0.8146563311476868,0.4814412357593029,0.21463048898980827,0.4588506344418118,0.504031837076794,Rajasthan,Karauli
9029,civ_misc,3856,19.0,75.0,0.5962576490045214,0.29307523855370804,0.14027992436337233,0.27702445026365485,0.3091260268437612,Rajasthan,Karauli
9029,civ_suit,4130,31.0,,0.7360903971894123,0.45712886204220693,0.3137225698075493,0.44066015768441563,0.4735975663999982,Rajasthan,Karauli
9029,crim_bail,1615,0.0,0.0,0.0012383900928792577,,,,,Rajasthan,Karauli
9029,crim_magisterial,44192,21.0,,0.5643428422758054,0.3988577748792996,0.28272849693312396,0.3938932472810612,0.403822302477538,Rajasthan,Karauli
9029,crim_ni138,541,33.0,84.0,0.7985212569316082,0.4759277131625544,0.22660635375850022,0.4337628585528979,0.5180925677722108,Rajasthan,Karauli
9029,crim_sessions,3086,35.0,,0.7514705945632902,0.48643359914288503,0.3476218526567778,0.46722437603686934,0.5056428222489008,Rajasthan,Karauli
9029,other,2751,27.0,,0.7017666241698987,0.398004826684962,0.2418406676205937,0.37955802972942576,0.41645162364049826,Rajasthan,Karauli
9030,civ_execution,2448,60.0,,0.7968103222968016,0.6370036769125738,0.4944802592891683,0.6160479870010167,0.6579593668241308,Rajasthan,Chittorgarh
9030,civ_family,534,21.0,64.0,0.6853932584269665,0.20062076177966187,0.10021706790373594,0.1662812232928217,0.23496030026650205,Rajasthan,Chittorgarh
9030,civ_mact,5152,37.0,93.0,0.8784393428843422,0.5076710655802731,0.3457318427981266,0.4925148713755948,0.5228272597849514,Rajasthan,Chittorgarh
9030,civ_misc,8054,27.0,80.0,0.712784221662817,0.40510143675255644,0.20831254949468384,0.39331524070488383,0.41688763280022906,Rajasthan,Chittorgarh
9030,civ_suit,3088,40.0,,0.8280261074129835,0.5375684056349808,0.31476438326137196,0.5156455650651934,0.5594912462047681,Rajasthan,Chittorgarh
9030,crim_bail,2591,0.0,1.0,0.006197924943810022,0.0035664383293052674,,0.0010495387742234519,0.006083337884387083,Rajasthan,Chittorgarh
9030,crim_magisterial,73141,23.0,108.0,0.6007866356783322,0.39130628728504624,0.2531959188177651,0.38736803589274177,0.3952445386773507,Rajasthan,Chittorgarh
9030,crim_ni138,6257,43.0,,0.8433754195301264,0.570003068489445,0.3344324612926663,0.5576371828963608,0.5823689540825293,Rajasthan,Chittorgarh
9030,crim_sessions,2629,30.0,,0.8196115725333232,0.4145795029779614,0.21970654835499878,0.39333155967564865,0.4358274462802742,Rajasthan,Chittorgarh
9030,other,7339,26.0,91.0,0.7018802776292768,0.38353607598786243,0.21201855814786114,0.3722295993398418,0.3948425526358831,Rajasthan,Chittorgarh
9031,civ_execution,1477,49.0,,0.690862310612113,0.549327975599041,0.37325188503901896,0.5133781638412641,0.5852777873568179,Rajasthan,Bhilwara
9031,civ_family,366,14.0,,0.555356161915913,,,,,Rajasthan,Bhilwara
9031,civ_mact,9724,39.0,77.0,0.8763246510883751,0.5407204875927613,0.2296777925729191,0.5297905053880987,0.5516504697974238,Rajasthan,Bhilwara
9031,civ_misc,8746,43.0,,0.7761252076834885,0.5561600235044799,0.37777739485297407,0.5449203742000673,0.5673996728088925,Rajasthan,Bhilwara
9031,civ_suit,1799,,,0.8178073518076391,0.7533609012223776,0.6490493918223562,0.730602445277192,0.7761193571675633,Rajasthan,Bhilwara
9031,crim_bail,1726,0.0,0.0,0.007435303205870992,0.0037176516029354964,,0.0001102957043585197,0.007325007501512474,Rajasthan,Bhilwara
9031,crim_magisterial,91334,22.0,101.0,0.5819843299977518,0.3984210569533709,0.27102270738641926,0.39492675016661866,0.4019153637401231,Rajasthan,Bhilwara
9031,crim_ni138,2741,43.0,106.0,0.8392308943069055,0.5715078714023077,0.33842130852326796,0.55278726911676,0.5902284736878555,Rajasthan,Bhilwara
9031,crim_sessions,4380,39.0,105.0,0.8070764145061708,0.5183040595129286,0.32491670738466666,0.5017323768364116,0.5348757421894456,Rajasthan,Bhilwara
9031,other,13387,33.0,,0.7458609457929664,0.46439112592811554,0.27988948015259474,0.4558957771127883,0.4728864747434428,Rajasthan,Bhilwara
9032,civ_execution,764,72.0,,0.8715331989059062,0.5839183862085765,0.5255265475877189,0.45561024733928496,0.7122265250778681,Rajasthan,Jaiselmer
9032,civ_mact,1265,13.0,47.0,0.5133444726091777,0.1777282725643505,0.052633808650223476,0.15414265101138913,0.20131389411731188,Rajasthan,Jaiselmer
9032,civ_misc,1491,22.0,63.0,0.6706565842731239,0.2500238296732289,0.10565070028808744,0.22615503257501712,0.27389262677144066,Rajasthan,Jaiselmer
9032,civ_suit,1996,18.0,110.0,0.7076229665385191,0.319449859881486,0.319449859881486,0.2963375379563546,0.3425621818066174,Rajasthan,Jaiselmer
9032,crim_bail,972,0.0,1.0,0.04224965706447188,,,,,Rajasthan,Jaiselmer
9032,crim_magisterial,30420,0.0,85.0,0.3590509437606726,0.23849507029093955,0.16162046992575121,0.2332593011040646,0.24373083947781451,Rajasthan,Jaiselmer
9032,crim_sessions,1611,48.0,98.0,0.7636798555327747,0.5722079954768393,0.42169716321520456,0.5454757216047629,0.5989402693489158,Rajasthan,Jaiselmer
9032,other,2125,57.0,80.0,0.8136470588235296,0.5870705011829719,0.49343743518823313,0.5661268486208911,0.6080141537450526,Rajasthan,Jaiselmer
9033,civ_execution,634,,,0.8784534295496086,0.7444924229917399,0.6679751461842555,0.6684976268699977,0.8204872191134821,Rajasthan,Churu
9033,civ_family,1165,9.0,57.0,0.40560773735629096,0.1884758733396845,0.09423793666984226,0.15496000976761548,0.2219917369117535,Rajasthan,Churu
9033,civ_mact,6874,20.0,87.0,0.6365322416406453,0.3132503336156278,0.18204439323253052,0.3015429406672674,0.32495772656398825,Rajasthan,Churu
9033,civ_misc,6123,31.0,,0.7196922466733578,0.46185518039610357,0.3033905224988071,0.4486907343282605,0.47501962646394663,Rajasthan,Churu
9033,civ_suit,1014,40.0,,0.7931410678526852,0.6030659705110556,0.4522994778832917,0.48260517122736163,0.7235267697947496,Rajasthan,Churu
9033,crim_bail,2599,0.0,1.0,0.003462870334744133,0.0008657175836860335,,0.0,0.00204829107874274,Rajasthan,Churu
9033,crim_magisterial,49217,13.0,114.0,0.5104840561276236,0.32431797307814714,0.22211795405293214,0.3197277397820247,0.3289082063742696,Rajasthan,Churu
9033,crim_ni138,3376,41.0,,0.8379739336492888,0.5480654322553755,0.3773971945942471,0.5312406614671906,0.5648902030435604,Rajasthan,Churu
9033,crim_sessions,1985,44.0,114.0,0.7847367157247,0.568183861678522,0.38057429487772587,0.5434983859220729,0.592869337434971,Rajasthan,Churu
9033,other,8697,31.0,,0.6915953606948412,0.458276633321651,0.3129679514446676,0.44776071003097334,0.4687925566123286,Rajasthan,Churu
9034,civ_execution,889,51.0,,0.8486734573718674,0.6860214536683319,0.38195064455205313,0.6519290492415302,0.7201138580951336,Rajasthan,Dholpur
9034,civ_family,735,14.0,41.0,0.5210884353741497,0.13877551020408166,0.04081632653061227,0.1137820144515469,0.16376900595661642,Rajasthan,Dholpur
9034,civ_mact,817,25.0,50.0,0.7622219995057337,0.2927185773807794,0.018636840619420753,0.26052639578879155,0.3249107589727672,Rajasthan,Dholpur
9034,civ_misc,1715,27.0,90.0,0.6816618961033799,0.3918191322105477,0.2193462273069733,0.36176053066114766,0.42187773375994775,Rajasthan,Dholpur
9034,civ_suit,3103,44.0,,0.7976067484974949,0.547572221160859,0.3950278666299586,0.528316963142007,0.566827479179711,Rajasthan,Dholpur
9034,crim_magisterial,27264,28.0,,0.6117235046752756,0.4533525298664857,0.32818373385075494,0.44695927271383784,0.4597457870191336,Rajasthan,Dholpur
9034,crim_sessions,1565,27.0,96.0,0.7108140958463712,0.39576399287911224,0.2414443372772517,0.3690288821405019,0.4224991036177226,Rajasthan,Dholpur
9034,other,1335,21.0,87.0,0.6736650935807702,0.3416176780334568,0.17554907263287578,0.31600152028555145,0.3672338357813621,Rajasthan,Dholpur
9035,civ_execution,5259,72.0,,0.8551646629656112,0.6925645470241109,0.5755971589581927,0.6790205010648668,0.7061085929833549,Rajasthan,Sikar
9035,civ_family,2564,12.0,59.0,0.4958171316037546,0.1925094171416012,0.09382391975943626,0.17422014009543116,0.21079869418777122,Rajasthan,Sikar
9035,civ_mact,5033,37.0,83.0,0.8649123948677465,0.5008388406761939,0.2298005098006191,0.48601931485875355,0.5156583664936343,Rajasthan,Sikar
9035,civ_misc,5229,43.0,,0.7731382856671691,0.5531309193559608,0.3592114926432392,0.5347807669650056,0.571481071746916,Rajasthan,Sikar
9035,civ_suit,12141,49.0,,0.843964447739536,0.6014136154200161,0.4093353009692566,0.5919187490062285,0.6109084818338038,Rajasthan,Sikar
9035,crim_bail,4543,0.0,1.0,0.0017120356103406964,0.00024457651576295663,0.00024457651576295663,0.0,0.0007212228233712826,Rajasthan,Sikar
9035,crim_magisterial,89140,16.0,,0.531055646395661,0.3687892896153063,0.24757010024538192,0.3653671370365091,0.37221144219410357,Rajasthan,Sikar
9035,crim_sessions,2547,47.0,,0.8439732466084835,0.5947262708665647,0.3978990393001344,0.573629629458644,0.6158229122744854,Rajasthan,Sikar
9035,other,19044,25.0,98.0,0.6590466236257433,0.3989437767714747,0.23783650050079125,0.3919351335392666,0.40595242000368276,Rajasthan,Sikar
9036,civ_execution,2631,30.0,76.0,0.7804132512786495,0.417602044349425,0.18728470510214612,0.39494554491151096,0.44025854378733903,Rajasthan,Sawai Madhopur
9036,civ_family,641,14.0,,0.5257541475516889,0.19344890494762595,,0.1507354572876937,0.23616235260755822,Rajasthan,Sawai Madhopur
9036,civ_mact,2154,29.0,56.0,0.8355543047906656,0.3713771501331533,0.0700880278377061,0.34951281150833324,0.3932414887579734,Rajasthan,Sawai Madhopur
9036,civ_misc,3726,32.0,88.0,0.7129215994584304,0.4621821665616242,0.26615785091773586,0.4433128312239564,0.48105150189929197,Rajasthan,Sawai Madhopur
9036,civ_suit,5710,41.0,,0.796013025289005,0.5433707670368845,0.33801456109103395,0.5294929682708791,0.5572485658028898,Rajasthan,Sawai Madhopur
9036,crim_bail,1468,0.0,1.0,0.006130790190735696,0.0015326975476839242,,0.0,0.004319269643374703,Rajasthan,Sawai Madhopur
9036,crim_magisterial,55240,6.0,70.0,0.4261544727038664,0.2573639161032398,0.1444410007418998,0.25338789775583653,0.261339934450643,Rajasthan,Sawai Madhopur
9036,crim_sessions,2106,30.0,99.0,0.7536156090949796,0.43413829874282855,0.23488490825284525,0.41037914644109824,0.45789745104455887,Rajasthan,Sawai Madhopur
9036,other,4263,23.0,72.0,0.6634697006617929,0.3490576682941704,0.186831120802863,0.3346062510785375,0.3635090855098033,Rajasthan,Sawai Madhopur
9038,civ_execution,4128,32.0,106.0,0.7113156056765721,0.45989996196708066,0.30544339192770176,0.4428002994416188,0.4769996244925425,Rajasthan,Jaipur District
9038,civ_family,8963,12.0,38.0,0.4810344520985945,0.10777853795261985,0.02615564656261891,0.10092975117334771,0.114627324731892,Rajasthan,Jaipur District
9038,civ_mact,11133,33.0,92.0,0.783125485562091,0.4651262091338798,0.25830283037266333,0.4554692628048224,0.4747831554629372,Rajasthan,Jaipur District
9038,civ_misc,7319,30.0,98.0,0.7213347001877247,0.44739001995066585,0.24641032513473318,0.4351898588532683,0.45959018104806343,Rajasthan,Jaipur District
9038,civ_suit,7332,43.0,98.0,0.8211196208597638,0.5578315506923712,0.3131395403777619,0.5460507474365393,0.5696123539482032,Rajasthan,Jaipur District
9038,crim_magisterial,56921,24.0,92.0,0.5991596971809047,0.39504551352547307,0.23703513328036743,0.3908005696761186,0.39929045737482755,Rajasthan,Jaipur District
9038,crim_sessions,2661,29.0,71.0,0.751045027957041,0.3933170733445486,0.1349948387100612,0.37365830498405983,0.4129758417050373,Rajasthan,Jaipur District
9038,other,1651,31.0,85.0,0.8064659720420787,0.42851969914937166,0.237698103751649,0.40447311047214984,0.45256628782659347,Rajasthan,Jaipur District
9039,civ_execution,658,,,0.9160468561552634,0.8624764432238858,,0.8282527289605628,0.8967001574872089,Rajasthan,Jodhpur District
9039,civ_mact,722,24.0,104.0,0.7448816010641194,0.3019036077211804,0.16902114570753604,0.26278383189044885,0.341023383551912,Rajasthan,Jodhpur District
9039,civ_misc,4945,36.0,,0.774357275252476,0.49512219360715465,0.2588840960803615,0.4799315101401092,0.5103128770742001,Rajasthan,Jodhpur District
9039,civ_suit,1334,65.0,65.0,0.841018782590484,0.6536937118314068,0.5415530768432313,0.607179492320696,0.7002079313421176,Rajasthan,Jodhpur District
9039,crim_bail,1417,0.0,0.0,0.002117148906139731,0.0007057163020465771,,0.0,0.002088432093127891,Rajasthan,Jodhpur District
9039,crim_magisterial,38890,18.0,,0.5216904242905356,0.4383482558271756,0.3563668662837353,0.43318279002951776,0.4435137216248335,Rajasthan,Jodhpur District
9039,crim_ni138,558,57.0,,0.9086021505376344,0.6582190092319533,0.4698036063422947,0.618171027795083,0.6982669906688236,Rajasthan,Jodhpur District
9039,crim_sessions,1697,32.0,,0.746314888589082,0.45040414579769344,0.2772702913079741,0.4224663045044904,0.4783419870908965,Rajasthan,Jodhpur District
9039,other,4327,49.0,,0.8946061415710549,0.6407173912630793,0.40236618365929083,0.6263082310504261,0.6551265514757324,Rajasthan,Jodhpur District
9040,civ_execution,4987,31.0,86.0,0.6654181372888481,0.4535090263389282,0.2962112294506997,0.43952810770002687,0.46748994497782953,Rajasthan,Jaipur Metro II
9040,civ_mact,7882,29.0,59.0,0.8160980213072456,0.3377413840226901,0.08687299223182073,0.3270982442455484,0.3483845237998318,Rajasthan,Jaipur Metro II
9040,civ_misc,32987,3.0,25.0,0.18277475674039959,0.0646387482015679,0.02848873127948439,0.061881511150697864,0.06739598525243792,Rajasthan,Jaipur Metro II
9040,civ_suit,11055,30.0,74.0,0.7998614103484782,0.3835254769564707,0.17277658428862042,0.37431653856272334,0.3927344153502181,Rajasthan,Jaipur Metro II
9040,crim_bail,4217,0.0,1.0,0.0054541142992648815,0.0023713540431586438,0.00047427080863172885,0.000903317299092325,0.0038393907872249626,Rajasthan,Jaipur Metro II
9040,crim_magisterial,132075,1.0,52.0,0.35466580466161984,0.17225708875400464,0.07340933489626845,0.17017682579764828,0.174337351710361,Rajasthan,Jaipur Metro II
9040,crim_ni138,14785,30.0,66.0,0.849003591664146,0.416960438060246,0.13606471577952078,0.4089814996380442,0.42493937648244784,Rajasthan,Jaipur Metro II
9040,crim_sessions,1433,26.0,75.0,0.7918328604848035,0.36181036299111996,0.1735638847181067,0.3360658898401974,0.3875548361420425,Rajasthan,Jaipur Metro II
9040,other,18475,18.0,62.0,0.5658878324345867,0.2715839330828841,0.10634124890290725,0.2651261770942773,0.27804168907149085,Rajasthan,Jaipur Metro II
10001,civ_execution,3219,25.0,89.0,0.7268602232204818,0.4036064589326864,0.21296024362526178,0.3824167216407301,0.42479619622464265,Tamil Nadu,Dharmapuri
10001,civ_family,1311,14.0,52.0,0.5544682209832105,0.15865220799648966,0.070683881001216,0.13435439335657462,0.1829500226364047,Tamil Nadu,Dharmapuri
10001,civ_mact,8406,23.0,86.0,0.7530313032683214,0.2745227812732211,0.15462211678542048,0.2631545127157551,0.28589104983068714,Tamil Nadu,Dharmapuri
10001,civ_misc,1392,30.0,73.0,0.7904158720484177,0.3956550042688531,0.16606228078185847,0.3665259495777333,0.42478405895997284,Tamil Nadu,Dharmapuri
10001,civ_suit,10556,45.0,93.0,0.8312233526198295,0.5813638167296241,0.33797385202408503,0.5705405170118848,0.5921871164473634,Tamil Nadu,Dharmapuri
10001,crim_magisterial,16023,15.0,82.0,0.5241737887466899,0.3257283029455446,0.2036934463398942,0.317843532033041,0.3336130738580482,Tamil Nadu,Dharmapuri
10001,crim_sessions,1105,16.0,69.0,0.5784136049748105,0.2551997358209735,0.1428496585297464,0.22142160324600632,0.28897786839594064,Tamil Nadu,Dharmapuri
10002,civ_execution,4749,22.0,64.0,0.7170553333103515,0.2743690056842001,0.11738920836934325,0.2595124295892038,0.2892255817791964,Tamil Nadu,Pudukkottai
10002,civ_family,2776,21.0,57.0,0.6564239451043979,0.27929251933114874,0.08217637544612577,0.2590918691373048,0.29949316952499266,Tamil Nadu,Pudukkottai
10002,civ_mact,8930,24.0,65.0,0.6719371377187423,0.3242811483640323,0.12457444753134221,0.31354551579032797,0.3350167809377367,Tamil Nadu,Pudukkottai
10002,civ_misc,1995,27.0,71.0,0.6942648769299945,0.3717288959925205,0.1703872049145476,0.34731038320757773,0.3961474087774633,Tamil Nadu,Pudukkottai
10002,civ_suit,11326,45.0,96.0,0.8235295883397955,0.5684207468402197,0.3458594631321423,0.558437087238473,0.5784044064419664,Tamil Nadu,Pudukkottai
10002,crim_magisterial,18551,15.0,84.0,0.5210155879475681,0.37065929051203883,0.23004891895825336,0.3631563601143407,0.37816222090973695,Tamil Nadu,Pudukkottai
10002,crim_sessions,1690,21.0,74.0,0.6217882670496948,0.33182308371952207,0.1561245114820857,0.3050819990863235,0.35856416835272065,Tamil Nadu,Pudukkottai
10002,other,430,26.0,79.0,0.8122792734011154,0.3960730517303598,0.20454728421235205,0.34263209861611293,0.44951400484460663,Tamil Nadu,Pudukkottai
10003,civ_execution,9557,17.0,64.0,0.5954278708820422,0.24243646027921895,0.11580337353712418,0.23287986960014515,0.2519930509582928,Tamil Nadu,Tirunelveli
10003,civ_family,7198,14.0,45.0,0.5459643029880111,0.1538785161751019,0.04483101168237287,0.14425096459763623,0.16350606775256757,Tamil Nadu,Tirunelveli
10003,civ_mact,19838,22.0,63.0,0.7046195262788607,0.28669325631993625,0.12034636581941238,0.27913763939779407,0.29424887324207843,Tamil Nadu,Tirunelveli
10003,civ_misc,7664,23.0,71.0,0.6824455018413551,0.3473610908342187,0.1947264077873094,0.33511831751065235,0.359603864157785,Tamil Nadu,Tirunelveli
10003,civ_suit,35499,35.0,81.0,0.7949224652432568,0.4855996633887085,0.2526868716581752,0.4799085423294884,0.4912907844479287,Tamil Nadu,Tirunelveli
10003,crim_magisterial,141753,1.0,68.0,0.32726536319528465,0.19983733926151223,0.1251159114943804,0.19760250548391747,0.202072173039107,Tamil Nadu,Tirunelveli
10003,crim_sessions,6495,21.0,60.0,0.716197089051996,0.2596265816912928,0.09769199155120843,0.24671491587221847,0.27253824751036715,Tamil Nadu,Tirunelveli
10003,other,4580,14.0,59.0,0.5351638234944299,0.21053588824646863,0.0932552176902678,0.19648656237432124,0.224585214118616,Tamil Nadu,Tirunelveli
10004,civ_execution,6593,16.0,59.0,0.5936664277286648,0.21842996468597178,0.09612680730893541,0.20712003210150703,0.22973989727043653,Tamil Nadu,Theni
10004,civ_family,4519,14.0,45.0,0.5546972236860492,0.15840102243264553,0.048277477579252326,0.14571368060826978,0.17108836425702129,Tamil Nadu,Theni
10004,civ_mact,4451,15.0,56.0,0.5566254803191827,0.20621268931941672,0.07970365318916524,0.19308908998801555,0.2193362886508179,Tamil Nadu,Theni
10004,civ_misc,1601,22.0,75.0,0.6947954822651413,0.33868785223294046,0.1695840897101631,0.3123261942194967,0.3650495102463842,Tamil Nadu,Theni
10004,civ_suit,13886,27.0,76.0,0.7204532029709602,0.3914867413512434,0.18437581619617288,0.3825429037972852,0.40043057890520156,Tamil Nadu,Theni
10004,crim_magisterial,74164,0.0,47.0,0.2126178408671119,0.1246523689252635,0.07125346652808613,0.12209599106067989,0.12720874678984712,Tamil Nadu,Theni
10004,crim_sessions,2572,17.0,64.0,0.5821869952561597,0.28347297756933626,0.11472984510279521,0.2639711790636867,0.3029747760749858,Tamil Nadu,Theni
10004,other,1643,15.0,58.0,0.5430552908730885,0.19659264951654423,0.09891034752424621,0.17449732811581647,0.218687970917272,Tamil Nadu,Theni
10005,civ_execution,5984,19.0,73.0,0.6452145701491029,0.2721811018580911,0.1379876666274492,0.2597886465533469,0.2845735571628353,Tamil Nadu,Namakkal
10005,civ_family,3409,12.0,40.0,0.4990974836586251,0.11811718188754464,0.02697872306687385,0.10477836810776552,0.13145599566732377,Tamil Nadu,Namakkal
10005,civ_mact,17387,18.0,54.0,0.6490803000449406,0.2127327224539426,0.06516144184583722,0.2055344798829481,0.2199309650249371,Tamil Nadu,Namakkal
10005,civ_misc,3481,30.0,63.0,0.7077538659191378,0.45134591017699577,0.26044334900896815,0.43347500941233064,0.4692168109416609,Tamil Nadu,Namakkal
10005,civ_suit,17395,35.0,89.0,0.7437987160295312,0.48591582178960263,0.2824516263108368,0.47777884060987535,0.4940528029693299,Tamil Nadu,Namakkal
10005,crim_magisterial,37776,1.0,62.0,0.32847569526515114,0.2180587763091749,0.11390163838655112,0.2134541816573327,0.22266337096101707,Tamil Nadu,Namakkal
10005,crim_sessions,1107,26.0,86.0,0.7418475896521053,0.39158057457009804,0.22077349907739943,0.3560652792211087,0.4270958699190874,Tamil Nadu,Namakkal
10005,other,1346,46.0,90.0,0.8307766769123924,0.5736704858382412,0.36242399754363647,0.5442078719906295,0.6031330996858529,Tamil Nadu,Namakkal
10006,civ_execution,3716,21.0,67.0,0.6782420159492163,0.28254292397940717,0.12336182248773338,0.2640088847351033,0.301076963223711,Tamil Nadu,Nagapattinam
10006,civ_family,864,16.0,56.0,0.5529171463954318,0.2333940363703021,0.07917260055851008,0.20160433018569263,0.26518374255491156,Tamil Nadu,Nagapattinam
10006,civ_mact,4397,16.0,71.0,0.5828191403244353,0.26244734869183556,0.1354233583641422,0.24569053920633518,0.27920415817733596,Tamil Nadu,Nagapattinam
10006,civ_misc,3482,21.0,,0.6526871941504403,0.3379540589270916,0.20363957473742753,0.3178519870185194,0.35805613083566384,Tamil Nadu,Nagapattinam
10006,civ_suit,8554,42.0,79.0,0.772125203763244,0.552348165776213,0.24932830328184213,0.5402528547691724,0.5644434767832537,Tamil Nadu,Nagapattinam
10006,crim_magisterial,25005,3.0,60.0,0.38674905299897283,0.20741783798602212,0.09597993796655267,0.2017976801665385,0.21303799580550573,Tamil Nadu,Nagapattinam
10006,crim_sessions,1499,27.0,,0.679351667450597,0.4087299737776367,0.3002762856980948,0.3752280035945176,0.4422319439607558,Tamil Nadu,Nagapattinam
10006,other,885,20.0,58.0,0.6627945796516136,0.26350015538493543,0.08690602915711079,0.22561966959582108,0.3013806411740498,Tamil Nadu,Nagapattinam
10007,civ_execution,4524,26.0,78.0,0.7572013080590996,0.35846645884317674,0.1842842907344547,0.34320424499194224,0.37372867269441123,Tamil Nadu,Kanniyakumari
10007,civ_family,3207,11.0,40.0,0.44754270939078333,0.11850659660368457,0.03343904410517146,0.10606726066975022,0.1309459325376189,Tamil Nadu,Kanniyakumari
10007,civ_mact,4193,25.0,70.0,0.7405197559197144,0.3826230510679296,0.17273161061157416,0.36624890611511546,0.39899719602074374,Tamil Nadu,Kanniyakumari
10007,civ_misc,7468,18.0,69.0,0.6006351710654027,0.2923302281149193,0.13469289342776095,0.2811187923712479,0.3035416638585907,Tamil Nadu,Kanniyakumari
10007,civ_suit,18334,33.0,88.0,0.7879586997313227,0.45483413052300276,0.23721837484434247,0.4468540876823028,0.46281417336370273,Tamil Nadu,Kanniyakumari
10007,crim_magisterial,51828,11.0,87.0,0.4857642370343138,0.3222670664921413,0.21603169673298547,0.31783929354772406,0.3266948394365586,Tamil Nadu,Kanniyakumari
10007,crim_sessions,2891,40.0,,0.7449224676497206,0.5304660528257698,0.3674198433389108,0.5090633222773935,0.551868783374146,Tamil Nadu,Kanniyakumari
10007,other,1158,30.0,79.0,0.7827557355416328,0.4252032078882545,0.24282968087846585,0.39250217142389604,0.45790424435261295,Tamil Nadu,Kanniyakumari
10008,civ_execution,11383,22.0,64.0,0.709882450665499,0.2575226646742429,0.10973970755377128,0.24881502258710292,0.2662303067613829,Tamil Nadu,Tiruchirappalli
10008,civ_family,8515,17.0,49.0,0.6142827661778382,0.19496339704362456,0.05795001041253138,0.18529277888162837,0.20463401520562075,Tamil Nadu,Tiruchirappalli
10008,civ_mact,14036,33.0,81.0,0.8879338328328178,0.4345425157492738,0.1962571344990496,0.4253273727787902,0.4437576587197575,Tamil Nadu,Tiruchirappalli
10008,civ_misc,3548,34.0,101.0,0.8294703516228479,0.4768021175827012,0.3229042723720366,0.4575215109316175,0.49608272423378486,Tamil Nadu,Tiruchirappalli
10008,civ_suit,37593,32.0,96.0,0.7141959339441671,0.467453629995003,0.31184683787898715,0.4619636169453244,0.4729436430446816,Tamil Nadu,Tiruchirappalli
10008,crim_magisterial,71072,1.0,67.0,0.2887730080468798,0.17177105701726916,0.11309430985656081,0.1686821915280857,0.17485992250645263,Tamil Nadu,Tiruchirappalli
10008,crim_sessions,3063,7.0,47.0,0.3429421642337374,0.12679617174914407,0.07617386048482186,0.11176196520940429,0.14183037828888384,Tamil Nadu,Tiruchirappalli
10008,other,7325,23.0,85.0,0.6718517679423132,0.3547322999961569,0.20141810453730327,0.34231331127989856,0.36715128871241526,Tamil Nadu,Tiruchirappalli
10009,civ_execution,4527,18.0,62.0,0.6453042311655257,0.24796114182400603,0.10441123903369792,0.23351281493277729,0.2624094687152348,Tamil Nadu,Thoothukudi
10009,civ_family,5261,14.0,49.0,0.5628638498882215,0.16700891393504247,0.05764862359567107,0.15589673332457038,0.17812109454551456,Tamil Nadu,Thoothukudi
10009,civ_mact,5353,10.0,57.0,0.4424167791095891,0.19035292493996572,0.07824131389693678,0.1786275849629126,0.20207826491701886,Tamil Nadu,Thoothukudi
10009,civ_misc,3780,26.0,75.0,0.7193996760924076,0.3969131057907842,0.21900057609933057,0.3784776820931058,0.4153485294884626,Tamil Nadu,Thoothukudi
10009,civ_suit,15096,27.0,78.0,0.7337689563083859,0.40001478691520687,0.2210348596670008,0.39126593507350615,0.4087636387569076,Tamil Nadu,Thoothukudi
10009,crim_magisterial,61483,3.0,79.0,0.4070417366699954,0.2859597092749197,0.19670185917648547,0.28208859241235507,0.28983082613748434,Tamil Nadu,Thoothukudi
10009,crim_sessions,3297,8.0,62.0,0.4026926282667442,0.1944805124161866,0.10158719494488605,0.17821231591726705,0.21074870891510616,Tamil Nadu,Thoothukudi
10009,other,3057,15.0,53.0,0.564473629713803,0.17952219481546364,0.06902456624066163,0.16243145590278762,0.19661293372813965,Tamil Nadu,Thoothukudi
10010,civ_execution,11850,33.0,81.0,0.8107974499451502,0.4510369552947236,0.2095809403082193,0.4409896128983049,0.4610842976911423,Tamil Nadu,Viluppuram
10010,civ_family,4048,15.0,48.0,0.5866909152482429,0.1684870381035742,0.05488759666792641,0.15550857603050058,0.18146550017664784,Tamil Nadu,Viluppuram
10010,civ_mact,33037,20.0,57.0,0.6405111627960857,0.2572668300481982,0.08351413229106999,0.25200355575855016,0.2625301043378463,Tamil Nadu,Viluppuram
10010,civ_misc,6361,22.0,67.0,0.6778234028840322,0.31563683313951996,0.13696005805437433,0.3028483225011853,0.3284253437778546,Tamil Nadu,Viluppuram
10010,civ_suit,31949,38.0,103.0,0.7645427791826036,0.5104705181476211,0.30478545498431625,0.5043259391067109,0.5166150971885314,Tamil Nadu,Viluppuram
10010,crim_magisterial,32680,20.0,85.0,0.5786993160677024,0.3520904902305157,0.20335918204882597,0.34628607362544156,0.35789490683558983,Tamil Nadu,Viluppuram
10010,crim_sessions,5513,13.0,65.0,0.504074547312768,0.26754432022972213,0.12225923069641069,0.2546084756203828,0.28048016483906146,Tamil Nadu,Viluppuram
10010,other,997,30.0,87.0,0.7301984092964785,0.4157942397227979,0.24863043523078404,0.3773384823803603,0.4542499970652355,Tamil Nadu,Viluppuram
10011,civ_execution,15366,25.0,85.0,0.7066132883894068,0.3696298946282008,0.2006375555109055,0.360964084601843,0.3782957046545586,Tamil Nadu,Vellore
10011,civ_family,6830,15.0,47.0,0.5572901889508484,0.167607578743257,0.05531565971728321,0.15741294753110335,0.17780220995541063,Tamil Nadu,Vellore
10011,civ_mact,23024,19.0,63.0,0.6060419253932294,0.30385120801998644,0.11127820958028006,0.2971918951982075,0.3105105208417654,Tamil Nadu,Vellore
10011,civ_misc,6915,19.0,52.0,0.6541589692966469,0.21513605599662755,0.07224886020457011,0.20411029633221286,0.22616181566104224,Tamil Nadu,Vellore
10011,civ_suit,28764,29.0,94.0,0.7124981313640865,0.4284477754574241,0.24675786214951748,0.42210160793238666,0.4347939429824615,Tamil Nadu,Vellore
10011,crim_magisterial,82231,0.0,51.0,0.2548247328732148,0.13789708452989288,0.08450639403492777,0.13535981632114388,0.14043435273864188,Tamil Nadu,Vellore
10011,crim_sessions,3632,9.0,49.0,0.4305176063954973,0.15741586095986787,0.07716350127616838,0.14359293877303933,0.1712387831466964,Tamil Nadu,Vellore
10011,other,6241,13.0,50.0,0.5130929769654397,0.17647397543430948,0.04882316928741244,0.1664337261018618,0.18651422476675716,Tamil Nadu,Vellore
10012,civ_execution,15236,23.0,64.0,0.7581185156921881,0.30234130649873364,0.11471538142995219,0.29445240893891345,0.31023020405855384,Tamil Nadu,Salem
10012,civ_family,7448,15.0,55.0,0.5679217134258414,0.20615955477867454,0.08014965128014025,0.19547287967646138,0.2168462298808877,Tamil Nadu,Salem
10012,civ_mact,26603,25.0,77.0,0.7804620381258959,0.287748005321381,0.14789638739863664,0.2816676728230799,0.2938283378196821,Tamil Nadu,Salem
10012,civ_misc,9503,13.0,53.0,0.5002543873465208,0.17477737913426178,0.0815605303505263,0.16666967275224556,0.182885085516278,Tamil Nadu,Salem
10012,civ_suit,31205,43.0,107.0,0.8279681990380916,0.5649918011817822,0.35553831152525045,0.5589393500749015,0.5710442522886628,Tamil Nadu,Salem
10012,crim_magisterial,50326,10.0,71.0,0.47015695205218316,0.25543249377638105,0.14465998315366702,0.2511777391986741,0.259687248354088,Tamil Nadu,Salem
10012,crim_sessions,5885,21.0,64.0,0.7480851259493824,0.24742805773486035,0.114540832338004,0.23445379225070392,0.26040232321901674,Tamil Nadu,Salem
10012,other,4739,39.0,,0.8360178311955434,0.5174007760622811,0.2813502061781572,0.5014784001084772,0.5333231520160849,Tamil Nadu,Salem
10013,civ_execution,33025,19.0,49.0,0.6919352381209176,0.1992882993740488,0.06077795223574389,0.19464484777227906,0.20393175097581853,Tamil Nadu,Chennai
10013,civ_family,3152,42.0,94.0,0.8833977369530956,0.5716098121989274,0.3179301324323109,0.551700190659266,0.5915194337385887,Tamil Nadu,Chennai
10013,civ_mact,70754,30.0,68.0,0.8017146929023663,0.41102070448422295,0.1538930866127967,0.4069216930332381,0.4151197159352078,Tamil Nadu,Chennai
10013,civ_misc,33293,21.0,72.0,0.6478672353013242,0.30955377133828516,0.15475769369637088,0.30388685080485955,0.31522069187171076,Tamil Nadu,Chennai
10013,civ_suit,71354,13.0,56.0,0.5065413587855009,0.17471927129993434,0.08944323408029156,0.171651893296002,0.17778664930386667,Tamil Nadu,Chennai
10013,crim_magisterial,146638,11.0,109.0,0.49089055481279453,0.37753207193696836,0.2921237249316435,0.37465297897872973,0.380411164895207,Tamil Nadu,Chennai
10013,crim_sessions,3238,31.0,,0.7868141963639441,0.44242293021422596,0.2671589896322086,0.42232177864772774,0.4625240817807242,Tamil Nadu,Chennai
10013,other,37384,21.0,73.0,0.6419831108725584,0.333678643788431,0.16018467672881911,0.3284798669974795,0.33887742057938247,Tamil Nadu,Chennai
10014,civ_execution,4531,25.0,80.0,0.7494511852589252,0.34083779625184046,0.17379244410854439,0.3254160981140865,0.3562594943895944,Tamil Nadu,Virudhunagar
10014,civ_family,7113,13.0,43.0,0.5129114189620971,0.142400407032877,0.04038278427588931,0.13288522175000186,0.15191559231575216,Tamil Nadu,Virudhunagar
10014,civ_mact,6389,24.0,67.0,0.6686053665980531,0.3197442299319938,0.13773170189747025,0.30693469343566876,0.33255376642831885,Tamil Nadu,Virudhunagar
10014,civ_misc,2563,41.0,93.0,0.7720042726560731,0.5251273990802862,0.36228242537477223,0.5034659747318787,0.5467888234286936,Tamil Nadu,Virudhunagar
10014,civ_suit,15280,37.0,108.0,0.7624317152066626,0.5039195909476484,0.3293489035684421,0.4951578450814079,0.5126813368138888,Tamil Nadu,Virudhunagar
10014,crim_magisterial,70927,0.0,67.0,0.29634516279732903,0.20703217028078869,0.13276852337689649,0.20385345289034768,0.2102108876712297,Tamil Nadu,Virudhunagar
10014,crim_sessions,2926,39.0,,0.7489697165994075,0.5105159712518488,0.35919690955003547,0.49054045163455173,0.5304914908691458,Tamil Nadu,Virudhunagar
10014,other,2426,25.0,65.0,0.7370001532034901,0.3559451493133421,0.14261128852639177,0.3345912475295272,0.377299051097157,Tamil Nadu,Virudhunagar
10015,civ_execution,12668,24.0,67.0,0.7800482491932936,0.3250261519698041,0.12851617567742027,0.3157408001836552,0.33431150375595303,Tamil Nadu,Madurai
10015,civ_family,8974,14.0,53.0,0.5267089100754404,0.188801151780468,0.07105862447019726,0.1790219611137462,0.1985803424471898,Tamil Nadu,Madurai
10015,civ_mact,24043,15.0,57.0,0.5382184683527538,0.25796554640218733,0.0825320470491655,0.25174217256298353,0.2641889202413911,Tamil Nadu,Madurai
10015,civ_misc,3260,30.0,83.0,0.7364931108457924,0.4414512414524723,0.25552311349317125,0.4218366607118753,0.46106582219306924,Tamil Nadu,Madurai
10015,civ_suit,27588,38.0,91.0,0.7784081033072028,0.5143081568055907,0.31095783320997106,0.507863845688122,0.5207524679230594,Tamil Nadu,Madurai
10015,crim_magisterial,84026,1.0,82.0,0.37628771252570287,0.26287363621944176,0.17590430981863217,0.2596269013835961,0.2661203710552874,Tamil Nadu,Madurai
10015,crim_sessions,5938,14.0,67.0,0.5308964776886301,0.2524108320701937,0.12418867492464249,0.23914146305076994,0.2656802010896175,Tamil Nadu,Madurai
10015,other,7011,32.0,83.0,0.7915351827191476,0.4587025580801143,0.24963613317006897,0.4460813649090565,0.4713237512511721,Tamil Nadu,Madurai
10016,civ_execution,1710,15.0,53.0,0.5830002244379843,0.16956645554088728,0.07412139964599657,0.14918070167774058,0.18995220940403398,Tamil Nadu,The Nilgiris
10016,civ_family,217,14.0,51.0,0.5443269956953841,0.18752183201760464,0.03688921542018277,0.12753585990960037,0.2475078041256089,Tamil Nadu,The Nilgiris
10016,civ_mact,263,14.0,44.0,0.5333223484713285,0.12638068645519746,0.04551893122542177,0.07924918445938556,0.17351218845100935,Tamil Nadu,The Nilgiris
10016,civ_misc,2393,13.0,80.0,0.5083625110133154,0.20520000338282157,0.12607615269311823,0.18723055547393555,0.2231694512917076,Tamil Nadu,The Nilgiris
10016,civ_suit,5885,18.0,77.0,0.6190452895417147,0.28941149468964156,0.1546422814397719,0.2767046067843487,0.3021183825949344,Tamil Nadu,The Nilgiris
10016,crim_magisterial,19298,4.0,59.0,0.40150067261339456,0.2321959424586339,0.09428876604377644,0.22562906321599752,0.23876282170127028,Tamil Nadu,The Nilgiris
10016,crim_sessions,735,11.0,62.0,0.4727506975778268,0.23164373558979034,0.11674864998854406,0.19668792395483345,0.2665995472247472,Tamil Nadu,The Nilgiris
10017,civ_execution,8137,14.0,53.0,0.5364272463493112,0.1543886056058297,0.08171278622957204,0.14523665923843085,0.16354055197322856,Tamil Nadu,Thanjavur
10017,civ_family,3311,12.0,45.0,0.4909343008315534,0.15259206015478274,0.04032877248370535,0.13887944521681028,0.1663046750927552,Tamil Nadu,Thanjavur
10017,civ_mact,21707,10.0,40.0,0.43032591103649664,0.12100764971780215,0.02159660498433151,0.11630084030443733,0.12571445913116697,Tamil Nadu,Thanjavur
10017,civ_misc,3687,19.0,64.0,0.6333036961931706,0.2699708724733478,0.12137489583255702,0.25322520759831707,0.2867165373483785,Tamil Nadu,Thanjavur
10017,civ_suit,18331,40.0,103.0,0.7371370065056323,0.5216549900306826,0.3427475939041515,0.513614400351981,0.5296955797093842,Tamil Nadu,Thanjavur
10017,crim_magisterial,56304,4.0,78.0,0.42367004525679763,0.28947802870271105,0.18195587632172197,0.2854827799514371,0.293473277453985,Tamil Nadu,Thanjavur
10017,crim_sessions,4371,19.0,78.0,0.598311140603235,0.31079260715318396,0.16802098068554114,0.29540192572537993,0.326183288580988,Tamil Nadu,Thanjavur
10017,other,1413,19.0,83.0,0.6204646474385465,0.26508601385047637,0.15476518213064416,0.2365485468051569,0.2936234808957958,Tamil Nadu,Thanjavur
10018,civ_execution,12460,22.0,80.0,0.7013517779098807,0.32852238230031716,0.18938183897300953,0.3187402634556989,0.33830450114493543,Tamil Nadu,Coimbatore
10018,civ_family,3671,22.0,59.0,0.6825612406290179,0.2977190187197255,0.0968096819776866,0.27585681629093856,0.31958122114851245,Tamil Nadu,Coimbatore
10018,civ_mact,16943,21.0,52.0,0.6603332047768873,0.3083872677589147,0.03959115838568533,0.3003796329683167,0.31639490254951264,Tamil Nadu,Coimbatore
10018,civ_misc,16111,12.0,51.0,0.49784955553098353,0.17890376154906124,0.06518930223078016,0.17234709931972653,0.18546042377839594,Tamil Nadu,Coimbatore
10018,civ_suit,45279,35.0,94.0,0.7746690764137061,0.4826868398556865,0.2575285388974835,0.4775832626415546,0.4877904170698184,Tamil Nadu,Coimbatore
10018,crim_magisterial,80886,19.0,75.0,0.5740658916340293,0.35333789135655425,0.18426377561018095,0.3496212293927334,0.3570545533203751,Tamil Nadu,Coimbatore
10018,crim_sessions,2509,24.0,68.0,0.7611729195845552,0.30224236373939545,0.14723544539084646,0.2808729534859188,0.3236117739928721,Tamil Nadu,Coimbatore
10018,other,10291,34.0,76.0,0.8295834964003703,0.4667390336382709,0.21803564538400372,0.4560481293881753,0.4774299378883665,Tamil Nadu,Coimbatore
10019,civ_execution,4565,18.0,80.0,0.6303697406430964,0.28065861527631686,0.16281529382008805,0.26452428823131985,0.29679294232131387,Tamil Nadu,Karur
10019,civ_family,2785,9.0,38.0,0.38409611542372035,0.10512503379794419,0.039961618931003785,0.09172042565799893,0.11852964193788945,Tamil Nadu,Karur
10019,civ_mact,9144,17.0,71.0,0.6049823428801937,0.2472605107622763,0.1377167919740537,0.23668174316687624,0.25783927835767634,Tamil Nadu,Karur
10019,civ_misc,1304,18.0,64.0,0.65873386933504,0.25372702103228423,0.11624755107063058,0.2262858840323887,0.28116815803217976,Tamil Nadu,Karur
10019,civ_suit,12351,30.0,93.0,0.7310141466683849,0.44044250074609637,0.2732023031435322,0.4303748791554066,0.4505101223367861,Tamil Nadu,Karur
10019,crim_magisterial,17383,20.0,71.0,0.5886046744087385,0.3541927533690719,0.18177735119944338,0.34585180705631186,0.36253369968183197,Tamil Nadu,Karur
10019,crim_sessions,851,3.0,26.0,0.19031629134349373,0.07903313990402844,0.05913110973103562,0.056864341537464114,0.10120193827059276,Tamil Nadu,Karur
10019,other,2073,22.0,,0.6525200353977798,0.39239154977863633,0.29453083938545227,0.3686186305800085,0.41616446897726417,Tamil Nadu,Karur
10020,civ_execution,15581,23.0,63.0,0.716708968023539,0.30339169931817983,0.11312710796123686,0.29519002361149244,0.3115933750248672,Tamil Nadu,Cuddalore
10020,civ_family,2801,16.0,50.0,0.5994621711845883,0.18431934171605024,0.05930006849896697,0.16833853679823807,0.20030014663386242,Tamil Nadu,Cuddalore
10020,civ_mact,36792,30.0,65.0,0.8213888045978028,0.4033557781597089,0.15638548479761563,0.39757801474711446,0.40913354157230336,Tamil Nadu,Cuddalore
10020,civ_misc,4010,20.0,61.0,0.6486773540954771,0.26945566345607724,0.10451508791278284,0.2532808738930506,0.2856304530191039,Tamil Nadu,Cuddalore
10020,civ_suit,22931,28.0,90.0,0.6943893272297522,0.42568426680031574,0.25089062137183404,0.41855482812699857,0.4328137054736329,Tamil Nadu,Cuddalore
10020,crim_magisterial,41416,19.0,83.0,0.5634418852299682,0.37558056392240396,0.22816916385741107,0.3703205797730094,0.3808405480717985,Tamil Nadu,Cuddalore
10020,crim_sessions,2551,18.0,64.0,0.6206324494397826,0.25167618423977717,0.11176076963031623,0.23018064678527075,0.2731717216942836,Tamil Nadu,Cuddalore
10020,other,2745,22.0,57.0,0.6446349458269833,0.36683328391714537,0.07590232642647991,0.3475100494548987,0.386156518379392,Tamil Nadu,Cuddalore
10021,civ_execution,1777,23.0,73.0,0.7357320041684156,0.2989836388144519,0.12967511115478886,0.27370659473066566,0.3242606828982381,Tamil Nadu,Ramanathapuram
10021,civ_family,2268,13.0,38.0,0.5098127133082581,0.1123001922286196,0.02308599903816178,0.09610733186999226,0.12849305258724694,Tamil Nadu,Ramanathapuram
10021,civ_mact,2407,21.0,55.0,0.7103506815417908,0.25207924766655415,0.06927689801637994,0.2316684908650749,0.2724900044680334,Tamil Nadu,Ramanathapuram
10021,civ_misc,1767,27.0,79.0,0.7316325750746293,0.3984412541378747,0.19592420393996,0.37105139882955723,0.4258311094461921,Tamil Nadu,Ramanathapuram
10021,civ_suit,7028,35.0,84.0,0.7777051389989008,0.47937573082033946,0.236010920008504,0.4661126485356167,0.49263881310506225,Tamil Nadu,Ramanathapuram
10021,crim_magisterial,30666,0.0,67.0,0.3047088352128434,0.1865112242425528,0.11842419422588006,0.18158194672805744,0.19144050175704813,Tamil Nadu,Ramanathapuram
10021,crim_sessions,1775,27.0,67.0,0.7571337323256345,0.372755630247558,0.1302855441228946,0.34662857138349606,0.3988826891116199,Tamil Nadu,Ramanathapuram
10021,other,606,17.0,89.0,0.5744717628624743,0.24223735206357774,0.14263300375636004,0.2020049369638019,0.2824697671633536,Tamil Nadu,Ramanathapuram
10022,civ_execution,8470,37.0,,0.8166526179254313,0.5053233396986277,0.28954589952533266,0.49331095097705424,0.5173357284202013,Tamil Nadu,Tiruvannamalai
10022,civ_family,2197,18.0,63.0,0.6195397280061552,0.2532708026310083,0.10676856393424956,0.23087501533664825,0.27566658992536835,Tamil Nadu,Tiruvannamalai
10022,civ_mact,11539,24.0,63.0,0.7448987547831614,0.3420210774441917,0.11093920536770643,0.33189367010836374,0.35214848478001964,Tamil Nadu,Tiruvannamalai
10022,civ_misc,3419,27.0,74.0,0.7672286781010595,0.36205213594485824,0.1470056912950107,0.34346743936500146,0.38063683252471503,Tamil Nadu,Tiruvannamalai
10022,civ_suit,24243,41.0,84.0,0.8019595903776099,0.5374852983321813,0.3178015057396944,0.5303013028165103,0.5446692938478522,Tamil Nadu,Tiruvannamalai
10022,crim_magisterial,31650,11.0,81.0,0.4898479068182287,0.34832859729483884,0.22997557160256193,0.3425759853647903,0.3540812092248874,Tamil Nadu,Tiruvannamalai
10022,crim_sessions,1429,38.0,89.0,0.7623105261523679,0.5133560911116748,0.32424236639278087,0.4827908969356639,0.5439212852876857,Tamil Nadu,Tiruvannamalai
10022,other,1004,51.0,79.0,0.8834602315718602,0.6565239607371942,0.34526014574415764,0.6226523107329736,0.6903956107414149,Tamil Nadu,Tiruvannamalai
10023,civ_execution,2216,21.0,68.0,0.6735795144796027,0.27767193045052574,0.12595861047351434,0.2561640193045312,0.2991798415965203,Tamil Nadu,Perambalur
10023,civ_family,1622,10.0,40.0,0.429217736034728,0.12156729886665464,0.03182277968580364,0.10295997548177516,0.14017462225153413,Tamil Nadu,Perambalur
10023,civ_mact,10608,17.0,45.0,0.5815467366537447,0.17885703972505174,0.037820521621175676,0.17028072725518975,0.18743335219491372,Tamil Nadu,Perambalur
10023,civ_misc,319,42.0,91.0,0.8231061278701046,0.5299793749567431,0.40053090683289433,0.4713517470133268,0.5886070029001593,Tamil Nadu,Perambalur
10023,civ_suit,6143,59.0,,0.8363053434640333,0.6396710776697045,0.48921431470626064,0.6265650089650565,0.6527771463743526,Tamil Nadu,Perambalur
10023,crim_magisterial,10699,0.0,82.0,0.28374472123319633,0.20426714696798368,0.14793099129388484,0.19623571722359956,0.2122985767123678,Tamil Nadu,Perambalur
10023,crim_sessions,712,12.0,57.0,0.4866690630367541,0.14942812393354699,0.09348762583978058,0.11968910361129961,0.17916714425579436,Tamil Nadu,Perambalur
10023,other,525,14.0,86.0,0.5114961123711024,0.2955913229926815,0.1874691526878709,0.25418755214165234,0.3369950938437106,Tamil Nadu,Perambalur
10024,civ_execution,8243,16.0,60.0,0.5998927126455157,0.216445384945441,0.09895897387115954,0.20584034111794225,0.22705042877293974,Tamil Nadu,Erode
10024,civ_family,3608,14.0,49.0,0.5480832472565336,0.17823535110792338,0.052741803734344284,0.1626480201105832,0.19382268210526354,Tamil Nadu,Erode
10024,civ_mact,19424,18.0,55.0,0.636842940507635,0.23546305147512345,0.06998588611470669,0.22841941472956803,0.24250668822067886,Tamil Nadu,Erode
10024,civ_misc,5500,12.0,56.0,0.48857329194862636,0.1770040738778268,0.07823543920017943,0.16492429064060402,0.18908385711504958,Tamil Nadu,Erode
10024,civ_suit,30366,17.0,71.0,0.5799071846236277,0.301213166981406,0.1535541690908347,0.29548073615313203,0.30694559780967995,Tamil Nadu,Erode
10024,crim_magisterial,37503,24.0,80.0,0.5986640058876032,0.415709049295833,0.2238411226045814,0.410211796076744,0.421206302514922,Tamil Nadu,Erode
10024,crim_sessions,1323,4.0,21.0,0.21671122113255328,0.049083426654720375,0.02167715277622507,0.034719601047396506,0.06344725226204424,Tamil Nadu,Erode
10024,other,1222,25.0,67.0,0.7394511076756982,0.3668552497985317,0.13327794685945488,0.3354658333942445,0.39824466620281884,Tamil Nadu,Erode
10025,civ_execution,3439,16.0,53.0,0.5976344651791903,0.19532977141665195,0.07624609220006719,0.18005088229847216,0.21060866053483174,Tamil Nadu,Tiruvarur
10025,civ_family,2638,12.0,37.0,0.4848359456553661,0.10300592166640168,0.02520138374157746,0.0890642859626593,0.11694755737014406,Tamil Nadu,Tiruvarur
10025,civ_mact,6000,13.0,46.0,0.5022995191898276,0.14691047375709443,0.048771103352663416,0.13679880983596504,0.15702213767822382,Tamil Nadu,Tiruvarur
10025,civ_misc,1338,21.0,54.0,0.7242470380698086,0.24475230480943644,0.06531589070807711,0.21692120006191032,0.2725834095569626,Tamil Nadu,Tiruvarur
10025,civ_suit,7178,22.0,76.0,0.6740391413178182,0.3344128326100741,0.17430329761936997,0.3220487580287205,0.3467769071914277,Tamil Nadu,Tiruvarur
10025,crim_magisterial,35226,1.0,52.0,0.28835403944566856,0.14662681337050412,0.07801325014185301,0.14261502775123236,0.15063859898977588,Tamil Nadu,Tiruvarur
10025,crim_sessions,1674,14.0,72.0,0.5364243588580919,0.20283406152222927,0.13069541513597863,0.18071296136830253,0.224955161676156,Tamil Nadu,Tiruvarur
10025,other,838,12.0,64.0,0.48664391367413357,0.2267812015847818,0.10722283333363242,0.19522427293776706,0.2583381302317965,Tamil Nadu,Tiruvarur
10026,civ_execution,6406,24.0,76.0,0.6966256062854111,0.3401856859384595,0.16129739433642196,0.32643643256212224,0.35393493931479675,Tamil Nadu,Krishnagiri
10026,civ_family,2672,12.0,42.0,0.4847811192845855,0.12974779856520083,0.03451789553492332,0.11469710578069736,0.1447984913497043,Tamil Nadu,Krishnagiri
10026,civ_mact,13120,17.0,55.0,0.5800793280545227,0.20061837115413,0.06938018155908299,0.19250670454654284,0.20873003776171717,Tamil Nadu,Krishnagiri
10026,civ_misc,1611,16.0,61.0,0.5792856543197924,0.2117291966983753,0.10219095094365892,0.18819179806540293,0.2352665953313477,Tamil Nadu,Krishnagiri
10026,civ_suit,12663,48.0,,0.7855927134022078,0.5804843113418421,0.4167115442245765,0.5708717551414336,0.5900968675422505,Tamil Nadu,Krishnagiri
10026,crim_magisterial,39042,1.0,68.0,0.32988238363642,0.22364948148673988,0.13516242343864496,0.21916699713320073,0.22813196584027903,Tamil Nadu,Krishnagiri
10026,crim_sessions,1884,11.0,48.0,0.46844045839532183,0.1521299448018495,0.07844576279749006,0.1329579227275587,0.1713019668761403,Tamil Nadu,Krishnagiri
10026,other,809,14.0,79.0,0.5369214649585233,0.26008634908717015,0.16926324018896993,0.22456786326305084,0.29560483491128947,Tamil Nadu,Krishnagiri
10027,civ_execution,7402,22.0,72.0,0.7294059101621798,0.3147009839743518,0.14619576389098982,0.3022896820156826,0.327112285933021,Tamil Nadu,Dindigul
10027,civ_family,698,20.0,62.0,0.6746380231343052,0.2687664260012563,0.10078619493513095,0.23077107229527355,0.306761779707239,Tamil Nadu,Dindigul
10027,civ_mact,9707,25.0,64.0,0.7606472347641544,0.30593239066425315,0.12394972393763547,0.29520651025355255,0.31665827107495376,Tamil Nadu,Dindigul
10027,civ_misc,3761,26.0,70.0,0.7380340640013768,0.3702470881812321,0.14700986865600932,0.3513533673811047,0.3891408089813595,Tamil Nadu,Dindigul
10027,civ_suit,25573,39.0,93.0,0.7836821198652679,0.5192367018888635,0.3073996649480837,0.5125335121142136,0.5259398916635134,Tamil Nadu,Dindigul
10027,crim_magisterial,53951,2.0,94.0,0.40767994962034854,0.3101325135020671,0.22165386947358628,0.30598490666289996,0.31428012034123426,Tamil Nadu,Dindigul
10027,crim_sessions,1758,19.0,88.0,0.6118116581843299,0.28537461654407376,0.1757610004005443,0.26001439976180374,0.3107348333263438,Tamil Nadu,Dindigul
10027,other,3624,5.0,50.0,0.34503593382967984,0.1554167862393012,0.06586545621608292,0.14239328685849914,0.16844028562010324,Tamil Nadu,Dindigul
10028,civ_execution,5419,23.0,81.0,0.7340633161618904,0.3511343406899428,0.17981774060213368,0.33573794945544233,0.3665307319244433,Tamil Nadu,Puducherry
10028,civ_family,4201,14.0,53.0,0.5286586956097891,0.21235275972118065,0.07435496255093621,0.19858361690200596,0.22612190254035533,Tamil Nadu,Puducherry
10028,civ_mact,11577,28.0,58.0,0.8431033082787821,0.3581313631968762,0.08657400775684478,0.3483017599956235,0.3679609663981289,Tamil Nadu,Puducherry
10028,civ_misc,2162,15.0,59.0,0.5784815756955138,0.2214432441905064,0.0962736295309615,0.200164455250474,0.2427220331305388,Tamil Nadu,Puducherry
10028,civ_suit,26003,7.0,64.0,0.35504205159886,0.1975951288869243,0.11468844201290972,0.19234864063711232,0.20284161713673626,Tamil Nadu,Puducherry
10028,crim_magisterial,28953,37.0,,0.6970258659237754,0.5010409676007079,0.34711319386291106,0.49475294285867055,0.5073289923427453,Tamil Nadu,Puducherry
10028,crim_sessions,722,37.0,88.0,0.8641097299677477,0.5076305924200382,0.3265928947193093,0.46496878768061084,0.5502923971594655,Tamil Nadu,Puducherry
10028,other,2487,32.0,81.0,0.7615602260264992,0.4463706719842614,0.22415834221706582,0.4234982181566905,0.4692431258118323,Tamil Nadu,Puducherry
10029,civ_execution,4168,21.0,56.0,0.6933224198670364,0.24953183955546043,0.08244067369947754,0.23444503290405458,0.2646186462068663,Tamil Nadu,Sivagangai
10029,civ_family,1216,13.0,57.0,0.5043667270601557,0.19660745692697387,0.0812149743861511,0.16966907323036276,0.22354584062358498,Tamil Nadu,Sivagangai
10029,civ_mact,3898,21.0,58.0,0.6470572565339774,0.28032134463003966,0.08747620732673081,0.26434952233065667,0.29629316692942265,Tamil Nadu,Sivagangai
10029,civ_misc,3285,22.0,61.0,0.6804319182460005,0.2805335016976228,0.1045858512160169,0.26275281482661295,0.2983141885686327,Tamil Nadu,Sivagangai
10029,civ_suit,11572,31.0,101.0,0.7499563486518559,0.44772786603137477,0.2682855736508009,0.4376788977867497,0.45777683427599986,Tamil Nadu,Sivagangai
10029,crim_magisterial,37380,2.0,98.0,0.40178622482807247,0.28246916803261435,0.20500533835395174,0.27750026809667816,0.28743806796855054,Tamil Nadu,Sivagangai
10029,crim_sessions,2350,31.0,96.0,0.6836937658547385,0.44790625894067493,0.24758914325832182,0.42461901992725276,0.4711934979540971,Tamil Nadu,Sivagangai
10029,other,1192,21.0,75.0,0.6521402074890083,0.328204455099983,0.19793881434072474,0.2961932930835913,0.3602156171163746,Tamil Nadu,Sivagangai
10030,civ_execution,2793,24.0,85.0,0.7437452726613071,0.3656009074743398,0.19670194785868259,0.34315585066420595,0.3880459642844737,Tamil Nadu,Ariyalur
10030,civ_family,943,9.0,46.0,0.4127113658204442,0.14681093084912925,0.0551907283323836,0.11915267356513454,0.17446918813312395,Tamil Nadu,Ariyalur
10030,civ_mact,3270,18.0,47.0,0.5974096862214294,0.19614716362275653,0.05013015718412444,0.18027029803746872,0.21202402920804433,Tamil Nadu,Ariyalur
10030,civ_misc,1491,19.0,48.0,0.6072149812844494,0.22383529367041988,0.04650270691457842,0.19840447263533548,0.24926611470550428,Tamil Nadu,Ariyalur
10030,civ_suit,8501,45.0,106.0,0.7722405461364736,0.5534421982015016,0.3919612531039186,0.5417459720705051,0.5651384243324982,Tamil Nadu,Ariyalur
10030,crim_magisterial,27636,2.0,37.0,0.22180381703272203,0.1001170253804573,0.04098125419143788,0.09590398493698904,0.10433006582392557,Tamil Nadu,Ariyalur
10030,crim_sessions,968,8.0,32.0,0.3706830252507748,0.083796017640383,0.004023128418948431,0.06004372372719032,0.10754831155357567,Tamil Nadu,Ariyalur
10030,other,2572,34.0,67.0,0.865598116551157,0.4390515709341188,0.16573664099992952,0.4192756070535889,0.45882753481464866,Tamil Nadu,Ariyalur
10031,civ_execution,9738,31.0,,0.8103319016173426,0.44534541245652526,0.2566727452904984,0.43386495678869763,0.4568258681243529,Tamil Nadu,Kancheepuram
10031,civ_family,9507,17.0,56.0,0.603551254491679,0.22228417555689042,0.07194644003242592,0.21256677236104274,0.2320015787527381,Tamil Nadu,Kancheepuram
10031,civ_mact,11028,43.0,94.0,0.8287782194813735,0.5660269942668624,0.33304128997977483,0.555610169704987,0.5764438188287379,Tamil Nadu,Kancheepuram
10031,civ_misc,3772,43.0,105.0,0.8468643517602819,0.5788393437644279,0.3745123794984017,0.5611274302614335,0.5965512572674223,Tamil Nadu,Kancheepuram
10031,civ_suit,30562,44.0,,0.8282816847776233,0.5665633725968279,0.36028639702684123,0.560477009796851,0.5726497353968047,Tamil Nadu,Kancheepuram
10031,crim_magisterial,57426,20.0,94.0,0.5448989197142925,0.4066649907860898,0.26490953568229686,0.4023416887244882,0.4109882928476914,Tamil Nadu,Kancheepuram
10031,crim_sessions,4317,40.0,,0.7271061508298746,0.524085357369342,0.3664197294063681,0.5080753977891355,0.5400953169495486,Tamil Nadu,Kancheepuram
10031,other,5077,19.0,69.0,0.641709722173563,0.28833798054361826,0.13846021647894846,0.2741910627289149,0.3024848983583216,Tamil Nadu,Kancheepuram
10032,civ_execution,8864,28.0,87.0,0.7428486279354003,0.3998740461355079,0.2104847885048343,0.3879439787570958,0.41180411351392004,Tamil Nadu,Tiruvallur
10032,civ_family,6050,18.0,60.0,0.6303761769340255,0.23506295043955128,0.09723089277417055,0.22220581846310217,0.2479200824160004,Tamil Nadu,Tiruvallur
10032,civ_mact,13792,32.0,90.0,0.7550579774144431,0.44081212936952,0.22514240166154714,0.4318358537909259,0.4497884049481141,Tamil Nadu,Tiruvallur
10032,civ_misc,3771,40.0,107.0,0.7827270836440078,0.5278213497406452,0.3818189153128328,0.5100063205054949,0.5456363789757955,Tamil Nadu,Tiruvallur
10032,civ_suit,21457,53.0,,0.8327157918165181,0.6092280021414458,0.4454623765613173,0.6019092694832008,0.6165467347996908,Tamil Nadu,Tiruvallur
10032,crim_magisterial,27903,44.0,,0.6961620130830282,0.5468391940440083,0.4110295202118307,0.5403073848684485,0.553371003219568,Tamil Nadu,Tiruvallur
10032,crim_sessions,2196,46.0,,0.7489828164626252,0.5644573553301505,0.4269222587754195,0.5412559754789553,0.5876587351813457,Tamil Nadu,Tiruvallur
10032,other,3316,42.0,105.0,0.8360891565837301,0.5662437762372111,0.31592784023777687,0.5477222832054066,0.5847652692690156,Tamil Nadu,Tiruvallur
10033,civ_execution,5689,30.0,73.0,0.7492003426190077,0.42298542991946525,0.19090966698240583,0.4079775640380835,0.437993295800847,Tamil Nadu,Tiruppur
10033,civ_family,5570,18.0,53.0,0.6261454995568775,0.21077597495038178,0.06412439038315182,0.1976883802347991,0.22386356966596446,Tamil Nadu,Tiruppur
10033,civ_mact,24519,34.0,72.0,0.8031217602506484,0.47232319714180704,0.21174903888466048,0.46499842973205596,0.4796479645515581,Tamil Nadu,Tiruppur
10033,civ_misc,1994,36.0,84.0,0.7969366485172852,0.4912389986082026,0.2648156183412765,0.46443757487105847,0.5180404223453468,Tamil Nadu,Tiruppur
10033,civ_suit,27946,29.0,84.0,0.6799002582161376,0.44573779668650737,0.28019644886247624,0.4393493311202722,0.45212626225274255,Tamil Nadu,Tiruppur
10033,crim_magisterial,64734,1.0,83.0,0.40792173033061035,0.31029345150771626,0.20591835176039838,0.3064570624004109,0.31412984061502164,Tamil Nadu,Tiruppur
10033,crim_sessions,1153,30.0,90.0,0.7954454681187152,0.4140852840411851,0.19808390298053816,0.3807550251582269,0.4474155429241433,Tamil Nadu,Tiruppur
10033,other,1016,36.0,81.0,0.8249630845968846,0.49651907392340816,0.26811855713528054,0.46095030025608263,0.5320878475907337,Tamil Nadu,Tiruppur
11001,civ_execution,3575,,,0.9356643356643354,0.8136700105945713,0.717497297246744,0.8001158661055093,0.8272241550836333,Orissa,Cuttack
11001,civ_mact,9943,36.0,,0.8208790103590465,0.4952539167419791,0.31036938993933827,0.48451886161951074,0.5059889718644475,Orissa,Cuttack
11001,civ_misc,5619,29.0,,0.7124043424096814,0.4356270058453738,0.32227970772488274,0.4221740659669568,0.4490799457237908,Orissa,Cuttack
11001,civ_suit,21941,44.0,,0.8484116494234538,0.5599497403319611,0.39799156322171053,0.5530163939791906,0.5668830866847316,Orissa,Cuttack
11001,crim_magisterial,58047,59.0,,0.821506710079763,0.6442301420665824,0.49000949559547,0.6399437080529398,0.648516576080225,Orissa,Cuttack
11001,other,37206,27.0,,0.5794764285330324,0.45945184763528923,0.35602478469721627,0.4541396370052428,0.4647640582653357,Orissa,Cuttack
11002,civ_execution,691,,,0.9348769898697538,0.7252361116971672,0.6210410017417375,0.6896050734224679,0.7608671499718664,Orissa,Kendrapada
11002,civ_mact,1298,39.0,,0.8967642526964561,0.5350251056851406,0.2982891440652986,0.5057395543896169,0.5643106569806643,Orissa,Kendrapada
11002,civ_misc,569,48.0,,0.7451669595782074,0.5413840733194355,0.44043368765648383,0.49115471531622745,0.5916134313226435,Orissa,Kendrapada
11002,civ_suit,7170,59.0,,0.906276150627615,0.705920970062849,0.49355429564915,0.69486872104007,0.716973219085628,Orissa,Kendrapada
11002,crim_magisterial,15119,,,0.8882201203783319,0.7544509417009276,0.6546438684279862,0.7473230344286775,0.7615788489731777,Orissa,Kendrapada
11002,other,15110,43.0,,0.7639973527465252,0.5530008674372437,0.3777371938577859,0.5438746465654442,0.5621270883090433,Orissa,Kendrapada
11003,civ_misc,1054,35.0,73.0,0.7760910815939277,0.4836269456660389,0.1768120864537466,0.45127550969261426,0.5159783816394636,Orissa,Nuapada
11003,civ_suit,2167,28.0,,0.7295800646054453,0.40735645693255973,0.23061034762044466,0.38131492539062545,0.433397988474494,Orissa,Nuapada
11003,crim_magisterial,11448,51.0,,0.8746505939902166,0.6040188255661681,0.43600731376596075,0.5941245242297336,0.6139131269026027,Orissa,Nuapada
11003,other,9388,26.0,57.0,0.708031529612271,0.29460277427012366,0.06158844169626925,0.284315834570609,0.3048897139696383,Orissa,Nuapada
11004,civ_execution,1594,,,0.9015056461731492,0.7760456724269209,0.6765451288793238,0.7541528021141655,0.7979385427396763,Orissa,Ganjam
11004,civ_family,1061,34.0,,0.6936852026390197,0.49132092998613064,0.4038865030444408,0.4595131956527346,0.5231286643195268,Orissa,Ganjam
11004,civ_mact,3771,35.0,104.0,0.7968708565367275,0.4872672582137375,0.24683015346302067,0.4702860672997335,0.5042484491277416,Orissa,Ganjam
11004,civ_misc,791,27.0,,0.6965865992414666,0.3906476225945038,0.2484280424851263,0.353340682619073,0.42795456256993464,Orissa,Ganjam
11004,civ_suit,8608,45.0,,0.8895213754646838,0.5813735189410316,0.36016637667283113,0.5703024685005654,0.5924445693814978,Orissa,Ganjam
11004,crim_bail,6949,1.0,19.0,0.17642826305943304,0.012390533213998516,0.00014928353269877731,0.009746344635850474,0.015034721792146558,Orissa,Ganjam
11004,crim_magisterial,44714,74.0,,0.8648298072192154,0.7166234693747456,0.591178079652834,0.7121558074730974,0.7210911312763939,Orissa,Ganjam
11004,crim_sessions,6022,65.0,,0.8375954832281635,0.6739236035125461,0.5255646972025386,0.6613844159638235,0.6864627910612687,Orissa,Ganjam
11004,other,14257,22.0,,0.5960580767342358,0.3716079932369735,0.21282717584944102,0.3631109876231993,0.3801049988507477,Orissa,Ganjam
11005,civ_execution,1929,,,0.9699326075686886,0.8703267357597358,0.7881127160094215,0.8545336829263354,0.8861197885931363,Orissa,Balasore
11005,civ_mact,4228,24.0,74.0,0.7204351939451278,0.32693931869081894,0.1407202000059238,0.3107425461963814,0.34313609118525645,Orissa,Balasore
11005,civ_misc,5130,37.0,,0.7487329434697856,0.505328633201724,0.3967212079998768,0.49077453955874223,0.5198827268447059,Orissa,Balasore
11005,civ_suit,24244,50.0,,0.7579607325523843,0.6026105804858679,0.43069052296623433,0.5961049597368738,0.609116201234862,Orissa,Balasore
11005,crim_bail,11138,0.0,1.0,0.00044891362901777705,0.00044891362901777705,,5.551181539682439e-05,0.0008423154426387297,Orissa,Balasore
11005,crim_magisterial,61376,,,0.9261600625651719,0.803390196111545,0.6894384345704235,0.8000263810681988,0.8067540111548913,Orissa,Balasore
11005,crim_sessions,5061,35.0,,0.7111242837383914,0.49089716193304817,0.3630882611095049,0.4763385369431982,0.505455786922898,Orissa,Balasore
11005,other,31662,40.0,,0.8116669825026845,0.5520176999638665,0.250639755634741,0.5458857577191184,0.5581496422086146,Orissa,Balasore
11006,civ_execution,508,54.0,,0.9153543307086613,0.6801424436076438,0.43535404253655435,0.6373365051237799,0.7229483820915076,Orissa,Koraput
11006,civ_family,300,36.0,,0.7966666666666667,0.4882040906178215,0.3562695690070937,0.4266821816574713,0.5497259995781717,Orissa,Koraput
11006,civ_mact,1391,30.0,68.0,0.7907979870596695,0.4253073868339142,0.14807634205260267,0.3967140575245711,0.45390071614325733,Orissa,Koraput
11006,civ_misc,691,,,0.7713458755426917,0.6369214170471492,0.5528019561187101,0.59954437039472,0.6742984636995785,Orissa,Koraput
11006,civ_suit,2453,59.0,,0.8719934773746433,0.6421897594427527,0.4868190157180046,0.621500491947742,0.6628790269377633,Orissa,Koraput
11006,crim_bail,3892,0.0,2.0,0.07322713257965054,0.0721658697886411,0.07004334420662224,0.06403417016456439,0.08029756941271782,Orissa,Koraput
11006,crim_magisterial,21069,55.0,,0.8296074801841569,0.617053495762249,0.4686694097165025,0.6098664917499657,0.6242404997745323,Orissa,Koraput
11006,crim_sessions,2891,35.0,,0.7326184711172605,0.48707131390833475,0.34896555404980634,0.4668508302386355,0.507291797578034,Orissa,Koraput
11006,other,18072,30.0,72.0,0.6816069057104914,0.4387305195430247,0.17822985787071724,0.43051013488020357,0.4469509042058459,Orissa,Koraput
11007,civ_execution,857,75.0,,0.927654609101517,0.764151205471727,0.5990039453805854,0.7340693662096567,0.7942330447337973,Orissa,Dhenkanal
11007,civ_mact,2548,28.0,,0.7770800627943485,0.3968966116238176,0.24241483921276877,0.3770395589484016,0.41675366429923366,Orissa,Dhenkanal
11007,civ_misc,2112,35.0,,0.7552083333333336,0.48321878102729726,0.32089075233634456,0.4608458820241881,0.5055916800304064,Orissa,Dhenkanal
11007,civ_suit,7174,62.0,,0.9148313353777532,0.677431042363473,0.5060936661141031,0.6660143651264754,0.6888477196004705,Orissa,Dhenkanal
11007,crim_bail,215,0.0,1.0,,,,,,Orissa,Dhenkanal
11007,crim_magisterial,24031,56.0,,0.8674212475552413,0.6536891262727416,0.4575191054330191,0.6472377372099354,0.6601405153355477,Orissa,Dhenkanal
11007,crim_sessions,310,48.0,57.0,0.9000000000000001,0.6607496169540432,,0.6031483694236779,0.7183508644844085,Orissa,Dhenkanal
11007,other,9355,26.0,75.0,0.5871726349545696,0.4352099323212081,0.1875028867036386,0.4241803098058005,0.44623955483661565,Orissa,Dhenkanal
11008,civ_execution,4080,88.0,,0.9352941176470589,0.7567183832887723,0.6304778629856891,0.7419484280344936,0.771488338543051,Orissa,Khurda
11008,civ_mact,1072,44.0,,0.9179104477611941,0.5937165962640604,0.325402600544832,0.5620615203317413,0.6253716721963795,Orissa,Khurda
11008,civ_misc,1628,67.0,,0.8550368550368551,0.6668119186124043,0.5492692209755258,0.6425783991106537,0.6910454381141549,Orissa,Khurda
11008,civ_suit,23852,105.0,,0.9303622337749453,0.8319430174633576,0.712598177715301,0.8269742058233777,0.8369118291033376,Orissa,Khurda
11008,crim_bail,5591,1.0,1.0,0.03487748166696476,0.03469294472692791,,0.029895583409363595,0.039490306044492225,Orissa,Khurda
11008,crim_magisterial,69635,,,0.9163926186544122,0.7858152910446141,0.6817666009175685,0.7826113945273157,0.7890191875619126,Orissa,Khurda
11008,crim_sessions,1524,82.0,,0.8162729658792651,0.6771471333762706,0.5578778035881454,0.652477984767477,0.7018162819850643,Orissa,Khurda
11008,other,18234,63.0,,0.798782494241527,0.6289656381938135,0.508821560222091,0.6215915787821734,0.6363396976054535,Orissa,Khurda
11009,civ_misc,517,15.0,78.0,0.549323017408124,0.2457300545847671,0.15597223029749158,0.203178481712878,0.2882816274566562,Orissa,Gajapati
11009,civ_suit,643,25.0,84.0,0.7869362363919128,0.32671865947119655,0.16524400799204497,0.28806822404748056,0.36536909489491254,Orissa,Gajapati
11009,crim_bail,934,0.0,1.0,0.0,,,,,Orissa,Gajapati
11009,crim_magisterial,9038,33.0,105.0,0.7747289223279485,0.4588413232650204,0.2758363352482358,0.4477344242077109,0.4699482223223299,Orissa,Gajapati
11009,other,16577,17.0,46.0,0.5783314230560416,0.2347978073215491,0.014833649603017675,0.22792408842140388,0.2416715262216943,Orissa,Gajapati
11010,civ_execution,455,59.0,,0.876923076923077,0.6242776922942415,0.4864876914630315,0.5720110362437022,0.6765443483447807,Orissa,Kalahandi
11010,civ_mact,995,26.0,85.0,0.8110552763819094,0.3416433932947097,0.2018138015313843,0.3077920961291608,0.37549469046025863,Orissa,Kalahandi
11010,civ_misc,1959,15.0,66.0,0.5426237876467584,0.30932206758778114,0.12764137620439162,0.28735306900544877,0.3312910661701135,Orissa,Kalahandi
11010,civ_suit,1917,45.0,,0.8914971309337505,0.5754535740146456,0.3889097271829843,0.5502195952451002,0.600687552784191,Orissa,Kalahandi
11010,crim_magisterial,10886,64.0,,0.8699246738930739,0.6837843609671637,0.5284717785545218,0.6744523180890676,0.6931164038452597,Orissa,Kalahandi
11010,crim_sessions,914,40.0,,0.7735229759299782,0.540085430959773,0.3383965168547773,0.5039857171996022,0.5761851447199439,Orissa,Kalahandi
11010,other,19756,28.0,72.0,0.6541810083012758,0.43686238033938807,0.1603139544535966,0.428824972303121,0.44489978837565514,Orissa,Kalahandi
11011,civ_execution,891,,,0.961840628507295,0.9022678483406309,0.8195970281069275,0.881481016696298,0.9230546799849638,Orissa,Sambalpur
11011,civ_mact,267,32.0,82.0,0.7715355805243445,0.4402850854505084,0.36479755436043726,0.3722575400140061,0.5083126308870106,Orissa,Sambalpur
11011,civ_misc,688,,,0.7340116279069767,0.6427183676522681,0.591768152193898,0.6064233744697902,0.679013360834746,Orissa,Sambalpur
11011,civ_suit,3633,,,0.9600880814753645,0.8316007644610584,0.7136306887213134,0.8185699155173206,0.8446316134047961,Orissa,Sambalpur
11011,crim_magisterial,27603,76.0,,0.8688186066731876,0.7705943458220387,0.6263127204224899,0.7651266244504575,0.7760620671936198,Orissa,Sambalpur
11011,crim_sessions,558,,,0.9964157706093191,0.928662210230346,0.8276919459502311,0.9053315200853475,0.9519929003753446,Orissa,Sambalpur
11011,other,21084,42.0,,0.7244355909694558,0.5306449374111285,0.44435051154984506,0.5233273573888565,0.5379625174334005,Orissa,Sambalpur
11012,civ_execution,607,100.0,,0.9275123558484346,0.7796962588188232,0.7379433867457263,0.7426077740144357,0.8167847436232107,Orissa,Jharsuguda
11012,civ_mact,393,27.0,,0.7353689567430026,0.3445723629081134,0.27045660719906395,0.2878779053309909,0.4012668204852359,Orissa,Jharsuguda
11012,civ_misc,322,,,0.8726708074534163,0.6475154995293879,0.5676450435541704,0.5929805800687714,0.7020504189900044,Orissa,Jharsuguda
11012,civ_suit,1942,70.0,,0.9042224510813595,0.7075405742820872,0.5827144654616164,0.685946748408374,0.7291344001558003,Orissa,Jharsuguda
11012,crim_magisterial,20321,,,0.8414940209635353,0.7797675807155887,0.7504037973808757,0.7735114530837934,0.786023708347384,Orissa,Jharsuguda
11012,other,3945,28.0,,0.6273764258555133,0.4433710269816125,0.27498731338630833,0.4266442125798183,0.4600978413834067,Orissa,Jharsuguda
11013,civ_execution,2101,63.0,,0.8876725368871966,0.7176721988479854,0.5463476762758784,0.6977926711496336,0.7375517265463372,Orissa,Keonjhar
11013,civ_mact,2059,35.0,76.0,0.8377853326857698,0.4873392433584883,0.23828299143010317,0.46377171888047103,0.5109067678365057,Orissa,Keonjhar
11013,civ_misc,957,32.0,,0.7335423197492161,0.452632237749427,0.24190722483747756,0.41887951413174673,0.4863849613671073,Orissa,Keonjhar
11013,civ_suit,3420,60.0,,0.9061403508771932,0.7153684223766974,0.49260576462105116,0.6989215463566141,0.7318152983967807,Orissa,Keonjhar
11013,crim_magisterial,33507,85.0,,0.8691318232011221,0.7441723494566405,0.6182853074196429,0.7393467897564713,0.7489979091568096,Orissa,Keonjhar
11013,other,19284,34.0,,0.6569695084007465,0.4762324063222201,0.3284497393089925,0.46818655620905336,0.4842782564353868,Orissa,Keonjhar
11014,civ_execution,877,,,0.974914481185861,0.8588875754780728,0.7148038773950569,0.83398893275018,0.8837862182059656,Orissa,Jagatsinghpur
11014,civ_mact,2232,43.0,102.0,0.8803763440860216,0.5738780213135417,0.3230226686438344,0.5522330285427569,0.5955230140843265,Orissa,Jagatsinghpur
11014,civ_misc,1600,27.0,,0.693125,0.43333690374519096,0.3399879537198936,0.4073076129805492,0.45936619450983274,Orissa,Jagatsinghpur
11014,civ_suit,7820,62.0,,0.9365728900255754,0.7331549585123757,0.5120413252196877,0.7226297103815431,0.7436802066432082,Orissa,Jagatsinghpur
11014,crim_magisterial,22083,82.0,,0.9083457863514922,0.7654020647960895,0.6310473163747972,0.7594769894718324,0.7713271401203466,Orissa,Jagatsinghpur
11014,other,16776,25.0,,0.5844659036719123,0.4257736384761373,0.31560249855132866,0.41750138335242687,0.43404589359984774,Orissa,Jagatsinghpur
11015,civ_execution,963,,,0.9906542056074767,0.9611875665388494,0.8998735233232017,0.9478232626411737,0.9745518704365251,Orissa,Puri
11015,civ_mact,3916,52.0,,0.9456077630234934,0.6511541473267408,0.45589580550984543,0.6351741769161102,0.6671341177373714,Orissa,Puri
11015,civ_misc,2443,117.0,,0.8702415063446582,0.7494687038531076,0.6565637580775594,0.7316060010696203,0.7673314066365949,Orissa,Puri
11015,civ_suit,9179,67.0,,0.8911646148817955,0.6979690012750206,0.5361225532319686,0.6880506516586038,0.7078873508914374,Orissa,Puri
11015,crim_bail,6086,1.0,3.0,0.018402891883010187,0.009211371988906933,0.008398603872238675,0.006732249145296404,0.011690494832517462,Orissa,Puri
11015,crim_magisterial,31254,83.0,,0.8952454085877007,0.7559387742993928,0.6219125307182914,0.7510268693723477,0.7608506792264379,Orissa,Puri
11015,other,22271,59.0,,0.8160387948453145,0.6319153654232966,0.49059004992104155,0.6251912837320036,0.6386394471145896,Orissa,Puri
11016,civ_execution,1681,82.0,,0.9875074360499702,0.8879855702876177,0.6863977953846241,0.8719111444524338,0.9040599961228016,Orissa,Sundargarh
11016,civ_family,447,38.0,,0.8277404921700224,0.5427418745990263,0.39181704792643873,0.48804828265476013,0.5974354665432926,Orissa,Sundargarh
11016,civ_mact,2565,28.0,81.0,0.7797270955165692,0.3950540980014904,0.20382241951389649,0.3740792338000686,0.4160289622029122,Orissa,Sundargarh
11016,civ_misc,1432,57.0,,0.6962290502793298,0.5740833151222189,0.49079752742917376,0.5469965718988422,0.6011700583455956,Orissa,Sundargarh
11016,civ_suit,7329,62.0,,0.916496111338518,0.7468573357866825,0.5071539607792391,0.7361560656464912,0.7575586059268737,Orissa,Sundargarh
11016,crim_bail,782,0.0,,0.12020460358056265,0.12020460358056265,0.12020460358056265,0.09741146727274375,0.14299773988838155,Orissa,Sundargarh
11016,crim_magisterial,46882,,,0.9389317861865961,0.8152303683750299,0.6892535614253434,0.811488550757105,0.8189721859929548,Orissa,Sundargarh
11016,crim_sessions,3404,26.0,,0.6797884841363104,0.40763756220540487,0.25791545578374486,0.3898395351074252,0.42543558930338454,Orissa,Sundargarh
11016,other,25228,25.0,76.0,0.560290153797368,0.44153640526082233,0.14415136724109964,0.4350411790689781,0.44803163145266656,Orissa,Sundargarh
11017,civ_execution,521,,,0.9232245681381956,0.7793061188986856,0.6844938404670922,0.7398605691600368,0.8187516686373344,Orissa,Balangir
11017,civ_mact,1122,39.0,,0.859180035650624,0.5274373059777436,0.30271633205249276,0.4964983611866713,0.558376250768816,Orissa,Balangir
11017,civ_misc,383,60.0,,0.8459530026109662,0.621463413321409,0.49856517650013715,0.562787510892197,0.6801393157506209,Orissa,Balangir
11017,civ_suit,4550,60.0,,0.8314285714285715,0.6348774061065497,0.49778673056465855,0.6197819884064218,0.6499728238066776,Orissa,Balangir
11017,crim_magisterial,26420,73.0,,0.8763436790310372,0.6978386700718417,0.5604670732167921,0.6916773265795718,0.7040000135641117,Orissa,Balangir
11017,crim_sessions,308,46.0,,0.9090909090909091,0.6276640346465424,0.41507023244545477,0.5579087449685185,0.6974193243245663,Orissa,Balangir
11017,other,9957,21.0,,0.5497639851360852,0.3888873117816285,0.28776351285337604,0.3784115144286312,0.3993631091346258,Orissa,Balangir
11018,civ_execution,1133,,,0.9638128861429835,0.833166540723898,0.7167399961441386,0.8101546125329505,0.8561784689148454,Orissa,Bhadrak
11018,civ_family,1013,19.0,61.0,0.6288252714708786,0.3056015295581237,0.10495328400124702,0.277217061678311,0.3339859974379364,Orissa,Bhadrak
11018,civ_mact,1490,26.0,89.0,0.7973154362416107,0.3465663797326351,0.17873729464669402,0.3193895713705675,0.3737431880947027,Orissa,Bhadrak
11018,civ_misc,4191,77.0,,0.7749940348365546,0.6257004514405355,0.5495080043002699,0.6097805292233536,0.6416203736577175,Orissa,Bhadrak
11018,civ_suit,12446,,,0.9260806684878676,0.8056423905604976,0.6970478431574516,0.7982932235686386,0.8129915575523565,Orissa,Bhadrak
11018,crim_bail,8337,0.0,1.0,0.0013194194554396067,0.0004947822957898525,0.0004947822957898525,0.0,0.0010251715871474848,Orissa,Bhadrak
11018,crim_magisterial,31783,90.0,,0.9060818676651039,0.7719150192102603,0.6251679170685414,0.7668812460757807,0.7769487923447399,Orissa,Bhadrak
11018,crim_sessions,3077,72.0,,0.7439064023399418,0.5807437666103955,0.5220121453870376,0.5622078605490685,0.5992796726717226,Orissa,Bhadrak
11018,other,14180,49.0,,0.7771509167842031,0.5836059767875296,0.4055687227638052,0.5745480548385551,0.592663898736504,Orissa,Bhadrak
11019,civ_execution,1878,,,0.9696485623003196,0.8237888475070718,0.7022613803843114,0.8050517962855673,0.8425258987285763,Orissa,Jajpur
11019,civ_mact,1762,51.0,118.0,0.9057888762769579,0.6671932530757432,0.43489831187664457,0.6432314607990433,0.6911550453524431,Orissa,Jajpur
11019,civ_misc,1044,50.0,,0.8706896551724138,0.5804720468560041,0.4357393445198305,0.5481308824241197,0.6128132112878885,Orissa,Jajpur
11019,civ_suit,12078,97.0,,0.9576088756416623,0.8365671098271202,0.6899189469959824,0.8295689708115191,0.8435652488427213,Orissa,Jajpur
11019,crim_magisterial,16947,,,0.9373930489172124,0.8018633830353777,0.6914345506651053,0.7955131984655189,0.8082135676052365,Orissa,Jajpur
11019,crim_sessions,2096,51.0,,0.8172709923664123,0.6095906487886282,0.4315179721666734,0.5862190531038242,0.6329622444734323,Orissa,Jajpur
11019,other,18256,23.0,,0.5931748466257669,0.4007041797960366,0.2976864615986531,0.39300669918517933,0.4084016604068939,Orissa,Jajpur
11020,civ_suit,2216,56.0,,0.9363718411552346,0.6956905810217557,0.45664457740099346,0.6751974648440109,0.7161836971995006,Orissa,Sonepur
11020,crim_magisterial,8493,57.0,,0.876015542211233,0.6545106175341431,0.4806379704312761,0.6438449797980331,0.665176255270253,Orissa,Sonepur
11020,other,12189,14.0,65.0,0.5149725162031341,0.25972845974267494,0.11328100839566493,0.25074690568905617,0.2687100137962937,Orissa,Sonepur
11021,civ_execution,517,58.0,,0.862669245647969,0.6993602029096007,0.48821360020836135,0.6505695059436506,0.7481508998755507,Orissa,Rayagada
11021,civ_misc,826,33.0,,0.6561743341404358,0.4785106181188397,0.18896109772837816,0.4326415530468915,0.5243796831907879,Orissa,Rayagada
11021,civ_suit,1705,20.0,91.0,0.6750733137829911,0.30019807165611545,0.1822484935813677,0.27621480633231377,0.32418133697991713,Orissa,Rayagada
11021,crim_bail,1512,0.0,1.0,0.000661375661375661,0.000661375661375661,,0.0,0.001957243217360479,Orissa,Rayagada
11021,crim_magisterial,17682,40.0,,0.7464087772876372,0.5280332215534896,0.36568445831349833,0.520173397823223,0.5358930452837563,Orissa,Rayagada
11021,crim_sessions,296,23.0,104.0,0.7195945945945946,0.2805575528135239,0.14685449809228515,0.22005206735372856,0.34106303827331924,Orissa,Rayagada
11021,other,27563,31.0,57.0,0.6240612415194283,0.4382913065219101,0.049768545330743603,0.4321298035433893,0.4444528095004309,Orissa,Rayagada
11022,civ_misc,212,29.0,90.0,0.7075471698113207,0.45055229430641647,0.22163564160936222,0.3799457336914853,0.5211588549213476,Orissa,Nayagarh
11022,civ_suit,3627,56.0,,0.8968844775296388,0.6488001091788913,0.44970723815981595,0.632353987347775,0.6652462310100076,Orissa,Nayagarh
11022,crim_bail,2217,0.0,1.0,,,,,,Orissa,Nayagarh
11022,crim_magisterial,16598,88.0,,0.8932401494155925,0.7435455398168551,0.5986193056889105,0.7363330226663007,0.7507580569674095,Orissa,Nayagarh
11022,other,7662,36.0,,0.751239885147481,0.4944004361703615,0.265213106526473,0.4822709927230374,0.5065298796176856,Orissa,Nayagarh
11023,civ_misc,464,31.0,,0.6487068965517243,0.4785688822508066,0.4138008311149099,0.4248943431032425,0.5322434213983708,Orissa,Kandhamal
11023,civ_suit,1648,34.0,81.0,0.9144417475728154,0.45214435014729726,0.2171860691274984,0.4264597960537063,0.4778289042408882,Orissa,Kandhamal
11023,crim_magisterial,13440,42.0,,0.794345238095238,0.5462778195620626,0.3812071275586076,0.5370704553192166,0.5554851838049085,Orissa,Kandhamal
11023,crim_sessions,1536,23.0,87.0,0.6432291666666667,0.37705891388874907,0.22066941223649558,0.351996388425578,0.40212143935192013,Orissa,Kandhamal
11023,other,13303,11.0,56.0,0.4727505074043449,0.2574354362737449,0.08045414392653952,0.2488936694889669,0.26597720305852285,Orissa,Kandhamal
11024,civ_mact,245,20.0,50.0,0.763265306122449,0.22594866018206172,0.0554829487780396,0.15585596884575112,0.2960413515183723,Orissa,Boudh
11024,civ_misc,365,36.0,,0.6739726027397259,0.49557265641787857,0.3524888363914098,0.4342711254606021,0.556874187375155,Orissa,Boudh
11024,civ_suit,1029,22.0,66.0,0.7152575315840622,0.325582633805404,0.11438257253291544,0.2928349903985612,0.35833027721224675,Orissa,Boudh
11024,crim_bail,916,0.0,1.0,,,,,,Orissa,Boudh
11024,crim_magisterial,7170,68.0,,0.8793584379358439,0.6989674055815414,0.5363913148121473,0.6873899766413137,0.710544834521769,Orissa,Boudh
11024,crim_sessions,1460,27.0,,0.6424657534246576,0.4379943035816847,0.3049391192037428,0.4096930320855654,0.46629557507780395,Orissa,Boudh
11024,other,8146,6.0,55.0,0.38497422047630747,0.2579827073857264,0.05488441798612871,0.24748164096976363,0.2684837738016891,Orissa,Boudh
11026,civ_execution,800,,,0.98375,0.9238043222036033,0.8499627009821819,0.9005220505574976,0.9470865938497091,Orissa,Mayurbhanj
11026,civ_family,337,28.0,,0.7537091988130564,0.36880313627695926,0.2732744900150512,0.30808828120297915,0.4295179913509394,Orissa,Mayurbhanj
11026,civ_misc,1413,38.0,,0.7544232130219393,0.5085892986652636,0.3743404658563007,0.48118703401875246,0.5359915633117747,Orissa,Mayurbhanj
11026,civ_suit,8043,89.0,,0.9210493596916574,0.7476476460272333,0.6165662966871296,0.7373383870397835,0.7579569050146832,Orissa,Mayurbhanj
11026,crim_magisterial,26495,,,0.8920928477071145,0.7995665435392183,0.7130168495748307,0.794409370474354,0.8047237166040826,Orissa,Mayurbhanj
11026,crim_sessions,2193,25.0,,0.7414500683994528,0.3783737432910291,0.22369226943300433,0.3561678393539734,0.40057964722808476,Orissa,Mayurbhanj
11026,other,10795,25.0,,0.7498842056507643,0.41875339740380924,0.23713699896926846,0.40877916351921545,0.428727631288403,Orissa,Mayurbhanj
11027,civ_execution,1238,,,0.9426494345718902,0.839372916515852,0.7921701264525943,0.8173821892875528,0.8613636437441512,Orissa,Anugul
11027,civ_mact,2131,24.0,66.0,0.7963397465978415,0.2845795477876919,0.1196478102440118,0.26195979403583713,0.30719930153954667,Orissa,Anugul
11027,civ_misc,1969,59.0,,0.9598781107160999,0.9026089719958325,0.44953052479626754,0.8893690730052406,0.9158488709864243,Orissa,Anugul
11027,civ_suit,5465,96.0,,0.9487648673376027,0.8296603356242256,0.707909553198973,0.8190149612178655,0.8403057100305856,Orissa,Anugul
11027,crim_magisterial,27301,,,0.9391597377385446,0.8666344505807424,0.7376076967457709,0.8623532784255951,0.8709156227358897,Orissa,Anugul
11027,crim_sessions,1134,75.0,,0.9409171075837742,0.7944656569117435,0.563669559440258,0.7674799865470885,0.8214513272763986,Orissa,Anugul
11027,other,15658,48.0,96.0,0.7298505556265169,0.6424541898230578,0.33873817441936355,0.6347531594324202,0.6501552202136954,Orissa,Anugul
11029,civ_execution,970,64.0,,0.9103092783505156,0.7193063057161317,0.5205974896583861,0.6895240178304434,0.7490885936018201,Orissa,Bargarh
11029,civ_mact,990,45.0,94.0,0.8959595959595961,0.6311952551093419,0.31267340170890423,0.5988916863307213,0.6634988238879626,Orissa,Bargarh
11029,civ_misc,266,44.0,,0.8533834586466168,0.5502081624077825,0.36002182006511096,0.48702280655707364,0.6133935182584913,Orissa,Bargarh
11029,civ_suit,4305,61.0,,0.9061556329849014,0.6808937567968959,0.505398737132432,0.6654651178047898,0.696322395789002,Orissa,Bargarh
11029,crim_magisterial,28730,83.0,,0.9366167768882699,0.796368452099796,0.6166448258573358,0.7913503129684165,0.8013865912311755,Orissa,Bargarh
11029,other,13329,32.0,57.0,0.6662915447520442,0.4216120783834694,0.07890855845819113,0.41195904595143723,0.4312651108155016,Orissa,Bargarh
11030,civ_mact,392,60.0,86.0,0.9260204081632651,0.654505106304193,0.4900416140464609,0.6038306337320861,0.7051795788762999,Orissa,Deogarh
11030,civ_suit,386,56.0,,0.8523316062176165,0.6346214317783326,0.46827955236276614,0.5786256571040699,0.6906172064525954,Orissa,Deogarh
11030,crim_magisterial,3597,34.0,,0.7764804003336113,0.47320151959442713,0.26956470449340847,0.454799773069313,0.49160326611954125,Orissa,Deogarh
11030,other,9704,35.0,,0.67219703215169,0.48971313530493843,0.3466063053253639,0.47935445347572936,0.5000718171341475,Orissa,Deogarh
11031,civ_suit,556,9.0,54.0,0.42985611510791355,0.16080097837705623,0.0997460838178909,0.12137749395018191,0.20022446280393055,Orissa,Malkangiri
11031,crim_magisterial,3756,40.0,,0.7454739084132055,0.5275677218174397,0.38527492526839247,0.5088434692210101,0.5462919744138693,Orissa,Malkangiri
11031,crim_sessions,375,19.0,76.0,0.5946666666666667,0.30841218494066996,0.1616835832589784,0.2597109343688525,0.3571134355124874,Orissa,Malkangiri
11031,other,4765,28.0,54.0,0.6669464847848896,0.4431673533088541,0.015363964511245226,0.42218490741432296,0.4641497992033852,Orissa,Malkangiri
11032,civ_suit,709,28.0,78.0,0.8533145275035261,0.3926832243984324,0.18608963036429804,0.34879612068233407,0.4365703281145307,Orissa,Nabarangpur
11032,crim_bail,1469,1.0,,0.17971409121851598,0.159366750236597,0.159366750236597,0.1404540895877777,0.1782794108854163,Orissa,Nabarangpur
11032,crim_magisterial,8416,77.0,,0.8697718631178705,0.6815242530989885,0.556483363902924,0.67120396902652,0.6918445371714569,Orissa,Nabarangpur
11032,crim_sessions,1720,15.0,85.0,0.5401162790697674,0.2455640118997588,0.1413467795297421,0.22318553992765677,0.2679424838718608,Orissa,Nabarangpur
11032,other,8966,27.0,62.0,0.659937541824671,0.3404343401307585,0.10551995456395852,0.32802283300072405,0.352845847260793,Orissa,Nabarangpur
12001,civ_execution,531,23.0,63.0,0.6970707423469589,0.3173433713128929,0.12632726307533562,0.26762358994746827,0.3670631526783176,Jammu and Kashmir,Kathua
12001,civ_mact,2369,20.0,51.0,0.6750732293556098,0.23585419999975304,0.04957352150066069,0.2164716014635668,0.2552367985359393,Jammu and Kashmir,Kathua
12001,civ_misc,1765,16.0,72.0,0.5750006749481309,0.2790570384115047,0.14111963850889855,0.2558864609145104,0.302227615908499,Jammu and Kashmir,Kathua
12001,civ_suit,1870,32.0,,0.7205098325905553,0.47330378286585206,0.30925685822203763,0.4475731599144715,0.49903440581723263,Jammu and Kashmir,Kathua
12001,crim_bail,432,0.0,2.0,0.0031214565098294012,,,,,Jammu and Kashmir,Kathua
12001,crim_magisterial,6477,30.0,86.0,0.6830080705633697,0.4507988856986799,0.22926928293824816,0.43757269188504566,0.4640250795123141,Jammu and Kashmir,Kathua
12001,crim_sessions,587,44.0,73.0,0.8727503734714741,0.6380405912464874,0.2842309401996691,0.5929041431982093,0.6831770392947655,Jammu and Kashmir,Kathua
12001,other,832,14.0,,0.5185721190461713,0.3191144052906926,0.2539913027703254,0.2823596001602292,0.35586921042115605,Jammu and Kashmir,Kathua
12002,civ_execution,476,22.0,79.0,0.7010691814910305,0.27851916358655865,0.17821365328800656,0.2282040311906096,0.3288342959825077,Jammu and Kashmir,Udhampur
12002,civ_mact,1150,32.0,63.0,0.8931729612974596,0.4197159006928393,0.13209241162871446,0.3882308470036286,0.45120095438205005,Jammu and Kashmir,Udhampur
12002,civ_misc,1953,20.0,74.0,0.6208227750536581,0.294489100296279,0.14602424094403266,0.26831799034595294,0.32066021024660507,Jammu and Kashmir,Udhampur
12002,civ_suit,2521,29.0,,0.7029665368091432,0.4370650058007654,0.2968920225385991,0.4143609089833811,0.4597691026181497,Jammu and Kashmir,Udhampur
12002,crim_bail,1518,0.0,3.0,0.030812330496987346,0.0009170336457436711,,0.0,0.0026671382773140054,Jammu and Kashmir,Udhampur
12002,crim_magisterial,9454,10.0,67.0,0.4671690459154739,0.28056386641117975,0.14137521335812603,0.2703818812983811,0.2907458515239784,Jammu and Kashmir,Udhampur
12002,crim_sessions,523,37.0,,0.8139786659817607,0.5035476441701567,0.27651059313069265,0.45174581775210654,0.5553494705882069,Jammu and Kashmir,Udhampur
12002,other,3358,13.0,70.0,0.5163749721903624,0.23262135551917096,0.1275956713685409,0.21685406677921226,0.24838864425912965,Jammu and Kashmir,Udhampur
12003,civ_execution,695,24.0,91.0,0.7013325535646597,0.3834650460186604,0.2495584652921193,0.3377087739498885,0.42922131808743225,Jammu and Kashmir,Baramulla
12003,civ_family,216,14.0,55.0,0.550175718780493,0.23570659874605512,0.08839423736914999,0.16945674218994283,0.3019564553021674,Jammu and Kashmir,Baramulla
12003,civ_misc,1247,17.0,80.0,0.555087697386163,0.3004410059005124,0.16647156666984794,0.2681178435844154,0.3327641682166094,Jammu and Kashmir,Baramulla
12003,civ_suit,3605,44.0,,0.7974884825787883,0.5635804827729924,0.39920999444204536,0.5441709784734357,0.5829899870725492,Jammu and Kashmir,Baramulla
12003,crim_bail,1627,1.0,6.0,0.04144775444235894,0.003725073392949823,0.0018625366964749115,0.0,0.0077922465514512,Jammu and Kashmir,Baramulla
12003,crim_magisterial,8834,70.0,,0.8213409964791691,0.6778593104513502,0.5641348678704249,0.6668138372998793,0.688904783602821,Jammu and Kashmir,Baramulla
12003,crim_ni138,663,24.0,,0.7119051986487495,0.3491717117815478,0.24699315399793198,0.29019569598287115,0.4081477275802245,Jammu and Kashmir,Baramulla
12003,crim_sessions,1282,53.0,,0.8798944722146724,0.6364367220363513,0.4498018709179632,0.6005647923822658,0.6723086516904367,Jammu and Kashmir,Baramulla
12003,other,4238,17.0,87.0,0.5833379013480351,0.3384352205848462,0.19783921341602623,0.32003256120405565,0.35683787996563676,Jammu and Kashmir,Baramulla
12004,civ_execution,529,14.0,62.0,0.5399180342569398,0.2115754208174977,0.10960631674478497,0.1560206735203983,0.2671301681145971,Jammu and Kashmir,Anantnag
12004,civ_mact,658,23.0,60.0,0.6349697209409488,0.3225596016188497,0.09700309320881785,0.28128221986491525,0.3638369833727842,Jammu and Kashmir,Anantnag
12004,civ_misc,1541,7.0,45.0,0.3753350539252337,0.13645934504124585,0.06519947964670371,0.11314611016229775,0.15977257992019395,Jammu and Kashmir,Anantnag
12004,civ_suit,4176,19.0,86.0,0.5967929229826054,0.3139731057178802,0.17796566085766954,0.2978031045282962,0.3301431069074641,Jammu and Kashmir,Anantnag
12004,crim_bail,3702,1.0,4.0,0.016479682511930684,0.00672239571060459,0.00224079857020153,0.003099137333867292,0.010345654087341888,Jammu and Kashmir,Anantnag
12004,crim_magisterial,31749,1.0,22.0,0.11512123527649308,0.0769476693771943,0.053084189353831655,0.07378806360422478,0.08010727515016382,Jammu and Kashmir,Anantnag
12004,crim_sessions,1430,76.0,,0.8700338379722751,0.7079594450178445,0.5674087183920452,0.6810171484402483,0.7349017415954406,Jammu and Kashmir,Anantnag
12004,other,6179,10.0,84.0,0.46335183183931244,0.29477349505843886,0.19201441917038545,0.2819204574819907,0.30762653263488704,Jammu and Kashmir,Anantnag
12005,civ_execution,1918,36.0,,0.7579010439258319,0.49820558214198685,0.3668445195132019,0.4722253831308633,0.5241857811531103,Jammu and Kashmir,Srinagar
12005,civ_family,996,11.0,38.0,0.44697852186363657,0.1062714479251367,0.04363062961215183,0.08418916196247499,0.12835373388779842,Jammu and Kashmir,Srinagar
12005,civ_mact,1873,58.0,102.0,0.8677063454800427,0.6729950083165819,0.47471231304704836,0.649786589326035,0.6962034273071288,Jammu and Kashmir,Srinagar
12005,civ_misc,2481,11.0,63.0,0.4677689113184787,0.2264025513274421,0.10961028381041164,0.20750643822022719,0.24529866443465703,Jammu and Kashmir,Srinagar
12005,civ_suit,16725,27.0,104.0,0.6974910156741762,0.3991316548748206,0.24457175681392126,0.39044687350406226,0.40781643624557895,Jammu and Kashmir,Srinagar
12005,crim_bail,3295,1.0,10.0,0.09362331368130083,0.0043769739513687,0.0027356087196054382,0.0018733225966378296,0.006880625306099571,Jammu and Kashmir,Srinagar
12005,crim_magisterial,19396,52.0,,0.7439290777951073,0.5765819051015698,0.46504570307245036,0.5689432971534825,0.5842205130496572,Jammu and Kashmir,Srinagar
12005,crim_sessions,279,66.0,,0.8521428260346838,0.7100187060810262,0.5499280755727225,0.6483480757309953,0.7716893364310572,Jammu and Kashmir,Srinagar
12005,other,11889,11.0,89.0,0.47441933139334863,0.2478350010598804,0.16355361646592217,0.2384572895838617,0.2572127125358991,Jammu and Kashmir,Srinagar
12006,civ_execution,774,9.0,59.0,0.40531337347728663,0.17854048206306866,0.09782392208802347,0.14567148153722542,0.2114094825889119,Jammu and Kashmir,Pulwama
12006,civ_family,400,8.0,29.0,0.34604590580868255,0.08746018291544236,0.03401229335600536,0.05413513651843303,0.12078522931245168,Jammu and Kashmir,Pulwama
12006,civ_misc,1231,7.0,58.0,0.41764989093640814,0.20172901502107254,0.09889204447265663,0.17420715591933597,0.22925087412280912,Jammu and Kashmir,Pulwama
12006,civ_suit,1977,18.0,88.0,0.5898828330953997,0.3294400615744432,0.1814226137224198,0.30211627429411086,0.3567638488547756,Jammu and Kashmir,Pulwama
12006,crim_bail,946,1.0,7.0,0.05099684492618265,0.006490507536059612,,0.00023384408603959947,0.012747170986079625,Jammu and Kashmir,Pulwama
12006,crim_magisterial,5533,21.0,76.0,0.6365880967871548,0.34755614251562367,0.1711478313307423,0.33319456642663625,0.3619177186046111,Jammu and Kashmir,Pulwama
12006,crim_ni138,266,17.0,80.0,0.5970434737521121,0.26207157889981375,0.17471438593320918,0.16149702844983824,0.36264612934978924,Jammu and Kashmir,Pulwama
12006,crim_sessions,723,52.0,,0.8596125188300596,0.6322931641782958,0.4355520011805845,0.5928097504426788,0.6717765779139129,Jammu and Kashmir,Pulwama
12006,other,3907,5.0,35.0,0.29174043310049674,0.09696804986074112,0.03602474096554991,0.08547842833322555,0.10845767138825668,Jammu and Kashmir,Pulwama
12007,civ_execution,319,11.0,83.0,0.4866800319322635,0.1726293752597961,0.11136433681134456,0.119643642648747,0.2256151078708452,Jammu and Kashmir,Ganderbal
12007,civ_misc,212,9.0,,0.4012405360658457,0.19222788824177833,0.15866428870749957,0.12727899734350948,0.2571767791400472,Jammu and Kashmir,Ganderbal
12007,civ_suit,1718,26.0,96.0,0.6955015934920812,0.3826159362540369,0.20906147226983196,0.35658884151006526,0.4086430309980085,Jammu and Kashmir,Ganderbal
12007,crim_bail,701,1.0,5.0,0.02911479738492619,0.008318513538550341,,0.0003484738216672431,0.01628855325543344,Jammu and Kashmir,Ganderbal
12007,crim_magisterial,3223,46.0,106.0,0.7754247497069117,0.5709576882020314,0.37426821209623184,0.5517348101599169,0.5901805662441459,Jammu and Kashmir,Ganderbal
12007,other,1250,6.0,39.0,0.34392928347682394,0.10606948516375772,0.04821243192391112,0.08602512298970263,0.1261138473378128,Jammu and Kashmir,Ganderbal
12008,civ_execution,402,22.0,92.0,0.6107548682832136,0.35209433241810895,0.24847800030649406,0.2865122476398877,0.4176764171963302,Jammu and Kashmir,Budgam
12008,civ_family,315,10.0,46.0,0.44064228243349185,0.13216240277930727,0.09365354416062796,0.08900734643250094,0.1753174591261136,Jammu and Kashmir,Budgam
12008,civ_misc,1208,10.0,68.0,0.43216535980853965,0.20688812046163882,0.13815241156890742,0.17931523872101804,0.2344610022022596,Jammu and Kashmir,Budgam
12008,civ_suit,3158,26.0,97.0,0.7000838242825345,0.41289398889009804,0.253552388348357,0.39291416262553946,0.4328738151546566,Jammu and Kashmir,Budgam
12008,crim_bail,1257,1.0,4.0,0.018332446694799564,,,,,Jammu and Kashmir,Budgam
12008,crim_magisterial,5119,50.0,,0.7790019263250135,0.5930348900467413,0.4099354053364449,0.5776630727746839,0.6084067073187986,Jammu and Kashmir,Budgam
12008,crim_sessions,321,55.0,,0.7923094801982613,0.5836558709507798,0.44366900661782077,0.5179592848945079,0.6493524570070516,Jammu and Kashmir,Budgam
12008,other,2870,10.0,,0.45252931403483904,0.2422622347672479,0.1804075695291144,0.22394918330717295,0.26057528622732284,Jammu and Kashmir,Budgam
12009,civ_execution,234,24.0,69.0,0.6611561832626706,0.35572774484201436,0.2252015628596709,0.2801308374655319,0.4313246522184968,Jammu and Kashmir,Reasi
12009,civ_mact,533,28.0,66.0,0.7768968899819295,0.3910655858300247,0.12614023083697515,0.3423115864252416,0.4398195852348078,Jammu and Kashmir,Reasi
12009,civ_misc,889,15.0,64.0,0.5549857598350044,0.1919297227078017,0.10409691490660723,0.15998135503245087,0.22387809038315254,Jammu and Kashmir,Reasi
12009,civ_suit,807,26.0,103.0,0.7026325407758964,0.39355159399544826,0.27817207211091727,0.35304549227600995,0.43405769571488656,Jammu and Kashmir,Reasi
12009,crim_bail,246,1.0,3.0,0.03364171572750211,,,,,Jammu and Kashmir,Reasi
12009,crim_magisterial,3137,19.0,83.0,0.5501329095415923,0.37464029001182025,0.22536586480994003,0.35444258216907293,0.3948379978545676,Jammu and Kashmir,Reasi
12009,crim_sessions,445,59.0,90.0,0.8693218421167018,0.6530744758862366,0.4837764388109411,0.6050186163589688,0.7011303354135043,Jammu and Kashmir,Reasi
12009,other,390,30.0,,0.7037752771599823,0.4504395048681469,0.2757519221523701,0.38789367807370395,0.5129853316625897,Jammu and Kashmir,Reasi
12010,civ_execution,239,13.0,58.0,0.5099041051955188,0.22434471456091998,0.08041768260915327,0.1558973193795103,0.29279210974232966,Jammu and Kashmir,Shopian
12010,civ_misc,549,7.0,59.0,0.4132010188564344,0.21878208679890443,0.09932094575083311,0.1830741316870279,0.25449004191078095,Jammu and Kashmir,Shopian
12010,civ_suit,2210,26.0,,0.7030251950328785,0.3910213495661718,0.2518222344811243,0.3686850038957244,0.4133576952366192,Jammu and Kashmir,Shopian
12010,crim_bail,1269,0.0,3.0,0.02143770760265403,0.0061250593150440095,,0.0,0.014162432733333726,Jammu and Kashmir,Shopian
12010,crim_magisterial,6064,29.0,,0.6232286878371885,0.453094109183243,0.336508244943928,0.43993922461828505,0.46624899374820095,Jammu and Kashmir,Shopian
12010,other,806,0.0,24.0,0.17205304987543743,0.07081925411970101,0.041311231569825586,0.050221449075899496,0.09141705916350253,Jammu and Kashmir,Shopian
12011,civ_execution,297,23.0,,0.6920244613048286,0.3056628663971537,0.25650030746614294,0.21430137501894786,0.3970243577753595,Jammu and Kashmir,Kupwara
12011,civ_mact,271,56.0,,0.8824897393911811,0.5892579188366149,0.47081533523958335,0.5181858338275034,0.6603300038457265,Jammu and Kashmir,Kupwara
12011,civ_misc,790,15.0,,0.5378617405724605,0.3242759948177425,0.21397768618382537,0.2855290867218381,0.3630229029136469,Jammu and Kashmir,Kupwara
12011,civ_suit,3009,28.0,,0.6990775504299968,0.4152839364247136,0.32012928030551413,0.39346860761833774,0.4370992652310895,Jammu and Kashmir,Kupwara
12011,crim_bail,1208,1.0,8.0,0.06558030909006317,0.03696048967665168,0.006160081612775281,0.017125337016189995,0.05679564233711336,Jammu and Kashmir,Kupwara
12011,crim_magisterial,6761,86.0,,0.824733958230167,0.6947466667703948,0.5973474589480089,0.6822233179251326,0.7072700156156569,Jammu and Kashmir,Kupwara
12011,crim_sessions,689,,,0.9136071814721622,0.7949074148918611,0.637434042971025,0.762486026824113,0.8273288029596092,Jammu and Kashmir,Kupwara
12011,other,1527,10.0,104.0,0.4509095810358065,0.2501647596109744,0.19133777328012166,0.22210142494435758,0.2782280942775912,Jammu and Kashmir,Kupwara
12012,civ_execution,498,14.0,61.0,0.5579493357367201,0.20383714039362785,0.1023642147029255,0.1636947002314846,0.2439795805557711,Jammu and Kashmir,Poonch
12012,civ_misc,689,21.0,57.0,0.6743178335995612,0.3147066899307886,0.07644238780402281,0.2754832204523777,0.3539301594091995,Jammu and Kashmir,Poonch
12012,civ_suit,2812,24.0,92.0,0.689629721805697,0.3568200673846535,0.22350583792601078,0.336498688774445,0.377141445994862,Jammu and Kashmir,Poonch
12012,crim_magisterial,4418,23.0,86.0,0.6210123205535236,0.3867850129237047,0.23598097982455404,0.3705918169585169,0.4029782088888925,Jammu and Kashmir,Poonch
12012,other,1835,9.0,38.0,0.41724198567072085,0.10619617611010014,0.043302590271582495,0.09050126606929032,0.12189108615090996,Jammu and Kashmir,Poonch
12013,civ_mact,1291,45.0,,0.8557829087559898,0.550597890568348,0.4079482197135529,0.517003514579766,0.5841922665569299,Jammu and Kashmir,Rajouri
12013,civ_misc,1398,48.0,102.0,0.7623138193124414,0.555808275333107,0.40378004028667974,0.5211458173504293,0.5904707333157846,Jammu and Kashmir,Rajouri
12013,civ_suit,1858,71.0,,0.8325196392022945,0.6800827142914534,0.5559214334742367,0.6540969040072809,0.7060685245756259,Jammu and Kashmir,Rajouri
12013,crim_magisterial,5890,65.0,,0.82421563110069,0.686828681922623,0.5416406546748996,0.6726265725920656,0.7010307912531805,Jammu and Kashmir,Rajouri
12013,other,908,23.0,78.0,0.6711962042706459,0.31630743278240625,0.15774371166886975,0.2687421116980708,0.3638727538667417,Jammu and Kashmir,Rajouri
12014,civ_execution,281,15.0,69.0,0.5547705842303234,0.29600555454013006,0.19490332290999368,0.22512766665134232,0.3668834424289178,Jammu and Kashmir,Ramban
12014,civ_mact,840,28.0,,0.7820454387632666,0.3724859088145896,0.20746043036154702,0.33285507924978536,0.41211673837939383,Jammu and Kashmir,Ramban
12014,civ_misc,382,9.0,55.0,0.42739146445463416,0.15876221356227618,0.08778122390083526,0.11079721724924237,0.20672720987531001,Jammu and Kashmir,Ramban
12014,civ_suit,700,22.0,,0.6572330389403199,0.3656367985332427,0.19084952287521767,0.31980503377197966,0.41146856329450576,Jammu and Kashmir,Ramban
12014,crim_magisterial,2560,16.0,61.0,0.560063753115353,0.23067450541881374,0.10315942388840103,0.2092395114541984,0.2521094993834291,Jammu and Kashmir,Ramban
12014,crim_sessions,245,36.0,,0.7970238501701371,0.49819754550845696,0.37228898159012586,0.43063811411803343,0.5657569768988805,Jammu and Kashmir,Ramban
12015,civ_execution,430,13.0,47.0,0.5281821572812062,0.21481648956160457,0.05548254634573479,0.16356359316917973,0.2660693859540294,Jammu and Kashmir,Doda
12015,civ_mact,1190,45.0,,0.7975231570671513,0.5990032780976215,0.36824275440321025,0.5624861694863316,0.6355203867089115,Jammu and Kashmir,Doda
12015,civ_misc,317,16.0,88.0,0.6196563309333789,0.20711039843873275,0.1596675996922057,0.15590676868337683,0.25831402819408866,Jammu and Kashmir,Doda
12015,civ_suit,1266,27.0,80.0,0.7165820647236569,0.4082701773902228,0.22351527244036762,0.3755863435582768,0.4409540112221688,Jammu and Kashmir,Doda
12015,crim_bail,480,0.0,1.0,0.014583333333333325,0.00833333333333333,0.0020833333333333324,0.00020076563257563108,0.016465901034091027,Jammu and Kashmir,Doda
12015,crim_magisterial,4289,13.0,98.0,0.5050221802021282,0.3724629346620203,0.22605765377040332,0.3554962118901731,0.3894296574338675,Jammu and Kashmir,Doda
12015,crim_sessions,230,92.0,,0.955981643763455,0.8745594265881607,0.7388291209959108,0.8292104418176286,0.9199084113586927,Jammu and Kashmir,Doda
12015,other,1971,7.0,41.0,0.3612545920442912,0.12046407620862018,0.04530695511798572,0.10279777083270822,0.13813038158453214,Jammu and Kashmir,Doda
12016,crim_magisterial,271,12.0,,0.49662800572343063,0.2785403393689737,0.24372279694785198,0.19741195248089777,0.35966872625704965,Jammu and Kashmir,Leh
12018,civ_misc,698,26.0,,0.7278519951095558,0.4093454435292804,0.2854093409572312,0.3659508621783747,0.45274002488018605,Jammu and Kashmir,Bandipora
12018,civ_suit,928,38.0,,0.8002790219317956,0.5155659341776153,0.3751607214436253,0.4788109876170772,0.5523208807381534,Jammu and Kashmir,Bandipora
12018,crim_magisterial,3455,98.0,,0.8454393310375287,0.7243682275135984,0.6489391744038461,0.7085221556744914,0.7402142993527054,Jammu and Kashmir,Bandipora
12018,other,286,40.0,,0.6279277946273475,0.5129345877507916,0.4567342252458775,0.4516615239494695,0.5742076515521136,Jammu and Kashmir,Bandipora
12019,civ_execution,2309,84.0,,0.8911340367630544,0.7033844927694045,0.6059968506657692,0.6800319351648791,0.7267370503739299,Jammu and Kashmir,Jammu
12019,civ_family,4011,31.0,,0.731071338061148,0.4601204729003794,0.303168828663596,0.4398708283461277,0.4803701174546311,Jammu and Kashmir,Jammu
12019,civ_mact,2494,66.0,,0.9505919121379358,0.777862641166981,0.5470140751598576,0.7564766636520976,0.7992486186818644,Jammu and Kashmir,Jammu
12019,civ_misc,16403,53.0,,0.7865845503880807,0.5972021524924013,0.45191303569783353,0.5881726211249961,0.6062316838598064,Jammu and Kashmir,Jammu
12019,civ_suit,10413,75.0,,0.7475941960780151,0.6461242117495934,0.5586731683153989,0.6360801632879903,0.6561682602111966,Jammu and Kashmir,Jammu
12019,crim_bail,1026,1.0,2.0,0.031009111740973355,0.01384335345579168,0.01384335345579168,7.932135511513373e-05,0.027607385556468224,Jammu and Kashmir,Jammu
12019,crim_magisterial,16415,85.0,,0.8908443044440157,0.7805426581105813,0.6657353442122331,0.7735186759079707,0.7875666403131919,Jammu and Kashmir,Jammu
12019,crim_ni138,5473,81.0,,0.9165696729447919,0.7407333635919794,0.6115218539457071,0.7256944573045448,0.7557722698794139,Jammu and Kashmir,Jammu
12019,crim_sessions,1012,86.0,,0.9572349605383571,0.8751614385302058,0.7520067658865249,0.8490058423307868,0.9013170347296248,Jammu and Kashmir,Jammu
12019,other,2203,51.0,,0.7864931373643013,0.5840015706883235,0.4340617232263044,0.5572859252698136,0.6107172161068334,Jammu and Kashmir,Jammu
12020,civ_misc,440,13.0,62.0,0.5025809127311807,0.20072684102566557,0.10472839610287349,0.161570082552592,0.23988359949873914,Jammu and Kashmir,Kulgam
12020,civ_suit,1463,27.0,,0.7130068740647437,0.42143476396046203,0.2595505978109108,0.39310997441792084,0.44975955350300323,Jammu and Kashmir,Kulgam
12020,crim_bail,410,1.0,5.0,0.031103761885076502,0.012959900785448546,0.004319966928482849,0.0,0.02622647814192014,Jammu and Kashmir,Kulgam
12020,crim_magisterial,3290,48.0,,0.7682982747125678,0.5929456215490526,0.4293514788691946,0.5744535489466271,0.6114376941514781,Jammu and Kashmir,Kulgam
12020,crim_sessions,334,95.0,,0.8818616110217146,0.7447825571537399,0.6143915203111657,0.6949407748004409,0.7946243395070388,Jammu and Kashmir,Kulgam
12020,other,551,5.0,40.0,0.31020173386502575,0.10662177559603861,0.06586665459822888,0.07817646026389721,0.13506709092818,Jammu and Kashmir,Kulgam
12021,civ_misc,504,51.0,,0.7776133622081912,0.6305590796468057,0.45783049655703123,0.5819632538753127,0.6791549054182987,Jammu and Kashmir,Samba
12021,civ_suit,1550,80.0,,0.8411000930460547,0.7267628231286973,0.6187940417075992,0.7013526525156178,0.7521729937417768,Jammu and Kashmir,Samba
12021,crim_magisterial,3456,81.0,,0.8629501850629421,0.752546235147448,0.6371127576793433,0.7358935269109498,0.7691989433839462,Jammu and Kashmir,Samba
12021,other,716,33.0,96.0,0.6144495003280354,0.4736917307811058,0.4134456583407345,0.42634217918141376,0.5210412823807979,Jammu and Kashmir,Samba
12022,civ_execution,607,8.0,37.0,0.3666006751760766,0.10179586941847103,0.03816249123062268,0.07364426338100587,0.1299474754559362,Jammu and Kashmir,Kishtwar
12022,civ_mact,417,35.0,77.0,0.8697365577180692,0.4816726682063719,0.2307415793762096,0.42935742056144643,0.5339879158512973,Jammu and Kashmir,Kishtwar
12022,civ_misc,701,13.0,42.0,0.516061254346677,0.12368110780649637,0.07970087467466808,0.09694856590315024,0.1504136497098425,Jammu and Kashmir,Kishtwar
12022,civ_suit,1346,25.0,,0.6972628317211972,0.39468892594234517,0.2653101668972493,0.36520681173022496,0.4241710401544654,Jammu and Kashmir,Kishtwar
12022,crim_bail,239,0.0,3.0,0.004472659067955561,,,,,Jammu and Kashmir,Kishtwar
12022,crim_magisterial,2204,18.0,72.0,0.5634657275651928,0.2900715529241215,0.15059665529434424,0.2679053145806429,0.31223779126760015,Jammu and Kashmir,Kishtwar
12022,crim_sessions,224,48.0,105.0,0.8708417954997087,0.5774896077765304,0.4290487936588574,0.507438395301752,0.6475408202513087,Jammu and Kashmir,Kishtwar
12022,other,1258,6.0,26.0,0.27007575671218703,0.057667640001580416,0.03319691623804602,0.04284629913118145,0.07248898087197939,Jammu and Kashmir,Kishtwar
13001,civ_execution,3610,71.0,,0.8998442292024104,0.6903181445073844,0.5645022241966439,0.6731722195929084,0.7074640694218604,Uttar Pradesh,Allahabad
13001,civ_family,15541,39.0,,0.883292627495601,0.5289156441587027,0.31738991645421516,0.5192546111565354,0.5385766771608701,Uttar Pradesh,Allahabad
13001,civ_misc,42195,33.0,,0.705576173020223,0.46370969822268665,0.301400071880724,0.45854171481186307,0.46887768163351023,Uttar Pradesh,Allahabad
13001,civ_suit,56415,61.0,,0.8303494436544755,0.6406839964854928,0.505924856199184,0.6363301803963536,0.645037812574632,Uttar Pradesh,Allahabad
13001,crim_bail,20017,1.0,2.0,0.0059308836939428325,0.0034046070639813866,0.0025310281244693366,0.0024848192213973433,0.00432439490656543,Uttar Pradesh,Allahabad
13001,crim_magisterial,224458,23.0,,0.5878865458733066,0.4275594239533509,0.35705110901412057,0.42532278406450974,0.42979606384219204,Uttar Pradesh,Allahabad
13001,crim_sessions,22239,64.0,,0.8749396692546585,0.6882849752658148,0.5206609237412385,0.6814321508193083,0.6951377997123213,Uttar Pradesh,Allahabad
13001,other,5773,,,0.9066427498956622,0.7491028332314297,0.6371543803615207,0.7368586411352657,0.7613470253275937,Uttar Pradesh,Allahabad
13002,civ_execution,2341,49.0,,0.8486999055411864,0.6057667675628972,0.4186767322254448,0.5817685682280076,0.6297649668977867,Uttar Pradesh,Bareilly
13002,civ_family,12115,15.0,52.0,0.575326351787491,0.1853705658223182,0.07224530490115263,0.17610804093515559,0.19463309070948082,Uttar Pradesh,Bareilly
13002,civ_mact,8552,27.0,61.0,0.8138921166782075,0.32235579572170375,0.10182369157705128,0.3105896061988419,0.3341219852445656,Uttar Pradesh,Bareilly
13002,civ_misc,17998,19.0,77.0,0.5919575340507314,0.3146087213075803,0.1608038668951943,0.3068922293161034,0.32232521329905717,Uttar Pradesh,Bareilly
13002,civ_suit,16691,30.0,86.0,0.7519772523897874,0.4293972970344457,0.2249209117082541,0.4211330425827705,0.43766155148612085,Uttar Pradesh,Bareilly
13002,crim_bail,27759,0.0,1.0,0.00531902432630623,0.003323126577156587,,0.0022693716122884045,0.00437688154202477,Uttar Pradesh,Bareilly
13002,crim_magisterial,158520,25.0,,0.5974972919686545,0.4290465212545868,0.3381377679051633,0.42637704575461816,0.43171599675455546,Uttar Pradesh,Bareilly
13002,crim_sessions,14062,59.0,,0.8847395023277999,0.6680139585425002,0.4923127752278153,0.659285271651145,0.6767426454338554,Uttar Pradesh,Bareilly
13002,other,5384,3.0,56.0,0.2823968661528532,0.13999722270531562,0.08814330395964692,0.1266560217583304,0.15333842365230083,Uttar Pradesh,Bareilly
13003,civ_execution,1920,52.0,,0.8551618954732552,0.6202107540587356,0.42175288295321645,0.5947753438362411,0.6456461642812301,Uttar Pradesh,Gorakhpur
13003,civ_family,13951,29.0,77.0,0.8499757836917353,0.39918491042893917,0.18058930911449675,0.38976135855369015,0.4086084623041882,Uttar Pradesh,Gorakhpur
13003,civ_mact,6430,38.0,78.0,0.9130861848284335,0.5249474168545093,0.20704263575294257,0.5110057188896228,0.5388891148193958,Uttar Pradesh,Gorakhpur
13003,civ_misc,31027,10.0,71.0,0.4672048206594601,0.25353893090563184,0.13276299931329394,0.2480336425988603,0.2590442192124034,Uttar Pradesh,Gorakhpur
13003,civ_suit,41880,53.0,,0.9025188374106986,0.6610661400465391,0.446856970401799,0.6556373305145398,0.6664949495785384,Uttar Pradesh,Gorakhpur
13003,crim_bail,51335,0.0,1.0,0.004428350892698936,6.179094268882238e-05,0.0,0.0,0.000131706733630461,Uttar Pradesh,Gorakhpur
13003,crim_magisterial,228211,12.0,,0.4950038073396342,0.37271753454008366,0.3247483373345731,0.37052995135986966,0.37490511772029766,Uttar Pradesh,Gorakhpur
13003,crim_sessions,12678,85.0,,0.855608305616547,0.6877097040973347,0.5697891051694371,0.6783389619455775,0.6970804462490918,Uttar Pradesh,Gorakhpur
13003,other,1006,32.0,,0.796113823338205,0.4312015919156667,0.2853043463002199,0.39889114026964084,0.46351204356169257,Uttar Pradesh,Gorakhpur
13004,civ_execution,695,26.0,,0.7440348598140638,0.37984441687857246,0.25690271735482895,0.3361493079701159,0.423539525787029,Uttar Pradesh,Hardoi
13004,civ_family,5860,34.0,85.0,0.8183644077924512,0.46519072469397815,0.25229793244439697,0.44906591632095444,0.48131553306700187,Uttar Pradesh,Hardoi
13004,civ_mact,2606,23.0,53.0,0.7965054208261191,0.24918434861670535,0.06168898061405852,0.22892921310930883,0.26943948412410185,Uttar Pradesh,Hardoi
13004,civ_misc,11858,16.0,93.0,0.5556255251508329,0.29159811658369206,0.16669541128967172,0.282625281282766,0.30057095188461813,Uttar Pradesh,Hardoi
13004,civ_suit,25193,39.0,,0.829752235370331,0.5222663815620061,0.35732388118843106,0.5151367903852675,0.5293959727387447,Uttar Pradesh,Hardoi
13004,crim_bail,9729,0.0,1.0,0.008183270563867657,0.0034676908987650336,0.0013598787838294249,0.0019822511936461147,0.004953130603883952,Uttar Pradesh,Hardoi
13004,crim_magisterial,101413,36.0,,0.6863529680089234,0.4966483478903677,0.383566669984882,0.4932376479474334,0.500059047833302,Uttar Pradesh,Hardoi
13004,crim_sessions,7931,54.0,,0.8895844438334447,0.6513454884486627,0.4543548062689861,0.6394491407097228,0.6632418361876026,Uttar Pradesh,Hardoi
13004,other,929,29.0,,0.7049681246497277,0.4176112821791736,0.24147976828422266,0.3811731824973442,0.45404938186100297,Uttar Pradesh,Hardoi
13005,civ_execution,533,16.0,67.0,0.5785102384785428,0.18711422602896444,0.12210335033526086,0.1484246729653969,0.22580377909253196,Uttar Pradesh,Chitrakoot
13005,civ_family,3526,12.0,37.0,0.49522719019917366,0.1004441882904722,0.017538033105883137,0.08922386502816249,0.11166451155278193,Uttar Pradesh,Chitrakoot
13005,civ_mact,1230,20.0,40.0,0.753852371828148,0.13974058072792078,0.014572251575583783,0.11590303333128071,0.16357812812456085,Uttar Pradesh,Chitrakoot
13005,civ_misc,4092,10.0,72.0,0.46121285707931586,0.24523178284845443,0.13018132678236374,0.23092557221491278,0.2595379934819961,Uttar Pradesh,Chitrakoot
13005,civ_suit,4626,48.0,,0.8904025825374569,0.6039909997964683,0.40253221328381206,0.5884669381674357,0.619515061425501,Uttar Pradesh,Chitrakoot
13005,crim_bail,13175,0.0,1.0,0.0002382229189010807,,,,,Uttar Pradesh,Chitrakoot
13005,crim_magisterial,38563,7.0,60.0,0.40463245114608554,0.19837251728630795,0.09893006141126288,0.19394398197934476,0.20280105259327114,Uttar Pradesh,Chitrakoot
13005,crim_sessions,3346,55.0,108.0,0.9069136966496282,0.6668680381058396,0.44509358331487,0.6483986504216344,0.6853374257900449,Uttar Pradesh,Chitrakoot
13005,other,2844,13.0,70.0,0.5111825957213407,0.2698156888635431,0.1223924293360397,0.25197047244449494,0.2876609052825913,Uttar Pradesh,Chitrakoot
13006,civ_execution,2811,47.0,,0.8431211379280198,0.5728736170293682,0.3959728771005971,0.5507799980972033,0.5949672359615331,Uttar Pradesh,Meerut
13006,civ_family,15223,10.0,41.0,0.41828509906247985,0.12034569286977062,0.03983088865685812,0.11394562284896952,0.1267457628905717,Uttar Pradesh,Meerut
13006,civ_mact,12817,31.0,65.0,0.8543276068015248,0.38889021867971246,0.12753231370682744,0.37959453375582863,0.3981859036035963,Uttar Pradesh,Meerut
13006,civ_misc,30887,16.0,94.0,0.5484535316929489,0.2931964725905998,0.16950005094477957,0.28762728044603897,0.2987656647351606,Uttar Pradesh,Meerut
13006,civ_suit,19206,30.0,102.0,0.7365656474139154,0.4370225471173478,0.2677490026748752,0.4293053270863848,0.44473976714831076,Uttar Pradesh,Meerut
13006,crim_bail,17095,0.0,2.0,0.01298603297038267,0.0005771570209058963,0.00019238567363529877,0.00017859280381153934,0.0009757212380002532,Uttar Pradesh,Meerut
13006,crim_magisterial,339194,11.0,,0.48395161980947576,0.29039571954295523,0.195793398715909,0.2886866373022736,0.29210480178363685,Uttar Pradesh,Meerut
13006,crim_sessions,16170,45.0,,0.8416765074947488,0.5741202962345743,0.3986133422082139,0.5656805705900063,0.5825600218791422,Uttar Pradesh,Meerut
13006,other,1003,,,0.851461796252587,0.776796087745114,0.7319580323957896,0.7496934164401207,0.8038987590501073,Uttar Pradesh,Meerut
13007,civ_execution,582,41.0,,0.8445313102242765,0.5324163669975103,0.3578736422870894,0.4879248729022535,0.576907861092767,Uttar Pradesh,Bahraich
13007,civ_family,11404,26.0,58.0,0.7778887082879363,0.3150622363714482,0.08385787049191774,0.3043035782793246,0.3258208944635718,Uttar Pradesh,Bahraich
13007,civ_mact,2034,24.0,54.0,0.8029404282731812,0.2614958662791289,0.061749014863996046,0.24142850143453337,0.28156323112372444,Uttar Pradesh,Bahraich
13007,civ_misc,8796,27.0,,0.6594776390977518,0.42176324048561625,0.28076671447221907,0.4109885192199028,0.4325379617513297,Uttar Pradesh,Bahraich
13007,civ_suit,28145,51.0,,0.8677397039167023,0.610918045369185,0.42728069211442127,0.604731631537852,0.617104459200518,Uttar Pradesh,Bahraich
13007,crim_bail,8671,1.0,2.0,0.003827536781060021,0.0006959157783745494,0.00023197192612484986,0.0001393141340042301,0.0012525174227448685,Uttar Pradesh,Bahraich
13007,crim_magisterial,152840,23.0,,0.6009283591447697,0.4013806605149736,0.28410524874678045,0.39862488850593597,0.40413643252401127,Uttar Pradesh,Bahraich
13007,crim_sessions,1311,30.0,82.0,0.7933379824957898,0.4171473850334391,0.20335246120628525,0.38990192426841613,0.4443928457984621,Uttar Pradesh,Bahraich
13007,other,2801,39.0,,0.816985231726508,0.5266527870928001,0.32880255016625587,0.5069670524034793,0.5463385217821208,Uttar Pradesh,Bahraich
13008,civ_execution,10294,46.0,,0.8272510351206197,0.5763561938957642,0.3791547222242439,0.5642571316730537,0.5884552561184747,Uttar Pradesh,Ghaziabad
13008,civ_family,22165,21.0,46.0,0.6799450849755061,0.20871714447875794,0.03383292220109253,0.20221236297193537,0.21522192598558051,Uttar Pradesh,Ghaziabad
13008,civ_mact,3475,24.0,54.0,0.826728640330481,0.26807047810145007,0.06915269657199662,0.25183394807072945,0.2843070081321707,Uttar Pradesh,Ghaziabad
13008,civ_misc,25283,20.0,83.0,0.6010976628555398,0.3275746011080067,0.17368827596189226,0.32100463885588026,0.3341445633601331,Uttar Pradesh,Ghaziabad
13008,civ_suit,22784,30.0,89.0,0.7486836759559632,0.4259906417851768,0.2264960300745117,0.4189454207013253,0.43303586286902834,Uttar Pradesh,Ghaziabad
13008,crim_bail,40719,0.0,1.0,0.0042379846008725,0.001090968311171247,0.000660788321162445,0.0007485763456545203,0.0014333602766879738,Uttar Pradesh,Ghaziabad
13008,crim_magisterial,194035,25.0,,0.6145718542985549,0.4272989246291081,0.31088200671349514,0.4249829273746303,0.42961492188358597,Uttar Pradesh,Ghaziabad
13008,crim_ni138,27903,20.0,32.0,0.6868434553923175,0.07471549209627466,0.01852792495671207,0.06963975942336617,0.07979122476918316,Uttar Pradesh,Ghaziabad
13008,crim_sessions,19972,51.0,,0.8119138013464308,0.5986247181418296,0.4527225700223437,0.5912136336719874,0.6060358026116718,Uttar Pradesh,Ghaziabad
13008,other,39437,37.0,,0.6701559872906255,0.5028502099766805,0.3442779142254454,0.4970132249598165,0.5086871949935445,Uttar Pradesh,Ghaziabad
13009,civ_execution,619,61.0,,0.8366273643441458,0.6325763804616942,0.5136876991434107,0.5868455556325605,0.6783072052908279,Uttar Pradesh,Fatehpur
13009,civ_family,3844,30.0,60.0,0.7764123021079896,0.40205794636641534,0.09889128400420032,0.38460347141963575,0.41951242131319494,Uttar Pradesh,Fatehpur
13009,civ_misc,11739,22.0,101.0,0.6713168817919916,0.31544817989382345,0.16867765494270018,0.305843213378979,0.3250531464086679,Uttar Pradesh,Fatehpur
13009,civ_suit,11850,64.0,,0.8838436281979398,0.6643014408841512,0.519459588713837,0.6546331084692806,0.6739697732990219,Uttar Pradesh,Fatehpur
13009,crim_bail,35104,0.0,1.0,0.004536195065552217,0.002075428504938634,0.0001270670513227735,0.0015342907617791187,0.0026165662480981495,Uttar Pradesh,Fatehpur
13009,crim_magisterial,87022,25.0,,0.5656478692313681,0.44886527891801575,0.36363714420855203,0.44519146204527,0.4525390957907615,Uttar Pradesh,Fatehpur
13009,crim_sessions,244,29.0,,0.6538603483918388,0.4765121064107056,0.38177555799119967,0.4035026105682337,0.5495216022531775,Uttar Pradesh,Fatehpur
13009,other,20121,24.0,,0.6285023616193218,0.3811363414647897,0.25882975457108753,0.3736801110851958,0.3885925718443836,Uttar Pradesh,Fatehpur
13010,civ_execution,856,71.0,,0.8840107108276103,0.7477345466153209,0.5816479410728432,0.7122404875946802,0.7832286056359616,Uttar Pradesh,Lakhimpur
13010,civ_family,6485,26.0,60.0,0.7893814976465492,0.32823570464758767,0.09899246276162593,0.3142178032645868,0.3422536060305885,Uttar Pradesh,Lakhimpur
13010,civ_mact,4257,39.0,,0.8497135715964559,0.5181889813744431,0.3569106147732296,0.5009977688857153,0.5353801938631709,Uttar Pradesh,Lakhimpur
13010,civ_misc,10512,21.0,93.0,0.5990539757994099,0.3656233409734975,0.21889518331873206,0.3551660853473926,0.37608059659960247,Uttar Pradesh,Lakhimpur
13010,civ_suit,16804,64.0,,0.9187657917506558,0.7043031695686328,0.5278626073945922,0.6961735008403992,0.7124328382968664,Uttar Pradesh,Lakhimpur
13010,crim_bail,14391,0.0,1.0,0.0024258376173387957,,,,,Uttar Pradesh,Lakhimpur
13010,crim_magisterial,104451,33.0,,0.697174101718076,0.48088268943151274,0.3370592523095651,0.4773077972544652,0.4844575816085603,Uttar Pradesh,Lakhimpur
13010,crim_ni138,2533,55.0,,0.7753758348241546,0.6015950288969438,0.47921586720789,0.5796871022721409,0.6235029555217467,Uttar Pradesh,Lakhimpur
13010,crim_sessions,10331,76.0,,0.8696505225493975,0.7205881015516613,0.5766824837732403,0.711126835671316,0.7300493674320067,Uttar Pradesh,Lakhimpur
13010,other,28424,40.0,,0.7973260311257762,0.5203108866618313,0.3881160134978594,0.5135623535175089,0.5270594198061538,Uttar Pradesh,Lakhimpur
13011,civ_family,3385,28.0,55.0,0.8405571275526508,0.33415892017773385,0.08085152175088901,0.3138056648269308,0.3545121755285369,Uttar Pradesh,Shravasti
13011,civ_misc,1246,26.0,101.0,0.6683869844717052,0.4048461735110917,0.26310163831221495,0.37389654952741014,0.43579579749477326,Uttar Pradesh,Shravasti
13011,civ_suit,8203,47.0,,0.7864848917577271,0.5796034471715836,0.3952365681787673,0.5671185510795156,0.5920883432636517,Uttar Pradesh,Shravasti
13011,crim_bail,2448,0.0,1.0,0.0025114984265311056,0.0016743322843540704,0.0012557492132655528,3.580510180018642e-05,0.0033128594669079546,Uttar Pradesh,Shravasti
13011,crim_magisterial,33667,44.0,,0.723881541217746,0.5406021469697144,0.3846460137690452,0.5347475958201869,0.5464566981192419,Uttar Pradesh,Shravasti
13011,crim_sessions,1535,,,0.9448218246584432,0.837272551105533,0.7089530180682833,0.8164445536032556,0.8581005486078104,Uttar Pradesh,Shravasti
13011,other,821,60.0,,0.8372148155424474,0.6803717211940465,0.49024761272972495,0.6441054367437581,0.716638005644335,Uttar Pradesh,Shravasti
13012,civ_execution,3425,36.0,,0.8097753323123472,0.49486691387108744,0.30988329323236163,0.47507168825036744,0.5146621394918075,Uttar Pradesh,Jaunpur
13012,civ_family,20788,23.0,49.0,0.752460199323717,0.22365977610787605,0.03055270162732768,0.2171703805525721,0.23014917166318,Uttar Pradesh,Jaunpur
13012,civ_mact,3345,27.0,67.0,0.867361702063681,0.33305228100340434,0.12301102980362782,0.3135856111627304,0.35251895084407825,Uttar Pradesh,Jaunpur
13012,civ_misc,19555,32.0,,0.6546284012814797,0.4746060539048863,0.3883111087078188,0.4669653187159184,0.4822467890938542,Uttar Pradesh,Jaunpur
13012,civ_suit,41111,108.0,,0.9508802797475527,0.8273179155507926,0.7285553721645777,0.8231787465503511,0.8314570845512341,Uttar Pradesh,Jaunpur
13012,crim_bail,11707,0.0,1.0,0.011607543720605405,0.000835743147883589,0.0007428827981187457,0.0002913413605733252,0.0013801449351938527,Uttar Pradesh,Jaunpur
13012,crim_magisterial,150321,23.0,,0.5787610722986567,0.38589451249762075,0.28636659637157663,0.3831377176565615,0.38865130733868,Uttar Pradesh,Jaunpur
13012,crim_sessions,7735,,,0.9125538960895546,0.8116834042779346,0.6628796964507221,0.8020881620582019,0.8212786464976674,Uttar Pradesh,Jaunpur
13012,other,1063,32.0,,0.7472330232865327,0.47332256127490313,0.352266205129007,0.4399918041094287,0.5066533184403776,Uttar Pradesh,Jaunpur
13013,civ_execution,689,44.0,,0.8385938809275457,0.5597503826287696,0.3563396521735594,0.5164978105183535,0.6030029547391857,Uttar Pradesh,Pilibhit
13013,civ_family,8818,11.0,36.0,0.4417808550716699,0.09518129643614814,0.032140450811872494,0.08847664363138795,0.10188594924090834,Uttar Pradesh,Pilibhit
13013,civ_mact,1915,19.0,41.0,0.7700071283350082,0.13522635037701605,0.021903343770945754,0.11678668037448615,0.15366602037954596,Uttar Pradesh,Pilibhit
13013,civ_misc,7653,15.0,62.0,0.5369531877913446,0.2437222854175807,0.10652786374266232,0.23280898526785931,0.2546355855673021,Uttar Pradesh,Pilibhit
13013,civ_suit,8077,44.0,,0.8318346416889304,0.5615814894273152,0.3838773528582295,0.5493557775456259,0.5738072013090045,Uttar Pradesh,Pilibhit
13013,crim_bail,11306,0.0,1.0,0.0006574941021213576,0.0003287470510606788,,0.0,0.0008451287341796578,Uttar Pradesh,Pilibhit
13013,crim_magisterial,79548,16.0,,0.5311406637777175,0.3847721209245795,0.3084761775832122,0.3811092345204758,0.38843500732868325,Uttar Pradesh,Pilibhit
13013,crim_sessions,8279,23.0,91.0,0.6752284936897073,0.3467603045760685,0.18491498856476715,0.3343314259638528,0.3591891831882842,Uttar Pradesh,Pilibhit
13013,other,285,27.0,,0.7217702150399969,0.39042837116028867,0.23857215909481502,0.3291345233559191,0.45172221896465825,Uttar Pradesh,Pilibhit
13014,civ_execution,686,51.0,,0.8967285431524384,0.6227504207803136,0.3822370307534243,0.578849212000995,0.6666516295596322,Uttar Pradesh,Mainpuri
13014,civ_family,8033,25.0,95.0,0.7498763457388282,0.4003911292271236,0.26201523617321093,0.3880624631128802,0.41271979534136705,Uttar Pradesh,Mainpuri
13014,civ_mact,4061,45.0,100.0,0.9293876092569994,0.6050754261976001,0.32551087574558923,0.5874424342047825,0.6227084181904178,Uttar Pradesh,Mainpuri
13014,civ_misc,9560,37.0,,0.7706636686236493,0.5040814998973596,0.33039232401708013,0.49271819936053823,0.515444800434181,Uttar Pradesh,Mainpuri
13014,civ_suit,16563,33.0,,0.7756517850168195,0.4606657276436252,0.2707492989686294,0.4518125248844623,0.4695189304027881,Uttar Pradesh,Mainpuri
13014,crim_bail,5604,1.0,3.0,0.04413481072702672,0.009143397154482695,0.0018286794308965395,0.004712478524560109,0.01357431578440528,Uttar Pradesh,Mainpuri
13014,crim_magisterial,61679,37.0,,0.6841367882576878,0.5038257928116072,0.4023701711062738,0.49937692346417223,0.5082746621590422,Uttar Pradesh,Mainpuri
13014,crim_sessions,9376,91.0,,0.8915193173983877,0.7753736643060251,0.6492834176517471,0.7655756344645819,0.7851716941474682,Uttar Pradesh,Mainpuri
13014,other,841,,,0.9315318402954786,0.8926383409340287,0.8380830125572075,0.8690565325503881,0.9162201493176694,Uttar Pradesh,Mainpuri
13015,civ_execution,316,25.0,,0.7200366741464445,0.3715946412107254,0.20375702030469087,0.30117448940194697,0.4420147930195038,Uttar Pradesh,Ambedkar Nagar
13015,civ_family,10349,16.0,45.0,0.604594407927292,0.1609409565253455,0.04272783231141668,0.15302132222854906,0.16886059082214197,Uttar Pradesh,Ambedkar Nagar
13015,civ_mact,680,21.0,46.0,0.7829831955408376,0.162577060141777,0.05979661063485157,0.12932753320125423,0.19582658708229977,Uttar Pradesh,Ambedkar Nagar
13015,civ_misc,6521,31.0,109.0,0.7229724198253273,0.4447128558495392,0.2742712882983896,0.42991359675806734,0.459512114941011,Uttar Pradesh,Ambedkar Nagar
13015,civ_suit,15371,64.0,,0.9567535348606567,0.7453333073256895,0.5288407295214228,0.7373815754539499,0.7532850391974291,Uttar Pradesh,Ambedkar Nagar
13015,crim_bail,10774,0.0,1.0,0.0016638315630391428,0.00033276631260782864,0.0,0.0,0.0009391976164243962,Uttar Pradesh,Ambedkar Nagar
13015,crim_magisterial,77225,23.0,,0.5881161564428172,0.3634790401156736,0.2627188737427605,0.3594820282320148,0.3674760519993324,Uttar Pradesh,Ambedkar Nagar
13015,crim_sessions,3444,70.0,,0.9329728359381951,0.7335713637801218,0.5509204079459566,0.7159443568490647,0.7511983707111789,Uttar Pradesh,Ambedkar Nagar
13015,other,3937,34.0,92.0,0.8291609108928707,0.47588541107859983,0.26663318664837254,0.45843394064214515,0.4933368815150545,Uttar Pradesh,Ambedkar Nagar
13016,civ_execution,588,21.0,,0.6377530504726695,0.3360879886329366,0.22352041338475234,0.2939082239065367,0.3782677533593365,Uttar Pradesh,Sitapur
13016,civ_family,2407,6.0,23.0,0.3194848358953053,0.03822185292895719,0.005816368923971744,0.030562160214554344,0.045881545643360035,Uttar Pradesh,Sitapur
13016,civ_mact,3195,17.0,44.0,0.6559067454859504,0.16336587554216864,0.03606680215586917,0.1481833060349863,0.17854844504935097,Uttar Pradesh,Sitapur
13016,civ_misc,16067,13.0,75.0,0.5103078829866908,0.25844946205109576,0.1385123284740027,0.25081186341636547,0.26608706068582605,Uttar Pradesh,Sitapur
13016,civ_suit,28163,33.0,,0.7838411502905988,0.4603527879719811,0.29448307044986893,0.4536509555556918,0.4670546203882704,Uttar Pradesh,Sitapur
13016,crim_bail,51641,0.0,1.0,0.020282945288372503,0.0051344457923430615,4.1743461726366386e-05,0.004500086935924088,0.005768804648762035,Uttar Pradesh,Sitapur
13016,crim_magisterial,126721,40.0,,0.6381466954451932,0.5187943034269874,0.42781448540456507,0.5158061329583821,0.5217824738955927,Uttar Pradesh,Sitapur
13016,crim_sessions,7208,79.0,,0.9286287722969022,0.7575176178990137,0.5996184061361968,0.7468342351757147,0.7682010006223128,Uttar Pradesh,Sitapur
13016,other,3988,85.0,,0.8615904739307203,0.7198922316548232,0.6118870417729759,0.7022691395261937,0.7375153237834526,Uttar Pradesh,Sitapur
13017,civ_execution,414,30.0,81.0,0.8471262189073875,0.3855490283552204,0.20217008700341188,0.3312274652717929,0.43987059143864793,Uttar Pradesh,Auraiya
13017,civ_family,6805,23.0,51.0,0.7357856487050672,0.26408176160231395,0.047266432070888986,0.25170179981810475,0.27646172338652314,Uttar Pradesh,Auraiya
13017,civ_mact,2337,37.0,83.0,0.9223111734619721,0.5182802001838339,0.2514590337869336,0.494984837677856,0.5415755626898119,Uttar Pradesh,Auraiya
13017,civ_misc,2704,25.0,95.0,0.648076482007604,0.37902970131145747,0.22329660335864548,0.35882689552639474,0.3992325070965202,Uttar Pradesh,Auraiya
13017,civ_suit,8127,70.0,,0.9427337942358343,0.7715301092221186,0.5663649384205828,0.7610605852256332,0.781999633218604,Uttar Pradesh,Auraiya
13017,crim_bail,4894,0.0,1.0,0.0013565229933411864,0.0006782614966705932,,0.0,0.0014404784403127843,Uttar Pradesh,Auraiya
13017,crim_magisterial,34859,95.0,,0.7122592326985681,0.5957772629355575,0.5410641570227066,0.5901880024374704,0.6013665234336447,Uttar Pradesh,Auraiya
13017,crim_sessions,6391,68.0,,0.8784536153046815,0.6470076083005412,0.5229705410216902,0.6323082409603296,0.6617069756407528,Uttar Pradesh,Auraiya
13018,civ_mact,2647,22.0,50.0,0.783592993151312,0.2180584033303655,0.060370979817303,0.19947489626855133,0.23664191039217966,Uttar Pradesh,Budaun
13018,civ_misc,9194,12.0,77.0,0.4909794844943219,0.23396364074731482,0.13469964675016372,0.2242425209316755,0.24368476056295416,Uttar Pradesh,Budaun
13018,civ_suit,9898,45.0,,0.8180435796925568,0.5670367101406802,0.3938329190889306,0.5561392605952477,0.5779341596861128,Uttar Pradesh,Budaun
13018,crim_bail,52349,0.0,1.0,0.000548938451545211,0.00025094329213495365,,4.493025778333189e-06,0.0004973935584915741,Uttar Pradesh,Budaun
13018,crim_magisterial,55357,25.0,,0.6302947687882665,0.40571394421614315,0.2757467538934824,0.4010634144780886,0.41036447395419773,Uttar Pradesh,Budaun
13018,crim_sessions,657,100.0,,0.8978619873126629,0.7736568375478232,0.6510682884809103,0.7396400213214738,0.8076736537741727,Uttar Pradesh,Budaun
13018,other,124458,19.0,,0.5960104576885086,0.2956515308593217,0.1801915424750035,0.2927347763641422,0.29856828535450125,Uttar Pradesh,Budaun
13019,civ_execution,3714,43.0,,0.8432451466629103,0.5554319238861326,0.35300287643349965,0.5378305643931641,0.5730332833791011,Uttar Pradesh,Kanpur Nagar
13019,civ_family,15913,21.0,61.0,0.6749250696868168,0.2902378243967604,0.10070181027782787,0.28187306119187105,0.2986025876016497,Uttar Pradesh,Kanpur Nagar
13019,civ_mact,11911,37.0,80.0,0.9354708708650189,0.5171831355673469,0.21503391065907973,0.5069408899067588,0.5274253812279349,Uttar Pradesh,Kanpur Nagar
13019,civ_misc,66617,36.0,,0.7521970830694359,0.4913853548642556,0.31967342268621596,0.48688963467371527,0.49588107505479595,Uttar Pradesh,Kanpur Nagar
13019,civ_suit,41312,51.0,,0.8781888123945986,0.6236965956818813,0.4411793680134407,0.6184729179479204,0.6289202734158422,Uttar Pradesh,Kanpur Nagar
13019,crim_bail,11379,1.0,2.0,0.0084229096523298,0.0031474929721970767,0.0018051797928777355,0.0019054782811221062,0.0043895076632720475,Uttar Pradesh,Kanpur Nagar
13019,crim_magisterial,127541,90.0,,0.847613938734187,0.6933978088206227,0.5907645046897892,0.6907690470230268,0.6960265706182187,Uttar Pradesh,Kanpur Nagar
13019,crim_sessions,15757,68.0,,0.9274233433298176,0.7450827629636471,0.5531563944061472,0.7371768788959178,0.7529886470313764,Uttar Pradesh,Kanpur Nagar
13020,civ_execution,5569,30.0,78.0,0.8250035737738898,0.4049196016020379,0.160672175658616,0.38792378221456,0.4219154209895158,Uttar Pradesh,Gautam Buddha Nagar
13020,civ_mact,2517,34.0,78.0,0.8736653520843515,0.46507378532103283,0.18430006831604712,0.44309727899275714,0.4870502916493085,Uttar Pradesh,Gautam Buddha Nagar
13020,civ_misc,12239,19.0,75.0,0.5803155163305379,0.31117095473146156,0.16424392690422107,0.30158184212476197,0.32076006733816115,Uttar Pradesh,Gautam Buddha Nagar
13020,civ_suit,19814,28.0,101.0,0.7529816224094923,0.3785864280032582,0.22271498593445935,0.37080924314194424,0.38636361286457216,Uttar Pradesh,Gautam Buddha Nagar
13020,crim_bail,57048,0.0,1.0,0.011130526570749002,0.00189981452565209,0.0005428041501863116,0.0007372777507747672,0.003062351300529413,Uttar Pradesh,Gautam Buddha Nagar
13020,crim_magisterial,290884,16.0,,0.5506128306500998,0.3271875142816165,0.23984243285535284,0.32522292595202157,0.3291521026112115,Uttar Pradesh,Gautam Buddha Nagar
13020,crim_sessions,10609,101.0,,0.9145006025878183,0.7579896820516817,0.6423118134247978,0.7484059367647746,0.7675734273385888,Uttar Pradesh,Gautam Buddha Nagar
13020,other,7934,0.0,22.0,0.13908535171416453,0.062203674183352174,0.02500502124545632,0.0538950856178644,0.07051226274883994,Uttar Pradesh,Gautam Buddha Nagar
13021,civ_execution,1463,65.0,,0.9079731001415139,0.6892783605942404,0.531338276631204,0.6603472296118893,0.7182094915765915,Uttar Pradesh,Ballia
13021,civ_family,7465,31.0,85.0,0.8480899510328056,0.4251609900182454,0.22957333225530918,0.41193929603065443,0.4383826840058364,Uttar Pradesh,Ballia
13021,civ_mact,1533,27.0,53.0,0.8105766729357685,0.3237809465266466,0.04678076298145987,0.2956851943129931,0.35187669874030003,Uttar Pradesh,Ballia
13021,civ_misc,12701,33.0,,0.6851286213691294,0.4731297737996739,0.330344524210764,0.46350394148200225,0.4827556061173456,Uttar Pradesh,Ballia
13021,civ_suit,22054,78.0,,0.9492880430279255,0.755541438787697,0.5889730664968462,0.7490796071726713,0.7620032704027226,Uttar Pradesh,Ballia
13021,crim_bail,3414,0.0,15.0,0.11558581445945182,0.0018779782849906107,0.0015649819041588424,0.00037891036092698653,0.0033770462090542347,Uttar Pradesh,Ballia
13021,crim_magisterial,54855,69.0,,0.7357361521113187,0.6403371066538313,0.5398987346586642,0.6361161717486652,0.6445580415589973,Uttar Pradesh,Ballia
13021,crim_sessions,5234,47.0,,0.8300167132550929,0.5805943304234411,0.38049750271248023,0.5651157120846886,0.5960729487621936,Uttar Pradesh,Ballia
13021,other,821,71.0,,0.9041257635560608,0.6852747362281129,0.5612153143534203,0.6519776908280704,0.7185717816281553,Uttar Pradesh,Ballia
13022,civ_execution,483,37.0,,0.8342081518984338,0.5107625184390886,0.37661040002078444,0.45791924736995065,0.5636057895082265,Uttar Pradesh,Bhadohi SR Nagar
13022,civ_family,4509,13.0,39.0,0.5204589197310474,0.12059215135538506,0.019000607252670824,0.11005687020423204,0.13112743250653808,Uttar Pradesh,Bhadohi SR Nagar
13022,civ_mact,1420,19.0,61.0,0.6162831809670329,0.25455256421022737,0.10609066581571842,0.22854900483027782,0.2805561235901769,Uttar Pradesh,Bhadohi SR Nagar
13022,civ_misc,9827,11.0,70.0,0.4827138264613589,0.26189968369519406,0.13002503978039726,0.25251252605890123,0.2712868413314869,Uttar Pradesh,Bhadohi SR Nagar
13022,civ_suit,10587,59.0,,0.8989179273837332,0.6751830127084072,0.48589079115821593,0.6651694987425523,0.6851965266742621,Uttar Pradesh,Bhadohi SR Nagar
13022,crim_bail,6041,0.0,1.0,0.0007094378887128428,0.0004729585924752286,0.0002364792962376143,0.0,0.0010822284110276043,Uttar Pradesh,Bhadohi SR Nagar
13022,crim_magisterial,60231,9.0,,0.4733002735885269,0.34293492302292683,0.2521655049308756,0.3388569538759822,0.34701289216987147,Uttar Pradesh,Bhadohi SR Nagar
13022,crim_sessions,2342,49.0,,0.8885151244989147,0.6127227843808511,0.39723813952497744,0.5902823456246485,0.6351632231370538,Uttar Pradesh,Bhadohi SR Nagar
13022,other,1249,22.0,71.0,0.5931677937428653,0.3085388930956762,0.15856131898081374,0.2760049476964931,0.34107283849485936,Uttar Pradesh,Bhadohi SR Nagar
13023,civ_execution,543,41.0,104.0,0.8256608891124162,0.5671318735162126,0.3422479524147863,0.5159511437496916,0.6183126032827336,Uttar Pradesh,Lalitpur
13023,civ_family,1049,26.0,58.0,0.7517640456659102,0.33029948031931816,0.08160665440285472,0.3000976457037255,0.36050131493491083,Uttar Pradesh,Lalitpur
13023,civ_misc,4477,38.0,,0.7904259496596572,0.5147377565270099,0.33083021346112657,0.4985697157030927,0.5309057973509271,Uttar Pradesh,Lalitpur
13023,civ_suit,7312,46.0,,0.8585205566537284,0.5939975289107893,0.4332904069155845,0.5812786434353806,0.6067164143861979,Uttar Pradesh,Lalitpur
13023,crim_bail,8039,0.0,1.0,0.009649215339989064,0.0004138756579652172,,0.0,0.000881165813384954,Uttar Pradesh,Lalitpur
13023,crim_magisterial,53456,39.0,,0.7251171135103656,0.5153386529694546,0.4206318270621451,0.5106343681072326,0.5200429378316765,Uttar Pradesh,Lalitpur
13023,crim_sessions,1333,50.0,,0.9068741378180266,0.6593810125971308,0.3859342783024577,0.6298580817283514,0.6889039434659101,Uttar Pradesh,Lalitpur
13023,other,3884,45.0,,0.7507416193856529,0.5492385339356655,0.41529826881177323,0.530649564295169,0.567827503576162,Uttar Pradesh,Lalitpur
13024,civ_execution,4708,68.0,,0.8503412224380854,0.6446686399612329,0.5397127383639029,0.6287797656513772,0.6605575142710887,Uttar Pradesh,Lucknow
13024,civ_misc,42863,29.0,108.0,0.6875057903354026,0.42571052024653266,0.25062828104822205,0.42041773428759266,0.43100330620547267,Uttar Pradesh,Lucknow
13024,civ_suit,66635,48.0,,0.8426649889465885,0.5942580535138365,0.4161688183272133,0.5900495827677683,0.5984665242599048,Uttar Pradesh,Lucknow
13024,crim_bail,31510,0.0,1.0,0.007335640044832318,0.0036973446802519524,0.0008627137587254555,0.0025702646423439546,0.004824424718159951,Uttar Pradesh,Lucknow
13024,crim_magisterial,209113,37.0,,0.700478248972175,0.5051277202758108,0.37931184446859983,0.5028241506026349,0.5074312899489867,Uttar Pradesh,Lucknow
13024,crim_ni138,39050,55.0,,0.8972760101653371,0.6493134640228424,0.46360780927384376,0.642767621299197,0.6558593067464878,Uttar Pradesh,Lucknow
13024,crim_sessions,11595,,,0.9532436997098307,0.835206544860835,0.7157957374631397,0.8272684162542792,0.8431446734673909,Uttar Pradesh,Lucknow
13024,other,10330,49.0,,0.8643412449177021,0.603514778911819,0.422919091798498,0.5926058854119506,0.6144236724116875,Uttar Pradesh,Lucknow
13025,civ_execution,1171,36.0,101.0,0.8353969797959832,0.4970241081140159,0.29869783335807737,0.46358271994897166,0.53046549627906,Uttar Pradesh,Etah
13025,civ_mact,3590,31.0,61.0,0.9035124842613782,0.3847006472969023,0.10462039617615174,0.36606673135533735,0.4033345632384672,Uttar Pradesh,Etah
13025,civ_misc,18537,5.0,51.0,0.36482332166964687,0.17930304672250244,0.06369591847838418,0.17314748157084692,0.18545861187415796,Uttar Pradesh,Etah
13025,civ_suit,16092,26.0,,0.7215291319894652,0.4043774433011722,0.23563010920437139,0.39587358204208517,0.41288130456025923,Uttar Pradesh,Etah
13025,crim_bail,25519,0.0,1.0,0.0010445153747978653,0.00021760736974955528,,2.767605674565586e-05,0.0004075386827534547,Uttar Pradesh,Etah
13025,crim_magisterial,144182,11.0,69.0,0.48217535564411756,0.2633141831029762,0.13510588118221692,0.2607445451577347,0.26588382104821773,Uttar Pradesh,Etah
13025,crim_sessions,5386,66.0,,0.8959810515511606,0.6893181572555847,0.5277807074525687,0.6752421291032732,0.7033941854078961,Uttar Pradesh,Etah
13025,other,650,77.0,,0.907744996867123,0.7497545315752935,0.6233815288933063,0.7127765333806997,0.7867325297698873,Uttar Pradesh,Etah
13026,civ_execution,1588,31.0,,0.7523464841290437,0.4504028067342406,0.28631408377848144,0.42177252813587873,0.47903308533260247,Uttar Pradesh,Muzaffarnagar
13026,civ_family,1162,5.0,34.0,0.26554887688015766,0.05854058494455995,0.019507712062002407,0.044578364324958826,0.07250280556416108,Uttar Pradesh,Muzaffarnagar
13026,civ_mact,4031,24.0,57.0,0.7751100704597484,0.2676876461240357,0.0746646620697017,0.25209118062537944,0.283284111622692,Uttar Pradesh,Muzaffarnagar
13026,civ_misc,12965,13.0,79.0,0.5036608369922106,0.2770514651546326,0.15466774688311977,0.2686220129299781,0.28548091737928705,Uttar Pradesh,Muzaffarnagar
13026,civ_suit,20112,29.0,102.0,0.7525690186876941,0.40527332236760355,0.24709124472435084,0.3972773288793289,0.4132693158558782,Uttar Pradesh,Muzaffarnagar
13026,crim_bail,17719,0.0,2.0,0.009953169103164197,0.007042510522180923,0.00018696930589860852,0.005775914862290985,0.00830910618207086,Uttar Pradesh,Muzaffarnagar
13026,crim_magisterial,138798,35.0,,0.6817077462321297,0.4905745168393312,0.3790866021148988,0.48765398116479197,0.4934950525138704,Uttar Pradesh,Muzaffarnagar
13026,crim_sessions,14030,41.0,,0.7491876505890852,0.5288658482042065,0.3696555505346545,0.5196803123305673,0.5380513840778456,Uttar Pradesh,Muzaffarnagar
13026,other,7053,1.0,96.0,0.35773824627337036,0.2364688793702683,0.14987839074153372,0.22591742202603868,0.24702033671449794,Uttar Pradesh,Muzaffarnagar
13027,civ_execution,2320,34.0,,0.8594657941613058,0.4690112250368148,0.28053977798942026,0.44757933011695694,0.49044311995667267,Uttar Pradesh,Varanasi
13027,civ_family,12402,16.0,50.0,0.5753057886302988,0.1831662316227428,0.06446923312710594,0.1753545000910828,0.19097796315440277,Uttar Pradesh,Varanasi
13027,civ_mact,2045,22.0,51.0,0.7919914246905772,0.2024345414086005,0.06706133678037503,0.18220000315552612,0.2226690796616749,Uttar Pradesh,Varanasi
13027,civ_misc,19962,25.0,,0.6687026385332638,0.3942539313764329,0.2559177319687282,0.3867750493236898,0.401732813429176,Uttar Pradesh,Varanasi
13027,civ_suit,38650,55.0,,0.8397129734110036,0.6095493003283032,0.4761309648438704,0.6040933020175413,0.6150052986390652,Uttar Pradesh,Varanasi
13027,crim_bail,4328,0.0,2.0,0.013412360600862,0.010292123933300354,0.009434446938858657,0.00576281331212938,0.014821434554471328,Uttar Pradesh,Varanasi
13027,crim_magisterial,199407,15.0,,0.5164064209574805,0.3615856830930345,0.2610089197743437,0.3592280621248437,0.3639433040612253,Uttar Pradesh,Varanasi
13027,crim_sessions,7441,74.0,,0.9122887330595258,0.7299833990907352,0.5682211176450171,0.7187523443104383,0.741214453871032,Uttar Pradesh,Varanasi
13027,other,3522,30.0,,0.6827198342952306,0.4391464694238835,0.3022974542397958,0.4214242500097136,0.4568686888380534,Uttar Pradesh,Varanasi
13028,civ_execution,455,57.0,,0.9012506127679949,0.7223691114213059,0.48291239535978014,0.6771511390873288,0.767587083755283,Uttar Pradesh,Ghazipur
13028,civ_family,9218,31.0,81.0,0.797605508204232,0.4419066776601965,0.23694765261250691,0.42915743057763805,0.4546559247427549,Uttar Pradesh,Ghazipur
13028,civ_mact,964,24.0,,0.7710118800535007,0.32196801032190286,0.17267038505086477,0.2878330175022793,0.35610300314152643,Uttar Pradesh,Ghazipur
13028,civ_misc,13925,30.0,,0.6679804955629458,0.45402894965382684,0.3463070624358196,0.44459791387532965,0.46345998543232403,Uttar Pradesh,Ghazipur
13028,civ_suit,17744,89.0,,0.9189041130677377,0.7458369097556545,0.6363098204765023,0.7385714634195303,0.7531023560917788,Uttar Pradesh,Ghazipur
13028,crim_bail,4687,0.0,2.0,0.006702579620116028,0.0014644291606976199,0.00073221458034881,0.00011805232707134635,0.0028108059943238936,Uttar Pradesh,Ghazipur
13028,crim_magisterial,59381,50.0,,0.731183435035546,0.5609872882137482,0.4568990457001151,0.55670303098729,0.5652715454402064,Uttar Pradesh,Ghazipur
13028,crim_sessions,4251,103.0,,0.9348704970995324,0.8033182593868301,0.6665880824782112,0.7898597255798607,0.8167767931937995,Uttar Pradesh,Ghazipur
13028,other,2214,67.0,,0.9062945339894475,0.6757678589514883,0.5357020043109504,0.6538851270538865,0.6976505908490901,Uttar Pradesh,Ghazipur
13029,civ_execution,630,22.0,,0.6805041449682976,0.34106995356856645,0.24022622124254914,0.30057992491825775,0.38155998221887516,Uttar Pradesh,Firozabad
13029,civ_family,6904,19.0,47.0,0.7017460082853295,0.18970989826166426,0.0386360301459354,0.17878707618352987,0.20063272033979865,Uttar Pradesh,Firozabad
13029,civ_mact,3047,29.0,63.0,0.8622885828383992,0.35934688076447524,0.10759662452932621,0.339705061090318,0.3789887004386325,Uttar Pradesh,Firozabad
13029,civ_misc,10921,26.0,89.0,0.6531129716688481,0.376713327902701,0.2058609257759367,0.3666890108113104,0.38673764499409163,Uttar Pradesh,Firozabad
13029,civ_suit,13545,51.0,,0.8879871021999205,0.6217301782120587,0.42678579463772354,0.6125394900976175,0.6309208663264998,Uttar Pradesh,Firozabad
13029,crim_bail,17995,0.0,1.0,0.013530330666144825,0.008337085995844604,,0.006896551546894673,0.009777620444794535,Uttar Pradesh,Firozabad
13029,crim_magisterial,156343,30.0,,0.6150347297245391,0.47263032771075575,0.4044333245335202,0.47001307091339756,0.47524758450811394,Uttar Pradesh,Firozabad
13029,crim_sessions,21441,58.0,,0.9086692490918937,0.6878892991114256,0.4827847498420411,0.6798755136431485,0.6959030845797027,Uttar Pradesh,Firozabad
13029,other,7788,16.0,74.0,0.6431446527989073,0.22000474895976838,0.1295850524523233,0.2098471785027004,0.23016231941683635,Uttar Pradesh,Firozabad
13030,civ_execution,3884,59.0,,0.9102252270089196,0.6773629822220555,0.48969789615681686,0.6574317721922396,0.6972941922518714,Uttar Pradesh,Agra
13030,civ_family,24212,14.0,51.0,0.5523447660001202,0.17509633413878262,0.07147014954498834,0.1691575672285762,0.18103510104898904,Uttar Pradesh,Agra
13030,civ_misc,26211,12.0,80.0,0.48534619959543057,0.2787456240991905,0.15819322413827716,0.272703336752789,0.284787911445592,Uttar Pradesh,Agra
13030,civ_suit,20552,43.0,,0.8395244460293732,0.5706156427565444,0.35019659742361475,0.5630047285748901,0.5782265569381987,Uttar Pradesh,Agra
13030,crim_bail,24180,0.0,1.0,0.002828826113432244,0.0012432268399752344,0.0009945814719801876,0.0005905271699601694,0.0018959265099902994,Uttar Pradesh,Agra
13030,crim_magisterial,201647,17.0,,0.5390021354843806,0.4275040397825914,0.36171957549893236,0.4251770242371118,0.429831055328071,Uttar Pradesh,Agra
13030,crim_sessions,21784,66.0,,0.8805034008365167,0.6871661423694063,0.5257891633447933,0.6797265449600355,0.6946057397787772,Uttar Pradesh,Agra
13030,other,13997,52.0,,0.8906059360196137,0.5844185188768193,0.4653652894156961,0.5750729694974018,0.5937640682562367,Uttar Pradesh,Agra
13031,civ_execution,1893,87.0,,0.9290190509485466,0.8152307582009037,0.6269546204476104,0.79580282693021,0.8346586894715975,Uttar Pradesh,Pratapgarh
13031,civ_family,4156,39.0,82.0,0.8453377407460388,0.5431291043930746,0.31547394632245984,0.5258667348784378,0.5603914739077114,Uttar Pradesh,Pratapgarh
13031,civ_mact,1846,46.0,,0.9362508617073428,0.6360479618375274,0.336206611312702,0.6110301417238926,0.6610657819511623,Uttar Pradesh,Pratapgarh
13031,civ_misc,8465,67.0,,0.825612595260915,0.6813678712555614,0.5345543339457913,0.6706474326129082,0.6920883098982147,Uttar Pradesh,Pratapgarh
13031,civ_suit,30830,74.0,,0.919984337198056,0.7502669507941385,0.5554882726422904,0.7448772959392129,0.7556566056490641,Uttar Pradesh,Pratapgarh
13031,crim_bail,11657,1.0,2.0,0.015087456473915474,0.0015522598160041222,0.0004941888393809044,0.0007699197823062561,0.002334599849701988,Uttar Pradesh,Pratapgarh
13031,crim_magisterial,92895,24.0,87.0,0.6113894867780926,0.38673321109846576,0.212163247775964,0.3831753701790704,0.39029105201786113,Uttar Pradesh,Pratapgarh
13031,crim_sessions,6551,85.0,,0.9134956174421469,0.7794079579237247,0.6172517236931413,0.7677340019062155,0.791081913941234,Uttar Pradesh,Pratapgarh
13031,other,56811,1.0,8.0,0.057762660268143744,0.022776940311372586,0.01503989171740977,0.021346528237717086,0.024207352385028087,Uttar Pradesh,Pratapgarh
13033,civ_execution,1000,47.0,,0.8049871066520032,0.5318592649503053,0.41712902049789286,0.4952238530594548,0.5684946768411558,Uttar Pradesh,Etawah
13033,civ_family,4013,15.0,46.0,0.5781594887804541,0.1561672996753046,0.05158698746659508,0.14282786529203087,0.16950673405857833,Uttar Pradesh,Etawah
13033,civ_mact,7271,24.0,51.0,0.8299285185135156,0.23872139503743428,0.05187481487612297,0.22723694450712115,0.2502058455677474,Uttar Pradesh,Etawah
13033,civ_misc,7975,19.0,85.0,0.6053135546411232,0.31627998645988087,0.16572998095873126,0.30515796147513646,0.3274020114446253,Uttar Pradesh,Etawah
13033,civ_suit,11782,53.0,,0.8547340245537772,0.6264371521252801,0.4448372529571683,0.6165627601591946,0.6363115440913655,Uttar Pradesh,Etawah
13033,crim_bail,7928,0.0,1.0,,,,,,Uttar Pradesh,Etawah
13033,crim_magisterial,55576,46.0,,0.7459895422582944,0.5565661175770711,0.4186952965591847,0.5519127570130701,0.5612194781410721,Uttar Pradesh,Etawah
13033,crim_sessions,5109,40.0,,0.8464627197397468,0.5342286299817127,0.3222048711440704,0.5186708367404396,0.5497864232229859,Uttar Pradesh,Etawah
13033,other,1771,38.0,,0.7842691624188451,0.5328494393810765,0.33756029272137117,0.5059445173975706,0.5597543613645825,Uttar Pradesh,Etawah
13034,civ_execution,686,52.0,,0.8473678435254625,0.6300999139746585,0.40038655683680524,0.5880119847790819,0.672187843170235,Uttar Pradesh,Kushinagar
13034,civ_family,8871,17.0,42.0,0.6221019048193499,0.14669019969406885,0.022153115971574613,0.13790395339802353,0.15547644599011418,Uttar Pradesh,Kushinagar
13034,civ_mact,2697,36.0,86.0,0.8541438153155728,0.49891456002591233,0.23696554260630445,0.4776095295653384,0.5202195904864862,Uttar Pradesh,Kushinagar
13034,civ_misc,6485,25.0,91.0,0.6141071362330779,0.40968964887804254,0.22354729908969584,0.3969360360226254,0.4224432617334597,Uttar Pradesh,Kushinagar
13034,civ_suit,11204,70.0,,0.9534441905867665,0.8178766417143443,0.604045357451255,0.8100541076793399,0.8256991757493486,Uttar Pradesh,Kushinagar
13034,crim_bail,12293,0.0,3.0,0.017286259666671314,0.000957490559412413,0.0003191635198041377,3.8615836615608586e-05,0.0018763652822092174,Uttar Pradesh,Kushinagar
13034,crim_magisterial,104348,34.0,,0.6318144881406591,0.48701482048374656,0.39585543752337615,0.4837900403260465,0.4902396006414466,Uttar Pradesh,Kushinagar
13034,crim_sessions,4672,,,0.9446522665529182,0.805552201286096,0.6520418059997745,0.792168293041607,0.8189361095305849,Uttar Pradesh,Kushinagar
13034,other,408,42.0,,0.863584156195439,0.621891972513924,0.35383490752951424,0.5727638271883314,0.6710201178395166,Uttar Pradesh,Kushinagar
13035,civ_execution,770,24.0,58.0,0.7136690464905234,0.22856618704099865,0.0903127953872924,0.18687249675251635,0.2702598773294809,Uttar Pradesh,Jyotiba Phule Nagar
13035,civ_mact,1833,20.0,43.0,0.7155664415925267,0.17884335115563216,0.028702029761586763,0.1590128496163629,0.19867385269490143,Uttar Pradesh,Jyotiba Phule Nagar
13035,civ_misc,6542,18.0,86.0,0.5966296127264079,0.3010506087546902,0.16353955201681614,0.28873464168974133,0.31336657581963906,Uttar Pradesh,Jyotiba Phule Nagar
13035,civ_suit,13759,16.0,67.0,0.5723995872716632,0.25303425327528273,0.1193634661179878,0.24453272514635777,0.2615357814042077,Uttar Pradesh,Jyotiba Phule Nagar
13035,crim_bail,8469,0.0,1.0,0.0003551878915302009,,,,,Uttar Pradesh,Jyotiba Phule Nagar
13035,crim_magisterial,106010,17.0,76.0,0.5728519019267422,0.3183512756913437,0.1692834010827751,0.3150147790204245,0.32168777236226287,Uttar Pradesh,Jyotiba Phule Nagar
13035,crim_sessions,5730,87.0,,0.9169941405619151,0.7446696237196098,0.6116910576889859,0.7314053132253352,0.7579339342138843,Uttar Pradesh,Jyotiba Phule Nagar
13035,other,575,30.0,104.0,0.7855206275634491,0.4095699201214457,0.2515221443703928,0.36535346327871054,0.4537863769641809,Uttar Pradesh,Jyotiba Phule Nagar
13036,civ_execution,1430,46.0,,0.8683147668184634,0.5714864751724839,0.40791713499824106,0.5415594425080771,0.6014135078368906,Uttar Pradesh,Barabanki
13036,civ_family,446,17.0,32.0,0.7286995515695067,0.04137790460660416,,0.02206517280703997,0.060690636406168355,Uttar Pradesh,Barabanki
13036,civ_mact,2969,27.0,61.0,0.8515376105458428,0.3178685217208873,0.10112030739994934,0.2987479972951564,0.33698904614661823,Uttar Pradesh,Barabanki
13036,civ_misc,9364,13.0,78.0,0.5146639861584488,0.2565769350417163,0.1552485213600812,0.24680104473255896,0.2663528253508736,Uttar Pradesh,Barabanki
13036,civ_suit,28428,37.0,,0.8042814003113129,0.5055815175375871,0.3810358984385351,0.4990976980097293,0.5120653370654449,Uttar Pradesh,Barabanki
13036,crim_bail,18580,2.0,35.0,0.4912220872844839,0.06297449296533879,,0.05947728316817163,0.06647170276250594,Uttar Pradesh,Barabanki
13036,crim_magisterial,124574,10.0,,0.4762503347845366,0.31338811393345967,0.21022745573960597,0.310550079198242,0.3162261486686773,Uttar Pradesh,Barabanki
13036,crim_sessions,12296,14.0,,0.5073219538899337,0.3699283453490746,0.2732121532659081,0.3606939699784338,0.3791627207197154,Uttar Pradesh,Barabanki
13036,other,11570,1.0,81.0,0.2938561109562221,0.18639388392427575,0.13539813710374157,0.17876525392239428,0.19402251392615721,Uttar Pradesh,Barabanki
13037,civ_execution,833,24.0,63.0,0.7315414437090897,0.3091836248775022,0.14855819731245615,0.2741735129770361,0.3441937367779682,Uttar Pradesh,Kaushambi
13037,civ_family,3742,13.0,30.0,0.5266568505994077,0.0572438414907611,0.013051191788488068,0.04761894905052731,0.06686873393099489,Uttar Pradesh,Kaushambi
13037,civ_mact,208,25.0,59.0,0.8413461538461537,0.307945267877012,0.09774045546891039,0.24378317145728284,0.3721073642967411,Uttar Pradesh,Kaushambi
13037,civ_misc,3654,10.0,69.0,0.4635246854115993,0.20086490682352928,0.13290074298452936,0.18399461652286153,0.21773519712419703,Uttar Pradesh,Kaushambi
13037,civ_suit,9026,85.0,,0.9016705390013835,0.7667136692018398,0.6480095076285497,0.7570269388245074,0.7764003995791722,Uttar Pradesh,Kaushambi
13037,crim_bail,6888,0.0,1.0,0.005915115900015366,0.0009312427364455681,,0.0,0.0018841596499852456,Uttar Pradesh,Kaushambi
13037,crim_magisterial,58989,62.0,,0.8231831276324661,0.6394790252703719,0.5151240831378303,0.6353641505961701,0.6435938999445737,Uttar Pradesh,Kaushambi
13037,crim_sessions,1350,87.0,,0.9216825001698229,0.8355071913182638,0.6752408038373562,0.8097493675840184,0.8612650150525092,Uttar Pradesh,Kaushambi
13037,other,1702,25.0,63.0,0.787082709744469,0.2917973239432708,0.10602776083734713,0.2655245330094097,0.3180701148771319,Uttar Pradesh,Kaushambi
13038,civ_execution,349,26.0,83.0,0.7478206145751157,0.3711927009508136,0.1657214652576385,0.31452194238581255,0.4278634595158146,Uttar Pradesh,Mahoba
13038,civ_family,2881,10.0,29.0,0.3907831483645743,0.05142744761046057,0.0036880365413705894,0.04242257512522529,0.06043232009569585,Uttar Pradesh,Mahoba
13038,civ_mact,997,19.0,49.0,0.7551211005347538,0.186575707327528,0.04182181101923937,0.1586381620589985,0.21451325259605752,Uttar Pradesh,Mahoba
13038,civ_misc,4931,12.0,54.0,0.48092319262695565,0.2117255904721182,0.07396445946282654,0.19886819801653943,0.22458298292769696,Uttar Pradesh,Mahoba
13038,civ_suit,5182,38.0,98.0,0.8519706330265009,0.5168476021535094,0.27721810565295474,0.5014637156819566,0.5322314886250623,Uttar Pradesh,Mahoba
13038,crim_bail,9422,0.0,1.0,0.00026168374433564376,,,,,Uttar Pradesh,Mahoba
13038,crim_magisterial,44979,8.0,81.0,0.44012730745130263,0.24679001723551114,0.14433464944212177,0.24229402574409856,0.2512860087269237,Uttar Pradesh,Mahoba
13038,crim_sessions,3484,38.0,,0.7932431749983765,0.5142129549552983,0.26610291635617217,0.49583054159881973,0.5325953683117768,Uttar Pradesh,Mahoba
13038,other,2160,39.0,,0.822289960219184,0.5138419434391244,0.3560040814633473,0.4900499848974691,0.5376339019807796,Uttar Pradesh,Mahoba
13039,civ_execution,886,41.0,,0.849530294634494,0.5478816047705978,0.38018999993560487,0.5099607665846563,0.5858024429565393,Uttar Pradesh,Banda
13039,civ_family,4615,18.0,51.0,0.6780931575148564,0.1910266421120127,0.058610778184318174,0.1764541657486823,0.2055991184753431,Uttar Pradesh,Banda
13039,civ_mact,2204,27.0,58.0,0.8343524772589277,0.35552498763718154,0.09041782737573806,0.3323818807423842,0.3786680945319789,Uttar Pradesh,Banda
13039,civ_misc,6657,16.0,81.0,0.5538147714756114,0.2925128340725101,0.17342586312315186,0.28060529446824733,0.3044203736767729,Uttar Pradesh,Banda
13039,civ_suit,8521,59.0,,0.9258217269715197,0.6839759963396201,0.485445275635831,0.6728573207204159,0.6950946719588244,Uttar Pradesh,Banda
13039,crim_bail,13004,0.0,1.0,0.02872046768805531,0.0004022899080964614,8.04579816192923e-05,4.981129583074204e-05,0.0007547685203621807,Uttar Pradesh,Banda
13039,crim_magisterial,72917,12.0,,0.49951802960147096,0.30177320034261307,0.21982782728799447,0.29799976650272636,0.3055466341824998,Uttar Pradesh,Banda
13039,crim_sessions,4816,45.0,,0.8639092865217286,0.5714526490504112,0.39081075945740096,0.5558259458507675,0.5870793522500548,Uttar Pradesh,Banda
13039,other,1703,46.0,,0.8394490229569517,0.5717555942811311,0.4169626841317566,0.5441239077641771,0.5993872807980851,Uttar Pradesh,Banda
13040,civ_execution,254,17.0,44.0,0.6518425642404243,0.1447736368839789,0.05096032018316056,0.09462599500744964,0.19492127876050816,Uttar Pradesh,Kanshi Ram Nagar
13040,civ_family,2519,15.0,39.0,0.5633187772925763,0.11973915154667868,0.016536514063755847,0.10627436825082646,0.13320393484253087,Uttar Pradesh,Kanshi Ram Nagar
13040,civ_mact,1301,17.0,51.0,0.5778338872638704,0.19646923230544838,0.05896519731998241,0.17303487553231034,0.21990358907858643,Uttar Pradesh,Kanshi Ram Nagar
13040,civ_misc,2460,20.0,74.0,0.6120622555887634,0.28358987532282165,0.13301328225285342,0.2645681077463511,0.3026116428992922,Uttar Pradesh,Kanshi Ram Nagar
13040,civ_suit,8076,31.0,,0.7320303853882707,0.44295481924880625,0.23777923287344918,0.4309559383982273,0.4549537000993852,Uttar Pradesh,Kanshi Ram Nagar
13040,crim_bail,7031,0.0,2.0,0.042202183660925895,0.0031343793537885545,,0.0011791274272730237,0.005089631280304085,Uttar Pradesh,Kanshi Ram Nagar
13040,crim_magisterial,59699,24.0,96.0,0.617346964284061,0.41054272386757523,0.2519548051136251,0.4061407103681623,0.41494473736698817,Uttar Pradesh,Kanshi Ram Nagar
13040,crim_sessions,2187,40.0,87.0,0.8603478705573785,0.5273239793511127,0.2742391609142264,0.5059125603962835,0.548735398305942,Uttar Pradesh,Kanshi Ram Nagar
13040,other,1017,2.0,50.0,0.31535991818857956,0.15106730449542935,0.08330416210465717,0.12785502329615728,0.17427958569470142,Uttar Pradesh,Kanshi Ram Nagar
13041,civ_execution,3333,49.0,,0.8316283087495602,0.5770672123279172,0.4436458438691349,0.5574681962040595,0.596666228451775,Uttar Pradesh,Deoria
13041,civ_family,11340,40.0,,0.7877572373856694,0.5251696488420786,0.315476471356572,0.5151126568116171,0.5352266408725401,Uttar Pradesh,Deoria
13041,civ_mact,4865,40.0,95.0,0.9336281070598288,0.5571932442142828,0.2672881209178357,0.5408034486262714,0.5735830398022943,Uttar Pradesh,Deoria
13041,civ_misc,10360,45.0,,0.7721188257966433,0.5519050304450134,0.4168145283493321,0.541696555984913,0.5621135049051138,Uttar Pradesh,Deoria
13041,civ_suit,13240,,,0.9813281711242047,0.9229766656042102,0.8467629283852669,0.9182648521334487,0.9276884790749718,Uttar Pradesh,Deoria
13041,crim_bail,1961,0.0,2.0,0.03619716254578452,0.021824231683730697,0.017856189559416025,0.012227212966425226,0.03142125040103617,Uttar Pradesh,Deoria
13041,crim_magisterial,62423,87.0,,0.8835083268558961,0.7904759883629318,0.6676377796191192,0.7870976901780031,0.7938542865478604,Uttar Pradesh,Deoria
13041,crim_sessions,3456,90.0,,0.9297399177141995,0.7731118690789371,0.6229744619617399,0.7576040666645492,0.7886196714933251,Uttar Pradesh,Deoria
13041,other,393,55.0,,0.8376465527245452,0.6381856905992671,0.478011283586304,0.5869752742088509,0.6893961069896833,Uttar Pradesh,Deoria
13042,civ_execution,258,67.0,,0.8854542564459581,0.66418822693022,0.5216753644354296,0.597736653741248,0.7306398001191919,Uttar Pradesh,Mau
13042,civ_family,10012,22.0,60.0,0.7107610201728346,0.28493501511000974,0.09793631104997948,0.2746628492872353,0.2952071809327842,Uttar Pradesh,Mau
13042,civ_mact,1431,28.0,72.0,0.8179579464209322,0.35157447926459945,0.14395868185837304,0.322951459156076,0.3801974993731229,Uttar Pradesh,Mau
13042,civ_misc,8806,24.0,,0.6193800751124015,0.39741025492564136,0.2960987861563115,0.3861343414461438,0.40868616840513894,Uttar Pradesh,Mau
13042,civ_suit,18788,,,0.9599377014892553,0.8780262887275279,0.7835578084499043,0.8727615258708963,0.8832910515841594,Uttar Pradesh,Mau
13042,crim_bail,6238,0.0,1.0,0.003513352346987018,0.0022585836516345117,,0.0009185003472421197,0.003598666956026904,Uttar Pradesh,Mau
13042,crim_magisterial,48748,11.0,73.0,0.48310102342600175,0.2885464487380048,0.15034534803766722,0.2841156548635436,0.29297724261246594,Uttar Pradesh,Mau
13042,crim_sessions,3831,65.0,,0.8692712304709096,0.6999158143198506,0.5334259307155591,0.6834479711285483,0.716383657511153,Uttar Pradesh,Mau
13042,other,1474,29.0,97.0,0.6372862370641201,0.4352280702339042,0.2732064074854235,0.4051884092633455,0.4652677312044629,Uttar Pradesh,Mau
13043,civ_execution,2590,47.0,,0.844370837109934,0.5959474117524574,0.3809236295164347,0.5726136232194481,0.6192812002854666,Uttar Pradesh,Aligarh
13043,civ_family,9620,28.0,65.0,0.8344347002738862,0.36504632536040005,0.1355313806981322,0.3536002344918374,0.3764924162289627,Uttar Pradesh,Aligarh
13043,civ_mact,8254,26.0,61.0,0.8244968875400733,0.3162204094651461,0.10114878748824717,0.3047065409977728,0.32773427793251947,Uttar Pradesh,Aligarh
13043,civ_misc,15641,19.0,79.0,0.5958158177803975,0.3132802388460774,0.15744863947752397,0.3051259622269163,0.32143451546523855,Uttar Pradesh,Aligarh
13043,civ_suit,18953,42.0,,0.8390704467540543,0.5547144657356646,0.32638080882116005,0.5467806408492789,0.5626482906220504,Uttar Pradesh,Aligarh
13043,crim_bail,27326,0.0,2.0,0.007229189675144485,0.004566350770907424,0.0009132701541814852,0.00290291312243008,0.006229788419384768,Uttar Pradesh,Aligarh
13043,crim_magisterial,216316,9.0,,0.4578384245857583,0.29800875059068005,0.22404025258191446,0.29587660889835826,0.30014089228300184,Uttar Pradesh,Aligarh
13043,crim_sessions,11306,85.0,,0.9146938178103089,0.7436920590947079,0.6066112892189198,0.7348319261636732,0.7525521920257426,Uttar Pradesh,Aligarh
13043,other,16664,27.0,,0.7501075740645851,0.39049775641117596,0.27769304803453126,0.382061746248476,0.3989337665738759,Uttar Pradesh,Aligarh
13044,civ_execution,3254,44.0,,0.8428973188339305,0.5533232642639959,0.36583751281511456,0.5330477806730569,0.5735987478549349,Uttar Pradesh,Azamgarh
13044,civ_family,8558,24.0,56.0,0.7781669633361694,0.29324945672949243,0.07730522654352369,0.28140915785644394,0.3050897556025409,Uttar Pradesh,Azamgarh
13044,civ_mact,4528,43.0,91.0,0.925712133912579,0.6055878628657777,0.2806591801243653,0.5893295984621871,0.6218461272693683,Uttar Pradesh,Azamgarh
13044,civ_misc,26873,30.0,,0.6920775674233449,0.4462671875889798,0.28169819051827155,0.4398407416984806,0.45269363347947905,Uttar Pradesh,Azamgarh
13044,civ_suit,43557,69.0,,0.897404463803956,0.6781920407892077,0.5382555074849135,0.6732415190691674,0.683142562509248,Uttar Pradesh,Azamgarh
13044,crim_bail,9211,0.0,1.0,0.003563055000065481,0.0015961196606628176,,0.0006982321648171328,0.0024940071565085027,Uttar Pradesh,Azamgarh
13044,crim_magisterial,156504,28.0,92.0,0.642444810625214,0.42977506472748805,0.2714323842433642,0.4270944332894777,0.4324556961654984,Uttar Pradesh,Azamgarh
13044,crim_sessions,7228,,,0.9557052488908668,0.8481050082024751,0.7382678735948104,0.8385834923650552,0.857626524039895,Uttar Pradesh,Azamgarh
13044,other,1914,52.0,,0.7903213141311256,0.5926727466268717,0.4417015203281576,0.5699428418033243,0.6154026514504192,Uttar Pradesh,Azamgarh
13045,civ_execution,1900,19.0,54.0,0.6472905630661565,0.2245183232454862,0.06598786735288557,0.20171854282178747,0.24731810366918494,Uttar Pradesh,Baghpat
13045,civ_family,499,13.0,43.0,0.531388830962202,0.1265439963275161,0.06295458011276929,0.08222406902526604,0.17086392362976616,Uttar Pradesh,Baghpat
13045,civ_mact,1101,32.0,63.0,0.8961472315223658,0.4132666960124217,0.11729499798744483,0.37988443639239455,0.4466489556324489,Uttar Pradesh,Baghpat
13045,civ_misc,4352,21.0,69.0,0.633916085903864,0.34131433600083627,0.19201975091888904,0.3255313338173074,0.3570973381843651,Uttar Pradesh,Baghpat
13045,civ_suit,6717,21.0,83.0,0.6553145424976562,0.3102002796737114,0.1779974214893575,0.297897195186911,0.3225033641605118,Uttar Pradesh,Baghpat
13045,crim_bail,4959,0.0,1.0,0.004001249966033532,0.0032852368142170054,0.00025271052417053907,0.001650892970572206,0.004919580657861805,Uttar Pradesh,Baghpat
13045,crim_magisterial,39570,35.0,,0.7510056430938273,0.4926395831536062,0.35134049314793636,0.48706203923635394,0.4982171270708584,Uttar Pradesh,Baghpat
13045,crim_sessions,8651,63.0,,0.8585502739549415,0.6648722844667576,0.5081853242438304,0.6524880786398247,0.6772564902936905,Uttar Pradesh,Baghpat
13045,other,32150,11.0,58.0,0.4801598245537323,0.28044361844700044,0.09003065333102328,0.27514743784571827,0.2857397990482826,Uttar Pradesh,Baghpat
13046,civ_execution,392,48.0,,0.8965890511877574,0.629724857724616,0.4163642840560248,0.5776816127747894,0.6817681026744425,Uttar Pradesh,Basti
13046,civ_family,2663,22.0,54.0,0.7710254677769074,0.23546567547666725,0.07684522858505338,0.21596146122349508,0.2549698897298394,Uttar Pradesh,Basti
13046,civ_mact,1310,21.0,49.0,0.733084223290725,0.19492902286185512,0.045519716119954354,0.16910039957896095,0.2207576461447493,Uttar Pradesh,Basti
13046,civ_misc,11811,26.0,,0.6547110973436303,0.41655576601250843,0.27416590253589906,0.4063717268529521,0.4267398051720648,Uttar Pradesh,Basti
13046,civ_suit,17097,73.0,,0.8928834206900953,0.7011195713903022,0.5609443691987714,0.693221400331212,0.7090177424493924,Uttar Pradesh,Basti
13046,crim_bail,4410,0.0,2.0,0.007275150365629626,0.004690206829123861,0.0016235331331582597,0.00252747097706396,0.006852942681183763,Uttar Pradesh,Basti
13046,crim_magisterial,71109,23.0,,0.5396067041977,0.44672058510158963,0.3807038281625414,0.4429066564135986,0.45053451378958065,Uttar Pradesh,Basti
13046,crim_sessions,3973,56.0,,0.8627415195515526,0.6543582758655914,0.4654333016864035,0.6380661742089359,0.6706503775222469,Uttar Pradesh,Basti
13046,other,595,40.0,99.0,0.8341451215239007,0.5346966352484375,0.31636409375246,0.49101494830990783,0.5783783221869672,Uttar Pradesh,Basti
13047,civ_execution,1448,44.0,109.0,0.8433249279071634,0.5666225199110737,0.38797185840127235,0.5370978549548133,0.5961471848673341,Uttar Pradesh,Bijnor
13047,civ_family,5129,15.0,38.0,0.5737427373152633,0.11194316038211884,0.024176465191354416,0.1019563691275201,0.12192995163671758,Uttar Pradesh,Bijnor
13047,civ_mact,2767,15.0,41.0,0.6077780937777267,0.132898508783241,0.014797024698855748,0.11804066507031884,0.14775635249616315,Uttar Pradesh,Bijnor
13047,civ_misc,10947,16.0,72.0,0.5470735065785346,0.2880531843300376,0.14149627565525635,0.27875620767373627,0.297350160986339,Uttar Pradesh,Bijnor
13047,civ_suit,18165,30.0,100.0,0.7761320926535016,0.43158261839093237,0.2654832884376963,0.42341742999056725,0.4397478067912975,Uttar Pradesh,Bijnor
13047,crim_bail,10777,0.0,1.0,0.002569532860025927,0.0021412773833549394,0.00107063869167747,0.000727629266809406,0.003554925499900473,Uttar Pradesh,Bijnor
13047,crim_magisterial,111898,28.0,,0.6533816099424896,0.43669298382684235,0.3118266249389583,0.4334120236134464,0.4399739440402383,Uttar Pradesh,Bijnor
13047,crim_sessions,6228,27.0,82.0,0.7072538680460632,0.3888039728151946,0.1708640600410671,0.3752256047071152,0.40238234092327396,Uttar Pradesh,Bijnor
13047,other,841,77.0,,0.903023880118402,0.7490725118033106,0.5962745229381564,0.7170542219358842,0.781090801670737,Uttar Pradesh,Bijnor
13048,civ_execution,2381,43.0,108.0,0.8656986918925041,0.5669731574571225,0.37362793842684583,0.5411445146718405,0.5928018002424045,Uttar Pradesh,Bulandshahr
13048,civ_family,14638,25.0,76.0,0.7944115774516682,0.3253525389623826,0.15490842641553912,0.31636796637671766,0.3343371115480475,Uttar Pradesh,Bulandshahr
13048,civ_mact,4675,26.0,56.0,0.8361687946816283,0.28678265193512864,0.07930810926857876,0.27139089456231963,0.30217440930793765,Uttar Pradesh,Bulandshahr
13048,civ_misc,20992,16.0,80.0,0.547239549483253,0.270860997973365,0.15596724206216622,0.2642012409259081,0.2775207550208219,Uttar Pradesh,Bulandshahr
13048,civ_suit,19331,39.0,,0.810632441924189,0.5194702644699032,0.3456250047596926,0.5116451595329374,0.5272953694068689,Uttar Pradesh,Bulandshahr
13048,crim_bail,43430,0.0,1.0,0.0009871118356874074,0.00030695381505894964,4.3850545008421384e-05,9.529392196241292e-05,0.0005186137081554863,Uttar Pradesh,Bulandshahr
13048,crim_magisterial,113855,26.0,,0.5832972779724696,0.4421418108102552,0.3480314250263036,0.4390415069839922,0.44524211463651825,Uttar Pradesh,Bulandshahr
13048,crim_sessions,18031,44.0,,0.8200081323693036,0.5673383137874614,0.3658843319784495,0.5576946549808998,0.576981972594023,Uttar Pradesh,Bulandshahr
13048,other,532,28.0,68.0,0.7757718968130136,0.33577443533792456,0.12153791363528471,0.29080614715785796,0.38074272351799116,Uttar Pradesh,Bulandshahr
13049,civ_execution,2394,35.0,108.0,0.772992769948055,0.4863961768809778,0.27653988609850333,0.4631420307860424,0.5096503229759133,Uttar Pradesh,Faizabad
13049,civ_family,4290,19.0,53.0,0.6692411673797248,0.2144407003460448,0.06351070396799136,0.19964858334453392,0.22923281734755566,Uttar Pradesh,Faizabad
13049,civ_misc,19033,17.0,,0.5879272277407852,0.314310978157485,0.21166796913063948,0.30698895724152775,0.3216329990734422,Uttar Pradesh,Faizabad
13049,civ_suit,30929,51.0,,0.8166494478811323,0.5885724341004748,0.45836158407056826,0.5823522213699264,0.5947926468310232,Uttar Pradesh,Faizabad
13049,crim_bail,3887,0.0,1.0,0.010153981195394457,0.0025384952988486142,0.0012692476494243071,0.00018609424133441332,0.004890896356362815,Uttar Pradesh,Faizabad
13049,crim_magisterial,146413,7.0,,0.44262127741028034,0.31688151112613955,0.23335095222162003,0.3143231002067566,0.3194399220455225,Uttar Pradesh,Faizabad
13049,crim_sessions,5082,51.0,,0.8496509772462273,0.6241726241262168,0.42783038786172234,0.6086319258484644,0.6397133224039692,Uttar Pradesh,Faizabad
13049,other,3224,28.0,,0.6837926639842015,0.44694182061096716,0.3527190040553695,0.4282974139262033,0.465586227295731,Uttar Pradesh,Faizabad
13050,civ_execution,709,68.0,,0.8037128272913272,0.6454269575299758,0.5316101425797545,0.6036531544923308,0.6872007605676208,Uttar Pradesh,Gonda
13050,civ_misc,11068,31.0,,0.635776962458112,0.47366181431810983,0.38011876020528884,0.4635805890979604,0.48374303953825926,Uttar Pradesh,Gonda
13050,civ_suit,34448,79.0,,0.9075464534893208,0.7491814322303718,0.5795338776694746,0.74378576206882,0.7545771023919237,Uttar Pradesh,Gonda
13050,crim_bail,7291,0.0,1.0,0.005927012722803228,0.002540148309772812,0.002540148309772812,0.0,0.006241130089353472,Uttar Pradesh,Gonda
13050,crim_magisterial,79329,61.0,,0.6582177179807412,0.5697362244603175,0.5003968749518228,0.5660421356276021,0.5734303132930328,Uttar Pradesh,Gonda
13050,crim_sessions,4519,53.0,,0.8948377601534686,0.6618382805883741,0.4345720200487624,0.6457295690881332,0.6779469920886151,Uttar Pradesh,Gonda
13050,other,1640,32.0,,0.776242826100633,0.46623999603628025,0.33088024165484603,0.43787129203355624,0.49460870003900426,Uttar Pradesh,Gonda
13051,civ_execution,1288,30.0,80.0,0.8394138399294416,0.37445713895431304,0.18729999924309418,0.3453728950811108,0.4035413828275153,Uttar Pradesh,Kanpur Dehat
13051,civ_family,3993,22.0,59.0,0.7532161767341337,0.293427767959712,0.0907765864886855,0.2766783917092647,0.31017714421015924,Uttar Pradesh,Kanpur Dehat
13051,civ_mact,3568,26.0,60.0,0.8518711595037176,0.32669727050988356,0.09455893464930368,0.30829195660804426,0.34510258441172287,Uttar Pradesh,Kanpur Dehat
13051,civ_misc,16856,16.0,67.0,0.5619537307582338,0.2795582105802133,0.12567514234070246,0.2721443995141833,0.2869720216462433,Uttar Pradesh,Kanpur Dehat
13051,civ_suit,17231,37.0,98.0,0.8534966554414809,0.5069622565105582,0.2746795659375081,0.498304559760576,0.5156199532605402,Uttar Pradesh,Kanpur Dehat
13051,crim_bail,26253,0.0,1.0,0.011409852266583193,0.00876944405514673,0.0006395783513328465,0.007545632604035937,0.009993255506257523,Uttar Pradesh,Kanpur Dehat
13051,crim_magisterial,108290,13.0,101.0,0.5016624583935372,0.3539282002047507,0.25153006804103273,0.350712851840808,0.35714354856869335,Uttar Pradesh,Kanpur Dehat
13051,crim_sessions,6609,55.0,,0.9134349431254951,0.6701188065440405,0.4604747370700969,0.6571045919001909,0.6831330211878902,Uttar Pradesh,Kanpur Dehat
13051,other,7155,93.0,,0.9180656647754056,0.7820793353566338,0.6352971397701855,0.7678828495343392,0.7962758211789284,Uttar Pradesh,Kanpur Dehat
13052,civ_execution,422,27.0,104.0,0.7596364166645811,0.37389256854895847,0.21434690985202223,0.3191054725384134,0.4286796645595035,Uttar Pradesh,Maharajganj
13052,civ_family,5281,19.0,54.0,0.6864522777612057,0.23551617909086725,0.06433185321131449,0.22192467760155665,0.24910768058017785,Uttar Pradesh,Maharajganj
13052,civ_mact,1422,33.0,88.0,0.8922509246110045,0.4529110324731741,0.22035296544543204,0.4226300940489967,0.4831919708973515,Uttar Pradesh,Maharajganj
13052,civ_misc,5830,20.0,83.0,0.5756709269542681,0.3915447273736905,0.23652381311484888,0.37816192032701246,0.40492753442036855,Uttar Pradesh,Maharajganj
13052,civ_suit,12304,41.0,104.0,0.8891604188450917,0.5623589405265977,0.320173589071422,0.5519923583533549,0.5727255226998406,Uttar Pradesh,Maharajganj
13052,crim_bail,5352,0.0,1.0,0.001911912955817429,,,,,Uttar Pradesh,Maharajganj
13052,crim_magisterial,59626,43.0,,0.6107572303520505,0.5210908121092588,0.4360831569395726,0.5167455690840261,0.5254360551344914,Uttar Pradesh,Maharajganj
13052,crim_sessions,3649,89.0,,0.9273468295161712,0.7978596667679093,0.6762619680668194,0.7822159542563132,0.8135033792795054,Uttar Pradesh,Maharajganj
13052,other,1013,56.0,,0.812407081418128,0.6327919561494999,0.4866428719298845,0.5978903044903574,0.6676936078086424,Uttar Pradesh,Maharajganj
13053,civ_execution,2621,44.0,,0.8220812344972745,0.5674812882147579,0.40902829586576744,0.543185236095509,0.5917773403340068,Uttar Pradesh,Mathura
13053,civ_family,14744,12.0,37.0,0.4668678610870849,0.10553917821892773,0.014432551038616393,0.09952044018861846,0.11155791624923701,Uttar Pradesh,Mathura
13053,civ_mact,6615,23.0,58.0,0.8094646121690173,0.26421045933532555,0.08776135401445986,0.2517042442277011,0.27671667444295,Uttar Pradesh,Mathura
13053,civ_misc,18223,15.0,74.0,0.5405314247646145,0.27253799435048615,0.1422418402342172,0.2653303486341158,0.2797456400668565,Uttar Pradesh,Mathura
13053,civ_suit,19847,35.0,,0.8086764101985032,0.4868117622876398,0.28733585303421827,0.4788894969217326,0.49473402765354696,Uttar Pradesh,Mathura
13053,crim_bail,28509,0.0,1.0,0.006985734964084135,0.000768757004697939,0.0003113465869026653,0.00035301919415354664,0.0011844948152423315,Uttar Pradesh,Mathura
13053,crim_magisterial,252463,8.0,76.0,0.4006652896788822,0.20071232842353665,0.13350170722857557,0.1989665582146378,0.2024580986324355,Uttar Pradesh,Mathura
13053,crim_sessions,17772,75.0,,0.9183557619921187,0.7330514555189376,0.557307891304869,0.7238380040461693,0.7422649069917059,Uttar Pradesh,Mathura
13053,other,5119,43.0,,0.7691282140990522,0.5489554227641834,0.3885762737741284,0.5336911416228061,0.5642197039055608,Uttar Pradesh,Mathura
13054,civ_execution,4621,31.0,87.0,0.7700100187903891,0.4340274661893306,0.24032777999785399,0.4168777847691107,0.45117714760955047,Uttar Pradesh,Moradabad
13054,civ_family,14502,10.0,37.0,0.4190816703320988,0.10274058128444824,0.02427358833231473,0.09719176799814684,0.10828939457074964,Uttar Pradesh,Moradabad
13054,civ_mact,4227,20.0,49.0,0.7464050978080577,0.1794645047855533,0.0612925117744013,0.1654670189326601,0.19346199063844652,Uttar Pradesh,Moradabad
13054,civ_misc,16848,10.0,56.0,0.45509027681078723,0.1958537324403178,0.08573123883991973,0.1892550571711428,0.20245240770949283,Uttar Pradesh,Moradabad
13054,civ_suit,16868,28.0,91.0,0.7464200880239766,0.3887243028236843,0.22397483009880656,0.3802440819643692,0.3972045236829994,Uttar Pradesh,Moradabad
13054,crim_bail,25793,0.0,1.0,0.0012206441449348594,0.0005088757212525853,0.00019082839546971954,0.00019289953800232396,0.0008248519045028467,Uttar Pradesh,Moradabad
13054,crim_magisterial,202305,4.0,,0.38218544263726906,0.24256340236057988,0.17288233488391025,0.24050686440109156,0.2446199403200682,Uttar Pradesh,Moradabad
13054,crim_sessions,15478,40.0,,0.7929324839334756,0.5225585059260088,0.3449200251127132,0.5137966732734184,0.5313203385785993,Uttar Pradesh,Moradabad
13054,other,1131,25.0,76.0,0.7394110184109512,0.3531572120390687,0.17387402682666367,0.32195824332417594,0.38435618075396144,Uttar Pradesh,Moradabad
13055,civ_execution,768,28.0,105.0,0.770425093812253,0.4078094605394527,0.250119981048599,0.3693861969193501,0.44623272415955534,Uttar Pradesh,Raebareli
13055,civ_family,3687,30.0,68.0,0.7781464915478006,0.4135509592847447,0.15713952777646012,0.3935907885497944,0.43351113001969505,Uttar Pradesh,Raebareli
13055,civ_mact,2062,22.0,50.0,0.7833209287975459,0.24529669307600543,0.05045984301501962,0.22583508749500786,0.264758298657003,Uttar Pradesh,Raebareli
13055,civ_misc,9311,24.0,90.0,0.6410100669106971,0.38651738693781995,0.2229502837369769,0.37574885543790315,0.39728591843773675,Uttar Pradesh,Raebareli
13055,civ_suit,29650,56.0,,0.9030227363420432,0.6584481722245149,0.4665869898379794,0.6523819705289814,0.6645143739200484,Uttar Pradesh,Raebareli
13055,crim_bail,3489,0.0,8.0,0.050945597631195175,0.003017546936616946,0.0010776953345060527,0.0008623599186637328,0.00517273395457016,Uttar Pradesh,Raebareli
13055,crim_magisterial,57251,7.0,76.0,0.4151631502970069,0.25769009630214496,0.15053673595051553,0.2537599496864818,0.2616202429178081,Uttar Pradesh,Raebareli
13055,crim_sessions,2513,41.0,85.0,0.80377811071621,0.5567931520585325,0.2780987320759301,0.5371732675687384,0.5764130365483267,Uttar Pradesh,Raebareli
13055,other,418,61.0,,0.8640995371346817,0.7511556020095146,0.5093592853636717,0.7084839993833723,0.7938272046356569,Uttar Pradesh,Raebareli
13056,civ_execution,1106,37.0,96.0,0.8084469477810894,0.5007624913238309,0.2649253819498668,0.4670097609144029,0.5345152217332589,Uttar Pradesh,Rampur
13056,civ_family,2952,8.0,24.0,0.2744281891479509,0.03041090201104633,0.003947569011049284,0.02189872775921165,0.03892307626288101,Uttar Pradesh,Rampur
13056,civ_mact,3053,22.0,59.0,0.7800161340755564,0.22857616874128447,0.09197760398746223,0.21088360236780848,0.24626873511476047,Uttar Pradesh,Rampur
13056,civ_misc,10759,8.0,46.0,0.39925479830547206,0.14315431637546172,0.05128747297735276,0.13586655730359404,0.1504420754473294,Uttar Pradesh,Rampur
13056,civ_suit,8990,18.0,59.0,0.6379254243280638,0.2462182608475339,0.09560320501572428,0.23687507537063573,0.25556144632443206,Uttar Pradesh,Rampur
13056,crim_bail,23850,0.0,1.0,0.006447918194490704,4.57735239490228e-05,,0.0,0.00013547233190117975,Uttar Pradesh,Rampur
13056,crim_magisterial,154775,10.0,86.0,0.4700035811650369,0.26264866525235375,0.1509367929310669,0.26023788173932627,0.26505944876538123,Uttar Pradesh,Rampur
13056,crim_sessions,9434,43.0,,0.826149030908163,0.563691504330638,0.3913536349888544,0.5519937832464042,0.5753892254148717,Uttar Pradesh,Rampur
13057,civ_execution,2489,16.0,60.0,0.5413081035142091,0.2141200486406716,0.09796981091445146,0.19686206412379836,0.23137803315754485,Uttar Pradesh,Saharanpur
13057,civ_family,5596,9.0,30.0,0.3672417879900941,0.06351877774216341,0.022056164792296228,0.05644816625612844,0.0705893892281984,Uttar Pradesh,Saharanpur
13057,civ_mact,1900,15.0,34.0,0.5864943634023668,0.08883840806466933,0.004810967648753917,0.07525624483098227,0.1024205712983564,Uttar Pradesh,Saharanpur
13057,civ_misc,12950,13.0,66.0,0.5150467726270336,0.24043424304581745,0.11664721736649733,0.23229765210622885,0.24857083398540605,Uttar Pradesh,Saharanpur
13057,civ_suit,18144,25.0,,0.6381443378855394,0.4082414981900497,0.2681348144563266,0.40017591872866065,0.4163070776514387,Uttar Pradesh,Saharanpur
13057,crim_bail,14924,1.0,2.0,0.0008574017226851058,0.0003572507177854608,,4.705621355276398e-05,0.0006674452220181577,Uttar Pradesh,Saharanpur
13057,crim_magisterial,130458,36.0,,0.7144133766551588,0.4973076375357502,0.3605704203283942,0.49416257081226683,0.5004527042592336,Uttar Pradesh,Saharanpur
13057,crim_sessions,5108,20.0,55.0,0.6295507971817269,0.23142239536861658,0.07590730048708483,0.21912217103226317,0.24372261970497,Uttar Pradesh,Saharanpur
13057,other,21842,13.0,58.0,0.5064931822818071,0.19985418533370758,0.0939410957113352,0.1937987289550627,0.20590964171235246,Uttar Pradesh,Saharanpur
13058,civ_execution,799,27.0,,0.7500624680581043,0.4037274115982802,0.2638652741201311,0.3657886149353071,0.44166620826125325,Uttar Pradesh,Shahjahanpur
13058,civ_mact,3306,24.0,52.0,0.8149524943564643,0.2670281593877569,0.07053036681447382,0.24810076788133892,0.2859555508941749,Uttar Pradesh,Shahjahanpur
13058,civ_misc,9917,12.0,63.0,0.48428710727165125,0.25903674775964586,0.1061800564704154,0.24924076001771386,0.2688327355015778,Uttar Pradesh,Shahjahanpur
13058,civ_suit,15846,36.0,,0.8123246162026704,0.49026448538173684,0.28428176356292933,0.48132025616046265,0.49920871460301103,Uttar Pradesh,Shahjahanpur
13058,crim_bail,12694,0.0,1.0,0.0023443603675337974,0.00010465894497918744,,0.0,0.0003045211128079435,Uttar Pradesh,Shahjahanpur
13058,crim_magisterial,134805,17.0,,0.5357189543454518,0.39922992084439346,0.28844831216961103,0.3963371836961826,0.4021226579926043,Uttar Pradesh,Shahjahanpur
13058,crim_sessions,2890,34.0,86.0,0.7697485940028956,0.4770722315492421,0.24418441692821632,0.4583420218625871,0.4958024412358971,Uttar Pradesh,Shahjahanpur
13058,other,805,27.0,99.0,0.6982007550761068,0.4112428102349054,0.2571650039351108,0.37421828021303705,0.4482673402567737,Uttar Pradesh,Shahjahanpur
13059,civ_family,2388,21.0,56.0,0.6834041698481709,0.2684992910285581,0.06745632531396048,0.25033498436018803,0.2866635976969281,Uttar Pradesh,Siddharthnagar
13059,civ_mact,1339,24.0,58.0,0.7353147965854918,0.2996914098117118,0.09544522260683178,0.27162307606130065,0.3277597435621229,Uttar Pradesh,Siddharthnagar
13059,civ_misc,3783,16.0,68.0,0.5714291588202083,0.28526970250130096,0.12466264239841555,0.2695305229565524,0.30100888204604953,Uttar Pradesh,Siddharthnagar
13059,civ_suit,5427,32.0,75.0,0.784637328114038,0.45362712828465307,0.1842316289786875,0.43883931267865395,0.4684149438906522,Uttar Pradesh,Siddharthnagar
13059,crim_bail,4253,0.0,1.0,0.007823817857778283,,,,,Uttar Pradesh,Siddharthnagar
13059,crim_magisterial,62300,21.0,,0.5646171729411701,0.41912099530272906,0.34301871206657275,0.41494658423539627,0.42329540637006186,Uttar Pradesh,Siddharthnagar
13059,crim_sessions,2716,36.0,,0.7696700814497294,0.49380001120868144,0.3050347391028322,0.4719268944948292,0.5156731279225336,Uttar Pradesh,Siddharthnagar
13059,other,663,24.0,61.0,0.6732096068208977,0.31188916644660497,0.1066912530338441,0.273261154777823,0.35051717811538696,Uttar Pradesh,Siddharthnagar
13060,civ_execution,1390,19.0,,0.5453995953665856,0.40533610482261584,0.31849951337110194,0.3749718137069448,0.43570039593828686,Uttar Pradesh,Sonbhadra
13060,civ_mact,2401,41.0,91.0,0.9221269515318589,0.5607109880227272,0.2847614793937005,0.5378134259284805,0.583608550116974,Uttar Pradesh,Sonbhadra
13060,civ_misc,6056,21.0,104.0,0.6055891820930647,0.3559411485347025,0.2272304721420674,0.3430179803408206,0.3688643167285844,Uttar Pradesh,Sonbhadra
13060,civ_suit,8991,49.0,,0.795312246958358,0.5888973004861712,0.42217866613519833,0.5776142582369146,0.6001803427354278,Uttar Pradesh,Sonbhadra
13060,crim_bail,5137,0.0,1.0,0.013139084839720823,0.0010780787560796575,0.0003593595853598859,4.918232696356803e-05,0.0021069751851957473,Uttar Pradesh,Sonbhadra
13060,crim_magisterial,93616,15.0,,0.5215881055263172,0.3556725595800581,0.2399423786950605,0.35228531903778476,0.35905980012233146,Uttar Pradesh,Sonbhadra
13060,crim_sessions,2517,106.0,,0.9644132154054647,0.8594515680988005,0.7583144373028224,0.8441328123425955,0.8747703238550055,Uttar Pradesh,Sonbhadra
13060,other,1841,95.0,,0.9146680282294641,0.8029988653403461,0.6957285285722139,0.7823691432345896,0.8236285874461027,Uttar Pradesh,Sonbhadra
13061,civ_execution,1154,48.0,,0.8792664591515845,0.6479748224589499,0.42807770731406275,0.6182019167203844,0.6777477281975154,Uttar Pradesh,Sultanpur
13061,civ_family,10844,29.0,63.0,0.7526526914167906,0.3654364272753982,0.1230361955962804,0.3534749552579171,0.3773978992928793,Uttar Pradesh,Sultanpur
13061,civ_mact,1599,29.0,103.0,0.870477129805842,0.36875240708994883,0.209115793016861,0.3340891095376367,0.40341570464226095,Uttar Pradesh,Sultanpur
13061,civ_misc,16716,36.0,,0.7347107892965341,0.4943952765807785,0.31711866907903385,0.486221496487158,0.502569056674399,Uttar Pradesh,Sultanpur
13061,civ_suit,31563,81.0,,0.9343007495763106,0.7636281137538747,0.6203352756663596,0.7582770941184065,0.768979133389343,Uttar Pradesh,Sultanpur
13061,crim_bail,12976,1.0,4.0,0.02107749574746023,0.006988217949676697,0.0024573953229632345,0.004989304286255952,0.008987131613097443,Uttar Pradesh,Sultanpur
13061,crim_magisterial,118240,47.0,,0.6605694227442178,0.5394352992018377,0.4485054331435823,0.5364140446499662,0.5424565537537093,Uttar Pradesh,Sultanpur
13061,crim_sessions,7288,,,0.9511981641478322,0.8489619212312083,0.7364353916918029,0.8395972179718068,0.8583266244906098,Uttar Pradesh,Sultanpur
13061,other,602,49.0,106.0,0.8632566174701427,0.6376652248822714,0.36215917438334444,0.5952066126294524,0.6801238371350904,Uttar Pradesh,Sultanpur
13062,civ_execution,734,36.0,,0.7958806684940887,0.48246226319825536,0.23690445463356022,0.43908851825428613,0.5258360081422246,Uttar Pradesh,Unnao
13062,civ_family,13465,24.0,52.0,0.8124435103490938,0.2641500913166659,0.046382603526627264,0.2561157919581505,0.2721843906751813,Uttar Pradesh,Unnao
13062,civ_misc,9478,12.0,67.0,0.48705976285470215,0.2614103977394473,0.12183731403074385,0.25166504672496515,0.27115574875392945,Uttar Pradesh,Unnao
13062,civ_suit,18981,58.0,,0.9280152568414067,0.7308999452728097,0.48407064664286653,0.7238089303222133,0.737990960223406,Uttar Pradesh,Unnao
13062,crim_bail,31490,0.0,1.0,0.0008507078271188619,0.00021267695677971556,,4.433648324451948e-05,0.0003810174303149116,Uttar Pradesh,Unnao
13062,crim_magisterial,99906,30.0,103.0,0.6521562549094998,0.44729138520202727,0.3121676220578895,0.44391401013695836,0.4506687602670962,Uttar Pradesh,Unnao
13062,crim_ni138,2449,16.0,56.0,0.5754401143187263,0.21287549253284324,0.08432910219040131,0.19494590271500167,0.2308050823506848,Uttar Pradesh,Unnao
13062,crim_sessions,3998,43.0,,0.6631691910175121,0.5350976911905505,0.4041197039134922,0.5178634606302001,0.552331921750901,Uttar Pradesh,Unnao
13062,other,21445,10.0,61.0,0.4506452030155254,0.19426125528635024,0.10135365214817368,0.1880948125785318,0.20042769799416868,Uttar Pradesh,Unnao
13063,civ_execution,678,40.0,,0.8163437150122855,0.5442374486669126,0.3422892445290106,0.5035426191867935,0.5849322781470316,Uttar Pradesh,Farrukhabad
13063,civ_family,5504,26.0,66.0,0.7674534483153276,0.3871065475883565,0.12694395681556833,0.3717961348209623,0.4024169603557507,Uttar Pradesh,Farrukhabad
13063,civ_mact,2280,22.0,51.0,0.7520569874159223,0.24835332866055748,0.043384433128760676,0.22804657494634623,0.26866008237476874,Uttar Pradesh,Farrukhabad
13063,civ_misc,9047,24.0,,0.6312858201367277,0.3998555234567209,0.23739053392725284,0.3891479619505397,0.41056308496290206,Uttar Pradesh,Farrukhabad
13063,civ_suit,12155,74.0,,0.9058298025915653,0.7207287417959258,0.5437921967224674,0.7115619311311385,0.7298955524607131,Uttar Pradesh,Farrukhabad
13063,crim_bail,8201,1.0,2.0,0.0016457324455205818,0.0003692348435462844,0.0003692348435462844,0.0,0.0008413916162154962,Uttar Pradesh,Farrukhabad
13063,crim_magisterial,62095,18.0,,0.5384707062330423,0.4286144492707161,0.3515457874973699,0.4244421081475285,0.4327867903939038,Uttar Pradesh,Farrukhabad
13063,crim_sessions,5022,59.0,,0.9236309080756537,0.7248768024916935,0.49270818098641433,0.710998004831737,0.73875560015165,Uttar Pradesh,Farrukhabad
13063,other,23186,44.0,,0.7609728895173812,0.5656929832632493,0.37914504776335917,0.5586778703847686,0.5727080961417301,Uttar Pradesh,Farrukhabad
13064,civ_execution,697,28.0,83.0,0.7327571381253142,0.3766078956804344,0.19497607548724527,0.3369652835440773,0.4162505078167915,Uttar Pradesh,Hamirpur
13064,civ_family,2892,16.0,37.0,0.614200780370286,0.10515961175355129,0.018719013988537266,0.09054473600394,0.11977448750316258,Uttar Pradesh,Hamirpur
13064,civ_mact,1201,17.0,36.0,0.6839243603518238,0.08579154356285196,0.008456005164228042,0.06632464673178987,0.10525844039391405,Uttar Pradesh,Hamirpur
13064,civ_misc,4442,15.0,81.0,0.5541650262119302,0.292633263127208,0.17139253915923217,0.2782720356980452,0.3069944905563708,Uttar Pradesh,Hamirpur
13064,civ_suit,5726,55.0,,0.902143291486135,0.6642495590573266,0.45727552330636434,0.6505648046659133,0.67793431344874,Uttar Pradesh,Hamirpur
13064,crim_bail,7687,0.0,1.0,0.004371491939194142,0.0005298778108114114,0.00013246945270285287,1.0846482796317259e-05,0.0010489091388265056,Uttar Pradesh,Hamirpur
13064,crim_magisterial,43759,11.0,,0.4731798490668211,0.317914541498425,0.20743174594430064,0.3131573893246262,0.3226716936722238,Uttar Pradesh,Hamirpur
13064,crim_sessions,5374,48.0,,0.8320401565781735,0.6010114303074743,0.39612177738556886,0.58582328356619,0.6161995770487586,Uttar Pradesh,Hamirpur
13064,other,1543,44.0,,0.6097096513863889,0.5253079710885213,0.42473529881890676,0.4996129389792419,0.5510030031978008,Uttar Pradesh,Hamirpur
13065,civ_execution,999,38.0,,0.8039320427506534,0.5169270780807159,0.3018436655369321,0.4745904235540525,0.5592637326073793,Uttar Pradesh,Hathras
13065,civ_family,8299,17.0,45.0,0.6338506409337668,0.1735226846215785,0.036578956562996805,0.16424713727938203,0.18279823196377495,Uttar Pradesh,Hathras
13065,civ_mact,1324,27.0,57.0,0.8770410371931232,0.3112380535860566,0.08314837987135812,0.28218840314835647,0.34028770402375674,Uttar Pradesh,Hathras
13065,civ_misc,8528,9.0,64.0,0.44295538976083654,0.24169275471983281,0.11318226509569441,0.23191936798603027,0.2514661414536354,Uttar Pradesh,Hathras
13065,civ_suit,7378,43.0,,0.8449214880236771,0.564600424475428,0.34639068411694895,0.5521975918154416,0.5770032571354144,Uttar Pradesh,Hathras
13065,crim_bail,2579,0.0,1.0,0.018146568437378822,,,,,Uttar Pradesh,Hathras
13065,crim_magisterial,66470,17.0,,0.5504906193271019,0.3667136452419398,0.2682049546289742,0.36264206820844186,0.3707852222754377,Uttar Pradesh,Hathras
13065,crim_sessions,4844,57.0,,0.8671683677058285,0.6699622681217839,0.4739568903746869,0.6552288505340458,0.6846956857095221,Uttar Pradesh,Hathras
13065,other,1414,35.0,,0.7432236644747546,0.48676281950677275,0.31278270724886975,0.4564710359831481,0.5170546030303974,Uttar Pradesh,Hathras
13066,civ_execution,6062,14.0,67.0,0.5413124138143091,0.21410781709125115,0.11681863242299007,0.20183049420335916,0.22638513997914314,Uttar Pradesh,Jhansi
13066,civ_family,5821,14.0,38.0,0.5539166880442715,0.1124182119223997,0.005562157389929989,0.10296748926847205,0.12186893457632736,Uttar Pradesh,Jhansi
13066,civ_mact,5823,27.0,60.0,0.8220780143806825,0.32876617723575974,0.09636277519950029,0.3151979408826108,0.34233441358890865,Uttar Pradesh,Jhansi
13066,civ_misc,11406,22.0,77.0,0.6297785969299152,0.35442415095024776,0.18042168720724777,0.34483988245072694,0.3640084194497686,Uttar Pradesh,Jhansi
13066,civ_suit,20722,21.0,74.0,0.6661721303273311,0.3319257175589473,0.1667933008281773,0.32480736206188016,0.3390440730560144,Uttar Pradesh,Jhansi
13066,crim_bail,12970,0.0,1.0,0.014051823832368531,0.001409542188685469,,0.00048087296590670653,0.0023382114114642314,Uttar Pradesh,Jhansi
13066,crim_magisterial,148552,3.0,,0.39270599928143723,0.2564310030130951,0.18514227564275157,0.2540151073013703,0.25884689872482,Uttar Pradesh,Jhansi
13066,crim_sessions,7942,57.0,,0.8478304720644122,0.6444233869274559,0.4838801145579666,0.6326108249658685,0.6562359488890434,Uttar Pradesh,Jhansi
13066,other,16274,0.0,8.0,0.08099471820006379,0.05233666734308246,0.04118269278903773,0.04867547342888436,0.05599786125728056,Uttar Pradesh,Jhansi
13067,civ_execution,360,44.0,,0.8423846337413278,0.5741005324501239,0.31787042400161,0.5135685111422236,0.6346325537580243,Uttar Pradesh,Balrampur
13067,civ_family,5291,23.0,58.0,0.7432729488411373,0.2765876712617142,0.0915303163701365,0.26161077937102223,0.29156456315240614,Uttar Pradesh,Balrampur
13067,civ_mact,625,37.0,109.0,0.8838166217128491,0.5099839676518535,0.2989283694538324,0.4644562407598147,0.5555116945438923,Uttar Pradesh,Balrampur
13067,civ_misc,4786,29.0,104.0,0.7031418177302826,0.42687806254317223,0.2758009221184145,0.4114935132654368,0.44226261182090765,Uttar Pradesh,Balrampur
13067,civ_suit,14602,51.0,,0.8725357732083303,0.6080828113848827,0.454982244027526,0.5991394111703482,0.6170262115994173,Uttar Pradesh,Balrampur
13067,crim_bail,2810,0.0,1.0,0.00258295745925833,0.00110698176825357,0.000553490884126785,0.0,0.002358148404647714,Uttar Pradesh,Balrampur
13067,crim_magisterial,51156,38.0,,0.685225251344174,0.5059108605554248,0.361497682299301,0.5009934316334054,0.5108282894774442,Uttar Pradesh,Balrampur
13067,crim_sessions,2140,56.0,,0.850930830367307,0.6369256194422024,0.4723784965940662,0.6133347107857843,0.6605165280986205,Uttar Pradesh,Balrampur
13067,other,333,51.0,,0.8841701350850019,0.6753419779361457,0.4060642686772293,0.6156153507331001,0.7350686051391913,Uttar Pradesh,Balrampur
13068,civ_execution,1213,55.0,,0.8838117343457761,0.6322772098196665,0.47219406603346836,0.5992419546295548,0.6653124650097783,Uttar Pradesh,Mirzapur
13068,civ_mact,2195,24.0,73.0,0.7883403381003781,0.3098810251706792,0.15382709880934395,0.2867221451352525,0.33303990520610594,Uttar Pradesh,Mirzapur
13068,civ_misc,14342,8.0,,0.4314752122899944,0.2718231974435126,0.1822952438220546,0.26353870393261297,0.2801076909544122,Uttar Pradesh,Mirzapur
13068,civ_suit,13993,54.0,,0.8220488812941894,0.6084300231428503,0.46785491301153587,0.5993229711729253,0.6175370751127753,Uttar Pradesh,Mirzapur
13068,crim_bail,9379,1.0,27.0,0.12552927974572667,0.04188121921881564,,0.02118140222752089,0.0625810362101104,Uttar Pradesh,Mirzapur
13068,crim_magisterial,94330,24.0,,0.5947591667762637,0.4039285010783389,0.2860839975470558,0.40042404196055464,0.40743296019612313,Uttar Pradesh,Mirzapur
13068,crim_sessions,2890,72.0,,0.9226444511740858,0.7480889512931244,0.5712534066742603,0.7303207669793917,0.765857135606857,Uttar Pradesh,Mirzapur
13068,other,10866,20.0,,0.573967949616121,0.3773590135507715,0.24854508988374283,0.36730460010648097,0.38741342699506204,Uttar Pradesh,Mirzapur
13069,civ_execution,475,32.0,96.0,0.8334360523990568,0.43943202400306647,0.25058437875398454,0.39155176101229194,0.487312286993841,Uttar Pradesh,Kannauj
13069,civ_family,3490,37.0,77.0,0.8038264463975732,0.5116014465971002,0.1636935579174453,0.48944876923350444,0.5337541239606959,Uttar Pradesh,Kannauj
13069,civ_mact,2232,35.0,84.0,0.8713289338642989,0.4723718204753888,0.1903273281684927,0.44837403666183195,0.4963696042889456,Uttar Pradesh,Kannauj
13069,civ_misc,4825,31.0,92.0,0.6927002759368065,0.45058520572221733,0.25882416886162335,0.4350439933417121,0.46612641810272254,Uttar Pradesh,Kannauj
13069,civ_suit,10326,45.0,,0.8655314153397102,0.580093714215752,0.38415785344707043,0.5692975456704723,0.5908898827610316,Uttar Pradesh,Kannauj
13069,crim_bail,2751,0.0,1.0,0.0023139992605641455,0.0007713330868547153,,0.0,0.0022094704313842996,Uttar Pradesh,Kannauj
13069,crim_magisterial,47119,44.0,,0.668632295904747,0.5504515923583478,0.41641860529979163,0.5452213376380279,0.5556818470786677,Uttar Pradesh,Kannauj
13069,crim_sessions,4318,50.0,,0.8765807569698959,0.632640201547585,0.39918038698799513,0.6156445884676897,0.6496358146274804,Uttar Pradesh,Kannauj
13069,other,1869,58.0,,0.7791655139451871,0.5750835942047918,0.47397426323320185,0.5458207518627118,0.6043464365468718,Uttar Pradesh,Kannauj
13070,civ_execution,729,28.0,72.0,0.7610512458961618,0.42199280143291157,0.15321927254923412,0.3838618278649518,0.4601237750008713,Uttar Pradesh,Jalaun
13070,civ_family,792,39.0,56.0,0.6994949494949494,0.5542929292929294,0.018939393939393947,0.5196760501535942,0.5889098084322646,Uttar Pradesh,Jalaun
13070,civ_mact,1647,24.0,45.0,0.8490844235184312,0.22827023918803768,0.022044359617793698,0.20500903997670836,0.25153143839936704,Uttar Pradesh,Jalaun
13070,civ_misc,7929,18.0,64.0,0.5911252615225527,0.26144853500398463,0.11472984170202918,0.25113366116422287,0.2717634088437464,Uttar Pradesh,Jalaun
13070,civ_suit,8811,39.0,92.0,0.8392630805868123,0.5282021635784662,0.2930441684290874,0.5168117803090652,0.5395925468478672,Uttar Pradesh,Jalaun
13070,crim_bail,3810,0.0,17.0,0.16546779433324468,0.0010573022002124265,0.0005286511001062133,2.1704945032332114e-05,0.002092899455392521,Uttar Pradesh,Jalaun
13070,crim_magisterial,35265,16.0,67.0,0.5508311152526756,0.26445019020752397,0.12060278605350983,0.25945981016069586,0.2694405702543521,Uttar Pradesh,Jalaun
13070,crim_sessions,2429,34.0,71.0,0.8215422269492871,0.45719801584660735,0.14955322864303186,0.4366966085866785,0.4776994231065362,Uttar Pradesh,Jalaun
13070,other,4318,15.0,41.0,0.5705785789219738,0.1495766683970563,0.02450967544057225,0.13762329878068133,0.16153003801343127,Uttar Pradesh,Jalaun
13071,civ_execution,225,21.0,77.0,0.668510734614931,0.28652716350503465,0.14734179206870468,0.20411733381149874,0.36893699319857054,Uttar Pradesh,Santkabir Nagar
13071,civ_family,2005,37.0,75.0,0.8505847851647669,0.5000889559647788,0.21732472365910363,0.4755047775045102,0.5246731344250473,Uttar Pradesh,Santkabir Nagar
13071,civ_mact,528,29.0,73.0,0.8870152728385365,0.3260344821807213,0.11781799802599324,0.28456448938875584,0.36750447497268673,Uttar Pradesh,Santkabir Nagar
13071,civ_misc,1969,17.0,88.0,0.5585159846979071,0.3115873236152585,0.21364958589513608,0.288310372135177,0.33486427509533995,Uttar Pradesh,Santkabir Nagar
13071,civ_suit,7419,48.0,97.0,0.8744687505806787,0.6508866147927171,0.37359479614315294,0.639235795410304,0.6625374341751303,Uttar Pradesh,Santkabir Nagar
13071,crim_bail,7002,0.0,1.0,0.0001946091414400706,,,,,Uttar Pradesh,Santkabir Nagar
13071,crim_magisterial,47879,42.0,,0.66492758166131,0.5320730035271395,0.40318017687748914,0.5271922355671762,0.5369537714871028,Uttar Pradesh,Santkabir Nagar
13071,crim_sessions,1196,33.0,91.0,0.7436486722688934,0.47248306116391386,0.22905536026494253,0.4361198884573761,0.5088462338704516,Uttar Pradesh,Santkabir Nagar
13071,other,272,37.0,79.0,0.7837790799641455,0.5055527426121571,0.2584526765598505,0.44219329340445157,0.5689121918198626,Uttar Pradesh,Santkabir Nagar
13073,civ_execution,1262,25.0,88.0,0.7614918903716325,0.3929065558992419,0.21727835524437464,0.3577704463430379,0.4280426654554459,Uttar Pradesh,Hapur
13073,civ_mact,926,36.0,,0.8457511432626827,0.48827030727046705,0.2804531923991656,0.44827215640594753,0.5282684581349866,Uttar Pradesh,Hapur
13073,civ_misc,4811,13.0,63.0,0.5016391018507209,0.23238192449667425,0.10529276064490001,0.21757788024434888,0.24718596874899962,Uttar Pradesh,Hapur
13073,civ_suit,8452,21.0,67.0,0.6583914433893514,0.300755681425867,0.1381230699349469,0.2897782062911918,0.31173315656054223,Uttar Pradesh,Hapur
13073,crim_bail,7652,0.0,1.0,0.0023039102756044214,0.001151955137802211,,0.0,0.0024782700906937818,Uttar Pradesh,Hapur
13073,crim_magisterial,58700,38.0,,0.6054561270061318,0.5054322990407406,0.4252979894839541,0.5011378749839376,0.5097267230975436,Uttar Pradesh,Hapur
13073,crim_sessions,3242,81.0,,0.9560054275591652,0.7918118333847719,0.6311063371190148,0.7749854542006929,0.8086382125688509,Uttar Pradesh,Hapur
13073,other,286,98.0,,0.8241494421071885,0.8204537046986361,0.744206423614202,0.775808866869591,0.8650985425276811,Uttar Pradesh,Hapur
13074,civ_family,963,24.0,77.0,0.7302224089726675,0.34780756722390543,0.17179311608450543,0.2994303572519751,0.3961847771958358,Uttar Pradesh,Sambhal at Chandausi
13074,civ_mact,363,24.0,66.0,0.7708673566086518,0.3283377667967935,0.10864117283717432,0.24800610061768624,0.40866943297590075,Uttar Pradesh,Sambhal at Chandausi
13074,civ_misc,1272,27.0,96.0,0.6666715244806161,0.42093657386361827,0.3146446445415195,0.3891616232847084,0.45271152444252816,Uttar Pradesh,Sambhal at Chandausi
13074,civ_suit,5360,23.0,81.0,0.670871865158392,0.3229320521531467,0.17794556961430616,0.30897464394596297,0.3368894603603304,Uttar Pradesh,Sambhal at Chandausi
13074,crim_bail,2246,0.0,1.0,0.006127555529536903,0.0020425185098456346,0.0020425185098456346,0.0,0.005736912835165529,Uttar Pradesh,Sambhal at Chandausi
13074,crim_magisterial,45384,19.0,67.0,0.5931017581505111,0.2613281006289191,0.12883545876755692,0.2560283759542459,0.2666278253035923,Uttar Pradesh,Sambhal at Chandausi
13074,crim_sessions,1458,26.0,88.0,0.7390700867525652,0.3626783265305459,0.23009059158928113,0.3140758593298695,0.4112807937312223,Uttar Pradesh,Sambhal at Chandausi
13075,civ_family,1757,32.0,101.0,0.8633316667773323,0.41935109735807513,0.11315624059751975,0.37487825521477114,0.4638239395013791,Uttar Pradesh,Chandauli
13075,civ_misc,655,,,0.7915060445363193,0.7029089415461849,0.6447248745777245,0.6638933471374584,0.7419245359549114,Uttar Pradesh,Chandauli
13075,civ_suit,3281,,,0.9943390519066816,0.988726733489813,0.9768300811001037,0.984613298258272,0.9928401687213539,Uttar Pradesh,Chandauli
13075,crim_bail,238,0.0,1.0,0.0,,,,,Uttar Pradesh,Chandauli
13075,crim_magisterial,3282,,,0.933139505012346,0.8626250268799445,0.8103671204703424,0.8481584195395836,0.8770916342203053,Uttar Pradesh,Chandauli
13075,crim_sessions,488,67.0,,0.9127696220915834,0.7114088301994128,0.5521821657671734,0.6618382295085609,0.7609794308902648,Uttar Pradesh,Chandauli
13076,civ_misc,1079,31.0,84.0,0.7282451795804953,0.4417385833705522,0.2556042690791564,0.4093791152083633,0.47409805153274115,Uttar Pradesh,Shamli
13076,civ_suit,4748,27.0,78.0,0.736135155399232,0.39090061937630316,0.2132590503892769,0.37439100079018983,0.4074102379624165,Uttar Pradesh,Shamli
13076,crim_bail,1069,0.0,12.0,0.07258765769543081,0.036293828847715405,0.036293828847715405,0.0,0.09712171942755299,Uttar Pradesh,Shamli
13076,crim_magisterial,25022,26.0,101.0,0.663695191641729,0.41984584066022795,0.2875006180781996,0.413053460417577,0.4266382209028789,Uttar Pradesh,Shamli
13076,crim_sessions,2808,60.0,,0.9113308395004326,0.6665962373781971,0.4999185697610444,0.6402243257357398,0.6929681490206543,Uttar Pradesh,Shamli
13076,other,386,34.0,,0.8106996754224651,0.45676009425980113,0.3453292865933725,0.3861004785516212,0.527419709967981,Uttar Pradesh,Shamli
14001,civ_execution,9829,25.0,49.0,0.7166722154853008,0.2937296902766148,0.03785808532635779,0.2825453862832331,0.30491399426999644,Haryana,Karnal
14001,civ_family,11224,10.0,31.0,0.41393827769666197,0.060397177885528265,0.0033822216261544724,0.055049229910893095,0.06574512586016343,Haryana,Karnal
14001,civ_mact,5875,21.0,37.0,0.7982940514608348,0.10547946326368443,0.009615742838762936,0.09611549014849813,0.11484343637887073,Haryana,Karnal
14001,civ_misc,13219,20.0,43.0,0.6120865537780519,0.2196879422873833,0.01622969563945536,0.21157982424679922,0.2277960603279674,Haryana,Karnal
14001,civ_suit,34694,14.0,42.0,0.5437936383209082,0.14312695224175953,0.017300420613036414,0.13889513044969476,0.1473587740338243,Haryana,Karnal
14001,crim_bail,17935,0.0,1.0,0.0010593810984109292,0.00020178687588779604,,0.0,0.0005196264900574574,Haryana,Karnal
14001,crim_magisterial,83381,2.0,13.0,0.10082707508396592,0.028487397274221844,0.0016037492908122866,0.027045705264364908,0.02992908928407878,Haryana,Karnal
14001,crim_ni138,27784,15.0,32.0,0.5973933853558546,0.06110083094696935,0.005251758389235812,0.057249748621759605,0.0649519132721791,Haryana,Karnal
14001,crim_sessions,3801,14.0,40.0,0.5509147645612318,0.13114855503062725,0.01770543862149387,0.1171130254349983,0.1451840846262562,Haryana,Karnal
14001,other,58589,14.0,46.0,0.5178113754442778,0.21020770062840158,0.017797613317734887,0.2064837124732092,0.21393168878359395,Haryana,Karnal
14002,civ_execution,7356,20.0,49.0,0.6635108846402682,0.23221571255598158,0.05089707312827377,0.2207290860737342,0.24370233903822897,Haryana,Sirsa
14002,civ_family,8811,8.0,30.0,0.36532525100015434,0.05837286145188978,0.003363497959656107,0.05315969805995143,0.06358602484382814,Haryana,Sirsa
14002,civ_mact,2460,16.0,30.0,0.6819886411151852,0.03580440563679,0.002557457545485001,0.027538916653838064,0.04406989461974194,Haryana,Sirsa
14002,civ_misc,23653,3.0,30.0,0.2370978367322941,0.059643062564929725,0.0037331758444142,0.05624019126020069,0.06304593386965876,Haryana,Sirsa
14002,civ_suit,27976,12.0,40.0,0.4774784532145015,0.1298866482706612,0.009886120521114636,0.12546345580140345,0.13430984073991897,Haryana,Sirsa
14002,crim_bail,12603,0.0,1.0,0.0004040327334664207,,,,,Haryana,Sirsa
14002,crim_magisterial,34321,3.0,17.0,0.13937129247574875,0.022953916615388103,0.0013545398581010456,0.02111819557589804,0.024789637654878165,Haryana,Sirsa
14002,crim_ni138,12181,23.0,50.0,0.7074524429519444,0.27569404318553214,0.02122038390438145,0.2645712011114144,0.2868168852596499,Haryana,Sirsa
14002,crim_sessions,3629,16.0,42.0,0.5924503970700622,0.15635603709698903,0.027719274358974755,0.14160717212710414,0.17110490206687393,Haryana,Sirsa
14002,other,38968,13.0,48.0,0.5140686905218705,0.22419023864186893,0.02815725211698934,0.21960756302485804,0.22877291425887983,Haryana,Sirsa
14003,civ_execution,13641,16.0,46.0,0.560018739421109,0.1954544979446778,0.028611145081773672,0.18759822538204637,0.20331077050730925,Haryana,Ambala
14003,civ_family,9436,11.0,31.0,0.4600805468473649,0.039349434520968556,0.00212430006527798,0.034048720870232405,0.04465014817170471,Haryana,Ambala
14003,civ_mact,4539,11.0,26.0,0.4403654810568849,0.022087570941810904,0.006794036104251352,0.016428936351968244,0.027746205531653564,Haryana,Ambala
14003,civ_misc,46582,4.0,26.0,0.22185272626837324,0.048941239151913445,0.007884424810710184,0.04648878845858199,0.0513936898452449,Haryana,Ambala
14003,civ_suit,24088,30.0,60.0,0.7713882482333206,0.4051975773247272,0.09617388001078614,0.3981947374231024,0.41220041722635203,Haryana,Ambala
14003,crim_bail,10722,0.0,1.0,0.0015026218159961868,,,,,Haryana,Ambala
14003,crim_magisterial,27926,1.0,18.0,0.1452945494545282,0.026628135446199706,0.005213125478274788,0.024239004569112554,0.02901726632328686,Haryana,Ambala
14003,crim_ni138,1742,31.0,52.0,0.797533208312083,0.4030466134927285,0.02448589038484995,0.3732628557007664,0.43283037128469065,Haryana,Ambala
14003,crim_sessions,2113,13.0,35.0,0.5087546986335844,0.08709803541440161,0.018727689351357314,0.07066377234840811,0.10353229848039512,Haryana,Ambala
14003,other,60077,20.0,53.0,0.6375224493904055,0.26151453877104114,0.053048362411492085,0.2574952797512148,0.2655337977908675,Haryana,Ambala
14004,civ_execution,11351,20.0,49.0,0.6539137890877526,0.2551919883848681,0.040605400498908914,0.24581080658764506,0.26457317018209114,Haryana,Bhiwani
14004,civ_family,4361,15.0,36.0,0.5976133695922281,0.09200996035414342,,0.08045574175782162,0.10356417895046523,Haryana,Bhiwani
14004,civ_mact,4606,19.0,36.0,0.745886629048473,0.08866713332255464,0.008256724394816829,0.07835958112429589,0.0989746855208134,Haryana,Bhiwani
14004,civ_misc,29144,8.0,38.0,0.37633628132480024,0.10988400358201353,0.011608108562352573,0.10581317869863706,0.11395482846539,Haryana,Bhiwani
14004,civ_suit,30857,24.0,53.0,0.7310924545160389,0.30302606756889927,0.051773145633816534,0.2970901058618104,0.30896202927598815,Haryana,Bhiwani
14004,crim_bail,10638,0.0,1.0,0.0004794134235758601,,,,,Haryana,Bhiwani
14004,crim_magisterial,19316,4.0,27.0,0.26913819228518815,0.04123165782074462,0.008943462817393522,0.03767067347815679,0.04479264216333246,Haryana,Bhiwani
14004,crim_ni138,944,16.0,42.0,0.6035376746609926,0.1645654203997814,,0.13520470684717514,0.19392613395238764,Haryana,Bhiwani
14004,crim_sessions,2995,11.0,29.0,0.4362423353091814,0.04987711626024178,0.005502064111432385,0.03924167271533322,0.060512559805150336,Haryana,Bhiwani
14004,other,82265,13.0,47.0,0.5111871864092122,0.1982367129134589,0.020799073091183416,0.1950495491833654,0.2014238766435524,Haryana,Bhiwani
14005,civ_execution,14020,24.0,51.0,0.7540040669629784,0.26223318485177594,0.05305902354582118,0.25251812119171874,0.27194824851183313,Haryana,Faridabad
14005,civ_family,11415,14.0,42.0,0.5346197352859137,0.1766534393877664,0.004482770031977147,0.16816901870673528,0.1851378600687975,Haryana,Faridabad
14005,civ_mact,5478,13.0,31.0,0.5332261309570463,0.05796344699958728,0.011622172793571677,0.04971520380058787,0.06621169019858669,Haryana,Faridabad
14005,civ_misc,36128,2.0,9.0,0.06205246399546941,0.03722867698484043,0.007440823819931874,0.034827173945490494,0.03963018002419036,Haryana,Faridabad
14005,civ_suit,24589,29.0,58.0,0.7872685067394511,0.3906224013106488,0.08234742611486694,0.38360524096550724,0.39763956165579034,Haryana,Faridabad
14005,crim_bail,16537,0.0,1.0,0.0004936459127951289,,,,,Haryana,Faridabad
14005,crim_magisterial,18658,2.0,24.0,0.21965086335155748,0.037425225831536256,0.01456523697084021,0.03369206386764595,0.04115838779542656,Haryana,Faridabad
14005,crim_ni138,31289,20.0,38.0,0.7254947741373302,0.11207786006379215,0.01655704446604961,0.10684581886991054,0.11730990125767377,Haryana,Faridabad
14005,crim_sessions,3875,12.0,29.0,0.4990946738724352,0.05463192458561032,0.009241362728453517,0.044334290112630625,0.06492955905859002,Haryana,Faridabad
14005,other,85141,17.0,54.0,0.5593833768038552,0.2833685095791961,0.05050937067794117,0.2799140326299154,0.2868229865284769,Haryana,Faridabad
14006,civ_execution,20364,20.0,64.0,0.6604614750462311,0.2304505698781258,0.10572243446646311,0.22350100096178893,0.23740013879446265,Haryana,Gurugram
14006,civ_family,10777,8.0,27.0,0.3595707321967359,0.028733290897963795,0.0029185247657518986,0.02408311063500713,0.03338347116092046,Haryana,Gurugram
14006,civ_mact,5416,16.0,,0.6471415413413355,0.19186620641584928,0.1802086253696835,0.17962921540035845,0.20410319743134012,Haryana,Gurugram
14006,civ_misc,18191,7.0,48.0,0.4068604822639998,0.1578296287991736,0.06928291255014425,0.15179792454374827,0.1638613330545989,Haryana,Gurugram
14006,civ_suit,34024,25.0,64.0,0.6830423143669423,0.35972242680440053,0.12094919654653523,0.35382475628760496,0.3656200973211961,Haryana,Gurugram
14006,crim_bail,18154,0.0,1.0,0.002353720886678965,0.0007381006264846931,,0.0003331365276839216,0.0011430647252854646,Haryana,Gurugram
14006,crim_magisterial,57049,2.0,20.0,0.19023819973173722,0.03041183861464688,0.013330153037540279,0.028499162549767726,0.03232451467952603,Haryana,Gurugram
14006,crim_ni138,75403,19.0,47.0,0.702020287699369,0.19516400569915426,0.011322492968876559,0.19174069601955807,0.19858731537875046,Haryana,Gurugram
14006,crim_sessions,4811,13.0,46.0,0.5208175564463492,0.1376923820378396,0.07768990932780796,0.12483725621358063,0.15054750786209856,Haryana,Gurugram
14006,other,96350,19.0,56.0,0.5729090238175727,0.28633862335932836,0.07015409850673009,0.28302578654928984,0.2896514601693669,Haryana,Gurugram
14007,civ_execution,13764,22.0,49.0,0.6830856819903975,0.2571039580993995,0.02742093863313162,0.24845686402977915,0.26575105216901984,Haryana,Hisar
14007,civ_family,4405,14.0,33.0,0.5396232817213918,0.0655300484852128,0.0003767657831332342,0.05710719539984835,0.07395290157057724,Haryana,Hisar
14007,civ_mact,5696,17.0,35.0,0.6979524625893492,0.0801801956518168,0.0014507944023327175,0.07138702516970409,0.08897336613392952,Haryana,Hisar
14007,civ_misc,12972,15.0,46.0,0.5333284062651792,0.24201119288786532,0.012837774134675147,0.2337182247305565,0.2503041610451741,Haryana,Hisar
14007,civ_suit,26631,14.0,42.0,0.5481458456038618,0.14223091528361537,0.015095530482755212,0.1373292733831927,0.14713255718403803,Haryana,Hisar
14007,crim_bail,10033,0.0,1.0,0.0006079936210505333,0.0001013322701750889,,0.0,0.0002999200540904574,Haryana,Hisar
14007,crim_magisterial,85366,2.0,13.0,0.10263013544348283,0.021616418723614774,0.0012861029124979682,0.020412153537147704,0.022820683910081845,Haryana,Hisar
14007,crim_ni138,6644,17.0,42.0,0.61595123854353,0.1404920181197964,0.009897131960453604,0.1312022220158485,0.1497818142237443,Haryana,Hisar
14007,crim_sessions,3916,15.0,40.0,0.583864819452105,0.12561967674158395,0.01770515942329556,0.11250945101891363,0.13872990246425426,Haryana,Hisar
14007,other,75758,19.0,49.0,0.6164779057569734,0.2606987976557909,0.01832727470879343,0.2570882090397026,0.2643093862718792,Haryana,Hisar
14008,civ_execution,5575,22.0,50.0,0.7152308658253875,0.2599861840191523,0.03699108616249207,0.24683498805137272,0.2731373799869319,Haryana,Jhajjar
14008,civ_family,4229,10.0,42.0,0.43918301743398525,0.1338952569362682,0.034554434960245364,0.12077573505768721,0.14701477881484917,Haryana,Jhajjar
14008,civ_mact,2820,19.0,36.0,0.7633142342298442,0.09472474850823424,0.003438471984901975,0.08277650837314086,0.10667298864332762,Haryana,Jhajjar
14008,civ_misc,19300,8.0,24.0,0.3746627156293747,0.03876889334644567,0.005738758757202016,0.03564330022371395,0.041894486469177386,Haryana,Jhajjar
14008,civ_suit,12699,30.0,59.0,0.7941098125944409,0.40779752004178027,0.0877790314136056,0.3983065315771237,0.41728850850643684,Haryana,Jhajjar
14008,crim_bail,6423,0.0,1.0,0.002397955793818194,,,,,Haryana,Jhajjar
14008,crim_magisterial,27506,5.0,24.0,0.22598611848784073,0.059229650021377395,0.009184786492802648,0.056361325885608125,0.062097974157146664,Haryana,Jhajjar
14008,crim_sessions,2046,15.0,39.0,0.590959905238779,0.12278870002826214,0.012474873335887099,0.10509900120301713,0.14047839885350716,Haryana,Jhajjar
14008,other,32781,18.0,56.0,0.5873161942404578,0.28405308163127163,0.0714418817022898,0.27844772765803744,0.2896584356045058,Haryana,Jhajjar
14009,civ_execution,5955,19.0,46.0,0.623757742532607,0.22351164083057412,0.020993851694240867,0.21063543806089818,0.23638784360025006,Haryana,Jind
14009,civ_family,7065,10.0,34.0,0.4186855844127328,0.08354943396440005,0.0038803196198629645,0.07629818566589062,0.09080068226290948,Haryana,Jind
14009,civ_mact,2879,16.0,34.0,0.6424855322448759,0.08505358475933822,0.0066486766400676136,0.07176771814183698,0.09833945137683946,Haryana,Jind
14009,civ_misc,7395,21.0,46.0,0.6604323825902121,0.24489649353151088,0.015219425645162715,0.23369391685766,0.25609907020536177,Haryana,Jind
14009,civ_suit,18755,20.0,45.0,0.6437455085055898,0.2108167789381839,0.019179369141369976,0.20397611477268504,0.21765744310368276,Haryana,Jind
14009,crim_bail,7900,0.0,1.0,0.000135623869801085,,,,,Haryana,Jind
14009,crim_magisterial,33851,3.0,14.0,0.11980328540225393,0.01051099395744929,0.000632018385205378,0.00911094117362452,0.01191104674127406,Haryana,Jind
14009,crim_ni138,9214,23.0,49.0,0.7265969825627407,0.2864518358741347,0.02375350663782426,0.273293961648158,0.2996097101001114,Haryana,Jind
14009,crim_sessions,2496,16.0,43.0,0.5990548510881033,0.1562149787844395,0.03549188310709651,0.1355133143662654,0.17691664320261358,Haryana,Jind
14009,other,30666,20.0,48.0,0.6053717121939518,0.2574926314978014,0.02277114922662033,0.25188319142473886,0.2631020715708639,Haryana,Jind
14010,civ_execution,5954,18.0,49.0,0.6235555056807573,0.20727730749950388,0.05261495046321188,0.19470594091326282,0.21984867408574493,Haryana,Kurukshetra
14010,civ_family,6943,8.0,32.0,0.37332312822089964,0.06577591776004599,0.005293062749802689,0.0595559390184501,0.07199589650164188,Haryana,Kurukshetra
14010,civ_mact,5660,12.0,29.0,0.48766696847099567,0.04328628237755108,0.005841619750420721,0.03653318275377748,0.050039382001324684,Haryana,Kurukshetra
14010,civ_misc,32520,3.0,29.0,0.19673086470785786,0.06241112888628546,0.006987049405102757,0.059369617147626126,0.0654526406249448,Haryana,Kurukshetra
14010,civ_suit,23967,18.0,50.0,0.6015602965127178,0.23367037766406132,0.04206880022318724,0.22767646352056017,0.23966429180756246,Haryana,Kurukshetra
14010,crim_bail,8307,0.0,1.0,0.000614441635568396,,,,,Haryana,Kurukshetra
14010,crim_magisterial,36479,8.0,34.0,0.40360715783059226,0.07495485040592742,0.00598831199083204,0.06942928908780314,0.0804804117240517,Haryana,Kurukshetra
14010,crim_ni138,11502,21.0,44.0,0.7353666540104232,0.17683923458056663,0.019527663462477755,0.1675944844845035,0.18608398467662976,Haryana,Kurukshetra
14010,crim_sessions,2481,13.0,35.0,0.5197719170665503,0.08288990941316086,0.0069183708582959335,0.06874772458262846,0.09703209424369327,Haryana,Kurukshetra
14010,other,34926,18.0,49.0,0.5845215131835872,0.2422382702753553,0.03488808778892052,0.23711725099145356,0.24735928955925704,Haryana,Kurukshetra
14011,civ_execution,7402,23.0,48.0,0.6924045087805342,0.26006312958889216,0.02507243799315549,0.247975129214345,0.2721511299634393,Haryana,Narnaul
14011,civ_family,4640,12.0,40.0,0.48624500251446734,0.13425624426382318,0.005206356630210785,0.1220938805050514,0.14641860802259496,Haryana,Narnaul
14011,civ_mact,5272,16.0,32.0,0.6324250202386672,0.05019250664257988,0.0026137751607914353,0.04332173990594669,0.057063273379213075,Haryana,Narnaul
14011,civ_misc,13099,21.0,44.0,0.5952041406712697,0.23885565793088676,0.007716487578905272,0.23031721441433395,0.24739410144743956,Haryana,Narnaul
14011,civ_suit,20081,31.0,52.0,0.8047966895533788,0.3936483782813394,0.03243880653349793,0.3858734985001082,0.4014232580625706,Haryana,Narnaul
14011,crim_bail,6148,0.0,1.0,0.001961967496064266,,,,,Haryana,Narnaul
14011,crim_magisterial,13992,3.0,24.0,0.2418155155220904,0.033232606999970424,0.0009306941665462235,0.02972735899726316,0.03673785500267769,Haryana,Narnaul
14011,crim_ni138,7665,22.0,45.0,0.7089963785006063,0.24405509659060823,0.005394299616529547,0.23138469852288815,0.2567254946583283,Haryana,Narnaul
14011,crim_sessions,1289,8.0,26.0,0.3159293581078249,0.04286077863525216,0.004265591417668929,0.029166060186868376,0.05655549708363594,Haryana,Narnaul
14011,other,25950,25.0,48.0,0.7086991748574749,0.2876196947201233,0.019863697746646397,0.28141658193408825,0.2938228075061583,Haryana,Narnaul
14012,civ_execution,9259,19.0,44.0,0.6414589203827146,0.1874941762462248,0.018762855587677756,0.1782478876030646,0.196740464889385,Haryana,Rohtak
14012,civ_family,3643,14.0,37.0,0.5459734564962507,0.1036603131297732,0.0024722710036976627,0.09179669768769166,0.11552392857185473,Haryana,Rohtak
14012,civ_mact,6351,6.0,22.0,0.2971247060501144,0.010132299723563406,0.0010537591712505947,0.007355688960739744,0.012908910486387069,Haryana,Rohtak
14012,civ_misc,29060,5.0,23.0,0.23534608911794624,0.023559230636835148,0.0018776724257587938,0.0213912455969609,0.025727215676709395,Haryana,Rohtak
14012,civ_suit,14544,21.0,51.0,0.6917328445694664,0.249516767600176,0.042551453169527215,0.24146633692837016,0.2575671982719818,Haryana,Rohtak
14012,crim_bail,10759,0.0,1.0,0.00030075912690712543,,,,,Haryana,Rohtak
14012,crim_magisterial,46723,4.0,13.0,0.10865183023616783,0.005240431636732361,0.0004664634141776302,0.004400979720435487,0.006079883553029235,Haryana,Rohtak
14012,crim_ni138,999,,,,,,,,Haryana,Rohtak
14012,crim_sessions,2673,16.0,43.0,0.5898844044849145,0.1623931128444179,0.018930849996469493,0.14494981642466712,0.1798364092641687,Haryana,Rohtak
14012,other,65420,16.0,52.0,0.5669179588728298,0.2326829098688476,0.0324028901238726,0.2289443212012712,0.236421498536424,Haryana,Rohtak
14013,civ_execution,10706,24.0,48.0,0.7348819202842334,0.26518418660186666,0.043228602863326804,0.25498304090179313,0.2753853323019402,Haryana,Sonepat
14013,civ_family,4028,18.0,35.0,0.6561458463246487,0.07005278051271888,0.00305419548766591,0.05919059335850338,0.08091496766693437,Haryana,Sonepat
14013,civ_mact,5188,15.0,31.0,0.6164337074988455,0.04200700238598977,0.0027901972746944056,0.035248738525806664,0.048765266246172875,Haryana,Sonepat
14013,civ_misc,35839,6.0,33.0,0.36325710208400697,0.07583557227689058,0.007619099953622017,0.07261293140139644,0.07905821315238473,Haryana,Sonepat
14013,civ_suit,28734,24.0,57.0,0.6821703706780129,0.3270385224097949,0.07695898344031893,0.32090191936335594,0.3331751254562339,Haryana,Sonepat
14013,crim_bail,12351,0.0,1.0,0.0002693900063182712,,,,,Haryana,Sonepat
14013,crim_magisterial,11951,5.0,30.0,0.31088539184530717,0.05257343427644819,0.0051553830617083775,0.047487099684988425,0.05765976886790796,Haryana,Sonepat
14013,crim_sessions,3868,17.0,40.0,0.6363967026376808,0.13993707913663608,0.016460790221531605,0.12620699368686844,0.15366716458640373,Haryana,Sonepat
14013,other,64046,21.0,57.0,0.6256606470195166,0.31016379397999505,0.06700703245828064,0.30599858137898256,0.31432900658100754,Haryana,Sonepat
14014,civ_execution,7653,14.0,50.0,0.5272976705645239,0.19852922262340603,0.04692464287071161,0.18768553125075393,0.20937291399605812,Haryana,Panchkula
14014,civ_family,4178,8.0,32.0,0.3505188714507666,0.07672594816681166,0.008143657024628765,0.0678555396981908,0.08559635663543252,Haryana,Panchkula
14014,civ_mact,2489,19.0,34.0,0.7136430463839949,0.0729891833511133,0.020466807395314666,0.06167840051188911,0.0842999661903375,Haryana,Panchkula
14014,civ_misc,59590,2.0,12.0,0.09342844848657426,0.01321290157893004,0.0025679221631511595,0.012101204875838139,0.014324598282021941,Haryana,Panchkula
14014,civ_suit,9327,25.0,54.0,0.7436491159316044,0.3069189226377225,0.05589703610314088,0.29625576078800236,0.3175820844874427,Haryana,Panchkula
14014,crim_bail,6832,0.0,1.0,0.0016466627634660416,0.00018296252927400464,0.00018296252927400464,0.0,0.0005390436260243432,Haryana,Panchkula
14014,crim_magisterial,14009,3.0,18.0,0.16328934849712637,0.02741085589761853,0.0082215749616214,0.023920706371146683,0.030901005424090376,Haryana,Panchkula
14014,crim_ni138,9306,22.0,49.0,0.726956051958227,0.269353904668,0.029676903693835098,0.25752945778305925,0.2811783515529408,Haryana,Panchkula
14014,crim_sessions,1024,16.0,47.0,0.5468374159365481,0.17585948072186952,0.03680339441427224,0.13854130308248175,0.2131776583612573,Haryana,Panchkula
14014,other,19227,21.0,51.0,0.6228458777139821,0.2859191378107675,0.0392644507254419,0.278844859375096,0.292993416246439,Haryana,Panchkula
14015,civ_execution,4393,16.0,47.0,0.594089470466583,0.1978851374936125,0.0441601347423656,0.18329533649701776,0.21247493849020724,Haryana,Fatehabad
14015,civ_family,5148,8.0,31.0,0.359022087151197,0.06332290790133908,0.001931933974491192,0.05490583620386209,0.07173997959881608,Haryana,Fatehabad
14015,civ_mact,1746,12.0,27.0,0.48779341465868814,0.02407182584282532,0.0027263166390169595,0.01500432560533973,0.033139326080310914,Haryana,Fatehabad
14015,civ_misc,17485,2.0,23.0,0.16408684207312152,0.034374783085328424,0.0012283180715106925,0.03121325252952789,0.03753631364112896,Haryana,Fatehabad
14015,civ_suit,17148,11.0,35.0,0.44307050322182717,0.08704210726336842,0.007002344124096912,0.08211387644535288,0.09197033808138395,Haryana,Fatehabad
14015,crim_bail,7819,0.0,1.0,0.0005115743701240568,,,,,Haryana,Fatehabad
14015,crim_magisterial,27179,1.0,12.0,0.09429452942063324,0.017320586667049623,0.0011155576611917564,0.015338040881039428,0.01930313245305982,Haryana,Fatehabad
14015,crim_ni138,10085,15.0,43.0,0.5568480909947103,0.15531903796669091,0.014336794624715533,0.14495473854678148,0.16568333738660035,Haryana,Fatehabad
14015,crim_sessions,2395,16.0,41.0,0.5622489096498108,0.1752821838570385,0.05727814829691751,0.15051744303374373,0.20004692468033328,Haryana,Fatehabad
14015,other,31847,9.0,42.0,0.43637092614331624,0.15904254781292212,0.011887885473710292,0.15431658874173654,0.1637685068841077,Haryana,Fatehabad
14016,civ_execution,7817,17.0,43.0,0.5867613027326751,0.1654310301685525,0.018125391416743495,0.15609520050297082,0.1747668598341342,Haryana,Kaithal
14016,civ_family,5569,11.0,35.0,0.4563365542831582,0.0888430866831386,0.0014463355092827243,0.07968815700760123,0.09799801635867597,Haryana,Kaithal
14016,civ_mact,2728,15.0,27.0,0.6135827383896074,0.01349692805681661,0.002811860011836794,0.008302778366920862,0.01869107774671236,Haryana,Kaithal
14016,civ_misc,24169,4.0,29.0,0.3026525507599486,0.04668492331918147,0.0037667650250002484,0.0435559261095254,0.04981392052883754,Haryana,Kaithal
14016,civ_suit,19676,21.0,48.0,0.6750140915758746,0.2545839498016449,0.019563142529731434,0.24765344083867116,0.26151445876461865,Haryana,Kaithal
14016,crim_bail,5544,0.0,1.0,0.002683080808080808,,,,,Haryana,Kaithal
14016,crim_magisterial,16024,3.0,26.0,0.24330327037226812,0.02877057124435442,0.0017795219508912375,0.025372278956055153,0.03216886353265369,Haryana,Kaithal
14016,crim_ni138,9470,23.0,43.0,0.7404695156188369,0.21801263145361668,0.007460235408900386,0.2063225891955136,0.22970267371171976,Haryana,Kaithal
14016,crim_sessions,1821,13.0,32.0,0.5282618065595737,0.056464815973278355,0.006725174510848456,0.04260618458397092,0.07032344736258579,Haryana,Kaithal
14016,other,21154,18.0,44.0,0.6038170439579105,0.2051926854210016,0.006799767982573566,0.19904417300828323,0.21134119783372,Haryana,Kaithal
14017,civ_execution,12236,15.0,45.0,0.5504052623260619,0.16810636135963264,0.024885690796890486,0.16018565824980163,0.17602706446946365,Haryana,Rewari
14017,civ_family,2030,14.0,38.0,0.5453201970443351,0.10886699507389166,0.0049261083743842365,0.09531736511525173,0.1224166250325316,Haryana,Rewari
14017,civ_mact,5540,19.0,33.0,0.7656763963507746,0.04821892540718397,0.0017616164891106289,0.041413285628401714,0.055024565185966226,Haryana,Rewari
14017,civ_misc,26322,6.0,32.0,0.3471759895128069,0.06871860441056718,0.005832502392665283,0.06521007964016247,0.07222712918097189,Haryana,Rewari
14017,civ_suit,17532,26.0,54.0,0.759940331109042,0.3375375117551986,0.04558170694874893,0.32959334373541027,0.3454816797749869,Haryana,Rewari
14017,crim_bail,7506,0.0,1.0,0.0022935238307244506,,,,,Haryana,Rewari
14017,crim_magisterial,10681,2.0,28.0,0.29191756107855515,0.044920572396898804,0.002737873529117228,0.04043167065719672,0.04940947413660089,Haryana,Rewari
14017,crim_ni138,5795,26.0,54.0,0.7252788390525313,0.3545695329522465,0.022692601049604605,0.3310951011716877,0.3780439647328053,Haryana,Rewari
14017,crim_sessions,1676,7.0,23.0,0.24461526320771293,0.030541610229037973,0.004306049780500225,0.02012658209282239,0.04095663836525355,Haryana,Rewari
14017,other,44466,18.0,52.0,0.5768570703321149,0.26905357933510804,0.05231052977416336,0.2644502401239835,0.2736569185462326,Haryana,Rewari
14018,civ_execution,6561,24.0,48.0,0.7400412737685652,0.25792248638395265,0.04437886632957081,0.24472544153941495,0.27111953122849036,Haryana,Panipat
14018,civ_family,6233,12.0,35.0,0.48965185304026954,0.09277061421636386,0.007722788130179136,0.08556706324402581,0.0999741651887019,Haryana,Panipat
14018,civ_mact,6746,11.0,35.0,0.4844697598314204,0.08103734220710726,0.00314616009379219,0.07333454045007472,0.0887401439641398,Haryana,Panipat
14018,civ_misc,30291,7.0,24.0,0.21622390616304768,0.034234526089438326,0.005282526685555,0.03181263156401454,0.036656420614862115,Haryana,Panipat
14018,civ_suit,16813,20.0,50.0,0.6782624669586397,0.22461692278310422,0.041133674480969336,0.21733726346084062,0.23189658210536782,Haryana,Panipat
14018,crim_bail,7787,0.0,1.0,0.0016694490818030035,0.0007705149608321555,0.0,0.0001542121589438605,0.0013868177627204504,Haryana,Panipat
14018,crim_magisterial,12771,4.0,34.0,0.3133437040590064,0.0834062336135408,0.0099950395194923,0.07714812920638069,0.08966433802070091,Haryana,Panipat
14018,crim_ni138,16990,18.0,39.0,0.7065805059024249,0.12182142892743922,0.011515539106205732,0.11588285057969726,0.1277600072751812,Haryana,Panipat
14018,crim_sessions,3152,15.0,38.0,0.5703806952026517,0.12115007335529195,0.0173339387439269,0.10444821889140156,0.13785192781918235,Haryana,Panipat
14018,other,40610,19.0,54.0,0.5748595322498137,0.29686625959412016,0.05888632457844646,0.29186391459852906,0.30186860458971126,Haryana,Panipat
14019,civ_execution,5324,21.0,45.0,0.69489471869596,0.17228703620629374,0.030734361125576176,0.1594189743198804,0.18515509809270708,Haryana,Nuh
14019,civ_family,1312,19.0,46.0,0.6838648964615978,0.19308912716945373,0.026641786480941818,0.16581687664955888,0.22036137768934858,Haryana,Nuh
14019,civ_mact,3492,15.0,28.0,0.6327836471371453,0.02164071691104807,,0.015217429905177222,0.02806400391691892,Haryana,Nuh
14019,civ_misc,6858,4.0,25.0,0.2542451075345862,0.04377015492381597,0.009979720635562288,0.037751401805426424,0.04978890804220551,Haryana,Nuh
14019,civ_suit,11900,18.0,47.0,0.6682586667812827,0.19498686405254467,0.024046104014692347,0.1861444466491151,0.20382928145597426,Haryana,Nuh
14019,crim_bail,6729,0.0,1.0,0.001438819762493413,0.00015986886249926813,,0.0,0.0004730213223114035,Haryana,Nuh
14019,crim_magisterial,6977,7.0,26.0,0.2940956700845688,0.049689022227001826,0.017666847086784288,0.043331179227869034,0.05604686522613462,Haryana,Nuh
14019,crim_ni138,3064,29.0,49.0,0.7855895431531853,0.3613229438700602,0.014869541927683501,0.33924328808287435,0.38340259965724605,Haryana,Nuh
14019,crim_sessions,2123,13.0,38.0,0.5228009266618324,0.11592175321848698,0.015667420205757353,0.09859367766663574,0.13324982877033822,Haryana,Nuh
14019,other,24798,25.0,49.0,0.7176058069863905,0.31105578007130325,0.027457324420199578,0.30408180637691123,0.31802975376569526,Haryana,Nuh
14020,civ_execution,8239,27.0,54.0,0.7619272922083924,0.3441421865856561,0.0633805315285802,0.3318406993357848,0.3564436738355274,Haryana,Yamunanagar
14020,civ_family,9004,9.0,36.0,0.4093637302459839,0.09650066328405033,0.006597280413172783,0.0899897988166314,0.10301152775146925,Haryana,Yamunanagar
14020,civ_mact,3561,22.0,39.0,0.838631423695416,0.1313109276674506,0.007509604993531647,0.11759528617087181,0.14502656916402937,Haryana,Yamunanagar
14020,civ_misc,9734,32.0,52.0,0.7975401571340215,0.4169898407684663,0.025714897366337985,0.40589129285685244,0.42808838868008015,Haryana,Yamunanagar
14020,civ_suit,29804,21.0,53.0,0.650845293904328,0.2924015236247011,0.04688347506521071,0.28653484931740064,0.2982681979320016,Haryana,Yamunanagar
14020,crim_bail,8086,0.0,1.0,0.0009893643334157804,,,,,Haryana,Yamunanagar
14020,crim_magisterial,25363,5.0,24.0,0.22555281625315096,0.04800375519648995,0.0018292408055710907,0.04457313417944672,0.05143437621353318,Haryana,Yamunanagar
14020,crim_ni138,3207,32.0,57.0,0.8215552743479052,0.4168402977896092,0.05766781815496048,0.3969582653731956,0.43672233020602275,Haryana,Yamunanagar
14020,crim_sessions,2203,11.0,30.0,0.44606737334118923,0.05800948079599227,0.012555764842463527,0.04466408634594783,0.0713548752460367,Haryana,Yamunanagar
14020,other,51409,20.0,50.0,0.6581272246049875,0.2611429149422415,0.037612574215718494,0.2568393431623504,0.2654464867221326,Haryana,Yamunanagar
14023,civ_execution,5381,22.0,50.0,0.6701759484964938,0.23570743251920098,0.04825058717879192,0.2202562371105138,0.2511586279278882,Haryana,Palwal
14023,civ_family,4095,14.0,40.0,0.5316735023347042,0.13493391903058893,0.012695279019320247,0.12152787105897508,0.14833996700220278,Haryana,Palwal
14023,civ_mact,2989,17.0,32.0,0.6485334626388247,0.0573379761917988,0.005897172805050345,0.04725677414698048,0.06741917823661711,Haryana,Palwal
14023,civ_misc,6442,20.0,37.0,0.6879602736582333,0.10699561360171088,0.01642895334905527,0.09777312385631168,0.11621810334711008,Haryana,Palwal
14023,civ_suit,14180,25.0,51.0,0.7534571225664843,0.295052475103777,0.0312954450557308,0.28607381697381007,0.304031133233744,Haryana,Palwal
14023,crim_bail,7059,0.0,1.0,0.0002833262501770789,,,,,Haryana,Palwal
14023,crim_magisterial,12433,4.0,21.0,0.21107055236096262,0.041642673348548244,0.0066759846590782315,0.037286867597113166,0.04599847909998332,Haryana,Palwal
14023,crim_ni138,4983,27.0,51.0,0.7754556418405589,0.34718947102678455,0.016264421000943167,0.32527772911776787,0.3691012129358012,Haryana,Palwal
14023,crim_sessions,2394,12.0,36.0,0.49791352984337955,0.09960822174503266,0.01610394146369639,0.08406428388215187,0.11515215960791345,Haryana,Palwal
14023,other,28667,26.0,52.0,0.7019281580362308,0.3463958981497442,0.03245343547238288,0.3398202654286139,0.3529715308708745,Haryana,Palwal
15001,civ_execution,698,15.0,51.0,0.5339768781951556,0.20380746571703517,0.0576701464943551,0.17288363728393946,0.2347312941501309,Uttarakhand,Nainital
15001,civ_mact,2164,19.0,52.0,0.6466733571654224,0.21386252248194954,0.04396894993676473,0.194841493131987,0.23288355183191206,Uttarakhand,Nainital
15001,civ_misc,4622,9.0,56.0,0.4259432333141397,0.18788656050563676,0.07959089489743194,0.1756675090546414,0.20010561195663212,Uttarakhand,Nainital
15001,civ_suit,2938,28.0,85.0,0.7394505334212498,0.4157549385843143,0.21587218661865967,0.39640178239951246,0.4351080947691161,Uttarakhand,Nainital
15001,crim_magisterial,61018,6.0,55.0,0.3920359401602626,0.17986598299550977,0.07944596265015884,0.17627988984871548,0.18345207614230405,Uttarakhand,Nainital
15001,crim_ni138,212,17.0,43.0,0.6650943396226415,0.13679245283018873,0.054769392033542995,0.09053552093093523,0.18304938472944224,Uttarakhand,Nainital
15001,crim_sessions,1341,18.0,71.0,0.6484553477453096,0.30607021666410406,0.1430642901009867,0.2785181903490911,0.333622242979117,Uttarakhand,Nainital
15001,other,2682,10.0,56.0,0.4254449663905644,0.17285459718202287,0.07913517969454213,0.15785109941270123,0.1878580949513445,Uttarakhand,Nainital
15002,civ_execution,325,20.0,60.0,0.6538721066242097,0.28796246381478835,0.0847616185771653,0.22896415121825742,0.3469607764113193,Uttarakhand,Pauri Garhwal
15002,civ_mact,653,14.0,32.0,0.5477567904777948,0.06741691978900806,0.00770479083302949,0.046352064226351894,0.08848177535166422,Uttarakhand,Pauri Garhwal
15002,civ_misc,1971,6.0,38.0,0.3669075841843511,0.10488838978860862,0.024603559724627896,0.08849364624500448,0.12128313333221276,Uttarakhand,Pauri Garhwal
15002,civ_suit,1607,29.0,69.0,0.7615616059621073,0.3819418358884982,0.15138069356883962,0.3557716191153662,0.40811205266163025,Uttarakhand,Pauri Garhwal
15002,crim_magisterial,17351,8.0,55.0,0.4232756073179237,0.20017452375367828,0.08292899345399929,0.1931643732123791,0.20718467429497747,Uttarakhand,Pauri Garhwal
15002,crim_sessions,557,13.0,45.0,0.5032534365233536,0.14279217436786662,0.007599564280059056,0.10870477816848348,0.17687957056724976,Uttarakhand,Pauri Garhwal
15003,civ_execution,208,18.0,,0.553826717919924,0.34167956159926893,0.17863082090593332,0.2711600569493021,0.41219906624923575,Uttarakhand,Tehri Garhwal
15003,civ_mact,249,9.0,17.0,0.24625003553146366,0.008845188057883032,0.008845188057883032,0.0,0.02102622392606461,Uttarakhand,Tehri Garhwal
15003,civ_misc,958,5.0,25.0,0.24953636624291547,0.044022814421539935,0.017217811862646728,0.029383606237443995,0.058662022605635876,Uttarakhand,Tehri Garhwal
15003,civ_suit,962,11.0,58.0,0.46106898754136666,0.18256959345539364,0.09199087438789112,0.1557298615261129,0.20940932538467438,Uttarakhand,Tehri Garhwal
15003,crim_magisterial,12338,3.0,42.0,0.28495183072875757,0.11764653682619128,0.040490633661300825,0.11112038689227607,0.12417268676010648,Uttarakhand,Tehri Garhwal
15003,crim_sessions,239,13.0,45.0,0.5066318153927938,0.11407356879221922,0.04923055116707164,0.06663460626303952,0.16151253132139892,Uttarakhand,Tehri Garhwal
15004,civ_execution,1291,53.0,,0.8081114254783455,0.6065692215157923,0.458484200231045,0.5755684307364921,0.6375700122950925,Uttarakhand,Udham Singh Nagar
15004,civ_mact,5449,21.0,59.0,0.6238716585883612,0.279660979910803,0.09227599809914891,0.2666202677887099,0.29270169203289614,Uttarakhand,Udham Singh Nagar
15004,civ_misc,5870,10.0,58.0,0.45021971449871045,0.1939129986967969,0.0899896735690226,0.182765163776134,0.2050608336174598,Uttarakhand,Udham Singh Nagar
15004,civ_suit,7165,28.0,86.0,0.7415465622108178,0.40016946311172374,0.21243125542279478,0.3878751686983299,0.4124637575251176,Uttarakhand,Udham Singh Nagar
15004,crim_magisterial,108545,16.0,82.0,0.5563173479932465,0.30572297844914054,0.17913939728087142,0.30256801920146426,0.3088779376968168,Uttarakhand,Udham Singh Nagar
15004,crim_sessions,3608,30.0,107.0,0.650005694636828,0.46728523462910365,0.31721891074349884,0.4501501686137598,0.4844203006444475,Uttarakhand,Udham Singh Nagar
15004,other,452,25.0,77.0,0.6505983116439392,0.3920179655805663,0.22389674389819017,0.3388802398020521,0.44515569135908045,Uttarakhand,Udham Singh Nagar
15005,civ_execution,2426,26.0,,0.6467842562851924,0.3954933959496366,0.23582684668061005,0.3727478775111754,0.41823891438809785,Uttarakhand,Dehradun
15005,civ_family,6588,7.0,23.0,0.27202781547118154,0.03571441555273088,0.0028336049088432897,0.031011590914133226,0.040417240191328536,Uttarakhand,Dehradun
15005,civ_mact,2817,21.0,61.0,0.6640360438836703,0.24327942148422535,0.10054757283871452,0.22571931800706352,0.2608395249613872,Uttarakhand,Dehradun
15005,civ_misc,23820,3.0,57.0,0.3053395742801196,0.1633591758969825,0.09190068437618458,0.15826797547176516,0.16845037632219986,Uttarakhand,Dehradun
15005,civ_suit,12196,39.0,,0.8016294600396944,0.5332201115434693,0.3409869211799448,0.5236072546977059,0.5428329683892327,Uttarakhand,Dehradun
15005,crim_magisterial,212582,20.0,103.0,0.6168651056573015,0.3197868740242392,0.18585781012452526,0.3174185156743409,0.32215523237413757,Uttarakhand,Dehradun
15005,crim_sessions,4690,44.0,,0.7576731418710002,0.5579083573445871,0.41343829369541535,0.5421210940385123,0.5736956206506619,Uttarakhand,Dehradun
15005,other,6165,61.0,,0.8336033209860836,0.6371915330803866,0.5022178397614471,0.6249966479062011,0.649386418254572,Uttarakhand,Dehradun
15006,civ_mact,315,10.0,32.0,0.38750997605746207,0.08818254659097355,0.07262092072197822,0.05029810492918395,0.12606698825276313,Uttarakhand,Uttarkashi
15006,civ_misc,702,6.0,38.0,0.36001736964198516,0.11723112365064041,0.011732897618129763,0.08941662866206526,0.14504561863921556,Uttarakhand,Uttarkashi
15006,civ_suit,1205,7.0,50.0,0.38956363277575434,0.1277380629966891,0.06706459371861088,0.10436534131752251,0.1511107846758557,Uttarakhand,Uttarkashi
15006,crim_magisterial,8377,2.0,25.0,0.206456122542108,0.04471197323385752,0.007809385079632216,0.03917838951406454,0.050245556953650496,Uttarakhand,Uttarkashi
15006,crim_sessions,303,23.0,44.0,0.7826222221428647,0.1902604013648941,0.03445044304549524,0.13073351894679872,0.2497872837829895,Uttarakhand,Uttarkashi
15007,civ_family,554,6.0,17.0,0.1916399949686008,0.009704346251622326,,0.001254160349561318,0.018154532153683334,Uttarakhand,Almora
15007,civ_mact,306,8.0,27.0,0.39769202157146244,0.037711897952621073,0.028283923464465805,0.013838674788310672,0.06158512111693147,Uttarakhand,Almora
15007,civ_misc,1245,5.0,26.0,0.24806169227433436,0.020113920023625272,0.006159286514411569,0.011323871624878827,0.028903968422371716,Uttarakhand,Almora
15007,civ_suit,707,19.0,52.0,0.6319331094750035,0.2336356070414747,0.04358065789762015,0.19791311730863398,0.26935809677431544,Uttarakhand,Almora
15007,crim_magisterial,8145,2.0,19.0,0.1665661165129582,0.028891090207048695,0.0061756303927554285,0.02444044254809275,0.03334173786600464,Uttarakhand,Almora
15007,crim_sessions,503,7.0,24.0,0.30872177443273485,0.04694953125493723,0.007413083882358511,0.026678456670025382,0.06722060583984907,Uttarakhand,Almora
15007,other,555,4.0,20.0,0.18980768815592203,0.025277752604464195,0.0068939325284902335,0.01114340402275141,0.03941210118617698,Uttarakhand,Almora
15008,civ_mact,404,18.0,34.0,0.7810395017947104,0.0722574385199442,0.008598139137384669,0.04522250195136205,0.09929237508852637,Uttarakhand,Chamoli
15008,civ_misc,1146,3.0,29.0,0.2618480915624662,0.0561724794166711,0.024984725467679436,0.04118642138556731,0.0711585374477749,Uttarakhand,Chamoli
15008,civ_suit,622,10.0,32.0,0.4104283184043051,0.07334989402413683,0.012261112260631982,0.04995281117328859,0.09674697687498507,Uttarakhand,Chamoli
15008,crim_magisterial,4254,2.0,28.0,0.24047363011947567,0.0679828787940211,0.01703403847510361,0.0593354870622617,0.07663027052578049,Uttarakhand,Chamoli
15008,crim_sessions,283,31.0,54.0,0.7870460402168286,0.3895034218460298,0.030454104321361815,0.32328382154195034,0.4557230221501093,Uttarakhand,Chamoli
15009,civ_execution,2256,42.0,,0.8074245343484502,0.5343075639592042,0.3711056276656577,0.5097375567963132,0.5588775711220952,Uttarakhand,Haridwar
15009,civ_family,8148,8.0,31.0,0.34629160215818594,0.06481939754699266,0.007850847709755733,0.05890217434066482,0.0707366207533205,Uttarakhand,Haridwar
15009,civ_mact,1934,19.0,56.0,0.7013804577494864,0.2176392389044469,0.07796350881111412,0.19714648166869483,0.23813199614019895,Uttarakhand,Haridwar
15009,civ_misc,13874,12.0,66.0,0.49810195056434925,0.23794820649095233,0.11846383038963886,0.23017091469734982,0.24572549828455484,Uttarakhand,Haridwar
15009,civ_suit,15735,19.0,92.0,0.6095392785281608,0.34009503164710253,0.20551769308648676,0.3320888877712203,0.34810117552298475,Uttarakhand,Haridwar
15009,crim_magisterial,141213,16.0,105.0,0.5531645650248047,0.27616390306716393,0.1649310287934051,0.27352033870385123,0.27880746743047663,Uttarakhand,Haridwar
15009,crim_sessions,3117,36.0,,0.7255788412090495,0.4910866298359728,0.3489073412094078,0.47211946311213027,0.5100537965598153,Uttarakhand,Haridwar
15009,other,1690,13.0,89.0,0.5135724069714729,0.2588142939501079,0.1693952712440888,0.23628829711137667,0.28134029078883915,Uttarakhand,Haridwar
15013,civ_family,260,7.0,29.0,0.3081628790268647,0.033423351969725845,0.01114111732324195,0.0,0.06838020321686525,Uttarakhand,Champawat
15013,civ_misc,621,3.0,20.0,0.18613027649728273,0.030060013101558355,0.0061998777021964125,0.014175382038574512,0.0459446441645422,Uttarakhand,Champawat
15013,civ_suit,296,12.0,45.0,0.4980305616371129,0.21196833668210946,0.03566960183100778,0.15828323916273418,0.26565343420148474,Uttarakhand,Champawat
15013,crim_bail,536,0.0,0.0,,,,,,Uttarakhand,Champawat
15013,crim_magisterial,11923,1.0,18.0,0.16187897931958284,0.021511222477676204,0.004295210112691377,0.01831491900283287,0.02470752595251954,Uttarakhand,Champawat
15013,other,253,6.0,31.0,0.28394359135347963,0.057004777632041106,0.01425119440801028,0.025383959154042388,0.08862559611003983,Uttarakhand,Champawat
15014,civ_family,366,7.0,20.0,0.22582922578971767,0.03293333660661962,,0.009338707113365825,0.05652796609987342,Uttarakhand,Bageshwar
15014,civ_misc,615,2.0,11.0,0.09488685275401876,0.0038705326182644035,,0.0,0.01115919143976685,Uttarakhand,Bageshwar
15014,civ_suit,301,8.0,29.0,0.31464478209215385,0.06782458423283548,,0.03546170120076012,0.10018746726491085,Uttarakhand,Bageshwar
15014,crim_bail,220,0.0,1.0,,,,,,Uttarakhand,Bageshwar
15014,crim_magisterial,6834,1.0,15.0,0.12639765249442694,0.015338009483060487,0.004371003834269552,0.01182530886362817,0.018850710102492806,Uttarakhand,Bageshwar
15014,crim_sessions,220,6.0,20.0,0.1749739622080048,0.0,,0.0,0.0,Uttarakhand,Bageshwar
15015,civ_family,448,5.0,16.0,0.14732142857142852,0.013392857142857137,0.008928571428571425,0.002748343811450206,0.024037370474264068,Uttarakhand,Pithoragarh
15015,civ_misc,1091,5.0,52.0,0.3306298157782179,0.14479281159673663,0.0745441631977694,0.12118385329226024,0.16840176990121303,Uttarakhand,Pithoragarh
15015,civ_suit,890,11.0,62.0,0.44225247973823933,0.14628359159831705,0.11486953736829296,0.11398477161176995,0.17858241158486415,Uttarakhand,Pithoragarh
15015,crim_bail,275,0.0,1.0,,,,,,Uttarakhand,Pithoragarh
15015,crim_magisterial,9660,2.0,18.0,0.14325367711148423,0.05023847683582731,0.021523372049558565,0.04509315141531871,0.05538380225633591,Uttarakhand,Pithoragarh
15015,crim_sessions,293,19.0,61.0,0.7225730466697079,0.29908180659265843,0.1087907121518583,0.23772103550348805,0.3604425776818288,Uttarakhand,Pithoragarh
15015,other,450,8.0,34.0,0.30585199505393945,0.0818137915095489,0.03596985661195685,0.0547048029856748,0.108922780033423,Uttarakhand,Pithoragarh
15016,crim_magisterial,244,27.0,54.0,0.6659903546929546,0.4433803104495559,0.07142386457044089,0.377504988917948,0.5092556319811639,Uttarakhand,Rudraprayag
16001,civ_execution,3970,34.0,,0.733249370277078,0.48438594458912104,0.39748708078810546,0.4685746028965071,0.500197286281735,West Bengal,Malda
16001,civ_family,9005,15.0,67.0,0.5785674625208218,0.19534246073807252,0.11029435881099753,0.18675166566825352,0.2039332558078915,West Bengal,Malda
16001,civ_mact,2897,20.0,78.0,0.7134967207455989,0.2636629770665948,0.13857325631774514,0.24634186336628106,0.28098409076690856,West Bengal,Malda
16001,civ_misc,2045,20.0,68.0,0.6669926650366748,0.26248635188121694,0.12127819512746395,0.24277582595081154,0.28219687781162234,West Bengal,Malda
16001,civ_suit,7383,42.0,,0.8678044155492349,0.5605436007669826,0.34933242348837534,0.5487329656733678,0.5723542358605974,West Bengal,Malda
16001,crim_bail,14648,1.0,1.0,0.018227744401966138,,,,,West Bengal,Malda
16001,crim_magisterial,39073,7.0,,0.468174954572211,0.3527374938425358,0.292609621561039,0.34749458082726997,0.3579804068578016,West Bengal,Malda
16001,crim_sessions,3437,14.0,74.0,0.5336048879837068,0.20067728294748757,0.11292536022961888,0.185841250575743,0.21551331531923215,West Bengal,Malda
16001,other,1481,90.0,,0.914922349763673,0.7442456629777358,0.6531333583939404,0.7204830330926376,0.7680082928628339,West Bengal,Malda
16002,civ_execution,8713,43.0,,0.793756455870538,0.5506426908745576,0.38145653247473293,0.5396063868406025,0.5616789949085128,West Bengal,Hooghly
16002,civ_family,15089,16.0,62.0,0.566439127841474,0.2338243062913923,0.1039407541396228,0.22638253410120063,0.241266078481584,West Bengal,Hooghly
16002,civ_mact,2316,29.0,97.0,0.7642487046632124,0.4103814600184846,0.23475195684112318,0.3899182321194488,0.43084468791752034,West Bengal,Hooghly
16002,civ_misc,6982,38.0,,0.8216843311372101,0.5171584088305207,0.3182109243550609,0.5049395366784252,0.5293772809826162,West Bengal,Hooghly
16002,civ_suit,24146,49.0,,0.8828791518263894,0.6241598678543756,0.4149928172750274,0.6177399849647165,0.6305797507440347,West Bengal,Hooghly
16002,crim_magisterial,78448,10.0,,0.48349224964307574,0.39028023570178927,0.30657445251273424,0.38676473441059955,0.393795736992979,West Bengal,Hooghly
16002,crim_sessions,4683,28.0,,0.7110826393337603,0.4183564057033602,0.22780491592815685,0.40297129865499226,0.4337415127517281,West Bengal,Hooghly
16002,other,25152,36.0,,0.7717477735368956,0.4965900364238492,0.3536586726961979,0.4900926610516782,0.5030874117960202,West Bengal,Hooghly
16003,civ_mact,4192,43.0,,0.8015267175572518,0.561867050886745,0.39534679299608344,0.5455897958218622,0.5781443059516279,West Bengal,Calcutta
16003,civ_misc,24043,23.0,78.0,0.5963482094580546,0.399924757796162,0.2206833523514685,0.3935298150640217,0.4063197005283023,West Bengal,Calcutta
16003,civ_suit,19610,35.0,53.0,0.8021417644059152,0.4807012823168957,0.018118693121313142,0.4737042510330727,0.4876983136007187,West Bengal,Calcutta
16003,crim_magisterial,25353,1.0,48.0,0.2398927148660908,0.12507032018802622,0.07431589901555039,0.12078527240309166,0.12935536797296077,West Bengal,Calcutta
16003,crim_sessions,1042,60.0,,0.8829174664107485,0.6936424227819126,0.4969907735022533,0.6646588978793125,0.7226259476845126,West Bengal,Calcutta
16003,other,84169,82.0,,0.8524634960614953,0.6963311244812487,0.59008699888948,0.6931316783331307,0.6995305706293666,West Bengal,Calcutta
16004,civ_execution,1393,43.0,,0.7788944723618091,0.5454224550561132,0.42352115013738156,0.5180033366987444,0.572841573413482,West Bengal,Jalpaiguri
16004,civ_family,6521,14.0,48.0,0.5364207943566935,0.1583247283111392,0.0594030177077027,0.14829105770813414,0.16835839891414425,West Bengal,Jalpaiguri
16004,civ_mact,4236,38.0,,0.8541076487252123,0.5246444913887434,0.3060808093308676,0.508585025465844,0.5407039573116427,West Bengal,Jalpaiguri
16004,civ_misc,4946,22.0,,0.6386979377274566,0.3608332537085042,0.23238984088617018,0.3465534518100774,0.37511305560693103,West Bengal,Jalpaiguri
16004,civ_suit,7519,54.0,,0.9154142838143372,0.6694993917009553,0.4518118377571225,0.6581919625520507,0.6808068208498599,West Bengal,Jalpaiguri
16004,crim_bail,17563,1.0,13.0,0.10060923532426123,0.0002733018277059731,,2.399304012202743e-05,0.0005226106152899188,West Bengal,Jalpaiguri
16004,crim_magisterial,49765,65.0,,0.6443082487692152,0.578517717403384,0.5105511728011227,0.574113836894268,0.5829215979125,West Bengal,Jalpaiguri
16004,crim_sessions,5350,39.0,114.0,0.7859813084112148,0.5192917718362379,0.3120600728919429,0.5044064394998389,0.5341771041726369,West Bengal,Jalpaiguri
16004,other,9985,41.0,103.0,0.7351026539809713,0.5334745707698065,0.36917466303001967,0.5230652181500063,0.5438839233896068,West Bengal,Jalpaiguri
16006,civ_execution,2555,27.0,82.0,0.7381604696673189,0.39263247119023487,0.1789527963830346,0.3720330666621755,0.41323187571829423,West Bengal,Coochbehar
16006,civ_family,3090,9.0,38.0,0.34595469255663425,0.10809291987823051,0.04007273828749942,0.09485156746594796,0.12133427229051306,West Bengal,Coochbehar
16006,civ_mact,796,36.0,87.0,0.8680904522613065,0.49332719867974634,0.23436804794422936,0.45661242709665867,0.530041970262834,West Bengal,Coochbehar
16006,civ_misc,1537,22.0,76.0,0.657124268054652,0.3137501088271764,0.15299906816035225,0.2885726571165569,0.33892756053779594,West Bengal,Coochbehar
16006,civ_suit,3548,39.0,,0.8303269447576099,0.5148743466086442,0.31104132726571093,0.49746490728208936,0.532283785935199,West Bengal,Coochbehar
16006,crim_magisterial,60881,2.0,,0.42596212282978274,0.29927882337875955,0.22701900989924886,0.2955857983888605,0.3029718483686586,West Bengal,Coochbehar
16006,crim_sessions,4340,24.0,,0.6370967741935483,0.38626670331551266,0.26065180644859953,0.3706842680459385,0.4018491385850868,West Bengal,Coochbehar
16006,other,1570,22.0,97.0,0.6401273885350319,0.34971187148381405,0.2143590656261269,0.32428468417708767,0.37513905879054044,West Bengal,Coochbehar
16007,civ_execution,1831,58.0,,0.8219552157291097,0.6401254197613445,0.478206876338807,0.6166348170592704,0.6636160224634187,West Bengal,Paschim Medinpur
16007,civ_family,10663,12.0,60.0,0.49479508581074744,0.19210052569614133,0.09751294692547315,0.18391318069769458,0.2002878706945881,West Bengal,Paschim Medinpur
16007,civ_mact,4464,44.0,110.0,0.8817204301075267,0.5837932795325186,0.34080915092358544,0.5681764020169061,0.599410157048131,West Bengal,Paschim Medinpur
16007,civ_misc,3690,33.0,,0.7089430894308942,0.472253430983207,0.3314846053675344,0.45537813490529044,0.48912872706112354,West Bengal,Paschim Medinpur
16007,civ_suit,18909,74.0,,0.8621820297212966,0.71207508904737,0.5722918418209404,0.7052170664516013,0.7189331116431388,West Bengal,Paschim Medinpur
16007,crim_magisterial,76176,1.0,114.0,0.34821991178323886,0.2620740054249287,0.19956402457549405,0.2588389588920277,0.2653090519578297,West Bengal,Paschim Medinpur
16007,crim_sessions,3817,52.0,,0.8488341629552004,0.6055964407452596,0.4507028176269164,0.5884263345893966,0.6227665469011227,West Bengal,Paschim Medinpur
16007,other,6255,100.0,,0.9168665067945642,0.757938228180289,0.6424061646072011,0.7466257561772889,0.7692507001832891,West Bengal,Paschim Medinpur
16008,civ_execution,7338,29.0,105.0,0.7472063232488416,0.40698629097799843,0.2456354358118674,0.3947827954437345,0.41918978651226235,West Bengal,Birbhum
16008,civ_family,6294,16.0,66.0,0.5773752780425802,0.2288539118357859,0.11880383277332027,0.2166278990528971,0.24107992461867472,West Bengal,Birbhum
16008,civ_mact,2550,33.0,110.0,0.8721568627450981,0.4589017542729256,0.24552552094882332,0.4378373203205377,0.47996618822531356,West Bengal,Birbhum
16008,civ_misc,4008,31.0,,0.7425149700598803,0.45267082857482904,0.29479500656799096,0.43589713434382954,0.46944452280582855,West Bengal,Birbhum
16008,civ_suit,11031,52.0,,0.8610280119662767,0.6227209767035358,0.4409553208002801,0.6132907609377332,0.6321511924693384,West Bengal,Birbhum
16008,crim_bail,610,0.0,1.0,,,,,,West Bengal,Birbhum
16008,crim_magisterial,36735,47.0,,0.7106846331836121,0.5578652559297389,0.4385786266419397,0.5525566075151878,0.56317390434429,West Bengal,Birbhum
16008,crim_sessions,3073,17.0,95.0,0.5756589651806053,0.30019910322452675,0.16985916324975578,0.2824770975444637,0.3179211089045898,West Bengal,Birbhum
16008,other,1842,53.0,,0.7062975027144408,0.562596282811069,0.47638084581947604,0.5390541079773844,0.5861384576447536,West Bengal,Birbhum
16009,civ_execution,5700,37.0,111.0,0.7673684210526317,0.5011064690161928,0.30448288990979133,0.487132957048901,0.5150799809834846,West Bengal,Purba Medinipur
16009,civ_family,6805,12.0,44.0,0.47847171197648797,0.1399188999689806,0.05540957660577004,0.1297113689852267,0.1501264309527345,West Bengal,Purba Medinipur
16009,civ_mact,5755,36.0,,0.8274543874891401,0.48991302593591146,0.2961567119701569,0.4764802784994309,0.503345773372392,West Bengal,Purba Medinipur
16009,civ_misc,9799,38.0,118.0,0.819981630778651,0.5143171176982588,0.30518836173191394,0.5037251702242533,0.5249090651722643,West Bengal,Purba Medinipur
16009,civ_suit,15264,69.0,,0.8837133123689728,0.6954345375153848,0.5505619308033299,0.6878316407567815,0.703037434273988,West Bengal,Purba Medinipur
16009,crim_magisterial,45589,48.0,,0.6668494592993924,0.5487020677893526,0.44826880429015964,0.5440008361410337,0.5534032994376715,West Bengal,Purba Medinipur
16009,crim_sessions,3753,26.0,,0.6730615507593927,0.4085580743674085,0.29757093748760727,0.3913169865528654,0.4257991621819516,West Bengal,Purba Medinipur
16009,other,9139,2.0,,0.33373454426085986,0.24864199612948418,0.19727277029713292,0.2394614780775942,0.25782251418137414,West Bengal,Purba Medinipur
16010,civ_execution,1750,48.0,,0.8622857142857144,0.5964368613831785,0.40749452449427526,0.5716601263415696,0.6212135964247875,West Bengal,Purulia
16010,civ_family,1530,12.0,61.0,0.4901960784313725,0.20764657125548278,0.10138043365809596,0.18510220354092002,0.23019093897004553,West Bengal,Purulia
16010,civ_mact,949,46.0,108.0,0.9262381454162274,0.6189136003038708,0.34627589427346595,0.5861129344386271,0.6517142661691144,West Bengal,Purulia
16010,civ_misc,5133,28.0,104.0,0.7003701539060979,0.43193110304533594,0.25725229229282043,0.4174201613887406,0.4464420447019313,West Bengal,Purulia
16010,civ_suit,6318,52.0,,0.8974358974358976,0.6294379464615535,0.4341155875515453,0.6169308244382192,0.6419450684848877,West Bengal,Purulia
16010,crim_bail,4156,0.0,1.0,0.0004812319538017333,,,,,West Bengal,Purulia
16010,crim_magisterial,27664,2.0,,0.431607865818392,0.3468298281577405,0.28155402511356314,0.341103412720546,0.352556243594935,West Bengal,Purulia
16010,crim_sessions,2655,24.0,95.0,0.7077212806026364,0.3575920230458274,0.18281374665064665,0.33819781395861276,0.376986232133042,West Bengal,Purulia
16010,other,791,0.0,98.0,0.4007585335018962,0.299434012274974,0.2454120868243048,0.2667357287951274,0.3321322957548206,West Bengal,Purulia
16011,civ_execution,7884,38.0,111.0,0.7924911212582445,0.5104919551301845,0.3198917468313615,0.49878612807973915,0.5221977821806298,West Bengal,Howrah
16011,civ_family,11834,11.0,50.0,0.4696636809193848,0.16801141812915016,0.06308005589781926,0.16049487284387928,0.17552796341442103,West Bengal,Howrah
16011,civ_mact,3174,44.0,88.0,0.8752362948960304,0.5718456215927827,0.3270068880548671,0.55371409461283,0.5899771485727354,West Bengal,Howrah
16011,civ_misc,32202,0.0,42.0,0.189491335941867,0.11337753704827701,0.06996872528828944,0.10983110145544098,0.11692397264111304,West Bengal,Howrah
16011,civ_suit,27165,49.0,,0.8898950855880728,0.6189505146306791,0.3951517988374659,0.6128773314791206,0.6250236977822375,West Bengal,Howrah
16011,crim_magisterial,113742,1.0,,0.4101387350319143,0.3229049995590422,0.25687527462917337,0.32009921899459465,0.3257107801234898,West Bengal,Howrah
16011,crim_sessions,5325,32.0,,0.7440375586854459,0.45539623597010764,0.29999387975524044,0.4407943410393188,0.4699981309008965,West Bengal,Howrah
16011,other,20977,0.0,,0.35967964913953376,0.24775824550415723,0.17935740775582273,0.24171232423600403,0.25380416677231044,West Bengal,Howrah
16012,civ_execution,23304,56.0,,0.866289049090285,0.6087654197516411,0.4808935269510921,0.6020888889170385,0.6154419505862437,West Bengal,Murshidabad
16012,civ_family,7307,17.0,63.0,0.5973723826467771,0.23289593258187247,0.10644959862357696,0.2224133878823332,0.24337847728141174,West Bengal,Murshidabad
16012,civ_mact,4660,45.0,,0.8405579399141632,0.567268528837861,0.4103053006347278,0.5522622186674001,0.582274839008322,West Bengal,Murshidabad
16012,civ_misc,11218,42.0,,0.7468354430379747,0.536655099116177,0.37958326711343954,0.5269250052587853,0.5463851929735688,West Bengal,Murshidabad
16012,civ_suit,19819,66.0,,0.9082698420707402,0.7116735836305607,0.5446709906110971,0.7050723898734577,0.7182747773876637,West Bengal,Murshidabad
16012,crim_magisterial,113828,8.0,,0.4741979126401237,0.3968009591358394,0.35028737136190535,0.3939127164532896,0.3996892018183892,West Bengal,Murshidabad
16012,crim_sessions,11653,38.0,,0.7721616751051231,0.5099794277567327,0.3353969459232566,0.500367931074649,0.5195909244388163,West Bengal,Murshidabad
16012,other,44051,40.0,,0.7504710449252004,0.5229340182398207,0.39192784845131523,0.5180160963583592,0.5278519401212821,West Bengal,Murshidabad
16013,civ_execution,1892,26.0,82.0,0.7526427061310784,0.36783798002024354,0.1882587890007799,0.34358055631935747,0.3920954037211296,West Bengal,South Dinajpur
16013,civ_family,3614,15.0,49.0,0.5774764803541783,0.17345586063003166,0.0599358622926026,0.16015900715649717,0.18675271410356614,West Bengal,South Dinajpur
16013,civ_mact,1930,34.0,88.0,0.8849740932642488,0.4680679435032019,0.19383937785210684,0.44390185534602905,0.49223403166037477,West Bengal,South Dinajpur
16013,civ_misc,1968,24.0,103.0,0.6834349593495933,0.37377172903272116,0.20956415723193061,0.35090448213929754,0.3966389759261448,West Bengal,South Dinajpur
16013,civ_suit,3795,63.0,,0.9143610013175232,0.6898541388924416,0.5145841370962859,0.6745873042153552,0.7051209735695281,West Bengal,South Dinajpur
16013,crim_bail,7261,0.0,1.0,0.01721525960611486,0.00027544415369783773,,0.0,0.0006571376958875543,West Bengal,South Dinajpur
16013,crim_magisterial,34213,1.0,117.0,0.349223979189197,0.28811806763207864,0.23050218310163528,0.2832141621133286,0.2930219731508287,West Bengal,South Dinajpur
16013,crim_sessions,4486,22.0,115.0,0.6428889879625501,0.3430593184512034,0.22225652858642994,0.3283084341223102,0.3578102027800966,West Bengal,South Dinajpur
16013,other,4614,28.0,,0.7026441265713046,0.4262601501872033,0.27709511981670276,0.41061663078272437,0.44190366959168226,West Bengal,South Dinajpur
16014,civ_execution,14117,50.0,,0.8358008075370119,0.5894636633294338,0.4431906825897862,0.5809144158626232,0.5980129107962444,West Bengal,North  Twenty Four Parganas
16014,civ_family,48415,17.0,104.0,0.5739956625012909,0.2872726010960753,0.1840942183536993,0.2828538057305057,0.2916913964616448,West Bengal,North  Twenty Four Parganas
16014,civ_mact,8873,33.0,,0.76107291784064,0.4752216560418224,0.3008444132306373,0.4643264225307124,0.4861168895529325,West Bengal,North  Twenty Four Parganas
16014,civ_misc,14804,31.0,,0.6896109159686572,0.461063159127059,0.34410291155204514,0.4525916027787621,0.46953471547535586,West Bengal,North  Twenty Four Parganas
16014,civ_suit,31583,84.0,,0.9152708735712248,0.7478883354117811,0.6130082257216073,0.7428599950845769,0.7529166757389854,West Bengal,North  Twenty Four Parganas
16014,crim_bail,25082,1.0,12.0,0.09927438003349016,0.011381568041977815,0.009484640034981513,0.009815589339449524,0.012947546744506107,West Bengal,North  Twenty Four Parganas
16014,crim_magisterial,116345,64.0,,0.7078946237483347,0.5955972681098507,0.5106612507928255,0.5926540699284489,0.5985404662912525,West Bengal,North  Twenty Four Parganas
16014,crim_sessions,9667,54.0,,0.8479362780593773,0.6187588632942888,0.44748308537930054,0.6085505234206147,0.6289672031679628,West Bengal,North  Twenty Four Parganas
16014,other,7778,59.0,,0.848675752121368,0.6271223265647545,0.4938389296892968,0.6155632010810356,0.6386814520484735,West Bengal,North  Twenty Four Parganas
16017,civ_execution,1071,50.0,,0.8104575163398697,0.5687640949837878,0.4216538624716431,0.5362662517192266,0.601261938248349,West Bengal,Darjeeling
16017,civ_family,3730,17.0,,0.5957104557640751,0.27830548533077776,0.2072461758420514,0.2621470088379637,0.2944639618235918,West Bengal,Darjeeling
16017,civ_mact,1207,49.0,,0.8566694283347139,0.6333080321600617,0.42434994017587707,0.6024586031411527,0.6641574611789707,West Bengal,Darjeeling
16017,civ_misc,2031,29.0,,0.7080256031511571,0.4373665313187101,0.3168402221923274,0.41362579771394253,0.4611072649234777,West Bengal,Darjeeling
16017,civ_suit,3939,66.0,,0.860878395531861,0.6363092803117714,0.5228665795604495,0.6201187957033489,0.6524997649201938,West Bengal,Darjeeling
16017,crim_magisterial,20479,17.0,,0.5299575174569071,0.3947446324176607,0.32508544010076323,0.3878171114933532,0.40167215334196826,West Bengal,Darjeeling
16017,crim_sessions,1911,31.0,,0.7425431711145997,0.4479647643458442,0.3255259883174447,0.42357170432581265,0.47235782436587576,West Bengal,Darjeeling
16017,other,7679,76.0,,0.8624820940226591,0.6760708111042579,0.5690343991538288,0.6642004718962664,0.6879411503122494,West Bengal,Darjeeling
16018,civ_execution,5634,35.0,,0.7536386226482072,0.48317660442536,0.3517407496754892,0.4694045001854359,0.49694870866528407,West Bengal,Purba Bardhaman
16018,civ_family,7391,13.0,63.0,0.5037207414422946,0.18015731440205612,0.10385584549536758,0.17021053119680696,0.1901040976073053,West Bengal,Purba Bardhaman
16018,civ_mact,3856,39.0,119.0,0.8739626556016595,0.5232119946347884,0.29969664594890927,0.5068396113611672,0.5395843779084096,West Bengal,Purba Bardhaman
16018,civ_misc,7827,28.0,108.0,0.7391082151526767,0.41673785843378386,0.26475463157199086,0.4049163205048263,0.42855939636274143,West Bengal,Purba Bardhaman
16018,civ_suit,15213,61.0,,0.8843752054164201,0.6674026004734178,0.5016279638326374,0.6595059567296828,0.6752992442171528,West Bengal,Purba Bardhaman
16018,crim_magisterial,43638,7.0,,0.47130940923048703,0.3658021790963548,0.297514081489413,0.361098288074522,0.37050607011818765,West Bengal,Purba Bardhaman
16018,crim_sessions,4035,28.0,,0.7350681536555141,0.4243302203757681,0.31216563792350205,0.40812830472423867,0.44053213602729757,West Bengal,Purba Bardhaman
16018,other,3739,40.0,,0.725595078898101,0.5216148237335235,0.38635363183982124,0.5050485626894927,0.5381810847775543,West Bengal,Purba Bardhaman
16019,civ_execution,3913,29.0,102.0,0.7556861742908253,0.42367562509259865,0.24967975737554243,0.40695551417011516,0.44039573601508214,West Bengal,Bankura
16019,civ_family,4096,15.0,63.0,0.5625,0.21309645482901812,0.10430565746231601,0.19874348599150013,0.22744942366653612,West Bengal,Bankura
16019,civ_mact,1487,39.0,94.0,0.8964357767316745,0.5401428312865776,0.2841964344846584,0.513160687751863,0.5671249748212922,West Bengal,Bankura
16019,civ_misc,2215,26.0,82.0,0.7313769751693003,0.39652997659195444,0.19375886066744322,0.3744473119176206,0.4186126412662883,West Bengal,Bankura
16019,civ_suit,7987,57.0,,0.9013396769750847,0.671365833495211,0.46850042286564464,0.6603934458181538,0.6823382211722681,West Bengal,Bankura
16019,crim_magisterial,33044,37.0,,0.6982508170923617,0.5036804208341846,0.36748363725798533,0.4980787028942307,0.5092821387741386,West Bengal,Bankura
16019,crim_sessions,2485,32.0,87.0,0.745271629778672,0.4482644976212036,0.25033461449975186,0.4264283385087121,0.47010065673369505,West Bengal,Bankura
16019,other,2632,7.0,87.0,0.47036474164133757,0.3109484544526381,0.1677123761219191,0.2918190850431856,0.33007782386209056,West Bengal,Bankura
16020,civ_execution,20688,52.0,,0.8022041763341065,0.621418606508916,0.43443315464507803,0.6142940616251333,0.6285431513926987,West Bengal,South Twenty Four Parganas
16020,civ_family,20398,37.0,,0.7517893911167762,0.5005575294185843,0.37231285863346275,0.4930754498617137,0.508039608975455,West Bengal,South Twenty Four Parganas
16020,civ_mact,12826,59.0,,0.8227038827381883,0.6450473309194746,0.4918459588453456,0.6363195553167286,0.6537751065222207,West Bengal,South Twenty Four Parganas
16020,civ_misc,30354,34.0,,0.6789879422810831,0.48654423224604965,0.3710847702171102,0.4807231027594874,0.4923653617326119,West Bengal,South Twenty Four Parganas
16020,civ_suit,92027,58.0,,0.7993306312277917,0.6323309721928236,0.4803605898523003,0.6291304922522867,0.6355314521333606,West Bengal,South Twenty Four Parganas
16020,crim_bail,49255,1.0,28.0,0.2827936250126891,0.0003247575226880847,0.0003247575226880847,0.0001650300395088071,0.00048448500586736236,West Bengal,South Twenty Four Parganas
16020,crim_magisterial,119870,62.0,,0.7415199799783097,0.6222128527657097,0.5050420447520507,0.6193287334504669,0.6250969720809525,West Bengal,South Twenty Four Parganas
16020,crim_ni138,1162,86.0,,0.7719449225473323,0.5796809454114791,0.5238189505886548,0.5485753988836294,0.6107864919393288,West Bengal,South Twenty Four Parganas
16020,crim_sessions,22478,23.0,,0.5515170388824627,0.4461922397046751,0.36657976964446376,0.43949811532172267,0.4528863640876275,West Bengal,South Twenty Four Parganas
16020,other,29763,98.0,,0.8691664146759398,0.7716183717521428,0.6945921230341537,0.7667423777493337,0.7764943657549518,West Bengal,South Twenty Four Parganas
16021,civ_execution,1643,44.0,,0.8594035301278149,0.5635382871550235,0.4067142012924428,0.5377874590053108,0.5892891153047363,West Bengal,North Dinajpur
16021,civ_family,3987,14.0,48.0,0.5495359919739153,0.16577051201054543,0.06506788998563003,0.1530072903053387,0.17853373371575218,West Bengal,North Dinajpur
16021,civ_mact,3008,23.0,59.0,0.7802526595744681,0.286898917954381,0.08711631690686505,0.2693508222853871,0.3044470136233749,West Bengal,North Dinajpur
16021,civ_misc,2358,26.0,82.0,0.7251908396946566,0.37880275421049325,0.20291829715906007,0.35800237338979707,0.39960313503118944,West Bengal,North Dinajpur
16021,civ_suit,4479,38.0,101.0,0.835900870730074,0.5071566065191818,0.3184771631454531,0.49185660428773614,0.5224566087506275,West Bengal,North Dinajpur
16021,crim_magisterial,50816,2.0,,0.4102251259445844,0.3020298364122915,0.22201860765308815,0.2979989359995891,0.30606073682499385,West Bengal,North Dinajpur
16021,crim_sessions,2938,23.0,97.0,0.6603131381892444,0.3483483566635723,0.2137449328397774,0.33038367183654477,0.3663130414905998,West Bengal,North Dinajpur
16021,other,3877,48.0,,0.7529017281403145,0.5864495382750967,0.4105005524757942,0.5705501310711599,0.6023489454790335,West Bengal,North Dinajpur
16022,civ_execution,8909,37.0,,0.7503647996408128,0.506214900751777,0.3514607415636756,0.4952193354423541,0.5172104660611999,West Bengal,Nadia
16022,civ_family,16038,11.0,58.0,0.45292430477615664,0.18505051321426857,0.09399918826209178,0.1782901673420955,0.19181085908644166,West Bengal,Nadia
16022,civ_mact,3510,36.0,,0.7655270655270656,0.49249551114856605,0.3257870572036204,0.47483652740213483,0.5101544948949973,West Bengal,Nadia
16022,civ_misc,4667,33.0,,0.7471609170773514,0.46641113093490316,0.32161375296961425,0.4507247497455093,0.482097512124297,West Bengal,Nadia
16022,civ_suit,16060,45.0,,0.8382316313823166,0.5771551220423925,0.38495090100593765,0.5689025732918419,0.5854076707929431,West Bengal,Nadia
16022,crim_magisterial,89827,33.0,,0.5695503579102051,0.48888264043908286,0.4189812055538271,0.4855629985775098,0.49220228230065594,West Bengal,Nadia
16022,crim_sessions,5398,50.0,,0.7402741756206,0.5481512734116976,0.4675671771140411,0.5340227901406074,0.5622797566827877,West Bengal,Nadia
16022,other,1774,31.0,90.0,0.7322435174746333,0.4524966124109853,0.2796745067738508,0.4250108540009152,0.47998237082105544,West Bengal,Nadia
16023,civ_family,311,7.0,18.0,0.19292604501607713,0.025723472668810282,0.009646302250803856,0.008128775532866454,0.043318169804754114,West Bengal,kalimpong
16023,crim_magisterial,2395,2.0,22.0,0.19331941544885178,0.038014643126828306,0.00768835478969561,0.03034078732559882,0.04568849892805779,West Bengal,kalimpong
16023,crim_sessions,263,9.0,29.0,0.34220532319391633,0.06844106463878329,0.007604562737642589,0.03792407126729751,0.09895805801026906,West Bengal,kalimpong
16023,other,279,7.0,34.0,0.3727598566308244,0.09677419354838715,0.03225806451612904,0.062081987358363934,0.13146639973841037,West Bengal,kalimpong
16024,civ_execution,3509,17.0,47.0,0.6357936734112284,0.17274216766052083,0.051006651464587285,0.16016478217635752,0.18531955314468415,West Bengal,Paschim Bardhaman
16024,civ_family,3868,12.0,36.0,0.46587383660806625,0.09760546224804097,0.03027761277898412,0.08820037288284739,0.10701055161323454,West Bengal,Paschim Bardhaman
16024,civ_mact,1291,31.0,70.0,0.8264910921766074,0.42861601085445644,0.1621228690845891,0.4015440655745678,0.4556879561343451,West Bengal,Paschim Bardhaman
16024,civ_misc,5280,18.0,52.0,0.6645833333333334,0.20412823451231468,0.06547857648537238,0.19321736503670398,0.2150391039879254,West Bengal,Paschim Bardhaman
16024,civ_suit,5376,31.0,77.0,0.8275669642857141,0.42970175189659354,0.1915092152203173,0.4164558458097647,0.4429476579834224,West Bengal,Paschim Bardhaman
16024,crim_magisterial,26708,1.0,35.0,0.23064250411861614,0.09459410291843799,0.0460110706425024,0.09107716408480462,0.09811104175207136,West Bengal,Paschim Bardhaman
16024,crim_sessions,1537,21.0,56.0,0.6844502277163306,0.2643502437839158,0.07921649758565948,0.2422576529878098,0.28644283458002184,West Bengal,Paschim Bardhaman
16024,other,2528,18.0,61.0,0.615110759493671,0.25981492250214094,0.10484556362661569,0.24266573505945863,0.27696410994482323,West Bengal,Paschim Bardhaman
16025,civ_family,818,17.0,44.0,0.650366748166259,0.1521038633150516,0.03196931889220504,0.1274140212355811,0.1767937053945221,West Bengal,Jhargram
16025,civ_suit,1164,24.0,56.0,0.788659793814433,0.2790365068539885,0.07916730874956418,0.25316270206741814,0.3049103116405589,West Bengal,Jhargram
16025,crim_magisterial,2393,12.0,65.0,0.49017969076473056,0.22631210335904167,0.11590563798201386,0.2095236303727988,0.24310057634528454,West Bengal,Jhargram
16025,crim_sessions,506,28.0,64.0,0.7332015810276681,0.39200956914116225,0.11939377740339974,0.3494001114416186,0.4346190268407059,West Bengal,Jhargram
16025,other,351,19.0,50.0,0.6666666666666667,0.16182336182336188,0.04623524623524626,0.12322846868654172,0.20041825496018204,West Bengal,Jhargram
17011,civ_execution,4881,23.0,67.0,0.7152222905142389,0.2471281587128932,0.12323223418273983,0.23010453982002865,0.26415177760575775,Gujarat,GANDHINAGAR
17011,civ_mact,11875,2.0,84.0,0.372042105263158,0.2625196220548789,0.18200705663005656,0.2544048584765634,0.27063438563319436,Gujarat,GANDHINAGAR
17011,civ_misc,2335,44.0,,0.8569593147751607,0.5535640791688172,0.3765609746784286,0.5327003336993477,0.5744278246382868,Gujarat,GANDHINAGAR
17011,civ_suit,7246,65.0,,0.8109301683687554,0.6644456783815673,0.5274962189594722,0.6532177102316498,0.6756736465314849,Gujarat,GANDHINAGAR
17011,crim_magisterial,156872,7.0,64.0,0.40407465959508393,0.2104945822820326,0.1087848522562967,0.2083738066535853,0.21261535791047992,Gujarat,GANDHINAGAR
17011,crim_sessions,2644,18.0,84.0,0.6161119515885022,0.3073409863235922,0.184865476298038,0.28777600840487455,0.32690596424230983,Gujarat,GANDHINAGAR
17011,other,14793,28.0,,0.6704522409247617,0.4377832793855652,0.2705872734167049,0.42938097770151984,0.4461855810696106,Gujarat,GANDHINAGAR
17013,civ_execution,18464,33.0,84.0,0.7861243500866549,0.46750047533975014,0.25242215086758313,0.4601488851323377,0.4748520655471626,Gujarat,Ahmedabad
17013,civ_mact,34926,7.0,93.0,0.4139036820706636,0.28037279615588484,0.21720485792849994,0.27563282791545185,0.28511276439631783,Gujarat,Ahmedabad
17013,civ_misc,6893,35.0,100.0,0.7231974466850428,0.48949072354555423,0.3325290747756478,0.47737815044766896,0.5016032966434395,Gujarat,Ahmedabad
17013,civ_suit,52410,35.0,104.0,0.6899637473764547,0.49003232921340356,0.3670572331332358,0.48570499280396967,0.49435966562283745,Gujarat,Ahmedabad
17013,crim_magisterial,342111,5.0,88.0,0.38286988725881377,0.21359010185498473,0.14089281614720914,0.2121952000787566,0.21498500363121284,Gujarat,Ahmedabad
17013,crim_sessions,8731,20.0,100.0,0.642652617111442,0.3699086795477549,0.27644875919504547,0.35952796624973293,0.3802893928457769,Gujarat,Ahmedabad
17013,other,85501,26.0,87.0,0.6605419819651233,0.40578083171293855,0.24669720395486752,0.4024227776461238,0.4091388857797533,Gujarat,Ahmedabad
17014,civ_execution,10326,29.0,69.0,0.766995932597327,0.4297383885537199,0.18997010250387483,0.41930784497133855,0.4401689321361012,Gujarat,SURAT
17014,civ_mact,9954,19.0,,0.5556560176813341,0.4161586932007755,0.2715319633433766,0.40617351716529676,0.4261438692362542,Gujarat,SURAT
17014,civ_misc,2682,58.0,,0.8967188665175243,0.6385044063744173,0.49025239387912894,0.6192113937483991,0.6577974190004355,Gujarat,SURAT
17014,civ_suit,14305,36.0,,0.7199580566235582,0.49462931661226905,0.3576511790968393,0.4859493937770379,0.5033092394475002,Gujarat,SURAT
17014,crim_magisterial,317343,12.0,80.0,0.49770752781690464,0.36047777359519373,0.21934490996811148,0.358708228543326,0.36224731864706144,Gujarat,SURAT
17014,crim_sessions,5929,37.0,,0.8242536684095126,0.502989570056221,0.2993719067090753,0.4888659653199469,0.5171131747924951,Gujarat,SURAT
17014,other,38742,46.0,,0.808786330081049,0.5889375866243985,0.3737029663525143,0.583774093221378,0.5941010800274191,Gujarat,SURAT
17015,civ_execution,5269,41.0,82.0,0.8191307648510153,0.5405027354358231,0.2443134614982963,0.5264353167573566,0.5545701541142896,Gujarat,Mahesana
17015,civ_mact,12611,12.0,95.0,0.4984537308698755,0.38751907189380475,0.2683391040257501,0.37888330351666855,0.39615484027094094,Gujarat,Mahesana
17015,civ_misc,10834,20.0,73.0,0.5985785490123685,0.29510446510065513,0.13070224301082914,0.28614010483168717,0.3040688253696231,Gujarat,Mahesana
17015,civ_suit,6701,47.0,,0.8154006864647065,0.5789691448224523,0.4138861603024744,0.5667649846570053,0.5911733049878993,Gujarat,Mahesana
17015,crim_magisterial,216015,8.0,58.0,0.4195079045436659,0.19053561298063895,0.09224500827280412,0.18878778306072103,0.19228344290055688,Gujarat,Mahesana
17015,crim_sessions,3864,9.0,54.0,0.4078674948240167,0.15661609706103224,0.08500984452217504,0.1436059162331159,0.1696262778889486,Gujarat,Mahesana
17015,other,11495,22.0,87.0,0.6609830361026532,0.3544811971867846,0.20265123322080006,0.34514241092342146,0.36381998345014777,Gujarat,Mahesana
17016,civ_execution,13612,15.0,81.0,0.572289156626506,0.2414391475257733,0.1457384976584188,0.23411000074716828,0.24876829430437833,Gujarat,RAJKOT
17016,civ_mact,18287,17.0,92.0,0.5725925520861814,0.371031026362432,0.28545086463440894,0.3639326813135452,0.3781293714113188,Gujarat,RAJKOT
17016,civ_misc,2098,50.0,94.0,0.7950428979980932,0.5663411728813029,0.45129381662063706,0.5445502315274549,0.588132114235151,Gujarat,RAJKOT
17016,civ_suit,11789,13.0,84.0,0.5189583510051742,0.29169308776734637,0.18790501239327445,0.2833631912463496,0.3000229842883431,Gujarat,RAJKOT
17016,crim_magisterial,226885,8.0,60.0,0.4081406880137514,0.19927176826244083,0.0980528088955226,0.19758734026203312,0.20095619626284855,Gujarat,RAJKOT
17016,crim_sessions,17316,4.0,37.0,0.2307114807114808,0.10055152953418424,0.0569633579336956,0.09596193845433598,0.1051411206140325,Gujarat,RAJKOT
17016,other,34712,10.0,71.0,0.4459264807559345,0.24865032034512854,0.14542854739527783,0.24405816866453078,0.2532424720257263,Gujarat,RAJKOT
17017,civ_execution,4339,41.0,,0.7833602212491357,0.5489296253255338,0.34415919581040266,0.5314286911836891,0.5664305594673785,Gujarat,Amreli
17017,civ_mact,5653,4.0,91.0,0.4075712011321422,0.31584606048330943,0.23989453674708308,0.30322226214715714,0.3284698588194617,Gujarat,Amreli
17017,civ_misc,1550,71.0,101.0,0.8870967741935485,0.6526171355251194,0.5513407164526929,0.6251762077640157,0.680058063286223,Gujarat,Amreli
17017,civ_suit,6167,18.0,97.0,0.5732122587968218,0.3622516483690237,0.23684459770357943,0.34959537724406514,0.3749079194939822,Gujarat,Amreli
17017,crim_magisterial,65315,4.0,58.0,0.35809538390875,0.17715638170028028,0.09470533876057564,0.17397276491650193,0.18033999848405863,Gujarat,Amreli
17017,crim_sessions,1449,22.0,80.0,0.6825396825396824,0.34215469451349156,0.18813626571943423,0.3152321298458767,0.36907725918110645,Gujarat,Amreli
17017,other,11240,17.0,69.0,0.5813167259786476,0.25005326786564236,0.1313048528734704,0.240643276989192,0.25946325874209275,Gujarat,Amreli
17018,civ_execution,6831,37.0,83.0,0.7602108036890646,0.5065911525040214,0.3003368669819557,0.49403211441275263,0.5191501905952902,Gujarat,Anand
17018,civ_mact,12951,8.0,90.0,0.46351633078526755,0.3426271774973742,0.22845857492609353,0.3342683330575193,0.3509860219372291,Gujarat,Anand
17018,civ_misc,6677,43.0,62.0,0.7585742099745396,0.5259755551193879,0.20254875789376936,0.5135478599948208,0.538403250243955,Gujarat,Anand
17018,civ_suit,9868,47.0,,0.8037089582488852,0.5720588000574661,0.40437605613972144,0.5618360646193995,0.5822815354955327,Gujarat,Anand
17018,crim_magisterial,122722,6.0,52.0,0.36695946936979523,0.16376796519956038,0.07336447418207953,0.16153259046353033,0.16600333993559044,Gujarat,Anand
17018,crim_sessions,2458,18.0,72.0,0.6314076484947112,0.2778625776248539,0.14637258773483489,0.258228904420786,0.2974962508289218,Gujarat,Anand
17018,other,11520,22.0,73.0,0.6598090277777778,0.32952516945689586,0.14860897712955143,0.3202784990613259,0.33877183985246584,Gujarat,Anand
17019,civ_execution,8402,24.0,82.0,0.7050702213758628,0.31354149892549565,0.18529588629028731,0.30169655417191354,0.32538644367907776,Gujarat,Banaskanth at Palanpur
17019,civ_mact,14973,4.0,102.0,0.44573565751686356,0.27188689119020193,0.18678920140624092,0.26433431031307497,0.2794394720673289,Gujarat,Banaskanth at Palanpur
17019,civ_misc,2464,61.0,98.0,0.8311688311688312,0.7247919706640122,0.524110502195838,0.7064438381165444,0.74314010321148,Gujarat,Banaskanth at Palanpur
17019,civ_suit,6135,32.0,105.0,0.7010594947025263,0.45787132550735155,0.2894332440450386,0.44476534833400483,0.47097730268069826,Gujarat,Banaskanth at Palanpur
17019,crim_magisterial,155786,7.0,57.0,0.39418818122295984,0.19387137343933786,0.08817381685937474,0.19172270342601105,0.19602004345266466,Gujarat,Banaskanth at Palanpur
17019,crim_sessions,3188,16.0,64.0,0.5884567126725221,0.2403344057489202,0.11547802655999541,0.2234878176382861,0.25718099385955434,Gujarat,Banaskanth at Palanpur
17019,other,12120,14.0,73.0,0.524917491749175,0.27579800627974677,0.1591920508349599,0.2673398014006512,0.2842562111588423,Gujarat,Banaskanth at Palanpur
17020,civ_execution,5327,19.0,87.0,0.6063450347287405,0.3348101527394423,0.17815086845517458,0.3211516828816323,0.3484686225972523,Gujarat,Bharuch
17020,civ_mact,12855,13.0,,0.5000388953714507,0.3364473179358266,0.19918442255471816,0.3280396971103332,0.34485493876132,Gujarat,Bharuch
17020,civ_misc,7436,19.0,78.0,0.5404787520172136,0.3273350668907063,0.12505058845646136,0.31638035873709097,0.3382897750443216,Gujarat,Bharuch
17020,civ_suit,10027,45.0,,0.7961503939363718,0.5710059008018965,0.3858538879983363,0.5607265534876741,0.5812852481161189,Gujarat,Bharuch
17020,crim_magisterial,196089,2.0,37.0,0.2404571393601885,0.10115067085767299,0.048346318820590053,0.09970557511021237,0.1025957666051336,Gujarat,Bharuch
17020,crim_sessions,2430,17.0,75.0,0.5802469135802468,0.2638343381980348,0.13703187100424766,0.2444197702459353,0.2832489061501343,Gujarat,Bharuch
17020,other,17242,21.0,82.0,0.6043962417352976,0.35252129767095153,0.194122577314494,0.3449435094762398,0.36009908586566325,Gujarat,Bharuch
17021,civ_execution,9765,30.0,82.0,0.7665130568356372,0.4236916049991972,0.2106842114042653,0.4120643697418385,0.43531884025655593,Gujarat,Bhavnagar
17021,civ_mact,7695,22.0,95.0,0.6020792722547109,0.34126923667555803,0.23252925059046423,0.3302962772034697,0.35224219614764635,Gujarat,Bhavnagar
17021,civ_misc,3069,22.0,74.0,0.6164874551971328,0.37996254700022575,0.12256610728766208,0.3614281986427539,0.3984968953576976,Gujarat,Bhavnagar
17021,civ_suit,14969,21.0,90.0,0.6230209098804195,0.3325066258978979,0.20944318012819838,0.324543402424806,0.34046984937098984,Gujarat,Bhavnagar
17021,crim_magisterial,161596,5.0,60.0,0.37610460654966704,0.18933396258211171,0.09885907489099262,0.1872457162834714,0.19142220888075204,Gujarat,Bhavnagar
17021,crim_sessions,3102,18.0,70.0,0.59284332688588,0.2990930913382641,0.14349805843630936,0.2814842088729544,0.31670197380357384,Gujarat,Bhavnagar
17021,other,41733,13.0,93.0,0.5097404931349291,0.3104888856515778,0.17969803170611362,0.30567065699828955,0.315307114304866,Gujarat,Bhavnagar
17022,civ_execution,3115,23.0,74.0,0.8064205457463883,0.3131816340486363,0.13221759882909873,0.29674897515932397,0.32961429293794864,Gujarat,Dahod
17022,civ_mact,5356,47.0,106.0,0.7378640776699028,0.5638994497099353,0.43901458697311635,0.5505642176468322,0.5772346817730385,Gujarat,Dahod
17022,civ_misc,1714,48.0,94.0,0.9457409568261378,0.7199076728910093,0.46052326048938963,0.6985254877307648,0.7412898580512538,Gujarat,Dahod
17022,civ_suit,3308,37.0,92.0,0.7762998790810159,0.5100320003591854,0.2880474577065743,0.49267922245717416,0.5273847782611967,Gujarat,Dahod
17022,crim_magisterial,65778,6.0,60.0,0.3530663747757609,0.17619421509029748,0.09835321801258105,0.17322465451499575,0.1791637756655992,Gujarat,Dahod
17022,crim_sessions,2193,13.0,53.0,0.528499772001824,0.18507221676950852,0.0782218567907284,0.1681571939431484,0.20198723959586865,Gujarat,Dahod
17022,other,9671,8.0,63.0,0.4309792162134215,0.1981580006635571,0.1330943040462497,0.190095595498948,0.2062204058281662,Gujarat,Dahod
17023,civ_execution,3904,44.0,,0.8637295081967212,0.5542580189606058,0.3758038891185608,0.5367680139771094,0.5717480239441022,Gujarat,Jamnagar
17023,civ_mact,10364,1.0,92.0,0.333172520262447,0.25186516321691016,0.1956352434848769,0.24335966915115706,0.26037065728266323,Gujarat,Jamnagar
17023,civ_misc,1465,77.0,,0.8914675767918089,0.7173213744035646,0.6534248460245252,0.6932733404062927,0.7413694084008364,Gujarat,Jamnagar
17023,civ_suit,6916,26.0,,0.6701850780798149,0.4208469330557895,0.28400394355656133,0.40859196505104733,0.4331019010605317,Gujarat,Jamnagar
17023,crim_magisterial,126346,9.0,64.0,0.4472401184050148,0.21404502834561423,0.1099906494471963,0.211588081155266,0.21650197553596245,Gujarat,Jamnagar
17023,crim_sessions,2435,20.0,,0.6332648870636549,0.3370607780487843,0.2193957284823105,0.3168672596463476,0.35725429645122103,Gujarat,Jamnagar
17023,other,14924,26.0,81.0,0.67642723130528,0.38205416922415225,0.17932541116258044,0.37386365328838506,0.39024468515991945,Gujarat,Jamnagar
17024,civ_execution,5360,30.0,91.0,0.7485074626865672,0.4206847924157523,0.2861175006817721,0.4062650669879999,0.4351045178435047,Gujarat,Junagadh
17024,civ_mact,7513,7.0,89.0,0.45068547850392643,0.3221304683066384,0.2236156503358115,0.3113945213367004,0.33286641527657634,Gujarat,Junagadh
17024,civ_misc,2414,56.0,,0.9022369511184757,0.6897964952886119,0.46747673639553056,0.670735638538789,0.7088573520384347,Gujarat,Junagadh
17024,civ_suit,10974,16.0,79.0,0.5614178968470932,0.2852433123231788,0.16950860706772913,0.27646412043690266,0.2940225042094549,Gujarat,Junagadh
17024,crim_magisterial,110863,5.0,47.0,0.34745586895537733,0.143838718531286,0.06145225828754622,0.14163024589703146,0.14604719116554052,Gujarat,Junagadh
17024,crim_sessions,2581,21.0,87.0,0.6361875242154206,0.32126019073812645,0.1805868820075729,0.3022491194815887,0.3402712619946642,Gujarat,Junagadh
17024,other,14396,17.0,79.0,0.597735482078355,0.3391757020658726,0.19586127046347004,0.33118291682041967,0.34716848731132555,Gujarat,Junagadh
17025,civ_execution,4761,32.0,92.0,0.8174753203108589,0.4258487115990648,0.2273555518298909,0.4089966532067546,0.442700769991375,Gujarat,Kheda at Nadiad
17025,civ_mact,22534,7.0,71.0,0.43063814680039053,0.2661248302365216,0.14265322779053302,0.2601523168531636,0.27209734361987964,Gujarat,Kheda at Nadiad
17025,civ_misc,2351,29.0,83.0,0.6388770735857082,0.45433847747917405,0.3124103874374066,0.4332159694005359,0.4754609855578122,Gujarat,Kheda at Nadiad
17025,civ_suit,8663,48.0,,0.7594366847512409,0.5772963388451979,0.42613016152476296,0.5663592482861931,0.5882334294042028,Gujarat,Kheda at Nadiad
17025,crim_magisterial,158883,5.0,54.0,0.3411944638507582,0.16312841569074357,0.0853467873626714,0.1611433179136172,0.16511351346786995,Gujarat,Kheda at Nadiad
17025,crim_sessions,3124,9.0,52.0,0.40140845070422543,0.16136203207711602,0.07749175114640569,0.14654414868349647,0.17617991547073558,Gujarat,Kheda at Nadiad
17025,other,20292,11.0,65.0,0.4735363690124186,0.23375555115146446,0.11756214681739206,0.2275247447287467,0.2399863575741822,Gujarat,Kheda at Nadiad
17026,civ_execution,6857,34.0,90.0,0.7548490593554033,0.46189733854947945,0.21950688389837883,0.4487921373698579,0.475002539729101,Gujarat,kachchh at Bhuj
17026,civ_mact,16195,10.0,93.0,0.48286508181537513,0.3313449375042043,0.21378527968349478,0.3238801788440588,0.3388096961643498,Gujarat,kachchh at Bhuj
17026,civ_misc,1424,50.0,,0.8560393258426966,0.6058442749094314,0.3740885920954378,0.5773568771351437,0.634331672683719,Gujarat,kachchh at Bhuj
17026,civ_suit,10936,41.0,,0.7871250914411119,0.5355325366589857,0.37725760256268687,0.5256326649313822,0.5454324083865892,Gujarat,kachchh at Bhuj
17026,crim_magisterial,129465,7.0,69.0,0.41653728807013474,0.22276017899816203,0.12291367799886076,0.2203277382621754,0.22519261973414867,Gujarat,kachchh at Bhuj
17026,crim_sessions,3220,22.0,73.0,0.6673913043478261,0.32917749992981754,0.15935089858175544,0.3116288563115427,0.3467261435480924,Gujarat,kachchh at Bhuj
17026,other,15353,30.0,,0.6954341171106625,0.43626753026123494,0.26707902036674475,0.42765300672533924,0.44488205379713064,Gujarat,kachchh at Bhuj
17027,civ_execution,3494,22.0,77.0,0.6831711505437892,0.35283648462491773,0.17661298143634813,0.3364766162621095,0.36919635298772596,Gujarat,Panchmahal at Godhra
17027,civ_mact,21484,13.0,89.0,0.5018153044125863,0.3753681430556215,0.24467993488872644,0.36873461591428164,0.38200167019696135,Gujarat,Panchmahal at Godhra
17027,civ_misc,4548,26.0,83.0,0.6130167106420404,0.289394180854251,0.1487891377982893,0.275409751821902,0.3033786098866,Gujarat,Panchmahal at Godhra
17027,civ_suit,5389,44.0,,0.8103544256819446,0.5485331331224188,0.3550990061223017,0.5344490072572496,0.562617258987588,Gujarat,Panchmahal at Godhra
17027,crim_magisterial,88280,10.0,74.0,0.4595831445400998,0.2479237057058464,0.1390440003615973,0.24487526220167238,0.2509721492100204,Gujarat,Panchmahal at Godhra
17027,crim_sessions,2840,12.0,60.0,0.49647887323943657,0.17534464586399376,0.09580444636973255,0.1601498601694245,0.190539431558563,Gujarat,Panchmahal at Godhra
17027,other,13414,26.0,94.0,0.6564037572685256,0.4285969001425577,0.28228060164217156,0.4197940094812185,0.4373997908038969,Gujarat,Panchmahal at Godhra
17028,civ_execution,3290,17.0,51.0,0.6145896656534955,0.18420795879983604,0.06822885355803784,0.16987002797136055,0.19854588962831152,Gujarat,Patan
17028,civ_mact,7965,1.0,81.0,0.3846829880728187,0.3047318438862894,0.20571494391078962,0.29458407065876424,0.3148796171138145,Gujarat,Patan
17028,civ_misc,1358,51.0,80.0,0.9484536082474229,0.8181104893748665,0.3332849168179497,0.7974940729192375,0.8387269058304956,Gujarat,Patan
17028,civ_suit,3909,30.0,93.0,0.710667689946278,0.4310200292625483,0.2694394373613864,0.4152122743799515,0.44682778414514507,Gujarat,Patan
17028,crim_magisterial,88587,4.0,42.0,0.2871414541637035,0.11687503284310403,0.057198506272979725,0.11470240023198928,0.11904766545421878,Gujarat,Patan
17028,crim_sessions,1417,16.0,56.0,0.5659844742413549,0.21376396566496467,0.08400835834717224,0.19191921006822432,0.235608721261705,Gujarat,Patan
17028,other,6254,10.0,49.0,0.4473936680524465,0.1747478663789499,0.05687863003893789,0.16511568911477545,0.18438004364312435,Gujarat,Patan
17029,civ_execution,3532,24.0,67.0,0.7284824462061155,0.36144239834520614,0.1373756569079578,0.3445238533300397,0.37836094336037257,Gujarat,Sabarkantha at Himmatnagar
17029,civ_mact,10936,1.0,77.0,0.3796634967081199,0.25551900137409894,0.13498077497193584,0.24712183679040642,0.2639161659577915,Gujarat,Sabarkantha at Himmatnagar
17029,civ_misc,859,40.0,,0.731082654249127,0.517842230408622,0.37652400378207146,0.4828298388202127,0.5528546219970313,Gujarat,Sabarkantha at Himmatnagar
17029,civ_suit,3065,38.0,,0.7895595432300162,0.5127502932662188,0.3360715360775875,0.4938594453050129,0.5316411412274247,Gujarat,Sabarkantha at Himmatnagar
17029,crim_magisterial,109573,8.0,62.0,0.4344500926323091,0.23084461530319483,0.10449477394926979,0.22811516884517472,0.23357406176121495,Gujarat,Sabarkantha at Himmatnagar
17029,crim_sessions,3775,4.0,45.0,0.29536423841059606,0.12711638487090426,0.06391861169154583,0.11586322332543664,0.1383695464163719,Gujarat,Sabarkantha at Himmatnagar
17029,other,7631,17.0,68.0,0.577905910103525,0.2921297449929342,0.13547246807247323,0.2811795481399084,0.30307994184596,Gujarat,Sabarkantha at Himmatnagar
17030,civ_execution,6978,20.0,66.0,0.622957867583835,0.3000712996971693,0.13517684599740307,0.28808233784852744,0.3120602615458111,Gujarat,Surendranagar
17030,civ_mact,6137,20.0,77.0,0.5520612677203846,0.3427129664776467,0.20042285520675313,0.3306232972956965,0.3548026356595969,Gujarat,Surendranagar
17030,civ_misc,2826,58.0,87.0,0.7876857749469213,0.6480730356461173,0.4939225076340308,0.6302953086230755,0.6658507626691591,Gujarat,Surendranagar
17030,civ_suit,12408,12.0,75.0,0.48960348162475814,0.2134517490950976,0.1356788752538578,0.20581176931192793,0.22109172887826725,Gujarat,Surendranagar
17030,crim_magisterial,81707,5.0,53.0,0.3495538937912296,0.15910986680237596,0.08155970388292214,0.1564079924119981,0.16181174119275382,Gujarat,Surendranagar
17030,crim_sessions,2487,11.0,59.0,0.47848813831926,0.21068539016622181,0.0899842417627638,0.19263576515444836,0.22873501517799527,Gujarat,Surendranagar
17030,other,12498,12.0,63.0,0.48887822051528246,0.2268988621093071,0.10694141733921622,0.21933522637163613,0.23446249784697806,Gujarat,Surendranagar
17031,civ_execution,11382,38.0,83.0,0.8350026357406435,0.5188026622166003,0.2855930278260839,0.5089935078965935,0.5286118165366072,Gujarat,Vadodara
17031,civ_mact,22712,7.0,90.0,0.46261887988728434,0.30583389906083414,0.20903359504373617,0.29967056914385753,0.31199722897781074,Gujarat,Vadodara
17031,civ_misc,3466,33.0,93.0,0.6964800923254473,0.4573363412508533,0.268361176555993,0.43963912560928897,0.47503355689241766,Gujarat,Vadodara
17031,civ_suit,19757,52.0,,0.7843802196689781,0.6061201743563467,0.4420512612667563,0.5989901831029113,0.6132501656097821,Gujarat,Vadodara
17031,crim_magisterial,305911,6.0,89.0,0.4229694257480116,0.28658508968877017,0.18849612985843658,0.28492797217618204,0.2882422072013583,Gujarat,Vadodara
17031,crim_sessions,5129,21.0,79.0,0.6379411191265354,0.3388949871529431,0.19103113360409724,0.32423976265973103,0.35355021164615513,Gujarat,Vadodara
17031,other,45641,32.0,101.0,0.7512981748866152,0.4411194418449083,0.23793382666042745,0.43631762746768726,0.44592125622212936,Gujarat,Vadodara
17032,civ_execution,907,32.0,96.0,0.7684674751929438,0.43920404324899354,0.24771810530264987,0.401332306441635,0.4770757800563521,Gujarat,Navsari
17032,civ_mact,2027,29.0,91.0,0.6916625555007401,0.42793848828416,0.29058730301913965,0.4055659475170368,0.4503110290512832,Gujarat,Navsari
17032,civ_misc,552,67.0,,0.7355072463768118,0.6400479400812008,0.5459242419271961,0.5990557126272863,0.6810401675351153,Gujarat,Navsari
17032,civ_suit,4161,48.0,,0.7788993030521509,0.567062038159153,0.4364155928624983,0.5511293918612851,0.582994684457021,Gujarat,Navsari
17032,crim_magisterial,104797,1.0,51.0,0.2514194108609979,0.13512147173080055,0.08126847021417906,0.13288906210098966,0.13735388136061144,Gujarat,Navsari
17032,crim_sessions,986,26.0,,0.7048681541582151,0.39242188373955267,0.23132696831379138,0.3596076398510864,0.42523612762801893,Gujarat,Navsari
17032,other,5170,15.0,94.0,0.5425531914893617,0.3176009266872944,0.2059726718677646,0.3042677227846047,0.3309341305899841,Gujarat,Navsari
17033,civ_execution,979,28.0,76.0,0.7589376915219613,0.4030633944575452,0.22583954969167322,0.3678022645263823,0.43832452438870806,Gujarat,Narmada
17033,civ_mact,3542,11.0,46.0,0.47176736307171085,0.17166689259433332,0.02440734898195842,0.15858779302195108,0.18474599216671556,Gujarat,Narmada
17033,civ_misc,882,22.0,47.0,0.7006802721088436,0.16514863801736895,0.03192106361407471,0.13976687190893725,0.19053040412580066,Gujarat,Narmada
17033,civ_suit,2718,46.0,,0.8443708609271523,0.6043254492036501,0.37429335144066117,0.5841683740682865,0.6244825243390136,Gujarat,Narmada
17033,crim_magisterial,33556,4.0,45.0,0.28862200500655616,0.12699437064434377,0.05903418837893736,0.12311608871374047,0.13087265257494707,Gujarat,Narmada
17033,crim_sessions,895,7.0,47.0,0.3709497206703911,0.1653559185004307,0.05547411436703468,0.1360204639022532,0.19469137309860818,Gujarat,Narmada
17033,other,2087,7.0,63.0,0.36367992333493065,0.1897216385942331,0.10592766101119164,0.17127857529159474,0.20816470189687147,Gujarat,Narmada
17034,civ_execution,306,11.0,45.0,0.4215686274509806,0.1184977832680175,0.04083615915697834,0.08010614865416593,0.15688941788186908,Gujarat,Tapi
17034,civ_mact,1698,13.0,64.0,0.5141342756183745,0.26096214750745694,0.10871788477933048,0.23989655277909655,0.28202774223581734,Gujarat,Tapi
17034,civ_misc,664,27.0,92.0,0.7936746987951808,0.25003195239958637,0.19366929124711713,0.21559501137863385,0.2844688934205389,Gujarat,Tapi
17034,civ_suit,1355,39.0,98.0,0.774169741697417,0.522589147930138,0.3084509273277185,0.49564182804112433,0.5495364678191517,Gujarat,Tapi
17034,crim_magisterial,34031,6.0,47.0,0.350739032059005,0.14399381541662212,0.05601378529537583,0.1402208063885995,0.14776682444464476,Gujarat,Tapi
17034,crim_sessions,362,11.0,55.0,0.4530386740331493,0.18019834220593317,0.07661061510684314,0.13879188472155124,0.2216047996903151,Gujarat,Tapi
17034,other,2427,1.0,34.0,0.30325504738360115,0.09474914942335531,0.04460780966393741,0.08282871176000364,0.10666958708670699,Gujarat,Tapi
17035,civ_execution,2066,38.0,86.0,0.8707647628267182,0.5074014592486529,0.32574913094579533,0.48351112626662646,0.5312917922306793,Gujarat,Valsad
17035,civ_mact,2224,53.0,,0.7742805755395681,0.5902798322372931,0.46046728037500545,0.5687965812719326,0.6117630832026536,Gujarat,Valsad
17035,civ_misc,1212,49.0,,0.8176567656765676,0.6054652357893977,0.39211008870226843,0.5766970793875609,0.6342333921912345,Gujarat,Valsad
17035,civ_suit,3537,42.0,,0.8221656771275092,0.5530592450915561,0.34276301605874465,0.5356615646231432,0.5704569255599691,Gujarat,Valsad
17035,crim_magisterial,101232,6.0,62.0,0.3836138770349296,0.19183882499366012,0.10451745321118094,0.18915196041976684,0.1945256895675534,Gujarat,Valsad
17035,crim_sessions,1454,23.0,,0.6815680880330125,0.39290955067153743,0.2687941159054769,0.3659168051706203,0.41990229617245456,Gujarat,Valsad
17035,other,9634,35.0,,0.7265933153414987,0.490704424288224,0.30514740603173846,0.48024740247818487,0.5011614460982631,Gujarat,Valsad
17036,civ_execution,2121,25.0,82.0,0.6841112682696838,0.35929669902138994,0.19015980206302938,0.33831506190940086,0.380278336133379,Gujarat,Porbandar
17036,civ_mact,1384,20.0,98.0,0.5354046242774567,0.41678345141337664,0.2900442012368844,0.3902430659424012,0.44332383688435206,Gujarat,Porbandar
17036,civ_misc,388,82.0,,0.8556701030927836,0.7552326844339071,0.6029686494996934,0.7118543215389527,0.7986110473288616,Gujarat,Porbandar
17036,civ_suit,2530,29.0,,0.699209486166008,0.43660921981796175,0.3118196889520397,0.4161836932653833,0.4570347463705402,Gujarat,Porbandar
17036,crim_magisterial,57653,4.0,40.0,0.3064541307477496,0.11583224575620862,0.04423130039490223,0.11298477167366998,0.11867971983874727,Gujarat,Porbandar
17036,crim_sessions,1082,17.0,95.0,0.5748613678373383,0.28034961555580223,0.18780262801820852,0.25115270084260777,0.3095465302689967,Gujarat,Porbandar
17036,other,4713,11.0,97.0,0.47888818162529184,0.29085654600509975,0.17925676748795707,0.27649825417806667,0.3052148378321328,Gujarat,Porbandar
17037,civ_execution,4217,13.0,66.0,0.5240692435380603,0.25653956266447964,0.11494982546125537,0.24306412027432406,0.2700150050546352,Gujarat,Gir Somnath at Veraval
17037,civ_mact,2804,4.0,69.0,0.37803138373751777,0.2403123786633499,0.13451621264593203,0.22429668352585733,0.25632807380084244,Gujarat,Gir Somnath at Veraval
17037,civ_misc,616,36.0,112.0,0.6753246753246751,0.4770553085025025,0.2573872768413114,0.43705874296299796,0.517051874042007,Gujarat,Gir Somnath at Veraval
17037,civ_suit,8945,14.0,75.0,0.5346003353828953,0.24013689624855244,0.13889098530828095,0.23107598847730393,0.24919780401980096,Gujarat,Gir Somnath at Veraval
17037,crim_magisterial,63544,7.0,72.0,0.4103455873095808,0.20972335571838085,0.12833148722317977,0.2064855597174125,0.2129611517193492,Gujarat,Gir Somnath at Veraval
17037,crim_sessions,1040,18.0,66.0,0.6336538461538461,0.2669025005469684,0.12520082174501487,0.2394623355846039,0.2943426655093329,Gujarat,Gir Somnath at Veraval
17037,other,13814,10.0,45.0,0.41479658317648777,0.14197824520047442,0.06323808864677681,0.13603564836149035,0.1479208420394585,Gujarat,Gir Somnath at Veraval
17038,civ_execution,1069,14.0,49.0,0.5416276894293733,0.16315063357004636,0.05544346709633728,0.14076387905693089,0.18553738808316184,Gujarat,Aravalli at Modasa
17038,civ_mact,6418,15.0,63.0,0.5266438142723591,0.3534910379382466,0.1149532680194274,0.3417253459271262,0.365256729949367,Gujarat,Aravalli at Modasa
17038,civ_misc,1157,55.0,92.0,0.8902333621434746,0.6864628373905103,0.4783655377516146,0.6583838097153099,0.7145418650657107,Gujarat,Aravalli at Modasa
17038,civ_suit,1850,32.0,89.0,0.7800000000000001,0.4572241329371562,0.2606857191899804,0.434041085556048,0.4804071803182644,Gujarat,Aravalli at Modasa
17038,crim_magisterial,65801,3.0,50.0,0.300056230148478,0.1374750550965733,0.0764645548467475,0.1347764794713548,0.1401736307217918,Gujarat,Aravalli at Modasa
17038,crim_sessions,1897,4.0,55.0,0.2609383236689509,0.14320664865237667,0.08585234275373078,0.12712867449867377,0.15928462280607958,Gujarat,Aravalli at Modasa
17038,other,2151,15.0,68.0,0.5490469549046955,0.2658994211173827,0.12476915605525518,0.24654416370267423,0.28525467853209113,Gujarat,Aravalli at Modasa
17039,civ_execution,2172,16.0,60.0,0.6123388581952116,0.2783015216010743,0.09962830252003774,0.25689690544955524,0.29970613775259336,Gujarat,MORBI
17039,civ_mact,1154,20.0,,0.5693240901213172,0.4182671935933826,0.3512812930899836,0.3890646898050996,0.4474696973816656,Gujarat,MORBI
17039,civ_misc,2403,19.0,,0.9001248439450686,0.45251689777865084,0.4339007660211526,0.43247285713278183,0.47256093842451985,Gujarat,MORBI
17039,civ_suit,3735,36.0,,0.7467202141900937,0.499097224105596,0.37266812552156736,0.4823122784381026,0.5158821697730894,Gujarat,MORBI
17039,crim_magisterial,59402,3.0,55.0,0.33441634961785804,0.17015635173645585,0.08530217624768287,0.16655540308381753,0.17375730038909418,Gujarat,MORBI
17039,crim_sessions,1451,16.0,73.0,0.5720192970365265,0.2876517552922655,0.15430291488322168,0.2619930529304539,0.3133104576540771,Gujarat,MORBI
17039,other,5184,10.0,76.0,0.4681712962962962,0.29663147864554334,0.1620100063079054,0.28349383029428243,0.30976912699680426,Gujarat,MORBI
17040,civ_execution,1898,26.0,78.0,0.7439409905163331,0.3027815189964575,0.15591611706616088,0.28140629005754436,0.32415674793537064,Gujarat,Devbhumi Dwarka at Khambhaliya
17040,civ_mact,554,6.0,90.0,0.46209386281588444,0.3671873540136746,0.30867578640721316,0.32542684885661505,0.4089478591707341,Gujarat,Devbhumi Dwarka at Khambhaliya
17040,civ_misc,736,85.0,,0.9184782608695654,0.8417676277719184,0.7434286791256995,0.8149290180526677,0.868606237491169,Gujarat,Devbhumi Dwarka at Khambhaliya
17040,civ_suit,3347,22.0,88.0,0.7072004780400359,0.340003236717071,0.22242787535441716,0.3232671152803803,0.3567393581537617,Gujarat,Devbhumi Dwarka at Khambhaliya
17040,crim_magisterial,42574,6.0,59.0,0.38241649833231545,0.18120554147150386,0.09612952565170561,0.17709479117142657,0.18531629177158115,Gujarat,Devbhumi Dwarka at Khambhaliya
17040,crim_sessions,809,37.0,108.0,0.7391841779975281,0.5026310877003501,0.31010697501911055,0.4664131552481662,0.5388490201525341,Gujarat,Devbhumi Dwarka at Khambhaliya
17040,other,3303,23.0,90.0,0.6560702391765061,0.38085639579163905,0.20877124655434157,0.3632845910057254,0.3984282005775527,Gujarat,Devbhumi Dwarka at Khambhaliya
17041,civ_execution,1100,25.0,,0.6609090909090908,0.4243742774596095,0.27822973474392587,0.3938868636425955,0.45486169127662346,Gujarat,Chhota Udepur
17041,civ_mact,2192,53.0,,0.7080291970802919,0.5884477509908183,0.46013373122358814,0.5677472531049996,0.6091482488766369,Gujarat,Chhota Udepur
17041,civ_misc,473,92.0,,0.9577167019027485,0.8977620279031641,0.7135324714541799,0.8703468758123977,0.9251771799939305,Gujarat,Chhota Udepur
17041,civ_suit,2164,36.0,92.0,0.8063770794824399,0.4985479259547311,0.31199799346031626,0.4772168857173909,0.5198789661920712,Gujarat,Chhota Udepur
17041,crim_magisterial,56087,1.0,33.0,0.21978355055538715,0.09327224839290711,0.05042016552400597,0.09083701796979177,0.09570747881602246,Gujarat,Chhota Udepur
17041,crim_sessions,578,19.0,83.0,0.621107266435986,0.3464749044801627,0.19723698350507973,0.3054797069425955,0.3874701020177299,Gujarat,Chhota Udepur
17041,other,1149,29.0,91.0,0.6771105308964316,0.45680271970827063,0.32582873026334774,0.4275341925180972,0.48607124689844405,Gujarat,Chhota Udepur
17042,civ_execution,1354,15.0,103.0,0.8161004431314625,0.3488180189933912,0.23097970723749456,0.3203851927261133,0.3772508452606691,Gujarat,Mahisagar at Lunawada
17042,civ_mact,1836,82.0,,0.6988017429193899,0.637115976797005,0.5922347153830033,0.615008091176399,0.6592238624176111,Gujarat,Mahisagar at Lunawada
17042,civ_misc,2465,9.0,72.0,0.43204868154158216,0.3607529679496827,0.19729814714891475,0.34175382120676495,0.37975211469260045,Gujarat,Mahisagar at Lunawada
17042,civ_suit,1790,33.0,91.0,0.7899441340782122,0.44815158828592694,0.24673345583107487,0.42345968090399244,0.47284349566786144,Gujarat,Mahisagar at Lunawada
17042,crim_magisterial,27303,12.0,65.0,0.48426912793465904,0.22388095626070614,0.11104870981419437,0.21853479042922175,0.22922712209219054,Gujarat,Mahisagar at Lunawada
17042,crim_sessions,358,19.0,,0.5754189944134078,0.3808573546028311,0.23561566629860237,0.323677362137152,0.4380373470685102,Gujarat,Mahisagar at Lunawada
17042,other,3678,1.0,45.0,0.2381729200652528,0.12420440687330458,0.06476135616821872,0.112576184587137,0.13583262915947217,Gujarat,Mahisagar at Lunawada
17043,civ_execution,1137,16.0,68.0,0.6587510993843447,0.29150625615958115,0.13206828414452723,0.264734566730725,0.3182779455884373,Gujarat,BOTAD
17043,civ_suit,2283,10.0,45.0,0.39115199299167774,0.13718920379340746,0.05411247111279353,0.12297391944797513,0.15140448813883978,Gujarat,BOTAD
17043,crim_magisterial,23972,1.0,29.0,0.22467879192391121,0.07230794538181134,0.025881070418287258,0.06898362608115365,0.07563226468246904,Gujarat,BOTAD
17043,other,2571,5.0,6.0,0.0264488525865422,0.016482706296182672,0.0029968556902150306,0.01106835359173803,0.021897059000627314,Gujarat,BOTAD
18001,civ_family,1814,7.0,22.0,0.23068279497350097,0.04120592168344201,0.003349762908522574,0.030521962716023858,0.051889880650860164,Chhattisgarh,Korba
18001,civ_mact,2299,20.0,52.0,0.7093427610974242,0.21976830105269693,0.049009344193791105,0.19999288837173107,0.2395437137336628,Chhattisgarh,Korba
18001,civ_misc,2717,18.0,77.0,0.5796845682030298,0.32254987560220016,0.18317115193405223,0.3031428221740792,0.34195692903032116,Chhattisgarh,Korba
18001,civ_suit,1628,33.0,86.0,0.7846587360636904,0.47270928221326797,0.30095078433628963,0.4460905566574352,0.49932800776910075,Chhattisgarh,Korba
18001,crim_bail,1065,0.0,0.0,,,,,,Chhattisgarh,Korba
18001,crim_magisterial,33731,6.0,64.0,0.41843876518321843,0.22591037696332872,0.12147918360683482,0.2210263409368414,0.23079441298981604,Chhattisgarh,Korba
18001,crim_sessions,2075,11.0,38.0,0.4480033448362476,0.10480973313822911,0.03512214067817942,0.08808650252632456,0.12153296375013366,Chhattisgarh,Korba
18002,civ_execution,3486,30.0,70.0,0.6942310688585526,0.4113344285483676,0.17608465475459215,0.3924096425715461,0.4302592145251891,Chhattisgarh,Bilaspur
18002,civ_family,2222,8.0,36.0,0.36658293807851683,0.09977811154258792,0.023462448133990496,0.08283208154570965,0.1167241415394662,Chhattisgarh,Bilaspur
18002,civ_mact,5158,16.0,38.0,0.6338650747014974,0.10795929351215353,0.024804034840946423,0.09777064573125054,0.11814794129305652,Chhattisgarh,Bilaspur
18002,civ_misc,6227,22.0,72.0,0.6608856432711048,0.3526012671075089,0.18609973565229843,0.33950467569463644,0.36569785852038134,Chhattisgarh,Bilaspur
18002,civ_suit,6845,29.0,80.0,0.7126823209397604,0.4340935983390362,0.23565660852330056,0.4209538293699357,0.44723336730813673,Chhattisgarh,Bilaspur
18002,crim_bail,3143,0.0,0.0,,,,,,Chhattisgarh,Bilaspur
18002,crim_magisterial,57045,8.0,73.0,0.43008554794154613,0.25799906553903856,0.16831828130977267,0.25383434954635153,0.2621637815317256,Chhattisgarh,Bilaspur
18002,crim_sessions,5879,13.0,45.0,0.5271764302458963,0.15980387121138243,0.021626639188968337,0.14951670139783865,0.1700910410249262,Chhattisgarh,Bilaspur
18002,other,47270,0.0,35.0,0.15499832180425852,0.09731947007093876,0.05227139177494343,0.09438645166990467,0.10025248847197285,Chhattisgarh,Bilaspur
18003,civ_execution,5397,58.0,90.0,0.8517612638487654,0.6699747796715569,0.45692385636361765,0.6557381281676313,0.6842114311754826,Chhattisgarh,Raipur
18003,civ_family,5090,8.0,32.0,0.32494468967055073,0.07282845369643733,0.017930275946456513,0.06409912312111768,0.08155778427175697,Chhattisgarh,Raipur
18003,civ_mact,6559,20.0,49.0,0.6906343354496297,0.2061285247030326,0.04930444228608939,0.19505149020476853,0.2172055592012967,Chhattisgarh,Raipur
18003,civ_misc,9546,14.0,59.0,0.5267384211451197,0.20551448839329173,0.0976389051489597,0.1960239929504374,0.21500498383614605,Chhattisgarh,Raipur
18003,civ_suit,6216,37.0,87.0,0.7907881953480502,0.5087158114351227,0.29274781086025825,0.49466172739930814,0.5227698954709372,Chhattisgarh,Raipur
18003,crim_bail,8899,0.0,0.0,0.00012485797405451326,,,,,Chhattisgarh,Raipur
18003,crim_magisterial,183282,0.0,67.0,0.34191660167449806,0.2249038536413079,0.1268569592558757,0.22279326724495183,0.227014440037664,Chhattisgarh,Raipur
18003,crim_sessions,4114,12.0,41.0,0.4967448092409013,0.1351452398560537,0.05574727974072947,0.12207298204287036,0.14821749766923703,Chhattisgarh,Raipur
18003,other,973,5.0,65.0,0.38685625404336654,0.26176693931902106,0.1260224844005844,0.22916086246112713,0.294373016176915,Chhattisgarh,Raipur
18004,civ_mact,3088,15.0,42.0,0.567121245074553,0.1658490989252632,0.03459379261150774,0.1511349775829325,0.1805632202675939,Chhattisgarh,Surguja
18004,civ_misc,1755,26.0,62.0,0.7198002917769201,0.3497794126764876,0.1120004422546708,0.32388831538707397,0.37567050996590123,Chhattisgarh,Surguja
18004,civ_suit,3736,32.0,83.0,0.7564434376170621,0.45733757450276413,0.2665635466298696,0.43896085560802955,0.4757142933974987,Chhattisgarh,Surguja
18004,crim_bail,3367,0.0,1.0,,,,,,Chhattisgarh,Surguja
18004,crim_magisterial,23295,29.0,74.0,0.6514892913488274,0.4352879363194234,0.22818545114910854,0.4283213091984819,0.44225456344036496,Chhattisgarh,Surguja
18004,crim_sessions,1789,15.0,46.0,0.580302402269111,0.15468671565990494,0.028840821938531658,0.13483988143617343,0.17453354988363645,Chhattisgarh,Surguja
18004,other,3143,32.0,71.0,0.6921340782829207,0.45251987171867686,0.21043839406299136,0.4337205864151229,0.4713191570222308,Chhattisgarh,Surguja
18005,civ_execution,436,59.0,97.0,0.8302525944134179,0.6464618188155948,0.43616714963253633,0.5966988083532497,0.6962248292779399,Chhattisgarh,Dhamtari
18005,civ_family,486,6.0,18.0,0.18327385212256625,0.02234971412708913,,0.004289347581850286,0.04041008067232797,Chhattisgarh,Dhamtari
18005,civ_mact,2318,11.0,38.0,0.4213626760651691,0.10579855154176332,0.047898363387581966,0.09175661481345644,0.1198404882700702,Chhattisgarh,Dhamtari
18005,civ_misc,1441,21.0,58.0,0.640833692282637,0.2698584923893255,0.07951638754509059,0.24337119279676298,0.29634579198188804,Chhattisgarh,Dhamtari
18005,civ_suit,2064,41.0,83.0,0.837586449615322,0.5541142461400073,0.31364883317570874,0.530139934634279,0.5780885576457355,Chhattisgarh,Dhamtari
18005,crim_bail,1324,0.0,0.0,,,,,,Chhattisgarh,Dhamtari
18005,crim_magisterial,21515,1.0,39.0,0.25800850486108307,0.11088246687534994,0.042914945411402276,0.10604887518216218,0.11571605856853771,Chhattisgarh,Dhamtari
18005,crim_sessions,1087,5.0,17.0,0.15260615993611132,0.033572396604033765,0.004069381406549547,0.017167982968374372,0.04997681023969316,Chhattisgarh,Dhamtari
18006,civ_execution,1963,52.0,94.0,0.8656243345597496,0.6687211815420941,0.4441719010937467,0.645525983786353,0.6919163792978353,Chhattisgarh,Raigarh
18006,civ_mact,2071,18.0,57.0,0.667383441950433,0.21599305865818855,0.08786590681218653,0.19589193123700288,0.2360941860793742,Chhattisgarh,Raigarh
18006,civ_misc,6106,7.0,61.0,0.4098063327561555,0.19395655780045798,0.10184025626517612,0.18312223601851046,0.2047908795824055,Chhattisgarh,Raigarh
18006,civ_suit,3837,35.0,90.0,0.7087916082693867,0.48493138691382737,0.3249558814446618,0.46749220811164816,0.5023705657160066,Chhattisgarh,Raigarh
18006,crim_bail,5148,0.0,1.0,0.00038850038850038823,,,,,Chhattisgarh,Raigarh
18006,crim_magisterial,45653,16.0,80.0,0.5340950616267144,0.36861625960040745,0.2317739234785632,0.3637688375680505,0.3734636816327644,Chhattisgarh,Raigarh
18006,crim_sessions,2068,10.0,32.0,0.388278915327543,0.07843179549124214,0.021378067047778067,0.0658254947225161,0.09103809625996818,Chhattisgarh,Raigarh
18006,other,1233,26.0,78.0,0.6682033639796074,0.39470730303974344,0.2683506285873729,0.3647212065731666,0.4246933995063203,Chhattisgarh,Raigarh
18007,civ_execution,1302,36.0,89.0,0.7148095274899234,0.4997885585025438,0.30776155048573095,0.46864101336546926,0.5309361036396183,Chhattisgarh,Durg
18007,civ_family,716,6.0,39.0,0.3322775119464982,0.11455669364580508,0.048632236797541,0.08800934070619004,0.1411040465854201,Chhattisgarh,Durg
18007,civ_mact,3202,22.0,49.0,0.7492016408082658,0.2217054993476185,0.039726747213271435,0.2051340497743579,0.23827694892087908,Chhattisgarh,Durg
18007,civ_misc,1601,20.0,69.0,0.6326645333115135,0.33077318875933176,0.16362669259748028,0.3031613186358273,0.3583850588828362,Chhattisgarh,Durg
18007,civ_suit,7303,23.0,87.0,0.6159983044729356,0.40319127588158765,0.2645826914085387,0.3903610442094922,0.4160215075536831,Chhattisgarh,Durg
18007,crim_bail,7066,0.0,0.0,,,,,,Chhattisgarh,Durg
18007,crim_magisterial,93101,17.0,86.0,0.5333232781688535,0.379692240542303,0.2727199063519875,0.37625767084742767,0.3831268102371783,Chhattisgarh,Durg
18007,crim_sessions,1957,16.0,58.0,0.6040417652396188,0.20469199578410296,0.09154265495224055,0.18313048909778343,0.2262535024704225,Chhattisgarh,Durg
18007,other,11212,20.0,71.0,0.6125539439065945,0.3612496829942952,0.17438916469668908,0.3518992279502794,0.37060013803831104,Chhattisgarh,Durg
18009,civ_execution,236,23.0,53.0,0.7919972142377557,0.2528092926239848,0.062376850423269646,0.19207082645675377,0.3135477587912159,Chhattisgarh,Kawardha
18009,civ_mact,1683,13.0,39.0,0.500562805710951,0.1205577023895937,0.006744069106253347,0.10337489919645935,0.13774050558272802,Chhattisgarh,Kawardha
18009,civ_misc,1152,13.0,48.0,0.5163436270023503,0.17071135770320095,0.03759482948761923,0.1428765721288616,0.1985461432775403,Chhattisgarh,Kawardha
18009,civ_suit,1319,20.0,60.0,0.634059546788656,0.280354753630241,0.08819768251060423,0.2532133633726257,0.3074961438878563,Chhattisgarh,Kawardha
18009,crim_bail,2196,0.0,1.0,0.00045537340619307865,,,,,Chhattisgarh,Kawardha
18009,crim_magisterial,24894,5.0,49.0,0.35110229077112953,0.16075773622228404,0.04846968358588596,0.1555676346027402,0.16594783784182787,Chhattisgarh,Kawardha
18009,crim_sessions,1268,6.0,34.0,0.2731700459193384,0.09022283377905571,0.0199249802167738,0.07153641679556612,0.1089092507625453,Chhattisgarh,Kawardha
18009,other,301,4.0,21.0,0.20576297962071372,0.03450854980222167,0.004313568725277709,0.011397869530447441,0.0576192300739959,Chhattisgarh,Kawardha
18010,civ_execution,626,23.0,82.0,0.6122648644756207,0.41233550231091115,0.22229921202133934,0.3714296199169713,0.453241384704851,Chhattisgarh,Rajnandgaon
18010,civ_family,444,16.0,44.0,0.5725477827296857,0.1672874788015017,0.03037588430869373,0.13167713088926655,0.20289782671373682,Chhattisgarh,Rajnandgaon
18010,civ_mact,2173,23.0,54.0,0.7585860623249179,0.2782449327001697,0.07746368210859635,0.25680735702907004,0.29968250837126936,Chhattisgarh,Rajnandgaon
18010,civ_misc,3255,18.0,62.0,0.5947551363016962,0.30128384201064695,0.11816200326186492,0.28412706863314674,0.31844061538814716,Chhattisgarh,Rajnandgaon
18010,civ_suit,4039,29.0,80.0,0.6768941736383146,0.43632113368585224,0.2709824639159195,0.41932453207164355,0.4533177353000609,Chhattisgarh,Rajnandgaon
18010,crim_bail,3433,0.0,0.0,,,,,,Chhattisgarh,Rajnandgaon
18010,crim_magisterial,50999,5.0,60.0,0.41608522832060396,0.22981903782685878,0.09435936519229848,0.22567472058972834,0.23396335506398921,Chhattisgarh,Rajnandgaon
18010,crim_sessions,1857,11.0,38.0,0.4693990474627986,0.10980099069937757,0.021955444664340303,0.09249158118512985,0.1271104002136253,Chhattisgarh,Rajnandgaon
18010,other,342,0.0,26.0,0.1544403572899307,0.07837469753443001,0.03475439076187394,0.04784027494546478,0.10890912012339524,Chhattisgarh,Rajnandgaon
18011,civ_execution,527,15.0,67.0,0.5556986600673375,0.241727196190567,0.11085477174980457,0.19765906533270186,0.2857953270484322,Chhattisgarh,Koriya
18011,civ_family,419,9.0,49.0,0.35560341389300526,0.14472359489155157,0.050963090638081396,0.10129477341531073,0.1881524163677924,Chhattisgarh,Koriya
18011,civ_mact,1430,19.0,46.0,0.7196825997024476,0.18458718683173206,0.04738408240136673,0.16091764278053966,0.20825673088292446,Chhattisgarh,Koriya
18011,civ_misc,1415,29.0,84.0,0.7117869038256233,0.3984256999069114,0.20685945181249005,0.36781773345304447,0.42903366636077833,Chhattisgarh,Koriya
18011,civ_suit,1645,33.0,96.0,0.8185561727501851,0.4361842547416918,0.2876554250995484,0.4090306027202644,0.4633379067631192,Chhattisgarh,Koriya
18011,crim_magisterial,15365,22.0,67.0,0.6507490768563582,0.28940717338772287,0.12861705448097177,0.28079298080070614,0.2980213659747396,Chhattisgarh,Koriya
18011,crim_sessions,1200,13.0,43.0,0.5044927352338572,0.11887886247388144,0.05032102085558084,0.09121299476954496,0.1465447301782179,Chhattisgarh,Koriya
18011,other,547,14.0,40.0,0.5406766638607033,0.13620017917951804,0.05398592136185886,0.09728598851040215,0.17511436984863393,Chhattisgarh,Koriya
18012,civ_mact,1990,15.0,52.0,0.585481835041199,0.1708554290144575,0.07080964850688928,0.15189002039900823,0.18982083762990676,Chhattisgarh,Mahasamund
18012,civ_misc,1592,24.0,60.0,0.6975963010869256,0.35072667890585285,0.09324141580627852,0.32429346218612404,0.37715989562558166,Chhattisgarh,Mahasamund
18012,civ_suit,1337,26.0,74.0,0.6895591962340958,0.3609783959100567,0.1856188857966161,0.3301902831861292,0.3917665086339842,Chhattisgarh,Mahasamund
18012,crim_bail,523,0.0,0.0,0.0,,,,,Chhattisgarh,Mahasamund
18012,crim_magisterial,26666,13.0,61.0,0.5054115952220699,0.252548791568021,0.10148018942045837,0.24631065534593857,0.2587869277901035,Chhattisgarh,Mahasamund
18012,crim_sessions,1218,11.0,31.0,0.4424872171328899,0.051251195914158006,0.017214376795278746,0.03416177472731703,0.06834061710099898,Chhattisgarh,Mahasamund
18012,other,1274,38.0,101.0,0.8454004904672608,0.5921832793060624,0.21674682118391833,0.5042143479045876,0.6801522107075372,Chhattisgarh,Mahasamund
18013,civ_execution,270,40.0,80.0,0.7993026074495372,0.5733574202859261,0.23581308976479196,0.4913097257357894,0.6554051148360627,Chhattisgarh,Kanker
18013,civ_mact,1277,9.0,27.0,0.35125852545879266,0.059281169568094365,0.013801518064701191,0.04375618007478133,0.07480615906140739,Chhattisgarh,Kanker
18013,civ_misc,654,8.0,34.0,0.36930442598974017,0.08035150026726726,0.011196940566580292,0.05541438284589431,0.1052886176886402,Chhattisgarh,Kanker
18013,civ_suit,1018,25.0,59.0,0.6702509881719129,0.34387296341208173,0.0747650207088854,0.3109720286356608,0.37677389818850265,Chhattisgarh,Kanker
18013,crim_bail,1010,0.0,0.0,,,,,,Chhattisgarh,Kanker
18013,crim_magisterial,11504,5.0,37.0,0.3646427522106315,0.10166870217145572,0.014815620032047661,0.09558133172820134,0.10775607261471011,Chhattisgarh,Kanker
18013,crim_sessions,1562,10.0,31.0,0.41069201536905087,0.07422814957874109,0.005998234309393222,0.0603598504570767,0.08809644870040548,Chhattisgarh,Kanker
18015,civ_execution,795,9.0,62.0,0.43872172234754425,0.24794815006737286,0.11566943795955834,0.21619066810315762,0.2797056320315881,Chhattisgarh,Bastar
18015,civ_family,401,14.0,58.0,0.5382502930411631,0.21988539066646487,0.08623733646634044,0.17148480910574398,0.26828597222718575,Chhattisgarh,Bastar
18015,civ_mact,2101,7.0,21.0,0.24079848353642608,0.028646970158443287,0.00527919390208388,0.020005174271548756,0.03728876604533782,Chhattisgarh,Bastar
18015,civ_misc,1085,14.0,59.0,0.5236648643919458,0.19428550372288886,0.0913504610695374,0.164413610515679,0.22415739693009873,Chhattisgarh,Bastar
18015,civ_suit,803,35.0,71.0,0.7613334965727608,0.47968321671114883,0.2762180583719592,0.4420211043447787,0.517345329077519,Chhattisgarh,Bastar
18015,crim_magisterial,15660,8.0,53.0,0.42805489480804904,0.18066363377187317,0.06779760155336645,0.1735363772194525,0.18779089032429383,Chhattisgarh,Bastar
18015,crim_sessions,949,4.0,13.0,0.1012860872978531,0.010958637115152329,0.0054793185575761644,0.0005276021405915717,0.021389672089713086,Chhattisgarh,Bastar
18015,other,595,17.0,62.0,0.5852696237125647,0.27841691781167455,0.1420321809882501,0.2211887909750265,0.33564504464832257,Chhattisgarh,Bastar
18016,civ_mact,935,25.0,67.0,0.7405345940170627,0.3680271757204912,0.1510639257136071,0.33229417438914577,0.40376017705183664,Chhattisgarh,Jashpur
18016,civ_misc,529,24.0,68.0,0.6432878925877836,0.42012319026514267,0.22726579475028205,0.3734001096918774,0.4668462708384079,Chhattisgarh,Jashpur
18016,civ_suit,697,41.0,72.0,0.883366318634147,0.5697588665297249,0.22060839674046517,0.5277503840453142,0.6117673490141355,Chhattisgarh,Jashpur
18016,crim_bail,962,0.0,1.0,,,,,,Chhattisgarh,Jashpur
18016,crim_magisterial,9175,6.0,56.0,0.3911936311423947,0.17763454859020647,0.07266229587017826,0.1679287744894307,0.18734032269098225,Chhattisgarh,Jashpur
18016,crim_sessions,933,8.0,30.0,0.3110045694772745,0.0864690384636066,0.04209343625366952,0.06424083205679884,0.10869724487041435,Chhattisgarh,Jashpur
18017,civ_mact,609,31.0,67.0,0.7450729217484054,0.40869777087651765,0.17726934514929768,0.3651704692979994,0.4522250724550359,Chhattisgarh,Dantewada
18017,civ_suit,201,24.0,66.0,0.6671140742928487,0.36187637732187466,0.23080915609183905,0.2793945149734802,0.4443582396702691,Chhattisgarh,Dantewada
18017,crim_magisterial,5752,5.0,38.0,0.3086366649363598,0.10973855674450614,0.02817707810397033,0.09925128325934858,0.1202258302296637,Chhattisgarh,Dantewada
18017,crim_sessions,369,18.0,52.0,0.6514172868938239,0.20965076421978152,0.053219040148098376,0.14226629177617547,0.2770352366633876,Chhattisgarh,Dantewada
18018,civ_mact,594,12.0,25.0,0.45014968423028046,0.047993196108549026,0.024885360945173574,0.024422232348291065,0.07156415986880699,Chhattisgarh,Janjgir
18018,civ_misc,2004,21.0,74.0,0.6451700424395811,0.3144105844575444,0.18182628989369318,0.28842603354988133,0.34039513536520744,Chhattisgarh,Janjgir
18018,civ_suit,3145,63.0,92.0,0.886600884927147,0.6987880657813414,0.5380394182196675,0.6800482166693662,0.7175279148933167,Chhattisgarh,Janjgir
18018,crim_bail,2241,0.0,0.0,,,,,,Chhattisgarh,Janjgir
18018,crim_magisterial,21583,15.0,76.0,0.5242398792827134,0.3628261756352285,0.24582796440787702,0.35516337395906644,0.3704889773113906,Chhattisgarh,Janjgir
18018,crim_sessions,963,16.0,44.0,0.6119051339714386,0.13549724833985358,0.036426986547152006,0.10793483710940666,0.1630596595703005,Chhattisgarh,Janjgir
18018,other,2457,14.0,62.0,0.5284376301097953,0.22099342597558377,0.10573496682976048,0.20176737269466363,0.24021947925650391,Chhattisgarh,Janjgir
18019,civ_mact,782,12.0,62.0,0.46107139037406947,0.1890241369941997,0.10465677611626388,0.15630657211920929,0.22174170186919012,Chhattisgarh,Balod
18019,civ_misc,748,42.0,79.0,0.7073924134804263,0.521669151058185,0.2665652628536705,0.4813692099105713,0.5619690922057987,Chhattisgarh,Balod
18019,civ_suit,986,23.0,79.0,0.6626182422781269,0.32981361292504086,0.20121207142753245,0.29355562514144967,0.36607160070863204,Chhattisgarh,Balod
18019,crim_bail,840,0.0,0.0,0.0047619047619047615,,,,,Chhattisgarh,Balod
18019,crim_magisterial,14589,1.0,27.0,0.18397640571672477,0.0695889294590066,0.02667688764391671,0.06455779151480714,0.07462006740320606,Chhattisgarh,Balod
18019,crim_sessions,396,9.0,21.0,0.33428892913828656,0.03744943902214682,0.01872471951107341,0.013202663371434359,0.06169621467285928,Chhattisgarh,Balod
18019,other,356,13.0,45.0,0.5110538693577387,0.13246234755239972,0.037263552632571306,0.09179854502776921,0.17312615007703022,Chhattisgarh,Balod
18020,civ_mact,693,16.0,46.0,0.6519026516790464,0.12188779443422024,0.06126430695059177,0.09418828320230216,0.14958730566613831,Chhattisgarh,Bemetara
18020,civ_misc,325,18.0,59.0,0.6309184106965092,0.2279874420987768,0.08612858923731569,0.1721485496576781,0.2838263345398755,Chhattisgarh,Bemetara
18020,civ_suit,955,41.0,79.0,0.8028963703975883,0.5528295848770702,0.299039510115113,0.5164501811827785,0.589208988571362,Chhattisgarh,Bemetara
18020,crim_bail,636,0.0,0.0,,,,,,Chhattisgarh,Bemetara
18020,crim_magisterial,12157,16.0,67.0,0.5422408906800144,0.3077454540413296,0.14815646791502785,0.298284372327065,0.31720653575559415,Chhattisgarh,Bemetara
18020,crim_sessions,562,21.0,49.0,0.7608783926857129,0.17003875017512815,0.05356841713613769,0.12537664599459275,0.21470085435566355,Chhattisgarh,Bemetara
18020,other,618,0.0,60.0,0.2993983600406053,0.20026288190190308,0.09844259840722153,0.16334037563847015,0.23718538816533602,Chhattisgarh,Bemetara
18021,civ_mact,1293,17.0,71.0,0.602580106359733,0.281284050106504,0.17185389019718494,0.25153063225430644,0.3110374679587015,Chhattisgarh,Surajpur
18021,civ_misc,1043,34.0,89.0,0.7197943877772369,0.48425777075189425,0.33891336370916864,0.4469793712697171,0.5215361702340714,Chhattisgarh,Surajpur
18021,civ_suit,1608,68.0,98.0,0.8968914708624259,0.7233951010282721,0.5722246307304738,0.6983381760014461,0.7484520260550981,Chhattisgarh,Surajpur
18021,crim_bail,570,0.0,0.0,,,,,,Chhattisgarh,Surajpur
18021,crim_magisterial,13867,63.0,94.0,0.8341666421415395,0.6864875602096935,0.5275561760717957,0.6778400056053583,0.6951351148140287,Chhattisgarh,Surajpur
18021,crim_sessions,885,14.0,60.0,0.5706142938347388,0.19194543194305447,0.0976178403948027,0.15749275879596097,0.22639810509014796,Chhattisgarh,Surajpur
18022,civ_mact,427,11.0,37.0,0.44775724934204375,0.10535464690401032,0.05267732345200519,0.07592321394323186,0.1347860798647888,Chhattisgarh,Kondagaon
18022,civ_misc,208,14.0,49.0,0.5204622568087558,0.20607046841689172,0.050086572184661185,0.14197776623441066,0.2701631705993728,Chhattisgarh,Kondagaon
18022,civ_suit,217,14.0,59.0,0.5254793469985463,0.2774107858488708,0.09247026194962363,0.2158932664732392,0.3389283052245024,Chhattisgarh,Kondagaon
18022,crim_magisterial,5334,8.0,51.0,0.4221487199171729,0.18913707891486106,0.051965547517229385,0.17777361073257,0.20050054709715212,Chhattisgarh,Kondagaon
18022,crim_sessions,895,25.0,58.0,0.8262348203368027,0.2888639585892067,0.08249007067483602,0.25279597379795593,0.3249319433804575,Chhattisgarh,Kondagaon
18023,civ_execution,547,38.0,73.0,0.6774666738060896,0.5190726683257918,0.32445592803719125,0.4705841340071582,0.5675612026444253,Chhattisgarh,Balodabazar
18023,civ_mact,1037,18.0,58.0,0.658141712604645,0.24324073042318198,0.08513378517247991,0.21178766124697562,0.27469379959938833,Chhattisgarh,Balodabazar
18023,civ_misc,1564,9.0,62.0,0.43877987057029655,0.22633042955419722,0.10270235224443565,0.20121297296477342,0.251447886143621,Chhattisgarh,Balodabazar
18023,civ_suit,2117,34.0,74.0,0.7613644631400072,0.47995698372227547,0.24679310008730487,0.455243960291422,0.5046700071531289,Chhattisgarh,Balodabazar
18023,crim_bail,2939,0.0,0.0,0.0005103776794828172,,,,,Chhattisgarh,Balodabazar
18023,crim_magisterial,29686,8.0,64.0,0.44933606695137074,0.2611604892613421,0.1385719234999943,0.2554094365449047,0.2669115419777795,Chhattisgarh,Balodabazar
18023,crim_sessions,2827,12.0,45.0,0.47656219112276743,0.16324187420776612,0.01945422875681108,0.14730128573643692,0.17918246267909532,Chhattisgarh,Balodabazar
18023,other,778,18.0,75.0,0.5889895750506988,0.3630592767332079,0.2580092170336471,0.3139712867981225,0.4121472666682934,Chhattisgarh,Balodabazar
18024,civ_mact,462,15.0,48.0,0.5782114187164589,0.18134716172937249,0.050704423814633935,0.1430188879431621,0.21967543551558288,Chhattisgarh,Mungeli
18024,civ_misc,729,27.0,71.0,0.7425041170134236,0.4206981181022888,0.21677001887978595,0.37927985544925513,0.46211638075532246,Chhattisgarh,Mungeli
18024,civ_suit,798,28.0,70.0,0.8100581162570348,0.3690416598682695,0.168512253238944,0.32943133914392836,0.4086519805926106,Chhattisgarh,Mungeli
18024,crim_magisterial,12763,13.0,64.0,0.5082792324229976,0.26500033684664653,0.12023279881008463,0.25563249254835096,0.2743681811449421,Chhattisgarh,Mungeli
18024,crim_sessions,618,21.0,68.0,0.6911503773441855,0.23909458477979728,0.12340241950100239,0.19621490521072005,0.2819742643488745,Chhattisgarh,Mungeli
18024,other,457,7.0,57.0,0.45360138065636724,0.23733333074047983,0.08381588562260092,0.193817183309128,0.28084947817183165,Chhattisgarh,Mungeli
18025,civ_mact,375,20.0,63.0,0.691338909924237,0.25618686790569584,0.11865407157112054,0.20582920702474572,0.30654452878664595,Chhattisgarh,Balrampur Ramanujganj
18025,civ_suit,668,33.0,75.0,0.7954048096535833,0.45759072235615283,0.19277687979633737,0.41282993110624966,0.502351513606056,Chhattisgarh,Balrampur Ramanujganj
18025,crim_bail,339,0.0,0.0,,,,,,Chhattisgarh,Balrampur Ramanujganj
18025,crim_magisterial,8154,22.0,72.0,0.6226144663174678,0.37550872925437173,0.20101695519961751,0.3636378501767161,0.38737960833202734,Chhattisgarh,Balrampur Ramanujganj
18025,crim_sessions,952,31.0,69.0,0.8354079094296307,0.42729750191685284,0.17913376069544082,0.3932087691553514,0.46138623467835427,Chhattisgarh,Balrampur Ramanujganj
19001,civ_execution,500,13.0,,0.5243174179277749,0.21747031286868854,0.14294417436497506,0.1734495579025556,0.26149106783482146,Mizoram,Aizawl
19001,civ_family,303,7.0,51.0,0.3231626366388309,0.19455294069671622,,0.1427189395247939,0.24638694186863855,Mizoram,Aizawl
19001,civ_mact,617,19.0,37.0,0.7673502440956604,0.10112655468874165,0.017150006231502396,0.0745008482799197,0.1277522610975636,Mizoram,Aizawl
19001,civ_misc,621,4.0,38.0,0.2774134636735728,0.10319474005435225,0.03359346444275246,0.07352073154080908,0.13286874856789543,Mizoram,Aizawl
19001,civ_suit,1386,33.0,,0.7518389397555644,0.48764954761055573,0.37090510823919665,0.45663040155363127,0.5186686936674803,Mizoram,Aizawl
19001,crim_bail,324,1.0,3.0,0.019364426154549617,,,,,Mizoram,Aizawl
19001,crim_magisterial,4998,10.0,81.0,0.4682514306466845,0.2436548985743924,0.16057926642657738,0.22920280489232192,0.2581069922564629,Mizoram,Aizawl
19001,other,772,6.0,66.0,0.3418591143714811,0.15259952967715604,0.12622895126048575,0.12276029923571649,0.18243876011859558,Mizoram,Aizawl
19002,crim_magisterial,519,16.0,,0.5183044315992293,0.4195963233203828,0.4175191137989948,0.3771045424834251,0.46208810415734053,Mizoram,Lunglei
20001,civ_execution,824,45.0,91.0,0.8381264978107533,0.5674860771923834,0.3520222085172406,0.5313234121501075,0.6036487422346594,Tripura,West Tripura
20001,civ_misc,9578,9.0,57.0,0.42711401062349913,0.20503834158856837,0.0830026355354641,0.1965761655055007,0.21350051767163605,Tripura,West Tripura
20001,crim_bail,3131,0.0,1.0,,,,,,Tripura,West Tripura
20001,crim_magisterial,6615,4.0,32.0,0.2645326778032807,0.08180622565677244,0.028489575152372725,0.07448036330930899,0.08913208800423589,Tripura,West Tripura
20001,crim_sessions,586,25.0,101.0,0.7730071868049806,0.35822450529347155,0.231397191785682,0.31091847151695773,0.4055305390699854,Tripura,West Tripura
20001,other,22115,24.0,76.0,0.7292549985870277,0.32668423006716313,0.15336093537134252,0.31999495414180334,0.3333735059925229,Tripura,West Tripura
20002,civ_execution,224,22.0,78.0,0.6722170305553197,0.3575865859271706,0.1905983148872169,0.28836627015917493,0.4268069016951662,Tripura,North Tripura
20002,civ_family,306,14.0,29.0,0.5221549404075354,0.045975906702550286,0.013135973343585797,0.02245376422844385,0.06949804917665672,Tripura,North Tripura
20002,civ_misc,2054,9.0,40.0,0.4030241336418571,0.12190664197125657,0.034873467194745815,0.10558664218849592,0.13822664175401722,Tripura,North Tripura
20002,crim_bail,244,0.0,1.0,,,,,,Tripura,North Tripura
20002,crim_magisterial,3467,28.0,102.0,0.6871936457840006,0.4119551006858449,0.2648516478573825,0.39487448842401324,0.42903571294767656,Tripura,North Tripura
20002,other,3258,17.0,68.0,0.6023141952484545,0.23204325824894587,0.11838526341327943,0.21566595999956423,0.2484205564983275,Tripura,North Tripura
20003,civ_execution,221,25.0,59.0,0.7404937683575455,0.33485021974837464,0.09799353626486358,0.263197318970303,0.40650312052644627,Tripura,SouthTripura
20003,civ_misc,1282,21.0,49.0,0.6674204506795378,0.25890889932107847,0.028183392758196445,0.23151239230364692,0.28630540633851004,Tripura,SouthTripura
20003,crim_bail,202,0.0,1.0,,,,,,Tripura,SouthTripura
20003,crim_magisterial,4342,25.0,68.0,0.6872670733828397,0.37871997956689246,0.13344678823182585,0.36320781716993794,0.394232141963847,Tripura,SouthTripura
20003,other,1966,20.0,85.0,0.6457441112918423,0.27869697604735266,0.15665881176334814,0.25578820649947226,0.30160574559523307,Tripura,SouthTripura
20005,civ_execution,247,21.0,78.0,0.6432795724293702,0.33056459864869886,0.18511189924769952,0.2664487693000892,0.3946804279973085,Tripura,Unakoti  Tripura
20005,civ_misc,2166,4.0,22.0,0.21160893700622335,0.04402425152580452,0.002658422771823842,0.03329869346121575,0.054749809590393286,Tripura,Unakoti  Tripura
20005,crim_magisterial,5049,10.0,47.0,0.43919029596191755,0.1429619972377264,0.06729983575312301,0.13273527414837077,0.15318872032708203,Tripura,Unakoti  Tripura
20005,other,4669,9.0,41.0,0.4093003162920776,0.12270771226142198,0.045145428356682664,0.1120328656212077,0.13338255890163625,Tripura,Unakoti  Tripura
20006,civ_execution,350,18.0,68.0,0.6410947266613808,0.23982660877399642,0.10621043480168181,0.18265767594390372,0.29699554160408914,Tripura,Gomati District
20006,civ_misc,2225,10.0,35.0,0.4700159430438943,0.0930887649914798,0.007019413732259241,0.08041097723498525,0.10576655274797436,Tripura,Gomati District
20006,crim_magisterial,5661,13.0,41.0,0.504412318407255,0.13169985726477515,0.0425687490541781,0.12243547448385134,0.14096424004569896,Tripura,Gomati District
20006,crim_sessions,222,12.0,34.0,0.47538343099736885,0.09459010790662745,0.03694926090102635,0.0536528309170925,0.1355273848961624,Tripura,Gomati District
20006,other,2676,18.0,45.0,0.6320261826606097,0.16335136230495653,0.03948195688631493,0.14761264648678665,0.1790900781231264,Tripura,Gomati District
20009,civ_misc,1061,27.0,106.0,0.6177096548797234,0.459745554976894,0.2917137124988579,0.42875847587208576,0.49073263408170226,Tripura,Sepahijala Tripura
20009,crim_magisterial,6780,47.0,,0.8255770941187192,0.6012320498137337,0.3734047309068748,0.5891696618631358,0.6132944377643316,Tripura,Sepahijala Tripura
20009,other,1508,21.0,81.0,0.6755265707827618,0.30777180150507305,0.17463296014205534,0.2819801397705916,0.3335634632395545,Tripura,Sepahijala Tripura
20010,civ_misc,262,7.0,29.0,0.3863997184607872,0.06314686817966231,0.028867139739274197,0.03007391006942245,0.09621982628990217,Tripura,Khowai Tripura
20010,crim_bail,211,0.0,1.0,,,,,,Tripura,Khowai Tripura
20010,crim_magisterial,1437,19.0,72.0,0.6250201677084297,0.28459630896530475,0.15003646797147055,0.26016124266173274,0.30903137526887675,Tripura,Khowai Tripura
20010,other,2492,16.0,49.0,0.5848212187939962,0.17945670032560393,0.05887139641996733,0.16160511533313557,0.1973082853180723,Tripura,Khowai Tripura
20011,civ_misc,333,5.0,15.0,0.17318494965553785,0.006016258739570285,,0.0,0.017073664246659043,Tripura,Dhalai Tripura
20011,crim_magisterial,1491,8.0,26.0,0.31519588525294434,0.0559772777498165,0.02885816184938431,0.0439941443898381,0.0679604111097949,Tripura,Dhalai Tripura
20011,other,1400,8.0,31.0,0.3515693498260852,0.07317906607195937,0.02452810996241043,0.05924589322312539,0.08711223892079335,Tripura,Dhalai Tripura
21001,civ_execution,266,18.0,,0.6590214588712996,0.342035417397897,0.16662011047526132,0.27504756773606187,0.40902326705973213,Meghalaya,East Khasi Hills
21001,civ_family,547,12.0,48.0,0.481621500688856,0.1916052235730134,0.06805081681026103,0.15267016238934966,0.23054028475667715,Meghalaya,East Khasi Hills
21001,civ_mact,254,41.0,,0.8638901709761508,0.5414977417056422,0.39526242023665425,0.47491310366829087,0.6080823797429936,Meghalaya,East Khasi Hills
21001,civ_misc,6059,0.0,28.0,0.20034960722165363,0.0761196821823764,0.0345039667265779,0.06875293817465067,0.08348642619010213,Meghalaya,East Khasi Hills
21001,civ_suit,1435,27.0,104.0,0.6921217630098496,0.4184202397825006,0.24125427631791033,0.39069674355526646,0.4461437360097347,Meghalaya,East Khasi Hills
21001,crim_bail,4155,0.0,1.0,0.0017790861243437552,,,,,Meghalaya,East Khasi Hills
21001,crim_magisterial,10549,3.0,63.0,0.31550562402880583,0.1769479085877477,0.10495723001785832,0.16892034165016231,0.18497547552533308,Meghalaya,East Khasi Hills
21001,crim_sessions,1293,22.0,,0.5630319904753025,0.43892175808013567,0.35520301971692836,0.4094003503980755,0.46844316576219586,Meghalaya,East Khasi Hills
21001,other,4417,9.0,,0.4380404310289123,0.2659981629420549,0.20955485756895328,0.2521436445636061,0.2798526813205037,Meghalaya,East Khasi Hills
21002,crim_magisterial,1226,2.0,10.0,0.07250419509561382,0.008726958975964783,0.008726958975964783,0.0,0.01935412823845329,Meghalaya,West Garo Hills
21002,crim_sessions,264,67.0,,0.8160654129862374,0.7124517340284374,0.5617110532921729,0.6399262934136424,0.7849771746432325,Meghalaya,West Garo Hills
21002,other,1160,3.0,85.0,0.3226676908156762,0.2605981645442354,0.1820931233165038,0.23440475038042105,0.2867915787080498,Meghalaya,West Garo Hills
21003,other,543,,,0.9242558825169706,0.9034204483710274,0.8767146502728687,0.8775484547804118,0.9292924419616431,Meghalaya,West Jaintia Hills
21004,other,1265,0.0,28.0,0.15710271308861626,0.06962284306015601,0.029925946817445447,0.05447706249233113,0.08476862362798089,Meghalaya,East Garo Hills
22001,civ_execution,21947,24.0,60.0,0.7319149359506407,0.2954787710710963,0.09733398295190697,0.28852181496385493,0.3024357271783377,Punjab,Ludhiana
22001,civ_family,31854,9.0,31.0,0.3726154078642239,0.06655523296188934,0.010651095904517467,0.06355462471348136,0.06955584121029731,Punjab,Ludhiana
22001,civ_mact,3571,23.0,43.0,0.8377283709410853,0.18166409374383052,0.022168061436199038,0.1672704771391647,0.19605771034849634,Punjab,Ludhiana
22001,civ_misc,69345,8.0,43.0,0.43051082647762995,0.14585795527526307,0.04085216443367363,0.14241803956766033,0.14929787098286582,Punjab,Ludhiana
22001,civ_suit,60618,27.0,70.0,0.7548136926865565,0.3691625423063069,0.15356949077694412,0.36480757621205284,0.37351750840056097,Punjab,Ludhiana
22001,crim_bail,52879,1.0,2.0,0.0058478074042431875,0.0006706877563579174,0.0005832067446590585,0.0004182077547669687,0.0009231677579488661,Punjab,Ludhiana
22001,crim_magisterial,42836,6.0,35.0,0.3519050512234723,0.08915634932921723,0.021148141415321835,0.08568777161018765,0.09262492704824682,Punjab,Ludhiana
22001,crim_ni138,4043,24.0,58.0,0.755966106179732,0.28813808744428904,0.08402176635391241,0.2701035973354053,0.3061725775531728,Punjab,Ludhiana
22001,crim_sessions,14384,25.0,48.0,0.753577661163178,0.2736652566203403,0.03397464961181544,0.26499093640771343,0.2823395768329672,Punjab,Ludhiana
22001,other,166484,19.0,58.0,0.6489623669109617,0.22884452533163713,0.0889190635636207,0.22646861502148588,0.23122043564178837,Punjab,Ludhiana
22002,civ_execution,12115,18.0,52.0,0.6423875228674641,0.20941333789904187,0.05761328431778202,0.2007209893668352,0.21810568643124856,Punjab,Jalandhar
22002,civ_family,10237,11.0,34.0,0.44434935849105084,0.08308517543599164,0.0064237753378690535,0.0777030553746935,0.08846729549728978,Punjab,Jalandhar
22002,civ_mact,2260,19.0,37.0,0.7866402807560727,0.10165408046598749,0.00716603798719349,0.08724754069852969,0.1160606202334453,Punjab,Jalandhar
22002,civ_misc,27288,14.0,44.0,0.5323987970923215,0.15436831302220536,0.029265574561069384,0.14955663964455881,0.1591799863998519,Punjab,Jalandhar
22002,civ_suit,35195,28.0,60.0,0.781933666782541,0.36175049734506015,0.098097852289817,0.3560470735922888,0.3674539210978315,Punjab,Jalandhar
22002,crim_bail,61779,1.0,3.0,0.009003686015212883,3.2563059729522184e-05,1.6281529864761092e-05,0.0,7.769236949986796e-05,Punjab,Jalandhar
22002,crim_magisterial,149196,1.0,11.0,0.0878300966694871,0.016286334991315345,0.003937507435341822,0.015544652050336444,0.017028017932294248,Punjab,Jalandhar
22002,crim_ni138,38171,12.0,32.0,0.490320722672196,0.0737785611738937,0.01114427557659338,0.07039129088093467,0.07716583146685273,Punjab,Jalandhar
22002,crim_sessions,14416,18.0,39.0,0.6215526671866122,0.12205147179797214,0.015447665112057989,0.11527018023466665,0.12883276336127764,Punjab,Jalandhar
22002,other,71818,13.0,56.0,0.5102692850790159,0.2412437298007208,0.07166404883968124,0.23776894717284627,0.24471851242859535,Punjab,Jalandhar
22003,civ_execution,9724,17.0,47.0,0.579926594048201,0.1918648548881906,0.04143213840212851,0.18281794569485066,0.20091176408153055,Punjab,Rupnagar
22003,civ_family,5224,9.0,43.0,0.4096884272254956,0.12998856652795665,0.04053063639729183,0.11953470919774002,0.1404424238581733,Punjab,Rupnagar
22003,civ_mact,2553,13.0,30.0,0.5148856647341251,0.06749167029241343,0.008256580901741414,0.05649721267821698,0.07848612790660987,Punjab,Rupnagar
22003,civ_misc,9960,10.0,44.0,0.43116517791564735,0.15848511226696632,0.0376598813349057,0.1501299083938306,0.16684031614010203,Punjab,Rupnagar
22003,civ_suit,13381,37.0,70.0,0.8221918370441625,0.5082557810659061,0.20322917675901175,0.4987939433298313,0.5177176188019809,Punjab,Rupnagar
22003,crim_bail,12099,0.0,2.0,0.0063255207578671695,,,,,Punjab,Rupnagar
22003,crim_magisterial,10309,3.0,32.0,0.26852658309880956,0.07705835361520745,0.021279458902271748,0.07097090047044041,0.08314580675997449,Punjab,Rupnagar
22003,crim_ni138,5195,21.0,50.0,0.7063635266601197,0.23421908308321407,0.05166640520026135,0.21888387182008523,0.2495542943463429,Punjab,Rupnagar
22003,crim_sessions,2041,14.0,43.0,0.5487079269609664,0.16185023583513805,0.042741668577563376,0.144417033080185,0.1792834385900911,Punjab,Rupnagar
22003,other,18906,24.0,67.0,0.6541234415722431,0.3787071977999581,0.14875715346124588,0.3712070741095723,0.38620732149034387,Punjab,Rupnagar
22004,civ_execution,3735,19.0,61.0,0.6082163812118013,0.2702786319347293,0.10096092863533315,0.2544407715130407,0.2861164923564179,Punjab,Fatehgarh Sahib
22004,civ_family,2672,13.0,42.0,0.5019942852654926,0.14875739182432066,0.020637675815490645,0.13329044525274356,0.16422433839589776,Punjab,Fatehgarh Sahib
22004,civ_mact,1210,17.0,30.0,0.65003377010693,0.046971978925661094,0.006874989642755853,0.0335655099055788,0.06037844794574339,Punjab,Fatehgarh Sahib
22004,civ_misc,29679,1.0,22.0,0.15068853906274132,0.04954832599495668,0.00841846087771925,0.04665822659302976,0.05243842539688359,Punjab,Fatehgarh Sahib
22004,civ_suit,14239,26.0,63.0,0.7250411783546523,0.3508338016278511,0.11806593402037609,0.34221981708898735,0.35944778616671486,Punjab,Fatehgarh Sahib
22004,crim_bail,9585,0.0,1.0,0.0026763493552204773,,,,,Punjab,Fatehgarh Sahib
22004,crim_magisterial,8093,5.0,42.0,0.3577501575275559,0.13081345493405228,0.029519844083509106,0.12182012869920492,0.13980678116889964,Punjab,Fatehgarh Sahib
22004,crim_ni138,6267,21.0,61.0,0.6669780392908861,0.27980248191038526,0.10854626654147032,0.26556942242987275,0.29403554139089777,Punjab,Fatehgarh Sahib
22004,crim_sessions,2607,25.0,46.0,0.726676164797616,0.2896150596493705,0.020879244673025796,0.27049810998166157,0.30873200931707945,Punjab,Fatehgarh Sahib
22004,other,16438,12.0,51.0,0.48512984667592746,0.19832416580675438,0.056397421060639365,0.19164235854361664,0.20500597306989213,Punjab,Fatehgarh Sahib
22005,civ_execution,14605,19.0,54.0,0.6469001154845002,0.22360307030738336,0.06266836057914395,0.21535899389707672,0.23184714671769,Punjab,Patiala
22005,civ_family,4269,12.0,36.0,0.48476447632093145,0.09641976088592401,0.008278073759611065,0.08707296096334735,0.10576656080850066,Punjab,Patiala
22005,civ_mact,5221,11.0,26.0,0.44379778642370177,0.025865398097548137,0.005550975721532955,0.020502758343334,0.031228037851762275,Punjab,Patiala
22005,civ_misc,50701,1.0,30.0,0.22427123326829645,0.06514680556644374,0.012404407520676786,0.06262895553169966,0.06766465560118783,Punjab,Patiala
22005,civ_suit,33135,26.0,62.0,0.7278158895915589,0.37098258139605456,0.11368134898508132,0.36506827226450156,0.37689689052760755,Punjab,Patiala
22005,crim_bail,30547,0.0,2.0,0.001199537895294073,9.996149127450606e-05,6.664099418300405e-05,0.0,0.0002130701316813514,Punjab,Patiala
22005,crim_magisterial,29486,4.0,30.0,0.25738878033916973,0.0646354800394511,0.011602072305773765,0.06127491720505498,0.06799604287384722,Punjab,Patiala
22005,crim_ni138,2997,31.0,54.0,0.7839362077276237,0.43092812565909544,0.08367884321308189,0.40359412461659544,0.45826212670159544,Punjab,Patiala
22005,crim_sessions,7713,18.0,36.0,0.6338375656602111,0.09930528633524914,0.01193954299373156,0.09169011341901662,0.10692045925148166,Punjab,Patiala
22005,other,96970,12.0,48.0,0.48426431436490863,0.17061218810336212,0.0455328931058692,0.1678027223025615,0.17342165390416275,Punjab,Patiala
22006,civ_execution,7037,23.0,52.0,0.7417593379006714,0.25825341852665434,0.05211414356679778,0.24633148549163472,0.27017535156167394,Punjab,Ferozepur
22006,civ_family,2429,16.0,40.0,0.6172745286613179,0.13667082164939595,0.011825093436352385,0.1206802085110954,0.1526614347876965,Punjab,Ferozepur
22006,civ_mact,897,13.0,25.0,0.5633444245163897,0.012692482025368107,,0.0047202922036656755,0.020664671847070538,Punjab,Ferozepur
22006,civ_misc,20459,4.0,28.0,0.28862853298676516,0.045653835503901605,0.0044220258302825315,0.042503077776972056,0.04880459323083115,Punjab,Ferozepur
22006,civ_suit,15961,23.0,49.0,0.7515057516360617,0.24611311265678285,0.031107165060346033,0.23839019494809188,0.2538360303654738,Punjab,Ferozepur
22006,crim_bail,16954,1.0,2.0,0.0019296182010015875,,,,,Punjab,Ferozepur
22006,crim_magisterial,12163,4.0,26.0,0.2623677437400674,0.04176958650783426,0.0032626267454988396,0.0376836278822564,0.04585554513341212,Punjab,Ferozepur
22006,crim_ni138,9926,22.0,46.0,0.7557203219953615,0.22261610613847857,0.016530836974946714,0.2115242597534288,0.23370795252352833,Punjab,Ferozepur
22006,crim_sessions,5010,16.0,38.0,0.597241682372584,0.11889753932723766,0.008980128076392885,0.10928686810661162,0.1285082105478637,Punjab,Ferozepur
22006,other,25690,15.0,48.0,0.539750588588764,0.20441740059987684,0.035224394519098264,0.19892308518090673,0.20991171601884695,Punjab,Ferozepur
22008,civ_execution,13727,19.0,53.0,0.6664396220315981,0.228152054138818,0.06087515454455388,0.22034472585439113,0.23595938242324488,Punjab,Amritsar
22008,civ_family,18997,8.0,27.0,0.33448242491331087,0.04560166402513907,0.005831696103537935,0.04234080002071131,0.04886252802956683,Punjab,Amritsar
22008,civ_mact,2630,16.0,32.0,0.6609452164511053,0.0491898807577948,0.008266632738462738,0.0385907131657779,0.0597890483498117,Punjab,Amritsar
22008,civ_misc,23186,14.0,44.0,0.5432548908899187,0.15680437074849737,0.03265222933263561,0.15152957746260098,0.16207916403439376,Punjab,Amritsar
22008,civ_suit,34354,24.0,55.0,0.7495791252222522,0.2892449210567924,0.07097943136206684,0.28386769133680106,0.2946221507767837,Punjab,Amritsar
22008,crim_bail,44084,1.0,4.0,0.039086956308887276,0.003478204338077295,0.0012957871816951605,0.002912339791837663,0.004044068884316927,Punjab,Amritsar
22008,crim_magisterial,25430,5.0,32.0,0.30983172055165187,0.07239139598309709,0.01472287816682902,0.06876626836936989,0.07601652359682429,Punjab,Amritsar
22008,crim_ni138,35526,9.0,33.0,0.3989981074982427,0.06918753930992731,0.00506931263873795,0.06515797057477954,0.07321710804507509,Punjab,Amritsar
22008,crim_sessions,11586,17.0,39.0,0.6305596096285454,0.1316580421117689,0.012451199104107415,0.12425750297986386,0.13905858124367396,Punjab,Amritsar
22008,other,68121,16.0,52.0,0.575165670581005,0.21974042888936599,0.056540349966114914,0.2162964179445742,0.22318443983415778,Punjab,Amritsar
22009,civ_execution,3510,25.0,58.0,0.751739079255288,0.3247857500249174,0.08223828392151289,0.30756213875961874,0.34200936129021603,Punjab,Faridkot
22009,civ_family,5250,8.0,28.0,0.34391706576841746,0.041452030098049625,0.002165110783848745,0.03535530375419135,0.0475487564419079,Punjab,Faridkot
22009,civ_mact,726,14.0,34.0,0.5733239917977025,0.07844707016331716,0.008158495296984985,0.05577006219381435,0.10112407813281997,Punjab,Faridkot
22009,civ_misc,5782,13.0,43.0,0.5150091952585072,0.1613321252697529,0.02718049554279698,0.1508265155690136,0.1718377349704922,Punjab,Faridkot
22009,civ_suit,8593,26.0,58.0,0.7436138241585938,0.31591624790055023,0.08819604442470799,0.30502123009041765,0.3268112657106828,Punjab,Faridkot
22009,crim_bail,8954,1.0,2.0,0.00044672771945499255,,,,,Punjab,Faridkot
22009,crim_magisterial,8180,5.0,30.0,0.31318496448227984,0.06586116771113425,0.01074184428182414,0.059595574315932605,0.0721267611063359,Punjab,Faridkot
22009,crim_ni138,6180,18.0,43.0,0.6595066274298113,0.15490653545593538,0.012553886877371951,0.1437044768326887,0.16610859407918208,Punjab,Faridkot
22009,crim_sessions,2466,18.0,40.0,0.638099839271524,0.13453126171999913,0.018909780098933654,0.11862810966179571,0.15043441377820255,Punjab,Faridkot
22009,other,10565,19.0,54.0,0.5996012513035631,0.2841247310714104,0.0594047534148782,0.27480564998516566,0.29344381215765514,Punjab,Faridkot
22010,civ_execution,6071,22.0,55.0,0.7095283446426511,0.257180910547988,0.06258980720763653,0.24422968782809862,0.27013213326787733,Punjab,Gurdaspur
22010,civ_family,8335,10.0,32.0,0.425015109852938,0.06929517030375473,0.0031264603013632618,0.06358491846903916,0.0750054221384703,Punjab,Gurdaspur
22010,civ_mact,1867,16.0,33.0,0.6322905651188788,0.06535418645845677,0.00513497179316446,0.052992651991282225,0.07771572092563131,Punjab,Gurdaspur
22010,civ_misc,12204,19.0,42.0,0.6562615772069424,0.1631095006020076,0.018050160703672272,0.1557180944599547,0.17050090674406052,Punjab,Gurdaspur
22010,civ_suit,19580,29.0,57.0,0.8165113387036385,0.38281389510342756,0.07666193778183719,0.37500537587136634,0.3906224143354888,Punjab,Gurdaspur
22010,crim_bail,11119,1.0,2.0,0.00412542771319889,0.0005123080166717576,,0.0,0.001363271487803906,Punjab,Gurdaspur
22010,crim_magisterial,11287,9.0,34.0,0.42106855032552065,0.08086279724617164,0.007069791183529952,0.07527872062067725,0.08644687387166602,Punjab,Gurdaspur
22010,crim_ni138,8648,24.0,52.0,0.7932777463700229,0.26922061253049306,0.041763232503200236,0.25750355447076423,0.2809376705902219,Punjab,Gurdaspur
22010,crim_sessions,4270,23.0,44.0,0.728950481801128,0.20814015463310834,0.024759851956330695,0.19464071507234854,0.22163959419386814,Punjab,Gurdaspur
22010,other,24068,28.0,60.0,0.726449931173027,0.3738319067994704,0.09182337690590474,0.36698963881051344,0.3806741747884274,Punjab,Gurdaspur
22011,civ_execution,3640,29.0,63.0,0.7744702200826924,0.38479788059420106,0.12356600342508325,0.3665339611139062,0.40306180007449594,Punjab,Kapurthala
22011,civ_family,6429,8.0,31.0,0.3331131429924849,0.0721626406030621,0.010279733868945333,0.0649297303192781,0.0793955508868461,Punjab,Kapurthala
22011,civ_mact,741,21.0,40.0,0.7985182417304968,0.13592363073891728,0.006299123433300009,0.1055280281476029,0.16631923333023166,Punjab,Kapurthala
22011,civ_misc,7911,18.0,46.0,0.6367518724613643,0.17431084326123428,0.03488657331934433,0.1646793374948374,0.18394234902763115,Punjab,Kapurthala
22011,civ_suit,12986,27.0,59.0,0.7548174668812038,0.3441706356797923,0.08940790735376987,0.3351867525090751,0.35315451885050947,Punjab,Kapurthala
22011,crim_bail,17333,1.0,7.0,0.05359024367668287,0.0006824027834449482,,0.00020148717107766725,0.0011633183958122291,Punjab,Kapurthala
22011,crim_magisterial,34936,1.0,15.0,0.11552901937722773,0.03275586155082119,0.012553930234425876,0.03053628068523635,0.03497544241640603,Punjab,Kapurthala
22011,crim_ni138,11248,22.0,48.0,0.7209833384017933,0.24884601468599696,0.03085840393336322,0.23909086729820997,0.258601162073784,Punjab,Kapurthala
22011,crim_sessions,5176,20.0,44.0,0.6488675093826533,0.16353495584821068,0.02909930083397024,0.1499789369691908,0.17709097472723057,Punjab,Kapurthala
22011,other,21162,15.0,55.0,0.5471350637052944,0.24382179150171368,0.061900562428565384,0.23741433941269643,0.2502292435907309,Punjab,Kapurthala
22012,civ_execution,5249,24.0,54.0,0.7481242516040899,0.2777036656659467,0.06374596455492053,0.26370650828781583,0.2917008230440775,Punjab,Moga
22012,civ_family,6793,8.0,25.0,0.3382674581328897,0.0215063997603704,0.0002510381723726874,0.01749876675581267,0.025514032764928134,Punjab,Moga
22012,civ_mact,842,17.0,31.0,0.6615525477179235,0.052437993925279,0.012325169512351904,0.03392495791455623,0.07095102993600177,Punjab,Moga
22012,civ_misc,7113,12.0,36.0,0.497908829306643,0.09436106715708409,0.011861402062077517,0.0864214817506592,0.10230065256350898,Punjab,Moga
22012,civ_suit,13439,24.0,53.0,0.731337588653008,0.28068234401794484,0.05521531530431246,0.27228602756590936,0.2890786604699803,Punjab,Moga
22012,crim_bail,16215,1.0,2.0,0.004660354387291171,0.00017972245643105446,,0.0,0.00047822229094943137,Punjab,Moga
22012,crim_magisterial,11219,2.0,25.0,0.2363247828671626,0.04106254074659908,0.0038608363836948006,0.036610347998473056,0.04551473349472511,Punjab,Moga
22012,crim_ni138,4652,21.0,47.0,0.7094142954408058,0.21947208494735654,0.028185906920493206,0.2044299738382831,0.23451419605642998,Punjab,Moga
22012,crim_sessions,4054,26.0,45.0,0.8007837418891677,0.2646111391282387,0.018585426343333888,0.24789579113046678,0.2813264871260106,Punjab,Moga
22012,other,14360,26.0,59.0,0.6971442901997508,0.3479689225896012,0.08534518345905737,0.33936782719002545,0.356570017989177,Punjab,Moga
22013,civ_execution,3616,22.0,49.0,0.7346196293773984,0.2343718496092123,0.03513796818395559,0.21826998425584676,0.25047371496257786,Punjab,Mansa
22013,civ_family,5342,8.0,31.0,0.34845198903734215,0.06300050957173625,0.0013537223550312164,0.05475991025650904,0.07124110888696347,Punjab,Mansa
22013,civ_mact,899,14.0,32.0,0.5456131192306717,0.08673573370665015,,0.06435792696840817,0.10911354044489213,Punjab,Mansa
22013,civ_misc,14215,1.0,25.0,0.1793520988057738,0.05110600189174115,0.0072227372301959724,0.04689617298442905,0.05531583079905325,Punjab,Mansa
22013,civ_suit,10015,17.0,44.0,0.6271591718863655,0.16631619061073313,0.027174809743434076,0.15797063640018083,0.17466174482128544,Punjab,Mansa
22013,crim_bail,10283,0.0,1.0,0.001618204804045512,,,,,Punjab,Mansa
22013,crim_magisterial,8357,5.0,42.0,0.36136187658053087,0.14180677092284072,0.01684696584512702,0.1331332604767628,0.15048028136891864,Punjab,Mansa
22013,crim_ni138,4723,16.0,38.0,0.6162540216816674,0.11336720170402982,0.009449647278123339,0.1009621738799264,0.12577222952813324,Punjab,Mansa
22013,crim_sessions,3581,24.0,51.0,0.6850168185672602,0.27845470019299023,0.032912265962588054,0.2615759983450877,0.29533340204089276,Punjab,Mansa
22013,other,14412,16.0,49.0,0.5614145144806769,0.22968576869346663,0.04183285131123234,0.2219350966852918,0.23743644070164147,Punjab,Mansa
22014,civ_execution,5144,23.0,50.0,0.734696688451636,0.25131346060648146,0.03879927065429293,0.23775017078259175,0.2648767504303712,Punjab,Sri Muktsar Sahib
22014,civ_family,5028,9.0,30.0,0.3715842701826052,0.056734168421239316,0.001994086837249341,0.04879444019613419,0.06467389664634444,Punjab,Sri Muktsar Sahib
22014,civ_mact,412,16.0,30.0,0.665377470919821,0.050662713914951335,,0.01951372336525975,0.08181170446464292,Punjab,Sri Muktsar Sahib
22014,civ_misc,7908,2.0,26.0,0.2422542663907103,0.054375368690514264,0.009339796346565498,0.04812705061771019,0.060623686763318335,Punjab,Sri Muktsar Sahib
22014,civ_suit,10519,16.0,43.0,0.6143648407260538,0.1610318052611406,0.01966680263029616,0.15271260587533828,0.16935100464694294,Punjab,Sri Muktsar Sahib
22014,crim_bail,7404,0.0,1.0,0.0005800944296445332,,,,,Punjab,Sri Muktsar Sahib
22014,crim_magisterial,6168,6.0,31.0,0.3339238420163798,0.05582642785072184,0.005663976962639365,0.04788298954024699,0.06376986616119669,Punjab,Sri Muktsar Sahib
22014,crim_ni138,11120,17.0,39.0,0.6344855139480157,0.11936849976115989,0.008123966527395403,0.11060169097792302,0.12813530854439675,Punjab,Sri Muktsar Sahib
22014,crim_sessions,2539,21.0,41.0,0.7194671276068074,0.16738382605489266,0.00450070736874733,0.14719705855040824,0.18757059355937708,Punjab,Sri Muktsar Sahib
22014,other,10223,19.0,51.0,0.6217332238808583,0.24730941366279435,0.047034396502227946,0.23766473638336785,0.2569540909422209,Punjab,Sri Muktsar Sahib
22015,civ_execution,2890,17.0,53.0,0.5829677241311545,0.24094102369750023,0.0523634327969569,0.22376597611425125,0.2581160712807492,Punjab,SBS Nagar
22015,civ_family,5750,6.0,21.0,0.21054506088631691,0.03809286100543787,0.004684040651187267,0.0324584749551524,0.04372724705572334,Punjab,SBS Nagar
22015,civ_mact,693,12.0,26.0,0.4956959161343114,0.022891233362891367,0.011445616681445682,0.011094887295282841,0.034687579430499896,Punjab,SBS Nagar
22015,civ_misc,12862,2.0,29.0,0.26494445813925604,0.07076435125258106,0.01266862598103829,0.06562238937857671,0.0759063131265854,Punjab,SBS Nagar
22015,civ_suit,10834,31.0,58.0,0.7939877429100486,0.41329634700642803,0.07405706517545695,0.4028668595192974,0.42372583449355866,Punjab,SBS Nagar
22015,crim_bail,8519,1.0,2.0,0.0034272937728570874,0.000354547631674871,0.000354547631674871,0.0,0.0007556752701980262,Punjab,SBS Nagar
22015,crim_magisterial,6060,3.0,25.0,0.22904343166873992,0.05059966439117825,0.013818138179151677,0.04322309437149329,0.05797623441086321,Punjab,SBS Nagar
22015,crim_ni138,3517,21.0,48.0,0.705685221009568,0.22602878439853846,0.02718714752976071,0.20724256032701102,0.2448150084700659,Punjab,SBS Nagar
22015,crim_sessions,2700,13.0,33.0,0.5151155225582534,0.06410768228710581,0.012884491869872899,0.05243857323624877,0.07577679133796285,Punjab,SBS Nagar
22015,other,10390,19.0,55.0,0.5987905705123105,0.2881041905344946,0.05540483548328109,0.27828632215638893,0.29792205891260026,Punjab,SBS Nagar
22016,civ_execution,2828,27.0,63.0,0.7302226658914129,0.35896941778744695,0.11419651527347709,0.3387842346662421,0.37915460090865183,Punjab,Barnala
22016,civ_family,4836,8.0,25.0,0.2901565351010789,0.03200079506741616,0.0016970118596357057,0.026645212224204375,0.03735637791062795,Punjab,Barnala
22016,civ_mact,660,14.0,33.0,0.5612592269212995,0.08115187182613516,0.0156507181378975,0.052147613681247026,0.1101561299710233,Punjab,Barnala
22016,civ_misc,3688,14.0,48.0,0.5424113512238584,0.18850419426582615,0.035173205016812495,0.17331694983395718,0.20369143869769513,Punjab,Barnala
22016,civ_suit,7970,24.0,55.0,0.730352342863765,0.2917187788982933,0.06425072337274122,0.28042315456690475,0.3030144032296818,Punjab,Barnala
22016,crim_bail,8205,0.0,1.0,0.0001240532776181771,,,,,Punjab,Barnala
22016,crim_magisterial,10179,0.0,26.0,0.19495551225742885,0.054249011043877124,0.010582321144040122,0.048936203219027676,0.05956181886872657,Punjab,Barnala
22016,crim_ni138,345,26.0,54.0,0.8376811594202899,0.2985507246376811,0.0463768115942029,0.25026111172948273,0.3468403375458795,Punjab,Barnala
22016,crim_sessions,1734,18.0,45.0,0.6190964598135176,0.1849968628764102,0.03521881190682447,0.1622206355456,0.2077730902072204,Punjab,Barnala
22016,other,12879,17.0,55.0,0.5802646692169867,0.2624873599395841,0.061114193501930474,0.25439655827943275,0.27057816159973547,Punjab,Barnala
22017,civ_execution,9217,23.0,55.0,0.7228593697965982,0.2689027242132844,0.06673882321832644,0.258449478787807,0.27935596963876186,Punjab,Bathinda
22017,civ_family,3613,8.0,24.0,0.315250484362026,0.032659839468585666,0.003874896208137286,0.026863968308689652,0.03845571062848168,Punjab,Bathinda
22017,civ_mact,1819,18.0,33.0,0.7333976944768965,0.06042737273945934,0.006087794966957958,0.047508710821329576,0.0733460346575891,Punjab,Bathinda
22017,civ_misc,42493,0.0,22.0,0.17775823897224935,0.04056918964975985,0.0144121780356015,0.03843217497334843,0.04270620432617127,Punjab,Bathinda
22017,civ_suit,21350,19.0,49.0,0.655651101498403,0.22068198505126926,0.04351329325170837,0.2142597870109368,0.22710418309160174,Punjab,Bathinda
22017,crim_bail,20762,0.0,2.0,0.002160643663113072,0.0002499918287899422,0.0001249959143949711,0.0,0.0005191794660967055,Punjab,Bathinda
22017,crim_magisterial,40241,0.0,20.0,0.16089072408023244,0.03265529736241765,0.003204166563759193,0.030553987764640387,0.03475660696019491,Punjab,Bathinda
22017,crim_sessions,5300,19.0,41.0,0.6348295828828806,0.15502502152920752,0.02189579104464627,0.1432574406416834,0.16679260241673166,Punjab,Bathinda
22017,other,57103,15.0,47.0,0.5633412457706034,0.18576622760582837,0.036815303328646014,0.1819312566145113,0.18960119859714544,Punjab,Bathinda
22018,civ_execution,6326,24.0,59.0,0.7310079205999644,0.28531415121575004,0.09107308793176713,0.2723266712098216,0.29830163122167846,Punjab,Hoshiarpur
22018,civ_family,10518,9.0,32.0,0.37784514055939644,0.07181144710134403,0.0071758858014698435,0.06613845717080731,0.07748443703188075,Punjab,Hoshiarpur
22018,civ_mact,1915,17.0,34.0,0.6979647923002871,0.07334353451732935,0.012506735899490003,0.059428480903110786,0.08725858813154791,Punjab,Hoshiarpur
22018,civ_misc,13311,26.0,48.0,0.7144071965225698,0.26702850341831413,0.03854791356185469,0.2583672423256062,0.27568976451102206,Punjab,Hoshiarpur
22018,civ_suit,23044,34.0,66.0,0.8177459768326153,0.4674428034413516,0.15247190366101038,0.46024135666276633,0.47464425021993684,Punjab,Hoshiarpur
22018,crim_bail,16132,1.0,2.0,0.0017381532474709436,0.00015944836288314443,,0.0,0.00037565181230557584,Punjab,Hoshiarpur
22018,crim_magisterial,13768,7.0,35.0,0.38505823767506253,0.08720020239835956,0.014377718509809399,0.08126848303084522,0.0931319217658739,Punjab,Hoshiarpur
22018,crim_ni138,7173,21.0,47.0,0.7160919996782285,0.2198458227004811,0.02179998435894305,0.20645204970030914,0.23323959570065309,Punjab,Hoshiarpur
22018,crim_sessions,4666,18.0,38.0,0.6591447993210512,0.11122618510358545,0.01736536674900394,0.09942303381076785,0.12302933639640305,Punjab,Hoshiarpur
22018,other,27408,26.0,58.0,0.709780721969615,0.33108599343031486,0.08062355656770169,0.3250415152046345,0.33713047165599525,Punjab,Hoshiarpur
22019,civ_execution,9396,21.0,52.0,0.6619678743839736,0.2497666944518799,0.060172182018477516,0.23960266393947913,0.2599307249642807,Punjab,Sangrur
22019,civ_family,9651,9.0,34.0,0.38986059398548656,0.0850038202753635,0.00434669106541529,0.0783424306857847,0.09166520986494231,Punjab,Sangrur
22019,civ_mact,2047,15.0,29.0,0.5965151615043688,0.04044329607967706,0.005947543541128976,0.03110241746612529,0.04978417469322883,Punjab,Sangrur
22019,civ_misc,13270,16.0,40.0,0.5542817612015737,0.13371619785053376,0.012275926943046802,0.12708499796250902,0.1403473977385585,Punjab,Sangrur
22019,civ_suit,26856,24.0,52.0,0.7262135514121815,0.2953150740496374,0.04755495012354376,0.28904652371071393,0.3015836243885609,Punjab,Sangrur
22019,crim_bail,21718,0.0,1.0,0.003011339630617991,4.632830200950758e-05,,0.0,0.00013712879930770998,Punjab,Sangrur
22019,crim_magisterial,28274,4.0,31.0,0.29489874108137387,0.0715845490000125,0.013739159466419432,0.06795818608582387,0.07521091191420114,Punjab,Sangrur
22019,crim_ni138,14483,17.0,40.0,0.6333891485364476,0.13492045638408576,0.010199000926825151,0.12677094676780093,0.14306996600037059,Punjab,Sangrur
22019,crim_sessions,6140,13.0,35.0,0.5245513227265719,0.08343497759349193,0.002672872937185121,0.07586948423181812,0.09100047095516574,Punjab,Sangrur
22019,other,32198,17.0,49.0,0.5796882141610209,0.23073741975499584,0.0362545148363163,0.2254702433612158,0.2360045961487759,Punjab,Sangrur
22021,civ_execution,3794,20.0,48.0,0.653954614792509,0.25089592341882677,0.0289618345644092,0.2345563137684187,0.2672355330692348,Punjab,Pathankot
22021,civ_family,4175,11.0,32.0,0.45866315749250797,0.0611046243487984,0.0016398659546776632,0.052515658659055484,0.06969359003854132,Punjab,Pathankot
22021,civ_mact,666,13.0,29.0,0.5019650978402811,0.0368878766374546,0.004610984579681826,0.021166334232728703,0.0526094190421805,Punjab,Pathankot
22021,civ_misc,5433,10.0,41.0,0.4451612283189487,0.13461986342838828,0.012240364773806146,0.12421548621662354,0.145024240640153,Punjab,Pathankot
22021,civ_suit,6978,34.0,58.0,0.8165242825358254,0.45268361772103255,0.08313979419542168,0.44017990890656383,0.46518732653550127,Punjab,Pathankot
22021,crim_bail,4133,0.0,2.0,0.000491872480010815,,,,,Punjab,Pathankot
22021,crim_magisterial,4998,7.0,35.0,0.38544781175092685,0.0905403089680206,0.0076728431371070735,0.08055008299804046,0.10053053493800072,Punjab,Pathankot
22021,crim_ni138,5563,18.0,45.0,0.6695193789746599,0.17379453542340237,0.013391283858485196,0.16175265099399294,0.1858364198528118,Punjab,Pathankot
22021,crim_sessions,1003,17.0,38.0,0.5809154866660383,0.11234521926882689,,0.08823856388019424,0.13645187465745953,Punjab,Pathankot
22021,other,7394,24.0,56.0,0.675031750531711,0.3476974250235163,0.05724096077379525,0.3354454378253284,0.35994941222170423,Punjab,Pathankot
22023,civ_execution,3508,24.0,52.0,0.7577496862889087,0.2965413574560757,0.051471839635183536,0.27842477844446306,0.3146579364676883,Punjab,Tarn Taran
22023,civ_family,4326,10.0,34.0,0.4156887068923922,0.08377907975923124,0.010033877029389458,0.07393814891239456,0.09362001060606792,Punjab,Tarn Taran
22023,civ_mact,658,23.0,38.0,0.8085424375328764,0.1429561355815713,0.01308303919384916,0.11028049932804884,0.17563177183509376,Punjab,Tarn Taran
22023,civ_misc,4916,18.0,44.0,0.6438698633246879,0.17871476993812532,0.031230710961851392,0.1663596610481573,0.19106987882809334,Punjab,Tarn Taran
22023,civ_suit,11293,20.0,47.0,0.692071992805707,0.2244505141756939,0.0308908997657602,0.2155294944370131,0.23337153391437468,Punjab,Tarn Taran
22023,crim_bail,10861,1.0,3.0,0.0045606118262550635,0.000610200327972803,0.000610200327972803,8.036648497158373e-05,0.001140034170974022,Punjab,Tarn Taran
22023,crim_magisterial,6035,6.0,38.0,0.3761944529192812,0.1135992514955698,0.015265737840375588,0.10370607360156356,0.12349242938957605,Punjab,Tarn Taran
22023,crim_ni138,6362,22.0,49.0,0.7239974889310298,0.23993636917101027,0.02169448877122958,0.2241331962255734,0.2557395421164471,Punjab,Tarn Taran
22023,crim_sessions,5551,28.0,48.0,0.8003698812500452,0.2971888445061681,0.04163659691124954,0.2827729448158756,0.3116047441964606,Punjab,Tarn Taran
22023,other,17681,19.0,49.0,0.609978043436202,0.2356924873177079,0.03306929696125279,0.2287541011225272,0.2426308735128886,Punjab,Tarn Taran
22024,civ_execution,14404,11.0,38.0,0.4738673983547116,0.11165747094541052,0.025421172691199118,0.10513431570071834,0.11818062619010271,Punjab,Mohali
22024,civ_family,6826,8.0,32.0,0.3688223807854827,0.0763491833483424,0.006605227892735429,0.06845013389996289,0.0842482327967219,Punjab,Mohali
22024,civ_mact,2535,17.0,32.0,0.6919045014473718,0.059036901212538115,0.0023219527761110547,0.04854875227199817,0.06952505015307806,Punjab,Mohali
22024,civ_misc,11873,20.0,45.0,0.6316911667990548,0.2003395254284514,0.026133976389915617,0.19173848370591615,0.20894056715098666,Punjab,Mohali
22024,civ_suit,17490,27.0,62.0,0.7570453509382445,0.37877972709819063,0.11204572926713627,0.3706616779789493,0.386897776217432,Punjab,Mohali
22024,crim_bail,12688,0.0,1.0,0.00295499102879712,0.00023176400225859774,,0.0,0.0006350280897859702,Punjab,Mohali
22024,crim_magisterial,9669,10.0,38.0,0.4407279603421205,0.11235131732820917,0.015089012551076779,0.10443897736020794,0.12026365729621041,Punjab,Mohali
22024,crim_ni138,11441,16.0,41.0,0.5995794744234294,0.13731852811750156,0.013499200975887948,0.12932702427137646,0.14531003196362666,Punjab,Mohali
22024,crim_sessions,2046,13.0,38.0,0.5340717898231407,0.11472616774682672,0.03440698626723695,0.09578583914622092,0.13366649634743252,Punjab,Mohali
22024,other,19847,24.0,55.0,0.6943247506197846,0.32083494553526387,0.05975991663718125,0.3133061944562601,0.3283636966142676,Punjab,Mohali
22026,civ_execution,5656,27.0,51.0,0.7880428248323512,0.2767221361016846,0.0417658960579865,0.2636549806500697,0.2897892915532995,Punjab,Fazilka
22026,civ_family,3535,15.0,38.0,0.5821634791885069,0.11522111484212536,0.007185930417390393,0.10338259192276712,0.1270596377614836,Punjab,Fazilka
22026,civ_mact,371,22.0,37.0,0.7585436430237641,0.10071396082391709,0.013428528109855616,0.0626648080622074,0.1387631135856268,Punjab,Fazilka
22026,civ_misc,19033,1.0,24.0,0.2297005200397038,0.034117974607473074,0.0031776102890700287,0.031236146364152083,0.036999802850794065,Punjab,Fazilka
22026,civ_suit,15405,16.0,41.0,0.5965417995865488,0.13374112988015147,0.012071215641258733,0.12786248912324047,0.13961977063706246,Punjab,Fazilka
22026,crim_bail,11450,1.0,2.0,0.0011971660153214448,,,,,Punjab,Fazilka
22026,crim_magisterial,9183,6.0,26.0,0.30946622338979807,0.03390047329786894,0.0024700436061048364,0.02956150421415275,0.03823944238158513,Punjab,Fazilka
22026,crim_ni138,16085,14.0,36.0,0.5572090606932525,0.09054765273592198,0.006799065762533674,0.08482421638387642,0.09627108908796754,Punjab,Fazilka
22026,crim_sessions,2948,16.0,39.0,0.5829490647687404,0.12904469127960513,0.019837326942225373,0.11512159262277838,0.1429677899364319,Punjab,Fazilka
22026,other,19763,12.0,43.0,0.4756394165093657,0.14494228627058922,0.022466841381947447,0.13969853964367843,0.15018603289750002,Punjab,Fazilka
23001,civ_execution,7736,59.0,,0.8039997998378713,0.6307464428992964,0.49322604575968765,0.6184255568923678,0.643067328906225,Madhya Pradesh,Jabalpur
23001,civ_mact,27617,21.0,67.0,0.6930032163816685,0.3012815007324597,0.1385751473783876,0.29496409324852946,0.3075989082163899,Madhya Pradesh,Jabalpur
23001,civ_misc,1976,40.0,83.0,0.7864478832043124,0.5307331263453778,0.30424605154836,0.506019270906432,0.5554469817843237,Madhya Pradesh,Jabalpur
23001,civ_suit,20417,33.0,,0.7428455016095438,0.4614799937148904,0.30853668086768754,0.45372721336649935,0.46923277406328145,Madhya Pradesh,Jabalpur
23001,crim_bail,13915,0.0,1.0,0.0015318145076125367,0.0003063629015225074,,0.0,0.0007053975175274926,Madhya Pradesh,Jabalpur
23001,crim_magisterial,181680,5.0,92.0,0.4377224492647186,0.30440639375910145,0.21078224422525343,0.30211439735356777,0.3066983901646351,Madhya Pradesh,Jabalpur
23001,crim_sessions,31111,30.0,77.0,0.7232191077833905,0.4252953950568023,0.21176689114760008,0.4190292974641784,0.4315614926494262,Madhya Pradesh,Jabalpur
23001,other,36133,12.0,79.0,0.48865037734715927,0.2682199152995172,0.158948636515473,0.2629366609746671,0.2735031696243673,Madhya Pradesh,Jabalpur
23002,civ_execution,2026,36.0,,0.7219112584865953,0.49924002392796196,0.36984336532256296,0.4743657383804456,0.5241143094754783,Madhya Pradesh,Narsinghpur
23002,civ_mact,1507,17.0,45.0,0.6552638295918612,0.14837556988454212,0.04661128825708835,0.12711922724359875,0.16963191252548548,Madhya Pradesh,Narsinghpur
23002,civ_misc,710,29.0,67.0,0.7479230190744287,0.4223701759606808,0.1724685017636161,0.3816391578568816,0.4631011940644801,Madhya Pradesh,Narsinghpur
23002,civ_suit,3966,18.0,61.0,0.6471940527877724,0.23076736571044068,0.10253531841221883,0.2156731889892033,0.24586154243167807,Madhya Pradesh,Narsinghpur
23002,crim_bail,3309,0.0,1.0,0.003022061045633117,,,,,Madhya Pradesh,Narsinghpur
23002,crim_magisterial,52052,1.0,57.0,0.3294366320903068,0.1743497631813108,0.08809029970491272,0.17067602975397864,0.17802349660864294,Madhya Pradesh,Narsinghpur
23002,crim_sessions,14753,32.0,66.0,0.7739529668353891,0.4530759985337188,0.18431640874351335,0.44447196872125216,0.4616800283461855,Madhya Pradesh,Narsinghpur
23002,other,7429,13.0,67.0,0.5189967228542759,0.21066269441489172,0.11797193588901675,0.19986859059365164,0.2214567982361318,Madhya Pradesh,Narsinghpur
23003,civ_execution,2109,30.0,97.0,0.7372333614370745,0.43715333729639355,0.2835297824966058,0.41296668779406465,0.46133998679872246,Madhya Pradesh,Hoshangabad
23003,civ_mact,3617,16.0,47.0,0.6376965427146881,0.16143352328253194,0.05862573836959043,0.14799401168065537,0.1748730348844085,Madhya Pradesh,Hoshangabad
23003,civ_misc,1015,27.0,70.0,0.7612154001979199,0.34396339593955805,0.14689404529736877,0.3110188037800357,0.3769079880990804,Madhya Pradesh,Hoshangabad
23003,civ_suit,6048,19.0,66.0,0.653653511827002,0.2784848946926436,0.12857049736412432,0.2654597481292506,0.2915100412560366,Madhya Pradesh,Hoshangabad
23003,crim_bail,3999,0.0,1.0,0.0015003750937734454,,,,,Madhya Pradesh,Hoshangabad
23003,crim_magisterial,44307,8.0,65.0,0.4314606485158828,0.22689844332252052,0.12038149030546107,0.2225066701465445,0.23129021649849654,Madhya Pradesh,Hoshangabad
23003,crim_sessions,9621,29.0,78.0,0.7197810085601964,0.43728407607121317,0.25510336081586504,0.42645335012346447,0.44811480201896187,Madhya Pradesh,Hoshangabad
23003,other,6994,16.0,73.0,0.5812126053363014,0.2727624563319674,0.15440729266627348,0.26077189302077847,0.2847530196431563,Madhya Pradesh,Hoshangabad
23004,civ_execution,1129,36.0,,0.7996468498680304,0.4981531501070994,0.3114118117127606,0.4646488662267983,0.5316574339874004,Madhya Pradesh,Harda
23004,civ_mact,1092,17.0,39.0,0.6589650408530998,0.12365967412239444,0.02277941365412529,0.10208738778447052,0.14523196046031836,Madhya Pradesh,Harda
23004,civ_misc,780,20.0,50.0,0.7280445050978828,0.1947092280135439,0.03967796881988885,0.16487248110168917,0.22454597492539863,Madhya Pradesh,Harda
23004,civ_suit,3306,18.0,57.0,0.6277865014880858,0.24167300959847757,0.08821079218445702,0.2260243680300622,0.25732165116689293,Madhya Pradesh,Harda
23004,crim_bail,1439,0.0,0.0,0.006949270326615706,,,,,Madhya Pradesh,Harda
23004,crim_magisterial,23307,6.0,52.0,0.4049182148748848,0.18017996654513793,0.06713026377072473,0.17481218222072856,0.1855477508695473,Madhya Pradesh,Harda
23004,crim_sessions,2993,22.0,66.0,0.6962713015536217,0.31500468843269785,0.1716991448502999,0.29534202705558676,0.33466734980980894,Madhya Pradesh,Harda
23004,other,5256,11.0,46.0,0.42865429204888766,0.1376048912282855,0.06122487999619805,0.12721355224212558,0.14799623021444544,Madhya Pradesh,Harda
23005,civ_execution,579,47.0,101.0,0.7922795369128787,0.5976656394507283,0.3838920420573675,0.5534262614675272,0.6419050174339294,Madhya Pradesh,Umaria
23005,civ_mact,1036,16.0,45.0,0.6221715398504455,0.15558473975632114,0.06078202708461498,0.13072904658055506,0.18044043293208722,Madhya Pradesh,Umaria
23005,civ_misc,405,31.0,61.0,0.8885005022570354,0.38753314379246717,0.10176996639713322,0.3335660692350401,0.4415002183498942,Madhya Pradesh,Umaria
23005,civ_suit,1907,28.0,81.0,0.7607246512552596,0.39173697062138196,0.1986533997447991,0.3669884952703984,0.41648544597236553,Madhya Pradesh,Umaria
23005,crim_bail,958,0.0,1.0,,,,,,Madhya Pradesh,Umaria
23005,crim_magisterial,21702,8.0,70.0,0.44940623121667767,0.25892417542932067,0.143802236910527,0.2525934477616029,0.2652549030970384,Madhya Pradesh,Umaria
23005,crim_sessions,1434,24.0,65.0,0.6723712559244254,0.33370563491137883,0.1259533247515423,0.30660684171910935,0.3608044281036483,Madhya Pradesh,Umaria
23005,other,4955,6.0,43.0,0.37095575186091695,0.1308183939897672,0.05810349913035042,0.12035592360013192,0.14128086437940246,Madhya Pradesh,Umaria
23006,civ_execution,757,20.0,72.0,0.6571096610524564,0.35432988012869876,0.19693107924504613,0.31397937504218726,0.39468038521521026,Madhya Pradesh,Dindori
23006,civ_mact,2559,20.0,41.0,0.6956168017462087,0.12715665351891497,0.023569258658959737,0.11264724229029417,0.14166606474753576,Madhya Pradesh,Dindori
23006,civ_misc,422,19.0,61.0,0.6876288597709331,0.24931493345058184,0.12730271800858622,0.19375279962182135,0.30487706727934233,Madhya Pradesh,Dindori
23006,civ_suit,1487,19.0,55.0,0.678659183224596,0.20360275902953823,0.09184806512905909,0.17835982743589143,0.22884569062318502,Madhya Pradesh,Dindori
23006,crim_bail,1059,0.0,1.0,,,,,,Madhya Pradesh,Dindori
23006,crim_magisterial,17154,10.0,67.0,0.4676078269657363,0.2622365027915415,0.14646519471790406,0.2547136537192363,0.26975935186384664,Madhya Pradesh,Dindori
23006,crim_sessions,590,15.0,50.0,0.5492438443351209,0.24063847628048624,0.05846326849127122,0.19935611651210808,0.28192083604886436,Madhya Pradesh,Dindori
23006,other,2629,15.0,70.0,0.5583884159397579,0.23217248355147335,0.14123307114330724,0.2134204707611369,0.2509244963418098,Madhya Pradesh,Dindori
23007,civ_execution,850,23.0,90.0,0.6612833888989341,0.3624262451066941,0.2318204875597557,0.32369782233514127,0.4011546678782469,Madhya Pradesh,Panna
23007,civ_mact,1118,11.0,22.0,0.3973871542035904,0.033127471297468715,0.003072692989910143,0.021027189843031632,0.0452277527519058,Madhya Pradesh,Panna
23007,civ_misc,745,24.0,64.0,0.7649852830034629,0.34144340617470414,0.14286080710690274,0.30296041415155184,0.37992639819785645,Madhya Pradesh,Panna
23007,civ_suit,2781,16.0,44.0,0.5906504809366551,0.1514066813856163,0.04908681639087253,0.13541673123947662,0.167396631531756,Madhya Pradesh,Panna
23007,crim_bail,4147,0.0,1.0,0.0007234145165179646,0.00024113817217265488,0.0,0.0,0.0007137120015296325,Madhya Pradesh,Panna
23007,crim_magisterial,33131,6.0,52.0,0.39487559436816294,0.17062065263025183,0.05939516440091904,0.1660736528797019,0.17516765238080176,Madhya Pradesh,Panna
23007,crim_sessions,6527,9.0,42.0,0.40972098944193897,0.1317753897848878,0.034836840447622544,0.12207425481886866,0.1414765247509069,Madhya Pradesh,Panna
23007,other,6328,7.0,46.0,0.37415069356321756,0.13508441313168973,0.05966087492806458,0.12526819277239903,0.14490063349098042,Madhya Pradesh,Panna
23008,civ_execution,490,25.0,74.0,0.6241803160254805,0.3932163813943174,0.2586995840051003,0.3437522878657907,0.4426804749228441,Madhya Pradesh,Alirajpur
23008,civ_mact,1651,21.0,44.0,0.6837189287395551,0.1725974220863111,0.024387798907794505,0.1501473545532097,0.19504748961941248,Madhya Pradesh,Alirajpur
23008,civ_misc,323,13.0,39.0,0.5270484266280497,0.11628583954550348,0.011485021189679355,0.07404869102042033,0.15852298807058662,Madhya Pradesh,Alirajpur
23008,civ_suit,834,14.0,47.0,0.5457367943380317,0.17760600210743155,0.05528111537385216,0.14853511100659256,0.20667689320827054,Madhya Pradesh,Alirajpur
23008,crim_bail,1458,0.0,0.0,,,,,,Madhya Pradesh,Alirajpur
23008,crim_magisterial,15546,4.0,44.0,0.3378760044498709,0.13556448183056272,0.03975919155143687,0.12922821939954232,0.1419007442615831,Madhya Pradesh,Alirajpur
23008,crim_sessions,819,13.0,38.0,0.5023896776133496,0.10266192793390132,0.04404711214530003,0.07568386586788253,0.1296399899999201,Madhya Pradesh,Alirajpur
23008,other,1756,9.0,71.0,0.4237161509905277,0.20006917914392022,0.14319022882676155,0.17909610062711165,0.2210422576607288,Madhya Pradesh,Alirajpur
23009,civ_execution,1364,22.0,62.0,0.6316865988291127,0.33269243785844094,0.11407926237819842,0.30253424108948057,0.3628506346274013,Madhya Pradesh,Jhabua
23009,civ_mact,3852,15.0,34.0,0.5926455998256074,0.07940693265540717,0.0063568795521586905,0.06955718256674259,0.08925668274407175,Madhya Pradesh,Jhabua
23009,civ_misc,785,15.0,50.0,0.6047679746833926,0.22004350860027677,0.015147595987617161,0.18516428305328164,0.2549227341472719,Madhya Pradesh,Jhabua
23009,civ_suit,2571,15.0,47.0,0.5891917860392077,0.14852630956759127,0.051027051528894064,0.13184976697912124,0.16520285215606131,Madhya Pradesh,Jhabua
23009,crim_magisterial,26573,10.0,51.0,0.46497522094981925,0.19489020125842374,0.05537973022878888,0.18913806194293492,0.20064234057391256,Madhya Pradesh,Jhabua
23009,crim_sessions,3524,18.0,41.0,0.6014058757120029,0.1404335155486946,0.03758748285742025,0.12796624188956918,0.15290078920782002,Madhya Pradesh,Jhabua
23009,other,3671,11.0,43.0,0.45988199110388694,0.16153688530284244,0.043894905674780986,0.14780755315133468,0.1752662174543502,Madhya Pradesh,Jhabua
23010,civ_execution,2797,14.0,66.0,0.5273056666681329,0.21246032572704165,0.11523210280680472,0.19470951109091256,0.23021114036317075,Madhya Pradesh,Khandwa
23010,civ_mact,2478,14.0,28.0,0.6030119320540103,0.04075256409373491,,0.03151888059812868,0.049986247589341136,Madhya Pradesh,Khandwa
23010,civ_misc,860,19.0,41.0,0.6776524836125638,0.14369171773510095,0.024063423676457103,0.11680699290410616,0.17057644256609575,Madhya Pradesh,Khandwa
23010,civ_suit,4130,13.0,50.0,0.5105344204539332,0.15509108014948916,0.06356691454647295,0.14172456384445578,0.16845759645452255,Madhya Pradesh,Khandwa
23010,crim_bail,7334,0.0,1.0,0.00040905372238887456,0.0,,0.0,0.0,Madhya Pradesh,Khandwa
23010,crim_magisterial,47373,4.0,45.0,0.35391014208174576,0.1438389468458555,0.050709845637548184,0.14026588623987202,0.14741200745183897,Madhya Pradesh,Khandwa
23010,crim_sessions,14156,8.0,39.0,0.3519482006883499,0.1101906619745855,0.04739418774208699,0.10420956419016986,0.11617175975900115,Madhya Pradesh,Khandwa
23010,other,8480,10.0,43.0,0.44382579608144374,0.12598122328293015,0.05857273392231963,0.11784804785478989,0.13411439871107042,Madhya Pradesh,Khandwa
23011,civ_execution,2179,24.0,,0.5961122829943712,0.422844967422892,0.30977308191415276,0.40047036918764634,0.4452195656581377,Madhya Pradesh,Shahdol
23011,civ_mact,3218,10.0,50.0,0.447594945388992,0.16903683701443947,0.0650650784613373,0.1538911010719,0.18418257295697896,Madhya Pradesh,Shahdol
23011,civ_misc,1272,39.0,103.0,0.8170854824247309,0.51765794553611,0.37679509888549007,0.48790276080557315,0.5474131302666468,Madhya Pradesh,Shahdol
23011,civ_suit,4179,25.0,77.0,0.7290209745595175,0.34914981312073745,0.17087136379290535,0.3323327905923766,0.3659668356490983,Madhya Pradesh,Shahdol
23011,crim_bail,3737,0.0,1.0,0.003691111643170008,0.0026844448313963695,0.0,0.0009346012818853336,0.004434288380907405,Madhya Pradesh,Shahdol
23011,crim_magisterial,48421,15.0,72.0,0.524798939572404,0.3094831237769333,0.17196315344290888,0.3048790375468751,0.3140872100069915,Madhya Pradesh,Shahdol
23011,crim_sessions,3560,37.0,80.0,0.813814611128502,0.5014341293357731,0.25331979739036586,0.4825162999628237,0.5203519587087226,Madhya Pradesh,Shahdol
23011,other,10249,13.0,80.0,0.5070325870802238,0.25650939499051506,0.1570810772922792,0.24701471771718428,0.26600407226384587,Madhya Pradesh,Shahdol
23012,civ_execution,898,36.0,81.0,0.7062594897372008,0.49708820800284476,0.28871879318514065,0.4595643123843724,0.5346121036213171,Madhya Pradesh,Sheopur
23012,civ_mact,589,13.0,34.0,0.5395500612163285,0.08042802533776841,0.02001125868523047,0.05715416331235872,0.10370188736317809,Madhya Pradesh,Sheopur
23012,civ_misc,534,12.0,39.0,0.4719552266617232,0.1259981675740415,0.023779065939218615,0.09640745287913066,0.15558888226895234,Madhya Pradesh,Sheopur
23012,civ_suit,2678,20.0,70.0,0.6865537336734876,0.2794106865080797,0.14093431446456756,0.2604538455737205,0.29836752744243894,Madhya Pradesh,Sheopur
23012,crim_bail,1023,0.0,0.0,,,,,,Madhya Pradesh,Sheopur
23012,crim_magisterial,19748,12.0,64.0,0.4882885547848459,0.26718356550476297,0.1284129371963147,0.2603636111861545,0.27400351982337146,Madhya Pradesh,Sheopur
23012,crim_sessions,4561,35.0,61.0,0.772127783070818,0.43636483509499197,0.10351969914205486,0.4214386871185327,0.4512909830714512,Madhya Pradesh,Sheopur
23012,other,5000,6.0,46.0,0.38347996800923995,0.14691321546455166,0.053131876417980346,0.1357481200637083,0.15807831086539503,Madhya Pradesh,Sheopur
23013,civ_execution,1024,28.0,,0.663121051997253,0.4211568770372011,0.2725426236923789,0.3853390241181111,0.4569747299562911,Madhya Pradesh,Datia
23013,civ_mact,2359,8.0,28.0,0.30826545457133314,0.050808086874564076,0.011205057666809428,0.04044289304954274,0.061173280699585414,Madhya Pradesh,Datia
23013,civ_misc,508,15.0,58.0,0.5488087135752284,0.1930143009174525,0.08614424927854931,0.1511076851161256,0.2349209167187794,Madhya Pradesh,Datia
23013,civ_suit,3211,16.0,58.0,0.6055422109643789,0.2088958653998288,0.09267072128700682,0.19235218646496677,0.22543954433469082,Madhya Pradesh,Datia
23013,crim_bail,5983,0.0,1.0,0.00043277381151357445,,,,,Madhya Pradesh,Datia
23013,crim_magisterial,28652,10.0,69.0,0.47079286263725173,0.2659608334126732,0.1408271784957908,0.260212929517032,0.27170873730831435,Madhya Pradesh,Datia
23013,crim_sessions,5528,32.0,83.0,0.7204154602844588,0.45494144475179377,0.2275793784259423,0.4409682467335046,0.46891464277008293,Madhya Pradesh,Datia
23013,other,4219,11.0,61.0,0.4757893766702434,0.20873678697891637,0.10453199060870114,0.1941646476429699,0.22330892631486285,Madhya Pradesh,Datia
23014,civ_execution,3205,32.0,80.0,0.6685865964819734,0.4587656930004392,0.2792909795271824,0.438475762304555,0.4790556236963234,Madhya Pradesh,Rajgarh
23014,civ_mact,3338,16.0,41.0,0.6227912478088005,0.12308878106968096,0.0223483707808794,0.10997886410101018,0.13619869803835175,Madhya Pradesh,Rajgarh
23014,civ_misc,1112,21.0,56.0,0.681498318998846,0.25042210089798644,0.054255367901614934,0.21887536048547018,0.2819688413105027,Madhya Pradesh,Rajgarh
23014,civ_suit,4900,17.0,48.0,0.6432714606061875,0.1606155787728631,0.057339970471159726,0.14820417018543555,0.17302698736029062,Madhya Pradesh,Rajgarh
23014,crim_bail,403,0.0,1.0,,,,,,Madhya Pradesh,Rajgarh
23014,crim_magisterial,61908,12.0,58.0,0.492448465748151,0.2405595245778214,0.08152269512633185,0.23670794660427838,0.24441110255136442,Madhya Pradesh,Rajgarh
23014,crim_sessions,12323,36.0,68.0,0.7595346544145042,0.49454623336286585,0.17888408558574093,0.48530317799121925,0.5037892887345125,Madhya Pradesh,Rajgarh
23014,other,11492,13.0,57.0,0.5081043733248182,0.20477126399494242,0.08851593458100224,0.19599608439652694,0.2135464435933579,Madhya Pradesh,Rajgarh
23015,civ_execution,3273,36.0,,0.6826911348570947,0.4968519532606598,0.3384569230655145,0.4772523030774595,0.5164516034438601,Madhya Pradesh,Morena
23015,civ_mact,7603,22.0,52.0,0.761205514278499,0.237441441698026,0.053624271295916834,0.22667593158930588,0.24820695180674612,Madhya Pradesh,Morena
23015,civ_misc,777,26.0,62.0,0.72445346287529,0.31560351037114426,0.10615935958401122,0.27715643291769687,0.35405058782459164,Madhya Pradesh,Morena
23015,civ_suit,6218,17.0,64.0,0.6155313439280428,0.2321708149160231,0.11153437329576862,0.2201460068639566,0.24419562296808958,Madhya Pradesh,Morena
23015,crim_bail,7382,0.0,1.0,,,,,,Madhya Pradesh,Morena
23015,crim_magisterial,64357,20.0,91.0,0.5642913904793019,0.3863667899266177,0.26116402069570505,0.38220786626913195,0.3905257135841035,Madhya Pradesh,Morena
23015,crim_sessions,15153,40.0,84.0,0.7946216146894554,0.5191062684475104,0.32770310438649164,0.5106036661765574,0.5276088707184634,Madhya Pradesh,Morena
23015,other,13240,6.0,64.0,0.399381114149616,0.19900886666021594,0.10839634404497236,0.19104601699713455,0.20697171632329733,Madhya Pradesh,Morena
23016,civ_execution,2579,26.0,76.0,0.6597541951179792,0.40591304382485016,0.211328892653758,0.3838596714528992,0.42796641619680115,Madhya Pradesh,Mandleshwar
23016,civ_mact,4764,23.0,55.0,0.7398817962450117,0.24969602663919063,0.0703738053625058,0.2351537113979478,0.2642383418804335,Madhya Pradesh,Mandleshwar
23016,civ_misc,1282,30.0,77.0,0.7887297301281428,0.38655340549568384,0.18982662351926965,0.3558890879765523,0.4172177230148154,Madhya Pradesh,Mandleshwar
23016,civ_suit,5095,18.0,63.0,0.6126927311274643,0.2583428336907825,0.11300736715251047,0.24443038631291328,0.27225528106865166,Madhya Pradesh,Mandleshwar
23016,crim_bail,2178,0.0,0.0,0.0013774104683195577,0.00045913682277318597,0.00045913682277318597,0.0,0.001358838381200274,Madhya Pradesh,Mandleshwar
23016,crim_magisterial,51919,5.0,54.0,0.4028518453879751,0.1941393813951471,0.07409618689324497,0.19030329555053166,0.19797546723976256,Madhya Pradesh,Mandleshwar
23016,crim_sessions,15546,31.0,68.0,0.7269725950069954,0.42010103521960895,0.14284288663025585,0.41190259449881034,0.42829947594040757,Madhya Pradesh,Mandleshwar
23016,other,10458,29.0,76.0,0.6663024621899043,0.45213793092221943,0.2809303336447823,0.44188272222430947,0.4623931396201294,Madhya Pradesh,Mandleshwar
23017,civ_execution,2063,48.0,,0.7850396463740762,0.5823703181938623,0.3899187805482796,0.5587770556030189,0.6059635807847057,Madhya Pradesh,Neemuch
23017,civ_mact,1712,23.0,59.0,0.759345407456848,0.2807775157575436,0.09597875727761619,0.2561745323918575,0.30538049912322973,Madhya Pradesh,Neemuch
23017,civ_misc,884,31.0,78.0,0.7448614593871054,0.43085641203520153,0.21945066762666898,0.3946494586940715,0.4670633653763316,Madhya Pradesh,Neemuch
23017,civ_suit,4974,28.0,87.0,0.731958323797051,0.4163890274678257,0.23586587971120015,0.4006496104710472,0.4321284444646042,Madhya Pradesh,Neemuch
23017,crim_bail,1892,0.0,1.0,0.0010570824524312893,0.0005285412262156446,,0.0,0.001564208224702979,Madhya Pradesh,Neemuch
23017,crim_magisterial,25308,12.0,72.0,0.4981152564813757,0.30541893105810125,0.17330663571671448,0.2990111121489981,0.3118267499672044,Madhya Pradesh,Neemuch
23017,crim_sessions,8595,34.0,81.0,0.7673824924103765,0.45412968109204815,0.30238577455432447,0.44239814097274177,0.46586122121135454,Madhya Pradesh,Neemuch
23017,other,4692,17.0,79.0,0.5826867531340546,0.3109709869318493,0.17348775485213572,0.2956342980427046,0.32630767582099407,Madhya Pradesh,Neemuch
23018,civ_execution,2935,44.0,73.0,0.7763058691935781,0.5456941073009544,0.3134079424397005,0.5266216774937821,0.5647665371081266,Madhya Pradesh,Barwani
23018,civ_mact,4265,16.0,42.0,0.6304319489442581,0.13731171139278558,0.03450664079960401,0.12539561219564224,0.14922781058992893,Madhya Pradesh,Barwani
23018,civ_misc,502,23.0,57.0,0.7476914102375944,0.27028297668513956,0.08505021905495433,0.22643172108711426,0.31413423228316484,Madhya Pradesh,Barwani
23018,civ_suit,2064,19.0,61.0,0.6345740764208329,0.2591427376534937,0.1047436618728533,0.23610544075775952,0.2821800345492279,Madhya Pradesh,Barwani
23018,crim_bail,2459,0.0,1.0,0.013420089467263122,0.004880032533550226,,0.00212563966062418,0.007634425406476272,Madhya Pradesh,Barwani
23018,crim_magisterial,29246,2.0,41.0,0.3056632735010245,0.1244745246342828,0.04265244345503839,0.12006274289285661,0.128886306375709,Madhya Pradesh,Barwani
23018,crim_sessions,8092,43.0,69.0,0.7369408197562577,0.5396319199714669,0.29155474544417903,0.5283474299285974,0.5509164100143363,Madhya Pradesh,Barwani
23018,other,5434,8.0,58.0,0.4115208083798892,0.18066613512643057,0.09260604935032912,0.16909143446021832,0.1922408357926428,Madhya Pradesh,Barwani
23019,civ_execution,3779,26.0,100.0,0.6233151872877084,0.43956022053182287,0.2967405942534164,0.42106425816740156,0.45805618289624417,Madhya Pradesh,Shajapur
23019,civ_mact,3252,20.0,45.0,0.7249516206098068,0.16089977817444417,0.029514868665341417,0.146288651263021,0.17551090508586734,Madhya Pradesh,Shajapur
23019,civ_misc,1514,36.0,69.0,0.8290594165842832,0.48973438623065624,0.20581103299390402,0.46171451948771325,0.5177542529735992,Madhya Pradesh,Shajapur
23019,civ_suit,6793,18.0,69.0,0.6276786968570246,0.2774614661578507,0.1410129344237805,0.2647641702199911,0.29015876209571034,Madhya Pradesh,Shajapur
23019,crim_bail,1972,0.0,0.0,0.004131920967620761,,,,,Madhya Pradesh,Shajapur
23019,crim_magisterial,38493,11.0,62.0,0.4811023378406693,0.23462838902568164,0.10505903346019112,0.22967282041230433,0.23958395763905896,Madhya Pradesh,Shajapur
23019,crim_sessions,13277,45.0,73.0,0.8509751377521171,0.5800140767622307,0.2691523521249866,0.5710170471461412,0.5890111063783202,Madhya Pradesh,Shajapur
23019,other,8788,18.0,75.0,0.6025502177031864,0.31332166278834717,0.17793162773922072,0.3020226438131019,0.32462068176359243,Madhya Pradesh,Shajapur
23020,civ_execution,2587,47.0,103.0,0.8999424379091681,0.5901528019942189,0.380861670196793,0.5669584379161129,0.613347166072325,Madhya Pradesh,Chhindwara
23020,civ_mact,5758,20.0,67.0,0.7405491714756396,0.2288195247242007,0.11576806063813334,0.21634218541724443,0.24129686403115697,Madhya Pradesh,Chhindwara
23020,civ_misc,2418,30.0,53.0,0.8312829771470724,0.35655153709451876,0.04999768447476669,0.3346973196153446,0.3784057545736929,Madhya Pradesh,Chhindwara
23020,civ_suit,10884,17.0,59.0,0.6334114310680801,0.2281520000384417,0.09435083633733603,0.21892790185154917,0.2373760982253342,Madhya Pradesh,Chhindwara
23020,crim_bail,12457,0.0,1.0,0.0003211045998233917,0.0003211045998233917,,6.472619053284696e-06,0.0006357365805934987,Madhya Pradesh,Chhindwara
23020,crim_magisterial,84825,1.0,60.0,0.3763419127226209,0.20697108307930712,0.09617204214688457,0.203940806571537,0.21000135958707725,Madhya Pradesh,Chhindwara
23020,crim_sessions,16267,19.0,73.0,0.6321357714433348,0.2575134690366399,0.1427174627799617,0.2500308494626081,0.2649960886106717,Madhya Pradesh,Chhindwara
23020,other,19432,11.0,55.0,0.46596282452535936,0.1853832232187573,0.08329132612183403,0.17904081483292505,0.19172563160458955,Madhya Pradesh,Chhindwara
23021,civ_execution,1711,33.0,,0.7339218589179444,0.4801859201549641,0.33827065690073327,0.4531039559210709,0.5072678843888573,Madhya Pradesh,Sidhi
23021,civ_mact,2142,23.0,57.0,0.7638854471985465,0.2903253014752758,0.07056209145326867,0.2688990351985247,0.3117515677520269,Madhya Pradesh,Sidhi
23021,civ_misc,1624,32.0,67.0,0.8349347065187597,0.4609913142144258,0.18216734088763673,0.43287255918145273,0.48911006924739886,Madhya Pradesh,Sidhi
23021,civ_suit,5831,48.0,,0.8836075625774202,0.6216528637741537,0.3933291055932196,0.6073913204393608,0.6359144071089466,Madhya Pradesh,Sidhi
23021,crim_bail,4002,0.0,1.0,0.002248875562218891,0.0005711429999286072,0.0005711429999286072,0.0,0.0013482417859447616,Madhya Pradesh,Sidhi
23021,crim_magisterial,36595,19.0,81.0,0.5628368285872866,0.36581151130081113,0.2203939488384496,0.36038898156952887,0.3712340410320934,Madhya Pradesh,Sidhi
23021,crim_sessions,11543,24.0,70.0,0.6828014177579586,0.39202588075428113,0.2063009418127897,0.38251361820773244,0.4015381433008298,Madhya Pradesh,Sidhi
23021,other,8441,24.0,89.0,0.6588520139578762,0.3740143923789943,0.21862855682831184,0.3623107513028001,0.3857180334551885,Madhya Pradesh,Sidhi
23022,civ_execution,1157,26.0,84.0,0.7782828228762018,0.36773642346824814,0.19515321394621205,0.3340335126040017,0.40143933433249457,Madhya Pradesh,Anuppur
23022,civ_mact,1049,19.0,47.0,0.6587896964476685,0.19727319028622606,0.026934368757151394,0.1692543772868502,0.22529200328560192,Madhya Pradesh,Anuppur
23022,civ_misc,724,14.0,43.0,0.5481464366071028,0.1317082538613529,0.031853492273825765,0.10239052632599238,0.16102598139671342,Madhya Pradesh,Anuppur
23022,civ_suit,3235,26.0,82.0,0.7079281220621354,0.4103560607978951,0.24029042526626276,0.39069994590010204,0.43001217569568817,Madhya Pradesh,Anuppur
23022,crim_magisterial,21603,15.0,70.0,0.5269693146840723,0.31380804953027364,0.1666348021653537,0.3068158833402573,0.32080021572029,Madhya Pradesh,Anuppur
23022,crim_sessions,3160,13.0,54.0,0.5205704979997611,0.1840299967752186,0.06928425741177081,0.1684179524168737,0.1996420411335635,Madhya Pradesh,Anuppur
23022,other,5390,17.0,71.0,0.6051138985577205,0.2607399328324981,0.14878833611538816,0.2472083969690287,0.27427146869596747,Madhya Pradesh,Anuppur
23023,civ_execution,3074,37.0,84.0,0.7253822961904225,0.5037640738945407,0.33926515112873173,0.4828675870985725,0.5246605606905089,Madhya Pradesh,Shivpuri
23023,civ_mact,4161,14.0,40.0,0.5417091437597279,0.12419225776569336,0.03470833074428341,0.11268876443836853,0.13569575109301818,Madhya Pradesh,Shivpuri
23023,civ_misc,1247,23.0,60.0,0.7084641383292625,0.30930256502456516,0.09403680135423653,0.28007565503521303,0.3385294750139173,Madhya Pradesh,Shivpuri
23023,civ_suit,5651,13.0,52.0,0.5340187721111815,0.16652597029636754,0.07506239925337276,0.1555264621617154,0.17752547843101968,Madhya Pradesh,Shivpuri
23023,crim_bail,793,0.0,0.0,,,,,,Madhya Pradesh,Shivpuri
23023,crim_magisterial,55762,11.0,58.0,0.46688466821587815,0.21813569886215908,0.08643053524681929,0.21431362526223902,0.22195777246207915,Madhya Pradesh,Shivpuri
23023,crim_sessions,19325,16.0,60.0,0.5761039278642378,0.28975648220222483,0.09966700220407786,0.28285173183697926,0.2966612325674704,Madhya Pradesh,Shivpuri
23023,other,9996,9.0,58.0,0.422132640013025,0.1769102484105417,0.08713606885229176,0.16839930244230172,0.18542119437878168,Madhya Pradesh,Shivpuri
23024,civ_execution,2932,31.0,85.0,0.7612784938575512,0.44734447786599524,0.24371074926262748,0.425509662204351,0.4691792935276395,Madhya Pradesh,Raisen
23024,civ_mact,1915,13.0,35.0,0.5466578390763465,0.0864027373590005,0.017666484142858492,0.07192474800208219,0.10088072671591881,Madhya Pradesh,Raisen
23024,civ_misc,1003,18.0,67.0,0.625154187316905,0.2563538749672554,0.15635809624603775,0.22490663086774526,0.2878011190667656,Madhya Pradesh,Raisen
23024,civ_suit,3801,15.0,53.0,0.588409170193519,0.1932819648538428,0.06704939745191772,0.1789463054414885,0.2076176242661971,Madhya Pradesh,Raisen
23024,crim_bail,4488,0.0,1.0,0.0011140819964349383,,,,,Madhya Pradesh,Raisen
23024,crim_magisterial,39296,17.0,67.0,0.5569162677884527,0.3082503837373662,0.15488588869273612,0.3030457604359476,0.31345500703878476,Madhya Pradesh,Raisen
23024,crim_sessions,9753,33.0,65.0,0.8046994471804336,0.4114632150276315,0.12729844157867928,0.40056735482344336,0.42235907523181965,Madhya Pradesh,Raisen
23024,other,6088,14.0,65.0,0.517612662940941,0.24685594054035434,0.12416876192610152,0.23403784721067725,0.2596740338700314,Madhya Pradesh,Raisen
23025,civ_execution,2033,35.0,83.0,0.7565949118953589,0.48887264535652725,0.25665696418246015,0.46181039366518906,0.5159348970478654,Madhya Pradesh,Sehore
23025,civ_mact,2622,15.0,39.0,0.5858721787464635,0.11986111581741084,0.02168747264820743,0.10614576211155677,0.1335764695232649,Madhya Pradesh,Sehore
23025,civ_misc,1072,16.0,57.0,0.5910280540346258,0.19069909773121668,0.08079550265504526,0.16373926198565977,0.2176589334767736,Madhya Pradesh,Sehore
23025,civ_suit,4975,16.0,55.0,0.5866139243226394,0.19561946081882622,0.08058756341780923,0.18271248771351165,0.2085264339241408,Madhya Pradesh,Sehore
23025,crim_bail,2321,0.0,0.0,0.000430848772081,,,,,Madhya Pradesh,Sehore
23025,crim_magisterial,37732,10.0,57.0,0.4514386633806841,0.21241353940573743,0.08042998370401737,0.20757054374956166,0.2172565350619132,Madhya Pradesh,Sehore
23025,crim_sessions,14157,31.0,62.0,0.7173304789187726,0.4413915342304894,0.12005722954181786,0.4325696917747676,0.45021337668621114,Madhya Pradesh,Sehore
23025,other,7305,13.0,57.0,0.5117277315128418,0.1989337220618497,0.08233824370691833,0.18822801448845802,0.20963942963524138,Madhya Pradesh,Sehore
23026,civ_execution,1450,43.0,89.0,0.8192385469127949,0.547367743134644,0.33375977322665407,0.5160166208428953,0.5787188654263926,Madhya Pradesh,Balaghat
23026,civ_mact,2796,19.0,47.0,0.7337852333375602,0.1814906698275851,0.026004552478084225,0.16557280934164703,0.19740853031352318,Madhya Pradesh,Balaghat
23026,civ_misc,1460,35.0,69.0,0.8124929662976705,0.4932083409291396,0.3091396950318462,0.46407026242577565,0.5223464194325036,Madhya Pradesh,Balaghat
23026,civ_suit,5811,20.0,62.0,0.6915062573018046,0.27246588139576605,0.10770154691148266,0.25933185246298374,0.28559991032854837,Madhya Pradesh,Balaghat
23026,crim_bail,1687,0.0,1.0,0.002371072910491996,,,,,Madhya Pradesh,Balaghat
23026,crim_magisterial,53586,2.0,54.0,0.3490276474860073,0.1720596849175995,0.07717594128306662,0.1684804341451593,0.17563893569003966,Madhya Pradesh,Balaghat
23026,crim_sessions,3828,18.0,62.0,0.6157071641098399,0.25146235517652066,0.10923620344670733,0.23488411405079873,0.2680405963022426,Madhya Pradesh,Balaghat
23026,other,9871,15.0,58.0,0.5496424642952702,0.2215560862833103,0.08863563667597696,0.2121485693230413,0.2309636032435793,Madhya Pradesh,Balaghat
23027,civ_execution,2119,34.0,,0.7486475146759306,0.47439497294715816,0.3095081286617152,0.4501776964520834,0.4986122494422329,Madhya Pradesh,Damoh
23027,civ_mact,4484,11.0,28.0,0.43966036024882726,0.04019164542258662,0.008368171566483378,0.03330563324362526,0.04707765760154797,Madhya Pradesh,Damoh
23027,civ_misc,622,11.0,37.0,0.45604985128897585,0.10035622410867032,0.03402418332197457,0.0712800319964267,0.12943241622091395,Madhya Pradesh,Damoh
23027,civ_suit,4245,16.0,70.0,0.5878842570795555,0.23220337760004828,0.12692612419533952,0.217436402511062,0.24697035268903456,Madhya Pradesh,Damoh
23027,crim_bail,6531,0.0,1.0,0.00183739090491502,0.0007655795437145914,0.0,9.47764102680953e-05,0.0014363826771610876,Madhya Pradesh,Damoh
23027,crim_magisterial,49313,6.0,53.0,0.38795143471731525,0.17294797117499133,0.07528071598861522,0.1691538643338192,0.17674207801616346,Madhya Pradesh,Damoh
23027,crim_sessions,21533,41.0,90.0,0.7875723984617031,0.5296772232126412,0.28936653960559483,0.5227506548518278,0.5366037915734546,Madhya Pradesh,Damoh
23027,other,7910,12.0,81.0,0.4985342122951066,0.22257171603676998,0.13528902616827518,0.2123818119096971,0.23276162016384286,Madhya Pradesh,Damoh
23028,civ_execution,2272,52.0,,0.8014135496641458,0.6034784194969451,0.43509075285907284,0.5787739990176226,0.6281828399762677,Madhya Pradesh,Vidisha
23028,civ_mact,1862,18.0,57.0,0.6952198998251647,0.21413948661890564,0.09349209745566146,0.19243482296735184,0.23584415027045944,Madhya Pradesh,Vidisha
23028,civ_misc,1414,25.0,64.0,0.7381456570565839,0.3537468446900626,0.13090710715029594,0.3235267800575507,0.38396690932257455,Madhya Pradesh,Vidisha
23028,civ_suit,5177,20.0,73.0,0.6747555523047907,0.2834864267484286,0.15275853452149377,0.2691540440393405,0.2978188094575167,Madhya Pradesh,Vidisha
23028,crim_bail,6796,0.0,1.0,0.0003060623896409655,,,,,Madhya Pradesh,Vidisha
23028,crim_magisterial,46670,14.0,68.0,0.5204395094087356,0.3182370381879252,0.1742843349989344,0.3132970252815367,0.3231770510943137,Madhya Pradesh,Vidisha
23028,crim_sessions,9974,30.0,75.0,0.770148475057557,0.4322894969306497,0.19203954750977384,0.4209993020266378,0.4435796918346616,Madhya Pradesh,Vidisha
23028,other,8243,9.0,64.0,0.4260988348522084,0.204350930650619,0.11134671797062554,0.19444638589090016,0.21425547541033782,Madhya Pradesh,Vidisha
23029,civ_execution,2124,27.0,97.0,0.653535073022028,0.43870646833332627,0.31050159427131047,0.41565815310268145,0.4617547835639711,Madhya Pradesh,Bhind
23029,civ_mact,2308,17.0,42.0,0.665947602411268,0.14377778397261548,0.024935372502291348,0.12634948115934552,0.16120608678588544,Madhya Pradesh,Bhind
23029,civ_misc,1433,20.0,62.0,0.682397323797059,0.268421510829186,0.10606484893999787,0.24209354621048365,0.2947494754478884,Madhya Pradesh,Bhind
23029,civ_suit,10122,20.0,70.0,0.6683791710499829,0.2805309715925117,0.13973889047857688,0.2702183191226143,0.29084362406240916,Madhya Pradesh,Bhind
23029,crim_bail,10734,0.0,1.0,0.0004002511921274726,0.0,,0.0,0.0,Madhya Pradesh,Bhind
23029,crim_magisterial,45672,19.0,70.0,0.5919869316205106,0.33005316543763286,0.16226949200938487,0.32502836133944474,0.335077969535821,Madhya Pradesh,Bhind
23029,crim_sessions,7838,28.0,69.0,0.7086450371666735,0.4124915549101873,0.19234830336706024,0.4006600599294259,0.4243230498909487,Madhya Pradesh,Bhind
23029,other,10868,15.0,78.0,0.5408812629483882,0.247855895384456,0.14445063831183833,0.2385790848776335,0.2571327058912785,Madhya Pradesh,Bhind
23030,civ_execution,3798,56.0,,0.831332714932783,0.6370097641959925,0.47612690809606206,0.6181658517599178,0.6558536766320673,Madhya Pradesh,Guna
23030,civ_mact,2393,16.0,43.0,0.6188494063443889,0.15825927896065833,0.027737615744139903,0.14116935146577306,0.1753492064555436,Madhya Pradesh,Guna
23030,civ_misc,1627,33.0,71.0,0.8060432187128972,0.4549338862028235,0.2186132641750912,0.4283146381300857,0.4815531342755613,Madhya Pradesh,Guna
23030,civ_suit,5905,17.0,72.0,0.623766877877049,0.2350272667558319,0.13293242895832266,0.22246700001451447,0.24758753349714935,Madhya Pradesh,Guna
23030,crim_bail,1678,0.0,0.0,0.0020113230035756864,,,,,Madhya Pradesh,Guna
23030,crim_magisterial,40359,14.0,70.0,0.5205831447911995,0.26780897601688775,0.14411743129769153,0.2628157571985104,0.2728021948352651,Madhya Pradesh,Guna
23030,crim_sessions,7449,26.0,71.0,0.7663621792784634,0.3641002608414513,0.158726529158035,0.35070627489560874,0.3774942467872939,Madhya Pradesh,Guna
23030,other,9792,7.0,63.0,0.39672620896647065,0.18030316005469152,0.10433726362904358,0.1716163294985098,0.18898999061087324,Madhya Pradesh,Guna
23031,civ_execution,1179,68.0,,0.8863651830545315,0.6890039034646981,0.555876917566376,0.6580167779283622,0.719991029001034,Madhya Pradesh,Singrauli
23031,civ_mact,1442,23.0,60.0,0.752678118137468,0.28899607739969346,0.09521880503738635,0.26067081454565877,0.31732134025372816,Madhya Pradesh,Singrauli
23031,civ_misc,988,66.0,,0.9339253541475074,0.7579822304432114,0.5837863311304965,0.7269313436763819,0.789033117210041,Madhya Pradesh,Singrauli
23031,civ_suit,3875,48.0,,0.8975654849599987,0.6267167633972922,0.37748357006429817,0.6086767995676309,0.6447567272269535,Madhya Pradesh,Singrauli
23031,crim_magisterial,42465,23.0,92.0,0.5657117195760112,0.4072112774819772,0.27642363817781984,0.4020076104818585,0.4124149444820959,Madhya Pradesh,Singrauli
23031,crim_sessions,13884,41.0,82.0,0.8694390292259432,0.5920495945034286,0.24510344848418844,0.583492364777274,0.6006068242295833,Madhya Pradesh,Singrauli
23031,other,5986,29.0,100.0,0.6843388635523928,0.4291027240444587,0.2606713297074016,0.414423947834548,0.4437815002543694,Madhya Pradesh,Singrauli
23032,civ_execution,4251,54.0,,0.8291917912947523,0.6315851282458721,0.45532683232848137,0.6152744002599587,0.6478958562317855,Madhya Pradesh,Satna
23032,civ_mact,13263,14.0,48.0,0.5290251523488101,0.1732853295878464,0.0568524115999388,0.16600598638018063,0.18056467279551217,Madhya Pradesh,Satna
23032,civ_misc,2754,44.0,96.0,0.8914886295942241,0.5896801134973904,0.32659572503617645,0.5685297920054954,0.6108304349892854,Madhya Pradesh,Satna
23032,civ_suit,11090,35.0,91.0,0.7973180774984527,0.49028501685497866,0.2867686492656383,0.47958306742593015,0.5009869662840272,Madhya Pradesh,Satna
23032,crim_magisterial,58372,22.0,85.0,0.593602277043847,0.3879955107826145,0.2381472543720803,0.38361269785634367,0.39237832370888537,Madhya Pradesh,Satna
23032,crim_sessions,26124,20.0,71.0,0.6641573281587436,0.3070199028118365,0.1538415486996397,0.30095012887731365,0.31308967674635935,Madhya Pradesh,Satna
23032,other,13127,19.0,79.0,0.5892705416322781,0.3237425741144524,0.1816393531142807,0.3147355427903353,0.3327496054385695,Madhya Pradesh,Satna
23033,civ_execution,1544,53.0,,0.8323366835659897,0.6099046285553776,0.4502905257757897,0.579883688740568,0.6399255683701873,Madhya Pradesh,Seoni
23033,civ_mact,4604,23.0,56.0,0.7668513019756605,0.2553369071886876,0.08502862944353567,0.24090073494514744,0.26977307943222784,Madhya Pradesh,Seoni
23033,civ_misc,978,51.0,82.0,0.9257560942040065,0.6545457139327717,0.39871290670129106,0.6207487632944835,0.68834266457106,Madhya Pradesh,Seoni
23033,civ_suit,5922,29.0,78.0,0.7624584829794029,0.4041591410580688,0.2123621656992882,0.3900175012822857,0.41830078083385197,Madhya Pradesh,Seoni
23033,crim_bail,2531,0.0,1.0,0.0017779533781114192,0.00044448834452785486,,0.0,0.0013094410350616504,Madhya Pradesh,Seoni
23033,crim_magisterial,61040,0.0,66.0,0.3640961421314146,0.24932754232141247,0.1295303907905283,0.24567468287505215,0.2529804017677728,Madhya Pradesh,Seoni
23033,crim_sessions,4998,29.0,80.0,0.7160923198124434,0.42927938055533427,0.23571214509403174,0.41251231604175964,0.4460464450689089,Madhya Pradesh,Seoni
23033,other,5897,26.0,81.0,0.6969050840937197,0.38523935751963667,0.19098850555938426,0.3708613576106943,0.39961735742857907,Madhya Pradesh,Seoni
23034,civ_execution,1830,56.0,93.0,0.7826231023061426,0.6023941595452417,0.47136895421820313,0.5772212849843716,0.6275670341061117,Madhya Pradesh,Katni
23034,civ_mact,9439,20.0,61.0,0.6855310832708089,0.2649381014368192,0.10590570530676352,0.25500067687621836,0.27487552599742,Madhya Pradesh,Katni
23034,civ_misc,1207,29.0,71.0,0.7671045621885888,0.438900062738881,0.2359685362162407,0.4065750441571986,0.4712250813205634,Madhya Pradesh,Katni
23034,civ_suit,6585,22.0,70.0,0.6987572160520149,0.3086997802036685,0.142211132900005,0.29592795980162157,0.32147160060571545,Madhya Pradesh,Katni
23034,crim_bail,8545,0.0,1.0,0.001638385020479813,0.0009027835827133665,0.00045139179135668324,0.0002531170703227475,0.0015524500951039854,Madhya Pradesh,Katni
23034,crim_magisterial,69642,3.0,62.0,0.38105802685309786,0.2102365909810877,0.10853850050209034,0.20686541076103013,0.2136077712011453,Madhya Pradesh,Katni
23034,crim_sessions,10948,30.0,71.0,0.7021996529279092,0.44879472984734403,0.21228722473155637,0.4387264465614148,0.45886301313327327,Madhya Pradesh,Katni
23034,other,12449,9.0,56.0,0.40849514597980735,0.17212427726169122,0.08806286450366557,0.164673970604834,0.17957458391854844,Madhya Pradesh,Katni
23035,civ_execution,2868,34.0,100.0,0.7108253512582693,0.477943652961253,0.32712162706896136,0.45709630515102334,0.4987910007714827,Madhya Pradesh,Mandsaur
23035,civ_mact,4137,24.0,58.0,0.7259068024312373,0.3158250227381131,0.08395506360562796,0.29981946280430627,0.3318305826719199,Madhya Pradesh,Mandsaur
23035,civ_misc,1706,26.0,67.0,0.693559961166832,0.3662314201016843,0.15304509498234128,0.34109972060640364,0.39136311959696496,Madhya Pradesh,Mandsaur
23035,civ_suit,11162,23.0,79.0,0.700611443022436,0.3396529544754209,0.18496417025892606,0.32962443056523966,0.3496814783856021,Madhya Pradesh,Mandsaur
23035,crim_bail,3723,0.0,0.0,0.002686005909212997,0.0012087026591458487,,0.0,0.003060272830061933,Madhya Pradesh,Mandsaur
23035,crim_magisterial,42702,17.0,77.0,0.549758711092759,0.3338830906748705,0.18935051716503987,0.32890342871650974,0.33886275263323123,Madhya Pradesh,Mandsaur
23035,crim_sessions,14031,31.0,79.0,0.8292362865796349,0.42217313372656573,0.18280070610234367,0.4129396252392597,0.43140664221387176,Madhya Pradesh,Mandsaur
23035,other,11595,17.0,73.0,0.5823645037733576,0.265713693038562,0.13862744838909857,0.2563125162345548,0.2751148698425692,Madhya Pradesh,Mandsaur
23036,civ_execution,1737,24.0,80.0,0.6908817219502671,0.38041665272361336,0.21059067231141793,0.35302594436574614,0.4078073610814806,Madhya Pradesh,Tikamgarh
23036,civ_mact,3311,23.0,48.0,0.8029620495250197,0.2386781074570944,0.03721610411496511,0.22220902053726163,0.2551471943769272,Madhya Pradesh,Tikamgarh
23036,civ_misc,1652,23.0,53.0,0.7198405004035601,0.2586030258315424,0.0765043013063087,0.2342658640046825,0.2829401876584023,Madhya Pradesh,Tikamgarh
23036,civ_suit,5818,18.0,53.0,0.6510531228204737,0.20794693503639175,0.07538674260180184,0.19599539722008508,0.21989847285269842,Madhya Pradesh,Tikamgarh
23036,crim_bail,10903,0.0,1.0,0.0013757681372099412,0.0005503072548839767,,0.00011009091979018463,0.0009905235899777686,Madhya Pradesh,Tikamgarh
23036,crim_magisterial,62433,14.0,65.0,0.5226305486590013,0.26432213293850504,0.12670616484964878,0.2603891628378242,0.26825510303918587,Madhya Pradesh,Tikamgarh
23036,crim_sessions,10037,15.0,50.0,0.5743567911126262,0.19908181234698388,0.05693257488899157,0.19031753482473332,0.20784608986923445,Madhya Pradesh,Tikamgarh
23036,other,11046,14.0,62.0,0.5429966292669277,0.21953512850807894,0.10547517177337609,0.21088625318747542,0.22818400382868245,Madhya Pradesh,Tikamgarh
23037,civ_execution,2598,22.0,78.0,0.6480331922044774,0.36657598010058573,0.203426634445149,0.3444038227945194,0.38874813740665204,Madhya Pradesh,Betul
23037,civ_mact,5812,19.0,55.0,0.665895158252409,0.21419318425529227,0.08293203250543008,0.20194489424079887,0.22644147426978567,Madhya Pradesh,Betul
23037,civ_misc,1603,30.0,69.0,0.7803027296987047,0.431862824144366,0.23502095744753845,0.4037122807836584,0.4600133675050736,Madhya Pradesh,Betul
23037,civ_suit,6676,14.0,48.0,0.5513497843842852,0.16333885966693462,0.057759763564696996,0.15290085724784006,0.1737768620860292,Madhya Pradesh,Betul
23037,crim_bail,562,0.0,1.0,0.0,,,,,Madhya Pradesh,Betul
23037,crim_magisterial,63957,2.0,53.0,0.3597889958967396,0.17553062623766294,0.0726921347612835,0.17225544745692045,0.17880580501840543,Madhya Pradesh,Betul
23037,crim_sessions,7425,19.0,61.0,0.6281141360259377,0.2782446079260479,0.10180587862171217,0.26667254890294906,0.2898166669491467,Madhya Pradesh,Betul
23037,other,11605,10.0,58.0,0.4554301767941494,0.19154439862788974,0.0912032915850393,0.18342481980916114,0.19966397744661835,Madhya Pradesh,Betul
23038,civ_execution,8031,28.0,71.0,0.7301630042282119,0.4069863162397687,0.17786172585550877,0.3939659868449783,0.42000664563455914,Madhya Pradesh,Dhar
23038,civ_mact,10993,18.0,48.0,0.6748566738748093,0.19859967337476744,0.0417447509757117,0.1899254308516133,0.20727391589792157,Madhya Pradesh,Dhar
23038,civ_misc,1576,28.0,61.0,0.7666510448947713,0.3699048349707237,0.1091150640518193,0.3416341045027653,0.39817556543868204,Madhya Pradesh,Dhar
23038,civ_suit,6253,18.0,53.0,0.619872990318813,0.21897117424913418,0.06787156096376451,0.20738009282481673,0.23056225567345162,Madhya Pradesh,Dhar
23038,crim_bail,2611,0.0,0.0,0.0,,,,,Madhya Pradesh,Dhar
23038,crim_magisterial,77356,6.0,61.0,0.43243316152464906,0.24284699596228793,0.10071331482434738,0.2394177471069134,0.24627624481766244,Madhya Pradesh,Dhar
23038,crim_sessions,11525,18.0,55.0,0.5935191486236434,0.243954794513385,0.07505857247551932,0.2349061901116917,0.2530033989150783,Madhya Pradesh,Dhar
23038,other,14972,12.0,57.0,0.48762047968748434,0.18777239013864677,0.08372121030629621,0.1807394768248295,0.19480530345246405,Madhya Pradesh,Dhar
23039,civ_execution,3232,7.0,83.0,0.4368411900430212,0.28613942786409324,0.18938255325577513,0.2686398425714731,0.3036390131567134,Madhya Pradesh,Chhatarpur
23039,civ_mact,3193,18.0,55.0,0.673110717265407,0.19937083616272508,0.07759566006709628,0.1825785481388386,0.21616312418661157,Madhya Pradesh,Chhatarpur
23039,civ_misc,1707,49.0,91.0,0.8676333312439065,0.5787592107753288,0.4202950946020742,0.5515852355140002,0.6059331860366574,Madhya Pradesh,Chhatarpur
23039,civ_suit,5462,20.0,64.0,0.6706907793242416,0.2526205022981085,0.10979918394324693,0.2388573011061235,0.2663837034900935,Madhya Pradesh,Chhatarpur
23039,crim_bail,3484,0.0,1.0,0.000861079219288173,,,,,Madhya Pradesh,Chhatarpur
23039,crim_magisterial,44511,19.0,69.0,0.5882401873864717,0.3318809181130349,0.167395638402477,0.3268941060473708,0.336867730178699,Madhya Pradesh,Chhatarpur
23039,crim_sessions,7875,24.0,68.0,0.7160014305012994,0.3649307526947645,0.15611482195240822,0.3523549208227897,0.3775065845667393,Madhya Pradesh,Chhatarpur
23039,other,9017,13.0,72.0,0.5113971189120119,0.2486910617210072,0.14116191522466037,0.23831548320736126,0.25906664023465314,Madhya Pradesh,Chhatarpur
23040,civ_execution,4765,22.0,67.0,0.6516502171836887,0.31672518080490525,0.15599548473606326,0.30080758692314485,0.33264277468666564,Madhya Pradesh,Dewas
23040,civ_mact,5504,17.0,37.0,0.6535321876385942,0.10205568012598278,0.012284870999757254,0.09314925825140788,0.11096210200055767,Madhya Pradesh,Dewas
23040,civ_misc,1070,23.0,59.0,0.7491469249102306,0.3336904345695435,0.0844142294771749,0.3001732790231684,0.3672075901159186,Madhya Pradesh,Dewas
23040,civ_suit,5804,17.0,59.0,0.5979136568491544,0.23039747928569254,0.09182417100324657,0.2178358874982966,0.24295907107308848,Madhya Pradesh,Dewas
23040,crim_bail,6902,0.0,1.0,0.0015603058199407083,0.0006419543944898915,0.0004279695963265944,0.0,0.0013035773079846564,Madhya Pradesh,Dewas
23040,crim_magisterial,71163,10.0,62.0,0.4730629625774641,0.2663820472941545,0.11509603384060006,0.2626945208588169,0.2700695737294921,Madhya Pradesh,Dewas
23040,crim_sessions,24460,35.0,64.0,0.7716027187253821,0.47670065213426605,0.13851931112040342,0.47006308890487325,0.48333821536365884,Madhya Pradesh,Dewas
23040,other,9504,15.0,58.0,0.5481998987971003,0.22602764292899488,0.09067586328027263,0.2162565087081312,0.23579877714985856,Madhya Pradesh,Dewas
23041,civ_execution,1571,37.0,,0.7103905589844766,0.5058896481795654,0.3185433145867567,0.4779261618368791,0.5338531345222517,Madhya Pradesh,Mandla
23041,civ_mact,8068,21.0,46.0,0.724261130010133,0.20977467895746768,0.03729334081709787,0.19993568601913334,0.21961367189580203,Madhya Pradesh,Mandla
23041,civ_misc,985,40.0,69.0,0.8740044640458893,0.5540198382498408,0.254068390655696,0.5203484070182693,0.5876912694814123,Madhya Pradesh,Mandla
23041,civ_suit,4075,18.0,61.0,0.6321345523371386,0.2611898494746917,0.10026569788944516,0.24601505686968056,0.27636464207970285,Madhya Pradesh,Mandla
23041,crim_bail,2346,0.0,1.0,0.0017050298380221654,0.00042625745950554135,,0.0,0.0012615439996439969,Madhya Pradesh,Mandla
23041,crim_magisterial,28045,4.0,37.0,0.28754670807723187,0.10315167470342562,0.042737390194862446,0.09912900646844762,0.10717434293840362,Madhya Pradesh,Mandla
23041,crim_sessions,2863,7.0,45.0,0.38567285517814587,0.14528307618191183,0.053695862366310715,0.1298301163008673,0.16073603606295636,Madhya Pradesh,Mandla
23041,other,9376,12.0,58.0,0.49195297962882784,0.18689892103255387,0.09351735775188397,0.17774261786596635,0.1960552241991414,Madhya Pradesh,Mandla
23042,civ_execution,3438,54.0,,0.8251365921869107,0.6389384303691331,0.47008686583694687,0.6207112738130027,0.6571655869252635,Madhya Pradesh,Ratlam
23042,civ_mact,3800,20.0,62.0,0.7045949260103661,0.2490753495133883,0.1072251875142769,0.23322017087915584,0.26493052814762075,Madhya Pradesh,Ratlam
23042,civ_misc,1190,36.0,84.0,0.7601451220192681,0.4962335931661851,0.2925939077282701,0.46455801345554715,0.527909172876823,Madhya Pradesh,Ratlam
23042,civ_suit,9505,21.0,83.0,0.651333695314933,0.33168234262052937,0.18716697670941848,0.321068563235577,0.34229612200548176,Madhya Pradesh,Ratlam
23042,crim_bail,6357,0.0,1.0,0.0023226116699402444,,,,,Madhya Pradesh,Ratlam
23042,crim_magisterial,54449,14.0,71.0,0.5179495905544402,0.3090728796520766,0.16295351161020508,0.30472239686536917,0.313423362438784,Madhya Pradesh,Ratlam
23042,crim_sessions,10921,33.0,83.0,0.7532677953653858,0.47184767072834144,0.2780720449393524,0.46144553953338857,0.4822498019232943,Madhya Pradesh,Ratlam
23042,other,10570,18.0,83.0,0.5848317160159356,0.29606000762125767,0.17614354049691391,0.28609741115441073,0.3060226040881046,Madhya Pradesh,Ratlam
23043,civ_execution,4013,42.0,,0.8157373202606797,0.5401366586613927,0.38302224959534964,0.5217029060584851,0.5585704112643003,Madhya Pradesh,Sagar
23043,civ_mact,9732,11.0,32.0,0.4334427783557031,0.07451019369904231,0.01894212761005055,0.06821691350056364,0.08080347389752099,Madhya Pradesh,Sagar
23043,civ_misc,1858,19.0,65.0,0.6245990458770041,0.281120759349587,0.11355218980296397,0.2582095611963649,0.30403195750280915,Madhya Pradesh,Sagar
23043,civ_suit,11479,19.0,71.0,0.6351665004961722,0.2831580833126242,0.14687247406130405,0.2737138847384112,0.29260228188683723,Madhya Pradesh,Sagar
23043,crim_bail,20035,0.0,1.0,0.0014482316144317164,0.0007200749823988056,0.0002400249941329352,0.00021957707827849164,0.0012205728865191195,Madhya Pradesh,Sagar
23043,crim_magisterial,108693,9.0,64.0,0.45682863855096906,0.2422648166844732,0.11832122159818227,0.2394138595537523,0.2451157738151941,Madhya Pradesh,Sagar
23043,crim_sessions,19496,27.0,67.0,0.7322052242774082,0.3354132899318805,0.1540318802322188,0.3280548380362717,0.3427717418274893,Madhya Pradesh,Sagar
23043,other,21135,7.0,63.0,0.39143438673222447,0.18997390447790236,0.10758930363355733,0.18400883689112454,0.19593897206468017,Madhya Pradesh,Sagar
23044,civ_execution,7565,23.0,89.0,0.6010451267519801,0.4062549143758329,0.275616418670117,0.3940327146185333,0.4184771141331325,Madhya Pradesh,Gwalior
23044,civ_mact,15608,15.0,41.0,0.576842418073358,0.1279563905153515,0.03956526281336485,0.12175895219702806,0.1341538288336749,Madhya Pradesh,Gwalior
23044,civ_misc,2499,15.0,61.0,0.568116820227449,0.20823928391435956,0.10554732076225569,0.1904186953057848,0.2260598725229343,Madhya Pradesh,Gwalior
23044,civ_suit,11440,28.0,97.0,0.73096551839469,0.42677342028729026,0.2675002167870635,0.4165795837247054,0.43696725684987514,Madhya Pradesh,Gwalior
23044,crim_bail,22377,0.0,1.0,0.0001391253316874381,,,,,Madhya Pradesh,Gwalior
23044,crim_magisterial,127632,6.0,67.0,0.4029919137174413,0.2178983602059453,0.13036271867689106,0.21536960622139947,0.22042711419049113,Madhya Pradesh,Gwalior
23044,crim_sessions,45401,26.0,77.0,0.7046740502208799,0.3859312070475181,0.19662430603741995,0.38098211646712754,0.39088029762790866,Madhya Pradesh,Gwalior
23044,other,24625,5.0,64.0,0.3612258844711424,0.19473481630004405,0.11099564384527628,0.18915119741481393,0.20031843518527417,Madhya Pradesh,Gwalior
23045,civ_execution,5012,30.0,98.0,0.7276248180608931,0.4373911144919032,0.2845436286185149,0.42078394549245024,0.4539982834913562,Madhya Pradesh,Ujjain
23045,civ_mact,5561,16.0,40.0,0.6405220414659292,0.12554875249513256,0.025586063892096635,0.1157759975272004,0.1353215074630647,Madhya Pradesh,Ujjain
23045,civ_misc,1769,16.0,55.0,0.5997200009801044,0.21300986463681323,0.08188578749035628,0.19249791421427037,0.2335218150593561,Madhya Pradesh,Ujjain
23045,civ_suit,13503,16.0,76.0,0.5777194650828185,0.2611960280482202,0.15460443020829187,0.2526637110105006,0.26972834508593974,Madhya Pradesh,Ujjain
23045,crim_bail,1269,0.0,0.0,0.014972419227738377,0.007880220646178092,0.003940110323089047,0.00301529168179055,0.012745149610565634,Madhya Pradesh,Ujjain
23045,crim_magisterial,99931,10.0,69.0,0.4586438361035933,0.2663150509440962,0.14372992434193643,0.2631329716774153,0.2694971302107771,Madhya Pradesh,Ujjain
23045,crim_sessions,46430,27.0,79.0,0.7150454250435949,0.3900353319809955,0.20703215710542122,0.3852432082274545,0.3948274557345365,Madhya Pradesh,Ujjain
23045,other,20009,10.0,68.0,0.44985069439982406,0.20060655028540414,0.11498724190838526,0.19427134596428122,0.20694175460652706,Madhya Pradesh,Ujjain
23046,civ_execution,5552,42.0,,0.7668308401391262,0.5344138929719451,0.41029408510841797,0.5196748691821925,0.5491529167616976,Madhya Pradesh,Rewa
23046,civ_mact,9007,27.0,98.0,0.7450115957671389,0.3955886122651782,0.2312789170200415,0.3840456550496769,0.4071315694806795,Madhya Pradesh,Rewa
23046,civ_misc,2896,39.0,94.0,0.8292560225478307,0.5450505228387428,0.30624757936857666,0.5235618756738907,0.5665391700035949,Madhya Pradesh,Rewa
23046,civ_suit,14964,49.0,,0.8359257922235942,0.596499750927423,0.4176931843094748,0.5874166851072306,0.6055828167476155,Madhya Pradesh,Rewa
23046,crim_bail,11036,0.0,1.0,0.001622400828644158,0.00044536493335329847,0.00022268246667664926,3.140232323043719e-05,0.0008593275434761597,Madhya Pradesh,Rewa
23046,crim_magisterial,67300,21.0,90.0,0.5682239324111648,0.40344735964697165,0.2695692546174057,0.3993586573085396,0.4075360619854037,Madhya Pradesh,Rewa
23046,crim_sessions,34849,33.0,86.0,0.7407304618527742,0.45600513425482003,0.2892945153587462,0.45035344180594644,0.4616568267036936,Madhya Pradesh,Rewa
23046,other,13730,20.0,93.0,0.5885163248915818,0.35919880289808354,0.22393429983012514,0.3499921107978866,0.36840549499828046,Madhya Pradesh,Rewa
23047,civ_execution,16097,53.0,,0.7804656456119005,0.5880187557074065,0.46475526139948053,0.5794679438626689,0.5965695675521441,Madhya Pradesh,Indore
23047,civ_mact,38890,19.0,70.0,0.6529840436362113,0.28672244162729427,0.1358805564116483,0.28165986511517493,0.2917850181394136,Madhya Pradesh,Indore
23047,civ_misc,2656,28.0,,0.733635755354394,0.4094946047454287,0.2343504105470171,0.38809804632362466,0.43089116316723275,Madhya Pradesh,Indore
23047,civ_suit,21494,30.0,,0.7372697370177326,0.4376357755768866,0.28917004074364344,0.4302401825080634,0.4450313686457098,Madhya Pradesh,Indore
23047,crim_bail,25623,0.0,1.0,0.005457493244256734,0.0020915356624198558,0.000896372426751367,0.0009249480867381192,0.003258123238101592,Madhya Pradesh,Indore
23047,crim_magisterial,345246,9.0,89.0,0.45750427951363504,0.28238733825274986,0.18251260764159355,0.28067107889899306,0.28410359760650666,Madhya Pradesh,Indore
23047,crim_sessions,98448,33.0,89.0,0.7263662947307072,0.464260509368164,0.271896904452829,0.4607556188394465,0.4677653998968815,Madhya Pradesh,Indore
23047,other,34702,11.0,,0.4842573900148781,0.297683223247254,0.198707304124966,0.2923252523219677,0.3030411941725403,Madhya Pradesh,Indore
23048,civ_execution,2089,62.0,104.0,0.8011246865617336,0.6239007383839268,0.5097084843933288,0.5971063269040076,0.650695149863846,Madhya Pradesh,Ashoknagr
23048,civ_mact,474,19.0,51.0,0.6561857165760533,0.20710230015468095,0.015815994359735224,0.16123459314909133,0.25297000716027057,Madhya Pradesh,Ashoknagr
23048,civ_misc,939,26.0,56.0,0.7818710736908182,0.3126933824882546,0.08353460074605067,0.27918780615084315,0.3461989588256661,Madhya Pradesh,Ashoknagr
23048,civ_suit,2758,30.0,75.0,0.8061660087937506,0.41094018823088074,0.19277732149753704,0.38916405621573275,0.43271632024602874,Madhya Pradesh,Ashoknagr
23048,crim_magisterial,21222,36.0,79.0,0.7149674129495157,0.4909679862156115,0.27682340244375153,0.4833928115990626,0.4985431608321604,Madhya Pradesh,Ashoknagr
23048,crim_sessions,3657,49.0,82.0,0.8453386084764852,0.6149275595951693,0.23448010975946398,0.5963201075459564,0.6335350116443822,Madhya Pradesh,Ashoknagr
23048,other,2158,27.0,92.0,0.6808509833112175,0.42204394939778417,0.2677678951018416,0.3977710665972509,0.4463168321983174,Madhya Pradesh,Ashoknagr
23049,civ_execution,1068,29.0,76.0,0.7102549471991744,0.4127011934279132,0.2181887942091512,0.3714443729566409,0.45395801389918555,Madhya Pradesh,Burhanpur
23049,civ_mact,676,14.0,37.0,0.5591930979605817,0.10506341567486123,0.03360221758960293,0.07669911705202784,0.13342771429769462,Madhya Pradesh,Burhanpur
23049,civ_misc,295,35.0,62.0,0.903861318175377,0.48527256193013835,0.11529413430140772,0.41539159492217076,0.5551535289381059,Madhya Pradesh,Burhanpur
23049,civ_suit,1864,16.0,63.0,0.5756232938129957,0.2329521354884294,0.11434503276617237,0.20856472203465073,0.25733954894220806,Madhya Pradesh,Burhanpur
23049,crim_bail,853,0.0,0.0,,,,,,Madhya Pradesh,Burhanpur
23049,crim_magisterial,19976,6.0,38.0,0.36737197555853796,0.10744890322900207,0.03411894387022514,0.10257947796945532,0.11231832848854881,Madhya Pradesh,Burhanpur
23049,crim_sessions,4227,22.0,59.0,0.7127313838444913,0.30248949224478516,0.09095570276572361,0.28518323466568113,0.3197957498238892,Madhya Pradesh,Burhanpur
23049,other,5237,15.0,64.0,0.5610461034742794,0.2792658177295645,0.17811781712768518,0.26561510343217287,0.2929165320269561,Madhya Pradesh,Burhanpur
23050,civ_execution,7785,36.0,,0.7580143459178399,0.4946103287589198,0.34433488737271206,0.4819398730856558,0.5072807844321838,Madhya Pradesh,Bhopal
23050,civ_mact,23291,16.0,41.0,0.6091803155279562,0.12946971383945596,0.03057294571748114,0.12466475161680375,0.1342746760621082,Madhya Pradesh,Bhopal
23050,civ_misc,2696,17.0,51.0,0.6229698360926491,0.1849479657434233,0.05834525388155454,0.16878141748450037,0.2011145140023462,Madhya Pradesh,Bhopal
23050,civ_suit,18081,20.0,75.0,0.6693057545228331,0.2952548301758579,0.15522753024524089,0.2875514088396619,0.3029582515120539,Madhya Pradesh,Bhopal
23050,crim_bail,40041,0.0,0.0,0.0002208262846371938,0.00016101916588128718,4.0254791470321795e-05,3.0454439062232633e-05,0.0002915838927003417,Madhya Pradesh,Bhopal
23050,crim_magisterial,254789,1.0,56.0,0.3273547445606098,0.1657976936972385,0.087036190790638,0.1642665046559249,0.16732888273855212,Madhya Pradesh,Bhopal
23050,crim_sessions,13226,27.0,63.0,0.727505793084722,0.3667682258427826,0.12025949442220357,0.3581633035815465,0.37537314810401873,Madhya Pradesh,Bhopal
23050,other,49636,3.0,47.0,0.3284697177686665,0.1373684867666535,0.06911195180251563,0.13386156880566405,0.14087540472764296,Madhya Pradesh,Bhopal
24001,civ_misc,2147,1.0,3.0,0.009892309702093722,0.0006182693563808577,,0.0,0.0018252894972895523,Sikkim,Namchi
24001,civ_suit,412,5.0,24.0,0.26124273584922153,0.030181081260900324,0.002743734660081849,0.0127116453556292,0.04765051716617145,Sikkim,Namchi
24001,crim_magisterial,4706,0.0,5.0,0.04989362584827225,0.0031074091589603746,,0.0012185274539176349,0.004996290864003114,Sikkim,Namchi
24002,civ_misc,208,1.0,2.0,0.015885556750941367,,,,,Sikkim,Mangan
24002,crim_magisterial,531,1.0,18.0,0.1317651716055278,0.022298721348627787,,0.00930423101202754,0.03529321168522803,Sikkim,Mangan
24003,civ_misc,1378,1.0,4.0,0.003642884160135619,,,,,Sikkim,Gyalshing
24003,crim_magisterial,2252,0.0,3.0,0.016349559617786513,0.0006233492229003571,,0.0,0.0018230374472532165,Sikkim,Gyalshing
24004,civ_mact,433,9.0,23.0,0.3826141755041494,0.004922653416404881,,0.0,0.01449526462287402,Sikkim,Gangtok
24004,civ_misc,3033,1.0,7.0,0.0680811544706462,0.007844517306956275,0.00044235999851257213,0.00437883971850167,0.01131019489541088,Sikkim,Gangtok
24004,civ_suit,1497,3.0,32.0,0.33577527850348604,0.0706725495479074,0.00885722588341079,0.056093084491681516,0.08525201460413329,Sikkim,Gangtok
24004,crim_bail,1798,0.0,0.0,0.0009626080260118077,,,,,Sikkim,Gangtok
24004,crim_magisterial,7092,2.0,26.0,0.22896660049275996,0.02651392234080671,0.003374499207011764,0.022168965205616925,0.030858879475996498,Sikkim,Gangtok
24004,crim_sessions,349,15.0,27.0,0.5902116945227722,0.021247569252301785,,0.0008010790206734106,0.04169405948393016,Sikkim,Gangtok
24004,other,1234,0.0,12.0,0.09177281186881096,0.020200422973571497,0.000958122828786,0.012073936805844128,0.028326909141298866,Sikkim,Gangtok
25001,civ_execution,222,20.0,81.0,0.6273323225798756,0.2975643804947568,0.1652588956136171,0.2242990903530774,0.37082967063643624,Manipur,Imphal East
25001,civ_misc,8275,1.0,11.0,0.09144552020113673,0.0271960289561433,0.012511073663787318,0.02290362650206816,0.03148843141021844,Manipur,Imphal East
25001,civ_suit,995,21.0,79.0,0.6226692842695879,0.34061575151660867,0.18097020028694602,0.30750043670365007,0.37373106632956726,Manipur,Imphal East
25001,crim_magisterial,6647,0.0,16.0,0.12141180006429796,0.046884628546666196,0.02078676013297313,0.04111835557097815,0.05265090152235424,Manipur,Imphal East
25001,other,3248,4.0,41.0,0.3203159085602974,0.13767893424641625,0.046699420577978046,0.12375626207188453,0.15160160642094797,Manipur,Imphal East
25002,civ_execution,297,45.0,,0.8174995042050931,0.5893941962714316,0.3831848757408211,0.522925304971331,0.6558630875715322,Manipur,Imphal West
25002,civ_misc,14681,1.0,25.0,0.15380331779051337,0.06855187724074793,0.029433807192190402,0.06398625120468959,0.07311750327680627,Manipur,Imphal West
25002,civ_suit,1760,32.0,,0.6996084623288237,0.4585196749535454,0.3184337883355164,0.4328240096322939,0.4842153402747969,Manipur,Imphal West
25002,crim_magisterial,8678,0.0,14.0,0.10408535842942608,0.03215316828870219,0.014054962274828102,0.027971918493598917,0.03633441808380546,Manipur,Imphal West
25002,other,15690,8.0,51.0,0.40555075851727646,0.16948169962125345,0.06934985091646696,0.1630566421876993,0.1759067570548076,Manipur,Imphal West
25003,civ_misc,2231,1.0,13.0,0.10131994674425464,0.035358015453207436,0.023175842061766223,0.025789659770372706,0.04492637113604217,Manipur,Bishnupur
25003,civ_suit,411,19.0,,0.634858352154498,0.30264492713884245,0.1906384746788832,0.2504828690222855,0.3548069852553994,Manipur,Bishnupur
25003,crim_bail,1368,0.0,2.0,0.028847553356427746,0.026443590576725434,,0.017321496502326277,0.03556568465112459,Manipur,Bishnupur
25003,crim_magisterial,1393,0.0,17.0,0.12213947168982867,0.06883529985483589,0.04784749053365706,0.05431607734296428,0.0833545223667075,Manipur,Bishnupur
25003,other,2265,1.0,18.0,0.12632777468766773,0.059093269526055266,0.03638738578915502,0.04772008805677612,0.07046645099533441,Manipur,Bishnupur
25004,civ_misc,4108,1.0,8.0,0.06589732987531044,0.022191672710095416,0.00866575649216536,0.01610412803351749,0.02827921738667334,Manipur,Thoubal
25004,civ_suit,401,25.0,,0.669447896962353,0.4163240481163295,0.29854903679266154,0.3617648455536776,0.4708832506789814,Manipur,Thoubal
25004,crim_bail,2341,0.0,4.0,0.021858233106006562,0.0,,0.0,0.0,Manipur,Thoubal
25004,crim_magisterial,805,2.0,37.0,0.28207574179295153,0.1006183937932795,0.0546900872285962,0.07745654112409284,0.12378024646246616,Manipur,Thoubal
25004,crim_sessions,644,3.0,30.0,0.19326953086752202,0.08475783400908006,,0.057796818271987,0.11171884974617312,Manipur,Thoubal
25004,other,793,3.0,38.0,0.25305630258118417,0.10110307097809561,0.04455664185733381,0.0737300503518114,0.1284760916043798,Manipur,Thoubal
25005,civ_misc,565,1.0,6.0,0.04412377608652113,0.00451265891793966,,0.0,0.013062131379213294,Manipur,Senapati
25005,other,201,27.0,89.0,0.6885573035093924,0.355770217337452,0.151668990600462,0.2861585249947308,0.4253819096801732,Manipur,Senapati
25006,civ_misc,884,0.0,8.0,0.08002949371484994,0.02548246917971486,0.019111851884786146,0.009845577710967526,0.041119360648462194,Manipur,Churachandpur
25006,other,523,1.0,22.0,0.17194041227758386,0.06035649558529865,0.03520795575809088,0.03581250867492122,0.08490048249567608,Manipur,Churachandpur
25009,civ_misc,761,0.0,7.0,0.06507949523397212,0.020048576751844863,0.010024288375922431,0.0029559526174897897,0.03714120088619993,Manipur,Tamenglong
25009,other,287,9.0,96.0,0.4430909596750256,0.22983079398752626,0.1709700473843713,0.17582403249806225,0.28383755547699024,Manipur,Tamenglong
26001,civ_execution,8123,12.0,47.0,0.49702226389501025,0.1614543972627558,0.05938525229604027,0.15130617647417038,0.1716026180513412,Delhi,North East
26001,civ_family,5206,3.0,23.0,0.19830762215163858,0.05421679595684855,0.029693869584521852,0.0469958537832622,0.0614377381304349,Delhi,North East
26001,civ_mact,4295,14.0,51.0,0.5290479552490296,0.2198338448120259,0.03544145460686619,0.20731252542087028,0.2323551642031815,Delhi,North East
26001,civ_misc,7092,4.0,21.0,0.18625757058201833,0.038834436381509733,0.01153104616335102,0.033661565126574755,0.04400730763644471,Delhi,North East
26001,civ_suit,18182,8.0,39.0,0.38103444868427927,0.11350460270139236,0.038736671671432285,0.10857390072474937,0.11843530467803534,Delhi,North East
26001,crim_bail,7268,0.0,1.0,0.0011771540390142473,0.0007847693593428316,,8.689947202325803e-05,0.0014826392466624051,Delhi,North East
26001,crim_magisterial,29352,27.0,,0.6689822377615202,0.42186400148890635,0.29674331823083283,0.4155854523434631,0.4281425506343496,Delhi,North East
26001,crim_sessions,2822,28.0,,0.750170932594517,0.40450992714612277,0.24157947989657835,0.38453291639911485,0.4244869378931307,Delhi,North East
26001,other,9706,10.0,41.0,0.4179103874057566,0.122797187533651,0.039236384121916976,0.11570736877883744,0.12988700628846456,Delhi,North East
26002,civ_execution,8046,18.0,73.0,0.6087296833974748,0.25985590388323576,0.13248037431080506,0.2474311670438142,0.2722806407226573,Delhi,Shahdara
26002,civ_family,9673,3.0,50.0,0.3072448556992327,0.14650987987136208,0.07595921737113577,0.13878986945044686,0.1542298902922773,Delhi,Shahdara
26002,civ_mact,4537,22.0,57.0,0.6492114892861799,0.28903139725622357,0.08285591234298911,0.2742776679193686,0.30378512659307855,Delhi,Shahdara
26002,civ_misc,5357,4.0,41.0,0.2820785774229728,0.11175664309270576,0.05571011894994765,0.10098783247330782,0.1225254537121037,Delhi,Shahdara
26002,civ_suit,15772,21.0,85.0,0.635124018508266,0.3404096860279516,0.18247748594975596,0.33216624406590034,0.3486531279900028,Delhi,Shahdara
26002,crim_bail,10484,0.0,1.0,0.003719954215948112,0.002479969477298741,,0.0010926787800117465,0.0038672601745857356,Delhi,Shahdara
26002,crim_magisterial,56702,37.0,,0.75486305217874,0.5004653406852805,0.3442783866387803,0.495806710984377,0.505123970386184,Delhi,Shahdara
26002,crim_sessions,2804,38.0,92.0,0.7786370756504115,0.510433810022644,0.3017072020899501,0.4897615379260851,0.5311060821192028,Delhi,Shahdara
26002,other,4874,17.0,81.0,0.5757493841544354,0.29113204041583135,0.17094561162927938,0.27536437387663976,0.30689970695502294,Delhi,Shahdara
26003,civ_execution,7632,14.0,69.0,0.5335791347621486,0.23811504049939206,0.12137899399374247,0.22633938993568103,0.24989069106310308,Delhi,East
26003,civ_family,2492,3.0,95.0,0.4062159457021493,0.27522217971666707,0.2145030790820508,0.2547363792457925,0.29570798018754163,Delhi,East
26003,civ_mact,2556,22.0,59.0,0.6903072337223286,0.26869322651117494,0.091046030979562,0.2501042844334653,0.2872821685888846,Delhi,East
26003,civ_misc,8651,6.0,40.0,0.2978683550959289,0.1109053409856297,0.055804187961884445,0.10338714556252071,0.11842353640873868,Delhi,East
26003,civ_suit,18946,17.0,92.0,0.5724238334835274,0.30214571530852896,0.18352328204385365,0.2950348224250717,0.30925660819198625,Delhi,East
26003,crim_bail,6936,0.0,1.0,0.000576701268742791,,,,,Delhi,East
26003,crim_magisterial,61097,22.0,107.0,0.6553148136915287,0.3645292985398873,0.22545737606115562,0.3602733828330274,0.3687852142467472,Delhi,East
26003,crim_sessions,7198,10.0,99.0,0.4806584502953009,0.33164463271903827,0.24180773401615696,0.31995825013777596,0.3433310153003006,Delhi,East
26003,other,4697,25.0,,0.6306023436671426,0.41813183107529067,0.26985837349964914,0.4025787482044762,0.43368491394610514,Delhi,East
26004,civ_execution,10577,16.0,62.0,0.5618416145138022,0.22179455118227132,0.10482829919852497,0.211516664313194,0.23207243805134864,Delhi,North
26004,civ_family,12141,1.0,23.0,0.18046343291119124,0.05193199831563964,0.02231906931575816,0.04737742641652805,0.05648657021475123,Delhi,North
26004,civ_mact,7677,18.0,75.0,0.5762160951912286,0.3121049771802761,0.16767148637943452,0.30100187409559287,0.3232080802649593,Delhi,North
26004,civ_misc,25756,3.0,16.0,0.12513819112326777,0.04083067312794467,0.02352973011137588,0.03798909034863959,0.04367225590724974,Delhi,North
26004,civ_suit,19501,20.0,103.0,0.6123604519460659,0.3369338206893364,0.21823221646201113,0.32964514567561537,0.34422249570305746,Delhi,North
26004,crim_bail,9745,0.0,1.0,0.00219585442776823,,,,,Delhi,North
26004,crim_magisterial,53430,42.0,,0.7170239458123816,0.5282343369979975,0.40907279216510045,0.5234957524112602,0.5329729215847347,Delhi,North
26004,crim_sessions,5043,38.0,,0.781143878541772,0.5087795785064162,0.35915283591743324,0.4933072008426559,0.5242519561701765,Delhi,North
26004,other,9795,18.0,,0.5873343788155825,0.34798699989728366,0.2575547893098322,0.33789495844437967,0.35807904135018764,Delhi,North
26005,civ_execution,10254,19.0,66.0,0.6242098861362362,0.2630764477435028,0.12124708525799946,0.2522227585090946,0.273930136977911,Delhi,North West
26005,civ_family,18433,1.0,31.0,0.19011874629671616,0.084498916013953,0.04731798320953802,0.07990989266126387,0.08908793936664212,Delhi,North West
26005,civ_mact,5406,23.0,87.0,0.6353586598375667,0.3962405934098435,0.2343834250136246,0.38235095891499954,0.4101302279046875,Delhi,North West
26005,civ_misc,18912,3.0,13.0,0.10782543910227624,0.036139286694323806,0.017975827666785592,0.033133125163119864,0.03914544822552775,Delhi,North West
26005,civ_suit,23609,20.0,,0.6238468872809012,0.34358254160466123,0.21599110353106654,0.3369129892293974,0.35025209397992507,Delhi,North West
26005,crim_bail,10489,0.0,1.0,0.002764801220326055,,,,,Delhi,North West
26005,crim_magisterial,78028,44.0,,0.7086684839576299,0.5426936518813407,0.4157137588592354,0.5389206646900657,0.5464666390726156,Delhi,North West
26005,crim_sessions,5456,25.0,85.0,0.6819825821898692,0.3841434972718507,0.2126463945226279,0.36942385907467756,0.39886313546902386,Delhi,North West
26005,other,13803,15.0,,0.5523039554430151,0.3014347550096611,0.21044494168197267,0.2930381185296112,0.309831391489711,Delhi,North West
26006,civ_execution,9975,15.0,59.0,0.5492222095623215,0.2220426576753083,0.09250618794117989,0.21138009606383198,0.23270521928678464,Delhi,South West
26006,civ_family,8141,2.0,74.0,0.34558999590201706,0.2217298227596062,0.1383961811076452,0.21109954209623724,0.23236010342297517,Delhi,South West
26006,civ_mact,5161,27.0,,0.6213997430879955,0.4471728908513794,0.32939585157328716,0.43219728506531097,0.46214849663744784,Delhi,South West
26006,civ_misc,23850,2.0,15.0,0.11267138459583692,0.045039480002703476,0.024703275074651695,0.04166602624200425,0.0484129337634027,Delhi,South West
26006,civ_suit,21022,14.0,86.0,0.5370494620630265,0.2664969588471794,0.1587387869340082,0.2598337935083946,0.2731601241859642,Delhi,South West
26006,crim_bail,7567,0.0,1.0,0.0053811291218502245,,,,,Delhi,South West
26006,crim_magisterial,137451,12.0,49.0,0.486189676827287,0.14638649565715955,0.06912430418779061,0.14427802185249758,0.14849496946182153,Delhi,South West
26006,crim_sessions,4070,28.0,,0.6570795706842489,0.44843401770865243,0.3097606038106384,0.4310690670918414,0.46579896832546347,Delhi,South West
26006,other,43127,21.0,95.0,0.6384839718083263,0.3511993993626385,0.2141359801415324,0.34621759632312327,0.35618120240215373,Delhi,South West
26007,civ_execution,6811,11.0,73.0,0.4599456354629451,0.22719786026732508,0.14726037257679112,0.21431754590615887,0.2400781746284913,Delhi,New Delhi
26007,civ_family,2137,2.0,,0.372028668386655,0.3168070863714073,0.2578627311468118,0.29492960568194587,0.33868456706086875,Delhi,New Delhi
26007,civ_mact,1162,43.0,75.0,0.8718257330246325,0.5722006505452298,0.3170443513119817,0.5389147833215271,0.6054865177689326,Delhi,New Delhi
26007,civ_misc,41665,3.0,13.0,0.1104385691351771,0.028833940984914392,0.021604175609841344,0.027015441540921593,0.03065244042890719,Delhi,New Delhi
26007,civ_suit,16243,21.0,,0.6264787295743366,0.3568833626881091,0.22973800412383644,0.3485768149530796,0.36518991042313864,Delhi,New Delhi
26007,crim_bail,2074,0.0,3.0,0.011943283688703175,,,,,Delhi,New Delhi
26007,crim_magisterial,94221,30.0,104.0,0.7450944762422411,0.42565964301991505,0.256392859960361,0.4219618720809032,0.4293574139589269,Delhi,New Delhi
26007,crim_sessions,2631,38.0,,0.7538131614719106,0.511782826083747,0.3427511645637676,0.4906765295326848,0.5328891226348093,Delhi,New Delhi
26007,other,11060,10.0,105.0,0.46245584907245085,0.29488781898384125,0.2107459568281195,0.28489022823739146,0.30488540973029105,Delhi,New Delhi
26008,civ_execution,24131,12.0,65.0,0.49461727628942076,0.21209043064306177,0.11249885090145209,0.20625205953953224,0.2179288017465913,Delhi,Central
26008,civ_family,11048,1.0,34.0,0.22136084372397605,0.09405288280359882,0.0414116607125838,0.08812055935092875,0.09998520625626889,Delhi,Central
26008,civ_mact,10703,7.0,55.0,0.377746560789313,0.17286891132248267,0.08625128639091434,0.1651457918200214,0.18059203082494393,Delhi,Central
26008,civ_misc,24265,6.0,56.0,0.3434272240791668,0.16128038313380821,0.088064781033969,0.15626143286962077,0.16629933339799566,Delhi,Central
26008,civ_suit,55988,18.0,101.0,0.5788741331170087,0.316461780474021,0.19232123952927319,0.3121726880887279,0.32075087285931414,Delhi,Central
26008,crim_bail,7971,0.0,1.0,0.0044106744689460485,0.0009967165457542215,,1.3163290597860509e-05,0.0019802698009105824,Delhi,Central
26008,crim_magisterial,111183,13.0,76.0,0.513728491478852,0.264168500244291,0.15020406021106636,0.26133509963310014,0.26700190085548187,Delhi,Central
26008,crim_sessions,5618,28.0,,0.7226288203176173,0.41896758070418677,0.2709940798986505,0.40405958133929004,0.4338755800690835,Delhi,Central
26008,other,50608,16.0,67.0,0.5609465687147899,0.24800444801504293,0.12225668215383803,0.24405857066709521,0.2519503253629906,Delhi,Central
26009,civ_execution,17172,16.0,66.0,0.5796290619331295,0.24241037637910956,0.11745876577648486,0.23499489789028624,0.24982585486793288,Delhi,West
26009,civ_family,21729,6.0,60.0,0.38313056681895913,0.1877696607539871,0.09768454927097822,0.18215890746454702,0.19338041404342718,Delhi,West
26009,civ_mact,8272,8.0,50.0,0.42226096940215163,0.17491322186165487,0.06992932011613985,0.16606632025150084,0.1837601234718089,Delhi,West
26009,civ_misc,12198,8.0,53.0,0.3987812957934549,0.1699964064789823,0.08350875102160671,0.1627298865875393,0.17726292637042526,Delhi,West
26009,civ_suit,17309,17.0,74.0,0.5794817457779571,0.2612828854515424,0.13639191634949052,0.2542430464510722,0.26832272445201255,Delhi,West
26009,crim_bail,11099,0.0,1.0,0.005551505686652997,0.00162997331657624,,0.0006693615981745011,0.002590585034977979,Delhi,West
26009,crim_magisterial,77169,39.0,,0.7325256589939019,0.5139889319087545,0.38568656237413623,0.5100172437903873,0.5179606200271217,Delhi,West
26009,crim_sessions,4719,60.0,,0.8437223522608487,0.6649037059223666,0.49913608520833763,0.6500384420361186,0.6797689698086146,Delhi,West
26009,other,25356,25.0,,0.6509451297703401,0.3987867353823663,0.26848688710110324,0.39234473625213023,0.4052287345126024,Delhi,West
26010,civ_execution,9342,13.0,60.0,0.5133546510940752,0.19209203521082777,0.09780835952602428,0.18251830613344783,0.2016657642882077,Delhi,South
26010,civ_family,2211,2.0,98.0,0.3513105841297767,0.28365297138106793,0.2517426885442176,0.26053144792459737,0.3067744948375385,Delhi,South
26010,civ_mact,2414,14.0,57.0,0.5417148765108625,0.21731348161035155,0.0940094172950927,0.19779605642068218,0.23683090680002092,Delhi,South
26010,civ_misc,11611,3.0,28.0,0.20131507691169645,0.07926029123765795,0.04257396834176835,0.07382771235715775,0.08469287011815814,Delhi,South
26010,civ_suit,19918,21.0,101.0,0.6465903240635507,0.3466685017607372,0.2224428123353042,0.3395101730075296,0.3538268305139448,Delhi,South
26010,crim_bail,4971,0.0,1.0,0.008959874247378981,0.004391361368807299,,0.0016440322545391828,0.007138690483075414,Delhi,South
26010,crim_magisterial,73843,17.0,86.0,0.5948050935052568,0.30750733748295467,0.18599091226269393,0.30374194595892495,0.3112727290069844,Delhi,South
26010,crim_sessions,3847,31.0,106.0,0.682952315497576,0.46576420546915726,0.33125403520679864,0.4485979775420388,0.4829304333962757,Delhi,South
26010,other,26594,1.0,42.0,0.1971790812888427,0.1108303873684268,0.06902834610773613,0.10586354363377388,0.11579723110307973,Delhi,South
26011,civ_execution,10117,14.0,62.0,0.5316646510660253,0.1970294776805528,0.10315024222691485,0.18698859168941506,0.20707036367169052,Delhi,South East
26011,civ_family,1206,8.0,,0.4769049043806094,0.3422288131961059,0.2297944269727661,0.3050030895624618,0.37945453682974994,Delhi,South East
26011,civ_mact,5768,12.0,44.0,0.4964296608285854,0.14910492919828616,0.033895435337675424,0.138434461502321,0.15977539689425133,Delhi,South East
26011,civ_misc,12117,3.0,36.0,0.23104007130668508,0.09753733376427536,0.0602418353109216,0.0912369288737432,0.10383773865480751,Delhi,South East
26011,civ_suit,21387,21.0,,0.6317206799955176,0.34483271134342247,0.23662984577939755,0.3376677497648717,0.35199767292197326,Delhi,South East
26011,crim_bail,5499,0.0,1.0,0.006511447829224081,,,,,Delhi,South East
26011,crim_magisterial,78050,19.0,72.0,0.6129958304278164,0.30728096998905613,0.13677524470520522,0.30362413811268324,0.310937801865429,Delhi,South East
26011,crim_sessions,3993,43.0,,0.7997719356236946,0.5453156510167607,0.40365707168576964,0.528390783001228,0.5622405190322934,Delhi,South East
26011,other,45142,1.0,17.0,0.14922636254669466,0.05792264555961249,0.03820822486607143,0.054434531812898236,0.061410759306326744,Delhi,South East
27001,civ_execution,20753,13.0,50.0,0.5048908591528934,0.1940712333072464,0.04834384435207702,0.18804656875943943,0.20009589785505338,Chandigarh,Chandigarh
27001,civ_family,10500,10.0,44.0,0.4430476190476191,0.15535132810422936,0.03855629600106117,0.146929741458868,0.16377291474959071,Chandigarh,Chandigarh
27001,civ_mact,4641,19.0,37.0,0.7351863822452058,0.10673147784898047,0.008178179541353869,0.0950335762768696,0.11842937942109134,Chandigarh,Chandigarh
27001,civ_misc,24101,7.0,42.0,0.39458943612298236,0.13698428411918295,0.02965601170272812,0.13211550401988226,0.14185306421848365,Chandigarh,Chandigarh
27001,civ_suit,20526,31.0,62.0,0.8100945142745783,0.40758469148272625,0.10995637207100147,0.40030656413926197,0.4148628188261905,Chandigarh,Chandigarh
27001,crim_bail,10611,0.0,1.0,0.007256620488172654,0.00013367458794002256,,0.0,0.0003880451236235612,Chandigarh,Chandigarh
27001,crim_magisterial,14717,14.0,47.0,0.5335326493171164,0.1786244946053757,0.05565361862574983,0.17122593859720622,0.18602305061354515,Chandigarh,Chandigarh
27001,crim_ni138,30250,13.0,33.0,0.515305785123967,0.07877346916730749,0.014705270480770024,0.07564421564297219,0.08190272269164278,Chandigarh,Chandigarh
27001,crim_sessions,2505,10.0,38.0,0.40598802395209593,0.10404314693413803,0.02422187655928951,0.0878533554276891,0.12023293844058697,Chandigarh,Chandigarh
27001,other,85948,12.0,44.0,0.49353097221575837,0.14833401308917174,0.04050552568607268,0.14573831287246675,0.15092971330587673,Chandigarh,Chandigarh
29001,civ_execution,7365,10.0,39.0,0.40982201079842806,0.11227750641680334,0.04107760750607362,0.10429038075287857,0.12026463208072811,Telangana,Adilabad
29001,civ_family,725,17.0,39.0,0.6095901600156779,0.12988566714030614,0.023753856110058022,0.10164516174426838,0.1581261725363439,Telangana,Adilabad
29001,civ_mact,5598,18.0,55.0,0.625914353516974,0.2474962962363395,0.05890680861409632,0.2356694886793396,0.25932310379333945,Telangana,Adilabad
29001,civ_misc,2505,15.0,58.0,0.5465565781338707,0.2189572228018221,0.08103329511263391,0.202293486008723,0.2356209595949212,Telangana,Adilabad
29001,civ_suit,10653,29.0,80.0,0.7083089302939506,0.42453994131299316,0.23754778600011545,0.4140501324479763,0.43502975017801004,Telangana,Adilabad
29001,crim_bail,7906,0.0,1.0,0.0026562104730584366,0.0004216207100092757,0.0,0.0,0.0009496015336951926,Telangana,Adilabad
29001,crim_magisterial,58662,14.0,58.0,0.5304105437888923,0.2550489068004275,0.08577263081835924,0.2511543309515405,0.25894348264931455,Telangana,Adilabad
29001,crim_sessions,5685,13.0,55.0,0.5088403423969737,0.20605508776098908,0.07311176449392331,0.19402386448787856,0.2180863110340996,Telangana,Adilabad
29001,other,4097,15.0,50.0,0.5668448386806588,0.19616088684730812,0.0515551577028147,0.18074320508932423,0.211578568605292,Telangana,Adilabad
29002,civ_execution,36876,19.0,61.0,0.6454771044264171,0.25504396481949976,0.10220634715451388,0.2500284388816555,0.260059490757344,Telangana,Hyderabad
29002,civ_family,4520,21.0,49.0,0.6943029737611449,0.22487300591278883,0.05117734238479701,0.21094665549116753,0.23879935633441013,Telangana,Hyderabad
29002,civ_mact,3312,26.0,53.0,0.8460358879577567,0.3170243731718831,0.04845199804516095,0.29684927912438874,0.33719946721937744,Telangana,Hyderabad
29002,civ_misc,49206,24.0,66.0,0.7071956357171109,0.337004931600115,0.13600503096668176,0.33242983142368376,0.3415800317765463,Telangana,Hyderabad
29002,civ_suit,65470,22.0,72.0,0.7109402549098051,0.2892213817353813,0.14437892863226864,0.28537704432729677,0.29306571914346585,Telangana,Hyderabad
29002,crim_bail,24948,0.0,1.0,0.0029472383053022033,0.001573179249452133,0.0014473249094959625,0.0010461338221191233,0.002100224676785143,Telangana,Hyderabad
29002,crim_magisterial,189754,15.0,65.0,0.5398883494321562,0.23772555326354544,0.11613653666932303,0.23555577468138206,0.23989533184570883,Telangana,Hyderabad
29002,crim_sessions,7955,19.0,64.0,0.6152182209930483,0.2673124204637701,0.11325090323354117,0.25556268365609286,0.2790621572714473,Telangana,Hyderabad
29002,other,10993,14.0,56.0,0.5287886471462131,0.26171507498195057,0.05360860495011756,0.251312658906414,0.2721174910574871,Telangana,Hyderabad
29003,civ_execution,7113,28.0,69.0,0.7797785746578249,0.36768886033214726,0.15165225795311274,0.3553235533854747,0.3800541672788198,Telangana,Karimnagar
29003,civ_family,1396,23.0,55.0,0.7389235621688277,0.3029288739680902,0.0633402342679323,0.27327862630270305,0.33257912163347736,Telangana,Karimnagar
29003,civ_mact,7075,29.0,66.0,0.8477092006778886,0.3889968558400271,0.14130124822070103,0.37631389335291093,0.4016798183271432,Telangana,Karimnagar
29003,civ_misc,2882,31.0,88.0,0.7828915795411383,0.44378805403238963,0.22174042813415734,0.42226398225661754,0.4653121258081617,Telangana,Karimnagar
29003,civ_suit,23422,53.0,89.0,0.8615114442808781,0.6452310870896054,0.4229512075507106,0.6383928454456465,0.6520693287335644,Telangana,Karimnagar
29003,crim_magisterial,68648,36.0,81.0,0.7600312465830671,0.4965178945754178,0.2542064730399149,0.4922579032683747,0.5007778858824609,Telangana,Karimnagar
29003,crim_sessions,5411,25.0,74.0,0.7674257724457184,0.35512165695764225,0.17972020650429402,0.3400259467135575,0.370217367201727,Telangana,Karimnagar
29003,other,9629,19.0,55.0,0.6305637665976155,0.2350186550706548,0.07554298312049129,0.2250018071561824,0.24503550298512722,Telangana,Karimnagar
29004,civ_execution,9574,19.0,64.0,0.652403989896866,0.2642963634341858,0.11032964815635046,0.2540669944012952,0.27452573246707634,Telangana,Khammam
29004,civ_family,2846,18.0,50.0,0.6256328823141075,0.19444484194507014,0.05692578803038983,0.17706210918810408,0.2118275747020362,Telangana,Khammam
29004,civ_mact,9505,21.0,62.0,0.7168446672901637,0.24684386817175602,0.10513667973920875,0.23716059379874205,0.25652714254477,Telangana,Khammam
29004,civ_misc,3799,16.0,78.0,0.5651321515595845,0.26339612446995153,0.1504218441227999,0.24824675011564665,0.27854549882425644,Telangana,Khammam
29004,civ_suit,21338,29.0,88.0,0.6964367522392922,0.4355468105666715,0.2734607305417361,0.4282127672817155,0.4428808538516275,Telangana,Khammam
29004,crim_bail,1113,0.0,1.0,0.0035938903863432154,,,,,Telangana,Khammam
29004,crim_magisterial,81009,18.0,65.0,0.5874086648582942,0.2875885271994547,0.12258808926072035,0.2840997388644019,0.29107731553450755,Telangana,Khammam
29004,crim_sessions,7278,20.0,75.0,0.6028671589627299,0.31428114708553995,0.1485888785096369,0.3021103156508561,0.3264519785202238,Telangana,Khammam
29004,other,6385,11.0,50.0,0.47621091063943577,0.16797337150440014,0.06764939376012986,0.15718766898181474,0.17875907402698554,Telangana,Khammam
29005,civ_execution,10535,33.0,84.0,0.8239280081531388,0.455464841311673,0.24661939120919185,0.4442643602335077,0.46666532238983827,Telangana,Mahabubnagar
29005,civ_family,1745,21.0,53.0,0.7052385259383432,0.24764623547400752,0.06031921867394177,0.22392083979945102,0.271371631148564,Telangana,Mahabubnagar
29005,civ_mact,5413,21.0,52.0,0.7028237305271803,0.23162318038334978,0.05615839249314923,0.2190208801316672,0.24422548063503235,Telangana,Mahabubnagar
29005,civ_misc,2709,21.0,83.0,0.6510959033019655,0.3135457071772935,0.1871693615291849,0.29396123796649726,0.3331301763880898,Telangana,Mahabubnagar
29005,civ_suit,20003,44.0,92.0,0.7941927522119477,0.5577472236952908,0.3681698766453914,0.5498625019848581,0.5656319454057236,Telangana,Mahabubnagar
29005,crim_bail,3973,0.0,1.0,0.0007550969041026936,,,,,Telangana,Mahabubnagar
29005,crim_magisterial,70761,24.0,69.0,0.6414952293360359,0.3781046969976693,0.16628738220817132,0.3741268056514091,0.3820825883439295,Telangana,Mahabubnagar
29005,crim_sessions,6445,21.0,46.0,0.7607688016313875,0.1636071480387694,0.04215521398215464,0.15180873005344653,0.1754055660240923,Telangana,Mahabubnagar
29005,other,4576,16.0,47.0,0.5833034116750054,0.18036811990910712,0.052147855207781604,0.1672600562266385,0.19347618359157573,Telangana,Mahabubnagar
29006,civ_execution,4408,28.0,79.0,0.780308802186315,0.40285944123700185,0.1874131036310158,0.3862741968557112,0.4194446856182925,Telangana,Medak
29006,civ_family,999,19.0,50.0,0.6923528980853684,0.1855067363717826,0.055471650991638914,0.15405149804931026,0.21696197469425496,Telangana,Medak
29006,civ_mact,3612,21.0,59.0,0.7687739016566069,0.2271467608205166,0.0967219250275954,0.21155834334892104,0.24273517829211216,Telangana,Medak
29006,civ_misc,2649,32.0,77.0,0.7522165310221383,0.4363513129288981,0.21021574030873844,0.4145836712970396,0.45811895456075663,Telangana,Medak
29006,civ_suit,14502,45.0,88.0,0.8251190619774995,0.5830266726514145,0.3501448132507924,0.5736462347383934,0.5924071105644356,Telangana,Medak
29006,crim_magisterial,44319,21.0,65.0,0.6529137973848506,0.29949514060197024,0.11727408362737848,0.29465387790372644,0.30433640330021405,Telangana,Medak
29006,crim_sessions,3052,21.0,73.0,0.7489989052980026,0.2478708609731655,0.12379134150528007,0.22691365357681115,0.26882806836951983,Telangana,Medak
29006,other,3429,13.0,49.0,0.5120852982441156,0.1930550267745539,0.06265903535368278,0.17654786397756325,0.20956218957154457,Telangana,Medak
29007,civ_execution,9726,28.0,90.0,0.8396495834789565,0.3950965266747785,0.21413062522205306,0.38324625041184246,0.40694680293771457,Telangana,Nalgonda
29007,civ_family,1199,29.0,102.0,0.8467595676881102,0.37226007046787285,0.1713299292502065,0.3340718273153402,0.4104483136204055,Telangana,Nalgonda
29007,civ_mact,6717,33.0,78.0,0.8067521990874743,0.4531376707497965,0.2465803559035206,0.4394966762009386,0.4667786652986544,Telangana,Nalgonda
29007,civ_misc,3457,28.0,92.0,0.7498550611110459,0.41671391366066873,0.26714965798796575,0.39815307469110267,0.4352747526302348,Telangana,Nalgonda
29007,civ_suit,21337,58.0,,0.8359857221756783,0.6368628000226354,0.48422532625661185,0.6293577011849251,0.6443678988603457,Telangana,Nalgonda
29007,crim_bail,972,0.0,1.0,0.014403292181069963,,,,,Telangana,Nalgonda
29007,crim_magisterial,54512,44.0,96.0,0.8108787320148654,0.5721466715963693,0.3328925144231706,0.5670800680282209,0.5772132751645178,Telangana,Nalgonda
29007,crim_sessions,3887,33.0,103.0,0.861196756696298,0.46039209279341137,0.27423440852884173,0.44034647003146227,0.48043771555536047,Telangana,Nalgonda
29007,other,3912,23.0,78.0,0.7342863336964157,0.3281692862709671,0.18917512228189146,0.31022101780869127,0.3461175547332429,Telangana,Nalgonda
29008,civ_execution,5275,21.0,59.0,0.692866371544766,0.27116037990257924,0.09199837395953372,0.2575584678727683,0.28476229193239017,Telangana,Nizamabad
29008,civ_family,1460,16.0,37.0,0.6204422402317538,0.11125705489250465,0.016535455753444808,0.09180604308857525,0.13070806669643406,Telangana,Nizamabad
29008,civ_mact,7531,33.0,66.0,0.8395609956827452,0.44105695944995915,0.1371243695426893,0.42860097753038967,0.45351294136952863,Telangana,Nizamabad
29008,civ_misc,2186,18.0,55.0,0.6189628913941096,0.22336904874469854,0.0772032945023701,0.20304433886320608,0.243693758626191,Telangana,Nizamabad
29008,civ_suit,10365,30.0,75.0,0.7643409166134213,0.42285668093808143,0.20350331218306,0.4120099710449484,0.43370339083121445,Telangana,Nizamabad
29008,crim_bail,2422,0.0,1.0,0.002477291494632537,0.00041288191577208954,,0.0,0.0012219633913907555,Telangana,Nizamabad
29008,crim_magisterial,42346,19.0,54.0,0.5963568586663266,0.24956111754388702,0.0699239345250147,0.24492528059497595,0.2541969544927981,Telangana,Nizamabad
29008,crim_sessions,2854,18.0,60.0,0.6309977089384047,0.23291746500671587,0.09913542549695986,0.21468365535461584,0.2511512746588159,Telangana,Nizamabad
29008,other,3719,12.0,44.0,0.49982528280252103,0.13995686344826244,0.04707488376193361,0.12660961034824575,0.15330411654827913,Telangana,Nizamabad
29009,civ_execution,27328,31.0,86.0,0.8380299066491206,0.42646726411935465,0.19889759218615483,0.4186288457461771,0.4343056824925322,Telangana,Rangareddy
29009,civ_family,3740,23.0,54.0,0.6917612100776428,0.28099194139186773,0.06600626543632443,0.2638409686255204,0.29814291415821503,Telangana,Rangareddy
29009,civ_mact,758,70.0,103.0,0.9198325143112946,0.7719881951028466,0.5516900044748703,0.716367545773254,0.8276088444324391,Telangana,Rangareddy
29009,civ_misc,22900,21.0,72.0,0.6419576412103938,0.30870633431721595,0.14667479640194508,0.30243400957261096,0.31497865906182093,Telangana,Rangareddy
29009,civ_suit,53187,41.0,105.0,0.7959546719002668,0.5329778591643877,0.3520515550765808,0.528101337089653,0.5378543812391223,Telangana,Rangareddy
29009,crim_bail,10135,0.0,1.0,0.0023680315737543162,0.00016988052594324446,,0.0,0.0004904790872287666,Telangana,Rangareddy
29009,crim_magisterial,122336,21.0,76.0,0.6277255274684976,0.31850837977868934,0.1589717617520473,0.3154561307977373,0.32156062875964136,Telangana,Rangareddy
29009,crim_sessions,10401,32.0,78.0,0.8099183998004761,0.43354511067127277,0.1743000731863894,0.42205378896493045,0.4450364323776151,Telangana,Rangareddy
29009,other,19158,10.0,66.0,0.46036633233601076,0.23030689315804517,0.12064431196265793,0.22255741082186564,0.2380563754942247,Telangana,Rangareddy
29010,civ_execution,16520,23.0,65.0,0.7396480559575728,0.29151544712830546,0.11602924674525886,0.2833295705857615,0.2997013236708494,Telangana,Warangal
29010,civ_family,1998,21.0,50.0,0.7433120078956064,0.17830181162051106,0.059586340203486424,0.1576562667798044,0.19894735646121772,Telangana,Warangal
29010,civ_mact,8908,23.0,64.0,0.7058068095382192,0.33887801573268406,0.1179667738024018,0.32798476503968943,0.3497712664256787,Telangana,Warangal
29010,civ_misc,3538,27.0,86.0,0.7674258536537438,0.3716265868496359,0.18113381880919868,0.353746392900997,0.3895067807982748,Telangana,Warangal
29010,civ_suit,28477,40.0,101.0,0.7970967242250193,0.5291655226419861,0.3435120198369151,0.5227538933569406,0.5355771519270317,Telangana,Warangal
29010,crim_bail,2846,0.0,1.0,0.06148981026001405,0.05937535063217135,0.05761457604826892,0.050692263789696074,0.06805843747464663,Telangana,Warangal
29010,crim_magisterial,65389,26.0,77.0,0.7045486048175325,0.36889153253812246,0.17395964502027034,0.36467773849618,0.3731053265800649,Telangana,Warangal
29010,crim_sessions,6422,32.0,77.0,0.7862573037329372,0.4525997969934259,0.21754358256326123,0.43932219307088805,0.46587740091596375,Telangana,Warangal
29010,other,8598,16.0,51.0,0.5672897991993086,0.1866723117357145,0.06685523999749608,0.1770775399479878,0.1962670835234412,Telangana,Warangal
30001,civ_execution,3110,39.0,,0.8358339359719811,0.5250845790939552,0.32326967783605287,0.5045437013500217,0.5456254568378888,Goa,North Goa
30001,civ_mact,462,1.0,8.0,0.05832381251190568,0.0039051596203623813,,0.0,0.01127397927380128,Goa,North Goa
30001,civ_misc,6388,14.0,61.0,0.5171468061319217,0.20838770787215008,0.10270079493106377,0.19740137061656232,0.21937404512773784,Goa,North Goa
30001,civ_suit,10022,40.0,,0.7478893249314875,0.5257627950531991,0.39145927512486073,0.5150523423613466,0.5364732477450517,Goa,North Goa
30001,crim_bail,9409,0.0,1.0,0.0361821304019964,,,,,Goa,North Goa
30001,crim_magisterial,30852,6.0,46.0,0.3657298558531685,0.14278134278295265,0.06396890063385823,0.13847265290016314,0.14709003266574217,Goa,North Goa
30001,crim_sessions,339,52.0,,0.9473466410152536,0.7086631106664383,0.37257583003381683,0.6515062938923614,0.7658199274405152,Goa,North Goa
30001,other,94181,8.0,39.0,0.38669519669944274,0.11086549474179404,0.04880528774102619,0.10855381470876166,0.11317717477482642,Goa,North Goa
30002,civ_mact,7115,0.0,8.0,0.06357855053082091,0.030789754891014917,0.023382645218179836,0.025594959359877753,0.03598455042215208,Goa,South Goa
30002,civ_misc,4707,10.0,36.0,0.4205214884838649,0.09867549280142647,0.03980497861480214,0.08911234549973346,0.10823864010311948,Goa,South Goa
30002,civ_suit,7689,29.0,103.0,0.700560730011348,0.44554324850638277,0.31215419763377356,0.4334346763126557,0.45765182070010985,Goa,South Goa
30002,crim_bail,5610,0.0,0.0,0.008021390374331553,,,,,Goa,South Goa
30002,crim_magisterial,27840,3.0,24.0,0.2065289543710609,0.054096631947061345,0.022678470760858358,0.05109396982033578,0.05709929407378691,Goa,South Goa
30002,other,73478,3.0,30.0,0.22971719302925536,0.07398595356827499,0.03288835819547428,0.07182686545456637,0.0761450416819836,Goa,South Goa
31001,civ_family,227,2.0,16.0,0.14096916299559467,0.013911430558775792,,0.0,0.029486645546222743,Diu and Daman,Diu
31001,civ_misc,890,0.0,17.0,0.12359550561797752,0.05505617977528088,0.026966292134831454,0.04007082258244325,0.0700415369681185,Diu and Daman,Diu
31001,crim_bail,497,0.0,1.0,0.01609657947686117,,,,,Diu and Daman,Diu
31001,crim_magisterial,455,2.0,17.0,0.15164835164835164,0.019780219780219776,0.0065934065934065925,0.006985591867937764,0.03257484769250179,Diu and Daman,Diu
31001,crim_sessions,633,1.0,20.0,0.15323854660347552,0.01767210217688168,0.0016065547433528804,0.00733607820868259,0.028008126145080775,Diu and Daman,Diu
31001,other,250,3.0,20.0,0.168,0.036000000000000004,0.012444444444444449,0.012907240407435062,0.05909275959256495,Diu and Daman,Diu
31002,civ_misc,2409,1.0,9.0,0.0875882108758821,0.0426619872448017,0.021483434465999842,0.03458441129133255,0.050739563198270846,Diu and Daman,Daman
31002,civ_suit,264,17.0,63.0,0.6060606060606061,0.2633436639118458,0.12594696969696972,0.2100824307431216,0.31660489708057005,Diu and Daman,Daman
31002,crim_bail,523,0.0,2.0,0.0,,,,,Diu and Daman,Daman
31002,crim_magisterial,2351,2.0,25.0,0.20076563164610806,0.05572096980008509,0.01658868566567418,0.04644863162172559,0.06499330797844459,Diu and Daman,Daman
31002,crim_sessions,2166,10.0,43.0,0.4344413665743305,0.14399054604213882,0.0398173214135818,0.1291914548732693,0.15878963721100833,Diu and Daman,Daman
31002,other,238,19.0,59.0,0.6890756302521006,0.2394957983193275,0.08403361344537803,0.18527481979147534,0.2937167768471797,Diu and Daman,Daman
32001,civ_execution,249,17.0,43.0,0.7349397590361446,0.15662650602409642,0.008032128514056226,0.11148261367957721,0.20177039836861563,DNH at Silvasa,Silvassa
32001,civ_mact,484,13.0,38.0,0.5206611570247933,0.11059795819154108,0.008912655971479505,0.08254755655663815,0.13864835982644402,DNH at Silvasa,Silvassa
32001,civ_misc,1295,6.0,22.0,0.3413127413127414,0.03197576968068773,0.011191519388240707,0.022342393794699128,0.04160914556667633,DNH at Silvasa,Silvassa
32001,civ_suit,395,14.0,48.0,0.5924050632911393,0.14075399009356085,0.05630159603742436,0.10637060831783038,0.17513737186929132,DNH at Silvasa,Silvassa
32001,crim_bail,489,1.0,2.0,0.004089979550102252,,,,,DNH at Silvasa,Silvassa
32001,crim_magisterial,2482,3.0,61.0,0.36220789685737304,0.19323030642829478,0.10450842810980049,0.1776917795596223,0.20876883329696727,DNH at Silvasa,Silvassa
32001,crim_ni138,929,12.0,34.0,0.4897739504843918,0.09249141114432988,0.010881342487568224,0.07378571581980235,0.1111971064688574,DNH at Silvasa,Silvassa
32001,crim_sessions,2014,20.0,71.0,0.6062562065541213,0.3001828292168851,0.14869953890971935,0.2801036093896469,0.3202620490441233,DNH at Silvasa,Silvassa
32001,other,497,11.0,55.0,0.4647887323943663,0.1585542749003236,0.07724439033605511,0.12632440341506432,0.19078414638558286,DNH at Silvasa,Silvassa
33002,crim_magisterial,253,4.0,33.0,0.2845849802371541,0.06719367588932806,0.011857707509881424,0.03634363444779189,0.09804371733086424,,
