label,n,assigned
evidence,4119021,evidence
appearance,1788204,service
hearing,1600446,interlocutory
summons,1318129,service
argument,896558,arguments
issue,805423,other/unknown
appearence,698864,other/unknown
appereance,436954,other/unknown
order,421136,judgment
misc,316450,interlocutory
<NA>,295866,other/unknown
process to accused,269399,service
appearance of accused,246915,service
charge,236288,charge
appearance of accused/ surety,228964,service
steps,215474,other/unknown
notice,196361,service
awated for final form / chargesheet,190873,charge
not heard cases,178174,other/unknown
written statement,177777,interlocutory
call on,168062,other/unknown
sr/ad/appearence,145900,other/unknown
service pending,133286,service
final form,122812,other/unknown
w.s.,112263,other/unknown
for trial,108746,other/unknown
no sitting notified,103731,other/unknown
f. o.,94702,other/unknown
compliance,92634,other/unknown
objection/disposal,90868,interlocutory
awaiting notice,87890,service
service,85232,service
bail,83352,other/unknown
unready board,79544,other/unknown
notice_unready,79249,service
enquiry,77479,other/unknown
referred to lokadalat,77301,other/unknown
n.b.w._unready,74061,other/unknown
trial,73141,other/unknown
appearance of defendant and w.s.,73014,service
examination,70193,evidence
appearance.,69552,service
judgement,68579,judgment
adjourned,66970,other/unknown
report,62198,other/unknown
appearance of accussed,62084,service
appearance of respondent/non-applicant,60238,service
charge / plea hearing,60173,charge
ia / ea pending / cmp pending / crp pending / cma pending,59920,interlocutory
disposal of 6c,55512,other/unknown
reply,55350,interlocutory
awaiting warrant,54792,service
consideration,53303,charge
counter,52614,other/unknown
awaiting report,50366,other/unknown
executionof w.a/wpa,44652,other/unknown
reply of application/ steps by parties,44581,interlocutory
for disposal,44326,other/unknown
cognizance / issuance of process/ service,43756,service
verification,43612,other/unknown
steps_unready,41647,other/unknown
for hearing,40526,interlocutory
hearing of petition,38638,interlocutory
for steps,38291,other/unknown
service of non-bailable warrant,36545,service
n.b.w._ready,36127,other/unknown
framing of charge or  plea,35416,charge
nbw,35179,service
police paper,33429,other/unknown
objection,32206,interlocutory
disposal,31750,other/unknown
plea / particulars,30699,charge
show cause,29867,other/unknown
await reports,29816,other/unknown
framing of charge/ plea,29391,charge
await notification,28402,other/unknown
call with ias,28397,other/unknown
hearing.,28268,interlocutory
cross examination of pet,27402,evidence
b.w._unready,26575,other/unknown
production of accused,26231,other/unknown
disposal of other appl.,25118,other/unknown
process to opponent,23694,service
repeat nbw,23685,service
lok-nyayalaya,22493,other/unknown
enquiry & witness,22305,evidence
warrant,22115,service
filing counter,21278,other/unknown
for appearance,20570,service
stay,19698,interlocutory
kurki (attachment) warrant / possession report,19272,service
addmission,19150,other/unknown
for issuance of process service,18979,service
office note,18697,other/unknown
nbw to accused,18318,service
payment,18175,other/unknown
for accused presence,18097,other/unknown
reply/say,17472,interlocutory
service return,17336,service
filing of say on exh___unready,17177,other/unknown
awating for final form / chargesheet,17134,charge
process,17030,service
plea,17014,charge
service report,16997,service
say / hearing on exh____ready,16619,interlocutory
for appearance of parties/advocates,16214,service
warrant of arrest,16063,service
considration,15781,other/unknown
non bailable warrant,15131,service
for appearance of the accused,15028,service
await records,14956,other/unknown
enquiry and witness,14755,evidence
batta,14752,other/unknown
appeareance,14591,other/unknown
n.b.w.,14549,other/unknown
await report,14539,other/unknown
witness,14192,evidence
process of execution,14062,service
written statement/reply,13760,interlocutory
for further proceedings,13351,other/unknown
removal of defects,13240,other/unknown
notified to,13144,other/unknown
hearing/talbi,12997,interlocutory
await lcr,12891,other/unknown
copies,12743,other/unknown
depositing amount,12702,other/unknown
for attachment/ arrest /garnishee proceedings / deposit / payment / claim,12664,other/unknown
part heard,12350,other/unknown
list / special list,12317,other/unknown
rejoinder,12248,other/unknown
for framing charge,12195,charge
part heard trial,12175,other/unknown
hearing on injunction application,11707,interlocutory
w.s. and say,11628,other/unknown
hearing on addmission,11611,interlocutory
return of notice,11597,service
82-83 steps,11571,other/unknown
filing of ws,11163,other/unknown
objections,11157,interlocutory
hearing on sentence,10813,interlocutory
first hearing,10504,interlocutory
eviddence of plaintiff / petitioner,10244,other/unknown
awaiting final form,10209,other/unknown
exparte hearing,10202,interlocutory
e/r of w/a,10162,other/unknown
for filing written statement,10091,interlocutory
enquiry us 89,9910,other/unknown
sworn statement,9894,other/unknown
conciliation,9880,other/unknown
for verification,9837,other/unknown
notice to opponents,9836,service
consideration of charges,9815,charge
stayed by honble high court,9807,interlocutory
compromise,9423,other/unknown
appearance of parties/ advocates,9389,service
not heard cases (2.45 p.m.),9285,other/unknown
admission,9284,other/unknown
awaiting records,9260,other/unknown
soleman affirmation (s.a),9247,other/unknown
enquiry witness,9191,evidence
awaiting  final form / chargesheet,9165,charge
statement of pw,9108,other/unknown
for commission report,9105,other/unknown
notice and record,8932,service
further proceedings,8854,other/unknown
stistedar report,8735,other/unknown
await notice,8672,service
report on recovery warrant,8416,service
documents,8139,other/unknown
examination of accused,7960,evidence
s.r & p.a,7951,other/unknown
awated for final form or chargesheet,7912,charge
w.s,7833,other/unknown
formal hearing,7818,interlocutory
er,7693,other/unknown
notice of  motion for hearing,7540,service
office check,7479,other/unknown
prosecution witness,7397,evidence
information,7379,other/unknown
statement of accused,7270,evidence
supply of copies,7236,other/unknown
hearing before charge,7223,charge
appearance of party,7164,service
hearing on charge,7027,charge
notice ready,6983,service
amendment,6977,other/unknown
attachment/ arrest/garnishee proceedings,6966,other/unknown
compliance of court direction,6884,other/unknown
appea-rance,6725,other/unknown
a.d.r.,6612,other/unknown
consideration of charge,6586,charge
cross examination,6582,evidence
hearing on admission,6546,interlocutory
hbc,6545,other/unknown
production,6514,other/unknown
hearing without w.s.,6500,interlocutory
paper book,6442,other/unknown
filing of surety,6405,other/unknown
for examination of witnesses,6375,evidence
amended plaint,6226,other/unknown
part heard cases,6220,other/unknown
publication,6209,other/unknown
mediation,6150,other/unknown
eviden ce,6139,other/unknown
framing of charge/plea,6120,charge
warrant of attachment,6116,service
further statement,6067,other/unknown
questioning,6020,other/unknown
proclomation,5994,other/unknown
ex_party hearing,5971,interlocutory
notice of motion for reply rejoinder,5970,service
payment of maintenance amount,5965,other/unknown
nbw to cws,5959,service
rebutal,5955,other/unknown
b.w._ready,5884,other/unknown
e/r of warrent,5875,other/unknown
f . o.,5687,other/unknown
pre trial steps,5667,other/unknown
stay from higher court,5646,interlocutory
nm for hearing,5602,interlocutory
appearance of parties/advocates,5545,service
awaited for f f / chargesheet,5331,charge
cross examination pw,5288,evidence
cognizance,5282,other/unknown
for hearing on sentence,5280,interlocutory
objection disposal,5278,interlocutory
awaiting r and p,5271,other/unknown
listed to,5251,other/unknown
list of witness,5236,evidence
appear an ce,5217,other/unknown
commissioner report,5200,other/unknown
service of process,5151,service
cross-examination,5083,evidence
appearance of parties,5068,service
further proceeding,5019,other/unknown
s.a,4974,other/unknown
for copies,4841,other/unknown
p.h,4778,other/unknown
filing of say on exh___ready,4720,other/unknown
b.w.,4707,other/unknown
for reports,4656,other/unknown
final hearing,4646,arguments
appearance for pre-sitting,4635,service
statement of parties,4593,other/unknown
proclamation,4563,other/unknown
awaiting,4561,other/unknown
written objection,4526,interlocutory
appearance from custody,4524,service
process to witnesses,4499,evidence
awaiting for l. c. r.,4450,other/unknown
awaiting for f f / chargesheet,4418,charge
appereance of parties/advocates,4409,other/unknown
notice to surities,4384,service
amendment within 7 days,4382,other/unknown
payment of paper book charges,4340,charge
settlement,4334,other/unknown
copying,4334,service
public notice/proclamation,4227,service
framing of charges,4216,charge
cross examination of res,4212,evidence
replica,4210,other/unknown
statement 200,4198,other/unknown
non-bailable warrant,4172,service
fresh steps,4135,other/unknown
for payment,4133,other/unknown
schedule,4028,other/unknown
er of wa,4005,other/unknown
examination of sa,3991,evidence
stayed by district court,3974,interlocutory
proceedings stayed,3966,interlocutory
s r and p a,3942,other/unknown
saristedar report,3939,other/unknown
awaiting adr reports,3925,other/unknown
enquiry  witness,3894,evidence
attachment,3866,other/unknown
copy,3842,service
commital,3833,other/unknown
for notice serve to opponent,3831,service
transfer,3828,other/unknown
framing of charge,3825,charge
call with ia,3811,interlocutory
for appearnace of parties/advocates,3807,other/unknown
return of warrant,3752,service
mediation report,3742,other/unknown
ex-party hearing,3737,interlocutory
200 cr.pc,3734,other/unknown
sr,3725,other/unknown
office  note,3723,other/unknown
not heard at 2.45 p.m.,3709,other/unknown
peremptory hearing,3703,interlocutory
lcr,3700,other/unknown
service report and ws,3679,service
call with mps,3626,other/unknown
for counter,3510,other/unknown
awaited for lokadalat report,3438,other/unknown
await,3433,other/unknown
accused appearence,3426,other/unknown
for filing compromise,3377,other/unknown
n.b.w,3350,other/unknown
arrest of jdr,3324,other/unknown
filing of affidavit,3300,other/unknown
r and p ready,3296,other/unknown
313 cr.pc,3294,evidence
200 cr. pc,3286,other/unknown
evicence of defendent / op,3204,other/unknown
notice of accusation,3199,service
s.r.,3163,other/unknown
filing of requisites & app. of defendent.,3156,other/unknown
awaiting report of commissioner,3130,other/unknown
execution of w.a/wpa,3122,other/unknown
ss to accused,3093,other/unknown
for admission,3090,other/unknown
for report police inquiry,3068,other/unknown
for charge,3003,charge
checking,2993,other/unknown
decided,2987,other/unknown
part heard at 11 am,2971,other/unknown
stayed. call on,2951,interlocutory
nbw and notice to sureties,2939,service
remand,2929,other/unknown
awaited for final form/charge sheet,2922,charge
awaiting execution of service nbw,2912,service
hearing on petition,2901,interlocutory
say,2879,other/unknown
counselling,2867,other/unknown
replication,2846,other/unknown
recovery warrant,2831,service
proclamation under section 82-83 cr.p.c.,2825,other/unknown
stayed by higher court,2812,interlocutory
filing of requisites and app. of defendent.,2812,other/unknown
hearing on cognizance,2751,interlocutory
replicaction,2746,other/unknown
charge.,2740,charge
s.r and p.a,2730,other/unknown
for reply  of opponent,2720,interlocutory
matter relating to hearing of interim application,2699,interlocutory
warrant to accused,2680,service
sp and ec,2627,other/unknown
dc fees,2621,other/unknown
judge on leave / duty,2598,judgment
institution of case,2598,other/unknown
awaiting for case diary,2577,other/unknown
a/warrant,2572,service
s/r,2567,other/unknown
admit,2560,other/unknown
ss and sw cases at 2.45 p.m.,2558,other/unknown
cognizence,2554,other/unknown
preparation of paper book,2538,other/unknown
accused absent applys.,2514,other/unknown
s/r and a/d,2512,other/unknown
e.r of.w/a,2511,other/unknown
awaiting intimation,2491,other/unknown
notice to o. p.,2486,service
for objection and hearing,2469,interlocutory
stayed,2466,interlocutory
accused statement,2463,other/unknown
hearing on interim relief (no fault liability),2447,interlocutory
cross examination of plaintiff/claimant witness,2437,evidence
bw to cws,2433,other/unknown
disposal 7c,2418,other/unknown
record,2412,other/unknown
awaiting r and p lower court,2404,other/unknown
initial,2359,other/unknown
for compliance,2334,other/unknown
pws,2331,other/unknown
200 cr.pc.,2326,other/unknown
reader report and action thereon,2313,other/unknown
consideration of charge(c.c),2270,charge
bound over,2256,other/unknown
for hearing on ia,2250,interlocutory
examination under section 313 cr.p.c,2240,evidence
nbw-n/s,2239,service
to record plea of the accused,2196,charge
f. h.,2196,other/unknown
for enquiry,2184,other/unknown
death report,2173,other/unknown
for compromise,2169,other/unknown
for objection,2167,interlocutory
to hear,2117,other/unknown
evicence,2100,other/unknown
initial statement,2094,other/unknown
additional written statement,2079,interlocutory
sale paper submitted/ returned,2068,other/unknown
for reply of opponent,2064,interlocutory
rebuttal,2059,other/unknown
cross of pw,2049,evidence
warrant report,2041,service
steps if any,2027,other/unknown
for settlement,2027,other/unknown
awaiting sr,2011,other/unknown
directions,2009,other/unknown
awaiting muddemal,1998,other/unknown
vakalat / memo of appearance,1986,service
313 crpc examination,1972,evidence
for engaging advocate,1968,other/unknown
ss and sw cases,1965,other/unknown
bcf and steps,1959,other/unknown
cross,1939,evidence
e.r.,1936,other/unknown
lok-nyalaya,1923,other/unknown
awaing report of t.c.,1907,other/unknown
await sanction,1898,other/unknown
notice (ready,1897,service
death certificate,1890,other/unknown
appareance,1884,other/unknown
call on.,1879,other/unknown
office report,1878,other/unknown
e.r of w/a,1877,other/unknown
awaited,1874,other/unknown
arrest warrant,1866,service
hearing of suit,1861,interlocutory
admission and denial,1854,other/unknown
enquiry and  witness,1853,evidence
hear before charge - hbc,1852,charge
requisite,1849,other/unknown
with connected case,1847,other/unknown
for framing of charge,1832,charge
declared holidays,1831,other/unknown
nm replyrejoinder,1826,interlocutory
others,1826,other/unknown
for presence of defandant,1818,other/unknown
balance,1806,other/unknown
considertion,1801,other/unknown
hearing of case,1790,interlocutory
first listing before ld. court,1789,other/unknown
awating  final form / chargesheet,1776,charge
e.r. of w.a.,1772,other/unknown
a. d. r.,1744,other/unknown
presence,1739,other/unknown
intimation,1735,other/unknown
notice (unready),1722,service
process to delinquent,1720,service
execution report of warrant of arrest,1714,service
hearing on ia,1710,interlocutory
awaiting prosecution report,1677,other/unknown
put up,1669,other/unknown
objection to ia,1664,interlocutory
list of witnesses and documents,1662,evidence
opening up of case by prosecution,1662,other/unknown
for r&p,1659,other/unknown
ws/ objection,1657,interlocutory
notice to complainant,1656,service
apperance,1644,other/unknown
committal,1632,other/unknown
copies to accused,1621,other/unknown
notice to respondent,1620,service
process to respondents,1620,service
for registration,1619,other/unknown
referred to mediator,1612,other/unknown
i.o. report,1611,other/unknown
awaiting s.r. & p.a.,1592,other/unknown
e.r .w.a,1592,other/unknown
report on mediation,1587,other/unknown
payment of deficit court fees,1559,other/unknown
showcause,1555,other/unknown
for written statement,1550,interlocutory
l.c.r,1548,other/unknown
commitment,1548,other/unknown
dormant file,1544,other/unknown
stay report,1530,interlocutory
hearing on objections,1529,interlocutory
hearing on final form,1526,interlocutory
wait,1525,other/unknown
awaiting sunmmons,1522,other/unknown
awaiting s.r. and  p.a.,1520,other/unknown
plantiff witness,1518,evidence
wait for notice,1518,service
settling date,1518,other/unknown
hearing on admission (motion),1515,interlocutory
warrent,1502,other/unknown
nfl hearing,1491,interlocutory
p w s,1490,other/unknown
urgent hearing,1488,interlocutory
reply unready,1486,interlocutory
awaiting report of receiver,1473,other/unknown
for l c r,1464,other/unknown
reconcillation,1463,other/unknown
further hearing,1461,interlocutory
trial in the list,1459,other/unknown
reply and consideration,1449,charge
r. o. c. cases at 11 a. m.,1444,other/unknown
appearances,1439,service
cross examination dw,1431,evidence
stayed by high court,1428,interlocutory
checking of copies,1417,other/unknown
additional written statemnt,1401,other/unknown
e/r of wa,1394,other/unknown
cases at 2.45 p.m.,1377,other/unknown
remaining evedence,1369,other/unknown
plea/charge,1365,charge
written statement/reply/replication/ considration,1363,interlocutory
notice of motion,1345,service
amendments,1342,other/unknown
witness__,1333,evidence
202 statement,1327,other/unknown
hear before charge,1322,charge
supplay of p.p,1316,other/unknown
ameen report,1309,other/unknown
disposal of 7c,1307,other/unknown
ia pending,1306,interlocutory
payment of cost,1306,other/unknown
fixing date of hearing,1305,interlocutory
payment of fees in execution,1303,other/unknown
commission report,1301,other/unknown
warrnt of attachment,1292,other/unknown
n b w to accused,1278,other/unknown
awaiting sr and  pa,1268,other/unknown
service of copy,1263,service
awaiting for fir,1258,other/unknown
awaiting for p.a. and w.s.,1250,other/unknown
proclamation us 82-83 crpc,1248,other/unknown
prosecution report,1248,other/unknown
ex parte hearing,1246,interlocutory
awaiting filing of requisites,1236,other/unknown
cases at 2 45 pm,1234,other/unknown
for p.s report,1225,other/unknown
report  and  hearing,1214,interlocutory
objection and hearing,1210,interlocutory
part heard at 11.00 a.m.,1204,other/unknown
admission/denials,1177,other/unknown
written statements/objection to main petition,1175,interlocutory
flw,1169,other/unknown
202 cr.pc,1168,other/unknown
hearing on nfl appln.,1162,interlocutory
er/appearance,1160,service
objection /disposal,1155,interlocutory
s/r + a/d,1154,other/unknown
for paper publication,1150,other/unknown
hearing in notice not before 2.45 pm,1145,service
written statement filing,1137,interlocutory
er of wa / wpa,1131,other/unknown
hearing before chargebefore charge,1126,charge
awaiting service report,1124,service
for sworn statement,1124,other/unknown
to hear on,1120,other/unknown
amin report,1120,other/unknown
recovery,1119,other/unknown
c/s  hearing,1118,interlocutory
citation,1113,other/unknown
for 200 c.r.p.c,1113,other/unknown
cross of the petitioner,1112,evidence
chief of the petitioner,1109,other/unknown
er of w.a,1108,other/unknown
interim hearing,1108,interlocutory
custody matters,1103,other/unknown
io report,1102,other/unknown
for plea,1099,charge
await warrent,1096,other/unknown
arguement before charge,1082,arguments
attachment of movable  of accused,1080,other/unknown
awaiting for final form / chargesheet,1078,charge
prosecution wittness,1076,other/unknown
e.r of w a,1070,other/unknown
for counter affidavit,1070,other/unknown
for record,1069,other/unknown
notice cases,1068,service
awaited for final form / chargesheet,1062,charge
return with ss/notice to accused,1057,service
dv cases,1056,other/unknown
steps at 2.45 pm,1047,other/unknown
awating cs/ff/pr,1033,other/unknown
unserved at 2.45 pm,1032,other/unknown
experte hearing,1028,interlocutory
for  statement  of claim,1025,other/unknown
custody cases,1023,other/unknown
awaiting defendent,1014,other/unknown
b.w,1005,other/unknown
disposal of applications,1005,interlocutory
requisites,1002,other/unknown
amended w.s.,998,other/unknown
awaiting record,996,other/unknown
statement of dw,995,other/unknown
for arguement of applicant,995,arguments
take steps last chance,993,other/unknown
for hearing.,991,interlocutory
for rejoinder,990,other/unknown
for appearance of party / advocate,986,service
app/er of wa,983,other/unknown
injunction hearing,983,interlocutory
su m m on,978,other/unknown
ws,974,other/unknown
public notice,971,service
w/a,969,other/unknown
awaited for final form/ charges,967,charge
for taking steps,965,other/unknown
await final report,958,other/unknown
removal of defect,946,other/unknown
244 cr. pc,943,other/unknown
remanded to jail custody,938,other/unknown
take 82 steps against accused,937,other/unknown
hear in g,935,other/unknown
awating file,935,other/unknown
defense witness,928,evidence
cross examination of prosecution witness,918,evidence
not heard cases at 2.45 p.m.,915,other/unknown
rectification of defects,911,other/unknown
accused warrant,911,service
dispossesion,910,other/unknown
notice unready,909,service
e.r of w.a and appearance,905,service
initial deposition,905,other/unknown
no further time,899,other/unknown
new case,897,other/unknown
trial programme,886,other/unknown
awaiting plaintiff,884,other/unknown
for appearance of accused,882,service
compliance of consent terms,872,other/unknown
paper publication,871,other/unknown
filing of objections,868,interlocutory
steps/ report,867,other/unknown
awaiting ff,867,other/unknown
for production of documents/affidavit,865,other/unknown
protest petition,860,other/unknown
for further hearing,859,interlocutory
rest cross examination,858,evidence
part heard at 2.45 p.m.,857,other/unknown
statement 202,857,other/unknown
for preliminery hearing of charge,849,charge
e.r/w.a,844,other/unknown
framing of charge or plea,841,charge
200 statement,841,other/unknown
referred to adalath,840,other/unknown
appearance and charge,840,charge
for cross examination.,837,evidence
supply of charge-sheet and copies,835,charge
nbw pending,828,service
filing of requsite,827,other/unknown
defence witness,822,evidence
report of marriage counsellor,822,other/unknown
for next hearing,821,interlocutory
recovery cum arrest warrant,821,service
objection/ disposal,819,interlocutory
objection hearing,815,interlocutory
say to exhibit,810,other/unknown
a/notice,810,service
for production of document,800,other/unknown
disposal of application,799,interlocutory
call for report.,795,other/unknown
hearingg,793,interlocutory
preliminary statement,792,other/unknown
for notice report,790,service
court fee,782,other/unknown
filing of requisites,779,other/unknown
for report,778,other/unknown
awaiting  l.c.r.,778,other/unknown
enquiry in complaint matter,770,other/unknown
inquiry witness,766,evidence
awaiting original record,759,other/unknown
hearing (11:00 am                                          ),758,interlocutory
filling of protest petition,758,other/unknown
reply of i.o.,753,interlocutory
notice report,752,service
report of counsellor  written statement,749,interlocutory
cross of pw1,748,evidence
for filing written ststement,748,other/unknown
sr/ad,745,other/unknown
sr and pa,740,other/unknown
h.b.c.,740,other/unknown
prl.hearing,736,interlocutory
part  heard at ( 2.45p.m.),734,other/unknown
additional w.s.,732,other/unknown
list of witness and documents,732,evidence
reply to counter claim,732,interlocutory
evidance,732,other/unknown
for committal,731,other/unknown
statement,730,other/unknown
consign to r.r,726,other/unknown
dismissed,723,other/unknown
copy.,722,service
evidenc,717,other/unknown
hearing on interim relief,715,interlocutory
awaiting p.r.,715,other/unknown
reply/written statement,714,interlocutory
commissioners report,710,other/unknown
rejoinder / additional written statement,709,interlocutory
nbw / ns,709,service
proclamation return,709,other/unknown
for___________________,708,other/unknown
informant appearance,705,service
objection.,703,interlocutory
dismissal,700,other/unknown
clarification,698,other/unknown
er of w/a,695,other/unknown
stayed u./s. 10 of cpc,694,interlocutory
flw to respondent,694,other/unknown
stay from high court,694,interlocutory
paper publication produced-await report affixture,694,other/unknown
defendant witness,693,evidence
fixed for 200 crpc,690,other/unknown
sr / ad,690,other/unknown
notice for hearing at 2.45 p.m.,689,service
filing of court fees,689,other/unknown
memo to sho,680,other/unknown
affidavit of service,679,service
hearing at 11.00 a.m.,678,interlocutory
p.h.,676,other/unknown
awaiting defendants,675,other/unknown
institution of case.,674,other/unknown
appearance of the claimant with document.,673,service
non custody framing of charge,664,charge
service proof,663,service
written statement/ reply,656,interlocutory
presence  written statement,653,interlocutory
evidnce,651,other/unknown
remand extended,644,other/unknown
statement of claim,643,other/unknown
for issuance of process/service,642,service
fresh application,641,interlocutory
awaiting report / io's report,639,other/unknown
process fee,638,service
final argu.,637,arguments
bw,637,other/unknown
hearing the petition,637,interlocutory
service pending_non-bailable warrant,631,service
putup,630,other/unknown
s.a. solemn affirmation,628,other/unknown
commissioner's report,624,other/unknown
steps (unready),623,other/unknown
consideration of service,620,charge
ch ar ge,616,other/unknown
notification / publication,613,other/unknown
d/w,612,other/unknown
awating for f.f,609,other/unknown
sristedar report,608,other/unknown
sarishtedar report,608,other/unknown
charge / plea hearing/appearence,607,charge
for presence of non-applicant,606,other/unknown
for dissmissal,604,other/unknown
awaiting s.r.,599,other/unknown
steps before preliminary hearing,598,interlocutory
repeat nbw to accused,597,service
witness warrant,595,evidence
"proclamation under section 82,83 crpc",594,other/unknown
admission/urgent hearing,589,interlocutory
appearance (11:00 am                                          ),588,service
office objection,587,interlocutory
admission and  denial,587,other/unknown
for examination of witness,586,evidence
for  sr,585,other/unknown
styed by hon'ble high court,584,other/unknown
report  from i.o.,582,other/unknown
awaiting for prosecution report,581,other/unknown
prays time,581,other/unknown
awaiting s.r. and p.a.,579,other/unknown
step,579,other/unknown
office check and note,579,other/unknown
others.,579,other/unknown
reply in notice not before 2.45 pm,578,service
summary cases,578,other/unknown
n.b.w.(ready),577,other/unknown
awaiting for f.i.r,575,other/unknown
warrant / arrest,574,service
p.w. hearing,573,interlocutory
peremptory hearing of the suit,571,interlocutory
d. v. act cases,570,other/unknown
body warrant,570,service
hearing p.p.,570,interlocutory
nbw and notice to suerities,568,service
awaiting final form / chargesheet,568,charge
p. hearing,566,interlocutory
c/s reply,564,interlocutory
criminal service to accused/respondant and defandant,564,service
return with wt to accused,563,other/unknown
cross examination of defense witness,563,evidence
securitisation cases at 2.45 p.m.,559,other/unknown
waiting,554,other/unknown
awaiting death report,552,other/unknown
service of accused,551,service
p.hearing,550,interlocutory
to submit maintance money,548,other/unknown
200 cr.p.c,547,other/unknown
listing for disposal,545,other/unknown
202 cr pc,545,other/unknown
awaiting complainant,545,other/unknown
supply of police paper,543,other/unknown
for objections,541,interlocutory
sr/objection,541,interlocutory
objection to main petition,541,interlocutory
for recording statement of accused,539,evidence
lower court record,539,other/unknown
inquiry,536,other/unknown
for arguement before charge,536,arguments
attachment warrant,535,service
part heard not before 2.45 pm,532,other/unknown
sr pa,529,other/unknown
filing requisites,528,other/unknown
awaiting pr,526,other/unknown
verify and report,525,other/unknown
accused presence,525,other/unknown
notification  -  publication,521,other/unknown
custody,519,other/unknown
payment of decree amount,519,other/unknown
for discovery / inspection / production,517,other/unknown
ebc or hbc,517,other/unknown
for hbc,516,other/unknown
for appearence of plaintiff/defendent,514,other/unknown
consideration.,513,charge
awaiting applicants,511,other/unknown
null.,510,other/unknown
show cause by petitioner/complainant,509,other/unknown
hearing on leave to defend,509,interlocutory
p. h,507,other/unknown
hearing of. exh.,505,interlocutory
ree,500,other/unknown
for exparte hearing,497,interlocutory
for filing court fees,497,other/unknown
sucsession,494,other/unknown
h.b.c,494,other/unknown
hearing (10:00 am                                          ),490,interlocutory
appearence (11:00 am                                          ),490,other/unknown
surety,490,other/unknown
filing of written reply,490,interlocutory
awaiting objection,488,interlocutory
sheristedar report,488,other/unknown
non bailable warrant of accused,487,service
hearing at 2.45 p.m.,486,interlocutory
part  heard at  2.45p.m.,486,other/unknown
awaiting report of t.c.,485,other/unknown
non bailable warrant to accused,485,service
balance payment,484,other/unknown
consideration of power,481,charge
not heard cases (11:00 am   ),479,other/unknown
notice for auction sale,478,service
objection to cr,477,interlocutory
s st,477,other/unknown
obj,476,other/unknown
filing of certified of copies,475,other/unknown
matter relaing to accused statment,471,other/unknown
proclaimation,470,other/unknown
appearance of petitioner,469,service
judge on leave,469,judgment
execution of nbw,467,service
reopen,467,other/unknown
1 pws,467,other/unknown
execution of wa / wpa,466,other/unknown
dv cases 2.45 pm,465,other/unknown
copy for accused,460,service
official witness,458,evidence
s / r and a/d,458,other/unknown
w/o and hearing,458,interlocutory
awaiting for original record,455,other/unknown
for production of accused,455,other/unknown
civil service to other side,453,service
cross examination of claimant,453,evidence
for w.s. of first party,453,other/unknown
for accused statement,450,other/unknown
appeal revision,449,other/unknown
s.d.p.h,448,other/unknown
substance,447,other/unknown
filing of steps,447,other/unknown
a.d.r. hearing,446,interlocutory
sr and appearance,442,service
e.r. of w/a,441,other/unknown
awaiting of final pr,440,other/unknown
service pending_warrant,440,service
for arguement of opponent,440,arguments
notified for want of time,440,other/unknown
stayed cases,437,interlocutory
awaiting party,437,other/unknown
for 202 c.r.p.c,435,other/unknown
awaiting final p.r,435,other/unknown
premtory hearing,434,interlocutory
enquiry  and witness,434,evidence
apperance of accused,433,other/unknown
further cross examination,433,evidence
reply/consideration,433,charge
disposal of 7 c,432,other/unknown
appearance of respondent,432,service
payment / further payment,428,other/unknown
exparty hearing,427,interlocutory
presence and written statement,427,interlocutory
settlements,427,other/unknown
hearings,426,interlocutory
counsellor report,426,other/unknown
s r,424,other/unknown
hearing of petion,422,interlocutory
for report of kurki warrant,420,service
for counselling,418,other/unknown
replication/rejoinder,417,other/unknown
for hearing at 2.45 p.m.,416,interlocutory
for hearing ea,416,interlocutory
application filling,416,interlocutory
written statement.,415,interlocutory
reporting settlement,414,other/unknown
s/r & filing of counter,414,other/unknown
copy submission,413,service
awaited plantiff,413,other/unknown
e.r and appearence,409,other/unknown
s/a,409,other/unknown
for production,407,other/unknown
for written statement on counter claim,406,interlocutory
presence and reply,404,interlocutory
for n b w,402,other/unknown
action for consequential amendment,401,other/unknown
nbw by hand,398,service
er of dw,397,other/unknown
awaiting f.f,397,other/unknown
filing of vakilpatra,396,other/unknown
appearance (10:00 am                                          ),396,service
bringing l.r.s,393,other/unknown
i.o report,393,other/unknown
reconstruction of record,392,other/unknown
petition of hearing,385,interlocutory
awaiting report of  commissioner,383,other/unknown
hear on ia,381,interlocutory
supply of p.p.,381,other/unknown
for hearing of sentence,378,interlocutory
await village officer's certificate,377,other/unknown
awaiting  for sanction p.r.,376,other/unknown
steps at 11 am,375,other/unknown
hearing on the appeal,375,interlocutory
awaiting for other information from hon'ble court,374,other/unknown
to hear on ia 1,373,interlocutory
protest petition.,372,other/unknown
n.b.w. unready,371,other/unknown
cross of pw/dw,371,evidence
reply to objection,370,interlocutory
national lok  adalat,369,other/unknown
for comissioner's report,368,other/unknown
arguements,368,arguments
cross of dw,367,evidence
for section 89 cpc/ counseling,367,other/unknown
notice to surety,366,service
service pending-non bailable warrant,366,service
a/d,364,other/unknown
for production of accused.,364,other/unknown
accused absconding.steps,363,service
for admission hearing of appeals,363,interlocutory
awaiting of shrishtedar report,363,other/unknown
proclamation to accused,362,other/unknown
proof of service,362,service
call with mp,361,other/unknown
addl. w.s.,361,other/unknown
further proceeding / action,360,other/unknown
ex-parte hearing,360,interlocutory
consideration of petition,359,charge
notice for reply at 2.45 p.m.,357,service
d. v. act cases at 02.45 p.m.,356,other/unknown
pw,355,other/unknown
admission  denial,354,other/unknown
hearing in notice not before 11 am,354,service
notice  to respondents,354,service
police report in enquiry,354,other/unknown
awaiting s.r. p.a.,354,other/unknown
awaiting for postal acknowledgement,353,other/unknown
to hear by,352,other/unknown
further steps,352,other/unknown
appearance of accused.,352,service
ascertaining contest,352,other/unknown
er of w/a and appearance,351,service
a.d.r,348,other/unknown
adinterim injunction extension,348,interlocutory
not heard cases at 2.50 p.m.,347,other/unknown
premptory hearing,347,interlocutory
auction notice publication report,347,service
proclamation and sale,346,other/unknown
non bailable warrant (n.b.w),346,service
call for lcr,346,other/unknown
arrest notice,345,service
steps 1,345,other/unknown
er of w/aamp appr.,345,other/unknown
notice to respondents,342,service
second list,341,other/unknown
for counter in ia,340,interlocutory
await sale deeds,340,other/unknown
along with petition,339,other/unknown
filing protest petition,336,other/unknown
await medical report,336,other/unknown
awaiting for final form/charge sheet,336,charge
hear on i.a,334,interlocutory
cross-examination.,334,evidence
attachment warrent,334,other/unknown
s.r/ a.d and appearance,334,service
noified,334,other/unknown
serishetedar report,333,other/unknown
show-cause,332,other/unknown
pw hearing,332,interlocutory
awaiting s/r,331,other/unknown
for appearance of parties/ advocates,330,service
filing documents,330,other/unknown
app and plea,330,charge
await report.,328,other/unknown
e/r of d/w,328,other/unknown
await distress warrent,326,other/unknown
reply (unready),326,interlocutory
not heard cases (11:00 am                                          ),326,other/unknown
payment and costs,326,other/unknown
for balance amount,326,other/unknown
report from commissioner...,325,other/unknown
awaiting final form / charge sheet,325,charge
for reply,325,interlocutory
commision  report,325,other/unknown
hearing below exh._______,324,interlocutory
fixed alongwith main file,324,other/unknown
e.r. or w.a.,324,other/unknown
notified,324,other/unknown
for fir,322,other/unknown
ar gu m en ts,322,other/unknown
hearing on interim appli.,322,interlocutory
futher proceedings,322,other/unknown
witness of plaintiff,321,evidence
hearing of appeal,320,interlocutory
extension,317,other/unknown
petition hearing,316,interlocutory
awaiting lapsed jail warrant,316,service
ex party hearing,316,interlocutory
awaiting f f / chargesheet,316,charge
admistion,315,other/unknown
show casue to investigating officer,314,other/unknown
additional counter,314,other/unknown
appr and e.r of w.a,314,other/unknown
reports,313,other/unknown
hearing  criminal,313,interlocutory
for proclamation,312,other/unknown
nbw and 82 83 steps,311,service
awaiting sanction p.r.,310,other/unknown
h b c,308,other/unknown
for attachment/arrest/garnishee proceedings,308,other/unknown
for balance,307,other/unknown
await disability  reports,307,other/unknown
await charge sheet,307,charge
4 c objection/disposal,306,interlocutory
fixing date of trial,306,other/unknown
plaint copy,304,service
further porceedings,302,other/unknown
hearing on framing of charge/discharge application,302,charge
filing of show cause,301,other/unknown
evedence befor charge,299,charge
for appearence,298,other/unknown
filing show cause,298,other/unknown
appeal hearing,298,interlocutory
for admissions/denials,297,other/unknown
admission hearing,297,interlocutory
objection on ia,296,interlocutory
cross-objection,296,evidence
supply of better particulars,295,other/unknown
awaiting for l.c. record,295,other/unknown
filing of written statement,295,interlocutory
call for report,294,other/unknown
f.d.t.,294,other/unknown
299 crpc,293,other/unknown
service  report,293,service
addition written statement,293,interlocutory
for copy,293,service
frames of notice,293,service
e.r. of d.w.,292,other/unknown
appearance in case,290,service
appearance (10am to 1pm                                       ),290,service
b.w. 10000,289,other/unknown
charges,289,charge
examination in chief,289,evidence
sworn statment,289,other/unknown
appearance  and er of wa,287,service
notice for hearing and reply not before at 2.45 pm,286,service
awated for pr,285,other/unknown
further payment,285,other/unknown
return of arrest warrant,285,service
steps.,284,other/unknown
original record,284,other/unknown
service for deffendent,284,service
dormant cases formal listing,283,other/unknown
await commissioner report,283,other/unknown
awating s/r of notice,282,service
appearance and death report,282,service
for cognizance,282,other/unknown
supply of p p,281,other/unknown
for affidavit.,280,other/unknown
objections by,279,interlocutory
criminal service of accused/respondent/defendant,279,service
for amendment,278,other/unknown
service affidavit,278,service
counsellor\'s report,278,other/unknown
verification.,278,other/unknown
arrest warrant to jdr.,277,service
awaiting  non- applicants,277,other/unknown
reffer t to loka adalaths,277,other/unknown
verification at 2.45 p.m.,276,other/unknown
settelment,276,other/unknown
sanctioned pr,276,other/unknown
appearance of both sides,276,service
required court fee,275,other/unknown
writen statement,275,other/unknown
substance of accusation,275,other/unknown
balance by,274,other/unknown
final report,274,other/unknown
compliance (),273,other/unknown
nbw (11:00 am                                          ),273,service
objections to i.a.,272,interlocutory
production of victim,272,other/unknown
produce the accused,271,other/unknown
e.r of w.a,270,other/unknown
non applicant appearance,269,service
for hearing in cmp,268,interlocutory
com p./eviden ce,268,other/unknown
for hearing on charge,268,charge
acceptance of final form,267,other/unknown
for payment of costs,266,other/unknown
written stat/objection,266,interlocutory
take steps,266,other/unknown
counter claim,265,other/unknown
"production, appearance, e/r of w/a",265,service
rpe,265,other/unknown
payment/further payment,264,other/unknown
reply - say,264,interlocutory
w/s,264,other/unknown
"s/r, a/d and filing postal receipts",264,other/unknown
appearance and reply,264,service
stayed by hon'ble high court,262,interlocutory
bringing l.r's,262,other/unknown
supply of p.r.,261,other/unknown
disposed,261,other/unknown
return of notice.,259,service
ammendment,258,other/unknown
for cross examination,258,evidence
hearing on i.a.,257,interlocutory
filing of requisites and  app. of defendent.,257,other/unknown
steps (11:00 am                                          ),255,other/unknown
examination of witness,254,evidence
notice of execution to jds,254,service
awaiting ad,253,other/unknown
313 statement,252,evidence
for s/r,252,other/unknown
awaiting sanction p& r,252,other/unknown
sr/ad/pr,252,other/unknown
fixing the date for trial,251,other/unknown
presence of parties,251,other/unknown
accused shall be present,250,other/unknown
objectiondisposal,250,interlocutory
e.r of d.w,250,other/unknown
written statement at 2.45 pm,248,interlocutory
e.r. and appearance,248,service
kept for special drive,247,other/unknown
for fresh step,247,other/unknown
awaiting presence,247,other/unknown
dw,246,other/unknown
case re-posted to,246,other/unknown
settlement of proclamation,245,other/unknown
202 statement crpc,245,other/unknown
hearing on interim alimony,245,interlocutory
notice (11:00 am                                          ),244,service
awaited parties,244,other/unknown
awaiting for s.r,244,other/unknown
c.r.,241,other/unknown
d.w./s.c./payment,241,other/unknown
enquiry.,240,other/unknown
produce njs(non judicial stamp),239,other/unknown
hearing on i.a,239,interlocutory
awating record for medition center,239,other/unknown
awaiting lcr,237,other/unknown
return of notice unready,237,service
89 cpc,235,other/unknown
by notification to,235,other/unknown
institution of cases,235,other/unknown
second motion,235,other/unknown
sr and pa of op1,234,other/unknown
89 of c.p.c.,234,other/unknown
for filing,234,other/unknown
l ok adal at,233,other/unknown
cross of p.w.,232,evidence
r  p sent,231,other/unknown
for alerts before action,231,other/unknown
appearance of accussed (11:00 am                                          ),231,service
unserved at 2.45 p.m.,230,other/unknown
stay by upper court,229,interlocutory
not heard(ss pending),229,other/unknown
reply in notice at 11 am,228,service
filing of say on exh.,227,other/unknown
award,227,other/unknown
notice to o.p,227,service
filling objection,226,interlocutory
awating for s.r.,226,other/unknown
awaiting m.os.,226,other/unknown
lok nyayalaya,225,other/unknown
dv cases at 1 p.m.,225,other/unknown
d.w.,225,other/unknown
bringing lrs on records,225,other/unknown
defect on admission,225,other/unknown
for appearance of complaint/protest petition,224,service
shall be present.,223,other/unknown
supply copy,223,service
appearance and hearing,223,service
copy -77,222,service
repeat nbw.,222,service
hearing injunction matter,222,interlocutory
s.a./surety,222,other/unknown
production of documents,220,other/unknown
securitisation cases at 11.00 a.m.,220,other/unknown
substitution,219,other/unknown
hearing .,219,interlocutory
awaiting s.r & p.a.,219,other/unknown
e.r of w.w.a,219,other/unknown
filing of vakilpatra_unready,218,other/unknown
awaited for party,218,other/unknown
refer to adalath,217,other/unknown
for complainance,217,other/unknown
trial.,217,other/unknown
framing of charge and plea,217,charge
e.r./ w. a,216,other/unknown
nbw/bw pending,216,service
charge sheet,214,charge
for objections on ia,214,interlocutory
for appearence of complainant,214,other/unknown
service pending-warrant,214,service
further chief,213,other/unknown
hear,212,other/unknown
for replication,212,other/unknown
s.r,212,other/unknown
show  cause,212,other/unknown
appearance of informant and acceptance of f.f.,211,service
seristedars report,211,other/unknown
awaiting for sanction p.r.,211,other/unknown
filing requisite,211,other/unknown
c summary,211,other/unknown
"enquiry ,witness",211,evidence
for w.s. of opponent,209,other/unknown
cross examination of complainant/respondent,208,evidence
cross of plaintiff,208,evidence
filing  affidavit of document,207,other/unknown
cases at  2.45 p.m.,207,other/unknown
stayed by honble supreme court,207,interlocutory
appeal a1 for hearing at 11 am,207,interlocutory
e/r of warrant/o.a,207,service
calling,206,other/unknown
f/c of pw1,205,other/unknown
reminder,205,other/unknown
stayed  by high court,204,interlocutory
app and e/r of w/a,204,other/unknown
witness list,204,evidence
for appearance of witness,204,evidence
acceptence for final form,204,other/unknown
commissioner's report.,203,other/unknown
applicant evidance,203,other/unknown
filing of v.p.,202,other/unknown
cases kept for special drive,201,other/unknown
production warrant,201,service
examination on sa,201,evidence
attachment warrant of movable,200,service
comission report,199,other/unknown
transfer to lp case,199,other/unknown
warrant executed,199,service
awaiting for p.a.,199,other/unknown
written objection.,199,interlocutory
notice to parties,198,service
not in the list,198,other/unknown
awaiting sanction pr,198,other/unknown
styed by honble high court,196,other/unknown
fresh address,196,other/unknown
charge (11:00 am                                          ),196,charge
pw examination,196,evidence
nbw to accused and notice to surety,195,service
n.b.w.a,195,other/unknown
stayed by superior court,194,interlocutory
execution,194,other/unknown
for particulars/plea/charge,194,charge
appreance,193,other/unknown
steps/requisites,193,other/unknown
ss to  a,193,other/unknown
put up afr,192,other/unknown
filing of counter,192,other/unknown
for proclamation under section 82 and 83,191,other/unknown
supplie p.p,191,other/unknown
appearance of party/pleader,191,charge
suit stayed,190,interlocutory
nbw to respondent,190,service
appearance of accused (),190,service
for presence of plaintiff,190,other/unknown
await amount,189,other/unknown
awaiting for l.c.r,189,other/unknown
execution report,189,other/unknown
hearing of this appeal,189,interlocutory
charge / steps,189,charge
payment of balance court fee.,189,other/unknown
charge  report,187,charge
for given copy,187,service
fixed for 202 crpc,187,other/unknown
written  statement,187,other/unknown
presence of defandant,187,other/unknown
along with main file,186,other/unknown
prl. stage,186,other/unknown
bw to cws.,186,other/unknown
awating intimation,185,other/unknown
apparance,185,other/unknown
attachment of warrant,185,service
appearance from  custody,185,service
awaiting payment,185,other/unknown
appearance (2pm to 5pm                                        ),184,service
p.w.,183,other/unknown
appointment for advocate/legal aid,183,other/unknown
awaiting of final form,183,other/unknown
filing original documents,182,other/unknown
service pending_non_bailable warrant,181,service
e/r appearance,181,service
s/c by complt,181,other/unknown
for hearing and framing charge,181,charge
written statement and objection,180,interlocutory
cross of the respondent,180,evidence
sanction p.r.,180,other/unknown
charge( framing of chare/plea),179,charge
disposal of c-7,179,other/unknown
enquiry amp witness,178,evidence
o.p.w,178,other/unknown
hearing on intrim relief,178,interlocutory
s.r. p.a,178,other/unknown
for b w 10000,177,other/unknown
for warrant,177,service
discovery/ inspection,176,other/unknown
fresh notice,176,service
declared holidays.,176,other/unknown
consideration..,176,charge
for hearing (11:00 am                                          ),175,interlocutory
arrest,175,other/unknown
a/ss,175,other/unknown
for commital,175,other/unknown
payment of maintenance,175,other/unknown
temporary injection (t.i.),174,other/unknown
filing notice,174,service
appearance and pr,174,service
awaiting file,174,other/unknown
filing of surety.,174,other/unknown
hearing injunction,173,interlocutory
appearence and charge,173,charge
leave to defend,173,other/unknown
stayed by trial court,172,interlocutory
awaiting execution of service non bailable warrent,172,service
202 crpc,172,other/unknown
appearance and written objection,172,service
appearance and service or execution report,171,service
objection / disposal,171,interlocutory
for substitute service,171,service
produce accused copy,171,service
for report of mediation centre,171,other/unknown
awaiting p.r,170,other/unknown
before mediator,169,other/unknown
appearance. (10:00 am                                          ),169,service
process to accused (11:00 am   ),169,service
for tamili,169,other/unknown
not heard at 2.45 p.m,168,other/unknown
awaiting  f.i.r,167,other/unknown
filing of objection,167,interlocutory
warrants,167,service
f or disposal,167,other/unknown
sr/ad and pr,167,other/unknown
execution repoert of w.a/wpa,167,other/unknown
for kurki warrant,167,service
suits,166,other/unknown
f. d expartie hearing,166,interlocutory
trial (10am to 1pm                                       ),166,other/unknown
not heard (warrant pending),165,service
ws (written statement),165,interlocutory
for recovery of fine,165,other/unknown
nbw to accused and section 82 and 83 of cr.p.c.,164,service
interim hearing.,164,interlocutory
filing amended plaint,163,other/unknown
appearence of accused,163,other/unknown
defense  statement/sd,162,other/unknown
fresh requisites,162,other/unknown
s/s to witness,162,evidence
filing examination in chief,162,evidence
appearance of partie,161,service
civil statement,161,other/unknown
por and appearance,161,service
notice for hearing at 11.00 a.m.,160,service
disposal of oth er appl .,160,other/unknown
civil awaiting plaintiff/applicant/appeallant,160,other/unknown
reposted,160,other/unknown
preliminary evidance,159,other/unknown
notice for hearing and reply at 11.00 am,158,service
offence explanation,158,other/unknown
exp.eviden ce,158,other/unknown
appearance and er of wa,158,service
statement accused,158,other/unknown
service report/record,158,service
n.b.w. to accused,157,other/unknown
for e/r of w/a,157,other/unknown
hearing of exh.,157,interlocutory
awaiting for sr,157,other/unknown
chief of the respondent,156,other/unknown
addl.written statement,156,interlocutory
sactioned p.r,156,other/unknown
p.a.,156,other/unknown
attachment warrant of movables,156,service
for appereance parties/advocates,156,other/unknown
for advace action,156,other/unknown
for filing fresh steps with correct address,155,other/unknown
preliminary hearing,155,interlocutory
for hearing on framing charge.,155,charge
service return/acknowledgement.sr /ad,155,service
await warrant,154,service
filing  s/c,154,other/unknown
hbc / charge /  plea,154,charge
fixing date of trail,154,other/unknown
balance amount,154,other/unknown
for evidance,154,other/unknown
for crime detail,154,other/unknown
remp-appearance,154,service
consellors report,153,other/unknown
delivery of property,152,other/unknown
awaiting original  record,152,other/unknown
memo to the investigating officer,151,other/unknown
for lp sanction,151,other/unknown
witness.,151,evidence
opw,151,other/unknown
await nbw,151,service
f.evi.,151,other/unknown
statement defence,150,other/unknown
discussion,150,other/unknown
executionof w.a/wpa/d.w,150,other/unknown
for payment to party,149,other/unknown
filing of consolidated plaint,149,other/unknown
for next date,149,other/unknown
keep for consideration,149,charge
n.b.w._unready (11:00 am                                          ),149,other/unknown
cross by plaintiff,148,evidence
hearing of injunction petition,148,interlocutory
enquiry 202 cr.p.c,148,other/unknown
hearing of limitation petition,147,interlocutory
e/r and for appearance,147,service
attachment/moveable,147,other/unknown
steps for bringing lrs on record,146,other/unknown
awaiting r & p,146,other/unknown
no sitting.notified to,146,other/unknown
awaiting l.c.r,146,other/unknown
s r / e r,146,other/unknown
exparte hearing of the suit,146,interlocutory
warrent report,146,other/unknown
notice of motion for dismissal,145,service
cross of wittness,145,evidence
cws,145,other/unknown
ea pending,144,other/unknown
awaiting sr and pa,144,other/unknown
consideration and acceptance of ws,144,charge
lokadalat,143,other/unknown
absent,143,other/unknown
await records.,142,other/unknown
submit maintanance money,142,other/unknown
trial period,142,other/unknown
mact service to other side,142,service
e.r/w a,142,other/unknown
presence & written statement,142,interlocutory
service return and postal acknowledgement,141,service
awaiting sanctioned p.r,141,other/unknown
filing of requsities,141,other/unknown
for further proceedings..,141,other/unknown
extention,141,other/unknown
charge / hbc /  plea,141,charge
written statement/written objection,141,interlocutory
appearance (11.00 am                                          ),140,service
hearing on nfl appln,139,interlocutory
appearance of appellant,139,service
awaiting respondent,139,other/unknown
er and report,139,other/unknown
settling date of trial,139,other/unknown
appearance (12.00 pm                                          ),139,service
d. v. act.,139,other/unknown
140 hearing on nfl appln,139,interlocutory
cross of pw 1,139,evidence
for balance payment,139,other/unknown
for recording plea,139,charge
n.b.w and f.l.w to accused,138,other/unknown
s/d,138,other/unknown
"appearance, i.d. w/a",138,service
removal of defects.,137,other/unknown
disposal of 5c,137,other/unknown
apperance and er of wa,137,other/unknown
balance.,137,other/unknown
hearing without w. s.,137,interlocutory
petitioner evidenc e,137,other/unknown
process to accused (10:00 am   ),137,service
next date,137,other/unknown
for appearance of parties/advocate,137,service
cross ready,136,evidence
for further steps,136,other/unknown
call with ia.,136,interlocutory
s/r of a/d,136,other/unknown
proclaim and sell on,136,other/unknown
charge/particulars,135,charge
call with i.a.,135,interlocutory
"nbw,proclamation, attachment  warrantr",134,service
await village officers certificate,134,other/unknown
say /hearing on exh.____(ready),134,interlocutory
filing of service affidavit,134,service
report/checking of report,134,other/unknown
appearance/reply,134,service
complaince,134,other/unknown
appearance of op,134,service
lok - adalat,134,other/unknown
"part heard, expdt at 11.00 a.m.",133,other/unknown
framing of charge / plea,133,charge
cross of p w 1,133,evidence
call for l.c.r,133,other/unknown
mediation centre,133,other/unknown
f. o. (10:00 am                                          ),133,other/unknown
hearing exh no,132,interlocutory
statement 313 cr pc,132,evidence
taking fresh step,132,other/unknown
warrants of attachment,132,service
await process,132,service
repeat notice,132,service
for additional written statement,131,interlocutory
supply of p.p,131,other/unknown
cross-objection/reply,131,evidence
filing rejoinder,131,other/unknown
priliminary hearing,131,interlocutory
for paper publication.,131,other/unknown
appearance and service report,130,service
await for final report,130,other/unknown
distress warrant(dw),130,service
further cross examination p.w,130,evidence
execution of dw,129,other/unknown
await rpad or s/s,129,other/unknown
filing say,128,other/unknown
settlment,128,other/unknown
guilty hold,128,other/unknown
e.r. of d/w,128,other/unknown
enquiery,128,other/unknown
no sitting. notified to,128,other/unknown
consolidated plaint,127,other/unknown
call with claim petition,127,other/unknown
counciliation,127,other/unknown
notice to respondant,126,service
filing of requisites  app. of defendent.,126,other/unknown
deposit money for maintenance,126,other/unknown
refer to la/mediation,125,other/unknown
payment of  cost,125,other/unknown
production of accused from jail custody,125,other/unknown
examination of parties u/o 10 cpc,125,evidence
claim petition,125,other/unknown
domestic violence  case,124,other/unknown
both not ready,124,other/unknown
case diary,124,other/unknown
awaiting for institution fir,124,other/unknown
for amin report,124,other/unknown
appearence and e/r,124,other/unknown
for compromise process,124,service
referred to lok-nyayalaya,124,other/unknown
further payment by o.p.,124,other/unknown
hearing of thesuit,123,interlocutory
repeat nbw and steps,123,service
service pending_notice,123,service
er/wa,123,other/unknown
for inquiry report,123,other/unknown
warrnt of possession,123,other/unknown
unserverd at 11 am,122,other/unknown
sale,122,other/unknown
objection to i.a,122,interlocutory
argumnets__,122,arguments
present of non applicant,122,other/unknown
unready board (11:00 am   ),122,other/unknown
not heard cases (12:00 pm                                          ),122,other/unknown
appearance  counselling,122,service
statement of the complainant,122,other/unknown
difendent witness,121,evidence
fdt,121,other/unknown
ss through rpad,121,other/unknown
produce accused,121,other/unknown
written  objection,121,interlocutory
other,121,other/unknown
further chief of pw.1,120,other/unknown
awaiting for p.a. & w.s.,120,other/unknown
sr of o.ps,120,other/unknown
e.r/wa,120,other/unknown
show cause filing,120,other/unknown
for consideration of charge,120,charge
for issuance of process / service,120,service
s.s. to accused,120,other/unknown
cross  of pw 1,120,evidence
awaiting report of t.c,120,other/unknown
stayed case,119,interlocutory
awating death report,119,other/unknown
await mos,119,other/unknown
for notice serve to both partys,119,service
amendment of plaint,118,other/unknown
by notification,118,other/unknown
for substance,118,other/unknown
filling of show cause,118,other/unknown
attendance of parties,118,service
for diposition of applicant,118,other/unknown
opws,118,other/unknown
call for record,118,other/unknown
82-83 steps-189,117,other/unknown
amendment plaint,117,other/unknown
for return of notice,117,service
petitioner witness,117,evidence
"s.r,a.d",117,other/unknown
claim statement,117,other/unknown
hearing (11:00 am   ),117,interlocutory
examination of complianant,116,evidence
next step,116,other/unknown
for s/r and appearence,116,other/unknown
service (10:00 am                                          ),116,service
for further proceeding,116,other/unknown
statement 10 cr. p c,116,other/unknown
filing undertaking,116,other/unknown
discussion of charge,116,charge
steps (10am to 1pm                                       ),116,other/unknown
stayed matters at 11 am,115,interlocutory
hearing..,115,interlocutory
compromise__,115,other/unknown
awaiting of s/r,115,other/unknown
substance of accussation,115,other/unknown
steps for notice,114,service
for filing documents,114,other/unknown
for examination,114,evidence
notice in ca,114,service
matter is stayed,113,interlocutory
crp pending,113,other/unknown
service copy,113,service
warrant of recovery,113,service
or der /disposal,113,other/unknown
undertaking,113,other/unknown
consideration on charge,113,charge
appeal a1 for hearing not before 2.45 pm,112,interlocutory
sale proclamation,112,other/unknown
dws,112,other/unknown
appearance and e/r of w/a,112,service
rpad,112,other/unknown
compromised,112,other/unknown
charge hearing,112,charge
kurki warant,112,other/unknown
"nbw to accused.82,83 steps",111,service
condonation of delay and extention of time,111,other/unknown
not heard at 2.45 p.m. (11:00 am   ),111,other/unknown
mediator  adr report,111,other/unknown
awaited for plantiff,111,other/unknown
appearance of defendant,111,service
non bailable warrant to court witness,111,evidence
admission & denial,110,other/unknown
awaiting l. c. r.,110,other/unknown
for objecting and hearing cmp,110,interlocutory
w.s. & say,110,other/unknown
filing of requisites and app of defendent,110,other/unknown
issuse notice to respondent,110,service
report (10am to 1pm                                       ),110,other/unknown
respondant evi.,109,other/unknown
await record,109,other/unknown
for balance statement,109,other/unknown
hearing on last chance,109,interlocutory
awating original record,109,other/unknown
hearing petition,109,interlocutory
special drive cases,109,other/unknown
hering,109,other/unknown
referred to mediation,108,other/unknown
valuation report,108,other/unknown
disposal of 25 c,108,other/unknown
execution of d.w,108,other/unknown
auction sale report,108,other/unknown
admissions hearing of appeals,108,interlocutory
nbw to witness,107,evidence
r est eviden ce,107,other/unknown
information to police station,107,other/unknown
appointment of p.p.,107,other/unknown
exparte decree,107,other/unknown
cost,107,other/unknown
for mediation,107,other/unknown
lokadalath,107,other/unknown
charge..,106,charge
await medical board report,106,other/unknown
o.p.w.,106,other/unknown
ph,106,other/unknown
warrent ( non- bailable),106,other/unknown
appeal 2a for hearing at 11 am,105,interlocutory
hearing civil,105,interlocutory
deficite court fee,105,other/unknown
copy of documents,105,service
filling of written statement,105,interlocutory
awaiting report.,105,other/unknown
written statement of r2,105,interlocutory
await for records,105,other/unknown
for appearance of jd,105,service
reply of respondents,105,interlocutory
call on (11:00 am                                          ),104,other/unknown
e/r of wwa,104,other/unknown
for consideration,104,charge
for statement,104,other/unknown
for taking necessary steps at 2.45 pm,104,other/unknown
exparte hearing at 11 am,104,interlocutory
arrest notice to jdr,104,service
p o is on vacation,104,other/unknown
service report.,104,service
awaited for petitioners / respondents,104,other/unknown
hearing of ia,104,interlocutory
fine leavy warrant,103,service
"s/r, w/s and vokalatnama.",103,other/unknown
supply of p.p._ready,103,other/unknown
further cross exam of p.w/d.w,103,evidence
for hearing of priliminary point/contention,103,interlocutory
for hear before charge,103,charge
offence explain.,103,other/unknown
written statement and reply,103,interlocutory
high court time bound,102,other/unknown
ss to cw,102,other/unknown
io,102,other/unknown
awaiting intimation.,102,other/unknown
filing of fresh requisites,102,other/unknown
amendement,102,other/unknown
hearing on congizance,102,interlocutory
filing of requisites & app. of d,102,other/unknown
appearance of accused (12:30                                             ),102,service
stayed call on,101,interlocutory
filling list of wittness,101,other/unknown
steps (parvi),101,other/unknown
sanctioned p.r,101,other/unknown
awaiting intimation from honble h.c,101,other/unknown
for hearing of inetrim relief application,101,interlocutory
evidance of affadavit of petitioner,101,other/unknown
sa,101,other/unknown
ex-parte hearing at 11.00 a.m.,100,interlocutory
cross of the witness,100,evidence
o.p.ws,100,other/unknown
appearance (01.00 pm                                          ),100,service
cases kept at 2.45 p.m.,100,other/unknown
for verification (11:00 am   ),100,other/unknown
notice_unready (11:00 am                                          ),100,service
arrest warrant to j d,100,service
a.d.r..,100,other/unknown
hearing before chargesheet,100,charge
await of pettitioners,100,other/unknown
praclamation,100,other/unknown
counter statement,100,other/unknown
n.b.w. ready,99,other/unknown
appearance / production,99,service
for valuation report,99,other/unknown
document,99,other/unknown
part heard (11:00 am   ),99,other/unknown
for appearance of parties,99,service
acceptance of written statement,99,interlocutory
objection on i.a,98,interlocutory
awaiting sanctioned p.r.,98,other/unknown
w/s and objections,98,interlocutory
appereance (10:00 am                                          ),98,other/unknown
313 cr.p.c statement,97,evidence
to hear on i.a. -1,97,interlocutory
appl. ka 2 disposal,97,other/unknown
consideration of memo,97,charge
postal receipt,97,other/unknown
trial court record,97,other/unknown
high court/ s. c. stay matters,97,interlocutory
nbw is pending,97,service
"cross of pw1,2,3",97,evidence
lower court report and service report,96,service
awaiting final form....,96,other/unknown
nbw against the accused,96,service
call for property,96,other/unknown
await voc,96,other/unknown
inj. hearing,96,interlocutory
for setteling date,96,other/unknown
part heard matters at 11 am,95,other/unknown
issuance of notice,95,service
to hear further,95,other/unknown
objectoion,95,other/unknown
awaited for applicant,95,other/unknown
orginal record,95,other/unknown
er and appearance,95,service
e/r of w/a and appearance,95,service
"hearing of petition, w.o. in the meantime",95,interlocutory
deposit amount,95,other/unknown
notice (10:00 am                                          ),95,service
commissioner warrant,95,service
sanction pr,95,other/unknown
for applicant evidance,95,other/unknown
trial/surety,95,other/unknown
s.192 cr.p.c inquiry,94,other/unknown
body  warrant,94,service
awaiting c.e. report,94,other/unknown
production of accused (11:00 am                                          ),94,other/unknown
awaiting for sanction p.r,94,other/unknown
objection on commissioners report,94,interlocutory
await mediation report,94,other/unknown
for examination of witnesses (11.00 am                                          ),94,evidence
hbc-hear before charge,94,charge
appearance (11am-12am                                         ),94,service
nbw to,94,service
s/r & p.a,94,other/unknown
notice for reply at 11.00 a.m.,93,service
attchment warrent of movebles,93,other/unknown
stayed.call on,93,interlocutory
services report,93,service
awaiting original case record,93,other/unknown
3c2,93,other/unknown
filingshow cause,93,other/unknown
fph,93,other/unknown
d.w. hearing,93,interlocutory
appearance of accused(cr),93,service
witness shall be present,93,evidence
rad appeal for hearing at 11 am,92,interlocutory
exparte hearing not before 2.45 pm,92,interlocutory
for attachment/ arrest/ garnishee proceedings,92,other/unknown
heard on ia,92,interlocutory
for filing show cause,92,other/unknown
s/r of notice,92,service
framing of charge /plea,92,charge
int.reply,92,interlocutory
cause notice,92,service
arrest warrant to jdr,92,service
enquiry on i a,92,interlocutory
charge/discharge,92,charge
filling of objection,92,interlocutory
w.s. (10:00 am                                          ),92,other/unknown
a/c,92,other/unknown
judicial quiry,92,other/unknown
s/r and a/d appearence,92,other/unknown
cross of p.w,91,evidence
cr oss-exam in ation,91,other/unknown
filing of requisite and app. of defendent,91,other/unknown
steps (10:00 am                                          ),91,other/unknown
compliance of production of warrant,91,service
awaiting notice (11:00 am                                          ),91,service
framing of charge or  plea (11:00 am                                          ),91,charge
requisits,91,other/unknown
appearance and execution of w/a,91,service
accused present,91,other/unknown
for apperence,91,other/unknown
written submissions,91,other/unknown
awating for sanction p.r.,90,other/unknown
filling fresh steps,90,other/unknown
mact for objection,90,interlocutory
for death report,90,other/unknown
ex parte,90,other/unknown
hearing on maintainability,90,interlocutory
nbw to accussed,90,service
attachment of scheduled properties,90,other/unknown
awaited for accused,90,other/unknown
appearence and copy,90,service
court fee not paid,90,other/unknown
awaring r & p lower court,89,other/unknown
file untraceable,89,other/unknown
report commission (r.c.),89,other/unknown
non bailable warrant against accused,89,service
say hearing on exh.____ready,89,interlocutory
hearing on i a,89,interlocutory
awaiting challan,89,other/unknown
o/c report,89,other/unknown
l.c.r and sr/ad/pr,89,other/unknown
call for objection,88,interlocutory
objection/counter,88,interlocutory
compliance of u. sec 89 of cpc,88,other/unknown
substitution of lrs,88,other/unknown
fixing the date of trial,88,other/unknown
furnishing surety,88,other/unknown
for issunece of proces/service,88,service
supply of documents,88,other/unknown
for hearing on point of charge,88,charge
show cause by complainant,88,other/unknown
supply of accused copy,88,service
steps (2pm to 5pm                                        ),88,other/unknown
"nbw and 82,83 steps",88,service
cross examination of defendant witness,87,evidence
for compliance of under provision of 89 cpc,87,other/unknown
execution of e/r of d/w.,87,other/unknown
stay by high court,87,interlocutory
hbc- hearing before charge,87,charge
concilation,87,other/unknown
callon,87,other/unknown
to call on,87,other/unknown
filling showcause,87,other/unknown
for  payment,87,other/unknown
filing of replication,87,other/unknown
steps for execution,86,other/unknown
sr/ad/appearance,86,service
er of attachment,86,other/unknown
appearance and production of accused,86,service
application filing,85,interlocutory
show cause by the petitioner,85,other/unknown
reply/arg on exbt.,85,interlocutory
documents and witness list,85,evidence
for claim statement.,85,other/unknown
cross of pw side,85,evidence
service of non-applicant/s,85,service
i.o.  report,85,other/unknown
surety/s.a.,85,other/unknown
incidental and supplemental proceedings if any,84,other/unknown
filing of w . s .,84,other/unknown
f.h,84,other/unknown
for swornstatement,84,other/unknown
revision application for hearing not before 2.45 pm,83,interlocutory
chief,83,other/unknown
preparation of paperbook,83,other/unknown
appearnce id w/a,83,other/unknown
appearance / counselling,83,service
abyae,83,other/unknown
filling of counter/objection,83,interlocutory
talbi,83,other/unknown
documents delivery,83,other/unknown
"part heard hctb, expedited, sr.citizens matters at 11 am",82,other/unknown
custom cases at 2.45 p.m.,82,other/unknown
part heard (11:00 am                                          ),82,other/unknown
stayed. call on.,82,interlocutory
a.w.m,82,other/unknown
fixing schedule,82,other/unknown
accused shall be present for 313,82,evidence
appearance of accused (14:30                                             ),82,service
lay the record before the ld. judge,82,judgment
accused statment 313cr.p.c.,82,other/unknown
plea record,81,charge
addl. written statement,81,interlocutory
for carry out amendment,81,other/unknown
cross of pws,81,evidence
send to lokadalat,81,other/unknown
to furnish surety,81,other/unknown
filing of requisites and app. of defendent,81,other/unknown
evedence after charge,80,charge
for section 89 cpc counselling,80,other/unknown
addl. w.s (a.w.s),80,other/unknown
s.d.t,80,other/unknown
arrest warrent,80,other/unknown
dw examined,80,other/unknown
civil appeal,80,other/unknown
156 (3) of cr.p.c,80,other/unknown
apperance of the accused/defendant/respondent,80,other/unknown
awaiting advocates,80,other/unknown
appearance of opponents,80,service
appearance1,79,service
presentation,79,other/unknown
sanctioned p.r. not received,79,other/unknown
consideration of the petition,79,charge
for filing affidavit,79,other/unknown
summary case,79,other/unknown
charge (10:00 am                                          ),79,charge
r/of distress/attachment warant,79,other/unknown
to hear on ia,79,interlocutory
attachment warrant of moveables,79,service
notice to the counsel for accused,79,service
on s/a,79,other/unknown
defect removal,79,other/unknown
filing of court fee,79,other/unknown
s.c and w.o,79,other/unknown
discharge application,78,charge
a/w/m,78,other/unknown
charge framing,78,charge
disposal of 16,78,other/unknown
sdph,78,other/unknown
sale of moveable property,78,other/unknown
e.r / w.a,78,other/unknown
requsites,78,other/unknown
d.c.f by the claimant /claimants,78,other/unknown
n.b.w._unready (11.00 am                                          ),78,other/unknown
e.r. of w.p.a,78,other/unknown
for presence of non-aplicante,78,other/unknown
producing documents,78,other/unknown
filing of certified copies,77,other/unknown
n.b.w to c.w,77,other/unknown
civil awaiting defendant/non applicant/respondent,77,other/unknown
awaitng,77,other/unknown
appear before transferee court,77,other/unknown
a/w/m to jdr,77,other/unknown
answer to interrogatories,77,other/unknown
final form submitted,77,other/unknown
filing original document,77,other/unknown
w/o,77,other/unknown
w.s. _ counselling,76,other/unknown
ebc,76,other/unknown
to report settlement,76,other/unknown
appearance of informant,76,service
s.a.,76,other/unknown
objection and disposal,76,interlocutory
e.r. of w/w,76,other/unknown
for injunction extention,76,other/unknown
steps / hg,75,other/unknown
nazirs report,75,other/unknown
wait for record,75,other/unknown
bw to witness,75,evidence
documents admitting and cross-exam.,75,evidence
hearing on injection petition,75,interlocutory
plea hearing,75,charge
for reply  of opponant,75,interlocutory
submit decree money,75,other/unknown
trial (2pm to 5pm                                        ),75,other/unknown
awaitreport,74,other/unknown
stayed u./s.10 of cpc,74,interlocutory
for objection in ea,74,interlocutory
accusation,74,other/unknown
filing of documents,74,other/unknown
awaited for the parties,74,other/unknown
c.report,74,other/unknown
awaiting record from upper court,74,other/unknown
accused examination,74,evidence
part heard matters not before 2.45 pm,74,other/unknown
steps ready,74,other/unknown
engaging counsel,74,other/unknown
charge/plea,74,charge
313 cr.pc statement,74,evidence
for filling nazarat notice,74,service
coznigance taken,74,other/unknown
awaiting defendents,74,other/unknown
service respondent,74,service
d.c.f.,74,other/unknown
for levi warrant report,74,service
plea/particulars,73,charge
n.b.w.ready,73,other/unknown
styed by honable high court,73,other/unknown
b.w.(ready),73,other/unknown
call with os,73,other/unknown
82 83 steps,73,other/unknown
awaiting warrant (11:00 am                                          ),73,service
await reprot,73,other/unknown
report from mediation,73,other/unknown
notice to the counsel for plaintiff(s)/petitioner,73,service
appellant prays,73,other/unknown
prosecution wintess,73,other/unknown
disposal of 8c,73,other/unknown
conditional warrant,73,service
part heard t.e. at 11 am,72,other/unknown
nm for dismissal,72,other/unknown
filing of requisite,72,other/unknown
challan,72,other/unknown
awaiting s.r,72,other/unknown
app and d.r,72,other/unknown
hg on ia i,72,interlocutory
admitting document/cross of petition,72,evidence
enquiry of witness,72,evidence
civil for objection,72,interlocutory
awating s.r,72,other/unknown
for sr,72,other/unknown
sent to ps us 156 of crpc,71,other/unknown
for amended plaint,71,other/unknown
nbw to cw,71,service
awaiting case record,71,other/unknown
notice to complaint,71,service
sa /hearing on exh.____(ready),71,interlocutory
appearance of complainant,71,service
appearance of accused (11:30                                             ),71,service
n.b.w._ready (11:00 am                                          ),70,other/unknown
non custody hearing,70,interlocutory
awaiting  for l.c.r,70,other/unknown
await l.p sanction,70,other/unknown
p.a,70,other/unknown
cr oss exam in ation pw,70,other/unknown
"sr,ad",70,other/unknown
"awaiting s/r,/original record",70,other/unknown
valuation,70,other/unknown
appearance (12:00 am                                          ),70,service
not heard at 2.45 p.m. (1:00 pm                                           ),70,other/unknown
cross  of the petitioner,70,evidence
report from commissioner,70,other/unknown
awating for respondent/defendant,70,other/unknown
to submit death report,70,other/unknown
awaiting for death certificate,69,other/unknown
notice to jdr,69,service
82 steps against accused,69,other/unknown
s.r and p.a (10:00 am                                          ),69,other/unknown
l.c.r/lower case record,69,other/unknown
ans. to the interrogatories,69,other/unknown
warrent of  arrest,69,other/unknown
awaiting counter case,69,other/unknown
stayed matters not before 2.45 pm,68,interlocutory
property,68,other/unknown
requiste,68,other/unknown
er of writ,68,other/unknown
discovery and inspection,68,other/unknown
for hearing (11:00 am   ),68,interlocutory
further trial.,68,other/unknown
petitioner prays,68,other/unknown
for steps (11.00 am                                          ),68,other/unknown
for mediation report,68,other/unknown
issu es,68,other/unknown
sr of notice,68,service
e/r of dw,68,other/unknown
d.c.fees,68,other/unknown
hearing below exh,67,interlocutory
consolidated  plaint,67,other/unknown
awaiting for sanctioned p.r,67,other/unknown
report commission,67,other/unknown
answar,67,other/unknown
313 cr.p.c.,67,evidence
hearing below exh.__,67,interlocutory
written objection and hearing,67,interlocutory
accusation explanation,67,other/unknown
further procceding,67,other/unknown
awaiting parties,67,other/unknown
production of abscondeing accused,67,service
supply for charge-sheet and copies,67,charge
e/r of d/w.,67,other/unknown
sfio cases at 11.00 a.m.,66,other/unknown
pscc appeal for hearing at 11 am,66,interlocutory
revision application for hearing at 11 am,66,interlocutory
cross of d.w.,66,evidence
oders in cmp,66,other/unknown
filling of protest petetion,66,other/unknown
awaiting final form..,66,other/unknown
written statement and written objection,66,interlocutory
recall,66,other/unknown
rof distress    attachment warant,66,other/unknown
n b w,66,other/unknown
substance  of acquisition,66,other/unknown
service & replies,66,service
awaiting for parties,66,other/unknown
"submission of documents, copies",66,other/unknown
report (2pm to 5pm                                        ),66,other/unknown
cases on dormant file,65,other/unknown
hearing on suit,65,interlocutory
substitution of l.r.s,65,other/unknown
further p.ws.,65,other/unknown
filing affidavit,65,other/unknown
rof distress attachment warant,65,other/unknown
for surety,65,other/unknown
service report ws,65,service
for filing requisites,65,other/unknown
appearance. (11:00 am                                          ),65,service
n.b.w.(unready),64,other/unknown
objection on petition,64,interlocutory
list of assets.,64,other/unknown
appearance  of accused,64,service
additional w.s,64,other/unknown
r.p.e.,64,evidence
apperence of accused,64,other/unknown
high on board,63,other/unknown
report of notice,63,service
carry out impleadment,63,charge
awaiting pa,63,other/unknown
appearence (10:00 am                                          ),63,other/unknown
custody framing of charge,63,charge
notice of motion f.o.b.,63,service
steps by,63,other/unknown
for settelement,63,other/unknown
enquiry finally,63,other/unknown
repeat warrent,63,other/unknown
filling of rejoinder,63,other/unknown
awaited for defendant,63,other/unknown
"hearing injunction, w/o if any",63,interlocutory
accused copy,63,service
award for recovery,63,other/unknown
list of assets,63,other/unknown
by balance,62,other/unknown
office note on consolidated plaint,62,other/unknown
steps for impleadment,62,charge
awaiting final form.,62,other/unknown
supply of charge sheet and copies,62,charge
filing,62,other/unknown
reply/argu,62,arguments
filing list of assets,62,other/unknown
nul,62,other/unknown
appearance of opponant,62,service
balance /payment,62,other/unknown
a/l.c.r.,62,other/unknown
refer to lokadalat.,62,other/unknown
service report  ws,62,service
repeat warrant,62,service
call with cmp,62,other/unknown
awaiting for sanction p. r.,62,other/unknown
applicant witness,62,evidence
civil for report,62,other/unknown
rent assessment,62,other/unknown
313 crpc,62,evidence
hearing the appeal,62,interlocutory
say on exh.,61,other/unknown
i.a. pending,61,interlocutory
direction,61,other/unknown
fine lavy warrant,61,service
awaiting intemetion from the hon'ble high court,61,other/unknown
awaiting original case records,61,other/unknown
amendment application,61,interlocutory
exp.ar gu m en ts,61,other/unknown
answer of interrogatories,61,other/unknown
bw/nbw pending,61,service
payment / steps,61,other/unknown
return of salary attachment warrant,61,service
e.b.c,61,other/unknown
paper publicatiojn,61,other/unknown
flw  to respondent,61,other/unknown
letter to village officer,61,other/unknown
sr of r-1 & counter of r-2,61,other/unknown
report of i.o.,61,other/unknown
remand papers,61,other/unknown
313  statement,61,evidence
production/inspection of documents,61,other/unknown
disposal of 3c,60,other/unknown
report.,60,other/unknown
steps (12.00 pm                                          ),60,other/unknown
notice_unready (2.45 pm                                           ),60,service
complaince by,60,other/unknown
p.o. is on leave / permission,60,other/unknown
for deposit of decree debts,60,other/unknown
remanded till,60,other/unknown
appearance of accused (15:30                                             ),60,service
execution of d/w,60,other/unknown
s/r and appearance,60,service
for presence of non-apllicant,60,other/unknown
withdrawn in lokadalat,60,other/unknown
app + w/a,60,other/unknown
statement in 1st session,59,other/unknown
l.c.r.,59,other/unknown
sattelement,59,other/unknown
further cross,59,evidence
concillation,59,other/unknown
seeks time,59,other/unknown
awaiting investigation report,59,other/unknown
hearing of ex parte petn.,59,interlocutory
death report and appr,59,other/unknown
filing newspaper,59,other/unknown
s/r of s/c notice,59,service
for production of documents,59,other/unknown
matter relating to hearing of interim application (11:00 am                                          ),59,interlocutory
notice of  motion for hearing (11:00 am                                          ),59,service
confirmation of sale,59,other/unknown
nbw  to accused,59,service
inquiry / further inquiry,59,other/unknown
before charge,59,charge
for compliance of section 89 of c.p.c,58,other/unknown
for clarification,58,other/unknown
balance of payment,58,other/unknown
to hear on i a,58,interlocutory
call with ea.,58,other/unknown
filing objection & awaiting service return,58,service
submission of decree,58,other/unknown
sdt,58,other/unknown
to submit award money,58,other/unknown
filing examination in chief and cross,58,evidence
"settlement under sec.89, cpc",58,other/unknown
concilliation,58,other/unknown
for counselling-155,58,other/unknown
offence explain,58,other/unknown
objection and objection hearing,58,interlocutory
appearance of witness,58,evidence
statement of defence,58,other/unknown
framing of charge/ plea (),58,charge
awaiting for ljw,58,other/unknown
plaintiff witness,58,evidence
written        statement,58,other/unknown
investigation report,58,other/unknown
for producing documents,58,other/unknown
awaiting r and  p,57,other/unknown
arrest notice to jdr.,57,service
awaiting for other information from honble court,57,other/unknown
for dc and fc,57,other/unknown
steps (11.00 am                                          ),57,other/unknown
statement us 313 cr.p.c.,57,evidence
call for l.c.r.,57,other/unknown
auction,57,other/unknown
for framing of charge.,57,charge
memo to sho.,57,other/unknown
statement defence ( s d),57,other/unknown
statemant of parties,57,other/unknown
report from the i.o.,57,other/unknown
appearance and framing  of charge,57,charge
apperance and step,57,other/unknown
b summary,56,other/unknown
awaring r and p lower court,56,other/unknown
for taking step,56,other/unknown
correct address,56,other/unknown
e/r of w.a. and for appearance,56,service
comply,56,other/unknown
settlement.,56,other/unknown
copy..,56,service
final eviction appeal,56,other/unknown
filing of requisites of notices,56,service
for filling notice,56,service
awaited for complaint,56,other/unknown
awaiting for s.r.,56,other/unknown
reply to interim alimony,56,interlocutory
s.r/a.d,56,other/unknown
f.h.of p.w,56,other/unknown
arg.b.charge,56,charge
for a/c,56,other/unknown
a/w to jdr,55,other/unknown
report from commissioner....,55,other/unknown
hearing for final form,55,interlocutory
decreecal dues,55,other/unknown
appearance/production,55,service
exparty hearing of the suit,55,interlocutory
respondent  witness,55,evidence
s.r. (10:00 am                                          ),55,other/unknown
adr reports,55,other/unknown
ocr,55,other/unknown
say and w.s.,55,other/unknown
investigation,55,other/unknown
ws  and  objections,55,interlocutory
compliance by,55,other/unknown
for lpc sanction,55,other/unknown
for cross of pw1,55,evidence
await s/s/,55,other/unknown
compliance (15:00                                             ),55,other/unknown
written statements,55,interlocutory
for both party presence,55,other/unknown
marking of documents and cros of pw1,55,other/unknown
further chief of  pw,54,other/unknown
defendent witness,54,evidence
charge/plea i.d. wa,54,charge
witness warrent of arrest,54,evidence
steps (morning session                                   ),54,other/unknown
adr,54,other/unknown
r .and p sent,54,other/unknown
attachment moveable warrant,54,service
written statment or objection,54,interlocutory
short requisites,54,other/unknown
awating p.r,54,other/unknown
hearing of office note,54,interlocutory
for trial programm,54,other/unknown
appereance of accused,54,other/unknown
sureties,54,other/unknown
for commissioner report,53,other/unknown
cross of pw.,53,evidence
for trail,53,other/unknown
ammended plaint and steps,53,other/unknown
petns. hearing,53,interlocutory
313 cr. p.c,53,evidence
transfer applications  at 2.45 p.m.,53,interlocutory
adjourn by notification,53,other/unknown
cross examination of p.ws.,53,evidence
nbw to cws.,53,service
dcf,53,other/unknown
awaiting for sr and pa,53,other/unknown
answer,53,other/unknown
protest,53,other/unknown
cross of disputant/witness,52,evidence
court notice,52,service
dismiss for default,52,other/unknown
filing requsit,52,other/unknown
awaiting warrant (01.00 pm                                          ),52,service
legal metrology act,52,other/unknown
hearning on ia,52,interlocutory
withdrawal,52,other/unknown
appeal 2a for hearing not before 2.45 pm,52,interlocutory
objection  civil,52,interlocutory
for preliminary hearing of charge,52,charge
address to probation officer,52,other/unknown
for complaintants evidance,52,other/unknown
service report and  ws,52,service
report of sarishtedar,52,other/unknown
awaiting m.os. and c.e. report,52,other/unknown
fixing date for trial,52,other/unknown
w/s and s/r,52,other/unknown
supply of copy,52,service
filling,52,other/unknown
for commissioners report,51,other/unknown
produce the documents.,51,other/unknown
objection to commissioner report,51,interlocutory
evicence prosecution,51,other/unknown
filing of requisite & app. of defendent,51,other/unknown
filing of fresh requisities,51,other/unknown
trial (10:00 am                                          ),51,other/unknown
sanctioned of p.r,51,other/unknown
comissioners report,51,other/unknown
steps and sr/ad,51,other/unknown
custody cases-not heard cases,51,other/unknown
hearing (11.00 am                                          ),51,interlocutory
oreder below exh...,51,other/unknown
jc custody,51,other/unknown
say to exh. written statement,51,interlocutory
fixd-deposit receipt,51,other/unknown
nbw (12:00 pm                                          ),51,service
flw to respondents,51,other/unknown
remand extended.,51,other/unknown
awaiting final p.r.,51,other/unknown
awaiting applicant,51,other/unknown
objection/disposal (10:00 am                                          ),51,interlocutory
deficit court fee,51,other/unknown
high court stayed,50,interlocutory
complance,50,other/unknown
report from fsl,50,other/unknown
stayed by hon'ble supreme court,50,interlocutory
call for death report,50,other/unknown
carry out ammendment,50,other/unknown
supply of pp,50,other/unknown
inquery,50,other/unknown
acceptance of showcause,50,other/unknown
hearing (2.45 pm                                           ),50,interlocutory
sumons to defendant/s,50,other/unknown
fine levy warrant,50,service
w/s of defendant,50,other/unknown
further chief of plaintiff,50,other/unknown
counselling and report,50,other/unknown
for objection and hearing in ia,50,interlocutory
consideration (10:00 am                                          ),50,charge
clubed,50,other/unknown
awaiting  report,50,other/unknown
i.o.s report,50,other/unknown
steps/ proper steps/fresh steps,50,other/unknown
plea/appearance,50,charge
await c/r,49,other/unknown
setlement,49,other/unknown
filing of protest petition,49,other/unknown
ka application,49,interlocutory
supply of p.p._,49,other/unknown
awaiting sanction p.r,49,other/unknown
awaiting intimation from the honble court,49,other/unknown
reply to cross-objection,49,evidence
salary attachment,49,other/unknown
repeat steps,49,other/unknown
filing court fee,49,other/unknown
ofice check,49,other/unknown
hearing on the point of the injunction petition,49,interlocutory
e.r of  d.w,49,other/unknown
for recording of plea,49,charge
d w s,49,other/unknown
awaiting of death report,48,other/unknown
await arrest notice/warrant,48,service
299 cr.pc,48,other/unknown
appearece i.d. warrant of arrest,48,service
unready board (11:00 am                                          ),48,other/unknown
hearing (10:00 am   ),48,interlocutory
attachment of movable property,48,other/unknown
steps unready,48,other/unknown
body warrant.,48,service
w.s. and objection,48,interlocutory
first hearing/maintainability-c,48,interlocutory
for section 89 cpc/counseling,48,other/unknown
payment.,48,other/unknown
for 313,48,evidence
preliminary statements,48,other/unknown
service proof affidavit,48,service
trial (11:00 am                                          ),48,other/unknown
w/ o by jd,48,other/unknown
part heard cases at 2.45 p.m.,47,other/unknown
production of document,47,other/unknown
e.b.c.,47,other/unknown
await for report,47,other/unknown
call with connected case,47,other/unknown
exparty hearing on shift court,47,interlocutory
hearing. (10:00 am                                          ),47,interlocutory
counter & hearing on petition,47,interlocutory
substituted plaint,47,other/unknown
further proced.,47,other/unknown
for discovery/ inspection,47,other/unknown
hearing on application for counting of ballots,47,interlocutory
awaiting notice (10:00 am                                          ),47,service
appearance (1:00 pm                                           ),47,service
steps_unready (11:00 am                                          ),47,other/unknown
n.b.w._unready (12.00 pm                                          ),47,other/unknown
settlement of terms,47,other/unknown
produce  of accused,47,other/unknown
await rpad,47,other/unknown
chief of the petitioner witness,47,evidence
call with e.as,47,other/unknown
writter statement,47,other/unknown
written statement and objections,47,interlocutory
fixing the date for trail,47,other/unknown
reissu nbw to accused,47,service
nbw to witnessess,47,evidence
necessary step,47,other/unknown
service report & ws,47,service
for police papers,47,other/unknown
m.o,47,other/unknown
acceptance of final report,47,other/unknown
appearance and plea,47,charge
for deposit of cost,46,other/unknown
for f.i.r,46,other/unknown
nazir's report,46,other/unknown
appereance and service report,46,service
"index,awating original file",46,other/unknown
hearing on application,46,interlocutory
hearing on the petition,46,interlocutory
awaitting sr,46,other/unknown
awaiting defendent/non- applicant,46,other/unknown
awaiting for plaintiff/appellant/applicant,46,other/unknown
app & er of w/a,46,other/unknown
repply,46,other/unknown
p.w,46,other/unknown
summans to accd,46,other/unknown
report reply to exh.   written statement,46,interlocutory
notice of motion for reply rejoinder (12:00 pm                                          ),46,service
objection to petition,46,interlocutory
await c/report,46,other/unknown
further chief of pw1,46,other/unknown
framing of charge/plea(cr),46,charge
cross examination of pw,46,evidence
b/w to c.w.s,46,other/unknown
for counter and hearing,46,interlocutory
appearance (2pm-3pm                                           ),46,service
appereance (11:00 am                                          ),46,other/unknown
chargesheet received / formal hearing,46,charge
sa / ejahar,46,other/unknown
sr/ad and awaiting lcr,46,other/unknown
er of d/w,46,other/unknown
writ of attachment,46,other/unknown
payment of remaining amount to maintain,46,other/unknown
for examination for witness,45,evidence
b.w. unready,45,other/unknown
await nbw of accused,45,service
addl. w/s,45,other/unknown
referred to lokadalath.,45,other/unknown
written stmt,45,other/unknown
attachment of movables,45,other/unknown
awaiting l.c.r.,45,other/unknown
execution of warrant,45,service
report on valuation,45,other/unknown
awaiting mediation report,45,other/unknown
filing of protest petition.,45,other/unknown
service for accused /respondent,45,service
e/r,45,other/unknown
for appearance and e/r of w/a,45,service
sdr. report,45,other/unknown
hbc/charge /  plea,45,charge
affidavit,45,other/unknown
ex-parte hearing at 2.45 p.m.,45,interlocutory
objection to i a,45,interlocutory
a.d.r.-criminal,45,other/unknown
deficit court fee (dcf),45,other/unknown
hearing on c. c.,45,interlocutory
appearance (1pm-2pm                                           ),45,service
produce witness,45,evidence
awaiting for w.s. last chance,45,other/unknown
admission point hearing,45,interlocutory
p.r,45,other/unknown
mul abhilekh,45,other/unknown
kurki warrent,45,other/unknown
evidnece of the petitioners witness,45,evidence
stayed by hon'ble industrial court,44,interlocutory
"repeat 82,83 steps",44,other/unknown
l.c.r  call for,44,other/unknown
awaited defendent...,44,other/unknown
for commissioner's report,44,other/unknown
appearance and er of w/a,44,service
production and charge,44,charge
cross examination of pet/plaintiff,44,evidence
written statement (11:00 am                                          ),44,interlocutory
w s,44,other/unknown
written statement of r-2,44,interlocutory
return of publication,44,other/unknown
writing a letter,44,other/unknown
payments and costs.,44,other/unknown
to fix date for trial,44,other/unknown
rejection of plaint,44,other/unknown
for lokadalath,44,other/unknown
arrest warrant to j.d.r.,44,service
for depositting batta,44,other/unknown
pp prays,44,other/unknown
no sitting reposted to,44,other/unknown
appearance (12pm-1pm                                          ),44,service
lower court record  and service report,44,service
reply of application/ steps by parties (15:00                                             ),44,interlocutory
for filing protest pitition if any,44,other/unknown
ex- party witness,44,evidence
200 /202 cr.p.c,44,other/unknown
sr/appearance and payment,44,service
eexcution of dw,44,other/unknown
further exparte hearing,44,interlocutory
payment amount,44,other/unknown
shristedar report,44,other/unknown
rad appeal for hearing not before 2.45 pm,43,interlocutory
not heard cases awaiting for nbw- notice report,43,service
w.s/ reply,43,interlocutory
written stetement,43,other/unknown
for.hearing,43,interlocutory
steps (01.00 pm                                          ),43,other/unknown
for special drive,43,other/unknown
settelement,43,other/unknown
for ebc,43,other/unknown
chief of the witness,43,evidence
await documents,43,other/unknown
appearance of accussed (11.00 am                                          ),43,service
amendment and amended plaint,43,other/unknown
call with e.a,43,other/unknown
reply of application/ steps by parties (14:00                                             ),43,interlocutory
first questioning,43,other/unknown
argment part heard,43,other/unknown
trials,43,other/unknown
202 cr.p.c.,43,other/unknown
show cause by the revisionist,43,other/unknown
for i.o report,43,other/unknown
call for the record,43,other/unknown
comittment,43,other/unknown
hearing on ex,42,interlocutory
deefendant evedence,42,other/unknown
flw to resp,42,other/unknown
commission warrant,42,service
warrant to witness,42,evidence
filing of list of witnesses documents,42,evidence
realization of amount,42,other/unknown
ex. party,42,other/unknown
show cause by plaintiff,42,other/unknown
d.w,42,other/unknown
for l.c.r,42,other/unknown
p . o . is on leave hence case adjourned,42,other/unknown
for commitment,42,other/unknown
compliance (14:00                                             ),42,other/unknown
cognizance / issuance of process/ service (15:00                                             ),42,service
hearing on procedure,42,interlocutory
int. hearing,42,interlocutory
for written objection,42,interlocutory
charged not framed,42,charge
amount for payment,42,other/unknown
n/m for injunction,42,other/unknown
"r and p sent to hon'ble industrial court,",41,other/unknown
payment of costs,41,other/unknown
"accused produced ,remanded",41,other/unknown
publication of notice,41,service
commisnor report,41,other/unknown
further intimation from the hon'ble court,41,other/unknown
apprehand the accused,41,other/unknown
service affidevit,41,service
payment and party recept,41,other/unknown
d.c. free,41,other/unknown
compliance (11:00 am                                          ),41,other/unknown
ss to accd,41,other/unknown
sw/st,41,other/unknown
await report (11:00 am                                          ),41,other/unknown
for  objections,41,interlocutory
attachment warrant of movebles,41,service
call with petition,41,other/unknown
for bcf and pts,41,other/unknown
appeal hearing.,41,interlocutory
consideration (11:00 am                                          ),41,charge
appearance of accused (15:00                                             ),41,service
awating final form/charge sheet/pr,41,charge
await  disability certificate,41,other/unknown
for statement  313 cr.pc,40,evidence
filling of say on ex,40,other/unknown
f l w,40,other/unknown
for ws and objection,40,interlocutory
awaiting police report,40,other/unknown
awaited for hon'ble high court,40,other/unknown
arguements for preliminary charge,40,arguments
apperance and death report,40,other/unknown
consent terms,40,other/unknown
unready board (12.00 pm                                          ),40,other/unknown
chiff,40,other/unknown
await return of nbw,40,service
filing of requisites and amp app. of defendent.,40,other/unknown
mact awaiting respondent/non applicant,40,other/unknown
awaiting applicants__,40,other/unknown
for filing of fresh steps.,40,other/unknown
appearance and committment,40,service
execution of w/a,40,other/unknown
service of non-bailable warrant (15:00                                             ),40,service
d.f.,39,other/unknown
statement of defence..,39,other/unknown
objection to ia.,39,interlocutory
call for records,39,other/unknown
further clarification,39,other/unknown
report / appearance,39,service
f. pws,39,other/unknown
hear ing,39,other/unknown
awaited for appearance of  parties,39,service
f.p.w.,39,other/unknown
sale of immovable property,39,other/unknown
discovery  and inspection,39,other/unknown
statement of oath,39,other/unknown
unserved matters at 11.00 am,39,other/unknown
awaiting adr report,39,other/unknown
hearing of exh.     _ written statement,39,interlocutory
reply (10:00 am                                          ),39,interlocutory
hearing before charge(cr),39,charge
fdt-fixing date of trial,39,other/unknown
amicable settlement,39,other/unknown
removing defect,39,other/unknown
cognizance / issuance of process/ service (14:00                                             ),39,service
cognizance / issuance of process/ service (11:30                                             ),39,service
compliant awaiting complainant,39,other/unknown
list of witness and document,39,evidence
filing w.s,39,other/unknown
copies to delienquent,39,other/unknown
app & charge,39,charge
pw and payment,39,other/unknown
amendment  and   amended plaint,38,other/unknown
for enquiry in ea,38,other/unknown
sd,38,other/unknown
i.o,38,other/unknown
awaiting intimation form hon'ble court,38,other/unknown
reply to s/c,38,interlocutory
call with ias (11:00 am                                          ),38,other/unknown
n.b.w._unready (11:00 am   ),38,other/unknown
n.b.w._ready (12.00 pm                                          ),38,other/unknown
awm,38,other/unknown
await papers,38,other/unknown
for issuance of process / service (11.00 am                                          ),38,service
nbw to accused (11.00 am                                          ),38,service
r/o nbw to accused,38,service
null-civil,38,other/unknown
petition amendment,38,other/unknown
await a/w,38,other/unknown
for amendement,38,other/unknown
arrest warrnat to jdr,38,other/unknown
court/official  witness,38,evidence
steps by decree holder,38,other/unknown
filing of requisites amp app. of defendent.,38,other/unknown
complinace,38,other/unknown
with office note.,38,other/unknown
adoption & maintenance,38,other/unknown
su m m on in g,38,other/unknown
showcause by the petitioner,38,other/unknown
peremtory hearing,38,interlocutory
w/ s by op,38,other/unknown
accussed examin,38,other/unknown
reply (2pm to 5pm                                        ),38,interlocutory
adr report,38,other/unknown
cases at 3 00 pm,37,other/unknown
r and p sent to ind.court.,37,other/unknown
agrguments of ia,37,interlocutory
hearing on main petition,37,interlocutory
l.c.r call for,37,other/unknown
accd. statement,37,other/unknown
legal heir,37,other/unknown
filing objection,37,interlocutory
nbw-n/s (11:00 am                                          ),37,service
hearing injunction petition,37,interlocutory
case registration,37,other/unknown
special drive,37,other/unknown
not heard cases (2.45 p.m.) (11:00 am   ),37,other/unknown
sayhearing on exh.ready,37,interlocutory
"balance payment, maintainance payment",37,other/unknown
nb w,37,other/unknown
apperance for custody,37,other/unknown
deficite/court fee,37,other/unknown
shiristedar report,37,other/unknown
criminal for objection,37,interlocutory
awaiting final form from p.s.,37,other/unknown
awaiting of sanctioned p.r,37,other/unknown
awaiting presence of defendents,37,other/unknown
service pending warrant,37,service
index,37,other/unknown
appearance and p.r.,37,service
appearance of accused person,37,service
for further statement,37,other/unknown
reply of main application,37,interlocutory
for non applicant evidance,37,other/unknown
reply (10am to 1pm                                       ),37,interlocutory
further proceeding__,37,other/unknown
f . o./ eviden ce,37,other/unknown
further cross of pw,36,evidence
m.a.c.t.  dkst board,36,other/unknown
witness of defandants,36,evidence
awaiting for plantiff,36,other/unknown
compliance (15:30                                             ),36,other/unknown
short of document/court fees,36,other/unknown
charge/plea id wa,36,charge
restricted remand of appeal,36,other/unknown
appearance of p.p in charge as well as accused,36,charge
for objection to ia,36,interlocutory
await chemical analysis report,36,other/unknown
for report settlement,36,other/unknown
objection to i.a.,36,interlocutory
for 313 statement,36,evidence
await cr,36,other/unknown
compliance (14:30                                             ),36,other/unknown
awaiting of   s.r,36,other/unknown
hearing. (11:00 am                                          ),36,interlocutory
supply documents,36,other/unknown
for show cause,36,other/unknown
for presence,36,other/unknown
withdrawn,36,other/unknown
appearance andproduction,36,service
"written statement, reply, u.o. viii  at 11 am",35,interlocutory
customs cases,35,other/unknown
awaiting for progress report,35,other/unknown
hearing on the point of charge,35,charge
survey report,35,other/unknown
filing of substitution petition,35,other/unknown
final oppurtunity,35,other/unknown
charge frame i.d. warrant of arrest,35,charge
i/o 's report,35,other/unknown
amendment petition,35,other/unknown
for  award,35,other/unknown
appearance (10:00 am   ),35,service
unserved at 11.00 a.m.,35,other/unknown
notice of  motion for hearing (12:00 pm                                          ),35,service
calling cases,35,other/unknown
hbc (11:00 am                                          ),35,other/unknown
s/s to defendent,35,other/unknown
to record plea,35,charge
accused shall be present last chance to,35,other/unknown
accused charged,35,charge
premilary statement,35,other/unknown
appearance/ hearing,35,service
e.r of dw,35,other/unknown
stay by hon'ble high court,35,interlocutory
examination of i.o,35,evidence
statement on oath.,35,other/unknown
n.b.w._unready (01.00 pm                                          ),34,other/unknown
additional ws,34,other/unknown
moveable attachment warrant,34,service
for hearing under section 232 crpc,34,interlocutory
awaiting appeal reasult,34,other/unknown
next steps,34,other/unknown
for lcr,34,other/unknown
filing objection and awaiting service return,34,service
for s.r. and p.a.,34,other/unknown
for supply of police papers,34,other/unknown
criminal cases,34,other/unknown
committed to session,34,other/unknown
disposal 46c,34,other/unknown
further cross examination of pw,34,evidence
filling amended plaint  and w.o if any,34,other/unknown
fpw,34,other/unknown
awaiting warrant (11.00 am                                          ),34,service
awaiting execution of service nbw (11:00 am   ),34,service
appearance of accussed (10:00 am                                          ),34,service
pscc appeal for hearing not before 2.45 pm,34,interlocutory
cross exam,34,evidence
written statements/objection to main petition-c,34,interlocutory
await lp sanction,34,other/unknown
b/w to witness/commissioner,34,evidence
alternative dispute resolution (adr),34,other/unknown
filing objections,34,interlocutory
solemn affirmation (s.a),34,other/unknown
reply of application/ steps by parties (),34,interlocutory
civil  statement,34,other/unknown
awating for petitioner/plantiff,34,other/unknown
awaits complainant,34,other/unknown
production from custody,34,other/unknown
sr / ad notice of  5 l. a  act,34,service
"filing documents, discovery and admissions",34,other/unknown
filling application,34,interlocutory
for report of attachment warrants,34,service
b.w. 5000,34,other/unknown
abeyance,33,other/unknown
statement us 313 cr p c,33,evidence
styed by honourable high court,33,other/unknown
prays for further hearing,33,interlocutory
service report and steps,33,service
awaiting for original case record,33,other/unknown
enquiry on 202 crpc...,33,other/unknown
production and appearance,33,service
considaretion of charge,33,charge
filing certified copy,33,service
requisite of file,33,other/unknown
hearing amendment petition,33,interlocutory
examination of p.w,33,evidence
cross examination of p.w,33,evidence
trial  ready,33,other/unknown
a summary,33,other/unknown
awaiting warrant (10:00 am                                          ),33,service
hearing (12.00 pm                                          ),33,interlocutory
w.s./say unready,33,other/unknown
framing of charge or  plea (12:00 pm                                          ),33,charge
report of comissioner/court receiver,33,other/unknown
attachement of  movebles,33,other/unknown
notice to the counsel for defendents/respondents,33,service
amendment/amended plaint/petition,33,other/unknown
for balane court fee,33,other/unknown
for balance court fee,33,other/unknown
listed for trial,33,other/unknown
for want of time,33,other/unknown
enquiry  amp  witness,33,evidence
appearanca and plea,33,charge
er of wwa,33,other/unknown
for p.h.,33,other/unknown
framing charge/plea,33,charge
statement of cabesa de casal,33,evidence
non custody part heard,33,other/unknown
hearing below exh. ____,32,interlocutory
for amendment of plaint,32,other/unknown
cross of d w 1,32,evidence
hearing on publication / notification,32,interlocutory
for intimation,32,other/unknown
statement of accused 342,32,evidence
publication and proclaimation__,32,other/unknown
disposal comm. report,32,other/unknown
accuse statement,32,other/unknown
witness of petitionar,32,evidence
for p/r,32,other/unknown
warrant of arrest (11:00 am   ),32,service
for verification at 2 45 p.m,32,other/unknown
n/m for ad-interim,32,interlocutory
a.d.r. (11:00 am                                          ),32,other/unknown
f.l.w. against respondent,32,other/unknown
sec 89 cpc,32,other/unknown
settlement report,32,other/unknown
call with ea,32,other/unknown
accused absconding steps,32,service
appearance / copy,32,service
cognizance / issuance of process/ service (12:00                                             ),32,service
cognizance / issuance of process/ service (12:30                                             ),32,service
service affidavit against the other defendants,32,service
s u mmons,32,other/unknown
i/o report,32,other/unknown
for precence of non-aplicant,32,other/unknown
appearance and written statement,32,service
313 st,32,evidence
filing of incorporated/amended plaint,32,other/unknown
s.r. and w.s.,32,other/unknown
proclomation-u.sec. 82 cr.p.c.,32,other/unknown
svc,32,other/unknown
for statement of accused u/313 cr.p.c.,31,evidence
cross of defendant withness,31,evidence
b/a,31,other/unknown
charge / accusation explain,31,charge
e.o.,31,other/unknown
hearing on law point,31,interlocutory
styed by honorable high court,31,other/unknown
fixed for 244 crpc,31,other/unknown
awaiting reports,31,other/unknown
hearing on office note,31,interlocutory
appearance as last chance,31,service
hearing cases at 11.00 a.m.,31,interlocutory
report (11:00 am                                          ),31,other/unknown
for taking necessary steps at 11 am,31,other/unknown
nbw to accused (11:00 am                                          ),31,service
s.ct.h.ct. time bound,31,other/unknown
compliance of 89 cpc,31,other/unknown
copy .....,31,service
awaiting f.f/ chargesheet 5016,31,charge
transfer to trial file,31,other/unknown
awaiting respondent__,31,other/unknown
criminal charge/discharge,31,charge
final form (11:00 am                                          ),31,other/unknown
awaiting for p.a. and  w.s.,31,other/unknown
written. statement,31,other/unknown
hearing on maintainability point,31,interlocutory
written   objection,31,interlocutory
cross examionation,31,evidence
for record & motion hearing,31,interlocutory
for transfer,31,other/unknown
b.w.(unready),30,other/unknown
awating for original record,30,other/unknown
ex. party (e.p.),30,other/unknown
awaiting for death report,30,other/unknown
vakalatnama,30,other/unknown
wr itten statem en t,30,other/unknown
exparte,30,other/unknown
draft of news paper publication,30,other/unknown
e.r. of w.w.,30,other/unknown
for hearing of ex. 2,30,interlocutory
part heard / custody cases,30,other/unknown
appearance (3:30 pm                                           ),30,service
n.b.w._unready (10:00 am                                          ),30,other/unknown
stayed by honble high court (11:00 am                                          ),30,interlocutory
objections/counter statement,30,interlocutory
appearance  of respondent,30,service
f/r,30,other/unknown
enquriry,30,other/unknown
hearing on preliminarly isues,30,interlocutory
sale papers and e.c.,30,other/unknown
notice to j.dr,30,service
for objection to cr,30,interlocutory
recall production,30,other/unknown
for carry out amendmend,30,other/unknown
with 205 petition,30,other/unknown
await attachment,30,other/unknown
return,30,other/unknown
submission by parties,30,other/unknown
for  -hearing,30,interlocutory
cross examination of pws,30,evidence
appearance of accused (10:30                                             ),30,service
postal ad,30,other/unknown
list of property,30,other/unknown
consumer awaiting plaintiff,30,other/unknown
limitation on hearing,30,interlocutory
filing of defecit c.fees,30,other/unknown
fresh step,30,other/unknown
appearance of the accused person,30,service
appearance of respondents,30,service
framing of  chargesheet,30,charge
statement at 313 2.45 p.m.,29,evidence
arrest warrant/r/i arrest warrant,29,service
listed to.,29,other/unknown
approach(paerwi),29,other/unknown
conslidated copy of appeal memo,29,service
cross by def.,29,evidence
filing list of witness,29,evidence
statement of plaintiff,29,other/unknown
for execution of service nbw,29,service
o.c.r,29,other/unknown
for hearing (10:00 am   ),29,interlocutory
w.s. to counter-claim,29,other/unknown
dismissed in default,29,other/unknown
for trial (11:00 am                                          ),29,other/unknown
for  hbc,29,other/unknown
await mediation report.,29,other/unknown
await mediator report,29,other/unknown
objection on main petition,29,interlocutory
judge on vacation - case re-posted,29,judgment
awating  lower court record,29,other/unknown
awaiting respondent.,29,other/unknown
presence of accused,29,other/unknown
special counselling,29,other/unknown
guar. and succ. awaiting applicant/non applicant,29,other/unknown
await of parties,29,other/unknown
written   statement,29,other/unknown
substitutated plaint,29,other/unknown
consideration of service affidavit,29,charge
"sr, appearance and show cause",29,service
copy supply,29,service
"sr, appearance and payment",29,service
for sdt,29,other/unknown
fresh stepes,29,other/unknown
commisioner report,29,other/unknown
opening of the case by prosecution,29,other/unknown
appearance. (2pm to 5pm                                        ),29,service
attachment of movable,29,other/unknown
service of non-bailable warrant (02:00 pm                                          ),29,service
acceptance of w.s.,29,other/unknown
suit for dismissal,28,other/unknown
acceptance of ws,28,other/unknown
196 b-disposal,28,other/unknown
ammended plaint,28,other/unknown
"sr,ad and pr",28,other/unknown
d.c.fee,28,other/unknown
written objection wo,28,interlocutory
o.p.w.s,28,other/unknown
hearing (11.30 am                                          ),28,interlocutory
hearing before charge h.b.c.,28,charge
objection to  i.a,28,interlocutory
p.h./evidance on affidavit of respondent,28,other/unknown
"sctb, hctb, expedited, sr. citizen matters at 11",28,other/unknown
arrest warrant (11:00 am                                          ),28,service
appearance of parties/advocates-c,28,service
a/warrant to j.d.r.,28,service
cross examination of petitioner,28,evidence
balence amount,28,other/unknown
duty and penalty,28,other/unknown
both prays,28,other/unknown
inspection,28,other/unknown
s/r and objection,28,interlocutory
put-up,28,other/unknown
awaiting report (15:00                                             ),28,other/unknown
realization of the fine amount,28,other/unknown
await for plaintiff,28,other/unknown
awaiting for defendant,28,other/unknown
s.r and p.a (11:00 am                                          ),28,other/unknown
s.r & p.a (10:00 am                                          ),28,other/unknown
initial statement of complainant,28,other/unknown
carry out amendment,28,other/unknown
written statement ws,28,interlocutory
petitioner/plaintiff/prosecution witness,28,evidence
for requisites,28,other/unknown
s/r appearance,28,service
for accused presence (10:00 am                                          ),28,other/unknown
hearing expdt. at 11.00 a.m.,27,interlocutory
rejoinder.,27,other/unknown
nbw / ns / 82 crpc,27,service
warrant of witness,27,evidence
filing fresh requisites,27,other/unknown
obhection and petition hearing,27,interlocutory
consideration of sevice,27,charge
limitation hearing,27,interlocutory
proceeding stayed,27,interlocutory
for a plaint,27,other/unknown
awaiting money,27,other/unknown
say / hearing on exh____ready (11:00 am                                          ),27,interlocutory
ws obj to ia,27,interlocutory
s/statement,27,other/unknown
report of loknyayalay,27,other/unknown
objection (11:00 am                                          ),27,interlocutory
framing of charge or  plea (2.45 pm to 4.15 pm                                ),27,charge
objection  criminal,27,interlocutory
steps (11.00 am to 02.00pm                               ),27,other/unknown
hearing in ia,27,interlocutory
for verification of ep amount,27,other/unknown
first hearing/cognizance(cr),27,interlocutory
hearing scheduled,27,interlocutory
report on attachment,27,other/unknown
settalement,27,other/unknown
report from advocate commissioner.,27,other/unknown
hearing on maintanability,27,interlocutory
hearing on final form/charge sheet,27,charge
for s.r.,27,other/unknown
awaiting petioner,27,other/unknown
objection/counter filed,27,interlocutory
mact awaited,27,other/unknown
final form (10:00 am                                          ),27,other/unknown
dcr,27,other/unknown
dws/rws,27,other/unknown
reply to objections,27,interlocutory
expete hearing,27,interlocutory
filing anawer of interrogatories,27,other/unknown
filing of news paper publication,27,other/unknown
setteling date,27,other/unknown
list of witnesses,27,evidence
await reports (10:00 am                                          ),27,other/unknown
evedience of mo,27,other/unknown
lapsed jail warrant,27,service
nbw to wittness,26,service
awaiting execution report,26,other/unknown
discharge,26,charge
to produce documents,26,other/unknown
for classification,26,other/unknown
nbw / ns / 82/83,26,service
original case record,26,other/unknown
execution return of w/a // w/p/a,26,other/unknown
appearance and s.d.t,26,service
awaiting record / intimation,26,other/unknown
reply/objection,26,interlocutory
showcause/s.c,26,other/unknown
n.b.w._ready (10:00 am                                          ),26,other/unknown
nm for hearing (11:00 am                                          ),26,interlocutory
"sctb, hctb, expedited sr.citizens matters not before at 2.45 pm",26,other/unknown
written statement (10:00 am                                          ),26,interlocutory
cross of d-w,26,evidence
sworn statement.,26,other/unknown
for steps (12.00 pm                                          ),26,other/unknown
notice through r.p.a.d.,26,service
comply  u s 89 of cpc,26,other/unknown
compliance of sec. 437a crpc,26,other/unknown
steps defective,26,other/unknown
warrant (11:00 am                                          ),26,service
verify and call on,26,other/unknown
appearance (10am-11am                                         ),26,service
cross of dws,26,evidence
serishtedar report,26,other/unknown
awaiting valuation report,26,other/unknown
hearing on charge matter,26,charge
awaiting r amp p,26,other/unknown
service pending (11:00 am                                          ),26,service
cognizance / issuance of process/ service (),26,service
consumer service to other side,26,service
final arguements..,26,arguments
service and return,26,service
awaiting lcr form lower court,26,other/unknown
awaited complainant,26,other/unknown
police report,26,other/unknown
awaited for defendents,26,other/unknown
filling document,26,other/unknown
written            statement,26,other/unknown
for cross,26,evidence
por,26,other/unknown
l c r and appearance,26,service
further pw,26,other/unknown
process of execution (11:00 am   ),26,service
for presence of defendant,26,other/unknown
presence of plaintiff,26,other/unknown
matter relating to hearing of interim application (02.00 pm                                          ),26,interlocutory
proclamation (11:00 am                                          ),26,other/unknown
notice/summan/warrent,26,service
for admission of hearing of appeals,26,interlocutory
for complaince,25,other/unknown
m.a.c.t. lok_nyayalaya,25,other/unknown
accuse appear from custody,25,other/unknown
surity notice,25,service
for allerts before action,25,other/unknown
attachment report,25,other/unknown
statement of defense,25,other/unknown
state defence - sd,25,other/unknown
awaiting lapsed jain warrant,25,service
further cross-examination,25,evidence
awaiting intimation from the hon'ble court.,25,other/unknown
hearing on the point of sentance,25,interlocutory
sanction  pr,25,other/unknown
further trial,25,other/unknown
awaiting sanction pr.,25,other/unknown
f. o. (11:00 am                                          ),25,other/unknown
custody hearing,25,interlocutory
unready board (01.00 pm                                          ),25,other/unknown
reply/say (11:00 am                                          ),25,interlocutory
n.b.w._ready (11.00 am                                          ),25,other/unknown
stayed by hon'ble high court-52,25,interlocutory
service (12:00 pm                                          ),25,service
objection on i.a.,25,interlocutory
for objection/counter to main petition(cr),25,interlocutory
await moveables/ immoveables warrant,25,service
deficit/court fee,25,other/unknown
awaiting report from cencerned p.s,25,other/unknown
memo of appearance,25,service
appearance of accused (13:00                                             ),25,service
final p.r,25,other/unknown
time granted,25,other/unknown
non-bailable warrant against accused,25,service
initial statement recording,25,other/unknown
for a/s,25,other/unknown
awated for final form / chargesheet (11:00 am                                          ),25,charge
for admission  hearing of appeals,25,interlocutory
for writen statement,25,other/unknown
temporary injunction hearing,25,interlocutory
for process to asscused,25,service
for arguement of  complainant,25,arguments
compromice,25,other/unknown
setalment,25,other/unknown
for document,25,other/unknown
warant of attachment,25,other/unknown
not heard cases (1:00 pm                                           ),25,other/unknown
a/p,25,other/unknown
examined and cross-examined,25,evidence
awaiting final form...,25,other/unknown
petition hearing and objection,25,interlocutory
for original record,25,other/unknown
cross by o.p.,25,evidence
stale and ineffective cases,24,other/unknown
suply of charge-sheet and copies,24,charge
steps executed. address to cjm for l.p sanction,24,other/unknown
awaiting information,24,other/unknown
supply of pps,24,other/unknown
objection and hearing on petition,24,interlocutory
petition of mutual consent,24,other/unknown
production of accused (10:00 am                                          ),24,other/unknown
sr and ws,24,other/unknown
filling of steps,24,other/unknown
appearance of accused persons,24,service
f.cross,24,evidence
final chart of allotment,24,other/unknown
return of property,24,other/unknown
statement at 2.45 pm,24,other/unknown
written statement at 11.00 a.m.,24,interlocutory
a/report,24,other/unknown
framing of charge or  plea (10:00 am                                          ),24,charge
await f.r.,24,other/unknown
r and p sent to ics,24,other/unknown
eqnquiry,24,other/unknown
hearing (12:00 noon                                        ),24,interlocutory
for steps (11:00 am                                          ),24,other/unknown
high court expediated time bound,24,other/unknown
emergency notice,24,service
for apperance of parties/advocates,24,other/unknown
payment of balance court fee,24,other/unknown
alternative dispute resolution adr,24,other/unknown
for varification,24,other/unknown
appearance (10.30 am                                          ),24,service
appearance and report,24,service
appearance of accused (12.30pm                                           ),24,service
office note accepted,24,other/unknown
civil  awaiting defendant/non applicant/respondent,24,other/unknown
civil  awaiting petitioner/plaintiff/applicant,24,other/unknown
service pending non bailable warrant,24,service
awaiting senction p.r,24,other/unknown
awaiting decree holder,24,other/unknown
awaiting for defendants/respondent/non-applicant,24,other/unknown
warrant of possession,24,service
w.s. and w.o.,24,other/unknown
r.o.,24,other/unknown
written statement / written objection,24,interlocutory
to iisue leavy warrant,24,service
n. c. cases,24,other/unknown
cross of dw.1.,24,evidence
for filing of requisite,24,other/unknown
cma civil misslenious appeal,24,other/unknown
hearing further clarification.,23,interlocutory
filing of v.p.(unready),23,other/unknown
f.w.w,23,other/unknown
evedience of io,23,other/unknown
substitution petition,23,other/unknown
arrears payment of maintenance allowance,23,other/unknown
reply of application/ steps by parties (11:00 am                                          ),23,interlocutory
awaiting  death report,23,other/unknown
awaiting for p.r.,23,other/unknown
awating f f.,23,other/unknown
awaiting for complainant,23,other/unknown
for issuance of process /services,23,service
awaiting for documents,23,other/unknown
further d.ws.,23,other/unknown
farther hearing,23,interlocutory
provisional chart of allotment,23,other/unknown
hearing / custody cases,23,interlocutory
notice_unready (1.00pm                                            ),23,service
charge (11:00 am   ),23,charge
for dissmissal (1:00 pm                                           ),23,other/unknown
appearence of parties,23,other/unknown
hear on i.a.,23,interlocutory
amendment of plaint/w.s.,23,other/unknown
"part heard hctb,expdt,sr.citizen at 11.00 a.m.",23,other/unknown
reply (11:00 am                                          ),23,interlocutory
notice (11.00 am                                          ),23,service
amended petition,23,other/unknown
for citation,23,other/unknown
compliance of sec 89,23,other/unknown
for concilliation,23,other/unknown
await permission,23,other/unknown
fain levy warrant,23,service
examination.,23,evidence
cross examination of claimant side,23,evidence
call with connected op,23,other/unknown
copy1,23,service
appearance of accused (03:00 pm                                          ),23,service
awaiting of s.r,23,other/unknown
office note (10:00 am                                          ),23,other/unknown
awaiting s.p.r,23,other/unknown
prelimary arguements,23,arguments
attachment with main file,23,other/unknown
await of defendant,23,other/unknown
written .objection,23,interlocutory
e/r of w/w,23,other/unknown
written statement by ops,23,interlocutory
amount,23,other/unknown
w/o hearing,23,interlocutory
hearing on exh._________,23,interlocutory
83 steps against accused,23,other/unknown
medical officer (mo),23,other/unknown
stayed at 11.00 a.m.,22,interlocutory
final reports,22,other/unknown
at / warrant,22,service
accused shall be present. for appearance,22,service
awaiting report from mediation,22,other/unknown
service of copy of petition,22,service
carry out substitution,22,other/unknown
further intimation,22,other/unknown
exectuion of d.w,22,other/unknown
requisites.,22,other/unknown
awaiting lapse jail warrant,22,service
awaiting original records,22,other/unknown
awaited for parties,22,other/unknown
for discovery/inspection,22,other/unknown
disposal 7a,22,other/unknown
app and charge,22,charge
for answar,22,other/unknown
s.d.t.,22,other/unknown
er of wa and death report,22,other/unknown
securitisation cases at 11.00 am.,22,other/unknown
hearing (12.00 - 01.00 pm                                  ),22,interlocutory
notice / rpad,22,service
for apperance,22,other/unknown
admission of document,22,other/unknown
to call on to hear before charge,22,charge
notice to defendant/respondent,22,service
calculation memo,22,other/unknown
for hearing on ea,22,interlocutory
recording plea,22,charge
accused absent. for appearance,22,service
further chief of plaintiff side,22,other/unknown
a/w/m of jdr,22,other/unknown
further chief of of pws,22,other/unknown
to carryout amendment,22,other/unknown
for payment of balance court fee,22,other/unknown
accused filed vakkalath,22,other/unknown
f.f (report in final form),22,other/unknown
submission of newspaper,22,other/unknown
issuance of notices,22,service
filing of say on exh____(ready),22,other/unknown
appearance form custody,22,service
statement/defense,22,other/unknown
appearance of accused (11.00am                                           ),22,service
notice to other side,22,service
seeks time for payment,22,other/unknown
ex-partie witnesses,22,evidence
sr and  pa of op1,22,other/unknown
warrant (10:00 am                                          ),22,service
production of co-accused,22,other/unknown
chargee,22,charge
awaiting further intimation,22,other/unknown
counciling,22,other/unknown
consideration of  charge / plea hearing,22,charge
ex party,22,other/unknown
draft newspaper publication,22,other/unknown
exparte injunction hearing,22,interlocutory
step by plaintiff,22,other/unknown
for taking step.,22,other/unknown
for presence of defendent and compromise,22,other/unknown
recovery of money,22,other/unknown
cw examination,22,evidence
cw hearing,22,interlocutory
proclamation (10:00 am                                          ),22,other/unknown
delivery of document (d.d),22,other/unknown
court commissioner,21,other/unknown
accused in jc,21,other/unknown
appearance of accussed (12:00 pm                                          ),21,service
awating origianal record,21,other/unknown
awaitng intimation,21,other/unknown
realisation,21,other/unknown
objection & hearing on petetion,21,interlocutory
productuion warrant,21,service
verification report,21,other/unknown
313 cr.p.c. i.d w.a,21,evidence
reinvestigation report,21,other/unknown
appearance and er oe w/a,21,service
personal appearance,21,service
appearance (4:30 pm                                           ),21,service
customs cases at 2.45pm,21,other/unknown
b.w._unready (11:00 am                                          ),21,other/unknown
not heard cases (10:00 am   ),21,other/unknown
b.w._unready (12.00 pm                                          ),21,other/unknown
kept  in special drive,21,other/unknown
n.b.w._unready (02.30 - 03.30 pm                                  ),21,other/unknown
issuses,21,other/unknown
r and p sent,21,other/unknown
lower court records,21,other/unknown
steps disputant,21,other/unknown
a/w,21,other/unknown
hearing below exh...,21,interlocutory
say to exh.,21,other/unknown
b/w,21,other/unknown
notice (12:00 pm                                          ),21,service
await commissioner report.,21,other/unknown
a.d.r. (12:00 pm                                          ),21,other/unknown
h. b. c.,21,other/unknown
paper puplication draft,21,other/unknown
r/o notice,21,service
first date trail - fdt,21,other/unknown
"for charge,",21,charge
further chief of pw.,21,other/unknown
satisfaction of decree/award,21,other/unknown
await commisioner report,21,other/unknown
proving means,21,other/unknown
call for the attached amount,21,other/unknown
statement/document,21,other/unknown
hearing on petition.,21,interlocutory
appearance of accused (12.00pm                                           ),21,service
gua. and succ. service to other side,21,service
criminal compromise,21,other/unknown
for filing of ws,21,other/unknown
civil compromise,21,other/unknown
prelimnary statement,21,other/unknown
s/r & w.s.,21,other/unknown
formal hearing (10:00 am                                          ),21,interlocutory
w.s. (11:00 am                                          ),21,other/unknown
filing of list of property,21,other/unknown
framing of charg/plea,21,charge
251 accused statement,21,other/unknown
for examination of accused under section 313 cr pc,21,evidence
filing written statement,21,interlocutory
for filling written statement,21,interlocutory
written/objection,21,interlocutory
"hearing of petiton, w.o. in the mean time",21,interlocutory
for w.a,21,other/unknown
step by petitioner,21,other/unknown
warrent of attachment,21,other/unknown
observation period,21,other/unknown
"er of wa, appearance, and production",21,service
filing of additional w/s,21,other/unknown
for arguement of appealant,21,arguments
stayed - by honorable high court,20,interlocutory
stayed at 2.45 p.m.,20,interlocutory
addl.wst,20,other/unknown
examination of e.o.,20,evidence
await recors,20,other/unknown
flw against respondent,20,other/unknown
refer to mediation,20,other/unknown
substituted petition,20,other/unknown
consideration of compromise petition,20,charge
commision report,20,other/unknown
er of w/w/a,20,other/unknown
appearance (11:00 am   ),20,service
notice_unready (10:00 am                                          ),20,service
sworn stat,20,other/unknown
production of accused.,20,other/unknown
call for lcrs,20,other/unknown
awaiting notice (2.45 pm                                           ),20,service
await pay particulars,20,other/unknown
await lcrs,20,other/unknown
hearing (morning session                                   ),20,interlocutory
suit for ex-parte decree,20,other/unknown
documents admitting exhibiting,20,other/unknown
aurgu. on exh.,20,other/unknown
mediation center,20,other/unknown
cross of p.w.1,20,evidence
await report/s,20,other/unknown
attachment movable,20,other/unknown
a m w,20,other/unknown
for  settlement,20,other/unknown
attachment of property,20,other/unknown
appointment of spl. pp,20,other/unknown
notice to sureties,20,service
service report (1pm-2pm                                           ),20,service
further evedence,20,other/unknown
statement  and defence,20,other/unknown
report from commissioner..,20,other/unknown
issuanance of notice,20,service
gazzat publication,20,other/unknown
croos examination of opposite party,20,evidence
compliance (12:30                                             ),20,other/unknown
filing of requisites by complainant.,20,other/unknown
appearance of accused (11.30am                                           ),20,service
cognizance / issuance of process/ service (13:00                                             ),20,service
appearance of accused (02.00pm                                           ),20,service
realisation of dues,20,other/unknown
awaiting petitioners,20,other/unknown
awaiting lapse jail warrants,20,service
presence of counsel,20,other/unknown
preliminary statment,20,other/unknown
mact awaiting applicant,20,other/unknown
awaited for non-applicant,20,other/unknown
commitment to sessions court,20,other/unknown
awaiting plaintiff/applicant,20,other/unknown
202 cr.p.c,20,other/unknown
written obj.,20,other/unknown
convicted,20,other/unknown
ws and sr,20,other/unknown
fdw,20,other/unknown
sr and claim statement,20,other/unknown
313 cr. pc.,20,evidence
payment (10am to 1pm                                       ),20,other/unknown
clarification (10am to 1pm                                       ),20,other/unknown
refer to lokadalath,20,other/unknown
filing petition,20,other/unknown
r/w and steps,20,other/unknown
f.i.r,20,other/unknown
hearing on balance statement,19,interlocutory
r & p (ready),19,other/unknown
supplementary cs,19,other/unknown
hearing on counrt claim,19,interlocutory
amin report/commissoner report,19,other/unknown
reply of application/ steps by parties (12:30                                             ),19,interlocutory
sr and  pa,19,other/unknown
p.h with document,19,other/unknown
e.r. and apperance,19,other/unknown
s.r. and step in the mean time,19,other/unknown
report of sdr,19,other/unknown
unready board (2.30 pm    ),19,other/unknown
hearing (01.00 pm                                          ),19,interlocutory
report (10:00 am                                          ),19,other/unknown
spot inspection,19,other/unknown
hearing on 05,19,interlocutory
obj ro ia no,19,interlocutory
framing of charge or  plea (01:00 pm                                          ),19,charge
to ascertain deficit stamp duty,19,other/unknown
refered to mediation,19,other/unknown
referred to mediation centre,19,other/unknown
first hearing in court hall,19,interlocutory
null  criminal,19,other/unknown
hear on ia.,19,interlocutory
await r.p.a.d,19,other/unknown
f.d.t,19,other/unknown
to report settlement.,19,other/unknown
nbw (03:00 pm                                          ),19,service
extension of remand,19,other/unknown
rejoinder (10:00 am                                          ),19,other/unknown
further prosecution witness,19,evidence
further pw's,19,other/unknown
await voc and affidavit,19,other/unknown
filing of requisites app. of defendent.,19,other/unknown
awaiting for report from mediation centre,19,other/unknown
cognizance / issuance of process/ service (11:00                                             ),19,service
appearance of accused (12:00                                             ),19,service
appearance of accused (16:00                                             ),19,service
office note on counter claim,19,other/unknown
court fees,19,other/unknown
criminal awaiting for parties,19,other/unknown
show cause notice,19,service
civil cases,19,other/unknown
awaiting for hon'ble high court outcome,19,other/unknown
filing of undertaking by accused,19,other/unknown
initial ejahar,19,other/unknown
aapearance andf payment,19,other/unknown
proper step,19,other/unknown
commission fees,19,other/unknown
further cross examination in 7/2,19,evidence
process to accused (12:00 pm   ),19,service
registration,19,other/unknown
attendance,19,service
step by dh,19,other/unknown
fresh case,19,other/unknown
further proceeding amphearing,19,interlocutory
await reports (11:00 am                                          ),19,other/unknown
filing chart of allotment,19,other/unknown
written statement (10am to 1pm                                       ),19,interlocutory
filling affidavit,19,other/unknown
objection to b report,19,interlocutory
notice  unready,18,service
part heard at 4.00 p.m.,18,other/unknown
for lcr.,18,other/unknown
addl w/s,18,other/unknown
requisites of notice,18,service
clubbing,18,other/unknown
call for surety,18,other/unknown
complainant absent.call on,18,other/unknown
further,18,other/unknown
appearance of accused (10:30 am                                          ),18,service
service pending (10:00 am                                          ),18,service
supply of charge sheet/ copies,18,charge
nomination letter,18,other/unknown
filling show cause,18,other/unknown
filling requisities,18,other/unknown
for filling steps,18,other/unknown
h e aring,18,other/unknown
stay fr om high er cou r t,18,interlocutory
depositing the cost,18,other/unknown
e.r of wpa,18,other/unknown
hearing of temporary injunction,18,interlocutory
further proceeding and hearing,18,interlocutory
not heard cases at 11.05 a.m.,18,other/unknown
custody cases-for hearing,18,interlocutory
plea.,18,charge
for report of settlement,18,other/unknown
suit for withdrawal,18,other/unknown
null (10:00 am                                          ),18,other/unknown
hearing below exh...........,18,interlocutory
service (11:00 am                                          ),18,service
return of notice ready,18,service
chief examination/cross examination,18,evidence
await (11:00 am                                          ),18,other/unknown
sworn  statement,18,other/unknown
for written statements,18,interlocutory
for steps (02.45 pm                                          ),18,other/unknown
arrest warant,18,other/unknown
b/w to c.w.,18,other/unknown
for depository  cb/sb,18,other/unknown
hearing (12pm-1pm                                          ),18,interlocutory
for removal of defects.,18,other/unknown
reply sa,18,interlocutory
appearance of accused (02.30pm                                           ),18,service
awating sanction pr,18,other/unknown
awaiting of  w.s,18,other/unknown
awaiting for report,18,other/unknown
statement of complainant,18,other/unknown
criminal statement,18,other/unknown
statement of  process server,18,service
test,18,other/unknown
charge. (10:00 am                                          ),18,charge
service/arrest/production of accused..,18,service
copy suply,18,service
non bailiable warrant,18,service
injuction,18,other/unknown
supply of charge-sheet and copyies,18,charge
pl ain tiff/petition er eviden ce,18,other/unknown
200 crpc,18,other/unknown
for i.o. report in final form,18,other/unknown
appearance before transferee court.,18,service
filing requisition,18,other/unknown
e.r.of w/a,18,other/unknown
hearing of the petition,18,interlocutory
written.statement,18,other/unknown
discovari and inspection,18,other/unknown
f.h. of d.w.,18,other/unknown
apradh vivran,18,other/unknown
compromise/consolation,18,other/unknown
for presence of non-appllicant,18,other/unknown
for origional record,18,other/unknown
inquiry report,18,other/unknown
deficit court fees,18,other/unknown
stay by high court.,18,interlocutory
cross exam. of  o.ps,18,evidence
fixing for schedule,18,other/unknown
mode of partition,18,other/unknown
sommons,18,other/unknown
reporting settlement (10am to 1pm                                       ),18,other/unknown
hearing  _  say to exh. no.,18,interlocutory
notice to proposed defendant,18,service
further cross disputent/opp,17,evidence
cost ready,17,other/unknown
f/c of dw1,17,other/unknown
further chief of dw.1,17,other/unknown
call on lok adalth,17,other/unknown
part record,17,other/unknown
hearing 7c2,17,interlocutory
awaiting report (),17,other/unknown
dw cross,17,evidence
for filing objection,17,interlocutory
appearance of accused (11:00 am                                          ),17,service
a r g u m e n t s,17,other/unknown
statement 342,17,other/unknown
examination of c.s.w.,17,evidence
awating record,17,other/unknown
awaiting of record,17,other/unknown
plea / particulars (11:00 am                                          ),17,charge
say / hearing on exh____ready (12.00 pm                                          ),17,interlocutory
dv cases (1:00 pm                                           ),17,other/unknown
notice ready (11:00 am                                          ),17,service
part heard cases at 11.00 a. m.,17,other/unknown
say/w.s,17,other/unknown
interim reply/ say/ written statement,17,interlocutory
paper publication.,17,other/unknown
report say,17,other/unknown
sowrn statement,17,other/unknown
exhibit hearing,17,interlocutory
appearance of party (11:00 am                                          ),17,service
int. reply,17,interlocutory
possession warrant,17,service
framing of charge/ plea (11.00 am                                          ),17,charge
draft publication,17,other/unknown
hearing on sentence(cr),17,interlocutory
for alerts before action (11.00 am                                          ),17,other/unknown
for c/r,17,other/unknown
obejctions on ia,17,interlocutory
objections to ia,17,interlocutory
enquary,17,other/unknown
for mediation.,17,other/unknown
bcf  and steps,17,other/unknown
appearance (3pm-4pm                                           ),17,service
report of expert,17,other/unknown
filed compromise petition  with sanction petition,17,other/unknown
urgent notice,17,service
inspection of documents,17,other/unknown
awaiting for original records,17,other/unknown
fair sale deed,17,other/unknown
service of non-bailable warrant (11:00 am                                          ),17,service
compliant service to other side,17,service
c.e report,17,other/unknown
for filing counter,17,other/unknown
for filing of requisites,17,other/unknown
statements of parties,17,other/unknown
pa,17,other/unknown
objection (10:00 am                                          ),17,interlocutory
intimation.,17,other/unknown
filing of written statement and reply to stay appl,17,interlocutory
statement 313 crpc,17,evidence
written    objection,17,interlocutory
filing w/s,17,other/unknown
process fee  requisite,17,service
sr of g notice,17,service
i/o  and 039 report,17,other/unknown
er of w/a and charge,17,charge
execution of w.a/w.p.a/w.w.a,17,other/unknown
written statement and appearance,17,service
plea (10:00 am   ),17,charge
report of i/o,17,other/unknown
for appearace of parties/ advocated,17,other/unknown
report io in final,17,other/unknown
appearance of party/s,17,service
report/objection,17,interlocutory
objection in commission report,17,interlocutory
for pts,17,other/unknown
for hg and f/c,17,other/unknown
committment,17,other/unknown
filing of undertaking,17,other/unknown
deposit of duty money,17,other/unknown
for hearing of ammendment petition,17,interlocutory
further p.w.,17,other/unknown
cross examination of defendant,17,evidence
svc impounded,17,other/unknown
dormant file case,16,other/unknown
call on eas,16,other/unknown
statement eo/io etc.,16,other/unknown
for receipt the record,16,other/unknown
hearing on counterclaim,16,interlocutory
awaiting srs,16,other/unknown
production & appearnce,16,other/unknown
apperance of the defendant/respondent,16,other/unknown
(written statement),16,interlocutory
s.cause with steps,16,other/unknown
show cuase by o.p./accused,16,other/unknown
dw examination,16,evidence
awaiting notice (3:30 pm                                           ),16,service
reply/say (10:00 am                                          ),16,interlocutory
steps (3:30 pm                                           ),16,other/unknown
not heard cases at 2.50 p.m. (1:00 pm                                           ),16,other/unknown
for statement of accused,16,evidence
appearance of j dr,16,service
complainace of the objections,16,interlocutory
payment steps,16,other/unknown
nbw to accused (02:45 pm                                          ),16,service
await commissioner warrant/report,16,service
objection to i.a/c.r,16,interlocutory
for trial (10:00 am                                          ),16,other/unknown
hearing (12:00 pm                                          ),16,interlocutory
cross examination of petitioner/plaintiff,16,evidence
hearing (02:45 pm                                          ),16,interlocutory
compliance (10:00 am                                          ),16,other/unknown
stayed in w.p.,16,interlocutory
ias pending,16,other/unknown
nbw to surety,16,service
await notice.,16,service
313 statement/statement of accused(cr),16,evidence
steps (02.45 pm to 05.45pm                               ),16,other/unknown
awaiting execution of service nbw (11.00 am                                          ),16,service
appearance of accused (11.00 am                                          ),16,service
for enquiry by,16,other/unknown
notice on i a,16,service
nbw (01:00 pm                                          ),16,service
nbw to accused (12:00 pm                                          ),16,service
await steps,16,other/unknown
amendmen of plaint,16,other/unknown
for amendment plaint,16,other/unknown
cross pws,16,evidence
"nbw to accused, notice to surety",16,service
await property,16,other/unknown
rpt on affixture and production of paper publication,16,other/unknown
return of notice..,16,service
adjourned (11:00 am                                          ),16,other/unknown
for recording plea of accused,16,charge
submission of postal receipt/regd. ad/sr/ws,16,other/unknown
initial statement.,16,other/unknown
sevice report and w s,16,other/unknown
offence explaine,16,other/unknown
call with eas,16,other/unknown
report from dlsa,16,other/unknown
awating for procution,16,other/unknown
awaiting f.i.r.,16,other/unknown
awaiting probate duty,16,other/unknown
batta memo,16,other/unknown
appearance of accused (02:30 pm                                          ),16,service
service of non-bailable warrant (03:30 pm                                          ),16,service
service of non-bailable warrant (10:30 am                                          ),16,service
initial statement of complaint,16,other/unknown
remaining execution amount,16,other/unknown
com m ital,16,other/unknown
hearing for examinig cs witnesses,16,evidence
for payment of cost,16,other/unknown
hearing on the limitation petition.,16,interlocutory
313 cr.p.c,16,evidence
w.s and w.o,16,other/unknown
s.r.and appearence,16,other/unknown
appr and plea,16,charge
for fresh steps/requisites,16,other/unknown
filing amendment petition,16,other/unknown
filing ammended plaint,16,other/unknown
dcf and ph,16,other/unknown
appearance (10-00 to 10-30am                                  ),16,service
for prelimanari statement,16,other/unknown
for reply of application,16,interlocutory
for accused evidance/examination of accused/313 cr.pc,16,evidence
attachment warrant.,16,service
charge and consideration,16,charge
authentication and cross examination,16,evidence
examination of complianants witness,16,evidence
await recored,16,other/unknown
accused attendance,16,service
for issuance of process/ service,16,service
s.r. and p.a.,16,other/unknown
filling original documenmts_r,16,other/unknown
ph.,16,other/unknown
f.h.,16,other/unknown
final decree,16,other/unknown
cross of pw1 finally,16,evidence
f.r.t received,16,other/unknown
statement of 244,16,other/unknown
m.a.c.t. unready board,15,other/unknown
for lokadalat,15,other/unknown
awaited for death certificate,15,other/unknown
"styed by hon,ble high court",15,other/unknown
hearing on point of sentence,15,interlocutory
notice on ia,15,service
examination of e.o,15,evidence
objection / objection hearing,15,interlocutory
m.a.c.t. lok-nyalaya,15,other/unknown
for execution,15,other/unknown
awaiting execution of dw,15,other/unknown
warrant execution,15,service
ex-party witness,15,evidence
recall main file,15,other/unknown
f.d.w,15,other/unknown
"petn hearing, w/o in the meantime",15,interlocutory
for filing fresh account for steps,15,other/unknown
filing w.o,15,other/unknown
fillng amended plaint,15,other/unknown
w/s to counter claim,15,other/unknown
calculation sheet by the j.d.,15,other/unknown
steps (10:00 am   ),15,other/unknown
awaiting warrant (12.00 pm                                          ),15,service
steps_unready (12.00 pm                                          ),15,other/unknown
for hearing (12:00 pm                                          ),15,interlocutory
steps (1:00 pm                                           ),15,other/unknown
"production of documents, para 82, at 2.45 pm",15,other/unknown
steps (2.45 pm                                           ),15,other/unknown
await cause notice,15,service
loknayalaya,15,other/unknown
complaince.,15,other/unknown
attachment of moveable,15,other/unknown
notice of motion for restoration of suit,15,service
steps (02:45 pm                                          ),15,other/unknown
return of show casuse notice,15,service
call with ias (10:00 am                                          ),15,other/unknown
cross of dw1,15,evidence
compliance (12:00 pm                                          ),15,other/unknown
b/p,15,other/unknown
emergent notice,15,service
appearence of jdr,15,other/unknown
for cross of dw1,15,evidence
s/s to defendant by rpad,15,other/unknown
cross of pw 2,15,evidence
address for affidavit,15,other/unknown
await  records,15,other/unknown
proclamation (12:00 pm                                          ),15,other/unknown
c/c,15,other/unknown
petition,15,other/unknown
pw and m.o.,15,other/unknown
for final hearing,15,arguments
distress warrent,15,other/unknown
awating final form / chargesheet,15,charge
appearance of jdr /o.p./ respondent,15,service
reply of application/ steps by parties (15:30                                             ),15,interlocutory
service of non-bailable warrant (14:00                                             ),15,service
reply of application/ steps by parties (11:30                                             ),15,interlocutory
await police report,15,other/unknown
crpc 488 awaiting applicant/petitioner,15,other/unknown
awaiting petitioner,15,other/unknown
awaiting parties__,15,other/unknown
statements,15,other/unknown
sr of writ,15,other/unknown
awaiting r,15,other/unknown
filing list of property,15,other/unknown
awaiting c.e. report (11:00 am                                          ),15,other/unknown
record call,15,other/unknown
awaiting defendant,15,other/unknown
l.c. r & hearing,15,interlocutory
office check (10:00 am                                          ),15,other/unknown
for service return,15,service
hearing of petition (10:00 am                                          ),15,interlocutory
notice of appl u/o 21 rule 66 cpc,15,service
conditional warrant of arrest,15,service
discovery / inspection / production of documents,15,other/unknown
steps / requisites,15,other/unknown
"production,appearance,e/r of w/a",15,service
payment  wo if any,15,other/unknown
written statement/reply (11:00 am   ),15,interlocutory
amendment copy of plaint,15,service
appearance and  e/r of w/w/a,15,service
jawabdawa,15,other/unknown
for report.,15,other/unknown
sr and hearing,15,interlocutory
s.a./surety (10am to 1pm                                       ),15,other/unknown
hearing (10am to 1pm                                       ),15,interlocutory
list of assets..,15,other/unknown
old application,15,interlocutory
"return of 82,83 steps",15,other/unknown
objection if any and hearing on the pettition,15,interlocutory
awaiting sanctioned pr,15,other/unknown
further arguement,15,arguments
awaitng s.r and p.a.,15,other/unknown
p.w.s and chief,15,other/unknown
f.l.w,15,other/unknown
s.r. and appearance,15,service
app/payment,15,other/unknown
consent term,14,other/unknown
cost unready,14,other/unknown
await property partciulars of accused,14,other/unknown
further f.f,14,other/unknown
marking of documents,14,other/unknown
await ordes.,14,other/unknown
hearing rejoinder,14,interlocutory
hearing on service report,14,service
rejionder,14,other/unknown
proper pairvi,14,other/unknown
accusation explain,14,other/unknown
awaiting execution of warrant,14,service
apperance/production_,14,other/unknown
application,14,interlocutory
inf or m ation,14,other/unknown
supply of p.r,14,other/unknown
filing document,14,other/unknown
enquiry on 202 crpc.,14,other/unknown
awaiting intimation from hon'ble high court,14,other/unknown
awaiting of death report.,14,other/unknown
for commisnor report,14,other/unknown
e.r. of w.p. and appearence,14,other/unknown
further proceeding (f.p),14,other/unknown
further d.w.,14,other/unknown
further cross-exam of p.w.,14,evidence
e.r/ w.a,14,other/unknown
e / r,14,other/unknown
compiled plaint and ws,14,other/unknown
custody cases at 2.45 pm,14,other/unknown
plea / particulars (12.00 pm                                          ),14,charge
appearance (02.00 pm                                          ),14,service
unready board (12.00pm    ),14,other/unknown
unready board (3.00pm                                            ),14,other/unknown
unready board (4.30 pm    ),14,other/unknown
charge (12.00 pm                                          ),14,charge
n.b.w._unready (01:00 pm                                          ),14,other/unknown
awaiting notice (12.00 pm                                          ),14,service
report of counsellor written statement,14,interlocutory
appearance/ steps,14,service
notice (morning session                                   ),14,service
notice of motion for reply rejoinder (11:00 am                                          ),14,service
appeal for hearing at 11.00 a.m.,14,interlocutory
warrant (morning session                                   ),14,service
hearing on pi,14,interlocutory
call on (11.00 am                                          ),14,other/unknown
appearance of accussed (12.30 pm to 2 pm                                  ),14,service
hearing (11.00 am to 02.00pm                               ),14,interlocutory
for settelment,14,other/unknown
for steps (1.00 pm                                           ),14,other/unknown
warrant to accused (11.00 am to 02.00pm                               ),14,service
hearing (11 am to 12.30 pm                                 ),14,interlocutory
crossed prosecution witness,14,evidence
with ia,14,interlocutory
for objection in ia,14,interlocutory
prodcue documents,14,other/unknown
call with mp.,14,other/unknown
awaiting court fee,14,other/unknown
filing of requisites and app. of defendant.,14,other/unknown
appearence (12.00pm                                           ),14,other/unknown
appearance of accused (01.00pm                                           ),14,service
appearance of accused (03.00pm                                           ),14,service
service of non-bailable warrant (02.30pm                                           ),14,service
reply of application/ steps by parties (12:00                                             ),14,interlocutory
framing of charge/ plea (12.30pm                                           ),14,charge
service of non-bailable warrant (02.00pm                                           ),14,service
for further proceedings (11:00 am                                          ),14,other/unknown
office note on the amended plaint,14,other/unknown
objection__,14,interlocutory
awaiting defandant,14,other/unknown
criminal service of accused/ to other side,14,service
a r guments,14,other/unknown
witness challani,14,evidence
schedule of property,14,other/unknown
await of defendant.,14,other/unknown
respondent witness,14,evidence
for replica,14,other/unknown
for examination of witnesses (11:00 am                                          ),14,evidence
apperance of o.p,14,other/unknown
202 statement (12:00 pm                                          ),14,other/unknown
supply of copy of documents,14,service
draft copy,14,service
filing written objection,14,interlocutory
hearing of appeal/revision.,14,interlocutory
filing of amended plaint,14,other/unknown
hearing on injunction application (11:00 am   ),14,interlocutory
d/w as last chance,14,other/unknown
proper step by plaintiff,14,other/unknown
warrant of arrest (10:00 am   ),14,service
process to opponent (11:00 am   ),14,service
report of i/o in final form,14,other/unknown
sr and written statement,14,interlocutory
agrim adesh,14,other/unknown
jawab,14,other/unknown
attach warrant,14,service
hearing of charge,14,charge
points for determination,14,other/unknown
appearance and w/s,14,service
report from i.o.,14,other/unknown
w/o amp hearing,14,interlocutory
proceeding n/s 89 cpc,14,other/unknown
inquiry (10am to 1pm                                       ),14,other/unknown
hearing on exh.no.______,14,interlocutory
await mbr,14,other/unknown
cross of petitioner witness,14,evidence
appearance of parties/ advocates (10:30                                             ),14,service
appearance of parties/ advocates (15:00                                             ),14,service
awating s r,14,other/unknown
dormant file (11:00 am                                          ),14,other/unknown
awaiting punishment warrant,14,service
for dissmissal (11:00 am                                          ),13,other/unknown
plea / particulars (10:00 am                                          ),13,charge
notice notice,13,service
await documents/letters/notices,13,service
appearance & filing show cause,13,service
filing of postal stamp,13,other/unknown
awaiting reply,13,interlocutory
awaiting death report.,13,other/unknown
awaiting correct adress,13,other/unknown
for sale proclamation,13,other/unknown
enquiry (11:00 am                                          ),13,other/unknown
police paper (11:00 am                                          ),13,other/unknown
considaration of memo and service of memo,13,service
awaiting intimation from honble court.,13,other/unknown
awaiting for main file from high court,13,other/unknown
mact awaiting applicant/non applicant,13,other/unknown
amended,13,other/unknown
ex-parte decided,13,other/unknown
show cause by petitioner,13,other/unknown
further d/w,13,other/unknown
final chart of partion,13,other/unknown
registration of birth,13,other/unknown
unready board (1.00 pm    ),13,other/unknown
b.w._unready (11.00 am                                          ),13,other/unknown
steps_unready (11:00 am   ),13,other/unknown
steps (11:00 am   ),13,other/unknown
w/s and say,13,other/unknown
ciatation,13,other/unknown
objections to main petition,13,interlocutory
complinace of consent terms,13,other/unknown
hearing (01:00 pm                                          ),13,interlocutory
return of report,13,other/unknown
addl ws,13,other/unknown
steps (12:00 noon                                        ),13,other/unknown
first orde,13,other/unknown
hearing of exh.hearing,13,interlocutory
cross examination of pet / plf,13,evidence
313 statement.,13,evidence
s/s to defendants,13,other/unknown
appearance of accussed (2.45 pm to 4.15 pm                                ),13,service
for steps (01.00 pm                                          ),13,other/unknown
objection to main petition.,13,interlocutory
adalath notice,13,service
framing of charge or plea (11.00 am                                          ),13,charge
for certified copies,13,other/unknown
arrest notice.,13,service
nbw for accused recalled,13,service
cross examination of p.w.,13,evidence
furnish the surety,13,other/unknown
odering cmp,13,other/unknown
appearance of partie.,13,service
for verification.,13,other/unknown
munsiff transferred. case re posted to,13,other/unknown
for statements,13,other/unknown
consideration of charge (10:00 am                                          ),13,charge
await distress warrent.,13,other/unknown
investigating officer (i.o),13,other/unknown
copy...,13,service
step and service report,13,service
mo,13,other/unknown
"produce dsp,vc and ec",13,other/unknown
return of nbw,13,service
for requisition,13,other/unknown
report from commissioner.,13,other/unknown
written statement (11:30                                             ),13,interlocutory
reply of application/ steps by parties (13:00                                             ),13,interlocutory
service of non-bailable warrant (12:00 am                                          ),13,service
awaiting report (14:00                                             ),13,other/unknown
c.d.,13,other/unknown
hearing office note,13,interlocutory
await non applicant,13,other/unknown
awaiting report of mediation,13,other/unknown
cognizence taken,13,other/unknown
awaited for  appearance of respondents.,13,service
substitution of lrs.,13,other/unknown
filling of fresh steps,13,other/unknown
service pending notice,13,service
s.r. (11:00 am                                          ),13,other/unknown
non bailable warrant (11:00 am                                          ),13,service
munsarim report,13,other/unknown
copying (for complience),13,service
i.os report,13,other/unknown
"app, sr & report",13,other/unknown
sr & app,13,other/unknown
show cause by the respondent,13,other/unknown
244 crpc,13,other/unknown
cross examine pw-1,13,evidence
payment-,13,other/unknown
hearing of  injunction petition,13,interlocutory
cross exam for p.w,13,evidence
app and amp  plea,13,charge
show cause by plaintiff/petitioner,13,other/unknown
acceptance/consideration of show cause,13,charge
additional w/s,13,other/unknown
e.r. and  appearance,13,service
amended copy of plaint/petition,13,service
further statement (10:00 am   ),13,other/unknown
warrant for attachment report,13,service
warrant of sale,13,service
sale warrant,13,service
substance of accusaton,13,other/unknown
appearance of the parties,13,service
charge consideration,13,charge
surety (10am to 1pm                                       ),13,other/unknown
trial. (10am to 1pm                                       ),13,other/unknown
addl.w.s,13,other/unknown
cross examination of dw,13,evidence
appl u-s 294 cr.p.c,13,other/unknown
notice of motion for direction,13,service
cs for dismissal,12,other/unknown
part heard t.e. not before 2.45 pm,12,other/unknown
custody cases-part heard cases,12,other/unknown
examination of i/o,12,evidence
depositing cost for police help,12,other/unknown
forther hearing,12,interlocutory
filing show couse,12,other/unknown
for appereance of parties/advocates,12,other/unknown
reply of s/c,12,interlocutory
petn hearing,12,interlocutory
submission of commission report,12,other/unknown
for closing pursis of applicant,12,other/unknown
cross examination of pet (10:00 am                                          ),12,evidence
addl. ws,12,other/unknown
cases kept on jail court,12,other/unknown
depositing amount (11:00 am                                          ),12,other/unknown
plea / particulars (11.00 am                                          ),12,charge
steps (12.00 am                                          ),12,other/unknown
appearance (2:30 pm                                           ),12,service
verification (11:00 am                                          ),12,other/unknown
awaitng executiion of service nbw(n.b.w._ready),12,service
filing of say on exh___ready (11:00 am                                          ),12,other/unknown
lok-nyayalaya (10:00 am                                          ),12,other/unknown
for awaiting report of warrant,12,service
commital.,12,other/unknown
await p/r,12,other/unknown
say / hearing on exh____ready (2.45 pm                                           ),12,interlocutory
calculation,12,other/unknown
further evidance,12,other/unknown
filing of say on exh___unready (11:00 am                                          ),12,other/unknown
settlement (11:00 am                                          ),12,other/unknown
notice (2.45 pm                                           ),12,service
notice (12.00 pm                                          ),12,service
warrant.,12,service
flw - fine levy warrant,12,service
objections (11:00 am                                          ),12,interlocutory
n.b.w._unready (12:00 noon                                        ),12,other/unknown
w.s and objection,12,interlocutory
hearing before charge (hbc),12,charge
hearing (3.00 pm                                           ),12,interlocutory
cause notice to j.d.r.,12,service
compliance of under section 89 of cpc,12,other/unknown
sworn statements,12,other/unknown
for examination of witnesses (12.00 pm                                          ),12,evidence
warant,12,other/unknown
mediation settlement,12,other/unknown
attachment warrant of movable properties,12,service
apperance of accused (11.00 am                                          ),12,other/unknown
await  lcr,12,other/unknown
enquiry on ia,12,interlocutory
addrees to cjm for l.p sanction,12,other/unknown
accused absent applys,12,other/unknown
service report (12pm-1pm                                          ),12,service
service report (2pm-3pm                                           ),12,service
for pleading guilty,12,charge
produce documents,12,other/unknown
hearing (11am-12am                                         ),12,interlocutory
comittal,12,other/unknown
law point,12,other/unknown
bcf and pre-trial steps,12,other/unknown
soleman affirmation,12,other/unknown
charge frame/accusition explain,12,charge
reply of application/ steps by parties (10:30                                             ),12,interlocutory
compliance (11:30                                             ),12,other/unknown
service of non-bailable warrant (12:30                                             ),12,service
framing of charge/ plea (12:00                                             ),12,charge
framing of charge/ plea (11:30                                             ),12,charge
compliance (01.00pm                                           ),12,other/unknown
service pending (11:30 am                                          ),12,service
awaiting report (15:30                                             ),12,other/unknown
appearance of parties/ advocates (),12,service
recording initial statement of the complt.,12,other/unknown
awaiting non- applicants counsels,12,other/unknown
exparte witness,12,evidence
awaiting m.os & c.e. report,12,other/unknown
awaited for parties..,12,other/unknown
restoration,12,other/unknown
awaiting for plaintiff,12,other/unknown
filing of original documents,12,other/unknown
ws by op1 and  sr of op2,12,other/unknown
n.b.w(ready),12,other/unknown
hearing on protest,12,interlocutory
listed for disposal,12,other/unknown
show cause i/d dismissed,12,other/unknown
s/r  and appearance,12,service
step u/o 11  12 c.p.c.,12,other/unknown
filing copy of newspaper,12,service
waiting for original record,12,other/unknown
filing draft of publication,12,other/unknown
further statement (11:00 am   ),12,other/unknown
showcause of petitioner,12,other/unknown
written objection by op,12,interlocutory
for accused prensence,12,other/unknown
considertion-2,12,other/unknown
campromise,12,other/unknown
to submit decree money,12,other/unknown
for  report,12,other/unknown
final agrument,12,other/unknown
313 cr pc,12,evidence
payment (2pm to 5pm                                        ),12,other/unknown
await notices,12,service
motion and hearing,12,interlocutory
kept for special drive (1:00 pm                                           ),12,other/unknown
awaiting warrant (3:30 pm                                           ),12,service
n/m for amendmend/court receiver,12,other/unknown
remitted back,12,other/unknown
ff,12,other/unknown
after charge,12,charge
cognizance / issuance of process/ service (12-01 pm                                          ),12,service
awaiting f.o from o.h.c,12,other/unknown
filling original documenmts.,12,other/unknown
awaiting death report of accused,12,other/unknown
w.s add.,12,other/unknown
filling ammended plaint,12,other/unknown
for filing ammended plaint,12,other/unknown
f.chief,12,other/unknown
not heard cases at 2.50 p.m. (12:00 pm                                          ),12,other/unknown
reply.,12,interlocutory
commissiner report,12,other/unknown
take 83 steps against accused,12,other/unknown
production of bw,12,other/unknown
disposal of other appl. (10:00 am                                          ),12,other/unknown
excusion report,12,other/unknown
not heard awaiting for proclamation report,11,other/unknown
say on exh,11,other/unknown
"part heard hctb,actb, expedited sr. citizens matters at 2.45 pm",11,other/unknown
awaiting rejoinder,11,other/unknown
amendement petition,11,other/unknown
styed by hon ble high court,11,other/unknown
arrear amount,11,other/unknown
filing of say on exh._____(unready),11,other/unknown
filing s.r.,11,other/unknown
awaiting for record,11,other/unknown
life status report,11,other/unknown
intimation (11:00 am                                          ),11,other/unknown
written statement (14:30                                             ),11,interlocutory
awaiting report (11.30am                                           ),11,other/unknown
awaiting original record (10:00 am                                          ),11,other/unknown
consideration of sr,11,charge
filing of additional w.s.,11,other/unknown
hearing of counter claim,11,interlocutory
hearing of objection,11,interlocutory
stay of suit,11,interlocutory
filing additional w.s,11,other/unknown
filing answer of interrogatories,11,other/unknown
e/r  of  w.w.a.,11,other/unknown
app + death report,11,other/unknown
hearing on the point of maintainability,11,interlocutory
additional w/s and steps,11,other/unknown
82 cr.p.c. proceedings,11,other/unknown
plea / particulars (11:00 am   ),11,charge
awaiting notice (11.00 am                                          ),11,service
verification at 11.00 a.m.,11,other/unknown
appearance (12.00 am                                          ),11,service
notice_unready (4.00pm                                            ),11,service
unready board (10:00 am   ),11,other/unknown
steps_unready (01.00 pm                                          ),11,other/unknown
cases at 2 45 pm (1:00 pm                                           ),11,other/unknown
charge-frame,11,charge
framing of charge or  plea (03:00 pm                                          ),11,charge
part hearing,11,interlocutory
w.s. and  say,11,other/unknown
process fees,11,service
appearance of accussed (01:00 pm                                          ),11,service
issu flw,11,other/unknown
documents  admitting and cross-exam .,11,evidence
hearing on exh.,11,interlocutory
hearing (03.45 pm                                          ),11,interlocutory
notice of motion p.h.,11,service
amend plaint,11,other/unknown
further chief pw-1.,11,other/unknown
complaince-sec.437-a,11,other/unknown
accused stament,11,other/unknown
sworne statement,11,other/unknown
objections to b report,11,interlocutory
nbw to cw -,11,service
await  report,11,other/unknown
for attachment/ arrest/ garnishee proceedings (11.00 am                                          ),11,other/unknown
produce fresh schedule,11,other/unknown
produce ec and vc,11,other/unknown
letter to,11,other/unknown
letter to tahasildar,11,other/unknown
await chemical analysis report.,11,other/unknown
for verify and committal,11,other/unknown
no sitting notified (11:00 am                                          ),11,other/unknown
call for lcr.,11,other/unknown
injunction granted and noticed,11,service
cross examination of defendant  witness,11,evidence
io and mo,11,other/unknown
for filing required court fees stamp,11,other/unknown
filing of requisites and app. of defendant,11,other/unknown
hearing on limitation,11,interlocutory
awating report of service,11,service
compliance (10:30 am                                          ),11,other/unknown
reply of application/ steps by parties (14:30                                             ),11,interlocutory
awaiting report (12:30                                             ),11,other/unknown
service of non-bailable warrant (11:30                                             ),11,service
appearance of accused (12:01 pm                                          ),11,service
removal defect,11,other/unknown
criminal service of accused /respondent,11,service
production of child__,11,other/unknown
further direction,11,other/unknown
prelimanary statements,11,other/unknown
execution of warrant & others information,11,service
expenses and list of witnesses,11,evidence
proof service,11,service
for maintainence,11,other/unknown
awating f. f,11,other/unknown
examination of jcl,11,evidence
"ex-party 1,2",11,other/unknown
awaiting counsel,11,other/unknown
filing step,11,other/unknown
l.r.steps,11,other/unknown
cross examination by defendant/op,11,evidence
further examination,11,evidence
filing of limitation petition,11,other/unknown
declaration,11,other/unknown
rehearing,11,interlocutory
appearance of party / advocate (11:00 am                                          ),11,service
scrutiny,11,other/unknown
apperance and p.r.,11,other/unknown
s.r. appearance  and l.c.r,11,service
sheristader's report,11,other/unknown
filing w.s.,11,other/unknown
hearing of the case,11,interlocutory
steps and sr,11,other/unknown
steps as last chance,11,other/unknown
"hearing of petition, w. o. in the meantime",11,interlocutory
plea i.d. warrant of arrest,11,charge
report of advocate commissioner,11,other/unknown
lok adalt,11,other/unknown
trail program,11,other/unknown
compromisse,11,other/unknown
compromise process,11,service
for appearance of the accused person,11,service
time given for paid money,11,other/unknown
affidavit in reply,11,interlocutory
examination of complainant/petitioner,11,evidence
clarification (2pm to 5pm                                        ),11,other/unknown
f.p/appr,11,other/unknown
attachment warrent of movebles,11,other/unknown
amendment.,11,other/unknown
hearing to,11,interlocutory
compliance (12:00                                             ),11,other/unknown
sr and pa (11:00 am                                          ),11,other/unknown
right close,11,other/unknown
hearing on memo,11,interlocutory
report by d.a.,11,other/unknown
e.r of w.a and production,11,other/unknown
clubbed with,11,other/unknown
for l p sanction,11,other/unknown
null criminal,11,other/unknown
awaiting sr of notice,11,service
complaint return to the complainant,10,other/unknown
statement at 2.45 p.m.,10,other/unknown
execution appeal for hearing not before 2.45 pm,10,interlocutory
fresh steps.,10,other/unknown
await commission reporte,10,other/unknown
hear on pi,10,other/unknown
warrant accused,10,service
await finding from  land tribunal,10,other/unknown
letter to district collector,10,other/unknown
defendantwitness,10,evidence
disposal of report commission,10,other/unknown
deffence witness,10,evidence
written statement (14:00                                             ),10,interlocutory
ar guments,10,other/unknown
return of attachment,10,other/unknown
last and final oppurtinuty for producing witness,10,evidence
final argurments,10,arguments
d.hr to take steps,10,other/unknown
deposite of duty money,10,other/unknown
consolidation plaint,10,other/unknown
index proceedings,10,other/unknown
application for legal heirs,10,interlocutory
defen ce eviden ce,10,other/unknown
er of w.p.a.,10,other/unknown
further cross examination of dw,10,evidence
for appearace and  death report,10,other/unknown
step by defendant,10,other/unknown
for  o. p. w.,10,other/unknown
for appearance and death report,10,service
ws/wo,10,other/unknown
"cross of dw1,2,3",10,evidence
description of assets,10,other/unknown
return of property cases,10,other/unknown
unready board (3.30 pm    ),10,other/unknown
b.w._ready (11:00 am   ),10,other/unknown
awaiting warrant (11:00 am   ),10,service
written statement (12.00 pm                                          ),10,interlocutory
charge (11.00 am                                          ),10,charge
filing of surety (11:00 am                                          ),10,other/unknown
unready board (4.00pm                                            ),10,other/unknown
say / hearing on exh____ready (01.00 pm                                          ),10,interlocutory
n.b.w._ready (01.00 pm                                          ),10,other/unknown
steps_unready (2.45pm                                            ),10,other/unknown
hearing (10:30 am                                          ),10,interlocutory
hearing before charge (11.30 am                                          ),10,charge
awaiting notice (12:00 noon                                        ),10,service
amended plaint (11:00 am                                          ),10,other/unknown
objuction,10,other/unknown
list of witness and list of documents,10,evidence
directions (11:00 am                                          ),10,other/unknown
appearance  of defendant,10,service
nm rest0storation of suit,10,other/unknown
awaiting warrant (2.45 pm                                           ),10,service
awaiting report of_____,10,other/unknown
balance (11:00 am                                          ),10,other/unknown
await pay particulars of j.dr.,10,other/unknown
amendment plaint.,10,other/unknown
objection (morning session                                   ),10,interlocutory
paper citation,10,other/unknown
steps_unready (12:00 noon                                        ),10,other/unknown
amendment appln.,10,other/unknown
p.h./evidance of affidavit of witness,10,evidence
f.l.w.,10,other/unknown
commission warrant.,10,service
stayed (11:00 am                                          ),10,interlocutory
addl w s,10,other/unknown
no sitting  case adjourned to,10,other/unknown
framing of charge or  plea (12.30 pm to 2 pm                                  ),10,charge
89  and 10 of c.p.c,10,other/unknown
notice to accused,10,service
notice through paper publication,10,service
objection to i.a.ii,10,interlocutory
await commr. report,10,other/unknown
enquiry on ia.,10,interlocutory
to hear (11.00 am                                          ),10,other/unknown
await village officer certificate,10,other/unknown
matter stayed,10,interlocutory
appearance of accussed (11 am to 12.30 pm                                 ),10,service
memo of instruction,10,other/unknown
call on ..,10,other/unknown
to furnish charge sheet,10,charge
appearance of the accused,10,service
service report (11am-12am                                         ),10,service
i.o.,10,other/unknown
domestic incident report,10,other/unknown
expartee hearing.,10,interlocutory
for 313 crpc,10,evidence
report (11am-12am                                         ),10,other/unknown
submission of list of articles,10,other/unknown
further p.w.s.,10,other/unknown
hearing on attachment petition,10,interlocutory
i/o,10,other/unknown
report from commissioner... (12pm-1pm                                          ),10,other/unknown
official witness (11:00 am                                          ),10,evidence
shirestedar report,10,other/unknown
for committment,10,other/unknown
awaiting for sirestadar report,10,other/unknown
charge framed,10,charge
reply of application/ steps by parties (03.00pm                                           ),10,interlocutory
produce sale paper,10,other/unknown
reply of application/ steps by parties (02.00pm                                           ),10,interlocutory
cognizance / issuance of process/ service (15:30                                             ),10,service
written statement (12-01 pm                                          ),10,interlocutory
notice to non- applicant,10,service
awaited for non-applicants,10,other/unknown
witness of respondant,10,evidence
awaiting  presence of non/ applicant,10,other/unknown
filing of vakalatnama,10,other/unknown
filling objection (11:00 am                                          ),10,interlocutory
criminal awaiting for applicant/non applicant,10,other/unknown
lrs,10,other/unknown
awaiting defendants/respondants,10,other/unknown
objection to limitation petition,10,interlocutory
awaiting intimation (10:00 am                                          ),10,other/unknown
for  ws,10,other/unknown
for admissions/ denials,10,other/unknown
awaiting execution of service nbw with recovery,10,service
production and apperance,10,other/unknown
written .statement,10,other/unknown
hearing of the injunction petition.,10,interlocutory
experte evicence,10,other/unknown
discovery,10,other/unknown
s/r of summans,10,other/unknown
appearance of parities/advocates,10,service
d.c.free,10,other/unknown
filing draft notice for publication,10,service
written objections,10,interlocutory
hearing the injunction petition,10,interlocutory
awaiting receipt of original record,10,other/unknown
reply of interrogatories,10,interlocutory
for ragistration,10,other/unknown
appereance and written statement,10,interlocutory
wo and hearing,10,interlocutory
awating report,10,other/unknown
notice to opponents (11:00 am   ),10,service
lockdown,10,other/unknown
advocate appointment,10,other/unknown
for report-,10,other/unknown
document verify,10,other/unknown
objection against application,10,interlocutory
cross of claimant,10,evidence
report and hearing,10,interlocutory
submission of list of witness,10,evidence
examination of p.s.,10,evidence
examination of pw,10,evidence
matter relating to hearing of interim application (10:00 am                                          ),10,interlocutory
sentence hearing,10,interlocutory
chart of allotment,10,other/unknown
trial/surety (10am to 1pm                                       ),10,other/unknown
notice and record (10:00 am                                          ),10,service
say /hearing on exh... ready,10,interlocutory
appearance. (10am to 1pm                                       ),10,service
i. a. pending,10,interlocutory
inquiry (2pm to 5pm                                        ),10,other/unknown
b.w._ready (11:00 am                                          ),10,other/unknown
part heard (10:00 am   ),10,other/unknown
dismissal (11:00 am                                          ),10,other/unknown
carryout amendment,10,other/unknown
proclamation to jdr,10,other/unknown
await repots,10,other/unknown
await non bailable warrant,10,service
"nbw to accused 82,83 steps",10,service
await 82 steps,10,other/unknown
compliance (13:00                                             ),10,other/unknown
awaiting for service report,10,service
stayed  by dist/sessions/sub court,10,interlocutory
for arguements,10,arguments
hearing of suit (10:00 am                                          ),10,interlocutory
for fresh step (10:00 am                                          ),10,other/unknown
draft of paper publication,10,other/unknown
further  exam of p.w.,10,other/unknown
cross examination of res/defendant,10,evidence
not heard,10,other/unknown
part heard cases (11:00 am                                          ),10,other/unknown
for dismissal,10,other/unknown
b.w. ready,10,other/unknown
further chief of dw1,10,other/unknown
commissioner notice,10,service
enquiry and evidance,10,other/unknown
court fee paid,10,other/unknown
statem en t of pw,10,other/unknown
expart report,10,other/unknown
examination of d.w,10,evidence
filing examination-in-chief and cross by o.ps,10,evidence
for closing pursis of second party,10,other/unknown
awaiting of s/r.,10,other/unknown
time bound matters,9,other/unknown
stayed matter,9,interlocutory
proclaimation.,9,other/unknown
cross of d.w,9,evidence
awaiting for ii appeal,9,other/unknown
amendment  of petition,9,other/unknown
evidcence of defendent / op,9,other/unknown
filing substituted plaint,9,other/unknown
arrest warrant (accused),9,service
supply of copies (11:00 am                                          ),9,other/unknown
further other,9,other/unknown
awating sanction p.r,9,other/unknown
filling of consolidated memo,9,other/unknown
awaited for honble high court,9,other/unknown
for examination of witness/dw,9,evidence
commissioner's  report,9,other/unknown
decreee,9,other/unknown
awating records,9,other/unknown
matter relating to hearing of interim application (01 00 pm   ),9,interlocutory
matter relating to hearing of interim application (04 00 pm   ),9,interlocutory
lok-nyayalaya (11:00 am                                          ),9,other/unknown
preparation of paper book (11:00 am                                          ),9,other/unknown
awaiting warrant (12.00 - 01.00 pm                                  ),9,service
awaiting notice (4.00pm                                            ),9,service
report (01.00 pm                                          ),9,other/unknown
call for lower court records.,9,other/unknown
admission at 11 am,9,other/unknown
attachment warrant of immovable property,9,service
framing of charge or  plea (afternoon                                         ),9,charge
notice of motion for delay,9,service
report  hearing of exh.,9,interlocutory
notice (01:00 pm                                          ),9,service
d.i.d.,9,other/unknown
enquiry (10:00 am                                          ),9,other/unknown
notice (02:45 pm                                          ),9,service
appearance of accussed (12.00 pm                                          ),9,service
formal hearing (11:00 am                                          ),9,interlocutory
for taking steps (11:00 am                                          ),9,other/unknown
execution appeal for hearing at 11 am,9,interlocutory
compliance undready,9,other/unknown
hearing without say,9,interlocutory
production of report,9,other/unknown
objection and written statement,9,interlocutory
hearing  on i.a.,9,interlocutory
appearance of accussed (3:00 pm                                           ),9,service
notice to resp by rpad,9,service
for objection on ia,9,interlocutory
drawft charge,9,charge
for steps (3.00 pm                                           ),9,other/unknown
for hbc (11.00 am to 02.00pm                               ),9,other/unknown
for enquiry an ia,9,interlocutory
j c extended,9,other/unknown
further  cheif of pws,9,other/unknown
hearing (2.45 pm to 4.15 pm                                ),9,interlocutory
nbw proclamation and attachment,9,service
a.d. r.,9,other/unknown
hear further,9,other/unknown
awaiting adr reports (11.00 am                                          ),9,other/unknown
to hear on (11.00 am                                          ),9,other/unknown
null-criminal,9,other/unknown
arrest notice to j.d.r,9,service
attachment warrant of movables of jdr,9,service
nbw to accuse,9,service
call on (10:00 am                                          ),9,other/unknown
for admission hearing of appeals (11.00 am                                          ),9,interlocutory
for encumbrance certificate,9,other/unknown
amended ws,9,other/unknown
service report/ws,9,service
accused must be present,9,other/unknown
take step,9,other/unknown
take further steps,9,other/unknown
trial and disposal,9,other/unknown
awating l.c.r,9,other/unknown
notice (ready),9,service
lcr  call for,9,other/unknown
awaring r  and  p lower court,9,other/unknown
for filingup publication,9,other/unknown
hearing on the point of sentence,9,interlocutory
stayed by honourable high court,9,interlocutory
awaiting case diary with l.c.r.,9,other/unknown
salary statement,9,other/unknown
filling of court fee / stamp duty,9,other/unknown
framing of charge/ plea (10:30                                             ),9,charge
compliance (12.30pm                                           ),9,other/unknown
framing of charge/ plea (11:00                                             ),9,charge
cognizance / issuance of process/ service (14:30                                             ),9,service
framing of charge/ plea (12.00pm                                           ),9,charge
written statement (12:00                                             ),9,interlocutory
bayan muljim,9,other/unknown
reply of application/ steps by parties (12.00pm                                           ),9,interlocutory
awaiting applicants/defendents,9,other/unknown
filling of counter,9,other/unknown
awaitnig defendent,9,other/unknown
civil  for objection,9,interlocutory
pr oper or der,9,other/unknown
civil for record,9,other/unknown
suit,9,other/unknown
w.s (10:00 am                                          ),9,other/unknown
filing of petition,9,other/unknown
awaited for  appearance of petitioner,9,service
awaiting for respondent/s,9,other/unknown
for hearing on the petition.,9,interlocutory
awaiting report from prosecution,9,other/unknown
awaiting main file,9,other/unknown
awaiting appellant,9,other/unknown
awaiting presence of appealant,9,other/unknown
filing court fees,9,other/unknown
awating   f f,9,other/unknown
filingshow cause by opposit party,9,other/unknown
intimation of court,9,other/unknown
office note (11:00 am                                          ),9,other/unknown
awaiting of plaintiff,9,other/unknown
f.h. (final hearing),9,arguments
r/warrant,9,service
issuance of process/service,9,service
appearence (12:00 pm                                          ),9,other/unknown
hearing the criminal revision,9,interlocutory
w/o and dc fee,9,other/unknown
cost by defendant,9,other/unknown
send to mediation,9,other/unknown
filling requisite,9,other/unknown
discovery inspection,9,other/unknown
draft copy of news paper publication,9,service
s.d.p.h.,9,other/unknown
for appearance and charge,9,charge
exparte hearing of suit,9,interlocutory
filing complete requisites,9,other/unknown
furming of charge,9,charge
forreport,9,other/unknown
for accused evidance/examination of accused/313cr.pc,9,evidence
purpose sale deed,9,other/unknown
for legal heirs,9,other/unknown
recovery of fines & wait for imprisonment warrant,9,service
for settling date,9,other/unknown
amended plaint and requisites,9,other/unknown
matter relating to hearing of interim application (11.00 am                                          ),9,interlocutory
matter relating to hearing of interim application (10.30 to 11.30                                    ),9,interlocutory
matter relating to hearing of interim application (03.00 pm                                          ),9,interlocutory
recast,9,other/unknown
app./ws,9,other/unknown
say /hearing on exh.____ready,9,interlocutory
w.s. __ counselling,9,other/unknown
flw against accd/respt,9,other/unknown
production  of jcwl,9,other/unknown
hearing without written statement,9,interlocutory
cross examination of respondent,9,evidence
lp sanction,9,other/unknown
official pws,9,other/unknown
lcr be returned to lower court,9,other/unknown
statement us.313 cr.p.c.,9,evidence
written statement (),9,interlocutory
attachment/ arrest/garnishee proceedings (11.30am                                           ),9,other/unknown
service of non-bailable warrant (03.00pm                                           ),9,service
service of non-bailable warrant (12.30pm                                           ),9,service
awaiting p.r (11:00 am                                          ),9,other/unknown
for service to other side,9,service
filing of consolidated plaint/petition,9,other/unknown
am en dm en t with in 7days,9,other/unknown
hearing of exparte,9,interlocutory
extension and s/r,9,other/unknown
e. r. / w. a.,9,other/unknown
for injunction hearing,9,interlocutory
filing draft notice,9,service
not to arrest,9,other/unknown
commission hearing,9,interlocutory
further p.w,9,other/unknown
e.r of writ,9,other/unknown
for arguement of applicant /complainanat,9,arguments
report of court fee inspector,9,other/unknown
await document,9,other/unknown
appearence of complainant,9,other/unknown
cross of dw2,9,evidence
appearence (11.30am                                           ),9,other/unknown
for s.a,9,other/unknown
service of non-bailable warrant (12.00pm                                           ),9,service
awaiting  reply,9,interlocutory
enquiry..,9,other/unknown
awaiting intimation from p.s.,9,other/unknown
rest of 244 cr.p.c/charge,9,charge
call for cd,9,other/unknown
disposal of 7 c (10:00 am                                          ),9,other/unknown
for disposal (11:00 am                                          ),9,other/unknown
for filing vakalatnama,9,other/unknown
part  heard at  2.45 p.m.,8,other/unknown
awaing report of t.c,8,other/unknown
proclamation to cw,8,other/unknown
to  produce  death   certificate,8,other/unknown
attachment of moveabless,8,other/unknown
reserved for award,8,other/unknown
funish c.a of accused,8,other/unknown
for hearing in ia,8,interlocutory
for lcr and hearing,8,interlocutory
split up the case,8,other/unknown
dd,8,other/unknown
police paper (10:00 am                                          ),8,other/unknown
receipt of original case record,8,other/unknown
stayed by  higher court,8,interlocutory
filing of requisite  and app. of defendent,8,other/unknown
office to check,8,other/unknown
ex-party hearing (10:00 am                                          ),8,interlocutory
consolidated mv petition by the petitioner,8,other/unknown
s.r.and  p.a.,8,other/unknown
amendment carry out,8,other/unknown
awaited for defence wintness,8,other/unknown
for 342 crpc.,8,other/unknown
f . h.,8,other/unknown
taking fresh steps,8,other/unknown
further  exam of d.w.,8,other/unknown
appointment of a.p.p. / appearence,8,other/unknown
w/o id experte hearing,8,interlocutory
w/o and w/s.,8,other/unknown
styayed by higher court,8,other/unknown
submission of report,8,other/unknown
stayed by hon ble high court,8,interlocutory
verification (11.00 am                                          ),8,other/unknown
appearance (03:00 pm                                          ),8,service
awaiting notice (01.00 pm                                          ),8,service
not heard at 2.45 p.m. (11:00 am                                          ),8,other/unknown
dv cases (11:00 am                                          ),8,other/unknown
notice_unready (2.45pm                                            ),8,service
hearing (3.30 pm    ),8,interlocutory
steps_unready (10:00 am                                          ),8,other/unknown
charge (1:00 pm                                           ),8,charge
steps (03.00 pm                                          ),8,other/unknown
steps (12:00 am                                          ),8,other/unknown
dv cases (12:00 pm                                          ),8,other/unknown
n.b.w._unready (3.00pm                                            ),8,other/unknown
r and p call,8,other/unknown
cross of pw1 (11:00 am                                          ),8,evidence
say / hearing on exh____unready,8,interlocutory
filing say on exh..... (unready),8,other/unknown
nbw (12.00 pm                                          ),8,service
await commissioner repot,8,other/unknown
framing of charge or  plea (02:45 pm                                          ),8,charge
awaiting warrant (12:00 noon                                        ),8,service
crl.m.p. pending,8,other/unknown
say of dhr,8,other/unknown
judicial custody,8,other/unknown
hearing exh -ready board,8,interlocutory
nbw to accused (12.00 pm                                          ),8,service
appearance of accussed (03:00 pm                                          ),8,service
f/l/w,8,other/unknown
await commission report,8,other/unknown
notice_unready (01:00 pm                                          ),8,service
p. f.,8,other/unknown
hearing of int. appln.  reply to exh.,8,interlocutory
cross examination of pet (11:00 am                                          ),8,evidence
objection (11.00 am                                          ),8,interlocutory
amendment (morning session                                   ),8,other/unknown
objection to c/r,8,interlocutory
office objections,8,interlocutory
nbw (11.00 am to 02.00pm                               ),8,service
nbw (02.45 pm to 05.45pm                               ),8,service
engage counsel,8,other/unknown
for compliance (11.00 am                                          ),8,other/unknown
furnish correct address,8,other/unknown
attachment warrant (11.00 am                                          ),8,service
call for t.c.r,8,other/unknown
pay postage charges,8,charge
notice (11.00 am to 02.00pm                               ),8,service
movable warrant,8,service
addl written statement,8,interlocutory
for sale proclomation,8,other/unknown
plaintiff further evidance,8,other/unknown
amendment of petitioner,8,other/unknown
for proclomation under section 82 and 83,8,other/unknown
written statement (11.00 am                                          ),8,interlocutory
return for curing defect.,8,other/unknown
await noitice,8,other/unknown
service report..,8,service
notice of accusation (10:00 am                                          ),8,service
directed to deliver the property,8,other/unknown
for b.c.f,8,other/unknown
hearing (1pm-2pm                                           ),8,interlocutory
kept in abeyance,8,other/unknown
w/s and vokalatnama.,8,other/unknown
produce accused on,8,other/unknown
cross of plaintiff witness,8,evidence
report on delivery,8,other/unknown
appearance of accused (10:00 am                                          ),8,service
balance statement not correct,8,other/unknown
last chance,8,other/unknown
for further payment,8,other/unknown
m.o.,8,other/unknown
evidance of the complainant,8,other/unknown
produce the ward,8,other/unknown
313 cr. p c statement,8,evidence
pw and i.o.,8,other/unknown
for hearing of app,8,interlocutory
for production of ward,8,other/unknown
report (10am-11am                                         ),8,other/unknown
for filling court fee,8,other/unknown
for abp,8,other/unknown
awaiting for case record,8,other/unknown
filing court fee stamp,8,other/unknown
awating for tamila/ notice,8,service
awaiting lower court record,8,other/unknown
awating for nazarat notice/ report,8,service
pending for cognizance,8,other/unknown
appereance (12.00 am                                          ),8,other/unknown
awating sr of notice,8,service
hearing and call for l.c.r.,8,interlocutory
for filling registry notice,8,service
service pending-notice,8,service
service of non-bailable warrant (10:00 am                                          ),8,service
compliance (12.00pm                                           ),8,other/unknown
compliance (16:00                                             ),8,other/unknown
service of non-bailable warrant (),8,service
arguement on questions of charge,8,arguments
awaited for petitioner,8,other/unknown
consumer for report,8,other/unknown
awaiting for applicant,8,other/unknown
m.o & c.e report,8,other/unknown
ws by op1 and sr of op2,8,other/unknown
awaiting of lcr,8,other/unknown
awaiting r / p,8,other/unknown
lcr hearing,8,interlocutory
for filing service affidavit,8,service
cosideration of service,8,service
hearing of cma,8,interlocutory
civil awaiting plaintiff/defendant,8,other/unknown
"ex-parte 1,2",8,other/unknown
filing of list of wittness and documents if any,8,other/unknown
l.c.r (10:00 am                                          ),8,other/unknown
for 202 of cr.p.c.,8,other/unknown
awaiting c.e. report (10:00 am                                          ),8,other/unknown
property statement,8,other/unknown
civil for objections,8,interlocutory
disposal (10:00 am                                          ),8,other/unknown
objection/disposal (11:00 am                                          ),8,interlocutory
admitted and date fix for charge,8,charge
for disposal (10:00 am                                          ),8,other/unknown
warrants of possession,8,service
rebutal (10:00 am                                          ),8,other/unknown
apperance and report,8,other/unknown
"showcause, written objection, hearing",8,interlocutory
appr. and filing w/s,8,other/unknown
steps and written statement,8,interlocutory
news paper publication,8,other/unknown
202 statement (11:00 am                                          ),8,other/unknown
fixing of trial date,8,other/unknown
discovery of documents,8,other/unknown
written statement / additional w.s.,8,interlocutory
"discovery, inspection framing of issuses",8,charge
removing defects,8,other/unknown
interogatary,8,other/unknown
appearnce and er of w/a,8,other/unknown
w/o and s/r,8,other/unknown
steps upon defendants,8,other/unknown
for closing pursis of opponent,8,other/unknown
filing challans,8,other/unknown
commissioner's cost,8,other/unknown
filing amendment plaint,8,other/unknown
e.r and  appearance,8,service
app & death report production,8,other/unknown
filing show cause by the petitioner,8,other/unknown
filing answer,8,other/unknown
hearing of the petition and w.o.,8,interlocutory
filing p.r,8,other/unknown
applicant apperance,8,other/unknown
appereanc/written statment,8,other/unknown
accused exammination,8,other/unknown
furnishing list of witnesses,8,evidence
address,8,other/unknown
wo and appearance,8,service
process to opponent (10:00 am   ),8,service
jawab dawa,8,other/unknown
recovery of fine,8,other/unknown
step by plantiff,8,other/unknown
presence of accuse,8,other/unknown
waiting documents,8,other/unknown
for reprt],8,other/unknown
stay by uper court,8,interlocutory
matter relating to hearing of interim application (02.00-03.00 pm                                    ),8,interlocutory
relevant papers,8,other/unknown
substance of accusation (10am to 1pm                                       ),8,other/unknown
charge (10.00 am                                          ),8,charge
surety (2pm to 5pm                                        ),8,other/unknown
charge (10am to 1pm                                       ),8,charge
process (11:00 am                                          ),8,service
project,8,other/unknown
compromise (10am to 1pm                                       ),8,other/unknown
for accused statement at 2.45 p.m.,8,other/unknown
special board,8,other/unknown
ia filed objection,8,interlocutory
amended plaint (10:00 am                                          ),8,other/unknown
agrument of exh. unready,8,other/unknown
cross examination of respondent/defendant,8,evidence
office calculation,8,other/unknown
for nbw,8,service
warrant to complainant,8,service
final decree applications,8,interlocutory
for preliminary hearing,8,interlocutory
appear for counseling,8,other/unknown
further d.w.s.,8,other/unknown
investigation officer (io),8,other/unknown
objection in ia,8,interlocutory
cognizance / issuance of process/ service (10:30                                             ),8,service
service of non-bailable warrant (03.30pm                                           ),8,service
appearance of accused (04.00pm                                           ),8,service
cross examiniation,8,evidence
awaiting sanction of p r,8,other/unknown
hearing on the appeal (10:00 am                                          ),8,interlocutory
filing of draft notice,8,service
filing of copy,8,service
depositing cost,8,other/unknown
substitution plaint,8,other/unknown
amendment hearing,8,interlocutory
p.w.s cross,8,evidence
"app, sr & death report",8,other/unknown
er/wa/app,8,other/unknown
compliance report,8,other/unknown
"amended plaint, w/o if any.",8,other/unknown
for reort,8,other/unknown
for commision report,8,other/unknown
proclomation (11:00 am                                          ),8,other/unknown
awaing report t.c.,8,other/unknown
appointment of app,8,other/unknown
313 staement,8,evidence
to pay duty and penality,8,other/unknown
cross examination of d.ws.,8,evidence
for issuance of process /service,8,service
appearence and report,8,other/unknown
further examination of witness in chief,8,evidence
call with cc.,7,other/unknown
production property.,7,other/unknown
stayed by supreme court.,7,interlocutory
report of forensic science laboratory,7,other/unknown
acquition,7,other/unknown
with cross case,7,evidence
deposit of probate duty,7,other/unknown
calculation sheet,7,other/unknown
for service proof affidavit,7,service
heari ng,7,other/unknown
assessment of duty money,7,other/unknown
awaiting intimation from  appelate court,7,other/unknown
"awaiting information for hon,ble court",7,other/unknown
com pr om ise,7,other/unknown
death report/ app.,7,other/unknown
upper court stay,7,interlocutory
stay by higher court,7,interlocutory
maintenance,7,other/unknown
"82, 83 proclamation",7,other/unknown
plea / particulars (02.30 - 03.30 pm                                  ),7,charge
hearing (12:00 noon ),7,interlocutory
charge (3.00pm                                            ),7,charge
unready board (4.30pm                                            ),7,other/unknown
filing of say on exh___unready (01.00 pm                                          ),7,other/unknown
say/hearing on exh  ready,7,interlocutory
compromise (11:00 am                                          ),7,other/unknown
notice_unready (12.00am                                           ),7,service
hearing (03:00 pm                                          ),7,interlocutory
n.b.w._ready (11:00 am   ),7,other/unknown
awaiting execution of service nbw (11:00 am                                          ),7,service
part  heard at  2.45p.m. (11:00 am   ),7,other/unknown
compliance (12.00 pm                                          ),7,other/unknown
steps_unready (4.00pm                                            ),7,other/unknown
hearing (12.00pm    ),7,interlocutory
say / hearing on exh____ready (10:00 am                                          ),7,interlocutory
ws of respondent,7,other/unknown
steps (afternoon session                                 ),7,other/unknown
framing of charge or  plea (2.45pm                                            ),7,charge
att/m/wrnt.,7,other/unknown
steps (02 pm                                             ),7,other/unknown
ss to accused (11:00 am                                          ),7,other/unknown
ple,7,other/unknown
steps (10 am                                             ),7,other/unknown
notice (03:00 pm                                          ),7,service
p.p.,7,other/unknown
awaiting r and p (2.45 pm                                           ),7,other/unknown
hearing on exh.____unready,7,interlocutory
reffered to lokadalath,7,other/unknown
framing of charge or  plea (12.00 pm                                          ),7,charge
notice_unready (12:00 noon                                        ),7,service
interim  hearing,7,interlocutory
await lcr (10:00 am                                          ),7,other/unknown
attachment warrant (11:00 am                                          ),7,service
varification,7,other/unknown
record and proceeding sent,7,other/unknown
chief of the respondent witness,7,evidence
await final  report,7,other/unknown
awit at/wt.,7,other/unknown
refer to l.a.,7,other/unknown
notice to jdr by rpad,7,service
a.d.r. hearing/efforts,7,interlocutory
framing of charge or  plea (4.15 pm to 5.45 pm                                ),7,charge
appearance of accussed (2.45 pm                                           ),7,service
split up cc,7,other/unknown
appearence of respt,7,other/unknown
notiece to  respondent/surety,7,other/unknown
to hear about settlement,7,other/unknown
for enquiry (02.45 pm to 05.45pm                               ),7,other/unknown
for ws and objections by,7,interlocutory
enquiry on application,7,interlocutory
sworn statement (11:00 am                                          ),7,other/unknown
objections to i.a,7,interlocutory
recouncillation,7,other/unknown
for amendment  of plaint,7,other/unknown
address to cjm,7,other/unknown
produce e c and d s d,7,other/unknown
produce all accused,7,other/unknown
meadiation,7,other/unknown
flw to respt,7,other/unknown
first hearing (11:00 am                                          ),7,interlocutory
objections (11.00 am                                          ),7,interlocutory
furnish documents,7,other/unknown
to hear by (2.45 clk                                          ),7,other/unknown
notice to the witness,7,evidence
acknowledgement,7,other/unknown
s.b.p.h (steps before preliminery hearing),7,interlocutory
examination of process server.,7,evidence
appearance (01.30 pm                                          ),7,service
for schedule,7,other/unknown
production to paper publication.,7,other/unknown
pp prays.,7,other/unknown
further cross of p.w.s.,7,evidence
further steps.,7,other/unknown
evidance of i.o,7,other/unknown
hearing on the point of admission,7,interlocutory
call for case diary,7,other/unknown
awaiting oder of mediation board,7,other/unknown
p and a report,7,other/unknown
w.o.  and hearing,7,interlocutory
awating procecution report,7,other/unknown
r and p (ready),7,other/unknown
hearing on the amendment petition,7,interlocutory
acceptance of f f,7,other/unknown
appearence (01.00pm                                           ),7,other/unknown
awaiting certificate from legal aid,7,other/unknown
concilition,7,other/unknown
awaiting proof of marriage,7,other/unknown
prerliminary hearing,7,interlocutory
mo and io,7,other/unknown
next proceeding,7,other/unknown
awating  l.c.r.,7,other/unknown
cognizance / issuance of process/ service (10:30 am                                          ),7,service
appearance of accused (10.30am                                           ),7,service
framing of charge/ plea (12:30                                             ),7,charge
reply of application/ steps by parties (11.00am                                           ),7,interlocutory
reply of application/ steps by parties (11.30am                                           ),7,interlocutory
compliance (10:30                                             ),7,other/unknown
compliance (11.30am                                           ),7,other/unknown
chief continuation,7,other/unknown
gua. and succ. for objection,7,interlocutory
crpc 488 service to other side,7,service
charge-,7,charge
supply of police papers,7,other/unknown
for removal of defects,7,other/unknown
awaiting m.o's,7,other/unknown
awaiting non applicants,7,other/unknown
removal of defect (10:00 am                                          ),7,other/unknown
s/r & filing of counter (11:00 am                                          ),7,other/unknown
filing-show-cause,7,other/unknown
consumer awaiting defendant,7,other/unknown
proof of marriage,7,other/unknown
payment of court fee,7,other/unknown
filing of fresh petition,7,other/unknown
filling original documenmts..,7,other/unknown
production of m.o.,7,other/unknown
parties,7,other/unknown
extra party witness,7,evidence
awaiting appeallant,7,other/unknown
313 crpc.,7,evidence
for exmaination of wittnesses,7,other/unknown
consideration on notice of accusation,7,charge
filing w/o by respondent 01 and s/r of responent 2,7,other/unknown
for awaiting commissioners report,7,other/unknown
for challan,7,other/unknown
awaiting receipt of challan,7,other/unknown
deposit of police cost,7,other/unknown
sdr report,7,other/unknown
filing draft notice for paper pablication,7,service
original challan,7,other/unknown
6 c-2 objection/disposal,7,interlocutory
251 cr.p.c.,7,other/unknown
appearnce and charge,7,charge
written. objection,7,interlocutory
for report police inquiry (11:00 am   ),7,other/unknown
initial diposition,7,other/unknown
amended cause title and taking steps,7,other/unknown
for amended plaint and takang steps by the plff.,7,other/unknown
report in final form,7,other/unknown
diposal,7,other/unknown
petition hearing.,7,interlocutory
call for documents,7,other/unknown
filing copy of challan,7,service
for hearing on admission,7,interlocutory
e.r. of w.w.a,7,other/unknown
exparte vacating petition,7,other/unknown
hearing of the injunction petition,7,interlocutory
written.objection,7,interlocutory
for ex-party evidance,7,other/unknown
for amendment application,7,interlocutory
document submit,7,other/unknown
for futher proceeding,7,other/unknown
documents and hearing,7,interlocutory
for filing amended plaint,7,other/unknown
original document,7,other/unknown
examination in chief by plantiff,7,evidence
pws / dws,7,other/unknown
filing of reply by o.p.,7,interlocutory
matter relating to hearing of interim application (02 pm                                             ),7,interlocutory
interim hering,7,interlocutory
s.a./surety (2pm to 5pm                                        ),7,other/unknown
statement on oath,7,other/unknown
further proceeding and  final hearing,7,arguments
cross (10am to 1pm                                       ),7,evidence
for cancellation,7,other/unknown
commissioner report (11:00 am                                          ),7,other/unknown
report (12.00 pm                                          ),7,other/unknown
313 crpc statement cases at 2.45 p.m.,7,evidence
steps_unready (3.00pm                                            ),7,other/unknown
hearing (2.30 pm    ),7,interlocutory
court commissioner warrant.,7,service
i. o. report,7,other/unknown
sale notice,7,service
cross-examination (11:00 am                                          ),7,evidence
steps against r2,7,other/unknown
for fixing reserve  price,7,other/unknown
proclamation (03:00 pm                                          ),7,other/unknown
produce death certificate,7,other/unknown
further production of ward,7,other/unknown
statement/defence,7,other/unknown
for objection and hearing in ea,7,interlocutory
report from commissioner... (1pm-2pm                                           ),7,other/unknown
statement of account,7,other/unknown
final form accepted,7,other/unknown
awating for l.c.r,7,other/unknown
awaiting report (14:30                                             ),7,other/unknown
cognizance / issuance of process/ service (10:00 am                                          ),7,service
appearance of accused (14:00                                             ),7,service
reply application,7,interlocutory
service of non-bailable warrant (11.30am                                           ),7,service
awaiting production,7,other/unknown
filing of substep,7,other/unknown
priliminary statement,7,other/unknown
examination for accused,7,evidence
awating report_,7,other/unknown
production of jcl/ccl,7,other/unknown
awaiting p.a.,7,other/unknown
awaiting for correct address,7,other/unknown
service of copy rejoinder by the o.p without fail,7,service
witness of defendent,7,evidence
dismissed for non prosecution,7,other/unknown
charge or plea,7,charge
commission fee,7,other/unknown
app and e/r of w/w/a,7,other/unknown
appearance and production,7,service
discovery & inspection,7,other/unknown
for fresh steps,7,other/unknown
stayed by honble high court (10:00 am                                          ),7,interlocutory
register,7,other/unknown
cross examination of plaintiff,7,evidence
for arguement of  opponant,7,arguments
steps (11.30 am                                          ),7,other/unknown
statement 313 cr.p.c.,7,evidence
n.b.w._unready (3.30 pm    ),7,other/unknown
n.b.w._unready (10:00 am   ),7,other/unknown
steps_unready (03.45 pm                                          ),7,other/unknown
reminder to court commissioner,7,other/unknown
amendment (10:00 am                                          ),7,other/unknown
notice to op,7,service
further d.w.s,7,other/unknown
filing of cost,7,other/unknown
supply of copies of police paper,7,other/unknown
criminal statement /us.  342 cr.pc,7,other/unknown
handwriting expert report,7,other/unknown
awaiting disposal,7,other/unknown
addl.written statement (10:00 am                                          ),7,interlocutory
cross of defendent,7,evidence
produced property,7,other/unknown
requiest,7,other/unknown
cases kept for hearing,6,interlocutory
o.xv-a case management hearing,6,interlocutory
for affidavit..,6,other/unknown
awair records,6,other/unknown
service return and objection hearing.,6,service
for e/r,6,other/unknown
stayed by honble high hourt,6,interlocutory
age determination,6,other/unknown
appeal-i,6,other/unknown
awaiting for intimation,6,other/unknown
proof of p.p,6,other/unknown
awaiting report (03.00pm                                           ),6,other/unknown
filing fresh step for issuance of notice,6,service
cr oss exam in ation dw,6,other/unknown
ex-party disposal,6,other/unknown
examination of p.w.1,6,evidence
appearence and death report,6,other/unknown
steps as l.c special chance,6,other/unknown
submission of commissioner report,6,other/unknown
for closing pursis of  complainant,6,other/unknown
chart of partion,6,other/unknown
say hearing on exh. ready,6,interlocutory
notice ready (10:00 am   ),6,service
steps_unready (12.00 - 01.00 pm                                  ),6,other/unknown
preparation of paper book (12.00 - 01.00 pm                                  ),6,other/unknown
compliance (11.00 am                                          ),6,other/unknown
notice_unready (01.00 pm                                          ),6,service
awaiting notice (12.00 - 01.00 pm                                  ),6,service
depositing amount (10:00 am                                          ),6,other/unknown
hearing (12:30 pm                                          ),6,interlocutory
awaiting warrant (1:00 pm                                           ),6,service
steps_unready (12:00 am                                          ),6,other/unknown
awaiting notice (2:30 pm                                           ),6,service
n.b.w._ready (2.45pm                                            ),6,other/unknown
awaiting warrant (10:00 am   ),6,service
steps (01:00 pm   ),6,other/unknown
b.w._unready (01.00 pm                                          ),6,other/unknown
lok-nyayalaya (11:00 am   ),6,other/unknown
ex_party hearing (11:00 am                                          ),6,interlocutory
stayed by district court (11:00 am                                          ),6,interlocutory
n.b.w._ready (10:00 am   ),6,other/unknown
salary particulars,6,other/unknown
r and p,6,other/unknown
objection to memo,6,interlocutory
accused in judicial custody,6,other/unknown
referred to lokadalat.,6,other/unknown
report (13.00 to 14.00                                    ),6,other/unknown
plea (03.00 pm                                          ),6,charge
payment of paper book charges (2.45 pm                                           ),6,charge
docuemnts,6,other/unknown
for suretiy,6,other/unknown
nbw (01.00 pm                                          ),6,service
hearing (afternoon session                                 ),6,interlocutory
mediation.,6,other/unknown
appearance of party (12:00 pm                                          ),6,service
payment of stamp duty,6,other/unknown
steps (3 pm                                              ),6,other/unknown
paper book (11:00 am                                          ),6,other/unknown
examination of complianant witness,6,evidence
cross of pw (11:00 am                                          ),6,evidence
await property particulars,6,other/unknown
notice_unready (03.45 pm                                          ),6,service
affidavit of service (10:00 am                                          ),6,service
any other,6,other/unknown
high court time limit- at 11.00 a.m.,6,other/unknown
payment of process,6,service
attachment warrant of movables.,6,service
further corss of pw/dw,6,other/unknown
referred to counseller,6,other/unknown
s s to defendants,6,other/unknown
s/s to accused,6,other/unknown
flw to resondent,6,other/unknown
for objection (02.45 pm to 05.45pm                               ),6,interlocutory
re-joinder,6,other/unknown
a.d.r. civil,6,other/unknown
for amended plaint copy,6,service
fixed date for trial,6,other/unknown
call on (12:00 pm                                          ),6,other/unknown
nbw to accused (1:00 pm                                           ),6,service
notice to respondants,6,service
call on (11:00 am to 02:00 pm                              ),6,other/unknown
report of mediation centre,6,other/unknown
objections to  i a,6,interlocutory
call on (11.00 am to 02.00pm                               ),6,other/unknown
framing of charge or  plea (2.45 pm                                           ),6,charge
nbw to accused and notice to sureties,6,service
complaiance,6,other/unknown
for issuance of process / service (12.00 pm                                          ),6,service
notice on i.a,6,service
nbw to accused (3.00 pm                                           ),6,service
enquiry on ia u/o xxxix rule 2a,6,interlocutory
for witness warrant,6,evidence
lokadlath,6,other/unknown
notice (11 am to 12.30 pm                                 ),6,service
b/w to cws,6,other/unknown
referred to lokadalath,6,other/unknown
carry out the consequential amendment,6,other/unknown
additional written statement (11.00 am                                          ),6,interlocutory
enquirty,6,other/unknown
notice (1:00 pm                                           ),6,service
attachment of movebles,6,other/unknown
await (11.00 am                                          ),6,other/unknown
produce publication,6,other/unknown
isue rule 37 notice,6,service
service report - ws,6,service
await fsl report,6,other/unknown
consideration of charge (11:00 am                                          ),6,charge
objection (1pm-2pm                                           ),6,interlocutory
put up.,6,other/unknown
notice to complainant and counsel,6,service
documents (1pm-2pm                                           ),6,other/unknown
s.b.p.h,6,other/unknown
for valuation certificate,6,other/unknown
payment (10:00 am                                          ),6,other/unknown
depositing execution cost,6,other/unknown
m.o. and i.o.,6,other/unknown
s.r./w.s./appearance,6,service
draft sale proclamation,6,other/unknown
notice petitioner/complainant,6,service
application for impleadment,6,charge
payment (11:00 am                                          ),6,other/unknown
hearing as last chance,6,interlocutory
preparation of kabala.,6,other/unknown
filing of requisites and app of defendant,6,other/unknown
soleman affirmation (sa),6,other/unknown
filing of requisites by complainant,6,other/unknown
copy -,6,service
solemn affirmation (s.a.),6,other/unknown
awaiting report of forensic science,6,other/unknown
sd/arg,6,other/unknown
appearence (11.00am                                           ),6,other/unknown
reply/sa,6,interlocutory
commitment of the case,6,other/unknown
charg,6,other/unknown
awaring r  p lower court,6,other/unknown
compliance (11:30 am                                          ),6,other/unknown
reply of application/ steps by parties (02.30pm                                           ),6,interlocutory
vakalat,6,other/unknown
reply of application/ steps by parties (10:00 am                                          ),6,interlocutory
awaiting report (01.00pm                                           ),6,other/unknown
reply of application/ steps by parties (04.00pm                                           ),6,interlocutory
framing of charge/ plea (11.00am                                           ),6,charge
cognizance / issuance of process/ service (11.00am                                           ),6,service
appearance of accused (10:00                                             ),6,service
service pending (2:00 pm                                           ),6,service
check and call on,6,other/unknown
consumer for objections,6,interlocutory
awating lcr & hearing,6,interlocutory
show cause by op,6,other/unknown
awaiting respondent),6,other/unknown
crpc 488 record,6,other/unknown
awaiting  s.r.,6,other/unknown
hearing and cognizance,6,interlocutory
further proceedings (s and g),6,other/unknown
awaiting plaintiff adv.,6,other/unknown
l.c.r (11:00 am                                          ),6,other/unknown
filing of power,6,other/unknown
sr and pa of op2,6,other/unknown
hearing on the limitation petition,6,interlocutory
filling of w/s,6,other/unknown
for hearing on office note,6,interlocutory
ia / ea pending / cmp pending / crp pending / cma pending (11:00 am                                          ),6,interlocutory
hearing of the case.,6,interlocutory
service of copy of plaint,6,service
charge .,6,charge
awating original case record,6,other/unknown
awaited for appearence of plaintiff,6,other/unknown
rest payment,6,other/unknown
appearnce of accused,6,other/unknown
for appearance of parties/advocates (11:00 am                                          ),6,service
for examination of witnesses (12 pm                                             ),6,evidence
awaiting report (11:00 am                                          ),6,other/unknown
contempt,6,other/unknown
conditional warrant of arrest(non payment of maintenance),6,service
payment verification,6,other/unknown
sr & payment,6,other/unknown
"hearing of petition,w.o. in the meantime",6,interlocutory
sr and sw,6,other/unknown
confession,6,other/unknown
report of the mediator,6,other/unknown
filing w/ s and w/ o,6,other/unknown
sr / ad/ appearance,6,service
appearance  and amp  charge,6,charge
sent to mediation,6,other/unknown
taking steps,6,other/unknown
hearing of petition and w/s,6,interlocutory
filing copy of challans,6,service
show-cause of the petitioner,6,other/unknown
e.r and appearance,6,service
process to accused (11:00 am                                          ),6,service
process to accused (13:00 pm   ),6,service
for trial  program,6,other/unknown
enquiry report,6,other/unknown
for midiation and counselling/section 89 cpc,6,other/unknown
for award,6,other/unknown
further date,6,other/unknown
transferred to other court,6,other/unknown
fine,6,other/unknown
l.c.record,6,other/unknown
written statement by op,6,interlocutory
mudamal,6,other/unknown
wait for warrant report,6,service
case to wait,6,other/unknown
setteling,6,other/unknown
warant report,6,other/unknown
intrim application for reply,6,interlocutory
for evidance before charge,6,charge
hearing on injunction application (10:00 am   ),6,interlocutory
non-applicant evidance,6,other/unknown
awating punishment warrant,6,service
cross-examination of witness,6,evidence
charge (c.c),6,charge
points for  determination,6,other/unknown
matter relating to hearing of interim application (03 pm                                             ),6,interlocutory
filing p.w. list,6,other/unknown
examination of complainant,6,evidence
r and p .. ready,6,other/unknown
filing rejoinder.,6,other/unknown
trial. (2pm to 5pm                                        ),6,other/unknown
verification (10am to 1pm                                       ),6,other/unknown
production of additional documents and additional,6,other/unknown
statement of cc,6,other/unknown
auction.,6,other/unknown
awaiting warrant (01:00 pm                                          ),6,service
high court expdt.,6,other/unknown
cross of mw,6,evidence
a d r,6,other/unknown
"await c/r.,",6,other/unknown
hearing (12.30 pm to 2 pm                                  ),6,interlocutory
objections (11.00 am to 02.00pm                               ),6,interlocutory
further chief of defendant side,6,other/unknown
arrest warrant against jdr,6,service
for vc and ec,6,other/unknown
take 82 steps against witness,6,evidence
case committed to court of session on commitment,6,other/unknown
reply of application,6,interlocutory
cognizance / issuance of process/ service (11.30am                                           ),6,service
attachment/ arrest/garnishee proceedings (12-01 pm                                          ),6,other/unknown
reply of application/ steps by parties (16:00                                             ),6,interlocutory
appearance of accused (16:30                                             ),6,service
proclamation under section 82-83 cr.p.c. (),6,other/unknown
"awaiting intimation from odisha high court,cuttack",6,other/unknown
for  statement,6,other/unknown
payment of balance dues,6,other/unknown
filing of consolidated petition,6,other/unknown
removal of defect on counter claim,6,other/unknown
filling of original documents,6,other/unknown
consideration of s/r,6,charge
dropped,6,other/unknown
collector report,6,other/unknown
exparte arguement,6,arguments
amended copy of plaint,6,service
filing calculation sheet,6,other/unknown
stay upper court,6,interlocutory
cross of d.ws,6,evidence
contest,6,other/unknown
examination of complianants witness-19,6,evidence
not heard cases at 2.50 p.m. (11:00 am                                          ),6,other/unknown
suit dismissal,6,other/unknown
nbw to respondant,6,service
for body warrant,6,service
cma pending,6,other/unknown
to file memo of calculation.,6,other/unknown
for settlement (11:00 am                                          ),6,other/unknown
produce cws,6,other/unknown
cross exam. of defendant witness,6,evidence
enquiry on 202 crpc..,6,other/unknown
stay from higher court (11:00 am                                          ),6,interlocutory
for alert before action,6,other/unknown
aditonal written statement,6,interlocutory
draft of new paper publication,6,other/unknown
report under section 202 crpc,6,other/unknown
proclomation (11:00 am   ),6,other/unknown
b.w._ready (12.00 pm                                          ),6,other/unknown
supreme/high court expedited,6,other/unknown
service of copy of ws,6,service
appearance and farming,6,service
inchief,6,other/unknown
fixing,6,other/unknown
claim statement and counter statement,6,other/unknown
"part heard, expdt at 2.45 p.m.",5,other/unknown
to furnish amended plaint,5,other/unknown
special a.p.p.,5,other/unknown
closed,5,other/unknown
further cross of dw,5,evidence
"for clarification,",5,other/unknown
to file necessary application,5,interlocutory
bringing l.r,5,other/unknown
"final form, supplimentry",5,other/unknown
surrender,5,other/unknown
intimation from honble court,5,other/unknown
awaiting intimation from consolidation authority,5,other/unknown
probate duty money,5,other/unknown
w.s (11:00 am                                          ),5,other/unknown
for w.s & p.a,5,other/unknown
report of death certificate,5,other/unknown
servay report,5,other/unknown
death report and for appearance,5,service
"filing of rc/ad, copies",5,other/unknown
awaiting lc report,5,other/unknown
filing account statement,5,other/unknown
hearing of petition as l.c,5,interlocutory
further cross-exam of d.w.,5,evidence
hearing of the appeal,5,interlocutory
cross examination of o.p,5,evidence
reply regarding interrogatory,5,interlocutory
verification (12.00 pm                                          ),5,other/unknown
awaiting r and p (11:00 am                                          ),5,other/unknown
amended plaint (11.00 am                                          ),5,other/unknown
committed to the court of session,5,other/unknown
unready board (2.45pm                                            ),5,other/unknown
stayed by district court (10:00 am   ),5,interlocutory
b.w._ready (10:00 am                                          ),5,other/unknown
list of witness (12.00 pm                                          ),5,evidence
awaiting execution of service nbw (1:00 pm                                           ),5,service
awaiting report (11:00 am   ),5,other/unknown
awaiting notice (3.00pm                                            ),5,service
hearing without w.s. (11:00 am                                          ),5,interlocutory
filing of say on exh___unready (3.00pm                                            ),5,other/unknown
hearing (02.30 - 03.30 pm                                  ),5,interlocutory
b.w._unready (10:00 am                                          ),5,other/unknown
awaiting r and p (01.00 pm                                          ),5,other/unknown
w.s. and say (11:00 am                                          ),5,other/unknown
for steps (11:00 am   ),5,other/unknown
verification (01.00 pm                                          ),5,other/unknown
report (02.30 - 03.30 pm                                  ),5,other/unknown
n.b.w._unready (12.00 - 01.00 pm                                  ),5,other/unknown
filing surety,5,other/unknown
consideration of charges  (10:00 am                                          ),5,charge
pay particulars,5,other/unknown
hbc (12.00 pm                                          ),5,other/unknown
for complie,5,other/unknown
appearance of accussed (02:45 pm                                          ),5,service
post acknowlegment,5,other/unknown
evidance of affidevit / documents and witness list,5,evidence
hearing without w.s. (10:00 am                                          ),5,interlocutory
filing of say on exh___unready (10:00 am                                          ),5,other/unknown
hearing (10 am                                             ),5,interlocutory
nm replyrejoinder (11:00 am                                          ),5,interlocutory
c/s  hearing (11:00 am                                          ),5,interlocutory
hearing without ws/say,5,interlocutory
await report (12.00 pm                                          ),5,other/unknown
plea (11:00 am                                          ),5,charge
steps_unready (01:00 pm                                          ),5,other/unknown
steps (03.45 pm                                          ),5,other/unknown
steps (01:00 pm                                          ),5,other/unknown
charge (2.45 pm                                           ),5,charge
nm for hearing (10:00 am                                          ),5,interlocutory
meditition report,5,other/unknown
additional issuse,5,other/unknown
cross of petitioner      at 2.45 p.m.,5,evidence
e.a pending.,5,other/unknown
neat copy of plaint,5,service
a/warrant (2.45 pm                                           ),5,service
await notice of jdr,5,service
f/steps,5,other/unknown
fixing date of trail (02:45 pm                                          ),5,other/unknown
arrest notice (11:00 am                                          ),5,service
a/w/immovable to jdr,5,other/unknown
for steps (11.00am                                           ),5,other/unknown
to file vokalath,5,other/unknown
jc extended,5,other/unknown
written statement not filed,5,interlocutory
furnish surety by,5,other/unknown
apperance of accused (11:00 am                                          ),5,other/unknown
written statement filed,5,interlocutory
framing of charge or  plea (11.00 am                                          ),5,charge
compliance of sec.89 cpc,5,other/unknown
for framing charges,5,charge
p.f.,5,other/unknown
for complience,5,other/unknown
framing of charge or  plea (2.45 clk                                          ),5,charge
apperance of accused (01.00 pm                                          ),5,other/unknown
hearing (1:00 pm                                           ),5,interlocutory
produce  d.s.p.,5,other/unknown
commission warrant/report,5,service
surety notice,5,service
for draft pp,5,other/unknown
for attachment/arrest/garnishee proceedings (11.00 am                                          ),5,other/unknown
for appearance of parties/ advocates (11.00 am                                          ),5,service
appearance of accussed (2:00 pm                                           ),5,service
payment of balance amount,5,other/unknown
to produce document,5,other/unknown
notice (12.30 pm to 2 pm                                  ),5,service
accussed statement under sec 313 crpc,5,evidence
for calculation,5,other/unknown
for filing written statement (11.00 am                                          ),5,interlocutory
notice (1.00 pm                                           ),5,service
for reporting settlement,5,other/unknown
produce d.s.p.,5,other/unknown
for depositing cb and sb.,5,other/unknown
objection hearing (1pm-2pm                                           ),5,interlocutory
further enquary,5,other/unknown
lower court record and service report,5,service
cure defect,5,other/unknown
paper publication produced await report affixture,5,other/unknown
for counselling and reports,5,other/unknown
counselling report,5,other/unknown
w.o and hearing,5,interlocutory
steps before preliminary hearing (s.b.p.h)),5,interlocutory
production of accused and pw,5,other/unknown
discovery and admission,5,other/unknown
objection and  hearing,5,interlocutory
for bcf,5,other/unknown
for recording plea of the accused,5,charge
considration (10:00 am                                          ),5,other/unknown
report from commissioner... (11am-12am                                         ),5,other/unknown
hearing (2pm-3pm                                           ),5,interlocutory
appearance  report,5,service
list of witness by parties,5,evidence
await fsi report,5,other/unknown
nbw...,5,service
for recording statement of accused.,5,evidence
examination of process server,5,evidence
appearance (4pm-5pm                                           ),5,service
show cause reply,5,interlocutory
s/r and no,5,other/unknown
service report and ws (11:00 am                                          ),5,service
consideration of charge c.c,5,charge
dws affidavit,5,other/unknown
hearing for cognizance,5,interlocutory
hearing of final form,5,interlocutory
filling notice format for publication in the newsp,5,service
awaiting for mediation report.,5,other/unknown
w/s and w/o,5,other/unknown
for publication,5,other/unknown
appearence (02.30pm                                           ),5,other/unknown
appearence (12.30pm                                           ),5,other/unknown
for sheristedar report,5,other/unknown
charge frame,5,charge
89 cr.p.c.,5,other/unknown
awaiting records (11:30                                             ),5,other/unknown
service of non-bailable warrant (14:30                                             ),5,service
written statement (12:30                                             ),5,interlocutory
appearance of parties/ advocates (10:30 am                                          ),5,service
hearing on admission (12:30                                             ),5,interlocutory
awaiting report (12.30pm                                           ),5,other/unknown
awaiting report (11.00am                                           ),5,other/unknown
framing of charge/ plea (01.00pm                                           ),5,charge
reply of application/ steps by parties (10:30 am                                          ),5,interlocutory
awaiting report (13:00                                             ),5,other/unknown
hearing on admission (11:30                                             ),5,interlocutory
reply of application/ steps by parties (10:00                                             ),5,interlocutory
framing of charge/ plea (11.30am                                           ),5,charge
awaiting adr reports (),5,other/unknown
cognizance / issuance of process/ service (12.00pm                                           ),5,service
check and report,5,other/unknown
for filing of w/s,5,other/unknown
charge),5,charge
office check (11:00 am                                          ),5,other/unknown
awaiting lcr & case diary,5,other/unknown
for filing of show cause.,5,other/unknown
for substitution,5,other/unknown
removal of defects (11:00 am                                          ),5,other/unknown
awaiting proforma defendant,5,other/unknown
premilinary arguement,5,arguments
criminal awaiting applicant,5,other/unknown
compliant awaiting accused,5,other/unknown
arranging of counsel,5,other/unknown
dism issed,5,other/unknown
filing of consolidate plaint,5,other/unknown
filing of show-cause and fresh steps,5,other/unknown
awaiting c.e.report and m.os.,5,other/unknown
execution of n.b.w stayed,5,interlocutory
for supply fo p.p,5,other/unknown
for filing of counter,5,other/unknown
lok- adalat,5,other/unknown
mact awaiting nonapplicant,5,other/unknown
mediation cell,5,other/unknown
awaiting plaintiff/petitioner,5,other/unknown
awaited for party/parties,5,other/unknown
objection in application,5,interlocutory
consolidated petition,5,other/unknown
filing of counter by r-1 & r-2,5,other/unknown
abated,5,other/unknown
hearing on limitation petition,5,interlocutory
hearing u/o 10 rule 1 cpc,5,interlocutory
filing of postal requisites,5,other/unknown
hearing on valuation,5,interlocutory
remand to jail custody,5,other/unknown
filing substitution,5,other/unknown
appearence and production of accused,5,other/unknown
received by transfer,5,other/unknown
awaiting for records,5,other/unknown
awaing report of t.c. (11:00 am                                          ),5,other/unknown
appeal,5,other/unknown
awaited for decree holder,5,other/unknown
witness awaiting,5,evidence
disposal of others appl.,5,other/unknown
put up with office report,5,other/unknown
for commissioners reports,5,other/unknown
awaiting report of local commisioner,5,other/unknown
w/o by the o.p.,5,other/unknown
appearance i.d. w/a,5,service
deposition,5,other/unknown
report of i.o,5,other/unknown
show cause by defendant / op,5,other/unknown
producation and appearance,5,service
for filing w/o,5,other/unknown
w.s as last chance,5,other/unknown
filing of statement of account,5,other/unknown
commissioner  039 s report,5,other/unknown
charge (12:00 pm                                          ),5,charge
filing d.c.f,5,other/unknown
d.c.f by the claimant /claimants and s/r,5,other/unknown
s/c by the complainant,5,other/unknown
hearing as last channce,5,interlocutory
e/r of s/w,5,other/unknown
filing news paper,5,other/unknown
appearance of intended ops,5,service
hearing of local inspection petition,5,interlocutory
steps and s/r and a/d,5,other/unknown
plea (11:00 am   ),5,charge
warrant of arrest (12:00 pm   ),5,service
hearing on interim relief (no fault liability) (10:00 am   ),5,interlocutory
appearance of op and w/s,5,service
notice to opponents (10:00 am   ),5,service
recoard abhilekh hetu,5,other/unknown
maintence,5,other/unknown
step by claimant,5,other/unknown
process to opponent (11:00 am                                          ),5,service
service of process (11:00 am   ),5,service
accused statements,5,other/unknown
recovery warrent,5,other/unknown
presence andwritten statement,5,interlocutory
"sr, wo and hearing",5,interlocutory
payment of money,5,other/unknown
matter relating to hearing of interim application (04 pm                                             ),5,interlocutory
for examination of parties,5,evidence
substance of accusation (2pm to 5pm                                        ),5,other/unknown
surety/s.a. (2pm to 5pm                                        ),5,other/unknown
313  statement (2pm to 5pm                                        ),5,evidence
written statement (2pm to 5pm                                        ),5,interlocutory
charge (2pm to 5pm                                        ),5,charge
cross (2pm to 5pm                                        ),5,evidence
164 cr.p.c. statement,5,other/unknown
appearance and reply (10am to 1pm                                       ),5,service
reporting settlement (2pm to 5pm                                        ),5,other/unknown
hearing (2pm to 5pm                                        ),5,interlocutory
settlement (10am to 1pm                                       ),5,other/unknown
furnishing surety (10am to 1pm                                       ),5,other/unknown
await warrants,5,service
for sureties,5,other/unknown
say (10am to 1pm                                       ),5,other/unknown
keep for consideration (11:00 am   ),5,charge
report (11:00 am   ),5,other/unknown
say / hearing on exh____ready (11:00 am   ),5,interlocutory
steps_unready (1:00 pm                                           ),5,other/unknown
for collection of warrant/awaiting report,5,service
n.b.w._ready (4:30 pm                                           ),5,other/unknown
amendment of plaint/petitions,5,other/unknown
await report from hon ble h.c.,5,other/unknown
industrial court time bound,5,other/unknown
stayed by honble high court (2.45 pm                                           ),5,interlocutory
hearing ready,5,interlocutory
nbw (morning session                                   ),5,service
a/w j.d.r.,5,other/unknown
for amendment/ amended plaint,5,other/unknown
amended plaint/petition/appeal,5,other/unknown
cross of pw1 and 2,5,evidence
complaint evidenc,5,other/unknown
for commission report (cr),5,other/unknown
for filing chief affidavit,5,other/unknown
cross examination of plaintiff/claimant witness (10.30 am                                          ),5,evidence
stay in force,5,interlocutory
further evidnce,5,other/unknown
awaiting correction in decree,5,other/unknown
awaiting records (15:00                                             ),5,other/unknown
styed by h c,5,other/unknown
appearance of accused (03.30pm                                           ),5,service
accused not present,5,other/unknown
attachment/ arrest/garnishee proceedings (3:00                                              ),5,other/unknown
reply of application/ steps by parties (10.30am                                           ),5,interlocutory
framing of charge/ plea (02.00pm                                           ),5,charge
enquiry & witness (10:00 am                                          ),5,evidence
filling of  court fee,5,other/unknown
awaiting chemical examination report,5,evidence
awaiting case record in ud 8/13,5,other/unknown
awaiting police report (11:00 am                                          ),5,other/unknown
awaiting for report of mediator,5,other/unknown
apllicant awaiting,5,other/unknown
awaiting intimation from the honourable court,5,other/unknown
for hearing on suit,5,interlocutory
expartee hearing,5,interlocutory
s.r & p.a (11:00 am                                          ),5,other/unknown
withdraw,5,other/unknown
filling of draft publication,5,other/unknown
hearing on final decree from the side of defendant,5,interlocutory
await of respondents,5,other/unknown
wait for original document,5,other/unknown
stay from hon'ble high court,5,interlocutory
quantum of sentence,5,other/unknown
filing requisit,5,other/unknown
filling of requisite,5,other/unknown
245 crpc,5,other/unknown
o.p.w s,5,other/unknown
to submitt decree money,5,other/unknown
for arguement of asscused,5,arguments
vasuli warant,5,other/unknown
neat copy,5,service
plea / particulars (10:00 am   ),5,charge
for hearing (1:00 pm                                           ),5,interlocutory
custody-hearing,5,interlocutory
hawker cases,5,other/unknown
cases at 4 00 pm,5,other/unknown
depositing amount (02.30 - 03.30 pm                                  ),5,other/unknown
for taking steps (10:00 am                                          ),5,other/unknown
applicant cross examination,5,evidence
notice to surity,5,service
respondent cross examination,5,evidence
filing of say on ex.,5,other/unknown
finally steps,5,other/unknown
cross of defendant.,5,evidence
proclamation attachment,5,other/unknown
hearing on ia (3.00 pm                                           ),5,interlocutory
for executing bond,5,other/unknown
produce dc,5,other/unknown
"pw, mo and io",5,other/unknown
evdence of defendant / op,5,other/unknown
postal stamp,5,other/unknown
matter stayed by high court,5,interlocutory
complience of plaintiff,5,other/unknown
criminal statement 342 cr.p.c,5,other/unknown
apperance/production_u,5,other/unknown
counsel,5,other/unknown
complaint,5,other/unknown
payment of cost and hearing,5,interlocutory
for next hearing (10:00 am                                          ),5,interlocutory
arraying of legal heirs,5,other/unknown
or der / ju dgem en t,5,other/unknown
for b w 10000 (11:00 am                                          ),5,other/unknown
steps by the plaintiff(s),5,other/unknown
app + charge,5,charge
f.h as last chance,5,other/unknown
cross-examination op.w.,5,evidence
filing review plaint,5,other/unknown
further avidence,5,other/unknown
437 crpc compliance,5,other/unknown
proclomation (12.00 pm                                          ),5,other/unknown
proclomation (11.00 am                                          ),5,other/unknown
stayed by honble high court (01.00 pm                                          ),5,interlocutory
stayed by honble high court (11.00 am                                          ),5,interlocutory
stayed matters at 11.00 am,5,interlocutory
expedite matter,5,other/unknown
hearing on counter claim,5,interlocutory
disposal of other appl. (11:00 am                                          ),5,other/unknown
for n b w (11:00 am                                          ),5,other/unknown
trial  ready (10am to 1pm                                       ),5,other/unknown
"hon'ble high court,stayed",5,interlocutory
call alongwith,5,other/unknown
hearing on fr,5,interlocutory
stay matter,5,interlocutory
awaiting warrant (03.45 pm                                          ),5,service
appearance and copy,5,service
for hearing charge,5,charge
further hearing of petition,5,interlocutory
p.h.(after charge)cases at 2.45 p.m.,4,charge
consquencial amendment,4,other/unknown
awaiting report of court commissioner/mediation,4,other/unknown
guardian ad-litem (ga),4,other/unknown
styed by hon039ble high court,4,other/unknown
repor_t,4,other/unknown
intimation from hon'ble court,4,other/unknown
l.c. r and hearing,4,interlocutory
stay continue,4,interlocutory
filing of calculation sheet,4,other/unknown
payment of cost and hearing of the suit,4,interlocutory
awaiting document,4,other/unknown
objection and hearing of petition,4,interlocutory
sustitution,4,other/unknown
filling of consideration appeal memo,4,charge
payment of rest amount,4,other/unknown
awaiting intimation in staying of the case,4,interlocutory
82/83 cr.p.c.,4,other/unknown
am en dm en t with in 7\ days,4,other/unknown
adjourn,4,other/unknown
for e/r of wpa,4,other/unknown
additional w. s.,4,other/unknown
for reduction,4,other/unknown
verification (11:00 am   ),4,other/unknown
verification (10:00 am   ),4,other/unknown
appearance (02:00 pm                                          ),4,service
filing of say on exh___ready (3:30 pm                                           ),4,other/unknown
ragistration of birth,4,other/unknown
amended plaint (3.30pm                                            ),4,other/unknown
n.b.w._unready (03.30 pm                                          ),4,other/unknown
hearing (01:00 pm   ),4,interlocutory
b.w._unready (01:00 pm                                          ),4,other/unknown
say / hearing on exh____ready (11.00 am                                          ),4,interlocutory
securitisation cases at 2.45 pm.,4,other/unknown
hearing at 2.45 p.m. (11:00 am   ),4,interlocutory
say / hearing on exh____ready (11.30 am                                          ),4,interlocutory
appearance (12:30 pm                                          ),4,service
say / hearing on exh____ready (10:00 am   ),4,interlocutory
documents (11:00 am                                          ),4,other/unknown
n.b.w._ready (12:00 noon                                        ),4,other/unknown
proclomation (01.00 pm                                          ),4,other/unknown
lok-nyayalaya (01.00 pm                                          ),4,other/unknown
charge (03.00 pm                                          ),4,charge
charge (12:00 am                                          ),4,charge
custody-part heard,4,other/unknown
n.b.w._unready (2.45pm                                            ),4,other/unknown
hearing (1.00 pm    ),4,interlocutory
charge (11.30 am   ),4,charge
hearing (03.30 - 04.30 pm                                  ),4,interlocutory
notice_unready (13.00 to 14.00                                    ),4,service
plea/particulers,4,charge
filing v.p.,4,other/unknown
plea (01.00 pm                                          ),4,charge
framing of charge or  plea (03.00 pm                                          ),4,charge
await report (morning session                                   ),4,other/unknown
hearing on charge-hbc (morning session                                   ),4,charge
for h.b.c.,4,other/unknown
say / hearing on exh____ready (01:00 pm                                          ),4,interlocutory
r/of distress/attachment warrant,4,service
public notice / proclamation,4,service
w.s. to counter -claim,4,other/unknown
w.s.councelling,4,other/unknown
appearance steps,4,service
balance (morning session                                   ),4,other/unknown
appearance of accussed (12.00pm                                           ),4,service
steps (13.00 to 14.00                                    ),4,other/unknown
filing of say on exh___ready (10:00 am                                          ),4,other/unknown
hearing (02.45 pm                                          ),4,interlocutory
disposed off,4,other/unknown
n/m for set aside,4,other/unknown
at 2.30 p.m,4,other/unknown
steps (12:00 pm                                          ),4,other/unknown
counselling  say to exh.   written statement,4,interlocutory
payment/steps/stayed,4,interlocutory
nbw (03.00 pm                                          ),4,service
hearing (03.00 pm                                          ),4,interlocutory
appearance of accussed (01.00 pm                                          ),4,service
a.d.r (11:00 am                                          ),4,other/unknown
property and fdt.,4,other/unknown
cross of pw (morning session                                   ),4,evidence
hearing (12.00pm                                           ),4,interlocutory
await amount.,4,other/unknown
a.d.r. (02:45 pm                                          ),4,other/unknown
steps_unready (04:45 pm                                          ),4,other/unknown
formal hearing (2.45 pm                                           ),4,interlocutory
say / hearing on exh____ready (10 am                                             ),4,interlocutory
filing say exh ready,4,other/unknown
appeal for hearing at 2.45 p.m.,4,interlocutory
industrial court stayed,4,interlocutory
cross of petitioner /at 2.45 p.m./,4,evidence
payment as per consent terms,4,other/unknown
hearing of int.appln.reply to exh.,4,interlocutory
access,4,other/unknown
commissioner report (10:00 am                                          ),4,other/unknown
examination (11:00 am                                          ),4,evidence
case diary and hearing,4,interlocutory
charge (01.00 pm                                          ),4,charge
notice (01.00 pm                                          ),4,service
fine leavy warrant (10:00 am                                          ),4,service
appearance of surety,4,service
no stage.,4,other/unknown
for reminder,4,other/unknown
nbw recalled,4,service
await payment,4,other/unknown
fine live warrant,4,service
a.d.r. (11.00 am to 02.00pm                               ),4,other/unknown
framing of charge or plea (02.45 pm                                          ),4,charge
apperance of accused (12.00 pm                                          ),4,other/unknown
for commissioner's report (11.00 am                                          ),4,other/unknown
cross examination of mw,4,evidence
nbw to accused (11.00 am to 02.00pm                               ),4,service
amendment plaint (11.00 am to 02.00pm                               ),4,other/unknown
cross of pw1 (11.00 am to 02.00pm                               ),4,evidence
for section 89 cpc/ counseling (11.00 am                                          ),4,other/unknown
first hearing (12:00 pm                                          ),4,interlocutory
appearance of accussed (1:00 pm                                           ),4,service
steps against lrs,4,other/unknown
plea (11.00 am                                          ),4,charge
attachment warrant (12.00 pm                                          ),4,service
heard admitted .bcf if any,4,other/unknown
recall production warrant,4,service
commissioner  warrant,4,service
for steps (12.30 pm to 2 pm                                  ),4,other/unknown
for claim statement,4,other/unknown
hearing (02.45 pm to 05.45pm                               ),4,interlocutory
further cross of pw.,4,evidence
first leving warrant,4,service
to hear on (11:00 am                                          ),4,other/unknown
chief examination of pw,4,evidence
awaiting adr reports (01.00 pm                                          ),4,other/unknown
appearance of accused (12.00 pm                                          ),4,service
memo of calculation,4,other/unknown
await report (11.00 am                                          ),4,other/unknown
a.d.r. (11.00 am                                          ),4,other/unknown
furnish property particulars,4,other/unknown
to hear on maintainbility,4,other/unknown
sale adjourned,4,other/unknown
produce complainant,4,other/unknown
inter locutory application made absolute,4,interlocutory
both accused shall be present,4,other/unknown
for verification and committal,4,other/unknown
copy (10am-11am                                         ),4,service
service report / record,4,service
for ex-party hearing,4,interlocutory
copy-77,4,service
produce of child,4,other/unknown
accused absent applies,4,other/unknown
for hearing on proclamation.,4,interlocutory
re-concilliation,4,other/unknown
cross examination of plaintiff/claimant witness (1.00 pm                                           ),4,evidence
for mediation chance,4,other/unknown
verify and report.,4,other/unknown
for framing of charge..,4,charge
record plea,4,charge
cross (10am-11am                                         ),4,evidence
cross (4pm-5pm                                           ),4,evidence
objection  and hearing,4,interlocutory
appearence and record,4,other/unknown
witness must be present,4,evidence
appearance of parties.,4,service
call with,4,other/unknown
report (12pm-1pm                                          ),4,other/unknown
pws (1pm-2pm                                           ),4,other/unknown
objection and hearing (1pm-2pm                                           ),4,interlocutory
cross of remaining p.ws,4,evidence
cross of pws as last chance,4,evidence
affidavit of pws,4,other/unknown
appearance/report,4,service
pws affidavit,4,other/unknown
admission/denial,4,other/unknown
suplly of police paper,4,other/unknown
appearence (03.00pm                                           ),4,other/unknown
sireshtedar report,4,other/unknown
sherestadar  report,4,other/unknown
hearing (12.30pm                                           ),4,interlocutory
final form received,4,other/unknown
for prosecution report,4,other/unknown
awating for report,4,other/unknown
aquisition,4,other/unknown
awating for registry notice/ report,4,service
hearing on the law point,4,interlocutory
awaiting case diary,4,other/unknown
for submission of chargesheet,4,charge
bringing l.r.,4,other/unknown
awaiting report (11:30                                             ),4,other/unknown
framing of charge/ plea (14:00                                             ),4,charge
stayed  by supreme court,4,interlocutory
compliance (02.00pm                                           ),4,other/unknown
awaiting records (12:30                                             ),4,other/unknown
compliance (10.30am                                           ),4,other/unknown
service of non-bailable warrant (10:30                                             ),4,service
appearance of accused (04.30pm                                           ),4,service
reply statement,4,interlocutory
appearance of accused (11:00                                             ),4,service
awaiting report (16:00                                             ),4,other/unknown
written statement (16:00                                             ),4,interlocutory
awaiting report (02.00pm                                           ),4,other/unknown
compliance (02.30pm                                           ),4,other/unknown
awaiting report (02.30pm                                           ),4,other/unknown
awaiting records (),4,other/unknown
hearing on admission (),4,interlocutory
framing of charge/ plea (10.30am                                           ),4,charge
a1 died,4,other/unknown
service pending_substituted service,4,service
allow on context,4,other/unknown
mact cases,4,other/unknown
await non-applicant,4,other/unknown
civil  for report,4,other/unknown
recipt of lcr,4,other/unknown
criminal for report,4,other/unknown
registered envelops,4,other/unknown
witnesses absent,4,evidence
awaiting defendant/non applicant/respondent,4,other/unknown
succession,4,other/unknown
warrant recovery,4,service
criminal charge/ discharge,4,charge
awaiting  presence of applicant,4,other/unknown
objection hearing (10:00 am                                          ),4,interlocutory
filing of requisites app. of defendent,4,other/unknown
appearance/custody of the accused,4,service
objection and hearing on petion,4,interlocutory
for objection hearing.,4,interlocutory
awaiting m.o. & c.e. report,4,other/unknown
revision,4,other/unknown
nemo present,4,other/unknown
witness of respondant.,4,evidence
awaiting for respondent/non applicant,4,other/unknown
awaiting for appellant,4,other/unknown
awaited for counsel,4,other/unknown
addmission (11:00 am                                          ),4,other/unknown
addmission (10:00 am                                          ),4,other/unknown
for hearing and objection,4,interlocutory
draft notice,4,service
consideration of memo.,4,charge
for ws,4,other/unknown
awaiting institution,4,other/unknown
hearing u/oxrule 1 cpc,4,interlocutory
awaiting proforma defendent/non-aplicant,4,other/unknown
final arguements,4,arguments
robkaar,4,other/unknown
awating a. d. r. reports,4,other/unknown
statement of accused (10:00 am                                          ),4,evidence
disposal of 6c (10:00 am                                          ),4,other/unknown
disposal of 6c (11:00 am                                          ),4,other/unknown
disposal of other appeal,4,other/unknown
for issunace of process/service,4,service
statement 200 (10:00 am                                          ),4,other/unknown
for appearance of -parties/advocates,4,service
p.o. proceedings,4,other/unknown
final hearing (11:00 am                                          ),4,arguments
rent assesment,4,other/unknown
awaiting report of collector,4,other/unknown
for appearance of party / advocate (10:00 am                                          ),4,service
for appearence (10:00 am                                          ),4,other/unknown
hearing maintainability point,4,interlocutory
submitting draft copy of publication,4,service
opposite party evidance,4,other/unknown
admission  hearing,4,interlocutory
filing draft copy of citation,4,service
requisites/steps,4,other/unknown
payment of costs and acceptance of ws,4,other/unknown
ws and wo,4,other/unknown
w/s and steps,4,other/unknown
"sr,ad, pr",4,other/unknown
sr/ad/pr/lcr,4,other/unknown
"sr/ad,ws,wo",4,other/unknown
"hearing of petition , w.o. in the meantime",4,interlocutory
personal appearence of oc/ic,4,other/unknown
injunction petition hearing,4,interlocutory
for r&p (11:00 am   ),4,other/unknown
discovery of inspection,4,other/unknown
hearing cd & lcr,4,interlocutory
examination of witnesses,4,evidence
return of writ,4,other/unknown
hearing of amended petition,4,interlocutory
hearing and s/r,4,interlocutory
cost  by plaintiff,4,other/unknown
d.c fees,4,other/unknown
filing news paper publication,4,other/unknown
taking steps by plaintiff,4,other/unknown
publication report,4,other/unknown
payment of duty money,4,other/unknown
examintaion of remaining p.w.,4,other/unknown
filing documents by petitioner,4,other/unknown
filing draft copy,4,service
hearing of petition and w/o,4,interlocutory
ammended w.s.,4,other/unknown
hearing of mise case,4,interlocutory
filling writ,4,other/unknown
appearence and  commitment,4,other/unknown
amendment petition hearing,4,interlocutory
report from s.p.,4,other/unknown
written statement/reply (10:00 am   ),4,interlocutory
written objection/written statement,4,interlocutory
appointment of advocate,4,other/unknown
intrim application reply,4,interlocutory
filling trial progarme by govt prosecutor,4,other/unknown
for appointment of council,4,other/unknown
w/s by ops,4,other/unknown
sr and wo,4,other/unknown
warrnt of attachment (10:00 am                                          ),4,other/unknown
considertion (10:00 am                                          ),4,other/unknown
replica (10:00 am                                          ),4,other/unknown
accused statment,4,other/unknown
for waiting of warrant,4,service
next procceding,4,other/unknown
amended claim petition and o.p.ws,4,other/unknown
appearance of op and w/o,4,service
er (11.00 am   ),4,other/unknown
hearing on appeal,4,interlocutory
reply to interim appli.,4,interlocutory
final hearing (10:00 am   ),4,arguments
for new address,4,other/unknown
wait for reply,4,interlocutory
steps not taken,4,other/unknown
for advance action,4,other/unknown
appearance and  w/s by ops,4,service
claim statement by the referring claimant,4,other/unknown
for d.w.,4,other/unknown
for report of local commissioner,4,other/unknown
matter relating to hearing of interim application (12 pm                                             ),4,interlocutory
appearance of parties / advocate,4,service
hearingn of the parties,4,interlocutory
written objection / hearing,4,interlocutory
matter relating to hearing of interim application (11 00 am   ),4,interlocutory
c.w. hearing,4,interlocutory
show cause/payment,4,other/unknown
case management hearing,4,interlocutory
substance of accussation (2pm to 5pm                                        ),4,other/unknown
filing of surety. (10am to 1pm                                       ),4,other/unknown
compliance (10am to 1pm                                       ),4,other/unknown
surety/s.a. (10am to 1pm                                       ),4,other/unknown
i.a pending,4,interlocutory
observation/payment,4,other/unknown
settlement (2pm to 5pm                                        ),4,other/unknown
decription of assets,4,other/unknown
air-applications,4,interlocutory
settled,4,other/unknown
marking and cross,4,evidence
filing of surety. (2pm to 5pm                                        ),4,other/unknown
appearance/reply (10am to 1pm                                       ),4,service
for verification (10:00 am   ),4,other/unknown
notice_unready (11.30 am                                          ),4,service
charge (03:00 pm                                          ),4,charge
for court fee,4,other/unknown
steps (11:00 pm   ),4,other/unknown
production of accused (01.00 pm                                          ),4,other/unknown
cases kept for hearing at 2.45 p.m.,4,interlocutory
n.b.w._unready (4.30 pm    ),4,other/unknown
further chief of pw,4,other/unknown
awating r  p lower court,4,other/unknown
r-e u-s 299 cr.p.c,4,other/unknown
notice of  motion for hearing (10:00 am                                          ),4,service
r and p_ready,4,other/unknown
payment  steps,4,other/unknown
filing f petition,4,other/unknown
hearing at 3 p.m.,4,interlocutory
schedule (10:00 am                                          ),4,other/unknown
fof settllement,4,other/unknown
arrest warrant.,4,service
fixing date of trail (11:00 am                                          ),4,other/unknown
amended petition/plaint,4,other/unknown
salary attachment warrant,4,service
repeat arrest warrant,4,service
nbw (10:00 am                                          ),4,service
for examination of witnesses (01.00 pm                                          ),4,evidence
appointment of special pp,4,other/unknown
appearance of accussed (4.15 pm to 5.45 pm                                ),4,service
fix date for trial,4,other/unknown
notice to proposed lrs,4,service
for duty and penalty,4,other/unknown
for steps (4.00 pm                                           ),4,other/unknown
produce fdr,4,other/unknown
cp is directed to be present,4,other/unknown
cw applied,4,other/unknown
for villege officer's certificate (voc),4,other/unknown
furnish correct address of respondent.,4,other/unknown
cross of o/ps,4,evidence
call with counter claim,4,other/unknown
313 examination..,4,evidence
produce valuation certificate,4,other/unknown
evedience of m o,4,other/unknown
for i.o,4,other/unknown
steps for,4,other/unknown
further cross examination.,4,evidence
appe,4,other/unknown
hearing on admission (15:00                                             ),4,interlocutory
proclamation under section 82-83 cr.p.c. (15:00                                             ),4,other/unknown
attachment/ arrest/garnishee proceedings (03.00 pm                                          ),4,other/unknown
appearance of parties/ advocates (14:00                                             ),4,service
reply of application/ steps by parties (01.00pm                                           ),4,interlocutory
cognizance / issuance of process/ service (11:00 am                                          ),4,service
cognizance / issuance of process/ service (12-1                                              ),4,service
attachment/ arrest/garnishee proceedings (02:00 am                                          ),4,other/unknown
reply of application/ steps by parties (03.30pm                                           ),4,interlocutory
framing of charge/ plea (03.00pm                                           ),4,charge
cognizance / issuance of process/ service (07:30                                             ),4,service
other proceeding,4,other/unknown
attachment/ arrest/garnishee proceedings (02.00pm                                           ),4,other/unknown
service of non-bailable warrant (01.00pm                                           ),4,service
admission/denials (),4,other/unknown
delevery,4,other/unknown
written statement (15:00                                             ),4,interlocutory
written statement (13:00                                             ),4,interlocutory
compliance (04.00pm                                           ),4,other/unknown
removal of defect (11:00 am                                          ),4,other/unknown
awaiting record (10:00 am                                          ),4,other/unknown
disposal according to law,4,other/unknown
l r s substitution,4,other/unknown
awaiting execution of warrent,4,other/unknown
filing of requisites / app. of defendent.,4,other/unknown
awaiting nomination,4,other/unknown
awaiting respondents,4,other/unknown
for perusal,4,other/unknown
awaiting correct address,4,other/unknown
drum fees,4,other/unknown
further information from honble court,4,other/unknown
filing of so cause,4,other/unknown
serve the copy of amended appeal memo,4,service
awaitnig of original record,4,other/unknown
awaited for appearence of plantiffs witness,4,evidence
awaiting plaintiffs,4,other/unknown
awaiting publication,4,other/unknown
statement of accused-1,4,evidence
advertisement,4,other/unknown
fixed for 246crpc,4,other/unknown
reconcilation,4,other/unknown
200 statement (11:00 am                                          ),4,other/unknown
charge/plea hearing,4,charge
showcause by plaintiffs,4,other/unknown
further payement,4,other/unknown
file certified copies of hon'ble high court,4,other/unknown
filing copy of publication,4,service
filing amended petition,4,other/unknown
filing consolidated plaint,4,other/unknown
preemptory hearing as last chance,4,interlocutory
c. report,4,other/unknown
filling amended plaint,4,other/unknown
fhauti report,4,other/unknown
for r and p,4,other/unknown
report of collector,4,other/unknown
matter relating to hearing of interim application (03 00 pm   ),4,interlocutory
steps and filing of the affidavit in chief of pws,4,other/unknown
filing list  of witness,4,evidence
additional written statement (10am to 1pm                                       ),4,interlocutory
for steps (1:00 pm                                           ),4,other/unknown
unready board (3.30pm                                            ),4,other/unknown
hearing (12:00 pm   ),4,interlocutory
hearing before charge (11:00 am                                          ),4,charge
awaiting report of commissioner (11:00 am                                          ),4,other/unknown
hearing on i.a (11-00 am                                          ),4,interlocutory
further chief of dw.,4,other/unknown
paper book (12:00 noon                                        ),4,other/unknown
hearing (12:30 pm   ),4,interlocutory
admission  denial (11:00 am                                          ),4,other/unknown
stayed by honble industrial court,4,interlocutory
examination of complianant's witness,4,evidence
nbw to pw1,4,service
memo to jail,4,other/unknown
82 steps against witness,4,evidence
call with conected case,4,other/unknown
deposit of money,4,other/unknown
further cross of plaintiff witness.,4,evidence
certificate,4,other/unknown
report of n.b.w.a,4,other/unknown
s. 89 cpc,4,other/unknown
reply of application/ steps by parties (02:00 pm                                          ),4,interlocutory
awatting death report,4,other/unknown
awaiting reciept of original records,4,other/unknown
production of accused persons,4,other/unknown
appreance of complainant,4,other/unknown
awaited plaintiff...,4,other/unknown
awaiting lcr and hearing,4,interlocutory
wa/wpa,4,other/unknown
er ofww,4,other/unknown
further hearing of p.w.,4,interlocutory
appearance id w/a,4,service
hearing of the c.report,4,interlocutory
commisioner  fee,4,other/unknown
issure/disposal,4,other/unknown
commissioner fees,4,other/unknown
cross-examination of d.w.,4,evidence
process to witnesses (10:00 am   ),4,evidence
ojection/hearing,4,interlocutory
await notice to sureties,4,service
dormant file (10:00 am                                          ),4,other/unknown
dormant cases formal listing (11:00 am   ),4,other/unknown
proclaimation (12:00 pm                                          ),4,other/unknown
proclamation (01:00 pm                                          ),4,other/unknown
warrant recall,4,service
await expert report,4,other/unknown
appearence (02.00pm                                           ),4,other/unknown
awaiting notice to informent,4,service
consolidated w.s,4,other/unknown
filing power of attorney,4,other/unknown
paymant of cost,4,other/unknown
awaiting for p.a and w.s.,4,other/unknown
awaiting for hon'high court out come,4,other/unknown
statement of accused (11:00 am                                          ),4,evidence
ju dgem en t,4,other/unknown
f in al ar gu .,4,other/unknown
filing interrogatories,4,other/unknown
issuance of writ,4,other/unknown
supreme court - time limit - at 11.00 a.m.,4,other/unknown
cross of rw.,4,evidence
bw ready,4,other/unknown
rest of 244 cr.p.c/f.o.,4,other/unknown
appearance and execution w.p.a,4,service
acd remanded to j/c,4,other/unknown
remanded.,4,other/unknown
r est cr oss exam in ation,4,other/unknown
am en dm en t with in 7 days,4,other/unknown
for report of ld. advocate commissioner,4,other/unknown
for attachment/ arrest/ garnishee proceeding,4,other/unknown
proof affidavit filed.exhibits marked.,4,other/unknown
earliar report and discharge warrent,4,charge
for court fees,4,other/unknown
for filing amended written statement,4,interlocutory
e/r of w.p.a. + appearance,4,service
stayed by honble high court (01:00 pm                                          ),3,interlocutory
for statement 313 cr.p.c.,3,evidence
part heard customs cases,3,other/unknown
suit stayed (11:00 am                                          ),3,interlocutory
"production of documents, under para 82 at 11 am",3,other/unknown
cross of opponent/witness,3,evidence
split up charge sheet,3,charge
hearing (01.00pm                                           ),3,interlocutory
commissioner warrant.,3,service
call on for hbc,3,other/unknown
to hear (2:45 pm                                           ),3,other/unknown
for split up charge sheet,3,charge
for amendment plantiff/pet,3,other/unknown
flw to respondent (11.00 am                                          ),3,other/unknown
steps/report.,3,other/unknown
"s/r, w/s if any and power.",3,other/unknown
notice through publication,3,service
original record not received,3,other/unknown
"styed by hon and 039,ble high court",3,other/unknown
substituted service,3,service
re-open,3,other/unknown
appearance & production of accused,3,service
l. r. steps,3,other/unknown
deposit of fees,3,other/unknown
awaiting part record,3,other/unknown
for substitution of legal heir,3,other/unknown
awatting further intimation,3,other/unknown
sr of warrant of attchment,3,service
recovery suit,3,other/unknown
appr  and e/r of wp and a,3,other/unknown
ws and ws and sr ad,3,other/unknown
waitting date,3,other/unknown
charge (3:30 pm                                           ),3,charge
dv cases at 1 p.m. (11:00 am   ),3,other/unknown
custody part heard,3,other/unknown
for say,3,other/unknown
filing of say on exh___unready (10:00 am   ),3,other/unknown
compliance (10:00 am   ),3,other/unknown
steps (03:00 pm                                          ),3,other/unknown
notice_unready (11:00 am   ),3,service
plea / particulars (12:00 noon                                        ),3,charge
awaiting notice (1:00 pm                                           ),3,service
unready board (10:00 am                                          ),3,other/unknown
d. v. act cases (11:00 am                                          ),3,other/unknown
registration of birth (11:00 am                                          ),3,other/unknown
custody - not heard cases,3,other/unknown
custody part heard cases,3,other/unknown
report (3.00pm                                            ),3,other/unknown
charge (1.00pm                                            ),3,charge
unready board (2.30pm                                            ),3,other/unknown
steps (02.30 - 03.30 pm                                  ),3,other/unknown
charge (02.30 - 03.30 pm                                  ),3,charge
steps_unready (10:00 am   ),3,other/unknown
notice_unready (10:00 am   ),3,service
list of witness (11:00 am                                          ),3,evidence
awaiting notice (01:00 pm   ),3,service
compliance (11:00 am   ),3,other/unknown
awaiting notice (01:00 pm                                          ),3,service
list of witness (01.00 pm                                          ),3,evidence
steps_unready (11.00 am                                          ),3,other/unknown
filing of say on exh___ready (01.00 pm                                          ),3,other/unknown
compliance (01.00 pm                                          ),3,other/unknown
documents (01.00 pm                                          ),3,other/unknown
appearance (03.00 pm                                          ),3,service
report (12.00 am                                          ),3,other/unknown
preparation of paper book (12:00 am                                          ),3,other/unknown
n.b.w._unready (1:00 pm                                           ),3,other/unknown
steps (4:30 pm                                           ),3,other/unknown
n.b.w._ready (1:00 pm                                           ),3,other/unknown
stayed by honble high court (2:30 pm                                           ),3,interlocutory
charge (10:00 am   ),3,charge
paper book (10:00 am                                          ),3,other/unknown
public notice/proclamation (11:00 am                                          ),3,service
cases at 2.45 p.m. (11:00 am   ),3,other/unknown
permission to travel abroad,3,other/unknown
filing of say on exh___unready (2.45pm                                            ),3,other/unknown
awaiting notice (2.45pm                                            ),3,service
n.b.w._ready (3.00pm                                            ),3,other/unknown
compliance (1.00pm                                            ),3,other/unknown
steps_unready (3.30 pm    ),3,other/unknown
n.b.w._unready (2.30 pm    ),3,other/unknown
reply/say (3.30 pm    ),3,interlocutory
steps_unready (3.30pm                                            ),3,other/unknown
steps (3.30pm                                            ),3,other/unknown
hearing (2.30pm                                            ),3,interlocutory
verification (12.00 - 01.00 pm                                  ),3,other/unknown
notice_unready (3 pm                                              ),3,service
unready board (12:30 p.m. ),3,other/unknown
directions (10:00 am                                          ),3,other/unknown
return of children  child,3,other/unknown
counsellors report,3,other/unknown
pap.,3,other/unknown
sst/ sworn statement,3,other/unknown
framing of charge or  plea (3.45pm                                            ),3,charge
null..,3,other/unknown
appearance of party (03:00 pm                                          ),3,service
for suggesting court commissioner,3,other/unknown
objection on i a,3,interlocutory
payment of paper book charges (12:00 noon                                        ),3,charge
lok-nyayalaya (2.45 pm                                           ),3,other/unknown
directions (12:00 pm                                          ),3,other/unknown
counsellors report say,3,other/unknown
for filing compromise (10:00 am                                          ),3,other/unknown
list of witnesses and documents  (10:00 am                                          ),3,evidence
hbc (03.00 pm                                          ),3,other/unknown
await arrest notice/warrant (11:00 am                                          ),3,service
arrest notice (12.00 pm                                          ),3,service
property particular of accused,3,other/unknown
list of witness and documents (11:00 am                                          ),3,evidence
paper pubication,3,other/unknown
cross of p.w. (afternoon session                                 ),3,evidence
b/w (11:00 am                                          ),3,other/unknown
unready board (01:00 pm                                          ),3,other/unknown
notice_unready (04:45 pm                                          ),3,service
hearing (12:00 am                                          ),3,interlocutory
awaiting notice (10 am                                             ),3,service
rejoinder (11:00 am                                          ),3,other/unknown
b.w.ready,3,other/unknown
discharge application (11:00 am                                          ),3,charge
"part heard hctb,sr.citizen at 2.45 p.m.",3,other/unknown
sattle,3,other/unknown
documents admittingexhibiting,3,other/unknown
child  children interview,3,other/unknown
w.s. to counter claim,3,other/unknown
e.a. pending.,3,other/unknown
ss to accused (12.00 pm                                          ),3,other/unknown
appearance  of appellant,3,service
notice (03.00 pm                                          ),3,service
report of mediation,3,other/unknown
a.d.r. (12.00 pm                                          ),3,other/unknown
hbc (01.00 pm                                          ),3,other/unknown
appearance of accussed (03.00 pm                                          ),3,service
engage counsel.,3,other/unknown
vakalath,3,other/unknown
body warrant to the accused,3,service
furnish surity,3,other/unknown
custody matters (11:00 am                                          ),3,other/unknown
appearance of defendent,3,service
for counter statement,3,other/unknown
a.d.r. (01:00 pm                                          ),3,other/unknown
to pay the court fee,3,other/unknown
for steps (04.45 pm                                          ),3,other/unknown
framing of charge/ plea (12.00 pm                                          ),3,charge
call on (1:00 pm                                           ),3,other/unknown
call for io report,3,other/unknown
for  committel,3,other/unknown
for  verification and committal,3,other/unknown
mediation/report,3,other/unknown
to say of pp/,3,other/unknown
complaince 437a crpc,3,other/unknown
for plea (11.00 am to 02.00pm                               ),3,charge
notice to jdr.,3,service
s/s to defendant by rpad (11.00 am to 02.00pm                               ),3,other/unknown
for final report.,3,other/unknown
a.d.r (3.00 pm                                           ),3,other/unknown
written  statement  and  steps,3,other/unknown
call for  lcr,3,other/unknown
framing of charge or plea (12.00 pm                                          ),3,charge
framing of charge/ plea (01.00 pm                                          ),3,charge
hearing (3:00 pm                                           ),3,interlocutory
framing of charge or plea (11:00 am to 02:00 pm                              ),3,charge
to funrnish correct address and steps,3,other/unknown
framing of charge or  plea (3.00 pm                                           ),3,charge
for medical board report,3,other/unknown
prod. of mo,3,other/unknown
objections to c.r.,3,interlocutory
for ammendment,3,other/unknown
steps (14:45 pm                                          ),3,other/unknown
hearing  before charge,3,charge
nbw to accused (02.45 pm to 05.45pm                               ),3,service
a.d.r (4.00 pm                                           ),3,other/unknown
pleads guilty,3,charge
a.d.r .,3,other/unknown
await commissioner warrant,3,service
objections by (10:00 am                                          ),3,interlocutory
for examination of witnesses (02.45 pm                                          ),3,evidence
for steps (03.45 pm                                          ),3,other/unknown
awaiting execution of service nbw (12.00 pm                                          ),3,service
callon (11:00 am                                          ),3,other/unknown
notice (3:00 pm                                           ),3,service
hearing (2:45 pm                                           ),3,interlocutory
sale notice to jdr,3,service
documents produced,3,other/unknown
jc extended till,3,other/unknown
notice to i.o.,3,service
objection (1.00 pm                                           ),3,interlocutory
notice (3.00 pm                                           ),3,service
hearing (1.00 pm                                           ),3,interlocutory
ias,3,other/unknown
amended plaintiff,3,other/unknown
for objection (12.00 pm                                          ),3,interlocutory
call on (3.00 pm                                           ),3,other/unknown
nbw respondent/accused,3,service
judge is transferred,3,judgment
report of mediator,3,other/unknown
"declared major,release fdr",3,other/unknown
reference is answered against the claimant.,3,other/unknown
for depositing batta,3,other/unknown
cross examination of applicant / plaintiff witness,3,evidence
service report (3pm-4pm                                           ),3,service
written statement (10am-11am                                         ),3,interlocutory
appearence and c.c,3,other/unknown
w/s and petition hearing,3,interlocutory
copy for,3,service
sr / objection,3,interlocutory
w/s on counter claim,3,other/unknown
approval of draft kabala.,3,other/unknown
steps before peremptory hearing (sbph),3,interlocutory
copy. (10.30 am                                          ),3,service
interim stay,3,interlocutory
service report (10am-11am                                         ),3,service
objection hearing (12pm-1pm                                          ),3,interlocutory
service report and ws (1pm-2pm                                           ),3,service
written statement (1pm-2pm                                           ),3,interlocutory
cross-examination. (10.30 am                                          ),3,evidence
steps if any (11:00 am                                          ),3,other/unknown
judge on vacation-case re-posted,3,judgment
objection if any,3,interlocutory
record (1pm-2pm                                           ),3,other/unknown
written statement (12pm-1pm                                          ),3,interlocutory
hearing (10.30 am                                          ),3,interlocutory
report from s.p cachar.,3,other/unknown
for draft kabala.,3,other/unknown
n/o on the report.,3,other/unknown
plantiff witness (10.30 am                                          ),3,evidence
appearance of op/ws,3,service
official witness (10:00 am                                          ),3,evidence
plantiff witness (10:00 am                                          ),3,evidence
lower court report amp service report,3,service
inquire,3,other/unknown
o.e,3,other/unknown
hearing and no,3,interlocutory
report and n/o,3,other/unknown
app./ p and a  report,3,other/unknown
l.c.r and notice,3,service
enquire,3,other/unknown
appearance (12.00pm                                           ),3,service
awaiting for pdj,3,other/unknown
commitement,3,other/unknown
appearence (03.30pm                                           ),3,other/unknown
awaitng report of t.c.,3,other/unknown
awaring r p lower court,3,other/unknown
show-cause notice,3,service
further appearence,3,other/unknown
awating report from mediation,3,other/unknown
sheristedars report,3,other/unknown
charge1,3,charge
deficit/ court fee,3,other/unknown
rejoinder and hearing,3,interlocutory
awaiting original will report,3,other/unknown
awaring r and lower court,3,other/unknown
notification publication,3,other/unknown
bringing l.r s,3,other/unknown
awaiting records (14:30                                             ),3,other/unknown
cognizance / issuance of process/ service (12.30pm                                           ),3,service
awaiting report (10:30 am                                          ),3,other/unknown
awaiting report (10:30                                             ),3,other/unknown
compliance (10:00                                             ),3,other/unknown
framing of charge/ plea (13:00                                             ),3,charge
framing of charge/ plea (10:30 am                                          ),3,charge
compliance (11.00am                                           ),3,other/unknown
cognizance / issuance of process/ service (01.00pm                                           ),3,service
cognizance / issuance of process/ service (03.00pm                                           ),3,service
reply of application/ steps by parties (12.30pm                                           ),3,interlocutory
cognizance / issuance of process/ service (16:00                                             ),3,service
compliance (11:00                                             ),3,other/unknown
hearing on admission (11:30 am                                          ),3,interlocutory
cognizance / issuance of process/ service (03.30pm                                           ),3,service
hearing on sentence (),3,interlocutory
written statement (03.00pm                                           ),3,interlocutory
appearance of accused (12:00 pm                                          ),3,service
service pending (3:00 pm                                           ),3,service
admission  and denial,3,other/unknown
awating for  sanction p. r,3,other/unknown
warrant kurki,3,service
notice non-applicant/non-applicants,3,service
call for court record,3,other/unknown
law,3,other/unknown
cd file,3,other/unknown
criminal objections,3,interlocutory
compliant objection,3,interlocutory
compliant statement,3,other/unknown
ex- party hearing,3,interlocutory
filing of requsities (11:00 am                                          ),3,other/unknown
awaiting lcr (11:00 am                                          ),3,other/unknown
awaiting for pa,3,other/unknown
supply copies of document,3,other/unknown
for compliance of office objection,3,interlocutory
awaiting of  m.o,3,other/unknown
substitution of l.rs.,3,other/unknown
gua. and succ. awaiting petitioner,3,other/unknown
restoration of main file__,3,other/unknown
guar. and succ. service to other side,3,service
awaiting plaintiff/respondent,3,other/unknown
awaiting non-applicant,3,other/unknown
record of the court below,3,other/unknown
for further proceedings (10:00 am                                          ),3,other/unknown
batta (11:00 am                                          ),3,other/unknown
ia / ea pending / cmp pending / crp pending / cma pending (10:00 am                                          ),3,interlocutory
await notice (10:00 am                                          ),3,service
file correct data,3,other/unknown
amin comissioner fees,3,other/unknown
hearing on objection,3,interlocutory
injunction,3,other/unknown
awating death repor,3,other/unknown
filling objection (10:00 am                                          ),3,interlocutory
for producing case law,3,other/unknown
recording of statements,3,other/unknown
time extension,3,other/unknown
stayed by honlb,3,interlocutory
services,3,service
execution amount,3,other/unknown
ex-parte proceedings,3,other/unknown
awaited for respondent,3,other/unknown
for awaiting parties,3,other/unknown
not to be included in njdg(need to discontinue),3,other/unknown
251 cr. pc.,3,other/unknown
statement  accused,3,other/unknown
witn ess,3,other/unknown
f.o.,3,other/unknown
warrant of attachment (10:00 am                                          ),3,service
objection/disposal (12:00 pm                                          ),3,interlocutory
for submission of the copy of the publication,3,service
filing draft copy of paper publication,3,service
charge and petition hearing,3,charge
complete requisite,3,other/unknown
acceptance of w/s,3,other/unknown
production and er of wa/wpa,3,other/unknown
written statement and fresh steps,3,interlocutory
sr/ ws,3,other/unknown
202 statement (10:00 am                                          ),3,other/unknown
cross plantiff,3,evidence
delivery of possession,3,other/unknown
examination of charge sheet witness,3,evidence
"extension, w/s, w/o",3,other/unknown
extension and steps,3,other/unknown
step  by petitioner,3,other/unknown
report from sheristadar,3,other/unknown
filing of commisioners report,3,other/unknown
hearing on the point of limitation petition,3,interlocutory
"hearing of petition,w.o in the mean time",3,interlocutory
scrutiny of the application,3,interlocutory
filing fresh requisite,3,other/unknown
for r&p (10:00 am   ),3,other/unknown
warrant of attachment (12:00 pm   ),3,service
246 crpc,3,other/unknown
appereance (12:00 pm                                          ),3,other/unknown
437 a crpc/ agrument,3,other/unknown
6 c-2 disposal,3,other/unknown
ios report,3,other/unknown
sr and  publication,3,other/unknown
making payment,3,other/unknown
filing news paper copy,3,service
hearing on point of law.,3,interlocutory
awaiting for report/f.s.l report/concern authority,3,other/unknown
"hearing 0.1,rule 10(2) petition",3,interlocutory
w.p.a,3,other/unknown
payment of arrear rent,3,other/unknown
appearance and commitment,3,service
filing a draft notice,3,service
document filing,3,other/unknown
steps with regard to file fresh requisites,3,other/unknown
certified copy,3,service
earlier report and discharge warrent,3,charge
call for c.d,3,other/unknown
wo and ws and sr ad,3,other/unknown
for discovery / inspection,3,other/unknown
process to witnesses (11:00 am   ),3,evidence
framing of charge (10:00 am   ),3,charge
for trial program,3,other/unknown
apparience and written statement,3,interlocutory
for final arugument,3,other/unknown
accussed examination,3,evidence
award amount for payment,3,other/unknown
for midiation and counselling/section 89cpc,3,other/unknown
consideration (10-30 to 11-00am                                  ),3,charge
reply (11:00 am   ),3,interlocutory
claims response,3,other/unknown
for presence of respondents,3,other/unknown
awaiting oder from higher court,3,other/unknown
setling date,3,other/unknown
submission of documents,3,other/unknown
sr and written objection,3,interlocutory
commissnor report,3,other/unknown
presence of non,3,other/unknown
compromaise,3,other/unknown
accused exmine,3,other/unknown
submission of additional document by ops,3,other/unknown
p w s / d w s,3,other/unknown
rent  assessment,3,other/unknown
matter relating to hearing of interim application (04.00 pm                                          ),3,interlocutory
written statement / appearance,3,service
written objection  hearing,3,interlocutory
matter relating to hearing of interim application (01.00 pm                                          ),3,interlocutory
record and hearing,3,interlocutory
"filing eoa of the claimant/witnesses,confirmation and cross examination",3,evidence
cfsl report,3,other/unknown
report & w/s,3,other/unknown
written objection & hearing,3,interlocutory
frame of charge,3,charge
verification. (10am to 1pm                                       ),3,other/unknown
appearance  and  hearing,3,service
appearance & hearing,3,service
verification. (2pm to 5pm                                        ),3,other/unknown
say /hearing on exh.  ready,3,interlocutory
deposition in chiefs of d.w.,3,other/unknown
proper ord.,3,other/unknown
await lcr (11:00 am                                          ),3,other/unknown
substance of accussation (10am to 1pm                                       ),3,other/unknown
consent terms/settlement,3,other/unknown
description of assets.,3,other/unknown
stayed by honble high court (10:00 am   ),3,interlocutory
hearing (11:00 pm   ),3,interlocutory
awaiting r and p (10:00 am                                          ),3,other/unknown
awaiting warrant (03:00 pm                                          ),3,service
n.b.w._ready (01:00 pm                                          ),3,other/unknown
report (11.00 am                                          ),3,other/unknown
amended plaint (01.00 pm                                          ),3,other/unknown
hearing (11.00 am   ),3,interlocutory
unready board (12.30 pm   ),3,other/unknown
charge (12.00 pm   ),3,charge
payment of paper book charges (12.00 - 01.00 pm                                  ),3,charge
paper book (01:00 pm                                          ),3,other/unknown
filing of say on exh____,3,other/unknown
await commissinor report,3,other/unknown
further chief pw-1. (afternoon session                                 ),3,other/unknown
fixing date for trial(cr),3,other/unknown
filing of say on exh___unready (12:00 noon                                        ),3,other/unknown
filing of say on exh___unready (2.45 pm                                           ),3,other/unknown
reply (12:00 pm                                          ),3,interlocutory
amended plaint unready,3,other/unknown
evi. of the respdt.witness,3,evidence
appearance / steps,3,service
objeection to i. a,3,interlocutory
witness warrent,3,evidence
att.warrant,3,service
furnishing amended plaint/w.s.,3,other/unknown
2. await report,3,other/unknown
settelment (11:00 am                                          ),3,other/unknown
for amendment.,3,other/unknown
proclamation against accused,3,other/unknown
furnish amended plaint,3,other/unknown
for complaince by,3,other/unknown
for amendend written statement,3,interlocutory
call on (11 am to 12.30 pm                                 ),3,other/unknown
for stamp duty and penalty,3,other/unknown
enquiry (11.00 am                                          ),3,other/unknown
clarification (11:00 am                                          ),3,other/unknown
steps to jd,3,other/unknown
for charge (11.00 am to 02.00pm                               ),3,charge
notice to petioner,3,service
await notice to jdr,3,service
stage,3,other/unknown
to furnish draft,3,other/unknown
remanded,3,other/unknown
awaiting execution of service nbw (02.45 pm                                          ),3,service
objection to application,3,interlocutory
hear on application,3,interlocutory
attachment of salary,3,other/unknown
nbw to accused notice to surity,3,service
addl.ws,3,other/unknown
transfered to lp case,3,other/unknown
steps completed. for l.p sanction,3,other/unknown
awaiting report from mediation centre,3,other/unknown
re-concillation,3,other/unknown
case diary/ l c r,3,other/unknown
plantiff witness (11:00 am                                          ),3,evidence
appearence (04.00pm                                           ),3,other/unknown
deposit batta,3,other/unknown
call along with crlmp,3,other/unknown
further step,3,other/unknown
evedience of io/mo,3,other/unknown
cross of official witness,3,evidence
cost of nazir,3,other/unknown
steps for notice (11:00 am                                          ),3,service
further appearnce,3,other/unknown
sirestedar report,3,other/unknown
stayed by higher court (12:30                                             ),3,interlocutory
call record,3,other/unknown
charge arguement,3,arguments
attachment/ arrest/garnishee proceedings (10.30am                                           ),3,other/unknown
framing of charge/ plea (02.30pm                                           ),3,charge
written statement (03.30pm                                           ),3,interlocutory
awaiting report (11:30 am                                          ),3,other/unknown
awaiting report (12:00                                             ),3,other/unknown
hearing on admission (11:00                                             ),3,interlocutory
appearance of accused (08:00                                             ),3,service
awaiting sactioned pr,3,other/unknown
enquiry / witness,3,evidence
hearing on petition (11:00 am                                          ),3,interlocutory
hearing of petition (11:00 am                                          ),3,interlocutory
filing objection awaiting service return,3,service
appeal memo,3,other/unknown
awaiting s.r. (10:00 am                                          ),3,other/unknown
payment of arrear maintenance amount,3,other/unknown
for filing counter (11:00 am                                          ),3,other/unknown
non bailaible warrant,3,service
hearing on petition (10:00 am                                          ),3,interlocutory
evicence (10:00 am                                          ),3,other/unknown
filing fresh draft notice,3,service
awaiting for f.f,3,other/unknown
service report (11:00 am                                          ),3,service
awaiting report from concerned ps,3,other/unknown
awaiting report from the mediation centre,3,other/unknown
complinant witness,3,evidence
petition of hearing (10:00 am                                          ),3,interlocutory
petition hearing and objection (10:00 am                                          ),3,interlocutory
recording of statement,3,other/unknown
acceptance of v.nama,3,other/unknown
witness absent,3,evidence
witness of process server,3,evidence
statem en t of dw,3,other/unknown
report amin,3,other/unknown
musrim report,3,other/unknown
i.o.'s report,3,other/unknown
ex parte hearing on temporary injunction ptn.,3,interlocutory
filling attachment. petition,3,other/unknown
for opws,3,other/unknown
paper publication / newspaper copy,3,service
for compliance report,3,other/unknown
report and w/s,3,other/unknown
clarification on  point of law.,3,other/unknown
expert report,3,other/unknown
discovery/inspection,3,other/unknown
appearence and  payment,3,other/unknown
prayer,3,other/unknown
for execution report,3,other/unknown
reply of interrogatories and ph,3,interlocutory
"for producing document, for compliance",3,other/unknown
presence and replay,3,other/unknown
reply (10:00 am   ),3,interlocutory
stay through upper court,3,interlocutory
mise./appearance,3,service
presence amp written statement,3,interlocutory
submission of lists of witness,3,evidence
step by appellant,3,other/unknown
report and hearing.,3,interlocutory
matter relating to hearing of interim application (12 00 pm   ),3,interlocutory
matter relating to hearing of interim application (03-00pm to 03-30pm                                ),3,interlocutory
motion hearing,3,interlocutory
for steps (10:00 am                                          ),3,other/unknown
warg. on t. inj,3,other/unknown
production/inspection of documents (10am to 1pm                                       ),3,other/unknown
313 statement (10am to 1pm                                       ),3,evidence
awaiting warrant (12.00 am   ),3,service
compliance (12:00 noon ),3,other/unknown
report (03.00 pm                                          ),3,other/unknown
lok-nyayalaya (4.00pm                                            ),3,other/unknown
depositing amount (11.00 am                                          ),3,other/unknown
time bound cases,3,other/unknown
lok nyayalaya (11:00 am                                          ),3,other/unknown
report (4.00pm                                            ),3,other/unknown
r and p ready (12:30 pm                                          ),3,other/unknown
awaiting warrant (11.30 am                                          ),3,service
proclomation (10:00 am                                          ),3,other/unknown
reply/say (11.00 am                                          ),3,interlocutory
part  heard at  2.45p.m. (11:00 am                                          ),3,other/unknown
cases at 2 45 pm (12:00 pm                                          ),3,other/unknown
part heard at 2.45 p.m. (11:00 am   ),3,other/unknown
amended plaint (3.00pm                                            ),3,other/unknown
steps (12.00 - 01.00 pm                                  ),3,other/unknown
r and p sent to hon'ble high court,3,other/unknown
commr report,3,other/unknown
high court pending,3,other/unknown
court commissioner fees,3,other/unknown
enquiry on o-xxxix rule-2a cpc,3,other/unknown
admission  denial (10:00 am                                          ),3,other/unknown
stayed matters at 2.45 pm,3,interlocutory
amended plaint ready,3,other/unknown
comissioner report,3,other/unknown
reffered to lokadlat,3,other/unknown
hearning on i. a,3,interlocutory
for cross of pw1 and 2,3,evidence
b/w to witness,3,evidence
hearing on ia (12.00 pm                                          ),3,interlocutory
attachment of movables/immovables,3,other/unknown
cross of dw (11.00 am to 02.00pm                               ),3,evidence
to hear by (11:00 am                                          ),3,other/unknown
a.d.r. (10:00 am                                          ),3,other/unknown
steps  and  w/st.,3,other/unknown
p.o on leave/o.d,3,other/unknown
for objection to cr and steps,3,interlocutory
for appearance in person,3,service
pws (12pm-1pm                                          ),3,other/unknown
further cross of d.w.s.,3,evidence
for voc,3,other/unknown
remainder,3,other/unknown
reply / say,3,interlocutory
r. and p. (ready),3,other/unknown
first hearing under or. 10 rule 1,3,interlocutory
awaiting report (12:00 am                                          ),3,other/unknown
awaiting for dead report,3,other/unknown
report from mediation centre,3,other/unknown
for filing applications,3,interlocutory
"hearing of suit u/o-x,r-1and 2 of cpc",3,interlocutory
paper books,3,other/unknown
hearing on amendment petition,3,interlocutory
filing objection on petition,3,interlocutory
sho,3,other/unknown
application for amendment,3,interlocutory
statement of balance amount,3,other/unknown
non bailable warrant (10:00 am                                          ),3,service
statement of pw (10:00 am                                          ),3,other/unknown
appearence i.d. necessary oder,3,other/unknown
calculation seet,3,other/unknown
reply from s.p,3,interlocutory
appearance/production/s.d.t,3,service
s/r & appearance,3,service
interrogation,3,other/unknown
preliminary decre of insolvency,3,other/unknown
document/written statement,3,interlocutory
for document filed,3,other/unknown
accused examinations,3,evidence
warrant (10am to 1pm                                       ),3,service
crl m.p pending,3,other/unknown
n.b.w._ready (11.00 am   ),3,other/unknown
n.b.w._ready (02.30 - 03.30 pm                                  ),3,other/unknown
steps (12 pm                                             ),3,other/unknown
stale and ineffetive cases,3,other/unknown
n.b.w._unready (12.00pm    ),3,other/unknown
n.b.w._ready (3.30 pm    ),3,other/unknown
"honble high court,stayed",3,interlocutory
compromise (10:00 am                                          ),3,other/unknown
o.xv a case management hearing,3,interlocutory
w.s.and say,3,other/unknown
await records (11:00 am                                          ),3,other/unknown
produce voc,3,other/unknown
filing true copy of complainant petition,3,service
for p.a,3,other/unknown
further intimation from hon'ble high court,3,other/unknown
filling of documents.,3,other/unknown
filling show case.,3,other/unknown
execution and report,3,other/unknown
filling of relied on documents,3,other/unknown
commission report (10:00 am                                          ),3,other/unknown
cross examination pw (11:00 am                                          ),3,evidence
e/r of wpa,3,other/unknown
trial  ready (2pm to 5pm                                        ),3,other/unknown
stayed by district court (10:00 am                                          ),3,interlocutory
n.b.w._ready (4.30pm                                            ),3,other/unknown
ready compliance,3,other/unknown
appear before the trail court.,3,other/unknown
for filing rest court fee,3,other/unknown
for part record,3,other/unknown
filing of consolidated plaintiff,3,other/unknown
stay and further proceeding,3,interlocutory
clubbed,3,other/unknown
awaiting report and s.r,3,other/unknown
bw unready,3,other/unknown
realiasation for fine amount,3,other/unknown
for closing pursis of first party,3,other/unknown
"w.s,/say ready",3,other/unknown
w/s to cw14 and 15,3,other/unknown
e b c,3,other/unknown
styaed by honble high court,3,other/unknown
peti. req. for time,3,other/unknown
submission of law,3,other/unknown
realisation for fine amount,3,other/unknown
for hearing of petn,3,interlocutory
proving of p/a and appearance,3,service
bw is pending,3,other/unknown
further examination of d.w.1,3,evidence
further hearing on i.a.,3,interlocutory
delivery warrant,3,service
refer to mediation center,3,other/unknown
aarop sar,3,other/unknown
for 89cpc/counseling,3,other/unknown
stale and ineffective case,2,other/unknown
"honble industrial court, stayed",2,interlocutory
awaiting for oder from hon'ble  high court,2,other/unknown
awating report of t.c.,2,other/unknown
memo instructions,2,other/unknown
further cheif of dw,2,other/unknown
further  cross of  pw,2,evidence
hear on ia (2:45 pm                                           ),2,interlocutory
show cause notice to i.o.,2,service
pws and mo,2,other/unknown
awaiting orignial record,2,other/unknown
filing objection  and awaiting service return,2,service
filing draft of paper publication,2,other/unknown
filing result by defendant,2,other/unknown
awaiting for part-record,2,other/unknown
awaiting intimation from dj/sc,2,other/unknown
realisation of arrear maintenance,2,other/unknown
awaitng honourable high court decision,2,other/unknown
for filing address,2,other/unknown
service return and objection,2,service
n.b.w. (ready),2,other/unknown
proof of publication,2,other/unknown
service of general citation,2,service
"hearing of petition u/o-6,r-17 cpc filed by defts.",2,interlocutory
file undertaking,2,other/unknown
awaiting laps jail warrant,2,service
call for counsel(r),2,other/unknown
for recording pre-trail statements,2,other/unknown
statement of 246,2,other/unknown
for filing copy of draft publication,2,service
filing draft copy of publication,2,service
s.d.r. report,2,other/unknown
survey passed commissioner report,2,other/unknown
inform,2,other/unknown
for examination of witnesses (10:30am                                           ),2,evidence
n.b.w._unready (11:30 am                                          ),2,other/unknown
steps (12.00 am   ),2,other/unknown
b.w._ready (02:00 pm                                          ),2,other/unknown
depositing amount (12.00 pm                                          ),2,other/unknown
lok-nyayalaya (12.00 pm                                          ),2,other/unknown
w.s. and say (01.00 pm                                          ),2,other/unknown
awaiting notice (12.00 am                                          ),2,service
w.s. and say (12.00 am                                          ),2,other/unknown
ex_party hearing (12.00 am                                          ),2,interlocutory
awaiting r and p lower court (11:00 am                                          ),2,other/unknown
paper book (1:00 pm                                           ),2,other/unknown
verification (1:00 pm                                           ),2,other/unknown
steps (2:30 pm                                           ),2,other/unknown
preparation of paper book (10:00 am                                          ),2,other/unknown
list of witness (11:00 am   ),2,evidence
kept  in special drive (11:00 am   ),2,other/unknown
charge (4.00pm                                            ),2,charge
reply/say (3.00pm                                            ),2,interlocutory
ex_party hearing (2.45pm                                            ),2,interlocutory
notice_unready (3.30pm                                            ),2,service
steps_unready (12.00am                                           ),2,other/unknown
appearance (12.30 pm   ),2,service
compliance (3.30 pm    ),2,other/unknown
hearing (3.30pm                                            ),2,interlocutory
verification (02.30 - 03.30 pm                                  ),2,other/unknown
unready board (12.00 - 01.00 pm                                  ),2,other/unknown
filing of affidavit (10:00 am                                          ),2,other/unknown
payment of paper book charges (12:30 pm                                          ),2,charge
hearing before charge (12:30 pm                                          ),2,charge
b.w._unready (11:00 am   ),2,other/unknown
r and p ready (11:00 am   ),2,other/unknown
stayed by district court (11:00 am   ),2,interlocutory
verification (10:00 am                                          ),2,other/unknown
awaiting r and p (03:00 pm                                          ),2,other/unknown
notice_unready (01:00 pm   ),2,service
b.w._ready (01:00 pm                                          ),2,other/unknown
awaiting r and p (12.00 pm                                          ),2,other/unknown
b.w._ready (11.00 am                                          ),2,other/unknown
supply of copies (12.00 pm                                          ),2,other/unknown
payment of paper book charges (12.00 pm                                          ),2,charge
awaiting r and p lower court (01.00 pm                                          ),2,other/unknown
filing of say on exh___unready (11.00 am                                          ),2,other/unknown
awaiting r and p lower court (4:30 pm                                           ),2,other/unknown
stayed by honble high court (12:00 am                                          ),2,interlocutory
awaiting warrant (4:30 pm                                           ),2,service
awaiting report of commissioner (2:30 pm                                           ),2,other/unknown
payment of paper book charges (11:00 am                                          ),2,charge
supply of copies (10:00 am                                          ),2,other/unknown
not heard at 2.45 p.m. (12:00 pm                                          ),2,other/unknown
for hearing at 2.45 p.m. (11:00 am   ),2,interlocutory
stay by hon.sessions court,2,interlocutory
payment of paper book charges (01.00 pm                                          ),2,charge
notice_unready (5.00pm                                            ),2,service
steps_unready (5.00pm                                            ),2,other/unknown
notice_unready (12.00 pm                                          ),2,service
report (2.45pm                                            ),2,other/unknown
compliance (12.00am                                           ),2,other/unknown
verification (11.30 am   ),2,other/unknown
appearance (2.30 pm    ),2,service
awaiting notice (11:00 am   ),2,service
report (12.00am                                           ),2,other/unknown
lok-nyayalaya (4.30pm                                            ),2,other/unknown
filing of say on exh___unready (12.00 - 01.00 pm                                  ),2,other/unknown
citation (11:00 am                                          ),2,other/unknown
b.w._ready (02.30 - 03.30 pm                                  ),2,other/unknown
written statement (12 pm                                             ),2,interlocutory
report (1.00 pm                                           ),2,other/unknown
b.w._unready (12:00 noon                                        ),2,other/unknown
r and p ready (12:00 noon                                        ),2,other/unknown
awaiting for report (unready),2,other/unknown
report (2.45 pm                                           ),2,other/unknown
charge (02 pm                                             ),2,charge
notice of motion p.h. (12:00 pm                                          ),2,service
settlement in loknyayalay,2,other/unknown
counsellor report/ say to exh.,2,other/unknown
copy given to petitioner respondent,2,service
hearing  report,2,interlocutory
appearance -- counselling,2,service
call with mps (10:00 am                                          ),2,other/unknown
examination (10:00 am                                          ),2,evidence
objections (10:00 am                                          ),2,interlocutory
w.s (12.00 pm                                          ),2,other/unknown
list of witness and documents (afternoon session                                 ),2,evidence
custody matters (3.45pm                                            ),2,other/unknown
appearance of party (01:00 pm                                          ),2,service
hbc (03:00 pm                                          ),2,other/unknown
attachment movable warrant,2,service
a.d.r. (02-45pm                                           ),2,other/unknown
fixing the date of trial (morning session                                   ),2,other/unknown
concilatation,2,other/unknown
to produce documents.,2,other/unknown
for steps (02:45 pm                                          ),2,other/unknown
notice_unready (4 pm                                              ),2,service
appearance (04.00                                             ),2,service
appearance (03.00                                             ),2,service
appearance (1.00 pm                                           ),2,service
hearing (12.00 to 13.00                                    ),2,interlocutory
steps (12.00 to 13.00                                    ),2,other/unknown
awaiting warrant (13.00 pm                                          ),2,service
filing of say on exh___unready (01:00 pm                                          ),2,other/unknown
depositing amount (01:00 pm                                          ),2,other/unknown
ex_party hearing (10:00 am                                          ),2,interlocutory
say / hearing on exh____ready (12:00 noon                                        ),2,interlocutory
steps (1.00 pm                                           ),2,other/unknown
verification (2.45 pm                                           ),2,other/unknown
paper book (2.45 pm                                           ),2,other/unknown
awaiting r and p lower court (2.45 pm                                           ),2,other/unknown
steps_unready (2.45 pm                                           ),2,other/unknown
compliance (2.45 pm                                           ),2,other/unknown
n.b.w._unready (10 am                                             ),2,other/unknown
filing  affidavit of document (11:00 am                                          ),2,other/unknown
affidavit of service (11:00 am                                          ),2,service
mediation report (11:00 am                                          ),2,other/unknown
filing of say on exh____ready,2,other/unknown
claim affidavit,2,other/unknown
hearing below exh.........,2,interlocutory
hearing below exh._____,2,interlocutory
say on interim relif,2,interlocutory
w.s. say,2,other/unknown
say to exh. at 2.45 p.m.,2,other/unknown
transalation,2,other/unknown
last chance of written statement,2,interlocutory
return of salary attanchment warrant,2,service
filing of say on exh...... (ready),2,other/unknown
children interview,2,other/unknown
hearing on jurisdiction point,2,interlocutory
written statement  (11:00 am                                          ),2,interlocutory
list of witnesses and documents  (11:00 am                                          ),2,evidence
refer settlement of terms,2,other/unknown
settlement (11.00 am                                          ),2,other/unknown
objection to main petation,2,interlocutory
flw (12.00 pm                                          ),2,other/unknown
sattelement (12.00 pm                                          ),2,other/unknown
notice (04.00 pm                                          ),2,service
settlement (12.00 pm                                          ),2,other/unknown
objection (12.00 pm                                          ),2,interlocutory
arrest notice (03.00 pm                                          ),2,service
appearance of plaintiff,2,service
notice (afternoon session                                 ),2,service
objection. (morning session                                   ),2,interlocutory
await report (afternoon session                                 ),2,other/unknown
death certificate.,2,other/unknown
charge/ plea (morning session                                   ),2,charge
settlement. (morning session                                   ),2,other/unknown
referred to lokadalat/ a  d r,2,other/unknown
cognizance (11:00 am                                          ),2,other/unknown
objection (2.45pm                                            ),2,interlocutory
hearing (3.45pm                                            ),2,interlocutory
call for property particulars of accused,2,other/unknown
arest notice,2,service
attachment warant,2,other/unknown
postage,2,other/unknown
rejoinder/,2,other/unknown
cross of  ww,2,evidence
s.s. to accused (02:45 pm                                          ),2,other/unknown
a/w/m (02:45 pm                                          ),2,other/unknown
objections (02:45 pm                                          ),2,interlocutory
cross of dw1 (11:00 am                                          ),2,evidence
enquiry (02:45 pm                                          ),2,other/unknown
attachment warrant of movables (11:00 am                                          ),2,service
further hearing.,2,interlocutory
ws and objection,2,interlocutory
furnish surety,2,other/unknown
notice (11.00am                                           ),2,service
for written statement and objection,2,interlocutory
n.b.w. (11:00 am                                          ),2,other/unknown
attachment of moveables warrant,2,service
w/s and obdection,2,other/unknown
framing of charge or  plea (11 am to 12.30 pm                                 ),2,charge
for objections (11 am to 12.30 pm                                 ),2,interlocutory
for filing claim statement,2,other/unknown
referred to meditation,2,other/unknown
framing of  plea,2,charge
put up after final report,2,other/unknown
referred to adr,2,other/unknown
w/s of r2,2,other/unknown
sworn statement (01:00 pm                                          ),2,other/unknown
petitioner evidenc e (11:00 am                                          ),2,other/unknown
property produce,2,other/unknown
to hear (1:00 pm                                           ),2,other/unknown
nbw to accused (3:00 pm                                           ),2,service
reffer to lokadalth,2,other/unknown
settlement (2:45 pm                                           ),2,other/unknown
temporary injunction,2,other/unknown
framing of charge or plea (03:00 am to 5:00 pm                               ),2,charge
nbw to accused (1.00 pm                                           ),2,service
nbw (11.00 am                                          ),2,service
first hearing (3.00 pm                                           ),2,interlocutory
for objection (1.00 pm                                           ),2,interlocutory
await f i r,2,other/unknown
a.d.r.-civil,2,other/unknown
kept in abayance,2,other/unknown
for balance court fee to,2,other/unknown
commissioner fee,2,other/unknown
not to be included in njdg (need to discontinue),2,other/unknown
hearing (2:00 pm                                           ),2,interlocutory
objection for c.r,2,interlocutory
first hearing/maintainability-c (10:00 am                                          ),2,interlocutory
await salary particulars,2,other/unknown
await remander,2,other/unknown
comissioner warrant,2,service
n.b.w. (14:45 pm                                          ),2,other/unknown
for lokadalath (14:45 pm                                          ),2,other/unknown
furhter chief of pw,2,other/unknown
objection to  i.a.,2,interlocutory
call on (4.15 pm to 5.45 pm                                ),2,other/unknown
notice (02.45 pm to 05.45pm                               ),2,service
enquiry on i a (11.00 am to 02.00pm                               ),2,interlocutory
attachment warrant of movables (11.00 am to 02.00pm                               ),2,service
payment (11.00 am to 02.00pm                               ),2,other/unknown
objection (11.00 am to 02.00pm                               ),2,interlocutory
framing of  plea (02.45 pm to 05.45pm                               ),2,charge
re-ssue notice to respondent,2,service
hearing on ia (11.00 am to 02.00pm                               ),2,interlocutory
commnr. report/report,2,other/unknown
to hear on (10:00 am                                          ),2,other/unknown
call on (01:00 pm                                          ),2,other/unknown
payment balance,2,other/unknown
court  notice,2,service
"objections,  steps",2,interlocutory
to pay court fee,2,other/unknown
for issuance of process/service (11.00 am                                          ),2,service
awaiting report (12.00 pm                                          ),2,other/unknown
awaiting records (01.00 pm                                          ),2,other/unknown
for issuance of process / service (01.00 pm                                          ),2,service
for alerts before action (12.00 pm                                          ),2,other/unknown
for amendement (11:00 am                                          ),2,other/unknown
notice (4:00 pm                                           ),2,service
cross of pws (11:00 am to 02:00 pm                              ),2,evidence
to fresh surety,2,other/unknown
plea (3.00 pm                                           ),2,charge
call on lok adalth (3.00 pm                                           ),2,other/unknown
amendment of plaint (11.00 am                                          ),2,other/unknown
to hear on i.a. -1 (11.00 am                                          ),2,interlocutory
to hear on i.a,2,interlocutory
for paper publication (3.00 pm                                           ),2,other/unknown
await lcr (11.00 am                                          ),2,other/unknown
enquiry (12.00 pm                                          ),2,other/unknown
objections (12.00 pm                                          ),2,interlocutory
awaiting report (11.00 am                                          ),2,other/unknown
flw to respondent (3.00 pm                                           ),2,other/unknown
hearing (12.00 am                                          ),2,interlocutory
direction to s.h.o,2,other/unknown
included in the list,2,other/unknown
take steps.,2,other/unknown
awit lcr,2,other/unknown
hearing on prosecution,2,interlocutory
return of steps,2,other/unknown
notice to the respondents,2,service
reference is returned to lao.,2,other/unknown
reminder to fsl,2,other/unknown
for counter (10:00 am                                          ),2,other/unknown
82-83 steps (10:00 am                                          ),2,other/unknown
replication (11:00 am                                          ),2,other/unknown
objection (11am-12am                                         ),2,interlocutory
service report and ws (2pm-3pm                                           ),2,service
cost for police help,2,other/unknown
written statement (11am-12am                                         ),2,interlocutory
adr hearing,2,interlocutory
appearence/ws,2,other/unknown
further pws,2,other/unknown
lower court report  service report,2,service
steps  address,2,other/unknown
reply of notice,2,service
cross examination of plaintiff/claimant witness (12.30 to 1.00 pm                                  ),2,evidence
further enquery,2,other/unknown
written objectio,2,other/unknown
for chemical report,2,other/unknown
for balance statement.,2,other/unknown
for valuation report.,2,other/unknown
produce draft sale deed,2,other/unknown
registered mc,2,other/unknown
await  notice,2,service
for pre trail steps,2,other/unknown
"complainant absent,represented.",2,other/unknown
reffered to mediater,2,other/unknown
fresh notice to parties,2,service
for verification and commiital,2,other/unknown
for depositing bata,2,other/unknown
production of accused (12pm-1pm                                          ),2,other/unknown
objection and hearing (12pm-1pm                                          ),2,interlocutory
steps before preliminary hearing (12pm-1pm                                          ),2,interlocutory
cross (1pm-2pm                                           ),2,evidence
cross examination of plaintiff/claimant witness (12pm-1pm                                          ),2,evidence
w.s. against the counter claim,2,other/unknown
ex-parte arguement,2,arguments
hearing (10.30 am -01.00 pm                                ),2,interlocutory
written statement (12.30 to 1.00 pm                                  ),2,interlocutory
steps/report,2,other/unknown
hearing on c.c.,2,interlocutory
enquiry. (10.30 am                                          ),2,other/unknown
"s/r, w/s if any.",2,other/unknown
appereance of parties/ advocates,2,other/unknown
documents (10:00 am                                          ),2,other/unknown
copy.......,2,service
deficit court fee dcf,2,other/unknown
consideration of charge(cc),2,charge
c.c.,2,other/unknown
d and i,2,other/unknown
s/r and w/s and n/o,2,other/unknown
copy/ot,2,service
hearing (11.30am                                           ),2,interlocutory
examination of parties,2,evidence
awaiting summous,2,other/unknown
sa/hearing on exh,2,interlocutory
"awaiting r , p",2,other/unknown
compliance (03.00 pm                                          ),2,other/unknown
state defence sd,2,other/unknown
await w/a report,2,other/unknown
n/o,2,other/unknown
depositing court fee,2,other/unknown
filing objection/ no objection,2,interlocutory
hearing on sentance,2,interlocutory
filing of requisites  and app. of defendent.,2,other/unknown
prodution of accused,2,other/unknown
notice to informant,2,service
lawyer death,2,other/unknown
filing of requisites by plaintiff/petitioner,2,other/unknown
for appearance of rest of the respondents,2,service
charges framed,2,charge
appearance of parties/ advocates (11:30                                             ),2,service
reply of application/ steps by parties (02.00 pm                                          ),2,interlocutory
cognizance / issuance of process/ service (12.30 pm                                          ),2,service
awaiting report (11:00                                             ),2,other/unknown
hearing on admission (14:30                                             ),2,interlocutory
compliance (03:00 pm                                          ),2,other/unknown
compliance (02:00 pm                                          ),2,other/unknown
reply of application/ steps by parties (04.30pm                                           ),2,interlocutory
framing of charge/ plea (10:00 am                                          ),2,charge
proclamation under section 82-83 cr.p.c. (14:00                                             ),2,other/unknown
appearance of parties/ advocates (14:30                                             ),2,service
awaiting records (11:00                                             ),2,other/unknown
written statement (12.00pm                                           ),2,interlocutory
cognizance / issuance of process/ service (16:30                                             ),2,service
written statement (11:00                                             ),2,interlocutory
rejoinder / additional written statement (12:00                                             ),2,interlocutory
appearance of parties/ advocates (11:30 am                                          ),2,service
service of non-bailable warrant (11.00am                                           ),2,service
rejoinder / additional written statement (),2,interlocutory
stayed by higher court (01.00pm                                           ),2,interlocutory
cognizance / issuance of process/ service (10.30am                                           ),2,service
cognizance / issuance of process/ service (04.00pm                                           ),2,service
await notice (11:00 am                                          ),2,service
filing requisites (11:00 am                                          ),2,other/unknown
substitution of plaint,2,other/unknown
original report,2,other/unknown
for re-joinder,2,other/unknown
filing requisite by the complainant,2,other/unknown
for filing of w.s.,2,other/unknown
application for staying the operation,2,interlocutory
awainting non-applicant,2,other/unknown
gua. and succ. awaiting defendant,2,other/unknown
138,2,other/unknown
recording  of  statements,2,other/unknown
awaited for counsel of defendants,2,other/unknown
statement of facts,2,other/unknown
awaiting for applicant(s),2,other/unknown
await of applicant,2,other/unknown
service of defandants/accused,2,service
crpc 488 objections,2,interlocutory
for submission of documents,2,other/unknown
referred for mediation,2,other/unknown
hearing on stay petition.,2,interlocutory
consideration of memo (10:00 am                                          ),2,charge
awaiting s.r.  p.a.,2,other/unknown
for substitution of l/r,2,other/unknown
filing of counter r-1 & sr of r-2,2,other/unknown
filing of counter by r-1 & r-2 (11:00 am                                          ),2,other/unknown
objection on amendnent on petition,2,interlocutory
hearing of the valuation report,2,interlocutory
consideration of proof of service,2,charge
awaiting report (10:00 am                                          ),2,other/unknown
filing of substitution,2,other/unknown
fresh step and awaiting lcr,2,other/unknown
hearing on point of exemption,2,interlocutory
filling of authentication fee,2,other/unknown
awaiting receipt of reply,2,interlocutory
hearing on congnizance,2,interlocutory
awaiting m.os. (11:00 am                                          ),2,other/unknown
realisation of fine amount,2,other/unknown
for office note,2,other/unknown
filing consolidated claim petition,2,other/unknown
awainting plaintiff,2,other/unknown
lok nayala),2,other/unknown
calling of lower court file,2,other/unknown
n.b.w (unready),2,other/unknown
preliminary statement (11:00 am                                          ),2,other/unknown
awaited parawise report,2,other/unknown
awaited parties (11:00 am                                          ),2,other/unknown
witness (10:00 am                                          ),2,evidence
eviddence of plaintiff / petitioner (11:00 am                                          ),2,other/unknown
awaited (11:00 am                                          ),2,other/unknown
guar. and succ. for objection,2,interlocutory
awaiting of  appeallant,2,other/unknown
charge sheet framed,2,charge
awaited for appearence of plantifs witness,2,evidence
awaiting of appeallant,2,other/unknown
awaing report,2,other/unknown
witness of accused,2,evidence
civil  compromise,2,other/unknown
civil  for record,2,other/unknown
await for non-applicant,2,other/unknown
stament of complainant,2,other/unknown
waiting (10:00 am                                          ),2,other/unknown
nbw-n/s (10:00 am                                          ),2,service
204 cr p.c,2,other/unknown
re-investigation,2,other/unknown
for examination of witnesses (10:00 am                                          ),2,evidence
reference to adrm/mediation,2,other/unknown
statemete 246 cr.p.c.,2,other/unknown
appearance of party / advocate (10:00 am                                          ),2,service
appearance of accused (12 pm                                             ),2,service
filing of rejoinder,2,other/unknown
judicial remand(to be produced in the court on next date),2,other/unknown
appearance of accused (12:00 am                                          ),2,service
statemete 244 cr.p.c.,2,other/unknown
for appearence (11:00 am                                          ),2,other/unknown
for survey commissioners report,2,other/unknown
copying (12:00 pm                                          ),2,service
to provide copies,2,other/unknown
written      statement,2,other/unknown
for filing of document,2,other/unknown
production and report,2,other/unknown
appearnce and copy,2,service
hearing on admissibility,2,interlocutory
filing draft copy of notice for paper publication etc.,2,service
w.s and w.o as last chance,2,other/unknown
filing w.s and w.o,2,other/unknown
interlocutary,2,other/unknown
s/r  a/d of defendent,2,other/unknown
awaiting received challan,2,other/unknown
app  and amp plea,2,charge
hearing and w/o,2,interlocutory
"w/s and s/r ,a/d",2,other/unknown
draft copy for publication,2,service
writte objection,2,interlocutory
written      objection,2,interlocutory
ws and steps,2,other/unknown
ex. patry disposal,2,other/unknown
202 statement (1:00 pm                                           ),2,other/unknown
cross examine pw-2,2,evidence
hearing the civil revision,2,interlocutory
lcr and will,2,other/unknown
furtherreport,2,other/unknown
written objection as last chance,2,interlocutory
schedule date of trial,2,other/unknown
s.d.t. and appearence,2,other/unknown
app & i/o's report,2,other/unknown
for verification report,2,other/unknown
filing w/o by the o.p.,2,other/unknown
for hearing the petn,2,interlocutory
for s.a and appearance,2,service
documents and w/s,2,other/unknown
"w.s, w.o as last chance",2,other/unknown
exparte hearing of injunction and suit,2,interlocutory
draft copy and paper publication,2,service
hearing document production petition,2,interlocutory
copy of challan,2,service
f.o.p.w,2,other/unknown
appearance / written statement,2,service
discovery and  inspection,2,other/unknown
awating received challan,2,other/unknown
printed copy of paper publication,2,service
o.p.w.s.,2,other/unknown
maintainability hearing,2,interlocutory
explanation of i/o 039 report,2,other/unknown
filing of draft,2,other/unknown
l.c.r and s/r and a/d,2,other/unknown
hearing on injunction application (12:00 pm   ),2,interlocutory
framing of charge (11:00 am   ),2,charge
for forther proceeding,2,other/unknown
acount check,2,other/unknown
compromize,2,other/unknown
replay,2,other/unknown
examination in chief (02.30 pm   ),2,evidence
er (01.00 pm   ),2,other/unknown
appereance (10.00 am   ),2,other/unknown
written objection/written staement,2,interlocutory
framing of charge/plea (10:00 am   ),2,charge
written statement/reply (11:00 am                                          ),2,interlocutory
reply (12:00 pm   ),2,interlocutory
for joining of heirs,2,other/unknown
for accused presence (11:00 am                                          ),2,other/unknown
precounsling,2,other/unknown
mediation balod,2,other/unknown
rajinama,2,other/unknown
accused examine,2,other/unknown
hearing on written objection,2,interlocutory
l.c. record and hearing,2,interlocutory
sr and step by claimant,2,other/unknown
claim statement and written objection,2,interlocutory
step by claimant and w/s,2,other/unknown
report (11.00 am   ),2,other/unknown
pw (11.00 am   ),2,other/unknown
hearing (10.00 am   ),2,interlocutory
step by op,2,other/unknown
cross examination (01.00 pm   ),2,evidence
sr and appearance (01.00 pm   ),2,service
er (02.30 pm   ),2,other/unknown
for hearing on appeal,2,interlocutory
for listing,2,other/unknown
filing examination in chief (10:00 am                                          ),2,evidence
reply (10-30 to 11-00am                                  ),2,interlocutory
receipt of report,2,other/unknown
filing of w.o.,2,other/unknown
steps and filing deposition in chief of pws,2,other/unknown
warrant of  arrest,2,service
matter relaing to accused statment (04 00 pm   ),2,other/unknown
matter relating to hearing of interim application (01 pm                                             ),2,interlocutory
complainant witness,2,evidence
filing of application,2,interlocutory
p.w. hearing and deposition in chief of p.w.,2,interlocutory
appearance / f.p,2,service
written statement & appearance,2,service
call with mps (11:00 am                                          ),2,other/unknown
deed of relinquishment,2,other/unknown
313  statement (10am to 1pm                                       ),2,evidence
valuation (2pm to 5pm                                        ),2,other/unknown
family council,2,other/unknown
furnishing surety (2pm to 5pm                                        ),2,other/unknown
r  p ready,2,other/unknown
case management hearing / pre - trial conference,2,interlocutory
notice and record (11:00 am                                          ),2,service
sur-rejoinder,2,other/unknown
project/provisional chart of allotment,2,other/unknown
addl. statement on oath,2,other/unknown
statement of oath (2pm to 5pm                                        ),2,other/unknown
additional written statement (2pm to 5pm                                        ),2,interlocutory
proclomation (10am to 1pm                                       ),2,other/unknown
dormant file (10am to 1pm                                       ),2,other/unknown
not heard before 12 00 pm,2,other/unknown
for verification (11:00 am                                          ),2,other/unknown
notice cases (12:00 pm                                          ),2,service
for consideration (11:00 am   ),2,charge
hearing without w.s. (01.00 pm                                          ),2,interlocutory
ex_party hearing (10:00 am   ),2,interlocutory
steps (01 pm                                             ),2,other/unknown
charge (11.30 am                                          ),2,charge
compliance (01:00 pm                                          ),2,other/unknown
steps (12:00 noon ),2,other/unknown
bringing l.r.s (12.00 pm                                          ),2,other/unknown
amended w.s. (11.00 am                                          ),2,other/unknown
preparation of paper book (4:30 pm                                           ),2,other/unknown
preparation of paper book (3:30 pm                                           ),2,other/unknown
steps_unready (4:30 pm                                           ),2,other/unknown
stayed by honble high court (3:30 pm                                           ),2,interlocutory
awaiting r and p lower court (1:00 pm                                           ),2,other/unknown
awaiting report of commissioner (3:30 pm                                           ),2,other/unknown
cases at 2.45 p.m.(reply unready),2,interlocutory
payment of paper book charges (3.00pm                                            ),2,charge
awaiting r and p (1.00pm                                            ),2,other/unknown
awaiting warrant (2.30 pm    ),2,service
reply/say (12.00pm    ),2,interlocutory
n.b.w._ready (12.00pm    ),2,other/unknown
n.b.w._ready (10 am                                             ),2,other/unknown
statement of acceussed,2,other/unknown
no w.s.,2,other/unknown
awating mediatin report,2,other/unknown
hearing as per consent terms,2,interlocutory
hearing  documents,2,interlocutory
plea (12.00 pm                                          ),2,charge
await report (03.00 pm                                          ),2,other/unknown
call for lower court records,2,other/unknown
proclomation (01:00 pm                                          ),2,other/unknown
paper book (03.45 pm                                          ),2,other/unknown
r and p ready (03.45 pm                                          ),2,other/unknown
filing of say on exh___unready (04:45 pm                                          ),2,other/unknown
paper book (02 pm                                             ),2,other/unknown
payment of paper book charges (10 am                                             ),2,charge
say / hearing on exh____ready (02 pm                                             ),2,interlocutory
dismissal (10:00 am                                          ),2,other/unknown
b.a. no. in spl. c. no,2,other/unknown
dismissal (12:00 pm                                          ),2,other/unknown
hearing of before charge,2,charge
orde on p.p.,2,other/unknown
ex-party hearing....r,2,interlocutory
amendement w. s.,2,other/unknown
report _ interim hearing,2,interlocutory
say to exh. hearing on exh.,2,interlocutory
high court - time limit - at 10.30 a.m.,2,other/unknown
part heard  at 3  p.m.,2,other/unknown
engrasement of sale deed,2,other/unknown
cross examination of res /def,2,evidence
stay (11:00 am                                          ),2,interlocutory
flw (11:00 am                                          ),2,other/unknown
ws (12.00 pm                                          ),2,other/unknown
nbw to accused (01.00 pm                                          ),2,service
c/w,2,other/unknown
balance (12.00 pm                                          ),2,other/unknown
stayed.,2,interlocutory
hearing stage,2,interlocutory
amendment copy,2,service
appearance of party (02:45 pm                                          ),2,service
for records,2,other/unknown
clarrification,2,other/unknown
memo of instructions,2,other/unknown
a.c.r.,2,other/unknown
fdt-fixing date of trial (11:00 am                                          ),2,other/unknown
a/wst.,2,other/unknown
"for charge, (11.00 am to 02.00pm                               )",2,charge
paper  publication,2,other/unknown
apperance of accused (04.45 pm                                          ),2,other/unknown
for attachment/ arrest/ garnishee proceedings (12.00 pm                                          ),2,other/unknown
framing of charge or  plea (3:00 pm                                           ),2,charge
to hear on (12.00 pm                                          ),2,other/unknown
objection (3.00 pm                                           ),2,interlocutory
for rejoinder application if any,2,interlocutory
for payment of entire arrears of rent,2,other/unknown
payment and objection,2,interlocutory
for steps (2.45 pm to 4.15 pm                                ),2,other/unknown
custody matters (11 am to 12.30 pm                                 ),2,other/unknown
await report (02.45 pm to 05.45pm                               ),2,other/unknown
await report (11.00 am to 02.00pm                               ),2,other/unknown
framing of charge or  plea (11.00 am to 02.00pm                               ),2,charge
warrant (11.00 am to 02.00pm                               ),2,service
appearance of accussed (11.00 am to 02.00pm                               ),2,service
for balance of payment.,2,other/unknown
further cross of pw1 (11.00 am to 02.00pm                               ),2,evidence
further chief of pw1 (11.00 am to 02.00pm                               ),2,other/unknown
await ss,2,other/unknown
await report (01:00 pm                                          ),2,other/unknown
cross examination of r.w.,2,evidence
verify draft,2,other/unknown
await    commission    warrant,2,service
for section 89 cpc/counceling,2,other/unknown
discovery by interrogatories,2,other/unknown
"nbw,proclamation, attachment  warrantr (12.00 pm                                          )",2,service
appearance of party (11.00 am                                          ),2,service
proclamation (11.00 am                                          ),2,other/unknown
for report of settelment,2,other/unknown
for clarrification,2,other/unknown
appearance of accussed (12.00 am                                          ),2,service
further hearing to,2,interlocutory
repeat nbw and notice to sureties,2,service
for preliminary hearing of charge.,2,charge
bcf,2,other/unknown
appear along with ward,2,other/unknown
ws nfl hearing,2,interlocutory
lcr and appeal hearing.,2,interlocutory
examination of m.o. / official witness,2,evidence
suit restored and posted to,2,other/unknown
stay continues,2,interlocutory
await warrant.,2,service
remanded to jail,2,other/unknown
produce certified copy.,2,service
counter and payment,2,other/unknown
appear for mediation,2,other/unknown
cross examination of plaintiff/claimant witness (10am-11am                                         ),2,evidence
deed,2,other/unknown
settlement petition,2,other/unknown
service report and ws (10.30 am                                          ),2,service
reply to showcause.,2,interlocutory
hearing1,2,interlocutory
stayed by honble high court.,2,interlocutory
court fee and stamp,2,other/unknown
cognizance / issuance of process/ service (12:00 am                                          ),2,service
reply of application/ steps by parties (02:00 am                                          ),2,interlocutory
police papar,2,other/unknown
remove of defect,2,other/unknown
hearing on admission (15:30                                             ),2,interlocutory
proclamation under section 82-83 cr.p.c. (12:30                                             ),2,other/unknown
framing of charge/ plea (15:00                                             ),2,charge
stayed by higher court (11:30                                             ),2,interlocutory
reply of application/ steps by parties (11:30 am                                          ),2,interlocutory
attachment/ arrest/garnishee proceedings (02.00 pm                                          ),2,other/unknown
compliance (02.00 pm                                          ),2,other/unknown
cognizance / issuance of process/ service (02.30pm                                           ),2,service
awalokan,2,other/unknown
proclamation under section 82-83 cr.p.c. (10:00 am                                          ),2,other/unknown
awaiting records (11:00 am                                          ),2,other/unknown
reply of application/ steps by parties (12-01 pm                                          ),2,interlocutory
awaiting records (10:30 am                                          ),2,other/unknown
hearing on sentence (02:00 pm                                          ),2,interlocutory
awaiting records (02:00 pm                                          ),2,other/unknown
hearing on admission (10:30                                             ),2,interlocutory
awaiting records (16:00                                             ),2,other/unknown
rejoinder / additional written statement (12:30                                             ),2,interlocutory
attachment/ arrest/garnishee proceedings (),2,other/unknown
awaiting report (10.30am                                           ),2,other/unknown
supply of charge-sheet and copies (),2,charge
committal (),2,other/unknown
awaiting report (04.00pm                                           ),2,other/unknown
awaiting report (12.00pm                                           ),2,other/unknown
remarks,2,other/unknown
stayed by supreme court,2,interlocutory
clearance from the competent authority,2,other/unknown
conslidated copy of appeal memo (11:00 am                                          ),2,service
filing requisites (10:00 am                                          ),2,other/unknown
awating p.r (10:00 am                                          ),2,other/unknown
hearing on the appeal (11:00 am                                          ),2,interlocutory
"u/o - 39, r-3",2,other/unknown
filing of requisite app. of defendent,2,other/unknown
removal defect on counter claim,2,other/unknown
filling of documenmts_,2,other/unknown
show cause (11:00 am                                          ),2,other/unknown
removal defect (11:00 am                                          ),2,other/unknown
styed by hon'ble high court (11:00 am                                          ),2,other/unknown
awaiting report of receiver (11:00 am                                          ),2,other/unknown
supply of police paper (11:00 am                                          ),2,other/unknown
initial statement (11:00 am                                          ),2,other/unknown
awaited for report,2,other/unknown
awaiting defendants (11:00 am                                          ),2,other/unknown
awaited plantiff (11:00 am                                          ),2,other/unknown
challan.,2,other/unknown
anti corrup warrant,2,service
mact statement,2,other/unknown
awaited for witnesses,2,evidence
awating petitoner,2,other/unknown
hearing on the limitation petition. (11:00 am                                          ),2,interlocutory
service proof (10:00 am                                          ),2,service
accused statement (11:00 am                                          ),2,other/unknown
comissioners report (10:00 am                                          ),2,other/unknown
for filing of fresh steps,2,other/unknown
for filling objection,2,interlocutory
substitution of petition,2,other/unknown
for issuance of writ,2,other/unknown
arguement on exh____(ready),2,arguments
appointment as pleader commissioner,2,charge
clubbed in gr,2,other/unknown
institution of   case,2,other/unknown
filing amended ws,2,other/unknown
awaiting m.o and c.e report,2,other/unknown
filing address of the sole arbitrator,2,other/unknown
filing of acceptance petition,2,other/unknown
objection and valuation,2,interlocutory
filling of limitation notice,2,service
for serving of copy,2,service
for acceptance of  ws,2,other/unknown
step in-aid of execution,2,other/unknown
awaiting for other information from honourable court,2,other/unknown
ex-party,2,other/unknown
nbw (ready),2,service
satisfication,2,other/unknown
for next hearing (11:00 am                                          ),2,interlocutory
awaiting for honble high court out come,2,other/unknown
await of petitioner,2,other/unknown
await of non-applicant,2,other/unknown
list of properties,2,other/unknown
awaited for original file,2,other/unknown
arguement on intrim application,2,arguments
for appearance of parties/advocates (10:00 am                                          ),2,service
cross-examination (10:00 am                                          ),2,evidence
for examination of witnesses (3 pm                                              ),2,evidence
notice of appl u/o 21 rule 66 cpc for settling terms of sale,2,service
"for filing of w.s.,w.o. and injunction hearing",2,interlocutory
acceptance of commissioner report,2,other/unknown
filing w/o,2,other/unknown
"s/r, appearance and dir",2,service
awaiting for original case record from upper court,2,other/unknown
rebutal (11:00 am                                          ),2,other/unknown
200 statement (12:00 pm                                          ),2,other/unknown
for w/a,2,other/unknown
today's filing,2,other/unknown
for filing amended,2,other/unknown
consideration  of  petition,2,charge
hearing interrogatories petition,2,interlocutory
p.r.,2,other/unknown
payment and hearing petition filed be the respondent,2,interlocutory
aceptance of written statement,2,interlocutory
requisite filed,2,other/unknown
appointment of p.p. in. charge,2,charge
approval of draft,2,other/unknown
w/o and sr/ad,2,other/unknown
frerh step,2,other/unknown
for appearance of parties / advocates,2,service
recovery warrant (11:00 am   ),2,service
for waiting the warant,2,other/unknown
submission of calculation sheet,2,other/unknown
distress warrant,2,service
for reply  of opponent (11:00 am   ),2,interlocutory
for arguement of applicant (11:00 am   ),2,arguments
for counter affidavit (11:00 am   ),2,other/unknown
for arguement of opponent (11:00 am   ),2,arguments
appointment of receiver,2,other/unknown
service of process (10:00 am   ),2,service
process of execution (10:00 am   ),2,service
process of execution (11:00 am                                          ),2,service
stay by upper  court,2,interlocutory
appereanc/written statement,2,interlocutory
setteling date for,2,other/unknown
to present the document,2,other/unknown
accused examination 313 cr.p.c.,2,evidence
apperance and w/ s by ops,2,other/unknown
er (10:00 am                                          ),2,other/unknown
referance for transfer cases,2,other/unknown
submission of report and hearing,2,interlocutory
consent terms/settlement (10am to 1pm                                       ),2,other/unknown
additional documents,2,other/unknown
reply/arg on exbt. (10am to 1pm                                       ),2,interlocutory
r and p ready (11.30 am                                          ),2,other/unknown
filing of say on exh___unready (12.00 pm                                          ),2,other/unknown
steps_unready (2:30 pm                                           ),2,other/unknown
proclaimation (11:00 am                                          ),2,other/unknown
ss and sw cases (11:00 am                                          ),2,other/unknown
not heard cases at 2.45 pm,2,other/unknown
stayed by district court (4.00pm                                            ),2,interlocutory
notice_unready (12.00pm    ),2,service
hearing (4.30pm                                            ),2,interlocutory
appearance (10:30 am                                          ),2,service
notice_unready (12:30 pm                                          ),2,service
n.b.w._ready (02:00 pm                                          ),2,other/unknown
awaiting warrant (01:00 pm   ),2,service
reply/say (01:00 pm   ),2,interlocutory
say / hearing on exh____ready (12.00 am                                          ),2,interlocutory
for statement  313 cr.pc (11:00 am                                          ),2,evidence
appearance of accused (1:00 pm                                           ),2,service
statement in 1st session (12:00 pm                                          ),2,other/unknown
cases at 2 45 pm (11:00 am                                          ),2,other/unknown
part  heard at  2.45p.m. (1:00 pm                                           ),2,other/unknown
depositing amount (2.45pm                                            ),2,other/unknown
b.w._unready (3.00pm                                            ),2,other/unknown
steps_unready (12.00pm    ),2,other/unknown
additional w.s. (10:00 am   ),2,other/unknown
awaiting warrant (3.30pm                                            ),2,service
lok-nyayalaya (2.30pm                                            ),2,other/unknown
n.b.w._unready (3.30pm                                            ),2,other/unknown
n.b.w._unready (2.30pm                                            ),2,other/unknown
list of witness (10:00 am                                          ),2,evidence
b.w._unready (02.30 - 03.30 pm                                  ),2,other/unknown
depositing amount (12.00 - 01.00 pm                                  ),2,other/unknown
b.w._unready (12.00 - 01.00 pm                                  ),2,other/unknown
filing of say on exh___ready (02 pm                                             ),2,other/unknown
notice of motion (12:00 pm                                          ),2,service
cross of wittness (12.00 pm                                          ),2,evidence
balance (02:45 pm                                          ),2,other/unknown
cros of dw 2 and 3,2,other/unknown
settlement (12.30 pm to 2 pm                                  ),2,other/unknown
hearing (12.00 pm   ),2,interlocutory
notice ready (2.45 pm                                           ),2,service
paper book (10 am                                             ),2,other/unknown
hearing (02 pm                                             ),2,interlocutory
sayhearing on exh.ready (11:00 am                                          ),2,interlocutory
supreme court expediated time bound,2,other/unknown
report (12:00 pm                                          ),2,other/unknown
stayed by industrial court,2,interlocutory
petition pending,2,other/unknown
appearance  of plaintiff,2,service
await attachment warrant of movables of jdr,2,service
amended plaint (12.00 pm                                          ),2,other/unknown
objection (03.00 pm                                          ),2,interlocutory
amendment petitioner,2,other/unknown
await court notice,2,service
amendment of plaint/complaint/ws,2,other/unknown
await comm. report,2,other/unknown
for amendment of plaint (12.30 pm to 2 pm                                  ),2,other/unknown
further cross of pw1,2,evidence
for cross of pw2,2,evidence
sworn statement (11.00 am                                          ),2,other/unknown
for examination of witnesses (03.45 pm                                          ),2,evidence
to hear respondent,2,other/unknown
f/c of pw1 (11:00 am                                          ),2,other/unknown
written statement (1.00 pm                                           ),2,interlocutory
to hear on memo,2,other/unknown
amended plaint (02.45 pm to 05.45pm                               ),2,other/unknown
cross of pw1 (02.45 pm to 05.45pm                               ),2,evidence
valuation slip,2,other/unknown
office to verify,2,other/unknown
attachment warrent of moveables (11.00 am                                          ),2,other/unknown
steps (3.00 pm                                           ),2,other/unknown
hearing on ia (11.00 am                                          ),2,interlocutory
court commissioner (11.00 am                                          ),2,other/unknown
stay continuous,2,interlocutory
for deposit bata,2,other/unknown
for further cross,2,evidence
address to cjm for l.p sanction,2,other/unknown
for appearence of the juvenille in conflict with l,2,other/unknown
return of notice in ia,2,service
cross examination of prosecution witness (01.30 pm - 04.00 pm                               ),2,evidence
deposit of money..,2,other/unknown
steps for amendment.,2,other/unknown
hearing on point of charge,2,charge
bringing l.rs039s,2,other/unknown
admission denial,2,other/unknown
filing proof affidavit,2,other/unknown
produce e c and v c,2,other/unknown
compromise (12pm-1pm                                          ),2,other/unknown
hearing and n/o.,2,interlocutory
cross examination of plaintiff/claimant witness (11:00 am                                          ),2,evidence
hearing before charge (12.30pm                                           ),2,charge
pairvi,2,other/unknown
awaiting receipt of lcr,2,other/unknown
for appearance of fest of the op/ ops,2,service
framing of charge/ plea (15:30                                             ),2,charge
awaiting records (03.30pm                                           ),2,other/unknown
awaiting report (02:00 pm                                          ),2,other/unknown
rejoinder / additional written statement (13:00                                             ),2,interlocutory
appearance of accused (2:00                                              ),2,service
attachment/ arrest/garnishee proceedings (12:00                                             ),2,other/unknown
execution of d.w/n.b.w,2,other/unknown
awaiting original record from honble court,2,other/unknown
filling of documenmts..,2,other/unknown
consideration of memo..,2,charge
realisation of arrear maintaince amount,2,other/unknown
for execution of d.w,2,other/unknown
warrant 512,2,service
awaiting for decree holder,2,other/unknown
counter and petition hearing,2,interlocutory
office report for counter claim,2,other/unknown
u/o x r 1 and 2,2,other/unknown
filing of consolidated counter claim,2,other/unknown
sr of op1 and  ws by op2,2,other/unknown
awaiting writ,2,other/unknown
taken to trial file,2,other/unknown
for other purpose,2,other/unknown
appeal-notice,2,service
amended application,2,interlocutory
hearing-,2,interlocutory
recovery of mantainance,2,other/unknown
disposal (11:00 am                                          ),2,other/unknown
with os,2,other/unknown
cross examination dw (10:00 am                                          ),2,evidence
appearence (1:00 pm                                           ),2,other/unknown
appr. and awaiting lcr,2,other/unknown
execution of s.w,2,other/unknown
appearance of i.o and report,2,service
hearing substitution petition,2,interlocutory
b.l and l.r.o report,2,other/unknown
p.r. and s.r.,2,other/unknown
awating receipt of original case record,2,other/unknown
decree correction,2,other/unknown
e/r and appearance,2,service
publication in the news paper,2,other/unknown
process of execution (11:30 am   ),2,service
for demarkation report,2,other/unknown
case to be transferred,2,other/unknown
writ,2,other/unknown
for transfer of decree,2,other/unknown
for process fees,2,service
stay by uppper court,2,interlocutory
counter reply and hearing,2,interlocutory
s/c & hearing,2,interlocutory
matter relating to hearing of interim application (02 00 pm   ),2,interlocutory
accusedexamination,2,evidence
"82, 83 proceedings",2,other/unknown
compliance report (10am to 1pm                                       ),2,other/unknown
f.cross (10am to 1pm                                       ),2,evidence
313 st (10am to 1pm                                       ),2,evidence
b/w pending,2,other/unknown
observation,2,other/unknown
steps - ready (2pm to 5pm                                        ),2,other/unknown
paper book (11.30 am                                          ),2,other/unknown
proclaimation (1:00 pm                                           ),2,other/unknown
not heard cases at 2.45 p.m. (11:00 am                                          ),2,other/unknown
stale and ineffective cases (11:00 am                                          ),2,other/unknown
dormant file (01.00 pm                                          ),2,other/unknown
dormant file (11:00 am   ),2,other/unknown
proclomation (10:00 am   ),2,other/unknown
dormant file (2.30pm                                            ),2,other/unknown
stayed by honble high court (12.00 - 01.00 pm                                  ),2,interlocutory
steps (12:00 pm   ),2,other/unknown
bringing l.r.s (11.00 am                                          ),2,other/unknown
n.b.w._unready (12:00 am                                          ),2,other/unknown
proclomation (12:00 am                                          ),2,other/unknown
committal (1:00 pm                                           ),2,other/unknown
part heard (1:00 pm                                           ),2,other/unknown
hearing without w.s. (11:00 am   ),2,interlocutory
hearing on nfl appln. (03.30 - 04.30 pm                                  ),2,interlocutory
hearing before charge (10:00 am                                          ),2,charge
report (12:00 noon                                        ),2,other/unknown
filing  affidavit of document (12:00 pm                                          ),2,other/unknown
others (12.30 pm to 2 pm                                  ),2,other/unknown
hearing (11:00 a.m                                         ),2,interlocutory
hering on memo,2,other/unknown
report from commissioner... (3pm-4pm                                           ),2,other/unknown
null (11:00 am                                          ),2,other/unknown
stayed (12.00pm                                           ),2,interlocutory
for commissioner report (11.00 am                                          ),2,other/unknown
duty and penality,2,other/unknown
to hear (11:00 am to 02:00 pm                              ),2,other/unknown
report (1pm-2pm                                           ),2,other/unknown
objection and hearing (11am-12am                                         ),2,interlocutory
material exhibit,2,other/unknown
production of accused and apperance of the accused,2,other/unknown
awating return of attachment,2,other/unknown
appearance (11.00am                                           ),2,service
awaited for f.i.r,2,other/unknown
stay (10:00 am                                          ),2,interlocutory
consderation of  charge,2,charge
decrital amount,2,other/unknown
filing of service prove,2,service
awaiting on  death report,2,other/unknown
arguemants on charge,2,arguments
commission report (11:00 am                                          ),2,other/unknown
disposal of 7 c (11:00 am                                          ),2,other/unknown
amendment within 7 days (10:00 am                                          ),2,other/unknown
"d/w, id arguement",2,arguments
for filing statement of account by decree holder,2,other/unknown
commital (11:00 am                                          ),2,other/unknown
stay from higher court (10:00 am                                          ),2,interlocutory
for n b w (10:00 am                                          ),2,other/unknown
attchment,2,other/unknown
committal (10:00 am   ),2,other/unknown
warrant of attachment (11:00 am   ),2,service
matter relaing to accused statment (11:00 am                                          ),2,other/unknown
valuation (10am to 1pm                                       ),2,other/unknown
objection (2pm to 5pm                                        ),2,interlocutory
statement on oath. (2pm to 5pm                                        ),2,other/unknown
awaiting warrant (12:30 pm                                          ),2,service
awaiting proclamation,2,other/unknown
cases at.08.30 a.m.,2,other/unknown
steps (3.30 pm    ),2,other/unknown
stayed by honble high court (12.00am                                           ),2,interlocutory
s.ct.h.ct. t.b. or expdt suit,2,other/unknown
notice of motion for dismissal (11:00 am                                          ),2,service
n.b.w._unready (12:30 pm                                          ),2,other/unknown
n.b.w._unready (1.00 pm                                           ),2,other/unknown
honble high court stayed,2,interlocutory
stayed by higher court industrial court,2,interlocutory
proclamanation,2,other/unknown
n.b.w. (afternoon session                                 ),2,other/unknown
appearance of plaintiff for further prosecution.,2,service
court sale,2,other/unknown
remainder to court commissioner,2,other/unknown
issu notice,2,service
awaiting report (01.00 pm                                          ),2,other/unknown
commission report (1pm-2pm                                           ),2,other/unknown
stayed by dist. court,2,interlocutory
official witness (10am-11am                                         ),2,evidence
say hearing on exh. (ready),2,interlocutory
original record from hon'ble high court,2,other/unknown
for 342 cr.pc,2,other/unknown
conslidated copy of appeal memo (10:00 am                                          ),2,service
filing list of properties,2,other/unknown
counter (10:00 am                                          ),2,other/unknown
hearing on shift court,2,interlocutory
acceptance of vakalatnama,2,other/unknown
expate hearing,2,interlocutory
for further cross examination,2,evidence
awaiting original read from h.c. orissa,2,other/unknown
for awaiting original record,2,other/unknown
cross examination pw (10:00 am                                          ),2,evidence
rest of  244 cr.p.c.recared and charge framed,2,charge
for further pws,2,other/unknown
additional  written statement,2,interlocutory
e.r. / w.a.,2,other/unknown
consent terms (2pm to 5pm                                        ),2,other/unknown
n.b.w._unready (02 pm                                             ),2,other/unknown
c/s reply (11:00 am                                          ),2,interlocutory
w. s. and say,2,other/unknown
high court  time bound,2,other/unknown
i.o.report,2,other/unknown
loknyayalay,2,other/unknown
cross examination of res (11:00 am                                          ),2,evidence
cross of petitioner,2,evidence
dormant,2,other/unknown
cross of respondant,2,evidence
further chief of defendant,2,other/unknown
deposit of cf,2,other/unknown
suit not pressed.hence dismissed,2,other/unknown
chance for settlement,2,other/unknown
file compromise.,2,other/unknown
for deliveof possession by nazir,2,other/unknown
filing of w.s.,2,other/unknown
"hearing of petition u/o-13, r-3 cpc",2,interlocutory
intimation..,2,other/unknown
commissiones fee,2,other/unknown
requisition,2,other/unknown
t.i.,2,other/unknown
recovery dakat,2,other/unknown
statem en t of accu sed,2,other/unknown
judgemen,2,judgment
s/r- service return,2,service
hearing leave petition,2,interlocutory
original case record is sent to appeal,2,other/unknown
adesh,2,other/unknown
recovery of fined amount,2,other/unknown
addl. list of assets,2,other/unknown
hearing (12 pm      ),2,interlocutory
notice of motion for ex-parte,2,service
hearing (11:00 am to 02:00 pm                              ),2,interlocutory
chief of pw,2,other/unknown
notice to the public prosecuter,2,service
provisionally allowed,2,other/unknown
forwarding f . f .,2,other/unknown
for realisation of the decretal dues,2,other/unknown
enqury,2,other/unknown
substitution of l.r of deceased appellant,2,other/unknown
filing the list of witnesses/documents,2,evidence
e.r.w.a,2,other/unknown
deposite of stamp duty,2,other/unknown
appointment of p.p,2,other/unknown
defendent eviidenc,2,other/unknown
cross exam.  o.ps,2,evidence
amended claim petition and s/r,2,other/unknown
plea / particulars (2.45 pm                                           ),2,charge
ch/s disposed off,2,other/unknown
obst.notice for hearing at 2.45 p.m.,2,service
verify and put up,2,other/unknown
remanded to j.c.,2,other/unknown
await s/p.,2,other/unknown
report of io,2,other/unknown
for f.d.t,2,other/unknown
production of citation,2,other/unknown
call on for committal case.,2,other/unknown
reffered to mediation,2,other/unknown
for s.a.,2,other/unknown
hearing of i.a. on merit,2,interlocutory
for appearance & production,2,service
mact compromise,2,other/unknown
further opw,2,other/unknown
framing charge or plea,2,charge
filing  of documents,2,other/unknown
for filing court fee,2,other/unknown
acceptance of report,2,other/unknown
show cause and written statement,2,interlocutory
show cause & hearing.,2,interlocutory
statement of complainant.,2,other/unknown
customs cases at 11.00 a.m.,1,other/unknown
part heard after charge,1,charge
written statement (2.45pm                                            ),1,interlocutory
awaiting r and p lower court (12:00 noon                                        ),1,other/unknown
"honble supreme court,stayed",1,interlocutory
a/warrant (01.00 pm                                          ),1,service
payment of stamp duty.,1,other/unknown
await  document,1,other/unknown
to hear (11:00 am                                          ),1,other/unknown
lpc cases,1,other/unknown
duties and penalties,1,other/unknown
await l.p.c. permission,1,other/unknown
await report (03:00 am to 5:00 pm                               ),1,other/unknown
draft sale deed,1,other/unknown
case reposted to,1,other/unknown
produce the witness,1,evidence
initial deposition (10:00 am                                          ),1,other/unknown
court or official  witness,1,evidence
arguemnt of plaintiff/applicant,1,arguments
reference,1,other/unknown
witness warrant pending,1,evidence
defence,1,other/unknown
filing of incorporated w.s.,1,other/unknown
acceptance of counter claim,1,other/unknown
r  and p (ready),1,other/unknown
draft for paper publication,1,other/unknown
appearance of l.r.s,1,service
hearing on the report of commissioner,1,interlocutory
death report.,1,other/unknown
pay perticular,1,other/unknown
awaited execution,1,other/unknown
for filling of w.s. by op,1,other/unknown
l.c.r not yet recieved,1,other/unknown
awaiting record (11:00 am                                          ),1,other/unknown
appearance from custody (11:00 am                                          ),1,service
filing step for correct address,1,other/unknown
production of death certificate,1,other/unknown
non  bailable  warrant,1,service
nbw / ns / 82 /83 crpc,1,service
dd dismissed in default,1,other/unknown
hearing of interim petition,1,interlocutory
"w/s, steps and s/r",1,other/unknown
deposite of balance commission fee,1,other/unknown
awaiting local investigation report,1,other/unknown
further examination of pleder commissioner,1,evidence
draft of newspaper publication,1,other/unknown
steps for plaintiff,1,other/unknown
termination of attachment,1,other/unknown
submission,1,other/unknown
incorporation and recast,1,other/unknown
report of mamlatdar,1,other/unknown
b.w._unready (03.30 pm                                          ),1,other/unknown
n.b.w._ready (03.30 pm                                          ),1,other/unknown
plea / particulars (03.30 pm                                          ),1,charge
say / hearing on exh____ready (03.30 pm                                          ),1,interlocutory
reply unready (11.30 am                                          ),1,interlocutory
appearance (11.30 am                                          ),1,service
awaiting r and p lower court (12:30 pm                                          ),1,other/unknown
reply/say (12:30 pm                                          ),1,interlocutory
amended w.s. (10:00 am   ),1,other/unknown
written statement (11:00 am   ),1,interlocutory
awaiting warrant (12         ),1,service
awaiting warrant (4:00 pm                                           ),1,service
awaiting warrant (3:00 pm                                           ),1,service
steps (4:00 pm                                           ),1,other/unknown
hearing on nfl appln. (11:00 am                                          ),1,interlocutory
fixing date of hearing (03:00 pm                                          ),1,interlocutory
hearing (10.45 am                                          ),1,interlocutory
awaiting notice (05.00 pm                                          ),1,service
hearing (11.00am                                           ),1,interlocutory
notice ready (11:00 am   ),1,service
reply unready (11:00 am   ),1,interlocutory
say / hearing on exh____ready (01:00 pm   ),1,interlocutory
stayed by honble high court (12.00 pm                                          ),1,interlocutory
awaiting muddemal (11.00 am                                          ),1,other/unknown
hearing without w.s. (11.00 am                                          ),1,interlocutory
w.s. and say (11.00 am                                          ),1,other/unknown
filing of say on exh___ready (11.00 am                                          ),1,other/unknown
reply/say (01.00 pm                                          ),1,interlocutory
compromise (11.00 am                                          ),1,other/unknown
ex_party hearing (11.00 am                                          ),1,interlocutory
plea / particulars (01.00 pm                                          ),1,charge
paper book (12.00 pm                                          ),1,other/unknown
awaiting report of commissioner (12.00 pm                                          ),1,other/unknown
awaiting report of receiver (01.00 pm                                          ),1,other/unknown
documents (12.00 am                                          ),1,other/unknown
filing of say on exh___unready (12.00 am                                          ),1,other/unknown
depositing amount (12.00 am                                          ),1,other/unknown
written statement (03.00 pm                                          ),1,interlocutory
report (10.00 am                                          ),1,other/unknown
steps (04.00 pm                                          ),1,other/unknown
depositing amount (04.00 pm                                          ),1,other/unknown
appearance (04.00 pm                                          ),1,service
report (4:30 pm                                           ),1,other/unknown
stayed by honble high court (4:30 pm                                           ),1,interlocutory
report (12:00 am                                          ),1,other/unknown
awaiting muddemal (2:30 pm                                           ),1,other/unknown
awaiting warrant (12:00 am                                          ),1,service
filing of surety (4:30 pm                                           ),1,other/unknown
plea / particulars (3:30 pm                                           ),1,charge
paper book (3:30 pm                                           ),1,other/unknown
w.s. and say (3:30 pm                                           ),1,other/unknown
filing of say on exh___unready (3:30 pm                                           ),1,other/unknown
compliance (12:00 am                                          ),1,other/unknown
plea / particulars (1:00 pm                                           ),1,charge
filing of vakilpatra (1:00 pm                                           ),1,other/unknown
verification (2:30 pm                                           ),1,other/unknown
filing of say on exh___unready (2:30 pm                                           ),1,other/unknown
filing of affidavit (11:00 am                                          ),1,other/unknown
verification (2.30 pm.                                          ),1,other/unknown
payment of paper book charges (10:00 am                                          ),1,charge
w.s. and say (10:00 am                                          ),1,other/unknown
custody cases (12:00 pm                                          ),1,other/unknown
committal (11:00 am                                          ),1,other/unknown
for verification (12:00 pm                                          ),1,other/unknown
stayed by high court (1:00 pm                                           ),1,interlocutory
notice cases (11:00 am   ),1,service
not heard at 2.45 p.m. (10:00 am   ),1,other/unknown
appearance of accused (11:00 am   ),1,service
nbw_hearing,1,interlocutory
cases kept for mediation at 2.45pm,1,other/unknown
for compliance (11:00 am   ),1,other/unknown
r and p ready (10:00 am                                          ),1,other/unknown
a. d. r. (11:00 am                                          ),1,other/unknown
compliance (3.00pm                                            ),1,other/unknown
amended w.s. (01.00 pm                                          ),1,other/unknown
filing of affidavit (01.00 pm                                          ),1,other/unknown
written statement (4.00pm                                            ),1,interlocutory
compromise (12.00 pm                                          ),1,other/unknown
filing of say on exh___unready (1.00pm                                            ),1,other/unknown
steps_unready (1.00 pm    ),1,other/unknown
charge (12.00pm    ),1,charge
hearing (11.30 am   ),1,interlocutory
reply/say (12.30 pm   ),1,interlocutory
plea / particulars (12.00 pm   ),1,charge
filing of affidavit (12.00 pm   ),1,other/unknown
report (4.30 pm    ),1,other/unknown
w.s. and say (4.30 pm    ),1,other/unknown
charge (3.30 pm    ),1,charge
charge (2.30 pm    ),1,charge
appearance (4.30 pm    ),1,service
report (10:00 am   ),1,other/unknown
steps_unready (4.30pm                                            ),1,other/unknown
notice_unready (2.30pm                                            ),1,service
filing of say on exh___ready (12.00 - 01.00 pm                                  ),1,other/unknown
hearing before charge (03.30 - 04.30 pm                                  ),1,charge
reply/say (02.30 - 03.30 pm                                  ),1,interlocutory
notice_unready (03.30 - 04.30 pm                                  ),1,service
awaiting r and p lower court (12.00 - 01.00 pm                                  ),1,other/unknown
written statement (12.00 - 01.00 pm                                  ),1,interlocutory
plea / particulars (12.00 - 01.00 pm                                  ),1,charge
hearing (04.30 - 05.30 pm                                  ),1,interlocutory
awaiting notice (02.30 - 03.30 pm                                  ),1,service
b.w._unready (4 pm                                              ),1,other/unknown
awaiting warrant (12 pm                                             ),1,service
awaiting warrant (3 pm                                              ),1,service
awaiting notice (01 pm                                             ),1,service
awaiting notice (4 pm                                              ),1,service
notice_unready (01 pm                                             ),1,service
filing of say on exh___unready (03.00                                             ),1,other/unknown
ex_party hearing (12.00 pm                                          ),1,interlocutory
b.w._unready (1.00 pm                                           ),1,other/unknown
amended plaint (12.00 to 13.00                                    ),1,other/unknown
paper book (13.00 to 14.00                                    ),1,other/unknown
steps_unready (14.45 to 15.45                                    ),1,other/unknown
notice_unready (14.45 to 15.45                                    ),1,service
a. d. r. (13.00 to 14.00                                    ),1,other/unknown
hearing (13.00 to 14.00                                    ),1,interlocutory
public notice/proclamation (13.00 to 14.00                                    ),1,service
w.s. and say (12.00 to 13.00                                    ),1,other/unknown
hearing (15.45 to 16.45                                    ),1,interlocutory
notice_unready (15.45 to 16.45                                    ),1,service
awaiting muddemal (13.00 to 14.00                                    ),1,other/unknown
public notice/proclamation (13.00 pm                                          ),1,service
appearance (12:00 noon                                        ),1,service
unready board (12:00 noon                                        ),1,other/unknown
unready board (02.45 pm                                          ),1,other/unknown
report (01:00 pm                                          ),1,other/unknown
unready board (04:45 pm                                          ),1,other/unknown
payment of paper book charges (04:45 pm                                          ),1,charge
say / hearing on exh____ready (04:45 pm                                          ),1,interlocutory
w.s. and say (12:00 noon                                        ),1,other/unknown
ex_party hearing (12:00 noon                                        ),1,interlocutory
payment of paper book charges (03.45 pm                                          ),1,charge
preparation of paper book (03.45 pm                                          ),1,other/unknown
r and p ready (11:00 am                                          ),1,other/unknown
n.b.w._unready (02.45 pm                                          ),1,other/unknown
hearing without w.s. (2.30 pm    ),1,interlocutory
hearing (unready),1,interlocutory
unready board (11:30 am   ),1,other/unknown
written statement (10:30 am   ),1,interlocutory
filing of say on exh___unready (12:00 am                                          ),1,other/unknown
written statement (2.45 pm                                           ),1,interlocutory
n.b.w._unready (2.45 pm                                           ),1,other/unknown
hearing without w.s. (2.45 pm                                           ),1,interlocutory
nfl hearing (2.45 pm                                           ),1,interlocutory
awaiting r and p lower court (02 pm                                             ),1,other/unknown
hearing on nfl appln. (10 am                                             ),1,interlocutory
report (02 pm                                             ),1,other/unknown
list of witness (10 am                                             ),1,evidence
proclomation (10 am                                             ),1,other/unknown
steps_unready (10 am                                             ),1,other/unknown
n/m disposed off,1,other/unknown
n/m court commissioner,1,other/unknown
filing vakilpatra,1,other/unknown
b.a. in s.c.no,1,other/unknown
filingsay exh.unready,1,other/unknown
suit for withdrawal (12:00 pm                                          ),1,other/unknown
suit stayed (10:00 am                                          ),1,interlocutory
ex-party hearing on exh....ur,1,interlocutory
"notice, paper publication",1,service
hearing on p. p.,1,interlocutory
consiquential amendment,1,other/unknown
lok nyalaya unready,1,other/unknown
counsellors report  say,1,other/unknown
production of salary slipcertificate,1,other/unknown
last chance for written statement,1,interlocutory
evi. on affidavit of pet.,1,other/unknown
report and settlement,1,other/unknown
w.s./counselling,1,other/unknown
calculation/ statement of account,1,other/unknown
counsellor\'s report 7 say,1,other/unknown
say / hearing,1,interlocutory
say to exh.written  statement,1,other/unknown
before mediator (11:00 am                                          ),1,other/unknown
chief of the petitioner (11:00 am                                          ),1,other/unknown
production of documents (11:00 am                                          ),1,other/unknown
counsellor report (11:00 am                                          ),1,other/unknown
production of salary slip certificate,1,other/unknown
interim reply say  written statement,1,interlocutory
sp and ec  (11:00 am                                          ),1,other/unknown
schedule (11:00 am                                          ),1,other/unknown
for hearing of charges,1,charge
cross examination of d.hr.,1,evidence
a/warrant (11.00 am                                          ),1,service
objection to ia (2.45 pm                                           ),1,interlocutory
say of petr/resp/dhr/jdr,1,other/unknown
nbw (04.00 pm                                          ),1,service
obj (12.00 pm                                          ),1,other/unknown
flw (03.00 pm                                          ),1,other/unknown
objection to petition (03.00 pm                                          ),1,interlocutory
await notice (12.00 pm                                          ),1,service
cross of pw (12.00 pm                                          ),1,evidence
sattelement (04.00 pm                                          ),1,other/unknown
sworn statement (01.00 pm                                          ),1,other/unknown
await report (04.00 pm                                          ),1,other/unknown
cross of wittness (10:00 am                                          ),1,evidence
nbw to accused (10:00 am                                          ),1,service
ws (10:00 am                                          ),1,other/unknown
framing of charge or  plea (01.00 pm                                          ),1,charge
await arrest notice/warrant (03.00 pm                                          ),1,service
await papers (11:00 am                                          ),1,other/unknown
313 statement (11:00 am                                          ),1,evidence
call for,1,other/unknown
lcr (11:00 am                                          ),1,other/unknown
vakalat  and objection,1,interlocutory
produce the death certificate,1,other/unknown
nul (11:00 am                                          ),1,other/unknown
adr (11:00 am                                          ),1,other/unknown
cross of pw 1 (11:00 am                                          ),1,evidence
steps / hg (12.00 pm                                          ),1,other/unknown
await l.c.r.,1,other/unknown
h.b.c. (morning session                                   ),1,other/unknown
records,1,other/unknown
r.k. to note.,1,other/unknown
objection. (afternoon session                                 ),1,interlocutory
313 statement (afternoon session                                 ),1,evidence
payment of duty and penalty.,1,other/unknown
list of document,1,other/unknown
for cross of rw 1 (morning session                                   ),1,evidence
appearance of accussed (afternoon session                                 ),1,service
objections (afternoon session                                 ),1,interlocutory
warrant (afternoon session                                 ),1,service
stayed (01.00pm                                           ),1,interlocutory
notice (01.00pm                                           ),1,service
hearing (2.45pm                                            ),1,interlocutory
notice (2.45pm                                            ),1,service
framing of charge or  plea (1.00pm                                            ),1,charge
framing of charge or  plea (12.00pm                                           ),1,charge
objection (12.00pm                                           ),1,interlocutory
appearance of accussed (3.45pm                                            ),1,service
a.d.r. (01.00 pm                                          ),1,other/unknown
list of witness and documents (12.00pm                                           ),1,evidence
appearance of accussed (2.45pm                                            ),1,service
await charge sheet (01:00 pm                                          ),1,charge
null (12:00 pm                                          ),1,other/unknown
custody matters (01:00 pm                                          ),1,other/unknown
hbc- hearing before charge (03:00 pm                                          ),1,charge
reffer to mediation,1,other/unknown
notice to defendant,1,service
argts. finaly,1,other/unknown
committal on hearing,1,interlocutory
l/w/d,1,other/unknown
for 89 of cpc,1,other/unknown
witness statement,1,evidence
notice (02-45 pm                                          ),1,service
for further hearing (11-00 am                                          ),1,interlocutory
objections (11-00 am                                          ),1,interlocutory
j c,1,other/unknown
await commissioner report (morning session                                   ),1,other/unknown
b/w is extended,1,other/unknown
for m.o.c.,1,other/unknown
arrest warrant (02:45 pm                                          ),1,service
further clarification (11:00 am                                          ),1,other/unknown
objection (02:45 pm                                          ),1,interlocutory
h.b.c. (02:45 pm                                          ),1,other/unknown
amendment of plaint/complaint/ws (11:00 am                                          ),1,other/unknown
for clarification (11:00 am                                          ),1,other/unknown
hearing on ia i,1,interlocutory
for amendment w/s.,1,other/unknown
settlement (02:45 pm                                          ),1,other/unknown
cross of plaintiff (11:00 am                                          ),1,evidence
list of witness and documents (02:45 pm                                          ),1,evidence
to furnish surity,1,other/unknown
objection to main petition (02:45 pm                                          ),1,interlocutory
await record (11:00 am                                          ),1,other/unknown
body warrant to the accused (11:00 am                                          ),1,service
awm (11:00 am                                          ),1,other/unknown
hearing before charge (3.00 pm                                           ),1,charge
unknown purpose,1,other/unknown
awit notice,1,service
t.i. extended till next date of hg,1,other/unknown
await reply,1,interlocutory
case is abated,1,other/unknown
hearing before charge(cr) (10:00 am                                          ),1,charge
313 statement/statement of accused(cr) (2:00 pm                                           ),1,evidence
await report  from mediation center,1,other/unknown
moveable attachment warrant (12:00 am                                          ),1,service
surity,1,other/unknown
amended petiton,1,other/unknown
addl. writen statement,1,other/unknown
objection (11.00am                                           ),1,interlocutory
a.d.r. criminal,1,other/unknown
a/n to jdr /hg,1,other/unknown
consiliation,1,other/unknown
appearance of accussed (14:45 pm                                          ),1,service
objection (14:45 pm                                          ),1,interlocutory
arrest notice to j.d.r (14:45 pm                                          ),1,service
for furnish surety,1,other/unknown
further chief of dw,1,other/unknown
cross of  plaintiff side witness,1,evidence
for lokadalath (11:00 am                                          ),1,other/unknown
await adr report,1,other/unknown
hearing (afternoon session-1                               ),1,interlocutory
hearing (morning session-1                                 ),1,interlocutory
for comply (12.30 pm to 2 pm                                  ),1,other/unknown
for steps (11 am to 12.30 pm                                 ),1,other/unknown
for objections (4.15 pm to 5.45 pm                                ),1,interlocutory
objection to ia (2.45 pm to 4.15 pm                                ),1,interlocutory
await comm. report (11 am to 12.30 pm                                 ),1,other/unknown
for appearance of pw1 (2.45 pm to 4.15 pm                                ),1,service
sworn statement (2.45 pm to 4.15 pm                                ),1,other/unknown
objection (11 am to 12.30 pm                                 ),1,interlocutory
await notice (02.45 pm to 05.45pm                               ),1,service
custody matters (11.00 am to 02.00pm                               ),1,other/unknown
for objections on ia (11.00 am to 02.00pm                               ),1,interlocutory
for lokadalath (11.00 am to 02.00pm                               ),1,other/unknown
body  warrant (11.00 am to 02.00pm                               ),1,service
sworn statement (11.00 am to 02.00pm                               ),1,other/unknown
plea (02.45 pm to 05.45pm                               ),1,charge
to hear on ia (11.00 am to 02.00pm                               ),1,interlocutory
objections (02.45 pm to 05.45pm                               ),1,interlocutory
313 statement (11.00 am to 02.00pm                               ),1,evidence
await c/r (11.00 am to 02.00pm                               ),1,other/unknown
s/s to defendants (11.00 am to 02.00pm                               ),1,other/unknown
framing of  plea (11.00 am to 02.00pm                               ),1,charge
for objections (02.45 pm to 05.45pm                               ),1,interlocutory
for objections (11.00 am to 02.00pm                               ),1,interlocutory
await findings.,1,other/unknown
compliance of u. sec 89 of cpc (11.00 am to 02.00pm                               ),1,other/unknown
objection on ia (02.45 pm to 05.45pm                               ),1,interlocutory
await warrant (02.45 pm to 05.45pm                               ),1,service
for enquiry (11.00 am to 02.00pm                               ),1,other/unknown
to report settlement (11:00 am                                          ),1,other/unknown
settlement (2.45 pm                                           ),1,other/unknown
objections (12:00 pm                                          ),1,interlocutory
sworn statement (10:00 am                                          ),1,other/unknown
call on (03:00 pm                                          ),1,other/unknown
pw cross,1,evidence
evidnce (11:00 am                                          ),1,other/unknown
await affixture,1,other/unknown
produced document,1,other/unknown
attachment  warrant,1,service
produce accussed,1,other/unknown
awaiting execution of service service nbw,1,service
awaiting report (02.45 pm                                          ),1,other/unknown
for issuance of process/service (02.45 pm                                          ),1,service
appearance of accused (02.45 pm                                          ),1,service
awaiting adr reports (02.45 pm                                          ),1,other/unknown
for attachment/arrest/garnishee proceedings (12.00 pm                                          ),1,other/unknown
for alerts before action (02.45 pm                                          ),1,other/unknown
for issuance of process/service (11:00 am                                          ),1,service
for committal (01.00 pm                                          ),1,other/unknown
appearance of accused (01.00 pm                                          ),1,service
for committal (11.00 am                                          ),1,other/unknown
awaiting adr reports (12.00 pm                                          ),1,other/unknown
a.d.r. (1:00 pm                                           ),1,other/unknown
first hearing (1:00 pm                                           ),1,interlocutory
hbc (12:00 pm                                          ),1,other/unknown
callon (12:00 pm                                          ),1,other/unknown
hearing in ia (11:00 am                                          ),1,interlocutory
appearance of accussed (4:00 pm                                           ),1,service
to hear (12:00 pm                                          ),1,other/unknown
notice (2:00 pm                                           ),1,service
await commissioner report (11:00 am                                          ),1,other/unknown
compliance of 89 c.p.c,1,other/unknown
await report (12:00 pm                                          ),1,other/unknown
nbw to accused notice to surity (12:00 pm                                          ),1,service
hearing (5:00 pm                                           ),1,interlocutory
nbw to accused notice to surity (1:00 pm                                           ),1,service
await commissioner report (4:00 pm                                           ),1,other/unknown
for settlement / compromise,1,other/unknown
await tcr,1,other/unknown
await report (2:45 pm                                           ),1,other/unknown
objections (2:45 pm                                           ),1,interlocutory
refer for investigation,1,other/unknown
h b c (11:00 am to 02:00 pm                              ),1,other/unknown
await court commissioner,1,other/unknown
amended appeal,1,other/unknown
nbw to accused (03:00 am to 5:00 pm                               ),1,service
a/notice to jdr,1,service
objection to c report,1,interlocutory
nbw to accused (11:00 am to 02:00 pm                              ),1,service
appearance of party (11:00 am to 02:00 pm                              ),1,service
objection (11:00 am to 02:00 pm                              ),1,interlocutory
cross of pws (03:00 am to 5:00 pm                               ),1,evidence
list of witness (1.00 pm                                           ),1,evidence
warrent (11.00 am                                          ),1,other/unknown
stay (11.00 am                                          ),1,interlocutory
to hear (1.00 pm                                           ),1,other/unknown
for clarification (11.00 am                                          ),1,other/unknown
complaince by (11.00 am                                          ),1,other/unknown
await report (3.00 pm                                           ),1,other/unknown
to hear (3.00 pm                                           ),1,other/unknown
hearing (4.00 pm                                           ),1,interlocutory
to hear on i.a (11.00 am                                          ),1,interlocutory
cancellation,1,other/unknown
objection (10.00 am                                          ),1,interlocutory
a.d.r. (3.00 pm                                           ),1,other/unknown
to call on (11.00 am                                          ),1,other/unknown
await notice (3.00 pm                                           ),1,service
paper publication (12.00 pm                                          ),1,other/unknown
attachment warrant (3.00 pm                                           ),1,service
call on (12.00 pm                                          ),1,other/unknown
await notice (11.00 am                                          ),1,service
produced to accused,1,other/unknown
duty and penalty (11.00 am                                          ),1,other/unknown
appearance of accussed (4.00 pm                                           ),1,service
framing of charge or  plea (1.00 pm                                           ),1,charge
framing of charge or  plea (12.00 am                                          ),1,charge
await report (1.00 pm                                           ),1,other/unknown
await repots (3.00pm                                            ),1,other/unknown
for steps (3.00pm                                            ),1,other/unknown
accused remanded,1,other/unknown
return of notice and affixture,1,service
allowed,1,other/unknown
file affidavit,1,other/unknown
accused applies,1,other/unknown
for deposit of decree debts (11:00 am                                          ),1,other/unknown
stayed. call on (11:00 am                                          ),1,interlocutory
no sitting notified (10:00 am                                          ),1,other/unknown
for hearing (10:00 am                                          ),1,interlocutory
for appearance of defendants,1,service
for hearing with ia,1,interlocutory
for commission report and hearing,1,interlocutory
adjourned due to lack of time,1,other/unknown
paper publication produced,1,other/unknown
for objection and hearing in cmp,1,interlocutory
for taken steps,1,other/unknown
accused produced.,1,other/unknown
for proving mean,1,other/unknown
for hearing on ea.,1,interlocutory
hearing on committal,1,interlocutory
notice to the counsel of accused and public prosecutor,1,service
for sec 89 cpc,1,other/unknown
reopened for hearing.,1,interlocutory
cure defects,1,other/unknown
referred to mediator (10:00 am                                          ),1,other/unknown
take steps last chance (10:00 am                                          ),1,other/unknown
furnish accused copy,1,service
for enquiry in ea-248,1,other/unknown
for objecting amp hearing cmp,1,interlocutory
appoint official receiver,1,other/unknown
call with sc,1,other/unknown
prays,1,other/unknown
replication (10:00 am                                          ),1,other/unknown
presence (10:00 am                                          ),1,other/unknown
application filling (10:00 am                                          ),1,interlocutory
production of accused (1pm-2pm                                           ),1,other/unknown
consideration of charge(c.c) (11am-12am                                         ),1,charge
objection hearing (11am-12am                                         ),1,interlocutory
payment (1pm-2pm                                           ),1,other/unknown
steps/ report (12pm-1pm                                          ),1,other/unknown
service report and ws (12pm-1pm                                          ),1,service
hearing on petition (2pm-3pm                                           ),1,interlocutory
objection and hearing (2pm-3pm                                           ),1,interlocutory
report (2pm-3pm                                           ),1,other/unknown
service report and ws (11am-12am                                         ),1,service
steps before preliminary hearing (1pm-2pm                                           ),1,interlocutory
amended plaint (1pm-2pm                                           ),1,other/unknown
acknowledgement (1pm-2pm                                           ),1,other/unknown
abyae (1pm-2pm                                           ),1,other/unknown
report from commissioner.... (11am-12am                                         ),1,other/unknown
defence witness (3pm-4pm                                           ),1,evidence
cross (11am-12am                                         ),1,evidence
cross (2pm-3pm                                           ),1,evidence
defense  statement/sd (10am-11am                                         ),1,other/unknown
cross examination of opposite party / resp witness,1,evidence
initial deposition (1pm-2pm                                           ),1,other/unknown
written statement (2pm-3pm                                           ),1,interlocutory
defence statement,1,other/unknown
service report amp ws,1,service
formal withdrawal petition,1,other/unknown
medical report,1,other/unknown
appereance (10.30 am                                          ),1,other/unknown
submit of certify copy,1,service
examination of official witness,1,evidence
steps / no,1,other/unknown
appearance of defendants,1,service
await for notice,1,service
production of accused (10.30 am -01.00 pm                                ),1,other/unknown
appereance (01.30 pm - 04.00 pm                               ),1,other/unknown
appereance (10.30 am -01.00 pm                                ),1,other/unknown
report (10.30 am -01.00 pm                                ),1,other/unknown
hearing (01.30 pm - 04.00 pm                               ),1,interlocutory
cross examination of prosecution witness (10.30 am -01.00 pm                                ),1,evidence
cross examination of defense witness (10.30 am -01.00 pm                                ),1,evidence
amended w/s,1,other/unknown
awaiting adr reports (1.00 pm                                           ),1,other/unknown
objection hearing last chance,1,interlocutory
report of p and a,1,other/unknown
appearance/hearing,1,service
appearance  and charge.,1,charge
s/r and n/o,1,other/unknown
d.c.f. and n.o.,1,other/unknown
"s/r,w/s,n/o,vokalatnama if any.",1,other/unknown
offence explain. (10.30 am                                          ),1,other/unknown
for fresh steps.,1,other/unknown
plantiff witness (01.30 pm                                          ),1,evidence
steps before peremptory hearing (sbph) (10.30 am                                          ),1,interlocutory
consideration of charge(c.c) (10.30 am                                          ),1,charge
copy. (01.30 pm                                          ),1,service
cross-examination. (01.30 pm                                          ),1,evidence
cross of pws. (10.30 am                                          ),1,evidence
cross examination of prosecution witness (10:00 am                                          ),1,evidence
copy (10:00 am                                          ),1,service
s.r./appearance,1,service
c.c/copy/appearance,1,service
service report  amp ws,1,service
steps before preliminary hearing (11:00 am                                          ),1,interlocutory
await for s/r,1,other/unknown
copy/c.c.,1,service
di report,1,other/unknown
hajoti,1,other/unknown
production and c.c.,1,other/unknown
consideration of charge(c.c) (12.00 am                                          ),1,charge
report/appearance,1,service
evidance of lo,1,other/unknown
appearance/copy,1,service
steps and s/r,1,other/unknown
appearance/s.r.,1,service
sr/ws,1,other/unknown
cc,1,other/unknown
w/o and n/o,1,other/unknown
ammended plaint and payment of cost,1,other/unknown
personal appearance of parties and hearing and n/o,1,service
di and payment of cost,1,other/unknown
"s/r, n/o and payment of cost",1,other/unknown
cross of pws and payment of cost,1,evidence
pws and s/r,1,other/unknown
"personal appearance of defendant no.1,hearing and n/o",1,service
w/s and n/o,1,other/unknown
hearing and reply,1,interlocutory
sbph,1,other/unknown
service report and dws,1,service
n/o and cross of pws,1,evidence
personal appearance of the plaintiffs and n/o and further aurgument,1,service
case records,1,other/unknown
report on w/a.,1,other/unknown
production/appearance,1,service
production/c.c,1,other/unknown
enquiry/ further enquiry,1,other/unknown
production of  accuse,1,other/unknown
f. pws/pw of io,1,other/unknown
f. app/copy/cc,1,service
enquiry 202 cr.p.c (12.00pm                                           ),1,other/unknown
depositing duty money,1,other/unknown
awaiting report  hearing,1,interlocutory
hearing on behalf on def./o.p./res.,1,interlocutory
awated for final form / chargesheet (12.00pm                                           ),1,charge
formal hearing (02.00pm                                           ),1,interlocutory
eviddence of plaintiff / petitioner (03.30pm                                           ),1,other/unknown
hearing (03.00pm                                           ),1,interlocutory
hearing (02.00pm                                           ),1,interlocutory
awaiting r amp  p,1,other/unknown
formal hearing (02.30pm                                           ),1,interlocutory
awaiting final form (03.00pm                                           ),1,other/unknown
awaiting report from concerned police station,1,other/unknown
awaiting report from concerrned p.s,1,other/unknown
awaiting f.s.l. report,1,other/unknown
hearing on juvenile petition,1,interlocutory
rejonider,1,other/unknown
issuse frame,1,other/unknown
say hearing on exh.(ready),1,interlocutory
nfl hearing (12.30pm                                           ),1,interlocutory
rejoinder (12.00pm                                           ),1,other/unknown
hearing (virtually                                         ),1,interlocutory
police paper (virtually                                         ),1,other/unknown
awated for f f / chargesheet,1,charge
for filling public notice,1,service
bringing lr's,1,other/unknown
awaiting for c.d.,1,other/unknown
framing of charge/ plea (14:30                                             ),1,charge
awaiting report (11:30      ),1,other/unknown
awaiting adr reports (12:30                                             ),1,other/unknown
appearance of accused (10:30      ),1,service
hearing on sentence (11:30 am                                          ),1,interlocutory
service of non-bailable warrant (11:30 am                                          ),1,service
appearance of accused (02.00 pm                                          ),1,service
appearance of accused (12.30 pm                                          ),1,service
appearance of parties/ advocates (10:00 am                                          ),1,service
appearance of accused (01:00 am                                          ),1,service
discovery/ inspection (12:30                                             ),1,other/unknown
proclamation under section 82-83 cr.p.c. (10:30                                             ),1,other/unknown
awaiting records (14:00                                             ),1,other/unknown
awaiting records (10:30                                             ),1,other/unknown
awaiting records (12:00                                             ),1,other/unknown
attachment/ arrest/garnishee proceedings (02.30pm                                           ),1,other/unknown
proclamation under section 82-83 cr.p.c. (01.00pm                                           ),1,other/unknown
rejoinder / additional written statement (15:00                                             ),1,interlocutory
attachment/ arrest/garnishee proceedings (15:30                                             ),1,other/unknown
written statement (10.30am                                           ),1,interlocutory
appearance of parties/ advocates (03.00pm                                           ),1,service
proclamation under section 82-83 cr.p.c. (11.00am                                           ),1,other/unknown
reply of application/ steps by parties (12:01 pm                                          ),1,interlocutory
framing of charge/ plea (12:01 pm                                          ),1,charge
framing of charge/ plea (02:30 pm                                          ),1,charge
awaiting report (03.00 pm                                          ),1,other/unknown
service of non-bailable warrant (03.00 pm                                          ),1,service
cognizance / issuance of process/ service (11:30 am                                          ),1,service
cognizance / issuance of process/ service (03:00 pm                                          ),1,service
awaiting report (04.30pm                                           ),1,other/unknown
admission/denials (12:30 pm                                          ),1,other/unknown
awaiting report (03:00 pm                                          ),1,other/unknown
memo,1,other/unknown
part heard (12:30 pm                                          ),1,other/unknown
vakalat / memo of appearance (11:00 am                                          ),1,service
for committal (11:00 am                                          ),1,other/unknown
awaiting domestic incident report,1,other/unknown
awaiting s.rs.,1,other/unknown
admission amp denial,1,other/unknown
filing next step,1,other/unknown
filing of list of witness and documents if any,1,evidence
p.a. (11:00 am                                          ),1,other/unknown
hearing of ia (10:00 am                                          ),1,interlocutory
service of copy (10:00 am                                          ),1,service
f.w and l.s. act,1,other/unknown
ex-parte hearing (11:00 am                                          ),1,interlocutory
filing list of witnesses and documents,1,evidence
for hearing of the suit.,1,interlocutory
a. d. r. (10:00 am                                          ),1,other/unknown
awaiting  c. d.,1,other/unknown
awaitng further information,1,other/unknown
awaiting l.c.r and s.r,1,other/unknown
deposition of court fee,1,other/unknown
consideration of office note,1,charge
"filing list of witnesses,documents and hearing",1,evidence
abated.,1,other/unknown
awaitng p.a.,1,other/unknown
awaiting up-to-date cds,1,other/unknown
exparty of suit,1,other/unknown
removal of defects (10:00 am                                          ),1,other/unknown
requisite (11:00 am                                          ),1,other/unknown
for realisation of fine amount,1,other/unknown
filing of consolideted claim petition,1,other/unknown
awaiting for o.c.r,1,other/unknown
committed to the court of sessions,1,other/unknown
filling of list of wittness,1,other/unknown
production of appearence,1,other/unknown
for filing of written statement,1,interlocutory
for filling on amendment petition,1,other/unknown
awaiting l.c.r and s.r.,1,other/unknown
fresh step (10:00 am                                          ),1,other/unknown
compliance of office note,1,other/unknown
for  compliance,1,other/unknown
case diary and medical report,1,other/unknown
10 cpc statement,1,other/unknown
awaiting appealant,1,other/unknown
awaited for police report,1,other/unknown
n b w(ready),1,other/unknown
notice(ready),1,service
awaiting acknowlegment,1,other/unknown
plaintiff,1,other/unknown
gua. and succ. for report,1,other/unknown
awaiting for appellants,1,other/unknown
restoriation of main file,1,other/unknown
preliminary statement (10:00 am                                          ),1,other/unknown
commissioner  rerport,1,other/unknown
witness__ (10:00 am                                          ),1,evidence
production warrant (11:00 am                                          ),1,service
seeks time for objection,1,interlocutory
anti corrup charge,1,charge
account attached,1,other/unknown
guar. and succ. for reports,1,other/unknown
awaited for c.d file,1,other/unknown
awaiting for respondent no. 1,1,other/unknown
initial proceeding,1,other/unknown
awaited for law,1,other/unknown
for further expartie witnesses,1,evidence
fresh particulars of the defendants,1,other/unknown
mediation -(s and g),1,other/unknown
awaiting for applicant(s) -(s and g),1,other/unknown
awaiting plaintiff/applicant/appeallant,1,other/unknown
sought time to engage counsel,1,other/unknown
qureki warant,1,other/unknown
"charge,",1,charge
for cost,1,other/unknown
para wise reply,1,interlocutory
service of accused /respondent,1,service
awaiting petitioner/plaintiff/applicant,1,other/unknown
compliant for report,1,other/unknown
criminal record,1,other/unknown
await for decree holder,1,other/unknown
await report of nazir,1,other/unknown
written statement),1,interlocutory
awaiting  non- applicants..,1,other/unknown
awaiting presence of respondent,1,other/unknown
recovery of amount,1,other/unknown
further trail,1,other/unknown
m isc. cases,1,other/unknown
report of death,1,other/unknown
report of police station,1,other/unknown
statement 202 crpc,1,other/unknown
fixed for 200 crpc (12.00 pm                                          ),1,other/unknown
dismissed (11:00 am                                          ),1,other/unknown
for issuance of process/service (2 pm                                              ),1,service
appearance of accused (2 pm                                              ),1,service
awaiting report (12 pm                                             ),1,other/unknown
for admissios/denials,1,other/unknown
judicial remand(to be produced by way of electronic video linkage),1,other/unknown
supply of copies to accused,1,other/unknown
consideration on interim application/s,1,charge
quantum,1,other/unknown
appearance of party / advocate,1,service
251 crpc.,1,other/unknown
for supply of copies,1,other/unknown
objection/disposal (1:00 pm                                           ),1,interlocutory
cross examine pw-4,1,evidence
cross defendant,1,evidence
lcr and explanation,1,other/unknown
for charge sheet,1,charge
for acceptance of written statement,1,interlocutory
for filing stamps,1,other/unknown
step if any by the petitioner,1,other/unknown
"hearing of petition, w.o. in the mean time",1,interlocutory
sr & sc,1,other/unknown
app & er of d/w,1,other/unknown
app & hearing,1,interlocutory
check & report,1,other/unknown
hearing of amendment petition and w/s by defendant,1,interlocutory
filing death certificate,1,other/unknown
hearing on commissioner report,1,interlocutory
filing w.o.,1,other/unknown
awating challan,1,other/unknown
hearing of solenama petition,1,interlocutory
steps and hearing,1,interlocutory
filing w/s by defendant,1,other/unknown
extension and w/s and  s/r,1,other/unknown
amended written statement,1,interlocutory
payment positively,1,other/unknown
hearing local inspection petition,1,interlocutory
ascertain contest,1,other/unknown
hearing the case,1,interlocutory
s.r appearance  and l.c.r,1,service
for further pw and commissioner fees,1,other/unknown
for w.s/s.c,1,other/unknown
for draft copy,1,service
cross examin p.w/d.w,1,evidence
for p.h and hearing petition,1,interlocutory
for filing news paper,1,other/unknown
for original documents,1,other/unknown
filing published copy of citation,1,service
payment and hearing petition filed by the petitioner,1,interlocutory
hearing of petition/ injunction petition,1,interlocutory
report and appearance,1,service
hearing of maintainability petition,1,interlocutory
w/s and wo,1,other/unknown
filling piostal receipt/ acknowledgement,1,other/unknown
admission hearing.,1,interlocutory
appearance and,1,service
s/r and step,1,other/unknown
show cause and sr,1,other/unknown
written statement and s/r,1,interlocutory
"hearing of petition, wo in the mean time",1,interlocutory
witness list (11:00 am   ),1,evidence
further statement (12:00 pm   ),1,other/unknown
warrant of arrest (01-00 pm   ),1,service
recovery warrant (01-00 pm   ),1,service
copies to accused (11:00 am                                          ),1,other/unknown
process to accused (10:00 am                                          ),1,service
for application,1,interlocutory
reply to objection (11:00 am   ),1,interlocutory
warrant of attachment (10:00 am   ),1,service
for report police inquiry (10:00 am   ),1,other/unknown
hearing on exh_,1,interlocutory
recovery warrant (11:00 am                                          ),1,service
hearing (13:00 pm                                          ),1,interlocutory
interim hearing (12:00 pm                                          ),1,interlocutory
appointment of receiver (11:00 am   ),1,other/unknown
notice to opponents (13:00 pm   ),1,service
process to witnesses (12:00 pm   ),1,evidence
opening up of case by prosecution (10:00 am   ),1,other/unknown
for presence of defandant/respondant,1,other/unknown
for deposite the fine,1,other/unknown
summary,1,other/unknown
kurki warrant report,1,service
kurki report,1,other/unknown
plaintiff's proceeding,1,other/unknown
for death certificate,1,other/unknown
trail programe,1,other/unknown
for trial programme,1,other/unknown
for compromise (10:00 am                                          ),1,other/unknown
awaited for warrant,1,service
for recovery of fine money,1,other/unknown
statement 3005,1,other/unknown
original reecord,1,other/unknown
for presence of plaintiff (11:00 am                                          ),1,other/unknown
interim application for reply,1,interlocutory
for producing document,1,other/unknown
anurodh patra,1,other/unknown
application hearing,1,interlocutory
settelement date,1,other/unknown
wating,1,other/unknown
appearance by jd,1,service
sr and appearance (11.00 am   ),1,service
documents and hearing (11.00 am   ),1,interlocutory
sr and accused copy,1,service
step by accused side,1,other/unknown
w/o by jd and step by dh,1,other/unknown
step of jd (12.00 noon ),1,other/unknown
supplying copy by the dh,1,service
written objection (11.00 am   ),1,interlocutory
sr (11.00 am   ),1,other/unknown
step by petitioner/ written objection,1,interlocutory
sr and appearance (02.30 pm   ),1,service
step (01.00 pm   ),1,other/unknown
er (12.00 noon ),1,other/unknown
for hearing (11.45 am                                          ),1,interlocutory
forhearing,1,interlocutory
remittance of decreetal amount,1,other/unknown
submission of list of witness by both parties,1,evidence
sr and objection if any,1,interlocutory
submission of copy paper publication,1,service
report of i/o in final form (11:00 am                                          ),1,other/unknown
filling (11:00 am                                          ),1,other/unknown
for examination of witnesses (11:00am                                           ),1,evidence
framing of charge/ plea (10:30am                                           ),1,charge
for compliance (12:30pm                                           ),1,other/unknown
for examination of witnesses (12:30pm                                           ),1,evidence
for compliance (2:00pm                                            ),1,other/unknown
awaiting presence 3rd,1,other/unknown
hearing/talbi (10:00 am                                          ),1,interlocutory
lok adallat,1,other/unknown
313 cr.pc (11:00 am                                          ),1,evidence
remp-appearance (10:00 am                                          ),1,service
matter relaing to accused statment (03 00 pm   ),1,other/unknown
matter relaing to accused statment (11 am      ),1,other/unknown
matter relating to hearing of interim application (10.00 am                                          ),1,interlocutory
matter relaing to accused statment (03.00 pm                                          ),1,other/unknown
matter relaing to accused statment (01.00 pm                                          ),1,other/unknown
matter relating to hearing of interim application (04-00pm to 04-30pm                                ),1,interlocutory
matter relaing to accused statment (04 pm                                             ),1,other/unknown
matter relaing to accused statment (03 to 04 pm                                       ),1,other/unknown
examination of parties u/o x of cpc,1,evidence
for hearing on c.c,1,interlocutory
filing of reply,1,interlocutory
apperance of o.p.,1,other/unknown
filing of commissiones report.,1,other/unknown
examination of aggrieved person,1,evidence
for appereance of parties/ advocates,1,other/unknown
process server examination,1,evidence
determination,1,other/unknown
pw affidavit,1,other/unknown
objection/hearing,1,interlocutory
payment and settlement,1,other/unknown
"w/o , hearing",1,interlocutory
hearing and consideration,1,charge
steps amp deposition-in-chief,1,other/unknown
written objection amp hearing,1,interlocutory
objection and points,1,interlocutory
pw list & examination,1,evidence
witness examination,1,evidence
conciliatio,1,other/unknown
written statement/reply/replication/ considration (10:00 am                                          ),1,interlocutory
89 c.p.c,1,other/unknown
publication (11:00 am                                          ),1,other/unknown
process (10:00 am                                          ),1,service
313 crpc examination (11:00 am                                          ),1,evidence
compliance (2pm to 5pm                                        ),1,other/unknown
deed of relinquishment (10am to 1pm                                       ),1,other/unknown
trial/surety (2pm to 5pm                                        ),1,other/unknown
compliance report (2pm to 5pm                                        ),1,other/unknown
filling affidavit (10am to 1pm                                       ),1,other/unknown
consent terms (10am to 1pm                                       ),1,other/unknown
filling affidavit (2pm to 5pm                                        ),1,other/unknown
withdrawn (10am to 1pm                                       ),1,other/unknown
surrejoinder (2pm to 5pm                                        ),1,other/unknown
addl. statement on oath (2pm to 5pm                                        ),1,other/unknown
reply/argu (2pm to 5pm                                        ),1,arguments
ex-parte hearing (10am to 1pm                                       ),1,interlocutory
say /hearing on exh.____ready (2pm to 5pm                                        ),1,interlocutory
appointment of cabeca de casal,1,evidence
filing list of assets (2pm to 5pm                                        ),1,other/unknown
written submissions (10am to 1pm                                       ),1,other/unknown
citation.,1,other/unknown
say /hearing on exh.  ready (2pm to 5pm                                        ),1,interlocutory
sureties (2pm to 5pm                                        ),1,other/unknown
family council meeting,1,other/unknown
production of additional documents and additional (10am to 1pm                                       ),1,other/unknown
description of assets..,1,other/unknown
objections (10am to 1pm                                       ),1,interlocutory
list of assets. (10am to 1pm                                       ),1,other/unknown
mode of partition (2pm to 5pm                                        ),1,other/unknown
steps_unready (03.30 pm                                          ),1,other/unknown
n.b.w._unready (12.30 pm                                          ),1,other/unknown
say / hearing on exh____ready (12:30 pm                                          ),1,interlocutory
lok-nyayalaya (10:00 am   ),1,other/unknown
verification (11.00 am   ),1,other/unknown
appearance (11.00 am   ),1,service
appearance (12         ),1,service
stayed by honble high court (3:00 pm                                           ),1,interlocutory
n.b.w._ready (03:00 pm                                          ),1,other/unknown
awaiting notice (10:00 am   ),1,service
process fee (11:00 am   ),1,service
verification (12:00 noon                                        ),1,other/unknown
appearance (01:00 pm                                          ),1,service
lok-nyayalaya (01:00 pm                                          ),1,other/unknown
steps_unready (01:00 pm   ),1,other/unknown
compliance (01:00 pm   ),1,other/unknown
awaiting r and p (11.00 am                                          ),1,other/unknown
r and p ready (11.00 am                                          ),1,other/unknown
lok-nyayalaya (11.00 am                                          ),1,other/unknown
filing of surety (11.00 am                                          ),1,other/unknown
production of accused (12.00 pm                                          ),1,other/unknown
steps_unready (12.00 am                                          ),1,other/unknown
list of witness (12.00 am                                          ),1,evidence
b.w._unready (12.00 am                                          ),1,other/unknown
awaiting warrant (03.00 pm                                          ),1,service
n.b.w._ready (04.00 pm                                          ),1,other/unknown
n.b.w._unready (05.00 pm                                          ),1,other/unknown
w.s. and say (1:00 pm                                           ),1,other/unknown
awaiting muddemal (11:00 am                                          ),1,other/unknown
steps_unready (3:30 pm                                           ),1,other/unknown
report (1:00 pm                                           ),1,other/unknown
say / hearing on exh____ready (3:30 pm                                           ),1,interlocutory
bringing l.r.s (11:00 am                                          ),1,other/unknown
say / hearing on exh____ready (12:00 am                                          ),1,interlocutory
notice ready (10:00 am                                          ),1,service
awaiting report (1:00 pm                                           ),1,other/unknown
for charge 2.45 p.m.,1,charge
c summary (11:00 am   ),1,other/unknown
cases transfer to another court,1,other/unknown
cases kept for mediation,1,other/unknown
nfl hearing (11:00 am                                          ),1,interlocutory
reply unready (3.00pm                                            ),1,interlocutory
awaiting r and p lower court (3.00pm                                            ),1,other/unknown
notice_unready (3.00pm                                            ),1,service
b.w._unready (5.00pm                                            ),1,other/unknown
public notice/proclamation (2.45pm                                            ),1,service
hearing without w.s. (12.00 pm                                          ),1,interlocutory
hearing without w.s. (2.45pm                                            ),1,interlocutory
written statement (3.00pm                                            ),1,interlocutory
w.s. and say (2.45pm                                            ),1,other/unknown
steps (1.00pm                                            ),1,other/unknown
charge (12.00am                                           ),1,charge
filing of say on exh___unready (11:00 am   ),1,other/unknown
b.w._unready (1.00 pm    ),1,other/unknown
verification (12.00pm    ),1,other/unknown
awaiting warrant (11.30 am   ),1,service
b.w._unready (11.30 am   ),1,other/unknown
unready board (01.30 pm   ),1,other/unknown
notice_unready (3.30 pm    ),1,service
plea / particulars (2.30 pm    ),1,charge
lok-nyayalaya (4.30 pm    ),1,other/unknown
r and p ready (2.30 pm    ),1,other/unknown
stayed u./s. 10 of cpc (11:00 am   ),1,interlocutory
n.b.w._unready (4.30pm                                            ),1,other/unknown
awaiting report of commissioner (12.00 - 01.00 pm                                  ),1,other/unknown
notice_unready (02.30 - 03.30 pm                                  ),1,service
appearance (3 pm                                              ),1,service
verification (03.00                                             ),1,other/unknown
notice_unready (1.00 pm                                           ),1,service
reply/say (1.00 pm                                           ),1,interlocutory
hearing without w.s. (1.00 pm                                           ),1,interlocutory
n.b.w._ready (1.00 pm                                           ),1,other/unknown
filing of vakilpatra (16.45 to 17.45                                    ),1,other/unknown
say / hearing on exh____ready (12.00 to 13.00                                    ),1,interlocutory
amended plaint (11.00 to 12.00                                    ),1,other/unknown
awaiting warrant (13.00 to 14.00                                    ),1,service
amended plaint (13.00 to 14.00                                    ),1,other/unknown
n.b.w._unready (16.45 to 17.45                                    ),1,other/unknown
awaiting r and p lower court (10:00 am                                          ),1,other/unknown
compromise (02.45 pm                                          ),1,other/unknown
say / hearing on exh____ready (03.45 pm                                          ),1,interlocutory
notice_unready (02.45 pm                                          ),1,service
reply/say (12:00 noon                                        ),1,interlocutory
dormant file (12:00 noon                                        ),1,other/unknown
reply/say (01:00 pm                                          ),1,interlocutory
paper book (02.45 pm                                          ),1,other/unknown
charge (01:00 pm                                          ),1,charge
reply/say (2.30 pm    ),1,interlocutory
hearing (11:30 am   ),1,interlocutory
paper book (12:00 am                                          ),1,other/unknown
preparation of paper book (2.45 pm                                           ),1,other/unknown
suit disposed off,1,other/unknown
hearing expdt. at 2.45 p.m.,1,interlocutory
report of court commissioner,1,other/unknown
lok nyayalaya.......r,1,other/unknown
high court time bound.....r,1,other/unknown
particular,1,other/unknown
report of counsellor  exparte application,1,interlocutory
settlement / at 2.30 p.m./,1,other/unknown
evi. of the pet. witness,1,evidence
production of salary slip/ certificate,1,other/unknown
filing claim affid. of petr.respondent,1,other/unknown
s reportapperance of respondent,1,other/unknown
return of children -- child,1,other/unknown
w.s. to counter - claim,1,other/unknown
report of distress -- attachment warrant,1,service
document petition pending.,1,other/unknown
notice to guarnishee,1,service
arrest of jdr (11:00 am                                          ),1,other/unknown
ea is pending,1,other/unknown
for collection of stamp duty and penalty,1,other/unknown
examination of complianant s witness,1,evidence
l.c.r (2.45 pm                                           ),1,other/unknown
advance,1,other/unknown
enquiry (03.00 pm                                          ),1,other/unknown
s st (11:00 am                                          ),1,other/unknown
await report (01.00 pm                                          ),1,other/unknown
notice to complaint (11:00 am                                          ),1,service
l.c.r received,1,other/unknown
charge (04.00 pm                                          ),1,charge
appearance  of accused (11:00 am                                          ),1,service
objection to petition (01.00 pm                                          ),1,interlocutory
production of accused. (11:00 am                                          ),1,other/unknown
a.d.r. (04.00 pm                                          ),1,other/unknown
await arrest notice/warrant (12.00 pm                                          ),1,service
attachment warrant of movable (12.00 pm                                          ),1,service
appearance  of complainant,1,service
cross of pw1 (11.00 am                                          ),1,evidence
amended (11:00 am                                          ),1,other/unknown
313 statement. (03.00 pm                                          ),1,evidence
a.d.r (10:00 am                                          ),1,other/unknown
a/w/m of jdrs,1,other/unknown
b report filed,1,other/unknown
await report. (afternoon session                                 ),1,other/unknown
complaince (morning session                                   ),1,other/unknown
further cross of respondent,1,evidence
enquiry (morning session                                   ),1,other/unknown
stayed (2.45pm                                            ),1,interlocutory
"compliance of sec., 89 of cpc",1,other/unknown
fur.steps,1,other/unknown
notice to respt.,1,service
no action on court's instance,1,other/unknown
notice to report,1,service
a/record,1,other/unknown
return of remonder,1,other/unknown
compliance (afternoon session                                 ),1,other/unknown
memo of calcuation,1,other/unknown
costs,1,other/unknown
for pf,1,other/unknown
for further steps (11:00 am                                          ),1,other/unknown
spot sale,1,other/unknown
remainder to commissioner,1,other/unknown
setlment,1,other/unknown
settelment (02:45 pm                                          ),1,other/unknown
nbw (02:45 pm                                          ),1,service
lok - adalath,1,other/unknown
await commission reporte (11:00 am                                          ),1,other/unknown
sale proclamation and sale warrant,1,service
objection to i.a.iii,1,interlocutory
objection to i.a.iii and iv,1,interlocutory
nbw cancelled,1,service
hearing on cr,1,interlocutory
t.i. extention,1,other/unknown
settled in l.a,1,other/unknown
first hearing/maintainability-c (2:00 pm                                           ),1,interlocutory
for say of other side,1,other/unknown
s/s. to court commissioner,1,other/unknown
body warrent,1,other/unknown
claim statement.,1,other/unknown
for n.b.w.,1,other/unknown
warrant (14:45 pm                                          ),1,service
hear on ia (11:00 am                                          ),1,interlocutory
hearing (14:45 pm                                          ),1,interlocutory
bound over (2.45 pm to 4.15 pm                                ),1,other/unknown
await report (2.45 pm to 4.15 pm                                ),1,other/unknown
await record (11 am to 12.30 pm                                 ),1,other/unknown
steps (4.15 pm to 5.45 pm                                ),1,other/unknown
suit of the pltff is dismissed for non prosecution,1,other/unknown
for balance (11.00 am to 02.00pm                               ),1,other/unknown
b/w to cws (02.45 pm to 05.45pm                               ),1,other/unknown
attachment warrant of movables (02.45 pm to 05.45pm                               ),1,service
await f/r,1,other/unknown
apperance of respondent,1,other/unknown
for plea (02.45 pm to 05.45pm                               ),1,charge
for objection (11.00 am to 02.00pm                               ),1,interlocutory
appearance of party (11.00 am to 02.00pm                               ),1,service
a.d.r. (2.45 pm                                           ),1,other/unknown
stage (2.45 pm                                           ),1,other/unknown
appearance of party (2.45 pm                                           ),1,service
body warrant (11:00 am                                          ),1,service
a.d.r. alternative dispute resolution,1,other/unknown
to fix trial,1,other/unknown
committal to sessions,1,other/unknown
custody matters (03:00 pm                                          ),1,other/unknown
verify draft (11:00 am                                          ),1,other/unknown
list of witness and documents (10:00 am                                          ),1,evidence
for furnishing committal surety,1,other/unknown
memo of instruction..,1,other/unknown
arrest  warrant,1,service
hearing  and  objections,1,interlocutory
apperance of accused (02.45 pm                                          ),1,other/unknown
framing of charge /plea (11.00 am                                          ),1,charge
for issunece of proces/service (12.00 pm                                          ),1,service
for section 89 cpc/counseling (11.00 am                                          ),1,other/unknown
call for property (11:00 am                                          ),1,other/unknown
await c.r.,1,other/unknown
hearing before charge (12:00 pm                                          ),1,charge
attachment of salary (11:00 am                                          ),1,other/unknown
await commissioner report (12:00 pm                                          ),1,other/unknown
cross of pw/dw (2:45 pm                                           ),1,evidence
settalement (11.00 am                                          ),1,other/unknown
complaince by (12.00 pm                                          ),1,other/unknown
nbw to w/s,1,service
warrent to accused (12.00 pm                                          ),1,other/unknown
notice through r.p.a.d. (11.00 am                                          ),1,service
to hear on (1.00 pm                                           ),1,other/unknown
to hear on (3.00 pm                                           ),1,other/unknown
produce of death certificate,1,other/unknown
memo (12.00 pm                                          ),1,other/unknown
to file  correct balance statement,1,other/unknown
for dna test,1,other/unknown
posted to,1,other/unknown
for expert opinion,1,other/unknown
for 313 questioning,1,evidence
to file correct balance statement,1,other/unknown
for ready plea,1,charge
cure the defect,1,other/unknown
for calculation statement,1,other/unknown
for delivery,1,other/unknown
for production of witness,1,evidence
direction to sho,1,other/unknown
further steps if any,1,other/unknown
for preliminary hearing of charge..,1,charge
produce fresh schedule.,1,other/unknown
appearance of respdt,1,service
await cma records,1,other/unknown
produced the original document.,1,other/unknown
await forensic science laboratory report.,1,other/unknown
put up with back records.,1,other/unknown
to record plea of the accused (10:00 am                                          ),1,charge
await village officer's certificate (10:00 am                                          ),1,other/unknown
produce the ward before court,1,other/unknown
objection filed,1,interlocutory
chance to settlement,1,other/unknown
respondent set exparte,1,other/unknown
for documents,1,other/unknown
mediation centre (10:00 am                                          ),1,other/unknown
step for brining lrs record,1,other/unknown
sr/objection (11am-12am                                         ),1,interlocutory
sr/objection (1pm-2pm                                           ),1,interlocutory
appeal hearing (11am-12am                                         ),1,interlocutory
ex-parte hearing (11am-12am                                         ),1,interlocutory
official witness (11am-12am                                         ),1,evidence
additional w.s (1pm-2pm                                           ),1,other/unknown
plantiff witness (12pm-1pm                                          ),1,evidence
defendant witness (1pm-2pm                                           ),1,evidence
mediation report (1pm-2pm                                           ),1,other/unknown
cross (3pm-4pm                                           ),1,evidence
charge (10am-11am                                         ),1,charge
steps before hearing,1,interlocutory
distress warrant (dw),1,service
paper publication / substitution,1,other/unknown
objection (10.30 am                                          ),1,interlocutory
hearing (12.30 to 1.00 pm                                  ),1,interlocutory
steps and return.,1,other/unknown
lcr.,1,other/unknown
hearing on petition (01.30 pm                                          ),1,interlocutory
service report and ws (01.30 pm                                          ),1,service
steps for substitution.,1,other/unknown
appearance of defendant.,1,service
cross examination of prosecution witness (10.30 am                                          ),1,evidence
objection & hearing,1,interlocutory
statement defence (10:00 am                                          ),1,other/unknown
appearence and c.c.,1,other/unknown
written statement against c.c.,1,interlocutory
defendant witness (11:00 am                                          ),1,evidence
examination of e/o,1,evidence
313 cr.pc statement (12.00 am                                          ),1,evidence
for hearing on law point,1,interlocutory
appearance (12.30pm                                           ),1,service
deposition of costs,1,other/unknown
awaiting e / r,1,other/unknown
filing of say on exh (unready),1,other/unknown
soleman affirmation (s.a) (03.30pm                                           ),1,other/unknown
awaiting r and amp p,1,other/unknown
awaiting original report,1,other/unknown
filling court fees,1,other/unknown
hearing before chareg,1,interlocutory
w.s/reply/replication,1,interlocutory
awaiting for valuation,1,other/unknown
hearing of condonation petition,1,interlocutory
filing copy of proceeding and hearing,1,service
for case diary,1,other/unknown
hearing on conviction,1,interlocutory
proclamation under section 82-83 cr.p.c. (11:30                                             ),1,other/unknown
stayed by higher court (12.00pm                                           ),1,interlocutory
awaiting records (11.00am                                           ),1,other/unknown
cognizance / issuance of process/ service (02.00pm                                           ),1,service
awaiting records (12.00pm                                           ),1,other/unknown
service of non-bailable warrant (01:00 am                                          ),1,service
awaiting records (12-01 pm                                          ),1,other/unknown
awaiting report (03:30 pm                                          ),1,other/unknown
hearing on sentence (03:30 pm                                          ),1,interlocutory
written statement (10:30 am                                          ),1,interlocutory
stayed by higher court (02:00 am                                          ),1,interlocutory
hearing on admission (11:00 am                                          ),1,interlocutory
written statement (10:30                                             ),1,interlocutory
other proceedings,1,other/unknown
service of non-bailable warrant (13:00                                             ),1,service
rejoinder / additional written statement (11:00                                             ),1,interlocutory
awaiting records (03.00pm                                           ),1,other/unknown
reply of application/ steps by parties (11.00am    ),1,interlocutory
compliance (12.30pm    ),1,other/unknown
commit to dj court,1,other/unknown
appearance of parties/ advocates (12:00                                             ),1,service
appearance of parties/ advocates (16:00                                             ),1,service
hearing on admission (13:00                                             ),1,interlocutory
reply of application/ steps by parties (11:00                                             ),1,interlocutory
rejoinder / additional written statement (11:30                                             ),1,interlocutory
sale proclamation (13:00                                             ),1,other/unknown
compliance (07:30                                             ),1,other/unknown
admission/denials (01.00pm                                           ),1,other/unknown
appearance of parties/ advocates (04.00pm                                           ),1,service
attachment/ arrest/garnishee proceedings (03.30pm                                           ),1,other/unknown
attachment/ arrest/garnishee proceedings (03.00pm                                           ),1,other/unknown
supply of charge-sheet and copies (15:00                                             ),1,charge
stayed by higher court (10:00                                             ),1,interlocutory
appearance of accused (14.00 pm                                          ),1,service
framing of charge/ plea (16.00 pm                                          ),1,charge
appearance of accused (02:00 pm                                          ),1,service
discovery/ inspection (),1,other/unknown
compliance (12:45 pm                                          ),1,other/unknown
stayed by higher court (12.30pm                                           ),1,interlocutory
proclamation under section 82-83 cr.p.c. (02.00pm                                           ),1,other/unknown
framing of charge/ plea (03.30pm                                           ),1,charge
hearing on admission (11.00am                                           ),1,interlocutory
appearance of parties/ advocates (03.30pm                                           ),1,service
written statement (11.30am                                           ),1,interlocutory
written statement (02.00pm                                           ),1,interlocutory
written statement (04.00pm                                           ),1,interlocutory
compliance (03.00pm                                           ),1,other/unknown
service pending (10:30 am                                          ),1,service
for committal (2:00 pm                                           ),1,other/unknown
hearing on sentence (10:00 am                                          ),1,interlocutory
questioning (10:00 am                                          ),1,other/unknown
questioning (11:00 am                                          ),1,other/unknown
s.i.r,1,other/unknown
hearing on the objection. (10:00 am                                          ),1,interlocutory
consideration of the petition (11:00 am                                          ),1,charge
evicence (11:00 am                                          ),1,other/unknown
probate duty money (11:00 am                                          ),1,other/unknown
filling document (11:00 am                                          ),1,other/unknown
further intimation (10:00 am                                          ),1,other/unknown
comissioners report (11:00 am                                          ),1,other/unknown
nomination letter (10:00 am                                          ),1,other/unknown
filing of amended plaint (10:00 am                                          ),1,other/unknown
fresh requisites (10:00 am                                          ),1,other/unknown
hearing of cma (10:00 am                                          ),1,interlocutory
production (11:00 am                                          ),1,other/unknown
cost paid,1,other/unknown
exparte hearing (10:00 am                                          ),1,interlocutory
filing of counter (11:00 am                                          ),1,other/unknown
s/r & filing of counter (10:00 am                                          ),1,other/unknown
rectification of defects (11:00 am                                          ),1,other/unknown
receipt of original case record (11:00 am                                          ),1,other/unknown
substitution plaint (11:00 am                                          ),1,other/unknown
filing of complete requisites,1,other/unknown
for filing of amended plaint.,1,other/unknown
filing result by plantiff,1,other/unknown
supply of p.p. (11:00 am                                          ),1,other/unknown
filing of requisites (10:00 am                                          ),1,other/unknown
filling list of wittness (10:00 am                                          ),1,other/unknown
execution and return,1,other/unknown
service return (10:00 am                                          ),1,service
appearance from custody (10:00 am                                          ),1,service
application of appellant,1,interlocutory
accused statement (10:00 am                                          ),1,other/unknown
awaiting for s.r. (10:00 am                                          ),1,other/unknown
filling copy of exn. petition,1,service
prove the service,1,service
production of p.m. report,1,other/unknown
shirastadar report,1,other/unknown
for appearance of paties/advocates,1,service
"u/o- 39,r- 4",1,other/unknown
for recording statement,1,other/unknown
awaiting p.r (10:00 am                                          ),1,other/unknown
enquiry witness (11:00 am                                          ),1,evidence
witness (11:00 am                                          ),1,evidence
exparty hearing (11:00 am                                          ),1,interlocutory
death report (11:00 am                                          ),1,other/unknown
awaiting of death report (11:00 am                                          ),1,other/unknown
for production (11:00 am                                          ),1,other/unknown
appearence and production of accused (11:00 am                                          ),1,other/unknown
filing of requisites and app. of defendent. (11:00 am                                          ),1,other/unknown
for a/s (11:00 am                                          ),1,other/unknown
awating f.f.o,1,other/unknown
awated for final form / chargesheet (10:00 am                                          ),1,charge
compliance of office defect,1,other/unknown
awaiting death report (11:00 am                                          ),1,other/unknown
payment of arrear maintainnce,1,other/unknown
admission  and  denial,1,other/unknown
payment of pending arrear,1,other/unknown
awaiting honourable session court decision,1,other/unknown
disability applicati8on,1,other/unknown
512 cr.pc   warrant,1,service
decision,1,other/unknown
awaiting criminal record...,1,other/unknown
cd file report,1,other/unknown
presence of respondent,1,other/unknown
defendent,1,other/unknown
natija darkwas,1,other/unknown
production warrant (10:00 am                                          ),1,service
sabstituted services,1,service
awaiting lpa,1,other/unknown
fast track warrant,1,service
fast track defence witness,1,evidence
anti corrup statement 342,1,other/unknown
fast track,1,other/unknown
arbitration,1,other/unknown
for recording the statement of parties,1,other/unknown
for recording prelimninary statement  of  plaintif,1,other/unknown
awaited for presence of complainant,1,other/unknown
written statement not ready,1,interlocutory
awaiting 5007,1,other/unknown
stay application,1,interlocutory
"hearing,",1,interlocutory
r p ready,1,other/unknown
crpc 488 awaiting non-applicant/respondent,1,other/unknown
awaiting respondent...,1,other/unknown
awaiting  records,1,other/unknown
for l.r,1,other/unknown
service of record,1,service
criminal for awaiting petitioner/respondent,1,other/unknown
for filling documents,1,other/unknown
for filling counter claim,1,other/unknown
nbw / ns / 82 and  83 crpc,1,service
statement 200 (11:00 am                                          ),1,other/unknown
for compliance (12 pm                                             ),1,other/unknown
for compliance (11:00 am                                          ),1,other/unknown
admission hearing of appeals,1,interlocutory
traceing,1,other/unknown
hearing on question of sentence,1,interlocutory
awaiting appearance of accused,1,service
examination of accused under section 313 cr pc (11:00 am                                          ),1,evidence
objection and disposal (10:00 am                                          ),1,interlocutory
hering (10:00 am                                          ),1,other/unknown
for cross (11:00 am                                          ),1,evidence
for objection / disposal,1,interlocutory
cross examination (12:00 pm                                          ),1,evidence
200 statement (10:00 am                                          ),1,other/unknown
313/437 a crpc,1,evidence
cross examine pw-3,1,evidence
w/s and hearing of petition,1,interlocutory
written    statement,1,other/unknown
received the bank pass book,1,other/unknown
for filing the case,1,other/unknown
appearance & copy supply,1,service
appearance & report,1,service
todays filing,1,other/unknown
admission on hearing,1,interlocutory
for filing show cause petition by petitioner,1,other/unknown
"filing wo,ws and hearing of the injunction petitio",1,interlocutory
filling stamp paper,1,other/unknown
estimation of cost,1,other/unknown
injunction hearing on exparte,1,interlocutory
for p.h,1,other/unknown
"w/s, w/o and s/r",1,other/unknown
steps and w.s,1,other/unknown
proper steps,1,other/unknown
"extension, w.s, w.o and s/r",1,other/unknown
extension and hg. of inj. ptn.,1,other/unknown
hearing of injunction petition.,1,interlocutory
execution report of w.a.,1,other/unknown
o.p.w.'s,1,other/unknown
hearing sec.151 petition,1,interlocutory
hearing local investigation report,1,interlocutory
acceptance of c.report,1,other/unknown
apprence,1,other/unknown
for publication report,1,other/unknown
further examination in chief,1,evidence
survay  c. report,1,other/unknown
receiver report,1,other/unknown
judicial enquiry,1,other/unknown
dismissed for default,1,other/unknown
settling date for trial,1,other/unknown
production and s d t,1,other/unknown
setteling date of trial,1,other/unknown
s a,1,other/unknown
w/s and vakalatnama,1,other/unknown
e.r. of w.a./wpa,1,other/unknown
hearing report,1,interlocutory
written statement sr/ad and cost,1,interlocutory
filing amendment of plaint,1,other/unknown
filing vokalatnama,1,other/unknown
death report and appearance,1,service
postal a/d,1,other/unknown
minor clarification,1,other/unknown
r/o,1,other/unknown
written statement as a last chance,1,interlocutory
for  statement  of claim (10:00 am   ),1,other/unknown
for reply  of opponent (10:00 am   ),1,interlocutory
hearing on framing of charge/discharge application (10:00 am                                          ),1,charge
public notice (11:00 am   ),1,service
opening up of case by prosecution (11:00 am   ),1,other/unknown
disposal after 90 days,1,other/unknown
framing of charge (11:00 am                                          ),1,charge
process to witnesses (11:00 am                                          ),1,evidence
for report of counting of ballots,1,other/unknown
warrant of arrest (13:00 pm                                          ),1,service
cross-objection (11:00 am   ),1,evidence
warrant of arrest (13:00 pm   ),1,service
notice to opponents (12:00 pm   ),1,service
for enquiry report,1,other/unknown
"others,not to be inclubed in njdg (need to discontinue)",1,other/unknown
a,1,other/unknown
levhi warant,1,other/unknown
in wait of imprisoment warrant,1,service
t.p.,1,other/unknown
fine recovery,1,other/unknown
decided in lokadalat,1,other/unknown
for deposite the fine amount,1,other/unknown
awation report,1,other/unknown
plaintiff witness not ready,1,evidence
submission of additional document by op no. 2,1,other/unknown
cross-examination of witness of op no.1,1,evidence
w/s by op no. 3,1,other/unknown
w/s by op no. 2,1,other/unknown
placing of record,1,other/unknown
further report,1,other/unknown
documents by o.p. owner,1,other/unknown
step by claimant in respect of o.p.,1,other/unknown
payment (11.00 am   ),1,other/unknown
step of jd,1,other/unknown
documents (01.00 pm   ),1,other/unknown
step (12.00 noon ),1,other/unknown
filing draft certificate,1,other/unknown
documents (12.00 noon ),1,other/unknown
written objection and hearing (02.30 pm   ),1,interlocutory
er/ accused copy,1,service
for report. (10:00 am                                          ),1,other/unknown
framing of charge (11.45 am                                          ),1,charge
sr and hearing on appeal,1,interlocutory
for compliance (10:30am                                           ),1,other/unknown
considertion (11:00 am                                          ),1,other/unknown
reply (10-00 to 10-30am                                  ),1,interlocutory
reply/written statement (11:00 am                                          ),1,interlocutory
matter relating to hearing of interim application (11 am      ),1,interlocutory
matter relating to hearing of interim application (12.00 - 01.00 pm                                  ),1,interlocutory
service reports,1,service
authentication and  cross examination,1,evidence
exam-in-chief,1,other/unknown
incorporation / recast,1,other/unknown
appearance and  hearing,1,service
cross examination of plaintiff/ claimant witness,1,evidence
further proceeding / decree of divorce,1,other/unknown
re-hearing,1,interlocutory
wo / d.w. hearing,1,interlocutory
statement of witnesses.,1,evidence
accepted,1,other/unknown
frames of notice (10.00 am                                          ),1,service
marking of pw1,1,other/unknown
filing counter (11:00 am                                          ),1,other/unknown
fixing for schedule (10:00 am                                          ),1,other/unknown
list of assets (2pm to 5pm                                        ),1,other/unknown
arg.b.charge (10am to 1pm                                       ),1,charge
stayed by hon ble high court (10am to 1pm                                       ),1,interlocutory
warrant (2pm to 5pm                                        ),1,service
say /hearing on exh. ready,1,interlocutory
chart of partion (2pm to 5pm                                        ),1,other/unknown
informative chart of partion,1,other/unknown
steps_unready (04.30 pm                                          ),1,other/unknown
steps_unready (10:30am                                           ),1,other/unknown
steps (12:30 pm                                          ),1,other/unknown
reply/say (11.30 am                                          ),1,interlocutory
hearing on nfl appln. (11.30 am                                          ),1,interlocutory
awaiting r and p lower court (11.30 am                                          ),1,other/unknown
say / hearing on exh____ready (12:00 pm   ),1,interlocutory
compliance (3 pm                                              ),1,other/unknown
citation (3:00 pm                                           ),1,other/unknown
reply/say (4:00 pm                                           ),1,interlocutory
awaiting muddemal (02:00 pm                                          ),1,other/unknown
charge (02:00 pm                                          ),1,charge
b.w._ready (10:00 am   ),1,other/unknown
depositing amount (12:00 noon                                        ),1,other/unknown
depositing amount (11:00 am   ),1,other/unknown
awaiting notice (12:00 noon ),1,service
paper book (11.00 am                                          ),1,other/unknown
r and p ready (01.00 pm                                          ),1,other/unknown
stayed u./s. 10 of cpc (12.00 pm                                          ),1,interlocutory
compromise (01.00 pm                                          ),1,other/unknown
written statement (01.00 pm                                          ),1,interlocutory
awaiting report of commissioner (01.00 pm                                          ),1,other/unknown
documents (11.00 am                                          ),1,other/unknown
awaiting notice (03.00 pm                                          ),1,service
filing of say on exh___unready (03.00 pm                                          ),1,other/unknown
n.b.w._unready (12.00 am                                          ),1,other/unknown
w.s. and say (03.00 pm                                          ),1,other/unknown
steps (02.00 pm                                          ),1,other/unknown
stayed by district court (12.00 am                                          ),1,interlocutory
filing of say on exh___ready (04.00 pm                                          ),1,other/unknown
b.w._unready (04.00 pm                                          ),1,other/unknown
awaiting r and p lower court (12:00 am                                          ),1,other/unknown
bringing l.r.s (3:30 pm                                           ),1,other/unknown
awaiting report of commissioner (4:30 pm                                           ),1,other/unknown
public notice/proclamation (3:30 pm                                           ),1,service
payment of paper book charges (4:30 pm                                           ),1,charge
payment of paper book charges (3:30 pm                                           ),1,charge
awaiting warrant (2:30 pm                                           ),1,service
hearing (4:30 pm                                           ),1,interlocutory
awaiting notice (12:00 am                                          ),1,service
compliance (4:30 pm                                           ),1,other/unknown
committal (12:00 pm                                          ),1,other/unknown
for verification (1:00 pm                                           ),1,other/unknown
file cases,1,other/unknown
part heard at 3.00 p.m. (11:00 am   ),1,other/unknown
statement 2.45 pm,1,other/unknown
filing of vakilpatra (11:00 am                                          ),1,other/unknown
awaiting warrant (2.45pm                                            ),1,service
compliance (4.00pm                                            ),1,other/unknown
payment of paper book charges (4.00pm                                            ),1,charge
steps (3.00pm                                            ),1,other/unknown
n.b.w._unready (5.00pm                                            ),1,other/unknown
steps (5.00pm                                            ),1,other/unknown
steps (4.00pm                                            ),1,other/unknown
w.s. and say (4.00pm                                            ),1,other/unknown
lok-nyayalaya (2.45pm                                            ),1,other/unknown
nfl hearing (1.00pm                                            ),1,interlocutory
b.w._unready (1.00pm                                            ),1,other/unknown
awaiting report of commissioner (11:00 am   ),1,other/unknown
lok-nyayalaya (12.00pm    ),1,other/unknown
steps_unready (12.30 pm   ),1,other/unknown
n.b.w._ready (11.30 am   ),1,other/unknown
hearing before charge (11:00 am   ),1,charge
ex_party hearing (1.00pm                                            ),1,interlocutory
additional w.s. (3.30pm                                            ),1,other/unknown
hearing without w.s. (2.30pm                                            ),1,interlocutory
notice_unready (4.30pm                                            ),1,service
charge (2.30pm                                            ),1,charge
steps (2.30pm                                            ),1,other/unknown
steps_unready (2.30pm                                            ),1,other/unknown
say / hearing on exh____ready (3.30pm                                            ),1,interlocutory
b.w._unready (4.30pm                                            ),1,other/unknown
production of accused (02.30 - 03.30 pm                                  ),1,other/unknown
unready board (02.30 - 03.30 pm                                  ),1,other/unknown
n.b.w._ready (12 pm                                             ),1,other/unknown
awaiting report of receiver (03.00                                             ),1,other/unknown
appearance (11.00 to 12.00                                    ),1,service
steps (15.00 pm                                          ),1,other/unknown
awaiting warrant (04:45 pm                                          ),1,service
awaiting warrant (02.45 pm                                          ),1,service
lok-nyayalaya (12:00 noon                                        ),1,other/unknown
compliance (10 am                                             ),1,other/unknown
awaiting report of commissioner (10 am                                             ),1,other/unknown
stayed by honble high court (10 am                                             ),1,interlocutory
stayed by honble high court (02 pm                                             ),1,interlocutory
stayed by district court (10 am                                             ),1,interlocutory
nm replyrejoinder (10:00 am                                          ),1,interlocutory
mediation report (10:00 am                                          ),1,other/unknown
for___________________ (11:00 am                                          ),1,other/unknown
notice of motion for reply rejoinder (10:00 am                                          ),1,service
pscc appeal for hearing not before 2.45 pm (11:00 am   ),1,interlocutory
cost.,1,other/unknown
written statement/amendment,1,interlocutory
report unready board,1,other/unknown
verify witness,1,evidence
"stayed by hon,ble high court",1,interlocutory
stayed by hon 039 hoble high court,1,interlocutory
for filing consent terms,1,other/unknown
high court time limit at 10.30am,1,other/unknown
cross of the petitioner (11:00 am                                          ),1,evidence
chief of the respondent (11:00 am                                          ),1,other/unknown
say to exhibithearingreport,1,interlocutory
filing counter  (10:00 am                                          ),1,other/unknown
stay pending,1,interlocutory
transfer op filed/pending,1,other/unknown
appearance  of surety,1,service
ammendment (01.00 pm                                          ),1,other/unknown
objection to main petition (12.00 pm                                          ),1,interlocutory
sworn statement (04.00 pm                                          ),1,other/unknown
nbw to accused (04.00 pm                                          ),1,service
cross of wittness (03.00 pm                                          ),1,evidence
ammendment (12.00 pm                                          ),1,other/unknown
witness notice,1,evidence
attachment warrant of movable (03.00 pm                                          ),1,service
body warrrant,1,other/unknown
case is stayed,1,interlocutory
adjourned  at the request of petitioner counsel (morning session                                   ),1,other/unknown
objection to ia (afternoon session                                 ),1,interlocutory
h.b.c. (afternoon session                                 ),1,other/unknown
await report. (morning session                                   ),1,other/unknown
flw (morning session                                   ),1,other/unknown
further chief pw-1. (morning session                                   ),1,other/unknown
chargesheet copy.,1,charge
hearing (11-00 am                                          ),1,interlocutory
short p.f./correct address,1,other/unknown
hearing on c/r,1,interlocutory
call on (02:45 pm                                          ),1,other/unknown
written statement (02:45 pm                                          ),1,interlocutory
objection on i.a. (02:45 pm                                          ),1,interlocutory
await sale warrant,1,service
for objection/counter to main petition(cr) (2:00 pm                                           ),1,interlocutory
313 statement/statement of accused(cr) (10:00 am                                          ),1,evidence
for committal(cr),1,other/unknown
notice to surity of accused,1,service
affixture,1,other/unknown
commission warrent,1,other/unknown
bound over (4.15 pm to 5.45 pm                                ),1,other/unknown
notice (2.45 pm to 4.15 pm                                ),1,service
for reply on i.a.,1,interlocutory
appearance of party (11 am to 12.30 pm                                 ),1,service
for proclamation (11.00 am to 02.00pm                               ),1,other/unknown
notice to respondent (02.45 pm to 05.45pm                               ),1,service
settlement (11.00 am to 02.00pm                               ),1,other/unknown
objection to i.a. (11.00 am to 02.00pm                               ),1,interlocutory
pf/cf,1,other/unknown
custody matters (12:00 pm                                          ),1,other/unknown
amanded plaint,1,other/unknown
call on (4.00 pm                                           ),1,other/unknown
cross  of  rw,1,evidence
apperance of accused (03.45 pm                                          ),1,other/unknown
awaiting adr reports (11:00 am                                          ),1,other/unknown
for attachment/arrest/garnishee proceedings (11:00 am                                          ),1,other/unknown
for appearance of parties/advocates (11.00 am                                          ),1,service
for filing written statement (01.00 pm                                          ),1,interlocutory
for compliance (12.00 pm                                          ),1,other/unknown
a.d.r. (3:00 pm                                           ),1,other/unknown
balance payment (12:00 pm                                          ),1,other/unknown
nbw to accused notice to surity (3:00 pm                                           ),1,service
nbw to surety (11:00 am to 02:00 pm                              ),1,service
amendment of petition,1,other/unknown
steps (11:00 am to 02:00 pm                              ),1,other/unknown
await commissioner report (11:00 am to 02:00 pm                              ),1,other/unknown
commissioner warrent,1,other/unknown
to hear (12.00 pm                                          ),1,other/unknown
deefendant evedence (3.00 pm                                           ),1,other/unknown
deefendant evedence (1.00 pm                                           ),1,other/unknown
ss to witnessess (11.00 am                                          ),1,evidence
313 statement (4.00 pm                                           ),1,evidence
hearing (10.00 am                                          ),1,interlocutory
amended plaintiff (3.00 pm                                           ),1,other/unknown
for court fee (12.00 pm                                          ),1,other/unknown
for objection (4.00 pm                                           ),1,interlocutory
steps (4.00 pm                                           ),1,other/unknown
reply (12.00 pm                                          ),1,interlocutory
commission warrant (11.00 am                                          ),1,service
amended plaint (3.00 pm                                           ),1,other/unknown
reminder (11.00 am                                          ),1,other/unknown
a.d.r.-civl,1,other/unknown
amendment petition (1.00 pm                                           ),1,other/unknown
await repots (11.00 am                                          ),1,other/unknown
call with ia (11:00 am                                          ),1,interlocutory
appearance of petitioner (11:00 am                                          ),1,service
for commission application,1,interlocutory
bcf last chance,1,other/unknown
for hearing under section 232 crpc.,1,interlocutory
memo to sho..,1,other/unknown
show casue to investigating officer.,1,other/unknown
appearance of decree holder,1,service
re-listed to,1,other/unknown
cws shall be present,1,other/unknown
accused not produced,1,other/unknown
nbw to cws (11:00 am                                          ),1,service
report from commissioner.... (1pm-2pm                                           ),1,other/unknown
production (1pm-2pm                                           ),1,other/unknown
inquiry / further inquiry (3pm-4pm                                           ),1,other/unknown
evedience of io (10.30 am                                          ),1,other/unknown
submission of certificate,1,other/unknown
submission of legal heir certificate,1,other/unknown
file petition,1,other/unknown
production of accused (01.30 pm - 04.00 pm                               ),1,other/unknown
service report (01.30 pm - 04.00 pm                               ),1,service
hearing on petition (10.30 am                                          ),1,interlocutory
submission of drafts and others,1,other/unknown
appearance and charge.,1,charge
defense witness (10.30 am                                          ),1,evidence
objection @ hearing,1,interlocutory
service report (10:00 am                                          ),1,service
steps/records,1,other/unknown
copy (11:00 am                                          ),1,service
service report and ws (10:00 am                                          ),1,service
eviddence of plaintiff / petitioner (12.30pm                                           ),1,other/unknown
for further proccedings,1,other/unknown
hearing before  charge,1,charge
waiting on service report,1,service
awating record from mediation centre,1,other/unknown
accusition explain,1,other/unknown
dormant file/clarification needed,1,other/unknown
awating for shristdar report,1,other/unknown
written statement/w.s,1,interlocutory
appearance of acused,1,service
service of non-bailable warrant (10.30am                                           ),1,service
p.o.on govt. duty,1,other/unknown
service of non-bailable warrant (11:00                                             ),1,service
awaiting records (01.00pm                                           ),1,other/unknown
proclamation under section 82-83 cr.p.c. (12.30pm                                           ),1,other/unknown
further acction,1,other/unknown
stayed by higher court (14:30                                             ),1,interlocutory
commissioner's report (14:00                                             ),1,other/unknown
service of non-bailable warrant (15:30                                             ),1,service
attachment/ arrest/garnishee proceedings (12.30pm                                           ),1,other/unknown
awaiting report (03.30pm                                           ),1,other/unknown
awaiting adr reports (14:00                                             ),1,other/unknown
service of non-bailable warrant (02.00 pm                                          ),1,service
attachment/ arrest/garnishee proceedings (10:30 am                                          ),1,other/unknown
awaiting adr reports (11:30 am                                          ),1,other/unknown
appearance of accused (11:30 am                                          ),1,service
stayed by higher court (2:00                                              ),1,interlocutory
cognizance / issuance of process/ service (02:00 pm                                          ),1,service
awaiting report (08.00 am                                          ),1,other/unknown
proclamation under section 82-83 cr.p.c. (03.30pm                                           ),1,other/unknown
service of non-bailable warrant (04.00pm                                           ),1,service
awaiting records (12:00 pm                                          ),1,other/unknown
appearance (2:00 pm                                           ),1,service
filing of requisite and  app. of defendent,1,other/unknown
filing of protest petition if any,1,other/unknown
bringing l.r and s,1,other/unknown
substituted plaint (10:00 am                                          ),1,other/unknown
filing counter claim,1,other/unknown
adding lr's of respondant,1,other/unknown
for filing the published newspaper,1,other/unknown
filing copy of paper publication,1,service
for filing of consolidated plaint.,1,other/unknown
for cross-examination,1,evidence
further office note,1,other/unknown
filing of amend application,1,interlocutory
acceptance of consolidated plaint,1,other/unknown
objection and hearing on amendment petition filed by plff,1,interlocutory
filling rejoinnder,1,other/unknown
filling show case..,1,other/unknown
plaintiff file fresh steps against defendant,1,other/unknown
execution of b.w._,1,other/unknown
supply of present correct address,1,other/unknown
appointment of sdc & consideration,1,charge
awaiting lcr and hearing.,1,interlocutory
filing objection  awaiting service return,1,service
filing list of documents and witness,1,evidence
hearing u/o10 r-1 cpc.,1,interlocutory
filing of stamp paper,1,other/unknown
awaiting  appointment of s.k.commissioner,1,other/unknown
w.s. and amp say,1,other/unknown
produce calculation sheet,1,other/unknown
crpc 488,1,other/unknown
call for counsel(p),1,other/unknown
argumnets__ (10:00 am                                          ),1,arguments
call for witness,1,evidence
appearance of defendant no 3 and  4,1,service
list of plaintiffs witnesses,1,evidence
witness/es stat. recorded,1,evidence
listing of property for attachment,1,other/unknown
report enquiry officer,1,other/unknown
statement of plaintif/petitioner,1,other/unknown
"index,awating original file 561/a",1,other/unknown
consign to r .r,1,other/unknown
chief of defendent,1,other/unknown
re compromise,1,other/unknown
b.w 10000,1,other/unknown
hearing (02.00 pm                                          ),1,interlocutory
recovery warront,1,other/unknown
awating reports,1,other/unknown
or der disposal,1,other/unknown
r est paym en t,1,other/unknown
statement of dw (10:00 am                                          ),1,other/unknown
hearing (2 pm                                              ),1,interlocutory
hearing (12 pm                                             ),1,interlocutory
attachents/arrest/granishee proceedings,1,other/unknown
probation,1,other/unknown
quantam of sentence,1,other/unknown
for sale and awaiting report,1,other/unknown
for appearance of party / advocate (11:00 am                                          ),1,service
bw (11:00 am                                          ),1,other/unknown
313 cr.pc (01:00 pm                                          ),1,evidence
disposal 256 cr.pc,1,other/unknown
appnt of pp i/c & charge,1,charge
awaiting will and l. c. r.,1,other/unknown
appr. and filing requisites,1,other/unknown
appearnce and surity to produce and pp,1,other/unknown
opw and payment,1,other/unknown
er of wpa,1,other/unknown
"hearing, cd and lcr",1,interlocutory
for further cross of p.w.,1,evidence
filing w/s and steps,1,other/unknown
"steps, w/s and w/o",1,other/unknown
awaiting decision,1,other/unknown
opposite party witness/o.p.w,1,evidence
commissioner 039 s hearing,1,interlocutory
hearing of amendment petn.,1,interlocutory
"for report from collector,purulia.",1,other/unknown
for commisnors fee,1,other/unknown
written objection and petition hearing,1,interlocutory
appearance and evicence,1,service
execution of writ,1,other/unknown
dismissed for non-prosecution,1,other/unknown
app. and s/a,1,other/unknown
charge/id w/a,1,charge
production/appearance and sdt,1,service
show cause or written objection by the op,1,interlocutory
exparte agrument,1,other/unknown
showcause as last chance,1,other/unknown
5 of limitation hearing,1,interlocutory
show cause and step,1,other/unknown
service of process (11:30 am   ),1,service
reply of i.o./respondents,1,interlocutory
recovery warrant (10:00 am   ),1,service
for closing pursis of opponent (11:00 am   ),1,other/unknown
for presence of juvenile,1,other/unknown
to submit penalty,1,other/unknown
stay upper court (10:00 am                                          ),1,interlocutory
advance action,1,other/unknown
filing of correct address,1,other/unknown
examination-in-chief,1,evidence
cross examination (11.00 am   ),1,evidence
examination in chief (12.00 noon ),1,evidence
step (10:00 am   ),1,other/unknown
matter relaing to accused statment (01 00 pm   ),1,other/unknown
matter relating to hearing of interim application (12.00 am                                          ),1,interlocutory
matter relaing to accused statment (02 pm                                             ),1,other/unknown
steps and  filing of the affidavit in chief of pws,1,other/unknown
record (11:00 am                                          ),1,other/unknown
arrest of jdr (10:00 am                                          ),1,other/unknown
notice to surities (10:00 am                                          ),1,service
notice to surities (11:00 am                                          ),1,service
say (2pm to 5pm                                        ),1,other/unknown
reply/arg on exbt. (2pm to 5pm                                        ),1,interlocutory
cross of plaintiff (10am to 1pm                                       ),1,evidence
filing list of assets (10am to 1pm                                       ),1,other/unknown
auction (2pm to 5pm                                        ),1,other/unknown
final chart of allotment (2pm to 5pm                                        ),1,other/unknown
provisional chart of allotment (10am to 1pm                                       ),1,other/unknown
313 statement (2pm to 5pm                                        ),1,evidence
statement of accused under section 313,1,evidence
compromise (2pm to 5pm                                        ),1,other/unknown
list of witness (10am to 1pm                                       ),1,evidence
final chart of partion (2pm to 5pm                                        ),1,other/unknown
notice_unready (12:00 pm   ),1,service
awaiting notice (11:00 pm   ),1,service
stayed by honble high court (11:00 am   ),1,interlocutory
awaiting report of commissioner (11.00 am                                          ),1,other/unknown
b.w._ready (01.00 pm                                          ),1,other/unknown
reply/say (12.00 pm                                          ),1,interlocutory
stayed by district court (01.00 pm                                          ),1,interlocutory
compromise (12.00 am                                          ),1,other/unknown
n.b.w._ready (05.00 pm                                          ),1,other/unknown
n.b.w._unready (04.00 pm                                          ),1,other/unknown
b.w._ready (1:00 pm                                           ),1,other/unknown
say / hearing on exh____ready (2:30 pm                                           ),1,interlocutory
awaiting report of commissioner (1:00 pm                                           ),1,other/unknown
w.s. and say (2:30 pm                                           ),1,other/unknown
lok nyayalaya (12:00 pm                                          ),1,other/unknown
for statement  313 cr.pc (1:00 pm                                           ),1,evidence
for hearing at 2.45 p.m. (1:00 pm                                           ),1,interlocutory
part heard cases at 2.45 p.m. (11:00 am                                          ),1,other/unknown
stale and ineffective case (11:00 am   ),1,other/unknown
urgent,1,other/unknown
notice  ready,1,service
styed by honble high court (11:00 am                                          ),1,other/unknown
dormant cases,1,other/unknown
for alerts before action (11:00 am   ),1,other/unknown
proclomation (3.00pm                                            ),1,other/unknown
awaiting r and p (3.00pm                                            ),1,other/unknown
notice ready (12.00 pm                                          ),1,service
additional w.s. (2.45pm                                            ),1,other/unknown
stayed by honble high court (5.00pm                                            ),1,interlocutory
reply/say (11:00 am   ),1,interlocutory
n.b.w._unready (1.00 pm    ),1,other/unknown
report (01.30 pm   ),1,other/unknown
lok-nyayalaya (01.00 pm   ),1,other/unknown
proclomation (3.30 pm    ),1,other/unknown
hearing (4.30 pm    ),1,interlocutory
notice ready (3.30 pm    ),1,service
filing of say on exh___ready (3.30 pm    ),1,other/unknown
production of accused (11:00 am   ),1,other/unknown
awaiting notice (3.30pm                                            ),1,service
ex_party hearing (3.30pm                                            ),1,interlocutory
filing of say on exh___unready (4.30pm                                            ),1,other/unknown
production of accused (3.30pm                                            ),1,other/unknown
n.b.w._ready (12.00 - 01.00 pm                                  ),1,other/unknown
awaiting warrant (01 pm                                             ),1,service
hearing (03.00                                             ),1,interlocutory
stayed by district court (01:00 pm                                          ),1,interlocutory
stayed by honble high court (12:00 noon                                        ),1,interlocutory
report (03.45 pm                                          ),1,other/unknown
additional w.s. (12:00 noon                                        ),1,other/unknown
hearing without w.s. (10:30 am   ),1,interlocutory
production of accused (2.45 pm                                           ),1,other/unknown
awaiting warrant (02 pm                                             ),1,service
stayed by district court (02 pm                                             ),1,interlocutory
settlement (10:00 am                                          ),1,other/unknown
high court stayed (11:00 am                                          ),1,interlocutory
report of notice (11:00 am                                          ),1,service
consent term (12:00 pm                                          ),1,other/unknown
suit stayed (12:00 pm                                          ),1,interlocutory
amendment ready,1,other/unknown
awaiting direction,1,other/unknown
proclamation us 82-83 crpc (10:00 am                                          ),1,other/unknown
appearance  of accused (12.00 pm                                          ),1,service
cross of wittness (01.00 pm                                          ),1,evidence
list of witness and documents (03.00 pm                                          ),1,evidence
appearance of party (12.00 pm                                          ),1,service
appearance of party (10:00 am                                          ),1,service
objection (afternoon session                                 ),1,interlocutory
null (03:00 pm                                          ),1,other/unknown
a.d.r. (03:00 pm                                          ),1,other/unknown
b/w to cw,1,other/unknown
bw to cw,1,other/unknown
call for amount,1,other/unknown
plea (02:45 pm                                          ),1,charge
sales notice (11:00 am                                          ),1,service
await c/r (02:45 pm                                          ),1,other/unknown
hearing (02-00pm                                           ),1,interlocutory
await  report (11:00 am                                          ),1,other/unknown
bound over (12.30 pm to 2 pm                                  ),1,other/unknown
hearing (4.15 pm to 5.45 pm                                ),1,interlocutory
await comm. report (2.45 pm to 4.15 pm                                ),1,other/unknown
objection to ia (12.30 pm to 2 pm                                  ),1,interlocutory
for objections (12.30 pm to 2 pm                                  ),1,interlocutory
to report settlement (12.30 pm to 2 pm                                  ),1,other/unknown
others (2.45 pm to 4.15 pm                                ),1,other/unknown
cross of p.w (11.00 am to 02.00pm                               ),1,evidence
further chief of dw.1 (11.00 am to 02.00pm                               ),1,other/unknown
await mahazar,1,other/unknown
l r application,1,interlocutory
for appearance of parties/ advocates (01.00 pm                                          ),1,service
proclamation (3:00 pm                                           ),1,other/unknown
cross of dw (11:00 am                                          ),1,evidence
proclamation to accused (12.00 pm                                          ),1,other/unknown
"nbw,proclamation, attachment  warrantr (11.00 am                                          )",1,service
appearance of party (1.00 pm                                           ),1,service
notice to dependent,1,service
record (12pm-1pm                                          ),1,other/unknown
plantiff witness (1pm-2pm                                           ),1,evidence
submission of postal receipt/regd. ad/sr/ws (1pm-2pm                                           ),1,other/unknown
defendant witness (12pm-1pm                                          ),1,evidence
charge (12pm-1pm                                          ),1,charge
offence explanation (5pm-6pm                                           ),1,other/unknown
cross examination of defense witness (01.30 pm                                          ),1,evidence
cross examination of defense witness (10:00 am                                          ),1,evidence
statement of accused (1.00 pm                                           ),1,evidence
hearing before charge (11.30am                                           ),1,charge
evicence of defendent / op (12.30pm                                           ),1,other/unknown
styed by honable high court (03.30pm                                           ),1,other/unknown
evidenace fixing,1,other/unknown
awaiting d.p. report,1,other/unknown
awaiting adr reports (01.00pm                                           ),1,other/unknown
for attachment/ arrest /garnishee proceedings / deposit / payment / claim (10:00 am                                          ),1,other/unknown
additional written statement (10:00 am                                          ),1,interlocutory
production (10:00 am                                          ),1,other/unknown
payment of deficit court fee,1,other/unknown
awaiting for other information from hon'ble court (11:00 am                                          ),1,other/unknown
filing objection and  awaiting service return,1,service
filling of objection (11:00 am                                          ),1,interlocutory
filing substitution plaint,1,other/unknown
addl. w.s. (10:00 am                                          ),1,other/unknown
"report to dist. sub-registrar office, puri",1,other/unknown
awaiting intimation from hhc in wp(c) no.3943/12,1,other/unknown
depositing commissioner's fee,1,other/unknown
for police report,1,other/unknown
mact for record,1,other/unknown
awaited for petitioner(s),1,other/unknown
awaited for prosecution witness,1,evidence
auction of property,1,other/unknown
admistion (10:00 am                                          ),1,other/unknown
final argu. (10:00 am                                          ),1,arguments
statement 202 (11:00 am                                          ),1,other/unknown
filing of power of attorney,1,other/unknown
crosss examination,1,evidence
"appearance, report and specimen signature",1,service
paepr publication,1,other/unknown
balance comm. fees,1,other/unknown
finger print report,1,other/unknown
deposit of expart fees,1,other/unknown
hearing of solenama,1,interlocutory
deposit of copy of challan,1,service
appearance and consideration of charge,1,charge
copies to accused (10:00 am   ),1,other/unknown
urgent hearing (10:00 am   ),1,interlocutory
counter claim (10:00 am   ),1,other/unknown
hearing (12.00 noon ),1,interlocutory
sr and appearance of referring claimant,1,service
reference for transfer cases,1,other/unknown
matter relaing to accused statment (03 pm                                             ),1,other/unknown
matter relating to hearing of interim application (2-00 to 3-00 pm                                   ),1,interlocutory
matter relating to hearing of interim application (3-00 pm                                           ),1,interlocutory
app./ws (10am to 1pm                                       ),1,other/unknown
cross of defendent (10am to 1pm                                       ),1,evidence
f.cross (2pm to 5pm                                        ),1,evidence
terms of settlement,1,other/unknown
objection (10am to 1pm                                       ),1,interlocutory
arg.b.charge (2pm to 5pm                                        ),1,charge
proclomation (2pm to 5pm                                        ),1,other/unknown
description of assets. (2pm to 5pm                                        ),1,other/unknown
n.b.w._unready (11.30 am                                          ),1,other/unknown
steps_unready (11.30 am                                          ),1,other/unknown
say / hearing on exh____ready (11:00 pm   ),1,interlocutory
steps_unready (11:00 pm   ),1,other/unknown
report (11:00 pm   ),1,other/unknown
reply unready (11:00 am                                          ),1,interlocutory
amended plaint (11:00 am   ),1,other/unknown
stayed by district court (12.00 pm                                          ),1,interlocutory
statement at 2.45 pm (11:00 am                                          ),1,other/unknown
for hearing at 2.45 p.m. (12:00 pm                                          ),1,interlocutory
stayed (11:00 am   ),1,interlocutory
d.f cases,1,other/unknown
stayed by honble high court (3.00pm                                            ),1,interlocutory
b.w._unready (12.00am                                           ),1,other/unknown
notice ready (12.00pm    ),1,service
charge (11.00 am   ),1,charge
filing of say on exh___unready (01.00 pm   ),1,other/unknown
steps_unready (12.00 pm   ),1,other/unknown
filing of vakilpatra_unready (11:00 am   ),1,other/unknown
lok-nyayalaya (3.30 pm    ),1,other/unknown
awaiting r and p (11:00 am   ),1,other/unknown
compliance (3.30pm                                            ),1,other/unknown
filing of say on exh___unready (3.30pm                                            ),1,other/unknown
stayed by district court (2.30pm                                            ),1,interlocutory
dormant file (3.30pm                                            ),1,other/unknown
n.b.w._ready (2.30pm                                            ),1,other/unknown
steps (04.30 - 05.30 pm                                  ),1,other/unknown
filing of say on exh___ready (03.30 - 04.30 pm                                  ),1,other/unknown
steps_unready (1.00 pm                                           ),1,other/unknown
stayed by honble high court (13.00 to 14.00                                    ),1,interlocutory
awaiting report of commissioner (01:00 pm                                          ),1,other/unknown
payment of paper book charges (01:00 pm                                          ),1,charge
hearing (04:45 pm                                          ),1,interlocutory
awaiting r and p (01:00 pm                                          ),1,other/unknown
filing of say on exh___ready (12:00 noon                                        ),1,other/unknown
stayed by district court (2.45 pm                                           ),1,interlocutory
amended plaint (2.45 pm                                           ),1,other/unknown
written statement (10 am                                             ),1,interlocutory
settlement (12:00 pm                                          ),1,other/unknown
agrument of exh. ready,1,other/unknown
attachment of movable  of accused (03.00 pm                                          ),1,other/unknown
s st (03.00 pm                                          ),1,other/unknown
flw (01.00 pm                                          ),1,other/unknown
objection to petition (11:00 am                                          ),1,interlocutory
nbw to accused (03.00 pm                                          ),1,service
await arrest notice/warrant (01.00 pm                                          ),1,service
hearing on ia deft/respt.,1,interlocutory
hg on apllication,1,other/unknown
attachment of movable of accused,1,other/unknown
to furnish draft by,1,other/unknown
await permission (11:00 am                                          ),1,other/unknown
hearing (3:00 am                                           ),1,interlocutory
accused aubscanding,1,other/unknown
await  report (14:45 pm                                          ),1,other/unknown
for comply,1,other/unknown
others (11 am to 12.30 pm                                 ),1,other/unknown
balance (02.45 pm to 05.45pm                               ),1,other/unknown
warrant to accused (02.45 pm to 05.45pm                               ),1,service
n.b.w to c.w (02.45 pm to 05.45pm                               ),1,other/unknown
for classification (11.00 am to 02.00pm                               ),1,other/unknown
nbw  to accused and notice to surety,1,service
amended plaint (11.00 am to 02.00pm                               ),1,other/unknown
for stamp duty and penalty (11:00 am                                          ),1,other/unknown
n.b.w and f.l.w to accused (11:00 am                                          ),1,other/unknown
hearing (2:00 p.m                                          ),1,interlocutory
objections (4.00 pm                                           ),1,interlocutory
calculate the duty and penalty,1,other/unknown
to hear further (10:00 am                                          ),1,other/unknown
paper publication (10:00 am                                          ),1,other/unknown
produced from j.c,1,other/unknown
for attachment/arrest/garnishee proceedings (01.00 pm                                          ),1,other/unknown
cross of dws (03:00 am to 5:00 pm                               ),1,evidence
steps (03:00 am to 5:00 pm                               ),1,other/unknown
call on (03:00 am to 5:00 pm                               ),1,other/unknown
l.p.r,1,other/unknown
p.o. is on leave / permission (11.00 am                                          ),1,other/unknown
address hon'ble cjm,1,other/unknown
removed from list.,1,other/unknown
adjourned-191,1,other/unknown
commission report (12pm-1pm                                          ),1,other/unknown
commission report (2pm-3pm                                           ),1,other/unknown
hearing (4pm-5pm                                           ),1,interlocutory
charge (11am-12am                                         ),1,charge
charge (1pm-2pm                                           ),1,charge
submitting certified copy of the appeal,1,service
court / official  witness,1,evidence
cross examination of defendant witness (10.30 am                                          ),1,evidence
compromise (12.30 to 1.00 pm                                  ),1,other/unknown
record (01.30 pm                                          ),1,other/unknown
record (10.30 am                                          ),1,other/unknown
report of forensic science laboratory (11:00 am                                          ),1,other/unknown
report of forensic science laboratory (10:00 am                                          ),1,other/unknown
objection and amp hearing,1,interlocutory
eviddence of plaintiff / petitioner (01.00pm                                           ),1,other/unknown
awaiting death report (12.00pm                                           ),1,other/unknown
appea-rance (02.30pm                                           ),1,other/unknown
awaiting l c r,1,other/unknown
for original suit,1,other/unknown
awaiting r  and   p,1,other/unknown
awaiting  r  and   p,1,other/unknown
statement of accusations,1,other/unknown
awaiting for s/r of d.p.,1,other/unknown
stayed by higher court (11:00                                             ),1,interlocutory
reply of suit,1,interlocutory
list / special list (10:30 am                                          ),1,other/unknown
case dairy,1,other/unknown
filing of requisites and of defendent.,1,other/unknown
service proof (11:00 am                                          ),1,service
for filing of attachment form,1,other/unknown
deficit of postage stamp,1,other/unknown
submission of death report,1,other/unknown
physical appearance,1,service
hearing_unready,1,interlocutory
awating report.,1,other/unknown
for filing complaint petition,1,other/unknown
for filing draft of pp,1,other/unknown
for awaiting death report,1,other/unknown
awaiting intimation (11:00 am                                          ),1,other/unknown
charge 1,1,charge
awaits defendant,1,other/unknown
sought time to engage counsel by accused,1,other/unknown
for 273 crpc.,1,other/unknown
rest cross examination (10:00 am                                          ),1,evidence
appearance of accused (1 pm                                              ),1,service
dispossession,1,other/unknown
pleading guilty,1,charge
discovery / inspection,1,other/unknown
proclaimation under section 82 and 83,1,other/unknown
commossioners report,1,other/unknown
"report, extension and s/r",1,other/unknown
draft copy of notice,1,service
hearing of commission report,1,interlocutory
hearing of commissinor report,1,interlocutory
"for report from finger print,burow,c.i.d,kolkata.",1,other/unknown
stayed till disposal of appeal,1,interlocutory
not mentioned,1,other/unknown
not maintainable,1,other/unknown
report of the sdsr,1,other/unknown
hearing of final decree petition,1,interlocutory
e.r of writ of attachment/possession,1,other/unknown
for i.o report in final form,1,other/unknown
hearing of compromise motion,1,interlocutory
hearing on interim relief (no fault liability) (11:30 am   ),1,interlocutory
for hearing of priliminary point/contention (11:00 am   ),1,interlocutory
sale of moveable property (11:00 am   ),1,other/unknown
for amount,1,other/unknown
f.s.l. report,1,other/unknown
stay by upper courts,1,interlocutory
payment (12.00 noon ),1,other/unknown
making calender,1,other/unknown
surveyor report,1,other/unknown
matter relaing to accused statment (10.30 to 11.30                                    ),1,other/unknown
examination of complianant039s witness,1,evidence
chart of allotment (10am to 1pm                                       ),1,other/unknown
n.b.w._ready (12:30 pm                                          ),1,other/unknown
n.b.w._ready (12:00 am                                          ),1,other/unknown
compliance (2:30 pm                                           ),1,other/unknown
n.b.w._unready (2.30 pm.                                          ),1,other/unknown
stayed cases (11:00 am   ),1,interlocutory
time bared,1,other/unknown
n.b.w._ready (3.30pm                                            ),1,other/unknown
n.b.w._unready (13.00 to 14.00                                    ),1,other/unknown
stayed u./s. 10 of cpc (11:00 am                                          ),1,interlocutory
filing of say on exh___ready (10 am                                             ),1,other/unknown
hearing  final disposal,1,interlocutory
"hearing hctb,expdt at 11.00 a.m.",1,interlocutory
appearance  of accused (01.00 pm                                          ),1,service
for enequarey,1,other/unknown
clerification,1,other/unknown
report of settlement,1,other/unknown
verified statements,1,other/unknown
amended plaint/appeal memo/petition,1,other/unknown
await comm. report (12.30 pm to 2 pm                                  ),1,other/unknown
await property particular,1,other/unknown
hearing (12:00 p.m                                         ),1,interlocutory
further  cross of dw,1,evidence
steps  and  objections,1,interlocutory
r.p.a.d.,1,other/unknown
for amended plaint (11.00 am                                          ),1,other/unknown
production of records,1,other/unknown
recalled for charge,1,charge
for further examination.,1,evidence
submission of vakalatnama,1,other/unknown
objection (12pm-1pm                                          ),1,interlocutory
official dw,1,other/unknown
defendant witness (12.30 to 1.00 pm                                  ),1,evidence
steps (10.30 am                                          ),1,other/unknown
final deed.,1,other/unknown
cross examination of plaintiff/claimant witness (10:00 am                                          ),1,evidence
offence explaination,1,other/unknown
stayed by hon039ble high court.,1,interlocutory
addmission (12.30pm                                           ),1,other/unknown
e/r of distress warrent,1,other/unknown
sentence and conviction,1,other/unknown
deaths report,1,other/unknown
w.s and say,1,other/unknown
for filing required duty money,1,other/unknown
substance of accusation explained,1,other/unknown
proceeding,1,other/unknown
police paper received,1,other/unknown
awaiting records (02.00 pm                                          ),1,other/unknown
charge/substance of accusation,1,charge
service of non-bailable warrant (04.30pm                                           ),1,service
death confirmation report,1,other/unknown
hearing of the case. (11:00 am                                          ),1,interlocutory
taking fresh step (11:00 am                                          ),1,other/unknown
for filing of declaration of attesting witnesses,1,evidence
filing of consolidated w.s,1,other/unknown
filling of valuation notice,1,service
"hearing on petition u/o-1, r-10 of cpc",1,interlocutory
"hearing on petition u/o-6,r-17 cpc",1,interlocutory
"hearing on petition u/o-9, r-7 cpc and awaiting s.r.",1,interlocutory
awating report...,1,other/unknown
sevice affidavit,1,other/unknown
hearing on procedure of trial,1,interlocutory
stayed vide hon'ble h.c. & lapsed jail warrant,1,service
awaiting s.r. and p.a. (11:00 am                                          ),1,other/unknown
production of o.p.,1,other/unknown
filing of requsite (11:00 am                                          ),1,other/unknown
awaiting of o.c.r from the hon'ble high court,1,other/unknown
awaiting for correct add.of accd,1,other/unknown
production documents,1,other/unknown
for calling record,1,other/unknown
252 cr. p.c.,1,other/unknown
244 cr.p.c.,1,other/unknown
appereance (01:00 pm                                          ),1,other/unknown
awaiting report from ld. advocate commissioner,1,other/unknown
original case records from honble court,1,other/unknown
313 crpc id wa,1,evidence
app & i.d.  w/a,1,other/unknown
hearing interim maintenance petition,1,interlocutory
inspection of will,1,other/unknown
pleadings,1,charge
production from j. c,1,other/unknown
hearing of police protection petn.,1,interlocutory
deposit of fee,1,other/unknown
comitted,1,other/unknown
further p.hearing,1,interlocutory
w/p and a,1,other/unknown
pay slip,1,other/unknown
janch prativedan,1,other/unknown
to issuse kurki warrant,1,service
sale warant,1,other/unknown
framing of charge/ plea (11:00 am                                          ),1,charge
awaiting execution of service nbw (10:30am                                           ),1,service
stayed by ho'ble high court,1,interlocutory
further proceeding and final hearing,1,arguments
part heard trial (11:00 am                                          ),1,other/unknown
hearing (03.30 pm                                          ),1,interlocutory
paper book (12:30 pm                                          ),1,other/unknown
lok-nyayalaya (12.00 am                                          ),1,other/unknown
report (3:30 pm                                           ),1,other/unknown
documents (3:30 pm                                           ),1,other/unknown
bringing l.r.s (12:00 am                                          ),1,other/unknown
custody cases (11:00 am                                          ),1,other/unknown
not heard cases at 11.05 a.m. (11:00 am                                          ),1,other/unknown
custody cases at 2 45,1,other/unknown
non custody statement,1,other/unknown
awaiting warrant (4.00pm                                            ),1,service
awaiting report of commissioner (4.30 pm    ),1,other/unknown
filing of say on exh___unready (12.00am                                           ),1,other/unknown
amended plaint (12.00 - 01.00 pm                                  ),1,other/unknown
awaiting notice (1.00 pm                                           ),1,service
report (15.45 to 16.45                                    ),1,other/unknown
fixing date of hearing (11:00 am                                          ),1,interlocutory
notice ready (02.45 pm                                          ),1,service
steps_unready (2.30 pm    ),1,other/unknown
hearing (10:30 am   ),1,interlocutory
written statement (12:00 pm                                          ),1,interlocutory
compliance bringing l.rs,1,other/unknown
record and proceeding awaiting,1,other/unknown
hearing on exh./hearing,1,interlocutory
ws (01.00 pm                                          ),1,other/unknown
arrest warrant to jdr. (11:00 am                                          ),1,service
hearing (04.00 pm                                          ),1,interlocutory
re joinder,1,other/unknown
lwd,1,other/unknown
returns of notice,1,service
framing plea,1,charge
pay deficit court fee,1,other/unknown
mediator report,1,other/unknown
cross dws,1,evidence
await flw,1,other/unknown
lpr permission,1,other/unknown
sworn statement (11 am to 12.30 pm                                 ),1,other/unknown
cross of pw (02.45 pm to 05.45pm                               ),1,evidence
reminder letter,1,other/unknown
objections to c/r.,1,interlocutory
cross of rw,1,evidence
for admission hearing of appeals (12.00 pm                                          ),1,interlocutory
await court commissioner report,1,other/unknown
for amendement (1.00 pm                                           ),1,other/unknown
for amendement (11.00 am                                          ),1,other/unknown
await commissioner report (12.00 pm                                          ),1,other/unknown
hearing on ia (1.00 pm                                           ),1,interlocutory
a/p (1.00 pm                                           ),1,other/unknown
hearing on ia (4.00 pm                                           ),1,interlocutory
a/p (4.00 pm                                           ),1,other/unknown
rejoinder if any,1,other/unknown
report from probation officer,1,other/unknown
call for the attached amount.,1,other/unknown
call for report..,1,other/unknown
for consideration.,1,charge
file memo,1,other/unknown
repeat notice to respondents,1,service
official witness (12pm-1pm                                          ),1,evidence
plantiff witness (11am-12am                                         ),1,evidence
survey commissioner's report,1,other/unknown
stay.,1,interlocutory
local inspection report,1,other/unknown
written statement (10.30 am                                          ),1,interlocutory
prosecution witness (10:00 am                                          ),1,evidence
implead parties,1,charge
stayed by hon039ble supreme court,1,interlocutory
cross examination of witness,1,evidence
accusation exaplanation,1,other/unknown
filing of document,1,other/unknown
for filling copy of petition for valuation report,1,service
cognizance / issuance of process/ service (03.00 pm                                          ),1,service
reply of application/ steps by parties (12.30 pm                                          ),1,interlocutory
b w ready,1,other/unknown
awaiting records (10:00 am                                          ),1,other/unknown
call accused,1,other/unknown
attachment/ arrest/garnishee proceedings (01.00pm                                           ),1,other/unknown
proclamation under section 82-83 cr.p.c. (15:30                                             ),1,other/unknown
framing of charge/ plea (10:00                                             ),1,charge
awaiting original file,1,other/unknown
proclamation under section 82-83 cr.p.c. (10.30am                                           ),1,other/unknown
proclamation under section 82-83 cr.p.c. (03.00pm                                           ),1,other/unknown
awaiting result,1,other/unknown
hearing on ex-party,1,interlocutory
supplies of pp,1,other/unknown
postal receipts,1,other/unknown
steps & filing of counter,1,other/unknown
deposit of fees (11:00 am                                          ),1,other/unknown
for a.d.,1,other/unknown
filing of process fees,1,service
filing of up-to-date account statement,1,other/unknown
hearing on the cognizance matter,1,interlocutory
hearing on amendment plaint,1,interlocutory
file ammended appeal memo,1,other/unknown
mantainability,1,other/unknown
filling of general and special citation,1,other/unknown
file w.s.,1,other/unknown
filing of objection by the defendant,1,interlocutory
consolidated,1,other/unknown
for filing  ws,1,other/unknown
filling of requisites,1,other/unknown
for awating original case record,1,other/unknown
chemical examination report,1,evidence
transfer to the g.n attabira,1,other/unknown
filling of application,1,interlocutory
waiting for forensic lab report,1,other/unknown
warrants (11:00 am                                          ),1,service
deffence witness (11:00 am                                          ),1,evidence
file objections,1,interlocutory
await of complainant,1,other/unknown
stay from appeal  court,1,interlocutory
r ecover y,1,other/unknown
remaining witnesses of c.s.w.,1,evidence
"filing w/s, w/o",1,other/unknown
filing amemnded plaint and steps,1,other/unknown
filing w/o and s/r,1,other/unknown
e. r. and appearance,1,service
appointment of defence councel,1,other/unknown
s/cause by plaintiff,1,other/unknown
f.h. of p.w(s),1,other/unknown
hearing of the limitation petition,1,interlocutory
filing copy of passed challan,1,service
s.d.t.  appearance,1,service
appearance + d/c,1,service
infrom i.o.,1,other/unknown
payment of cost and hearing of petition,1,interlocutory
solemn affirmation/sa,1,other/unknown
313 of cr.p.c,1,evidence
discovery or inspection,1,other/unknown
for depositing police cost,1,other/unknown
for commisioner report,1,other/unknown
futher proceeding,1,other/unknown
defendent present,1,other/unknown
presence of accused in session court,1,other/unknown
for examination of witnessses,1,evidence
for commissioner' report,1,other/unknown
filing amended application,1,interlocutory
payment and calculation sheet,1,other/unknown
matter relating to hearing of interim application (03 to 04 pm                                       ),1,interlocutory
consideration of report,1,charge
record (10:00 am                                          ),1,other/unknown
filing wakalatnama/steps,1,other/unknown
depositing amount (12.00 am   ),1,other/unknown
pre-trial conference,1,other/unknown
morning cases - 11 a. m.,1,other/unknown
stay by hon.high court,1,interlocutory
compliance (2.45pm                                            ),1,other/unknown
nm direction,1,other/unknown
notice of perjury in spl .c. no,1,service
suit dismissed,1,other/unknown
stayed by hon 039ble supreme court,1,interlocutory
stayed by hon 039ble high court,1,interlocutory
for admission hearing appeals,1,interlocutory
for service,1,service
part heard   time limit,1,other/unknown
service affidavit exparte appln.,1,service
exhibit hearing  part heard,1,interlocutory
hearing of exhibit,1,interlocutory
child / children interview,1,other/unknown
notice to j.dr and call for his salary particulars,1,service
for filing vakalat,1,other/unknown
transfer o.p. filied/pending,1,other/unknown
cross examination of res (10:00 am                                          ),1,evidence
adjd at the request of p.p.,1,other/unknown
compromised.,1,other/unknown
attachment warrant of immovables.,1,service
further cross of petioner,1,evidence
j.c. peirod of accused extended,1,other/unknown
arrest  notice,1,service
for p/f,1,other/unknown
amended petition/plaint (11:00 am                                          ),1,other/unknown
commissioner appointment,1,other/unknown
draft charge,1,charge
deposit of c.f.,1,other/unknown
ammendment plaint,1,other/unknown
objection to c r,1,interlocutory
b/w to accused,1,other/unknown
for sale notice of s/s/p,1,service
arrest warrant-civil,1,service
await b/w,1,other/unknown
cross examination of ww,1,evidence
for f.l.w.,1,other/unknown
notice to petitioner,1,service
to implead,1,charge
to hear on application,1,interlocutory
further chief of rw.1,1,other/unknown
appointment of guardian,1,other/unknown
for appearance of parties/advocates (02.45 pm                                          ),1,service
body warrant of accused,1,service
enquiry on i.a,1,interlocutory
nbw of accused recalled,1,service
f.l.w to respondent,1,other/unknown
arrest warrant to j.dr.,1,service
cheif of objection,1,interlocutory
furnish to surety,1,other/unknown
for pts and bcf if any,1,other/unknown
fresh notice to r5,1,service
for payment to,1,other/unknown
complainant absent. call on,1,other/unknown
finding on reference,1,other/unknown
pay batta,1,other/unknown
for detailed valuation statement,1,other/unknown
returned to court,1,other/unknown
notice to accused/respondent,1,service
stayed by sessions court,1,interlocutory
produce accused copy.,1,service
produce original cheque.,1,other/unknown
effect delivery,1,other/unknown
restored,1,other/unknown
repeat b/w,1,other/unknown
"82,83 steps",1,other/unknown
address cjm for lp sanction,1,other/unknown
notice to village officer to produce voc,1,service
pws (2pm-3pm                                           ),1,other/unknown
cross examination of plaintiff/claimant witness (11am-12am                                         ),1,evidence
nazirreport,1,other/unknown
defendant_witness,1,evidence
cross examination of defendent witness,1,evidence
sr / appearence,1,other/unknown
service report/appearrance of defendant,1,service
for hearing and n/o.,1,interlocutory
appearance of plaintiff.,1,service
production of documentary proof.,1,other/unknown
report from commissioner.....,1,other/unknown
admission1,1,other/unknown
appeara,1,other/unknown
commited,1,other/unknown
awaiting e/r of distress warrants,1,service
for hearing point of sentence,1,interlocutory
statement oath,1,other/unknown
age enquiry,1,other/unknown
filing of say on exh (ready),1,other/unknown
awaiting r p,1,other/unknown
awaiting r  p,1,other/unknown
hearing on sentence (15:30                                             ),1,interlocutory
protest pitition,1,other/unknown
awaiting records (12.30pm                                           ),1,other/unknown
bahas charge,1,charge
h- talbi,1,other/unknown
awaiting file/record,1,other/unknown
reply of application/ steps by parties (14:00 pm                                          ),1,interlocutory
awaiting adr reports (10:00 am                                          ),1,other/unknown
reply of application/ steps by parties (03:30 pm                                          ),1,interlocutory
awaiting records (03:30 pm                                          ),1,other/unknown
hearing on sentence (10:30 am                                          ),1,interlocutory
cognizance / issuance of process/ service (03:30 pm                                          ),1,service
hearing on admission (10:30 am                                          ),1,interlocutory
awaiting records (3:00                                              ),1,other/unknown
written statement (15:30                                             ),1,interlocutory
attachment/ arrest/garnishee proceedings (12:30                                             ),1,other/unknown
awaiting adr reports (15:30                                             ),1,other/unknown
awaiting adr reports (12:00                                             ),1,other/unknown
cognizance / issuance of process/ service (14:00 pm                                          ),1,service
awaiting report (10:00                                             ),1,other/unknown
appearance of accused (03:15 pm                                          ),1,service
supply of charge-sheet and copies (02.30pm                                           ),1,charge
awaiting adr reports (11.30am                                           ),1,other/unknown
compliance (11.30 am                                          ),1,other/unknown
compliance (12.30 pm                                          ),1,other/unknown
reply of application/ steps by parties (02:30 pm                                          ),1,interlocutory
reply of application/ steps by parties (12:30 pm                                          ),1,interlocutory
execution of warrant of arrest,1,service
admission and amp denial,1,other/unknown
hearingof suit,1,interlocutory
for deficit court fee,1,other/unknown
filing of rejoinder and counter claim,1,other/unknown
filing of authentication fees,1,other/unknown
for filing of consolidated petition.,1,other/unknown
for step,1,other/unknown
consideration of w.s.,1,charge
consideration at lokadalat,1,charge
enquiry and witness (11:00 am                                          ),1,evidence
execution of n.b.w.,1,other/unknown
hearing on amin report,1,interlocutory
awaiting commissioner's report,1,other/unknown
filing of list of witnesses and documents,1,evidence
realisation of arrear amount,1,other/unknown
for filing of w.s,1,other/unknown
awating further information of high court,1,other/unknown
wittness,1,other/unknown
to come up with main application,1,interlocutory
oppurtinuty to paid costs,1,other/unknown
enquiry and am witness,1,evidence
streaming of parties,1,other/unknown
file  index,1,other/unknown
awaited execution of warrant,1,service
awaited for publication.,1,other/unknown
awaitnig applicant,1,other/unknown
decreed in terms of comprise,1,other/unknown
hindu marriage act,1,other/unknown
service to other side,1,service
awaiting respondent..,1,other/unknown
presence of petition and responents,1,other/unknown
non-bailable warrant against witness,1,evidence
m isc. ar gu .,1,other/unknown
information (11:00 am                                          ),1,other/unknown
dormate cases formal listing,1,other/unknown
for filing draft of sale deed,1,other/unknown
consideration  on charge,1,charge
personal appearance of i.c/o.c,1,service
inspection / discovery,1,other/unknown
w/s  and s/r,1,other/unknown
appearanace & charge,1,charge
appearance & e/r of w/a,1,service
appearance and e/r,1,service
for cross examination of p.w.-1,1,evidence
for further examination,1,evidence
report from the collector,1,other/unknown
extension and steps upon defendant as l.c,1,other/unknown
steps upon defendant as l.c,1,other/unknown
balance commission cost,1,other/unknown
challan and copy of pleadings and documents,1,charge
for filing c.c of final decree,1,other/unknown
for an affd. regarding stay matter,1,interlocutory
files affidavit,1,other/unknown
death certificate & for appearance,1,service
commitment for idw/a,1,other/unknown
e/r and for production,1,other/unknown
e.r./w.a.,1,other/unknown
transfer to jm 1 court,1,other/unknown
supply of answer to the interogatories,1,other/unknown
filing documents by respondent,1,other/unknown
hearing stay petition and hearing of appeal,1,interlocutory
file certified copyies of hon  039 ble high court,1,service
stamp duty,1,other/unknown
s/r a/d and appearance/interim inj. extended,1,service
taking steps upon plaintiff,1,other/unknown
charge and report,1,charge
f urther hearing,1,interlocutory
for taking proper steps,1,other/unknown
report of the receiver,1,other/unknown
wait for warant,1,other/unknown
recovery of fines an wait for imprisonment warrant,1,service
proceedings,1,other/unknown
enquri report,1,other/unknown
for demarkatuion report,1,other/unknown
for appearence of parties/advocate,1,other/unknown
counter statement by j.d.no.1,1,other/unknown
counter statement by 2nd party,1,other/unknown
appearance / counter statement,1,service
filing cheque fresh,1,other/unknown
filling of amended plaint,1,other/unknown
proving the p/a by the e/o,1,other/unknown
list of witnesses.,1,evidence
simankan report,1,other/unknown
commital hearing,1,interlocutory
filed,1,other/unknown
remand objection,1,interlocutory
court witness,1,evidence
hearing & consideration,1,charge
refer to lok adala,1,other/unknown
attachment (11:00 am                                          ),1,other/unknown
production of documents/statement on oath,1,other/unknown
