label,n,assigned
cc,6120886,crim_magisterial
cri. case,3150883,crim_magisterial
c.c.,3105428,crim_magisterial
s.c.c.,3042465,crim_sessions
os,1956871,civ_suit
st,1739822,crim_magisterial
rct,1615621,crim_magisterial
criminal case,1557543,crim_magisterial
crl.misc.,1254416,crim_magisterial
complaint cases,1140676,crim_magisterial
original suit,1082908,civ_suit
sum,1038370,crim_magisterial
bail application,1008676,crim_bail
cri.m.a.,925850,crim_magisterial
ba,923455,crim_bail
o.s.,922785,civ_suit
cs,922418,civ_suit
r.c.c.,916254,crim_magisterial
ep,902106,civ_execution
stc,812719,crim_magisterial
cr. reg. case,762395,crim_magisterial
r.c.s.,723756,civ_suit
final report,615577,crim_magisterial
chi,571666,other/unknown
crma j,548316,crim_magisterial
sc,542173,crim_sessions
gr case,539039,crim_magisterial
p.c.r.,524221,crim_magisterial
m.v.c.,509141,civ_mact
mcop,489518,civ_mact
criminal misc,489480,crim_magisterial
cr. case complaint (p),488404,crim_magisterial
complaint case,481496,crim_magisterial
ex,474042,civ_execution
trf,473596,civ_misc
reg. cri. case,473072,crim_magisterial
title suit,432676,civ_suit
sc ele,413396,crim_sessions
cr,388425,crim_magisterial
mjc r,375531,other/unknown
nact,374427,crim_ni138
crma s,367546,crim_magisterial
cri.bail appln.,366226,crim_bail
exe,361555,civ_execution
criminal misc.,357720,crim_magisterial
civil m.a.,342591,civ_misc
motor vehc act,338713,crim_magisterial
macp,328878,civ_mact
motor vehicle act,327032,crim_magisterial
coma,323040,other/unknown
op,320836,civ_misc
summ,318242,crim_magisterial
cr. misc. cases,302002,crim_magisterial
op mv,296016,civ_mact
hma,292212,civ_family
macc,278872,civ_mact
session trial,276732,crim_sessions
anticipatory bail,275831,crim_bail
g.r.,272705,crim_magisterial
bail,269705,crim_bail
civil suit,265268,civ_suit
ct. cases,252732,crim_magisterial
cra,249109,crim_magisterial
g r case,244945,crim_magisterial
cha,243270,other/unknown
misc.civil,228412,civ_misc
traffic,228143,crim_magisterial
sessions case,224643,crim_sessions
rcs a,221499,civ_suit
cr. case,218444,crim_magisterial
rcs,217893,civ_suit
cm,217085,civ_misc
m v act,217084,crim_magisterial
ct cases,216782,crim_magisterial
criminal revision,214678,crim_magisterial
other misc.cri.appln,212160,crim_magisterial
crlmp,208322,crim_magisterial
sc nia,205364,crim_sessions
mc,204012,civ_family
crm,203870,crim_magisterial
session case,200401,crim_sessions
maintenance,200131,civ_family
ca,193052,civ_misc
cro,191633,crim_magisterial
mv act,189745,crim_magisterial
reg dkst,187915,other/unknown
complaint,184133,crim_magisterial
matrimonial,183549,civ_family
marriage petn.,179683,civ_family
m.a.c.p.,174435,civ_mact
crr,164075,crim_magisterial
warrant case,159332,crim_magisterial
regular bail,156871,crim_bail
as,153433,civ_misc
excise act,153016,crim_magisterial
execution,152501,civ_execution
special trial,150462,crim_sessions
cr cases,149098,crim_magisterial
mvop,145655,civ_mact
comi,145511,other/unknown
summon trial,140962,crim_magisterial
m.c.,135815,civ_family
criminal mislaneous,134811,crim_magisterial
ucr,133883,crim_magisterial
macma,127557,civ_mact
prc,125472,crim_magisterial
summons cases ss,124975,crim_magisterial
ngr case,122088,crim_magisterial
mjc,121554,other/unknown
original civil suits,120365,civ_suit
l.a.r.,119838,civ_misc
exe r,119186,civ_execution
criminal appeal,118953,crim_magisterial
crlmp.bail,115959,crim_bail
summary trial,115159,crim_magisterial
cma,114368,civ_misc
bail petition,113359,crim_bail
rca,112516,civ_misc
r.a.,110683,civ_misc
fr,109636,crim_magisterial
r.c.a.,108879,civ_misc
sessions trial,108832,crim_sessions
arbtn,107942,civ_misc
spl.c.s.,107625,civ_suit
matrimonial suit,105759,civ_family
ni act,101925,crim_ni138
cri case,100662,crim_magisterial
misc,99924,civ_misc
arbitration r.d,99911,civ_misc
cr en,99653,crim_magisterial
g.r. cases,99142,crim_magisterial
misc. cases,98593,civ_misc
mnt125,97738,civ_family
hmop,96677,civ_family
cr. m. a.,96323,crim_magisterial
misc criminal case,95265,crim_magisterial
crl.a,93527,crim_magisterial
rcc,92744,crim_magisterial
g.r. case,92341,crim_magisterial
electricity act,90441,crim_magisterial
crla,88867,crim_magisterial
indian penal code (ipc),88019,crim_magisterial
c.s.,87221,civ_suit
ndps,85784,crim_sessions
gr,85748,crim_magisterial
crl.mp,84643,crim_magisterial
bail matters,84103,crim_bail
cs scj,82371,civ_suit
police cases ps,82001,crim_magisterial
rcs hm,81285,civ_suit
dmc,80873,other/unknown
n.i.act,80330,crim_ni138
mact,79477,civ_mact
police challan,78421,crim_magisterial
succession,78359,civ_misc
complaint case ( c r),78149,crim_magisterial
matrimonial case,77950,civ_family
f.r.,77138,crim_magisterial
execuition cases,76509,civ_execution
civil appeal,75466,civ_misc
motar accident claim tribunal,75465,civ_mact
motar vehicle act,75059,crim_magisterial
crl. case,74749,crim_magisterial
crl.mc,74688,crim_magisterial
money suit,74254,civ_suit
l.a.c.,74232,civ_misc
ss cases,73992,crim_magisterial
cri.rev.app.,71308,crim_magisterial
ss casess,71212,crim_magisterial
reg. civil suit,70834,civ_suit
138 n.i. act,67808,crim_ni138
crl.t.,66635,crim_magisterial
civil misc application,66142,civ_misc
misc. execution case,65802,civ_execution
cs dj,65630,civ_suit
regular suit,63942,civ_suit
m a c c,62939,civ_mact
cri.appeal,62155,crim_magisterial
hindu marriage act,62037,civ_family
lar,61262,civ_misc
mca,61071,other/unknown
cc rly,60081,crim_magisterial
motor vehicle challan,59935,crim_magisterial
cp,59841,other/unknown
civil misc. connected (41),59833,civ_misc
claim cases,59273,civ_mact
s s,59200,crim_magisterial
cri. bail appln.,58516,crim_bail
spcs el,57334,other/unknown
cma dc,57331,other/unknown
notice of motion,56943,other/unknown
crl.r.p.,56462,crim_magisterial
cr. misc.,56258,crim_magisterial
civil misc.,56201,civ_misc
spl .dkst,55459,other/unknown
c r case,55043,other/unknown
misc. civil,54641,civ_misc
spcs,54578,other/unknown
tc,54500,other/unknown
m.c.a.,54226,other/unknown
petition a,54104,civ_misc
arbitration,53424,civ_misc
un cr,53420,crim_magisterial
misc. cri. application,52208,crim_magisterial
petty cases,52146,crim_magisterial
co,52031,other/unknown
cri. rev app.,51642,crim_magisterial
bail appn.,51254,crim_bail
2(a)cc,50668,crim_magisterial
ex ab,50626,civ_execution
cma sc,50595,crim_sessions
police chalani cases,50526,other/unknown
cr. case complaint (o),50273,crim_magisterial
challan,49768,crim_magisterial
ss cases  s,49187,crim_magisterial
ex mjc,48489,civ_execution
remp,47776,other/unknown
lac,47553,other/unknown
cri. appeal,47334,crim_magisterial
h.m.o.p,46812,other/unknown
g.r,46153,crim_magisterial
rp,45892,other/unknown
railway act,45544,other/unknown
title appeal,45302,civ_misc
dvc,45161,other/unknown
final report o,44647,crim_magisterial
m.a.c.t,44627,civ_mact
ia,44291,other/unknown
f.c.o.p,44182,other/unknown
aoa,43904,other/unknown
g.r.case,43779,crim_magisterial
summons private cases ss,43286,crim_magisterial
juvenile,42981,other/unknown
w.c.,42846,other/unknown
police cases pw,42769,crim_magisterial
sc atr,42768,crim_sessions
macp. dkst.,42759,civ_mact
l i r,42730,other/unknown
suit,42603,civ_suit
mact main,42298,civ_mact
u.i,41891,other/unknown
misc crl case,41117,crim_magisterial
maintainance,40922,other/unknown
cr.reg.case,40796,crim_magisterial
c.c,40635,crim_magisterial
cr.o,40590,crim_magisterial
complaint(pariwad),40471,crim_magisterial
misc dj,39862,civ_misc
pwdva appln.,39857,other/unknown
blapl,39300,other/unknown
c s,39275,civ_suit
fdp,39182,other/unknown
spl.c,39026,other/unknown
u.i.,38779,other/unknown
anticipatory bail petition,38773,crim_bail
darkhast,38720,other/unknown
petition f,37987,civ_misc
m.a.,37841,other/unknown
traffic challan,37648,crim_magisterial
comp,36805,other/unknown
complaint case  c.r.,36507,crim_magisterial
misc civil case,36414,civ_misc
ui,36219,other/unknown
ss casess  ss,36014,crim_magisterial
cr. appeal,35873,crim_magisterial
civ suit,35697,civ_suit
fsuit,35689,civ_suit
m.j.cases,35644,other/unknown
s.c.,35601,crim_sessions
arb,35520,other/unknown
mr  maintenance,35195,civ_family
civil misc. non connected (38),35022,civ_misc
ex.c,34744,civ_execution
regular criminal case,34453,crim_magisterial
ip,34379,other/unknown
crl. misc. case,34101,crim_magisterial
mislaneous,33790,other/unknown
cr. revision,33650,crim_magisterial
138 ni act,33626,crim_ni138
claim petition,33453,civ_misc
smry,33331,other/unknown
cr ra,32928,crim_magisterial
1c.c.,32919,other/unknown
cr.reg.,32776,crim_magisterial
oa,32760,other/unknown
u.c.,32374,other/unknown
challan (warrant trial),32229,crim_magisterial
i . c. c,32030,crim_magisterial
m. v. act,31960,crim_magisterial
rcop,31548,other/unknown
excise case,31509,crim_magisterial
crma,31252,crim_magisterial
misc. case,30696,civ_misc
g.r. police cases,30592,crim_magisterial
general register,30273,other/unknown
m.a.c.t.,30173,civ_mact
police case pw,29916,crim_magisterial
civil misc. application,29898,civ_misc
cr rev,29760,crim_magisterial
ta,29676,other/unknown
g r,29360,crim_magisterial
cr a,29245,crim_magisterial
police cases w,29197,crim_magisterial
s.t.,29169,crim_magisterial
summary cases,29096,crim_magisterial
macex,29064,other/unknown
cri.case,28777,crim_magisterial
civil reivision,28670,civ_misc
b.p,28628,other/unknown
gw,28181,other/unknown
crlo,28137,crim_magisterial
rcs b,28123,civ_suit
app,27905,other/unknown
g.r case,27818,crim_magisterial
hmp,27738,other/unknown
lower court trial ipc,27624,crim_magisterial
traffic challan case,27405,crim_magisterial
misc. criminal application,27272,crim_magisterial
pch,27254,other/unknown
ex a,27203,civ_execution
comp. case,26952,other/unknown
misc.criminal cases,26834,crim_magisterial
comp. u/s 138 nia,26833,crim_ni138
summary case,26683,crim_magisterial
summon case,26415,crim_magisterial
a.b.p,26328,other/unknown
summary challan (old),26231,crim_magisterial
police cases  s,26208,crim_magisterial
ps,25881,other/unknown
r.a,25747,civ_misc
civil revision,25485,civ_misc
civil misc,25180,civ_misc
abp,24987,other/unknown
cri bail appln,24959,crim_bail
elc,24924,other/unknown
bail 439,24908,crim_bail
summon trial case,24905,crim_magisterial
mva,24839,other/unknown
aba,24601,other/unknown
cri m a,24520,crim_magisterial
summery trail,24312,other/unknown
misc.  civil appeal,24169,civ_misc
complaint ulp,24012,crim_magisterial
cs(i),23988,civ_suit
cc juve,23986,crim_magisterial
charge sheet,23882,other/unknown
macp. m.a.,23658,civ_mact
execution cases,23117,civ_execution
sumn. trail,23089,other/unknown
gr/police cases,22797,crim_magisterial
m.v. act,22793,crim_magisterial
chamber summons,22718,crim_magisterial
misccase,22644,civ_misc
refer t lc,22558,other/unknown
misc. civil appeal,22333,civ_misc
cs ccc,21990,civ_suit
civil execution,21864,civ_execution
smst r,21818,other/unknown
partition suit,21735,civ_suit
family main case,21715,civ_family
138 n.i. act cases,21687,crim_ni138
aop,21624,other/unknown
civil misc. (reg.no.74),21603,civ_misc
l.r.dkst.,21522,other/unknown
ss,21479,crim_magisterial
succ,21293,other/unknown
suit for permanent injunction,21247,civ_suit
h m a,21230,civ_family
exe s,21186,civ_execution
reco33c2 lc,21013,other/unknown
notice cases,20905,other/unknown
mt. case,20904,other/unknown
civil misc. petition,20825,civ_misc
money execution,20769,civ_execution
mat suit,20747,civ_suit
m.a.c. case,20438,civ_mact
misc. appeal,20414,civ_misc
sc.spl,20330,crim_sessions
final report case,20327,crim_magisterial
cmc,20290,other/unknown
motor accident claim,20225,civ_mact
cs cj,20137,civ_suit
execution petition,20097,civ_execution
elec,19955,other/unknown
m a c p,19953,civ_mact
summons trial,19927,crim_magisterial
sumy. trial,19861,other/unknown
complaint case (warrant trial),19622,crim_magisterial
n.d.p.s.,19482,other/unknown
scc suit,19326,civ_suit
"injunction o-39 , r1, 2",19297,other/unknown
ra,18946,civ_misc
suit for recovery,18939,civ_suit
pw,18828,other/unknown
u.c,18828,other/unknown
misc. 74,18749,civ_misc
mact org,18632,civ_mact
misc criminal application,18495,crim_magisterial
misc case,18440,civ_misc
rc arc,18395,other/unknown
u.c case,18260,other/unknown
jjb,18208,other/unknown
1.criminal misc.,18197,crim_magisterial
domestic violence act 2005,18116,other/unknown
nia act,17995,other/unknown
succession case,17976,civ_misc
2 (c)cc,17972,crim_magisterial
restoration,17964,other/unknown
1.title suit,17901,civ_suit
ipc,17632,crim_magisterial
comp.,17624,other/unknown
petition  a,17498,civ_misc
mact claim,17421,civ_mact
ex b,17420,civ_execution
mjc suc,17336,other/unknown
spl.case child prot.,17319,crim_sessions
c.s,17275,civ_suit
divorce on mutual consent,17165,civ_family
"cri. case, sadar",16741,crim_magisterial
ex.,16708,civ_execution
crlrp,16671,crim_magisterial
misc. ( j) case,16670,civ_misc
mac,16601,other/unknown
smcst,16564,other/unknown
b a,16538,crim_bail
bail 438,16537,crim_bail
m a c t,16483,civ_mact
other misc.appln.,16426,civ_misc
f r,16369,other/unknown
spl case mseb,16321,crim_sessions
complaint cases lct,16199,crim_magisterial
m.a.n.r.j.i.,16051,other/unknown
restoration misc,15953,civ_misc
criminal miscellaneous,15926,crim_magisterial
grn,15910,other/unknown
crl .misc.,15806,crim_magisterial
reg. suit,15757,civ_suit
g. r cases,15713,crim_magisterial
reg criminal case,15654,crim_magisterial
reg crl case,15634,crim_magisterial
macm,15603,civ_mact
arms act,15526,other/unknown
eca,15525,other/unknown
civil misc applicati,15256,civ_misc
lac(appl),15185,other/unknown
sum.civ.suit,15161,civ_suit
police challan (summon trial),15053,crim_magisterial
cr.mis,14950,crim_magisterial
ts,14924,other/unknown
jcc,14873,other/unknown
34 p. act,14862,other/unknown
summon trail,14755,crim_magisterial
title execution,14753,civ_execution
lc,14454,other/unknown
mjc cri.,14416,crim_magisterial
civ dj,14414,other/unknown
ex.p.,14373,civ_execution
utr/cr,14340,crim_magisterial
pc,14277,other/unknown
police warrant pw,14264,crim_magisterial
rae,14258,other/unknown
cr. rev.,14240,crim_magisterial
complain cases,14207,other/unknown
crmp,14132,crim_magisterial
partion suit,14087,civ_suit
grs,13967,other/unknown
id,13948,other/unknown
police summons ps,13642,crim_magisterial
crlmc,13585,crim_magisterial
summary challan,13519,crim_magisterial
restor.ptn,13518,other/unknown
criminal regular,13425,crim_magisterial
claims u.s 166 m v act,13334,crim_magisterial
rcp,13329,other/unknown
spl. case,13228,crim_sessions
c.t.,13189,other/unknown
m r case,13140,other/unknown
complaint case ( c r,13128,crim_magisterial
cri rev app,13115,crim_magisterial
misc.case,12950,civ_misc
civil suit a,12916,civ_suit
pcso,12871,other/unknown
mvact,12763,crim_magisterial
misc scj,12762,civ_misc
mjc macc,12694,civ_mact
other suit,12642,civ_suit
civil misc. appeal,12555,civ_misc
misc.case  connected,12514,civ_misc
2 (a) c.c.,12428,crim_magisterial
civil misc. 74,12397,civ_misc
arto/m.v act,12392,crim_magisterial
1.c.c,12333,crim_magisterial
n act,12274,other/unknown
complaint case (summon trial),12247,crim_magisterial
s.s.t.,12171,crim_magisterial
ex la,12080,civ_execution
uc,11966,other/unknown
injury case( m a c t ),11870,civ_mact
pcr,11768,crim_magisterial
rent case,11642,civ_misc
atro,11605,other/unknown
death case( m a c t ),11555,civ_mact
rca dj,11543,civ_misc
a.i.r.misc,11537,civ_misc
cr. case comp (p),11515,crim_magisterial
pwapp lc,11495,other/unknown
s c c suit,11383,crim_sessions
regular misc,11185,civ_misc
cs dj adj,11098,civ_suit
n i act,11058,crim_ni138
cr case,11023,crim_magisterial
c.m.c,10956,other/unknown
p.c.,10902,other/unknown
156(3) crpc,10817,other/unknown
summons  cases ss,10771,crim_magisterial
c.s.(i),10754,civ_suit
misc cases,10706,civ_misc
cri. revision,10653,crim_magisterial
warrant trial,10644,crim_magisterial
probate case,10604,other/unknown
suit for declaration,10558,civ_suit
motar accident claim,10543,civ_mact
cri.misc.a.,10506,crim_magisterial
original.suit,10491,civ_suit
cr.case complt.(p),10490,crim_magisterial
125 cr. p.c.,10486,civ_family
crlr,10476,crim_magisterial
misc cri. application,10433,crim_magisterial
bail applications,10428,crim_bail
exe sm,10412,civ_execution
crl. tr.,10409,crim_magisterial
ex crl,10392,civ_execution
o p,10357,other/unknown
comp.case (c1),10336,other/unknown
police cases  ps,10328,crim_magisterial
misc. (j) case,10283,civ_misc
petition er,10282,civ_misc
gr. case,10271,crim_magisterial
cri. case (gr),10246,crim_magisterial
spl.sc,10198,crim_sessions
cmc(related),10169,other/unknown
police cases s,10099,crim_magisterial
p and sc,10080,crim_sessions
criminal misc case,10069,crim_magisterial
special court cases,10056,other/unknown
u.i case,10049,other/unknown
motar vehicle act.,10015,crim_magisterial
g. r. cases,9987,crim_magisterial
warrant or summons criminal cases,9979,crim_magisterial
arbitration case,9935,civ_misc
criminal case or gr,9935,crim_magisterial
m.v.act,9927,crim_magisterial
civil  suit,9890,civ_suit
m c case,9843,other/unknown
misc crl,9837,crim_magisterial
n d p s case,9771,other/unknown
o.l.,9733,other/unknown
spl. case (excise),9596,crim_sessions
mex,9562,other/unknown
gop,9560,other/unknown
atro.spl.case,9546,crim_sessions
dv act,9532,other/unknown
scc,9369,other/unknown
138 n.i.act,9300,crim_ni138
police cases  w,9274,crim_magisterial
1.matrimonial suit,9268,civ_family
criminal misc case/11,9249,crim_magisterial
op h and m,9233,civ_misc
misc  case,9205,civ_misc
complain,9193,other/unknown
misc.70,9178,civ_misc
m.v. act cases,9169,crim_magisterial
ref it,9130,other/unknown
r.f.a.,9106,other/unknown
revn. appln. ulp,9103,other/unknown
laop,9094,other/unknown
original civil suits 17,9081,civ_suit
spl.case,9079,crim_sessions
ndps. s. case,9039,crim_sessions
excise act.,9027,crim_magisterial
complaint case(n),9010,crim_magisterial
fda,8893,other/unknown
cri appeal,8833,crim_magisterial
judl (misc),8824,civ_misc
criminal misc. petition,8812,crim_magisterial
mact misc,8803,civ_mact
marrige pitition,8788,other/unknown
m.a.c,8748,other/unknown
misc. crl. appln.,8705,crim_magisterial
cr. regular,8686,crim_magisterial
bgr,8685,other/unknown
cr. reg.,8682,crim_magisterial
misc cases  misc,8663,civ_misc
hcp mv,8608,other/unknown
ndps act,8590,crim_sessions
g. r. cases(n),8536,crim_magisterial
raj exe act,8528,other/unknown
ex civil,8525,civ_execution
civil exe,8487,civ_misc
s t,8454,crim_magisterial
g and wc,8442,other/unknown
misc cri app,8432,crim_magisterial
mnt 125,8367,civ_family
motor vehicle  act,8364,crim_magisterial
comp. undsec 138 nia,8338,crim_ni138
sucession certificate cases,8288,other/unknown
police cases  pw,8260,crim_magisterial
comp. 138 nia,8225,crim_ni138
a b p,8220,other/unknown
domestic violence act.,8212,other/unknown
family misc. case,8176,civ_family
aa,8121,other/unknown
cr.misc.,8087,crim_magisterial
ms,8003,other/unknown
bp,8003,other/unknown
petition  f,8000,civ_misc
exe lar,7891,civ_execution
jw,7880,other/unknown
misc. succession,7817,civ_misc
succ. court,7810,other/unknown
special  sessions trial,7778,crim_sessions
gr-case,7724,crim_magisterial
f.c.(civil),7722,civ_misc
complaint case (c r),7703,crim_magisterial
mac cases,7700,civ_mact
munci. appeal,7678,civ_misc
rc or arc,7671,other/unknown
execution case,7635,civ_execution
rent,7591,civ_misc
civil regular appeal,7588,civ_misc
m.r case,7588,other/unknown
indig,7558,other/unknown
un important case,7554,other/unknown
police cases(w),7527,crim_magisterial
electricity act case,7526,crim_magisterial
maintenance case,7505,civ_family
maintenance 125 cr. pc,7503,civ_family
marji,7502,other/unknown
summary civil suit,7476,civ_suit
misc.judicial cases,7453,civ_misc
session  case,7427,crim_sessions
ep_mcop,7398,civ_mact
"misc cases a) o-9 , r-4  b) o-9, r-9 c) u/s 47cpc",7379,civ_misc
summan case,7356,other/unknown
cr.m,7315,crim_magisterial
c r,7301,other/unknown
sst,7261,other/unknown
cs37,7247,other/unknown
misc. crl case,7232,crim_magisterial
misc. civil cases,7214,civ_misc
cmap,7196,other/unknown
c.s. (iii),7180,civ_suit
l a c,7163,civ_misc
a.b.a.,7158,other/unknown
mvc,7143,civ_mact
session case o,7142,crim_sessions
mv. act,7125,crim_magisterial
originalsuit,7115,civ_suit
criminal trial,7094,crim_magisterial
cn,7090,other/unknown
cs (iii),7058,civ_suit
cr (t),7019,crim_magisterial
petition e,6990,civ_misc
sc.ndps,6922,crim_sessions
anti. bail petition,6906,crim_bail
police act,6895,other/unknown
civil suit o,6887,civ_suit
1 c.c,6872,crim_magisterial
civil original (civil suite),6869,civ_suit
ejectment suit,6856,civ_suit
nego.inst.act,6841,other/unknown
warrant trail,6837,crim_magisterial
op div,6834,civ_misc
excise,6826,crim_magisterial
revision,6815,other/unknown
information petition,6812,civ_misc
complaint registration,6810,crim_magisterial
excise case (gr),6792,crim_magisterial
mcp,6759,other/unknown
civil suit for civil judge,6755,civ_suit
gangster act,6745,other/unknown
sc ndps,6723,crim_sessions
gaurdian wards act,6702,other/unknown
reference t lc,6670,other/unknown
scc execution,6663,civ_execution
2(a) c.c.,6647,crim_magisterial
c.m.a,6640,civ_misc
op elcty,6579,civ_misc
civil suit class a,6557,civ_suit
cmc related,6553,other/unknown
misc. civil application,6520,civ_misc
cr. case complaint,6508,crim_magisterial
crla.mu,6477,crim_magisterial
special sessions cases,6476,crim_sessions
can,6448,other/unknown
final decree,6436,other/unknown
maintenance 125 crpc etc,6432,civ_family
cr. misc,6404,crim_magisterial
a. b. p.,6371,other/unknown
spl.case acb,6358,crim_sessions
crl.misc,6311,crim_magisterial
bail petition no.,6274,crim_bail
final report.,6269,crim_magisterial
motor v. act,6261,other/unknown
police case ps,6260,crim_magisterial
c i,6245,other/unknown
misc. 156(3),6137,civ_misc
m.a.c.p,6133,civ_mact
rent application,6129,civ_misc
r.c.p,6104,other/unknown
summary trail,6100,crim_magisterial
128 cr. p.c.,6075,crim_magisterial
comp 138 ni act,6055,crim_ni138
cr criminal revision,6033,crim_magisterial
dd,6027,other/unknown
rad,6020,other/unknown
reg. misc 74,6020,civ_misc
reco33c 2 lc,5989,other/unknown
special case (sc / st act),5987,crim_sessions
t.r.o.p,5986,other/unknown
tapp lc,5985,other/unknown
mine act.,5963,other/unknown
tr.op,5962,other/unknown
a.r.b.o.p,5960,other/unknown
misc. civil reg 70,5958,civ_misc
acgr,5893,other/unknown
crl.rp,5886,crim_magisterial
misc26a lc,5886,civ_misc
i.a.,5883,other/unknown
misc.application,5861,civ_misc
civil misc (related),5857,civ_misc
h.m.p,5849,other/unknown
ss case ss,5839,crim_magisterial
motor accident claims cases,5834,civ_mact
criminal miscellaneo,5831,crim_magisterial
u/s156(3)crpc,5828,other/unknown
petition  e,5774,civ_misc
f.r,5686,crim_magisterial
macp m.a.n.r.j.i.,5655,civ_mact
comp. us 138 nia,5653,crim_ni138
information petetion,5652,other/unknown
criminal m.,5635,crim_magisterial
permanent p i(civil),5618,civ_misc
p.a.suit,5595,civ_suit
bail. application,5590,crim_bail
misc.74,5575,civ_misc
complaint case (cr),5560,crim_magisterial
138 n.i act,5551,crim_ni138
cr.rev,5546,crim_magisterial
sst (elect.),5544,other/unknown
cr.revi,5528,crim_magisterial
crl misc,5507,crim_magisterial
l.a.o.p,5499,civ_misc
civil misc. (reg. no. 70),5499,civ_misc
166mvact,5492,other/unknown
civil execuition cases,5461,civ_execution
complaint ulp1,5460,crim_magisterial
cri. challan,5443,crim_magisterial
regular darkhast,5439,other/unknown
cri. case (excise),5432,crim_magisterial
regular civil appeal,5410,civ_misc
pwdva execution,5393,civ_execution
"criminal complaint(p),sadar",5381,crim_magisterial
a.i.r.,5334,other/unknown
untrace,5334,other/unknown
criminal case or gr case,5320,crim_magisterial
pocso act,5299,crim_sessions
l.a,5290,civ_misc
p s,5286,other/unknown
summary,5266,crim_magisterial
maint.,5248,other/unknown
a.s.,5245,civ_misc
arbitation execution,5232,civ_execution
la.ref.,5216,civ_misc
c.m./46,5211,other/unknown
spl.c(elect.),5205,other/unknown
cm-41,5203,other/unknown
ss cases w,5181,crim_magisterial
mjc av,5171,other/unknown
p.s,5157,other/unknown
appeal,5156,civ_misc
ej,5149,other/unknown
125 cr.p.c,5144,civ_family
misc civil case(register 74),5133,civ_misc
mp,5130,other/unknown
secu. case,5127,other/unknown
comp. ulp,5111,other/unknown
original maintenance case,5100,civ_family
guardianship,5100,civ_family
cri. rev.,5060,crim_magisterial
pocso,5051,crim_sessions
execution arbitration,5043,civ_execution
2(c)cc,5043,crim_magisterial
special criminal case,5042,crim_magisterial
prc(warrant procedure),5042,crim_magisterial
h.m.,5029,other/unknown
mjc gw,5019,other/unknown
reg. criminal cases,5018,crim_magisterial
ab anticipatory bail,5012,crim_bail
criminal misc. /11,5003,crim_magisterial
cri. misc. case,4999,crim_magisterial
crl. misc.,4993,crim_magisterial
remand appl pocso,4970,crim_sessions
o.s,4965,civ_suit
p r c ( s p ),4962,other/unknown
spl. g. r.,4961,crim_magisterial
sop,4946,other/unknown
misc case (pre-emption),4942,civ_misc
civil misc case/74,4926,civ_misc
l i d,4920,other/unknown
g.r.cases,4912,crim_magisterial
g.w.o.p,4906,other/unknown
civil misc appliacti,4905,civ_misc
special case,4889,crim_sessions
u c,4881,other/unknown
sesstrial,4870,other/unknown
domestic violence,4869,other/unknown
gp,4853,other/unknown
raer,4839,other/unknown
appln.ida,4832,other/unknown
original maintenance,4825,civ_family
injunction o 39 r1 2,4824,other/unknown
c a,4818,other/unknown
m.a.c case,4798,civ_mact
m.a.c. case.,4780,civ_mact
1(c)cc,4776,crim_magisterial
harizan atrocities act,4775,other/unknown
g r case ( warrant ),4737,crim_magisterial
p and  sc,4732,crim_sessions
rel. appn,4720,other/unknown
1cc,4715,other/unknown
execution claim,4697,civ_execution
sc doct,4692,crim_sessions
contempt,4683,other/unknown
reg. misc.,4678,civ_misc
juvenile case,4667,other/unknown
declaration suit(civil),4649,civ_suit
g r case ( summon ),4633,crim_magisterial
fao,4626,other/unknown
elec.petn.,4625,other/unknown
crl.a.,4589,crim_magisterial
s.o.p,4588,other/unknown
shops act. 1969,4582,other/unknown
m.p,4580,other/unknown
n i,4578,other/unknown
m.a.c.t case,4572,civ_mact
lca,4569,other/unknown
exe.appln.,4567,civ_execution
crime no,4551,crim_magisterial
claims u. s 166 m v act,4551,crim_magisterial
misc. civil74,4535,civ_misc
warrant,4534,crim_magisterial
u/s 138,4533,crim_ni138
regular misc.,4503,civ_misc
sessions cases,4493,crim_sessions
criminal. case,4489,crim_magisterial
smst s,4484,other/unknown
hm act,4480,civ_mact
crl. maintence,4479,crim_magisterial
f.c.( crl),4476,crim_magisterial
miscellaneous,4466,civ_misc
misc civil,4466,civ_misc
mcd chl,4465,other/unknown
ref-ida,4462,other/unknown
general register case,4456,other/unknown
rmc,4450,other/unknown
cr. org.,4432,crim_magisterial
cao,4429,other/unknown
m. n. r,4403,other/unknown
cr.misc,4398,crim_magisterial
reg criminal cases,4395,crim_magisterial
reco33c1 lc,4393,other/unknown
ts mac,4369,other/unknown
cr.app.,4365,crim_magisterial
misc. pa,4365,civ_misc
h.r.c.,4358,other/unknown
u.i.case,4347,other/unknown
c.appln.,4337,other/unknown
bail appl,4331,crim_bail
34 police act,4324,other/unknown
summons warrent cases sw,4322,crim_magisterial
sc.mu,4321,crim_sessions
civil misc. reg. 74,4317,civ_misc
g.r.case(r),4292,crim_magisterial
reference ida,4274,other/unknown
mr case,4266,other/unknown
2(b)cc,4261,crim_magisterial
u i,4259,other/unknown
gr excise act,4258,crim_magisterial
petition,4249,civ_misc
miss.no 156(3),4245,other/unknown
cgr,4237,other/unknown
ep_rcop,4234,other/unknown
sc/st,4231,crim_sessions
mnc,4217,other/unknown
cr misc.,4210,crim_magisterial
marriage petition,4206,civ_family
prc case,4199,crim_magisterial
reg  criminal case,4181,crim_magisterial
misc. judicial cases,4177,civ_misc
claim case,4162,civ_mact
mca dj,4151,other/unknown
cra.,4123,crim_magisterial
rent appeal,4120,civ_misc
125 crpc,4113,civ_family
n d p s act,4104,other/unknown
g . r .,4091,other/unknown
exe.case,4090,civ_execution
hindu marriage case,4087,civ_family
rip,4087,other/unknown
sessions,4068,crim_sessions
miscellaneous cases,4067,civ_misc
op tran,4056,civ_misc
f54,4054,other/unknown
tcs,4040,other/unknown
b p,4032,other/unknown
t.r.crlmp,4025,crim_magisterial
criminal motion,3984,crim_magisterial
idact of s10 1d,3983,other/unknown
crl appeal,3974,crim_magisterial
sessions serial,3972,crim_sessions
r.f.a,3970,other/unknown
criminal  appeal,3968,crim_magisterial
domestice violence act,3967,other/unknown
cr.can,3963,crim_magisterial
op hma,3961,civ_family
s.t,3958,crim_magisterial
c.c.a.,3928,crim_magisterial
regular criminal cases,3915,crim_magisterial
ea,3913,other/unknown
act viii miscellaneous case,3910,civ_misc
cmc not related,3909,other/unknown
bail petition.,3908,crim_bail
special criminal case under the electricity act,3894,crim_magisterial
cri. rec.app er,3885,crim_magisterial
1 cc,3883,crim_magisterial
d.v.act,3880,other/unknown
dop,3879,other/unknown
s c,3875,crim_sessions
sess. case,3864,other/unknown
excise act(special),3860,crim_magisterial
u.i. case,3859,other/unknown
spl. electricity case,3850,other/unknown
p r c ( w p ),3798,other/unknown
cr.rev.,3792,crim_magisterial
prc wp,3789,crim_magisterial
sc t2,3775,crim_sessions
c.r.,3773,other/unknown
misc.criminal,3772,crim_magisterial
60 ex act,3770,other/unknown
cri. app. e,3760,crim_magisterial
pwdva appeal,3737,civ_misc
grns,3726,other/unknown
un civ,3719,other/unknown
mact exe,3717,civ_mact
m  a in aba,3713,other/unknown
misc. /12,3713,civ_misc
1cc case,3698,other/unknown
t.s/p.s/mort./reedemption/foreclosure/defamation,3684,other/unknown
a p p,3682,other/unknown
prc sp,3666,crim_magisterial
icc,3665,other/unknown
xxxxcri case,3663,other/unknown
crl.m.c.,3651,crim_magisterial
civil misc. case,3645,civ_misc
d v act,3643,other/unknown
c m a,3640,other/unknown
civil suit a class,3602,civ_suit
civil miscellaneous appeal,3594,civ_misc
c.m./38,3594,other/unknown
spl. case(up excise,3584,crim_sessions
comt.,3581,other/unknown
hma 13b,3559,civ_family
lp,3557,other/unknown
petition  er,3541,civ_misc
poit,3537,other/unknown
u.c. case,3520,other/unknown
contempt proceedings,3516,other/unknown
edu tribunal application,3515,other/unknown
2(a) cc,3514,crim_magisterial
reg. cr. case,3511,crim_magisterial
cbi crma,3508,crim_magisterial
state cases,3501,other/unknown
2 (c) c.c.,3491,crim_magisterial
mjc civil,3473,civ_misc
misc 74,3442,civ_misc
cr. misc. bail app.,3434,crim_bail
mjc criminal case,3433,crim_magisterial
agrmnt lc,3429,other/unknown
probate suit,3422,civ_suit
comp. d.v. act.,3419,other/unknown
rent misc case h a,3417,civ_misc
sessions case type 2,3412,crim_sessions
reg. misc. connected,3411,civ_misc
cr (exicise),3408,crim_magisterial
m a c,3402,other/unknown
bail application.,3396,crim_bail
spl trial,3394,other/unknown
cases under section 125 cr p c,3386,civ_family
1.os,3382,civ_suit
prc(summon procedure),3376,crim_magisterial
b.p.,3376,other/unknown
i.a,3360,other/unknown
cri.reg.,3356,crim_magisterial
other misc. cri. appln.,3352,crim_magisterial
cr.reg,3346,crim_magisterial
cril. misc (b).,3341,civ_misc
special case (excise),3340,crim_sessions
criminal mjc,3330,crim_magisterial
spl.cri.m.a.,3324,crim_magisterial
execution  petition,3306,civ_execution
"cri. case, raxaul",3301,crim_magisterial
i.c.c.,3299,crim_magisterial
criminal orginal,3293,crim_magisterial
matri.,3286,other/unknown
cr reg case summon,3279,crim_magisterial
misc. petition,3275,civ_misc
election appeal,3269,civ_misc
act 39 case (p / l.a. ),3267,civ_misc
cr.bail 439,3257,crim_bail
1 c c,3241,crim_magisterial
partion suit / title partion suit,3238,civ_suit
abkari act,3225,other/unknown
ex/ex.c,3214,civ_execution
g.o. excise act,3183,crim_magisterial
criminal misc.(bail) case,3183,crim_bail
c r r,3180,other/unknown
cmb,3175,other/unknown
pocso spl case,3171,crim_sessions
04 criminal case,3165,crim_magisterial
m . p case,3165,other/unknown
s w,3147,other/unknown
suit for perpertual injection,3147,civ_suit
c.m.,3143,civ_misc
land acquistaion cases,3140,civ_misc
civil misc.(41),3139,civ_misc
j.c.,3134,other/unknown
rct arct,3127,crim_magisterial
u/s155(2)crpc,3122,other/unknown
misc. cri.  application,3114,crim_magisterial
elect. petn,3110,other/unknown
recovery suit(civil),3105,civ_suit
2(a)c c,3105,crim_magisterial
utr cr,3102,crim_magisterial
tm,3099,other/unknown
cs-a,3098,civ_suit
crl.mis,3085,crim_magisterial
4.m a c c,3058,civ_mact
138 niact regular,3056,crim_ni138
original civil suit,3056,civ_suit
maintenance 125 crpc etc.,3055,civ_family
comp. 138 ni act,3052,crim_ni138
civil mislaneous (related),3051,civ_misc
m.v. act/ police challan,3040,crim_magisterial
air.misc. mvc,3038,civ_mact
motor accident claim tribunal,3020,civ_mact
c.o.s.,3018,civ_suit
cril. misc. (b),3011,civ_misc
anticipatory bail pt,3003,crim_bail
complntu/s138 ni,2988,other/unknown
m r,2973,other/unknown
small cause court suits,2972,civ_suit
wc mis lc,2967,other/unknown
misc.,2954,civ_misc
ref.ida,2952,other/unknown
land aq .cases,2952,other/unknown
o s,2946,civ_suit
hma13,2935,civ_family
misc. nagar nigam,2921,civ_misc
mvaa,2911,other/unknown
misc.appln.,2909,civ_misc
spl. criminal case ec act,2908,crim_magisterial
bail petition(n),2902,crim_bail
cad,2898,other/unknown
suit for possession,2897,crim_sessions
original maint case,2894,civ_suit
bkgp,2890,other/unknown
g. r.,2886,crim_magisterial
criminal  regular,2886,crim_magisterial
crl.rev.,2884,crim_magisterial
air misc,2865,civ_misc
fir,2856,other/unknown
crl. rev.,2856,crim_magisterial
forest case,2849,other/unknown
misc appln  sc,2837,crim_sessions
complaint 138 nia,2816,crim_ni138
succesion case,2815,other/unknown
summons cases sw,2813,crim_magisterial
m.a.c.t cases,2808,civ_mact
mat.cas.,2807,other/unknown
government registration,2805,other/unknown
title suit/partition suit,2798,civ_suit
labour act.,2798,other/unknown
comp ulp,2795,other/unknown
e x,2795,other/unknown
cm-38,2794,other/unknown
spl.c. electricity,2767,other/unknown
prc (police report cases),2759,crim_magisterial
spl. crl. case(n.d.p.s. act),2757,crim_magisterial
lok adalat case ( civil),2749,civ_misc
appln.-pga,2748,other/unknown
e.c.act.spl.case,2732,crim_sessions
criminal revision.,2729,crim_magisterial
scs,2709,civ_suit
rent control appeal,2703,civ_misc
succession court,2700,civ_misc
temporary injection,2696,other/unknown
misc. civil70,2691,civ_misc
ex.case,2687,civ_execution
cria,2686,other/unknown
execution    petition,2682,civ_execution
t. a. civil,2680,civ_misc
m . a . c,2677,other/unknown
matrimonial case(civil),2675,civ_family
mv,2672,other/unknown
reg.sum.suit,2671,civ_suit
misc  appln  cbi,2665,civ_misc
bkg.p,2664,other/unknown
cm(41),2657,other/unknown
c.m.c.,2636,other/unknown
c m.41,2634,other/unknown
sc/st (poa) act,2633,crim_sessions
regular bail excise,2616,crim_bail
dar,2615,other/unknown
injunction o39r1 2,2612,other/unknown
title suit (r),2608,civ_suit
cril. (c) case,2605,other/unknown
summons warrant cases sw,2596,crim_magisterial
comp. usec 138 nia,2589,crim_ni138
cr. miscellaneous,2589,crim_magisterial
stay(civil),2588,civ_misc
spl st,2588,crim_magisterial
ngr,2586,other/unknown
claim cases mact,2585,civ_mact
motor vehicle act cases,2581,crim_magisterial
police challan.,2578,crim_magisterial
g  and wc,2575,other/unknown
2 (a)cc,2575,crim_magisterial
spl. case e.c act,2574,crim_sessions
cr.apl,2572,crim_magisterial
156-3,2564,other/unknown
pure misc,2563,civ_misc
cri. misc.,2541,crim_magisterial
mat,2540,other/unknown
zila panchayat act,2528,other/unknown
kid,2527,other/unknown
complaint ulp.,2523,crim_magisterial
motar accident claim petetion,2519,civ_mact
civil misc. 70,2516,civ_misc
comp it,2516,other/unknown
s.c.c. suit,2514,crim_sessions
act 39,2511,other/unknown
misc. civil(register 70),2511,civ_misc
hm cases,2506,other/unknown
gwop,2502,other/unknown
suit for premanent injunction,2495,civ_suit
civil misc. reg. 70,2495,civ_misc
a.i.r,2488,other/unknown
misc.cri. application,2488,crim_magisterial
civil appeal a,2484,civ_misc
cc.apt,2482,crim_magisterial
title eviction suit,2479,civ_suit
t.p. c,2476,other/unknown
cmp ex,2476,other/unknown
j.m.,2475,other/unknown
rc,2474,other/unknown
cri.municipal appeal,2467,crim_magisterial
125  cr. p. c.,2467,civ_family
mact(civil),2465,civ_mact
2 (a) c . c,2464,other/unknown
bail appl pocso,2461,crim_bail
petition no.a,2451,civ_misc
declarativce suit,2446,civ_suit
cri.regul,2446,crim_magisterial
complain case,2444,other/unknown
maintenence,2436,other/unknown
nigociable case,2431,other/unknown
criminal complaint,2425,crim_magisterial
ref.,2422,other/unknown
reg.cri.case,2422,crim_magisterial
misc civil case (reg. 74),2416,civ_misc
labour / industrial main case,2416,other/unknown
execution appln,2415,civ_execution
c. case,2411,other/unknown
misc  appln  mpid,2407,civ_misc
cri appln e,2400,crim_magisterial
crl.case,2395,crim_magisterial
antcipatory bail pet,2390,crim_bail
crma-j,2368,crim_magisterial
c.p,2367,other/unknown
act 39 case (succession),2364,civ_misc
m.v. act.,2357,crim_magisterial
appln. pga,2352,other/unknown
claims us 166 m v act,2349,crim_magisterial
j.j.c.,2347,other/unknown
app it,2342,other/unknown
civil m a,2337,civ_misc
m.v. act/ r.t.o. challan,2329,crim_magisterial
sum. darkhast,2328,crim_magisterial
cr reg case warrant,2326,crim_magisterial
ao,2320,other/unknown
t.s/p.s/mortrage/defamation/redemption,2319,other/unknown
xxxxbail,2314,crim_bail
miss.n.c,2309,other/unknown
gr(e),2302,crim_magisterial
summons for judgt,2300,crim_magisterial
60 exice act,2298,other/unknown
civil org.,2296,civ_misc
c.t.(ss),2296,crim_magisterial
excise case (o.c),2295,crim_magisterial
civil miscellaneous,2293,civ_misc
civil suit  a,2293,civ_suit
140mvact,2288,other/unknown
forest act,2286,other/unknown
omp (i) (comm.),2284,other/unknown
reg. misc,2280,civ_misc
civil o.,2277,civ_misc
crl. misc case,2264,crim_magisterial
dst lc,2263,other/unknown
repayment applicatio.,2260,other/unknown
ndps m a,2256,crim_sessions
tr case,2256,other/unknown
t.p. crl,2255,crim_magisterial
misc. civil /74,2254,civ_misc
lac exe,2253,other/unknown
rexa,2239,other/unknown
pp,2233,other/unknown
misc. cri.application,2230,crim_magisterial
regular execution,2226,civ_execution
25 p  ss act,2224,crim_magisterial
rent suit,2207,civ_suit
cril. misc. (z).,2207,civ_misc
g.o. excise bail petition,2205,crim_bail
cri misc,2196,crim_magisterial
c,2194,other/unknown
crl revision,2193,crim_magisterial
cri. case(rly act),2188,crim_magisterial
misc.civil/70,2187,civ_misc
civil misc.(civil),2186,civ_misc
forest act cases,2185,other/unknown
spl act.sc/st,2184,crim_sessions
sc lok,2184,crim_sessions
jc,2179,other/unknown
criminal chalan,2175,crim_magisterial
misccrappl(n),2170,civ_misc
g.cases,2169,other/unknown
final form,2168,other/unknown
bail app,2164,crim_bail
cr. complaint,2153,crim_magisterial
cmr,2143,other/unknown
dv,2142,other/unknown
2.c(c.c.),2129,crim_magisterial
maintenance 126/127/128,2122,civ_family
cm l a,2117,civ_misc
mnr,2113,other/unknown
exe.128cr.p.c,2110,civ_execution
original suit.,2109,civ_suit
"special case (electricity,tirhut area)",2108,crim_sessions
comp 138 nia,2107,crim_ni138
appln-ida,2106,other/unknown
eviction suit(u/s bbc act/ u/s 111 tp act),2105,civ_suit
election petition,2104,civ_misc
i.c.c,2100,crim_magisterial
wc fatal lc,2099,other/unknown
m a c c ex.,2099,civ_mact
crra,2093,crim_magisterial
mact case,2092,civ_mact
f.a.o,2089,other/unknown
arbitration case-35,2087,civ_misc
complnt.case,2082,other/unknown
final  report,2080,other/unknown
cc-21,2076,crim_magisterial
u . i .,2072,other/unknown
comp 125 crpc,2072,civ_family
lpc,2065,other/unknown
drc,2063,other/unknown
a.c.,2059,other/unknown
rent control,2057,civ_misc
misc.civil/74,2044,civ_misc
motar accident claim petition,2043,civ_mact
civil suit (a),2043,civ_suit
notice case,2040,other/unknown
municipality board act,2040,other/unknown
cma(arb),2036,other/unknown
police report case  prc,2030,crim_magisterial
petition d,2024,civ_misc
rcrc,2024,other/unknown
complaint ipc/pvt. complaint,2021,crim_magisterial
domestic violence cases,2019,other/unknown
w m act,2018,civ_mact
appl.33(c)(2),2007,other/unknown
spl.sum.suit,2006,civ_suit
utr or cr,2001,crim_magisterial
unimportant case,2001,other/unknown
h.m.a.,1990,civ_family
bail appln  ndps,1989,crim_bail
mvarp,1989,other/unknown
sc/st case,1982,crim_sessions
125(3) crpc,1980,civ_family
m a c t ( injury ),1975,civ_mact
128 crpc,1973,other/unknown
police case,1972,crim_magisterial
pwdva,1965,other/unknown
misc(j),1964,civ_misc
crl.p.,1960,crim_magisterial
misc civil connected,1960,civ_misc
c m appli,1958,other/unknown
c c,1957,crim_magisterial
ppa,1957,other/unknown
2(a)cc case,1952,crim_magisterial
m.a.claim case,1950,civ_mact
ss cases  sw,1945,crim_magisterial
g and w.c.,1944,other/unknown
cri. m.a.,1942,crim_magisterial
2.misc. appeal,1935,civ_misc
h.m.act,1933,civ_mact
guardians and wards act,1931,civ_family
civil mislaneous,1931,civ_misc
scc revision,1931,other/unknown
2(c)c.c,1929,crim_magisterial
mcc ulp,1927,other/unknown
reg misc reg 74,1927,civ_misc
hma9,1924,civ_family
st excise cr,1923,crim_magisterial
p.a. suit,1916,civ_suit
acb,1916,other/unknown
small cause dkst,1915,other/unknown
complaint ipc pvt. complaint,1908,crim_magisterial
n.i act,1908,crim_ni138
arbop,1904,other/unknown
appln pga,1901,other/unknown
caveat,1899,civ_misc
g r (w),1899,crim_magisterial
divorce case,1892,civ_family
misc (crl),1886,crim_magisterial
cns,1885,other/unknown
maintenance 125crpc,1882,civ_family
misc.(civil),1881,civ_misc
crl. execution,1879,civ_execution
ori maintainace case,1878,other/unknown
s.t. cases,1877,crim_magisterial
execuition cases(civil),1874,civ_execution
wc nfatal l,1871,other/unknown
a.t.c.,1864,other/unknown
remand appln  ndps,1864,crim_sessions
"injunction o-39 , r1- 2",1862,other/unknown
bail 437,1853,crim_bail
transfer application,1843,civ_misc
session case old,1835,crim_sessions
divorce,1833,civ_family
exa,1833,other/unknown
act 39 case (p / la),1831,civ_misc
civil misc.(reg. no. 70,1829,civ_misc
macp c appln.,1828,civ_mact
petition c,1824,civ_misc
crl.e.p,1824,civ_execution
crl. t (sessions),1823,crim_sessions
civil misc appeal,1822,civ_misc
mca scj,1820,other/unknown
ex criminal,1817,civ_execution
anticipatory bail petition(n),1816,crim_bail
civil regular appeal o,1807,civ_misc
appeal pga,1805,civ_misc
civil misce 74,1801,civ_misc
spl.case child prot,1797,crim_sessions
g r case ( summon),1791,crim_magisterial
mact (injury),1788,civ_mact
probate,1785,other/unknown
e.x.,1783,other/unknown
civil m. (41),1780,civ_misc
cril (c),1778,other/unknown
comp dv act,1775,other/unknown
dv case,1774,other/unknown
special cases (excise act),1772,crim_sessions
criminal miscllaneous,1772,crim_magisterial
petition  r.d.,1769,civ_misc
challan cases,1769,crim_magisterial
police cases(s),1768,crim_magisterial
appln.wca.c,1762,other/unknown
mjc criminal,1749,crim_magisterial
spl. marriage petn.,1747,civ_family
macp spl.,1737,civ_mact
title(mat.) suit,1737,civ_suit
r.cri. case,1735,crim_magisterial
inquery trail,1735,other/unknown
d v  cases,1732,other/unknown
civil misc case/70,1714,civ_misc
land acquisition cases,1713,civ_misc
private warrant case sw,1712,crim_magisterial
gr a,1708,crim_magisterial
revision ulp,1707,other/unknown
antic.bail petition,1695,crim_bail
criminal challan,1694,crim_magisterial
ndps  s  case,1692,crim_sessions
complaint case (private),1690,crim_magisterial
civil misc.(reg. no. 74),1690,civ_misc
appln ida,1687,other/unknown
cm 41,1687,other/unknown
air.misc,1685,civ_misc
misc. case ( domestic violence),1673,civ_misc
misc.appeal,1667,civ_misc
bail application t,1666,crim_bail
gocr,1665,other/unknown
crirev,1665,other/unknown
mact execution,1659,civ_mact
sc/st act cases,1658,crim_sessions
p  and  sc,1655,crim_sessions
small cause court su,1655,other/unknown
criminal misc. 439,1655,crim_magisterial
birth certificate t,1654,other/unknown
2.a(c.c.),1647,crim_magisterial
appln.pga,1645,other/unknown
cr.p,1638,crim_magisterial
misc. execution,1636,civ_execution
comp. under 138 nia,1634,crim_ni138
pet. reg. dkt.,1633,other/unknown
appln. wca c,1633,other/unknown
rct.pet,1632,crim_magisterial
misc  appeal,1629,civ_misc
cri rec appln er,1628,crim_magisterial
cr r,1626,crim_magisterial
d.v. act,1622,other/unknown
elec.c,1620,other/unknown
comp. case(c2),1615,other/unknown
2.mc,1614,other/unknown
cri ma,1612,crim_magisterial
m.s.,1609,other/unknown
mat (div),1609,other/unknown
2(a)c.c.,1608,crim_magisterial
civil suit for dj and adj,1601,civ_suit
pr case,1599,other/unknown
comp ipc,1595,crim_magisterial
complaint case  c r,1592,crim_magisterial
ss cases (w),1590,crim_magisterial
mutation appeal,1588,civ_misc
misc-cr,1586,crim_magisterial
spl case (daa),1584,crim_sessions
mr. exn.,1583,other/unknown
st sc/st,1581,crim_sessions
w.c.f.a.case,1580,other/unknown
arb. execution,1575,civ_execution
appeal a1,1573,civ_misc
spl crim case electricity,1573,crim_magisterial
transfer decree,1572,civ_misc
b. p.,1571,other/unknown
sc.ie,1570,crim_sessions
as indigent,1568,other/unknown
the special criminal case under the pocso act.,1566,crim_sessions
mjc(criminal),1565,crim_magisterial
civil revn.,1564,civ_misc
misc. criminal case,1563,crim_magisterial
127 cr. p.c.,1561,crim_magisterial
misc dj adj,1558,civ_misc
civil misc/46,1557,civ_misc
td,1554,other/unknown
com.case,1554,other/unknown
cri.revision,1554,crim_magisterial
s.c,1549,crim_sessions
sw,1548,other/unknown
application pga,1540,other/unknown
g.o excise,1538,crim_magisterial
misc. regular,1536,civ_misc
cril misc zima,1536,civ_misc
ma,1534,other/unknown
r.p,1533,other/unknown
1 c.c.,1532,crim_magisterial
spl. t,1530,other/unknown
c r( excise act),1526,crim_magisterial
mact166,1525,civ_mact
bail application (h),1525,crim_bail
i a,1522,other/unknown
n. i. (cr) case,1520,crim_magisterial
eocc,1520,other/unknown
defective misc.,1517,civ_misc
sc criminal,1514,crim_sessions
cri. rev,1505,crim_magisterial
scc eletctricity act,1503,other/unknown
juv.case,1490,other/unknown
spl. st ndps,1490,crim_sessions
transfer appl,1488,civ_misc
civil misc. reg 74,1487,civ_misc
misc  appln acb,1483,civ_misc
b.k.g.p,1478,other/unknown
cril. f.r.,1477,other/unknown
criminal misc. /12,1476,crim_magisterial
m.a.c.c,1471,civ_mact
rca scj,1471,civ_misc
bail application (misc. crl.),1463,crim_bail
civil misc. cases,1462,civ_misc
t.a. criminal,1462,crim_magisterial
p & sc,1459,crim_sessions
crappeal,1459,crim_magisterial
civil suit.,1458,civ_suit
cri rev,1457,crim_magisterial
l.a.c..,1455,civ_misc
spl.kptcl,1451,other/unknown
electricity act cases,1450,crim_magisterial
j.misc,1446,civ_misc
misc  petition/adopt,1445,civ_misc
execution civil,1445,civ_execution
misc.case-ii,1445,civ_misc
r p,1440,other/unknown
civil suit b,1439,civ_suit
misc case 125,1439,civ_family
mact(injure,1437,civ_mact
c. r. case,1436,other/unknown
spl. case (sc / st act),1433,crim_sessions
medapp lc,1427,other/unknown
pri,1426,other/unknown
money appeal,1425,civ_misc
gr baksa,1425,crim_magisterial
c.a.,1424,civ_misc
spl. case ndps  act,1424,crim_sessions
civil  appeal,1423,civ_misc
misc. civil case,1422,civ_misc
appeal ic,1421,civ_misc
c.p.,1421,other/unknown
cri. reg. case,1420,crim_magisterial
g.r cases,1419,crim_magisterial
ss cases   w,1415,crim_magisterial
police  challan,1415,crim_magisterial
cri. rev application,1414,crim_magisterial
petition no a,1408,civ_misc
counter claim,1407,other/unknown
m a c( injury),1406,other/unknown
appln wca b,1402,other/unknown
cr.revision,1400,crim_magisterial
land ref.,1398,other/unknown
sessions trial(n),1388,crim_sessions
gangaster act,1388,other/unknown
i.a/ c.m.a,1387,other/unknown
criminal miscilaneou,1386,crim_magisterial
government official complaint  case,1385,crim_magisterial
cr (m.v.),1382,crim_magisterial
i. c. c.,1381,crim_magisterial
eviction suit,1376,civ_suit
290 i.p.c,1376,other/unknown
fr session,1372,crim_sessions
information,1367,other/unknown
cs(ii),1364,civ_suit
m.p.case,1363,other/unknown
session cases,1362,crim_sessions
cm(38),1360,other/unknown
police cases h,1359,crim_magisterial
spl. case(sc/st act),1358,crim_sessions
private complaint,1357,crim_magisterial
judl misc,1357,civ_misc
m.j.c. - criminal,1350,crim_magisterial
pocso case,1349,crim_sessions
cril. misc. bail,1347,crim_bail
appln.wca.b,1344,other/unknown
i c c,1343,crim_magisterial
f.i.r.,1341,other/unknown
misc. guardianship,1341,civ_family
misc. ( j ) case,1338,civ_misc
org maintenance case,1338,civ_family
partition suit/title suit,1337,civ_suit
f a o,1333,other/unknown
3.title appeal,1332,civ_misc
cri. appln. no. e,1331,crim_magisterial
g r file,1330,crim_magisterial
suit for per. proh. inj.,1330,civ_suit
jda appeal,1324,civ_misc
c. m.,1323,other/unknown
exe. c.t.,1321,civ_execution
p.s.,1319,other/unknown
misc-civil,1319,civ_misc
miscllaneous,1318,civ_misc
n.i. act,1314,crim_ni138
criminal regular case (summon),1314,crim_magisterial
application u/s 488 crpc,1311,other/unknown
reference petition,1310,civ_misc
moter accident claim tribunal,1309,civ_mact
misc civil application,1309,civ_misc
misc. civil 70,1308,civ_misc
succesion cert. case,1303,other/unknown
2.money suit,1300,civ_suit
comm cs,1300,civ_suit
judge small cause court case,1296,other/unknown
m.v claim cases,1295,civ_mact
prcpt,1295,other/unknown
claim case mact,1294,civ_mact
c r t,1294,other/unknown
m.,1292,other/unknown
xxxxxbail,1290,crim_bail
complaint.ulp,1287,crim_magisterial
guardian  wards case,1286,civ_family
child act,1286,other/unknown
rcr,1280,other/unknown
injunction o-39  r1  2,1277,other/unknown
mact (injury case),1276,civ_mact
w/m act,1276,civ_mact
i cc,1276,crim_magisterial
applications,1276,other/unknown
c r case ( warrant ),1275,crim_magisterial
civil misc case,1275,civ_misc
land acquisition act,1275,civ_misc
j r,1272,other/unknown
mr,1272,other/unknown
155-2,1271,other/unknown
n.i. act 138,1270,crim_ni138
petition b,1269,civ_misc
t s ( m a c ),1268,other/unknown
civil m. (38),1266,civ_misc
police chalan (summan trail),1266,other/unknown
special pocso case,1266,crim_sessions
misc. case ( domesti,1263,civ_misc
cr. misc.bail appln.,1258,crim_bail
gua.suc.,1256,other/unknown
succession act.,1255,civ_misc
trafficcases,1254,crim_magisterial
spl.case(kptcl),1252,crim_sessions
m a c t case,1252,civ_mact
insolvency case,1249,civ_misc
reference o,1246,other/unknown
m,1244,other/unknown
appln. ida,1242,other/unknown
j. j. b.,1242,other/unknown
pet. civ. m. a.,1241,other/unknown
misc70,1240,civ_misc
misc case preemption,1240,civ_misc
s.r,1239,other/unknown
c.r case,1239,other/unknown
misc. probate,1238,civ_misc
misc case us 125 127 cr p c,1237,civ_family
civil m. 41,1234,civ_misc
complaint ipc or pvt. complaint,1231,crim_magisterial
3.criminal revision,1231,crim_magisterial
motor vehicles act,1229,crim_magisterial
mvc ep,1227,civ_mact
cr. riv,1227,crim_magisterial
complaints,1226,crim_magisterial
p.c.r,1223,crim_magisterial
exr,1223,other/unknown
mact (death case),1222,civ_mact
petition no.f,1221,civ_misc
crl.t,1220,crim_magisterial
comp  138 nia,1219,crim_ni138
c.r,1218,other/unknown
m c r,1217,other/unknown
regular bail.,1217,crim_bail
01 bail_application,1212,crim_bail
appln.wca.i,1211,other/unknown
166 mva,1210,other/unknown
cr. misc.(z),1210,crim_magisterial
splcc,1209,other/unknown
sst (sc/st),1206,crim_sessions
3.title execution,1205,civ_execution
transfer,1204,civ_misc
b.app. gangster,1203,other/unknown
informatory petition,1202,civ_misc
misc. cases for dj and adj,1202,civ_misc
mac execution,1201,civ_execution
original civil suits(j.d),1196,civ_suit
04 complaint cases,1196,crim_magisterial
misc application,1194,civ_misc
t a,1191,other/unknown
misc judicial case,1185,civ_misc
xxxxos,1185,other/unknown
sc cbi,1185,crim_sessions
c. s.,1183,civ_suit
"injunction o-39 , r1",1178,other/unknown
d.v.,1177,other/unknown
macrp,1177,other/unknown
condn of delay-ulp,1176,other/unknown
g r case ( warrant),1174,crim_magisterial
c.f,1174,other/unknown
criminial application no e,1173,crim_magisterial
general register no.,1172,other/unknown
s c c  suit,1171,crim_sessions
oth. misc.appli. cri,1171,crim_magisterial
c m,1170,other/unknown
revocation case,1170,other/unknown
mta,1165,other/unknown
c.t. (ss),1165,crim_magisterial
cri mis case,1164,crim_magisterial
rev,1163,other/unknown
claim execution,1161,civ_execution
compt.,1160,other/unknown
cril (p),1160,other/unknown
ta civil,1160,civ_misc
cspdcl case,1160,other/unknown
misc civil (non-connected),1159,civ_misc
small cause,1158,other/unknown
title.part.evic suit,1157,civ_suit
cs a,1157,civ_suit
doc. filing criminal,1156,crim_magisterial
"title suit, sd",1155,civ_suit
ejex,1155,other/unknown
misc. case reg. 70,1154,civ_misc
"u,i",1153,other/unknown
xxxx--cri. case,1150,crim_magisterial
cr(m.v.),1150,crim_magisterial
c.m.appl.,1140,other/unknown
c1(cp),1140,other/unknown
cril. misc.,1139,civ_misc
spl. session case,1138,crim_sessions
ndps case,1136,crim_sessions
civil misc (not related),1136,civ_misc
s r,1135,other/unknown
p.a. cases,1131,other/unknown
446 crpc,1130,other/unknown
excise gr gaya,1128,crim_magisterial
appln esi,1127,other/unknown
135 eletracity,1125,other/unknown
police report case (prc),1123,crim_magisterial
arbitration r.d.,1123,civ_misc
mjc c,1123,other/unknown
crl.misc f.c,1123,crim_magisterial
delay appln pga,1121,other/unknown
suit for perm injuct,1120,civ_suit
488 cr. p.c,1119,crim_magisterial
drc - dra case,1118,other/unknown
misc case  t,1117,civ_misc
succession cases,1116,civ_misc
title suit (d),1116,civ_suit
comp.ulp,1114,other/unknown
ex macc,1114,civ_mact
crl.mp ele/pocso,1114,crim_sessions
js,1113,other/unknown
eacc,1113,other/unknown
complaint case (o),1113,crim_magisterial
cr. misc. (ab),1112,crim_magisterial
cril. (p) case,1110,other/unknown
op oth,1109,civ_misc
special trial daa,1107,crim_sessions
sst (daa),1105,other/unknown
c.t. spl.,1105,other/unknown
appln.-wca-i,1103,other/unknown
comp.under section 138 nia,1103,crim_ni138
a.o.,1101,other/unknown
c.m.a.,1100,civ_misc
g  and  wc,1098,other/unknown
sessions ( spl.),1098,crim_sessions
injunction o39  r1 2,1097,other/unknown
r f a,1093,other/unknown
m ex case,1091,other/unknown
p.mis.,1089,other/unknown
csi,1088,other/unknown
pocso m a,1088,crim_sessions
maintinence 128 cr.pc,1087,crim_magisterial
pop,1086,other/unknown
spl. sc/st case,1085,crim_sessions
spl t electricity,1085,other/unknown
complaint ulp-301,1082,crim_magisterial
mact claim case,1082,civ_mact
f.d.p,1081,other/unknown
spl.gst case,1079,other/unknown
reg. misc. non connected,1078,civ_misc
m.j.c. (civil),1078,civ_misc
cri case mv acjm k,1078,crim_magisterial
session trail ipc,1075,crim_sessions
matrimonial (restitution/divorce),1074,civ_family
rent control act,1074,civ_misc
misc case (criminal),1073,crim_magisterial
u.i(r),1072,other/unknown
police chalan,1071,other/unknown
stay application,1069,other/unknown
civil mjc,1068,civ_misc
execution  petition (civil),1068,civ_execution
title suit (m),1066,civ_suit
ata,1064,other/unknown
civil appeal ppe,1063,civ_misc
claims u / s 166 m v act,1061,crim_magisterial
g r (s),1061,crim_magisterial
m.a.c.t. execution,1061,civ_mact
s. c. c.,1061,crim_sessions
lcr,1058,other/unknown
civil misc(r),1058,civ_misc
criminal case numb.,1058,crim_magisterial
misc 38,1056,civ_misc
2(c) c.c.,1056,crim_magisterial
spcl. st,1053,crim_magisterial
m.a. in sessions,1053,crim_sessions
prevention cruelty animal act,1052,other/unknown
m.p case,1052,other/unknown
miscs,1052,civ_misc
title suit( matrimonial),1051,civ_family
r. c. c.,1051,crim_magisterial
mp.,1049,other/unknown
cril. complaint,1048,crim_magisterial
rent  appeal,1047,civ_misc
misc.  appeal,1046,civ_misc
spl. case(up excise act),1046,crim_sessions
domestic violence act,1044,other/unknown
summons warrent  cases sw,1042,crim_magisterial
challan.,1042,crim_magisterial
org. maintenance case,1041,civ_family
misc. case.,1041,civ_misc
misc criminal cases,1041,crim_magisterial
execution petitions,1040,civ_execution
xxxxwarrant,1039,crim_magisterial
a.bir.r.m,1038,other/unknown
crl. rev,1038,crim_magisterial
mcr,1037,other/unknown
calandra,1036,other/unknown
m a c t ( death ),1035,civ_mact
crl.motion,1035,crim_magisterial
misc.case.,1032,civ_misc
complaint case( c r),1031,crim_magisterial
mac org,1031,other/unknown
untr,1030,other/unknown
le,1027,other/unknown
maintenance488,1026,civ_family
misc (j) case,1024,civ_misc
civil misc  case,1024,civ_misc
weight and management act,1024,other/unknown
"special case,excise complaint (o)",1021,crim_sessions
civil   suit,1021,civ_suit
misc. / 7,1018,civ_misc
criminal appeals,1017,crim_magisterial
declarative suit,1016,civ_suit
misc. civil appeal for dj and adj,1016,civ_misc
sc t1,1015,crim_sessions
crlrp.mu,1013,crim_magisterial
appln.wca  a,1009,other/unknown
misc petition,1007,civ_misc
exe.civil case,1007,civ_execution
mr ex.,1006,other/unknown
lac misc.,1006,civ_misc
spl. st sc/st,1005,crim_sessions
rewa,1002,other/unknown
other act,1001,other/unknown
op money,1000,civ_misc
matrimonial  petition,999,civ_family
ss case sw,998,crim_magisterial
2 (b) c.c.,998,crim_magisterial
review appln.,995,other/unknown
summons for judgement,995,crim_magisterial
complaint..,992,crim_magisterial
c.r. case,989,other/unknown
spl trial ec/act,989,other/unknown
g.o,988,other/unknown
mact(death),988,civ_mact
police act.,988,other/unknown
misc.  civil  appeal,987,civ_misc
electricity case,985,other/unknown
t.a. civil,985,civ_misc
small cause suit,982,civ_suit
reference it,979,other/unknown
divo cases,979,other/unknown
t. s. ( div. ),979,other/unknown
cri. miscellaneous,978,crim_magisterial
government official complaint case,977,crim_magisterial
actviii,977,other/unknown
exe appln,976,civ_execution
p.c,975,other/unknown
2acc,973,other/unknown
domestic voilenceact,973,other/unknown
session trial sc/st act,969,crim_sessions
compl--ulp.,966,other/unknown
s.c.c.revision,965,crim_sessions
transfer application (civil),964,civ_misc
l.r.m.a.,961,other/unknown
misc. application,961,civ_misc
crl. apl.,959,crim_magisterial
special case pocso,959,crim_sessions
dom viol,958,other/unknown
ref,957,other/unknown
criminial recovery appl er,955,crim_magisterial
(m) t.s.,955,other/unknown
j.g.r,955,crim_magisterial
inquiry case,955,other/unknown
spl.m.a. child prot.,955,other/unknown
matrimonial petition,955,civ_family
cfr,953,other/unknown
criminal trial - excise,952,crim_magisterial
rent suits,951,civ_suit
e/c act,950,other/unknown
fd,949,other/unknown
488,946,other/unknown
title suite (d),945,civ_suit
mact 166,945,civ_mact
hmg act,945,other/unknown
140 interim(civil),943,civ_misc
cr. case comp (o),942,crim_magisterial
s c c ex.,942,crim_sessions
5.mjc,940,other/unknown
esi.op,938,other/unknown
rent misc/23,938,civ_misc
appln. wca a,936,other/unknown
cmp(ex),936,other/unknown
complaind,936,other/unknown
b.a.,935,crim_bail
mun.appeal,933,civ_misc
spl.session trial,930,crim_sessions
s c c  138 of ni act,929,crim_ni138
bail  application,929,crim_bail
sessiion case,928,other/unknown
civil appeal regular,925,civ_misc
land acquisition case,924,civ_misc
exicse complaint case,924,crim_magisterial
special case(pocso),924,crim_sessions
m a  pga,922,other/unknown
special case elecricity act.,921,crim_sessions
2(a)c.c,919,crim_magisterial
application esi,918,other/unknown
suit for special performance of contract,917,civ_suit
anticipatory bail pe,915,crim_bail
civil misc. (a.i.r.),914,civ_misc
ikht-tami,912,other/unknown
c.c.rtn,910,crim_magisterial
misc 41,910,civ_misc
compt. cases,910,other/unknown
u r case,909,other/unknown
p w,907,other/unknown
m.v.c,906,civ_mact
mt. cases,906,other/unknown
s.c.s.,905,crim_sessions
2.rcp,904,other/unknown
s. t,903,crim_magisterial
judl.misc.,902,civ_misc
title suit (matrimonial),901,civ_family
ref ida,900,other/unknown
comp.w.f.,898,other/unknown
misc(j.),898,civ_misc
spl. case (sc/st),898,crim_sessions
mr execution,897,civ_execution
divorce on mutual co,897,civ_family
g w,895,other/unknown
session chalan,894,crim_sessions
13 rpgo,893,other/unknown
civil misc. t. a.,893,civ_misc
misc.( j),891,civ_misc
"criminal complaint(p),raxaul",891,crim_magisterial
misc. /70,889,civ_misc
sc/st act,887,crim_sessions
elecop,886,other/unknown
misc  appln  mcoc,886,civ_misc
l a reference case,884,civ_misc
recovery suit,884,civ_suit
application (ida),883,other/unknown
injunc. appli./ other misc( j),882,civ_misc
originalmaintenancecase,882,civ_family
appln wca c,881,other/unknown
civil misc. c. succ.,881,civ_misc
arb.execution,880,civ_execution
regular cr cjm,879,crim_magisterial
application ida,878,other/unknown
civil reg.  appeal,877,civ_misc
misc. case reg. 74,874,civ_misc
rent appealo,871,civ_misc
misc. ( criminal),870,crim_magisterial
cm.38,869,other/unknown
arbitration objection,868,civ_misc
civil misc. reg. 41,868,civ_misc
cmp,868,other/unknown
2(a)cc(r),868,crim_magisterial
revision application ulp,867,other/unknown
125(3)-crpc,865,civ_family
sip,865,other/unknown
criminal misc. cases,864,crim_magisterial
spl. criminal case,862,crim_magisterial
rent control case,860,civ_misc
arbitration1,860,civ_misc
payment of wages act,859,other/unknown
gambling act,858,other/unknown
mhop,857,other/unknown
cs(fd),857,civ_suit
criminal police act case,857,crim_magisterial
i.c.,856,other/unknown
civil misc. reg.74,856,civ_misc
application (pga),856,other/unknown
civil misc.(38),855,civ_misc
misc. civil appeals reg-81,855,civ_misc
sebi spl case,855,crim_sessions
l a  case.,854,civ_misc
crl j apl,853,crim_magisterial
m v case,853,other/unknown
niact,853,crim_ni138
property (land) suit,852,civ_suit
civil. exex.,852,civ_misc
private compliant,852,other/unknown
criminal bail cancellation,851,crim_bail
complaints case,850,crim_magisterial
complaint of min. wages act.,849,crim_magisterial
hindu adp.,848,other/unknown
cri. rev .,846,crim_magisterial
exec.,845,other/unknown
mjc-r,845,other/unknown
delay condonation appl,843,other/unknown
sc/st  case,843,crim_sessions
misc. civil cases.,843,civ_misc
4.money execution,843,civ_execution
exe 125 cr.p.c.,842,civ_family
comp  ulp,841,other/unknown
civil misc. connect,841,civ_misc
change lc,841,other/unknown
air.mis.mvc,841,civ_mact
misc. arbitration,839,civ_misc
misc cases a o-9  r-4  b o-9,838,civ_misc
civil orginal suit,835,civ_suit
cr app,833,crim_magisterial
workman's compensation act,833,other/unknown
cond. of delay ulp,832,other/unknown
comp.  138 ni act,832,crim_ni138
muslim law,832,other/unknown
p.o.c from sex. offence act,832,other/unknown
misc. appl. birth,832,civ_misc
appln  pga,831,other/unknown
civil misc.case,830,civ_misc
spl. case no.,830,crim_sessions
cri. r.,830,crim_magisterial
commercial suit,830,civ_suit
spl t scst,829,other/unknown
hma 24,829,civ_family
special trail (e.a.),828,other/unknown
complaint p,827,crim_magisterial
civil misc 38,827,civ_misc
misc. cases for cj,827,civ_misc
spl.case ats,826,crim_sessions
civ.appl.,825,other/unknown
488 cr.p.c,824,crim_magisterial
criminal misc. 438,823,crim_magisterial
elep,822,other/unknown
civil suit class b,822,civ_suit
p.a,821,other/unknown
air.misc.,821,civ_misc
rev31 lc,820,other/unknown
2.criminal appeal,818,crim_magisterial
special trial electrical,816,crim_sessions
petition  c,815,civ_misc
sessions case  t ii,815,crim_sessions
ni act (cheque bounce),815,crim_ni138
refer d lc,815,other/unknown
macc (exe),814,civ_mact
misc( j) case,813,civ_misc
cri. misc. (bail application),813,crim_bail
crl. misc,812,crim_magisterial
mact ( injuiry case),807,civ_mact
cr. exe,807,crim_magisterial
spl sc/st (poa) act,806,crim_sessions
t.cri.m.a.,805,crim_magisterial
special cr,802,crim_magisterial
private summons sw,800,crim_magisterial
civil miscllaneous,800,civ_misc
cr. motion,800,crim_magisterial
mesne profit,799,other/unknown
contempt proceeding,798,other/unknown
crl.m.crel,798,crim_magisterial
cr.bail  438,798,crim_bail
rca civil dj adj,795,civ_misc
rgo,794,other/unknown
op adptn,793,civ_misc
"misc.case 125 crpc, 127 crpc",793,civ_family
criminal misc 446,793,crim_magisterial
indiga,792,other/unknown
m.a.c.c.,791,civ_mact
omp (i)(comm.),790,other/unknown
lec,789,other/unknown
sessions case(others),789,crim_sessions
488 m,788,other/unknown
bat maap,787,other/unknown
plc,787,other/unknown
p  and sc,785,crim_sessions
application it,784,other/unknown
spl. case( mseb),784,crim_sessions
excise.s.case (c2a),782,crim_magisterial
obj,781,other/unknown
d v,781,other/unknown
cri. ap.,780,crim_magisterial
c.m.(r),778,other/unknown
os wakf,776,civ_suit
samman,776,other/unknown
title mortgage suit,775,civ_suit
original civil suits 52,775,civ_suit
cr. app.,775,crim_magisterial
xxxxcri.misc.app,775,civ_misc
cs (comm),775,civ_suit
m appeal,774,civ_misc
juvenile cri.ma,774,crim_magisterial
appl. decree,772,other/unknown
original civil suits(s.d.),770,civ_suit
special session tria,770,crim_sessions
spl. s t atrocity,770,crim_magisterial
civil misce 70,769,civ_misc
cri.rec app no. er,768,crim_magisterial
2 (b)cc,768,crim_magisterial
xcomplaint case,766,crim_magisterial
arbitration execution,765,civ_execution
mwapp lc,765,other/unknown
suit for s.p.,763,civ_suit
criminal m.a.,762,crim_magisterial
civil misc 41,761,civ_misc
rca 9,761,civ_misc
xxxxcomplaint,760,crim_magisterial
u. i case,759,other/unknown
c1,757,other/unknown
138 niact complaint,755,crim_ni138
civil appeal(civil),754,civ_misc
petition  d,753,civ_misc
sikkim police act cases,753,other/unknown
04 criminal misc,752,crim_magisterial
civil misc (nr),752,civ_misc
misc. m.a.c.t,752,civ_mact
spl.csc/st,751,crim_magisterial
misc criminal revision,751,crim_magisterial
mv claim,750,other/unknown
appeal 2a,748,civ_misc
remand appln  mcoc,748,other/unknown
bail appl.,748,crim_bail
petition no f,747,civ_misc
mact cases,747,civ_mact
restoration of conjugal rights,747,other/unknown
miscapp it,747,civ_misc
arb.p.,746,other/unknown
r. f. a.,745,other/unknown
referance,743,other/unknown
m.a,743,other/unknown
c.m.41,743,other/unknown
injunc  appli and other misc j,742,civ_misc
misc civil suit,742,civ_suit
pc act,741,other/unknown
cm unrelated (38),740,other/unknown
other appeal,740,civ_misc
rsuit,740,civ_suit
sessions  case,740,crim_sessions
s.c.c. revision,739,crim_sessions
special case ( electricity),738,crim_sessions
crp,738,other/unknown
interim application,738,other/unknown
spl.c. jjb,737,other/unknown
2 (c) c . c,736,other/unknown
co-operative reference,736,other/unknown
cril misc z,736,civ_misc
misclaneous,735,civ_misc
scors,734,other/unknown
hindu adp,733,other/unknown
mact main cases,732,civ_mact
cr.p.c 488,732,crim_magisterial
pacso,732,other/unknown
crma-s,730,crim_magisterial
spl execise act,726,other/unknown
m.a.claim cases,725,civ_mact
application (wca) a,724,other/unknown
m a c( death),724,other/unknown
excise p.s. gaya,724,crim_magisterial
ac cri.m.a.,723,crim_magisterial
sessions case type-i,723,crim_sessions
1c.c. case,723,other/unknown
prob,722,other/unknown
6.act viii miscellaneous case,720,civ_misc
ml,720,other/unknown
mis cri app,720,crim_magisterial
cri.rev,719,crim_magisterial
cri appl,718,crim_magisterial
l. a.,716,civ_misc
m.j.c. civil (family court),716,civ_family
spl.c(sc/st act,714,crim_sessions
eviction appeal,714,civ_misc
g.r spt i,713,crim_magisterial
fc (civil),713,civ_misc
execution rent,713,civ_execution
cril misc f.r,713,civ_misc
mis.125(3) cr.p.c,711,civ_family
iop,710,other/unknown
civil misc. non con,710,civ_misc
mat. case,710,other/unknown
ejectment execution,710,civ_execution
marrige petition,710,civ_misc
s.s.t. (d.a.a.),709,crim_magisterial
cm 38,709,other/unknown
air. misc.,708,civ_misc
8.mc,707,other/unknown
comm ex,707,other/unknown
crl misc application t,707,crim_magisterial
spl.trialelectricity,703,other/unknown
civil mislenous,702,civ_misc
session trail,702,crim_sessions
insolvency,701,civ_misc
sc eow,701,crim_sessions
hindu adaptation and maint case,701,other/unknown
spl. g.r case,699,crim_magisterial
dra,698,other/unknown
complaint 138 n.i. act,698,crim_ni138
misc civil case(reg 74),698,civ_misc
weight and measurement act,697,other/unknown
land acquisition,697,civ_misc
tax appeal,697,civ_misc
cma - rji-civil,695,civ_misc
cri. revi.,694,crim_magisterial
civil misc.(mact),693,civ_mact
revision appln.ulp.,692,other/unknown
succession certificate case,692,civ_misc
application,692,other/unknown
pet. cri. m. a.,691,crim_magisterial
misc. ( motor accident case ),690,civ_mact
c.o,690,other/unknown
9.mc,687,other/unknown
trrafic,687,other/unknown
misc. cri application,686,crim_magisterial
criminal trial [excise],684,crim_magisterial
t r case,683,other/unknown
civil original suit,682,civ_suit
misc. civil /70,681,civ_misc
appeals criminal,680,crim_magisterial
spl. case (n.d.p.s.),679,crim_sessions
pfa,679,other/unknown
shop act,679,other/unknown
exacise act,678,other/unknown
reco33c 1 lc,678,other/unknown
m.a.c.c. execution,677,civ_mact
civil orginal,676,civ_misc
spl.trail daa act,676,other/unknown
g.o.c.,675,other/unknown
civil suit(immorable),675,civ_suit
kid 10 4(a),674,other/unknown
maintanance petition 128 crpc,674,civ_misc
mac misc.,674,civ_mact
reg cr  2nd cj i,674,crim_magisterial
arbitration petition,670,civ_misc
complaint.,670,crim_magisterial
2(c)c.c.,669,crim_magisterial
spl. case(weight  m,667,crim_sessions
criminal m a,666,crim_magisterial
petition  cri. m.a.,661,crim_magisterial
pure misc.,661,civ_misc
m.a.c.t. exec.,660,civ_mact
crl (misc),660,crim_magisterial
sess.c,659,other/unknown
cr.mc,659,crim_magisterial
mjc criminal cases,657,crim_magisterial
domestic violence ac,656,other/unknown
gr summon,656,crim_magisterial
cri revision,655,crim_magisterial
regular first appl.,655,other/unknown
crl rev. petition,654,crim_magisterial
mact ex,653,civ_mact
crlma,653,crim_magisterial
ts (matrimonial),653,civ_family
drugs and cosmetics act,651,other/unknown
reg. darkhast,650,other/unknown
gw act,650,other/unknown
excise p.s. sherghati,648,crim_magisterial
original suit(n),647,civ_suit
maintenance u/s 125 cr.p.c.,647,civ_family
misc appeal,647,civ_misc
mseb ma,647,other/unknown
cri. transfer petet,647,crim_magisterial
miscellaneous case,646,civ_misc
s.t. sada,646,crim_magisterial
cril misc. case,646,civ_misc
140mva,644,other/unknown
civil mics 46,644,civ_misc
matri case,644,other/unknown
m.j.c.(criminal),644,crim_magisterial
c t,644,other/unknown
2(b) c.c.,643,crim_magisterial
reg. execution,643,civ_execution
spl case posco act.,643,crim_sessions
ts partition,643,other/unknown
2(a) c.c,642,crim_magisterial
ejectment appeal,642,civ_misc
ida,641,other/unknown
crl.m.cbail,641,crim_bail
application (wca) c,640,other/unknown
mis apln,640,other/unknown
sessions case type 1,640,crim_sessions
m-ex,638,other/unknown
warrant cases,638,crim_magisterial
special trial sc st,637,crim_sessions
j. g. r,637,crim_magisterial
civil suit (b),636,civ_suit
bora,635,other/unknown
sc-ele,635,crim_sessions
criminal appeal(n),634,crim_magisterial
restoration misc.,634,civ_misc
cril (m),634,other/unknown
civil misc. reg. 38,633,civ_misc
rev. misc.,633,civ_misc
bail_application,633,crim_bail
criminal misc. t. a.,633,crim_magisterial
r.e.v. (rent),632,civ_misc
spl. (elect.),632,other/unknown
el.pet.,632,other/unknown
cril. misc. f.r.,632,civ_misc
crl.appeal,629,crim_magisterial
macp misc,629,civ_mact
reg. misc non connected,629,civ_misc
"a,i,r",627,other/unknown
electricity act spl. cases,627,crim_sessions
op ptrl,625,civ_misc
r.p.,624,other/unknown
p.f.a act,623,other/unknown
execution.,623,civ_execution
spl  case electricity,621,other/unknown
g and wc.,620,other/unknown
m.r. case,620,other/unknown
spl.sessions trial,619,crim_sessions
misc. adoption case,618,civ_misc
m a c t act,617,civ_mact
mvc.ex,616,civ_mact
suit for permanent injuction,616,civ_suit
wild life act,616,other/unknown
cm related (41),616,other/unknown
suit for ppi,615,civ_suit
manoranjan kar adhiniyam,615,other/unknown
c.c.p.,614,crim_magisterial
"partition suit, sd",614,civ_suit
excise case (session),614,crim_sessions
summan trial,614,other/unknown
d.p. act,614,other/unknown
b.k.g,613,other/unknown
spl case acb,612,crim_sessions
j.g.r. case,612,crim_magisterial
rp(up) act,612,other/unknown
release application,612,other/unknown
c spl,612,other/unknown
std. rent appln.,610,civ_misc
criminal misc case (bail),610,crim_bail
misc.appln,609,civ_misc
ex reg,609,civ_execution
"restoration of suits 0-9 r-4 , 0-9 , r -9",608,civ_suit
rent misc/74,608,civ_misc
misc rc arc,607,civ_misc
f act,606,other/unknown
regular civil appeal for dj adj,606,civ_misc
civilmisc la,605,civ_misc
transfer application (criminal),604,crim_magisterial
motor acc claim case,603,civ_mact
juvenile act,603,other/unknown
mact claim (166 m.v. act),603,civ_mact
s t type 2,603,crim_magisterial
xcriminal case,603,crim_magisterial
complaint (ulp),602,crim_magisterial
corruption case,602,other/unknown
civil-ex,602,civ_misc
succession certificate,601,civ_misc
sc st act,601,crim_sessions
workmans compensation act,599,other/unknown
crl.revision,599,crim_magisterial
petition  civil m.a.,598,civ_misc
ikhtitami,598,other/unknown
mjc  execusion,598,other/unknown
v.o.s.,598,civ_suit
cr n i act,597,crim_ni138
m crl,597,crim_magisterial
op ele,596,civ_misc
criminal misc. application,596,crim_magisterial
sc.pcs,596,crim_sessions
scc rev,595,other/unknown
misc dj asj,594,civ_misc
g & wc,593,other/unknown
original suit hawali,593,civ_suit
mat. suit,593,civ_suit
b.app. pocso,593,crim_sessions
reco. appln. ulp,592,other/unknown
gangester act,592,other/unknown
suit for decleration,592,civ_suit
tex,592,other/unknown
sc st case,591,crim_sessions
g.s.t.,591,crim_magisterial
t.r.,591,other/unknown
juv,591,other/unknown
mat (dec),591,other/unknown
spl. case elect.,591,crim_sessions
criminal misscellaneous,591,crim_magisterial
orig. mantenance cas,590,other/unknown
suit for decl. and permanent inj,590,civ_suit
bail application_@,590,crim_bail
s. s .t. ( sc/ st act),589,crim_sessions
u/s 488,589,other/unknown
title/ partition appeal,588,civ_misc
spl pocso case,587,crim_sessions
l.a.,584,civ_misc
ex m,584,civ_execution
crva,584,other/unknown
l.a. misc case,584,civ_misc
manrji,583,other/unknown
cri rev.,582,crim_magisterial
po.cha,581,other/unknown
misc ( succession),580,civ_misc
spl sc,580,crim_sessions
the special criminal case under the pocso act,580,crim_sessions
review petition,579,civ_misc
c o cases,577,other/unknown
civil appeal a class,577,civ_misc
land acq. cases,576,civ_misc
cr.appl.,576,crim_magisterial
indian penal code,576,other/unknown
complaint criminal case,576,crim_magisterial
petition  b,575,civ_misc
frs,575,other/unknown
misc.civil cases,575,civ_misc
c-7,573,other/unknown
cs b,573,civ_suit
ref lcidat,572,other/unknown
arbitration act.,571,civ_misc
regular mis,571,other/unknown
p. a. suit,571,civ_suit
civil appeal  order,571,civ_misc
mact  166,571,civ_mact
c r case ( summon ),570,crim_magisterial
crl. revision,570,crim_magisterial
release aplication,570,other/unknown
spl.3.sc/st,570,crim_sessions
t.p. civ,570,other/unknown
2(b)c c,569,crim_magisterial
sessions    case,569,crim_sessions
misc.app. wca,568,civ_misc
claim cases mac,568,civ_mact
excise.s.case (gr),568,crim_magisterial
s t type 1,568,crim_magisterial
d and i,566,other/unknown
misc. crl(446),566,crim_magisterial
t.s,565,other/unknown
car,565,other/unknown
exe-r,565,civ_execution
m.r. execution,564,civ_execution
idact of s10,562,other/unknown
sa,562,other/unknown
petition u/s 156(3) cr.p.c.,562,crim_magisterial
cii,561,other/unknown
civil  misc. appl.,561,civ_misc
cril. misc. ab.,561,civ_misc
money execution(arbitration),560,civ_execution
sw cases,559,other/unknown
mot.acci.claims case,559,other/unknown
execuition criminal,559,civ_execution
spl. c c electricity,559,crim_magisterial
tr(ndps),558,crim_sessions
special case sc/st  act.,558,crim_sessions
misc cases vs 125 crpc,557,civ_family
small cause court,557,other/unknown
rev revn,557,other/unknown
complaint ipc pvt complaint,555,crim_magisterial
succ. cert. case,554,other/unknown
misc. rent,554,civ_misc
s.t. pocso,554,crim_sessions
mact ( death case),553,civ_mact
spl. cri. case (excise),552,crim_magisterial
revision application (ulp),551,other/unknown
setting  aside exparte order 0-9 - r -13,551,civ_execution
juvenile cases,551,other/unknown
"bail pt of  sj, asj",551,crim_bail
industrial misc case,550,civ_misc
ejectment excution,550,other/unknown
comm cma,550,other/unknown
t. a.,550,other/unknown
arb execution,550,civ_execution
l.a.c,549,civ_misc
civil rev.,549,civ_misc
c.m 46,548,other/unknown
s c c revision,548,crim_sessions
c.c.j.,547,crim_magisterial
mnt125 26,547,civ_family
crl.m.c sada-bail,546,crim_bail
c r case ( warrant),545,crim_magisterial
fdia,544,other/unknown
misc.( g),544,civ_misc
fd.prds,544,other/unknown
juvenile ipc,543,crim_magisterial
2(c)cc case,543,crim_magisterial
civil ( exe ),543,civ_misc
mjc  crl,543,crim_magisterial
civil miscellaneous applicat,541,civ_misc
j. j. act.,540,other/unknown
objection petition,540,civ_misc
appeal pga1,540,civ_misc
sessions case(sc/stact.),539,crim_sessions
dr,539,other/unknown
original misc.,538,civ_suit
m.case,537,other/unknown
app. for grant of temp. inj.,536,other/unknown
appln.wca.a,535,other/unknown
2(b)c.c,534,crim_magisterial
d.v.misc. case,534,civ_misc
sra,534,other/unknown
ex( crl),533,civ_execution
criminal cases,533,crim_magisterial
regular misc. case74,533,civ_misc
arbtn cases,533,civ_misc
m s,532,other/unknown
w.c.n.f.a. case,531,other/unknown
excise gr sherghati,531,crim_magisterial
ngr warrant,531,crim_magisterial
civi l  suit,531,civ_suit
complaint case( mv act),530,crim_magisterial
sucession cert. case,529,other/unknown
sc/st.s.case,529,crim_sessions
special g.r.,529,crim_magisterial
civil miss. no. 46,528,civ_misc
p.a. case,528,other/unknown
interim maint. app.,528,other/unknown
n.g.r,528,crim_magisterial
gr.pocso,528,crim_sessions
co-operative appeal,527,civ_misc
misc. civil app.,526,civ_misc
gr-161,526,crim_magisterial
remand appln  mseb,525,other/unknown
op paup,523,civ_misc
ap,523,other/unknown
reg.  cri. case,523,crim_magisterial
misc. criminal applications,523,crim_magisterial
c3,522,other/unknown
police challahn,520,other/unknown
p. s. t.,520,crim_magisterial
spl.case(p.o.c.s.o act),520,crim_sessions
pwa,519,other/unknown
l.c.r.,518,other/unknown
mact-misc,518,civ_mact
workman compensation act,516,other/unknown
t.a,515,other/unknown
crl  misc,515,crim_magisterial
t.a/p.a,514,other/unknown
vigilance case,513,other/unknown
2ndapl esi,513,other/unknown
c. m,512,other/unknown
lac.appeal,512,civ_misc
misc. civil 74,512,civ_misc
lgop,511,other/unknown
spl case (sc/st),511,crim_sessions
misc. civil  application,511,civ_misc
dva,510,other/unknown
mjca,510,other/unknown
s.s.t. pocso,510,crim_sessions
labour cases,509,other/unknown
special case (pc act),509,crim_sessions
surrender-cum-bail petition,509,crim_bail
p w case,508,other/unknown
civil misc. 38,508,civ_misc
application u/s 488,508,other/unknown
5.probate case,508,other/unknown
tra,508,other/unknown
mcoco1999,507,other/unknown
transfer petition,507,civ_misc
crlmc(r),507,crim_magisterial
crl. t (spl.),506,crim_magisterial
crl.trail(hr),506,crim_magisterial
sr cr,506,crim_magisterial
refernce (ida),505,other/unknown
m.a.wca,505,other/unknown
gr-163,505,crim_magisterial
25 arms a.c.t,505,other/unknown
cooperativestay misc,505,civ_misc
grpgr,505,other/unknown
reg misc 74,505,civ_misc
cex,505,other/unknown
jjb.,505,other/unknown
r.appeal,504,civ_misc
s c c rev,503,crim_sessions
i. c.c,503,crim_magisterial
m.c,503,civ_family
bail pitition,503,crim_bail
xxxx156-3(cri misc app.),503,crim_magisterial
motor accident claims casess,502,civ_mact
crl motion,502,crim_magisterial
mislaneous case (criminal),501,crim_magisterial
cri.misc.,501,crim_magisterial
title suit  t,501,civ_suit
ran,500,other/unknown
c.r.a.,500,other/unknown
rly. misc. case,500,civ_misc
civil misc inj,500,civ_misc
jm,500,other/unknown
m .v .a claim cases,499,civ_mact
suit(civil case),499,civ_suit
rfa,498,other/unknown
scst cases,498,other/unknown
cr. m. a. (bail),498,crim_bail
r c p,497,other/unknown
private complain,497,other/unknown
o.c.r.,496,other/unknown
exe. mac,496,civ_execution
spl case (p.o.c.s.o. act.),496,crim_sessions
ld,494,other/unknown
bail appln acb,494,crim_bail
m.c.c. ulp,494,crim_magisterial
m a  wca,494,other/unknown
pocso 2012,494,crim_sessions
session case (cri),494,crim_sessions
criminal mislaneous( criminal case),494,crim_magisterial
misc.civil appeal,494,civ_misc
sc_st,493,other/unknown
suit for permanent inj.,493,civ_suit
misc m.a.c.t mjc,493,civ_mact
e.a.t.,492,other/unknown
e c act,492,other/unknown
f.a.o.,492,other/unknown
sfu,492,other/unknown
complaintcase,491,crim_magisterial
2(b)c.c.,489,crim_magisterial
c. m. a. bail,489,crim_bail
op ha and m,488,civ_misc
t p civ,488,other/unknown
ctr,487,other/unknown
test.cas.,487,other/unknown
sma,487,other/unknown
suit(civil),486,civ_suit
crl app,486,crim_magisterial
regular civil appeal for dj amp adj,486,civ_misc
special case electricity,486,crim_sessions
p.appeal,485,civ_misc
spl. case gangster act,485,crim_sessions
cases under section,484,other/unknown
sumn.trial,483,other/unknown
ob.notice,482,other/unknown
civil appeal  a,481,civ_misc
mcd appl,481,other/unknown
rpia,481,other/unknown
s.c. pocso,481,crim_sessions
t.s.,480,other/unknown
t. r.,479,other/unknown
trf.matters,479,civ_misc
mact (166 mva),478,civ_mact
xxxxfr,478,other/unknown
ceiling appeal,477,civ_misc
m.a.c.,475,other/unknown
app. stay(civil),475,civ_misc
civil suit-a,475,civ_suit
6.succession case,475,civ_misc
c.c.n.,474,crim_magisterial
comp. forest case,474,other/unknown
..mact 166,474,civ_mact
r a,474,civ_misc
civil suit a for cj,474,civ_suit
cri comp,473,crim_magisterial
m.s,473,other/unknown
ref 10.1.c of id act,471,other/unknown
application.,471,other/unknown
oc suit,470,civ_suit
misc petition (156),470,civ_misc
civil misc case h a,470,civ_misc
fao.,469,other/unknown
m.v. case,467,other/unknown
s.c.c.r.,467,crim_sessions
s   t   type 1,467,other/unknown
judicial misc,467,civ_misc
misc crl application,467,crim_magisterial
hmgop,466,other/unknown
mha,466,other/unknown
misc 125 cr p. c.,466,civ_family
misc cases 125 127 crpc,465,civ_family
h ma,465,civ_family
rly. ngr,465,other/unknown
suit for injunction,464,civ_suit
c.c. ulp,463,crim_magisterial
spl. trail gangester,463,other/unknown
rent revision,463,civ_misc
jda reference,463,other/unknown
maha p.i.d. 1999.,462,other/unknown
labour / industrial misc. case,462,civ_misc
bail    application,462,crim_bail
appl.,460,other/unknown
ndps act cases,460,crim_sessions
app. for t. injunction,459,other/unknown
s.t. type1,459,crim_magisterial
c.t. (sessions),459,crim_sessions
eca.,458,other/unknown
motor accident claim cases,458,civ_mact
ta crl,458,crim_magisterial
regular civil appeal for dj and adj,457,civ_misc
488 cr. p c,456,crim_magisterial
criminal misc bail,456,crim_bail
panchyat application,455,other/unknown
appl,455,other/unknown
l.r.(misc case,455,civ_misc
application wca c,454,other/unknown
criminal  mislaneous,454,crim_magisterial
cr dv case,454,crim_magisterial
tla,454,other/unknown
appln.wca.g,453,other/unknown
split  gr   a,453,crim_magisterial
special pocso,453,crim_sessions
cril misc inv.,453,civ_misc
g.s,451,other/unknown
application (wca) b,451,other/unknown
misc crl.,451,crim_magisterial
t. a. criminal,451,crim_magisterial
miscmact,450,civ_mact
misc civil appeal,450,civ_misc
ex-crl,450,civ_execution
civil suit(immorable property),449,civ_suit
posco act,449,other/unknown
s.s.t./ (pocso act.),449,crim_sessions
m.a.c_case,448,other/unknown
civ.ori.,447,other/unknown
civil misc.(civil case),447,civ_misc
xxxxxs t,447,other/unknown
m.j.c. (crl),447,crim_magisterial
civil misc. 140 m.v.act,446,crim_magisterial
pw mis lc,445,other/unknown
misc case-crl.,445,crim_magisterial
m ex,445,other/unknown
cr (mv),445,crim_magisterial
original suit(mts),445,civ_suit
title partition suit,444,civ_suit
mr exn,444,other/unknown
2cc,443,other/unknown
c7,442,other/unknown
referene (it),441,other/unknown
ndps  case,441,crim_sessions
civ misc,438,civ_misc
rent misc.,438,civ_misc
m.a.c.t 140,437,civ_mact
spl.c(sc.st.act),436,crim_sessions
cr. comp case (forest),436,crim_magisterial
s.s.t (ndps),436,crim_sessions
criminal misc case/12,436,crim_magisterial
c.mislaneous,436,other/unknown
m c u/s 457 cr.p.c,436,crim_magisterial
c rev,435,other/unknown
pga,435,other/unknown
rent execuition,434,civ_execution
dom,434,other/unknown
civil suit for dj adj,434,civ_suit
civil misc(41),433,civ_misc
criminal misclaneous,432,crim_magisterial
arb apl,432,other/unknown
application u/s 488 cr.pc,432,crim_magisterial
f.a.o .,431,other/unknown
d.p. misc.,431,civ_misc
civil misc. (r) injuction,431,civ_misc
spl c c pocso,431,crim_sessions
civil appeal (j.d.),430,civ_misc
1c.c. (r),430,other/unknown
cs-bkg,429,civ_suit
op mma,429,civ_misc
cri. misc. case(n),429,crim_magisterial
criminal mislaneous (not in use),429,crim_magisterial
spl.c.c,428,crim_magisterial
exn,428,other/unknown
34 p act,428,other/unknown
claim civil  dj,428,civ_misc
transfer app. 24,427,civ_misc
special case d.a.a act.,427,crim_sessions
pcso act,427,other/unknown
indian forest act.,426,other/unknown
labour misc case,426,civ_misc
n. d. p. s. act.,426,other/unknown
contempt petition,426,civ_misc
m. a. c. p.,426,civ_mact
f/r,426,other/unknown
m v claim,425,other/unknown
c.f.r,425,other/unknown
land acquisition reference,425,civ_misc
app. u/s 488 cr.p.c,425,crim_magisterial
judge small cause co,425,other/unknown
xxxxmaintenance,425,civ_family
sessions case type t ii,424,crim_sessions
mact (death),424,civ_mact
sess (pocso),424,crim_sessions
misc. petition(air),424,civ_misc
cri. reg.,424,crim_magisterial
civ. rev.,423,other/unknown
misc. cases for dj  adj,423,civ_misc
jngr,422,other/unknown
t p suit,421,civ_suit
excuition(civil),421,civ_misc
c.s.(ii),421,civ_suit
ndps m.a..,420,crim_sessions
scc misc,420,civ_misc
reference d lc,419,other/unknown
c i excise,419,crim_magisterial
police act cases,419,other/unknown
c.c.rgd,418,crim_magisterial
spl. case (vig.),418,crim_sessions
declarative suits,418,civ_suit
suite for permanent injunction,418,civ_suit
remand appln  acb,417,other/unknown
spl.ac,417,other/unknown
complaint case (official),417,crim_magisterial
civ. apl.,417,other/unknown
special trail  sc st,417,crim_sessions
iid,416,other/unknown
cmsa,416,other/unknown
criminal revesion,416,crim_magisterial
civil apeal a,416,civ_misc
bm,416,other/unknown
intest case sc t,416,crim_sessions
special,415,other/unknown
civil misc.41 suit,415,civ_suit
m.p.,414,other/unknown
civil misc...,413,civ_misc
civil misc.(reg. no. 70),413,civ_misc
review,412,other/unknown
spl. pocso case,412,crim_sessions
aplication u/s 488 crpc,412,other/unknown
title appeal civ,411,civ_misc
rest.appl.(civil),411,civ_misc
comp case,411,other/unknown
st type 1,411,crim_magisterial
sexa,411,other/unknown
civil suit class  b,410,civ_suit
488 maintainance,410,other/unknown
nia / anexure crime,410,crim_magisterial
cri.complaint,409,crim_magisterial
hawker,409,other/unknown
v.o.s,409,civ_suit
juvenile appeal,409,civ_misc
spl.c sc.st act,408,crim_sessions
civil original,408,civ_suit
esi,408,other/unknown
permanent injunction,408,other/unknown
remand appln mseb,408,other/unknown
anticapatory bail,408,crim_bail
traffic case,408,crim_magisterial
misc. appln.,407,civ_misc
misc case (pre-empti,407,civ_misc
bail applicatin,405,crim_bail
police casesw,403,crim_magisterial
cr. rivision,403,crim_magisterial
cr. n. i. act.,402,crim_ni138
appln.-wca-g,401,other/unknown
probate/l.a,401,civ_misc
g.r.(session),401,crim_sessions
crl misc application (h),401,crim_magisterial
fa,400,other/unknown
property suit,400,civ_suit
eas,399,other/unknown
t.s.(d),399,other/unknown
electric,399,other/unknown
spl. st pocso act,399,crim_sessions
misc. appeal.,398,civ_misc
mac case,398,civ_mact
special session cases,398,crim_sessions
special crl. cases(n.d.p.s. act),397,crim_magisterial
cm condo,397,other/unknown
ter,396,other/unknown
sc and st case,396,crim_sessions
suit fr permanent p injunction,396,civ_suit
sc st poa act,395,crim_sessions
ad-interim relief,395,other/unknown
"injunction o39r1,2",394,other/unknown
m.r.,394,other/unknown
misc(b),394,civ_misc
t.s/p.s,393,other/unknown
sc case,393,crim_sessions
xxxx--o s,393,civ_suit
regular civil appeal for dj/adj  class a,393,civ_misc
mact  death case,392,civ_mact
suit for decree,392,civ_suit
esic,392,other/unknown
judl. misc. case,392,civ_misc
xxxxxmac,392,other/unknown
special case (stsc),392,crim_sessions
spl. cri. case,392,crim_magisterial
ec.appeals,391,civ_misc
vigi. case,391,other/unknown
application for release,391,other/unknown
other civil misc.,390,civ_misc
sccr,390,other/unknown
t.s/p.s/mortrage/reedemption,389,other/unknown
local ans special laws act,389,other/unknown
cri. original,389,civ_suit
spl ( pocso),389,crim_sessions
spl case acd,388,crim_sessions
p r case,388,other/unknown
spl. case (rice miller),388,crim_sessions
spl.c(n.d.p.s.,387,other/unknown
civil  apl.,387,civ_misc
s.t.- posco act,387,crim_magisterial
appln wca a,386,other/unknown
civil transfer application,386,civ_misc
civil mis.,385,civ_misc
cases under section 127 cr p c,385,crim_magisterial
mpid,384,other/unknown
m. s,384,other/unknown
misc. case(446 cr.p.c),384,crim_magisterial
ex ( t ),384,civ_execution
appeal f.s.s.a.,384,crim_magisterial
g.r.s,383,crim_magisterial
sc/st (pa) act,383,crim_sessions
arbitration money execution,383,civ_execution
fa-1948,383,other/unknown
e.m.c,382,other/unknown
com. ulp,382,other/unknown
scc misc. case,382,civ_misc
mnt,382,civ_family
labour court reference,381,other/unknown
m.a.-ida-reston.,380,other/unknown
application for restoration,380,other/unknown
act viii miscellaneo,380,civ_misc
misc applulp,378,civ_misc
misc case family court,377,civ_family
cr revision/ motion,377,crim_magisterial
delay application pga,376,other/unknown
gst,376,other/unknown
ta(civil),376,civ_misc
ins p,375,other/unknown
complaint o,374,crim_magisterial
special trial sc/st,374,crim_sessions
special criminal case under ndps act,374,crim_sessions
civil misc appleal,373,civ_misc
crcmp lc,373,other/unknown
dst  lc,373,other/unknown
misc. case-criminal,372,crim_magisterial
test case,372,other/unknown
140 m v act,372,crim_magisterial
bail appln cbi,371,crim_bail
excise gr railway,371,crim_magisterial
civil transfer petet,371,civ_misc
spl.c(corruptio,370,other/unknown
2 (a) c.c,370,crim_magisterial
sucession,370,other/unknown
"excise case,sadar",370,crim_magisterial
op trst,369,civ_misc
other local act,369,other/unknown
suit for conjugal rights,369,civ_suit
appln. wca-c,368,other/unknown
misc. case ( domestic),368,civ_misc
suit for dec.,368,civ_suit
cm(other),368,other/unknown
cs for cj,368,civ_suit
civil misc. (nr) h.m.a.,367,civ_family
2 (a). c.c,367,crim_magisterial
special criminal case under the atrocities act,367,crim_magisterial
misc 7,366,civ_misc
misc judicial cases(criminal),366,crim_magisterial
pvt. complaint,366,crim_magisterial
bails applications,366,crim_bail
civilmisc j,366,civ_misc
mony claim,364,other/unknown
com.o.s.,364,civ_suit
gaurdian wards case,364,other/unknown
ebgr,364,other/unknown
mca cj,364,other/unknown
guardian and wards act,363,civ_family
surrender- cum- bail petition,363,crim_bail
164-a statement,363,other/unknown
sc cri.bail appln.,363,crim_bail
c appl,362,other/unknown
l a ex.,362,civ_misc
tmsuit,362,civ_suit
motor vehicle act(civil),362,crim_magisterial
kishor nyay board/regular,361,other/unknown
delay appln. ulp,360,other/unknown
misc. civil cases for dj and adj,360,civ_misc
cr misc,359,crim_magisterial
mact 140,359,civ_mact
cri. case acjm kai,359,crim_magisterial
ma(eat),358,other/unknown
m a c t death,358,civ_mact
reg. exec.,358,other/unknown
crl rev,358,crim_magisterial
pocso (g.r),357,crim_sessions
cril. p case,356,other/unknown
sst (gangster),355,other/unknown
smop,355,other/unknown
spl.  ndps,355,crim_sessions
provate case,354,other/unknown
cases under pocso act,354,crim_sessions
xxxxpetition,354,civ_misc
specialtrial ipc pos,354,crim_magisterial
suit for declaration and inj.,353,civ_suit
m.a. ulp recovery,352,other/unknown
dowry prohibition act,352,other/unknown
p.a. ex. case,352,other/unknown
rent petition,352,civ_misc
criminal case jjb,352,crim_magisterial
res amp conj rights,352,other/unknown
tapp,352,other/unknown
spl case electricity,351,crim_sessions
application (wca) g,351,other/unknown
mact  injury case,351,civ_mact
cm (civil),351,civ_misc
app for interim relief,351,other/unknown
mpc,351,other/unknown
succ. cert.,350,other/unknown
c.o.,350,other/unknown
civil mis appeal,350,civ_misc
criminal appeal.,350,crim_magisterial
assesement appeal,349,civ_misc
scc ex. case,349,other/unknown
criminal misc others,349,crim_magisterial
misc case pre-emption,349,civ_misc
blapl.,349,other/unknown
labour act,348,other/unknown
"domestic violence, act-2005",348,other/unknown
m w case,347,other/unknown
utr and cr,347,crim_magisterial
pcso act special,347,other/unknown
criminal case no.,347,crim_magisterial
mcoc  m a,346,other/unknown
2bcc,346,other/unknown
restoration/appl,346,other/unknown
intest.case,346,other/unknown
civil misc (non related),345,civ_misc
civil misc non related,345,civ_misc
mact (140 mva),345,civ_mact
sebi ma,345,other/unknown
money suit case,345,civ_suit
ts (divorce),344,civ_family
arb. exec. case,344,other/unknown
bir lc,344,other/unknown
declairationinjunction,343,other/unknown
hindu adoptation amp maint act,343,other/unknown
l.a.misc,343,civ_misc
domastic violeanc act,343,other/unknown
suit for mandatory injunction(civil),342,civ_suit
m.a.-wca,341,other/unknown
spl. case (vigilance),341,crim_sessions
ori. maint. case,341,other/unknown
excl,341,other/unknown
appln.-wca-h,340,other/unknown
misc. civil. 74,340,civ_misc
wkf,339,other/unknown
p.o.c.s.o. act 2012,339,civ_suit
title suits,338,civ_suit
misc case-sec.5 limitation act,338,civ_misc
nagar nigam appeal,338,civ_misc
second appeal,338,civ_misc
n.d.p.s. case,337,other/unknown
e.c.a.,337,other/unknown
injunction o 39   r1  2,336,other/unknown
cri comp reg,335,crim_magisterial
sc.pcso,335,crim_sessions
misc mac,335,civ_misc
cri.revi.,334,crim_magisterial
wc act,334,other/unknown
c.o.s,334,civ_suit
suit for perminent i,334,civ_suit
suit for partition,334,civ_suit
j.m. (os),334,civ_suit
application (wca) i,333,other/unknown
partition appeal,333,civ_misc
spl.sc/st,333,crim_sessions
crlrc,333,crim_magisterial
sess.case,333,other/unknown
regular civil appeal for dj ampadj,333,civ_misc
juvenile  enquairy  u/s 14,332,other/unknown
civil suit class  a,332,civ_suit
mat execution,332,civ_execution
special criminal case under the pocso act,332,crim_sessions
xxxx155-2(cri misc app.),332,crim_magisterial
l. a. misc.,331,civ_misc
execution petition.,331,civ_execution
crl. appeal,331,crim_magisterial
application mrtu,330,other/unknown
transfer application-civil,330,civ_misc
special criminal cases (under sc st act)1989,330,crim_sessions
civil misc(nr),329,civ_misc
complaint us 138,329,crim_ni138
cbi,329,other/unknown
te,328,other/unknown
m a c t ( death case,328,civ_mact
127 crpc,328,other/unknown
criminal misc u/s 127 cr.p.c,328,crim_magisterial
spl. case (atrocity),328,crim_sessions
c l a,327,civ_misc
motor acc.claim case,327,civ_mact
title suit munsif,327,civ_suit
t.s. case,326,other/unknown
smc psrp,326,other/unknown
civil suit b class,326,civ_suit
2(b) cc,325,crim_magisterial
g. act,325,other/unknown
arbitation,325,other/unknown
misc cri. appli(n),325,crim_magisterial
spl case cbi,324,crim_sessions
misc civ,324,civ_misc
warrant procedure(ipc),323,crim_magisterial
pwact,323,other/unknown
misc (crl.),323,crim_magisterial
misc. (bail),323,crim_bail
cril. misc.  r,323,civ_misc
misc. appln. esi-ex,322,civ_misc
p and sc.,322,crim_sessions
maintainance u/s. 125 cr.p.c,322,civ_family
crl. mc,322,crim_magisterial
civil suit - a class,322,civ_suit
civil suit for dj amp adj,321,civ_suit
r.c.s,321,civ_suit
police report case,321,crim_magisterial
money executation,321,other/unknown
crl. a.,320,crim_magisterial
declaration suit,320,civ_suit
civil misc connected,320,civ_misc
p.a. execution,320,civ_execution
summons procedure(ipc),320,crim_magisterial
mv act case,320,crim_magisterial
cri. case forest (o),319,crim_magisterial
revoc,319,other/unknown
ref. ida,317,other/unknown
cri.reg.(w),317,crim_magisterial
e.p,317,civ_execution
suit  for declaration,316,civ_suit
spl. case (mp/mla),316,crim_sessions
interlocatury applic,316,other/unknown
weight  measurement act 1985,315,other/unknown
criminal revision(n),315,crim_magisterial
maint,315,other/unknown
oth. ses. case,314,other/unknown
82-83 crpc,314,other/unknown
ep_scc,314,other/unknown
reg.su.,314,other/unknown
l  a,314,other/unknown
contempt complaint,313,crim_magisterial
e.p.,313,civ_execution
original  suit,313,civ_suit
adop,313,other/unknown
suit for permanent proh. injun,313,civ_suit
old misc.civil,313,civ_misc
pwd,313,other/unknown
appln.-wca-a,312,other/unknown
misc.rent control cases,312,civ_misc
bailer misc. case,312,crim_bail
petition u/s 13 h. m act,312,civ_mact
ex. cases,311,civ_execution
civil reg appeal,311,civ_misc
t.s(partition),311,other/unknown
m.a.c.c- execution,311,civ_mact
matrimonial suit.,311,civ_family
cril.misc./ndps,311,crim_sessions
special case (sc-st act),310,crim_sessions
cri.mis,310,crim_magisterial
cra..,310,crim_magisterial
special case (pocso),310,crim_sessions
con.pro.,310,other/unknown
sessions case(svr),308,crim_sessions
spl. crl. case gangster act,308,crim_magisterial
special trial (gangster),308,crim_sessions
j.r.,308,other/unknown
t.r. case,308,other/unknown
cril (ex),308,other/unknown
op sma,308,civ_misc
s.s.t. sc/st act,308,crim_sessions
suit for damage,307,civ_suit
fr.,307,crim_magisterial
spl crim case pocso,307,crim_sessions
misc. case ( criminal ),306,crim_magisterial
"civ. misc.(o-39 , r1, 2)",306,civ_misc
civil suit class - a,306,civ_suit
transfer app.,306,civ_misc
g.r. police case 112,305,crim_magisterial
mortgage suit,305,civ_suit
domesticviolenceac,305,other/unknown
land aq . cases,304,other/unknown
gr-170,304,crim_magisterial
m.a.c. misc.,304,civ_mact
m.c.r,304,other/unknown
cri case jm ii,303,crim_magisterial
m.v.claim cases,302,civ_mact
criminal misc. case,302,crim_magisterial
misc. criminal cases,302,crim_magisterial
sla,302,other/unknown
notice,301,other/unknown
n.d.p.s case,301,other/unknown
rent m.46,301,civ_misc
appeal degree,301,civ_misc
s c c other than ipc,301,crim_sessions
mca dj adj,301,other/unknown
spl.g.r (e),301,crim_magisterial
cri. a.,299,crim_magisterial
civil  regular appeal,299,civ_misc
app for interim releif,299,other/unknown
session case (sc/st cases),299,crim_sessions
rew,299,other/unknown
special trail(pocso act 2012),298,crim_sessions
cs (comm.),298,civ_suit
misc cases u/s47cpc,297,civ_misc
fc (criminal),296,crim_magisterial
sec.174a ipc vis-a-vis sec.195,296,crim_magisterial
tr.,296,other/unknown
ref u/s 2a2,296,other/unknown
spl . pocso case,296,crim_sessions
n d p s,296,other/unknown
injunc. appli./ other misc j,295,civ_misc
pauper application,295,other/unknown
la,295,civ_misc
suit for permanent proh. inj(civil case),295,civ_suit
g r case j.j.b,294,crim_magisterial
rs,294,other/unknown
criminal transfer application,294,crim_magisterial
misc civ app,294,civ_misc
135 e act,294,other/unknown
special case (sc/st act),293,crim_sessions
appeal criminal (ulp),292,crim_magisterial
edu.tribunal appeal,292,civ_misc
osm,292,other/unknown
127-crpc,292,other/unknown
crl.mp (ex),292,crim_magisterial
g.w. act.,291,other/unknown
4/10 u.p.g.t. act,290,other/unknown
civil appeal(a),290,civ_misc
mjc cr,290,crim_magisterial
misc  appln  mseb,289,civ_misc
ref.10(1)(c),289,other/unknown
spl. trial,289,other/unknown
comp. u s 138 nia,289,crim_ni138
special trial pocso,289,crim_sessions
civil m.j.c.,288,civ_misc
excp,288,other/unknown
spl.c(scst act,287,other/unknown
hta,287,other/unknown
cril. misc. fr,287,civ_misc
ex. act,287,civ_execution
application (it),286,other/unknown
condn of delay ulp,286,other/unknown
cases under n d p s act,286,other/unknown
partion suit  title partion suit,286,civ_suit
rca 20,286,civ_misc
suit property,286,civ_suit
misc. ta,286,civ_misc
t p crl,286,crim_magisterial
complaint (criminal case),285,crim_magisterial
ref ic,285,other/unknown
suit for per inject,285,civ_suit
spl. cri. case (pocso act),285,crim_sessions
m.v.c.ex.p.,284,civ_mact
appr lc,284,other/unknown
spl.c.pocs,284,other/unknown
spl. pocso,284,crim_sessions
prc (police report case),283,crim_magisterial
misc complaint registration,283,crim_magisterial
raj forest act,282,other/unknown
complaint st sc/st,282,crim_sessions
"misc, cr. mainte.",282,crim_magisterial
will(p),282,other/unknown
criminal case(juvenil case),282,crim_magisterial
electricity challan,282,crim_magisterial
children sexual offences case,282,other/unknown
p.a. misc. case,281,civ_misc
money suit  t,281,civ_suit
mact-execution,281,civ_mact
misc criminal,281,crim_magisterial
"special case,excise complaint (p)",280,crim_sessions
misc cases a) o-9,280,civ_misc
cross objection,280,crim_magisterial
st type 2,280,crim_magisterial
488 crpc,280,other/unknown
misc civil cases,280,civ_misc
special trail  pocso,280,crim_sessions
spl.case(ndps act),279,crim_sessions
s. t. type 2,279,crim_magisterial
eca-a,279,other/unknown
spl. trial sc/st,279,crim_sessions
cril. misc. case,279,civ_misc
ss cases(s),278,crim_magisterial
moter accident claims case,278,civ_mact
s.t. type2,278,crim_magisterial
appln.-wca-c,277,other/unknown
elec. act,277,other/unknown
spl case,277,crim_sessions
ex-mjc,277,civ_execution
food act.,276,other/unknown
2 b cc,276,crim_magisterial
s.t. (sada) case,276,crim_magisterial
re-payment appl.,276,other/unknown
employee compensation main case bundi,276,other/unknown
appln. wca g,275,other/unknown
wc nfatal lc,275,other/unknown
crl. exe.,275,crim_magisterial
civil misc(re.)t.i,274,civ_misc
session case(sc/st),274,crim_sessions
execution  petitions,274,civ_execution
spl.c.pcsoa,274,other/unknown
f.i.r,273,other/unknown
spl.c. sc/st,273,crim_sessions
civil suit(money suit),273,civ_suit
criminal regular case(warrant),273,crim_magisterial
sess case,273,other/unknown
crl.m.c-bail,273,crim_bail
bailor m.c.,272,crim_bail
n d p s act 37,272,other/unknown
judl,272,other/unknown
sessions case( sonari),271,crim_sessions
spl crl cases,271,crim_magisterial
pocso act.,271,crim_sessions
mjc (criminal),270,crim_magisterial
p of sc,269,crim_sessions
rent control revision,269,civ_misc
misc civ appeal,269,civ_misc
s.c.c.suit,269,crim_sessions
miscn,269,civ_misc
edu. tribunal application,269,other/unknown
regular darkhast rd,268,other/unknown
"appeal -misc a) injection , b) receivership , 3) o",268,civ_misc
misc. judicial case,268,civ_misc
mot acci claim cases,267,civ_mact
rent appeal o,267,civ_misc
miscapp ic,267,civ_misc
panchayat appeal,266,civ_misc
criminal revision petition,266,crim_magisterial
cril. misc. b,266,civ_misc
spl case gangster,265,crim_sessions
restoration of suits 0-9 r-4 0-9 r -9,265,civ_suit
lra cases,265,other/unknown
public gambling act,265,other/unknown
civil misce.,264,civ_misc
lcr (labor case reference),264,other/unknown
126 crpc,264,other/unknown
a.b.p.,264,other/unknown
appln-wca-b,263,other/unknown
partition suit (sub judge),263,civ_suit
go cases(non fir),263,other/unknown
succ misc,263,civ_misc
special trial gst,263,crim_sessions
fmc,263,other/unknown
civil suit for p amp d,262,civ_suit
rpc challan,262,crim_magisterial
final_report,262,other/unknown
d.v recovery,262,other/unknown
small cases,261,other/unknown
ocma,261,other/unknown
sc/st spl. case,261,crim_sessions
c.t. spl.-p,261,other/unknown
spl.act pocso,261,crim_sessions
t . s.,260,other/unknown
rev.rent,260,civ_misc
special trial ndps,260,crim_sessions
recovery p.g.a.,260,other/unknown
m.c. s,260,civ_suit
complaint mhwa,259,crim_magisterial
intest.cas.,259,other/unknown
civil suit class - b,259,civ_suit
spl. st,259,crim_magisterial
crl. misc. c. sada,259,crim_magisterial
2(a)c.c ndps,258,crim_sessions
"cr rural ps, gbnur",257,crim_magisterial
orig. maintenc. case,257,other/unknown
refernce  ida,256,other/unknown
reg. civil appeal,256,civ_misc
suit for decl and mandatr.injucn,256,civ_suit
488 application,256,other/unknown
cr (excise),256,crim_magisterial
ct(ss),256,crim_magisterial
summery cases,255,other/unknown
m.a.ida.reston.,254,other/unknown
intest case,254,other/unknown
reg.civil suit,254,civ_suit
bail appln  mpid,254,crim_bail
family main  case,254,civ_family
zilla panchayat act,254,other/unknown
contpt nt.,253,other/unknown
g.r. suppl.,253,crim_magisterial
misc civil 74,253,civ_misc
transfer misc. case ( civil ),253,civ_misc
m.j.c. criminal,253,crim_magisterial
trust suit,252,civ_suit
crl.misc.(dva),252,crim_magisterial
civil appeal (s.d.),252,civ_misc
smp,252,other/unknown
civil misc l a,252,civ_misc
prc cases,252,crim_magisterial
civil appleal,251,civ_misc
2 (b) c c,251,crim_magisterial
special trial criminal cases,251,crim_sessions
misc(lr),251,civ_misc
maccex,251,civ_mact
c r( n i act),251,crim_ni138
sessions case(type ii),251,crim_sessions
exe.misc.case,251,civ_execution
s. t. (pocso act) case,251,crim_sessions
vac,250,other/unknown
s c c execution,250,crim_sessions
p.a cases,250,other/unknown
t.r,250,other/unknown
misc (mac),250,civ_misc
reference,250,other/unknown
criminal misc  case,250,crim_magisterial
criminal complaints,250,crim_magisterial
m.a. ulp restoration,249,other/unknown
rca 18,249,civ_misc
t p (c),249,other/unknown
child sexual abuse cases,249,other/unknown
i and r cases,248,other/unknown
remand appln  cbi,248,other/unknown
com.a.s.,248,other/unknown
misc. criminal revision,248,crim_magisterial
j.j.b orginal,248,other/unknown
weight & measurement act 1985,247,other/unknown
mislaneous(sub-judge),247,other/unknown
spl.civ. suit,247,civ_suit
cri. appeal.,247,crim_magisterial
suit for prmnt prohibitory inj,247,civ_suit
mat (g/w),247,other/unknown
misc app wca,247,civ_misc
misc criminal case (other),247,crim_magisterial
air misc.,247,civ_misc
comp mhwa,246,other/unknown
crlapl,246,crim_magisterial
misc.(r.c) case,246,civ_misc
lra,245,other/unknown
s.s.t,245,crim_magisterial
o c suit,245,civ_suit
pcso act 2012,245,other/unknown
spl t gangster,244,other/unknown
os execution,243,civ_execution
sst (sc/st) act,243,crim_sessions
revn appln ulp,242,other/unknown
m.v.c ep,242,civ_mact
suit perpetual inj.,242,civ_suit
misc.  cases,242,civ_misc
de,242,other/unknown
e.c.a,242,other/unknown
title suit divorce,241,civ_family
d.r.a.,241,other/unknown
title suit d,240,civ_suit
suit for decl and permanent inj,240,civ_suit
t   s   ( div   ),240,other/unknown
misc petition (air),240,civ_misc
petition rd,239,civ_misc
appln. wca-a,239,other/unknown
g and  wc,239,other/unknown
civil m. 38,239,civ_misc
t. s.  (  e.  c. ),239,other/unknown
ex t,239,civ_execution
complaint u/s 138,239,crim_ni138
special trial(pocso case),239,crim_sessions
divorce suit  t,239,civ_family
m.applns.507,238,other/unknown
c. appeal,238,civ_misc
bmr,238,other/unknown
u p u b,237,other/unknown
cr.appl,237,crim_magisterial
o.c. suit,237,civ_suit
t s partition,237,other/unknown
appl. wca f,236,other/unknown
misc. cr. fr,236,crim_magisterial
regular civil appeal a class,236,civ_misc
cr case (warrant),236,crim_magisterial
t.c.,236,other/unknown
c.t.(s),235,other/unknown
c.t. ss,235,crim_magisterial
cbi spcc,235,other/unknown
446 cr.p.c.,235,crim_magisterial
corruption cases,235,other/unknown
t. s.  ( r c r ),235,other/unknown
misc. cases for dj adj,235,civ_misc
spl.c. ndps,235,crim_sessions
lac.misc,234,civ_misc
sessions  spl pocso,234,crim_sessions
c.ob.a,234,other/unknown
crl_maintenance,234,civ_family
spl. session case (electricity),234,crim_sessions
c c dhu,233,crim_magisterial
spl.case(sc/st),233,crim_sessions
probate misc. case,233,civ_misc
sst_,233,other/unknown
c-3,232,other/unknown
succ. act.,232,other/unknown
gua.pet,232,other/unknown
muncipality board appeal,232,civ_misc
spl t.ndps,232,crim_sessions
criminal juvenile,232,crim_magisterial
spl c c ndps,232,crim_sessions
crmcd,232,crim_magisterial
misc l.r.,232,civ_misc
m a c t ( injury case ),231,civ_mact
title evic. suit,231,civ_suit
o.c. ex,231,other/unknown
review appln. ulp,230,other/unknown
criminal misc 82-83,230,crim_magisterial
125 (3)crpc,230,civ_family
cri. case complaint (p),230,crim_magisterial
mort. suit,230,civ_suit
cr.,230,crim_magisterial
ele.petn,230,other/unknown
cri mis. application,230,crim_magisterial
mact .civil. exex.,229,civ_mact
criminal complaint (125 crpc),229,civ_family
p.o.c.s.o,229,civ_suit
cm stay,229,other/unknown
judl. misc.,229,civ_misc
regular cbi,228,other/unknown
civil suit for dj  adj,228,civ_suit
spl trial corruption,228,other/unknown
civil misc application (h),228,civ_misc
s.c.c. misc.,227,crim_sessions
crl. misc. gangster act,227,crim_magisterial
pollution act,227,other/unknown
civil suit  a class,227,civ_suit
cr. appl,227,crim_magisterial
guardian  wards act sec. 25,227,civ_family
p and amp  sc,226,crim_sessions
gr s,226,crim_magisterial
gangester session trial,226,crim_sessions
gr (v),226,crim_magisterial
execution misc,226,civ_execution
mact execution cases,226,civ_mact
crl. misc (u/s 446),226,crim_magisterial
misc succ,226,civ_misc
crl  (ndps),226,crim_sessions
cri. mics. appln (125),226,civ_family
original suit mts(n),226,civ_suit
special case number,226,crim_sessions
exe.,226,civ_execution
cancellation of sale deed,225,other/unknown
attempt to murder,225,other/unknown
case under section 138 n.i. act,225,crim_ni138
trust appeal,224,civ_misc
criminal ulp,224,crim_magisterial
ts(d),224,other/unknown
sc / st  (session case),224,crim_sessions
arb. misc. case,224,civ_misc
first appeal,224,civ_misc
rnc act,224,other/unknown
revocation,224,other/unknown
criminal trial (excise),224,crim_magisterial
cr. revn,224,crim_magisterial
a.a.,224,other/unknown
cr. case comp(o),223,crim_magisterial
civil appeal (rent control),223,civ_misc
regular suit  misc,223,civ_suit
tr,223,other/unknown
xxxxmisc 74,223,civ_misc
e.sc,223,crim_sessions
misc /air,223,civ_misc
misc. cri. complaint  ulp,222,crim_magisterial
mjc (crl),222,crim_magisterial
g.r spt ii,221,crim_magisterial
misc. case domestic violence,221,civ_misc
vacational o.s.,221,civ_suit
matrimonial execution,221,civ_family
m a -pga,221,other/unknown
spl. pocso act.,221,crim_sessions
criminal misc./11,221,crim_magisterial
special sessions cases pasco,221,crim_sessions
judl. misc,221,civ_misc
misc. appln. ulp,220,civ_misc
rent execution,220,civ_execution
ost,220,other/unknown
claim pettition,220,other/unknown
mact interim cases,220,civ_mact
t. p (c),220,other/unknown
misc. exe. case 2,220,civ_misc
m.a.-ulp-restoration,219,other/unknown
ele.pet.,219,other/unknown
cri.(misc.)case,219,crim_magisterial
succession act,219,civ_misc
t p (crl),219,crim_magisterial
cr misc case t,219,crim_magisterial
misc. case birth amp death,219,civ_misc
t.i.,218,other/unknown
succ.case,218,other/unknown
sc/st (pa )act,218,crim_sessions
125 to 128 cr.p.c.,218,civ_family
civil appeals,218,civ_misc
m c appl,217,other/unknown
cm rev.,217,other/unknown
cr.complaint2,217,crim_magisterial
appln. wca-b,216,other/unknown
sessions case  t i,216,crim_sessions
cmc (not related),216,other/unknown
comp lc,216,other/unknown
g.r.police cases-165,215,crim_magisterial
pfa act,215,other/unknown
488 cr. pc,215,crim_magisterial
miscellanous,214,civ_misc
crl.appl.,214,crim_magisterial
1.c.c.,214,crim_magisterial
cr ( n i act),214,crim_ni138
ex.mact,214,civ_mact
m.a.-ulp-recvry,213,other/unknown
125 cr.p.c.,213,civ_family
civil misc. applications,213,civ_misc
labour enforcement act,213,other/unknown
cri misc 125 crpc,213,civ_family
ts(partition),213,other/unknown
title suit case,213,civ_suit
sum. reg,213,crim_magisterial
rti appeal,213,civ_misc
civil  execution,213,civ_execution
xxxx--complaint cases,212,crim_magisterial
misc.cri. ulp,211,crim_magisterial
delay applin ulp,211,other/unknown
p.a.misc,211,civ_misc
misc. cases civil,211,civ_misc
cc(civil case),211,crim_magisterial
s.c.c misl.,211,crim_sessions
st pocso,211,crim_sessions
cc.lg,210,crim_magisterial
gr(s),210,crim_magisterial
pet u/s 9 h. m act,210,civ_mact
cr. case comp. (p),210,crim_magisterial
ex. civil,210,civ_execution
s c court,210,crim_sessions
appeal against order,210,civ_misc
pre litigation,210,other/unknown
g.r.- supl.- a,209,crim_magisterial
ele. pett.,209,other/unknown
misc. contempt,209,civ_misc
prepnt,209,other/unknown
m. a. c. t. case,209,civ_mact
sessions casetype-ii,209,crim_sessions
scc pocso act,209,crim_sessions
misc. petition (a.i.r.),209,civ_misc
cril. misc. fir,209,civ_misc
125 c.r.p.c.,209,civ_family
mislaneous (family court),208,civ_family
cr.l misc. case,208,crim_magisterial
case u/s 488,208,other/unknown
misc.judicial cases (civil),208,civ_misc
spba,208,other/unknown
s.c.c.r.c.,207,crim_sessions
spl.c. stsc,207,crim_sessions
civil suit ts h a,207,civ_suit
spl. c. s.,207,civ_suit
misc. app.  wca,206,civ_misc
c r case ( summon),206,crim_magisterial
rfa (i),206,other/unknown
cr. case complaint (p)(criminal case),206,crim_magisterial
ev pet.,206,other/unknown
spl.case(pocso),206,crim_sessions
sucession certificate case,206,other/unknown
spl case sc st,206,crim_sessions
ndps.s.case,205,crim_sessions
suit for decl. and mand. inj.,205,civ_suit
suit decltn and perm,205,civ_suit
cc(civil),205,crim_magisterial
interlocutory application,205,other/unknown
session case type2,205,crim_sessions
special session trial,205,crim_sessions
misc crminal case,205,crim_magisterial
probate/ letter of admin,204,other/unknown
misc.civil 70,204,civ_misc
indian  div .op,204,other/unknown
l . a,204,other/unknown
mact-mjc,204,civ_mact
crl.m.c pocso-bail,204,crim_bail
rmp,204,other/unknown
maintainance case,203,other/unknown
sl case,203,other/unknown
miscillaneous cases,203,civ_misc
arba,203,other/unknown
misc(mac),203,civ_misc
d.v.a.,202,other/unknown
succ.act.,202,other/unknown
lcc (33 c-2),202,other/unknown
civil suit a hma,202,civ_family
d. v. cases,202,other/unknown
zimma application,202,other/unknown
comp. case (c3),201,other/unknown
gr. s,201,crim_magisterial
complaint inquiry,201,crim_magisterial
special s.t.,201,crim_magisterial
temporary injunction,201,other/unknown
miscellaneous civil appeal,200,civ_misc
fine miscase,200,civ_misc
mact 174,200,civ_mact
state,200,other/unknown
spl. sessions trial,200,crim_sessions
miscapp  esi,200,civ_misc
xoriginal suit2,200,civ_suit
spl sc/st act,200,crim_sessions
remand,200,other/unknown
t. p,200,other/unknown
sessions others,200,crim_sessions
u. i.,200,other/unknown
crop,200,crim_magisterial
compl. ipc or pvt,199,crim_magisterial
s.t. spt i,199,crim_magisterial
m.v.c. misc,199,civ_mact
h m act,199,civ_mact
misc. appl. labour,199,civ_misc
ec-f,199,other/unknown
appl.10(1)(c),198,other/unknown
sc/ st case,198,crim_sessions
"injunction o-39 , r1, 2(civil)",198,civ_misc
rvsn ic,198,other/unknown
appln.-pga2016,198,other/unknown
cr complaint  t,198,crim_magisterial
prev.valuation,197,other/unknown
title suit divorse,197,civ_suit
c.r.a,197,other/unknown
ma 291,197,other/unknown
spl. t-elect,197,other/unknown
m a c t injury,196,civ_mact
factory act,196,other/unknown
c.a.d.,196,other/unknown
rape,196,other/unknown
suit for permanent proh. inj.,196,civ_suit
maintanance petition 126 127,196,civ_misc
misc. appeal civ,196,civ_misc
misc case 5 of limit. act 1963,196,civ_misc
n.l.a.civil,196,civ_misc
succession certificate cases,195,civ_misc
crl. misc. tr. pet.,195,crim_magisterial
caveat misc,195,civ_misc
cm adoption,195,other/unknown
m.a. us. 125 of crpc,195,civ_family
appeal p.g.a,195,civ_misc
r.d.,194,other/unknown
misc.(p.g) case,194,civ_misc
complaint st ipc,194,crim_magisterial
s.c.c. execution,194,crim_sessions
mgr case  summon,194,crim_magisterial
spl. case pocso act,194,crim_sessions
app (cri),194,crim_magisterial
mact misc case,194,civ_mact
cr (dv),194,crim_magisterial
civil claim adj ist,194,civ_misc
b f,193,other/unknown
pro-order,193,other/unknown
misc. original suit,192,civ_suit
special case (electricity),191,crim_sessions
rent tribunal,191,civ_misc
rfa civil appeal,191,civ_misc
spl case ndps,191,crim_sessions
civil suit   a,191,civ_suit
s. cause,191,other/unknown
spc.sc pcso,191,crim_sessions
workmen compensation,191,other/unknown
distress warrant,190,crim_magisterial
l a ref,190,civ_misc
narcotic drugs / psychotropic act,190,other/unknown
f.a.c.,189,other/unknown
c.g,189,other/unknown
title suit ( d ),189,civ_suit
125 m,189,civ_family
calendar case,189,other/unknown
civil first appeal,189,civ_misc
1.sessions trial,189,crim_sessions
civil suit a 2nd cj ii,189,civ_suit
dpt.eq,189,other/unknown
intriem relief application,189,other/unknown
misc.app.wca,188,civ_misc
mpid m.a.,188,other/unknown
essential commodities act,188,other/unknown
workman and compensation act,188,other/unknown
cr.  complaint,188,crim_magisterial
criminal_misc,188,crim_magisterial
guardian petition,187,civ_family
s.s.c.,187,crim_sessions
civil execution case,187,civ_execution
appl. u/s 125,187,civ_family
cr. d. v. act.,187,crim_magisterial
mgr case  warrant,187,crim_magisterial
con.of delay,186,other/unknown
lac misc,186,civ_misc
lc app u/s 33c(2) id act 1947,186,other/unknown
jscc misc.,186,civ_misc
xxxxxmisc 74,186,civ_misc
session  t,186,crim_sessions
regular civil appeal for dj  adj,186,civ_misc
l. a. case,185,civ_misc
2 (c) c.c,185,crim_magisterial
misc. civil form 70,185,civ_misc
o.m.c,185,other/unknown
"special criminal cases (pocso act, 2012)",185,crim_sessions
special sessions cases pocso,185,crim_sessions
application wca-c,184,other/unknown
police report case prc,184,crim_magisterial
arbritration case,184,other/unknown
guardian and wards act(civil),184,civ_family
misc (succession),184,civ_misc
ssl,183,other/unknown
civil (ex),183,civ_misc
heirship certificate,183,other/unknown
e.s.i. act  case,182,other/unknown
comp.cases,182,other/unknown
f.d.p.,182,other/unknown
2(b) c.c,182,crim_magisterial
o.c. ex-arbitration,182,civ_misc
pmla ma,182,other/unknown
bail application old,182,crim_bail
m. v.,182,other/unknown
civil execution rent,182,civ_execution
comp.mhwa,181,other/unknown
p  sc,181,crim_sessions
suit formandatoryinj,181,civ_suit
pauper suit,181,civ_suit
misc lcidat,181,civ_misc
gre,181,other/unknown
i.a case,181,other/unknown
cancl.,181,other/unknown
h.r.c.a.,180,civ_misc
c.m(41),180,other/unknown
civil/ m.a.c.t. case,180,civ_mact
mislaneous case,179,other/unknown
esi.a.,179,other/unknown
cri. app.,179,crim_magisterial
reference (civil misc.-38),179,civ_misc
complaint index case,179,crim_magisterial
rcs-a,179,civ_suit
misc. app. pga,179,civ_misc
unrelated misc.cases,179,civ_misc
divorce petition,179,civ_family
cri. misc(domestic violence),179,crim_magisterial
gang.act,178,other/unknown
remand appln  mpid,178,other/unknown
vacation o.s.,178,civ_suit
f.c.o.s,178,civ_suit
suit per. pro. inj.,178,civ_suit
complaint u/s 138/ n. i. act,178,crim_ni138
contempt of court,178,other/unknown
civil misc(restoration),178,civ_misc
spl.c(sc/st act),177,crim_sessions
title suit r,177,civ_suit
misc.7,177,civ_misc
suit for decl,177,civ_suit
labour,177,other/unknown
exe. c.s.(a),177,civ_execution
cril. misc. f/r,177,civ_misc
session trail sc/st act,176,crim_sessions
review/recall pet. u/s-114cpc,176,other/unknown
smc nta,176,other/unknown
inso,176,other/unknown
spl (pocso),176,crim_sessions
cril. misc. pocso/sessions,176,crim_sessions
criminal mis,176,crim_magisterial
p appeal,175,civ_misc
ex.a.,175,civ_execution
appln.wca.h,175,other/unknown
p s / t s,175,other/unknown
spl trial gangsteract,175,other/unknown
bailor misc. case,175,crim_bail
juv. case,175,other/unknown
i.p.c.(w) cases,175,other/unknown
xcomplaint case acjm,175,crim_magisterial
sessioncase,175,crim_sessions
rest. appln. ulp,174,other/unknown
condation of delay application (ulp),174,other/unknown
cs(iii),174,civ_suit
cec,174,other/unknown
suite for declaration,174,civ_suit
misc. restoration case,174,civ_misc
m case,174,other/unknown
special case (ele),174,crim_sessions
c/spcl,174,other/unknown
r.e.v.,173,other/unknown
darkhast petitioner,173,civ_misc
g.s.trial,173,other/unknown
misc ( succ. ) case,173,civ_misc
xxxxxcri rev,173,other/unknown
negotiable instruments act,173,crim_ni138
raj.poli. act,173,other/unknown
g.r. s,172,crim_magisterial
title  execution,172,civ_execution
c.t.spl,172,other/unknown
dealy misc,172,civ_misc
cma-dc,172,other/unknown
m.profit. nra,171,other/unknown
reg darkhast,171,other/unknown
hmca,171,other/unknown
wc fatal  lc,171,other/unknown
execution mact,171,civ_mact
inter,171,other/unknown
civil suit a 2 cj 1,171,civ_suit
spl case (pocso),171,crim_sessions
release of vehicle,171,other/unknown
shops and establishments.,171,other/unknown
c m air,171,other/unknown
civil suit a dj,171,civ_suit
delay appln. ic,170,other/unknown
special case ( corruption case ),170,crim_sessions
civil misc reg.no.41,170,civ_misc
it act,170,other/unknown
misc. transfer,170,civ_misc
misc civil stay application,170,civ_misc
fr(final report),170,crim_magisterial
e x ( m ),170,other/unknown
inter-a,170,other/unknown
h.m.g act,170,other/unknown
civil miscilaneous,170,civ_misc
ex.appeal,169,civ_execution
crl mp,169,crim_magisterial
special criminal case under the n.d.p.s. act,169,crim_magisterial
emp compensation act,169,other/unknown
m.exe,169,other/unknown
claim pet u/s 166 mv,169,other/unknown
c ontempt,168,other/unknown
session challan.,168,crim_sessions
p.a. misc.,168,civ_misc
misc execution,168,civ_execution
appeal.,168,civ_misc
miscapp  it,168,civ_misc
criminal execution cases,168,civ_execution
elect.act,168,other/unknown
civil claim 2nd adj,168,civ_misc
suit for per. pr.inj,167,civ_suit
gangester,167,other/unknown
41-cm,167,other/unknown
pa,167,other/unknown
tran. appln. ulp,167,other/unknown
04 motor vehicle act,167,crim_magisterial
other marriages act,167,civ_family
ndpscase,166,crim_sessions
misc caveat,166,civ_misc
civil app. order,166,civ_misc
maint. alt. case,166,other/unknown
comp.-mhwa,165,other/unknown
maintainance (mr),165,other/unknown
copy right act,165,other/unknown
cmappl.,165,other/unknown
misc. tax appeal,165,civ_misc
el.app.,165,other/unknown
446cr.p.c,165,other/unknown
maha p i d 1999,165,other/unknown
civ. suit,165,civ_suit
t s,165,other/unknown
o.s.will p,165,civ_suit
ca a,165,other/unknown
civil misc. c,165,civ_misc
crim.com,164,crim_magisterial
m c c ulp,164,crim_magisterial
mi,164,other/unknown
complaint (forest),164,crim_magisterial
hma-24,164,civ_family
civil stay appeal,164,civ_misc
suit for perm.proh.inj,164,civ_suit
suit for declaration and permenent injuction,164,civ_suit
transfer applications,164,civ_misc
xxxxmisc70,164,civ_misc
cases under sectio 125 cr.p.c,164,civ_family
assam shop and establishment,164,other/unknown
spl crim case ndps,164,crim_sessions
civil appeal(n),163,civ_misc
succession cert.case,163,civ_misc
special cases complain (sc/st act),163,crim_sessions
excise act-2,163,crim_magisterial
land acq. ref.,163,civ_misc
restoration application,163,other/unknown
juvenile juctice,163,other/unknown
reco applin ulp,163,other/unknown
cr. d.v act case,163,crim_magisterial
spl. criminal case (sc/st act),163,crim_sessions
op probt,162,civ_misc
execuition cases(n),162,civ_execution
guardians and amp wards acts,162,civ_family
3acc,162,other/unknown
cvil miscellaneous appl,162,civ_misc
cri.misc.(comp.),162,crim_magisterial
mat r/c,162,other/unknown
t.p.s,161,other/unknown
mac exe,161,other/unknown
application wca-a,161,other/unknown
excise act case,161,crim_magisterial
aebgr,161,other/unknown
spl. session case (ndps),161,crim_sessions
s.t.pocso,161,crim_sessions
spl  case scst,160,other/unknown
condonation of delay app(ulp),160,other/unknown
r.c.execution,160,civ_execution
"cr town ps,gbnur",160,crim_magisterial
condonatn of delay,160,other/unknown
13 h.m.a.,160,civ_family
spma,160,other/unknown
s. c.,160,crim_sessions
matrimonial mutual,160,civ_family
spcl st gangster act,160,crim_magisterial
condn delay-ida,159,other/unknown
s.c. civil,159,crim_sessions
g.r.splt.a,159,crim_magisterial
clp,159,other/unknown
partion suit / title partion suit(civil),159,civ_suit
xxxxsamman,159,other/unknown
p. p. appeal,159,civ_misc
negot instrument act,159,other/unknown
restitution of conju,159,other/unknown
misc.petition a.i.r,159,civ_misc
domestic violence act 2005(criminal case),159,crim_magisterial
consumer complaint,159,crim_magisterial
tr.p.(civ),158,other/unknown
i t r,158,other/unknown
9 h.m.a.,158,civ_family
civil exe.,158,civ_misc
rly. cri case,158,crim_magisterial
arbitration(civil),158,civ_misc
br act,158,other/unknown
mis-ex,158,other/unknown
g amp wc,158,other/unknown
miscellaneous case 446 crpc,157,civ_misc
probate title suit,157,civ_suit
appl.10(4)(a),157,other/unknown
fdts,157,other/unknown
e. p.,157,civ_execution
vehicle release,157,other/unknown
issuance of succession certf,157,civ_misc
regular dkst,156,other/unknown
adoption,156,other/unknown
consumer case,156,other/unknown
money suit summary,156,civ_suit
c.j.a.,156,other/unknown
misc. p.a.,156,civ_misc
d.v. case,156,other/unknown
dvact,156,other/unknown
misc. civil case (reg 74),156,civ_misc
cril. misc zima,156,civ_misc
regular civil appeal dj  adj,156,civ_misc
appln. mw,155,other/unknown
crl.m.a.,155,crim_magisterial
suit for possession of propert,155,crim_sessions
sessions case(type i),155,crim_sessions
c.t(spl)pocso,155,crim_sessions
civil misc(n re.)h.m.act.,155,civ_mact
weight amp measurement act 1985,154,other/unknown
c fr,154,other/unknown
op j and j,154,civ_misc
cri.rev.app,154,crim_magisterial
succ.,154,other/unknown
juveline case,154,other/unknown
misc.  j case,154,civ_misc
o. ex,154,other/unknown
l a  case,154,civ_misc
session trial cr. dj,154,crim_sessions
esi 75 application,153,other/unknown
regular civil  appeal,153,civ_misc
crl. misc /11,153,crim_magisterial
misc succession,153,civ_misc
tr(elect),153,other/unknown
spl  case mcoc,152,other/unknown
int. plead,152,other/unknown
l.a.c. misc,152,civ_misc
r.p.act,152,other/unknown
title eviction appeal,152,civ_misc
title suit/t.p. suit,152,civ_suit
s.t. case,152,crim_magisterial
misc. mact,152,civ_mact
spl. cri. ma,152,crim_magisterial
pet u/s 13 (3),152,other/unknown
pa misc. case,152,civ_misc
rcs-hm,152,civ_suit
cril misc 164 cr.p.c,152,crim_magisterial
c1(n.i act),152,crim_ni138
review application,151,other/unknown
cmacs,151,other/unknown
cma arb,151,other/unknown
pocso trail,151,crim_sessions
reg. of birth and death certificate,151,other/unknown
matrimonial old,151,civ_family
mics criminal case (maint.),151,crim_magisterial
sc spl case,151,crim_sessions
civil misc amend,151,civ_misc
private complaint ( d. v) case,151,crim_magisterial
"dowry prohibition act,",151,other/unknown
other misc. cases,150,civ_misc
r c a,150,civ_misc
spl. trial gangster,150,other/unknown
civil appeal.,150,civ_misc
g  and w.c.,150,other/unknown
spl.c sc st,150,crim_sessions
insolvecy petition,149,civ_misc
g.r (frt),149,crim_magisterial
misc. applications,149,civ_misc
suit for declaration and  injunct,149,civ_suit
act xxxii case,149,other/unknown
7.probate suit,149,civ_suit
spl.c.sc/st,149,crim_sessions
nhla,149,other/unknown
j misc,149,civ_misc
misc succession case,149,civ_misc
scc pocso,149,crim_sessions
cril. misc. fir.elec,149,civ_misc
mislaneous application,149,other/unknown
application ictu,148,other/unknown
"appointment of reciver 0-40, r",148,other/unknown
c  s,148,other/unknown
criminal  complaint,148,crim_magisterial
hr,148,other/unknown
misc. exe.,148,civ_misc
i. d. r,148,other/unknown
l.a.c. misc.,148,civ_misc
kid 10-4(a),148,other/unknown
cr cc,148,crim_magisterial
scc ndps act,148,crim_sessions
op lfa,147,civ_misc
d.v.c,147,other/unknown
g and w.c,147,other/unknown
fake currency,147,other/unknown
misc civil/74,147,civ_misc
civil suit immovable,147,civ_suit
127 cr.p.c,147,crim_magisterial
criminal misc application,147,crim_magisterial
ect. act,147,other/unknown
cr.m.j.c family court,147,civ_family
p.d.v,146,other/unknown
sucession case,146,other/unknown
suit for ejectment(civil),146,civ_suit
misc. non relating,146,civ_misc
st decl and permt in,146,crim_magisterial
cm mislaneous (unrelated),146,other/unknown
misc. petition cases,146,civ_misc
m.a.c.t.  execution,146,civ_mact
maintenance alt case,146,civ_family
special criminal cases/u pacso act,146,crim_magisterial
posco,146,other/unknown
lac mis,145,other/unknown
s.t. sp.case,145,crim_magisterial
civil misc.(n),145,civ_misc
session_trial,145,crim_sessions
eca-i,145,other/unknown
cont.nt,145,other/unknown
appln wca g,144,other/unknown
e p,144,civ_execution
not relating civil misc.,144,civ_misc
rent mislaneous,144,civ_misc
misc.p,144,civ_misc
mis.cri application,144,crim_magisterial
cooperative appeal,144,civ_misc
36 police act,144,other/unknown
application for implementation(civil),144,civ_misc
cr. u.l.p,143,crim_magisterial
reg.cri.138 ni act,143,crim_ni138
schedule case. schedule trail,143,other/unknown
small cause court revision,143,other/unknown
application u/s 156,143,other/unknown
civ. exe.,143,other/unknown
arb. a. (comm.),143,other/unknown
special case  (pocso act),143,crim_sessions
misc. ii,143,civ_misc
c.r. misc case,143,civ_misc
rr,142,other/unknown
revn. appln. ic,142,other/unknown
civil. misc,142,civ_misc
probate. case,142,other/unknown
session trial split a,142,crim_sessions
rent con.,142,civ_misc
"restoration of suits 0-9 r-4 , 0-9 , r -9(civil)",142,civ_suit
crl. misc under sec 446,142,crim_magisterial
mact mjc (dj adj),142,civ_mact
special cases (pocso),142,crim_sessions
m.a.ulp.recvry,141,other/unknown
sessions trial a,141,crim_sessions
"execution case, sd",141,civ_execution
suit for permenant injunction,141,civ_suit
misc. civil /7,141,civ_misc
regular civil appeal ( dj  adj),141,civ_misc
misc. civil(reg 70),141,civ_misc
regular civil appeal for dj/adj,141,civ_misc
g.r. supplementary-1,140,crim_magisterial
cr case complaint,140,crim_magisterial
misc.civil70,140,civ_misc
police cases,140,crim_magisterial
kid10 4a,140,other/unknown
488 -misc. criminal applications,140,crim_magisterial
criminal application(criminal case),140,crim_magisterial
food safety appeal,140,civ_misc
xxxxxcri misc,140,civ_misc
os (succ),140,civ_suit
n.l.a{civil},140,civ_misc
appln.wca c,139,other/unknown
misc 70,139,civ_misc
industrial main cases,139,other/unknown
m. a.,139,other/unknown
446crpc,139,other/unknown
spl. tr.,139,other/unknown
s. t. type 1,139,crim_magisterial
la.mis,139,civ_misc
rev.pet,139,other/unknown
final report old,139,crim_magisterial
juvenile justice act case,139,other/unknown
spl.cases-pocso,139,crim_sessions
condn delay-bir,138,other/unknown
title (partion) suit,138,civ_suit
misc case (domestic violence),138,civ_misc
cmsr,138,other/unknown
misc. exe. case 1,138,civ_misc
pbt,138,other/unknown
remand appln. mseb,138,other/unknown
tran appln it,138,other/unknown
ma in aba,138,other/unknown
check application,138,other/unknown
misns,138,other/unknown
rev. revision,138,other/unknown
p.f.a.act,137,other/unknown
2(a)c.c. case,137,crim_magisterial
i . c . c,137,other/unknown
complaint index,137,crim_magisterial
misc. pga,137,civ_misc
civil succession,137,civ_misc
m w act,136,other/unknown
civil misc cases,136,civ_misc
cm (other civil),136,civ_misc
sfcop,136,other/unknown
civil misce (74),136,civ_misc
jvtr,136,other/unknown
m v act case,136,crim_magisterial
mocca m.a.,135,other/unknown
title execuition,135,civ_execution
c r a,135,other/unknown
ejs,135,other/unknown
recovery pga,135,other/unknown
misc case transfer,135,civ_misc
criminal transfer ap,135,crim_magisterial
claim execution case,135,civ_execution
d.v. misc. case,135,civ_misc
488 crpc act,135,other/unknown
misc case under e s i act,134,civ_misc
suit permt and mendt,134,civ_suit
ssc scst act,134,other/unknown
crl. r.,134,crim_magisterial
"c,m.",134,other/unknown
"miscellaneous, sd",134,civ_misc
c.m(38),134,other/unknown
misc judl. prob case,134,civ_misc
session trial case,134,crim_sessions
appeal against the decree,133,civ_misc
proceeding under section 446,133,other/unknown
cm arb,133,other/unknown
mpl,133,other/unknown
ex(t),133,civ_execution
m.a.c.c.- mjc,133,civ_mact
mat (m),133,other/unknown
civil transfer appli,133,civ_misc
execution other district,133,civ_execution
lac  ex,132,other/unknown
land acquistion appl,132,civ_misc
railway property,132,other/unknown
guardianship case,132,civ_family
wm act,132,civ_mact
spl.case (ndps),132,crim_sessions
2b cc,132,crim_magisterial
suit for recovery of an amount,132,civ_suit
civi suit,132,civ_suit
2 b-cc,132,crim_magisterial
p.a.,132,other/unknown
misc. civil appeal (dj  adj),132,civ_misc
sucession certificate cases(civil),132,civ_misc
cr. case complaint (o)(criminal case),132,crim_magisterial
crl.misc case,132,crim_magisterial
spl. st pocso,132,crim_sessions
mact misc o-9 13cpc,132,civ_mact
caop,131,other/unknown
d.v act,131,other/unknown
execuition petition,131,civ_execution
misc ( e x ),131,civ_misc
s t ( type 2 ),131,crim_magisterial
misc.pga recovery,131,civ_misc
cri misc case,131,crim_magisterial
forest challan,131,crim_magisterial
execution a,131,civ_execution
civil misc(j),131,civ_misc
matrimonial case (h),131,civ_family
charity application,130,other/unknown
sc/st prevention of atrocity act,130,crim_sessions
ni act chq bounce,130,crim_ni138
trust o.p,130,other/unknown
mact misc.,130,civ_mact
xxxxdom viol,130,other/unknown
cvil suit a,130,civ_suit
misc p.w.d.v act,130,civ_misc
eca-c,130,other/unknown
w.c,130,other/unknown
cr ex,130,crim_magisterial
special session case sc/st,130,crim_sessions
j.o.c,130,other/unknown
ev. suit,129,civ_suit
elec.p,129,other/unknown
c.l.a.,129,civ_misc
maintenance alteration case,129,civ_family
appeal reg.,129,civ_misc
special posco,129,other/unknown
anticipatory bail sc/st,129,crim_bail
crpc 488,129,other/unknown
cr. m. a,129,crim_magisterial
c.r.p.c,129,other/unknown
m h petition,128,civ_misc
appln.-pwa,128,other/unknown
interim relief,128,other/unknown
suit for mandatory injunction,128,civ_suit
sc ppm,128,crim_sessions
misc. wca,128,civ_misc
workmans compensati,128,other/unknown
ikht-tami (criminal case),128,crim_magisterial
consumer act cases,128,other/unknown
m.a.n.r.j.e.,127,other/unknown
miscellaneous appeal,127,civ_misc
laber act,127,other/unknown
civil mislaneous (non related),127,civ_misc
arbitration case.,127,civ_misc
complaint u/s 138 n.i act,127,crim_ni138
app. for implmntation of order,127,other/unknown
appln. wca i,127,other/unknown
crl maintenance,127,civ_family
civil misc casehm,127,civ_misc
appln. wca-g,126,other/unknown
a.i.d,126,other/unknown
wakf.op,126,other/unknown
s.c.c. execuition,126,crim_sessions
cfm,126,other/unknown
suc certificate,126,other/unknown
sc302,126,other/unknown
spl pocso act,126,crim_sessions
crlrev,126,crim_magisterial
application   u/s 488 crpc,126,other/unknown
omp (comm.),126,other/unknown
application (bir-i/c),126,other/unknown
civil misc.41 mact.,126,civ_mact
m.a.ref.ida,125,other/unknown
rcrp,125,other/unknown
payment of wages act cr,125,crim_magisterial
ts(fd),125,other/unknown
guardians wards act,125,civ_family
appln. eca i,125,other/unknown
misc ex. cases,125,civ_misc
guardian,125,civ_family
spl.case(pcso act),125,crim_sessions
135 eletracity_,125,other/unknown
c c ndr,124,crim_magisterial
l.p.c.,124,other/unknown
eesential comodity,124,other/unknown
dist. application,124,other/unknown
executions,124,civ_execution
4.money suit,124,civ_suit
hindu adoptation and maint. act,124,other/unknown
declaratory suit,124,civ_suit
exe. c.s.(b),124,civ_execution
arp,124,other/unknown
c.b.i,124,other/unknown
condenation delay misc. pga,124,civ_misc
intest s/c case (h),124,other/unknown
mis.apln. ra,123,other/unknown
w.m. act,123,civ_mact
g n  wc,123,other/unknown
spl.c(svc),123,other/unknown
civil org. sut.,123,civ_misc
i.e. act cases,123,other/unknown
original maintainance case(n),123,civ_suit
sessions (pocso),123,crim_sessions
other application,123,other/unknown
title suit f. a.,123,civ_suit
accident information report,123,other/unknown
misc (guardianship),122,civ_family
s.f.rec.,122,other/unknown
suit for partition and possession,122,crim_sessions
special case (sc / st act) complaint (p),122,crim_sessions
title suit(munsif),122,civ_suit
miscellaneous civil,122,civ_misc
s t ( type 1 ),122,crim_magisterial
misc ex,122,civ_misc
t s e a,122,other/unknown
con of delay ulp,121,other/unknown
p.a.cases,121,other/unknown
apeal civil,121,civ_misc
st. resto of conjual,121,crim_magisterial
civil misc appeal related,121,civ_misc
regu. cr. 2nd cj ii,121,crim_magisterial
spl. case drug cosm.,121,crim_sessions
1c.c,121,other/unknown
injunction suit,121,civ_suit
c t execution,121,civ_execution
spl. session case (pocso),121,crim_sessions
civil ma,120,civ_misc
spl. kptcl,120,other/unknown
employees compensati,120,other/unknown
sc /st act,120,crim_sessions
ndps. s case,120,crim_sessions
civil exe (mac),120,civ_misc
suit for eviction,120,civ_suit
session cases (ndps),120,crim_sessions
edu. tribunal misc.,120,civ_misc
cri. appeal(cri),120,crim_magisterial
sc-st,120,crim_sessions
misc case dj,120,civ_misc
cril. (n.i),120,other/unknown
t.(p).s,119,other/unknown
matrimonial (mm),119,civ_family
crl.juv.appeal/bail appeal/petition,119,crim_bail
exe. regular,119,civ_execution
l c r,119,other/unknown
fao civ rev,119,other/unknown
spl electricity act,119,crim_magisterial
m a pga,119,other/unknown
special a.b.a,119,other/unknown
spl. sc st,119,crim_sessions
spl.a.c.misc,118,civ_misc
hindu adoptation and maint act,118,other/unknown
p & s act,118,other/unknown
misc case-pre-emption,118,civ_misc
session case type1,118,crim_sessions
cr complaint,118,crim_magisterial
trffic,118,other/unknown
misc case (adoption),118,civ_misc
pocso act 2012,118,crim_sessions
spl.g.r(pocso),118,crim_sessions
r appeal,117,civ_misc
crim.ulp,117,crim_magisterial
essential commodity act.,117,other/unknown
elec act,117,other/unknown
employees compensation act,117,other/unknown
intrim application,117,other/unknown
ct(spl. act),117,other/unknown
misc ex.,117,civ_misc
comm.court (arbitration) mjc,117,civ_misc
cont,117,other/unknown
g  wc,116,other/unknown
special cases (sc/st complaint),116,crim_sessions
original civil misc.,116,civ_suit
industrial tribunal ref.,116,other/unknown
ec act,116,other/unknown
kidnaping and abduction,116,other/unknown
suit for decleration..,116,civ_suit
special-challan...,116,crim_magisterial
125 cr.p.c(intriem),116,civ_family
3/9  n.i. act,116,crim_ni138
civil-execution-a,116,civ_execution
misc. civil appeal(pa),116,civ_misc
clor,116,other/unknown
sessions case t 2,116,crim_sessions
spl. case(pocso),116,crim_sessions
"title suit, jd",116,civ_suit
suit for recovery of money,116,civ_suit
spl. act- s.c -s.t,116,crim_sessions
criminal revision..,116,crim_magisterial
125 (3) cr.p.c.,116,civ_family
title exe.,115,other/unknown
split g.r case a,115,crim_magisterial
g c certificate case,115,other/unknown
spl challan,115,crim_magisterial
cm (ex),115,other/unknown
hma 26,115,civ_family
caveat petition,115,civ_misc
land acquisition execution,115,civ_execution
public utility service cases,115,other/unknown
employee compensation main case baran,115,other/unknown
m.profit r,114,other/unknown
partition suit / title partions,114,civ_suit
land acqisition case,114,civ_misc
uap case,114,other/unknown
m.v claim,114,other/unknown
oc,114,other/unknown
t.s.(part),114,other/unknown
railway  act,114,other/unknown
i.a/m.j.c,114,other/unknown
execution b,114,civ_execution
civil m.j.c. for dj  adj,114,civ_misc
dvp,113,other/unknown
mact exe.,113,civ_mact
app. stay,113,other/unknown
civil reivision.,113,civ_misc
revision petition,113,civ_misc
traffic  challan,113,crim_magisterial
criminal execution,113,civ_execution
488 app.,113,other/unknown
cril. misc. (ab),113,civ_misc
e.arbitration a.,113,civ_misc
condo.delay.pga,112,other/unknown
misc cases  o-9,112,civ_misc
g.r.suppl-a,112,crim_magisterial
motor accident claims cases(n),112,civ_mact
co-operative mis.,112,other/unknown
guvanshiy act,112,other/unknown
suit for permanent and mand. inj.,112,civ_suit
reg civil appeal a,112,civ_misc
minning act,112,other/unknown
dwca,111,other/unknown
panchayat appeal.,111,civ_misc
g.r. suppl 1,111,crim_magisterial
waqf misc.,111,civ_misc
public premises act,111,other/unknown
cri.misc,111,crim_magisterial
xxxxxspl t scst,111,other/unknown
e x ( t ),111,other/unknown
g and w,111,other/unknown
sessions spl. (land grabbing),111,crim_sessions
misceleanous case,111,civ_misc
126(2)-crpc,111,other/unknown
criminal_revision,111,crim_magisterial
xxxxxcri appl,111,other/unknown
civil misc. (inj),111,civ_misc
civil  ( mjc ),111,civ_misc
mat div,111,other/unknown
criminal rev crr  dj,111,crim_magisterial
spl.c corruption,110,other/unknown
cta,110,other/unknown
raj. pub. gambling ordinance,110,other/unknown
claim pet.,110,other/unknown
m.j.c.(civil),110,civ_misc
ev app.,110,other/unknown
c. m. a.  others,110,other/unknown
cases under section 125 cr.p.c.,110,civ_family
appeal registration,110,civ_misc
caveate app.,110,civ_misc
special session trial.,110,crim_sessions
cm gc,110,other/unknown
special case  electricity,110,crim_sessions
cr.bail  439,110,crim_bail
s.t.s,109,crim_magisterial
"recall of witness -0-18 , r-17",109,other/unknown
cr. case complaint sc st,109,crim_sessions
crl rev. pt,109,crim_magisterial
mis. o.9,108,other/unknown
civil misc./41,108,civ_misc
waqf case,108,other/unknown
v.g.r.,108,crim_magisterial
33(c)2,108,other/unknown
appeal against the order,108,civ_misc
ara,108,other/unknown
labour claim computation,108,other/unknown
m.n.r,108,other/unknown
misc. civil appeal for dj / adj,108,civ_misc
ex-ab,108,civ_execution
miscellenous,108,civ_misc
f.r.p.s.-chitava,108,other/unknown
misc old_____,107,civ_misc
challan1,107,crim_magisterial
spl.cr.case g.s.t,107,crim_magisterial
cbi case,107,other/unknown
regu. cr. ist cj ii,107,crim_magisterial
misc. civil case (reg70),107,civ_misc
comm exe,107,other/unknown
mjc criminal  cj,107,crim_magisterial
application wca-b,107,other/unknown
spl.pocso,107,crim_sessions
special a.b.a.(excise-2016),107,crim_magisterial
mutual divorce case,107,civ_family
bkg.petn,107,other/unknown
private complaint case,107,crim_magisterial
o.s. (decl.) suit,107,civ_suit
application - mrtu,106,other/unknown
e.s.i.,106,other/unknown
complain case (o),106,other/unknown
rail act,106,other/unknown
letter of administration,106,other/unknown
s.gr,106,crim_magisterial
session- challan,106,crim_sessions
execution misc./74,106,civ_execution
m.a.c.t.140,106,civ_mact
o.s.c,106,crim_sessions
a civil original suit,106,civ_suit
co.appl.,106,other/unknown
mat decl,106,other/unknown
ex crlmc,106,civ_execution
govt. complaint case,105,crim_magisterial
ex. misc. case,105,civ_execution
2(b)  cc,105,crim_magisterial
misc. c a,105,civ_misc
ndps.,105,crim_sessions
mis.pro.,105,other/unknown
p.o.c.s.o. case,105,civ_suit
misc j.,105,civ_misc
451 c.r.p.c.,105,other/unknown
ui case,105,other/unknown
"criminal misc,/12",105,crim_magisterial
scc sc/st act,105,crim_sessions
civil mjc for dj/adj,105,civ_misc
letter of admin.,104,other/unknown
child labour act,104,other/unknown
injunction,104,other/unknown
related to reg. no.  41,104,other/unknown
application for temporary injunction,104,other/unknown
misc appl. pga,104,civ_misc
special case (p.o.c.s.o.),104,crim_sessions
wards act,104,other/unknown
xxxx--bail,104,crim_bail
criminal,104,crim_magisterial
wc,104,other/unknown
cril. misc. ab,104,civ_misc
spl.c.elect,104,other/unknown
appln. eca b,103,other/unknown
m.t.s.,103,other/unknown
criminal case split,103,crim_magisterial
itr-central (ind. trib. ref.),103,other/unknown
revision against the order,103,other/unknown
446cr.p.c.,103,other/unknown
smal cause court suit,103,civ_suit
spcc,103,other/unknown
comp - ulp,103,other/unknown
crim. ulp,103,crim_magisterial
spl. l. g,103,other/unknown
case u s 488,103,other/unknown
claim_petition,103,civ_misc
special criminal cases (under ndps act.),103,crim_sessions
crl.m condo,103,crim_magisterial
application (bir-i/l),102,other/unknown
appl. wca d,102,other/unknown
spl.ccorr,102,other/unknown
misc case (125 cr.p.c.),102,civ_family
administrative suite,102,civ_suit
special gangester act,102,other/unknown
suit for decl. and per. inj.,102,civ_suit
spl. case a c act,102,crim_sessions
cri. complaint,102,crim_magisterial
spl gr case,102,crim_magisterial
criminal complaint cases,102,crim_magisterial
app u/s 488,102,other/unknown
application...,102,other/unknown
xxxx--misc 74,102,civ_misc
spl. criminal case under act 2012,102,crim_magisterial
execution civil a,102,civ_execution
other suit mort,102,civ_suit
employee compensation main case jhalawar,102,other/unknown
spl.sc ipc and scst,101,crim_sessions
ev.a,101,other/unknown
claim cases misc.,101,civ_mact
prescrived authority case,101,other/unknown
s.c.c misc.,101,crim_sessions
application for grant of temporary injunction,101,other/unknown
cr.m.p.,101,crim_magisterial
t r,101,other/unknown
app for grant of temp. injuction,101,other/unknown
jct,101,other/unknown
civil revision.,101,civ_misc
m c a,101,other/unknown
petition no.c,100,civ_misc
obst.nt.,100,other/unknown
reference ic,100,other/unknown
arb.,100,other/unknown
rent cotrol,100,civ_misc
cr reg case excise,100,crim_magisterial
execution petition case,100,civ_execution
misc maintenance t,100,civ_family
delay application ulp,100,other/unknown
trans. pet.,100,other/unknown
dom.vio,100,other/unknown
bail appln  mseb,99,crim_bail
crl tran mc,99,crim_magisterial
summary suit,99,civ_suit
cma cs,99,civ_suit
su.decl.inju,99,other/unknown
poice challan,99,crim_magisterial
mact execuition cases,99,civ_mact
petition u/s 30 h. m act,99,civ_mact
suit for  permenant injunction,99,civ_suit
l a suit,99,civ_suit
mact exec.,99,civ_mact
un-cr,99,crim_magisterial
e.a.c,99,other/unknown
spl pocso,99,crim_sessions
t.s.(divorce),99,civ_family
application (bir) review,98,other/unknown
final report (old),98,crim_magisterial
misc (succ),98,civ_misc
cr  cases,98,crim_magisterial
eca-b,98,other/unknown
fc misc case,98,civ_misc
c r (forest),98,other/unknown
hmg,98,other/unknown
cm resto,98,other/unknown
mcrc,98,other/unknown
condonation of delay app.(ulp),97,other/unknown
exxxx,97,other/unknown
plantation labour act,97,other/unknown
l. admn.,97,other/unknown
gr cases,97,crim_magisterial
criminal miscelaneous,97,crim_magisterial
tsuit,97,civ_suit
sc mpsidc,97,crim_sessions
w.p.,97,other/unknown
j.misc case,97,civ_misc
j.c.c.,97,crim_magisterial
ham,97,other/unknown
appln.wca d,97,other/unknown
civil mise restoration appl.,97,civ_misc
suit for rendition of accounts,97,civ_suit
special g.r. case,97,crim_magisterial
money suit h a,97,civ_suit
m.a.c.t . execution,97,civ_mact
gambling cases,97,other/unknown
criminal m. v. act case,97,crim_magisterial
misc. crl.,97,crim_magisterial
appln.-wca-f,96,other/unknown
cos,96,other/unknown
succ. certifi. case,96,other/unknown
g.r (s),96,crim_magisterial
ad.int.rel,96,other/unknown
prob.op,96,other/unknown
sucession certificat,96,other/unknown
execution misc.,96,civ_execution
04 final report,96,crim_magisterial
m.j.c. (criminal),96,crim_magisterial
spl ndps,96,crim_sessions
mat.ref.,96,other/unknown
spl case currption,96,crim_sessions
fsat,96,other/unknown
cril. misc. zima,96,civ_misc
misc. cases(cri),96,crim_magisterial
cri. rev. ap.,96,crim_magisterial
i.p.,95,other/unknown
misc. applin.,95,civ_misc
d.r.a,95,other/unknown
minimum wages act,95,other/unknown
2 (c)c.c.,95,crim_magisterial
pa execution,95,civ_execution
c.t.(sessions),95,crim_sessions
cr-execution,95,civ_execution
crl misc limitation,95,crim_magisterial
criminal misc case (n),95,crim_magisterial
adoption case,95,other/unknown
2(c)cc (r),95,crim_magisterial
ct.ss,95,crim_magisterial
restoratn of suits,95,civ_suit
sst (atrocity act),95,other/unknown
civil appeal  a adj ist,95,civ_misc
spl vig case,94,other/unknown
g. o.(f),94,other/unknown
r.c.c. cases,94,crim_magisterial
reg. mise.,94,other/unknown
revocation  case ( from probate ),94,other/unknown
spl ndps act,94,crim_sessions
contract labour act-1970.,94,other/unknown
os(la),94,civ_suit
original suit mts,94,civ_suit
transfer petition criminal case,94,crim_magisterial
xxxxxspl t electricity,94,other/unknown
01 criminal_revision,94,crim_magisterial
mp case,94,other/unknown
nia crma,94,crim_magisterial
cr-en,94,crim_magisterial
lok adalat case ( criminal),94,crim_magisterial
g.o.,93,other/unknown
gw act.,93,other/unknown
contract labour act,93,other/unknown
case u/s 488/interim appl.,93,other/unknown
p. a. appeal,93,civ_misc
civil application,93,civ_misc
complaint case c r,93,crim_magisterial
recovery appn pga1,93,other/unknown
cri. ulp 2016,93,crim_magisterial
wages act,93,other/unknown
railway (old),93,other/unknown
payment of wages actcr,93,other/unknown
anticipatory bail sc st act,93,crim_bail
suit decl and prmnt injetion,93,civ_suit
fr posco,93,other/unknown
arbition award ex.,93,other/unknown
frt(gr),93,crim_magisterial
petition no.d,92,civ_misc
u.r.a,92,other/unknown
p.c. act,92,other/unknown
g r case (t),92,crim_magisterial
complaint govt. case,92,crim_magisterial
2 (b) c.c,92,crim_magisterial
2(b)cc case,92,crim_magisterial
exec.  app.,92,other/unknown
restroation,92,other/unknown
civil misc non con.,92,civ_misc
restrtn of conj righ,92,other/unknown
warrant procedure,92,crim_magisterial
mwmisc lc,92,civ_misc
ts-par,92,other/unknown
suit for possesion,92,civ_suit
title dec. suit,92,civ_suit
judl misc case,92,civ_misc
misc.   j  case,92,civ_misc
hindu minority and guardinaship,92,other/unknown
m.p.p.,91,other/unknown
appeal ulp,91,civ_misc
civil ex case,91,civ_misc
evi suit,91,civ_suit
suit for conjugual rights,91,civ_suit
maintainance488,91,other/unknown
other execution,91,civ_execution
payment of  wages act,91,other/unknown
guardian and wards case,91,civ_family
money exe.,91,other/unknown
permanent prohibitry injunction,91,other/unknown
succession--,91,civ_misc
spl.  p.c.,91,other/unknown
rcp.,90,other/unknown
mvc  ep,90,civ_mact
partition suits,90,civ_suit
idr,90,other/unknown
138 n i act,90,crim_ni138
civil. app. decree,90,civ_misc
id ref,90,other/unknown
roabkar,90,other/unknown
labour challan,90,crim_magisterial
closure report,90,other/unknown
spl. s t atrocities,90,crim_magisterial
civilsuit for dj and adj,90,civ_suit
cm pmp,90,other/unknown
mpid m.a. others,89,other/unknown
cri. ulp,89,crim_magisterial
app.bir.i.c,89,other/unknown
m a c t ex.,89,civ_mact
u p u b appeal,89,civ_misc
crl rev pet,89,crim_magisterial
final decree.c.s,89,civ_suit
civil suit ts,89,civ_suit
ur case,89,other/unknown
xmisc.civil a,89,civ_misc
l.a.misc case,89,civ_misc
civil misc70,89,civ_misc
m.ex,88,other/unknown
drugcosmetic,88,other/unknown
rca.,88,civ_misc
m a c execuition cases,88,civ_execution
recovery of an amount,88,other/unknown
suit for perpetual injecti,88,civ_suit
e.p(execution),88,civ_execution
civil misc appln,88,civ_misc
spl sess case stsc,88,crim_sessions
successions,88,civ_misc
3cc,88,other/unknown
repayment application,88,other/unknown
comm tm cs,88,civ_suit
o.c. execution (arbitation),88,civ_execution
review it,88,other/unknown
ipa,88,other/unknown
petition no d,87,civ_misc
suit trade mark act,87,civ_suit
op inslv,87,civ_misc
miscelleneous,87,civ_misc
letter of administration case,87,other/unknown
suit for decl.perpetual inj,87,civ_suit
cma hm,87,other/unknown
b.misc case,87,civ_misc
mact 166/140,87,civ_mact
execution---,87,civ_execution
civil misc (re) t.i,87,civ_misc
140 interim,87,other/unknown
e.c. act,87,other/unknown
m a .pga,87,other/unknown
misc. criminal others,87,crim_magisterial
sp procso,87,other/unknown
cr.juv.appeal,87,crim_magisterial
p.a. appeal,87,civ_misc
spl. case(ec act),87,crim_sessions
title execution case,86,civ_execution
rent m. /41,86,civ_misc
sessiontrial split case a,86,crim_sessions
c.w.e,86,other/unknown
t.a.,86,other/unknown
challan-,86,crim_magisterial
e.s.i. t.i.,86,other/unknown
anti-corruption challan/ case,86,crim_magisterial
misc  appln  scst,86,civ_misc
kid 10 of 4 a,86,other/unknown
misc . civil application,86,civ_misc
exr.,86,other/unknown
grp mv,86,other/unknown
m.a.c.t. m.j.c.,86,civ_mact
crl.misc.446,86,crim_magisterial
assam forest regulation,85,other/unknown
prevn. of atrocities act.,85,other/unknown
spl.c(cbi),85,other/unknown
civil misc. appeal(n),85,civ_misc
cr. case (family court),85,civ_family
execution.criminal,85,civ_execution
cbi cc,85,crim_magisterial
other misc case,85,civ_misc
money execution (arbitration),85,civ_execution
spl(pocso),85,crim_sessions
spl case(sc and st/poa)act,85,crim_sessions
succession misc case,85,civ_misc
t.r.p.c.,85,other/unknown
misc case (arbitration),85,civ_misc
civil case-a class,85,civ_misc
civil mise(r),85,civ_misc
civil misc(condonation),85,civ_misc
raj. pro./smo.  act,85,other/unknown
civil appeal rent,85,civ_misc
criminal appeal cr adj,85,crim_magisterial
property damage case  m a c t,84,civ_mact
state c.r.,84,other/unknown
reg.com(p),84,other/unknown
bail cancelation,84,crim_bail
c.m.(c),84,other/unknown
gua.p,84,other/unknown
probate case(civil),84,civ_misc
civil misc.(execution),84,civ_execution
misc.succession case,84,civ_misc
complain registration,84,other/unknown
m a -pga resto,84,other/unknown
pocso act cases,84,crim_sessions
cr.complaint,84,crim_magisterial
cancr,84,other/unknown
special sessions trial,84,crim_sessions
rent misc case t,84,civ_misc
crma-maint,84,crim_magisterial
ndps.  case,83,crim_sessions
cr.misc. 125 crpc,83,civ_family
local and special laws act,83,other/unknown
ex.pet.,83,civ_execution
cri reg,83,crim_magisterial
rent miscellaneous,83,civ_misc
m.c 457,83,other/unknown
mjc wkf,83,other/unknown
misc.criminal case,83,crim_magisterial
sessions case( cha),83,crim_sessions
cr.case complaint,83,crim_magisterial
01civil appeal,83,civ_misc
counter claim-cross obj,83,crim_magisterial
crl.misc us446,83,crim_magisterial
l.a. pre civil,83,civ_misc
revenue revision case,83,other/unknown
hindu marriage,83,civ_family
m.nt. ra,82,other/unknown
bail appln sc,82,crim_bail
prevention of corruption act,82,other/unknown
title (divorce) suit,82,civ_family
money execuiton,82,other/unknown
l a c ex.,82,civ_misc
t. c case,82,other/unknown
crl. case mb act,82,crim_magisterial
summons procedure,82,crim_magisterial
mjc ins,82,other/unknown
misc. (violation) case.,82,civ_misc
dpt. eq crl,82,crim_magisterial
civ. misc. appln,82,civ_misc
challan..,82,crim_magisterial
civil appeal for dj,82,civ_misc
condonation of delay app.ulp,81,other/unknown
partion suit or title partion suit,81,civ_suit
civil  revision,81,civ_misc
m.v.acts,81,crim_magisterial
spl.c (ndps),81,crim_sessions
d.r.c,81,other/unknown
contemptapplication,81,other/unknown
mact claims,81,civ_mact
civil misc(n re.)others,81,civ_misc
misc. probate case,81,civ_misc
mngr,81,other/unknown
pus446crpc,81,other/unknown
hindu adoptation  maint. act,81,other/unknown
sc.st (pa )act,81,crim_sessions
sebi,81,other/unknown
mat suit t,81,civ_suit
spl.c of pocs0,81,other/unknown
c.g.,80,other/unknown
weight and  measurement act 1985,80,other/unknown
reference execution,80,civ_execution
misc. civil rent,80,civ_misc
restroration,80,other/unknown
i.s.a.,80,other/unknown
conjugal rights,80,other/unknown
misc. s.c.c.,80,crim_sessions
crm. comp. case,80,crim_magisterial
ca / obj,80,other/unknown
air.misc.mvc,80,civ_mact
mact misc(civil case),80,civ_mact
"injunction o-39 , r1, 2(civil case)",80,civ_misc
app for restoration,80,other/unknown
cril misc  execution,80,civ_execution
iadva,80,other/unknown
hawkers cases,80,other/unknown
sccdc,80,other/unknown
misc  appln  tada,79,civ_misc
petition no.b,79,civ_misc
application under sect 82-83,79,other/unknown
raj muncipalties act,79,other/unknown
suit for mandt inj,79,civ_suit
land acq,79,civ_misc
mcc,79,other/unknown
st (lg),79,crim_magisterial
anticipatory bail excise act,79,crim_bail
special case (ndps),79,crim_sessions
criminal appeal juv,79,crim_magisterial
ex. civil  dj,79,civ_execution
condn of delay-ulp--,78,other/unknown
b.f.,78,other/unknown
guardian & wards case,78,civ_family
suit bny person of unsoiund mi,78,civ_suit
"misc cases a) o-9 ,",78,civ_misc
misc case125 127 446,78,civ_misc
s.c.c.r,78,crim_sessions
hindu marriage act.,78,civ_family
waqf,78,other/unknown
ngr(e),78,other/unknown
pocso cases,78,crim_sessions
misc u/s 125,78,civ_family
special case (ndps act),78,crim_sessions
cr. m. a.l (others),78,crim_magisterial
civil misc (nre.)others,78,civ_misc
muncipal board cases,77,other/unknown
election misc case,77,civ_misc
app.488,77,other/unknown
counter claim cross obj.,77,crim_magisterial
biract,77,other/unknown
fc,77,other/unknown
cbc,77,other/unknown
split  gr   b,77,crim_magisterial
criminal.misc,77,crim_magisterial
2.b(c.c.),77,crim_magisterial
"suit for decl, partition and possession",77,crim_sessions
m.a.c.case,77,civ_mact
application for temp inj.,77,other/unknown
446 cr.pc,77,crim_magisterial
misc. civil appeal for dj adj,77,civ_misc
cri. misc.125crpc,77,crim_magisterial
misc.(air),77,civ_misc
app.-bir-i-c,76,other/unknown
pmla spl  case,76,other/unknown
appln.pwa,76,other/unknown
title claim suit,76,civ_suit
"excise case,raxaul",76,crim_magisterial
civil appeal decree,76,civ_misc
labour enforcement  act,76,other/unknown
arbitration appeal,76,civ_misc
declarative suit(civil),76,civ_suit
children case,76,other/unknown
r.t,76,other/unknown
suit for mandatory injuntion,76,civ_suit
prs,76,other/unknown
criminal revision (h),76,crim_magisterial
other misc. appl.,76,civ_misc
mact(exec.),76,civ_mact
cri. exeu,75,crim_magisterial
ele.apl,75,other/unknown
ts(r),75,other/unknown
challan with robkar,75,crim_magisterial
d. r.,75,other/unknown
mact c.m.,75,civ_mact
suit for permanent injection,75,civ_suit
sessions case(ndps act.),75,crim_sessions
excr.misc,75,civ_misc
o.exn.,75,other/unknown
cross appeal cross obj.,75,crim_magisterial
civil suit for dj /adj,75,civ_suit
pvtcc,75,other/unknown
misc. ptn.,75,civ_misc
anticipatory bail excise,75,crim_bail
misc case family cou,75,civ_family
others,75,other/unknown
sucession certificate cases(civil case),75,civ_misc
spl marriage act,75,civ_family
prn,75,other/unknown
s.t. (caw),75,crim_magisterial
money execution  t,75,civ_execution
j.c,75,other/unknown
itr,74,other/unknown
c2,74,other/unknown
attachment before judgemnt o-38 rule 5,74,other/unknown
spl. case (pesu),74,crim_sessions
sessions case(murder/culpable),74,crim_sessions
misc premption,74,civ_misc
oc execution,74,civ_execution
ts cc,74,crim_magisterial
cr.misc.trns. piti,74,crim_magisterial
restoration application..,74,other/unknown
special case  (pocso),74,crim_sessions
nia-138,74,crim_ni138
judl.misc-m.s,74,civ_misc
election misc. case,74,civ_misc
condonation of delay app ulp,73,other/unknown
special case cbi,73,crim_sessions
g.r.cases suppl.a,73,crim_magisterial
miscellenious appeal,73,civ_misc
sessions challan,73,crim_sessions
reg. ex.,73,other/unknown
app  for grant of  intrim relief,73,other/unknown
"appeal -misc a) injunction , b) receivership",73,civ_misc
ex(m),73,civ_execution
review case,73,other/unknown
t s ( c c ),73,crim_magisterial
misc judl.succession,73,civ_misc
special ndps,73,crim_sessions
h. m. p.,73,other/unknown
v.r.a,73,other/unknown
execution criminal,73,civ_execution
criminal appeal juv. justice,73,crim_magisterial
mics criminal case (other),73,crim_magisterial
"weight , measure",73,other/unknown
sp.st pocso,73,crim_sessions
application u/s 80 cpc,73,other/unknown
c.fr,73,other/unknown
crl. m.c.vig-bail,73,crim_bail
c. m. c. succ.,73,other/unknown
res,72,other/unknown
p c a,72,other/unknown
s.t. mis.,72,crim_magisterial
spl.cases -sc/st,72,crim_sessions
suit for ejectment,72,civ_suit
ieso lc,72,other/unknown
house tax appeal,72,civ_misc
dpt eq,72,other/unknown
condon delay pga,72,other/unknown
c r (pwdv),72,other/unknown
edu. tribunal appeal,72,civ_misc
transfer  application,72,civ_misc
police remand,72,other/unknown
xxxxxfr,72,other/unknown
misc. civil/70,72,civ_misc
misc.civil appeals,72,civ_misc
civil-mjc,72,civ_misc
special marriage case,72,civ_family
<NA>,72,other/unknown
special( p and c),72,other/unknown
sessions case(ndps act),72,crim_sessions
t.( ex),71,other/unknown
spl.c ndps,71,crim_sessions
execution petitioncr,71,civ_execution
g r case warrant,71,crim_magisterial
miscellneous case,71,civ_misc
s.p..e.,71,other/unknown
declaration suit(civil case),71,civ_suit
tr.p.(c),71,other/unknown
suit for perpetual injection,71,civ_suit
o.c. execution,71,civ_execution
divorce suit,71,civ_family
land grabbing case,71,other/unknown
payment of wages act.,71,other/unknown
land aq .  cases,71,other/unknown
civil transfer petition,71,civ_misc
cri. misc.case,71,crim_magisterial
sarfaesi,71,other/unknown
m.j.c,71,other/unknown
application for execution,71,civ_execution
xxxxxposco,71,other/unknown
pocso sessions case spl,71,crim_sessions
civil misc.(condonation),71,civ_misc
spl. t pocso,71,crim_sessions
appln.wca.f,70,other/unknown
application wca -a,70,other/unknown
partion (title) suit,70,civ_suit
civil misc.appeal,70,civ_misc
title p. suit,70,civ_suit
com.a.a.,70,other/unknown
misc. review (mact),70,civ_mact
7/16 pfa act,70,other/unknown
application for grant of bail,70,crim_bail
cbi cr a,70,crim_magisterial
mscapp,70,other/unknown
sp. case electricity,70,other/unknown
estate acquisition appeal,70,civ_misc
fao  t,70,other/unknown
i.d.r.,70,other/unknown
assam land grabbing (p) act,70,other/unknown
t.s.(r),70,other/unknown
u488,70,other/unknown
implementation of court order,70,other/unknown
cr(dv),70,crim_magisterial
t   s ( r c r ),70,other/unknown
bail appl. g act,70,crim_bail
r.d.r.,70,other/unknown
guardian and ward act,69,civ_family
civil misc (other execution),69,civ_execution
adr revision,69,other/unknown
crime against women,69,crim_magisterial
cbi spl.case,69,crim_sessions
suit for mandat and per.injucti,69,civ_suit
insolvancy,69,other/unknown
pmp,69,other/unknown
arbitration. misc.,69,civ_misc
25 ps act,69,other/unknown
m.misc,69,civ_misc
m.j.c. civil,69,civ_misc
civil  suits a,69,civ_suit
spl.crl.c.,69,crim_magisterial
appln_wca_a,68,other/unknown
misc ( m ),68,civ_misc
s.t. split,68,crim_magisterial
crl. misc.execution,68,civ_execution
arbitration misc. case,68,civ_misc
exectn. case,68,other/unknown
papur suit,68,civ_suit
r.c.p.a.,68,other/unknown
mat.case.,68,other/unknown
suit for permenent inj,68,civ_suit
special cbi  case,68,other/unknown
c2(cla),68,other/unknown
ca/obj,68,other/unknown
bail application pocso,68,crim_bail
spl.t./ndps,68,crim_sessions
challan f.c,68,crim_magisterial
arms act 4/25,68,other/unknown
civil mjc adj ist,68,civ_misc
ref.-ulp-i.s.,67,other/unknown
u. mis,67,other/unknown
t. ev. suit,67,civ_suit
civil. misc.,67,civ_misc
2 (b). c.c,67,crim_magisterial
suit for restitution  of conj. rights,67,civ_suit
suit for special performance of contract(civil),67,civ_suit
misc.civil/7,67,civ_misc
elop,67,other/unknown
mr. execution,67,civ_execution
7.l.o.a.,67,other/unknown
dv act.,67,other/unknown
mcs act-summery dispute,67,other/unknown
criminal misc(j),67,crim_magisterial
crl. exn.,67,crim_magisterial
spl. case u/s4 pocfso,67,crim_sessions
kishor nyay board./11,67,other/unknown
crim. revn. appln. ulp,66,crim_magisterial
appln.blwf,66,other/unknown
title (partition) suit,66,civ_suit
spl(n),66,other/unknown
cr. case 138,66,crim_ni138
insecticide act,66,other/unknown
cr.r.p,66,crim_magisterial
s.c.c. rev.,66,crim_sessions
t.r case,66,other/unknown
st for dclrtn prmnent injuncti,66,crim_magisterial
la misc.,66,civ_misc
special case(electricity),66,crim_sessions
crml revision,66,crim_magisterial
spl. t. pocso,66,crim_sessions
spl.t/pocso,66,crim_sessions
scc misc case,66,civ_misc
misc. app. (ida) restoration,65,civ_misc
copy right act.,65,other/unknown
arms acts,65,other/unknown
distress warrent,65,civ_misc
f.claim,65,other/unknown
cri. case complaint (o),65,crim_magisterial
m.c. 446 cr.pc.,65,crim_magisterial
s.c.c. exec.,65,crim_sessions
execution  cases,65,civ_execution
cbi cr rev,65,crim_magisterial
other misc. appln-84,65,civ_misc
p r c case,65,other/unknown
pocso special,65,crim_sessions
misc comp.,65,civ_misc
execution criminal case,65,civ_execution
anti.b,65,other/unknown
finalreport,65,other/unknown
pasco,65,other/unknown
crlmisc dom,65,crim_magisterial
criminal notification case,65,crim_magisterial
for grant of bail,65,crim_bail
review appln (ulp),64,other/unknown
eviction execution,64,civ_execution
p  and amp sc,64,crim_sessions
educational tribunal,64,other/unknown
p. misc.,64,civ_misc
pa suit,64,civ_suit
explosive act,64,civ_execution
suit for manditory,64,civ_suit
mis petition,64,civ_misc
air misc mvc,64,civ_mact
2(c)c.c. case,64,crim_magisterial
application necassary action,64,other/unknown
bkg. petn.,64,other/unknown
mjc  crpc 125(3),64,civ_family
omp (t) (comm.),64,other/unknown
civil suit a adj ist,64,civ_suit
la b,64,civ_misc
s.m.c.,63,other/unknown
summery case,63,other/unknown
misc cases vs 127 crpc,63,civ_misc
u.a.p act case,63,other/unknown
d r a,63,other/unknown
civil execuition,63,civ_execution
m.c. 128 cr.p.c.,63,crim_magisterial
misc ( prob.) case,63,civ_misc
prescribed authority,63,other/unknown
smst-s,63,other/unknown
ts r,63,other/unknown
488 cr.p.c.,63,crim_magisterial
criminal revision old,63,crim_magisterial
misc.civil old,63,civ_misc
civil execution (arbitration),63,civ_execution
court complaint,63,crim_magisterial
civil suit a family court,63,civ_family
mact exicution,63,civ_mact
m a ulp restoration,62,other/unknown
rev. pet,62,other/unknown
misc civil appl,62,civ_misc
c.r.p,62,other/unknown
suit for decl and perputual inj.,62,civ_suit
cr. rev,62,crim_magisterial
recovery suit(civil case),62,civ_suit
civil suit  b,62,civ_suit
civil suit class a (dj adj),62,civ_suit
guardians and  wards act,62,civ_family
a . i .r .,62,other/unknown
specialpocso,62,crim_sessions
session challan,62,crim_sessions
special case n.d.p.s.,62,crim_sessions
cm ex,62,other/unknown
s   t   type 2,62,other/unknown
criminal m.v. act case,62,crim_magisterial
consumer protection case,62,other/unknown
sucession certificate cases (not in use),62,other/unknown
muslim women protect,62,other/unknown
m.a. ida restoration,61,other/unknown
condation of delay application ulp,61,other/unknown
misc. app. (ulp) recovery,61,civ_misc
appln wca  a,61,other/unknown
insolvancy petition,61,civ_misc
misc. cases for dj amp adj,61,civ_misc
cr forest,61,crim_magisterial
reg. civil. appeal,61,civ_misc
conjugal rights suit,61,civ_suit
execuition cases(civil case),61,civ_execution
land_acquisition_act,61,other/unknown
"cr ps, manchenahalli",61,crim_magisterial
misc. telegraph act,61,civ_misc
civil suit b dj,61,civ_suit
condation of delay appln ulp,60,other/unknown
cr. misc. p. case,60,crim_magisterial
arms act.,60,other/unknown
u/ s 10 of i d act,60,other/unknown
spl.c(kla),60,other/unknown
prevention of cruelty to animal act,60,other/unknown
case under e s i act,60,other/unknown
cr app.,60,crim_magisterial
misc.civil form no. 70,60,civ_misc
civil review,60,civ_misc
civil misc. (nr) i.s.a.,60,civ_misc
u p u b execution,60,civ_execution
tr.p.(crl.),60,crim_magisterial
suit for perment  inj,60,civ_suit
eviction suit(u/s bbc act/ u/s 111 tp act)(civil),60,civ_suit
precribe authority execution,60,civ_execution
p.c.c.,60,crim_magisterial
injunction applications,60,other/unknown
sc_st case,60,other/unknown
cr case (warrent),60,crim_magisterial
transfer petition (cr),60,crim_magisterial
sucession certificate cases(n),60,other/unknown
suit for permanent prohibitory injunction,60,civ_suit
crl. rvn.,60,crim_magisterial
criminal.appeal,60,crim_magisterial
jscc rev.,60,other/unknown
ca/o,60,other/unknown
posco act 2012,60,other/unknown
civil suit   b,60,civ_suit
civil suits a appel,60,civ_suit
spl case-pocso act,60,crim_sessions
m.a. ida review,59,other/unknown
appl. wca g,59,other/unknown
wild protection act,59,other/unknown
c.o.a.,59,other/unknown
civmiscappl,59,civ_misc
e.c.act.spl.case(electrical),59,crim_sessions
sitr,59,other/unknown
session case(murder/culpable),59,crim_sessions
f.d.c.s.,59,civ_suit
s.s.t. (e.c.act),59,crim_magisterial
1 (c)c.c,59,crim_magisterial
murder,59,other/unknown
int case,59,other/unknown
cr. m(c),59,crim_magisterial
suit for perpertual injunction,59,civ_suit
appeal against  order,59,civ_misc
decl.suit,59,civ_suit
pocso.s.case,59,crim_sessions
application u/s-100,59,other/unknown
application for implementation,59,other/unknown
consumer compliant,59,other/unknown
t p,59,other/unknown
xxxxxcri.misc.app,59,civ_misc
misc.  civil appeal.,59,civ_misc
misc. civil-70,59,civ_misc
spl. st vigilance,59,crim_magisterial
interlocutary application,59,other/unknown
misc.civil 74 dj,59,civ_misc
xbail  app. gangster,59,crim_bail
cond. of delay,58,other/unknown
survey appeal,58,civ_misc
money execution civ,58,civ_execution
mact (property damaged case),58,civ_mact
index file,58,other/unknown
ndps challan,58,crim_sessions
civil--misc,58,civ_misc
civil mislaneous 151 cpc.,58,civ_misc
precibe authority misc.,58,civ_misc
comp-lc,58,other/unknown
criminal u.l.p.,58,crim_magisterial
idact of s10 1 c,58,other/unknown
anticipatory bail pocso act,58,crim_bail
c3(excise),58,crim_magisterial
"g u a, p",58,other/unknown
m.c.a,58,other/unknown
xxxxxc appl,58,other/unknown
u.t,58,other/unknown
cross appeal- cross obj.,58,crim_magisterial
ref-lcidat,58,other/unknown
civil-execution,58,civ_execution
dc-civil m.a.,58,civ_misc
transfer  appl,58,civ_misc
lc app u/s 2a(2) id act 1947,58,other/unknown
remand applin.,57,other/unknown
restoration appln (ulp),57,other/unknown
session trial supl a,57,crim_sessions
cp case,57,other/unknown
hma11,57,civ_family
civil misc. (nr) guardianship,57,civ_family
rs- execution,57,civ_execution
app u/s 151 cpc,57,other/unknown
co-ob,57,other/unknown
civil misc.petition,57,civ_misc
spl. case (p.c. act),57,crim_sessions
lunacy/ adoption/ insolvancy,57,other/unknown
suit fr rest.conj.rights and inj,57,civ_suit
suit fr decl.possession and inj.,57,crim_sessions
2(a)c.c(ndps act),57,crim_sessions
criminal misc old,57,crim_magisterial
xxxxmisc 7,57,civ_misc
ta crm,57,crim_magisterial
arbitration execution t,57,civ_execution
civil mise(succ),57,civ_misc
special criminal case (under electricity act.)2003,57,crim_magisterial
civil suit ts h m,57,civ_suit
g c case t,57,other/unknown
tele act,57,other/unknown
cril  zima,57,other/unknown
civil misc. pet,57,civ_misc
app.for staying imp. order,57,other/unknown
rajasthan tourism trade act,57,other/unknown
civil appeal a  dj,57,civ_misc
tada s. c.,56,crim_sessions
company application,56,other/unknown
car (rent control),56,civ_misc
suit for specific performance,56,civ_suit
testamentary suit,56,civ_suit
e.b.g.r,56,crim_magisterial
minimum wages act-1948,56,other/unknown
cri. m. a.,56,crim_magisterial
misc. pwa,56,civ_misc
restor. ptn,56,other/unknown
criminal misc petition,56,crim_magisterial
mis. civil application,56,civ_misc
app. for intrime maintainenece,56,other/unknown
suit for permnt and mand. inj,56,civ_suit
intestate case,56,other/unknown
misc. claim petition,56,civ_misc
ot.misc.,56,civ_misc
sc and st a.b.p,56,crim_sessions
application (pw),55,other/unknown
special case ndps,55,crim_sessions
spl. case (r.c.),55,crim_sessions
comp ipc or pvt,55,crim_magisterial
cri  misc case,55,crim_magisterial
compliant  by officer eco offe,55,other/unknown
mact miscelleneous,55,civ_mact
lcm (labor case misc.),55,civ_misc
p.a. apeal,55,other/unknown
t r p (c),55,other/unknown
app.,55,other/unknown
original suit/hm,55,civ_suit
app for release,55,other/unknown
cr. exe. 488 cr.pc,55,crim_magisterial
g.w.a.,55,other/unknown
macmm,55,civ_mact
m p case,55,other/unknown
spl.c.anti.c.,55,other/unknown
maintenance ex.,55,civ_family
dpt eq cr,55,crim_magisterial
sammary-c,55,other/unknown
spl. case sc/st,55,crim_sessions
ecooff. case,55,other/unknown
maintenancealterationcase,55,civ_family
d v act 2005,55,other/unknown
application for interim relief,55,other/unknown
lab. misc,55,civ_misc
cr revision,55,crim_magisterial
execution u/s 488crpc,55,civ_execution
scc-ex,55,other/unknown
lr misc appeal,55,civ_misc
misc judicial (adoption),55,civ_misc
cr(v),55,crim_magisterial
execution (m.a.c.t.),55,civ_mact
misc. civil appln.,55,civ_misc
appln wca  c,54,other/unknown
complaint it,54,crim_magisterial
application wca-g,54,other/unknown
civil misc. app.,54,civ_misc
cases under section 127 cr.p.c,54,crim_magisterial
spl. act,54,other/unknown
special challan,54,crim_magisterial
c.m.a.(m.j.c.),54,other/unknown
r.misc.,54,civ_misc
civil misc appeal 0,54,civ_misc
s.c.c.excutio,54,crim_sessions
166 and140 mact,54,civ_mact
suit fr partitn n in,54,civ_suit
recovery,54,other/unknown
crl. appl.,54,crim_magisterial
summary trial cjm,54,crim_magisterial
eca-h,54,other/unknown
"criminal complaint(o),sadar",54,crim_magisterial
damage suit,54,civ_suit
cma/50,54,other/unknown
release app,54,other/unknown
app for intrim maintainence,54,other/unknown
compt. u/s138 ni act,54,crim_ni138
civil revision petit,54,civ_misc
registration apeal,54,other/unknown
pus446cpc,54,other/unknown
fao (h),54,other/unknown
os gw,54,civ_suit
crl. appeal case,54,crim_magisterial
spl.c.(pocso),54,crim_sessions
457 crpc,54,other/unknown
b.g.p.e.act case,54,other/unknown
c.t-s.s,54,crim_magisterial
appln pwa,53,other/unknown
s.c.s,53,crim_sessions
under railway act,53,other/unknown
succesion certificate,53,other/unknown
mislaneous 446,53,other/unknown
cr. misc. old,53,crim_magisterial
civil misce 07,53,civ_misc
app for contempt proceedings,53,other/unknown
land referance,53,other/unknown
f.r .p.s. - parbatsar,53,other/unknown
elec act  case,53,other/unknown
civil cases,53,civ_misc
"suit fr prmnt, prohibitory inj",53,civ_suit
suit for possession(civil),53,crim_sessions
f.d,53,other/unknown
inter a,53,other/unknown
miscapp-ic,53,civ_misc
judl.misc(c),53,civ_misc
special(pocso) case,53,crim_sessions
title suit (sub-judge),53,civ_suit
cyber case,53,other/unknown
g.r spt iii,53,crim_magisterial
s.c.c.exe.,53,crim_sessions
cr. ndps ftc,53,crim_sessions
n.i. act case,53,crim_ni138
s. t. case,53,crim_magisterial
petition no c,52,civ_misc
application wca-i,52,other/unknown
civil m. a.,52,civ_misc
e r act case,52,other/unknown
spl.case(lok),52,crim_sessions
d.v. act cases,52,other/unknown
i,52,other/unknown
c m.,52,other/unknown
poper,52,other/unknown
jcr,52,other/unknown
roabkar1,52,other/unknown
suit  for partition and pmt in,52,civ_suit
s.c.c.execution,52,crim_sessions
guaradian petition,52,civ_misc
forest cases,52,other/unknown
misc. will probate,52,civ_misc
muslim women protection divorce,52,civ_family
misc case-125 cr. p. c,52,civ_family
cr dv act,52,crim_magisterial
misc application(civil case),52,civ_misc
suit for dec. and permenant inj,52,civ_suit
succession misc.case,52,civ_misc
transfer appl.,52,civ_misc
suit for permnt and perpt. inj,52,civ_suit
civil app,52,civ_misc
01civil revision,52,civ_misc
civil misc execution,52,civ_execution
civil misc. 41,52,civ_misc
election,51,other/unknown
test suit,51,civ_suit
civil suite fatal accident,51,civ_suit
spl t ec,51,other/unknown
special court cases (ndps act),51,crim_sessions
cvl mislaneous,51,other/unknown
u.p.u.b. misc,51,civ_misc
ex.p,51,civ_execution
application for stay order,51,other/unknown
jgr,51,other/unknown
app. for condonation of delay,51,other/unknown
panchayat revision,51,other/unknown
miscapp esi,51,civ_misc
m.a.c.t.ex.,51,civ_mact
mgp,51,other/unknown
review.petition,51,civ_misc
g r case summon,51,crim_magisterial
app. for rele,51,other/unknown
interlocatary applic,51,other/unknown
restoration appl.,51,other/unknown
weight amp measurement act,51,other/unknown
xxxxxex reg,51,other/unknown
execution claim cases,51,civ_mact
nia  anexure crime,51,crim_magisterial
smst-r,51,other/unknown
ex mac,51,civ_execution
d. v. case,51,other/unknown
cril misc. zima,51,civ_misc
cril.misc. bail,51,crim_bail
revenue misc. case,51,civ_misc
pocso misc.,51,crim_sessions
xxxxsuccession,51,civ_misc
m.a.ida.review,50,other/unknown
rev (rent),50,civ_misc
civil.misc,50,civ_misc
sc st prevention of atrocity act,50,crim_sessions
misc. case (criminal),50,crim_magisterial
civil misc/74,50,civ_misc
xjm complaint case-,50,crim_magisterial
misc (act viii),50,civ_misc
o.c.execution,50,civ_execution
old execution,50,civ_execution
misc.succession,50,civ_misc
o. c. appeal,50,civ_misc
misc application ida,50,civ_misc
sess spl-electricity,50,other/unknown
title suit  r,50,civ_suit
maint. case,50,other/unknown
elec misc.case,50,civ_misc
misc. crl.case.,50,crim_magisterial
m.c.-pwdv act,50,other/unknown
special s. t. (ndps act),50,crim_sessions
o.c. exec.,50,other/unknown
civil misc (rest),50,civ_misc
tripura shops and esstt act,50,other/unknown
crlmisc int,50,crim_magisterial
exe. 127 cr.p.c,50,civ_execution
scrc (electricity act),50,crim_magisterial
jjb-bail,50,crim_bail
comp.case acj sd,50,other/unknown
n.l.a crl.,50,crim_magisterial
misc. app. ulp restoration,49,civ_misc
land aq. cases,49,other/unknown
m.w.,49,other/unknown
n.d.p.s case (n),49,other/unknown
suit for copyright,49,civ_suit
nmp,49,other/unknown
civil appeal...,49,civ_misc
c.t.spl.(n),49,other/unknown
dra rev.,49,other/unknown
c.t.(spl.) n.d.p.s.,49,other/unknown
suit permant injuction and decl.,49,civ_suit
suit for specific  relief,49,civ_suit
civil appeal b,49,civ_misc
money ex.,49,other/unknown
446cr.pc,49,other/unknown
6.misc case (pre-emption),49,civ_misc
atrocity cases,49,other/unknown
confiscation appeal,49,civ_misc
app for release of veh,49,other/unknown
restoration app 1,49,other/unknown
petition u/s 15 h.m act,49,civ_mact
xxxxcri.misc.,49,civ_misc
fr daa,49,other/unknown
sc special case,49,crim_sessions
c r dv,49,other/unknown
s. t. (sada) case,49,crim_magisterial
"civil ,ex",49,civ_misc
test,49,other/unknown
misc. ( motor accident  ),49,civ_mact
misc. appln. it,48,civ_misc
c11,48,other/unknown
t.s (d),48,other/unknown
partition suit (munsif),48,civ_suit
original (title/partition/money) suit,48,civ_suit
c.b.i judge(south bihar) pat,48,other/unknown
misc. (t),48,civ_misc
guardianship (family court),48,civ_family
application under 39 rule,48,other/unknown
rent exe.,48,civ_misc
cenima act,48,other/unknown
l c c,48,crim_magisterial
arbitation ex.,48,other/unknown
l.a. misc,48,civ_misc
bir mic lc,48,other/unknown
xmisc. civil2,48,civ_misc
misc (arbitation)case,48,civ_misc
o.c. mortgage  suit,48,civ_suit
r. c. a.,48,civ_misc
ga,48,other/unknown
tittle suit(m),48,civ_suit
r. a.,48,civ_misc
misc petition(m.p),48,civ_misc
mics application,48,other/unknown
s sl,48,other/unknown
comm tmcs,48,other/unknown
civil misc. ( g c ),48,civ_misc
adoption t,48,other/unknown
misc application t,48,civ_misc
civil refrence,48,civ_misc
death certificate t,48,other/unknown
session case posco,48,crim_sessions
misc. app. (ulp) restoration,47,civ_misc
e appeal,47,civ_misc
recovery appln ulp,47,other/unknown
misc. appln. esi,47,civ_misc
pcac,47,other/unknown
cases under section 446 cr p c,47,crim_magisterial
crl. misc. execution,47,civ_execution
review misc,47,civ_misc
regular petition,47,civ_misc
nagar nigam misc,47,civ_misc
civil misc(n re.)succession,47,civ_misc
crl. rev app.,47,crim_magisterial
r.c.c cases,47,crim_magisterial
suit for declaration and manda,47,civ_suit
"147,149,436,382,201rpc",47,other/unknown
civi suit o,47,civ_suit
e.s.i,47,other/unknown
civil revisionss,47,civ_misc
s.c.c. case,47,crim_sessions
spl. st sc/st act,47,crim_sessions
misc. execution case civil,47,civ_execution
fc (criminal) misc. case,47,crim_magisterial
cri. misc. appeal,47,crim_magisterial
maint alter case,47,other/unknown
trasnfer application,47,other/unknown
app for interim bail,47,crim_bail
xxxx--cri mis. application,47,crim_magisterial
civil misc/70,47,civ_misc
j. j. board,47,other/unknown
l r execution,47,civ_execution
spl.session case el,47,crim_sessions
appln. eca c,46,other/unknown
recovery appln (ulp),46,other/unknown
appln. wca  c,46,other/unknown
spl. case (e.c.act),46,crim_sessions
evic. appeal,46,civ_misc
misc. criminal,46,crim_magisterial
spl kptcl,46,other/unknown
s.c.  civil,46,crim_sessions
p.p.c. appeal,46,civ_misc
spl.case (n.d.p.s.),46,crim_sessions
waqf reference,46,other/unknown
app ad. intreme,46,other/unknown
misc case pre emptio,46,civ_misc
waqf apl,46,other/unknown
l.a misc,46,civ_misc
misc. arbit,46,civ_misc
land revenue appeal,46,civ_misc
appln. eca a,46,other/unknown
appln. eca g,46,other/unknown
idact-s10(1)(c),46,other/unknown
police report case  jjb prc jjb,46,crim_magisterial
extension succession,46,civ_misc
tittle suit(d),46,civ_suit
drugs and cosmetics  act,46,other/unknown
appeal (civil case),46,civ_misc
g.w.act,46,other/unknown
attachment before judgemnt o-38 rule 5(civil),46,civ_misc
xxxxxc rev,46,other/unknown
gpid crma,46,crim_magisterial
spl.c(sc.st act),46,crim_sessions
op.succ,46,civ_misc
cm(r),46,other/unknown
misc.ref.(ida)restora,45,civ_misc
manrje,45,other/unknown
cond  of delay applin ulp,45,other/unknown
payment of wage act,45,other/unknown
m. s.,45,other/unknown
review  petition,45,civ_misc
cross suit,45,civ_suit
p.f. act,45,other/unknown
kidnaping and abduct,45,other/unknown
mc(125crpc),45,other/unknown
i.t.r.,45,other/unknown
arbitration petition-a,45,civ_misc
suit for conjugial rights,45,civ_suit
cond of delay,45,other/unknown
suite for declar,45,civ_suit
execution(civil case),45,civ_execution
application for stay,45,other/unknown
cbi cr,45,crim_magisterial
civil suit a 3rd cj ii,45,civ_suit
v.m.a,45,other/unknown
special case (children),45,crim_sessions
civil misc transfer,45,civ_misc
matrimonial execution case,45,civ_family
land acquistion cases(civil),45,civ_misc
guardian and ward application,45,civ_family
xxxx--criminal misc,45,crim_magisterial
civil_misc,45,civ_misc
cri.misc. pocso act.,45,crim_sessions
01 criminal appeal,45,crim_magisterial
spcl pocso act,45,crim_sessions
misc case adj3,45,civ_misc
misc. civil appeal for dj  adj,45,civ_misc
spl.,45,other/unknown
misc old case,45,civ_misc
c2(mw),45,other/unknown
g.o. excise a.b.p.,45,crim_magisterial
exe suit,45,civ_execution
arbitration cases,45,civ_misc
mpid m a  others,45,other/unknown
60 police act,45,other/unknown
24 h.m.a.,45,civ_family
82 83 crpc,45,other/unknown
civil misc(non related)h.mact,45,civ_mact
mv act 166/140,45,crim_magisterial
anticipatory bail app.,45,crim_bail
pwdwa,45,other/unknown
condonation of delay app.(ida),44,other/unknown
misc ulp,44,civ_misc
cond of delay ulp,44,other/unknown
s c/ s t- case(n),44,crim_sessions
indian telegraph act. 1885,44,other/unknown
land acquisitioncase,44,civ_misc
civil misc. (nr) elect. petn.,44,civ_misc
suit for per. inj,44,civ_suit
permanent p i,44,other/unknown
suit for permanant injunction,44,civ_suit
"appointment of guardina for minor o-32 , r-3",44,other/unknown
cv.apl,44,other/unknown
rcc rev.,44,crim_magisterial
company petition,44,civ_misc
appeal pga.,44,civ_misc
misc.appln jal,44,civ_misc
appl wca b,44,other/unknown
application case,44,other/unknown
l.a.(ex),44,civ_misc
original maintenanec case,44,civ_suit
release app.,44,other/unknown
"drugs cosmatics act,1940",44,other/unknown
scc rev.,44,other/unknown
misc tp act,44,civ_misc
cr excise,44,crim_magisterial
os (mh/gw),44,civ_suit
cuc,44,other/unknown
elect.case,44,other/unknown
raj ex.act,44,other/unknown
mise case,43,other/unknown
1-c-c,43,other/unknown
civil misc.-24 c.p.c.,43,civ_misc
execuition  cases,43,civ_execution
application of temporary injc,43,other/unknown
stats,43,other/unknown
heirship case,43,other/unknown
s.e.a,43,other/unknown
scs..,43,civ_suit
misc appln sc,43,crim_sessions
cond. of delaybir,43,other/unknown
misc ( g ),43,civ_misc
misc cases vs 125 cr.pc.,43,civ_family
prelitigation application,43,other/unknown
complaint u/s 138 ni act,43,crim_ni138
special trail  ndps,43,crim_sessions
rti,43,other/unknown
review-ic,43,other/unknown
special case acb,43,crim_sessions
misc. jdl,43,civ_misc
special case stsc,43,crim_sessions
special criminal case(pocso act),43,crim_sessions
execution (arbitral award),43,civ_execution
cm leave,43,other/unknown
misc. civil appeal for dj ampadj,43,civ_misc
title execution  t,43,civ_execution
misc(d0m),43,civ_misc
n.d.p.s. act,43,other/unknown
appln. wca i dealy,42,other/unknown
appeal esi,42,civ_misc
ec cases,42,other/unknown
r.c.a,42,civ_misc
s.c.civil,42,crim_sessions
m.j.c.,42,other/unknown
s.f inj.,42,other/unknown
sue as an indigent person,42,other/unknown
guardian  ward,42,civ_family
9 hm act,42,civ_mact
execution proceeding,42,civ_execution
suit for permenant inj,42,civ_suit
setting  aside exparte order 0-9 - r -13(civil),42,civ_execution
pus,42,other/unknown
mis.appln  esi exmption,42,other/unknown
m.a. pga recovery,42,other/unknown
misc.j. civ,42,civ_misc
cr n. i. act case,42,crim_ni138
misc cases 125 crpc,42,civ_family
sessions case t 1,42,crim_sessions
"spl. case (vigilance),complaint",42,crim_sessions
miscellaneous (cri),42,crim_magisterial
election case,42,other/unknown
application for dispensation,42,other/unknown
food safety misc.,42,civ_misc
u/s 9 h.m. act(civil case),42,civ_mact
application for permanant injunction,42,other/unknown
robkar,42,other/unknown
crl. rev petition,42,crim_magisterial
cr.r.p.,42,crim_magisterial
claim cases(civil case),42,civ_mact
xxxx--final report,42,crim_magisterial
bail application _@,42,crim_bail
misc. p,42,civ_misc
spcs comp,42,other/unknown
civil misc ( g. c. ),42,civ_misc
cr (labour),42,crim_magisterial
cr dv,42,crim_magisterial
cril miscellaneous,42,civ_misc
civil misc. related,42,civ_misc
dr. &cos. act,42,other/unknown
com. u/s138,42,other/unknown
xbail. app. posco act,42,crim_bail
entrmnt. act.,42,other/unknown
l.r.a.c,41,other/unknown
u/ s 33 -2 - b of i d act,41,other/unknown
spl.case(ndps),41,crim_sessions
misc. revocation,41,civ_misc
prevention of disfigerment act,41,other/unknown
g.r.s1,41,crim_magisterial
split electricty act cases a,41,other/unknown
suit for per,41,civ_suit
m c 125@3 crpc,41,civ_family
2(c) c.c,41,crim_magisterial
200 cr.pc1,41,crim_magisterial
in test case,41,other/unknown
arb.p,41,other/unknown
suit for perm inj,41,civ_suit
challan anti-corr.,41,crim_magisterial
drug act,41,other/unknown
restitution of conjugal rights,41,other/unknown
13 hm act,41,civ_mact
special trial d.a.a.,41,crim_sessions
misc. ( l a ),41,civ_misc
transfer misc. case ( crl. ),41,crim_magisterial
op ida,41,civ_misc
spl case (child act.),41,crim_sessions
"money suit,sd",41,civ_suit
pocso b.p,41,crim_sessions
misc cases a)0-9,41,civ_misc
g.r. s/1,41,crim_magisterial
mis. applications,41,other/unknown
488 misc. criminal application,41,crim_magisterial
app. for stay of proceedings,41,other/unknown
app. for earl,41,other/unknown
suit fr rest of conjugal right,41,civ_suit
app for appoint. for gaurdian,41,other/unknown
suit for con  right,41,civ_suit
p p a,41,other/unknown
jscc ex,41,other/unknown
delay misc.-civil,41,civ_misc
misc civil74,41,civ_misc
o.s.suit,41,civ_suit
special criminal case under the pocso act.,41,crim_sessions
tela,41,other/unknown
special ( pocso act ),41,crim_sessions
succession misc.,41,civ_misc
adpt,41,other/unknown
i d a,41,other/unknown
raj fish act,41,other/unknown
misc. app. (wca),40,civ_misc
clndr.rvsn,40,other/unknown
civ.rev.,40,other/unknown
special (ndps) case,40,crim_sessions
title appl.,40,other/unknown
injuction,40,other/unknown
e/p,40,other/unknown
indu. trib. (cent) refrence,40,other/unknown
s.c.c revision,40,crim_sessions
fatal accident claim,40,civ_mact
suit for per. prob. inj. rest.,40,civ_suit
suit fr dissolutn,40,civ_suit
app. for restoration,40,other/unknown
24hm act,40,civ_mact
s.c.c. misc,40,crim_sessions
permission misc case,40,civ_misc
criminal complaint..,40,crim_magisterial
misc.civil_,40,civ_misc
jscc,40,other/unknown
mort suit,40,civ_suit
r.c. appeal,40,civ_misc
appr-lc,40,other/unknown
t s ( p ),40,other/unknown
j.m.(restor),40,other/unknown
bail appln  mcoc,40,crim_bail
misc pga appln,40,civ_misc
kid 10-4a,40,other/unknown
misc.. case,40,civ_misc
misc. (civil)transfer,40,civ_misc
criminal juvenile appeal,40,crim_magisterial
crl. appeal (childrens court),40,crim_magisterial
civil main suit,40,civ_suit
restoration app.,40,other/unknown
land reference,40,other/unknown
n.j. misc. case,40,civ_misc
bailor miscase,40,crim_bail
n.d.p.s criminal cases,40,crim_magisterial
special case d.a.a. act.,40,crim_sessions
letters of adm. case,40,other/unknown
cm vio,40,other/unknown
s. t. ( f.t) case,40,crim_magisterial
hidu marriges case,40,other/unknown
tpa,40,other/unknown
i.s.act,40,other/unknown
m act,40,civ_mact
mact miscilaneous,40,civ_mact
appln.mw,39,other/unknown
n.d.p.s,39,other/unknown
drug and cosmetices act,39,other/unknown
orig.suit,39,civ_suit
execution petition (criminal),39,civ_execution
reference cases under i d act,39,other/unknown
m.v case,39,other/unknown
copyright act,39,other/unknown
civil misc. (nr) arbritration,39,civ_misc
curr act,39,other/unknown
crl.l.p.,39,crim_magisterial
execution d. r.,39,civ_execution
act xiv,39,other/unknown
misc. exn,39,civ_misc
criminal  ma,39,crim_magisterial
eat.appeal,39,civ_misc
l.a.c misc,39,civ_misc
special land grabbing,39,other/unknown
domestic violence case,39,other/unknown
cs-money suit,39,civ_suit
civil misc. appl.,39,civ_misc
attrocity case,39,other/unknown
review pet.,39,other/unknown
aplication u/s 489,39,other/unknown
arb.a.,39,other/unknown
misc violation,39,civ_misc
hindu adoptation maint. act,39,other/unknown
guardian and wards,39,civ_family
civil exucation,39,civ_misc
laec,39,other/unknown
maintainance.,39,other/unknown
misc.   application,39,civ_misc
special case (children court),39,crim_sessions
civil misc.(not related),39,civ_misc
land acq exe case,39,civ_misc
c3.s,38,other/unknown
g.r.splt. b,38,crim_magisterial
drugs act,38,other/unknown
ex.c.m.c.,38,civ_execution
spl. case drugs,38,crim_sessions
hindu adaptation maint act,38,other/unknown
f.r .p.s. - pilwa,38,other/unknown
itr-state (ind. trib. ref.),38,other/unknown
civil appeal order,38,civ_misc
e . s . i misc. case,38,civ_misc
criminal misc. revision,38,crim_magisterial
civil suit a  ist cj ii ist,38,civ_suit
civ scj,38,other/unknown
cril c case,38,other/unknown
condo delay- pga,38,other/unknown
spl.c. sc.st,38,crim_sessions
title suit (l.g),38,civ_suit
misc case vs 125 crpc,38,civ_family
roabkar criminal case,38,crim_magisterial
l a. ref.,38,civ_misc
xxxxxspl t gangster,38,other/unknown
macm- form1,38,civ_mact
gurdianship case,38,other/unknown
misc. civil appeal for dj amp adj,38,civ_misc
c. m. appln at,38,other/unknown
cma. d.v. act,38,other/unknown
forest complaint,38,crim_magisterial
original suit-ii,38,civ_suit
civil succession cj ist,38,civ_misc
state c r,38,other/unknown
misc notice,37,civ_misc
elec petn,37,other/unknown
wca f,37,other/unknown
appln.-bir-r-m,37,other/unknown
u/ s 33 c -2 of i d act,37,other/unknown
mise,37,other/unknown
eviction suit (jr.),37,civ_suit
ep(ejectment suit),37,civ_execution
land acq.,37,civ_misc
final- report,37,other/unknown
138 negotiable instrument act,37,crim_ni138
interim bail,37,crim_bail
"trarns, app.",37,other/unknown
l.t.a,37,other/unknown
misc.probate,37,civ_misc
ccn,37,other/unknown
dpt. eq cr,37,crim_magisterial
appeal (pga),37,civ_misc
state complain case (cr),37,crim_magisterial
cr (labour ),37,crim_magisterial
c r case summon,37,crim_magisterial
pocso (complaint),37,crim_sessions
reamand,37,other/unknown
c. m.a.,37,other/unknown
suit for partition and pos.,37,civ_suit
app for condonation of delay,37,other/unknown
ikhtami,37,other/unknown
crl. trial case.opid,37,crim_magisterial
c.t. special (sc/st/poa),37,crim_sessions
electicity act,37,other/unknown
misc case ftc court,37,civ_misc
n.g.r.,37,crim_magisterial
e x ( rcc ),37,crim_magisterial
arbitration   t,37,civ_misc
m. a. c. t. exe. case,37,civ_mact
misc. civil  cases,37,civ_misc
civil miscjudicial cases,37,civ_misc
drr,37,other/unknown
cril. misc. f.i.r,37,civ_misc
mjc civil dj,37,civ_misc
gr case split-a,36,crim_magisterial
f,36,other/unknown
p andsc,36,other/unknown
letter of admin. case,36,other/unknown
civil miss.,36,civ_misc
exe(r),36,civ_execution
suit for decl.parti.,36,civ_suit
m.c.(c),36,other/unknown
st case,36,crim_magisterial
mact claim (140 m.v. act),36,civ_mact
"injuctn0-39.r1,2",36,other/unknown
succesions cases,36,other/unknown
execution  mact,36,civ_mact
misc cj,36,civ_misc
m.a.c.p. execution,36,civ_mact
hawkers case,36,other/unknown
m.a.-ulp-review,36,other/unknown
eca spl case,36,crim_sessions
spl.sc or st,36,crim_sessions
commercial case,36,other/unknown
cro .mis.,36,crim_magisterial
m.misc(civil),36,civ_misc
interlocutory appl.,36,other/unknown
u.i. (ipc),36,crim_magisterial
b appl,36,other/unknown
app u/s 489,36,other/unknown
matrimonial case(civil case),36,civ_family
s.p.j.c,36,other/unknown
spl case sc/st act 1989,36,crim_sessions
reg misc,36,civ_misc
criminal_appeal,36,crim_magisterial
misc. civil appeal.,36,civ_misc
mma,36,other/unknown
bail application electricity,36,crim_bail
special case st/sc,36,crim_sessions
crl. misc us 446,36,crim_magisterial
crlmp bail,36,crim_bail
1st appl with cont,36,other/unknown
p amp sc,36,crim_sessions
caveat appl.,36,civ_misc
c r case (warrant),36,crim_magisterial
mat suit  t,36,civ_suit
refer-lc,36,other/unknown
human rights act,36,other/unknown
mact miscilanoeus,36,civ_mact
appeal mhwa,35,civ_misc
misc case( 446 cr.p.c),35,crim_magisterial
lcc,35,other/unknown
spl.c ( sc st act),35,crim_sessions
misc appeal (crl),35,crim_magisterial
eviction title appeal,35,civ_misc
g and w c,35,other/unknown
session case (elec. cases),35,crim_sessions
misc.execution,35,civ_execution
m a c miclenous,35,civ_mact
criminal appl,35,crim_magisterial
m.p. case,35,other/unknown
complaint case-j.m.,35,crim_magisterial
mat. execution,35,civ_execution
t s  partition,35,other/unknown
appln. wca-i,35,other/unknown
misc. (j) (execution),35,civ_execution
misc. (condonation),35,civ_misc
misc case (u/s 127 cr.p.c.),35,crim_magisterial
commercial execution,35,civ_execution
sc and st b.p,35,crim_sessions
ndps cases,35,crim_sessions
e.c.case,35,other/unknown
complaint us 100 crpc,35,crim_magisterial
objection,35,other/unknown
t.a civil,35,civ_misc
pmla,35,other/unknown
special (electricity),35,other/unknown
special cases n.d.p.s.,35,crim_sessions
crl stay of operation,35,crim_magisterial
civil apeal b,35,civ_misc
workmens compensation exe.,35,other/unknown
trua,35,other/unknown
cril misc ab,35,civ_misc
m a c t  injury,35,civ_mact
m. a. bir restoration,35,other/unknown
civil misc. transfer,35,civ_misc
cri. misc. transfer,35,crim_magisterial
o.c. evic. suit,35,civ_suit
misc case t,35,civ_misc
rfa (h),35,other/unknown
d.r.r.,35,other/unknown
land acquistion appeal,35,civ_misc
c r( assam shop and establishment),35,other/unknown
appln wca  g,34,other/unknown
m a ulp review,34,other/unknown
rec.wca,34,other/unknown
food adulteration,34,other/unknown
evic.appeal,34,civ_misc
partition execution,34,civ_execution
mental health act. 1987,34,other/unknown
sc/st.s.case (complaint),34,crim_sessions
a.d.r.,34,other/unknown
lc mise/resto app,34,other/unknown
suit for rest. conjugal rights,34,civ_suit
a d r,34,other/unknown
indian divorce act.,34,civ_family
s.a,34,other/unknown
hindu marrige act,34,other/unknown
f.d.,34,other/unknown
intest case sc,34,crim_sessions
8.l.o.a. suit,34,civ_suit
exe.(mac),34,civ_execution
sc pps,34,crim_sessions
spl case scst,34,crim_sessions
reco. pga,34,other/unknown
j j b case,34,other/unknown
cr case (summon),34,crim_magisterial
title suit ( p ),34,civ_suit
sessions trial b,34,crim_sessions
consumer protection act,34,other/unknown
complaint u/s138 142 n.i act,34,crim_ni138
complaint u/s 420,34,crim_magisterial
petition u/s 30/31 h.m act,34,civ_mact
suit for prohibitory injunctio,34,civ_suit
spcl case(pocso act),34,crim_sessions
misc probate,34,civ_misc
misc probaet,34,civ_misc
spl tpid,34,other/unknown
maintenance t,34,civ_family
misc civil1 cases,34,civ_misc
domestic violenc act,34,other/unknown
eject title suit t,34,civ_suit
civil misc(review),34,civ_misc
scrc (ndps act),34,crim_sessions
elec.(misc),34,civ_misc
mjc-macc,34,civ_mact
j. m.(transfer),34,civ_misc
mat gw,34,other/unknown
s.l.a,34,civ_misc
mislaneous 82 83,34,other/unknown
dis. marriage,34,civ_family
cross obj,33,crim_magisterial
n.d.p.s splt.case a,33,other/unknown
r.p(review petition),33,civ_misc
crl. rp,33,crim_magisterial
weight and measurement act 1985,33,other/unknown
payment  of wages act,33,other/unknown
"mesns profit 0-34 , r-10a",33,other/unknown
gr (ndps),33,crim_sessions
app. for contempt,33,other/unknown
suit for mandatory injection,33,civ_suit
d.r.c.,33,other/unknown
cm (mac),33,other/unknown
cheating,33,other/unknown
upub appeal,33,civ_misc
misc civil appeal(agnst jud),33,civ_misc
misc voilation,33,civ_misc
application misc pga,33,civ_misc
u/s 2 a of i.d. act,33,other/unknown
claim exu. cases,33,other/unknown
recovery petition,33,civ_misc
suit for permanent prohibitory injuction,33,civ_suit
ni act (cheque bounce) (criminal case),33,crim_ni138
rent suit(civil),33,civ_suit
application u/s 164a,33,other/unknown
suit under order 37 of cpc,33,civ_suit
suit md and pt inj,33,civ_suit
gaurdian wards,33,other/unknown
municipal corporation act,33,other/unknown
ssc misc.,33,civ_misc
rcc execution,33,civ_execution
misc judl-probate,33,civ_misc
e.x r,33,other/unknown
nia138,33,other/unknown
ts p,33,other/unknown
cril. misc. (execution),33,civ_execution
c.m. f.r case,33,other/unknown
revn. appln. mhwa,33,other/unknown
v.m.a.,33,other/unknown
misc cases o9 r4 r9 us 47cpc,33,civ_misc
application  mrtu,32,other/unknown
lacappl,32,other/unknown
sl.appln.,32,other/unknown
suit of enchorment,32,civ_suit
as ele,32,other/unknown
restore of suits,32,civ_suit
"esi,misc.",32,civ_misc
civil misc. appeal (t.i.),32,civ_misc
suit for mandtoryand  perptl inj,32,civ_suit
special explosive act,32,civ_execution
"suit for declrtion,prmnt,mndr",32,civ_suit
motor vehical act.,32,crim_magisterial
wbsea,32,other/unknown
446 cr. p. c,32,crim_magisterial
special case u.s. 409 of ipc,32,crim_sessions
s. t.,32,crim_magisterial
title appeal case,32,civ_misc
crpc,32,other/unknown
op decl,32,civ_misc
civil misc transfer petition,32,civ_misc
sc-st case,32,crim_sessions
mact execution (civil case),32,civ_mact
suit for mandatory injuction,32,civ_suit
anti-corruption challan,32,crim_magisterial
appealu/s12,32,civ_misc
misc case adj1,32,civ_misc
municipal appeal,32,civ_misc
prmsn it,32,other/unknown
scrc (pocso act),32,crim_sessions
spl. case (nia),32,crim_sessions
civil misc gc,32,civ_misc
test probate  t,32,other/unknown
misc. cases for dj / adj,32,civ_misc
national drugs and psycotropic act,32,other/unknown
crl. revision case,32,crim_magisterial
criminal (misc) case,32,crim_magisterial
elect. misc. case,32,civ_misc
arbitration exe.case,32,civ_misc
ta(sec 24),32,other/unknown
cbc exe,32,other/unknown
misc. cri. complaint (ulp),31,crim_magisterial
h.r.r.p,31,other/unknown
spcl n d p s,31,other/unknown
sucessions certificate case,31,other/unknown
s.t.splt.case b,31,crim_magisterial
execution case.,31,civ_execution
"miscellaneous, jd",31,civ_misc
np act,31,other/unknown
id(c),31,other/unknown
c.m. content,31,other/unknown
first appeal  order,31,civ_misc
spl cbi,31,other/unknown
p.r.c. ( ec act),31,other/unknown
comex,31,other/unknown
appeal bir,31,civ_misc
civ. misc,31,civ_misc
rest.appl.,31,other/unknown
con. civil misc,31,civ_misc
suit for dec and permenent inj,31,civ_suit
application u/s 100,31,other/unknown
civil. rev.,31,civ_misc
session case(ndps),31,crim_sessions
guardian wards act,31,civ_family
nagar palika appeal,31,civ_misc
mb-apl,31,other/unknown
gpid cc,31,crim_magisterial
scc electricity,31,other/unknown
muslim marrige case,31,other/unknown
spl. case (comp.act),31,crim_sessions
civil misc (stay),31,civ_misc
misc. civil appeal for cj,31,civ_misc
rp - petition under rent act,31,civ_misc
app. for execution of award,31,civ_execution
civil misc appln t,31,civ_misc
cr. cases,31,crim_magisterial
cri. misc. case vig.,31,crim_magisterial
petition no b,30,civ_misc
sf case,30,other/unknown
c i i,30,other/unknown
g.r.- supl.- b,30,crim_magisterial
st. mis,30,crim_magisterial
misclaneous-case,30,civ_misc
permanent injuction,30,other/unknown
33 (c) 2 id act,30,other/unknown
fetal accident,30,other/unknown
compromise petitioner 0-23 r-3,30,civ_misc
crl.rev,30,crim_magisterial
suit for possession.,30,crim_sessions
condonation of delay,30,other/unknown
j.s.c.c. revision,30,crim_sessions
suit for partition and passe.,30,civ_suit
app. fo rgrant of maintenace,30,other/unknown
misc civil 70,30,civ_misc
misc l. a.,30,civ_misc
pre.-misc. case,30,civ_misc
appln.-blwf,30,other/unknown
f.d.i.a.,30,other/unknown
misc 125 127 cr p c,30,civ_family
gr case (electricity),30,crim_magisterial
spl. p.o.c.s.o,30,civ_suit
maintenance alteration,30,civ_family
sucession suit,30,civ_suit
regular cbi cases,30,other/unknown
sc/ st cases,30,crim_sessions
revocation cases,30,other/unknown
suit for p p injunction,30,civ_suit
criminal rev,30,crim_magisterial
criminal misc. app.,30,crim_magisterial
special 2(a)cc,30,crim_magisterial
"307,147,148,336,341,427 rpc",30,other/unknown
app. for,30,other/unknown
spl  sc st posco,30,crim_sessions
complaint case pocso,30,crim_sessions
misc civil70,30,civ_misc
misc case violation,30,civ_misc
civil (misc.judicial cases),30,civ_misc
civil suit class c,30,civ_suit
interlocutory appln,30,other/unknown
mjc cri,30,crim_magisterial
sussesion cases,30,other/unknown
t s ( e c ),30,other/unknown
spl.c. pdi act,30,other/unknown
mjc-suc,30,other/unknown
o.s.(adoption),30,civ_suit
169 police act case,30,other/unknown
hqpor,30,other/unknown
m a c t  death,30,civ_mact
m a ida reviw,30,other/unknown
harizan atrocities case,30,other/unknown
el.ptn,30,other/unknown
s.c. case,30,crim_sessions
cla,30,other/unknown
hindu marriage act 1955,30,civ_family
arv,30,other/unknown
interm maintanence,30,other/unknown
appln wca d,29,other/unknown
swm cases,29,other/unknown
g n wc,29,other/unknown
misc(g),29,civ_misc
review petn.,29,other/unknown
title execution civ,29,civ_execution
t.s.(m),29,other/unknown
claim cases(civil),29,civ_mact
cr. app. degree(rent control),29,crim_magisterial
"suit for declaration, partition, possession and pe",29,crim_sessions
ra.,29,civ_misc
civil mjc ftc,29,civ_misc
original sut,29,civ_suit
misc m.j.c.,29,civ_misc
misc-rcc,29,crim_magisterial
la (cd),29,civ_misc
fra,29,other/unknown
rct/arct,29,crim_magisterial
recovery appln pga,29,other/unknown
misc. recovery (pga),29,civ_misc
misc appln. ndr,29,civ_misc
appln.u/s 33 a of i.d. act,29,other/unknown
misc. case ( civil ),29,civ_misc
miscellaneous (adoption),29,civ_misc
excise act-3,29,crim_magisterial
"eviction case, jd",29,other/unknown
suit for damages,29,civ_suit
reg. civil suit(civil),29,civ_suit
gur. andsucc misc,29,civ_misc
suit for restitution of conjugal rights,29,civ_suit
arbitration main and misc.,29,civ_misc
suit for conj. rights,29,civ_suit
application c,29,other/unknown
application u/s 100 crpc,29,other/unknown
fast track,29,other/unknown
ele.p.,29,other/unknown
app for grant of bail,29,crim_bail
s.c.c.misc.,29,crim_sessions
election revision,29,other/unknown
mort.suit.,29,civ_suit
w.b excise act,29,crim_magisterial
civil suit dj/adj,29,civ_suit
ts eviction,29,other/unknown
appln  mw,29,other/unknown
suit.,29,civ_suit
emc,29,other/unknown
m.v.exec,29,other/unknown
prelim-a,29,other/unknown
scc-rev,29,other/unknown
criminal ma,28,crim_magisterial
appointment of guardian,28,civ_family
p.misc.,28,civ_misc
i d act,28,other/unknown
gr.case,28,crim_magisterial
reg  cri case,28,crim_magisterial
p and amp sc,28,crim_sessions
title suit ( m ),28,civ_suit
drugs and cosmetics,28,other/unknown
special case (ec act),28,crim_sessions
cr. complaint o,28,crim_magisterial
miscleneous,28,civ_misc
execution   cases,28,civ_execution
petition u/s 10/13 h.m act,28,civ_mact
pa misc.,28,civ_misc
stay,28,other/unknown
rly. g.r case,28,crim_magisterial
civil suit class b (dj  adj),28,civ_suit
ma claim case,28,civ_mact
sp.exe.app.,28,other/unknown
cri. rev. appln.,28,crim_magisterial
muslim marriage petition,28,civ_family
guardians & wards act,28,civ_family
cr.misc (dob),28,crim_magisterial
ikhtatmi,28,other/unknown
suit for perpertual injection(civil),28,civ_suit
inst. cases,28,other/unknown
ele. appl.,28,other/unknown
xxxxexr,28,other/unknown
criminal execuition cases,28,civ_execution
drcm,28,other/unknown
civil suit-b,28,civ_suit
ts(probate),28,other/unknown
t. s. ( nul ),28,other/unknown
misc civil appeal (h),28,civ_misc
cril. (d.v),28,other/unknown
cma-nrji- civil,28,civ_misc
misc. crl. (u/s 446),28,crim_magisterial
pocso a.b.p,28,crim_sessions
ele mc,28,other/unknown
o.c. (declaration),28,other/unknown
c r( police act),28,other/unknown
adoptation,28,other/unknown
misce. case,28,civ_misc
regular appeals,28,civ_misc
civil suit b 2nd cj i,28,civ_suit
complaint(ulp),28,crim_magisterial
cr mjc family court,28,civ_family
complaint forest spl.,27,crim_magisterial
spl.(ndps),27,crim_sessions
sessions spl ndps,27,crim_sessions
misc. civil case (dj),27,civ_misc
"issuance of commison 0-26 , r -2 , 9 , 13",27,other/unknown
2 (c). c.c,27,crim_magisterial
misc rent appeal,27,civ_misc
contmpt proceedings,27,other/unknown
preventn of corrup,27,other/unknown
488 cr.pc,27,crim_magisterial
xxxxcri misc,27,civ_misc
cs-b,27,civ_suit
successioncases,27,civ_misc
mics civil suit,27,civ_suit
cep,27,other/unknown
eca-g,27,other/unknown
appln. wca  a,27,other/unknown
application (mw),27,other/unknown
cr ( legal metrology),27,crim_magisterial
t.s.(p),27,other/unknown
letter of  ad,27,other/unknown
misc (t),27,civ_misc
miscellaneous case (civil),27,civ_misc
civil suits,27,civ_suit
adoption misc case,27,civ_misc
suit  for decl,27,civ_suit
exn. peti,27,other/unknown
xxxxxm c appl,27,other/unknown
misc. civil (reg. 70),27,civ_misc
spl pa,27,other/unknown
titel appeal,27,civ_misc
m.v,27,other/unknown
cr mv,27,crim_magisterial
m.i.s.c. civil,27,crim_sessions
cr  labour,27,crim_magisterial
title suit t,27,civ_suit
apts cc,27,crim_magisterial
spl. cri. complaint (excise),27,crim_magisterial
rail case,27,other/unknown
tr. app,27,other/unknown
execution s.c.c.,27,crim_sessions
"misc cases(not in use) a) o-9 , r-4 c) u/s 47cpc",27,civ_misc
regular civil suit -b,27,civ_suit
c.misc c,27,civ_misc
civil appeal misc adj ist,27,civ_misc
civil claim mjc adj ist.,27,civ_misc
entertaintment act,27,other/unknown
appln.-wca n/f1,26,other/unknown
application bir-ic,26,other/unknown
application pwa,26,other/unknown
succession(145),26,civ_misc
p and scert,26,other/unknown
final report n/a,26,crim_magisterial
f a,26,other/unknown
rev(rent),26,civ_misc
mact 1,26,civ_mact
indexs,26,other/unknown
pauper case,26,other/unknown
matrimonial appeal,26,civ_family
mental health,26,other/unknown
trial register,26,other/unknown
"suit for decl, mandatory,perp.",26,civ_suit
hindu adaptation and maint act,26,other/unknown
misc adoption,26,civ_misc
small cause sut,26,other/unknown
mvc misc.,26,civ_mact
condn of delay_ulp,26,other/unknown
v.r.a.,26,other/unknown
fc (civil) misc. case,26,civ_misc
special (pocso act),26,crim_sessions
cheque application,26,crim_ni138
gr warrent,26,crim_magisterial
jda contempt,26,other/unknown
criminal compliant,26,crim_magisterial
ele. appeal,26,civ_misc
for issuence of succession ce,26,civ_misc
execution of decree,26,civ_execution
execution_,26,civ_execution
maintance u/s127 crp,26,other/unknown
cr-a,26,crim_magisterial
special case a.c.b.,26,crim_sessions
spl. t. elect.,26,other/unknown
spl. case.  pocso,26,crim_sessions
cs.,26,civ_suit
m  a ida,26,other/unknown
"injuction o/39 ,ri/1",26,other/unknown
ele. misc.,26,civ_misc
excies act,26,other/unknown
sp. marriage act,26,civ_family
"cri, appeal",26,crim_magisterial
suit indian divorce act,25,civ_family
t. mortgage suit,25,civ_suit
narcotic case,25,other/unknown
ndps. special case,25,crim_sessions
f . a .,25,other/unknown
c i i i,25,other/unknown
cr ex case,25,crim_magisterial
hindu adoptation maint act,25,other/unknown
crl misc b,25,crim_magisterial
s e act,25,other/unknown
cr. case comp. (o),25,crim_magisterial
mact mislaneous,25,civ_mact
fatel accident,25,other/unknown
mic. 41 (m.a.c.t.),25,civ_mact
2(b) c c,25,crim_magisterial
appli. for rest,25,other/unknown
cri. application,25,crim_magisterial
contempt application,25,other/unknown
jscc case,25,other/unknown
jscc misc,25,civ_misc
rly.g.r.,25,crim_magisterial
fac. act,25,other/unknown
spl. dark,25,other/unknown
civil miscl.appeal,25,civ_misc
appln.-ieso,25,other/unknown
cr. excise,25,crim_magisterial
spl(assam land grabbing .act),25,other/unknown
sessions case type- i,25,crim_sessions
title suit (n),25,civ_suit
op adppn,25,civ_misc
misc (j),25,civ_misc
g.r supplementary-2,25,crim_magisterial
civil  misc. appeal,25,civ_misc
g.r. suppl. 2,25,crim_magisterial
misc.petiton no.,25,civ_misc
civil app. decree,25,civ_misc
application for grant of interim maintainenece,25,other/unknown
grant of intrim relief,25,other/unknown
petition under 488,25,civ_misc
conviction appeal,25,civ_misc
m.a. c. t.,25,civ_mact
mandatory injunction,25,other/unknown
2(b) c. c.,25,crim_magisterial
declaratve suit,25,civ_suit
suppl. challan,25,crim_magisterial
ssct (corruption act),25,other/unknown
misc exec,25,civ_misc
bail application ndps,25,crim_bail
indian passport act,25,other/unknown
special case (atrocity),25,crim_sessions
spl. session case (pc act),25,crim_sessions
ts partision,25,other/unknown
narcotic drugs  psychotropic act,25,other/unknown
juvenile justice case (misc),25,civ_misc
a.i.r. misc.,25,civ_misc
application for execution...,25,civ_execution
pre emp misc. appeal,25,civ_misc
civil case,25,civ_misc
weights and measurement act,25,other/unknown
c2(wm),25,other/unknown
criminal mis. 125crp,25,crim_magisterial
app us 25 of gaurdians and war,25,other/unknown
hindu minority and guardn. act,25,other/unknown
rpc,25,other/unknown
protection of cow,25,other/unknown
domestic cases,25,other/unknown
misc.ulp,25,civ_misc
"exe,m.s",25,civ_execution
misc.notice,24,civ_misc
misc. app. ulp recovery,24,civ_misc
appln. pwa,24,other/unknown
mact (injuiry case),24,civ_mact
reference under l. a. act,24,civ_misc
arbitration matter,24,civ_misc
p. appeal,24,civ_misc
elec.c/elec.p,24,other/unknown
money execution civil,24,civ_execution
"misc cases o9r9,4cpc",24,civ_misc
guardian / wards case,24,civ_family
regular appeal,24,civ_misc
cr challan,24,crim_magisterial
r. c. appeal,24,civ_misc
letter of admin case,24,other/unknown
ts probate,24,other/unknown
scc misc (register 74),24,civ_misc
spl c c   p c act,24,crim_magisterial
neg. inst. cases,24,other/unknown
misc. (letter of administration),24,civ_misc
crl. misc appeal,24,crim_magisterial
maintenance alterati,24,civ_family
sc/st complaint case,24,crim_sessions
judicial seperation,24,other/unknown
election suit,24,civ_suit
implimentation of court order,24,other/unknown
application for ad-interim injuction,24,other/unknown
revision application,24,other/unknown
dv mise case,24,other/unknown
contempts,24,other/unknown
application of execution order,24,civ_execution
restoration of application,24,other/unknown
suit for dissol. of marriage,24,civ_family
spl. case(gambling act),24,crim_sessions
civil misce.-70,24,civ_misc
30 rent case,24,civ_misc
misc. civil case(reg. 70),24,civ_misc
sc and st act,24,crim_sessions
cr-ra,24,crim_magisterial
money laundering,24,other/unknown
n.t,24,other/unknown
misc case ( restroration ),24,civ_misc
special pocso act,24,crim_sessions
t. s. ( div.),24,other/unknown
misc.(s/c),24,civ_misc
succsession case,24,crim_sessions
crl   misc (u/s 446),24,crim_magisterial
mact mjc,24,civ_mact
clo,24,other/unknown
crl.exe.,24,crim_magisterial
spl.t.pocso,24,crim_sessions
nia,24,other/unknown
com. ida,24,other/unknown
m.a. recovery pga,24,other/unknown
m.v act,24,crim_magisterial
ta(crl),24,crim_magisterial
application wca- b,24,other/unknown
itm,24,other/unknown
xmisc. civil dj,24,civ_misc
elect. suit,24,civ_suit
misc. cases for dj /adj,24,civ_misc
mcoc 1999,23,other/unknown
m.a.ulp recovery,23,other/unknown
misc. ( guardanship),23,civ_misc
munsifi title appeal,23,civ_misc
ele. pet.,23,other/unknown
g r case (summon),23,crim_magisterial
j.j.b misc,23,civ_misc
municipal board/11,23,other/unknown
restoratio of suits,23,civ_suit
suc,23,other/unknown
test. case,23,other/unknown
trp,23,other/unknown
app. of res. subjudice u/s 10,23,other/unknown
roobkar,23,other/unknown
hma 25,23,civ_family
ap. su,23,other/unknown
app. for interim relief,23,other/unknown
jscc revision,23,other/unknown
c.succ.,23,other/unknown
suit for perpetual inj,23,civ_suit
mat divorce case,23,civ_family
petition civil,23,civ_misc
deptt. enq.,23,other/unknown
scctc,23,other/unknown
spl.case pocsoa,23,crim_sessions
i i d,23,other/unknown
misc(crl) limitation act,23,crim_magisterial
special case ( p ),23,crim_sessions
foreigner act,23,other/unknown
l acq case,23,other/unknown
"title suit, raxaul",23,civ_suit
spl. case (prev. of money laundering act),23,crim_sessions
succession certifica,23,civ_misc
2(b)cc (r),23,crim_magisterial
petition u/s 488,23,civ_misc
transfer petn.,23,civ_misc
u/s 13 h.m act(civil case),23,civ_mact
suit for mand. inj,23,civ_suit
489crpc,23,other/unknown
guardianship misc.case,23,civ_family
m.c. 125 cr.pc.,23,civ_family
cri.m.a,23,crim_magisterial
xxxxxpetition,23,civ_misc
panch. rev.,23,other/unknown
rent misc,23,civ_misc
civil_appeal,23,civ_misc
small cause suite,23,civ_suit
mat (gaurdian and wards),23,other/unknown
n d p s case ( summary trial),23,crim_magisterial
mediation,23,other/unknown
misc. p.g.a.,23,civ_misc
c2(era),23,other/unknown
s.tr,23,other/unknown
spl. case(food adultration act,23,crim_sessions
misc .appeal,23,civ_misc
spl session trail,23,crim_sessions
cross appeal or cross obj,23,crim_magisterial
g.r.(vig),23,crim_magisterial
civil mis. other,23,civ_misc
13 b hma,23,civ_family
rent appeal old,23,civ_misc
muncipal appeal,23,civ_misc
maintenance case 125(3) cr.p.c,23,civ_family
title execution2,23,civ_execution
civil suit b adj ist,23,civ_suit
appln. bir-il,23,other/unknown
m.a.-bir-restn,22,other/unknown
misc. app. ida restoration,22,civ_misc
p h r,22,other/unknown
spl.c(a.c.act),22,other/unknown
m.petition,22,civ_misc
insolvency suit,22,civ_suit
m.c 125 crpc,22,civ_family
r.c.ex.,22,other/unknown
civil suit movable,22,civ_suit
complaint private,22,crim_magisterial
m.c u/s 125(3)/128 cr.p.c,22,civ_family
misc app u/s 151 cpc,22,civ_misc
l.r.,22,other/unknown
weights and measures,22,other/unknown
ref appl.101c,22,other/unknown
crl. misc. (t),22,crim_magisterial
u/s 5 of limitation act,22,other/unknown
g.r. s 1,22,crim_magisterial
probate case/ l.a./ t.s.,22,civ_misc
u.i.(mv act),22,crim_magisterial
suit for decl. with mandatory injunction,22,civ_family
bkg. pet,22,other/unknown
application us 17-a (sarfaesi act),22,other/unknown
app.  for temporary relief,22,other/unknown
interim maint. app,22,other/unknown
dvop,22,other/unknown
complaint  u/s 500,22,crim_magisterial
suit for declaration and mandatory injunction,22,civ_suit
restoration app,22,other/unknown
anticip. bail,22,crim_bail
suit perpctualand mn,22,civ_suit
civil_reivision,22,civ_misc
gangs act,22,other/unknown
misc_civil_appeal,22,civ_misc
lad,22,other/unknown
atrocities act,22,other/unknown
misc.claim cases - for dj/adj,22,civ_mact
tspart,22,other/unknown
elctricity act 2003,22,other/unknown
spl trial ndps case,22,crim_sessions
condonation of delay appln (ic),22,other/unknown
comp 33 a,22,other/unknown
app. for setting aside exparte,22,civ_execution
spl d c,22,other/unknown
crl. misc. case vig.,22,crim_magisterial
s.e.m. cases,22,other/unknown
mac misc. cases,22,civ_mact
os act,22,civ_suit
cbi misc. case,22,civ_misc
title suit (restitution),22,civ_suit
civil suit mjc 2nd cj i,22,civ_suit
civil suit a 2nd adj,22,civ_suit
m.a.-ulp-recovery,21,other/unknown
appln.-mw,21,other/unknown
cond. of delay ida,21,other/unknown
reference it-311,21,other/unknown
pauper appln.,21,other/unknown
weight and amp measurement act 1985,21,other/unknown
yaddasta,21,other/unknown
misc j case civ,21,civ_misc
recover of maintainance 125(3),21,civ_family
exxx_old,21,other/unknown
cr j.j.b,21,crim_magisterial
sc. and st. case,21,crim_sessions
suit by  corporation/firm/trustee/indegent person,21,civ_suit
original civil suits 50,21,civ_suit
ec-act,21,other/unknown
s.f.m.inj,21,other/unknown
mac misllenious,21,civ_mact
arbitation petition,21,civ_misc
rev. petition,21,civ_misc
first appeal from order,21,civ_misc
p.a.ex,21,other/unknown
perm. amp prohabitory  injunct,21,other/unknown
suit dec.with perpu and mend.inj,21,civ_suit
reg.ex. misc.,21,civ_misc
o.c. exe.,21,other/unknown
mpla,21,other/unknown
civil. restoration case,21,civ_misc
civil ex cj i 2nd,21,civ_misc
ex-a,21,civ_execution
mat (j.s),21,other/unknown
wild life protection,21,other/unknown
factories act,21,other/unknown
misc. l. a.,21,civ_misc
juvenile act cases,21,other/unknown
originialsuit adoption,21,civ_suit
child act case,21,other/unknown
"execution case, jd",21,civ_execution
children court,21,other/unknown
split  sessions   a,21,crim_sessions
eviction-case,21,other/unknown
complaint us 506crpc,21,crim_magisterial
int.case,21,other/unknown
spl. challan,21,crim_magisterial
exection petition,21,civ_execution
akhtami challan,21,crim_magisterial
app for release of amount,21,other/unknown
crimkinal complaint,21,crim_magisterial
spl. bail sc. st. act 1989,21,crim_bail
misc. p. a.,21,civ_misc
l.a.m.,21,civ_misc
g.s.t_,21,other/unknown
civil misce (07),21,civ_misc
mat ex case,21,other/unknown
misc judicial (probate),21,civ_misc
la(will),21,civ_misc
cma-sc,21,crim_sessions
civilmisc rcc,21,crim_magisterial
t.g,21,other/unknown
civilmiscinj,21,civ_misc
arb execution (h),21,civ_execution
misc mact,21,civ_mact
rev. appl.,21,other/unknown
original suit m.h and g.w.,21,civ_suit
d.o.p,21,other/unknown
sc.pocso,21,crim_sessions
special a,21,other/unknown
transfer cases,21,civ_misc
t. partion suit,21,civ_suit
civ rev,21,other/unknown
xbail app. elc.. act,21,crim_bail
ha  maint.act.,21,other/unknown
sessions trial (f.t) case,21,crim_sessions
j s and estbl act 1953,21,other/unknown
air(misc),21,civ_misc
appeal ictu,20,civ_misc
m.a. con. delay ulp,20,other/unknown
elec.a.,20,other/unknown
ts (probate),20,other/unknown
employees state insurance act,20,other/unknown
guardians and wards acts,20,civ_family
protest comp. case,20,other/unknown
b o c act,20,other/unknown
split session trial a,20,crim_sessions
cri. misc case,20,crim_magisterial
essential commodities case,20,other/unknown
e.c.act cases,20,other/unknown
j.s.c.c. suit,20,crim_sessions
bmc,20,other/unknown
murder case,20,other/unknown
"recall of witness -0-18 , r-17(civil)",20,civ_misc
civil maint.,20,civ_misc
scce,20,other/unknown
arbitration act,20,civ_misc
suit for dissolution of marriage,20,civ_family
misc. acjsd,20,civ_misc
misc mact execution,20,civ_mact
o.c. partition suit,20,civ_suit
criminal electricity,20,crim_magisterial
comtempt,20,other/unknown
review ic,20,other/unknown
t. s. ( p ),20,other/unknown
title suit.,20,civ_suit
pmla ra,20,other/unknown
misc. i.d.a.,20,civ_misc
ref.10.1.c.of id act,20,other/unknown
railway,20,other/unknown
hrtc ticketless act,20,other/unknown
l g,20,other/unknown
misc. mact(condonation),20,civ_mact
misc ( probate ),20,civ_misc
miscellaneous(munsif),20,civ_misc
cr.case complt.(o)/ f.s.s. case,20,crim_magisterial
civil  misc case,20,civ_misc
annulment case,20,other/unknown
misc case (for restoration),20,civ_misc
eviction execuition,20,civ_execution
sessions special lg act,20,crim_sessions
gr(sc and st) pa act,20,crim_sessions
application u/s 164,20,other/unknown
guardian misc case,20,civ_family
misc. civil appeal(civil),20,civ_misc
ikhtimi,20,other/unknown
suit for rec.of poss. and  permnt,20,civ_suit
guardian and ward act(civil case),20,civ_family
mislaneous criminal,20,crim_magisterial
gua.petn.,20,other/unknown
mat. apl.,20,other/unknown
g.m.c.,20,other/unknown
trp(cri),20,crim_magisterial
m.c (d.v.act),20,other/unknown
civil suite,20,civ_suit
suit for mand inj,20,civ_suit
crl. bail can.,20,crim_bail
s. c. c. suit,20,crim_sessions
reg. exe.,20,other/unknown
uba,20,other/unknown
r.case,20,other/unknown
civil suit-b-62,20,civ_suit
spe. sessions case (sc st act),20,crim_sessions
civil suit class-a,20,civ_suit
m.i.s.c. civil appeal,20,crim_sessions
review petition (h),20,civ_misc
title execution h a,20,civ_execution
mat (r and c),20,other/unknown
c ex.,20,other/unknown
special case /electricity,20,crim_sessions
cril maintainance,20,other/unknown
cril execution,20,civ_execution
pmla ba,20,other/unknown
sessions case( sonar,20,crim_sessions
caveat case,20,civ_misc
suit for demages,20,civ_suit
panchayat raj revisi,20,other/unknown
claim,20,other/unknown
criminal  misc case,20,crim_magisterial
misc civil appeal t,20,civ_misc
civil money suit,20,civ_suit
civil misc (re.) t.i,20,civ_misc
i.p.c.(s) cases,20,other/unknown
civil appeal a 2nd adj,20,civ_misc
mis.apln. n,19,other/unknown
appln  pwa,19,other/unknown
restoration app.ulp,19,other/unknown
title (partition) apeal,19,other/unknown
misc (arb) s,19,civ_misc
rev/rent petn.,19,civ_misc
g and wc cases,19,other/unknown
factory  act,19,other/unknown
misc case.,19,civ_misc
misc(criminal),19,crim_magisterial
g.r. split case,19,crim_magisterial
e.c.actcases,19,other/unknown
exscc,19,other/unknown
nt application,19,other/unknown
cancelation of contr,19,other/unknown
c.appln.(civil),19,civ_misc
special electricity act,19,crim_magisterial
vgr.,19,other/unknown
permanent injunction.,19,other/unknown
civil--reference.,19,civ_misc
n. d. p. s.,19,other/unknown
evic.ori.civ. suit,19,civ_suit
o.s.will,19,civ_suit
misc. civil appeal for dj & adj,19,civ_misc
marev lc,19,other/unknown
title  suit,19,civ_suit
cr. misc.(con.),19,crim_magisterial
d.t.,19,other/unknown
remand appln  scst,19,other/unknown
remand appln  pota,19,other/unknown
misc. app. ida review,19,civ_misc
v misc.,19,civ_misc
motor transport worker act,19,other/unknown
special pmla,19,other/unknown
complaint ipc   pvt. complaint,19,crim_magisterial
grdship.,19,other/unknown
execution 488,19,civ_execution
suit for rest. of cong rights,19,civ_suit
suit for restitution-civil,19,civ_suit
domestic violance act,19,other/unknown
t.p,19,other/unknown
cmapl,19,other/unknown
u/s 10 j and k consumer protection act 1987(civil,19,civ_misc
misc7,19,civ_misc
domestic violation,19,other/unknown
o.c.ex.,19,other/unknown
guardianship suit,19,civ_family
p a,19,other/unknown
ref tu,19,other/unknown
"bail pt of sj, asj",19,crim_bail
civilmisc inj,19,civ_misc
execution (civil suit b),19,civ_execution
muslim law anddelhi wakf board,19,other/unknown
cm  e s i,19,other/unknown
crl. misc.c. pocso,19,crim_sessions
mac exn.,19,other/unknown
mat. (decl.),19,other/unknown
dpt. eq.,19,other/unknown
macp m.a.,19,civ_mact
g.r.-supl.-c,19,crim_magisterial
poli. challan,19,crim_magisterial
cm tpid,19,other/unknown
civil misc.succ case,19,civ_misc
civil ex,19,civ_misc
p & scer,19,other/unknown
title(partition)suit,19,civ_suit
cav.petition,19,civ_misc
mand.,19,other/unknown
crl. misc/12,19,crim_magisterial
m.j.c.civil case,19,civ_misc
weight and measures,19,other/unknown
cril. misc. (b).,19,civ_misc
3/25 arms act,19,other/unknown
civil mise review appl.,19,civ_misc
petition.,19,civ_misc
"t.s,(d)",19,other/unknown
148-a,19,other/unknown
revenue  appeal,19,civ_misc
appln wca i,18,other/unknown
misc. ulp delay,18,civ_misc
r.e.v. rent,18,civ_misc
g . wc,18,other/unknown
vig. complaint,18,crim_magisterial
split  complaint   a,18,crim_magisterial
e.r.a.,18,other/unknown
session trial a,18,crim_sessions
s.t.s1,18,crim_magisterial
s.t. spt ii,18,crim_magisterial
c1 eco.offence case,18,other/unknown
motor accident claim pettition,18,civ_mact
cr.comp(o),18,crim_magisterial
fine misc. case,18,civ_misc
m.c u/s 127 cr. p.c,18,crim_magisterial
bail cancellation,18,crim_bail
criminal misc. (maintainance),18,crim_magisterial
i.c,18,other/unknown
final decree c.s,18,civ_suit
suit for rendation of accounts,18,civ_suit
motor accidents,18,civ_mact
dissolution of patnership,18,other/unknown
suit for partition and pos,18,civ_suit
civil,18,civ_misc
mislaneous(civil),18,civ_misc
entertainment act,18,other/unknown
p. a. execution,18,civ_execution
regu. cr. 3rd cj ii,18,crim_magisterial
d.e.b. g.r.,18,crim_magisterial
act viii,18,other/unknown
smc capw,18,other/unknown
ref-ic,18,other/unknown
succession courts,18,civ_misc
exc p,18,other/unknown
j.m. (enq),18,other/unknown
civil miscl. appeal,18,civ_misc
os (prob),18,civ_suit
eviction suit case,18,civ_suit
i.d.r. - district,18,other/unknown
appln. mhew,18,other/unknown
recovery application ulp,18,other/unknown
appeal (mhwa),18,civ_misc
misc case general,18,civ_misc
mic civ appl(n),18,other/unknown
civil tranfer petet,18,civ_misc
civil misc  appeal,18,civ_misc
drugs and  cosmetic  act,18,other/unknown
pocso.s.case (complaint),18,crim_sessions
split  gr   c,18,crim_magisterial
ndps.s.case (c2a),18,crim_sessions
cr. case complaint(p),18,crim_magisterial
misc - case,18,civ_misc
implementation of order,18,other/unknown
app. for appointment of comm.(civil),18,civ_misc
dissolution of marriage act,18,civ_family
suit for temp inj,18,civ_suit
2 (c) c c,18,crim_magisterial
"application under o-39 r 1,2,3",18,other/unknown
cs(m),18,civ_suit
inteirm appl.,18,other/unknown
st for dec with conseq relief,18,crim_magisterial
guardian application,18,civ_family
guardians amp wards act,18,civ_family
juvenile justice act,18,other/unknown
bengal act,18,other/unknown
shops act,18,other/unknown
guardianship petition (h),18,civ_family
m j c,18,other/unknown
civil suit -b,18,civ_suit
special case anti co,18,crim_sessions
cri. m.j.c.,18,crim_magisterial
workmens compensation misc.,18,civ_misc
criminal revisiont,18,crim_magisterial
civil misc pauper,18,civ_misc
civil misc.(caveat),18,civ_misc
rev.caveat,18,civ_misc
mat (inj),18,other/unknown
mat. dec,18,other/unknown
misc ref ida,18,civ_misc
complaint u/s 168a,18,crim_magisterial
tr.p,18,other/unknown
m.exe(civil),18,civ_misc
app. for restoriation of claim,18,other/unknown
escc,18,other/unknown
eviction case,18,other/unknown
ca and o,18,other/unknown
p.g.a. appeal,18,civ_misc
compt. excise case,18,crim_magisterial
cmt,18,other/unknown
noise act,18,other/unknown
mact mislaneous cases,18,civ_mact
cora,18,other/unknown
el,18,other/unknown
civil misc appl h m,18,civ_misc
chapter case,17,other/unknown
spl.c corr,17,other/unknown
p and  scert,17,other/unknown
arb.award.no,17,other/unknown
hrc,17,other/unknown
gw  act.,17,other/unknown
elec.misc,17,civ_misc
misc. (la),17,civ_misc
misc.(transfer) case,17,civ_misc
govevernment offence,17,other/unknown
regular case (cbi),17,other/unknown
r d r,17,other/unknown
rent control cases,17,civ_misc
suit for partition property,17,civ_suit
e.m.c._,17,other/unknown
paupr st,17,crim_magisterial
mb-act,17,other/unknown
26 forest act,17,other/unknown
d.v.c. act. 2005,17,other/unknown
stat,17,other/unknown
m.a.-ida-review,17,other/unknown
cc forest,17,crim_magisterial
possession,17,crim_sessions
state cr,17,crim_magisterial
misc.(land grabing),17,civ_misc
fc (g),17,other/unknown
panchayat  appeal,17,civ_misc
misc. ( tr.),17,civ_misc
ed. tribunal case,17,other/unknown
special wild life protec. act,17,other/unknown
special children case,17,other/unknown
eviction suit (munsif),17,civ_suit
civil misc. (n),17,civ_misc
special case (food adulteration act),17,crim_sessions
guardianship case(n),17,civ_family
evi. appl.,17,other/unknown
petition for mutual divorce(civil),17,civ_family
c.r.p.c- 488,17,other/unknown
rest.appl.(civil case),17,civ_misc
suit for declaration and injunction,17,civ_suit
app ad-interim,17,other/unknown
app. for appointment of comm.,17,other/unknown
n.h. reference,17,other/unknown
exp,17,civ_execution
app.  for contempt,17,other/unknown
appl. for execution u/s 488,17,civ_execution
suit for restitution of con.,17,civ_suit
cri. case (cri),17,crim_magisterial
la.acq.ref,17,civ_misc
misc case u/o 9 r-13,17,civ_misc
special case(ndps act),17,crim_sessions
recovery application,17,other/unknown
suit for injuction,17,civ_suit
ikthtami,17,other/unknown
domestic violence act 2010,17,other/unknown
transfer application.,17,civ_misc
xxxxxcomplaint,17,crim_magisterial
p.p.appeal,17,civ_misc
gaurdian and wards case,17,other/unknown
criminal appeal (h),17,crim_magisterial
execution cases cs,17,civ_execution
rent misc case h m,17,civ_misc
crl misc.(bail),17,crim_bail
cril. appl,17,other/unknown
dept.eq,17,other/unknown
fn dri,17,other/unknown
review appln. ictu,17,other/unknown
appeal ieso,17,civ_misc
b.o.c.w.,17,other/unknown
misc appeal civ,17,civ_misc
g.p appeal,17,civ_misc
act8gw,17,other/unknown
appln. mwa,17,other/unknown
"original maint.,case",17,civ_suit
atrocity act,17,other/unknown
misc. case mact,17,civ_mact
prc passport act,17,crim_magisterial
condonation of delay app.(bir),17,other/unknown
other sessions  cases,17,crim_sessions
app. for initiating of contemp,17,other/unknown
misc criminal revisi,17,crim_magisterial
transfer misc. case,17,civ_misc
civil mjc 2nd adj,17,civ_misc
civil. exe. c,17,civ_misc
ref. case,17,other/unknown
spl.t,17,other/unknown
application wca - b,16,other/unknown
m a ulp recovery,16,other/unknown
m.a.-ida-reviw,16,other/unknown
testimonial suit,16,civ_suit
ts(divorce),16,civ_family
spl.c(n.d.p.s. act),16,other/unknown
op scty,16,civ_misc
reference cma,16,other/unknown
session trail split b,16,crim_sessions
special cases (title appeal),16,crim_sessions
2 (b) cc,16,crim_magisterial
c.m. (contempt proceedings),16,other/unknown
arbitration_,16,civ_misc
criminal bail cancel,16,crim_bail
suit for injuction and declaration,16,civ_suit
suit under order xxx,16,civ_suit
r. t appeal,16,civ_misc
spl. elec,16,other/unknown
defamation suit,16,civ_suit
xexecution a,16,civ_execution
l.a. suit,16,civ_suit
criminal register,16,crim_magisterial
prc(e.c. act),16,crim_magisterial
reg.dark,16,other/unknown
rest applin ulp,16,other/unknown
d.v.a,16,other/unknown
foc,16,other/unknown
misc. (j),16,civ_misc
misc(recovery),16,civ_misc
education,16,other/unknown
cr (ni),16,crim_magisterial
misc case under i d act,16,civ_misc
spl.case mp/mla/mlc,16,crim_sessions
c r (ase),16,other/unknown
land acqui. case,16,civ_misc
sta,16,other/unknown
n. i. act.,16,crim_ni138
g.r spt iv,16,crim_magisterial
split g.r case b,16,crim_magisterial
testramonetary suit,16,civ_suit
cmc(81),16,other/unknown
petition u/s 488 cr. pc,16,crim_magisterial
challan juvinile,16,crim_magisterial
application for early hearing,16,other/unknown
appl. for implemention,16,other/unknown
application  for execution of order,16,civ_execution
cr-misc old,16,crim_magisterial
exn. proceeding,16,other/unknown
suit for dec and manditary injection,16,civ_suit
dissolution of marriage,16,civ_family
"withdrawal of suits 0-23 , r1",16,civ_suit
complaint u/s 202,16,crim_magisterial
c. t.(n.d.p.s act),16,other/unknown
mat. appeal,16,civ_misc
misc case u/s 30,16,civ_misc
session old,16,crim_sessions
h.mc.a,16,other/unknown
sessions. case,16,crim_sessions
sussesion case,16,other/unknown
misc(inj.),16,civ_misc
ex(la),16,civ_execution
t s  ( a r b ),16,other/unknown
probate of will,16,other/unknown
zima 457 cr.p.c.,16,crim_magisterial
o.s.succ.,16,civ_suit
misc. mac,16,civ_misc
cma -dc,16,other/unknown
reference (ic),16,other/unknown
m.a.  ida review,16,other/unknown
m.a. ulp  recvry,16,other/unknown
elec.petition,16,civ_misc
special( n d p s),16,other/unknown
cri. mis.,16,crim_magisterial
arb.p./cma/ia/election misc/l.a misc,16,civ_misc
spl g.r.,16,crim_magisterial
application u/s 202 cr.pc,16,crim_magisterial
misc 488,16,civ_misc
c.b.a.,16,other/unknown
misc. cri. appliaction,16,crim_magisterial
misc (main),16,civ_misc
civil misc ( g   c   ),16,civ_misc
spl case cr. mjc,16,crim_sessions
coa,16,other/unknown
injunction o39r12,16,other/unknown
execution-,16,civ_execution
civil misc (nre.) succession,16,civ_misc
proceeding under section 446 c,16,other/unknown
domastic violeance act,16,other/unknown
l.a.execution,16,civ_execution
la cases,16,civ_misc
misc civil appeal dj,16,civ_misc
test probate t,16,other/unknown
ndps 1st asj,16,crim_sessions
op os,16,civ_suit
m.nt. nra,15,other/unknown
application wca - c,15,other/unknown
reco. appln. esi,15,other/unknown
misc.appl.(ulp)restau,15,civ_misc
ref.-ulp- i-l,15,other/unknown
review applin ulp,15,other/unknown
weight and measurement,15,other/unknown
compln id act s 33 a,15,other/unknown
debt removal,15,other/unknown
p  and  scert,15,other/unknown
misc.a.,15,civ_misc
el.p,15,other/unknown
ele. misc,15,civ_misc
special n i a case,15,other/unknown
misc. (violation),15,civ_misc
s.j.t. appl,15,other/unknown
examination act,15,other/unknown
misc. civil form no. 74,15,civ_misc
lc claim (direct),15,other/unknown
misscellaneous,15,other/unknown
crl.trial(h.r.),15,crim_magisterial
suit fr partion and  prmannt inj,15,civ_suit
election  petetion,15,other/unknown
final reports,15,crim_magisterial
suit for partition mandatory,15,civ_suit
land acquistaion cases(civil case),15,civ_misc
suit for permenant prahabitory,15,civ_suit
rcre,15,other/unknown
l.a.reference execution case,15,civ_execution
cbi sc,15,crim_sessions
execution civil case,15,civ_execution
misc.appeals,15,civ_misc
application mir,15,other/unknown
delay appln-pga,15,other/unknown
election misc,15,civ_misc
fc title suit(d),15,civ_suit
income tax act,15,other/unknown
st - transfer,15,crim_magisterial
excise act-149,15,crim_magisterial
spl. case (drug and cos. act),15,crim_sessions
c r (labour),15,other/unknown
miscellaneous (family court),15,civ_family
ndps spl case,15,crim_sessions
complain splitup case,15,other/unknown
sessions trial s,15,crim_sessions
transfer application criminal,15,crim_magisterial
cr.   revision.,15,crim_magisterial
suit for declaration.,15,civ_suit
criminal miscelleneous app,15,crim_magisterial
complaint  u/s 400 rpc,15,crim_magisterial
intest,15,other/unknown
ia/cma,15,other/unknown
civil contempt application,15,civ_misc
transfer application(civil case),15,civ_misc
application u/s 489,15,other/unknown
applicatin under 39 rule 2a,15,other/unknown
suit pt meets nd bo,15,civ_suit
modification,15,other/unknown
st fr partn seprt possn and  inj,15,crim_magisterial
guardianship misc. case,15,civ_family
app.for release of servce book,15,other/unknown
guardian and award act.,15,civ_family
m b appeal,15,civ_misc
gaurdians and wards act cases,15,other/unknown
s.s.c revision,15,crim_sessions
gaurdians and wards act,15,other/unknown
misc. (exe.) case,15,civ_misc
exe. 128 cr.p.c.,15,civ_execution
rfa  t,15,other/unknown
civil suit  class a,15,civ_suit
test probate (h),15,other/unknown
counter claim-cross obj.,15,crim_magisterial
workmen compensation (t),15,other/unknown
extention intest sc t,15,crim_sessions
os probate,15,civ_suit
ex-b,15,civ_execution
appeal pga-352,15,civ_misc
misc case (civil),15,civ_misc
era,15,other/unknown
cooperative reference,15,other/unknown
rent control execution,15,civ_execution
domestic voilence act 1. 2005,15,other/unknown
g.r.e.,15,crim_magisterial
gc case t,15,other/unknown
mislaneous crl. rel.,15,crim_magisterial
38-cm,15,other/unknown
lc (cent) app. u/s 2a(2) id ac,15,other/unknown
excution debt relief,15,other/unknown
isa,15,other/unknown
juvenile record,15,other/unknown
plementation of court order,15,other/unknown
f.i.r. case,15,other/unknown
elec. misc,15,civ_misc
"appeal -misc a) inj, b) rec, 3) o",15,civ_misc
5.money execution,15,civ_execution
misc. recovery,15,civ_misc
m.j.c. sessions cr,15,crim_sessions
cri. m.a. (not in use),15,crim_magisterial
condonation of delay (mrtu),14,other/unknown
p.c.m.appln.,14,other/unknown
cc ni act,14,crim_ni138
e p f act,14,civ_execution
elen. petn.,14,other/unknown
"misjoinder and non joinder -0-1 , r-9",14,other/unknown
ele.ptn,14,other/unknown
nfir,14,other/unknown
p andd sc,14,crim_sessions
os cpy.rt,14,civ_suit
misc. (arbitration),14,civ_misc
evi. appeal,14,civ_misc
mac misc. application,14,civ_mact
amendent of pleadings -0-6-r-17,14,other/unknown
d r c,14,other/unknown
indian medical council act,14,other/unknown
miss case,14,other/unknown
decl. perm inj,14,other/unknown
cit r,14,other/unknown
spl.cases-ndps,14,crim_sessions
mc 128 crpc,14,other/unknown
tr.p.c.,14,other/unknown
civil suit (money suit),14,civ_suit
appl.misc a. inj b,14,civ_misc
misc.(civil case),14,civ_misc
app.for condonation of delay,14,other/unknown
mce,14,other/unknown
sccrevision,14,other/unknown
corrution case,14,other/unknown
mort. execution,14,civ_execution
f.c.,14,other/unknown
strike lc,14,other/unknown
refer lc,14,other/unknown
m.v .case,14,other/unknown
civil suit b 2nd cj ii,14,civ_suit
mca for dj  adj,14,other/unknown
civil mise(vio),14,civ_misc
pwdva revi.,14,other/unknown
misc  appln  pota,14,civ_misc
m. a.- ida,14,other/unknown
vacational m.a.,14,other/unknown
cr excise ps,14,crim_magisterial
excise cr,14,crim_magisterial
assam shops and establishment,14,other/unknown
hma u/s 24,14,civ_family
land grabbing (prohibition),14,other/unknown
title suit (p),14,civ_suit
title suit wakf,14,civ_suit
misc j case,14,civ_misc
mact property damage,14,civ_mact
adoptation case,14,other/unknown
eviction  suit,14,civ_suit
money appl,14,other/unknown
m.v. execution,14,civ_execution
confiscation case (vigilance),14,other/unknown
transfer petition (civil),14,civ_misc
comp.w.f.-complaint wise forest,14,crim_magisterial
mislaneous appeal,14,civ_misc
9/11 raj  smoke act,14,other/unknown
civil miscelleneous app,14,civ_misc
application for release of veh,14,other/unknown
m.c.(d.v. act.),14,other/unknown
complaint u/s 100 rpc,14,crim_magisterial
"suit for dec,perp/mand.inj",14,civ_suit
arbitration petition.,14,civ_misc
cvl contempt application.,14,other/unknown
suit for permanent prohibitory,14,civ_suit
suit for perm proh inj.,14,civ_suit
appeal 17a,14,civ_misc
applic. for stay operation,14,other/unknown
reference u/s 18 la act(civil case),14,civ_misc
panchayt revision,14,other/unknown
xxxxxmisc 70,14,civ_misc
appeal p.w.a,14,civ_misc
complaint case (summan trial),14,crim_magisterial
rp.,14,other/unknown
misc appl,14,civ_misc
bail application case,14,crim_bail
exe-cr-dv,14,civ_execution
cr ( dv ),14,crim_magisterial
insolvency petition (h),14,civ_misc
civilmisc review,14,civ_misc
misc. review,14,civ_misc
title appeal.,14,civ_misc
de crl,14,crim_magisterial
ref.10-(1)(c),14,other/unknown
app.-bir-review,14,other/unknown
money exn trf.decree,14,civ_misc
protest complaint,14,crim_magisterial
app. of resjudicate u/s 11 cpc,14,other/unknown
app us 25 of gaurdians and wa.,14,other/unknown
declaration/partition/inj,14,other/unknown
perjury 479-b,14,other/unknown
mat suit div. act,14,civ_suit
mjc juvenile court,14,other/unknown
counter claim/cross.obj,14,crim_magisterial
mra,14,other/unknown
eca/fc,14,other/unknown
t. s.,14,other/unknown
vig.(tr),14,other/unknown
suit for eviction amp perm inje.,14,civ_suit
jscc suit,14,civ_suit
g r case (warrant),14,crim_magisterial
c r case (summon),14,crim_magisterial
elect.petn.,14,other/unknown
cr r pt.,14,crim_magisterial
misc. ( interlocatory admn. ),14,civ_misc
g.o.c. s,14,civ_suit
application mmh,13,other/unknown
app.-bir-i-s,13,other/unknown
m.a. ida reston.,13,other/unknown
exec. cases,13,other/unknown
cr.case complt.(o),13,crim_magisterial
pl.case,13,other/unknown
misc. case under i d act,13,civ_misc
precept,13,other/unknown
eviction suit(u/s bb,13,civ_suit
session trial split case b,13,crim_sessions
rev. of probate case,13,other/unknown
t.e.appeal,13,civ_misc
gr-164,13,crim_magisterial
vig.(ctr),13,other/unknown
co-op.appeal,13,civ_misc
perpetual injunction,13,other/unknown
int,13,other/unknown
mac misc,13,civ_mact
m.c. 128 cr.pc.,13,crim_magisterial
criminal sessions case,13,crim_sessions
app. against the award,13,other/unknown
cri. ma,13,crim_magisterial
cri.mis.,13,crim_magisterial
a p,13,other/unknown
death sentence ref.,13,other/unknown
exparte,13,civ_execution
u/s 10 jk consumer protection act,13,other/unknown
suit for r c rights,13,civ_suit
xxxxxmaintenance,13,civ_family
e. a. appeal,13,civ_misc
misc case adj2,13,civ_misc
civil suit a  ist cj,13,civ_suit
spl crim. case pca,13,crim_magisterial
misc. criminal  cases,13,crim_magisterial
judl. inq.,13,other/unknown
c m app(arb),13,other/unknown
complain case (cr) (w),13,crim_magisterial
cr case others,13,crim_magisterial
immoral traffic act,13,crim_magisterial
misc. lad,13,civ_misc
misc. (mact),13,civ_mact
title suit(commercial),13,civ_suit
misc patition,13,civ_misc
title suit (munsif),13,civ_suit
pocso act special case,13,crim_sessions
cri transfer petet,13,crim_magisterial
c3(forest),13,other/unknown
clam ex. case,13,other/unknown
ndps s. case s.,13,crim_sessions
human right (complaint case),13,crim_magisterial
civil misc.  (cm 38),13,civ_misc
spl.case (special act case),13,crim_sessions
civil--execution,13,civ_execution
custady change,13,other/unknown
guardianship(civil),13,civ_family
suit for redition of accounts and perment injuctio,13,civ_suit
execution pet.,13,civ_execution
appli. for grant of int relief,13,other/unknown
session case (sc),13,crim_sessions
cr. condonation of delay,13,crim_magisterial
suit for specific performance of contract,13,civ_suit
transfer of application,13,civ_misc
sum. civil suit,13,civ_suit
hm act misc,13,civ_mact
panchayat rev.,13,other/unknown
paupar suit,13,civ_suit
i.t. act,13,other/unknown
o. ex.,13,other/unknown
o.c. suit probate,13,civ_suit
misc l.a,13,civ_misc
o. c. execution,13,civ_execution
cm inj,13,other/unknown
cr n i,13,crim_magisterial
execution civil b,13,civ_execution
misc.judicial cases(civil),13,civ_misc
mat case  t,13,other/unknown
miss. m.a.c.t.,13,civ_mact
money execution h a,13,civ_execution
t.s. eviction suit t,13,civ_suit
spl.t. nd and ps,13,other/unknown
misc.appln pga,13,civ_misc
reference ulp,13,other/unknown
misc.reco.appln ulp,13,civ_misc
comp. mmh,13,other/unknown
sessions (special),13,crim_sessions
money execution arbitration,13,civ_execution
bail cancellation petition,13,crim_bail
juvenile trial,13,other/unknown
l.acq misc,13,civ_misc
e.d.c,13,other/unknown
appl for recovery of an amount,13,other/unknown
misc. civil case(reg. 74),13,civ_misc
a.t.case,13,other/unknown
cm.related,13,other/unknown
cm fourty one,13,other/unknown
civil misc(n re.)arbitrution,13,civ_misc
interpleader suit,13,civ_suit
cri mjc,13,crim_magisterial
appln wca h,13,other/unknown
spl. ex.petition,13,civ_execution
sec 60 excise act,13,crim_magisterial
cr electricity 1st asj,13,crim_magisterial
arbitration execution petition,13,civ_execution
application mw,12,other/unknown
i.c.m.a.,12,other/unknown
ref ulp i s1,12,other/unknown
cross appeal,12,crim_magisterial
mi cr app bir,12,crim_magisterial
u.mis cases,12,other/unknown
title execution civil,12,civ_execution
comsn.apln,12,other/unknown
special case e c a,12,crim_sessions
civil misc reg. no.38,12,civ_misc
g  and w,12,other/unknown
elec. p,12,other/unknown
a.a,12,other/unknown
oa underifl,12,other/unknown
non f i r,12,other/unknown
n.d.p.s. suppl case,12,other/unknown
partition execuition,12,civ_execution
mislaneous petition(adj),12,civ_misc
civil suit(movable property),12,civ_suit
soa,12,other/unknown
arbitration misccase,12,civ_misc
forgery,12,other/unknown
application for grant of tempi,12,other/unknown
misc ssc,12,civ_misc
final degree,12,other/unknown
lc (cent) app.u/s 33c(2) id ac,12,other/unknown
civil appeal decree rent contr,12,civ_misc
mat appeal,12,civ_misc
163 a m.v.act.,12,crim_magisterial
f.d.t.s.,12,other/unknown
m.a.c.t 163 a,12,civ_mact
mand,12,other/unknown
app. for cod,12,other/unknown
spl t corruption,12,other/unknown
special trial ec act,12,crim_sessions
spl. s.t.(not in use),12,crim_magisterial
gde,12,other/unknown
criminal misc appln,12,crim_magisterial
misc ( lett. of admin.)case,12,civ_misc
mics adoption case,12,other/unknown
misc arbitration,12,civ_misc
matri execution,12,civ_execution
misc case spl court,12,civ_misc
m. a. c. c.,12,civ_mact
misc. execution la,12,civ_execution
appln.wca g,12,other/unknown
vacational r.a,12,other/unknown
special (pocso),12,crim_sessions
equal remuneration act,12,other/unknown
misc. (education),12,civ_misc
cr (forest),12,crim_magisterial
complain case (cr) (s),12,crim_magisterial
misc case l/g,12,civ_misc
drugs and cosmetic act,12,other/unknown
crl.misc. petition,12,crim_magisterial
care and protection children act,12,other/unknown
children court case,12,other/unknown
misc. case 446 cr.p.c,12,crim_magisterial
maint. alteration,12,other/unknown
children act case,12,other/unknown
"final decree, sd",12,other/unknown
c2(spca),12,other/unknown
ni act (138),12,crim_ni138
crl. appeal(j),12,crim_magisterial
appeal criminal,12,crim_magisterial
application u/s 489 cr.pc,12,crim_magisterial
j crl appl,12,crim_magisterial
g. r. case,12,crim_magisterial
maintenance 489,12,civ_family
rpc criminal,12,crim_magisterial
hindu adaptation amp maint act,12,other/unknown
c.t (ss),12,crim_magisterial
arb.case,12,other/unknown
"suit fr prmnt, prhbtry, mndtr",12,civ_suit
restoration of suits,12,civ_suit
scc r,12,other/unknown
xxxxxspl t.ndps,12,crim_sessions
crl.misc. appeal,12,crim_magisterial
civil miss. case,12,civ_misc
misc ptition,12,civ_misc
nia special case,12,crim_sessions
s.c and s.t. poa,12,crim_sessions
j.misc (succession case),12,civ_misc
o c partition,12,other/unknown
scc misc.,12,civ_misc
misc ( la) case,12,civ_misc
civilmisc leave,12,civ_misc
misc (dom),12,civ_misc
civilmisc resto,12,civ_misc
misc. civil cases for cj,12,civ_misc
sc corruption cases,12,crim_sessions
civilmisc vio,12,civ_misc
civil misc (review),12,civ_misc
spl. sessions cases,12,crim_sessions
judl. misc case,12,civ_misc
rcs-b,12,civ_suit
matp,12,other/unknown
dc-idr,12,other/unknown
complaint ulp-355,12,crim_magisterial
os trd.mrk,12,civ_suit
p n sc,12,crim_sessions
misc (adoption),12,civ_misc
cooperative review,12,other/unknown
fattel,12,other/unknown
elms,12,other/unknown
crl.mc.pro.attach,12,crim_magisterial
cp.ia,12,other/unknown
execution11,12,civ_execution
national drugs  psycotropic act,12,other/unknown
ref-tu,12,other/unknown
cril. revn,12,other/unknown
recovery appln. ulp,12,other/unknown
review appln ulp,12,other/unknown
civil misc(n re.)land revenu,12,civ_misc
m.a.c cases,12,civ_mact
st fr partion and seprt posses,12,crim_magisterial
ex j.s.c.c.,12,crim_sessions
old misc.civil-ii,12,civ_misc
civil ex. cj ii 2nd,12,civ_misc
m. v. case,12,other/unknown
misc u.l.p,12,civ_misc
spl.c(corruption,12,other/unknown
central exice,12,other/unknown
l. a. r.,12,civ_misc
national drugs & psycotropic act,12,other/unknown
arbitration misc case t,12,civ_misc
st ara,12,crim_magisterial
l.a.mislaneous,12,civ_misc
cri.mathadi,12,crim_magisterial
food sefty act,12,other/unknown
c claim,11,other/unknown
ref ulp  i l1,11,other/unknown
misc. app. .ulp review,11,civ_misc
m a ida review,11,other/unknown
revision appln (mhwa),11,other/unknown
g.p.,11,other/unknown
163 m.v.act,11,crim_magisterial
c.o.p.,11,other/unknown
revw p,11,other/unknown
title suit js,11,civ_suit
title suit ( arbitration ),11,civ_suit
sp (sc and st),11,crim_sessions
misc j,11,civ_misc
g.r.s2,11,crim_magisterial
e.exe,11,other/unknown
rpc/challan,11,crim_magisterial
dacoity,11,other/unknown
r.p.g.o.act,11,other/unknown
mtaf,11,other/unknown
suit for cancellatn,11,civ_suit
election  petition,11,civ_misc
e.p.f.o. act,11,civ_execution
registration,11,other/unknown
suit evic and mandatry injuction,11,civ_suit
elect. petn(civil),11,civ_misc
grant of interim  relief,11,other/unknown
cri.appl,11,crim_magisterial
sc. st. act,11,crim_sessions
cr. mjc ftc,11,crim_magisterial
rvsn-ic,11,other/unknown
tada,11,other/unknown
misc pga appeal,11,civ_misc
misc applin esi,11,civ_misc
misc. pga 2016,11,civ_misc
delay appln esi1,11,other/unknown
reference (ulp-i/l),11,other/unknown
rest. appln. esi,11,other/unknown
m.appeal,11,civ_misc
vacation m.a.,11,other/unknown
cr railway police,11,crim_magisterial
special(children),11,other/unknown
et,11,other/unknown
special sessions (pocso),11,crim_sessions
misc. case (crl),11,crim_magisterial
suit for permanent mandatory injunction,11,civ_suit
splnia,11,other/unknown
sessions trial a-1,11,crim_sessions
electricity act case splt a,11,crim_magisterial
misc. adoption,11,civ_misc
split ocr   a,11,other/unknown
rly. complaint case(p),11,crim_magisterial
misc(education tribunal) case,11,civ_misc
criminal misc. ( t),11,crim_magisterial
muncif title  appeal,11,civ_misc
interim maintenance,11,civ_family
civil--regular suit,11,civ_suit
i .c.c,11,crim_magisterial
"suit for decl, part. possession and injunction",11,crim_sessions
election appl,11,other/unknown
application u/s 30 h.m act,11,civ_mact
suit 1,11,civ_suit
rest.of conjugal rig,11,other/unknown
app. for con. of delay,11,other/unknown
application  u/s  8  rent central act,11,civ_misc
m.n.j.c,11,other/unknown
c.s / f.d,11,civ_suit
caveat misc case,11,civ_misc
execution with application.,11,civ_execution
489 cr. pc,11,crim_magisterial
misc.  civil appeal old,11,civ_misc
xxxxexscc,11,other/unknown
election petition.,11,civ_misc
j.misc(probate),11,civ_misc
m w misc lc,11,civ_misc
t. e,11,other/unknown
interim misc maint t,11,civ_misc
ts exe,11,other/unknown
m.a.c.t. mjc,11,civ_mact
review petition t,11,civ_misc
depositor interest act,11,other/unknown
gc,11,other/unknown
sc.dc,11,crim_sessions
mat. g and w,11,other/unknown
os succ case,11,civ_suit
dpt. eq,11,other/unknown
m.a. ulp review,11,other/unknown
pauper petn regr,11,other/unknown
a.c.matters,11,other/unknown
m. r. execution,11,civ_execution
misc.(l.a),11,civ_misc
panchayat reavision,11,other/unknown
building cases,11,other/unknown
c1(dva),11,other/unknown
air/motor acc.c.case,11,other/unknown
misc cases o-9,11,civ_misc
reg.cri.case.old,11,crim_magisterial
ndps crei. revn.,11,crim_sessions
xmisc.civil appeal dj,11,civ_misc
misc (arbitation),11,civ_misc
suppl.mact,11,civ_mact
complaint case1,11,crim_magisterial
cri. misc. case cbi,11,crim_magisterial
op co.scty,11,civ_misc
civil suit mjc cj ii 2nd,11,civ_suit
civil suit mjc ist  cj,11,civ_suit
appeal ( pga ),11,civ_misc
cvil suit a for adj,11,civ_suit
petition m a n r j e,10,civ_misc
review app.ulp,10,other/unknown
m.a.ulp restoration,10,other/unknown
reference ulp i/s,10,other/unknown
hpfc act.,10,other/unknown
reference case u/ s 10 i d act,10,other/unknown
g.r. s1,10,crim_magisterial
e.suit,10,civ_suit
r.c.p.,10,other/unknown
session trial split case  a,10,crim_sessions
g.r. s/2,10,crim_magisterial
"misjoinder & non joinder -0-1 , r-9",10,other/unknown
civ rev.,10,other/unknown
ip(appl.),10,other/unknown
cr.case,10,crim_magisterial
suit for prohibatory inj.,10,civ_suit
civil misc. (nr) l.a.,10,civ_misc
petition election,10,civ_misc
rest of case 0-9r-4,10,other/unknown
resto. of suits,10,civ_suit
land.acqu.ref.,10,other/unknown
civil suit-title,10,civ_suit
application for enhancement,10,other/unknown
attempt to rape,10,other/unknown
land acquistion cases,10,civ_misc
spl. s.t.,10,crim_magisterial
civil appeal a ftc,10,civ_misc
special crrpt case,10,crim_magisterial
cr. mjc asj 1st,10,crim_magisterial
execution (civil suit a),10,civ_execution
racp,10,other/unknown
restoration appln (it),10,other/unknown
misc.delay appln pga,10,civ_misc
m a ulp recvry,10,other/unknown
m a ida reston,10,other/unknown
appln.fwca,10,other/unknown
f.o.c,10,other/unknown
misc cases vs 125 cr p c,10,civ_family
c r dv act,10,other/unknown
op (suc),10,civ_misc
wakf cma,10,other/unknown
h.p.g.c.p.t.r.act,10,other/unknown
complaint case(excise act),10,crim_magisterial
wakf civil suit,10,civ_suit
title suit (probate),10,civ_suit
"legal metrology act, 2009",10,other/unknown
misc. case (civil),10,civ_misc
special pocso cases,10,crim_sessions
title-suit,10,civ_suit
special pocso case spt i,10,crim_sessions
spl. case (food adultration),10,crim_sessions
pocso.s.case (gr),10,crim_sessions
g.r. suppl. 3,10,crim_magisterial
title execution (munsif),10,civ_execution
per. injuction suit,10,civ_suit
c2(co),10,other/unknown
cri.misc.petition,10,crim_magisterial
food and safety,10,other/unknown
civiil suit,10,civ_suit
cma(cs),10,civ_suit
spjc,10,other/unknown
criminal appeal(juv),10,crim_magisterial
restoration application.,10,other/unknown
transfer of suit,10,civ_suit
mact. cases,10,civ_mact
app. release of siezed article,10,other/unknown
diss. of marriage,10,civ_family
arb  a,10,other/unknown
civil rev,10,civ_misc
ref. s.t.,10,crim_magisterial
interlocutory apllication,10,other/unknown
app implementation,10,other/unknown
v . g . r  case,10,other/unknown
app. for ex-party,10,other/unknown
registration appeal,10,civ_misc
138 ina,10,crim_ni138
panchayat revision suit,10,civ_suit
motor accident claim tribunal old,10,civ_mact
rent case misc /74,10,civ_misc
s.c.c execution,10,crim_sessions
mntha,10,civ_family
arbitration main and misc case,10,civ_misc
m.r-   u/s 446 cr.p.c,10,crim_magisterial
revocation case(o.s.),10,civ_suit
civilmisc stay,10,civ_misc
special session  cases of children court,10,crim_sessions
spl. criminal case pacso,10,crim_magisterial
misc. civil suit,10,civ_suit
prc ec act,10,crim_magisterial
other cases under special act by sessions court,10,crim_sessions
t.s.(r.c.r),10,other/unknown
judl. misc (restor),10,civ_misc
civil misc. application (district court),10,civ_misc
cril /m/,10,other/unknown
misc. civil adoption,10,civ_misc
cri. mics. appln. dva,10,crim_magisterial
complaint (mhwa),10,crim_magisterial
condn of delay - pga,10,other/unknown
e.c. cases,10,other/unknown
misc. (t) case,10,civ_misc
suit of public nausiance,10,civ_suit
civil original suit (cos),10,civ_suit
application for   restoration,10,other/unknown
c p,10,other/unknown
application for condonation,10,other/unknown
judicial misc. execution,10,civ_execution
cross appeal/cross objection,10,crim_magisterial
cbi cases,10,other/unknown
execution a class,10,civ_execution
special case (cgpdi),10,crim_sessions
e.s.i.act case,10,other/unknown
ln,10,other/unknown
misc ida delay,10,civ_misc
m.a. wca,10,other/unknown
m a in aba,10,other/unknown
ma (mea),10,other/unknown
information appeal,10,civ_misc
naxalite act.,10,other/unknown
title maint. suit,10,civ_suit
ndps m.a.,10,crim_sessions
civil misc appeal ra,10,civ_misc
guardians act,10,civ_family
it 33-a,10,other/unknown
execution (m.a.c.t),10,civ_mact
bail appli. scst,10,crim_bail
civilmisc rest,10,civ_misc
t. misc. app.,10,civ_misc
os (guardian),10,civ_family
u/s 446 cr.p.c.,10,crim_magisterial
civil appeal  b adj ist,10,civ_misc
session t,10,crim_sessions
title suit (l.a),10,civ_suit
r.noises act,10,other/unknown
complaint_cases,10,crim_magisterial
app. for imp. of temp. inj.,10,other/unknown
u/s 138 neogtiable act,10,crim_ni138
misc. (election),10,civ_misc
recovery m.w.,9,other/unknown
appln. bir-rm,9,other/unknown
appln.wca-g,9,other/unknown
review appln. mrtu,9,other/unknown
cond of delay applin mrtu,9,other/unknown
mcoco.revn.,9,other/unknown
delay appln.mrtu,9,other/unknown
comp. mhwa,9,other/unknown
ele.misc,9,civ_misc
title. p.appeal,9,civ_misc
title suit (sub judge),9,civ_suit
gram panchayt appeal,9,civ_misc
med.appeal,9,civ_misc
title (a)suit,9,civ_suit
title eviction suit(sub-judge),9,civ_suit
spl. marriage petition,9,civ_family
m a t appeal,9,civ_misc
recovery of possession,9,crim_sessions
d.r.a act,9,other/unknown
cr.misc.appl,9,crim_magisterial
mendatory suit,9,civ_suit
wlp act,9,other/unknown
contempt proc,9,other/unknown
3(a)cc,9,crim_magisterial
m.c. 128 c.r.p.c,9,other/unknown
ist appeal,9,civ_misc
suit partitn perm.and pro inju,9,civ_suit
app. for dispensation of notic,9,other/unknown
30 hm act,9,civ_mact
misc civil succession,9,civ_misc
small cause execution,9,civ_execution
miscexe,9,civ_misc
vig.,9,other/unknown
spl. case acb,9,crim_sessions
appeal mir,9,civ_misc
m. a.-pwa,9,other/unknown
m.a.ida.reco,9,other/unknown
vacation r.a.,9,other/unknown
trans.appln.pga,9,other/unknown
appln. bir-ic,9,other/unknown
misc appln idact-s11,9,civ_misc
i d p,9,other/unknown
misc(crl),9,crim_magisterial
misc ( arbitration),9,civ_misc
electricity act case split a,9,crim_magisterial
spl. case (n.i.a.),9,crim_sessions
revocation case(n),9,other/unknown
m.a.c.t. executation,9,civ_mact
supl.complaint(p),9,crim_magisterial
ecir case,9,other/unknown
split electricty act cases b,9,other/unknown
execution case famil,9,civ_execution
sessions trial c,9,crim_sessions
misc. transfer case,9,civ_misc
labour/ industrial appeals,9,civ_misc
early hearing application,9,other/unknown
suit for restitution of conjugal rights with perma,9,civ_suit
app.u/s 489,9,other/unknown
"suit for permanent prohibtry, mandtry inj",9,civ_suit
cri. case (criminal case),9,crim_magisterial
provisional bail,9,crim_bail
application for issuance of temp. inj,9,other/unknown
10 hm act,9,civ_mact
c.t. special (ndps),9,crim_sessions
cs restored,9,civ_suit
application for compensation,9,other/unknown
st marriage dissolut,9,civ_family
intest suit,9,civ_suit
suit for settlement of account,9,civ_suit
suit for partition with per. inj,9,civ_suit
release     application,9,other/unknown
xxxx--scc suit,9,civ_suit
p.w.a appeal,9,civ_misc
p.a.misc.,9,civ_misc
execution old,9,civ_execution
scc_suit,9,civ_suit
fr gangster act,9,other/unknown
insolvency cases,9,civ_misc
panchayat raj,9,other/unknown
xexecution2,9,civ_execution
criminal miscilaneous,9,crim_magisterial
misc pre-emption(execution),9,civ_execution
t. exe case,9,other/unknown
spl criminal case drugs and cosmetic,9,crim_magisterial
(mac) money execution,9,civ_execution
crossappeal-crossobj,9,crim_magisterial
civil suit execution,9,civ_execution
m s ( c c ),9,crim_magisterial
special electricity,9,other/unknown
crl.misc u/s 410,9,crim_magisterial
civil revision petition (h),9,civ_misc
civilmisc condo,9,civ_misc
hama,9,other/unknown
m. a. c. t. misc. case,9,civ_mact
misc civil appl adop,9,civ_misc
cril misc fr,9,civ_misc
mat (g&w),9,other/unknown
o.s. / succ.,9,civ_suit
cril.misc. electricity,9,civ_misc
apeal pga,9,other/unknown
m a pwa,9,other/unknown
misc. app. (ida) review,9,civ_misc
e.o.s,9,civ_suit
shops & estt. act,9,other/unknown
g.r. s 2,9,crim_magisterial
session trial suppl,9,crim_sessions
misc.(vio) case,9,civ_misc
company 039 s act,9,other/unknown
crl. misc.case,9,crim_magisterial
misc ( transfer ) civil,9,civ_misc
sessions case suppl.,9,crim_sessions
civil  appeals,9,civ_misc
miscrc,9,civ_misc
materominal ex. case,9,other/unknown
compliant -(old),9,other/unknown
election. petition,9,civ_misc
po. challan,9,crim_magisterial
suit dis.marr and div.perm pro.in,9,civ_suit
mc(128crpc),9,other/unknown
t. exe,9,other/unknown
misc. petition.,9,civ_misc
rent. appeal,9,civ_misc
crl   misc,9,crim_magisterial
civil s exe a class,9,civ_misc
civil  misc. ( adoption ),9,civ_misc
civil misc     exct,9,civ_misc
misc petition  t,9,civ_misc
f.c.(civil)case,9,civ_misc
cril. misc. (t),9,civ_misc
misc. pga appln.,9,civ_misc
recovery app.ulp,9,other/unknown
reference - larr act,9,other/unknown
cr d.v.,9,crim_magisterial
under section 10 -1- c,9,other/unknown
criminal complants,9,crim_magisterial
probatee,9,other/unknown
e.s.i act,9,other/unknown
injection or-9ru-13,9,other/unknown
lc misc.,9,civ_misc
rps and nhp,9,other/unknown
4/6 n c act,9,other/unknown
civil appeal ( rent control ),9,civ_misc
xmisc. acjsd,9,civ_misc
small cause court.,9,other/unknown
prelim a,9,other/unknown
spl.c. ec act,9,other/unknown
spl. indian electricity act.,9,crim_magisterial
original money suit,9,civ_suit
spl. t ndps c case,9,crim_sessions
misc-94,9,civ_misc
app.for amendment,9,other/unknown
mact application,9,civ_mact
151 cpc,9,other/unknown
misc._criminal_applications,9,crim_magisterial
pus446,9,other/unknown
mjccivil,9,civ_misc
session trial ii adj,9,crim_sessions
civil misc rev,9,civ_misc
p and s c,9,crim_sessions
60 excise act,9,crim_magisterial
misc.civil case for civil suit,9,civ_suit
complain sup. a,8,other/unknown
g.o. case,8,other/unknown
c1.s,8,other/unknown
spl.c(e.c.act),8,other/unknown
esi.misc.,8,civ_misc
wildlife protection act,8,other/unknown
r.r.p,8,other/unknown
p .sc,8,crim_sessions
jail appeal,8,civ_misc
arbitration matters,8,civ_misc
g case- (drug and cosmetic),8,other/unknown
l.a execution,8,civ_execution
"eviction case, sd",8,other/unknown
ha maint.act.,8,other/unknown
regular petition(civil suit),8,civ_suit
indexe,8,other/unknown
civil misc.(nr) land ref.,8,civ_misc
102 crpc,8,other/unknown
suit  for damages,8,civ_suit
p.a. ex.,8,other/unknown
t.r.p,8,other/unknown
spei.. perfor..,8,other/unknown
13 g. act,8,other/unknown
app bringng legal heirs on rec,8,other/unknown
suit for mandatory injection(civil case),8,civ_suit
gaurdianship petition,8,civ_misc
misc.(vio),8,civ_misc
letters of administration,8,other/unknown
t. r. case,8,other/unknown
civil ex. cj ist.,8,civ_misc
probate misc case t,8,civ_misc
s.t. vigilance,8,crim_magisterial
special civil suit,8,civ_suit
misc. appeal pga,8,civ_misc
bail appln  scst,8,crim_bail
misc. appln. mrtu,8,civ_misc
a.r.b.e.p,8,civ_execution
misc.appl,8,civ_misc
misc appln. dhu,8,civ_misc
wca nf,8,other/unknown
p  and   sc,8,crim_sessions
review p,8,other/unknown
spl (ccl),8,other/unknown
misc case (wakf),8,civ_misc
wild life protection act,8,other/unknown
ts sucsession,8,crim_sessions
immroal traffic act,8,crim_magisterial
misc case under w a k f act,8,civ_misc
misc (l/a),8,civ_misc
ts-la,8,civ_misc
acquittal appeal,8,civ_misc
miscelleneous(sub judge iv),8,civ_misc
gr s 1,8,crim_magisterial
c-6,8,other/unknown
"money suit,jd",8,civ_suit
complain suplimentry,8,other/unknown
g. r sup c,8,crim_magisterial
crl. misc.cases,8,crim_magisterial
2(c)cc (comp.),8,crim_magisterial
application  for cod,8,other/unknown
criminal ikhtami,8,crim_magisterial
app. for bail,8,crim_bail
transfer petn,8,civ_misc
complaint us 420,8,crim_magisterial
suit for renitidation accounts,8,civ_suit
suit for permanant and mandatory injunction,8,civ_suit
application for legal hears,8,other/unknown
revw.app,8,other/unknown
application u/s  202,8,other/unknown
u/s 15 h.m act(civil case),8,civ_mact
suit for prohibitory injunction,8,civ_suit
f.d.t.s,8,other/unknown
ikhtitami 169 cr.pc,8,crim_magisterial
appl.against the judgments,8,other/unknown
revision agnst order,8,other/unknown
execution h. m. act,8,civ_mact
appl. u/s 80a,8,other/unknown
spl. darkhast,8,other/unknown
s.c.c. suit /small cause court,8,crim_sessions
special case e.c act.,8,crim_sessions
xbail.appll  warent,8,crim_bail
misc succession case/,8,civ_misc
spl,8,other/unknown
o.c. appeal,8,civ_misc
o.c. (injuction) suit,8,civ_suit
comm rev,8,other/unknown
arbitration mjc,8,civ_misc
civil appeal b class,8,civ_misc
succession appeal,8,civ_misc
nh(ref),8,other/unknown
spe. case (cg prote. of deposi. inter. act 2005),8,other/unknown
misc(con),8,civ_misc
special case (corruption),8,crim_sessions
civil misc(succ),8,civ_misc
cr  misc(tp),8,crim_magisterial
coop. revn,8,other/unknown
ipr suit,8,civ_suit
s.t. (ndps) case,8,crim_sessions
pros. report,8,other/unknown
civil executiion,8,civ_misc
appeal criminal ulp,8,crim_magisterial
reco appln ulp,8,other/unknown
delay appln. mhwa,8,other/unknown
m.a. ulp recvry,8,other/unknown
appln. wca f,8,other/unknown
money execution case,8,civ_execution
civil misc. o21 r 59 cpc,8,civ_misc
criminal regular case (excise),8,crim_magisterial
e.m.c.,8,other/unknown
appeal agianst the order,8,civ_misc
apl. for restoration of suit,8,civ_suit
negotiable instrument act,8,crim_ni138
application restoration,8,other/unknown
app. contempt proceedings,8,other/unknown
petition to sue as an indige e,8,civ_misc
exec125,8,other/unknown
dst,8,other/unknown
spcs-el,8,other/unknown
cr   misc,8,crim_magisterial
special case ( curruption),8,crim_sessions
civil misc.(r),8,civ_misc
courtcomplaint,8,crim_magisterial
s.t.(f.t),8,crim_magisterial
complaint case c r.,8,crim_magisterial
spl. trial pocso,8,crim_sessions
cr..rev,8,crim_magisterial
misc. p. case,8,civ_misc
cr (plantation labour) act,8,crim_magisterial
pariwad,8,other/unknown
s m civil suits,8,civ_suit
electricty act cases,8,other/unknown
fatel suit,8,civ_suit
guardian a wards cas,8,civ_family
m.c. case u/s 97 cr.p.c,8,crim_magisterial
suit for posse,8,civ_suit
mnt125-1,8,civ_family
rca b,8,civ_misc
hm,8,other/unknown
industrial cases,8,other/unknown
s.t.s2,8,crim_magisterial
o 41 r 5,8,other/unknown
decl  perm inj,8,other/unknown
misc.c.,8,civ_misc
174 m.v act,8,crim_magisterial
stat rev,8,other/unknown
civil(misc.judicial cases),8,civ_misc
land acq. act,8,civ_misc
industrial tribunal,8,other/unknown
criminal regular cases(ndps ),8,crim_sessions
pajection and declar,8,other/unknown
labour complaint,8,crim_magisterial
fao t,8,other/unknown
c2(pw),8,other/unknown
cm41,8,other/unknown
ex m.c,8,civ_execution
l.a. misc. suit,8,civ_suit
la/mact,8,civ_mact
t cri ma,7,crim_magisterial
regular,7,other/unknown
appln.wca resto,7,other/unknown
appln. bir r m,7,other/unknown
employees p f act,7,other/unknown
title partion suit,7,civ_suit
n.d.p.s splt.case b,7,other/unknown
evi appeal,7,civ_misc
hindu adoptation  maint act,7,other/unknown
u/ s 33 a of i d act,7,other/unknown
reference case,7,other/unknown
title suit ( probate),7,civ_suit
la  ref.,7,civ_misc
guard.,7,other/unknown
t(p)suit,7,civ_suit
2 (a) cc (ndps),7,crim_sessions
suit for enforcemnt,7,civ_suit
public premises appeal,7,civ_misc
pfa act case old,7,other/unknown
r c appl,7,other/unknown
adr,7,other/unknown
"mislaneous o 41, r-21 cpc",7,other/unknown
"inspection of documents -0-11 , r-15",7,other/unknown
d.r.c(debt relief court),7,other/unknown
petition u/s 25 g. w act,7,civ_misc
conjugal rights / application,7,other/unknown
permnt and  prptual injunction,7,other/unknown
app for amendmen,7,other/unknown
hm act exe,7,civ_mact
municipality board appeal,7,civ_misc
execuition,7,civ_execution
ita,7,other/unknown
criminal appeal 1st asj,7,crim_magisterial
spl. case sc st,7,crim_sessions
special mrg.pettion,7,other/unknown
rca cj,7,civ_misc
scn,7,other/unknown
exe. applicition c.p.,7,civ_execution
bank suits,7,civ_suit
summary-b,7,crim_magisterial
tran appln ic1,7,other/unknown
scc ep,7,civ_execution
appl.33(2)b,7,other/unknown
d.v.c.,7,other/unknown
elec.petn,7,other/unknown
fc title suit (r),7,civ_suit
misc under section 446 cr.pc,7,crim_magisterial
"pdp act,1984",7,other/unknown
id act (r),7,other/unknown
cr (food safety and standard_security) act,7,crim_magisterial
op inj,7,civ_misc
title suit (trust),7,civ_suit
ts (l/g),7,other/unknown
misc judicial crl,7,crim_magisterial
e.c.cases,7,other/unknown
special pocso supl. case,7,crim_sessions
ndps.s.case (gr),7,crim_sessions
guardian case,7,civ_family
land acqusition misc. case,7,civ_misc
app for release of seized prop,7,other/unknown
restitution of conj. rights,7,other/unknown
app 100,7,other/unknown
ad interim relief,7,other/unknown
suit for decl. for per prohibitory inj.,7,civ_suit
crl. revision petition,7,crim_magisterial
app us 100 crpc,7,other/unknown
"cr.compl. 342,.. rpc",7,crim_magisterial
application  u/s  488 crpc,7,other/unknown
review/recall pet. u/s-114cpc(civil),7,civ_misc
app for intreme custody,7,other/unknown
application for bringing on record legal heirs,7,other/unknown
refrence,7,other/unknown
suit for decl and prohibitory injuction,7,civ_suit
c. appln.,7,other/unknown
pbp(civil),7,civ_misc
petition for mutual divorce,7,civ_family
appeal civil,7,civ_misc
transfer petition cr,7,crim_magisterial
gua.misc.,7,civ_misc
appl. order-33 cpc,7,other/unknown
cri .challan,7,crim_magisterial
mat.appeal,7,civ_misc
testamentary case,7,other/unknown
petition u/s 16 h. m act,7,civ_mact
suit for rendition of account,7,civ_suit
cri.bail.appln,7,crim_bail
ul act,7,other/unknown
supplimentary bail petition,7,crim_bail
st fr possession and permanent inj,7,crim_sessions
suit enfrcmnt of rgt prior pur,7,civ_suit
interim application u/s 488 cr,7,crim_magisterial
suit for dissoluation marriage,7,civ_family
execution regular,7,civ_execution
xxxxgw,7,other/unknown
hindu adoptation and  maint act,7,other/unknown
fac,7,other/unknown
missc. appeal,7,civ_misc
human rights,7,other/unknown
mat exe,7,other/unknown
sc/st prev.of atro,7,crim_sessions
mics execution case,7,civ_execution
commercial  arbitration execution,7,civ_execution
crl misc forest,7,crim_magisterial
spl.case (drugs and cosm.act),7,civ_mact
comm rewa,7,other/unknown
special food case,7,other/unknown
co. op. misc.,7,civ_misc
judl. misc(c),7,civ_misc
cril. misc. 164,7,civ_misc
crl. misc pocso,7,crim_sessions
o.s. (g/w),7,civ_suit
mat (r&c),7,other/unknown
mat res case,7,other/unknown
o.s. succ.,7,civ_suit
reg.exe.app.,7,other/unknown
execution appl.dv,7,civ_execution
spl.drug case,7,other/unknown
ele.petn.,7,other/unknown
misc. ( m a c t ),7,civ_mact
special (l/g),7,other/unknown
misc. succession (extended),7,civ_misc
miscleaneous,7,civ_misc
m.execution,7,civ_execution
e.s.i.misc. case,7,civ_misc
bailor misc case,7,crim_bail
elec misc,7,civ_misc
civil misc.case.opid,7,civ_misc
2(c) cc,7,crim_magisterial
suit for divorce,7,civ_family
xxxxscc,7,other/unknown
cma - succession,7,civ_misc
mact 163 a mv act,7,civ_mact
l a,7,civ_misc
misc violation case,7,civ_misc
revocation mc,7,other/unknown
appeal-tu,7,civ_misc
criminal revision t,7,crim_magisterial
spl. anti corruption,7,other/unknown
child labour,7,other/unknown
f.c.(crl.)case,7,crim_magisterial
crl. misc sada,7,crim_magisterial
mact exe. case,7,civ_mact
cri. misc. appl 156,7,crim_magisterial
ele.petition,7,civ_misc
grprecog,7,other/unknown
criminal misc. transfer,7,crim_magisterial
g.r.cases suppl.b,7,crim_magisterial
eviction suit/ 111 tp act,7,civ_suit
special (cbi),7,other/unknown
sessions  spl,7,crim_sessions
cri misc(t),7,crim_magisterial
c ii,7,other/unknown
"mislanious civil, o-41,  r-21",7,civ_misc
cm 41 h m act,7,civ_mact
civil misc (n.re) others,7,civ_misc
rape 376,7,other/unknown
2 (b) c. c.,7,crim_magisterial
robkaar,7,other/unknown
appeal against   order,7,civ_misc
suit  for perm and mandatory inj,7,civ_suit
misc. nagar nigam appeal,7,civ_misc
misc. ( l o a ),7,civ_misc
execution b class,7,civ_execution
t.s.(a.r.b.),7,other/unknown
juvenile  case,7,other/unknown
r.r cases,7,other/unknown
elec. petition,7,civ_misc
e.c. act. spl. case,7,crim_sessions
pet.u/s 31and32sf,7,other/unknown
lpop,7,other/unknown
suit bny person of unsoiund mind,7,civ_suit
cruelty of animals,7,other/unknown
civil suit b ist. cj,7,civ_suit
civil suit for dj & adj,7,civ_suit
a.t.c.revision.,7,other/unknown
cri misc.case,7,crim_magisterial
non r civil misc,7,civ_misc
mise. adoption,7,other/unknown
civil misc.succ.act 372,7,civ_misc
criminal procedure 1973.,7,crim_magisterial
animal cruelty act,7,other/unknown
la k,7,civ_misc
misc (election),7,civ_misc
excuition(mact),7,civ_mact
sv,7,other/unknown
app u/s 158(6) of mv act,7,crim_magisterial
attachmt befre judmt,7,other/unknown
13 g act,7,other/unknown
t.s.(election),7,other/unknown
d.o.b u/s 10(3),7,other/unknown
a.p.t.o.s,6,civ_suit
rest. appln. ic,6,other/unknown
revision bir,6,other/unknown
misc. appln. ic,6,civ_misc
misc. cri. app. comp.(bir),6,crim_magisterial
application (wca) f,6,other/unknown
misc. appln. ictu,6,civ_misc
f.d.i.a,6,other/unknown
spl.c(sc/st),6,crim_sessions
ndps(old),6,crim_sessions
title(declaration) suit,6,civ_suit
p f a act,6,other/unknown
obj.pet.,6,other/unknown
hrc.rp,6,other/unknown
sla id act 33 2 of b,6,other/unknown
ele.mis,6,other/unknown
r.s,6,other/unknown
land acquisition appeal,6,civ_misc
suppl. g.o.,6,other/unknown
revenue appeal act,6,civ_misc
excise act(complaint),6,crim_magisterial
cmit,6,other/unknown
civil revision(drc),6,civ_misc
rent appeals,6,civ_misc
permanent inj amp conjugal right,6,other/unknown
suit for partition.,6,civ_suit
labour main cases,6,other/unknown
rest. of conj. rights,6,other/unknown
civil misc.o21 r 58 cpc,6,civ_misc
exe.cases,6,civ_execution
"objection to non joinder amp mis joinder 0-1 , r 1",6,other/unknown
application for complaint,6,crim_magisterial
pa appeal,6,civ_misc
spl. case(p.c. act),6,crim_sessions
u p u b revision,6,other/unknown
g.r.p.s.,6,crim_magisterial
election petn.,6,other/unknown
smc cmp ptn,6,other/unknown
civilsuita execution,6,civ_execution
civil revision pet t,6,civ_misc
counter claim-counter obj.,6,other/unknown
cra...,6,crim_magisterial
s.c.18,6,crim_sessions
ss summons case,6,crim_magisterial
commercial suits,6,civ_suit
jsw,6,other/unknown
m.a. bir restoration,6,other/unknown
agreement wca,6,other/unknown
spl  case tada,6,other/unknown
app.-bir-i-l,6,other/unknown
appln. wca h,6,other/unknown
rest appln it,6,other/unknown
vacation misc.,6,civ_misc
appl33,6,other/unknown
com.ex.,6,other/unknown
v. misc,6,civ_misc
v. exe.,6,other/unknown
sessions case(cha),6,crim_sessions
misc case1,6,civ_misc
misc case u/s  127 cr.p.c,6,crim_magisterial
prohibition of child marriage act.,6,civ_family
misc review,6,civ_misc
sessions case type- ii,6,crim_sessions
country planning act,6,other/unknown
misc. ref,6,civ_misc
pocso complaint,6,crim_sessions
misc (g),6,civ_misc
"partition suit, jd",6,civ_suit
civil eviction appeal,6,civ_misc
split sc and st case  a,6,crim_sessions
panch.appl.,6,other/unknown
revo,6,other/unknown
partition apeal,6,other/unknown
complaint case spt-i,6,crim_magisterial
fssa act-2006,6,other/unknown
gr case split-b,6,crim_magisterial
c-2,6,other/unknown
misc. restoration,6,civ_misc
civil regular appeal (car),6,civ_misc
condonation of delay application,6,other/unknown
cma(hm),6,other/unknown
ele . appl.,6,other/unknown
maintainance 488,6,other/unknown
appl for release of veh,6,other/unknown
appointment of commissioner,6,other/unknown
suit for decl. mand. and perpetual inj,6,civ_suit
application for stay(civil case),6,civ_misc
suit for perpertual injection(civil case),6,civ_suit
spl.case( pcr act),6,crim_sessions
civil contempt,6,civ_misc
suit for spacific performance of contract,6,civ_suit
misc.criminal applications,6,crim_magisterial
pet. u/s 30/32 h. m act,6,civ_mact
"restoration of suits 0-9 r-4 ,",6,civ_suit
crpc-488,6,other/unknown
civil revn.petition,6,civ_misc
suit for dissolution of marria,6,civ_suit
drugs cosmatics act,6,other/unknown
contempt app.,6,other/unknown
app.for staying the imp orde,6,other/unknown
app. for implementing order,6,other/unknown
application for restoration.,6,other/unknown
spl.crl.c._,6,crim_magisterial
p.r.,6,other/unknown
rent 23,6,civ_misc
j.s.c.c. execution,6,crim_sessions
scc exution,6,other/unknown
misc (permission) case,6,civ_misc
cr. misc. petition,6,crim_magisterial
u.r,6,other/unknown
mat execution case,6,civ_execution
spl case(pocso),6,crim_sessions
e.c.g.r,6,crim_magisterial
revocation case ( from succession ),6,civ_misc
m.j.c. civil cases,6,civ_misc
misc ( int ),6,civ_misc
mjc (civil),6,civ_misc
crl. misc (rev),6,crim_magisterial
anti corruption cases (spcl),6,other/unknown
regular civil appeal b class,6,civ_misc
civil misc condonation,6,civ_misc
civil misc restoration,6,civ_misc
cm review,6,other/unknown
civil appeal  b,6,civ_misc
money suits,6,civ_suit
cr.misc appeal,6,crim_magisterial
crl. misc case scst(poa)-bail,6,crim_bail
o.s. (mh/gw),6,civ_suit
"s.t. sc and st,poa",6,crim_sessions
o.s. (succ),6,civ_suit
civil ex.,6,civ_misc
spl. case - pocso,6,crim_sessions
execution cases.,6,civ_execution
ex. case,6,civ_execution
mir,6,other/unknown
p & scert,6,other/unknown
edu.appl,6,other/unknown
title suit (partition),6,civ_suit
t.s. succession,6,civ_misc
special case (narcotic),6,crim_sessions
c2(fa),6,other/unknown
commercial (suit) case,6,civ_suit
recovery of award,6,other/unknown
womens domestic act,6,other/unknown
u.s 130. n.a act,6,other/unknown
civil rev. pet.,6,civ_misc
cav.,6,other/unknown
for grant of pr arrest bail,6,crim_bail
appntmnt of gaurdina,6,other/unknown
suit for rendering of accounts,6,civ_suit
joint possesion,6,other/unknown
extension  succession,6,civ_misc
othr.misc.cri.app,6,crim_magisterial
arbitration u/s 9 of arbit act,6,civ_misc
suit for prior purchase,6,civ_suit
panchayat riv,6,other/unknown
t. appeal,6,civ_misc
title suit ( probate ),6,civ_suit
misc execution civil,6,civ_execution
prc wp others,6,crim_magisterial
spl prot. dipositors int. act,6,other/unknown
prmsn  it,6,other/unknown
criminals,6,crim_magisterial
gardian and wards,6,other/unknown
jjb misc.,6,civ_misc
mdtn,6,other/unknown
o.s./adoption,6,civ_suit
h.r.r.p rent,6,civ_misc
m.a.ulp recovry,6,other/unknown
eca ex.,6,other/unknown
succession case (extd),6,civ_misc
cri app,6,crim_magisterial
session trial supl b,6,crim_sessions
127 cr.p.c.,6,crim_magisterial
restoration application-employee compensation case,6,other/unknown
civil excution-dr,6,civ_misc
m.c. u/s 128 cr.p.c,6,crim_magisterial
c. m. a,6,other/unknown
suit for ejection,6,civ_suit
rcr.,6,other/unknown
civil claim mjc,6,civ_misc
mat m,6,other/unknown
revenue  appeal (at),6,civ_misc
appln.wca-h,6,other/unknown
sl cases,6,other/unknown
application wca- c,6,other/unknown
p. f. a.,6,other/unknown
drugs and  cosmetics,6,other/unknown
g.o (n.d.p.s),6,other/unknown
cri. apl,6,crim_magisterial
c3.s1,6,other/unknown
spl. performance,6,other/unknown
ms  petition,6,civ_misc
"discovery of documents 0-11, r-12",6,other/unknown
hdr act,6,other/unknown
misc._civil_cases,6,civ_misc
mjc civil claim  dj,6,civ_misc
comp.case,6,other/unknown
tsa,6,other/unknown
e c act spl case,6,crim_sessions
misc. (reference),6,civ_misc
cr pc 107,6,crim_magisterial
g.p. appeal,6,civ_misc
cro dc,6,crim_magisterial
suit for cancellation of nikha,6,civ_suit
for possession by ejectme,6,crim_sessions
u/s 13(b) of h. m. act.,6,civ_mact
petition crr,6,crim_magisterial
spl. anti curroption,6,other/unknown
xmisc.civil b,6,civ_misc
hry mc act,6,other/unknown
electricity  case,6,other/unknown
m.v.c misc,6,civ_mact
arbitation misc.,6,civ_misc
elecetion petition,6,civ_misc
old misc. civil appeal,6,civ_misc
criminal appeal ftc,6,crim_magisterial
review petiton,6,other/unknown
elec.p.,6,other/unknown
misc t,6,civ_misc
cm38,6,other/unknown
esi(t),6,other/unknown
crl.misc p.c act,6,crim_magisterial
i n r,5,other/unknown
condonation of delay app. ida,5,other/unknown
appln.bir r.m.,5,other/unknown
application (mrtu),5,other/unknown
m a ref. ida resto.,5,other/unknown
ref.ulp i.s.,5,other/unknown
bir appeal,5,civ_misc
esi appeals,5,civ_misc
r.e.v.w p,5,other/unknown
prohibition of child marriage act,5,civ_family
25ps act,5,other/unknown
"nia, kochi",5,other/unknown
drug and cosmetic act,5,other/unknown
drugs and cosmetics case,5,other/unknown
custom case,5,other/unknown
ex. misc appeal,5,civ_execution
civil regular appeal (rent),5,civ_misc
citr,5,other/unknown
civil petition,5,civ_misc
2ccc,5,other/unknown
"offence 366,376 rpc",5,other/unknown
suit for rendition of a/c,5,civ_suit
waqf act,5,other/unknown
civil misc. (nr) pauper appli.,5,civ_misc
ndps. s. cases,5,crim_sessions
suit by minor,5,civ_suit
sett  side exparte,5,civ_execution
setaside ex order,5,other/unknown
specific performance of contr.,5,other/unknown
cp. ex.,5,other/unknown
index,5,other/unknown
suit for temporery injunction.,5,civ_suit
arb. r.d,5,other/unknown
ist  appeal,5,civ_misc
"offence 22, 8/20 ndps",5,crim_sessions
pauper petition,5,civ_misc
exhortion,5,other/unknown
matremonial,5,other/unknown
ceil. apl.,5,other/unknown
misc. jscc revision,5,civ_misc
j.s.c.c.r.,5,crim_sessions
stat misc,5,civ_misc
civil appeal -b,5,civ_misc
e.c.g.r.,5,crim_magisterial
cr. anti corruption 2nd adj,5,crim_magisterial
civil suit b ftc,5,civ_suit
copy right,5,other/unknown
condation of delay appln (pga),5,other/unknown
misc.application mrtu,5,civ_misc
appln m l w b,5,other/unknown
ref. ulp is,5,other/unknown
appl.33(c)(2) of i.d.act,5,other/unknown
misc. appl.,5,civ_misc
e.c.a. ex.,5,other/unknown
mda,5,other/unknown
sessions special(companies act),5,crim_sessions
misc case - bailor,5,crim_bail
ep (wakf),5,civ_execution
misc case post mortem,5,civ_misc
title suit (guardianship),5,civ_family
titile suit probate,5,civ_suit
special (juvenile),5,other/unknown
special land grabbing case,5,other/unknown
e.a.c spt i,5,other/unknown
drugscosmetic,5,other/unknown
"criminal complaint(o),raxaul",5,crim_magisterial
misc. case  domestic violence,5,civ_misc
misc arbitration case,5,civ_misc
spl children act,5,other/unknown
misc civil appl(n),5,civ_misc
civ.misc.case,5,civ_misc
matrimonial exe.,5,civ_family
sc st special case,5,crim_sessions
st.spl case c,5,crim_sessions
crl.misc.case,5,crim_magisterial
commercial disputes case,5,other/unknown
ase act,5,other/unknown
land acquisition cas,5,civ_misc
n.d.p.s spt i,5,other/unknown
human right cases,5,other/unknown
civ. misc.,5,civ_misc
comp.pocso case,5,crim_sessions
money suit (munsif),5,civ_suit
succession(39),5,civ_misc
gr-165,5,crim_magisterial
cm (38),5,other/unknown
sc / st (session case),5,crim_sessions
warrant or summons criminal case,5,crim_magisterial
petition u/s 145 cr.pc,5,crim_magisterial
remand application,5,other/unknown
suit for decree of decl. permnt. inj,5,civ_suit
maintainence 488,5,other/unknown
application for transfer of case.,5,civ_misc
criminal miscellaneous case,5,crim_magisterial
app for enhancement,5,other/unknown
application for release of vehicle,5,other/unknown
misc appeal(civil case),5,civ_misc
application for calling status,5,other/unknown
cmc(421),5,other/unknown
pw misc,5,civ_misc
app.  for custody of abadoned child,5,other/unknown
cs(i)-cjsd,5,civ_suit
2(b)c.c case,5,crim_magisterial
co.pet.,5,other/unknown
pet. u/s 9 h m act,5,civ_mact
final report(ikhtitami),5,crim_magisterial
closure of investigation,5,other/unknown
case u/s 420,5,other/unknown
application u/s 14 shops and rent control act.,5,civ_misc
suit for setelment rendition of accounts and perma,5,civ_suit
compliant case,5,other/unknown
enhancement application,5,other/unknown
complaint pil-404,5,crim_magisterial
civil appl,5,civ_misc
mac1,5,other/unknown
misc. app,5,civ_misc
guardianshippetition,5,civ_family
el.appl.,5,other/unknown
j cri appeal,5,crim_magisterial
bailor misc.case,5,crim_bail
application for decree,5,other/unknown
petition u/s 12 h. m act,5,civ_mact
"case u/s 323,506 rpc",5,other/unknown
setting aside decree,5,other/unknown
u/s 498-a rpc,5,other/unknown
arbitration and conciliation act 1997,5,civ_misc
cond. delay,5,other/unknown
criminal application,5,crim_magisterial
compliant u/s 18(a),5,other/unknown
misc._claim_petition,5,civ_misc
cri.juv.,5,crim_magisterial
criminal  misc. cases,5,crim_magisterial
e s i,5,other/unknown
rent control revisio,5,civ_misc
bail application (old),5,crim_bail
h.m.g.a.,5,other/unknown
cancl,5,other/unknown
446  crpc,5,other/unknown
o.s. will,5,civ_suit
misc. d. v. case,5,civ_misc
nia spc,5,other/unknown
bir misc.lc,5,civ_misc
spl. cri. case u/s c.g. pro.de.  act.2005,5,crim_sessions
ha and m act,5,civ_mact
civil-execution-b,5,civ_execution
rcc a,5,crim_magisterial
cr tp,5,crim_magisterial
civil misc air,5,civ_misc
comm apl,5,other/unknown
misc  civil cases,5,civ_misc
civil misc succ,5,civ_misc
spl electricity,5,other/unknown
e c t,5,other/unknown
civil s exe b class,5,civ_misc
special(prevention of atrocities act),5,other/unknown
ts part,5,other/unknown
letters of administration  t,5,other/unknown
os succ,5,civ_suit
caisa,5,other/unknown
t.p.(c),5,other/unknown
misc. app. .(ulp) review,5,civ_misc
delay appln esi,5,other/unknown
spl.c(n.d.p.s.),5,other/unknown
esi. misc.appl,5,civ_misc
title suit(probate),5,civ_suit
special juvenile,5,other/unknown
lm case type,5,other/unknown
bail 389,5,crim_bail
enviornmnt protection act,5,other/unknown
"pdp act, 1984",5,other/unknown
panchayatappeal,5,civ_misc
misc. case(crl),5,crim_magisterial
education tribunal petition,5,civ_misc
j.j act,5,other/unknown
r.t. misc.,5,civ_misc
judicial separation,5,other/unknown
"misc cases o-9,r-13",5,civ_misc
sessional trail a(s),5,crim_sessions
money app.,5,other/unknown
excution,5,other/unknown
money suit (sub-judge),5,civ_suit
obj pet,5,other/unknown
complaint officialy,5,crim_magisterial
civil misc. (cm 41),5,civ_misc
g.a.,5,other/unknown
pauper  app.,5,other/unknown
xxxxpa,5,other/unknown
514 crpc,5,other/unknown
app. for transfer of case,5,civ_misc
civil.rev.,5,civ_misc
cvt petition,5,civ_misc
suit for ejechment,5,civ_suit
sale deed,5,other/unknown
"420,476,468,472,120-b rpc",5,other/unknown
suit for cancellation of decree,5,civ_suit
"suit for partition, possession and injunction",5,crim_sessions
civil revision old,5,civ_misc
criminal appeal old,5,crim_magisterial
lra ex,5,other/unknown
arb.(a),5,other/unknown
matri. ex.,5,other/unknown
l.o.a.,5,other/unknown
cr  misc,5,crim_magisterial
cr wl,5,crim_magisterial
misc (dv),5,civ_misc
t.c.a. (h),5,other/unknown
regular civil appeal for cj,5,civ_misc
s.t. (vig) case,5,crim_magisterial
cril. misc fr,5,civ_misc
ma ulp recvry,5,other/unknown
k.t.p.s,5,other/unknown
app.mrtu,5,other/unknown
misc.appln.mrtu,5,civ_misc
eca mis,5,other/unknown
misc e.s.i,5,civ_misc
misc. f,5,civ_misc
misc. case-civil,5,civ_misc
mcr case ( warrant ),5,crim_magisterial
maintenance suit,5,civ_family
gaurdianship case,5,other/unknown
g.p.appeal,5,civ_misc
money appeal civ,5,civ_misc
title suit (c/c),5,civ_suit
misc. transfer petition no.,5,civ_misc
civil misc. (nr) land la,5,civ_misc
elec. pet.,5,other/unknown
appl exic u/s 11(9)id act 1947,5,other/unknown
petr and pipe line,5,other/unknown
debt relief cases,5,other/unknown
cbi spl.case misc,5,crim_sessions
app.grant of tem.inj,5,other/unknown
criminal proceeding,5,crim_magisterial
suit for compensarion  damage,5,civ_suit
app.u/s5 limitatio,5,other/unknown
suit for d.o.b declaration,5,civ_suit
civil review petition,5,civ_misc
arb.appl.,5,other/unknown
suit for maintenance,5,civ_family
restortion of conjugal rights,5,other/unknown
bail appliction,5,crim_bail
insol. pet.,5,other/unknown
arbitration miscellaneous,5,civ_misc
spl. case (corruption),5,crim_sessions
xcivil revision dj,5,civ_misc
o.c.appeal,5,civ_misc
caveat miscillaneous cases,5,civ_misc
deb gr case,5,crim_magisterial
spl pc act,5,other/unknown
civilmisc ex,5,civ_misc
civil misc. a.r,5,civ_misc
declaratory suit t,5,civ_suit
crl. misc. appeal,5,crim_magisterial
arb. case.,5,other/unknown
n.d.p.s.  spl. case,5,crim_sessions
com ulp,5,other/unknown
application blwf,5,other/unknown
condn delay ida,5,other/unknown
appln. blwf,5,other/unknown
b.iii case,5,other/unknown
offence 7/25,5,other/unknown
pet.u/sec of hindu,5,other/unknown
"o41 r1,2",5,other/unknown
civil rev.pet,5,civ_misc
permanent mandatory injunction,5,other/unknown
f d,5,other/unknown
p.r. case,5,other/unknown
sfd,5,other/unknown
ej-c,5,other/unknown
appeal tu,5,civ_misc
mental health act cases,5,other/unknown
workmens compensation,5,other/unknown
pccac,5,other/unknown
customs cases w,5,other/unknown
bail appln  acb,5,crim_bail
cri.m.p.,5,crim_magisterial
4/25 arms act,5,other/unknown
s.p.c.a.,5,other/unknown
82-83crpc,5,other/unknown
suit for right of pe,5,civ_suit
misc.cr.m.,5,crim_magisterial
m.a.c. ex.,5,other/unknown
ptrs,5,other/unknown
civil suit for dj  and adj,5,civ_suit
criminal appeal ii adj,5,crim_magisterial
civil appeal misc. 2nd adj,5,civ_misc
prosecution report case,5,other/unknown
con.of del.app.ida,5,other/unknown
p amd sc,5,crim_sessions
ts-ps/mor/dec/arb,5,other/unknown
succession o,5,civ_misc
reg appeal,5,civ_misc
misc.bailapplication,5,crim_bail
civil ex. 2nd adj,5,civ_misc
execution claim iind adj,5,civ_execution
ndps s case,5,crim_sessions
application pw,5,other/unknown
prohibition of child marriage,5,civ_family
misc. case birth ampdeath,5,civ_misc
crl. misc. appl.,5,crim_magisterial
agricultr debt r act,5,other/unknown
c.ptn.,5,other/unknown
el. pt,5,other/unknown
spl. trial pc,5,other/unknown
i  r cases,4,other/unknown
review appulp,4,other/unknown
pw appeal,4,civ_misc
review appln. ic,4,other/unknown
misc. app. (mhwa),4,civ_misc
complaint (it),4,crim_magisterial
misc.app.mwa,4,civ_misc
cond of delay ida,4,other/unknown
m. v,4,other/unknown
misc case- 125 cr.p.c,4,civ_family
crl. misc.a,4,crim_magisterial
hindu adoptation & maint act,4,other/unknown
f.a,4,other/unknown
probate cases,4,other/unknown
trust act,4,other/unknown
u. ma,4,other/unknown
"employees compensation (amendment) act, 2017",4,other/unknown
weights  measurement act,4,other/unknown
letter of admin.case,4,other/unknown
misc(non-judl.)cases,4,civ_misc
split  complaint   b,4,crim_magisterial
zcivil misc. case,4,civ_misc
"offence 363, 376 rpc",4,other/unknown
s.c.c.e.,4,crim_sessions
s . c.,4,other/unknown
offence 8/20,4,other/unknown
muslim waqf referance,4,other/unknown
m.a.c.t (misc.),4,civ_mact
debt relief application,4,other/unknown
clcc,4,other/unknown
regular petition (civil suits),4,civ_suit
partition suit /,4,civ_suit
rent  suit,4,civ_suit
testa case,4,other/unknown
c.t. spl.(sc/st),4,crim_sessions
cbi cases under corruption act,4,other/unknown
maindatory injun,4,other/unknown
writ.stat.,4,other/unknown
"offence 420,467,468,471 rpc",4,other/unknown
suit for compensation.,4,civ_suit
dissolution of partnership(civil),4,civ_misc
j.s.c.c. case,4,crim_sessions
small cause revision,4,other/unknown
mts,4,other/unknown
decalatory suit,4,civ_suit
t.s. ( w.c.),4,other/unknown
cond. of dealy bir,4,other/unknown
misc.in applnida)resto,4,civ_misc
m.a.ida.reston,4,other/unknown
delay appln. it,4,other/unknown
rest.appln. pga,4,other/unknown
tran. appln. ictu,4,other/unknown
mis appln. (mrtu),4,other/unknown
appln,4,other/unknown
eca/nfc,4,other/unknown
motor transport workers act,4,other/unknown
title suit (mutual),4,civ_suit
cr( n i act),4,crim_ni138
tourisum act,4,civ_mact
extd. misc. (succession),4,civ_misc
misc. e. t,4,civ_misc
suit under w a k f tribunal,4,civ_suit
misc. land grabbing,4,civ_misc
op (ind),4,civ_misc
section 41 of juvenile justice,4,other/unknown
cr (wild life protection act),4,crim_magisterial
criminal misc (t),4,crim_magisterial
misc. case446 cr.p.c,4,crim_magisterial
criminal mis (j),4,crim_magisterial
land acq. misc. case,4,civ_misc
ndps s. case,4,crim_sessions
criminal transfer,4,crim_magisterial
children cases,4,other/unknown
split special pocso case a,4,crim_sessions
g p appeal,4,civ_misc
transfer petition(n),4,civ_misc
sc/st case split case,4,crim_sessions
misslaneous,4,other/unknown
dissolution of marri,4,other/unknown
money suit(munsif),4,civ_suit
munsif title evic. appeal,4,civ_misc
mislaneous-dj,4,other/unknown
misc (land grabbing),4,civ_misc
suit on educational tribunal,4,civ_suit
complaint case (c r)(t),4,crim_magisterial
g.r supplementary-3,4,crim_magisterial
r suit,4,civ_suit
domestic violence (misc. case),4,civ_misc
trade mark,4,other/unknown
miscellaneous petition(adj),4,civ_misc
special case (e.c act),4,crim_sessions
matrimonial exe,4,civ_family
cma.,4,civ_misc
2(c)cc@,4,crim_magisterial
maintenance application,4,civ_family
crl challan,4,crim_magisterial
succession app,4,civ_misc
complaint (o),4,crim_magisterial
app for cod,4,other/unknown
application for implimentation of court order,4,other/unknown
suit for mand. and prohibitory inj,4,civ_suit
suit per pro injunction,4,civ_suit
suit for decl and per pro injunction,4,civ_suit
crlmc(old),4,crim_magisterial
tr.p (crl.),4,crim_magisterial
app for relaese of mobile,4,other/unknown
modification of order,4,other/unknown
application for lodging fir,4,other/unknown
compliant,4,other/unknown
test.case.,4,other/unknown
suit for declaration and cancelation of degree.,4,civ_suit
138 complaint.,4,crim_ni138
mics. application,4,other/unknown
st. perpetual manda.,4,crim_magisterial
judicial remand,4,other/unknown
perm. prohibatory injunction.,4,other/unknown
probate case(civil case),4,civ_misc
t.p.,4,other/unknown
gua. petn.,4,other/unknown
cr. complaint p,4,crim_magisterial
ikhtami challan,4,crim_magisterial
case u/s 500 rpc,4,other/unknown
cr. case complt,4,crim_magisterial
police complaint,4,crim_magisterial
appln. u/s 90 of mental health,4,other/unknown
application for  setting aside exparte proceedings,4,civ_execution
suit for cancellation of sale deed,4,civ_suit
petition u/s 489 crpc,4,civ_misc
suit for dec and perpetual inj,4,civ_suit
appeal against exparte judgmen,4,civ_execution
suit for dec.(spl.attorny pwr),4,civ_suit
application  u/s 17,4,other/unknown
pauper application (civil case),4,civ_misc
dowry case,4,other/unknown
hindu marraige act,4,other/unknown
appeal us 17-a (sarfaesi act),4,civ_misc
xxxx--misc70,4,civ_misc
special trial/sc/st act,4,crim_sessions
misc. civil/7,4,civ_misc
coob,4,other/unknown
cross appeal - cross obj,4,crim_magisterial
hdra,4,other/unknown
title partirtion suit,4,civ_suit
rent control suit,4,civ_suit
misc. ma,4,civ_misc
p a misc.,4,civ_misc
special d.e.,4,other/unknown
misc. ex. case(civil),4,civ_misc
misc. pre. execution,4,civ_execution
misc succession certificate,4,civ_misc
o.c. declaration,4,other/unknown
pre emption,4,other/unknown
mmc,4,other/unknown
misc tg act,4,civ_misc
commercial arbitration,4,civ_misc
civil appeal(b),4,civ_misc
special sessions case sc/st,4,crim_sessions
negotiable case,4,crim_ni138
revision case,4,other/unknown
spl (drugs and cosmectics act.),4,other/unknown
civil misc.(restoration),4,civ_misc
civil misc. (review),4,civ_misc
civil misc condo,4,civ_misc
civil misc vio,4,civ_misc
crl. misc. (ex),4,crim_magisterial
national drugs and amp psycotropic act,4,other/unknown
civil appeal for dj/adj,4,civ_misc
civil misc(cond.),4,civ_misc
arbitration (h),4,civ_misc
civil original petition contempt (t),4,civ_suit
money suit t,4,civ_suit
counter claim-cross-obj,4,crim_magisterial
pfc,4,other/unknown
d.v.case,4,other/unknown
petition of elc.act u/s 154(5),4,civ_misc
civil misc. appeal case,4,civ_misc
la post civil,4,civ_misc
j.m. (amend),4,other/unknown
spl. t.nia.case,4,other/unknown
kalandra,4,other/unknown
cril ex,4,other/unknown
cril ex.,4,other/unknown
t.p.(crl),4,crim_magisterial
misc ida,4,civ_misc
v.m.c,4,other/unknown
application wca v,4,other/unknown
cond of delay pga,4,other/unknown
rest. appln. it,4,other/unknown
m.a.pga,4,other/unknown
mis.appln esi,4,other/unknown
misc. appln. pga,4,civ_misc
op succ.,4,civ_misc
v.m.c.,4,other/unknown
i.d.c./iid,4,other/unknown
c.c.p,4,crim_magisterial
mise. execution,4,civ_execution
split sessions   c,4,crim_sessions
misc. arbitration(appeal),4,civ_misc
misc. crl,4,crim_magisterial
misc.(l.a.),4,civ_misc
s.c.- t-2,4,crim_sessions
misc. ex.,4,civ_misc
session trial b-1,4,crim_sessions
mortagage suit,4,civ_suit
special regular bail (excise-2016),4,crim_bail
mit,4,other/unknown
civil misc. appeal (cam),4,civ_misc
application interms of o9r13,4,other/unknown
statutory appeal of securitization/reconstruction,4,civ_misc
custody change,4,other/unknown
civil. rev. petition,4,civ_misc
consumer forum act,4,civ_mact
suit for poss and pi,4,civ_suit
application u/s 151 cpc,4,other/unknown
e.p(elect),4,civ_execution
ele. petition,4,civ_misc
sedition offences againstwomen,4,other/unknown
application ad-interim relief,4,other/unknown
acst,4,other/unknown
exparty decree,4,civ_execution
suit for temporary injunction,4,civ_suit
misc. cases old,4,civ_misc
misc. petition case,4,civ_misc
misc.crl.appeal,4,crim_magisterial
misc ex. case (crl.),4,crim_magisterial
misc transfer case,4,civ_misc
o/c  ex.-mort,4,other/unknown
crl misc condonation,4,crim_magisterial
misc. (ex),4,civ_misc
misc ( u/s 446 cr.p.c.),4,crim_magisterial
civil  misc   ( adoption ),4,civ_misc
mamisc-lc,4,civ_misc
pota,4,other/unknown
civil- execution,4,civ_execution
rev. review,4,other/unknown
cril. misc. fr case,4,civ_misc
o.s. adoption,4,civ_suit
atrocity act case,4,other/unknown
spl.c.,4,other/unknown
recovery application--,4,other/unknown
elec.c / elec.p,4,other/unknown
split n.d.p.s cases a,4,other/unknown
misc case (u/s 446 cr.p.c.),4,crim_magisterial
money execution (l.a),4,civ_execution
forest,4,other/unknown
extended succession,4,civ_misc
reg.cri.misc.,4,crim_magisterial
misleneous,4,other/unknown
raj. noi. con.  act,4,other/unknown
c.a. rent,4,civ_misc
debt relief act 1957,4,other/unknown
misc case 127 crpc,4,civ_misc
misc case 457 crpc,4,civ_misc
rape case,4,other/unknown
claim pettion,4,other/unknown
n.j.misc case,4,civ_misc
miscellneous case u/s 125 cr.p,4,civ_family
app. under tr,4,other/unknown
probate misc. case.,4,civ_misc
m.c-125 cr.pc,4,civ_family
appl. u/sec15,4,other/unknown
suit for permanent and mandatory inj.,4,civ_suit
specific performence suit,4,civ_suit
execution case scc,4,civ_execution
nagar nigam mis.,4,other/unknown
o.s. suit,4,civ_suit
jscc execution,4,civ_execution
criminal case session court,4,crim_sessions
mics.civil cases-cj,4,civ_misc
m   a,4,other/unknown
defamation suit  t,4,civ_suit
bir-lc,4,other/unknown
civil mjc and exeucation,4,civ_misc
execution other dist,4,civ_execution
special d.c.,4,other/unknown
civil misc. (violation),4,civ_misc
criminal spl pc act cid,4,crim_magisterial
title suit partition t,4,civ_suit
special case corruption case,4,crim_sessions
cril misc ndps case,4,crim_sessions
cril misc.(con.),4,civ_misc
ndps cri.revn.,4,crim_sessions
f.c.a.,4,other/unknown
splc human rights,4,other/unknown
misc. (letter of admn.),4,civ_misc
suit for recovery of damages,4,civ_suit
xxxxcri.appl,4,other/unknown
c3(ce),4,other/unknown
ms. petition,4,civ_misc
cr  case complaint (o),4,crim_magisterial
alteration in maint. allowance,4,other/unknown
execution (c),4,civ_execution
petitinu/s31/32s,4,other/unknown
18 hm act,4,civ_mact
prevention of food adulteration act,4,other/unknown
u p p p appeal,4,civ_misc
municipal board,4,other/unknown
la c,4,civ_misc
mat divorce case (h),4,civ_family
mcra,4,other/unknown
civil ex. cj ii ist,4,civ_misc
civil  suits b,4,civ_suit
appln.-wca-d,4,other/unknown
pga appeal,4,civ_misc
application wca- a,4,other/unknown
v.elen.p,4,other/unknown
n. i. act,4,crim_ni138
app. for early hearing,4,other/unknown
e.m.c..,4,other/unknown
cr. mc,4,crim_magisterial
m.a.c.t misclaneous,4,civ_mact
st fr specific prfrmnc and  prmnt,4,crim_magisterial
crl op,4,crim_magisterial
anti curruption act,4,other/unknown
labour court,4,other/unknown
civil appeal b 2nd adj,4,civ_misc
claim m.j.c.,4,other/unknown
perm-lc,4,other/unknown
civil suit mjc 3rd cj ii,4,civ_suit
crl  misc (u/s 446),4,crim_magisterial
la misc case t,4,civ_misc
t. s. ( m a t ),4,other/unknown
c.m.a. lm,4,other/unknown
c b i,4,other/unknown
misc.appl.ida review,4,civ_misc
misc. nfeca,4,civ_misc
panchayat appealcr,4,civ_misc
civil misc. 174 m.v. act,4,crim_magisterial
m.w. act,4,other/unknown
jail cri. appeal,4,crim_magisterial
dri case,4,other/unknown
ex(labour),4,civ_execution
succ. misc. case,4,civ_misc
election reivision,4,other/unknown
civil suit b 3rd cj ii,4,civ_suit
special criminal case sc/st,4,crim_sessions
rent  appeal (at),4,civ_misc
fact f,4,other/unknown
misc.review.appln.it,4,civ_misc
special tpid,4,other/unknown
civil misc del,4,civ_misc
family court ( civil) case,4,civ_family
mcr case ( summon),4,crim_magisterial
immovable property,4,other/unknown
original_suit,4,civ_suit
land acquisition mis,4,civ_misc
tran. applnwca,3,other/unknown
condonation of delay appln mhwa,3,other/unknown
i r cases,3,other/unknown
appln. bir ic,3,other/unknown
appln wca e,3,other/unknown
employement exchange,3,other/unknown
application u/s 102 crpc.,3,other/unknown
sr,3,other/unknown
title excution apeal,3,other/unknown
r.c.(e),3,other/unknown
appl.u/s 11,3,other/unknown
probt.prds,3,other/unknown
misc case (m),3,civ_misc
guardianship cases,3,civ_family
ndps splt c,3,crim_sessions
comlaint case spl.,3,other/unknown
split g.r case c,3,crim_magisterial
session trial split case c,3,crim_sessions
substitution 0-22 r -3 & 4,3,other/unknown
supplementary g.r.case,3,crim_magisterial
mortgage appeal,3,civ_misc
criminal  revesion,3,crim_magisterial
suit for perpertual inj.,3,civ_suit
cr. case complaint (private),3,crim_magisterial
u/s 151 cpc,3,other/unknown
civil index,3,civ_misc
possesion  decla. /,3,other/unknown
title evictn suit,3,civ_suit
metrimonal suit,3,civ_suit
suit for temporary injuction,3,civ_suit
co-operative app,3,other/unknown
"misjoinder n non joinder -0-1 , r-9",3,other/unknown
fdcs,3,other/unknown
maintainance (civil),3,civ_misc
petition u/s 12 g. w act,3,civ_misc
for declaration,3,other/unknown
summ. suit,3,civ_suit
pet us17a of suzi,3,other/unknown
cancellation of exparty,3,civ_execution
"strike out or add parties -0-1 , r -10",3,other/unknown
xxxxxspl t ec,3,other/unknown
probate/letter of admin,3,other/unknown
test case probate la,3,civ_misc
mort. exe.,3,other/unknown
mort. ex,3,other/unknown
mc p,3,other/unknown
m.a.c.p. review,3,civ_mact
inpet,3,other/unknown
reg. of birth,3,other/unknown
private summons ss,3,crim_magisterial
remand appln  tada,3,other/unknown
p.sc,3,crim_sessions
spl cri ma,3,crim_magisterial
bail appln  pota,3,crim_bail
complaint u.l.p,3,crim_magisterial
misc.application (mrtu),3,civ_misc
ref.ulp i.l.,3,other/unknown
m.a. i.d.a. recovery,3,other/unknown
application - ictu,3,other/unknown
g and wc..,3,other/unknown
idact of s.33,3,other/unknown
rev. petn.,3,other/unknown
payment of gratuity act,3,other/unknown
hma u/s 9,3,civ_family
special case land grabbing,3,crim_sessions
m a c t damage,3,civ_mact
misc. transfer (civil),3,civ_misc
misc. succession extension,3,civ_misc
op(scheme),3,civ_misc
h.p.g.c.p.t.r act,3,other/unknown
"environment protection act,",3,other/unknown
departmental enquiry,3,other/unknown
m l p case,3,other/unknown
cr. appeal (special children court),3,crim_magisterial
s.t. spt iii,3,crim_magisterial
g r split 4,3,crim_magisterial
drugs n cosmetics case,3,other/unknown
misc civil appl.(n),3,civ_misc
spl.case (kishore),3,crim_sessions
crl. misc(j),3,crim_magisterial
special(sc-st act) case,3,crim_sessions
c r case warrant,3,crim_magisterial
misc contempt,3,civ_misc
cr. case complaint(o),3,crim_magisterial
special(l.g.) case,3,other/unknown
misc case 127 c.r.pc.,3,civ_misc
gr s/3,3,crim_magisterial
sc/st split up case,3,crim_sessions
complaint case spl.,3,crim_magisterial
letter of administra,3,other/unknown
henious crime,3,crim_magisterial
"misc cases o-39,r-2a",3,civ_misc
complaint(pariwad,3,crim_magisterial
r.t exe,3,other/unknown
civil mis.reg38,3,civ_misc
other misc. cri applications,3,crim_magisterial
sarfesi,3,other/unknown
application for interim custody,3,other/unknown
suit for possession and perment inj,3,crim_sessions
petition for enhancement of manintenace,3,civ_misc
cri m. a,3,crim_magisterial
application u/s 164 cr.pc,3,crim_magisterial
cma(criminal case),3,crim_magisterial
darkhast petitioner(civil),3,civ_misc
special drugs act,3,other/unknown
m.c. 421 cr.pc.,3,crim_magisterial
cont.cas(crl.),3,crim_magisterial
guardian  and wards case,3,civ_family
l cr. misc,3,crim_magisterial
3(a)c.c,3,crim_magisterial
for seting aside exparty award,3,civ_execution
app u/s 145 cr pc,3,crim_magisterial
implimentation of court order through p/s bomai,3,other/unknown
application for implimentation of civil order,3,civ_misc
ses. case,3,other/unknown
application u/s 52,3,other/unknown
application u/s 24 of cpc,3,other/unknown
suit for perpetual injunction,3,civ_suit
"suit for parti,possession,inj",3,crim_sessions
suit for concel. of agreement,3,civ_suit
guardian n wards case,3,civ_family
el. app.,3,other/unknown
spl. 1cc,3,other/unknown
counter-c.s.,3,civ_suit
"injuction , o-39,rule 1",3,other/unknown
suit for eject. of defendent,3,civ_suit
suit for malicious prosecution,3,civ_suit
setting aside expart,3,civ_execution
app. of noc,3,other/unknown
implementation application,3,other/unknown
suit for prohabitory,3,civ_suit
"suit for declar., mandtry and permnt inj",3,civ_suit
petition with aplication,3,civ_misc
cri. revision application.,3,crim_magisterial
"suit for evic,poss and pmt. inj",3,civ_suit
appointment of guardian for mi(civil),3,civ_family
complaint u.s 379,3,crim_magisterial
execution cases crl,3,civ_execution
labour court misc.cases,3,civ_misc
panchayat civil revision,3,civ_misc
panchayat reivision,3,other/unknown
01criminal case,3,crim_magisterial
01complaint cases,3,crim_magisterial
misc. scc execution,3,civ_execution
misc (pre) appeal,3,civ_misc
other execution case,3,civ_execution
divorce on mutul consent,3,civ_family
testa,3,other/unknown
employee  compensation act,3,other/unknown
p.execution,3,civ_execution
mat exe.,3,other/unknown
m.case 127 cr.p.c,3,crim_magisterial
misc election,3,civ_misc
l.o.a. case,3,other/unknown
o.c. ex. arbitration,3,civ_misc
reg civil appeal b,3,civ_misc
national drugs and psychotropic act,3,other/unknown
spl. case children court,3,crim_sessions
st sc case,3,crim_sessions
civil execusion,3,civ_misc
cr(o),3,crim_magisterial
commercial misc case,3,civ_misc
cc-co,3,crim_magisterial
cases criminal,3,crim_magisterial
wc review,3,other/unknown
civil misc.(review),3,civ_misc
factories act.,3,other/unknown
criminal misc petition (t),3,crim_magisterial
special criminal case (under p.c. act.)1988,3,crim_magisterial
oma,3,other/unknown
cr ( fa ),3,crim_magisterial
t. s. ( j. s. ),3,other/unknown
criminal appeal t,3,crim_magisterial
crl exe,3,crim_magisterial
coop. appl.,3,other/unknown
un-civ,3,other/unknown
s.t. ndps,3,crim_sessions
omp (misc.) (comm.),3,civ_misc
cs scj (comm.),3,civ_suit
special case /corruption case,3,crim_sessions
civil misc. application (civil court),3,civ_misc
macp  darkhast,3,civ_mact
suit for declaration and partition,3,civ_suit
application for interim injunction,3,other/unknown
commercial appeal,3,civ_misc
m.a. ref. ida criminal,3,crim_magisterial
eca-f,3,other/unknown
appln wca f,3,other/unknown
cond. of delay bir,3,other/unknown
application wca - i,3,other/unknown
m a wca,3,other/unknown
el .p,3,other/unknown
misc. air,3,civ_misc
jja,3,other/unknown
"juvenile act,",3,other/unknown
c r( dowry prohibition act),3,other/unknown
guardians  wards act,3,civ_family
title suit election,3,civ_suit
m a c t(  property damage ),3,civ_mact
misc(review),3,civ_misc
muslim womenprotection divorce,3,civ_family
u/s 446 cr.pc,3,crim_magisterial
l.r  dkst.,3,other/unknown
comp. supl.,3,other/unknown
bkgp(fd),3,other/unknown
crl.appl(juvenile),3,crim_magisterial
r.f.a(adj),3,other/unknown
crl.app,3,crim_magisterial
tapl,3,other/unknown
cancellation of warrant,3,crim_magisterial
custody change app.,3,other/unknown
cri. misc. case.opid,3,crim_magisterial
matrimonial case/suit,3,civ_family
setting aside ex-parte order,3,other/unknown
suit for dec. ampper proh. inj,3,civ_suit
amendent of pleadings -0-6-r-17-119(civil),3,civ_misc
transfer criminal misc. case,3,crim_magisterial
petition u/s 12/13 h.m act,3,civ_mact
app. for  temporary injunction,3,other/unknown
criminal transfer appl,3,crim_magisterial
case u/s 202 rpc,3,other/unknown
suit for possession with permanent,3,crim_sessions
awaiting defendant counsel,3,other/unknown
appeal  interms of sec 72,3,civ_misc
appointment of guardian for mi,3,civ_family
spl.civ.suit,3,civ_suit
suit by corp.,3,civ_suit
app u/s 97 (100),3,other/unknown
suit  for compensation,3,civ_suit
appl.claim for permission,3,other/unknown
transfer application-criminal,3,crim_magisterial
titile (mortgage) suit,3,civ_suit
arbit.  case,3,other/unknown
l.r.misc appeal,3,civ_misc
spl c c d c act,3,crim_magisterial
ieso,3,other/unknown
1stapl esi,3,other/unknown
interlocutory appln.,3,other/unknown
misc criminal appeal,3,crim_magisterial
national drugs psycotropic act,3,other/unknown
criminal misc.case(pocso) bail,3,crim_bail
rev. misc transfer,3,civ_misc
crl. m. c. ndps-bail,3,crim_bail
m.a.bir.restn,3,other/unknown
membership right,3,other/unknown
ref ulp i/l,3,other/unknown
appln. eca f,3,other/unknown
tran.appln.mrtu,3,other/unknown
application (ieso),3,other/unknown
ref_ulp_ i_l,3,other/unknown
m.a. pwa,3,other/unknown
mlw,3,other/unknown
op indigent,3,civ_misc
r.c.(a),3,other/unknown
title execution a,3,civ_execution
t.s election ptn,3,other/unknown
title suit(letter of administration),3,civ_suit
spl. case - wl prot.,3,crim_sessions
c2(n.fir),3,other/unknown
pocso.s,3,crim_sessions
split  sessions   b,3,crim_sessions
rev. survey appeal,3,civ_misc
animal act,3,other/unknown
divorce suite,3,civ_family
cr.mis. other,3,crim_magisterial
execution rent control,3,civ_execution
muslim women act 3/4,3,other/unknown
insecticide act 1968,3,other/unknown
i.t. app. u/s 33(2)b idact,3,other/unknown
easement right,3,other/unknown
o 41 r 19 151 cpc,3,other/unknown
cr. app. degree,3,crim_magisterial
c.m.38,3,other/unknown
isc 372,3,other/unknown
cri.m.c.,3,crim_magisterial
mc u/s 457 crpc,3,other/unknown
offence 307,3,other/unknown
under trial,3,other/unknown
cont.,3,other/unknown
fao (civil),3,civ_misc
t .r,3,other/unknown
m.c. u.s 125(1),3,civ_family
app for cancellation of award,3,other/unknown
reg.civil.suit,3,civ_suit
petition under order 9 rule 13,3,civ_misc
cr. execution,3,civ_execution
execution s and guardian,3,civ_family
app. for limitation act.,3,other/unknown
arbitration case(civil case),3,civ_misc
civil regular case,3,civ_misc
e.c.  act,3,other/unknown
202 cr.pc,3,crim_magisterial
e.s.i. suit,3,civ_suit
ch.m.a.,3,civ_family
crl misc app,3,crim_magisterial
cr motion,3,crim_magisterial
misc. cases for dj/ adj,3,civ_misc
mact/refile,3,civ_mact
election petition h,3,civ_misc
e s i misc case,3,civ_misc
civil suit-b- dj/adj,3,civ_suit
crl.misc. appln.,3,crim_magisterial
l.a. crl.,3,crim_magisterial
judl. enquiry,3,other/unknown
jjb case,3,other/unknown
ltr of admin.,3,other/unknown
o.s (la),3,civ_suit
special case  corruption case,3,crim_sessions
spl.exe.appln.d,3,other/unknown
application wca - g,3,other/unknown
mtp cases,3,other/unknown
appeal bir no,3,civ_misc
u.r.a.,3,other/unknown
op trust,3,civ_misc
land acquisition misc. case,3,civ_misc
cem,3,other/unknown
app for cancellation of degree,3,other/unknown
hm guardian act,3,civ_family
misc non judicial cases,3,civ_misc
gocr  split case,3,other/unknown
ndps special case a,3,crim_sessions
"interrogaturies  0-11 , r -1",3,other/unknown
c.m.l.,3,other/unknown
c.misc.,3,civ_misc
crp.ex,3,other/unknown
maintainance u/s.127 cr.pc,3,crim_magisterial
guardian wards case,3,civ_family
nterim application u/s 488,3,other/unknown
app. for supardnama custody,3,other/unknown
h m succesion certificate,3,other/unknown
title eviction suit(civil),3,civ_suit
ex scc,3,civ_execution
land execution,3,civ_execution
miscmm,3,civ_misc
complt. case,3,other/unknown
civil suit b ist cj ii,3,civ_suit
t.s. arb.,3,other/unknown
civil claim mjc ftc,3,civ_misc
heirship,3,other/unknown
statr,3,other/unknown
scnia,3,other/unknown
application bir  is,3,other/unknown
con of del ulp,3,other/unknown
misc. ida delay con.,3,civ_misc
h.r.c.r.p,3,other/unknown
misc(mact),3,civ_mact
ndps.s,3,crim_sessions
substitution 0-22 r -3 amp 4,3,other/unknown
temprary injection,3,other/unknown
it,3,other/unknown
f.s. act,3,other/unknown
panchayat act,3,other/unknown
"application o 21 rule 58, 59",3,other/unknown
nagarpalika act,3,other/unknown
index ( civil case),3,civ_misc
ass. apl.,3,other/unknown
"appointment of receiver 0-40, r(civil)",3,civ_misc
partion suit / title partion,3,civ_suit
arbitration miscillaneous case,3,civ_misc
strike-lc,3,other/unknown
ieso-lc,3,other/unknown
labour/ind. tribunal reference matter,3,other/unknown
ca b,3,other/unknown
special case (n.d.p.s.),3,crim_sessions
civil suit b 2nd adj,3,civ_suit
title execution h m,3,civ_execution
arap,3,other/unknown
ref. ulp i/s,3,other/unknown
susca,3,other/unknown
rpf dadar,3,other/unknown
rest.app ulp,3,other/unknown
condo delay pga,3,other/unknown
bir ref,3,other/unknown
g.r spt v,3,crim_magisterial
civil appeal revision,3,civ_misc
it act 2000,3,other/unknown
forest appeal,3,civ_misc
cr app..,3,crim_magisterial
sc/st(poa) act,3,crim_sessions
application for releasing vehi,3,other/unknown
for cond of delay,3,other/unknown
arbitration application,3,civ_misc
guardians  and  wards act,3,civ_family
review-esi,3,other/unknown
custodian case,3,other/unknown
civil claim mjc 2nd adj,3,civ_misc
crl. misc case (ndps),3,crim_sessions
clo_r,3,other/unknown
l.a.c rev,3,civ_misc
misc.restoration.esi,3,civ_misc
cm (other ex),3,other/unknown
title d. suit,3,civ_suit
civil revision appeal,3,civ_misc
spl.case-d and c,3,crim_sessions
misc arbitrationcase,3,civ_misc
crl. misc. case pcso,3,crim_magisterial
regular civil appeal (cj),3,civ_misc
mjc atrocity,3,other/unknown
civil m.j.c. family court,3,civ_family
misc. cases for dj or  adj,3,civ_misc
crl misc u/s 229a,3,crim_magisterial
exe.o.s,3,civ_execution
review appln. pga,3,other/unknown
refernce ida,3,other/unknown
elec. petn.,3,other/unknown
misc. criminal (u/s 446),3,crim_magisterial
maintenence case,3,other/unknown
t.app,3,other/unknown
national drugs amppsycotropic act,3,other/unknown
cm ex la,3,civ_misc
l.a.case/ms/nla,3,civ_misc
misc.application (esi),2,civ_misc
appln.ieso,2,other/unknown
rest applin esi,2,other/unknown
m.a. ida recovery,2,other/unknown
appln. esi,2,other/unknown
contemt,2,other/unknown
idact-s10(1)(d),2,other/unknown
s c cases,2,crim_sessions
title execution(arbitration),2,civ_execution
w a k f matter,2,other/unknown
spl judge,2,other/unknown
title arbitration suit,2,civ_suit
c.f a,2,other/unknown
munsif title appeal,2,civ_misc
can. bail,2,crim_bail
special cases(vigilance),2,crim_sessions
l.a (letter of administration),2,civ_misc
preliminary issues 0-14,2,other/unknown
(sc),2,crim_sessions
offence  8/15,2,other/unknown
suit for dessolution of gift deed,2,civ_suit
l. a. reference,2,civ_misc
spl.gst.,2,other/unknown
civil app. (rent suit),2,civ_suit
recovery case,2,other/unknown
guardian /  wards case,2,civ_family
"order no.21 rule 97,98,101",2,other/unknown
w.p.(crl.),2,crim_magisterial
3(a)c.c.,2,crim_magisterial
mat.case,2,other/unknown
crl.ref.,2,crim_magisterial
ref.arbp.,2,other/unknown
petition u/s 33 h. m act,2,civ_mact
suit for declaratory decree,2,civ_suit
application to sue as pauper,2,other/unknown
offence 376,2,other/unknown
offence 7/25 ia act,2,other/unknown
cri.consp,2,crim_magisterial
revo. of succ. certificate,2,other/unknown
condonation,2,other/unknown
application under order 33 cpc,2,other/unknown
preliminary issues 0-14(civil),2,civ_misc
waqf petition,2,civ_misc
u p p p misc,2,civ_misc
special case e.c. act.,2,crim_sessions
p.o,2,other/unknown
i.t act,2,other/unknown
misc. rent appeal,2,civ_misc
arbitration  appeal,2,civ_misc
misc. case violation,2,civ_misc
crcmp-lc,2,other/unknown
land acq. case,2,civ_misc
w c t,2,other/unknown
a.c.t.,2,other/unknown
direct complaint case,2,crim_magisterial
cril ex case,2,other/unknown
s.c.c. - a,2,crim_sessions
summary-nc,2,crim_magisterial
spl cri m a,2,crim_magisterial
mis.appln ( esi exmption),2,other/unknown
complaintulp,2,crim_magisterial
mis ida,2,other/unknown
e c a,2,other/unknown
spl.c(corruption),2,other/unknown
application tua,2,other/unknown
cod app. mwa,2,other/unknown
appln. wca d,2,other/unknown
m.a. resto. pga,2,other/unknown
misc. resto. appln. (pga),2,civ_misc
misc. ida recovery,2,civ_misc
m. a. ulp,2,other/unknown
m a pga review,2,other/unknown
review appln. it,2,other/unknown
misc cri  mir,2,crim_magisterial
condonation of delay pwa,2,other/unknown
s.r.o.p,2,other/unknown
elec.a,2,other/unknown
com.misc.,2,civ_misc
idact-s10,2,other/unknown
kid 10 of 4(a),2,other/unknown
cr forest ps,2,crim_magisterial
cmp(arb),2,other/unknown
op brc,2,civ_misc
h.p.g.c.p.t.r. act,2,other/unknown
misc (r) case,2,civ_misc
fc title suit (judicial separation),2,civ_suit
fc misc (j) case,2,civ_misc
fc misc (g) case,2,civ_misc
hp instrument control noise,2,other/unknown
percept,2,other/unknown
prevention of cruetly to animal act,2,other/unknown
misc case birth certificate,2,civ_misc
misc case death certificate,2,civ_misc
misc case- cp,2,civ_misc
misc.case ( domestic violence),2,civ_misc
miscellaneous (transfer),2,civ_misc
land grabbing act,2,other/unknown
misc (t) execution,2,civ_execution
mis(l.a),2,civ_misc
special case (land grabbing),2,crim_sessions
cr (minimum wages) act,2,crim_magisterial
t.s.(probate),2,other/unknown
cr. n i act,2,crim_ni138
misc (lg),2,civ_misc
building and other construction workers act,2,other/unknown
g.r spt-ii,2,crim_magisterial
s.t. spt iv,2,crim_magisterial
special pocso case spt ii,2,crim_sessions
session trial split c,2,crim_sessions
drug cosmetic case,2,other/unknown
electricity act case splt b,2,crim_magisterial
c.f splt.a,2,other/unknown
commrevoc,2,other/unknown
revoction,2,other/unknown
"partition suit,raxaul at motihari",2,civ_suit
cri. transfer petition,2,crim_magisterial
fss act-2006,2,other/unknown
arbitrationn case,2,civ_misc
spl fssa  act 2006,2,other/unknown
misc civil revocation u/s-114cpc,2,civ_misc
guardian and ward case (dj court),2,civ_family
misc contpt,2,civ_misc
misc(a),2,civ_misc
split n.d.p.s cases c,2,other/unknown
split ocr   b,2,other/unknown
gr pre cog.,2,crim_magisterial
execution-case,2,civ_execution
miscellaneous (sub judge-2),2,civ_misc
spl drugs and cosmetic,2,other/unknown
succession certificate appeal,2,civ_misc
permission petition,2,civ_misc
special cases (title suit),2,crim_sessions
njmc,2,other/unknown
gua pet.,2,other/unknown
caveat appli,2,civ_misc
adp. misc case,2,civ_misc
title money suit,2,civ_suit
misc.case 1,2,civ_misc
petition u/s 10 g. w act,2,civ_misc
app. for setting aside ex-parte order,2,other/unknown
pet. u/s 32 jk hindu marriage act,2,civ_family
other mis. criminal applications,2,crim_magisterial
"application exicution ,petition",2,civ_misc
application for restoration-2,2,other/unknown
crimnal complaint,2,crim_magisterial
molestation cases,2,other/unknown
application for changing of custody,2,other/unknown
compromise  deed,2,other/unknown
petition for maintenance u/s 488,2,civ_family
application for with draw of case,2,other/unknown
protest petition,2,civ_misc
recover application,2,other/unknown
suit for declr and mandt injuction,2,civ_suit
suit for poss. mand. and permt inj,2,civ_suit
appeal against u/s 29 of woman protection  act.,2,civ_misc
suit for special performance of contract(civil cas,2,civ_suit
l.a(civil case),2,civ_misc
u/s 10 h.m act (civil case),2,civ_mact
civil arbitration,2,civ_misc
declarativce suit(civil),2,civ_suit
inst cases,2,other/unknown
c.m.a appeal,2,civ_misc
transfer pet.,2,civ_misc
titile appeal,2,civ_misc
ct,2,other/unknown
p.w. misc. case,2,civ_misc
cancillation of bail,2,crim_bail
robbkar,2,other/unknown
suit fr cvl proc,2,civ_suit
app for readmission,2,other/unknown
compensation,2,other/unknown
pauper application civil,2,civ_misc
case u/s 332,2,other/unknown
case u/s 100 cr.p.c,2,crim_magisterial
enhancment application,2,other/unknown
suit for dissolution of marrage,2,civ_suit
app.for release of bank acount,2,other/unknown
suit for pre-emption,2,civ_suit
app. for release of vehicle,2,other/unknown
cpc u/s 10(civil case),2,civ_misc
suit for declaration and possession,2,crim_sessions
misc.civil application,2,civ_misc
complaint under consumer protection act),2,crim_magisterial
"appeal -misc a) injection , b) receivership, 3) o",2,civ_misc
suit for spacific performance,2,civ_suit
final decree(civil),2,civ_misc
"appointment of reciver 0-40, r(civil)",2,civ_misc
appeal  against order,2,civ_misc
interim bail app,2,crim_bail
successio n,2,other/unknown
xxxxxgaurdian wards,2,other/unknown
l.a.a.,2,civ_misc
crl. maintenance cases,2,civ_family
pre  trail,2,other/unknown
misc execution case,2,civ_execution
miss. (lad),2,other/unknown
testamentory suit,2,civ_suit
arb. (ex.),2,other/unknown
misc exe.,2,civ_misc
l.o.a,2,other/unknown
misc l.a.,2,civ_misc
deb gr,2,crim_magisterial
bail application stsc,2,crim_bail
crl. misc (condo),2,crim_magisterial
tm cs,2,civ_suit
review esi,2,other/unknown
indian adoptation  act1869,2,other/unknown
cbi bail  application,2,crim_bail
executaion,2,other/unknown
civil - execution,2,civ_execution
regular civil appeal for dj/adj class b,2,civ_misc
mjc civil suit,2,civ_suit
t.s.(arb),2,other/unknown
t.s. mac rev,2,other/unknown
exe(mac),2,civ_execution
rp-p,2,other/unknown
counter_claim-cross_obj,2,crim_magisterial
s.t.(c.c) case,2,crim_magisterial
s.t.(d.c.),2,crim_magisterial
caveat petition case,2,civ_misc
j.m.(stay),2,other/unknown
judl. misc. (transfer),2,civ_misc
0.s.(la),2,civ_misc
title/exexution,2,other/unknown
civil caveat,2,civ_misc
0s la,2,civ_misc
cr rev.,2,crim_magisterial
dpt.eq.,2,other/unknown
omp (e) (comm.),2,other/unknown
arb. a.(comm.),2,other/unknown
s.c. 302 of ipc,2,crim_sessions
cri. rev. app.,2,crim_magisterial
cril. misc.(b),2,civ_misc
lunancy,2,other/unknown
cstma,2,other/unknown
r e a,2,other/unknown
eca spl case ma,2,crim_sessions
condation of delay  application,2,other/unknown
remand appln ndps,2,crim_sessions
misc.reviewappln.ida,2,civ_misc
cri.appeal ulp,2,crim_magisterial
ref. i.d.a,2,other/unknown
ref.-ulp-i.s...,2,other/unknown
ref_ulp_i_s,2,other/unknown
condonation of delay appln esi,2,other/unknown
ma ida review,2,other/unknown
cc copyright act,2,crim_magisterial
ele.misc.a,2,civ_misc
lpr,2,other/unknown
tourisum act.,2,civ_mact
complain case (cr),2,crim_magisterial
session( children ) case,2,crim_sessions
t s ( r ),2,other/unknown
m.a.claim suppl-a,2,other/unknown
split sessions d,2,crim_sessions
maternity benefit act 1961,2,other/unknown
s. c- t-1,2,crim_sessions
spl - atrocities act,2,other/unknown
titile suit (cma),2,civ_suit
c r( essential commodities act),2,other/unknown
misc j. case,2,civ_misc
misc.l.a.,2,civ_misc
vigilance case a,2,other/unknown
cri. misc,2,crim_magisterial
spl. case( mseb)a,2,crim_sessions
spl. pocso suppl-a,2,crim_sessions
crl. misc petition,2,crim_magisterial
garudian ex. case,2,other/unknown
"money suit,raxaul",2,civ_suit
spl. criminal appeal,2,crim_magisterial
pocso cr case,2,crim_sessions
misc cases (u/s 47cpc),2,civ_misc
gaurdianship suit,2,civ_suit
caveat application,2,civ_misc
"misc cases order 41,",2,civ_misc
cri bail app,2,crim_bail
family court,2,civ_family
"objection to non -joinder & mis joinder -0-1 , r 1",2,other/unknown
el.misc case,2,civ_misc
vio.misc.case,2,civ_misc
cr execution.,2,civ_execution
app.fr canciltn bail,2,crim_bail
application for pre-ponning the date of hearing,2,other/unknown
recovery u/s 15 (5b),2,other/unknown
kidnapping and  abduction,2,other/unknown
application u/s 145 cr. pc,2,crim_magisterial
order 33 cpc,2,other/unknown
app. for permt. p. injunction,2,other/unknown
civil misc 74,2,civ_misc
3(a).c.c,2,crim_magisterial
cs remanded,2,civ_suit
esi misc case,2,civ_misc
revocation c.m.a,2,other/unknown
rev.misc.case,2,civ_misc
a,2,other/unknown
suit for cancellation/ declar.,2,civ_suit
app. for calling record,2,other/unknown
review application.,2,other/unknown
case u/s 523 crpc,2,other/unknown
suit by gov,2,civ_suit
protection of women,2,other/unknown
permanment inj. wth cons.relf,2,other/unknown
index 488,2,other/unknown
petition for recovery,2,civ_misc
pet. under hindu marraige act,2,other/unknown
suit for decl. partn. and mandtry inj.,2,civ_suit
suit for cancellation,2,civ_suit
criminal.mis,2,crim_magisterial
app. for recancell of warants,2,other/unknown
arbitration (civil case),2,civ_misc
maintainance(civil case),2,civ_misc
rpc cr.,2,crim_magisterial
petition for grant of conjugal rights,2,civ_misc
suit for posession,2,crim_sessions
amendment of pleadings -0-6-r-17,2,other/unknown
houses  shops rent control act,2,civ_misc
suit for cancellation of agreement,2,civ_suit
pauper application(civil),2,civ_misc
guardian and succession,2,civ_family
xxxxxmisc7,2,civ_misc
arbitation case,2,other/unknown
complaint case (warranttrial),2,crim_magisterial
h t a,2,other/unknown
h.m.g.a,2,other/unknown
misc. case (adoption),2,civ_misc
mat ex,2,other/unknown
guardianship(not in use),2,civ_family
spcl st,2,crim_magisterial
misc. l.a. ex.,2,civ_misc
misc. ex,2,civ_misc
criminal motion1,2,crim_magisterial
spl c c pdi act,2,crim_magisterial
g.w.,2,other/unknown
wc ia,2,other/unknown
cm insolvent,2,other/unknown
cm highway,2,other/unknown
misc   review,2,civ_misc
cm ex (mac),2,other/unknown
cruelty against animals,2,other/unknown
cr l,2,crim_magisterial
employees compensation (t),2,other/unknown
tca(t),2,other/unknown
misc criminal appeal t,2,crim_magisterial
crl misc appl t,2,crim_magisterial
counter claim-cross-obj.,2,crim_magisterial
16 pfa act,2,other/unknown
cr. misc. (z),2,crim_magisterial
judl. misc (enq),2,civ_misc
cril. misc.(z),2,civ_misc
rev. cot,2,other/unknown
application (bir-i/s),2,other/unknown
spl.celect.,2,other/unknown
application (blwf),2,other/unknown
m.a.ulp.restoration,2,other/unknown
appeal-ulp,2,civ_misc
m.a.-ida recovery,2,other/unknown
review ref. ida,2,other/unknown
spl.c of p.m.l,2,other/unknown
elec.mis,2,other/unknown
crl.mis.,2,crim_magisterial
probate ts civ,2,other/unknown
case u/ s 33 -a i d act,2,other/unknown
elect  petn,2,other/unknown
appeal juvenile,2,civ_misc
sessions case j.j.b,2,crim_sessions
money execution (l.a.) case,2,civ_execution
sc-st.s,2,crim_sessions
split n.d.p.s cases b,2,other/unknown
gr.s/2,2,crim_magisterial
s.t split case d,2,crim_magisterial
mact execution case,2,civ_mact
cri. misc. complaint,2,crim_magisterial
pattibandi,2,other/unknown
compensation cases,2,other/unknown
l. of administra,2,other/unknown
exe h m act,2,civ_mact
debt. relief cases,2,other/unknown
divorce declearation suit,2,civ_family
cm nr adoption,2,other/unknown
wcc,2,other/unknown
cyber act,2,other/unknown
"misc cases o9r4,o9r9,us 47cpc",2,civ_misc
provincial insolvency act,2,civ_misc
cr. p (exe),2,crim_magisterial
miscellneous case u/s 125(3),2,civ_family
rectification app.,2,other/unknown
pre litigation app,2,other/unknown
app rejection plaint,2,other/unknown
robkar u/s 514,2,other/unknown
app  transfer case,2,civ_misc
kidnaping and abduction 363/366,2,other/unknown
xxxx--dp misc,2,civ_misc
3(c)cc,2,crim_magisterial
crl. proc.,2,crim_magisterial
m.j.c..,2,other/unknown
restoration misccase,2,civ_misc
a.m.c.,2,other/unknown
rivision petition,2,civ_misc
appl fo inquiry,2,other/unknown
suit for rendition,2,civ_suit
petition u/s100 crpc,2,civ_misc
suit for partition  of the pro,2,civ_suit
"suit for defamation, demages and compensation",2,civ_suit
enquiry case,2,other/unknown
caveate_app.,2,civ_misc
civil maintenance cases,2,civ_family
w.s/issues,2,other/unknown
f.a.,2,other/unknown
old execution-ii,2,civ_execution
matrimonial ex,2,civ_family
arbitration exe,2,civ_misc
maliciousprosecution,2,other/unknown
m.v.n.g.r.,2,crim_magisterial
mr case for maintenance,2,civ_family
"child labour act, 1986",2,other/unknown
scrc (pc act),2,other/unknown
muslim law delhi wakf board,2,other/unknown
misc  review,2,civ_misc
appeal-ieso,2,civ_misc
m.a.c.t./dj/adj,2,civ_mact
mis civil suit,2,civ_suit
l.a pre-crl.,2,crim_magisterial
jjb bail,2,crim_bail
rp1,2,other/unknown
cri misc.application,2,crim_magisterial
0.s.la,2,civ_misc
crc,2,other/unknown
c.b.i. police,2,other/unknown
misc appln ulp,2,civ_misc
appln wca  f,2,other/unknown
bail appln  sc,2,crim_bail
m.ref.ida,2,other/unknown
application wca - f,2,other/unknown
mis.cri.appeal (mhwa),2,crim_magisterial
appln. wca-h,2,other/unknown
objection petion,2,other/unknown
ur. o.s.,2,civ_suit
clndr rvsn.,2,other/unknown
misc cases vs 125 crpc vs 127,2,civ_family
misappropriation,2,other/unknown
c . p,2,other/unknown
offence 20 ndps act,2,crim_sessions
other  sessions cases,2,crim_sessions
appl for registration of death,2,other/unknown
food complaint,2,crim_magisterial
p. a. case,2,other/unknown
st spl case c,2,crim_sessions
eviction suits,2,civ_suit
comp. forest splt.b,2,other/unknown
mislaneous case (pj),2,other/unknown
recovery warrant,2,crim_magisterial
sattlement of accounts,2,other/unknown
co-operative ref mis,2,other/unknown
small cause cases,2,other/unknown
date relief cases,2,other/unknown
drc revision,2,other/unknown
cp. ia,2,other/unknown
atc,2,other/unknown
joint possesion application,2,other/unknown
ejectment amp areares of rent,2,civ_misc
case u/s 379,2,other/unknown
suit for joint possession,2,crim_sessions
suit for compnsatn,2,civ_suit
offence 306,2,other/unknown
offence 366,2,other/unknown
"offence 363,376,109 rpc",2,other/unknown
"364,302,34,392 rpc 7/2 i.a act",2,other/unknown
references u/s18,2,other/unknown
declrtion and recvry of possession,2,crim_sessions
suit for ejectment of shop,2,civ_suit
appt of guardian,2,civ_family
scc mise.,2,other/unknown
judge_small_cause_court_case,2,other/unknown
ce,2,other/unknown
civil ex. ftc,2,civ_misc
criminal  rev   ftc,2,crim_magisterial
cr. mjc ist cj ii,2,crim_magisterial
e x ( t),2,other/unknown
prc  wp,2,crim_magisterial
cr. mjc adj ist,2,crim_magisterial
cr. mjc cjm,2,crim_magisterial
summary trial 2nd cj i,2,crim_magisterial
ts tm,2,other/unknown
aupwa,2,other/unknown
p.c.o. cases,2,other/unknown
c.g.i.d.a.,2,other/unknown
m.a.ida restoration,2,other/unknown
appln bir ic,2,other/unknown
condn delay_ida,2,other/unknown
ma ulp restoration,2,other/unknown
cri  case,2,crim_magisterial
cond.of delay ida,2,other/unknown
m. a.- mwa,2,other/unknown
application bir-r/m,2,other/unknown
condonation of delay ida,2,other/unknown
ele.a,2,other/unknown
v.r.r.,2,other/unknown
appln 33 c 5,2,other/unknown
sc-st prevention of atrocity act,2,crim_sessions
appeal under trade union act,2,civ_misc
execution proceedings,2,civ_execution
m a c( property damage),2,other/unknown
b.s.e,2,other/unknown
misc cases a)o-9,2,civ_misc
miscellanesous,2,civ_misc
substitution 0-22 r -3 and 4,2,other/unknown
restoration of suits 0-9 r-4,2,civ_suit
cr case mines,2,crim_magisterial
st  transfer,2,crim_magisterial
st to transfer,2,crim_magisterial
inter state migrant workmen,2,other/unknown
criminal misc(t),2,crim_magisterial
c r( labour cases),2,other/unknown
cr. execution.case,2,civ_execution
ndpss1,2,crim_sessions
title pre emption suit,2,civ_suit
st suplt.,2,crim_magisterial
"striking out pleading -0-6 , r-16",2,other/unknown
special case(drugs and cosmetic),2,crim_sessions
peta act,2,other/unknown
cfa,2,other/unknown
j.2(c)c.c.,2,crim_magisterial
trp civil,2,civ_misc
application u/s 13 h.m act,2,civ_mact
application for cod,2,other/unknown
misc_judicial_case,2,civ_misc
ip(m),2,other/unknown
crl. transfer petition,2,crim_magisterial
3 (b). c.c,2,crim_magisterial
appl. for exe of int. award,2,other/unknown
suit for adverse posession declaration and injucti,2,crim_sessions
suit for decleration injuction and recovery of pos,2,civ_suit
scc exe.,2,other/unknown
misc. civil revision,2,civ_misc
antifipatory bail app.,2,crim_bail
ptrn,2,other/unknown
o.exn,2,other/unknown
muslim marridge act,2,other/unknown
title execution suit t,2,civ_execution
criminal mjc 2nd cj i,2,crim_magisterial
misc probate case,2,civ_misc
e title suit ha,2,civ_suit
vig. case,2,other/unknown
t.s. decl.suit,2,civ_suit
o.s. (prob),2,civ_suit
slc cases,2,other/unknown
misc complaint it,2,crim_magisterial
misc. app. (ictu),2,civ_misc
nfwca,2,other/unknown
g  and wc case,2,other/unknown
marjni,2,other/unknown
delay appln. ictu,2,other/unknown
review appln. (mrtu),2,other/unknown
misc. review. esi.,2,civ_misc
c 1,2,other/unknown
cri.rev app.,2,crim_magisterial
regular case,2,other/unknown
v.i.c.,2,other/unknown
title suit civ,2,civ_suit
assam shop and amp  establishment,2,other/unknown
title suit (conjugal right),2,civ_suit
c2(fssa),2,other/unknown
gram kachahari appeal,2,civ_misc
sessions (gr cases),2,crim_sessions
sati act,2,other/unknown
org.sess.case,2,other/unknown
crl. petition,2,crim_magisterial
guardian amp wards case,2,civ_family
objection to non joinder and mi,2,other/unknown
rfa(i),2,other/unknown
asr,2,other/unknown
appli.for release of passport,2,other/unknown
suit for temp.  mand. inj,2,civ_suit
application for arrayn parties,2,other/unknown
restrain application,2,other/unknown
spl. case(arms act),2,crim_sessions
app.of cancellation of decree,2,other/unknown
permant pertual mndtory injunc,2,other/unknown
apl.release,2,other/unknown
suit for cancellation of judgement,2,civ_suit
ceiling  apl.,2,other/unknown
g act,2,other/unknown
j. misc(l.a),2,civ_misc
misc. guardianship case,2,civ_family
reg crl cases,2,crim_magisterial
cr. mjc 2nd adj,2,crim_magisterial
civil suit for dj,2,civ_suit
civil misc(limitation),2,civ_misc
bail application h,2,crim_bail
civil ex. cj ii 3rd,2,civ_misc
c.r defamation (h),2,other/unknown
rev. transfer,2,civ_misc
appln. eca h,2,other/unknown
restoration application ulp,2,other/unknown
reference ulp i/l,2,other/unknown
marje,2,other/unknown
u.r cases,2,other/unknown
c2 eco.offence case,2,other/unknown
g.r. s/1 a,2,crim_magisterial
title appl,2,other/unknown
partion appeal,2,civ_misc
r p smoking act,2,other/unknown
misc revokation,2,civ_misc
supplementary title suit,2,civ_suit
tms/fd,2,other/unknown
instate appeal,2,civ_misc
ex. pet.,2,civ_execution
maintance case,2,other/unknown
12 hm act,2,civ_mact
crt,2,other/unknown
ev app,2,other/unknown
civil suit for dj or adj,2,civ_suit
misc   probate case,2,civ_misc
cr s/e,2,crim_magisterial
family court crl. misc. case,2,civ_family
crl fir,2,crim_magisterial
proclamation,2,other/unknown
misc. mwa,2,civ_misc
m. a. bir. delay con.,2,other/unknown
appln wcab,2,other/unknown
weights and amp measurement act,2,other/unknown
arbitation appeal,2,civ_misc
title suit mortgage,2,civ_suit
as land grab prhb,2,other/unknown
sessions trial (s-1),2,crim_sessions
misc for setaside,2,civ_misc
restoration of suits o9 r4,2,civ_suit
civil misc.o33 r 2 cpc,2,civ_misc
metromonial,2,other/unknown
civil misc(n re.),2,civ_misc
mact 41,2,civ_mact
fast track challan,2,crim_magisterial
"suit for damages,recovery of possession and inj",2,crim_sessions
appl. under order 11,2,other/unknown
mis. civil appeal,2,civ_misc
fire brigade act,2,other/unknown
application u/s 13 of consumer protection act,2,other/unknown
misc. rent control cases,2,civ_misc
d . v . act,2,other/unknown
misc. civil cases 2,2,civ_misc
foreigners cases,2,other/unknown
money appeal case,2,civ_misc
crl. mis.c- vig.,2,crim_magisterial
rev. revn. review,2,other/unknown
mact c appln.,1,civ_mact
misc. appln. mhwa,1,civ_misc
misc. i.d.a. resto.,1,civ_misc
tran. appln. ieso,1,other/unknown
m.a.ulp review,1,other/unknown
misc. application it,1,civ_misc
condonation of delay app.bir,1,other/unknown
cond of delay applin ic,1,other/unknown
cond of delay applin esi,1,other/unknown
appln. wca b,1,other/unknown
criminal ida,1,crim_magisterial
review appln. esi,1,other/unknown
appln_wca_f,1,other/unknown
appln. ieso,1,other/unknown
r.s.a.,1,other/unknown
special ex and ltry,1,other/unknown
weight measurement,1,other/unknown
execution   petition,1,civ_execution
property damaged,1,other/unknown
misc. ( con),1,civ_misc
misc (l.o.a.),1,civ_misc
fc misc (g),1,civ_misc
sess.a,1,other/unknown
land acqusition case,1,civ_misc
ts-p/m/d/a,1,other/unknown
succession cert case,1,civ_misc
tittle ex,1,other/unknown
special case(n.i.a),1,crim_sessions
excise act gr hilsa,1,crim_magisterial
gram kachahari,1,other/unknown
confiscation cases,1,other/unknown
r. f. act.,1,other/unknown
regular petition (rent appeal),1,civ_misc
i. t. app. mise/ resto.,1,other/unknown
criminal misc bail appl.,1,crim_bail
d.r.c. revision,1,other/unknown
exdr,1,other/unknown
succession misc appeal,1,civ_misc
3 (c). c.c,1,crim_magisterial
misc. apl,1,civ_misc
"suit for temp.injun o-39.r1,2",1,civ_suit
suit for redention,1,civ_suit
u494,1,other/unknown
cancellation of gift deed,1,other/unknown
case u/s 494,1,other/unknown
forefeiture,1,other/unknown
suit for decleration of an easement of way,1,civ_suit
admn suit,1,civ_suit
substitution,1,other/unknown
settlemnt deed,1,other/unknown
"offence  420,466,468,471 rpc",1,other/unknown
offence  120b r/sw  420 rpc,1,other/unknown
suit for premition,1,civ_suit
grant of temporary injuction,1,other/unknown
app for status quo ante,1,other/unknown
suit for possession and partition,1,crim_sessions
app.for initiating cont.pro.,1,other/unknown
index/civil suit,1,civ_suit
app.for setng aside abatement,1,other/unknown
app. for arraying as party,1,other/unknown
e a,1,other/unknown
municipality appeal,1,civ_misc
sumy.trial,1,other/unknown
xmisc.civil c,1,civ_misc
cs 37,1,civ_suit
ic,1,other/unknown
l  a suit,1,civ_suit
regular civil appeal for dj,1,civ_misc
e x ( r ),1,other/unknown
mac misc applicationt,1,civ_mact
sc-nia,1,crim_sessions
rc/arc,1,other/unknown
spl. case - poa,1,crim_sessions
pre-trial,1,other/unknown
condonation of delay appln (esi),1,other/unknown
application bir r m,1,other/unknown
cond of delay bir,1,other/unknown
m.a. ida. reco.,1,other/unknown
delay application in pwa,1,other/unknown
misc. ref. ida (restoration),1,civ_misc
appln.  wca h,1,other/unknown
cri. comp. ulp,1,crim_magisterial
m a mis-ida,1,other/unknown
m.a.ida reston.,1,other/unknown
ma ida reston,1,other/unknown
condo delay  pga,1,other/unknown
srop,1,other/unknown
arbep,1,other/unknown
p and s c appeal,1,crim_sessions
kra,1,other/unknown
idact of s10(1)(c),1,other/unknown
rev mis,1,other/unknown
plp,1,other/unknown
railway act(o),1,other/unknown
pd act,1,other/unknown
hma u/s 12,1,civ_family
hp instrument control act,1,other/unknown
prevention of curelty to animal act,1,other/unknown
narcotic drugs and psychotropic substances act,1,other/unknown
memo no.,1,other/unknown
title suit (j.s.),1,civ_suit
ts  design act,1,other/unknown
education tribunal,1,other/unknown
title execution ( m ),1,civ_execution
misc. testamentary,1,civ_misc
c r (assam forest regulation),1,other/unknown
misc ( p m w),1,civ_misc
misc (j) appeal,1,civ_misc
misc (l. admn),1,civ_misc
misc. (review),1,civ_misc
spl execution,1,civ_execution
title suit - m,1,civ_suit
misc probate(a),1,civ_misc
complaint case-cr,1,crim_magisterial
m a c t ( property damage case ),1,civ_mact
title suit(f.a),1,civ_suit
food adulteration act cases,1,other/unknown
n.i,1,other/unknown
sessions case t1,1,crim_sessions
building and other  construction workers act,1,other/unknown
final decree title suit,1,civ_suit
special pocso case spt iii,1,crim_sessions
spt c1,1,other/unknown
children (pocso) case no.,1,crim_sessions
gr s ii,1,crim_magisterial
split special pocso case b,1,crim_sessions
child act special case,1,crim_sessions
land acquisition misc case,1,civ_misc
misc civil appl.,1,civ_misc
p.o.s.c.o.,1,crim_sessions
sessions trial d,1,crim_sessions
sc/ st case s,1,crim_sessions
electricity act case splt c,1,crim_magisterial
maint alteration case,1,other/unknown
ats,1,other/unknown
split session trial c,1,crim_sessions
gr (pocso),1,crim_sessions
revocation of probate case,1,other/unknown
misc (adoption and maintenance act) case,1,civ_family
title eviction suit(munsif),1,civ_suit
letter of administraion,1,other/unknown
gram panchayat civil appeal,1,civ_misc
final decree (sub judge- iii),1,other/unknown
l.a appeal,1,civ_misc
title ex.,1,other/unknown
arbitration award objection-34,1,civ_misc
spl food safety and security,1,other/unknown
s. complaint(p),1,crim_magisterial
probate case 108,1,other/unknown
civil transfer,1,civ_misc
special case (mp and mla),1,crim_sessions
eviction suit(u/s111 tp act),1,civ_suit
misc. claim,1,civ_misc
ele. app.,1,other/unknown
cma_,1,other/unknown
withdrawn in lokadat,1,other/unknown
mat. appl.,1,other/unknown
t . r,1,other/unknown
criminal misc. appeal,1,crim_magisterial
cma(mact),1,civ_mact
gua.pet.,1,other/unknown
ele. appeal.,1,civ_misc
a.r.b.a,1,other/unknown
petition u/s 11 h. m. act,1,civ_mact
petition u/s 98 christian marriage and divorce act,1,civ_family
civil suit1,1,civ_suit
489 cr.p.c,1,crim_magisterial
medical check up,1,other/unknown
supplimentary challan,1,crim_magisterial
application for rejection plaint,1,other/unknown
warrant cancellation,1,crim_magisterial
suit of decl.  part. possen.  and permanent inj.,1,civ_suit
suit for decree of recovery,1,civ_suit
"application, execution ,petition",1,civ_execution
application u/s 17 a of securitisation,1,other/unknown
suit for decleration and cancelation,1,civ_suit
cpmplaint us 420,1,other/unknown
app for temporary injuction,1,other/unknown
app for grant of temporary injunction,1,other/unknown
e.s.i act case,1,other/unknown
election petn,1,other/unknown
compltu/s82of reg ac,1,other/unknown
appl. for crt fee,1,other/unknown
app.release of siezed document,1,other/unknown
distress warrt,1,other/unknown
statement of accused u/s 342,1,other/unknown
early hearining app,1,other/unknown
suit for dissolution of partenership,1,civ_suit
application for pretrial mediation,1,other/unknown
cancelation of bail bond,1,crim_bail
docket,1,other/unknown
application for rectification,1,other/unknown
application for warrant of arrest,1,crim_magisterial
suit for cancellation of marriage,1,civ_family
permanent inj.,1,other/unknown
revision in civil suit/exucution,1,civ_suit
restoration for possession of land,1,crim_sessions
execution (488),1,civ_execution
grant of temporary injunction,1,other/unknown
cr. revision.,1,crim_magisterial
cr . compliant,1,crim_magisterial
appeal against the judgment order,1,civ_misc
app. for u/s 10 for succession certificate,1,civ_misc
reg. civil suit(civil case),1,civ_suit
sum civil suit,1,civ_suit
partion suit / title partion suit(civil case),1,civ_suit
stay(civil case),1,civ_misc
distress warrent(criminal case),1,crim_magisterial
dowry case (criminal case),1,crim_magisterial
emco case (criminal case),1,crim_magisterial
"restoration of suits 0-9 r-4 , 0-9 , r -9(civil ca",1,civ_suit
electric writ of demand,1,other/unknown
essential communication,1,other/unknown
mics.civil appeal,1,civ_misc
appeal land revenue,1,civ_misc
foreiners acts/passport act,1,other/unknown
application for release of aticles,1,other/unknown
land ref.(civil),1,civ_misc
administrative suite(civil),1,civ_suit
interpleader suit(civil),1,civ_suit
substitution 0-22 r -3 andamp 4(civil),1,civ_misc
money appeal(civil),1,civ_misc
title suit(civil),1,civ_suit
m.n(civil),1,civ_misc
condonation of delay(app),1,other/unknown
molestation cases 354 crpc,1,other/unknown
application for release of articles,1,other/unknown
complaint us 10 consumer case,1,crim_magisterial
criminal bail cancillation,1,crim_bail
xxxxxos,1,other/unknown
execution pettion,1,civ_execution
rc a,1,civ_misc
special trail  pcact,1,other/unknown
special trial (n.d.p.s. act),1,crim_sessions
reg.execution,1,civ_execution
155(2) cr.p.c,1,crim_magisterial
04 transfer application,1,civ_misc
fafo,1,other/unknown
factory act.,1,other/unknown
misc.execution case,1,civ_execution
misc. succession case,1,civ_misc
mtrimonial ex,1,other/unknown
letters of administration case,1,other/unknown
motor vehicle case,1,crim_magisterial
gpid cvc,1,other/unknown
special case (d and c),1,crim_sessions
other tribunals,1,other/unknown
trade marks,1,other/unknown
special case of prevention of money laundering act,1,crim_sessions
commecial suit class a,1,civ_suit
complaint crim cases,1,crim_magisterial
spl. e. c. act,1,other/unknown
regular civil appeal b,1,civ_misc
bail apllication acb,1,crim_bail
cm ind. dis.,1,other/unknown
spl pmla,1,other/unknown
crl. misc stay,1,crim_magisterial
misc (tp act),1,civ_misc
misc (ex),1,civ_misc
civil misc.(adoption),1,civ_misc
civil misc (amendment),1,civ_misc
spl. (childrens court),1,other/unknown
cr. misc (exe),1,crim_magisterial
spl. p c,1,other/unknown
cm succession,1,civ_misc
special (p.c) act.,1,other/unknown
spl(children),1,other/unknown
adoption  t,1,other/unknown
s.t. (pmla),1,crim_magisterial
spl t (children court),1,other/unknown
mac ex.,1,other/unknown
misc. enquiry,1,civ_misc
t. p (crl),1,crim_magisterial
cr. rev..,1,crim_magisterial
revision application (bir),1,other/unknown
reference (bir),1,other/unknown
delay.applin  esi,1,other/unknown
reference (ulp),1,other/unknown
misc.review appln. wca,1,civ_misc
misc.resto.appln(mmh),1,civ_misc
rec. ida,1,other/unknown
rec wca,1,other/unknown
appln-mlwf,1,other/unknown
application wca - h,1,other/unknown
m. a. ida review,1,other/unknown
delay appln. esi-334,1,other/unknown
restoration application pwa,1,other/unknown
condonation of delay ref ida,1,other/unknown
m.a. ulp,1,other/unknown
con of delay ulp recovery,1,other/unknown
misc. appln mir,1,civ_misc
misc. restoration ieso,1,civ_misc
complaint ida,1,crim_magisterial
misc. appl. mw,1,civ_misc
aip,1,other/unknown
s.m.o.p,1,other/unknown
esc,1,other/unknown
spl.c kcoca,1,other/unknown
spl cc (kpidfe),1,crim_magisterial
c.a,1,civ_misc
c misc,1,civ_misc
election.petition,1,civ_misc
cfra court fee refund app,1,other/unknown
"pdp act, 2014(o)",1,other/unknown
sc st prevention of atrocity act(o),1,crim_sessions
prohobition of child marriage act,1,civ_family
enviornmnt protection act.,1,other/unknown
misc. succession (extension),1,civ_misc
misc (review) case,1,civ_misc
title suit succession,1,civ_suit
money suit (commercial),1,civ_suit
"payment of wages act, 1936",1,other/unknown
"payment of bonus act, 1965",1,other/unknown
r misc case,1,civ_misc
ts (e/d),1,other/unknown
t. ex. (d),1,other/unknown
misc. criminal other,1,crim_magisterial
misc. civil casses,1,civ_misc
g.r spt-i,1,crim_magisterial
g.r spt vi,1,crim_magisterial
split gr   d,1,crim_magisterial
special pocso split case,1,crim_sessions
criminal mislaneous case,1,crim_magisterial
sessions trial c-1,1,crim_sessions
sc / st case a,1,crim_sessions
partition proceeding.,1,other/unknown
landacqappl,1,other/unknown
f.d. appeal,1,civ_misc
criminal appeal(a.d.j.-i),1,crim_magisterial
provocation case,1,other/unknown
"final decree, jd",1,other/unknown
title execution ( sub judge- 2nd),1,civ_execution
final degree (munsif),1,other/unknown
munsif tea,1,other/unknown
misc cases (civil),1,civ_misc
transfar petition,1,civ_misc
exe.crl.p,1,civ_execution
misc. i,1,civ_misc
maintanance case 125 cr.pc,1,civ_family
pro,1,other/unknown
m c,1,civ_family
p.w.m.a.,1,other/unknown
succ. misc. appeal,1,civ_misc
app. for release of term deposit receipt,1,other/unknown
pet u/s 75 of christian marriage and divorce act,1,civ_family
petition u/s12/25 g. w act,1,civ_misc
suit for prohitary injunction,1,civ_suit
suit for permanent prohibitory and mandatory injun,1,civ_suit
maintenance 488,1,civ_family
cr .appln.,1,crim_magisterial
recovery application.,1,other/unknown
suit for preemption,1,civ_suit
caveat app,1,civ_misc
"case u/s 447,426",1,other/unknown
pre-litigation application,1,other/unknown
suit for  permanent inj,1,civ_suit
488-crpc,1,other/unknown
rent control petition (rcp),1,civ_misc
lunancy/adoptn,1,other/unknown
suit with app.,1,civ_suit
challan (fast track),1,crim_magisterial
application  for returing  custody of minor,1,other/unknown
suit for recovery order 33 cpc,1,civ_suit
modification deed,1,other/unknown
application us order 9,1,other/unknown
"application u/s 167, code of criminal procedure",1,crim_magisterial
petition seeking setting aside of bail order,1,crim_bail
interim bail application,1,crim_bail
petition application,1,civ_misc
"suit for declr.,rendition of accounts,dissolution.",1,civ_suit
application for re-admission of dismissed appeal,1,civ_misc
application for deleting petitioner/petitioners,1,civ_misc
appln for putting on record legal heirs of petitio,1,other/unknown
application seeking detention of contemnor,1,other/unknown
transfer of civil suit,1,civ_suit
application for attachment of land,1,other/unknown
petition under jk arbitration and conciliation act,1,civ_misc
application for the grant of temporary injuction,1,other/unknown
application seeking permission fr sale of property,1,other/unknown
statutory application u/s 17a,1,other/unknown
application u/s 17 securitization/reconstruction,1,other/unknown
sarfaesi act.,1,other/unknown
status appeal,1,civ_misc
cr.execution,1,civ_execution
petition for disolution of hid,1,civ_misc
petition for guardian ward act.,1,civ_family
revivial application,1,other/unknown
"appointment of reciver 0-40, r(civil case)",1,civ_misc
mislaneous(civil case),1,civ_misc
guardianship(civil case),1,civ_family
interim bail (criminal case),1,crim_bail
civil regular suit,1,civ_suit
spl. marriage petition(civil),1,civ_family
cancellation of nikah nama,1,other/unknown
misc. rent control act,1,civ_misc
essntial comdity. act,1,other/unknown
pcpndt act,1,other/unknown
succ. appeal,1,civ_misc
cooperative appeal cases main,1,civ_misc
exedva,1,other/unknown
hmga,1,other/unknown
objec,1,other/unknown
por case,1,other/unknown
misc (la) case,1,civ_misc
grps,1,other/unknown
misc(anticipatory bail) case,1,crim_bail
gaurdian case,1,other/unknown
regular civil appeal for dj & adj,1,civ_misc
spl cc (drug  and cosmetic act),1,crim_magisterial
civil exeuction b,1,civ_misc
mpid case,1,other/unknown
spl.(c.b.i),1,other/unknown
spl. (pc),1,other/unknown
dept.inquiry,1,other/unknown
prc ( e c ),1,crim_magisterial
special (pc) act.,1,other/unknown
spl. (dc act),1,other/unknown
civil misc.(telegraph),1,civ_misc
spl. d c,1,other/unknown
misc (probate),1,civ_misc
crl. misc. ex. (d),1,crim_magisterial
contemptmisc. case,1,civ_misc
labour court main cases,1,other/unknown
guardians & wards acts,1,civ_family
original (g/w),1,civ_suit
sc_pcso,1,other/unknown
miscl. appeal at,1,civ_misc
145 cr. p.c.,1,crim_magisterial
health cases,1,other/unknown
appeal pga-393,1,civ_misc
trans.appln.mwa,1,other/unknown
reference (ulp-i/s),1,other/unknown
c.c. bir,1,crim_magisterial
cri.ulp no,1,crim_magisterial
ref ulp,1,other/unknown
misc appln ulp restoration,1,civ_misc
criminal bir,1,crim_magisterial
m.a. pga,1,other/unknown
revision appln (ic),1,other/unknown
resto. appln. ictu,1,other/unknown
appln. wca-f,1,other/unknown
ma wca,1,other/unknown
cc_lg,1,other/unknown
ref. no.,1,other/unknown
cr of lokayuktha pol,1,crim_magisterial
w l cr,1,crim_magisterial
u pcr,1,crim_magisterial
pdpp act,1,other/unknown
u/s  a 2 of i.e. act,1,other/unknown
misc.case execution,1,civ_execution
pw mines act 1956,1,other/unknown
title suit (la),1,civ_suit
assam shop & establishment,1,other/unknown
misc j  m.a.c.t.,1,civ_mact
title suit .d. nullity,1,civ_suit
sessions spl.,1,crim_sessions
vigilance case b,1,other/unknown
spl pocsos,1,crim_sessions
n.d.p.s case  a,1,other/unknown
n.d.p.s case  b,1,other/unknown
c iii,1,other/unknown
misc. case m.v.,1,civ_misc
human right case,1,other/unknown
guardian and  wards case,1,civ_family
gram panchayat,1,other/unknown
eviction execution(munsif),1,civ_execution
evc apl,1,other/unknown
miscellaneous transfer,1,civ_misc
non fir cases,1,other/unknown
cri. misc (cjm div),1,crim_magisterial
special case (pesu),1,crim_sessions
jjb fr,1,other/unknown
lcm,1,other/unknown
regular  civil appeal,1,civ_misc
suite by govt or public  officers in official capa,1,civ_suit
baile,1,crim_bail
session case (ndps act.),1,crim_sessions
appeal id act,1,civ_misc
d. r. a.,1,other/unknown
gurdians and wards case,1,other/unknown
cmc{h.r},1,other/unknown
cma{h.r},1,other/unknown
g.r-ndps,1,crim_sessions
h.r.c.appeal,1,civ_misc
civil suits part.,1,civ_suit
n.h.reference,1,other/unknown
m. c 446 crpc,1,other/unknown
suit for temparory and perpetual injuction,1,civ_suit
app.  for  table amendment,1,other/unknown
review/recall pet,1,other/unknown
delay,1,other/unknown
misc guardian,1,civ_family
suit for disol. of partnership,1,civ_suit
suits for damages,1,civ_suit
suit for judicial se,1,civ_suit
early hearing app.,1,other/unknown
cancellation of document,1,other/unknown
app. of res. subjudice u/s 10(civil),1,civ_misc
challan electricity,1,crim_magisterial
review of order,1,other/unknown
mandatory injuction,1,other/unknown
e pet,1,other/unknown
d. p. misc.,1,civ_misc
cri._case,1,crim_magisterial
specialtrial (ipcpocso act),1,crim_sessions
execution scc,1,civ_execution
criminal misc. cases (old),1,crim_magisterial
xcriminal case -j.m.,1,crim_magisterial
exec 125,1,civ_family
p.p appeal,1,civ_misc
g.r.p.s,1,crim_magisterial
will probate,1,other/unknown
o.c. ex.,1,other/unknown
acb cr,1,crim_magisterial
mjc civil/dj/adj,1,civ_misc
spl criminal case,1,crim_magisterial
r.c.c execution,1,civ_execution
ts special marriage,1,civ_family
civil misc arb,1,civ_misc
transfer petition (h),1,civ_misc
money execution t,1,civ_execution
sc-atr,1,crim_sessions
c. m. c. cont.,1,other/unknown
execution  arb.,1,civ_execution
original (divorce),1,civ_family
jjb zima,1,other/unknown
elec petition,1,civ_misc
cma-idr,1,other/unknown
tra. petition.  cri.,1,crim_magisterial
i and  r cases,1,other/unknown
octroi case,1,other/unknown
"restoration m.w,a",1,other/unknown
application (wca) d,1,other/unknown
misc.app.(ulp),1,civ_misc
applnbir-ic,1,other/unknown
condonation of delay appl.esi,1,other/unknown
application bir-i/l,1,other/unknown
reference ulp-i/s,1,other/unknown
cri. appeal. bir.,1,crim_magisterial
appln. wca-e,1,other/unknown
appln mw,1,other/unknown
e.a.c. cases,1,other/unknown
m.v.c.rev.p.,1,civ_mact
spl.c(kptcl),1,other/unknown
idact of s33a,1,other/unknown
p mis,1,other/unknown
appl 33 c 4,1,other/unknown
r. r. cases,1,other/unknown
rent.control.petition,1,civ_misc
op co. scty,1,civ_misc
comsn.apln.,1,other/unknown
misc (letter of administration),1,civ_misc
a.t.p.p.f p.f. scheme act,1,other/unknown
misc. appeal (forest),1,civ_misc
l.a  exec,1,civ_misc
title (damage) suit,1,civ_suit
complaint split case,1,crim_magisterial
misc rc,1,civ_misc
g.r.-supl.-d,1,crim_magisterial
land acquisition execution case,1,civ_execution
ndps special case b,1,crim_sessions
transposition of defendent  as plaintiff  0-23 rul,1,other/unknown
raj shop act,1,other/unknown
labour misc.,1,civ_misc
cr.bail u/s 439,1,crim_bail
cr.bail u/s 438,1,crim_bail
i. t. (cent) app. mise/resto,1,other/unknown
new rent suit,1,civ_suit
lc-1,1,other/unknown
appeal -misc,1,civ_misc
resto of suits,1,civ_suit
criminal appale,1,crim_magisterial
u/o-39 rule 1 2 & 3,1,other/unknown
e . g . r . case,1,other/unknown
guardian  and amp wards case,1,civ_family
petition u/s 10 h. m act,1,civ_mact
petition u/s 18/20 h.m act,1,civ_mact
suit for purpose of court fee,1,civ_suit
app for contempt,1,other/unknown
wo cr,1,crim_magisterial
enforcement of rights,1,other/unknown
cancellation of decree,1,other/unknown
appli. for ex party proceeding,1,civ_execution
suit for ref.,1,civ_suit
muncl.appl,1,other/unknown
final. decre,1,other/unknown
objctn to non joindr,1,other/unknown
award pet.,1,other/unknown
pet. under order,1,other/unknown
land acq act,1,civ_misc
offence 8/22,1,other/unknown
offence  457,1,other/unknown
"offence 376,511",1,other/unknown
"offence 17,21,u.l act",1,other/unknown
"offence 307,148,336,341,353rpc",1,other/unknown
"offence 392,364,342 rpc",1,other/unknown
"offence 376,366,109 rpc",1,other/unknown
robbery,1,other/unknown
exp.act4/5,1,civ_execution
app. fr producng veh,1,other/unknown
"offence 419,420,467 rpc",1,other/unknown
application for rent u/s 14,1,civ_misc
suit for cancellation of decre,1,civ_suit
suit sett. of acct. and arrears,1,civ_suit
aplication for rendition acc.,1,other/unknown
excution of warrant u/s 512,1,crim_magisterial
review/recall pet. u/s-114cpc(civil case),1,civ_misc
forest act/games  fisheries/exc. taxation,1,other/unknown
accident claims,1,civ_mact
app. for ad-interim injunction,1,other/unknown
app. for filing report,1,other/unknown
app for corection in parentage,1,civ_misc
appl. for review of judgement,1,other/unknown
xxxxrca,1,other/unknown
xxxxla,1,other/unknown
xxxxmca,1,other/unknown
xxxx--election petition,1,civ_misc
mining act,1,other/unknown
criminal_bail_cancellation,1,crim_bail
election_petition,1,civ_misc
rent_control_revision,1,civ_misc
sccr_,1,other/unknown
u p p p,1,other/unknown
er,1,other/unknown
probatecase,1,other/unknown
c.exe,1,other/unknown
m. c.,1,civ_family
c.s.g.r.,1,civ_suit
m. exe,1,other/unknown
rent controller/addl. r.c.,1,civ_misc
cri revi,1,crim_magisterial
civilsuita,1,civ_suit
civil appeal misc. ftc,1,civ_misc
civil suit ms,1,civ_suit
mat case t,1,other/unknown
hrda,1,other/unknown
industrial dispute,1,other/unknown
mcl,1,other/unknown
labour  case,1,other/unknown
central excise,1,crim_magisterial
s c c pfa case,1,crim_sessions
t appln,1,other/unknown
licence cases,1,other/unknown
drainage cases,1,other/unknown
t cri m a,1,crim_magisterial
misc. review ulp,1,civ_misc
appln blwf,1,other/unknown
reference ictu,1,other/unknown
condonation of delay app.(it),1,other/unknown
condonation of delay app(mrtu),1,other/unknown
application (ictu),1,other/unknown
con.of del mrtu,1,other/unknown
crim revn. appln. ulp,1,crim_magisterial
misc. cri. app. comp.bir,1,crim_magisterial
condonation of delay ulp,1,other/unknown
review appln.pga,1,other/unknown
ref  bir no,1,other/unknown
idact s.10.1.c,1,other/unknown
v.s.c,1,crim_sessions
g  and wc.,1,other/unknown
revview petition,1,civ_misc
v.a.s.,1,other/unknown
"pdp act ,1984",1,other/unknown
transfer appl cr,1,crim_magisterial
execution under w a k f act,1,civ_execution
misc. (ndps),1,crim_sessions
i. d,1,other/unknown
split title appeal a,1,civ_misc
misc.m,1,civ_misc
p f act,1,other/unknown
eviction appl,1,other/unknown
a.execution,1,civ_execution
"objection to non -joinder, mis joinder -0-1 , r 1",1,other/unknown
mis. appeal,1,civ_misc
clcr,1,other/unknown
session scst cases,1,crim_sessions
"objection to non joinder  mis joinder -0-1,r 1",1,other/unknown
rent apeal,1,civ_misc
raj l r act,1,other/unknown
rfa (ii),1,other/unknown
election misc appeal,1,civ_misc
civil procedure,1,civ_misc
faco,1,other/unknown
ele.case.dispute,1,other/unknown
trial registirer,1,other/unknown
u/o 40 rule 1 cpc,1,other/unknown
3(b) c.c,1,crim_magisterial
cont.app.(crl.),1,crim_magisterial
election appl.,1,other/unknown
application. for arears,1,other/unknown
"suit for cancellation, declaration and ppi",1,civ_suit
st.  right of prior purchase,1,crim_magisterial
pss,1,other/unknown
us 498a rpc,1,other/unknown
enquiry,1,other/unknown
rivison,1,other/unknown
flood control,1,other/unknown
"st.fr dec,redemp of mortg. and inj",1,crim_magisterial
appl. for early hearing,1,other/unknown
app for withdrawal,1,other/unknown
civil pauper suit,1,civ_suit
app for recancell of warants,1,other/unknown
app. for sumoning the p/w.,1,other/unknown
app. for recalling the warrant,1,crim_magisterial
app for closer of pro,1,other/unknown
app. warrant cancellation,1,crim_magisterial
substitution 0-22 r -3,1,other/unknown
cancelation of will deed,1,other/unknown
land ref.(civil case),1,civ_misc
11 hm act,1,civ_mact
suit for clearence of accounts,1,civ_suit
labour case,1,other/unknown
emco case,1,other/unknown
app.for filing written statmt.,1,other/unknown
app.for statemt. of plaintiff.,1,other/unknown
app.for sucession certificate,1,other/unknown
xxxxxspl t corruption,1,other/unknown
xxxxrestoration,1,other/unknown
l.d.a.,1,other/unknown
f.a.f.o.,1,other/unknown
misc. pauper,1,civ_misc
n.d.p.s._,1,other/unknown
misc_ssc,1,civ_misc
misc. matrimonial,1,civ_family
succession misc. civil cases,1,civ_misc
elections petitions,1,civ_misc
election petitions,1,civ_misc
rent case misc /23,1,civ_misc
i.t.  act,1,other/unknown
haryana municipal corporation,1,other/unknown
h.d.a act,1,other/unknown
hry mc ct,1,other/unknown
hmc act,1,other/unknown
u.l.c.a,1,other/unknown
wild life protection cases,1,other/unknown
letter of adm. case,1,other/unknown
hindu adaptation  and  maint act,1,other/unknown
f.c,1,other/unknown
hindu adaptation@amp maint act,1,other/unknown
app-it,1,other/unknown
civil suit a type,1,civ_suit
spl. criminal case drugs and cosmetic act.,1,crim_magisterial
divorce certificate,1,civ_family
t s ( copy  right ),1,other/unknown
civil misc.(limitation),1,civ_misc
civil misc. (cc),1,crim_magisterial
civil misc resto,1,civ_misc
prc  sp,1,crim_magisterial
rfa t,1,other/unknown
cr complaint t,1,crim_magisterial
mat misc t,1,civ_misc
execution petiton t,1,civ_execution
t.s damage suit h a,1,civ_suit
misc transfer petn t,1,civ_misc
c  misc mat t,1,civ_misc
title suit injunctiont,1,civ_suit
title suit ejectment t,1,civ_suit
ref pet,1,other/unknown
ca-obj,1,other/unknown
s.t. cbi,1,crim_magisterial
c.e,1,other/unknown
cril. misc appeal,1,civ_misc
o.s.(succ.),1,civ_suit
original suit(m.h. and g.w.),1,civ_suit
tran. appln. it,1,other/unknown
transfer appl.(mrtu),1,civ_misc
application (wca) e,1,other/unknown
misc appl. cgida,1,civ_misc
misc.app bir restor,1,civ_misc
bir-reference,1,other/unknown
revision app. ic,1,other/unknown
revision b i r,1,other/unknown
application ulp,1,other/unknown
appln. wca    g,1,other/unknown
cri. revn. appln. ulp,1,crim_magisterial
appeal mmh,1,civ_misc
approval ida,1,other/unknown
ref.ulp i l,1,other/unknown
condn delay bir,1,other/unknown
elec.appeal,1,civ_misc
p.misc,1,civ_misc
cr.town p.s. cbp,1,crim_magisterial
v.f.d.p.,1,other/unknown
title suit ( d),1,civ_suit
misc. (custody),1,civ_misc
bribery,1,other/unknown
ab p,1,other/unknown
t.s ( arbitration matter),1,civ_misc
weights amp measurement act,1,other/unknown
t.s. d,1,other/unknown
food safety and standards act,1,other/unknown
e. c. cases,1,other/unknown
maintenance alt. case,1,civ_family
title misc appeal,1,civ_misc
declaratory  suit,1,civ_suit
election petition suit,1,civ_suit
preventation of food adultati,1,other/unknown
domestic voilence act,1,other/unknown
suppl. maintenance,1,civ_family
7 ec act,1,other/unknown
"misc cases a) o-9, r-4  b) o-9, r-9 c) u/s 47cpc",1,civ_misc
m/s. shri ram city union fin.l,1,other/unknown
cri. misc. (125 crpc),1,civ_family
min.wag.act,1,other/unknown
"objection to non joinder  mis joinder -0-1 , r 1",1,other/unknown
sc/st cases,1,crim_sessions
f.r.old,1,other/unknown
c.m.(rent),1,civ_misc
appointment of reciv,1,other/unknown
lc app u/s 33a id act 1947,1,other/unknown
civil misc (nre.) land revenu,1,civ_misc
animal. act,1,other/unknown
guardian/wards case,1,civ_family
rfa (iii),1,other/unknown
civil mis,1,civ_misc
c.r.p.,1,other/unknown
crl trial(h.r.),1,crim_magisterial
esi case,1,other/unknown
o.ref.,1,other/unknown
sr & pa,1,other/unknown
u/o 20 rule 11(2) cpc,1,other/unknown
u/s 47 cpc,1,other/unknown
u/o 47 rule 1 cpc,1,other/unknown
el. ptn,1,other/unknown
suit for immovable property,1,civ_suit
expa,1,civ_execution
amended plaint,1,other/unknown
spl.cri.ma,1,crim_magisterial
obscenity,1,other/unknown
amended suit,1,civ_suit
suit for grant of decree,1,civ_suit
domestic violance act 2005,1,other/unknown
app. for recalling the order,1,other/unknown
suit bny person of unsoiund mind(civil case),1,civ_suit
reference u/s 31 la act(civil case),1,civ_misc
application u/s 528 cr pc,1,crim_magisterial
l  a(civil),1,civ_misc
execution o. s.,1,civ_execution
ft. apl.,1,other/unknown
succession_,1,civ_misc
misc._jscc_revision,1,civ_misc
r.t.i. appeal,1,civ_misc
ca/ob.,1,other/unknown
ev..,1,other/unknown
ect act,1,other/unknown
telephone..act,1,other/unknown
misc. restoration ca,1,civ_misc
civil misclaneous,1,civ_misc
reg execution,1,civ_execution
muncipality board act,1,other/unknown
e.a.act,1,other/unknown
misc. election,1,civ_misc
stat app,1,other/unknown
appeal-ic,1,civ_misc
miscapp-esi,1,civ_misc
misc . civil appeal,1,civ_misc
jjb cases,1,other/unknown
criminal revision ii adj,1,crim_magisterial
criminal revisions,1,crim_magisterial
defamation,1,other/unknown
t. s.  (t m),1,other/unknown
u/s.164 cr.p.c,1,crim_magisterial
summary trial(ipc),1,crim_magisterial
misc. ( a r b ),1,civ_misc
execution fatal,1,civ_execution
ts(wkf),1,other/unknown
execution ec,1,civ_execution
crl misc appln. h. a,1,crim_magisterial
damage suit  t,1,civ_suit
cross appeal cross obj,1,crim_magisterial
crl. misc. appeal case,1,crim_magisterial
cri. rev. appeal,1,crim_magisterial
s.t. (s.a.d.a.),1,crim_magisterial
cril.misc.(t),1,civ_misc
civil revn,1,civ_misc
s.m.a,1,other/unknown
c r  act 1954,1,other/unknown
rest appln ic1,1,other/unknown
con of delay ictu,1,other/unknown
reviw a.bir/mir,1,other/unknown
misc.appln esi resto,1,civ_misc
misc. app. (bir) restoration,1,civ_misc
application (wca) h,1,other/unknown
crim.,1,crim_magisterial
cond.of delay bir,1,other/unknown
misc. p.w.a.,1,civ_misc
review application ulp,1,other/unknown
dmesi,1,other/unknown
misc.appln (it),1,civ_misc
cri. revn. mmh,1,crim_magisterial
vacation m.c.,1,other/unknown
v.ex.apl.,1,other/unknown
l p c,1,other/unknown
stay petition,1,civ_misc
country planning act.,1,other/unknown
h. p. g. c. p. t. r. act,1,other/unknown
misc. condonation (criminal),1,crim_magisterial
misc reference,1,civ_misc
c2(lma),1,other/unknown
title suit (trade mark),1,civ_suit
cri  bail appln,1,crim_bail
vig case,1,other/unknown
title mat. suit,1,civ_suit
ndps suppl.,1,crim_sessions
title ev appeal,1,civ_misc
gr. s/1 b,1,crim_magisterial
contempt.p,1,other/unknown
special n.i.a.case,1,other/unknown
revenue appeal,1,civ_misc
judicial sp. suit,1,civ_suit
o.s civil,1,civ_suit
b.s.n.l.,1,other/unknown
appointment of reciver 0-40 r,1,other/unknown
debt relief act,1,other/unknown
letter of admin,1,other/unknown
succession-,1,civ_misc
arbidetion act,1,other/unknown
o41r5,1,other/unknown
drugs & cosmetics act,1,other/unknown
missleanous,1,other/unknown
tra application,1,other/unknown
t.s/f.d,1,other/unknown
c.s. f.d.,1,civ_suit
ct ndps,1,crim_sessions
u/o 39 rule 1 cpc,1,other/unknown
enquiry application,1,other/unknown
app.  for arraying party,1,other/unknown
suit for declarationa and permanent inj,1,civ_suit
cancellation of sucesion crft.,1,other/unknown
suit for sub relfil,1,civ_suit
written statement,1,other/unknown
declaration/mandatory inj/part,1,other/unknown
index criminal challan,1,crim_magisterial
complaint  u/s 435,1,crim_magisterial
suit for ejectment(civil case),1,civ_suit
objections,1,other/unknown
hm act recovery,1,civ_mact
13 gambling act,1,other/unknown
suit for malicious pros and  damages,1,civ_suit
dec. n injection,1,other/unknown
xxxxmisc.c.,1,civ_misc
mutation  apl.,1,other/unknown
c.o.reference,1,other/unknown
special trail  ecact,1,other/unknown
gunda act,1,other/unknown
fixed for 202 crpc,1,other/unknown
prescribed authority misc,1,civ_misc
s c c misc,1,crim_sessions
(d.v.),1,other/unknown
m h a,1,other/unknown
misc.criminal appeal,1,crim_magisterial
s.c.c.excution,1,crim_sessions
ej-e,1,other/unknown
msdmc,1,other/unknown
misc.petition,1,civ_misc
cmpnt,1,other/unknown
rev lcidat,1,other/unknown
civil excution family court,1,civ_family
case related marridge,1,other/unknown
special case anti corruption,1,crim_sessions
execution  a cases,1,civ_execution
spl sc st,1,crim_sessions
wakf appeal (h),1,civ_misc
spl case essential commodities act,1,crim_sessions
counter claim-cross objection,1,crim_magisterial
f.c. criminal case,1,crim_magisterial
s. t. (vig) case,1,crim_magisterial
civil appeal case,1,civ_misc
cri.m.c-ndps-bail,1,crim_bail
petition us 127 of cr.pc,1,crim_magisterial
crl.m.c-pocso bail,1,crim_bail
o.s. (guardian),1,civ_family
rtra,1,other/unknown
mc rvn,1,other/unknown
bail appln pocso,1,crim_bail
misc.app. eca,1,civ_misc
rest.appln (mrtu),1,other/unknown
appeal (ulp),1,civ_misc
application bir ic,1,other/unknown
mi.cr.app.-bir,1,crim_magisterial
referance bir,1,other/unknown
appeal  ulp,1,civ_misc
delay appln. esi,1,other/unknown
appln.-mlwb,1,other/unknown
misc.mwa rec.,1,civ_misc
ex.a,1,civ_execution
court fee refund app,1,other/unknown
op (sche),1,civ_misc
environment protection act,1,other/unknown
hp instrument control noise (old),1,other/unknown
special tribunal case,1,other/unknown
ts commercial,1,other/unknown
ms commercial,1,other/unknown
misc maintenance,1,civ_family
title execution (d),1,civ_execution
money suit (c.c),1,civ_suit
misc case vs 125 cr. p.c,1,civ_family
misc. trust,1,civ_misc
spl (money lundering),1,other/unknown
title exn trf. decre,1,civ_misc
c r( food adulteration),1,other/unknown
t.s. d. matrimonial,1,civ_family
misc p.,1,civ_misc
essential commodity act cases,1,other/unknown
bail petition (b.p),1,crim_bail
letter of admn.,1,other/unknown
misc (p). case,1,civ_misc
g. r split 5,1,crim_magisterial
sessions trial s ii,1,crim_sessions
spl(sc/st) case no,1,crim_sessions
d. v. misc. u/s 31,1,civ_misc
restitution case,1,other/unknown
human rights act 1998,1,other/unknown
second g.p. appeal,1,civ_misc
"misc cases o-23,r-3a",1,civ_misc
misc. suit,1,civ_suit
mv review petition,1,civ_misc
claim ex.,1,other/unknown
cri. misc. appeal.,1,crim_magisterial
gram kachahari case,1,other/unknown
gram kachhari appeal,1,civ_misc
civil adoption public,1,civ_misc
electrocution compensation case,1,other/unknown
c m 41,1,other/unknown
"o39r2a,151cpc",1,other/unknown
19-a,1,other/unknown
cr.p.c.,1,crim_magisterial
injunction o-39,1,other/unknown
r.p.exam.act,1,civ_mact
suit of compansation,1,civ_suit
injuction suite,1,civ_suit
raj muncipaties act,1,other/unknown
trial,1,other/unknown
n j misc. case,1,civ_misc
misc .appeal order,1,civ_misc
u/s 125 crpc,1,civ_family
civil suit (mat),1,civ_suit
matrimonial first appeal,1,civ_family
maintenance u/s 32 of h. m act,1,civ_mact
application for pauperis,1,other/unknown
complaint ndps act,1,crim_sessions
rendition of account,1,other/unknown
cancellation of succ. cert.,1,other/unknown
app for disobidence of order,1,other/unknown
app.for cncl. of ant,1,other/unknown
cross revision,1,crim_magisterial
misc. succession applications,1,civ_misc
suit for redemption of mortgage and injunction,1,civ_suit
application u/s 145,1,other/unknown
application u/s 164-a,1,other/unknown
suit  for dec compensation  and  injection,1,civ_suit
cancellation  of family settlement,1,civ_family
mm(civil),1,civ_misc
m a,1,other/unknown
special trial (anticorrup.act),1,crim_sessions
prevetion of coruption act.,1,other/unknown
"m.suit , muslim",1,civ_suit
misc. criminal execution case,1,civ_execution
"o,c,decleration",1,other/unknown
s.c.c. ex.,1,crim_sessions
arbitration suit,1,civ_suit
public utility service case,1,other/unknown
public premises case,1,other/unknown
ncb case,1,other/unknown
civilmisc cs,1,civ_suit
crossobjection,1,crim_magisterial
ts matrimonial,1,civ_family
civilmisc caveat,1,civ_misc
civil misc. (arb),1,civ_misc
counter appeal(m.a),1,civ_misc
civ misc restoration,1,civ_misc
cases investigated by cbi and tried by special jud,1,other/unknown
special drugs and cosmetics act,1,other/unknown
ts (commercial),1,other/unknown
money suit commercial,1,civ_suit
execution t,1,civ_execution
m. a. c. t. review case,1,civ_mact
crl miss.vig,1,crim_magisterial
prevention of atrocities,1,other/unknown
s.t. (sc and st(poa)act) case,1,crim_sessions
l.a.case/evic/nla,1,civ_misc
guardian and wards acts,1,civ_family
misc. t,1,civ_misc
original (guardianship),1,civ_family
cril. misc.(enhancement),1,civ_misc
insv,1,other/unknown
dpt. eqr,1,other/unknown
misc cases for cj,1,civ_misc
exe. application (la),1,civ_execution
crma maint,1,crim_magisterial
