tree
version=v4
num_class=1
num_tree_per_iteration=1
label_index=0
max_feature_idx=20
objective=quantile
feature_names=idvr_12 vacancy_rate log_hearing_gap age_bowley_skew workload_per_judge pretrial_share filing_shock_z state_loo_growth_12_past state_loo_idvr_12 state_loo_vacancy_rate state_loo_filing_shock_z log_pending growth_12_past share_age_gt5y share_criminal log_working_judges inflow_trend_growth disposal_momentum is_njdg month_of_year anchor_cr_12
feature_infos=[0.15730337078651685:13522] [0:1] [1.9256497749926613:6.5930445341424395] [-0.51315129689565564:0.74580319231902148] [2.0607918205765534:95571.194450291267] [0:1] [-7.2528325041459354:119.40379487179489] [-0.6446209132661983:1.4921984776678323] [0:2067.1535853072119] [0:0.57692307692307687] [-3.0491301446051171:28.233355967823023] [1.3862943611198906:12.725056896997531] [-1.2292324710851736:1.7436548555513349] [0:0.63727959697732994] [0:1] [0:5.4510384535657002] [-2.8332133440562162:2.6761749925717613] [-3.253277251585533:8.3202045975788792] none [1:12] [0:6.3571428571428568]
tree_sizes=2879 2993 2990 2989 2993 3004 2997 2989 2996 3005 2999 2989 3001 3004 2977 3001 3018 2998 3006 3018 3001 2985 3003 3010 3000 2997 2995 3012 2992 2993 3011 2995 3001 2985 2996 2985 2999 3008 3007 3006 3002 3004 3019 3010 2997 3007 3018 3009 3011 3010 3003 3017 3010 3017 3005 3004 2986 3024 2999 3018 2989 3026 3014 3000 2993 3018 3023 2981 3025 2997 3014 3002 3015 3021 2981 3005 2996 2977 3002 3015 3011 3016 3017 2977 2982 2997 3008 3024 2983 2981 2982 3011 3009 2982 2987 2991 2967 3030 3001 2994 2999 2985 3002 2974 3000 3010 2991 2991 2983 2969 2978 3004 2985 2980 2992 3001 2997 2960 2998 3008

Tree=0
num_leaves=31
num_cat=0
split_feature=0 0 12 12 7 0 12 12 9 3 7 7 9 13 14 12 13 4 12 7 13 13 20 17 4 7 4 3 12 4
split_gain=1157.15 189.511 136.363 51.407 41.6106 40.703 29.7531 29.6373 28.1441 24.3404 22.5083 21.8904 20.9977 15.8723 15.5017 15.1475 12.566 18.2893 17.686 12.0849 18.8871 11.2296 11.1171 10.4615 10.4098 9.97204 9.77733 9.69816 8.71489 17.7569
threshold=1.3213356815219448 1.100375400253927 0.2245031083962408 0.19397273475839419 0.087367985969102585 46.498798076923087 0.3245280504464399 0.14466611543379762 0.016734034538696121 0.11639947699013543 0.14169296234077466 0.38592235652618578 0.021632692478267219 0.1040973934387074 0.23961858283757959 -0.019047422477144412 0.051194119243081877 774.04005806081489 0.10139759561597296 0.054677374964866139 0.044565179699377448 0.084059747728293263 0.87561317849507747 0.34428813226445015 71.723964077776159 0.31977550473824473 1821.3755132485512 0.14059640524172845 0.49436492141671501 100.71375776246323
decision_type=10 10 2 2 10 10 2 2 8 2 10 10 8 2 2 2 2 10 2 8 2 2 2 10 8 10 10 2 2 10
left_child=1 15 7 4 22 6 8 10 -4 -6 23 27 13 -9 -11 -1 -16 21 -19 20 -17 -18 26 -2 -21 -10 -3 -7 -26 -30
right_child=2 3 5 -5 9 11 -8 12 25 14 -12 -13 -14 -15 16 19 17 18 -20 24 -22 -23 -24 -25 28 -27 -28 -29 29 -31
leaf_value=0.058537296503782275 0.065510664209723471 0.064745496809482578 0.065099926590919496 0.065303589403629306 0.061472405418753623 0.06228005649521947 0.069528665840625767 0.063328500539064414 0.067391300871968263 0.064510105028748516 0.062829204061999919 0.067783633172512056 0.065372576043009764 0.067678120434284214 0.062575950948521489 0.062030736058950424 0.06278820459730923 0.062219271282665432 0.063934265151619915 0.064417099654674528 0.063561628032475712 0.065963753014802937 0.063289430141448971 0.062621899424120789 0.061976041427114978 0.066036519557237619 0.063345201704651119 0.066647876352071755 0.062030736058950424 0.068077342659234999
leaf_weight=1822 593 923 995 634 1456 285 3510 898 2742 272 1100 274 3910 151 1978 608 64 670 672 65 446 123 589 206 3419 537 358 96 140 65
leaf_count=1822 593 923 995 634 1456 285 3510 898 2742 272 1100 274 3910 151 1978 608 64 670 672 65 446 123 589 206 3419 537 358 96 140 65
internal_value=0.0639193 0.0577856 0.0696549 0.0609667 0.0602362 0.0722081 0.0728124 0.0665123 0.0711282 0.0588642 0.0633255 0.0650239 0.0677325 0.0639635 0.0601357 0.0540368 0.0596006 0.0616453 0.0604198 0.0549347 0.0577786 0.070412 0.0640775 0.0671555 0.054124 0.072469 0.0656458 0.0603759 0.0539106 0.0599444
internal_weight=29601 14304 15297 7739 7105 8439 7784 6858 4274 5235 1899 655 4959 1049 3779 6565 3507 1529 1342 4743 1054 187 1870 799 3689 3279 1281 381 3624 205
internal_count=29601 14304 15297 7739 7105 8439 7784 6858 4274 5235 1899 655 4959 1049 3779 6565 3507 1529 1342 4743 1054 187 1870 799 3689 3279 1281 381 3624 205
is_linear=0
shrinkage=1


Tree=1
num_leaves=31
num_cat=0
split_feature=0 0 12 12 0 8 12 8 12 3 12 0 7 15 7 13 13 1 11 2 0 17 13 12 1 3 20 13 3 5
split_gain=1124.66 195.602 129.164 47.7306 39.656 36.721 33.8145 29.4013 35.7995 27.7011 19.2774 18.2093 18.0877 15.1788 13.2836 20.6408 11.74 11.431 10.6576 10.5955 11.7084 9.65975 9.56646 9.90875 18.754 9.31073 9.21763 8.76299 8.73493 8.50019
threshold=1.3213356815219448 1.113403836748261 0.22268342850432002 0.19262303302448738 46.498798076923087 1.2329625034811755 0.31749181592287107 1.4622763918818722 0.14116154939525674 0.11639947699013543 -0.019047422477144412 1.1692762501262466 0.38592235652618578 2.3502401828962087 0.054677374964866139 0.064670890218624835 0.064052267890905942 0.060737812911725926 11.112395637900898 5.6216626817280524 1.5536437837739594 3.0937951317496952 0.20953158541749128 0.49436492141671501 1.0000000180025095e-35 0.12162171662128753 0.81601625566515634 0.059397822622468475 0.046354285329829402 0.92628473839465941
decision_type=10 10 2 2 10 8 2 10 2 2 2 10 10 10 10 2 2 10 2 10 10 8 2 2 8 2 2 2 2 10
left_child=1 10 7 5 6 11 17 19 25 -7 -1 -3 -6 -10 15 -12 -13 27 -18 20 -2 -8 23 -16 -25 -9 -11 -4 -14 -19
right_child=2 3 4 -5 12 9 21 8 13 26 14 16 28 -15 22 -17 18 29 -20 -21 -22 -23 -24 24 -26 -27 -28 -29 -30 -31
leaf_value=-0.0051614738121628766 0.0012707946158945558 -0.00062279828817117956 0.0021151808001101018 0.0013707192465662954 -0.0014614676859229802 -0.0026232691682875156 0.0044082124024629587 -0.0018006027141585946 -0.00024998030662536639 -0.00050661289435811332 -0.0018609220817685126 -0.00012867824295535664 -0.00052067499384284021 0.001193693773448467 -0.0018988542115723247 -4.9351819418370772e-05 0.0013249713599681853 0.0032074938073754313 -0.00055973533093929301 -6.8187090754509149e-05 0.0036840353988111018 0.009006918767094611 0.00045114503949880605 0.0036709454074501996 -0.0018609220817685126 0.00045265305563807489 -0.0012003092032391578 0.004027937809377909 0.004469313642382621 -0.00051835545301437359
leaf_weight=1851 1442 1040 2482 660 376 1298 2873 771 994 1404 711 682 58 2601 3776 379 509 1255 123 232 351 859 58 94 132 329 1572 427 219 40
leaf_count=1851 1442 1040 2482 660 376 1298 2873 771 994 1404 711 682 58 2601 3776 379 509 1255 123 232 351 859 58 94 132 329 1572 427 219 40
internal_value=-3.85148e-05 -0.00609132 0.00561104 -0.00265057 0.00804831 -0.0034168 0.00863298 0.00249516 0.00119144 -0.00507368 -0.00967224 -0.000407643 0.000940367 0.00264043 -0.00872452 -0.00577452 0.00193916 0.00678478 0.00488152 0.00551579 0.00629599 0.0107126 -0.0095149 -0.00969023 -0.00356828 -0.00354223 -0.00347665 0.00573711 0.0067446 0.00913194
internal_weight=29598 14289 15309 7288 8589 6628 7936 6720 4695 4274 7001 2354 653 3595 5150 1090 1314 4204 632 2025 1793 3732 4060 4002 226 1100 2976 2909 277 1295
internal_count=29598 14289 15309 7288 8589 6628 7936 6720 4695 4274 7001 2354 653 3595 5150 1090 1314 4204 632 2025 1793 3732 4060 4002 226 1100 2976 2909 277 1295
is_linear=0
shrinkage=0.03


Tree=2
num_leaves=31
num_cat=0
split_feature=0 0 20 0 7 14 6 7 6 9 0 0 4 0 13 6 0 7 0 9 16 9 14 20 4 15 9 4 0 11
split_gain=1088.17 187.305 80.5693 35.9004 31.3416 29.6743 29.128 22.7935 17.234 17.0878 14.393 14.1754 14.1732 14.1542 14.118 13.6914 13.0228 12.7871 13.0506 12.6713 14.4632 13.4213 12.6232 12.5798 11.3672 11.0903 10.5054 10.0651 9.51052 12.2843
threshold=1.3294958930104757 1.113403836748261 0.57686823772192508 46.498798076923087 0.092125937862518145 0.25609301125943468 1.0426671429113543 0.39418933043723242 0.80392498728290129 0.016417006226022497 2.6049838734176016 1.2128135938062292 1821.3755132485512 1.1692762501262466 0.047357574945620123 2.289863749990583 1.4482782527205618 0.044996701473583034 0.98284064312657604 0.01952656677684261 0.15473815497581486 0.1781363926871834 0.23961858283757959 0.41510659582965437 766.26273458480739 3.8606743063089755 0.048318937975179867 71.723964077776159 1.0202643564562355 8.014831632406624
decision_type=10 10 2 10 8 2 2 10 2 8 10 10 10 10 2 2 10 10 10 8 8 10 2 2 8 10 8 10 10 2
left_child=1 14 3 6 12 -4 10 -5 22 15 19 24 13 -3 28 -7 -11 18 -16 20 -2 -21 -6 -8 -10 -15 -24 -19 -1 -30
right_child=2 4 5 7 8 9 23 -9 11 16 -12 -13 -14 25 17 -17 -18 27 -20 21 -22 -23 26 -25 -26 -27 -28 -29 29 -31
leaf_value=-0.0025708547578566646 -0.0023129297311306001 -0.00020790421189949851 0.0034786208367794747 -0.0013284847833551466 0.0003982303971871733 -0.0011595941319018604 0.0064949669361412518 0.0035795295475311577 0.00035091135138412956 0.00039982388557679933 0.0040345743805468084 -2.0038752771914038e-05 -0.00086087637352198374 0.0013644190329490228 -0.0037015699561983345 0.0023840887679345904 0.0014270344030782578 -0.00060173830663794062 1.2941119054332289e-05 0.002830263041809201 0.0017399584263861178 -0.0009763551194295287 -0.0024775690475036388 0.0034093441382870081 -0.0014346428559646009 -0.00066263114860653876 -0.0010523632336976007 -0.0023908211448603247 -0.00097925714910792878 -0.0024332699140167673
leaf_weight=2322 223 614 430 427 155 829 2056 270 231 2311 1432 1435 577 743 307 174 3174 166 333 1237 408 134 924 1978 756 135 1979 2002 311 1599
leaf_count=2322 223 614 430 427 155 829 2056 270 231 2311 1432 1435 577 743 307 174 3174 166 333 1237 408 134 924 1978 756 135 1979 2002 311 1599
internal_value=-0.000102113 -0.00594345 0.00554793 0.00756613 -0.00266026 0.0031652 0.00817378 0.00105301 -0.00384784 0.00265834 0.00613974 -0.00195625 0.000485507 0.00202947 -0.00946314 -0.000941235 0.00331662 -0.00780705 -0.00407176 0.00449326 0.000973101 0.00611152 -0.00534488 0.00990335 -0.00472166 0.00447099 -0.00579029 -0.00890733 -0.0105599 -0.00897959
internal_weight=29672 14589 15083 8165 7549 6918 7468 697 5480 6488 3434 2422 2069 1492 7040 1003 5485 2808 640 2002 631 1371 3058 4034 987 878 2903 2168 4232 1910
internal_count=29672 14589 15083 8165 7549 6918 7468 697 5480 6488 3434 2422 2069 1492 7040 1003 5485 2808 640 2002 631 1371 3058 4034 987 878 2903 2168 4232 1910
is_linear=0
shrinkage=0.03


Tree=3
num_leaves=31
num_cat=0
split_feature=0 0 12 12 7 0 12 12 8 3 7 7 14 14 12 4 0 13 8 13 8 7 6 15 12 7 17 8 13 8
split_gain=1055.81 184.717 116.873 47.4847 41.8923 35.1845 30.6769 25.1636 21.6881 20.8438 18.6332 17.7523 17.7944 16.4651 14.1605 12.6732 14.017 11.3569 24.4421 11.2363 10.6349 9.78395 9.59785 9.47972 12.3936 9.41296 16.3587 9.13743 8.92355 12.3927
threshold=1.3252198242618103 1.096633408046997 0.23487486218997769 0.17605716865382351 0.095332319688763448 46.498798076923087 0.14855466168338707 0.33381169300942531 1.4622763918818722 0.11369758380940388 0.31977550473824473 0.22941006284679935 0.26289707616970176 0.22456020952084546 -0.04271284533457375 1926.6766619515847 1.1755021099242338 0.044132052742836693 1.092036495123496 0.054400103067353926 22.321054984331955 0.0527824954399762 1.5690640976195069 1.8688348091416842 0.49436492141671501 0.32258338149304006 0.58687313483119508 1.2502491240955991 0.052251909899639341 53.124934602863654
decision_type=10 10 2 2 10 10 2 2 10 2 10 10 2 2 2 10 10 2 8 2 10 10 2 8 2 10 10 8 2 10
left_child=1 14 6 4 15 7 8 25 21 27 22 28 -13 -11 -1 16 -3 23 -19 -10 -21 -2 -7 24 -16 -4 -27 -6 -8 -30
right_child=2 3 5 -5 9 10 11 -9 19 13 -12 12 -14 -15 17 -17 -18 18 -20 20 -22 -23 -24 -25 -26 26 -28 -29 29 -31
leaf_value=-0.0054034565464815103 -0.0036619231154130395 -0.00030190266398013574 0.002990815262873322 0.00077471116862749519 -0.00049925123523959867 -0.0016892974769723787 0.00089836454060241539 0.0054226035839145632 -0.0020616245702745391 0.00071343372725514692 0.003232726003383435 0.0032520705528737604 -8.4958554079905122e-05 -0.0011114467721376007 -0.001711400674320743 -0.001133451021161098 0.00083486749320484219 -0.00017815172013850873 -0.0018661266358010326 0.0009761281809637693 -0.0016055746812125109 0.0014696900267317987 0.00094515634309228511 -0.0019184144566487152 0.0031566486110726397 -0.00036235819650270063 0.0029853974603681272 -0.0029115615352461486 0.0022360703999897095 0.00023052474850248527
leaf_weight=1356 57 926 3243 977 171 152 2005 3229 519 199 335 133 1227 3189 291 554 794 394 1719 507 297 648 138 2608 78 351 399 1173 1689 308
leaf_count=1356 57 926 3243 977 171 152 2005 3229 519 199 335 133 1227 3189 291 554 794 394 1719 507 297 648 138 2608 78 351 399 1173 1689 308
internal_value=-0.000100111 -0.0059158 0.00540721 -0.00286511 -0.00372913 0.0079568 0.00269923 0.00854769 -0.000443568 -0.005337 0.0011262 0.00388775 0.00092579 -0.00408085 -0.00969288 -0.000382418 0.000889018 -0.00896288 -0.00727294 -0.0027077 -0.000484472 0.00380312 -0.00443299 -0.0101595 -0.00563514 0.00695168 0.00391478 -0.00849814 0.00489383 0.00631381
internal_weight=29666 14429 15237 7983 7006 7847 7390 7222 2028 4732 625 5362 1360 3388 6446 2274 1720 5090 2113 1323 804 705 290 2977 369 3993 750 1344 4002 1997
internal_count=29666 14429 15237 7983 7006 7847 7390 7222 2028 4732 625 5362 1360 3388 6446 2274 1720 5090 2113 1323 804 705 290 2977 369 3993 750 1344 4002 1997
is_linear=0
shrinkage=0.03


Tree=4
num_leaves=31
num_cat=0
split_feature=20 20 20 20 3 3 10 4 14 8 20 20 4 8 14 7 20 9 8 20 20 2 13 15 4 20 20 9 20 8
split_gain=867.053 167.44 166.29 94.1383 51.8451 37.5765 38.3694 31.6279 28.0003 25.3058 19.6769 19.2925 18.8099 16.6165 16.7064 15.9986 15.663 16.657 16.0078 15.4812 23.5442 14.5829 14.4901 13.562 12.5228 12.19 12.0645 11.986 11.4231 10.974
threshold=0.80776850080643081 0.00039431462807598927 0.64066457356866713 0.91320224360470903 0.11369758380940388 0.11196556927944801 1.1706806298098722 2818.0608152801942 0.24838286822415781 1.2363096600484551 0.72193392135801049 0.41510659582965437 766.26273458480739 1.4622763918818722 0.74930060980421043 0.10393308831064176 0.50042227561814967 1.0000000180025095e-35 122.01158863146631 0.01062012229485306 0.33369671763327641 6.4423727219655662 0.10566186614556582 4.7273486598447958 2092.2186476180991 0.74504864974577623 0.84796019183423177 0.016734034538696121 0.74272237030089971 6.6876600032640869
decision_type=2 2 2 2 2 2 10 8 2 10 2 2 10 10 2 10 2 8 10 2 2 10 2 8 8 2 2 10 2 10
left_child=1 7 5 9 10 6 19 -1 -6 26 -4 -8 22 21 25 -12 -7 24 -19 -3 -21 28 -11 -5 -18 -15 -2 -22 -10 -29
right_child=3 2 4 23 8 16 11 -9 13 12 15 -13 -14 14 -16 -17 17 18 -20 20 27 -23 -24 -25 -26 -27 -28 29 -30 -31
leaf_value=0.00016188691632114573 0.00024144625303778588 -0.0015946935662783984 2.3054417973249196e-06 -0.0029118315424989227 0.0026757954734419934 0.0052825899229463182 0.0051737446187823414 -0.0016676375400311182 0.0015661442077266198 -0.00097757376940835737 0.00050484117433081163 0.0018766058374331523 -0.0017865610754695925 0.00026999920481007964 0.001873153022276553 -0.0021796749950131833 0.0022458094657476979 0.0031057687409795916 -0.0012215472217735146 0.0030687265881625008 -0.0016110709502245644 -0.001569744346673968 0.0019982011259209996 -0.00091374951616815493 -0.0027997768234624123 -0.0012219392142127359 -0.00058927449721385915 0.0018618356765014127 0.00052686706780484115 -0.00013632264360951857
leaf_weight=269 775 147 986 5276 404 2877 1132 664 1096 654 215 1012 2129 1287 637 851 97 2382 138 885 480 158 101 272 82 738 1617 519 1259 515
leaf_count=269 775 147 986 5276 404 2877 1132 664 1096 654 215 1012 2129 1287 637 851 97 2382 138 885 480 158 101 272 82 738 1617 519 1259 515
internal_value=-0.000129489 0.00375976 0.0044058 -0.00689515 0.00105149 0.0068988 0.00491793 -0.0086242 0.00255108 -0.00402501 -0.00302484 0.00787413 -0.00591681 0.00195614 0.000304168 -0.00584817 0.00856374 0.00691667 0.00754463 0.00242638 0.00300625 0.00370525 -0.00184524 -0.00962336 -0.00191667 -0.00102912 -0.00174258 0.000732673 0.00429754 0.00255072
internal_weight=29654 18830 17897 10824 7631 10266 4690 933 5579 5276 2052 2144 2884 5175 2662 1066 5576 2699 2520 2546 2399 2513 755 5548 179 2025 2392 1514 2355 1034
internal_count=29654 18830 17897 10824 7631 10266 4690 933 5579 5276 2052 2144 2884 5175 2662 1066 5576 2699 2520 2546 2399 2513 755 5548 179 2025 2392 1514 2355 1034
is_linear=0
shrinkage=0.03


Tree=5
num_leaves=31
num_cat=0
split_feature=12 20 20 12 13 6 4 13 8 20 20 9 14 20 12 4 9 14 8 7 13 8 14 20 7 12 17 8 12 3
split_gain=855.675 185.164 133.37 110.836 37.9921 36.4854 36.2802 30.4716 26.1831 23.471 23.1548 19.637 19.6384 17.1996 14.8552 15.5196 14.8081 13.9475 13.354 13.2317 16.9616 13.211 13.8249 13.8133 11.6056 11.5137 11.417 11.2749 10.8958 10.0776
threshold=0.14352206843306983 0.00039431462807598927 0.91320224360470903 0.22268342850432002 0.051194119243081877 1.1416655353636516 2818.0608152801942 0.042991323184348361 5.55527495730166 0.81179889667061855 0.021721105527638195 0.015887273738522004 0.24838286822415781 0.76580648004476026 -0.04271284533457375 8336.3082108170074 1.0000000180025095e-35 0.26289707616970176 1.1273616728720111 0.054677374964866139 0.081513592588942849 53.124934602863654 0.77954770813034846 0.615926943076612 0.15557299315193249 0.32120368812158434 0.18316325566997116 1.1406096447084353 0.26996113505930103 0.28766659260012595
decision_type=2 2 2 2 2 2 8 2 10 2 2 10 2 2 2 8 8 2 10 8 2 10 2 2 10 2 8 10 2 2
left_child=2 6 4 7 17 10 -2 11 9 -6 -5 -3 26 -14 -4 19 -12 -1 -11 20 -16 23 -23 -9 -25 -7 -13 -22 -18 -15
right_child=1 3 14 5 8 25 -8 21 -10 18 16 12 13 29 15 -17 28 -19 -20 -21 27 22 -24 24 -26 -27 -28 -29 -30 -31
leaf_value=-0.00016756132953699875 0.00073421175188797063 -0.0012625649563335209 -0.005230137771117852 -0.0012097265971041137 0.00095734694661517912 0.0026711382212172901 -0.0016176084138301847 0.003492983583883013 -0.0019589710165332347 0.00080404907313551288 -0.00011070439402733674 -0.00065687725862633849 0.00068728188142897959 -0.0012827291302609466 -0.0019579014867907325 0.00022625066838332438 0.0016064838274827717 -0.00176554540789193 -0.00078481079960731617 -0.002569548471597057 0.0002433793325189653 -0.0024173717229595522 0.0011046376749304105 0.0012404731741101971 -4.9945538529702003e-05 0.0053768122558504839 0.0026442360541893608 -0.011770105200205477 0.0029205808944855558 4.9374068690223592e-05
leaf_weight=494 243 697 1320 206 1460 2225 659 725 1113 308 303 55 2036 398 713 148 1365 2840 1479 2878 309 105 240 1194 415 2696 248 44 2129 453
leaf_count=494 243 697 1320 206 1460 2225 659 725 1113 308 303 55 2036 398 713 148 1365 2840 1479 2878 309 105 240 1194 415 2696 248 44 2129 453
internal_value=-9.96644e-05 0.00446898 -0.00581369 0.00523853 -0.00327485 0.00741513 -0.00873754 0.00227958 -0.00143086 -6.92734e-05 0.00528596 0.000582562 0.00157944 0.000815443 -0.00942176 -0.00852431 0.00581754 -0.00568516 -0.00237416 -0.00888213 -0.00601687 0.00474067 -0.000736994 0.00555032 0.00399689 0.00914567 0.00883224 -0.000635593 0.0063691 -0.00276408
internal_weight=29498 16392 13106 15490 7694 8924 902 6566 4360 3247 4003 3887 3190 2887 5412 4092 3797 3334 1787 3944 1066 2679 345 2334 1609 4921 303 353 3494 851
internal_count=29498 16392 13106 15490 7694 8924 902 6566 4360 3247 4003 3887 3190 2887 5412 4092 3797 3334 1787 3944 1066 2679 345 2334 1609 4921 303 353 3494 851
is_linear=0
shrinkage=0.03


Tree=6
num_leaves=31
num_cat=0
split_feature=0 0 12 12 0 8 12 9 6 0 12 8 7 13 4 13 13 8 14 13 12 9 11 9 4 13 0 4 17 11
split_gain=956.61 165.356 104.959 39.9955 36.7023 33.0489 24.9152 24.8133 21.6691 21.1957 18.5663 18.3156 18.3063 16.6479 15.9794 19.1662 15.0147 13.0665 12.1961 16.0101 11.9579 11.6102 11.0609 10.9554 13.0893 10.8508 10.4345 9.91781 9.91325 9.78973
threshold=1.3213356815219448 1.096633408046997 0.23846169856330415 0.19681840188019842 95.446153846153848 1.2275426651503909 0.14600161059355979 0.01838252867596531 1.1416655353636516 1.1692762501262466 0.10508456581515892 1.4622763918818722 0.3992101321182534 0.052251909899639341 774.04005806081489 0.084059747728293263 0.13906757358002605 1.092036495123496 0.26289707616970176 0.052803657891659569 0.36576277341710034 0.0025046752417442089 11.112395637900898 1.0000000180025095e-35 232.42137739347467 0.070831533610217573 0.88831806007614622 1054.25136598981 2.0950339193447265 8.6732563233883813
decision_type=10 10 2 2 10 8 2 8 2 10 2 10 10 2 10 2 2 8 2 2 2 8 2 8 8 2 8 10 8 2
left_child=1 13 6 5 8 9 11 16 23 -3 14 -2 -6 -1 15 -7 -8 26 -12 -20 21 -10 25 28 -25 -11 -15 -19 -4 -9
right_child=2 3 4 -5 12 10 7 29 20 22 18 -13 -14 17 -16 -17 -18 27 19 -21 -22 -23 -24 24 -26 -27 -28 -29 -30 -31
leaf_value=-0.0022652976799831643 0.0010359917470912673 -0.00061414784426812427 -0.00097232271654518415 0.0010932994322836662 -0.0014326609221162283 -0.0026583108835988001 -0.00059721973611266839 -0.00012913475250351218 -0.00047928379525263767 0.00010634150014392236 0.00089899954509177211 -0.00086234895676766377 0.0029668249655373726 -0.0052710570525775465 -0.0023789984057199631 0.0018910763914029981 0.0041200158957322508 -0.0016297222895772711 -0.0012085003095935255 -7.9801233646381577e-06 0.0062619118626007575 0.0035526148679193049 -0.00070405088725447227 -0.0049361841370529147 0.0025633531280889639 0.0014885846363035869 -0.00052908520331150933 -0.0023526161182453932 0.008878583129201251 0.0014587903002564796
leaf_weight=4103 692 1327 182 586 305 326 969 337 117 674 181 1264 220 104 1801 155 76 718 1497 715 1726 2231 202 59 2843 414 441 1157 55 4358
leaf_count=4103 692 1327 182 586 305 326 969 337 117 674 181 1264 220 104 1801 155 76 718 1497 715 1726 2231 202 59 2843 414 441 1157 55 4358
internal_value=-0.00019758 -0.00575858 0.00499125 -0.00283285 0.00745833 -0.00343891 0.00251007 0.00350636 0.00801566 -0.000739114 -0.00494974 -0.000413899 -0.00019962 -0.00929108 -0.00688568 -0.00202282 -0.000673996 -0.00731103 -0.0031015 -0.00371441 0.00946012 0.00805875 0.00199845 0.00613854 0.00664485 0.00319559 -0.00321429 -0.00849947 -6.30252e-05 0.00443675
internal_weight=29835 14401 15434 7878 7738 7292 7696 5740 7213 2617 4675 1956 525 6523 2282 481 1045 2420 2393 2212 4074 2348 1290 3139 2902 1088 545 1875 237 4695
internal_count=29835 14401 15434 7878 7738 7292 7696 5740 7213 2617 4675 1956 525 6523 2282 481 1045 2420 2393 2212 4074 2348 1290 3139 2902 1088 545 1875 237 4695
is_linear=0
shrinkage=0.03


Tree=7
num_leaves=31
num_cat=0
split_feature=0 0 12 12 0 12 7 8 9 9 15 4 13 12 13 8 13 16 3 3 3 4 13 8 4 7 6 16 0 4
split_gain=871.716 157.646 105.604 39.1938 36.7549 32.2296 28.4314 22.3212 21.0505 19.5884 18.6755 17.2921 17.0126 16.9455 21.3001 16.5491 14.2175 13.3269 12.0999 11.3337 11.0999 13.0674 12.0269 10.8332 10.6928 10.6671 10.2359 10.3575 10.1646 10.1414
threshold=1.3176373972537809 1.096633408046997 0.26526622463571142 0.11055597227875237 46.498798076923087 0.1551424685005012 0.092125937862518145 1.4622763918818722 0.016742102850304325 1.0000000180025095e-35 1.4978661367769956 2092.2186476180991 0.044132052742836693 0.21078111094961208 0.048860308255914454 1.1217200748231078 0.10566186614556582 0.25723900418894075 0.20668331090942149 0.18598578241596733 0.11639947699013543 774.04005806081489 0.10316219693149252 1.1243356542607239 71.723964077776159 0.0527824954399762 4.6554719032332796 -0.16927199525517891 1.3767460276685526 560.03379590290103
decision_type=10 10 2 2 10 2 10 10 8 8 10 8 2 2 2 8 2 10 2 2 2 10 2 10 10 10 2 8 10 10
left_child=1 12 5 6 9 7 19 25 16 11 -6 -4 -1 14 18 -14 -7 26 -5 -3 -8 22 -22 -16 -17 -2 27 -11 -27 -10
right_child=2 3 4 13 10 8 20 -9 29 17 -12 -13 15 -15 23 24 -18 -19 -20 -21 21 -23 -24 -25 -26 28 -28 -29 -30 -31
leaf_value=-0.0021973387495836691 -0.0037828467912900125 7.7170106795817898e-05 0.0033519673055785143 -0.0011722453003057197 -0.0014413367428399658 -0.00046620992003481351 -0.0027365551623440951 -0.00081145194453156183 0.00023019081711560764 -0.0010040994762814332 0.0030198267250187778 -0.0012439134334468636 -0.0013045423479485937 0.0014714336348307703 0.0022257930195699392 -0.00044015845291153402 0.0039770786188927055 0.0046697482237829935 -0.00025549134774384278 -0.0010198633256406589 -0.00083370771414481863 -0.0014627843181841925 0.0022693070197495808 0.00032213720148609724 -0.0023148832806314948 0.00028564071333682877 0.0078601902250166524 0.0030656320446540669 0.002089165159571207 0.0014722443801894961
leaf_weight=3765 68 989 267 863 305 1002 1006 1569 560 53 328 168 862 407 144 168 115 2213 1354 471 229 1281 78 938 1633 376 218 2762 458 5014
leaf_count=3765 68 989 267 863 305 1002 1006 1569 560 53 328 168 862 407 144 168 115 2213 1354 471 229 1281 78 938 1633 376 218 2762 458 5014
internal_value=-0.000174954 -0.00554585 0.00474898 -0.00266718 0.00773397 0.00269126 -0.0047053 -0.00023665 0.00377241 0.00849789 0.000875394 0.00237385 -0.00902007 -0.000437011 -0.00115 -0.00717905 1.34168e-05 0.00900515 -0.00283363 -0.00135524 -0.0065896 -0.00502203 0.000535714 0.00229917 -0.00881521 0.00352159 0.00770765 0.00721768 0.00445509 0.00452556
internal_weight=29664 14188 15476 7760 6314 9162 4054 2471 6691 5681 633 435 6428 3706 3299 2663 1117 5246 2217 1460 2594 1588 307 1082 1801 902 3033 2815 834 5574
internal_count=29664 14188 15476 7760 6314 9162 4054 2471 6691 5681 633 435 6428 3706 3299 2663 1117 5246 2217 1460 2594 1588 307 1082 1801 902 3033 2815 834 5574
is_linear=0
shrinkage=0.03


Tree=8
num_leaves=31
num_cat=0
split_feature=0 0 0 6 14 0 7 0 7 0 9 11 13 7 9 17 4 16 13 0 13 9 0 15 10 7 0 4 0 4
split_gain=829.193 128.316 99.5043 45.9965 28.7897 22.6472 22.5895 20.9211 18.6456 16.8063 21.8269 15.5667 14.3616 13.8745 13.8649 13.2288 13.2041 12.5755 12.5635 12.23 12.1379 12.0234 11.9375 11.7476 11.3839 11.3646 10.0697 10.0593 9.93555 9.65577
threshold=1.2344693952727546 1.5842402323413773 1.096633408046997 1.0311356099567719 0.24838286822415781 1.3959264436517886 0.12973786448271815 95.446153846153848 0.083333610340914563 2.5461914976865621 0.016734034538696121 10.891857056098685 0.047357574945620123 0.054677374964866139 0.1781363926871834 1.9823507676023684 766.26273458480739 0.022209434588247305 0.058320520873678248 46.498798076923087 0.15644740024693757 0.0025046752417442089 0.85446000408198086 1.4978661367769956 0.95545325009883952 0.15832212886102529 1.1848955707775068 712.10621229698233 2.4484689893874925 71.723964077776159
decision_type=10 10 10 2 2 10 8 10 10 10 8 2 2 8 10 10 10 10 2 10 2 8 10 10 10 10 10 10 10 10
left_child=2 4 12 7 17 6 11 9 27 10 -3 18 -1 22 25 19 -10 -2 -6 21 -20 -5 -14 -21 -11 -12 -18 -4 -23 -15
right_child=1 3 8 15 5 -7 -8 -9 16 24 14 -13 13 29 -16 -17 26 -19 20 23 -22 28 -24 -25 -26 -27 -28 -29 -30 -31
leaf_value=-0.0021003507835940763 -0.00041734608557412848 -0.00058807322969524367 0.001078219559306889 0.00042836384935737644 -1.0614468173480544e-05 0.00069195254110789202 -0.00082654297402889355 -0.0012366336044704513 -0.00030797245474947066 0.002334707326312354 0.0033500749943091192 -0.00042313597237185696 -0.0078514769032748885 -0.00047150651367907124 -0.00088050759535421622 0.0063529846594398177 -0.0014105715833191259 0.002525421655606039 0.0017960724230459632 -0.0015022064858553636 -0.00073355400057447046 0.0026257237330556782 -0.0011049036059701915 0.0035305862443445542 0.0051674912814542997 0.0014263985951226018 -0.00068328493984429206 -0.00032428145763721772 0.0048381519700031747 -0.0021160675980472364
leaf_weight=3909 76 711 176 234 488 3205 2696 207 824 898 485 463 87 171 214 959 1742 409 608 176 110 2438 661 189 644 1521 1129 1229 1315 1643
leaf_count=3909 76 711 176 234 488 3205 2696 207 824 898 485 463 87 171 214 959 1742 409 608 176 110 2438 661 189 644 1521 1129 1229 1315 1643
internal_value=-0.000224357 0.00379509 -0.00649283 0.00606635 0.000977532 0.000523048 -0.000882959 0.0038966 -0.00335817 0.00432834 0.00299284 0.00185928 -0.00896245 -0.0072103 0.00445745 0.00797722 -0.00447646 0.00805556 0.00365369 0.00727085 0.00617524 0.00775201 -0.00376502 0.0020082 0.00686325 0.00523169 -0.00543698 -0.000416074 0.00816329 -0.0086281
internal_weight=29617 18046 11571 9991 8055 7570 4365 4680 5100 4473 2931 1669 6471 2562 2220 5311 3695 485 1206 4352 718 3987 748 365 1542 2006 2871 1405 3753 1814
internal_count=29617 18046 11571 9991 8055 7570 4365 4680 5100 4473 2931 1669 6471 2562 2220 5311 3695 485 1206 4352 718 3987 748 365 1542 2006 2871 1405 3753 1814
is_linear=0
shrinkage=0.03


Tree=9
num_leaves=31
num_cat=0
split_feature=12 20 12 20 4 13 13 8 6 20 12 8 12 15 20 12 20 7 9 9 4 7 13 8 7 4 7 5 9 9
split_gain=696.592 150.671 135.843 89.6235 34.2501 31.5625 30.3621 29.8724 28.5973 20.6376 20.1285 17.6732 15.2249 15.4659 14.8411 14.7057 14.5605 14.0479 13.3452 12.5967 12.791 12.0582 15.226 12.0239 10.8544 10.3533 9.53887 9.78657 9.39352 9.28121
threshold=0.12348499878405407 0.00039431462807598927 0.2245031083962408 0.91585035531530756 2957.0165370328223 0.042395736131044519 0.057678499920275871 13.592242899052239 1.1416655353636516 0.021721105527638195 0.15999281615044228 22.797201006882407 -0.04271284533457375 4.7273486598447958 0.84566477189134248 0.36576277341710034 0.615926943076612 0.057905053573447739 0.014944359981015553 1.0000000180025095e-35 279.60525198127073 0.054677374964866139 0.064670890218624835 1.1406096447084353 0.084363987247312602 2092.2186476180991 0.15557299315193249 0.3195638817789716 0.0025046752417442089 0.0092517436267436307
decision_type=2 2 2 2 8 2 2 10 2 2 2 10 2 8 2 2 2 10 10 8 8 8 2 10 8 8 10 10 8 10
left_child=3 4 5 6 29 10 24 14 9 -4 -3 16 -5 21 -8 28 -7 -16 -12 25 -21 22 -14 -24 -1 -11 27 -18 -10 -2
right_child=1 2 8 12 -6 11 7 -9 15 19 18 -13 13 -15 17 -17 26 -19 -20 20 -22 -23 23 -25 -26 -27 -28 -29 -30 -31
leaf_value=-0.00040667481491263454 -0.0014797953631830846 -0.00072352661162658905 -0.0012515144380007711 -0.0048182737460474769 -0.0013721905450204519 0.0032293106084808 0.00048734810904226423 -0.0021623601958309408 -0.00020691157232602021 0.0013962717324690125 -0.0011136698720673732 -0.00052172780621359148 -0.0017548161983733978 0.00043626414639174867 0.0012813802052868398 0.0054505501140729535 0.0012560463656209283 -0.00084676450970789391 0.00062768452627455203 -0.0014285813238994716 0.0022688323197533394 -0.0023055610561759465 0.00017296392778951293 -0.0089982524637464371 -0.0017894539271984483 -0.0026918782927837681 -5.4069402627491962e-05 -0.00016245525852570162 0.0026856463620384802 0.0015337650646531412
leaf_weight=490 60 1642 201 1357 652 777 1414 781 147 222 492 555 621 148 196 1972 1567 928 2673 135 3352 2772 354 49 2169 93 560 310 2731 195
leaf_count=490 60 1642 201 1357 652 777 1414 781 147 222 492 555 621 148 196 1972 1567 928 2673 135 3352 2772 354 49 2169 93 560 310 2731 195
internal_value=-0.000135231 0.00347331 0.0040938 -0.00600133 -0.00844163 0.00140259 -0.00348219 -0.00156777 0.00670036 0.00482143 -0.000209027 0.00345756 -0.008841 -0.00789354 1.18157e-05 0.00824985 0.00431104 -0.00256 0.0011892 0.00531686 0.00583572 -0.00826442 -0.00547317 -0.000928218 -0.0058703 -0.000427215 0.00316858 0.00419329 0.00687739 0.000878906
internal_weight=29615 18336 17429 11279 907 8576 5978 3319 8853 4003 4807 3769 5301 3944 2538 4850 3214 1124 3165 3802 3487 3796 1024 403 2659 315 2437 1877 2878 255
internal_count=29615 18336 17429 11279 907 8576 5978 3319 8853 4003 4807 3769 5301 3944 2538 4850 3214 1124 3165 3802 3487 3796 1024 403 2659 315 2437 1877 2878 255
is_linear=0
shrinkage=0.03


Tree=10
num_leaves=31
num_cat=0
split_feature=0 0 12 12 0 8 12 14 8 9 17 12 3 9 20 9 11 4 0 9 12 9 9 2 12 9 20 11 10 0
split_gain=767.329 147.265 89.1549 36.5137 28.2225 26.4113 25.6285 21.6261 18.1853 17.9265 18.0534 16.8282 15.5252 14.8607 16.9839 13.9645 16.2588 13.1329 12.998 12.7794 12.7626 11.9949 11.6007 11.0306 10.7583 9.55282 9.37633 9.07548 9.00893 8.7812
threshold=1.3213356815219448 1.0729071452642558 0.26526622463571142 0.14352206843306983 95.446153846153848 1.2275426651503909 0.14855466168338707 0.26289707616970176 1.4622763918818722 1.0000000180025095e-35 0.99399022448360319 0.41381714928210128 0.11639947699013543 0.022091451902066083 0.62845704491975896 0.13176780733968915 8.8304699058573473 766.26273458480739 1.1663551506813641 0.045245511374807666 0.21078111094961208 0.0065764796462273482 0.15572595897911198 6.5323769157767444 0.35688351644630428 0.0200726730997281 0.84566477189134248 8.6732563233883813 1.4299920114232096 1.744220456788403
decision_type=10 10 2 2 10 8 2 2 10 8 8 2 2 8 2 10 2 10 10 8 2 10 8 8 2 8 2 2 10 10
left_child=1 22 6 5 9 18 8 -8 -2 10 -4 -6 19 23 15 16 -15 27 -3 -7 -5 -19 -1 -9 25 -11 -23 -14 -25 -10
right_child=2 3 4 20 11 12 7 13 29 24 -12 -13 17 14 -16 -17 -18 21 -20 -21 -22 26 -24 28 -26 -27 -28 -29 -30 -31
leaf_value=-0.0020327524739232037 0.00091984085397329453 -0.00055028119777538831 -0.00059891905774958967 -0.00012672992890069262 -0.0013328983135037558 -0.0043018774392000435 0.0029642560429517673 0.0030553689758509514 -0.0011125855033264412 0.0015369646500368896 0.0091071770746779298 0.0026452868269098615 -0.0018508691080598198 -0.0005345391979714539 0.00051497979423568985 0.00056422772867211293 0.0028548599303873856 0.0013275657157471698 0.0003074663357667151 -0.0016437319491395238 0.0013863304572774128 -0.0009407171193956624 -0.0016665805387980706 -0.00073066160443021819 0.0049228450552112474 0.0030041324124261055 -0.0016284126722128276 0.00054805164353373805 0.00096574822599149505 0.0017721817288875754
leaf_weight=4212 725 1652 314 1545 220 401 350 65 1218 827 132 275 268 225 2421 611 1771 73 911 984 458 1114 1306 1072 2478 2035 918 412 437 127
leaf_count=4212 725 1652 314 1545 220 401 350 65 1218 827 132 275 268 225 2421 611 1771 73 911 984 458 1114 1306 1072 2478 2035 918 412 437 127
internal_value=-0.000200453 -0.0052087 0.00446452 -0.00278471 0.00720869 -0.00384244 0.00255347 0.00342586 -0.00037663 0.00779679 0.00201342 0.000332661 -0.00531527 0.00303953 0.00383575 0.00551572 0.0067301 -0.0040219 -0.00144501 -0.00791126 0.000770958 -0.00519231 -0.00904512 0.000495238 0.00827935 0.00702061 -0.00562223 -0.000396476 -2.98013e-05 -0.00244056
internal_weight=29557 14254 15303 8736 6281 6733 9022 6952 2070 5786 446 495 4170 6602 5028 2607 1996 2785 2563 1385 2003 2105 5518 1574 5340 2862 2032 680 1509 1345
internal_count=29557 14254 15303 8736 6281 6733 9022 6952 2070 5786 446 495 4170 6602 5028 2607 1996 2785 2563 1385 2003 2105 5518 1574 5340 2862 2032 680 1509 1345
is_linear=0
shrinkage=0.03


Tree=11
num_leaves=31
num_cat=0
split_feature=0 0 0 6 8 8 14 0 8 9 0 17 0 0 10 8 4 13 8 20 13 4 13 2 17 9 10 11 4 13
split_gain=720.347 113.901 91.6442 46.1693 26.12 25.3594 25.0968 18.2857 17.3321 17.0358 16.0142 13.6657 12.8095 11.7621 11.6603 10.5556 14.525 10.548 10.5752 10.0285 9.6529 14.2502 9.55936 12.4027 12.3212 9.45358 9.40077 9.39073 9.13351 10.0594
threshold=1.2377531541453881 1.5608910163763616 1.0705231011257799 1.1040306809537634 1.1243356542607239 1.4622763918818722 0.25609301125943468 1.3902754158631547 6.6876600032640869 0.01805763357127645 1.8737584575377431 1.9823507676023684 1.1273940392856765 46.498798076923087 1.288863294238338 1.2363096600484551 766.26273458480739 0.050064604467123554 1.0948037997423621 1.1269542674707826 0.064052267890905942 830.34550216482069 0.058320520873678248 4.536879875718685 0.97401981203261168 0.021239598319266993 1.8713030888204609 8.8049252513691858 766.26273458480739 0.08911287351794088
decision_type=10 10 10 2 8 10 2 10 10 8 10 10 10 10 10 10 8 2 10 2 2 10 2 10 8 8 10 2 10 2
left_child=2 5 17 8 20 22 -7 28 9 27 -10 25 -6 -11 -12 -14 -17 -1 19 -19 21 -4 24 -24 -2 26 -5 -3 29 -8
right_child=1 3 4 11 12 6 7 -9 10 13 14 -13 15 -15 -16 16 -18 18 -20 -21 -22 -23 23 -25 -26 -27 -28 -29 -30 -31
leaf_value=-0.0018946393661352921 0.00015534159364287772 0.0051893355643687364 0.0007140943883491319 0.0013578657352523651 -0.001350663099463387 0.0020569143315657332 -0.00086137444968525608 0.00021340042447079807 -0.00067678683413402386 0.0027961919583096456 0.00068809590746979712 0.0059875752744183415 -0.00023452631959763057 -0.0015771439060399384 0.0034502240072453259 -3.5476562367483599e-05 -0.0013721227521523672 -0.00058900391856002779 -0.0019945379004008496 -0.0049766902141312143 0.0011458526762894077 -0.00062107563042367898 0.0010956899510085891 -0.00097183256539158159 0.0031161795268596234 0.0033341034887094155 0.004180966487620349 -0.00025597392591886924 -0.0013122953034490747 0.0025674318524901867
leaf_weight=3351 1696 91 260 934 1623 274 475 1869 728 1777 1412 951 1118 45 600 514 1862 429 1466 110 359 506 1405 199 114 3081 237 465 1479 83
leaf_count=3351 1696 91 260 934 1623 274 475 1869 728 1777 1412 951 1118 45 600 514 1862 429 1466 110 359 506 1405 199 114 3081 237 465 1479 83
internal_value=-0.000211933 0.00355911 -0.00603673 0.00561083 -0.00356559 0.000770244 -0.00079646 -0.00141285 0.00358664 0.00546028 0.00195914 0.00760088 -0.00447538 0.00686231 0.0033383 -0.00345064 -0.00458141 -0.00891544 -0.00718594 -0.00358333 0.000572824 -0.00132986 0.00268814 0.00437383 0.00119271 0.00687044 0.00456911 0.000861759 -0.00337831 -0.000107335
internal_weight=29513 17915 11598 10321 6242 7594 4180 3906 5118 2378 2740 5203 5117 1822 2012 3494 2376 5356 2005 539 1125 766 3414 1604 1810 4252 1171 556 2037 558
internal_count=29513 17915 11598 10321 6242 7594 4180 3906 5118 2378 2740 5203 5117 1822 2012 3494 2376 5356 2005 539 1125 766 3414 1604 1810 4252 1171 556 2037 558
is_linear=0
shrinkage=0.03


Tree=12
num_leaves=31
num_cat=0
split_feature=12 20 20 12 13 4 20 14 13 12 6 6 7 9 12 15 14 20 17 9 17 7 15 1 14 14 4 15 4 14
split_gain=624.24 159.016 104.53 82.471 31.7384 30.4624 19.3607 19.8871 18.1899 16.9992 16.6805 16.3937 14.0632 14.362 13.9633 17.0967 13.5509 12.7427 15.425 15.7872 11.0349 11.0124 10.5546 9.73556 9.43681 9.30256 9.06711 8.98379 8.90089 8.89303
threshold=0.14116154939525674 0.00039431462807598927 0.93310636504617162 0.26996113505930103 0.051194119243081877 2957.0165370328223 0.67074977362799115 0.23961858283757959 0.052251909899639341 0.10727590709814107 2.2576434266327401 0.23126902779613245 0.1410152356695977 0.049323039161274458 -0.029922269965077849 4.7273486598447958 0.27735230725343796 0.021721105527638195 2.5113171736250868 1.0000000180025095e-35 0.47131540815238165 0.23470423472578489 1.2424533248940004 0.3430703624733476 0.52500619118375447 0.50777839282763482 766.26273458480739 3.7012257604091228 576.33678107547462 0.76188850539807496
decision_type=2 2 2 2 2 8 2 2 2 2 2 2 10 8 2 8 2 2 8 8 10 10 10 10 2 2 10 8 8 2
left_child=2 5 4 6 16 -2 11 -8 -9 12 17 21 13 -6 -4 25 20 22 19 -19 27 -3 -5 -15 -18 -16 -14 -1 -13 -10
right_child=1 3 14 10 9 -7 7 8 29 -11 -12 28 26 23 15 -17 24 18 -20 -21 -22 -23 -24 -25 -26 -27 -28 -29 -30 -31
leaf_value=-0.00030001984850706756 0.00011421896393403498 0.0011633747526016212 -0.004288634840774728 -0.0013679382314100751 -0.0010575637304238931 -0.0012132030734680833 0.0016168720991291037 -0.00016052440445691896 0.00055538720936690832 0.0002653716471634561 0.0050184250549268538 8.5563423826156551e-05 0.00078787226664898318 0.0002267812639137131 -0.0021345313160765168 0.00083233985070917029 -0.0015913945698852712 -0.00025360765634744502 0.0056674118633636434 0.002183216662817105 0.001002359300684716 -0.00082886343060174957 0.0025041662888688455 -0.0010713687823628052 -0.0016017174284844167 -0.0019658800980613686 -0.00238278606805996 -0.001244186584531539 0.0018793428664496538 0.0022455988060512098
leaf_weight=409 265 898 1598 150 719 657 366 2818 941 1687 1678 315 118 1301 1220 117 943 305 852 2990 158 551 196 251 2172 1643 637 72 3329 227
leaf_count=409 265 898 1598 150 719 657 366 2818 941 1687 1678 315 118 1301 1220 117 943 305 852 2990 158 551 196 251 2172 1643 637 72 3329 227
internal_value=-0.000188108 0.00368221 -0.00509467 0.00439713 -0.00311939 -0.0084182 0.00263445 0.00116471 0.000549285 -0.00147964 0.00709413 0.00388987 -0.00282458 -0.00164393 -0.00874645 -0.00752768 -0.0051771 0.00613818 0.00659957 0.00566596 -0.00119531 0.00118966 0.000605187 -1.93175e-05 -0.00599326 -0.00798708 -0.00636905 -0.00345436 0.00496296 0.00369547
internal_weight=29583 16538 13045 15616 8467 922 9445 4352 3986 4713 6171 5093 3026 2271 4578 2980 3754 4493 4147 3295 639 1449 346 1552 3115 2863 755 481 3644 1168
internal_count=29583 16538 13045 15616 8467 922 9445 4352 3986 4713 6171 5093 3026 2271 4578 2980 3754 4493 4147 3295 639 1449 346 1552 3115 2863 755 481 3644 1168
is_linear=0
shrinkage=0.03


Tree=13
num_leaves=31
num_cat=0
split_feature=0 12 0 12 7 13 8 12 0 9 0 4 14 0 14 12 9 2 0 4 12 9 4 8 8 14 12 9 7 14
split_gain=666.143 166.133 66.1817 34.6633 30.6994 29.9454 40.1224 28.1413 24.1598 19.8112 23.1204 16.7141 15.1444 14.8398 12.7207 12.5463 12.2398 12.0544 13.6962 11.4388 10.8809 10.737 12.3107 10.4047 10.2537 10.5138 10.1767 9.49779 9.4758 9.62937
threshold=1.1972287340268306 0.19397273475839419 1.0705231011257799 0.31749181592287107 0.080067099553778484 0.052251909899639341 4.0554175358757769 0.14725151041432663 46.498798076923087 0.017214421942214907 46.498798076923087 766.26273458480739 0.31615993784768598 1.8159274064938657 0.25609301125943468 -0.051371511695512233 0.045245511374807666 5.6216626817280524 1.3959264436517886 774.04005806081489 0.11170197752392765 0.16083504703489224 191.52068815792578 1.9130644606099367 1.1595887186518876 0.68167691801521191 0.08678042183499636 0.0065764796462273482 0.054677374964866139 0.4190869164274949
decision_type=10 2 10 2 10 2 10 2 10 8 10 10 2 10 2 2 10 10 10 10 2 8 8 10 10 2 2 10 8 2
left_child=2 5 15 9 -4 7 17 16 -5 -3 12 -10 -11 23 -9 -1 -2 18 24 -6 -8 22 -17 -14 -7 -26 -21 -19 29 -23
right_child=1 3 4 8 19 6 20 14 11 10 -12 -13 13 -15 -16 21 -18 27 -20 26 -22 28 -24 -25 25 -27 -28 -29 -30 -31
leaf_value=-0.0045580954092976711 -0.0027780025245269205 0.00032275522281082321 -4.8127507773120942e-05 0.0038390251445191929 -0.0005336916161376423 0.0014581614251901029 -0.0020121093944638867 0.002021910340072491 -0.0013776841451166207 0.0032111511842340744 -0.0015877586282472174 0.002757613399827912 0.0013487810709532557 0.0025563645691238693 -0.00014953596982794615 -0.00071520667983906961 -0.0006228875030314723 0.0022615069382998054 0.0022838013260899682 -0.0018568510249286911 -0.00024943466479571575 -0.0023213197074505088 -0.0014119264946356666 0.00037437270257696025 -9.3667095232436367e-05 0.0011594446558465719 -0.00070410789616879644 -0.0008430602737289054 -0.0011919735874284245 0.00028665787284105974
leaf_weight=1245 685 1319 1421 3785 853 361 426 167 201 502 128 337 1473 1919 2148 236 1109 42 940 1437 1001 62 3041 1203 902 411 1107 343 614 294
leaf_count=1245 685 1319 1421 3785 853 361 426 167 201 502 128 337 1473 1919 2148 236 1109 42 940 1437 1001 62 3041 1203 902 411 1107 343 614 294
internal_value=-0.000308956 0.00296552 -0.00647076 0.00542556 -0.0039033 -0.00016694 0.00154506 -0.00201095 0.00751041 0.00404736 0.00487658 0.00155844 0.00519321 0.00465078 0.00017487 -0.00872201 -0.00483008 0.003515 0.00424474 -0.00545174 -0.00259454 -0.00794138 -0.00876297 0.00320508 0.00261493 0.00138128 -0.00645972 -0.00143782 -0.00515963 -0.0012605
internal_weight=29712 19402 10310 10867 4818 8535 4426 4109 4323 6544 5225 538 5097 4595 2315 5492 1794 2999 2614 3397 1427 4247 3277 2676 1674 1313 2544 385 970 356
internal_count=29712 19402 10310 10867 4818 8535 4426 4109 4323 6544 5225 538 5097 4595 2315 5492 1794 2999 2614 3397 1427 4247 3277 2676 1674 1313 2544 385 970 356
is_linear=0
shrinkage=0.03


Tree=14
num_leaves=31
num_cat=0
split_feature=0 0 0 6 3 7 14 0 0 8 9 20 8 0 8 13 3 13 3 20 17 8 8 20 6 10 3 14 8 15
split_gain=645.496 96.8521 81.7258 41.3405 37.4836 31.0929 25.5316 23.2781 19.3737 23.6703 17.9231 14.9717 14.8085 13.9463 12.6762 11.6061 11.5026 10.8513 10.7251 10.4951 10.4707 9.32759 8.78603 9.31425 8.76551 8.39456 8.18401 10.4718 12.474 7.9583
threshold=1.2377531541453881 1.5608910163763616 1.0621863334736437 1.585933854247618 0.11467231647899305 0.081802939282435955 0.23961858283757959 95.446153846153848 2.5461914976865621 41.286945606663984 0.030654295777607515 0.88400274148420266 1.475478512346555 1.4102633841396104 1.1566433086171686 0.050064604467123554 0.42813912084778244 0.0054501382769728953 0.10849705157511756 0.73134075047179403 1.9823507676023684 1.2363096600484551 1.092036495123496 1.1465260318559409 0.064003632043448763 1.2748940064689551 0.0688468234389817 0.65281287337723237 2.5436357524389472 3.0677824455408698
decision_type=10 10 10 2 2 8 2 10 10 10 8 2 8 10 8 2 2 2 2 2 10 10 10 2 2 10 2 2 10 8
left_child=2 4 15 7 12 -4 -6 8 9 10 26 18 -2 -14 -8 29 19 -9 21 -16 -5 -7 23 -17 -11 -10 -3 28 -28 -1
right_child=1 3 5 20 6 11 14 17 25 24 -12 -13 13 -15 16 22 -18 -19 -20 -21 -22 -23 -24 -25 -26 -27 27 -29 -30 -31
leaf_value=-0.002242198937785224 0.0001973281584669076 -0.0008105305712497045 -5.886057961083907e-05 0.0030137439699404935 0.0023600002298797421 0.0004672005361446356 0.0015576531040131674 4.4978983834818364e-05 0.0021189602742010933 -0.0022776294969158654 0.0023079077955689715 -0.0014805127545784815 -0.0020741111575708635 -0.0002598627546259137 0.00066692308801643597 -0.0005067204139581927 0.0022533328005283262 -0.0014981215115206315 -0.00055696439402521585 -0.00018694834145685071 0.0056811517462121014 -0.0024046865430205535 -0.0019068824539142364 -0.0048625867911627728 0.00023942902005022747 0.0050363264374870169 -0.00043367571421824163 0.0026717711773312351 0.0015251320731902896 -0.001164503192156523
leaf_weight=1801 796 367 1837 3078 379 111 456 176 1346 302 1993 1725 707 596 2202 394 299 113 2345 2180 693 528 1371 94 656 771 467 240 197 1352
leaf_count=1801 796 367 1837 3078 379 111 456 176 1346 302 1993 1725 707 596 2202 394 299 113 2345 2180 693 528 1371 94 656 771 467 240 197 1352
internal_value=-0.0001897 0.00336053 -0.00572281 0.00524279 0.000789785 -0.00351459 0.00208809 0.00381506 0.00419479 0.00301918 0.00423583 -0.00480573 -0.00262143 -0.00458972 0.0015327 -0.00860563 0.00106685 -0.0045 -0.00351759 0.000677618 0.00775053 -0.00696094 -0.00671774 -0.00325153 -0.00112617 0.00653683 0.00145047 0.00298343 0.00103759 -0.00971623
internal_weight=29572 18014 11558 10399 7615 6546 5516 6628 6339 4222 3264 4709 2099 1303 5137 5012 4681 289 2984 4382 3771 639 1859 488 958 2117 1271 904 664 3153
internal_count=29572 18014 11558 10399 7615 6546 5516 6628 6339 4222 3264 4709 2099 1303 5137 5012 4681 289 2984 4382 3771 639 1859 488 958 2117 1271 904 664 3153
is_linear=0
shrinkage=0.03


Tree=15
num_leaves=31
num_cat=0
split_feature=0 0 12 8 3 0 8 14 0 8 0 15 0 17 15 3 15 8 13 0 12 13 4 12 13 10 3 15 14 14
split_gain=616.012 134.5 70.7537 29.3594 35.0997 25.5804 25.1935 20.5708 19.408 17.8059 16.4728 16.3394 16.0856 15.8796 13.2189 12.8944 13.7222 12.8899 13.3935 12.5129 12.1202 12.0322 16.2864 14.7288 11.6343 11.5636 10.6098 10.137 9.71622 12.8868
threshold=1.3213356815219448 1.096633408046997 0.30494223795343883 1.2275426651503909 0.21552246531516853 95.446153846153848 200.77065215478069 0.26289707616970176 1.7097756944815514 1.5072758776725819 0.98284064312657604 4.7050052835523761 46.498798076923087 2.6844859018881082 2.3502401828962087 0.12240184461817616 3.3842466058243152 1.1243356542607239 0.069621253702890559 1.1819670605331789 0.41926813066888619 0.051194119243081877 766.26273458480739 0.10139759561597296 0.099381973012808142 1.0820997514629547 0.10300992797013796 3.1984648276080736 0.3533782668275664 0.70527582991704463
decision_type=10 10 2 10 2 10 10 2 10 10 10 8 10 8 10 2 10 8 2 10 2 2 10 2 2 10 2 10 2 2
left_child=1 10 6 19 21 13 7 15 9 27 -1 17 25 -4 -11 16 -2 18 -12 -3 -7 -5 24 -24 -23 -10 -16 -9 -6 -30
right_child=2 3 5 4 28 20 -8 8 12 14 11 -13 -14 -15 26 -17 -18 -19 -20 -21 -22 22 23 -25 -26 -27 -28 -29 29 -31
leaf_value=-0.0017235358756984131 0.0022465419014979231 -0.00027884226476798728 0.0026510706922419081 -0.0018438401544901373 0.00085370748690700429 -0.0012600073256061981 -0.0016729338503390545 0.0014963992790361766 0.0011241126881217389 -0.00098201963406891108 -0.001423741443970369 0.00061423652163621761 -0.0015700741518382044 0.0064059236844895926 -0.00043859681212648881 0.0031315959652766256 -0.0017068606105249404 -0.0019265868959294529 0.00018610044864558146 0.00057198646037708327 0.0021179106608728835 -0.00064685687857491986 -0.0018487918318840213 -0.00012567174604608247 0.0020643183784461133 0.0025209602935410817 0.00070859575360886044 0.00029336119833503049 -0.00064963841949398861 0.00073971672789115953
leaf_weight=2780 88 1554 3188 1655 298 174 463 1330 1706 970 939 147 101 1107 911 399 50 2229 342 1279 287 129 948 545 146 1831 1723 993 897 437
leaf_count=2780 88 1554 3188 1655 298 174 463 1330 1706 970 939 147 101 1107 911 399 50 2229 342 1279 287 129 948 545 146 1831 1723 993 897 437
internal_value=-0.000276251 -0.00474836 0.00390517 -0.00212194 -0.00349189 0.00694345 0.00253691 0.00285064 0.00252927 0.00147014 -0.00796598 -0.00663887 0.00425392 0.00766411 0.000149792 0.00855948 0.000647482 -0.00704927 -0.00464509 0.000322865 0.000227273 -0.00521758 -0.0034935 -0.00472892 0.00320652 0.00459158 0.00125237 0.00351764 0.000128598 -0.000966292
internal_weight=29646 14325 15321 7888 5055 4756 10565 10102 9565 5927 6437 3657 3638 4295 3604 537 138 3510 1281 2833 461 3423 1768 1493 275 3537 2634 2323 1632 1334
internal_count=29646 14325 15321 7888 5055 4756 10565 10102 9565 5927 6437 3657 3638 4295 3604 537 138 3510 1281 2833 461 3423 1768 1493 275 3537 2634 2323 1632 1334
is_linear=0
shrinkage=0.03


Tree=16
num_leaves=31
num_cat=0
split_feature=12 20 12 20 4 7 12 6 13 14 13 8 8 12 20 20 4 14 8 9 17 20 13 8 9 7 11 11 12 14
split_gain=524.256 133.169 93.7806 67.2321 30.3827 27.6365 19.8586 19.1269 17.5973 19.5882 16.2908 21.7467 16.0595 16.0259 14.9863 14.5477 14.1236 12.5697 13.6294 12.5665 13.2332 12.1694 10.2992 11.0654 10.7998 9.82385 9.7665 9.29214 9.18208 9.02563
threshold=0.12348499878405407 0.00039431462807598927 0.25851309518657933 0.93310636504617162 2957.0165370328223 0.1519946446746516 0.1551424685005012 1.7130844097422635 0.046791452049311628 0.25609301125943468 0.059397822622468475 14.404878011166522 34.628428644031921 -0.04271284533457375 0.01062012229485306 0.79452447525355263 191.52068815792578 0.50488407060243967 1.1178591004362515 1.0000000180025095e-35 2.6844859018881082 0.84566477189134248 0.057678499920275871 5.55527495730166 0.046109105025071422 0.057905053573447739 8.4995382509978139 9.066585461665527 0.19001418887201996 0.77954770813034846
decision_type=2 2 2 2 8 10 2 2 2 2 2 10 10 2 2 2 10 2 10 8 8 2 2 10 8 10 2 2 2 2
left_child=3 4 6 5 -2 10 22 14 9 15 27 21 -10 -5 26 -8 -15 -18 -19 20 -16 -12 24 -24 -3 -23 -4 -1 -11 -14
right_child=1 2 7 13 -6 -7 8 -9 12 28 11 -13 29 16 19 -17 17 18 -20 -21 -22 25 23 -25 -26 -27 -28 -29 -30 -31
leaf_value=0.00046159420596832926 0.00025223655350064487 -0.001851392410182373 -0.0015318883057333877 -0.0042564346811621396 -0.0010478080143893225 -0.0021360911815039569 0.0025577235670520026 0.0036527840947168434 0.0015930471008576811 -0.00023355016132247246 0.00055634654167981926 -0.0017282767628487741 -0.0018865069439792212 -0.0001823557407308421 -0.00061785527605278615 -0.0003582987663665323 -0.0020113096049579251 -0.00044651793448072832 -0.0022984520747464021 0.0022116722319624176 0.0090683144331451335 0.00099767756878866003 0.0010289240621525789 -0.00091452896880002985 -5.1985708642384964e-05 -0.00055602263297510992 0.00077566773589412402 -0.0010118705208395683 0.00060485095133831085 0.00071779779470524979
leaf_weight=227 257 548 87 1359 659 1774 351 2607 2218 1725 1170 542 136 285 308 100 1252 398 1297 3479 57 257 932 375 1168 980 144 1742 2936 229
leaf_count=227 257 548 87 1359 659 1774 351 2607 2218 1725 1170 542 136 285 308 100 1252 398 1297 3479 57 257 932 375 1168 980 144 1742 2936 229
internal_value=-0.000332939 0.00280068 0.00338774 -0.00541962 -0.00834242 -0.00350067 0.00164847 0.00617687 0.00245777 0.00143751 -0.00234194 -0.000930508 0.00447562 -0.00821537 0.00489082 0.00740044 -0.00706155 -0.00767809 -0.00598762 0.0053368 4.09836e-05 0.000292774 -0.000411706 0.00159404 -0.00193943 -0.0017811 -0.00252155 -0.00445431 0.000859073 -0.00135246
internal_weight=29599 18316 17400 11283 916 6692 10718 6682 7695 5112 4918 2949 2583 4591 4075 451 3232 2947 1695 3844 365 2407 3023 1307 1716 1237 231 1969 4661 365
internal_count=29599 18316 17400 11283 916 6692 10718 6682 7695 5112 4918 2949 2583 4591 4075 451 3232 2947 1695 3844 365 2407 3023 1307 1716 1237 231 1969 4661 365
is_linear=0
shrinkage=0.03


Tree=17
num_leaves=31
num_cat=0
split_feature=0 0 0 6 3 7 3 14 0 0 8 17 9 0 8 13 4 13 8 3 13 9 15 4 2 8 0 0 14 2
split_gain=548.709 84.8302 79.3106 40.3338 29.1027 25.2294 24.0167 20.2334 18.9999 23.5329 17.3253 15.4499 13.0397 12.4288 12.008 13.9227 11.9455 11.9301 11.8704 11.2122 11.1827 10.0702 9.92183 9.82675 9.63687 9.39635 9.09578 11.0675 9.07755 9.0742
threshold=1.2377531541453881 1.4776290872350797 1.0705231011257799 1.838287645687646 0.11467231647899305 0.083333610340914563 0.14620401060293356 0.23961858283757959 95.446153846153848 2.6049838734176016 6.6876600032640869 0.39729819212444067 0.024213383549321055 1.1166887869548383 5.2550473933281774 0.059397822622468475 560.03379590290103 0.045095948447942853 1.4819053620009381 0.22772165829981747 0.0058300425387644546 1.0000000180025095e-35 3.0677824455408698 612.65418981643018 4.536879875718685 1.0948037997423621 2.1466039531358034 46.498798076923087 0.60590623241958974 6.5711340050211362
decision_type=10 10 10 2 2 10 2 2 10 10 8 8 10 10 10 2 8 2 8 2 2 8 8 8 10 8 10 10 2 8
left_child=2 4 17 6 18 -4 8 -6 9 10 12 21 -3 -7 15 16 -9 22 -2 -15 -10 28 -1 -23 -17 -19 -5 -28 -8 -14
right_child=1 3 5 26 7 13 11 14 20 -11 -12 -13 29 19 -16 24 -18 25 -20 -21 -22 23 -24 -25 -26 -27 27 -29 -30 -31
leaf_value=-0.0019511851617575033 -5.5412117201114052e-05 -0.00040583664979066498 -2.674496191339873e-05 0.0021712979480678174 0.0020141907221860713 -0.0014502744290033429 -0.0019268645980277631 0.0023303227674695368 -0.0001622860964000209 0.0024821278388563765 -0.00050583678734413007 0.0031563440695445426 -0.00089154078947559223 -0.0011402867334529242 -0.00063973845603402548 0.0011748840489396977 -0.00012108090521601001 -0.0010405190053296082 -0.001574091506226332 -0.00011918502830434455 -0.0014824287619121601 -0.00056836796649116115 -0.0010367363220767922 0.0017244268028077296 -0.001143113492584568 -0.0016285064068774376 0.0049318123201693665 0.001353344621357557 0.0027588014013564836 0.0016203313497997237
leaf_weight=1867 684 493 1797 1618 315 1121 110 172 180 1729 1517 1504 95 2330 981 1154 1811 569 963 999 118 203 1425 1129 162 1606 1497 267 68 1195
leaf_count=1867 684 493 1797 1618 315 1121 110 172 180 1729 1517 1504 95 2330 981 1154 1811 569 963 999 118 203 1425 1129 162 1606 1497 267 68 1195
internal_value=-0.000334063 0.00295976 -0.0053854 0.00446392 0.000134551 -0.00307538 0.00334272 0.00136097 0.00213119 0.00256759 0.00108149 0.00548259 0.00308576 -0.00428668 0.000819902 0.00168636 9.82863e-05 -0.00802396 -0.0032858 -0.00336486 -0.00521739 0.00333554 -0.0091649 0.00423106 0.00407745 -0.00629366 0.00722731 0.00871955 -0.00335196 0.0046708
internal_weight=29679 17965 11714 11723 6242 6247 8341 4595 5327 5029 3300 3014 1783 4450 4280 3299 1983 5467 1647 3329 298 1510 3292 1332 1316 2175 3382 1764 178 1290
internal_count=29679 17965 11714 11723 6242 6247 8341 4595 5327 5029 3300 3014 1783 4450 4280 3299 1983 5467 1647 3329 298 1510 3292 1332 1316 2175 3382 1764 178 1290
is_linear=0
shrinkage=0.03


Tree=18
num_leaves=31
num_cat=0
split_feature=12 20 12 12 13 6 4 8 13 8 16 9 14 13 14 20 20 7 8 20 14 20 7 12 7 10 9 9 16 20
split_gain=442.594 128.825 77.0712 74.664 32.0146 29.5377 29.275 23.1977 22.516 17.2607 16.1832 15.4375 15.0537 14.1492 13.5434 15.299 12.3043 12.1175 11.8639 11.8057 11.6394 11.2719 10.846 10.1303 9.89287 9.30445 9.18492 8.93433 8.9162 8.89272
threshold=0.13071718184432071 0.00039431462807598927 0.2245031083962408 0.045544698554341963 0.057678499920275871 1.585933854247618 2957.0165370328223 13.592242899052239 0.041806246821104738 53.124934602863654 0.25723900418894075 0.015607635932383889 0.24838286822415781 0.038524762617363241 0.76702188680124284 0.588892666166562 0.73134075047179403 0.076937505591728295 10.252240042950637 0.84566477189134248 0.77954770813034846 0.021721105527638195 0.057905053573447739 0.32120368812158434 0.15955447750681648 1.8044495926048176 0.11442793517277525 0.0092517436267436307 -0.14003269448916286 0.72889810453806791
decision_type=2 2 2 2 2 2 8 10 2 10 10 10 2 2 2 2 2 8 10 2 2 2 10 2 10 10 10 10 8 2
left_child=3 6 8 13 17 10 27 19 11 14 28 -3 -13 -1 15 -10 -14 -5 -15 24 -11 -12 -21 -7 26 -26 -6 -2 -4 -9
right_child=1 2 5 4 7 23 -8 29 9 20 21 12 16 18 -16 -17 -18 -19 -20 22 -22 -23 -24 -25 25 -27 -28 -29 -30 -31
leaf_value=-0.002922255535584319 -0.001132753952481892 -0.0014704566867718457 -0.0015575049237660161 -0.00029906941405343461 0.0011226640652886157 0.0019372877950326528 -0.00098527168429533916 -0.00019005681465974556 0.002778189188303234 -0.0031012044432711531 -0.0009413519334149933 0.0014581487967667173 0.0004895693773843959 -0.001472036051550973 0.0026707408991616254 0.00047426204318536043 -0.00042884583353390365 -0.0013982647187981093 -0.0052760308586645684 0.00083793796761497434 0.00015753269928238403 0.0024600132688886492 -0.0006554510206504986 0.004163912671051863 -0.0027658197167099783 0.0016299506585652345 -2.4045975629352725e-05 0.0014710505269564672 0.0010870353409784253 -0.0020621375522621409
leaf_weight=2170 62 776 63 772 841 1576 649 248 520 131 117 372 1834 1962 427 2031 1508 3078 304 259 279 1941 1015 2042 143 53 562 193 3060 617
leaf_count=2170 62 776 63 772 841 1576 649 248 520 131 117 372 1834 1962 427 2031 1508 3078 304 259 279 1941 1015 2042 143 53 562 193 3060 617
internal_value=-0.000329832 0.00270362 0.00330165 -0.00476507 -0.00295691 0.00523125 -0.00832044 -0.000978871 0.00114608 0.00299203 0.0037775 -0.000247161 0.000557201 -0.00785666 0.00378651 0.0029565 -8.07658e-05 -0.00487666 -0.00619321 0.000318372 -0.00277372 0.00584264 -0.00183529 0.00731141 0.00203437 -0.00426396 0.00291667 0.000292969 0.00241517 -0.00528291
internal_weight=29605 17581 16677 12024 7588 8799 904 3738 7878 3388 5181 4490 3714 4436 2978 2551 3342 3850 2266 2873 410 2058 1274 3618 1599 196 1403 255 3123 865
internal_count=29605 17581 16677 12024 7588 8799 904 3738 7878 3388 5181 4490 3714 4436 2978 2551 3342 3850 2266 2873 410 2058 1274 3618 1599 196 1403 255 3123 865
is_linear=0
shrinkage=0.03


Tree=19
num_leaves=31
num_cat=0
split_feature=20 20 20 20 4 6 7 14 20 7 16 15 9 7 11 20 14 5 11 20 20 9 4 13 13 20 7 9 13 13
split_gain=388.508 126.178 85.2178 70.9619 33.5666 33.427 25.3746 20.4086 18.5008 17.3942 16.8892 12.5885 12.4671 12.4044 11.3337 11.1428 10.9771 10.8833 14.1586 10.7152 9.92915 9.68686 9.61455 10.1848 9.19615 8.55604 11.2979 8.39436 8.27855 8.64929
threshold=0.80776850080643081 0.00039431462807598927 0.65617516391617248 0.94039263576620802 2735.2448858316161 1.7514645255078785 0.087367985969102585 0.24838286822415781 0.01062012229485306 0.13206009822049594 0.25723900418894075 4.7273486598447958 0.016742102850304325 0.42888257205671382 10.810061225888072 0.90803251903937909 0.2885443022640492 0.98222187104930481 10.149546528230038 0.71640298676133563 1.0382466374746684 0.054235805098685426 766.26273458480739 0.093681477448735839 0.0031732228375630496 0.53376247113104325 0.14582963864160278 0.042759249507686406 0.057678499920275871 0.14789153725231555
decision_type=2 2 2 2 8 2 10 2 2 10 10 8 8 10 2 2 2 8 2 2 2 8 8 2 2 2 10 8 2 2
left_child=1 4 5 6 -1 8 -2 -4 24 14 12 20 13 -10 28 22 -12 -14 25 -11 -5 -18 23 -8 -3 -19 -27 -24 -9 -30
right_child=3 2 7 11 -6 -7 15 9 10 19 16 -13 17 -15 -16 -17 21 18 -20 -21 -22 -23 27 -25 -26 26 -28 -29 29 -31
leaf_value=0.00055554038441753457 -3.0865416529725387e-05 1.5491389667346422e-07 0.0014661018197466124 -0.0017235121268286779 -0.00095571353376647911 0.0030472470478960741 -0.00032202224630911225 0.0001980273313144236 -0.00037139167165387314 0.00018484893986415993 0.0045870253925499481 -0.00025809356821609482 -0.00036019297488567616 0.0050777370296420351 -0.00018879523070463463 -0.0016160489144682053 0.0012458478891292021 0.0017681104819117545 0.0019288968185905816 -0.00073852626083392497 -0.004019185916674153 0.0032419843002969139 -0.0016551628268428008 0.0020020429447675293 -0.0014661762676663327 0.0040629089068786517 -0.00052243826935472002 -0.00065293552802613594 0.0016147537446586507 -0.00029107131344377062
leaf_weight=254 2112 163 425 2572 690 3309 641 575 1141 1737 220 233 373 104 743 869 1258 1050 1465 2565 1431 793 840 91 102 164 596 2019 768 177
leaf_count=254 2112 163 425 2572 690 3309 641 575 1141 1737 220 233 373 104 743 869 1258 1050 1465 2565 1431 793 840 91 102 164 596 2019 768 177
internal_value=-0.000319528 0.00230065 0.00286987 -0.00484596 -0.00838095 0.00454791 -0.00289366 0.000291804 0.00343001 -0.000121078 0.00371807 -0.0078735 0.00272477 0.000132424 0.00200751 -0.00417619 0.00585607 0.00360921 0.00416209 -0.00124099 -0.00826798 0.00516813 -0.0034368 -0.000368349 -0.00434211 0.00238542 -3.94218e-05 -0.00422203 0.00349112 0.0052167
internal_weight=29480 18672 17728 10808 944 10738 6572 6990 7429 6565 7164 4236 4893 1245 2263 4460 2271 3648 3275 4302 4003 2051 3591 732 265 1810 760 2859 1520 945
internal_count=29480 18672 17728 10808 944 10738 6572 6990 7429 6565 7164 4236 4893 1245 2263 4460 2271 3648 3275 4302 4003 2051 3591 732 265 1810 760 2859 1520 945
is_linear=0
shrinkage=0.03


Tree=20
num_leaves=31
num_cat=0
split_feature=0 12 0 6 8 13 14 7 0 20 14 12 12 7 12 13 5 14 10 15 12 16 8 15 7 4 7 10 0 1
split_gain=477.018 87.4026 79.72 28.6104 23.785 27.3174 22.6832 22.0752 18.0373 19.5699 19.4159 17.9639 17.7424 15.8059 15.6242 14.9646 11.6592 11.5844 10.9159 10.6785 14.1398 10.561 10.3497 9.40984 9.26313 17.0165 8.93692 12.7006 8.53715 11.2405
threshold=1.2377531541453881 0.21225048776937563 1.0705231011257799 2.289863749990583 5.2550473933281774 0.057678499920275871 0.28239317693402188 0.087367985969102585 46.498798076923087 0.41510659582965437 0.65281287337723237 0.10259045597910001 0.14466611543379762 0.33645888450979838 0.14855466168338707 0.035322458591807424 0.34973104285962181 0.24838286822415781 1.1880745050283823 2.8617925509761908 0.49436492141671501 0.46221934855668412 1.0948037997423621 1.8688348091416842 0.15955447750681648 774.04005806081489 0.15642497995562812 0.828403881483745 0.99402777423555622 0.53694939934473984
decision_type=10 2 10 2 10 2 2 10 10 2 2 2 2 10 2 2 10 2 10 8 2 10 8 10 10 10 10 10 10 8
left_child=2 4 15 6 5 14 -3 -4 9 18 -11 24 -6 -10 -2 19 26 -16 -8 20 -1 -12 -17 -14 25 -9 -7 -28 -21 -30
right_child=1 3 7 -5 12 16 8 11 13 10 21 -13 23 -15 17 22 -18 -19 -20 28 -22 -23 -24 -25 -26 -27 27 -29 29 -31
leaf_value=-0.0021940109960621765 -0.00083452452413304535 0.0031968229615835331 -2.4053020325640292e-05 0.0034739946372724317 -0.001663409561544181 0.001481254577022398 0.0017196555826787955 0.00060665717672034921 -0.0012831084143451609 0.00012932939945922692 0.0013738122253630545 -0.00027594831077744429 -0.0022064414109470368 0.0016559022309086888 0.0022184019568506205 -0.00081890977494236781 -4.0880121328112916e-06 0.0001485699355934887 0.0039929346307074507 -0.00092982093060266268 0.002574009213134343 0.0039809659228434843 -0.0015374548462679038 0.00034031941032757038 -0.0024934852282002249 -0.0011921523705876076 -0.0024721189065501263 0.0015301666683925168 -0.0019613341777181144 0.00065125981219407237
leaf_weight=1404 997 531 1980 2289 1056 1740 1442 283 229 1961 1436 1686 227 205 177 655 541 1860 1054 913 82 320 1778 1530 794 1479 85 221 534 45
leaf_count=1404 997 531 1980 2289 1056 1740 1442 283 229 1961 1436 1686 227 205 177 655 541 1860 1054 913 82 320 1778 1530 794 1479 85 221 534 45
internal_value=-0.000354495 0.00271897 -0.00508381 0.0046974 0.000497925 0.00162487 0.00376515 -0.00276715 0.00328745 0.00370051 0.0023198 -0.00398774 -0.00175373 -0.00262069 -0.000306425 -0.00774667 0.0038891 0.00119971 0.00575491 -0.00917422 -0.00736382 0.00461013 -0.0059963 9.38567e-05 -0.00557294 -0.00435621 0.00492428 0.00019544 -0.0109712 -0.00809483
internal_weight=29534 17901 11633 9467 8434 5621 7178 6222 6647 6213 3717 4242 2813 434 3034 5411 2587 2037 2496 2978 1486 1756 2433 1757 2556 1762 2046 306 1492 579
internal_count=29534 17901 11633 9467 8434 5621 7178 6222 6647 6213 3717 4242 2813 434 3034 5411 2587 2037 2496 2978 1486 1756 2433 1757 2556 1762 2046 306 1492 579
is_linear=0
shrinkage=0.03


Tree=21
num_leaves=31
num_cat=0
split_feature=12 20 12 12 6 4 13 13 8 8 12 12 14 9 9 20 20 15 14 13 4 14 20 10 9 20 15 9 17 10
split_gain=407.622 109.798 100.695 36.9671 29.8841 29.8591 25.3436 22.7549 22.475 21.8965 17.233 16.7803 12.5393 11.241 11.1687 10.8213 9.60538 8.85693 8.77223 8.76463 9.84818 8.67151 9.49084 9.56256 8.62125 8.55963 8.47839 8.34468 8.15649 8.11079
threshold=0.10139759561597296 0.00039431462807598927 0.21225048776937563 -0.024424772397467539 0.58701934179549686 2957.0165370328223 0.057678499920275871 0.047837687519674522 5.7288153140666394 12.287720259691678 0.35688351644630428 0.14855466168338707 0.25609301125943468 0.0025046752417442089 0.05537522069647479 0.01062012229485306 0.052664861986331767 4.7050052835523761 0.76702188680124284 0.029103677741438468 1276.118704262183 0.31615993784768598 0.50042227561814967 1.2199480592215382 0.053382288406882729 0.58491431499642099 3.7726948748059121 0.0092517436267436307 0.16972311489824091 1.5887817714446231
decision_type=2 2 2 2 2 8 2 2 10 10 2 2 2 8 8 2 2 8 2 2 8 2 2 10 10 2 8 10 8 10
left_child=3 5 6 -1 15 27 11 -5 18 17 13 -3 28 19 29 -4 -15 -9 25 20 -6 26 23 24 -23 -8 -18 -2 -13 -12
right_child=1 2 4 7 10 -7 8 9 -10 -11 14 12 -14 16 -16 -17 21 -19 -20 -21 -22 22 -24 -25 -26 -27 -28 -29 -30 -31
leaf_value=-0.003327101228522839 -0.001025147394775554 -0.00065422853837813013 -0.0010887870118423662 -0.0015808769115477962 0.0012448831831107369 -0.00089914749983540483 0.0036627456464377304 -0.00062434248356933438 -0.00029170414345075979 -0.0028445273933337279 0.0021810405509164444 -0.00064003234030726513 -1.2391292236383632e-05 -0.001048223418345887 0.0063596003107091285 0.00086619256174347303 0.0030192600365047052 0.0014975566357002725 0.002838463923671734 0.0029480822956286954 -0.0028342459334154547 0.00055729824958239242 0.001186859685004303 0.0035081179913456122 0.0034805695392962905 0.00059096042963939792 -0.00023448224860592095 0.0015823464871720892 0.0020145966436505339 0.0040104259104994603
leaf_weight=1688 71 2474 90 3308 76 664 290 3181 1276 688 1178 64 3230 129 809 2442 364 103 236 44 109 436 2220 851 179 2139 56 189 246 661
leaf_count=1688 71 2474 90 3308 76 664 290 3181 1276 688 1178 64 3230 129 809 2442 364 103 236 44 109 436 2220 851 179 2139 56 189 246 661
internal_value=-0.000274142 0.00205735 0.00253393 -0.00560932 0.00471851 -0.00804324 0.000417336 -0.00468068 0.00228691 -0.00314875 0.00571489 -0.00080798 0.000516803 0.00457559 0.00763307 0.00191867 0.00492564 -0.00212785 0.00385409 -0.0018913 -0.00475806 0.00517896 0.00471115 0.00658487 0.00372565 0.00331481 0.00926366 0.000574713 0.0062701 0.00633424
internal_weight=29491 20523 19599 8968 9644 924 9955 7280 3941 3972 7112 6014 3540 4464 2648 2532 4235 3284 2665 229 185 4106 3686 1466 615 2429 420 260 310 1839
internal_count=29491 20523 19599 8968 9644 924 9955 7280 3941 3972 7112 6014 3540 4464 2648 2532 4235 3284 2665 229 185 4106 3686 1466 615 2429 420 260 310 1839
is_linear=0
shrinkage=0.03


Tree=22
num_leaves=31
num_cat=0
split_feature=0 12 0 8 13 7 0 12 12 9 12 17 7 20 12 2 0 15 12 13 9 4 16 11 7 16 14 9 0 14
split_gain=459.571 105.103 46.7981 25.1338 28.3178 21.7808 20.7248 24.4863 18.5664 17.0572 16.9511 13.5567 13.3002 13.2682 12.7924 12.1708 12.2581 11.8043 16.7187 13.1363 11.1716 10.6234 10.5654 10.3939 14.2473 10.2288 11.655 10.1838 9.44232 9.36063
threshold=1.1848955707775068 0.21225048776937563 1.0164117925450027 5.2550473933281774 0.070831533610217573 0.083333610340914563 95.446153846153848 0.33381169300942531 0.1563576893431389 0.029611855943704326 0.14600161059355979 3.0937951317496952 0.3992101321182534 0.50042227561814967 0.10259045597910001 6.4423727219655662 1.3464270960322342 3.0201273556387074 0.49436492141671501 0.066390539335636142 0.034612199611375391 1047.9035483995633 0.2209972785889299 11.091216632590715 0.14382612000083908 -0.12073718189338688 0.28239317693402188 0.016742102850304325 1.7210634924282886 0.20057413619283296
decision_type=10 2 10 8 2 10 10 2 2 8 2 8 10 2 2 10 10 8 2 2 10 10 10 2 10 10 2 8 10 2
left_child=2 3 17 4 10 -4 7 9 -5 -3 20 27 -8 -11 21 16 23 18 -1 -19 -2 -7 -18 24 -6 -15 -27 -9 -17 -12
right_child=1 6 5 8 15 14 12 11 -10 13 29 -13 -14 25 -16 28 22 19 -20 -21 -22 -23 -24 -25 -26 26 -28 -29 -30 -31
leaf_value=-0.0020322730225875527 -0.0017748953844211831 0.00062918061648497788 -0.00038551261759230305 -0.0015389143652007797 0.0010059061884857749 -0.0011067284105117127 -0.0010940437091208769 0.0011641744732394893 7.9268372613020138e-05 0.0030807375938015809 0.0018534710045161453 0.0060830994435844329 0.0018961342352826521 -0.00082878368764841318 -0.0002881353068703042 -0.0010067239242209593 0.0023392593853832312 -0.00088975682011031398 0.0041099281241905707 -0.0015906641638622574 -0.0003533254161986479 -0.0016120233132350277 0.00089419557519826855 -0.00060209670607801907 -0.001597795401111708 0.0026397407697120092 0.0012048453585444588 0.0032271127711175308 0.0047264969204870175 0.00021720200312642961
leaf_weight=1894 422 2068 2289 1588 732 1230 337 814 1586 1121 138 880 227 171 834 223 881 1176 85 442 1486 1789 309 215 169 243 2009 1713 42 2519
leaf_count=1894 422 2068 2289 1588 732 1230 337 814 1586 1121 138 880 227 171 834 223 881 1176 85 442 1486 1789 309 215 169 243 2009 1713 42 2519
internal_value=-0.000360409 0.00225369 -0.00569969 0.000151295 0.00113913 -0.00410711 0.00451534 0.00486419 -0.00206929 0.00364511 -0.000279238 0.0068706 -0.00106195 0.00490832 -0.00548391 0.00365669 0.00435631 -0.00841718 -0.00685606 -0.0103212 -0.00243583 -0.00639238 0.00647355 0.0020949 0.00350887 0.00365718 0.00419441 0.0057496 -0.00242481 0.00126975
internal_weight=29632 19893 9739 10310 7136 6142 9583 9019 3174 5612 4565 3407 564 3544 3853 2571 2306 3597 1979 1618 1908 3019 1190 1116 901 2423 2252 2527 265 2657
internal_count=29632 19893 9739 10310 7136 6142 9583 9019 3174 5612 4565 3407 564 3544 3853 2571 2306 3597 1979 1618 1908 3019 1190 1116 901 2423 2252 2527 265 2657
is_linear=0
shrinkage=0.03


Tree=23
num_leaves=31
num_cat=0
split_feature=0 0 12 8 12 0 8 0 6 9 0 15 0 9 14 16 15 12 13 13 0 8 14 12 9 13 13 14 9 15
split_gain=428.016 116.493 39.4438 25.7575 22.1275 19.8822 16.8232 18.6422 16.035 13.4491 14.0833 13.1217 12.6049 12.3404 11.9523 13.1255 11.5736 16.0735 11.3706 10.3989 10.3446 10.2857 10.2354 10.2289 10.6374 14.275 10.0867 10.1365 9.88474 11.3469
threshold=1.3582993395984493 1.096633408046997 0.31749181592287107 1.2363096600484551 0.10139759561597296 0.96478991205569009 46.344994096059459 1.9375277152507659 1.585933854247618 0.040697153792311272 28.257575757575761 4.7273486598447958 95.446153846153848 0.054235805098685426 0.27735230725343796 0.010781853940238688 3.0201273556387074 0.49436492141671501 0.052251909899639341 0.066390539335636142 1.1908479570236505 10.252240042950637 0.23961858283757959 0.20932959709088197 0.048318937975179867 0.029954328597561062 0.073876443037184672 0.43636637842316917 0.082584343007875261 2.6735537653587347
decision_type=10 10 2 8 2 10 10 10 2 10 10 8 10 8 2 10 8 2 2 2 10 8 2 2 10 2 2 2 8 10
left_child=1 5 6 20 -5 16 7 14 12 -9 -11 21 -4 -10 15 -2 17 -1 28 -18 -3 -7 -6 24 25 -24 27 -8 29 -16
right_child=2 3 8 4 22 11 26 9 13 10 -12 -13 -14 -15 18 -17 19 -19 -20 -21 -22 -23 23 -25 -26 -27 -28 -29 -30 -31
leaf_value=-0.0022666051149192474 -0.00049655966597721883 -0.00019081376154100969 0.0020731098442442961 -0.001533957866844565 0.0010309990916676625 -0.0011670563844482173 0.0017338006953468376 0.0013529959764309615 0.0025259248173769558 0.0039216713134327163 -0.0014176449031087324 0.00067889477329256939 -0.0006235637623488088 0.0051576764909118744 -0.00068363345695329769 0.0026170863552092251 -0.00084825917308621113 0.0034854857829939492 0.00095934920915453914 -0.0013346276257233756 0.00046399394457127455 -0.0036936014148016842 -0.0018661217712060215 0.00068793954469394244 -0.00024313096198726956 -0.00017242574830981502 -0.0011544932922172302 0.00010608655396999206 0.00073138194595492065 0.00051445619088322486
leaf_weight=1208 70 1742 2048 2147 215 3448 127 1161 1332 859 62 156 227 721 1245 325 838 85 2317 285 1373 400 657 384 1937 448 618 898 1126 1187
leaf_count=1208 70 1742 2048 2147 215 3448 127 1161 1332 859 62 156 227 721 1245 325 838 85 2317 285 1373 400 657 384 1937 448 618 898 1126 1187
internal_value=-0.000382501 -0.00386746 0.00334578 -0.00164589 -0.0028295 -0.00694752 0.00230942 0.00285526 0.00573805 0.00531445 0.00802061 -0.00564794 0.00400044 0.00766066 0.00203795 0.00708333 -0.00909806 -0.00715224 0.00169758 -0.0113301 0.000553594 -0.00599376 -0.00140445 -0.00180333 -0.0023858 -0.00473327 -0.000465328 0.00135965 0.0006322 -0.000443896
internal_weight=29646 15323 14323 8903 5788 6420 9995 8352 4328 2082 921 4004 2275 2053 6270 395 2416 1293 5875 1123 3115 3848 3641 3426 3042 1105 1643 1025 3558 2432
internal_count=29646 15323 14323 8903 5788 6420 9995 8352 4328 2082 921 4004 2275 2053 6270 395 2416 1293 5875 1123 3115 3848 3641 3426 3042 1105 1643 1025 3558 2432
is_linear=0
shrinkage=0.03


Tree=24
num_leaves=31
num_cat=0
split_feature=0 12 0 12 13 7 0 0 9 9 0 7 10 17 2 7 12 4 14 7 4 13 5 0 13 0 3 11 5 9
split_gain=391.889 97.6995 53.8778 28.3745 20.0698 19.9363 16.7676 16.2428 16.4755 15.5211 15.4746 15.0718 15.8183 14.5431 14.2527 13.5042 12.6181 12.4617 12.2383 12.0233 11.9652 11.8874 11.8612 11.0404 10.2639 11.6265 10.3786 10.7325 10.2521 10.0752
threshold=1.1848955707775068 0.16739922899376672 1.0164117925450027 0.3245280504464399 0.058320520873678248 0.083333610340914563 46.498798076923087 28.257575757575761 0.016734034538696121 0.030232996120123035 1.8737584575377431 0.15739529108397105 1.7231967159743045 2.6844859018881082 5.4427196681099037 0.30179049260442065 0.082768146757525876 1054.25136598981 0.27735230725343796 0.16498809055302777 766.26273458480739 0.035322458591807424 0.80673457838143758 1.0621863334736437 0.19280385077913953 1.4153988910093622 0.11369758380940388 11.091216632590715 0.47080136402387046 0.075805452978725582
decision_type=10 2 10 2 2 10 10 10 8 10 10 10 10 8 10 8 2 10 2 10 10 2 10 10 2 10 2 2 8 10
left_child=2 4 21 7 9 23 13 8 19 -2 18 14 -13 15 24 -5 17 -7 -10 -3 -8 -1 -17 -4 25 26 -6 -28 -12 -29
right_child=1 3 5 6 11 16 20 -9 10 -11 28 12 -14 -15 -16 22 -18 -19 -20 -21 -22 -23 -24 -25 -26 -27 27 29 -30 -31
leaf_value=-0.0012368479299857491 -0.0020460855598838806 0.0012724153229282352 -0.00092025894526711531 0.0032235877750198478 -0.0005406168226859304 -0.0010573359893994556 -0.0011367891927742803 -0.0013300880857652496 0.0016964005682475443 -0.00035655283989310152 -0.0031440998024799094 -0.0018391982327490633 0.0017422275105167416 0.0057680946668546163 -0.0011742365195068817 0.0013012930491207019 -0.00041233627312770878 -0.0016392512233017926 0.0006285584496558027 -0.00036532271267333279 0.001929433806774564 -0.001364291463966934 -0.001152777888626895 2.3477072413432691e-05 -0.0012121576923449229 0.0017788986715415794 0.00080054812750824831 0.00091588671824518737 0.0022497430959161767 -0.00068431234091905554
leaf_weight=2101 927 271 769 1237 378 1014 188 186 461 2277 69 533 145 949 373 1346 1440 1461 4486 1378 332 1521 41 1505 243 574 1042 115 2163 157
leaf_count=2101 927 271 769 1237 378 1014 188 186 461 2277 69 533 145 949 373 1346 1440 1461 4486 1378 332 1521 41 1505 243 574 1042 115 2163 157
internal_value=-0.000336556 0.0020856 -0.00524205 0.00359666 -0.000842572 -0.00354039 0.00566805 0.00265557 0.00284064 -0.00256474 0.0034617 0.000707666 -0.0033137 0.00640039 0.00165453 0.00524571 -0.00483784 -0.00613691 0.00252526 0.000136364 0.000633397 -0.00814794 0.00320965 -0.00130549 0.00246813 0.0030966 0.00184288 0.00310266 0.00553515 -0.0021978
internal_weight=29682 19871 9811 13107 6764 6189 4093 9014 8828 3204 7179 3560 678 3573 2882 2624 3915 2475 4947 1649 520 3622 1387 2274 2509 2266 1692 1314 2232 272
internal_count=29682 19871 9811 13107 6764 6189 4093 9014 8828 3204 7179 3560 678 3573 2882 2624 3915 2475 4947 1649 520 3622 1387 2274 2509 2266 1692 1314 2232 272
is_linear=0
shrinkage=0.03


Tree=25
num_leaves=31
num_cat=0
split_feature=0 12 0 6 13 14 7 0 0 14 7 12 10 12 7 13 12 9 7 0 13 13 4 10 1 12 14 13 4 5
split_gain=379.51 87.2329 53.8321 27.9079 26.0297 20.2496 17.9373 17.745 20.0015 17.6538 17.2396 16.2588 14.2327 14.05 16.2324 14.5405 13.5236 12.0441 17.616 11.91 10.6938 10.6788 11.3933 9.3202 9.12714 13.4834 9.00513 8.57421 8.55669 8.4817
threshold=1.1848955707775068 0.19262303302448738 1.0164117925450027 2.4250976473766497 0.052251909899639341 0.2885443022640492 0.087367985969102585 46.498798076923087 2.5461914976865621 0.26289707616970176 0.38592235652618578 0.12473856050257216 1.2674819707891813 0.13992981669643537 0.15832212886102529 0.15819968496347767 0.082768146757525876 0.036651516507386295 0.30179049260442065 1.607303803625608 0.035322458591807424 0.1433336003598408 1018.858336062273 2.1275334899717406 0.034683239775461068 0.49436492141671501 0.48095269479306918 0.15481290687853025 1054.25136598981 0.94775025278058667
decision_type=10 2 10 2 2 2 10 10 10 2 10 2 10 2 10 2 2 8 10 10 2 2 8 10 8 2 2 2 10 8
left_child=2 4 20 5 9 -3 26 8 17 -2 -9 -11 -10 14 21 -16 28 -7 19 -19 24 -6 -23 -20 25 -1 -4 -28 -8 -15
right_child=1 3 6 -5 13 7 16 10 12 11 -12 -13 -14 29 15 -17 -18 18 23 -21 -22 22 -24 -25 -26 -27 27 -29 -30 -31
leaf_value=-0.0019929657262897928 0.0010234893717258958 0.0025612682056906466 -0.00057757968272498087 0.0029593894981815938 0.00051846289098697118 -4.161155775887562e-06 -0.001258442585516306 -0.0011784098480680885 0.0013594051913906784 -0.0017175554289115221 0.0018065585698595248 -0.00045378539646721464 0.0039431584637745903 -0.00028575521349861213 -0.0023198832703884968 0.0045339435877407479 -0.00042108359138289398 0.00064829492159440734 -0.00074273306085242345 0.0024693433682272631 -0.0014152793587718262 0.0021615689102925271 -0.00086558486908844658 0.0012098146329425055 -0.0008005109024148458 0.0029637665056305288 0.00017035900430975481 -0.0026021742384116932 -0.0015931044015156323 0.0010663412401446103
leaf_weight=766 350 688 1170 2217 1468 1962 953 299 1493 980 190 2982 1001 278 432 41 1413 1181 574 1227 1534 102 709 131 1208 73 1172 115 1334 1593
leaf_count=766 350 688 1170 2217 1468 1962 953 299 1493 980 190 2982 1001 278 432 41 1413 1181 574 1227 1534 102 709 131 1208 73 1172 115 1334 1593
internal_value=-0.000418059 0.00195688 -0.00527056 0.00375 -0.000243397 0.00298731 -0.00356853 0.00256483 0.00292272 -0.00191978 -0.00296939 -0.00249054 0.00512224 0.00132029 -4.35888e-05 -0.00509494 -0.00488787 0.00184102 0.00300096 0.00422167 -0.00819514 0.00100658 -0.00175493 -0.00116856 -0.0096167 -0.00719643 -0.00158055 0.000151398 -0.00631337 0.00332532
internal_weight=29636 19898 9738 10963 8935 8746 6157 8058 7569 4312 489 3962 2494 4623 2752 473 3700 5075 3113 2408 3581 2279 811 705 2047 839 2457 1287 2287 1871
internal_count=29636 19898 9738 10963 8935 8746 6157 8058 7569 4312 489 3962 2494 4623 2752 473 3700 5075 3113 2408 3581 2279 811 705 2047 839 2457 1287 2287 1871
is_linear=0
shrinkage=0.03


Tree=26
num_leaves=31
num_cat=0
split_feature=0 12 0 13 12 8 12 0 12 0 7 9 0 9 8 15 12 4 7 17 11 14 8 14 13 3 17 12 13 7
split_gain=362.184 82.1099 53.2058 27.1104 26.8908 24.2786 18.8005 18.5272 16.1919 15.5993 15.5692 15.5036 19.6263 13.881 13.6963 13.1249 18.8487 12.6448 12.5541 12.1958 11.8244 10.719 10.3462 11.6844 12.7169 10.309 11.6117 10.199 10.0627 9.79047
threshold=1.1908479570236505 0.18561838305338532 0.96478991205569009 0.054400103067353926 0.35688351644630428 4.8436312614115602 0.12231716666630989 19.010204081632654 0.045544698554341963 46.498798076923087 0.080067099553778484 0.031014970637555633 1.9779231940710171 0.035385739991003161 79.4612033584025 3.0201273556387074 0.49436492141671501 766.26273458480739 0.30789707081106904 2.6844859018881082 9.5055068599034858 0.20057413619283296 12.287720259691678 0.47333326064401643 0.047357574945620123 0.30996742461919347 0.25682346812948054 0.11671184034900951 0.066390539335636142 0.31650999233430582
decision_type=10 2 10 2 2 10 2 10 2 10 8 8 10 8 10 8 2 10 10 8 2 2 10 2 2 2 10 2 2 10
left_child=2 3 15 6 7 -5 -2 11 22 19 -10 -3 18 -8 -14 16 -1 -11 21 29 -16 -13 23 -4 -25 26 -20 -7 -17 -6
right_child=1 4 8 5 9 27 13 -9 10 17 -12 12 14 -15 20 28 -18 -19 25 -21 -22 -23 -24 24 -26 -27 -28 -29 -30 -31
leaf_value=-0.0021526066065699753 -0.0016349767285207155 0.00044700030825041496 -0.0013554616185402235 0.0006831704055705011 0.0031775501348522048 -0.0015893577852503689 -0.0012707698461860311 -0.0010873509058394696 -2.3560762243296576e-05 -0.0011136877458748874 -0.00078656148913284747 0.0032538744176917093 0.0037439395105655824 0.00011883137462160381 0.0041264327713110456 -0.00076169063292160703 0.0038621129580362289 0.0020999129625292596 -0.00098484771644292719 0.0061997856646416509 -4.1125958786271673e-05 0.00099956121357336531 -0.0042772614263075683 -0.0019011574291482351 -0.00027782719320146049 -0.0012648640475024858 0.0013085089235147448 1.9352551983501283e-05 -0.0013737152380046485 0.001380516059473073
leaf_weight=1229 909 2954 986 2869 843 507 1000 264 1427 176 3272 136 1019 1972 60 858 83 295 156 815 323 2935 337 625 867 213 266 844 293 1038
leaf_count=1229 909 2954 986 2869 843 507 1000 264 1427 176 3272 136 1019 1972 60 858 83 295 156 815 323 2935 337 625 867 213 266 844 293 1038
internal_value=-0.000391079 0.00197806 -0.0050436 -0.000335102 0.0036084 0.00132907 -0.00214451 0.00271286 -0.00378842 0.00596117 -0.00270957 0.00296912 0.00396947 -0.0009889 0.00699216 -0.00886972 -0.00680883 0.00092161 0.00282439 0.00684093 0.00214844 0.00361816 -0.00558771 -0.00491327 -0.0032351 -0.00101415 0.00170213 -0.00198595 -0.0112109 0.00550744
internal_weight=29571 19594 9977 8101 11493 4220 3881 8326 7514 3167 4699 8062 5108 2972 1402 2463 1312 471 3706 2696 383 3071 2815 2478 1492 635 422 1351 1151 1881
internal_count=29571 19594 9977 8101 11493 4220 3881 8326 7514 3167 4699 8062 5108 2972 1402 2463 1312 471 3706 2696 383 3071 2815 2478 1492 635 422 1351 1151 1881
is_linear=0
shrinkage=0.03


Tree=27
num_leaves=31
num_cat=0
split_feature=0 12 0 6 12 13 12 9 15 15 7 12 13 12 7 11 0 2 9 0 9 15 3 13 13 0 9 15 12 3
split_gain=352.007 83.8682 51.8531 22.866 21.2369 18.1547 16.249 15.3464 15.0104 14.5269 14.4892 13.9676 13.9286 12.6123 11.6142 11.4009 10.6103 10.5389 14.4174 10.4654 10.4105 9.28891 9.17892 8.76681 8.71382 8.27099 8.16957 9.45299 7.89149 7.59854
threshold=1.1725097624801712 0.20932959709088197 0.99854870663127659 0.56479071146790261 0.11671184034900951 0.042991323184348361 0.34066920781842175 0.017214421942214907 3.0201273556387074 4.6959141240107813 0.13103470010866011 0.49436492141671501 0.066390539335636142 0.099003726460243704 0.083333610340914563 11.091216632590715 28.257575757575761 5.3546882328223111 0.12881914306789252 46.498798076923087 0.054235805098685426 3.2769667020129059 0.18598578241596733 0.064052267890905942 0.14614769761789534 2.5461914976865621 0.031014970637555633 2.1383330595080281 0.61181374187275106 0.11882805090179911
decision_type=10 2 10 2 2 2 2 10 8 8 10 2 2 2 8 2 10 10 10 10 8 10 2 2 2 10 8 8 2 2
left_child=2 4 8 16 10 7 19 -6 11 13 15 -1 -10 14 22 23 25 -7 -19 26 28 -14 -4 -2 -21 -3 -5 -28 -8 -12
right_child=1 3 9 6 5 17 20 -9 12 -11 29 -13 21 -15 -16 -17 -18 18 -20 24 -22 -23 -24 -25 -26 -27 27 -29 -30 -31
leaf_value=-0.0018449262149330366 -0.00066299870936306832 0.00015067677190111039 -0.00020255316523771515 0.00072053998564853194 -0.0019082947084042784 0.00077822894096731237 0.0018343863239673607 4.7451036246165808e-05 -0.00073883991393395882 0.00086935438942793329 -0.0022470140684575503 0.0040051484831063822 -0.00039339373977414794 -9.8902361174376942e-05 -0.0013842943161120206 -0.00069749907892409379 -0.00093609234409360433 0.00042371757525155412 -0.0025649101220501622 -0.0014328331130524588 0.0048028606046896828 -0.0033822452416786145 -0.0010635476777902202 0.0004799881241530987 0.0022361102402619301 0.00193423657538954 0.00044687917978964597 0.0016862264459666808 0.0083802416306810092 -0.00085539749235931449
leaf_weight=1618 343 1476 1015 1429 744 3309 1941 3344 1065 218 774 81 200 982 2916 321 148 307 148 76 956 188 1006 771 40 834 502 2239 142 555
leaf_count=1618 343 1476 1015 1429 744 3309 1941 3344 1065 218 774 81 200 982 2916 321 148 307 148 76 956 188 1006 771 40 834 502 2239 142 555
internal_value=-0.000386002 0.00181838 -0.00522659 0.00382206 -2.82566e-05 0.000767859 0.00466216 -0.000616288 -0.00835395 -0.00361926 -0.00228933 -0.00643235 -0.0105949 -0.00389949 -0.00451701 -0.000198468 0.00131761 0.00227092 -0.00200658 0.00347096 0.00634046 -0.00570694 -0.00276706 0.00123767 -0.00538462 0.0018174 0.00371853 0.00467724 0.00514635 -0.00454511
internal_weight=29688 20399 9289 9783 10616 7852 7325 4088 3152 6137 2764 1699 1453 5919 4937 1435 2458 3764 455 4286 3039 388 2021 1114 116 2310 4170 2741 2083 1329
internal_count=29688 20399 9289 9783 10616 7852 7325 4088 3152 6137 2764 1699 1453 5919 4937 1435 2458 3764 455 4286 3039 388 2021 1114 116 2310 4170 2741 2083 1329
is_linear=0
shrinkage=0.03


Tree=28
num_leaves=31
num_cat=0
split_feature=0 0 12 12 7 10 0 0 9 17 0 4 3 7 0 7 15 12 13 14 13 3 14 5 9 17 9 4 9 12
split_gain=336.923 108.967 30.1757 24.8622 22.3388 18.1615 17.028 15.9689 17.215 15.9641 15.9284 14.0129 13.6384 13.2779 12.6966 12.2302 11.4225 15.0304 12.1126 11.256 11.0569 10.3206 10.2829 9.82815 10.0789 9.40788 8.98106 8.61537 8.60373 8.58158
threshold=1.3673675143763635 1.0621863334736437 0.3245280504464399 0.10139759561597296 0.1519946446746516 1.1794919934429628 95.446153846153848 28.257575757575761 0.020484314769730175 2.2023554142283888 0.95773623328197866 756.93370268158003 0.4341530597848699 0.30498730852503547 2.4092715261497113 0.087367985969102585 2.740319461670996 0.5044056004368801 0.066390539335636142 0.2885443022640492 0.057678499920275871 0.20840972135493566 0.21652248246230288 0.76339712918660296 0.079726801390994043 1.2467163084516091 0.022499570427301118 588.99064992298156 0.034612199611375391 0.41926813066888619
decision_type=10 10 2 2 10 8 10 10 10 8 10 10 2 8 10 8 8 2 2 2 2 2 2 10 8 10 10 10 8 2
left_child=1 10 5 4 11 7 9 8 -2 13 16 -3 20 28 22 -13 17 -1 -18 -15 21 -5 -7 24 -21 29 -20 -10 -4 -8
right_child=2 3 6 12 -6 14 25 -9 27 -11 -12 15 -14 19 -16 -17 18 -19 26 23 -22 -23 -24 -25 -26 -27 -28 -29 -30 -31
leaf_value=-0.00175412839284756 -0.00071452579062169412 0.00057654504444451516 0.0014455948448750826 -0.00078311171249809998 -0.002381488496567948 0.0029002122623446331 -0.0011221831853581751 -0.0012815939176936337 -0.00062127555325483194 0.0049492880053153745 -0.0013451342116632427 -0.00023795038060980575 0.0010165643465042257 0.0029332959820136143 0.003177373802216324 -0.0009230081186883969 -0.00071667471651594005 0.0050238389191157983 0.00083399547278819198 0.00027850103195056763 0.00025030105055224021 -4.4432387721441491e-05 0.0007833993426854468 -0.0011605325924887687 0.0045002912363272607 0.0028214758467579367 -0.0028141659771057604 0.0007483778913036581 0.0041819171631255325 0.00065772677701014988
leaf_weight=1003 1519 486 591 1772 1100 173 125 99 327 1123 2748 1452 597 116 764 1678 884 74 58 971 1520 1876 3671 42 167 92 307 3485 592 221
leaf_count=1003 1519 486 591 1772 1100 173 125 99 327 1123 2748 1452 597 116 764 1678 884 74 58 971 1520 1876 3671 42 167 92 307 3485 592 221
internal_value=-0.000377101 -0.00342022 0.0029853 -0.00167287 -0.00328811 0.0021038 0.00517446 0.000928006 0.0011506 0.00585346 -0.00702857 -0.00214819 -0.000351197 0.00450605 0.00348883 -0.00288406 -0.0088569 -0.00658163 -0.010812 0.00240555 -0.000847359 -0.00174294 0.00278544 0.00152413 0.00205443 -0.000410023 -0.00618852 0.00222659 0.00680321 -0.00268012
internal_weight=29633 15555 14078 10481 4716 10038 4040 5430 5331 3602 5074 3616 5765 2479 4608 3130 2326 1077 1249 1296 5168 3648 3844 1180 1138 438 365 3812 1183 346
internal_count=29633 15555 14078 10481 4716 10038 4040 5430 5331 3602 5074 3616 5765 2479 4608 3130 2326 1077 1249 1296 5168 3648 3844 1180 1138 438 365 3812 1183 346
is_linear=0
shrinkage=0.03


Tree=29
num_leaves=31
num_cat=0
split_feature=0 0 0 6 8 14 0 0 0 15 7 15 13 11 0 5 9 14 14 7 8 9 9 8 14 16 9 0 15 8
split_gain=321.508 82.913 36.6039 30.6591 25.2623 18.2886 16.6506 19.8308 15.294 14.5692 14.0679 13.8046 12.8725 11.5699 11.5183 11.3083 11.4403 11.1931 11.9371 11.1848 11.1652 13.5647 11.2464 10.426 14.4455 10.3153 10.1131 9.53839 9.37567 9.15081
threshold=1.1330204190095139 1.3959264436517886 0.98284064312657604 0.50125085225848498 1.163084002617351 0.22456020952084546 2.5461914976865621 46.498798076923087 28.257575757575761 3.0201273556387074 0.3992101321182534 4.7273486598447958 0.066390539335636142 10.821406956953568 0.95034594212078904 0.86773157538877632 0.048318937975179867 0.24838286822415781 0.7727531186718728 0.18522395396903937 1.4583149269589604 0.079301927706968187 0.0077047515488007966 39.823606740180885 0.66510282235796525 0.085971136097424711 0.01805763357127645 1.8159274064938657 3.0201273556387074 127.61509520239964
decision_type=10 10 10 2 10 2 10 10 10 8 10 8 2 2 8 10 8 2 2 8 10 8 10 10 2 10 8 10 10 10
left_child=2 4 9 8 13 -5 23 15 26 14 -9 19 -11 28 -1 16 -8 25 20 -4 -19 22 -22 24 -7 -6 -3 -28 -2 -20
right_child=1 3 11 5 17 6 7 10 -10 12 -12 -13 -14 -15 -16 -17 -18 18 29 -21 21 -23 -24 -25 -26 -27 27 -29 -30 -31
leaf_value=-0.00352273212627388 0.00037682013332207434 -0.00056121849602229783 -0.0007615265694416181 0.0031726270798475846 -0.00097900971865584109 0.0005049702326952913 0.0024187874288951697 -0.0011007206309381953 -0.0011558823873829497 -0.00069517447502046188 0.0020486765081669314 0.00078331593296655593 -0.0012134049259733602 -0.00065815812578987965 -0.00044395531048017954 -0.0014794853065268378 0.0042161851885901729 -0.00027547291908980185 0.00057540241648777746 -0.0022624643979288635 0.00049050453991949833 -0.00012899125793848566 -0.0016562129726001408 -0.00014280026116401625 0.0019901072047182841 0.0013097376717084459 0.00019794115576112867 0.0017710224491308852 0.0013010394270217881 -0.0025194080437749692
leaf_weight=908 894 1111 4089 478 104 2912 1517 306 151 957 214 177 337 270 618 43 828 2882 787 724 238 735 1680 943 2134 291 1689 1119 487 76
leaf_count=908 894 1111 4089 478 104 2912 1517 306 151 957 214 177 337 270 618 43 828 2882 787 724 238 735 1680 943 2134 291 1689 1119 487 76
internal_value=-0.000401515 0.001463 -0.00562668 0.00292615 -0.000866785 0.00386999 0.00356204 0.00542454 0.000751658 -0.00835874 0.000115163 -0.00408135 -0.0107027 0.00246065 -0.00636542 0.00658016 0.00686061 -0.00167574 -0.00197843 -0.00438409 -0.00249007 -0.00389412 -0.00522147 0.00265693 0.00319794 0.0032197 0.00111352 0.00207191 0.00357091 0.00130208
internal_weight=29699 21889 7810 13445 8444 9375 8897 2908 4070 2820 520 4990 1294 1651 1526 2388 2345 6793 6398 4813 5535 2653 1918 5989 5046 395 3919 2808 1381 863
internal_count=29699 21889 7810 13445 8444 9375 8897 2908 4070 2820 520 4990 1294 1651 1526 2388 2345 6793 6398 4813 5535 2653 1918 5989 5046 395 3919 2808 1381 863
is_linear=0
shrinkage=0.03


Tree=30
num_leaves=31
num_cat=0
split_feature=12 20 12 12 4 8 13 6 13 8 14 20 20 20 15 14 14 15 14 8 7 20 20 20 6 8 11 12 1 5
split_gain=266.948 96.2417 63.098 41.6021 24.2665 19.366 18.1733 17.8515 17.0776 15.746 13.9981 14.0274 12.491 11.9342 11.8075 11.3078 17.0152 11.2394 10.425 10.7945 11.9863 10.297 10.9693 9.90583 9.57504 9.49374 11.4822 9.39865 10.6199 9.18182
threshold=0.10831050019684786 0.00083400475854453085 0.26996113505930103 0.013787802911649829 2735.2448858316161 6.1273128432923505 0.067539671971076506 2.289863749990583 0.052251909899639341 48.328082823143212 0.23961858283757959 0.67074977362799115 0.62845704491975896 0.83489154664935661 2.740319461670996 0.64791877638486606 0.30189608371098298 3.9796379800581989 0.76702188680124284 1.1243356542607239 0.0527824954399762 0.021721105527638195 0.45970667217907729 0.74504864974577623 1.5690640976195069 19.151368462309481 7.9396934185121451 -0.080050295301056881 0.18942218080149117 0.96881079766536982
decision_type=2 2 2 2 8 10 2 2 2 10 2 2 2 2 10 2 2 10 2 10 10 2 2 2 2 8 2 2 8 8
left_child=3 4 8 27 -2 6 17 15 10 12 13 14 29 -3 24 16 -4 -5 19 -14 -21 -18 -23 -7 -12 -17 -27 -1 -29 -10
right_child=1 2 7 5 -6 23 -8 -9 9 -11 11 -13 18 -15 -16 25 21 -19 -20 20 -22 22 -24 -25 -26 26 -28 28 -30 -31
leaf_value=-0.0043914345457251149 -0.00016656208160667873 0.0016117165497733449 0.0026552245494724496 -0.00071555383844115771 -0.00067154043792067009 0.00030355715189318307 -0.0001089194417929879 0.0034014008865698676 -0.00010058300068918015 -0.00070171110802027018 -0.00052259922159241423 -0.00033765487887775996 0.0016262922955308575 -0.00052301680989194535 0.0011571074707335031 0.0034591689239466448 -0.0013638383599372497 -0.0022779702514626817 0.0020373269650365874 -0.0051397981597017866 0.00020728568677474287 0.0010344304513889623 -0.00029086697402097404 -0.0025310948696579899 0.00098323830371123628 -0.0013187657271282168 0.0018520529324407551 -0.0020547314618142992 -0.00094924055515653973 0.0029717503919302066
leaf_weight=851 312 501 428 3236 700 138 2402 1609 181 586 1339 4203 216 151 1484 867 96 165 428 48 2159 1176 779 1031 370 126 1006 1364 582 1009
leaf_count=851 312 501 428 3236 700 138 2402 1609 181 586 1339 4203 216 151 1484 867 96 165 428 48 2159 1176 779 1031 370 126 1006 1364 582 1009
internal_value=-0.000341694 0.00166271 0.00214891 -0.00439867 -0.00734452 -0.00315789 -0.00244745 0.00465917 0.000943121 0.0023952 0.000108088 -0.00026362 0.0030616 0.00431853 0.00123513 0.00368386 0.00232863 -0.00385802 0.00198282 0.00121906 0.000591033 0.00119152 0.00166411 -0.00667949 -0.000464912 0.0053625 0.0035481 -0.00748928 -0.00633282 0.00564232
internal_weight=29543 19774 18762 9769 1012 6972 5803 6087 12675 4627 8048 7396 4041 652 3193 4478 2479 3401 2851 2423 2207 2051 1955 1169 1709 1999 1132 2797 1946 1190
internal_count=29543 19774 18762 9769 1012 6972 5803 6087 12675 4627 8048 7396 4041 652 3193 4478 2479 3401 2851 2423 2207 2051 1955 1169 1709 1999 1132 2797 1946 1190
is_linear=0
shrinkage=0.03


Tree=31
num_leaves=31
num_cat=0
split_feature=0 12 0 12 0 16 6 7 15 12 15 7 12 14 13 13 17 13 17 13 5 12 12 9 15 15 15 12 9 14
split_gain=296.642 66.1865 57.922 25.5743 21.6912 20.0387 19.1 18.3561 13.364 13.6725 13.3183 13.239 14.0057 12.884 11.6308 11.1061 11.9748 10.7743 9.36328 9.30941 13.8943 9.2849 8.73198 8.59564 8.72123 8.66551 13.0402 8.54869 8.44745 8.51542
threshold=1.1848955707775068 0.27455182174567133 0.96478991205569009 0.14600161059355979 46.498798076923087 0.25723900418894075 2.4998757446093158 0.1499962632267724 3.0201273556387074 0.49436492141671501 1.4978661367769956 0.057905053573447739 0.10259045597910001 0.21652248246230288 0.066390539335636142 0.067539671971076506 0.5792031075484988 0.059397822622468475 2.2023554142283888 0.042991323184348361 0.96881079766536982 0.43263878002697848 0.031339705401052249 0.016734034538696121 4.3502571242716384 3.0201273556387074 3.3140206880897671 0.12022611468538004 0.10982721265007946 0.27000968589230273
decision_type=10 2 10 2 10 10 2 10 8 2 10 8 2 2 2 2 10 2 8 2 8 2 2 8 10 8 10 2 8 2
left_child=2 3 8 7 5 6 -3 17 9 -1 -6 15 28 -5 -10 22 -17 -2 -7 23 -21 -12 -4 -15 25 -25 -27 -9 29 -13
right_child=1 4 11 13 10 18 -8 27 14 -11 21 12 -14 19 -16 16 -18 -19 -20 20 -22 -23 -24 24 -26 26 -28 -29 -30 -31
leaf_value=-0.0018107935504395581 -0.00052972597412488383 0.00077170672644565833 -0.00096396435146495945 0.0016184406247891111 -0.0010051747828963649 0.0018530296652803811 0.003365108212191261 -0.0019993584928887551 -0.00065417302763222797 0.0032188430872698028 -0.00055682807328946075 0.00011899324302843211 -8.1547217082018089e-05 -0.0007445246524678729 -0.0011514816200533984 0.00085538394256229474 -0.0061359774787683461 0.0003260281995528016 0.0055687400129448431 -0.00035260606487619848 0.0010430636719759776 0.0037156927681111628 -0.000165371212580281 7.1597477417671828e-05 -0.00117929954246663 0.0015654245406767533 0.00017153833571103462 -0.00053902082987586559 -0.00057441605215620612 -0.001412156536474387
leaf_weight=1222 995 2219 436 383 295 1627 740 868 848 88 143 161 991 1063 296 522 49 2120 706 525 2697 171 649 2729 65 659 874 902 1550 2944
leaf_count=1222 995 2219 436 383 295 1627 740 868 848 88 143 161 991 1063 296 522 49 2120 706 525 2697 171 649 2729 65 659 874 902 1550 2944
internal_value=-0.000469734 0.00164164 -0.00475044 0.00051005 0.00430278 0.00491971 0.00327872 -0.00123721 -0.00873727 -0.00665904 -0.00105738 -0.00340956 -0.00410129 0.00145898 -0.0111092 -0.00105009 0.00233392 0.00014923 0.00699871 0.00121909 0.00249457 0.0032381 -0.00283149 0.000456316 0.00105014 0.00121745 0.00302151 -0.00367589 -0.00479059 -0.00569382
internal_weight=29537 19781 9756 13880 5901 5292 2959 4885 2454 1310 609 7302 5646 8995 1144 1656 571 3115 2333 8612 3222 314 1085 5390 4327 4262 1533 1770 4655 3105
internal_count=29537 19781 9756 13880 5901 5292 2959 4885 2454 1310 609 7302 5646 8995 1144 1656 571 3115 2333 8612 3222 314 1085 5390 4327 4262 1533 1770 4655 3105
is_linear=0
shrinkage=0.03


Tree=32
num_leaves=31
num_cat=0
split_feature=12 20 12 12 15 7 16 6 20 8 20 3 20 10 7 5 14 6 3 7 14 8 15 3 14 14 8 11 17 15
split_gain=257.082 90.0255 61.4853 41.1911 23.5438 16.2603 16.0548 18.1954 15.7649 15.8383 12.4795 10.9161 10.3173 10.8346 10.4884 11.7667 10.6882 10.1152 9.83504 12.4891 9.27229 12.9217 9.15289 8.73483 11.2158 8.3597 7.96379 7.94121 7.93248 7.82665
threshold=0.1037380860622399 0.00039431462807598927 0.26996113505930103 0.013787802911649829 0.89587973461402759 0.083333610340914563 0.25723900418894075 4.9482604761904776 0.72193392135801049 46.344994096059459 0.021721105527638195 0.12826942676262118 0.49582537804409582 0.88511968303803046 0.15739529108397105 0.72988833904326877 0.66950934160094822 0.4457703137877716 0.20668331090942149 0.13206009822049594 0.37057692431497558 1.1121659858158039 1.4978661367769956 0.18598578241596733 0.27000968589230273 0.63159951553206028 1.3782862453450042 10.187443941652988 2.2023554142283888 2.1383330595080281
decision_type=2 2 2 2 10 10 10 2 2 10 2 2 2 10 10 10 2 2 2 8 2 8 10 2 2 2 10 2 8 10
left_child=3 4 8 20 -2 23 7 25 9 12 22 29 13 -3 15 -14 26 -16 19 -10 -1 -22 -8 24 -5 -4 -17 -25 -12 -6
right_child=1 2 6 5 11 -7 10 -9 18 -11 28 -13 14 -15 17 16 -18 -19 -20 -21 21 -23 -24 27 -26 -27 -28 -29 -30 -31
leaf_value=-0.0023849244375043839 -0.00063176903395408327 0.00081191430307939129 0.00031587450758622626 0.0011117465796915504 -0.00043049127230384464 -0.0010170698042974459 -0.0016789782363602218 0.005315349511741725 7.5913199640309644e-05 -0.00051947538603706195 0.0017373566801785023 0.0041437865470632905 0.00112405947131696 0.0031655916761917299 -0.0005785728100907786 -0.0018949885801001461 0.0020526403939677674 0.00044124849557708906 0.00019928632158109437 -0.00090632290046128853 -0.0010101222991251537 -0.0033236324962216796 0.004081408158031063 -0.00023187454545077471 -0.00010945346354219191 0.0017321045292411467 -8.3839337158590551e-05 -0.001398306785321054 0.0051684158478482274 0.0011660124760458387
leaf_weight=670 644 468 1653 112 127 4334 107 222 1451 1223 1769 82 1828 745 933 100 85 1920 2726 1556 725 1408 94 627 1093 1659 122 389 743 79
leaf_count=670 644 468 1653 112 127 4334 107 222 1451 1223 1769 82 1828 745 933 100 85 1920 2726 1556 725 1408 94 627 1093 1659 122 389 743 79
internal_value=-0.000443509 0.00145007 0.00188766 -0.00455818 -0.00765273 -0.0032558 0.00433819 0.00300424 0.000723894 0.00163636 0.00607406 -0.000519031 0.00225169 0.00473229 0.00164762 0.00323736 -0.00219156 0.000457253 -0.000457796 -0.00164062 -0.00760164 -0.0066284 -0.00111386 -0.00116787 0.000559701 0.00244491 -0.00565022 -0.00321534 0.00664942 -0.0042029
internal_weight=29694 20336 19404 9358 932 6555 6247 3534 13157 7424 2713 288 6201 1213 4988 2135 307 2853 5733 3007 2803 2133 201 2221 1205 3312 222 1016 2512 206
internal_count=29694 20336 19404 9358 932 6555 6247 3534 13157 7424 2713 288 6201 1213 4988 2135 307 2853 5733 3007 2803 2133 201 2221 1205 3312 222 1016 2512 206
is_linear=0
shrinkage=0.03


Tree=33
num_leaves=31
num_cat=0
split_feature=0 12 0 6 13 14 9 7 15 0 12 9 7 15 5 15 0 1 12 12 15 15 16 7 9 0 9 13 0 14
split_gain=277.414 77.9512 40.3056 25.2853 19.2856 18.0166 14.95 16.9675 14.9281 14.5663 15.0915 14.5375 13.7646 12.8093 11.9904 13.8131 13.3178 11.4233 11.3472 10.5775 10.3686 9.57297 9.49474 9.35982 9.33971 12.9738 9.30376 9.31626 9.06098 8.78264
threshold=1.1360179687393661 0.18561838305338532 0.97693770405268132 2.3262602725095194 0.048338929168270359 0.26289707616970176 0.0052366209641751468 0.15642497995562812 3.0201273556387074 46.498798076923087 0.43914132904804154 0.029611855943704326 0.32600246255126958 4.7273486598447958 0.15422248983892822 4.516324041782946 1.4102633841396104 0.3504385964912281 0.49436492141671501 0.12022611468538004 3.3140206880897671 1.4978661367769956 0.10834829956720957 0.18522395396903937 0.016742102850304325 1.607303803625608 inf 0.10720827045907613 1.2978347075943824 0.3405045814923951
decision_type=10 2 10 2 2 2 10 10 8 10 2 10 10 8 10 10 10 10 2 2 8 10 10 8 8 10 8 2 10 2
left_child=2 4 8 9 5 22 -6 14 18 10 24 -7 -11 23 16 -16 17 -8 -1 -9 -21 -14 -2 -4 -3 -26 27 -10 -13 -27
right_child=1 3 13 -5 6 11 7 19 26 12 -12 28 21 -15 15 -17 -18 -19 -20 20 -22 -23 -24 -25 25 29 -28 -29 -30 -31
leaf_value=-0.0014918857874179118 -0.00031464697124269133 0.00011486108934408497 -0.00067356163197034697 0.0023864748224489626 0.0042482506715087395 -0.0018127809136925467 0.00034263462484407218 -0.0023432783024145308 -0.00061559476578463862 -0.0010774367418697809 0.0035443399038332054 -0.00067255552669237995 -0.00083019781358445574 0.00085493270583367729 -0.00080060380212008226 0.0023608789321768421 0.001424093953275671 -0.00089679186017252975 0.0025647277858871129 0.00066323173887725606 -0.001545548171272338 0.0021699879721015715 0.0012488028183800341 -0.0020058034152505865 0.00022840923142561934 0.0027921034045191254 -0.00063039970820543204 -0.0016430918554042251 0.00014662371409552915 0.0012755948224861394
leaf_weight=1348 160 1916 4333 2468 95 1301 2278 409 951 243 775 1673 102 182 784 60 893 232 78 474 179 139 313 763 2189 381 101 180 1172 3416
leaf_count=1348 160 1916 4333 2468 95 1301 2278 409 951 243 775 1673 102 182 784 60 893 232 78 474 179 139 313 763 2189 381 101 180 1172 3416
internal_value=-0.000425834 0.00133284 -0.00522364 0.00300387 -0.000606045 -0.00202922 0.000610546 0.000398305 -0.00823618 0.00227734 0.00255992 -0.00266217 -0.00278351 -0.00370525 0.00124647 -0.00195266 0.00204025 0.000919952 -0.00613875 -0.00299153 -0.000619266 0.00229339 0.00351266 -0.0039847 0.00216753 0.00275096 -0.0106569 -0.0114355 -0.00145994 0.00381122
internal_weight=29588 21652 7936 11629 10023 4619 5404 5309 2658 9161 8677 4146 484 5278 4247 844 3403 2510 1426 1062 653 241 473 5096 7902 5986 1232 1131 2845 3797
internal_count=29588 21652 7936 11629 10023 4619 5404 5309 2658 9161 8677 4146 484 5278 4247 844 3403 2510 1426 1062 653 241 473 5096 7902 5986 1232 1131 2845 3797
is_linear=0
shrinkage=0.03


Tree=34
num_leaves=31
num_cat=0
split_feature=0 12 0 12 8 8 0 0 9 15 9 4 15 5 16 14 15 12 8 8 0 4 17 15 9 8 9 14 5 14
split_gain=258.407 80.9709 33.8587 28.5568 21.431 17.3815 16.1636 18.3571 17.1214 15.8465 15.8273 14.3769 13.9652 12.784 12.1796 12.8322 11.5175 11.1232 11.0954 10.1152 12.3997 10.0566 9.53341 9.77072 9.07203 13.4203 14.8655 8.9942 8.95183 8.56465
threshold=1.1166887869548383 0.14725151041432663 0.96478991205569009 0.37389381129193483 4.4591508171142653 12.287720259691678 95.446153846153848 2.5461914976865621 0.030232996120123035 3.0201273556387074 0.079726801390994043 732.35153596417865 4.7273486598447958 0.84932945197543763 -0.14003269448916286 0.21652248246230288 4.2972622671762819 0.49436492141671501 14.934267760433713 3.3078374493293814 1.5383164651468515 890.25795161915596 3.0937951317496952 1.4978661367769956 0.0065764796462273482 1.4819053620009381 0.046914819859710064 0.88821389614272761 0.97313632099300007 0.5666117103453201
decision_type=10 2 10 2 10 10 10 10 8 8 8 8 8 10 10 2 10 2 10 10 10 10 10 10 8 10 10 2 8 2
left_child=2 4 9 6 11 12 7 8 -3 17 22 29 -4 18 -10 -16 19 -1 -9 20 21 -17 23 -5 -13 -26 -27 -21 -22 -2
right_child=1 3 5 10 -6 -7 -8 13 14 -11 -12 24 -14 -15 15 16 -18 -19 -20 27 28 -23 -24 -25 25 26 -28 -29 -30 -31
leaf_value=-0.0016953371023792621 -0.00062577336164966035 -0.00013256974141043042 -0.00072741083279162337 -4.2554766432183337e-05 -0.0014097186241478466 -0.0032010919349043016 -0.0009434869526259511 0.0041716531462816014 -0.0011419542819429323 -0.00059712692281109947 0.0062931495109712059 0.0021631259464414392 0.00096359006657357321 -0.0025071994278869497 0.0019515033753795649 0.0012558658551382249 -0.0010218652111386953 0.0028212914587029754 0.0012451350546358051 0.00012044227112945928 -0.00061946888800316208 0.0001879495528854444 0.0045292263683962102 0.0016770009434614699 -8.9684305831162252e-05 -0.0019512912850360848 -0.00024704810054455373 0.0024866923476683897 0.0019705879619372002 0.0013579808282750401
leaf_weight=1216 144 3047 4036 539 1729 480 197 826 267 1124 464 96 155 78 430 558 133 87 991 2214 146 1991 455 1277 4058 501 486 65 1455 382
leaf_count=1216 144 3047 4036 539 1729 480 197 826 267 1124 464 96 155 78 430 558 133 87 991 2214 146 1991 455 1277 4058 501 486 65 1455 382
internal_value=-0.000456156 0.00111651 -0.00544725 0.00237379 -0.001456 -0.00395227 0.00176143 0.00189928 0.00140002 -0.00832166 0.00514803 -0.000563691 -0.00333135 0.00461234 0.00219215 0.00243243 0.0021027 -0.00606212 0.00512376 0.00228383 0.0031655 0.00186471 0.00411312 0.00313704 -0.00104726 -0.00122176 -0.00435729 0.000677632 0.00523408 0.0041556
internal_weight=29627 22529 7098 15133 7396 4671 12398 12201 10306 2427 2735 5667 4191 1895 7259 6992 6562 1303 1817 6429 4150 2549 2271 1816 5141 5045 987 2279 1601 526
internal_count=29627 22529 7098 15133 7396 4671 12398 12201 10306 2427 2735 5667 4191 1895 7259 6992 6562 1303 1817 6429 4150 2549 2271 1816 5141 5045 987 2279 1601 526
is_linear=0
shrinkage=0.03


Tree=35
num_leaves=31
num_cat=0
split_feature=0 0 0 10 3 3 0 15 0 8 0 0 0 4 7 13 9 9 9 9 4 11 7 16 14 0 0 6 14 3
split_gain=257.005 67.86 34.3477 25.3308 29.954 24.1307 19.2019 16.9773 14.8773 12.8042 17.0223 11.7986 11.5339 11.499 11.0709 11.0398 10.5449 15.2274 9.95673 9.61926 9.45026 9.24602 9.20086 10.4479 8.7622 8.56615 8.55149 8.20448 7.90944 7.8268
threshold=1.113403836748261 1.5608910163763616 0.97693770405268132 1.1794919934429628 0.1397703259187224 0.11369758380940388 95.446153846153848 3.0201273556387074 2.4092715261497113 1.2472824973766365 1.3632850013552238 46.498798076923087 1.2941443402951811 774.04005806081489 0.086366101893792999 0.066390539335636142 0.040697153792311272 0.16910520303777629 1.0000000180025095e-35 0.021632692478267219 1755.0822569560833 9.7885535790506104 0.32258338149304006 0.23272388009231515 0.20057413619283296 0.94288975864318336 1.0593377517455072 1.7130844097422635 0.28239317693402188 0.1617119365743995
decision_type=10 10 10 8 2 2 10 8 10 8 10 10 10 10 8 2 10 10 8 10 10 2 10 10 2 8 10 2 2 2
left_child=2 5 7 4 6 9 16 25 22 20 -11 -10 -7 -13 26 -9 -3 -18 -6 -17 -2 -19 29 -24 -14 -1 -4 -27 -20 -5
right_child=1 3 14 8 18 12 -8 15 11 10 -12 13 24 -15 -16 19 17 21 28 -21 -22 -23 23 -25 -26 27 -28 -29 -30 -31
leaf_value=-0.0033812845819739426 0.00090869445049238269 -0.00039869925112298116 -0.00077825429099867473 0.00093062659717491373 -0.0011897690711105129 -0.00012374358741738247 -0.0011679565941205194 -0.0005792131151267666 0.0036201075613046764 -0.0015686539077086872 -0.00014939188770548111 -0.00098406243452460137 0.0016566664193474719 0.0021748891932935515 -0.0011898979369400267 0.00096602920348424874 0.0016027823995438653 0.0015698816024008592 0.0030579431460663136 -0.0021230157770250543 -0.00088065257165131038 -0.001256652338342435 -0.0010189879804468128 0.0012630831822448504 0.00030054591534007358 -0.00039983554412715021 6.4354403153165122e-05 0.0010762770321043704 0.0016633896747015064 0.0023241934186583467
leaf_weight=841 338 1851 1282 1312 207 5103 230 907 1890 1407 1110 129 192 257 2303 58 858 41 188 255 180 249 351 289 3933 463 800 134 1484 993
leaf_count=841 338 1851 1282 1312 207 5103 230 907 1890 1407 1110 129 192 257 2303 58 858 41 188 255 180 249 351 289 3933 463 800 134 1484 993
internal_value=-0.000463119 0.0010968 -0.00546635 0.00288819 0.00138579 -0.000412182 -0.000366873 -0.0081572 0.00435753 -0.00273221 -0.00361597 0.00617918 0.000351067 0.00139535 -0.00383379 -0.0107617 0.000275 0.00253264 0.00439628 -0.0058758 0.00156069 -0.00340206 0.00294807 -0.000234009 0.00153054 -0.00594163 -0.00224676 -0.00318562 0.00516438 0.00383131
internal_weight=29635 22592 7043 10329 5108 12263 3229 2658 5221 3035 2517 2276 9228 386 4385 1220 2999 1148 1879 313 518 290 2945 640 4125 1438 2082 597 1672 2305
internal_count=29635 22592 7043 10329 5108 12263 3229 2658 5221 3035 2517 2276 9228 386 4385 1220 2999 1148 1879 313 518 290 2945 640 4125 1438 2082 597 1672 2305
is_linear=0
shrinkage=0.03


Tree=36
num_leaves=31
num_cat=0
split_feature=0 0 0 6 8 15 4 0 0 10 13 5 8 12 9 13 14 8 15 15 13 2 7 12 9 10 14 10 4 8
split_gain=257.933 74.827 31.7625 23.9847 19.6647 17.0618 16.6784 14.5639 13.9362 13.88 13.037 12.6348 12.4959 12.3711 12.2851 11.5536 11.362 11.0902 11.8491 10.6942 9.48997 9.35665 9.20146 9.16136 9.07469 8.96663 8.78705 8.60867 8.59223 8.58813
threshold=1.1068106349395439 1.4153988910093622 0.95773623328197866 2.1687681152424285 5.2550473933281774 2.740319461670996 839.44120693096818 95.446153846153848 2.6049838734176016 3.120912591408461 0.057678499920275871 0.85375234521575993 1.1243356542607239 0.49436492141671501 0.016734034538696121 0.066390539335636142 0.56886925222617535 6.6876600032640869 3.4811217321331038 1.4978661367769956 0.081513592588942849 6.4193176064388418 0.16329337025672749 0.10508456581515892 0.021632692478267219 0.9251511976139889 0.13987878298004711 0.87000961596351412 137.86697941187961 1.1069156216628275
decision_type=10 10 10 2 10 8 10 10 10 10 2 10 8 2 8 2 2 10 10 10 2 10 10 2 10 10 2 10 10 10
left_child=2 4 5 7 6 13 16 8 14 23 26 25 20 -1 22 -7 29 18 -16 -9 28 -5 -3 -6 -17 -10 -8 -21 -4 -2
right_child=1 3 12 21 9 15 10 19 11 -11 -12 -13 -14 -15 17 24 -18 -19 -20 27 -22 -23 -24 -25 -26 -27 -28 -29 -30 -31
leaf_value=-0.0012505039211943769 0.00082733281414464955 0.0012514654035788342 0.00031770075764182143 0.0021190865463761371 -0.0022053597309602824 -0.00056183672167296349 0.00059020579239317918 -0.0010540064446213551 0.0011268456639564378 0.0019589640423998108 0.00015399937009362877 -0.0018007297557713613 -0.0011373727765591414 0.0026709300218776904 0.0012001672280298541 0.0015850476546551231 0.0010372862918528695 0.00012214713570402053 -5.8362756873912497e-05 -0.00095821502558147639 0.00058610453824308817 -0.00072992582026684184 -0.00084590121081278989 -0.00054887776606739336 -0.0024725095890588233 0.0028012010022521938 -0.00051755687047953607 0.0017907055379236627 -0.0008223249873246665 -0.00059177866170260108
leaf_weight=1001 153 228 229 2667 725 872 190 169 1178 42 2718 70 2728 88 2998 56 904 2056 796 74 375 108 1183 1153 303 1303 3576 141 1132 452
leaf_count=1001 153 228 229 2667 725 872 190 169 1178 42 2718 70 2728 88 2998 56 904 2056 796 74 375 108 1183 1153 303 1303 3576 141 1132 452
internal_value=-0.000442887 0.00108018 -0.00557996 0.00257979 -0.000882086 -0.0084274 -0.000227045 0.00190644 0.00213085 -0.0036075 -0.000888204 0.00403801 -0.00409854 -0.00568349 0.00146034 -0.0108482 0.00261258 0.00206631 0.00302767 -0.00381818 -0.00210708 0.00505223 -0.0010517 -0.00399148 -0.00629167 0.00439363 -0.00203079 0.000625 -0.00327093 -0.000569307
internal_weight=29668 22884 6784 12971 9913 2320 7993 10196 9812 1920 6484 2551 4464 1089 7261 1231 1509 5850 3794 384 1736 2775 1411 1878 359 2481 3766 215 1361 605
internal_count=29668 22884 6784 12971 9913 2320 7993 10196 9812 1920 6484 2551 4464 1089 7261 1231 1509 5850 3794 384 1736 2775 1411 1878 359 2481 3766 215 1361 605
is_linear=0
shrinkage=0.03


Tree=37
num_leaves=31
num_cat=0
split_feature=0 12 0 0 17 15 14 13 8 12 8 16 7 5 15 13 0 15 3 12 7 14 7 14 8 12 15 12 17 14
split_gain=234.507 65.6691 34.3718 19.2927 18.6999 17.1905 15.4531 18.8782 20.7806 15.4235 15.2903 14.5779 12.7937 11.5712 14.2349 11.5226 11.2273 10.1173 9.87048 9.6592 9.61042 8.57742 11.6419 8.57116 11.3513 11.3445 8.51467 8.29906 8.28971 9.12105
threshold=1.1273940392856765 0.21939073468119832 0.95034594212078904 46.498798076923087 2.5113171736250868 3.0201273556387074 0.22456020952084546 0.057678499920275871 13.592242899052239 0.12231716666630989 13.037562438796284 -0.16927199525517891 0.3992101321182534 0.50820554210384727 4.516324041782946 0.066390539335636142 1.4776290872350797 4.7273486598447958 0.15360752077495646 0.49436492141671501 0.35739525415118806 0.69031039135095973 0.071104848492960712 0.65464654622598317 17.044520348591224 0.30188098337504915 2.8617925509761908 0.10139759561597296 -0.34220144979340755 0.41144506457018953
decision_type=10 2 10 10 8 8 2 2 10 2 10 10 10 10 10 2 10 8 2 2 10 2 10 2 8 2 10 2 10 2
left_child=2 6 5 4 11 19 -2 9 13 -8 17 20 -5 16 -15 -7 -9 21 -6 -1 -3 -4 -23 28 25 -25 -24 -10 -13 -30
right_child=1 3 10 12 18 15 7 8 27 -11 -12 23 -14 14 -16 -17 -18 -19 -20 -21 -22 22 26 24 -26 -27 -28 -29 29 -31
leaf_value=-0.0012456451637583984 0.00096274449426125169 -0.0017074027690686829 -0.00078398188734384933 -0.00085699241176354286 0.0023839084261187424 -0.0005449816200227746 -0.001198569681005152 0.00030577034058733949 -0.0019777492830888432 -0.00022351538705285681 -0.0031496645157311483 0.0034310306481030576 0.0014076139385107761 -0.00079201068571531656 0.0022668669693399995 -0.0012370310188778288 0.0023115902256261927 0.00069908498291046915 0.0063801280594427655 0.0023665626310716871 0.00019697710348436648 0.00098980180819632888 -1.7798904190863795e-05 0.0016502087513461197 0.00084146640018987974 0.0040459086273900982 -0.0019026214962762607 -0.00021695712826270044 0.0014063647124060927 0.00026513226672296539
leaf_weight=1091 643 168 3735 410 813 776 1664 2591 395 4876 507 166 268 611 59 256 727 185 563 83 407 186 450 1011 1086 611 277 1301 1085 2556
leaf_count=1091 643 168 3735 410 813 776 1664 2591 395 4876 507 166 268 611 59 256 727 185 563 83 407 186 450 1011 1086 611 277 1301 1085 2556
internal_value=-0.00049682 0.00106783 -0.00506029 0.00301148 0.00340144 -0.00821024 -0.000313569 -0.000552147 0.000712401 -0.00165112 -0.00375772 0.00277958 -0.00185567 0.00189521 -0.00169896 -0.0110358 0.00262127 -0.00323645 0.00660131 -0.00571915 -0.00179688 -0.00351043 -0.000902626 0.0031837 0.00447398 0.00606285 -0.00261676 -0.00206836 0.00226497 0.00196458
internal_weight=29557 22011 7546 9144 8466 2206 12867 12224 5684 6540 5340 7090 678 3988 670 1032 3318 4833 1376 1174 575 4648 913 6515 2708 1622 727 1696 3807 3641
internal_count=29557 22011 7546 9144 8466 2206 12867 12224 5684 6540 5340 7090 678 3988 670 1032 3318 4833 1376 1174 575 4648 913 6515 2708 1622 727 1696 3807 3641
is_linear=0
shrinkage=0.03


Tree=38
num_leaves=31
num_cat=0
split_feature=0 0 0 3 3 14 15 0 8 14 17 17 14 14 6 8 8 20 20 9 7 15 6 15 0 9 15 1 7 4
split_gain=228.703 62.764 35.0097 22.6165 22.5927 20.8559 19.5589 15.5024 14.7196 13.5353 16.5845 13.0951 12.5316 14.1092 12.4394 12.3044 10.0623 11.1513 9.97542 9.59545 9.51976 9.19823 9.16897 9.13613 9.0289 13.9703 9.55602 15.564 9.03775 9.01562
threshold=1.1166887869548383 1.6884809065008273 0.96478991205569009 0.11369758380940388 0.14144428726846689 0.28239317693402188 3.0201273556387074 95.446153846153848 12.287720259691678 0.64617991752757942 1.8891299673879465 0.27541592731985082 0.77056216127551369 0.24838286822415781 2.4998757446093158 5.2550473933281774 2.3266411702237009 0.38392434642015655 1.0615944276095941 1.0000000180025095e-35 0.33645888450979838 2.0126758453675748 1.674961311337394 4.7273486598447958 1.2941443402951811 1.0000000180025095e-35 3.2384861814448418 0.085960591133004929 0.3113039149130673 1040.9212749929427
decision_type=10 10 10 2 2 2 8 10 10 2 8 10 2 2 2 10 10 2 2 8 10 10 2 8 10 8 10 10 10 10
left_child=2 3 6 11 7 -6 18 14 23 10 19 -2 13 21 16 24 -3 -18 22 -7 -9 -5 -1 -4 -15 -26 28 -28 -27 -19
right_child=1 4 8 12 5 9 -8 20 -10 -11 -12 -13 -14 15 -16 -17 17 29 -20 -21 -22 -23 -24 -25 25 26 27 -29 -30 -31
leaf_value=-0.00018077493407585014 -0.00014368163200748944 0.0021088972992947966 -0.0006613028467522162 -0.00064817089373453689 0.0040790139225919788 -0.0016372818069224503 -0.00052863217142209127 -0.00101203834009748 -0.0029214924585503014 0.0029310557102363269 0.0055505624762382079 -0.0011324995293532985 0.0010620530553616518 -0.00014050372519780452 0.0025804640685466976 -0.00069804065483665 0.0012366525938891989 -0.0013686088305284799 -0.0031559461258794754 0.00056327898014713073 0.00065471233810915266 0.00099742845879665395 0.0013331160440971496 0.00089535213765876533 -0.0028666218351322561 0.0009805189273421938 0.00061706666656026943 -0.00054433160743397487 -0.0012081228977046724 0.00035323231922045788
leaf_weight=354 1887 830 4063 156 326 171 1096 241 443 1427 275 1701 1210 3485 609 1402 1759 457 831 1277 213 748 127 159 108 1845 650 468 150 1086
leaf_count=354 1887 830 4063 156 326 171 1096 241 443 1427 275 1701 1210 3485 609 1402 1759 457 831 1277 213 748 127 159 108 1845 650 468 150 1086
internal_value=-0.00036542 0.00111489 -0.00506997 -0.000141192 0.0031152 0.00498706 -0.00800747 0.00186201 -0.00355229 0.00423675 0.0024449 -0.00219003 0.000578108 0.000193054 0.00236925 -0.000203478 0.00177837 0.00103542 -0.00552932 0.00115942 -0.00342857 0.00374586 -0.00208506 -0.00300497 0.000330997 0.00147579 0.00184489 -0.000375335 0.00308868 -0.000825777
internal_weight=29554 22481 7073 13810 8671 3476 2408 5195 4665 3150 1723 3588 10222 9012 4741 8108 4132 3302 1312 1448 454 904 481 4222 6706 3221 3113 1118 1995 1543
internal_count=29554 22481 7073 13810 8671 3476 2408 5195 4665 3150 1723 3588 10222 9012 4741 8108 4132 3302 1312 1448 454 904 481 4222 6706 3221 3113 1118 1995 1543
is_linear=0
shrinkage=0.03


Tree=39
num_leaves=31
num_cat=0
split_feature=12 20 12 12 4 7 9 13 20 17 9 12 12 9 5 15 13 3 3 7 10 10 9 13 13 17 15 20 15 7
split_gain=181.913 81.4399 43.2377 32.1577 30.942 19.6244 17.8057 15.9817 15.0668 14.235 12.7351 12.19 11.7144 13.1345 11.0338 10.772 10.2554 11.4995 9.88307 9.86144 11.3839 9.31021 9.33187 10.3647 9.1287 9.07627 9.56285 8.95307 8.67179 8.62421
threshold=0.10139759561597296 0.00039431462807598927 0.26272134895893556 -0.024424772397467539 4701.4172196054233 0.15557299315193249 0.05537522069647479 0.056000083801223503 0.021721105527638195 0.22105469389588858 0.0052366209641751468 0.61181374187275106 0.16121010145412831 0.080302413646144669 0.99206299212598437 3.0201273556387074 0.047837687519674522 0.1617119365743995 0.05285229645295654 0.15642497995562812 1.4299920114232096 3.120912591408461 0.10021551947434583 0.062850812897547972 0.20509548666482394 2.0950339193447265 1.2424533248940004 0.66241336169451925 3.8815106545092593 0.29501187580757693
decision_type=2 2 2 2 8 10 8 2 2 8 10 2 2 8 8 10 2 2 2 10 10 10 8 2 2 10 10 2 8 10
left_child=3 4 7 15 18 16 11 12 -8 29 -9 25 13 -3 28 -1 -5 -18 -2 24 -21 22 -7 -24 27 26 -4 -16 -12 -10
right_child=1 2 6 5 -6 21 8 10 9 -11 14 -13 -14 -15 19 -17 17 -19 -20 20 -22 -23 23 -25 -26 -27 -28 -29 -30 -31
leaf_value=-0.0019575066046213516 -0.00045534074243414719 -0.00095381775639140527 -0.00074740693356827731 -0.00079908330108641732 -0.00050999440343025063 -0.002604366583559586 -0.00061967541526470921 0.0039021003003687302 0.0018643197968478754 0.0030420928574966671 -0.00072478392866159576 0.0068997136087194915 0.00020589711951391282 4.9396567823714351e-05 0.0022354887232524886 -0.0031507081839551535 -2.0967088366855881e-06 -0.00068704610123655621 0.00110039849757213 -0.0007672711786198737 0.0010037052606535577 0.0040030288367723897 0.00052463046841274999 -0.00311732342957709 -0.0016846590068935604 0.0023692068743958379 0.00068733337199933058 0.00049845550504249803 0.00082301303240523652 -0.0013059171926835846
leaf_weight=1208 70 1689 514 2369 627 1231 134 100 352 1560 695 151 5189 1474 770 514 2266 1183 223 559 532 42 172 90 105 903 2724 1794 196 164
leaf_count=1208 70 1689 514 2369 627 1231 134 100 352 1560 695 151 5189 1474 770 514 2266 1183 223 559 532 42 172 90 105 903 2724 1794 196 164
internal_value=-0.000434783 0.00112906 0.00153856 -0.00397146 -0.00758958 -0.00310647 0.00353837 0.000546016 0.00572592 0.00635532 0.00193497 0.0024109 -0.000244224 -0.001683 0.00170572 -0.00766106 -0.00230968 -0.00126522 0.000459184 0.00241691 1.37363e-05 -0.00612305 -0.00651606 -0.00136882 0.00339888 0.00210406 0.00136153 0.00375439 -0.00129484 0.00203095
internal_weight=29600 20525 19605 9075 920 7353 6502 13103 2210 2076 4751 4292 8352 3163 4651 1722 5818 3449 293 3760 1091 1535 1493 262 2669 4141 3238 2564 891 516
internal_count=29600 20525 19605 9075 920 7353 6502 13103 2210 2076 4751 4292 8352 3163 4651 1722 5818 3449 293 3760 1091 1535 1493 262 2669 4141 3238 2564 891 516
is_linear=0
shrinkage=0.03


Tree=40
num_leaves=31
num_cat=0
split_feature=0 12 12 0 15 13 0 14 0 17 15 12 13 5 13 14 4 10 12 7 1 0 7 12 12 14 3 7 16 10
split_gain=208.975 70.821 22.9345 21.5224 19.157 18.5519 14.5442 13.0521 12.7795 14.0727 11.2342 10.9545 10.6334 10.0808 9.24772 9.22121 9.03402 10.1419 8.65054 9.00622 8.64235 8.31061 11.0278 8.26629 7.93428 10.0708 8.00959 7.70934 7.55769 7.69063
threshold=1.0621863334736437 0.14725151041432663 0.34066920781842175 0.96478991205569009 3.0201273556387074 0.057678499920275871 46.498798076923087 0.26289707616970176 46.498798076923087 2.6844859018881082 1.4978661367769956 0.49436492141671501 0.048860308255914454 0.99666925508902338 0.066390539335636142 0.25609301125943468 766.26273458480739 1.4031398518382996 0.10019557596950614 0.087367985969102585 0.18942218080149117 3.0728261520944451 0.23951735800822446 0.43263878002697848 0.24025832513917059 0.63700939948954105 0.42503946799570275 0.085455286261315141 0.84609131008423255 0.52639695211542992
decision_type=10 2 2 10 8 2 10 2 10 8 10 2 2 8 2 2 8 10 2 10 8 10 10 2 2 2 2 8 8 10
left_child=3 5 6 4 11 7 12 -2 9 -4 -10 -1 15 -14 -6 28 17 -7 19 -18 -5 22 -15 -12 -17 26 -26 -9 29 -3
right_child=1 2 8 20 14 16 -8 27 10 -11 23 -13 13 21 -16 24 18 -19 -20 -21 -22 -23 -24 -25 25 -27 -28 -29 -30 -31
leaf_value=-0.001270640056875521 0.00021587387332735081 -0.0006947768026667765 0.0012685313696234705 -0.001151424154804824 -0.00049747337417652105 0.0002360596509483997 -0.0008938041122253887 -1.5388562714067009e-05 -0.0010885157034381339 0.0044961864067146933 -0.00056332842613381875 0.0029431096338651637 -0.00026199840285425586 0.0011124867380135279 -0.001148506497930146 -0.0001022522107293839 0.00011865013583679821 0.0023540374146018973 0.00021527777249367273 -0.00072203461320025672 -0.00046468219267264033 0.0045485441234117043 -0.00091460163674381492 0.0031853600898373961 -0.0001471491648228998 0.0012845192289298759 0.0024305575258580219 -0.00092426550763864928 -0.0015373915165028792 0.0014898052949310584
leaf_weight=1189 647 73 2223 1912 853 314 188 516 238 890 102 74 519 2301 293 4276 996 146 1933 1346 717 181 198 166 1529 1601 96 3403 64 533
leaf_count=1189 647 73 2223 1912 853 314 188 516 238 890 102 74 519 2301 293 4276 996 146 1933 1346 717 181 198 166 1529 1601 96 3403 64 533
internal_value=-0.000485297 0.000659926 0.00192305 -0.00604882 -0.00809751 -0.00140131 0.00127033 -0.00276549 0.00400691 0.00472543 -0.000414201 -0.00554193 0.0014074 0.00287344 -0.0109067 0.000833231 -8.55152e-05 0.00390456 -0.000515669 -0.00174136 -0.0041692 0.00361432 0.003162 0.00379182 0.000531787 0.00165479 -9.22509e-06 -0.00341709 0.00420268 0.00523888
internal_weight=29517 24479 15178 5038 2409 9301 11559 4566 3619 3113 506 1263 11371 3199 1146 8172 4735 460 4275 2342 2629 2680 2499 268 7502 3226 1625 3919 670 606
internal_count=29517 24479 15178 5038 2409 9301 11559 4566 3619 3113 506 1263 11371 3199 1146 8172 4735 460 4275 2342 2629 2680 2499 268 7502 3226 1625 3919 670 606
is_linear=0
shrinkage=0.03


Tree=41
num_leaves=31
num_cat=0
split_feature=0 12 10 8 0 13 20 15 14 14 12 13 1 12 0 8 0 17 12 8 14 11 15 12 15 1 14 17 16 11
split_gain=194.817 67.9058 19.5035 19.3487 18.6018 18.2443 16.6719 14.9469 13.9985 13.177 12.0673 11.8373 11.4325 10.7948 10.7389 14.2036 10.4056 10.1071 9.82157 9.0318 8.82866 9.47116 13.2973 10.1924 8.82414 8.33656 8.12768 8.00972 7.92055 7.75642
threshold=1.0705231011257799 0.18153016594683716 1.4299920114232096 3.7508938994803382 0.94288975864318336 0.059397822622468475 0.0050602502977390223 2.8029010331479989 0.76867900563298941 0.82050907704918319 0.29321759835126932 0.061137371695798186 0.21030517470145957 0.5044056004368801 1.2316870462916547 1.163084002617351 1.639987585350714 6.6585427530410923 0.10139759561597296 188.65722488378449 0.23961858283757959 9.066585461665527 2.0126758453675748 0.087979909543412851 4.2972622671762819 0.48435972629521024 0.69423898239559179 -0.31310156101340053 0.43201957675881991 10.039874237782998
decision_type=10 2 8 10 10 2 2 8 2 2 2 2 8 2 10 10 10 8 2 10 2 2 10 2 10 8 2 10 8 2
left_child=4 3 6 5 7 9 -3 13 17 20 -10 -9 28 -1 15 -7 -4 19 -5 24 -2 22 -22 -23 27 -13 -27 -8 -6 -25
right_child=1 2 16 18 12 14 8 11 10 -11 -12 25 -14 -15 -16 -17 -18 -19 -20 -21 21 23 -24 29 -26 26 -28 -29 -30 -31
leaf_value=-0.0010661783499035895 0.00025723241089334017 -0.00084731921133342474 0.00049385331995405104 -0.0019149699297566413 -0.0012791219915163987 0.00048957164781159024 0.0026812483523222272 -0.00048254917295122537 0.00067595432343219779 0.0022367016370903907 0.0028430150274375218 -0.0030157140375906204 -0.00043759296791223657 0.0042580430134783213 0.00063265520049249834 -0.00045444512352667672 0.0020860791341434366 0.0054323594809406279 -0.00055076127416993825 -0.0019286517158870124 -0.0013932304435494592 -0.0011457803080161587 0.00092113676683178429 -0.00087098642560478148 -0.0012692129758879078 0.0026190476195862796 -0.00029661040587393959 0.0003099847677409592 5.2386341952295719e-05 -0.00010813500762490119
leaf_weight=995 656 252 1360 868 2231 773 265 731 627 95 444 167 868 74 2142 1154 3149 119 2040 170 255 790 437 1167 90 58 68 5563 218 1708
leaf_count=995 656 252 1360 868 2231 773 265 731 627 95 444 167 868 74 2142 1154 3149 119 2040 170 255 790 437 1167 90 58 68 5563 218 1708
internal_value=-0.000527171 0.000626736 0.00222135 -0.000961857 -0.00567178 -0.00028601 0.00128668 -0.00788682 0.00154966 -0.00147974 0.00471549 -0.010478 -0.00427215 -0.0053972 0.00121253 -0.000412344 0.0037816 0.00100274 -0.00309385 0.000832649 -0.00169027 -0.00217875 0.00103896 -0.00278642 0.00102889 -0.00535714 0.000472441 0.00117344 -0.00532041 -0.00195584
internal_weight=29534 24124 12039 12085 5410 9177 7530 2093 7278 5108 1071 1024 3317 1069 4069 1927 4509 6207 2908 6088 5013 4357 692 3665 5918 293 126 5828 2449 2875
internal_count=29534 24124 12039 12085 5410 9177 7530 2093 7278 5108 1071 1024 3317 1069 4069 1927 4509 6207 2908 6088 5013 4357 692 3665 5918 293 126 5828 2449 2875
is_linear=0
shrinkage=0.03


Tree=42
num_leaves=31
num_cat=0
split_feature=0 12 0 12 15 8 9 0 8 0 7 8 10 9 9 8 12 0 10 17 17 15 15 8 17 16 9 8 9 2
split_gain=190.158 56.1486 28.2623 20.7737 18.6907 17.7498 16.1379 14.9879 13.5348 12.522 12.2458 11.8975 12.2098 11.3199 15.1635 15.075 11.102 10.6078 9.47532 9.34001 9.05022 11.6024 8.50776 8.31096 11.5494 7.83863 7.68605 6.97786 8.38146 7.08815
threshold=1.096633408046997 0.14855466168338707 0.96478991205569009 0.36576277341710034 3.0201273556387074 6.1273128432923505 0.079726801390994043 95.446153846153848 12.287720259691678 2.0961513485034691 0.16638951926295356 2.3266411702237009 1.2268682650549658 0.0065764796462273482 0.051091869955560025 1.4583149269589604 -0.080050295301056881 1.1627904338498196 1.4602383165576336 1.1754304930656578 1.6446965522236028 1.4978661367769956 4.7273486598447958 2.3734102461343185 0.9008421577867588 0.25929374011551171 0.030232996120123035 1.2075477327336002 0.073532391474593742 4.5653233755936773
decision_type=10 2 10 2 8 10 8 10 8 10 10 10 10 8 8 10 2 10 10 8 10 10 8 10 10 10 8 10 10 10
left_child=2 5 4 7 16 13 20 9 22 10 19 -11 25 -2 15 17 -1 -15 26 -3 21 -5 -4 27 -25 -13 -12 -16 -29 -30
right_child=1 3 8 6 -6 -7 -8 -9 -10 11 18 12 -14 14 23 -17 -18 -19 -20 -21 -22 -23 -24 24 -26 -27 -28 28 29 -31
leaf_value=-0.0035207759582231513 0.0020766357213035029 0.00052814935491554986 -0.00065268054573868796 -0.00058550587638162227 -0.0004680726977626886 -0.0012474876582246369 0.0053522928770387019 -0.00082043625954806828 -0.0027693751496946635 0.0039436702952560495 -0.00092061899777585391 -0.00025150505526737657 0.0017719320576728495 -0.00074108875358911514 0.00020661905906825068 -0.0015301704555605073 -0.00017191163471587273 0.00027379399332797899 0.00050861667439626088 0.0033201870155395532 0.0032501568020702376 0.0012033332094301876 0.00090603842961616942 0.0018005042674499689 -0.0020944977672909121 0.0017828026917613815 4.2773235892821571e-05 0.00041513341709742662 -0.00030514888261917093 -0.0043850929970544357
leaf_weight=583 164 3157 3466 484 1130 1692 510 189 388 525 1244 1059 1033 335 1700 692 720 596 2217 187 796 1201 149 269 48 252 2226 686 1862 144
leaf_count=583 164 3157 3466 484 1130 1692 510 189 388 525 1244 1059 1033 335 1700 692 720 596 2217 187 796 1201 149 269 48 252 2226 686 1862 144
internal_value=-0.000460529 0.000801925 -0.00502408 0.00188781 -0.00757395 -0.00119795 0.004126 0.00133375 -0.00347278 0.0014671 0.000918401 0.00319338 0.00227719 -0.000484839 -0.000686878 -0.00318658 -0.00511887 -0.00069206 7.12025e-05 0.00235874 0.0031245 0.00187722 -0.00289961 0.000175159 0.00485849 0.000354421 -0.000907519 -0.000163897 -0.001114 -0.00209268
internal_weight=29704 23268 6436 15080 2433 8188 2991 12089 4003 11900 9031 2869 2344 6496 6332 1623 1303 931 5687 3344 2481 1685 3615 4709 317 1311 3470 4392 2692 2006
internal_count=29704 23268 6436 15080 2433 8188 2991 12089 4003 11900 9031 2869 2344 6496 6332 1623 1303 931 5687 3344 2481 1685 3615 4709 317 1311 3470 4392 2692 2006
is_linear=0
shrinkage=0.03


Tree=43
num_leaves=31
num_cat=0
split_feature=12 20 20 12 4 7 5 9 2 20 8 6 13 8 20 9 15 13 12 9 8 2 14 9 15 15 9 11 12 7
split_gain=142.73 68.2261 39.6271 33.7882 22.8351 21.5451 16.4786 14.5594 17.858 14.434 14.6068 12.4958 12.4858 12.4793 11.1027 10.5772 10.1009 10.0717 10.546 9.68429 9.67096 9.36563 9.26531 14.2926 10.6679 9.04862 8.68346 8.7595 7.95872 7.76873
threshold=0.10019557596950614 0.00083400475854453085 0.41510659582965437 -0.024424772397467539 4293.4958558331882 0.15642497995562812 0.84932945197543763 0.030232996120123035 6.5305490608576493 0.64066457356866713 2.0113967541909861 2.1972086650389691 0.046791452049311628 14.404878011166522 0.052664861986331767 0.044515950319521748 2.8029010331479989 0.096100725235825565 0.40322519259626072 0.079726801390994043 1.757522915100844 6.5633608510066344 0.88821389614272761 0.16910520303777629 3.0201273556387074 3.8815106545092593 0.0055351307189542504 8.3640419847542038 0.15769650760647116 0.4575313335713494
decision_type=2 2 2 2 8 10 10 8 8 2 10 2 2 10 2 8 10 2 2 8 8 8 2 10 10 10 10 2 2 10
left_child=3 4 6 16 -2 12 11 8 -4 10 20 14 25 -14 26 -16 -1 18 28 -7 21 -9 23 24 -12 -5 -3 -28 -10 -6
right_child=1 2 7 5 29 19 -8 9 17 -11 22 -13 13 -15 15 -17 -18 -19 -20 -21 -22 -23 -24 -25 -26 -27 27 -29 -30 -31
leaf_value=-0.0017925150681543877 -0.00015559409045339545 0.0068481488365448101 0.0020959349599739717 -0.00065358912215837217 -0.00045125171398063005 -0.0024727951005249871 -0.0017549970005063481 -0.0025552556806265848 -0.0013647660038138133 8.7941761127285076e-05 0.00017017069648046418 0.003600037077203582 -2.8274270337816793e-05 -0.0017493053491799697 0.0011981114330646336 0.0025156746733387293 -0.0028971999111503432 0.00068474999245579172 0.0012040178148996052 -0.00059994002761242968 0.0035604096477869556 0.0016735767640474384 0.0024566275216532556 -0.0013980773936891149 0.0015746553216273841 -0.0024398611451184023 -0.0013498143147653086 0.0003691097184252537 -0.00041550644765627327 -0.00045125171398063005
leaf_weight=1100 369 56 120 2161 560 1066 110 83 814 7395 1352 1033 3075 471 1746 851 609 529 183 403 298 1046 77 313 596 147 157 267 2544 112
leaf_count=1100 369 56 120 2161 560 1066 110 83 814 7395 1352 1033 3075 471 1746 851 609 529 183 403 298 1046 77 313 596 147 157 267 2544 112
internal_value=-0.000505499 0.00087255 0.00127076 -0.00364995 -0.00660749 -0.00276283 0.00384506 0.00056283 -0.000944882 0.00112893 0.00264073 0.00415227 -0.00194705 -0.000828869 0.00319201 0.00396651 -0.00744737 -0.00128224 -0.00185912 -0.0060102 0.00503151 0.00375664 0.00117999 0.000828912 0.00178553 -0.00366392 -0.000997921 -0.00247059 -0.00224174 -0.00989599
internal_weight=29643 20611 19570 9032 1041 7323 4220 15350 4190 11160 3765 4110 5854 3546 3077 2597 1709 4070 3541 1469 1427 1129 2338 2261 1948 2308 480 424 3358 672
internal_count=29643 20611 19570 9032 1041 7323 4220 15350 4190 11160 3765 4110 5854 3546 3077 2597 1709 4070 3541 1469 1427 1129 2338 2261 1948 2308 480 424 3358 672
is_linear=0
shrinkage=0.03


Tree=44
num_leaves=31
num_cat=0
split_feature=0 0 8 3 14 14 13 1 0 14 20 7 17 8 0 0 7 8 5 3 11 3 13 7 11 16 11 14 14 17
split_gain=173.907 65.438 19.6791 19.0331 19.7295 18.6952 18.6928 16.3324 14.585 13.411 13.226 13.0933 11.8283 11.634 11.6322 11.3322 10.496 15.7109 10.3286 10.0903 8.91623 8.73599 12.4333 8.99139 13.3541 8.73284 8.67307 13.1481 11.8499 13.7157
threshold=1.0621863334736437 1.5608910163763616 3.7508938994803382 0.1397703259187224 0.27735230725343796 0.76363389752484623 0.035322458591807424 0.034683239775461068 95.446153846153848 0.64617991752757942 1.0823222838339188 0.3992101321182534 2.5113171736250868 1.0948037997423621 0.91535667307815294 2.6049838734176016 0.30498730852503547 2.5436357524389472 0.84932945197543763 0.11729282061878168 7.3427789798660452 0.4341530597848699 0.057678499920275871 0.17362167968207126 10.963263718913563 0.4014064535269376 9.066585461665527 0.70204228572311267 0.24838286822415781 0.28761965243776438
decision_type=10 10 10 2 2 2 2 8 10 2 2 10 8 8 10 10 10 10 10 2 2 2 2 10 2 10 2 2 2 10
left_child=6 2 5 8 -5 21 7 10 15 12 25 -10 16 -8 -9 -3 -6 -18 -17 -4 -11 22 26 -24 -25 -1 27 -2 29 -28
right_child=1 3 19 4 9 -7 13 14 11 20 -12 -13 -14 -15 -16 18 17 -19 -20 -21 -22 -23 23 24 -26 -27 28 -29 -30 -31
leaf_value=-0.00057839018625365456 -0.00032792475796246357 0.00027900232455171453 -0.0017394731036615568 0.0032653605931634898 0.00093731000652635781 0.00083379724717403704 4.6336992437665497e-06 -0.0004377141625612112 -0.0009393270632231137 -0.0013292906579149316 -0.0036933131007958345 0.00099932445706254818 0.0056799326244513105 -0.00078276036981611953 -0.0014431501039970734 0.0015874329998159774 -0.0017886302304028403 0.00039200433331097891 -0.0024969904848309728 -0.00037175622720988664 0.0025048059234376746 0.0004913356389747225 0.00018016728351097063 -0.001682906852429934 0.0017808233115691079 0.00061018799401302011 -0.00065615384831453703 0.0011963117106570575 -0.00055192312141808734 0.0010941246227572571
leaf_weight=674 700 3180 1031 418 1260 1025 625 626 282 81 284 182 221 1678 1048 2183 255 390 74 1932 1768 695 3513 207 46 209 260 198 4188 362
leaf_count=674 700 3180 1031 418 1260 1025 625 626 282 81 284 182 221 1678 1048 2183 255 390 74 1932 1768 695 3513 207 46 209 260 198 4188 362
internal_value=-0.0004678 0.000587069 -0.000736333 0.00240699 0.00390191 -0.000160786 -0.00548105 -0.00710943 0.00129363 0.00324824 -0.00437928 -0.00380645 0.001622 -0.00347005 -0.00900896 0.0017295 0.000857817 -0.00225232 0.00335474 -0.00290992 0.00511622 -0.000550147 -0.000788391 0.000549509 -0.00490157 -0.00256222 -0.00167105 0.00103448 -0.00217626 0.00168539
internal_weight=29595 24451 14157 10294 4393 11194 5144 2841 5901 3975 1167 464 2126 2303 1674 5437 1905 645 2257 2963 1849 10169 9474 3766 253 883 5708 898 4810 622
internal_count=29595 24451 14157 10294 4393 11194 5144 2841 5901 3975 1167 464 2126 2303 1674 5437 1905 645 2257 2963 1849 10169 9474 3766 253 883 5708 898 4810 622
is_linear=0
shrinkage=0.03


Tree=45
num_leaves=31
num_cat=0
split_feature=0 0 0 6 8 8 14 10 9 0 4 12 11 11 9 14 3 16 8 4 9 17 8 10 4 14 8 0 16 8
split_gain=164.985 54.8064 24.0868 20.6958 17.7445 17.7138 16.0802 13.3402 10.4423 9.77513 9.65293 9.36943 9.25209 9.67345 9.22936 9.61219 8.66366 12.1588 10.1602 11.1509 9.53832 8.93191 8.66238 9.98248 8.93844 8.06781 10.3796 8.02925 8.39351 7.8178
threshold=1.0705231011257799 1.5608910163763616 0.94288975864318336 1.838287645687646 14.934267760433713 5.2550473933281774 0.76363389752484623 1.288863294238338 0.043281632010347196 46.498798076923087 191.52068815792578 0.13071718184432071 8.3640419847542038 10.821406956953568 1.0000000180025095e-35 0.64988801322116307 0.2254741433349855 0.092874755994918776 1.1217200748231078 1662.0964327078507 0.026444639537643193 -0.12457338067736674 1.5072758776725819 2.0372914601607222 1177.3977606381807 0.47333326064401643 1.2472824973766365 2.2074037802280944 0.15002422544813354 162.33537707238057
decision_type=10 10 10 2 10 10 2 10 8 10 10 2 2 2 10 2 2 10 10 10 8 10 10 10 10 2 10 10 10 10
left_child=2 5 -1 4 8 6 16 -6 12 27 -4 -7 -3 14 15 -14 18 -18 19 21 22 -2 24 -24 -20 -12 -27 28 -10 -9
right_child=1 3 10 -5 7 11 -8 29 9 -11 25 -13 13 -15 -16 -17 17 -19 20 -21 -22 -23 23 -25 -26 26 -28 -29 -30 -31
leaf_value=-0.00042736154053355278 -0.0024763613307111536 0.004265831947702632 0.00028357363812395409 0.0017440787642049817 -0.00052408123073523964 -0.0014707183962007413 0.00081888082542647177 0.0018310763903549056 0.00042153814103386476 -0.00070061488385799928 -0.0010937205916796359 -0.00022753191014858551 -0.0022032217707550791 0.0013037847227070881 0.00015039878775634769 0.0034735360198422209 -0.00054563746101748923 0.00042122546794340826 0.001172699769139353 -0.00040832858640253169 -0.00018477007022188512 0.0011575048778535259 -0.0018774541087218958 0.00073082537408747567 -0.00051409564507778221 -0.00025784930586184767 -0.0018567692887897233 0.003879282848443146 0.0023611895935949823 -0.00035693008254898185
leaf_weight=2081 41 218 404 3062 2021 1408 1001 727 809 68 1136 1409 124 276 1402 41 850 2341 120 197 4940 353 683 79 380 957 766 560 667 341
leaf_count=2081 41 218 404 3062 2021 1408 1001 727 809 68 1136 1409 124 276 1402 41 850 2341 120 197 4940 353 683 79 380 957 766 560 667 341
internal_value=-0.000439874 0.000616941 -0.00520861 0.00227101 0.00139766 -0.000619431 -7.50956e-05 -0.000325243 0.00267523 0.00416152 -0.00359835 -0.00274131 0.00115664 0.000463666 -0.000449617 -0.00713855 -0.000438658 0.000850564 -0.0010443 0.00271115 -0.00140255 0.00562025 -0.00372922 -0.0057405 -0.000658683 -0.00421154 -0.00291473 0.00453608 0.0033717 0.00238541
internal_weight=29462 24118 5344 10316 7254 13802 10985 3089 4165 2104 3263 2817 2061 1843 1567 165 9984 3191 6793 591 6202 394 1262 762 500 2859 1723 2036 1476 1068
internal_count=29462 24118 5344 10316 7254 13802 10985 3089 4165 2104 3263 2817 2061 1843 1567 165 9984 3191 6793 591 6202 394 1262 762 500 2859 1723 2036 1476 1068
is_linear=0
shrinkage=0.03


Tree=46
num_leaves=31
num_cat=0
split_feature=0 20 13 15 10 7 12 0 15 8 12 20 8 15 15 14 7 0 8 12 15 13 2 0 14 14 16 6 15 1
split_gain=163.604 58.8917 19.1776 20.5399 18.5027 17.8135 15.8429 15.7605 12.3157 16.3603 11.6932 11.0617 9.3052 9.84506 9.24328 9.12727 8.7436 8.50978 8.30974 8.27429 9.15217 8.23691 10.1188 8.43071 8.19431 8.19384 7.93248 7.78815 7.36537 7.35272
threshold=1.0621863334736437 0.72637553234708274 0.035322458591807424 3.0677824455408698 1.4299920114232096 0.087367985969102585 0.082768146757525876 0.99854870663127659 3.3140206880897671 12.287720259691678 -0.090751290006323412 1.1723733038117004 1.0948037997423621 2.9700856263602158 3.8815106545092593 0.13289012947648118 0.15090816188082923 2.0171744610769182 1.2275426651503909 0.17337531495499195 2.3502401828962087 0.02354234886814971 6.4150026342301194 2.1758322155458596 0.36214350938514428 0.13987878298004711 -0.14003269448916286 2.8622142997216229 2.4414009612931857 0.033520599250936318
decision_type=10 2 2 8 8 8 2 10 8 10 2 2 10 10 10 2 10 10 10 2 10 2 10 10 2 2 10 2 8 10
left_child=2 4 3 10 8 14 16 -5 9 21 -1 12 -4 28 18 -6 -7 26 -3 20 -8 23 -23 -2 -16 -22 -17 -11 -14 -9
right_child=1 5 11 7 15 6 19 29 -10 27 -12 -13 13 -15 24 17 -18 -19 -20 -21 25 22 -24 -25 -26 -27 -28 -29 -30 -31
leaf_value=-0.0028026696053985176 0.00020557208388465655 0.00041845506264488676 0.00019476519835744761 -0.00041454069431754614 0.0038036638343681558 -0.00054432256553754482 -0.0010818993161071844 0.00062059812878732573 -0.00024035120229235786 -0.00014097562483530112 -0.00056494535630441562 -0.0081471333233145964 -0.00050206264580267604 -0.001329485809508685 -0.0020077952245444288 -0.0017846310929215074 -0.0022125578564092087 0.0021134687810649149 -0.0015869896109023587 0.0002704078477979002 0.0010166708320577058 0.0019389826330984544 -0.00056652100917536864 0.0022292591919640657 -0.00030723901677346017 -0.00024702242409263282 0.0007304770287722476 0.0018747276829079024 1.4595631562111487e-05 -0.0013089886989567606
leaf_weight=339 1616 2189 554 862 140 1287 869 99 2178 2711 1239 244 351 513 60 112 685 2227 237 1369 74 1316 113 745 244 3711 2490 234 587 276
leaf_count=339 1616 2189 554 862 140 1287 869 99 2178 2711 1239 244 351 513 60 112 685 2227 237 1369 74 1316 113 745 244 3711 2490 234 587 276
internal_value=-0.000444358 0.000566279 -0.00535439 -0.00700462 0.00185623 -0.00110339 -0.00181778 -0.00989903 0.00103825 0.00167236 -0.00473084 -0.00328667 -0.00254985 -0.00381198 0.000988649 0.00332294 -0.00415104 0.00310248 0.00160692 -0.00105329 -0.00165628 0.00297547 0.00477273 0.00188611 -0.00393443 -0.00101823 0.00193623 -5.09165e-06 -0.00198083 -0.00474734
internal_weight=29671 24607 5064 2815 13882 10725 7995 1237 8913 6735 1578 2249 2005 1451 2730 4969 1972 4829 2426 6023 4654 3790 1429 2361 304 3785 2602 2945 938 375
internal_count=29671 24607 5064 2815 13882 10725 7995 1237 8913 6735 1578 2249 2005 1451 2730 4969 1972 4829 2426 6023 4654 3790 1429 2361 304 3785 2602 2945 938 375
is_linear=0
shrinkage=0.03


Tree=47
num_leaves=31
num_cat=0
split_feature=12 20 1 12 12 7 6 16 13 15 13 13 3 4 7 3 20 13 7 14 14 20 13 15 15 14 11 17 20 7
split_gain=123.557 46.7775 40.8881 31.7759 28.6085 18.4767 16.49 14.1081 13.8684 12.6282 12.2118 11.3661 10.6842 10.2759 10.7836 10.0689 9.71518 8.82199 10.8603 8.77199 13.994 9.28242 8.56588 8.30437 8.16543 7.96784 11.6651 10.2635 8.91694 7.5173
threshold=0.10139759561597296 0.00039431462807598927 0.083874458874458893 -0.024424772397467539 0.24198251963087095 0.15557299315193249 2.7140187635968096 0.25723900418894075 0.10566186614556582 3.0201273556387074 0.035874103367187875 0.053918475218732498 0.18888381065171703 1553.6784921806886 0.049126966589761963 0.14987364569487927 1.2967397186147187 0.19280385077913953 0.15557299315193249 0.2885443022640492 0.64988801322116307 0.615926943076612 0.15097134249492397 2.8617925509761908 3.9796379800581989 0.28239317693402188 10.821406956953568 0.42216462939595562 0.65617516391617248 0.1071915588444992
decision_type=2 2 8 2 2 10 2 10 2 10 2 2 2 10 10 2 2 2 10 2 2 2 2 8 10 2 2 8 2 10
left_child=3 2 -2 9 11 10 7 -6 -4 16 24 23 -7 14 -12 -16 29 18 -13 21 -21 -9 -20 -3 -5 26 27 -25 -27 -1
right_child=1 4 8 5 6 12 -8 19 -10 -11 13 17 -14 -15 15 -17 -18 -19 22 20 -22 -23 -24 25 -26 28 -28 -29 -30 -31
leaf_value=-0.00032437926842962815 2.144121578651605e-05 -0.0004079240762856141 -0.00039932567063884189 -0.00063965959748301607 0.00032674057856775209 -0.0025836005702993344 0.0026385162744063891 0.0040477044307511093 0.0010413127567984006 -0.0029033571576717733 0.0012097829941238143 0.00062550042156393542 -0.000334770646711127 -0.00070137275005087061 0.00020589056861226458 -0.00052747190570548842 -0.016345323535562367 -0.00097020734892310488 -0.00029457204936836774 0.00014797783326314762 0.002150465183073678 0.00030441814732353904 0.0033897164828255977 0.00017993065334425364 -0.0024148234355023598 0.00091169690169414224 -0.0012804758924045061 0.0026153860315987478 -0.00019621600589812783 -0.0024771977269467259
leaf_weight=563 375 3905 498 1857 3572 1037 1384 196 40 514 395 3012 485 1624 1149 709 191 309 1255 1135 1238 123 64 227 84 849 52 198 2015 469
leaf_count=563 375 3905 498 1857 3572 1037 1384 196 40 514 395 3012 485 1624 1149 709 191 309 1255 1135 1238 123 64 227 84 849 52 198 2015 469
internal_value=-0.00038713 0.000905957 -0.00572757 -0.00329974 0.00121628 -0.00243564 0.0026474 0.00199202 -0.0110204 -0.00694764 -0.00166523 0.000295281 -0.00537754 -0.000692367 0.0006189 -0.000338892 -0.00528186 0.00145443 0.00180402 0.00363164 0.00300126 0.00829687 -0.000465909 -0.000447082 -0.00360711 0.000650808 0.0042364 0.00588028 5.2356e-05 -0.00412391
internal_weight=29524 20447 913 9077 19534 7340 7648 6264 538 1737 5818 11886 1522 3877 2253 1858 1223 4640 4331 2692 2373 319 1319 7246 1941 3341 477 425 2864 1032
internal_count=29524 20447 913 9077 19534 7340 7648 6264 538 1737 5818 11886 1522 3877 2253 1858 1223 4640 4331 2692 2373 319 1319 7246 1941 3341 477 425 2864 1032
is_linear=0
shrinkage=0.03


Tree=48
num_leaves=31
num_cat=0
split_feature=0 12 15 0 12 12 7 13 20 20 5 4 13 8 7 16 8 15 6 10 8 12 11 12 0 10 12 8 15 8
split_gain=163.395 47.6299 21.5357 19.6783 15.3072 14.6414 14.292 13.7456 13.012 15.5877 13.2217 11.0401 11.3044 11.4252 11.3125 10.6998 10.4057 10.2612 10.0153 9.62689 8.84611 8.72395 8.56899 8.05342 7.89511 7.88094 7.52507 12.0668 7.46359 7.43567
threshold=1.0621863334736437 0.1551424685005012 3.1132683346437333 0.96478991205569009 -0.069276408988107704 0.61181374187275106 0.16954296859386678 0.054400103067353926 0.0050602502977390223 0.38392434642015655 0.86773157538877632 766.26273458480739 0.042991323184348361 1.163084002617351 0.072123628569388545 -0.14003269448916286 176.43351177411157 4.7273486598447958 2.1687681152424285 3.3912801418080316 14.387127795924034 0.41926813066888619 7.2470803309351544 0.065924949513182632 1.3767460276685526 1.3192042533651722 0.08036186035887917 1.2472824973766365 4.5695295849856103 27.642146678326984
decision_type=10 2 8 10 2 2 10 2 2 2 10 10 2 10 10 10 10 8 2 10 10 2 2 2 10 10 2 10 10 10
left_child=2 6 4 7 -1 8 11 -4 21 10 18 25 -13 -14 -15 -11 28 -5 20 23 -10 -3 -22 -8 -16 -2 27 -6 -17 -26
right_child=1 5 3 17 26 -7 19 -9 9 15 -12 12 13 14 24 16 -18 -19 -20 -21 22 -23 -24 -25 29 -27 -28 -29 -30 -31
leaf_value=-0.0028137070976713666 0.0002179727139374253 -0.00081127402312481604 -0.00039012470336885453 -0.0011480638981407067 -0.00028555944453763078 0.006915226402121776 -0.0033895769500920116 -0.00050905694438026792 0.0025802630565226899 -0.00091385595181719959 -0.0023833655128145839 -0.00058802324801376308 0.00047457925325167612 -0.0022485164442068726 -0.00025757698395878508 0.00049185757669119757 -0.0014450368736824684 0.00069992426540385578 0.0029267422053285575 0.002612302345166215 -0.002947772814418873 0.00050728195302560141 0.00078961108806708939 -0.00087009475099399526 0.0011037412900870411 0.0018853237409432312 5.3006610674031376e-05 -0.0022079044493095719 -0.0008680479979464446 -0.00092952205154625902
leaf_weight=718 791 219 786 891 1154 227 273 302 1006 564 77 2037 1222 280 2339 9471 319 108 793 57 56 208 1396 1990 600 217 357 769 60 191
leaf_count=718 791 219 786 891 1154 227 273 302 1006 564 77 2037 1222 280 2339 9471 319 108 793 57 56 208 1396 1990 600 217 357 769 60 191
internal_value=-0.000390787 0.000629048 -0.00528215 -0.00762213 -0.00365122 0.00173369 -0.000961692 -0.0104132 0.00161221 0.00177254 0.00355963 -0.000337979 -0.00078036 3.88517e-05 -0.000853122 0.00120115 0.00143133 -0.004575 0.00385148 -0.00302456 0.00290362 -0.00353972 0.00140399 -0.0033326 -0.000335356 0.00258672 -0.0024463 -0.00318867 0.00160984 0.00225379
internal_weight=29478 24393 5085 2087 2998 14396 9997 1088 14169 13742 3328 7677 6669 4632 3410 10414 9850 999 3251 2320 2458 427 1452 2263 3130 1008 2280 1923 9531 791
internal_count=29478 24393 5085 2087 2998 14396 9997 1088 14169 13742 3328 7677 6669 4632 3410 10414 9850 999 3251 2320 2458 427 1452 2263 3130 1008 2280 1923 9531 791
is_linear=0
shrinkage=0.03


Tree=49
num_leaves=31
num_cat=0
split_feature=0 12 13 15 7 6 12 0 4 14 11 0 0 5 14 8 15 13 8 14 0 12 9 12 9 13 0 5 11 16
split_gain=140.194 52.0167 23.7744 19.6884 17.7294 16.7705 15.4659 14.1244 13.2812 11.2002 10.1056 9.86564 10.7203 11.0287 10.2718 10.0393 9.88338 9.55984 9.14663 9.00018 8.88559 8.42492 12.4815 8.31771 8.17995 7.93654 7.84155 8.42915 7.749 7.52754
threshold=1.0462208947841087 0.16250718639944231 0.036434839990835848 2.8029010331479989 0.15557299315193249 2.289863749990583 0.065924949513182632 0.91535667307815294 712.10621229698233 0.26289707616970176 9.9679401300085129 46.498798076923087 2.5461914976865621 0.84932945197543763 0.66660426149633356 19.151368462309481 1.4978661367769956 0.040182555916802455 14.404878011166522 0.13289012947648118 0.82511311878168192 0.31127405721333995 0.058612026423892551 0.30750776394828178 0.1414382842321566 0.089730378936847641 1.3767460276685526 0.73343313373253516 10.931310713559283 0.4700752163315477
decision_type=10 2 2 8 10 2 2 10 10 2 2 10 10 10 2 8 10 2 10 2 8 2 8 2 8 2 10 10 2 10
left_child=2 4 3 10 8 9 -6 -5 -2 24 29 12 14 -14 -11 23 -13 -10 26 -8 -4 -7 -23 25 -3 -16 28 -28 -19 -1
right_child=1 5 20 7 6 21 19 -9 17 11 -12 16 13 -15 15 -17 -18 18 -20 -21 -22 22 -24 -25 -26 -27 27 -29 -30 -31
leaf_value=-0.0013805161986121695 0.00065655229044369028 0.001394516951838177 -0.0092031859083045436 -0.00037564215941861094 -0.0024981696795155308 0.00067691475690326069 0.0014259030564892489 -0.0014457252010823445 -0.00050696587567832386 -0.0001140221898205676 0.00048655790728984811 -0.00094398433245973577 0.0015020354884922042 -0.0019152992251113489 0.00036441509890345025 -0.00023084543155413027 0.00013838016405510483 0.00012732207964580769 -0.00067573218839224057 -0.00070469473894535441 -0.00032525815957424356 0.0015684355093185482 0.0039148439447415934 0.0030019610582167019 -0.0008370526609218946 0.0021669791063363983 0.0012690869563626618 -0.00062975310627127697 -0.00046531338053552277 7.7020239793384562e-05
leaf_weight=997 898 693 193 592 460 1553 80 718 2131 4123 58 217 2401 70 1460 1017 233 2742 749 2798 1752 864 441 322 72 282 504 149 789 204
leaf_count=997 898 693 193 592 460 1553 80 718 2131 4123 58 217 2401 70 1460 1017 233 2742 749 2798 1752 864 441 322 72 282 504 149 789 204
internal_value=-0.000436356 0.000440736 -0.00530233 -0.0071965 -0.00106716 0.00168012 -0.00290207 -0.00977117 -0.000297627 0.00114315 -0.0045119 0.000878432 0.00108051 0.00278519 0.000495489 0.00180565 -0.00345898 -0.000734607 -9.12039e-06 -0.00208406 -0.00279805 0.00372508 0.00550153 0.00300726 0.00464099 0.00218589 0.000537634 0.00355505 -2.12344e-05 -0.00510399
internal_weight=29562 25048 4514 2569 11300 13748 3338 1310 7962 10890 1259 10125 9675 2471 7204 3081 450 7064 4933 2878 1945 2858 1305 2064 765 1742 4184 653 3531 1201
internal_count=29562 25048 4514 2569 11300 13748 3338 1310 7962 10890 1259 10125 9675 2471 7204 3081 450 7064 4933 2878 1945 2858 1305 2064 765 1742 4184 653 3531 1201
is_linear=0
shrinkage=0.03


Tree=50
num_leaves=31
num_cat=0
split_feature=0 0 0 15 6 13 3 7 4 17 8 14 13 2 15 0 0 7 14 2 7 8 4 12 8 13 7 8 17 11
split_gain=129.704 41.286 20.4473 32.7642 20.2802 16.5979 16.5749 21.7594 17.4315 16.2288 13.9899 13.6961 12.4605 10.3399 8.84194 8.51431 11.4562 11.3716 12.5922 12.0449 10.3186 9.58179 9.47356 9.18909 10.4089 9.00899 7.8986 8.58848 7.74803 7.6969
threshold=1.0758618360501606 1.3767460276685526 0.99854870663127659 3.0201273556387074 2.3262602725095194 0.054400103067353926 0.21195438822876791 0.15090816188082923 712.10621229698233 4.5556282068761424 1.1961149005429206 0.28239317693402188 0.035322458591807424 6.1391861961840721 4.7273486598447958 46.498798076923087 2.5461914976865621 0.16638951926295356 0.64791877638486606 6.5921773106201718 0.32600246255126958 21.26535038862394 360.8044483994052 0.30494223795343883 39.367390213594916 0.075123561178372128 0.057905053573447739 1.1382321208291464 -0.095481125149492127 9.4678080515874239
decision_type=10 10 10 8 2 2 2 10 8 8 10 2 2 10 8 10 10 10 2 8 8 10 8 2 10 2 10 10 10 2
left_child=2 6 3 9 11 -5 7 8 -2 10 -1 -3 -10 26 -4 16 17 19 -19 28 -17 25 -20 -24 -25 -21 27 -14 -13 -18
right_child=1 4 14 5 -6 -7 -8 -9 12 -11 -12 15 13 -15 -16 20 29 18 22 21 -22 -23 23 24 -26 -27 -28 -29 -30 -31
leaf_value=-0.00033555714291984593 0.0010654370616470438 0.0014083410202585592 -0.00057566004773753092 -0.00036715169748523056 0.0015213824440389922 -0.00066478892091548268 0.00017348631791928257 -0.0011156102403913591 -0.00092682892326714067 4.0451844554920081e-05 -0.0042317421371554217 0.0027443220589138434 0.0014071111722541595 -0.0019568844686706941 0.0011271499898370956 -0.00081945948567217438 0.0027683651237366369 -0.00053808908637092707 -0.0020860170279881365 0.00034370650362801163 0.00047190096013994068 -0.00058386720955948604 0.00018897531037622746 0.0028877863684905474 -0.00023645667362952593 0.001553141321847615 -6.8057589259298883e-05 -0.0011510265671503389 -0.00082747018544036995 0.00074081094548805293
leaf_weight=716 368 760 2380 987 2584 442 3572 2001 823 312 705 40 263 230 91 235 833 2467 124 1033 212 281 1744 348 170 986 2746 63 358 1679
leaf_count=716 368 760 2380 987 2584 442 3572 2001 823 312 705 40 263 230 91 235 833 2467 124 1033 212 281 1744 348 170 986 2746 63 358 1679
internal_value=-0.000396393 0.00056812 -0.00449148 -0.00608916 0.00163046 -0.00945105 -0.00089401 -0.00179677 -0.000637517 -0.00331315 -0.004673 0.00108065 -0.00119607 -0.000372389 -0.00244539 0.000799163 0.000979233 0.00039526 -0.000472806 0.00195628 -0.00324777 0.00279009 0.00108085 0.00152452 0.0050289 0.00351238 8.7862e-05 0.00449541 -0.00285714 0.00273378
internal_weight=29553 23920 5633 3162 13854 1429 10066 6494 4493 1733 1421 11270 4125 3302 2471 10510 10063 7551 4853 2698 447 2300 2386 2262 518 2019 3072 326 398 2512
internal_count=29553 23920 5633 3162 13854 1429 10066 6494 4493 1733 1421 11270 4125 3302 2471 10510 10063 7551 4853 2698 447 2300 2386 2262 518 2019 3072 326 398 2512
is_linear=0
shrinkage=0.03


Tree=51
num_leaves=31
num_cat=0
split_feature=0 0 13 1 6 8 8 9 14 12 0 0 20 9 0 14 15 13 11 9 8 9 13 14 13 3 9 2 9 13
split_gain=138.803 49.8592 27.0033 18.905 16.858 13.7689 13.497 13.5737 13.0461 11.3921 10.8648 10.6062 10.5106 10.6858 10.2086 10.1964 9.63562 8.74604 8.64258 12.1679 13.5993 8.48968 10.7918 8.45563 8.22359 15.4716 11.1982 11.8988 11.6492 11.3946
threshold=1.0501066582977427 1.5608910163763616 0.035874103367187875 0.034683239775461068 2.1687681152424285 4.4591508171142653 19.151368462309481 0.043281632010347196 0.82050907704918319 0.13200789742452648 46.498798076923087 0.91535667307815294 1.2967397186147187 0.1057214469874434 0.92503402323894546 0.6349557145211423 4.166635176627655 0.10566186614556582 7.9396934185121451 0.0081648053701931528 162.33537707238057 0.026885920314916479 0.091410878604226961 0.70044106902768122 0.057678499920275871 0.21012551421040629 0.0070793987473236871 5.7295499217261048 0.041766259567887078 0.11174267517437136
decision_type=10 10 2 8 2 10 10 8 2 2 10 10 2 8 8 2 10 2 2 10 10 10 2 2 2 2 10 10 10 2
left_child=2 5 3 14 6 8 7 17 24 -7 16 -5 13 21 -1 -15 -9 -3 -8 20 -20 22 -4 -6 25 -2 -26 28 -28 -29
right_child=1 4 12 11 23 9 18 10 -10 -11 -12 -13 -14 15 -16 -17 -18 -19 19 -21 -22 -23 -24 -25 26 -27 27 29 -30 -31
leaf_value=-0.0034507488102402247 -0.00051178018643276992 4.9960513407148185e-05 -0.00044165819923512432 -0.00035335834371149569 0.001281172815480105 -0.0012986248552176185 -0.0018748991983598992 0.0017558298645576704 0.0016793448123974888 -0.0001670967241728524 -0.00075648375660657141 -0.0013942384160525855 -0.012196104132347551 -0.00082575470331997544 -0.00033633300955223478 0.00039371782871576433 -0.0011458849829222716 0.0023446846100531097 0.0057001495428773332 -0.00010788403793571575 -0.00095557352291518406 -0.0010733728549935403 0.0019437545431434109 0.0026815425343322311 0.0022068086201687985 5.9474334410150457e-05 -0.00034130165054753041 0.00024626019260894305 0.00035290870713860085 -0.0037603088124051097
leaf_weight=277 3601 2164 200 621 1459 1582 279 2318 272 1415 90 906 124 393 785 525 67 221 140 2586 96 662 97 905 158 3587 902 149 2838 160
leaf_count=277 3601 2164 200 621 1459 1582 279 2318 272 1415 90 906 124 393 785 525 67 221 140 2586 96 662 97 905 158 3587 902 149 2838 160
internal_value=-0.000439655 0.000441176 -0.00523415 -0.00725676 0.00203806 -0.000683259 0.00137717 0.00236371 -0.000217261 -0.00249666 0.00391963 -0.00939463 -0.00261489 -0.00205272 -0.00417686 0.000261153 0.00430637 0.000748114 -0.000169246 0.000329437 0.00683544 -0.00426562 -5.03356e-05 0.00426216 -0.000372499 -0.000989011 0.000680846 0.000374074 0.000842021 -0.00527419
internal_weight=29579 24989 4590 2589 10325 14664 7961 4860 11667 2997 2475 1527 2001 1877 1062 918 2385 2385 3101 2822 236 959 297 2364 11395 7188 4207 4049 3740 309
internal_count=29579 24989 4590 2589 10325 14664 7961 4860 11667 2997 2475 1527 2001 1877 1062 918 2385 2385 3101 2822 236 959 297 2364 11395 7188 4207 4049 3740 309
is_linear=0
shrinkage=0.03


Tree=52
num_leaves=31
num_cat=0
split_feature=0 0 15 0 12 0 15 3 9 9 13 5 16 0 13 1 0 0 13 11 15 2 15 15 13 16 9 5 4 9
split_gain=129.514 42.4482 23.0103 20.7211 17.8487 19.1355 14.936 13.7483 18.6985 13.4599 17.6998 14.2386 14.0086 11.8543 11.3466 14.6204 11.0257 9.92477 9.4055 10.5155 9.27228 9.20736 9.20079 8.62998 8.39751 8.17126 12.3055 9.77506 7.90423 7.88269
threshold=1.0501066582977427 1.3673675143763635 2.9700856263602158 0.90229493605402722 0.43263878002697848 95.446153846153848 4.7273486598447958 0.21195438822876791 0.046914819859710064 0.030232996120123035 0.096100725235825565 0.99599183909523215 -0.14003269448916286 0.77248472015492953 0.10720827045907613 0.48435972629521024 1.7657601631482229 2.5461914976865621 0.050671861339640099 11.304658209589645 4.4601277074540464 6.5049946704537467 4.3882378946731615 4.3757372435704527 0.0031732228375630496 0.28915458266179833 0.0052366209641751468 0.66789758739537186 521.071896164544 0.080302413646144669
decision_type=10 10 8 10 2 10 8 2 8 8 2 8 10 8 2 8 10 10 2 2 10 8 10 8 2 10 8 10 10 8
left_child=2 7 13 14 5 9 -5 8 24 10 17 23 -13 -1 -4 -16 20 21 -10 28 -14 -3 -21 -11 -2 26 -9 -28 -20 -6
right_child=1 4 3 6 29 -7 -8 25 18 11 -12 12 16 -15 15 -17 -18 -19 19 22 -22 -23 -24 -25 -26 -27 27 -29 -30 -31
leaf_value=-0.014677553515728371 -0.0022258126905299208 0.0026880189160575596 -0.00034275759340015086 -0.001228809283934235 0.0019359173564981022 -0.00075211309334009423 0.00069157581353908673 0.0018620487764219986 -0.00047659029288618182 -0.00068452354365010522 0.002144602369757206 -0.00089822383210767277 0.00053230021215223055 -0.00039874466880548119 -0.0037243717888193989 0.0011363734003058473 0.0015277232680066205 0.00068299655886384534 0.0016577082312832091 -0.0012883498229300896 -0.0012356803975150897 -0.00056682851611322986 0.00042648853679942028 0.0020682563538070432 -0.00058590672504968053 0.00062724858449460957 -0.00021358103089234946 0.00096147565203784987 0.00012384056661833608 0.0066482263896635325
leaf_weight=168 560 52 661 1204 1333 307 155 148 2041 774 461 332 3874 2247 69 65 2686 1271 143 212 54 2620 87 65 1446 1102 2599 141 2474 261
leaf_count=168 560 52 661 1204 1333 307 155 148 2041 774 461 332 3874 2247 69 65 2686 1271 143 212 54 2620 87 65 1446 1102 2599 141 2474 261
internal_value=-0.000354574 0.000492932 -0.00499891 -0.0072529 0.00158186 0.00120029 -0.00499632 -0.000907888 -0.00171238 0.00138679 6.1294e-05 0.00213653 0.00258241 -0.00298634 -0.0110992 -0.00311111 0.00288435 -0.000589503 -0.000723074 0.000370243 0.00187071 -0.00162738 -0.00495 -0.00155357 -0.00415546 0.000496116 -0.000342679 -0.000798978 0.000979756 0.00457053
internal_weight=29612 25043 4569 2154 14090 12496 1359 10953 6963 12189 4404 7785 6946 2415 795 134 6614 3943 4957 2916 3928 2672 299 839 2006 3990 2888 2740 2617 1594
internal_count=29612 25043 4569 2154 14090 12496 1359 10953 6963 12189 4404 7785 6946 2415 795 134 6614 3943 4957 2916 3928 2672 299 839 2006 3990 2888 2740 2617 1594
is_linear=0
shrinkage=0.03


Tree=53
num_leaves=31
num_cat=0
split_feature=0 0 13 15 8 10 0 9 8 15 9 3 12 4 13 3 15 4 9 0 2 2 4 16 3 17 7 1 9 17
split_gain=122.887 42.2412 23.7359 21.4805 17.0741 14.7076 12.6008 11.3812 10.552 17.7981 9.91613 9.80085 9.60303 9.55736 12.6692 11.5214 10.1858 9.34888 10.1733 9.17795 8.70855 8.56039 8.44655 8.57019 8.19062 8.17755 10.2039 8.0287 15.782 7.67026
threshold=1.0354129758016761 1.4312788659836153 0.034783361109961601 2.8617925509761908 5.2550473933281774 1.4299920114232096 199.92105263157899 0.036651516507386295 6.1273128432923505 3.4175922930736511 0.096313823676994939 0.11196556927944801 -0.20362260185047629 846.95350686463019 0.033226464645187005 0.20114374323332149 4.4248287033199567 169.80058732512583 0.10794547322518734 2.5461914976865621 3.833470388837894 6.5917186809206703 2626.5579498394868 0.50213493396333264 0.16823851052698729 1.1420528169633293 0.30789707081106904 0.3504385964912281 0.16257158859904167 0.9008421577867588
decision_type=10 10 2 8 10 8 10 8 10 10 8 2 2 10 2 2 10 8 8 10 10 8 10 10 2 8 10 10 10 10
left_child=2 4 3 22 13 6 7 24 9 25 -5 -6 -4 16 15 -15 -2 -14 -19 21 -20 -7 23 -1 -3 26 -9 28 -16 -17
right_child=1 5 12 10 11 19 -8 8 -10 -11 -12 -13 17 14 27 29 -18 18 20 -21 -22 -23 -24 -25 -26 -27 -28 -29 -30 -31
leaf_value=-0.0012633484092170097 0.00034162577447730772 -0.0003464540642736624 -0.012042611198635027 -0.00033247486559814636 -0.0018679810554877588 -0.0019352806919369487 -0.00075698310394962443 0.0015524959359587737 5.4215269907328111e-05 -0.00030818646712115941 -0.00089142162844781027 -0.00048487540145152503 0.0022016516048261165 -0.00078844241348377455 -0.00010191096729034867 -0.00022105971509017247 -0.0017382173506594971 -0.00078077237355252723 0.00013596065229124298 0.0024455027870276067 -0.0022891321938814688 0.00079920168556662206 0.0001903671488421865 0.00023462658569296357 0.00084350749252062006 0.0047566356283198462 -0.0011311395896012641 -0.00054260704284749461 0.000693570209743018 0.001322928070296623
leaf_weight=914 2184 2561 104 535 723 161 258 1489 1655 536 609 1560 58 1554 3326 1839 41 815 700 1587 124 2855 85 174 1088 293 140 426 1088 115
leaf_count=914 2184 2561 104 535 723 161 258 1489 1655 536 609 1560 58 1554 3326 1839 41 815 700 1587 124 2855 85 174 1088 293 140 426 1088 115
internal_value=-0.000399858 0.000377355 -0.00520757 -0.00721527 -0.000833009 0.00161003 0.000834061 0.00105114 0.00213296 0.00337942 -0.0101397 -0.0031852 -0.00262209 -0.000324853 -0.000790514 -0.00216301 0.00142183 -0.00207597 -0.00249695 0.00296156 -0.000145455 0.00198873 -0.0043569 -0.00506887 -0.000168493 0.00472699 0.00389264 0.000204503 0.000584371 -0.000629156
internal_weight=29597 25479 4118 2317 12856 12623 8020 7762 4113 2458 1144 2283 1801 10573 8348 3508 2225 1697 1639 4603 824 3016 1173 1088 3649 1922 1629 4840 4414 1954
internal_count=29597 25479 4118 2317 12856 12623 8020 7762 4113 2458 1144 2283 1801 10573 8348 3508 2225 1697 1639 4603 824 3016 1173 1088 3649 1922 1629 4840 4414 1954
is_linear=0
shrinkage=0.03


Tree=54
num_leaves=31
num_cat=0
split_feature=0 12 13 1 8 12 20 14 8 4 13 14 16 20 0 5 14 0 13 0 10 16 4 1 16 16 4 8 4 10
split_gain=123.075 52.3434 19.147 18.2725 16.9041 15.6043 13.4816 14.7264 13.106 17.1325 12.2288 11.6772 11.2162 10.8095 10.4959 14.057 10.7565 9.74476 9.70932 8.99724 8.83068 8.72689 8.472 8.34369 8.27517 8.18049 8.21893 8.05221 9.8166 8.62758
threshold=1.0164117925450027 0.13200789742452648 0.034783361109961601 0.034683239775461068 9.3418375557437709 0.5044056004368801 0.0050602502977390223 0.76702188680124284 5.55527495730166 489.91607815719283 0.042395736131044519 0.22456020952084546 0.27599968065299668 1.1723733038117004 2.0961513485034691 0.8738301408204322 0.73886877212313329 0.90229493605402722 0.086788041966461144 0.91535667307815294 1.1280085057340943 -0.14003269448916286 2171.2498782352827 0.036038961038961044 0.44718524292842771 0.20307983023484502 600.72805977354244 1.1217200748231078 1553.6784921806886 0.6130264186937423
decision_type=10 2 2 8 10 2 2 2 8 10 2 2 10 2 10 10 2 8 2 10 10 10 10 8 10 10 10 10 10 10
left_child=2 4 3 17 10 6 20 11 -9 -10 12 25 -2 -4 21 16 18 -1 -16 -5 -3 -13 24 -23 -19 -8 -27 28 -12 -30
right_child=1 5 13 19 -6 -7 7 8 9 -11 27 14 -14 -15 15 -17 -18 22 -20 -21 -22 23 -24 -25 -26 26 -28 -29 29 -31
leaf_value=-0.0048440354214909741 -0.00067862834920124054 -0.00082877982114008331 -0.00018596677615369362 -0.00032250061963020194 -0.001415565793840188 0.0039069056135277143 0.00010776365797919053 0.0022776893615371447 -0.0011973439327073773 0.0011344965243845341 0.0011505885104786191 -0.001286618648138424 0.00029059232464725065 -0.0069757033165466394 0.00085751270261312052 -0.0018792768991924471 -0.0010198755710969932 -0.00066812120337013663 0.0041823798106670846 -0.0014469233092429452 -9.4355965032562745e-05 -0.00018233817073667668 0.00036227776104290663 0.00028019828080892093 0.00095664346959383362 -0.00032507236133611162 0.0018114081303188074 -0.00011146751841480927 -0.00099343810649152949 0.00081962641326363268
leaf_weight=229 2680 181 1246 658 1603 683 320 851 320 1317 446 369 655 258 2760 109 282 423 287 572 191 4543 81 3950 121 64 420 3658 187 98
leaf_count=229 2680 181 1246 658 1603 683 320 851 320 1317 446 369 655 258 2760 109 282 423 287 572 191 4543 81 3950 121 64 420 3658 187 98
internal_value=-0.000485066 0.000234456 -0.00569239 -0.00755396 -0.00156464 0.00124249 0.0010523 0.00118707 0.00330253 0.00173077 -0.000982524 0.000785196 -0.00235162 -0.00310963 0.000556052 0.00196278 0.00231081 -0.00417544 0.00282972 -0.00989439 -0.00458445 1.01546e-05 -0.00222843 0.000206616 -0.00357798 0.00428571 0.00674227 5.80866e-05 0.00293033 -0.00141608
internal_weight=29562 25974 3588 2084 9327 16647 15964 15592 2488 1637 7724 13104 3335 1504 12300 3438 3329 854 3047 1230 372 8862 625 8493 544 804 484 4389 731 285
internal_count=29562 25974 3588 2084 9327 16647 15964 15592 2488 1637 7724 13104 3335 1504 12300 3438 3329 854 3047 1230 372 8862 625 8493 544 804 484 4389 731 285
is_linear=0
shrinkage=0.03


Tree=55
num_leaves=31
num_cat=0
split_feature=0 12 15 0 12 8 9 9 7 12 0 9 17 8 7 10 15 9 14 7 12 0 0 15 11 14 5 14 15 1
split_gain=115.196 35.4562 23.7033 22.1032 15.8415 14.0106 13.5348 17.6701 14.8542 12.0588 12.4224 13.2612 15.1063 15.5821 14.437 12.046 11.3158 10.4616 10.3309 10.2806 9.62292 9.38614 9.12283 10.1728 9.07939 10.5906 9.43041 8.64563 12.8131 8.39971
threshold=1.0501066582977427 0.16739922899376672 3.0201273556387074 0.90229493605402722 0.08036186035887917 1.2472824973766365 0.052989570002880237 0.0065764796462273482 0.24531426573779921 0.5044056004368801 95.446153846153848 0.036651516507386295 0.36203962006753004 2.4877521839890155 0.32258338149304006 1.2582986308803348 4.7273486598447958 0.086504082084598213 0.7727531186718728 0.40568838853425232 0.39299949281436058 1.2224736213864604 1.5842402323413773 2.9700856263602158 10.931310713559283 0.35788803882542025 0.65768788923151356 0.42353632331919039 2.602003343538398 1.0000000180025095e-35
decision_type=10 2 8 10 2 10 8 10 10 2 10 8 8 8 10 10 8 10 2 10 2 10 10 10 2 2 8 2 10 8
left_child=2 6 4 -4 5 27 7 8 -2 10 11 15 14 21 17 -3 -5 22 -15 -12 -20 -14 -13 -24 -8 -26 -27 -1 -29 -21
right_child=1 9 3 16 -6 -7 24 -9 -10 -11 19 12 13 18 -16 -17 -18 -19 20 29 -22 -23 23 -25 25 26 -28 28 -30 -31
leaf_value=-0.0010080639950786167 0.0020540455376415671 -0.00029065760830564174 -0.00031282560104129592 -0.0011490330191583375 6.8061582287612277e-05 -0.002739406230457141 6.4611935486345718e-05 -0.00071305764618464368 -0.0010555081694155093 0.0038232326874729008 -0.00075951522090880437 0.00021779872893824861 -0.00055144082138171464 9.7651570241034938e-05 -0.0011383867648235644 0.00084252049464083234 0.00044430242121936938 -2.6485951178539661e-05 0.00094766063350655517 0.002163097106009522 0.004726252365796076 0.0021572207701084523 0.0013180544331169127 0.0031696070461916803 -0.0017966216292128172 -0.0018256936957857888 -0.00011540103260223221 -0.00058248193317346681 0.00079727052698948589 -0.0012908890057750204
leaf_weight=382 233 3020 791 1148 324 933 6733 3239 193 713 325 736 65 1305 441 2075 158 1513 543 114 119 1527 525 288 99 103 989 603 290 40
leaf_count=382 233 3020 791 1148 324 933 6733 3239 193 713 325 736 65 1305 441 2075 158 1513 543 114 119 1527 525 288 99 103 989 603 290 40
internal_value=-0.000380986 0.000425839 -0.00472678 -0.00708532 -0.00277142 -0.0036804 -0.000788179 -0.00229542 0.00344262 0.00147978 0.00126533 0.00145213 0.00229364 0.00366994 0.000894692 0.000285518 -0.00468248 0.00162586 0.00188262 -0.00346875 0.00493213 0.00587571 0.00335806 0.00554668 -9.08517e-05 -0.00250419 -0.00164684 -0.00163401 -1.67785e-05 0.00290323
internal_weight=29567 24938 4629 2097 2532 2208 11589 3665 426 13349 12636 12157 7062 3559 3503 5095 1306 3062 1967 479 662 1592 1549 813 7924 1191 1092 1275 893 154
internal_count=29567 24938 4629 2097 2532 2208 11589 3665 426 13349 12636 12157 7062 3559 3503 5095 1306 3062 1967 479 662 1592 1549 813 7924 1191 1092 1275 893 154
is_linear=0
shrinkage=0.03


Tree=56
num_leaves=31
num_cat=0
split_feature=0 12 0 15 12 8 6 10 14 0 8 4 15 0 14 14 0 8 12 12 9 14 15 10 15 11 8 4 0 15
split_gain=115.203 33.3262 23.2069 29.1665 15.2842 15.2682 12.7759 11.4993 11.3272 11.491 9.85037 9.18179 9.07629 8.23185 9.23452 12.0162 10.6289 8.37173 8.47463 7.69698 7.43255 7.16965 6.79671 7.22639 6.70449 10.8688 6.61327 6.59163 6.54356 6.67477
threshold=1.0705231011257799 0.21225048776937563 0.95773623328197866 2.740319461670996 -0.090751290006323412 6.1273128432923505 2.3262602725095194 2.5788237994635157 0.8176610204098812 1.744220456788403 14.404878011166522 991.16763898059594 2.0126758453675748 95.446153846153848 0.64791877638486606 0.2885443022640492 1.6498333795654185 19.151368462309481 0.35688351644630428 0.10508456581515892 0.2264064499304077 0.69031039135095973 1.0000000180025095e-35 1.2268682650549658 2.9700856263602158 9.1951759701679201 1.151740591041873 2255.539814612247 2.0961513485034691 0.89587973461402759
decision_type=10 2 10 8 2 10 2 10 2 10 8 10 10 10 2 2 10 8 2 2 8 2 10 10 10 2 10 8 10 8
left_child=2 5 3 4 -1 8 13 12 9 -2 21 -10 -7 14 15 16 -3 18 -16 -14 -5 27 -15 -24 25 -23 -26 -4 -17 -30
right_child=1 6 10 20 -6 7 -8 -9 11 -11 -12 -13 19 22 17 28 -18 -19 -20 -21 -22 24 23 -25 26 -27 -28 -29 29 -31
leaf_value=-0.0027307701582781458 -4.7650920495539288e-05 -8.4408492160109103e-05 -0.00069709827466408222 -0.00030621963585923494 6.0522978011828435e-06 -0.00233158042895439 0.0015713071469207198 0.0033767923671427919 0.0023881919193697392 0.0013169542808549465 -0.0027011649752549469 -0.00012331414331254151 -0.0012469392657419322 -0.000803123188663628 0.0011419238435387831 -0.00040081312131800992 0.002400799130921563 0.00046096540008705379 0.0038615626484735264 -0.00023395363544938404 -0.00030659082997109253 -0.0003043765683378654 -0.00048961136531023382 0.001692612231427873 0.00084588155693978123 0.001859626847942292 -0.0021800017407328683 0.00020322005876228426 0.0029113218858516569 0.0003335896050164237
leaf_weight=449 10345 250 2027 1083 584 465 2257 45 174 484 263 125 798 123 1315 1657 355 1470 321 2136 167 237 136 123 60 142 110 267 76 1594
leaf_count=449 10345 250 2027 1083 584 465 2257 45 174 484 263 125 798 123 1315 1657 355 1470 321 2136 167 237 136 123 60 142 110 267 76 1594
internal_value=-0.000416006 0.000465773 -0.00438312 -0.00667907 -0.00294487 -0.000440541 0.00183044 -0.00218578 9.97394e-05 -5.95568e-05 -0.00269392 0.00585 -0.00238676 0.00122894 0.00146186 0.000495805 0.00438119 0.00268426 0.00416005 -0.00176831 -0.00976019 -0.00217827 -0.00305483 -0.000288462 0.0009 0.00311842 -0.00403509 -0.00291503 -0.000211839 0.00111311
internal_weight=29638 24249 5389 2283 1033 14572 9677 3444 11128 10829 3106 299 3399 7420 7038 3932 605 3106 1636 2934 1250 2843 382 259 549 379 170 2294 3327 1670
internal_count=29638 24249 5389 2283 1033 14572 9677 3444 11128 10829 3106 299 3399 7420 7038 3932 605 3106 1636 2934 1250 2843 382 259 549 379 170 2294 3327 1670
is_linear=0
shrinkage=0.03


Tree=57
num_leaves=31
num_cat=0
split_feature=0 0 13 15 3 10 3 0 0 17 14 14 15 0 3 14 8 14 16 15 11 0 8 1 14 1 14 1 14 1
split_gain=120.122 38.3715 25.5605 19.8028 17.4606 15.914 18.8304 16.0982 15.7475 10.6754 10.1288 10.0892 9.84746 10.1961 9.76689 8.85673 8.77713 11.5673 8.48155 7.83333 19.551 10.899 9.66291 9.42818 12.8577 9.24915 8.02513 7.96755 7.70406 7.66736
threshold=1.0621863334736437 1.6884809065008273 0.034783361109961601 3.0677824455408698 0.12162171662128753 1.2268682650549658 0.13889748678515546 28.257575757575761 0.95773623328197866 0.21133204779067682 0.75107881164234136 0.28239317693402188 2.9700856263602158 0.70579746621234041 0.43711965433899885 0.76040027251024211 153.17016939429368 0.27735230725343796 0.50213493396333264 3.0201273556387074 10.352107928919756 1.2941443402951811 1.4583149269589604 0.05466998754669989 0.72472010360979089 0.16774891774891773 0.30949005209276037 0.017095265926358853 0.55191815873696315 0.069204980842911892
decision_type=10 10 2 8 2 10 2 10 10 10 2 2 10 8 2 2 10 2 10 8 2 10 10 10 2 8 2 8 2 8
left_child=2 4 3 18 9 6 7 -3 -5 -2 14 -8 13 -4 19 -13 17 -7 -1 21 25 -6 -23 24 26 -21 -22 -28 -20 -11
right_child=1 5 12 8 10 16 11 -9 -10 29 -12 15 -14 -15 -16 -17 -18 -19 28 20 23 22 -24 -25 -26 -27 27 -29 -30 -31
leaf_value=-0.0010250942922184429 -8.8602701433017033e-05 3.654307133115264e-05 -0.017700330198501871 -0.00029425424393427998 -0.00059231296107605707 0.0036365208547780538 0.002781938387931282 -0.0007700519488713901 -0.0009874715974473459 -0.0012067865399908073 0.00052563440970918593 0.00051287008348309155 -0.0010155062355809009 -6.4629248664986613e-05 0.00049951168082094173 0.0036481648367132592 6.6088020758155308e-05 0.0015361066991130946 0.0014959424403875375 0.00097919879054538818 0.0021565064620134248 0.00083909532130303538 -0.00034199921984787857 -0.00039365877131957117 -0.0020392031117497113 5.3591235241369633e-05 -0.00032407217100599361 0.00059104825905780651 -0.00076913019647807267 -0.00033373987925972747
leaf_weight=1351 2111 2501 56 692 2650 209 155 283 523 1418 1744 1191 822 1369 696 223 658 3455 90 825 143 815 1345 1365 68 476 635 516 115 1058
leaf_count=1351 2111 2501 56 692 2650 209 155 283 523 1418 1744 1191 822 1369 696 223 658 3455 90 825 143 815 1345 1365 68 476 635 516 115 1058
internal_value=-0.000385669 0.000479198 -0.00461447 -0.00654221 -0.000398021 0.00208333 0.00080271 -0.000678636 -0.00941201 -0.00195837 0.000236723 0.00342994 -0.00223532 -0.000725806 -0.000147876 0.00262898 0.00337266 0.00394543 -0.00429672 -0.000417468 0.000558451 -0.00123467 0.000347062 -0.000885264 0.000880411 0.00358295 0.00155212 0.000716146 0.0013835 -0.00329431
internal_weight=29558 24540 5018 2771 15865 8675 4353 2784 1215 4587 11278 1569 2247 1425 9534 1414 4322 3664 1556 8838 4028 4810 2160 2727 1362 1301 1294 1151 205 2476
internal_count=29558 24540 5018 2771 15865 8675 4353 2784 1215 4587 11278 1569 2247 1425 9534 1414 4322 3664 1556 8838 4028 4810 2160 2727 1362 1301 1294 1151 205 2476
is_linear=0
shrinkage=0.03


Tree=58
num_leaves=31
num_cat=0
split_feature=0 20 15 0 14 15 20 6 3 7 3 15 8 10 8 9 15 17 8 7 7 14 3 15 14 7 9 15 9 8
split_gain=92.6105 27.7462 20.9466 23.4053 16.5479 14.1283 13.8014 13.2176 12.7068 11.3365 12.8915 10.4848 10.2768 10.1129 12.7825 11.7162 11.0872 8.5776 8.78565 8.25489 8.08045 7.281 7.30088 7.27244 9.88479 7.26337 7.114 6.9945 6.89648 7.10217
threshold=1.0705231011257799 0.74272237030089971 3.2384861814448418 0.90229493605402722 0.21652248246230288 4.7273486598447958 1.0713661873885802 2.289863749990583 0.12979818395126766 0.087367985969102585 0.11369758380940388 3.9415346756528771 1.4819053620009381 1.1794919934429628 6.6876600032640869 0.01553159293733313 3.1984648276080736 1.1420528169633293 1.3924862854632856 0.50019318154883396 0.15395589645099708 0.6349557145211423 0.25223206535954606 3.0201273556387074 0.76188850539807496 0.32258338149304006 0.0077047515488007966 3.2769667020129059 0.079301927706968187 127.61509520239964
decision_type=10 2 8 10 2 8 2 2 2 8 2 10 10 8 10 10 8 8 8 8 10 2 2 8 2 10 8 10 10 10
left_child=2 4 6 19 8 -5 17 13 27 11 12 23 -11 14 15 20 -17 18 -1 -4 -6 22 -15 24 -3 -10 -23 -2 -28 -30
right_child=1 9 3 5 7 -7 -8 -9 25 10 -12 -13 -14 21 -16 16 -18 -19 -20 -21 -22 26 -24 -25 -26 -27 28 -29 29 -31
leaf_value=-0.00020224202715949375 0.0012528391229072061 -0.00025362323452754297 -0.00028542661661625158 -0.0010168819366733802 0.001243840129659532 0.00078203989130962409 -0.0026398836214622298 0.0010618109719863519 0.0036540894950158644 -0.00030076130488892745 -0.00014743185887740928 -0.00079838883678093732 -0.0016471256474555017 0.00035806740746502027 -0.00052959237868535451 0.00094728638083436414 -0.00016951478761033297 8.2792113695014235e-05 -0.0022148829514591311 -4.8105314831968792e-05 -0.0013852634174013596 0.0036915860800420192 -0.00058965260414243603 0.00061232289225405156 0.0022745947628975364 0.00078070427691454903 0.000302212523849906 -0.0014108317303544869 0.0018259418594864173 -0.00015392138564382401
leaf_weight=1774 105 1095 666 980 150 173 831 2623 311 807 5327 251 893 1671 2679 1918 1177 401 477 77 471 247 495 1011 119 182 1494 48 755 227
leaf_count=1774 105 1095 666 980 150 173 831 2623 311 807 5327 251 893 1671 2679 1918 1177 401 477 77 471 247 495 1011 119 182 1494 48 755 227
internal_value=-0.000420404 0.000375359 -0.00397862 -0.00651555 0.00119864 -0.00383449 -0.00259615 0.000980371 0.00588872 -0.000885417 -0.00150043 0.000859911 -0.00377425 0.000534338 -0.000250938 0.000887813 0.00164244 -0.00153788 -0.00225799 -0.0106653 -0.00286977 0.00156135 0.000263036 0.00151617 -4.93827e-05 0.00822874 0.00259361 -0.00165584 0.00210739 0.004059
internal_weight=29435 24056 5379 1896 14553 1153 3483 13907 646 9503 7027 2476 1700 11284 6395 3716 3095 2652 2251 743 621 4889 2166 2225 1214 493 2723 153 2476 982
internal_count=29435 24056 5379 1896 14553 1153 3483 13907 646 9503 7027 2476 1700 11284 6395 3716 3095 2652 2251 743 621 4889 2166 2225 1214 493 2723 153 2476 982
is_linear=0
shrinkage=0.03


Tree=59
num_leaves=31
num_cat=0
split_feature=0 12 15 13 7 12 8 12 0 17 9 10 20 9 2 13 9 9 0 5 13 7 4 3 8 15 9 12 9 12
split_gain=96.1583 41.5189 32.1714 20.7706 16.0315 14.7119 15.1749 12.5873 15.4442 11.6454 11.4635 11.214 11.0947 11.5605 11.5471 9.74594 11.8685 9.61224 10.7178 9.60828 10.5906 9.56144 10.9305 13.7487 9.55151 13.2808 9.40078 10.2571 9.20607 8.75849
threshold=1.0075687858576539 0.14352206843306983 3.0201273556387074 0.046269302996338364 0.17040373730805305 0.0075615158549831038 1.2304545082850691 0.42623696165890085 95.446153846153848 1.6446965522236028 0.026885920314916479 3.3912801418080316 0.38392434642015655 0.030232996120123035 6.4985207350203753 0.047357574945620123 0.0065764796462273482 0.051594361951503388 1.203827427794727 0.99522539769360507 0.13763199502629664 0.30498730852503547 588.99064992298156 0.30996742461919347 14.404878011166522 2.1383330595080281 0.10221534526835348 0.065924949513182632 0.058612026423892551 0.26526622463571142
decision_type=10 2 8 2 10 2 10 2 10 8 10 10 2 8 8 2 10 10 10 8 2 10 8 2 10 10 8 2 10 2
left_child=2 4 5 -4 15 6 -1 8 12 -9 -5 26 24 14 -14 -2 -17 18 -18 20 -19 29 -23 -24 28 -26 27 -6 -3 -15
right_child=1 7 3 10 11 -7 -8 9 -10 -11 -12 -13 13 21 -16 16 17 19 -20 -21 -22 22 23 -25 25 -27 -28 -29 -30 -31
leaf_value=-0.00024915170831717843 -0.00039619133885240008 0.0015020097092941381 -0.00027964262096694196 0.00035298492617156114 -0.0032802374998982223 7.7272948481989348e-05 -0.0035826882500034039 0.00059887121006899492 -0.00064042087702712209 0.003646325121651907 -0.0010494339442757446 0.00312880779679795 0.0022391671364677731 0.00030969955001242496 -0.00031995639942554221 0.0018816485860980313 -0.00079270317857737052 0.00057136802734075883 0.00016379157687686094 0.00023140698814348739 -0.0024387656795354594 0.0012547038471264404 -1.7240404221834371e-05 -0.0019842543233077837 -0.00057514685529223776 0.0015144486298217851 0.00025770039181819906 -0.0011554513568974849 0.0048429504783860777 0.0013630141283149781
leaf_weight=804 3305 714 999 124 417 313 728 923 302 819 419 49 74 5594 3329 137 759 262 561 3289 261 134 679 289 582 721 338 1385 287 1072
leaf_count=804 3305 714 999 124 417 313 728 923 302 819 419 49 74 5594 3329 137 759 262 561 3289 261 134 679 289 582 721 338 1385 287 1072
internal_value=-0.000445399 0.000167789 -0.00520218 -0.00839922 -0.00126394 -0.00252709 -0.00373777 0.00116076 0.000856801 0.00356282 -0.00366728 -0.00355479 0.00100735 0.000616273 -0.000841657 -0.000678717 0.000122391 -0.000111046 -0.00231643 0.000653029 -0.00312023 0.00125499 -0.00133273 -0.00244582 0.00290239 0.00120782 -0.00388136 -0.0047421 0.00510479 0.00168292
internal_weight=29669 26282 3387 1542 10763 1845 1532 15519 13777 1742 543 2189 13475 11171 3403 8574 5269 5132 1320 3812 523 7768 1102 968 2304 1303 2140 1802 1001 6666
internal_count=29669 26282 3387 1542 10763 1845 1532 15519 13777 1742 543 2189 13475 11171 3403 8574 5269 5132 1320 3812 523 7768 1102 968 2304 1303 2140 1802 1001 6666
is_linear=0
shrinkage=0.03


Tree=60
num_leaves=31
num_cat=0
split_feature=0 12 15 0 17 12 0 13 9 0 9 4 12 20 16 3 13 14 9 9 13 1 14 12 9 17 15 17 4 6
split_gain=94.7638 27.5201 26.2196 23.1032 14.3873 13.977 13.198 12.2079 15.6207 11.313 14.3707 12.6959 11.6218 10.8767 10.1808 10.2776 10.1492 9.81271 9.97173 9.77459 9.36677 9.55126 9.25648 8.18639 7.86168 7.73921 7.65944 7.51247 7.37456 7.32674
threshold=1.0462208947841087 0.18561838305338532 2.9700856263602158 0.90229493605402722 4.5556282068761424 0.61181374187275106 95.446153846153848 0.042991323184348361 0.0052366209641751468 2.5461914976865621 0.058612026423892551 3274.5522384409319 0.33700503497395223 1.2967397186147187 0.051435274035570792 0.43122473368879116 0.092121429239957045 0.26289707616970176 0.11854444167700136 0.036651516507386295 0.10566186614556582 0.48435972629521024 0.20057413619283296 0.41926813066888619 0.0077047515488007966 0.74401502828060684 4.7273486598447958 0.9008421577867588 2343.468206196661 0.55384465460717525
decision_type=10 2 8 10 8 2 10 2 10 10 8 10 2 2 10 2 2 2 8 8 2 8 2 2 10 8 8 10 8 2
left_child=2 7 4 20 13 6 9 17 -9 14 16 -12 -13 -1 -3 19 24 18 -2 -16 -4 -22 28 -8 -11 -24 -5 -10 -21 -25
right_child=1 5 3 26 -6 -7 23 8 27 10 11 12 -14 -15 15 -17 -18 -19 -20 22 21 -23 25 29 -26 -27 -28 -29 -30 -31
leaf_value=-0.00068084713880547183 0.00079824014989020688 -0.00047241239504829249 -0.00026847453948875585 -0.0010358584882119602 8.2307595694213395e-05 0.0060926500655129161 -0.00066487498611836728 0.0021436241152607807 5.120151842735891e-05 0.0031086742361501277 0.0035844705470282649 -0.001437207418676207 0.0037516169811888621 -0.013733335598024223 -0.00014937122289687701 0.0017696300876543318 0.0066813393681565544 -0.00050309310160371809 -0.00030436457876261694 0.0019052409481386836 -0.003255335723530105 0.00071638128519964893 0.00015503050557313941 -0.0014436630596480148 0.00026861380945372948 0.0011751925654094623 0.00043088563379006973 -0.0012575754937280666 -0.0009860862796455031 0.0013132222677931726
leaf_weight=1893 420 1375 652 1157 307 241 292 179 6749 362 662 130 76 172 2094 625 97 5173 464 216 61 64 2442 43 1962 828 142 404 40 213
leaf_count=1893 420 1375 652 1157 307 241 292 179 6749 362 662 130 76 172 2094 625 97 5173 464 216 61 64 2442 43 1962 828 142 404 40 213
internal_value=-0.000422027 0.000293567 -0.00445718 -0.00691863 -0.00230088 0.00135653 0.00120571 -0.000635176 0.00018819 0.00143401 0.00290426 0.00621404 -0.000289855 -0.00320184 0.000799108 0.00131364 0.00171552 -0.00163173 0.00128814 0.000907312 -0.011009 -0.00345238 0.00187128 -0.00333333 0.00131613 0.00143993 -0.00446538 -3.14509e-05 0.00735409 0.000583658
internal_weight=29535 25087 4448 2076 2372 11698 11457 13389 7332 10909 3289 868 206 2065 7620 6245 2421 6057 884 5620 777 125 3526 548 2324 3270 1299 7153 256 256
internal_count=29535 25087 4448 2076 2372 11698 11457 13389 7332 10909 3289 868 206 2065 7620 6245 2421 6057 884 5620 777 125 3526 548 2324 3270 1299 7153 256 256
is_linear=0
shrinkage=0.03


Tree=61
num_leaves=31
num_cat=0
split_feature=0 12 15 13 8 12 0 20 20 9 8 17 17 7 12 13 4 9 13 13 3 9 15 13 4 2 14 9 0 8
split_gain=94.7996 37.0096 30.0519 17.2617 14.8952 14.3124 15.0389 14.1869 12.9191 12.8906 18.2301 11.3827 11.1848 9.88206 10.6202 9.58144 10.7483 8.93841 8.75688 10.5795 9.93301 8.15045 8.09394 10.3941 8.06198 8.02268 7.90671 7.70807 7.62387 7.60131
threshold=1.0164117925450027 0.1037380860622399 3.0201273556387074 0.034783361109961601 9.3418375557437709 0.43263878002697848 95.446153846153848 1.2967397186147187 0.50042227561814967 0.044515950319521748 14.387127795924034 0.23429751344865929 1.6446965522236028 0.16638951926295356 0.27230227864038353 0.092121429239957045 846.95350686463019 0.076740255389607812 0.070831533610217573 0.19280385077913953 0.20471743428601977 0.0065764796462273482 3.0677824455408698 0.082264536489323317 3564.0746918905511 6.4857369514048804 0.26289707616970176 0.00993081662489558 0.94288975864318336 1.2421651369750448
decision_type=10 2 8 2 10 2 10 2 2 8 10 10 8 10 2 2 10 8 2 2 2 10 10 2 10 10 2 10 10 10
left_child=2 4 7 28 -2 6 8 11 9 15 -11 24 -7 14 18 16 -3 22 20 21 -10 -20 26 -24 -1 -23 -15 -18 -4 -13
right_child=1 5 3 -5 -6 12 -8 -9 13 10 -12 29 -14 17 -16 -17 27 -19 19 -21 -22 25 23 -25 -26 -27 -28 -29 -30 -31
leaf_value=-8.1907919123512299e-05 -0.00021929074749832216 -0.0010551309802277282 -0.00026042030330409319 -0.00054388336694912885 -0.0015213061025791475 0.00057065262256713483 -0.00060488031309205458 -0.014693876388835516 -0.00025401948750596281 0.0029994327676196829 0.00014992033589738258 -0.00022912297940688682 0.0034532436996612043 0.00034371396561860352 0.0020043324134533702 0.0035015390406490489 0.0021461036951157665 0.00032841764422006961 0.0031619674602517728 -0.0012762481195593436 0.00038385347326067281 0.00068542883972165329 0.00049607968935244196 -0.0018205974687629241 8.2791898404651455e-05 -0.00044952544508440807 -0.00079303473917484348 0.00025970379479569911 -0.0010013000383135027 -0.0024570949154685846
leaf_weight=955 5500 593 640 641 1007 831 303 174 2148 972 786 334 803 336 264 164 282 2304 83 235 1359 2088 1042 135 87 240 2975 1522 330 405
leaf_count=955 5500 593 640 641 1007 831 303 174 2148 972 786 334 803 336 264 164 282 2304 83 235 1359 2088 1042 135 87 240 2975 1522 330 405
internal_value=-0.00039304 0.000236784 -0.00497897 -0.00801179 -0.00172173 0.000891555 0.000645188 -0.00247699 0.000759884 0.00218403 0.00416146 -0.00167508 0.00357798 0.000294095 0.00113821 0.000825527 0.000344037 -0.000503459 0.00088479 0.00218738 -9.83466e-05 0.00277985 -0.00128314 0.000853141 0.000345158 0.0024474 -0.00204257 0.00149584 -0.0105355 -0.00452027
internal_weight=29538 25972 3566 1611 6507 19465 17831 1955 17528 4319 1758 1781 1634 13209 6417 2561 2397 6792 6153 2646 3507 2411 4488 1177 1042 2328 3311 1804 970 739
internal_count=29538 25972 3566 1611 6507 19465 17831 1955 17528 4319 1758 1781 1634 13209 6417 2561 2397 6792 6153 2646 3507 2411 4488 1177 1042 2328 3311 1804 970 739
is_linear=0
shrinkage=0.03


Tree=62
num_leaves=31
num_cat=0
split_feature=0 12 15 12 9 7 0 0 0 0 4 9 16 17 9 3 3 4 15 15 14 17 14 7 15 8 3 3 15 7
split_gain=104.996 33.0291 27.3956 16.2222 16.9106 13.4112 12.9516 14.7684 12.1285 11.522 9.45818 9.44574 14.1621 9.29471 8.14674 8.06703 7.94728 11.124 9.64349 7.43351 7.63505 7.41959 7.96111 7.05419 7.16333 6.72019 9.05778 8.07571 7.71746 6.71009
threshold=1.0075687858576539 0.097795012212451141 3.0201273556387074 0.36960388575220554 0.079726801390994043 0.16954296859386678 19.010204081632654 2.6049838734176016 0.77248472015492953 0.90229493605402722 756.93370268158003 0.028631309495873069 -0.14003269448916286 2.5113171736250868 0.0077047515488007966 0.43711965433899885 0.14890050116301526 876.38801994268772 2.8617925509761908 3.4498615536424366 0.49423697120891052 0.6565565901791024 0.52772576229329082 0.20902245175538367 2.1383330595080281 1.2502491240955991 0.2493785077065736 0.11639947699013543 3.9607678160667752 0.50019318154883396
decision_type=10 2 8 2 8 10 10 10 8 10 10 8 10 10 10 2 2 8 10 8 2 10 2 10 8 8 2 2 10 10
left_child=2 5 8 6 13 10 7 11 -1 29 -2 16 -13 15 -15 19 17 -3 -18 -5 -21 -10 -23 24 -9 27 -27 -12 -29 -4
right_child=1 3 9 4 -6 -7 -8 23 21 -11 25 12 -14 14 -16 -17 18 -19 -20 20 -22 22 -24 -25 -26 26 -28 28 -30 -31
leaf_value=-0.013367434442138884 0.00033700778311775116 -0.002323110900780368 -0.00025260769420497038 0.00041172198965999424 0.00424599226149526 -0.0014788539312645811 -0.00067993037338485518 -0.00043765244870352726 -0.00015152881346932221 -0.0011509691432602946 0.00061093314735265409 -0.0012311513713462038 0.00021357178462654821 0.0064667641755230803 0.001542224295819366 0.0033817560382816327 -0.00032954924916281283 -0.00035230797782774363 0.0007275827166594675 -0.001721230042426443 -0.00012039125299946592 0.00020934435775336551 -0.0048475173962481063 0.00074043353441267696 0.0034895900072944418 -0.0010788843481583817 0.00054137885017734749 -0.00014547288175087021 -0.00097928213189791072 -4.4081749151471876e-05
leaf_weight=180 833 489 726 1432 504 1049 300 103 1401 744 457 342 10872 176 419 121 1189 1673 712 102 152 80 179 1115 437 1377 142 2132 209 65
leaf_count=180 833 489 726 1432 504 1049 300 103 1401 744 457 342 10872 176 419 121 1189 1673 712 102 152 80 179 1115 437 1377 142 2132 209 65
internal_value=-0.000390738 0.000247741 -0.00537174 0.000837182 0.00291022 -0.00166694 0.000487437 0.000597059 -0.0029006 -0.00833008 -0.00103669 0.000305341 0.000754347 0.00186017 0.00510906 0.000788164 -0.000933809 -0.00217753 0.000481073 0.000248963 -0.00447059 -0.00209512 -0.00675 0.00328804 0.00609982 -0.00160144 -0.00320724 -0.000728832 -0.00144108 -0.0108523
internal_weight=29712 26337 3375 20138 2906 6199 17232 16932 1840 1535 5150 15277 11214 2402 595 1807 4063 2162 1901 1686 254 1660 259 1655 540 4317 1519 2798 2341 791
internal_count=29712 26337 3375 20138 2906 6199 17232 16932 1840 1535 5150 15277 11214 2402 595 1807 4063 2162 1901 1686 254 1660 259 1655 540 4317 1519 2798 2341 791
is_linear=0
shrinkage=0.03


Tree=63
num_leaves=31
num_cat=0
split_feature=0 20 13 15 0 8 9 15 13 13 8 0 9 11 7 9 4 7 9 4 4 14 7 15 13 17 0 0 12 14
split_gain=95.3245 23.8992 23.2098 20.2923 17.6332 12.4847 25.468 15.2436 13.7938 11.6093 11.3171 11.2193 11.2027 13.192 10.9167 9.60995 10.9641 9.4994 8.79193 8.1714 8.05572 7.91336 7.75059 8.1465 7.67943 10.7884 7.59262 8.27673 7.3718 7.36347
threshold=1.0705231011257799 0.588892666166562 0.035322458591807424 3.2384861814448418 0.96478991205569009 14.934267760433713 0.05796512602343714 4.166635176627655 0.029565135931218043 0.084059747728293263 1.1961149005429206 0.82511311878168192 0.0081648053701931528 7.3427789798660452 0.054677374964866139 0.10794547322518734 169.80058732512583 0.072123628569388545 0.029611855943704326 3003.32876521549 2092.2186476180991 0.77498389812147639 0.075364897600891892 3.7494348669884658 0.07787709757575087 0.58687313483119508 46.498798076923087 2.2074037802280944 0.2030186782195296 0.53299772865202499
decision_type=10 2 2 8 10 10 8 10 2 2 10 8 10 2 10 8 8 10 8 8 10 2 10 10 2 10 10 10 2 2
left_child=2 5 3 20 -5 6 9 17 12 -2 22 -4 -7 -14 -12 16 -13 -8 21 -20 -1 -16 23 24 -3 -26 27 -19 -24 -15
right_child=1 10 11 4 -6 8 7 -9 -10 -11 14 15 13 29 18 -17 -18 26 19 -21 -22 -23 28 -25 25 -27 -28 -29 -30 -31
leaf_value=-0.00084580386742293091 0.00014141566579053188 0.0003464894654191737 -0.0078304619468574557 -0.00024502946337882133 -0.00079731115171022705 0.0035171829974659894 -0.0021673606385304183 -0.0012392050098227485 -0.00061933104217417071 0.0029777372895892044 -0.0049423874369243963 0.0030150873711654778 -0.0041910483071310083 0.0016125064104253238 -0.00065591140949798968 8.4580303539674088e-05 -0.00048911286795070761 0.001864080546716854 -0.000110652874026993 0.00052057675299188979 8.1900475275327109e-05 0.00096132167477250177 -0.0002108481070360562 -0.00028811096372249629 0.0014374475074756985 -0.001553629251727635 -0.00038503213151204712 0.004554286459036298 0.00095415092251218412 9.1761702983341045e-05
leaf_weight=1692 2641 1198 193 681 432 373 65 48 745 315 108 50 56 296 2743 1023 1151 982 8362 938 213 220 1273 276 515 40 80 620 155 2343
leaf_count=1692 2641 1198 193 681 432 373 65 48 745 315 108 50 56 296 2743 1023 1151 982 8362 938 213 220 1273 276 515 40 80 620 155 2343
internal_value=-0.00041689 0.000383717 -0.00400938 -0.0057635 -0.00898115 0.00166025 0.00268624 0.0055039 0.000381489 0.00097396 -0.000307031 -0.00181762 0.00127077 0.000595326 -0.000731086 -0.00121348 -0.00303245 0.00596396 -0.000647016 -0.000193528 -0.00387985 -0.00206984 0.00121024 0.00240148 0.00315564 0.00607014 0.00639929 0.00684966 -0.000482855 0.000903409
internal_weight=29827 24392 5435 3018 1113 8564 4751 1795 3813 2956 15828 2417 3068 2695 12371 2224 1201 1747 12263 9300 1905 2963 3457 2029 1753 555 1682 1602 1428 2639
internal_count=29827 24392 5435 3018 1113 8564 4751 1795 3813 2956 15828 2417 3068 2695 12371 2224 1201 1747 12263 9300 1905 2963 3457 2029 1753 555 1682 1602 1428 2639
is_linear=0
shrinkage=0.03


Tree=64
num_leaves=31
num_cat=0
split_feature=0 12 15 13 20 2 15 12 7 4 10 17 5 7 3 3 10 7 16 0 0 7 16 17 20 0 11 13 12 12
split_gain=79.7479 33.0835 27.0329 20.7242 13.9817 11.0469 10.5761 9.54304 9.42177 12.206 11.9541 8.94714 9.103 9.01536 8.96641 8.75688 8.64956 14.4329 8.58313 8.35656 8.17084 11.7282 8.13141 8.69203 7.4686 8.77035 7.30626 7.12277 6.91817 6.74736
threshold=1.0164117925450027 0.14725151041432663 3.0201273556387074 0.034783361109961601 1.2967397186147187 6.5323769157767444 4.2972622671762819 0.61181374187275106 0.15395589645099708 756.93370268158003 3.3912801418080316 2.6844859018881082 0.94775025278058667 0.097874492833642149 0.45538144103667294 0.19642907849966337 1.4470679661195676 0.15090816188082923 0.063584020228959467 1.3902754158631547 0.91535667307815294 0.50019318154883396 0.35008667366020091 0.03836038240774655 0.0050602502977390223 2.1196405718482905 8.7270488451173325 0.11988572903503403 0.095471879744685864 0.065924949513182632
decision_type=10 2 8 2 2 10 8 2 10 10 10 8 8 10 2 2 8 10 8 10 10 10 10 10 2 10 2 2 2 2
left_child=2 8 4 20 11 7 -5 16 9 27 15 12 -1 14 -14 29 17 -3 -7 -18 21 -4 23 -20 -19 -26 -13 -2 -11 -10
right_child=1 5 3 6 -6 18 -8 -9 10 28 -12 26 13 -15 -16 -17 19 24 22 -21 -22 -23 -24 -25 25 -27 -28 -29 -30 -31
leaf_value=-0.0049811437638268242 0.0002413144181136919 0.00072809934089569964 -0.0002376785794774567 -0.0014491238133971355 -0.011852039759437086 -0.0017591020163080326 1.13508112779997e-05 0.0053716017701455274 -0.003107075313145447 -0.00036598721227948383 0.0027289873943340294 -2.6021146748714252e-05 0.00022034098627620854 -0.0013048148077264778 -0.0016632796966801794 -3.1211549712322133e-05 -7.408538106535373e-05 -0.00070003938351615629 -0.001130688234991282 0.0010096831602277379 -0.0011955756298135563 4.7639477030816801e-05 -0.0017392593304750524 0.00086665549490749696 -0.00019286163349091501 0.00056654373323218566 8.2244980809277295e-05 0.001652960832788255 6.2722082453988034e-06 -0.00088768954846167808
leaf_weight=76 919 2415 508 433 172 81 214 218 420 3860 64 183 682 667 40 793 996 203 72 4141 413 50 81 255 4035 2683 112 191 2924 1693
leaf_count=76 919 2415 508 433 172 81 214 218 420 3860 64 183 682 667 40 793 996 203 72 4141 413 50 81 255 4035 2683 112 191 2924 1693
internal_value=-0.000446021 0.000129007 -0.00466348 -0.00752316 -0.00226591 0.00103353 -0.00335648 0.00118126 -0.00113484 -0.00059278 -0.00257489 -0.00146508 -0.00242497 -0.00186691 0.000456432 -0.00285862 0.00108712 0.000543001 -0.00339796 0.00207571 -0.0102932 -0.0126655 -0.00161369 0.000503049 -0.000153857 1.78598e-05 0.00329392 0.00232223 -0.00107001 -0.00386708
internal_weight=29594 26044 3550 1618 1932 15180 647 14691 10864 7894 2970 1760 1465 1389 722 2906 14473 9336 489 5137 971 558 408 327 6921 6718 295 1110 6784 2113
internal_count=29594 26044 3550 1618 1932 15180 647 14691 10864 7894 2970 1760 1465 1389 722 2906 14473 9336 489 5137 971 558 408 327 6921 6718 295 1110 6784 2113
is_linear=0
shrinkage=0.03


Tree=65
num_leaves=31
num_cat=0
split_feature=12 20 15 8 12 12 9 15 8 20 3 11 20 10 15 8 15 8 16 9 7 10 14 9 10 15 9 2 20 8
split_gain=61.753 39.1282 22.6297 21.6685 19.121 16.0574 19.2997 12.6062 10.8824 9.45516 8.88604 9.63312 8.79917 12.9024 8.34849 7.44668 8.80156 7.29326 7.28881 8.84091 7.16839 10.4478 8.56788 9.93324 8.09954 7.82526 7.31276 13.4417 7.80765 7.43355
threshold=0.08036186035887917 0.00083400475854453085 2.9700856263602158 14.163039307757309 -0.060302028221500319 0.35688351644630428 0.079726801390994043 3.0201273556387074 176.43351177411157 1.2967397186147187 0.085377559791418825 4.5485858369352732 0.50042227561814967 1.2116145619841903 4.7273486598447958 2.3266411702237009 3.3842466058243152 56.026919910946361 0.17066777912745421 0.0092517436267436307 0.15739529108397105 0.69694989495339776 0.31615993784768598 0.11854444167700136 2.9681990370494522 2.8617925509761908 0.12389983757441446 5.6216626817280524 0.76338113583669542 1.2275426651503909
decision_type=2 2 8 8 2 2 8 10 10 2 2 2 2 10 8 10 8 10 10 10 8 8 2 10 10 10 10 10 2 10
left_child=3 2 18 4 7 8 -7 9 12 -1 -4 -12 13 15 -6 -3 -17 -13 -2 -20 26 -22 25 24 -24 -23 28 29 -14 -28
right_child=1 5 10 -5 14 6 -8 -9 -10 -11 11 17 20 -15 -16 16 -18 -19 19 -21 21 22 23 -25 -26 -27 27 -29 -30 -31
leaf_value=-0.00062552720836184044 -0.00014213223770527883 0.0017353854290708592 -0.00023054822209313299 -0.0025596850431373799 -0.00034479160500665854 0.00062243289536885005 0.0036839169463860535 -0.0028274667563270121 -0.0010759168965619259 -0.013614759345403536 -0.00023332702494231091 6.7906455233463728e-05 0.00074648795179312782 0.0016253028836268658 0.00064930497964867345 7.9419025795804389e-06 -0.0017832961282922331 -0.00023332702494231091 -0.00011403903646866435 0.0010846591602894234 -0.0006848564889451647 9.7726612252298223e-05 -0.00023022455078129555 0.00098963025083878705 0.0018474564693045864 0.0016368742483558385 0.00063717179758357467 -0.0026590919096605788 6.7999510062615595e-05 -0.00022532484954560338
leaf_weight=563 202 362 359 941 5042 2494 549 221 768 152 70 114 2364 1365 192 1089 194 62 48 191 1691 387 4483 406 145 306 922 112 2532 1306
leaf_count=563 202 362 359 941 5042 2494 549 221 768 152 70 114 2364 1365 192 1089 194 62 48 191 1691 387 4483 406 145 306 922 112 2532 1306
internal_value=-0.000378632 0.000390951 -0.00527221 -0.00281566 -0.00216821 0.000667024 0.00268561 -0.00611526 0.000333641 -0.00416899 -0.00903465 -0.00461538 0.000485706 0.0019628 -0.00146132 0.000173147 -0.000899533 -0.000847458 -0.00010181 0.0034375 0.00018219 -0.00047311 0.000138792 -0.000291956 -0.000686973 0.00326369 0.000853945 -0.000525416 0.00151317 -1.3459e-05
internal_weight=29632 22521 1046 7111 6170 21475 3043 936 18432 715 605 246 17664 3010 5234 1645 1283 176 441 239 14654 7418 5727 5034 4628 693 7236 2340 4896 2228
internal_count=29632 22521 1046 7111 6170 21475 3043 936 18432 715 605 246 17664 3010 5234 1645 1283 176 441 239 14654 7418 5727 5034 4628 693 7236 2340 4896 2228
is_linear=0
shrinkage=0.03


Tree=66
num_leaves=31
num_cat=0
split_feature=0 0 13 15 6 12 14 0 3 9 9 12 4 14 13 3 15 3 2 4 4 2 7 5 13 17 7 11 9 5
split_gain=84.1741 25.3187 24.4827 22.4994 15.6468 11.4816 10.156 9.61655 9.50263 13.2893 12.2061 10.5072 8.85039 8.32314 8.16683 8.86484 8.16266 8.1395 8.86705 11.9774 8.1052 7.89827 7.82043 8.39653 7.76792 11.1526 11.8223 9.60273 8.09148 7.65206
threshold=1.0164117925450027 1.4312788659836153 0.034783361109961601 3.0677824455408698 2.4601593750678514 0.0075615158549831038 0.27735230725343796 46.498798076923087 0.43711965433899885 0.042759249507686406 0.0052366209641751468 0.085368247319362225 1177.3977606381807 0.64067825346465945 0.18258568595070482 0.026132882376827621 1.2424533248940004 0.10300992797013796 5.126823224128624 360.8044483994052 1662.0964327078507 6.4193176064388418 0.22837099812873285 0.96981089086352257 0.047357574945620123 0.47131540815238165 0.060328283317293278 11.340712642254005 0.067661831142878395 0.98054356877886295
decision_type=10 10 2 8 2 2 2 10 2 8 10 2 8 2 2 2 10 2 10 10 10 10 10 8 2 10 10 2 8 8
left_child=2 8 3 -1 6 14 20 13 9 10 16 -12 -10 22 15 -4 -2 18 19 -15 -3 -6 23 -8 -11 26 -26 -28 -29 -13
right_child=1 4 5 -5 21 -7 7 -9 12 24 11 29 -14 17 -16 -17 -18 -19 -20 -21 -22 -23 -24 -25 25 -27 27 28 -30 -31
leaf_value=-0.00067780763584486992 -0.00095989951435815097 0.0017638796982564595 0.0025225404920801117 -0.00022632721419404162 0.0015575785159098771 7.1912976464493449e-05 -0.00085293164048730677 -0.00052045421598388285 -2.1591533548194485e-06 -0.00022133682963610142 -0.001235468102509261 0.00041491069294799607 0.00085177539203196075 -0.0027597444061153113 -0.0066511602268589575 -0.00077644037820392671 0.00080879293312277232 0.0010478294542062554 -0.0017210426591252389 0.00046709493111795507 -0.00047982359906528603 -0.0013201674798008697 -0.0003862920424931043 0.00053599953103473951 0.0013513982266537771 -0.00089239538695732147 0.00020663612970289228 0.00082354023850399877 -0.00095203297239521091 -0.00059734686379386121
leaf_weight=1115 123 510 60 952 2104 265 287 488 655 4703 926 220 382 140 91 1118 354 2629 173 1848 141 85 2315 1858 599 734 2808 49 237 1683
leaf_count=1115 123 510 60 952 2104 265 287 488 655 4703 926 220 382 140 91 1118 354 2629 173 1848 141 85 2315 1858 599 734 2808 49 237 1683
internal_value=-0.000353084 0.000241248 -0.00465158 -0.00678191 0.00120916 -0.0017785 0.000723292 0.000480542 -0.000662387 -0.000892498 -0.00252192 -0.00327032 0.00209538 0.000697222 -0.00296457 -0.00229008 0.00191423 0.00156544 0.000201203 0.000769231 0.00434816 0.0035137 -0.000235373 0.00106943 -0.000302267 0.000599593 0.00127098 0.000523425 -0.00470383 -0.00199317
internal_weight=29652 26051 3601 2067 12578 1534 10389 9738 13473 12436 3306 2829 1037 9250 1269 1178 477 4790 2161 1988 651 2189 4460 2145 9130 4427 3693 3094 286 1903
internal_count=29652 26051 3601 2067 12578 1534 10389 9738 13473 12436 3306 2829 1037 9250 1269 1178 477 4790 2161 1988 651 2189 4460 2145 9130 4427 3693 3094 286 1903
is_linear=0
shrinkage=0.03


Tree=67
num_leaves=31
num_cat=0
split_feature=0 0 15 13 10 3 0 8 14 20 10 15 8 14 7 8 20 3 7 17 16 15 15 15 14 13 8 20 3 8
split_gain=77.4788 31.6667 26.4262 20.3285 12.6818 18.2592 15.7283 12.4046 13.0135 11.5018 10.9818 9.46959 9.3649 9.17278 8.54901 8.4194 7.57123 7.52171 7.37002 7.18202 7.02215 6.92469 9.58832 9.09106 8.25485 8.61283 7.97059 7.11088 12.5563 8.48626
threshold=0.96478991205569009 1.6884809065008273 3.0201273556387074 0.057132382868535926 1.1511563549019834 0.14144428726846689 28.257575757575761 5.2550473933281774 0.75665518908824125 1.0713661873885802 2.9681990370494522 4.2972622671762819 2.3266411702237009 0.44708934358505159 0.0527824954399762 2.5136582494752608 0.9265626407379951 1.0000000180025095e-35 0.50019318154883396 1.4850325121970982 inf 4.6959141240107813 4.4248287033199567 5.040188859666439 0.36214350938514428 0.067539671971076506 1.4521854601410698 0.83944256415813112 0.14890050116301526 1.1566433086171686
decision_type=10 10 8 2 10 2 10 10 2 2 10 8 10 2 8 10 2 2 8 8 8 8 10 10 2 2 10 2 2 10
left_child=2 7 9 18 5 6 12 8 20 -1 16 -5 13 -3 -10 -16 -9 -6 -4 -7 21 22 27 26 -24 -26 -23 28 -2 -30
right_child=1 4 3 11 17 19 -8 10 14 -11 -12 -13 -14 -15 15 -17 -18 -19 -20 -21 -22 23 24 -25 25 -27 -28 -29 29 -31
leaf_value=2.3530365202983587e-05 -0.00025882547390620726 0.0037659782198363172 -0.00021953739776822033 -0.0019967635824359887 0.0037503016593671405 0.00072095005872835154 -0.00088476298386404198 -0.00056944137168371957 0.0029763708377956999 -0.0020281361101151473 0.0021161008455289425 0.00017831158139825718 -0.00039782853137511711 0.00052222141816055925 0.00012854845127754089 0.0020511129840356307 -0.0020953376804669402 0.0010089793606584338 -0.00023877691810489932 0.0032744456977269725 -0.0014096381025978642 0.0012067201041077872 -0.0016648264118417188 -0.00074650715483478571 -0.0019362571909273792 0.001059182211149545 -0.00029924149460065563 -0.00020757302564236273 0.00090970907486901396 0.00021557760220502632
leaf_weight=553 3030 125 766 161 97 1011 272 3311 77 752 84 141 1949 368 1083 275 346 4443 72 340 161 278 101 43 48 58 146 5757 615 3066
leaf_count=553 3030 125 766 161 97 1011 272 3311 77 752 84 141 1949 368 1083 275 346 4443 72 340 161 278 101 43 48 58 146 5757 615 3066
internal_value=-0.000411954 4.98431e-05 -0.00552535 -0.00886065 0.00155299 0.000335711 -0.00108287 -0.000650162 -0.000258498 -0.0026072 -0.00219268 -0.00217822 -0.00031928 0.00337045 0.00245474 0.00189845 -0.00243986 0.00264259 -0.0112634 0.00318417 -0.000551338 -0.000474777 -0.000607053 0.00310897 -0.00699519 -0.0011215 0.00444706 -0.000500441 0.000163141 0.0013403
internal_weight=29529 27084 2445 1140 8605 4065 2714 18479 14738 1305 3741 302 2442 493 1435 1358 3657 4540 838 1351 13303 13142 12675 467 207 106 424 12468 6711 3681
internal_count=29529 27084 2445 1140 8605 4065 2714 18479 14738 1305 3741 302 2442 493 1435 1358 3657 4540 838 1351 13303 13142 12675 467 207 106 424 12468 6711 3681
is_linear=0
shrinkage=0.03


Tree=68
num_leaves=31
num_cat=0
split_feature=20 20 20 1 13 6 20 15 16 9 15 3 11 9 3 20 9 15 16 15 5 2 17 13 16 8 15 9 8 8
split_gain=47.2693 32.1683 27.1041 26.0199 15.682 13.6851 11.4571 13.5465 10.1724 11.1556 9.7014 9.4055 9.34686 8.98437 10.0142 10.6515 10.9333 10.1654 9.89944 9.55251 10.9 9.74052 8.56774 8.53709 8.11767 7.61713 7.89215 7.55624 7.19204 6.98815
threshold=0.99345944054373814 0.00039431462807598927 0.64066457356866713 0.2512626262626263 0.066959744067705787 2.4601593750678514 1.2967397186147187 2.8617925509761908 0.25723900418894075 0.077981871193902694 2.740319461670996 0.43711965433899885 10.444517401175647 0.042759249507686406 0.1290352219794447 0.76580648004476026 0.0065764796462273482 1.8688348091416842 0.44718524292842771 3.7256208424938388 0.99666925508902338 4.0149969931503255 0.66486384125251907 0.070280331315618796 0.29730610809835717 6.1273128432923505 2.6735537653587347 0.16910520303777629 4.4591508171142653 1.5072758776725819
decision_type=2 2 2 8 2 2 2 10 10 8 10 2 2 8 2 2 10 10 8 10 8 8 8 2 10 10 8 10 10 10
left_child=1 3 5 -1 -5 8 7 12 10 -10 -3 13 -2 14 29 17 18 -16 -17 20 21 -15 -13 24 -22 26 -25 -12 -11 -4
right_child=6 2 11 4 -6 -7 -8 -9 9 28 27 22 -14 19 15 16 -18 -19 -20 -21 23 -23 -24 25 -26 -27 -28 -29 -30 -31
leaf_value=1.437967022885731e-05 -0.00057561766906852048 -0.00034030326312298919 -6.1276642624936596e-05 -0.00021025583707147118 1.0419996866571181e-05 0.0014358727260412433 -0.012198128999308016 -0.0017134627045486803 0.00041623466663250964 0.0038918833954068957 0.00077482959049151776 0.00014193590778061458 0.0014126583469260619 0.0015367805582551014 -0.0016083539914559075 0.0013814009931733655 -0.00063261286850676364 0.00067850239117106569 -0.00088278964780915347 -0.00049992248376279716 -0.00016488988577232635 -0.0017321307659999906 0.0019669605741888352 -0.00018078367583955701 0.00046327367029680612 -0.00022733850602759279 0.00067033471619827849 -0.00077039626695958976 0.00072837204262832071 -0.0015215928471157231
leaf_weight=374 1311 3133 338 516 62 1882 232 899 2034 309 2296 957 51 88 182 225 1332 828 119 1280 5072 475 178 542 1072 665 1494 194 376 1033
leaf_count=374 1311 3133 338 516 62 1882 232 899 2034 309 2296 957 51 88 182 225 1332 828 119 1280 5072 475 178 542 1072 665 1494 194 376 1033
internal_value=-0.000396447 -3.21543e-05 0.000165486 -0.00544596 -0.00943005 0.00137017 -0.00434844 -0.00369363 0.000848616 0.00235478 0.000120021 -0.000610163 -0.00180484 -0.000812763 -0.00201454 -0.000949014 -0.00241503 0.00148368 0.00234783 -0.000356441 -2.55075e-05 -0.00406915 0.00202025 0.000232308 -0.000385679 0.00163768 0.00254786 0.00151746 0.00566327 -0.00409985
internal_weight=29549 27056 26104 952 578 10224 2493 2261 8342 2719 5623 15880 1362 14745 4057 2686 1676 1010 344 10688 9408 563 1135 8845 6144 2701 2036 2490 685 1371
internal_count=29549 27056 26104 952 578 10224 2493 2261 8342 2719 5623 15880 1362 14745 4057 2686 1676 1010 344 10688 9408 563 1135 8845 6144 2701 2036 2490 685 1371
is_linear=0
shrinkage=0.03


Tree=69
num_leaves=31
num_cat=0
split_feature=0 15 12 13 12 17 20 8 0 9 0 9 13 9 7 8 9 15 13 7 2 4 7 7 12 4 20 9 14 15
split_gain=70.8049 24.803 22.019 21.2462 13.2046 12.8395 12.4463 11.6587 11.3737 11.059 10.4898 11.9731 11.576 11.3966 14.2366 11.3253 10.178 9.32617 9.27254 7.82776 7.63803 7.5244 8.10271 7.40112 11.0629 9.34081 7.11448 6.66208 9.06485 6.57718
threshold=0.99402777423555622 3.1567740231385479 0.095471879744685864 0.045095948447942853 0.43263878002697848 1.6446965522236028 0.0050602502977390223 6.1273128432923505 0.91535667307815294 0.021239598319266993 2.4971122992531369 0.029611855943704326 0.090481416638220749 0.0070793987473236871 0.14925329145750263 14.404878011166522 0.058612026423892551 3.1567740231385479 0.11686423448558195 0.48477937778478863 6.5571519698302065 1047.9035483995633 0.090530052963536944 0.32600246255126958 0.29616453508305002 576.33678107547462 1.1099458798809609 0.012153530210256709 0.74291884390990337 3.3497501700808394
decision_type=10 8 2 2 2 8 2 10 8 10 10 8 2 10 10 10 8 10 2 10 8 10 10 10 2 8 2 10 2 8
left_child=1 8 7 19 6 -6 -4 21 -1 -5 11 12 20 -14 -15 16 18 27 29 -3 -8 -2 -23 24 -13 -25 -11 28 -17 -12
right_child=2 3 4 9 5 -7 10 -9 -10 26 15 23 13 14 -16 17 -18 -19 -20 -21 -22 22 -24 25 -26 -27 -28 -29 -30 -31
leaf_value=-0.0026870169139881156 0.00011754311850661756 -0.0002066436007230296 -0.00066923621863073626 0.00057065385292692338 0.00041520748281389489 0.003299190502029883 0.0024425897300576547 -0.0014495087408491274 -1.3063229541692283e-05 -0.00017279066707261641 0.0013015830308806561 0.00015445649971077769 0.0021233074003755826 0.00056512862240599027 -0.0022830881200651999 0.0024725515330368702 0.0040653263325033566 0.0027671163174120762 0.0076657922393983304 -0.00018471741810207487 -0.00058204024943357149 -3.2730341524196605e-05 -0.00060416744023917223 0.00084806960632592525 0.0013066024045189535 -0.00070540265365085875 -0.0046168537105753223 -0.00040161567814300439 -0.00203317222672709 -0.0014727623085062959
leaf_weight=649 2009 782 231 102 845 786 74 975 1075 253 610 9894 164 348 152 203 335 183 57 68 3492 1650 1685 124 654 816 79 1053 47 197
leaf_count=649 2009 782 231 102 845 786 74 975 1075 253 610 9894 164 348 152 203 335 183 57 68 3492 1650 1685 124 654 816 79 1053 47 197
internal_value=-0.000374075 -0.00473579 0.000119616 -0.00789105 0.000601747 0.00318934 0.000375101 -0.00142642 -0.00238261 -0.00248276 0.000462128 0.000166041 -0.0011983 0.00243609 0.000179641 0.00219471 0.0043625 0.000443847 0.00263584 -0.0106463 -0.00187553 -0.000875585 -0.0017491 0.000668465 0.00089582 -0.00188098 -0.00513514 -0.00044862 0.00394422 0.00180074
internal_weight=29592 3008 26584 1284 20265 1631 18634 6319 1724 434 18403 15718 4230 664 500 2685 1199 1486 864 850 3566 5344 3335 11488 10548 940 332 1303 250 807
internal_count=29592 3008 26584 1284 20265 1631 18634 6319 1724 434 18403 15718 4230 664 500 2685 1199 1486 864 850 3566 5344 3335 11488 10548 940 332 1303 250 807
is_linear=0
shrinkage=0.03


Tree=70
num_leaves=31
num_cat=0
split_feature=0 15 0 0 17 20 3 6 9 12 16 14 9 8 16 11 12 15 14 12 14 14 1 7 11 17 8 16 17 6
split_gain=63.8716 28.8676 24.6886 14.1393 15.7078 12.5743 10.8625 10.8251 10.0013 12.9661 11.6536 10.6538 9.43756 11.5258 10.4089 9.27753 9.1838 10.1461 8.70984 8.6453 8.02531 11.2144 8.02429 7.93563 8.6891 7.32353 6.99847 6.81114 6.59584 7.75376
threshold=1.01216830219374 3.1132683346437333 1.5608910163763616 46.498798076923087 6.6585427530410923 1.2967397186147187 0.4341530597848699 2.4601593750678514 0.042759249507686406 0.057545668555616387 -0.2187637777417594 0.78151261153224749 0.01805763357127645 6.6876600032640869 -0.013608416113083039 11.112395637900898 0.25183318273803496 4.7273486598447958 0.49423697120891052 -0.069276408988107704 0.28239317693402188 0.68593860548850338 0.060737812911725926 0.41071721330258182 10.84884181721627 0.82248462705975267 1.2394935572274739 0.10186865906832011 0.23429751344865929 1.4871048580204353
decision_type=10 8 10 10 8 2 2 2 8 2 10 2 8 10 10 2 2 8 2 2 2 2 10 10 2 10 10 8 10 2
left_child=1 5 6 4 7 28 8 12 9 26 -10 25 23 14 22 -12 17 19 -17 -3 -16 -22 -14 24 -4 -11 -2 -5 29 -1
right_child=2 16 3 27 -6 -7 -8 -9 10 11 15 -13 13 -15 20 18 -18 -19 -20 -21 21 -23 -24 -25 -26 -27 -28 -29 -30 -31
leaf_value=-6.4080117528936178e-05 -0.00030151780811355145 -0.0031933062007182184 -0.00069050080429430632 -0.0011654033019277363 0.0040129621575272735 -0.012483212858859805 0.0003764447217739694 0.0013561605599197626 -0.0019586937227922133 -0.00023539520415033306 2.0615346864563712e-05 0.0010857073574024748 0.00050322534564548656 3.413126624058557e-05 0.002430989004851935 -0.0016045176399649068 -0.00019774885393763613 -2.4767046553364074e-05 -0.00026413350982309563 -0.0011352511222336079 0.00053086014148179901 0.0022918729413386411 -0.0015566214885824991 0.0017974738270880432 0.00092849551068324427 -0.0013330959539953591 -0.0019550780909078328 -0.00026937017786972226 -0.00093470922602572075 0.0012852445129356879
leaf_weight=895 201 189 1822 106 305 172 1207 1662 148 2597 9424 272 245 2474 207 189 456 248 779 580 1686 719 133 189 233 584 354 581 716 196
leaf_count=895 201 189 1822 106 305 172 1207 1662 148 2597 9424 272 245 2474 207 189 456 248 779 580 1686 719 133 189 233 584 354 581 716 196
internal_value=-0.000344437 -0.00417897 0.000162532 0.00129982 0.00159518 -0.00181061 -0.000585491 0.00137659 -0.000812427 -0.0020878 -0.000327293 -0.00140272 0.000902841 0.00157548 0.00282849 -0.000207832 -0.00735753 -0.0057613 -0.0030031 -0.00746104 0.00350172 0.00301122 -0.00182058 -0.000734967 -0.00127675 -0.00189032 -0.00633993 -0.0028561 -0.00107024 0.000398352
internal_weight=29569 3452 26117 10362 9675 1979 15755 9370 14548 4008 10540 3453 7708 5464 2990 10392 1473 1017 968 769 2612 2405 378 2244 2055 3181 555 687 1807 1091
internal_count=29569 3452 26117 10362 9675 1979 15755 9370 14548 4008 10540 3453 7708 5464 2990 10392 1473 1017 968 769 2612 2405 378 2244 2055 3181 555 687 1807 1091
is_linear=0
shrinkage=0.03


Tree=71
num_leaves=31
num_cat=0
split_feature=0 15 12 13 14 14 13 9 8 0 8 17 0 17 16 0 15 12 14 7 5 10 9 0 6 17 4 0 2 13
split_gain=61.5406 27.5222 23.7668 20.627 13.4061 16.674 11.4678 16.5838 11.2024 10.675 9.43047 10.6164 9.25186 9.7701 8.991 9.9935 8.49758 8.34982 8.33258 11.2998 8.74515 8.12817 10.3957 8.82706 7.95672 8.68588 7.92192 7.20161 7.33011 10.4751
threshold=0.99402777423555622 3.0201273556387074 0.21939073468119832 0.045095948447942853 0.64988801322116307 0.31615993784768598 0.052251909899639341 0.0052366209641751468 6.1273128432923505 0.70579746621234041 17.044520348591224 2.0950339193447265 46.498798076923087 -0.34220144979340755 0.19069833348797424 1.4908752639688527 4.2972622671762819 0.35688351644630428 0.61999178072401107 0.18522395396903937 0.98709623709623717 1.1030690906760199 0.078812190240569194 2.7187247769475751 -1.2264531692942162 0.2529429059767952 890.25795161915596 1.7097756944815514 4.0432608327823383 0.13763199502629664
decision_type=10 8 2 2 2 2 2 10 10 8 8 10 10 10 10 10 8 2 2 10 8 10 10 10 2 10 10 10 10 2
left_child=1 9 6 -3 5 14 21 -8 27 -1 17 26 13 -7 -4 -16 -5 -6 19 20 -15 -2 23 -23 -11 -26 -12 28 -9 -30
right_child=2 3 4 16 10 12 7 8 -10 24 11 -13 -14 18 15 -17 -18 -19 -20 -21 -22 22 -24 -25 25 -27 -28 -29 29 -31
leaf_value=-0.016579471508371021 -0.00042796325325174294 -0.00019451182708320964 -0.00018146827250232339 -0.0014045824106664847 0.0010348383670019006 0.0029516833236025485 0.0023137652706551946 0.00019787393098228377 -0.00051882171908378626 -0.0050369535086481542 -0.0010015593786485931 0.0016462582158841715 -0.0012363871007399654 -0.0018361110629493897 -5.7784119804775991e-05 0.0024731166898469942 7.0020371231393211e-05 0.0035358121624557248 -0.0010353973110463733 -0.00021074474735063297 0.0020147209399997224 -0.00043497721126558919 0.00030858857148747241 0.0047420353859408187 6.6046889888083819e-05 -0.0011183909965735983 0.00047032378335467955 0.0019278968254465205 0.00015789476810607498 -0.0027057549881987072
leaf_weight=89 5489 900 284 300 1610 236 194 4832 2016 83 480 577 191 95 149 431 169 571 640 2529 443 2181 1639 51 878 574 1058 346 338 256
leaf_count=89 5489 900 284 300 1610 236 194 4832 2016 83 480 577 191 95 149 431 169 571 640 2529 443 2181 1639 51 878 574 1058 346 338 256
internal_value=-0.000355889 -0.00443387 0.000102489 -0.00756569 0.00132652 0.000270054 -0.000553537 0.000281849 6.5477e-05 -0.00179077 0.00255527 0.00112713 -0.00052237 -0.000209178 0.0040578 0.00619621 -0.00245745 0.00393905 -0.00058657 6.35593e-05 0.00400742 -0.00126589 -0.000213068 -0.00154501 -0.00120117 -0.000681349 -0.000175439 0.000737918 0.000469873 -0.00267227
internal_weight=29629 2993 26636 1369 9294 4998 17342 7982 7788 1624 4296 2115 4134 3943 864 580 469 2181 3707 3067 538 9360 3871 2232 1535 1452 1538 5772 5426 594
internal_count=29629 2993 26636 1369 9294 4998 17342 7982 7788 1624 4296 2115 4134 3943 864 580 469 2181 3707 3067 538 9360 3871 2232 1535 1452 1538 5772 5426 594
is_linear=0
shrinkage=0.03


Tree=72
num_leaves=31
num_cat=0
split_feature=0 13 15 12 7 6 16 16 9 14 14 14 0 6 3 9 3 0 11 3 9 3 1 10 0 15 0 14 9 5
split_gain=66.4385 20.2589 22.9557 19.3182 12.7076 12.5398 10.6789 9.46048 8.24075 8.07711 7.98566 9.89163 9.88571 8.34104 7.86509 7.82381 7.20098 9.79286 7.18663 7.06683 6.8697 9.62237 7.4797 6.83383 9.03393 8.3505 11.4389 7.88403 6.983 6.80156
threshold=1.0164117925450027 0.034783361109961601 3.1567740231385479 0.10139759561597296 0.16638951926295356 3.4251796252517295 0.45426422651250209 0.62292414321190925 0.10221534526835348 0.14944471528906197 0.7037444582559117 0.35788803882542025 1.2941443402951811 0.69375425261013512 0.14059640524172845 0.0056167550659594759 0.026132882376827621 0.82511311878168192 10.471496589428204 0.43711965433899885 0.049323039161274458 0.44777324829393889 0.41240409207161127 1.4392614138029318 95.446153846153848 3.0677824455408698 2.2074037802280944 0.77056216127551369 0.019265974155035052 0.43222114764667957
decision_type=10 2 8 2 10 2 10 10 8 2 2 2 10 2 2 10 2 8 2 2 10 2 10 8 10 10 10 2 8 10
left_child=1 2 7 4 15 6 23 18 14 -4 11 12 -8 -12 -6 -2 -3 -18 -1 -7 21 -17 -22 24 28 26 27 -25 -5 -28
right_child=3 16 9 5 8 19 10 -9 -10 -11 13 -13 -14 -15 -16 20 17 -19 -20 -21 22 -23 -24 25 -26 -27 29 -29 -30 -31
leaf_value=-0.00080634986728216008 0.0014387074644491714 0.0018085132506303198 -0.00018598103350701074 -0.00045571615619815798 -0.0029846635635836474 0.00082632480308959886 -0.00020785526272800852 0.00083813363593182469 0.00034092213339435477 -0.00018867647227071335 0.00054460921527612509 -0.00014462001648675533 0.0021331344918687333 0.0025986476178340118 -0.000537603491903819 -0.0006537686343390445 -0.00733942947187386 -8.1333967773747942e-05 0.0012597735565641167 0.0043407471530978736 1.1055236380294944e-05 0.001489373164120274 -0.0010936620460723309 -0.00041927984880850449 -0.0005819405184836838 0.00068362142147961296 0.0013883985334815696 0.0013197941904541371 6.5304290860129273e-05 -0.0016552464323034534
leaf_weight=1019 117 102 131 2504 532 1259 110 123 174 762 310 790 200 351 450 1015 168 1228 40 191 3759 54 238 2037 270 1501 1151 335 8650 61
leaf_count=1019 117 102 131 2504 532 1259 110 123 174 762 310 790 200 351 450 1015 168 1228 40 191 3759 54 238 2037 270 1501 1151 335 8650 61
internal_value=-0.000365471 -0.00420118 -0.00611994 0.000160591 -0.00127997 0.000623701 0.000410487 -0.00337278 -0.00412273 -0.00974832 0.00263053 0.00106267 0.00559486 0.00523414 -0.0051882 -0.000645255 -0.00154103 -0.00210451 -0.00428774 0.00330806 -0.000822972 -0.00295794 -0.000251376 0.000173531 -0.000233698 0.00108828 0.000301255 -0.00091024 -0.000102196 0.00267106
internal_weight=29632 3573 2075 26059 6339 19720 18270 1182 1156 893 1761 1100 310 661 982 5183 1498 1396 1059 1450 5066 1069 3997 16509 11424 5085 3584 2372 11154 1212
internal_count=29632 3573 2075 26059 6339 19720 18270 1182 1156 893 1761 1100 310 661 982 5183 1498 1396 1059 1450 5066 1069 3997 16509 11424 5085 3584 2372 11154 1212
is_linear=0
shrinkage=0.03


Tree=73
num_leaves=31
num_cat=0
split_feature=0 15 12 13 9 0 0 4 8 0 14 12 8 14 10 13 8 7 13 17 7 14 17 7 14 9 12 2 3 17
split_gain=66.8068 19.2849 18.6852 17.2124 16.2547 15.7187 11.9892 10.5157 9.5666 14.6802 11.5649 9.32958 16.6588 10.0095 9.07803 9.04632 8.93375 15.6098 9.1348 10.6198 9.86889 8.34237 8.22913 8.09854 8.08519 8.01969 8.06572 8.9312 7.81849 7.71312
threshold=1.0621863334736437 3.1567740231385479 0.33700503497395223 0.035874103367187875 0.077981871193902694 0.96478991205569009 0.70579746621234041 1074.7979491631525 46.344994096059459 2.0171744610769182 0.7727531186718728 0.08036186035887917 1.2472824973766365 0.42353632331919039 1.7046278158599242 0.091410878604226961 1.1243356542607239 0.0527824954399762 0.063442304455765167 0.0041031052182419342 0.060328283317293278 0.88821389614272761 0.26072610227127896 0.50019318154883396 0.26289707616970176 0.043878594015436569 0.090219741327910011 6.5381915249571536 0.10477913493765122 2.5113171736250868
decision_type=10 8 2 2 8 10 8 10 10 10 2 2 10 2 8 2 10 10 2 10 10 2 8 10 2 8 2 8 2 10
left_child=1 6 8 5 29 23 -1 14 9 10 16 12 13 -8 -5 -11 18 -18 19 -2 -20 -10 -6 -3 28 26 -26 -28 -19 -4
right_child=2 3 4 7 22 -7 11 -9 21 15 -12 -13 -14 -15 -16 -17 17 24 20 -21 -22 -23 -24 -25 25 -27 27 -29 -30 -31
leaf_value=-0.018206928518203224 -0.00070166644225832023 -0.00018301617810259193 0.00011958105657526196 -6.6929985957711222e-05 0.00022511127310156974 -0.0006570786435707534 -0.00060307999036037104 -0.00099950590291511391 -0.00061619985559648255 0.00070394904375830876 0.00053803503279598259 6.3467499626068349e-05 -0.0018757052999514518 0.00025372257058398859 0.0013542414002233438 0.0031917945336796647 -0.0043829838711700016 -0.0012728581188188464 0.0015596888054805684 0.00028807811447388771 -0.00079681783505130416 0.00096040234741660792 0.003212218965236545 -0.00019593151627357529 -0.001047409119602848 -3.2182435362568883e-05 0.00092300512987391389 -0.0003606837820819136 0.00068786018774349446 0.0020637766877217348
leaf_weight=100 238 631 2291 288 157 448 557 474 2046 1703 1719 373 1033 1048 67 337 173 94 394 822 111 173 551 60 654 8111 140 3376 841 699
leaf_count=100 238 631 2291 288 157 448 557 474 2046 1703 1719 373 1033 1048 67 337 173 94 394 822 111 173 551 60 654 8111 140 3376 841 699
internal_value=-0.000348872 -0.0034813 0.000297186 -0.00580498 0.00226277 -0.00819737 -0.00200996 -0.00251205 -5.016e-05 0.000170728 -0.000123246 -0.00166833 -0.00229632 -0.000382939 0.00139045 0.00257227 -0.000391174 -0.000641897 0.00175287 0.000169651 0.00506917 -0.00191216 0.00634697 -0.0110332 -0.000524325 -0.000729116 -0.00179813 -0.00122832 0.00216346 0.00129388
internal_weight=29709 5079 24630 1968 3698 1139 3111 829 20932 18713 16673 3011 2638 1605 355 2040 14954 13389 1565 1060 505 2219 708 691 13216 12281 4170 3516 935 2990
internal_count=29709 5079 24630 1968 3698 1139 3111 829 20932 18713 16673 3011 2638 1605 355 2040 14954 13389 1565 1060 505 2219 708 691 13216 12281 4170 3516 935 2990
is_linear=0
shrinkage=0.03


Tree=74
num_leaves=31
num_cat=0
split_feature=0 15 20 13 10 0 6 17 17 20 12 3 3 14 17 11 12 16 14 3 5 17 14 12 1 3 16 12 15 15
split_gain=70.3245 23.5946 20.3743 16.3808 12.1359 11.4175 10.876 12.3255 9.1673 9.04616 7.67757 7.39628 7.50565 8.71808 10.5394 8.46499 7.11345 6.5005 10.7371 6.42822 7.10482 7.49733 6.30528 5.98097 5.96583 5.8752 5.83923 5.47925 4.92709 5.36821
threshold=0.99402777423555622 2.9700856263602158 0.5291428033975123 0.017736635269425698 0.96518954641729249 95.446153846153848 0.33915812612240542 0.20839330386773638 6.6585427530410923 1.2967397186147187 0.064242785891931234 1.0000000180025095e-35 0.043665070674123833 0.64223710962125879 1.4850325121970982 7.3427789798660452 0.40906967540969902 0.13379470112637623 0.32317577926163793 0.16385467810118898 inf 0.071898436426218931 0.08914834732744549 -0.060302028221500319 0.37284167398302609 0.070122692221979491 -0.12073718189338688 0.19397273475839419 3.7256208424938388 2.1383330595080281
decision_type=10 8 2 2 10 10 2 10 8 2 2 2 2 2 10 2 2 8 2 2 8 10 2 2 8 2 10 2 10 8
left_child=1 9 4 22 5 8 7 28 19 -1 -9 -6 27 14 17 -15 26 -14 -19 20 -2 -22 -3 24 -5 -16 -8 -13 29 -4
right_child=2 3 6 23 11 -7 16 10 -10 -11 -12 12 13 15 25 -17 -18 18 -20 -21 21 -23 -24 -25 -26 -27 -28 -29 -30 -31
leaf_value=-0.00014103939933819226 -0.00233242707007974 -0.00015814271427323269 -0.00068058819552440448 -0.0025685553124806509 0.0040794037098569559 -0.00059314120833237722 -0.0010374089294379074 -0.0016811475576171493 0.0051772410745142446 -0.0098702523345680325 -0.00048560971209945012 0.0014382545989903466 0.0011009099291077061 -0.0030131115421625069 -0.0012683694965855748 0.001817138915008351 0.0015659948048702002 0.0024977968378447238 -0.0007758857563072714 0.0012622600084301221 0.0014794493618355607 -0.0003448114813051935 -0.00017752569275951419 -0.00011238530356779752 -0.00074875615636019383 0.0031518282927836512 4.8955876604807048e-05 -0.00082903969200791153 -0.00051874290888522683 8.5181700357758953e-05
leaf_weight=1421 185 62 449 171 81 205 339 620 78 172 2033 57 472 72 44 1797 149 139 790 617 346 1272 584 480 92 362 12291 333 603 3357
leaf_count=1421 185 62 449 171 81 205 339 620 78 172 2033 57 472 72 44 1797 149 139 790 617 346 1272 584 480 92 362 12291 333 603 3357
internal_value=-0.000317955 -0.00468656 0.000170276 -0.00754317 0.00158079 1.6642e-05 -0.000316752 -0.0012615 0.00057623 -0.0021926 -0.00287679 0.00260005 0.00241947 0.00283927 0.00135232 0.0042754 0.000205399 0.000117689 -0.00133871 0.000247831 -0.000656874 -1.853e-05 -0.0110355 -0.00449597 -0.008125 0.00560197 0.000128256 -0.00153453 -0.000289116 0.000110323
internal_weight=29673 2982 26691 1389 6850 2703 19841 7062 2498 1593 2653 4147 4066 3676 1807 1869 12779 1401 929 2420 1803 1618 646 743 263 406 12630 390 4409 3806
internal_count=29673 2982 26691 1389 6850 2703 19841 7062 2498 1593 2653 4147 4066 3676 1807 1869 12779 1401 929 2420 1803 1618 646 743 263 406 12630 390 4409 3806
is_linear=0
shrinkage=0.03


Tree=75
num_leaves=31
num_cat=0
split_feature=12 20 15 20 5 12 6 8 12 20 15 7 8 10 8 16 8 4 20 14 16 13 13 4 4 17 15 8 14 13
split_gain=38.691 26.4852 28.8784 23.4935 12.4849 11.6855 10.7621 11.6624 10.2749 10.2237 10.0589 9.42786 10.4957 9.4187 9.08833 8.96162 8.74274 8.45254 8.04666 7.95977 7.86897 7.74965 6.97732 7.42633 6.82815 6.71793 6.90836 6.66575 7.42316 7.27925
threshold=0.0075615158549831038 0.00083400475854453085 2.9700856263602158 0.38392434642015655 0.86773157538877632 0.24975077821654781 0.60655840413148476 6.1273128432923505 0.08678042183499636 1.2967397186147187 3.1567740231385479 0.3113039149130673 2.6226158252644436 1.1030690906760199 1.2472824973766365 0.6769785978643319 153.17016939429368 191.52068815792578 0.035496574383884323 0.90274161780918249 0.4014064535269376 0.096100725235825565 0.13282515977201242 2390.3498785813813 2773.0889038198457 3.9131647042326239 2.1383330595080281 1.2275426651503909 0.51944021348164704 0.12811824268122782
decision_type=2 2 8 2 10 2 2 10 2 2 10 10 10 10 10 10 10 10 2 2 8 2 2 10 8 8 10 8 2 2
left_child=9 2 -2 4 13 -4 7 11 -9 10 14 12 24 18 -1 19 22 -16 -3 -8 -10 -14 23 -15 27 26 -20 28 29 -5
right_child=1 3 5 6 -6 -7 15 8 20 -11 -12 -13 21 16 17 -17 -18 -19 25 -21 -22 -23 -24 -25 -26 -27 -28 -29 -30 -31
leaf_value=-2.614279499475902e-05 1.6854929161173452e-05 -0.00076643425149771586 3.5240523040660568e-05 -0.00024907666926650445 -0.0020007890100643541 -0.00016950448321302616 4.9018860629417847e-05 -0.0023110383385271834 -0.00099900328538450774 -0.011242506777806246 -0.0014986933500178946 -0.0012744090688278033 0.00065604809133777513 0.0021112645413634513 0.0016672037545987874 0.0011089125728970715 0.0001490535261245017 -0.0025148944987781006 -0.00050642521984736852 0.002711188913565441 0.00046195974645980463 0.0030721357125348884 0.0072420251209905405 0.0032959732287250114 0.00039104986833275762 0.0026709452187280254 0.00099553828832409856 -0.00032242441959136407 0.00047395744049057024 0.0012589266202829318
leaf_weight=1001 453 207 88 1270 75 540 12046 461 1489 234 685 282 292 1116 72 303 429 591 544 45 427 106 69 353 752 224 738 3575 1053 77
leaf_count=1001 453 207 88 1270 75 540 12046 461 1489 234 685 282 292 1116 72 303 429 591 544 45 427 106 69 353 752 224 738 3575 1053 77
internal_value=-0.000353233 -1.77679e-05 -0.00461645 0.000174096 0.00236821 -0.00877583 -0.000197484 -0.000941237 -0.00276913 -0.00386029 -0.0032617 -0.000354347 -0.000141033 0.00261614 -0.002 0.000389673 0.00403201 -0.00472139 0.000988915 0.000261743 -0.00179969 0.00458647 0.00508772 0.00464286 -0.000421373 0.00175182 0.000911925 -0.000760542 0.000462307 -0.00101261
internal_weight=29597 27014 1081 25933 3755 628 22178 9784 2377 2583 2349 7407 7125 3680 1664 12394 1967 663 1713 12091 1916 398 1538 1469 6727 1506 1282 5975 2400 1347
internal_count=29597 27014 1081 25933 3755 628 22178 9784 2377 2583 2349 7407 7125 3680 1664 12394 1967 663 1713 12091 1916 398 1538 1469 6727 1506 1282 5975 2400 1347
is_linear=0
shrinkage=0.03


Tree=76
num_leaves=31
num_cat=0
split_feature=0 15 13 0 20 8 6 10 7 3 13 9 8 7 9 3 0 17 9 3 4 14 13 14 3 9 17 3 7 4
split_gain=61.4322 29.8458 19.6936 18.2055 13.12 14.3926 9.46704 9.51436 9.28184 9.10933 11.4422 11.6666 10.0994 11.2922 9.78107 13.6414 8.99193 8.87924 8.03181 7.96324 7.7138 9.22586 7.81032 7.68382 7.63224 7.62664 7.4478 7.78842 7.30522 7.18536
threshold=1.0075687858576539 3.0201273556387074 0.041806246821104738 1.4007313114642297 0.99345944054373814 1.2189414241281222 3.7679581909318753 1.4299920114232096 0.14718688742567163 0.43711965433899885 0.047357574945620123 0.0052366209641751468 1.163084002617351 0.072123628569388545 0.045245511374807666 0.33478251026873529 0.94288975864318336 0.19041272017003494 0.021239598319266993 0.0031130026514355016 1040.9212749929427 0.32317577926163793 0.13388151399168949 0.52772576229329082 0.34904473974145528 0.0052366209641751468 0.66486384125251907 0.46825190055783233 0.48477937778478863 982.11288589450453
decision_type=10 8 2 10 2 10 2 8 10 2 2 10 10 10 8 2 10 10 10 2 10 2 2 2 2 10 8 2 10 8
left_child=1 4 16 9 -1 24 7 8 29 10 14 -12 -13 -14 15 -2 28 -17 -4 -9 21 -15 -23 -19 -6 -7 27 -11 -3 -5
right_child=3 2 18 6 5 25 -8 19 -10 26 11 12 13 20 -16 17 -18 23 -20 -21 -22 22 -24 -25 -26 -27 -28 -29 -30 -31
leaf_value=8.8975681383337239e-05 -0.0011993079613555899 -0.00016711478748033796 0.000645595129524543 0.0023799990715548808 0.00035342323172794126 0.00075912713027371625 0.001748958633279143 0.003872694578752152 -0.00012189768478320178 0.00047367318308658434 0.001594824483268032 0.00032389641735161627 -0.0019401492283287062 -0.0017951765156987804 -0.00021036211099698037 0.0011899065111754383 -0.00096038748724501738 -0.0013801239297990861 -0.00064671996395348325 0.00061329369814703205 -0.00026104112441603655 0.00022073833417253101 0.0015667846147221537 0.0011484934858645244 -0.0010923097970686755 -0.0035211746228522595 0.0020620265494916946 -0.00027649375010456543 -0.00016507713419526402 0.00030641956343514115
leaf_weight=317 1344 596 105 337 521 65 866 107 6321 489 135 1684 290 68 4509 131 312 110 439 4142 2726 649 182 121 240 643 153 394 67 1480
leaf_count=317 1344 596 105 337 521 65 866 107 6321 489 135 1684 290 68 4509 131 312 110 439 4142 2726 649 182 121 240 643 153 394 67 1480
internal_value=-0.000388404 -0.00424229 -0.00733224 9.71836e-05 -0.00161164 -0.00280612 0.000879357 0.000667178 6.63472e-05 -0.00070114 -0.000935146 3.13862e-05 -0.000179464 -0.00101507 -0.00182674 -0.00376098 -0.00988217 0.00140496 -0.00275229 0.00181765 -0.000558467 0.00185 0.00272236 -0.00213362 5.90551e-05 -0.00588152 0.00199614 0.000933258 -0.0118599 0.00195545
internal_weight=29543 3305 1519 26238 1786 1469 13253 12387 8138 12985 11949 5734 5599 3915 6215 1706 975 362 544 4249 3625 899 831 231 761 708 1036 883 663 1817
internal_count=29543 3305 1519 26238 1786 1469 13253 12387 8138 12985 11949 5734 5599 3915 6215 1706 975 362 544 4249 3625 899 831 231 761 708 1036 883 663 1817
is_linear=0
shrinkage=0.03


Tree=77
num_leaves=31
num_cat=0
split_feature=0 15 0 8 14 14 16 7 0 0 3 8 4 14 9 3 11 7 15 8 0 11 8 7 6 14 17 15 15 14
split_gain=55.0498 25.4205 19.749 10.7258 17.5686 15.589 13.9679 10.182 9.04234 8.80113 8.70277 19.7867 9.87871 10.4044 9.47187 8.4485 11.1859 8.36288 12.8292 12.5018 8.34836 7.59982 8.43036 10.497 7.50615 7.6923 7.02496 7.00044 6.8952 11.3667
threshold=0.99402777423555622 3.1132683346437333 1.4776290872350797 19.151368462309481 0.68032912531337975 0.28239317693402188 0.20687652704671119 0.38592235652618578 28.257575757575761 0.70579746621234041 0.11196556927944801 1.2502491240955991 1743.8915764581877 0.70044106902768122 0.042186816873897685 0.072687840779193963 10.352107928919756 0.3113039149130673 2.602003343538398 1.9443953781353305 1.8899606074393303 4.5485858369352732 4.8436312614115602 0.43800126171309378 2.1127677797474074 0.88821389614272761 2.351729683416766 3.2769667020129059 4.4601277074540464 0.37057692431497558
decision_type=10 8 10 10 2 2 10 10 10 8 2 8 10 2 8 2 2 10 10 8 10 2 10 10 2 2 8 8 10 2
left_child=1 9 10 4 5 6 27 8 24 -1 11 12 -2 -14 -13 16 -6 -7 19 -19 -17 -3 23 -23 25 -5 -11 -4 -12 -30
right_child=2 21 3 7 15 17 -8 -9 -10 26 28 14 13 -15 -16 20 -18 18 -20 -21 -22 22 -24 -25 -26 -27 -28 -29 29 -31
leaf_value=-0.016558946125117147 0.00082662376955549134 -0.00016210134385592783 0.0011906773314592654 -0.00051203423395411668 -0.00058248326059436896 0.00020313899733678475 0.0025729129418885274 0.0010007420734451881 -0.00073508151831903944 -0.00064609233718905524 -2.085332707883112e-05 -0.001544364699322794 -0.0011093576628346585 0.0022236242535166638 -0.00048696907227998242 0.0011085406884826078 0.0021918735615762712 -0.0024038647678955496 -0.0023286177419239648 0.00077894021209170368 0.0034234738249413936 -0.00051026211448684301 -0.00015940590509222523 0.00021621834763640725 0.00078336560933486398 0.0013828924420991699 5.5637308829599781e-05 -0.0013579646477982809 -0.0012640841259705983 7.0993394147006932e-05
leaf_weight=96 603 137 151 2317 413 3988 325 938 239 1264 11469 796 183 52 1543 1036 100 92 255 382 711 809 300 41 583 117 317 79 98 130
leaf_count=96 603 137 151 2317 413 3988 325 938 239 1264 11469 796 183 52 1543 1036 100 92 255 382 711 809 300 41 583 117 317 79 98 130
internal_value=-0.00030137 -0.00417875 0.000130822 0.00105142 0.0017284 0.000779442 0.00553058 -0.000164482 -0.000957937 -0.00174315 -0.000594958 -0.0019871 0.00196663 -0.00324153 -0.00340385 0.00394073 0.000554475 0.000219373 -0.00273288 0.000189474 0.00493421 -0.0073486 -0.00654214 -0.00500588 -0.000511928 -0.00124435 -0.00120417 -0.00012987 -0.000216704 -0.00537118
internal_weight=29564 2964 26600 11726 7532 5272 555 4194 3256 1677 14874 3177 838 235 2339 2260 513 4717 729 474 1747 1287 1150 850 3017 2434 1581 230 11697 228
internal_count=29564 2964 26600 11726 7532 5272 555 4194 3256 1677 14874 3177 838 235 2339 2260 513 4717 729 474 1747 1287 1150 850 3017 2434 1581 230 11697 228
is_linear=0
shrinkage=0.03


Tree=78
num_leaves=31
num_cat=0
split_feature=0 15 13 20 0 10 8 15 9 3 8 17 7 0 13 14 9 1 15 15 14 7 17 9 20 4 8 16 15 15
split_gain=54.0701 20.4817 23.1427 14.1839 12.9967 11.922 10.6295 13.071 12.2591 9.70288 20.2849 9.66721 9.36717 9.00887 8.72677 8.53961 7.89151 7.53877 8.28869 12.099 9.34227 7.16785 7.14471 7.06672 8.47345 8.58719 6.94592 6.88267 6.57374 11.6698
threshold=1.0462208947841087 3.0677824455408698 0.038025024603510697 0.69872247018080136 0.94288975864318336 1.4470679661195676 12.287720259691678 3.4811217321331038 0.045245511374807666 0.11369758380940388 1.2502491240955991 0.27223524369525837 0.48477937778478863 0.70579746621234041 0.074461342176922685 0.26289707616970176 0.037574740546582476 0.38516483516483518 2.8617925509761908 3.3140206880897671 0.7100657088334168 0.33048240713915472 0.23122480746474805 0.025039560140516989 1.1099458798809609 1755.0822569560833 10.252240042950637 0.038152572052599427 4.2268071048866842 3.795426061844291
decision_type=10 8 2 2 10 8 10 8 10 2 10 8 10 8 2 2 10 10 8 10 2 10 10 10 2 10 10 10 8 10
left_child=1 13 4 5 12 6 7 8 -2 10 28 14 -3 -1 -10 21 -12 18 20 -20 22 -7 -11 -4 25 -25 -22 -9 29 -5
right_child=3 2 23 9 -6 15 -8 27 11 17 16 -13 -14 -15 -16 -17 -18 -19 19 -21 26 -23 -24 24 -26 -27 -28 -29 -30 -31
leaf_value=-0.015460483901217825 9.3235051429773266e-05 -0.00015462372793945847 0.00061684583311918722 0.0004725104456858516 -0.00078080652317018306 0.0033162374128752003 -0.00024684315369029802 -0.00090064993576894205 -0.00031372053998579731 -4.2025797982634776e-05 -0.0016240533093372664 0.0021593198474602676 -7.8636585176911888e-05 -0.00017297067228473739 0.0021483630555753355 0.00063680370923558088 -0.00052283193624214953 -0.00087516251399322122 0.0004050624017084821 -6.7642867085511559e-05 0.00058313901415780599 -0.00038654326910061401 -0.00074309666288256172 -2.8530438983641507e-05 -0.0041291204683921402 -0.001854041279624994 -0.00067644839546311805 -7.4379610528800964e-05 0.0024855669140389823 -0.001350089618007996
leaf_weight=90 1754 563 159 608 507 188 3424 247 544 1560 640 1027 64 2464 261 4184 1406 318 2499 2655 787 68 1694 477 88 81 354 846 48 64
leaf_count=90 1754 563 159 608 507 188 3424 247 544 1560 640 1027 64 2464 261 4184 1406 318 2499 2655 787 68 1694 477 88 81 354 846 48 64
internal_value=-0.000343276 -0.0033745 -0.00569845 0.0001978 -0.00845815 0.000912388 0.000227665 0.00115705 0.00203234 -0.000511714 -0.00208168 0.00374795 -0.0113455 -0.00160861 0.00128412 0.00216168 -0.00360528 -7.1443e-05 8.01047e-05 0.000896217 -0.000876934 0.00747082 -0.00169585 -0.00180521 -0.00319938 -0.00182469 0.00145797 -0.00171389 0.00224688 0.00147103
internal_weight=29669 4493 1939 25176 1134 12543 8103 4679 3586 12633 2766 1832 627 2554 805 4440 2046 9867 9549 5154 4395 256 3254 805 646 558 1141 1093 720 672
internal_count=29669 4493 1939 25176 1134 12543 8103 4679 3586 12633 2766 1832 627 2554 805 4440 2046 9867 9549 5154 4395 256 3254 805 646 558 1141 1093 720 672
is_linear=0
shrinkage=0.03


Tree=79
num_leaves=31
num_cat=0
split_feature=0 13 12 1 12 12 7 7 12 3 2 13 8 9 16 0 7 14 9 12 11 1 9 3 0 17 8 14 7 12
split_gain=50.5591 25.9094 16.1845 15.4988 13.3044 12.2019 9.33701 9.0359 8.98069 8.51929 8.13454 12.1119 15.7407 15.4956 12.3957 10.5544 14.1542 10.5104 10.2226 9.57904 9.50076 8.23588 8.21226 8.03147 7.78295 7.69556 12.104 7.4621 8.72528 7.85875
threshold=1.0354129758016761 0.034783361109961601 0.095471879744685864 0.033520599250936318 0.55160230659063914 0.15999281615044228 0.15557299315193249 0.50019318154883396 -0.069276408988107704 0.0071981231177399834 6.5323769157767444 0.070831533610217573 43.110988722727505 0.0070793987473236871 0.25723900418894075 2.0541753463329129 0.15642497995562812 0.78151261153224749 0.081074892167686721 0.38322603310147546 10.059785924192239 0.2146697388632873 0.12260410037835337 0.42503946799570275 0.88831806007614622 1.2467163084516091 1.1243356542607239 0.29604198197583403 0.34610156420500832 0.23487486218997769
decision_type=10 2 2 8 2 2 10 10 2 2 10 2 10 10 10 10 10 2 10 2 2 8 10 2 8 8 10 2 8 2
left_child=1 3 6 24 10 9 -2 -7 -3 -5 11 14 13 -13 20 16 -15 -14 23 -20 -4 -17 -12 27 -1 26 -10 28 -16 -29
right_child=2 8 4 5 -6 7 -8 -9 25 -11 22 12 17 15 18 21 -18 -19 19 -21 -22 -23 -24 -25 -26 -27 -28 29 -30 -31
leaf_value=-0.0043463231456340153 -9.1111783994250842e-05 -0.0019017047485613084 -0.00033495527700034276 6.1074871814453683e-05 0.0038512463988336102 -0.00014990415293836365 -0.0013492870122594673 -4.0081961794829433e-05 0.00054088553386275843 -0.0012980729340290676 -0.00030783520048635713 0.0035636272900955545 -0.0015499432938850266 0.00062611342769455455 0.0013671676595280141 0.0033679225992834334 -0.00063744325347646347 5.078672793070009e-05 0.00065010423112596112 0.0042125955022409367 0.00017931135966602413 -0.00051009256688192234 -0.0012744342173819829 0.0015632997854918358 -0.00016477352925557801 0.0001009179728360971 -0.00075699272165616392 -0.00060365930324584043 -0.00076309993995180676 0.00023882379963536648
leaf_weight=195 4120 430 5901 54 427 397 1063 54 445 860 603 190 193 2290 338 364 598 436 1129 164 4569 74 102 303 787 249 659 858 89 1660
leaf_count=195 4120 430 5901 54 427 397 1063 54 445 860 603 190 193 2290 338 364 598 436 1129 164 4569 74 102 303 787 249 659 858 89 1660
internal_value=-0.000261976 -0.0033406 0.000237319 -0.00541099 0.000619548 -0.00747804 -0.00125868 -0.0115155 -0.000613789 -0.00547541 0.000506747 0.000623271 0.00205861 0.00284049 0.000226819 0.00236249 0.00170301 -0.00230952 0.00153567 0.00379057 -0.000340942 0.00669704 -0.00265581 0.000637119 -0.00253306 0.000587149 -0.000488688 0.000157841 0.00382009 -0.00046447
internal_weight=29601 4130 25471 2347 20288 1365 5183 451 1783 914 19861 19156 4145 3516 15011 3326 2888 629 4541 1293 10470 438 705 3248 982 1353 1104 2945 427 2518
internal_count=29601 4130 25471 2347 20288 1365 5183 451 1783 914 19861 19156 4145 3516 15011 3326 2888 629 4541 1293 10470 438 705 3248 982 1353 1104 2945 427 2518
is_linear=0
shrinkage=0.03


Tree=80
num_leaves=31
num_cat=0
split_feature=0 15 13 20 0 9 13 12 0 4 10 6 12 9 14 9 12 6 17 16 12 2 14 15 15 9 17 15 16 9
split_gain=49.7551 25.3416 17.6023 15.4819 13.8779 13.7664 11.1687 10.8844 9.77358 8.57201 8.72511 8.3251 7.70521 8.45478 7.68415 7.65402 7.37393 7.26562 11.3048 6.9198 9.37002 6.83717 6.75268 6.33117 10.8947 6.82032 11.9603 6.26862 8.95411 9.41559
threshold=1.01216830219374 3.0201273556387074 0.016439054640775667 0.49130763789009141 46.498798076923087 0.05597624695388121 0.091410878604226961 0.61181374187275106 0.70579746621234041 712.10621229698233 1.2268682650549658 -1.3219424142381162 0.21225048776937563 0.12881914306789252 0.08914834732744549 0.026885920314916479 -0.060302028221500319 0.26450980392156881 0.20508044523255842 -0.12073718189338688 0.39299949281436058 4.4816504548489027 0.34795052889576888 3.5114340430413216 3.0677824455408698 0.0092517436267436307 2.5113171736250868 2.0126758453675748 0.4700752163315477 0.098126959454704774
decision_type=10 8 2 2 10 8 2 2 8 10 10 2 2 10 2 10 2 2 10 10 2 10 2 10 10 10 8 8 10 10
left_child=1 8 14 4 5 6 7 23 -1 -6 -11 -10 13 -7 -3 -4 -17 18 -5 -19 27 -13 -14 24 25 26 -2 28 29 -21
right_child=3 2 15 17 9 12 -8 -9 11 10 -12 21 22 -15 -16 16 -18 19 -20 20 -22 -23 -24 -25 -26 -27 -28 -29 -30 -31
leaf_value=-0.01573573926760672 -0.00037776496161030343 5.236520163151708e-06 0.00034712324071934432 -3.8443877146751328e-05 -0.0012103444594996524 0.0018878642863418666 0.0036047097952876359 0.0049750632807459474 -0.0052096201612376568 -0.00037951007873790758 0.0010358681656584896 -1.9840977026060259e-05 0.0044968467598361572 -0.0018477579646866385 -0.00014810246711391534 -0.0023390708307088667 -0.0002152567202977615 -0.00095825975247223517 -0.00078292484328192633 -0.0012197905511149227 0.001499397601519946 -0.0045948050567020142 0.0015331246492044487 -0.0014048473451793234 0.0021771274851744684 -0.00034625157980757825 0.0037026577940281586 6.3019338767833082e-05 0.0015392404959758614 0.00034779078988849636
leaf_weight=101 368 60 186 4086 212 162 186 110 73 195 265 1649 119 128 611 169 529 420 2437 748 219 60 1311 245 431 2031 210 11853 203 350
leaf_count=101 368 60 186 4086 212 162 186 110 73 195 265 1649 119 128 611 169 529 420 2437 748 219 60 1311 245 431 2031 210 11853 203 350
internal_value=-0.000357744 -0.00375109 -0.00658419 8.61544e-05 0.00142869 0.00194361 0.000883585 0.000490283 -0.00140924 -0.00263001 -0.00032538 -0.000891755 0.00414875 -0.000309278 -0.0102455 -0.00379661 -0.00523605 -0.000308609 -0.00113351 8.15572e-05 0.000200763 -0.000464912 0.00505241 0.000178028 0.00055245 -0.000178161 0.0026943 9.80616e-05 -0.00187788 -0.00294813
internal_weight=29727 3438 1555 26289 5973 5301 3581 3395 1883 672 460 1782 1720 290 671 884 698 20316 6523 13793 13373 1709 1430 3285 3040 2609 578 13154 1301 1098
internal_count=29727 3438 1555 26289 5973 5301 3581 3395 1883 672 460 1782 1720 290 671 884 698 20316 6523 13793 13373 1709 1430 3285 3040 2609 578 13154 1301 1098
is_linear=0
shrinkage=0.03


Tree=81
num_leaves=31
num_cat=0
split_feature=0 13 1 0 2 9 13 3 17 3 9 14 1 16 13 9 3 9 16 9 17 3 14 14 7 1 7 10 17 9
split_gain=50.113 17.675 23.4717 14.9996 13.4261 11.8521 10.2452 10.2125 9.56269 10.4131 9.85841 9.51827 9.35573 9.13399 8.74131 18.2479 12.1995 8.72828 8.04368 8.81554 7.8701 9.04385 7.42002 7.17208 7.11776 6.689 7.11409 7.70783 6.57411 16.8678
threshold=0.99402777423555622 0.02354234886814971 1.0000000180025095e-35 1.4776290872350797 5.126823224128624 0.05537522069647479 0.10493349313744736 0.45128191256863132 0.26441375015583851 0.11882805090179911 0.066914569084974687 0.63700939948954105 0.40989010989010993 0.18557300873305996 0.056531589677806686 0.0052366209641751468 0.4341530597848699 0.045245511374807666 -1.0000000180025095e-35 0.082584343007875261 0.70255486383016674 0.47450303699721869 0.13987878298004711 0.7951196049527488 0.42888257205671382 0.3504385964912281 0.15642497995562812 1.6947538332556074 2.5113171736250868 0.0077047515488007966
decision_type=10 2 8 10 10 8 2 2 8 2 10 2 8 10 2 10 2 8 10 8 8 2 2 2 10 8 10 10 10 10
left_child=1 2 13 14 5 6 28 -3 10 12 -7 -12 -10 -1 16 -16 17 23 -11 -20 21 -18 -4 24 -2 26 -17 -28 -5 -30
right_child=3 7 22 4 -6 8 -8 -9 9 18 11 -13 -14 -15 15 25 20 -19 19 -21 -22 -23 -24 -25 -26 -27 27 -29 29 -31
leaf_value=-0.0010497780921595388 -0.00082204051783502639 -5.0156300807489668e-05 -1.8342109059805554e-05 -0.00010574437552501342 -0.00053491898519417798 0.0010909976709083664 0.0022842281839332693 -0.0020780624665728779 0.00056939701556909085 -0.00023495794000186933 -0.00077062933063045173 0.00046491148505728495 -0.0015119195795955782 6.3561384981789608e-05 0.0021858877515386838 0.00016035833755834766 0.00034958579206628839 -0.00018294380476319396 0.00089486758261658847 0.0031111924464366403 0.0023802392722082131 -0.0004694209875966637 -0.00014365939310049787 0.0014314386993832854 0.00074575076902444611 -0.0004919645869050969 -0.0013159283200677668 0.00056069375221597714 0.0041373062633222168 -0.00010281941275969125
leaf_weight=282 1945 1405 73 5121 751 308 365 138 1171 109 564 875 95 369 152 4528 660 5624 694 812 139 318 739 120 136 526 580 196 265 620
leaf_count=282 1945 1405 73 5121 751 308 365 138 1171 109 564 875 95 369 152 4528 660 5624 694 812 139 318 739 120 136 526 580 196 265 620
internal_value=-0.000309289 -0.00398071 -0.00634221 0.000104592 0.000906306 0.00117136 0.000331921 -0.00173899 0.00232664 0.00338827 0.000574943 -0.00046875 0.00134964 -0.00209356 -0.000526633 0.000361023 -0.00112043 -0.0015391 0.00498453 0.00555408 0.00181127 0.000858018 -0.0097417 -0.00314033 -0.00355187 9.26085e-05 0.000412818 -0.00223938 3.49592e-05 0.00242099
internal_weight=29680 3006 1463 26674 11750 10999 6371 1543 4628 2881 1747 1439 1266 651 14924 5982 8942 7825 1615 1506 1117 978 812 2201 2081 5830 5304 776 6006 885
internal_count=29680 3006 1463 26674 11750 10999 6371 1543 4628 2881 1747 1439 1266 651 14924 5982 8942 7825 1615 1506 1117 978 812 2201 2081 5830 5304 776 6006 885
is_linear=0
shrinkage=0.03


Tree=82
num_leaves=31
num_cat=0
split_feature=0 13 15 0 0 0 9 13 3 0 6 3 9 12 12 6 16 0 15 1 16 10 6 16 15 5 1 7 15 7
split_gain=50.2015 20.5122 23.3465 16.1319 13.4707 10.5155 11.904 10.4768 9.13797 9.69312 8.9104 8.81952 8.84934 9.12427 8.7465 7.79532 7.56655 7.73855 8.22003 9.50738 7.72245 6.85254 6.8485 6.45504 6.43063 6.42272 6.30612 6.2834 6.22581 10.4976
threshold=1.0462208947841087 0.023109964658543234 2.740319461670996 0.96478991205569009 2.0171744610769182 46.498798076923087 0.05537522069647479 0.091410878604226961 0.026132882376827621 0.82511311878168192 0.47771615596627764 0.11639947699013543 0.042186816873897685 0.1563576893431389 0.61181374187275106 2.6287638083228253 -0.2187637777417594 1.2619341183789807 2.8617925509761908 0.35319472616632863 -0.042650697267831571 0.64006504400136166 2.353358662613982 0.39586106818120476 3.2384861814448418 0.99666925508902338 0.40989010989010993 0.13206009822049594 2.9700856263602158 0.061527686521158372
decision_type=10 2 8 10 10 10 8 2 2 8 2 2 8 2 2 2 10 10 8 10 10 10 2 10 10 8 10 10 10 8
left_child=1 2 23 -4 11 6 7 14 -3 -10 -7 12 13 27 25 26 -13 18 20 21 -18 -20 28 -1 -23 -6 -8 -2 -11 -30
right_child=4 8 3 -5 5 10 15 -9 9 22 -12 16 -14 -15 -16 -17 17 -19 19 -21 -22 24 -24 -25 -26 -27 -28 -29 29 -31
leaf_value=-0.00060988246376579612 0.00077814301190302622 0.0018207232763061739 -0.00013755037809117275 -0.00055453752435100534 -0.0018483779719353464 -0.00072478257193320759 0.0012004138146565202 0.0033762222089931968 -0.0066524713995247935 -2.7682825326338668e-05 -0.0001088497870180724 -0.0011484495763241513 -8.1178733345080504e-05 -0.00020085915318923426 0.0047960650537282688 0.0026988790721349239 0.0012319493449677811 0.00028778939551594399 -9.8833956308198436e-05 -0.00083342255288679516 -0.00045640578769608794 0.00058427489221997311 0.00066156884870910361 0.00056603915734323811 5.7075244799086253e-05 0.00029941101481880837 -0.0011181889900485288 -0.0016470051479020556 -2.7386802589323687e-05 -0.0012528941809979161
leaf_weight=778 109 113 636 384 142 120 1274 181 176 1173 541 399 3548 883 101 377 88 7179 1379 199 2624 914 188 238 1055 3224 56 804 372 399
leaf_count=778 109 113 636 384 142 120 1274 181 176 1173 541 399 3548 883 101 377 88 7179 1379 199 2624 914 188 238 1055 3224 56 804 372 399
internal_value=-0.000251897 -0.00318641 -0.00540501 -0.00860921 0.000267283 0.00150573 0.00194642 0.00097835 -0.00131916 -0.00172802 -0.00206193 -0.000121207 -0.00115622 -0.00287145 0.000609862 0.00401347 0.000278581 0.000399583 -0.000371406 0.0005792 -0.00161445 0.000958495 -0.00116737 -0.00218289 0.00209391 0.00034749 0.00293013 -0.00497265 -0.00169666 -0.00378886
internal_weight=29654 4457 2036 1020 25197 6016 5355 3648 2421 2308 661 19181 5344 1796 3467 1707 13837 13438 6259 3547 2712 3348 2132 1016 1969 3366 1330 913 1944 771
internal_count=29654 4457 2036 1020 25197 6016 5355 3648 2421 2308 661 19181 5344 1796 3467 1707 13837 13438 6259 3547 2712 3348 2132 1016 1969 3366 1330 913 1944 771
is_linear=0
shrinkage=0.03


Tree=83
num_leaves=31
num_cat=0
split_feature=0 12 13 1 3 12 0 7 3 14 20 14 4 3 2 14 16 13 11 14 2 16 13 11 16 0 20 5 11 11
split_gain=48.1518 17.6719 17.467 21.5385 12.4031 11.5444 9.48916 9.12206 10.5595 8.46221 7.90329 7.23666 11.1831 10.9355 8.0629 7.98768 8.23059 6.67808 6.75802 8.03467 6.63974 6.47259 6.17434 9.1105 7.58387 6.08142 7.04652 11.3607 9.40816 12.5365
threshold=1.0029662278139384 0.1037380860622399 0.023918409527301222 0.034683239775461068 0.45973053716511209 0.55160230659063914 0.77248472015492953 0.092125937862518145 0.11369758380940388 0.13987878298004711 1.2967397186147187 0.7727531186718728 448.42702892198497 0.11467231647899305 5.9704187949134377 0.13289012947648118 0.78165754193712667 0.016859294059371328 9.5854149963988 0.59753099619320105 5.7295499217261048 0.59989777360832242 1.0000000180025095e-35 7.4386775612200848 0.62292414321190925 19.010204081632654 0.35249741728770295 0.87937148447053082 9.2891053395440242 10.09365326249859
decision_type=10 2 2 8 2 2 8 8 2 2 2 2 10 2 10 2 8 2 2 2 10 8 2 2 8 10 2 10 2 2
left_child=2 7 3 6 10 11 -1 20 17 -5 -4 15 21 14 -14 16 -3 -9 19 -19 -2 -13 23 24 -7 26 27 28 -17 -30
right_child=1 5 4 9 -6 22 -8 8 -10 -11 -12 12 13 -15 -16 25 -18 18 -20 -21 -22 -23 -24 -25 -26 -27 -28 -29 29 -31
leaf_value=-0.018016122347235874 6.886101524756538e-05 0.0010384853764793551 -1.8885858765513778e-05 9.7561991727865055e-06 -0.0019857601825871282 -0.0041299279225404341 -0.00016843737901063279 -0.0026680463995483769 -0.00018109298942548853 -0.00013522309996474776 -0.0070350717341096667 -0.00091064399443996466 0.00032550004643557782 0.0015484295012579139 -0.0016957136717398874 0.0023932114672923404 -0.0014906018753884683 -0.0019602976173343761 -0.0010278170957169657 0.0013565882532867986 -0.0022721085990413357 0.0019351208292586136 0.0072903834056722936 0.0036165791647627247 0.0029147977044631569 -0.00076093009084496745 -4.3167306326745422e-06 -0.0027759252538438277 -0.00047349531747680113 0.0014301097513314685
leaf_weight=64 2768 398 1381 78 141 45 629 396 2602 817 108 418 1165 1189 66 426 61 68 760 185 158 62 113 231 42 487 13301 60 694 759
leaf_count=64 2768 398 1381 78 141 45 629 396 2602 817 108 418 1165 1189 66 426 61 68 760 185 158 62 113 231 42 487 13301 60 694 759
internal_value=-0.000282075 0.000139482 -0.00374651 -0.0059849 -0.00156346 0.000601752 -0.00201009 -0.001161 -0.00208998 -0.00905692 -0.000755034 0.000491958 0.00187177 0.00270136 0.000718344 0.000244641 0.0041413 -0.00418085 -0.00288462 0.00135827 0.000112743 -0.00230769 0.00545139 0.00329154 -0.00494318 0.000130659 0.000236205 0.00192526 0.00233777 0.00118638
internal_weight=29672 26454 3218 1588 1630 19517 693 6937 4011 895 1489 19086 2900 2420 1231 16186 459 1409 1013 253 2926 480 431 318 87 15727 15240 1939 1879 1453
internal_count=29672 26454 3218 1588 1630 19517 693 6937 4011 895 1489 19086 2900 2420 1231 16186 459 1409 1013 253 2926 480 431 318 87 15727 15240 1939 1879 1453
is_linear=0
shrinkage=0.03


Tree=84
num_leaves=31
num_cat=0
split_feature=0 15 13 12 12 0 8 14 8 11 11 8 14 9 15 8 14 15 14 0 11 15 10 14 4 3 4 9 13 9
split_gain=43.8542 26.1982 24.6531 14.2019 10.678 10.0826 8.51946 9.58879 11.7169 16.8044 9.20591 8.4782 8.29105 10.3642 9.13326 8.68952 7.8951 7.7091 8.03181 7.62181 10.1475 7.45357 7.70132 7.18862 9.70026 6.91314 6.76318 17.4687 11.857 9.88842
threshold=1.0164117925450027 3.0677824455408698 0.018217439369267365 0.095471879744685864 0.55160230659063914 0.70579746621234041 176.43351177411157 0.76702188680124284 5.55527495730166 7.4386775612200848 8.014831632406624 6.1273128432923505 0.26289707616970176 0.13352993484978967 3.8815106545092593 74.306852282582867 0.7528702941375861 2.6735537653587347 0.64988801322116307 7.2265881862505212 8.014831632406624 4.2835627800822236 1.7046278158599242 0.80820149805934915 477.68845721941324 0.11882805090179911 432.51132664062419 1.0000000180025095e-35 0.020128267268100675 0.0065764796462273482
decision_type=10 8 2 2 2 8 10 2 8 2 2 10 2 8 10 8 2 8 2 10 2 8 8 2 8 2 8 8 2 10
left_child=1 5 -3 11 6 -1 7 12 -9 -10 -8 -2 13 14 -5 26 19 18 -12 20 -17 -4 -23 -11 -25 -26 -14 28 -28 -29
right_child=3 2 21 4 -6 -7 10 8 9 23 17 -13 15 -15 -16 16 -18 -19 -20 -21 -22 22 -24 24 25 -27 27 29 -30 -31
leaf_value=-0.014616626667381354 -0.0001387860492303142 -0.00013116640696580535 -0.0011049425176432514 0.00096472248637373339 0.0034252240575372642 -0.00011422621856549825 -0.0029390303183471356 0.0013931479978400809 -0.0045764685191055548 0.0010273266066209751 -0.0015375515830532236 -0.0012740121576717792 0.0006699221641755527 -0.00057262128187601118 -0.0013831899063252032 -0.0001709388662609622 -0.00060382918553200735 -0.00095388078852916042 0.0006780554290905721 -0.00072643838063106609 0.0024358531816462701 -3.2674418252440819e-05 0.0024623877897970042 -0.0017878172768137452 -0.00022992428143418542 0.0016158621568278751 -0.0027135781520486553 0.0012486466882612635 0.0011115186875967108 -6.4050706764044314e-05
leaf_weight=98 4824 699 614 1054 442 1951 131 1100 69 586 146 895 746 214 94 112 52 356 516 94 293 186 59 142 468 246 270 365 67 12747
leaf_count=98 4824 699 614 1054 442 1951 131 1100 69 586 146 895 746 214 94 112 52 356 516 94 293 186 59 142 468 246 270 365 67 12747
internal_value=-0.000396801 -0.0034964 -0.0064272 3.28467e-05 0.000404707 -0.00126585 0.000301978 0.000455929 0.00214204 0.000426587 -0.00220435 -0.00128759 0.000182507 0.00242113 0.00355091 -2.44117e-05 0.00366848 -0.00123651 0.000678733 0.00483 0.0066133 -0.00301744 0.00140244 0.00112266 -0.000630105 0.000797203 -0.000168005 -0.000322305 -0.00705621 -0.000148707
internal_weight=29636 3607 1558 26029 20310 2049 19868 18719 2611 1511 1149 5719 16108 1362 1148 14746 551 1018 662 499 405 859 245 1442 856 714 14195 13449 337 13112
internal_count=29636 3607 1558 26029 20310 2049 19868 18719 2611 1511 1149 5719 16108 1362 1148 14746 551 1018 662 499 405 859 245 1442 856 714 14195 13449 337 13112
is_linear=0
shrinkage=0.03


Tree=85
num_leaves=31
num_cat=0
split_feature=0 15 0 13 12 15 17 7 15 0 8 0 7 14 11 9 9 14 15 14 15 13 11 13 4 11 15 15 3 14
split_gain=45.7138 20.61 21.9751 14.3778 12.6979 11.8075 11.5448 11.2511 9.70018 8.9773 8.35208 14.34 11.223 9.13343 12.3448 10.2082 9.77316 7.67236 7.56057 8.06332 7.15462 12.0098 6.87126 12.2212 6.76365 7.91859 13.3189 10.9664 12.1993 13.0382
threshold=1.0705231011257799 3.0677824455408698 0.90229493605402722 0.077116577163323666 0.42623696165890085 4.6959141240107813 1.6446965522236028 0.48477937778478863 3.1132683346437333 0.70579746621234041 6.1273128432923505 2.1758322155458596 0.32258338149304006 0.43636637842316917 7.8813709169734869 0.0055351307189542504 0.10221534526835348 0.75107881164234136 1.0000000180025095e-35 0.64791877638486606 3.3842466058243152 0.13388151399168949 10.233150946581512 0.046791452049311628 10161.912343641792 11.340712642254005 4.4367340276668159 3.0201273556387074 0.14786603821660313 0.73886877212313329
decision_type=10 8 10 2 2 8 8 10 10 8 10 10 10 2 2 10 10 2 10 2 8 2 2 2 10 2 10 8 2 2
left_child=1 9 3 7 10 -4 18 -3 -5 -1 11 12 17 16 15 -15 -12 24 -6 -20 -13 -22 23 -19 25 26 27 -2 -29 -30
right_child=4 2 5 8 6 -7 -8 -9 -10 -11 13 20 -14 14 -16 -17 -18 22 19 -21 21 -23 -24 -25 -26 -27 -28 28 29 -31
leaf_value=-0.013836568875877151 -0.00012347666653800778 -0.00012461683915603963 -0.00071515267494217565 0.00055873365718853661 -0.0015149567981826561 0.00074077148663043168 0.0028373548435448839 -7.3452217784159766e-05 -0.0022399215994073443 -0.0001508794310756354 0.00098039685984330151 0.0019222423629097719 -0.00079967751947375887 0.001004399122592987 -0.00020435889954865429 -0.00314866220856906 -0.0014624757538854298 0.00031649084750873772 -0.00033192686430365812 0.0022111757586174784 -0.00071719529812820453 0.0079747378301842538 -0.00018710320218390204 0.0019886443360619425 0.0012937829479154235 -0.00047764498912755552 -0.0016830094408611545 -5.2097437739530292e-05 0.00056170915891654027 -0.0030425944311277403
leaf_weight=99 6108 563 1372 86 117 180 836 77 47 2951 451 980 642 123 6004 228 45 702 424 366 299 48 438 489 106 787 74 2324 2535 79
leaf_count=99 6108 563 1372 86 117 180 836 77 47 2951 451 980 642 123 6004 228 45 702 424 366 299 48 438 489 106 787 74 2324 2535 79
internal_value=-0.000329603 -0.00283203 -0.00495916 -0.00908915 0.000226184 -0.00289762 0.00269209 -0.0109516 -0.00011194 -0.00120944 3.47238e-05 0.000417948 0.000140707 -0.000838441 -0.00114459 -0.00660511 0.00307847 0.000323243 0.000346916 0.00140329 0.00339985 -0.000301724 0.0022546 0.0034354 6.11786e-05 -6.29829e-06 0.000199622 0.000285145 0.0013363 0.00274187
internal_weight=29580 5375 2325 773 24205 1552 1743 640 133 3050 22462 15611 14284 6851 6355 351 496 13642 907 790 1327 347 1629 1191 12013 11907 11120 11046 4938 2614
internal_count=29580 5375 2325 773 24205 1552 1743 640 133 3050 22462 15611 14284 6851 6355 351 496 13642 907 790 1327 347 1629 1191 12013 11907 11120 11046 4938 2614
is_linear=0
shrinkage=0.03


Tree=86
num_leaves=31
num_cat=0
split_feature=12 11 6 20 12 11 15 20 15 12 17 20 11 9 15 7 9 3 12 20 11 15 12 14 4 11 11 4 9 20
split_gain=26.5227 22.4689 13.0405 9.46617 9.27685 7.84024 7.60699 7.30743 10.579 9.17442 8.35313 7.73878 7.26634 7.25239 7.16183 7.10676 7.87917 7.46979 7.07219 6.96776 9.96368 7.37149 7.15037 6.69054 7.2295 7.29256 8.02477 6.44535 10.3724 8.36832
threshold=0.0075615158549831038 4.5485858369352732 0.58701934179549686 1.2967397186147187 0.51638661858088286 10.021803775407767 3.0201273556387074 0.00083400475854453085 3.1132683346437333 0.26765370039347763 -0.31310156101340053 0.01062012229485306 8.5820441461687107 0.10221534526835348 3.7012257604091228 0.11466627949748759 0.0052366209641751468 0.44777324829393889 0.34894239804760124 0.035496574383884323 6.4567684233424574 2.8617925509761908 0.13071718184432071 0.76702188680124284 463.26430171407623 9.6594076059450664 9.8364392163536234 1378.6173292481669 0.080302413646144669 0.615926943076612
decision_type=2 2 2 2 2 2 10 2 8 2 10 2 2 8 8 10 10 2 2 2 2 8 2 2 10 2 2 10 8 2
left_child=3 18 5 6 7 19 15 8 -4 -10 11 12 -9 -6 -7 17 -17 -1 -2 20 -3 22 -21 27 -25 -26 -27 28 -12 -30
right_child=1 2 4 -5 13 14 -8 10 9 -11 23 -13 -14 -15 -16 16 -18 -19 -20 21 -22 -23 -24 24 25 26 -28 -29 29 -31
leaf_value=0.00028483815742261925 3.9328170326515601e-05 3.8663767393138224e-05 2.1654056466809506e-05 -0.0093831097057527936 0.001909056037289526 0.00010696589343459087 -0.0011691948359209157 -0.0014931483177727566 0.00010079753244767566 -0.0001207949698958831 -7.6758461607571163e-05 0.0023088940552855467 0.0021371924747732103 0.0075757414934446562 -0.00031803323455987072 0.00073274574179426515 -0.0018917240110989618 -0.00074765244207197496 -0.00012349290958215 -0.00089762362140127143 -0.00013261077715033429 0.00016989790087519542 -0.0002214777863192985 -0.00067355135650997463 0.0013994573620178933 -0.0011940762851427669 0.00048462093202845279 -0.00010409167826518253 0.0023501302728882131 0.00029491925268235186
leaf_weight=769 41 107 259 228 576 4139 802 60 49 192 3435 441 42 79 1248 119 517 119 138 1565 227 1344 2310 303 750 129 971 5955 374 2291
leaf_count=769 41 107 259 228 576 4139 802 60 49 192 3435 441 42 79 1248 119 517 119 138 1565 227 1344 2310 303 750 129 971 5955 374 2291
internal_value=-0.000295639 -1.94257e-05 5.14024e-05 -0.00321722 0.000599736 -0.000745818 -0.00264289 0.000449449 -0.00311377 -0.00762397 0.000570431 0.00421875 -0.00320388 0.00409299 6.95991e-05 -0.00139672 -0.00381476 0.000337458 -0.0105833 -0.00153673 -0.00573134 -0.00126724 -0.00193111 0.000430713 0.00197075 0.00267423 0.00111717 0.000155524 0.000840846 0.00224494
internal_weight=29579 27025 26846 2554 15906 10940 2326 15251 500 241 14751 543 102 655 5387 1524 636 888 179 5553 334 5219 3875 14208 2153 1850 1100 12055 6100 2665
internal_count=29579 27025 26846 2554 15906 10940 2326 15251 500 241 14751 543 102 655 5387 1524 636 888 179 5553 334 5219 3875 14208 2153 1850 1100 12055 6100 2665
is_linear=0
shrinkage=0.03


Tree=87
num_leaves=31
num_cat=0
split_feature=0 13 1 12 12 7 9 20 14 14 3 17 10 9 10 16 14 3 16 5 2 9 20 9 9 7 16 11 16 11
split_gain=37.5584 19.1799 19.1831 19.1746 10.6351 9.92667 8.56086 8.42757 6.8438 6.69073 6.67847 7.63258 6.7586 8.97288 9.36224 7.08254 7.72533 6.90238 11.3152 7.10808 9.47375 12.9324 7.53788 6.77019 15.3351 8.77203 6.71107 6.26384 6.39323 6.35351
threshold=0.91535667307815294 0.021975796038927024 1.0000000180025095e-35 0.081580110689951205 0.61181374187275106 0.092125937862518145 0.0052366209641751468 1.1099458798809609 0.08914834732744549 0.75665518908824125 0.43711965433899885 0.47131540815238165 3.7867060182546477 0.0200726730997281 1.2268682650549658 -0.2187637777417594 0.13289012947648118 0.41084913717244026 0.28915458266179833 0.99522539769360507 5.2663577519871465 0.094378903496499203 0.69284870095882645 0.0077047515488007966 0.0025046752417442089 0.39046757533540971 0.012699311987843584 11.608626469387564 0.15002422544813354 10.579755578206015
decision_type=10 2 8 2 2 8 10 2 2 2 2 8 10 8 10 10 2 2 10 8 8 10 2 10 10 10 10 2 10 2
left_child=1 2 7 5 10 9 -3 -1 -4 -2 12 -12 13 14 -5 -15 -17 19 -19 20 -18 27 -21 24 25 -16 -24 28 29 -22
right_child=3 6 8 4 -6 -7 -8 -9 -10 -11 11 -13 -14 15 23 16 17 18 -20 22 21 -23 26 -25 -26 -27 -28 -29 -30 -31
leaf_value=5.5042574241259848e-05 -0.00011885701051269597 0.0010928235444519693 2.1082355017770104e-05 -0.0006020543655293045 0.0041285122313906514 -0.00063257019254063887 -0.00014916206255442764 -0.0041277416330601901 -0.00011725448488448196 0.0011375721941016121 0.00020197019387526124 0.0014057055891635085 0.001470624188472969 -0.00071156141544693042 -0.0016669962099218416 0.0010769965856302994 0.00084829313130235697 -0.0012364037888908108 0.00063219003630658071 0.00048581321785336526 0.00077252195250254339 -0.0012733623780240076 0.00055734127893589005 -0.00023924399616213175 0.0023577308216247883 0.00079125797574510956 -5.0704994262274171e-05 0.0016017575323207479 0.00043409894346697111 -0.0016365657226812746
leaf_weight=189 3014 117 43 2780 233 3074 699 185 504 177 690 345 157 545 156 351 276 270 155 6813 84 490 592 947 479 155 5480 104 319 153
leaf_count=189 3014 117 43 2780 233 3074 699 185 504 177 690 345 157 545 156 351 276 270 155 6813 84 490 592 947 479 155 5480 104 319 153
internal_value=-0.000321534 -0.00460012 -0.00756508 -5.44181e-05 0.000369873 -0.00151532 -0.00124847 -0.00232 -0.0111405 -0.000343045 0.000300112 0.00264961 0.000180233 0.000131762 -0.00104582 0.000472078 0.000593518 0.000488566 -0.00327465 0.000600545 -0.00140855 -0.00260643 0.000822986 0.000681818 0.00273072 -0.00245192 5.43389e-05 0.000136157 -0.00113106 -0.00485294
internal_weight=29576 1737 921 27839 21574 6265 816 374 547 3191 21341 1035 20306 20149 4517 15632 15087 14736 425 14311 1426 1150 12885 1737 790 311 6072 660 556 237
internal_count=29576 1737 921 27839 21574 6265 816 374 547 3191 21341 1035 20306 20149 4517 15632 15087 14736 425 14311 1426 1150 12885 1737 790 311 6072 660 556 237
is_linear=0
shrinkage=0.03


Tree=88
num_leaves=31
num_cat=0
split_feature=0 15 13 6 17 17 16 9 8 9 20 11 7 14 14 8 14 16 8 20 11 9 9 15 13 11 8 17 20 16
split_gain=40.7983 24.5394 22.8014 9.83324 10.2684 10.149 10.6003 8.69856 10.1232 8.16878 8.14109 7.15524 6.72811 6.42318 9.99864 6.36434 5.86588 12.3602 9.57707 8.15444 7.95983 6.96341 7.7622 8.13426 7.66183 6.59717 8.58489 5.92099 5.80544 5.80063
threshold=1.01216830219374 3.0201273556387074 0.016439054640775667 0.50125085225848498 0.16010661142533658 2.0950339193447265 0.46221934855668412 0.0077047515488007966 127.61509520239964 0.026885920314916479 1.2967397186147187 9.2711531936631015 0.48477937778478863 0.69423898239559179 0.3533782668275664 1.1294989590188931 0.70690386486666723 0.4700752163315477 39.367390213594916 0.6531247882881267 7.9396934185121451 0.0065764796462273482 0.075316982025163459 2.4414009612931857 0.021500753520280334 9.6594076059450664 1.1449127915937873 -0.31310156101340053 1.1099458798809609 0.24982667110458076
decision_type=10 8 2 2 8 8 10 10 10 10 2 2 8 2 2 8 2 10 8 2 2 10 10 8 2 2 10 10 2 10
left_child=1 10 12 4 -2 16 7 8 -7 -4 -1 29 -3 14 -13 -6 27 18 19 -18 -20 -21 23 -23 -24 -26 -27 -5 -11 -9
right_child=3 2 9 5 15 6 -8 11 -10 28 -12 13 -14 -15 -16 -17 17 -19 20 21 -22 22 24 -25 25 26 -28 -29 -30 -31
leaf_value=-4.5267973011361782e-05 6.0462233534270682e-05 -0.00011627048774815103 0.00028936681554742608 0.0016140951132605666 0.00040415279294488761 0.0040483084860174091 0.0036998362585838277 -1.180673809147631e-05 -0.00093719790986147009 -0.00018402997558867814 -0.0081065744797339592 0.0034479698613626322 -0.0001182703183391612 0.00027528940037097716 -0.0015939248382284713 -0.00046843653505408765 0.0013175213988216919 0.0021652318146498715 -0.0028744923742966941 0.0043171601855032738 -0.00023812747945858344 0.00062085036553542847 -0.00065729616028157418 -0.0008941876217902604 0.001710538235311469 0.0017484691414042111 -0.00021688016299367492 -4.4026302314562755e-05 -0.0031203541993822326 0.0033842028519539295
leaf_weight=1742 4940 636 189 248 337 249 338 211 64 560 164 55 67 367 294 4667 1075 327 50 44 813 182 342 537 274 105 340 10144 127 225
leaf_count=1742 4940 636 189 248 337 249 338 211 64 560 164 55 67 367 294 4667 1075 327 50 44 813 182 342 537 274 105 340 10144 127 225
internal_value=-0.000328633 -0.0033778 -0.00614241 7.66327e-05 -0.000666667 0.00053055 0.00265244 0.00154502 0.00597134 -0.00290764 -0.00108547 0.000338248 -0.0101634 -0.00150628 -0.00441429 -0.00162438 0.000266193 0.00122861 0.00074143 0.00156724 -0.00203125 0.000345205 5.05334e-05 -0.00235417 0.00168079 0.0034375 0.00117713 -0.000112576 -0.00442587 0.00336384
internal_weight=29713 3485 1579 26228 9944 16284 1803 1465 313 876 1906 1152 703 716 349 5004 14481 4089 3762 2899 863 1824 1780 719 1061 719 445 10392 687 436
internal_count=29713 3485 1579 26228 9944 16284 1803 1465 313 876 1906 1152 703 716 349 5004 14481 4089 3762 2899 863 1824 1780 719 1061 719 445 10392 687 436
is_linear=0
shrinkage=0.03


Tree=89
num_leaves=31
num_cat=0
split_feature=0 15 13 12 8 0 7 8 14 15 12 13 8 14 4 14 8 12 4 7 12 15 14 11 14 0 3 11 0 8
split_gain=41.8056 22.2603 16.1041 15.0598 13.5522 11.4697 10.1579 8.4888 8.82226 7.72109 7.67058 7.86257 8.77486 10.1043 8.43089 8.03491 7.30871 9.07636 9.87059 7.43176 9.60814 10.1196 9.58735 8.85411 8.67334 9.18811 8.11659 7.22132 7.23794 7.16999
threshold=0.91535667307815294 3.0201273556387074 0.075801330997529157 0.10139759561597296 13.037562438796284 1.0000000180025095e-35 0.48477937778478863 188.65722488378449 0.81439450936375901 3.2384861814448418 0.5044056004368801 0.058320520873678248 48.328082823143212 0.76702188680124284 10161.912343641792 0.21652248246230288 74.306852282582867 0.34433968676679522 3052.1902819018073 0.32258338149304006 0.19397273475839419 3.9607678160667752 0.66950934160094822 8.9786604816926623 0.29604198197583403 1.1972287340268306 0.26690644024524263 10.19578396184199 2.4971122992531369 1.1961149005429206
decision_type=10 8 2 2 10 10 10 10 2 10 2 2 10 2 8 2 8 2 8 10 2 10 2 2 2 10 2 2 10 10
left_child=1 5 6 4 -2 -1 -3 10 -9 -4 11 16 13 15 -15 -13 19 18 -18 20 -5 24 -23 -21 25 -22 -25 -26 -29 -7
right_child=3 2 9 7 -6 29 -8 8 -10 -11 -12 12 -14 14 -16 -17 17 -19 -20 23 21 22 -24 26 27 -27 -28 28 -30 -31
leaf_value=6.1757299031120258e-05 -0.00011930562164003681 -0.00011088684098116753 0.00025417606919011306 -0.0001558313288537294 -0.0012966354114411524 -2.2864928229594167e-05 -0.00011412100482188192 -0.0013358431912900183 0.00034786147783670172 -0.0011936891900094894 0.0026454462557983028 0.0035610270251177478 -0.00065276548717149621 0.0017776413958029041 -0.0015777506306752622 0.00022093037056155479 0.00065368164735199789 0.002532806064913966 -0.0015270222792317528 0.00048423680133938924 -0.000832323662874971 -0.0014411751353026548 0.0046522943353750372 -0.00037569177842185008 3.5752526053426655e-05 0.0017943447889990491 -0.0012963348697050173 0.00032129838102356825 0.0020785292872576109 -0.005616784731598351
leaf_weight=300 6995 578 106 4625 1068 249 78 597 345 67 622 58 317 596 52 3734 425 282 199 649 42 225 42 1096 3171 372 532 1212 503 358
leaf_count=300 6995 578 106 4625 1068 249 78 597 345 67 622 58 317 596 52 3734 425 282 199 649 42 225 42 1096 3171 372 532 1212 503 358
internal_value=-0.000338181 -0.0048532 -0.00840361 -5.56556e-05 -0.00114769 -0.00160242 -0.0105479 0.00039143 -0.002386 -0.000258621 0.000531058 0.000418574 0.00146595 0.0018104 0.00526965 0.00121803 4.59779e-05 0.00264609 0.000624 -0.000143144 0.000203081 0.00104256 -0.00464552 -0.00169227 0.00132994 0.00549398 -0.00287293 0.000976059 0.00254371 -0.00397204
internal_weight=29495 1736 829 27759 8063 907 656 19696 942 173 18754 18132 4757 4440 648 3792 13375 906 624 12469 10192 5567 267 2277 5300 414 1628 4886 1715 607
internal_count=29495 1736 829 27759 8063 907 656 19696 942 173 18754 18132 4757 4440 648 3792 13375 906 624 12469 10192 5567 267 2277 5300 414 1628 4886 1715 607
is_linear=0
shrinkage=0.03


Tree=90
num_leaves=31
num_cat=0
split_feature=20 12 15 8 12 6 12 20 8 9 16 2 12 3 17 20 9 3 8 8 15 17 15 5 2 9 2 15 4 10
split_gain=25.0713 26.2606 25.3508 16.7439 11.2552 9.08562 8.27666 7.25462 9.06962 6.73331 9.68458 9.57773 9.55314 9.22353 9.91158 8.84144 8.16887 6.89158 6.56086 13.6195 13.2657 8.05294 12.6193 6.90138 7.63963 7.10249 7.35688 6.60623 9.3355 6.52852
threshold=0.00083400475854453085 0.081580110689951205 2.9700856263602158 20.452667179720933 0.24402223992173247 5.2733807529920798 0.037890578511222024 1.2967397186147187 1.6742513913644708 0.029611855943704326 -0.2187637777417594 6.3818554787683341 0.29616453508305002 0.36935676870838868 1.5308041199710105 0.39276447499093597 0.077981871193902694 0.1256631973245072 5.2550473933281774 1.6742513913644708 2.524928003624769 0.93640087168855313 3.4811217321331038 0.99062490844637163 5.4068965040963519 0.07043692786892701 5.4068965040963519 4.4005842009683471 1314.5376219484444 1.5432416763218362
decision_type=2 2 8 10 2 2 2 2 8 8 10 8 2 2 10 2 8 2 10 8 8 8 8 8 10 10 8 10 10 10
left_child=2 3 -1 7 -4 9 -5 -2 -9 11 17 -3 18 15 -15 29 -14 -11 19 21 -21 23 -23 25 27 -12 -27 -25 -29 -13
right_child=1 5 4 6 -6 -7 -8 8 -10 10 12 13 16 14 -16 -17 -18 -19 -20 20 -22 22 -24 24 -26 26 -28 28 -30 -31
leaf_value=1.343987098907801e-05 -0.0002036473892317176 0.0021553905670281181 5.3292802844902237e-05 -0.0038707743969013456 -0.00010676032912256891 0.0014989429554031629 -0.00093732656784344267 -0.0097613064653178528 0.0019353006424104602 0.0022955724401036185 0.00061139188702207122 -0.00010682759539244219 0.00032741131346175568 0.00032163839352858083 0.0041617564404613705 -0.0004327317385215795 0.0018253285743793318 -0.0012089009567220908 -0.00014519145096741432 -9.402650234424881e-05 0.001129110821618696 0.0026270289749597531 -0.0010783954541343204 0.00010234941637310673 0.003477506934041755 2.4358721697460561e-05 -0.0016520827692922183 -0.0011386686887605454 0.001230598801428314 0.0014398793015571042
leaf_weight=440 6302 114 78 377 541 508 348 135 56 51 199 1394 1274 568 104 3848 929 399 3475 589 1050 286 46 5519 51 111 219 106 41 495
leaf_count=440 6302 114 78 377 541 508 348 135 56 51 199 1394 1274 568 104 3848 929 399 3475 589 1050 286 46 5519 51 111 219 106 41 495
internal_value=-0.000294901 -0.000126945 -0.00482547 -0.00169137 -0.00873387 0.000401366 -0.0060124 -0.00120804 -0.00695313 0.000304758 0.00066813 -0.000494329 0.000808506 -0.000648206 0.00267459 -0.00103782 0.00262024 -0.00365854 0.000466946 0.000929058 0.003375 0.000319197 0.00486486 7.68369e-05 0.000380378 -0.00319811 -0.00589124 0.000275278 -0.00597973 0.000642857
internal_weight=29653 28594 1059 7218 619 21376 725 6493 191 20868 14345 6523 13895 6409 672 5737 2203 450 11692 8217 1639 6578 332 6246 5717 529 330 5666 147 1889
internal_count=29653 28594 1059 7218 619 21376 725 6493 191 20868 14345 6523 13895 6409 672 5737 2203 450 11692 8217 1639 6578 332 6246 5717 529 330 5666 147 1889
is_linear=0
shrinkage=0.03


Tree=91
num_leaves=31
num_cat=0
split_feature=0 15 13 0 9 13 9 14 14 16 14 20 3 17 9 20 7 4 9 16 9 2 9 9 15 0 17 3 4 4
split_gain=44.3956 23.4383 16.4801 14.1471 9.88992 8.72062 15.213 8.60214 9.2518 9.05173 8.26311 7.98644 7.8719 11.2709 9.84204 10.3598 9.04632 9.16986 7.8438 9.31708 7.78988 7.66382 12.733 8.2803 7.64995 7.51347 8.40562 7.47777 12.8485 11.3782
threshold=1.0075687858576539 3.0201273556387074 0.016439054640775667 1.8737584575377431 0.026885920314916479 0.051194119243081877 0.0052366209641751468 0.30189608371098298 0.64223710962125879 0.19214592862318994 0.13987878298004711 1.4212677531546551 0.15735355605218732 0.45962785369140857 0.10658420804438849 0.73823568320287236 0.15739529108397105 748.7076478526767 0.078812190240569194 0.038152572052599427 0.26571230429071918 5.7295499217261048 0.092012043938932156 0.042759249507686406 3.795426061844291 19.010204081632654 -0.61382021478220106 0.085377559791418825 376.36675756471601 1926.6766619515847
decision_type=10 8 2 10 10 2 10 2 2 10 2 2 2 8 8 2 10 8 10 10 10 10 10 10 10 10 10 2 10 10
left_child=1 11 10 5 -4 12 -7 9 25 -5 -3 -1 14 -14 15 -2 17 -16 -15 -20 -19 23 -23 24 -8 26 -9 28 -10 -30
right_child=3 2 4 7 -6 6 21 8 27 -11 -12 -13 13 18 16 -17 -18 20 19 -21 -22 22 -24 -25 -26 -27 -28 -29 29 -31
leaf_value=-0.00011928613296741689 -0.00034181252981665522 -9.2438859601310405e-05 0.00024609995307446424 -1.2713980164219123e-05 -0.00068969363389882255 0.0021077236173538279 -0.00037405732559790092 0.0039836043791147855 -0.0011899726950083851 0.0031324614688084682 -0.00010625295801259438 -0.013162059682387069 -0.00015609562631567833 2.6862081726577516e-05 0.0012110208856656991 -0.001041777935559499 0.00070437082908445111 -0.00057761766084938075 -0.0034261384292311368 0.00084905859236848887 0.00084656812118035613 1.2289666437452495e-06 -0.0027156691045101028 0.00024024998124107914 0.00081352365467302686 -0.0011304537132513658 -4.9640186192023007e-05 0.001403316919769471 0.0013022592498473347 -0.00025809940565482079
leaf_weight=1714 1729 82 187 174 671 182 1448 142 151 267 613 93 4814 1302 97 1342 467 747 40 853 45 445 209 5382 226 265 2646 1957 680 679
leaf_count=1714 1729 82 187 174 671 182 1448 142 151 267 613 93 4814 1302 97 1342 467 747 40 853 45 445 209 5382 226 265 2646 1957 680 679
internal_value=-0.000296965 -0.00354359 -0.00624517 0.000118106 -0.00345751 -0.00029955 0.000467503 0.00127765 0.00100291 0.00532805 -0.00967672 -0.00121958 -0.000828889 -0.000203281 -0.00181911 -0.00275879 0.000309506 -0.00146629 0.00157787 0.00374161 -0.00253468 0.000264557 -0.00283969 0.000552643 -0.00128955 -0.000201375 0.000258157 0.00206315 0.000476506 0.00140074
internal_weight=29649 3360 1553 26289 858 19328 7892 6961 6520 441 695 1807 11436 7009 4427 3071 1356 889 2195 893 792 7710 654 7056 1674 3053 2788 3467 1510 1359
internal_count=29649 3360 1553 26289 858 19328 7892 6961 6520 441 695 1807 11436 7009 4427 3071 1356 889 2195 893 792 7710 654 7056 1674 3053 2788 3467 1510 1359
is_linear=0
shrinkage=0.03


Tree=92
num_leaves=31
num_cat=0
split_feature=11 12 8 17 15 12 3 14 15 12 15 2 9 12 11 14 10 13 17 16 8 13 8 8 8 17 15 3 13 11
split_gain=21.5498 20.8962 15.9898 13.8477 11.0258 11.7203 10.6625 12.3938 9.83438 13.2437 10.3654 9.73245 9.87664 15.8247 10.837 9.37757 10.0117 9.32282 8.4468 8.36165 8.34639 7.90312 7.80099 7.73319 12.6022 12.3065 8.69724 7.60343 7.57604 7.50305
threshold=4.5485858369352732 0.041788668911413758 20.452667179720933 0.70255486383016674 4.0163424379838117 0.55160230659063914 0.055522388970811416 0.76534207800940712 2.9700856263602158 -0.060302028221500319 2.524928003624769 6.3426532660478641 0.076740255389607812 0.2825268845644287 10.039874237782998 0.37057692431497558 1.6839305312372332 0.097862499266572853 0.17684762265458578 0.52280323611076884 1.1294989590188931 0.038524762617363241 21.667500660749791 6.1273128432923505 1.7367427615339139 1.0379166167518183 2.3502401828962087 0.39593146909951787 0.15481290687853025 10.514407348995331
decision_type=2 2 10 8 8 2 2 2 10 2 8 10 8 2 2 2 10 2 8 10 8 2 10 10 10 8 10 2 2 2
left_child=3 2 8 -1 5 11 7 21 10 -10 19 12 14 23 28 17 -17 -8 -15 -2 27 -6 -20 24 25 -14 -26 29 -3 -11
right_child=1 4 -4 -5 6 -7 15 -9 9 20 -12 -13 13 18 -16 16 -18 -19 22 -21 -22 -23 -24 -25 26 -27 -28 -29 -30 -31
leaf_value=0.0010393733106411705 -0.00087126461236710468 -0.00025262690462913407 -0.0032018280808634569 -0.00010306536927221655 -0.0001001772576443795 0.0034439739303456958 -0.00077302989487675684 -0.00010053173186201304 -0.0022133368059606352 0.00068316057208682337 0.00031760214326253671 -0.0006046357261960799 4.0960423486234972e-05 -0.00026188053784289319 0.00018043261685686985 -9.1474392285293346e-05 0.0011067827779316366 0.0014235891332069132 0.0026936779099738309 0.00080134058513440891 -0.00095860480009388313 0.0067701340988554435 0.00036765218844345609 -0.00023623019042008647 -0.00028743941099711363 0.0024439674349632343 0.0018683202156594607 -0.00098472864141037363 0.0017083712728852398 -0.0005436061456237447
leaf_weight=51 986 6897 395 182 190 386 332 177 249 342 1066 902 4956 208 5626 1405 322 59 577 97 614 45 376 1698 186 215 537 213 153 173
leaf_count=51 986 6897 395 182 190 386 332 177 249 342 1066 902 4956 208 5626 1405 322 59 577 97 614 45 376 1698 186 215 537 213 153 173
internal_value=-0.000355045 -0.000282817 -0.00225943 -0.00942308 4.09933e-05 0.000250242 -0.00183722 -0.00624697 -0.00165196 -0.00343907 -0.000327907 0.000160532 0.000289081 0.00106408 -0.000246115 -0.000976876 -2.60417e-05 -0.00516582 0.00432444 -0.00239391 -0.00225614 -0.0017161 0.00551887 0.000564994 0.00107888 0.000559745 0.00478591 -8.23045e-05 -0.00102964 0.00188953
internal_weight=29615 29382 4135 233 25247 22717 2530 412 3740 1591 2149 22331 21429 8753 12676 2118 1727 391 1161 1083 1342 235 953 7592 5894 5171 723 728 7050 515
internal_count=29615 29382 4135 233 25247 22717 2530 412 3740 1591 2149 22331 21429 8753 12676 2118 1727 391 1161 1083 1342 235 953 7592 5894 5171 723 728 7050 515
is_linear=0
shrinkage=0.03


Tree=93
num_leaves=31
num_cat=0
split_feature=12 11 8 1 20 20 8 9 8 11 12 3 16 8 15 12 8 11 16 3 8 17 16 12 6 9 9 6 11 4
split_gain=24.4862 27.6396 11.8761 11.0878 18.5279 16.0394 12.5239 12.0782 15.8556 11.5625 11.4742 11.0342 10.4015 9.76143 9.46191 8.42662 7.16438 6.90739 6.90093 7.86697 8.22057 6.75306 6.43109 6.29432 6.27777 7.16992 6.21743 7.73128 5.74564 5.6695
threshold=0.0075615158549831038 4.5485858369352732 19.151368462309481 0.3430703624733476 0.021721105527638195 0.5291428033975123 5.2550473933281774 0.05537522069647479 20.452667179720933 6.2499677885285188 0.61181374187275106 0.46825190055783233 0.28116518165990467 6.5279927368259445 3.1567740231385479 0.46038183985850539 1.4450566990666758 9.9462835947546075 0.081730939032740244 0.12413332593168801 21.26535038862394 1.9823507676023684 0.84609131008423255 -0.069276408988107704 0.05164363738894933 0.0055351307189542504 0.011495873303949534 -0.93442949092047034 7.4386775612200848 12780.094262387278
decision_type=2 2 10 8 2 2 10 10 10 2 2 2 10 8 10 2 8 2 8 2 8 8 8 2 2 10 10 2 2 8
left_child=2 -2 11 5 9 7 22 10 -9 13 -3 14 15 -5 17 18 -14 26 19 -6 -21 -10 -7 -16 -8 -26 27 -1 -27 -20
right_child=1 3 -4 4 12 6 24 8 21 -11 -12 -13 16 -15 23 -17 -18 -19 29 20 -22 -23 -24 -25 25 28 -28 -29 -30 -31
leaf_value=-0.0030528017299343022 -9.9973408194050067e-05 9.1365261436256585e-05 -0.005203007176767009 -7.5768789053669731e-05 0.00085363999819311834 6.2555769961201012e-05 -0.0014213143168541205 0.0021240769183828749 -0.00037094473915605744 -9.7515779906152643e-05 0.0051112403423748181 -0.001879385961933387 0.0016645467141998039 0.0032761227010948283 -0.0021245173682920152 0.0043012636347037822 0.00073907744673499859 0.00075311884829538163 -0.00098949935853433701 -0.00083387329468707786 0.003120722968354056 0.00015531315657579136 -0.00066546802413576956 -0.00059223874879464871 0.0013436318365759813 -0.0040181684417317544 -0.0006307287314329936 0.00083751273253039073 -0.00027549842724976871 -0.00015286483448755331
leaf_weight=59 176 4105 243 123 315 13420 951 1316 521 393 120 166 83 41 150 49 317 228 435 318 53 388 315 474 145 51 1027 236 2952 352
leaf_count=59 176 4105 243 123 315 13420 951 1316 521 393 120 166 83 41 150 49 317 228 435 318 53 388 315 474 145 51 1027 236 2952 352
internal_value=-0.000316025 -4.8441e-05 -0.00310565 2.97041e-05 -0.00188105 0.00022483 -0.000238856 0.00150674 0.00329515 -0.00669355 0.000564363 -0.00244767 -0.000483619 0 -0.00187586 -0.00161523 0.00381546 -0.000618956 -0.0020251 0.000174672 -0.00278226 0.000247253 0.000195472 -0.004992 -0.0016939 -0.00104795 -0.00145125 0.00238176 -0.00136318 -0.00394036
internal_weight=29522 26939 2583 26763 2479 24284 17834 6450 2225 557 4225 2340 1922 164 2174 1522 400 1550 1473 686 371 909 13735 624 4099 3148 1322 295 3003 787
internal_count=29522 26939 2583 26763 2479 24284 17834 6450 2225 557 4225 2340 1922 164 2174 1522 400 1550 1473 686 371 909 13735 624 4099 3148 1322 295 3003 787
is_linear=0
shrinkage=0.03


Tree=94
num_leaves=31
num_cat=0
split_feature=11 20 17 1 20 20 8 3 11 8 8 20 9 8 9 11 11 4 10 16 10 20 8 17 1 6 3 3 11 9
split_gain=21.0186 18.9869 16.6201 13.7126 18.808 15.7478 9.97728 11.0031 9.68127 8.78812 8.75504 7.95388 9.01898 7.81182 9.73266 8.00999 8.67257 8.80297 7.27943 6.9738 6.494 6.26647 6.16973 6.07708 5.98896 6.32038 5.82463 7.34073 6.81505 6.23666
threshold=4.5485858369352732 0.98524336709497506 0.70255486383016674 0.33462033462033469 0.021721105527638195 0.41510659582965437 6.5279927368259445 0.46825190055783233 9.2711531936631015 5.2550473933281774 1.1069156216628275 1.2967397186147187 0.025039560140516989 15.174598430824046 0.058612026423892551 8.9400396780384881 10.021803775407767 1743.8915764581877 1.5977132576692845 0.84609131008423255 0.59824705441230475 0.20605320543050182 1.6742513913644708 0.99399022448360319 0.21030517470145957 0.089619849423873077 1.0000000180025095e-35 0.041815708213642465 7.9396934185121451 0.0055351307189542504
decision_type=2 2 8 8 2 2 10 2 2 10 10 2 10 10 10 2 2 8 10 8 10 2 8 8 10 2 2 2 2 10
left_child=2 3 -1 5 10 13 7 11 18 19 -5 12 -3 14 15 -2 -17 21 -6 -7 -11 -18 -13 -21 -14 -26 -15 -28 29 -29
right_child=1 6 -4 4 8 9 -8 -9 -10 20 -12 22 24 26 -16 16 17 -19 -20 23 -22 -23 -24 -25 25 -27 27 28 -30 -31
leaf_value=0.0009084891207268369 0.003047614710192412 0.00072509662819693636 -9.6974205948228574e-05 0.011232912341383572 0.00014395676488616015 7.7586453970690519e-05 -0.0039575398323109749 -0.0016915239862000193 -0.00031658489700404896 -0.0011240529010365871 -9.4246466517863543e-05 -0.0085264117337722992 -0.00055099925206599713 0.0025246451336530273 0.0030451139970023005 -0.00080629380557761224 0.0033233866353868566 0.0025345830618428195 0.0027968822178160106 -0.00087605413008909859 -0.00015715729495441818 -0.0010776572399249084 0.0012880887640433635 0.00068746530154308462 -0.00072330480801446233 0.00084017764751498976 -0.00040780578488297466 0.003804128007707143 0.00038255330451361424 -0.0014421700923974261
leaf_weight=57 291 349 180 45 396 14463 300 179 1379 1050 494 121 1176 67 542 465 40 233 152 273 4101 208 52 103 177 238 448 60 1699 150
leaf_count=57 291 349 180 45 396 14463 300 179 1379 1050 494 121 1176 67 542 465 40 233 152 273 4101 208 52 103 177 238 448 60 1699 150
internal_value=-0.000259419 -0.000187167 -0.00913866 5.12003e-05 -0.00207945 0.000268455 -0.00263787 -0.00196249 -0.000692427 -8.25371e-05 -0.00702778 -0.00135525 -0.000803709 0.00193744 0.00344663 0.00197496 0.00063358 0.00345436 0.0026776 0.000288073 -0.00115004 -0.000481928 -0.0075 -0.00374005 -0.00176193 0.00133413 0.000828866 0.00057888 0.00139005 -0.00369668
internal_weight=29488 29251 237 26659 2466 24193 2592 2292 1927 19990 539 2113 1940 4203 1779 1237 946 481 548 14839 5151 248 173 376 1591 415 2424 2357 1909 210
internal_count=29488 29251 237 26659 2466 24193 2592 2292 1927 19990 539 2113 1940 4203 1779 1237 946 481 548 14839 5151 248 173 376 1591 415 2424 2357 1909 210
is_linear=0
shrinkage=0.03


Tree=95
num_leaves=31
num_cat=0
split_feature=0 15 12 12 9 0 17 9 12 9 16 17 3 11 7 3 4 2 3 9 17 10 4 3 7 12 4 14 14 15
split_gain=42.5809 28.1115 10.774 8.34261 8.19925 6.9089 11.864 15.5309 9.23196 9.80623 7.92601 8.86044 7.66173 6.58562 6.34028 13.9303 9.37784 6.56697 6.63311 5.70508 8.07273 8.93155 6.63567 6.22402 7.69051 10.1023 7.23634 6.24568 8.25165 6.40169
threshold=0.91535667307815294 3.0201273556387074 0.097795012212451141 -0.20362260185047629 inf 199.92105263157899 2.5113171736250868 0.0077047515488007966 0.38322603310147546 0.048318937975179867 -0.16927199525517891 0.86765612409901716 0.1693399213984392 8.5431532883387487 0.15557299315193249 0.18745547290379724 71.723964077776159 6.1391861961840721 0.47450303699721869 0.017214421942214907 -0.11651233202422036 3.3912801418080316 418.09061670790726 0.011087500321729242 0.32600246255126958 0.27455182174567133 169.80058732512583 0.67332005447371546 0.23961858283757959 3.5694334999727624
decision_type=10 8 2 2 8 10 8 10 2 10 10 8 2 2 8 2 10 10 2 8 10 10 8 2 10 2 10 2 2 10
left_child=1 3 14 -1 -3 6 10 -8 -9 -10 11 -4 13 -7 17 16 -16 18 -2 20 -12 22 -22 -21 25 -25 -27 28 -28 -30
right_child=2 4 5 -5 -6 12 7 8 9 -11 19 -13 -14 -15 15 -17 -18 -19 -20 23 21 -23 -24 24 -26 26 27 -29 29 -31
leaf_value=-0.0055940267883615186 -2.7919165296169173e-05 -9.2578254897913507e-05 -0.0011134198006949709 5.0920562469449142e-06 0.00036518501012562931 -0.0014951712972101161 0.0038341483231122829 -0.00033167621304757864 0.00056542569984994095 0.0031879651246964243 0.00086824181656699323 0.00066684134249679193 0.0053970215652756901 -0.00037465325638580735 0.0012079324261846621 0.00021997651401949213 -0.0021774126456768398 -0.0016774224193477519 -0.00093890731983024985 0.0017100048588614093 0.00044693413382589065 0.0014091655249077347 -0.00063168422096088737 7.9596796668910666e-05 -0.00045013335672070405 -0.0014119594100583689 0.0025345299753184104 0.0016940219758112456 0.00066933750420311545 -0.00091276010665204796
leaf_weight=185 5720 751 577 752 67 97 366 695 403 218 360 211 50 311 65 566 946 249 186 197 350 89 2215 11003 1133 85 91 703 809 146
leaf_count=185 5720 751 577 752 67 97 366 695 403 218 360 211 50 311 65 566 946 249 186 197 350 89 2215 11003 1133 85 91 703 809 146
internal_value=-0.000346657 -0.00487756 -6.08792e-05 -0.00132729 -0.00893773 0.000305072 0.000390037 0.00279857 0.00127563 0.00393087 0.000164441 -0.00277567 -0.00333333 -0.00469438 -0.00101254 -0.00270913 -0.00481719 -0.000577485 -0.000375825 0.000299441 -0.000885572 -0.00145763 -0.00178293 0.000551595 0.000476702 0.000685854 0.00274659 0.00316286 0.00169054 0.000862971
internal_weight=29596 1755 27841 937 818 20109 19651 1682 1316 621 17969 788 458 408 7732 1577 1011 6155 5906 17181 3014 2654 2565 14167 13970 12837 1834 1749 1046 955
internal_count=29596 1755 27841 937 818 20109 19651 1682 1316 621 17969 788 458 408 7732 1577 1011 6155 5906 17181 3014 2654 2565 14167 13970 12837 1834 1749 1046 955
is_linear=0
shrinkage=0.03


Tree=96
num_leaves=31
num_cat=0
split_feature=0 15 13 6 12 8 12 12 9 1 8 8 14 3 0 10 0 14 3 15 15 14 4 8 14 4 9 2 0 5
split_gain=42.2883 30.2146 19.4901 12.8302 10.0696 13.2363 9.28116 7.65975 10.1863 6.84807 6.76983 6.37554 5.88097 5.85875 5.81543 5.81129 6.34523 5.65146 5.31972 5.19587 6.06261 6.44144 9.74426 7.03877 6.27496 5.77902 5.19008 5.16552 5.09174 4.87691
threshold=0.91535667307815294 3.0201273556387074 0.10493349313744736 0.32992929714567615 0.081580110689951205 1.4622763918818722 -0.080050295301056881 0.38322603310147546 0.079726801390994043 0.30094339622641519 394.44764179933389 1.0143126530758848 0.85228478552882125 0.123315006362833 2.4092715261497113 3.7867060182546477 19.010204081632654 0.08914834732744549 0.017787848872588736 1.0000000180025095e-35 2.602003343538398 0.52772576229329082 1685.6725304684787 22.797201006882407 0.32317577926163793 1533.6650626022181 0.10658420804438849 5.7590559954990956 1.1692762501262466 0.99335188620902914
decision_type=10 8 2 2 2 10 2 2 8 8 10 10 2 2 10 10 10 2 2 8 8 2 8 10 2 10 10 8 10 8
left_child=1 6 11 4 5 18 -1 15 12 -4 27 -3 19 26 -10 16 -5 -13 -2 -9 25 24 23 -23 -22 -21 -7 -6 -15 -29
right_child=3 2 9 7 10 13 -8 8 14 -11 -12 17 -14 28 -16 -17 -18 -19 -20 20 21 22 -24 -25 -26 -27 -28 29 -30 -31
leaf_value=-0.0016339626716827195 0.00093006611347455864 -0.00011831190056132328 -0.0019069799301197005 4.2439718735413631e-05 0.0019278183362409784 -0.0040211581153564687 4.7027292686278631e-05 -0.0021222664031641399 0.00078857999542713045 0.0007713575239450285 -0.0026097996646770507 -8.0290467431834171e-05 0.0013903230912869122 -0.0013823860443160645 0.0042978995825933694 0.0016115488761144373 -0.00069669012130174277 -9.1287632122844312e-05 -0.00030965701129205629 0.0017970240364548402 0.0008756325480312135 0.00097594143817179228 0.0028203547264836933 -0.0019945988952533547 -0.0016989490338357816 8.1770113083694113e-05 -0.0014630313112512601 -0.00065473416609581247 0.0010258706984502919 -1.4732167220459294e-05
leaf_weight=488 78 68 51 16061 147 283 439 63 151 86 53 41 129 362 252 156 256 596 2149 512 62 89 219 142 170 536 79 413 73 5413
leaf_count=488 78 68 51 16061 147 283 439 63 151 86 53 41 129 362 252 156 256 596 2149 512 62 89 219 142 170 536 79 413 73 5413
internal_value=-0.000325647 -0.00482203 -0.00893238 -3.98578e-05 -0.000967849 -0.00238017 -0.00108297 0.000406937 0.00201849 0.00141304 -0.000258835 -0.0109419 0.00110764 -0.00569549 0.00634901 0.000179374 0.000124096 -0.011873 -0.00119165 0.000660535 0.000970537 -0.00122987 0.000864745 -0.00342672 -0.00527897 0.00240229 -0.0085124 -0.000163207 -0.00333716 -0.000303758
internal_weight=29617 1769 842 27848 9050 3024 927 18798 2325 137 6026 705 1922 797 403 16473 16317 637 2227 1793 1730 682 450 231 232 1048 362 5973 435 5826
internal_count=29617 1769 842 27848 9050 3024 927 18798 2325 137 6026 705 1922 797 403 16473 16317 637 2227 1793 1730 682 450 231 232 1048 362 5973 435 5826
is_linear=0
shrinkage=0.03


Tree=97
num_leaves=31
num_cat=0
split_feature=20 15 20 12 20 15 5 5 14 8 12 13 9 7 8 13 8 7 14 16 7 11 16 15 7 15 3 11 14 9
split_gain=23.523 25.4657 23.3564 15.7957 11.1824 9.94092 9.83559 8.15527 7.94911 8.72512 11.6739 9.19014 11.8479 9.81637 14.751 9.45506 8.81767 15.4819 8.07343 16.2878 7.87333 8.18733 7.77373 7.73013 9.73504 11.1226 7.82253 7.649 7.60683 22.3833
threshold=0.00083400475854453085 2.9700856263602158 1.0615944276095941 0.24402223992173247 0.50042227561814967 3.0201273556387074 0.84733369512438961 0.47080136402387046 0.90274161780918249 13.592242899052239 0.050773869624446639 0.059397822622468475 0.0065764796462273482 0.15557299315193249 1.6500575030328839 0.080078452284597049 1.1294989590188931 0.050844857964181082 0.70527582991704463 0.44718524292842771 0.060328283317293278 10.714306647516555 0.73534781515564784 2.0126758453675748 0.31977550473824473 3.9981586158983733 0.087799293665227957 8.014831632406624 0.27735230725343796 0.12133764951810268
decision_type=2 8 2 2 2 10 10 8 2 10 2 2 10 10 10 2 10 10 2 10 10 2 10 8 10 10 2 2 2 8
left_child=1 -1 4 -3 6 -4 7 -2 9 11 -11 18 -13 14 16 -15 20 -18 23 -20 -14 -22 -12 -6 25 27 -27 -25 29 -29
right_child=2 3 5 -5 8 -7 -8 -9 -10 10 22 12 13 15 -16 -17 17 -19 19 -21 21 -23 -24 24 -26 26 -28 28 -30 -31
leaf_value=1.3117113702960706e-05 -0.0025669546343128277 8.9253752228536358e-05 -0.0009895515752478207 -8.5892461685175913e-05 -0.00069894202712363247 -0.0023530180438922203 -0.0016135419716643213 0.00054158436556506629 0.0022678497634717643 -0.0018559208230287385 -0.00037956516815110529 0.0017040934042611548 0.00092158095737027959 0.00020225535839437175 0.0019365322766795672 -0.0013126440515957292 -0.0043442724442900376 6.6828187410331724e-05 2.7303921151344122e-05 0.0023975686383674345 0.00024951869345013407 -0.0011285466761959519 0.0015159107282971811 0.00068378462071727272 -0.0010262171837216864 0.00042027277016097126 -0.00096092089701422861 0.00078568529409702998 -0.00016325676084537517 -0.0005030649418705103
leaf_weight=434 102 89 900 547 1164 335 186 5650 67 405 3211 247 788 295 301 363 174 3461 2217 263 173 73 129 342 391 121 407 777 5333 715
leaf_count=434 102 89 900 547 1164 335 186 5650 67 405 3211 247 788 295 301 363 174 3461 2217 263 173 73 129 342 391 121 407 777 5333 715
internal_value=-0.000340852 -0.00470588 -0.000177329 -0.00852433 4.93493e-06 -0.00421117 0.00115676 0.00137667 -0.000314455 -0.000347056 -0.00166177 -6.73066e-05 0.000901123 0.000618227 0.00107423 -0.00282246 0.000658458 -3.71287e-05 -0.000552383 0.000967352 0.00310145 -0.00157895 -0.00107752 -0.000959896 -0.000630642 -0.00039566 -0.00459357 -8.5798e-05 -0.00030545 0.00158741
internal_weight=29660 1070 28590 636 27355 1235 5938 5752 21417 21350 3745 17605 5875 5628 4970 658 4669 3635 11730 2480 1034 246 3340 9250 8086 7695 528 7167 6825 1492
internal_count=29660 1070 28590 636 27355 1235 5938 5752 21417 21350 3745 17605 5875 5628 4970 658 4669 3635 11730 2480 1034 246 3340 9250 8086 7695 528 7167 6825 1492
is_linear=0
shrinkage=0.03


Tree=98
num_leaves=31
num_cat=0
split_feature=11 12 17 12 20 1 12 20 9 8 12 14 14 16 1 7 4 11 4 11 4 20 13 20 11 11 11 1 13 13
split_gain=21.058 18.6669 14.6196 10.7319 13.0929 16.1675 15.1756 10.5918 9.84124 9.58027 12.813 10.721 10.2095 10.5457 9.85429 9.09881 10.6122 8.93321 9.38355 8.31014 11.664 8.08395 8.06099 8.05278 10.7973 7.98586 7.60259 10.0503 9.17918 9.27647
threshold=4.5485858369352732 -0.069276408988107704 0.70255486383016674 0.51638661858088286 0.00083400475854453085 0.083874458874458893 0.24975077821654781 0.37644082686474351 0.10221534526835348 6.1273128432923505 0.049030034229735626 0.45078456464570144 0.70847616143701819 0.44718524292842771 0.19292803970223329 0.3113039149130673 10161.912343641792 9.987415011414571 883.16591777107919 7.3427789798660452 260.8044048388129 0.6531247882881267 0.13388151399168949 0.052664861986331767 8.3150769773310635 10.389164584650848 11.275720994973229 0.16774891774891773 0.16603780454749908 0.071382067266364216
decision_type=2 2 8 2 2 8 2 2 8 10 2 2 2 10 10 10 8 2 10 2 8 2 2 2 2 2 2 10 2 2
left_child=2 -2 -1 4 5 -3 -7 22 19 12 -11 14 15 21 -12 16 17 -9 25 20 -5 -14 23 24 -6 -19 28 -28 29 -20
right_child=1 3 -4 8 7 6 -8 9 -10 10 11 -13 13 -15 -16 -17 -18 18 26 -21 -22 -23 -24 -25 -26 -27 27 -29 -30 -31
leaf_value=0.0008574256907497484 -0.0013687714879181223 5.3732249291722431e-06 -8.5972229308603704e-05 0.0035873104733607592 -0.00087955196560134965 8.5644133185862209e-05 -8.0725232323271187e-05 -0.00022842767877670456 0.0072253469541016524 -0.0017045611285227741 0.0013037005368401531 -0.00034317596368279403 0.0013234696949895913 0.002002385990403885 -0.0011928610679921479 -0.00075527747741114724 0.00081870751815324644 -2.6610828314635676e-05 7.5044687993583878e-05 0.0024305505666005387 -0.00018348056632532848 4.5521964787889126e-05 0.003348782191548343 0.00068409194575887742 0.00020253143885662071 -0.0014945078997324181 3.2303984610872298e-05 -0.00082908258373873701 -0.0018136765707502985 0.00051375455091071868
leaf_weight=58 893 397 184 89 130 64 297 5760 89 482 388 4736 723 329 59 791 411 252 4094 432 143 2457 145 2518 336 191 628 268 211 1973
leaf_count=58 893 397 184 89 130 64 297 5760 89 482 388 4736 723 329 59 791 411 252 4094 432 143 2457 145 2518 336 191 628 268 211 1973
internal_value=-0.000217413 -0.000144433 -0.00901235 -1.00373e-05 -0.000106364 -0.00399209 -0.00857735 3.34784e-06 0.00352122 -0.000212806 -0.00128927 -0.000853588 0.000124385 0.00157692 0.00358259 -0.000225309 -4.56886e-05 -0.000191733 0.00048241 0.00225564 -0.0023176 0.00104684 0.00164377 0.00130653 -0.00231263 -0.00375 0.000744251 -0.00183946 0.00111323 0.00132746
internal_weight=29528 29286 242 28393 27640 758 361 26882 753 23753 5665 5183 18088 3509 447 14579 13788 13377 7617 664 232 3180 3129 2984 466 443 7174 896 6278 6067
internal_count=29528 29286 242 28393 27640 758 361 26882 753 23753 5665 5183 18088 3509 447 14579 13788 13377 7617 664 232 3180 3129 2984 466 443 7174 896 6278 6067
is_linear=0
shrinkage=0.03


Tree=99
num_leaves=31
num_cat=0
split_feature=12 11 8 15 3 12 12 3 10 7 2 9 12 3 7 12 2 16 3 4 6 13 3 16 3 4 11 5 4 4
split_gain=19.7799 25.2071 13.0286 12.5047 12.5332 11.7199 9.92089 9.67216 9.08788 7.6949 7.44868 7.03029 10.8863 9.94015 7.84599 10.3545 7.78139 7.65236 7.58629 9.83575 7.17202 6.6853 8.90098 10.8288 6.47647 6.38682 6.27556 6.68095 7.05148 6.21913
threshold=0.045544698554341963 4.5485858369352732 1.2472824973766365 3.9607678160667752 0.073932463755074188 0.61181374187275106 0.29058821036257726 0.36074935571588113 1.6277990882076525 0.078561483435910864 6.3426532660478641 0.042759249507686406 0.38843172555894784 0.43122473368879116 0.30179049260442065 0.2825268845644287 5.0993215614713474 0.038152572052599427 0.30629971326363431 588.99064992298156 0.457571993854055 0.017331591295534795 0.14987364569487927 0.27599968065299668 0.42503946799570275 1.0000000180025095e-35 10.536194468932006 0.94775025278058667 2500.4173587352584 3497.6943123480701
decision_type=2 2 10 8 2 2 2 2 10 10 10 8 2 2 10 2 10 10 2 10 2 2 2 10 2 10 2 8 10 8
left_child=2 25 7 5 6 10 -5 26 24 -4 11 13 14 16 15 -13 -3 -14 -16 -20 -19 22 -11 -24 -6 -2 -1 -28 -29 -23
right_child=1 3 9 4 8 -7 -8 -9 -10 21 -12 12 17 -15 18 -17 -18 20 19 -21 -22 29 23 -25 -26 -27 27 28 -30 -31
leaf_value=0.00020893588361588575 -8.3393062429345594e-05 -0.00013546960176973527 -0.0058408329156581437 -0.00012081425334363459 -0.00014421665831319171 0.0041588489298029895 -8.0893930864922497e-05 -0.00072668899237737024 0.00077503415495878915 -0.006107872987529489 -0.00049750779348246485 0.00012868228275404378 -0.0017338848492961117 0.0013044841397074573 -7.899394330168513e-05 0.0011115556674588288 0.0017058079617658897 -0.001005329248281025 0.00045457242611618274 -0.0020617953124740383 0.0024788190671328363 -0.00092852615684224768 -0.0017963476136056188 0.0015787495376378248 0.00075189744479545683 -0.0002168519512093146 0.00082989031734325726 -0.00079908708902468289 0.0005953949928676354 0.0023343295273957881
leaf_weight=1541 140 7510 101 299 1606 222 267 790 379 227 895 10670 119 373 731 846 47 45 50 194 689 879 218 102 87 42 109 306 47 77
leaf_count=1541 140 7510 101 299 1606 222 267 790 379 227 895 10670 119 373 731 846 47 45 50 194 689 879 218 102 87 42 109 306 47 77
internal_value=-0.000213786 0.000110067 -0.00207026 0.000191171 -0.00176203 0.000421356 -0.00571429 -0.00083214 -0.000680174 -0.0042243 0.000352503 0.000465335 0.000885725 -0.000242088 0.000661623 0.000880438 -0.000478301 0.00416276 -0.00192111 -0.0064898 0.00530612 -0.00368019 -0.00632299 -0.00308411 -0.00162043 -0.0109836 0.000276946 -0.00278618 -0.00478814 -0.00216301
internal_weight=29608 25211 4397 25029 2638 22391 566 2793 2072 1604 22169 21274 13344 7930 12491 11516 7557 853 975 244 734 1503 547 320 1693 182 2003 462 353 956
internal_count=29608 25211 4397 25029 2638 22391 566 2793 2072 1604 22169 21274 13344 7930 12491 11516 7557 853 975 244 734 1503 547 320 1693 182 2003 462 353 956
is_linear=0
shrinkage=0.03


Tree=100
num_leaves=31
num_cat=0
split_feature=0 1 20 13 0 8 8 13 7 7 9 10 3 9 3 4 8 7 9 9 13 11 3 3 4 10 17 5 9 1
split_gain=46.0569 17.7461 11.7291 10.0169 9.27708 8.2415 7.9333 8.07824 7.7895 7.21161 10.3814 8.96222 7.73561 7.17882 7.08625 8.23255 6.9974 12.9006 10.7007 7.66019 8.65444 8.25761 7.24382 6.92357 6.41661 8.09103 6.106 6.06353 7.35832 6.04086
threshold=0.85446000408198086 0.17669683257918559 0.75217368838087129 0.12924751177469693 1.0000000180025095e-35 188.65722488378449 14.163039307757309 0.034783361109961601 0.46875475901419067 0.16638951926295356 0.0065764796462273482 1.6947538332556074 0.0031130026514355016 0.084756564789750258 0.10761759816068137 967.11302698668715 1.163084002617351 0.050844857964181082 0.0065764796462273482 0.11193775389353218 0.12263712721169423 10.546616940613026 0.102008097617089 0.123315006362833 1132.7728514647476 0.43484140098309543 0.15714494750019323 0.72988833904326877 0.12260410037835337 0.40796512779869237
decision_type=10 8 2 2 10 10 10 2 8 10 10 10 2 10 2 8 10 10 10 8 2 2 2 2 10 10 8 10 10 8
left_child=1 4 5 8 -1 9 7 -4 -3 10 -2 -11 -13 23 26 -16 19 -18 -19 20 -9 29 -23 -8 25 -15 -12 -17 -29 -21
right_child=2 3 6 -5 -6 -7 13 16 -10 11 14 12 -14 24 15 27 17 18 -20 21 -22 22 -24 -25 -26 -27 -28 28 -30 -31
leaf_value=9.9492476572163499e-06 0.0030571293228279133 -7.8821587156608351e-05 -0.00025289963537689184 7.9269178564264425e-05 -0.0043775924013989163 -0.00050440073538961618 -0.003261065179177933 -0.00012662977165816115 -8.319803532487032e-05 -7.3609535761589572e-05 0.00038373213127504424 0.0046576546521598381 0.00050161780524512903 -0.0013141040089144221 0.0017585997291561276 0.00054749757845514997 -0.0057648907723426039 0.0017149296759650019 -7.8130533573440232e-05 0.0010678389408484959 0.0007808261177125451 0.0033974898568352647 -0.00049785466424211286 -0.00063646237708317932 -0.0011034461882755882 0.0014622122792990089 -0.00055972172581313648 4.472264201859612e-05 -0.0018306940422627238 -2.3980747518505297e-05
leaf_weight=285 194 520 5769 69 339 941 323 1263 76 7557 571 64 2404 81 462 1969 124 118 3130 749 177 55 222 791 148 189 561 288 111 184
leaf_count=285 194 520 5769 69 339 941 323 1263 76 7557 571 64 2404 81 462 1969 124 118 3130 749 177 55 222 791 148 189 561 288 111 184
internal_value=-0.000351101 -0.00589535 -9.96625e-05 -0.0093018 -0.002256 0.000472129 -0.000748649 -0.000484651 -0.0105528 0.000652588 0.00170315 0.000216936 0.00178615 -0.00277886 0.00137017 0.00217238 0.000283912 -0.000622591 -0.000258541 0.00143719 -4.16378e-05 0.00319571 -0.00134892 -0.00403587 0.000572792 0.00332103 -0.000635481 0.00145631 -0.0019125 0.00454497
internal_weight=29734 1289 28445 665 624 15122 13323 11791 596 14181 4156 10025 2468 1532 3962 2830 6022 3372 3248 2650 1440 1210 277 1114 418 270 1132 2368 399 933
internal_count=29734 1289 28445 665 624 15122 13323 11791 596 14181 4156 10025 2468 1532 3962 2830 6022 3372 3248 2650 1440 1210 277 1114 418 270 1132 2368 399 933
is_linear=0
shrinkage=0.03


Tree=101
num_leaves=31
num_cat=0
split_feature=0 15 13 0 0 17 4 8 13 8 7 10 14 4 14 15 12 17 5 14 1 10 0 16 8 16 17 8 4 13
split_gain=43.8492 28.8037 15.3025 10.5491 9.30782 12.962 8.29336 7.86009 8.63777 8.80056 14.2117 9.08648 8.3243 8.1568 7.4672 7.28994 7.82214 7.45453 7.21216 7.64476 7.18626 7.01278 6.90218 6.85141 6.77873 6.35405 5.68862 5.61022 9.80798 7.38063
threshold=0.90229493605402722 3.0201273556387074 0.10493349313744736 1.4007313114642297 46.498798076923087 inf 1386.6691512293476 4.4591508171142653 0.035874103367187875 1.1243356542607239 0.0527824954399762 0.59824705441230475 0.81110659047991784 1697.159141089792 0.53038886601501034 1.2424533248940004 0.043743695664376421 0.37698783655059082 0.737171052631579 0.82700834074201568 0.40495784825371345 1.8044495926048176 0.77248472015492953 0.27834184757470365 1.0090624652256643 0.041402494338509045 -0.10977809202179804 200.77065215478069 2735.2448858316161 0.091410878604226961
decision_type=10 8 2 10 10 8 8 10 2 10 10 8 2 10 2 8 2 10 10 2 10 10 8 10 10 8 10 10 8 2
left_child=1 22 24 7 5 18 -4 8 12 11 -11 13 23 26 -15 -9 -17 -18 27 25 -12 -6 -1 -2 -3 -20 -10 29 -29 -5
right_child=3 2 6 4 21 -7 -8 15 9 10 20 -13 -14 14 -16 16 17 -19 19 -21 -22 -23 -24 -25 -26 -27 -28 28 -30 -31
leaf_value=-0.0061982162116054123 -0.00035704329576496967 -9.180885112782066e-05 -0.0018542140045549073 0.00019679739474961279 -0.00049900748703164536 0.0042019263001396006 0.00085377789911910416 -0.0031145134778457263 -0.00092576351007179634 -0.0051953029593660421 8.3088027931757454e-05 0.00085673603873825553 0.0015118054577171502 -0.0013588396545677838 0.0002221798632749882 -0.0017460500588516359 0.00013510835895146094 -0.00076493175533047313 -0.0022158033700579258 0.0016129271373299255 -0.00081831750854205844 0.00067197620116547948 1.0530822689592718e-06 0.00011041737294681102 -7.8526622941766977e-05 -0.00030932328449640286 0.00055728009900710672 -0.0019128251842143659 0.00073799856796981692 0.00090938264007606694
leaf_weight=171 4479 63 40 9741 499 228 90 89 73 147 4368 594 147 117 86 451 1005 889 103 58 230 185 663 1505 597 572 521 358 148 1436
leaf_count=171 4479 63 40 9741 499 228 90 89 73 147 4368 594 147 117 86 451 1005 889 103 58 230 185 663 1505 597 572 521 358 148 1436
internal_value=-0.000285796 -0.00507692 -0.00917826 -8.02711e-06 0.000603196 0.000787663 0.000229008 -0.000562168 -0.000253097 0.00054261 -7.26928e-05 0.00264009 -0.00104941 0.000545113 -0.00463235 -0.0021191 -0.00179668 -0.000949868 0.000657164 -0.00222752 0.000221787 -0.00280292 -0.00118563 -0.00122306 -0.0110287 -0.0031287 0.00231933 0.000838326 -0.00224852 0.000978261
internal_weight=29653 1624 790 28029 13328 12644 130 14701 12267 6136 4745 1391 6131 797 203 2434 2345 1894 12416 733 4598 684 834 5984 660 675 594 11683 506 11177
internal_count=29653 1624 790 28029 13328 12644 130 14701 12267 6136 4745 1391 6131 797 203 2434 2345 1894 12416 733 4598 684 834 5984 660 675 594 11683 506 11177
is_linear=0
shrinkage=0.03


Tree=102
num_leaves=31
num_cat=0
split_feature=20 1 12 20 20 13 7 5 7 6 14 7 14 14 13 10 10 6 10 9 16 5 2 10 15 14 7 2 7 11
split_gain=27.8134 29.139 20.5222 13.1011 11.126 10.4004 10.1824 9.72709 7.91603 7.4215 7.1298 6.90002 6.74895 6.44545 6.32221 5.92163 5.80357 6.4155 5.40565 5.27079 8.6007 8.68355 7.55327 7.67504 7.45115 8.28704 6.65319 8.17177 6.01933 6.7939
threshold=0.021721105527638195 0.25940062199604191 0.082768146757525876 0.36787956862422844 1.2967397186147187 0.13282515977201242 0.057905053573447739 0.8951036126902624 0.43800126171309378 0.63957318349303127 0.75860517995716914 0.18522395396903937 0.90274161780918249 0.2885443022640492 0.12475555805674553 2.2728075337953229 1.5602911885552695 3.6471690240023196 1.2199480592215382 0.030232996120123035 -0.14003269448916286 0.99206299212598437 6.3818554787683341 2.084947179923875 4.4248287033199567 0.60590623241958974 0.13312410547389344 6.5578367642739304 0.34355712775317698 10.763229093135925
decision_type=2 8 2 2 2 2 8 10 10 2 2 10 2 2 2 10 10 2 10 8 10 8 8 10 10 2 10 10 10 2
left_child=1 18 4 7 6 13 10 14 9 11 15 -8 19 -3 16 -2 17 -4 -1 22 -21 -22 -5 26 -23 -26 27 -24 29 -28
right_child=2 5 3 12 -6 -7 8 -9 -10 -11 -12 -13 -14 -15 -16 -17 -18 -19 -20 20 21 24 23 -25 25 -27 28 -29 -30 -31
leaf_value=-0.00013964026683830914 0.00010757738137340347 -4.8375374969049127e-05 0.00025848506330635455 0.0017049118278601393 -0.0075408697312542017 0.00095615260927669967 -0.00046333787655825157 -0.0021150863774546339 0.0018606856675879762 -8.0199156748641664e-05 0.0027952769519585144 -0.002417311717018119 0.0023205401491958842 -7.4101140853657094e-05 0.0039018802230219671 -0.003046589099876425 0.0020574344155542506 0.0027187187532656809 0.00029657577357330154 -0.00099058009202445015 -0.00041808438873488439 0.00019941278730771983 0.00042176018730789324 0.00046877848106404715 -0.00083416570585976755 0.00091885448258366756 -0.00089538503451903559 -0.0012514701247471449 0.00037818886972852542 0.00030571413169752285
leaf_weight=393 1742 72 1913 89 224 42 2633 59 41 1897 75 659 76 577 120 63 869 132 421 433 1085 10956 653 500 137 40 2594 92 516 435
leaf_count=393 1742 72 1913 89 224 42 2633 59 41 1897 75 659 76 577 120 63 869 132 421 433 1085 10956 653 500 137 40 2594 92 516 435
internal_value=-0.000281323 -0.00425299 -6.79532e-05 0.000415217 -0.00143149 -0.0087789 -0.00122346 0.00221558 -0.00190403 -0.00200867 0.000669856 -0.00286972 9.88243e-05 -0.00971538 0.0024514 0.000290698 0.00217153 0.00129765 -0.000404908 5.98939e-05 0.000382943 0.000530322 -0.000777664 -0.000939261 0.000780043 -0.00530899 -0.00134934 0.00122654 -0.00189086 -0.00240099
internal_weight=29538 1505 28033 20699 7334 691 7110 3093 5230 5189 1880 3292 17606 649 3034 1805 2914 2045 814 17530 12651 12218 4879 4790 11133 177 4290 745 3545 3029
internal_count=29538 1505 28033 20699 7334 691 7110 3093 5230 5189 1880 3292 17606 649 3034 1805 2914 2045 814 17530 12651 12218 4879 4790 11133 177 4290 745 3545 3029
is_linear=0
shrinkage=0.03


Tree=103
num_leaves=31
num_cat=0
split_feature=0 15 13 20 0 17 8 8 14 17 14 14 8 3 4 9 7 14 14 11 9 11 10 14 9 15 4 11 0 19
split_gain=43.2006 29.088 14.2646 9.4742 9.45752 9.98124 8.80402 7.84802 8.97368 7.63031 7.53056 9.87352 11.9208 8.35725 7.49404 7.71906 7.131 7.0914 6.73721 6.62568 6.59957 8.22697 6.6505 6.5594 9.38879 6.45822 6.09637 10.4105 6.16553 5.6288
threshold=0.91535667307815294 3.0201273556387074 0.10493349313744736 0.56273780858417688 46.498798076923087 6.6585427530410923 1.0143126530758848 5.2550473933281774 0.7528702941375861 0.66486384125251907 0.22456020952084546 0.64424165271152123 6.6876600032640869 0.10573729855414417 756.93370268158003 0.0077047515488007966 0.071104848492960712 0.53299772865202499 0.08914834732744549 8.5431532883387487 0.0052366209641751468 8.6732563233883813 1.4536379364067133 0.7190663510322679 0.028631309495873069 3.2384861814448418 1103.4118878736811 9.9364628417375283 1.0462208947841087 7.5000000000000009
decision_type=10 8 2 2 10 8 10 10 2 10 2 2 10 2 10 10 8 2 2 2 10 2 10 2 10 8 10 2 10 2
left_child=1 9 6 4 5 10 -3 8 29 -1 13 -12 -13 -2 23 -16 25 -11 -8 -6 -9 22 -22 24 -14 -10 27 -23 -28 -5
right_child=3 2 -4 7 19 -7 18 20 16 17 11 12 14 -15 15 -17 -18 -19 -20 -21 21 26 -24 -25 -26 -27 28 -29 -30 -31
leaf_value=1.6193643776393762e-06 -0.0016973937139217134 -8.683155136837634e-05 7.3961216757052398e-06 -0.00013782860189078853 -0.0012876490355601727 0.0026289280246612934 -5.4555520095965998e-05 0.00073051433805957809 0.0028425192429200738 0.00084666959527772304 -0.00012215091898546692 0.0019755114507146302 0.003917861493768506 0.0024893587352406194 0.0029187916855859578 0.0004036706653827532 0.00029541853546828493 -0.008497902806514827 -7.3947790027904263e-05 -2.605870646118115e-05 -0.0019224725833288006 -0.00021566986976050134 -0.00020986239960252146 -0.0014211100080198651 -0.0017278929100672687 -0.00017030515907445669 -0.0020868079724300805 0.0010635284858221579 -0.00046468531750914365 6.2417320953835648e-05
leaf_weight=757 55 68 134 7938 214 302 43 256 125 54 3335 1003 111 184 83 1605 1501 104 581 480 426 851 247 307 69 44 98 192 2137 6371
leaf_count=757 55 68 134 7938 214 302 43 256 125 54 3335 1003 111 184 83 1605 1501 104 581 480 426 851 247 307 69 44 98 192 2137 6371
internal_value=-0.000298726 -0.00488232 -0.0089601 -1.28871e-05 0.000878823 0.00120765 -0.0106926 -0.000355179 -5.1627e-05 -0.00119541 0.000968458 0.000776021 0.00197232 0.0061875 0.000723805 0.00166963 0.00202873 -0.00716981 -0.011808 -0.00246043 -0.00150784 -0.00181048 -0.00482938 -0.00255123 0.00198895 0.00785294 -0.00118939 0.000704023 -0.0020729 -0.000294549
internal_weight=29675 1741 826 27934 7748 7054 692 20186 15979 915 6752 6513 3178 239 2175 1688 1670 158 624 694 4207 3951 673 487 180 169 3278 1043 2235 14309
internal_count=29675 1741 826 27934 7748 7054 692 20186 15979 915 6752 6513 3178 239 2175 1688 1670 158 624 694 4207 3951 673 487 180 169 3278 1043 2235 14309
is_linear=0
shrinkage=0.03


Tree=104
num_leaves=31
num_cat=0
split_feature=0 15 12 9 17 20 8 11 20 7 8 9 9 17 1 15 1 5 15 1 8 3 8 4 4 4 3 9 11 9
split_gain=41.9115 27.6807 9.80195 8.2937 8.08778 7.90059 7.5979 9.47132 8.57014 7.89552 7.80991 6.92987 6.51377 6.96349 6.74498 6.60962 6.60235 11.0872 6.81382 6.23138 7.6212 6.23023 6.08971 6.02378 5.82435 5.69917 6.61947 5.64908 6.71764 12.4558
threshold=0.91535667307815294 3.0201273556387074 0.43263878002697848 0.22407541601059316 2.0950339193447265 1.4212677531546551 127.61509520239964 7.8813709169734869 0.74272237030089971 0.29501187580757693 74.306852282582867 0.086504082084598213 0.0065764796462273482 -0.38802885603712317 0.068729333963155462 2.524928003624769 0.098199935711989719 0.99206299212598437 3.7494348669884658 0.35767590618336892 1.0817276000072118 0.075141273501666953 1.4819053620009381 1412.8912083782996 1125.9909414754052 279.60525198127073 0.15452277621120772 0.020484314769730175 9.9163790955864481 0.1414382842321566
decision_type=10 8 2 8 10 2 10 2 2 10 8 8 8 8 10 10 8 8 10 10 10 2 10 10 10 8 2 10 2 10
left_child=1 5 6 -3 11 -1 8 -8 9 25 -11 -4 14 -14 15 -10 21 23 -19 20 -20 22 -15 -18 -6 -2 27 -27 -29 -30
right_child=2 3 4 -5 24 -7 7 -9 12 10 -12 -13 13 16 -16 -17 17 18 19 -21 -22 -23 -24 -25 -26 26 -28 28 29 -31
leaf_value=-1.5465372593622034e-05 -0.0016290456054581662 -6.965967292721027e-05 2.419238115052319e-05 -0.00010995793578081904 0.0051752703826958794 -0.011762477563295478 -0.0029365423449749196 -0.00029600067396736649 0.00019553351120157932 -0.00039171151337012792 0.0014230312009116833 0.0039876568604853774 -0.0036596576908850529 -0.0001095134541181986 -0.001552232751736051 0.0016893100163761377 0.00122070302216299 0.0001425757984092485 -0.0012222838177616618 -0.0010680902476790026 5.3977286415329281e-05 -0.00018266014268296729 -0.0016803752910411753 -0.0012919637634487137 0.0015954885499444744 -0.00038343191247246081 0.00057629805993452267 -0.00013916331017301483 0.00067297122550801359 -0.00029886190921422207
leaf_weight=833 142 709 1049 111 178 94 179 1236 436 2197 157 158 73 206 71 182 57 4455 47 124 355 6245 345 253 248 1491 3339 1595 2334 567
leaf_count=833 142 709 1049 111 178 94 179 1236 436 2197 157 158 73 206 71 182 57 4455 47 124 355 6245 345 253 248 1491 3339 1595 2334 567
internal_value=-0.000325788 -0.00483124 -4.16667e-05 -0.00884287 0.00221236 -0.00127694 -0.00018285 -0.00231992 -6.01897e-05 0.00052271 -0.00103185 0.000956126 -0.000596498 -0.000757339 0.00223913 0.00324717 -0.000701109 9.35374e-05 0.000436572 -0.00278937 -0.000967742 -0.0013197 -0.004375 -0.00540193 0.00576112 0.000909283 0.00100032 0.000403307 0.000933956 0.00179359
internal_weight=29466 1747 27719 820 1633 927 26086 1415 24671 11822 2354 1207 12849 12160 689 618 12087 5291 4981 526 402 6796 551 310 426 9468 9326 5987 4496 2901
internal_count=29466 1747 27719 820 1633 927 26086 1415 24671 11822 2354 1207 12849 12160 689 618 12087 5291 4981 526 402 6796 551 310 426 9468 9326 5987 4496 2901
is_linear=0
shrinkage=0.03


Tree=105
num_leaves=31
num_cat=0
split_feature=0 1 13 0 0 5 0 9 8 13 8 12 13 9 17 12 14 9 10 11 9 11 13 7 11 9 8 11 7 17
split_gain=40.5653 21.5743 18.9182 9.93692 7.96854 10.8218 9.0114 8.82189 20.6227 8.28902 7.41304 10.5751 8.47542 8.63815 10.0437 7.17824 6.87882 6.67531 6.5847 6.46451 6.40026 9.89578 9.17428 10.349 9.63941 7.26186 7.249 10.4517 9.97302 10.1668
threshold=0.90229493605402722 1.0000000180025095e-35 0.022756788874137381 0.77248472015492953 2.0354927882458127 0.86491775532871429 46.498798076923087 0.058612026423892551 19.151368462309481 0.085411067409061361 13.037562438796284 0.043743695664376421 0.048338929168270359 0.0065764796462273482 0.76898922859737695 0.22635654556146359 0.8176610204098812 0.022499570427301118 0.5515336032284156 7.7834323062786455 0.014004052855108985 9.1951759701679201 1.0000000180025095e-35 0.32600246255126958 8.7551859424742933 0.27130284224907136 1.3676897084449857 9.5731067231309002 0.16954296859386678 0.10658761748738112
decision_type=10 8 2 8 10 10 10 8 10 2 10 2 2 10 10 2 2 10 10 2 8 2 2 10 2 8 10 2 10 8
left_child=1 3 -3 -1 10 6 7 9 -9 -6 12 -12 18 -14 -15 -10 -16 -4 -2 -13 21 -20 23 26 -25 -24 28 -28 -22 -30
right_child=4 2 17 -5 5 -7 -8 8 15 -11 11 19 13 14 16 -17 -18 -19 20 -21 22 -23 25 24 -26 -27 27 -29 29 -31
leaf_value=-0.011482421192532189 -0.00033218318338694636 -6.7569882739393968e-05 0.0010969847298696201 2.8030967321926584e-05 0.00014984855833447385 -0.0017591214060153437 -0.00030248597079625167 0.0025725491445943434 -0.0011794467333950856 0.0031038975270261606 -0.001801573924853465 -0.0025092795565768728 0.0015010276160753065 0.00015201586753560683 -0.00098254597836677999 0.00026169247229461347 0.0043715860937669718 -0.00019459396836129988 0.00026768182091062211 -0.00016032853557851752 0.00048523263209608033 -0.0011048774196853847 -0.00023660453046431745 0.0010531028181612479 -0.001206452255448433 0.000664678058442102 4.0148440245249546e-05 0.00094460885959246469 0.00087716922350954509 -0.00081337150503976035
leaf_weight=109 3161 559 68 535 3421 143 653 842 171 178 401 242 324 6318 484 531 41 351 387 3378 660 587 3161 90 338 76 703 1226 88 416
leaf_count=109 3161 559 68 535 3421 143 653 842 171 178 401 242 324 6318 484 531 41 351 387 3378 660 587 3161 90 338 76 703 1226 88 416
internal_value=-0.000305637 -0.00491682 -0.00772217 -0.000651163 -3.85425e-05 0.000936869 0.00113852 0.00156007 0.00345631 0.000745833 -0.000300924 -0.00146569 -4.15259e-05 0.000759626 0.000532583 -0.000341394 -0.00345057 -0.00289286 -0.000568662 -0.000952775 -9.69869e-05 -0.00236923 0.000230803 0.00129046 -0.00307692 -0.000921865 0.0018956 0.00302332 2.57511e-05 -0.00314851
internal_weight=29642 1622 978 644 28020 5939 5796 5143 1544 3599 22081 4021 18060 7167 6843 702 525 419 10893 3620 7732 974 6758 3521 428 3237 3093 1929 1164 504
internal_count=29642 1622 978 644 28020 5939 5796 5143 1544 3599 22081 4021 18060 7167 6843 702 525 419 10893 3620 7732 974 6758 3521 428 3237 3093 1929 1164 504
is_linear=0
shrinkage=0.03


Tree=106
num_leaves=31
num_cat=0
split_feature=0 15 12 8 8 9 7 6 0 2 15 15 1 6 12 4 16 0 17 9 4 9 15 8 6 16 16 16 11 4
split_gain=37.481 26.2735 10.4236 9.19945 8.8285 8.84556 7.92873 7.79096 7.79089 6.19297 5.96881 5.94419 6.36791 5.73506 5.63042 5.42407 5.37516 5.36468 8.93038 7.74214 14.6373 8.87719 6.80882 6.30447 5.91272 5.8292 5.51009 5.50602 6.05412 5.31013
threshold=0.91535667307815294 3.0201273556387074 0.1551424685005012 1.0143126530758848 5.2550473933281774 0.081074892167686721 0.094389212521981555 5.2733807529920798 0.70579746621234041 5.8479582522806028 4.6959141240107813 4.4248287033199567 0.07561463693539168 -0.98902304185294598 0.049030034229735626 360.8044483994052 -0.2187637777417594 46.498798076923087 -0.31310156101340053 0.0025046752417442089 1230.0866646455468 0.0052366209641751468 1.4978661367769956 427.20746514820229 0.50125085225848498 0.15002422544813354 0.13948330599039166 0.4700752163315477 10.08597576124164 742.2517889143279
decision_type=10 8 2 10 10 10 10 2 8 10 10 10 10 2 2 10 8 10 10 8 8 8 10 10 2 10 8 10 2 8
left_child=1 8 4 -3 10 14 -7 16 -1 -8 11 -2 -13 -10 -6 -9 -4 18 24 20 -20 -21 -19 27 -18 -24 -22 29 -29 -23
right_child=2 3 7 -5 5 6 9 15 13 -11 -12 12 -14 -15 -16 -17 17 22 19 21 26 23 25 -25 -26 -27 -28 28 -30 -31
leaf_value=-0.011116217293381959 -4.472429998184919e-05 -7.8900770271718662e-05 -0.0031346009213494854 -6.6086317543103605e-05 -0.0020175438260066772 0.0032469667804696334 5.7069315564332998e-05 0.0060172643555028108 -0.0037844074608765128 -0.0025184729635439932 0.0014841229740766818 4.3433361477136224e-05 -0.0013270458729324455 1.9335126194729529e-05 -0.00069906399770019328 0.0010729059571971311 9.7502231932640454e-05 -0.00075506218211792776 0.00044333645878033123 0.0027448638627946653 -0.0020628628982037314 -0.00031016291054130474 -0.00050028591758080111 -0.0028151887675053966 0.0026756268740548536 0.00095378183222503824 -0.0019888451458787097 0.0012401331583861209 -0.00017535569956747578 0.00015079733692307149
leaf_weight=94 10652 124 82 740 353 43 758 60 66 53 83 73 91 767 1288 366 288 299 355 156 98 1488 139 70 447 215 292 745 302 9116
leaf_count=94 10652 124 82 740 353 43 758 60 66 53 83 73 91 767 1288 366 288 299 355 156 98 1488 139 70 447 215 292 745 302 9116
internal_value=-0.000322684 -0.00452846 -5.26636e-05 -0.00828902 -0.000656215 -0.00226562 0.000210526 0.000504167 -0.00101832 -0.000461823 -0.000287615 -0.00034945 -0.006 -8.99281e-05 -0.00355359 0.00449649 0.000383169 0.000428235 0.000558093 0.000370752 -0.00259383 0.000556912 -0.00222477 0.000461952 0.00377038 0.000591549 -0.00659847 0.00051622 0.00259065 0.000311174
internal_weight=29703 1791 27912 864 13394 2495 854 14518 927 811 10899 10816 164 833 1641 426 14092 14010 13357 12622 745 11877 653 11721 735 354 390 11651 1047 10604
internal_count=29703 1791 27912 864 13394 2495 854 14518 927 811 10899 10816 164 833 1641 426 14092 14010 13357 12622 745 11877 653 11721 735 354 390 11651 1047 10604
is_linear=0
shrinkage=0.03


Tree=107
num_leaves=31
num_cat=0
split_feature=0 15 13 16 11 10 6 3 20 3 13 9 8 12 15 15 8 9 16 0 0 8 5 9 13 15 15 4 8 9
split_gain=37.4739 25.1585 15.0424 10.9421 12.4148 7.66892 7.5739 6.84116 6.80637 6.78695 6.71117 12.4822 9.20481 8.9225 8.12377 23.538 7.84157 12.4772 8.52827 7.38868 7.34548 6.47242 7.11637 7.83656 7.75773 8.04888 6.97942 6.03272 6.00441 5.79818
threshold=0.91535667307815294 3.0201273556387074 0.075801330997529157 0.45426422651250209 10.08597576124164 1.3946062540947732 5.2733807529920798 0.12059226808538251 1.1723733038117004 1.0000000180025095e-35 0.058320520873678248 0.0052366209641751468 22.321054984331955 0.13071718184432071 3.0677824455408698 3.3497501700808394 1.657417536884378 0.022499570427301118 -0.024836796860582194 2.3699704807785436 2.0738819323039803 1.1273616728720111 0.99206299212598437 0.076233902440743892 0.1433336003598408 3.1567740231385479 4.0689902272260703 343.5561521197597 1.0143126530758848 0.077981871193902694
decision_type=10 8 2 10 2 8 2 2 2 2 2 10 10 2 10 10 8 8 10 10 10 10 8 10 2 10 8 10 10 10
left_child=1 8 28 6 9 -4 10 -6 -1 -5 13 -12 20 -2 -15 -16 -17 19 -19 -18 21 -13 23 26 25 -25 -23 -8 -3 -11
right_child=3 2 5 4 7 -7 27 -9 -10 29 11 12 -14 14 15 16 17 18 -20 -21 -22 22 -24 24 -26 -27 -28 -29 -30 -31
leaf_value=1.2802783205560152e-05 -0.00033504383512139222 -8.9399412640314078e-05 -0.00017588973762305878 0.0016944578676825173 -0.0013375710377811891 0.003614512836383631 0.0071296085049386499 7.6226150298467491e-06 -0.0028265063923263722 0.00042023119452145431 0.0021838991347439851 0.00047316036126635958 -0.00052274176213782178 -0.00015988042077449914 0.0010830043081309717 -0.00045265048301377429 5.9610422865400899e-05 -0.001225912236418216 0.0013090580037064959 -0.0022417621874667075 0.0017461314768694553 -0.00038953000605732214 7.1730699640747863e-05 0.0020682253558516337 -0.0040906433928987185 -0.0010657065520508853 0.0013455754081407359 0.00068875502602862326 -6.4627673858475113e-05 0.0014605240434383434
leaf_weight=581 5448 66 123 75 143 45 51 497 339 1007 219 1023 1186 8499 1112 835 202 98 506 148 452 326 4540 55 134 135 125 491 596 584
leaf_count=581 5448 66 123 75 143 45 51 497 339 1007 219 1023 1186 8499 1112 835 202 98 506 148 452 326 4540 55 134 135 125 491 596 584
internal_value=-0.000334492 -0.00459166 -0.00837545 -6.72236e-05 0.00191157 -0.00035503 -0.000245642 -0.00163807 -0.00117264 0.00327534 -0.000321634 0.000382504 0.000188041 -0.000664134 -0.000186826 0.00118367 -0.000946927 0.000910995 0.00352066 -0.00358974 0.000614048 0.000350213 -7.05418e-05 -0.00272552 -0.00627692 -0.00235602 -0.000165929 0.00325967 -0.0104072 0.0028549
internal_weight=29641 1750 830 27891 2306 168 25585 640 920 1666 25043 8195 7976 16848 11400 2901 1789 954 604 350 6790 6338 5315 775 324 190 451 542 662 1591
internal_count=29641 1750 830 27891 2306 168 25585 640 920 1666 25043 8195 7976 16848 11400 2901 1789 954 604 350 6790 6338 5315 775 324 190 451 542 662 1591
is_linear=0
shrinkage=0.03


Tree=108
num_leaves=31
num_cat=0
split_feature=0 15 13 0 0 5 8 9 9 13 11 12 11 14 15 15 10 9 13 9 11 10 3 2 15 5 9 15 14 9
split_gain=41.8475 27.055 15.0186 10.3276 10.4062 9.92528 7.2471 7.16552 9.26506 8.42291 8.27427 9.83631 9.48928 9.41191 8.85348 6.72244 6.64235 6.5937 6.50619 16.1087 9.6793 7.82265 10.89 6.9532 9.94119 9.24669 8.39261 9.48293 9.18539 7.40502
threshold=0.91535667307815294 3.0201273556387074 0.075801330997529157 2.6565358674738206 28.257575757575761 0.8951036126902624 176.43351177411157 0.058612026423892551 0.0077047515488007966 0.080078452284597049 10.149546528230038 0.40322519259626072 9.321747568549986 0.7280860878656702 3.4811217321331038 2.6735537653587347 1.3946062540947732 0.0065764796462273482 0.058320520873678248 0.0065764796462273482 11.608626469387564 0.65770395327297837 0.0031130026514355016 4.0149969931503255 4.516324041782946 0.99062490844637163 0.041766259567887078 3.795426061844291 0.69704986987765183 0.077106498747850111
decision_type=10 8 2 10 10 10 10 8 10 2 2 2 2 2 10 8 8 10 2 10 2 10 2 10 10 8 10 10 2 10
left_child=1 -1 -3 6 5 7 18 8 17 10 12 14 13 -10 -12 -9 -4 -5 20 -20 21 -2 -23 26 25 29 27 -21 -29 -25
right_child=3 2 16 4 -6 -7 -8 15 9 -11 11 -13 -14 -15 -16 -17 -18 -19 19 23 -22 22 -24 24 -26 -27 -28 28 -30 -31
leaf_value=-0.00012379947868618808 -0.00027738347179855375 -6.2688843642720861e-05 -0.00011292583944379694 0.0016187319808578416 -0.00029774904990383962 -0.0019751572634055074 -0.0011833146728145358 0.0011245874814690307 0.0017404238786440423 0.0044169790220646354 0.0020052925938165819 -0.0010429063935753701 -0.001129476563270806 -0.0021334507190595348 -0.0017061505769103973 0.0032981250472469835 0.0026842715652003308 0.0045885793234793906 0.0020895629555716662 -0.00037574918705152578 -0.0011293708866014082 0.0013161924259769749 -1.4933242847904904e-05 -0.00022396106871948001 0.0025470399597717973 0.0011777508461601211 0.00025871304938452505 0.0013571648796905998 -0.00133992959059932 -0.0020178340226546308
leaf_weight=921 4842 661 123 280 801 57 698 560 272 72 443 153 700 123 85 233 48 95 299 1470 261 154 10130 419 51 128 5116 131 57 381
leaf_count=921 4842 661 123 280 801 57 698 560 272 72 443 153 700 123 85 233 48 95 299 1470 261 154 10130 419 51 128 5116 131 57 381
internal_value=-0.000302369 -0.00479761 -0.00871549 -2.08839e-05 0.00141677 0.00221047 -0.000251678 0.00244614 0.00157149 0.000697674 0.000287001 0.00288123 -0.00132755 0.00238636 0.00482042 0.00489295 -0.000784884 0.00586436 -0.000161903 0.000528995 -0.00052346 -0.000424407 4.3753e-05 0.000265025 -0.00209694 -0.00280947 0.000606642 -0.00124774 0.00507937 -0.00400749
internal_weight=29764 1753 832 28011 3874 3073 24137 3016 2223 1848 1776 681 1095 395 528 793 171 375 23439 8052 15387 15126 10284 7753 979 928 6774 1658 188 800
internal_count=29764 1753 832 28011 3874 3073 24137 3016 2223 1848 1776 681 1095 395 528 793 171 375 23439 8052 15387 15126 10284 7753 979 928 6774 1658 188 800
is_linear=0
shrinkage=0.03


Tree=109
num_leaves=31
num_cat=0
split_feature=1 17 12 13 8 3 15 14 14 12 2 15 13 16 16 9 10 13 8 9 5 15 2 2 15 4 3 3 15 9
split_gain=16.2054 23.43 18.0337 11.6797 11.5106 15.5629 12.5516 8.3837 8.09187 7.65947 7.59152 10.1626 9.39213 9.14663 7.15221 7.13027 6.10067 6.20989 7.50499 6.03698 9.64206 9.66696 10.9976 8.39738 8.01311 11.292 7.41042 7.26271 7.19184 7.1169
threshold=0.47641299510458396 inf 0.021679275092647114 0.13633287937209046 1.1243356542607239 0.38859492634498499 3.0201273556387074 0.88821389614272761 0.2885443022640492 0.55160230659063914 1.0000000180025095e-35 2.6735537653587347 0.018217439369267365 0.24119166977552745 0.37956675316759941 0.027491964520503485 1.7131530806137254 0.0077828409066415605 127.61509520239964 0.042759249507686406 0.99522539769360507 4.516324041782946 3.9240045833320587 6.5826776178005924 4.4248287033199567 1361.2649917310821 0.42813912084778244 0.4863236694520473 4.0859410030639109 0.0052366209641751468
decision_type=8 8 2 2 8 2 10 2 2 2 10 10 2 10 10 8 8 2 8 8 8 10 8 10 10 10 2 2 10 10
left_child=2 16 4 8 5 -1 10 9 -3 19 11 13 -13 -6 -10 -16 -2 18 -18 26 21 22 -21 -24 -22 -26 28 -28 29 -4
right_child=1 3 7 -5 6 -7 -8 -9 14 -11 -12 12 -14 -15 15 -17 17 -19 -20 20 24 -23 23 -25 25 -27 27 -29 -30 -31
leaf_value=0.00033334517775101381 -0.00025060100127587555 6.2586177102867189e-05 0.00029922335110634229 0.0022134390972830824 -0.0023746382544533257 -0.0010299720685402309 -0.0019040950471452668 0.0011010834966360531 -5.974070120588316e-05 0.002608818548134109 -0.0068417829989308836 -0.0023414153180904332 0.00082056201505130075 0.00022783323419793794 -6.0808178333439241e-05 5.1668367373072996e-05 0.001055035626429252 0.0017187219485837123 -0.0023954883379001765 0.0021841714963058796 0.00013955547749085396 0.0019135506466174152 -0.0012244733263363544 8.5189145206935316e-05 -0.0010761881074732697 0.0011503451693923826 0.0014639016865986717 -0.00065640513940395646 0.00087596413959412382 -0.00028016305612268332
leaf_weight=941 1019 80 1062 42 535 380 460 294 429 396 59 49 275 254 40 74 104 126 40 104 13744 53 807 275 156 48 315 136 228 7157
leaf_count=941 1019 80 1062 42 535 380 460 294 429 396 59 49 275 254 40 74 104 126 40 104 13744 53 807 275 156 48 315 136 228 7157
internal_value=-0.000291076 -0.00293095 -0.000104944 -0.0075 -0.00232058 -0.000238275 -0.0040049 0.000159227 -0.00853365 9.86439e-05 -0.00235294 -0.00179084 0.00267692 -0.00362658 -0.00984375 -0.00313043 -0.000569767 0.00343173 -0.000827586 3.05157e-05 0.000394061 -0.00214113 -0.0027043 -0.00360111 0.000619399 -0.00526829 -0.000589954 0.00315265 -0.000790128 -0.000936131
internal_weight=29682 1954 27728 665 2953 1321 1632 24775 623 24481 1172 1113 324 789 543 114 1289 270 144 24085 15187 1239 1186 1082 13948 204 8898 451 8447 8219
internal_count=29682 1954 27728 665 2953 1321 1632 24775 623 24481 1172 1113 324 789 543 114 1289 270 144 24085 15187 1239 1186 1082 13948 204 8898 451 8447 8219
is_linear=0
shrinkage=0.03


Tree=110
num_leaves=31
num_cat=0
split_feature=0 15 13 0 15 20 8 14 14 11 12 16 14 13 8 3 17 0 16 17 15 14 8 16 9 9 17 16 13 8
split_gain=38.5081 24.317 17.8231 8.97498 8.88807 8.77452 7.07619 8.61852 10.6043 10.1411 9.62654 8.79074 7.24109 7.60894 6.62071 7.82703 9.20464 6.89808 6.6337 6.75971 6.60147 6.56574 7.05289 6.54661 6.49684 8.3435 6.33761 6.7258 6.18605 8.22486
threshold=0.91535667307815294 3.0201273556387074 0.075123561178372128 1.6884809065008273 1.2424533248940004 1.2967397186147187 176.43351177411157 0.31615993784768598 0.64223710962125879 7.2470803309351544 0.5044056004368801 0.17066777912745421 0.7951196049527488 0.045095948447942853 74.306852282582867 0.29520502035488222 2.8804340341922567 7.2265881862505212 0.35008667366020091 -0.61382021478220106 2.8029010331479989 0.08914834732744549 1.0143126530758848 0.6769785978643319 0.10307723744095941 0.24163086620452548 -1.0000000180025095e-35 -0.024836796860582194 0.042991323184348361 1.163084002617351
decision_type=10 8 2 10 8 2 10 2 2 2 2 10 2 2 8 2 8 10 8 8 8 2 10 10 10 10 8 8 2 10
left_child=1 5 21 4 24 -1 7 11 14 -10 26 -5 13 -8 15 18 -17 -16 19 -9 -14 -3 -23 28 -2 -26 27 -11 -6 -30
right_child=3 2 -4 6 23 -7 12 8 9 10 -12 -13 20 -15 17 16 -18 -19 -20 -21 -22 22 -24 -25 25 -27 -28 -29 29 -31
leaf_value=3.3483317867127834e-06 -0.0012247950989813868 6.0708591789781176e-05 5.5138221643751305e-06 1.2792895279696848e-05 -0.00018319205512104899 -0.0061460912646879246 -0.00069741655336686922 0.003792403788980726 -0.003834367057784826 -0.0018091078641858009 0.0036725600879743128 0.0022109634107619698 0.00072601145369003718 -0.0018570715745010557 0.0033513335367479839 -0.0014617559711314451 0.006842924520860395 -0.00045570164214308554 -0.00069052696844272956 9.7401171451295813e-05 -0.00090294858378896475 -7.0178878438899547e-05 -6.0018163569563527e-05 0.00062557195165300608 0.00086673623886124925 -0.0021721694073399871 0.00039171984108336648 0.0018122009408239664 0.00027311819680137179 -6.4670771222848404e-05
leaf_weight=738 404 44 178 221 9627 180 338 61 100 74 232 330 352 151 120 460 40 73 527 2242 114 64 557 434 169 49 2829 388 2338 6319
leaf_count=738 404 44 178 221 9627 180 338 61 100 74 232 330 352 151 120 460 40 73 527 2242 114 64 557 434 169 49 2829 388 2338 6319
internal_value=-0.000286852 -0.00458854 -0.00826422 -1.60754e-05 -0.000375368 -0.00120783 0.00078701 0.00108924 0.00081013 0.0019495 0.00221765 0.00470109 -0.00164749 -0.00419388 -0.000361805 -0.000675473 -0.00413174 0.00502577 -6.35818e-05 0.00063151 0.00102784 -0.010518 -0.0113103 -0.000258027 -0.00390048 0.000273973 0.00179982 0.005054 -0.000344545 0.000237353
internal_weight=29753 1761 843 27992 19340 918 8652 7697 7146 3623 3523 551 955 489 3523 3330 500 193 2830 2303 466 665 621 18718 622 218 3291 462 18284 8657
internal_count=29753 1761 843 27992 19340 918 8652 7697 7146 3623 3523 551 955 489 3523 3330 500 193 2830 2303 466 665 621 18718 622 218 3291 462 18284 8657
is_linear=0
shrinkage=0.03


Tree=111
num_leaves=31
num_cat=0
split_feature=0 15 13 16 12 7 9 2 12 14 4 3 13 7 9 9 4 1 7 3 4 13 2 9 15 9 7 9 3 9
split_gain=34.6372 18.7382 11.5798 7.58496 7.46007 7.32932 6.93499 7.9751 7.62919 6.75344 6.1312 6.11176 6.84465 6.71915 6.01362 14.3336 11.8938 7.96866 5.99918 7.21203 6.24855 6.68107 5.94864 6.19747 6.47147 5.91069 8.64019 6.49206 7.21615 5.88313
threshold=0.85446000408198086 3.1132683346437333 0.075123561178372128 -0.017466807453021791 0.097795012212451141 0.46875475901419067 0.036651516507386295 6.3728216998011895 0.68314819420586403 0.12398862978418117 766.26273458480739 0.42813912084778244 0.10566186614556582 0.38592235652618578 0.0025046752417442089 0.0052366209641751468 1978.7041480496175 0.069204980842911892 0.044996701473583034 0.47450303699721869 1755.0822569560833 0.02354234886814971 4.7140865807353398 0.073029106769849264 3.2769667020129059 0.0052366209641751468 0.16077908898741219 0.10658420804438849 0.12826942676262118 0.11193775389353218
decision_type=10 8 2 10 2 10 8 8 2 2 10 2 2 10 10 10 8 8 8 2 10 2 10 10 10 10 10 10 2 10
left_child=1 3 5 -1 18 -3 7 -6 11 10 -8 12 13 14 16 -16 -9 -17 20 25 21 29 -11 -24 -25 -20 -27 28 -28 -2
right_child=4 2 -4 -5 6 -7 9 8 -10 22 -12 -13 -14 -15 15 17 -18 -19 19 -21 -22 -23 23 24 -26 26 27 -29 -30 -31
leaf_value=-0.0025892296297613548 0.00018632526493053694 -5.6147935262619754e-05 1.1918018862326104e-05 3.2478818331114e-06 0.0021360807136504021 -6.156379177941305e-05 -0.00069205608060571712 -0.00010772108407540711 0.0060460069846469495 0.00016821126758136739 0.0013726639698482487 0.00084742139366127719 0.00048363187797119633 0.00033590275429540935 0.002838979116256384 -0.00047297158317180982 -0.0024236420047936491 0.00033950698939199449 0.00060881509459021486 -0.0014101694572184094 -0.001087956572012147 0.00058245339587388383 0.00035584939882081664 -0.00011342340755912221 -0.0014519581174968783 -0.00012641068213981892 -0.0030189651443306501 0.00057740936163762271 -0.00069109998125539609 -0.00078393572387247242
leaf_weight=156 253 455 94 498 120 82 58 293 75 11541 241 396 655 954 120 3879 227 786 328 201 137 856 237 308 186 5028 529 176 525 188
leaf_count=156 253 455 94 498 120 82 58 293 75 11541 241 396 655 954 120 3879 227 786 328 201 137 856 237 308 186 5028 529 176 525 188
internal_value=-0.000258594 -0.00507387 -0.00875791 -0.00151145 -3.97555e-05 -0.0104554 0.000271953 -0.00044964 -0.000574736 0.000702752 0.00515 -0.000672959 -0.000880694 -0.0011861 -0.0016029 -0.00126933 -0.00466411 -0.00153343 -0.0008009 -0.00117339 0.000961672 0.00160632 0.000593987 -0.00202869 -0.00393939 -0.00100197 -0.00120786 -0.0034606 -0.00435071 -0.0013914
internal_weight=29582 1285 631 654 28297 537 20076 7505 7385 12571 299 7310 6914 6259 5305 4785 520 4665 8221 6787 1434 1297 12272 731 494 6586 6258 1230 1054 441
internal_count=29582 1285 631 654 28297 537 20076 7505 7385 12571 299 7310 6914 6259 5305 4785 520 4665 8221 6787 1434 1297 12272 731 494 6586 6258 1230 1054 441
is_linear=0
shrinkage=0.03


Tree=112
num_leaves=31
num_cat=0
split_feature=0 15 13 8 6 14 17 12 12 17 0 17 12 1 17 8 8 14 8 1 5 14 0 13 7 13 9 10 8 15
split_gain=36.9772 27.3438 19.7281 7.41081 6.98184 6.81346 6.71406 6.67434 6.32728 6.48645 6.35824 8.38933 5.07689 5.92764 5.92975 4.97534 7.77652 7.26367 6.24906 4.97316 4.45232 9.74708 5.65061 4.94965 5.71362 8.60141 8.4304 7.58822 5.31327 5.19933
threshold=0.91535667307815294 3.0201273556387074 0.075801330997529157 1.0143126530758848 0.29918516633031328 0.08914834732744549 0.18316325566997116 -0.080050295301056881 0.43914132904804154 1.6446965522236028 95.446153846153848 -0.75495838105869606 0.076797300686663142 0.39339826839826847 0.62749454383252068 79.4612033584025 22.321054984331955 0.66791993832458585 2.0964143250438378 0.2512626262626263 0.78218091312125704 0.52772576229329082 1.3902754158631547 0.058320520873678248 0.16765166643001092 0.14789153725231555 0.0065764796462273482 1.4976793926517611 1.9823317515558383 3.9607678160667752
decision_type=10 8 2 10 2 2 8 2 2 8 10 10 2 8 10 8 10 2 10 8 10 2 10 2 10 2 8 10 10 10
left_child=1 7 3 -3 6 -5 -2 -1 10 15 11 -6 13 14 -8 16 17 18 -10 -4 23 22 -22 29 26 27 -25 28 -26 -13
right_child=4 2 19 5 8 -7 12 -9 9 -11 -12 20 -14 -15 -16 -17 -18 -19 -20 -21 21 -23 -24 24 25 -27 -28 -29 -30 -31
leaf_value=-0.0013017376644457034 4.0718122967380201e-06 -7.0659337552350697e-05 -0.0023632194906103988 3.2930144079921737e-06 0.002971745598596759 -5.5530974332297242e-05 -0.00056733884540833732 6.0333723264345123e-05 -0.0015522153384116757 0.0019015223213534834 -0.00044211871231664704 9.3066818931910538e-06 -0.00023451854078695384 0.0012668637766305314 -0.0038860910793335241 0.0032995318244943591 -0.0017588183553170511 0.0030299049727141973 0.0012538611770591573 0.00020897230570919158 0.0010605974615638036 -0.00089386222339076253 -0.00029650427453567377 0.0035879783508073423 -0.0021334585484014471 0.0075793567573243532 0.00025400846654667701 0.00022416200280239907 -0.00067952209735149698 -0.00059008597422779475
leaf_weight=495 4934 64 50 42 175 573 730 432 149 686 251 11064 2846 67 207 71 195 127 167 119 148 594 152 97 94 40 3851 484 347 438
leaf_count=495 4934 64 50 42 175 573 730 432 149 686 251 11064 2846 67 207 71 195 127 167 119 148 594 152 97 94 40 3851 484 347 438
internal_value=-0.000287471 -0.0044848 -0.00837456 -0.0106544 -2.04191e-05 -0.011664 -0.000720546 -0.000921336 0.000301082 0.0022457 0.000148004 0.000216185 -0.00165931 -0.00349254 -0.00410981 0.000232394 -0.000610329 0.00158784 -0.000851735 0.000794118 0.000149913 -0.00191061 0.00249169 0.000262244 0.00105922 -0.00100932 0.00156495 -0.00160367 -0.0044457 -7.82405e-05
internal_weight=29689 1775 848 679 27914 615 8784 927 19130 1395 17735 17484 3850 1004 937 709 638 443 316 169 17309 894 300 16415 4913 965 3948 925 441 11502
internal_count=29689 1775 848 679 27914 615 8784 927 19130 1395 17735 17484 3850 1004 937 709 638 443 316 169 17309 894 300 16415 4913 965 3948 925 441 11502
is_linear=0
shrinkage=0.03


Tree=113
num_leaves=31
num_cat=0
split_feature=20 15 20 13 8 3 14 3 14 3 3 11 9 8 7 15 11 14 11 15 15 11 13 13 7 20 5 11 11 20
split_gain=24.2152 31.1168 14.3287 9.16837 8.66456 12.792 7.62383 7.08777 7.52195 13.4207 14.7914 11.3956 9.8468 7.61339 10.4291 7.05528 8.93583 6.98172 7.34874 6.52865 6.23876 6.28193 9.66075 10.4295 6.90159 6.15965 8.67831 6.5095 10.3032 11.2272
threshold=0.00039431462807598927 3.1132683346437333 0.99345944054373814 0.023109964658543234 1.1121659858158039 0.3998082787744146 0.13289012947648118 0.44393429317066602 0.22456020952084546 0.33999711529452331 0.096875863164349013 7.8334020861510814 0.27130284224907136 1.0888462329247071 0.3330838506216337 1.2424533248940004 10.444517401175647 0.1609000197735688 9.4814737665622708 2.6735537653587347 3.0201273556387074 8.8742380644736638 0.11292112788816031 0.018217439369267365 0.39418933043723242 0.39276447499093597 0.84733369512438961 10.09365326249859 9.4678080515874239 0.021721105527638195
decision_type=2 8 2 2 10 2 2 2 2 2 2 2 8 10 10 10 2 2 2 10 10 2 2 2 10 2 10 2 2 2
left_child=1 -1 7 6 5 -4 -3 8 9 10 11 -2 25 -11 -15 -12 -17 -9 -19 -7 21 24 23 -23 -6 26 27 28 29 -10
right_child=2 3 4 -5 20 19 -8 17 12 13 15 -13 -14 14 -16 16 -18 18 -20 -21 -22 22 -24 -25 -26 -27 -28 -29 -30 -31
leaf_value=2.7272353085077258e-05 0.0035973086436303591 4.5828886180793971e-05 0.00024885747721451466 -2.4092359540023753e-05 -0.00239569484070202 -0.00018138537405475231 -5.2797567974772245e-05 -0.00046959198012282703 -0.00042310925483809156 -0.00088687721125450922 -0.00084141243778793453 -0.0014630254540178101 0.00075476697511610204 0.00073497695735654 -0.00091920798590437855 0.0013707270098185724 -0.00030006981991152092 0.00014578988214252803 0.001034346046893606 -0.0012604766091486477 -0.0021250987294936323 -0.0012377330277044338 -0.0026163666521830803 0.00097239281785087089 0.0015023571297148762 -9.6692034642433862e-05 -0.0016857245205070695 0.00092174841125709946 -0.00056866569722890416 0.0015220986875242714
leaf_weight=374 42 41 858 116 510 145 418 150 333 187 72 120 415 190 93 656 107 551 571 194 308 102 128 235 43 19278 98 1248 975 1117
leaf_count=374 42 41 858 116 510 145 418 150 333 187 72 120 415 190 93 656 107 551 571 194 308 102 128 235 43 19278 98 1248 975 1117
internal_value=-0.000261322 -0.00497368 -0.000105476 -0.00934896 -0.00226426 -0.000413189 -0.01125 0.000102465 -9.02455e-06 0.00207425 0.00404309 -0.00423313 -0.000139356 -0.00210191 0.00100352 0.00565191 0.00649869 0.00228594 0.00309884 -0.00533824 -0.00393369 -0.00279686 -0.000225322 0.00244083 -0.00495487 -0.000221909 0.000886797 0.00112275 0.000216406 0.00181943
internal_weight=29675 949 28726 575 2523 1197 459 26203 24931 1467 997 162 23464 470 283 835 763 1272 1122 339 1326 1018 465 337 553 23049 3771 3673 2425 1450
internal_count=29675 949 28726 575 2523 1197 459 26203 24931 1467 997 162 23464 470 283 835 763 1272 1122 339 1326 1018 465 337 553 23049 3771 3673 2425 1450
is_linear=0
shrinkage=0.03


Tree=114
num_leaves=31
num_cat=0
split_feature=0 15 6 17 4 17 17 17 3 2 8 16 20 2 15 14 16 8 8 4 15 14 15 12 0 1 1 4 15 15
split_gain=38.1789 23.6687 8.49358 7.99892 8.16322 7.35233 7.01795 6.80619 14.8529 6.76741 6.36062 6.23474 5.95542 5.86387 6.3561 5.87237 13.3819 8.6275 11.9595 8.86604 7.1309 6.56836 6.48872 6.01206 5.77003 6.09776 5.69592 5.47711 5.43746 8.32474
threshold=0.94288975864318336 3.0201273556387074 0.23126902779613245 0.47761265267888414 807.97103953558974 0.63601388288225247 -0.24675793088424913 2.0950339193447265 0.1716978499600291 3.389610860756695 1.0143126530758848 -0.16927199525517891 0.55513359657075301 4.0149969931503255 4.516324041782946 0.7100657088334168 0.4700752163315477 5.2550473933281774 2.5136582494752608 191.52068815792578 3.8606743063089755 0.77056216127551369 3.3140206880897671 0.20442472795755864 1.6305790537585094 0.020204081632653085 0.069204980842911892 477.68845721941324 2.8617925509761908 3.2769667020129059
decision_type=10 8 2 8 8 10 8 8 2 10 10 10 2 10 10 2 10 8 10 10 10 2 10 2 10 10 8 10 8 8
left_child=1 5 3 -2 -5 6 -1 11 -9 10 -3 -4 -6 15 -15 28 17 18 22 -19 21 23 26 -21 25 -24 -17 -23 -13 -30
right_child=2 9 7 4 12 -7 -8 8 -10 -11 -12 13 -14 14 -16 16 -18 19 -20 20 -22 27 24 -25 -26 -27 -28 -29 29 -31
leaf_value=-0.014742508643266783 -7.318426029574665e-05 -6.2685366862040299e-05 -0.00076250333267725422 -0.0025045442070392022 0.00016580390772066161 -0.0037287303767604106 9.463307767386438e-06 3.770973859784074e-05 0.0028878724312100664 0.00023934210965149638 -5.3283324335385946e-05 -0.00014032723728134335 -0.001121471047600761 -0.00045229952140972201 0.0018607989425393975 7.8692492741492287e-05 0.0018762307769245629 -0.0016985834596172681 0.0018322798100093365 -0.0012901524602022998 0.0018287854621042337 -0.0010603628206074414 -0.0021055407821235594 -0.00010074861703571372 0.0012613098942075573 -0.00025648356222725 0.00092699332455135062 0.00044319061640984341 0.00033247621660700832 -6.3782505709153163e-05
leaf_weight=46 6275 91 603 323 591 210 882 1322 607 50 812 5519 801 1157 41 705 395 74 319 358 54 142 59 416 46 292 569 839 2650 3347
leaf_count=46 6275 91 603 323 591 210 882 1322 607 50 812 5519 801 1157 41 705 395 74 319 358 54 142 59 416 46 292 569 839 2650 3347
internal_value=-0.000359339 -0.00426625 -6.21705e-05 -0.000885997 -0.00270105 -0.00134328 -0.000193757 0.000275173 0.00196632 -0.00775157 -0.00834624 8.95599e-05 -0.00170136 0.000196078 -0.00182652 0.000349699 0.00130007 0.000762777 0.00213963 -0.000692675 -0.000273481 -0.000606492 0.00112141 -0.00267097 -0.00222362 -0.00353693 0.00216471 0.00102342 -2.60485e-06 0.000622708
internal_weight=29595 2091 27504 7990 1715 1138 928 19514 1929 953 903 17585 1392 16982 1198 15784 4268 3873 1990 1883 1809 1755 1671 774 397 351 1274 981 11516 5997
internal_count=29595 2091 27504 7990 1715 1138 928 19514 1929 953 903 17585 1392 16982 1198 15784 4268 3873 1990 1883 1809 1755 1671 774 397 351 1274 981 11516 5997
is_linear=0
shrinkage=0.03


Tree=115
num_leaves=31
num_cat=0
split_feature=20 15 12 15 12 8 6 12 15 6 10 8 14 14 13 17 1 17 14 14 15 11 17 6 15 17 8 20 10 5
split_gain=24.7674 22.9565 15.6879 11.0103 9.00449 9.06035 9.49317 7.0015 6.59001 6.35168 6.25025 6.03672 6.79837 6.52339 5.92405 6.60076 6.05226 10.9121 7.08636 5.79574 6.14802 7.50265 5.38665 5.32279 5.22141 5.22035 5.13757 6.24894 13.0192 6.72406
threshold=0.00083400475854453085 3.1132683346437333 -0.1074612191145503 3.1132683346437333 0.081580110689951205 1.385508436974517 0.52240010682363192 0.24402223992173247 3.9415346756528771 3.4251796252517295 1.9814824684722907 1.2236895635236984 0.55428329166395096 0.42785853595679024 0.035874103367187875 -0.22787855129073734 0.034683239775461068 0.04870858377767822 0.22456020952084546 0.62173220812299201 2.602003343538398 9.3531411668500457 0.73261819416092355 -0.39724433999638148 2.1383330595080281 0.55491619024183125 176.43351177411157 0.39276447499093597 1.5701077243471835 0.86773157538877632
decision_type=2 8 2 10 2 10 2 2 8 2 10 10 2 2 2 10 10 10 2 2 10 2 10 2 8 10 10 2 10 10
left_child=1 -1 3 11 5 10 8 -3 -7 26 14 13 23 -2 16 -16 22 18 -18 20 21 24 -4 -13 -17 -19 27 28 29 -6
right_child=2 7 4 -5 9 6 -8 -9 -10 -11 -12 12 -14 -15 15 19 17 25 -20 -21 -22 -23 -24 -25 -26 -27 -28 -29 -30 -31
leaf_value=2.3836385461379322e-07 -0.0032136681249009193 1.0672712806837625e-05 0.00029379776342785928 -0.0059450596705937853 0.00021435737143063542 -0.0017751809734122442 -6.7721477809234152e-05 -4.9271301214362971e-05 0.0015097693084114413 0.00074163947693232782 -0.0005338174393063089 -0.0097859471352883462 -0.004013810986382798 0.00041587305164562244 -0.0022328863238113205 -0.001424589018213939 -0.0015043173193201459 -0.00034722075591058757 -0.00050103972031567353 0.00048262072126461705 0.00012296696905031369 -0.0014949983112096008 -0.0018969849483880079 0.0013925303585040287 0.0003884310051068029 0.00062436571764287719 -0.0004630885477647749 2.6441327448077645e-06 0.0021330813110763819 -0.0021245197736739548
leaf_weight=455 55 71 563 103 2159 975 704 529 106 1489 314 47 129 240 46 104 123 836 179 987 1162 155 67 60 130 157 991 15953 800 58
leaf_count=455 55 71 563 103 2159 975 704 529 106 1489 314 47 129 240 46 104 123 836 179 987 1162 155 67 60 130 157 991 15953 800 58
internal_value=-0.000274808 -0.00478693 -0.000108737 -0.00477165 -3.20753e-06 -0.000971403 -0.00279675 -0.00863561 -0.004561 0.000295091 -0.000295398 -0.00301692 -0.00658228 -0.000152027 -9.97783e-06 0.000928433 -0.00126947 -0.00244213 -0.00742574 0.0011343 -9.66495e-06 -0.00326923 0.00114105 -0.000972222 0.00012766 -0.000920523 0.000154043 0.000264087 0.0015159 0.00033138
internal_weight=29747 1055 28692 634 28058 6608 1785 600 1081 21450 4823 531 236 295 4509 2584 1925 1295 302 2538 1551 389 630 107 234 993 19961 18970 3017 2217
internal_count=29747 1055 28692 634 28058 6608 1785 600 1081 21450 4823 531 236 295 4509 2584 1925 1295 302 2538 1551 389 630 107 234 993 19961 18970 3017 2217
is_linear=0
shrinkage=0.03


Tree=116
num_leaves=31
num_cat=0
split_feature=20 15 20 15 13 20 3 17 9 4 7 14 9 9 4 8 14 3 14 4 3 17 20 14 14 3 17 8 9 13
split_gain=20.6959 27.1828 16.6466 10.1923 10.0466 8.02642 7.16862 9.69299 13.0229 10.2789 9.68794 11.2754 8.09699 7.7568 7.19546 7.08566 7.80975 6.53031 7.24108 6.21988 9.07182 6.40119 6.78083 6.23455 6.2195 6.12623 5.99902 6.2388 5.87371 5.96611
threshold=0.00083400475854453085 2.9700856263602158 1.0615944276095941 2.9174053685313028 0.14955607344210917 0.77273098195048928 0.10761759816068137 1.2105211510366691 1.0000000180025095e-35 1276.118704262183 0.32258338149304006 0.21652248246230288 0.08177907867071392 0.031014970637555633 260.8044048388129 1.1217200748231078 0.75860517995716914 1.0000000180025095e-35 0.23961858283757959 1697.159141089792 0.34467908641464734 -0.26760967300551847 0.87768574520177156 0.67196126636871834 0.7951196049527488 0.14517936608201018 0.16338187025800463 1.3728557252710794 0.0077047515488007966 0.0077828409066415605
decision_type=2 8 2 10 2 2 2 8 8 8 10 2 8 10 8 8 2 2 2 10 2 10 2 2 2 2 8 10 10 2
left_child=1 -1 5 -4 -3 6 17 8 9 -8 11 -10 28 -12 -13 16 19 -2 -19 20 21 -7 -23 -24 25 -15 -20 -28 -9 -30
right_child=2 4 3 -5 -6 15 7 12 10 -11 13 14 -14 24 -16 -17 -18 18 26 -21 -22 22 23 -25 -26 -27 27 -29 29 -31
leaf_value=1.6276554577350854e-05 0.0015455715405187336 -4.7793162177932082e-05 -0.00047613500033718333 -0.0021518934633974782 0.0017133045598025046 -0.0016267032845472807 0.001055046904887842 0.0024105638164559962 0.0015963051147977172 -0.0021462175776910029 0.00066445147324606076 -0.001410234214999559 0.0030367703645446192 0.0011014998085745176 0.00027530434276939032 -0.00017970921193500216 0.0017683708527412431 -0.0012365257289004225 0.00032163841702057287 -0.00047410586662127789 -0.00014103063049726507 0.0011154809909898293 0.0001808757719315042 0.0020868861926405502 0.0055349407924297793 -0.0011548703209698268 -0.00070420786623666865 -0.00017575227384721364 -0.00019667154347212555 0.0019030501165106445
leaf_weight=441 229 587 875 363 46 40 103 342 269 285 299 158 363 60 6403 8735 118 132 1619 348 1072 235 789 99 43 751 249 3673 697 244
leaf_count=441 229 587 875 363 46 40 103 342 269 285 299 158 363 60 6403 8735 118 132 1619 348 1072 235 789 99 43 751 249 3673 697 244
internal_value=-0.000239147 -0.00432558 -8.55074e-05 -0.00348668 -0.00830442 6.85407e-05 0.000504083 0.000992713 0.000578715 -0.00478149 0.000839805 0.00126921 0.00309654 -0.00170277 0.00102179 -0.000537728 0.000804959 -0.000325258 -0.000526084 0.000458591 0.0010398 0.00287371 0.00329626 0.00209224 -0.00315789 -0.00375 -0.000359978 -0.000994137 0.0019743 0.000748408
internal_weight=29667 1074 28593 1238 633 27355 15919 10017 8371 388 7983 6830 1646 1153 6561 11436 2701 5902 5673 2583 2235 1163 1123 888 854 811 5541 3922 1283 941
internal_count=29667 1074 28593 1238 633 27355 15919 10017 8371 388 7983 6830 1646 1153 6561 11436 2701 5902 5673 2583 2235 1163 1123 888 854 811 5541 3922 1283 941
is_linear=0
shrinkage=0.03


Tree=117
num_leaves=31
num_cat=0
split_feature=0 1 13 12 12 14 7 7 9 3 3 9 1 17 12 16 14 9 14 14 1 11 17 9 11 11 11 14 11 3
split_gain=36.1916 20.7353 9.88542 8.13306 7.30619 7.1469 6.63774 6.32275 7.75894 6.28459 5.84319 4.75526 6.07272 6.89076 5.42257 5.21399 5.1282 5.05556 6.83085 6.54613 6.45943 6.38202 6.07182 6.00998 4.72638 6.72208 4.71604 4.69396 4.42509 4.35114
threshold=0.85446000408198086 0.17669683257918559 0.023109964658543234 0.08036186035887917 -0.090751290006323412 0.08914834732744549 0.41780968291838022 0.18522395396903937 0.087346109251775994 0.25223206535954606 0.21973501724554778 0.025039560140516989 0.04027027027027031 0.28761965243776438 -0.060302028221500319 0.071235849966131443 0.6233514497666085 0.15351395985152219 0.077091428884664429 0.27735230725343796 0.47641299510458396 10.379209176752907 -0.14911992244379688 0.12133764951810268 9.2711531936631015 8.9786604816926623 10.08597576124164 0.76702188680124284 7.9396934185121451 1.0000000180025095e-35
decision_type=10 8 2 2 2 2 10 8 8 2 2 10 10 10 2 10 2 8 2 2 8 2 10 10 2 2 2 2 2 2
left_child=1 4 5 6 26 -3 7 11 9 -9 -10 12 13 -2 24 -15 -14 19 -19 21 22 23 -20 -16 25 -13 27 -1 -4 -5
right_child=3 2 28 29 -6 -7 -8 8 10 -11 -12 14 16 15 17 -17 -18 18 20 -21 -22 -23 -24 -25 -26 -27 -28 -29 -30 -31
leaf_value=-0.0026453235523620556 0.000756532012951759 -3.6304871182882544e-05 1.0524513543211715e-05 0.0012323978732606147 7.2554915901465629e-05 -4.6703207303698652e-05 0.00092311437984253855 -0.0026984141901094621 0.0021967012095569457 2.0797500941926101e-05 -0.00049572598170836545 -0.0010988316410276639 -0.0013051414411738784 0.0025464140147363366 0.0006816157176462534 -0.00067023563695191649 0.00019821591705661333 -0.0015154583694264149 -0.0016376845666588411 -0.00041467407783060472 -0.00076423928424774578 -0.00091613961796346019 0.00026125432319855244 -0.00021321413835762777 -0.0014019783139454808 0.00051417555411894817 -0.0067358075171163323 0.0045132133209065707 -0.0022170853469980676 3.2081173801330465e-05
leaf_weight=195 393 49 115 270 313 431 49 535 73 179 86 145 76 46 289 193 50 88 46 2382 90 111 1315 225 186 90 54 46 70 21637
leaf_count=195 393 49 115 270 313 431 49 535 73 179 86 145 76 46 289 193 50 88 46 2382 90 111 1315 225 186 90 54 46 70 21637
internal_value=-0.000292175 -0.0052394 -0.0088964 -7.14411e-05 -0.00123153 -0.0111642 -0.000990523 -0.00107289 -0.00344966 -0.00478322 0.00253125 -0.00070992 0.00150198 0.00270142 -0.00104771 -0.0013125 -0.00448819 -0.000745547 0.000652597 -0.0014611 0.00114669 0.00126997 0.001663 0.00267961 -0.00430095 -0.00146186 -0.00461149 -0.00278926 -0.00298387 0.000207458
internal_weight=29827 1273 665 28554 608 480 6647 6598 873 714 159 5725 758 632 4967 239 126 4546 1539 3007 1451 625 1361 514 421 235 295 241 185 21907
internal_count=29827 1273 665 28554 608 480 6647 6598 873 714 159 5725 758 632 4967 239 126 4546 1539 3007 1451 625 1361 514 421 235 295 241 185 21907
is_linear=0
shrinkage=0.03


Tree=118
num_leaves=31
num_cat=0
split_feature=0 13 1 3 14 16 3 8 11 0 9 9 8 13 7 12 1 14 1 11 9 1 11 16 11 9 14 3 14 14
split_gain=32.259 22.5874 21.919 7.51269 6.47751 6.04084 5.85978 6.12813 12.9563 10.3319 13.755 10.2984 12.7904 8.63955 7.68642 6.86677 6.7359 6.00076 12.2627 9.17914 7.46251 7.33283 9.06575 9.23382 8.62143 6.86629 6.56589 6.25744 5.69425 5.60825
threshold=0.94288975864318336 0.021500753520280334 1.0000000180025095e-35 0.45538144103667294 0.08914834732744549 0.22653650473347378 0.0031130026514355016 19.151368462309481 7.7834323062786455 1.6884809065008273 0.058612026423892551 0.0081648053701931528 153.17016939429368 0.084059747728293263 0.072123628569388545 0.031339705401052249 0.48912529550827433 0.48095269479306918 0.070802005012531324 10.763229093135925 0.048318937975179867 0.014815627743634764 10.187443941652988 0.25454816440108191 8.9600183062192524 0.0025046752417442089 0.80560245081487958 0.2575318701836059 0.27000968589230273 0.60800057562239174
decision_type=10 2 8 2 2 10 2 10 2 10 8 10 10 2 10 2 10 2 10 2 10 10 2 8 2 10 2 2 2 2
left_child=1 2 5 -3 -4 -1 -2 9 -9 -8 13 12 -10 17 -12 -13 -17 18 20 21 -11 22 23 25 -25 -19 -27 -20 -16 -26
right_child=6 3 4 -5 -6 -7 7 8 11 10 14 15 -14 -15 28 16 -18 19 27 -21 -22 -23 -24 24 29 26 -28 -29 -30 -31
leaf_value=-0.00037658727340003401 0.00068169400475405148 -2.4337311753891153e-06 4.1197575039736919e-06 -0.0036862146804476754 -4.7339770170617882e-05 9.9971279233656727e-05 -3.5786578707892865e-05 -0.0026103478600881204 0.0030636586334420457 -0.00088401067010209107 -0.0028266931491919205 -0.0017933885197175298 -0.00078548868962329953 0.0014221569445694196 0.0035097824821081402 -0.00014146334368016447 -0.00093272651065106206 -0.0019727149729915428 0.0036365948608164836 0.0016838879157922871 0.0015090182309048601 -0.0010445008492044466 0.0013743189282797682 0.003930448453345876 -0.0016115658742772536 -0.00012962244169817324 -0.0036903120379883068 -0.00070276601920019825 0.0011929595898304295 0.00089817322155226801
leaf_weight=227 525 988 48 61 573 210 16327 406 238 737 63 157 218 333 126 4665 59 75 93 232 101 377 226 196 109 448 43 42 1623 168
leaf_count=227 525 988 48 61 573 210 16327 406 238 737 63 157 218 333 126 4665 59 75 93 232 101 377 226 196 109 448 43 42 1623 168
internal_value=-0.000301061 -0.00387808 -0.00696884 -0.000757143 -0.0105868 -0.00181507 -2.77294e-05 -8.8682e-05 -0.000958391 0.000145638 0.00133988 -0.000564818 0.00374179 0.000150896 0.00342526 -0.000967841 -0.000761905 -0.00038448 -0.00229466 0.000608 -0.0036472 -0.000182593 0.000912322 -0.000274038 0.00281646 -0.00285714 -0.00155488 0.00606618 0.00379714 -0.000593525
internal_weight=29694 2107 1058 1049 621 437 27587 27062 5743 21319 4992 5337 456 3180 1812 4881 4724 2847 973 1874 838 1642 1265 1039 473 566 491 135 1749 277
internal_count=29694 2107 1058 1049 621 437 27587 27062 5743 21319 4992 5337 456 3180 1812 4881 4724 2847 973 1874 838 1642 1265 1039 473 566 491 135 1749 277
is_linear=0
shrinkage=0.03


Tree=119
num_leaves=31
num_cat=0
split_feature=0 15 13 7 12 8 14 11 12 13 15 5 9 2 15 13 0 7 1 17 0 9 17 17 9 11 15 0 17 7
split_gain=35.6608 21.178 9.31918 9.36011 7.13825 7.15663 10.272 9.4541 8.51651 7.14763 9.30072 7.68431 7.56622 7.20698 16.2483 13.4737 7.1775 7.11706 6.91638 8.75967 6.88642 6.80223 7.40103 6.19898 6.06232 13.0662 10.6649 10.1603 7.86427 6.61564
threshold=0.85446000408198086 2.9174053685313028 0.066959744067705787 0.48477937778478863 0.48540393255158515 6.1273128432923505 0.76534207800940712 7.7834323062786455 0.082768146757525876 0.059397822622468475 3.9981586158983733 0.51404893449092348 0.0065764796462273482 4.0823256909868091 4.5053345884235583 0.15644740024693757 1.1500051057210736 0.049126966589761963 0.3430703624733476 0.034720213861973513 0.77248472015492953 0.085910209754322661 1.6446965522236028 0.54000032475817306 0.014662104218780501 8.6476949840748336 2.4414009612931857 0.98898361746287 0.93640087168855313 0.34355712775317698
decision_type=10 8 2 10 2 10 2 2 2 2 10 8 10 10 8 2 10 8 10 10 8 8 10 8 8 2 10 10 10 10
left_child=1 20 3 -3 5 6 9 23 -9 10 11 -2 -11 -14 15 -15 -12 -8 24 -20 -1 22 -6 -7 25 26 -13 -26 29 -29
right_child=4 2 -4 -5 21 7 17 8 -10 12 16 18 13 14 -16 -17 -18 -19 19 -21 -22 -23 -24 -25 27 -27 -28 28 -30 -31
leaf_value=-0.0065232578068968499 -0.0023004549736456198 -4.3881917979469155e-05 -2.2631199485453005e-05 -4.7964597007179461e-05 -0.00018333468072627006 -0.0029716845226847094 0.0028769148259864528 -0.00090165789222664753 -6.6227483432265696e-05 0.0017607699734795076 -0.0014029355641482083 5.2293340843083259e-05 0.00019306554132677789 -9.1861843964780311e-05 0.0024391449066429403 -0.0029330225693087052 -0.00039239201940834606 0.00049239943836840161 -0.0036189591260571991 -0.000142321123791015 2.3776373800291143e-05 0.003934994532995114 0.0026084730152485824 -0.00024574996326217366 -0.00051277646520528949 -0.00092450336642337257 0.0022842646704918602 8.1529822773056051e-05 0.00075926404042806546 -0.00072098185059829936
leaf_weight=170 129 493 115 80 524 244 65 863 6525 262 109 475 4843 443 59 213 469 1708 102 256 440 136 245 190 669 1102 79 7492 798 339
leaf_count=170 129 493 115 80 524 244 65 863 6525 262 109 475 4843 443 59 213 469 1708 102 256 440 136 245 190 669 1102 79 7492 798 339
internal_value=-0.000243437 -0.00510393 -0.00870827 -0.01027 -2.06422e-05 -0.000107162 0.000198848 -0.000874345 -0.000621194 -1.7657e-05 -0.000435524 -0.000247771 0.000845216 0.000609822 -0.00219972 -0.00356164 -0.00414508 0.00237599 -0.000164413 -0.00426184 -0.0010311 0.00259934 0.0015 -0.00517241 -3.01232e-05 -0.00170187 0.00205405 0.000267771 0.000544032 0.000254724
internal_weight=29637 1298 688 573 28339 27434 19612 7822 7388 17839 12019 11441 5820 5558 715 656 578 1773 11312 358 610 905 769 434 10954 1656 554 9298 8629 7831
internal_count=29637 1298 688 573 28339 27434 19612 7822 7388 17839 12019 11441 5820 5558 715 656 578 1773 11312 358 610 905 769 434 10954 1656 554 9298 8629 7831
is_linear=0
shrinkage=0.03


end of trees

feature_importances:
idvr_12=392
growth_12_past=320
state_loo_vacancy_rate=313
state_loo_idvr_12=286
log_working_judges=286
share_criminal=280
share_age_gt5y=262
state_loo_growth_12_past=211
anchor_cr_12=182
age_bowley_skew=168
workload_per_judge=160
disposal_momentum=145
log_pending=131
inflow_trend_growth=110
state_loo_filing_shock_z=86
filing_shock_z=80
vacancy_rate=70
pretrial_share=59
log_hearing_gap=58
month_of_year=1

parameters:
[boosting: gbdt]
[objective: quantile]
[metric: quantile]
[tree_learner: serial]
[device_type: cpu]
[data_sample_strategy: bagging]
[data: ]
[valid: ]
[num_iterations: 120]
[learning_rate: 0.03]
[num_leaves: 31]
[num_threads: 0]
[seed: 20260928]
[deterministic: 1]
[force_col_wise: 0]
[force_row_wise: 1]
[histogram_pool_size: -1]
[max_depth: -1]
[min_data_in_leaf: 40]
[min_sum_hessian_in_leaf: 0.001]
[bagging_fraction: 0.8]
[pos_bagging_fraction: 1]
[neg_bagging_fraction: 1]
[bagging_freq: 1]
[bagging_seed: 8287]
[bagging_by_query: 0]
[feature_fraction: 0.8]
[feature_fraction_bynode: 1]
[feature_fraction_seed: 24490]
[extra_trees: 0]
[extra_seed: 6370]
[early_stopping_round: 0]
[early_stopping_min_delta: 0]
[first_metric_only: 0]
[max_delta_step: 0]
[lambda_l1: 0]
[lambda_l2: 1]
[linear_lambda: 0]
[min_gain_to_split: 0]
[drop_rate: 0.1]
[max_drop: 50]
[skip_drop: 0.5]
[xgboost_dart_mode: 0]
[uniform_drop: 0]
[drop_seed: 1862]
[top_rate: 0.2]
[other_rate: 0.1]
[min_data_per_group: 100]
[max_cat_threshold: 32]
[cat_l2: 10]
[cat_smooth: 10]
[max_cat_to_onehot: 4]
[top_k: 20]
[monotone_constraints: ]
[monotone_constraints_method: basic]
[monotone_penalty: 0]
[feature_contri: ]
[forcedsplits_filename: ]
[refit_decay_rate: 0.9]
[cegb_tradeoff: 1]
[cegb_penalty_split: 0]
[cegb_penalty_feature_lazy: ]
[cegb_penalty_feature_coupled: ]
[path_smooth: 0]
[interaction_constraints: ]
[verbosity: -1]
[saved_feature_importance_type: 0]
[use_quantized_grad: 0]
[num_grad_quant_bins: 4]
[quant_train_renew_leaf: 0]
[stochastic_rounding: 1]
[linear_tree: 0]
[max_bin: 255]
[max_bin_by_feature: ]
[min_data_in_bin: 3]
[bin_construct_sample_cnt: 200000]
[data_random_seed: 5112]
[is_enable_sparse: 1]
[enable_bundle: 1]
[use_missing: 1]
[zero_as_missing: 0]
[feature_pre_filter: 1]
[pre_partition: 0]
[two_round: 0]
[header: 0]
[label_column: ]
[weight_column: ]
[group_column: ]
[ignore_column: ]
[categorical_feature: ]
[forcedbins_filename: ]
[precise_float_parser: 0]
[parser_config_file: ]
[objective_seed: 23271]
[num_class: 1]
[is_unbalance: 0]
[scale_pos_weight: 1]
[sigmoid: 1]
[boost_from_average: 1]
[reg_sqrt: 0]
[alpha: 0.5]
[fair_c: 1]
[poisson_max_delta_step: 0.7]
[tweedie_variance_power: 1.5]
[lambdarank_truncation_level: 30]
[lambdarank_norm: 1]
[label_gain: ]
[lambdarank_position_bias_regularization: 0]
[eval_at: ]
[multi_error_top_k: 1]
[auc_mu_weights: ]
[num_machines: 1]
[local_listen_port: 12400]
[time_out: 120]
[machine_list_filename: ]
[machines: ]
[gpu_platform_id: -1]
[gpu_device_id: -1]
[gpu_device_id_list: ]
[gpu_use_dp: 0]
[num_gpu: 1]

end of parameters

pandas_categorical:[]
