tree
version=v4
num_class=1
num_tree_per_iteration=1
label_index=0
max_feature_idx=20
objective=quantile
feature_names=idvr_12 vacancy_rate log_hearing_gap age_bowley_skew workload_per_judge pretrial_share filing_shock_z state_loo_growth_12_past state_loo_idvr_12 state_loo_vacancy_rate state_loo_filing_shock_z log_pending growth_12_past share_age_gt5y share_criminal log_working_judges inflow_trend_growth disposal_momentum is_njdg month_of_year anchor_cr_12
feature_infos=[0.15730337078651685:13522] [0:1] [1.9256497749926613:6.5930445341424386] [-0.51315129689565564:0.74580319231902148] [1.9766814246737425:92622.992433750434] [0:1] [-7.2528325041459354:119.40379487179489] [-0.6446209132661983:1.4921984776678323] [0:2067.1535853072119] [0:0.57692307692307687] [-3.0491301446051171:28.233355967823023] [1.3862943611198906:12.725056896997531] [-1.2292324710851736:1.7436548555513349] [0:0.63727959697732994] [0:1] [0:5.4510384535657002] [-2.8332133440562162:2.6761749925717613] [-3.253277251585533:8.3202045975788792] none [1:12] [0:6.3571428571428568]
tree_sizes=2769 2917 2886 2882 2907 2911 2919 2912 2902 2918 2915 2895 2927 2915 2901 2902 2904 2888 2932 2920 2916 2916 2901 2906 2923 2912 2896 2929 2905 2920 2915 2924 2931 2915 2918 2914 2931 2911 2937 2958 2948 2926 2958 2950 2924 2953 2957 2959 2954 2957 2930 2945 2941 2928 2958 2957 2935 2934 2954 2920 2929 2969 2952 2977 2946 2924 2960 2968 2955 2977 2927 2983 2945 2973 2934 2951 2964 2941 2948 2980 2946 2946 2953 2965 2962 2978 2935 2990 2932 2940 2955 2977 2994 2941 2923 2973 2950 2969 2959 2942 2964 2925 2980 2925 2951 2969 2968 2965 2971 2946 2962 2948 2951 2943 2947 2958 2935 2972 2959 2968 2953 2941 2963 2941 2977 2954 2949 2924 2964 2964 2950 2942 2931 2997 2930 2936 2953 2961 2952 2956 2981 2943 2974 2963 2988 2937 2973 2945 2951 2974 2923 2940 2941 2964 2960 2961 2945 2943 2973 2956 2976 2924 2951

Tree=0
num_leaves=31
num_cat=0
split_feature=0 20 12 9 17 7 9 3 6 0 9 6 9 12 6 13 4 17 3 0 16 7 6 4 3 16 9 14 14 14
split_gain=319.772 37.6175 36.7785 34.9826 33.3539 20.4557 14.115 14.0551 11.8752 11.343 13.5207 11.8564 11.1211 10.202 9.97607 9.87476 9.198 7.8857 7.6448 7.17706 6.88559 6.58585 6.31423 6.29537 6.19718 5.95265 5.83318 5.60118 5.03347 4.54998
threshold=1.9580465084774761 0.69048055279275522 0.34066920781842175 0.085910209754322661 2.5113171736250868 0.20543416310018139 0.0092517436267436307 0.28444518744855013 3.1847635729821149 2.7187247769475751 0.13493982625662096 2.8622142997216229 0.088088995168595641 0.57810891105361206 1.3486892708607052 0.11686423448558195 3409.5493506680846 0.29963439265987152 0.095887763953235436 1.5608910163763616 0.094145851807637279 0.24059971620000803 3.7679581909318753 437.79539773611265 0.1693399213984392 0.50213493396333264 0.031014970637555633 0.23728394227077454 0.082102018850611205 0.25450203479105588
decision_type=10 2 2 8 10 10 10 2 2 10 10 2 8 2 2 2 8 8 2 8 10 10 2 8 2 10 10 2 2 2
left_child=1 7 9 4 5 14 -6 23 12 18 11 15 25 -7 -4 21 -15 -5 -2 -14 -21 27 -20 -1 26 -9 -8 -11 -23 -19
right_child=2 -3 3 17 6 13 24 8 -10 10 -12 -13 19 16 -16 -17 -18 29 22 20 -22 28 -24 -25 -26 -27 -28 -29 -30 -31
leaf_value=0.32910246096671186 0.32534554150547512 0.32071266795928322 0.33291590069284593 0.33242729288330009 0.33533881074624078 0.32867915769332556 0.32822434157408514 0.32415270877179447 0.33220058668668911 0.32993083100030046 0.32438169902231712 0.33369629261803829 0.32626446850865037 0.33701060657857906 0.34018943325585144 0.33965810943896374 0.32762282411527666 0.33743423573540127 0.3288457763669087 0.32827765116370572 0.33156495328020452 0.34975623453863591 0.33060522172862078 0.32450092691621452 0.33753506364982472 0.33238065640780418 0.33043576445038414 0.33233201000784229 0.32624186912262831 0.33679316768152517
leaf_weight=227 924 16550 67 70 183 1670 211 614 169 361 271 100 84 109 128 89 55 87 831 40 99 65 59 5349 163 128 145 200 381 172
leaf_count=227 924 16550 67 70 183 1670 211 614 169 361 271 100 84 109 128 89 55 87 831 40 99 65 59 5349 163 128 145 200 381 172
internal_value=0.325106 0.323478 0.331077 0.333443 0.332325 0.33037 0.337959 0.325372 0.328415 0.328869 0.33083 0.3322 0.327125 0.329383 0.339586 0.331286 0.336504 0.342677 0.327281 0.332984 0.337144 0.330429 0.329264 0.324753 0.335397 0.325356 0.333139 0.33259 0.327699 0.345095
internal_weight=29601 23260 6341 3060 2731 2029 702 6710 1134 3281 1467 1196 965 1834 195 1096 164 329 1814 223 139 1007 890 5576 519 742 356 561 446 259
internal_count=29601 23260 6341 3060 2731 2029 702 6710 1134 3281 1467 1196 965 1834 195 1096 164 329 1814 223 139 1007 890 5576 519 742 356 561 446 259
is_linear=0
shrinkage=1


Tree=1
num_leaves=31
num_cat=0
split_feature=0 0 17 3 8 0 3 0 3 12 0 12 12 15 11 16 10 10 8 13 15 8 0 3 13 8 15 11 7 10
split_gain=296.516 38.8312 38.2898 38.9385 16.1982 17.0104 14.8035 14.43 13.868 10.6194 10.411 8.17832 7.56803 7.29306 7.34304 8.71478 7.14736 6.60157 6.53637 6.32516 6.20296 8.28075 7.8355 6.19528 6.16853 5.62446 5.1445 5.00135 5.10636 4.46393
threshold=1.9779231940710171 1.4719571470147133 2.5113171736250868 0.1397703259187224 39.367390213594916 2.7815150865581928 0.095887763953235436 199.92105263157899 0.41812770794745086 0.35262464095983953 46.498798076923087 0.57810891105361206 0.39299949281436058 3.1567740231385479 9.4387898212890189 0.51086519481583148 1.7671528318802676 0.94534641719573431 7.7696882440483011 0.084059747728293263 0.89587973461402759 7.0740635626400339 4.554998022013824 0.44777324829393889 0.022400462937860053 2.0598598907182031 3.1132683346437333 9.4242817117107354 0.23951735800822446 2.2728075337953229
decision_type=10 8 8 2 10 10 2 10 2 2 10 2 2 8 2 10 10 10 10 2 10 10 10 2 2 10 10 2 10 8
left_child=1 -1 4 7 5 6 -2 9 13 18 20 24 -10 14 15 25 19 -11 -4 26 -5 -22 -23 -8 27 -3 -7 -6 -29 -15
right_child=2 8 3 10 11 16 23 -9 12 17 -12 -13 -14 29 -16 -17 -18 -19 -20 -21 21 22 -24 -25 -26 -27 -28 28 -30 -31
leaf_value=-0.0040987944852865178 -0.00016928192476609372 0.003807180454365902 0.018497902869179402 0.012426401846901698 0.0052513523302578115 0.0050045139598135814 0.0043363545388277764 -0.00074198393425879596 0.0033049616637012579 0.0044899540862518225 0.0057157125726682622 0.010499136925798458 0.012958018973370794 -0.0015939604934167631 -9.9313648397616078e-05 0.0072406935581063566 0.0089545193482553631 0.0059700336698622321 0.0035960366667140168 0.013180718497271936 0.01351388218312949 0.006446893755849563 0.012027892468242955 0.022364924767107219 -0.0026347003796220385 0.00067391907735732403 0.0077478981469755043 0.0054884117196338233 -0.00011028431889821944 0.003488007339457957
leaf_weight=16953 586 383 71 108 295 848 1091 203 206 96 83 65 126 2259 2298 155 291 346 310 101 182 114 104 64 366 860 198 116 571 149
leaf_count=16953 586 383 71 108 295 848 1091 203 206 96 83 65 126 2259 2298 155 291 346 310 101 182 114 104 64 366 860 198 116 571 149
internal_value=-2.0069e-05 -0.00156721 0.00580725 0.00977688 0.00440758 0.00559528 0.00359759 0.00623369 0.000416653 0.00799879 0.0159071 0.00173338 0.00637838 9.13998e-05 0.00092832 0.00264189 0.00800973 0.0111603 0.00431152 0.00693293 0.0175167 0.0157107 0.0116712 0.00556661 0.00122758 0.00180145 0.00622923 0.00246592 0.00105959 -0.00119303
internal_weight=29598 23389 6209 1617 4592 3179 1741 1026 6436 823 591 1413 332 6104 3696 1398 1438 442 381 1147 508 400 218 1155 1348 1243 1046 982 687 2408
internal_count=29598 23389 6209 1617 4592 3179 1741 1026 6436 823 591 1413 332 6104 3696 1398 1438 442 381 1147 508 400 218 1155 1348 1243 1046 982 687 2408
is_linear=0
shrinkage=0.03


Tree=2
num_leaves=31
num_cat=0
split_feature=0 6 0 17 16 14 14 11 6 0 9 17 7 16 4 0 10 9 7 16 4 11 15 0 15 16 11 15 9 16
split_gain=284.115 38.1476 35.7615 26.2518 23.9654 18.8754 11.3069 8.3384 8.03833 8.00487 8.422 7.65478 9.05233 7.44214 6.52924 6.43014 7.88932 8.1542 5.77218 5.75831 5.6988 6.34327 6.39722 5.59212 5.52775 5.91736 5.81979 5.01564 4.95154 4.91738
threshold=1.9779231940710171 2.7140187635968096 1.4482782527205618 2.0950339193447265 0.31545539486290658 0.74915735220338797 0.53973719065453551 9.4526981414443565 0.75915444054992742 500.25000000000006 0.0077047515488007966 0.91741527588116323 0.20782918787439195 0.46221934855668412 2123.5580691434216 2.7187247769475751 1.5793912742604477 0.086504082084598213 0.12444136158744797 0.25454816440108191 2182.6695947818021 10.293889779388831 3.5972184255501678 3.1607787203759732 2.3502401828962087 0.23891857139394032 9.2111400471547391 2.249904835165133 0.071432053784994967 0.40560317244702321
decision_type=10 2 10 8 10 2 2 2 2 10 10 10 10 10 10 10 10 10 8 8 8 2 10 10 8 10 2 10 10 10
left_child=2 3 -1 15 9 7 11 18 -6 10 23 12 14 -10 -3 24 20 -18 -4 -12 21 -17 -23 -5 25 -2 -27 -7 -8 -13
right_child=1 6 5 4 8 27 28 -9 13 -11 19 29 -14 -15 -16 16 17 -19 -20 -21 -22 22 -24 -25 -26 26 -28 -29 -30 -31
leaf_value=-0.0040871488138487398 0.003872310248580044 0.013467233800108362 0.0055836826887663161 0.0035710420585053594 0.0078318789968829169 0.0092306286038430496 0.0054779892309390612 -0.00047707488618947648 0.0099443640235727781 -0.0026342331277014711 0.0019643040043917748 0.006115642457321541 0.0052301154553156832 0.013642488891145051 0.0020317831159857428 0.0046907470066177535 0.0052995725208366054 0.012943558553266855 0.0016591194470023695 0.0048598029887052061 0.001450004377391416 0.0082114811908156338 0.0027083412481827712 0.016158935027267875 0.0010762308325631381 0.0099335065957593064 0.0035586865743786715 0.0062732681054463203 0.010167820069418467 0.012616176981145139
leaf_weight=17418 321 129 113 50 136 40 59 4399 206 115 404 313 350 150 63 561 374 68 1413 268 753 100 52 106 1370 69 99 46 77 50
leaf_count=17418 321 129 113 50 136 40 59 4399 206 115 404 313 350 150 63 561 374 68 1413 268 753 100 52 106 1370 69 99 46 77 50
internal_value=-7.60294e-05 0.00561035 -0.00159142 0.00455968 0.00801184 0.000403692 0.0108512 0.000199966 0.0133753 0.00520233 0.0062316 0.0096192 0.00733702 0.0157479 0.0125596 0.00324283 0.00446621 0.00797743 0.00211002 0.00476077 0.00340286 0.00532353 0.0107451 0.0124968 0.00198548 0.00472041 0.00926627 0.0142759 0.0189197 0.0129973
internal_weight=29672 6243 23429 5202 1435 6011 1041 5925 492 943 828 905 542 356 192 3767 1908 442 1526 672 1466 713 152 156 1859 489 168 86 136 363
internal_count=29672 6243 23429 5202 1435 6011 1041 5925 492 943 828 905 542 356 192 3767 1908 442 1526 672 1466 713 152 156 1859 489 168 86 136 363
is_linear=0
shrinkage=0.03


Tree=3
num_leaves=31
num_cat=0
split_feature=0 12 20 17 6 13 0 8 15 3 12 14 11 13 14 7 17 3 11 4 3 4 17 12 15 3 15 16 14 16
split_gain=265.671 39.3317 33.0907 23.7675 17.9228 17.6467 12.1128 13.6756 12.436 11.598 10.5922 8.79459 8.75078 8.55227 7.55741 7.17421 6.47532 6.2983 6.18168 5.81294 5.78767 5.4075 5.31344 5.29985 5.34298 4.86274 4.84301 4.72528 4.46561 4.4085
threshold=1.9580465084774761 0.43914132904804154 0.69048055279275522 2.0950339193447265 2.7140187635968096 0.0066064971524219399 2.5461914976865621 7.7696882440483011 3.1567740231385479 0.28444518744855013 0.39299949281436058 0.38041736031061685 4.923617305492666 0.074461342176922685 0.52068908284768389 0.20543416310018139 0.53264596302075062 0.1693399213984392 10.557815938824714 1242.7289581854357 0.096875863164349013 378.95524677821629 2.6844859018881082 0.61181374187275106 1.7005986908310777 0.42813912084778244 3.3140206880897671 0.26163023483901415 0.23577008017354692 0.26642946186175614
decision_type=10 2 2 10 2 2 10 10 10 2 2 2 2 2 2 10 8 2 2 8 2 8 8 2 10 2 8 10 2 8
left_child=2 4 9 5 6 23 20 13 27 21 15 -10 -12 22 16 18 -7 -5 -11 -15 -2 -1 26 -3 -25 -14 29 -9 -19 -8
right_child=1 3 -4 17 -6 14 7 8 11 10 12 -13 25 19 -16 -17 -18 28 -20 -21 -22 -23 -24 24 -26 -27 -28 -29 -30 -31
leaf_value=0.0047611492171151289 -0.00053069659088783854 0.0037573271511721785 -0.0040603118843656194 0.0064286059331689818 0.0059912601592081588 0.01127054254687064 0.0053659574502882453 0.0014141858650884177 0.0041870228279381446 0.0067043961068192328 -0.0083798803208627957 0.0091970565472103069 0.0075027909183360058 0.01148291463460442 0.012735045815694514 -0.00064791387011556235 0.018369632515977719 0.011638475821162236 -0.00067848366542523761 0.012939814481101548 0.0033096638946020864 -0.0006326381979792152 0.0091597313584242147 0.0055883614053956971 0.01499435228113479 0.012607108882879997 0.00026638105541802016 0.0046880140406611905 0.011011006143073272 0.0016709213758001192
leaf_weight=173 743 729 16567 173 659 45 319 1091 161 211 53 44 94 71 51 607 64 146 96 93 1056 5467 91 55 52 74 137 341 69 134
leaf_count=173 743 729 16567 173 659 45 319 1091 161 211 53 44 94 71 51 607 64 146 96 93 1056 5467 91 55 52 74 137 341 69 134
internal_value=-0.000162403 0.00529138 -0.00164015 0.00976029 0.00403764 0.00729388 0.00332718 0.00468546 0.00308242 0.00012618 0.00289172 0.00997573 0.00877027 0.00778369 0.0163975 0.00146229 0.0117545 0.0160566 0.00519156 0.0139273 0.00145167 -0.000430775 0.00628592 0.00553405 0.01175 0.0121065 0.00522843 0.00208932 0.0195139 0.00672026
internal_weight=29666 6324 23342 1384 4940 996 4281 2482 1637 6775 1135 205 221 845 160 914 109 388 307 164 1799 5640 681 836 107 168 590 1432 215 453
internal_count=29666 6324 23342 1384 4940 996 4281 2482 1637 6775 1135 205 221 845 160 914 109 388 307 164 1799 5640 681 836 107 168 590 1432 215 453
is_linear=0
shrinkage=0.03


Tree=4
num_leaves=31
num_cat=0
split_feature=20 3 17 9 20 20 20 8 14 10 4 14 8 14 20 14 14 15 14 15 14 8 15 20 13 15 3 14 8 3
split_gain=228.997 36.2103 33.5285 27.8977 26.5156 23.1756 23.5584 16.6221 14.8161 10.6875 9.3395 7.74739 6.79731 9.56069 6.7651 6.43686 6.26112 6.98614 6.2946 5.81721 10.7674 5.62954 8.37444 5.61991 6.52884 5.47158 6.21103 6.49021 5.1778 5.05961
threshold=0.53376247113104325 0.14786603821660313 2.2023554142283888 0.082584343007875261 0.66775737411023595 0.0020092937722238544 0.38392434642015655 2.3266411702237009 0.74915735220338797 1.1617180553420077 552.79037707824182 0.1529659278028235 1.3449449537289622 0.19928135542552586 0.20605320543050182 0.10560446457574012 0.10102936720107132 2.9700856263602158 0.49746481451727304 3.0677824455408698 0.3016847105438733 118.92937048384194 2.249904835165133 1.0000000180025095e-35 0.1703222092891972 0.89587973461402759 0.1716978499600291 0.17216792383753302 79.4612033584025 0.095887763953235436
decision_type=2 2 10 8 2 2 2 10 2 10 8 2 10 2 2 2 2 8 2 10 2 10 10 2 2 10 2 2 10 2
left_child=1 5 3 10 8 -1 7 11 12 19 21 -7 13 -2 -11 -16 -5 18 -18 -9 -21 22 -3 -12 28 -4 -27 -28 -25 -8
right_child=4 2 25 16 -6 6 29 9 -10 14 23 -13 -14 -15 15 -17 17 -19 -20 20 -22 -23 -24 24 -26 26 27 -29 -30 -31
leaf_value=-0.0033651165687628194 0.0032284701931032142 0.014227791542307447 0.010374626192827167 0.016180863756501834 -0.003753470680313644 0.023108997738998188 -0.0004060354346420125 0.0029513895405247638 0.007316881853212184 0.0057301375141103391 -0.0056631232781463687 0.010983792030260196 -0.00022657955630641508 0.00047900088390475087 0.0044050332960530059 0.0031440104068527746 0.0059601131772751966 0.0039235510961116776 0.0097731427332438427 0.0019465297980421259 0.0072283989970949028 -0.0010194602044615222 0.0062292927941102957 0.0035150875011941674 0.012088752869901017 0.0065435046697777293 0.011795482590331923 0.011981246457927841 0.0092673792274075399 0.0029631875467898321
leaf_weight=890 157 103 83 91 17416 95 1031 1001 67 476 123 166 3890 322 67 493 130 70 133 151 80 44 98 1384 42 102 138 114 51 646
leaf_count=890 157 103 83 91 17416 95 1031 1001 67 476 123 166 3890 322 67 493 130 70 133 151 80 44 98 1384 42 102 138 114 51 646
internal_value=-0.000141022 0.00427066 0.00707499 0.00560485 -0.00171629 0.00278046 0.00371096 0.00553873 0.000354293 0.00470956 0.00400596 0.0126985 0.000137986 0.00350625 0.00695468 0.00470588 0.0125365 0.0105719 0.0128068 0.00281752 0.00709914 0.00945122 0.0115693 0.00316677 0.00367997 0.0146781 0.0129803 0.0155099 0.00333217 0.000952919
internal_weight=29654 7802 2706 2269 21852 5096 4206 2529 4436 2268 1845 261 4369 479 1036 560 424 333 263 1232 231 245 201 1600 1477 437 354 252 1435 1677
internal_count=29654 7802 2706 2269 21852 5096 4206 2529 4436 2268 1845 261 4369 479 1036 560 424 333 263 1232 231 245 201 1600 1477 437 354 252 1435 1677
is_linear=0
shrinkage=0.03


Tree=5
num_leaves=31
num_cat=0
split_feature=20 17 3 6 20 20 20 8 17 3 12 9 12 20 17 9 7 12 12 6 16 3 16 8 8 13 3 3 6 3
split_gain=205.372 36.7523 27.9556 24.1583 22.4737 15.0802 16.8738 12.1229 12.3003 11.2078 10.7283 10.3557 8.90796 8.00098 8.97803 7.20947 10.874 6.49548 6.28318 6.18908 6.05697 5.8468 6.55317 5.242 5.13313 5.06326 7.45675 4.82989 4.65825 4.61643
threshold=0.55070756668987719 2.5113171736250868 0.084383179060895569 2.6728059628543503 0.69048055279275522 0.0020092937722238544 0.40049196054409703 2.1354417720076002 2.5113171736250868 0.43711965433899885 0.39299949281436058 0.11442793517277525 0.40906967540969902 0.0050602502977390223 -0.38802885603712317 0.00993081662489558 0.34355712775317698 0.57810891105361206 0.34433968676679522 3.4251796252517295 0.30897508697383347 0.22168009306213923 1.1310844301485856 47.951637421464277 7.7696882440483011 0.022756788874137381 0.14059640524172845 0.27007451090431711 1.838287645687646 0.095887763953235436
decision_type=2 10 2 2 2 2 2 10 8 2 2 10 2 2 10 10 10 2 2 2 10 2 8 10 10 2 2 2 2 2
left_child=1 3 18 5 12 21 7 8 11 13 24 -7 19 -5 -15 -12 -17 23 -3 -2 -16 -1 -23 25 -4 -9 -27 -21 -20 -8
right_child=4 2 10 9 -6 6 29 17 -10 -11 15 -13 -14 14 20 16 -18 -19 28 27 -22 22 -24 -25 -26 26 -28 -29 -30 -31
leaf_value=-0.0042046321308512489 -0.00031197947066971879 0.00091346028851432674 0.0066014795910077128 0.00087472257101580558 -0.0037656145410525743 0.0041300100850475757 -0.00052035626350736483 0.003277309289934284 0.017966589219586666 0.013936952512891926 0.0090834278938304661 0.011098069279990673 0.0043508643863344526 0.0086853450225033747 0.0042411807411300347 0.0099398010473016416 0.0055048121418128813 0.014475308003104205 0.0021833058346181402 0.0015740812492032869 0.0097912133021428246 0.017576379337184058 -0.0048806628362439855 0.0012907156326455432 0.0026165863637322268 0.0078732321391690695 0.013045437293656717 0.0050876636387330943 0.0044642314895372848 0.0021106514732260558
leaf_weight=884 4512 293 104 183 16330 265 897 1085 47 90 139 52 81 85 665 117 178 89 139 192 104 55 56 630 129 214 43 105 93 1642
leaf_count=884 4512 293 104 183 16330 265 897 1085 47 90 139 52 81 85 665 117 178 89 139 192 104 55 56 630 129 214 43 105 93 1642
internal_value=-0.000183871 0.00382365 0.00869572 0.00300296 -0.00174733 0.00224044 0.00291601 0.00470528 0.00974794 0.00702925 0.012768 0.00757547 3.68016e-05 0.00613584 0.00735439 0.0155586 0.0128209 0.00381038 0.0035076 -0.000130354 0.00631558 -0.00112952 0.00533036 0.00344855 0.00752564 0.00450782 0.0082907 0.00405705 0.00718455 0.0012059
internal_weight=29498 8278 1192 7086 21220 5959 4964 2425 364 1127 667 317 4890 1037 854 434 295 2061 525 4809 769 995 111 1972 233 1342 257 297 232 2539
internal_count=29498 8278 1192 7086 21220 5959 4964 2425 364 1127 667 317 4890 1037 854 434 295 2061 525 4809 769 995 111 1972 233 1342 257 297 232 2539
is_linear=0
shrinkage=0.03


Tree=6
num_leaves=31
num_cat=0
split_feature=0 12 0 6 14 20 0 8 9 13 17 17 8 12 15 14 4 0 14 8 15 14 9 12 14 8 4 1 14 7
split_gain=229.07 33.012 31.2051 16.4657 16.3724 16.3491 14.9135 16.0168 15.2989 12.8271 15.3116 9.16405 13.3642 9.14098 7.25201 11.3544 7.17096 6.17764 5.62929 7.09326 5.50484 7.55714 5.70629 5.33125 5.30012 5.0094 5.12831 4.85887 4.85206 9.23497
threshold=1.9580465084774761 0.5044056004368801 1.5096984284129287 3.6471690240023196 0.74915735220338797 0.40049196054409703 95.446153846153848 2.1982524986150134 0.058612026423892551 1.0000000180025095e-35 1.6446965522236028 2.8804340341922567 7.7696882440483011 0.4458363531147525 3.1567740231385479 0.28164152097039846 2144.6268813605457 1.2871944145498986 0.11022841259527735 122.01158863146631 2.249904835165133 0.34879238607819346 0.027491964520503485 0.36087398325994352 0.22145440488631049 0.98299302357381013 307.87041960936216 0.023392612859097165 0.21768335968322064 0.11870526401393473
decision_type=10 2 10 2 2 2 10 10 8 2 10 8 10 2 10 2 10 8 2 10 8 2 10 2 2 10 8 10 2 10
left_child=2 3 17 5 13 6 7 8 27 10 -3 14 -13 28 18 -16 -17 -1 19 -9 21 -7 -23 -14 -12 -19 -27 -2 29 -4
right_child=1 9 4 -5 -6 20 -8 11 -10 -11 24 12 23 -15 15 16 -18 25 -20 -21 -22 22 -24 -25 -26 26 -28 -29 -30 -31
leaf_value=-0.0044997980139615508 0.0061425719052775876 0.0057065791856330999 0.0030616190520054631 0.0065638369921586616 0.0081967758394913721 0.0038134957780212547 -0.0001587514119468574 0.0084035500722179964 0.010663648901626121 0.014812529175933073 0.011472341122614726 0.0086899492098440004 0.0032145159586411129 0.0064089719126889724 0.0043069664603577673 0.0080788286335429071 0.0057827961662756536 0.011212204513844247 0.0025102332814976622 -0.003928767387696523 0.00068691353258339583 0.0020731693331137442 0.0090710435100812628 0.0050502974261454813 0.0095131618418840685 0.005436183091183335 -0.0019383431697308268 -0.0024460658731969625 -0.00049214359406468688 0.00083689794756154103
leaf_weight=12509 159 336 157 450 75 370 414 165 205 123 118 104 229 56 232 62 40 72 1283 47 1475 40 57 363 66 223 5777 48 2450 2130
leaf_count=12509 159 336 157 450 75 370 414 165 205 123 118 104 229 56 232 62 40 72 1283 47 1475 40 57 363 66 223 5777 48 2450 2130
internal_value=-0.000173449 0.00486332 -0.00154529 0.00414015 0.000592729 0.00367038 0.00493944 0.00569061 0.0111719 0.0113059 0.00921305 0.00479216 0.00772166 0.000373591 0.00367377 0.00766567 0.0159612 -0.00210543 0.00277741 0.00729577 0.00147916 0.0043141 0.0117245 0.00595953 0.0161514 -0.00131994 -0.00141476 0.00537981 0.000229843 0.00122334
internal_weight=29835 6386 23449 5743 4868 5293 3351 2937 412 643 520 2525 696 4793 1829 334 102 18581 1495 212 1942 467 97 592 184 6072 6000 207 4737 2287
internal_count=29835 6386 23449 5743 4868 5293 3351 2937 412 643 520 2525 696 4793 1829 334 102 18581 1495 212 1942 467 97 592 184 6072 6000 207 4737 2287
is_linear=0
shrinkage=0.03


Tree=7
num_leaves=31
num_cat=0
split_feature=0 12 0 6 0 0 10 8 13 17 3 3 17 3 12 13 7 15 8 0 8 9 4 10 9 15 7 16 16 4
split_gain=203.758 35.9062 25.4467 17.092 14.4731 14.6091 11.4804 12.0297 11.1046 12.0626 10.4837 8.77781 7.42924 6.92577 6.28204 7.6781 6.26991 5.99256 5.71662 5.59555 6.42758 5.45417 5.0909 5.03687 5.98574 4.90323 7.21253 4.88578 4.80701 4.60867
threshold=1.9041668348414915 0.5044056004368801 1.4482782527205618 3.6471690240023196 2.7187247769475751 95.446153846153848 1.5887817714446231 1.9823317515558383 0.0066064971524219399 1.8052738438756337 0.42503946799570275 0.095887763953235436 4.9664730901213643 0.10011761078688514 0.39299949281436058 0.0098583859459051761 0.36100270742385204 3.4175922930736511 1.4622763918818722 4.8546916616174451 153.17016939429368 0.010705675148070165 3740.9666043292095 2.1069658962082554 0.085370297462229502 3.0677824455408698 0.23616612509543858 0.21533546867031236 0.38447523372962095 1515.9664642810751
decision_type=10 2 8 2 10 10 10 10 2 10 2 2 8 2 2 2 10 8 8 10 10 10 8 8 8 10 10 10 8 10
left_child=2 3 -1 4 11 6 12 -8 9 22 17 -2 25 -14 -12 -16 -11 18 27 -9 -21 -18 -3 -19 -25 -6 -27 -4 -5 -20
right_child=1 8 10 28 5 -7 7 19 -10 16 14 -13 13 -15 15 -17 21 23 29 20 -22 -23 -24 24 -26 26 -28 -29 -30 -31
leaf_value=-0.0035711380353319997 -0.00061130062089975431 0.0078562610622146829 0.00080797188970073354 0.0060834014751934597 0.0029922402806882098 -0.00013882436204180673 0.020172783168815121 0.0044495354110637726 0.014454253089598443 0.011305104772371751 0.0031077793330046974 0.0027920717168630556 0.0038430212135245967 0.008298194028659632 0.0029473987724394682 0.014312149315751456 0.0088795929992594828 -0.0026388117385196292 0.00099911957092837654 0.0088353184637940119 0.0024390745236839233 0.010840914594682069 0.00092645026216659225 -0.00011488151492448105 0.0078736411736186063 0.0063938055562399497 0.0017946142000789113 0.0029327308461316415 0.010198184559046428 -0.0014288406810906854
leaf_weight=16539 982 256 554 397 1377 439 69 383 107 42 186 1632 148 93 66 43 51 1614 1744 124 99 91 116 112 57 149 124 308 47 1715
leaf_count=16539 982 256 554 397 1377 439 69 383 107 42 186 1632 148 93 66 43 51 1614 1744 124 99 91 116 112 57 149 124 308 47 1715
internal_value=-0.000250195 0.00434101 -0.00159658 0.00361494 0.00316601 0.00458583 0.00545072 0.00880917 0.0109654 0.0092316 9.84303e-06 0.0015327 0.00424789 0.00916116 0.00552365 0.0112091 0.0155027 -0.000257495 0.000346367 0.00743328 0.0112098 0.0123357 0.00609651 -0.00172029 0.00319412 0.00352514 0.00719343 0.00253071 0.0092764 -0.000198556
internal_weight=29664 6726 22938 6063 5619 3005 2566 675 663 556 6399 2614 1891 241 295 109 184 6104 4321 606 223 142 372 1783 169 1650 273 862 444 3459
internal_count=29664 6726 22938 6063 5619 3005 2566 675 663 556 6399 2614 1891 241 295 109 184 6104 4321 606 223 142 372 1783 169 1650 273 862 444 3459
is_linear=0
shrinkage=0.03


Tree=8
num_leaves=31
num_cat=0
split_feature=0 17 20 0 6 16 9 14 0 10 9 11 16 0 7 0 9 6 11 11 6 15 11 16 16 7 14 11 9 4
split_gain=198.163 28.7466 25.3279 24.6353 18.2203 15.3541 12.4922 12.0627 7.32201 7.39796 7.1878 7.09874 7.89508 6.67723 6.61899 6.45698 6.18143 5.74425 5.84328 5.74037 5.34482 5.08976 4.65952 4.53456 4.30785 4.5372 9.86318 4.37998 4.51257 4.24071
threshold=1.9041668348414915 2.6844859018881082 0.01062012229485306 1.3720085474392831 2.7626940503924002 0.45426422651250209 0.0077047515488007966 0.39532504128344437 2.4971122992531369 1.2418234995790771 0.071432053784994967 9.4387898212890189 0.45426422651250209 3.2569134638102266 0.13206009822049594 4.8546916616174451 0.0077047515488007966 3.6471690240023196 9.4678080515874239 9.4242817117107354 1.3771531286295009 2.0126758453675748 9.4387898212890189 0.28915458266179833 0.31213994058485867 0.20782918787439195 0.54338782402224528 9.531481387649821 0.12389983757441446 3409.5493506680846
decision_type=10 8 2 8 2 10 10 2 10 10 8 2 10 10 10 10 10 2 2 2 2 10 2 10 10 10 2 2 10 8
left_child=3 4 -3 -1 8 6 13 15 22 21 16 12 14 -4 -5 -8 -7 18 23 -11 -14 -10 -2 -17 25 27 -27 -6 -29 -15
right_child=1 2 5 11 24 10 7 -9 9 19 -12 -13 20 29 -16 17 -18 -19 -20 -21 -22 -23 -24 -25 -26 26 -28 28 -30 -31
leaf_value=-0.0038555829539652386 0.0046291956782409842 -8.8282770807877649e-06 0.0047384023187114141 0.005198404268564898 0.013818853060041736 0.0099227539804556241 0.0029092399113520204 0.0099977036291334243 -0.00026261778004109095 0.0082305971906249283 0.010893144565847649 -0.00082650956632097884 0.0049386313952564176 0.0086251553961719137 -0.0003147478468178457 0.0038995745950095159 0.0080845341540081404 0.0046569650748304724 0.0032347923925452292 0.0032412275805838234 0.0068865369322015134 0.0045499959824219331 0.00031971327688285644 0.0098456929782337159 0.0088462935804646814 0.0028224025769722364 0.0078312086586726677 0.0066373899546057231 -0.00098177892304242243 0.016948262857376026
leaf_weight=14811 502 299 79 243 56 51 339 41 513 288 75 5531 239 93 1954 152 104 43 215 642 142 953 1463 54 105 335 42 159 40 54
leaf_count=14811 502 299 79 243 56 51 339 41 513 288 75 5531 239 93 1954 152 104 43 215 642 142 953 1463 54 105 335 42 159 40 54
internal_value=-0.000265076 0.00427426 0.00778312 -0.00159155 0.00317239 0.00959262 0.00806723 0.00637633 0.00243397 0.00354693 0.0166234 -0.00026227 0.00103761 0.014326 0.000345313 0.00554851 0.0127885 0.00784516 0.00674644 0.0056391 0.00501832 0.00221677 0.00107579 0.0103478 0.00753252 0.0065782 0.00446825 0.00966797 0.007515 0.0181014
internal_weight=29617 6697 1599 22920 5098 1300 1070 844 4361 2396 230 8109 2578 226 2197 803 155 464 421 930 381 1466 1965 206 737 632 377 255 199 147
internal_count=29617 6697 1599 22920 5098 1300 1070 844 4361 2396 230 8109 2578 226 2197 803 155 464 421 930 381 1466 1965 206 737 632 377 255 199 147
is_linear=0
shrinkage=0.03


Tree=9
num_leaves=31
num_cat=0
split_feature=20 12 17 13 20 20 8 20 4 8 9 3 8 9 6 15 4 4 16 6 3 3 9 8 15 7 1 16 20 12
split_gain=171.278 34.0862 23.6101 26.5114 16.1552 21.4013 17.3918 15.6649 9.49681 8.85234 9.48581 8.60362 7.81565 7.71937 6.9806 6.88018 10.7648 8.85011 7.00135 6.84204 7.0252 6.68811 8.30182 14.9199 11.2113 6.17356 5.75064 5.53811 5.22275 4.7704
threshold=0.56634756599191782 0.43914132904804154 2.2023554142283888 0.0037394392697080651 0.0020092937722238544 0.38392434642015655 2.1626079891051107 0.75685345416921623 1078.5509435019262 188.65722488378449 0.011074815402837687 0.13889748678515546 17.044520348591224 0.051594361951503388 0.79170922939068111 3.1132683346437333 1220.7979674269789 2566.5949810503985 0.018810821723661268 4.2014739993098695 0.2575318701836059 0.098031765814079894 0.069350613095755922 14.404878011166522 3.3842466058243152 0.30498730852503547 1.0000000180025095e-35 0.24548372973501528 0.19262501975256582 0.34433968676679522
decision_type=2 2 10 2 2 2 10 2 8 10 10 2 10 10 2 10 10 10 8 2 2 2 10 8 8 10 8 8 2 2
left_child=1 4 3 8 -1 6 13 19 12 10 -4 15 -3 28 -5 18 -17 -18 -8 -2 -21 -7 -23 24 29 -13 -12 -20 -6 -24
right_child=7 2 9 14 5 21 11 -9 -10 -11 26 25 -14 -15 -16 16 17 -19 27 20 -22 22 23 -25 -26 -27 -28 -29 -30 -31
leaf_value=-0.0050835367444715803 -0.00085493640519559522 0.0080226236227013848 0.0091824827168146637 0.0061854263446945819 0.05314003828613148 -0.00039010351214269765 0.013160930835845628 -0.0039429015233596217 0.0015959107747755487 0.0025562389808920115 0.010703947394862551 0.0084205812474838389 0.0039676362810177291 0.0080393921651238237 0.014194181579207366 -0.0013552005645202363 0.0064969871095632284 8.5103489346195551e-05 0.0003668371645684355 -0.00023542813937249354 0.0058084438850993922 0.0012843588028933863 0.0069647949240239379 -0.0012323180182188835 -0.0003894260665465182 0.0053549564754128932 0.0083555706560868841 0.0034655427152645167 0.0033781867092355995 0.008314875567915072
leaf_weight=686 7190 109 100 48 44 1331 161 13419 783 74 145 176 219 177 220 105 178 66 955 151 128 1551 356 238 114 124 61 507 115 84
leaf_count=686 7190 109 100 48 44 1331 161 13419 783 74 145 176 219 177 220 105 178 66 955 151 128 1551 356 238 114 124 61 507 115 84
internal_value=-0.000252736 0.00327669 0.00700739 0.00517609 0.00233405 0.0028114 0.00488923 -0.00172742 0.0031268 0.013622 0.0158697 0.00394369 0.00740425 0.0112522 0.0136283 0.00322048 0.00703714 0.0104816 0.00239594 -0.000626105 0.003975 0.00133551 0.00229991 0.00479697 0.00749189 0.0086711 0.012087 0.00173889 0.00639375 0.00965986
internal_weight=29615 8727 1759 1379 6968 6282 2608 20888 1111 380 306 2272 328 336 268 1972 349 244 1623 7469 279 3674 2343 792 554 300 206 1462 159 440
internal_count=29615 8727 1759 1379 6968 6282 2608 20888 1111 380 306 2272 328 336 268 1972 349 244 1623 7469 279 3674 2343 792 554 300 206 1462 159 440
is_linear=0
shrinkage=0.03


Tree=10
num_leaves=31
num_cat=0
split_feature=0 12 14 20 9 17 0 8 9 4 3 9 8 9 0 15 14 0 3 9 0 4 10 9 8 14 15 3 17 12
split_gain=173.114 40.052 19.1792 17.8763 17.5443 19.3381 12.2309 12.9078 10.9823 9.16767 8.66278 7.43308 7.38718 7.38544 8.12491 7.20375 8.29056 6.89659 6.58629 6.42282 6.06325 6.00009 5.27359 5.20138 12.9323 10.5048 6.19671 4.83674 4.43765 4.05619
threshold=1.8159274064938657 0.43914132904804154 0.74915735220338797 0.69048055279275522 0.084176893584138782 1.7201381195487364 2.6049838734176016 9.3418375557437709 0.010705675148070165 538.73640111664429 0.38859492634498499 0.14950538523484178 10.252240042950637 0.058612026423892551 95.446153846153848 3.1567740231385479 0.28164152097039846 3.6403311172394628 0.095887763953235436 0.11442793517277525 4.8546916616174451 437.79539773611265 1.4031398518382996 0.066914569084974687 15.832863053117485 0.15623046274527189 3.1984648276080736 0.1617119365743995 0.27958123510430172 0.39857310260213824
decision_type=10 2 2 2 8 10 10 10 10 8 2 10 10 10 10 10 2 10 2 8 10 8 10 8 10 2 8 2 8 2
left_child=3 2 6 10 5 9 18 13 -7 12 21 15 -3 20 -15 -9 -17 -6 -2 -12 -8 -1 -22 -20 25 -25 28 -10 -27 -5
right_child=1 4 -4 29 17 8 7 11 27 -11 19 -13 -14 14 -16 16 -18 -19 23 -21 22 -23 -24 24 -26 26 -28 -29 -30 -31
leaf_value=0.00345387018906009 -0.0007640450670157716 0.018762072738941548 0.0098060018051625963 -0.0033270372833046217 0.0074166331263353317 0.0080446291818662211 0.0043386163729757033 0.0023879435632940707 0.0017521341204495158 0.0028304938476996031 0.0025571373128834567 -0.0020305385177480464 0.0049161368973906147 0.0083903735128489001 -0.0034044337391004741 0.0042854902850056695 0.0073324056562394033 0.010349266875329685 0.0014082554267569568 0.01007990361197708 0.0056647428882066675 -0.00072997667417205642 0.014040134826583459 0.0083319008723134295 -0.0015845474911491261 0.0033485856323410006 -0.00092551591289447737 0.0092169910507491244 0.0072964489619404124 0.0030560923324524742
leaf_weight=235 1149 45 41 16394 112 122 533 1303 122 678 390 263 77 252 46 120 78 94 1332 54 112 5017 70 112 217 102 120 151 138 78
leaf_count=235 1149 45 41 16394 112 122 533 1303 122 678 390 263 77 252 46 120 78 94 1332 54 112 5017 70 112 217 102 120 151 138 78
internal_value=-0.000326511 0.00364993 0.00258073 -0.00165204 0.00821469 0.0068102 0.00243763 0.00389093 0.0122348 0.00411985 -0.000203266 0.00233881 0.0116585 0.00658876 0.0105552 0.00315379 0.00847236 0.0162899 0.00116367 0.00381573 0.00492318 -0.00054369 0.00963934 0.00219436 0.00430869 0.00709091 0.00457064 0.00883577 0.0073444 -0.00215298
internal_weight=29557 7389 5988 22168 1401 1195 5947 2777 395 800 5696 1764 122 1013 298 1501 198 206 3170 444 715 5252 182 2021 689 472 360 273 240 16472
internal_count=29557 7389 5988 22168 1401 1195 5947 2777 395 800 5696 1764 122 1013 298 1501 198 206 3170 444 715 5252 182 2021 689 472 360 273 240 16472
is_linear=0
shrinkage=0.03


Tree=11
num_leaves=31
num_cat=0
split_feature=0 20 6 11 17 9 14 8 8 9 15 9 16 11 6 13 0 10 4 8 14 9 14 17 0 16 14 11 0 4
split_gain=166.015 32.4851 23.5735 13.219 11.3603 15.4322 11.2735 10.2747 10.2423 13.4345 8.55511 8.3827 8.31262 8.70945 7.74825 7.04568 6.62542 6.04975 7.11654 5.75202 5.31107 5.21176 5.24889 5.2382 5.04022 4.73981 4.65898 4.43773 4.40225 4.47275
threshold=2.2074037802280944 0.69048055279275522 2.7140187635968096 6.0100401799233785 2.5113171736250868 0.0077047515488007966 0.55145139045956859 7.0740635626400339 31.739613088551433 0.10719557033322834 3.4175922930736511 0.28099828191591497 0.48004545835128171 9.7201354644767228 4.9482604761904776 0.13906757358002605 3.0728261520944451 1.4214355243343284 1786.07466591248 1.5428921364773538 0.6401078916798818 0.14950538523484178 0.32425587734021027 0.97401981203261168 1.7657601631482229 0.4014064535269376 0.20409906052518081 9.4242817117107354 4.554998022013824 2065.3305356208698
decision_type=10 2 2 2 10 10 2 10 10 10 8 8 10 2 2 2 10 10 8 8 2 10 2 10 8 8 2 2 10 8
left_child=1 10 3 -2 8 16 21 -7 9 15 12 -12 14 20 19 28 -6 18 -11 -1 24 22 23 -4 -14 26 -25 -10 -5 -30
right_child=2 -3 6 4 5 7 -8 -9 27 17 11 -13 13 -15 -16 -17 -18 -19 -20 -21 -22 -23 -24 25 -26 -27 -28 -29 29 -31
leaf_value=0.0013856917176799015 0.050215346860037896 -0.003187704900291253 0.0061546641039826634 0.0023582894678723168 0.0023125203117432993 0.0071326292750102894 0.0069724884472988522 0.0029116657522735489 0.0037942548914027402 0.0093348548114212254 -0.0016920158853822947 0.016384765411454446 0.0020427537670496035 -0.00067393676722080932 0.0055131669162812053 0.010045784858458792 0.0075389856904997674 0.009506710723131714 -0.00026609172495444428 -0.00033592085919630039 0.0079554127712130364 -0.00073052847991850385 0.0013145234780141805 0.0046749315050118858 0.010891541841782284 0.01220557123013301 0.0041435934664222213 -0.00030534606214647196 0.0076654753799992401 0.0022174592303533715
leaf_weight=1104 52 16468 332 1262 51 116 99 556 437 51 2068 46 156 181 192 62 113 59 48 3995 65 61 95 119 136 68 78 1004 215 224
leaf_count=1104 52 16468 332 1262 51 116 99 556 437 51 2068 46 156 181 192 62 113 59 48 3995 65 61 95 119 136 68 78 1004 215 224
internal_value=-0.000336756 -0.00136544 0.00458436 0.00366972 0.00348083 0.00660932 0.00913716 0.00458247 0.00270116 0.00413475 0.000210347 -0.00142411 0.000803258 0.0043525 0.000441609 0.00337925 0.0148364 0.0124906 0.00783 0.000218235 0.00706425 0.00786605 0.00860606 0.00964716 0.00530375 0.0128008 0.0103485 0.000788487 0.00301234 0.00559773
internal_weight=29513 24411 5102 4250 4198 836 852 672 3362 1921 7943 2114 5829 538 5291 1763 164 158 99 5099 357 753 692 597 292 265 197 1441 1701 439
internal_count=29513 24411 5102 4250 4198 836 852 672 3362 1921 7943 2114 5829 538 5291 1763 164 158 99 5099 357 753 692 597 292 265 197 1441 1701 439
is_linear=0
shrinkage=0.03


Tree=12
num_leaves=31
num_cat=0
split_feature=12 12 17 20 13 6 20 20 9 7 7 12 20 9 13 11 9 20 7 9 20 4 16 9 16 7 9 20 9 15
split_gain=136.399 28.2376 27.3279 25.5799 21.2026 13.6821 9.30529 9.98984 8.05703 8.05647 7.9195 7.79015 6.61209 5.75229 6.81348 6.01961 4.53943 4.47464 5.77869 4.43042 4.3887 4.31677 4.27832 4.19877 4.42036 4.03657 3.91717 4.72246 3.89877 3.82214
threshold=0.26272134895893556 0.43914132904804154 2.0950339193447265 0.6377483581836686 0.0018966012399310283 2.6287638083228253 0.01062012229485306 0.42849536880535466 0.011495873303949534 0.36100270742385204 0.20677901924410444 0.51638661858088286 0.00083400475854453085 0.12881914306789252 0.096100725235825565 10.487740201990425 0.079301927706968187 0.86666701725799744 -0.012797667191165063 0.10794547322518734 0.283744860726802 1663.8063242402375 0.6769785978643319 0.095237666049510353 0.0773196948761109 0.17666338991530287 0.14950538523484178 0.6767653586505411 0.08177907867071392 2.1383330595080281
decision_type=2 2 10 2 2 2 2 2 10 10 10 2 2 10 2 2 10 2 10 8 2 10 8 8 10 10 10 2 10 8
left_child=3 5 4 13 12 6 -2 19 -4 -10 -7 25 -3 14 -1 29 -14 18 -5 -8 -18 -21 -13 -9 -25 -6 27 -26 -12 -16
right_child=1 2 8 17 11 10 7 23 9 -11 28 22 16 -15 15 -17 20 -19 -20 21 -22 -23 -24 24 26 -27 -28 -29 -30 -31
leaf_value=0.00042241897995631275 -0.0046763355989361292 -0.001668410207886214 0.0080584382489843672 0.0077873164689342099 0.009051948015070305 0.0056712402272464796 0.0031352639633154254 -0.00010228205132426304 0.0098874885500685964 0.0043586716938150746 0.0019597912122209346 0.014560119295429736 0.0030274831755511939 -0.0022121258289918917 0.015249646451666678 0.00022061537741255204 0.0071073012361784213 -0.0047613610187804958 -0.0019492574995182944 0.0090114711522113044 0.0022493499797847302 0.0032721106670585494 0.009981871432545102 -0.0026003492819402269 0.0039968427224511991 0.0039609150370745376 -0.00092175577713516038 8.701419277946377e-05 0.0043790263385298355 0.0052847754258087539
leaf_weight=2794 543 359 131 63 55 325 1673 1754 103 184 487 109 680 812 41 335 40 7735 10026 42 67 99 49 109 161 86 62 74 138 447
leaf_count=2794 543 359 131 63 55 325 1673 1754 103 184 487 109 680 812 41 335 40 7735 10026 42 67 99 49 109 161 86 62 74 138 447
internal_value=-0.000369423 0.00317965 0.00636856 -0.00153856 0.00440871 0.00209199 0.00140305 0.00190641 0.0131169 0.0102396 0.00536278 0.01151 0.00254751 0.000501805 0.0010141 0.00341141 0.00408502 -0.00204555 -0.00162904 0.00354711 0.00980555 0.00864084 0.0160755 0.000527533 0.00327273 0.0063169 0.00516443 0.00692797 0.00337859 0.00553374
internal_weight=29583 7330 1863 22253 1445 5467 4517 3974 418 287 950 299 1146 4429 3617 823 787 17824 10089 1814 107 141 158 2160 406 141 297 235 625 488
internal_count=29583 7330 1863 22253 1445 5467 4517 3974 418 287 950 299 1146 4429 3617 823 787 17824 10089 1814 107 141 158 2160 406 141 297 235 625 488
is_linear=0
shrinkage=0.03


Tree=13
num_leaves=31
num_cat=0
split_feature=0 12 0 9 14 14 0 8 8 0 3 7 14 15 9 13 9 4 3 14 14 7 14 15 11 1 8 13 0 8
split_gain=137.809 29.4253 17.5076 17.0934 13.6273 13.0703 10.112 14.0581 8.3784 8.12093 7.88842 8.84109 7.32118 6.08834 5.94244 5.56283 6.20461 5.33873 5.19244 5.4441 5.04549 4.77036 5.95345 11.5746 9.39272 5.07324 5.06885 4.65355 4.61376 5.31262
threshold=1.8159274064938657 0.43914132904804154 1.4203614234839106 0.085910209754322661 0.74915735220338797 0.1653464987480375 2.3344037515194613 39.367390213594916 1.0683644645261259 3.9443663401003817 0.13889748678515546 0.3330838506216337 0.034912825999758625 3.1567740231385479 0.044515950319521748 0.0069847246356523575 0.0094685824048441909 552.79037707824182 0.11369758380940388 0.6401078916798818 0.52443401038810711 0.12821767997668612 0.23393309522416986 3.1132683346437333 10.945917420116595 0.07561463693539168 2.5812670340241319 0.010851344692711552 14.472096432535702 74.306852282582867
decision_type=10 2 8 8 2 2 10 10 10 10 2 10 2 8 10 2 10 8 2 2 2 10 2 10 2 10 10 2 10 10
left_child=2 4 -1 5 6 12 -2 10 -4 20 21 14 -3 18 -12 16 -9 -7 -10 27 -5 -8 25 26 -25 -23 -24 -20 29 -14
right_child=1 3 8 9 -6 17 7 15 13 -11 11 -13 28 -15 -16 -17 -18 -19 19 -21 -22 22 23 24 -26 -27 -28 -29 -30 -31
leaf_value=-0.0031448749071358727 0.00072502340351986985 0.0095768282863703119 0.014032007804508077 0.0059829133380398577 0.0089116539531634321 0.0076358759230237246 0.018639001328359647 0.0045684565594699021 -0.0017405907447960317 0.0096887048523873025 0.0063500866078001405 0.00099381310427979971 0.0081682912162699111 -0.0017128139324034083 0.0079679047367950204 -0.0027863220269849311 0.00098116804393679011 0.0022567595194329898 -0.00046797845823492664 0.0041024504375481181 0.0083010791498260052 0.0011564247730528083 0.0029433039749355338 0.006895108657561197 0.0029538208570122947 0.0056816161121321009 0.0010602894420805292 0.0015093791821670973 0.0047953877474788279 0.008200610396259812
leaf_weight=16023 2568 81 109 52 41 81 46 131 1293 75 215 131 171 2449 175 358 798 701 1221 179 55 772 113 67 60 161 331 1036 161 58
leaf_count=16023 2568 81 109 52 41 81 46 131 1293 75 215 131 171 2449 175 358 798 701 1221 179 55 772 113 67 60 161 331 1036 161 58
internal_value=-0.000435366 0.00311144 -0.00161221 0.00696727 0.00218314 0.00571053 0.00206209 0.00314558 -0.000270516 0.015541 0.00467519 0.00786782 0.00965466 -0.000416573 0.0101279 0.000682453 0.00190645 0.00332567 0.000346648 0.00116208 0.0100833 0.00359768 0.003301 0.00571154 0.0136641 0.0018212 0.00341124 0.000761292 0.0113555 0.0141
internal_weight=29712 7402 22310 1435 5967 1253 5926 3358 6287 182 2071 521 471 6178 390 1287 929 782 3729 2436 107 1550 1504 571 127 933 444 2257 390 229
internal_count=29712 7402 22310 1435 5967 1253 5926 3358 6287 182 2071 521 471 6178 390 1287 929 782 3729 2436 107 1550 1504 571 127 933 444 2257 390 229
is_linear=0
shrinkage=0.03


Tree=14
num_leaves=31
num_cat=0
split_feature=0 0 3 17 0 3 0 3 17 14 14 8 7 9 14 9 15 9 9 6 8 14 3 17 13 15 8 15 17 15
split_gain=131.853 25.3604 26.2982 19.182 13.4481 11.7295 9.54165 9.20251 8.65375 8.22951 8.01018 7.05552 7.63714 7.02891 6.51962 5.97935 11.4729 5.85774 10.5175 5.55445 5.27769 10.0318 4.99414 5.74306 4.93165 4.71852 6.16422 4.23446 3.99189 3.92928
threshold=1.6981568131664204 3.0728261520944451 0.13889748678515546 1.7201381195487364 1.2795991729358744 0.38475777239319814 46.498798076923087 0.23932119971451407 0.88450691636266909 0.37444265641840702 0.10794157586932319 122.01158863146631 0.25833588470730801 0.1131366222994713 0.52443401038810711 0.072545059802873527 3.1567740231385479 0.0092517436267436307 0.043281632010347196 4.2014739993098695 2.4251282482722374 0.14778185421371198 0.096875863164349013 2.2023554142283888 0.0090453004020480746 1.4978661367769956 2.0113967541909861 3.1567740231385479 1.5308041199710105 2.6735537653587347
decision_type=10 10 2 8 8 2 10 2 8 2 2 10 10 8 2 10 10 10 10 2 10 2 2 8 2 10 10 10 8 10
left_child=4 5 9 27 -1 22 17 -6 -9 10 11 12 -3 24 19 16 -11 -5 -19 28 21 -12 -2 -24 -10 -25 -27 -4 -7 -26
right_child=1 2 3 6 7 14 -8 8 13 15 20 -13 -14 -15 -16 -17 -18 18 -20 -21 -22 -23 23 25 29 26 -28 -29 -30 -31
leaf_value=-0.0036235143699477942 -0.00028498703673901667 0.013514638496458524 0.0051234062736942232 0.0092647452283768934 -0.0013996165422964016 0.00087536933535779728 0.0075362056770177576 -1.9191936250222752e-05 0.00049070686750220325 0.00024405229017314493 -0.0017880762101226593 0.00029909043025455118 0.013237722169308979 0.01354007304625871 0.0041861113235443503 0.0073489511989271788 0.0071519884554699809 0.0054239887769023006 0.0094967504364961396 0.014512427989174639 0.0010061176004004819 0.008943167988021139 0.0013997704448407611 0.0072048618231709289 0.010388722232619498 0.0074415540308955903 -4.7624699830513449e-05 0.006927147292268703 0.0062698735428351696 0.0010469813814985036
leaf_weight=12087 1848 86 402 92 6781 260 95 1673 288 111 66 92 109 61 113 48 57 150 155 41 1577 107 2796 96 61 40 135 59 42 44
leaf_count=12087 1848 86 402 92 6781 260 95 1673 288 111 66 92 109 61 113 48 57 150 155 41 1577 107 2796 96 61 40 135 59 42 44
internal_value=-0.000404965 0.00272896 0.00484004 0.00901572 -0.00168532 0.00146817 0.0131318 -0.000800764 0.000920582 0.00307054 0.00247743 0.00711458 0.0103316 0.00458901 0.00606564 0.00862673 0.00589349 0.0151734 0.0130882 0.00398546 0.00171331 0.00667241 0.00104048 0.00178259 0.00309898 0.00594485 0.00298295 0.0046039 0.00255445 0.00863207
internal_weight=29572 8577 3206 953 20995 5371 492 8908 2127 2253 2037 287 195 454 456 216 168 397 305 343 1750 173 4915 3067 393 271 175 461 302 105
internal_count=29572 8577 3206 953 20995 5371 492 8908 2127 2253 2037 287 195 454 456 216 168 397 305 343 1750 173 4915 3067 393 271 175 461 302 105
is_linear=0
shrinkage=0.03


Tree=15
num_leaves=31
num_cat=0
split_feature=0 12 17 4 14 0 3 0 8 8 4 10 8 3 3 3 14 7 11 14 8 7 14 15 4 14 14 11 14 1
split_gain=129.856 39.6142 16.576 14.0836 13.8598 10.4051 9.78068 9.38013 9.01665 7.86479 7.44022 6.77114 6.14257 5.93445 5.93094 5.12997 5.08633 8.47352 5.06067 5.04283 4.87052 4.69853 6.90164 5.34753 6.44161 6.74778 4.54113 4.52917 4.51409 4.49303
threshold=1.6305790537585094 0.39299949281436058 2.5113171736250868 969.53003860279034 0.77794138982237004 2.6049838734176016 0.15082885824283473 1.3720085474392831 188.65722488378449 20.452667179720933 2637.2458268122941 1.2582986308803348 47.951637421464277 0.42503946799570275 0.16280025408044316 0.43122473368879116 0.21768335968322064 0.13862339516616498 10.4538463405335 0.083738801393164586 1.0852351034540757 0.22624994039972926 0.10384539162779355 2.602003343538398 2566.5949810503985 0.1653464987480375 0.10560446457574012 8.7029255878836604 0.28760837363918429 0.062828947368421054
decision_type=10 2 10 8 2 10 2 8 10 10 8 10 10 2 2 2 2 10 2 2 10 10 2 8 10 2 2 2 2 10
left_child=7 4 3 9 5 16 12 -1 10 -3 19 14 21 20 -12 -5 17 -2 -8 -4 -9 23 -23 -7 25 -25 -15 -21 -24 -19
right_child=1 2 8 15 -6 6 18 13 -10 -11 11 -13 -14 26 -16 -17 -18 29 -20 27 -22 22 28 24 -26 -27 -28 -29 -30 -31
leaf_value=-0.0031662870698168435 0.0037872806658999251 0.0075348593788104297 0.0073050662865508254 0.0015749556954447531 0.0080065793398858727 0.0020688921510989668 0.0066191900944831501 0.00806224076920313 0.0019547293863722828 0.0045539030780234989 0.0019060015905780587 0.0068335290378070913 -4.620987636847287e-06 0.010168144397235471 0.011296527260548495 0.012794593484812553 -0.00025640175424739416 0.00025721415565305042 0.0056076776226080104 0.0066010526815371059 -0.00099584932717720356 0.018473802621707256 -0.00033638268027297362 0.0052240137437330617 -0.00037767630973354374 0.0094702246712558211 0.0013550550196336309 0.0037665900850208127 0.003580450631292211 0.0028997071145514517
leaf_weight=14859 189 276 56 1071 43 235 141 124 121 246 42 95 650 69 44 94 2434 1604 44 68 5124 96 514 115 60 222 175 135 144 556
leaf_count=14859 189 276 56 1071 43 235 141 124 121 246 42 95 650 69 44 94 2434 1604 44 68 5124 96 514 115 60 222 175 135 144 556
internal_value=-0.000412454 0.00252528 0.005992 0.00450178 0.0014187 0.00131306 0.00300945 -0.00175428 0.0104573 0.00859273 0.012449 0.0171264 0.00240648 -0.000694703 0.0108276 0.00266295 0.000524874 0.00152042 0.00959677 0.00912692 -0.000907602 0.00353425 0.00193113 0.00544076 0.0075603 0.00916864 0.00386939 0.00686765 0.000828527 0.000985654
internal_weight=29646 9295 2248 1687 7047 7004 2221 20351 561 522 440 181 2036 5492 86 1165 4783 2349 185 259 5248 1386 754 632 397 337 244 203 658 2160
internal_count=29646 9295 2248 1687 7047 7004 2221 20351 561 522 440 181 2036 5492 86 1165 4783 2349 185 259 5248 1386 754 632 397 337 244 203 658 2160
is_linear=0
shrinkage=0.03


Tree=16
num_leaves=31
num_cat=0
split_feature=20 12 20 17 9 9 6 14 4 6 20 20 14 20 8 3 4 8 8 8 4 13 11 14 14 20 11 4 14 8
split_gain=109.17 30.1639 19.5942 23.4675 12.3888 14.6379 9.7569 8.55492 9.49872 8.42531 7.63691 6.79806 13.3977 11.4827 8.65321 6.06501 5.78252 5.78245 5.31673 5.20748 4.80566 10.6868 8.13096 6.83445 4.67662 4.66677 4.40534 4.34161 5.28625 4.29826
threshold=0.6377483581836686 0.40906967540969902 0.021721105527638195 2.0950339193447265 0.085370297462229502 0.00993081662489558 6.3584536575114683 0.5279402001547141 804.03818953395023 2.7140187635968096 0.81179889667061855 0.01062012229485306 0.76104709913060808 0.40049196054409703 1.9823317515558383 0.44043284691908446 1242.7289581854357 12.287720259691678 3.1678199607807742 27.642146678326984 2267.4535652879599 0.13282515977201242 10.273653579815802 0.3016847105438733 0.66848789117026997 0.45306530082131702 9.4387898212890189 1466.9677814788326 0.20409906052518081 48.328082823143212
decision_type=2 2 2 8 8 10 2 2 8 2 2 2 2 2 10 2 8 10 10 10 10 2 2 2 2 2 2 10 2 10
left_child=1 9 16 6 5 -5 7 -4 -9 11 15 -1 13 14 -13 24 17 -3 -7 -10 21 22 -16 27 -2 29 -15 -24 -29 -11
right_child=10 2 3 4 -6 18 -8 8 19 25 -12 12 -14 26 20 -17 -18 -19 -20 -21 -22 -23 23 -25 -26 -27 -28 28 -30 -31
leaf_value=-0.0045539081914250682 -0.0015517877515057708 0.0089649127491060743 0.0014139432793995694 0.0074131860782114412 0.009228042586427343 0.013343030813653787 0.011635785277399729 0.0058315211489978732 0.0035165537803334259 0.0054757612931064783 -0.0037521473952004687 0.0096770437858413709 0.0080069113347019227 0.0024198681373701104 0.002426826534683027 0.0025860109972346292 -0.00054153732380509518 0.0016540150343583677 0.003718705358213168 -0.0010206536814953069 0.00052631744339551409 0.012060414055136186 -0.0019131293436975441 0.0057321261246936657 0.0021662835055315708 0.0015905087651002534 -0.00034887141117048975 0.0076370730857872786 -0.0011692630998839375 0.0007207667960671875
leaf_weight=629 7343 73 686 184 87 40 61 57 85 327 10634 195 43 1236 841 321 564 127 298 64 732 44 55 66 270 605 3705 72 41 114
leaf_count=629 7343 73 686 184 87 40 61 57 85 327 10634 195 43 1236 841 321 564 127 298 64 732 44 55 66 270 605 3705 72 41 114
internal_value=-0.000454967 0.00190872 0.00494284 0.00686756 0.0114639 0.0096826 0.00392138 0.00311758 0.00846377 0.00109752 -0.00185923 0.000752349 0.00101977 0.000915712 0.00280508 -0.00115463 0.00100392 0.00537313 0.0059469 0.00442 0.00216901 0.00340446 0.00280204 0.00773617 -0.00132506 0.00362178 0.000132941 0.00447337 0.00781579 0.00596606
internal_weight=29599 11031 2326 1562 609 522 953 892 206 8705 18568 7659 7030 6987 2046 7934 764 200 338 149 1851 1119 1075 234 7613 1046 4941 168 113 441
internal_count=29599 11031 2326 1562 609 522 953 892 206 8705 18568 7659 7030 6987 2046 7934 764 200 338 149 1851 1119 1075 234 7613 1046 4941 168 113 441
is_linear=0
shrinkage=0.03


Tree=17
num_leaves=31
num_cat=0
split_feature=0 17 3 9 0 6 9 3 11 8 13 14 14 11 4 0 8 3 16 9 15 14 4 9 4 9 11 9 9 8
split_gain=110.315 22.3428 31.75 12.9999 12.8233 12.823 11.2232 9.04043 6.70026 6.51624 5.96369 6.2658 7.39798 6.2709 6.06945 5.69575 6.316 5.58229 5.48467 5.14502 5.8784 11.5175 7.50205 4.6181 4.56326 4.32485 4.1481 4.42683 4.10634 4.07473
threshold=1.6981568131664204 2.5113171736250868 0.11196556927944801 0.077106498747850111 1.2871944145498986 3.6471690240023196 0.0077047515488007966 0.42503946799570275 9.4526981414443565 1.0817276000072118 0.12600123837788899 0.5279402001547141 0.180032785398999 9.0973396313219688 937.77562917017872 2.3344037515194613 39.367390213594916 0.44043284691908446 0.5614881370162752 0.071432053784994967 3.1132683346437333 0.30695563705801032 2029.5184822272465 0.012153530210256709 1300.6283083142691 0.020484314769730175 10.4538463405335 0.10899646636314701 0.029611855943704326 2.0598598907182031
decision_type=10 8 2 8 8 2 10 2 2 10 2 2 2 2 8 10 10 2 8 10 10 2 10 10 10 10 2 8 10 10
left_child=4 5 -3 6 -1 8 -4 9 10 -6 11 12 13 -2 -13 -10 19 -7 25 20 -17 28 -23 -18 -5 -15 27 -9 -22 -21
right_child=1 2 3 24 7 17 -8 26 15 -11 -12 14 -14 18 -16 16 23 -19 -20 29 21 22 -24 -25 -26 -27 -28 -29 -30 -31
leaf_value=-0.00335128722392405 0.0041615242170266646 0.0016357156210534156 0.0074120749901863559 0.0088140859670659509 0.0054545802851794839 0.0041248410712828041 0.004016333740859095 0.0036890803605685563 -0.00030601418071228949 -0.0010248461545772059 0.012321232298424852 0.0065237081551933092 -0.00029806282956374759 0.002949379263870908 0.0026531354045550423 0.001029471998284321 0.0025760886708518522 0.011185542088298063 -0.00072319125415224036 0.0055764499127262269 0.00020012080395478366 0.0058627997357494129 0.0036795722219998437 -0.0020550579500037279 0.0071943470151361521 0.0054033764846274099 -0.00061023428718058527 0.0073764075908643511 0.0042250571705521297 0.0027183216572796071
leaf_weight=12459 562 940 205 115 173 456 446 272 2544 8038 50 98 734 60 105 768 138 65 40 71 217 54 40 539 50 101 121 43 65 110
leaf_count=12459 562 940 205 115 173 456 446 272 2544 8038 50 98 734 60 105 768 138 65 40 71 217 54 40 539 50 101 121 43 65 110
internal_value=-0.000466881 0.00240273 0.00541946 0.00974541 -0.00163254 0.00162496 0.00781748 -0.000744797 0.00125012 -0.000968462 0.00282696 0.00252205 0.00184846 0.00391492 0.00745588 0.000642621 0.00183924 0.00614368 0.00845049 0.00304299 0.0022952 0.00536339 0.0144 -0.0005177 0.017259 0.0109074 0.00345995 0.00526899 0.00231095 0.00773077
internal_weight=29679 8573 1756 816 21106 6817 651 8647 6296 8211 1750 1700 1497 763 203 4546 2002 521 201 1325 1144 376 94 677 165 161 436 315 282 181
internal_count=29679 8573 1756 816 21106 6817 651 8647 6296 8211 1750 1700 1497 763 203 4546 2002 521 201 1325 1144 376 94 677 165 161 436 315 282 181
is_linear=0
shrinkage=0.03


Tree=18
num_leaves=31
num_cat=0
split_feature=20 12 13 20 20 14 16 17 20 14 6 7 8 13 9 17 12 14 15 6 9 4 8 17 8 8 17 6 14 7
split_gain=100.686 28.9217 16.3691 12.4425 20.4367 12.7285 13.1216 12.2323 7.73342 7.45771 7.03167 6.08246 6.04059 8.21881 8.09989 6.50855 7.28459 5.93502 7.56916 5.71803 5.64542 5.32871 5.76503 6.79597 4.84161 7.70224 4.54972 4.39675 4.38875 12.535
threshold=0.6377483581836686 0.51638661858088286 1.0000000180025095e-35 0.0020092937722238544 0.40049196054409703 0.60019321080588428 0.11240167819324855 1.8891299673879465 0.77929561144867965 0.74915735220338797 2.9748694366460793 0.32600246255126958 14.387127795924034 0.13388151399168949 0.012153530210256709 3.0937951317496952 0.39857310260213824 0.66848789117026997 2.740319461670996 4.6554719032332796 0.065260097177615078 3105.1268204207686 10.252240042950637 0.74401502828060684 122.01158863146631 94.620474654151153 1.9823507676023684 6.3584536575114683 0.18589582675654745 0.13862339516616498
decision_type=2 2 2 2 2 2 10 10 2 2 2 10 10 2 10 8 2 2 8 2 10 8 10 8 10 10 10 2 2 10
left_child=1 3 7 -1 5 10 -7 21 17 19 12 -8 13 15 24 20 -17 27 -19 28 -5 22 23 -3 25 -14 -10 -2 29 -6
right_child=8 2 -4 4 9 6 11 -9 26 -11 -12 -13 14 -15 -16 16 -18 18 -20 -21 -22 -23 -24 -25 -26 -27 -28 -29 -30 -31
leaf_value=-0.0033777443366857286 -0.0011299042412945036 0.0017025072865592046 0.012101295211194095 0.0021164336459684081 0.0054912640130116725 -0.00091692814465308607 0.0084591719578406086 0.0075882894881408704 -0.0032592203654394749 0.0068612015475274443 0.0041992522172762141 0.0076765758952520797 0.0039382158457829152 0.0097438599721746746 0.00043381855384954369 0.0041578360982880425 0.010756000574513799 0.0042007680737249451 -0.0017750041109965862 0.0033430743017016902 0.0050863310368268614 -0.0010490133590398524 0.0017879900684202848 0.022290711099466599 -0.00062910629939964802 0.0054116402248847962 0.002344339974713961 0.0034181527007515985 -0.00022624827968963448 0.00094466950426762134
leaf_weight=923 5906 46 177 770 172 40 54 143 12160 72 387 48 211 54 1279 106 77 98 124 231 242 212 142 59 80 76 170 65 3468 2013
leaf_count=923 5906 46 177 770 172 40 54 143 12160 72 387 48 211 54 1279 106 77 98 124 231 242 212 142 59 80 76 170 65 3468 2013
internal_value=-0.000443323 0.00181846 0.00738846 0.00139664 0.0017237 0.00357022 0.0123357 0.00501492 -0.00179653 0.000661742 0.00318733 0.018 0.00267783 0.0042504 0.0014827 0.00372492 0.00891848 -0.000931386 0.00387444 0.000543415 0.00277789 0.00261522 0.00560081 0.0108962 0.00540489 0.00721875 -0.00223096 -0.00111068 0.000353908 0.00140668
internal_weight=29605 11082 779 10303 9380 3424 142 602 18523 5956 3282 102 2895 1249 1646 1195 183 6193 222 5884 1012 459 247 105 367 287 12330 5971 5653 2185
internal_count=29605 11082 779 10303 9380 3424 142 602 18523 5956 3282 102 2895 1249 1646 1195 183 6193 222 5884 1012 459 247 105 367 287 12330 5971 5653 2185
is_linear=0
shrinkage=0.03


Tree=19
num_leaves=31
num_cat=0
split_feature=20 17 6 14 9 20 4 15 16 7 9 20 11 11 14 1 9 9 20 20 15 4 6 9 14 14 14 7 16 17
split_gain=85.9888 16.3338 11.5337 10.805 11.7324 10.0961 8.6119 8.35256 8.86569 8.23937 8.62654 8.08546 6.2549 5.94985 6.2696 8.4534 5.90377 5.55971 5.538 5.97339 6.13243 6.86157 5.49065 4.3581 7.89155 4.94497 3.9425 5.26281 3.7961 3.58322
threshold=0.61331334687723948 2.5113171736250868 4.2014739993098695 0.60019321080588428 0.0077047515488007966 0.81179889667061855 1515.9664642810751 2.3502401828962087 0.29730610809835717 0.30498730852503547 0.0092517436267436307 0.30705881898441983 9.4242817117107354 10.487740201990425 0.10794157586932319 0.064725596983661551 0.27389041733608083 0.0038039563718680882 0.00039431462807598927 0.38392434642015655 3.1132683346437333 2472.7641081700808 4.6554719032332796 0.080302413646144669 0.11637971804534662 0.63411359683437885 0.65212773017579095 0.22253582083822629 -0.032801778967852045 0.56390773829485596
decision_type=2 10 2 2 10 2 8 10 10 10 10 2 2 2 2 10 8 8 2 2 10 10 2 8 2 2 2 8 8 10
left_child=1 2 6 4 11 12 7 8 17 10 -10 -3 22 14 15 -6 18 -1 -8 20 28 -22 26 -9 -25 -26 -2 -28 -20 -12
right_child=5 3 -4 -5 13 -7 16 23 9 -11 29 -13 -14 -15 -16 -17 -18 -19 19 -21 21 -23 -24 24 25 -27 27 -29 -30 -31
leaf_value=0.01216831813014946 -0.00020834110285011204 0.0058031012005267417 0.0054310509268412762 0.007079502260463031 0.002771004949207484 -0.0034600223099654284 -0.005716944376629219 0.00054621186418180717 -0.0029288747461697069 0.0037739927306303452 0.011768884622649143 0.0021127134588413833 -0.0013287876092192268 0.0069155699181092075 0.00094026327257807837 0.019518452424915986 0.016586945442605135 0.0021103584227395731 0.010247117743081978 -0.00035194854767324875 0.0059890508727127164 0.00049420214973150216 0.0060474006505446595 0.0036126181957560678 0.00067730245349816173 0.0042011796893797497 0.0040122315510894117 0.00021574511374539476 0.0010130149555736224 0.0096217877580905987
leaf_weight=69 1999 131 465 64 91 10577 717 1767 44 171 126 112 6585 69 729 41 44 675 66 2519 117 92 76 52 377 41 51 80 1449 84
leaf_count=69 1999 131 465 64 91 10577 717 1767 44 171 126 112 6585 69 729 41 44 675 66 2519 117 92 76 52 377 41 51 80 1449 84
internal_value=-0.000495574 0.00174666 0.00129619 0.00497496 0.0043109 -0.00166627 0.00104149 0.00220487 0.00425897 0.00771127 0.0111294 0.010168 -0.00091481 0.00277121 0.00208469 0.00807519 0.00024935 0.00227919 0.000151178 0.000563383 0.00192348 0.00672857 0.000467602 0.00113003 0.00369427 0.00230549 0.000183012 0.00520454 0.0012566 0.0136493
internal_weight=29480 10112 8875 1237 1173 19368 8410 3406 1169 425 254 243 8791 930 861 132 5004 744 4960 4243 1724 209 2206 2237 470 418 2130 131 1515 210
internal_count=29480 10112 8875 1237 1173 19368 8410 3406 1169 425 254 243 8791 930 861 132 5004 744 4960 4243 1724 209 2206 2237 470 418 2130 131 1515 210
is_linear=0
shrinkage=0.03


Tree=20
num_leaves=31
num_cat=0
split_feature=0 12 0 14 6 15 14 17 14 8 6 6 17 16 17 8 0 17 7 0 20 0 14 15 8 13 12 4 8 0
split_gain=90.7545 25.1299 16.8635 12.3665 7.71335 7.17971 9.16273 9.46658 6.34916 6.41173 5.94774 5.78641 6.80844 5.63468 5.6136 11.246 7.97326 5.23061 4.97711 4.95432 4.143 4.10814 4.79555 4.09902 3.87821 4.23332 3.85519 3.44491 3.25983 3.17171
threshold=1.9041668348414915 0.55160230659063914 1.2377531541453881 0.74915735220338797 2.4601593750678514 2.602003343538398 0.6401078916798818 0.12413338448691022 0.21366555468538176 1.2189414241281222 4.6554719032332796 5.2733807529920798 0.70255486383016674 0.30897508697383347 3.0937951317496952 7.7696882440483011 199.92105263157899 3.0937951317496952 0.31650999233430582 1.4601847519123659 0.021721105527638195 28.257575757575761 0.1672134927545563 2.3502401828962087 122.01158863146631 0.074461342176922685 0.39299949281436058 677.98693717565777 14.219794975599038 1.5240847570199543
decision_type=10 2 8 2 2 8 2 10 2 10 2 2 8 10 8 10 10 10 10 10 2 10 2 10 10 2 2 10 10 10
left_child=2 3 -1 4 14 6 10 -8 9 19 27 12 -3 -6 24 16 17 -16 23 -7 -17 22 -14 -9 25 -2 -22 -4 -27 -11
right_child=1 11 5 -5 13 8 7 18 -10 29 -12 -13 21 -15 15 20 -18 -19 -20 -21 26 -23 -24 -25 -26 28 -28 -29 -30 -31
leaf_value=-0.0033166839715938969 0.0011122010936353375 0.00078199894082600749 0.0020591320333770043 0.0077671927310039362 0.0029306493403694197 0.0025591606655919218 -0.0008216822543281382 0.0041832715023990361 -0.0015870973828942235 -0.0015447244142319139 0.0056744686997116465 0.011689669089623137 0.011250371271010822 0.0053671371208364816 0.016600888545406454 -0.0014783561750353034 -0.004711077698292568 0.0048944653418311421 0.0020316238431762283 0.0041868431408547228 0.00066392370422555978 0.0081455016365465111 0.0046708087037750229 0.0051970247233112284 -0.0016805119397879881 0.0066982998471334359 0.003558101309716886 -0.00072109557132883173 -0.0020268736209780283 0.00052773820547019352
leaf_weight=10795 3180 78 737 66 1005 241 128 79 4776 2050 118 53 71 188 50 162 41 122 62 43 305 74 98 42 484 367 226 2681 104 1108
leaf_count=10795 3180 78 737 66 1005 241 128 79 4776 2050 118 53 71 188 50 162 41 122 62 43 305 74 98 42 484 367 226 2681 104 1108
internal_value=-0.000495074 0.00258247 -0.00139364 0.00213299 0.00199487 -0.000622825 0.000446725 0.005375 -0.0011235 -0.000141157 1.18738e-05 0.010128 0.00856211 0.00416332 0.00148096 0.00361852 0.00963084 0.0124509 0.00973369 0.00416842 0.00175937 0.0110287 0.0136059 0.0132541 0.00101185 0.00134638 0.00303947 -0.000217608 0.00399788 -0.000529915
internal_weight=29534 6674 22860 6300 6234 12065 3847 311 8218 3442 3536 374 321 1193 5041 906 213 172 183 284 693 243 169 121 4135 3651 531 3418 471 3158
internal_count=29534 6674 22860 6300 6234 12065 3847 311 8218 3442 3536 374 321 1193 5041 906 213 172 183 284 693 243 169 121 4135 3651 531 3418 471 3158
is_linear=0
shrinkage=0.03


Tree=21
num_leaves=31
num_cat=0
split_feature=12 12 20 13 17 17 7 6 14 14 14 15 15 20 17 14 14 12 14 1 15 3 17 14 3 4 8 17 19 13
split_gain=82.583 21.743 12.1379 11.1063 9.65864 8.35825 8.15254 8.52154 6.87747 7.77858 7.34183 6.35545 6.18348 5.20837 18.6623 5.05488 4.66283 4.13982 5.41426 3.97013 3.4195 3.39786 3.47836 3.39777 3.34451 3.5561 3.79567 3.3436 3.29255 3.07689
threshold=0.23487486218997769 0.53141141507227474 0.76338113583669542 1.0000000180025095e-35 2.5113171736250868 1.8891299673879465 0.30179049260442065 2.7140187635968096 0.083738801393164586 0.58184909455524469 0.066731164928892875 2.3502401828962087 1.8688348091416842 0.01062012229485306 2.5113171736250868 0.76104709913060808 0.18589582675654745 0.3245280504464399 0.60019321080588428 0.4168079096045198 2.524928003624769 1.0000000180025095e-35 0.30407551758090223 0.22519671308559638 0.10653310688301258 2709.0985330472063 7.7696882440483011 2.0950339193447265 6.5000000000000009 0.1703222092891972
decision_type=2 2 2 2 10 10 10 2 2 2 2 10 8 2 8 2 2 2 2 8 8 2 10 2 2 8 10 8 2 2
left_child=2 4 15 5 6 11 7 13 10 24 28 -3 -5 -2 17 16 29 -15 -19 -9 -8 22 -18 -7 -10 26 -26 -4 -6 -1
right_child=1 3 27 12 8 23 20 19 9 -11 -12 -13 -14 14 -16 -17 21 18 -20 -21 -22 -23 -24 -25 25 -27 -28 -29 -30 -31
leaf_value=3.5648775082695537e-05 -0.0044306503969293049 0.0010549542623622067 -0.0030157624792191517 0.0073686186264136401 0.0032468297464030645 0.0072124963332379326 0.00080307130492202733 0.0029004379932219843 0.00073528661334926193 0.0074661359169928667 0.017281526853988944 0.0069710735518005015 0.013496652998264427 0.000658690535110184 0.010505905896480351 0.0035499117920106526 0.014674413925835062 0.0029097020697355599 0.0035481644386041525 0.017209611770898373 -0.0012121667041115917 -0.0012129153391646939 -0.00095139877238232444 0.010933725116210862 0.0048715469749832409 0.0048799056541963381 -0.00071157609144528115 0.0020503185626570904 -0.00052869448405213368 0.0028459220911399301
leaf_weight=2762 434 335 12559 92 71 92 1343 804 507 41 59 75 82 2332 73 42 40 798 67 54 1272 4767 46 42 98 132 127 144 47 154
leaf_count=2762 434 335 12559 92 71 92 1343 804 507 41 59 75 82 2332 73 42 40 798 67 54 1272 4767 46 42 98 132 127 144 47 154
internal_value=-0.000510749 0.00188895 -0.00156091 0.00689291 0.00145315 0.00476697 0.00105447 0.00181985 0.00409418 0.0030298 0.00948876 0.00262774 0.0134743 0.00119514 0.00160501 -0.000630185 -0.000686873 0.00125985 0.00303118 0.00451222 -0.000280964 -0.00125649 0.00462069 0.0112444 0.00241387 0.00463408 0.00232301 -0.00213311 0.00509244 0.000261227
internal_weight=29491 8977 20514 718 8259 544 7177 4562 1082 905 177 410 174 3704 3270 7811 7769 3197 865 858 2615 4853 86 134 864 357 225 12703 118 2916
internal_count=29491 8977 20514 718 8259 544 7177 4562 1082 905 177 410 174 3704 3270 7811 7769 3197 865 858 2615 4853 86 134 864 357 225 12703 118 2916
is_linear=0
shrinkage=0.03


Tree=22
num_leaves=31
num_cat=0
split_feature=0 12 11 0 14 0 3 7 4 11 3 17 9 15 16 17 14 15 16 4 11 9 9 16 0 8 13 9 17 11
split_gain=88.4715 29.5807 16.0874 11.9068 9.00726 8.04031 6.82756 7.33539 6.60379 5.97425 5.81476 5.82429 5.31757 8.09851 4.50759 4.32309 4.27926 9.73679 5.459 6.30058 4.98349 4.64604 6.42708 4.26297 4.25829 4.16741 5.29224 4.13134 4.03252 4.07939
threshold=1.5680331807739181 0.55160230659063914 6.0100401799233785 2.4971122992531369 0.77794138982237004 1.2128135938062292 0.13889748678515546 0.31977550473824473 5766.8634291374065 9.4387898212890189 0.21012551421040629 0.86765612409901716 0.00993081662489558 1.7005986908310777 0.84609131008423255 1.8891299673879465 0.34153829716896783 3.1567740231385479 -0.0081726373535580352 1278.9482163724329 11.139946887233471 0.0077047515488007966 0.0070793987473236871 0.36631070022541584 46.498798076923087 2.2599451022073431 0.068303509066676857 0.078812190240569194 6.6585427530410923 7.499699915772176
decision_type=10 2 2 10 2 8 2 10 8 2 2 8 10 10 8 8 2 10 8 10 2 10 10 10 10 8 2 10 8 2
left_child=5 2 -2 9 6 -1 16 24 -9 23 -7 -12 15 -14 -15 -3 18 27 19 -5 -19 22 -20 25 28 26 -4 -18 29 -8
right_child=1 12 3 4 -6 10 7 8 -10 -11 11 -13 13 14 -16 -17 17 20 21 -21 -22 -23 -24 -25 -26 -27 -28 -29 -30 -31
leaf_value=-0.0032714553357116416 0.047362524574810258 0.0040691962331173394 0.0021338202101461906 0.0016884449804794516 0.0073591019327814595 -0.0017404966353908142 -0.0017145078045735409 0.0001048990972598374 0.0047145694093838906 -5.6049745489979377e-05 -0.0004692517777409732 0.0026894096314999598 0.0026358372756282405 0.0085774414981315255 0.003925327816061564 0.018581471075051106 -0.0004770521867140611 0.0056985430513538295 0.0011940903131274696 0.016145002277790858 0.0021514594355703633 0.00058614490726808491 0.0038819092608392359 0.003742478077132749 -0.0009204199211808728 0.00014647265992939073 0.020101812670953227 0.0045685243161346948 0.0081735615323428046 0.0055551589365954463
leaf_weight=9912 50 52 295 75 48 6524 40 378 95 4327 2438 537 125 115 45 76 181 50 199 87 45 2045 52 378 41 873 53 48 46 402
leaf_count=9912 50 52 295 75 48 6524 40 378 95 4327 2438 537 125 115 45 76 181 50 199 87 45 2045 52 378 41 873 53 48 46 402
internal_value=-0.000498297 0.00176061 0.00142889 0.00134092 0.00264388 -0.00168777 0.00247767 0.0046002 0.00187975 0.000498059 -0.0010639 3.52815e-05 0.00961594 0.00729021 0.0117391 0.0146977 0.00171182 0.00494769 0.00128345 0.00658896 0.0129687 0.000906399 0.00475 0.00206437 0.00702453 0.00120049 0.00397135 0.00157826 0.00780368 0.0068939
internal_weight=29632 10221 9808 9758 3832 19411 3784 1002 473 5926 9499 2975 413 285 160 128 2782 324 2458 162 95 2296 251 1599 529 1221 348 229 488 442
internal_count=29632 10221 9808 9758 3832 19411 3784 1002 473 5926 9499 2975 413 285 160 128 2782 324 2458 162 95 2296 251 1599 529 1221 348 229 488 442
is_linear=0
shrinkage=0.03


Tree=23
num_leaves=31
num_cat=0
split_feature=0 12 0 0 0 17 8 14 6 15 14 8 13 9 8 14 4 9 9 6 17 14 14 4 15 16 14 15 14 13
split_gain=80.4952 21.3543 12.2316 9.85912 7.19931 9.52528 9.5161 6.06706 5.92991 5.17021 4.61996 8.52166 4.9936 4.33867 8.48172 11.2651 4.65917 6.38127 4.31356 4.25067 4.06059 3.77714 3.6455 3.64267 3.52901 3.44475 3.41201 3.36721 3.23751 3.29648
threshold=1.6305790537585094 0.57810891105361206 2.4971122992531369 1.2224736213864604 95.446153846153848 inf 5.55527495730166 0.74915735220338797 2.4601593750678514 2.524928003624769 0.6147028676811831 1.5860235475305646 0.010851344692711552 0.043878594015436569 2.9789762408156055 0.20776396927407989 1865.1995702168426 0.091039720284359901 0.28099828191591497 1.207545414410172 0.36719720818796142 0.21165658788964961 0.60019321080588428 171.17720464539499 2.9174053685313028 0.20687652704671119 0.66848789117026997 1.4978661367769956 0.024874745753742142 0.08911287351794088
decision_type=10 2 10 8 10 8 10 2 2 8 2 10 2 8 8 2 8 10 8 2 10 2 2 10 8 10 2 8 2 2
left_child=3 2 7 -1 5 8 -7 13 22 10 12 26 -5 28 15 16 17 -15 21 -3 -19 -11 -4 -14 -10 -24 -12 -21 -2 -30
right_child=1 19 4 9 -6 6 -8 -9 24 18 11 -13 23 14 -16 -17 -18 20 -20 27 -22 -23 25 -25 -26 -27 -28 -29 29 -31
leaf_value=-0.0031721467018328976 0.023040337383740787 0.0088222769087187118 0.0023815331441132165 -0.0015752536799272826 -0.00046409769042182644 0.010288370740910073 0.0032357879841406908 0.0064073143989655541 0.0029268122381726821 -0.00065847652275476511 0.0023957752688192405 0.0012450770709429137 0.013284246299354163 0.0053392230337345687 -0.00029677519425853178 0.00072463026641161844 0.001638672972990066 0.0032151892559526825 0.0045348251025210751 0.0037343624170126191 0.011228321736344592 -0.0018317325943557105 0.00053523395005068274 0.00091469727287869296 0.0058290090833430213 0.0073239603545710609 0.0063222324452851262 0.0094681789331778118 -0.0013566256875207059 0.0016627311331003623
leaf_weight=10292 51 77 2572 1320 530 77 119 63 395 2899 40 214 52 163 1449 856 111 44 125 83 65 4248 40 1029 200 40 45 159 2040 248
leaf_count=10292 51 77 2572 1320 530 77 119 63 395 2899 40 214 52 163 1449 856 111 44 125 83 65 4248 40 1029 200 40 45 159 2040 248
internal_value=-0.000529835 0.00176745 0.00149834 -0.00159349 0.0027456 0.00324651 0.00965482 0.000524454 0.00285683 -0.000921088 0.000199925 0.00371 -0.000238552 0.000407517 0.00122945 0.00305081 0.00732031 0.00942857 -0.00133728 0.00938437 0.0150273 -0.00143411 0.00224802 0.00127264 0.00556208 0.00851852 0.011686 0.0113333 -0.00053718 -0.000705112
internal_weight=29646 9382 9063 20264 3973 3443 196 5090 3247 9972 2700 299 2401 5027 2688 1239 383 272 7272 319 109 7147 2652 1081 595 80 85 242 2339 2288
internal_count=29646 9382 9063 20264 3973 3443 196 5090 3247 9972 2700 299 2401 5027 2688 1239 383 272 7272 319 109 7147 2652 1081 595 80 85 242 2339 2288
is_linear=0
shrinkage=0.03


Tree=24
num_leaves=31
num_cat=0
split_feature=0 0 3 17 12 7 6 14 9 14 14 14 9 16 9 14 13 10 7 4 13 7 7 12 7 0 17 11 9 12
split_gain=78.791 19.6421 15.7974 11.7244 9.68734 7.50215 6.00431 5.88326 11.5894 5.59339 5.31725 5.86182 8.94615 5.11156 6.33028 5.1089 4.7346 4.71871 4.66744 5.25868 4.5648 5.01412 4.2379 4.49666 4.13219 4.45714 4.03144 3.63848 3.55996 3.50351
threshold=2.2074037802280944 1.3720085474392831 0.13889748678515546 1.9823507676023684 0.43914132904804154 0.30498730852503547 2.7140187635968096 0.4637785508060806 0.083527117436754811 0.045803942539447591 0.77794138982237004 0.18589582675654745 0.073532391474593742 0.31912430209104464 0.084756564789750258 0.055492131921737554 0.16038432273538591 1.6947538332556074 0.27301903031553959 1607.5526600137653 0.035874103367187875 0.30498730852503547 0.50019318154883396 0.49436492141671501 0.11870526401393473 1.4975561512900069 0.019267876422317396 9.4387898212890189 0.0081648053701931528 0.40322519259626072
decision_type=10 10 2 8 2 10 2 2 10 2 2 2 8 10 8 2 2 8 10 8 2 10 8 2 10 8 10 2 10 2
left_child=1 22 7 5 10 6 29 9 -9 -2 11 12 16 28 15 -15 24 26 19 -19 21 -17 -1 -24 25 -3 -14 -26 -5 -4
right_child=2 4 3 13 -6 -7 -8 8 -10 -11 -12 -13 17 14 -16 20 -18 18 -20 -21 -22 -23 23 -25 27 -27 -28 -29 -30 -31
leaf_value=-0.00254686068973986 0.01741059997779338 -0.00041489140967545206 0.0055813724707171556 0.0093914782898721783 0.0048293339155626091 0.00074821574136779863 0.0089533537675389428 0.001732098343886814 0.0052472016245823302 0.0010671431603236138 0.0053679455210200386 -0.00068697876779762461 0.0028183759174211062 -0.00063030621664876953 0.0070813275839676573 0.0074897644444527553 0.0038092386552382716 0.0053408494361662758 -0.00019122864957868253 2.7711794023006104e-05 0.0016437111918710253 0.0065588299037607784 0.00032219025974174046 0.013365712382837324 0.0010881162227056298 0.0019617596390644437 0.00091786818389531951 -0.0016898376532850771 0.0023876624450130685 0.00026524905557658306
leaf_weight=15458 138 61 222 78 153 588 173 181 66 2979 50 5384 156 43 83 61 77 120 56 42 61 99 234 40 691 54 470 1512 191 161
leaf_count=15458 138 61 222 78 153 588 173 181 66 2979 50 5384 156 43 83 61 77 120 56 42 61 99 234 40 691 54 470 1512 191 161
internal_value=-0.000540916 -0.00124696 0.00284254 0.0051448 -0.000114196 0.00334323 0.00583842 0.00163685 0.00608468 0.00128255 -0.0002466 -0.000303688 0.000704629 0.00847974 0.0108879 0.00855849 -0.000231637 0.00335858 0.00715068 0.00971779 0.0103919 0.0130435 -0.00188241 0.00181091 -0.000476068 0.0050431 0.00202871 -0.000766335 0.00534444 0.00372656
internal_weight=29682 24558 5124 1760 8826 1144 556 3364 247 3117 8673 8623 3239 616 347 264 2395 844 218 162 221 160 15732 274 2318 115 626 2203 269 383
internal_count=29682 24558 5124 1760 8826 1144 556 3364 247 3117 8673 8623 3239 616 347 264 2395 844 218 162 221 160 15732 274 2318 115 626 2203 269 383
is_linear=0
shrinkage=0.03


Tree=25
num_leaves=31
num_cat=0
split_feature=0 12 11 14 0 12 13 9 3 7 9 13 17 7 6 11 9 0 14 6 17 9 11 4 0 17 4 7 7 19
split_gain=68.1582 17.6263 15.7157 9.71984 8.37037 7.69736 6.29893 6.07691 5.70566 5.19796 4.74611 4.98726 4.68299 5.10503 7.94683 4.15929 5.90298 4.12292 5.20416 4.96294 4.79959 3.8925 3.95279 3.82335 3.55265 3.47251 3.36813 3.33044 3.25147 3.04582
threshold=1.6236126003021234 0.55160230659063914 6.0100401799233785 0.74915735220338797 1.2224736213864604 0.36576277341710034 0.0048869758444924907 0.082584343007875261 0.43711965433899885 0.0050532181551566453 0.13352993484978967 0.074461342176922685 2.8804340341922567 0.19979958833451586 2.2576434266327401 9.2558394109061286 0.092012043938932156 2.4484689893874925 0.38041736031061685 2.9131001061969015 0.15415455653252411 0.0081648053701931528 7.8813709169734869 1938.9086268584686 2.9150347373933299 2.351729683416766 102.70293015109243 0.27711800907067308 0.13103470010866011 3.5000000000000004
decision_type=10 2 2 2 8 2 2 10 2 10 10 2 10 10 2 2 10 8 2 2 10 10 2 8 10 8 8 10 10 2
left_child=4 2 -2 5 -1 10 21 12 9 -6 11 17 13 14 -7 16 27 -4 19 -19 -20 -3 -23 -22 -17 -9 -11 -13 -12 -24
right_child=1 6 3 -5 8 7 -8 25 -10 26 28 15 -14 -15 -16 24 -18 18 20 -21 23 22 29 -25 -26 -27 -28 -29 -30 -31
leaf_value=-0.0029570751369935254 0.041364097634045388 0.0076579037965280455 -0.00015929209322324564 0.0064456941569645126 0.0049835238905661947 -0.00021994827359837548 0.0093652959546611757 0.002609347485471797 0.0024760933340204658 0.013365712842990025 0.0027409194840815302 0.00039342838310326155 0.0031204379409610896 0.00057594874833039782 0.0098112572943650986 0.00084050445833515222 0.022169173256892678 0.0007354206208645324 -0.0024399392981405109 0.0035160341947287569 0.0058010048872993176 -0.0023173066419743637 0.0014917066956774963 0.0029460948584048318 0.0076747251775032988 0.0037991583740659509 -0.0011534885088303802 0.006860432994487832 -0.0017481821464243271 0.005305624159559705
leaf_weight=10256 49 91 3114 96 62 63 77 231 419 44 83 106 470 1454 63 740 47 1242 41 115 50 65 66 53 76 83 9419 53 827 81
leaf_count=10256 49 91 3114 96 62 63 77 231 419 44 83 106 470 1454 63 740 47 1242 41 115 50 65 66 53 76 83 9419 53 827 81
internal_value=-0.000552283 0.00155261 0.00128652 0.00119327 -0.00153557 0.00109033 0.00787402 0.00255729 -0.000915235 -0.00106603 0.000560323 0.000884888 0.00196002 0.00117647 0.00694488 0.00278006 0.00657971 0.000464687 0.00175566 0.00117747 0.00715862 0.00589145 0.0036338 0.0105865 0.00181395 0.00643809 -0.0011231 0.00376875 -0.00144896 0.00634459
internal_weight=29636 9436 9056 9007 20200 8911 380 2364 9944 9525 6547 5637 2050 1580 126 1022 206 4615 1501 1357 144 303 212 103 816 314 9463 159 910 147
internal_count=29636 9436 9056 9007 20200 8911 380 2364 9944 9525 6547 5637 2050 1580 126 1022 206 4615 1501 1357 144 303 212 103 816 314 9463 159 910 147
is_linear=0
shrinkage=0.03


Tree=26
num_leaves=31
num_cat=0
split_feature=0 12 9 0 9 17 17 8 14 14 4 8 13 0 3 11 9 11 16 14 15 8 12 17 15 14 8 4 7 3
split_gain=70.9124 19.0261 11.1192 10.8523 9.33228 8.53951 7.53174 7.45223 8.62944 7.41417 6.96362 6.16332 8.29206 6.6375 6.05696 5.9197 5.26838 4.98753 7.04052 4.97008 8.20824 7.96441 5.16665 4.86855 4.38914 6.06804 3.96033 5.29221 5.44404 3.81878
threshold=1.6981568131664204 0.39299949281436058 0.079301927706968187 1.2832265849579414 0.010449257592937352 2.6844859018881082 1.9823507676023684 188.65722488378449 0.15136138758427234 0.77794138982237004 1607.5526600137653 39.823606740180885 0.083434893207314773 2.4484689893874925 0.38475777239319814 8.2224192840079287 0.044515950319521748 6.9231362598071584 0.11099862532724671 0.23236501670291229 3.0677824455408698 4.8436312614115602 0.21078111094961208 1.9823507676023684 3.4175922930736511 0.6051968757028342 27.642146678326984 1085.5973430852978 0.2502079770167796 0.21552246531516853
decision_type=10 2 8 8 10 8 8 10 2 2 10 8 2 10 2 2 10 2 10 2 10 10 2 8 8 2 10 8 10 2
left_child=3 9 4 -1 6 29 -3 8 -8 11 -7 12 13 16 24 23 -2 18 -16 22 -21 -22 -15 -14 25 -5 27 28 -6 -4
right_child=1 2 5 14 26 10 7 -9 -10 -11 -12 -13 15 19 17 -17 -18 -19 -20 20 21 -23 -24 -25 -26 -27 -28 -29 -30 -31
leaf_value=-0.0026363907223800405 -0.0014399512708306991 0.0023019993565887671 0.00612089351701838 -0.00061060553172860186 0.0012253220467582657 0.0070542948392319895 0.0042860107220858241 0.00054649313381990676 0.019509728908663797 0.0059997992124912729 0.0019289291359975921 -0.00064575195606490082 0.017033066659436474 0.032003450412322214 -3.5739014021727252e-05 0.0032377619337027362 0.001158291816463997 0.0014293293376390096 0.012671918769324546 0.00216018863512989 0.0022094475618511661 0.0051942123927527922 0.00032475125263470143 0.0076829810857723486 -0.0023551238034089138 0.0024029583486115573 0.00053572303198648594 0.0014949665416424986 0.0064574511675760862 0.0020668992536947862
leaf_weight=12321 1334 247 58 5150 69 83 129 52 60 41 43 1700 48 79 41 695 1075 658 42 414 42 75 728 40 2428 438 758 418 113 192
leaf_count=12321 1334 247 58 5150 69 83 129 52 60 41 43 1700 48 79 41 695 1075 658 42 414 42 75 728 40 2428 438 758 418 113 192
internal_value=-0.000531686 0.00178255 0.00416734 -0.00146421 0.00320628 0.00886472 0.00676074 0.0105248 0.0132789 0.000937021 0.0152126 0.00085219 0.00143015 0.000842849 -0.000656657 0.00423597 -9.8341e-05 0.00193666 0.00882143 0.00253622 0.00478759 0.0117712 0.00105074 0.0115281 -0.000896595 -0.00043371 0.00192494 0.00374376 0.008 0.00561753
internal_weight=29571 8493 2222 21078 1846 376 488 241 189 6271 126 6230 4530 3747 8757 783 2409 741 83 1338 531 117 807 88 8016 5588 1358 600 182 250
internal_count=29571 8493 2222 21078 1846 376 488 241 189 6271 126 6230 4530 3747 8757 783 2409 741 83 1338 531 117 807 88 8016 5588 1358 600 182 250
is_linear=0
shrinkage=0.03


Tree=27
num_leaves=31
num_cat=0
split_feature=0 12 11 12 0 9 3 17 6 4 17 7 16 7 15 9 12 17 9 9 17 4 0 15 9 11 4 17 17 7
split_gain=62.077 18.9914 13.1975 8.08438 6.78916 6.7146 5.53072 6.65448 4.93401 4.76059 4.41719 5.84441 7.95218 4.38042 7.45178 4.0268 3.95396 3.91463 3.79369 5.71348 4.38161 4.70217 4.15909 4.92063 4.85249 3.79752 3.82926 3.72899 5.75912 3.5703
threshold=1.5680331807739181 0.57810891105361206 6.0100401799233785 0.35688351644630428 1.1663551506813641 0.083527117436754811 0.21552246531516853 1.016278417560202 7.4529089980858076 365.42184983669341 2.8804340341922567 0.19785963732970493 0.36631070022541584 0.085455286261315141 2.1383330595080281 0.26849697880974327 0.12818578308380915 1.8891299673879465 0.13493982625662096 0.077106498747850111 1.1420528169633293 2472.7641081700808 2.9971553854031452 3.1132683346437333 0.030232996120123035 8.4043603267498472 281.46999805843689 0.011858210722761936 0.79510341454631328 0.1519946446746516
decision_type=10 2 2 2 8 10 2 8 2 8 10 10 10 10 10 10 2 8 10 8 8 8 10 10 10 2 10 10 10 10
left_child=4 2 -2 18 -1 10 13 15 17 -9 11 12 -5 14 16 -8 -6 -3 19 22 29 -22 25 -24 27 26 -4 -25 -29 -21
right_child=1 8 3 5 6 -7 7 9 -10 -11 -12 -13 -14 -15 -16 -17 -18 -19 -20 20 21 -23 23 24 -26 -27 -28 28 -30 -31
leaf_value=-0.0031951393502542592 0.042102060557367753 0.0026755485595919191 -0.0027127732601753161 0.0060043723102350928 0.0084453354226170334 0.0030746220934081089 -0.00051174399870345646 0.0076753532937490192 0.010149805402047506 0.0018207537978012277 0.002349377862116787 0.0005890200083886924 -0.0013827004023152869 -0.0020790641294406694 -0.00034487389484330681 0.006938106082494077 0.0018862962016518063 0.010537753616820484 -0.0010950301943763107 0.0046955307564993613 0.0060510622282719086 0.0011000528911186832 0.001176949468142764 -0.0011321130509391794 0.0065430972728151337 -0.00029931930072425522 0.0043966632065179827 0.0034922465637867248 -0.00062852375478567881 0.00071873593123001592
leaf_weight=8221 43 137 111 85 49 384 2957 84 42 370 524 1641 60 6796 880 40 68 147 963 254 147 105 701 59 45 3678 232 80 47 738
leaf_count=8221 43 137 111 85 49 384 2957 84 42 370 524 1641 60 6796 880 40 68 147 963 254 147 105 701 59 45 3678 232 80 47 738
internal_value=-0.000529288 0.00136356 0.00112841 0.0010551 -0.00152343 0.00245566 -0.0010442 -4.43228e-05 0.00847706 0.00333626 0.00184336 0.0011315 0.00688356 -0.00148691 0.000369739 -0.000557372 0.00744915 0.00701053 0.000527859 0.000800096 0.00261687 0.00614229 0.000343358 0.00214791 0.00593534 -7.53364e-05 0.00293895 0.00375401 0.00663281 0.00171601
internal_weight=29688 10223 9897 9854 19465 2694 11244 3451 326 454 2310 1786 145 7793 997 2997 117 284 7160 6197 1244 252 4953 932 231 4021 343 186 127 992
internal_count=29688 10223 9897 9854 19465 2694 11244 3451 326 454 2310 1786 145 7793 997 2997 117 284 7160 6197 1244 252 4953 932 231 4021 343 186 127 992
is_linear=0
shrinkage=0.03


Tree=28
num_leaves=31
num_cat=0
split_feature=0 12 11 11 13 20 0 11 16 6 15 14 17 13 12 16 17 3 14 9 3 9 11 4 17 17 17 11 14 11
split_gain=62.0848 19.8651 14.5382 8.99687 7.10268 6.72422 6.43875 5.94461 5.78447 5.48838 4.86059 8.08174 4.58528 4.5648 7.80533 4.23552 4.15019 4.08106 6.66633 4.5278 3.91717 3.7981 6.27212 4.44009 3.7348 3.7216 3.45958 5.07127 4.09009 3.31378
threshold=1.5680331807739181 0.57810891105361206 6.0100401799233785 9.4387898212890189 0.082866252440618973 0.8593846248604653 2.3344037515194613 9.3824853214326733 0.36631070022541584 5.2733807529920798 3.0677824455408698 0.30695563705801032 0.99399022448360319 0.0069847246356523575 0.51638661858088286 -0.032801778967852045 1.5843898560536684 0.14059640524172845 0.069160859213716855 0.030232996120123035 0.11467231647899305 0.084756564789750258 8.1699026073017489 923.3373347017972 0.37698783655059082 1.8891299673879465 2.8804340341922567 10.426261508060465 0.082102018850611205 8.2224192840079287
decision_type=10 2 2 2 2 2 10 2 10 2 10 2 10 2 2 8 8 2 2 10 2 10 2 8 10 8 10 2 2 2
left_child=5 2 -2 4 8 7 -5 13 -4 25 15 17 24 -1 -15 -8 -10 -12 -19 -20 -6 23 -23 -18 -13 -3 -17 28 -28 -22
right_child=1 9 3 6 20 -7 10 -9 16 -11 11 12 -14 14 -16 26 21 18 19 -21 29 22 -24 -25 -26 -27 27 -29 -30 -31
leaf_value=-0.001253509495985488 0.044554002808243891 0.0026396645051699175 0.0011400151921458774 -0.00028071475728771707 0.0088098098898604735 -0.0031037067807325146 0.015440604863894616 -0.0014772567035622245 0.0023718891543986816 0.0096173791765529672 0.0010884676497291141 0.0027490872743702222 0.0011597168681221003 0.00071714345358281373 0.010223172717640337 -0.00012263128319979906 0.00096265933529532909 -0.00098018993707783657 0.0021991949310041026 0.0072595604432231379 0.010688686196340901 0.0067804830370252339 0.0026710568901779997 0.0061956902216046732 0.0041207178761402397 0.010087244211230197 0.0032421784259470173 0.0041571259437051932 0.00081392107844355124 0.0044855491010524417
leaf_weight=1610 55 133 2054 4074 110 8071 79 8142 334 46 447 65 47 1502 64 1554 109 43 41 43 65 41 47 96 54 149 41 41 346 130
leaf_count=1610 55 133 2054 4074 110 8071 79 8142 334 46 447 65 47 1502 64 1554 109 43 41 43 65 41 47 96 54 149 41 41 346 130
internal_value=-0.000552036 0.00133704 0.0010963 0.00100963 0.00238433 -0.00155013 0.000412303 -0.00107819 0.00188926 0.00858966 0.00151927 0.00360324 0.00941317 2.26622e-05 0.00117549 0.00076964 0.00440923 0.00190956 0.00663281 0.0115059 0.00671569 0.0070102 0.0122022 0.00473301 0.012525 0.00697526 0.000496217 0.00288112 0.00180155 0.0092602
internal_weight=29633 10244 9916 9861 2986 19389 6875 11318 2681 328 2801 740 166 3176 1566 2061 627 574 127 84 305 293 88 205 119 282 1982 428 387 195
internal_count=29633 10244 9916 9861 2986 19389 6875 11318 2681 328 2801 740 166 3176 1566 2061 627 574 127 84 305 293 88 205 119 282 1982 428 387 195
is_linear=0
shrinkage=0.03


Tree=29
num_leaves=31
num_cat=0
split_feature=0 11 0 8 0 6 6 11 14 14 4 8 14 4 17 15 14 17 15 7 7 0 13 15 14 9 17 15 14 7
split_gain=53.8923 14.8707 9.95615 7.45477 7.10632 6.56761 5.02571 4.52266 4.65712 4.61012 4.49682 6.70984 4.34254 3.86917 3.83293 3.68081 4.34654 5.7073 7.62972 4.10027 4.09255 3.53561 3.41918 5.85037 6.20548 4.28852 3.31448 3.51827 8.30852 5.09023
threshold=1.5536437837739594 6.6247287979039262 2.5461914976865621 1.9130644606099367 1.2224736213864604 2.3262602725095194 7.4529089980858076 9.4526981414443565 0.69960812274525919 0.180032785398999 405.6877845375534 0.99301086348056844 0.73530358453624522 307.87041960936216 0.86765612409901716 3.6505739029280164 0.66848789117026997 0.15415455653252411 2.8029010331479989 0.081802939282435955 0.21901488361071872 28.257575757575761 0.024774517046972949 2.740319461670996 0.075292873884918579 0.0081648053701931528 3.0937951317496952 3.1132683346437333 0.24116311111870239 0.23850008242226103
decision_type=10 2 10 10 8 2 2 2 2 2 8 10 2 8 8 8 2 10 10 10 10 10 2 8 2 8 8 10 2 10
left_child=4 3 6 -2 -1 12 7 8 9 13 14 -12 21 -3 -6 16 19 -18 20 -13 -19 26 25 24 -24 -15 27 -4 -29 -30
right_child=1 2 5 -5 10 -7 -8 -9 -10 -11 11 15 -14 22 -16 -17 17 18 -20 -21 -22 -23 23 -25 -26 -27 -28 28 29 -31
leaf_value=-0.0026914986804367881 0.044793976383963 -0.0023988222046192093 0.0007454848301249173 0.0090137322561025419 -0.00010034443826302739 0.0028783246148802013 0.0067328538564890373 -0.00020838426016750854 0.0042837980684141954 -0.00025903915151905032 0.0078943150408273596 0.0010965356278881094 0.0059570998358095019 0.0044527379373475338 0.004467177664623798 -0.0028147499451729994 -0.0017934841691216745 0.0070780855815842543 -0.0016736765828771992 -0.0010847244516472732 0.002815119013263217 -0.00052933160827822506 -0.00021031017208074341 -0.0015439264239560531 0.0065554716791071917 0.00085222645505130749 0.0028450650866513067 0.00064465069250767954 0.004710570208390683 0.0026517148411721592
leaf_weight=10255 48 107 1591 92 327 913 72 4573 76 904 83 563 42 98 178 1777 142 42 66 5710 40 532 40 45 104 388 542 218 76 55
leaf_count=10255 48 107 1591 92 327 913 72 4573 76 904 83 563 42 98 178 1777 142 42 66 5710 40 532 40 45 104 388 542 218 76 55
internal_value=-0.000552425 0.00117353 0.00104192 0.0108511 -0.00149859 0.00222242 0.000310393 0.00022017 0.00151106 0.00118079 -0.000879606 -0.00104452 0.00155446 0.0028659 0.00186759 -0.00112936 -0.000801189 0.0027835 0.00688591 -0.000967326 0.0129398 0.0014189 0.00370562 0.00712105 0.0100552 0.0023655 0.00189448 0.00131376 0.00403714 0.00997727
internal_weight=29699 10516 10376 140 19183 3969 6407 6335 1762 1686 8928 8423 3056 782 505 8340 6563 290 148 6273 82 3014 675 189 144 486 2482 1940 349 131
internal_count=29699 10516 10376 140 19183 3969 6407 6335 1762 1686 8928 8423 3056 782 505 8340 6563 290 148 6273 82 3014 675 189 144 486 2482 1940 349 131
is_linear=0
shrinkage=0.03


Tree=30
num_leaves=31
num_cat=0
split_feature=12 6 20 17 12 12 4 8 20 4 14 15 13 12 11 14 11 9 14 13 14 6 14 9 10 17 11 4 11 4
split_gain=53.0191 12.6229 8.07288 7.06541 6.33186 6.30956 5.83307 5.79923 7.35225 7.24995 6.14506 5.65704 5.56475 6.55979 5.0129 5.00834 4.89924 5.51168 4.734 5.09116 4.84124 4.51363 4.47494 7.11353 4.4729 4.363 4.34289 4.22544 5.42958 4.19561
threshold=0.22105238076137559 6.3584536575114683 0.77473625288102954 2.5113171736250868 0.53141141507227474 0.47705161484395925 4299.583101643223 39.367390213594916 0.40842527049644201 618.25420038536083 0.64617256261511691 2.8029010331479989 0.071382067266364216 0.42623696165890085 9.1951759701679201 0.56033609807663798 10.333856632878296 0.079301927706968187 0.066731164928892875 0.11398078961166518 0.74915735220338797 1.3204413383131033 0.22145440488631049 0.039629703288945099 1.4031398518382996 0.045382253189301079 10.021803775407767 1287.2863645613199 10.12284394139424 2566.5949810503985
decision_type=2 2 2 10 2 2 8 10 2 8 2 8 2 2 2 2 2 8 2 2 2 2 2 8 10 10 2 8 2 10
left_child=2 3 18 7 -3 15 -7 8 9 12 22 14 13 -2 -12 -5 17 -11 19 27 -20 -19 23 -10 -16 -25 -21 28 -1 -18
right_child=1 4 -4 5 -6 6 -8 -9 10 16 11 -13 -14 -15 24 -17 29 21 20 26 -22 -23 -24 25 -26 -27 -28 -29 -30 -31
leaf_value=0.0014524716693365318 -0.0036643463024551453 0.0058552821387493834 -0.0024251127135730397 0.0012880673921666942 0.0086980168537081539 0.0035720062641646211 0.0058286600541649731 -0.00061907130145139554 -0.00067378262921406913 0.00038590066501248985 0.0011975059025499768 -0.00097533884616987242 0.0097477031048709036 0.006935574741981575 0.0046048312973799212 0.0058767362484153035 0.0040002205006867035 0.0029522994900311262 -0.00089457067118258306 0.0015727850959871721 0.0023739604544628923 0.0085796436351590899 -0.00056912694144072311 0.004746663460375865 0.0028871011827696323 0.0017421549247677503 0.0041677949889394189 -0.0028814782405355236 0.0026446030572427294 0.0015033907931466962
leaf_weight=276 77 163 12203 952 52 181 45 2221 871 1273 73 107 48 102 59 40 235 170 6696 77 59 185 1960 130 45 710 60 253 54 166
leaf_count=276 77 163 12203 952 52 181 45 2221 871 1273 73 107 48 102 59 40 235 170 6696 77 59 185 1960 130 45 710 60 253 54 166
internal_value=-0.000564887 0.00122998 -0.00146471 0.00106932 0.00840278 0.00320427 0.00771806 0.000760583 0.001231 0.00259725 0.000451213 0.00469474 0.00767105 0.00518333 0.00797191 0.00216918 0.00202611 0.00129282 -0.000688203 0.00162275 -0.000934725 0.0045927 0.000121731 0.00124241 0.0121714 0.00321046 0.00680435 0.000395547 0.0026284 0.00499254
internal_weight=29543 9865 19678 9650 215 1218 226 8432 6211 2256 3955 284 227 179 177 992 2029 1628 7475 720 6755 355 3671 1711 104 840 137 583 330 401
internal_count=29543 9865 19678 9650 215 1218 226 8432 6211 2256 3955 284 227 179 177 992 2029 1628 7475 720 6755 355 3671 1711 104 840 137 583 330 401
is_linear=0
shrinkage=0.03


Tree=31
num_leaves=31
num_cat=0
split_feature=0 0 11 14 12 20 7 4 15 11 7 17 0 14 16 14 9 6 13 15 9 9 17 11 12 4 7 11 15 15
split_gain=53.9205 13.736 6.95409 6.75572 6.39552 6.11287 6.31685 6.87264 6.00167 5.53358 5.06389 4.90812 4.53313 6.39517 10.0659 4.26053 7.6557 4.31752 4.27879 4.16949 4.10484 3.54923 3.4487 5.52323 4.78918 3.62721 4.45443 3.67181 3.4169 3.87639
threshold=1.4719571470147133 2.5461914976865621 6.0100401799233785 0.74915735220338797 0.68314819420586403 0.86900430771959791 0.085455286261315141 405.6877845375534 2.1383330595080281 8.7551859424742933 0.12444136158744797 1.0379166167518183 28.257575757575761 0.60019321080588428 0.22860730223158685 0.21366555468538176 0.073532391474593742 3.7679581909318753 0.08911287351794088 2.249904835165133 0.24163086620452548 0.027932793498658424 2.8804340341922567 10.546616940613026 0.35688351644630428 1618.6898756703406 0.27711800907067308 9.5514447183964624 1.2424533248940004 2.1383330595080281
decision_type=10 10 2 2 2 2 10 8 8 2 10 8 10 2 10 2 8 2 2 8 8 10 8 2 2 10 10 2 10 10
left_child=5 3 -3 15 10 6 8 11 9 -1 -4 -8 13 22 -15 16 18 -18 -2 -17 -10 -6 -12 24 -24 26 -26 -28 -13 -30
right_child=1 2 4 -5 21 -7 7 -9 20 -11 12 28 -14 14 -16 19 17 -19 -20 -21 -22 -23 23 -25 25 -27 27 -29 29 -31
leaf_value=-0.00072412293648193855 -0.00057270953232991162 0.039615698704880173 0.0080606583876897432 0.0047779212229376944 0.009656621879188608 -0.0030070213225877438 2.4092931201814493e-05 -0.001729629929349829 -0.00055103670265162067 0.0060000909392566894 0.0017221273791451742 0.001105139361153844 -0.0001658299281511468 1.0575610248009792e-05 0.0056242917547656675 0.0012866007568278607 0.0019807854279132796 0.004595075664917612 0.0016205760920607211 -0.00070282122444752649 0.0029206613523607467 0.0022051252897303218 -0.00032993087367144002 0.0052343671923032022 0.0076302190228995821 0.0013472488913906237 0.0034082221010286111 -0.00053225452615402586 0.0099351381307742782 0.00094391302484575696
leaf_weight=66 2228 53 64 100 50 7657 416 8056 1100 88 2185 58 741 68 79 735 828 87 476 3236 246 57 208 40 52 267 142 59 54 41
leaf_count=66 2228 53 64 100 50 7657 416 8056 1100 88 2185 58 741 68 79 735 828 87 476 3236 246 57 208 40 52 267 142 59 54 41
internal_value=-0.000518689 0.00105776 0.00246803 0.000312052 0.00232345 -0.00156082 -0.00107693 -0.0013894 0.00071952 0.00630968 0.00212366 0.00179474 0.00198256 0.00248629 0.00857432 0.000209458 0.000953867 0.00332424 0.000150831 -0.000469034 7.57231e-05 0.00952778 0.00218043 0.00390897 0.00330041 0.00483685 0.00740551 0.00533168 0.00637013 0.00984375
internal_weight=29537 11755 4065 7690 4012 17782 10125 8625 1500 154 3905 569 3841 3100 147 7590 3619 915 2704 3971 1346 107 2953 768 728 520 253 201 153 95
internal_count=29537 11755 4065 7690 4012 17782 10125 8625 1500 154 3905 569 3841 3100 147 7590 3619 915 2704 3971 1346 107 2953 768 728 520 253 201 153 95
is_linear=0
shrinkage=0.03


Tree=32
num_leaves=31
num_cat=0
split_feature=12 6 20 14 15 17 11 16 12 7 14 15 14 15 3 11 8 20 11 8 7 15 14 17 14 17 3 17 1 11
split_gain=46.3793 8.71155 8.32854 5.6837 5.63181 6.06235 7.22652 5.35951 5.33963 4.8966 3.91227 3.85057 4.30534 3.83637 3.66497 3.55352 3.46342 3.23643 3.94349 4.37001 3.23307 5.24707 4.53642 4.0738 3.96616 3.08149 2.98488 3.12224 2.91183 2.98463
threshold=0.22105238076137559 2.4998757446093158 0.8593846248604653 0.76104709913060808 2.524928003624769 2.5113171736250868 8.9400396780384881 0.23063897494057395 0.61181374187275106 -0.012797667191165063 0.060220462704673579 3.4175922930736511 0.60019321080588428 1.4978661367769956 0.079732798937790506 10.601361045763651 5.55527495730166 0.55070756668987719 9.5731067231309002 25.579980434925428 0.19785963732970493 4.0342014792848504 0.18589582675654745 2.5113171736250868 0.1340966933886982 0.18669575667913088 0.11639947699013543 -0.035365270809652509 0.2303271441202476 6.7411100271291398
decision_type=2 2 2 2 8 10 2 10 2 10 2 8 2 10 2 2 10 2 2 10 10 8 2 10 2 10 2 10 10 2
left_child=2 4 3 9 7 -6 -7 -2 20 -1 28 12 -12 -10 25 16 -8 18 19 26 21 22 24 -22 -3 -14 -9 -28 29 -11
right_child=1 8 -4 -5 5 6 15 17 13 10 11 -13 14 -15 -16 -17 -18 -19 -20 -21 23 -23 -24 -25 -26 -27 27 -29 -30 -31
leaf_value=0.0075495726810711891 0.00050181307278749634 0.0017170734578141737 -0.002840994962687238 0.0027785374024609636 -0.00037802591761920847 0.0048653429047623145 0.0023568110998836932 0.0013967248508030697 0.0028154316018271564 0.041835489056132373 -0.00095118185980738507 -0.0022317381720449625 0.01333422423028943 0.0074569155650994062 0.0002052893615657823 0.0052785071497594305 -0.00098958666970161424 0.00050675248172375482 0.0015906130966850706 0.0016329376326542965 0.00075591771163964776 0.01533635773934477 0.001049975244638334 0.0022879323610643294 0.0042958735836189834 0.0036548648127294327 0.0081543622666129037 0.0057332453190308249 0.0019789249484417509 -2.3406612087033686e-05
leaf_weight=49 1841 93 8066 70 3986 47 49 97 74 43 7259 2783 41 55 350 40 215 513 446 331 1083 42 348 245 65 42 123 258 76 964
leaf_count=49 1841 93 8066 70 3986 47 49 97 74 43 7259 2783 41 55 350 40 215 513 446 331 1083 42 348 245 65 42 123 258 76 964
internal_value=-0.000527766 0.00114218 -0.00136948 -0.000857254 0.000696111 -3.25042e-05 0.00374148 0.00157147 0.00290877 -0.000908943 -0.000949391 -0.00112686 -0.00078071 0.00879231 0.00212212 0.00202623 0.000747169 0.00275071 0.00357086 0.00481852 0.00249973 0.00443716 0.00357396 0.00169752 0.00777358 0.00775 0.00665136 0.00784555 0.000766604 0.000336309
internal_weight=29694 9951 19743 11677 7946 4337 351 3609 2005 11607 11558 10475 7692 129 433 304 264 1768 1255 809 1876 548 506 1328 158 83 478 381 1083 1007
internal_count=29694 9951 19743 11677 7946 4337 351 3609 2005 11607 11558 10475 7692 129 433 304 264 1768 1255 809 1876 548 506 1328 158 83 478 381 1083 1007
is_linear=0
shrinkage=0.03


Tree=33
num_leaves=31
num_cat=0
split_feature=0 12 11 20 9 14 0 11 17 6 7 0 17 14 9 6 15 20 17 14 9 1 11 17 7 17 12 14 13 12
split_gain=46.8005 12.2515 8.65524 6.41048 6.4678 6.33159 6.13632 5.14167 5.50844 4.58734 4.26269 3.9332 3.81889 3.67451 5.00388 3.36383 3.02488 3.0119 3.35222 2.96302 6.48537 4.60958 3.83684 6.85209 3.83466 3.48222 3.15339 2.94652 2.9298 6.1018
threshold=1.5842402323413773 0.61181374187275106 6.0100401799233785 0.86666701725799744 0.27130284224907136 0.77794138982237004 2.3344037515194613 9.3824853214326733 1.9823507676023684 2.3262602725095194 0.071104848492960712 9.2320075079313604 5.9592302853142547 0.060220462704673579 0.0200726730997281 3.5404193668873769 2.1383330595080281 0.021721105527638195 inf 0.21768335968322064 0.095979183984746141 0.20864427860696524 10.159698305869727 0.36719720818796142 0.11870526401393473 0.19841543246194329 0.43263878002697848 0.19800921928783743 0.0098583859459051761 0.53141141507227474
decision_type=10 2 2 2 8 2 10 2 10 2 10 10 8 2 10 2 8 2 8 2 8 8 2 10 10 10 2 2 2 2
left_child=3 2 -2 4 7 6 19 8 28 17 -6 -7 -12 -3 -15 -16 -11 -8 -19 20 24 22 23 -22 -4 -24 -26 -20 -1 -30
right_child=1 13 5 -5 10 11 9 -9 -10 16 12 -13 -14 14 15 -17 -18 18 27 -21 21 -23 25 -25 26 -27 -28 -29 29 -31
leaf_value=-0.0013916436766217824 0.036651111690686133 -0.00031333415326863316 0.0019779084152531006 -0.0027804952246343073 0.0052880276428271507 0.0053546272956233728 -0.00072534964708060277 -0.001367415089675732 0.0033370018090600113 0.00063631857330439297 -0.0026621387668476072 0.0031667884314779135 0.012025967449829337 0.018030891922077349 0.00037092370176342856 0.0027622319160038209 0.0031209920795447323 0.0014895324438603079 0.00048346055248796533 -0.00037524725420292606 0.00040926985139763471 -0.00041640726628714922 0.0037389748141133457 0.0077199372914712556 -0.00018700311227111294 -0.0002779884785861217 0.006209653644243281 0.0047738304037446225 0.00032823512036749539 0.0071847703696018448
leaf_weight=1524 51 40 79 7826 145 49 438 8327 139 305 119 42 41 69 62 45 667 2868 52 2756 40 81 42 66 2019 78 56 43 1474 45
leaf_count=1524 51 40 79 7826 145 49 438 8327 139 305 119 42 41 69 62 45 667 2868 52 2756 40 81 42 66 2019 78 56 43 1474 45
internal_value=-0.000514854 0.00116152 0.00100421 -0.00136398 -0.000922726 0.000938545 0.000863309 -0.0010371 -1.13108e-05 0.00169204 0.00338235 0.00877174 -7.10813e-10 0.00821198 0.0100678 0.00591667 0.00350874 0.00117196 0.00151518 0.000168455 0.000924857 0.00499675 0.00718943 0.0113271 0.000342459 0.00347107 9.39299e-05 0.00703125 -0.00027891 0.000653289
internal_weight=29588 9948 9732 19640 11814 9681 9590 11509 3182 4373 305 91 160 216 176 107 972 3401 2963 5217 2461 307 226 106 2154 120 2075 95 3043 1519
internal_count=29588 9948 9732 19640 11814 9681 9590 11509 3182 4373 305 91 160 216 176 107 972 3401 2963 5217 2461 307 226 106 2154 120 2075 95 3043 1519
is_linear=0
shrinkage=0.03


Tree=34
num_leaves=31
num_cat=0
split_feature=0 12 7 0 17 14 8 3 14 9 0 8 9 0 14 8 14 3 8 8 1 15 9 7 4 8 14 15 4 9
split_gain=47.8786 9.82776 7.20345 6.25245 6.25008 5.88014 5.70303 5.30079 5.06488 4.68092 5.49988 4.57489 6.10665 7.15997 6.27135 5.68716 7.7822 5.40597 4.30195 4.00002 4.4069 3.68471 5.69871 5.19113 4.10762 4.59697 3.64199 3.51135 3.24707 3.22308
threshold=1.5842402323413773 0.43263878002697848 0.17179431983381199 1.1563088726746396 2.0950339193447265 0.77794138982237004 1.1121659858158039 0.50541988633251311 0.6051968757028342 0.079726801390994043 4.3260389723734116 39.367390213594916 0.073532391474593742 2.5461914976865621 0.17858628084352038 3.0337341919412295 0.13069051613163477 0.29520502035488222 234.71963551687108 74.306852282582867 0.11145617667356801 3.1132683346437333 0.030232996120123035 0.21222726420998497 465.56484993634325 7.7696882440483011 0.12501922485389114 3.2769667020129059 102.70293015109243 0.13352993484978967
decision_type=10 2 10 8 10 2 10 2 2 8 10 10 8 10 2 10 2 2 10 10 8 10 10 10 8 10 2 10 8 10
left_child=3 5 -3 -1 9 11 -5 8 28 -4 -11 12 13 -2 15 16 17 -14 19 20 -6 24 23 -23 25 -15 -9 -16 -8 -13
right_child=1 2 4 6 18 -7 7 26 -10 10 -12 29 14 21 27 -17 -18 -19 -20 -21 -22 22 -24 -25 -26 -27 -28 -29 -30 -31
leaf_value=-0.0026776831731483808 -0.00023372107267659314 0.008822333138847142 0.00076582949721981165 0.0018007772544087661 0.0037803125532287606 0.0050907499385624061 0.01048480645737887 0.0056927160087778192 0.00061181385793033518 0.0013880527315760179 0.0052909785845366699 0.00031145120669630083 0.0016839428169748909 0.031020534895706067 0.001532826531083358 0.0010943137244040348 0.0077965235221660852 0.0086420377581160179 -0.00078555620975898543 0.0038768379429348328 0.0055640381176600912 0.0036929880372247874 0.0049843642098967933 -0.00059274598765236819 0.0010708304499073972 -0.00041506518841026054 0.0011711890525054505 -0.0010730982944108861 -0.001418739673875782 -0.0021637049297248559
leaf_weight=7872 3040 84 883 709 173 55 42 40 976 111 62 1616 174 53 827 143 93 40 68 105 50 122 88 144 997 46 76 304 9920 714
leaf_count=7872 3040 84 883 709 173 55 42 40 976 111 62 1616 174 53 827 143 93 40 68 105 50 122 88 144 997 46 76 304 9920 714
internal_value=-0.000532301 0.00115821 0.003365 -0.0013926 0.00286579 0.000757005 -0.000954523 -0.00112185 -0.00118969 0.00165752 0.00615517 0.000692334 0.00112599 0.000561122 0.00272882 0.00572062 0.00801623 0.00482791 0.00607557 0.00749544 0.00518304 0.00229497 0.00495211 0.00274157 0.001433 0.00723 0.00523077 0.00153445 -0.00139175 -0.000437581
internal_weight=29627 9992 1536 19635 1452 8456 11763 11054 10938 1056 173 8401 6071 4490 1581 450 307 214 396 328 223 1450 354 266 1096 99 116 1131 9962 2330
internal_count=29627 9992 1536 19635 1452 8456 11763 11054 10938 1056 173 8401 6071 4490 1581 450 307 214 396 328 223 1450 354 266 1096 99 116 1131 9962 2330
is_linear=0
shrinkage=0.03


Tree=35
num_leaves=31
num_cat=0
split_feature=0 0 3 0 7 3 15 11 7 4 14 15 14 11 14 11 1 6 0 7 4 11 4 13 4 14 3 4 16 9
split_gain=41.2154 9.29722 6.82839 6.86963 5.71438 6.19493 5.88662 5.20343 4.0933 4.64736 4.58823 4.56147 3.9963 3.99514 6.31833 4.55773 5.05544 3.92866 3.8064 6.96959 4.513 4.85256 3.58296 3.51766 5.27147 4.00915 3.4481 3.24644 3.22728 3.17497
threshold=1.6981568131664204 1.1563088726746396 0.123315006362833 2.4971122992531369 0.085455286261315141 0.50541988633251311 2.1383330595080281 9.2558394109061286 0.31650999233430582 2748.7378177966707 0.61034220030491604 1.8688348091416842 0.6051968757028342 9.987415011414571 0.11434295253614531 10.546616940613026 0.031754032258064509 6.3584536575114683 3.2569134638102266 0.13312410547389344 1990.0262514469575 10.601361045763651 421.6800181607619 1.0000000180025095e-35 3005.105268157341 0.64617256261511691 0.38110107542876365 811.44449334742694 0.022209434588247305 0.27130284224907136
decision_type=10 8 2 10 10 2 8 2 10 8 2 10 2 2 2 2 10 2 10 10 8 2 8 2 10 2 2 8 8 8
left_child=1 -1 18 17 6 12 7 -3 10 26 11 -5 22 14 -13 -15 -17 -4 -2 -20 21 -21 -6 24 -14 -26 -10 -7 -22 -8
right_child=2 4 3 8 5 27 29 -9 9 -11 -12 13 23 15 -16 16 -18 -19 19 20 28 -23 -24 -25 25 -27 -28 -29 -30 -31
leaf_value=-0.0027012139009704133 -0.00034485644956718306 0.0015341387061020555 0.00090299692752775814 0.001418316196461548 0.00061392568688954869 0.0062915147189776264 -0.0002139035584391474 0.0059098819450286375 -0.00047579979053854885 0.0040574350650628256 0.0058861972852837655 0.0055987261250955789 0.0013348934783688681 -7.5811296791909211e-06 0.0054044105525389617 0.004195351666283465 0.0010654083444827738 0.0058929360042152094 0.015736994769009423 0.0019756613839131141 0.0093708550086589494 0.0046455213379963051 -0.0014518252063707169 -0.00055037365624454801 0.00047439771194665939 0.0061698077814560503 0.0022844021241781058 0.0015888286633927646 -0.00035862202542095008 0.0037726551338269788
leaf_weight=7879 2640 104 2318 246 650 49 1332 52 421 311 46 74 358 144 174 41 51 62 41 758 58 41 9782 559 46 53 69 82 1033 161
leaf_count=7879 2640 104 2318 246 650 49 1332 52 421 311 46 74 358 144 174 41 51 62 41 758 58 41 9782 559 46 53 69 82 1033 161
internal_value=-0.000570422 -0.00128155 0.00118959 0.00210182 -0.000795526 -0.00103083 0.000856363 0.00638216 0.00363688 0.00212843 0.00518919 0.00459644 -0.00110525 0.00628454 0.00893976 0.00346835 0.00864516 0.00108358 0.000399606 0.00141149 0.00114225 0.00285375 -0.00128017 0.000690265 0.00263974 0.00873 0.000305498 0.00543182 -0.000112638 0.0002751
internal_weight=29635 21107 8528 3957 13228 11579 1649 156 1577 801 776 730 11448 484 248 236 92 2380 4571 1931 1890 799 10432 1016 457 99 490 131 1091 1493
internal_count=29635 21107 8528 3957 13228 11579 1649 156 1577 801 776 730 11448 484 248 236 92 2380 4571 1931 1890 799 10432 1016 457 99 490 131 1091 1493
is_linear=0
shrinkage=0.03


Tree=36
num_leaves=31
num_cat=0
split_feature=0 12 14 11 4 11 14 0 7 15 11 4 9 10 13 7 9 6 14 7 15 7 14 4 14 9 8 14 15 15
split_gain=38.4748 10.3947 8.0912 5.48117 5.17835 4.52785 4.47449 4.43035 6.88578 6.40448 7.90582 5.37579 4.58951 4.02475 3.75609 3.74128 3.63413 3.88183 3.60704 4.43517 3.32074 3.30353 8.27143 2.9045 2.81012 2.71541 3.59307 4.45042 3.86602 3.44639
threshold=1.4719571470147133 0.57810891105361206 0.74915735220338797 6.0100401799233785 607.49709889580993 9.4526981414443565 0.17858628084352038 1.1415079197709883 0.075364897600891892 2.1383330595080281 9.1429711801750333 70.493037231582292 0.24163086620452548 1.1280085057340943 0.13906757358002605 0.20677901924410444 0.13176780733968915 4.0290005337128632 0.6401078916798818 0.31650999233430582 1.7005986908310777 0.16498809055302777 0.14251802762098129 789.50299527630489 0.26017541097859548 0.067661831142878395 14.219794975599038 0.18589582675654745 2.9174053685313028 2.6735537653587347
decision_type=10 2 2 2 10 2 2 8 10 8 2 8 8 8 2 10 10 2 2 8 10 10 2 10 2 8 10 2 10 10
left_child=7 2 3 -2 -4 6 14 -1 9 10 -9 -10 -11 -14 21 -3 17 25 -8 -20 -17 22 -5 -22 -15 -7 27 29 -29 -27
right_child=1 15 4 5 -6 16 18 8 11 12 -12 -13 13 24 -16 20 -18 -19 19 -21 23 -23 -24 -25 -26 26 -28 28 -30 -31
leaf_value=-0.0027036038562704562 0.039310506086184242 0.0079331064791226206 0.0057738447502805167 0.0010556498120893433 0.0013359906568718822 -9.3208587033044089e-05 4.9569284019014598e-05 0.00096546087849067172 0.0093781027520513562 -0.00049977468417827645 0.0057698698877072397 -0.0013918071217931247 0.00032760451499629182 0.0019213713538562078 0.0082427890487010123 0.0018368707705598251 -0.0015226139838094561 0.0019818656545444288 0.0053843299569010421 0.00035681118601653042 0.0025013596724644338 0.0018271813376984896 0.018748732767261862 0.01034106922818537 0.0064651621404129538 -0.00013820444621281857 -0.00081325174601119994 0.0015561102883058446 -0.00061902340173364094 0.0040031032302228851
leaf_weight=7329 41 40 57 90 85 4866 1667 76 40 958 55 9133 137 53 53 149 1120 342 48 73 67 1354 48 58 56 85 464 357 517 250
leaf_count=7329 41 40 57 90 85 4866 1667 76 40 958 55 9133 137 53 53 149 1120 342 48 73 67 1354 48 58 56 85 464 357 517 250
internal_value=-0.000550879 0.000775608 0.000628494 0.000539293 0.00772028 0.000499161 0.00142801 -0.00143071 -0.00103568 0.000976796 0.00725 -0.00132865 0.000288796 0.00393522 0.00260996 0.00615238 0.000112096 0.000370095 0.000405813 0.00538525 0.00486545 0.00232686 0.00673381 0.00845238 0.00820909 0.00020688 0.0012491 0.00210992 0.000980571 0.00504464
internal_weight=29668 11831 11517 11375 142 11334 3333 17837 10508 1335 131 9173 1204 246 1545 314 8001 6881 1788 121 274 1492 138 125 109 6539 1673 1209 874 335
internal_count=29668 11831 11517 11375 142 11334 3333 17837 10508 1335 131 9173 1204 246 1545 314 8001 6881 1788 121 274 1492 138 125 109 6539 1673 1209 874 335
is_linear=0
shrinkage=0.03


Tree=37
num_leaves=31
num_cat=0
split_feature=12 0 0 14 16 0 14 13 3 14 16 4 15 4 11 17 14 13 14 1 12 4 14 7 8 8 17 14 13 3
split_gain=38.1726 7.4236 7.05766 6.23509 6.61357 7.28627 6.23483 5.88484 5.70292 4.63881 4.48634 4.29948 4.22472 3.55255 3.50455 6.39361 4.75311 4.92354 4.67111 8.357 5.87762 3.67977 5.15416 3.35531 3.31815 4.62368 3.25562 3.01631 5.17157 4.68482
threshold=0.22105238076137559 2.4484689893874925 1.2871944145498986 0.59597129831402107 0.11240167819324855 28.257575757575761 0.060220462704673579 0.11600575131586337 0.44393429317066602 0.74915735220338797 0.15947893829381535 392.76683326766846 2.602003343538398 1031.8612449570489 10.546616940613026 2.8804340341922567 0.11022841259527735 0.10055166114250737 0.039228096301811871 0.10889328063241112 0.43914132904804154 2389.1763060635853 0.29607588779066524 0.21065293321987585 1.9443953781353305 9.3708444805322699 -0.24675793088424913 0.61884870268368297 0.076481334187028197 0.13889748678515546
decision_type=2 10 10 2 10 10 2 2 2 2 8 8 8 8 2 10 2 2 2 10 2 8 2 10 8 10 8 2 2 2
left_child=2 8 -1 14 -5 -6 7 11 12 -8 13 -4 27 -10 16 21 17 18 -3 20 -20 22 23 -16 -12 -26 -14 28 -2 -30
right_child=1 3 6 4 5 -7 9 -9 10 -11 24 -13 26 -15 15 -17 -18 -19 19 -21 -22 -23 -24 -25 25 -27 -28 -29 29 -31
leaf_value=-0.0020181498230958054 0.00018036558762951488 -0.00060221583129013256 0.036901939492331219 -0.0018731146819765876 0.0048689206087004942 -0.0019213685926768853 -0.00071505579146191676 0.0031154981485972235 0.001703167800240264 0.0020407804696099753 -0.00046118887698562482 -4.342582525303082e-05 0.0070570223915658366 0.018640427243341383 0.0036967421885753964 0.005503801955471419 0.00061883926400384465 0.013185674293121806 -8.6540194538579278e-05 0.016917987502649917 0.003738388744702642 0.00067356034525348804 0.0045141627559628873 -0.00070611189221612915 0.0060274183614779202 -0.00065601602550361868 -0.0005233656619214323 0.002708772643560127 0.00070329903056515013 0.01022855089350933
leaf_weight=12154 1828 182 44 55 141 42 6901 115 69 46 226 449 52 51 67 45 2569 41 237 45 178 279 44 70 76 58 3070 328 51 44
leaf_count=12154 1828 182 44 55 141 42 6901 115 69 46 226 449 52 51 67 45 2569 41 237 45 178 279 44 70 76 58 3070 328 51 44
internal_value=-0.000543711 0.000981419 -0.00130578 0.00197823 0.00667782 0.00940761 -0.000585628 0.00232512 0.000300819 -0.000840674 0.00343035 0.000892712 2.06543e-05 0.00842975 0.00167882 0.00400198 0.00131694 0.00353947 0.00288336 0.00449024 0.00313702 0.00292842 0.00624725 0.00332609 0.00174515 0.00546667 -0.000693565 0.0010111 0.000556652 0.00734375
internal_weight=29557 9848 19709 3995 238 183 7555 608 5853 6947 480 493 5373 120 3757 505 3252 683 642 460 415 460 181 137 360 134 3122 2251 1923 95
internal_count=29557 9848 19709 3995 238 183 7555 608 5853 6947 480 493 5373 120 3757 505 3252 683 642 460 415 460 181 137 360 134 3122 2251 1923 95
is_linear=0
shrinkage=0.03


Tree=38
num_leaves=31
num_cat=0
split_feature=0 0 8 11 6 15 14 4 11 6 15 17 14 17 11 16 7 15 11 3 0 16 8 17 11 14 20 0 14 4
split_gain=33.5521 6.95146 6.41743 6.17362 5.19881 5.04104 5.16972 4.88677 4.61639 4.24322 3.56765 5.61247 5.88551 4.77552 7.27692 3.54431 3.44645 5.67688 5.64279 4.0578 3.46289 3.34932 3.12352 3.19792 5.02632 3.09883 3.07506 7.282 3.4442 3.54069
threshold=1.6981568131664204 1.1330204190095139 0.99301086348056844 9.4242817117107354 3.7679581909318753 3.6505739029280164 0.6051968757028342 70.493037231582292 6.0100401799233785 10.228363721962106 2.740319461670996 0.15415455653252411 0.66848789117026997 0.68391844084182418 9.2711531936631015 0.29730610809835717 0.081802939282435955 2.1383330595080281 9.241160509614966 0.52235899429792387 1.3337225955518035 0.24548372973501528 188.65722488378449 2.8804340341922567 10.546616940613026 0.089219491341129276 0.035496574383884323 4.554998022013824 0.16871021642762477 870.66740077131522
decision_type=10 8 10 2 2 8 2 10 2 2 10 10 2 10 2 10 10 10 2 2 8 8 10 10 2 2 2 10 2 10
left_child=1 -1 21 8 22 6 7 -4 -2 15 11 -8 -13 14 -14 -10 17 18 -9 20 -18 -3 23 -5 25 -25 -17 28 29 -28
right_child=3 2 5 4 -6 -7 10 16 9 -11 -12 12 13 -15 -16 26 19 -19 -20 -21 -22 -23 -24 24 -26 -27 27 -29 -30 -31
leaf_value=-0.0025484279678312503 0.029143005042234618 0.0075144883087263836 0.0093126851034176575 0.00014934170406238786 0.002431275689272842 -0.0022211438622138555 -0.0011423940005305536 0.0015446619199934598 0.0011440130705565844 0.006202049390699578 -0.00037008164630149412 0.00060677183110309778 0.0006225511673892529 0.0029148103721533345 0.0075463442189360281 -0.00090914763169933554 -0.0017688797593543074 -0.00012699112347024666 0.0051359773730863204 0.0023443931630348662 -0.00042647752965942534 0.002272321616846856 -0.0016511841255314693 0.011546395540736352 0.0072305981152450448 0.00034480271045964945 0.00267445631015849 0.0048788911333162658 0.00093174079097247905 0.0053967121122670035
leaf_weight=6923 70 71 40 4473 358 2619 235 83 1776 47 457 153 45 89 49 145 4094 1049 49 79 4883 86 417 78 60 328 109 186 397 106
leaf_count=6923 70 71 40 4473 358 2619 235 83 1776 47 457 153 45 89 49 145 4094 1049 49 79 4883 86 417 78 60 328 109 186 397 106
internal_value=-0.000566808 -0.00121171 -0.000828931 0.00101742 0.000449343 -0.000897092 -0.000622237 -0.000825161 0.00216144 0.00196675 0.00140525 0.00298427 0.00546587 0.00908152 0.0137684 0.00180993 -0.000866479 0.00065736 0.00649624 -0.00106525 -0.00112508 0.00518354 0.000215045 0.000425708 0.00278801 0.00157739 0.00329555 0.00402503 0.00243719 0.00548611
internal_weight=29554 21004 14081 8550 5714 13924 11305 10277 2836 2766 1028 571 336 183 94 2719 10237 1181 132 9056 8977 157 5356 4939 466 406 943 798 612 215
internal_count=29554 21004 14081 8550 5714 13924 11305 10277 2836 2766 1028 571 336 183 94 2719 10237 1181 132 9056 8977 157 5356 4939 466 406 943 798 612 215
is_linear=0
shrinkage=0.03


Tree=39
num_leaves=31
num_cat=0
split_feature=12 6 17 20 3 7 9 12 16 6 15 7 3 12 15 9 11 11 15 11 16 4 17 11 7 11 20 11 13 20
split_gain=32.8512 7.79113 5.34982 5.11091 4.99851 4.3036 8.77942 3.98778 3.50653 3.6088 4.12625 3.41832 4.369 4.20024 5.39389 4.24487 3.66902 3.01875 2.84352 2.7843 3.02369 2.72398 6.62986 2.61734 2.60931 3.43807 2.55387 3.08835 2.43969 2.97958
threshold=0.19262303302448738 4.9482604761904776 1.9823507676023684 0.90803251903937909 0.059362770074235918 0.050844857964181082 0.24163086620452548 0.68314819420586403 -0.14003269448916286 -1.0000000180025095e-35 2.8029010331479989 0.30498730852503547 0.43711965433899885 0.27230227864038353 4.5485858369352732 0.0094685824048441909 6.7411100271291398 9.4387898212890189 3.0677824455408698 9.3531411668500457 0.25723900418894075 6618.5212644870699 0.95497662265565875 9.4678080515874239 0.20677901924410444 10.622692266228841 0.27474298471467745 10.514407348995331 0.049463911496686781 0.75217368838087129
decision_type=2 2 10 2 2 10 8 2 8 2 8 10 2 2 8 8 2 2 8 2 8 10 8 2 10 2 2 2 2 2
left_child=3 2 11 5 -4 6 -1 19 9 10 -7 13 23 -2 15 -15 -17 -10 -8 20 -6 -18 -23 -13 25 -3 27 -21 -19 -30
right_child=1 24 4 -5 7 8 18 -9 17 -11 -12 12 -14 14 -16 16 21 28 -20 26 -22 22 -24 -25 -26 -27 -28 -29 29 -31
leaf_value=-0.00053209736166877049 8.4768296527844426e-06 0.0055546391001863914 -0.00048418885519192767 -0.0028157710237806657 -0.00081260999628242293 0.0011603525728283116 0.0053180701261183261 0.0065797659363613223 -0.00016657773620433133 -0.0010478855223965793 0.011478276073045676 0.00015454279097202591 0.011132144083548451 -0.0013606598066032854 -0.002891244842683144 0.0075477795010897852 0.0015215869797139553 -0.0023441381064561589 0.0041504684986804182 0.0012906881242971296 0.0034571651233335607 0.0063652008993062567 -0.0043266950040229601 -0.0012028853411553922 0.0018406465050884368 -0.00034994274301817352 -0.00030011435705025571 0.0059347393089534649 -0.00015445665814196711 -0.0017345589217821183
leaf_weight=545 4114 190 442 5695 69 40 69 43 2367 106 41 1337 51 414 401 41 1939 3772 87 285 411 62 41 1498 226 48 285 43 2205 2733
leaf_count=545 4114 190 442 5695 69 40 69 43 2367 106 41 1337 51 414 401 41 1939 3772 87 285 411 62 41 1498 226 48 285 43 2205 2733
internal_value=-0.000532077 0.000683359 0.000529057 -0.00135383 0.00215073 -0.00100159 0.00127778 0.00320317 -0.00114354 0.00292021 0.00764634 0.00027033 -0.000598546 0.000627976 0.00150259 0.00202122 0.00257246 -0.0012124 0.00752866 0.00284369 0.00455301 0.0023906 0.007125 -0.000756348 0.00449032 0.00667782 0.0015 0.00330091 -0.00147056 -0.00103138
internal_weight=29600 11940 11476 17660 1578 11965 701 1136 11264 187 81 9898 2886 7012 2898 2497 2083 11077 156 1093 480 2042 103 2835 464 238 613 328 8710 4938
internal_count=29600 11940 11476 17660 1578 11965 701 1136 11264 187 81 9898 2886 7012 2898 2497 2083 11077 156 1093 480 2042 103 2835 464 238 613 328 8710 4938
is_linear=0
shrinkage=0.03


Tree=40
num_leaves=31
num_cat=0
split_feature=0 12 12 20 7 15 11 3 1 14 17 15 7 14 1 20 0 3 16 15 14 14 3 11 4 14 15 16 14 17
split_gain=33.1284 7.38066 4.73569 4.44227 4.69539 7.21602 7.48708 4.81417 4.98357 4.39677 3.95966 3.72485 3.62901 9.46674 3.59338 2.94671 3.51537 3.28482 5.33494 3.94919 2.87003 3.1123 2.99373 2.84986 2.80423 2.7872 5.06594 2.72204 2.53018 2.64344
threshold=1.4975561512900069 0.38322603310147546 0.68314819420586403 0.90803251903937909 0.083333610340914563 2.1383330595080281 7.6520706332757618 0.36074935571588113 0.22756041426927506 0.77794138982237004 0.91741527588116323 1.4978661367769956 0.13312410547389344 0.062242415691549473 0.12444690265486726 0.42849536880535466 19.010204081632654 0.14059640524172845 0.305337458959136 3.0201273556387074 0.19496829516785188 0.12906653955158634 0.34904473974145528 11.552165404085232 378.95524677821629 0.37712706838895749 3.1567740231385479 -0.2187637777417594 0.69960812274525919 2.2023554142283888
decision_type=10 2 2 2 10 10 2 2 10 2 8 8 10 2 10 2 10 2 8 8 2 2 2 2 8 2 10 8 2 8
left_child=3 9 28 4 5 6 -1 27 10 12 -9 -4 13 -2 -8 16 17 25 19 -19 21 -15 -22 -5 -12 -14 -27 -6 29 -3
right_child=1 2 11 23 7 -7 14 8 -10 -11 24 -13 15 20 -16 -17 -18 18 -20 -21 22 -23 -24 -25 -26 26 -28 -29 -30 -31
leaf_value=-0.0017257733766029176 0.0052853684393574466 0.00063453695122962404 0.00069730417042897057 -0.002750024404079674 0.0081241487909607581 -0.00030321332120507213 0.0091994879183685384 -0.00073778564496656824 0.0026036745494092623 0.0045038623677584357 0.0060893225150111894 0.0074794532965217235 0.00057357541128538584 -0.00011265424379840942 0.0034350990357969618 -0.00025742357124896768 -0.0022269947715316311 0.0043710040146680753 -0.00066524976188762366 0.0063781417465671036 -0.00062242535045847541 0.0045645144250991134 0.003557692233885724 0.0040192182499286062 0.00063545170617176786 0.00076321867163825204 0.0043404314511678605 -0.0015721427421209226 0.0038356367677864298 0.0020006425316818686
leaf_weight=122 61 1345 52 5654 49 1818 97 1016 73 52 73 75 1751 70 58 5511 314 157 95 60 470 109 41 75 143 128 59 8996 113 880
leaf_count=122 61 1345 52 5654 49 1818 97 1016 73 52 73 75 1751 70 58 5511 314 157 95 60 470 109 41 75 143 128 59 8996 113 880
internal_value=-0.000540383 0.000731752 0.0021837 -0.00133436 -0.00101599 0.000279102 0.00478057 -0.00127814 0.000424961 0.000328415 -2.91978e-05 0.00780469 0.00027665 0.00226995 0.00913461 9.10097e-05 0.000930993 0.00134607 0.00419808 0.0067844 0.00125904 0.00451667 0.000111327 -0.00202566 0.00364977 0.000884992 0.00435638 -0.00152388 0.00187516 0.00165094
internal_weight=29517 11343 2465 18174 12445 2095 277 10350 1305 8878 1232 127 8826 751 155 8075 2564 2250 312 217 690 179 511 5729 216 1938 187 9045 2338 2225
internal_count=29517 11343 2465 18174 12445 2095 277 10350 1305 8878 1232 127 8826 751 155 8075 2564 2250 312 217 690 179 511 5729 216 1938 187 9045 2338 2225
is_linear=0
shrinkage=0.03


Tree=41
num_leaves=31
num_cat=0
split_feature=0 12 14 0 8 15 14 15 5 8 13 0 16 11 11 15 3 8 16 3 3 15 14 15 13 15 8 12 11 15
split_gain=28.8593 6.35905 4.87212 4.6454 5.85969 4.37851 4.23187 4.04735 7.52842 3.62824 5.40117 3.66671 5.0755 4.68505 4.31645 4.63585 7.34511 3.89627 3.4955 3.37938 3.28144 3.26287 3.18192 2.83528 2.81242 9.26646 2.66123 2.63642 2.57803 2.55878
threshold=1.5680331807739181 0.68314819420586403 0.8101995766065343 1.1663551506813641 0.99301086348056844 3.6242520361853052 0.61034220030491604 4.2696729980286863 0.86390977443609029 39.367390213594916 0.0081655820000622187 4.3260389723734116 0.022209434588247305 10.601361045763651 9.5854149963988 1.7005986908310777 0.067455144259933583 7.7696882440483011 0.24548372973501528 0.076259683781429263 0.47954586488210021 3.4175922930736511 0.022539622045390114 1.4978661367769956 0.07787709757575087 2.0126758453675748 1.6136799627396174 0.2825268845644287 8.9193862834171718 3.1132683346437333
decision_type=10 2 2 8 10 8 2 8 10 10 2 10 8 2 2 10 2 10 8 2 2 10 2 8 2 10 10 2 2 10
left_child=3 2 9 7 18 6 20 -1 -9 11 -11 19 -13 14 15 -14 -17 28 -5 -2 -6 22 -21 -3 29 26 -26 -22 -18 -24
right_child=1 23 -4 4 5 -7 -8 8 -10 10 -12 12 13 -15 -16 16 17 -19 -20 21 27 -23 24 -25 25 -27 -28 -29 -30 -31
leaf_value=-0.0023072475323509911 -0.00054957743854802546 0.0013643560112968972 0.0044327098690291958 0.0078829988044281044 -0.0007489310791028601 -0.0022850604090693806 0.00091444185349803548 -0.00043196140162596205 0.0055971947360121174 0.0004266881529340176 -0.002229576958468048 0.007810183828451926 6.3068911697518708e-05 0.0045294649954988678 -0.00074404724919619218 -0.0011130059749618192 0.0045404601038780291 0.0013994825213300445 0.0042648951122500507 0.017209930323597796 0.00091044679310401159 -0.00043201008361002155 0.0006059076531593591 0.0070639983589656594 0.0053694814666533633 0.0014652784543876223 0.020340998524942585 0.0046519742403770322 0.0089011827996556964 0.0016689259351705006
leaf_weight=7772 1373 51 74 57 7811 2264 749 431 50 2137 852 88 247 66 293 79 66 54 63 69 110 822 2748 80 42 572 41 41 40 392
leaf_count=7772 1373 51 74 57 7811 2264 749 431 50 2137 852 88 247 66 293 79 66 54 63 69 110 822 2748 80 42 572 41 41 40 392
internal_value=-0.00058446 0.00070796 0.000622016 -0.00126487 -0.000863826 -0.000936134 -0.00063051 -0.00180385 0.000865145 0.000564716 -0.000310034 0.000938652 0.00268844 0.00196808 0.00131154 0.00304312 0.0060125 0.00968944 0.00570248 0.000668811 -0.000833355 0.00105227 0.00141733 0.00725 0.00130005 0.00308689 0.0123929 0.00353289 0.0130093 0.000926456
internal_weight=29534 10186 10055 19348 11095 10975 8711 8253 481 9981 2989 6992 933 845 779 486 239 160 120 6059 7962 4686 3864 131 3795 655 83 151 106 3140
internal_count=29534 10186 10055 19348 11095 10975 8711 8253 481 9981 2989 6992 933 845 779 486 239 160 120 6059 7962 4686 3864 131 3795 655 83 151 106 3140
is_linear=0
shrinkage=0.03


Tree=42
num_leaves=31
num_cat=0
split_feature=12 0 12 0 3 9 14 14 14 16 15 14 14 17 10 8 9 9 12 7 3 14 17 16 6 9 8 3 20 14
split_gain=30.0187 6.42911 6.94642 5.20897 4.91729 3.76505 3.55382 3.5443 3.19264 3.06917 3.05378 4.10513 3.91006 3.58782 3.5587 3.03455 3.06237 5.77204 7.68878 3.79183 5.22044 3.56083 3.29308 3.02419 2.95045 2.9295 3.79149 4.73007 4.05295 3.45704
threshold=0.20138393460977436 2.1758322155458596 0.68314819420586403 1.2224736213864604 0.44393429317066602 0.027932793498658424 1.0000000180025095e-35 0.8101995766065343 0.74915735220338797 0.20845529954609879 2.524928003624769 0.54338782402224528 0.24116311111870239 0.23429751344865929 3.120912591408461 127.61509520239964 0.0077047515488007966 0.0025046752417442089 0.43914132904804154 0.32258338149304006 0.12059226808538251 0.1439729831945202 -0.50990566521121961 -0.013608416113083039 4.6554719032332796 0.24163086620452548 1.1472902734678341 0.10477913493765122 0.9208449158509685 0.8101995766065343
decision_type=2 10 2 10 2 10 2 2 2 8 8 2 2 10 8 10 10 8 2 10 2 2 10 8 2 10 10 2 2 2
left_child=3 4 7 25 10 -4 -5 15 -8 -6 11 24 14 -13 23 16 17 22 21 20 -18 -19 -3 -12 -2 29 27 -27 -29 -1
right_child=1 2 5 6 9 -7 8 -9 -10 -11 12 13 -14 -15 -16 -17 19 18 -20 -21 -22 -23 -24 -25 -26 26 -28 28 -30 -31
leaf_value=-0.002106151877362203 -0.00021070415349269043 0.011378949086072872 0.010167835310141555 0.029246398607888968 0.003465806182197047 0.0015185595389937427 -0.00072153426684812218 0.0043078948623227094 0.0021872686958413047 0.00060126318992209118 0.0049674058289503869 3.4181539641748778e-05 -0.0012383487372926493 0.0026830110405245047 0.0038138516414765117 -0.00027365881586865381 0.00097950947379456883 -0.00016389955709252869 0.0039102758316709452 -0.00028257518109608249 0.0036492601204206145 0.003243668480622938 -0.0017112689392528066 -0.00015708050459010698 0.0029612471093556007 0.0039451754210750251 -0.0032926395134744778 0.0037569605524625386 -0.00099090801603016719 0.0032515376408019528
leaf_weight=9202 1644 40 60 59 184 69 8136 59 48 341 58 186 1838 260 47 831 1588 98 74 1010 887 69 183 1712 74 60 360 144 339 44
leaf_count=9202 1644 40 60 59 184 69 8136 59 48 341 58 186 1838 260 47 831 1588 98 74 1010 887 69 183 1712 74 60 360 144 339 44
internal_value=-0.000537688 0.000678334 0.00148642 -0.0012856 4.53894e-05 0.00833077 -0.000725255 0.00130227 -0.000778498 0.00282319 -0.000205671 0.000687297 -0.00073441 0.00324832 0.000252475 0.00121104 0.00155772 0.00384516 0.00705372 0.00125215 0.00188409 0.00344643 0.000361606 3.38784e-05 2.09417e-05 -0.00174059 -0.000109514 0.00147243 0.000477272 -0.00189986
internal_weight=29704 11312 4968 18392 6344 129 8243 4839 8184 525 5819 2164 3655 446 1817 4780 3949 464 241 3485 2475 167 223 1770 1718 10149 903 543 483 9246
internal_count=29704 11312 4968 18392 6344 129 8243 4839 8184 525 5819 2164 3655 446 1817 4780 3949 464 241 3485 2475 167 223 1770 1718 10149 903 543 483 9246
is_linear=0
shrinkage=0.03


Tree=43
num_leaves=31
num_cat=0
split_feature=12 6 13 17 7 12 9 20 4 7 9 11 20 1 17 9 11 14 11 14 12 9 12 13 9 14 8 20 9 11
split_gain=27.4347 6.54988 4.88755 5.03385 4.31141 5.23729 6.42258 4.3621 4.10048 3.74741 3.71808 3.70127 5.81907 4.02431 3.6352 4.41832 5.82878 3.57626 3.73419 3.45667 3.19545 3.14948 2.99318 3.60198 3.84901 5.26339 2.88295 6.21645 3.83533 4.08299
threshold=0.1868210995661759 3.7679581909318753 0.047357574945620123 2.0950339193447265 0.050844857964181082 -0.0089342267593499596 0.1781363926871834 0.72889810453806791 70.493037231582292 0.20677901924410444 0.0055351307189542504 10.579755578206015 0.9054512828219885 0.30094339622641519 0.99399022448360319 0.046109105025071422 8.5431532883387487 0.20566045637831751 10.149546528230038 0.6284601582921544 0.61181374187275106 0.0025046752417442089 0.097795012212451141 0.013347175503815855 0.081074892167686721 0.6599086232578476 39.823606740180885 0.48684898882621125 0.10719557033322834 7.3427789798660452
decision_type=2 2 2 10 10 2 8 2 8 8 10 2 2 10 10 10 2 2 2 2 2 8 2 2 10 2 10 2 8 2
left_child=2 8 19 4 5 -4 -7 -6 -2 17 21 12 13 -8 26 -16 -17 18 -3 -1 -11 -9 -21 24 -24 -26 27 28 29 -10
right_child=1 9 3 -5 7 6 11 10 14 20 -12 -13 -14 -15 15 16 -18 -19 -20 22 -22 -23 23 -25 25 -27 -28 -29 -30 -31
leaf_value=-0.0023772021054575634 0.012436662983179024 0.0084653916249441113 -0.0015189225889863382 0.0047949349363154018 6.9507951638726124e-05 -0.00058890455058958533 0.0085368221488495259 -0.0026514434630595489 -0.0039262204607885629 0.00027759403812497051 -0.0015568716281594782 0.00042609978039892293 0.0013065145179454289 0.0034915644521941861 0.00043230695306758512 0.0046735552118765825 0.001221283255522787 0.0029255344215716739 0.0020797875959920279 -0.0015665477139720971 0.0038424569844691513 0.0028596867056726399 7.3156413372506393e-05 -0.000822839912340385 0.00078889825925511792 0.0045958433647185718 -0.00088750223532854384 -0.00025201405751257159 0.004901864339045916 0.0016233211275059071
leaf_weight=7945 62 100 353 43 2022 352 61 40 352 484 5338 120 143 53 1764 118 852 201 79 395 56 74 81 121 40 58 1921 4177 256 1982
leaf_count=7945 62 100 353 43 2022 352 61 40 352 484 5338 120 143 53 1764 118 852 201 79 395 56 74 81 121 40 58 1921 4177 256 1982
internal_value=-0.000513393 0.000562514 -0.00128753 -0.000781047 -0.000833003 0.000936287 0.00238767 -0.00108923 0.000367261 0.00299674 -0.00153053 0.00510317 0.00712791 0.0121565 0.000325133 0.00127898 0.00290422 0.00527559 0.00835 -0.00179146 0.00138632 0.00380869 0.000237068 0.00249169 0.00518333 0.00915151 2.48583e-05 0.000316045 0.00147047 0.00108694
internal_weight=29643 12404 17239 8599 8556 1082 729 7474 11484 920 5452 377 257 114 11422 2734 970 380 179 8640 540 114 695 300 179 98 8688 6767 2590 2334
internal_count=29643 12404 17239 8599 8556 1082 729 7474 11484 920 5452 377 257 114 11422 2734 970 380 179 8640 540 114 695 300 179 98 8688 6767 2590 2334
is_linear=0
shrinkage=0.03


Tree=44
num_leaves=31
num_cat=0
split_feature=0 11 14 14 11 0 7 4 8 11 13 16 6 14 2 6 4 4 14 14 11 11 16 3 3 1 13 14 17 4
split_gain=28.3981 7.6425 5.04173 4.65149 5.01821 3.39207 5.71762 4.48731 3.86093 3.82165 6.90112 5.23635 3.044 3.01986 3.01837 2.82765 3.26158 2.97111 4.69935 4.42488 6.92216 4.23308 3.93159 2.66235 2.49223 2.44468 3.18961 2.40884 2.35629 4.39022
threshold=1.4203614234839106 9.4242817117107354 0.69960812274525919 0.17858628084352038 5.5114085413964808 1.1415079197709883 0.075364897600891892 405.6877845375534 0.99301086348056844 10.223285833227822 0.082866252440618973 0.15002422544813354 2.6287638083228253 0.25848541304703304 3.9396656311093019 5.7988409000321441 322.35883794573937 437.79539773611265 0.14251802762098129 0.14778185421371198 8.8049252513691858 8.014831632406624 0.32670853693585594 -0.01046813252137972 0.50541988633251311 0.37965517241379315 0.045095948447942853 0.20409906052518081 0.26072610227127896 1045.5228073661544
decision_type=10 2 2 2 2 8 10 8 10 2 2 10 2 2 8 2 8 8 2 2 2 2 10 2 2 8 2 2 10 8
left_child=5 2 3 4 -2 23 9 -8 -9 10 -7 -12 14 -5 -3 16 -6 18 21 -19 -21 -18 -22 -1 -10 -25 -27 -28 -4 -30
right_child=1 12 28 13 15 6 7 8 24 -11 11 -13 -14 -15 -16 -17 17 19 -20 20 22 -23 -24 25 -26 26 27 -29 29 -31
leaf_value=0.0047066790200890459 0.027436377918806598 0.0024823046840830878 0.0017470244102386224 -0.00089610613833860861 -0.00091470984627591359 0.00064188410537109933 0.0012520888885644999 0.01116302882687825 -0.0015032375920956869 -0.00052741547700790067 0.0052937793100080038 0.001780361540026972 0.0011043576415319175 0.0013101996565245101 -0.00015149180996123341 0.0086577579998501405 0.0016738223202959091 0.00094865911284356015 -0.0045741536740658041 -0.00098567256763970558 0.0031752773888331365 0.0055720642840833053 0.0094690042926417542 -0.0023809831954125361 0.0027681306045089968 -0.0031434235373058398 0.007015250579739743 0.00079738831236639653 0.0045331543949344638 0.00096813512951294167
leaf_weight=60 41 45 64 857 243 492 519 42 7553 577 90 94 1172 1101 7682 51 84 904 46 104 144 65 46 6717 79 236 41 319 77 50
leaf_count=60 41 45 64 857 243 492 519 42 7553 577 90 94 1172 1101 7682 51 84 904 46 104 144 65 46 6717 79 236 41 319 77 50
internal_value=-0.000527606 0.000538623 0.00165008 0.00140277 0.00253673 -0.00133752 -0.000960941 -0.00124957 -0.00143218 0.000925837 0.00245495 0.00739459 5.42689e-05 0.000401224 -0.00016188 0.00228021 0.00205986 0.00261908 0.00604592 0.00205671 0.00524746 0.00862 0.00863874 -0.00181977 -0.00148251 -0.00187162 -3.01515e-05 0.00174515 0.00639062 0.00874219
internal_weight=29595 12776 3877 3686 1728 16819 9446 8193 7674 1253 676 184 8899 1958 7727 1687 1636 1393 195 1198 294 149 190 7373 7632 7313 596 360 191 127
internal_count=29595 12776 3877 3686 1728 16819 9446 8193 7674 1253 676 184 8899 1958 7727 1687 1636 1393 195 1198 294 149 190 7373 7632 7313 596 360 191 127
is_linear=0
shrinkage=0.03


Tree=45
num_leaves=31
num_cat=0
split_feature=0 0 14 9 14 8 14 12 4 17 6 3 9 16 0 8 14 19 17 10 11 3 7 9 17 14 14 4 11 4
split_gain=24.901 7.394 5.70642 8.14353 4.91566 4.30059 4.31523 4.00953 3.67186 3.56221 3.42675 4.30834 3.30753 2.93666 2.91705 3.05025 4.31601 4.90346 3.20529 2.72624 2.56013 2.50991 3.1084 4.28512 6.03323 5.29214 3.76595 3.25157 4.85891 3.76743
threshold=1.3851789431060977 3.0728261520944451 0.60019321080588428 0.072545059802873527 0.74915735220338797 127.61509520239964 0.082102018850611205 0.68314819420586403 618.25420038536083 1.9823507676023684 7.4529089980858076 0.22350130327376039 0.27130284224907136 0.054561772383026855 1.0354129758016761 1.1449127915937873 0.25450203479105588 7.5000000000000009 -0.18282460697947811 3.7867060182546477 6.6247287979039262 0.11369758380940388 0.30498730852503547 0.043878594015436569 1.0379166167518183 0.6599086232578476 0.51303190547426614 710.54295714303885 10.471496589428204 5766.8634291374065
decision_type=10 10 2 10 2 10 2 2 10 10 2 2 8 8 8 10 2 2 10 10 2 2 10 8 10 2 2 8 2 8
left_child=9 4 5 -4 10 6 13 -8 -6 12 20 -12 19 -3 -14 16 18 -18 -16 -1 -2 -22 23 -23 25 27 -26 -25 29 -29
right_child=1 2 3 -5 8 -7 7 -9 -10 -11 11 -13 14 -15 15 -17 17 -19 -20 -21 21 22 -24 24 26 -27 -28 28 -30 -31
leaf_value=-0.0015926846280760669 0.015071296290497496 0.016056471361633257 5.5467679549323492e-05 0.0044306673654746125 0.0086741887610252248 -0.00038621902114144887 0.0013509199131960703 0.0066896700658660713 0.00049998850767484773 0.0024645366790542267 -0.0023313533429917726 0.0060533391344695974 -0.0019518597421151684 0.0031318234599818232 0.011178731123337723 -0.0019435191869842563 0.00015112839939282143 0.0050768668178199881 -0.0010786186905228216 0.002425122649572922 -0.00070083434951041617 -0.00056278650675698806 -0.00076637849944963385 -0.0010468724043721444 0.0042627836159716088 0.0030700086229958888 -0.00041668572895835518 0.0010358463122470928 -0.00045789348010585938 0.005439762926905606
leaf_weight=14832 40 49 77 82 46 684 2007 41 94 215 43 67 270 227 40 104 45 75 128 105 3867 1739 1543 375 245 78 66 1428 810 40
leaf_count=14832 40 49 77 82 46 684 2007 41 94 215 43 67 270 227 40 104 45 75 128 105 3867 1739 1543 375 245 78 66 1428 810 40
internal_value=-0.000586703 0.000352113 0.00162216 0.00714375 -3.17695e-05 0.00132802 0.00194323 0.00146706 0.00553191 -0.0013969 -0.00010762 0.00513513 -0.00144981 0.00545848 0.000624434 0.00227481 0.00386159 0.00818182 0.000745561 -0.00154177 -0.000164485 -0.000194565 0.000173596 0.000551442 0.00123036 0.00077855 0.00518269 0.000550489 0.000976743 0.00200545
internal_weight=29462 13648 3167 159 10481 3008 2324 2048 140 15814 10341 110 15599 276 662 392 288 120 168 14937 10231 10191 6324 4781 3042 2731 311 2653 2278 1468
internal_count=29462 13648 3167 159 10481 3008 2324 2048 140 15814 10341 110 15599 276 662 392 288 120 168 14937 10231 10191 6324 4781 3042 2731 311 2653 2278 1468
is_linear=0
shrinkage=0.03


Tree=46
num_leaves=31
num_cat=0
split_feature=0 0 20 14 14 15 14 14 7 6 8 10 13 15 7 17 2 0 7 16 6 15 12 15 13 17 15 20 14 14
split_gain=25.2818 7.08312 5.34315 8.4772 3.77965 3.72575 7.22265 4.01964 3.89467 3.46144 3.35116 3.92009 3.06757 6.83741 3.53693 3.41165 3.0566 2.91207 4.98509 3.77526 2.71924 2.93877 2.71248 2.65952 2.94913 6.18008 2.83026 2.54798 3.40767 3.45106
threshold=1.4007313114642297 3.0728261520944451 0.021721105527638195 0.60019321080588428 0.74915735220338797 3.1567740231385479 0.30695563705801032 0.085660288548143823 0.2017053729599638 1.9544796058892862 39.367390213594916 0.54286283878469077 0.045095948447942853 2.1383330595080281 0.050844857964181082 1.4348072168078037 3.9151171081494178 1.042724797230413 0.076937505591728295 0.21376992791652255 6.3584536575114683 2.602003343538398 0.53141141507227474 3.3842466058243152 0.071988961766588352 1.2467163084516091 2.0126758453675748 0.87561317849507747 0.60019321080588428 0.18714609236612942
decision_type=10 10 2 2 2 10 2 2 10 2 10 8 2 10 10 10 8 10 10 10 2 10 2 8 2 10 10 2 2 2
left_child=12 4 -3 5 10 7 8 9 -7 -4 11 -2 27 15 -15 17 -13 -14 19 -19 23 -22 -5 24 -18 26 -26 28 29 -1
right_child=1 2 3 22 -6 6 -8 -9 -10 -11 -12 16 13 14 -16 -17 20 18 -20 -21 21 -23 -24 -25 25 -27 -28 -29 -30 -31
leaf_value=-0.00047966932560630961 -0.00091872665289894587 -0.00074724269356399634 0.004737160926920672 0.0056046951145545263 0.0030619771648448999 0.0048787132339347186 0.0036302224367637526 0.0010426769789227256 -9.6341723510203725e-05 0.0059914505044111116 -0.00092200370060314518 0.0034444474871781748 -0.00060943313658099016 0.00041955681694020208 -0.0013637566096332777 0.0043216624587512752 0.00037040283798269195 0.0066866804315096843 0.00028465640805840466 0.00080584002875789542 0.0075902799229019173 9.4625335292267105e-05 0.0017919182874127318 -0.00044239239421913125 0.013601111541530363 0.0075541839687205464 0.00063124202992939876 -0.002682784454429999 0.00052096580286474731 -0.0023600825447166692
leaf_weight=1950 1770 675 198 54 128 46 79 1822 167 86 1937 40 411 861 5558 41 3718 94 316 49 69 71 64 1398 56 65 864 4039 624 2421
leaf_count=1950 1770 675 198 54 128 46 79 1822 167 86 1937 40 411 861 5558 41 3718 94 316 49 69 71 64 1398 56 65 864 4039 624 2421
internal_value=-0.000521806 0.000449278 0.00168139 0.00231704 6.04915e-05 0.0019283 0.00509898 0.00148647 0.00220093 0.0048 -5.40666e-06 0.000264157 -0.00131146 -0.000855273 -0.00120047 0.00157566 0.000615568 0.00117107 0.00281087 0.0074375 0.000561838 0.00468085 0.0101345 0.000466568 0.000808035 0.00226673 0.00162866 -0.00168146 -0.00122798 -0.00152402
internal_weight=29671 13307 3191 2516 10116 2398 292 2106 213 284 9988 8051 16364 7330 6419 911 6281 870 459 143 6241 140 118 6101 4703 985 920 9034 4995 4371
internal_count=29671 13307 3191 2516 10116 2398 292 2106 213 284 9988 8051 16364 7330 6419 911 6281 870 459 143 6241 140 118 6101 4703 985 920 9034 4995 4371
is_linear=0
shrinkage=0.03


Tree=47
num_leaves=31
num_cat=0
split_feature=12 20 6 14 4 2 14 15 17 7 12 15 1 3 20 14 20 3 15 14 13 14 17 14 3 13 13 1 13 4
split_gain=24.1084 6.15093 5.56217 5.54812 5.79153 4.89685 4.88348 4.7815 3.75872 5.05242 3.74453 3.71475 3.39727 3.12358 4.02922 3.30582 3.12019 5.39459 3.82976 8.31567 3.05892 2.98264 2.94952 2.94686 2.82246 3.64282 3.20566 2.76616 2.70351 5.31229
threshold=0.21939073468119832 0.81790261671725406 4.9482604761904776 0.060220462704673579 365.42184983669341 3.9567861552827805 0.76104709913060808 3.0201273556387074 1.9823507676023684 0.30498730852503547 0.61181374187275106 3.4175922930736511 0.23476417594064661 0.15953744252567784 0.23119811607175786 0.54338782402224528 0.42849536880535466 0.12648950609783924 3.1132683346437333 0.30695563705801032 0.045095948447942853 0.60019321080588428 0.045382253189301079 0.66848789117026997 0.21770032193051722 0.0025549169542128931 0.10566186614556582 0.070802005012531324 0.047357574945620123 7442.1150709420062
decision_type=2 2 2 2 8 8 2 10 10 10 2 10 8 2 2 2 2 2 10 2 2 2 10 2 2 2 2 10 2 8
left_child=1 3 8 4 -1 -5 11 -6 9 12 -4 20 16 15 -15 -10 17 18 -2 27 21 -7 -18 -24 26 -26 -9 -20 -3 -30
right_child=2 28 10 5 7 6 -8 24 13 -11 -12 -13 -14 14 -16 -17 22 -19 19 -21 -22 -23 23 -25 25 -27 -28 -29 29 -31
leaf_value=0.030173003309830682 0.00010278657619085021 -0.0022329854376422196 0.0026456232525759299 0.0033310849950945361 -0.0010026553636918914 -0.0015079340784322974 0.0023810900340514385 -0.002002792414466964 0.00043212886144438891 -0.00050027700633761341 0.0044605879206295242 -0.0017937351242238427 -0.00056632624737629753 0.0051583450678814721 0.0013470516320653746 0.003783547013149965 0.002205589942137866 0.0045819909759104126 -0.00082582382518503873 0.0035559350091022702 6.1586036610702605e-05 0.0015616266882847506 -8.1395565753595423e-05 0.0027859850460865416 0.0018044580346478693 0.00010835004532575728 0.0015420525480521041 0.0037227850085797126 -0.0012520463582556226 0.0017101952913873861
leaf_weight=51 899 5578 353 48 453 2930 40 128 923 2775 47 2022 827 164 335 41 460 539 216 90 3366 220 2129 99 89 50 76 57 4346 173
leaf_count=51 899 5578 353 48 453 2930 40 128 923 2775 47 2022 827 164 335 41 460 539 216 90 3366 220 2129 99 89 50 76 57 4346 173
internal_value=-0.000473904 -0.00108528 0.000728076 -0.0005361 0.00177948 -0.00076365 -0.000817579 0.00114429 0.000582731 0.000329584 0.00418953 -0.000867081 0.000871167 0.00198156 0.003906 0.000982383 0.00119666 0.0021626 0.00108789 0.00368407 -0.000518337 -0.0011901 0.000548902 9.69037e-05 0.00381105 0.00709286 0.00155122 0.00106204 -0.00160042 -0.00105465
internal_weight=29524 19570 9954 9473 847 8626 8578 796 9554 8091 400 8538 5316 1463 499 964 4489 1801 1262 363 6516 3150 2688 2228 343 139 204 273 10097 4519
internal_count=29524 19570 9954 9473 847 8626 8578 796 9554 8091 400 8538 5316 1463 499 964 4489 1801 1262 363 6516 3150 2688 2228 343 139 204 273 10097 4519
is_linear=0
shrinkage=0.03


Tree=48
num_leaves=31
num_cat=0
split_feature=0 11 12 8 10 10 0 15 4 17 12 3 4 0 11 16 15 11 17 13 13 20 7 3 12 16 11 15 13 16
split_gain=25.73 5.73003 4.55084 4.30881 3.10802 3.05675 2.95415 4.7255 3.88799 3.26678 3.23099 3.15933 3.10764 3.85094 6.72949 2.95711 2.7349 3.08526 2.67502 2.66635 5.13128 2.65581 4.88599 3.94192 3.56574 3.99738 3.14187 3.13672 6.31238 2.85634
threshold=1.3720085474392831 9.4242817117107354 0.57810891105361206 2.2599451022073431 1.6947538332556074 3.7867060182546477 2.23242025849411 3.1132683346437333 1106.5087488292536 0.023498773757930354 0.11414197112272097 0.11369758380940388 2318.0086515308126 3.6403311172394628 10.601361045763651 -0.032801778967852045 3.1567740231385479 10.149546528230038 1.9823507676023684 0.024774517046972949 0.10055166114250737 0.9208449158509685 0.075364897600891892 0.38475777239319814 0.30188098337504915 1.1310844301485856 11.552165404085232 2.1383330595080281 0.085411067409061361 -0.056459560924418652
decision_type=10 2 2 8 8 8 10 10 10 10 2 2 10 10 2 8 8 2 10 2 2 2 10 2 2 8 2 8 2 8
left_child=5 3 6 -2 -5 18 9 15 -9 10 -3 -11 13 -10 -15 -8 17 -12 21 -7 -21 22 27 29 -25 -26 -23 28 -1 -24
right_child=1 2 -4 4 -6 19 7 8 12 11 16 -13 -14 14 -16 -17 -18 -19 -20 20 -22 26 23 24 25 -27 -28 -29 -30 -31
leaf_value=-5.6095221918884925e-05 0.0026723080471553898 0.0036605466882970662 0.016228814998601147 0.00035812834820328981 0.0018961966133570203 -0.00084161070924355106 0.0074215151113035142 -0.00025515901376275138 0.0014933827298134058 -0.0016533063778749768 0.00043055329739187547 -9.7583897085301813e-05 0.00077484359671148697 0.0012823680898838001 0.0039905951425268441 -9.7331213919517022e-05 -0.00060664509752403903 0.0039858197846240574 0.0024790983672696131 0.0088598494276852357 -0.00021095746309521108 -0.0025009164199626456 0.0019707283155445334 -0.00018810875109139712 0.010473780614343472 -0.0053708423519503168 0.0034341668643812326 -1.6672525564438821e-05 0.0049814680472601213 -0.0016534661890951334
leaf_weight=86 1246 69 45 2247 679 91 88 242 265 2009 301 3463 137 52 47 2206 622 185 211 46 57 5002 257 834 62 42 69 1556 56 7206
leaf_count=86 1246 69 45 2247 679 91 88 242 265 2009 301 3463 137 52 47 2206 622 185 211 46 57 5002 257 834 62 42 69 1556 56 7206
internal_value=-0.000496422 0.000441671 4.28476e-05 0.00137167 0.000742056 -0.00133378 -1.85888e-06 0.000773205 0.00285081 -0.000355941 0.00107725 -0.000664353 0.00435657 0.00580274 0.01083 9.93457e-05 0.000681695 0.0023655 -0.00138103 0.0024 0.00568269 -0.00142772 -0.00114624 -0.00144287 0.000389776 0.0056 -0.00198797 0.000321365 0.00457343 -0.00167323
internal_weight=29478 13903 9731 4172 2926 15575 9686 3037 743 6649 1177 5472 501 364 99 2294 1108 486 15381 194 103 15170 10099 8401 938 104 5071 1698 142 7463
internal_count=29478 13903 9731 4172 2926 15575 9686 3037 743 6649 1177 5472 501 364 99 2294 1108 486 15381 194 103 15170 10099 8401 938 104 5071 1698 142 7463
is_linear=0
shrinkage=0.03


Tree=49
num_leaves=31
num_cat=0
split_feature=0 11 12 6 9 13 15 0 12 7 17 13 8 11 1 14 17 4 4 20 7 15 9 11 14 11 14 7 11 16
split_gain=21.4507 5.62904 5.0602 3.50962 3.19268 5.50229 3.25727 5.11979 3.17207 3.10327 3.46466 2.9154 5.5408 5.26487 6.67426 5.18808 3.58381 3.27816 2.85491 2.51943 6.01659 4.37508 4.87128 4.71098 3.24674 5.80694 2.46975 2.43782 2.42283 2.40438
threshold=1.3720085474392831 5.5114085413964808 0.24975077821654781 6.3584536575114683 0.0065764796462273482 0.051194119243081877 2.9174053685313028 1.0029662278139384 0.48540393255158515 0.30498730852503547 1.3628380363330179 0.086243080277888837 5.7288153140666394 10.389164584650848 0.091431556948798356 0.064510087291076601 0.83909500354976307 1865.1995702168426 2955.559003940577 0.93071049099194914 0.080067099553778484 2.1383330595080281 0.24163086620452548 9.1429711801750333 0.25450203479105588 10.788648748734458 0.8101995766065343 0.50019318154883396 9.321747568549986 0.17710948595516171
decision_type=10 2 2 2 10 2 8 10 2 10 8 2 10 2 8 2 8 8 8 2 10 8 10 2 2 2 2 10 2 10
left_child=4 -2 11 9 5 27 -7 -8 -5 -4 29 -3 13 14 16 -15 -13 -16 -19 20 21 23 -23 -6 -24 -26 -12 -1 -22 -11
right_child=1 2 3 8 19 6 7 -9 -10 10 26 12 -14 15 17 -17 -18 18 -20 -21 28 22 24 -25 25 -27 -28 -29 -30 -31
leaf_value=-0.0018936620434965852 0.027848723598020736 -0.00060570917779170926 0.0010668882815118006 0.001134320593666418 8.9822766881852094e-06 0.00052258643727872106 0.00079580909743112022 0.0070878155150701375 0.0065024217135376513 -0.0012574052927758633 0.0009159082089696337 0.00029406267164645698 -0.0012606308834173644 0.0018120267003594898 0.0048183510607076024 -0.00054900012220769471 0.0089303274094882368 -0.00018119955470876807 0.0050902426753893339 -0.0025062205835709298 -0.00073096796849609843 -0.00046447177260303959 -0.00024594135821895001 0.0038028594958118556 0.0049605844243980528 -0.0020047028860195517 0.0035005378103993424 0.0035174005104244934 -0.0016598413621515212 0.0002245346710459026
leaf_weight=866 71 4774 3710 106 77 159 68 86 58 814 1337 356 1030 47 98 575 40 40 48 4191 2141 1542 116 71 119 56 42 142 5986 796
leaf_count=866 71 4774 3710 106 77 159 68 86 58 814 1337 356 1030 47 98 575 40 40 48 4191 2141 1542 116 71 119 56 42 142 5986 796
internal_value=-0.000513683 0.000341676 0.000298226 0.000877185 -0.00127713 0.000133887 0.00360191 0.00669677 0.0052 0.000770596 5.11699e-05 -0.000268798 0.000625503 0.00200664 0.00405489 8.66767e-05 0.00184383 0.00872727 0.00444944 -0.00140748 -0.00115086 0.000331483 -7.03388e-05 0.00527517 0.00348288 0.00605114 0.00115435 -0.000945491 -0.00151218 -0.000893855
internal_weight=29562 13942 13871 6863 15620 1321 313 154 164 6699 2989 7008 2234 1204 582 622 396 186 88 14299 10108 1981 1833 148 291 175 1379 1008 8127 1610
internal_count=29562 13942 13871 6863 15620 1321 313 154 164 6699 2989 7008 2234 1204 582 622 396 186 88 14299 10108 1981 1833 148 291 175 1379 1008 8127 1610
is_linear=0
shrinkage=0.03


Tree=50
num_leaves=31
num_cat=0
split_feature=0 11 14 14 13 15 7 3 14 0 7 3 4 20 14 0 8 13 12 4 17 13 8 11 6 0 14 3 14 1
split_gain=21.6903 5.7646 4.48834 5.55983 3.76976 6.17916 3.82815 3.31605 4.8328 3.10658 5.31636 4.69342 3.82043 3.05958 3.48991 2.9621 2.91319 4.29834 4.17691 3.06009 3.05992 4.76376 2.92628 4.12204 2.8998 2.88469 4.42518 3.58512 3.50835 4.59919
threshold=1.4719571470147133 9.4242817117107354 0.64617256261511691 0.17858628084352038 0.047357574945620123 2.1383330595080281 0.050844857964181082 0.10849705157511756 0.25650469701685369 1.042724797230413 0.081802939282435955 0.16612352611924933 480.74254238736881 0.9208449158509685 0.4885172996237519 2.23242025849411 6.1273128432923505 0.042395736131044519 0.20932959709088197 659.60254849185969 0.3403570105847285 0.084059747728293263 65.898755937923866 9.321747568549986 2.4998757446093158 1.1500051057210736 0.66848789117026997 0.1716978499600291 0.14099301494757577 0.22869249394673122
decision_type=10 2 2 2 2 10 10 2 2 10 10 2 10 2 2 10 8 2 2 8 8 2 10 2 2 10 2 2 2 8
left_child=4 2 3 16 25 9 7 8 -7 -6 11 -11 -12 14 -9 -3 17 19 -19 -2 -20 -22 -18 -24 -17 -1 27 -27 29 -29
right_child=1 15 -4 -5 5 6 -8 13 -10 10 12 -13 -14 -15 -16 24 22 18 20 -21 21 -23 23 -25 -26 26 -28 28 -30 -31
leaf_value=-0.0024794211091466456 0.0058284101777004715 -0.00034299764835562358 0.0032779797465661118 -6.9490985070674337e-05 -0.00024193291118503946 -0.0018304571531016318 -0.0011228029722424591 0.00057701289966153452 0.0041852509972917272 0.0089653177945807159 0.0023846298808188823 0.0020961456483122695 -0.00036202682222898698 -0.0012943678276462766 0.0047515787803307291 0.00028314043963728987 -0.00045727398131098197 -0.00023579992810610734 0.00930714607468844 0.00088475456162201698 0.00079008751520859256 0.01303396946096347 0.0024206871021291597 0.003820139133052021 0.0018433832172636687 -0.0022467025028347293 0.0022886654496657778 4.2248442192448645e-05 -0.0010937907562725711 0.0025783982218660459
leaf_weight=4924 160 5070 267 1688 422 41 5933 201 64 60 60 99 279 466 106 2545 435 47 46 468 56 55 363 45 578 2097 255 840 1766 117
leaf_count=4924 160 5070 267 1688 422 41 5933 201 64 60 60 99 279 466 106 2545 435 47 46 468 56 55 363 45 578 2097 255 840 1766 117
internal_value=-0.000544394 0.000450862 0.00144588 0.00114774 -0.00120805 -0.000710425 -0.00102217 0.000825938 0.00580189 0.00159609 0.0031984 0.00770625 0.00106765 0.00014341 0.00246429 9.88457e-06 0.00237172 0.00363025 0.00740488 0.00239428 0.00974051 0.0069375 0.00112678 0.00294865 0.000736555 -0.0015927 -0.00109043 -0.00129434 -0.000575992 0.000886221
internal_weight=29553 11823 3630 3363 17730 7731 6811 878 105 920 498 159 339 773 307 8193 1675 832 204 628 157 111 843 408 3123 9999 5075 4820 2723 957
internal_count=29553 11823 3630 3363 17730 7731 6811 878 105 920 498 159 339 773 307 8193 1675 832 204 628 157 111 843 408 3123 9999 5075 4820 2723 957
is_linear=0
shrinkage=0.03


Tree=51
num_leaves=31
num_cat=0
split_feature=0 0 11 3 15 9 9 11 8 13 12 0 13 9 8 15 0 14 13 15 11 8 1 3 0 8 14 6 17 14
split_gain=19.7421 5.86341 4.81552 4.02864 3.97743 3.66959 4.15475 5.1793 4.14077 3.85641 3.73023 3.71407 3.1525 4.65936 4.02693 3.42321 4.92289 3.1134 3.24451 3.45576 6.32533 4.52071 3.10609 5.84934 3.9585 2.92151 3.98927 4.98897 3.0092 3.43302
threshold=1.8159274064938657 1.2128135938062292 5.5114085413964808 0.123315006362833 3.3842466058243152 0.13493982625662096 0.083527117436754811 8.1699026073017489 1.84002488456723 0.16402051066719059 0.22814458903585513 28.257575757575761 0.047357574945620123 0.0055351307189542504 1.1069156216628275 3.4498615536424366 0.96478991205569009 0.6401078916798818 0.042991323184348361 2.249904835165133 9.2111400471547391 1.6136799627396174 0.098199935711989719 0.10849705157511756 1.0907588779338628 1.3621193317282358 0.15801693441696354 -0.62017780241357234 1.1754304930656578 0.180032785398999
decision_type=10 10 2 2 10 10 10 2 8 2 2 10 2 10 10 8 10 2 2 10 2 10 10 2 10 10 2 2 8 2
left_child=1 12 -2 -3 17 6 9 11 -7 10 -4 -8 -1 15 22 -14 -17 18 -5 20 -20 -22 -15 -24 -25 -21 -27 -28 29 -29
right_child=2 3 5 4 -6 8 7 -9 -10 -11 -12 -13 13 14 -16 16 -18 -19 19 25 21 -23 23 24 -26 26 27 28 -30 -31
leaf_value=-0.0022081322754199323 0.028599599673540244 -0.0014089158899332585 -0.00079971398789307568 -0.00033175479686986271 -0.0010908859424081658 0.0041751838516741555 0.0044911034369270559 0.0016913326401198677 -0.0012448513364351215 0.0030129186041838512 0.00086856669817577151 0.0055401679767403469 5.1289997207076811e-05 -0.00098428820756208237 -0.0014791854559445261 0.002356303594214714 0.0079978644464494351 0.0017642856985531775 -0.00013122814397999952 -0.00043989015025348052 0.0040127180094344682 0.00023993434629259291 0.0041723715111547099 -0.00039845943914481555 0.0033608586970671332 -0.00053817290969548036 0.010632847799762587 0.0049611063467218126 0.0058835837955259103 0.00040015042774718451
leaf_weight=6167 50 3899 887 3330 1767 81 61 625 648 78 4918 40 150 305 3448 61 40 375 164 669 102 40 56 332 125 419 41 89 48 564
leaf_count=6167 50 3899 887 3330 1767 81 61 625 648 78 4918 40 150 305 3448 61 40 375 164 669 102 40 56 332 125 419 41 89 48 564
internal_value=-0.000530325 -0.000977515 0.000812829 -0.000507561 -0.000105665 0.000748875 0.000971709 0.00311142 -0.00126986 0.000707171 0.000617464 0.00938235 -0.00148358 -0.000881143 -0.00111507 0.00308333 0.00732353 0.000271653 8.99938e-05 0.00100234 0.00394788 0.00855944 0.000776556 0.00220039 0.00106768 0.000507918 0.00141738 0.00273755 0.00213248 0.00159174
internal_weight=29579 22191 7388 11507 7608 7338 6609 726 729 5883 5805 101 10684 4517 4266 251 101 5841 5466 2136 306 142 818 513 457 1830 1161 742 701 653
internal_count=29579 22191 7388 11507 7608 7338 6609 726 729 5883 5805 101 10684 4517 4266 251 101 5841 5466 2136 306 142 818 513 457 1830 1161 742 701 653
is_linear=0
shrinkage=0.03


Tree=52
num_leaves=31
num_cat=0
split_feature=0 0 14 9 3 16 6 11 12 4 4 9 14 15 13 9 4 2 15 9 14 1 15 1 11 0 14 14 0 11
split_gain=19.3189 5.70266 5.36203 7.11423 4.67503 4.25626 4.18784 4.09374 6.63835 5.02479 3.90009 3.58069 3.14017 3.23867 4.9689 3.32115 3.25441 3.08659 2.6357 3.80371 2.93289 4.82824 2.98945 5.51269 3.07863 2.58826 2.67067 2.5284 4.14192 4.44897
threshold=1.3294958930104757 3.0728261520944451 0.59597129831402107 0.067661831142878395 0.11369758380940388 0.018810821723661268 6.3584536575114683 10.546616940613026 0.27972910041820681 1257.2428018631483 2048.6484672301158 0.27130284224907136 0.61034220030491604 2.249904835165133 0.051717538673785556 0.0055351307189542504 511.22615663951512 3.9567861552827805 3.2769667020129059 0.045245511374807666 0.19496829516785188 0.19189852700491003 3.7494348669884658 0.027973395931142401 10.87803775741498 1.1563088726746396 0.25650469701685369 0.66848789117026997 1.733611276225701 9.2111400471547391
decision_type=10 10 2 10 2 8 2 2 2 8 10 8 2 10 2 10 8 8 8 10 2 10 10 10 2 8 2 2 10 2
left_child=11 4 5 -4 17 -3 18 9 -9 -7 -10 12 13 14 -1 16 -16 -2 19 -6 21 22 -20 24 -24 -13 -27 -21 29 -29
right_child=1 2 3 -5 6 7 -8 8 10 -11 -12 25 -14 -15 15 -17 -18 -19 20 27 -22 -23 23 -25 -26 26 -28 28 -30 -31
leaf_value=-0.0019254804184254879 0.0032481346709590749 0.0056494396538946407 -0.0006942805044342225 0.0033074094137406453 -0.00030995789732381185 0.0020124948602091102 0.0035588937532077822 -0.00084214209753891817 0.0035413739873852829 -0.0004476331938522343 0.0044105296853044051 -0.00032091691315244594 -4.7302299593071301e-05 -0.0016253152402253171 0.0015046915792117368 0.00049804821384904672 0.0088270014594125298 -0.00085992301539526206 -0.00032423446793497876 0.0006834545719492009 -0.00087677443017129819 0.0012349344087781669 0.0030144476773843456 -0.0018915276078715288 0.001140388045703727 0.00078191452921193836 0.004698244441491921 0.0019342329583665536 -0.00037308639341692307 0.005435870921573876
leaf_weight=2085 40 239 72 93 2118 692 162 129 71 1688 169 461 1353 9704 42 614 40 4269 530 3075 1369 44 45 72 52 124 92 55 69 44
leaf_count=2085 40 239 72 93 2118 692 162 129 71 1688 169 461 1353 9704 42 614 40 4269 530 3075 1369 44 45 72 52 124 92 55 69 44
internal_value=-0.000538143 0.000213206 0.00134781 0.00659638 -8.63967e-05 0.00105587 0.000359481 0.00072109 0.00365676 0.000264594 0.00659751 -0.00131958 -0.0014238 -0.00157256 -0.000669663 0.00152367 0.00715663 -0.000876335 0.000255686 0.000609287 -0.000641742 0.000874999 0.000261428 0.00372353 0.00835714 0.000809734 0.00351152 0.00125493 0.0048284 0.00873
internal_weight=29612 15097 3153 165 11944 2988 7635 2749 369 2380 240 14515 13838 12485 2781 696 82 4309 7473 5361 2112 743 699 169 97 677 216 3243 168 99
internal_count=29612 15097 3153 165 11944 2988 7635 2749 369 2380 240 14515 13838 12485 2781 696 82 4309 7473 5361 2112 743 699 169 97 677 216 3243 168 99
is_linear=0
shrinkage=0.03


Tree=53
num_leaves=31
num_cat=0
split_feature=0 9 9 10 13 0 7 16 4 15 17 15 9 4 0 4 15 6 0 8 3 12 4 10 15 1 12 3 17 4
split_gain=19.0815 4.7327 4.62249 4.96696 3.63537 3.92534 4.80536 5.57003 4.48812 5.76935 4.27582 3.48322 3.33908 3.22834 5.41173 3.39134 4.56486 3.38461 3.2051 3.16221 2.9536 3.42182 2.92529 2.7475 2.5344 2.5216 3.36319 2.47869 3.77834 2.42762
threshold=1.4482782527205618 0.13176780733968915 0.081074892167686721 0.95545325009883952 0.15819968496347767 3.0728261520944451 0.23850008242226103 1.0000000180025095e-35 3844.7971073626595 3.0677824455408698 0.03836038240774655 3.8176519431297078 0.27130284224907136 1865.1995702168426 2.5461914976865621 1338.8613169066209 3.1984648276080736 1.5192231133053078 1.2907905104338673 1.7757009531749952 0.13464576841288842 0.08900158444357055 1457.8257225913492 1.1395246464032267 3.3140206880897671 0.10889328063241112 0.22814458903585513 0.44777324829393889 0.065112610391038522 1008.2044936348515
decision_type=10 10 8 8 2 10 10 8 10 10 8 8 8 10 10 10 10 2 10 8 2 2 10 10 10 10 2 2 8 8
left_child=12 2 4 -4 5 27 7 10 9 -9 -7 24 18 14 15 25 17 -17 -1 -15 -20 -22 -11 -14 -6 -5 -27 -2 -29 -25
right_child=1 -3 3 13 11 6 -8 8 -10 22 -12 -13 23 19 -16 16 -18 -19 20 -21 21 -23 -24 29 -26 26 -28 28 -30 -31
leaf_value=-0.0013875207374737574 -0.00020829775682317179 -0.00083315495910553166 -0.00026032742838981752 8.0809404416132667e-05 0.001990630854191878 0.0042849597390445925 0.00031522606153401431 -2.1179510574359862e-05 0.0042053545079381045 0.00077000044043856243 0.0076704014491134559 -0.0018072020851703395 -0.00013963319730576768 0.0020972031602373396 0.0036147490532956366 0.0071801869210421946 -0.0014113038304964082 0.0037443082704262049 -0.0015619259421478329 -0.0010998059175020886 0.0076194262085144846 1.3302474399280326e-05 0.003435133030694227 -0.0018728692842481603 0.0021838340858694526 0.0038405308970863366 0.00099032411697675847 0.015194814256475904 0.00077542474951644016 0.0041485762308042318
leaf_weight=12694 5974 1476 561 354 144 40 1858 441 42 66 40 57 543 145 185 60 53 53 1555 230 40 2321 71 57 87 41 107 42 146 114
leaf_count=12694 5974 1476 561 354 144 40 1858 441 42 66 40 57 543 145 185 60 53 53 1555 230 40 2321 71 57 87 41 107 42 146 114
internal_value=-0.000502433 0.000402558 0.000620392 0.00201285 0.000343656 0.000233917 0.00122157 0.00333809 0.00236715 0.00166839 0.0107407 0.00365398 -0.00114355 0.00308055 0.00409953 0.00283408 0.00653892 0.00992105 -0.00122991 0.000757978 -0.000479449 0.000189246 0.00702174 0.000864335 0.00528879 0.00159841 0.00487248 -0.000176214 0.00320635 0.0041686
internal_weight=29597 12273 10797 1789 9008 8720 2558 700 620 578 80 288 17324 1228 853 668 166 113 16610 375 3916 2361 137 714 231 502 148 6162 188 171
internal_count=29597 12273 10797 1789 9008 8720 2558 700 620 578 80 288 17324 1228 853 668 166 113 16610 375 3916 2361 137 714 231 502 148 6162 188 171
is_linear=0
shrinkage=0.03


Tree=54
num_leaves=31
num_cat=0
split_feature=0 0 10 14 3 3 17 14 16 2 17 5 12 3 8 8 17 13 14 13 16 10 3 14 12 8 13 13 6 4
split_gain=19.8811 5.41617 4.33756 4.18159 3.80774 3.48995 3.22987 3.48683 2.69502 2.60639 2.77269 2.51255 2.4993 2.83097 3.39073 7.11728 2.39938 3.44253 2.36353 2.723 4.9296 2.6863 2.66792 4.7432 2.35641 2.30943 4.08249 3.59929 2.67784 2.28921
threshold=1.3720085474392831 2.1758322155458596 3.7867060182546477 0.8101995766065343 0.45973053716511209 0.11369758380940388 1.9823507676023684 0.46922117293072813 1.0000000180025095e-35 4.215895930450797 0.041689987563377807 0.39415279556124633 0.16365128251845998 0.41424983509707008 3.3964994808200486 10.252240042950637 1.0379166167518183 0.033696077640488049 0.64617256261511691 0.089730378936847641 0.13250767453842247 1.5432416763218362 0.14423454831563079 0.21366555468538176 0.68314819420586403 39.367390213594916 0.0062676283184450159 0.054939382166393172 3.8845208215154394 2223.5762272146517
decision_type=10 10 8 2 2 2 10 2 8 8 8 10 2 2 8 10 8 2 2 2 10 8 2 2 2 10 2 2 2 8
left_child=2 5 6 4 24 9 12 -8 -4 -2 -11 16 -1 -14 -15 -16 18 -18 19 21 22 -7 -21 -24 25 27 -27 -3 29 -29
right_child=1 3 8 -5 -6 11 7 -9 -10 10 -12 -13 13 14 15 -17 17 -19 -20 20 -22 -23 23 -25 -26 26 -28 28 -30 -31
leaf_value=-0.0013845907365435514 0.0016570644207294495 0.00089380723718545589 0.007094411926309779 0.0031178610156879661 0.0089207822904239092 -0.00059877237504370705 0.0007120014418008809 0.0045945960266378623 0.0009029272481438015 0.00041756746403212016 -0.0014802927968609945 -0.0016800756839011729 -0.00094917844084018745 0.00022154858149060489 0.0099287779791193895 -0.00019708030890403156 0.00080141497835039014 0.0029392166693841338 0.0021363450983523991 0.00098550448145216557 -0.000117569926696214 0.00060536527191149209 0.0067524864744174145 0.0010675228993032172 0.0049934281484762776 0.00052060961453948549 -0.0025411939071341245 0.0034841682020925321 0.0088825564774998259 0.00021722754941264115
leaf_weight=12677 40 2436 48 67 63 2346 178 40 150 648 2325 441 2056 439 43 54 490 187 231 215 588 1049 89 70 98 1555 408 317 43 171
leaf_count=12677 40 2436 48 67 63 2346 178 40 150 648 2325 441 2056 439 43 54 490 187 231 215 588 1049 89 70 98 1555 408 317 43 171
internal_value=-0.000474107 0.000353004 -0.00120585 0.00112347 0.00102455 -0.000102868 -0.00126233 0.00235616 0.00319598 -0.000928667 -0.00103194 0.000333274 -0.00131415 -0.000465099 0.00147486 0.00652041 0.000515571 0.00218142 0.000269339 0.000112207 0.00152025 -0.000287103 0.004208 0.00714375 0.000931795 0.000839586 4.12416e-05 0.00136759 0.00360338 0.00295705
internal_weight=29562 13877 15685 5158 5091 8719 15487 218 198 3013 2973 5706 15269 2592 536 97 5265 677 4588 4357 962 3395 374 159 5028 4930 1963 2967 531 488
internal_count=29562 13877 15685 5158 5091 8719 15487 218 198 3013 2973 5706 15269 2592 536 97 5265 677 4588 4357 962 3395 374 159 5028 4930 1963 2967 531 488
is_linear=0
shrinkage=0.03


Tree=55
num_leaves=31
num_cat=0
split_feature=0 14 11 9 0 7 14 3 12 9 14 8 10 9 10 4 17 8 3 20 12 8 11 4 0 8 4 3 14 7
split_gain=18.0611 10.8304 5.99369 5.32716 4.70673 4.04261 4.30482 3.61753 3.01657 2.97684 3.65459 4.06179 4.0707 2.95059 6.47803 5.21913 2.86105 2.82968 3.08925 2.75613 2.54814 2.47721 2.69952 2.4285 2.63264 2.58179 2.42585 2.35174 2.84982 2.32569
threshold=1.2907905104338673 0.84007426042915634 5.2176457913436556 0.14950538523484178 1.9580465084774761 0.13312410547389344 0.052880138836880267 0.11369758380940388 0.68314819420586403 0.064462498758927206 0.17858628084352038 9.3708444805322699 2.1567980234739164 0.24819894757536004 1.1617180553420077 1008.2044936348515 1.9823507676023684 1.1217200748231078 0.10385120108505828 0.9426553883795713 0.26272134895893556 1.2329625034811755 10.750706838178237 3559.7589804269837 1.6981568131664204 1.5072758776725819 1545.8430776001044 0.44393429317066602 0.16135947613363874 0.16954296859386678
decision_type=10 2 2 10 10 10 2 2 2 10 2 10 10 8 10 10 10 10 2 2 2 8 2 10 10 10 10 2 2 10
left_child=13 2 -2 4 5 6 -4 -7 29 -9 11 12 27 16 17 -16 -1 18 -15 -20 -8 22 26 24 -12 -25 -5 28 -11 -6
right_child=1 -3 3 21 8 7 20 9 -10 10 23 -13 -14 14 15 -17 -18 -19 19 -21 -22 -23 -24 25 -26 -27 -28 -29 -30 -31
leaf_value=-0.0013605416535320623 0.030178610290517556 0.0033652399542296635 0.0035738278273858451 0.00028025530606901847 0.0021970527179901648 -0.001525196129875765 0.00025853763550134277 -0.0004978064110119371 0.0052709296552544103 0.00077614157029064895 -0.00083331921214465656 -0.00030929301392622615 0.0039512757080530396 0.0035615098842530267 0.0022847178687348661 0.0040255801354977484 0.0027237561468300025 -0.0023476109042479551 0.0044657199944739944 -0.0016046432695007336 0.0020983698813478039 -0.001464670031571452 -0.0011866182377460854 0.0033172298887339854 0.0010062138379370114 0.00035937501734915802 0.0038998710320015759 0.0024471480268949825 0.0042483644637103428 0.00056526699484320904
leaf_weight=12071 44 42 62 119 551 2172 1298 2646 121 311 1049 235 56 41 112 78 164 465 161 290 112 1646 94 44 284 80 41 41 49 5088
leaf_count=12071 44 42 62 119 551 2172 1298 2646 121 311 1049 235 56 41 112 78 164 465 161 290 112 1646 94 44 284 80 41 41 49 5088
internal_value=-0.000500914 0.000173297 0.000133238 0.00010267 0.000302323 -0.000148934 0.00127902 -0.000450776 0.000963374 9.3821e-06 0.000838604 0.00263203 0.00427729 -0.0013163 0.000138501 0.00518325 -0.00145268 -0.000867433 0.000718052 -6.63788e-06 0.000935506 -0.00138874 0.00136471 -1.4404e-05 -0.000389056 0.003984 0.00372671 0.00320149 0.00240997 0.000862233
internal_weight=29567 16185 16143 16099 14199 8439 1472 6967 5760 4795 2149 692 457 13382 1147 190 12235 957 492 451 1410 1900 254 1457 1333 124 160 401 360 5639
internal_count=29567 16185 16143 16099 14199 8439 1472 6967 5760 4795 2149 692 457 13382 1147 190 12235 957 492 451 1410 1900 254 1457 1333 124 160 401 360 5639
is_linear=0
shrinkage=0.03


Tree=56
num_leaves=31
num_cat=0
split_feature=0 0 14 20 12 14 11 12 7 0 7 15 11 4 9 3 14 10 9 9 14 8 10 14 14 6 0 12 4 9
split_gain=16.2707 5.64287 4.28481 6.22647 3.07895 2.85193 3.50843 8.68652 5.55772 2.83691 5.0184 4.58218 4.30265 4.18815 3.31474 3.02432 3.11398 2.88553 2.74325 2.85708 4.90313 6.08678 5.12686 4.18735 3.19554 4.65666 2.69727 2.42892 2.38538 2.33581
threshold=1.3851789431060977 3.0728261520944451 0.60019321080588428 0.035496574383884323 0.61181374187275106 0.080337800665521222 10.524829875154747 0.27972910041820681 0.23616612509543858 1.1415079197709883 0.075364897600891892 2.1383330595080281 7.6520706332757618 797.61028742963504 0.24163086620452548 0.4863236694520473 0.68027517933753268 1.1511563549019834 0.13176780733968915 0.073532391474593742 0.17704420439001509 7.7696882440483011 2.0613737368795064 0.1340966933886982 0.6401078916798818 0.86947638991670739 1.6236126003021234 0.12818578308380915 1440.7195322802004 0.16630124580199582
decision_type=10 10 2 2 2 2 2 2 10 10 10 10 2 10 8 2 2 10 10 10 2 10 10 2 2 2 10 2 8 8
left_child=9 18 5 -4 -5 -3 -7 -8 -9 29 11 12 -11 15 -13 16 -12 -16 19 -2 21 22 23 28 -22 -26 -25 -14 -21 -1
right_child=1 2 3 4 -6 6 7 8 -10 10 13 14 27 -15 17 -17 -18 -19 -20 20 24 -23 -24 26 25 -27 -28 -29 -30 -31
leaf_value=-0.0020036561391247585 -0.00015814906305438355 0.0044848268558079262 -0.001687952367333619 0.0037927696865213334 0.0010709591857159079 0.00024707982132876795 -0.0010885653941756514 0.0035749386077631269 0.0035422637067624037 -0.0016211450261416603 -0.00017517904943934246 -0.00019724238139715207 0.0078007137867612169 -0.0011832420156713175 0.0012326469937622147 0.00205070613611576 0.0021795460847663559 0.0045716381728910576 -0.00097195242614783598 0.0016112057392950873 -0.00030801006908047268 -0.00019794151133692732 0.0040111801871524685 0.002998624002881525 0.0025772044591735768 0.0004173556601008505 0.0051013423212439794 0.0027066524307078422 -0.0027912747648506883 -0.00051614105134352016
leaf_weight=6334 6653 329 53 68 44 2268 174 68 195 55 1271 849 41 5314 136 42 81 53 1430 189 1492 228 71 58 51 126 74 40 75 1776
leaf_count=6334 6653 329 53 68 44 2268 174 68 195 55 1271 849 41 5314 136 42 81 53 1430 189 1492 228 71 58 51 126 74 40 75 1776
internal_value=-0.000502852 0.000258078 0.00136031 0.00605422 0.0100354 0.00110313 0.000781596 0.00323973 0.00667045 -0.00115213 -0.000746671 0.00106213 0.00621898 -0.00106335 0.000381135 0.000399999 0.000150775 0.00396316 -7.95375e-05 0.000114104 0.00100972 0.003125 0.00508333 0.003733 0.000127544 0.00392697 0.00807519 0.0105732 0.00153962 -0.00154605
internal_weight=29638 13646 3199 165 112 3034 2705 437 263 15992 7882 1174 136 6708 1038 1394 1352 189 10447 9017 2364 695 467 396 1669 177 132 81 264 8110
internal_count=29638 13646 3199 165 112 3034 2705 437 263 15992 7882 1174 136 6708 1038 1394 1352 189 10447 9017 2364 695 467 396 1669 177 132 81 264 8110
is_linear=0
shrinkage=0.03


Tree=57
num_leaves=31
num_cat=0
split_feature=0 14 0 3 8 13 13 11 11 15 17 11 16 17 19 17 4 13 8 13 10 14 3 10 0 13 14 4 11 13
split_gain=14.7167 7.69843 4.15855 4.52339 3.35028 3.5948 3.56481 3.22127 3.12805 3.06265 4.61386 3.00001 4.04843 3.27918 3.59332 3.57968 2.95331 2.71729 3.64501 3.04633 3.26603 2.84103 2.66908 2.62081 2.54495 2.54181 2.51237 2.48173 3.3935 3.3999
threshold=1.3294958930104757 0.84007426042915634 2.1758322155458596 0.11106049566231513 39.823606740180885 0.15097134249492397 0.014533228350867516 6.2499677885285188 10.462646089415928 2.8029010331479989 0.041689987563377807 10.426261508060465 -0.12073718189338688 0.26072610227127896 7.5000000000000009 0.71259416527479058 2223.5762272146517 0.085411067409061361 1.1779294001626097 0.14955607344210917 0.67402109061597526 0.12270964149603746 1.0000000180025095e-35 3.7867060182546477 1.733611276225701 0.18017668990777472 0.26872700912277842 1652.8882539928197 10.252541026562854 0.044132052742836693
decision_type=10 2 10 2 10 2 2 2 2 10 10 2 8 8 2 10 10 2 10 2 10 2 2 8 10 2 2 8 2 2
left_child=23 2 3 22 5 7 -6 -4 17 10 -10 12 -9 -13 15 16 -15 27 -19 20 -20 -22 26 -1 -23 -7 -2 28 -5 -30
right_child=1 -3 4 8 6 25 -8 11 9 -11 -12 13 -14 14 -16 -17 -18 18 19 -21 21 24 -24 -25 -26 -27 -28 -29 29 -31
leaf_value=-0.0011282966627696746 -0.000522875091373273 0.0031885520337452552 0.023939816926033128 0.00038018918462086836 0.00030692196439630108 0.0049967257461395092 -0.0023675355992901865 0.010355152592300737 0.012415832929648008 -0.00073404667554280553 0.00027466024828727684 -8.5291376983867809e-05 0.00063179346225023783 0.0030264736225356402 0.0040944538706439316 -0.00075021050404727686 0.0031394019435994234 0.0044244689805559689 -1.789729204756889e-05 -0.00050714288724974918 -0.00085326982409512811 0.0013610077966818056 -0.0012313393733388647 0.0021619566576498062 0.0071835473969428807 0.0018726797276212596 0.012708626941983249 -0.00042673057713860584 0.0017067830419105312 -0.0024334885305695364
leaf_weight=14207 71 40 43 2561 1645 41 390 41 48 1825 244 209 2403 44 158 143 50 50 202 246 50 196 3101 166 88 44 41 986 173 52
leaf_count=14207 71 40 43 2561 1645 41 390 41 48 1825 244 209 2403 44 158 143 50 50 202 246 50 196 3101 166 88 44 41 986 173 52
internal_value=-0.000462601 0.00018866 0.000153505 -0.000206543 0.000839792 0.00144854 -0.000110512 0.00127975 0.00023609 -0.000718131 0.00212969 0.001163 0.000694478 0.00305454 0.00465909 0.00230672 0.00682105 0.000674918 0.00222569 0.00171647 0.00298324 0.0048 -0.00113223 -0.00115062 0.00595789 0.0075 0.00339823 0.000332361 0.000790096 0.00431416
internal_weight=29558 15185 15145 9934 5211 3176 2035 3091 6721 2117 292 3048 2444 604 395 237 94 4604 832 782 536 334 3213 14373 284 85 112 3772 2786 225
internal_count=29558 15185 15145 9934 5211 3176 2035 3091 6721 2117 292 3048 2444 604 395 237 94 4604 832 782 536 334 3213 14373 284 85 112 3772 2786 225
is_linear=0
shrinkage=0.03


Tree=58
num_leaves=31
num_cat=0
split_feature=0 14 9 9 14 0 8 10 14 7 16 10 14 17 10 15 16 14 17 15 3 0 7 9 14 14 19 17 0 15
split_gain=16.2801 4.75195 3.83328 4.01393 5.53632 3.92358 3.40234 3.54215 4.7401 4.54195 3.37423 5.24144 3.37322 3.31695 3.29329 2.96098 6.10346 2.54627 3.18619 2.76579 3.14977 3.30305 4.24457 2.98403 3.37631 4.98412 3.27215 2.80644 2.60085 3.23568
threshold=1.3720085474392831 0.8101995766065343 0.13176780733968915 0.080302413646144669 0.17858628084352038 3.0728261520944451 3.3078374493293814 1.4602383165576336 0.13574633351653967 0.15739529108397105 0.018810821723661268 0.55992414026536708 0.55145139045956859 2.0950339193447265 3.7867060182546477 2.524928003624769 0.18392518307733144 0.6051968757028342 1.4348072168078037 2.249904835165133 0.12648950609783924 1.2475809018956827 0.15739529108397105 0.27130284224907136 0.25650469701685369 0.38041736031061685 8.5000000000000018 0.44290989477841564 1.0907588779338628 3.3140206880897671
decision_type=10 2 10 8 2 10 10 8 2 10 8 10 2 8 8 8 10 2 10 10 2 8 10 10 2 2 2 10 10 10
left_child=14 2 3 5 6 -2 7 8 -5 -10 11 -7 -6 -3 17 -9 -17 19 28 20 -1 -22 27 -21 -25 26 -26 -23 -19 -30
right_child=1 13 -4 4 12 10 -8 15 9 -11 -12 -13 -14 -15 -16 16 -18 18 -20 23 21 22 -24 24 25 -27 -28 -29 29 -31
leaf_value=-0.0025995070886607199 -0.00011285680820890172 -0.00023480036222926477 -0.00072330057820587713 0.00019795973225132985 -0.00021237099249759819 0.013299465026510868 0.00063434723087989837 0.0022087713766920664 0.0097416107483394004 0.00021020423970470671 0.00059467954453342538 0.0041913819810100754 0.0014511576286023887 0.0037447725437835442 0.0020028461511578865 0.0045075356056723664 0.0018973894556701342 -0.0013399577909970462 0.0031415790285789008 -0.0013866808574191885 -0.00062901398912999556 0.0012552174451688121 0.00095643550890721829 -0.0011788123720157758 0.0014792303580342687 -0.00079043674202143165 0.0042052170016102421 0.0031216213677724074 0.0011464394029057233 -0.0014539302167955444
leaf_weight=1124 7325 40 1781 180 1138 49 198 57 45 40 2332 177 324 61 200 49 81 730 57 10430 1312 101 454 143 42 126 40 57 509 233
leaf_count=1124 7325 40 1781 180 1138 49 198 57 45 40 2332 177 324 61 200 49 81 730 57 10430 1312 101 454 143 42 126 40 57 509 233
internal_value=-0.000463209 0.00028383 0.000236045 0.000428892 0.00161571 0.000175131 0.00391705 0.00535099 0.0031015 0.00889535 0.0011864 0.00467841 0.000590567 0.00673529 -0.00112951 0.00850532 0.0109924 -0.00117937 -1.76478e-05 -0.00130781 -0.000509676 0.000227532 0.00204568 -0.00153339 0.00118466 0.00361722 0.0093253 0.00626415 -0.000289206 0.000960968
internal_weight=29435 13877 13776 11995 2112 9883 650 452 265 85 2558 226 1462 101 15558 187 130 15358 1529 13829 3048 1924 612 10781 351 208 82 158 1472 742
internal_count=29435 13877 13776 11995 2112 9883 650 452 265 85 2558 226 1462 101 15558 187 130 15358 1529 13829 3048 1924 612 10781 351 208 82 158 1472 742
is_linear=0
shrinkage=0.03


Tree=59
num_leaves=31
num_cat=0
split_feature=0 9 9 14 14 4 14 3 6 8 13 15 0 7 6 3 15 14 15 8 13 7 9 12 3 4 4 17 0 8
split_gain=14.3725 5.01727 4.32487 5.37098 6.51515 4.06586 4.47307 4.29602 3.44486 3.37604 3.22404 5.45998 3.20194 3.38396 3.40075 3.2827 3.11228 2.98683 2.68801 5.00654 2.49983 6.68834 5.40396 5.05849 6.12945 3.29871 2.47833 4.42474 2.31658 2.30103
threshold=1.2907905104338673 0.13352993484978967 0.077106498747850111 0.098413714326794632 0.64617256261511691 1440.7195322802004 0.027691951979766507 0.26065465585284026 0.85848767251117353 1.7947206666210518 0.050064604467123554 1.8688348091416842 2.1758322155458596 0.17666338991530287 3.7679581909318753 0.44043284691908446 2.3502401828962087 0.064510087291076601 1.4978661367769956 1.6015318188572691 0.047357574945620123 0.044996701473583034 0.0055351307189542504 -0.019047422477144412 0.10849705157511756 984.36674796214095 10054.386035047779 0.24548534102897884 2.7815150865581928 1.2329625034811755
decision_type=10 10 8 2 2 10 2 2 2 8 2 8 10 10 2 2 10 2 10 8 2 10 8 2 2 8 8 10 10 8
left_child=20 2 12 5 10 6 -4 17 16 -9 -5 -12 13 14 18 -14 -6 -8 19 -2 -1 23 25 -22 -25 -23 -24 -28 -10 -3
right_child=1 29 3 4 8 -7 7 9 28 -11 11 -13 15 -15 -16 -17 -18 -19 -20 -21 21 22 26 24 -26 -27 27 -29 -30 -31
leaf_value=-0.0015845890785878697 0.015309660681847685 0.00054393560173983293 0.0006673614866636085 -0.00037441135690747748 0.0024719486926674428 -0.0014587841586224024 0.0051816568503790647 -0.00027365098089830996 0.0008882239207424809 0.0056872304231499211 0.02298703859408667 0.0008604939841056643 0.00054731588233025469 -0.0007931672732811539 0.0022315033716590041 0.015228463420478162 0.0028037122936640261 0.002759160645217138 -7.6808946610406682e-06 -0.0037550132468024541 -0.0013919740439274745 2.226098927148527e-06 -0.0011804572077622178 0.0036890921022857473 0.0012830627758011099 0.0050984329755519586 -0.0012742263171511116 0.002022675485345534 0.0028480311314499052 -0.0012529982955144033
leaf_weight=7622 44 298 126 1567 41 52 45 43 144 48 46 836 4070 4226 181 42 42 41 2300 52 282 85 4619 66 511 64 139 45 56 1936
leaf_count=7622 44 298 126 1567 41 52 45 43 144 48 46 836 4070 4226 181 42 42 41 2300 52 282 85 4619 66 511 64 139 45 56 1936
internal_value=-0.000507483 9.31199e-05 0.000303791 0.00129501 0.000843029 0.00476124 0.00608882 0.00915168 0.00514437 0.00453261 0.000344081 0.00179388 2.33595e-05 -0.000376103 0.000480604 0.000684171 0.01025 0.013931 0.000180225 0.00507216 -0.00123336 -0.000764454 -0.00118837 0.00167791 0.00328547 0.00442 -0.00136324 0.00204324 0.00298507 -0.00122685
internal_weight=29669 16236 14002 3087 2732 355 303 177 283 91 2449 882 10915 6803 2577 4112 83 86 2396 96 13433 5811 4952 859 577 149 4803 184 200 2234
internal_count=29669 16236 14002 3087 2732 355 303 177 283 91 2449 882 10915 6803 2577 4112 83 86 2396 96 13433 5811 4952 859 577 149 4803 184 200 2234
is_linear=0
shrinkage=0.03


Tree=60
num_leaves=31
num_cat=0
split_feature=12 13 4 3 9 14 14 14 10 0 14 0 11 4 15 10 14 17 14 3 15 4 12 14 14 4 15 10 17 4
split_gain=14.568 4.63485 4.21978 4.04999 3.56973 3.35312 5.13307 5.26613 3.86827 3.13354 3.90388 3.10438 2.59996 2.54256 2.52943 2.63626 2.50105 2.40472 3.87611 2.86646 3.96172 3.52123 2.70265 2.24784 2.20302 3.79949 3.9972 2.17397 2.72903 3.59821
threshold=0.20138393460977436 0.045095948447942853 10054.386035047779 0.44393429317066602 0.023265861033082706 0.19638806362534819 0.071430394981582129 0.10384539162779355 1.0369830812014902 2.2074037802280944 0.8101995766065343 2.8373453354441951 11.466535916520787 1535.4857964152388 2.249904835165133 0.90437858182748021 0.024874745753742142 1.1420528169633293 0.70804664873221013 0.10653310688301258 2.1383330595080281 946.83721222365591 0.32762909607793894 0.21165658788964961 0.6401078916798818 2123.5580691434216 2.8029010331479989 2.0145021316202665 -0.054925438431063608 862.59236778624165
decision_type=2 2 8 2 8 2 2 2 10 10 2 10 2 8 10 10 2 8 2 2 10 10 2 2 2 8 8 8 10 10
left_child=1 11 -3 9 -4 6 16 -8 -9 13 12 24 -11 17 -7 -16 -5 18 23 -19 21 22 -21 27 -1 -26 -27 28 29 -2
right_child=3 2 4 5 -6 14 7 8 -10 10 -12 -13 -14 -15 15 -17 -18 19 -20 20 -22 -23 -24 -25 25 26 -28 -29 -30 -31
leaf_value=-0.0015498024172399291 0.00044634742526083245 -0.00043369980767482742 0.005938378966215181 0.01321422911157346 0.0006358273523688349 -0.0013116210731207311 0.0063255394418046274 -0.0023360034690260816 0.0085756246048973826 0.00054760419112311368 0.0027779315671024969 0.028386252805540888 0.002496660175145121 -0.00065672193851542106 0.0032158569497231729 -7.8265859158121163e-05 -0.0015948611591463139 -0.0018572207556922906 0.0026685228255522862 0.0055475456693096442 0.00079786038600116078 0.01059275832610725 0.00174057232665603 -0.00070014133317886649 -0.00084707728864931377 0.0040641525077134352 4.5701918714445653e-05 0.0014043641754412938 -0.00043954613137532373 0.0069331896619990981
leaf_weight=8416 117 8946 45 45 234 124 49 41 64 4641 56 44 69 2816 60 101 104 123 73 51 236 40 77 1243 481 57 100 182 852 48
leaf_count=8416 117 8946 45 45 234 124 49 41 64 4641 56 44 69 2816 60 101 104 123 73 51 236 40 77 1243 481 57 100 182 852 48
internal_value=-0.000461641 -0.00098281 -0.000508889 0.000390082 0.00311786 0.00281154 0.00500329 0.00882581 0.00495283 0.000255811 0.000826934 -0.00146324 0.000732328 -0.00020891 0.000472027 0.00294444 0.00102 0.000392375 5.96113e-06 0.00223295 0.00345185 0.00695858 0.00446512 -0.000198936 -0.00150215 0.000197182 0.00423418 0.000727499 0.000185657 0.00370482
internal_weight=29535 18323 9225 11212 279 588 303 154 105 10624 4766 9098 4710 5858 285 161 149 3042 2515 527 404 168 128 2442 9054 638 157 1199 1017 165
internal_count=29535 18323 9225 11212 279 588 303 154 105 10624 4766 9098 4710 5858 285 161 149 3042 2515 527 404 168 128 2442 9054 638 157 1199 1017 165
is_linear=0
shrinkage=0.03


Tree=61
num_leaves=31
num_cat=0
split_feature=0 14 4 20 8 9 13 15 3 8 14 9 9 0 11 0 4 8 11 14 17 4 14 13 3 4 14 13 15 13
split_gain=11.8824 4.41401 4.73029 3.37544 4.9737 4.9141 5.2823 5.03985 4.7861 3.51341 3.33859 3.02551 3.12524 2.83296 3.10521 3.79757 3.34227 4.22146 2.80453 2.76727 3.13451 2.59777 2.38215 4.06954 3.92252 3.42106 4.64892 3.3347 2.37885 2.33238
threshold=1.4719571470147133 0.74915735220338797 607.49709889580993 0.91585035531530756 1.1217200748231078 0.24163086620452548 0.024774517046972949 3.0677824455408698 0.50541988633251311 2.2599451022073431 0.60019321080588428 0.13176780733968915 0.080302413646144669 3.0728261520944451 10.536194468932006 7.9902492539411911 480.74254238736881 6.5279927368259445 7.6520706332757618 0.24116311111870239 0.73261819416092355 437.79539773611265 0.073407733499605096 0.17244956145921225 0.18302475333625465 870.66740077131522 0.048308477645043479 0.041319430960577268 3.5972184255501678 0.1082127772149107
decision_type=10 2 10 2 10 8 2 10 2 10 2 10 8 10 2 10 8 10 2 2 10 8 2 2 2 8 2 2 10 2
left_child=3 11 18 4 5 -1 -7 -8 10 -10 21 12 13 -2 16 19 17 -15 -3 -16 -21 -6 23 24 -23 26 -26 -24 -29 -5
right_child=1 2 -4 29 8 6 7 -9 9 -11 -12 -13 -14 14 15 -17 -18 -19 -20 20 -22 22 27 -25 25 -27 -28 28 -30 -31
leaf_value=3.3505251072259688e-05 -0.00023622496065238955 0.019933382151502123 0.0001638679343577643 -0.0020557419514696303 0.00045514096481582661 -0.0016464830106621535 0.0060373412445830854 -3.2328809897623073e-05 -0.00090474444790129827 0.0045180573648614655 0.00034294017535393961 -0.00087404869242040247 0.0010291521618781413 0.012132261633149807 0.00023081208159912389 0.015011865271744659 0.00013072410160629966 0.0016820411259016569 0.0027450064510995656 0.0029831572097430326 -0.00012160082274887145 -0.0024343503917907262 -0.0017681707706803317 0.0059198602005091109 -5.5160479496853776e-05 5.5012138512533896e-05 0.0032492741647482813 -0.00030946451944376379 -0.001426055153616528 -0.00023622816439956308
leaf_weight=1070 5991 40 102 4441 623 122 103 47 59 66 1003 1384 1663 57 189 44 2007 153 41 61 46 593 3789 50 55 479 48 3404 848 960
leaf_count=1070 5991 40 102 4441 623 122 103 47 59 66 1003 1384 1663 57 189 44 2007 153 41 61 46 593 3789 50 55 479 48 3404 848 960
internal_value=-0.000506585 0.000232277 0.00484239 -0.000996566 -0.000723059 0.00100074 0.00459341 0.00834437 -0.00093311 0.00488095 -0.00100028 0.000159106 0.000337543 0.000105977 0.000941751 0.00360704 0.000531559 0.00412322 0.0102073 0.00236364 0.00619444 -0.00116754 -0.00129362 -6.11753e-05 -0.000420919 0.00132762 0.00625961 -0.00148135 -0.000904304 -0.00162218
internal_weight=29538 11778 183 17760 12359 1342 272 150 11017 125 10892 11595 10211 8548 2557 340 2217 210 81 296 107 9889 9266 1225 1175 582 103 8041 4252 5401
internal_count=29538 11778 183 17760 12359 1342 272 150 11017 125 10892 11595 10211 8548 2557 340 2217 210 81 296 107 9889 9266 1225 1175 582 103 8041 4252 5401
is_linear=0
shrinkage=0.03


Tree=62
num_leaves=31
num_cat=0
split_feature=0 11 12 14 14 17 7 9 8 0 14 3 4 0 6 7 19 15 15 6 17 12 4 14 8 10 14 9 8 17
split_gain=12.8264 5.36373 5.39157 3.87232 4.27292 3.24694 3.50081 3.09838 4.33459 4.18367 4.8308 6.39025 5.73507 3.26591 2.7283 2.68367 2.13723 2.08169 3.53215 2.06832 2.00334 2.7706 4.25766 2.00094 2.17533 1.97782 2.7553 1.9354 2.79492 3.12
threshold=1.2160094804386865 9.4242817117107354 0.57810891105361206 0.69960812274525919 0.17858628084352038 2.2023554142283888 0.17666338991530287 0.24163086620452548 1.151740591041873 1.0075687858576539 0.2492299096779412 0.13296679413842935 1491.7401164870021 1.0075687858576539 2.6728059628543503 0.095332319688763448 7.5000000000000009 3.7726948748059121 3.7494348669884658 6.3584536575114683 1.1420528169633293 0.013787802911649829 378.95524677821629 0.25284066456771392 39.823606740180885 1.6947538332556074 0.15801693441696354 0.046914819859710064 14.219794975599038 0.33045936307547735
decision_type=10 2 2 2 2 10 8 8 10 8 2 2 8 10 2 10 2 8 10 2 10 2 10 2 10 10 2 10 10 10
left_child=7 3 14 4 15 6 -5 20 9 -9 13 -12 16 -11 17 -2 -13 18 27 25 -1 -22 -23 -6 -25 -17 -27 -3 29 -29
right_child=1 2 -4 5 23 -7 -8 8 -10 10 11 12 -14 -15 -16 19 -18 -19 -20 -21 21 22 -24 24 -26 26 -28 28 -30 -31
leaf_value=-0.0013910058680010832 0.0054068138562116935 -0.00081657793492174004 0.010010536146197751 0.002604969086087104 -0.0010712441451021619 0.0026626560227398506 0.00044616044097259489 -0.00069997528270349476 -0.0020850533121170717 0.010466320315125495 0.0066480644388324378 0.0026165360574271737 -0.00089188521895697671 -0.0015423277481117679 0.000473028892659907 0.00078334972356990649 0.0041177906844573715 -0.0011573999430760573 0.0031314652722080746 0.0079616607938102178 -0.0037105518055805622 0.0049749365899224166 0.00039351783091595488 0.00092830856209156804 -0.0010502663446554858 0.001635133744911823 0.0038683950059089588 -0.00015081799321161067 -0.00098330101362895279 0.00073799677002616792
leaf_weight=9396 69 4420 46 41 1068 41 167 316 351 40 41 40 99 137 1568 1824 47 1595 42 40 194 63 198 1314 340 453 67 2471 1540 1684
leaf_count=9396 69 4420 46 41 1068 41 167 316 351 40 41 40 99 137 1568 1824 47 1595 42 40 194 63 198 1314 340 453 67 2471 1540 1684
internal_value=-0.000465655 9.57834e-06 -0.00031331 0.000805161 0.000628863 0.004452 0.00289952 -0.00128316 0.000249066 0.00158114 0.0036 0.00648684 0.00407487 -0.000117978 -0.000349074 0.00153667 0.00964773 -0.000505914 -0.000347609 0.00136604 -0.00144976 0.00049342 0.00250763 -0.000189498 0.000464048 0.00124861 0.00287908 -0.000384046 -1.84347e-05 0.000386188
internal_weight=29712 18790 13366 5424 5175 249 208 10922 1071 720 404 227 186 177 13320 2453 87 11752 10157 2384 9851 455 261 2722 1654 2344 520 10115 5695 4155
internal_count=29712 18790 13366 5424 5175 249 208 10922 1071 720 404 227 186 177 13320 2453 87 11752 10157 2384 9851 455 261 2722 1654 2344 520 10115 5695 4155
is_linear=0
shrinkage=0.03


Tree=63
num_leaves=31
num_cat=0
split_feature=0 14 15 14 7 11 12 13 8 7 17 11 15 14 2 4 14 0 9 13 8 0 4 0 14 9 9 11 1 17
split_gain=11.7736 9.93332 5.52843 6.32307 4.13114 4.03539 3.24189 3.8343 7.98811 3.14867 2.99748 3.22072 2.84182 2.94827 2.79237 3.00441 2.75996 3.37297 2.48697 2.33835 4.81095 5.03183 2.83882 2.32431 2.32093 2.52259 3.76128 4.19345 3.73537 2.7509
threshold=1.138764382546323 0.84007426042915634 3.3842466058243152 0.60019321080588428 0.34355712775317698 4.923617305492666 0.22814458903585513 0.086243080277888837 1.0888462329247071 0.26415336068304934 1.4850325121970982 10.821406956953568 3.1567740231385479 0.30981096521792423 6.5323769157767444 1526.1995912211066 0.21366555468538176 2.2666072860717121 0.026885920314916479 0.1082127772149107 1.1243356542607239 1.0029662278139384 1641.5274724183716 2.1758322155458596 0.18455293740530895 0.13493982625662096 0.072545059802873527 9.0330660546218216 0.057259953161592499 0.41229229639356268
decision_type=10 2 10 2 8 2 2 2 10 8 8 2 10 2 8 8 2 10 10 2 8 10 8 10 2 8 10 2 10 10
left_child=19 2 3 5 -5 -2 7 14 -9 12 -11 -12 -8 -14 -7 24 -4 -18 -19 -1 21 -21 -23 -15 25 26 -16 -28 -29 -30
right_child=1 -3 16 4 -6 6 9 8 -10 10 11 -13 13 23 15 -17 17 18 -20 20 -22 22 -24 -25 -26 -27 27 28 29 -31
leaf_value=-0.0017048176288083758 0.028414018541268137 0.0023078302777909464 -9.7576476522946443e-05 0.0016513391978219365 -0.00031315395439106589 0.0010407739418603051 0.00066012130612145485 0.0064486222253459704 0.00019840377174834721 -0.00060201625516679343 0.00037952246208378213 0.014326762325351508 0.0012095745017861362 0.00033925231893312412 -0.00021033016171796107 -0.0012599448142342898 -0.0013031549337158921 -0.00088310562881022678 0.0028201112734720637 -0.00024683188592312531 -0.0016739061412322372 0.0030974764418282893 -0.0016860075049600902 0.002043711596312791 -0.001037474721370741 -0.0013314061381365695 -0.00078181540585350005 0.001396566510523924 0.0049835943360038775 0.0038396896396426577
leaf_weight=6784 41 46 1621 974 376 76 2713 41 2486 2216 1499 42 221 55 1119 2675 2623 89 65 232 938 113 41 41 1830 274 192 196 123 85
leaf_count=6784 41 46 1621 974 376 76 2713 41 2486 2216 1499 42 221 55 1119 2675 2623 89 65 232 938 113 41 41 1830 274 192 196 123 85
internal_value=-0.000481461 -0.000117266 -0.000147136 9.46392e-05 0.00206514 -7.25236e-05 -9.70734e-05 -0.000467246 0.000525711 0.000399086 -0.000181214 0.00083463 0.00111844 0.00380189 -0.000849187 -0.000916398 -0.00109661 -0.00167063 0.00263226 -0.0014569 -0.000303397 0.00251163 0.00669677 0.00816495 -0.000376179 0.000333165 0.000760489 0.00268342 0.00441481 0.00720574
internal_weight=29827 21719 21673 17275 1350 15925 15884 9097 2527 6787 3757 1541 3030 317 6570 6494 4398 2777 154 8108 1324 386 154 96 3819 1989 1715 596 404 208
internal_count=29827 21719 21673 17275 1350 15925 15884 9097 2527 6787 3757 1541 3030 317 6570 6494 4398 2777 154 8108 1324 386 154 96 3819 1989 1715 596 404 208
is_linear=0
shrinkage=0.03


Tree=64
num_leaves=31
num_cat=0
split_feature=12 13 15 3 5 0 0 3 7 17 11 0 7 4 0 10 12 2 12 7 0 11 11 7 4 4 2 19 16 11
split_gain=12.0945 3.80493 4.87627 4.7058 3.14194 2.96013 2.90639 4.21529 3.00316 3.38313 3.47851 2.4571 2.48795 5.30611 3.96251 3.27918 2.30362 2.14506 3.24666 2.10485 2.08864 2.50016 6.23078 3.17533 2.05652 2.86433 2.61766 3.23692 2.03347 1.93614
threshold=0.18027666046065163 0.047357574945620123 2.1383330595080281 0.065989982635842839 0.87226043832986744 1.3767460276685526 2.1758322155458596 0.1516106609538577 0.16638951926295356 0.95497662265565875 9.3824853214326733 0.87337022546413678 0.073973085317154921 607.49709889580993 1.0593377517455072 0.74384223774308988 0.11170197752392765 5.2663577519871456 0.08678042183499636 0.050844857964181082 95.446153846153848 8.3150769773310635 8.0677759992399043 0.16638951926295356 1663.8063242402375 1377.8358675729814 4.4519341512431039 7.5000000000000009 0.44071948214779455 11.466535916520787
decision_type=2 2 10 2 10 10 10 2 10 10 2 10 10 10 10 10 2 8 2 10 10 2 2 10 10 10 8 2 10 2
left_child=1 17 11 4 -4 19 7 -2 9 -9 -11 -3 14 15 -13 -14 -16 18 -1 24 21 22 23 -8 25 -5 -27 -28 -10 -23
right_child=6 2 3 5 -6 -7 20 8 28 10 -12 12 13 -15 16 -17 -18 -19 -20 -21 -22 29 -24 -25 -26 26 27 -29 -30 -31
leaf_value=-0.0019650101623544781 -0.00094258173119876013 -0.0032210919525126089 0.00069853977972529787 -0.00011873167082026721 0.0038631122653957398 8.9318561307056595e-05 0.0094029944769399697 0.00050473955865211755 -0.00024265404289694308 0.0052758909730731213 0.0014236867170688697 0.00011735494432483191 0.00018464058056789551 -0.00079711879253346689 0.0068487928607204891 0.0032615552089563151 0.00099194038227948711 -0.0014434380874723484 0.00098594816004483757 -0.0011044738423840956 -0.00050542855445189774 0.00048535278596982843 0.004672856508120952 0.00040067014743484824 -0.0018916508230249268 -0.0018524640934834424 0.0016412105264137244 0.0031687677573530868 0.00087920447238494276 0.0019550953164213362
leaf_weight=65 2828 104 412 417 63 1552 73 1195 3022 60 107 117 62 373 77 77 41 8132 45 4779 573 3842 95 404 197 51 78 63 617 73
leaf_count=65 2828 104 412 417 63 1552 73 1195 3022 60 107 117 62 373 77 77 41 8132 45 4779 573 3842 95 404 197 51 78 63 617 73
internal_value=-0.000450482 -0.00098318 -0.000536272 -0.000777093 0.00211134 -0.0009696 0.000239953 -0.000122223 0.000401239 0.00160235 0.00558929 0.0016162 0.00221791 0.00104093 0.00476695 0.00602143 0.00862185 -0.00144195 0.0027027 -0.00129162 0.000800236 0.00101805 0.00286911 0.00146234 0.000126393 0.000988524 0.00401036 0.00610563 -4.86271e-05 0.000746935
internal_weight=29594 16705 8463 7612 475 7137 12889 7829 5001 1362 167 851 747 512 235 139 118 8242 110 5585 5060 4487 572 477 806 609 192 141 3639 3915
internal_count=29594 16705 8463 7612 475 7137 12889 7829 5001 1362 167 851 747 512 235 139 118 8242 110 5585 5060 4487 572 477 806 609 192 141 3639 3915
is_linear=0
shrinkage=0.03


Tree=65
num_leaves=31
num_cat=0
split_feature=20 3 15 12 14 14 3 15 9 7 8 15 14 20 20 11 8 4 11 19 14 10 9 14 4 9 16 11 5 9
split_gain=9.25038 4.84783 5.18773 4.14043 4.5721 4.37856 4.40253 3.44882 3.3801 6.56895 9.80778 5.71601 3.84414 3.40854 3.36434 3.16136 2.99174 2.79078 5.28409 2.74101 2.36849 3.9151 3.33204 3.53603 2.73287 2.72383 3.03325 2.40941 3.63574 2.47397
threshold=0.80562668606997767 0.123315006362833 2.602003343538398 0.099003726460243704 0.062242415691549473 0.10102936720107132 0.41084913717244026 4.7050052835523761 0.13352993484978967 0.13312410547389344 1.3782862453450042 3.2384861814448418 0.075292873884918579 0.53376247113104325 0.00083400475854453085 10.810061225888072 74.306852282582867 335.98191182792806 8.2224192840079287 4.5000000000000009 0.21366555468538176 1.4299920114232096 0.084176893584138782 0.12270964149603746 862.59236778624165 0.13352993484978967 0.1611707516048427 9.8556356976725947 inf 0.014944359981015553
decision_type=2 2 10 2 2 2 2 8 8 10 10 8 2 2 2 2 8 10 2 2 2 8 8 2 10 10 8 2 8 10
left_child=1 8 3 -3 -5 6 16 -2 9 10 12 -12 -1 14 -11 19 17 -6 -19 -7 21 -4 23 24 -23 26 -24 -25 -29 -30
right_child=7 2 20 4 5 15 -8 -9 -10 13 11 -13 -14 -15 -16 -17 -18 18 -20 -21 -22 22 25 27 -26 -27 -28 28 29 -31
leaf_value=0.0041568921032583408 -0.0010450531105842163 0.0075395093355118507 -0.00026806384316529195 -0.0013907099228789837 -0.0025508220216947696 -4.2535615187133933e-05 0.008498036194797047 0.00075558911425813744 -0.0015889279397964396 -0.0045323202164556878 0.0027111132841814867 0.012170896141254883 -0.00060615106903640981 -0.00140583551537786 0.00035187644186694119 0.003403914065897649 0.0036584056252076222 0.0040450552761368804 0.00022171909248454118 0.0015349598586660671 -0.00050929340575582268 0.0032570045366365412 0.0040232484332997512 -0.00014884166877671807 -0.0014122532233657068 -0.0021759217922239019 0.0015256406627839388 -0.0016293760664938533 0.0047930098893079788 0.002825614947786644
leaf_weight=44 10548 52 1508 671 85 1341 78 413 1537 566 71 77 289 2456 3219 64 63 56 158 1998 3247 62 74 136 346 55 157 47 41 173
leaf_count=44 10548 52 1508 671 85 1341 78 413 1537 566 71 77 289 2456 3219 64 63 56 158 1998 3247 62 74 136 346 55 157 47 41 173
internal_value=-0.000422368 -1.62282e-05 0.000414289 0.00117188 0.00107375 0.00147268 0.00428571 -0.00111412 -0.00055896 -0.000268631 0.00310581 0.00950335 0.000242514 -0.000529158 3.5657e-05 0.00110781 0.00287603 0.00161 0.00343256 0.000979939 -0.000177528 0.000497307 0.00186538 0.000874689 -0.00108558 0.00464111 0.00606465 0.00288693 0.0045687 0.00622326
internal_weight=29632 18671 10412 4566 4514 3843 440 10961 8259 6722 481 148 333 6241 3785 3403 362 299 214 3339 5846 2599 1091 805 408 286 231 397 261 214
internal_count=29632 18671 10412 4566 4514 3843 440 10961 8259 6722 481 148 333 6241 3785 3403 362 299 214 3339 5846 2599 1091 805 408 286 231 397 261 214
is_linear=0
shrinkage=0.03


Tree=66
num_leaves=31
num_cat=0
split_feature=0 11 14 13 9 15 0 0 14 0 3 10 15 9 4 13 15 11 9 9 9 17 11 4 4 3 7 11 4 14
split_gain=10.5475 3.53023 3.394 3.62253 6.03621 3.45379 3.90735 4.34917 3.15025 3.69501 7.24645 3.33023 4.10594 2.93298 2.9236 2.58634 2.70015 5.47982 4.07274 2.51433 3.74328 2.82229 4.49048 3.67297 2.95048 2.54293 4.86315 3.78343 4.55905 3.38927
threshold=1.5311285268305916 5.5114085413964808 0.6051968757028342 0.042395736131044519 0.0065764796462273482 2.9174053685313028 1.4255368430167519 1.027771435272365 0.14099301494757577 1.1500051057210736 0.18302475333625465 1.9009382354062967 3.4811217321331038 0.051594361951503388 3844.7971073626595 0.18903683220768777 2.9174053685313028 10.049944424840264 0.060558081724274827 0.16630124580199582 0.043878594015436569 0.28336486250618664 8.3150769773310635 365.42184983669341 937.77562917017872 0.11369758380940388 0.29232888946051455 10.821406956953568 3484.1781198326007 0.57706897202493279
decision_type=10 2 2 2 10 8 8 10 2 8 2 8 8 10 10 2 8 2 10 10 10 10 2 8 10 2 10 2 10 2
left_child=2 -2 3 8 5 -5 7 -7 9 -1 -11 -12 -13 14 -6 16 17 -4 -19 20 -3 -22 23 -23 -24 29 27 28 -27 -26
right_child=1 19 15 4 13 6 -8 -9 -10 10 11 12 -14 -15 -16 -17 -18 18 -20 -21 21 22 24 -25 25 26 -28 -29 -30 -31
leaf_value=-0.0016055531598268824 0.025084246587776804 -0.00015211654400331011 9.4067750201708907e-05 0.00011037587625937897 -0.001472708749702652 0.00011467882784858388 -0.0005365519609139243 0.0061195924965941053 -0.0016878056438810228 -0.0022911839908518758 0.00040069039724680261 0.0012800315903961344 0.0031972530028543259 -0.00021666293034918897 0.00099986646992574553 0.0041414564221219372 -0.00055534650654708733 0.00048064651051746738 0.0083338160949620599 -0.00085419094349986581 4.1401189284913358e-05 -0.00088965305569593648 -0.00046499834820341271 0.0047762956789520455 0.0001845877285459829 0.0025416789739646228 -0.00042269665561958989 -0.0005220543797235525 0.0053714165377325941 0.0023202387565888325
leaf_weight=1671 59 5529 858 215 2002 52 56 88 5350 783 829 178 55 5697 43 46 799 109 63 757 1769 47 500 109 877 598 305 120 42 46
leaf_count=1671 59 5529 858 215 2002 52 56 88 5350 783 829 178 55 5697 43 46 799 109 63 757 1769 47 500 109 877 598 305 120 42 46
internal_value=-0.000456481 0.000293335 -0.000883409 -0.00101686 -0.000560339 0.00297815 0.00584772 0.00851064 -0.00143656 -0.000738698 0.00018689 0.00180056 0.00496154 -0.000748548 -0.00172287 0.000327824 0.00014918 0.00116392 0.00603468 0.000252616 0.000379563 0.00103104 0.00165142 0.00657325 0.0013403 0.00185822 0.00285647 0.00413929 0.0050546 0.000704545
internal_weight=29652 10758 18894 17019 8153 411 196 140 8866 3516 1845 1062 233 7742 2045 1875 1829 1030 172 10699 9942 4413 2644 156 2488 1988 1065 760 640 923
internal_count=29652 10758 18894 17019 8153 411 196 140 8866 3516 1845 1062 233 7742 2045 1875 1829 1030 172 10699 9942 4413 2644 156 2488 1988 1065 760 640 923
is_linear=0
shrinkage=0.03


Tree=67
num_leaves=31
num_cat=0
split_feature=0 9 2 9 13 10 14 0 15 15 15 3 8 14 20 15 0 7 4 15 9 8 0 14 17 16 16 15 15 8
split_gain=11.8103 3.25014 3.16439 3.06351 6.03569 3.60324 3.28312 3.09176 4.01089 2.98382 7.18279 2.41862 4.39269 3.13005 2.40543 2.38882 3.18957 3.78367 3.3112 2.37974 3.06125 2.63465 2.56512 2.58757 3.39024 2.34674 2.34258 4.00014 2.25644 2.18826
threshold=1.4482782527205618 0.16630124580199582 4.0149969931503255 0.0065764796462273482 0.051194119243081877 1.5977132576692845 0.60019321080588428 1.0848229686895843 3.3842466058243152 2.3502401828962087 2.602003343538398 0.36074935571588113 1.8943296656802011 0.071430394981582129 0.40049196054409703 3.5972184255501678 1.2224736213864604 0.090530052963536944 335.98191182792806 2.602003343538398 0.10307723744095941 2.0320092000663448 2.0171744610769182 0.32109755515639499 0.49052540776731041 0.36631070022541584 0.098712698517728195 3.7256208424938388 2.0126758453675748 1.1217200748231078
decision_type=10 10 8 10 2 8 2 10 10 8 8 2 8 2 2 8 8 10 10 8 10 10 10 2 8 10 10 8 10 10
left_child=3 2 -2 4 11 -6 15 -8 9 -9 -11 -1 -13 -14 -4 16 29 -18 28 20 25 22 23 -22 -25 -16 27 -7 -19 -5
right_child=1 -3 14 6 5 26 7 8 -10 10 -12 12 13 -15 19 -17 17 18 -20 -21 21 -23 -24 24 -26 -27 -28 -29 -30 -31
leaf_value=-0.0015800862691822506 0.0040057617410295815 -0.00098865755119787574 0.00082128448100967266 -0.00040412523508900108 0.0007125025103697758 2.4160848595607424e-05 -0.0011875565598849184 -3.0872293029144364e-05 -0.0012363716110261559 0.0040264376877720935 0.00069401066069939093 -0.0015486676780931095 0.00029955170596781904 0.012476094673157153 -0.00011582389429068917 -0.0013113924401110192 0.00096177346750921067 0.0064054221778845509 -0.00083878512882061562 -0.00024753749846010992 -0.00082697090821325428 -0.00096288505770343417 0.0039926354346915219 0.0056275352916438084 0.00069512166323071692 0.0020956589949152889 0.0044656309101432584 0.0059316549866046441 7.751367560425627e-05 -0.0015854874054836942
leaf_weight=710 57 925 3964 1932 192 60 743 249 304 106 335 219 78 77 1873 2582 651 58 3755 4593 91 102 55 71 72 419 41 41 78 5096
leaf_count=710 57 925 3964 1932 192 60 743 249 304 106 335 219 78 77 1873 2582 651 58 3755 4593 91 102 55 71 72 419 41 41 78 5096
internal_value=-0.000446902 0.000267037 0.000407062 -0.000951064 0.000384777 0.00390448 -0.0010703 0.000160529 0.00125427 0.00251809 0.00399774 -0.000702305 0.001248 0.00509615 0.000370963 -0.00122137 -0.00103708 -0.000417346 -0.000771583 4.69967e-05 0.000756706 0.00320663 0.00466552 0.00326808 0.00577083 0.000337548 0.00751049 0.00497059 0.00381022 -0.00143747
internal_weight=29529 12222 11297 17307 1418 334 15889 1737 994 690 441 1084 374 155 11240 14152 11570 4542 3891 7276 2683 391 289 234 143 2292 142 101 136 7028
internal_count=29529 12222 11297 17307 1418 334 15889 1737 994 690 441 1084 374 155 11240 14152 11570 4542 3891 7276 2683 391 289 234 143 2292 142 101 136 7028
is_linear=0
shrinkage=0.03


Tree=68
num_leaves=31
num_cat=0
split_feature=20 3 15 9 2 13 16 17 17 17 20 10 9 20 20 15 17 20 3 15 17 13 15 6 13 4 8 20 1 1
split_gain=9.64039 4.82826 4.14572 4.02509 3.40343 3.1932 3.18713 3.79305 2.56495 2.55955 3.02918 2.55366 2.94969 2.54771 2.41328 2.77465 3.99315 2.3381 2.29551 4.35674 3.06128 2.45824 2.48463 2.44897 2.25178 3.5551 2.18696 3.13489 3.30303 2.15758
threshold=0.82214638209638047 0.12648950609783924 2.524928003624769 0.13028228991995441 3.9567861552827805 0.084059747728293263 0.1140104456087092 1.0625675233958116 0.0076623721585133454 0.03836038240774655 0.56273780858417688 1.4214355243343284 0.081074892167686721 0.0050602502977390223 0.15756482009845804 1.8688348091416842 4.5556282068761424 0.25358244218602016 0.102008097617089 4.1820210059610323 1.7201381195487364 0.02354234886814971 3.1567740231385479 2.0898698765420609 0.10228631454299626 2748.7378177966707 2.2599451022073431 0.63125618438051323 0.091431556948798356 0.21312455175711212
decision_type=2 2 8 8 8 2 10 10 10 8 2 8 8 2 2 10 8 2 2 10 8 2 10 2 2 8 8 2 8 8
left_child=1 3 5 4 -1 14 8 -8 -7 -6 13 -4 -13 -11 15 -3 -17 -14 19 21 29 -2 23 -23 -15 -26 27 28 -19 -20
right_child=18 2 11 -5 9 6 7 -9 -10 10 -12 12 17 24 -16 16 -18 26 20 -21 -22 22 -24 -25 25 -27 -28 -29 -30 -31
leaf_value=0.002012044113071963 -0.0020350924005416 0.0015377873646523581 -0.00030670912093415734 -0.0016352720901637763 0.00057195063524081297 0.0063918364823119453 0.0003802696321170014 0.006246460946731279 0.0028703987383167117 -0.0032243184349379228 -0.0014143168558545724 2.9217455419540067e-05 0.0084944937817062402 0.00011968531679271079 0.00047822304199380899 0.00017010796674265234 0.0059657073386644287 0.0018047961176677614 -0.0012981772173802882 0.0047392043743028824 0.0029557803967687965 0.001193672004171482 -0.0020017904117408743 0.0026536697436682333 0.00053623827742503018 0.0091252530154583549 -0.00014155527746866588 0.00096326530191248258 0.0017169517682139551 -0.00035893287642963298
leaf_weight=47 595 279 4586 1729 1359 80 248 44 71 702 2180 1796 41 2637 2861 41 40 41 6436 44 132 546 257 40 99 41 254 302 69 1952
leaf_count=47 595 279 4586 1729 1359 80 248 44 71 702 2180 1796 41 2637 2861 41 40 41 6436 44 132 546 257 40 99 41 254 302 69 1952
internal_value=-0.000457767 -7.01358e-05 0.000356239 -0.000591473 -0.000273847 0.00117544 0.00356081 0.00172014 0.00708553 -0.000328253 -0.000609011 -6.72786e-05 0.000703274 -5.94835e-05 0.000846368 0.00315789 0.00801219 0.00234322 -0.00121524 -0.000125422 -0.00140477 -0.000412787 0.000629146 0.00170698 0.000348811 0.00404255 0.00190705 0.00325424 0.00756757 -0.00147622
internal_weight=29549 19547 10753 8794 7065 3664 443 292 151 7018 5659 7089 2503 3479 3221 360 81 707 10002 1482 8520 1438 843 586 2777 140 666 412 110 8388
internal_count=29549 19547 10753 8794 7065 3664 443 292 151 7018 5659 7089 2503 3479 3221 360 81 707 10002 1482 8520 1438 843 586 2777 140 666 412 110 8388
is_linear=0
shrinkage=0.03


Tree=69
num_leaves=31
num_cat=0
split_feature=0 20 8 13 15 15 14 0 10 13 12 13 4 7 14 17 9 8 9 4 4 10 7 14 14 13 17 12 8 7
split_gain=9.51895 3.95881 4.96922 5.62782 4.47423 3.29356 4.01004 3.0188 2.38829 2.35343 3.49762 2.34832 3.0817 3.54114 2.27433 2.22269 2.14355 3.57271 2.79322 2.28489 2.82954 4.46569 2.82499 2.29159 2.13137 2.1259 2.58712 2.3139 2.25638 4.23017
threshold=1.8159274064938657 0.94526566452151972 1.1217200748231078 0.072553795409553534 2.249904835165133 3.3842466058243152 0.60019321080588428 1.2160094804386865 1.1511563549019834 0.0043971760140966805 0.16865179298525315 0.042991323184348361 1515.9664642810751 0.09712437220761734 0.17216792383753302 0.308669761612333 0.13493982625662096 1.9443953781353305 0.08177907867071392 1865.1995702168426 1331.407960479507 0.91028776480427476 0.15739529108397105 0.51303190547426614 0.21366555468538176 0.16402051066719059 -0.10977809202179804 0.22105238076137559 4.8436312614115602 0.23470423472578489
decision_type=10 2 10 2 10 8 2 8 10 2 2 2 10 10 2 10 10 8 8 10 8 10 10 2 2 2 10 2 10 10
left_child=1 2 3 -1 -5 6 7 -4 9 10 -8 12 13 -9 -15 -6 18 -18 25 20 -20 -22 -23 -21 -7 27 -27 -2 -29 -30
right_child=16 -3 5 4 15 24 8 11 -10 -11 -12 -13 -14 14 -16 -17 17 -19 19 23 21 22 -24 -25 -26 26 -28 28 29 -31
leaf_value=-5.3779408862557127e-05 -0.00083212223036694831 -0.0017280621398934354 -0.0010114598472227272 0.005624738044398051 0.00080723393248059499 -0.0005024168864035416 0.011214027165328821 0.0030991358577564915 -2.1345258066956568e-05 0.00028038059033659796 0.001261531005378648 0.00021697694707023296 -0.0014369217264280673 0.00036974675766906855 -0.0010046938709429871 0.0027977257916318088 0.0027071279930105272 -0.0010804652676475116 0.0012808104847248645 -0.00092182633863567922 -0.0019406922950441195 0.012563513809207116 0.0023710000942304124 0.0014386869772542948 -0.0013203486233410769 -3.4566673613342779e-05 0.0021435860424369392 -0.00015518013516464455 0.0024459004036622434 0.00041449290668210101
leaf_weight=1316 778 4055 3235 84 300 1561 68 45 536 331 86 3148 1752 1339 1327 54 86 615 346 227 46 41 100 45 2976 42 42 1891 652 2468
leaf_count=1316 778 4055 3235 84 300 1561 68 45 536 331 86 3148 1752 1339 1327 54 86 615 346 227 46 41 100 45 2976 42 42 1891 652 2468
internal_value=-0.000429021 -0.000739129 -0.000549811 0.000967521 0.00390888 -0.000712101 -0.000449192 -0.000618421 0.00134736 0.00287037 0.00592258 -0.00029204 -0.000734544 -0.000100664 -0.00024297 0.0024169 0.000504471 -0.00107265 0.000670159 0.0023263 0.00346629 0.00643085 0.00906338 8.79114e-05 -0.00139952 0.000442798 0.00515294 0.000373574 0.000609935 0.00110541
internal_weight=29592 22213 18158 1754 438 16404 11867 10846 1021 485 154 7611 4463 2711 2666 354 7379 701 6678 805 533 187 141 272 4537 5873 84 5789 5011 3120
internal_count=29592 22213 18158 1754 438 16404 11867 10846 1021 485 154 7611 4463 2711 2666 354 7379 701 6678 805 533 187 141 272 4537 5873 84 5789 5011 3120
is_linear=0
shrinkage=0.03


Tree=70
num_leaves=31
num_cat=0
split_feature=0 11 14 17 14 15 12 11 11 15 7 0 16 6 12 14 11 9 8 14 0 2 1 8 14 15 11 9 7 9
split_gain=9.47039 5.17368 3.8543 3.22261 3.04428 3.01184 3.00847 2.87295 4.23236 2.56046 2.48706 2.93142 2.42941 2.88531 2.20551 2.39671 8.67738 7.37755 2.30777 2.43633 2.87709 2.03696 2.03006 2.98989 2.83808 2.47535 3.52709 2.01766 3.23222 1.96482
threshold=1.1415079197709883 9.4242817117107354 0.69960812274525919 0.12088530437841567 0.180032785398999 2.3502401828962087 0.57810891105361206 8.2224192840079287 7.5722457171989133 3.6505739029280164 0.085455286261315141 1.3294958930104757 -0.0820776103524294 -0.14988888888888874 0.070101345017857156 0.15136138758427234 9.1429711801750333 0.035385739991003161 1.8200202424860901 0.17216792383753302 1.3503217749021867 5.6626112916929676 0.12917130144605118 1.1427172375743808 0.6401078916798818 2.8029010331479989 10.20560862886299 0.0055351307189542504 0.26218832089207217 0.13643438801823898
decision_type=10 2 2 8 2 10 2 2 2 8 8 10 8 2 2 2 2 10 8 2 10 8 10 10 2 10 2 10 10 8
left_child=-1 2 4 -4 14 7 9 8 -5 10 21 -12 13 -13 -2 -16 18 -18 19 20 -17 -3 24 25 -23 -24 -27 28 -11 -14
right_child=1 6 3 5 -6 -7 -8 -9 -10 27 11 12 29 -15 15 16 17 -19 -20 -21 -22 22 23 -25 -26 26 -28 -29 -30 -31
leaf_value=-0.001277125293979017 0.0052423349088556092 0.0011828118237060382 -0.0019980470563172978 0.0058118033293237331 -0.00015364261196273838 0.002107600553561028 0.013675005167097867 -0.00015071301651639328 0.0028746209554610896 0.0068286291722978515 -0.0010362686974862336 0.012646693653725111 -1.7451508373480525e-05 0.0013257154483142283 0.00044007692733106797 0.010548527571464085 0.0010112587918070237 0.0066701131756555978 -0.00039454937189057986 -0.0003085218441801685 0.013871380100791352 -0.0006079855563360855 -0.00052692843217050215 -5.9035117436492618e-05 0.0011392620908516351 0.0036832974122937138 0.00038868095808694504 -0.00098002377732803701 -0.0019337449790785019 -0.0012153744362911566
leaf_weight=8076 44 47 50 54 2986 58 47 81 50 41 2904 40 7189 154 2129 45 64 60 322 57 44 635 71 210 60 115 83 2577 54 1222
leaf_count=8076 44 47 50 54 2986 58 47 81 50 41 2904 40 7189 154 2129 45 64 60 322 57 44 635 71 210 60 115 83 2577 54 1222
internal_value=-0.000474705 -0.000145576 0.00059851 0.00394898 0.000427155 0.00537295 -0.0004367 0.00346774 0.00674286 -0.000460041 -0.000282775 -0.000419375 -0.000141181 0.00316923 0.00114425 0.0010349 0.00272175 0.009744 0.000844349 0.00395918 0.00703333 0.00100409 0.000755744 0.00225625 -0.000280173 0.00434444 0.0060603 -0.00130415 0.00296875 -0.000217904
internal_weight=29569 21493 6044 293 5751 243 15449 185 104 15402 12730 11509 8605 194 2765 2721 592 124 468 146 89 1221 1174 479 695 269 198 2672 95 8411
internal_count=29569 21493 6044 293 5751 243 15449 185 104 15402 12730 11509 8605 194 2765 2721 592 124 468 146 89 1221 1174 479 695 269 198 2672 95 8411
is_linear=0
shrinkage=0.03


Tree=71
num_leaves=31
num_cat=0
split_feature=0 0 8 13 14 15 16 4 17 14 4 13 9 9 16 14 4 13 15 8 17 0 4 16 14 14 13 14 15 15
split_gain=9.25672 2.95493 4.60149 5.47174 4.22539 6.21022 4.13376 2.97757 2.585 2.49084 4.83963 2.46502 2.1305 2.09815 2.20897 3.37319 3.44629 2.08539 3.35026 3.94751 5.22189 2.33091 2.06127 2.0555 2.89926 6.46947 1.94436 3.27674 5.49554 2.53918
threshold=1.4482782527205618 1.0593377517455072 1.1217200748231078 0.072553795409553534 0.4751549877077475 2.6735537653587347 -0.2187637777417594 820.55371023890723 0.29125022171901777 0.77794138982237004 618.25420038536083 0.19280385077913953 0.16630124580199582 0.045245511374807666 0.29212164061664897 0.61034220030491604 2048.6484672301158 0.083434893207314773 2.0126758453675748 1.4583149269589604 2.8804340341922567 2.3344037515194613 102.70293015109243 0.17400703966088515 0.083738801393164586 0.042672534091309063 0.045717015825816554 0.071430394981582129 3.2384861814448418 2.9700856263602158
decision_type=10 8 10 2 2 10 8 8 8 2 10 2 10 8 10 2 8 2 10 10 8 10 10 10 2 2 2 2 10 10
left_child=1 -1 3 23 8 -6 -4 11 -5 12 -11 22 17 -9 26 -16 -17 21 19 -19 -21 -2 -8 -3 25 -25 27 28 -15 -28
right_child=9 2 6 4 5 -7 7 13 -10 10 -12 -13 -14 14 15 16 -18 18 -20 20 -22 -23 -24 24 -26 -27 29 -29 -30 -31
leaf_value=-0.0016783637896304077 -0.00025750518496285091 -0.00083906917847841294 0.0082424569826213823 -0.00015789482128087743 0.0058925470806973088 0.0014740551141573966 0.0080047814828559626 -0.0016045976699648522 0.003479011414005809 0.0036435192931283914 -0.00094703642816206283 0.0017148699964669176 -0.00074694320699351317 -0.00033190893594286098 -0.00010973426080914964 0.00062539495532528138 0.0058188611422519583 -0.0036626714151562437 0.00042218638023651893 0.016346590299810615 0.000620141605880984 0.00053615855926747306 -0.00011755431922535494 -2.2361289654171243e-06 -0.00023661205351503388 0.0037040496333552685 0.00024510387610709262 -0.0015998162367052312 0.0016628395965042743 -0.00095128069334513064
leaf_weight=4124 5649 686 50 174 69 121 50 3023 51 71 60 49 919 221 799 92 51 46 1424 59 41 3997 2116 153 367 78 1228 2238 60 1563
leaf_count=4124 5649 686 50 174 69 121 50 3023 51 71 60 49 919 221 799 92 51 46 1424 59 41 3997 2116 153 367 78 1228 2238 60 1563
internal_value=-0.000434257 -0.000879925 -0.000661406 0.000795882 0.00378606 0.00706806 -0.000876008 -0.000913759 0.000995575 0.000196624 0.00429545 7.44578e-05 0.000152026 -0.00114974 -0.00083576 0.00050265 0.00472917 0.000265846 0.00127944 0.00559184 0.00891089 0.000100756 -7.75272e-05 -0.000172763 0.00111185 0.00373707 -0.00107324 -0.00167738 0.00137234 -0.00052758
internal_weight=29629 17363 13239 1699 415 190 11540 11490 225 12266 131 2215 12135 9275 6252 942 143 11216 1570 146 100 9646 2166 1284 598 231 5310 2519 281 2791
internal_count=29629 17363 13239 1699 415 190 11540 11490 225 12266 131 2215 12135 9275 6252 942 143 11216 1570 146 100 9646 2166 1284 598 231 5310 2519 281 2791
is_linear=0
shrinkage=0.03


Tree=72
num_leaves=31
num_cat=0
split_feature=0 14 11 9 20 14 15 3 7 6 10 15 16 9 0 9 14 5 11 11 14 0 14 14 6 0 1 15 9 1
split_gain=7.92569 6.03118 3.68204 3.13957 2.88803 3.52877 2.78738 2.8881 3.38647 3.62921 2.86866 3.18401 2.80169 2.73384 2.66022 3.52652 2.51209 2.57547 2.41062 2.46346 2.62518 2.36559 2.35599 2.98452 2.34074 2.32994 2.30046 2.29941 2.96584 2.2704
threshold=1.2907905104338673 0.84007426042915634 5.5114085413964808 0.27130284224907136 0.86666701725799744 0.26209131748968711 3.4175922930736511 0.11369758380940388 0.30498730852503547 3.7679581909318753 0.53351864635691537 3.2384861814448418 -0.013608416113083039 0.045245511374807666 2.9150347373933299 0.028631309495873069 0.6051968757028342 0.88150636846855901 9.1429711801750333 7.7834323062786455 0.073407733499605096 9.2320075079313604 0.64617256261511691 0.74915735220338797 1.5192231133053078 1.0848229686895843 0.089087301587301618 3.3140206880897671 0.12506979891835779 inf
decision_type=10 2 2 8 2 2 10 2 8 2 10 8 10 10 10 10 2 10 2 2 2 10 2 2 2 10 10 10 10 8
left_child=3 2 -2 16 5 -5 7 12 9 13 -11 -12 -4 -9 -8 -16 -1 25 19 -10 -21 -20 -15 26 -23 -18 -24 28 -27 -22
right_child=1 -3 6 4 -6 -7 14 8 18 10 11 -13 -14 22 15 -17 17 -19 21 20 29 24 23 -25 -26 27 -28 -29 -30 -31
leaf_value=-0.00098651596854289181 0.021453727176555946 0.0017919879372440496 0.0014243883934167904 0.001911171486695098 -0.0002803345459703595 0.004313034377739681 -0.00082493744462177503 -0.00021418535434007202 -0.002076684597525023 0.003416795837198301 0.0013733282692956052 0.0069720877591090084 -0.00051034758866008462 0.00048643819937765393 -0.00075451218456530406 0.0037776738312957281 -0.00099442483712372715 0.0057502632891420239 -0.0010130523927950872 0.0034622925601550912 0.00074520057075158749 0.0088690977755707164 0.0054555655137124414 -0.0006696877957238685 -0.00029844777983116375 0.00045041993034905504 0.0016817859737846717 -0.00095953751465549465 0.0022992825626145458 0.0026323928296519954
leaf_weight=11469 65 41 674 117 439 76 2568 1811 212 43 385 45 4795 3166 123 68 681 43 1319 92 493 45 57 53 65 328 59 164 94 42
leaf_count=11469 65 41 674 117 439 76 2568 1811 212 43 385 45 4795 3166 123 68 681 43 1319 92 493 45 57 53 65 328 59 164 94 42
internal_value=-0.000442615 3.51303e-06 -2.59571e-05 -0.000982181 0.00108057 0.00412887 -5.49151e-05 0.000124428 0.000491759 0.000886654 0.00339873 0.00264501 -0.000405302 0.000655138 -0.000922827 0.00248437 -0.00108427 0.000160182 -0.000486559 0.000789285 0.00173408 -0.00123567 0.00116457 0.00460588 0.00297297 -8.75401e-05 0.00728205 0.00129813 0.00246808 0.000923507
internal_weight=29632 16221 16180 13411 632 193 16115 13356 7887 5619 473 430 5469 5146 2759 191 12779 1310 2268 839 627 1429 3335 169 110 1267 116 586 422 535
internal_count=29632 16221 16180 13411 632 193 16115 13356 7887 5619 473 430 5469 5146 2759 191 12779 1310 2268 839 627 1429 3335 169 110 1267 116 586 422 535
is_linear=0
shrinkage=0.03


Tree=73
num_leaves=31
num_cat=0
split_feature=0 15 7 17 9 14 13 9 12 9 8 0 14 10 14 14 3 6 15 14 15 13 15 15 7 0 8 9 2 14
split_gain=6.93577 4.71063 3.16203 4.14599 3.55396 3.38618 3.27508 3.16946 2.99259 2.89309 2.91199 3.43853 5.15911 3.40187 2.75688 2.62527 4.13549 2.43733 2.36154 2.34025 2.41519 6.27953 2.29796 2.59382 2.4906 2.46085 2.25192 2.21649 2.49409 2.09662
threshold=1.203827427794727 3.3842466058243152 0.092125937862518145 0.99399022448360319 0.13873673128881892 1.0000000180025095e-35 0.050064604467123554 0.0052366209641751468 0.18856053968848932 0.24819894757536004 1.1672967175544635 1.0562487960703739 0.27098928658863303 0.68136099809987771 0.59597129831402107 0.075292873884918579 0.17413291991209276 4.6554719032332796 3.9219243190762363 0.62417837261745224 2.1383330595080281 0.1187090582899933 3.1132683346437333 2.602003343538398 0.21222726420998497 46.498798076923087 14.387127795924034 0.13028228991995441 5.6782608891448199 0.59597129831402107
decision_type=10 10 8 8 8 2 2 10 2 8 10 8 2 8 2 2 2 2 8 2 10 2 10 10 10 10 10 10 8 2
left_child=9 2 3 19 5 -4 8 -8 14 29 11 -11 18 -14 15 16 -7 26 -13 20 21 -2 23 -10 -24 -25 -9 28 -3 -1
right_child=1 27 4 -5 -6 6 7 17 22 10 -12 12 13 -15 -16 -17 -18 -19 -20 -21 -22 -23 24 25 -26 -27 -28 -29 -30 -31
leaf_value=-0.0012031542775261257 -0.00055746402509616508 0.0017616979941502146 0.024838871211093533 0.016848680634692491 -0.00082461129557771676 -0.0029309633961776618 0.0057821558236782079 0.00073266366994110123 0.00042617800683961453 -0.00011283646661058034 -0.0023028154023229412 -0.00082929175338181094 0.0027845895297069463 0.0050502208849765315 0.0020306839789923916 -0.0013576342239428362 0.0017171843862526838 0.0036488705708496894 0.0082474224730716555 0.0024923254569053106 3.3636985177468455e-05 0.0036842672322943289 0.0013218773300887063 -0.0006260150754287487 0.00047254787912304593 0.0040873237375127309 -0.0010846613993111234 -0.0016412936763171317 -0.00053923788947124517 1.6983076491505665e-05
leaf_weight=8442 87 55 44 64 1767 209 77 2018 4669 408 210 117 77 51 153 1879 154 123 61 87 766 61 237 2107 472 41 504 916 2759 1094
leaf_count=8442 87 55 44 64 1767 209 77 2018 4669 408 210 117 77 51 153 1879 154 123 61 87 766 61 237 2107 472 41 504 916 2759 1094
internal_value=-0.000442175 -0.00010426 0.000125837 0.00170263 9.54615e-06 0.000185135 0.000155883 0.00107749 -9.70578e-05 -0.00106395 0.000538378 0.00145175 0.00385016 0.0084186 -0.00102045 -0.00128667 0.0010467 0.00090136 0.000536312 0.00122455 0.00077377 0.00426846 0.00019689 2.772e-05 0.00182113 -0.000834808 0.000699167 -0.00106138 -0.000643695 -0.00121925
internal_weight=29709 19249 15519 1065 14454 12687 12643 2722 9921 10460 924 714 306 128 2395 2242 363 2645 178 1001 914 148 7526 6817 709 2148 2522 3730 2814 9536
internal_count=29709 19249 15519 1065 14454 12687 12643 2722 9921 10460 924 714 306 128 2395 2242 363 2645 178 1001 914 148 7526 6817 709 2148 2522 3730 2814 9536
is_linear=0
shrinkage=0.03


Tree=74
num_leaves=31
num_cat=0
split_feature=0 0 16 15 14 16 13 5 3 15 3 16 5 1 11 14 6 12 11 15 17 2 12 14 17 13 3 11 1 10
split_gain=8.12238 3.93578 3.2381 3.26813 4.09126 5.36187 3.35777 3.05247 2.90191 5.22315 2.75426 5.41536 2.51307 2.38161 2.23038 2.22354 2.09233 1.99928 1.97819 4.78852 3.30385 1.90064 1.84992 1.83277 1.83177 1.76832 2.74054 5.87178 2.15495 1.73729
threshold=1.8159274064938657 1.0593377517455072 -0.2187637777417594 3.3842466058243152 0.4751549877077475 -0.062736713487384202 0.045717015825816554 0.53378995433789955 0.44777324829393889 3.0201273556387074 0.44777324829393889 0.24119166977552745 0.6505813953488373 0.4548846675712348 9.8063431912701287 0.64617256261511691 -0.079801338304305983 0.68314819420586403 9.2111400471547391 2.602003343538398 0.5792031075484988 5.2663577519871456 0.45369096958689431 0.4885172996237519 2.6844859018881082 0.10316219693149252 0.11289228751996115 10.444517401175647 0.38119783996072659 2.456486659705813
decision_type=10 10 8 10 2 8 2 8 2 8 2 10 10 8 2 2 2 2 2 8 10 8 2 2 8 2 2 2 10 8
left_child=1 25 16 4 8 -6 7 -7 -4 -10 17 -12 13 -8 -11 -9 -3 -2 -17 20 -20 23 -13 -5 -19 -1 27 -27 -28 -23
right_child=10 2 3 21 5 6 12 15 9 14 11 22 -14 -15 -16 18 -18 24 19 -21 -22 29 -24 -25 -26 26 28 -29 -30 -31
leaf_value=-0.0018631871989664285 0.00017528041071348735 0.010294623569355807 -0.00040701401929954208 -0.00059776878083848538 0.0036231301866071967 0.0012837944312989928 0.00049575517237292752 -0.00050333771879319822 -3.6278744115642287e-05 0.0058656250714196482 0.016933498452710066 0.0050652887316942775 0.0024369699958290874 0.0049610112176302311 0.0011756667811319609 -0.00020131088880200629 0.0013042470279096495 0.00018534200401475957 0.0065552448258856593 6.0514769071937675e-05 0.00040524505953963439 -0.0010028503144245663 -0.0015119759593594502 0.0010397761298881441 0.0047719846452310092 -0.0023170602250200882 -0.0013996510259165252 0.0039138703415502454 0.0015765113140466067 0.00064736362422597579
leaf_weight=3982 7119 40 10072 90 51 45 650 1174 346 40 53 53 40 47 63 238 41 56 52 193 41 3894 70 75 48 116 695 47 82 160
leaf_count=3982 7119 40 10072 90 51 45 650 1174 346 40 53 53 40 47 63 238 41 56 52 193 41 3894 70 75 48 116 695 47 82 160
internal_value=-0.000422896 -0.000708957 -0.000496514 -0.000524723 -0.000290049 0.000792653 0.000592502 -0.000125574 -0.000550561 0.00180667 0.000438243 0.00413559 0.00228862 0.00186103 0.00770192 -0.000331961 0.00545122 0.000347591 0.00129143 0.00296864 0.00852128 -0.00125047 0.000653225 0.00189759 0.00445714 -0.00145765 -0.00028693 0.0032378 -0.00102956 -0.00137904
internal_weight=29673 22274 17352 17271 13052 2531 2480 1743 10521 449 7399 176 737 697 103 1698 81 7223 524 286 93 4219 123 165 104 4922 940 163 777 4054
internal_count=29673 22274 17352 17271 13052 2531 2480 1743 10521 449 7399 176 737 697 103 1698 81 7223 524 286 93 4219 123 165 104 4922 940 163 777 4054
is_linear=0
shrinkage=0.03


Tree=75
num_leaves=31
num_cat=0
split_feature=20 15 10 16 16 17 14 4 8 12 1 13 8 2 14 14 14 4 4 20 16 4 7 17 16 17 14 20 14 4
split_gain=6.46083 3.93204 3.12642 3.53479 3.08703 3.03852 3.37733 5.67639 3.06043 2.89978 2.87737 2.3857 2.55354 4.04099 2.82953 2.30734 3.48062 2.2509 2.1766 2.87977 3.05153 2.00993 1.90493 2.7833 2.41779 3.92714 2.47604 3.77995 1.87367 3.03804
threshold=0.87768574520177156 3.3842466058243152 1.6731508943601374 -0.094806254499064102 0.31912430209104464 0.36719720818796142 0.76104709913060808 607.49709889580993 13.592242899052239 0.68314819420586403 0.30583900226757377 0.1082127772149107 1.18839699111871 4.74884839485048 0.51303190547426614 0.6147028676811831 0.72278063596169628 7442.1150709420062 1555.7133919055443 0.63125618438051323 0.62292414321190925 870.66740077131522 0.090530052963536944 0.86765612409901716 0.0050441549080128276 1.016278417560202 0.54338782402224528 0.57334068464827748 0.62417837261745224 1417.9655880788703
decision_type=2 8 8 8 10 10 2 10 8 2 8 2 8 8 2 2 2 10 10 2 10 10 8 10 8 10 2 2 2 10
left_child=1 4 -3 -4 9 8 17 -8 15 22 28 -12 13 -13 -15 18 -17 -7 19 20 21 -6 23 -1 25 26 -24 -28 -2 -30
right_child=10 2 3 -5 5 6 7 -9 -10 -11 11 12 -14 14 -16 16 -18 -19 -20 -21 -22 -23 24 -25 -26 -27 27 -29 29 -31
leaf_value=0.00035851392291573155 -0.0014197670814724145 -0.00095120992427698086 0.0052772600487372709 0.00011401480503481361 0.0026861443735445001 -7.6783149403261803e-05 0.0034471787191172024 -0.0010027384574127771 -0.00017933643516996364 0.0065872914599532737 -0.00034208691178199969 -0.0012327064582986224 -0.0014334279856741934 0.0027340757859055124 0.00054771322964466626 0.0041626670200976962 -0.00011379149283847219 0.0030609576809462937 -0.00069884948361112118 0.00046416560785436368 0.0034245990948860556 0.0072811701042652596 7.7032484415976438e-05 0.0028343764012091354 -0.00029388375316471098 0.013278070273892629 -0.0011267170586293574 0.0054563284112075965 -0.0011269912524923284 0.0015377604957068603
leaf_weight=1258 5755 4484 46 1158 76 2235 42 43 327 46 711 53 73 70 42 77 40 67 141 219 64 65 1085 41 10696 56 48 68 364 147
leaf_count=1258 5755 4484 46 1158 76 2235 42 43 327 46 711 53 73 70 42 77 40 67 141 219 64 65 1085 41 10696 56 48 68 364 147
internal_value=-0.000439591 -0.000187911 -0.000869046 0.000487966 4.42041e-05 0.000851339 0.000267587 0.00610465 0.00223069 -0.000161968 -0.00122021 0.000318947 0.00291213 0.00496988 0.00817699 0.00337335 0.00719491 4.94999e-05 0.00257067 0.00364235 0.00618932 0.00864084 -0.000188335 0.000902307 -0.000306927 0.000937201 0.000571547 0.00471795 -0.00145333 0.000287109
internal_weight=29597 22382 5688 1204 16694 3396 2387 85 1009 13298 7215 949 238 165 112 682 117 2302 565 424 205 141 13252 1299 11953 1257 1201 116 6266 511
internal_count=29597 22382 5688 1204 16694 3396 2387 85 1009 13298 7215 949 238 165 112 682 117 2302 565 424 205 141 13252 1299 11953 1257 1201 116 6266 511
is_linear=0
shrinkage=0.03


Tree=76
num_leaves=31
num_cat=0
split_feature=0 0 7 3 16 14 3 6 17 9 14 10 9 15 3 13 4 13 13 15 9 15 13 4 17 16 15 4 6 4
split_gain=7.65385 2.72718 4.02278 4.78117 5.04556 3.17642 5.55228 2.77406 2.65857 2.61979 5.05066 4.96007 2.40642 2.34558 2.25803 2.2106 3.08076 5.11982 2.00033 4.11795 2.37949 1.98803 1.98242 3.68085 4.01012 1.84852 1.74163 3.30759 3.1929 3.08291
threshold=1.4719571470147133 1.0621863334736437 0.081802939282435955 0.21370200103247514 -0.071839080657023338 0.18714609236612942 0.52235899429792387 1.674961311337394 1.4348072168078037 0.24819894757536004 0.26209131748968711 0.76961954718293624 0.16630124580199582 2.8029010331479989 -0.01046813252137972 0.045717015825816554 1000.9299533340974 0.18903683220768777 0.028630209556782506 3.0677824455408698 0.091039720284359901 2.249904835165133 0.086243080277888837 6618.5212644870699 1.2105211510366691 0.041402494338509045 2.602003343538398 954.6604134122515 2.5859426560121768 1747.1538678300137
decision_type=10 8 10 2 8 2 2 2 10 8 2 10 8 8 2 2 10 2 2 8 8 8 2 8 8 8 8 10 2 10
left_child=1 14 8 15 -5 6 7 -6 9 -3 -11 13 22 -12 -1 -4 17 21 19 -9 -21 -17 26 -24 -25 -15 29 -28 -29 -2
right_child=12 2 3 4 5 -7 -8 18 -10 10 11 -13 -14 25 -16 16 -18 -19 -20 20 -22 -23 23 24 -26 -27 27 28 -30 -31
leaf_value=0.003140176402877374 0.0014508023056214528 -4.8999886195651824e-05 -0.0015597362020464416 0.00572920667763872 -0.00012043520562267581 -0.00053621994512342418 0.004054547568229587 0.0009024336895426695 0.0034784782184893509 -0.00051184417880705164 0.0047093913140073777 0.0041351147862797883 -0.00081708148516785966 0.0040542003839393543 -0.0015557475973984715 0.0018034752578514203 -0.00093751310964314163 0.0023397317061987421 -0.00012720307758121922 0.0010984396030335663 0.0028582448657323589 -0.00012238170659177567 0.0004295888110504795 0.01132094485439477 -0.0014895918294647972 -0.00062324295045104738 -0.00080008952218115447 -8.3873960916420302e-05 0.00095681677021136136 -0.00016994696823222492
leaf_weight=49 2239 2073 3560 58 986 2051 46 198 40 196 45 54 907 44 4159 79 2988 78 151 41 55 728 1341 51 40 80 1663 2798 501 2244
leaf_count=49 2239 2073 3560 58 986 2051 46 198 40 196 45 54 907 44 4159 79 2988 78 151 41 55 728 1341 51 40 80 1663 2798 501 2244
internal_value=-0.000420695 -0.000814021 -0.000606775 -0.000854538 4.51624e-05 -0.000100312 0.00096008 0.000626396 0.000471377 0.00034657 0.00250714 0.00558482 0.000172082 0.00301765 -0.00148111 -0.00128854 -0.000792205 0.00076185 0.00258969 0.00402712 0.00909278 4.82666e-05 0.000295918 0.00133566 0.0071413 0.000863999 0.000138153 -0.000249044 0.000300908 0.000566681
internal_weight=29543 17759 13551 11019 3586 3528 1477 1431 2532 2492 419 223 11784 169 4208 7433 3873 885 445 294 96 807 10877 1432 91 124 9445 4962 3299 4483
internal_count=29543 17759 13551 11019 3586 3528 1477 1431 2532 2492 419 223 11784 169 4208 7433 3873 885 445 294 96 807 10877 1432 91 124 9445 4962 3299 4483
is_linear=0
shrinkage=0.03


Tree=77
num_leaves=31
num_cat=0
split_feature=0 11 0 3 11 11 4 14 7 9 17 1 17 11 8 9 7 11 6 4 1 11 11 10 14 6 8 4 3 17
split_gain=8.27425 3.33453 3.12101 3.42036 2.64974 4.11716 4.85379 5.84581 4.26522 4.03855 4.29355 2.88894 6.00327 2.64138 2.56492 2.4901 2.62437 2.63799 2.37028 2.12542 2.10886 2.06397 3.31803 3.73965 3.50253 2.81198 2.73913 2.02095 2.14535 1.98227
threshold=1.7771220671274015 5.5114085413964808 1.1415079197709883 0.12979818395126766 10.408119029291234 10.262681818940665 1596.1284488682152 0.51730103890624657 0.081802939282435955 0.067661831142878395 0.41229229639356268 0.13079116179615116 0.40743292039396489 9.8160760940363669 51.801075056766393 0.15834782876056028 0.41780968291838022 11.507706838915189 0.23126902779613245 7442.1150709420062 0.034683239775461068 7.3427789798660452 8.3640419847542038 1.8044495926048176 0.13934825344610632 1.8605547656917805 6.6876600032640869 421.6800181607619 0.40736647220631012 0.70255486383016674
decision_type=10 2 10 2 2 2 8 2 8 10 10 8 10 2 8 8 10 2 2 8 10 2 2 10 2 2 10 8 2 10
left_child=2 -2 15 -4 5 8 7 9 11 -7 -11 18 13 -13 19 20 17 -17 -5 -6 -1 -3 23 24 26 -25 -23 28 -10 -8
right_child=1 21 3 4 14 6 29 -9 27 10 -12 12 -14 -15 -16 16 -18 -19 -20 -21 -22 22 -24 25 -26 -27 -28 -29 -30 -31
leaf_value=-0.00088054146289255131 0.022003234513095802 -0.0016704211278993667 -0.00085605448532219213 0.0021111293210224424 -0.00067896785269844499 0.0010887828558518861 -0.0011320899482294778 -0.003360860696338187 0.0012265300667112112 0.0012096348545791794 0.0018287290358856144 -0.00068578887300823233 0.0034339128708128306 0.0019391416261971928 0.0068945114622757818 -0.00041215994256691785 0.0091548072656013404 0.0057420214104800674 -0.00024708362137821726 0.00074960854267095529 -0.0016000867303854404 0.0053310282349122596 0.0001765315372302485 0.0081469017049710674 -0.00044110206739267263 0.00197941547049967 0.0036451156386565348 -0.00031069344624625329 -0.00060451404600858031 0.004013083482154501
leaf_weight=3448 51 279 4838 96 2859 74 195 53 386 75 48 117 51 117 92 1754 40 41 323 128 2821 65 6787 51 277 63 180 4026 178 51
leaf_count=3448 51 279 4838 96 2859 74 195 53 386 75 48 117 51 117 92 1754 40 41 323 128 2821 65 6787 51 277 63 180 4026 178 51
internal_value=-0.000394115 0.000447639 -0.000693335 -0.000417348 -6.73062e-05 0.000310826 0.00292153 0.00585657 6.57217e-05 0.00822727 0.0115403 0.0022383 0.00456294 0.00250213 -0.000778247 -0.00116003 -0.000187909 -0.000359132 0.000649999 -0.000930724 -0.0014445 0.000396468 0.000491783 0.00256201 0.00147992 0.00746087 0.00408537 -0.000267916 0.00141239 -7.28752e-05
internal_weight=29564 7753 21811 13707 8869 5790 496 250 5294 197 123 704 285 234 3079 8104 1835 1795 419 2987 6269 7702 7423 636 522 114 245 4590 564 246
internal_count=29564 7753 21811 13707 8869 5790 496 250 5294 197 123 704 285 234 3079 8104 1835 1795 419 2987 6269 7702 7423 636 522 114 245 4590 564 246
is_linear=0
shrinkage=0.03


Tree=78
num_leaves=31
num_cat=0
split_feature=0 15 3 16 4 9 13 10 3 8 7 9 15 9 13 17 3 14 9 0 13 14 6 14 8 8 14 3 6 15
split_gain=6.17845 3.99998 2.7924 3.41723 4.17819 2.72203 5.69673 4.03742 2.53067 4.66391 2.35185 2.71109 2.68486 2.51007 2.34101 2.43529 2.29154 2.21921 4.03257 1.99375 2.63329 2.74379 3.03778 2.54005 2.44015 4.7651 2.91706 3.77016 2.02064 2.25429
threshold=1.2190317774662642 3.3842466058243152 0.44393429317066602 0.2474521861375357 2144.6268813605457 0.0065764796462273482 0.060586860571128269 1.6277990882076525 0.3567026876174455 1.9130644606099367 0.09327039580092765 0.13493982625662096 2.1383330595080281 0.11999506724478097 0.12174336257938738 0.39729819212444067 -0.01046813252137972 0.014958910065235817 0.039629703288945099 1.7097756944815514 0.050671861339640099 0.27619479382246931 2.5429683415103157 0.6051968757028342 1.3387216704226939 2.5812670340241319 0.33007545426547585 0.098031765814079894 -0.052242842812593067 2.602003343538398
decision_type=10 10 2 10 8 10 2 8 2 10 8 8 10 10 2 8 2 2 8 10 2 2 2 2 10 10 2 2 2 10
left_child=5 2 10 4 -4 6 8 -8 -1 -10 12 13 14 17 15 -2 -7 18 -12 20 23 22 -22 -19 -23 26 -26 -28 -25 -30
right_child=1 -3 3 -5 -6 16 7 -9 9 -11 11 -13 -14 -15 -16 -17 -18 19 -20 -21 21 24 -24 28 25 -27 27 -29 29 -31
leaf_value=-0.0014456998350301582 -0.0006625149283514568 -0.00069689131396988844 0.0018950085612181079 -4.2731611591015727e-05 0.01701620427581509 0.0055697620289482152 0.0011354769214115053 0.0039212802937613409 -0.001206350296988967 0.0053220711459330793 0.02713171776606782 -0.0007811290718874504 0.00037877213970798952 0.0015389550969279752 0.0035210588424236327 0.017418002696370737 -0.00088891594346535879 -0.00097718162646950987 -0.00045381116043722132 0.00028144195689030831 -0.0004473041856623241 -0.00055293567774938922 0.0011131537326268127 0.013114905405393697 0.002032529119703514 -4.6270526167849697e-05 0.0036110936553311029 0.0005132014454122363 0.0011942448865028832 -0.00092244805384803028
leaf_weight=564 59 3501 184 255 49 51 140 69 234 76 40 1760 768 340 51 40 9916 3484 60 6096 1025 81 157 40 48 184 40 122 121 114
leaf_count=564 59 3501 184 255 49 51 140 69 234 76 40 1760 768 340 51 40 9916 3484 60 6096 1025 81 157 40 48 184 40 122 121 114
internal_value=-0.000431649 -9.8121e-05 0.000113499 0.00234356 0.00496154 -0.000993576 0.000434501 0.00487143 -0.000630858 0.00154341 3.89577e-05 -5.95063e-05 0.00150816 0.0001024 0.00516556 0.00243 -0.00114878 2.78991e-05 0.00445544 -1.09449e-05 -0.000429759 0.000566344 -0.000207947 -0.000868884 0.0024895 0.00346329 0.00654028 0.00456442 0.00190217 0.00082627
internal_weight=29669 18619 15118 488 233 11050 1083 209 874 310 14630 13712 918 11952 150 99 9967 11612 100 11512 5416 1657 1182 3759 475 394 210 162 275 235
internal_count=29669 18619 15118 488 233 11050 1083 209 874 310 14630 13712 918 11952 150 99 9967 11612 100 11512 5416 1657 1182 3759 475 394 210 162 275 235
is_linear=0
shrinkage=0.03


Tree=79
num_leaves=31
num_cat=0
split_feature=0 0 7 14 17 11 14 9 14 13 7 9 12 11 10 9 14 17 9 7 16 14 17 3 0 8 8 8 13 13
split_gain=6.67515 2.94065 3.75102 2.8123 2.82911 2.98136 3.74931 3.75576 2.61079 8.09461 7.03483 2.56763 3.1032 3.01033 2.31925 2.1722 2.11899 2.1146 2.39609 2.55046 3.13211 2.01696 2.83208 2.6771 3.06449 1.96364 3.35428 1.94307 3.88565 2.76115
threshold=1.7771220671274015 1.0907588779338628 0.081802939282435955 0.45439949663792606 0.42216462939595562 9.9462835947546075 0.26872700912277842 0.099194976570651947 0.6599086232578476 1.0000000180025095e-35 0.20543416310018139 0.16630124580199582 0.39299949281436058 11.091216632590715 0.8349191913344628 0.1414382842321566 0.8101995766065343 -0.095481125149492127 0.023822567963849489 0.038720072312170818 0.14707850025780309 0.014958910065235817 0.39262395179074788 0.50541988633251311 1.3421998991185859 1.4022686440939063 10.252240042950637 39.823606740180885 0.081513592588942849 0.014894175408720114
decision_type=10 10 10 2 10 2 2 10 2 2 10 8 2 2 10 10 2 10 8 10 8 2 10 2 10 10 10 10 2 2
left_child=1 11 3 4 -3 6 7 -6 15 10 -10 25 13 -13 17 21 27 -5 -19 20 -20 22 -4 -23 -25 -1 -27 28 -2 -29
right_child=16 2 8 14 5 -7 -8 -9 9 -11 -12 12 -14 -15 -16 -17 -18 18 19 -21 -22 23 -24 24 -26 26 -28 29 -30 -31
leaf_value=-0.0017725898442669094 0.00025103457339933541 -0.00028051048828830214 -0.00080944722944332841 -0.00067877846550699623 0.003473823616761817 -8.6077051927650937e-05 -0.0014044411247758402 0.00014574157231317115 0.0053804257492879167 -0.00040819527059455369 0.0012269665798018672 -0.00061720311960912586 0.0089163535565429698 0.0035558040303725392 -0.00036719388684667832 -0.0010809993241677675 0.0015999944274159396 0.0028819539750164938 0.0053636332663902419 0.00082925400803758403 0.0010434882721322937 -0.00039778661822041162 0.0011792335906072157 0.0042764260990706239 -0.00028232705626746337 0.0006899059159205834 -0.0035316983760920345 6.0259344102949463e-05 0.0022466498026495361 -0.0014494319462649392
leaf_weight=3126 4432 1189 79 75 65 180 40 41 42 384 129 1296 40 52 204 2232 80 40 57 304 50 10350 74 42 62 783 902 1885 764 602
leaf_count=3126 4432 1189 79 75 65 180 40 41 42 384 129 1296 40 52 204 2232 80 40 57 304 50 10350 74 42 62 783 902 1885 764 602
internal_value=-0.000397373 -0.000665965 -0.00044674 0.000687889 -4.9473e-05 0.00242202 0.00559184 0.00852336 -0.000636955 0.0013759 0.00678488 -0.00121887 -8.20741e-05 -0.000329133 0.00221614 -0.000724066 0.000358191 0.00326755 0.00404203 0.00334223 0.00730555 -0.000544967 0.00286364 -0.000595123 0.00417143 -0.00154676 -0.000720641 0.000307261 0.00063729 -0.000382235
internal_weight=29601 21838 15639 2245 1515 326 146 106 13394 555 171 6199 1388 1348 730 12839 7763 526 451 411 107 10607 153 10454 104 4811 1685 7683 5196 2487
internal_count=29601 21838 15639 2245 1515 326 146 106 13394 555 171 6199 1388 1348 730 12839 7763 526 451 411 107 10607 153 10454 104 4811 1685 7683 5196 2487
is_linear=0
shrinkage=0.03


Tree=80
num_leaves=31
num_cat=0
split_feature=0 13 9 7 15 0 0 9 14 14 12 16 11 14 14 0 9 9 11 15 17 9 17 11 11 11 13 0 14 14
split_gain=6.33937 3.44502 6.50891 4.72443 4.26578 4.49585 3.75711 3.96261 3.07648 7.99535 3.02871 2.68973 2.47841 2.3013 2.20737 2.44676 2.37035 3.97303 4.58782 7.25077 3.75343 2.18636 2.16533 2.30099 2.13636 4.17598 3.96808 2.84511 3.46362 2.11948
threshold=1.4482782527205618 0.044565179699377448 0.0055351307189542504 0.054677374964866139 2.9174053685313028 1.027771435272365 0.96478991205569009 0.1781363926871834 0.42876593534121193 0.27098928658863303 0.12022611468538004 0.22273022688721925 5.5114085413964808 0.61034220030491604 0.13934825344610632 1.1663551506813641 0.05796512602343714 0.14562432612480156 9.2891053395440242 3.1567740231385479 0.28761965243776438 0.053382288406882729 0.34911995493019105 10.09365326249859 7.3427789798660452 8.3640419847542038 0.13633287937209046 19.010204081632654 0.69960812274525919 0.14251802762098129
decision_type=10 2 10 10 8 10 10 10 2 2 2 10 2 2 2 10 8 10 2 10 10 10 8 2 2 2 2 10 2 2
left_child=1 11 4 6 -3 -6 -4 -8 9 -9 -10 14 -2 -13 15 -1 -17 18 -18 -20 -21 -5 -15 -24 -14 26 27 28 29 -26
right_child=12 2 3 21 5 -7 7 8 10 -11 -12 13 24 22 -16 16 17 -19 19 20 -22 -23 23 -25 25 -27 -28 -29 -30 -31
leaf_value=-0.0013824801022913876 0.019151960756332038 9.2771915243833287e-05 -0.0014684322508810312 -0.0011432450502839497 0.0017649657292312727 0.0060709694314703523 2.8936476233332738e-06 -4.2977859328504112e-05 0.00082281931403610249 0.0035123730672835781 0.0029901973172860893 -0.00053033789711608712 -0.0019638027509338522 0.0014531937820905845 -0.0014202196155168245 -0.0011250252206149115 0.0052129413255450237 -0.0014909342980811819 -0.0010668215792502581 0.0003864939804067263 0.0019043263878871142 -0.00018273609051220374 -0.0003919505757527537 0.0016478341499007027 0.003186116815693466 2.1457603190626179e-05 0.010470797317895589 -0.0029137880584956251 0.0021526328848976871 0.00011749549200506025
leaf_weight=1385 67 169 261 1854 79 79 356 59 283 69 43 2858 343 153 4074 346 56 103 131 42 50 4611 249 79 316 11048 45 133 50 336
leaf_count=1385 67 169 261 1854 79 79 356 59 283 69 43 2858 343 153 4074 346 56 103 131 42 50 4611 249 79 316 11048 45 133 50 336
internal_value=-0.000364001 -0.000733008 -0.000268185 -0.00044819 0.0038689 0.00739623 0.00139645 0.00240444 0.00425934 0.00818605 0.00269725 -0.00111662 0.00015609 -0.00043024 -0.00148691 -0.000699622 0.000707818 0.0023342 0.00418929 0.00223661 0.00864516 -0.000753944 0.00148755 0.000109422 0.000124429 0.000191633 0.00217934 0.00170454 0.00246657 0.00187443
internal_weight=29727 17389 7863 7536 327 158 1071 810 454 128 326 9526 12338 3339 6187 2113 728 382 279 223 92 6465 481 328 12271 11928 880 835 702 652
internal_count=29727 17389 7863 7536 327 158 1071 810 454 128 326 9526 12338 3339 6187 2113 728 382 279 223 92 6465 481 328 12271 11928 880 835 702 652
is_linear=0
shrinkage=0.03


Tree=81
num_leaves=31
num_cat=0
split_feature=0 11 9 13 10 3 3 7 3 0 13 3 11 1 14 11 11 0 11 14 14 16 13 11 0 14 14 13 1 14
split_gain=5.89815 2.62653 2.54273 5.03501 3.06037 3.06997 2.24111 2.19012 4.98039 3.8952 4.20813 4.59106 4.01526 2.99552 2.08123 2.06191 5.09167 3.11699 2.93428 4.40455 5.02235 3.03085 2.02019 1.97834 2.34099 1.95821 1.91372 2.03313 2.50337 3.06102
threshold=1.3720085474392831 5.5114085413964808 0.0065764796462273482 0.060586860571128269 1.6277990882076525 0.14786603821660313 0.21195438822876791 0.057905053573447739 0.27337302479533415 0.93509066872954083 0.1082127772149107 0.11369758380940388 10.361149713060934 0.20722186076772933 0.6051968757028342 7.4386775612200848 8.4043603267498472 46.498798076923087 8.1699026073017489 0.1439729831945202 0.073407733499605096 0.42462165738153673 0.14024257868522313 10.19578396184199 1.1528529003445176 0.77794138982237004 0.078606099333730237 0.039148016386892422 0.49318685062169992 0.32706580164614985
decision_type=10 2 10 2 8 2 2 10 2 10 2 2 2 10 2 2 2 10 2 2 2 8 2 2 10 2 2 2 8 2
left_child=2 -2 3 6 -5 -6 -1 8 9 -4 23 -12 13 22 26 -3 17 18 25 20 -20 -21 -13 24 -11 -17 -9 -28 -29 -30
right_child=1 15 7 4 5 -7 -8 14 -10 10 11 12 -14 -15 -16 16 -18 -19 19 21 -22 -23 -24 -25 -26 -27 27 28 29 -31
leaf_value=-0.0019881935686189645 0.01707360216185325 -0.0015810273429667445 -0.0026926815777160371 0.00025177954348469972 0.005035175259752213 0.0027406688494940818 0.00076056793440428569 -8.2898751552691586e-05 -0.0011239877555874295 0.00079020929225938656 0.0043638523197944493 0.0028483389161786145 -0.0002546331985677035 0.0030053466144291975 1.8012442890308655e-05 0.00084653949517672297 -2.9082509710133483e-05 -0.0032616644573751547 0.0052952694597215438 -0.00082635235965706339 0.0060654288120149226 0.0033210407764965601 -0.001258395227233757 -0.00039689481567342671 0.0026609079072116492 0.0014901942136567705 -0.0014239752076763423 -0.00072828075844768377 0.0034610021457397032 -0.0012823921071167222
leaf_weight=473 66 440 231 144 41 83 585 1461 1059 294 50 51 138 73 1344 564 12576 113 41 97 62 43 47 295 125 40 4179 4818 54 93
leaf_count=473 66 440 231 144 41 83 585 1461 1059 294 50 51 138 73 1344 564 12576 113 41 97 62 43 47 295 125 40 4179 4818 54 93
internal_value=-0.000371956 7.43424e-05 -0.000772684 0.000483797 0.0041487 0.007584 -0.000447593 -0.000889122 -5.45692e-05 0.00118621 0.00194693 0.00459167 0.00320323 0.00626163 -0.00105414 4.59319e-05 0.000111693 0.00221644 0.0028408 0.00561885 0.0102981 0.00212766 0.00278788 0.000612587 0.00193571 0.0017157 -0.00119508 -0.00135615 -0.00094543 0.00289865
internal_weight=29680 14042 15638 1326 268 124 1058 14312 2363 1304 1073 359 309 171 11949 13976 13536 960 847 243 103 140 98 714 419 604 10605 9144 4965 147
internal_count=29680 14042 15638 1326 268 124 1058 14312 2363 1304 1073 359 309 171 11949 13976 13536 960 847 243 103 140 98 714 419 604 10605 9144 4965 147
is_linear=0
shrinkage=0.03


Tree=82
num_leaves=31
num_cat=0
split_feature=0 0 7 16 11 9 13 11 15 12 12 16 15 13 11 0 7 7 12 0 6 11 13 13 3 11 9 1 16 6
split_gain=6.05977 3.10049 3.79972 2.91969 4.2349 2.34776 2.86794 2.75567 2.32729 3.68808 2.31974 2.27367 3.56152 2.67344 2.21465 3.90304 2.97649 4.94305 2.42043 2.44883 2.14335 2.0683 2.98451 2.03665 3.27218 6.80854 2.78507 2.29032 1.96321 2.73316
threshold=1.7657601631482229 1.0593377517455072 0.083333610340914563 -0.14003269448916286 10.361149713060934 0.1276671558742101 0.083434893207314773 5.5114085413964808 2.1383330595080281 0.11170197752392765 0.22105238076137559 0.28676673367798672 2.249904835165133 0.1703222092891972 10.398960931231441 11.366987179487181 0.21222726420998497 0.16196003635549805 0.29058821036257726 2.6049838734176016 -1.0000000180025095e-35 9.7793122544350357 0.20109813242769617 0.10316219693149252 0.11289228751996115 10.444517401175647 0.017365418847779344 0.38119783996072659 0.33410683241033451 -0.98902304185294598
decision_type=10 10 10 8 2 10 2 2 10 2 2 10 10 2 2 10 10 10 2 10 2 2 2 2 2 2 8 10 10 2
left_child=1 23 8 4 -4 6 7 -2 9 20 -9 12 -8 -14 28 16 17 -16 -19 -20 -3 22 -5 -1 25 -25 -26 -28 29 -12
right_child=5 2 3 21 -6 -7 11 10 -10 -11 14 -13 13 -15 15 -17 -18 18 19 -21 -22 -23 -24 24 26 -27 27 -29 -30 -31
leaf_value=-0.0016428899874118101 0.02522346830833825 0.0027841476356379896 3.9916958504235938e-05 -0.00020731451350637308 0.012990111229268374 -0.00061377150761956698 0.010288704992790757 -0.0010229228393827893 8.8374746653107687e-05 0.00018444587386916612 0.0055171083370251809 -0.00027269685765896339 0.00061954831924299146 0.0017301693959332301 -0.0020422952357629469 0.012427454862496027 0.00015568742092687604 0.0014750285463154568 0.001798302374923875 0.0040955903134343762 0.0047171025442731447 -0.00066861764262047445 0.0020532193558446699 -0.00026549617717959429 0.0052612319347864773 0.0043897060428691129 -0.0016814230175660203 0.0015445048342853105 0.0010637557142419681 -0.0002242274057042677
leaf_weight=3990 40 46 113 5410 40 851 92 703 2523 192 53 192 376 59 87 41 720 130 46 47 85 8432 46 109 44 47 660 77 1065 3338
leaf_count=3990 40 46 113 5410 40 851 92 703 2523 192 53 192 376 59 87 41 720 130 46 47 85 8432 46 109 44 47 660 77 1065 3338
internal_value=-0.000393931 -0.000651021 -0.000457781 -0.000660377 0.00344805 0.000321387 0.000502574 0.000296603 0.000541622 0.00293518 0.000245546 0.00229583 0.0033125 0.00216743 0.000452062 0.00167631 0.00130941 0.00376206 0.00612054 0.00979787 0.00679545 -0.000705883 -0.000250688 -0.00131311 -5.43717e-05 0.00389809 -0.000847827 -0.00128862 0.000157504 -0.000195461
internal_weight=29654 21814 16887 14041 153 7840 6989 6270 2846 323 6230 719 527 435 5527 1071 1030 310 223 93 131 13888 5456 4927 937 156 781 737 4456 3391
internal_count=29654 21814 16887 14041 153 7840 6989 6270 2846 323 6230 719 527 435 5527 1071 1030 310 223 93 131 13888 5456 4927 937 156 781 737 4456 3391
is_linear=0
shrinkage=0.03


Tree=83
num_leaves=31
num_cat=0
split_feature=0 11 12 11 7 13 16 14 2 13 5 16 14 16 12 13 16 4 14 16 11 4 10 14 7 4 13 3 16 0
split_gain=6.08439 4.17939 2.77916 2.5035 2.55752 4.01461 2.79067 2.26237 2.1304 2.61955 3.49806 2.73857 2.99612 1.93945 2.91051 2.67233 2.55957 2.37721 2.09012 3.03834 4.79182 2.00338 4.86455 2.17756 1.9748 2.18615 1.97081 1.87498 1.8281 1.71967
threshold=1.1166887869548383 9.4387898212890189 0.57810891105361206 4.923617305492666 0.094389212521981555 0.12708039113208178 0.32303659801974277 0.84007426042915634 5.2663577519871456 0.12811824268122782 0.46946847214045262 0.18893073395317994 0.48378809972364439 0.38998913354352988 0.20138393460977436 0.048338929168270359 0.26642946186175614 870.66740077131522 0.056909114681247798 0.14707850025780309 10.09365326249859 1000.9299533340974 1.4536379364067133 0.20566045637831751 0.20902245175538367 10054.386035047779 0.0062676283184450159 0.4341530597848699 -0.056459560924418652 1.6680979088182117
decision_type=10 2 2 2 10 2 8 2 8 2 8 8 2 8 2 2 10 10 2 10 2 10 10 2 8 8 2 2 10 10
left_child=-1 3 8 -2 5 6 -5 29 9 10 -3 12 -12 14 15 16 18 -18 19 -10 -21 22 -17 -24 25 -16 27 28 -26 -6
right_child=1 2 -4 4 7 -7 -8 -9 13 -11 11 -13 -14 -15 24 21 17 -19 -20 20 -22 -23 23 -25 26 -27 -28 -29 -30 -31
leaf_value=-0.0010995776984795457 0.017433013000570187 -0.0024546452853429664 0.009709922515372919 6.6511649620405118e-05 -0.00014398624543956535 0.0079457873092200568 0.0030919683073519048 0.0011922763525237063 -0.0011995238506586796 -0.0019092021797821759 0.001487655995571682 1.3095335527564711e-05 0.002322567325475141 -0.00082601775062006173 0.00038625467443669594 -9.7086023621301775e-06 0.0024288991394177655 -3.8167778276716613e-06 -0.0013285024771189317 -0.0011181638617089435 0.0016895817035574091 -0.00023699748974959826 0.0018286648642280117 0.00035744178150933973 0.0080859004283259095 0.0043472096171019367 -0.0017546982998608888 0.011388010806872498 -7.1918872396431664e-05 0.00076669376644083434
leaf_weight=7138 45 61 44 350 2986 79 103 40 261 110 75 55 46 1893 1818 370 51 412 2883 88 60 4411 53 55 58 41 370 46 2841 2829
leaf_count=7138 45 61 44 350 2986 79 103 40 261 110 75 55 46 1893 1818 370 51 412 2883 88 60 4411 53 55 58 41 370 46 2841 2829
internal_value=-0.000362148 -0.000120347 -0.000378564 0.000526037 0.000475735 0.00246529 0.00136784 0.000294569 -0.000399403 0.00192241 0.00369328 0.00583051 0.00833606 -0.000450803 -0.000327376 -0.0006642 -0.00126598 0.00082112 -0.00155967 0.000446341 0.00386577 -0.000201841 0.00164092 0.00721101 0.000235362 0.00101774 -0.000203559 5.60074e-05 -4.03455e-05 0.000245013
internal_weight=29672 22534 16102 6432 6387 532 453 5855 16058 347 237 176 121 15711 13818 8644 3755 463 3292 409 148 4889 478 108 5174 1859 3315 2945 2899 5815
internal_count=29672 22534 16102 6432 6387 532 453 5855 16058 347 237 176 121 15711 13818 8644 3755 463 3292 409 148 4889 478 108 5174 1859 3315 2945 2899 5815
is_linear=0
shrinkage=0.03


Tree=84
num_leaves=31
num_cat=0
split_feature=0 14 13 9 12 3 14 14 8 4 6 2 15 14 9 12 11 10 13 8 0 15 11 8 2 13 14 19 12 11
split_gain=5.82567 2.80806 3.17086 4.71029 4.07404 3.76411 3.20678 3.64571 3.07794 2.60832 3.12568 2.60097 2.45108 2.21704 3.63214 3.58158 3.79742 2.41946 2.33576 3.41634 4.32065 2.21145 2.18088 2.1521 2.14293 4.74783 4.4302 2.24677 2.02405 2.50956
threshold=2.0738819323039803 0.6051968757028342 0.049463911496686781 0.0052366209641751468 0.13431755131288362 0.123315006362833 0.11637971804534662 0.20409906052518081 1.092036495123496 3980.2089535742903 -0.70612602892194742 3.8695198211976911 3.3842466058243152 0.18714609236612942 0.0025046752417442089 0.43914132904804154 4.923617305492666 1.9324590901462153 0.016859294059371328 2.0113967541909861 1.3213356815219448 2.602003343538398 10.19578396184199 122.01158863146631 4.5000775451469108 0.11779713439786982 0.40744077389045708 8.5000000000000018 0.47705161484395925 10.049944424840264
decision_type=10 2 2 10 2 2 2 2 10 8 2 8 8 2 8 2 2 8 2 8 10 8 2 10 8 2 2 2 2 2
left_child=1 2 4 6 -1 21 -4 -8 24 22 -11 -3 28 14 -7 17 -17 -16 19 20 -19 -6 -10 -2 -5 -26 -27 -28 29 -13
right_child=23 11 3 8 5 13 7 -9 9 10 -12 12 -14 -15 15 16 -18 18 -20 -21 -22 -23 -24 -25 25 26 27 -29 -30 -31
leaf_value=-0.0014208825550863719 0.000746791248030402 0.0023872781035231554 -0.00024628738468739726 -0.0013886814083241402 -0.00037346268412532938 -0.001831575287889819 0.0054603140594557276 0.0012105775209643227 -5.0529695436279286e-05 0.008818695623285383 0.00056276757202734329 -0.00010154361313466943 -0.0010835196714744531 -0.00043332768027556272 0.00010529357255390195 -0.00029440952882577032 0.005650847525865494 0.00048652344814844011 -0.00088712082399045327 0.00014321154014047615 0.003202566113969805 -0.0018282456969554921 -0.00075087930781975523 -0.00059655964701359578 8.0212327829970822e-05 0.0019150569544215262 0.00099588451153931269 0.0037036743172743701 0.0049034164287380831 0.0013073927617353175
leaf_weight=5344 4674 59 100 117 898 405 88 104 3432 47 378 1037 671 2651 1404 50 66 43 83 135 65 1479 4245 1017 298 41 91 50 57 507
leaf_count=5344 4674 59 100 117 898 405 88 104 3432 47 378 1037 671 2651 1404 50 66 43 83 135 65 1479 4245 1017 298 41 91 50 57 507
internal_value=-0.000399434 -0.000604486 -0.000711174 -0.000280583 -0.00101782 -0.000555907 0.00346075 0.00572021 -0.000406552 -0.000559793 0.00172535 0.000384648 0.000221733 -8.07676e-05 0.000611456 0.00117596 0.00625641 0.000831888 0.00315596 0.00463525 0.00858716 -0.00153532 -0.000686508 0.000463281 0.00167057 0.00255717 0.00636066 0.00378169 0.00085955 0.000652426
internal_weight=29636 23945 21614 8991 12623 7279 292 192 8699 8102 425 2331 2272 4902 2251 1846 116 1730 326 243 108 2377 7677 5691 597 480 182 141 1601 1544
internal_count=29636 23945 21614 8991 12623 7279 292 192 8699 8102 425 2331 2272 4902 2251 1846 116 1730 326 243 108 2377 7677 5691 597 480 182 141 1601 1544
is_linear=0
shrinkage=0.03


Tree=85
num_leaves=31
num_cat=0
split_feature=0 13 4 9 8 9 12 4 4 3 14 17 9 15 17 3 9 12 8 11 8 3 17 0 3 12 7 14 4 8
split_gain=5.6053 2.47917 4.65385 4.82159 3.48815 2.84241 4.07147 3.60989 2.41451 2.6821 3.29205 2.40813 2.31332 2.29546 2.56665 4.0115 2.26584 4.61759 2.53546 2.48284 2.4588 2.76876 2.40942 2.27749 2.26098 2.41738 2.21332 4.25522 2.52577 2.71078
threshold=1.3294958930104757 0.044565179699377448 10054.386035047779 0.064462498758927206 1.1243356542607239 0.010705675148070165 0.12348499878405407 1228.2646693017907 772.64424907624846 0.083176042664998159 0.090993620398068978 0.45962785369140857 0.13176780733968915 4.2835627800822236 0.29125022171901777 0.16612352611924933 0.045245511374807666 0.095471879744685864 14.219794975599038 5.5114085413964808 2.5812670340241319 0.03977100317030851 1.016278417560202 2.23242025849411 0.19961907124308512 0.013787802911649829 0.11300685204912847 0.080337800665521222 677.98693717565777 1.6742513913644708
decision_type=10 2 8 8 8 10 2 10 10 2 2 10 8 10 10 2 8 2 10 2 10 2 10 10 2 2 10 2 10 10
left_child=1 11 4 -4 13 6 7 -6 -7 10 -10 -1 16 14 -3 -16 17 -2 23 -19 26 -22 -20 -18 -13 -26 27 -21 29 -28
right_child=12 2 3 -5 5 8 -8 -9 9 -11 -12 24 -14 -15 15 -17 18 19 22 20 21 -23 -24 -25 25 -27 28 -29 -30 -31
leaf_value=-0.0011269903006486033 0.0075956097386278738 -3.2933775054181443e-06 0.006623156001035 0.00037850097488336033 -0.0016133310284898075 0.00017726884304355343 0.0057602610730091439 0.0024114141186030733 0.0017308745220829295 -0.00097434537183770358 6.5600849662318471e-05 -0.0012518271287261134 -0.00054012064759774859 0.0022093542747536818 0.0026372545662321253 0.00056112327824122733 0.00037681527821376481 0.017912963717953517 -0.0007693377076434441 0.0018037640957721923 -0.0014272295520991166 0.00035847163921217312 0.0010265949151676947 0.0021447523867203131 -0.0027534850146571032 0.00080818812297292833 0.0042835789931185099 -0.00032050995176572533 -0.0012600158004133176 -0.00076799650852267412
leaf_weight=5890 50 990 77 216 137 580 40 43 42 3781 337 913 2099 41 80 138 3541 56 1098 42 748 3415 411 826 271 913 112 204 2266 223
leaf_count=5890 50 990 77 216 137 580 40 43 42 3781 337 913 2099 41 80 138 3541 56 1098 42 748 3415 411 826 271 913 112 204 2266 223
internal_value=-0.0003651 -0.000786543 -0.000351531 0.00333673 -0.000526088 -0.000882887 0.00244344 0.000497237 -0.00103776 -0.00129056 0.00111316 -0.00114059 3.95567e-05 0.000890399 0.000650123 0.00358904 0.00018887 -0.00017114 0.000624808 -0.000236027 -0.000286693 0.000177953 -0.0004351 0.000991071 -0.000267398 0.000597468 -0.000965942 0.00174899 -0.00122329 0.00120536
internal_weight=29580 14489 6502 293 6209 4960 220 180 4740 4160 379 7987 15091 1249 1208 218 12992 7116 5876 7066 7010 4163 1509 4367 2097 1184 2847 246 2601 335
internal_count=29580 14489 6502 293 6209 4960 220 180 4740 4160 379 7987 15091 1249 1208 218 12992 7116 5876 7066 7010 4163 1509 4367 2097 1184 2847 246 2601 335
is_linear=0
shrinkage=0.03


Tree=86
num_leaves=31
num_cat=0
split_feature=20 3 10 9 7 15 14 2 9 14 20 10 15 14 15 14 20 17 20 14 11 11 11 2 9 20 4 15 4 14
split_gain=4.67283 3.86881 3.79183 3.50741 3.16058 4.21441 4.69438 3.93613 3.46726 6.99673 3.37661 3.15134 2.88976 4.86234 3.90583 5.18339 3.58968 2.83647 2.79349 2.59306 4.09607 2.43924 4.53928 2.23366 2.96688 2.12374 4.26265 2.01552 1.88102 1.86683
threshold=0.9426553883795713 0.44777324829393889 0.4761004726816031 0.046109105025071422 0.092125937862518145 2.1383330595080281 0.27368903052154098 3.9151171081494178 0.24819894757536004 0.26209131748968711 0.84167280314187543 1.1395246464032267 3.4811217321331038 0.21165658788964961 3.0201273556387074 0.048308477645043479 0.5385494954335136 1.016278417560202 0.71640298676133563 0.077051950493642052 9.1429711801750333 8.3150769773310635 7.5722457171989133 5.6782608891448199 0.10221534526835348 0.81601625566515634 878.00390345381732 4.0859410030639109 154.19918685820184 0.22722840412242293
decision_type=2 2 8 8 10 10 2 8 10 2 2 10 10 2 8 2 2 10 2 2 2 2 2 8 10 2 8 10 8 2
left_child=1 2 23 18 5 6 -5 -6 25 -10 -8 -11 13 14 16 -16 -3 -9 27 -18 -21 22 -19 24 -1 26 -7 28 -4 -23
right_child=-2 12 3 4 7 8 10 17 9 11 -12 -13 -14 -15 15 -17 19 21 -20 20 -22 29 -24 -25 -26 -27 -28 -29 -30 -31
leaf_value=0.003901610216521027 -0.001255011636838176 0.0076111888352030765 0.010016327227314617 0.0098744088243643609 0.0013674354720827912 0.0018219843434988893 -0.00091223708507014948 -0.00013200610102825897 -7.5716787700388536e-05 0.0030433743535671783 0.0037915390891807457 0.0041705662773022642 -0.0011335008198347456 -1.1790270968987964e-05 0.00048429382044058576 0.0077671165320935568 -0.0013176553580139534 -0.0010084310380651497 -0.0010987765362601002 0.0005843321577909355 0.0047422800456397634 0.0024519580159824768 0.0036436234945800812 -0.0007295715505173544 -4.4980147014911495e-05 -0.00027131128637763774 0.00033966868908710519 0.0010304099636422091 -0.00022874162939488571 -9.0934678604382777e-05
leaf_weight=44 4161 67 65 68 62 60 74 8145 110 40 68 41 149 414 69 41 96 40 2290 103 40 613 63 5259 112 884 461 79 5213 648
leaf_count=44 4161 67 65 68 62 60 74 8145 110 40 68 41 149 414 69 41 96 40 2290 103 40 613 63 5259 112 884 461 79 5213 648
internal_value=-0.000344727 -0.00019214 -0.000266245 -6.68601e-05 0.000267094 0.00141782 0.00540284 4.98321e-05 0.000890419 0.00467187 0.00226573 0.0113049 0.00165612 0.00234657 0.00463309 0.00945946 0.00287296 3.14742e-07 -0.000563677 0.0011375 0.0036875 0.00126593 0.00568269 -0.000966581 0.00256051 0.000373399 0.0018908 -0.000188691 -0.000260277 0.00090095
internal_weight=29579 25418 24439 19024 11377 1806 210 9571 1596 191 142 81 979 830 416 110 306 9509 7647 239 143 1364 103 5415 156 1405 521 5357 5278 1261
internal_count=29579 25418 24439 19024 11377 1806 210 9571 1596 191 142 81 979 830 416 110 306 9509 7647 239 143 1364 103 5415 156 1405 521 5357 5278 1261
is_linear=0
shrinkage=0.03


Tree=87
num_leaves=31
num_cat=0
split_feature=0 12 16 17 14 16 16 13 9 14 3 17 14 3 9 14 14 11 14 11 16 0 2 17 7 9 0 3 11 11
split_gain=5.19814 2.59466 3.79391 5.14572 2.55685 2.64592 2.11917 2.0568 3.60264 6.15412 3.57067 3.84367 3.27906 2.97174 2.88795 3.11979 2.68091 3.27798 5.00558 3.306 4.4795 2.267 2.42343 2.07183 2.02766 3.31114 2.5328 2.51224 2.69485 4.03015
threshold=1.9041668348414915 -0.04271284533457375 -0.2187637777417594 -0.049942456324614838 0.6051968757028342 0.305337458959136 -0.062736713487384202 0.049463911496686781 0.0055351307189542504 0.11637971804534662 0.14702745781778173 0.40743292039396489 0.18714609236612942 0.15360752077495646 0.043878594015436569 0.03226662648250448 0.1653464987480375 6.6247287979039262 0.073407733499605096 10.112471320548684 0.18704096763667841 1.1877069086123522 3.5721009364799494 -0.025654687061283404 0.056426549631133728 0.1781363926871834 1.0907588779338628 0.10849705157511756 10.389164584650848 9.957383706263089
decision_type=10 2 8 10 2 10 8 2 10 2 2 8 2 2 10 2 2 2 2 2 8 10 10 10 10 10 10 2 2 2
left_child=1 -1 3 -3 7 6 -6 10 9 -9 -4 21 -11 -14 15 -10 17 18 -13 -19 -21 -12 23 -23 25 -16 -26 -27 29 -29
right_child=-2 2 4 -5 5 -7 -8 8 14 12 11 16 13 -15 24 -17 -18 19 -20 20 -22 22 -24 -25 26 27 -28 28 -30 -31
leaf_value=-0.0027384475036972794 0.00033655731368058083 -0.00016715186544522236 -0.0014432423314996888 0.010306965065912178 0.0018929369970986237 0.00091175573169061564 -0.00030840526985190898 -0.00061007990347460006 0.0037960404880408305 0.0057855204890523339 -0.001238426123883776 -0.0027896994796274355 0.0099635794874311651 -0.00042240571018902732 -0.00023459619128484493 -0.0010470065254189784 -0.00034093053069761582 -1.5563470533704695e-05 0.012075378961660416 0.0016747492923269694 0.00065508998522603419 0.00052397035492820696 0.00045144705134960513 -0.00069606104012204034 -0.0018230366844018172 0.0024460359661353974 1.2044318188512602e-05 0.0017800384646474137 -0.00033290027013462069 0.0021983137858504562
leaf_weight=1353 6695 67 4221 45 73 582 1341 103 49 51 2143 56 49 51 346 2000 1303 862 89 47 229 371 64 1881 857 43 4240 137 164 64
leaf_count=1353 6695 67 4221 45 73 582 1341 103 49 51 2143 56 49 51 346 2000 1303 862 89 47 229 371 64 1881 857 43 4240 137 164 64
internal_value=-0.000356629 -0.00057176 -0.000491617 0.00499115 -0.000520522 0.000501752 -0.000199294 -0.000625612 -0.000262662 0.00324706 -0.000888258 -0.000474738 0.00708553 0.00386139 -0.000375902 -0.00134488 0.000445303 0.00141822 0.00565068 0.000874451 0.00372563 -0.0010083 -0.000357359 -0.000521971 -3.63985e-05 0.00141457 -0.000251276 0.00324205 0.00241803 0.00473762
internal_weight=29576 22881 21528 112 21416 1996 1414 19420 8154 254 11266 7045 151 100 7900 2049 2586 1283 145 1138 276 4459 2316 2252 5851 754 5097 408 365 201
internal_count=29576 22881 21528 112 21416 1996 1414 19420 8154 254 11266 7045 151 100 7900 2049 2586 1283 145 1138 276 4459 2316 2252 5851 754 5097 408 365 201
is_linear=0
shrinkage=0.03


Tree=88
num_leaves=31
num_cat=0
split_feature=0 14 16 14 17 13 2 14 1 11 13 15 16 7 17 13 11 0 15 1 1 6 8 8 15 17 13 15 11 1
split_gain=4.1516 3.6844 3.02259 5.81774 3.06667 3.01104 2.66474 4.73569 5.89033 2.65369 2.56122 3.4759 2.24623 2.22785 5.82911 3.46635 2.21993 2.14327 2.51164 2.12845 2.09397 2.07626 2.06529 2.79442 2.61418 2.89105 2.62624 2.10531 2.1529 1.8857
threshold=1.0848229686895843 0.84007426042915634 -0.056459560924418652 0.59597129831402107 1.016278417560202 0.12708039113208178 5.2663577519871456 0.48378809972364439 0.16428133306072382 9.4242817117107354 0.099381973012808142 4.2121001622835372 0.17568636984123812 0.09327039580092765 1.016278417560202 0.1303930838225055 4.923617305492666 0.88831806007614622 2.249904835165133 1.0000000180025095e-35 1.0000000180025095e-35 2.4998757446093158 1.3449449537289622 39.367390213594916 2.0126758453675748 1.1149600386466054 0.0037394392697080651 3.0201273556387074 9.6594076059450664 0.37965517241379315
decision_type=10 2 8 2 8 2 8 2 10 2 2 10 8 8 8 2 2 8 10 8 8 2 8 10 8 8 2 10 2 10
left_child=10 2 3 4 5 -2 7 -4 -9 13 22 12 17 14 15 -8 -15 -12 19 -19 -7 -11 -1 24 25 -24 -26 28 -28 -20
right_child=1 -3 6 -5 -6 20 9 8 -10 21 11 -13 -14 16 -16 -17 -18 18 29 -21 -22 -23 23 -25 26 -27 27 -29 -30 -31
leaf_value=-0.0014768914612298225 -0.00044439743562047439 0.0016733365412844466 -9.4540451083346104e-05 0.0070744842588949175 0.013143637167208623 -0.00039095894869913401 0.00010914460995718407 0.0067247248814340859 0.0002374322741365663 -0.00038577342005117614 -0.0035268554727627076 0.0033063021780210138 -0.002214299704791953 0.015598923901524685 0.0093841370002947771 0.0067192459660044583 -4.8353309488409014e-06 0.00051005667421384572 -0.00018696687991549696 0.0039771550107766552 0.0085539680336814642 0.00021430958716849664 -0.00054154907642165687 -0.0045811289397869968 -0.0028909205255636338 0.0040863272935675052 0.0010970900318171535 -0.0040608397980248607 0.0017044380346904454 0.0014675293101633366
leaf_weight=3357 599 44 286 73 40 52 447 64 81 14072 145 40 319 42 44 48 5739 58 460 64 75 1995 89 523 362 86 296 80 47 86
leaf_count=3357 599 44 286 73 40 52 447 64 81 14072 145 40 319 42 44 48 5739 58 460 64 75 1995 89 523 362 86 296 80 47 86
internal_value=-0.000354682 -0.000176062 -0.000192367 0.001575 0.000797913 0.000346629 -0.000257418 0.00207639 0.0064726 -0.00030244 -0.00105871 0.000199488 -0.00011121 0.000218319 0.00206111 0.00111895 4.61771e-05 0.000726044 0.00144395 0.00531707 0.00452344 -0.000507282 -0.00136336 -0.000430594 0.000530696 0.00383523 -0.000209924 0.00139387 0.0024157 0.000570383
internal_weight=29713 23701 23657 839 766 726 22818 431 145 22387 6012 1172 1132 6320 539 495 5781 813 668 122 127 16067 4840 1483 960 175 785 423 343 546
internal_count=29713 23701 23657 839 766 726 22818 431 145 22387 6012 1172 1132 6320 539 495 5781 813 668 122 127 16067 4840 1483 960 175 785 423 343 546
is_linear=0
shrinkage=0.03


Tree=89
num_leaves=31
num_cat=0
split_feature=0 15 14 3 11 14 4 14 11 13 8 13 14 4 4 14 7 4 13 8 0 4 3 14 4 14 20 8 3 7
split_gain=6.00276 3.6823 4.56368 3.7481 3.40493 3.13671 3.24739 4.2769 4.31963 2.91781 2.79532 3.49871 10.2395 3.08994 8.83867 3.07241 2.54649 2.47038 2.36863 4.72125 2.5466 2.35924 2.29607 2.43467 3.90244 2.20389 2.5932 3.81135 2.50559 2.25715
threshold=1.0813673676462505 3.3842466058243152 0.60019321080588428 0.44777324829393889 4.923617305492666 0.21165658788964961 281.46999805843689 0.062242415691549473 9.4526981414443565 0.013814181716384164 1.5737304012140558 1.0000000180025095e-35 0.66848789117026997 2822.8966996081122 2144.6268813605457 0.84007426042915634 0.044996701473583034 465.56484993634325 0.066959744067705787 1.0233704337767302 2.3699704807785436 1526.1995912211066 0.072687840779193963 0.6599086232578476 1213.1780511929885 0.50260075773806701 0.82214638209638047 65.898755937923866 0.11289228751996115 0.087367985969102585
decision_type=10 10 2 2 2 2 8 2 2 2 8 2 2 10 8 2 10 8 2 10 10 8 2 2 10 2 2 10 2 10
left_child=-1 2 3 4 -2 6 -5 9 -9 -8 11 12 -4 14 16 17 -13 -12 20 -20 21 -6 23 24 -19 26 27 -21 -27 -30
right_child=1 -3 10 5 18 -7 7 8 -10 -11 15 13 -14 -15 -16 -17 -18 22 19 25 -22 -23 -24 -25 -26 28 -28 -29 29 -31
leaf_value=-0.0011529266981556389 0.017605894777687914 -0.00050286513091162845 0.00068479286366459051 -0.0015681927004652279 -0.0001693271498508339 -0.00022954041034695336 0.0047510696083649185 0.004195180215373291 0.0036677909777085536 -0.0011822841618143434 0.0018467439005646832 0.0019990230631828942 0.012573320408597996 -0.00073052520738273792 0.0027049241540393165 0.0014278259423520525 -6.4028997008011324e-05 -0.0015408064728191374 0.0041386407790182916 0.00057955103454630471 0.00019926681645000916 -0.00094153835831435834 -0.00048565970371272611 -0.00033407068490323092 0.012118876494372311 0.0022446120204941008 -0.00069095330536246623 -0.0020453656291894748 0.00076720345718463547 -0.00056075284414214201
leaf_weight=5824 46 4770 132 52 5571 213 67 132 40 79 49 48 46 140 44 41 209 40 42 2481 3367 3503 655 72 40 68 953 580 89 102
leaf_count=5824 46 4770 132 52 5571 213 67 132 40 79 49 48 46 140 44 41 209 40 42 2481 3367 3503 655 72 40 68 953 580 89 102
internal_value=-0.000329028 -0.000116721 7.12616e-05 -6.64335e-05 -0.000148546 0.00229623 0.00396226 0.00509718 0.00828902 0.00130612 0.00164931 0.00319839 0.00673743 0.00175792 0.00346689 0.00057795 0.00131395 0.000189031 -0.000171153 0.000434429 -0.00038121 -0.000642645 -0.000211634 0.00309804 0.00666667 0.000334814 0.000161394 0.000586871 0.00301154 0.00123437
internal_weight=29495 23671 18901 17385 16802 583 370 318 172 146 1516 619 178 441 301 897 257 856 16756 4315 12441 9074 807 152 80 4273 4014 3061 259 191
internal_count=29495 23671 18901 17385 16802 583 370 318 172 146 1516 619 178 441 301 897 257 856 16756 4315 12441 9074 807 152 80 4273 4014 3061 259 191
is_linear=0
shrinkage=0.03


Tree=90
num_leaves=31
num_cat=0
split_feature=20 1 15 10 3 9 4 8 2 10 9 17 4 20 3 16 5 14 20 12 4 9 9 9 14 4 1 14 14 20
split_gain=4.44667 3.94448 3.78489 3.5305 2.94717 4.06849 3.73014 2.71933 3.16742 3.58047 2.91175 4.65565 3.3658 2.84562 2.68414 4.11706 2.62019 2.58932 2.49706 2.38472 2.38224 2.3614 2.18263 2.11468 2.04673 5.77025 2.10246 3.65326 4.1647 4.0809
threshold=0.89469028992782929 0.37284167398302609 3.3842466058243152 3.3912801418080316 0.102008097617089 0.11693184134323584 1457.8257225913492 39.823606740180885 5.6626112916929676 0.48501435441218649 0.046109105025071422 1.016278417560202 580.55820484373055 0.20605320543050182 0.43711965433899885 0.1209215125841246 0.56981994589047502 0.095793573687876263 0.45970667217907729 0.36087398325994352 1724.0626526631161 0.051594361951503388 0.14562432612480156 0.013741273351791974 0.64617256261511691 3215.7013213151281 0.1038074712643678 0.083738801393164586 0.03226662648250448 0.84167280314187543
decision_type=2 8 8 8 2 10 10 8 8 10 10 10 10 2 2 10 8 2 2 2 10 10 10 8 2 10 10 2 2 2
left_child=2 4 7 22 5 -2 -7 8 9 -1 12 19 13 17 18 -16 -11 -10 -14 24 -8 -13 -4 -9 26 -26 -12 28 -28 -30
right_child=1 -3 3 -5 -6 6 20 23 10 16 11 21 14 -15 15 -17 -18 -19 -20 -21 -22 -23 -24 -25 25 -27 27 -29 29 -31
leaf_value=0.0045274529160994536 -0.00087183147724614429 0.00053830514248541712 -0.00043400926809241487 0.0033768822217559919 -0.0011763566350054973 0.00047879306752998658 0.0050573987223930545 0.0004821397205328385 0.0042054034718437801 -0.003117706915543755 -0.00022696138500527245 0.008947739861431046 0.00054928038797239062 0.0003353524267019364 0.0038882391527853225 0.00029994406143384078 0.0011098475659282144 0.0040135431900429376 -0.0011403400376304709 0.0014712975542888376 0.0021325823725825183 0.0014469779659494521 -0.0011737855185553392 -0.00086021076397313229 0.00037404566324715413 0.0041195582724903573 2.0477497756264656e-05 0.00017000994842176001 0.0045015507390222245 0.0028344093148637431
leaf_weight=55 630 547 4654 125 4911 161 40 931 65 72 3902 75 1336 630 42 147 74 69 3104 460 44 797 1201 2705 226 53 112 2369 69 47
leaf_count=55 630 547 4654 125 4911 161 40 931 65 72 3902 75 1336 630 42 147 74 69 3104 460 44 797 1201 2705 226 53 112 2369 69 47
internal_value=-0.00034326 -0.00104815 -0.000151795 -0.000802542 -0.00127838 0.000325342 0.00359756 7.26595e-05 0.00026618 0.00399505 0.000210381 0.000569596 -0.000329812 0.00151372 -0.000634342 0.00285789 0.0015102 0.00546667 -0.000783608 0.000319933 0.00868235 0.00263917 -0.000909324 -0.000656586 0.000177902 0.00268929 6.96916e-05 0.000730946 0.00434934 0.00830769
internal_weight=29653 6333 23320 5980 5786 875 245 17340 13704 201 13503 8110 5393 764 4629 189 146 134 4440 7238 84 872 5855 3636 6778 279 6499 2597 228 116
internal_count=29653 6333 23320 5980 5786 875 245 17340 13704 201 13503 8110 5393 764 4629 189 146 134 4440 7238 84 872 5855 3636 6778 279 6499 2597 228 116
is_linear=0
shrinkage=0.03


Tree=91
num_leaves=31
num_cat=0
split_feature=0 14 7 17 9 4 13 9 14 10 0 3 15 4 3 9 4 13 2 9 6 7 9 15 9 9 15 16 7 3
split_gain=5.35284 3.53159 2.60172 5.44034 4.19081 3.30051 6.25079 2.94614 3.70271 7.22623 2.56292 2.71458 2.31227 3.48405 6.33604 2.30892 2.79319 2.42521 2.2325 2.19445 2.79662 2.19235 2.03369 5.19237 2.14242 2.59766 3.04975 2.90009 2.02155 2.5553
threshold=1.0621863334736437 0.84007426042915634 0.086366101893792999 1.8052738438756337 0.13873673128881892 10054.386035047779 0.035322458591807424 0.24819894757536004 0.2492299096779412 1.1395246464032267 1.3252198242618103 0.20114374323332149 3.2769667020129059 742.45383821011239 0.1397703259187224 0.046109105025071422 762.71101374550005 0.15644740024693757 4.215895930450797 0.24819894757536004 1.1944856200142393 0.39046757533540971 0.11566372771018558 3.1984648276080736 0.0065764796462273482 0.0025046752417442089 2.1383330595080281 0.49055102147203267 0.29836536949199766 0.11106049566231513
decision_type=10 2 10 8 10 8 2 10 2 10 10 2 8 10 2 10 10 2 8 8 2 10 10 10 8 10 8 10 10 2
left_child=19 2 3 5 10 7 -7 -2 -9 -10 11 -4 13 14 -6 -12 17 21 -18 -1 -21 -17 24 -24 25 26 27 -13 29 -20
right_child=1 -3 4 -5 12 6 -8 8 9 -11 15 22 -14 -15 -16 16 18 -19 28 20 -22 -23 23 -25 -26 -27 -28 -29 -30 -31
leaf_value=-0.0014245183081656823 -4.2484442472575752e-05 0.00095716400200914137 -0.00090075710999029104 0.012562066921761005 0.003904221084230683 -0.0021515231797292079 0.0067614275307026862 -0.00035830054491595023 0.0019047107273901609 0.0041069607534768987 -0.00019705869031301149 0.0075771513138786547 -0.0015827845671130922 -0.00063947391989321617 -0.00018060830063257262 -0.00087487911966819447 0.0026864308786997164 0.0021607486727446079 -8.7238572864392758e-07 -0.00085195986331593806 0.0022914732648769498 0.0037224918701173936 -9.8932828973536578e-05 0.0020217166375275679 -0.00027195668360178483 0.0033578944093186455 -0.0012184839839483983 9.1403255400444953e-05 -0.00029131837068020831 0.00092548799912431693
leaf_weight=4523 2657 45 3086 41 44 46 66 141 187 51 7150 41 1057 1752 117 1108 41 41 1198 428 129 52 114 46 1992 44 89 56 847 2460
leaf_count=4523 2657 45 3086 41 44 46 66 141 187 51 7150 41 1057 1752 117 1108 41 41 1198 428 129 52 114 46 1992 44 89 56 847 2460
internal_value=-0.000335819 -0.000152504 -0.000168074 0.000631034 -0.000287543 0.000487773 0.00552212 0.000300296 0.00277105 0.00504602 -0.000118426 -0.000662645 -0.00133289 -0.000710032 0.0035 0.000112342 0.00056002 -0.00072629 0.000899933 -0.0012222 0.000553763 -0.000981913 9.81948e-05 0.00335404 -0.000137653 0.0025974 0.00102674 0.00468367 0.000835552 0.00114129
internal_weight=29649 24569 24524 3189 21335 3148 112 3036 379 238 18365 5468 2970 1913 161 12897 5747 1201 4546 5080 557 1160 2382 160 2222 230 186 97 4505 3658
internal_count=29649 24569 24524 3189 21335 3148 112 3036 379 238 18365 5468 2970 1913 161 12897 5747 1201 4546 5080 557 1160 2382 160 2222 230 186 97 4505 3658
is_linear=0
shrinkage=0.03


Tree=92
num_leaves=31
num_cat=0
split_feature=12 15 16 14 3 12 12 17 17 10 7 9 15 14 17 3 13 16 9 15 11 11 14 9 3 16 8 8 11 11
split_gain=3.58523 2.97198 4.2191 3.47053 2.89404 2.87038 3.27576 4.42704 2.65264 2.13544 2.36868 3.91958 7.2044 2.74862 2.05795 2.26394 3.21477 2.54469 2.93615 1.95095 2.55695 2.68091 2.19337 3.36829 3.03265 3.15599 2.01464 2.95795 3.91954 2.14034
threshold=-0.04271284533457375 3.3842466058243152 -0.010728363144549086 0.53155137204079328 0.0071981231177399834 0.021679275092647114 0.1868210995661759 -0.060417012879221632 1.016278417560202 0.4761004726816031 0.16765166643001092 0.0065764796462273482 2.6735537653587347 0.84007426042915634 0.93640087168855313 0.090779729972718826 0.21386658633885489 0.21215611310054852 0.10512302150910609 2.602003343538398 10.774634464022109 9.4526981414443565 0.23728394227077454 0.075805452978725582 0.41084913717244026 0.049667795021390057 8.6693305413816386 1.5072758776725819 6.8238298961993875 7.499699915772176
decision_type=2 10 8 2 2 2 2 10 10 10 10 8 8 2 10 2 2 10 10 8 2 2 2 8 2 8 8 10 2 2
left_child=-1 2 3 8 -3 -5 7 -7 -2 -4 11 12 -11 19 15 16 17 -13 -19 20 21 26 23 -21 25 -25 27 -12 -29 -30
right_child=1 4 9 5 -6 6 -8 -9 -10 10 13 14 -14 -15 -16 -17 -18 18 -20 22 -22 -23 -24 24 -26 -27 -28 28 29 -31
leaf_value=-0.0025968760485612138 0.00032145096688116393 0.0028696883863243961 -0.00051704854045422064 -0.00090179158203068492 -0.00058276511918450001 0.00062962585623486836 -0.00018466809888147229 0.0053383358022566557 0.01187613984091089 -0.00015157653854978653 -0.00060257559792751625 -0.00018126099977311568 0.0053240301546025092 0.00096122246688918125 0.0011464239716176669 -7.8757800160398814e-05 0.0085389523026971406 0.00062302892601103063 0.0047658210486131621 -0.00070673706603912982 0.0022684156609192596 -0.00067573865894364135 -0.0011083007378662787 0.0048240456772743476 0.0016439455270112183 7.4290082668334494e-05 -0.00030254072594098095 0.0094497053180276139 -0.00095359674883795673 0.0012822455274465313
leaf_weight=1375 1292 47 4502 55 5477 55 55 77 60 100 364 491 61 54 485 5029 57 113 74 1975 84 2066 2066 65 72 551 1530 61 92 1230
leaf_count=1375 1292 47 4502 55 5477 55 55 77 60 100 364 491 61 54 485 5029 57 113 74 1975 84 2066 2066 65 72 551 1530 61 92 1230
internal_value=-0.000346942 -0.00027407 -0.000122288 0.00136552 -0.0008981 0.00466667 0.00643085 0.00897744 0.000771618 -0.000234626 -7.76134e-05 0.000374356 0.00498148 -0.000361376 0.000254879 9.67903e-05 0.00165081 0.00106922 0.00403723 -0.000397559 -9.39644e-06 -9.15052e-05 -0.000842918 -0.000273649 0.00153266 0.000846028 0.000442037 0.00113787 0.00177095 0.00142404
internal_weight=29615 28240 22716 1594 5524 242 187 132 1352 21122 16620 6410 161 10210 6249 5764 735 678 187 10156 5427 5343 4729 2663 688 616 3277 1747 1383 1322
internal_count=29615 28240 22716 1594 5524 242 187 132 1352 21122 16620 6410 161 10210 6249 5764 735 678 187 10156 5427 5343 4729 2663 688 616 3277 1747 1383 1322
is_linear=0
shrinkage=0.03


Tree=93
num_leaves=31
num_cat=0
split_feature=20 15 8 20 3 1 15 6 2 5 17 11 8 16 8 20 3 11 16 9 3 17 6 9 20 9 15 7 16 12
split_gain=4.35986 3.23761 2.61325 3.78756 3.35402 2.52831 4.38834 2.81415 2.68955 4.03699 5.71231 2.3748 2.36418 2.037 2.68329 2.35639 2.41666 2.95908 4.14772 2.0144 2.04057 2.68121 2.25668 3.37036 2.05179 2.19759 3.36227 3.18641 2.82159 2.07271
threshold=0.75217368838087129 3.3842466058243152 39.823606740180885 1.0000000180025095e-35 0.123315006362833 0.21030517470145957 3.2769667020129059 2.1437334489436579 5.798025059063515 0.73727351164797261 0.36203962006753004 6.0100401799233785 0.99301086348056844 0.15155761307156845 1.1595887186518876 1.1269542674707826 0.10849705157511756 9.4678080515874239 0.031522870368410796 0.046109105025071422 0.11369758380940388 -0.13233485376011103 0.84723720599084451 0.076233902440743892 0.56273780858417688 0.056977889180953346 2.602003343538398 0.29836536949199766 0.37956675316759941 0.19546390975894748
decision_type=2 8 8 2 2 8 10 2 8 10 10 2 10 8 10 2 2 2 10 10 2 8 2 10 2 10 10 10 8 2
left_child=1 2 3 4 -1 8 7 13 9 -2 -11 -5 -3 14 15 16 -7 18 -18 -13 21 22 23 -21 25 26 28 29 -22 -27
right_child=5 12 -4 11 -6 6 -8 -9 -10 10 -12 19 -14 -15 -16 -17 17 -19 -20 20 24 -23 -24 -25 -26 27 -28 -29 -30 -31
leaf_value=-6.3065350512170267e-05 -0.00040774407606816428 0.0075558451003982213 -0.00036503791895374445 0.017674880054781236 0.006231610265145196 0.0028204269054968884 -0.0011908097169785886 0.0013495979457613914 -0.00066188726222264074 0.0030930364151864117 -0.0013416878449555147 -7.8089722380030743e-05 -0.00065682640026241252 -0.00043592733917138706 -4.9185086619044359e-05 -0.0030246862521915671 -3.1921988897250818e-05 0.00046294113737913934 0.0050036351667728978 0.0033285445100228652 0.0020805814449871983 -0.0004543109208746809 -0.00018949695020562793 2.9865916011456526e-05 0.00035047144859571433 0.0046184985819016358 0.00036390078227476364 -0.00069683969775981671 0.010838775379078987 0.0014332108011263849
leaf_weight=51 122 64 3237 47 68 45 918 213 10395 73 51 3911 3846 764 600 65 49 282 70 54 40 1265 70 51 2165 42 81 154 45 684
leaf_count=51 122 64 3237 47 68 45 918 213 10395 73 51 3911 3846 764 600 65 49 282 70 54 40 1265 70 51 2165 42 81 154 45 684
internal_value=-0.000371101 -3.30695e-05 0.00021185 0.000481841 0.005775 -0.000764289 3.98997e-06 0.000764001 -0.000981301 0.00211336 0.005904 0.000408013 -0.000782409 0.00039179 0.00121133 0.00280664 0.00358389 0.00282836 0.006775 0.000370664 0.000792562 -0.000145733 0.00332386 0.0060849 0.00121326 0.00230372 0.00546108 0.00170261 0.00959302 0.0025337
internal_weight=29522 15875 11965 8728 119 13647 3006 2088 10641 246 124 8609 3910 1875 1111 511 446 401 119 8562 4651 1440 175 105 3211 1046 166 880 85 726
internal_count=29522 15875 11965 8728 119 13647 3006 2088 10641 246 124 8609 3910 1875 1111 511 446 401 119 8562 4651 1440 175 105 3211 1046 166 880 85 726
is_linear=0
shrinkage=0.03


Tree=94
num_leaves=31
num_cat=0
split_feature=20 4 3 16 20 20 11 7 19 10 9 8 7 15 15 10 11 17 4 11 7 7 16 17 8 17 11 17 3 3
split_gain=2.99121 3.12613 2.6854 2.95144 2.81576 2.38969 3.69915 2.38635 2.11238 2.24521 4.01423 2.09532 2.6092 2.02506 3.38707 2.657 2.08467 3.21592 2.23031 1.96806 3.39038 1.91311 2.24453 2.05888 1.778 2.09656 2.98279 1.75185 1.73855 3.76588
threshold=0.4822015625625734 2267.4535652879599 0.40318020713217534 0.6938175717218279 0.0020092937722238544 0.23119811607175786 10.601361045763651 0.26218832089207217 9.5000000000000018 0.89922546531623093 0.24819894757536004 8.6693305413816386 0.21366923581734837 3.3497501700808394 3.1567740231385479 1.0961099094027522 8.2698850049033865 -0.31310156101340053 392.76683326766846 9.6594076059450664 0.31650999233430582 0.38592235652618578 0.060648207278360504 0.31736751226398813 176.43351177411157 2.5113171736250868 10.546616940613026 0.13419721793732842 0.11369758380940388 0.041815708213642465
decision_type=2 8 2 8 2 2 2 10 2 10 10 8 10 10 10 10 2 10 10 2 10 10 8 10 10 8 2 10 2 2
left_child=1 5 4 -4 -3 6 11 13 -2 -10 -11 12 -1 14 16 -16 18 -18 -7 20 -14 22 -13 -23 25 -6 -27 -12 29 -25
right_child=8 2 3 -5 24 7 -8 -9 9 10 27 21 19 -15 15 -17 17 -19 -20 -21 -22 23 -24 28 -26 26 -28 -29 -30 -31
leaf_value=7.2719884252783794e-05 -0.00038138613674144125 -0.004124007118755448 0.015474728515585222 -0.0027051442958126435 -0.000162122155407155 0.00078654061568728486 0.0024011156354652508 -0.00062626293838765267 -0.00039688667926864838 0.0001640068524580543 0.0019343633029116614 0.0052096760276308133 0.0055678106953686683 -0.00063394294558909701 0.00054904705946512455 0.0038819651270468642 0.01373472160374563 -0.00020360922557536413 0.0051439216269066231 -0.00011004890842894287 0.00080984918452249447 -0.00052277463963949246 -0.00055790136434622514 -0.00047560255858870881 -0.0016519867148438664 0.0011047755904345254 0.011989191145647749 0.0036996326207442125 0.00030887489366496868 0.0027688141246298452
leaf_weight=149 16963 793 42 42 1297 59 41 1078 3013 2932 43 77 133 267 71 83 50 600 46 51 71 131 457 44 308 380 49 44 80 94
leaf_count=149 16963 793 42 42 1297 59 41 1078 3013 2932 43 77 133 267 71 83 50 600 46 51 71 131 457 44 308 380 49 44 80 94
internal_value=-0.000292788 0.000275792 -0.000454328 0.0048 -0.000612094 0.000869103 0.0018781 0.000274057 -0.00045334 2.88407e-05 0.000606953 0.00159084 0.00337778 0.00120816 0.00188242 0.00592258 0.00105159 0.000414746 0.00495283 0.00521484 0.00652683 0.000770361 -0.000358879 0.00249429 -2.06395e-05 0.000354371 0.00216977 0.00692045 0.00427397 0.00630216
internal_weight=29488 6493 2911 84 2827 3582 1328 2254 22995 6032 3019 1287 404 1176 909 154 755 650 105 255 204 883 534 349 2034 1726 429 87 218 138
internal_count=29488 6493 2911 84 2827 3582 1328 2254 22995 6032 3019 1287 404 1176 909 154 755 650 105 255 204 883 534 349 2034 1726 429 87 218 138
is_linear=0
shrinkage=0.03


Tree=95
num_leaves=31
num_cat=0
split_feature=0 14 17 10 9 7 9 11 9 9 7 15 14 7 9 7 12 0 11 15 11 15 9 10 14 17 14 14 3 3
split_gain=4.19346 2.88985 3.02629 2.55033 3.01534 2.57072 2.84574 2.30076 2.20987 2.16566 4.64105 3.38461 2.71511 2.59065 2.9201 3.36516 2.38068 2.25494 2.10865 2.09974 2.07519 3.3578 2.03751 2.55188 2.75674 2.20116 2.09474 3.08771 2.00592 1.90401
threshold=1.0562487960703739 0.8101995766065343 1.8891299673879465 0.4761004726816031 0.043878594015436569 0.092125937862518145 0.13873673128881892 4.923617305492666 0.022091451902066083 0.0081648053701931528 0.17179431983381199 3.7494348669884658 0.12061252135153515 0.34066286249904076 0.0025046752417442089 0.41071721330258182 0.42623696165890085 1.3421998991185859 8.3640419847542038 4.0859410030639109 9.6251945968358132 2.8617925509761908 0.12133764951810268 0.94534641719573431 0.066731164928892875 1.0379166167518183 0.078606099333730237 0.22145440488631049 0.21552246531516853 0.28766659260012595
decision_type=10 2 10 8 8 10 8 2 10 10 10 8 2 10 10 10 2 10 2 10 2 10 10 10 2 10 2 2 2 2
left_child=-1 3 -3 8 7 29 22 -5 -2 10 11 12 -9 -12 -15 16 -16 18 -11 -19 21 -8 25 -24 -25 -7 -27 28 -28 -6
right_child=1 2 -4 4 5 6 20 9 -10 17 13 -13 -14 14 15 -17 -18 19 -20 -21 -22 -23 23 24 -26 26 27 -29 -30 -31
leaf_value=-0.0010762661728740302 0.00014479449947775788 0.00061533302588277739 0.0026370498858767901 0.014610816104790751 0.00090632274389388582 -1.6555841591660446e-05 -0.00011313261372094323 -0.00035612763891512656 -0.00069831869578408374 0.0011858646281703515 -0.0011731386270333471 0.006924747202796986 0.0015518825248878648 -0.00023772286421654536 0.0016855519533799013 0.00015032114797408649 0.0028016338913867634 -0.00036649783062936035 -0.0014146197539927085 0.00088351665138040826 -0.001209983804777028 0.0023006292764781301 -0.00081230558470707349 0.0014317778835332704 0.0011823665133662003 -0.0008778510617607324 0.0027636962549427613 0.00020550157915561628 0.0040862907995523777 -0.00013416887649032169
leaf_weight=4824 1449 76 50 40 1411 6206 384 55 4101 72 752 41 136 375 59 118 41 4083 1502 88 1530 79 195 52 264 161 321 504 83 544
leaf_count=4824 1449 76 50 40 1411 6206 384 55 4101 72 752 41 136 375 59 118 41 4083 1502 88 1530 79 195 52 264 161 321 504 83 544
internal_value=-0.000324966 -0.00016736 0.00434646 -0.000190612 -2.60781e-05 0.000272517 7.39257e-05 -0.00050197 -0.000756621 -0.000541582 0.000442965 0.00435193 0.00264062 -0.000234027 0.00124747 0.004 0.0080198 -0.00081187 -0.00177905 -0.000446549 -0.000937313 0.00082112 0.000332862 0.00216211 0.00382334 0.000204095 0.00146075 0.0020198 0.00397037 0.00126534
internal_weight=29596 24772 126 24646 19096 11734 9779 7362 5550 7322 1577 232 191 1345 593 218 100 5745 1574 4171 1993 463 7786 511 316 7275 1069 908 404 1955
internal_count=29596 24772 126 24646 19096 11734 9779 7362 5550 7322 1577 232 191 1345 593 218 100 5745 1574 4171 1993 463 7786 511 316 7275 1069 908 404 1955
is_linear=0
shrinkage=0.03


Tree=96
num_leaves=31
num_cat=0
split_feature=0 0 9 10 11 12 11 2 8 13 14 4 4 14 9 8 8 10 14 13 11 13 15 14 15 13 1 3 9 11
split_gain=4.81254 2.72237 2.64002 3.43439 2.58504 6.26452 2.56357 2.83532 2.55766 2.98378 2.85053 3.2887 2.46469 2.4337 3.29183 2.69089 3.61322 3.42775 6.21298 2.79693 3.48625 2.61842 3.15541 3.69642 2.71503 2.6968 3.00058 2.51314 2.5626 2.37255
threshold=1.9580465084774761 1.0593377517455072 0.046109105025071422 0.52639695211542992 6.6247287979039262 0.16121010145412831 11.677681093171445 4.7187854613200892 1.1595887186518876 0.092121429239957045 0.6599086232578476 2955.559003940577 811.44449334742694 0.21768335968322064 0.066466064766733002 1.5653657255535287 14.219794975599038 2.0372914601607222 0.093447789867875428 1.0000000180025095e-35 10.12284394139424 0.04355416272978805 3.3842466058243152 0.27368903052154098 3.5408542930527882 0.1040973934387074 0.082079496968335955 0.076259683781429263 0.14755694166523611 10.12284394139424
decision_type=10 10 8 8 2 2 2 10 10 2 2 8 10 2 8 10 10 10 2 2 2 2 10 2 8 2 10 2 10 2
left_child=1 -1 4 -4 5 -3 7 -2 9 -5 13 12 -12 15 21 19 17 -17 -19 20 -10 24 23 -23 -15 26 -25 28 -18 -11
right_child=6 2 3 8 -6 -7 -8 -9 10 29 11 -13 -14 14 -16 16 27 18 -20 -21 -22 22 -24 25 -26 -27 -28 -29 -30 -31
leaf_value=-0.0010455209750895842 0.00046756520921047715 0.011745048970264018 -0.00049531905631984932 0.00021055597940057929 -0.00069158462847656926 -0.00037628865537616058 0.0020811092539754742 -0.0018952687350980869 4.8826621475560619e-05 0.0027035222761112019 0.0016463317668594061 0.0015470455215319955 -0.001061375127882464 -0.00092653886732001569 -0.00050425344977720558 0.0014540543065191963 -0.0010084090482121726 0.00019605878137969924 0.0051443384773373867 -0.00084505133186021345 0.0014286109582518475 -0.00058508253022685212 -0.00076855151084791054 0.0029317887849985595 0.0012614222244091073 0.00092162929438163147 0.00064514304586868584 -0.00081181012845857401 0.00176038208670911 0.00093055676304745543
leaf_weight=4961 5929 44 3376 1184 5827 134 45 351 247 106 117 62 129 406 3260 867 53 84 73 912 73 88 121 87 78 53 59 663 54 174
leaf_count=4961 5929 44 3376 1184 5827 134 45 351 247 106 117 62 129 406 3260 867 53 84 73 912 73 88 121 87 78 53 59 663 54 174
internal_value=-0.000290398 -0.000489676 -0.000320915 -6.9604e-05 -0.000836664 0.00271508 0.000443407 0.000391657 0.000237962 0.0013843 1.36229e-05 0.00283495 0.00126316 -0.000107815 -0.000579341 0.000539147 0.00128022 0.00244683 0.00651266 -0.000540147 0.00186916 0.00103471 0.00280196 0.00451042 -0.000457733 0.006765 0.00885714 -0.000272374 0.00397222 0.0041637
internal_weight=29617 23292 18331 12326 6005 178 6325 6280 8950 1464 7486 308 246 7178 4152 3026 1794 1024 157 1232 320 892 408 287 484 199 146 770 107 280
internal_count=29617 23292 18331 12326 6005 178 6325 6280 8950 1464 7486 308 246 7178 4152 3026 1794 1024 157 1232 320 892 408 287 484 199 146 770 107 280
is_linear=0
shrinkage=0.03


Tree=97
num_leaves=31
num_cat=0
split_feature=20 15 3 9 17 20 8 14 13 14 8 3 16 8 13 14 15 14 11 3 8 20 11 7 4 15 4 7 15 14
split_gain=3.80221 2.9775 2.50842 2.34631 3.95909 3.07856 3.02169 4.38446 3.88872 2.81277 5.43181 2.60742 2.70877 2.34233 2.32256 4.85289 4.75593 4.69986 3.74827 3.66833 3.43731 3.32197 2.94902 2.65227 2.46212 2.29638 2.08787 3.11202 2.47275 2.03739
threshold=0.9208449158509685 3.6505739029280164 0.44777324829393889 0.046109105025071422 1.016278417560202 0.71640298676133563 14.219794975599038 0.64617256261511691 0.01129393379519412 0.66848789117026997 1.6417530514685563 0.11369758380940388 0.065050994763142023 1.0000000180025095e-35 0.048860308255914454 0.071430394981582129 3.1132683346437333 0.047145811774646711 9.3531411668500457 0.18459001007598397 1.0975003263422065 0.69048055279275522 10.252541026562854 0.1343200014634057 1038.2399012470325 3.2384861814448418 580.55820484373055 0.22736567675670441 2.3502401828962087 0.11839883261112197
decision_type=2 8 2 10 10 2 10 2 2 2 10 2 8 10 2 2 8 2 2 2 10 2 2 10 10 10 10 10 10 2
left_child=1 2 3 5 6 26 7 14 9 -9 -11 12 -6 -3 15 16 18 22 19 -5 -16 23 25 24 -17 -18 27 28 -1 -13
right_child=-2 13 -4 4 11 -7 -8 8 -10 10 -12 29 -14 -15 20 21 17 -19 -20 -21 -22 -23 -24 -25 -26 -27 -28 -29 -30 -31
leaf_value=0.0070872951225955964 -0.00090476101108671555 0.003991151901961686 0.00086604795976103106 -0.0010293654176859515 0.0045244242539292543 -0.0010444710154702199 -0.00089007906601333965 0.00046680853753811225 0.00020055505812726127 0.0072599008134033175 0.0008845537823118962 -2.0911804477943066e-05 -0.0001890064999500992 -0.00057470907895179927 0.0020660643763060946 -0.00019538838412623373 0.00063267332545780257 0.0031158957082636366 -0.0008084109575045873 0.0048264161387672287 0.00022028288936522947 -0.00085114901321668029 0.0013987597986879991 1.0767238988437344e-05 0.0021457175660022985 -0.0017197012442274724 -0.00020332784785795615 0.0004593784985867122 0.00012641002163948413 0.0026217034660418162
leaf_weight=55 5149 99 780 41 46 2414 2214 75 221 51 51 162 620 3955 156 41 45 53 262 63 3016 2364 58 1349 64 92 4831 722 45 566
leaf_count=55 5149 99 780 41 46 2414 2214 75 221 51 51 162 620 3955 156 41 45 53 262 63 3016 2364 58 1349 64 92 4831 722 45 566
internal_value=-0.000318601 -0.000162901 -1.56914e-05 -8.18688e-05 0.000191197 -0.00047484 -1.35076e-05 0.000257903 0.00332331 0.00662359 0.00984466 0.00169032 0.000332833 -0.000905549 9.70407e-05 -0.000346493 0.00212683 0.0053253 -4.9047e-05 0.00474286 0.000716671 -0.000744698 0.00313775 0.000383504 0.00495283 0.000717391 -9.17941e-05 0.00130498 0.00623762 0.00293004
internal_weight=29660 24511 20457 19677 11610 8067 10216 8002 398 177 102 1394 666 4054 7604 4432 614 248 366 104 3172 3818 195 1454 105 137 5653 822 100 728
internal_count=29660 24511 20457 19677 11610 8067 10216 8002 398 177 102 1394 666 4054 7604 4432 614 248 366 104 3172 3818 195 1454 105 137 5653 822 100 728
is_linear=0
shrinkage=0.03


Tree=98
num_leaves=31
num_cat=0
split_feature=12 11 9 14 19 11 20 9 17 14 14 2 1 16 1 13 1 12 11 9 14 14 14 13 7 4 16 11 1 16
split_gain=3.34254 2.5136 2.22103 4.90608 5.41347 5.77681 2.56382 4.66519 3.18288 2.64389 2.78535 2.79694 7.72202 2.48445 2.83803 2.36225 2.21549 1.99906 1.91786 3.37198 2.73743 2.30242 7.72343 5.99496 4.88472 5.19727 2.07593 2.98391 3.97915 2.75111
threshold=-0.04271284533457375 9.4387898212890189 0.27130284224907136 0.25650469701685369 7.5000000000000009 10.37023588709531 0.75217368838087129 0.0065764796462273482 0.16010661142533658 0.0085772510192080719 0.48378809972364439 6.5923385966179957 0.16428133306072382 -0.0820776103524294 0.11982905982905985 0.0066064971524219399 0.11451990632318505 0.55160230659063914 9.1429711801750333 0.22210056573571405 0.3177464907872744 0.18455293740530895 0.14778185421371198 0.06177972604844479 0.27301903031553959 804.03818953395023 -1.0000000180025095e-35 7.3427789798660452 0.17669683257918559 0.37956675316759941
decision_type=2 2 10 2 2 2 2 8 10 2 2 8 10 8 10 2 8 2 2 10 2 2 2 2 10 10 8 2 8 10
left_child=-1 18 6 -4 -5 -6 13 8 -8 15 16 12 -12 14 -3 -9 -11 -15 26 21 -21 22 -20 24 25 -24 27 -2 -29 -28
right_child=1 2 3 4 5 -7 7 9 -10 10 11 -13 -14 17 -16 -17 -18 -19 19 20 -22 -23 23 -25 -26 -27 29 28 -30 -31
leaf_value=-0.0024282834335632364 -0.001443645690846218 0.0031688739022514819 -0.0013042191143461483 -0.00069876423978290972 0.0036267908564597533 0.001941671957273707 0.00010370669504471494 0.0033129330648877533 0.0022326324435815339 -0.0011701208603303872 0.0020566989919160675 -0.00015490180369379154 -0.0015418497636392663 -0.00016642543487641078 0.013697740937435721 -2.8786427741452157e-05 -0.0002660012323599404 0.0029698447720391237 6.3448827169855512e-05 0.00069900594013578698 0.0029494637711899988 -9.292963452047035e-05 0.0020784182043927179 -0.0032557321282733979 0.0017878340854821058 0.010761124942873217 -0.00042221219762680244 0.0011811153839684496 0.0084446031952078848 0.00068189284116099765
leaf_weight=1303 146 206 125 76 51 60 51 40 45 3858 72 1711 85 10302 41 46 2468 68 641 48 60 1217 42 43 61 58 4560 401 81 1562
leaf_count=1303 146 206 125 76 51 60 51 40 45 3858 72 1711 85 10302 41 46 2468 68 641 48 60 1217 42 43 61 58 4560 401 81 1562
internal_value=-0.000293407 -0.000224793 -0.000417229 0.00208946 0.00515425 0.00934821 -0.000458514 -0.000850902 0.00569072 -0.000927425 -0.000982551 3.53123e-05 0.00385443 -0.000148899 0.00281855 0.00427586 -0.00128307 -0.000219845 0.000191682 0.000967295 0.00611009 0.000695104 0.00189716 0.00696585 0.00961111 0.0136634 -5.77699e-05 0.00158347 0.0027205 -0.00022636
internal_weight=29528 28225 19305 312 187 111 18993 8376 96 8280 8194 1868 157 10617 247 86 6326 10370 8920 2170 108 2062 845 204 161 100 6750 628 482 6122
internal_count=29528 28225 19305 312 187 111 18993 8376 96 8280 8194 1868 157 10617 247 86 6326 10370 8920 2170 108 2062 845 204 161 100 6750 628 482 6122
is_linear=0
shrinkage=0.03


Tree=99
num_leaves=31
num_cat=0
split_feature=12 16 4 9 10 15 13 9 3 12 7 6 6 8 8 13 4 8 3 15 17 6 10 7 12 8 11 11 15 5
split_gain=3.84585 2.50717 2.77337 4.03133 2.73234 2.67692 2.26001 2.0673 2.59583 2.55679 2.46138 1.57768 1.56119 2.27699 1.49615 5.17543 3.08318 1.94506 1.52948 1.88258 2.00855 2.3602 1.46345 1.42953 2.45913 2.18594 1.41879 3.26259 2.43779 1.38069
threshold=-0.019047422477144412 -0.056459560924418652 1410.3311153247944 0.014004052855108985 0.4761004726816031 3.2384861814448418 0.044565179699377448 0.021632692478267219 0.33478251026873529 0.11549939415590151 -0.022568914934840419 4.6554719032332796 1.0558279405926398 14.934267760433713 1.1217200748231078 0.1082127772149107 1652.8882539928197 1.0406965685039824 0.28766659260012595 3.3842466058243152 0.10658761748738112 1.1670214669554151 0.94534641719573431 0.20782918787439195 0.18027666046065163 1.3075595956890897 9.2711531936631015 8.014831632406624 2.524928003624769 0.89396494708994723
decision_type=2 8 8 8 8 10 2 10 2 2 10 2 2 8 8 2 10 10 2 8 10 2 10 8 2 10 2 2 10 10
left_child=-1 2 26 -4 7 6 -5 8 -3 -10 -9 14 13 -8 15 17 -17 -6 19 20 -19 22 -22 24 -13 -26 27 -2 -29 -16
right_child=1 4 3 5 11 -7 12 10 9 -11 -12 23 -14 -15 29 16 -18 18 -20 -21 21 -23 -24 -25 25 -27 -28 28 -30 -31
leaf_value=-0.0019421577245751164 -0.0036734100541222356 -0.00023499823368680484 0.0093564763787025128 6.9564163715842424e-05 -0.00078967374946677354 -0.0014762743602050837 0.00031433446162438709 0.0023755595278118617 0.011351200033344704 0.00060763111089895253 -0.00076900018228636346 -0.0001313566796748021 0.0044317714963446175 0.011396545526657333 -0.00011765931636517716 0.0029899142931455276 -0.00050820039790133666 -0.00019388024143603632 -0.0001941284273083428 -0.00066998773051940564 0.0030558488822466337 0.0016197091130964768 0.0013389582863764244 -0.00023882584509175232 -0.00026189409741130248 0.0033303349222915568 -0.00069076163207494839 0.0030438018952535029 -0.0005582775234864272 -0.0013362105552615761
leaf_weight=1818 146 1374 61 115 349 99 79 49 56 151 4605 176 44 40 17784 111 43 120 511 152 56 119 60 284 55 179 318 76 46 532
leaf_count=1818 146 1374 61 115 349 99 79 49 56 151 4605 176 44 40 17784 111 43 120 511 152 56 119 60 284 55 179 318 76 46 532
internal_value=-0.00032605 -0.000238567 0.00121756 0.0030205 -0.000294318 0.00184921 0.00335484 -0.000844292 9.29196e-05 0.00321635 -0.00116262 -0.000127265 0.00561585 0.003775 -0.00017648 0.000727332 0.00592258 0.000138157 0.000800784 0.00196653 0.00316011 0.00476695 0.00779487 0.0012777 0.00240876 0.00441702 -0.00013288 0.00147212 0.00507317 -0.00025157
internal_weight=29608 27790 1024 438 26766 377 278 6235 1581 207 4654 20531 163 119 19837 1521 154 1367 1018 507 355 235 116 694 410 234 586 268 122 18316
internal_count=29608 27790 1024 438 26766 377 278 6235 1581 207 4654 20531 163 119 19837 1521 154 1367 1018 507 355 235 116 694 410 234 586 268 122 18316
is_linear=0
shrinkage=0.03


Tree=100
num_leaves=31
num_cat=0
split_feature=0 9 11 11 3 9 17 11 17 9 7 8 16 3 13 3 11 8 16 8 4 5 9 10 0 4 1 1 11 0
split_gain=3.92711 2.70824 3.61223 2.40115 2.43265 2.63844 2.24535 4.47978 2.22869 2.21845 2.07366 3.12945 2.92487 3.02052 2.8282 4.22671 3.46433 2.00431 1.98362 1.93626 2.31662 2.43726 2.16577 2.56874 1.87726 2.17634 2.07493 2.90641 2.79586 1.84951
threshold=1.1330204190095139 0.16454424296092293 11.418059671882833 4.923617305492666 0.12240184461817616 0.046109105025071422 2.5113171736250868 10.524829875154747 0.40743292039396489 0.0038039563718680882 0.34949895289900063 1.757522915100844 0.033065924552385037 0.45538144103667294 0.17511705426587393 0.23932119971451407 9.6369470793051697 1.9823317515558383 0.31545539486290658 2.0113967541909861 742.45383821011239 0.19661393084687526 0.053382288406882729 0.98474222804014755 1.2128135938062292 1242.7289581854357 0.11982905982905985 0.2215007215007215 9.321747568549986 1.8737584575377431
decision_type=10 8 2 2 2 10 8 2 8 8 10 10 8 2 2 2 2 10 10 8 10 10 10 10 10 10 10 10 2 10
left_child=1 -1 -3 -2 29 6 -6 9 10 -8 11 18 14 17 15 16 -13 -14 -7 20 -10 24 23 -21 -22 -26 28 -28 -27 -5
right_child=3 2 -4 4 5 8 7 -9 19 -11 -12 12 13 -15 -16 -17 -18 -19 -20 22 21 -23 -24 -25 25 26 27 -29 -30 -31
leaf_value=-0.00094868897654438219 0.013573079420540896 -5.4629366173117803e-05 0.0039021802810048161 -0.00065337161370272083 -0.00035104499833684126 -0.0002120670673054953 0.0028874273134852379 0.011877772330039234 -0.00035956268268258468 -0.00025772369912144478 -0.0026700428200402714 0.0038192025389956722 0.0014486128687873447 0.0037975239269866356 -0.0037540920708985254 -0.00096746946793537989 0.0075184797050899714 -6.9610036821610561e-06 0.0007713442783087301 0.0074245938215809961 4.2470734940780182e-05 -0.00058077505021890755 -8.4239333267427141e-05 0.0009755244361924672 0.00072277434420362939 0.0050136354251617025 0.0038197553095454012 0.00047237785538218214 0.00076071886365369019 -3.9838351267596704e-06
leaf_weight=6164 41 1687 43 4763 4579 3200 133 40 224 367 223 88 118 61 41 71 64 992 255 53 243 130 1152 165 407 62 67 53 425 3823
leaf_count=6164 41 1687 43 4763 4579 3200 133 40 224 367 223 88 118 61 41 71 64 992 255 53 243 130 1152 165 407 62 67 53 425 3823
internal_value=-0.000302069 -0.000875492 0.00017331 -9.47766e-05 -0.000108579 0.000146889 -0.000386134 0.00144177 0.000484002 0.000658682 0.000103832 0.00023308 0.00141017 0.000765358 0.0042566 0.00558482 0.00839216 0.00040504 -0.000256077 0.00113581 0.00184057 0.00229755 0.000306345 0.0030411 0.00270191 0.00326896 0.00440625 0.00793388 0.00352254 -0.000501689
internal_weight=29734 7894 1730 21840 21799 13213 5119 540 8094 500 5113 4890 1435 1171 264 223 152 1110 3455 2981 1611 1387 1370 218 1257 1014 607 120 487 8586
internal_count=29734 7894 1730 21840 21799 13213 5119 540 8094 500 5113 4890 1435 1171 264 223 152 1110 3455 2981 1611 1387 1370 218 1257 1014 607 120 487 8586
is_linear=0
shrinkage=0.03


Tree=101
num_leaves=31
num_cat=0
split_feature=0 13 8 16 0 15 4 15 11 6 12 14 14 14 8 13 17 12 0 1 15 1 4 4 11 8 13 14 17 14
split_gain=3.72895 2.60058 4.33346 3.47597 2.81173 3.15882 3.47517 2.65291 3.94496 3.96322 2.71871 2.54911 3.16976 2.09209 2.7612 3.3559 6.06625 2.4699 2.18904 2.63038 3.8314 2.87866 3.25103 3.72321 2.80969 3.48062 2.03777 2.66915 2.27842 2.10662
threshold=1.7771220671274015 0.049463911496686781 1.092036495123496 0.2209972785889299 0.88831806007614622 2.249904835165133 347.99041384294941 3.1567740231385479 10.669362283155836 -0.59369971665623844 0.21406790122444 0.20244526921368247 0.15136138758427234 0.6401078916798818 3.5450718635531042 0.0062676283184450159 0.53264596302075062 0.68314819420586403 1.0317166669062801 0.13079116179615116 2.524928003624769 0.28474903474903479 687.42832310536335 878.00390345381732 10.303102246404025 1.0852351034540757 0.07787709757575087 0.41987701996457805 0.16656306371656085 0.45916942315593406
decision_type=10 2 10 10 8 10 10 10 2 2 2 2 2 2 8 2 8 2 10 8 10 10 10 10 2 10 2 2 10 2
left_child=1 3 4 -1 -3 6 -6 8 10 -10 -4 12 -12 17 15 16 -15 18 -5 -20 -21 22 -22 -24 -25 -26 -7 28 -28 -29
right_child=-2 2 7 13 5 26 -8 -9 9 -11 11 -13 -14 14 -16 -17 -18 -19 19 20 21 -23 23 24 25 -27 27 29 -30 -31
leaf_value=-0.0008358873737807081 0.0002223605305532716 -0.0028674252980566087 -0.0001776245671262375 -0.0018838579965836698 0.0024317237387802746 -0.00043985510742436916 0.0023663850300932824 -0.00048858842274726816 0.0096187758797271587 0.00062305736883220295 0.00072999473301334043 7.9215413979065214e-05 0.0083224803671101792 0.0068035364493955874 -0.00087645756418911825 0.00020266277681494667 0.00037717974516824314 0.0075824598076594252 -0.00028093643127857765 -0.00040595007603330327 -0.0010384072848267135 -0.0011667638814174769 0.0026066585791728754 0.00029027145442563312 -0.00029726580436811634 0.0012761877944591235 0.00041119211775001178 -0.0014524034751406002 0.0017940426940764444 0.001657288446382072
leaf_weight=8377 7756 113 3964 784 105 153 68 3415 69 343 80 184 54 59 179 200 85 42 2386 387 54 64 66 133 40 77 47 96 40 233
leaf_count=8377 7756 113 3964 784 105 153 68 3415 69 343 80 184 54 59 179 200 85 42 2386 387 54 64 66 133 40 77 47 96 40 233
internal_value=-0.000277501 -0.000477716 -8.49979e-05 -0.000749885 0.00194509 0.00261642 0.00615517 -0.000299261 0.000163578 0.00296368 -0.000106468 0.00255799 0.00568889 -8.295e-05 0.00170038 0.00326956 0.00674483 -0.000314577 -0.000391534 -4.39533e-05 0.00141971 0.00335172 0.00436658 0.00552681 0.0038247 0.00719491 0.00153158 0.0026187 0.00726136 0.00137273
internal_weight=29653 21897 8964 12933 855 742 173 8109 4694 412 4282 318 134 4556 523 344 144 4033 3991 3207 821 434 370 316 250 117 569 416 87 329
internal_count=29653 21897 8964 12933 855 742 173 8109 4694 412 4282 318 134 4556 523 344 144 4033 3991 3207 821 434 370 316 250 117 569 416 87 329
is_linear=0
shrinkage=0.03


Tree=102
num_leaves=31
num_cat=0
split_feature=12 15 14 20 14 2 12 16 17 20 9 14 15 13 13 13 20 1 17 9 16 12 13 2 1 11 7 13 6 14
split_gain=2.8458 2.61129 2.75614 2.61101 3.96367 2.4698 4.88105 2.23607 3.66606 2.10681 3.92479 2.22938 4.03928 8.9137 2.63076 1.87535 2.65392 3.30767 2.7151 2.23423 2.1724 2.52844 2.06942 3.63065 3.14853 6.93163 5.45659 5.32174 2.55513 2.14348
threshold=-0.019047422477144412 3.3842466058243152 0.59597129831402107 0.035496574383884323 0.84007426042915634 5.2663577519871456 0.043743695664376421 -0.056459560924418652 -0.044985215116507112 0.34307282568542236 0.030232996120123035 0.064510087291076601 4.1026092131977068 0.086243080277888837 0.0094775683688361218 0.050064604467123554 0.59949604487441477 0.23354978354978354 2.351729683416766 0.25221708539234083 0.16741229773951175 0.33381169300942531 0.092121429239957045 5.6782608891448199 0.1038074712643678 9.7612036823583352 0.072123628569388545 0.17244956145921225 3.8845208215154394 0.051081968121981729
decision_type=2 10 2 2 2 8 2 8 10 2 10 2 10 2 2 2 2 8 10 8 8 2 2 10 8 2 10 2 2 2
left_child=-1 2 15 -4 7 6 -3 8 -5 10 -7 12 14 -14 -11 16 17 -2 19 -19 21 22 28 24 29 26 -26 -28 -17 -24
right_child=1 5 3 4 -6 9 -8 -9 -10 11 -12 -13 13 -15 -16 20 -18 18 -20 -21 -22 -23 23 -25 25 -27 27 -29 -30 -31
leaf_value=-0.0017058407350012521 0.00027707837347057726 0.0037210863105360818 -0.0030090804505044917 -0.0017304191868077457 0.0013808974934360063 -0.00058869685592329425 -0.00015304181555708991 0.00041610903168908127 0.0081539324911444697 0.00064495853419857649 0.0033126064593556148 -0.00071991391080693788 -0.00097749889662700489 0.0022293332377909085 -0.00087876977132681216 -0.00013672790203167628 -0.00055145512173145918 -0.0028008797826800935 0.0018165565983907911 0.0066182005071110757 -0.00024143533302895589 0.0053594757769683367 0.0021319530491188464 -0.0030386238046542437 0.0056074777454546013 0.00053712396233999884 0.0011836171024732457 0.0094562591165560199 0.0028961233675692177 0.00014545074810466777
leaf_weight=1823 5179 51 216 40 42 146 170 1727 44 183 64 4345 58 40 411 1838 7326 898 154 43 2629 66 40 226 44 548 127 40 60 960
leaf_count=1823 5179 51 216 40 42 146 170 1727 44 183 64 4345 58 40 411 1838 7326 898 154 43 2629 66 40 226 44 548 127 40 60 960
internal_value=-0.00030448 -0.00022893 -8.45476e-05 0.00095797 0.00132201 -0.000816238 0.00228378 0.00110762 0.00585882 -0.000947219 0.00199052 -0.00107007 0.000510822 0.00612121 -0.00042353 -0.000191487 -0.000392619 6.02383e-05 -0.00143704 -0.0020414 0.000224349 0.000669113 0.000569258 0.00124622 0.00170625 0.00316184 0.00776887 0.00523214 -0.000139021 0.0005994
internal_weight=29538 27715 22247 2069 1853 5468 221 1811 84 5247 210 5037 692 98 594 20178 13600 6274 1095 941 6578 3949 3883 1985 1759 759 211 167 1898 1000
internal_count=29538 27715 22247 2069 1853 5468 221 1811 84 5247 210 5037 692 98 594 20178 13600 6274 1095 941 6578 3949 3883 1985 1759 759 211 167 1898 1000
is_linear=0
shrinkage=0.03


Tree=103
num_leaves=31
num_cat=0
split_feature=0 7 9 11 17 9 8 0 15 13 3 8 9 15 14 3 14 4 1 15 15 0 17 4 14 11 11 11 1 15
split_gain=3.88807 2.6775 3.85765 3.30613 3.70088 2.98667 2.77898 3.24621 2.74389 2.98465 2.94972 2.90713 2.61336 3.53198 2.33002 2.30267 3.95933 3.87271 2.27803 2.19398 2.077 2.35377 1.91765 2.38355 2.34355 3.20937 2.518 2.12362 1.88115 1.94578
threshold=1.138764382546323 0.086366101893792999 0.13873673128881892 10.223285833227822 1.0906491078269227 0.046109105025071422 14.387127795924034 1.7771220671274015 3.1132683346437333 0.12174336257938738 0.19485745113966416 1.1566433086171686 0.15834782876056028 4.2696729980286863 0.180032785398999 0.10385120108505828 0.31514976034788916 1894.0408044814292 0.034683239775461068 3.3497501700808394 3.1132683346437333 2.3699704807785436 1.8052738438756337 453.19519115270322 0.21165658788964961 10.176886860000506 9.8257151819964985 9.7421737784676719 0.091431556948798356 2.249904835165133
decision_type=10 10 10 2 8 10 10 10 10 2 2 10 8 10 2 2 2 8 8 10 10 10 10 10 2 2 2 2 8 8
left_child=12 3 5 4 8 -3 7 -7 9 -2 -10 -11 18 19 -13 20 17 22 -1 28 -9 -22 23 -17 25 26 -25 -26 -14 -30
right_child=1 2 -4 -5 -6 6 -8 15 10 11 -12 14 13 -15 -16 16 -18 -19 -20 -21 21 -23 -24 24 27 -27 -28 -29 29 -31
leaf_value=-0.0002933621946247005 6.9369369946173148e-05 -0.00026033475818526477 -0.00071104234390650305 -0.00011943125993948494 0.012148261057706212 0.00015001637811693324 -0.0003766483224724816 -0.000494751895412213 0.00080346100667053695 0.004369040807006932 0.0025185889914746801 0.0038357527252891122 -0.0013618981594897799 0.0039489849385005403 -0.0023530063041788795 -0.0011580044883465334 0.00040293348285883485 0.00024172560357934509 -0.0012076111410397408 -0.0012731785849686916 0.00031479910994724808 0.0024098687617859229 0.0021548877929747673 0.0047624264565920196 -0.0010193382382280261 0.0031654515080443203 0.004243462896060343 0.0019471175895637853 0.0015333119664066846 0.0003755877865316029
leaf_weight=2740 745 8655 2663 983 57 4842 1775 454 81 49 49 51 287 48 46 41 421 181 3473 443 75 43 97 127 46 49 43 42 126 943
leaf_count=2740 745 8655 2663 983 57 4842 1775 454 81 49 49 51 287 48 46 41 421 181 3473 443 75 43 97 127 46 49 43 42 126 943
internal_value=-0.000293672 -8.39663e-05 -0.000192381 0.000944228 0.00209082 -2.50422e-05 0.000383877 0.000672701 0.00167025 0.00107287 0.00572519 0.00497959 -0.000855974 0.00013474 0.00192857 0.00183518 0.0026708 0.00418182 -0.00115047 -8.16674e-05 0.000303664 0.00383193 0.00568386 0.00672206 0.00762662 0.00928636 0.0112281 0.0034382 0.000517317 0.00109626
internal_weight=29675 21615 19554 2061 1078 16891 8236 6461 1021 891 130 146 8060 1847 97 1619 1047 626 6213 1799 572 118 445 348 307 219 170 88 1356 1069
internal_count=29675 21615 19554 2061 1078 16891 8236 6461 1021 891 130 146 8060 1847 97 1619 1047 626 6213 1799 572 118 445 348 307 219 170 88 1356 1069
is_linear=0
shrinkage=0.03


Tree=104
num_leaves=31
num_cat=0
split_feature=0 15 0 3 9 7 11 4 12 7 8 9 11 9 16 3 15 12 9 4 4 7 11 11 3 2 12 11 3 4
split_gain=3.40198 2.41858 2.21437 2.57223 2.94255 2.01525 2.15029 1.88786 2.83145 1.86138 2.66932 1.93242 2.31233 2.12853 2.44594 1.82989 1.85946 3.10027 1.76479 1.76348 2.6068 1.80881 1.71191 3.34323 1.64759 1.62036 2.92485 1.52006 1.51734 1.51272
threshold=2.1758322155458596 3.3842466058243152 1.1415079197709883 0.11012507413063923 0.14755694166523611 0.15557299315193249 9.8257151819964985 1491.7401164870021 0.033457544715402861 0.29836536949199766 47.951637421464277 0.0077047515488007966 10.379209176752907 0.0025046752417442089 0.16407363941193256 0.50541988633251311 3.1984648276080736 0.22635654556146359 0.077981871193902694 1228.2646693017907 1596.1284488682152 0.17362167968207126 10.891857056098685 10.945917420116595 0.1693399213984392 5.798025059063515 0.043743695664376421 6.7411100271291398 0.15452277621120772 2908.3972588979045
decision_type=10 8 8 2 10 8 2 10 2 10 10 10 2 8 10 2 10 2 10 10 10 10 2 2 2 8 2 2 2 10
left_child=1 2 3 4 19 27 15 8 -6 10 18 12 13 -11 -15 16 -7 -18 -2 -1 21 -21 -5 -24 -12 26 -3 -4 29 -27
right_child=9 25 5 22 7 6 -8 -9 -10 11 24 -13 -14 14 -16 -17 17 -19 -20 20 -22 -23 23 -25 -26 28 -28 -29 -30 -31
leaf_value=-0.00097724663256790016 0.00086374483700307184 0.0021010020076322063 0.0070133623758261796 -0.00069134467963157171 -0.002198899401284116 -6.8173133485077605e-05 -0.00071733092966358035 0.0027391069727396751 0.0019036268072305041 -0.0009830081371434529 -0.0015514719813081797 -0.00043564600717491445 0.01495742745519126 2.8486018905154814e-06 0.0026549606841253419 0.0021262063033368351 0.0013294063300678738 -0.00033653072567238121 0.0019377260078422851 0.002326964380820566 -0.00069716624430504032 -0.00205867304941155 0.0020534144189598307 -0.00050185607542874654 0.0012963243102922322 -0.001084673887424312 -0.00023334502331604314 0.00015042677886599313 -0.00030504571427105229 0.0017453950481193499
leaf_weight=475 1948 73 48 4440 98 4068 2930 70 61 204 573 1812 51 98 72 68 40 40 408 89 195 45 41 57 55 3131 201 4975 3035 65
leaf_count=475 1948 73 48 4440 98 4068 2930 70 61 204 573 1812 51 98 72 68 40 40 408 89 195 45 41 57 55 3131 201 4975 3035 65
internal_value=-0.000344725 -0.000494309 -0.000312835 -0.000808149 0.000542552 -8.60319e-05 -0.000409683 0.00353478 0.00170625 0.000349865 0.0008402 -0.00030429 0.00151408 0.000687999 0.00315789 2.41871e-05 -5.63998e-05 0.00444444 0.00130335 -0.000313044 0.00137273 0.00457778 -0.00111566 0.00278788 -0.000896662 -0.000989088 0.00126545 0.000374402 -0.00108842 -0.00154457
internal_weight=29466 24245 17740 5571 1033 12169 7146 229 159 5221 2984 2237 425 374 170 4216 4148 80 2356 804 329 134 4538 98 628 6505 274 5023 6231 3196
internal_count=29466 24245 17740 5571 1033 12169 7146 229 159 5221 2984 2237 425 374 170 4216 4148 80 2356 804 329 134 4538 98 628 6505 274 5023 6231 3196
is_linear=0
shrinkage=0.03


Tree=105
num_leaves=31
num_cat=0
split_feature=0 11 3 11 11 9 9 8 9 14 11 19 14 14 13 14 14 11 9 13 7 1 14 17 12 14 0 8 7 17
split_gain=3.92307 2.61878 2.21396 2.02417 1.96359 4.71593 2.14227 4.44722 4.28957 3.17307 4.0922 3.45256 1.91429 2.04538 3.10516 2.61311 2.18389 5.86839 9.39944 2.45734 1.73916 2.14156 2.06393 3.83819 3.7344 2.95084 2.53504 2.43239 2.30855 2.72521
threshold=1.0907588779338628 9.4387898212890189 0.44393429317066602 9.7970709176457476 9.6481435859132478 0.18795351227521997 0.14562432612480156 1.1427172375743808 0.046914819859710064 0.26209131748968711 10.436216536581403 8.5000000000000018 0.84007426042915634 0.18308201311881486 0.16232032438130048 0.25848541304703304 0.1545874249843526 9.1613601842398698 0.035385739991003161 0.08911287351794088 0.30498730852503547 0.49318685062169992 0.058582606790845371 0.40743292039396489 0.20932959709088197 0.041102501197822737 1.3252198242618103 14.934267760433713 0.25833588470730801 0.34911995493019105
decision_type=10 2 2 2 2 10 10 10 8 2 2 2 2 2 2 2 2 2 10 2 10 8 2 10 2 2 10 10 10 10
left_child=-1 12 4 -4 5 -3 8 9 -6 -8 11 -11 13 14 16 -15 -2 19 -19 -18 21 22 23 -10 25 -25 -24 28 -28 -30
right_child=1 2 3 -5 6 -7 7 -9 20 10 -12 -13 -14 15 -16 -17 17 18 -20 -21 -22 -23 26 24 -26 -27 27 -29 29 -31
leaf_value=-0.00079423639501677843 0.00022379952136078167 -0.0010807473587204108 0.001640177236063429 0.0002655023239197314 -0.000437031499399193 0.0037943213968821745 -0.00020871704281090594 -0.00084430650606356428 3.0284543119754709e-05 0.0003970795423232152 7.016317256050641e-05 0.0031540210815273763 0.0013217488758199046 -0.0010464064579194636 0.0036350667452210916 0.00029489639381991928 0.00016043930702255984 -4.4859074013253627e-05 0.0079336097274620102 0.015030575004979859 -0.00072283414404890789 0.0013872072416679948 -0.00022422147645764244 0.00073096907415373755 -2.7260811895580724e-05 0.0031536126024803088 0.00049676948421272513 -0.00097273305780131878 0.001336385887759314 0.00043742519676070145
leaf_weight=6201 2440 1521 93 371 5776 61 177 2550 291 45 92 51 43 1221 46 2352 439 64 58 45 449 48 2078 97 70 56 2379 323 107 98
leaf_count=6201 2440 1521 93 371 5776 61 177 2550 291 45 92 51 43 1221 46 2352 439 64 58 45 449 48 2078 97 70 56 2379 323 107 98
internal_value=-0.000301792 -0.000124265 -0.000325028 0.00171613 -0.000383344 -0.00138724 -0.000275123 -0.00100309 -9.47939e-05 0.00209016 0.00479365 0.00909278 0.000376508 0.000335283 0.000900096 -0.00015361 0.000781752 0.00239209 0.0082439 0.000903092 0.000467233 0.000612652 0.000556908 0.00236505 0.00531696 0.00792857 0.000370035 0.000941884 0.00124874 0.00429612
internal_weight=29642 23441 16733 464 16269 1582 14687 2915 11772 365 188 96 6708 6665 3092 3573 3046 606 122 484 5996 5547 5499 514 223 153 4985 2907 2584 205
internal_count=29642 23441 16733 464 16269 1582 14687 2915 11772 365 188 96 6708 6665 3092 3573 3046 606 122 484 5996 5547 5499 514 223 153 4985 2907 2584 205
is_linear=0
shrinkage=0.03


Tree=106
num_leaves=31
num_cat=0
split_feature=0 7 4 11 9 9 4 4 15 16 0 15 12 11 15 8 7 8 2 17 8 12 17 1 9 11 16 7 11 11
split_gain=3.16955 2.10013 3.58971 3.37691 3.16616 2.80822 2.77554 3.40939 3.66023 2.71941 2.583 2.35658 2.21089 2.00831 4.36519 1.9014 2.21784 3.62469 2.10543 2.20876 2.56313 2.45707 2.11408 2.75354 2.81663 2.2758 1.91005 2.51171 2.09049 1.84294
threshold=1.0907588779338628 0.081802939282435955 10054.386035047779 7.6520706332757618 0.13873673128881892 0.046109105025071422 437.79539773611265 347.99041384294941 1.4978661367769956 -0.2187637777417594 1.4482782527205618 4.135134555718313 0.37817125054753303 9.5980148268334435 3.0201273556387074 1.151740591041873 0.1160000151472 1.3517102321521943 3.9567861552827805 1.0379166167518183 14.219794975599038 0.32762909607793894 -0.025654687061283404 0.038627320954907181 0.10118547794852328 9.0498781478121213 0.054561772383026855 0.139434745927076 9.3057869050874213 8.5820441461687107
decision_type=10 10 8 2 8 10 8 10 10 8 10 10 2 2 10 10 10 10 8 10 10 2 8 8 10 2 10 10 2 2
left_child=-1 2 -2 -4 5 6 7 8 12 -8 -11 -12 -3 14 -6 -7 17 -17 -18 20 21 22 23 -20 -25 -24 27 -27 -29 -21
right_child=1 4 3 -5 13 15 9 -9 -10 10 11 -13 -14 -15 -16 16 18 -19 19 29 -22 -23 25 24 -26 26 -28 28 -30 -31
leaf_value=-0.00077682725943969326 0.00020590330584755053 0.011109657853227269 0.0010916294589897954 0.002663121580162243 -0.00014118523215805908 -0.00087960360911093971 0.0064848686798103846 0.0025481560463925176 -0.00056943654198170332 -0.00092842238180734825 -0.00022128970681335294 0.0011823909732251467 -0.00055668723267979464 -0.00089728791250332949 0.0038425232219553951 0.00039054613708307875 0.0018784867967279052 0.0014428481631761313 -0.00040138918239629391 0.0025274860815402713 -0.00085274120061514923 0.0013055743580262884 -0.0010401394850477119 0.0018512054852002718 -0.0015452797612185299 0.00063390627138879072 0.00028736035392023108 0.0047012526819338258 -0.0013636863005778098 0.00091279999196727574
leaf_weight=6222 2234 65 42 44 574 465 57 242 506 2574 5518 75 44 2488 42 391 51 96 247 162 1439 473 676 295 75 64 2842 43 609 1048
leaf_count=6222 2234 65 42 44 574 465 57 242 506 2574 5518 75 44 2488 42 391 51 96 247 162 1439 473 676 295 75 64 2842 43 609 1048
internal_value=-0.000305313 -0.000145772 0.0007109 0.00668965 -0.000239723 -8.75519e-05 -0.000459481 0.00116433 -2.43514e-05 -0.000628815 -0.000674707 -0.000312657 0.00493636 -0.00112464 0.000408427 0.000288737 0.000390859 0.00235451 0.000271401 0.000232129 2.08449e-05 0.000324506 0.000123041 0.00176214 0.00339623 -0.000116175 0.000187131 -0.00119665 -0.00175498 0.00141206
internal_weight=29703 23481 2320 86 21161 18057 9081 857 615 8224 8167 5593 109 3104 616 8976 8511 487 8024 7973 6763 5324 4851 617 370 4234 3558 716 652 1210
internal_count=29703 23481 2320 86 21161 18057 9081 857 615 8224 8167 5593 109 3104 616 8976 8511 487 8024 7973 6763 5324 4851 617 370 4234 3558 716 652 1210
is_linear=0
shrinkage=0.03


Tree=107
num_leaves=31
num_cat=0
split_feature=0 13 4 3 4 3 8 15 1 4 17 8 9 11 4 5 17 11 11 9 17 4 9 12 10 8 17 4 6 8
split_gain=3.27382 2.15779 3.58368 3.64519 6.74065 2.5518 4.88841 4.49289 3.16623 4.20416 2.89128 2.29153 3.10347 3.45687 2.59968 2.70386 2.28781 2.03526 2.33735 1.97249 1.95742 1.91072 1.86941 3.75888 2.05608 1.98618 2.6834 2.01216 1.95368 2.47585
threshold=1.3294958930104757 0.049463911496686781 1652.8882539928197 0.04883231271839264 1307.3073861111686 0.36505840131639272 1.6500575030328839 1.4978661367769956 0.10557275541795665 640.44203058914684 1.2467163084516091 1.092036495123496 0.0052366209641751468 9.1429711801750333 1377.8358675729814 0.98518437225636546 0.17321075896904542 10.681664978062582 10.788648748734458 0.15834782876056028 0.88450691636266909 1024.5642091107663 0.046109105025071422 0.095471879744685864 0.54286283878469077 2.9789762408156055 1.016278417560202 1747.1538678300137 1.3486892708607052 14.404878011166522
decision_type=10 2 10 2 8 2 8 8 10 10 8 10 10 2 10 8 10 2 2 8 10 8 10 2 10 10 10 8 2 10
left_child=1 5 3 4 -3 -1 17 -8 10 -10 -9 14 13 -13 -5 -16 -17 20 -19 22 -7 -22 23 -2 -24 -26 27 -27 -25 -30
right_child=19 2 -4 11 -6 6 7 8 9 -11 -12 12 -14 -15 15 16 -18 18 -20 -21 21 -23 24 28 25 26 -28 -29 29 -31
leaf_value=-0.00083565960619017942 0.0047248291838046077 0.00039606891614462237 -0.00069209231884259084 0.00020127472879135765 0.011614960178015594 -0.00090723617251699739 0.0070432539382520847 -0.00025662282598808947 -0.00015003654238173082 0.007268189813518869 0.0054282213522541733 0.00011982889937292309 -0.00013727416075621436 0.001906215369696408 -0.00020770650074361177 0.00062924471454207812 0.0032754317453578823 0.0012940253205989147 8.3899255473773502e-05 -0.00064804196259550669 -0.00056401962667956709 0.0019917178230637635 -0.00040670858014596044 -0.00052988360036112343 0.00064113683317448388 0.00013804256813524789 0.0013307853622548521 -0.001231821720626415 -0.00014729543418081457 0.0012341319135398951
leaf_weight=5766 48 117 2026 471 46 1752 65 305 45 48 53 61 3209 40 57 70 42 51 185 1605 68 41 845 4390 2813 1260 722 680 1694 1066
leaf_count=5766 48 117 2026 471 46 1752 65 305 45 48 53 61 3209 40 57 70 42 51 185 1605 68 41 845 4390 2813 1260 722 680 1694 1066
internal_value=-0.000295629 -0.000617399 -0.000190066 0.000318667 0.00470122 -0.00093043 -0.00015264 0.00246035 0.00138717 0.00628723 0.000100278 0.000136674 -0.000181215 0.00497059 0.00177847 0.00495882 0.00764602 -0.000796474 0.00182278 1.32894e-05 -0.00112943 0.00275454 0.00013137 -0.000199195 0.00050783 0.000720416 0.000132932 -0.000448223 -0.000255909 0.000369431
internal_weight=29641 14518 6139 4113 163 8379 2613 516 451 93 358 3950 3310 101 640 169 112 2097 236 15123 1861 109 13518 7198 6320 5475 2662 1940 7150 2760
internal_count=29641 14518 6139 4113 163 8379 2613 516 451 93 358 3950 3310 101 640 169 112 2097 236 15123 1861 109 13518 7198 6320 5475 2662 1940 7150 2760
is_linear=0
shrinkage=0.03


Tree=108
num_leaves=31
num_cat=0
split_feature=0 14 9 11 0 14 14 3 12 8 5 13 12 15 13 0 11 12 9 11 3 9 14 3 9 14 17 3 12 13
split_gain=3.06352 3.3453 2.60687 1.97568 1.90305 2.23944 7.4038 1.81577 1.77516 2.35863 2.028 1.79271 2.46105 1.75739 2.2735 2.59015 4.09362 1.89265 2.78242 1.91818 1.80597 1.72291 1.93287 3.38484 5.23896 6.48115 3.65327 2.46013 2.185 2.09974
threshold=1.130384713791692 0.84007426042915634 0.24819894757536004 4.923617305492666 0.88831806007614622 0.25284066456771392 0.3996427406642224 0.12240184461817616 0.21556413236371877 1.2363096600484551 0.99926686217008809 0.21386658633885489 0.09654138698218874 2.740319461670996 0.20953158541749128 0.98284064312657604 8.2224192840079287 0.47705161484395925 0.015887273738522004 10.579755578206015 0.44777324829393889 0.046109105025071422 0.082102018850611205 0.28444518744855013 0.071432053784994967 0.03226662648250448 0.10658761748738112 0.22994204366331022 0.092735859887828745 0.041806246821104738
decision_type=10 2 8 2 8 2 2 2 2 10 10 2 2 8 2 10 2 2 10 2 2 10 2 2 10 2 10 2 2 2
left_child=2 3 13 -2 -4 -6 -7 8 9 -5 11 -11 -13 17 15 -15 -17 19 -19 -1 -18 -9 23 24 26 27 -23 28 -26 -24
right_child=1 -3 4 7 5 6 -8 21 -10 10 -12 12 -14 14 -16 16 20 18 -20 -21 -22 22 29 -25 25 -27 -28 -29 -30 -31
leaf_value=-0.00047224671962166353 0.012944077930177107 0.0011841595390529114 -0.0037000669184242153 0.00071422017601602782 -0.00080810990198376675 0.002660151450803944 0.00019926924534640475 -0.0001716601981828309 7.0503697083764266e-06 -0.00091036112712130312 0.0018332673797274192 0.000980843790896424 -0.001586578536331111 -0.0031011843359694505 0.0031078044714844084 0.0020699194582447589 -0.00091693359963580042 -0.0013853483084892023 0.0049575983924741215 0.0034913769409091488 0.00046978590042357453 0.0041391713557756846 -0.00013364965262831885 -2.7656700510335805e-05 0.0023959043758599139 0.0031786311265017027 -0.0014240302875432004 0.00080077861452509068 -0.00095234278031398997 0.00031422524511908796
leaf_weight=2772 41 42 112 504 210 92 321 5197 3473 4524 48 42 86 1277 48 67 2422 44 62 40 233 40 3924 508 40 133 150 42 99 3171
leaf_count=2772 41 42 112 504 210 92 321 5197 3473 4524 48 42 86 1277 48 67 2422 44 62 40 233 40 3924 508 40 133 150 42 99 3171
internal_value=-0.000306804 -0.000126989 -0.000821972 -0.000143305 0.000876358 0.00152404 0.00280435 -0.000155719 -0.000493317 -0.000843805 -0.00105297 -0.0011167 0.00237209 -0.00100129 -0.00140588 -0.00148425 -0.000960706 -0.000439877 0.00347663 -0.000588696 -0.00114646 6.44863e-05 0.000337814 0.00156367 0.00330297 0.00567619 -0.000628273 0.00196154 2.14279e-05 0.000162767
internal_weight=29764 22064 7700 22022 735 623 413 21981 8677 5204 4700 4652 128 6965 4047 3999 2722 2918 106 2812 2655 13304 8107 1012 504 314 190 181 139 7095
internal_count=29764 22064 7700 22022 735 623 413 21981 8677 5204 4700 4652 128 6965 4047 3999 2722 2918 106 2812 2655 13304 8107 1012 504 314 190 181 139 7095
is_linear=0
shrinkage=0.03


Tree=109
num_leaves=31
num_cat=0
split_feature=12 10 15 2 5 14 9 14 4 16 3 16 9 17 16 9 8 13 4 15 15 8 14 9 9 16 4 17 13 17
split_gain=2.96344 1.84795 2.87745 3.23026 3.55535 3.11355 2.59976 2.79775 2.77523 3.61656 2.90446 2.49444 2.49028 2.30801 2.89927 3.58071 3.38786 2.25649 2.25378 2.40161 5.5365 4.35838 2.40508 2.28282 3.01195 2.1414 3.39184 2.38108 2.9382 2.69578
threshold=-0.019047422477144412 1.4031398518382996 3.4498615536424366 5.2663577519871456 0.87529527559055131 0.60019321080588428 0.22210056573571405 0.23577008017354692 2340.7452137468604 -0.0820776103524294 0.13464576841288842 -0.062736713487384202 0.073532391474593742 0.45962785369140857 0.16741229773951175 0.01952656677684261 153.17016939429368 0.030799212316964 1324.1520298525545 2.3502401828962087 2.740319461670996 1.26876309538337 0.68027517933753268 0.10658420804438849 0.015887273738522004 0.1658132072331937 607.49709889580993 0.40743292039396489 0.0043971760140966805 1.2467163084516091
decision_type=2 8 8 8 8 2 10 2 10 8 2 8 8 10 10 10 10 2 10 10 10 10 2 10 10 10 8 10 2 10
left_child=-1 2 5 4 -4 -2 7 8 9 10 -3 -7 13 -11 15 17 -16 -15 -13 -20 21 -21 23 24 -22 -9 27 -27 29 -29
right_child=1 6 3 -5 -6 11 -8 25 -10 12 -12 18 -14 14 16 -17 -18 -19 19 20 22 -23 -24 -25 -26 26 -28 28 -30 -31
leaf_value=-0.0016635551884103528 -0.00019678239338473253 0.0003561875410982542 -0.00074195216971220494 -0.00073773435237469483 0.0025313020938167357 0.0067838939035257803 0.0018599115661476577 -0.00067114302405629799 -0.00067126307695225583 -0.00033988444946102882 0.0080407800420352823 -6.6969073571027826e-05 0.00074586877378172566 0.0024789291547541053 -0.00038281657284783732 0.00075255238616733354 0.0019665576879093049 0.0042156920978906904 -0.0005775237631125813 0.0047748171636407041 -0.00046828720065642947 0.001283039820932988 -0.0027888348856063691 -0.0012622324172608384 0.0016832469108433331 3.4132343226282991e-05 -0.00015339780410611719 0.00377553720430459 0.00013925941547516645 0.00099919199940847869
leaf_weight=1820 13392 75 79 4327 69 57 143 1829 919 1431 69 487 1355 88 648 213 66 82 145 49 42 75 96 46 73 107 1765 41 52 42
leaf_count=1820 13392 75 79 4327 69 57 143 1829 919 1431 69 487 1355 88 648 213 66 82 145 49 42 75 96 46 73 107 1765 41 52 42
internal_value=-0.000326652 -0.00025001 -0.000417732 -0.00108244 0.00326174 -0.00021199 0.00010587 4.03044e-05 0.000511825 0.00085129 0.00550345 0.00134454 0.000677394 0.000120996 0.00115574 0.00325781 2.51741e-05 0.00649123 0.000997041 0.00235674 0.00360471 0.008784 0.00108139 0.00331481 0.00556034 -0.000567632 0.000109063 0.0034321 0.00606618 0.00953571
internal_weight=29682 27862 18937 4475 148 14462 8925 8782 4946 4027 144 1070 3883 2528 1097 383 714 170 1013 526 381 124 257 161 115 3836 2007 242 135 83
internal_count=29682 27862 18937 4475 148 14462 8925 8782 4946 4027 144 1070 3883 2528 1097 383 714 170 1013 526 381 124 257 161 115 3836 2007 242 135 83
is_linear=0
shrinkage=0.03


Tree=110
num_leaves=31
num_cat=0
split_feature=0 14 9 13 12 11 13 0 3 0 15 6 3 12 5 5 0 8 14 13 13 16 14 16 15 11 11 14 15 13
split_gain=3.95889 2.27831 2.23356 2.84224 2.40645 2.30723 3.4312 5.5336 6.01113 3.39798 3.14037 2.61205 2.07548 2.96611 2.26802 2.26301 1.77263 1.86953 2.17929 1.70563 1.99906 1.72114 6.83828 1.65823 1.77572 3.25422 2.95751 6.40556 3.79933 3.24044
threshold=1.138764382546323 0.84007426042915634 0.14755694166523611 0.053408682226209744 0.37389381129193483 9.3954497051092307 0.14477400136323518 0.93509066872954083 0.14702745781778173 0.88831806007614622 2.9700856263602158 0.41436722261926345 0.123315006362833 0.21556413236371877 0.85053191489361712 0.99926686217008809 4.1180246264091247 1.2394935572274739 0.093447789867875428 0.13633287937209046 0.0062676283184450159 0.022209434588247305 0.14977650506690496 0.78165754193712667 2.602003343538398 9.1429711801750333 9.2711531936631015 0.32706580164614985 2.0126758453675748 0.11086894837422966
decision_type=10 2 8 2 2 2 2 10 2 10 8 2 2 2 10 10 10 10 2 2 2 8 2 8 8 2 2 2 10 2
left_child=2 12 -1 4 -4 9 -7 -8 -9 -5 11 -11 13 15 23 16 17 18 -2 20 21 22 -15 24 25 -14 27 28 -27 -28
right_child=1 -3 3 5 -6 6 7 8 -10 10 -12 -13 14 19 -16 -17 -18 -19 -20 -21 -22 -23 -24 -25 -26 26 29 -29 -30 -31
leaf_value=-0.00078807855831321424 0.0026748740228161672 0.0011453349506581258 -0.0010799629389099828 -0.0021682979512708546 0.0072687883953233088 -0.0003794798576823821 -0.00049754235261859959 0.0066478696564593355 0.00056791961181316031 0.0006210372246623759 0.00028912633166443632 0.0020274774024476392 8.032098582546525e-06 0.011933780337222245 -0.0010080022810770822 0.0020298124703536776 0.012565952074276404 -0.00089016921036935259 5.2318632449522294e-05 0.0071813169134488687 -0.0010436986951847509 0.00012663921391004859 -0.00041869036498128612 -0.00068914888036704293 2.7647841485976106e-05 -0.00074640068349130732 0.0002943214278279121 -0.00086833584645227874 0.0035445109599635096 0.0016580939785934869
leaf_weight=6032 49 42 852 84 40 645 100 40 52 66 80 78 2117 58 463 49 51 4545 460 73 770 2469 152 911 7543 43 1384 110 153 242
leaf_count=6032 49 42 852 84 40 645 100 40 52 66 80 78 2117 58 463 49 51 4545 460 73 770 2469 152 911 7543 43 1384 110 153 242
internal_value=-0.000272536 -6.14257e-05 -0.000839778 1.91357e-05 -0.00124972 0.00100785 0.000189737 0.00369948 0.00896774 0.0032233 0.00514667 0.00777931 -7.51289e-05 -0.000434252 0.000165188 -0.000892726 -0.00095476 -0.00101128 0.000711764 0.000236729 0.000139999 0.000527238 0.00312796 0.000241602 0.000338479 0.000845184 0.00173513 0.00443648 0.00767513 0.00122434
internal_weight=29753 21684 8069 2037 892 1145 837 192 92 308 224 144 21642 8676 12966 5154 5105 5054 509 3522 3449 2679 210 12503 11592 4049 1932 306 196 1626
internal_count=29753 21684 8069 2037 892 1145 837 192 92 308 224 144 21642 8676 12966 5154 5105 5054 509 3522 3449 2679 210 12503 11592 4049 1932 306 196 1626
is_linear=0
shrinkage=0.03


Tree=111
num_leaves=31
num_cat=0
split_feature=0 3 1 14 14 14 0 5 14 0 13 4 7 9 9 15 16 4 14 15 4 4 0 4 9 15 16 2 4 4
split_gain=2.68157 2.11139 2.33699 3.3894 4.81763 2.17072 2.02546 1.80512 2.42223 1.78144 2.22774 3.71705 2.87786 4.05681 2.0924 2.47388 2.03205 1.99988 3.46842 1.96971 3.38596 3.15046 1.85107 1.97593 1.81673 1.6795 1.63713 1.6484 1.5696 3.27334
threshold=1.0705231011257799 0.44777324829393889 0.15444245676803822 0.18174998340314583 0.029850602482496151 0.8101995766065343 7.2265881862505212 0.99614229648569907 0.056909114681247798 2.9150347373933299 0.089730378936847641 3980.2089535742903 0.043241137431346922 0.18795351227521997 0.21886606844298201 2.4414009612931857 0.015090386678562922 1316.6569646311116 0.18455293740530895 3.1132683346437333 1466.9677814788326 1907.561849032734 1.3546071422080606 789.50299527630489 0.035385739991003161 4.0163424379838117 0.22273022688721925 6.5923385966179957 421.6800181607619 335.98191182792806
decision_type=10 2 8 2 2 2 10 8 2 10 2 10 10 8 10 10 8 10 2 10 10 10 10 8 10 10 10 8 8 10
left_child=-1 5 -3 4 -4 7 -7 8 -2 10 26 12 13 -12 15 -13 17 -11 -19 -18 24 -22 23 -14 -21 -24 27 -9 29 -29
right_child=1 2 3 -5 -6 6 -8 9 -10 16 11 14 22 -15 -16 -17 19 18 -20 20 21 -23 25 -25 -26 -27 -28 28 -30 -31
leaf_value=-0.00077410045391439859 0.0011202397138624866 0.00028973274921019189 7.320177739008402e-05 -0.001411674038079063 0.0065070423600632043 0.0025658020450268154 -0.00059527351704058277 0.0012211597123840013 -0.00093441855404344243 0.0020381581547259334 -0.00033408539689780387 0.0011428753142932366 0.00037144246097534165 0.0027471973877193894 -0.00039192866322600395 0.01287816385802309 -6.6366636313692753e-06 0.011098071550320773 0.00029430439085094217 -0.00086616645414640215 0.0031715724955983173 0.00062806262775926241 0.00029776209531276037 -0.00056999731716726764 0.0029510922419145264 0.0013604589294384651 2.2640939919704282e-06 -0.00049173950733411703 -0.00048702863862522792 0.0013075466343297987
leaf_weight=5382 77 732 55 53 61 72 40 56 1557 114 67 61 223 81 40 43 2626 56 56 134 62 93 1558 1537 40 53 4860 350 9231 212
leaf_count=5382 77 732 55 53 61 72 40 56 1557 114 67 61 223 81 40 43 2626 56 56 134 62 93 1558 1537 40 53 4860 350 9231 212
internal_value=-0.000298348 -0.00016363 0.00126053 0.00442941 0.00728205 -0.000218756 0.0039292 -0.000238961 -0.0012 -0.000166049 -0.000279541 0.000382368 0.000188352 0.00426846 0.00508965 0.00731429 0.000489314 0.00322467 0.0060531 0.000279093 0.00246364 0.00567308 8.0064e-06 -0.000664396 -0.000411429 0.000742555 -0.000444392 -0.000666701 -0.000696243 0.000841918
internal_weight=29582 24200 901 169 116 23299 112 23187 1634 21553 18372 3663 3519 148 144 104 3181 226 112 2955 329 155 3371 1760 174 1611 14709 9849 9793 562
internal_count=29582 24200 901 169 116 23299 112 23187 1634 21553 18372 3663 3519 148 144 104 3181 226 112 2955 329 155 3371 1760 174 1611 14709 9849 9793 562
is_linear=0
shrinkage=0.03


Tree=112
num_leaves=31
num_cat=0
split_feature=0 13 8 14 15 11 6 12 15 6 11 15 11 17 15 11 9 13 15 0 15 17 8 0 15 6 14 16 7 16
split_gain=3.78613 2.05706 3.32871 2.61716 2.29049 3.62964 5.18332 2.13606 2.05313 1.9914 2.28569 2.98419 3.44289 2.3911 2.27236 1.95147 1.93351 2.04238 2.62283 5.60598 1.86679 3.00649 2.31913 1.86057 2.21208 2.74139 1.80407 2.41978 2.53322 3.01994
threshold=1.6981568131664204 0.047357574945620123 1.092036495123496 0.61034220030491604 3.3140206880897671 10.067920898144088 0.11412537922537917 0.13431755131288362 3.3842466058243152 1.3052120279511079 10.645960468036765 2.9700856263602158 10.750706838178237 0.20165163960709373 2.740319461670996 10.703401758144585 0.16454424296092293 0.083434893207314773 2.0126758453675748 3.1607787203759732 1.2424533248940004 5.9592302853142547 153.17016939429368 0.88831806007614622 2.249904835165133 0.12614452229215575 0.20965762429898446 0.094145851807637279 0.1485703043545743 0.27834184757470365
decision_type=10 2 10 2 8 2 2 2 10 2 2 10 2 10 8 2 8 2 10 10 10 8 10 8 10 2 2 10 10 10
left_child=1 3 23 7 5 -5 -7 -1 9 10 -4 12 14 -14 -12 -8 17 -2 19 -19 -9 22 -22 -3 25 -25 27 -20 29 -29
right_child=16 2 8 4 -6 6 15 20 -10 -11 11 -13 13 -15 -16 -17 -18 18 26 -21 21 -23 -24 24 -26 -27 -28 28 -30 -31
leaf_value=-0.00097074162499617505 8.5427958912908341e-05 -0.0024894122562586817 -0.00037800168329789015 2.7777746671871964e-05 -0.0010858673783566163 0.0081080992059283166 0.002058318909298289 -0.0014793942704818175 -0.0004916435449145056 0.00029903977181837415 0.012411996293423067 -0.00043686916343354116 -0.00037020456620982253 0.0015192436355896642 0.0069888574043672769 -0.00021912325260355509 -0.00065840348493442335 0.014124952079936241 0.0028614157175463665 -0.00060580123890836303 -0.00027266634006299135 0.0033146837414332157 0.0019717983967032864 0.0033530308000259859 0.0004127077216101184 0.0013951575028874046 -0.00031719566299036686 0.0016032313358920515 -0.00074559824040132687 -0.0014137078210592964
leaf_weight=5214 7040 107 3453 717 376 79 70 885 2417 1680 41 359 109 54 43 130 622 54 104 64 4546 66 60 82 574 113 263 88 237 42
leaf_count=5214 7040 107 3453 717 376 79 70 885 2417 1680 41 359 109 54 43 130 622 54 104 64 4546 66 60 82 574 113 263 88 237 42
internal_value=-0.000331324 -0.000546138 -0.000203255 -0.000801137 0.000432629 0.00118556 0.00408214 -0.000958319 -0.000392057 -8.31018e-05 -0.000442612 0.00125535 0.00378629 0.00122561 0.00868235 0.00149254 0.000202935 0.000329912 0.00171629 0.00584874 -0.000548939 -0.000309438 -0.000401129 0.00155302 0.00206883 0.00482143 0.0010449 0.00215466 0.00100272 0.00435114
internal_weight=29689 21175 9032 12143 1372 996 279 10771 8156 5739 4059 606 247 163 84 200 8514 7892 852 118 5557 4672 4606 876 769 195 734 471 367 130
internal_count=29689 21175 9032 12143 1372 996 279 10771 8156 5739 4059 606 247 163 84 200 8514 7892 852 118 5557 4672 4606 876 769 195 734 471 367 130
is_linear=0
shrinkage=0.03


Tree=113
num_leaves=31
num_cat=0
split_feature=20 8 10 15 14 16 9 14 13 16 11 9 17 3 14 14 1 20 1 9 14 7 15 7 15 9 8 9 3 14
split_gain=2.65427 2.17406 2.11844 3.16098 3.3493 4.59818 2.98455 3.44299 2.32871 5.42525 5.37935 2.14569 2.78811 3.19724 2.32151 2.15395 2.11142 1.98521 3.64723 2.25085 2.57225 2.51053 2.12108 2.95266 4.64357 4.68731 1.82301 1.78693 2.79663 2.87374
threshold=0.9208449158509685 188.65722488378449 1.1395246464032267 3.4498615536424366 0.59597129831402107 -0.038127211504394194 0.081074892167686721 0.060220462704673579 1.0000000180025095e-35 0.18704096763667841 9.987415011414571 0.20411679526159612 -0.066084723403324538 0.10932776564183717 0.6147028676811831 0.26872700912277842 0.34833164812942369 0.19262501975256582 0.026491228070175402 0.01952656677684261 0.15136138758427234 0.31977550473824473 4.0689902272260703 0.19881210567520449 4.1971736807086968 0.028631309495873069 1.9130644606099367 0.0200726730997281 0.10109300025391894 0.14778185421371198
decision_type=2 10 8 8 2 8 8 2 2 8 2 8 8 2 2 2 8 2 8 10 2 10 8 10 10 10 10 8 2 2
left_child=1 2 3 4 -1 -6 17 8 9 10 -8 14 -13 -14 -9 -15 26 18 19 20 -4 -21 -19 24 25 -24 -16 -2 29 -29
right_child=27 -3 6 -5 5 -7 7 11 -10 -11 -12 12 13 15 16 -17 -18 22 -20 21 -22 -23 23 -25 -26 -27 -28 28 -30 -31
leaf_value=-0.00012284991133518959 0.00020522301069209254 -0.0010479335766003309 0.0043949331364565875 -0.00062607490790034161 0.0084144944103696304 0.00050191045242496668 0.0010687805202633479 -4.0718977960779075e-05 2.2511913450270181e-05 0.0004523985856954004 0.0020961149864952011 -0.0013499182012105756 0.003669173512188977 1.0017827197952402e-05 0.001332134620753989 0.0025642162946664464 0.0013889656523004192 -0.00024517199814130255 -0.0010279521742959828 0.0025508932493024626 0.0043825242889540235 -0.0005373311965892561 0.0059391030074946458 -0.0005091330611723242 -0.00030076419188233502 0.0011274120471402402 -2.8559650083346426e-05 0.0050204599593455098 -0.00098221883069684614 0.00010858462681302689
leaf_weight=8508 891 1209 76 3261 40 636 54 2155 121 157 46 81 71 147 144 90 72 6298 303 137 53 149 43 180 83 65 262 59 3790 494
leaf_count=8508 891 1209 76 3261 40 636 54 2155 121 157 46 81 71 147 144 90 72 6298 303 137 53 149 43 180 83 65 262 59 3790 494
internal_value=-0.000277498 -0.000146184 -8.16088e-05 -0.000348305 -6.33649e-05 0.0019675 0.000226084 0.000961481 0.00365699 0.00526744 0.0106931 0.000623221 0.0027 0.004 0.000315489 0.00230672 0.00220459 -0.00011248 0.00138526 0.00320913 0.00648461 0.00171429 -0.000273914 0.00192742 0.00451562 0.00858716 0.00135626 -0.000890545 -0.00114158 0.00085018
internal_weight=29675 24441 23232 12445 9184 676 10787 3400 378 257 100 3022 389 308 2633 237 478 7387 718 415 129 286 6669 371 191 108 406 5234 4343 553
internal_count=29675 24441 23232 12445 9184 676 10787 3400 378 257 100 3022 389 308 2633 237 478 7387 718 415 129 286 6669 371 191 108 406 5234 4343 553
is_linear=0
shrinkage=0.03


Tree=114
num_leaves=31
num_cat=0
split_feature=0 1 14 15 4 8 16 3 3 1 14 14 8 4 1 17 14 4 16 15 4 14 0 3 15 8 14 17 1 4
split_gain=3.00354 1.70172 1.51886 2.85701 3.55326 5.67725 1.89165 2.06475 1.44354 2.47715 2.19471 2.71163 1.40228 2.50779 1.85325 2.55211 2.27745 4.67726 4.84663 2.05454 1.67657 3.93972 1.76552 1.49906 1.91805 4.10097 3.6061 2.3268 2.2279 1.49873
threshold=1.100375400253927 0.39105447276361821 0.64617256261511691 2.8029010331479989 2144.6268813605457 1.4022686440939063 0.26642946186175614 0.41812770794745086 0.44777324829393889 0.15444245676803822 0.18174998340314583 0.048308477645043479 1.1961149005429206 10054.386035047779 0.12147562582345191 0.69322481428419114 0.26872700912277842 1575.2656398199204 0.13250767453842247 3.6242520361853052 421.6800181607619 0.027691951979766507 1.3294958930104757 0.21552246531516853 3.1567740231385479 1.2968814948950051 0.064510087291076601 0.31736751226398813 0.23476417594064661 365.42184983669341
decision_type=10 10 2 10 10 10 10 2 2 8 2 2 10 8 10 8 2 10 8 10 8 2 10 2 10 10 2 10 10 10
left_child=-1 2 8 4 6 -6 -4 -8 12 -10 11 -11 13 14 16 -16 17 19 -19 -2 21 -14 23 -22 28 27 -27 -26 -25 -23
right_child=1 -3 3 -5 5 -7 7 -9 9 10 -12 -13 20 -15 15 -17 -18 18 -20 -21 22 29 -24 24 25 26 -28 -29 -30 -31
leaf_value=-0.00065240698274363681 -0.00028055232938646032 -0.0011811597497609282 -0.00060588404892635526 -0.00046279581953169826 0.0059767673690629755 0.00074758370124249887 0.0011158573519668554 -0.0014340506652270114 0.00022625166929058128 0.00035603531161839064 -0.00021850696621033276 0.0073649360644796246 0.014570539649930922 0.0015541716359265053 0.00029354809747416278 0.0031871167109013662 -0.00051008756683219251 0.0046683882855041254 0.0003245522119613728 0.0013586068205059198 -0.00059648850967976112 -0.00010688272409912389 -0.00011057020626393911 -0.00049752894275161062 0.00028547348913690362 0.0012158848620353712 -0.00077863754363912687 0.0015021294814054997 0.0013933387453359852 0.0015840818131245969
leaf_weight=6583 371 612 212 442 43 74 275 50 551 53 43 43 45 64 776 48 944 53 53 54 3306 707 12701 805 47 43 252 42 50 253
leaf_count=6583 371 612 212 442 43 74 275 50 551 53 43 43 45 64 776 48 944 53 53 54 3306 707 12701 805 47 43 252 42 50 253
internal_value=-0.000324876 -0.000163213 -0.000120531 0.000968094 0.00222595 0.00694068 0.00118773 0.0026227 -0.000176579 0.00117221 0.00473571 0.00723711 -0.000221781 0.000465735 0.000301304 0.00144 -0.000335367 0.00123496 0.00684112 -0.000176057 -0.000310816 0.000879721 -0.000380241 -0.000887594 2.41864e-06 0.00176104 5.0675e-05 0.00736667 -0.000788552 0.000468262
internal_weight=29595 23012 22400 1096 654 117 537 325 21304 690 139 96 20614 2363 2299 824 1475 531 106 425 18251 1005 17246 4545 1239 384 295 89 855 960
internal_count=29595 23012 22400 1096 654 117 537 325 21304 690 139 96 20614 2363 2299 824 1475 531 106 425 18251 1005 17246 4545 1239 384 295 89 855 960
is_linear=0
shrinkage=0.03


Tree=115
num_leaves=31
num_cat=0
split_feature=6 10 14 2 4 16 14 1 8 8 11 19 8 20 17 12 12 17 4 6 16 19 4 8 8 16 5 14 4 11
split_gain=2.48425 1.93521 2.08608 3.30867 2.29353 2.71309 1.86674 2.52656 2.93007 5.23267 3.45101 1.83259 2.30255 3.11396 2.5502 1.8785 1.65128 1.6122 2.08123 3.09761 2.07257 1.60273 1.8715 1.71646 1.42958 1.28023 1.27058 1.37578 2.12658 1.88795
threshold=2.3903058497460674 1.1395246464032267 0.60019321080588428 4.2841995920891085 1402.4269560202492 -0.029395614596772927 0.18589582675654745 0.09699820788530468 2.8522979215321596 1.4676085010201485 9.6251945968358132 9.5000000000000018 1.1472902734678341 0.94039263576620802 0.13419721793732842 0.13200789742452648 0.14116154939525674 0.0041031052182419342 2908.3972588979045 -0.59369971665623844 0.081730939032740244 8.5000000000000018 978.12793074335161 1.1217200748231078 1.5199841539872188 0.088479596208228081 0.99614229648569907 0.10794157586932319 421.6800181607619 7.3427789798660452
decision_type=2 8 2 8 10 8 2 8 10 10 2 2 8 2 10 2 2 8 10 2 10 2 10 10 10 10 10 2 8 2
left_child=1 2 17 -4 -5 -6 7 24 9 -9 -11 -3 13 14 -13 -14 -17 18 26 -20 -21 -8 -23 -24 -2 -15 27 28 29 -1
right_child=6 11 3 4 5 -7 21 8 -10 10 -12 12 15 25 -16 16 -18 -19 19 20 -22 22 23 -25 -26 -27 -28 -29 -30 -31
leaf_value=-0.0018828747747197264 -0.00058073420387997807 -0.00015808469394003544 0.01077956833006051 -0.00034414402440872342 0.0082588664241312858 0.00069534406042634847 -0.00042383499946967553 0.00022789536910630524 -0.00044498644186613876 0.0059193770157708976 0.0035763100885295722 0.00044795299949169568 -0.00056928742608476364 0.0012929540379553698 0.002483246341212368 0.0025465448517298797 0.00045789290161255648 -0.00060605357374037526 0.012641777132254804 -0.00038078030487351272 0.005374389332877063 -0.0011007558627639338 0.0021124360767216608 0.00041718429580192703 0.00067427874048848037 -0.0012005353084075276 0.00095079749700289638 -0.00046854309439938114 -0.00014361883250622057 0.0033744114272657674
leaf_weight=52 364 7866 52 795 42 480 1560 167 119 74 40 45 770 49 78 66 1290 11237 48 119 56 205 50 531 823 73 54 2065 482 95
leaf_count=52 364 7866 52 795 42 480 1560 167 119 74 40 45 770 49 78 66 1290 11237 48 119 56 205 50 531 823 73 54 2065 482 95
internal_value=-0.000338544 -0.000445556 -0.000656118 0.000462043 0.00016616 0.00170937 0.000363751 0.00115806 0.00321696 0.00488298 0.00980869 -0.000125123 0.000605817 0.00335366 0.00670161 0.000287728 0.000959469 -0.000763883 -0.000142329 0.00263839 0.000767045 -0.00017384 0.000930114 0.00179897 0.00046212 -4.87812e-05 -0.000368862 -0.000460854 0.000766666 0.00391216
internal_weight=29747 25814 15577 1369 1317 522 3933 1587 400 281 114 10237 2371 245 123 2126 1356 14208 2971 223 175 2346 786 581 1187 122 2748 2694 629 147
internal_count=29747 25814 15577 1369 1317 522 3933 1587 400 281 114 10237 2371 245 123 2126 1356 14208 2971 223 175 2346 786 581 1187 122 2748 2694 629 147
is_linear=0
shrinkage=0.03


Tree=116
num_leaves=31
num_cat=0
split_feature=12 15 16 4 14 20 9 14 12 7 3 10 9 13 7 3 17 15 20 9 7 4 9 16 14 4 14 14 9 20
split_gain=2.91663 2.15392 2.6192 2.55389 3.19409 3.01214 2.84006 3.2443 2.25066 3.14641 2.0882 1.79564 1.86415 2.78158 2.23212 1.65303 1.50084 1.70202 1.79297 1.82818 1.77061 2.22512 1.8303 2.3658 3.32199 2.2294 1.52955 1.47991 1.71669 5.16702
threshold=-0.04271284533457375 3.3842466058243152 -0.010728363144549086 1410.3311153247944 0.51730103890624657 0.34307282568542236 0.17282509774396831 0.2391444357104717 0.33381169300942531 0.30498730852503547 0.102008097617089 2.1069658962082554 0.080302413646144669 0.074461342176922685 0.18942971757642321 0.15953744252567784 inf 4.6867395546766826 0.86900430771959791 0.070874147984448757 0.19663897282206047 2865.5275357689093 0.028631309495873069 0.085971136097424711 0.42876593534121193 1641.5274724183716 0.53530848686953214 0.70804664873221013 0.0094685824048441909 1.0000000180025095e-35
decision_type=2 8 8 10 2 2 10 2 2 10 2 8 8 2 10 2 8 8 2 8 10 10 10 10 2 10 2 2 10 2
left_child=-1 2 3 -2 5 -5 15 -8 -4 27 -6 16 -13 14 -14 -7 17 20 -19 -20 -3 22 -22 -24 25 -25 -26 28 -10 -30
right_child=1 11 8 4 10 6 7 -9 9 -11 -12 12 13 -15 -16 -17 -18 18 19 -21 21 -23 23 24 26 -27 -28 -29 29 -31
leaf_value=-0.0019448238567801026 3.4303785773782149e-05 -0.00059439779077352932 -0.00016151066555389695 0.0097034721021695084 0.0079176106636604064 -0.00089868012259652745 -0.0034626030178931916 0.0095714487525935393 -0.00058823126973464753 -0.0001047985167005912 0.0011260766083891899 -0.00032279822620281116 -0.00083144333502422816 0.0055900811213519521 0.0023688127470058544 0.0036413740414038805 -0.0038835420227008748 -0.00011743849886690351 0.0022951172823234669 0.00020770847764473913 -0.001679411479955422 0.0079391161353378602 -0.00086334878169054183 -6.0605221743268238e-05 0.0028349849819703887 0.0035803933959328094 0.001385803125246215 0.001874715002539317 0.0066554687894050243 0.0010212722950345263
leaf_weight=1357 902 3887 16294 76 50 303 40 62 245 2027 42 416 111 45 104 72 594 713 69 131 422 42 267 222 42 40 41 57 40 954
leaf_count=1357 902 3887 16294 76 50 303 40 62 245 2027 42 416 111 45 104 72 594 713 69 131 422 42 267 222 42 40 41 57 40 954
internal_value=-0.000314178 -0.000249021 -9.69532e-05 0.00109108 0.00253096 0.00166245 0.000771966 0.00518447 -0.000190693 0.000520757 0.00767742 -0.000699315 0.000771048 0.00275862 0.00131944 -0.000438831 -0.000853037 -0.000707505 0.000482494 0.00298507 -0.000926471 0.000150417 -0.000127537 0.000920065 0.0025578 0.000889733 0.00775 0.00167463 0.00145403 0.00200804
internal_weight=29667 28310 21164 1547 645 553 477 102 19617 3323 92 7146 676 260 215 375 6470 5876 913 200 4963 1076 1034 612 345 262 83 1296 1239 994
internal_count=29667 28310 21164 1547 645 553 477 102 19617 3323 92 7146 676 260 215 375 6470 5876 913 200 4963 1076 1034 612 345 262 83 1296 1239 994
is_linear=0
shrinkage=0.03


Tree=117
num_leaves=31
num_cat=0
split_feature=0 14 7 9 3 0 3 9 17 9 9 14 13 16 13 16 11 13 13 0 17 14 14 7 19 1 0 11 16 17
split_gain=3.6165 2.44733 2.19347 3.29966 3.52102 2.72037 2.40626 3.39453 2.44552 2.19461 2.09559 2.14084 4.08203 3.72292 2.02866 2.05642 1.99687 7.37735 1.9893 1.97831 1.91397 1.76828 1.76172 2.84726 2.02458 1.73567 3.96535 1.71064 1.71677 2.27467
threshold=0.98284064312657604 0.84007426042915634 0.044996701473583034 0.16910520303777629 0.11560085967260787 1.3213356815219448 0.36505840131639272 0.031872332606303906 1.016278417560202 0.13643438801823898 0.049323039161274458 0.078606099333730237 0.017736635269425698 0.078582519876950321 0.047357574945620123 0.31912430209104464 10.514407348995331 0.0072938339743271107 1.0000000180025095e-35 1.113403836748261 0.51749023245196768 0.03226662648250448 0.2492299096779412 0.031473668454844485 8.5000000000000018 0.15444245676803822 1.1819670605331789 10.408119029291234 0.18036710006792731 0.045382253189301079
decision_type=10 2 10 10 2 10 2 8 10 8 8 2 2 8 2 10 2 2 2 10 10 2 2 10 2 10 10 2 10 10
left_child=-1 2 3 -2 -5 6 10 8 -8 -7 21 12 13 -12 15 -13 25 -18 20 -16 -17 -4 -6 27 -25 -9 -27 28 29 -24
right_child=1 -3 5 4 22 9 7 16 -10 -11 11 14 -14 -15 19 18 17 -19 -20 -21 -22 -23 23 24 -26 26 -28 -29 -30 -31
leaf_value=-0.0015456325816690097 -2.9521369912749288e-06 0.0010161516551835856 0.0011310327906333332 0.0032825839025939592 -0.0015512720102805199 5.86280356286536e-05 0.0006659902789498131 -0.00073679775598740752 0.0043413118478407486 -0.00054581444867354552 0.0049569310039112267 -0.00089079192800456712 -0.00066946620658771239 0.00048596105283185015 -0.0009564866967812502 0.0067338315115831899 0.0022314358288872062 -0.00062730294661658822 -0.00026980085568136729 0.00011734500384946489 0.00053234946035385009 -0.000909405790721704 1.0418283695587976e-05 0.0011580172284784559 0.0031281054290117965 -0.00036808408537179651 0.0013462879111903847 -0.00067521637173491257 -0.0004406913381585231 0.0026984694711147932
leaf_weight=2780 1023 46 45 44 78 13350 337 833 76 1911 43 2264 200 185 956 50 48 84 232 2023 85 2452 42 47 42 290 83 86 42 50
leaf_count=2780 1023 46 45 44 78 13350 337 833 76 1911 43 2264 200 185 956 50 48 84 232 2023 85 2452 42 47 42 290 83 86 42 50
internal_value=-0.000307464 -0.000201531 -0.000213429 0.000919587 0.00311805 -0.000277948 -0.000655002 0.000357876 0.00273188 -2.37853e-05 -0.000862817 -0.000560358 0.00148252 0.00421834 -0.000716451 -0.00132333 -0.000376401 0.00311278 0.000758151 -0.000180202 0.00363971 -0.00159368 0.00218814 0.00320323 0.0077 -0.000760564 0.000938502 0.00135747 0.00346667 0.00574193
internal_weight=29827 27047 27001 1454 431 25547 10286 1751 413 15261 8535 6038 428 228 5610 2631 1338 132 367 2979 135 2497 387 309 89 1206 373 220 134 92
internal_count=29827 27047 27001 1454 431 25547 10286 1751 413 15261 8535 6038 428 228 5610 2631 1338 132 367 2979 135 2497 387 309 89 1206 373 220 134 92
is_linear=0
shrinkage=0.03


Tree=118
num_leaves=31
num_cat=0
split_feature=0 7 14 4 9 8 3 14 3 1 9 11 14 10 4 19 3 16 1 14 4 9 8 0 3 14 1 13 3 11
split_gain=2.55272 2.04333 2.75748 2.67016 2.57062 2.75825 2.90614 3.95654 3.2949 2.40699 2.30472 2.00891 1.96882 3.40858 4.24023 4.1817 2.24288 1.94875 3.54053 3.80359 3.63462 1.67246 3.06943 3.49326 2.32081 2.69806 2.79975 2.1566 2.51 3.06094
threshold=1.0621863334736437 0.076937505591728295 0.73530358453624522 10054.386035047779 0.056977889180953346 1.1672967175544635 0.27337302479533415 0.11434295253614531 0.16385467810118898 0.13608305274971946 0.23249971787573184 4.923617305492666 0.25284066456771392 0.68136099809987771 1652.8882539928197 7.5000000000000009 0.19485745113966416 -0.056459560924418652 0.13172353961827646 0.59597129831402107 3105.1268204207686 0.046109105025071422 14.387127795924034 1.6981568131664204 0.10849705157511756 0.35926237850089909 0.20112359550561801 0.051717538673785556 0.14890050116301526 10.262681818940665
decision_type=10 10 2 8 8 10 2 2 2 10 10 2 2 10 10 2 2 8 8 2 8 8 8 10 2 2 8 2 2 2
left_child=-1 2 3 4 -2 6 7 8 -6 -9 11 -3 -11 16 15 -15 -14 18 19 -13 -20 -19 23 27 -25 26 -26 28 -23 -30
right_child=1 10 -4 -5 5 -7 -8 9 -10 12 -12 17 13 14 -16 -17 -18 21 20 -21 -22 22 -24 24 25 -27 -28 -29 29 -31
leaf_value=-0.00072397635560396227 -0.00058198909295977886 0.012017513455231939 0.0028666635362354516 0.0020833218148036139 0.003613850833839095 -0.0010707787559872059 -0.00010260001414984265 -1.2531292374202391e-06 0.0013876948116129963 -0.00019152615883356148 -0.0012400521233840204 -0.00057651592288621351 -9.3799211287781285e-05 0.0018375602493348306 9.5439395070904518e-05 0.0037554328558539671 0.0024900767446931716 -0.0003584542878063872 0.00070839596291104171 0.0074425420071454838 0.012285712678188773 -0.00085456396730874853 -0.00057033397181433388 -8.2141067416080888e-06 0.0027206969754432447 0.00010685907551400942 -0.00077416382604527636 0.00022386295112422871 -0.00020481639685213787 0.00047733835731590739
leaf_weight=5086 448 41 55 76 43 391 614 401 65 117 595 561 133 41 69 53 43 8899 124 47 41 1603 2921 712 725 510 102 2212 2124 842
leaf_count=5086 448 41 55 76 43 391 614 401 65 117 595 561 133 41 69 53 43 8899 124 47 41 1603 2921 712 725 510 102 2212 2124 842
internal_value=-0.00028227 -0.000155797 0.000648235 0.0005002 0.000324927 0.000791476 0.00135 0.00237578 0.00776147 0.00168881 -0.000248731 -0.000197625 0.00317724 0.00433235 0.00744512 0.0115579 0.00142373 -0.000210466 0.00126744 0.000206896 0.0051506 -0.000265847 -3.08891e-05 0.000247989 0.00133317 0.00206951 0.00312681 -8.00656e-05 -0.000452298 6.47111e-05
internal_weight=29694 24608 2549 2494 2418 1970 1579 965 108 857 22059 21464 456 339 163 94 176 21423 773 608 165 20650 11751 8830 2049 1337 827 6781 4569 2966
internal_count=29694 24608 2549 2494 2418 1970 1579 965 108 857 22059 21464 456 339 163 94 176 21423 773 608 165 20650 11751 8830 2049 1337 827 6781 4569 2966
is_linear=0
shrinkage=0.03


Tree=119
num_leaves=31
num_cat=0
split_feature=0 11 7 12 8 13 11 1 17 14 14 14 9 9 7 17 15 7 17 6 13 4 4 15 4 15 1 14 4 14
split_gain=3.17348 2.65521 2.095 2.49828 2.37755 2.5418 2.43269 2.19216 2.18802 2.98673 2.92071 2.30542 2.04932 2.97754 2.09925 1.92838 1.92798 1.63001 2.19267 1.61745 1.71918 1.75107 1.90722 3.32494 1.69581 2.79513 1.65962 3.43735 1.58539 1.59921
threshold=1.0562487960703739 4.923617305492666 0.076937505591728295 0.20138393460977436 1.1540954149355942 0.092121429239957045 10.12284394139424 0.38516483516483518 0.42216462939595562 0.14251802762098129 0.034912825999758625 0.65212773017579095 0.0052366209641751468 0.043878594015436569 0.19979958833451586 -0.044985215116507112 2.0126758453675748 0.30498730852503547 0.34428813226445015 3.4251796252517295 1.0000000180025095e-35 421.6800181607619 6618.5212644870699 1.4978661367769956 237.70114823402255 2.4414009612931857 0.16015267175572526 0.17041219872740357 1849.8316342481955 0.41987701996457805
decision_type=10 2 10 2 10 2 2 10 8 2 2 2 10 10 10 10 10 10 8 2 2 8 10 10 10 10 8 2 8 2
left_child=-1 -2 4 7 5 8 -7 12 -3 10 -10 -11 14 -14 15 -4 -16 19 -19 20 21 24 -23 -24 -5 -26 -21 -28 29 -8
right_child=1 2 3 17 -6 6 28 -9 9 11 -12 -13 13 -15 16 -17 -18 18 -20 26 -22 22 23 -25 25 -27 27 -29 -30 -31
leaf_value=-0.00076267361771991673 0.012152688208125054 3.4230378537846059e-06 -7.6415307639548662e-05 -0.0012478160013321105 -0.00042830352896362924 0.0021234848998283639 0.0024160621206918489 -0.0016872805729701388 -0.0013823441823311825 -0.00097239251963963458 0.0023435588074877983 0.008297528183328233 -0.00083454441077576681 -0.00010735818504877819 0.0021969433131967544 0.0013615951209586183 -0.00095514174245065657 -0.0011900425951268142 -1.1740947138931775e-06 0.00049382893448005982 -0.00022100783001538222 0.00014990508576694992 0.00010100927124493276 0.0045616763111593524 0.0049504827507206514 0.0014396400093941962 0.0034785417829792994 8.3610193797305942e-05 -0.0006901157950921946 4.8251056236973285e-05
leaf_weight=4890 53 1226 40 43 649 160 78 431 40 128 78 40 3433 7716 99 91 154 876 2618 616 2480 3128 113 43 70 60 42 69 76 97
leaf_count=4890 53 1226 40 43 649 160 78 431 40 128 78 40 3433 7716 99 91 154 876 2618 616 2480 3128 113 43 70 60 42 69 76 97
internal_value=-0.000283117 -0.000145103 -0.000159628 -0.000253854 0.000650602 0.00118035 0.00326942 -0.000547598 0.000610706 0.00296864 0.00660504 0.000390532 -0.000468962 -0.000543229 0.00168312 0.00475 8.26765e-05 9.21343e-05 -0.000432619 0.000367291 0.000203603 0.000635916 0.000480365 0.00370701 0.00356896 0.00526717 0.00170192 0.0050625 0.00141667 0.00298295
internal_weight=29637 24747 24694 22122 2572 1923 411 11964 1512 286 118 168 11533 11149 384 131 253 10158 3494 6664 5937 3457 3284 156 173 130 727 111 251 175
internal_count=29637 24747 24694 22122 2572 1923 411 11964 1512 286 118 168 11533 11149 384 131 253 10158 3494 6664 5937 3457 3284 156 173 130 727 111 251 175
is_linear=0
shrinkage=0.03


Tree=120
num_leaves=31
num_cat=0
split_feature=12 16 17 10 8 4 9 10 3 11 4 9 4 0 10 11 11 6 3 16 19 8 12 9 4 8 3 8 7 10
split_gain=2.00907 2.31604 2.16854 2.1592 2.06427 2.59098 3.97258 2.84205 2.16975 2.02077 3.55016 1.90583 1.91919 1.94398 2.52825 1.86111 3.51911 1.84755 1.82881 2.28112 1.79901 2.20836 2.22792 3.984 2.1071 1.73198 2.56426 2.45469 2.35211 2.18175
threshold=-0.051371511695512233 -0.056459560924418652 -0.61382021478220106 0.5111665781888094 1.3728557252710794 1440.7195322802004 0.01553159293733313 1.0128777977808892 0.11729282061878168 9.2711531936631015 511.22615663951512 0.045245511374807666 437.79539773611265 1.3959264436517886 1.2674819707891813 6.6247287979039262 6.2499677885285188 0.26450980392156881 0.47450303699721869 0.35760206184779958 9.5000000000000018 41.286945606663984 0.47705161484395925 0.051594361951503388 7442.1150709420062 1.1472902734678341 0.1716978499600291 1.4138583643775455 0.09327039580092765 0.74384223774308988
decision_type=2 8 8 8 8 8 10 10 2 2 10 8 8 10 10 2 2 2 2 8 2 10 2 10 10 8 2 10 10 10
left_child=-1 2 -2 15 -4 8 -7 -8 -6 10 -10 12 -5 18 -15 16 -3 -16 -14 -20 21 22 -13 -24 25 26 29 -27 -29 -22
right_child=1 3 4 11 5 6 7 -9 9 -11 -12 20 13 14 17 -17 -18 -19 19 -21 24 -23 23 -25 -26 27 -28 28 -30 -31
leaf_value=-0.0017955106428300903 -0.001582369495472616 -0.0002231822897001241 -9.3468874490998516e-05 0.00064238803656836317 -0.0012685818102020569 0.0064878949500493284 0.011771284414500793 1.105047855769014e-05 0.00065750450458235002 -6.6038943358495385e-05 0.0078690729650390707 1.3442157883448598e-05 -0.0008898155808725152 -0.00084432559576820305 -0.0016036200522623828 -0.00044187746237494825 0.011317071613051831 0.00035353863206674549 0.0017927638290058795 -0.00089047647789344808 -0.00035959851032443536 -0.00073266542489507905 0.0076330950836873621 0.00042987357351937429 0.002969036792449112 -0.00056014706075075197 0.00023833667982204926 0.0013007844600306014 0.00043456614533487055 0.002496062264899485
leaf_weight=1207 113 213 336 775 180 64 73 137 45 82 47 7739 2433 2164 216 6486 58 2095 44 47 44 1418 58 182 61 911 366 61 1762 152
leaf_count=1207 113 213 336 775 180 64 73 137 45 82 47 7739 2433 2164 216 6486 58 2095 44 47 44 1418 58 182 61 911 366 61 1762 152
internal_value=-0.000209909 -0.00015887 0.00120501 -0.000212747 0.00166632 0.00268044 0.00486545 0.0028436 0.000980281 0.00336 0.0063871 -5.96237e-05 -0.00042984 -0.000586715 -0.000211127 -0.000677864 0.00175368 0.000478806 -0.00125228 0.00290217 0.000166052 -4.69256e-05 0.000146992 0.00298755 0.00076206 0.00065878 0.00217407 0.000346617 0.000981907 0.00493401
internal_weight=29569 28362 1077 27285 964 628 274 210 354 174 92 20528 7774 6999 4475 6757 271 2311 2524 91 12754 9397 7979 240 3357 3296 562 2734 1823 196
internal_count=29569 28362 1077 27285 964 628 274 210 354 174 92 20528 7774 6999 4475 6757 271 2311 2524 91 12754 9397 7979 240 3357 3296 562 2734 1823 196
is_linear=0
shrinkage=0.03


Tree=121
num_leaves=31
num_cat=0
split_feature=0 13 8 14 1 8 15 8 1 8 14 8 17 14 14 17 1 14 12 8 13 1 14 11 14 15 14 17 11 11
split_gain=2.37623 1.64778 3.8519 2.7047 2.98975 2.88074 1.69001 1.81723 2.20787 1.66899 2.50197 1.70992 3.91905 1.66294 4.62841 2.1143 1.47772 1.43288 4.64939 2.33327 1.31127 1.20175 2.40461 2.83544 2.49511 3.57285 4.555 2.26426 2.40615 2.44505
threshold=1.0907588779338628 0.1082127772149107 1.1217200748231078 0.41987701996457805 0.11803405572755422 1.0683644645261259 3.0201273556387074 1.1217200748231078 0.034683239775461068 1.2803370485938685 0.73530358453624522 39.367390213594916 0.065112610391038522 0.6599086232578476 0.45916942315593406 0.06191251841290165 0.39105447276361821 0.28164152097039846 -0.013783338320192405 1.0554537821113157 0.21386658633885489 0.098199935711989719 0.087619925206465235 9.0819955044231566 0.047145811774646711 2.3502401828962087 0.051081968121981729 -0.025654687061283404 9.4387898212890189 10.273653579815802
decision_type=10 2 8 2 10 10 8 10 10 10 2 10 10 2 2 8 10 2 2 10 2 10 2 2 2 10 2 10 2 2
left_child=1 6 3 4 -3 -5 9 8 17 10 -1 12 13 14 15 -11 21 18 -8 -20 -4 -2 24 -24 -23 -26 -27 28 -25 -30
right_child=16 2 20 5 -6 -7 7 -9 -10 11 -12 -13 -14 -15 -16 -17 -18 -19 19 -21 -22 22 23 27 25 26 -28 -29 29 -31
leaf_value=-0.0007753265154750973 -0.00010390485878754477 0.00023205778707799182 -0.0012279738881111415 -0.00025312713181092314 0.0020029104199210759 0.0017243346755396855 -0.0017110881591981483 -0.0020297838768467314 -0.0010470082534590624 2.6533191107450152e-05 0.0021473606385377457 -0.002411510899220985 -0.00011713086702572205 -0.00038851339465167603 0.0030596939264523493 0.0031664581562844034 -0.0011023457970158732 -0.00068933673675957601 0.0057603800192682162 0.0086026898173521184 0.0022255377997952861 6.1632441978839048e-05 -0.00072075770111077017 0.0020197500696616799 0.0112055693967021 0.002139514643778765 -0.00041726606046496763 4.5953888972507903e-06 -0.00074254026350793344 0.00085714678139456552
leaf_weight=1609 16443 44 617 187 45 64 70 1266 717 85 43 320 603 42 40 52 630 172 67 45 49 435 749 97 76 84 153 4079 301 340
leaf_count=1609 16443 44 617 187 45 64 70 1266 717 85 43 320 603 42 40 52 630 172 67 45 49 435 749 97 76 84 153 4079 301 340
internal_value=-0.000274751 -0.000800098 0.00030983 0.00290323 0.00736667 0.00129762 -0.00101773 -0.00161292 -0.000702426 -0.0005195 -0.00112886 0.000362204 0.00108627 0.00451364 0.0057809 0.00310869 -0.000136866 0.0012338 0.00308197 0.00684956 -0.00101649 -9.71534e-05 0.000254631 3.98771e-05 0.00185047 0.00388853 0.00205462 0.000306973 0.00183491 0.00116355
internal_weight=29524 6137 1006 340 89 251 5131 2337 1071 2794 1652 1142 822 219 177 137 23387 354 182 112 666 22757 6314 5566 748 313 237 4817 738 641
internal_count=29524 6137 1006 340 89 251 5131 2337 1071 2794 1652 1142 822 219 177 137 23387 354 182 112 666 22757 6314 5566 748 313 237 4817 738 641
is_linear=0
shrinkage=0.03


Tree=122
num_leaves=31
num_cat=0
split_feature=0 8 12 16 13 4 16 11 1 1 11 13 4 13 14 14 14 9 12 13 0 11 11 13 6 10 16 16 14 4
split_gain=2.5691 1.94196 2.25586 2.89937 2.13125 2.11997 3.94991 1.83667 2.77116 4.18376 1.78751 1.8681 2.37693 3.89061 4.30861 1.91711 2.46334 1.64757 2.75921 1.88815 1.92086 1.87683 3.8479 3.24933 1.60103 2.67858 3.04839 1.61783 3.33258 3.17851
threshold=1.0354129758016761 1.1217200748231078 0.13200789742452648 -0.2187637777417594 0.10921467102580461 1724.0626526631161 0.12406350490091304 10.168751454956704 0.21030517470145957 0.23476417594064661 6.6247287979039262 0.051194119243081877 1045.5228073661544 0.19684568227386354 0.57706897202493279 0.51303190547426614 0.073407733499605096 0.16910520303777629 0.29321759835126932 0.056531589677806686 0.88831806007614622 9.4678080515874239 8.8742380644736638 0.13906757358002605 3.8845208215154394 0.77698232028930858 0.15947893829381535 -0.013608416113083039 0.27887317046262522 1078.5509435019262
decision_type=10 8 2 8 2 8 10 2 10 10 2 2 10 2 2 2 2 8 2 2 10 2 2 2 2 8 8 8 2 10
left_child=17 4 3 -3 7 6 -6 8 -2 -10 -5 15 13 14 -13 16 -12 -1 19 -19 -21 22 -22 -23 27 26 -26 28 29 -4
right_child=1 2 24 10 5 -7 -8 -9 9 -11 11 12 -14 -15 -16 -17 -18 18 -20 20 21 23 -24 -25 25 -27 -28 -29 -30 -31
leaf_value=-0.0010853944748146569 4.6988622925295674e-05 0.004814553761730329 0.00016701678316278021 0.010003221221863057 0.0028441885083177695 -0.00037907752565202014 0.00045328007427911896 -0.00031779565588404727 0.0020595986148318271 0.00093932193611382406 0.00012489066048419872 1.7377617133836604e-05 -0.00032625025751886451 0.00098082891619319617 0.0022178801784131686 3.5939707354728836e-05 -0.0013350920788440424 -0.0018368337183866672 0.0070802255113098971 -0.0021781570734149447 -0.00013754112960255162 -0.00040043132227212899 0.0020752374615864676 0.0019723731809058297 0.0022112705413190378 0.00033543307419898154 -0.00054401609728415158 -8.1919975119430527e-05 -0.00097958355965211091 0.0038007874950189407
leaf_weight=3265 774 55 248 48 52 69 68 643 57 203 429 801 3303 52 41 664 2122 275 46 186 58 199 49 77 66 822 41 14528 263 215
leaf_count=3265 774 55 248 48 52 69 68 643 57 203 429 801 3303 52 41 664 2122 275 46 186 58 199 49 77 66 822 41 14528 263 215
internal_value=-0.000250236 -0.000137767 -0.000211149 -0.000640634 0.000793786 0.00380526 0.00619835 0.000452323 0.00123478 0.00390805 -0.000691597 -0.00072926 -0.000312292 0.00105922 0.000562277 -0.00127332 -0.00164694 -0.000942012 0.000202019 -0.000191717 0.000794736 0.00200781 0.00536111 0.00069314 -1.16789e-05 0.00119677 0.00563889 -8.53498e-05 0.00129574 0.00282543
internal_weight=29719 25564 23698 7515 1866 189 120 1677 1034 260 7460 7412 4197 894 842 3215 2551 4155 890 844 569 383 107 276 16183 929 107 15254 726 463
internal_count=29719 25564 23698 7515 1866 189 120 1677 1034 260 7460 7412 4197 894 842 3215 2551 4155 890 844 569 383 107 276 16183 929 107 15254 726 463
is_linear=0
shrinkage=0.03


Tree=123
num_leaves=31
num_cat=0
split_feature=0 9 1 12 14 8 14 1 4 9 4 4 8 9 9 9 0 11 14 19 17 14 8 11 11 1 9 12 14 14
split_gain=2.04226 2.04584 2.45528 2.36576 2.24077 2.61128 5.90496 2.51067 1.64594 1.53395 2.0629 1.45186 1.88599 3.34654 2.75724 2.46094 2.41644 2.35557 4.22006 2.20383 2.10448 2.72545 6.61998 5.8064 6.41794 4.15074 2.02083 2.40504 1.9583 4.26877
threshold=1.0907588779338628 0.14755694166523611 0.023392612859097165 0.42623696165890085 0.24726704078709502 1.163084002617351 0.41095029626293594 0.26713615023474185 1386.0504507183111 0.22892267742417752 1698.645601182822 1099.3915023126895 1.1595887186518876 0.13493982625662096 0.23720080495196197 0.046914819859710064 1.4908752639688527 10.7981459834478 0.27098928658863303 7.5000000000000009 1.0906491078269227 0.4751549877077475 1.4521854601410698 10.622692266228841 11.040871735576252 0.048930121203052575 0.0065764796462273482 0.10616386316366101 0.083738801393164586 0.22722840412242293
decision_type=10 8 8 2 2 8 2 10 8 10 8 8 8 10 10 10 10 2 2 2 8 2 10 2 2 10 10 2 2 2
left_child=1 2 -1 4 -3 6 7 -6 -8 10 -10 -2 14 15 -13 16 26 18 -16 -20 21 -17 23 -23 25 -25 27 -14 -22 -30
right_child=11 3 -4 -5 5 -7 8 -9 9 -11 -12 12 13 -15 17 20 -18 -19 19 -21 28 22 -24 24 -26 -27 -28 -29 29 -31
leaf_value=-0.00012064331774204413 7.1245004284040922e-05 -0.0011727182093736214 -0.0012052282383921465 0.0070110266405338482 0.0019500903165991458 -0.0009140720388626125 -0.00032307394787544697 0.0025693295684812846 0.0031641166575800245 1.5148348101411084e-05 0.00034595730141439158 5.2347451082140213e-05 0.0022976559869006693 -0.00076367283496940011 0.00010649515190372555 -0.00020325832074050739 -7.506247907754663e-05 -0.0012838113659490538 0.0012830593411493289 0.003589434335107972 -0.0011678689308977752 0.00038741369438597941 -0.00031955843031774011 0.0024304708456792503 0.00015277092192646086 0.0032403792838592745 -0.00094428724720534922 -0.0002463644360820896 0.0043308652569448731 0.00010830976669360335
leaf_weight=1968 7306 604 2666 40 45 342 266 42 42 120 81 1430 40 2544 87 3496 4359 59 41 45 104 187 546 46 59 55 2071 148 289 421
leaf_count=1968 7306 604 2666 40 45 342 266 42 42 120 81 1430 40 2544 87 3496 4359 59 41 45 104 187 546 46 59 55 2071 148 289 421
internal_value=-0.000243554 -0.000726718 -0.00104466 0.000204674 1.55534e-05 0.000932907 0.00213065 0.00930682 0.000888235 0.00266803 0.00500806 -0.000114812 -0.000274583 -0.000385285 0.000681899 -0.000172814 -0.00055658 0.00370815 0.00546552 0.0101379 0.000315334 5.53524e-05 0.00153356 0.00476724 0.0089441 0.0135 -0.00135266 0.00161905 0.00171534 0.00227848
internal_weight=29549 6216 4634 1582 1542 938 596 87 509 243 123 23333 16027 14365 1662 11821 6618 232 173 86 5203 4389 893 347 160 101 2259 188 814 710
internal_count=29549 6216 4634 1582 1542 938 596 87 509 243 123 23333 16027 14365 1662 11821 6618 232 173 86 5203 4389 893 347 160 101 2259 188 814 710
is_linear=0
shrinkage=0.03


Tree=124
num_leaves=31
num_cat=0
split_feature=0 9 11 0 11 9 8 7 8 16 11 15 8 13 15 9 15 13 11 13 9 19 15 0 13 8 13 15 7 12
split_gain=3.15179 2.05877 2.54362 2.2032 2.54877 2.19188 2.01804 1.95212 6.55259 2.19788 2.36476 3.06081 1.9198 3.09613 2.08116 2.77366 2.2065 2.35356 1.90803 1.90362 2.4133 1.88569 2.11329 1.88887 1.82622 1.80103 2.25562 2.55026 1.79354 3.45183
threshold=1.0907588779338628 0.046914819859710064 10.917676020672403 1.3959264436517886 5.5114085413964808 0.0065764796462273482 1.3517102321521943 0.09327039580092765 1.4386193955329738 0.22653650473347378 10.669362283155836 3.1984648276080736 1.1595887186518876 0.07851285309195484 3.0201273556387074 0.16257158859904167 3.2769667020129059 0.025126746050508273 9.4242817117107354 0.052803657891659569 0.15572595897911198 10.500000000000002 2.249904835165133 1.2316870462916547 0.067539671971076506 2.5436357524389472 0.089730378936847641 4.1026092131977068 0.22941006284679935 0.22268342850432002
decision_type=10 8 2 10 2 10 10 10 10 10 2 10 10 2 10 10 10 2 2 2 10 2 10 10 2 10 2 8 10 2
left_child=-1 3 7 5 -5 18 -7 8 12 19 -11 -12 13 14 -3 16 17 -16 -2 -9 -21 22 -15 -24 -13 26 -6 -28 29 -27
right_child=1 2 -4 4 25 6 -8 9 -10 10 11 24 -14 21 15 -17 -18 -19 -20 20 -22 -23 23 -25 -26 28 27 -29 -30 -31
leaf_value=-0.00056146754431367352 -7.9847958516737644e-05 -0.00014671518527133837 -0.00049795915958141066 0.016544749859573771 -0.0010860847226149056 -0.00015036442861029024 -0.001268753436735018 -0.00029688816619764379 0.0073454813769000711 0.00024779189182760929 0.0033001496075488763 0.0013963903088545521 -0.00023584192594854015 0.0021840780877071119 0.0028322705035341827 -0.00042666693776614693 0.0002922189655852061 0.00010995640373583748 0.00080226926402129797 0.0005082115747595073 -0.00057198286246360722 0.0031961545371413901 -8.5489859198006993e-05 0.0015903530930121393 -0.00080809286889540663 -0.00014082185492967145 0.00015211426450203325 0.0033623040122028251 -6.5846877314357994e-05 0.0017963449794909029
leaf_weight=6216 371 585 1838 40 2075 889 1599 4292 60 3080 55 50 614 50 41 117 207 60 101 1476 872 75 152 70 77 472 344 51 3216 399
leaf_count=6216 371 585 1838 40 2075 889 1599 4292 60 3080 55 50 614 50 41 117 207 60 101 1476 872 75 152 70 77 472 344 51 3216 399
internal_value=-0.000266442 -0.000106478 0.000128303 -0.000444759 -0.000139588 -0.00112462 -0.00148011 0.000288335 0.00113533 0.00011451 0.000752068 0.00406557 0.000835192 0.00146465 0.000623145 0.00221831 0.00370874 0.00732353 0.000748414 -0.000198766 0.000487866 0.00390517 0.00272527 0.00145291 0.00147656 -0.000186186 -0.000825577 0.00125 0.000200342 0.00140711
internal_weight=29544 23328 13771 9557 6597 2960 2488 11933 2031 9902 3262 182 1971 1357 1010 425 308 101 472 6640 2348 347 272 222 127 6557 2470 395 4087 871
internal_count=29544 23328 13771 9557 6597 2960 2488 11933 2031 9902 3262 182 1971 1357 1010 425 308 101 472 6640 2348 347 272 222 127 6557 2470 395 4087 871
is_linear=0
shrinkage=0.03


Tree=125
num_leaves=31
num_cat=0
split_feature=0 3 1 14 14 8 15 15 11 11 14 13 15 9 14 15 11 13 11 0 7 13 15 16 15 9 11 14 16 8
split_gain=3.1964 2.25568 2.23987 3.27895 5.85998 2.80505 1.84662 1.78983 3.91565 3.57437 2.19777 2.68454 4.13509 3.78882 4.99006 3.32549 3.20453 2.76624 3.30178 2.13246 3.28341 2.26584 2.14582 2.9753 2.24632 2.18691 2.10033 2.58588 3.38554 2.92731
threshold=1.0202643564562355 0.44777324829393889 0.15444245676803822 0.18174998340314583 0.024874745753742142 1.1017638540243566 3.0201273556387074 2.602003343538398 10.834519101518097 10.917676020672403 0.062242415691549473 0.0094775683688361218 3.1132683346437333 0.12633453330293751 0.045803942539447591 3.3497501700808394 10.112471320548684 0.11600575131586337 10.444517401175647 2.7187247769475751 0.24059971620000803 0.039148016386892422 3.0677824455408698 0.0050441549080128276 3.3497501700808394 0.020484314769730175 9.4090272694147483 0.61034220030491604 0.35008667366020091 1.4905783617231683
decision_type=10 2 8 2 2 10 8 10 2 2 2 2 10 8 2 10 2 2 2 10 10 2 10 10 10 10 2 2 10 10
left_child=6 7 -3 4 -4 -6 -1 8 26 -10 11 12 -9 14 -14 -16 -15 -13 -19 21 22 -12 23 -21 -24 -25 -2 -28 29 -29
right_child=1 2 3 -5 5 -7 -8 10 9 -11 19 17 13 16 15 -17 -18 18 -20 20 -22 -23 24 25 -26 -27 27 28 -30 -31
leaf_value=-0.0002566394083101946 0.00022897588182993112 0.00017665166705097048 -2.7743615913422533e-05 -0.0013544303227448129 0.0020608416181406076 0.0058715581442823307 -0.0016383442273717602 -0.00013889388872094708 0.0023306895920934211 0.00037823075286889832 -0.00063667609245416192 -0.00082614436899041386 -5.1058652185503869e-05 0.0028114323309665202 0.0024808423298479879 0.0010834906822310959 0.0012357248345191425 -0.00040435859992243753 0.0015732677605487149 0.0035559088295954665 -0.00043521215749497836 -0.00010968691703874502 0.002342128644633026 0.0097769038380119688 0.00089493764735724816 -0.0016707857956826618 -0.0005168006373219207 0.00097798812977371646 0.0027281444230839919 -0.000338246820886162
leaf_weight=2039 5531 865 86 67 54 51 1668 386 67 136 5427 617 206 40 45 51 41 77 78 41 602 6920 142 45 129 173 3818 45 43 158
leaf_count=2039 5531 865 86 67 54 51 1668 386 67 136 5427 617 206 40 45 51 41 77 78 41 602 6920 142 45 129 173 3818 45 43 158
internal_value=-0.000265912 -0.000148139 0.00116637 0.0036139 0.00560937 0.0103302 -0.00108981 -0.000207664 0.000107765 0.00422059 -0.000413422 0.000659532 0.00191299 0.00411719 0.00255445 0.00816495 0.00984146 -0.00058991 0.00298077 -0.000536128 0.00070962 -0.000650389 0.00242938 0.000473076 0.00429044 -0.000931508 2.03203e-05 -0.000497418 0.00247773 0.000838235
internal_weight=29648 25941 1123 258 191 105 3707 24818 9798 203 15020 1541 769 383 302 96 81 772 155 13479 1132 12347 530 259 271 218 9595 4064 246 203
internal_count=29648 25941 1123 258 191 105 3707 24818 9798 203 15020 1541 769 383 302 96 81 772 155 13479 1132 12347 530 259 271 218 9595 4064 246 203
is_linear=0
shrinkage=0.03


Tree=126
num_leaves=31
num_cat=0
split_feature=15 12 10 13 4 14 17 9 3 2 15 16 17 12 7 10 11 11 14 14 9 9 3 11 11 17 14 8 4 11
split_gain=2.06219 1.92356 1.73263 2.73147 5.38337 5.23591 1.85655 1.74504 1.61862 1.59245 2.46144 1.52787 2.23312 1.99178 3.45144 2.22407 1.65063 1.60721 1.58089 1.55322 2.37339 2.71662 2.10428 1.85815 1.6629 1.67646 1.4505 2.80558 4.10093 2.81528
threshold=3.3842466058243152 -0.090751290006323412 1.6731508943601374 0.07851285309195484 984.36674796214095 0.19362857177495393 0.10398581476654135 0.01314480508230609 0.13464576841288842 5.2273827263299264 4.2696729980286863 -0.056459560924418652 1.2105211510366691 0.33700503497395223 0.29836536949199766 1.2674819707891813 4.923617305492666 10.557815938824714 0.6401078916798818 0.22722840412242293 0.015887273738522004 0.054235805098685426 0.26690644024524263 9.4814737665622708 9.0330660546218216 0.69322481428419114 0.47939214407474745 1.6417530514685563 1402.4269560202492 8.014831632406624
decision_type=8 2 8 2 10 2 10 10 2 8 10 8 8 2 10 10 2 2 2 2 10 10 2 2 2 8 2 8 10 2
left_child=1 -1 9 8 5 -5 -7 -6 -4 10 -2 12 17 16 15 18 -13 -3 -15 20 -17 -22 24 -23 -21 -26 -18 28 -28 -29
right_child=2 11 3 4 7 6 -8 -9 -10 -11 -12 13 -14 14 -16 19 26 -19 -20 22 21 23 -24 -25 25 -27 27 29 -30 -31
leaf_value=-0.0022017395255705479 -9.4453540894070878e-05 0.0002447077860067975 -0.0011671697621965496 0.0073073979055531596 0.00045723811689547366 0.0011447088892911363 -0.00029249202257053143 -0.00074079135461136835 0.00030298649119409526 -0.00058758817026563492 0.0024553367555810003 0.010381322056144881 0.010491962325196962 0.00020647573332526473 -9.4474813859985485e-05 -0.0019222549750030342 -0.00018692395867489031 0.0089749684790889437 0.0065954298584129396 0.0030436245648233274 0.0041248076205325068 0.001946391190864845 -0.00035170166638896696 0.0016294660783910859 0.0016483747285293406 -0.00050119396027509288 -0.00011276140806924429 0.0028175857366484454 0.00086809030715613849 -0.00066069092843587746
leaf_weight=599 141 742 471 55 60 47 41 228 550 5838 61 51 40 645 2091 40 14224 79 50 40 60 98 129 40 40 47 857 106 1169 976
leaf_count=599 141 742 471 55 60 47 41 228 550 5838 61 51 40 645 2091 40 14224 79 50 40 60 98 129 40 40 47 857 106 1169 976
internal_value=-0.000215256 -6.95632e-05 -0.000645403 0.000284927 0.00228472 0.00702083 0.00242697 -8.30457e-05 -0.000560666 -0.000869062 0.00174384 -2.28579e-05 0.00121462 -7.44781e-05 0.000603474 0.00189328 -0.000202428 0.000872262 0.000797413 0.0034303 0.00517155 0.00651256 0.00179766 0.00414388 0.00452344 0.00214773 -0.000218428 0.000368607 0.00102713 -0.000864267
internal_weight=29615 22123 7492 1452 431 143 88 288 1021 6040 202 21524 861 20663 3280 1189 17383 821 695 494 238 198 256 138 127 87 17332 3108 2026 1082
internal_count=29615 22123 7492 1452 431 143 88 288 1021 6040 202 21524 861 20663 3280 1189 17383 821 695 494 238 198 256 138 127 87 17332 3108 2026 1082
is_linear=0
shrinkage=0.03


Tree=127
num_leaves=31
num_cat=0
split_feature=12 15 0 9 9 12 0 14 14 7 17 11 14 0 16 12 1 15 4 0 1 16 4 13 8 14 11 4 7 11
split_gain=2.11615 1.68767 1.94073 2.21311 2.05743 4.35837 2.51324 1.82932 2.11557 3.37201 3.9072 2.47224 2.56463 3.03242 1.88933 1.70384 1.91889 2.72971 1.85397 1.59371 4.12036 2.79144 2.76796 4.00003 3.45855 4.43567 6.09942 3.47678 1.94964 2.20796
threshold=-0.090751290006323412 3.3842466058243152 0.98284064312657604 inf 0.00993081662489558 0.072879272879689885 1.0317166669062801 0.60019321080588428 0.68027517933753268 0.076937505591728295 0.17684762265458578 8.8304699058573473 0.66848789117026997 2.2666072860717121 0.39586106818120476 0.19125343074774562 0.13608305274971946 2.6735537653587347 2244.9111126599382 1.3294958930104757 0.21030517470145957 0.17568636984123812 753.25153522461676 0.053918475218732498 1.1449127915937873 0.20965762429898446 10.37023588709531 1515.9664642810751 0.30498730852503547 6.4567684233424574
decision_type=2 8 10 8 10 2 10 2 2 10 8 2 2 8 10 2 10 10 10 8 10 8 10 2 10 2 2 10 8 2
left_child=-1 7 3 -3 5 6 -4 19 11 10 -10 -9 13 15 -11 16 17 18 -13 20 -2 22 23 -22 25 -24 27 -27 29 -21
right_child=1 2 4 -5 -6 -7 -8 8 9 14 -12 12 -14 -15 -16 -17 -18 -19 -20 28 21 -23 24 -25 -26 26 -28 -29 -30 -31
leaf_value=-0.002199331298386507 -0.00040340997181613882 -0.0030194750267616374 0.00013756939764332943 0.0061448336352923323 -0.00025902528266621066 0.00012621126325074527 0.0038259160492942804 -0.00062293272818920986 -0.00055214312810405682 -0.00099131125186379776 0.00269966637239967 -0.00089326026126454309 0.0042002564396952432 0.0036873385275475578 0.00048945573304234142 -0.00016838817646610424 -0.00015654791543513722 0.0017389320772307744 0.0008493532288064888 0.0066158489952728855 0.00060640838348808809 -0.00029888985861908554 -0.00086623627266219148 0.0021450734482099118 -0.00013699817472867493 0.0031522194262181584 -5.3265535992937201e-05 0.0020707305579361398 -0.0004283086998354355 0.00013669546723687491
leaf_weight=755 6997 750 41 67 5853 523 44 200 48 517 49 65 63 79 248 250 123 166 45 95 110 516 146 50 557 81 92 58 2828 8190
leaf_count=755 6997 750 41 67 5853 523 44 200 48 517 49 65 63 79 248 250 123 166 45 95 110 516 146 50 557 81 92 58 2828 8190
internal_value=-0.000238728 -0.000197665 -0.000592665 -0.00196944 -0.000418292 0.00124138 0.0075 -6.43838e-05 0.000836569 -0.00025029 0.0049898 0.00178125 0.00253409 0.00202469 -0.000920366 0.00134308 0.0025575 0.00394224 0.00027027 -0.00014908 -0.000455507 0.000912476 0.00176986 0.00540373 0.00114225 0.00335714 0.00593534 0.00987857 8.82663e-05 0.000320419
internal_weight=29606 28851 7278 817 6461 608 85 21573 1853 862 97 991 791 728 765 649 399 276 110 19720 8607 1610 1094 160 934 377 231 139 11113 8285
internal_count=29606 28851 7278 817 6461 608 85 21573 1853 862 97 991 791 728 765 649 399 276 110 19720 8607 1610 1094 160 934 377 231 139 11113 8285
is_linear=0
shrinkage=0.03


Tree=128
num_leaves=31
num_cat=0
split_feature=0 15 11 10 17 12 13 11 15 3 15 14 11 9 13 3 11 16 14 11 14 15 9 10 12 9 0 3 13 11
split_gain=2.56379 2.07957 1.92208 1.78182 2.19225 2.70718 2.37714 2.02012 2.77554 2.27113 2.01969 3.29525 3.95027 4.46058 3.66817 2.58384 3.24429 3.29576 6.96872 2.65373 2.42589 2.67552 2.35289 3.08862 2.35229 2.24512 2.11958 2.0268 2.82813 2.77241
threshold=1.0202643564562355 3.0201273556387074 9.4387898212890189 0.71922346033996909 -0.0045812393932796987 0.27455182174567133 0.054939382166393172 9.9969551264347309 2.8617925509761908 0.10932776564183717 3.0201273556387074 0.21366555468538176 9.6900158274709529 0.13873673128881892 1.0000000180025095e-35 0.093883342585738688 10.077587907450397 0.17869814153955926 0.11637971804534662 9.8364392163536234 0.15136138758427234 4.1026092131977068 0.22407541601059316 1.1511563549019834 0.2771720572600867 0.042186816873897685 1.3213356815219448 0.17064455337294285 0.063442304455765167 10.524829875154747
decision_type=10 8 2 8 8 2 2 2 8 2 10 2 2 10 2 2 2 8 2 2 2 10 10 10 2 8 10 2 2 2
left_child=1 -1 -2 4 5 6 -4 -8 -9 -10 22 12 13 -12 15 -14 19 18 -18 -17 21 -16 26 -24 27 -19 -5 28 -22 -30
right_child=2 -3 3 10 -6 -7 7 8 9 -11 11 -13 14 -15 20 16 17 25 -20 -21 24 -23 23 -25 -26 -27 -28 -29 29 -31
leaf_value=-0.00019849913230781652 0.00013467247705885408 -0.0015833870041724938 -0.0012991094959168797 -0.00092412292545233433 -0.00048222810601751195 0.0048666397272292663 -0.0011018802888284544 0.0036901470716791292 0.0014818026452980916 -9.1547233865727812e-06 0.00090974613363373484 -0.00013423755488433327 -0.000949053206671489 0.0038909368662654108 -0.00063356552390664018 0.0010654569562353661 0.0028419001065337949 0.0026724482841305719 0.00086577801132694263 -0.00060305910645746651 -0.0006227846351147359 0.001139734048706919 -0.00047968366926951921 0.002556886450174043 0.0025678132453907311 0.00044138297779313621 -0.00011287102762014952 -0.00096627386252269706 0.0029701038221819119 0.001070311128502568
leaf_weight=2019 7552 1682 550 1787 5161 89 186 80 126 411 102 3159 143 41 880 43 44 56 48 144 156 75 80 68 54 133 4249 185 88 216
leaf_count=2019 7552 1682 550 1787 5161 89 186 80 126 411 102 3159 143 41 880 43 44 56 48 144 156 75 80 68 54 133 4249 185 88 216
internal_value=-0.00025098 -0.000989466 -0.000145444 -0.000311197 -0.000705482 0.000328482 -6.64769e-06 0.00103358 0.00185922 0.00107621 -8.96025e-05 0.000324892 0.00116065 0.00597917 0.000853927 0.00283823 0.00391471 0.00594681 0.0105806 0.000845744 0.000119637 -0.000862971 -0.000462733 0.00326174 0.00146143 0.00364737 -0.000554581 0.000952012 0.00201735 0.00369836
internal_weight=29607 3701 25906 18354 6603 1442 1353 803 617 537 11751 5567 2408 143 2265 611 468 281 92 187 1654 955 6184 148 699 189 6036 645 460 304
internal_count=29607 3701 25906 18354 6603 1442 1353 803 617 537 11751 5567 2408 143 2265 611 468 281 92 187 1654 955 6184 148 699 189 6036 645 460 304
is_linear=0
shrinkage=0.03


Tree=129
num_leaves=31
num_cat=0
split_feature=0 15 16 4 6 8 3 9 9 0 15 16 11 14 14 3 12 2 0 15 9 16 16 3 3 3 7 9 11 11
split_gain=2.05644 2.00442 1.71439 3.27241 4.13159 1.74852 2.16611 2.88579 2.29819 2.03662 2.72365 1.90214 2.19643 3.6251 4.59447 1.75957 1.61229 1.54657 1.53785 1.48885 1.46944 2.19217 2.86213 2.18826 1.42693 1.41441 1.86587 3.80771 4.19542 3.34833
threshold=1.0164117925450027 3.0201273556387074 -0.14003269448916286 1410.3311153247944 -0.19590380603118093 1.1217200748231078 0.28766659260012595 0.08177907867071392 0.096313823676994939 1.1068106349395439 1.4978661367769956 0.12232201085888378 10.159698305869727 0.51730103890624657 0.25284066456771392 0.44393429317066602 0.51638661858088286 5.2663577519871456 0.98284064312657604 1.2424533248940004 0.19725813290213937 0.063584020228959467 0.16888066842391711 0.13464576841288842 0.12979818395126766 0.11369758380940388 0.12973786448271815 0.065849898976421212 9.1254358589603495 10.444517401175647
decision_type=10 8 8 8 2 8 2 10 10 10 10 10 2 2 2 2 2 10 10 8 10 10 10 2 2 2 10 10 2 2
left_child=1 16 3 -2 -5 6 7 -4 -9 10 19 12 13 14 -10 -8 20 25 -3 -7 -1 -22 23 -23 -20 26 27 29 -29 -11
right_child=2 18 5 4 -6 9 15 8 11 17 -12 -13 -14 -15 -16 -17 -18 -19 24 -21 21 22 -24 -25 -26 -27 -28 28 -30 -31
leaf_value=-0.00073852008564722965 -0.00017352633246013171 -0.0023527825673471435 -0.0002336471409033514 0.00894354972544378 0.003101050846269228 -8.0490678395719344e-05 -0.00065091174171222474 0.0021950157115184373 0.0030888062952489047 4.9547222951650311e-05 -0.00075847211586189955 6.8230384908480742e-05 0.00018738572478437733 0.00075564988660871283 0.0031720633845033902 0.00036006290394945351 0.0035266575221427278 -0.00069143887108847875 0.00096065571939819058 0.0084313119769600011 -0.0006532379601375788 0.00011201561439092913 -0.0019758120962765141 0.0020021632310248346 -0.0007848997929351374 2.2458543841086555e-05 -0.00049584059839275212 0.0071986253555676163 -0.00028014799604705697 0.0026709504697085525
leaf_weight=1605 203 1292 424 41 80 45 663 53 60 75 2009 280 153 83 40 352 65 1281 69 53 133 40 55 74 272 12922 6211 63 807 76
leaf_count=1605 203 1292 424 41 80 45 663 53 60 75 2009 280 153 83 40 352 65 1281 69 53 133 40 55 74 272 12922 6211 63 807 76
internal_value=-0.000264605 -0.000935941 -0.000171396 0.00199385 0.00587705 -0.000198823 0.000628733 0.00155484 0.0027806 -0.000272948 -0.00116271 0.00225608 0.00377448 0.00598369 0.00980198 -0.000369095 -0.000291942 -0.000185436 -0.00171298 0.00369697 -0.000451259 0.00146535 0.00372353 0.00641739 7.89467e-05 -0.000121162 -0.000457072 0.000730919 -3.44439e-05 0.00511184
internal_weight=29579 3605 25974 324 121 25650 2108 1093 669 23542 2107 616 336 183 100 1015 1972 21435 1633 98 1907 302 169 114 341 20154 7232 1021 870 151
internal_count=29579 3605 25974 324 121 25650 2108 1093 669 23542 2107 616 336 183 100 1015 1972 21435 1633 98 1907 302 169 114 341 20154 7232 1021 870 151
is_linear=0
shrinkage=0.03


Tree=130
num_leaves=31
num_cat=0
split_feature=0 9 12 14 8 14 9 17 11 16 15 5 7 17 15 6 9 9 9 16 11 8 11 4 0 7 14 8 8 16
split_gain=2.69029 2.31824 1.84903 2.34125 3.28337 5.86366 1.92261 1.80763 3.76468 3.23992 1.62709 1.58947 1.58818 1.76352 4.41431 1.76614 1.74455 1.54524 1.3561 2.15342 2.1362 3.42409 6.13509 3.43496 2.98076 1.9938 1.92752 2.41332 5.37267 3.54737
threshold=1.1819670605331789 0.17282509774396831 0.36576277341710034 0.25284066456771392 1.163084002617351 0.38758999002680905 0.26849697880974327 1.1149600386466054 7.8813709169734869 0.78165754193712667 2.249904835165133 0.77154105736782908 0.086366101893792999 0.42216462939595562 2.0126758453675748 1.6359003780396713 0.084176893584138782 0.24819894757536004 0.043878594015436569 0.22273022688721925 10.252541026562854 2.0320092000663448 10.379209176752907 3980.2089535742903 3.7848579596212262 0.18942971757642321 0.18455293740530895 1.5567219689687641 5.2550473933281774 0.17066777912745421
decision_type=10 8 2 2 10 2 10 10 2 10 8 10 8 8 10 2 10 10 10 10 2 10 2 8 10 10 2 10 10 8
left_child=1 7 3 -3 5 6 -5 -1 9 -9 -7 12 13 -2 -15 16 -16 18 -14 26 -21 22 -22 25 -23 -24 27 -20 29 -29
right_child=11 2 -4 4 -6 10 -8 8 -10 -11 -12 -13 17 14 15 -17 -18 -19 19 20 21 24 23 -25 -26 -27 -28 28 -30 -31
leaf_value=-0.00052384564446871331 0.00011977357536571114 -0.0006896186853206053 0.0067913406778193916 0.00093476890897716946 -0.00065852510694292021 0.0019505414132630499 0.002736528767686174 0.0037968083173040607 -0.00031105823845946633 -0.002276315142414242 0.00013451657197622433 -0.00052454255671474464 -0.00017933300618562517 0.01054831453413781 -0.0001575990250620612 -0.00037209603987375429 0.002021770285050651 -0.0010485364938318572 -0.00073361901021589651 0.00017720121146346592 0.001897600088734781 -0.00024212135199377653 0.00016474704873614048 0.0030441854607763156 0.0044455803478728557 0.0014130159968278305 -0.00020240494182377486 0.0025420185469808378 -2.1204283771351753e-05 -0.00030783881123325923
leaf_weight=7182 1027 750 40 56 476 67 58 75 306 44 500 848 7873 57 56 107 70 329 621 2307 68 468 258 45 48 48 4534 357 804 126
leaf_count=7182 1027 750 40 56 476 67 58 75 306 44 500 848 7873 57 56 107 70 329 621 2307 68 468 258 45 48 48 4534 357 804 126
internal_value=-0.000227488 -0.000641759 0.000281827 0.000146226 0.000992227 0.00232698 0.00850435 -0.000878155 0.00102113 0.005525 0.00107218 -3.00725e-05 2.60876e-05 0.00103111 0.00309278 0.00124359 0.00363779 -4.79685e-05 -9.73987e-06 0.000227981 0.000858464 0.00206731 0.00407857 0.00246307 0.0004294 0.00130945 -8.94001e-05 0.000710319 0.00145109 0.00394835
internal_weight=29605 9554 1947 1907 1157 681 114 7607 425 119 567 20051 19203 1317 290 233 126 17886 17557 9684 3242 935 419 351 516 306 6442 1908 1287 483
internal_count=29605 9554 1947 1907 1157 681 114 7607 425 119 567 20051 19203 1317 290 233 126 17886 17557 9684 3242 935 419 351 516 306 6442 1908 1287 483
is_linear=0
shrinkage=0.03


Tree=131
num_leaves=31
num_cat=0
split_feature=0 14 7 4 9 0 15 9 15 8 13 14 0 6 15 15 3 14 9 3 0 19 15 15 7 3 8 13 1 4
split_gain=2.60106 2.12099 2.31062 2.13517 1.86573 1.82825 2.16081 2.13861 4.16075 1.85938 1.77471 2.92369 1.70275 1.98621 3.22381 1.87072 1.58925 1.57996 1.36537 2.83221 1.93523 1.87752 2.90272 2.64825 2.30451 1.61191 1.5824 2.59497 2.07274 3.20035
threshold=1.3294958930104757 0.45439949663792606 0.057905053573447739 2182.6695947818021 0.13176780733968915 1.2684892904662255 3.0201273556387074 0.015607635932383889 2.4414009612931857 1.4071288600480605 0.16232032438130048 0.093447789867875428 0.88831806007614622 0.46771039469547565 3.9019216517693867 2.9174053685313028 0.17532194309480845 0.34879238607819346 0.060558081724274827 0.36505840131639272 1.0202643564562355 7.5000000000000009 2.524928003624769 1.4978661367769956 0.1519946446746516 0.21973501724554778 1.1540954149355942 0.11005417045302827 0.20603395997574295 837.96594316819176
decision_type=10 2 10 10 8 8 10 10 10 10 2 2 10 2 8 10 2 2 8 2 8 2 8 8 10 2 10 2 8 8
left_child=1 17 12 -4 10 6 7 -5 9 -9 -2 -12 -3 14 15 16 -14 18 19 -1 25 23 -23 -21 -24 -20 27 28 -22 -30
right_child=4 2 3 5 -6 -7 -8 8 -10 -11 11 -13 13 -15 -16 -17 -18 -19 20 21 26 22 24 -25 -26 -27 -28 -29 29 -31
leaf_value=-0.00083721641574279328 6.7402283958021691e-05 -0.0021302248294286846 -0.00018716176497593495 -0.00078198584462953896 -0.00044837166243205103 -0.00086167730503602317 -0.0001065301888158566 3.9821678236276817e-07 0.002463325975445298 0.0009174540718940447 0.0029485767150244403 0.00025222398796761049 0.00044640461593361543 5.8552844955656811e-05 0.0029805107228960234 -0.00032046772857562692 0.0022146739975892043 -0.00079168989993763878 7.5084817611547449e-06 0.0051281313524162014 -0.00011614296368366864 0.00043750202501012108 0.0035836351889271829 -0.00079823303938431273 0.0011744709769779674 -0.0016855680743249771 -0.00018772185347958642 0.0018810882451624727 0.0018830806775315299 0.00062466051326562084
leaf_weight=2858 12460 119 2584 40 2116 139 135 99 71 46 50 394 67 343 52 120 74 1811 422 66 913 113 42 199 43 661 2934 83 40 374
leaf_count=2858 12460 119 2584 40 2116 139 135 99 71 46 50 394 67 343 52 120 74 1811 422 66 913 113 42 199 43 661 2934 83 40 374
internal_value=-0.000210527 -0.00049789 0.000101028 -0.000263885 6.5907e-05 0.00146893 0.00251786 0.0041323 0.00530876 0.00236301 0.000201317 0.00206292 0.00156572 0.00216438 0.00388853 0.00250763 0.00483803 -0.000718467 -0.000551378 -0.0010304 -0.000258107 0.0011444 0.00334673 -0.00050752 0.0075 -0.00139207 2.48554e-05 0.00085046 0.000526355 0.00228434
internal_weight=29468 14448 3889 3114 15020 530 391 256 216 145 12904 444 775 656 313 261 141 10559 8748 3321 5427 463 198 265 85 1083 4344 1410 1327 414
internal_count=29468 14448 3889 3114 15020 530 391 256 216 145 12904 444 775 656 313 261 141 10559 8748 3321 5427 463 198 265 85 1083 4344 1410 1327 414
is_linear=0
shrinkage=0.03


Tree=132
num_leaves=31
num_cat=0
split_feature=0 16 20 11 5 11 11 11 14 14 10 7 4 15 11 16 14 16 14 9 17 8 12 8 3 11 7 4 0 4
split_gain=3.17314 1.8014 1.61299 1.93723 1.77179 1.88589 3.62356 4.31721 2.55679 6.59239 2.4501 2.08136 1.91991 2.21303 1.8917 2.75909 2.23781 4.07324 3.54103 3.33839 3.26795 2.98162 1.74377 1.95063 1.71113 2.56235 1.68649 2.67485 1.81661 1.76844
threshold=1.6981568131664204 0.84609131008423255 0.021721105527638195 5.5114085413964808 0.99926686217008809 7.3427789798660452 8.4043603267498472 8.0677759992399043 0.075292873884918579 0.14778185421371198 1.5602911885552695 0.17946751436638778 907.76316484028496 4.0859410030639109 9.241160509614966 0.37956675316759941 0.26653321768510091 0.37092307788868123 0.18455293740530895 0.028631309495873069 -0.12457338067736674 2.1354417720076002 0.21754092111923742 2.5136582494752608 0.11106049566231513 10.168751454956704 0.20782918787439195 2223.5762272146517 1.8015328377581943 1242.7289581854357
decision_type=10 8 2 2 8 2 2 2 2 2 10 10 8 10 2 8 2 10 2 10 10 10 2 10 2 2 10 10 10 8
left_child=1 -1 -2 -4 -5 -6 7 11 -9 -10 -11 -7 -8 14 16 22 17 20 -19 -18 -14 -21 23 24 -16 -26 27 28 -24 -30
right_child=2 -3 3 4 5 6 12 8 9 10 -12 -13 13 -15 15 -17 19 18 -20 21 -22 -23 26 -25 25 -27 -28 -29 29 -31
leaf_value=-0.00017970426577305218 -0.0008179809878571117 -0.0013663012966993642 0.013932213379937313 -0.0010847325158608076 -0.0017877794612182237 0.0074947351956225951 -0.00068382906428901904 -0.00014629695604146309 0.0047936129197669285 -0.00029726083217759532 0.0033612631409387717 -6.3232755190157879e-05 0.0031299235406334835 0.00098100338078394608 -0.00045990135949758646 -0.00091362542777924881 0.0051099125628853168 0.0081782804113128341 -0.0006107294840552841 0.0072239574318668405 -0.001945326191115856 -0.00062037607108200179 0.0023169681912196907 -0.00086982740269375745 0.0034597876004563719 0.00018392084581022669 0.00030824449737367772 7.303216775877672e-05 -0.00034804055254137348 0.002116729977402618
leaf_weight=20331 679 699 43 449 221 41 962 44 60 66 42 323 43 48 191 828 57 59 47 75 289 118 70 747 54 76 2152 361 88 305
leaf_count=20331 679 699 43 449 221 41 962 44 60 66 42 323 43 48 191 828 57 59 47 75 289 118 70 747 54 76 2152 361 88 305
internal_value=-0.000272719 -0.000470734 0.000215013 0.000336259 0.000300882 0.000412459 0.000496991 0.00277643 0.00616901 0.00784615 0.0033578 0.00078904 0.000296758 0.000509181 0.000453155 0.000245023 0.00192453 0.000628701 0.00571963 0.00418327 -0.00100901 0.0022732 0.000568108 -0.000471469 0.00148137 0.00412214 0.000941215 0.00209454 0.00360129 0.00279442
internal_weight=29568 21030 8538 7859 7816 7367 7146 576 212 168 108 364 6570 5608 5560 4872 688 438 106 250 332 193 4044 1068 321 130 2976 824 463 393
internal_count=29568 21030 8538 7859 7816 7367 7146 576 212 168 108 364 6570 5608 5560 4872 688 438 106 250 332 193 4044 1068 321 130 2976 824 463 393
is_linear=0
shrinkage=0.03


Tree=133
num_leaves=31
num_cat=0
split_feature=0 15 12 3 1 4 5 10 6 4 19 8 3 10 7 10 15 8 7 15 16 0 12 7 4 14 8 10 15 13
split_gain=2.33313 2.22423 1.97503 1.69705 2.69257 2.96834 1.58294 1.61297 1.43416 1.36622 1.48917 2.55877 3.40656 2.11289 2.33328 1.51448 1.86216 1.53484 2.06061 1.90294 3.32867 1.40863 1.39192 1.85685 2.53515 1.82813 3.01781 3.07264 2.61234 3.31859
threshold=0.98284064312657604 3.0201273556387074 0.51638661858088286 1.0000000180025095e-35 0.038627320954907181 1515.9664642810751 0.90033112582781472 0.5111665781888094 3.8845208215154394 281.46999805843689 9.5000000000000018 1.151740591041873 0.28444518744855013 0.91028776480427476 0.062757097739733328 1.3750992630040377 4.0689902272260703 1.4583149269589604 0.16638951926295356 2.9174053685313028 0.0773196948761109 1.1166887869548383 0.37817125054753303 0.24162499732178591 307.87041960936216 0.20965762429898446 1.6500575030328839 2.5788237994635157 3.1984648276080736 0.0085781462498753531
decision_type=10 8 2 2 8 10 10 8 2 8 2 8 2 10 10 10 10 10 10 8 10 10 2 10 8 2 10 10 8 2
left_child=1 2 -1 4 -2 -6 7 8 -5 -9 22 12 13 -12 21 -13 17 -17 19 -19 -21 -15 23 24 -11 26 28 -28 -26 -30
right_child=3 -3 -4 6 5 -7 -8 9 -10 10 11 15 -14 14 -16 16 -18 18 -20 20 -22 -23 -24 -25 25 -27 27 -29 29 -31
leaf_value=-0.00055062812535544342 -8.4627792571157563e-05 -0.0022542667126030959 0.003576191182134366 -0.00032432679629752618 0.00060308327536235588 0.0063806040111852582 -0.00069955402650828669 -0.00070047737760119719 0.0014036988686096127 0.0012348211729107485 0.0011039322393143597 -0.00014623312886400311 -0.00026878901637863013 0.00059206171004921849 0.0033964557756902885 -0.00067326710514686177 0.0021691034427884412 0.00035953676095496563 0.00035886729828670346 0.00078047828595694273 0.0039468773867495687 0.0022750377307854531 0.00037272082419345578 -0.00046796210261184962 -0.00058546901304656191 -0.00024963817580222033 0.00065163845150110838 0.0033327059624340171 0.0010479809564363342 -1.3359709892534454e-05
leaf_weight=1413 248 1275 65 6292 73 51 709 571 79 44 163 2291 223 69 64 351 45 116 1075 48 60 65 1879 3168 1528 5245 1518 92 195 580
leaf_count=1413 248 1275 65 6292 73 51 709 571 79 44 163 2291 223 69 64 351 45 116 1075 48 60 65 1879 3168 1528 5245 1518 92 195 580
internal_value=-0.000261016 -0.00109259 -0.000300204 -0.000175689 0.00183378 0.005424 -0.000203998 -0.000165477 -0.000579568 -2.93958e-05 1.45051e-05 0.00048567 0.00233846 0.00413536 0.00621105 0.000213694 0.000893278 0.000726832 0.00120231 0.00381333 0.00666055 0.00391111 -0.000136632 -0.000252203 -3.65105e-05 -7.14059e-05 0.000419263 0.00141527 -0.000277344 0.00114046
internal_weight=29595 2753 1478 26842 372 124 26470 25761 6371 19390 18819 4570 584 361 198 3986 1695 1650 1299 224 108 134 14249 12370 9202 9158 3913 1610 2303 775
internal_count=29595 2753 1478 26842 372 124 26470 25761 6371 19390 18819 4570 584 361 198 3986 1695 1650 1299 224 108 134 14249 12370 9202 9158 3913 1610 2303 775
is_linear=0
shrinkage=0.03


Tree=134
num_leaves=31
num_cat=0
split_feature=0 1 4 9 1 1 12 15 11 16 14 14 4 11 15 9 15 3 3 12 16 4 3 11 11 0 17 4 9 17
split_gain=1.53977 1.75831 2.25297 1.32971 1.70113 1.56504 1.35937 1.74894 4.18694 1.71013 2.16325 2.08872 2.73849 1.51124 1.26952 1.75751 1.25502 1.74435 1.21438 1.19422 1.11232 2.50713 3.06845 3.19276 2.8899 2.93417 1.44691 1.88848 1.23765 1.62447
threshold=1.0907588779338628 0.39105447276361821 12866.871813549369 0.26849697880974327 0.32025641025641027 0.034683239775461068 0.32120368812158434 2.740319461670996 10.692456145770434 0.1658132072331937 0.21556890388968922 0.13574633351653967 731.92193296762969 9.1786948928089682 2.249904835165133 0.11854444167700136 3.0677824455408698 0.23932119971451407 0.30270826026700132 0.51638661858088286 -0.013608416113083039 1257.2428018631483 0.23932119971451407 10.750706838178237 10.612618802577217 2.9150347373933299 0.10077808885416693 1526.1995912211066 0.046109105025071422 -0.61382021478220106
decision_type=10 10 10 8 8 8 2 10 2 8 2 2 10 2 8 10 8 2 2 2 8 8 2 2 2 10 8 8 10 8
left_child=3 20 -3 5 -5 19 7 8 9 10 11 13 -13 -7 15 -12 -6 -18 -15 -1 21 -2 23 24 25 26 27 -23 29 -22
right_child=1 2 -4 4 16 6 -8 -9 -10 -11 14 12 -14 18 -16 -17 17 -19 -20 -21 28 22 -24 -25 -26 -27 -28 -29 -30 -31
leaf_value=-0.0001771873022175389 -0.0003675872900519298 -0.0011238158471121508 0.00074593893305131928 -0.00091747134292701979 0.0022297835519737201 -0.00075009835108034279 -0.0032207448449862023 -0.0008932019471244 0.004830964354801578 -0.00095764669418423737 -0.0013736990749691057 0.0051776448372462562 0.0018289082932965238 0.0041957155113448398 -0.001458415177708409 0.0017210257437680389 -0.0010203085807089713 0.0036356140721851239 -0.00020742796099493534 0.0032049246469504238 0.0039564162633564451 0.0043186998404930966 0.0037596142077654503 -0.0012822813187537484 0.0084683099702994799 0.0029177798027043671 -0.00087230811618813997 0.00050215556524119804 9.8056184691540877e-06 -0.00028031875787606355
leaf_weight=2182 693 600 47 208 55 122 371 2010 41 503 53 67 64 41 233 41 76 79 42 66 133 74 49 203 50 67 143 177 12331 8910
leaf_count=2182 693 600 47 208 55 122 371 2010 41 503 53 67 64 41 233 41 76 79 42 66 133 74 49 203 50 67 143 177 12331 8910
internal_value=-0.000269508 -0.000158064 -0.00169907 -0.00068777 0.000945107 -0.000804866 -0.00119365 -0.000994718 -9.18881e-05 -0.000426736 0.000573794 0.00226113 0.00520454 0.000364077 -0.00116159 0.00176842 0.0028436 0.00144231 0.00346429 -0.000184083 -0.000114319 0.000687714 0.00187304 0.00136783 0.00263086 0.00187662 0.000881012 0.00225 -0.000168983 -0.000435538
internal_weight=29731 23477 647 6254 418 5836 3588 3217 1207 1166 663 336 131 205 327 94 210 155 83 2248 22830 1456 763 714 511 461 394 251 21374 9043
internal_count=29731 23477 647 6254 418 5836 3588 3217 1207 1166 663 336 131 205 327 94 210 155 83 2248 22830 1456 763 714 511 461 394 251 21374 9043
is_linear=0
shrinkage=0.03


Tree=135
num_leaves=31
num_cat=0
split_feature=0 15 12 9 14 11 3 16 13 3 9 13 3 10 16 7 19 13 15 0 16 9 3 11 9 10 6 12 11 11
split_gain=2.03048 2.4299 1.7508 1.74444 1.66063 1.61546 2.5619 1.65204 1.63363 1.54424 1.51048 1.49914 2.12975 1.3209 2.76376 2.57971 2.49507 2.33352 2.28279 1.74956 1.68545 1.62817 1.60081 1.34229 1.29199 3.49304 1.27139 1.27132 1.24594 1.21858
threshold=0.98284064312657604 3.0201273556387074 -0.080050295301056881 inf 0.84007426042915634 7.8813709169734869 0.080828143791921159 0.5614881370162752 0.0072938339743271107 0.23932119971451407 0.25221708539234083 0.061137371695798186 0.090779729972718826 0.71922346033996909 -0.056459560924418652 0.044996701473583034 9.5000000000000018 0.12475555805674553 3.3140206880897671 1.0907588779338628 -0.071839080657023338 0.051594361951503388 0.20840972135493566 6.6247287979039262 0.1781363926871834 1.1280085057340943 0.40429364927931533 0.35262464095983953 10.20560862886299 11.552165404085232
decision_type=10 8 2 8 2 2 2 8 2 2 10 2 2 8 10 10 2 2 8 10 8 8 2 2 10 10 2 2 2 2
left_child=1 2 -1 11 13 6 -4 8 -8 -5 27 -3 -13 14 17 -16 -15 18 20 -17 28 26 -21 -24 -18 -26 -22 -7 -2 -25
right_child=4 3 5 9 -6 10 7 -9 -10 -11 -12 12 -14 16 15 19 24 -19 -20 22 21 -23 23 29 25 -27 -28 -29 -30 -31
leaf_value=-0.0017519157880999561 -0.00039215171658160583 -0.0030212751810599764 -0.0049043186493434249 -0.0024086877263180435 0.00085015120908479608 -0.00089855722573493088 0.0034487481808080879 -0.00016975264883220932 0.0031847156573533751 0.005837743255388851 0.0013081625221872785 0.018732524132592132 -0.0010459315016580855 -9.7399144514214879e-05 0.00038224718023038075 -0.001116904408744498 0.00022112858521724591 0.0058000178269389142 -0.0015509810210621814 -0.00041763800902142978 0.0056871040101239331 0.0001547199485142665 0.0021615341379634637 -1.7635394820504781e-06 -0.00018426885361110188 0.0017289458320558909 0.0049263116124227384 0.0018759350330731612 0.00260601341595257 0.0007520873659691529
leaf_weight=623 149 864 52 44 45 544 47 50 76 54 54 40 291 13307 714 1138 3618 41 118 5560 48 56 57 1358 223 189 42 79 40 50
leaf_count=623 149 864 52 44 45 544 47 50 76 54 54 40 291 13307 714 1138 3618 41 118 5560 48 56 57 1358 223 189 42 79 40 50
internal_value=-0.000232417 -0.000998227 -0.000186763 -0.00195441 -0.000151716 0.000657807 0.00285398 0.00460345 0.00645968 0.00187879 -7.5222e-05 -0.00227007 -0.000551206 -0.000161519 -0.000448464 -0.000570062 -6.40284e-06 0.00173333 0.00110352 -0.000721338 0.00236607 0.00477551 -0.000544407 0.000337653 0.000647481 0.00223729 0.00725275 -0.000495193 0.000489473 0.000153299
internal_weight=29571 2818 1525 1293 26753 902 225 173 123 98 677 1195 331 26708 9371 8877 17337 494 453 8163 335 146 7025 1465 4030 412 90 623 189 1408
internal_count=29571 2818 1525 1293 26753 902 225 173 123 98 677 1195 331 26708 9371 8877 17337 494 453 8163 335 146 7025 1465 4030 412 90 623 189 1408
is_linear=0
shrinkage=0.03


Tree=136
num_leaves=31
num_cat=0
split_feature=12 17 8 16 12 14 4 1 1 13 4 14 8 9 11 5 14 1 1 1 5 13 13 12 9 9 9 11 13 11
split_gain=1.5704 1.39552 1.73236 1.48087 1.73322 1.93436 4.95282 2.99464 2.96925 2.80718 4.2971 3.49817 4.98843 4.96715 3.66641 2.76399 2.57907 2.45428 2.23244 2.18871 2.25189 2.60253 2.05511 2.03204 3.28622 1.8672 4.02005 2.53416 1.81878 2.55467
threshold=-0.12727864796275631 0.80878097929257964 176.43351177411157 inf 0.20138393460977436 0.48378809972364439 1402.4269560202492 0.098199935711989719 0.16774891774891773 0.039148016386892422 1607.5526600137653 0.26017541097859548 1.1540954149355942 0.08934385127338651 9.7518212835785523 0.99312706660368455 0.058582606790845371 0.038627320954907181 0.11982905982905985 0.051635264841805924 0.85300120048019223 0.073285851895876344 0.16819037842419129 0.082768146757525876 0.18503028186977399 0.10982721265007946 0.046914819859710064 10.634087054834493 0.0077828409066415605 10.243507061410915
decision_type=2 10 10 8 2 2 8 8 10 2 10 2 10 10 2 8 2 10 8 10 10 2 2 2 10 10 10 2 2 2
left_child=-1 2 3 4 5 7 -7 16 17 -9 11 18 15 14 -14 -13 22 -8 -11 -19 21 25 28 24 -17 26 -21 -28 29 -2
right_child=1 -3 -4 -5 -6 6 8 9 -10 10 -12 12 13 -15 -16 23 -18 19 -20 20 -22 -23 -24 -25 -26 -27 27 -29 -30 -31
leaf_value=-0.0021732151831193643 0.00016191055011802608 0.00011003336890209777 -0.0012971136460047216 -0.0014244456206036888 7.378476213865443e-05 -0.00028688092153822956 0.00046088110767299791 -0.00043142586652165286 -0.00038535580671385754 0.0012154684775012115 -0.00045360590605110469 4.7569411659456406e-06 -0.00014068212409851943 -7.67753807829718e-05 0.0012194600166697685 -0.0011598957241515219 -0.00066292105317170165 0.0025177667900256767 -0.00010258919402538233 0.00089204726205459805 0.0031170319316387359 -0.0015917875209226812 0.0021276818898444219 0.0024734049961810142 0.00209354587005103 -0.0004104278659860177 0.0016254481946394951 0.0031912793822717368 -0.00027892285337224513 0.0010542923400853413
leaf_weight=487 260 5426 1055 524 6726 1539 843 2093 472 158 1047 52 40 367 63 41 6234 78 792 72 40 97 42 48 105 62 45 40 634 91
leaf_count=487 260 5426 1055 524 6726 1539 843 2093 472 158 1047 52 40 367 63 41 6234 78 792 72 40 97 42 48 105 62 45 40 634 91
internal_value=-0.000261007 -0.000232682 -0.000332193 -0.000276697 -0.000239245 -0.000415148 0.000229856 -0.000590902 0.00132171 -9.98615e-06 0.000626749 0.00157288 0.00315481 0.00133758 0.007125 0.00660729 -0.000975352 0.00207277 0.000378548 0.00390345 0.00289076 0.00202524 0.000417314 0.00824615 0.00640816 0.00383182 0.00556329 0.00994186 0.000136916 0.00186648
internal_weight=29573 29086 23660 22605 22081 15355 3288 12067 1749 4806 2713 1666 716 470 103 246 7261 1277 950 434 356 316 1027 194 146 219 157 85 985 351
internal_count=29573 29086 23660 22605 22081 15355 3288 12067 1749 4806 2713 1666 716 470 103 246 7261 1277 950 434 356 316 1027 194 146 219 157 85 985 351
is_linear=0
shrinkage=0.03


Tree=137
num_leaves=31
num_cat=0
split_feature=0 1 15 0 15 8 12 11 12 14 15 14 15 7 16 4 11 16 5 14 2 8 1 0 11 14 7 3 15 14
split_gain=1.80604 1.98848 1.65161 3.95039 1.60745 2.19284 2.72314 2.03046 1.59113 1.35314 3.34938 2.87748 2.80343 2.42871 2.84038 2.0192 3.31294 2.00224 1.73806 2.49469 1.72334 2.97653 1.77794 2.1966 1.73006 2.46254 3.62729 1.76 1.71352 3.57578
threshold=1.0907588779338628 0.39105447276361821 4.6867395546766826 1.3720085474392831 2.8617925509761908 1.1217200748231078 -0.013783338320192405 10.645960468036765 0.51638661858088286 0.60019321080588428 4.0163424379838117 0.62417837261745224 3.3842466058243152 0.088329439365436066 -0.048329122431268884 2669.3587105071606 9.8160760940363669 0.27599968065299668 0.99926686217008809 0.051081968121981729 6.5567125349164312 1.4676085010201485 0.098199935711989719 1.5608910163763616 9.0819955044231566 0.087619925206465235 0.2172575924374234 0.45538144103667294 3.2384861814448418 0.6284601582921544
decision_type=10 10 10 10 8 10 2 2 2 2 10 2 10 8 8 10 2 8 8 2 8 10 10 10 2 2 10 2 10 2
left_child=4 2 9 -4 7 6 -6 8 -1 18 12 -12 13 15 -15 16 17 -11 19 -2 21 -20 23 -22 25 26 -24 -26 -16 -30
right_child=1 -3 3 -5 5 -7 -8 -9 -10 10 11 -13 -14 14 28 -17 -18 -19 20 -21 22 -23 24 -25 27 -27 -28 -29 29 -31
leaf_value=-0.00024372263315055746 0.0011393004731524844 -0.00091082392959294304 0.00062434107576927881 -0.0018538439311340754 -0.0011150686298532508 -0.0013085601632692127 0.00042951807430930973 0.001813207736438015 0.0032702501213413256 -0.00027780733476777945 0.0007075629395034528 0.0033921419387870442 -0.0012779127934109181 0.0063895889914373236 -2.362589232597187e-05 -9.8694463550352292e-05 0.0022213235008915495 0.0084063245323772896 0.0019121078851017572 -0.00085550511315592235 -0.00035674948022718171 -5.3032908457181961e-05 0.0078199819730437794 2.6007139296439513e-05 0.00019639282753091447 -0.00089189124544180871 -0.00055573419486968062 0.0010707569201858303 0.0014583030456902818 -0.0012101112041811009
leaf_weight=2832 56 624 41 43 525 1873 877 41 65 62 44 41 369 43 1114 56 43 44 57 1311 6859 89 40 7081 4421 644 50 78 41 57
leaf_count=2832 56 624 41 43 525 1873 877 41 65 62 44 41 369 43 1114 56 43 44 57 1311 6859 89 40 7081 4421 644 50 78 41 57
internal_value=-0.000247037 -0.000125875 -7.98773e-05 0.00409412 -0.000701481 -0.00115843 -0.00026087 -0.000191903 -0.00028675 -9.55717e-05 0.000667362 0.00645349 0.000395081 0.000985626 0.000489649 0.00400485 0.00582 0.00291589 -0.000166192 -0.00119956 -9.30131e-05 0.00314286 -0.000117817 -0.000294815 0.000353649 -0.000995919 0.00362637 0.000573999 0.000217641 0.004
internal_weight=29521 23308 22684 84 6213 3275 1402 2938 2897 22600 1914 85 1829 1460 1255 205 149 106 20686 1367 19319 146 19173 13940 5233 734 90 4499 1212 98
internal_count=29521 23308 22684 84 6213 3275 1402 2938 2897 22600 1914 85 1829 1460 1255 205 149 106 20686 1367 19319 146 19173 13940 5233 734 90 4499 1212 98
is_linear=0
shrinkage=0.03


Tree=138
num_leaves=31
num_cat=0
split_feature=0 15 13 3 3 1 12 9 2 9 0 12 3 15 17 8 2 0 11 13 8 15 17 0 15 3 15 4 11 8
split_gain=2.33729 1.9316 1.83793 4.58547 1.71975 2.03892 1.69817 1.42864 2.2309 3.31574 1.98064 4.32571 2.10173 2.47756 1.9586 1.87445 1.69988 2.6228 1.63534 2.32014 4.61045 2.50264 4.42317 3.26362 2.95988 4.50332 2.22109 2.15298 2.13527 1.92171
threshold=1.0907588779338628 3.1567740231385479 0.10650493021209033 0.10849705157511756 0.45538144103667294 0.25547912334026562 0.51638661858088286 0.043878594015436569 5.798025059063515 0.026885920314916479 1.3421998991185859 0.09654138698218874 0.3567026876174455 1.4978661367769956 1.016278417560202 14.219794975599038 3.9567861552827805 1.3382948758477007 10.821406956953568 0.041806246821104738 1.0090624652256643 3.1132683346437333 0.40743292039396489 1.8899606074393303 3.3497501700808394 0.2635413186755266 3.9415346756528771 969.53003860279034 10.514407348995331 1.330147188476035
decision_type=10 8 2 2 2 8 2 8 8 10 10 2 2 10 10 10 8 10 2 2 10 10 10 10 10 2 10 10 2 10
left_child=1 6 -3 -4 7 -6 -1 8 9 -2 12 -12 -10 -14 15 16 17 -9 19 21 -21 -18 23 26 25 29 -23 -26 -29 -24
right_child=4 2 3 -5 5 -7 -8 14 10 -11 11 -13 13 -15 -16 -17 18 -19 -20 20 -22 22 24 -25 27 -27 -28 28 -30 -31
leaf_value=-0.00025167627982776138 0.0030990064580706795 -0.0011867728478318212 0.003122960386939331 -0.00044172763004263991 0.00036466629971657657 0.0015862816352154032 0.003172142609056221 -3.7133291681379189e-05 -0.00083030250726645637 -0.0013962859044161016 0.0032503752351669274 -0.00014024327462252862 0.0024331785514659435 -0.00024326112323837923 0.0007577965374688969 -0.00067088538643166214 -0.00027164104728332817 0.0021763201732046852 -0.00043720384919712852 0.0020735769858842047 0.0002786735590480623 -0.00026295901282063832 0.0026378628617854901 0.0017395306372733797 -0.001326194470227133 0.0013445788991732625 0.00077749220176007855 0.0010604471848643599 -0.00062969251777747991 0.00024199668216927145
leaf_weight=3729 78 1962 50 397 694 41 75 67 1903 44 40 6630 79 190 1565 2363 3379 42 1771 51 3252 859 40 53 89 53 65 49 47 91
leaf_count=3729 78 1962 50 397 694 41 75 67 1903 44 40 6630 79 190 1565 2363 3379 42 1771 51 3252 859 40 53 89 53 65 49 47 91
internal_value=-0.000198461 -0.000715965 -0.0013805 0.00035491 -6.18209e-05 0.00136549 -0.000294876 -0.000107891 -0.000402901 0.00360976 -0.000458669 -0.000202369 -0.00124528 0.00123333 8.32543e-05 -4.42478e-05 0.000136845 0.00384545 9.52034e-05 0.000277244 0.000887106 -0.000149175 0.00094432 -0.000113498 0.00373784 0.00642162 -0.000531893 0.00104839 0.00414433 0.00338636
internal_weight=29748 6213 2409 447 23535 735 3804 22800 8964 122 8842 6670 2172 269 13836 12271 9908 109 9799 8028 3303 4725 1346 977 369 184 924 185 96 131
internal_count=29748 6213 2409 447 23535 735 3804 22800 8964 122 8842 6670 2172 269 13836 12271 9908 109 9799 8028 3303 4725 1346 977 369 184 924 185 96 131
is_linear=0
shrinkage=0.03


Tree=139
num_leaves=31
num_cat=0
split_feature=12 11 3 14 12 19 10 4 8 3 12 15 8 20 20 6 7 15 4 4 14 14 8 7 3 8 14 14 17 8
split_gain=1.86511 1.55674 1.64721 3.47795 1.58426 1.5149 2.68291 1.6156 1.58124 2.30595 1.71849 1.51424 2.21963 1.47279 2.61998 1.81249 1.99056 2.40061 1.71252 2.81946 1.59942 1.57297 1.54482 2.57678 1.45682 1.4321 1.30694 1.27285 1.17786 1.1531
threshold=-0.051371511695512233 9.4242817117107354 -1.0000000180025095e-35 0.52443401038810711 0.55160230659063914 8.5000000000000018 1.1395246464032267 862.59236778624165 1.1595887186518876 0.15452277621120772 0.16739922899376672 3.2769667020129059 2.4590190092219264 0.035496574383884323 0.21956766861367993 1.7514645255078785 0.20677901924410444 1.8688348091416842 1629.6072092242509 1175.8483349991632 0.075292873884918579 0.84007426042915634 8.6693305413816386 0.22253582083822629 0.36935676870838868 1.6243004276391533 0.73530358453624522 0.051081968121981729 0.26808499234873356 1.4521854601410698
decision_type=2 2 2 2 2 2 10 10 10 2 2 8 10 2 2 2 10 10 8 10 2 2 10 10 2 10 2 2 10 8
left_child=26 13 3 -3 5 -4 29 11 9 28 27 25 -13 15 18 -2 -17 24 19 20 -15 -16 23 -22 -18 -8 -1 -10 -9 -7
right_child=1 2 4 -5 -6 6 7 8 10 -11 -12 12 -14 14 21 16 17 -19 -20 -21 22 -23 -24 -25 -26 -27 -28 -29 -30 -31
leaf_value=-0.0017846816135893917 -0.0028417406342997834 -0.00050550720949597892 -0.00024583001516724799 0.0062510557763166934 0.0023891960277894557 -3.9909347003380139e-05 0.0010816607555932992 0.0018931765026675208 0.00089499525427725506 0.00026402600375359845 0.00051661627950435631 0.0013900472524443143 -0.00053617350058701469 0.0092904907539818771 5.8574293111866401e-05 0.0052896513895025008 -0.0025872095234328028 0.0027066413476609852 -8.9072645807823726e-05 0.0031599230221509393 -0.00026102718059957099 0.00078281865784103784 -9.7339814434031552e-05 0.0037200194036709796 0.0064696264692446215 0.001721668204155711 0.0018095194173140951 -0.00070740375432713906 0.0019232481472486003 -0.00068580151874770895
leaf_weight=1197 790 103 12672 40 78 2056 40 68 46 241 1281 100 91 56 7088 66 203 63 166 43 45 44 138 53 40 40 45 1018 48 1564
leaf_count=1197 790 103 12672 40 78 2056 40 68 46 241 1281 100 91 56 7088 66 203 63 166 43 45 44 138 53 40 40 45 1018 48 1564
internal_value=-0.000243159 -0.000193162 -0.000342691 0.00285417 -0.000366471 -0.000383838 -1.50144e-05 0.000652656 0.000430632 0.00228771 0.000147058 0.00285662 0.00139062 0.00013813 0.000289625 -0.000856407 0.000868632 -0.000156353 0.00238446 0.00361607 0.00253925 0.000142155 0.00144304 0.00430303 -0.0015123 0.0062963 -0.00138053 -0.000743663 0.00574359 -0.000563381
internal_weight=29523 28281 19486 143 19343 19265 6593 2973 2702 357 2345 271 191 8795 7633 1162 372 306 501 335 292 7132 236 98 243 80 1242 1064 116 3620
internal_count=29523 28281 19486 143 19343 19265 6593 2973 2702 357 2345 271 191 8795 7633 1162 372 306 501 335 292 7132 236 98 243 80 1242 1064 116 3620
is_linear=0
shrinkage=0.03


Tree=140
num_leaves=31
num_cat=0
split_feature=0 13 8 1 16 7 1 11 14 14 14 16 3 15 5 15 7 8 0 0 13 16 3 0 1 11 19 10 14 0
split_gain=1.93346 2.12795 3.10116 2.27352 1.94637 2.2263 1.90222 1.89707 1.82936 1.67041 4.83093 2.36569 1.60569 2.08405 2.33669 1.82678 2.99113 4.7062 2.07924 1.93133 1.84461 1.83672 1.64646 1.59445 1.53113 1.51718 1.79709 2.1582 1.57562 1.51706
threshold=1.130384713791692 0.044132052742836693 1.092036495123496 0.034683239775461068 0.15303976686083787 0.1160000151472 0.017095265926358853 10.657459334846001 0.6401078916798818 0.20083845886899757 0.11022841259527735 0.090016518813573934 0.12059226808538251 4.6867395546766826 0.21525096525096529 3.6505739029280164 0.12444136158744797 1.3728557252710794 1.4776290872350797 1.3294958930104757 0.014533228350867516 -0.12073718189338688 0.11467231647899305 0.85446000408198086 1.0000000180025095e-35 7.4386775612200848 3.5000000000000004 3.7867060182546477 0.33323412062389618 3.6403311172394628
decision_type=10 2 8 8 8 8 10 2 2 2 2 10 2 10 10 10 10 8 10 10 2 10 2 8 10 2 2 10 2 10
left_child=1 3 23 6 5 -4 -1 9 -6 10 -7 -12 15 14 25 16 17 22 -18 -19 -20 -22 -2 -3 -10 -14 28 29 -27 -28
right_child=12 2 4 -5 8 7 -8 -9 24 -11 11 -13 13 -15 -16 -17 18 19 20 -21 21 -23 -24 -25 -26 26 27 -29 -30 -31
leaf_value=-0.00017188125783998973 0.00047400402323101004 -0.0023040032678528981 -0.00030849589888191632 -0.0010327904053565389 -0.001276844002325993 -0.0021550437400728205 0.0022992478412608847 0.0054937123198065671 0.0028771380234416215 -0.00036376374566380606 0.0051102826860869605 0.0052539649522542874 -0.00093226685752774473 0.0005656250160386056 -0.00064320800585407139 -0.00087198236287889565 -0.0010732519083100065 0.0011060669731897887 0.000100975950422097 0.0056821205052148584 0.0014161861470502431 -0.00075469275700991542 -0.00076571226914300323 0.00092335845542194505 -0.00085895162244747718 5.5041924678760072e-05 0.00013020574171379693 0.0025916835711169259 -0.00052523524945246474 0.0014392230370144812
leaf_weight=1632 726 68 1171 2715 882 77 43 40 44 211 78 41 645 43 976 890 1564 45 3493 64 52 1492 133 570 42 1988 8139 58 1131 463
leaf_count=1632 726 68 1171 2715 882 77 43 40 44 211 78 41 645 43 976 890 1564 45 3493 64 52 1492 133 570 42 1988 8139 58 1131 463
internal_value=-0.000251652 -0.000663428 -7.81402e-05 -0.00109315 -0.000540395 9.63551e-05 -0.000223748 0.00189509 -0.00160372 0.00127206 0.00325888 0.007025 -0.000108479 9.52834e-05 7.38744e-05 -0.00043227 -0.000280978 0.00127554 -0.000509392 0.00711818 -0.000212585 -0.00107573 0.000526743 0.00179343 0.00255172 0.000184949 0.000262563 0.000484932 -0.000354808 0.000445658
internal_weight=29516 7614 3224 4390 2586 1618 1675 447 968 407 196 119 21902 13443 13400 8459 7569 968 6601 109 5037 1544 859 638 86 12424 11779 8660 3119 8602
internal_count=29516 7614 3224 4390 2586 1618 1675 447 968 407 196 119 21902 13443 13400 8459 7569 968 6601 109 5037 1544 859 638 86 12424 11779 8660 3119 8602
is_linear=0
shrinkage=0.03


Tree=141
num_leaves=31
num_cat=0
split_feature=0 14 9 4 17 14 10 14 16 6 3 14 10 11 14 9 11 11 3 0 0 11 0 8 11 11 5 0 8 14
split_gain=2.22294 1.49035 2.33367 1.39754 1.95897 1.89868 1.72024 1.50616 3.14596 1.97874 2.58127 1.38406 1.34018 2.28722 2.54019 1.93579 1.86392 2.2288 1.65092 2.19222 1.69802 3.28377 1.96323 1.90491 1.72346 2.63892 1.52533 1.53484 3.31673 2.54579
threshold=0.98284064312657604 0.071430394981582129 inf 3980.2089535742903 2.8804340341922567 0.64617256261511691 1.2418234995790771 0.1529659278028235 0.16407363941193256 -0.22475732476898796 0.22168009306213923 0.73530358453624522 0.4761004726816031 6.6247287979039262 0.15623046274527189 0.043878594015436569 7.4386775612200848 7.7095325989200179 0.36505840131639272 1.3959264436517886 1.9983374155770131 10.214147351859408 1.3213356815219448 1.6742513913644708 9.1102437539108507 7.499699915772176 0.99614229648569907 1.8570217494662948 2.9789762408156055 0.22722840412242293
decision_type=10 2 8 8 8 2 10 2 10 2 2 2 8 2 2 8 2 2 2 10 10 2 10 10 2 2 8 10 8 2
left_child=1 -1 3 4 7 6 -6 8 9 -3 -11 -9 13 14 -2 18 -17 -18 19 -14 22 24 23 -20 25 -22 -19 -28 29 -29
right_child=12 2 -4 -5 5 -7 -8 11 -10 10 -12 -13 15 -15 -16 16 17 26 20 -21 21 -23 -24 -25 -26 -27 27 28 -30 -31
leaf_value=-0.0015380965437211517 0.0050597895531361752 -0.00023246788829537032 0.0055597430243719808 -0.002798241229986976 0.0011468811952496491 -0.0010449894041920133 0.0030508332055148592 -0.0012747697525260374 -0.0028067526573907712 0.0065681852605060896 0.0005149032302329778 0.0020385329381017048 -0.00068665906310475249 -0.00029264171203985292 5.1699957008433086e-05 -0.0015008377640298234 0.0030492227546948594 -0.00036203470203977463 -4.3408586356859648e-05 -7.9328892642048409e-05 -0.0016969422973061232 0.015036442695352056 -0.00086233650219927425 0.0014214200240067611 -0.0023845810527788288 0.0018067217457679505 3.9684333633260458e-05 0.0030535620300013353 0.0001709935034202839 0.00067554264839644125
leaf_weight=573 52 50 70 552 104 67 56 1074 115 43 48 43 2206 6099 101 295 130 809 273 4569 48 41 332 145 57 58 9283 318 1587 451
leaf_count=573 52 50 70 552 104 67 56 1074 115 43 48 43 2206 6099 101 295 130 809 273 4569 48 41 332 145 57 58 9283 318 1587 451
internal_value=-0.000251839 -0.00105687 -0.000704454 -0.000880632 -0.000430981 0.00214474 0.00391304 -0.000858079 0.00121401 0.00420422 0.00681522 -0.00133363 -0.000168014 -0.000552695 0.00305844 -5.12554e-05 0.000174071 0.000229429 -0.000426521 -0.000591057 0.000741361 0.00316097 7.98928e-05 0.0014463 0.00122561 0.00347663 0.000188448 0.00027603 0.000959694 0.00257532
internal_weight=29649 2795 2222 2152 1600 227 160 1373 256 141 91 1117 26854 6252 153 20602 12873 12578 7729 6775 954 204 750 418 163 106 12448 11639 2356 769
internal_count=29649 2795 2222 2152 1600 227 160 1373 256 141 91 1117 26854 6252 153 20602 12873 12578 7729 6775 954 204 750 418 163 106 12448 11639 2356 769
is_linear=0
shrinkage=0.03


Tree=142
num_leaves=31
num_cat=0
split_feature=12 15 17 15 8 3 20 16 1 14 20 20 1 10 9 15 20 12 16 14 14 17 12 20 3 8 13 16 13 15
split_gain=1.85216 1.86248 1.63587 1.8587 2.69721 2.34905 4.57494 1.62716 3.89615 1.61509 1.75087 1.4826 1.47104 1.36288 2.27399 1.71885 1.65263 2.84514 1.69942 1.55844 1.55746 3.3387 4.93301 2.17646 1.93792 2.49583 1.79359 2.12896 1.63538 1.54984
threshold=-0.15746173708337705 3.3842466058243152 -0.75495838105869606 2.0126758453675748 1.0852351034540757 0.123315006362833 0.069152642300204528 -0.056459560924418652 0.20864427860696524 0.8101995766065343 0.74057026480533195 0.15756482009845804 0.26713615023474185 0.50362824887229796 0.011495873303949534 3.1132683346437333 0.35958257916878528 0.25393801518097542 0.4700752163315477 0.16348551930510755 0.058582606790845371 0.40743292039396489 0.20932959709088197 0.90803251903937909 0.4341530597848699 1.2304545082850691 0.0094775683688361218 0.13250767453842247 0.21911369462306743 2.602003343538398
decision_type=2 10 10 10 10 2 2 8 8 2 2 2 8 10 8 8 2 2 8 2 2 10 2 2 2 10 2 10 2 10
left_child=-1 2 3 4 -2 -5 -7 8 -4 13 -11 -3 -10 14 19 29 17 -17 20 -9 21 26 23 -23 28 -26 27 -18 -22 -15
right_child=1 11 7 5 -6 6 -8 9 12 10 -12 -13 -14 15 -16 16 18 -19 -20 -21 24 22 -24 -25 25 -27 -28 -29 -30 -31
leaf_value=-0.0023737417449910367 0.0083680516752078389 0.0016453182963235312 0.00018173209878535201 -0.00068662893203338049 -0.0018284089432270283 0.010041187098244541 6.0975803586078618e-05 0.001949554487839985 0.0071688272154548796 6.3181874380765929e-05 0.0019485017122156869 -0.00026858494832599286 0.0040124061172099948 0.00010451911159063008 -0.00041730903687734795 0.0027243840841729857 0.0022452885946865567 0.00088584181219134332 -0.00065652830779728774 -0.00065639565155036763 -2.6701762946077833e-05 0.0025721499955711864 -0.00095579468968232681 0.0017927106634891511 -0.00029319942429938204 0.0012429544813031513 -0.0014942058644332268 -0.00036257426094625121 0.0015394498020769481 -0.00027331951144464104
leaf_weight=370 79 80 695 208 1182 40 84 421 40 70 46 5640 134 7243 4216 55 62 278 288 303 1814 64 41 46 60 65 170 65 44 5745
leaf_count=370 79 80 695 208 1182 40 84 421 40 70 46 5640 134 7243 4216 55 62 278 288 303 1814 64 41 46 60 65 170 65 44 5745
internal_value=-0.000238592 -0.000211893 -9.39775e-05 -0.00102196 -0.00154754 0.000972972 0.004224 -2.66328e-05 0.00124483 -7.90641e-05 0.0034359 -0.000697431 0.00524571 -9.86614e-05 -0.000534306 3.55332e-05 0.000676056 0.00266766 0.000431249 0.00101793 0.000689555 0.00228508 0.00590132 0.00918919 0.000328124 0.00392857 0.000432885 0.00311719 8.39154e-05 -0.000115021
internal_weight=29648 29278 23558 1593 1261 332 124 21965 869 21096 116 5720 174 20980 4940 16040 3052 333 2719 724 2431 448 151 110 1983 125 297 127 1858 12988
internal_count=29648 29278 23558 1593 1261 332 124 21965 869 21096 116 5720 174 20980 4940 16040 3052 333 2719 724 2431 448 151 110 1983 125 297 127 1858 12988
is_linear=0
shrinkage=0.03


Tree=143
num_leaves=31
num_cat=0
split_feature=0 14 0 5 13 8 3 15 17 14 0 16 3 8 10 15 9 14 0 1 14 9 15 17 17 6 14 8 14 15
split_gain=2.01079 2.11447 1.89592 1.40702 2.10953 3.40522 4.21043 3.01058 2.25081 1.97299 1.76346 1.73095 2.35601 1.80418 1.68181 2.45751 1.9418 1.6421 1.81749 2.91184 2.77718 3.07004 1.66205 3.43546 3.14804 1.56535 1.56332 4.63174 2.04207 1.42529
threshold=0.85446000408198086 0.8101995766065343 1.3959264436517886 0.72997900481173783 0.089730378936847641 1.1243356542607239 0.10849705157511756 1.0000000180025095e-35 0.23122480746474805 0.4637785508060806 2.9971553854031452 -0.0820776103524294 0.14987364569487927 22.321054984331955 0.5834349031510967 3.1132683346437333 0.24819894757536004 0.38758999002680905 1.1596391463717934 0.1908263305322129 0.17386590917074782 0.098126959454704774 2.4414009612931857 0.5792031075484988 -0.0045812393932796987 -0.037559643445658347 0.18308201311881486 1.4622763918818722 0.060220462704673579 1.7005986908310777
decision_type=10 2 10 8 2 10 2 10 10 2 10 10 2 10 8 8 10 2 10 10 2 10 10 10 8 2 2 10 2 10
left_child=-1 3 -3 9 10 6 -6 8 -7 -2 -5 12 25 17 15 16 -8 18 26 22 -21 -22 23 24 -20 -9 27 28 -13 -12
right_child=1 2 -4 4 5 7 14 11 -10 -11 29 13 -14 -15 -16 -17 -18 -19 19 20 21 -23 -24 -25 -26 -27 -28 -29 -30 -31
leaf_value=-0.0020721808416030944 -0.0015934782980159751 0.0019951670663500578 0.00035170062157556395 -0.00017869867440284466 0.0027595286265168347 0.00091152716935825103 -0.00038178416718949616 0.010426920033602929 0.0060121511500611973 0.00045403772364879032 -0.00035726771117233069 0.0011664914911620682 0.0048659327395462115 -0.00091089034222199643 0.0010616375029021492 -0.0009716313837530424 0.0014787259663782348 -0.00054024933851159443 0.0036014006249877814 -0.001223567891403978 0.0011114602433196722 0.00084488164657946945 6.8872553998523936e-05 0.0065728331855636393 -0.00037788652188548244 -0.0012510417959785748 -0.00088972612939921961 0.0014101152806488128 -0.0011059643496532368 0.0006004682597706381
leaf_weight=1301 601 47 97 19021 43 77 58 40 53 204 926 42 45 914 254 173 107 662 61 46 51 119 1657 105 175 60 474 70 187 1951
leaf_count=1301 601 47 97 19021 43 77 58 40 53 204 926 42 45 914 254 173 107 662 61 46 51 119 1657 105 175 60 474 70 187 1951
internal_value=-0.000232024 -0.00017902 0.00343448 -0.000197609 -0.000161224 0.000365546 0.00242924 9.42336e-05 0.00458015 -0.001433 -0.000292891 -3.05805e-05 0.00318493 -0.000133436 0.00176054 0.000371681 0.00298193 0.000165205 0.000464859 0.000902031 0.00420276 0.00596491 0.000543271 0.00244737 0.000430379 0.000594059 -0.000786822 0.000909999 -0.00116087 0.000399235
internal_weight=29621 28320 144 28176 27371 5473 635 4838 130 805 21898 4708 145 4563 592 338 165 3649 2987 2214 216 170 1998 341 236 100 773 299 229 2877
internal_count=29621 28320 144 28176 27371 5473 635 4838 130 805 21898 4708 145 4563 592 338 165 3649 2987 2214 216 170 1998 341 236 100 773 299 229 2877
is_linear=0
shrinkage=0.03


Tree=144
num_leaves=31
num_cat=0
split_feature=0 14 10 14 17 4 7 14 0 14 8 8 15 7 14 4 14 5 15 8 12 14 15 11 12 15 14 4 4 10
split_gain=2.06878 1.51209 1.38592 1.37867 1.50731 3.02733 1.96345 1.70457 1.8658 1.35839 1.34198 2.35705 1.68792 1.57784 2.55797 3.68842 3.72876 1.33947 1.33719 1.35561 1.31608 1.23832 1.8767 2.33795 1.89264 1.86738 2.83899 2.51106 1.72117 1.68576
threshold=0.91535667307815294 0.84007426042915634 0.5111665781888094 0.73530358453624522 -0.008693609538709136 2955.559003940577 0.14169296234077466 0.056909114681247798 1.3720085474392831 0.76104709913060808 1.0406965685039824 1.1178591004362515 3.6505739029280164 0.044996701473583034 0.27098928658863303 1676.0860259849462 0.49324835914094489 0.89983818770226554 2.4414009612931857 0.98299302357381013 0.51638661858088286 0.21366555468538176 2.249904835165133 10.416625500706008 0.1868210995661759 3.0677824455408698 0.20409906052518081 1417.9655880788703 1585.7207385399145 1.4299920114232096
decision_type=10 2 8 2 8 10 10 2 10 2 8 8 10 10 2 8 2 10 8 10 2 2 8 2 2 10 2 10 10 10
left_child=18 2 3 4 5 7 -7 8 -2 -5 -4 12 13 14 -12 16 -16 21 20 -20 -1 25 23 -23 -25 28 -27 -28 29 -13
right_child=1 -3 10 9 -6 6 -8 -9 -10 -11 11 17 -14 -15 15 -17 -18 -19 19 -21 -22 22 -24 24 -26 26 27 -29 -30 -31
leaf_value=-0.00041602396333511059 0.00019230598028641526 0.00066387831447965566 -0.00052609269535347969 0.0022577004650808333 -0.00041352880695217856 8.0988754178343678e-06 0.010296475237462757 -0.00024536535296535789 0.0038303705869498234 -0.00067687005581626306 0.00042219852790433243 -0.00018899565605524864 -0.00095284532221364814 0.00031511072454356231 0.0030829116198105699 -0.00026014592519184028 0.00088978177345218649 -0.0010600601561340688 0.0014950640883859691 -0.0025691616399090805 0.0031323712270038941 0.00013140963946765022 -0.00022964754339113843 0.00020574660965552813 0.0026720560610905527 0.00020562863327148925 -0.00037351790007026769 0.0050206250574980505 -0.00036569209170448427 0.00046244460785933422
leaf_weight=614 110 53 497 41 5250 48 54 1276 51 46 164 2351 189 785 41 49 62 521 91 995 59 2012 7723 59 65 2063 52 110 2191 1901
leaf_count=614 110 53 497 41 5250 48 54 1276 51 46 164 2351 189 785 41 49 62 521 91 995 59 2012 7723 59 65 2063 52 110 2191 1901
internal_value=-0.000245191 -0.000181956 -0.000191723 -0.000561001 -0.000609279 0.000216233 0.00518447 -0.000139778 0.00275926 0.00317045 -6.98318e-05 -3.21557e-05 0.00120836 0.00165789 0.00344479 0.00623529 0.00943269 -0.000116227 -0.00124261 -0.00189328 -0.000191395 -7.39968e-05 -0.000303956 0.000482919 0.004464 0.000187564 0.000936657 0.00474847 -7.12298e-05 0.000280742
internal_weight=29523 27764 27711 6876 6789 1539 102 1437 161 87 20835 20338 1290 1101 316 152 103 19048 1759 1086 673 18527 9859 2136 124 8668 2225 162 6443 4252
internal_count=29523 27764 27711 6876 6789 1539 102 1437 161 87 20835 20338 1290 1101 316 152 103 19048 1759 1086 673 18527 9859 2136 124 8668 2225 162 6443 4252
is_linear=0
shrinkage=0.03


Tree=145
num_leaves=31
num_cat=0
split_feature=12 14 4 11 15 1 14 11 13 4 9 11 16 14 20 11 15 11 9 9 9 1 9 15 12 3 8 8 4 7
split_gain=1.54573 2.15502 5.39149 3.37571 2.17628 3.96324 1.99537 1.98136 1.97375 2.57853 2.81664 3.3606 2.73025 2.14199 3.19207 2.6107 2.47371 4.94274 5.07622 6.66532 3.30261 2.77019 5.40369 3.11882 3.24128 2.02701 2.00624 3.05433 2.28954 3.7741
threshold=0.1868210995661759 0.6051968757028342 2182.6695947818021 11.172981207756957 3.9415346756528771 0.12444690265486726 0.8101995766065343 7.4386775612200848 0.044132052742836693 10054.386035047779 0.22043901052556461 10.73775444887278 0.15473815497581486 0.069160859213716855 1.0027193482768479 8.11641702821424 3.0201273556387074 9.4526981414443565 0.011074815402837687 0.10307723744095941 0.07043692786892701 0.037268518518518541 0.11999506724478097 3.2384861814448418 0.081580110689951205 0.24666339963886841 10.252240042950637 1.7757009531749952 710.54295714303885 0.19052385255407314
decision_type=2 2 10 2 10 10 2 2 2 8 10 2 10 2 2 2 10 2 10 10 10 10 8 10 2 2 8 10 10 10
left_child=1 8 4 -4 6 -6 -3 -2 13 26 11 12 -11 14 16 -15 17 18 -1 20 -20 22 25 24 -23 -18 27 -10 -29 -30
right_child=7 2 3 -5 5 -7 -8 -9 9 10 -12 -13 -14 15 -16 -17 21 -19 19 -21 -22 23 -24 -25 -26 -27 -28 28 29 -31
leaf_value=-0.0014412759112463504 -0.00087065501918851711 -0.00026992530766523342 0.0016977440338299201 -0.00011221067689218169 -0.001398953541678635 0.0031982858034425854 0.001514268612703457 5.7244083559136169e-05 -9.4947070943910507e-05 0.0037851130009825679 -0.0021308953351255955 0.0023408477378544994 -0.0024440368283234156 0.00017620305356826202 -0.0011519959170544448 -0.00082150607988838893 -0.0016023194487558186 -0.0012726390334146225 0.0082656755252753216 -0.00072762374772028504 0.0046339232946540935 0.0003639985736190574 0.0027619457806020891 -0.00014096768496441094 0.0014701088548442259 0.0009666201151760645 -0.00085749953281255597 -9.1137966696374823e-05 0.0033674969494886923 0.0011322993732886789
leaf_weight=145 1094 987 197 86 46 51 76 11314 5632 62 75 42 47 780 415 4898 54 370 65 64 44 102 50 385 74 41 1749 269 218 254
leaf_count=145 1094 987 197 86 46 51 76 11314 5632 62 75 42 47 780 415 4898 54 370 65 64 44 102 50 385 74 41 1749 269 218 254
internal_value=-0.000225958 -0.000409399 0.000700138 0.00440493 -0.000206719 0.00407143 -0.000600565 2.9494e-05 -0.000510546 -0.000193317 0.00296035 0.00530921 0.00248182 -0.000864183 3.48059e-05 -0.00115056 0.00072258 -0.00055733 0.00218182 0.00563793 0.0101182 0.00196888 0.00565068 0.0010089 0.00430508 0.00140625 -0.000281424 -3.4359e-05 0.00177493 0.00303171
internal_weight=29686 17278 1443 283 1160 97 1063 12408 15835 8348 226 151 109 7487 1809 5678 1394 688 318 173 109 706 145 561 176 95 8122 6373 741 472
internal_count=29686 17278 1443 283 1160 97 1063 12408 15835 8348 226 151 109 7487 1809 5678 1394 688 318 173 109 706 145 561 176 95 8122 6373 741 472
is_linear=0
shrinkage=0.03


Tree=146
num_leaves=31
num_cat=0
split_feature=0 3 17 1 3 1 14 14 7 11 13 16 17 13 16 14 8 4 3 7 20 8 5 1 3 11 0 1 11 4
split_gain=1.89103 1.90165 2.81917 2.22855 1.74407 2.45284 2.96311 5.90926 2.162 1.61001 2.14815 1.58401 1.57505 2.22567 2.92274 2.50521 2.04914 1.81481 1.7445 1.74034 1.60001 2.57566 1.94279 2.0197 2.44467 3.5849 1.85411 2.65671 2.24256 3.01471
threshold=1.0164117925450027 1.0000000180025095e-35 0.03836038240774655 0.12556306306306311 0.44777324829393889 0.15444245676803822 0.18455293740530895 0.048308477645043479 0.16498809055302777 9.4242817117107354 0.17784876044119557 0.38998913354352988 0.34428813226445015 0.041806246821104738 0.32670853693585594 0.24327338998578471 1.1294989590188931 10054.386035047779 0.17532194309480845 0.19542222638776474 0.84566477189134248 1.3568827364051679 0.76979156930554271 0.098199935711989719 0.11012507413063923 10.313542110776185 2.2666072860717121 0.038218111002921114 10.379209176752907 2472.7641081700808
decision_type=10 2 8 8 2 8 2 2 10 2 2 8 10 2 10 2 10 8 2 8 2 10 10 10 2 2 10 8 2 10
left_child=-1 2 -2 -4 9 -6 7 -7 -9 10 -3 12 13 14 19 -16 18 -15 -14 -11 21 22 23 -18 -25 -26 27 -23 -28 -30
right_child=1 4 3 -5 5 6 -8 8 -10 11 -12 -13 16 17 15 -17 20 -19 -20 -21 -22 26 -24 24 25 -27 28 -29 29 -31
leaf_value=-0.00073253622103717695 0.0056152967248935979 2.6825142871597075e-05 -0.000441016687603826 0.0055028091454707813 3.5532458555485227e-05 0.00027339067834442217 -0.0011628016045342254 0.004751680810889859 0.0018707597654829052 -0.00094253125118484661 0.0026855358987314909 -0.00071362147679080313 0.0028784277948423914 -5.8938307629831111e-05 -0.0001887042621507179 0.0042333723552868798 0.00027053794693419382 0.00080686850248505202 0.0001537912570505732 -0.00023231818011285144 -0.0006359319871275757 -0.00064741978415022835 -0.0011683831806462879 -1.7027872371286064e-05 0.0009896117050048885 0.0010037177609611219 -3.0890182299337698e-05 0.00016880244920664705 0.0015734268611203861 0.00028663248549122669
leaf_weight=3577 68 6775 207 62 858 112 65 46 40 2348 72 1916 83 5177 87 52 426 119 134 1979 789 1623 67 52 83 62 1032 1288 226 282
leaf_count=3577 68 6775 207 62 858 112 65 46 40 2348 72 1916 83 5177 87 52 426 119 134 1979 789 1623 67 52 83 62 1032 1288 226 282
internal_value=-0.000256194 -0.000167618 0.00206805 0.000677777 -0.000196907 0.000959892 0.00348864 0.00530653 0.0111724 -0.000249504 0.0001415 -0.000399698 -0.000301509 -0.00053836 -0.00103157 0.00323571 7.46577e-05 -0.000122334 0.00293119 -0.00116936 -3.03497e-05 0.000162776 0.00186686 0.00238942 0.00489394 0.00688356 -0.000101753 -0.000547047 0.000739779 0.00236935
internal_weight=29707 26130 337 269 25793 1121 263 198 86 24672 6847 17825 15909 9762 4466 139 6147 5296 217 4327 5930 5141 690 623 197 145 4451 2911 1540 508
internal_count=29707 26130 337 269 25793 1121 263 198 86 24672 6847 17825 15909 9762 4466 139 6147 5296 217 4327 5930 5141 690 623 197 145 4451 2911 1540 508
is_linear=0
shrinkage=0.03


Tree=147
num_leaves=31
num_cat=0
split_feature=0 9 4 4 14 9 13 7 9 8 13 15 8 0 16 14 4 11 11 13 7 14 17 13 11 4 11 4 14 17
split_gain=2.1974 1.54726 2.00966 2.15583 2.47672 2.31541 3.30759 2.68929 1.93585 3.40723 2.06957 2.59866 3.06226 5.06763 2.06002 3.38077 2.60193 3.78786 4.85392 6.03976 1.8146 2.8178 2.41201 1.94524 2.0076 3.15928 2.3808 2.19122 3.65319 3.10796
threshold=1.1031500511881212 0.043281632010347196 437.79539773611265 347.99041384294941 0.35205851546309225 0.0092517436267436307 0.026474482200532997 0.29836536949199766 0.14562432612480156 1.2363096600484551 0.049463911496686781 1.8688348091416842 1.6742513913644708 2.1196405718482905 0.22653650473347378 0.066731164928892875 2048.6484672301158 9.2558394109061286 10.077587907450397 0.0048869758444924907 0.20677901924410444 0.12501922485389114 0.18669575667913088 0.12924751177469693 10.917676020672403 1457.8257225913492 11.608626469387564 1735.9302651669552 0.50838994513145574 0.49643209793624132
decision_type=10 8 8 10 2 10 2 10 10 8 2 10 8 10 10 2 8 2 2 2 10 2 8 2 2 10 2 10 2 10
left_child=-1 2 3 4 -2 6 7 -5 10 -10 14 12 -12 -14 15 16 17 -3 -19 -20 21 -13 -22 24 25 -23 -26 -27 29 -29
right_child=1 8 -4 5 -6 -7 -8 -9 9 -11 11 20 13 -15 -16 -17 -18 18 19 -21 22 23 -24 -25 26 27 -28 28 -30 -31
leaf_value=-0.00040624651589711612 -0.00049872382861193369 0.0061008461397595425 -0.00032406736898688303 0.0043498094987127704 0.0024713134024329313 -0.00010164427063046157 -4.228027470398449e-05 0.0018706377291042155 0.00025218615249296276 -0.00053831583586076899 -0.00022209529512958075 -0.00110834432258989 0.013109326094159469 0.0056195831062409961 0.00028080022351919279 -0.00035295687689295584 -0.0015011659646873314 -0.00032815360987313162 0.001793156755212769 -0.00011428994228911835 0.0045957559735977198 0.0001693357350303174 -3.6778322744806398e-05 -0.00012293926543958104 -0.00078088807605785672 0.0018871702952420241 0.00088957290906693776 -0.00025449947893248795 0.0017172138378654311 0.0016507167738945747
leaf_weight=6600 564 43 8102 41 78 96 52 45 1039 2557 80 432 63 57 2501 3801 87 195 69 60 84 862 92 683 361 231 66 317 93 205
leaf_count=6600 564 43 8102 41 78 96 52 45 1039 2557 80 432 63 57 2501 3801 87 195 69 60 84 862 92 683 361 231 66 317 93 205
internal_value=-0.000258417 -0.000119703 -0.000426997 0.000937285 3.73243e-05 0.00339574 0.0058705 0.00944828 7.76872e-05 -0.000522102 0.000285466 0.000863523 0.0041791 0.00719008 -2.48638e-05 -0.000426457 0.00201758 0.00312228 0.00199385 0.00648461 0.000668806 0.000507535 0.00362712 0.000853493 0.00129916 0.00175892 -0.00053972 0.00306021 0.00211851 0.00113575
internal_weight=29556 22956 8978 876 642 234 138 86 13978 3596 10382 3626 200 120 6756 4255 454 367 324 129 3426 3250 176 2818 2135 1708 427 846 615 522
internal_count=29556 22956 8978 876 642 234 138 86 13978 3596 10382 3626 200 120 6756 4255 454 367 324 129 3426 3250 176 2818 2135 1708 427 846 615 522
is_linear=0
shrinkage=0.03


Tree=148
num_leaves=31
num_cat=0
split_feature=0 3 4 10 2 2 9 19 9 10 17 7 8 9 12 9 10 0 11 9 4 11 11 17 8 8 9 9 9 11
split_gain=1.69471 1.75094 1.71017 1.51892 1.83898 1.64911 3.24315 1.53859 1.76692 1.53968 1.54937 1.87036 3.05989 2.14361 1.58932 1.54654 1.40115 1.39908 1.55662 1.52137 1.44805 1.34665 2.00231 1.30966 1.34287 1.32574 1.28447 1.69329 1.93078 1.2365
threshold=1.0029662278139384 0.45538144103667294 4700.9414199288212 0.4761004726816031 4.5118933025651744 6.4299344268382068 0.08177907867071392 9.5000000000000018 0.27130284224907136 1.3750992630040377 0.15415455653252411 0.16638951926295356 1.4311412154884666 0.12881914306789252 0.10831050019684786 0.045245511374807666 1.609304553133039 2.2666072860717121 10.389164584650848 0.084176893584138782 1618.6898756703406 7.4386775612200848 7.8334020861510814 -0.012862231510444888 2.3266411702237009 1.0554537821113157 0.0025046752417442089 0.025039560140516989 0.016742102850304325 6.6247287979039262
decision_type=10 2 8 8 10 8 10 2 10 10 8 10 10 10 2 10 10 10 2 10 8 2 2 10 8 8 10 10 10 2
left_child=-1 3 21 5 7 6 -2 -5 9 15 -11 12 13 -12 -14 -9 -16 -13 19 20 -19 -3 -23 24 -7 -25 -24 28 -28 -27
right_child=1 2 -4 4 -6 23 -8 8 -10 10 11 17 14 -15 16 -17 -18 18 -20 -21 -22 22 26 25 -26 29 27 -29 -30 -31
leaf_value=-0.00073692276482425047 0.0012892343382657093 -0.0023712238722725745 0.012414287459433408 -6.2368503813791504e-05 -0.00052238153460895784 -0.00014951935870672432 -0.00027358751947189567 -0.00064680694938949171 0.0025260073058004768 -0.00015368858996732591 -0.00059552446341317919 3.4704138035531917e-05 0.00091543318162346486 0.0007259138643327227 0.0021920118252717231 0.00020389687046035138 0.0040247004601809437 0.001644438188852201 0.0042168650741050183 0.0012170121404509032 -0.0015477078258076531 0.0012723072980932208 -0.0014603816721599308 0.00022000866613947987 0.0020648753098648398 0.0091874823402541168 0.00024176805112044434 0.0002591111689538158 0.0016691307971810055 -0.00063092992249748835
leaf_weight=3252 70 79 55 14018 1190 991 150 889 74 433 155 630 56 66 55 1723 53 61 43 44 69 47 75 236 320 43 90 599 43 4056
leaf_count=3252 70 79 55 14018 1190 991 150 889 74 433 155 630 56 66 55 1723 53 61 43 44 69 47 75 236 320 43 90 599 43 4056
internal_value=-0.000250287 -0.000170706 0.00106774 -0.000218871 -9.18719e-05 -0.000642237 0.00190045 -1.78015e-05 0.000474953 0.00039481 0.00110744 0.00164963 0.00338083 0.00106757 0.00647273 -5.97022e-05 0.00858716 0.000859669 0.00293119 0.00164571 -7.09796e-10 0.000761241 0.00110877 -0.000741633 8.91761e-05 -0.000992851 0.000753712 0.00113779 0.00418657 -0.00111878
internal_weight=29665 26413 988 25425 19559 5866 220 18369 4351 4277 1665 1232 385 221 164 2612 108 847 217 174 130 933 854 5646 1311 4335 807 732 133 4099
internal_count=29665 26413 988 25425 19559 5866 220 18369 4351 4277 1665 1232 385 221 164 2612 108 847 217 174 130 933 854 5646 1311 4335 807 732 133 4099
is_linear=0
shrinkage=0.03


Tree=149
num_leaves=31
num_cat=0
split_feature=0 15 14 3 5 14 10 9 15 10 14 3 8 17 16 9 12 15 8 11 3 9 8 15 14 11 1 9 3 14
split_gain=1.98366 1.90778 1.66037 3.19903 1.60437 2.31817 1.76639 1.78055 2.43285 1.73591 2.20388 1.70498 1.73863 1.60419 1.74726 1.82363 1.60029 1.59099 1.93763 1.62829 2.66771 1.71749 2.17192 1.71203 1.9858 1.93031 1.65745 1.62909 1.5023 1.66647
threshold=0.97088369278733999 2.740319461670996 0.60019321080588428 -1.0000000180025095e-35 0.99669146019079535 0.051081968121981729 0.63074442718487911 0.043878594015436569 4.0859410030639109 3.7867060182546477 0.11022841259527735 0.31871700721017332 1.0975003263422065 -0.021005849207319318 0.36631070022541584 1.0000000180025095e-35 -0.15746173708337705 3.4175922930736511 1.5737304012140558 9.321747568549986 0.11467231647899305 0.046109105025071422 1.3449449537289622 2.740319461670996 0.68027517933753268 10.049944424840264 0.038627320954907181 0.11193775389353218 0.2810238662060715 0.42876593534121193
decision_type=10 8 2 2 8 2 8 8 10 8 2 2 8 8 10 8 2 10 8 2 2 10 10 10 2 2 10 10 2 2
left_child=1 16 4 -4 5 -2 13 8 -8 11 -11 12 28 14 15 -6 -1 18 19 21 -21 -5 -23 25 26 27 -25 -22 29 -9
right_child=2 -3 3 17 6 -7 7 9 -10 10 -12 -13 -14 -15 -16 -17 -18 -19 -20 20 23 22 -24 24 -26 -27 -28 -29 -30 -31
leaf_value=-0.0020378399483621502 0.0011547680266466933 -0.0017260304915390509 0.0049705905675198761 0.0077483646121753891 0.0035754290121740228 -0.00062217597172272777 -0.00024325467223127489 0.0027854489984689623 0.0011880603416941941 -0.0002269724521771126 0.0045507004195567118 -0.00027696010029606288 0.00014369966831753362 -0.00043945452367854138 0.0034235487276306469 -0.0001375400929628034 0.00034013232884530492 -0.00065730979840839822 -4.5975228290628093e-05 0.0056591599190902739 -0.00019364666612033116 -0.00056203725892958213 0.0011387554619985217 0.0011238667175735709 -0.0016567998565565646 0.0021849681293779396 2.4580353498301366e-05 0.0011077900027560638 -0.00058643329515819956 0.00018416719009220101
leaf_weight=292 58 1393 60 44 97 1541 5887 131 43 43 40 1954 7681 5637 46 1335 876 479 943 60 54 249 46 66 108 53 112 44 46 120
leaf_count=292 58 1393 60 44 97 1541 5887 131 43 43 40 1954 7681 5637 46 1335 876 479 943 60 54 249 46 66 108 53 112 44 46 120
internal_value=-0.000245574 -0.00104333 -0.000169806 0.000597671 -0.000241972 -0.00116063 -0.000178224 -2.82274e-06 -0.000414771 0.000241114 0.00453571 0.000204771 0.000399297 -0.000571249 0.000308316 0.000121423 -0.000148846 0.000414342 0.000827527 0.00187814 0.00296988 0.000273529 -0.000557433 0.00214383 0.000773518 0.0047171 0.00271508 0.00218182 0.00264765 0.00355952
internal_weight=29538 2561 26977 2318 24659 1599 23060 15945 5930 10015 83 9932 7978 7115 1478 1432 1168 2258 1779 836 497 339 295 437 286 151 178 98 297 251
internal_count=29538 2561 26977 2318 24659 1599 23060 15945 5930 10015 83 9932 7978 7115 1478 1432 1168 2258 1779 836 497 339 295 437 286 151 178 98 297 251
is_linear=0
shrinkage=0.03


Tree=150
num_leaves=31
num_cat=0
split_feature=12 14 4 8 11 11 13 4 14 9 9 5 0 14 13 2 16 4 8 12 5 14 4 15 4 15 8 11 8 14
split_gain=1.84194 1.57647 2.41395 2.8217 3.64934 3.33741 4.9745 6.80237 2.83477 2.95937 3.19825 2.43314 2.39547 2.25208 1.98913 1.97565 1.82917 1.91314 2.09652 2.68764 1.78671 1.78194 1.67402 1.57715 1.5054 3.85577 1.62919 1.48551 1.35477 1.57906
threshold=-0.12727864796275631 0.48378809972364439 1402.4269560202492 1.84002488456723 11.040871735576252 10.891857056098685 0.044565179699377448 2389.1763060635853 0.72278063596169628 0.054235805098685426 0.067661831142878395 0.85767590618336909 1.2160094804386865 0.6599086232578476 0.061137371695798186 3.8501650580953637 0.30897508697383347 496.11124446763648 1.0777995932501978 0.35262464095983953 0.02409988385598142 0.6401078916798818 6151.5519425694483 4.6867395546766826 194.4544482688103 2.524928003624769 3.7508938994803382 7.7095325989200179 1.0852351034540757 0.56832116494813956
decision_type=2 2 10 10 2 2 2 10 2 10 10 8 10 2 2 8 10 8 10 2 10 2 10 10 8 10 10 2 10 2
left_child=-1 12 11 4 5 8 7 -7 9 -4 14 -3 24 22 -11 -6 -13 18 -18 27 -14 -9 28 -17 25 26 -2 -20 29 -12
right_child=1 2 3 -5 15 6 -8 21 -10 10 13 16 20 -15 -16 23 17 -19 19 -21 -22 -23 -24 -25 -26 -27 -28 -29 -30 -31
leaf_value=-0.0021057453714200462 -0.0004770103302820524 0.0084797056721964744 -0.00057905623148728094 -0.00018688612366470853 0.0016714780881886008 0.0030996538202387809 -7.2539616242222986e-05 -0.00051324522145682007 0.0021993888821372175 0.0009473030378311715 0.002422470962847886 -0.00032781200426024236 -3.3568279853369111e-06 0.0022043541788528591 0.0018655891616283574 -0.00060165876010875635 -0.00036832756680534214 -9.4380472488450764e-05 0.0033165936049261513 -0.0012494303634936418 -0.00047449217309837106 0.0031484245115880314 0.0017251741951749564 0.00038420193141558016 -0.00040632750550418273 0.0021447268042365849 0.0059086131862329709 0.0011169458094815556 6.4839054189441393e-05 0.00070346523841987826
leaf_weight=485 220 43 271 973 40 56 80 46 44 59 42 1990 14338 46 43 491 50 551 52 46 1117 46 51 44 7542 50 63 80 525 52
leaf_count=485 220 43 271 973 40 56 80 46 44 59 42 1990 14338 46 43 491 50 551 52 46 1117 46 51 44 7542 50 63 80 525 52
internal_value=-0.000236247 -0.000205598 0.000240649 0.000846391 0.00150852 0.00235462 0.00565939 0.00889933 0.00168518 0.0013789 0.00227839 -0.000386065 -0.000315032 0.00156485 0.0072233 -0.000494792 -0.000497113 0.000734615 0.0030393 0.00455866 -9.80209e-05 0.00380645 0.00111773 -0.000979478 -0.000740859 0.00123054 -0.000137325 0.0067218 0.000682257 0.00397895
internal_weight=29536 29051 5721 2909 1936 1361 228 148 1133 1089 818 2812 23330 716 102 575 2769 779 228 178 15455 92 670 535 7875 333 283 132 619 94
internal_count=29536 29051 5721 2909 1936 1361 228 148 1133 1089 818 2812 23330 716 102 575 2769 779 228 178 15455 92 670 535 7875 333 283 132 619 94
is_linear=0
shrinkage=0.03


Tree=151
num_leaves=31
num_cat=0
split_feature=12 15 9 9 9 4 8 1 11 9 11 11 14 8 14 1 7 15 15 11 17 4 12 0 11 17 15 9 9 14
split_gain=1.58871 1.52676 1.66528 1.71975 2.20531 4.1525 2.77178 2.13761 5.02455 1.37309 3.17219 3.40431 2.2348 6.95323 4.85496 2.19944 2.83472 2.43371 2.04177 1.51074 1.4546 1.43174 1.71319 1.41468 2.22897 3.73034 2.16365 2.15793 1.85059 2.0829
threshold=-0.15746173708337705 3.4498615536424366 0.14562432612480156 0.043878594015436569 0.05537522069647479 1500.122709295774 1.9823317515558383 0.069204980842911892 11.172981207756957 0.21306072917871291 10.303102246404025 8.8742380644736638 0.25284066456771392 1.1495708787825931 0.41987701996457805 0.28647416413373866 0.068931760951852286 3.1567740231385479 2.249904835165133 10.049944424840264 0.28336486250618664 1000.9299533340974 0.026711309913309837 1.3382948758477007 8.014831632406624 1.1420528169633293 2.602003343538398 0.11566372771018558 0.16083504703489224 0.3177464907872744
decision_type=2 8 10 8 8 10 10 10 2 10 2 2 2 10 2 10 10 10 10 2 10 10 2 8 2 10 10 10 10 2
left_child=-1 9 3 7 5 -5 -7 -3 -9 23 11 -11 15 14 -14 16 -13 20 -16 21 -18 22 -15 24 25 26 27 -2 -26 -30
right_child=1 2 -4 4 -6 6 -8 8 -10 10 -12 12 13 19 18 -17 17 -19 -20 -21 -22 -23 -24 -25 28 -27 -28 -29 29 -31
leaf_value=-0.002439857987294711 -0.00020392146326313215 -0.00055973508594143789 -0.0007521085961826636 3.8998711801053241e-05 -3.1093086120410027e-05 0.0032970143378582913 0.0004527186524467492 -0.0012722853218735443 0.0059118998598717033 -0.0012901196021431502 -0.00056003700116594461 -0.0008429029898815993 0.0027876304211597656 -0.0013297615097927736 0.0021934713010473119 -0.0013156412713919087 0.00046991967853511694 0.0041291796875634534 0.00096045716808944618 0.00080542745162581893 0.0011380143871012559 -0.0016679518606389032 0.0018505878004564434 2.5247786365031729e-05 -0.00032145701938496578 0.0035267024288398729 0.0019505053238879917 0.0011785281282381717 -0.00027281735208911726 0.0012520005043424704
leaf_weight=369 762 2310 1473 184 2472 40 41 95 41 154 406 109 76 42 40 156 139 48 139 48 40 123 65 11952 7464 112 47 40 350 258
leaf_count=369 762 2310 1473 184 2472 40 41 95 41 154 406 109 76 42 40 156 139 48 139 48 40 123 65 11952 7464 112 47 40 350 258
internal_value=-0.000227565 -0.000202827 -0.000602074 -0.000348959 0.00016764 0.00276316 0.00837805 -0.00092685 0.00271533 -8.50656e-05 0.000766077 0.00155339 0.00217836 0.00352247 0.00708984 0.000718052 0.00208309 0.00398684 0.00435 0.000236558 0.00235 -0.000779221 0.00175 -0.000149386 -0.000432699 0.000932432 0.000250588 -0.000119552 -0.000595318 0.000995073
internal_weight=29595 29226 6656 5183 2737 265 81 2446 136 22570 1585 1179 1025 533 255 492 336 227 179 278 179 230 107 20985 9033 961 849 802 8072 608
internal_count=29595 29226 6656 5183 2737 265 81 2446 136 22570 1585 1179 1025 533 255 492 336 227 179 278 179 230 107 20985 9033 961 849 802 8072 608
is_linear=0
shrinkage=0.03


Tree=152
num_leaves=31
num_cat=0
split_feature=0 15 13 3 4 3 4 0 9 3 15 3 8 15 9 9 13 8 9 9 16 15 5 2 15 8 0 16 4 9
split_gain=1.64001 2.29625 1.7508 2.36046 2.15018 2.2173 5.32308 2.12571 2.55178 1.70477 1.65456 1.603 2.45667 1.76857 1.54501 1.52701 1.45682 1.42851 1.48477 2.67651 2.64662 3.69804 2.04009 1.3138 1.46676 1.30712 1.56983 1.47265 1.28759 1.88463
threshold=1.3337225955518035 4.6867395546766826 0.047357574945620123 0.14517936608201018 1735.9302651669552 0.043665070674123833 1307.3073861111686 1.1908479570236505 0.030654295777607515 0.50541988633251311 3.1132683346437333 0.23932119971451407 9.3708444805322699 2.524928003624769 inf 0.15834782876056028 0.21386658633885489 39.367390213594916 0.010705675148070165 0.060558081724274827 -1.0000000180025095e-35 2.8029010331479989 0.6505813953488373 4.1134699255607723 3.0201273556387074 1.1017638540243566 0.98284064312657604 0.28116518165990467 1450.1092417728153 0.052393578326517302
decision_type=10 10 2 2 10 2 8 8 8 2 8 2 10 8 8 8 2 8 10 10 10 10 10 8 10 10 10 10 10 10
left_child=1 2 3 10 5 6 -4 8 11 14 28 -5 13 -13 -9 23 17 18 20 22 -7 -22 -20 24 -2 -15 -27 -28 -1 -30
right_child=15 -3 4 7 -6 16 -8 9 -10 -11 -12 12 -14 25 -16 -17 -18 -19 19 -21 21 -23 -24 -25 -26 26 27 -29 29 -31
leaf_value=-0.00093903711515814765 -0.00050248521774467407 0.00042138706016826849 6.3990536077916706e-05 -0.0015202665874340915 -0.00046455948929059445 -0.0010875637024953223 0.012724367850770782 3.5488509697187996e-05 -0.00046615296731371074 0.0021643743095216589 -0.0016094710585938196 -0.00040922002170864683 0.01642975270602666 0.0022441232125702394 0.0058225424701670841 -0.0004485992872262829 0.0010654195384395188 -0.0022842192416868174 -0.00085343000313670928 0.00016781402457792592 0.0012122915401392861 0.0022502707538540321 0.0013497593605123726 2.3029231533470262e-05 0.0019971109020907535 -0.0015392290460453384 0.0010396177958437169 -8.7065316167509776e-06 -0.0012961142652494477 0.0011865618794287597
leaf_weight=961 42 78 108 149 1819 71 47 1778 3149 41 964 247 49 51 44 1564 46 153 852 2918 142 44 68 13431 41 52 86 73 249 288
leaf_count=961 42 78 108 149 1819 71 47 1778 3149 41 964 247 49 51 44 1564 46 153 852 2918 142 44 68 13431 41 52 86 73 249 288
internal_value=-0.000240661 -0.000468131 -0.000495987 -0.000785017 -0.00011868 0.000236628 0.00375 -0.000450525 -0.000852477 0.000381437 -0.00156151 0.000775423 0.00151342 0.000888235 0.000243554 -2.14876e-05 0.000108963 5.08348e-05 0.00015747 9.37673e-06 0.00236046 0.00423529 -0.00140065 8.12423e-05 0.00382143 0.00260076 0.00154245 0.00301875 -0.000936625 0.000239776
internal_weight=29605 14527 14449 8181 6268 4449 155 5719 3856 1863 2462 707 558 509 1822 15078 4294 4248 4095 3838 257 186 920 13514 83 262 211 159 1498 537
internal_count=29605 14527 14449 8181 6268 4449 155 5719 3856 1863 2462 707 558 509 1822 15078 4294 4248 4095 3838 257 186 920 13514 83 262 211 159 1498 537
is_linear=0
shrinkage=0.03


Tree=153
num_leaves=31
num_cat=0
split_feature=19 10 9 6 0 13 15 9 8 11 15 9 9 16 8 7 15 11 13 0 9 9 6 19 1 8 9 5 4 5
split_gain=1.56736 2.51516 2.82037 1.84985 1.58072 1.74874 1.76543 1.66854 1.53606 1.71612 1.47528 1.3903 3.74598 1.35098 1.53025 1.88719 1.63161 1.78849 2.00762 2.71406 1.29554 1.40815 3.0789 1.33725 1.27204 1.40774 1.1947 1.84297 1.79072 1.61552
threshold=9.5000000000000018 1.0961099094027522 0.21524633354306558 0.41436722261926345 1.6305790537585094 0.049463911496686781 2.1383330595080281 0.16910520303777629 1.1595887186518876 9.1254358589603495 2.9700856263602158 0.0025046752417442089 0.0055351307189542504 0.18216845795090039 1.2472824973766365 0.15739529108397105 3.3842466058243152 11.020218035545364 0.074461342176922685 1.2978347075943824 0.13176780733968915 0.038477211628976667 1.6202641591723397 5.5000000000000009 0.40495784825371345 1.0339606910840049 0.054235805098685426 0.99614229648569907 3269.865852109579 0.65997591328783634
decision_type=2 10 10 2 10 2 10 8 10 2 10 10 10 10 10 10 10 2 2 10 10 10 2 2 8 10 10 8 10 10
left_child=4 -2 3 -3 5 24 8 -6 9 -7 -4 -5 -13 26 -15 16 17 18 19 -16 21 -10 23 -23 -1 -26 29 -28 -29 -8
right_child=1 2 10 11 7 6 13 -9 20 -11 -12 12 -14 14 15 -17 -18 -19 -20 -21 -22 22 -24 -25 25 -27 27 28 -30 -31
leaf_value=-0.00032229260672141476 -0.00012224863613956156 -0.00058258697182059303 0.0017406462548081058 -0.0012371799700511871 4.6243021039927007e-05 0.00061102279194703802 -0.00067409404276390741 -0.00061979480474370506 -0.00034528635073878002 0.0015995282388866997 0.00049620475664931924 0.003540674487575818 0.0004889852637385933 -0.00091322233360782842 0.0012191532925019282 -0.001284076889936798 -0.00057971416976825561 0.001583958507003352 -4.9857190624272064e-06 -0.00014515539657607363 -0.0016514601065020979 0.0010495314586234277 0.0071729205640713462 -0.0010847012822905817 0.0033692791755821189 -0.0011035453929511925 -0.00076334328300468575 0.00015603119968306633 0.0051233179072817867 0.00051529291725068923
leaf_weight=8150 4369 607 79 103 6842 128 809 470 115 57 91 59 2061 464 42 398 295 40 434 44 166 97 43 77 80 750 322 2238 72 77
leaf_count=8150 4369 607 79 103 6842 128 809 470 115 57 91 59 2061 464 42 398 295 40 434 44 166 97 43 77 80 750 322 2238 72 77
internal_value=-0.000228094 0.000151017 0.000819726 0.000593429 -0.000353879 -0.000531177 -0.000130766 7.3834e-06 0.00130263 0.00362903 0.0045614 0.000994154 0.00115983 -0.000317992 -0.00100757 -0.000461723 0.000332943 0.00128342 0.000806141 0.00496552 0.000432865 0.00151351 0.00293119 0.00113143 -0.000795012 -0.00191336 1.87546e-05 0.000339536 0.000636088 -0.000933484
internal_weight=29579 7369 3000 2830 22210 14898 5918 7312 683 185 170 2223 2120 5235 1717 1253 855 560 520 86 498 332 217 174 8980 830 3518 2632 2310 886
internal_count=29579 7369 3000 2830 22210 14898 5918 7312 683 185 170 2223 2120 5235 1717 1253 855 560 520 86 498 332 217 174 8980 830 3518 2632 2310 886
is_linear=0
shrinkage=0.03


Tree=154
num_leaves=31
num_cat=0
split_feature=12 2 12 5 11 15 11 17 8 13 8 4 14 17 14 4 7 1 1 14 13 4 14 7 15 19 7 1 12 16
split_gain=2.054 2.06211 2.81046 1.78204 1.95545 1.77109 1.74851 3.24547 1.48192 1.4458 5.96196 1.43883 3.49674 2.74179 1.93346 1.87277 2.10765 1.95777 2.67717 1.62139 2.16165 1.66625 2.49887 1.59835 1.99998 1.80716 1.70478 2.18576 1.62902 1.3769
threshold=0.13200789742452648 4.691205225347562 0.19546390975894748 0.42061034940291914 7.4386775612200848 1.4978661367769956 7.5722457171989133 0.12735450868946704 1.0000000180025095e-35 0.0018966012399310283 1.9130644606099367 1450.1092417728153 0.49746481451727304 -0.12457338067736674 0.8101995766065343 1491.7401164870021 0.22736567675670441 0.14717282261741912 0.091431556948798356 0.14977650506690496 0.21386658633885489 211.65414982852926 0.075292873884918579 0.2172575924374234 2.602003343538398 4.5000000000000009 0.10114676585501577 0.098199935711989719 -0.013783338320192405 0.24318750427357747
decision_type=2 8 2 10 2 8 2 10 10 2 10 8 2 10 2 8 8 8 10 2 2 10 2 8 10 2 10 10 2 8
left_child=11 2 -2 4 5 9 7 -6 -7 10 -3 14 -13 -14 19 -15 17 18 -17 20 21 22 -1 24 25 29 -27 -28 -26 -23
right_child=1 3 -4 -5 6 8 -8 -9 -10 -11 -12 12 13 15 -16 16 -18 -19 -20 -21 -22 23 -24 -25 28 26 27 -29 -30 -31
leaf_value=-0.0012583746176471288 0.0023927688521390889 0.013121655669798128 0.00076444209498480837 -0.00074303278459427976 -0.0019811067327558155 0.0054556204380484677 2.9036105248602949e-05 0.0024070717361639429 -0.0013813207274156873 -0.00056182200401440373 -0.00098730361312584841 -0.00029220538613232883 0.0017977512367356031 0.0014319853079181669 0.0019332989480748818 0.00018870289756022667 0.0023535806087186376 -0.00065464580298689348 0.0023332806827906162 -0.00046518296161105355 0.00085536782846355535 0.0021980240049791241 0.0038211165853340029 -0.0016396094620812645 -0.0013190021784467616 -0.00070960388181146852 -0.00062202549082433041 0.0012805563795624604 -7.6930061999910547e-05 -0.00012089245919756339
leaf_weight=63 40 42 94 849 85 46 15189 79 894 168 101 3622 59 63 41 524 73 396 78 4446 40 99 75 503 327 183 66 58 1384 42
leaf_count=63 40 42 94 849 85 46 15189 79 894 168 101 3622 59 63 41 524 73 396 78 4446 40 99 75 503 327 183 66 58 1384 42
internal_value=-0.000211807 -4.60613e-06 0.00368889 -3.31736e-05 3.54103e-05 -0.00110463 0.00012837 0.0032 -0.00175345 0.000855769 0.0030625 -0.000511901 -0.000109012 0.00129899 -0.000776611 0.0009674 0.000668843 0.000306306 0.00138308 -0.000813504 -0.000253433 -0.000353446 0.00284892 -0.000520466 -0.000165278 0.00161693 0.000321428 0.003024 -0.000632594 0.00441549
internal_weight=29729 17587 134 17453 16604 1251 15353 164 940 311 143 12142 4815 1193 7327 1134 1071 998 602 7286 2840 2800 138 2662 2159 448 307 124 1711 141
internal_count=29729 17587 134 17453 16604 1251 15353 164 940 311 143 12142 4815 1193 7327 1134 1071 998 602 7286 2840 2800 138 2662 2159 448 307 124 1711 141
is_linear=0
shrinkage=0.03


Tree=155
num_leaves=31
num_cat=0
split_feature=12 8 14 1 4 16 17 11 11 3 7 12 8 4 14 4 8 16 17 10 3 7 0 0 14 8 8 8 14 0
split_gain=2.23223 1.39578 1.24942 1.17803 1.43234 1.33036 2.21391 1.62302 2.80573 4.09689 4.34256 1.62125 1.29179 1.26966 1.36784 1.33024 1.57095 1.05871 2.52403 1.83123 1.25913 3.94466 3.0064 2.44341 3.11512 2.32827 4.10331 2.29553 2.20334 5.86184
threshold=-0.04271284533457375 188.65722488378449 0.73530358453624522 0.40796512779869237 10054.386035047779 -0.056459560924418652 1.2467163084516091 9.4242817117107354 7.3427789798660452 0.10932776564183717 0.19264534416156603 0.1551424685005012 1.1427172375743808 1417.9655880788703 0.13247958252404468 1500.122709295774 34.628428644031921 -0.032801778967852045 1.4348072168078037 0.74384223774308988 0.1256631973245072 0.13312410547389344 2.4971122992531369 1.4007313114642297 0.019403094436796411 94.620474654151153 118.92937048384194 127.61509520239964 0.21366555468538176 1.4975561512900069
decision_type=2 10 2 10 8 8 8 2 2 2 8 2 10 10 2 10 10 10 10 8 2 8 8 10 2 8 10 10 2 8
left_child=2 3 -1 5 12 6 7 8 -2 -10 -11 -12 -5 -9 -15 -16 -17 18 -7 -20 21 28 27 -23 -25 -24 -27 -22 29 -19
right_child=1 -3 -4 4 -6 17 -8 13 9 10 11 -13 -14 14 15 16 -18 20 19 -21 22 23 25 24 -26 26 -28 -29 -30 -31
leaf_value=-0.0014074147558300293 -0.00086481065278010193 -0.000732617078413641 0.0015916338888279568 0.0002793436087777026 0.00080227230374147666 -0.0010179011154360109 0.0080612488710188855 -0.00071249424661553153 -0.00022393011378984341 0.0059400836776322503 0.0057067087900293263 -0.0014733942602979642 -0.0012285737458250035 0.0012430764476679985 0.0024628221117513074 -0.0010839003510710267 0.0060417412547622909 0.00030452110529216695 0.0051469488946915606 0.00039839713822615008 -6.5800010189146996e-06 -0.0012415612067195173 0.00073652311177627833 0.0088524368057336864 -0.00026226184400199288 0.0050213353006418821 0.00041724990786654644 0.0023622266118818857 6.8089756042283105e-05 0.0050161366009582051
leaf_weight=1312 65 1248 46 130 52 1006 41 294 109 46 42 41 389 57 45 178 45 401 48 233 13952 1939 1249 50 4825 43 63 56 1587 95
leaf_count=1312 65 1248 46 130 52 1006 41 294 109 46 42 41 389 57 45 178 45 401 48 233 13952 1939 1249 50 4825 43 63 56 1587 95
internal_value=-0.000176537 -0.000119556 -0.00136424 -7.43305e-05 -0.00142133 -4.52649e-05 0.00104875 0.000741061 0.00253618 0.00404184 0.00763846 0.00346429 -0.00189808 -0.000140323 0.00115031 0.000245352 -0.000709822 -8.65437e-05 -0.00092469 0.00158511 -4.20435e-05 -0.000326029 0.000122428 -0.000675276 -0.000316859 0.00147124 0.00571963 -8.13834e-06 0.000816218 0.00255936
internal_weight=29687 28329 1358 27081 571 26510 963 922 303 238 129 83 519 619 325 268 223 25547 1287 281 24260 8897 15363 6814 4875 1355 106 14008 2083 496
internal_count=29687 28329 1358 27081 571 26510 963 922 303 238 129 83 519 619 325 268 223 25547 1287 281 24260 8897 15363 6814 4875 1355 106 14008 2083 496
is_linear=0
shrinkage=0.03


Tree=156
num_leaves=31
num_cat=0
split_feature=0 15 5 3 7 15 13 0 13 8 13 6 15 0 16 16 4 14 4 14 17 15 13 4 4 12 8 4 6 15
split_gain=2.19638 1.54015 1.43461 1.52924 2.30284 7.45142 2.24588 1.91072 1.39119 1.58585 1.731 2.56601 1.55926 2.19699 2.7394 2.41057 1.50313 2.40395 2.24808 4.67372 1.94183 1.37264 1.51517 1.55815 2.24439 3.38235 1.36834 1.47386 1.32502 1.97085
threshold=1.1415079197709883 4.6774800307930642 0.88506899398513983 0.1256631973245072 0.096230538343686042 3.9981586158983733 0.044565179699377448 1.4007313114642297 0.051194119243081877 1.1217200748231078 0.069042641003290342 0.80392498728290129 2.249904835165133 0.88831806007614622 0.17066777912745421 0.0773196948761109 1786.07466591248 0.6147028676811831 2365.1510413884653 0.28164152097039846 0.23122480746474805 2.0126758453675748 0.0037394392697080651 123.28416653708453 480.74254238736881 -0.051371511695512233 1.2363096600484551 1565.9466352996349 6.3584536575114683 2.602003343538398
decision_type=10 10 10 2 10 8 2 10 2 10 2 2 10 8 10 10 10 2 10 2 8 8 2 10 10 2 8 10 2 10
left_child=1 8 3 4 5 6 -2 26 16 12 11 -11 13 -10 15 -15 21 18 19 -18 -19 22 23 -1 25 -25 27 -6 -5 -30
right_child=2 -3 -4 28 7 -7 -8 -9 9 10 -12 -13 -14 14 -16 -17 17 20 -20 -21 -22 -23 -24 24 -26 -27 -28 -29 29 -31
leaf_value=-0.00056672678150540415 0.0022982735145517319 0.00068323334381848258 -0.00050403452613455508 3.4682365408924999e-05 0.0013539061962127281 0.0057413879494975593 -0.00011539274532081662 -0.00014463567097379798 -0.0012099273721804652 -0.00034121316543642594 -0.00059177365209532259 0.001285780137905078 7.5117325864103543e-05 0.0014417444106542977 -2.6693850196033439e-06 0.0030496000572610817 0.0041980422387795299 0.0016964187171525534 -0.0019265078355126134 -0.00012149438078673525 0.00028957447606033781 -0.0007955363491103074 -0.00088384684269605647 0.00016050632347944119 -0.00010652601868995474 0.0058433175438575352 -0.00091420494371047137 -0.00053867460045043758 0.0025935464173302974 -0.00056255838751896278
leaf_weight=98 77 40 680 12024 46 40 350 6181 55 342 1716 156 697 41 62 40 45 47 213 151 67 3724 337 58 120 69 1869 53 124 95
leaf_count=98 77 40 680 12024 46 40 350 6181 55 342 1716 156 697 41 62 40 45 47 213 151 67 3724 337 58 120 69 1869 53 124 95
internal_value=-0.000256973 -0.000678798 -9.87472e-05 -5.45069e-05 -0.000360683 0.0016859 0.000511682 -0.00047816 -0.000708298 -0.000211255 -0.000641987 0.000913827 0.000853794 0.00319598 0.00514583 0.0087439 -0.0010217 0.000498091 -0.000578049 0.00173604 0.00433043 -0.00120218 3.51384e-05 0.00143064 0.00269758 0.00546094 -0.00129203 0.00213 0.000160976 0.00246818
internal_weight=29617 8078 21539 20859 8616 467 427 8149 8038 3109 2214 498 895 198 143 81 4929 523 409 196 114 4406 682 345 247 127 1968 99 12243 219
internal_count=29617 8078 21539 20859 8616 467 427 8149 8038 3109 2214 498 895 198 143 81 4929 523 409 196 114 4406 682 345 247 127 1968 99 12243 219
is_linear=0
shrinkage=0.03


Tree=157
num_leaves=31
num_cat=0
split_feature=0 1 15 8 0 4 3 8 14 3 9 4 1 14 14 9 17 8 9 15 3 7 4 4 9 7 4 5 14 14
split_gain=1.66888 1.60926 1.53997 1.86368 1.99102 1.50335 3.33342 3.41307 1.45514 2.22436 2.90628 1.44279 1.19362 1.15653 2.57345 1.50498 1.78548 1.25251 1.12089 0.974059 3.26996 0.971213 1.4532 1.72624 1.64277 1.21973 0.966565 1.07426 2.54399 2.09128
threshold=1.0705231011257799 0.39105447276361821 2.8029010331479989 1.0948037997423621 0.98284064312657604 1220.7979674269789 0.05794112344580632 24.772319156178899 0.4751549877077475 0.1693399213984392 0.12389983757441446 12866.871813549369 0.37965517241379315 0.042672534091309063 0.058582606790845371 0.021632692478267219 0.030853450803781917 1.0644083781179094 0.021239598319266993 4.6867395546766826 0.12240184461817616 0.19881210567520449 762.71101374550005 650.71398826858592 0.020484314769730175 0.096230538343686042 70.493037231582292 0.99926686217008809 0.46922117293072813 0.50260075773806701
decision_type=10 10 8 10 8 10 2 10 2 2 10 8 10 2 2 10 10 10 10 10 2 10 10 10 10 10 8 8 2 2
left_child=2 12 5 4 -4 -1 7 -7 -8 -10 18 -3 19 17 -15 16 -16 -6 -11 26 -21 22 23 -5 25 -24 -2 28 -28 -30
right_child=1 11 3 21 13 6 8 -9 9 10 -12 -13 -14 14 15 -17 -18 -19 -20 20 -22 -23 24 -25 -26 -27 27 -29 29 -31
leaf_value=-0.00029646436741147014 0.0060355842000539388 -0.0010729968840077653 -0.0008785142565986508 -0.00053345258759604595 -0.0013184782248831315 0.0047928663822342562 -0.001159004930582645 -9.930666428706424e-05 -0.00090933533137384139 0.0016144594666892332 0.0019205511564262959 0.00075649686966150335 0.0011359030807320336 0.0014921856073165009 0.0084080899298765478 -5.0059254951210306e-05 -4.428519935610114e-05 0.0013586520886359527 -0.00040243778338394307 -0.00087723204237412215 0.00049626169368896002 -0.0022905507685098449 -0.00011183674289399197 0.0014233698721590456 -0.0012800974242002999 0.00059620061556962941 -0.00083703717434368337 -1.6639425767128681e-05 0.0010311650791301572 2.1070398578263691e-06
leaf_weight=1778 45 590 479 241 132 62 379 51 103 42 42 54 70 68 40 303 41 77 40 55 41 569 49 42 892 40 1150 21773 86 306
leaf_count=1778 45 590 479 241 132 62 379 51 103 42 42 54 70 68 40 303 41 77 40 55 41 569 49 42 892 40 1150 21773 86 306
internal_value=-0.000228738 -0.000121634 -0.000701883 -0.00116308 -0.000210343 -0.000152523 0.00100417 0.00571053 0.000118615 0.00201316 0.004704 -0.0016 -8.1099e-05 0.000856495 0.00170861 0.000748051 0.00435366 -0.000985715 0.00137349 -9.28515e-05 0.00290722 -0.00175518 -0.00129012 0.000602112 -0.00183605 0.00203333 -0.000105304 -0.000113871 -0.000878808 0.00120611
internal_weight=29640 24170 5470 2973 1140 2497 719 113 606 227 124 644 23526 661 452 384 81 209 82 23456 96 1833 1264 283 981 89 23360 23315 1542 392
internal_count=29640 24170 5470 2973 1140 2497 719 113 606 227 124 644 23526 661 452 384 81 209 82 23456 96 1833 1264 283 981 89 23360 23315 1542 392
is_linear=0
shrinkage=0.03


Tree=158
num_leaves=31
num_cat=0
split_feature=12 1 15 0 14 5 14 17 14 14 0 11 13 14 15 7 4 15 15 11 0 11 11 7 0 14 10 17 6 0
split_gain=1.81399 1.53194 1.46279 3.05005 1.25176 1.17463 2.25954 2.07681 1.33551 1.2952 1.17616 1.67276 1.38029 2.40126 1.8327 3.33547 1.88918 1.75869 2.41449 1.81037 4.39087 2.03906 2.30255 3.55982 2.372 2.16099 2.07919 1.85768 2.54447 2.42301
threshold=-0.04271284533457375 0.40796512779869237 4.6867395546766826 1.3902754158631547 0.73530358453624522 0.99926686217008809 0.4751549877077475 0.73261819416092355 0.056909114681247798 0.50260075773806701 1.6680979088182117 7.3427789798660452 0.04355416272978805 0.8101995766065343 3.1567740231385479 0.031473668454844485 954.6604134122515 3.9796379800581989 3.9219243190762363 10.87803775741498 1.0501066582977427 8.014831632406624 7.499699915772176 0.10829843376118493 1.1246880671050639 0.073407733499605096 1.638205389225992 0.23429751344865929 1.3486892708607052 1.2190317774662642
decision_type=2 10 10 10 2 8 2 8 2 2 10 2 2 2 10 10 8 8 10 2 10 2 2 10 8 2 10 10 2 10
left_child=4 2 5 -4 -1 6 8 9 -2 -8 12 -12 17 14 15 16 -14 18 19 21 -21 22 -7 -24 -25 -23 -26 -22 29 -29
right_child=1 -3 3 -5 -6 10 7 -9 -10 -11 11 -13 13 -15 -16 -17 -18 -19 -20 20 27 25 23 24 26 -27 -28 28 -30 -31
leaf_value=-0.0012286232026805684 0.00063012431825489425 -0.00053232328171703253 0.00067057487376705855 -0.0022060798273759656 0.0012967638492450914 -0.00015129549118391271 0.0009761229557416481 0.0012109721845084661 -0.0012076926269186676 -0.00045054434706665855 -0.0020312705800574664 0.00017396797396479371 -6.1968002742302317e-05 0.0019288617026762074 -0.00018467460157416617 7.1348120325941846e-05 0.0016734451145837799 -0.0010359367492514847 0.00077635024982471038 0.001388838059208238 -0.00087022827416846789 5.8874414761611861e-05 0.0015587107689504229 0.0022866157288195057 -0.0012837269081849788 -0.00047885648841339821 0.0029991178066751892 -0.00016156172360461948 -0.00071321383275590349 0.0031977224732475064
leaf_weight=1318 81 618 71 44 45 660 71 63 1181 297 341 7882 81 40 2802 4413 172 1121 74 44 146 1697 79 60 171 5749 59 45 101 94
leaf_count=1318 81 618 71 44 45 660 71 63 1181 297 341 7882 81 40 2802 4413 172 1121 74 44 146 1697 79 60 171 5749 59 45 101 94
internal_value=-0.0002137 -0.000162114 -0.000129053 0.00323276 -0.00128226 -0.000143216 -0.000908501 0.000965277 -0.00154869 9.75603e-05 -9.30249e-05 0.000203185 -0.00023136 7.67072e-05 3.6952e-05 0.000401113 0.00374409 -0.000460351 -0.000320379 -0.000365485 0.00153132 -0.000461893 0.00078932 0.00268378 0.00113402 -0.000634887 -0.000259741 0.000496123 0.00211618 0.00473571
internal_weight=29620 28257 27639 115 1363 27524 1693 431 1262 368 25831 8223 17608 7508 7468 4666 253 10100 8979 8905 430 8475 1029 369 290 7446 230 386 240 139
internal_count=29620 28257 27639 115 1363 27524 1693 431 1262 368 25831 8223 17608 7508 7468 4666 253 10100 8979 8905 430 8475 1029 369 290 7446 230 386 240 139
is_linear=0
shrinkage=0.03


Tree=159
num_leaves=31
num_cat=0
split_feature=0 1 4 13 1 8 13 4 14 1 14 4 16 7 0 16 4 11 7 15 8 8 3 3 3 3 16 3 15 7
split_gain=1.84377 1.33234 1.60135 1.29214 2.53702 2.73171 4.56799 2.3161 2.21668 1.74175 1.51145 3.67285 1.86133 1.289 1.21826 2.12324 1.91073 3.41676 2.1106 1.64919 1.83455 3.56818 3.49365 2.0421 2.00951 1.84223 1.47654 1.53218 2.23616 2.22414
threshold=1.0677348408857747 0.40495784825371345 12866.871813549369 0.050671861339640099 0.38119783996072659 2.8522979215321596 0.13906757358002605 1440.7195322802004 0.61034220030491604 0.033520599250936318 0.32425587734021027 2365.1510413884653 0.11099862532724671 0.11229649353134108 4.3260389723734116 0.022209434588247305 2048.6484672301158 10.514407348995331 0.2502079770167796 2.8029010331479989 8.6693305413816386 51.801075056766393 0.072687840779193963 0.050090605268035153 0.21370200103247514 0.17064455337294285 0.78165754193712667 0.1249545940890955 4.6867395546766826 0.11729996589733384
decision_type=10 10 10 2 8 8 2 10 2 8 2 10 10 10 10 8 8 2 8 10 10 10 2 2 2 2 8 2 10 10
left_child=3 14 -3 7 13 6 -6 9 10 -1 11 12 -9 -5 26 -16 17 18 -17 20 24 -22 23 -23 -20 -24 27 29 -29 -2
right_child=1 2 -4 4 5 -7 -8 8 -10 -11 -12 -13 -14 -15 15 16 -18 -19 19 -21 21 22 25 -25 -26 -27 -28 28 -30 -31
leaf_value=-0.00030949520609388731 0.00027719607995040844 -0.00080698101247151321 0.00087555347996434729 -0.00042940577236659055 0.00079232186376287288 -0.00087576888860927532 0.0036908136264315276 0.00096546580154277062 0.0013499039819798316 -0.0011799663378721716 -0.0012423753294209694 -0.002427496349335344 0.0038525764276625138 0.0004779531457330453 0.0044381522213130199 -0.00089964334553790633 -0.00022459783868514682 0.0019990704742084936 0.0077694543559327194 -0.00092851988060752846 -0.00094415803212772437 0.0012735461088435713 -0.00055109724439184277 0.0027510365693866824 0.00094161916159854096 0.0025118394004081087 -0.00076990096668137396 3.8219693645000218e-05 0.00042165189678748416 -0.00038103360885433232
leaf_weight=1083 1352 506 42 1182 162 87 45 40 109 1804 178 84 44 463 141 282 1020 42 61 112 165 58 96 71 43 40 995 12983 41 6250
leaf_count=1083 1352 506 42 1182 162 87 45 40 109 1804 178 84 44 463 141 282 1020 42 61 112 165 58 96 71 43 40 995 12983 41 6250
internal_value=-0.000168448 -5.8023e-05 -0.00151913 -0.000676449 -6.031e-05 0.00250169 0.00437019 -0.0010338 0.000953947 -0.0013473 -0.000224785 0.00181065 0.00621176 -0.000519442 -2.42503e-05 0.000659943 0.00040683 0.00135942 0.000975241 0.00191963 0.00261308 0.00174014 0.00389098 0.00740769 0.00617143 0.000525547 -9.17129e-05 -3.72335e-05 0.000160306 -0.000375642
internal_weight=29581 24300 548 5281 1939 294 207 3342 455 2887 346 168 84 1645 23752 2131 1990 970 928 646 534 430 265 129 104 136 21621 20626 13024 7602
internal_count=29581 24300 548 5281 1939 294 207 3342 455 2887 346 168 84 1645 23752 2131 1990 970 928 646 534 430 265 129 104 136 21621 20626 13024 7602
is_linear=0
shrinkage=0.03


Tree=160
num_leaves=31
num_cat=0
split_feature=20 5 15 14 14 3 1 12 5 16 17 3 6 17 7 3 16 14 9 17 16 1 20 17 4 2 9 9 14 20
split_gain=1.52854 1.26943 1.32455 1.35224 1.41746 1.6806 1.38887 1.33561 1.282 1.22523 1.9203 1.44669 2.03948 2.18603 1.63556 2.9517 2.80776 3.87933 2.91365 2.21566 1.81588 1.85951 1.53131 2.54734 2.7279 2.28009 2.18883 2.94171 2.77368 1.59116
threshold=1.1723733038117004 0.99614229648569907 4.7405652883788738 0.052880138836880267 0.4751549877077475 0.045110461723246238 0.064725596983661551 0.12022611468538004 0.42061034940291914 0.6938175717218279 1.5843898560536684 0.13228190085870647 6.3584536575114683 0.88450691636266909 0.13312410547389344 0.099065190872203793 0.19950724165295866 0.56832116494813956 0.14755694166523611 0.61166134009075224 0.033065924552385037 0.26120401337792648 0.84566477189134248 1.1420528169633293 405.6877845375534 6.5920790196260937 0.0025046752417442089 0.0052366209641751468 0.027691951979766507 1.0000000180025095e-35
decision_type=2 8 8 2 2 2 10 2 10 8 10 2 2 10 10 2 10 2 10 8 10 8 2 10 10 8 8 8 2 2
left_child=1 2 3 -1 -5 -6 8 -4 -7 11 -11 14 22 -14 15 16 19 18 -18 20 21 -3 26 25 -25 -24 28 -28 -13 -29
right_child=-2 9 7 4 5 6 -8 -9 -10 10 -12 12 13 -15 -16 -17 17 -19 -20 -21 -22 -23 23 24 -26 -27 27 29 -30 -31
leaf_value=0.00093789528535928352 -0.0022240460987533171 0.00042835426267818897 0.0021293911911467729 -0.001170503059594047 0.0015810848297817504 0.0014700692235855679 -0.00097398200119371968 -0.00055819120313067969 -6.2294158713166519e-06 -0.00084457582930282972 0.00039208195402022069 0.021647235272724434 0.00040474220416079247 0.0042496290190608471 -0.00038400222793120249 -0.00013180251171706386 -0.00024464647550684408 0.0036102014934662383 0.0039062053976384441 0.0066792492775432999 -0.00048688601482515923 0.0027433442219329885 0.00041644207691622284 0.0034468733216325808 7.2650587703615134e-05 -0.00019022793984333015 0.0020506637143761649 0.0028163657137250673 -0.0020042761418750978 9.9303369851664764e-05
leaf_weight=71 464 258 51 1242 40 55 222 41 177 1233 420 41 170 53 7983 1471 130 67 69 44 520 66 67 41 119 5433 93 138 431 8438
leaf_count=71 464 258 51 1242 40 55 222 41 177 1233 420 41 170 53 7983 1471 130 67 69 44 520 66 67 41 119 5433 93 138 431 8438
internal_value=-0.000254782 -0.000227583 -0.000977369 -0.00115653 -0.00132297 3.63629e-05 -0.000487913 0.00251613 0.00113305 -0.000175365 -0.000966748 -0.000124294 6.50908e-05 0.00290625 -0.000392498 0.000257044 0.00139221 0.00408989 0.001965 0.000580427 0.000234319 0.00199385 2.20909e-05 -0.00036566 0.00335404 -0.00047446 0.000262196 0.000370588 -0.00172516 0.000312696
internal_weight=29648 29184 1899 1807 1736 494 454 92 232 27285 1653 25632 15024 223 10608 2625 1154 266 199 888 844 324 14801 5660 160 5500 9141 8669 472 8576
internal_count=29648 29184 1899 1807 1736 494 454 92 232 27285 1653 25632 15024 223 10608 2625 1154 266 199 888 844 324 14801 5660 160 5500 9141 8669 472 8576
is_linear=0
shrinkage=0.03


Tree=161
num_leaves=31
num_cat=0
split_feature=12 15 11 15 4 0 8 3 13 15 16 8 11 11 4 7 8 3 3 9 13 7 10 0 3 13 4 12 0 11
split_gain=1.77294 1.59661 2.89156 4.05848 2.90786 1.97089 1.95637 2.29771 1.76032 2.07544 1.72337 1.60521 1.42233 3.38431 2.93136 2.33854 2.49414 4.44729 2.25612 2.07748 2.22575 2.6733 1.9882 3.65538 2.77899 1.70446 3.43982 2.35531 2.19858 1.65899
threshold=-0.15746173708337705 2.602003343538398 10.681664978062582 2.4414009612931857 1835.5141308575439 0.97693770405268132 0.98299302357381013 0.20297688687238843 0.14151614497719536 2.740319461670996 0.25454816440108191 38.172665141678344 9.0973396313219688 9.4090272694147483 1402.4269560202492 0.27711800907067308 2.5436357524389472 0.2254741433349855 0.2810238662060715 0.16083504703489224 0.0090453004020480746 0.17362167968207126 1.4761886140598259 1.6783962548455305 0.13228190085870647 0.0018966012399310283 659.60254849185969 0.34066920781842175 2.23242025849411 7.4386775612200848
decision_type=2 8 2 10 10 10 10 2 2 10 8 10 2 2 10 10 10 2 2 10 2 10 10 10 2 2 10 2 10 2
left_child=-1 2 4 10 12 6 7 -3 -8 -10 -4 -5 25 14 15 16 19 -18 22 20 21 -14 23 24 -16 26 -2 -28 -29 -27
right_child=1 5 3 11 -6 -7 8 -9 9 -11 -12 -13 13 -15 18 -17 17 -19 -20 -21 -22 -23 -24 -25 -26 29 27 28 -30 -31
leaf_value=-0.0022329803010804204 0.00209977516840427 -0.00091249039431995989 -0.0012430327718626838 0.0022634403674831462 -0.00036658162491865994 -8.0505254949516769e-05 -0.0017575168481822284 0.0036088150040925158 0.0041603417173658522 -0.00030109103142757237 0.0025916664384843754 0.010024073747857534 0.0014186885923057524 -0.00019712993543014788 -0.0001777192955303431 -0.0019746077284114303 0.00080714061930373766 0.0033041368683143974 -0.0018109685060933957 0.0049344413009397275 -0.00059307470724142587 -0.00017394741180700747 0.00099355208762845829 0.0090536025296625109 0.0024815325358550407 -0.0012555507753358058 -0.0012401641823051974 0.0030622298474726728 0.00023047625633452798 -2.9355926942108468e-07
leaf_weight=370 1135 40 148 46 3600 17255 1236 61 46 94 44 47 72 953 45 171 76 42 40 59 310 90 59 55 54 567 653 61 202 1954
leaf_count=370 1135 40 148 46 3600 17255 1236 61 46 94 44 47 72 953 45 171 76 42 40 59 310 90 59 55 54 567 653 61 202 1954
internal_value=-0.000203306 -0.00017713 0.000119324 0.0030944 3.58852e-05 -0.000343032 -0.00139445 0.00261765 -0.00169063 0.00148936 0.000590673 0.00820213 0.000410061 0.00107153 0.00222626 0.00135201 0.00217385 0.00610084 0.00504331 0.00129135 0.000621564 0.00346012 0.00626635 0.00805161 0.00453 0.000116772 0.000758771 -0.000608507 0.00178409 -0.000405631
internal_weight=29585 29215 10483 285 10198 18732 1477 101 1376 140 192 93 6598 2026 1073 820 649 118 253 531 472 162 213 154 99 4572 2051 916 263 2521
internal_count=29585 29215 10483 285 10198 18732 1477 101 1376 140 192 93 6598 2026 1073 820 649 118 253 531 472 162 213 154 99 4572 2051 916 263 2521
is_linear=0
shrinkage=0.03


Tree=162
num_leaves=31
num_cat=0
split_feature=0 3 15 13 16 0 14 11 14 16 6 13 11 11 8 11 15 15 14 10 19 2 9 9 3 16 12 10 15 13
split_gain=1.95943 1.38145 2.3471 1.906 5.93499 1.66767 2.32022 2.97731 2.03188 2.86597 1.9962 1.67604 1.63524 1.46378 3.00967 2.113 4.22687 1.90758 1.49495 1.45162 1.43926 4.56281 1.89051 2.15485 2.77326 1.48926 1.43764 1.43021 1.38702 2.77055
threshold=1.0877559206010241 0.1256631973245072 4.6867395546766826 0.21911369462306743 0.085971136097424711 1.9375277152507659 0.048308477645043479 7.499699915772176 0.53155137204079328 0.031522870368410796 -0.094138151276906445 0.044132052742836693 11.340712642254005 9.4242817117107354 2.3266411702237009 9.1102437539108507 2.1383330595080281 2.9174053685313028 0.23393309522416986 1.288863294238338 5.5000000000000009 6.480566028340383 0.0025046752417442089 0.0065764796462273482 0.2493785077065736 0.062316366315312163 0.32762909607793894 3.3912801418080316 3.0677824455408698 0.060006502528792673
decision_type=10 2 10 2 10 10 2 2 2 10 2 2 2 2 8 2 10 10 2 10 2 8 8 8 2 10 2 10 8 2
left_child=-1 3 12 5 -5 8 7 -7 13 10 -10 -12 20 14 15 16 19 -16 -17 -2 21 -3 -22 24 25 -24 -14 -25 29 -11
right_child=1 2 -4 4 -6 6 -8 -9 9 28 11 -13 26 -15 17 18 -18 -19 -20 -21 22 -23 23 27 -26 -27 -28 -29 -30 -31
leaf_value=-0.00037115291464657937 -0.00047597956408401817 0.0011542934380661164 0.00039421080551655768 -0.0012358875733295774 0.0021445854443363928 0.010987392235387947 -4.0281516368461739e-05 0.00010995202240499354 0.0048628419500645736 -6.4394144709755403e-05 -0.00078412145169378495 0.001770722987136749 -0.00051250419907848536 -0.00065715855559655653 -0.0019387293847951534 -0.0052541405187948361 0.0054029505332574097 0.00098181407361793349 0.00065616097234592701 0.0028668614869412959 -0.00095062275865146677 -0.00012683608492181669 -0.0013450211724547177 0.00013844469546458947 0.0036477947744636462 0.00074641252629423335 0.00085325868413891844 0.0040639721174003714 -0.00084785493700916144 0.0021124508571884601
leaf_weight=6053 95 73 45 84 46 45 3614 89 45 210 60 63 670 3750 467 104 95 52 122 57 405 5636 69 6960 64 116 50 54 326 46
leaf_count=6053 95 73 45 84 46 45 3614 89 45 210 60 63 670 3750 467 104 95 52 122 57 405 5636 69 6960 64 116 50 54 326 46
internal_value=-0.000228811 -0.000104879 8.23015e-05 -0.000387366 0.00320611 -0.000438265 4.96125e-05 0.00391111 -0.000771164 0.000679094 0.00411834 0.00210484 6.02206e-05 -0.00100063 2.41685e-05 0.00175316 0.00366532 -0.00155192 -0.000343613 0.000549019 0.000135221 -0.000225395 0.000403703 0.000515005 0.003252 0.00137097 -0.00133148 0.000417391 -0.00031904 0.00133074
internal_weight=29565 23512 14142 9370 130 9240 3748 134 5492 750 168 123 14097 4742 992 473 247 519 226 152 13377 5709 7668 7263 249 185 720 7014 582 256
internal_count=29565 23512 14142 9370 130 9240 3748 134 5492 750 168 123 14097 4742 992 473 247 519 226 152 13377 5709 7668 7263 249 185 720 7014 582 256
is_linear=0
shrinkage=0.03


end of trees

feature_importances:
share_criminal=608
state_loo_vacancy_rate=411
log_pending=387
idvr_12=379
log_working_judges=375
workload_per_judge=323
state_loo_idvr_12=318
age_bowley_skew=286
disposal_momentum=271
share_age_gt5y=258
growth_12_past=225
state_loo_growth_12_past=224
inflow_trend_growth=216
anchor_cr_12=134
vacancy_rate=127
filing_shock_z=122
state_loo_filing_shock_z=110
log_hearing_gap=45
pretrial_share=42
month_of_year=29

parameters:
[boosting: gbdt]
[objective: quantile]
[metric: quantile]
[tree_learner: serial]
[device_type: cpu]
[data_sample_strategy: bagging]
[data: ]
[valid: ]
[num_iterations: 163]
[learning_rate: 0.03]
[num_leaves: 31]
[num_threads: 0]
[seed: 20260928]
[deterministic: 1]
[force_col_wise: 0]
[force_row_wise: 1]
[histogram_pool_size: -1]
[max_depth: -1]
[min_data_in_leaf: 40]
[min_sum_hessian_in_leaf: 0.001]
[bagging_fraction: 0.8]
[pos_bagging_fraction: 1]
[neg_bagging_fraction: 1]
[bagging_freq: 1]
[bagging_seed: 8287]
[bagging_by_query: 0]
[feature_fraction: 0.8]
[feature_fraction_bynode: 1]
[feature_fraction_seed: 24490]
[extra_trees: 0]
[extra_seed: 6370]
[early_stopping_round: 0]
[early_stopping_min_delta: 0]
[first_metric_only: 0]
[max_delta_step: 0]
[lambda_l1: 0]
[lambda_l2: 1]
[linear_lambda: 0]
[min_gain_to_split: 0]
[drop_rate: 0.1]
[max_drop: 50]
[skip_drop: 0.5]
[xgboost_dart_mode: 0]
[uniform_drop: 0]
[drop_seed: 1862]
[top_rate: 0.2]
[other_rate: 0.1]
[min_data_per_group: 100]
[max_cat_threshold: 32]
[cat_l2: 10]
[cat_smooth: 10]
[max_cat_to_onehot: 4]
[top_k: 20]
[monotone_constraints: ]
[monotone_constraints_method: basic]
[monotone_penalty: 0]
[feature_contri: ]
[forcedsplits_filename: ]
[refit_decay_rate: 0.9]
[cegb_tradeoff: 1]
[cegb_penalty_split: 0]
[cegb_penalty_feature_lazy: ]
[cegb_penalty_feature_coupled: ]
[path_smooth: 0]
[interaction_constraints: ]
[verbosity: -1]
[saved_feature_importance_type: 0]
[use_quantized_grad: 0]
[num_grad_quant_bins: 4]
[quant_train_renew_leaf: 0]
[stochastic_rounding: 1]
[linear_tree: 0]
[max_bin: 255]
[max_bin_by_feature: ]
[min_data_in_bin: 3]
[bin_construct_sample_cnt: 200000]
[data_random_seed: 5112]
[is_enable_sparse: 1]
[enable_bundle: 1]
[use_missing: 1]
[zero_as_missing: 0]
[feature_pre_filter: 1]
[pre_partition: 0]
[two_round: 0]
[header: 0]
[label_column: ]
[weight_column: ]
[group_column: ]
[ignore_column: ]
[categorical_feature: ]
[forcedbins_filename: ]
[precise_float_parser: 0]
[parser_config_file: ]
[objective_seed: 23271]
[num_class: 1]
[is_unbalance: 0]
[scale_pos_weight: 1]
[sigmoid: 1]
[boost_from_average: 1]
[reg_sqrt: 0]
[alpha: 0.9]
[fair_c: 1]
[poisson_max_delta_step: 0.7]
[tweedie_variance_power: 1.5]
[lambdarank_truncation_level: 30]
[lambdarank_norm: 1]
[label_gain: ]
[lambdarank_position_bias_regularization: 0]
[eval_at: ]
[multi_error_top_k: 1]
[auc_mu_weights: ]
[num_machines: 1]
[local_listen_port: 12400]
[time_out: 120]
[machine_list_filename: ]
[machines: ]
[gpu_platform_id: -1]
[gpu_device_id: -1]
[gpu_device_id_list: ]
[gpu_use_dp: 0]
[num_gpu: 1]

end of parameters

pandas_categorical:[]
