tree
version=v4
num_class=1
num_tree_per_iteration=1
label_index=0
max_feature_idx=20
objective=quantile
feature_names=idvr_12 vacancy_rate log_hearing_gap age_bowley_skew workload_per_judge pretrial_share filing_shock_z state_loo_growth_12_past state_loo_idvr_12 state_loo_vacancy_rate state_loo_filing_shock_z log_pending growth_12_past share_age_gt5y share_criminal log_working_judges inflow_trend_growth disposal_momentum is_njdg month_of_year anchor_cr_12
feature_infos=[0.15730337078651685:13522] [0:1] [1.9256497749926613:6.5930445341424386] [-0.51315129689565564:0.74580319231902148] [1.9766814246737425:92622.992433750434] [0:1] [-7.2528325041459354:119.40379487179489] [-0.6446209132661983:1.4921984776678323] [0:2067.1535853072119] [0:0.57692307692307687] [-3.0491301446051171:28.233355967823023] [1.3862943611198906:12.725056896997531] [-1.2292324710851736:1.7436548555513349] [0:0.63727959697732994] [0:1] [0:5.4510384535657002] [-2.8332133440562162:2.6761749925717613] [-3.253277251585533:8.3202045975788792] none [1:12] [0:6.3571428571428568]
tree_sizes=2853 2958 2969 2938 2944 2936 2962 2956 2959 2955 2959 2980 2963 2970 2961 2971 2964 2949 2973 2978 2952 2962 2964 2965 2953 2972 2959 2967 2979 2954 2962 2983 2977 2977 2951 2961 2963 2976 2940 2967 2962 2969 2975 2970 2963 2986 2982 2958 2960 2974 2952 2982 2955 2983 2975 2969 2972 2951 2995 2983 2986 2969 2963 2976 2994 2978 2974 2973 2994 2992 2988 2985 2991 2985 3000 2998 2981 2972 2965 2990 2981 2977 2978 2999 2969 2961 2958 2980 2993 2976 2986 2985 2995 2979 2977 2968 2957 2976 2990 2984 2981 2983 2986 2967 2990 2994 2975 2976 2984 2979 2975 2986 2982 2981 2968 2998 2989 2959 2996 2977 2983 2965 2975 2977 2970 3008 2967 2988 2965 3008 2980 2980 2957 2959 2986 2978 2991 2960 2974 2967 2975 2976 3005 2986 2971 2988 2980 2969 2994 2963 2973 2958 2972 2996 2957 2980 2945 2947 2979 2969 2966 2968 2934 2975 2942 2950 2950 2971 2981 2999 2945 2978 2972 2970 2973 2955 3005 2967 2959 2981 2965 2960 2971 2961 2969 2979 2959 2944 2947 2979 2979 2981 2967 2989 3015 2961 2931 2951 2967 2963 2956 2945 2970 2944 2963 2959 2954 2966 2969 3001 2951 2967 2987 3006 2984 2977 2964 2984 2978 2938 2967 2947 2964 2962 2998 2987 2940 2963 2970 2954 2953 2973 2963 2947 2987 2984 2965 2955 2985 2948 2982 2963 2975 2970 3011 2957 2967 3020 2971 2953 2955 2942 2976 3010 2969 2972 2957 2960 3002 2956 2964 2972 2932 2955 2969 3009 2954 2996

Tree=0
num_leaves=31
num_cat=0
split_feature=20 12 7 20 3 12 12 12 7 9 7 6 17 2 9 9 13 1 9 7 14 6 9 11 3 12 3 2 0 20
split_gain=327.76 87.7355 74.6369 25.7395 21.7794 15.3706 14.6603 12.9893 28.5397 11.9643 10.6396 9.81985 9.72221 9.48966 8.96985 9.69612 7.66438 7.81947 7.65908 7.47138 6.71809 6.45129 5.89704 8.23311 5.28982 4.95744 5.20782 4.94252 4.8983 4.87514
threshold=1.0533933928729604 0.099003726460243704 0.15642497995562812 1.1723733038117004 0.18459001007598397 0.019071218627901846 0.057545668555616387 0.21225048776937563 0.22837099812873285 0.01838252867596531 0.1071915588444992 -0.025066598297212871 0.76898922859737695 5.7295499217261048 0.088088995168595641 0.0055351307189542504 0.023918409527301222 1.0000000180025095e-35 0.076233902440743892 0.087367985969102585 0.25450203479105588 -0.30384545590677686 0.037830280334790779 8.8304699058573473 -1.0000000180025095e-35 0.055870681393966677 0.088885361894294621 4.4283860804104735 1.3767460276685526 0.80776850080643081
decision_type=2 2 10 2 2 2 2 2 8 10 10 2 10 10 8 10 2 8 10 8 2 2 10 2 2 2 2 10 8 2
left_child=1 2 5 12 6 19 14 8 -3 11 13 20 16 -7 15 -4 17 -2 -15 -1 -10 -8 -18 -24 -5 26 -12 -11 29 -23
right_child=3 7 4 24 -6 10 21 -9 9 27 25 -13 -14 18 -16 -17 22 -19 -20 -21 -22 28 23 -25 -26 -27 -28 -29 -30 -31
leaf_value=-0.11778438265418026 -0.12165950773023618 -0.11548578507022067 -0.12611325240142746 -0.15122664978355166 -0.11904939534653587 -0.11583965588484656 -0.12345544907989932 -0.11347759332115853 -0.12718547146232762 -0.1172637600796914 -0.11969614173873092 -0.12062587957165749 -0.13124125505597822 -0.1172120832819798 -0.1213181260039205 -0.12825452488400133 -0.11709886501621976 -0.12234688301406597 -0.12309002124095186 -0.11924533747727577 -0.11742942966387926 -0.12131090509111368 -0.12950223879946984 -0.12089717414233619 -0.14410835637121328 -0.1173387048376954 -0.11875098317080847 -0.1209325157787889 -0.11441993917991644 -0.11930807474083435
leaf_weight=1010 165 8591 64 40 524 3039 118 10370 157 1113 63 389 133 102 79 284 92 120 60 413 60 89 68 304 418 984 366 40 51 295
leaf_count=1010 165 8591 64 40 524 3039 118 10370 157 1113 63 389 133 102 79 284 92 120 60 413 60 89 68 304 418 984 366 40 51 295
internal_value=-0.116985 -0.116297 -0.119068 -0.131476 -0.125045 -0.117577 -0.127683 -0.115289 -0.116041 -0.119521 -0.116737 -0.12293 -0.128456 -0.115779 -0.13186 -0.133931 -0.127104 -0.130983 -0.122832 -0.120302 -0.12803 -0.124436 -0.124696 -0.126374 -0.137254 -0.118904 -0.121591 -0.117726 -0.122725 -0.123884
internal_weight=29601 28261 7541 1340 1504 6037 980 20720 10350 1759 4614 606 882 3201 427 348 749 285 162 1423 217 553 464 372 458 1413 429 1153 435 384
internal_count=29601 28261 7541 1340 1504 6037 980 20720 10350 1759 4614 606 882 3201 427 348 749 285 162 1423 217 553 464 372 458 1413 429 1153 435 384
is_linear=0
shrinkage=1


Tree=1
num_leaves=31
num_cat=0
split_feature=20 12 8 20 3 8 12 8 12 12 7 1 12 10 2 5 15 3 8 17 8 10 8 11 8 13 3 17 0 15
split_gain=311.468 82.0704 87.779 27.0234 17.2625 15.5773 12.4526 12.8263 11.3785 11.0775 19.553 10.3703 9.57966 9.17814 8.05619 9.31585 7.97073 7.67733 7.31168 6.55798 6.11701 4.72768 4.71232 7.94851 4.70705 4.65067 8.23074 4.02421 3.91136 3.73531
threshold=1.0533933928729604 0.10019557596950614 1.4905783617231683 1.2967397186147187 0.11289228751996115 1.2304545082850691 0.041788668911413758 1.2502491240955991 0.064242785891931234 0.19262303302448738 0.23336468421502746 0.050316455696202585 0.050773869624446639 0.75275407997076249 5.9381078222192132 0.87226043832986744 1.8688348091416842 0.37735000116746642 15.174598430824046 0.43747495125497321 1.4819053620009381 0.71099935820785332 19.151368462309481 8.1699026073017489 14.163039307757309 0.038025024603510697 0.20471743428601977 0.97401981203261168 0.91535667307815294 2.6735537653587347
decision_type=2 2 10 2 2 8 2 8 2 2 8 8 2 10 10 10 8 2 10 10 10 10 10 2 10 2 2 10 10 8
left_child=1 2 6 5 8 17 7 16 11 10 20 -4 24 18 -8 -16 -1 28 -12 -9 -3 -10 23 -7 25 26 -6 29 -2 -14
right_child=3 9 4 -5 12 22 14 19 21 -11 13 -13 27 -15 15 -17 -18 -19 -20 -21 -22 -23 -24 -25 -26 -27 -28 -29 -30 -31
leaf_value=-0.0029312966450361255 -0.0038116714528420225 0.0019508679395525408 -0.014027033144359541 -0.035966984813981619 -0.0066411444662650429 -0.015659893105886107 0.0010380832688213434 -0.0016922953850291487 -0.0043135934178185264 0.0033325574882624174 -0.0015928588457555513 -0.006646349371998179 -0.0020294128830079042 -0.0007994818538524306 0.00014834124290225958 -0.0045261589256213172 -0.00017714193097326621 -0.0031413850658565628 -0.0064588664470417194 -0.0077183222694414133 0.00036235725570693767 -0.0030143435564032898 -0.013191296977964733 -0.011217326747410142 -0.0044568613632398882 -7.885318109251075e-05 -0.0015931733699849672 -0.0038635752297679375 -0.0014045763600034355 -0.00014769369767381383
leaf_weight=91 316 4265 155 229 52 73 3254 256 140 11921 227 183 256 763 86 54 1798 175 198 112 3285 267 123 259 258 94 72 63 192 381
leaf_count=91 316 4265 155 229 52 73 3254 256 140 11921 227 183 256 763 86 54 1798 175 198 112 3285 267 123 259 258 94 72 63 192 381
internal_value=2.61496e-05 0.000703563 -0.00196804 -0.0139539 -0.00750624 -0.0120421 -8.43948e-05 -0.00181089 -0.0110791 0.00168282 0.000871267 -0.0151504 -0.00523534 -0.00270479 0.00106392 -0.00595745 -0.000811111 -0.00915351 -0.00623239 -0.00692683 0.00143425 -0.00766912 -0.0163487 -0.0143964 -0.00851572 -0.00523288 -0.009024 -0.00299572 -0.0072613 -0.00227116
internal_weight=29598 28231 7572 1367 1921 1138 5651 2257 745 20659 8738 338 1176 1188 3394 140 1889 683 425 368 7550 407 455 332 476 218 124 700 508 637
internal_count=29598 28231 7572 1367 1921 1138 5651 2257 745 20659 8738 338 1176 1188 3394 140 1889 683 425 368 7550 407 455 332 476 218 124 700 508 637
is_linear=0
shrinkage=0.03


Tree=2
num_leaves=31
num_cat=0
split_feature=20 20 7 6 20 0 17 20 6 4 7 13 7 14 16 17 9 9 13 16 13 14 15 14 9 16 7 14 7 20
split_gain=263.954 49.1741 33.5875 27.6017 23.6135 19.2453 18.8981 11.2284 10.8092 9.18971 8.57438 7.9647 9.55761 7.96117 9.03014 7.26219 6.94228 6.68125 6.43092 6.27153 7.08919 6.39789 5.38494 5.20342 7.4964 6.2774 5.00807 4.98709 4.79237 4.9379
threshold=1.0533933928729604 0.73823568320287236 0.15739529108397105 0.038999361247734281 1.2967397186147187 1.0317166669062801 0.73261819416092355 0.9426553883795713 -0.025066598297212871 618.25420038536083 0.1071915588444992 0.14955607344210917 0.050844857964181082 0.23577008017354692 0.022209434588247305 0.47131540815238165 0.0052366209641751468 0.081074892167686721 0.17511705426587393 0.016835500984818379 0.13388151399168949 0.041102501197822737 1.8688348091416842 0.4394037913405025 0.0055351307189542504 0.16265194323598045 -0.0065824630107521841 0.082102018850611205 0.1071915588444992 0.9208449158509685
decision_type=2 2 8 2 2 10 10 2 2 8 10 2 10 2 8 10 10 10 2 10 2 2 8 2 8 10 8 2 10 2
left_child=1 8 5 6 10 18 13 17 9 -1 19 28 15 14 -4 -13 -12 -5 22 26 21 -21 -3 24 -9 -26 -2 -16 -7 -30
right_child=4 2 3 7 -6 11 -8 23 -10 -11 16 12 -14 -15 27 -17 -18 -19 -20 20 -22 -23 -24 -25 25 -27 -28 -29 29 -31
leaf_value=-0.0053392229096061858 -0.0058459459748669545 -0.0026692930054741269 -0.0083813658428665318 -0.001479083038687655 -0.032867772573337228 0.0014013987003959056 -0.011950454339753589 5.5044607071399508e-05 0.0028592958266487082 0.0006694176254980641 -0.0062279571052161076 -0.00074543373842954396 -0.00042384962591308277 -0.0015871100654809348 0.00013520145931323918 -0.0062700560228731292 -0.01179325242802105 0.0011520046343112776 -0.0039430381480386944 -0.0044974322900811162 -0.012896361119105896 -0.0029470910665682507 -0.00086803455113844614 -2.7127803642950069e-05 -0.0079533803619367491 -0.0042997415143079584 -0.00085308294099484836 -0.0043357790552803373 0.00048432289788209119 -0.0015780603267023813
leaf_weight=251 47 98 129 1679 218 4528 158 53 12966 2022 67 41 625 349 98 46 373 853 46 50 67 355 1417 73 79 77 169 254 2145 339
leaf_count=251 47 98 129 1679 218 4528 158 53 12966 2022 67 41 625 349 98 46 373 853 46 50 67 355 1417 73 79 77 169 254 2145 339
internal_value=7.09737e-05 0.000687966 -0.000660834 -0.0030355 -0.0129042 0.00031176 -0.00734681 -0.00151972 0.00184626 -6.20052e-05 -0.0111391 0.000925825 -0.00209537 -0.00552347 -0.00802282 -0.0113523 -0.0144218 -0.000885906 -0.00272535 -0.00902177 -0.0109598 -0.00942118 -0.00238456 -0.00718728 -0.00958571 -0.012879 -0.00475576 -0.00550708 0.00123285 0.000173843
internal_weight=29672 28326 13087 3802 1346 9285 988 2814 15239 2273 1128 7724 712 830 481 87 440 2532 1561 688 472 405 1515 282 209 156 216 352 7012 2484
internal_count=29672 28326 13087 3802 1346 9285 988 2814 15239 2273 1128 7724 712 830 481 87 440 2532 1561 688 472 405 1515 282 209 156 216 352 7012 2484
is_linear=0
shrinkage=0.03


Tree=3
num_leaves=31
num_cat=0
split_feature=20 12 8 8 3 20 13 12 7 8 15 20 6 3 12 8 12 14 4 3 17 17 8 16 4 20 8 14 14 13
split_gain=246.827 67.0049 73.6149 44.1827 17.5222 16.0368 11.4676 10.6443 21.9096 12.8907 11.9537 9.66587 8.62734 7.7751 7.57494 8.51456 6.8984 6.54016 7.7051 6.97247 6.53545 6.42856 5.42224 5.11602 6.18948 5.00045 4.96422 4.9301 9.38115 5.0091
threshold=1.0251613667160682 0.10139759561597296 1.4676085010201485 1.1961149005429206 0.11966616929155412 1.1723733038117004 0.14477400136323518 0.22814458903585513 0.23051147091332 14.934267760433713 2.249904835165133 1.2967397186147187 -0.25525277413834613 0.38110107542876365 0.041788668911413758 1.2133969308460666 0.050773869624446639 0.30695563705801032 1133.1287117351105 0.094848898001407209 0.60249760397640484 0.97401981203261168 1.0191906717928123 0.32303659801974277 1183.0103057646395 1.0940727828691412 1.4622763918818722 0.30981096521792423 0.1529659278028235 0.041319430960577268
decision_type=2 2 10 10 2 2 2 2 8 10 10 2 2 2 2 8 2 2 10 2 10 10 8 8 10 2 10 2 2 2
left_child=1 2 14 5 6 13 12 8 26 -10 23 17 -4 25 15 -1 -6 18 19 -5 27 -18 -15 24 -11 -2 -3 28 -17 -30
right_child=3 7 4 11 16 -7 -8 -9 9 10 -12 -13 -14 22 -16 20 21 -19 -20 -21 -22 -23 -24 -25 -26 -27 -28 -29 29 -31
leaf_value=-0.00012505344745722416 -0.00064382738624208197 0.0020826278291220914 -0.010468592312136612 -0.015789411287501082 -0.0036628269757127581 -0.0099263938119775845 -0.0018020120092726005 0.003218572200187422 0.00017973430233325486 -0.0070874436338168529 -0.0020331438295250596 -0.033791192393279539 -0.0041103512116487774 -0.00011715254110105972 0.00076274295984523851 0.00026256673910509439 -0.00073815088637281686 -0.0054948203098232331 -0.010744603027248988 -0.012376454711887348 -0.0099583534482783412 -0.003563324609839586 -0.0021434790889222214 -0.0017410788560592342 -0.0032918334401109703 -0.002315249284373877 0.00074186023889373791 8.3652175334636097e-05 -0.0054239046601623738 -0.0015374996927619098
leaf_weight=1463 410 4791 212 47 406 199 136 9369 1206 177 465 152 515 53 3412 87 641 187 141 212 63 61 194 92 77 211 4402 186 45 54
leaf_count=1463 410 4791 212 47 406 199 136 9369 1206 177 465 152 515 53 3412 87 641 187 141 212 63 61 194 92 77 211 4402 186 45 54
internal_value=7.94824e-05 0.000776354 -0.00169692 -0.0106652 -0.00664655 -0.00675 -0.00985069 0.00165146 0.00102756 -0.00180327 -0.00472537 -0.0163014 -0.0113448 -0.00497814 0.000141216 -0.00137757 -0.00414427 -0.0145051 -0.0166833 -0.0135115 -0.00505734 -0.00233855 -0.00947177 -0.00893948 -0.0111294 -0.00317846 0.00164879 -0.00352279 -0.00696257 -0.01323
internal_weight=29666 27860 7281 1806 1971 1067 863 20579 11210 2017 811 739 727 868 5310 1898 1108 587 400 259 435 702 247 346 254 621 9193 372 186 99
internal_count=29666 27860 7281 1806 1971 1067 863 20579 11210 2017 811 739 727 868 5310 1898 1108 587 400 259 435 702 247 346 254 621 9193 372 186 99
is_linear=0
shrinkage=0.03


Tree=4
num_leaves=31
num_cat=0
split_feature=20 20 20 8 20 8 3 8 10 7 14 20 14 3 13 5 4 4 20 11 2 13 2 15 20 9 3 4 20 3
split_gain=234.739 47.0528 28.7244 27.5169 24.0768 45.317 34.8215 14.9743 9.82383 6.67609 6.81893 6.42684 6.34382 6.32322 8.02663 6.29028 5.88659 5.82112 5.80164 6.02477 5.78811 9.35996 6.69694 5.06571 4.85039 8.02647 10.9607 6.45626 4.73249 5.11397
threshold=1.0533933928729604 0.96709300049311508 1.2967397186147187 1.3517102321521943 0.70652634878489529 1.4905783617231683 0.11560085967260787 1.2304545082850691 0.59824705441230475 0.2017053729599638 0.2391444357104717 0.88203705521649589 0.041102501197822737 0.27007451090431711 0.036947331888247649 0.032959693577848774 281.46999805843689 211.65414982852926 0.86188872021411045 9.6900158274709529 4.5118933025651744 0.14614769761789534 6.5810399820247101 2.8617925509761908 0.40842527049644201 0.01838252867596531 0.11369758380940388 937.77562917017872 0.15756482009845804 0.1526232844055547
decision_type=2 2 2 10 2 8 2 8 8 10 2 2 2 2 2 10 8 10 2 2 10 2 10 8 2 8 2 8 2 2
left_child=1 4 7 -3 16 20 8 12 9 -7 -11 -8 -2 14 -5 18 28 -9 -10 -20 -6 -22 -23 -13 -18 26 27 -26 -1 -30
right_child=2 3 -4 13 5 6 11 17 15 10 -12 23 -14 -15 -16 -17 24 -19 19 -21 21 22 -24 -25 25 -27 -28 -29 29 -31
leaf_value=0.0031220150341817994 -0.0033999602669725353 -0.00081430824748475916 -0.032888206320563669 -0.014041171326846983 0.0011847252222021347 -0.0018800594087975237 1.4921237493650957e-05 -0.022435724567427949 -0.001839445172466272 -0.011532447821356049 -0.0039298706345503092 -0.0027538781795001317 -0.0025645521214086048 -0.0046089525759621724 -0.0050446500533463797 -0.004418218735491748 0.0031220150341817994 -0.011272991079194895 -0.0028462106551008725 -0.0046322456081161669 0.00032852314650565233 -0.0058827026004916036 -2.2149418916449541e-05 -8.105693064597179e-05 -0.0061266380710271002 0.0024440461064483129 0.0013136297730943771 -0.0011209722379020299 -0.0098433048654878608 -0.00096632174157851173
leaf_weight=127 59 1539 229 107 7853 237 2478 64 679 131 44 315 601 94 175 49 4947 389 96 79 291 57 40 234 165 6714 1030 573 77 181
leaf_count=127 59 1539 229 107 7853 237 2478 64 679 131 44 315 601 94 175 49 4947 389 96 79 291 57 40 234 165 6714 1030 573 77 181
internal_value=0.000129894 0.000711193 -0.0121251 -0.00382829 0.00104065 9.13065e-05 -0.00238867 -0.0101176 -0.00646277 -0.0103002 -0.0147443 -0.000617239 -0.00721634 -0.0110928 -0.0133357 -0.00470243 0.00190532 -0.0143194 -0.00409123 -0.00894886 0.00139808 -0.00217481 -0.0101939 -0.00355091 0.0020102 0.00157444 -0.000223855 -0.00301218 -0.0017487 -0.00407722
internal_weight=29654 28312 1342 1915 26397 12583 4342 1113 1315 412 175 3027 660 376 282 903 13814 453 854 175 8241 388 97 549 13429 8482 1768 738 385 258
internal_count=29654 28312 1342 1915 26397 12583 4342 1113 1315 412 175 3027 660 376 282 903 13814 453 854 175 8241 388 97 549 13429 8482 1768 738 385 258
is_linear=0
shrinkage=0.03


Tree=5
num_leaves=31
num_cat=0
split_feature=20 12 8 20 12 8 17 3 2 9 12 3 6 20 6 9 20 4 8 14 14 3 7 6 3 4 14 4 4 9
split_gain=207.749 57.2436 58.8118 36.0489 25.9284 24.271 11.3099 10.5075 9.79175 16.1 9.91988 9.21695 7.70494 7.53968 7.28394 7.21451 8.8038 7.00551 6.92502 6.88842 7.88449 6.7583 8.04162 5.9343 5.64339 6.24675 5.57905 5.5602 5.42959 5.31534
threshold=1.0251613667160682 0.13431755131288362 1.4905783617231683 1.2967397186147187 0.059240700446010493 1.2968814948950051 0.99399022448360319 0.11729282061878168 5.7295499217261048 0.094378903496499203 0.041788668911413758 0.4863236694520473 0.57600140497275187 1.0940727828691412 0.18336374540587086 0.01805763357127645 0.38392434642015655 1085.5973430852978 1.2502491240955991 0.30695563705801032 0.1529659278028235 0.12413332593168801 0.22837099812873285 -0.14988888888888874 0.087799293665227957 405.6877845375534 0.25650469701685369 721.29222227148978 907.76316484028496 0.065260097177615078
decision_type=2 2 10 2 2 10 10 2 10 10 2 2 2 2 2 8 2 10 8 2 2 2 10 2 2 10 2 8 10 10
left_child=1 2 8 5 7 11 21 12 10 -10 18 13 17 -2 15 16 -3 27 -1 20 -20 22 -6 -8 -7 -26 -24 -4 -18 -22
right_child=3 14 4 -5 6 24 23 -9 9 -11 -12 -13 -14 -15 -16 -17 28 -19 19 -21 29 -23 26 -25 25 -27 -28 -29 -30 -31
leaf_value=-0.00012128031923825484 -0.0012446635344761691 0.0029717312205804741 -0.011329123960417936 -0.030044504480013463 -0.0013566789054525622 -0.017343554501031151 -0.0058956737018487464 -0.0027527084683684252 -0.00033575751912303926 -0.0057162771082642306 0.0010415293477959472 -0.0082195119422453847 -0.0021568524032834144 -0.0041573496674757278 0.0026804886578879832 0.001665490368090857 -0.0056075065091064418 -0.0089667882235652686 -0.002585218907101141 2.5778136020134286e-05 -0.0038267162154817427 -0.00024073872542344874 -0.007429909705859496 -0.0025291462548454584 -0.0055789180982899122 -0.0090344500315682717 -0.0032176274196142225 -0.0022110848273989218 -0.00085246458260425178 -0.0045864746438124861
leaf_weight=1504 653 332 50 231 839 76 58 478 212 78 5121 46 107 412 13985 2370 278 122 78 135 41 1093 114 226 117 243 45 47 351 56
leaf_count=1504 653 332 50 231 839 76 58 478 212 78 5121 46 107 412 13985 2370 278 122 78 135 41 1093 114 226 117 243 45 47 351 56
internal_value=0.00017065 0.000808412 -0.000950312 -0.00976728 -0.00435 -0.00810659 -0.00277146 -0.00900373 0.000545945 -0.00484536 0.000772059 -0.0057437 -0.013156 -0.00516416 0.0018651 0.000604142 -0.00158732 -0.0163773 -0.00113388 -0.005209 -0.00911932 -0.00200621 -0.00378979 -0.00837895 -0.0141007 -0.0124654 -0.00995625 -0.0101939 -0.00367143 -0.0147857
internal_weight=29498 27720 10404 1778 3179 1547 2375 804 7225 290 6935 1111 326 1065 17316 3331 961 219 1814 310 175 2091 998 284 436 360 159 97 629 97
internal_count=29498 27720 10404 1778 3179 1547 2375 804 7225 290 6935 1111 326 1065 17316 3331 961 219 1814 310 175 2091 998 284 436 360 159 97 629 97
is_linear=0
shrinkage=0.03


Tree=6
num_leaves=31
num_cat=0
split_feature=20 12 8 8 12 20 20 14 7 14 12 8 17 12 9 8 17 13 15 8 6 4 8 8 16 11 13 4 13 1
split_gain=201.125 56.9252 54.4135 42.2662 15.1491 13.1015 9.04267 9.45078 8.54869 8.47644 8.36487 9.16984 8.16223 8.09422 16.5867 9.90219 7.63155 6.66229 6.60642 6.52898 6.32161 6.32923 6.49745 6.13981 5.96436 5.57465 5.25757 5.21783 5.0787 7.13967
threshold=1.0251613667160682 0.12713471050571726 1.4905783617231683 1.2189414241281222 0.067483701145320665 1.1099458798809609 1.2967397186147187 0.30981096521792423 0.13544121562266268 0.6599086232578476 0.043743695664376421 1.2502491240955991 0.97401981203261168 0.26526622463571142 0.01805763357127645 33.501780519580798 0.50313478076187446 0.021500753520280334 2.4414009612931857 14.219794975599038 0.73733368980292902 1190.3701150429383 19.151368462309481 2.1354417720076002 0.062316366315312163 7.4386775612200848 0.1303930838225055 1133.1287117351105 0.15819968496347767 0.031754032258064509
decision_type=2 2 10 10 2 2 2 2 10 2 2 10 10 2 10 10 10 2 10 10 2 10 10 10 10 2 2 10 2 10
left_child=1 2 10 5 8 -2 7 27 -4 20 11 -1 18 14 15 -3 -13 -7 19 -6 21 22 -10 -9 -24 -17 -23 -5 -12 -30
right_child=3 13 4 6 12 17 -8 23 9 -11 28 16 -14 -15 -16 25 -18 -19 -20 -21 -22 26 24 -25 -26 -27 -28 -29 29 -31
leaf_value=-0.00016059463549696003 -0.0010304356185814579 -3.6554235453096198e-05 -0.00068083577800393837 -0.01214627828015174 -0.0013014389122115284 -0.013737002535707083 -0.029002844704533008 -0.002447658172935888 -0.0038476779709085743 0.0010194813054836469 0.00090704105971518747 -0.0012986777104509746 -0.0036344742803081395 0.0029479399234197058 0.0019084324455400964 -0.0089322024367632594 -0.0069162674332522035 -0.0051545036411516504 -0.00068410724966307276 -0.0041272086816350083 -0.0030110242087604613 -0.0095114051313896549 -0.010985373852381583 -0.025138627441779325 -0.0062513833294006674 -0.0027580534834071397 -0.0041269544867803725 -0.010079370318032865 0.0018536811484856945 -0.0039602834597654612
leaf_weight=1648 671 1440 216 256 244 141 147 133 170 64 4725 256 252 7238 8970 64 85 280 1290 158 221 143 40 58 89 406 63 138 101 128
leaf_count=1648 671 1440 216 256 244 141 147 133 170 64 4725 256 252 7238 8970 64 85 280 1290 158 221 143 40 58 89 406 63 138 101 128
internal_value=0.000171437 0.000800121 -0.00103002 -0.00947836 -0.00444256 -0.00573102 -0.0150532 -0.0133362 -0.00742999 -0.00887484 0.000420363 -0.00122261 -0.00289357 0.00179944 0.00128205 -0.00125589 -0.00569298 -0.00987441 -0.00214058 -0.0054938 -0.00979642 -0.0116502 -0.00881 -0.00779687 -0.0138692 -0.00503185 -0.0157101 -0.0159949 0.00108012 -0.00327391
internal_weight=29835 28011 9893 1824 2950 1092 732 585 1006 790 6943 1989 1944 18118 10880 1910 341 421 1692 402 726 505 299 191 129 470 206 394 4954 229
internal_count=29835 28011 9893 1824 2950 1092 732 585 1006 790 6943 1989 1944 18118 10880 1910 341 421 1692 402 726 505 299 191 129 470 206 394 4954 229
is_linear=0
shrinkage=0.03


Tree=7
num_leaves=31
num_cat=0
split_feature=12 8 12 8 0 0 3 8 12 4 17 9 4 6 2 9 6 4 4 16 12 15 17 15 8 3 4 8 15 8
split_gain=178.722 54.8663 39.1732 41.0059 20.4296 18.9855 13.7541 13.6562 12.7162 9.15579 8.95601 8.70066 8.55412 7.52736 7.29533 12.1379 6.77463 6.581 6.40994 5.84915 5.63951 5.48848 6.67581 5.06047 5.47522 4.80326 4.6163 5.82379 4.42346 4.61603
threshold=0.013787802911649829 1.2304545082850691 0.13431755131288362 1.4905783617231683 0.90229493605402722 0.85446000408198086 0.12059226808538251 19.151368462309481 0.064242785891931234 1078.5509435019262 0.60249760397640484 0.020484314769730175 677.98693717565777 0.9134722585946361 5.7295499217261048 0.077609493826336889 -0.025066598297212871 496.11124446763648 1126.194316390113 -1.0000000180025095e-35 -0.20362260185047629 2.8617925509761908 0.99399022448360319 2.0126758453675748 1.1427172375743808 0.3567026876174455 1922.2630087767573 31.375282411105079 2.4414009612931857 5.2550473933281774
decision_type=2 10 2 8 10 8 2 10 2 10 10 8 10 2 10 10 2 8 8 8 2 10 10 10 10 2 10 10 8 10
left_child=1 4 3 14 20 -3 8 10 9 -5 19 26 -12 -11 18 -16 17 -4 23 -7 -1 -8 -23 24 -2 -6 27 -10 29 -13
right_child=2 5 16 6 25 7 21 -9 11 13 12 28 -14 -15 15 -17 -18 -19 -20 -21 -22 22 -24 -25 -26 -27 -28 -29 -30 -31
leaf_value=-0.014769864345929185 -1.3238035697186759e-05 -0.027404206304397605 -0.0034406769760333966 -0.0038427273304690421 -0.00029601994626256479 -0.0076716526962596777 -0.0015977585934415276 -0.011506392867150203 -0.0027254686173041709 -0.007121572040669248 -0.006690172415146212 -0.001014560162304596 -0.010443298956797024 -0.00093417957257246962 0.00011950115729546831 -0.0049905722714435026 0.0024227806149583258 0.00083603619268326731 0.0011982710675889166 -0.0025805389129027649 -0.0033600019864774761 0.00056249440500997074 -0.0030425028300245715 7.6410423530165144e-05 -0.0049030201158915222 -0.0011611685483196718 -0.00085315633535708259 -0.01091586813732753 -0.00081835381460767772 -0.0035097932099616785
leaf_weight=104 77 248 239 117 881 105 851 203 141 129 49 70 138 43 191 89 14909 2137 4072 310 311 752 56 1967 71 465 75 75 683 106
leaf_count=104 77 248 239 117 881 105 851 203 141 129 49 70 138 43 191 89 14909 2137 4072 310 311 752 56 1967 71 465 75 75 683 106
internal_value=0.000204686 -0.00698686 0.000958624 -0.000581748 -0.00374404 -0.0124013 -0.00341917 -0.0101427 -0.00556458 -0.0111828 -0.00785075 -0.00414422 -0.0132926 -0.0155723 0.000777829 -0.00395018 0.001811 0.000323096 0.000992405 -0.0053726 -0.00955529 -0.00155602 0.00021508 -0.000347353 -0.00567785 -0.00194655 -0.00861986 -0.0108387 -0.00261977 -0.00684746
internal_weight=29664 2814 26850 9565 1761 1053 3098 805 1439 289 602 1150 187 172 6467 280 17285 2376 6187 415 415 1659 808 2115 148 1346 291 216 859 176
internal_count=29664 2814 26850 9565 1761 1053 3098 805 1439 289 602 1150 187 172 6467 280 17285 2376 6187 415 415 1659 808 2115 148 1346 291 216 859 176
is_linear=0
shrinkage=0.03


Tree=8
num_leaves=31
num_cat=0
split_feature=20 0 7 20 6 9 0 14 9 7 14 9 7 20 14 16 7 17 0 15 20 17 16 15 14 13 4 13 2 7
split_gain=167.754 36.4422 25.3236 25.1559 17.7145 10.6171 12.4959 10.6048 9.79096 8.43914 8.5011 8.37084 8.2753 8.107 7.30652 6.92084 6.57908 5.94907 7.57394 5.39454 5.30373 4.71349 4.7119 4.54073 4.17132 4.14124 4.00409 3.61406 3.56876 5.49379
threshold=1.0615944276095941 1.0848229686895843 0.18522395396903937 1.2967397186147187 0.32992929714567615 0.01805763357127645 2.0738819323039803 0.43443889032734823 1.0000000180025095e-35 0.17946751436638778 0.23577008017354692 0.0055351307189542504 0.031473668454844485 0.7040571045270726 0.22899651462346401 0.34198908065521866 0.1343200014634057 0.19434801244607217 1.2410579600669547 2.9174053685313028 0.97785047249826718 0.91741527588116323 -0.16927199525517891 2.4414009612931857 0.098413714326794632 0.17511705426587393 335.98191182792806 0.044565179699377448 5.8479582522806028 0.059077135635629517
decision_type=2 8 10 2 2 8 8 2 10 10 2 10 8 2 2 8 8 10 10 10 2 10 8 8 2 2 10 2 10 10
left_child=1 2 20 12 5 6 9 8 -4 -3 11 -11 -2 -6 19 26 28 22 21 -14 -1 -19 -7 24 -13 -22 -10 -28 -15 -30
right_child=3 4 7 -5 13 17 -8 -9 15 10 -12 23 14 16 -16 -17 -18 18 -20 -21 25 -23 -24 -25 -26 -27 27 -29 29 -31
leaf_value=3.2177413151312607e-05 -0.001520002833494949 -0.00019303040160644394 -0.001523159725602572 -0.028685580427194084 0.0027600996162298256 -0.004966746810114166 0.0015040981570390271 -0.0007947142257449044 -0.010815328185917978 -0.0033490392310589006 -0.00025545629893264127 -0.0092725905437201564 -0.010234364002049105 0.0014243989383456428 -0.0055619648906679786 -0.0015684236865167137 -3.0132913866895707e-05 -0.0013638944943533619 0.00041875263803414916 -0.0077524613474439542 -0.00086679572691591891 -0.0027481870911028605 0.0012716273260724546 -0.0086275153753279411 -0.0018973714828979923 -0.0037390484788834143 -0.007955052148079074 -0.0028642246482628447 -0.00485031193019412 0.00029074625269945255
leaf_weight=1890 289 321 103 227 10309 40 575 127 56 194 170 63 230 3164 403 42 3413 664 1701 105 1466 64 3320 145 82 46 155 41 43 169
leaf_count=1890 289 321 103 227 10309 40 575 127 56 194 170 63 230 3164 403 42 3413 664 1701 105 1466 64 3320 145 82 46 155 41 43 169
internal_value=0.000248869 0.00072377 -0.00195875 -0.0104845 0.0011548 -7.80653e-05 -0.0022824 -0.00809143 -0.0105 -0.00434939 -0.00630229 -0.00832577 -0.00847179 0.00168396 -0.010157 -0.0132814 0.000878792 0.000512435 -0.000618518 -0.0134375 -0.00101205 -0.00317695 0.00132996 -0.0115464 -0.00770548 -0.00233576 -0.0151541 -0.0130051 0.00181759 -0.00194366
internal_weight=29617 28363 3926 1254 24437 7339 1550 524 397 975 654 484 1027 17098 738 294 6789 5789 2429 335 3402 728 3360 290 145 1512 252 196 3376 212
internal_count=29617 28363 3926 1254 24437 7339 1550 524 397 975 654 484 1027 17098 738 294 6789 5789 2429 335 3402 728 3360 290 145 1512 252 196 3376 212
is_linear=0
shrinkage=0.03


Tree=9
num_leaves=31
num_cat=0
split_feature=12 20 8 12 8 7 16 20 7 12 6 13 12 9 8 1 7 3 15 8 8 2 17 16 3 4 13 3 20 15
split_gain=155.649 50.0381 33.5867 28.4736 37.6632 10.017 8.91872 8.84009 8.59545 9.50248 7.48468 7.48059 7.1721 15.5384 9.37965 6.88329 5.13776 5.63289 4.99538 4.95012 4.9257 4.68911 4.96732 4.412 4.21806 7.25062 4.15346 4.08703 4.08665 4.28016
threshold=0.024076778450684348 1.1723733038117004 1.3517102321521943 0.12818578308380915 6.1273128432923505 0.17040373730805305 0.27599968065299668 1.2967397186147187 0.1071915588444992 0.057545668555616387 -1.0000000180025095e-35 0.17244956145921225 0.22988802203634598 0.016742102850304325 31.375282411105079 0.17669683257918559 0.17179431983381199 0.15452277621120772 2.249904835165133 2.0964143250438378 14.219794975599038 5.7295499217261048 0.45962785369140857 -0.2187637777417594 0.14890050116301526 837.96594316819176 0.0048869758444924907 0.099065190872203793 1.0615944276095941 1.8688348091416842
decision_type=2 2 10 2 8 10 10 2 8 2 2 2 2 10 10 8 10 2 10 10 10 10 10 8 2 8 2 2 2 8
left_child=1 2 11 4 8 18 15 -3 21 27 20 28 13 14 26 16 -4 -18 -6 -15 -7 -2 -23 -14 25 -9 -5 -10 29 -1
right_child=3 7 6 12 5 10 -8 24 9 -11 -12 -13 23 19 -16 -17 17 -19 -20 -21 -22 22 -24 -25 -26 -27 -28 -29 -30 -31
leaf_value=-0.0031675133915536426 0.0012120453395747727 -0.0089276529354252419 -0.0069482645896254726 -0.0017595387836174484 -0.0019811221805405141 -0.0024717989016820887 -0.0041104491030384965 -0.044032522069817774 -0.0026983075178949852 0.00015093853099016857 -0.0027401564483297892 -0.011644403344234265 -0.004295723699272086 0.0020455242719514756 -0.0048806668900353524 -0.0071575347304192538 -0.011139935049091989 -0.0065920401663351197 -0.00060015611692418606 0.00064468525453378856 -0.0083968738614756417 0.00012085525392970065 -0.0023456060657614172 0.0027040153187814701 -0.02645221793346347 -0.0090086193800757181 0.0014208810455529186 -0.0015987290294587589 -0.0015678430423067971 -0.00050234598570856942
leaf_weight=96 3762 229 171 419 40 66 193 48 121 2456 483 51 50 4369 358 84 117 84 780 2906 208 120 50 9297 119 61 496 408 559 1414
leaf_count=96 3762 229 171 419 40 66 193 48 121 2456 483 51 50 4369 358 84 117 84 780 2906 208 120 50 9297 119 61 496 408 559 1414
internal_value=0.000321617 -0.00589774 -0.00437653 0.00108211 -0.000348205 -0.00453042 -0.0103431 -0.0150852 0.000605811 -0.000607836 -0.00701715 -0.00254597 0.00176101 0.00113276 -0.00192386 -0.0126302 -0.0143807 -0.0176584 -0.00222899 0.00166781 -0.0109745 0.00152708 -0.00333333 0.00233537 -0.0192838 -0.0147545 -0.000311135 -0.00425094 -0.00226232 -0.00144937
internal_weight=29615 3226 2769 26389 8494 1577 649 457 6917 2985 757 2120 17895 8548 1273 456 372 201 820 7275 274 3932 170 9347 228 109 915 529 2069 1510
internal_count=29615 3226 2769 26389 8494 1577 649 457 6917 2985 757 2120 17895 8548 1273 456 372 201 820 7275 274 3932 170 9347 228 109 915 529 2069 1510
is_linear=0
shrinkage=0.03


Tree=10
num_leaves=31
num_cat=0
split_feature=0 12 8 0 8 12 9 8 14 12 9 8 8 15 3 2 5 0 3 20 14 3 4 14 15 17 9 14 15 4
split_gain=145.358 48.5644 43.1482 29.7 16.4956 12.3461 16.4128 14.4805 12.2883 14.4125 10.55 9.26002 8.93236 9.8058 8.44723 7.26786 12.0361 6.89279 6.38827 6.00734 5.86353 6.82584 7.07704 5.54624 5.36741 5.10451 4.66865 5.71314 7.46362 7.36321
threshold=0.95773623328197866 0.099003726460243704 1.2502491240955991 0.77248472015492953 1.3387216704226939 0.21225048776937563 0.021239598319266993 31.375282411105079 0.39124143233266567 0.057545668555616387 0.15572595897911198 41.286945606663984 3.0337341919412295 2.249904835165133 0.10011761078688514 6.1746684159239598 0.69742875859810038 1.7097756944815514 0.47954586488210021 0.96709300049311508 0.48378809972364439 0.13069907958289581 2104.0674164843053 0.22899651462346401 2.9174053685313028 0.51009888573578144 0.1131366222994713 0.25284066456771392 3.4811217321331038 978.12793074335161
decision_type=8 2 10 10 10 2 10 10 2 2 10 10 10 10 2 10 10 8 2 2 2 2 8 2 8 10 10 2 8 10
left_child=3 2 15 -1 18 6 7 -3 9 10 14 -10 -8 17 -4 19 -17 -14 26 -2 21 22 -9 -16 -25 -11 -5 29 -29 -28
right_child=1 5 8 4 -6 -7 12 20 11 25 -12 -13 13 -15 23 16 -18 -19 -20 -21 -22 -23 -24 24 -26 -27 27 28 -30 -31
leaf_value=-0.025727216667990438 0.0010251498271909513 -0.0002646910146452163 -0.0078806395780425965 -0.0010819987422376611 -0.0097745851223873421 0.0026228948592180263 0.0016290983624978536 -0.0090403806218773992 0.0002701140536447571 -0.00082639081837555871 -0.00068115736958826055 -0.015002131344887806 -0.003071416884049894 0.00054838988599588867 -0.0035028166142319329 0.00078684427513955402 -0.0051739545120095065 -5.6082292043483868e-05 -0.0096862592287843656 -0.00043189320097094662 0.00073452761650116621 -0.00085353536494342486 -0.0028719518980685355 -0.0083367568672922266 0.00034737279504036561 -0.0028877926520632928 -0.0018001733861530366 -0.0010171331533149926 -0.0049776348883253637 -0.011864641511324645
leaf_weight=225 2784 1480 215 416 329 10416 5881 130 648 1059 155 48 259 2117 535 58 45 235 43 1259 59 78 92 50 121 367 120 229 42 62
leaf_count=225 2784 1480 215 416 329 10416 5881 130 648 1059 155 48 259 2117 535 58 45 235 43 1259 59 78 92 50 121 367 120 229 42 62
internal_value=0.000302152 0.000782892 -0.00131355 -0.00890389 -0.00707488 0.00152501 0.00079007 -0.0017788 -0.00393123 -0.00491171 -0.00753203 -0.000404591 0.00134652 -0.000113706 -0.00874946 0.000706053 -0.007125 -0.00391515 -0.00498795 0.00090727 -0.007175 -0.00887043 -0.0115426 -0.00714569 -0.00242442 -0.00293062 -0.00441724 -0.00652203 -0.00373897 -0.010623
internal_weight=29557 28091 7344 1466 1241 20747 10331 1839 3198 2502 1076 696 8492 2611 921 4146 103 494 912 4043 359 300 222 706 171 1426 869 453 271 182
internal_count=29557 28091 7344 1466 1241 20747 10331 1839 3198 2502 1076 696 8492 2611 921 4146 103 494 912 4043 359 300 222 706 171 1426 869 453 271 182
is_linear=0
shrinkage=0.03


Tree=11
num_leaves=31
num_cat=0
split_feature=20 8 20 8 6 20 14 20 20 17 4 2 14 11 17 15 20 8 8 9 15 13 10 15 16 0 14 14 11 9
split_gain=124.536 36.8514 23.5993 27.7609 17.5311 13.7745 13.3011 9.8461 8.39053 8.30748 7.75914 7.07696 9.5728 8.29833 6.65951 6.24616 5.88891 6.10973 5.87345 5.80927 5.28124 5.10404 5.01499 5.01117 4.79806 4.51988 8.33911 4.33184 4.24702 4.21289
threshold=1.0027193482768479 1.2189414241281222 0.5291428033975123 5.2550473933281774 -1.0000000180025095e-35 1.2967397186147187 0.29900535273130452 1.1099458798809609 0.8326058447665623 0.5792031075484988 1133.1287117351105 1.0000000180025095e-35 0.25450203479105588 10.436216536581403 -0.43867369142464502 2.3502401828962087 0.91585035531530756 1.2502491240955991 118.92937048384194 0.016742102850304325 3.1984648276080736 0.016439054640775667 1.0042305012895396 2.4414009612931857 0.41168324740555678 1.4203614234839106 0.19362857177495393 0.69023720239001662 9.9462835947546075 0.070874147984448757
decision_type=2 10 2 10 2 2 2 2 2 10 10 10 2 2 8 10 2 10 10 10 10 2 10 8 8 10 2 2 2 10
left_child=2 7 -1 11 9 6 10 -2 15 23 18 14 13 -13 -4 24 19 -18 29 27 21 22 -19 -5 -6 26 -15 -16 -11 -3
right_child=1 5 3 4 8 -7 -8 -9 -10 28 -12 12 -14 25 16 -17 17 20 -20 -21 -22 -23 -24 -25 -26 -27 -28 -29 -30 -31
leaf_value=0.0025442080134414854 -0.00057505863689082104 -0.0066864065708836708 -0.0039061112060940761 -0.0037842280569706632 -0.0021279493922326284 -0.0259526201583756 -0.0033952120295939205 -0.0048820935806412795 -0.0016240536631455243 -0.0068900111446639116 -0.0085477342596450116 -0.0057953101974891489 0.00037619731304603922 -0.00021583591714950594 6.0276134365447009e-05 0.0006700977463665542 0.00046977002611858765 -0.0049312649849261939 -0.011589875126674183 0.0014322990126755895 -0.0012073479926871724 0.00063319346044239503 -0.00064540211248450283 -0.0016627992566147633 0.0012400712400675851 0.0013516493261108008 -0.0035085141924026679 -0.0029518817371137888 -0.0059437333002309422 -0.010935713183421823
leaf_weight=7620 980 158 111 170 493 150 242 403 644 131 152 116 780 87 1460 2118 1990 77 42 9836 100 358 106 598 189 120 41 46 100 95
leaf_count=7620 980 158 111 170 493 150 242 403 644 131 152 116 780 87 1460 2118 1990 77 42 9836 100 358 106 598 189 120 41 46 100 95
internal_value=0.000353019 -0.00647503 0.000909168 0.000360055 -0.00172615 -0.0114321 -0.00961304 -0.00346171 -0.000710595 -0.005223 -0.0126763 0.00096881 -0.00129956 -0.00530959 0.00115314 1.11719e-10 0.00121146 -6.72491e-05 -0.00978041 0.00150807 -0.00261215 -0.00143358 -0.00549456 -0.00371391 -0.00249488 -0.00219277 -0.00609302 -0.000226941 -0.0102026 -0.00799606
internal_weight=29513 2222 27291 19671 4443 839 689 1383 3444 999 447 15228 1144 364 14084 2800 13973 2631 295 11342 641 541 183 768 682 248 128 1506 231 253
internal_count=29513 2222 27291 19671 4443 839 689 1383 3444 999 447 15228 1144 364 14084 2800 13973 2631 295 11342 641 541 183 768 682 248 128 1506 231 253
is_linear=0
shrinkage=0.03


Tree=12
num_leaves=31
num_cat=0
split_feature=12 20 12 7 7 13 16 12 9 17 2 9 5 9 20 15 20 6 12 9 4 6 17 9 6 17 11 4 1 9
split_gain=122.494 40.0908 26.0767 25.7365 23.0987 15.1082 12.6532 11.1703 8.4263 7.73623 6.39019 8.11068 5.99923 5.76198 5.28601 4.9354 4.90467 4.78445 4.68042 7.97937 5.03474 5.73636 5.90545 4.36782 4.33235 6.32359 4.13344 7.26943 4.03586 3.91031
threshold=0.024076778450684348 1.2180055060750263 0.1563576893431389 0.17179431983381199 0.16077908898741219 0.17511705426587393 0.27599968065299668 0.071425567114189917 1.0000000180025095e-35 -0.43867369142464502 5.798025059063515 0.11693184134323584 0.83964469378214124 0.081074892167686721 0.87561317849507747 2.4414009612931857 1.4212677531546551 0.29918516633031328 0.26526622463571142 0.01805763357127645 923.3373347017972 0.23126902779613245 0.57214881596377998 0.22892267742417752 0.076717848681718118 0.37183834457005377 9.8063431912701287 923.3373347017972 0.05466998754669989 0.084176893584138782
decision_type=2 2 2 10 8 2 10 2 10 10 10 10 8 10 2 8 2 2 2 10 8 2 10 10 2 10 2 8 10 10
left_child=1 3 4 5 9 12 8 14 -5 -2 -11 -12 -1 24 -6 -8 26 -7 19 20 21 22 -4 -20 25 -9 27 -3 -27 -10
right_child=2 16 18 6 7 17 15 13 29 10 11 -13 -14 -15 -16 -17 -18 -19 23 -21 -22 -23 -24 -25 -26 28 -28 -29 -30 -31
leaf_value=-0.0040633433014431496 -0.0050096355893319514 -0.016068683108417813 -0.0054210955012777475 -0.0024134161071359588 -0.0049969282466695315 -0.0069350380761435994 0.0001755856760948691 -0.0019270949931790783 -0.0094577306105918333 0.00071209831365574719 -4.8622243629414118e-05 -0.0039428991148464636 -0.00085490802547235842 0.00048380374191851923 -0.0029129825616436155 -0.0058357963224057157 -0.037757704504498731 -0.010452490611714257 0.0024678817730382405 0.0019554048232216215 0.00048787540524965981 -0.00062888869823990977 -0.0060721953085384264 -0.0053738647443272586 -0.00094133412438973782 -0.0059558691675432231 -0.0059176505836032673 -0.0021893151782842518 -0.00079077589970675155 -0.006731800554941836
leaf_weight=59 56 103 122 54 85 50 104 375 214 7683 375 124 2279 644 439 69 109 60 7171 6439 1037 306 40 40 1179 152 52 68 53 42
leaf_count=59 56 103 122 54 85 50 104 375 214 7683 375 124 2279 644 439 69 109 60 7171 6439 1037 306 40 40 1179 152 52 68 53 42
internal_value=0.000410999 -0.00507077 0.00109076 -0.0039485 -9.40343e-06 -0.00269743 -0.0102707 -0.00229816 -0.0138907 0.000803981 0.000880606 -0.002406 -0.00218298 -0.00143136 -0.00626286 -0.00374138 -0.0149369 -0.0135135 0.00190123 0.00139862 -0.000567729 -0.00314712 -0.00769325 0.00245466 -0.00231989 -0.00444062 -0.0122812 -0.00992442 -0.00866505 -0.0161556
internal_weight=29583 3263 26320 2931 11165 2448 483 2927 310 8238 8182 499 2338 2403 524 173 332 110 15155 7944 1505 468 162 7211 1759 580 223 171 205 256
internal_count=29583 3263 26320 2931 11165 2448 483 2927 310 8238 8182 499 2338 2403 524 173 332 110 15155 7944 1505 468 162 7211 1759 580 223 171 205 256
is_linear=0
shrinkage=0.03


Tree=13
num_leaves=31
num_cat=0
split_feature=12 8 12 8 20 14 20 9 12 15 8 7 15 2 13 14 0 14 16 11 3 14 3 1 1 15 12 14 14 9
split_gain=115.675 49.9536 29.1197 30.748 19.8349 13.0858 12.2749 10.8384 9.05028 8.71848 7.53338 8.4135 7.04247 6.57422 7.53412 6.79893 7.4146 8.11837 6.14455 5.60767 5.83724 5.17831 8.23443 5.0544 5.32575 5.07722 4.97323 8.0942 8.0787 5.94004
threshold=0.024076778450684348 1.2304545082850691 0.17337531495499195 5.2550473933281774 1.2180055060750263 0.24116311111870239 1.1723733038117004 0.021239598319266993 0.085368247319362225 3.1132683346437333 13.037562438796284 0.087367985969102585 2.4414009612931857 4.0823256909868091 0.035322458591807424 0.27887317046262522 1.3767460276685526 0.19496829516785188 0.18557300873305996 8.1699026073017489 0.14786603821660313 0.2391444357104717 0.12648950609783924 0.17108013937282232 0.21103238866396765 2.6735537653587347 0.10508456581515892 0.078606099333730237 0.26209131748968711 0.017863256567631682
decision_type=2 10 2 10 2 2 2 10 2 10 10 10 10 10 2 2 10 2 10 2 2 2 2 8 8 10 2 2 2 10
left_child=1 6 3 13 5 10 -1 21 23 -8 11 -3 -10 14 26 16 17 -15 -12 -13 -21 22 -5 25 -25 -9 27 -2 -29 -28
right_child=2 4 -4 7 -6 -7 9 8 12 -11 18 19 -14 15 -16 -17 -18 -19 -20 20 -22 -23 -24 24 -26 -27 29 28 -30 -31
leaf_value=-0.0004904267902654661 0.00065125853606610128 -0.010959876404450413 0.0023399190604798657 -0.0080794445075143308 -0.021315250970764046 -0.0041632598999429889 -0.011911884959190135 -0.0028074183301923052 -0.0021557861962533632 -0.0062977364348130987 -0.0096892064137778372 0.001031192208715076 0.00011469378619152125 -0.0014714152447726306 0.001349746605772327 0.00017196838450219597 -0.00019850347762522257 -0.0044257490265625634 -0.0037050184946098717 -0.0083475480852944501 -0.0032009636518592218 -0.0020268857835506822 -0.0016506555778561863 -0.0040406850587704733 -0.0021529986700638748 -0.00055913207809402685 -0.0013204002747310109 -0.0016626326176571176 -0.00029012632001555933 0.00090234806450651772
leaf_weight=1869 640 45 13579 191 212 470 157 136 411 43 119 69 1318 85 5193 410 164 58 75 96 171 124 109 51 95 298 374 482 846 1822
leaf_count=1869 640 45 13579 191 212 470 157 136 411 43 119 69 1318 85 5193 410 164 58 75 96 171 124 109 51 95 298 374 482 846 1822
internal_value=0.000344496 -0.00492696 0.00100913 -1.70986e-05 -0.00964149 -0.00793021 -0.00205942 -0.0028387 -0.00202727 -0.00910448 -0.0109635 -0.00847382 -0.00093815 0.000748586 0.000960782 -0.00201811 -0.00538636 -0.0103542 -0.0157846 -0.00680119 -0.00876493 -0.00724235 -0.00936877 -0.00526678 -0.0100816 -0.00362759 1.00841e-05 -0.00108481 -0.00241986 0.000991352
internal_weight=29712 3326 26386 12807 1257 1045 2069 2733 2309 200 575 381 1729 10074 9357 717 307 143 194 336 267 424 300 580 146 434 4164 1968 1328 2196
internal_count=29712 3326 26386 12807 1257 1045 2069 2733 2309 200 575 381 1729 10074 9357 717 307 143 194 336 267 424 300 580 146 434 4164 1968 1328 2196
is_linear=0
shrinkage=0.03


Tree=14
num_leaves=31
num_cat=0
split_feature=20 20 8 20 3 8 20 6 0 6 17 17 9 0 13 2 17 14 3 8 1 14 6 9 8 8 17 13 14 15
split_gain=107.745 25.5312 33.5983 21.3606 21.1394 12.3383 11.4335 11.0712 8.16684 7.64963 6.90976 6.96762 5.76422 7.04267 5.66481 5.21125 6.55964 5.0094 6.38127 4.70372 4.40896 4.90592 4.40322 4.34854 4.30095 4.2033 4.03378 3.92659 3.89409 4.48056
threshold=1.0713661873885802 0.72637553234708274 1.4622763918818722 1.4212677531546551 0.10932776564183717 1.1961149005429206 0.96709300049311508 -0.62017780241357234 1.1330204190095139 0.2075883745883747 0.59465101683448363 -0.089470402401126498 0.01952656677684261 2.2986563951781323 0.12368627714966261 4.1778487791830718 0.52495208475263855 0.25284066456771392 0.1249545940890955 1.3517102321521943 0.18146027201145312 0.52443401038810711 0.90082093298399923 0.22043901052556461 12.287720259691678 12.287720259691678 0.63601388288225247 0.0018966012399310283 0.39532504128344437 2.6735537653587347
decision_type=2 2 10 2 2 10 2 2 10 2 10 10 8 8 2 10 10 2 2 10 10 2 2 10 10 10 10 2 2 8
left_child=1 9 6 5 7 20 15 26 22 12 11 -7 13 17 -12 -3 -17 18 -1 -8 -2 23 28 -22 -9 -13 -4 -26 29 -6
right_child=3 2 4 -5 8 10 19 24 -10 -11 14 25 -14 -15 -16 16 -18 -19 -20 -21 21 -23 -24 -25 27 -27 -28 -29 -30 -31
leaf_value=-0.0052146274947687619 -0.00096986511469093924 0.0010126320875968396 -0.0072746421590321533 -0.033885775877842389 -0.0042165577755781643 -0.020825004132535112 -0.00053172915713170705 -0.0013993832486616708 -0.00010712804360758438 0.0022888445907468997 -0.010221410975226485 -0.0033587432964280539 0.001300479657457068 0.0015208596242908261 -0.010630184196523588 -5.0626501318505154e-05 -0.0045347991075485655 0.00025397367805339067 -0.00042317988835530336 -0.006996460029414126 -0.0099786218588890016 -0.0070457207143806858 -0.00040310268697998436 -0.00039648742118269538 -0.0086809830629031894 -0.0092717438806044425 -0.0093783086165846238 -0.0018042035974017976 -0.00010825205598011472 -0.0012753257306976594
leaf_weight=270 410 7248 131 111 209 42 1690 563 2299 11634 119 172 2120 452 41 319 65 134 148 48 45 40 298 75 135 77 40 274 114 249
leaf_count=270 410 7248 131 111 209 42 1690 563 2299 11634 119 172 2120 452 41 319 65 134 148 48 45 40 298 75 135 77 40 274 114 249
internal_value=0.000392791 0.000754193 -0.000179347 -0.00867961 -0.00237051 -0.00730626 0.000829154 -0.00586626 -0.0011082 0.00161962 -0.0110111 -0.0082089 0.00030144 -0.00157015 -0.0160248 0.00132923 -0.00207273 -0.00384087 -0.00545585 -0.0013663 -0.00436077 -0.00857143 -0.00358209 -0.00545455 -0.0046187 -0.006252 -0.0128895 -0.00695854 -0.00512042 -0.00635294
internal_weight=29572 28440 13682 1132 4312 1021 9370 1143 3169 14758 451 291 3124 1004 160 7632 384 552 418 1738 570 160 870 120 972 249 171 409 572 458
internal_count=29572 28440 13682 1132 4312 1021 9370 1143 3169 14758 451 291 3124 1004 160 7632 384 552 418 1738 570 160 870 120 972 249 171 409 572 458
is_linear=0
shrinkage=0.03


Tree=15
num_leaves=31
num_cat=0
split_feature=12 8 12 8 17 7 0 3 11 17 14 12 7 0 8 8 13 15 3 12 10 16 13 14 17 8 10 1 8 15
split_gain=112.25 38.8894 26.7795 30.1467 16.9277 12.2483 11.9972 9.13444 8.71738 8.48019 8.02139 6.85557 7.1341 6.67722 6.65702 6.34854 6.74411 6.18962 5.76737 5.27398 5.12284 4.27596 4.14316 5.39821 3.97258 3.92761 3.91245 4.22926 3.74362 4.98364
threshold=0.019071218627901846 1.2304545082850691 0.12818578308380915 1.4521854601410698 0.60249760397640484 0.21065293321987585 0.85446000408198086 0.12240184461817616 8.2698850049033865 0.015654446907426501 0.18174998340314583 0.26526622463571142 0.23188448968898287 0.82511311878168192 234.71963551687108 6.1273128432923505 0.11086894837422966 2.249904835165133 0.4863236694520473 0.20932959709088197 0.85102415878501037 -0.2187637777417594 0.035874103367187875 0.078606099333730237 -0.31310156101340053 19.151368462309481 1.7131530806137254 1.0000000180025095e-35 15.174598430824046 1.8688348091416842
decision_type=2 10 2 10 10 10 10 2 2 8 2 2 8 10 10 10 2 10 2 2 10 8 2 2 8 10 10 8 10 10
left_child=1 6 3 22 5 13 17 15 10 -7 -6 12 -4 -3 19 -5 20 -1 -8 28 -17 -13 23 -2 -24 -11 27 -10 -14 -30
right_child=2 4 11 7 8 9 18 -9 26 25 -12 21 14 -15 -16 16 -18 -19 -20 -21 -22 -23 24 -25 -26 -27 -28 -29 29 -31
leaf_value=-0.0094450280839107233 0.00085301873936287603 -0.012179011385486199 0.0015128046042249162 -0.0012086484178022705 -0.013637151543805133 -0.02284501805777291 -0.00054998416389220558 -0.00061083681484066295 -0.0094093465898448161 -0.0038925926984263617 0.00085312710818278062 -0.0041760120830549741 -6.5784726242824622e-06 -0.0019043418710700335 -0.0047669387012022561 -0.005134850946290361 -0.0013814130561840775 -0.007122707223690925 -0.0017858680187801403 0.001249405705731729 -0.0027085831407441252 0.0022549824103102909 -0.0040627825206853534 -0.00050733926044519947 0.0011689794278721469 -0.012747504487936472 -0.012708969254113233 -0.0087300955336473505 -0.005273086376988206 -0.0014464561440432782
leaf_weight=116 712 64 7906 667 54 65 1631 1578 112 89 53 52 754 461 79 236 272 103 58 1438 250 7150 42 1400 3578 85 72 104 109 356
leaf_count=116 712 64 7906 667 54 65 1631 1578 112 89 53 52 754 461 79 236 272 103 58 1438 250 7150 42 1400 3578 85 72 104 109 356
internal_value=0.000375013 -0.00505834 0.00100214 -0.00035886 -0.00939052 -0.00676863 -0.00242326 -0.00279328 -0.0144318 -0.0123875 -0.00702778 0.00166837 0.00118444 -0.00419202 -0.000135915 -0.00453366 -0.00641107 -0.00901364 -0.00156391 0.000120768 -0.00852567 0.00238317 0.000916798 -0.000139139 0.00153273 -0.00884571 -0.0171488 -0.0149862 -0.00133033 -0.00344421
internal_weight=29646 3067 26579 8735 1159 764 1908 3003 395 239 107 17844 10642 525 2736 1425 758 219 1689 2657 486 7202 5732 2112 3620 174 288 216 1219 465
internal_count=29646 3067 26579 8735 1159 764 1908 3003 395 239 107 17844 10642 525 2736 1425 758 219 1689 2657 486 7202 5732 2112 3620 174 288 216 1219 465
is_linear=0
shrinkage=0.03


Tree=16
num_leaves=31
num_cat=0
split_feature=20 12 8 20 8 12 7 8 7 8 6 14 8 14 7 17 2 4 9 8 1 3 9 3 14 5 17 12 17 9
split_gain=100.912 40.0774 28.9277 21.56 12.4378 10.9729 15.4349 9.64979 9.06508 7.70455 7.29554 6.12466 5.75773 5.45027 5.38634 5.32664 7.41347 5.93543 5.17395 5.09038 5.01308 5.3757 8.49455 4.77375 4.46427 4.43482 4.41937 4.16125 4.00779 3.98908
threshold=1.0615944276095941 0.095471879744685864 1.4622763918818722 1.2967397186147187 1.2236895635236984 0.20932959709088197 0.22837099812873285 14.934267760433713 0.13775650177339077 19.151368462309481 0.72635464160334196 0.36265707174816203 1.4819053620009381 0.30452058173666235 0.095332319688763448 0.49052540776731041 6.4423727219655662 1126.194316390113 0.10658420804438849 1.2189414241281222 0.04027027027027031 0.13377412351641191 0.0056167550659594759 0.12648950609783924 0.21366555468538176 0.032959693577848774 0.66486384125251907 0.13200789742452648 1.4850325121970982 0.024213383549321055
decision_type=2 2 10 2 10 2 8 10 10 10 2 2 10 2 10 10 10 8 10 8 10 2 10 2 2 10 10 2 10 10
left_child=1 2 15 4 -2 6 12 -8 -4 11 18 25 -3 14 -6 17 19 -1 -11 -17 21 22 -9 -16 -20 -10 -25 -24 -29 -14
right_child=3 5 8 -5 13 -7 7 20 9 10 -12 -13 29 -15 23 16 -18 -19 24 -21 -22 -23 27 26 -26 -27 -28 28 -30 -31
leaf_value=-0.00039868321335992163 -0.0011369627425806045 0.0014339610888387396 -9.5201462511117227e-05 -0.02194169441685483 -0.011496907483466101 0.0021873329380009822 2.3024833325539546e-05 -0.009623095960723884 -0.0025077211368147866 -0.009030857642884119 -0.0029185198325142095 0.00037468333426181615 -0.00089006842731881926 -0.0033996645655171836 -0.0090309245905611131 0.000264281173205962 -0.0056192264002597253 0.00076852053062779471 4.5033165516602025e-05 -0.0033744507398691418 -0.00039608221827173935 -0.0016664496195701458 -0.0080880051456434995 -0.0070185191367074943 -0.0029609745811174926 -0.0047414910527107607 -0.0056988219867756878 -0.00066447446869248963 -0.0045889393341360801 0.00068132120688775555
leaf_weight=1866 607 4952 395 222 45 10641 1012 49 688 215 166 228 919 132 71 467 48 2714 60 273 191 176 50 120 77 78 55 179 46 2857
leaf_count=1866 607 4952 395 222 45 10641 1012 49 688 215 166 228 919 132 71 467 48 2714 60 273 191 176 50 120 77 78 55 179 46 2857
internal_value=0.000411385 0.000779632 -0.00114005 -0.00792019 -0.00608147 0.00144241 0.000750863 -0.00186092 -0.00431289 -0.00536946 -0.00833526 -0.00381709 0.00126063 -0.0100259 -0.0123185 -1.22927e-05 -0.00228897 0.00037983 -0.0107762 -0.00153846 -0.00459104 -0.00616766 -0.00845538 -0.0104939 -0.00615217 -0.00510039 -0.00775568 -0.0063587 -0.00457965 0.000378078
internal_weight=29599 28347 7275 1252 1030 21072 10431 1703 1907 1512 518 994 8728 423 291 5368 788 4580 352 740 691 500 324 246 137 766 175 275 225 3776
internal_count=29599 28347 7275 1252 1030 21072 10431 1703 1907 1512 518 994 8728 423 291 5368 788 4580 352 740 691 500 324 246 137 766 175 275 225 3776
is_linear=0
shrinkage=0.03


Tree=17
num_leaves=31
num_cat=0
split_feature=0 0 8 8 6 3 0 11 7 14 0 17 2 17 17 11 4 17 9 4 14 8 15 17 17 11 14 16 17 16
split_gain=84.5674 21.8086 22.0417 19.7301 15.8028 10.0439 9.78081 9.33976 8.78577 8.56243 8.089 7.68253 6.42112 6.12393 7.95031 5.28146 5.05433 5.03358 5.20128 5.02529 4.96778 4.59284 4.2941 5.20408 4.2728 3.92626 3.85378 4.75953 3.76581 8.20055
threshold=0.94288975864318336 1.9041668348414915 6.1273128432923505 1.2236895635236984 0.57600140497275187 0.123315006362833 1.0354129758016761 8.5820441461687107 0.067387082534567905 0.045803942539447591 1.3337225955518035 -0.50990566521121961 4.0823256909868091 -0.13233485376011103 0.58687313483119508 9.9679401300085129 237.70114823402255 0.41229229639356268 0.11854444167700136 1078.5509435019262 0.041102501197822737 24.772319156178899 3.4811217321331038 0.27541592731985082 -0.17091000549707427 11.275720994973229 0.69023720239001662 0.060648207278360504 0.59465101683448363 0.15155761307156845
decision_type=8 8 10 10 2 2 10 2 10 2 10 8 10 10 10 2 8 10 10 10 2 10 8 10 10 2 2 10 10 10
left_child=3 2 6 20 5 7 28 -4 -5 -10 19 -8 15 -11 -15 -13 -7 -14 25 -9 -1 -21 -12 -24 -22 -19 -17 -28 -2 -30
right_child=1 -3 4 8 -6 16 11 10 9 13 22 12 17 14 -16 26 -18 18 -20 21 24 -23 23 -25 -26 -27 27 -29 29 -31
leaf_value=-0.0021468229158684874 -0.00034590469479053268 0.0021217129498609525 -0.0090845363433884642 -0.012955003635746577 -3.2069798980890049e-05 -0.0082164746897294971 -0.0048887367056795186 -0.0018775307155191607 -0.038634035596727803 -0.025872369858372546 -0.00049930764811237155 0.00044756309291060992 5.2480650547439844e-05 -0.0042867034628483467 -0.0073923086964865232 0.0013833538651787883 -0.0006610791735456084 -0.00048187647466163948 -0.0063933719253144511 -0.0039157132504135904 -0.022608225103006419 -0.0083737367463874116 -0.00032063918711625511 -0.0035734492287791153 -0.0012656606709541935 -0.0026816773322425017 -0.003779768948797621 8.3115700188943819e-05 -0.0077877056973801751 -0.0018903528462118513
leaf_weight=56 1652 7598 113 43 2422 43 75 138 51 41 451 6330 665 256 167 7075 906 175 65 78 40 104 44 55 603 41 40 103 52 197
leaf_count=56 1652 7598 113 43 2422 43 75 138 51 41 451 6330 665 256 167 7075 906 175 65 78 40 104 44 55 603 41 40 103 52 197
internal_value=0.000426449 0.000763326 0.000261321 -0.00718521 -0.00163674 -0.0036596 0.00076316 -0.00578354 -0.0113882 -0.0102616 -0.00471871 0.00102725 0.00107706 -0.00894194 -0.00783255 0.00124393 -0.00145579 -0.00131151 -0.00467021 -0.00850467 -0.00381857 -0.0117705 -0.00250454 -0.00813 -0.00306056 -0.00240553 0.00179859 -0.0030625 -0.00126025 -0.004692
internal_weight=29679 28422 20824 1257 4354 1932 16470 983 558 515 870 14569 14494 464 423 13548 949 946 281 320 699 182 550 99 643 216 7218 143 1901 249
internal_count=29679 28422 20824 1257 4354 1932 16470 983 558 515 870 14569 14494 464 423 13548 949 946 281 320 699 182 550 99 643 216 7218 143 1901 249
is_linear=0
shrinkage=0.03


Tree=18
num_leaves=31
num_cat=0
split_feature=20 12 8 8 12 9 13 14 14 7 20 15 7 8 15 20 13 17 17 13 6 12 8 13 8 2 5 17 7 14
split_gain=82.2119 37.2151 27.7974 18.3025 10.7628 15.3495 10.2716 9.84073 12.3493 8.33382 7.8968 6.00467 5.75411 5.06996 5.57886 6.36812 6.00588 4.9078 8.92516 4.87922 4.87468 4.86385 4.8171 5.36056 4.54296 4.41893 7.32551 4.18283 6.19999 4.88454
threshold=1.0615944276095941 0.10259045597910001 1.2534388933884364 1.1961149005429206 0.26526622463571142 0.01805763357127645 0.016859294059371328 0.25450203479105588 0.12270964149603746 0.19154875435805083 1.4212677531546551 1.8688348091416842 0.070112753377707351 5.2550473933281774 2.249904835165133 0.59949604487441477 0.0058300425387644546 0.59465101683448363 -0.035365270809652509 0.073876443037184672 -0.17917399568911449 0.21754092111923742 4.0554175358757769 0.13633287937209046 14.934267760433713 6.1746684159239598 0.69742875859810038 0.58687313483119508 0.24395122475576006 0.2391444357104717
decision_type=2 2 10 10 2 10 2 2 2 8 2 8 10 10 10 2 2 10 10 2 2 2 10 2 10 10 10 10 10 2
left_child=1 2 11 -2 5 9 7 8 -4 -3 17 -1 -8 -7 15 -15 -17 18 -5 -19 -10 27 -14 -24 -20 -13 -27 29 -29 -11
right_child=3 4 6 10 -6 13 12 -9 20 21 -12 25 22 14 -16 16 -18 19 24 -21 -22 -23 23 -25 -26 26 -28 28 -30 -31
leaf_value=-0.0018731180481144428 -0.0017049882308472894 0.00039950230795064912 -0.0021489041775592183 -0.0089524224397987996 0.002058061561365124 0.0014541574780757491 -0.0068818095835068861 -0.0011112740467408026 -0.0081513093444224825 -0.0040758505910802071 -0.037911321352236932 0.00053149463982649244 -0.00054511736189748325 0.0003016953198983926 0.00082881174001881591 -0.0012225656725570319 -0.0028043459156099739 -0.0069295139737674608 -0.0020023728242751404 -0.010410968538403089 -0.0038228356533527258 -0.00051469270148541552 -0.0020406294418442001 -0.00028056246988016553 -0.01101592418378926 0.00050380033994134558 -0.0041775206295649259 -0.0037389139885386884 -0.0040533855675483153 0.0014772470586334723
leaf_weight=198 656 984 242 64 7209 7522 43 401 125 343 79 4223 1438 465 2689 130 139 113 175 60 212 493 551 430 80 72 50 98 200 121
leaf_count=198 656 984 242 64 7209 7522 43 401 125 343 79 4223 1438 465 2689 130 139 113 175 60 212 493 551 430 80 72 50 98 200 121
internal_value=0.000409883 0.000738715 -0.00099737 -0.00718974 0.00141851 0.00090876 -0.0030305 -0.00562691 -0.00812586 -0.00135402 -0.0111136 0.000543354 -0.00199513 0.00137173 0.000414428 -0.00190204 -0.00556667 -0.00966329 -0.00741562 -0.0137414 -0.0118314 -0.00297373 -0.00179876 -0.00341853 -0.00486328 0.000776576 -0.00482927 -0.00447444 -0.00724415 -0.00268387
internal_weight=29605 28378 7985 1227 20393 13184 3442 980 579 2239 571 4543 2462 10945 3423 734 269 492 319 173 337 1255 2419 981 255 4345 122 762 298 464
internal_count=29605 28378 7985 1227 20393 13184 3442 980 579 2239 571 4543 2462 10945 3423 734 269 492 319 173 337 1255 2419 981 255 4345 122 762 298 464
is_linear=0
shrinkage=0.03


Tree=19
num_leaves=31
num_cat=0
split_feature=20 20 20 9 17 16 16 14 7 10 17 6 14 6 17 4 7 17 9 14 9 20 7 9 14 14 4 11 15 15
split_gain=74.8597 22.3748 17.2678 11.8963 11.7801 11.6263 10.0516 8.91177 8.80693 9.40782 7.62954 5.67331 7.21563 5.37148 5.21377 5.11104 4.95338 4.91579 4.90393 5.30826 4.88638 5.34725 6.70504 4.88559 7.32959 4.69832 4.62368 4.38877 3.99451 5.81244
threshold=0.99844775836844146 1.1723733038117004 0.52516902840841495 0.016742102850304325 0.5792031075484988 0.20307983023484502 -0.2187637777417594 0.045803942539447591 0.18522395396903937 1.4299920114232096 -0.13233485376011103 0.33915812612240542 0.39124143233266567 -0.14988888888888874 1.3200833072581308 1500.122709295774 0.18390461862491325 0.21793814118191071 0.0055351307189542504 0.21366555468538176 0.022499570427301118 0.78836524392292762 0.083333610340914563 0.16630124580199582 0.14778185421371198 0.68027517933753268 594.89748073049839 9.7793122544350357 3.3842466058243152 3.2384861814448418
decision_type=2 2 2 8 10 10 8 2 10 10 10 2 2 2 10 10 10 10 10 2 8 2 10 8 2 2 8 2 8 10
left_child=2 4 -1 8 16 -6 -5 -3 25 13 -9 12 14 17 20 -7 -2 -10 -18 -20 -8 -22 -23 24 -12 -4 -26 -16 29 -24
right_child=1 7 3 6 5 15 11 10 9 -11 23 -13 -14 -15 27 -17 18 -19 19 -21 21 22 28 -25 26 -27 -28 -29 -30 -31
leaf_value=0.0019963197145241706 -0.00056939096557912601 -0.037864749415508415 0.00050236802520290172 -0.0044873874343851943 -0.0085413445409841093 -0.0025469109544121234 -0.0025523045395316568 -0.025502091694606495 -0.0049686539574425722 8.9462724436067536e-05 -0.00076551744457304164 0.00086346266888407764 0.0009130805765055521 -0.0023793706760329067 -0.0013874313142017666 -0.010471873878483929 0.00014850778586907758 -0.0091188668697716503 -0.0081252895459501505 -0.0013729340788370356 0.00064002233181425464 0.00068077929537307979 -0.0011477159696705783 -0.0016735777238979608 -0.015075963884617613 -0.0036624665574422582 -0.010180581398097558 -0.0034373797928750863 0.00022092049918798299 -0.0024234271072329744
leaf_weight=7537 1363 54 1170 49 114 185 184 43 137 469 80 11021 2152 654 60 40 54 139 76 50 1563 584 965 73 69 40 115 44 325 71
leaf_count=7537 1363 54 1170 49 114 185 184 43 137 469 80 11021 2152 654 60 40 54 139 76 50 1563 584 965 73 69 40 115 44 325 71
internal_value=0.00050982 -0.00466638 0.000951298 0.000482525 -0.00324695 -0.00830294 0.000771726 -0.0108 -0.00140345 -0.00302357 -0.00913386 0.000811255 6.45488e-05 -0.00476907 -0.000722149 -0.00431416 -0.00213148 -0.00827437 -0.00679558 -0.0100157 -0.000534525 -0.000283841 -0.0013335 -0.00757101 -0.00946415 0.000470685 -0.0127459 -0.00731429 -0.00248678 -0.00339634
internal_weight=29480 2316 27164 19627 1882 339 17018 434 2609 1399 380 16969 5948 930 3796 225 1543 276 180 126 3692 3508 1945 337 264 1210 184 104 1361 1036
internal_count=29480 2316 27164 19627 1882 339 17018 434 2609 1399 380 16969 5948 930 3796 225 1543 276 180 126 3692 3508 1945 337 264 1210 184 104 1361 1036
is_linear=0
shrinkage=0.03


Tree=20
num_leaves=31
num_cat=0
split_feature=12 8 0 12 8 0 17 6 17 16 17 0 15 14 16 13 14 4 12 20 15 15 8 12 10 13 15 4 8 7
split_gain=78.1518 31.9299 19.2027 13.1095 18.6115 10.0758 8.48555 7.17832 13.0158 6.51051 5.94306 5.93435 5.65322 4.93091 4.92906 4.69559 7.55291 4.57596 4.07859 4.05937 3.95972 3.94289 3.91406 3.42159 3.18208 3.08282 3.57934 3.30978 3.07476 2.94087
threshold=0.064242785891931234 1.2472824973766365 0.93509066872954083 0.1868210995661759 1.5199841539872188 0.77248472015492953 1.2105211510366691 -0.17917399568911449 0.60249760397640484 -0.1062758166772433 0.59465101683448363 1.0391400356912068 2.3502401828962087 0.24116311111870239 -0.2187637777417594 0.12368627714966261 0.24327338998578471 281.46999805843689 0.10508456581515892 0.20605320543050182 2.6735537653587347 3.3842466058243152 5.8299121199443746 0.12960270510696417 0.6130264186937423 0.04355416272978805 2.4414009612931857 1242.7289581854357 305.74497835446545 0.072123628569388545
decision_type=2 10 8 2 8 10 10 2 10 10 10 10 10 2 8 2 2 8 2 2 8 8 10 2 8 2 10 10 10 10
left_child=1 5 9 4 -2 -1 12 8 13 -3 20 -7 17 25 -5 16 -12 -6 24 -16 22 -8 -11 -23 -14 26 -4 -27 -19 -9
right_child=3 2 7 14 6 11 21 29 -10 10 15 -13 18 -15 19 -17 -18 28 -20 -21 -22 23 -24 -25 -26 27 -28 -29 -30 -31
leaf_value=-0.019749907880751122 0.00097965422150313457 -0.022683710467273872 -0.0059794962797903722 -0.0041196976859386725 -0.0095802175220644631 -0.000628465760005611 -0.0025780679471725065 -0.0070261970927777808 -0.0083657624944638073 -0.0059172027207305654 -0.0099329435205076557 0.00061228832486884158 -0.0012979813380574556 -0.00078826417427580093 0.0019364301230884453 -0.0086293760205537993 -0.0014239688635770214 -0.00095982113518867137 0.00046267816227119085 0.0018173214593341412 -0.0007002863045676576 -0.0026158107496072739 -0.01611592064364261 -0.0012082028552658432 -0.00037282047342029325 0.00020654107601198712 -0.0041366641661192685 -0.0057649377740989893 -0.0031616421897931461 -0.0011061511483843333
leaf_weight=95 6518 91 65 69 53 2168 396 45 94 108 87 1212 239 209 2681 41 45 919 2560 9647 91 40 40 43 600 63 54 61 59 1141
leaf_count=95 6518 91 65 69 53 2168 396 45 94 108 87 1212 239 209 2681 41 45 919 2560 9647 91 40 40 43 600 63 54 61 59 1141
internal_value=0.000467649 -0.00268429 -0.00548077 0.00122317 0.000490112 -0.000884637 -0.000904888 -0.00397807 -0.00682267 -0.0106369 -0.00899274 -0.000612245 -0.000494245 -0.00468874 0.00189877 -0.0132241 -0.0103308 -0.00243895 9.61766e-05 0.00194371 -0.0058875 -0.00469375 -0.00889933 -0.0106071 -0.00171786 -0.00758607 -0.011025 -0.004224 -0.00196731 -0.00266386
internal_weight=29534 5710 2235 23824 11427 3475 4909 1732 546 503 412 3380 4430 452 12397 173 132 1031 3399 12328 239 479 148 83 839 243 119 124 978 1186
internal_count=29534 5710 2235 23824 11427 3475 4909 1732 546 503 412 3380 4430 452 12397 173 132 1031 3399 12328 239 479 148 83 839 243 119 124 978 1186
is_linear=0
shrinkage=0.03


Tree=21
num_leaves=31
num_cat=0
split_feature=20 12 8 8 9 12 16 17 7 12 14 3 6 15 15 3 14 20 9 6 1 7 13 14 1 14 3 4 20 8
split_gain=70.0261 27.4674 24.377 18.8605 9.22016 8.49412 8.15438 8.97244 7.86502 7.14184 5.87346 7.04979 6.9007 5.42109 5.09528 4.98356 7.64673 4.87799 5.14646 4.84213 4.6518 4.5556 4.23021 7.15661 4.12381 5.20998 4.81165 4.04703 4.16019 3.93263
threshold=1.0533933928729604 0.18561838305338532 5.2550473933281774 1.2236895635236984 0.021239598319266993 0.064242785891931234 -0.1062758166772433 0.59465101683448363 0.09327039580092765 0.094170389595867668 0.2391444357104717 0.1249545940890955 0.75915444054992742 2.6735537653587347 2.4414009612931857 0.10761759816068137 0.38422034593487492 0.26424864760900801 0.01952656677684261 0.18336374540587086 0.22869249394673122 0.12821767997668612 0.096100725235825565 0.24327338998578471 0.1908263305322129 0.53973719065453551 0.27337302479533415 811.44449334742694 0.60317766158821084 1.4905783617231683
decision_type=2 2 10 10 10 2 10 10 10 2 2 2 2 8 10 2 2 2 8 2 8 10 2 2 10 2 2 8 2 8
left_child=1 2 5 24 10 8 -5 13 -1 21 11 12 -4 -8 -11 16 20 -3 19 27 -10 -6 23 -9 -2 26 -26 28 -19 -7
right_child=3 17 4 6 9 29 7 22 15 14 -12 -13 -14 -15 -16 -17 -18 18 -20 -21 -22 -23 -24 -25 25 -27 -28 -29 -30 -31
leaf_value=0.00023789912050865451 -0.00070340307466650888 0.001878337219395792 -0.0081081714032460537 -0.022486443799273288 -7.7184514773401001e-05 0.00093531229931291461 -0.00776904194960057 -0.0087708756954606275 -0.0039735059430441181 -0.0016264883556549566 -0.0010137400706665377 -0.0014910793695113072 -0.0017808533443701307 -0.00050063673145784248 0.00029855333399273339 -0.00078498910620735296 0.00035281123897633207 -0.0046606475649925896 0.0021025665649009443 0.00083993925339414177 0.00023204868129755442 -0.0024738014193009185 -0.01086744554029221 -0.0020311446127573816 0.0003958165088649388 -0.006116906579542114 -0.0017758574905154729 -0.00049065312997071525 0.00036234990017915684 -2.2764867219198572e-06
leaf_weight=2291 554 3282 201 104 258 6334 167 89 180 459 167 139 55 126 1403 1089 137 103 6797 1952 42 582 58 43 85 46 56 404 62 2226
leaf_count=2291 554 3282 201 104 258 6334 167 89 180 459 167 139 55 126 1403 1089 137 103 6797 1952 42 582 58 43 85 46 56 404 62 2226
internal_value=0.000472094 0.000789625 -5.33923e-05 -0.00625734 -0.00235773 0.000558293 -0.0102704 -0.00859711 -0.000634492 -0.0016293 -0.0058508 -0.00784091 -0.010786 -0.00527551 -0.000592592 -0.00236439 -0.005425 0.00183081 0.0014802 0.000322363 -0.00885202 -0.0039239 -0.0136649 -0.0105564 -0.00306873 -0.00690957 -0.00399296 -0.00211053 -0.00605422 0.00107931
internal_weight=29491 28163 15563 1328 3264 12299 587 483 3739 2702 562 395 256 293 1862 1448 359 12600 9318 2521 222 840 190 132 741 187 141 569 165 8560
internal_count=29491 28163 15563 1328 3264 12299 587 483 3739 2702 562 395 256 293 1862 1448 359 12600 9318 2521 222 840 190 132 741 187 141 569 165 8560
is_linear=0
shrinkage=0.03


Tree=22
num_leaves=31
num_cat=0
split_feature=12 8 17 12 8 17 4 7 12 16 14 14 15 3 11 13 20 11 8 9 3 14 9 9 14 9 17 9 13 14
split_gain=67.7585 24.114 18.3397 17.6294 19.1644 11.8364 11 7.40632 7.32846 7.318 6.13612 6.67714 6.05386 5.59109 5.36547 5.15575 5.10246 5.52578 6.38392 5.67432 4.87736 3.90644 5.23662 3.87439 3.83498 3.83024 3.75807 3.70284 3.58454 4.77814
threshold=0.035759141183245198 1.2189414241281222 0.60249760397640484 0.1868210995661759 1.4622763918818722 -0.089470402401126498 915.39073980694479 0.071104848492960712 0.095471879744685864 0.072687659468505902 0.24327338998578471 0.20566045637831751 2.3502401828962087 0.4863236694520473 8.2698850049033865 0.033696077640488049 0.26424864760900801 8.014831632406624 14.934267760433713 0.12506979891835779 0.11289228751996115 0.15970502677867496 0.0081648053701931528 0.024213383549321055 0.68027517933753268 0.018850522083280707 -0.24675793088424913 0.19942668615792999 0.027328405788787011 0.12270964149603746
decision_type=2 10 10 2 8 8 8 10 2 10 2 2 10 2 2 2 2 2 10 10 2 2 10 10 2 8 8 10 2 2
left_child=1 13 5 4 24 6 -3 -4 20 15 11 28 -10 26 -11 -9 -5 18 19 -18 -6 22 -20 -14 -2 -19 -1 -25 29 -7
right_child=3 2 7 16 8 10 -8 9 12 14 -12 -13 23 -15 -16 -17 17 25 21 -21 -22 -23 -24 27 -26 -27 -28 -29 -30 -31
leaf_value=-0.0095149031277205458 0.00084486944687159511 -0.015552978129546095 -0.010471908973852528 0.0018219871028139181 -0.0027329576725989594 -0.0069709030068172261 0.00014652447369389841 -0.010586514688671335 -0.0013342756535834074 -0.00089151148757700568 -0.00033143564474917282 -0.0038734944772441477 -0.001087949198693454 -0.0022543562422456852 -0.0067074591578048653 -0.015520211208301007 0.0027173765321415154 0.00038818328269753997 -0.0023039839131927652 -0.0077560500498231877 -0.00067479084966720496 -0.0012803467494467079 -0.0047707415122768106 0.00068471540800349332 -0.001427942954464417 0.0021076905723358729 -0.00038477533742553875 -0.0013476764587487602 -0.00091964256552060097 -0.0073473241544273777
leaf_weight=52 7328 91 46 3294 521 95 46 64 1111 80 448 77 794 71 214 46 513 1888 112 43 858 116 49 2418 217 6435 2208 75 262 60
leaf_count=52 7328 91 46 3294 521 95 46 64 1111 80 448 77 794 71 214 46 513 1888 112 43 858 116 49 2418 217 6435 2208 75 262 60
internal_value=0.000473999 -0.00323232 -0.00615882 0.00102922 0.00027066 -0.00403056 -0.0122391 -0.0112417 -0.00102959 -0.0098963 -0.00282503 -0.00512727 -0.000431007 -0.00131089 -0.00738305 -0.0164865 0.00184082 0.00147625 -0.000852518 0.0010018 -0.00293696 -0.00456475 -0.00757407 0.000216241 0.00126623 0.00170939 -0.00104821 0.000797514 -0.00361005 -0.00721154
internal_weight=29632 3860 1529 25772 13322 1079 137 450 5777 404 942 494 4398 2331 294 110 12450 9156 833 556 1379 277 161 3287 7545 8323 2260 2493 417 155
internal_count=29632 3860 1529 25772 13322 1079 137 450 5777 404 942 494 4398 2331 294 110 12450 9156 833 556 1379 277 161 3287 7545 8323 2260 2493 417 155
is_linear=0
shrinkage=0.03


Tree=23
num_leaves=31
num_cat=0
split_feature=12 8 0 12 9 17 6 0 13 16 4 8 12 15 17 9 2 15 14 17 15 14 8 14 10 4 14 8 8 1
split_gain=66.0954 27.7982 14.4799 12.74 12.3394 10.0005 13.0062 7.51259 6.46675 6.26984 6.98352 5.30753 6.23899 5.18431 4.93014 4.68084 4.50252 5.9316 4.38811 4.38194 4.21674 3.98941 5.15749 4.64675 5.49895 4.03171 3.95373 3.815 3.60845 3.43502
threshold=0.064242785891931234 1.2534388933884364 0.87337022546413678 0.2771720572600867 0.017214421942214907 0.6195939453102518 -0.27121196520027718 0.90229493605402722 0.042395736131044519 -0.032801778967852045 365.42184983669341 2.2599451022073431 0.1353837858138123 1.8688348091416842 -0.039975373139421372 0.097296931228865638 6.5815516609514724 3.0201273556387074 0.37136485023315408 0.70255486383016674 2.249904835165133 0.68027517933753268 1.5072758776725819 0.25136488416346719 1.4855473264019532 3409.5493506680846 0.55145139045956859 182.38394302708591 1.5860235475305646 0.20112359550561801
decision_type=2 10 8 2 10 10 2 10 2 10 8 10 2 8 10 10 8 10 2 10 10 2 10 2 10 10 2 10 10 10
left_child=1 7 14 4 8 9 -7 29 21 10 -4 16 20 26 -3 -12 17 18 -6 -16 -13 22 -2 24 25 -24 -9 -10 -8 -1
right_child=3 2 5 -5 11 6 28 13 27 -11 15 12 -14 -15 19 -17 -18 -19 -20 -21 -22 -23 23 -25 -26 -27 -28 -29 -30 -31
leaf_value=-0.0022470394693690178 0.001019278639381562 -0.021848417214912531 -0.011407567539605727 0.0017673274897295004 -0.0039917363251470465 -0.0088877727364604676 -0.0049489884881750391 -0.0025553451956147003 0.0013065742009158781 -0.0009126113906095521 -0.0021747383707408493 -0.0029360992686338519 0.00086735543792788958 1.7967862261264199e-05 -0.0085769679899313899 -0.0047260713841794479 0.0011563864362644058 0.00046705415291383741 0.00057223240127150733 -0.01150503309873511 -0.00050769296277322531 -0.0028611507530137519 -0.0038751189296629489 0.00036244106028572386 -0.00010608081470716413 1.0559789624285246e-06 -3.335404168329567e-05 -0.0075016074400823087 -0.0024703849776281611 -0.0035611566951368394
leaf_weight=322 341 40 41 6655 104 100 132 97 743 1194 129 156 3797 2955 147 63 8953 349 50 87 1260 79 666 314 302 130 76 47 222 95
leaf_count=322 341 40 41 6655 104 100 132 97 743 1194 129 156 3797 2955 147 63 8953 349 50 87 1260 79 666 314 302 130 76 47 222 95
internal_value=0.000503525 -0.00239958 -0.00508581 0.00119464 0.000765267 -0.00414293 -0.00801758 -0.000765651 -0.00113 -0.00290546 -0.00739744 0.00110409 0.000335443 -0.000260786 -0.01152 -0.004943 0.00152776 -0.00123214 -0.00611613 -0.00977872 -0.00136344 -0.00210802 -0.00180787 -0.00260722 -0.00352684 -0.00483312 -0.0052931 0.0011378 -0.00529014 -0.00454306
internal_weight=29646 5700 2155 23946 17291 1881 454 3545 2622 1427 233 14669 5213 3128 274 192 9456 503 154 234 1416 1832 1753 1412 1098 796 173 790 354 417
internal_count=29646 5700 2155 23946 17291 1881 454 3545 2622 1427 233 14669 5213 3128 274 192 9456 503 154 234 1416 1832 1753 1412 1098 796 173 790 354 417
is_linear=0
shrinkage=0.03


Tree=24
num_leaves=31
num_cat=0
split_feature=12 20 12 7 17 9 3 17 16 3 10 4 12 11 5 14 14 4 6 12 3 11 0 17 2 16 4 14 7 7
split_gain=58.1196 22.2235 13.3342 12.4081 10.5685 10.0808 7.58733 7.27797 8.54924 6.44818 6.62541 6.3975 5.55186 5.51913 7.32542 8.32683 4.78948 4.6039 4.54816 4.41144 4.3656 4.36344 4.11888 3.85274 4.82303 3.56951 3.60151 3.53642 3.50832 3.50584
threshold=0.057545668555616387 1.1099458798809609 0.26526622463571142 0.17179431983381199 -0.24675793088424913 0.021239598319266993 0.16280025408044316 0.70255486383016674 0.34603048762955696 0.12979818395126766 1.4128899539497137 954.6604134122515 0.13321697769211308 9.957383706263089 0.98800218796332284 0.28760837363918429 0.69023720239001662 1440.7195322802004 0.14743169398907138 0.13431755131288362 1.0000000180025095e-35 7.7095325989200179 1.2941443402951811 0.58687313483119508 4.8263302173775733 0.12406350490091304 772.64424907624846 0.042672534091309063 0.15739529108397105 0.09855624207472366
decision_type=2 2 2 10 8 10 2 10 10 2 8 8 2 2 8 2 2 10 2 2 2 2 10 10 10 8 8 2 10 10
left_child=1 3 5 23 -3 9 17 27 -9 10 11 20 -13 14 15 -7 -11 25 -19 28 -2 -22 -18 29 -25 26 -5 -6 -16 -1
right_child=2 4 -4 6 7 13 -8 8 -10 16 -12 12 -14 -15 19 -17 22 18 -20 -21 21 -23 -24 24 -26 -27 -28 -29 -30 -31
leaf_value=5.1050661504039893e-05 0.0014559770242706311 -0.022552256918335616 0.0017143076650376155 -0.0073068505501347868 -0.016647906952481969 -0.0052194199074836918 -0.001444514793385617 -0.010287112861552471 -0.0028944209425789194 0.00051741274599126569 0.00070387915771861196 -0.0036248306338954347 -0.00042170873758781469 0.0010888193091488666 9.3273445069549384e-05 -0.0001528141063494815 -0.0036837300289504979 -0.012119007434072683 -0.0021696242660166846 0.0010462542881976272 -0.008036405578217486 -0.0048030432211065149 0.00040883646957903542 -0.0015420710599580365 -0.0072669703921983148 -0.0027612143230089114 -0.0032661083302126712 -0.0027057506704906637 -0.001383930699805077 -0.00082065293549387524
leaf_weight=2409 40 44 7183 83 41 46 313 117 65 1525 419 193 661 8167 1534 69 57 50 41 3490 59 212 40 378 57 133 58 531 695 972
leaf_count=2409 40 44 7183 83 41 46 313 117 65 1525 419 193 661 8167 1534 69 57 50 41 3490 59 212 40 378 57 133 58 531 695 972
internal_value=0.000543948 -0.00230569 0.00116231 -0.00148565 -0.00691614 0.000709031 -0.00522239 -0.00606358 -0.0112787 -0.000808232 -0.00216909 -0.0033319 -0.00198596 0.00105649 0.000351671 -0.00711207 0.000521257 -0.00815574 -0.0139891 0.000502972 -0.00700962 -0.00837132 -0.00590816 -0.00082054 -0.00347477 -0.00617455 -0.00948592 -0.00438743 -0.000539462 -0.000478119
internal_weight=29682 5292 24390 4494 798 17207 678 754 182 3206 1584 1165 854 14001 5834 115 1622 365 91 5719 311 271 97 3816 435 274 141 572 2229 3381
internal_count=29682 5292 24390 4494 798 17207 678 754 182 3206 1584 1165 854 14001 5834 115 1622 365 91 5719 311 271 97 3816 435 274 141 572 2229 3381
is_linear=0
shrinkage=0.03


Tree=25
num_leaves=31
num_cat=0
split_feature=12 0 7 12 7 3 6 2 0 10 2 17 4 1 9 0 12 7 3 13 9 14 14 3 3 17 13 4 7 1
split_gain=49.5359 20.3931 17.1034 12.4482 12.4169 11.5091 7.29776 6.89983 5.63265 4.7347 4.49801 4.8864 4.21163 3.67638 6.16135 3.49855 3.40541 5.83896 4.68111 3.34414 4.36549 3.26585 4.37489 3.21004 3.1655 3.16297 5.6024 3.08335 3.07451 2.90597
threshold=0.064242785891931234 0.70579746621234041 0.13862339516616498 0.22814458903585513 0.23188448968898287 0.1249545940890955 0.33915812612240542 6.5930415193227185 0.91535667307815294 0.6130264186937423 5.7295499217261048 0.47761265267888414 123.28416653708453 0.1908263305322129 0.20411679526159612 3.6403311172394628 0.14978297810926036 0.1343200014634057 0.19173682995914954 0.028236302907056466 0.14329496817999279 0.2391444357104717 0.13247958252404468 0.17797071313189122 0.44043284691908446 0.5792031075484988 0.096100725235825565 5454.0609902266133 0.047329891081692992 0.05466998754669989
decision_type=2 8 10 2 8 2 2 10 10 10 10 10 10 10 10 8 2 10 2 2 10 2 2 2 2 10 2 8 10 10
left_child=1 -1 8 4 16 6 12 9 13 21 19 -12 -4 25 -15 -5 17 23 -19 20 28 22 -6 -2 -22 -3 -27 -25 -10 -14
right_child=3 2 5 15 7 -7 -8 -9 10 -11 11 -13 29 14 -16 -17 -18 18 -20 -21 24 -23 -24 27 -26 26 -28 -29 -30 -31
leaf_value=-0.032272345451263763 0.0010862337962818382 -0.00029027443723600438 -0.00044695117018028334 0.0016826261112175185 -0.0019219824414806188 -0.0013823506794480682 -0.0026437768313371086 -0.0038347799250913611 0.00041220913239585651 -0.00048042548410004606 -0.0010502106276917226 -0.0072574462794259397 -0.0088745926814111781 -0.0058382870503494834 -0.0018714385668428749 0.001662878435086487 0.0013828078967831892 -0.00056200024935872464 0.00091750396937365477 0.0002955467871360035 -0.0015036063451745268 -0.00067022674579748215 -0.0041201441936376433 0.00027667947541512973 0.00022664724282867718 0.00029801936343330174 -0.0080992519069704397 -0.0041101826879337963 -0.00071914729132587798 -0.0042003121244038816
leaf_weight=109 2747 327 43 6167 178 826 192 41 402 1625 88 41 205 42 85 3227 4895 2392 630 2264 235 204 188 1598 86 47 40 55 506 151
leaf_count=109 2747 327 43 6167 178 826 192 41 402 1625 88 41 205 42 85 3227 4895 2392 630 2264 235 204 188 1598 86 47 40 55 506 151
internal_value=0.000554307 -0.00196186 -0.00170937 0.00115212 0.000602515 -0.00455501 -0.00774831 -0.00145373 -0.000739913 -0.00122268 -0.000313 -0.00579231 -0.0100575 -0.00359225 -0.00803906 0.00200341 0.000975889 0.000570659 -0.000444591 -0.000109044 -0.00136829 -0.00357268 -0.0052643 0.00126789 -0.00436957 -0.00221205 -0.00726136 0.000223096 -0.00030363 -0.0111261
internal_weight=29636 5689 5580 23947 14553 1417 591 2236 4163 2195 3622 129 399 541 127 9394 12317 7422 3022 3493 1229 570 366 4400 321 414 87 1653 908 356
internal_count=29636 5689 5580 23947 14553 1417 591 2236 4163 2195 3622 129 399 541 127 9394 12317 7422 3022 3493 1229 570 366 4400 321 414 87 1653 908 356
is_linear=0
shrinkage=0.03


Tree=26
num_leaves=31
num_cat=0
split_feature=12 8 0 7 12 8 17 6 3 17 17 4 3 14 9 7 15 7 12 0 0 6 15 16 14 9 1 8 3 14
split_gain=51.6473 22.9171 14.4222 13.0901 12.5194 13.5539 6.97631 7.61581 6.57171 6.59838 6.22133 5.39857 5.55595 4.88223 4.22795 5.21701 5.20884 5.20313 4.40413 4.19759 4.18745 4.0697 3.66079 3.46859 3.28253 3.00033 3.6296 2.92642 5.28012 2.90407
threshold=0.064242785891931234 1.2304545082850691 0.70579746621234041 0.059077135635629517 0.2030186782195296 1.5072758776725819 0.57214881596377998 -0.5450083126784383 0.50541988633251311 -0.34220144979340755 1.2105211510366691 307.87041960936216 0.10653310688301258 0.31514976034788916 0.022091451902066083 0.18122129427622727 3.1984648276080736 0.3992101321182534 0.14978297810926036 3.7848579596212262 1.0317166669062801 0.7714325086108661 3.3842466058243152 0.18216845795090039 0.23577008017354692 0.19470767589028351 0.083874458874458893 46.344994096059459 0.1249545940890955 0.27619479382246931
decision_type=2 10 8 10 2 8 10 2 2 10 10 8 2 2 8 10 10 10 2 8 10 2 10 10 2 10 10 10 2 2
left_child=1 8 -3 -4 5 -2 11 -8 9 -1 14 23 13 21 15 -7 24 25 -18 -6 -11 -13 -12 -5 27 -16 -27 -17 -29 -28
right_child=4 2 3 6 19 10 7 -9 -10 20 22 12 -14 -15 17 16 18 -19 -20 -21 -22 -23 -24 -25 -26 26 29 28 -30 -31
leaf_value=-0.020977876900525671 0.00086478352265741186 -0.031821614169669575 -0.0087971022174884277 -0.0066534737128572151 0.0015556486221738257 0.00022620856875071695 -0.006332276320950004 -0.0037616680376199663 -0.0035756909680866966 -0.0004164517447582024 -0.0016578359324517804 -0.0052204119198575255 -0.0004003150689361144 -0.00010971834659303735 0.00038346932827601802 -0.0015478001718449074 -0.0097100771746446834 -0.0064355930485770485 -0.0017538720223377409 0.0016129920820338924 0.00053935285590654334 -0.00016910959207806984 -0.0018995226890246729 -0.011814050807548035 0.0011467770384674665 0.0012551261826575528 -0.0004504493202894252 -0.0069521546443259419 -0.00042544062505503629 -0.0012067252055278368
leaf_weight=41 6984 82 63 81 7910 534 78 529 47 2002 505 196 1134 133 3611 247 63 43 86 3195 1255 55 62 45 168 82 133 81 66 60
leaf_count=41 6984 82 63 81 7910 534 78 529 47 2002 505 196 1134 133 3611 247 63 43 86 3195 1255 55 62 45 168 82 133 81 66 60
internal_value=0.0005327 -0.00202142 -0.00426033 -0.00381771 0.00114808 0.000505658 -0.00343561 -0.00618257 -0.000416916 -0.000256441 -0.00057419 -0.00241824 -0.00191968 -0.00503377 -0.000246956 -0.00176966 -0.00345084 0.000235878 -0.00842 0.00188412 -0.000104051 -0.00748809 -0.00355458 -0.0083622 -0.00212078 0.000351942 -0.00266304 -0.00361519 -0.0069527 -0.00490206
internal_weight=29571 5741 2396 2314 23830 12725 2251 607 3345 3298 5741 1644 1518 384 5174 1245 711 3929 149 11105 3257 251 567 126 562 3886 275 394 147 193
internal_count=29571 5741 2396 2314 23830 12725 2251 607 3345 3298 5741 1644 1518 384 5174 1245 711 3929 149 11105 3257 251 567 126 562 3886 275 394 147 193
is_linear=0
shrinkage=0.03


Tree=27
num_leaves=31
num_cat=0
split_feature=12 17 12 0 6 7 16 4 7 4 2 7 7 16 15 15 16 6 12 7 17 15 5 16 0 17 9 15 17 4
split_gain=45.7091 20.2792 11.9083 11.2593 10.6433 10.0126 8.66074 7.05681 6.85894 5.4757 5.41127 5.12255 4.71018 4.3341 5.53431 4.1537 4.93562 4.09897 3.9352 5.43728 3.9126 4.70366 3.91153 3.79314 3.40998 3.25588 3.53082 3.88216 3.46736 3.23607
threshold=0.064242785891931234 0.59465101683448363 0.22814458903585513 0.87337022546413678 -0.27121196520027718 0.22837099812873285 0.15303976686083787 123.28416653708453 0.057905053573447739 923.3373347017972 6.5930415193227185 0.10287631789693845 0.26019960730140207 -0.0028381066125048788 3.5694334999727624 1.8688348091416842 0.038152572052599427 0.27410656527284066 0.1551424685005012 0.13312410547389344 1.1754304930656578 3.3842466058243152 0.97595180722891584 -0.2187637777417594 5.1949234402690676 0.27223524369525837 0.015887273738522004 2.8617925509761908 0.61166134009075224 211.65414982852926
decision_type=2 10 2 8 2 8 8 8 10 8 10 10 10 10 10 8 8 2 2 10 10 8 8 8 8 10 10 8 10 10
left_child=1 3 5 7 12 18 8 -1 -6 -10 15 -5 -3 14 -13 16 -7 -8 19 -2 -21 -22 -15 -4 -25 -17 27 -27 -29 -9
right_child=2 4 23 11 6 10 17 29 9 -11 -12 13 -14 22 -16 25 -18 -19 -20 20 21 -23 -24 24 -26 26 -28 28 -30 -31
leaf_value=-0.031460438936327169 0.00072578372692096193 -0.006093336942663982 -0.0039315120983488706 3.5271725696580155e-05 -0.00959666326588186 -0.0070054817326207349 -0.0036018914701291035 0.00030610277363469465 -0.0087107073370842909 -0.0021065259953837344 -0.0049121760414286234 -0.0029940371346554267 -0.010579840874836917 -0.0028250514156905526 -0.0048883069510589853 0.00080051698865970654 -0.0027870829772423324 -0.0013922676878531353 0.0013948292813222296 -4.4718644512773393e-05 -0.00091389525813549287 -0.0018203481677004137 -0.00050093962891260032 0.0017637761218171342 0.0015646023195728758 -0.00095284803823724189 -0.00048874633272876454 -0.00050397574122078162 -0.0039561919583959611 -0.0040796918914898514
leaf_weight=44 4514 113 59 2884 40 66 126 82 60 128 42 291 47 40 50 792 263 449 4411 3021 191 45 1111 6887 2436 179 916 49 79 273
leaf_count=44 4514 113 59 2884 40 66 126 82 60 128 42 291 47 40 50 792 263 449 4411 3021 191 45 1111 6887 2436 179 916 49 79 273
internal_value=0.000563643 -0.00184109 0.00113983 -0.00103957 -0.00581017 0.000602924 -0.00439179 -0.0058575 -0.00932751 -0.00685714 -0.00117386 -0.00059904 -0.0128571 -0.00202545 -0.00499123 -0.000979957 -0.0041 -0.00242187 0.000950997 0.000544648 -0.000389503 -0.00410127 -0.00114323 0.00197336 0.00202156 -0.00046875 -0.00143873 -0.00421753 -0.00818605 -0.00442416
internal_weight=29688 5738 23950 4775 963 14568 803 399 228 188 2386 4376 160 1492 341 2344 329 575 12182 7771 3257 236 1151 9382 9323 2015 1223 307 128 355
internal_count=29688 5738 23950 4775 963 14568 803 399 228 188 2386 4376 160 1492 341 2344 329 575 12182 7771 3257 236 1151 9382 9323 2015 1223 307 128 355
is_linear=0
shrinkage=0.03


Tree=28
num_leaves=31
num_cat=0
split_feature=12 20 12 7 7 3 20 13 7 3 15 9 15 17 13 14 14 11 6 4 3 14 11 17 16 12 17 13 7 6
split_gain=45.7611 17.1842 14.6298 11.4137 10.2314 7.87175 5.52802 5.41642 5.6562 5.07416 5.02286 4.92555 5.93183 4.80848 4.51122 4.87792 4.4087 4.32997 7.7497 4.19692 6.64189 3.85098 3.72731 3.65595 3.58784 3.5516 3.49528 7.64794 7.52441 3.84449
threshold=0.043743695664376421 1.2967397186147187 0.1868210995661759 0.16077908898741219 0.18390461862491325 0.1516106609538577 0.26424864760900801 0.14955607344210917 0.059077135635629517 0.50541988633251311 2.3502401828962087 0.021632692478267219 3.7726948748059121 0.19041272017003494 1.0000000180025095e-35 0.24726704078709502 0.68027517933753268 8.2698850049033865 0.2075883745883747 907.76316484028496 0.085377559791418825 0.15623046274527189 7.7095325989200179 0.42731729227906518 0.2209972785889299 0.10508456581515892 0.5792031075484988 0.12174336257938738 0.071104848492960712 -0.013862607662607612
decision_type=2 2 2 8 10 2 2 2 10 2 8 8 10 10 2 2 2 2 2 10 2 2 2 10 10 2 10 2 10 2
left_child=1 4 3 7 9 17 -4 16 23 26 22 12 14 -3 15 21 -2 -6 -19 20 -8 -12 24 -9 -5 -13 -1 29 -29 -28
right_child=2 13 6 10 5 -7 19 8 -10 -11 11 25 -14 -15 -16 -17 -18 18 -20 -21 -22 -23 -24 -25 -26 -27 27 28 -30 -31
leaf_value=-0.00029411425367117754 0.00078008957789263108 -0.026894645742623104 0.0015176642499856894 -0.0080309335186052461 -0.0092318704855526117 -0.0022556050977031758 -0.0018950050949497839 -0.00028966329140077608 -0.00010798334970129041 -0.0044485461829820976 -0.0022324879541781549 -0.00079721093097648776 -0.0056505969715465471 -0.012250774479871555 0.00061419952393966081 0.0008903128237000668 -0.0015805071888989064 -0.0082785785812350861 -0.0031659549764575055 0.0017469909639560462 0.0010915187333580816 -0.0042188018083694099 -0.0010620680017883958 -0.0040336981807361453 -0.0013010269318171484 0.00064074892795890688 -0.0051047604886854574 -0.0089238129194632986 -0.0018171996222281872 3.5824745319651782e-05
leaf_weight=2956 7312 45 3286 107 117 319 442 60 1047 60 156 561 47 171 292 123 199 103 78 6326 2355 108 969 57 82 1820 43 44 78 270
leaf_count=2956 7312 45 3286 107 117 319 442 60 1047 60 156 561 47 171 292 123 199 103 78 6326 2355 108 969 57 82 1820 43 44 78 270
internal_value=0.000531788 -0.00233559 0.00101645 0.000310641 -0.00189629 -0.00545146 0.00175238 0.000935339 -0.00096824 -0.00125927 -0.000959915 -0.000331081 -0.00249243 -0.0105622 -0.00176912 -0.00388918 0.00123043 -0.00894983 -0.0118516 0.0013721 0.000404217 -0.00618113 -0.00264538 -0.00719491 -0.00648947 0.000328715 -0.00110466 -0.00361239 -0.00995122 -0.00111783
internal_weight=29633 4284 25349 12940 4068 617 12409 8675 1164 3451 4265 3107 726 216 679 387 7511 298 181 9123 2797 264 1158 117 189 2381 3391 435 122 313
internal_count=29633 4284 25349 12940 4068 617 12409 8675 1164 3451 4265 3107 726 216 679 387 7511 298 181 9123 2797 264 1158 117 189 2381 3391 435 122 313
is_linear=0
shrinkage=0.03


Tree=29
num_leaves=31
num_cat=0
split_feature=0 8 17 0 7 8 11 0 0 14 14 9 2 15 11 14 15 6 0 4 16 6 17 17 17 5 6 17 16 9
split_gain=38.6416 15.9711 16.1742 14.3665 10.3157 7.78164 10.5223 6.80006 6.75784 6.10516 5.97478 5.84864 5.59739 6.79061 5.77422 5.11434 5.04966 4.71506 4.51265 4.47443 4.33246 3.98898 3.96397 3.62858 3.53045 3.47847 3.36928 3.33279 2.9671 3.24903
threshold=1.0354129758016761 1.1914430475398323 0.58687313483119508 3.7848579596212262 0.089337572428538833 6.1273128432923505 8.014831632406624 0.87337022546413678 1.7884722702726024 0.16348551930510755 0.17216792383753302 0.035385739991003161 6.5815516609514724 3.0201273556387074 9.957383706263089 0.37136485023315408 2.4414009612931857 0.10318331544347002 1.4102633841396104 1190.3701150429383 0.12539663431673923 -0.17917399568911449 -0.61382021478220106 0.31736751226398813 0.14039748081560569 0.094474153297682731 0.56479071146790261 -0.24675793088424913 0.24548372973501528 0.036057006757560031
decision_type=8 10 10 8 10 10 2 10 10 2 2 10 8 10 2 2 8 2 10 10 8 2 8 10 10 8 2 8 8 10
left_child=1 27 7 5 -4 12 9 16 17 11 20 26 13 15 22 18 23 24 -2 -12 -6 -9 -14 -3 -8 -16 -7 -1 29 -26
right_child=3 2 4 -5 10 6 8 21 -10 -11 19 -13 14 -15 25 -17 -18 -19 -20 -21 -22 -23 -24 -25 28 -27 -28 -29 -30 -31
leaf_value=-0.011432269141795324 -0.0042083136911917314 -0.020277737987283627 -0.010403021331975081 0.0014721343224861189 -0.013355555074231525 -0.0064497693984940608 -0.00028287765247754824 -0.0042546009949360813 0.0012511581817944068 -0.00026933522295774552 0.00088851558613552086 -0.0041531382599434017 -0.0047268114661349822 0.00026393971830938494 -0.0030286454072258303 7.1687020492212182e-05 -0.0027141142747948549 -1.2842026925378356e-05 -0.0015704639054443107 -0.0050552311549804472 -0.0037329310422933842 0.00016380022170561342 0.00040743099995666328 -0.008962742594110772 -0.0065287715995633105 0.0011557850489367682 -0.00029203668643849683 -0.00027594883544433831 -0.00087249048686226769 -0.0018474064017317926
leaf_weight=53 70 61 77 3331 50 170 407 268 2316 213 95 40 78 530 42 99 80 2530 91 113 92 436 7339 40 86 8468 99 2009 238 178
leaf_count=53 70 61 77 3331 50 170 407 268 2316 213 95 40 78 530 42 99 80 2530 91 113 92 436 7339 40 86 8468 99 2009 238 178
internal_value=0.000563535 -0.00245867 -0.00504494 0.000950961 -0.00983411 0.000684149 -0.00021647 -0.00272573 0.000153753 -0.00429063 -0.00760684 -0.00697742 0.00102231 -0.00144121 0.00114459 -0.0054023 -0.0078956 -0.000689825 -0.00868518 -0.00433493 -0.0123357 -0.00138723 0.000532623 -0.0123235 -0.00254176 0.00167783 -0.00534444 -0.00081144 -0.00422266 -0.00640755
internal_weight=29699 3374 1312 26325 427 22994 6277 885 5755 522 350 309 16717 790 15927 260 181 3439 161 208 142 704 7417 101 909 8510 269 2062 502 264
internal_count=29699 3374 1312 26325 427 22994 6277 885 5755 522 350 309 16717 790 15927 260 181 3439 161 208 142 704 7417 101 909 8510 269 2062 502 264
is_linear=0
shrinkage=0.03


Tree=30
num_leaves=31
num_cat=0
split_feature=12 8 20 17 7 6 4 9 11 6 1 12 10 20 1 8 11 14 9 8 8 15 20 14 14 4 5 12 8 12
split_gain=38.8117 16.7853 12.7419 11.3079 9.94043 8.12007 7.44817 6.96629 7.23243 5.66169 5.38998 5.3827 5.17842 4.83952 4.1004 3.98964 4.32131 4.79127 4.06641 3.84756 3.8247 4.00501 5.09879 3.8079 5.17486 3.79564 3.78499 3.23376 3.03385 2.85568
threshold=0.064242785891931234 1.2304545082850691 0.26424864760900801 0.60249760397640484 0.070112753377707351 0.19632399213372675 281.46999805843689 0.01952656677684261 9.0167556155394895 0.54404115226337468 0.014815627743634764 0.1789610691205912 0.45125866090417194 1.2180055060750263 0.04027027027027031 6.1273128432923505 8.014831632406624 0.14778185421371198 0.24819894757536004 1.2189414241281222 4.0554175358757769 2.249904835165133 0.59583114407350535 0.22899651462346401 0.20566045637831751 954.6604134122515 0.17163750326455998 0.22635654556146359 1.6136799627396174 0.1353837858138123
decision_type=2 10 2 10 10 2 8 10 2 2 8 2 10 2 10 10 2 2 10 10 10 10 2 2 2 8 8 2 10 2
left_child=1 13 -2 6 -5 10 28 9 15 19 12 20 -6 -1 -15 18 17 -17 -9 -4 26 22 -22 24 -8 -21 -10 -19 -3 -18
right_child=2 3 7 4 5 -7 23 8 11 -11 -12 -13 -14 14 -16 16 29 27 -20 25 21 -23 -24 -25 -26 -27 -28 -29 -30 -31
leaf_value=-2.8297789022607484e-05 0.0014279702928115352 -0.0014883442567469982 0.0010170372873424393 -0.0085671720798912478 -0.0029158042808372637 -0.0029539899251477663 -0.0013477149984339489 0.00061730321626693929 -0.0029737968419156794 0.00041941503813199791 -0.0027599910057385293 0.001945277239024762 -0.011642771560114866 -0.0090262081473834726 -0.0055518079191888368 -0.0035779593556512887 -0.0026207306433298052 -0.0047457320606040503 -0.0051628178220577527 -0.0041970917886312133 0.00056469370224692566 4.6051150132826876e-05 -0.0021674893996160263 -0.00021616732235754636 -0.0034441424939463112 -0.00068005746235900273 0.00070397398969478239 0.0016788881219159876 -0.018002194433639644 -0.00013400703978742423
leaf_weight=3200 3324 40 222 47 47 339 748 1493 41 2558 96 5777 104 88 52 42 155 43 53 433 75 1602 106 785 89 1036 6249 58 75 566
leaf_count=3200 3324 40 222 47 47 339 748 1493 41 2558 96 5777 104 88 52 42 155 43 53 433 75 1602 106 785 89 1036 6249 58 75 566
internal_value=0.000545593 -0.00167571 0.00107783 -0.00360607 -0.00703628 -0.00594889 -0.0023527 0.000798489 0.00108111 -0.000283059 -0.0100766 0.00134503 -0.0135987 -0.000305298 -0.00574468 -0.000435504 -0.00206705 -0.0068125 0.000477052 -0.00162943 0.000844563 -0.000381726 -0.0045989 -0.00182625 -0.0032327 -0.00218571 0.00119218 -0.00320588 -0.00969828 -0.00111773
internal_weight=29543 5710 23833 2370 633 586 1737 20509 16260 4249 247 13850 151 3340 140 2410 864 143 1546 1691 8073 1783 181 1622 837 1469 6290 101 115 721
internal_count=29543 5710 23833 2370 633 586 1737 20509 16260 4249 247 13850 151 3340 140 2410 864 143 1546 1691 8073 1783 181 1622 837 1469 6290 101 115 721
is_linear=0
shrinkage=0.03


Tree=31
num_leaves=31
num_cat=0
split_feature=12 17 17 20 0 6 7 9 13 0 5 12 7 0 15 12 11 5 7 14 16 4 4 4 14 6 12 11 4 12
split_gain=37.0241 17.9868 11.354 9.48336 8.17639 8.05591 8.02284 7.06166 6.14876 5.33626 5.59491 5.18598 5.05709 4.97159 4.30829 4.27427 4.22523 4.55183 4.17482 4.22027 3.8066 3.32045 3.21951 2.97513 2.96421 2.69438 2.67327 3.27432 3.45614 2.64035
threshold=0.097795012212451141 0.5792031075484988 -0.34220144979340755 0.26424864760900801 0.95034594212078904 -0.13329642375181469 0.23734557184779384 0.01952656677684261 0.026884722426204013 0.91535667307815294 0.7956391056739085 0.31127405721333995 0.13862339516616498 1.1692762501262466 2.1383330595080281 -0.090751290006323412 9.6693462450158183 0.58403954802259894 0.18813764867318511 0.25284066456771392 0.041402494338509045 1099.3915023126895 677.98693717565777 2202.7145188485015 0.69023720239001662 -0.45652915198566729 0.20595841301409659 9.4814737665622708 2501.7930689053878 0.18293726796263779
decision_type=2 10 8 2 10 2 10 10 2 10 10 2 10 10 8 2 2 10 8 2 10 8 10 10 2 2 2 2 8 2
left_child=1 2 4 -2 -1 6 -3 11 13 14 -11 18 15 21 -7 -10 17 25 24 26 -14 -4 -8 -22 -5 -9 27 -20 -29 -18
right_child=3 5 8 7 -6 9 22 16 12 10 -12 -13 20 -15 -16 -17 29 -19 19 -21 23 -23 -24 -25 -26 -27 -28 28 -30 -31
leaf_value=-0.020134520158672634 0.0013851311840271893 -0.0038675719352958601 -0.00078692322019291265 0.00076466239717507304 -0.0028554291405502343 -0.01431412814065372 -0.0058584374405647342 -0.0011538365315047366 -0.0020771275075241033 -0.0010850218854198547 -0.0037504566055570451 0.0019497171783299 -0.0031080934582610954 -0.0023020694037591484 -0.003350086829901287 0.00044633068160497758 0.0008560152798440556 -0.0061234264769152013 -0.0023599079610135249 0.00050621825650988528 0.00035057175380494868 0.00026698156308126099 -0.013158238311386638 -0.0025638397865789526 -0.0025245784900431085 0.00060819160344928057 -0.00096057665724469854 -0.0042612065274629683 -0.00045962320771495205 0.0020757358320854652
leaf_weight=40 3307 190 1416 1034 78 53 40 319 219 964 59 918 278 153 135 3737 4964 45 301 475 492 765 40 78 62 4361 794 179 73 3968
leaf_count=40 3307 190 1416 1034 78 53 40 319 219 964 59 918 278 153 135 3737 4964 45 301 475 492 765 40 78 62 4361 794 179 73 3968
internal_value=0.000583689 -0.00105505 -0.000439851 0.00127205 -0.00963025 -0.0040668 -0.00874539 0.000993426 -0.000286595 -0.00301733 -0.00215918 -0.000143862 0.000327159 -0.00154946 -0.00765079 0.000777862 0.00131286 0.000587177 -0.00076259 -0.00164235 -0.00177385 -0.00118103 -0.0166667 -0.000367776 0.000700091 0.000679342 -0.00249926 -0.00409928 -0.0066166 0.00169663
internal_weight=29537 8737 7256 20800 118 1481 270 17493 7138 1211 1023 3836 4804 2334 188 3956 13657 4725 2918 1822 848 2181 80 570 1096 4680 1347 553 252 8932
internal_count=29537 8737 7256 20800 118 1481 270 17493 7138 1211 1023 3836 4804 2334 188 3956 13657 4725 2918 1822 848 2181 80 570 1096 4680 1347 553 252 8932
is_linear=0
shrinkage=0.03


Tree=32
num_leaves=31
num_cat=0
split_feature=12 20 8 20 17 17 3 6 16 3 8 11 8 2 2 5 11 15 14 14 16 14 20 3 20 11 8 3 17 15
split_gain=37.4825 15.6931 10.7075 10.211 9.24358 9.04577 7.07127 8.21697 6.90534 5.68305 4.40502 4.36308 3.92361 3.72843 3.36465 5.41788 3.85219 4.18981 3.49007 3.46525 3.90371 3.28027 3.16765 3.27252 3.05053 3.02879 4.78146 4.27839 3.01823 2.97752
threshold=0.10508456581515892 1.0615944276095941 1.4450566990666758 0.26424864760900801 -0.24675793088424913 0.74401502828060684 0.12413332593168801 -0.62017780241357234 0.49055102147203267 0.05794112344580632 394.44764179933389 9.066585461665527 1.3924862854632856 6.4367927650281382 5.8479582522806028 0.95345670607167188 9.987415011414571 1.7005986908310777 0.064510087291076601 0.6401078916798818 0.02625975887598828 0.037242545401578078 0.73353929782651817 0.017787848872588736 0.96709300049311508 8.014831632406624 19.151368462309481 0.12413332593168801 0.34911995493019105 2.4414009612931857
decision_type=2 2 10 2 8 10 2 2 10 2 10 2 10 10 10 10 2 8 2 2 10 2 2 2 2 2 8 2 10 10
left_child=1 2 14 -2 -3 12 7 28 11 13 25 -7 21 -5 16 -16 17 -1 -19 24 -21 -6 -9 -24 -18 26 -11 -28 -4 -20
right_child=3 4 6 9 5 8 -8 22 -10 10 -12 -13 -14 -15 15 -17 19 18 29 20 -22 -23 23 -25 -26 -27 27 -29 -30 -31
leaf_value=-0.0028876858545411185 0.0013435772485063736 -0.019445309737639128 -0.0027680214910302684 -0.00029523842993902012 -0.0016929543513804356 -0.0092260313738137135 -0.00035792737778058 0.0016785962047622795 0.00083291431736546488 0.0011683709651743529 -0.0021849958535569061 -0.0052698296572286684 -0.0061219618884286973 -0.0040790423261112463 -0.00056387340895442946 -0.0038501178286494404 0.00089700505937124954 0.00085612958470977557 0.00026762251188565281 -0.0039158727145932899 4.4198675173307487e-05 -0.00025743318569978807 -0.0082450495912501452 -0.0017589761879815197 -0.00024863787336886628 0.00098759627902624534 -0.0058702727419819804 -0.0010928467602915513 -0.008035113120343277 -0.00072975941065879177
leaf_weight=149 3347 47 99 1802 44 78 1303 102 55 711 94 94 234 40 149 42 2356 450 779 41 79 673 77 682 648 13908 69 258 79 1205
leaf_count=149 3347 47 99 1802 44 78 1303 102 55 711 94 94 234 40 149 42 2356 450 779 41 79 673 77 682 648 13908 69 258 79 1205
internal_value=0.000577269 -0.000980879 -0.000509647 0.00130633 -0.00414763 -0.00361832 -0.00222535 -0.00407019 -0.00898684 0.0010061 0.00119872 -0.0119306 -0.00232878 -0.000566468 0.000171894 -0.00373437 0.000303259 -0.000553792 -0.000253799 0.00101184 -0.00396694 -0.00122423 -0.00285035 -0.00351711 0.00121198 0.00123958 -0.000323388 -0.00332012 -0.00992179 -0.000794962
internal_weight=29694 9465 8240 20229 1225 1178 2342 1039 227 16882 15040 172 951 1842 5898 191 5707 2583 2434 3124 120 717 861 759 3004 14946 1038 327 178 1984
internal_count=29694 9465 8240 20229 1225 1178 2342 1039 227 16882 15040 172 951 1842 5898 191 5707 2583 2434 3124 120 717 861 759 3004 14946 1038 327 178 1984
is_linear=0
shrinkage=0.03


Tree=33
num_leaves=31
num_cat=0
split_feature=12 17 0 16 11 9 17 6 12 11 12 7 7 9 6 7 14 20 13 0 14 6 7 14 14 9 7 17 0 15
split_gain=30.4058 12.8591 11.5912 7.9321 9.24162 6.97519 6.33539 5.08875 4.80784 4.2448 4.91129 5.4367 4.2426 5.20648 4.56198 4.02571 4.45494 3.79549 3.65629 3.53019 3.44428 3.24622 3.2017 3.36886 3.15885 4.42494 3.0949 2.82221 2.61899 2.52312
threshold=0.064242785891931234 0.60249760397640484 3.7848579596212262 0.15002422544813354 10.233150946581512 0.017214421942214907 -0.38802885603712317 0.27410656527284066 0.30494223795343883 8.014831632406624 0.17337531495499195 0.1410152356695977 0.16077908898741219 0.0055351307189542504 -0.052242842812593067 0.18813764867318511 0.69023720239001662 1.2180055060750263 0.19684568227386354 1.0532743259250426 0.2391444357104717 -1.2264531692942162 0.25220457150504544 0.1340966933886982 0.48378809972364439 0.062008772097303148 0.22509635317443136 1.3200833072581308 2.3699704807785436 3.3497501700808394
decision_type=2 10 8 10 2 10 8 2 2 2 2 10 10 10 2 10 2 2 2 10 2 2 10 2 2 10 10 10 10 10
left_child=1 6 5 4 19 8 -1 -5 15 24 11 -11 17 -14 22 16 -2 -8 27 -3 21 -17 23 -15 25 28 -27 -13 -7 -29
right_child=2 3 -4 7 -6 9 12 -9 -10 10 -12 18 13 14 -16 20 -18 -19 -20 -21 -22 -23 -24 -25 -26 26 -28 29 -30 -31
leaf_value=-0.013270290668019593 0.00049704720338507064 -0.0090382012187379662 0.0013032699310511825 -0.0051741458464916699 -0.00071351514920131739 0.0015759039481411433 -9.171425161581262e-06 -0.0011509013970028624 0.0017486257027597028 0.00069350280007321355 0.0015675029911298153 0.00012825479060830312 0.0013148054174590479 -0.0068461246551973247 -0.0011793723199557183 -0.0070474982243145141 -0.0026272982034591255 -0.0047103915138976132 -0.0013656176638386674 -0.0039155866797833125 0.00049831072051353194 -0.0018632627634935547 -0.019633826176340616 -0.0017539230408721044 0.00096683339127756379 -0.002118736116333713 -0.0044446407937569201 -0.002078339147747109 -0.004252312893614156 -0.0010884584637104574
leaf_weight=60 1135 145 3331 199 102 173 3876 444 885 5063 7533 3414 139 56 302 52 58 163 102 60 380 1119 55 113 217 126 40 160 42 44
leaf_count=60 1135 145 3331 199 102 173 3876 444 885 5063 7533 3414 139 56 302 52 58 163 102 60 380 1119 55 113 217 126 40 160 42 44
internal_value=0.000608131 -0.00135748 0.00107862 -0.00454259 -0.00850325 0.000812354 -0.000721511 -0.0026413 -0.000380992 0.0010684 0.0011594 0.000677254 -0.000596812 -0.00281532 -0.00417837 -0.00100109 0.000309045 -0.00023094 -0.000193496 -0.0121602 -0.00200838 -0.00281314 -0.00741333 -0.00531176 -0.00141235 -0.00305497 -0.00671856 -3.48161e-05 -0.000208333 -0.00345366
internal_weight=29588 5714 23874 950 307 20543 4764 643 3629 16914 16316 8783 4704 665 526 2744 1193 4039 3720 205 1551 1171 224 169 598 381 166 3618 215 204
internal_count=29588 5714 23874 950 307 20543 4764 643 3629 16914 16316 8783 4704 665 526 2744 1193 4039 3720 205 1551 1171 224 169 598 381 166 3618 215 204
is_linear=0
shrinkage=0.03


Tree=34
num_leaves=31
num_cat=0
split_feature=12 7 0 0 9 3 15 0 9 17 0 7 17 9 3 14 0 8 9 9 7 4 4 4 9 4 15 10 8 12
split_gain=29.4293 16.8124 9.17657 7.51021 7.23135 6.56847 6.91327 5.18919 5.12468 5.10152 4.60301 4.44434 4.09275 3.93106 4.01129 3.82436 3.74117 3.63095 3.60805 5.16868 3.60068 3.64007 7.59583 4.0063 3.95647 3.45257 3.28209 4.20745 3.17909 3.09604
threshold=0.13776991863197677 0.18390461862491325 0.82511311878168192 5.7232159068786723 0.081074892167686721 0.1249545940890955 3.4498615536424366 1.6236126003021234 0.018850522083280707 -0.43867369142464502 0.77248472015492953 0.13775650177339077 0.26808499234873356 0.059878128520781344 0.40318020713217534 0.21768335968322064 0.97693770405268132 1.1273616728720111 0.21524633354306558 0.11566372771018558 0.31977550473824473 496.11124446763648 820.55371023890723 669.33675937136809 0.017365418847779344 978.12793074335161 2.3502401828962087 1.3336967360881926 22.797201006882407 0.30494223795343883
decision_type=2 10 8 8 8 2 10 8 10 8 10 8 10 10 2 2 10 10 8 10 10 10 10 10 10 10 8 10 10 2
left_child=1 2 11 8 5 6 7 20 29 -4 -7 17 28 -12 -15 -8 18 -1 19 -14 21 -3 23 -23 -24 -21 27 -18 -11 -2
right_child=3 4 9 -5 -6 10 15 -9 -10 12 13 -13 16 14 -16 -17 26 -19 -20 25 -22 22 24 -25 -26 -27 -28 -29 -30 -31
leaf_value=-0.003312854062668655 -0.0002811586584517959 -0.00047456989631431995 -0.0037052935193751016 0.001264171833119647 0.00048158184471451976 -0.024426572115603357 -0.0087749306272501288 0.0015900344696233423 0.0012964239043115873 0.0003839327732776899 3.6606271819432239e-05 0.0016442421580739415 -0.0013788561988145114 -0.0018343341848977891 -0.005143948900996286 -0.0034080453211439944 -0.00027001064596358085 -0.012051938911419185 0.0012354394888309946 -0.00069230325802458078 -0.012803954335484211 -0.0019763444846450126 -0.0082852872983323472 -0.0051029656019157292 -0.0013531120292677055 -0.0054947101576040859 0.00012287078661773481 -0.0037085601152502517 -0.00090596302138075911 0.0014805323003069875
leaf_weight=101 2273 156 63 2465 425 40 47 79 10949 6018 560 53 300 208 43 46 423 84 103 52 59 40 87 42 307 72 2821 123 361 1227
leaf_count=101 2273 156 63 2465 425 40 47 79 10949 6018 560 53 300 208 43 46 423 84 103 52 59 40 87 42 307 72 2821 123 361 1227
internal_value=0.000612293 -0.000478292 1.24824e-05 0.00143198 -0.00290327 -0.00377143 -0.00561458 -0.00466926 0.00117073 0.000146851 -0.00189789 -0.00579916 0.000199436 -0.00140025 -0.0045119 -0.0133085 -0.00056688 -0.00798387 -0.00291477 -0.00413647 -0.00550144 -0.00482464 -0.00612579 -0.0143855 -0.00437468 -0.009264 -0.000198634 -0.00232541 0.000667241 0.00017138
internal_weight=29627 12713 10574 16914 2139 1714 863 770 14449 10336 851 238 10273 811 251 93 3894 185 527 424 691 632 476 82 394 124 3367 546 6379 3500
internal_count=29627 12713 10574 16914 2139 1714 863 770 14449 10336 851 238 10273 811 251 93 3894 185 527 424 691 632 476 82 394 124 3367 546 6379 3500
is_linear=0
shrinkage=0.03


Tree=35
num_leaves=31
num_cat=0
split_feature=0 0 3 0 15 8 7 3 16 9 10 1 15 3 8 0 14 9 11 2 14 16 4 3 0 4 16 1 13 11
split_gain=28.7927 15.8849 11.3457 10.6319 7.58386 6.38937 9.62467 6.5812 6.53285 5.23626 6.98178 5.11516 4.77652 4.24891 3.88466 3.71397 4.87815 4.51182 5.19427 4.06751 3.48462 5.87163 3.24597 4.47386 3.61137 3.18768 2.93987 3.12933 3.27352 2.87833
threshold=1.0029662278139384 3.2569134638102266 0.10477913493765122 0.70579746621234041 2.1383330595080281 1.2189414241281222 0.061527686521158372 0.12826942676262118 0.22273022688721925 0.01952656677684261 1.2345765125229875 1.0000000180025095e-35 2.8617925509761908 0.4863236694520473 394.44764179933389 1.3546071422080606 0.36737916361475537 0.15572595897911198 11.063045979925278 5.9704187949134377 0.18714609236612942 0.2474521861375357 123.28416653708453 0.40736647220631012 1.9580465084774761 237.70114823402255 -0.042650697267831571 1.0000000180025095e-35 0.022400462937860053 7.8334020861510814
decision_type=8 8 2 10 8 10 10 2 8 8 10 8 10 2 10 10 2 8 2 10 2 8 8 2 10 10 10 8 2 2
left_child=3 2 9 4 -1 13 -7 8 11 10 20 -8 14 -5 22 16 17 18 -11 25 21 29 23 -4 -24 -17 -18 28 -28 -2
right_child=1 -3 12 5 -6 6 7 -9 -10 15 -12 -13 -14 -15 -16 19 26 -19 -20 -21 -22 -23 24 -25 -26 -27 27 -29 -30 -31
leaf_value=-0.037147559924452289 -0.006599568417835943 0.0012262466781260575 0.0012810431277240457 -0.00026707253645105207 -0.0075303719777339712 -0.0076432954095474129 -0.0064322386086567498 -0.0014297548100100637 -0.017045462671108756 -0.0013023620150827595 0.0010529889530045159 -0.00039100825068112216 0.00092127905967312072 -0.0014405519443188972 -0.0025943580645157093 -0.0043153761115629725 -0.0031432229997097778 0.00050651607293184561 -0.0029020152616897519 -0.0013840369255706138 -0.00098439160211187386 -0.00028942707899202167 0.00018070426920061287 -0.0047895441057148689 0.0021725953660372069 0.00095069974230251487 -0.0047547986265823348 0.0010899395310633583 0.0013178055198751746 -0.003627614209851822
leaf_weight=60 52 3806 62 1369 62 51 84 561 59 641 352 104 8582 54 58 66 42 288 44 144 521 199 7621 54 1250 2455 59 516 66 353
leaf_count=60 52 3806 62 1369 62 51 84 561 59 641 352 104 8582 54 58 66 42 288 44 144 521 199 7621 54 1250 2455 59 516 66 353
internal_value=0.000569409 0.000847275 0.000555152 -0.00257713 -0.0111707 -0.00211301 -0.00415465 -0.00334487 -0.00741532 -0.000595965 -0.00213735 -0.00463492 0.000933799 -0.000878511 0.000452686 -6.87181e-05 -0.00118407 -0.00254723 -0.00387026 0.000624531 -0.00329041 -0.00483967 0.000503004 -0.00446154 0.000568418 0.000905234 0.000758772 0.00126636 -0.00297619 -0.00690887
internal_weight=29635 27231 23425 2404 122 2282 859 808 247 5798 1477 188 17627 1423 9045 4321 1656 973 685 2665 1125 604 8987 116 8871 2521 683 641 125 405
internal_count=29635 27231 23425 2404 122 2282 859 808 247 5798 1477 188 17627 1423 9045 4321 1656 973 685 2665 1125 604 8987 116 8871 2521 683 641 125 405
is_linear=0
shrinkage=0.03


Tree=36
num_leaves=31
num_cat=0
split_feature=12 0 0 8 6 17 8 7 6 15 11 12 2 11 17 12 13 15 8 4 14 7 7 14 12 8 9 4 14 4
split_gain=32.3495 12.5622 10.6006 8.67619 9.94252 7.91397 7.46013 12.0923 6.96587 6.68618 5.82186 4.36399 4.32627 5.35649 3.90676 3.90614 3.51827 3.42601 3.25655 4.67562 3.08396 4.05708 3.57486 2.99379 5.04917 2.80714 2.78623 2.76943 4.30832 2.71928
threshold=0.043743695664376421 3.7848579596212262 0.70579746621234041 5.2550473933281774 0.57600140497275187 0.58687313483119508 1.1848716360065921 0.062757097739733328 -0.5450083126784383 2.1383330595080281 8.014831632406624 0.15250965500662964 3.5598866534614007 9.9779686690791873 -0.43867369142464502 0.21225048776937563 0.0025549169542128931 2.249904835165133 7.7696882440483011 347.99041384294941 0.27887317046262522 0.056426549631133728 0.19154875435805083 0.69023720239001662 0.14116154939525674 19.151368462309481 0.13028228991995441 1711.7644893503173 0.23393309522416986 1175.8483349991632
decision_type=2 8 8 10 2 10 10 10 2 8 2 2 10 2 8 2 2 8 10 8 2 10 10 2 2 10 10 10 2 8
left_child=2 3 9 12 10 14 -7 -8 -9 -1 25 -12 13 -2 -4 17 -10 -6 29 -20 21 -14 26 -15 -25 -5 -23 -21 -29 -16
right_child=1 -3 5 4 15 6 7 8 16 -11 11 -13 20 23 18 -17 -18 -19 19 27 -22 22 -24 24 -26 -27 -28 28 -30 -31
leaf_value=-0.035054331635042547 0.00040477635585939846 0.001189459277782276 -0.013616948791643524 0.00027513200111008011 -0.0020586812339990022 0.00027175097071537095 -0.0076745442789964364 -0.0061956432455018617 -0.0050905635340162299 -0.0073234929382836184 -0.0013163911801293878 -6.144068513641251e-05 -0.003739620248401361 0.0012255280846847068 -0.00042245691195242762 0.001664389564689461 -0.0010859003419583528 0.00028220588690518227 -0.0062694276388601559 6.5809299579643488e-05 0.00024603074846488415 0.00052960090306963358 -0.0025427439718664121 -0.0027230245122756621 0.00056389004276664054 -0.0052028640517616511 -0.0030378283046817362 -0.0049519243720857944 -0.00056178098638617771 0.0002818656137341777
leaf_weight=54 7054 3304 44 52 326 217 51 55 149 61 984 1401 64 7206 1794 2003 244 1519 52 199 693 265 67 46 116 186 50 44 62 1306
leaf_count=54 7054 3304 44 52 326 217 51 55 149 61 984 1401 64 7206 1794 2003 244 1519 52 199 693 265 67 46 116 186 50 44 62 1306
internal_value=0.000610536 0.00102017 -0.00178491 0.000761403 -0.000161774 -0.00153841 -0.00441004 -0.006426 -0.00482405 -0.0107328 -0.00158575 -0.00113789 0.00114529 0.00128586 -0.000950028 0.000809041 -0.00340355 -0.00018689 -0.000835454 -0.00354469 -0.00063421 -0.00257718 -0.00139426 0.00185154 -0.00217178 -0.00605021 -4.74682e-05 -0.00210784 -0.006 -0.000522412
internal_weight=29668 25336 4332 22032 6471 4217 716 499 448 115 2623 2385 15561 14422 3501 3848 393 1845 3457 357 1139 446 382 7368 162 238 315 305 106 3100
internal_count=29668 25336 4332 22032 6471 4217 716 499 448 115 2623 2385 15561 14422 3501 3848 393 1845 3457 357 1139 446 382 7368 162 238 315 305 106 3100
is_linear=0
shrinkage=0.03


Tree=37
num_leaves=31
num_cat=0
split_feature=12 8 0 4 7 16 15 3 3 5 14 0 3 13 16 4 11 4 8 4 5 0 15 14 14 5 15 13 17 16
split_gain=28.7703 12.9005 9.7733 9.14433 8.55304 7.32073 4.87728 4.87073 4.56136 4.48405 4.44621 4.45922 4.30378 5.56733 4.06951 4.06616 3.64215 6.24164 3.51657 4.7166 4.67558 4.39751 3.27509 2.95734 3.28656 2.77326 2.41601 5.10075 2.38796 2.31033
threshold=0.095471879744685864 1.2502491240955991 3.7848579596212262 281.46999805843689 0.070112753377707351 0.1611707516048427 1.7005986908310777 0.10477913493765122 0.20297688687238843 0.29051012753188304 0.69023720239001662 0.82511311878168192 0.10653310688301258 0.0077828409066415605 -0.2187637777417594 1045.5228073661544 9.0330660546218216 281.46999805843689 2.3266411702237009 335.98191182792806 0.90033112582781472 1.9779231940710171 2.3502401828962087 0.36737916361475537 0.19800921928783743 0.92909596911751524 3.1567740231385479 0.064670890218624835 0.57214881596377998 0.15303976686083787
decision_type=2 10 8 8 10 10 8 2 2 8 2 10 2 2 8 8 2 10 10 8 10 10 10 2 2 10 10 2 10 8
left_child=1 6 7 5 -5 22 16 9 -8 -2 11 -10 13 15 -9 -6 17 -1 -11 -20 21 -21 -3 24 -15 28 -26 -28 -14 -30
right_child=2 3 -4 4 12 -7 8 14 10 18 -12 -13 25 23 -16 -17 -18 -19 19 20 -22 -23 -24 -25 26 -27 27 -29 29 -31
leaf_value=-0.0033072989929669692 -0.0021113206218997052 -0.021214498065621368 0.0011537754994488077 -0.0069953153326242114 -0.0065849545305288098 -0.0027026930860781164 0.00058796203639787346 -0.0046495658078097137 -0.0030298230268201122 0.00097079003960938394 -0.0013015593825726572 -6.7679364127325284e-05 -6.7230436318293255e-05 -0.00084813095701545614 0.0009156440069070811 -0.0038924259854807206 0.00044661934593156469 -0.0090652423175022374 -0.0061288720681597049 -0.00085272653455910254 -0.0017285841910207537 0.00097403271751315111 -0.0024484028927266523 0.00033360325431370196 -0.001252042903467756 -0.0025776515574610797 -0.0023454362212377584 -0.0016968601373839487 -0.0040542308833825206 -0.00077249245046553418
leaf_weight=82 64 61 3323 74 83 84 2574 49 44 1799 70 2025 1726 329 12943 186 54 44 66 1425 40 1388 43 179 130 45 53 76 139 359
leaf_count=82 64 61 3323 74 83 84 2574 49 44 1799 70 2025 1726 329 12943 186 54 44 66 1425 40 1388 43 179 130 45 53 76 139 359
internal_value=0.000669565 -0.000808415 0.00126225 -0.00218021 -0.00182041 -0.00860317 0.000191868 0.000982954 0.000377387 0.000164332 -0.000646262 -0.000392754 -0.00159256 -0.00319383 0.00128423 -0.0069 -0.00464088 -0.00741732 0.000272092 -0.00037089 -0.000186055 -3.94455e-05 -0.0138857 -0.00188672 -0.00291341 -0.000860352 -0.00543462 -0.00833077 -0.000709213 -0.00253707
internal_weight=29557 8460 21097 3567 3379 188 4893 17774 4713 4782 2139 2069 3305 1036 12992 269 180 126 4718 2919 2853 2813 104 767 588 2269 259 129 2224 498
internal_count=29557 8460 21097 3567 3379 188 4893 17774 4713 4782 2139 2069 3305 1036 12992 269 180 126 4718 2919 2853 2813 104 767 588 2269 259 129 2224 498
is_linear=0
shrinkage=0.03


Tree=38
num_leaves=31
num_cat=0
split_feature=20 0 20 3 15 9 5 8 2 11 5 8 0 7 8 16 11 3 9 8 14 16 16 14 11 14 1 11 15 9
split_gain=23.6701 14.3666 8.60801 7.92498 6.49001 5.90053 5.42107 5.216 6.15522 4.41583 4.40988 8.07549 4.31866 3.0984 4.20158 2.97874 3.10241 3.08544 3.93634 2.93836 2.92475 9.29577 2.91571 3.07201 5.07 4.53986 3.58931 3.56451 3.70838 2.85763
threshold=1.0027193482768479 3.7848579596212262 1.4212677531546551 0.102008097617089 2.0126758453675748 0.01952656677684261 0.27145200023428812 1.0948037997423621 6.5883717591704896 9.9679401300085129 0.94043677073478416 6.5279927368259445 1.2377531541453881 0.060328283317293278 1.1914430475398323 0.36631070022541584 7.4386775612200848 0.1290352219794447 0.10221534526835348 162.33537707238057 0.64617256261511691 0.012699311987843584 0.24982667110458076 0.18823516645787045 7.8334020861510814 0.13069051613163477 0.025158227848101292 10.20560862886299 2.249904835165133 0.10118547794852328
decision_type=2 8 2 2 8 8 8 10 8 2 10 10 10 10 10 10 2 2 10 8 2 8 10 2 2 2 10 2 8 8
left_child=1 3 7 5 -4 22 -7 -2 -9 15 12 -12 29 14 -10 16 17 -5 19 -19 -11 -22 23 24 -1 -26 27 28 -27 -8
right_child=2 -3 4 9 -6 6 10 8 13 20 11 -13 -14 -15 -16 -17 -18 18 -20 -21 21 -23 -24 -25 25 26 -28 -29 -30 -31
leaf_value=-0.0063658399639226291 -5.7989114261794569e-05 0.0011191622344653436 -0.030692265063750127 -0.0053031298669447054 -0.0077206351310538405 -0.0027333652252371685 -0.001347321731898371 -0.0086087717189501888 -0.00067832801272571519 0.00089387104736186353 0.00071430699939781608 -0.0030451770100897563 0.00061183318992101229 -0.0018969435939759252 -0.0062500517940594297 0.001059293131188323 0.00018815026185401223 0.00026473220917453587 -0.0047922214773495854 -0.0033527069023293063 -0.0037791102037290198 0.00031023901055745305 0.00016235524801900522 -0.00048059903338689189 -0.00075679271583356013 -0.00016707582033045321 -0.0043619923791453196 0.00064119454848323137 -0.0074968852544945487 0.00017672530527317
leaf_weight=54 919 3317 54 41 60 66 451 40 95 8761 62 40 3107 1018 46 1727 6820 340 40 49 53 435 402 508 300 54 69 60 73 493
leaf_count=54 919 3317 54 41 60 66 451 40 95 8761 62 40 3107 1018 46 1727 6820 340 40 49 53 435 402 508 300 54 69 60 73 493
internal_value=0.000634817 0.000877503 -0.00233498 0.00062172 -0.0103304 -0.000350697 0.000226777 -0.00189995 -0.0032025 0.000927246 0.000363264 -0.00576699 0.000519003 -0.00279569 -0.0069507 0.000454757 0.000189275 -0.0021656 -0.00140233 -0.000469231 0.00138778 -0.000871166 -0.00195266 -0.00273995 -0.00417349 -0.003307 -0.00623346 -0.00403723 -0.00686719 -0.00125714
internal_weight=29554 27322 2232 24005 114 5739 4219 2118 1199 18266 4153 102 4051 1159 141 9017 7290 470 429 389 9249 488 1520 1118 610 556 256 187 127 944
internal_count=29554 27322 2232 24005 114 5739 4219 2118 1199 18266 4153 102 4051 1159 141 9017 7290 470 429 389 9249 488 1520 1118 610 556 256 187 127 944
is_linear=0
shrinkage=0.03


Tree=39
num_leaves=31
num_cat=0
split_feature=12 20 7 12 20 15 9 3 20 9 11 15 6 4 7 15 17 3 12 10 2 9 11 17 16 11 7 17 4 3
split_gain=27.1634 12.2711 9.53755 6.40727 6.00866 5.11684 5.06509 4.72308 6.38279 4.23167 4.49723 4.11316 5.18304 3.76815 3.59333 3.8817 4.89595 3.53455 3.38319 3.37587 3.13026 5.48334 3.67969 2.89838 3.61374 8.67239 2.61401 2.60057 2.31174 2.15906
threshold=0.17337531495499195 1.4212677531546551 0.18268057827430642 0.041788668911413758 0.17482696551698043 2.0126758453675748 0.081074892167686721 0.12413332593168801 0.55914491850540615 0.01805763357127645 8.014831632406624 3.4811217321331038 -0.14988888888888874 1596.1284488682152 0.28109406001732345 1.8688348091416842 0.62749454383252068 0.10385120108505828 0.31749181592287107 1.4676207191831521 5.798025059063515 0.12260410037835337 9.987415011414571 0.59465101683448363 0.14707850025780309 10.176886860000506 0.18122129427622727 -0.34220144979340755 480.74254238736881 0.23706005332176258
decision_type=2 2 8 2 2 8 8 2 2 8 2 10 2 10 10 10 10 2 2 10 10 10 2 10 10 2 10 10 10 2
left_child=1 2 3 23 -2 -3 7 8 -4 18 17 14 -13 -14 -10 -16 -17 -11 19 26 22 29 -5 27 25 -25 -6 -1 -19 -22
right_child=4 5 6 20 9 -7 -8 -9 11 10 -12 12 13 -15 15 16 -18 28 -20 -21 21 -23 -24 24 -26 -27 -28 -29 -30 -31
leaf_value=-0.0036742236682924005 0.0010855873674313833 -0.033833127081249449 0.0020909333787220239 2.822946385998382e-05 0.00078033796137732397 -0.0072876340889868078 0.00031935984172615711 -0.00079096127066344301 -0.0016851656521986048 -0.0039381231648775673 0.0015351410152750536 -0.0085396217084356511 0.0011405701488164473 -0.0025557990606716093 -0.011765280340356992 0.00022834823882908272 -0.0071087139411739036 0.00093187864962265485 0.0016785864094624617 0.0012921821360728819 0.0001539583431804535 -0.0017541585226415351 0.0007012102359989596 -0.0059984850882166523 -0.0013424595032200239 0.00012030222305055199 -0.0013982265900560331 -0.00016490986382487383 -0.0020710535677579758 -0.0010478691530267752
leaf_weight=40 2522 57 185 3388 270 62 778 1188 806 63 7837 49 48 50 56 82 50 322 1063 485 433 116 5231 56 328 54 948 2930 53 50
leaf_count=40 2522 57 185 3388 270 62 778 1188 806 63 7837 49 48 50 56 82 50 322 1063 485 433 116 5231 56 328 54 948 2930 53 50
internal_value=0.000618222 -0.000217546 -0.000145486 0.000229508 0.00160638 -0.009775 -0.00158336 -0.00223777 -0.00346797 0.00130438 0.00164391 -0.0043056 -0.00897973 -0.00490909 -0.00360603 -0.00733333 -0.00446617 -0.00131207 0.000288399 -0.000540493 0.000640417 -0.001455 0.000786195 -0.000881783 -0.00315718 -0.00783784 -0.0013831 -0.000545271 -0.000199468 -4.33883e-05
internal_weight=29600 16037 15918 12626 13563 119 3292 2514 1326 11041 8275 1141 147 98 994 188 132 438 2766 1703 9218 599 8619 3408 438 110 1218 2970 375 483
internal_count=29600 16037 15918 12626 13563 119 3292 2514 1326 11041 8275 1141 147 98 994 188 132 438 2766 1703 9218 599 8619 3408 438 110 1218 2970 375 483
is_linear=0
shrinkage=0.03


Tree=40
num_leaves=31
num_cat=0
split_feature=12 20 7 3 3 11 16 0 20 4 15 15 15 11 16 5 0 15 17 1 13 16 14 14 5 13 12 11 13 4
split_gain=24.6826 12.0824 7.92173 6.48971 5.46482 5.96086 5.59839 4.46992 4.2383 4.08601 4.06041 3.96647 3.54025 5.72466 4.86765 3.87909 3.52096 3.74874 3.50806 4.72085 3.40004 3.39241 3.12854 2.85479 4.32037 3.24007 2.79739 2.76269 2.65401 3.35029
threshold=0.064242785891931234 0.25358244218602016 0.22253582083822629 0.05794112344580632 0.11289228751996115 8.014831632406624 -0.2187637777417594 1.3808621453210284 0.95069502914325266 281.46999805843689 1.7005986908310777 1.2424533248940004 4.2696729980286863 11.340712642254005 -0.0028381066125048788 0.51053682342502238 1.9580465084774761 2.9700856263602158 0.58687313483119508 0.22756041426927506 0.12600123837788899 0.095603388300775125 0.17216792383753302 0.34481896604462137 0.29051012753188304 0.14955607344210917 0.013787802911649829 10.013999774331436 0.16603780454749908 1786.07466591248
decision_type=2 2 10 2 2 2 8 10 2 8 8 10 8 2 8 8 10 10 10 10 2 10 2 2 8 2 2 2 2 10
left_child=2 -2 10 8 5 7 -6 -3 -4 -5 22 -9 13 14 18 -16 17 28 19 -12 -21 -13 -1 24 -7 -25 -15 -11 -8 -30
right_child=1 4 3 9 6 23 16 11 -10 27 12 21 -14 26 15 -17 -18 -19 -20 20 -22 -23 -24 25 -26 -27 -28 -29 29 -31
leaf_value=-0.011390374869376729 0.0010530197464084419 2.0288996350453865e-05 -0.0052971700725796397 -0.0075967204098271119 -0.0046764111894264243 -0.0021357723705633202 0.00034566434965242483 -0.004458247196192271 -0.014110803759614288 -0.00069008409867936133 -0.00040258969499744113 -0.0057206135367212493 0.00073321131102909039 -0.003744551189585913 -0.0021203419576406434 -3.8565114100395962e-05 0.0022875183918308192 0.00097137380280060538 -0.0063658902842401782 -0.0026250758877358936 -0.0020603686883506902 -0.0040109348526410106 -0.002651859606366862 0.0009156159629616406 -8.070347522889045e-05 -0.00088711557504400239 -0.0021133775747855946 -0.0087439948908650516 -0.004591953717180154 0.00011573065947773915
leaf_weight=46 3191 126 48 79 50 58 6937 52 69 343 579 41 308 40 53 3620 2078 5193 48 110 83 57 153 1611 4193 42 62 43 82 122
leaf_count=46 3191 126 48 79 50 58 6937 52 69 343 579 41 308 40 53 3620 2078 5193 48 110 83 57 153 1611 4193 42 62 43 82 122
internal_value=0.000622705 0.00104636 -0.00115356 -0.00446655 0.000780701 3.39752e-05 0.00109977 -0.00426715 -0.0107542 -0.00286481 -0.000774838 -0.00774834 -0.000603793 -0.000812663 -0.000652203 -0.000185356 0.00113481 0.000942197 -0.00274056 -0.00224321 -0.00629381 -0.0112727 -0.004965 0.000235733 -0.000175682 0.00129323 -0.00780582 -0.0015814 0.00049608 -0.00286829
internal_weight=29517 23833 5684 582 20642 6180 14462 276 117 465 5102 150 4903 4595 4493 3673 14412 12334 820 772 193 98 199 5904 4251 1653 102 386 7141 204
internal_count=29517 23833 5684 582 20642 6180 14462 276 117 465 5102 150 4903 4595 4493 3673 14412 12334 820 772 193 98 199 5904 4251 1653 102 386 7141 204
is_linear=0
shrinkage=0.03


Tree=41
num_leaves=31
num_cat=0
split_feature=12 20 8 5 12 3 5 16 17 14 3 15 11 8 12 16 14 8 13 8 14 11 15 13 15 3 17 14 15 8
split_gain=25.0605 12.6445 8.53997 7.39663 6.29761 6.00161 5.09198 4.71052 4.59819 4.40547 4.3405 4.37671 4.33812 10.9387 3.52583 4.26387 3.38863 5.93581 3.40257 3.17868 4.12455 3.87887 3.13938 3.05297 3.52527 3.01519 2.73375 2.68122 4.41063 5.1163
threshold=0.055870681393966677 0.26424864760900801 1.2304545082850691 0.57197712418300661 -0.28788208383573272 0.10477913493765122 0.27145200023428812 -0.2187637777417594 -0.34220144979340755 0.22899651462346401 0.075141273501666953 2.249904835165133 8.014831632406624 15.174598430824046 0.20138393460977436 1.1310844301485856 0.11637971804534662 200.77065215478069 0.025576692737838237 1.4676085010201485 0.68027517933753268 10.005728205463841 4.4484992763719129 0.066959744067705787 2.6735537653587347 0.36074935571588113 0.20839330386773638 0.18174998340314583 2.1383330595080281 1.151740591041873
decision_type=2 2 10 8 2 2 8 8 10 2 2 10 2 10 2 8 2 10 2 8 2 2 8 2 8 2 10 2 10 10
left_child=2 -2 8 -4 -5 6 -3 -7 -1 16 11 -11 13 -8 15 19 17 -6 -18 20 -9 -22 -21 -20 -25 -10 -14 -27 -29 -30
right_child=1 5 3 4 9 7 12 14 25 10 -12 -13 26 -15 -16 -17 18 -19 23 22 21 -23 -24 24 -26 27 -28 28 29 -31
leaf_value=-0.009287852391513033 0.0010214291540161886 -0.003747045949389999 -0.01438034916597869 -0.028309002063636769 7.2526751956597903e-05 -0.0046191017496473022 0.0016332706200859956 0.00066525511242245135 0.00023028913507839896 -0.013086534834918282 8.9094678282656303e-05 -0.00054971314194312898 0.00054858573298182452 -0.0055370536516901898 0.0014074775387829393 -0.0037276812323369453 -0.0039260028635175956 -0.0068097970164688161 2.4644392334500496e-05 0.00010259680801747832 0.0003635430391921746 -0.0023942539368327774 -0.0019024569897991878 -0.0046954815127086017 -0.0012877115904486856 -0.00017667234426828421 -0.00028121273703985599 -8.2012204679867592e-05 -0.0019364092301624135 0.00040613485064986603
leaf_weight=40 3308 65 40 53 342 56 158 5694 2135 43 805 96 1955 108 6139 82 218 42 168 3342 93 104 120 121 225 591 3144 126 79 42
leaf_count=40 3308 65 40 53 342 56 158 5694 2135 43 805 96 1955 108 6139 82 218 42 168 3342 93 104 120 121 225 591 3144 126 79 42
internal_value=0.000600711 0.00100308 -0.00129708 -0.00273955 -0.00249338 0.000732159 -0.000127048 0.00103064 -0.00026576 -0.00222707 -0.00071746 -0.00559286 -2.51583e-05 -0.00375281 0.00106209 0.000697859 -0.00350224 -0.00121558 -0.0046985 0.000757858 0.00118177 -0.00307576 3.63847e-05 -0.00335534 -0.00496254 -0.00012811 0.00017 -0.00165197 -0.00427016 -0.00833607
internal_weight=29534 24368 5166 2153 2113 21060 5430 15630 3013 2060 944 139 5365 266 15574 9435 1116 384 732 9353 5891 197 3462 514 346 2973 5099 838 247 121
internal_count=29534 24368 5166 2153 2113 21060 5430 15630 3013 2060 944 139 5365 266 15574 9435 1116 384 732 9353 5891 197 3462 514 346 2973 5099 838 247 121
is_linear=0
shrinkage=0.03


Tree=42
num_leaves=31
num_cat=0
split_feature=12 7 20 17 9 20 3 15 12 0 7 8 5 2 8 9 9 17 14 2 15 8 12 14 3 14 3 10 7 3
split_gain=22.9622 10.1173 9.45754 6.5457 6.10578 5.29358 5.05912 5.41823 4.55706 3.65747 4.67615 3.6414 3.55347 4.40704 3.49011 3.43133 4.56806 3.10763 3.26064 3.07446 3.30694 5.11252 5.22554 3.88561 4.12636 3.49573 3.22755 3.14237 2.77411 2.76167
threshold=0.10259045597910001 0.16196003635549805 0.17482696551698043 -0.43867369142464502 0.01805763357127645 1.0027193482768479 0.17532194309480845 3.7256208424938388 0.31749181592287107 1.4007313114642297 0.36966582190507286 305.74497835446545 0.92909596911751524 6.5123280105213839 1.0683644645261259 0.036057006757560031 0.1822690799688228 0.24194025245640041 0.6051968757028342 6.591330594862197 2.3502401828962087 5.7288153140666394 0.23153517959608208 0.25848541304703304 0.046354285329829402 0.085660288548143823 0.38475777239319814 2.2728075337953229 0.44815837551146664 0.026132882376827621
decision_type=2 10 2 10 10 2 2 10 2 8 10 10 10 10 10 10 10 10 2 8 10 10 2 2 2 2 2 10 10 2
left_child=1 3 -2 -1 8 12 7 9 11 10 17 -4 -5 -14 -7 -16 -17 -3 -19 27 21 -21 23 26 -25 -24 29 -6 -22 -23
right_child=2 6 4 5 19 14 -8 -9 -10 -11 -12 -13 13 -15 15 16 -18 18 -20 20 28 22 25 24 -26 -27 -28 -29 -30 -31
leaf_value=-0.0087028169692232558 0.00099078627939570298 -0.00063981408218963189 -0.00040915021619508451 0.00023063060968373392 -2.1172682758781793e-05 8.7415905556005537e-05 -0.00063240414194680537 -0.0055564149846062151 0.0015079290037898201 0.0022505349722331397 -0.01432163580963319 -0.0046091582214783057 -7.493231028924549e-05 -0.0036326055985941201 0.00036507397619660147 -0.0022695366139612507 8.0854560820842899e-05 -0.0028966351788019627 0.0017584324844075463 0.0011830298968070663 0.0011247272812371666 -0.0020434648586628301 -0.0013088353270502755 -0.0030839309603501773 -0.0015431570862185684 0.0014830876942171333 -0.0034103729041666708 -0.0036335891691695638 -0.0045901445018677834 0.00043046089998288419
leaf_weight=45 2488 299 2679 5443 638 733 723 45 1065 73 40 43 111 46 201 611 225 565 59 2214 10164 41 54 40 126 507 40 44 49 293
leaf_count=45 2488 299 2679 5443 638 733 723 45 1065 73 40 43 111 46 201 611 225 565 59 2214 10164 41 54 40 126 507 40 44 49 293
internal_value=0.000621512 -0.0006218 0.00118105 -0.000131472 0.000941271 -6.10499e-05 -0.00263601 -0.00393438 -0.000129092 -0.00348312 -0.00397407 -0.000780022 0.000391002 -0.0040443 -0.00149068 -0.00260983 -0.0034552 -0.00352922 -0.0047328 0.00122651 0.0013256 0.000502111 -0.00116788 -0.00327172 -0.00707784 0.000859431 -0.001568 -0.000737921 0.00159281 -0.000591045
internal_weight=29704 9219 20485 7415 17997 7370 1804 1081 3787 1036 963 2722 5600 157 1770 1037 836 923 624 14210 13528 3315 1101 540 166 561 374 682 10213 334
internal_count=29704 9219 20485 7415 17997 7370 1804 1081 3787 1036 963 2722 5600 157 1770 1037 836 923 624 14210 13528 3315 1101 540 166 561 374 682 10213 334
is_linear=0
shrinkage=0.03


Tree=43
num_leaves=31
num_cat=0
split_feature=12 7 20 17 13 2 14 9 12 8 9 9 4 8 12 11 2 17 6 20 14 20 4 17 11 9 9 4 6 17
split_gain=23.4405 9.67622 7.54294 6.51423 4.61538 5.73043 4.76885 4.56113 4.47459 4.11997 4.02251 4.1037 4.34095 7.14776 4.34782 3.91564 5.34688 3.68475 4.79083 3.42232 3.40642 4.12674 4.54432 10.0503 5.08023 3.29673 3.28543 3.20937 3.12225 3.75586
threshold=0.1551424685005012 0.16196003635549805 0.25358244218602016 -0.43867369142464502 0.039148016386892422 4.0823256909868091 0.073407733499605096 0.0025046752417442089 -0.15746173708337705 21.667500660749791 0.080302413646144669 0.0055351307189542504 281.46999805843689 1.9443953781353305 0.035759141183245198 9.6369470793051697 6.3346831622754136 0.64581329223851625 -0.10771635758440314 0.97076170586345212 0.066731164928892875 0.52064717825157347 1370.99888535279 0.38708489700941795 9.957383706263089 0.19243080472369398 0.075001911052114068 923.3373347017972 0.58701934179549686 0.11394786144707957
decision_type=2 10 2 10 2 10 2 8 2 10 8 10 8 10 2 2 10 10 2 2 2 2 8 10 2 10 10 8 2 10
left_child=1 3 -2 -1 6 8 -5 20 27 19 11 17 13 -13 -15 16 -9 -3 -19 -10 21 -4 -23 24 -24 -12 -7 -6 29 -14
right_child=2 10 7 4 5 26 -8 15 9 -11 25 12 28 14 -16 -17 -18 18 -20 -21 -22 22 23 -25 -26 -27 -28 -29 -30 -31
leaf_value=-0.0062602776144375216 0.00096106269101383192 0.0015086485940475189 0.00088845293607699757 0.00030766133715150835 -0.018746160417550742 0.00010444847602668954 -0.00048566569725865352 0.00050272597553170238 0.00095029860312731017 -0.00048636403033391299 0.00029191722472364978 0.0011458584665914998 -0.00049773952316856953 -0.017546157284389519 -0.0065608536752961655 0.0013449119537815894 -0.0069420579557887422 -0.0076897620742228624 0.0013983431551295197 -0.00019901524061733869 0.00071491405399244938 -0.00081424460342456606 -0.0016923365501292228 -0.0038362608828389618 0.00029429073298297873 -0.010334267018243505 -0.0013758274925463202 -0.0013885803757371078 -0.00060663299917270385 -0.0024192805893855918
leaf_weight=70 3198 265 111 1223 47 388 2658 4300 4567 542 829 41 318 41 47 7029 40 53 59 969 376 101 58 40 62 48 439 61 895 768
leaf_count=70 3198 265 111 1223 47 388 2658 4300 4567 542 829 41 318 41 47 7029 40 53 59 969 376 101 58 40 62 48 439 61 895 768
internal_value=0.000624713 -0.00024747 0.00144065 0.000184405 0.000243415 0.000702737 -0.000586553 0.00109845 0.00101632 0.0011242 -0.00165468 -0.0022705 -0.00278541 -0.0081 -0.0128764 0.00124776 0.000539046 0.000611111 -0.0039292 0.00136861 -0.00116956 -0.00320107 -0.00525572 -0.00838509 -0.00396694 9.22552e-05 -0.0016413 -0.00500917 -0.00243542 -0.0035161
internal_weight=29643 14328 15315 10964 10894 7013 3881 12117 6186 6078 3364 2487 2110 129 88 11369 4340 377 112 5536 748 372 261 160 120 877 827 108 1981 1086
internal_count=29643 14328 15315 10964 10894 7013 3881 12117 6186 6078 3364 2487 2110 129 88 11369 4340 377 112 5536 748 372 261 160 120 877 827 108 1981 1086
is_linear=0
shrinkage=0.03


Tree=44
num_leaves=31
num_cat=0
split_feature=0 0 17 3 17 11 8 8 7 14 14 3 11 6 14 0 11 5 11 16 8 0 7 11 8 14 14 16 8 14
split_gain=19.4452 13.5838 7.10589 6.78174 6.04084 5.98264 9.59842 5.31372 5.26761 4.57853 4.22135 4.07851 3.89749 3.59847 3.55453 6.6051 6.59448 4.18054 3.58907 5.89554 3.61737 3.3177 6.6464 6.64358 2.99337 2.86438 3.95958 2.93055 2.86264 2.8557
threshold=1.0240570041146959 3.9443663401003817 -0.43867369142464502 0.10653310688301258 0.71259416527479058 7.9396934185121451 15.174598430824046 1.1914430475398323 0.073053951854863144 0.17216792383753302 0.12501922485389114 0.11560085967260787 9.9679401300085129 0.69375425261013512 0.57282565962156495 1.3252198242618103 10.601361045763651 0.72741841491841497 10.08597576124164 0.081730939032740244 1.4676085010201485 1.4007313114642297 0.13312410547389344 11.063045979925278 1.2304545082850691 0.29607588779066524 0.16135947613363874 0.06962151225497068 2.3266411702237009 0.4481291563988391
decision_type=8 8 8 2 10 2 10 10 10 2 2 2 2 2 2 10 2 10 2 8 10 10 10 2 10 2 2 10 10 2
left_child=2 3 -1 5 -4 6 -2 -6 -9 10 -10 -11 13 29 -14 16 18 -18 -16 -20 -21 22 25 -24 -23 26 -7 -28 -26 -5
right_child=1 -3 4 12 7 21 -8 8 9 11 -12 -13 14 -15 15 -17 17 -19 19 20 -22 24 23 -25 28 -27 27 -29 -30 -31
leaf_value=-0.013435015603494534 9.4797455410082929e-05 0.00093223081028341701 -0.0004391840645147384 -0.00041443881944827518 0.00083317227535019878 0.0016887966186820162 -0.0053743771121580698 -0.0090999796084595391 -0.0073579573395980598 -0.0063690794320302889 -0.0059354012826754758 0.00089820719259720613 0.00087068961371549304 0.00058684730413190297 -0.00011345361615786232 0.0012018281826298811 0.0010315610284679919 -0.0026511031187365195 -0.0038682531040970703 -0.00027002905402489434 -0.0014429622860915364 -0.0015658150616044404 -0.0011042517340689054 -0.0026214195170494179 0.0014531054694408903 0.00083173807786274582 0.00030683227903374689 -0.0015705973244585995 5.0195491612442551e-05 0.00091645478760420422
leaf_weight=45 159 3227 2515 2707 134 121 103 42 74 45 40 113 7613 5015 59 610 260 49 42 66 40 53 1111 55 1064 721 72 102 2622 716
leaf_count=45 159 3227 2515 2707 134 121 103 42 74 45 40 113 7613 5015 59 610 260 49 42 66 40 53 1111 55 1064 721 72 102 2622 716
internal_value=0.000618834 0.000877501 -0.001667 0.000625401 -0.00148482 -0.000226552 -0.00465399 -0.00469042 -0.00681905 -0.00525275 -0.0098087 -0.00192453 0.000932064 0.000472094 0.00137609 -0.000196983 -0.00269246 8.70969e-05 -0.00682212 -0.00930201 -0.00543925 -2.98884e-05 -0.00095923 -0.00250386 0.000512567 0.000814159 -0.0016723 -0.00456 0.000615134 -0.000277745
internal_weight=29595 26587 3008 23360 2963 6183 262 448 314 272 114 158 17177 8438 8739 1126 516 309 207 148 106 5921 2182 1166 3739 1016 295 174 3686 3423
internal_count=29595 26587 3008 23360 2963 6183 262 448 314 272 114 158 17177 8438 8739 1126 516 309 207 148 106 5921 2182 1166 3739 1016 295 174 3686 3423
is_linear=0
shrinkage=0.03


Tree=45
num_leaves=31
num_cat=0
split_feature=12 0 8 20 3 16 9 12 4 16 7 17 16 11 12 14 7 11 8 11 11 4 8 7 14 9 6 12 11 9
split_gain=22.9139 9.86337 8.79391 7.60932 5.17974 5.11957 4.73228 4.71329 4.3258 5.82794 4.1112 3.95936 5.87566 7.36003 3.74603 3.06513 3.78187 2.76398 3.06194 3.15597 2.73526 2.6098 2.45031 6.96942 3.37016 3.64236 2.4282 2.72607 2.92148 2.4977
threshold=0.1551424685005012 0.70579746621234041 5.7288153140666394 0.25358244218602016 0.13626225458675495 -0.29754298369186521 0.022091451902066083 0.043743695664376421 281.46999805843689 0.17568636984123812 0.36100270742385204 0.59465101683448363 0.10566304798289371 10.159698305869727 0.34066920781842175 0.18455293740530895 0.18390461862491325 8.9986311906517731 6.1273128432923505 7.9396934185121451 7.6520706332757618 139.5168747391636 1.2133969308460666 0.056426549631133728 0.58707432924496128 0.048318937975179867 -0.43535593420597346 0.075478801335557413 9.8257151819964985 0.084756564789750258
decision_type=2 8 10 2 2 10 10 2 8 10 10 10 10 2 2 2 10 2 10 2 2 8 10 10 2 8 2 2 2 10
left_child=1 21 5 -2 10 -3 14 11 9 -6 26 -7 13 -13 15 16 -5 18 -8 -20 -9 -1 24 -24 -22 -26 27 28 -4 -28
right_child=3 2 4 6 8 7 17 20 -10 -11 -12 12 -14 -15 -16 -17 -18 -19 19 -21 22 -23 23 -25 25 -27 29 -29 -30 -31
leaf_value=-0.030938369585411477 0.00090426388597491451 -0.0079437612488324396 -0.0023756681477248376 0.0011898921651206816 -0.0039362319529067684 -0.00013667575403897181 0.00098761508060949809 -0.0010289284777713287 6.2027421199044644e-05 0.0014979652002000757 -0.0094471655079643481 -0.0048860506024948043 -0.0010192763535269861 -0.0010248957036830908 0.0020545598672341565 0.00049164086648784827 -0.0012372981943545665 0.001384037705701285 -0.0027266523681511719 -0.00029281675939086535 0.00081466627542359465 -0.0070165099557286713 -0.0046304695424764309 0.00019458861220443435 -0.0022559253409564061 -2.3557428969919185e-05 -0.0019035611809432075 -0.0018975632508793645 -0.0071684987923581901 -2.9745196256409762e-05
leaf_weight=41 3181 76 58 363 45 3040 908 276 1025 41 49 50 411 45 743 1236 1049 7224 95 494 2660 77 81 4604 45 233 664 197 50 401
leaf_count=41 3181 76 58 363 45 3040 908 276 1025 41 49 50 411 45 743 1236 1049 7224 95 494 2660 77 81 4604 45 233 664 197 50 401
internal_value=0.000595866 -0.000273324 -0.00020047 0.00140114 -0.00180166 0.000151276 0.00105804 0.000203128 -0.000267086 -0.00668965 -0.00300211 -0.000705385 -0.00315976 -0.00984375 0.000107017 -0.000421291 -0.0013758 0.00142777 0.000254339 -0.00142881 0.000611013 -0.00887395 0.00071734 0.000291293 0.00139639 -0.00174194 -0.00269147 -0.00504902 -0.00886239 -0.00201219
internal_weight=29462 14169 14051 15293 2530 11521 12112 11445 1111 86 1419 3546 506 95 3391 2648 1412 8721 1497 589 7899 118 7623 4685 2938 278 1370 305 108 1065
internal_count=29462 14169 14051 15293 2530 11521 12112 11445 1111 86 1419 3546 506 95 3391 2648 1412 8721 1497 589 7899 118 7623 4685 2938 278 1370 305 108 1065
is_linear=0
shrinkage=0.03


Tree=46
num_leaves=31
num_cat=0
split_feature=12 0 17 8 20 2 8 13 16 8 7 14 17 6 6 14 15 0 5 8 5 1 12 15 12 16 15 7 1 15
split_gain=20.6283 9.33224 9.89218 7.54183 6.37581 5.13408 5.1631 5.04766 4.65752 3.98776 6.88998 4.4357 3.93528 3.66279 3.25736 3.25566 3.03396 2.89031 3.49885 2.67863 3.47334 2.49634 2.47201 2.48285 2.39819 2.73469 2.38675 2.3848 3.243 2.32259
threshold=0.17765914080033432 0.96478991205569009 -0.34220144979340755 1.4676085010201485 0.17482696551698043 4.1778487791830718 1.2075477327336002 0.035322458591807424 -0.14003269448916286 1.1914430475398323 0.057905053573447739 0.22519671308559638 1.4850325121970982 0.57600140497275187 0.23126902779613245 0.073407733499605096 2.249904835165133 1.2377531541453881 0.84785353535353547 22.321054984331955 0.56711711711711721 0.29434564523483814 0.10259045597910001 3.2384861814448418 0.082768146757525876 0.23477402401637085 2.1383330595080281 0.23336468421502746 0.15821566110397953 2.3502401828962087
decision_type=2 8 8 8 2 10 8 2 10 10 10 2 10 2 2 2 10 10 10 10 8 10 2 10 2 10 8 10 10 10
left_child=1 2 -1 5 -2 7 -7 15 -9 -4 -11 16 13 19 -6 -3 -12 18 -8 20 -5 -22 23 -17 25 27 -13 28 -21 -15
right_child=4 3 9 12 14 6 17 8 -10 10 11 26 -14 29 -16 22 -18 -19 -20 24 21 -23 -24 -25 -26 -27 -28 -29 -30 -31
leaf_value=-0.012940595419227079 0.00087713596939566706 0.000500217687545768 -0.00025388465860489833 -0.0022046800375605915 3.4931676945748963e-05 0.00048635781099941192 -0.00089045952252666323 -0.002603170549186629 0.00081759930522545322 -0.0066948962994116245 -0.0021557331603832383 -0.0094300273852912751 -0.00196278619277935 -0.00074061287908804441 0.0011824329322788424 -0.00029794189670264288 -0.0040478782667758059 -0.00064647495420534589 -0.0044891980099175154 -0.00020117746306217845 -0.00017846887237789642 -0.0013736009870903552 0.00019252423154833857 -0.0015661359187465502 -0.00095002317821749635 0.00037690247367873342 0.00065257319085553162 -0.0089394257645745677 -0.0024153300080951815 0.00047287763261813216
leaf_weight=40 2476 990 888 41 1942 252 58 41 5056 52 141 53 296 583 8840 1081 161 189 41 89 1910 64 1096 307 565 57 255 56 76 1975
leaf_count=40 2476 990 888 41 1942 252 58 41 5056 52 141 53 296 583 8840 1081 161 189 41 89 1910 64 1096 307 565 57 255 56 76 1975
internal_value=0.0006128 -9.81478e-05 -0.00228158 0.000136198 0.00149287 0.000671971 -0.00216266 0.000850793 0.00145175 -0.00189555 -0.00365611 -0.00274959 -0.000718362 -0.000533875 0.00117741 -3.1079e-05 -0.00532673 -0.00489965 -0.00903 -0.00127177 -0.000677083 -0.00049519 -0.000610865 -0.0014514 -0.00269076 -0.00496774 -0.000213592 -0.00647297 -0.00460843 0.000290739
internal_weight=29671 16413 1590 14823 13258 9111 540 8571 5097 1550 662 610 5712 5416 10782 3474 302 288 99 2858 2015 1974 2484 1388 843 278 308 221 165 2558
internal_count=29671 16413 1590 14823 13258 9111 540 8571 5097 1550 662 610 5712 5416 10782 3474 302 288 99 2858 2015 1974 2484 1388 843 278 308 221 165 2558
is_linear=0
shrinkage=0.03


Tree=47
num_leaves=31
num_cat=0
split_feature=12 20 7 20 17 11 14 16 2 1 5 15 15 3 4 7 12 14 14 15 2 15 17 7 20 12 13 4 1 1
split_gain=21.5804 9.19958 6.47674 6.13717 6.06957 3.85626 5.16591 9.47646 3.46615 3.3089 4.03039 3.06477 2.97575 3.10477 3.08539 5.12389 2.52831 3.44777 2.88493 2.51008 3.22861 2.38944 6.08772 3.36155 3.35022 2.69691 2.34229 4.14726 3.57917 3.6668
threshold=0.1868210995661759 1.0382466374746684 0.16954296859386678 0.25358244218602016 -0.34220144979340755 9.987415011414571 0.63411359683437885 -0.0081726373535580352 4.74884839485048 0.3615900383141763 0.8975196916373388 2.602003343538398 2.8617925509761908 0.051422774946609122 900.4348879041687 0.25652364448872206 0.031339705401052249 0.18174998340314583 0.11022841259527735 3.6505739029280164 6.5617131183392248 3.3497501700808394 1.0906491078269227 0.22253582083822629 0.79941839386916957 0.14978297810926036 0.15097134249492397 804.03818953395023 1.0000000180025095e-35 0.1038074712643678
decision_type=2 2 8 2 8 2 2 10 10 8 8 8 10 2 10 10 2 2 2 8 10 10 10 10 2 2 2 8 8 10
left_child=1 2 5 -2 -3 26 8 -8 -7 10 -6 16 13 14 15 -5 17 18 -4 20 -10 -13 23 -23 25 -25 -1 -28 -29 -30
right_child=3 4 11 12 9 6 7 -9 19 -11 -12 21 -14 -15 -16 -17 -18 -19 -20 -21 -22 22 -24 24 -26 -27 27 28 29 -31
leaf_value=1.9800092842285682e-05 0.00085082189031379706 -0.011591335402855485 -0.0029421127875729814 -9.1322334696132386e-05 -0.004859982146840902 0.00063256228832219428 -0.0033959621162964549 -0.00031028113869480123 -0.0012121501337921101 0.00044134058100495251 -0.0015401575588714265 0.0002382580136631494 0.0013975123009304074 0.00073800404186985644 0.00028122564221712564 -0.0031154266251573999 -0.0011187014570701701 -0.0024819319420918487 -0.0061864447837021762 0.0012240356102522667 9.6675381028518624e-05 0.00056836968674760886 -0.0021220871510054294 -0.0072929715381273583 0.0015660401931046769 -0.0009691608573880045 0.0031888347760274716 -0.00082255663832281182 -0.0034388532531803959 -0.0029815812661913633
leaf_weight=4224 3136 41 42 98 46 5841 45 287 259 201 1314 1754 3406 5292 371 78 1555 87 40 195 259 401 64 53 82 69 80 91 48 65
leaf_count=4224 3136 41 42 98 46 5841 45 287 259 201 1314 1754 3406 5292 371 78 1555 87 40 195 259 401 64 53 82 69 80 91 48 65
internal_value=0.000611075 -7.82197e-05 0.000144962 0.00156542 -0.00224205 0.000514436 0.000960941 -0.00268468 0.001146 -0.0019379 -0.00246877 -0.000870058 0.00117618 0.000764897 -0.00138504 -0.00464407 -0.00183652 -0.00531176 -0.00968675 -0.000827731 -0.00191907 -0.000181931 -0.00170597 -0.000767327 -0.00389268 -0.00702439 -0.000167665 -0.0028 -0.00506341 -0.00860526
internal_weight=29524 17143 15541 12381 1602 11394 6886 332 6554 1561 1360 4147 9245 5839 547 176 1724 169 82 713 518 2423 669 605 204 122 4508 284 204 113
internal_count=29524 17143 15541 12381 1602 11394 6886 332 6554 1561 1360 4147 9245 5839 547 176 1724 169 82 713 518 2423 669 605 204 122 4508 284 204 113
is_linear=0
shrinkage=0.03


Tree=48
num_leaves=31
num_cat=0
split_feature=12 20 8 4 16 7 3 15 4 8 11 3 17 3 13 4 13 12 8 8 7 11 12 4 16 12 8 11 12 3
split_gain=22.4093 10.2441 9.41641 8.17233 8.02077 7.72336 5.53792 5.23791 5.18212 4.73142 6.15193 4.28954 4.24812 5.13937 5.00567 5.19447 4.19793 3.67049 3.39434 3.11326 2.92839 2.86115 2.63978 2.52449 3.26625 3.45477 2.55723 2.41531 2.36104 2.78291
threshold=0.095471879744685864 0.25358244218602016 1.2502491240955991 281.46999805843689 0.1611707516048427 0.057905053573447739 0.3567026876174455 1.7005986908310777 1031.8612449570489 5.7288153140666394 8.8742380644736638 0.017787848872588736 0.20839330386773638 0.12162171662128753 0.0018966012399310283 923.3373347017972 0.046269302996338364 0.18561838305338532 19.151368462309481 305.74497835446545 0.32600246255126958 9.0167556155394895 -0.20362260185047629 1849.8316342481955 0.11535097638281432 0.25183318273803496 2.1982524986150134 6.2499677885285188 0.27972910041820681 0.41424983509707008
decision_type=2 2 10 8 10 10 2 8 8 8 2 2 10 2 2 8 2 2 10 10 10 2 2 10 10 2 10 2 2 2
left_child=2 -2 6 4 18 -5 7 21 16 20 11 -11 -7 14 15 -14 -8 -12 -4 28 -3 27 -15 24 25 -22 -27 -1 29 -13
right_child=1 9 3 5 -6 12 8 -9 -10 10 17 19 13 22 -16 -17 -18 -19 -20 -21 23 -23 -24 -25 -26 26 -28 -29 -30 -31
leaf_value=-0.017487209410345258 0.00082529723360438324 0.00077844252302056095 -0.012781561312151767 -0.0057469742075904884 -0.0017207505830597936 -2.3759544414354307e-05 -0.0006837967979926846 0.00043408816759793744 0.00043476988248860926 -0.0026419136489737823 -0.00021018875970165308 -0.0011427066974171514 -0.0070343240895281703 -0.0062413572961263807 -0.0013471871493390079 -0.0040719548443552038 -0.005946902370314212 0.0011578938439447909 -0.0047910859725006491 -0.0031724418128520971 -0.0031826135509465474 7.2946752749609664e-05 -0.00040787401472928368 0.0014813249708959155 0.00015157819838530832 -0.0039248449478542675 0.0006826605475395034 -0.0086603940762743914 0.00096500188648179503 -0.0018781272284977646
leaf_weight=46 3165 11210 71 55 82 1346 733 3578 399 42 1803 731 55 46 589 171 40 2668 43 40 40 51 1108 337 343 90 87 41 395 73
leaf_count=46 3165 11210 71 55 82 1346 733 3578 399 42 1803 731 55 46 589 171 40 2668 43 40 40 51 1108 337 343 90 87 41 395 73
internal_value=0.00058903 0.00111353 -0.000715316 -0.0018873 -0.00782741 -0.0015396 0.000139906 0.000707022 -0.00165729 0.000834659 0.000126195 -0.00170593 -0.00135253 -0.0022401 -0.0040625 -0.00785022 -0.00308915 0.000651387 -0.0129391 -0.00138145 0.00117121 -0.00500719 -0.000950649 -0.000477728 -0.00171123 -0.00458257 -0.00274719 -0.00828409 -0.0011025 -0.00203478
internal_weight=29478 21024 8454 3566 196 3370 4888 3716 1172 17859 5752 1281 3315 1969 815 226 773 4471 114 1239 12107 138 1154 897 560 217 177 87 1199 804
internal_count=29478 21024 8454 3566 196 3370 4888 3716 1172 17859 5752 1281 3315 1969 815 226 773 4471 114 1239 12107 138 1154 897 560 217 177 87 1199 804
is_linear=0
shrinkage=0.03


Tree=49
num_leaves=31
num_cat=0
split_feature=12 0 8 11 13 12 15 12 9 0 7 14 6 15 12 15 20 14 7 8 14 16 7 17 6 13 14 11 11 9
split_gain=18.952 11.2455 7.65619 9.12461 4.61341 4.38748 4.35391 4.27372 4.50681 4.15797 4.12829 4.07824 4.03468 3.54163 3.34168 4.2617 3.22635 3.08361 3.01491 13.5749 4.96131 3.37961 2.97207 2.95781 2.70491 3.41097 2.66716 2.62894 6.02393 2.57443
threshold=0.27455182174567133 0.96478991205569009 10.252240042950637 7.9396934185121451 0.046791452049311628 -0.28788208383573272 0.89587973461402759 0.10259045597910001 0.024601456858929133 2.4092715261497113 0.32600246255126958 0.077051950493642052 0.22045294794057665 2.0126758453675748 -0.029922269965077849 2.8029010331479989 0.17482696551698043 0.38041736031061685 0.050844857964181082 1.1730512197646055 0.20566045637831751 0.1485063942364008 0.12973786448271815 0.14039748081560569 -0.73577709760925825 1.0000000180025095e-35 0.16871021642762477 9.066585461665527 9.1786948928089682 0.021632692478267219
decision_type=2 8 8 2 2 2 10 2 10 8 10 2 2 10 2 8 2 2 10 10 2 10 10 10 2 2 2 2 2 10
left_child=1 5 4 6 7 24 -4 11 -9 12 -10 -3 23 -12 29 -16 -2 27 19 -6 -21 -22 -19 -5 -1 -26 -8 -13 -29 -7
right_child=16 2 3 9 18 14 26 8 10 -11 13 17 -14 -15 15 -17 -18 22 -20 20 21 -23 -24 -25 25 -27 -28 28 -30 -31
leaf_value=-0.0098631777350396983 0.00080053831659625176 0.00038179505346400876 0.00017867162057888798 -9.6762410405914771e-05 0.001159767004533567 0.0007607511804590115 -0.004374827001567317 -0.00046825547452484129 0.00073664024372436273 0.00087222524559602682 0.0015303616427670623 -0.00050204266927916211 -8.2088175572474295e-06 -0.0023367098924025292 -0.006706177107543493 -0.0010109564922291653 0.001468381018259163 -0.00035170488790905248 0.00079705480289438623 -0.002374437833346137 -0.0035919582876235197 -0.0066903198800566501 0.0010652373252627164 -0.00162604876621749 0.0015160726784004001 -0.032670071013392553 -0.0028106314264024763 -0.0018767475172602284 -0.00096140597145194788 -0.0012461139991141097
leaf_weight=40 2189 901 91 482 681 283 193 1485 4612 650 54 423 2503 97 58 56 4473 670 6310 94 40 43 367 735 51 40 73 59 727 1082
leaf_count=40 2189 901 91 482 681 283 193 1485 4612 650 54 423 2503 97 58 56 4473 670 6310 94 40 43 367 735 51 40 73 59 727 1082
internal_value=0.000591821 0.000182088 0.000364943 -0.000699873 0.00066886 -0.00223464 -0.00530447 0.000231482 0.00068555 -0.000322581 0.00113539 -0.000669949 -0.000709487 -0.00373026 -0.00176554 -0.00667826 0.002 -0.0013538 0.00124201 -0.000426077 -0.00780337 -0.0131071 -0.000153179 -0.00212562 -0.00747727 -0.00453261 -0.00723595 -0.00238264 -0.00340788 -0.00135066
internal_weight=29562 22900 21290 4727 16563 1610 357 9395 6248 4370 4763 3147 3720 151 1479 114 6662 2246 7168 858 177 83 1037 1217 131 91 266 1209 786 1365
internal_count=29562 22900 21290 4727 16563 1610 357 9395 6248 4370 4763 3147 3720 151 1479 114 6662 2246 7168 858 177 83 1037 1217 131 91 266 1209 786 1365
is_linear=0
shrinkage=0.03


Tree=50
num_leaves=31
num_cat=0
split_feature=20 12 0 17 3 8 7 14 2 4 11 14 12 15 4 15 17 13 8 11 1 4 8 15 4 17 8 6 0 8
split_gain=17.0418 10.6529 6.63305 5.15056 5.11968 4.9687 8.10893 4.56799 3.75333 5.81313 3.58995 3.375 5.16366 3.30987 2.97838 3.4968 2.91918 3.03857 2.78695 2.71687 3.29115 2.71412 3.23967 3.92686 3.84668 3.771 2.67664 2.62493 2.35587 3.35037
threshold=0.26424864760900801 0.043743695664376421 0.70579746621234041 0.58687313483119508 0.11196556927944801 1.1848716360065921 0.065867835653675752 0.34481896604462137 6.0709027408459493 2029.5184822272465 9.9679401300085129 0.68027517933753268 0.12960270510696417 2.0126758453675748 123.28416653708453 1.8688348091416842 1.0379166167518183 0.14789153725231555 305.74497835446545 9.4090272694147483 0.048930121203052575 962.05298022307113 56.026919910946361 1.8688348091416842 721.29222227148978 1.3959007247638684 2.4590190092219264 -0.5450083126784383 1.4433444304265215 1.3075595956890897
decision_type=2 2 10 10 2 10 10 2 10 8 2 2 2 8 8 10 8 2 10 2 8 10 10 10 10 10 10 2 10 10
left_child=-1 2 13 -4 7 -5 -7 8 21 26 14 -12 -13 -2 15 -6 17 18 -16 -19 -21 22 24 -24 -3 -26 -10 -8 -23 -30
right_child=1 4 3 5 10 6 27 -9 9 -11 11 12 -14 -15 16 -17 -18 19 -20 20 -22 28 23 -25 25 -27 -28 -29 29 -31
leaf_value=0.0007765221670983642 -0.028044850624497103 0.00020569207759599248 -0.00014945883398074608 0.00050041091539195751 0.0015449584274835847 -0.0059512712485687187 -0.0029195600441741039 0.00056180579708656338 -0.0056277715462412338 0.00024889701860111922 0.00086965558780482174 -0.0028771030164194936 0.00023584479218678983 -0.003979877800533058 0.00022951110785042968 -0.0045223204917273991 0.0016429497888406763 0.0024792644717980825 -0.0022165981945877649 -0.0025220283922565011 -0.0034240639631006862 -0.00073143808779896433 -0.0045919834561121186 -0.0013425816477014023 -0.00093714693258510856 -0.0051111932645685728 -0.0022030622314974878 -0.00170471463557273 -0.0016767667983389467 0.00063999718817381443
leaf_weight=3343 54 629 3471 231 51 49 57 1780 45 92 7533 70 197 62 6355 45 1081 42 49 66 63 1029 68 116 332 45 53 390 41 2114
leaf_count=3343 54 629 3471 231 51 49 57 1780 45 92 7533 70 197 62 6355 45 1081 42 49 66 63 1029 68 116 332 45 53 390 41 2114
internal_value=0.000614435 0.000357102 -0.00100533 -0.000808764 0.000625565 -0.00310302 -0.00479276 -9.26713e-05 -0.0005954 -0.00471204 0.000918537 0.0013729 -0.00193657 -0.00805128 0.000461241 -0.00476289 0.000527361 0.00028969 0.000395316 -0.00364535 -0.00579231 -0.000415543 -0.00163728 -0.00528649 -0.000965243 -0.00335714 -0.00975758 -0.00350223 4.14444e-05 0.000605288
internal_weight=29553 26210 4314 4198 21896 727 496 6344 4564 190 15552 7800 267 116 7752 96 7656 6575 6404 171 129 4374 1190 184 1006 377 98 447 3184 2155
internal_count=29553 26210 4314 4198 21896 727 496 6344 4564 190 15552 7800 267 116 7752 96 7656 6575 6404 171 129 4374 1190 184 1006 377 98 447 3184 2155
is_linear=0
shrinkage=0.03


Tree=51
num_leaves=31
num_cat=0
split_feature=12 8 20 0 11 3 13 17 9 13 17 3 15 9 17 6 14 14 8 8 0 11 1 1 17 8 11 0 8 3
split_gain=19.4448 8.46941 8.43895 6.26504 4.5569 4.78985 4.19347 4.69988 5.33782 7.4018 3.64805 3.60115 3.49544 4.27598 3.28306 3.20621 3.15198 4.21156 3.92321 5.29182 3.07204 4.81336 5.83606 3.94776 4.73137 2.90876 3.42985 2.89851 2.7755 2.77044
threshold=0.1868210995661759 12.287720259691678 1.2180055060750263 3.9443663401003817 7.4386775612200848 0.17532194309480845 0.042395736131044519 0.4539655878723769 0.11693184134323584 0.13388151399168949 -0.084151091116630231 0.070122692221979491 3.5114340430413216 0.054235805098685426 -0.43867369142464502 0.68271265468435249 0.12738138777428473 0.25136488416346719 1.2534388933884364 1.3163581154159154 1.2978347075943824 11.418059671882833 0.079156223893066049 0.33971423337607626 0.045382253189301079 1.8678653443558424 8.014831632406624 1.7884722702726024 14.934267760433713 0.12979818395126766
decision_type=2 10 2 8 2 2 2 10 10 2 10 2 10 10 8 2 2 2 10 10 8 2 10 10 10 10 2 10 10 2
left_child=1 2 6 15 5 -3 16 14 -9 -10 -4 12 13 27 -8 25 -1 18 -18 -20 21 23 -23 -19 -25 -2 -27 -6 -13 -12
right_child=3 4 10 -5 11 -7 7 8 9 -11 29 28 -14 -15 -16 -17 17 20 19 -21 -22 22 -24 24 -26 26 -28 -29 -30 -31
leaf_value=0.00029305858043148273 0.0010602011268941651 -0.0098382294916345963 -0.011221195877409273 0.00075322650208541325 -0.0038431056735435446 -0.0010084205410836183 -0.0030964904313529416 0.00011847514548930461 -0.0013923127035711444 -0.0053092276907354824 0.001009191925981456 -0.0010452161208891046 -0.0025220105316174054 0.0005297878502173865 0.00072802692545660772 0.0011957998809123257 0.00021871558918098701 -2.5421560172108921e-05 -0.0018412232400666349 -0.00099787153474247751 0.0011178588607616987 -0.0028989475248043053 0.00017081430288077947 -0.003818594533825429 -0.00018849814529628138 -0.0028587065483011678 2.08128498992708e-05 4.4895904594328144e-05 -3.6421887157290876e-05 -0.0054144737431870652
leaf_weight=2372 994 58 40 3170 314 70 81 1000 138 93 96 306 56 271 5636 6265 293 2369 155 737 777 47 46 43 84 181 1849 90 1803 145
leaf_count=2372 994 58 40 3170 314 70 81 1000 138 93 96 306 56 271 5636 6265 293 2369 155 737 777 47 46 43 84 181 1849 90 1803 145
internal_value=0.000605375 -5.08147e-05 0.000254787 0.00150698 -0.00150758 -0.00702326 0.000359213 0.000879839 -0.000801136 -0.00490086 -0.00488298 -0.0012566 -0.00306967 -0.00246302 0.00124187 0.00111378 -0.000163345 -0.000625439 -0.00216273 -0.00315118 -8.3754e-05 -0.000580309 -0.00724468 -0.000329195 -0.00546094 0.000311405 -0.000339734 -0.00441481 -0.000627014 -0.00345868
internal_weight=29579 17120 14152 12459 2968 128 13871 6948 1231 231 281 2840 731 675 5717 9289 6923 4551 1185 892 3366 2589 93 2496 127 3024 2030 404 2109 241
internal_count=29579 17120 14152 12459 2968 128 13871 6948 1231 231 281 2840 731 675 5717 9289 6923 4551 1185 892 3366 2589 93 2496 127 3024 2030 404 2109 241
is_linear=0
shrinkage=0.03


Tree=52
num_leaves=31
num_cat=0
split_feature=12 12 1 11 5 5 0 0 6 14 11 3 14 16 0 9 13 12 6 13 1 14 14 14 16 3 2 6 9 4
split_gain=16.9379 8.67653 4.2983 4.20161 4.89782 3.93969 3.82298 3.5388 3.32058 3.29682 3.18172 3.30612 3.1558 2.65634 2.94295 2.73822 3.81457 5.89904 4.10948 2.71526 4.84382 3.17278 2.39043 2.29303 2.37477 2.88962 2.27651 2.27201 2.2458 3.3756
threshold=0.26526622463571142 0.0075615158549831038 0.43798076923076928 9.987415011414571 0.14038123167155428 0.76127883310719147 0.70579746621234041 5.7232159068786723 0.52240010682363192 0.44373799796342267 11.238916155784842 0.50541988633251311 0.3016847105438733 -0.29754298369186521 1.3767460276685526 0.015607635932383889 0.035874103367187875 0.1551424685005012 1.0668178337594316 0.19684568227386354 0.07561463693539168 0.30695563705801032 0.019403094436796411 0.060220462704673579 -0.032801778967852045 0.13713504310810154 6.52353209705596 1.1794581534011452 0.0025046752417442089 2048.6484672301158
decision_type=2 2 8 2 10 8 8 8 2 2 2 2 2 10 10 8 2 2 2 2 10 2 2 2 10 2 8 2 8 8
left_child=1 2 5 4 8 -1 -7 28 9 23 11 22 26 14 -5 16 17 18 -15 -17 -21 27 -8 -3 25 -25 -6 -22 29 -2
right_child=7 3 -4 13 12 6 10 -9 -10 -11 -12 -13 -14 15 -16 19 -18 -19 -20 20 21 -23 -24 24 -26 -27 -28 -29 -30 -31
leaf_value=-0.0096527045245666156 0.0015104309815080045 0.00073145268962997525 0.00090306083772668697 -0.0026698026912281752 -0.0017164522082785 -0.013908273066343313 -0.00057859367538147782 0.00073062970702285086 0.00028368052036870003 0.00054406688707114848 -0.0028560596219538987 -0.0030582586156170503 -0.0002428287193676197 -0.0026086261236029939 0.00028798267152882983 0.00057702464731524392 0.0010162695985975565 1.9918300946634317e-05 -0.0021559276933493122 0.00050490149031063778 -0.0015792105428196371 -0.0021134632715431598 -0.00062924286959460684 -0.0037132933772064773 -0.00055476063561664022 -0.00021517718885000117 -0.0064756405349914959 0.0020370906766844672 0.0016602248029728693 -0.0010911539683309439
leaf_weight=43 337 539 219 40 62 97 78 2209 4999 737 54 43 79 148 50 9317 330 356 49 234 77 40 2043 128 2487 97 40 60 4367 253
leaf_count=43 337 539 219 40 62 97 78 2209 4999 737 54 43 79 148 50 9317 330 356 49 234 77 40 2043 128 2487 97 40 60 4367 253
internal_value=0.000608044 0.000202611 -0.00143483 0.000415048 -5.62765e-05 -0.00180839 -0.0016386 0.00187777 4.239e-05 -0.000603159 -0.0013817 -0.0012 -0.00492857 0.000818819 -0.00428571 0.000862514 -0.000736425 -0.00225812 -0.00640909 0.00100771 -0.00137621 -0.00510674 -0.00103063 -0.00101384 -0.00136896 -0.00431416 -0.00838835 -0.0028913 0.00143223 -0.000304568
internal_weight=29612 22446 2577 19869 9168 2358 2315 7166 8987 3988 2218 2164 181 10701 90 10611 883 553 197 9728 411 177 2121 3251 2712 225 102 137 4957 590
internal_count=29612 22446 2577 19869 9168 2358 2315 7166 8987 3988 2218 2164 181 10701 90 10611 883 553 197 9728 411 177 2121 3251 2712 225 102 137 4957 590
is_linear=0
shrinkage=0.03


Tree=53
num_leaves=31
num_cat=0
split_feature=12 0 17 13 17 9 12 17 15 0 6 7 10 7 3 4 12 16 4 8 17 4 3 10 8 6 17 1 1 7
split_gain=17.6399 8.16196 7.83012 5.87135 5.1607 4.94335 5.70683 4.28978 5.1243 3.50812 3.21798 3.14167 3.12088 3.09807 3.47946 3.59398 3.26604 3.1952 2.99371 2.97665 2.83003 2.70115 2.67603 2.60283 2.56234 2.69326 2.33265 4.98857 3.63565 3.54157
threshold=0.26526622463571142 0.96478991205569009 -0.34220144979340755 0.049463911496686781 0.69322481428419114 0.017863256567631682 0.10259045597910001 0.56390773829485596 2.249904835165133 5.7232159068786723 0.064003632043448763 0.41780968291838022 0.68946523278107541 0.1423142283096204 0.17908553763234222 12866.871813549369 0.11798162824369475 -0.14003269448916286 1106.5087488292536 1.1566433086171686 1.5843898560536684 392.76683326766846 0.1526232844055547 2.4100884503806426 1.2968814948950051 1.0000000180025095e-35 1.016278417560202 1.0000000180025095e-35 0.12444690265486726 0.16954296859386678
decision_type=2 8 8 2 10 10 2 10 10 8 2 10 10 10 2 8 2 10 10 10 10 8 2 10 10 2 10 8 8 10
left_child=1 2 -1 5 -4 7 21 -3 -9 -2 18 20 -6 14 17 23 26 -5 -10 -14 -8 -7 -23 -16 -21 -26 28 -28 -15 -30
right_child=9 3 4 13 12 6 11 8 10 -11 -12 -13 19 16 15 -17 -18 -19 -20 24 -22 22 -24 -25 25 -27 27 -29 29 -31
leaf_value=-0.0095742379500563819 0.0012364586831159999 -0.00029059283657209962 -0.00046455079297581114 -0.0023789046200895997 8.2600299425822328e-05 -0.00066579357989569681 0.00050556910635486435 -0.00065577022183747977 -0.0034457182753753011 0.00070871081581216531 -0.0020473962462837329 -0.0045648874502935977 0.00087818946551784631 0.00022681535135284233 0.00034411320940727017 -0.0039223576001923268 0.00054337561764451292 0.0009750083176893248 -0.0028846297256064466 -0.016034747757086607 -0.00096647801438017001 -0.00077998171352991626 4.0677480923543973e-05 -0.0035837229561758873 -0.0051407055551596298 -0.0015206497422323335 -0.002573304172914992 0.00055799974794973773 -0.0010033437077215468 -0.0023908928228378958
leaf_weight=42 4956 1324 1266 58 75 242 6028 416 42 2229 316 43 43 629 1465 45 2224 4293 77 47 317 930 1817 79 56 75 58 54 276 75
leaf_count=42 4956 1324 1266 58 75 242 6028 416 42 2229 316 43 43 629 1465 45 2224 4293 77 47 317 930 1817 79 56 75 58 54 276 75
internal_value=0.000595682 0.000180967 -0.00188037 0.000339949 -0.00153167 -0.00011114 0.00018778 -0.00139936 -0.00305986 0.00188909 -0.00533257 0.000694005 -0.00509091 0.000902884 0.00131291 0.000111321 0.000168224 0.00175161 -0.009525 -0.00687838 0.000749291 -0.00089398 -0.000625546 0.000357282 -0.00858101 -0.00634091 -0.00117475 -0.00525664 -0.000703364 -0.00314489
internal_weight=29597 22412 1604 20808 1562 11552 9377 2175 851 7185 435 6388 296 9256 5940 1589 3316 4351 119 221 6345 2989 2747 1544 178 131 1092 112 980 351
internal_count=29597 22412 1604 20808 1562 11552 9377 2175 851 7185 435 6388 296 9256 5940 1589 3316 4351 119 221 6345 2989 2747 1544 178 131 1092 112 980 351
is_linear=0
shrinkage=0.03


Tree=54
num_leaves=31
num_cat=0
split_feature=20 12 8 4 16 17 3 5 3 4 4 13 4 17 14 8 16 13 17 10 3 6 16 1 8 10 17 16 16 6
split_gain=16.977 8.7421 8.17736 7.53227 8.61605 4.93378 4.61275 4.15129 4.08816 3.56092 3.54097 3.6268 3.53471 4.2237 3.41325 3.37738 3.06262 2.94689 2.86054 2.66839 2.62963 2.98062 2.59371 3.45642 3.80726 4.42458 2.47137 2.79624 2.24641 2.21185
threshold=0.25358244218602016 0.095471879744685864 1.2502491240955991 295.33933005964963 0.1611707516048427 -0.28876727357372312 0.10477913493765122 0.93351749539594853 0.36074935571588113 4700.9414199288212 1213.1780511929885 0.046791452049311628 969.53003860279034 1.7201381195487364 0.18174998340314583 2.0113967541909861 -0.2187637777417594 0.19684568227386354 1.3959007247638684 1.3547543050107318 0.12413332593168801 0.56479071146790261 0.14403339218900754 0.080229885057471265 2.3734102461343185 0.62158827440681719 0.14734571773001823 0.075768952491135064 0.098712698517728195 0.57600140497275187
decision_type=2 2 10 8 10 8 2 10 2 10 8 2 8 8 2 10 8 2 10 10 2 2 8 10 10 10 10 8 8 2
left_child=-1 2 5 4 15 -2 12 18 9 -7 11 -10 13 14 22 -4 -8 28 20 -15 21 26 23 24 -3 -26 -5 -28 -14 -30
right_child=1 6 3 7 -6 8 16 -9 10 -11 -12 -13 17 19 -16 -17 -18 -19 -20 -21 -22 -23 -24 -25 25 -27 27 -29 29 -31
leaf_value=0.00068744949133780033 -0.0056126104838185361 -0.0004818663838864103 -0.0012259332917026404 -0.00027971478598190502 -0.00024584615890523693 0.00041940597987717769 -0.0041688533137020888 -0.0028516037621150493 -0.00037652617540439529 -0.0069990924792963458 0.00074876218507352046 -0.005374546708657656 0.00083710438724066019 -0.0033489365369243828 0.00062965083347677527 -0.011279001261066384 0.00061740829974962807 -0.00089610562317683697 -0.001824410331983075 -0.0033512933094737062 -2.6621629299210017e-05 3.2382616348564345e-05 -4.2850082213092736e-05 0.00091258593331381831 -0.0054341971169157705 -0.0038978657328780412 -0.0034659440452002549 -0.0014861301086695185 -0.00061016705732939514 0.00048673277478689461
leaf_weight=3197 62 60 41 329 100 3662 46 63 834 51 259 41 1437 56 501 71 12993 89 188 43 1829 434 158 59 47 55 206 332 1166 1153
leaf_count=3197 62 60 41 329 100 3662 46 63 834 51 259 41 1437 56 501 71 12993 89 188 43 1829 434 158 59 47 55 206 332 1166 1153
internal_value=0.000587762 0.000337366 -0.000454428 -0.00154174 -0.00701408 0.000341548 0.00071423 -0.00119663 0.000449876 0.000931341 -0.00112599 -0.00203767 -7.83419e-05 -0.00168673 -0.00102157 -0.0126903 0.00100744 0.000331513 -0.00105032 -0.00753 -0.000833599 -0.00186406 -0.00316579 -0.00525676 -0.0075092 -0.0110097 -0.00287903 -0.00412987 0.000459942 -0.000117672
internal_weight=29562 26365 8502 3593 212 4909 17863 3381 4847 3713 1134 875 4824 979 880 112 13039 3845 3318 99 3130 1301 379 221 162 102 867 538 3756 2319
internal_count=29562 26365 8502 3593 212 4909 17863 3381 4847 3713 1134 875 4824 979 880 112 13039 3845 3318 99 3130 1301 379 221 162 102 867 538 3756 2319
is_linear=0
shrinkage=0.03


Tree=55
num_leaves=31
num_cat=0
split_feature=20 12 15 3 7 3 5 9 15 14 14 10 15 5 8 7 4 8 15 20 8 9 11 17 11 4 14 11 4 7
split_gain=17.0824 9.1182 7.20483 6.60782 5.28929 4.22665 4.36691 3.79483 3.4412 3.28494 4.09711 3.13493 3.37428 3.12207 3.3178 3.05173 2.90647 5.81658 3.23755 2.76788 3.89679 2.84482 9.5235 9.20665 3.67041 3.28627 3.06298 4.36521 4.96996 5.97086
threshold=0.25358244218602016 0.067483701145320665 1.7005986908310777 0.12162171662128753 0.13862339516616498 0.11289228751996115 0.29051012753188304 0.021239598319266993 2.8617925509761908 0.36265707174816203 0.3177464907872744 1.2418234995790771 3.7726948748059121 0.76127883310719147 14.163039307757309 0.16638951926295356 295.33933005964963 2.0113967541909861 3.5694334999727624 0.50042227561814967 1.4583149269589604 1.0000000180025095e-35 9.6594076059450664 0.29963439265987152 9.957383706263089 2340.7452137468604 0.18589582675654745 8.6200204971451395 1072.849096952541 0.26415336068304934
decision_type=2 2 8 2 10 2 8 8 10 2 2 10 10 10 10 10 8 10 10 2 8 10 2 10 2 8 2 2 10 10
left_child=-1 2 3 15 -4 6 -3 11 19 10 16 12 -8 -9 -15 -2 17 -6 -18 -7 -21 22 -22 24 -24 26 -23 -28 29 -29
right_child=1 5 4 -5 9 8 7 13 -10 -11 -12 -13 -14 14 -16 -17 18 -19 -20 20 21 25 23 -25 -26 -27 27 28 -30 -31
leaf_value=0.00066682600659766634 -0.0086283635127929782 -0.0017862936630130201 3.4921907992403108e-05 -0.0015136174800878207 0.0015191489506682829 0.0017010083825290624 -0.0010061433794387798 0.00043147606838370991 0.00083276395820062706 0.00021463557409860971 -0.0033619657275119788 0.00097758600573641689 -0.0019781246039496797 -3.9888396273897419e-05 -0.0015937244469354161 -0.014002835660512327 -0.00088657948991617769 -0.0038807078276491633 -0.0019485749388676319 0.00053898761623716481 0.000422072926292308 0.00032899919357267266 -0.0027193102293202676 -0.0038965388360725026 0.00041435715055359858 0.0012501089534591107 0.00077147858276967131 -0.0020862662204763514 -0.00079452309826125872 -0.002792124196206456
leaf_weight=3258 86 81 4260 181 40 1367 1127 4067 6628 344 56 435 60 142 80 41 835 58 51 2749 263 1151 41 46 46 787 379 241 589 78
leaf_count=3258 86 81 4260 181 40 1367 1127 4067 6628 344 56 435 60 142 80 41 835 58 51 2749 263 1151 41 46 46 787 379 241 589 78
internal_value=0.000582082 0.000328278 -0.000704519 -0.00516505 -0.00046023 0.000630268 -3.90454e-05 5.63262e-05 0.000909439 -0.00207076 -0.00291066 -0.0011793 -0.00197727 0.000523776 -0.00293274 -0.0103828 -0.00245482 -0.00733333 -0.00190755 0.000479581 0.000216607 -0.000429873 -0.0028262 -0.00933582 -0.00351136 -0.000134842 -0.000678967 -0.00168401 -0.00281188 -0.00582187
internal_weight=29567 26309 5952 308 5644 20357 5992 5911 14365 1384 1040 1622 1187 4289 222 127 984 98 886 7737 6370 3621 396 133 87 3225 2438 1287 908 319
internal_count=29567 26309 5952 308 5644 20357 5992 5911 14365 1384 1040 1622 1187 4289 222 127 984 98 886 7737 6370 3621 396 133 87 3225 2438 1287 908 319
is_linear=0
shrinkage=0.03


Tree=56
num_leaves=31
num_cat=0
split_feature=20 12 7 9 3 10 14 11 15 11 4 4 12 12 15 15 9 11 8 3 15 12 8 0 12 7 14 7 8 14
split_gain=17.0595 8.6547 6.08297 5.03153 4.05584 4.70171 4.18081 3.7613 3.57688 4.40126 3.94063 3.49592 4.43908 3.3498 3.32577 6.07163 3.28538 7.51298 9.97211 2.9701 4.37275 2.88316 2.90353 2.83329 2.73223 2.55215 2.775 3.9693 3.16063 2.84706
threshold=0.25358244218602016 0.095471879744685864 0.16077908898741219 0.024601456858929133 0.11369758380940388 1.2345765125229875 0.062242415691549473 9.6369470793051697 1.7005986908310777 9.0167556155394895 347.99041384294941 954.6604134122515 0.2825268845644287 0.16598152538368807 2.9174053685313028 2.3502401828962087 0.0065764796462273482 7.4386775612200848 2.0598598907182031 0.18888381065171703 3.7256208424938388 0.19125343074774562 5.2550473933281774 1.9208853819330098 0.21939073468119832 0.46875475901419067 0.46922117293072813 0.050844857964181082 1.1273616728720111 0.18308201311881486
decision_type=2 2 10 10 2 8 2 2 8 2 10 8 2 2 10 8 10 2 10 2 10 2 10 10 2 10 2 10 10 2
left_child=-1 2 8 4 5 11 14 25 9 10 -2 12 13 -3 15 -6 -4 18 -18 20 -19 22 -9 -17 -15 26 27 28 -5 -29
right_child=1 3 16 7 6 -7 -8 21 -10 -11 -12 -13 -14 24 -16 23 17 19 -20 -21 -22 -23 -24 -25 -26 -27 -28 29 -30 -31
leaf_value=0.00064682122639973642 -0.0032485841481240227 -0.0039550433223751024 0.00017413270485701956 -4.3081237265275332e-06 -0.00022728196956572477 0.00078236868976915388 0.00073739686915460557 0.00076311881170864097 2.3919525211999819e-05 0.00037740389974501179 -0.0069055998374638579 -0.00060672300375369981 0.0012668767812739831 -0.0047243585692709322 0.0018013534977081636 -0.0024542606597099284 -0.0020189735599712936 -0.0014473280984250686 -0.014457510878428401 2.6012327031079244e-05 -0.0041215608116352831 0.0016701270695906631 -0.00013446299250803527 -0.00012357927723809608 -0.0018332274769241699 -0.0046998960003097213 0.0013781809849977289 0.00077163235373270205 -0.0071720756567403635 -0.00037191153439930486
leaf_weight=3244 98 75 292 41 302 541 2195 4084 6631 80 47 1008 62 75 201 102 57 774 50 368 42 3479 1295 41 80 41 905 1611 40 1777
leaf_count=3244 98 75 292 41 302 541 2195 4084 6631 80 47 1008 62 75 201 102 57 774 50 368 42 3479 1295 41 80 41 905 1611 40 1777
internal_value=0.00058585 0.000333472 -0.000458886 0.000705892 -0.000139654 -0.00123616 0.000571077 0.00100414 -7.17514e-05 -0.00378319 -0.00688356 -0.00221368 -0.00509898 -0.00701299 -0.00154869 -0.00299327 -0.00213447 -0.00278406 -0.0103611 -0.00209114 -0.00309914 0.00136065 0.000925093 -0.0080625 -0.00951923 0.000288723 0.000359314 -2.6801e-05 -0.00654878 0.000131012
internal_weight=29638 26394 8439 17955 4682 1841 2841 13273 6856 225 145 1300 292 230 646 445 1583 1291 107 1184 816 8858 5379 143 155 4415 4374 3469 81 3388
internal_count=29638 26394 8439 17955 4682 1841 2841 13273 6856 225 145 1300 292 230 646 445 1583 1291 107 1184 816 8858 5379 143 155 4415 4374 3469 81 3388
is_linear=0
shrinkage=0.03


Tree=57
num_leaves=31
num_cat=0
split_feature=20 20 15 3 5 3 16 11 17 16 8 3 4 11 8 4 20 15 11 17 8 13 14 0 11 15 8 8 14 5
split_gain=16.8113 8.96557 5.47251 4.78406 6.28386 4.20639 4.17931 3.41936 2.96586 4.45981 3.29559 3.21298 3.60834 3.06534 2.87995 10.5328 3.67339 2.80618 4.39347 2.72036 3.13658 2.60855 2.42719 4.97887 4.64774 4.02596 2.19569 2.14444 2.1255 2.08608
threshold=0.25358244218602016 0.98938565599573924 1.7005986908310777 0.10477913493765122 0.27145200023428812 0.12413332593168801 -0.2187637777417594 9.9679401300085129 0.57214881596377998 0.38998913354352988 1.1914430475398323 0.091824346128871401 669.33675937136809 10.176886860000506 15.174598430824046 335.98191182792806 0.49582537804409582 3.5114340430413216 11.091216632590715 2.0950339193447265 394.44764179933389 0.10145491894494925 0.57282565962156495 1.3252198242618103 10.601361045763651 3.3497501700808394 1.1337143639649481 1.4583149269589604 0.017478812521289768 0.72245564892623737
decision_type=2 2 8 2 8 2 8 2 10 10 10 2 10 2 8 8 2 10 2 8 10 2 2 10 2 10 10 10 2 10
left_child=-1 3 5 4 -2 26 -5 19 28 10 -10 -12 -13 21 -6 -16 -17 -18 -19 20 -8 -14 -9 24 25 27 -3 -24 -4 -26
right_child=1 2 8 6 14 -7 7 22 9 -11 11 12 13 -15 15 16 17 18 -20 -21 -22 -23 23 -25 29 -27 -28 -29 -30 -31
leaf_value=0.00062741658960774424 -0.0064040878488868715 -0.0062957886396008802 -0.00049293505730236132 -0.0039259806342825544 0.00019546856385566102 -0.0044111635793298992 0.00011709242496243751 0.00070732673731172652 0.00021753976689394279 0.00050708321225036244 -0.00096976821087803213 -0.0012743515283437209 -0.0041463869422670259 -0.0031186268646843005 -0.0059482082419360909 0.00069876002874309903 -0.00062659736080620274 -0.00022904407434950718 -0.0023241423347859229 0.0027108518723686862 -0.0022095101049186016 -0.0058170263535020344 3.4201859356910415e-06 0.00086712469788570922 0.0010135407100383992 -0.0020740147673171372 -0.013964053217786727 -0.0015033021360586951 -7.6656632922405152e-05 -0.0018244899562813329
leaf_weight=3239 68 45 60 68 3991 118 8088 7846 87 148 69 55 59 42 51 821 1042 49 42 535 40 40 95 607 243 72 42 42 1805 49
leaf_count=3239 68 45 60 68 3991 118 8088 7846 87 148 69 55 59 42 51 821 1042 49 42 535 40 40 95 607 243 72 42 42 1805 49
internal_value=0.000580331 0.000329293 -0.00135356 0.000511453 -0.000215664 -0.00604369 0.000760771 0.00078959 -0.000944632 -0.00299401 -0.0048272 -0.00648496 -0.00843655 -0.0109648 -0.000112056 -0.00103938 -0.000684399 -0.00179101 -0.00681522 0.000364612 0.000228072 -0.01383 0.00120067 -0.000113616 -0.0023247 -0.00572857 -0.0110114 -0.00267391 -0.000393891 0.000122867
internal_weight=29558 26319 2570 23749 6064 205 17685 17617 2365 500 352 265 196 141 5996 2005 1954 1133 91 8663 8128 99 8954 1108 501 209 87 137 1865 292
internal_count=29558 26319 2570 23749 6064 205 17685 17617 2365 500 352 265 196 141 5996 2005 1954 1133 91 8663 8128 99 8954 1108 501 209 87 137 1865 292
is_linear=0
shrinkage=0.03


Tree=58
num_leaves=31
num_cat=0
split_feature=20 6 8 17 10 0 0 15 3 15 0 6 15 10 17 17 0 14 8 1 3 8 0 9 14 14 7 17 9 8
split_gain=16.1454 6.47697 6.06946 6.13601 3.68129 3.31288 2.68487 2.36495 3.26171 3.5269 2.37757 2.25469 2.60542 2.04275 2.03141 2.01277 2.58035 2.13326 3.74325 1.95618 2.17071 2.08384 1.85454 2.09578 7.37809 4.83073 3.00133 3.68843 5.65454 2.10694
threshold=0.25358244218602016 0.25207841412822363 2.3734102461343185 -0.43867369142464502 0.24587755512837126 0.70579746621234041 1.9983374155770131 1.4978661367769956 0.031539361963604629 1.2424533248940004 2.4092715261497113 -0.84633376745532141 3.4498615536424366 1.1280085057340943 0.19841543246194329 0.20839330386773638 1.3503217749021867 0.39124143233266567 1.1848716360065921 0.3430703624733476 0.16706501495700168 1.1672967175544635 0.96478991205569009 0.014662104218780501 0.69023720239001662 0.062242415691549473 0.34610156420500832 0.34911995493019105 0.0025046752417442089 5.2550473933281774
decision_type=2 2 10 8 10 10 10 8 2 10 10 2 10 10 10 10 10 2 8 10 2 10 10 10 2 2 8 10 10 10
left_child=-1 2 3 4 -2 -5 22 8 -4 -10 11 12 -9 -8 -13 19 17 18 -17 -7 -21 -22 -3 24 25 26 27 -24 -29 -25
right_child=1 6 7 5 -6 15 13 10 9 -11 -12 14 -14 -15 -16 16 -18 -19 -20 20 21 -23 23 29 -26 -27 -28 28 -30 -31
leaf_value=0.00060859409191951199 -0.0070555789487141626 -0.00066103756119755745 -0.012730103676874903 -0.012880712989739151 -0.0012623418150712275 0.00047592704273193606 0.00042963238825016243 -0.0012424603545255028 0.00023028650115820812 -0.0046542415921920809 0.00081743834398592934 1.7420177686098439e-05 -0.0054887084602089136 0.0020663293260701878 -0.0010603458892756705 0.00041701256988532418 0.00082972487699068005 0.00034582146889112646 -0.0015466364117166843 0.00034505093249728741 -0.00033287175581650551 -0.001691739127344361 -0.00033084041222398557 0.00044854894813520902 -0.0031406696494628117 0.00056495107248730712 0.00071464899735700386 -0.0040944770481655271 -0.0017525901643750947 7.7963422015478561e-06
leaf_weight=3214 40 682 41 63 70 3499 1139 321 103 56 334 734 70 1798 1030 253 513 439 605 193 73 44 198 9615 44 1157 101 44 50 2912
leaf_count=3214 40 682 41 63 70 3499 1139 321 103 56 334 734 70 1798 1030 253 513 439 605 193 73 44 198 9615 44 1157 101 44 50 2912
internal_value=0.000609967 0.000363931 -0.000317967 0.000228897 -0.00675676 0.0003653 0.000689927 -0.00149554 -0.00462687 -0.00264375 -0.00124217 -0.00160714 -0.00366582 0.00151838 -0.00114901 0.000442527 -0.000381005 -0.00109322 -0.00196275 0.000833858 -0.00144695 -0.00465254 0.000525466 0.000599278 -0.000425078 -7.73693e-05 -0.0029467 -0.00448464 -0.00934737 0.000729646
internal_weight=29435 26221 8481 5792 110 5682 17740 2689 200 159 2489 2155 391 2937 1764 5619 1810 1297 858 3809 310 117 14803 14121 1594 1550 393 292 94 12527
internal_count=29435 26221 8481 5792 110 5682 17740 2689 200 159 2489 2155 391 2937 1764 5619 1810 1297 858 3809 310 117 14803 14121 1594 1550 393 292 94 12527
is_linear=0
shrinkage=0.03


Tree=59
num_leaves=31
num_cat=0
split_feature=20 0 4 8 2 17 7 6 0 4 13 12 9 4 17 14 13 4 4 9 14 4 9 8 12 3 5 14 4 3
split_gain=17.4922 6.73512 9.98686 6.43237 6.32323 4.60225 6.92348 4.03182 3.66092 4.63035 3.44142 4.58578 6.65546 9.37502 10.3976 3.23284 2.95452 2.8789 2.93922 3.29855 2.73793 2.63546 2.44723 4.26754 3.46184 3.58455 2.31628 3.2019 2.22443 2.16955
threshold=0.49130763789009141 0.87337022546413678 123.28416653708453 5.2550473933281774 4.0432608327823383 0.67434611946916478 0.080067099553778484 0.57600140497275187 9.2320075079313604 171.17720464539499 0.033226464645187005 0.1563576893431389 1.0000000180025095e-35 1324.1520298525545 0.29963439265987152 0.073407733499605096 0.19280385077913953 6151.5519425694483 1099.3915023126895 0.0070793987473236871 0.037242545401578078 1835.5141308575439 0.088734311065267218 153.17016939429368 0.13657349194777438 0.13152610015801278 0.49490052431228909 0.46922117293072813 421.6800181607619 0.031539361963604629
decision_type=2 10 8 10 10 10 10 2 8 8 2 2 8 8 10 2 2 10 8 10 2 10 10 10 2 2 8 2 10 2
left_child=8 2 -2 4 10 26 -7 22 9 -1 11 15 13 -13 21 20 -12 18 19 -17 -3 -15 23 24 25 28 27 -6 -5 -14
right_child=1 3 -4 7 5 6 -8 -9 -10 -11 16 12 29 14 -16 17 -18 -19 -20 -21 -22 -23 -24 -25 -26 -27 -28 -29 -30 -31
leaf_value=-0.0033566269459705702 -0.023477431503403794 -0.00018762603191936698 -0.0013397025834989338 0.00034794754427960802 -0.0014623223763610908 -0.0054176996892518802 -0.0012431169300504352 1.9882515119626811e-05 0.00059033626916192659 0.0013019025311843202 0.00060629884534720414 0.0020634199455171857 -0.0036561412106090778 -0.0020488585036295606 -0.0032474422802745997 0.0010283965487900082 -0.003557831693041903 -0.0063700495670747162 3.9978356177167284e-05 -0.000704580494259056 0.00060882714357725603 0.00011127773461770473 2.9310778044881725e-05 -0.0038245437268692819 -0.00026715729848874204 -0.00020000762165669068 -4.7621892515393965e-05 0.00052319794737541725 -0.0030215051602187817 0.0010578834332452451
leaf_weight=56 70 597 529 45 107 42 127 2815 2111 4563 7502 150 43 47 58 148 105 56 1542 1449 758 84 576 144 754 337 786 47 332 3689
leaf_count=56 70 597 529 45 107 42 127 2815 2111 4563 7502 150 43 47 58 148 105 56 1542 1449 758 84 576 144 754 337 786 47 332 3689
internal_value=0.000576239 0.000181648 -0.002955 0.000265879 0.000539336 -0.00165135 -0.00619412 -0.000681655 0.00192096 0.0014474 0.000689137 0.000278706 0.00101007 -0.00300882 -0.00743684 -0.000375741 0.00115418 -0.000896433 -0.000774841 -0.00167647 0.00085177 -0.00270455 -0.00164733 -0.00224675 -0.00176038 -0.00325594 -0.000828905 -0.00418064 -0.0052619 0.00137584
internal_weight=29669 22939 599 22340 17337 1109 169 5003 6730 4619 16228 8621 4071 339 189 4550 7607 3195 3139 1597 1355 131 2188 1612 1468 714 940 154 377 3732
internal_count=29669 22939 599 22340 17337 1109 169 5003 6730 4619 16228 8621 4071 339 189 4550 7607 3195 3139 1597 1355 131 2188 1612 1468 714 940 154 377 3732
is_linear=0
shrinkage=0.03


Tree=60
num_leaves=31
num_cat=0
split_feature=0 12 16 13 4 14 9 15 10 9 9 14 9 14 11 1 14 12 14 14 11 14 3 13 13 15 9 16 14 4
split_gain=15.9233 7.54351 7.73678 5.46452 5.36868 4.83613 3.99924 3.77256 4.2628 8.90678 6.88809 3.45134 4.89999 5.05939 4.71178 4.45713 3.74472 3.27454 3.27398 3.32307 3.12836 4.61102 3.123 3.07772 3.02406 3.19824 2.97302 2.93664 2.86754 2.82104
threshold=3.9443663401003817 0.1563576893431389 -0.29754298369186521 0.049463911496686781 1324.1520298525545 0.073407733499605096 0.021632692478267219 2.8029010331479989 1.2199480592215382 0.11566372771018558 0.14562432612480156 0.38758999002680905 0.15572595897911198 0.093447789867875428 10.999270843046419 0.074350469872857941 0.54338782402224528 0.31749181592287107 0.062242415691549473 0.048308477645043479 8.014831632406624 0.13574633351653967 0.14517936608201018 0.20109813242769617 0.032701632102569114 2.3502401828962087 0.0077047515488007966 -0.021155585430419049 0.18308201311881486 4130.2755515587569
decision_type=8 2 10 2 8 2 10 8 10 10 10 2 8 2 2 10 2 2 2 2 2 2 2 2 2 10 10 10 2 10
left_child=1 2 4 5 22 -4 17 8 -5 -10 -11 12 14 -14 26 -16 -13 18 19 -3 21 -8 -1 -12 25 -21 -7 -23 -22 -9
right_child=-2 6 3 7 -6 11 20 29 9 10 23 16 13 -15 15 -17 -18 -19 -20 24 28 27 -24 -25 -26 -27 -28 -29 -30 -31
leaf_value=-0.013535708555693042 0.00057262618108706886 -0.00033513380622830687 0.00026002754538304962 0.00017472701733530659 0.00092483250749284939 0.00073198749010456503 -0.0029382082211331182 0.00052863288010545403 -0.00010731194945931217 -0.0055587267607692149 0.00094771150732432313 0.00034401437357475681 -0.0014966493212252314 0.0011634498411345136 -0.00047325104963070579 -0.002073404790705675 -0.00066087843138244067 0.0015405125552162302 -3.7486071362143401e-05 -0.0036787481651369821 0.0017572545288148543 -0.0039701594834462769 -0.0068575294257223187 -0.001703885069303244 0.00078134004072962426 -0.0024723327273127485 -0.00094820782498923921 0.0012479615497665933 0.00065603096692736342 -0.0023649569699638311
leaf_weight=41 3225 242 1655 1554 44 255 59 4765 595 117 63 1076 40 389 55 42 1205 961 1905 64 2580 44 40 40 42 67 2293 269 5759 49
leaf_count=41 3225 242 1655 1554 44 255 59 4765 595 117 63 1076 40 389 55 42 1205 961 1905 64 2580 44 40 40 42 67 2293 269 5759 49
internal_value=0.000609934 0.000366007 -9.88895e-05 -3.31829e-05 -0.0075 -0.000629011 0.000921037 0.000548302 -0.000431645 -0.0021875 -0.00733032 -0.00106703 -0.00172293 0.00124884 -0.00220522 -0.00866327 -0.000182734 2.83365e-05 -0.000581646 -0.00299279 0.00125723 -0.00143164 -0.0120366 -0.00164423 -0.00615517 -0.00838636 -0.00195606 2.86625e-05 0.00137734 0.00103053
internal_weight=29535 26310 14318 14193 125 7010 11992 7183 2369 815 220 5355 3074 429 2645 97 2281 3281 2320 415 8711 372 81 103 173 131 2548 313 8339 4814
internal_count=29535 26310 14318 14193 125 7010 11992 7183 2369 815 220 5355 3074 429 2645 97 2281 3281 2320 415 8711 372 81 103 173 131 2548 313 8339 4814
is_linear=0
shrinkage=0.03


Tree=61
num_leaves=31
num_cat=0
split_feature=20 12 8 4 7 9 14 4 11 2 15 15 3 4 12 0 3 4 13 6 14 0 17 4 4 14 0 14 14 11
split_gain=16.4134 7.91433 6.11953 7.87982 7.01591 4.88663 4.82302 4.23261 4.17487 4.30453 4.15329 3.67678 3.6272 4.70567 4.12509 3.83875 3.46898 2.88194 2.78847 2.72711 2.71438 2.57305 3.77798 5.89577 2.55119 2.3473 4.47185 2.32576 4.60962 3.30611
threshold=0.25358244218602016 0.097795012212451141 1.2472824973766365 171.17720464539499 0.067387082534567905 0.021632692478267219 0.69023720239001662 335.98191182792806 9.5620530216106658 5.2273827263299264 2.9174053685313028 0.89587973461402759 0.12747712361168306 937.77562917017872 0.21939073468119832 1.5912123571392682 0.3567026876174455 1213.1780511929885 0.22681562571137473 0.23126902779613245 0.062242415691549473 1.9983374155770131 0.29963439265987152 1711.7644893503173 731.92193296762969 0.69023720239001662 1.2871944145498986 0.22899651462346401 0.11434295253614531 11.139946887233471
decision_type=2 2 10 8 10 10 2 8 2 10 8 8 2 8 2 10 2 8 2 2 2 10 10 8 10 2 10 2 2 2
left_child=-1 2 6 -4 -5 12 11 -8 9 -7 -9 -2 13 14 15 24 -13 -18 -10 -17 21 22 -14 -24 -3 -22 -27 28 -6 -30
right_child=1 5 3 4 27 8 7 10 18 -11 -12 16 20 -15 -16 19 17 -19 -20 -21 25 -23 23 -25 -26 26 -28 -29 29 -31
leaf_value=0.00055544739565445683 -0.0075834372434601654 3.7039122842593555e-05 -0.011998046657490768 -0.0050950828260298208 0.00011694430405116011 0.00017474355772743427 -0.010684857403664962 0.0021884688863678375 0.0008544242815218616 -0.0060599247666847265 -0.0020269506246777098 0.00039118790288331838 -1.3833224706409605e-05 -0.00016492731446346464 -0.00078299241318930605 -0.0046222745426120994 -0.00036030727636173762 0.00079933975723488898 -0.00083522991805548899 -0.0056512681282131884 0.00099479320688192663 0.0016115329234201335 -0.001083603946474568 -0.0028541191901443612 -0.0064249605210576948 -0.0034339584547880449 0.00091382905581708068 -6.5229907426382429e-05 -0.0011981556531926421 -0.0016502269727393735
leaf_weight=3192 46 85 68 74 702 4112 40 77 9230 40 43 3595 259 1394 220 54 881 238 77 48 1693 136 114 54 41 40 74 1676 1170 65
leaf_count=3192 46 85 68 74 702 4112 40 77 9230 40 43 3595 259 1394 220 54 881 238 77 48 1693 136 114 54 41 40 74 1676 1170 65
internal_value=0.000554318 0.000308119 -0.000433956 -0.00134585 -0.00115754 0.00067242 0.000262142 -0.00484472 0.000951486 0.000160366 -0.00198347 0.000434783 -0.000219321 -0.00121758 -0.00388864 -0.00670742 0.000517922 -0.000940178 0.00130436 -0.0110097 0.000556727 -0.00126064 -0.00240421 -0.00589349 -0.00316535 0.00112334 -0.00302609 -0.000968733 -0.00167647 -0.00277913
internal_weight=29538 26346 8675 3755 3687 17671 4920 160 13459 4152 120 4760 4212 1842 448 228 4714 1119 9307 102 2370 563 427 168 126 1807 114 3613 1937 1235
internal_count=29538 26346 8675 3755 3687 17671 4920 160 13459 4152 120 4760 4212 1842 448 228 4714 1119 9307 102 2370 563 427 168 126 1807 114 3613 1937 1235
is_linear=0
shrinkage=0.03


Tree=62
num_leaves=31
num_cat=0
split_feature=0 12 17 8 12 15 11 3 9 11 16 17 16 11 14 16 11 15 14 8 14 14 7 9 9 0 14 9 9 8
split_gain=16.8545 7.22166 5.48186 3.70699 6.04041 4.28267 3.34019 4.77361 3.47602 3.46304 3.12066 3.05672 2.97814 3.01699 3.39147 5.89835 2.87685 2.79156 2.74588 3.01618 3.48759 3.69708 8.21657 4.17475 6.46089 6.48636 6.14278 5.34096 4.16785 3.75173
threshold=3.9443663401003817 0.024076778450684348 0.70255486383016674 5.2550473933281774 0.22635654556146359 1.8688348091416842 9.8160760940363669 0.12413332593168801 0.046109105025071422 7.8334020861510814 0.13508346117985415 -0.43867369142464502 -0.29754298369186521 9.987415011414571 0.69023720239001662 0.072687659468505902 9.2711531936631015 2.8029010331479989 0.50838994513145574 2.5812670340241319 0.16135947613363874 0.25450203479105588 0.32258338149304006 0.18503028186977399 0.066914569084974687 1.4482782527205618 0.19496829516785188 0.10899646636314701 0.13176780733968915 1.26876309538337
decision_type=8 2 10 10 2 8 2 2 8 2 8 8 8 2 2 8 2 8 2 8 2 2 10 8 10 10 2 10 10 10
left_child=1 2 11 12 5 6 7 9 -9 -5 17 -1 -3 18 -15 -16 -11 -4 19 20 -14 23 -23 24 -22 26 28 -28 -26 -27
right_child=-2 3 10 4 -6 -7 -8 8 -10 16 -12 -13 13 14 15 -17 -18 -19 -20 -21 21 22 -24 -25 25 29 27 -29 -30 -31
leaf_value=-0.0069802500282541034 0.0005387839737848231 -0.0030343342825203119 -0.0051640006453207493 -0.0072056323196996279 0.00085033714524786034 -0.0001901964299176472 0.00021169252448136747 0.00085202698021084216 -0.0041750418716301864 -0.0006689626732218222 -0.001384801149565982 -0.0001303336317788807 0.0002847704260850854 0.00059313640122425626 -0.0026938405710430508 -0.00013257554681695902 -0.0026341916358023762 -0.0027561262433339032 0.00096469128327033985 0.0016342097689540538 -0.00030258599032300006 0.00021396184957366793 -0.0054623270747252897 0.00085637251688398873 -8.5423096474325543e-05 -0.0032846048426852146 -0.0026511736641300064 -0.0017220141070312174 -0.0021837583892075365 0.00090720021031740373
leaf_weight=45 3225 40 78 40 2583 3747 105 93 40 59 345 2781 2623 8515 42 199 40 50 1403 827 633 1500 50 160 93 52 86 54 40 164
leaf_count=45 3225 40 78 40 2583 3747 105 93 40 59 345 2781 2623 8515 42 199 40 50 1403 827 633 1500 50 160 93 52 86 54 40 164
internal_value=0.000579746 0.000330376 -0.000982727 0.000517228 -7.73702e-05 -0.000789818 -0.00383333 -0.00558242 -0.0015 -0.00945 -0.00396835 -0.000481783 0.000759192 0.000779285 0.00115999 -0.00234298 -0.00633 -0.00795349 0.000345433 7.73517e-05 -0.000178702 -0.000908577 7.73695e-05 -0.00209977 -0.00274622 -0.00533265 -0.00839781 -0.012766 -0.00373881 -0.00143779
internal_weight=29712 26487 3299 23188 6707 4124 377 272 133 139 473 2826 16481 16441 8756 241 99 128 7685 6282 5455 2832 1550 1282 1122 489 273 140 133 216
internal_count=29712 26487 3299 23188 6707 4124 377 272 133 139 473 2826 16481 16441 8756 241 99 128 7685 6282 5455 2832 1550 1282 1122 489 273 140 133 216
is_linear=0
shrinkage=0.03


Tree=63
num_leaves=31
num_cat=0
split_feature=20 12 8 15 9 11 11 14 7 12 15 0 13 12 2 11 1 14 9 11 17 11 11 14 1 9 8 0 15 4
split_gain=16.9728 6.54258 5.21058 4.75247 4.64838 4.85112 4.59799 3.76917 3.3763 3.03482 3.01956 2.87679 2.79368 5.4759 4.16573 3.27297 3.4628 2.84148 2.61998 4.92416 4.84043 4.08112 2.56085 7.00221 2.99616 2.52683 2.34736 2.30178 2.29292 2.20414
threshold=0.36787956862422844 0.043743695664376421 22.321054984331955 1.7005986908310777 0.0065764796462273482 6.0100401799233785 8.014831632406624 0.16348551930510755 0.22253582083822629 0.24975077821654781 2.249904835165133 0.95773623328197866 0.051194119243081877 0.1563576893431389 6.5853461501866777 10.223285833227822 0.07561463693539168 0.073407733499605096 0.0025046752417442089 9.6594076059450664 0.39262395179074788 9.957383706263089 10.999270843046419 0.29330628588676771 1.0000000180025095e-35 0.034612199611375391 2.0113967541909861 1.575692600994232 2.3502401828962087 2472.7641081700808
decision_type=2 2 10 8 10 2 2 2 10 2 10 10 2 2 8 2 10 2 8 2 10 2 2 2 10 10 10 10 8 8
left_child=-1 3 12 4 -2 -6 7 27 25 -8 -10 -12 13 17 15 16 -14 -3 19 28 21 -21 -19 -24 -25 -5 -20 -4 -15 -28
right_child=1 2 6 8 5 -7 9 -9 10 -11 11 -13 14 18 -16 -17 -18 22 26 20 -22 -23 23 24 -26 -27 29 -29 -30 -31
leaf_value=0.0005226204545712783 0.0013829253048116691 0.00052431551836488804 -0.0013473461439160886 0.00060874264951031533 -0.021964051339922311 -0.0044875691409866159 -0.00043548585369323611 0.00043404290903317842 -0.00017874551318806459 0.00082972303148314995 -0.0053484905222003472 -0.0015026620103843692 -0.001340392543478704 0.0016497671465878088 0.0007744491804940112 -1.4993522624585297e-05 -0.0066281575996660243 -0.00022044482155258565 0.0011435924568208252 -0.001119506660553491 -0.0028331350942051806 0.00051527110209978922 -0.001701135384801981 -0.0015569007390047842 0.00014771971419600308 -0.0002582019894556473 -3.4407016127986937e-05 -0.0033322367852245322 -0.00076568874714589424 0.001792349221182423
leaf_weight=4603 61 905 102 682 42 156 2079 105 158 818 77 150 61 266 6281 447 44 3225 3400 52 75 125 62 76 225 2964 1936 94 62 494
leaf_count=4603 61 905 102 682 42 156 2079 105 158 818 77 150 61 266 6281 447 44 3225 3400 52 75 125 62 76 225 2964 1936 94 62 494
internal_value=0.000561922 0.000256175 0.000474899 -0.000811 -0.00474231 -0.00696482 -0.000639575 -0.00416225 -0.000557292 -0.000272257 -0.00322539 -0.00543421 0.000675875 0.000377751 0.00115145 -0.00134539 -0.00608491 -0.000425234 0.000940571 -0.000981067 -0.00412648 -0.00139888 -0.000804124 -0.00318956 -0.00128146 -0.000274746 0.00113188 -0.00660914 0.00144073 0.000419581
internal_weight=29827 25224 20934 4290 259 198 3198 301 4031 2897 385 227 17736 10903 6833 552 105 4493 6410 580 252 177 3588 363 301 3646 5830 196 328 2430
internal_count=29827 25224 20934 4290 259 198 3198 301 4031 2897 385 227 17736 10903 6833 552 105 4493 6410 580 252 177 3588 363 301 3646 5830 196 328 2430
is_linear=0
shrinkage=0.03


Tree=64
num_leaves=31
num_cat=0
split_feature=20 12 17 16 15 7 11 4 16 1 13 13 4 11 12 16 12 17 2 13 13 7 1 3 0 17 15 17 3 1
split_gain=15.8124 6.85345 4.06452 5.42469 4.1005 5.38071 3.51219 3.17839 3.10124 3.65013 3.61543 3.14047 3.15918 3.83176 2.88582 2.88204 2.73621 3.77929 3.02036 3.4052 3.43525 3.65838 3.01096 2.68101 2.60942 2.91209 2.53623 2.42684 2.37306 2.2642
threshold=0.25358244218602016 0.055870681393966677 0.59465101683448363 0.35760206184779958 2.9700856263602158 0.050844857964181082 8.9986311906517731 2048.6484672301158 -0.0056068722558653339 0.21312455175711212 0.12600123837788899 0.025126746050508273 2244.9111126599382 10.444517401175647 0.29058821036257726 0.11955501124251543 0.17765914080033432 1.3959007247638684 4.74884839485048 0.052251909899639341 0.19280385077913953 0.15832212886102529 0.031754032258064509 0.072687840779193963 0.87337022546413678 0.308669761612333 2.1383330595080281 0.13054308468308914 0.22994204366331022 0.44081142399572942
decision_type=2 2 10 10 8 10 2 10 10 10 2 2 10 2 2 10 2 10 10 2 2 10 10 2 10 8 8 10 2 10
left_child=-1 2 8 4 5 -4 14 15 9 23 -11 24 -13 -14 26 -7 17 18 19 29 21 -21 -22 -2 25 -10 -3 -24 -6 -8
right_child=1 6 3 -5 28 7 16 -9 11 10 -12 12 13 -15 -16 -17 -18 -19 -20 20 22 -23 27 -25 -26 -27 -28 -29 -30 -31
leaf_value=0.00050694184093414004 -0.0053529746060166916 -0.0013470580541370047 -0.0044446870883758796 0.00025839624588379139 0.00045651805105442132 -0.0038865339066828271 4.8025973842174044e-05 0.00096836849752155937 -0.012318760974656912 -0.0031902875245242751 -0.0017488876407043975 0.00040893054728813067 -0.0018883878668245655 -5.0166855338037811e-05 0.0012053158371065288 -0.0025427567029597076 0.00075096723760311899 -0.0012825664766775739 -0.00039745264191167119 0.0010053933686585436 0.00086542307937662543 -0.00017104400371555876 6.8598682104020588e-05 -8.4568426777400279e-05 -0.00024637911560192584 0.00027789174185162722 8.1561588170553184e-07 -0.0015890137812026748 -0.0037758659264857555 -0.0017646453936771983
leaf_weight=3163 89 1192 53 280 143 103 4195 73 49 108 85 1957 55 171 889 152 7845 269 761 3533 130 710 50 609 1120 40 1572 84 52 62
leaf_count=3163 89 1192 53 280 143 103 4195 73 49 108 85 1957 55 171 889 152 7845 269 761 3533 130 710 50 609 1120 40 1572 84 52 62
internal_value=0.000539686 0.00029975 -0.000683463 -0.00256943 -0.00423224 -0.00603927 0.000537078 -0.00457751 -0.000306022 -0.00188004 -0.00552062 0.000107869 0.000787088 -0.00256388 -0.000309524 -0.00615234 0.000712415 0.000377948 0.000477115 0.000634569 0.00120918 0.00141588 -0.00210566 -0.000866953 -0.00111818 -0.00603333 -0.000787703 -0.00524444 -0.000688775 2.60687e-05
internal_weight=29594 26431 5139 856 576 381 21292 328 4283 891 193 3392 2183 226 3653 255 17639 9794 9525 8764 4507 4243 264 698 1209 89 2764 134 195 4257
internal_count=29594 26431 5139 856 576 381 21292 328 4283 891 193 3392 2183 226 3653 255 17639 9794 9525 8764 4507 4243 264 698 1209 89 2764 134 195 4257
is_linear=0
shrinkage=0.03


Tree=65
num_leaves=31
num_cat=0
split_feature=20 12 8 12 15 3 11 3 2 9 16 14 5 20 14 7 11 6 20 14 7 15 11 9 15 4 20 6 15 14
split_gain=17.2097 6.13593 4.46987 4.707 4.34203 5.01148 4.19987 4.77648 3.87736 3.29042 3.78632 2.90344 4.61559 3.19041 3.17262 3.39301 4.50534 2.83041 2.8304 2.73567 2.66754 3.51442 2.56676 2.44134 2.30888 2.30491 2.7723 2.22526 3.33678 3.53771
threshold=0.25358244218602016 0.043743695664376421 5.2550473933281774 0.22814458903585513 1.7005986908310777 0.082000464567098086 7.9396934185121451 0.10011761078688514 3.6440402687049933 0.014662104218780501 -0.2187637777417594 0.30452058173666235 0.20412660256410259 0.82214638209638047 0.18455293740530895 0.17783642369782876 10.398960931231441 0.038999361247734281 0.69284870095882645 0.17704420439001509 0.22253582083822629 2.249904835165133 9.2558394109061286 0.026885920314916479 2.8617925509761908 878.00390345381732 0.51076138479778221 1.8814657791517087 2.6735537653587347 0.34879238607819346
decision_type=2 2 8 2 8 2 2 2 10 10 8 2 8 2 2 10 2 2 2 2 10 10 2 10 10 10 2 2 10 2
left_child=-1 4 8 6 5 17 7 -4 9 22 -11 12 -10 14 -14 16 -16 -2 -12 -7 23 -22 -3 -6 27 26 -24 28 -5 -30
right_child=1 2 3 24 20 19 -8 -9 11 10 18 -13 13 -15 15 -17 -18 -19 -20 -21 21 -23 25 -25 -26 -27 -28 -29 29 -31
leaf_value=0.00049173358570611583 -0.013148206868352769 0.00091015431295051461 -0.004780283042860576 0.00012465772568346915 0.00065933679899953912 -0.010989338003688726 -0.00024655819101489565 -0.0013070795674266569 -0.0032134602967593745 -0.0037546018627459049 0.0015566608189207997 0.00010392940100586114 0.0015907670409386896 -0.0016988640310219524 -0.0045739880730805973 -0.00099892430679717316 0.00020468291629271518 -0.003901614377198756 0.00036077389299920523 0.00073028539828824722 0.00015062258952149328 -0.0036620711647801546 0.0007552744572442029 -0.00021702694233189236 0.0016916010836336829 -0.00023972140000620517 -0.001668167085898595 0.0015863648352213375 -0.00066527422119458293 -0.0032321180369857755
leaf_weight=3228 52 628 66 1091 579 60 3859 190 41 45 4223 614 184 58 49 47 147 42 8285 106 170 213 51 3053 745 975 82 519 170 60
leaf_count=3228 52 628 66 1091 579 60 3859 190 41 45 4223 614 184 58 49 47 147 42 8285 106 170 213 51 3053 745 975 82 519 170 60
internal_value=0.000560051 0.000307215 0.000508224 -0.000138785 -0.000733162 -0.00448276 -0.00076895 -0.00448249 0.000789177 0.000923513 0.0010928 -0.000893953 -0.00252751 -0.00169753 -0.000792056 -0.00303689 -0.00127919 -0.00997895 0.00112431 -0.00132934 -0.000489293 -0.00286719 -0.000300518 -0.00023782 0.000864269 -0.00116862 -0.00485821 0.000293319 -0.000360817 -0.00363636
internal_weight=29632 26404 22129 6700 4275 260 4115 256 15429 14289 12553 1140 526 485 427 243 196 94 12508 166 4015 383 1736 3632 2585 1108 133 1840 1321 230
internal_count=29632 26404 22129 6700 4275 260 4115 256 15429 14289 12553 1140 526 485 427 243 196 94 12508 166 4015 383 1736 3632 2585 1108 133 1840 1321 230
is_linear=0
shrinkage=0.03


Tree=66
num_leaves=31
num_cat=0
split_feature=0 0 15 3 3 15 9 10 11 12 10 9 4 4 3 9 11 17 0 11 2 17 13 0 9 14 11 15 11 17
split_gain=16.4705 5.83969 4.56567 5.00936 3.72789 3.23981 3.01964 3.55121 3.25615 2.98616 2.79323 5.92035 4.20965 3.47476 2.71826 2.58783 3.05466 2.79825 2.83757 2.51462 2.39254 2.40613 2.36948 2.39954 4.30609 4.72366 5.05296 2.31388 2.76272 2.49017
threshold=3.6403311172394628 0.99854870663127659 1.7005986908310777 0.11369758380940388 0.10477913493765122 2.8617925509761908 0.020484314769730175 1.2418234995790771 7.8813709169734869 0.17337531495499195 1.5977132576692845 0.11097783903778352 2908.3972588979045 978.12793074335161 0.0031130026514355016 0.0065764796462273482 9.6594076059450664 0.29516275407427556 1.9041668348414915 10.979964996365533 4.8263302173775733 0.85286345730714108 0.2374386309201359 1.4007313114642297 0.16257158859904167 0.36265707174816203 11.040871735576252 2.249904835165133 7.7834323062786455 0.62749454383252068
decision_type=8 10 8 2 2 10 8 10 2 2 8 8 8 10 2 10 2 10 10 2 10 10 2 10 8 2 2 10 2 10
left_child=1 2 3 -1 6 9 7 14 -8 10 -6 -12 13 -13 -3 16 -11 -18 -19 -4 -7 -22 23 24 25 26 -10 28 -16 -29
right_child=-2 4 19 -5 5 20 8 -9 22 15 11 12 -14 -15 27 -17 17 18 -20 -21 21 -23 -24 -25 -26 -27 -28 29 -30 -31
leaf_value=-0.012524995474670749 0.00047698157813493236 0.001015549706396253 -0.00028554407729781186 -0.0032898146702108888 2.4922630821091834e-05 0.00062303968060819722 -0.003522206584177658 0.00095733942003361355 -0.00084411624159677601 0.00013676339656807119 -0.0002171171058713589 -0.0045516298474090932 0.00016357426295514606 -0.0044580350079238915 -0.0043812197994370717 0.00077513125405877779 -0.00024877345278413645 -0.003561439148083738 -0.00090539770810562747 -0.0018888368507678868 -4.9018264374392574e-05 -0.001856283530069548 -0.0014884657780036437 0.00059315652904761004 0.00065774246171365668 0.00058542172549922702 -0.0018850665705722556 -0.0011978893096529664 3.1906405741727735e-05 -0.0021433738545845781
leaf_weight=76 3478 143 2040 131 3605 7969 93 371 722 528 724 52 59 69 47 3994 109 43 43 57 684 47 48 2447 544 471 58 377 366 257
leaf_count=76 3478 143 2040 131 3605 7969 93 371 722 528 724 52 59 69 47 3994 109 43 43 57 684 47 48 2447 544 471 58 377 366 257
internal_value=0.000559674 0.000301891 -0.00114013 -0.00537981 0.000441121 0.000656998 -0.000209924 -0.00134251 0.000193659 0.000265308 -0.000286696 -0.0017768 -0.00662983 -0.00981148 -0.00214106 0.000792921 -0.000857735 -0.00405612 -0.00806897 -0.000719256 0.00107229 -0.000569672 0.000314612 0.00039029 -0.00044265 -0.00141134 -0.00284251 -0.0026708 -0.00092029 -0.00380787
internal_weight=29652 26174 2304 207 23870 17926 5944 1561 4383 9226 4509 904 180 121 1190 4717 723 195 86 2097 8700 731 4290 4242 1795 1251 780 1047 413 634
internal_count=29652 26174 2304 207 23870 17926 5944 1561 4383 9226 4509 904 180 121 1190 4717 723 195 86 2097 8700 731 4290 4242 1795 1251 780 1047 413 634
is_linear=0
shrinkage=0.03


Tree=67
num_leaves=31
num_cat=0
split_feature=20 20 8 4 3 2 9 17 4 0 13 3 17 16 10 20 4 5 8 0 16 14 3 15 8 3 7 9 10 16
split_gain=16.8424 5.41317 4.57702 3.84861 7.5357 3.47574 3.41671 3.96915 3.04177 4.82228 2.96366 2.86316 2.70974 2.67453 2.48856 2.23965 3.36757 2.59917 2.19697 2.11244 2.35161 2.54932 2.13063 2.05598 2.26066 2.04626 2.95053 2.65178 8.99977 1.93351
threshold=0.36787956862422844 1.0382466374746684 12.287720259691678 295.33933005964963 0.18459001007598397 5.6626112916929676 0.11999506724478097 0.54000032475817306 123.28416653708453 0.85446000408198086 0.049463911496686781 0.13152610015801278 0.57214881596377998 -0.2187637777417594 0.74384223774308988 0.10845106194870967 237.70114823402255 0.65997591328783634 2.3266411702237009 1.3632850013552238 0.44718524292842771 0.13934825344610632 0.017787848872588736 1.2424533248940004 43.110988722727505 0.16385467810118898 0.15090816188082923 0.12133764951810268 1.2199480592215382 0.35372724581483944
decision_type=2 2 10 8 2 10 10 10 8 10 2 2 10 10 10 2 8 10 10 10 10 2 2 8 10 2 10 10 10 8
left_child=15 2 5 4 -4 10 18 -8 9 -3 -2 19 -10 -12 -14 -1 -17 -18 -7 20 21 -5 -23 24 -13 26 -15 -27 -29 -16
right_child=1 8 3 11 -6 6 7 -9 12 -11 13 23 14 25 29 16 17 -19 -20 -21 -22 22 -24 -25 -26 27 -28 28 -30 -31
leaf_value=0.00046267213079088438 0.00015516772704524587 -0.016107922400827684 -0.0054355548285237587 4.205381251853112e-05 8.4541574143416325e-05 5.4091927661184429e-05 -0.00040523668437198655 -0.0047666481326381184 -0.00010404271321118586 0.00020656630332935966 -0.0028405345115241521 -0.0032491392622081283 0.00015097732702894616 0.0011442633324472656 -0.0038008674851708352 -0.0028391793819043452 0.0019232633759864802 -0.00050691210056090876 -0.001185129017137564 -0.00029065157160430556 0.0017449246997425941 -0.0067954952562006539 -0.0018811853331517888 0.00030227483257423113 0.0011286362611084557 0.00064598758006583856 -4.9403266958523986e-05 0.00021360281768562393 -0.0062840706297414345 -2.275808618338428e-05
leaf_weight=2120 11091 69 79 148 131 652 105 45 1077 59 41 42 110 3377 200 43 2421 54 71 1793 62 43 342 2231 42 1641 714 590 72 64
leaf_count=2120 11091 69 79 148 131 652 105 45 1077 59 41 42 110 3377 200 43 2421 54 71 1793 62 43 342 2231 42 1641 714 590 72 64
internal_value=0.000563732 0.000254419 0.000369579 -0.000443834 -0.00440758 0.000586794 -0.00125973 -0.00536424 -0.00144494 -0.00586046 0.000678838 -0.000265944 -0.00105165 0.00119096 -0.003248 0.00222332 0.00161731 0.00176292 -0.000401934 -0.000994558 -0.00254195 -0.00318539 -0.00446891 0.000485751 -0.00409412 0.00124034 0.00164296 0.00052474 -0.00107692 -0.00482264
internal_weight=29529 24891 23312 4913 210 18399 873 150 1579 128 17526 4703 1451 6435 374 4638 2518 2475 723 2388 595 533 385 2315 84 6394 4091 2303 662 264
internal_count=29529 24891 23312 4913 210 18399 873 150 1579 128 17526 4703 1451 6435 374 4638 2518 2475 723 2388 595 533 385 2315 84 6394 4091 2303 662 264
is_linear=0
shrinkage=0.03


Tree=68
num_leaves=31
num_cat=0
split_feature=20 6 17 17 4 6 8 20 1 3 2 20 11 1 15 1 2 9 15 20 8 8 10 17 16 4 10 8 13 13
split_gain=15.5166 4.82316 6.12522 3.87052 6.02594 3.45325 2.76219 2.98987 4.09914 4.74491 3.35667 2.60571 2.3581 2.30745 2.22784 2.47805 2.11094 4.3539 2.33354 2.63315 2.04665 2.02844 3.8979 2.02319 2.02368 2.18739 2.60651 2.81956 2.26111 2.02015
threshold=0.25358244218602016 0.57600140497275187 0.20839330386773638 -0.43867369142464502 237.70114823402255 -1.8372099790356391 1.1672967175544635 0.82214638209638047 0.23166368515205724 0.123315006362833 6.5750367423543414 0.50042227561814967 10.149546528230038 0.28474903474903479 1.8688348091416842 0.17607313195548494 5.6626112916929676 0.11999506724478097 2.6735537653587347 1.0124562871631091 2.2599451022073431 2.5812670340241319 0.53351864635691537 0.24548534102897884 0.36631070022541584 1607.5526600137653 2.0372914601607222 17.044520348591224 0.066390539335636142 0.082866252440618973
decision_type=2 2 10 8 8 2 10 2 8 2 8 2 2 10 10 10 10 10 10 2 10 10 10 10 10 10 8 8 2 2
left_child=-1 2 3 4 -2 -4 -7 20 9 14 -11 -3 13 -5 -9 -16 18 -18 23 -20 -8 22 -22 -13 25 26 -25 28 -28 -21
right_child=1 11 5 12 -6 6 7 8 -10 10 -12 16 -14 -15 15 -17 17 -19 19 29 21 -23 -24 24 -26 -27 27 -29 -30 -31
leaf_value=0.00044879196686715788 -0.0082764538566389156 0.0013009535365562873 -0.0058510740211109953 0.00016200946518179986 -0.00057215586727699488 0.00031512331854096959 0.00016490909007091002 -0.011453432771241445 0.0010114156213439519 -0.0035544404941870102 -0.00026573050260954729 0.00049019843580070386 0.00051795502007770974 -0.00082723203328354683 -0.0015213907324949383 -0.0018524544322296617 5.6187524284202608e-07 -0.003032201429229137 0.00054413081698975871 -0.00060654471898730718 -0.0028351646974345444 -0.00056408585513930028 -0.00038261154444007987 -0.00040436732052340148 0.00072668787735625064 0.00010255636227153474 0.0016552635002467005 -0.002510301279475964 -0.003095869786526356 0.00071226219682511932
leaf_weight=3242 47 2589 55 3023 214 757 1251 47 197 46 713 1664 2895 329 357 55 461 108 6479 232 63 1508 82 1188 825 822 85 61 40 114
leaf_count=3242 47 2589 55 3023 214 757 1251 47 197 46 713 1664 2895 329 357 55 461 108 6479 232 63 1508 82 1188 825 822 85 61 40 114
internal_value=0.000578579 0.000337198 -0.000118814 0.000492242 -0.00308015 -0.000893803 -0.000811897 -0.00110486 -0.00223517 -0.00288433 -0.001425 0.000699025 0.000641966 0.000100209 -0.00528913 -0.00456174 0.000513825 -0.00126842 0.000602033 0.000955904 -0.000553528 -0.00124607 -0.00462329 8.64278e-05 -0.000376241 -0.000852071 -0.001584 -0.00487701 -0.0022619 -0.00159078
internal_weight=29549 26307 11639 6508 261 5131 5076 4319 1415 1218 759 14668 6247 3352 459 412 12079 569 11510 6825 2904 1653 145 4685 3021 2196 1374 186 125 346
internal_count=29549 26307 11639 6508 261 5131 5076 4319 1415 1218 759 14668 6247 3352 459 412 12079 569 11510 6825 2904 1653 145 4685 3021 2196 1374 186 125 346
is_linear=0
shrinkage=0.03


Tree=69
num_leaves=31
num_cat=0
split_feature=20 12 17 12 9 10 8 15 7 7 12 15 4 8 15 14 8 8 13 14 4 8 14 14 9 8 4 14 17 10
split_gain=16.3149 5.05738 4.1024 3.27145 4.35657 4.1739 5.51919 4.35601 3.912 3.40788 3.33366 3.08677 3.58801 3.61264 9.26994 2.83286 2.78453 2.60509 2.54857 2.91855 2.45799 2.33286 2.27833 3.41859 3.97168 6.52454 5.42887 3.21777 4.10593 2.25233
threshold=0.25358244218602016 0.010848122031368314 0.71259416527479058 0.34066920781842175 0.021239598319266993 1.4128899539497137 1.2075477327336002 3.7726948748059121 0.21366923581734837 0.34355712775317698 0.17337531495499195 3.0201273556387074 2440.8990110181235 13.592242899052239 2.6735537653587347 0.019403094436796411 1.1730512197646055 5.2550473933281774 0.048338929168270359 0.0053131990946754968 946.83721222365591 394.44764179933389 0.12061252135153515 0.30981096521792423 0.16257158859904167 1.3621193317282358 1618.6898756703406 0.27887317046262522 0.3403570105847285 1.2116145619841903
decision_type=2 2 10 2 8 10 10 10 10 8 2 10 10 8 10 2 10 10 2 2 10 10 2 2 8 10 10 2 10 10
left_child=-1 2 15 4 5 6 -3 21 -9 10 17 12 13 14 20 -2 -4 18 22 -20 -11 -8 -6 24 25 26 27 28 -24 -21
right_child=1 3 16 -5 9 -7 7 8 -10 11 -12 -13 -14 -15 -16 -17 -18 -19 19 29 -22 -23 23 -25 -26 -27 -28 -29 -30 -31
leaf_value=0.00043532820786114314 -0.00053748156655841414 0.0010063652091933473 0.00059163707918185324 0.001528681190224049 0.00039540413219903191 0.00046470081157537707 -0.00079319021977617451 -0.00063100117771708233 -0.0029478030253122707 0.0011352773885027223 0.00091709481287831406 0.0016373220423408618 0.0011045946976488154 -0.00065594252256620229 -0.004148638969391584 -9.7770345287267034e-05 -0.0035837061593822967 -0.00016431369664134262 -0.0022027667428085869 0.00076141630673205393 -0.0035782145540025835 -0.0031182368507973951 -0.00186519927383077 9.770517513733206e-05 0.0014662340362790348 3.863086260414099e-05 -0.0020770453571005124 0.00042878282064207345 -0.00035422540646708623 1.4648816671913388e-05
leaf_weight=3221 90 403 107 1985 1296 1375 2152 67 55 65 5668 141 95 353 41 2183 301 2314 78 3251 50 45 176 2120 174 411 46 70 126 1133
leaf_count=3221 90 403 107 1985 1296 1375 2152 67 55 65 5668 141 95 353 41 2183 301 2314 78 3251 50 45 176 2120 174 411 46 70 126 1133
internal_value=0.000564863 0.000318634 -0.000916107 0.000458402 0.000351746 -0.000529282 -0.0012097 -0.00177284 -0.00726829 0.000556761 0.000644509 -0.00142761 -0.00236033 -0.00335882 -0.0071465 -0.000418206 -0.00368215 0.00034432 0.00057791 0.00108358 -0.00271552 -0.00146451 6.71947e-05 -0.000371639 -0.00181374 -0.00267831 -0.00531265 -0.00408579 -0.00542574 0.00118632
internal_weight=29592 26371 2681 23690 21705 4097 2722 2319 122 17608 16863 745 604 509 156 2273 408 11195 8881 4462 115 2197 4419 3123 1003 829 418 372 302 4384
internal_count=29592 26371 2681 23690 21705 4097 2722 2319 122 17608 16863 745 604 509 156 2273 408 11195 8881 4462 115 2197 4419 3123 1003 829 418 372 302 4384
is_linear=0
shrinkage=0.03


Tree=70
num_leaves=31
num_cat=0
split_feature=0 12 7 3 15 7 9 1 16 7 16 11 3 8 7 14 11 9 17 3 17 14 3 14 14 1 11 8 0 16
split_gain=15.7102 5.07321 5.95998 4.99653 6.83784 5.93989 3.92728 3.6137 3.12249 2.94258 3.33987 2.76046 2.72053 2.71795 5.46492 2.8096 2.72327 2.66612 2.76034 2.62138 2.6168 2.50473 2.48052 2.20653 2.99973 3.71573 2.69256 5.66649 2.58549 2.45901
threshold=3.9443663401003817 0.13884565602946355 0.16196003635549805 0.17532194309480845 3.7256208424938388 0.37566641105239479 0.01805763357127645 0.038218111002921114 -0.29754298369186521 0.17525646584729473 0.19069833348797424 9.5182294010611788 0.22168009306213923 1.1672967175544635 0.057905053573447739 0.19496829516785188 8.6200204971451395 0.088734311065267218 0.24194025245640041 0.1516106609538577 0.58687313483119508 0.69960812274525919 0.041815708213642465 0.4751549877077475 0.21165658788964961 0.26120401337792648 8.014831632406624 9.3708444805322699 1.8420460472345617 0.17226856137305838
decision_type=8 2 10 2 10 10 10 10 10 8 8 2 2 10 10 2 2 8 10 2 10 2 2 2 2 10 2 10 10 8
left_child=1 2 8 4 5 17 9 -6 -1 -3 20 23 13 -10 15 -15 -16 18 -4 -17 -11 -14 -22 24 26 28 27 -8 29 -26
right_child=-2 6 3 -5 7 -7 11 -9 12 10 -12 -13 21 14 16 19 -18 -19 -20 -21 22 -23 -24 -25 25 -27 -28 -29 -30 -31
leaf_value=-0.0042248895196233521 0.0004222683616253088 0.0010788059849654182 -0.0001201878150818005 0.00010050551882423126 -0.0056310141043171141 -0.0086532321912284917 0.0018855596415721263 -0.0009438165960023216 0.00057484706168107157 -0.0006063903930499982 0.00011062077876615045 0.00090646302438992382 -0.0001029728084835222 -0.00050831319091183054 -0.0020635998930165519 -0.0013851098292556358 0.00015007309431960648 0.00056016000511477707 -0.0015792117534521935 -0.0046111490013681939 -0.0012297682695857786 -0.0019236182053075949 -0.0021839728903587019 0.0013208058616054352 0.00011189909166324678 -0.0024160206155571366 0.0009908219303705855 -0.0026035148259890332 0.00058175563534805476 -0.0017521828423234295
leaf_weight=49 3204 707 447 1040 51 52 122 41 2465 701 1438 7224 2883 77 87 51 4224 282 856 41 90 88 167 702 281 59 1265 66 416 393
leaf_count=49 3204 707 447 1040 51 52 122 41 2465 701 1438 7224 2883 77 87 51 4224 282 856 41 90 88 167 702 281 59 1265 66 416 393
internal_value=0.000547751 0.000306645 -0.00012391 -0.00135487 -0.00234277 -0.00189194 0.000708847 -0.0102581 0.000218242 -0.000229059 -0.000730914 0.000985279 0.000255924 0.00058091 0.000140594 -0.00513529 0.000348562 -0.00156053 -0.00213267 -0.00864516 -0.00210219 -0.000503701 -0.00468605 0.000266868 -0.000135997 -0.00128087 0.000769601 -0.00257143 -0.000879927 -0.00202667
internal_weight=29569 26365 12734 2769 1729 1637 13631 92 9965 3103 2396 10528 9916 6945 4480 169 4311 1585 1303 92 958 2971 257 3304 2602 1149 1453 188 1090 674
internal_count=29569 26365 12734 2769 1729 1637 13631 92 9965 3103 2396 10528 9916 6945 4480 169 4311 1585 1303 92 958 2971 257 3304 2602 1149 1453 188 1090 674
is_linear=0
shrinkage=0.03


Tree=71
num_leaves=31
num_cat=0
split_feature=0 6 8 4 0 12 13 13 15 12 6 15 15 13 7 4 14 14 14 9 16 13 4 14 0 13 16 15 17 14
split_gain=15.4221 4.41986 4.5693 4.9296 4.57534 2.88717 2.63475 3.25729 2.47115 2.23249 1.98888 1.95022 3.91276 5.25543 1.77091 2.34745 2.51434 1.75479 3.78814 2.83059 3.60263 2.29281 3.62506 1.69308 1.58358 1.57015 1.57365 2.648 2.3085 1.63875
threshold=3.6403311172394628 0.69375425261013512 2.0598598907182031 263.5512579623433 0.70579746621234041 0.36576277341710034 0.18586873455862826 0.052803657891659569 2.3502401828962087 0.035759141183245198 -0.45652915198566729 2.8029010331479989 2.4414009612931857 0.082264536489323317 0.15308031821602791 884.87714361694327 0.19496829516785188 0.13247958252404468 0.25450203479105588 0.059878128520781344 0.1938405840763173 0.017736635269425698 731.92193296762969 0.69960812274525919 0.85446000408198086 0.0077828409066415605 0.022209434588247305 3.0201273556387074 0.04870858377767822 0.29900535273130452
decision_type=8 2 10 8 10 2 2 2 10 2 2 8 10 2 10 10 2 2 2 10 10 2 10 2 10 2 10 10 10 2
left_child=1 2 4 8 -1 24 7 17 -4 11 -8 12 -9 -14 -11 -16 -17 -6 19 -19 -21 22 -22 -5 -3 -20 27 28 -27 -28
right_child=-2 5 3 23 6 -7 10 9 -10 14 -12 -13 13 -15 15 16 -18 18 25 20 21 -23 -24 -25 -26 26 29 -29 -30 -31
leaf_value=-0.020483762201840415 0.00040960031077654955 -0.002561292734467719 -0.0079887592272375619 -0.00047081274472542708 0.00030335494104484495 0.001973406119511962 0.0009842071440826169 0.00053133333463237307 -0.00046667648082068244 0.00091935597684791501 -0.0027884985589986247 0.0003765288967885475 0.0011571747649137796 -0.0027955375646947006 -0.0046849155622234358 0.00081806311385892484 -0.0011240128537519775 6.0648717402006967e-05 0.00053517958544792299 -0.00058898325472606008 -0.0025851502602609977 -0.0023543783706676084 -0.00010975382053992259 0.0012397232880835523 0.00027122934907448611 0.0010140316398669494 -0.00072255736351050769 -0.0015153316933964823 -0.00239361734376815 7.7528534282888717e-05
leaf_weight=60 3473 95 104 4035 1531 1144 46 174 59 2313 79 497 63 76 45 174 70 257 1212 275 40 56 64 140 12112 135 115 74 68 1043
leaf_count=60 3473 95 104 4035 1531 1144 46 174 59 2313 79 497 63 76 45 174 70 257 1212 275 40 56 64 140 12112 135 115 74 68 1043
internal_value=0.000559804 0.000310357 -8.78493e-05 -0.000879465 0.000317785 0.000692256 0.000377141 0.000442593 -0.00598171 0.00115324 -0.00392857 -0.000221948 -0.00207325 -0.00580714 0.00158125 -0.000631034 0.000538776 -5.543e-05 -0.000441018 -0.00241558 -0.00388761 -0.00745342 -0.00474286 -0.000678879 0.000557094 7.59065e-05 -0.000595404 -0.0026223 -0.000838235 -0.000108714
internal_weight=29629 26156 12805 4338 8467 13351 8407 8282 163 3412 125 810 313 139 2602 289 244 4870 3339 692 435 160 104 4175 12207 2647 1435 277 203 1158
internal_count=29629 26156 12805 4338 8467 13351 8407 8282 163 3412 125 810 313 139 2602 289 244 4870 3339 692 435 160 104 4175 12207 2647 1435 277 203 1158
is_linear=0
shrinkage=0.03


Tree=72
num_leaves=31
num_cat=0
split_feature=0 12 15 3 9 10 11 7 12 16 7 11 12 9 0 16 7 3 7 15 11 7 14 9 9 11 7 9 9 16
split_gain=15.8863 4.4255 3.81195 5.64481 3.74679 3.1492 3.07562 2.92136 2.75993 4.18797 2.83316 2.57928 3.41986 2.46328 4.36672 2.42631 2.54891 2.30062 2.20115 2.06926 2.39289 2.2704 2.58662 2.09996 2.03484 2.57714 2.59683 2.0143 2.01363 1.97837
threshold=3.6403311172394628 0.043743695664376421 1.7005986908310777 0.082000464567098086 0.01805763357127645 1.8418480125458265 8.9786604816926623 0.095332319688763448 0.19397273475839419 -0.29754298369186521 0.34355712775317698 9.3531411668500457 0.13776991863197677 0.0025046752417442089 1.5536437837739594 0.0050441549080128276 0.23616612509543858 0.14702745781778173 0.21366923581734837 4.2555875595453383 11.304658209589645 0.22253582083822629 0.048308477645043479 0.046109105025071422 0.0077047515488007966 9.5854149963988 0.24395122475576006 0.24819894757536004 0.1513672681785396 0.19214592862318994
decision_type=8 2 8 2 8 10 2 10 2 10 10 2 2 10 10 10 10 2 8 8 2 10 2 10 10 2 10 10 10 10
left_child=1 2 3 -1 5 7 27 -3 9 -8 -10 29 15 14 -14 -13 -17 24 -16 20 21 23 -23 -4 -15 26 -26 28 -6 -9
right_child=-2 4 19 -5 6 -7 8 11 10 -11 -12 12 13 17 18 16 -18 -19 -20 -21 -22 22 -24 -25 25 -27 -28 -29 -30 -31
leaf_value=-0.0099676732343847042 0.00039731230145325302 0.001091783180594151 0.00043627313687239427 -0.0007352219202209669 -0.00023031889609904254 0.00099860697929294662 -0.0022507356385936925 -0.0021196669983312732 0.001370981300366815 0.00022220252487362147 -0.00019782479495433628 0.00020385462348828984 -0.0036029150956820586 0.00375959464210431 -0.0011761191542428331 -0.0014008945087842649 -0.0075281480248842667 0.0011740066957069066 -0.00010363396587956746 0.00075794587663865348 -0.0027587686768378531 -0.004808144551746568 -0.0013929470506510093 -0.00020624457168138229 -0.0010582067304749519 -0.00056468143606293157 -0.0027331834950818788 -0.0036647756477790738 0.0020781052903404325 0.00098022091679182623
leaf_weight=91 3450 366 681 171 2298 689 47 533 4376 10247 724 71 45 113 46 219 47 327 216 279 55 42 314 2678 49 716 41 57 167 477
leaf_count=91 3450 366 681 171 2298 689 47 533 4376 10247 724 71 45 113 46 219 47 327 216 279 55 42 314 2678 49 716 41 57 167 477
internal_value=0.00054689 0.000294695 -0.00058372 -0.00408365 0.000467859 -0.000367796 0.000652341 -0.000756657 0.000811432 0.000528606 0.00138208 -0.00107549 -0.00172924 -0.0011332 -0.00353571 -0.0044645 -0.00577528 -0.000538893 -0.00203042 -0.000356296 -0.00054097 -0.000448062 -0.00272269 -0.00020625 -0.00130761 -0.00183643 -0.00659341 -0.000318668 -0.000188564 0.000148368
internal_weight=29632 26182 4311 262 21871 3955 17916 3266 15394 10294 5100 2900 1890 1553 307 337 266 1246 262 4049 3770 3715 356 3359 919 806 90 2522 2465 1010
internal_count=29632 26182 4311 262 21871 3955 17916 3266 15394 10294 5100 2900 1890 1553 307 337 266 1246 262 4049 3770 3715 356 3359 919 806 90 2522 2465 1010
is_linear=0
shrinkage=0.03


Tree=73
num_leaves=31
num_cat=0
split_feature=20 12 8 7 16 9 10 12 14 16 7 3 16 13 14 20 3 4 4 12 15 17 8 16 15 9 8 3 9 4
split_gain=16.92 4.08413 2.67414 8.81515 4.16256 3.42183 3.25187 2.96329 2.89067 3.5721 2.85264 2.55995 5.042 2.45272 2.5075 2.4282 2.28522 5.04194 3.6272 2.94766 2.27189 2.29095 4.04342 3.365 3.38399 2.88481 2.20333 3.72613 2.63016 2.19965
threshold=0.37644082686474351 0.043743695664376421 1.1961149005429206 0.050844857964181082 0.20687652704671119 0.021239598319266993 1.4536379364067133 0.1551424685005012 0.69023720239001662 0.078582519876950321 0.34355712775317698 0.37735000116746642 0.13812044173433333 0.067539671971076506 0.069160859213716855 0.10845106194870967 0.11369758380940388 978.12793074335161 594.89748073049839 0.13200789742452648 4.2696729980286863 0.59465101683448363 0.9608349325500839 0.51086519481583148 2.3502401828962087 0.068347677317233457 8.6693305413816386 0.17532194309480845 0.12881914306789252 847.08367199506222
decision_type=2 2 10 10 10 8 10 2 2 10 10 2 10 2 2 2 2 8 10 2 8 10 8 8 10 10 10 2 10 10
left_child=15 20 8 4 -4 6 16 13 -3 -10 -9 -12 -13 14 -7 -1 17 18 -5 -19 21 22 -2 24 25 -23 27 -15 -29 -27
right_child=1 2 3 5 -6 7 -8 10 9 -11 11 12 -14 26 -16 -17 -18 19 -20 -21 -22 23 -24 -25 -26 29 -28 28 -30 -31
leaf_value=0.00038539293240965543 -0.0051968877861677844 0.00053887120364027729 -0.001516628382534875 -0.0018155639416699658 -0.005862090713500261 0.0013654227145999502 0.0005036205402731361 0.00086834278408207317 -0.0026911549750848348 -0.00012388518229923968 3.4730466172920288e-05 -0.0032150785187917094 -0.0010284227536672495 0.0011328564618485247 -0.00026773654308130679 0.0014162950931362146 -0.00019048770912505594 -0.0034920534873219282 -0.0045484076302177434 -1.3801505928054275e-05 0.00084105401703749678 -0.002709674460084268 -0.00014619748211541225 0.00063226103046090361 -0.0010242789369418102 -0.0035652351222248287 -0.00012020739850439522 -0.00016999889366969649 -0.0035024070109017113 -0.0059416005875830838
leaf_weight=2101 46 3628 65 138 57 284 1259 6480 40 169 717 46 108 1417 2912 2580 1255 160 103 577 277 93 3280 137 388 44 1043 209 43 53
leaf_count=2101 46 3628 65 138 57 284 1259 6480 40 169 717 46 108 1417 2912 2580 1255 160 103 577 277 93 3280 137 388 44 1043 209 43 53
internal_value=0.000543151 0.000233489 0.000408479 0.000245881 -0.0077561 0.00030462 -0.000530776 0.000524661 0.00112324 -0.0023 0.000926687 -0.000684633 -0.00418064 2.43697e-05 -0.00053863 0.00219842 -0.00121799 -0.00230439 -0.00606198 -0.00106911 -0.000605696 -0.000785997 -0.000454463 -0.00232542 -0.00332642 -0.00659686 0.0006878 0.00136347 -0.00199209 -0.0101939
internal_weight=29709 25028 20710 16873 122 16751 3492 13259 3837 209 7351 871 154 5908 3196 4681 2233 978 241 737 4318 4041 3326 715 578 190 2712 1669 252 97
internal_count=29709 25028 20710 16873 122 16751 3492 13259 3837 209 7351 871 154 5908 3196 4681 2233 978 241 737 4318 4041 3326 715 578 190 2712 1669 252 97
is_linear=0
shrinkage=0.03


Tree=74
num_leaves=31
num_cat=0
split_feature=20 12 16 17 17 6 10 1 2 17 2 0 13 1 13 1 17 2 12 13 1 3 16 15 16 6 15 11 16 5
split_gain=15.9933 3.82417 4.46109 4.90708 3.24657 3.47336 2.95279 2.70668 2.01131 2.20421 4.28374 1.9472 1.81025 3.44682 1.89672 3.2468 4.17375 2.49514 1.96535 1.76749 2.12225 3.27563 1.754 1.74737 1.77989 1.56199 2.90383 1.52065 1.82424 1.4559
threshold=0.25358244218602016 0.30494223795343883 -0.29754298369186521 -0.19640088233180722 0.21133204779067682 0.25207841412822363 2.0372914601607222 0.069204980842911892 5.6626112916929676 0.67434611946916478 6.5879675063715215 1.733611276225701 0.20109813242769617 0.18588039867109638 0.054939382166393172 0.43513323983169711 0.045382253189301079 6.5432356033370338 0.15889117216631024 0.050064604467123554 0.045249795249795229 0.20297688687238843 -0.0081726373535580352 2.6735537653587347 0.35372724581483944 0.10318331544347002 2.6735537653587347 9.4678080515874239 0.19950724165295866 0.42561475409836075
decision_type=2 2 10 8 10 2 10 8 10 10 10 10 2 10 2 10 10 10 2 2 10 2 10 10 10 2 10 2 10 8
left_child=-1 2 3 -2 12 6 7 19 23 29 -11 -12 14 -14 15 17 -17 18 -4 20 22 -22 -6 24 -7 26 -5 28 -16 -10
right_child=1 -3 4 25 5 8 -8 -9 9 10 11 -13 13 -15 27 16 -18 -19 -20 -21 21 -23 -24 -25 -26 -27 -28 -29 -30 -31
leaf_value=0.0003738311444373658 -0.0055082560602367223 0.0011442040553581348 5.1210579417214736e-06 -0.0052576091418537908 -0.0035013655842572409 -0.00029617285331067015 -0.002408918235954946 0.00012488672043463092 -0.00061121116938915587 -0.0031373802762261439 0.0016478598742874538 -0.0013096135944868066 0.00017582483913496791 -0.0017534171953919086 0.00040448791041602759 -0.0020608108713235187 0.0001959111375128869 -0.00059231946894299588 0.00077844431778519821 -8.7467346736238037e-05 -0.0037909503604074603 0.00045719543253889324 -0.00088280853796288367 0.00028435149251436411 0.00048660404645165943 -0.00017861849907488937 0.001236832137372543 0.00067829200444533759 -0.0032466892881554518 0.00014971855924730373
leaf_weight=3221 47 2964 3443 67 57 2697 94 1235 53 71 69 41 163 71 642 55 40 63 2278 482 71 40 1056 5225 958 200 48 3711 178 333
leaf_count=3221 47 2964 3443 67 57 2697 94 1235 53 71 69 41 163 71 642 55 40 63 2278 482 71 40 1056 5225 958 200 48 3711 178 333
internal_value=0.000547247 0.000304162 0.000175997 -0.00312397 0.000227786 -0.000100457 -0.000983201 -0.000814752 0.000183213 -0.00154754 -0.00426923 -0.00054054 0.000612682 -0.00199149 0.000671405 0.000315816 -0.00515625 0.000406569 0.000472387 -0.00158875 -0.00219429 -0.00613393 -0.00179623 0.000293886 -0.000209245 -0.00175633 -0.00452586 0.00113261 -3.65407e-05 -0.000263566
internal_weight=29673 26452 23488 362 23126 12482 3035 2941 9447 567 181 110 10644 234 10410 5879 95 5784 5721 1706 1224 111 1113 8880 3655 315 115 4531 820 386
internal_count=29673 26452 23488 362 23126 12482 3035 2941 9447 567 181 110 10644 234 10410 5879 95 5784 5721 1706 1224 111 1113 8880 3655 315 115 4531 820 386
is_linear=0
shrinkage=0.03


Tree=75
num_leaves=31
num_cat=0
split_feature=20 12 8 4 20 14 6 6 17 17 12 7 10 1 13 16 1 15 14 16 20 13 20 4 2 20 16 13 15 13
split_gain=15.7695 3.74306 3.37238 3.88158 3.71383 3.1614 2.6046 2.30048 2.35418 2.43078 2.38406 2.36788 2.35957 2.34206 2.82453 2.54519 2.33 2.21945 2.97132 2.21215 2.18033 2.16603 2.40346 3.3049 1.97058 1.91014 1.76444 2.47148 1.72332 1.65898
threshold=0.25358244218602016 0.36576277341710034 5.2550473933281774 263.5512579623433 1.4212677531546551 0.083738801393164586 0.57600140497275187 -2.2242346252952223 0.21133204779067682 -0.43867369142464502 0.12119757128160648 0.42888257205671382 0.37245740866150184 1.0000000180025095e-35 0.1703222092891972 -1.0000000180025095e-35 0.07561463693539168 1.7005986908310777 0.26209131748968711 -0.021155585430419049 0.85256917422290457 0.049463911496686781 0.95742910226021116 789.50299527630489 4.5118933025651744 0.50558691493811636 0.4700752163315477 0.016025616861426187 4.4248287033199567 0.0058300425387644546
decision_type=2 2 10 8 2 2 2 2 10 8 2 8 10 8 2 10 10 8 2 8 2 2 2 8 10 2 10 2 10 2
left_child=-1 2 4 5 7 -4 17 -2 9 12 13 28 -9 15 -15 -10 -14 18 -5 -3 -16 -11 -23 -24 26 -19 27 29 -12 -17
right_child=1 19 3 6 -6 -7 -8 8 10 21 11 -13 16 14 20 24 -18 25 -20 -21 -22 22 23 -25 -26 -27 -28 -29 -30 -31
leaf_value=0.00036261621010424478 -0.0023816246070875275 -0.0039096246878825829 -0.0031913237562166373 -0.0018119387341304647 -0.015644794334279278 -0.00097748982413689849 0.00015163430878647319 -0.0045894510888458591 -0.0026455340718187326 0.00018073426037141962 0.00040708116822593627 -0.0024938782511394276 0.001601837587051859 0.00013525446715929163 -0.0028348632273382654 -0.00053540988385625764 -0.0015122343127561468 0.00031743009127578814 -0.0056308661137315199 0.0018036148578836515 -0.00041906887987026251 0.00098610128364457253 -0.003780329559845713 0.00040504395504956602 -0.001909034583540719 -0.00056840053478295256 0.0010494019913599392 -8.5988779818200622e-06 -0.00142345194148714 -0.0018242000521007809
leaf_weight=3237 78 47 64 170 101 120 3422 43 82 4623 5221 79 92 2477 42 397 40 614 56 1455 94 3440 96 523 75 1937 169 685 43 75
leaf_count=3237 78 47 64 170 101 120 3422 43 82 4623 5221 79 92 2477 42 397 40 614 56 1455 94 3440 96 523 75 1937 169 685 43 75
internal_value=0.000569329 0.000326619 0.000238706 -0.000355733 0.00044409 -0.00463784 -0.000227903 0.000475755 0.000497787 0.000849063 0.000168115 0.000585517 -0.00264205 -0.000376373 0.000164116 -0.00132817 -0.000631579 -0.000910367 -0.0037533 0.00178044 -0.0040292 0.000919728 0.00142537 -0.000295161 -0.00102496 -0.000657132 -0.000755087 -0.00117357 0.000663248 -0.00284144
internal_weight=29597 26360 24858 6383 18475 184 6199 18374 18296 8857 9439 5343 175 4096 2613 1483 132 2777 226 1502 136 8682 4059 619 1401 2551 1326 1157 5264 472
internal_count=29597 26360 24858 6383 18475 184 6199 18374 18296 8857 9439 5343 175 4096 2613 1483 132 2777 226 1502 136 8682 4059 619 1401 2551 1326 1157 5264 472
is_linear=0
shrinkage=0.03


Tree=76
num_leaves=31
num_cat=0
split_feature=20 6 17 4 17 10 8 4 10 13 0 4 8 3 0 8 10 7 8 9 14 14 7 17 9 0 7 17 3 3
split_gain=16.9286 4.3568 3.9244 3.9111 4.25612 4.08389 2.26151 2.50197 2.42091 2.08495 1.98387 2.50583 1.88716 1.87463 1.70559 2.86384 1.96637 2.72118 1.72764 1.79462 7.6474 3.59512 3.15577 4.99613 7.21975 2.43972 2.10099 3.32673 4.35147 1.97182
threshold=0.25358244218602016 0.25207841412822363 0.21133204779067682 1008.2044936348515 -0.43867369142464502 0.38467525923063944 24.772319156178899 307.87041960936216 1.0674618598119998 0.063442304455765167 1.0075687858576539 1126.194316390113 48.328082823143212 0.22168009306213923 1.9983374155770131 1.2447101759887562 0.10448876491889277 0.22509635317443136 1.0191906717928123 0.014662104218780501 0.69023720239001662 0.060220462704673579 0.34355712775317698 0.39262395179074788 0.0025046752417442089 0.97693770405268132 0.34610156420500832 0.51749023245196768 0.37735000116746642 0.1526232844055547
decision_type=2 2 8 8 10 10 10 8 10 2 10 10 10 2 10 8 10 10 8 10 2 2 8 10 10 10 10 8 2 2
left_child=-1 2 3 4 5 -2 8 -8 -4 -6 11 -10 -5 -12 18 -16 17 -17 -3 20 21 22 23 -20 -25 -21 -27 28 -28 -23
right_child=1 14 6 12 9 -7 7 -9 10 -11 13 -13 -14 -15 15 16 -18 -19 19 25 -22 29 -24 24 -26 26 27 -29 -30 -31
leaf_value=0.00035173772380111748 -0.005349834714921735 0.00079333549619374814 -3.8457882012967757e-05 0.00042318340249149531 -0.00041892130211423548 -0.001523380176676175 -0.0034784328515430965 -0.0012541485780636205 -0.003120594022773134 0.00063679621291401153 -0.00018101960057104882 -0.0042610335949248455 -0.00055894631419786114 -0.0013235353786445051 -0.0016942329030326573 0.0015707032641343616 0.0010677798503201884 -0.0019554072533966653 -0.00034237986276119113 -0.00059742704358984038 -0.0026378597211923534 -0.00033589365793805249 0.00059087390671708976 -0.0036182421466019639 -0.0018920426054311753 0.00026901055192651537 -0.00066260934606937843 0.00024847934962676067 -0.0043214270188038726 0.0010112456356060691
leaf_weight=3224 42 435 1880 3188 1191 79 42 686 82 396 453 66 195 115 50 48 2792 40 206 629 42 441 119 43 51 11799 180 315 50 664
leaf_count=3224 42 435 1880 3188 1191 79 42 686 82 396 453 66 195 115 50 48 2792 40 206 629 42 441 119 43 51 11799 180 315 50 664
internal_value=0.000491775 0.000240388 -0.0003226 0.000200903 -0.000968988 -0.00636885 -0.00112421 -0.00260082 -0.00070928 -0.000553526 -0.00219247 -0.00527517 0.000791667 -0.00138137 0.000504999 0.00116684 0.00129122 -0.00310112 0.000375426 0.000319601 -0.000639438 -0.000287213 -0.00265 -0.00428571 -0.00997895 0.000435409 0.000528311 -0.00129121 -0.00402597 0.000610308
internal_weight=29543 26319 8415 5091 1708 121 3324 728 2596 1587 716 148 3383 568 17904 2930 2880 88 14974 14539 1566 1524 419 300 94 12973 12344 545 230 1105
internal_count=29543 26319 8415 5091 1708 121 3324 728 2596 1587 716 148 3383 568 17904 2930 2880 88 14974 14539 1566 1524 419 300 94 12973 12344 545 230 1105
is_linear=0
shrinkage=0.03


Tree=77
num_leaves=31
num_cat=0
split_feature=0 6 8 11 4 3 0 15 17 14 8 20 11 3 20 0 7 20 11 17 10 0 15 8 8 4 0 1 14 4
split_gain=15.4093 3.06079 4.83624 2.83982 2.77949 1.9897 2.2103 2.56798 1.96719 2.05776 2.22605 2.07154 2.81794 2.24735 4.61333 1.90713 1.90706 1.87579 2.38752 3.83696 1.82309 1.7923 1.73026 2.5958 3.09438 2.14647 2.09993 2.0958 1.97033 1.80693
threshold=3.2569134638102266 0.73733368980292902 5.2550473933281774 10.149546528230038 237.70114823402255 0.14144428726846689 1.7884722702726024 1.7005986908310777 -0.50990566521121961 0.4481291563988391 1.0459082017785162 0.96709300049311508 10.059785924192239 0.11560085967260787 1.0823222838339188 1.9983374155770131 0.29036277584367998 0.069152642300204528 7.5722457171989133 0.68391844084182418 0.18547172943038395 1.5032031433435511 3.2384861814448418 1.2534388933884364 1.2803370485938685 1724.0626526631161 1.2065377958828969 1.0000000180025095e-35 0.29607588779066524 1154.6711332693524
decision_type=8 2 10 2 8 2 10 8 8 2 10 2 2 2 2 10 10 2 2 8 10 10 10 10 10 10 10 10 2 10
left_child=1 2 3 8 -4 6 7 16 -1 10 -10 -12 13 14 -13 -3 -6 -2 19 -19 -17 22 -5 29 26 -26 -25 28 -27 -24
right_child=17 15 4 21 5 -7 -8 -9 9 -11 11 12 -14 -15 -16 20 -18 18 -20 -21 -22 -23 23 24 25 27 -28 -29 -30 -31
leaf_value=-0.0043535537993902272 0.00034118559208708393 0.00019299460102972985 -0.0030610560182545562 0.00060058954441704932 -0.0018565770885461397 6.1543558667843435e-05 -0.00023412682106673346 -0.0010244421920643752 0.00049474569969486487 0.00045275239070670956 -0.00014193623966211462 -0.0033018188782346736 -0.002925274232167797 -0.00039546920358393244 0.00018971319349586871 -0.00074574667409240888 -0.0073646394392995569 -0.001267134577895209 0.0017315010978045111 0.0040990373534392985 0.0012735684990797507 0.0014059412936001776 -0.00011007096036318127 -0.0019355432870747267 0.00017243739736149541 -0.0010555837665289878 -0.00011304533782185602 -0.00028310361062848727 -0.0015483897691685078 0.00060429443369973575
leaf_weight=80 1851 10718 77 1240 42 1076 801 1207 440 1371 2919 61 49 480 72 64 42 42 1842 71 1975 837 365 47 546 50 40 119 44 996
leaf_count=80 1851 10718 77 1240 42 1076 801 1207 440 1371 2919 61 49 480 72 64 42 42 1842 71 1975 837 365 47 546 50 40 119 44 996
internal_value=0.000532116 0.000268799 -5.51452e-05 0.000278569 -0.00105823 -0.000920164 -0.00145915 -0.00222678 -0.00017431 -0.00010458 -0.000446793 -0.000694305 -0.00220814 -0.00164658 -0.00508209 0.000598918 -0.00727059 0.00231363 0.00166411 -0.00255263 0.00143971 0.000856943 0.000554234 5.02718e-05 -0.00125384 -0.000635526 -0.00657955 -0.00318224 -0.00650526 0.000861234
internal_weight=29564 25758 13001 9756 3245 3168 2092 1291 5472 5392 4021 3581 662 613 133 12757 84 3806 1955 113 2039 4284 3447 2207 846 759 87 213 94 1361
internal_count=29564 25758 13001 9756 3245 3168 2092 1291 5472 5392 4021 3581 662 613 133 12757 84 3806 1955 113 2039 4284 3447 2207 846 759 87 213 94 1361
is_linear=0
shrinkage=0.03


Tree=78
num_leaves=31
num_cat=0
split_feature=20 0 4 16 6 8 4 13 13 0 9 20 17 20 3 20 10 13 9 15 14 14 10 15 14 13 4 15 8 1
split_gain=14.8878 3.00044 3.74954 2.35721 2.15443 3.58084 2.74471 2.74087 3.05486 2.08305 2.0117 2.00537 1.89029 1.65365 2.23307 2.10339 2.09982 1.91855 1.83317 3.20276 2.33885 3.28309 2.936 2.3027 3.46603 2.81311 3.66895 2.49697 2.97388 1.86494
threshold=0.20605320543050182 0.87337022546413678 123.28416653708453 -0.29754298369186521 0.73733368980292902 2.0598598907182031 237.70114823402255 0.18258568595070482 0.051194119243081877 1.9983374155770131 0.0077047515488007966 0.9426553883795713 0.23429751344865929 0.38392434642015655 0.14144428726846689 0.96709300049311508 1.203621512432685 0.22681562571137473 0.070874147984448757 3.7726948748059121 0.23393309522416986 0.21556890388968922 0.65770395327297837 2.8029010331479989 0.12501922485389114 0.040182555916802455 538.73640111664429 3.1984648276080736 2.9789762408156055 0.17108013937282232
decision_type=2 10 8 8 2 10 8 2 2 10 10 2 10 2 2 2 10 2 10 10 2 2 10 10 2 2 10 10 10 8
left_child=-1 2 -2 -3 5 7 10 8 -5 -6 -7 -10 -9 -8 15 17 -17 18 19 20 21 23 -23 25 -25 -15 -27 -26 -29 -20
right_child=1 3 -4 4 9 6 13 12 11 -11 -12 -13 -14 14 -16 16 -18 -19 29 -21 -22 22 -24 24 27 26 -28 28 -30 -31
leaf_value=0.00033095002432447147 -0.018740432484690366 -0.0038907249282735205 -0.00075269174188371038 1.9227116354250285e-05 0.00022048005493183808 -0.00056082515361621527 0.00048282083795677999 -0.00087806349151586837 0.00067428615282495816 0.0010851398261144838 -0.0067358649066558479 -0.00010230262954829457 -0.0026622372597937213 0.00027091125573162233 0.00015652935804559806 -0.0041780663183761824 -0.0030887996038347671 -0.0017276519246022116 0.00051429103963653857 -0.0015705456005250518 0.00028191578424946809 -0.0020903065745955175 -0.0010187427837172061 0.0014190688007450689 -0.0051256147028925494 0.0023181240115390696 -0.0034779386957260227 -0.0042690982295395851 0.00042611864158147248 -0.00057451876773068988
leaf_weight=2719 56 64 505 4717 10624 41 652 76 2812 2659 52 730 49 407 1545 61 41 43 526 60 484 41 48 62 61 41 66 45 69 313
leaf_count=2719 56 64 505 4717 10624 41 652 76 2812 2659 52 730 49 407 1545 61 41 43 526 60 484 41 48 62 61 41 66 45 69 313
internal_value=0.000519616 0.000306111 -0.00186299 0.000352293 0.000366368 9.24635e-05 -0.000574372 0.00046297 0.000529903 0.000635276 -0.00564894 0.0011956 -0.00392857 -0.000469776 -0.000702861 -0.00128155 -0.00547573 -0.00109043 -0.000967176 -0.00163754 -0.00132679 -0.002283 -0.0077 -0.00163165 -0.00407143 -0.000500971 -0.00480556 -0.00622159 -0.00354783 0.000139286
internal_weight=29669 26950 561 26389 26325 13042 4658 8384 8259 13283 93 3542 125 4565 3913 2368 102 2266 2223 1384 1324 840 89 751 237 514 107 175 114 839
internal_count=29669 26950 561 26389 26325 13042 4658 8384 8259 13283 93 3542 125 4565 3913 2368 102 2266 2223 1384 1324 840 89 751 237 514 107 175 114 839
is_linear=0
shrinkage=0.03


Tree=79
num_leaves=31
num_cat=0
split_feature=0 12 16 8 3 7 9 11 13 7 12 2 2 11 10 8 0 13 11 3 14 3 12 7 14 17 3 14 9 13
split_gain=15.3743 4.28492 3.82342 3.99919 3.64057 3.58687 3.22227 3.04162 2.89815 2.62304 2.37324 2.11032 2.38409 2.21738 2.09803 2.28098 1.88571 1.87633 1.8428 3.94828 1.83911 1.68651 1.6854 4.34332 1.64361 1.72285 2.36303 1.62762 1.6278 2.19523
threshold=4.8546916616174451 0.13321697769211308 -0.29754298369186521 1.2472824973766365 0.21552246531516853 0.0527824954399762 0.021239598319266993 11.238916155784842 0.035874103367187875 0.14925329145750263 0.35262464095983953 6.5781801615931768 6.4899185194435338 9.6369470793051697 1.4676207191831521 1.2075477327336002 1.1500051057210736 0.18017668990777472 7.4386775612200848 0.1256631973245072 0.054411488519715293 0.50541988633251311 0.2245031083962408 0.34610156420500832 0.24116311111870239 0.71259416527479058 0.073932463755074188 0.69023720239001662 0.10221534526835348 0.012103595102058542
decision_type=8 2 10 10 2 10 10 2 2 10 2 8 8 2 8 10 10 2 2 2 2 2 2 10 2 10 2 2 10 2
left_child=1 2 9 4 16 -5 10 21 -9 -1 14 12 17 -13 15 -3 -4 -8 19 -7 -21 27 23 -15 -17 -26 -27 28 -6 -30
right_child=-2 6 3 5 7 18 11 8 -10 -11 -12 13 -14 22 -16 24 -18 -19 -20 20 -22 -23 -24 -25 25 26 -28 -29 29 -31
leaf_value=-0.007271219942771536 0.00032102152359473728 0.0016811508531491734 0.0002318039884383962 -0.0040890713274540028 0.00035864682646266313 -0.007079556187114395 0.00092420101743695285 -0.0020483147510690866 -0.00035989803832525745 -0.0036145494216221663 0.0011970110685183806 0.00026921198961997667 -0.0014071586522968974 0.00055590178103352445 0.00043456022378152636 -0.0010330768638251383 0.00093294456074559037 -0.00061694649851844327 -0.00015415575624285082 -0.0057563489060452966 0.00042064853228477222 -0.0024031404835928856 0.0015352311833745171 -0.0027294671237509628 0.00048520237814456661 -0.0009360106842290774 0.00029320115433314993 -0.0011113147907097498 -0.00054149191648698814 8.4816307791954761e-05
leaf_weight=40 2792 184 2366 60 963 40 303 40 52 70 760 3841 77 4015 936 1371 1181 72 5740 45 105 63 2513 40 383 62 131 83 393 880
leaf_count=40 2792 184 2366 60 963 40 303 40 52 70 760 3841 77 4015 936 1371 1181 72 5740 45 105 63 2513 40 383 62 131 83 393 880
internal_value=0.000504797 0.000284111 -0.000133394 -8.21677e-05 0.0004638 -0.000630946 0.000628634 -0.000419394 -0.00574194 -0.00567568 -0.000119906 0.000892377 -0.00111258 0.000979539 -0.000491851 -0.00101173 0.00107976 -0.000119681 -0.000556398 -0.0034555 -0.00119205 -0.000211498 0.00131436 0.000935651 -0.00131365 3.1196e-05 -0.0022732 -7.88792e-05 7.51007e-05 -0.000628728
internal_weight=29601 26809 12121 12011 6021 5990 14688 2474 92 110 3827 10861 452 10409 3067 2131 3547 375 5930 190 150 2382 6568 4055 1947 576 193 2319 2236 1273
internal_count=29601 26809 12121 12011 6021 5990 14688 2474 92 110 3827 10861 452 10409 3067 2131 3547 375 5930 190 150 2382 6568 4055 1947 576 193 2319 2236 1273
is_linear=0
shrinkage=0.03


Tree=80
num_leaves=31
num_cat=0
split_feature=20 12 15 10 13 11 2 17 0 1 9 7 1 14 14 15 4 16 14 14 15 14 7 6 14 7 4 10 13 9
split_gain=15.4663 4.16221 3.05441 4.19748 2.93188 3.61661 3.58235 3.87598 2.91039 2.89763 2.67714 2.85809 2.60476 3.79851 3.71467 3.47274 2.59642 2.57237 3.82469 4.92676 6.01624 4.80007 2.79495 2.25927 2.50969 2.20377 2.05741 1.88943 1.86604 3.58128
threshold=0.20605320543050182 0.17337531495499195 2.6735537653587347 1.5977132576692845 0.049463911496686781 11.020218035545364 6.5815516609514724 0.66486384125251907 0.70579746621234041 0.44402673350041777 0.021632692478267219 0.34355712775317698 1.0000000180025095e-35 0.32109755515639499 0.21950109517280039 3.5408542930527882 2501.7930689053878 0.52280323611076884 0.25450203479105588 0.5279402001547141 2.9700856263602158 0.40744077389045708 0.37323643878515483 0.18336374540587086 0.32706580164614985 0.014467040104227917 3052.6424770301824 2.0613737368795064 0.071988961766588352 0.11566372771018558
decision_type=2 2 8 8 2 2 8 10 10 10 8 8 8 2 2 10 10 10 2 2 8 2 10 2 2 8 10 10 2 10
left_child=-1 2 3 8 5 9 7 26 -2 25 27 -12 15 14 -14 -7 17 18 -13 20 21 22 -20 24 -5 -4 -6 -3 -25 -30
right_child=1 10 4 23 6 12 -8 -9 -10 -11 11 16 13 -15 -16 -17 -18 -19 19 -21 -22 -23 -24 28 -26 -27 -28 -29 29 -31
leaf_value=0.00031139087788689522 -0.017706245470694132 -9.2339808962826317e-05 0.00070887175713608573 -0.0017672942346559106 1.9337243080159366e-05 -0.0012121684078351576 0.0004720710307266883 -0.0030666827134374465 -2.9156816268975745e-05 -0.0029476040238292658 0.00093835033068085695 0.0002809151627537126 -3.1593857204906884e-05 0.00035512056433818258 -0.0020163554024465102 -0.0015607893296678162 0.0014523889503431731 0.0014758059253319102 -0.0048883618298082021 8.3328899873513445e-05 -2.3278142587357296e-05 -0.004106451065284485 -4.552951102920664e-05 -0.00021884259985371964 -0.0054829927055574032 -4.7303234780121008e-05 -0.0011034228399457806 0.0019361356858307135 -0.00026781016385254264 -0.0051042845227122187
leaf_weight=2720 62 2875 309 185 507 67 5419 66 4022 45 6654 347 68 230 46 55 191 173 58 177 90 46 46 623 46 4011 66 297 161 65
leaf_count=2720 62 2875 309 185 507 67 5419 66 4022 45 6654 347 68 230 46 55 191 173 58 177 90 46 46 623 46 4011 66 297 161 65
internal_value=0.000512345 0.000295135 -1.25201e-05 -0.000613359 0.000272452 -0.000278766 0.000711999 -0.00141094 -0.000173317 -1.03068e-05 0.000745961 0.00104536 -0.00278801 -0.00144348 -0.00589565 -0.00653659 -0.000350753 -0.00100107 -0.00174902 -0.00368182 -0.00647303 -0.0101324 -0.00645714 -0.00227567 -0.00490086 6.94285e-05 -0.000611498 1.13458e-05 -0.00155647 -0.00388546
internal_weight=29727 27007 16053 5164 10889 4831 6058 639 4084 4365 10954 7782 466 344 114 122 1128 937 764 417 240 150 104 1080 231 4320 573 3172 849 226
internal_count=29727 27007 16053 5164 10889 4831 6058 639 4084 4365 10954 7782 466 344 114 122 1128 937 764 417 240 150 104 1080 231 4320 573 3172 849 226
is_linear=0
shrinkage=0.03


Tree=81
num_leaves=31
num_cat=0
split_feature=0 20 13 1 11 6 2 3 1 9 17 9 0 14 11 10 16 3 7 7 6 17 11 1 0 17 14 3 0 13
split_gain=15.1358 3.11858 2.79199 6.44954 2.86843 3.90851 3.38323 4.52096 4.32224 3.04157 3.85181 3.90788 2.92931 2.49283 1.95801 1.93283 1.84199 1.76919 2.13771 2.21561 2.01648 1.74528 1.71751 4.0702 2.55017 3.52548 2.20942 3.58169 3.53095 3.08903
threshold=4.8546916616174451 0.50042227561814967 0.19280385077913953 0.18146027201145312 10.12284394139424 -2.2242346252952223 3.5721009364799494 0.19485745113966416 0.10889328063241112 0.014662104218780501 0.29963439265987152 0.0025046752417442089 1.4663991370358149 0.22344619519823836 10.462646089415928 1.3336967360881926 0.44718524292842771 0.088885361894294621 0.15090816188082923 0.24059971620000803 1.6549928864006753 0.97401981203261168 11.091216632590715 1.0000000180025095e-35 1.575692600994232 0.041689987563377807 0.29330628588676771 0.137987316399342 1.4102633841396104 0.063442304455765167
decision_type=8 2 2 10 2 2 10 2 10 8 10 10 10 2 2 10 10 2 10 10 2 10 2 10 10 10 2 2 10 2
left_child=1 15 4 14 5 -3 16 8 -8 10 -6 -12 21 -5 -4 17 -7 18 -1 -20 -21 -13 -11 24 25 -24 27 28 29 -25
right_child=-2 2 3 13 9 6 7 -9 -10 22 11 12 -14 -15 -16 -17 -18 -19 19 20 -22 -23 23 26 -26 -27 -28 -29 -30 -31
leaf_value=-0.0014988927884374633 0.00030204915155028836 -0.0055778451025877461 -0.00095114021166863548 -0.0020399097226106622 0.00052370336537222839 -4.0366251305072617e-05 -0.0012849724902352251 0.0010216806831635044 -0.0059527694291583184 0.00043390469311683502 -0.0024964801819766648 -0.0010912479669016833 0.0002947921811193979 -0.0024569580516340568 0.00062559951226055202 0.0016038070743231835 0.00089343518894791812 0.0008787027306728835 0.00064791646852657096 -0.00028758728145870417 -0.0011262329362275256 -0.0032389729820260431 -0.0021657300595822552 -0.0023102305244172431 0.00027938795908729626 -0.0011821255259057322 0.00048095259332086177 0.00060833717839042518 0.0013028156282831422 -0.0010718273016478046
leaf_weight=60 2774 62 154 62 343 10932 129 91 42 7106 44 102 149 82 248 1809 1300 1410 452 427 58 62 56 40 109 262 890 282 63 80
leaf_count=60 2774 62 154 62 343 10932 129 91 42 7106 44 102 149 82 248 1809 1300 1410 452 427 58 62 56 40 109 262 890 282 63 80
internal_value=0.000532664 0.000315085 0.000175841 -0.0019415 0.000228133 -7.02396e-05 -3.26529e-05 -0.00339924 -0.00626163 0.000618834 -0.00128388 -0.00346089 -0.00226433 -0.00736552 1.48884e-05 0.00106426 3.97287e-05 0.00050706 -0.00045992 -0.000105544 -0.00151235 -0.00501818 0.000768815 -6.39371e-05 -0.00261449 -0.00396865 0.000741151 -0.000933476 -0.00419022 -0.00719008
internal_weight=29680 26906 22690 546 22144 12556 12494 262 171 9588 700 357 313 144 402 4216 12232 2407 997 937 485 164 8888 1782 427 318 1355 465 183 120
internal_count=29680 26906 22690 546 22144 12556 12494 262 171 9588 700 357 313 144 402 4216 12232 2407 997 937 485 164 8888 1782 427 318 1355 465 183 120
is_linear=0
shrinkage=0.03


Tree=82
num_leaves=31
num_cat=0
split_feature=20 12 13 15 11 11 7 3 5 9 7 16 19 10 12 6 3 16 11 1 15 15 15 11 7 9 13 11 3 16
split_gain=14.8403 3.34928 2.88452 4.71481 4.58333 3.00768 2.62919 3.58465 2.86857 2.5732 2.98989 2.56264 2.46143 2.24891 2.2065 1.81893 1.79212 4.62584 1.99329 1.82889 1.75761 2.42405 1.63299 3.70346 1.62929 5.01329 1.62043 3.49478 2.11483 1.63606
threshold=0.20605320543050182 0.1551424685005012 0.048338929168270359 1.7005986908310777 7.6520706332757618 11.020218035545364 0.1410152356695977 0.1693399213984392 0.83697199810156631 0.033787893997837021 0.43800126171309378 0.10329005639024884 6.5000000000000009 1.4855473264019532 0.36576277341710034 -1.8372099790356391 0.14620401060293356 0.1611707516048427 11.507706838915189 1.0000000180025095e-35 3.7726948748059121 3.8606743063089755 3.4811217321331038 10.931310713559283 0.044996701473583034 0.14329496817999279 0.10145491894494925 9.1613601842398698 0.21370200103247514 0.0086180770252357961
decision_type=2 2 2 8 2 2 10 2 10 10 10 10 2 8 2 2 2 10 2 10 10 10 10 2 8 10 2 2 2 10
left_child=-1 2 5 4 -4 15 7 -5 20 13 -11 -12 -10 14 -3 -2 17 18 -7 -18 -8 -22 23 26 25 -17 29 28 -28 -9
right_child=1 9 3 6 -6 16 8 22 12 10 11 -13 -14 -15 -16 24 19 -19 -20 -21 21 -23 -24 -25 -26 -27 27 -29 -30 -31
leaf_value=0.00029298767700377973 -0.0062655800731447253 -0.00032323632045485196 -0.0093973602583170644 0.00062036378181250771 -1.2448203125989705e-05 -0.00067474910265339922 1.8708115654460409e-05 -0.00064674698861202885 -0.0016465380190941712 0.00078830099354683619 -0.0036621207035661806 0.00015506945503902532 -0.00027219311409469132 0.00094837503196910846 0.0012857151912571009 0.00049906052510113386 -0.0013720711039484773 -0.0023518699386204651 0.0005272228519730283 5.3710552026971795e-05 -0.0037378597255794876 -0.00023739657852060985 0.00046813960616629621 -0.0009906269119353407 -0.00016678638064315123 -0.0013128171555610506 -0.0002574341013774659 -5.0626019725340386e-05 -0.0041045685441692126 0.0007999346048914635
leaf_weight=2774 65 2800 54 3509 83 99 1735 93 43 7583 46 62 47 1507 569 811 51 48 52 141 40 101 404 81 5610 88 63 550 67 478
leaf_count=2774 65 2800 54 3509 83 99 1735 93 43 7583 46 62 47 1507 569 811 51 48 52 141 40 101 404 81 5610 88 63 550 67 478
internal_value=0.00054264 0.000326997 1.3204e-05 0.000427813 -0.00506522 -0.000424203 0.000532862 0.00088353 -0.000402643 0.000684357 0.00102613 -0.00390826 -0.0056044 0.000145171 -0.000285757 -0.000271939 -0.00297704 -0.004965 -0.00234868 -0.000901554 -0.00015024 -0.00335915 -0.000231433 -0.000738184 -0.000221659 0.000963333 -0.000333067 -0.00132159 -0.00572519 0.000844406
internal_weight=29654 26880 14313 7348 137 6965 7211 5245 1966 12567 7691 108 90 4876 3369 6574 391 199 151 192 1876 141 1736 1332 6509 899 1251 680 130 571
internal_count=29654 26880 14313 7348 137 6965 7211 5245 1966 12567 7691 108 90 4876 3369 6574 391 199 151 192 1876 141 1736 1332 6509 899 1251 680 130 571
is_linear=0
shrinkage=0.03


Tree=83
num_leaves=31
num_cat=0
split_feature=20 0 12 13 2 16 12 7 2 5 1 4 3 7 16 14 11 7 4 3 16 4 11 16 14 16 4 4 13 7
split_gain=14.8663 3.53341 3.13484 3.01244 2.46749 2.4737 2.38972 3.01313 2.38185 2.29123 2.29026 2.26337 2.35468 3.72308 2.25516 1.96832 1.9215 2.2197 3.27584 3.04778 1.87537 1.80721 2.35382 2.04143 1.77531 1.68395 2.55306 3.15204 2.51952 1.94658
threshold=0.25358244218602016 0.70579746621234041 0.3245280504464399 0.049463911496686781 6.2495675662743428 0.14101581367570168 0.13321697769211308 0.014467040104227917 6.5815516609514724 0.65997591328783634 0.059262510974539058 70.493037231582292 0.16706501495700168 0.36591474860996426 0.41168324740555678 0.20244526921368247 9.9679401300085129 0.16954296859386678 2955.559003940577 0.087799293665227957 0.28915458266179833 1190.3701150429383 10.657459334846001 0.37956675316759941 0.64617256261511691 -1.0000000180025095e-35 580.55820484373055 828.65345480035603 0.074461342176922685 0.0527824954399762
decision_type=2 10 2 2 10 8 2 8 8 10 10 10 2 10 8 2 2 10 10 2 10 10 2 8 2 10 10 10 2 8
left_child=-1 15 3 4 6 9 7 -3 14 -6 -8 -9 13 24 -5 -2 25 -18 -19 -20 -7 22 23 -14 -13 26 -10 28 -28 -27
right_child=1 2 -4 8 5 20 10 11 16 -11 -12 12 21 -15 -16 -17 17 18 19 -21 -22 -23 -24 -25 -26 29 27 -29 -30 -31
leaf_value=0.00028419804669366634 -0.018392506434036119 0.00046088789956862764 0.0011345119214735398 -0.00012720238260130164 -0.00046196911866913811 0.00017448292342083047 -1.6921422038755387e-05 0.00060248373622019452 0.0013826550883247531 -0.0017665254376947788 0.00057367096803589068 -0.00066186545753467148 -0.00031599553364119548 -0.0070484093195776372 -0.0029824564531694651 -0.0039545191344882574 0.00063147090820612518 0.00013944211788123598 0.0022033158397667674 -0.0017417691293429565 -0.0016667947486853746 0.00024314734793000735 -0.0009762758843652352 0.00082414368823806815 0.0023791758219044341 -0.0013972534579692194 -0.0021596694663329188 -0.00042039407680429625 -0.0015463884957950186 0.00035287063525867273
leaf_weight=3225 40 479 2410 919 65 135 5160 232 122 48 2783 1920 1674 42 65 72 4825 623 41 74 48 896 87 316 104 377 43 251 47 2549
leaf_count=3225 40 479 2410 919 65 135 5160 232 122 48 2783 1920 1674 42 65 72 4825 623 41 74 48 896 87 316 104 377 43 251 47 2549
internal_value=0.000537054 0.000302518 0.00032522 0.000221307 -6.24016e-05 -0.00276768 -3.72415e-06 -0.000469483 0.000620711 -0.00623684 0.000333459 -0.000676593 -0.000810119 -0.00158781 -0.000779695 -0.00499115 0.000774712 0.00111772 -0.000414073 -0.0050431 -0.000603261 -0.000269334 -0.000755053 -0.000542441 -0.00140148 0.000211505 -0.00146767 -0.00279825 -0.00758242 0.000477622
internal_weight=29672 26447 26335 23925 13989 296 13693 5750 9936 113 7943 5271 5039 2066 984 112 8952 5563 738 115 183 2973 2077 1990 2024 3389 463 341 90 2926
internal_count=29672 26447 26335 23925 13989 296 13693 5750 9936 113 7943 5271 5039 2066 984 112 8952 5563 738 115 183 2973 2077 1990 2024 3389 463 341 90 2926
is_linear=0
shrinkage=0.03


Tree=84
num_leaves=31
num_cat=0
split_feature=0 12 9 15 9 8 11 8 3 9 14 3 15 4 11 5 2 5 8 14 12 8 14 14 1 3 15 11 3 4
split_gain=15.3893 3.63363 3.07258 2.89924 2.80782 3.82248 2.75537 2.40023 2.40722 2.37384 2.96742 2.81702 3.04972 2.45798 2.65924 2.34419 2.29678 2.1172 2.66694 2.11467 4.56264 2.9094 1.97821 2.8766 3.21408 2.64043 4.56269 2.86542 3.50295 2.69306
threshold=4.8546916616174451 0.095471879744685864 0.017863256567631682 1.7005986908310777 0.0055351307189542504 2.5136582494752608 9.6369470793051697 1.2472824973766365 0.36074935571588113 0.14329496817999279 0.18455293740530895 0.44043284691908446 3.0201273556387074 1052.0235351302542 8.2224192840079287 0.93351749539594853 6.5815516609514724 0.50268817204301086 1.6015318188572691 0.68027517933753268 0.23674143765615788 1.2447101759887562 0.4751549877077475 0.20244526921368247 0.26546556122448983 0.16706501495700168 3.0201273556387074 8.9193862834171718 0.029342526062816544 594.89748073049839
decision_type=8 2 10 8 10 10 2 10 2 10 2 2 8 8 2 10 8 8 10 2 2 10 2 2 10 2 8 2 2 10
left_child=1 3 19 4 -1 -6 22 8 -5 10 -10 12 -11 14 -12 -9 17 18 -8 21 -21 -3 23 -4 25 27 29 28 -25 -27
right_child=-2 2 6 7 5 -7 16 15 9 11 13 -13 -14 -15 -16 -17 -18 -19 -20 20 -22 -23 -24 24 -26 26 -28 -29 -30 -31
leaf_value=0.0014440578207317821 0.00027567210529285638 0.0011135238173719513 0.00033425222266058962 0.00025219101940640283 -0.0029921508120186501 -0.0096541111130677964 -0.0014794975442620044 -0.00018201996308679142 0.00037677302734824152 -0.0018279976414793085 -0.00037480415919032017 0.00020464047293021804 -0.00059974174616791163 0.00065204343663077379 -0.001152940339177593 -0.0019143260906175773 0.00058749033917351813 4.1799024424732796e-05 0.00031511182032909781 -0.0021013313423473017 0.00084514834274020524 -0.00024418519554284993 0.00090982821492272578 -0.0026935333532515202 -0.0020403624813593547 0.00075298157425000042 -0.0022527811699679778 0.00047913704794286065 -0.0011420241577540971 -0.00081932237382186055
leaf_weight=80 2750 454 2047 3571 257 48 57 3370 535 41 135 120 122 102 51 68 9189 513 55 64 52 3176 954 40 82 187 40 614 233 629
leaf_count=80 2750 454 2047 3571 257 48 57 3370 535 41 135 120 122 102 51 68 9189 513 55 64 52 3176 954 40 82 187 40 614 233 629
internal_value=0.000512805 0.00029412 0.000531245 -0.000218798 -0.00275907 -0.00406863 0.000727409 -9.79545e-05 0.000344378 -0.000878049 -6.18931e-05 -0.00324296 -0.00579878 -0.00251211 -0.00455615 -0.000699622 0.001016 -0.000742811 -0.00446018 -0.000235388 -0.00420513 -0.000107408 0.00014046 -0.000161115 -0.00102683 -0.00075172 -0.00193932 0.00039527 -0.00215693 -0.00144676
internal_weight=29636 26886 18386 8500 385 305 14640 8115 4677 1106 823 283 163 288 186 3438 9814 625 112 3746 116 3630 4826 3872 1825 1743 856 887 273 816
internal_count=29636 26886 18386 8500 385 305 14640 8115 4677 1106 823 283 163 288 186 3438 9814 625 112 3746 116 3630 4826 3872 1825 1743 856 887 273 816
is_linear=0
shrinkage=0.03


Tree=85
num_leaves=31
num_cat=0
split_feature=20 12 8 11 4 3 11 5 13 13 15 4 0 8 8 11 14 4 14 12 4 9 9 14 0 3 15 15 13 9
split_gain=15.8619 4.37795 4.07619 3.21157 4.71474 4.57529 2.36293 4.58898 2.11703 3.94998 3.82715 6.77578 5.14992 3.0468 4.02527 7.37138 2.56938 2.94165 2.39557 2.34155 2.27038 2.6311 2.0368 1.8817 1.85429 1.82423 2.4197 1.70506 1.68477 2.01105
threshold=0.17482696551698043 0.26272134895893556 5.7288153140666394 7.4386775612200848 511.22615663951512 0.30996742461919347 9.9779686690791873 0.20412660256410259 0.053918475218732498 0.0090453004020480746 3.1984648276080736 2340.7452137468604 1.4102633841396104 1.2236895635236984 1.2803370485938685 10.622692266228841 0.37712706838895749 1126.194316390113 0.0085772510192080719 0.16365128251845998 1031.8612449570489 0.14950538523484178 0.095237666049510353 0.68027517933753268 2.4484689893874925 0.1397703259187224 1.2424533248940004 3.795426061844291 0.2374386309201359 0.086504082084598213
decision_type=2 2 10 2 8 2 2 8 2 2 10 10 10 10 10 2 2 10 2 2 10 10 8 2 10 2 10 10 2 10
left_child=-1 2 6 4 5 -4 7 -2 9 -8 -11 13 -13 20 15 -15 17 -16 -10 -19 21 22 -12 -20 25 28 -27 -17 29 -5
right_child=1 -3 3 24 -6 -7 8 -9 18 10 11 12 -14 14 16 27 -18 19 23 -21 -22 -23 -24 -25 -26 26 -28 -29 -30 -31
leaf_value=0.00026740194213407064 -0.0027079410474909081 0.00084143186976570045 -0.0077971662917557692 -0.00078451053620476612 0.00067057802676710862 -0.00062941472974320631 0.00070070341656563182 6.495712762697639e-06 -0.0034430714561168771 0.00030673046916359302 -0.00014556030272163499 -0.0023323819892832605 -0.00052279565314848283 -0.0029724549587161505 0.00094903734973748714 0.00065137987254378408 0.00043399224851500904 -0.0014803209105006369 0.00056182991491675598 1.3462006107618057e-05 0.00033980753107444985 -0.0020878595788417611 0.00013247187323787705 -0.0022979715980835955 0.00050913091376037997 -0.0023119884967159826 8.1560444277811465e-05 -0.00069253272101629467 -0.0013272037363122862 1.0507501031416627e-05
leaf_weight=2553 41 5025 54 1726 53 49 2237 7977 44 931 40 50 40 56 54 52 178 93 4156 46 499 54 169 59 518 66 1750 50 58 902
leaf_count=2553 41 5025 54 1726 53 49 2237 7977 44 931 40 50 40 56 54 52 178 93 4156 46 499 54 169 59 518 66 1750 50 58 902
internal_value=0.00050404 0.000290477 0.000107985 -0.000628163 -0.0048535 -0.00856731 0.000334463 -3.81593e-05 0.000673629 0.000223517 -0.000645914 -0.00164761 -0.00956044 -0.00108901 -0.00283585 -0.00683019 -0.00112097 -0.00351031 0.00115423 -0.00580714 0.000125819 -0.002125 -0.000585714 0.00122747 -0.000495917 -0.000691539 4.2928e-05 -0.00198058 -0.00118794 -0.00107493
internal_weight=29580 27027 22002 5176 156 103 16826 8018 8808 4549 2312 1381 90 1291 529 158 371 193 4259 139 762 263 209 4215 5020 4502 1816 102 2686 2628
internal_count=29580 27027 22002 5176 156 103 16826 8018 8808 4549 2312 1381 90 1291 529 158 371 193 4259 139 762 263 209 4215 5020 4502 1816 102 2686 2628
is_linear=0
shrinkage=0.03


Tree=86
num_leaves=31
num_cat=0
split_feature=20 12 7 4 5 3 15 4 9 4 11 14 10 15 7 5 9 6 9 15 12 9 3 14 9 4 17 14 14 9
split_gain=15.043 3.03623 5.13412 3.27533 2.42624 2.41547 4.19183 5.18389 2.30617 2.03873 2.11122 3.87581 2.00588 2.64272 3.19301 2.32817 1.88777 1.86441 1.79897 2.76009 4.13275 1.74585 1.72582 2.35643 1.638 1.52944 2.44291 1.7418 2.59562 2.46971
threshold=0.17482696551698043 0.2245031083962408 0.23188448968898287 123.28416653708453 0.3389466546112116 0.10477913493765122 1.8688348091416842 1198.3600699440792 0.05537522069647479 524.65864855158713 8.4995382509978139 0.23236501670291229 1.4602383165576336 2.4414009612931857 0.067387082534567905 0.7956391056739085 0.062695891239881327 3.1091593966288071 0.056977889180953346 2.8029010331479989 0.14978297810926036 0.12133764951810268 0.15735355605218732 0.31514976034788916 0.12506979891835779 1016.2709922157761 -0.50990566521121961 0.1545874249843526 0.22899651462346401 0.18795351227521997
decision_type=2 2 8 8 8 2 8 10 8 8 2 2 10 8 10 10 10 2 8 10 2 10 2 2 10 8 8 2 2 10
left_child=-1 2 12 -4 -3 6 7 -5 -6 10 24 -12 25 14 21 -15 -17 -7 19 -8 -21 -14 23 -16 -10 26 -2 -28 29 -29
right_child=1 4 3 5 8 17 18 -9 9 -11 11 -13 13 15 22 16 -18 -19 -20 20 -22 -23 -24 -25 -26 -27 27 28 -30 -31
leaf_value=0.00025937988387004851 -0.0042882019961211415 -0.0033239480910603942 -0.0078793442625864369 -0.0061441667369066038 0.00031368066145580071 -6.0709912005205606e-05 -0.00034035822373852719 -0.00043962020130315746 0.0025880986954677481 0.0014646759516504545 0.0002453089661841866 -0.00267696447291811 -0.0019198057264614571 0.00016414637570593327 -0.00048562244156892818 0.00087013350961306381 -0.0010663024818411827 -0.0020282425256994835 0.0011269354063597724 -0.0076802518966786306 -0.00057822858771517857 -0.0046931665469576653 0.00019618051159271107 -0.0023329463968834244 -0.0035162817060836273 0.0002576108071597947 0.00026245636072563837 -0.0011886085978589963 4.3782993300689153e-05 0.0017745696772335461
leaf_weight=2531 40 41 55 73 4215 1587 368 68 171 2667 64 45 48 3007 344 59 106 65 195 71 121 40 341 76 40 9484 1432 473 1672 80
leaf_count=2531 40 41 55 73 4215 1587 368 68 171 2667 64 45 48 3007 344 59 106 65 195 71 121 40 341 76 40 9484 1432 473 1672 80
internal_value=0.000515112 0.000308108 0.000115874 -0.00112558 0.000833656 -0.000967438 -0.00222074 -0.0069507 0.000875469 0.00151305 -0.000747663 -0.00411818 0.000303784 -0.000282695 -0.00176824 0.000115348 -0.00334337 -0.000286751 -0.00132936 -0.00219251 -0.00509845 -0.00714607 -0.0011378 -0.0024228 0.00100472 0.000482704 -3.48836e-05 4.6747e-05 -0.000478437 -0.00225812
internal_weight=29579 27048 19805 2603 7243 2548 896 141 7202 2987 320 109 17202 4021 849 3172 165 1652 755 560 192 88 761 420 211 13181 3697 3657 2225 553
internal_count=29579 27048 19805 2603 7243 2548 896 141 7202 2987 320 109 17202 4021 849 3172 165 1652 755 560 192 88 761 420 211 13181 3697 3657 2225 553
is_linear=0
shrinkage=0.03


Tree=87
num_leaves=31
num_cat=0
split_feature=0 12 9 11 2 7 7 9 3 0 12 13 14 12 9 12 17 13 1 11 14 14 1 17 16 0 16 14 7 1
split_gain=16.1172 3.33419 2.89328 3.29669 2.67772 2.46769 2.35393 3.12355 3.541 2.76667 2.29939 2.26226 2.34076 4.41862 2.14237 2.1165 2.26583 1.9945 3.15538 1.80064 1.77714 2.12727 2.55826 2.91292 2.03948 2.63342 2.59563 2.49849 2.16235 1.81694
threshold=4.8546916616174451 0.076797300686663142 0.01805763357127645 9.6900158274709529 6.52353209705596 0.4575313335713494 0.22387855059410242 0.0065764796462273482 0.06208971850635505 1.0501066582977427 0.35262464095983953 0.04355416272978805 0.68027517933753268 0.22268342850432002 0.084176893584138782 0.20442472795755864 1.3200833072581308 0.19684568227386354 0.16428133306072382 10.187443941652988 0.058582606790845371 0.4751549877077475 0.31072796934865904 0.11394786144707957 0.17400703966088515 1.3902754158631547 0.35008667366020091 0.18308201311881486 0.21065293321987585 0.20112359550561801
decision_type=8 2 10 2 10 10 10 8 2 10 2 2 2 2 10 2 10 2 10 2 2 2 10 10 8 10 10 2 10 8
left_child=1 6 10 4 5 20 -1 -8 9 -9 11 12 -3 -14 -10 16 17 -5 -19 -18 -4 22 24 -24 25 28 27 29 -22 -26
right_child=-2 2 3 15 -6 -7 7 8 14 -11 -12 -13 13 -15 -16 -17 19 18 -20 -21 21 -23 23 -25 26 -27 -28 -29 -30 -31
leaf_value=-4.5980151101403237e-05 0.00025159848735394709 -0.00041503477201561371 0.0021147663604355691 0.00034889512093816481 -0.0045012322030343731 -0.0034184428762700594 0.00091416681154550484 -0.0062323060169148722 -0.0018368204637564639 -0.0051635291795790227 0.00095625529921761264 0.00047415033852087746 -0.0023398626295726924 0.0003720955295905747 0.0016691655379060728 0.0010976715254962003 -0.0030630625186250995 0.00031874388329853162 -0.0012065021964843305 -0.00034173582991018465 8.366559704627988e-05 0.00084380066382616853 -0.0016346456009638105 0.00060064438129066051 0.00027847152811694099 0.0010011180753297607 0.00035956670606196597 -0.0014721761402760717 -0.002005875633115627 -0.0018768333130981414
leaf_weight=6077 2751 2357 366 6817 52 50 208 40 293 41 679 849 54 43 60 3408 56 176 110 131 503 1007 46 44 516 1042 715 813 218 54
leaf_count=6077 2751 2357 366 6817 52 50 208 40 293 41 679 849 54 43 60 3408 56 176 110 131 503 1007 46 44 516 1042 715 813 218 54
internal_value=0.000485445 0.000261127 0.000454469 0.000633302 3.09564e-05 9.71164e-05 -0.000317411 -0.00204355 -0.00348965 -0.00910976 -0.000269646 -0.00059655 -0.00105825 -0.00560204 -0.00217797 0.000938779 0.000650117 0.000736064 -0.00171429 -0.00260106 0.00016 1.08894e-05 -0.000302884 -0.00527473 -0.000185655 0.000566327 -0.000817532 -0.00157587 -0.00082687 -5.25393e-05
internal_weight=29576 26825 20106 16124 5426 5374 6719 642 434 81 3982 3303 2454 97 353 10698 7290 7103 286 187 5324 4958 3951 90 3861 1763 2098 1383 721 570
internal_count=29576 26825 20106 16124 5426 5374 6719 642 434 81 3982 3303 2454 97 353 10698 7290 7103 286 187 5324 4958 3951 90 3861 1763 2098 1383 721 570
is_linear=0
shrinkage=0.03


Tree=88
num_leaves=31
num_cat=0
split_feature=20 11 5 6 5 1 9 8 1 9 13 0 16 17 19 2 2 5 7 11 16 15 0 14 14 16 9 14 14 16
split_gain=15.6575 2.56207 3.16337 2.48514 3.43633 3.0502 2.68045 3.50026 2.6271 2.15409 2.77538 4.82223 4.0518 2.12962 2.05392 1.929 3.12588 2.64415 2.07564 3.35137 1.80593 1.8033 2.09715 2.91647 2.1427 5.9333 2.81675 2.35813 2.32255 4.1693
threshold=0.20605320543050182 9.987415011414571 0.27145200023428812 -0.11943706702242539 0.95047420488921597 0.31072796934865904 0.078408752147107588 1.26876309538337 0.089087301587301618 0.015607635932383889 0.035322458591807424 1.3099931871959474 0.12977669337639122 0.76898922859737695 9.5000000000000018 5.6482242885919351 6.5836723454536132 0.51053682342502238 0.3992101321182534 10.313542110776185 0.44718524292842771 3.2384861814448418 1.0532743259250426 0.022539622045390114 0.54708634656653932 0.010781853940238688 0.1131366222994713 0.34481896604462137 0.27619479382246931 0.27599968065299668
decision_type=2 2 8 2 10 10 8 10 10 8 2 10 10 10 2 10 10 8 10 2 10 8 10 2 2 8 10 2 2 10
left_child=-1 2 -2 5 20 6 7 -4 -9 10 11 12 -3 -14 -7 18 17 -17 21 -20 -5 -11 23 -23 27 26 -26 28 -24 -30
right_child=1 9 3 4 -6 14 -8 8 -10 15 -12 -13 13 -15 -16 16 -18 -19 19 -21 -22 22 24 -25 25 -27 -28 -29 29 -31
leaf_value=0.00024405053273332864 -0.0081432444646965269 -0.0035933197083348441 0.0005384367342964471 6.5746460758985616e-05 -0.0026727898998666444 -0.0011587911351959785 0.00020368364261455878 -0.0016569496607309723 0.00098867279384999779 0.00069487924391183715 0.00094180064967837698 -0.00023191907113933848 0.00078195772406091182 -0.0048547401344788176 -0.0020547987802982943 -0.0014262790873694384 0.00036705590817920402 -0.00041561495659367539 -0.0026139935667165689 0.00049669750792366465 0.0010526136491468326 -0.00088106929103920484 0.00044215847201616916 -4.3080736871562331e-05 -0.0021994013445727906 0.00011721609453531469 -0.0015127161701590584 0.00072474916939917048 -7.1878012279326302e-06 -0.0018845626521341791
leaf_weight=2738 47 55 322 9414 42 122 982 1061 206 4905 437 838 67 48 45 54 490 413 41 76 1391 90 2203 757 66 672 52 1615 378 86
leaf_count=2738 47 55 322 9414 42 122 982 1061 206 4905 437 838 67 48 45 54 490 413 41 76 1391 90 2203 757 66 672 52 1615 378 86
internal_value=0.000509154 0.000289702 4.4022e-07 2.76021e-05 0.000231471 -0.000779847 -0.000523717 -0.00128491 -0.00199448 0.000585207 -0.000508299 -0.00137364 -0.00596491 -0.00271552 -0.00469643 0.000718044 -0.000573069 -0.00232692 0.000831018 -0.00312712 0.000265131 0.000874088 0.000521453 -0.00085967 0.000752218 -0.00068268 -0.00685714 0.00101704 0.000468891 -0.00145806
internal_weight=29713 26975 13632 13585 10847 2738 2571 1589 1267 13343 1445 1008 170 115 167 11898 957 467 10941 117 10805 10824 5919 847 5072 790 118 4282 2667 464
internal_count=29713 26975 13632 13585 10847 2738 2571 1589 1267 13343 1445 1008 170 115 167 11898 957 467 10941 117 10805 10824 5919 847 5072 790 118 4282 2667 464
is_linear=0
shrinkage=0.03


Tree=89
num_leaves=31
num_cat=0
split_feature=20 12 8 4 7 3 4 14 5 4 8 20 4 8 19 11 15 8 7 15 4 8 4 13 3 1 13 11 14 14
split_gain=15.3243 2.82418 3.1014 3.32621 3.16693 2.68394 2.54039 2.08293 1.87045 2.28702 2.04488 2.06052 2.82524 2.28601 1.92615 1.76634 1.72128 1.67608 1.74774 4.5846 2.66724 3.16023 1.63028 2.01417 1.91011 2.89594 5.25435 1.67798 1.80612 1.61811
threshold=0.20605320543050182 0.13321697769211308 1.2472824973766365 6618.5212644870699 0.064268927664414291 0.21552246531516853 123.28416653708453 0.69960812274525919 0.50268817204301086 1938.9086268584686 1.4622763918818722 0.50558691493811636 237.70114823402255 349.22346355509018 6.5000000000000009 10.333856632878296 3.0201273556387074 1.4905783617231683 0.33048240713915472 2.4414009612931857 1607.5526600137653 2.2599451022073431 1190.3701150429383 0.10228631454299626 0.38110107542876365 0.26120401337792648 0.017331591295534795 10.059785924192239 0.3996427406642224 0.20566045637831751
decision_type=2 2 10 10 10 2 8 2 8 8 10 2 8 10 2 2 10 10 10 8 10 10 8 2 2 10 2 2 2 2
left_child=-1 2 3 5 29 -2 -6 22 9 -3 -10 12 -12 15 -11 16 17 -13 -19 -20 21 -21 23 24 27 -26 -27 -7 -29 -4
right_child=1 8 4 -5 6 7 -8 -9 10 14 11 13 -14 -15 -16 -17 -18 18 19 20 -22 -23 -24 -25 25 26 -28 28 -30 -31
leaf_value=0.00023672901675132876 0.00037710546728349193 0.00017086215885968415 -0.0008389593599258926 -0.0050337582833399541 -0.0068567474859443341 0.00043576144761102469 -0.00013302312621072995 -0.0017830603167766823 0.00072710131631889693 -0.00092445091347259851 -0.0031952742091105658 -0.00089902124571638925 0.00071143896948508553 -0.0017416512602919775 -0.00028941331190066223 0.00049291279848328532 0.0006744990892058498 -1.0220019070972468e-05 0.00013859740410035581 -0.0011963059639715826 -0.0035815755594118541 -0.00065333460771824952 0.00031766505764284624 -0.0039622824632726296 -0.00016643884755943334 -0.0023206676174445666 0.0004985870478684826 -8.3742518390676761e-06 -0.0010996641669768731 -0.0044614182798253113
leaf_weight=2758 3485 113 46 49 41 508 5918 67 4026 45 71 60 3963 62 47 2028 697 2792 500 46 40 210 808 45 750 50 46 142 40 42
leaf_count=2758 3485 113 46 49 41 508 5918 67 4026 45 71 60 3963 62 47 2028 697 2792 500 46 40 210 808 45 750 50 46 142 40 42
internal_value=0.000522274 0.000302603 -3.81291e-05 0.000445669 -0.000517361 0.000510434 -0.000433389 -0.000249084 0.000581593 -0.00225728 0.000621896 0.00040086 0.000932342 6.75887e-05 -0.00574194 0.000123784 -0.000217441 -0.000478487 -0.000394539 -0.00163363 -0.00458586 -0.00343191 -0.000101674 -0.00066182 -0.000476252 -0.00143093 -0.00630928 0.000694646 -0.00177049 -0.00613483
internal_weight=29495 26737 12037 5990 6047 5941 5959 2456 14700 205 14495 10469 4034 6435 92 6373 4345 3648 3588 796 296 256 2389 1581 1536 846 96 690 182 88
internal_count=29495 26737 12037 5990 6047 5941 5959 2456 14700 205 14495 10469 4034 6435 92 6373 4345 3648 3588 796 296 256 2389 1581 1536 846 96 690 182 88
is_linear=0
shrinkage=0.03


Tree=90
num_leaves=31
num_cat=0
split_feature=20 12 17 1 6 8 14 16 9 2 16 5 1 8 14 8 15 20 14 12 4 20 4 8 14 3 15 9 8 10
split_gain=15.6019 2.79738 2.9139 3.89153 2.73327 3.61732 2.96838 2.49881 2.47491 3.08176 2.91962 2.36109 1.97343 2.32741 3.26104 1.92868 2.76351 2.56139 1.99483 1.86017 2.55804 3.6493 3.1783 3.11499 1.73343 1.84607 1.66876 1.65908 1.63328 4.48633
threshold=0.17482696551698043 0.12119757128160648 0.20839330386773638 0.21644144144144148 0.05164363738894933 38.172665141678344 0.14251802762098129 -0.29754298369186521 0.053382288406882729 6.591330594862197 0.3000044865180056 0.94649672846237742 0.33143939393939403 1.475478512346555 0.69023720239001662 22.321054984331955 0.89587973461402759 0.6377483581836686 0.066731164928892875 0.20595841301409659 907.76316484028496 0.66241336169451925 781.84277854852417 25.579980434925428 0.098413714326794632 0.49468982027877179 3.0677824455408698 0.0065764796462273482 23.92857575381581 2.2728075337953229
decision_type=2 2 10 8 2 8 2 10 8 8 10 10 10 10 2 10 10 2 2 2 8 2 10 10 2 2 10 10 10 10
left_child=-1 2 7 4 5 -4 -7 -2 12 10 -10 24 13 14 -3 17 -17 -11 -19 20 21 22 23 -15 -6 -26 27 -22 29 -18
right_child=1 8 3 -5 11 6 -8 -9 9 15 -12 -13 -14 19 -16 16 28 18 -20 -21 26 -23 -24 -25 25 -27 -28 -29 -30 -31
leaf_value=0.00022962714624878892 -0.0043958278709291801 0.0010450659230398065 -0.00082569976378823789 0.00037252437645291176 0.00022317273760623374 -0.0014286656359721085 -0.00579720404613422 0.00012840099548652484 -6.6764320575632717e-05 0.0018777357694084657 -0.0027935162633884072 -0.0016531723958677616 -0.001045205590535404 0.00022933704753065845 -0.0017935867266556929 -0.0022735209597283491 -0.0029567836272738459 0.0019048927829727455 0.00027088625889368153 0.00016691153692247865 -0.0024865067371325216 -0.00058616484266980917 -0.0042987397440159012 -0.0041581684507950066 -0.00019558571859961603 -0.002762678256456071 0.00049223175872380501 -0.00041247361898428972 0.00031695391170755914 0.0028378380928873194
leaf_weight=2524 47 1046 875 993 785 68 72 5595 342 2475 79 79 41 72 103 51 48 427 4030 4248 56 285 52 48 2439 41 685 926 1073 48
leaf_count=2524 47 1046 875 993 785 68 72 5595 342 2475 79 79 41 72 103 51 48 427 4030 4248 56 285 52 48 2439 41 685 926 1073 48
internal_value=0.000481858 0.000271913 -9.71349e-05 -0.000598543 -0.000984633 -0.00234744 -0.00680851 0.000378522 0.000523364 0.000872288 -0.00162796 -0.000570403 0.000127727 0.000163919 0.00140609 0.00100159 -9.828e-05 0.00119515 0.000765141 -6.02541e-05 -0.000784941 -0.00277074 -0.00620809 -0.00347107 -0.000445499 -0.000834341 -0.000239209 -0.00103154 0.000202564 -0.00352577
internal_weight=29653 27129 10994 5352 4359 1015 140 5642 16135 8573 421 3344 7562 7521 1149 8152 1220 6932 4457 6372 2124 457 172 120 3265 2480 1667 982 1169 96
internal_count=29653 27129 10994 5352 4359 1015 140 5642 16135 8573 421 3344 7562 7521 1149 8152 1220 6932 4457 6372 2124 457 172 120 3265 2480 1667 982 1169 96
is_linear=0
shrinkage=0.03


Tree=91
num_leaves=31
num_cat=0
split_feature=20 20 15 3 2 9 4 13 4 16 14 4 9 16 0 7 14 14 9 9 15 3 0 15 17 9 6 4 16 15
split_gain=16.9214 2.67064 2.12218 3.59156 2.11543 3.28305 2.82032 2.14963 2.25949 2.12537 2.46578 3.30061 2.08455 2.94284 2.03531 2.7753 4.34605 4.25177 3.92502 6.56366 3.49735 5.87713 5.6863 3.49214 4.36552 2.94699 2.7617 2.29028 2.96385 3.5392
threshold=0.20605320543050182 1.0382466374746684 1.7005986908310777 0.12059226808538251 5.8479582522806028 0.12881914306789252 1786.07466591248 0.049463911496686781 2501.7930689053878 0.52280323611076884 0.11248380381547811 263.5512579623433 0.0025046752417442089 0.16407363941193256 2.6565358674738206 0.34355712775317698 0.24327338998578471 0.38758999002680905 0.15834782876056028 0.12633453330293751 2.249904835165133 0.17064455337294285 1.6579388782048348 2.9700856263602158 0.20165163960709373 0.042759249507686406 0.95780266342379272 962.05298022307113 0.012699311987843584 3.0677824455408698
decision_type=2 2 8 2 10 10 8 2 10 10 2 8 8 8 10 8 2 2 10 10 10 2 10 10 10 10 2 8 10 8
left_child=-1 4 3 -3 7 -6 -7 8 9 10 11 -2 13 -10 15 17 -17 18 19 26 -18 -22 -23 -21 -25 -24 27 -12 29 -29
right_child=1 2 -4 -5 5 6 -8 -9 12 -11 14 -13 -14 -15 -16 16 20 -19 -20 23 21 22 25 24 -26 -27 -28 28 -30 -31
leaf_value=0.00022273833186132525 -0.002791020586761827 -0.017358634528051347 -0.00027987434613239531 -0.0011030547126965372 -6.4023573271054657e-05 -0.0031382203484365268 -0.00042763365674629278 0.00031210907442882956 0.00051600127414749917 0.0010956891577742023 -0.00095065090391361717 0.00030385766866618724 0.00071423092510439982 -0.0012763745624548531 0.00090381075210664943 0.00055128162816645259 -0.00054217540083974236 0.00020862083870189647 0.0010985625584926234 -0.0010855568071098879 0.0024296659382039495 -0.0021914284395495431 -0.00087823783310993166 -0.0023734991008563162 -0.0012332821557296874 -0.0026068765969412861 3.3593120729243167e-05 -0.0028531116426146145 -4.9380754401984517e-05 0.00013909732075435897
leaf_weight=2790 61 59 1439 97 1007 40 123 8666 63 963 888 3054 2195 86 830 226 211 2852 375 172 62 60 78 75 85 76 1757 84 1117 58
leaf_count=2790 61 59 1439 97 1007 40 123 8666 63 963 888 3054 2195 86 830 226 211 2852 375 172 62 60 78 75 85 76 1757 84 1117 58
internal_value=0.000453187 0.000222152 -0.000968045 -0.00428025 0.000297328 -0.000947908 -0.00488415 0.000357834 0.000145441 -8.25361e-06 -0.00011607 0.000611361 0.00100299 -0.00242 -0.000367714 -0.000511434 -0.00229832 -0.000340434 -0.000903512 -0.00116403 -0.00389139 -0.0061083 -0.00845581 -0.00520721 -0.00838509 -0.00534194 -0.00081895 -0.0015405 -0.000716667 -0.00478322
internal_weight=29649 26859 1595 156 25264 1170 163 24094 15428 13084 12121 3115 2344 149 9006 8176 713 7463 4611 4236 487 276 214 332 160 154 3904 2147 1259 142
internal_count=29649 26859 1595 156 25264 1170 163 24094 15428 13084 12121 3115 2344 149 9006 8176 713 7463 4611 4236 487 276 214 332 160 154 3904 2147 1259 142
is_linear=0
shrinkage=0.03


Tree=92
num_leaves=31
num_cat=0
split_feature=17 12 16 8 12 5 8 9 14 14 7 16 11 14 9 15 8 11 11 11 4 12 9 16 10 14 15 9 13 7
split_gain=11.509 3.59998 2.61312 2.22572 2.0644 3.01101 2.68266 2.2498 2.54384 2.25927 3.04537 4.96682 2.6784 2.7018 2.2294 2.21749 1.95346 1.95381 2.31839 2.27151 2.07909 1.92342 1.88279 7.60919 1.85754 2.2266 1.79802 3.03896 1.79722 2.79536
threshold=2.8804340341922567 0.35262464095983953 -0.29754298369186521 427.20746514820229 0.078010605713496176 0.94649672846237742 1.1848716360065921 0.01805763357127645 0.13934825344610632 0.34481896604462137 0.047329891081692992 0.20307983023484502 8.9986311906517731 0.33604255212033091 0.088734311065267218 1.2424533248940004 1.1595887186518876 7.4386775612200848 8.7551859424742933 7.1392636679552224 511.22615663951512 0.25851309518657933 1.0000000180025095e-35 0.2474521861375357 0.62158827440681719 0.21165658788964961 2.249904835165133 0.077609493826336889 0.060006502528792673 0.13862339516616498
decision_type=8 2 10 10 2 10 10 10 2 2 10 10 2 2 10 8 8 2 2 2 8 2 8 10 10 2 8 10 2 10
left_child=1 2 -1 4 5 -4 -7 16 15 10 11 -10 13 14 24 -9 -6 19 -19 -18 -20 28 23 -22 25 -12 27 -26 29 -14
right_child=-2 -3 3 -5 7 6 -8 8 9 -11 12 -13 21 -15 -16 -17 17 18 20 -21 22 -23 -24 -25 26 -27 -28 -29 -30 -31
leaf_value=-0.00079565153322888897 0.0002160561819054855 0.00061055014426201028 -1.4776636840823418e-05 -0.0013445283773862121 0.0011097213183164922 -0.00037374191830357183 -0.002328795570235357 -0.0017612613351322022 0.00015185621864253414 0.00039931136258267744 -0.001027545566765751 -0.0048245179417682436 -0.0007374812392830683 -0.0042620939187581622 0.00034749820461104345 0.00080025614506545125 -0.00013611241409983914 0.00095575857958326411 -0.0030349902034944461 -0.0026237501866783995 -8.8070391266847622e-06 0.0011712250732497603 -0.00011266586288767892 -0.0027282658092269464 -0.00077622721278432704 -0.0018110503011283879 0.00027549676219182134 -0.0022549693678269602 0.00028714868277525195 3.8593064650203825e-05
leaf_weight=446 2608 2257 6621 65 235 71 46 62 53 5070 108 40 464 43 176 3019 108 452 53 65 154 697 1987 45 197 58 269 40 2481 1625
leaf_count=446 2608 2257 6621 65 235 71 46 62 53 5070 108 40 464 43 176 3019 108 452 53 65 154 697 1987 45 197 58 269 40 2481 1625
internal_value=0.000521171 0.000337345 0.000232718 0.000274512 0.00028948 -0.0001567 -0.00490678 0.000461262 0.000619038 0.00041097 2.92707e-05 -0.00532979 0.000111057 -0.00140919 -0.0010318 0.00138319 -0.000271935 -0.000487958 -0.000288633 -0.00356897 -0.000684375 0.000368451 -0.000540466 -0.003315 -0.00181872 -0.00456287 -0.000911242 -0.00281092 0.000144389 -0.000503828
internal_weight=29615 27007 24750 24304 24239 6738 117 17501 14402 11321 6251 93 6158 891 848 3081 3099 2864 2691 173 2239 5267 2186 199 672 166 506 237 4570 2089
internal_count=29615 27007 24750 24304 24239 6738 117 17501 14402 11321 6251 93 6158 891 848 3081 3099 2864 2691 173 2239 5267 2186 199 672 166 506 237 4570 2089
is_linear=0
shrinkage=0.03


Tree=93
num_leaves=31
num_cat=0
split_feature=20 12 8 4 16 6 17 8 17 9 1 1 6 3 20 11 3 17 1 3 7 11 11 16 1 15 12 20 4 12
split_gain=15.3976 2.93703 3.21911 3.64171 2.32373 1.92292 1.91018 1.86251 3.48806 2.0566 3.51069 3.20714 1.73307 1.55798 1.81996 1.53902 2.90637 1.52634 2.82496 1.51749 2.72568 1.51746 1.30745 2.03209 1.589 3.30384 1.66507 3.06781 2.05903 2.76474
threshold=0.20605320543050182 0.25626191107126145 22.321054984331955 322.35883794573937 -0.29754298369186521 -2.2242346252952223 0.21133204779067682 22.797201006882407 0.36203962006753004 0.19470767589028351 0.17108013937282232 0.3504385964912281 1.3350529482551141 0.2635413186755266 0.74722063772703673 7.4386775612200848 0.24144632283421261 -0.054925438431063608 0.44402673350041777 0.50541988633251311 0.10616545246535895 10.262681818940665 9.9779686690791873 0.53416762129569439 0.087337909992372301 3.3140206880897671 0.12022611468538004 0.77473625288102954 1271.3170210740273 0.035759141183245198
decision_type=2 2 10 8 10 2 10 10 10 10 10 10 2 2 2 2 2 8 10 2 10 2 2 10 8 10 2 2 10 2
left_child=-1 2 4 15 13 -6 17 8 -5 12 -11 21 -9 14 -2 16 -4 18 -7 22 -21 -12 23 24 25 26 27 -8 -29 -30
right_child=1 -3 3 7 5 6 19 9 -10 10 11 -13 -14 -15 -16 -17 -18 -19 -20 20 -22 -23 -24 -25 -26 -27 -28 28 29 -31
leaf_value=0.00020957449644832095 -0.00011783692250785094 0.00066976166785276522 -0.0066006636437089634 0.00016246798935921488 -0.002334452544781263 9.9807219983805791e-05 -0.0023046215787337885 -0.00038930706893203432 -0.0029066900148778984 6.0121132101011495e-05 -0.0018323167138452744 0.0019334443973066831 0.00084417352292934613 0.00013922141474494927 -0.0064008644843866914 -0.00080309898526292813 -0.00059509925225569688 0.00031282552642756867 -0.0015466494570434137 -0.0044226419181335732 0.0012769149130063397 -0.0014731215227439668 0.00015970515356049006 0.0012145976888390925 6.7803414033237817e-05 -0.002678224177643942 -6.7570914391835231e-05 -0.00013022127075874797 -0.0033985085171859292 -0.00017811170810747836
leaf_weight=2766 42 5182 41 43 82 2258 77 1698 50 181 44 46 547 75 64 96 44 6637 75 40 40 75 4814 363 1646 52 1427 750 84 183
leaf_count=2766 42 5182 41 43 82 2258 77 1698 50 181 44 46 547 75 64 96 44 6637 75 40 40 75 4814 363 1646 52 1427 750 84 183
internal_value=0.000488975 0.00026864 0.000114577 -0.000821703 0.00025799 0.000291111 0.000311595 -0.000543017 -0.00469149 -0.000392361 -0.00254179 -0.00569277 -6.01067e-05 -0.00311538 -0.00543925 -0.00492857 -0.00784884 0.000625348 -3.47043e-05 1.45617e-05 -0.00407407 -0.008275 4.98032e-05 -0.000312895 -0.000498341 -0.000963869 -0.000807692 -0.00168767 -0.00124656 -0.00350373
internal_weight=29522 26756 21574 2865 18709 18528 18446 2684 93 2591 346 165 2245 181 106 181 85 8970 2333 9476 80 119 9396 4582 4219 2573 2521 1094 1017 267
internal_count=29522 26756 21574 2865 18709 18528 18446 2684 93 2591 346 165 2245 181 106 181 85 8970 2333 9476 80 119 9396 4582 4219 2573 2521 1094 1017 267
is_linear=0
shrinkage=0.03


Tree=94
num_leaves=31
num_cat=0
split_feature=20 20 11 5 16 8 8 20 7 20 8 11 9 3 8 10 15 16 5 9 11 7 10 9 16 9 17 20 4 4
split_gain=16.3047 2.01812 1.73353 2.87834 2.18139 2.00945 1.89088 2.30439 4.1168 3.79498 3.00038 2.01085 1.84769 2.33293 1.96002 1.85478 1.82164 2.54833 5.20908 2.95153 4.37039 2.00891 2.55425 2.19771 1.83644 1.67767 8.27353 1.99749 1.62823 1.64428
threshold=0.20605320543050182 1.4212677531546551 9.9779686690791873 0.27145200023428812 0.37092307788868123 394.44764179933389 2.3734102461343185 0.72637553234708274 0.23336468421502746 0.77689447979944959 22.321054984331955 11.091216632590715 0.19470767589028351 0.072687840779193963 2.6226158252644436 0.54286283878469077 3.9019216517693867 0.1310671159324274 0.84305623075676572 0.065260097177615078 11.418059671882833 0.1410152356695977 0.63074442718487911 0.01952656677684261 0.28915458266179833 1.0000000180025095e-35 0.32199406798991131 0.61901284021510583 1198.3600699440792 1287.2863645613199
decision_type=2 2 2 8 10 10 10 2 10 2 10 2 10 2 10 10 10 8 10 10 2 10 10 10 8 8 10 2 10 10
left_child=-1 2 3 -2 5 -5 11 12 28 -10 -11 25 14 -14 15 -8 17 18 19 20 -13 22 -19 -24 -18 26 -4 -27 -9 -30
right_child=1 -3 6 4 -6 -7 7 8 9 10 -12 16 13 -15 -16 -17 24 21 -20 -21 -22 -23 23 -25 -26 27 -28 -29 29 -31
leaf_value=0.00020328726155487134 -0.0066606901897496599 -0.0099222752502078383 0.00073690623094173346 -1.7255836043220541e-05 0.00055895373945739771 -0.0016207126539302811 -0.0016032729764206134 0.0018312727539364867 -0.0034742290793901894 0.00079003706082609194 -0.0071483819719427993 -0.0015779325778255426 -0.00060224401524337724 -0.00025880791115899873 0.00057447249699852439 -8.98873280411942e-05 0.00040257050591285397 0.00080394915048772849 -0.001993430718950757 0.00031795398914387894 -4.5802115317224255e-05 0.0018174992311013485 0.00010586311542374517 -0.0022183617327130056 -0.00082000431213585855 0.0015671146742804007 -0.0026017826118016952 0.00032767102018124738 -0.00099413807420378731 -0.00013306693687255064
leaf_weight=2772 50 117 119 10890 2308 64 65 132 63 69 59 43 40 140 2484 213 812 121 48 151 62 162 40 53 96 1155 41 6279 44 796
leaf_count=2772 50 117 119 10890 2308 64 65 132 63 69 59 43 40 140 2484 213 812 121 48 151 62 162 40 53 96 1155 41 6279 44 796
internal_value=0.000506426 0.000279148 0.000296504 5.45333e-05 8.1882e-05 -9.47511e-05 0.000538907 3.6533e-06 -0.00112629 -0.00514062 -0.00213953 0.000778177 0.000450561 -0.00248619 0.00064278 -0.00174194 -0.000192574 -0.00136564 -0.00340328 -0.00168093 -0.00551887 0.000286472 -0.0016186 -0.00532979 0.000686469 0.000981172 -0.00204969 0.00104667 -0.000332991 -0.000820452
internal_weight=29488 26716 26599 13312 13262 10954 13287 4105 1163 191 128 9182 2942 180 2762 278 1588 680 304 256 105 376 214 93 908 7594 160 7434 972 840
internal_count=29488 26716 26599 13312 13262 10954 13287 4105 1163 191 128 9182 2942 180 2762 278 1588 680 304 256 105 376 214 93 908 7594 160 7434 972 840
is_linear=0
shrinkage=0.03


Tree=95
num_leaves=31
num_cat=0
split_feature=0 12 7 14 15 15 14 10 7 9 17 15 16 3 11 4 15 17 11 16 11 12 12 4 4 9 14 9 10 4
split_gain=15.7118 2.79377 2.5938 1.70246 1.77575 2.30421 5.77404 1.76334 2.14272 2.79112 2.00443 1.68874 5.03291 3.63869 2.30271 3.54123 3.24866 2.04207 2.95213 2.87475 3.48763 1.92398 1.50879 2.11531 1.9978 1.90405 2.08507 2.04089 3.97479 3.58806
threshold=4.8546916616174451 0.23487486218997769 0.23188448968898287 0.53155137204079328 2.8617925509761908 2.6735537653587347 0.46922117293072813 0.23473084473949404 0.33645888450979838 0.013601576994434138 0.35770091752549071 1.8688348091416842 0.033065924552385037 0.029342526062816544 10.067920898144088 2472.7641081700808 2.9700856263602158 0.39729819212444067 10.4538463405335 0.28676673367798672 10.524829875154747 0.12473856050257216 0.12119757128160648 6618.5212644870699 28606.257045820767 0.22210056573571405 0.42876593534121193 0.11999506724478097 0.99444749756398931 878.00390345381732
decision_type=8 2 10 2 10 10 2 10 10 10 10 8 8 2 2 10 8 10 2 8 2 2 2 10 10 8 2 10 10 10
left_child=1 2 22 4 5 -3 7 -7 9 -9 -10 12 21 -14 -13 16 -16 18 -18 20 -19 -4 23 25 -25 27 -27 -1 -29 -30
right_child=-2 3 11 -5 -6 6 -8 8 10 -11 -12 14 13 -15 15 -17 17 19 -20 -21 -22 -23 -24 24 -26 26 -28 28 29 -31
leaf_value=4.1024452124257459e-05 0.00019718864370822517 0.00033749012573937624 -0.0082797866153974612 0.0012903240437625563 0.0010284490444049364 -0.0016254630676634653 -0.0036535623244130983 -0.001341981840701218 -0.0012216961898420201 0.0015779989401080916 -1.6241188655338566e-05 5.5575428755421523e-05 -0.0059405383277986203 0.00025978764679821605 -0.0054640688075229191 0.00076355995799449734 -0.0034154240726663597 -0.00070992579049135893 0.0008303021923955899 0.00035127939534025795 -0.0026944613224312553 -0.0020637871607589123 0.00025469342697580916 -0.0038882984949741243 0.00030867469747864753 0.00081817304720030221 -2.1837004133511778e-05 8.2000393369903448e-06 0.00011136933370126214 -0.0012676709341302398
leaf_weight=6226 2759 2918 42 1028 1843 40 50 48 43 320 81 1724 45 332 64 151 55 92 158 60 44 46 7574 70 44 840 653 1411 267 568
leaf_count=6226 2759 2918 42 1028 1843 40 50 48 43 320 81 1724 45 332 64 151 55 92 158 60 44 46 7574 70 44 840 653 1411 267 568
internal_value=0.000473967 0.000252292 8.14972e-05 0.000800848 0.000585517 0.000188518 -0.00153345 -0.00060788 -0.000109533 0.00104065 -0.003504 -0.000764392 -0.00241416 -0.000896825 -0.000436781 -0.0019968 -0.00327215 -0.00227561 -0.000238318 -0.00447716 -0.00687591 -0.00883146 0.000216325 -2.4107e-05 -0.00406957 2.25769e-05 0.00101004 -0.00015154 -0.000926569 -0.00256579
internal_weight=29596 26837 20466 6371 5343 3500 582 532 492 368 124 2813 465 377 2348 624 473 409 213 196 136 88 17653 10079 114 9965 1493 8472 2246 835
internal_count=29596 26837 20466 6371 5343 3500 582 532 492 368 124 2813 465 377 2348 624 473 409 213 196 136 88 17653 10079 114 9965 1493 8472 2246 835
is_linear=0
shrinkage=0.03


Tree=96
num_leaves=31
num_cat=0
split_feature=0 12 8 3 14 1 15 15 4 8 9 4 8 4 8 0 13 13 11 15 13 9 14 4 13 3 11 12 13 15
split_gain=15.9203 2.19024 2.09549 3.04478 2.48488 5.5724 2.93578 2.30447 2.0468 2.50884 1.94058 4.96387 3.66962 2.40298 1.90237 1.83505 1.7708 2.2542 4.55955 3.89923 3.11996 3.58445 3.67092 2.76896 2.1913 2.08448 1.97766 1.93818 1.81001 2.82235
threshold=4.3260389723734116 0.1551424685005012 5.2550473933281774 0.14144428726846689 0.29607588779066524 0.19576423128641865 2.524928003624769 3.5114340430413216 6151.5519425694483 1.2658455259183852 0.0025046752417442089 1363.042418255636 1.6332699345360793 8387.9063714405293 2.0320092000663448 1.7546733241542518 0.19280385077913953 0.055474102696764928 10.999270843046419 1.7005986908310777 0.010364500400545495 0.10454692774332698 0.30452058173666235 2293.5280996873976 0.21911369462306743 0.16503102881395967 10.471496589428204 0.095471879744685864 0.10493349313744736 2.8029010331479989
decision_type=8 2 10 2 2 10 8 10 10 10 8 8 10 8 10 10 2 2 2 8 2 10 2 10 2 2 2 2 2 10
left_child=1 2 8 4 -4 6 -6 -8 16 -10 11 -3 -13 15 -12 -14 17 18 -1 -19 -20 22 -22 -24 26 -21 -18 -23 -27 -30
right_child=-2 10 3 -5 5 -7 7 -9 9 -11 14 12 13 -15 -16 -17 24 19 20 25 21 27 23 -25 -26 28 -28 -29 29 -31
leaf_value=3.6106190147562405e-05 0.00019127298439697844 0.00090970096427598441 -0.00046248863366964648 0.00013475219655916028 -0.0050328918652373759 -0.0016049643552233084 0.00021156302078747391 -0.0010886154969578247 -0.0035093766271820869 0.00099836182933567079 0.00069128325551095235 -0.0023100852396402503 -0.00055616626756221932 -0.0020485878021220994 0.00018877315906368035 0.00065433992277465236 -0.0038881828356536943 -0.0033787977549822432 0.00031554511582501351 0.00052383561514101305 -0.0019201373742721835 -0.00050176735954533065 0.000132288259856737 -0.0016437559737174758 0.0028278512171648852 0.00057050091792160921 4.7606796724636649e-06 0.00034475314421631391 -0.0015707788459779215 0.00014636230578841321
leaf_weight=5908 3005 415 1153 1077 59 65 229 45 78 56 5148 65 51 129 6480 133 69 77 125 3324 40 44 40 51 43 762 52 77 312 505
leaf_count=5908 3005 415 1153 1077 59 65 229 45 78 56 5148 65 51 129 6480 133 69 77 125 3324 40 44 40 51 43 762 52 77 312 505
internal_value=0.000520326 0.000286552 3.19195e-05 -0.000732598 -0.00158312 -0.00362406 -0.00203892 -0.00072 0.000205725 -0.00346667 0.000577443 -0.000857682 -0.00334037 -0.00197771 0.000675381 0.000227027 0.000249081 0.000294248 -8.35188e-05 0.00077093 -0.00327778 -0.00519368 -0.00861364 -0.00518478 -0.00283636 0.000876631 -0.00489344 -0.00145082 -2.0886e-05 -0.00100122
internal_weight=29617 26612 14191 2628 1551 398 333 274 11563 134 12421 793 378 313 11628 184 11429 11265 6285 4980 377 252 131 91 164 4903 121 121 1579 817
internal_count=29617 26612 14191 2628 1551 398 333 274 11563 134 12421 793 378 313 11628 184 11429 11265 6285 4980 377 252 131 91 164 4903 121 121 1579 817
is_linear=0
shrinkage=0.03


Tree=97
num_leaves=31
num_cat=0
split_feature=20 12 7 8 14 9 3 13 20 11 20 9 4 17 12 14 4 7 16 3 15 17 13 8 4 12 13 15 13 17
split_gain=15.3094 2.29819 3.55728 2.8803 3.23987 2.70205 2.66628 3.15984 2.88655 3.15695 2.61222 2.36458 5.31864 5.75497 6.34278 3.31828 2.34258 4.02125 2.21281 2.08281 2.88301 2.62643 3.0662 2.4522 2.65366 2.21277 2.15841 3.80634 5.16629 2.52656
threshold=0.17482696551698043 0.2030186782195296 0.16638951926295356 53.124934602863654 0.33007545426547585 0.078812190240569194 0.16503102881395967 0.048860308255914454 0.78365230069710579 11.040871735576252 0.50558691493811636 0.0025046752417442089 1417.9655880788703 0.39262395179074788 0.39299949281436058 0.085660288548143823 171.17720464539499 0.27711800907067308 0.097168883901073602 0.20297688687238843 3.7726948748059121 -0.060417012879221632 0.020128267268100675 2.4877521839890155 421.6800181607619 0.14352206843306983 0.040807597812452398 2.602003343538398 0.099381973012808142 1.4850325121970982
decision_type=2 2 10 10 2 8 2 2 2 2 2 8 8 10 2 2 8 10 10 2 10 8 2 10 10 2 2 10 2 10
left_child=-1 2 3 6 -5 10 7 8 -2 -10 -4 12 -3 -14 15 -15 17 -13 -11 20 23 22 -21 -12 -25 -22 29 28 -28 -26
right_child=1 11 5 4 -6 -7 -8 -9 9 18 19 16 13 14 -16 -17 -18 -19 -20 21 25 -23 -24 24 26 -27 27 -29 -30 -31
leaf_value=0.00018553479486506911 0.00032725698637162348 0.00096131633458690282 0.001276777909928632 -0.0003642826260283147 -0.0011829085335799045 0.00023145829509351723 -6.6228373569989423e-06 0.0004980782009239513 -0.0001741767356228018 -0.00033612508828998475 -8.481198719118493e-05 0.0012231703168352815 -5.7877169897564464e-05 -0.0033050630478433244 -0.00019455190491621897 -0.0017988766695382701 0.00062028458066402318 -0.0046933541077878093 -0.0019015325218325486 -0.004187473905352769 -0.0023835689680740679 0.00022139817394035708 0.0017050110989495851 0.00017139706237651199 -0.0012309340168338253 -0.00060955485753464952 -0.0026101163768969199 -0.0013774039857708507 0.00035809997593093542 -0.0031703773833307116
leaf_weight=2530 814 353 286 406 48 1522 5964 4593 1138 42 830 56 211 40 77 40 7921 40 50 59 57 918 48 296 753 41 106 270 40 111
leaf_count=2530 814 353 286 406 48 1522 5964 4593 1138 42 830 56 211 40 77 40 7921 40 50 59 57 918 48 296 753 41 106 270 40 111
internal_value=0.000459189 0.000251004 6.06754e-05 0.000327436 -0.00201758 -0.000591795 0.000412078 0.000825701 -0.000155501 -0.0010723 -0.00101808 0.000651562 -0.000993075 -0.00351219 -0.00784177 -0.0137037 0.000799576 -0.00383505 -0.0063871 -0.00124164 -0.00170778 -0.000102339 -0.00452778 -0.00150062 -0.00219531 -0.00672727 -0.00278689 -0.00456115 -0.00844898 -0.00192832
internal_weight=29660 27130 18392 13055 454 5337 12601 6637 2044 1230 3815 8738 721 368 157 80 8017 96 92 3529 2504 1025 107 2406 1576 98 1280 416 146 864
internal_count=29660 27130 18392 13055 454 5337 12601 6637 2044 1230 3815 8738 721 368 157 80 8017 96 92 3529 2504 1025 107 2406 1576 98 1280 416 146 864
is_linear=0
shrinkage=0.03


Tree=98
num_leaves=31
num_cat=0
split_feature=20 12 8 11 10 16 17 8 13 16 17 1 20 13 12 9 4 17 12 4 1 9 13 13 2 16 16 12 4 10
split_gain=14.7268 2.25573 2.82072 2.43643 2.05295 1.87657 1.86278 1.76536 2.3724 1.7502 1.69418 2.67404 2.40533 1.68576 2.26122 1.63941 4.28735 3.21742 6.97642 2.47694 1.59258 3.88523 2.04167 1.67551 1.8343 2.62345 1.93831 2.55847 1.58104 1.55751
threshold=0.20605320543050182 0.25851309518657933 22.321054984331955 8.014831632406624 1.7046278158599242 0.055850480145661831 0.21133204779067682 22.797201006882407 0.15819968496347767 1.1310844301485856 -0.054925438431063608 0.44402673350041777 1.2180055060750263 0.048338929168270359 0.035759141183245198 0.0025046752417442089 2008.1194342541346 0.27541592731985082 0.38322603310147546 171.17720464539499 1.0000000180025095e-35 0.23249971787573184 0.18903683220768777 0.15819968496347767 3.9240045833320587 0.33812496402684161 0.022209434588247305 0.0075615158549831038 677.98693717565777 1.2268682650549658
decision_type=2 2 10 2 10 8 10 10 2 8 8 10 2 2 2 8 8 10 2 8 8 10 2 2 10 10 10 2 8 10
left_child=-1 2 6 4 5 -4 10 8 -5 -9 11 12 -2 -12 28 16 -3 -18 -19 -17 21 23 -22 24 26 -26 27 -8 -15 -24
right_child=1 15 3 7 -6 -7 20 9 -10 -11 13 -13 -14 14 -16 19 17 18 -20 -21 22 -23 29 -25 25 -27 -28 -29 -30 -31
leaf_value=0.00017996875101911704 0.00012006955926466812 0.00085348281832213393 -0.0035677528139381898 -0.0027436696734294891 -0.0055958291780846669 -6.2798060292639104e-05 -0.0035717059778703456 -5.398745886241086e-05 0.00010383754202986971 -0.002932169543065384 9.4672884423569378e-05 -0.0014154268495562084 -0.0026537833980701617 -0.0015021038002253886 0.00076646642711985624 -0.0030443213223592131 1.7495271246042999e-05 -0.0035615447779155265 -2.3850080581946762e-05 0.00091475534239058795 0.00014964429091060335 -0.0021065553533577749 -3.0753395450050337e-06 0.0013632888980084524 -0.0005755041577891986 -0.0027620419152027021 -3.5586221810915407e-05 -0.00043800317987082788 0.00016825762228273673 -0.0035114517253171215
leaf_weight=2775 2265 325 99 46 47 167 79 2412 40 72 3469 71 46 66 2658 72 114 60 75 4423 5368 51 47 164 160 41 3442 267 561 46
leaf_count=2775 2265 325 99 46 47 167 79 2412 40 72 3469 71 46 66 2658 72 114 60 75 4423 5368 51 47 164 160 41 3442 267 561 46
internal_value=0.000497613 0.00028179 0.000148582 -0.000725035 -0.00321975 -0.00217978 0.000282576 -0.00042007 -0.00462069 -0.000272837 0.00058969 -9.81954e-05 7.91524e-05 0.000832272 0.00131923 0.000851479 -0.000657391 -0.003612 -0.00672794 0.00104426 -7.75904e-06 -0.000446611 0.000330099 -0.000344487 -0.000466917 -0.00325248 -0.00031829 -0.00245533 -0.000300955 -0.00405319
internal_weight=29528 26753 21684 2883 313 266 18801 2570 86 2484 9136 2382 2311 6754 3285 5069 574 249 135 4495 9665 4204 5461 4153 3989 201 3788 346 627 93
internal_count=29528 26753 21684 2883 313 266 18801 2570 86 2484 9136 2382 2311 6754 3285 5069 574 249 135 4495 9665 4204 5461 4153 3989 201 3788 346 627 93
is_linear=0
shrinkage=0.03


Tree=99
num_leaves=31
num_cat=0
split_feature=17 12 16 12 7 9 8 13 8 3 8 4 8 4 5 3 11 16 4 3 9 13 8 11 15 15 16 3 4 4
split_gain=11.0881 3.53281 2.35844 2.66361 3.55094 3.24195 2.58828 2.52806 2.35492 3.13869 2.84305 2.65882 2.1514 3.63621 3.42526 2.14486 2.94423 2.64548 2.13191 2.43333 2.20633 2.2206 2.05601 1.88572 1.83345 1.82927 1.92643 2.44769 1.76196 2.86525
threshold=2.8804340341922567 0.097795012212451141 -0.29754298369186521 0.35262464095983953 0.33645888450979838 0.01805763357127645 394.44764179933389 0.030799212316964 2.1354417720076002 0.38110107542876365 1.9130644606099367 1500.122709295774 1.2534388933884364 139.5168747391636 0.93351749539594853 0.19961907124308512 10.999270843046419 0.1310671159324274 1213.1780511929885 0.49468982027877179 0.14329496817999279 0.056000083801223503 1.0777995932501978 9.6369470793051697 2.9700856263602158 2.3502401828962087 0.32303659801974277 0.29520502035488222 1676.0860259849462 2418.2165222827239
decision_type=8 2 8 2 8 10 10 2 8 2 10 8 10 8 10 2 2 10 8 2 10 2 10 2 10 8 10 2 10 10
left_child=1 12 -3 4 5 6 7 28 10 24 -6 -11 15 -14 -15 -1 18 -18 19 20 21 -17 -22 -7 25 -10 27 -27 -4 -30
right_child=-2 2 3 -5 8 23 -8 -9 9 11 -12 -13 13 14 -16 16 17 -19 -20 -21 22 -23 -24 -25 -26 26 -28 -29 29 -31
leaf_value=0.00027466051466131441 0.00017456968848854354 -0.0027369046359235747 -1.4173969213100332e-05 0.00065500208706999793 -0.00014890398045602082 8.4552665674213098e-05 -0.0029281002285919656 0.00055625764145566527 0.00051530444247145147 -0.00025203698149488452 -0.0045021813194338622 -0.0028332959941717983 -0.0094226424993625411 -0.00015854418089201119 -0.0017270027409644441 9.9602634399879268e-05 -0.0017226062673207584 1.1604236806407421e-05 0.00034483473692329037 -0.0023556305609469404 -0.00079925941494294716 -0.0017650626790665412 -7.4961311314565844e-05 0.00044033029961555601 0.00137902096669664 -0.0012223209810141415 0.00022677556078885372 -0.0021505322805070088 -0.0019220480101370162 -0.00022270427181420412
leaf_weight=2722 2582 50 879 2249 63 3489 41 870 370 70 54 44 47 3485 66 967 52 41 696 44 220 82 194 8864 189 200 139 52 267 520
leaf_count=2722 2582 50 879 2249 63 3489 41 870 370 70 54 44 47 3485 66 967 52 41 696 44 220 82 194 8864 189 200 139 52 267 520
internal_value=0.000505387 0.000325896 0.000560535 0.0005784 0.000443334 0.000568616 -0.000399147 -0.000276705 -0.00113959 -0.000692958 -0.00516102 -0.00537391 -0.000175467 -0.000735204 -0.000624155 0.000225942 -0.000449282 -0.00564894 -0.000227314 -0.000861406 -0.00064959 8.28573e-05 -0.0025012 0.00077052 -0.000126183 -0.000783464 -0.00221173 -0.00377075 -0.000961008 -0.00199112
internal_weight=29608 27026 18410 18360 16111 14930 2577 2536 1181 1064 117 114 8616 3598 3551 5018 2296 93 2203 1507 1463 1049 414 12353 950 761 391 252 1666 787
internal_count=29608 27026 18410 18360 16111 14930 2577 2536 1181 1064 117 114 8616 3598 3551 5018 2296 93 2203 1507 1463 1049 414 12353 950 761 391 252 1666 787
is_linear=0
shrinkage=0.03


Tree=100
num_leaves=31
num_cat=0
split_feature=20 2 9 4 13 20 13 16 1 11 8 1 3 8 4 9 17 11 3 9 16 0 3 11 9 16 8 0 11 4
split_gain=14.8798 1.9211 3.52185 2.57438 2.29248 2.56993 1.94434 1.99992 2.74247 2.28248 1.8992 1.81184 1.76282 1.81597 1.76242 4.24996 4.4665 7.7076 3.09089 2.67941 2.69501 2.3242 3.22454 3.22741 2.50629 2.15948 1.9307 2.55345 1.99942 2.31142
threshold=0.20605320543050182 5.6482242885919351 0.12881914306789252 4700.9414199288212 0.049463911496686781 1.0533933928729604 0.065816884168160394 0.14403339218900754 0.023392612859097165 11.020218035545364 13.592242899052239 0.20722186076772933 0.16503102881395967 2.1354417720076002 1099.3915023126895 0.0025046752417442089 0.40255403952371011 9.6900158274709529 0.43122473368879116 0.0052366209641751468 0.49055102147203267 1.2832265849579414 0.1716978499600291 11.020218035545364 0.014336863815842529 0.16265194323598045 2.0320092000663448 1.3902754158631547 10.030956856813228 1555.7133919055443
decision_type=2 10 10 8 2 2 2 8 10 2 10 10 2 8 8 8 10 2 2 10 10 10 2 2 8 10 10 10 2 10
left_child=-1 4 6 11 14 10 7 8 9 -3 12 -4 -6 -14 19 16 -16 -18 21 -2 -21 22 23 -17 -24 -25 -23 28 -28 -30
right_child=1 2 3 -5 5 -7 -8 -9 -10 -11 -12 -13 13 -15 15 18 17 -19 -20 20 -22 26 24 25 -26 -27 27 -29 29 -31
leaf_value=0.00016933259783388722 0.00075491052717146297 -0.00050428482468032221 -0.0016084820333955028 0.00076129113670238475 0.00067148571488824971 -0.00057012498382904848 0.00020856693204281273 1.5357410532174328e-05 0.0014668917436577271 -0.0012836066479371758 1.5005676957072699e-05 -0.0012972623890816902 6.205255143798453e-05 0.0017971877114802673 -4.3652930775659734e-05 -0.00042741869147256963 -0.00033500473349935952 -0.0030647635073156447 0.0013360376255584477 -0.00021203735060399553 0.0011882536368990478 0.00087457639775975369 -0.0022135991818104657 -0.00055475710543749686 0.00026150342437421308 -0.002181139106214923 -0.00010915767393458492 0.00033229884928001981 0.0006751453799227927 -0.002567172589175346
leaf_weight=2756 812 65 105 42 4356 539 661 240 43 61 2018 64 2133 267 282 1066 101 71 576 5905 528 2168 45 83 1250 43 133 3210 41 70
leaf_count=2756 812 65 105 42 4356 539 661 240 43 61 2018 64 2133 267 282 1066 101 71 576 5905 528 2168 45 83 1250 43 133 3210 41 70
internal_value=0.000507886 0.000293339 -0.000840093 -0.00437264 0.000349872 0.000725682 -0.000140056 -0.00176341 -0.00425294 -0.00647244 0.000849231 -0.00601765 0.00109042 0.000437318 0.000136222 0.000413239 -0.00241319 -0.00620809 0.000561248 -0.000213221 -0.000418247 0.000410234 -0.000353296 -0.00147863 0.00068287 -0.006 0.000747999 0.000307381 -0.0026449 -0.00559821
internal_weight=29734 26978 1281 211 25697 9313 1070 409 169 126 8774 169 6756 2400 16384 9139 454 172 8685 7245 6433 8109 2487 1192 1295 126 5622 3454 244 111
internal_count=29734 26978 1281 211 25697 9313 1070 409 169 126 8774 169 6756 2400 16384 9139 454 172 8685 7245 6433 8109 2487 1192 1295 126 5622 3454 244 111
is_linear=0
shrinkage=0.03


Tree=101
num_leaves=31
num_cat=0
split_feature=0 12 11 15 5 5 8 14 0 4 14 14 8 8 8 10 4 4 14 11 0 14 16 0 14 1 13 16 1 17
split_gain=14.9874 2.5925 2.26111 2.63286 2.46948 2.01149 2.03131 1.94391 3.72821 2.92389 3.29762 2.4309 3.07123 2.39858 2.26273 3.21757 2.37982 2.22159 2.08053 3.1575 3.43885 5.03867 1.85728 1.93156 2.28888 1.96078 1.81857 1.78372 2.05129 1.72319
threshold=4.1180246264091247 0.38843172555894784 9.9779686690791873 3.7256208424938388 0.95223838038209319 0.3621010638297873 394.44764179933389 0.54338782402224528 1.3213356815219448 1264.661176803929 0.58184909455524469 0.60019321080588428 1.4583149269589604 2.4251282482722374 2.6226158252644436 0.51877685979437194 1213.1780511929885 969.53003860279034 0.14594739711837137 10.176886860000506 1.7546733241542518 0.20409906052518081 0.62292414321190925 1.0532743259250426 0.022539622045390114 0.14717282261741912 0.034783361109961601 0.010781853940238688 0.098199935711989719 -0.0045812393932796987
decision_type=8 2 2 10 10 8 10 2 10 8 2 2 10 10 10 10 8 10 2 2 10 2 8 10 2 10 2 8 10 8
left_child=1 2 3 4 5 -1 -7 13 9 10 -9 12 -11 22 15 -15 -16 -12 -18 20 21 -20 23 24 25 -4 -23 28 -10 -3
right_child=-2 29 7 -5 -6 6 -8 8 27 11 17 -13 -14 14 16 -17 18 -19 19 -21 -22 26 -24 -25 -26 -27 -28 -29 -30 -31
leaf_value=-0.0021418628220066364 0.00016425261989887061 -0.0016832413147006451 -7.8742264275532704e-05 -0.0043625669055908367 -0.0012136284812063751 -4.8425111539924007e-06 -0.0023733198175801959 -0.0018219726860193733 0.00012262520998380697 -0.00026329342070620739 -0.0017779247268633672 0.00053964678739093378 -0.0039894963214135368 -0.0042713334563503173 0.001933242191700507 -0.00035897831130303861 0.00090455847957334574 -0.0001553234434599827 -0.0054708751597583516 -1.7187879166434884e-05 -7.9074738164768482e-05 -0.0015781002303105469 -0.00092031140240744595 0.00048110007198752958 3.3608136905032979e-05 -0.0011443658754286051 0.00024869091293662742 0.00060587208210556456 -0.0021702099892192835 0.0015002563826904292
leaf_weight=59 3111 88 53 42 53 12183 59 49 55 334 68 393 54 49 333 184 373 119 41 2187 149 40 118 6442 907 51 42 869 40 1108
leaf_count=59 3111 88 53 42 53 12183 59 49 55 334 68 393 54 49 333 184 373 119 41 2187 149 40 118 6442 907 51 42 869 40 1108
internal_value=0.000460612 0.000229665 0.000165227 -0.000124385 -9.85835e-05 -7.04762e-05 -4.36166e-05 0.000442437 -0.000422301 -0.0016886 -0.00460759 -0.00080179 -0.00248329 0.000598633 -6.3548e-05 -0.00291026 0.000146873 -0.00276064 -0.000135545 -0.000452439 -0.00349451 -0.00718548 0.0008958 0.000955058 -0.000263834 -0.00445714 -0.00281928 0.00091399 -0.00296875 0.00159399
internal_weight=29653 26542 25346 12396 12354 12301 12242 12950 1981 1017 236 781 388 10969 3398 233 3165 187 2832 2459 272 123 7571 7453 1011 104 82 964 95 1196
internal_count=29653 26542 25346 12396 12354 12301 12242 12950 1981 1017 236 781 388 10969 3398 233 3165 187 2832 2459 272 123 7571 7453 1011 104 82 964 95 1196
is_linear=0
shrinkage=0.03


Tree=102
num_leaves=31
num_cat=0
split_feature=20 12 17 1 9 6 10 13 1 14 13 16 15 13 1 15 14 2 13 20 7 9 17 11 15 15 14 12 17 15
split_gain=14.8826 2.01377 2.15315 2.67273 4.61179 2.71364 2.29085 2.09206 3.29882 2.3664 2.09167 1.79624 2.11812 1.78516 2.68526 3.42044 2.07858 1.7083 1.64755 1.41882 1.41808 2.59663 2.13707 2.49867 2.61442 3.47001 4.45801 2.72852 1.88088 1.8488
threshold=0.20605320543050182 0.25393801518097542 0.21133204779067682 1.0000000180025095e-35 0.23249971787573184 -0.17917399568911449 0.89230093880540939 0.19684568227386354 0.18146027201145312 0.22519671308559638 0.15097134249492397 0.015090386678562922 2.249904835165133 0.067539671971076506 0.44081142399572942 3.2384861814448418 0.68027517933753268 6.5432356033370338 0.18586873455862826 1.2180055060750263 0.32258338149304006 0.01952656677684261 2.0950339193447265 10.3429675371555 2.602003343538398 2.8617925509761908 0.24116311111870239 0.37817125054753303 -0.158659135962159 3.8176519431297078
decision_type=2 2 10 8 10 2 10 2 10 2 2 8 10 2 10 10 2 10 2 2 10 8 10 2 8 8 2 2 10 10
left_child=-1 2 7 4 5 6 -4 13 -9 -10 11 12 -7 14 17 -16 -15 19 -5 -2 21 29 23 24 28 26 -26 -28 -22 -3
right_child=1 20 3 18 -6 10 -8 8 9 -11 -12 -13 -14 16 15 -17 -18 -19 -20 -21 22 -23 -24 -25 25 -27 27 -29 -30 -31
leaf_value=0.00015932504130190451 0.00010735666093532548 3.29630337028816e-05 -0.00073367301644545427 0.0001173878504989424 -0.0030816003241018251 -0.0025253074311822159 -0.0029270824496798863 3.4692287276147057e-05 -0.00023624864879065224 -0.0021939936093897249 0.00078906196244156164 -9.8720036442250154e-05 -0.00079632348658985319 0.00050356540507259166 3.735510713811254e-05 -0.001933284395129994 -0.0024101715859786254 -0.00045795502625938536 -0.00088816693839515706 -0.0036092259248798318 -0.0031648144477802579 0.0014843640457933643 0.0021754501159570914 0.0013191923976108566 0.00056767111522253524 -0.00019468734572582175 -0.0033599931333598704 -0.00083292479313429064 0.00039868525090204471 -0.0015024533899605326
leaf_weight=2772 6041 1053 484 6090 56 95 217 195 43 44 290 3695 178 3566 67 53 73 87 206 45 55 2314 377 228 69 319 54 53 672 47
leaf_count=2772 6041 1053 484 6090 56 95 217 195 43 44 290 3695 178 3566 67 53 73 87 206 45 55 2314 377 228 69 319 54 53 672 47
internal_value=0.000474085 0.000257332 0.000128914 -0.000156206 -0.000672847 -0.000575201 -0.00230342 0.00044464 -0.00209894 -0.00692045 -0.000290209 -0.000470143 -0.00281387 0.000517064 0.000211154 -0.00421488 0.00104588 0.000297862 0.00025536 0.000357812 0.000784624 0.00114553 0.000109956 -0.000413508 -0.000951758 -0.00263105 -0.006 -0.00980556 0.000193681 -5.44958e-05
internal_weight=29538 26766 21525 11311 5015 4959 701 10214 282 87 4258 3968 273 9932 6293 120 3639 6173 6296 6086 5241 3414 1827 1450 1222 495 176 107 727 1100
internal_count=29538 26766 21525 11311 5015 4959 701 10214 282 87 4258 3968 273 9932 6293 120 3639 6173 6296 6086 5241 3414 1827 1450 1222 495 176 107 727 1100
is_linear=0
shrinkage=0.03


Tree=103
num_leaves=31
num_cat=0
split_feature=20 11 8 7 9 4 14 8 9 14 0 14 7 4 13 3 4 20 14 7 1 1 7 7 9 0 7 17 9 3
split_gain=14.0151 1.86625 2.18283 4.93926 2.20952 2.14611 3.84648 3.1794 2.1243 1.8907 2.78538 3.12785 3.68488 3.28816 2.93599 4.02295 2.43264 3.03104 2.09812 3.38001 2.38877 1.95122 1.75264 1.69695 1.65142 2.3393 3.1039 2.04176 3.46881 1.9718
threshold=0.17482696551698043 9.9779686690791873 1.0727257980060354 0.038720072312170818 0.13493982625662096 171.17720464539499 0.089219491341129276 1.3271735312451769 0.051091869955560025 0.56404018656030031 1.3503217749021867 0.60019321080588428 0.16861412961352035 978.12793074335161 0.051194119243081877 0.29520502035488222 1434.1120092605413 0.94791718434217953 0.029850602482496151 0.062757097739733328 0.019049346879535582 0.12147562582345191 0.061527686521158372 0.20902245175538367 0.021632692478267219 2.7815150865581928 0.3992101321182534 0.33546815130085822 0.0025046752417442089 0.22994204366331022
decision_type=2 2 10 10 10 8 2 10 10 2 10 2 10 8 2 2 10 2 2 10 8 10 8 10 10 10 10 10 8 2
left_child=-1 2 4 -4 -2 6 7 -5 -8 16 11 12 14 -13 15 21 17 -3 19 -19 22 -11 -20 -10 27 26 29 -18 -29 -26
right_child=1 9 3 5 -6 -7 8 -9 23 10 -12 13 -14 -15 -16 -17 24 18 20 -21 -22 -23 -24 -25 25 -27 -28 28 -30 -31
leaf_value=0.00015454529006284738 0.00084463965856098895 0.00077876684895072305 -0.0034600606045412643 -0.006785781811300344 -0.00034260527137991073 1.5072738972304385e-05 0.0011483262650610398 -0.0036561783422421079 -0.00028309149554536648 -0.0018131358681222603 0.00046669816658523561 -0.0018157721688396953 -0.0043181808866571535 0.00023829563438778701 -3.3886591882448585e-05 0.00039837866264510346 0.00033385152331043267 -0.00096560071200603502 -0.0014138054864506894 0.00035474917908987874 0.0002731024906830968 -0.0010578201883607577 -0.00039929740634201181 -0.0047422586599090832 6.3688917541373342e-05 0.0030085200725650458 -0.0018023551225865497 -0.0016548714517155437 -0.00036353186201975457 0.00056593123945088467
leaf_weight=2541 1052 3519 75 42 335 11721 133 52 139 40 804 61 44 564 183 41 586 58 40 45 430 40 63 40 4796 387 51 52 771 970
leaf_count=2541 1052 3519 75 42 335 11721 133 52 139 40 804 61 44 564 183 41 586 58 40 45 430 40 63 40 4796 387 51 52 771 970
internal_value=0.000502932 0.000303372 5.4967e-05 -7.32606e-05 0.00118228 -2.54781e-05 -0.00216708 -0.00745263 -0.00055591 0.000552562 -0.000359392 -0.0014384 -0.00371347 -0.000167732 -0.00251803 -0.00612295 0.000690288 0.00127406 -0.000631083 -0.00452885 0.000129214 -0.01 -0.00395192 -0.00268333 0.000371553 0.000582111 0.000431592 -0.000555319 -0.0015182 0.000497312
internal_weight=29675 27134 13589 12202 1387 12127 406 94 312 13545 1777 973 348 625 304 121 11768 4155 636 103 533 80 103 179 7613 6204 5817 1409 823 5766
internal_count=29675 27134 13589 12202 1387 12127 406 94 312 13545 1777 973 348 625 304 121 11768 4155 636 103 533 80 103 179 7613 6204 5817 1409 823 5766
is_linear=0
shrinkage=0.03


Tree=104
num_leaves=31
num_cat=0
split_feature=20 12 7 8 15 9 20 11 16 7 9 4 9 16 16 7 12 9 17 17 9 5 3 9 3 9 7 8 3 11
split_gain=16.1171 2.40214 2.40782 1.89559 2.95188 3.4061 3.50889 1.81833 2.13596 1.82704 1.75972 1.92719 1.85034 1.73488 1.70262 2.31336 1.50428 2.3365 1.82047 1.68076 2.67175 2.05966 2.11865 2.01761 1.65399 1.57295 3.00732 2.05799 1.87455 2.01738
threshold=0.20605320543050182 0.23487486218997769 0.23188448968898287 15.174598430824046 1.8688348091416842 0.023822567963849489 0.63125618438051323 10.013999774331436 0.10453981454715318 0.23734557184779384 0.054235805098685426 677.98693717565777 0.1414382842321566 0.25723900418894075 1.1310844301485856 0.34949895289900063 0.12119757128160648 0.024601456858929133 0.60249760397640484 0.47761265267888414 0.059878128520781344 0.93763888888888902 0.06208971850635505 0.13873673128881892 0.041815708213642465 0.10719557033322834 0.10616545246535895 1.1566433086171686 0.11196556927944801 10.005728205463841
decision_type=2 2 10 10 8 10 2 2 10 10 8 8 10 10 8 10 2 10 10 10 10 10 2 10 2 10 10 10 2 2
left_child=-1 2 16 14 5 6 -5 9 -9 -6 13 12 -12 -3 -4 -16 19 18 -18 -2 -21 22 -22 25 -20 28 27 -27 29 -24
right_child=1 10 3 4 7 -7 -8 8 -10 -11 11 -13 -14 -15 15 -17 17 -19 24 20 21 -23 23 -25 -26 26 -28 -29 -30 -31
leaf_value=0.00014990893136096193 3.5757662298988205e-05 -5.7697769614481411e-05 4.7648536730117845e-05 -0.0024243154798077107 -0.0025351829635826412 -0.0036564746472391523 0.00029119705985832396 0.00017918446865686495 -0.002741447606169959 0.00016762467868757452 0.00014996033678496754 0.0013050252983545843 -0.0026444161337031615 0.00072833697187989069 0.00031921322760839426 -0.0051198405508511829 1.7377450936932519e-05 0.00032409964648799931 -0.0028626656979366411 0.00030038794564975744 0.00069952870205691948 -0.0019728001029663488 -0.0019437008173988724 0.00026138381481465045 -0.00050834363703670244 -0.00082881174137312418 0.00018403995793672494 -0.0047845878337374045 -0.00024592878887933715 -0.00039511381739973421
leaf_weight=2780 7985 2223 1545 47 47 73 109 92 145 665 440 2140 51 1519 41 41 1016 6087 43 751 128 43 68 212 280 105 83 83 552 72
leaf_count=2780 7985 2223 1545 47 47 73 109 92 145 665 440 2140 51 1519 41 41 1016 6087 43 751 128 43 68 212 280 105 83 83 552 72
internal_value=0.000458751 0.000232248 7.2807e-05 -0.00074305 -0.00165903 -0.0047087 -0.00217834 -0.000918947 -0.00318908 -0.000159888 0.000740352 0.00133473 -0.000359756 0.000322202 -7.92382e-05 -0.00426506 0.000203553 0.000527535 -0.000606716 -3.51085e-05 -0.000790753 -0.0015902 -0.00137347 -0.00177296 -0.00256481 -0.00235581 -0.00429044 -0.00638095 -0.00159307 -0.00468085
internal_weight=29466 26686 20313 2805 1178 229 156 949 237 712 6373 2631 491 3742 1627 82 17508 7426 1339 10082 2097 1346 1303 1175 323 963 271 188 692 140
internal_count=29466 26686 20313 2805 1178 229 156 949 237 712 6373 2631 491 3742 1627 82 17508 7426 1339 10082 2097 1346 1303 1175 323 963 271 188 692 140
is_linear=0
shrinkage=0.03


Tree=105
num_leaves=31
num_cat=0
split_feature=20 12 7 6 6 13 1 1 13 3 7 9 14 3 11 12 14 14 8 14 14 7 11 1 11 3 10 0 11 14
split_gain=14.4491 1.97256 3.18507 2.1066 2.53824 2.04624 4.4618 2.67762 1.56646 2.10518 3.84463 2.81896 2.89124 1.94065 2.71726 1.87747 2.19449 1.82201 2.06245 2.50091 1.53654 2.16232 2.54091 2.38317 3.53768 2.09324 2.71093 3.16481 2.46123 1.9968
threshold=0.20605320543050182 0.22814458903585513 0.23188448968898287 3.5404193668873769 0.038999361247734281 0.19684568227386354 0.18146027201145312 0.2215007215007215 0.049463911496686781 0.1693399213984392 0.15955447750681648 0.01805763357127645 0.029850602482496151 0.39245487452463856 9.3376335966645136 0.026711309913309837 0.12906653955158634 0.14778185421371198 1.757522915100844 0.15801693441696354 0.077051950493642052 0.11229649353134108 9.4678080515874239 0.33143939393939403 10.622692266228841 0.25223206535954606 0.98474222804014755 1.1663551506813641 9.9364628417375283 0.39124143233266567
decision_type=2 2 10 2 2 2 10 10 2 2 10 10 2 2 2 2 2 2 10 2 2 10 2 10 2 2 10 10 2 2
left_child=-1 2 5 4 -4 8 -7 -8 20 10 15 -11 -13 -14 -15 16 -10 -12 -19 -20 -2 22 -22 25 -25 -24 28 -28 -27 -23
right_child=1 -3 3 -5 -6 6 7 -9 9 11 17 12 13 14 -16 -17 -18 18 19 -21 21 29 23 24 -26 26 27 -29 -30 -31
leaf_value=0.00014541166342013309 0.00021654912209392545 0.00045025087945688744 -0.00158070269632364 -0.0044285486180924418 -7.3341098555694328e-05 1.3772683447227336e-05 -0.0019922360750939312 -0.001102312038059422 -0.0033329306766036997 0.0015617015520715449 0.00067764715314429908 -0.0030778232937933203 -4.8197611860826219e-05 -0.0037810328516930665 0.0014550080346146564 0.00064341656864421706 0.00016364131059112868 -0.00083415771655711473 -0.0020207601964953724 -0.00015003378300149892 8.0652424092132166e-05 -0.00015742974813504464 -9.3662325615081758e-05 -0.0021893112073181516 4.5040785133465047e-05 -0.0011644463741163139 -0.0015422383979537904 -0.0017503001136945973 0.0001237876688418123 0.00029382318728334256
leaf_weight=2744 1768 6851 875 51 1667 375 45 100 74 376 234 42 2088 59 47 4137 611 89 44 682 839 2777 815 67 52 111 98 50 228 1646
leaf_count=2744 1768 6851 875 51 1667 375 45 100 74 376 234 42 2088 59 47 4137 611 89 44 682 839 2777 815 67 52 111 98 50 228 1646
internal_value=0.000455622 0.000244024 9.38249e-05 -0.000887047 -0.000764451 0.000239588 -0.00161228 -0.00606164 0.000296546 0.000584512 0.000899694 -0.000123995 -0.000528386 -0.000377221 -0.00431776 0.00125772 -0.000196793 -0.000745714 -0.00141544 -0.000883081 7.45397e-06 -0.000200628 -0.000955329 -0.00172785 -0.005775 -0.0013538 -0.00290779 -0.00628188 -0.00142059 0.000185127
internal_weight=29642 26898 20047 2593 2542 17454 520 145 16934 8483 5871 2612 2236 2194 106 4822 685 1049 815 726 8451 6683 2260 1421 119 1302 487 148 339 4423
internal_count=29642 26898 20047 2593 2542 17454 520 145 16934 8483 5871 2612 2236 2194 106 4822 685 1049 815 726 8451 6683 2260 1421 119 1302 487 148 339 4423
is_linear=0
shrinkage=0.03


Tree=106
num_leaves=31
num_cat=0
split_feature=20 12 11 9 0 16 8 1 15 7 12 9 11 8 12 11 7 1 11 11 8 17 0 6 5 17 16 9 1 4
split_gain=14.6645 2.51511 2.32492 5.43627 5.65171 3.50177 2.93634 2.33435 4.77168 4.25492 2.11608 1.9643 3.1896 1.67287 2.16159 1.82266 1.67789 1.6129 2.49898 3.92822 1.55834 2.377 2.16296 1.57794 1.4869 2.15568 1.44958 1.42903 3.39537 4.95068
threshold=0.20605320543050182 0.097795012212451141 9.6369470793051697 0.0025046752417442089 1.5536437837739594 0.40560317244702321 394.44764179933389 0.27622890682318418 2.3502401828962087 0.15739529108397105 0.39299949281436058 0.0065764796462273482 6.0100401799233785 2.3266411702237009 0.20748476399466045 10.963263718913563 0.139434745927076 0.33462033462033469 10.444517401175647 10.692456145770434 2.5812670340241319 0.19041272017003494 2.3699704807785436 0.33915812612240542 0.95047420488921597 0.26808499234873356 -0.16927199525517891 0.10899646636314701 0.10733486943164362 1907.561849032734
decision_type=2 2 2 8 10 10 10 10 10 10 2 10 2 10 2 2 10 10 2 2 10 10 10 2 10 8 10 10 10 10
left_child=-1 11 6 4 -4 -6 7 10 -9 -10 -3 -2 -13 15 16 17 -15 26 -19 -20 21 -16 -23 -22 -14 -26 -5 28 -17 -30
right_child=1 2 3 13 5 -7 -8 8 9 -11 -12 12 24 14 20 27 -18 18 19 -21 23 22 -24 -25 25 -27 -28 -29 29 -31
leaf_value=0.0001410493135175291 0.00054258850230832286 -1.9086711248739158e-05 -0.0033026278185535702 -0.00080350655054956042 -3.3171502276385273e-07 -0.0019278515102416694 -0.002061922075199161 0.00077191405054073594 -0.00099910210975062978 -0.0024874753865270845 0.0013396493634041337 -0.016386201654894576 -4.1864505530899501e-05 0.00093321597764831836 0.0011593026666604021 6.1059631328383071e-05 -0.00032960994379711313 0.0010690892252468241 -0.0011064117496335949 0.0006072169076903292 -0.00016062676245202155 -0.00078413759325506786 -0.0017299340122940658 0.0013064768644707072 1.7281641047977369e-05 -0.0018852098060899523 0.00075370012528355301 0.00059474402651527741 -0.0022518745444141384 -0.00016767343227935659
leaf_weight=2764 644 5480 41 117 216 43 49 99 59 55 709 49 7875 324 115 694 1731 121 43 59 463 142 66 1656 107 81 5213 537 47 104
leaf_count=2764 644 5480 41 117 216 43 49 99 59 55 709 49 7875 324 115 694 1731 121 43 59 463 142 66 1656 107 81 5213 537 47 104
internal_value=0.000451757 0.000238196 0.000439342 0.000690872 -0.00328904 -0.00162692 -1.81338e-05 3.84196e-05 -0.00304206 -0.0072 0.000144911 -0.000179513 -0.000306175 0.000795592 0.00034482 0.0010878 -0.000372082 0.00133039 -0.00116518 -0.00460194 0.000948015 -0.000990741 -0.00289952 0.00124387 -0.0002593 -0.00288889 0.001435 0.000112798 -0.000656028 -0.00471711
internal_weight=29703 26939 18183 11732 300 259 6451 6402 213 114 6189 8756 8112 11432 4497 6935 2055 5553 223 102 2442 323 208 2119 8063 188 5330 1382 845 151
internal_count=29703 26939 18183 11732 300 259 6451 6402 213 114 6189 8756 8112 11432 4497 6935 2055 5553 223 102 2442 323 208 2119 8063 188 5330 1382 845 151
is_linear=0
shrinkage=0.03


Tree=107
num_leaves=31
num_cat=0
split_feature=20 12 17 1 9 13 15 10 12 1 13 13 17 13 10 16 9 0 8 8 9 17 11 11 3 3 8 10 16 0
split_gain=14.5775 1.85735 2.39711 2.52446 3.96063 2.47814 3.00172 4.33613 3.32946 2.25965 3.3901 1.71451 1.69699 1.57402 2.06736 1.52382 1.50136 2.33061 2.18267 3.15998 3.02993 4.73149 6.51825 2.54083 1.84142 1.75529 2.07595 1.68264 1.74183 1.38668
threshold=0.20605320543050182 0.36576277341710034 0.21133204779067682 1.0000000180025095e-35 0.23249971787573184 0.1703222092891972 3.7726948748059121 1.4470679661195676 0.15123700410852695 0.18588039867109638 0.19684568227386354 0.18903683220768777 -0.14911992244379688 0.20953158541749128 1.288863294238338 -0.010728363144549086 0.017214421942214907 3.5253058460028446 2.4877521839890155 1.1730512197646055 0.0025046752417442089 0.39262395179074788 9.3531411668500457 10.834519101518097 0.0031130026514355016 0.05285229645295654 2.3266411702237009 1.4676207191831521 0.046743754409857105 1.4102633841396104
decision_type=2 2 10 10 10 2 10 8 2 10 2 2 8 2 10 8 8 10 8 10 10 10 2 2 2 2 10 10 8 10
left_child=-1 2 9 4 5 6 16 8 -8 -2 12 -5 29 14 -13 -3 17 18 19 -4 21 -21 -23 25 -18 -22 -27 28 -20 -11
right_child=1 15 3 11 -6 -7 7 -9 -10 10 -12 13 -14 -15 -16 -17 24 -19 27 20 23 22 -24 -25 -26 26 -28 -29 -30 -31
leaf_value=0.0001368178341120032 0.00028463334711051233 -0.0026218407961485172 0.0005563654982954242 0.00016097804017483358 -0.0028292056362823987 0.0010749452944726703 -0.0021175900387348724 6.0983426494838878e-05 -0.00060258485284667563 -0.0011240992930427454 -0.0011025443813787823 -0.00015521979593024937 6.1827884603479405e-05 6.157407675792699e-05 -0.0029670444255832304 0.0011475867061690765 -0.0023359855037236314 -0.0012847948381778662 -0.0039071875610619065 -0.00014032595456416744 -0.0054664587955273901 -0.002667152900078457 -0.0030274225838662883 -0.0011452314075122588 -9.4579087657510716e-07 0.00038614531042228018 -0.0020906910013749379 0.0018198841663632657 -1.5053882797904869e-05 0.00066247359010452472
leaf_weight=2771 8712 53 194 6706 71 223 67 106 65 174 85 41 2236 94 43 1617 67 69 60 73 67 46 46 63 4621 348 45 221 566 91
leaf_count=2771 8712 53 194 6706 71 223 67 106 65 174 85 41 2236 94 43 1617 67 69 60 73 67 46 46 63 4621 348 45 221 566 91
internal_value=0.000483874 0.00027018 0.000205944 -5.78291e-05 -0.000458185 -0.000385578 -0.000488922 -0.00379079 -0.0073985 0.00053049 -0.000248164 0.000350327 -4.67625e-05 -0.00254749 -0.00550588 0.00123878 -0.000367196 -0.00110395 -0.000886127 -0.00192978 -0.00288244 -0.00641566 -0.0109032 -0.00175763 -8.44529e-05 -0.000976139 -0.000205584 0.000201651 -0.000593301 -0.00231203
internal_weight=29641 26870 25200 13902 7018 6947 6724 238 132 11298 2586 6884 2501 178 84 1670 6486 1798 1729 882 688 165 92 523 4688 460 393 847 626 265
internal_count=29641 26870 25200 13902 7018 6947 6724 238 132 11298 2586 6884 2501 178 84 1670 6486 1798 1729 882 688 165 92 523 4688 460 393 847 626 265
is_linear=0
shrinkage=0.03


Tree=108
num_leaves=31
num_cat=0
split_feature=0 12 17 1 9 6 15 1 13 13 13 17 11 9 14 11 9 3 13 3 15 15 3 14 14 11 2 15 0 17
split_gain=14.3997 2.14397 2.41844 2.38098 4.57249 3.22489 4.29348 2.34598 3.24523 2.29947 1.8563 1.77887 1.71814 3.18399 2.18796 4.34849 8.65222 2.39058 2.26446 2.82505 1.74937 1.65873 1.6489 5.06971 1.61705 1.57168 1.53859 2.03838 1.85278 1.53688
threshold=4.8546916616174451 0.34066920781842175 0.21133204779067682 1.0000000180025095e-35 0.23249971787573184 -0.17917399568911449 3.6242520361853052 0.17607313195548494 0.19684568227386354 0.18903683220768777 0.15644740024693757 0.32199406798991131 9.1613601842398698 0.0055351307189542504 0.1922012759529079 8.8049252513691858 0.053382288406882729 0.10761759816068137 0.0090453004020480746 0.19642907849966337 1.8688348091416842 1.4978661367769956 0.47450303699721869 0.13934825344610632 0.34153829716896783 8.0677759992399043 5.8479582522806028 3.1984648276080736 1.4908752639688527 -0.12457338067736674
decision_type=8 2 10 8 10 2 10 10 2 2 2 10 2 10 2 2 8 2 2 2 8 10 2 2 2 2 10 10 10 8
left_child=1 2 7 4 5 6 21 12 29 -5 22 -11 13 -1 20 17 -17 25 -18 -20 -15 -4 26 -24 -23 -16 -7 -28 -29 -9
right_child=-2 -3 3 9 -6 10 -8 8 -10 11 -12 -13 -14 14 15 16 18 -19 19 -21 -22 24 23 -25 -26 -27 27 28 -30 -31
leaf_value=0.0010215542486941523 0.00013271329908864311 0.00089296971450221441 -0.0032632204311377339 0.00011969343562414181 -0.0027443294774674946 -6.9263681604201375e-05 -0.0038622366455200205 -0.00051294885543425712 -0.0013747563385736485 -0.0012888985883522848 0.00099794025149706547 -0.00019286542179877664 0.00034238630939745798 -0.0019553705028764147 -0.0061529931996142052 -0.0042508370934351922 0.0014011119566465981 0.00025122594387309318 -0.0018502196349826975 -0.0018882476341183362 0.00053659376011631183 -0.0010022076753746245 -0.0028374484548900612 0.00066216389395806589 0.0005212066332878349 -0.00018391116074144528 5.1031723509325862e-05 -0.0016695153582328799 -0.00029808125913758141 4.6093923330898624e-05
leaf_weight=441 2805 2222 115 7053 61 4935 40 366 86 57 269 132 6250 144 47 40 80 440 105 41 748 511 51 73 140 49 105 40 42 2276
leaf_count=441 2805 2222 115 7053 61 4935 40 366 86 57 269 132 6250 144 47 40 80 440 105 41 748 511 51 73 140 49 105 40 42 2276
internal_value=0.000429767 0.000216877 0.000136672 -0.000131229 -0.000553658 -0.000474059 -0.00224535 0.000465089 -0.000299011 0.00024106 -0.000214829 -0.00301579 0.00071369 -2.10673e-05 -0.000612389 -0.00174844 -0.0048764 -0.000189944 -0.00256388 -0.00477551 0.000409855 -0.00173664 -0.000339623 -0.003744 -0.00114571 -0.00445361 -0.00025649 -0.00292021 -0.00643373 -0.000111237
internal_weight=29764 26959 24737 13624 6382 6321 806 11113 2728 7242 5515 189 8385 2135 1694 802 266 536 226 146 892 766 5246 124 651 96 5122 187 82 2642
internal_count=29764 26959 24737 13624 6382 6321 806 11113 2728 7242 5515 189 8385 2135 1694 802 266 536 226 146 892 766 5246 124 651 96 5122 187 82 2642
is_linear=0
shrinkage=0.03


Tree=109
num_leaves=31
num_cat=0
split_feature=17 12 8 8 13 16 10 3 4 17 13 14 9 8 12 14 9 14 8 4 4 14 9 14 9 15 4 1 14 15
split_gain=11.3095 1.89643 2.27619 2.68194 3.70504 2.08603 1.84725 1.63162 1.52699 1.8193 1.4633 2.31516 1.67249 2.46717 3.10569 3.30479 1.86455 1.73689 1.82603 1.71746 2.73126 1.56921 1.78202 5.52179 3.62588 4.61626 5.15333 3.12876 2.17263 2.5702
threshold=2.6844859018881082 0.2245031083962408 22.321054984331955 22.797201006882407 0.15481290687853025 -0.2187637777417594 1.5793912742604477 0.37735000116746642 281.46999805843689 0.46566534225382566 0.050064604467123554 0.077051950493642052 0.1414382842321566 1.0777995932501978 0.052463627754815619 0.022539622045390114 0.024213383549321055 0.058582606790845371 1.5199841539872188 1835.5141308575439 669.33675937136809 0.39124143233266567 0.15572595897911198 0.095793573687876263 0.13176780733968915 2.9700856263602158 878.00390345381732 0.12444690265486726 0.19800921928783743 2.1383330595080281
decision_type=8 2 10 10 2 10 8 2 8 10 2 2 10 10 2 2 8 2 10 10 8 2 8 2 10 10 10 10 2 8
left_child=1 2 10 4 -4 7 -7 -3 9 -5 11 12 16 14 15 -14 17 18 -1 20 -20 22 24 -24 28 -26 -27 -28 -13 -30
right_child=-2 5 3 8 -6 6 -8 -9 -10 -11 -12 21 13 -15 -16 -17 -18 -19 19 -21 -22 -23 23 -25 25 26 27 -29 29 -31
leaf_value=0.0005702528427058485 0.00012873190011598382 -0.00016306434796417951 -0.0026877699156542859 -0.0053296062204216139 6.6518455756107322e-05 0.00016444621500791466 0.0011536560055146691 -0.0026357929247773351 -0.00020159252057377544 0.00031167550519394649 0.00022929468559059117 0.00010396976920580445 -0.0010910598089100831 0.00037347664455763846 3.2404299754437841e-05 -0.00021106848008470828 0.00059198421467462664 0.0011283328011019108 -0.001409077855118456 0.0013272566384013539 -0.0021900563063648828 5.5981482870518206e-05 -0.0010415236469555242 0.0010247458025026543 -3.7764980729826742e-05 -0.00010335656337372102 -0.0023230036404853962 -0.001368772247626226 -0.0016099988445248562 -0.00024669116833822476
leaf_weight=60 2655 568 50 55 42 4589 1973 48 2284 45 8048 1640 57 220 122 47 1205 167 69 44 70 3081 44 477 149 70 45 61 307 1390
leaf_count=60 2655 568 50 55 42 4589 1973 48 2284 45 8048 1640 57 220 122 47 1205 167 69 44 70 3081 44 477 149 70 45 61 307 1390
internal_value=0.000441869 0.000258288 0.000107154 -0.000743641 -0.00574194 0.000676139 0.000832851 -0.000991896 -0.000548428 -0.00415842 0.000228445 -2.73428e-05 0.000859845 -0.000765101 -0.00296035 -0.00674286 0.00130879 -0.000437956 -0.00205328 -0.00353804 -0.00516429 -0.000279146 -0.000657505 0.000982759 -0.000891073 -0.00391104 -0.00718644 -0.0113271 -0.000595866 -0.00134806
internal_weight=29682 27027 19849 2476 92 7178 6562 616 2384 100 17373 9325 2061 446 226 104 1615 410 243 183 139 7264 4183 521 3662 325 176 106 3337 1697
internal_count=29682 27027 19849 2476 92 7178 6562 616 2384 100 17373 9325 2061 446 226 104 1615 410 243 183 139 7264 4183 521 3662 325 176 106 3337 1697
is_linear=0
shrinkage=0.03


Tree=110
num_leaves=31
num_cat=0
split_feature=20 12 5 8 14 11 0 11 9 11 16 9 14 14 11 8 9 14 15 0 11 17 17 0 3 11 9 16 17 9
split_gain=14.0594 1.75007 2.37957 1.85599 2.03357 3.31166 2.00616 1.85244 1.84438 2.38975 2.16429 1.75122 2.48951 2.94565 2.77954 2.19055 2.57634 2.99213 1.69778 1.55083 2.02724 1.56839 1.53896 1.66928 3.77856 2.66596 4.22366 2.78032 2.1292 2.11621
threshold=0.20605320543050182 0.2030186782195296 0.3389466546112116 1.2421651369750448 0.69023720239001662 10.013999774331436 1.1500051057210736 8.3150769773310635 0.054235805098685426 9.5620530216106658 0.27599968065299668 0.068347677317233457 0.4751549877077475 0.180032785398999 8.0677759992399043 79.4612033584025 0.095237666049510353 0.24327338998578471 2.3502401828962087 1.8570217494662948 9.2711531936631015 0.48440258644600981 1.4850325121970982 1.3252198242618103 0.014475424401623435 11.275720994973229 0.090116149165499884 0.12232201085888378 0.64581329223851625 0.013741273351791974
decision_type=2 2 8 10 2 2 10 2 10 2 10 10 2 2 2 10 10 2 10 10 2 10 10 10 2 2 10 10 10 10
left_child=-1 3 -3 4 6 7 -2 -6 10 11 -4 -10 13 14 -13 16 19 -18 -19 20 21 -15 23 24 28 -26 -27 -28 -5 -25
right_child=1 2 8 22 5 -7 -8 -9 9 -11 -12 12 -14 15 -16 -17 17 18 -20 -21 -22 -23 -24 29 25 26 27 -29 -30 -31
leaf_value=0.0001248699431125043 2.8742037355637989e-05 -0.0018942661051599484 -8.3312698158310994e-05 -0.0047878910873037283 -0.00082856139508357199 -0.0020348819237974982 0.00053465267585297194 0.0015839618445303259 0.0015617704704359719 0.0011528145404414894 0.00064614197264198771 -0.0023420215427339551 0.0014064056776166363 0.00032069536433863198 0.0013520279191978131 0.0060302815077211309 -0.0041145253305461173 0.00014837877150895192 -0.0025324859478914551 0.00058865643715462165 -0.0011112941334885007 -0.0014824249318508942 -0.0010619263590183742 -0.00096596972049752645 -5.8209175327995833e-05 -0.00015565229424143489 -0.00034985426603812906 -0.0020048015160618058 -0.00064179732545568697 0.00022328757458075276
leaf_weight=2769 4538 50 3100 61 73 78 2257 103 295 2206 1646 46 380 94 327 54 49 52 40 115 44 40 522 481 5813 228 72 40 40 4140
leaf_count=2769 4538 50 3100 61 73 78 2257 103 295 2206 1646 46 380 94 327 54 49 52 40 115 44 40 522 481 5813 228 72 40 40 4140
internal_value=0.000432849 0.000223902 0.000578991 5.9522e-05 0.000442128 -0.00218824 0.000540759 0.000101695 0.000617741 0.00111568 0.000224984 0.000206897 -0.000287439 -0.00117981 0.000826203 -0.00271166 -0.00342069 -0.00673944 -0.00348387 -0.00180612 -0.00355307 -0.00168889 -0.000177136 -0.00010068 -0.000420144 -0.000325154 -0.00290323 -0.00764602 -0.00614706 0.000331675
internal_weight=29753 26984 8538 18446 7049 254 6795 176 8488 3742 4746 1536 1241 861 373 488 434 141 92 293 178 134 11397 10875 6254 6153 340 112 101 4621
internal_count=29753 26984 8538 18446 7049 254 6795 176 8488 3742 4746 1536 1241 861 373 488 434 141 92 293 178 134 11397 10875 6254 6153 340 112 101 4621
is_linear=0
shrinkage=0.03


Tree=111
num_leaves=31
num_cat=0
split_feature=20 12 7 1 14 4 15 9 3 4 4 0 16 12 9 14 14 13 15 4 6 14 14 4 4 19 0 14 9 7
split_gain=13.9878 1.63464 2.26015 2.83637 3.61304 4.77047 4.7714 5.08046 4.59337 9.43546 3.84181 2.22584 2.13426 2.06217 3.55946 2.11185 2.97238 3.30737 2.24347 1.95269 1.94649 2.08988 2.0589 2.24573 3.47567 4.04241 3.80481 1.88843 1.83251 2.26832
threshold=0.20605320543050182 0.38843172555894784 0.32600246255126958 0.13608305274971946 0.25450203479105588 3105.1268204207686 3.0201273556387074 0.031872332606303906 0.20668331090942149 552.79037707824182 171.17720464539499 1.6680979088182117 -0.010728363144549086 0.12119757128160648 0.021239598319266993 0.062242415691549473 0.051081968121981729 0.022756788874137381 2.3502401828962087 6618.5212644870699 0.9829837995211953 0.69023720239001662 0.23728394227077454 437.79539773611265 954.6604134122515 7.5000000000000009 1.5912123571392682 0.066731164928892875 0.0065764796462273482 0.12973786448271815
decision_type=2 2 10 10 2 8 10 10 2 10 10 10 8 2 10 2 2 2 10 10 2 2 2 10 10 2 10 2 10 10
left_child=-1 2 13 4 10 6 7 -6 11 -10 -4 -9 -3 19 15 16 -15 18 -18 28 22 -22 23 -17 25 26 -25 -16 -2 -30
right_child=1 12 3 -5 5 -7 -8 8 9 -11 -12 -13 -14 14 27 20 17 -19 -20 -21 21 -23 -24 24 -26 -27 -28 -29 29 -31
leaf_value=0.00012112384481912918 0.00054534787652099929 -0.0025413275359674557 -0.0015634867709201368 0.00164840099407467 -0.00030877380186751995 0.00085396508415337626 0.00059129563349041338 -0.0053869048905398715 0.00056043669571280051 -0.0037961076018425224 0.00056434029221400926 0.000815340606266966 0.0010881439427210863 -0.00010494465916732933 0.0013568521936525627 0.00056064827457370911 -0.0019631086180715023 -9.0781048086088263e-05 -0.0021514994947427835 -0.0026146821894999276 0.00051597831432402292 -0.00097671499145762525 0.00041937324086982041 -0.0040388721435616563 -0.00056644628862576171 -0.00017616377905153535 -0.003697261534152352 0.00027772457353830916 3.4090220179406622e-05 -0.00029375816905227769
leaf_weight=2732 614 43 123 226 154 158 120 43 45 119 853 51 1296 316 822 189 44 77 45 111 1024 59 446 41 549 61 50 9157 6884 3130
leaf_count=2732 614 43 123 226 154 158 120 43 45 119 853 51 1296 316 822 189 44 77 45 111 1024 59 446 41 549 61 50 9157 6884 3130
internal_value=0.000438292 0.000230159 0.000176505 -0.000820919 -0.00124895 -0.00290883 -0.00426642 -0.00579661 -0.00836293 -0.0113818 -7.36949e-05 -0.00303158 0.00125149 0.000256435 0.000512383 -0.000412474 -0.0022236 -0.00546108 -0.00936667 -5.05585e-05 -5.08263e-05 0.000893912 -0.000816754 -0.00164983 -0.00243162 -0.00643137 -0.0104022 0.000781263 -9.03178e-06 -0.00010664
internal_weight=29582 26850 25511 1892 1666 690 532 412 258 164 976 94 1339 23619 12880 2901 482 166 89 10739 2419 1083 1336 890 701 152 91 9979 10628 10014
internal_count=29582 26850 25511 1892 1666 690 532 412 258 164 976 94 1339 23619 12880 2901 482 166 89 10739 2419 1083 1336 890 701 152 91 9979 10628 10014
is_linear=0
shrinkage=0.03


Tree=112
num_leaves=31
num_cat=0
split_feature=0 6 0 12 13 8 16 1 12 11 17 1 0 14 7 9 9 11 15 17 9 11 8 1 16 16 8 7 11 14
split_gain=14.4157 1.74928 1.52372 1.50726 1.98684 2.16209 1.88928 1.943 2.73955 2.29157 2.21177 4.4984 1.7075 1.97103 2.47221 3.483 3.95572 4.22554 5.51411 2.8545 2.4168 2.34137 5.54305 2.06439 1.86574 1.8056 1.67438 11.8845 6.74646 4.17807
threshold=4.8546916616174451 -2.2242346252952223 1.1166887869548383 0.34066920781842175 0.033226464645187005 427.20746514820229 0.53416762129569439 0.059262510974539058 0.17337531495499195 9.5182294010611788 0.015654446907426501 0.37284167398302609 0.70579746621234041 0.11248380381547811 0.32600246255126958 0.030654295777607515 0.076740255389607812 9.1102437539108507 2.9700856263602158 3.6137932482242756 0.025375687911570324 11.418059671882833 1.385508436974517 0.017095265926358853 0.2209972785889299 0.16265194323598045 1.1672967175544635 0.056426549631133728 10.223285833227822 0.22344619519823836
decision_type=8 2 10 2 2 10 10 10 2 2 10 10 10 2 8 10 10 2 10 10 8 2 10 10 10 8 10 10 2 2
left_child=1 2 -1 4 6 26 7 12 10 -10 11 -9 -3 20 19 25 17 -17 -19 21 23 -15 -23 -14 -18 -16 -6 28 29 -28
right_child=-2 3 -4 -5 5 -7 -8 8 9 -11 -12 -13 13 14 15 16 24 18 -20 -21 -22 22 -24 -25 -26 -27 27 -29 -30 -31
leaf_value=-0.0028344172945100016 0.00011749012947455529 -0.015162358902068736 -0.00040173906105339625 0.0007696217187791953 0.00040629927112626222 -0.0015003190209931434 0.00087854659936811017 -0.00034316608182011904 -0.00031386101736025507 0.00099855993146093615 7.115184195174961e-06 -0.002668825966940189 -0.00019171432837820172 -0.00012243246997457882 -0.0018923705586613537 -0.0017880964917383068 0.0012240632825851992 -0.0029007647167491098 -0.00062763091329435215 -0.0035645355925496497 0.00047123660909157854 -0.0017379685392461687 1.5768551771249983e-05 -0.0014753052794148137 -0.00086156819346077513 0.00016156416826137974 -0.0045653385386303794 0.00018212164173844102 3.1961235047029381e-05 -0.0046645362194019527
leaf_weight=48 2743 40 68 2235 3067 57 653 394 477 1362 2440 40 833 4554 76 79 66 74 44 78 974 48 99 40 45 269 95 8539 94 58
leaf_count=48 2743 40 68 2235 3067 57 653 394 477 1362 2440 40 833 4554 76 79 66 74 44 78 974 48 99 40 45 269 95 8539 94 58
internal_value=0.000435399 0.000224441 -0.0034359 0.000240394 0.000172589 0.000450844 -8.86803e-05 -0.000174021 0.000301018 0.00120489 -0.000277565 -0.00224828 -0.000479918 -0.000445467 -0.000733296 -0.0024633 -0.0047767 -0.00731818 -0.0108908 -0.000496443 0.000400974 -0.000401318 -0.00411486 -0.000744851 -0.000241071 -0.000390173 0.000479079 0.000268351 -0.00620564 -0.0100714
internal_weight=29689 26946 116 26830 24595 11910 12685 12032 4713 1839 2874 434 7319 7279 5432 653 308 197 118 4779 1847 4701 147 873 111 345 11853 8786 247 153
internal_count=29689 26946 116 26830 24595 11910 12685 12032 4713 1839 2874 434 7319 7279 5432 653 308 197 118 4779 1847 4701 147 873 111 345 11853 8786 247 153
is_linear=0
shrinkage=0.03


Tree=113
num_leaves=31
num_cat=0
split_feature=20 2 9 14 13 8 6 11 3 16 11 5 14 16 14 20 1 20 14 13 3 1 8 14 7 15 1 13 9 15
split_gain=13.608 2.36493 3.14321 2.66246 5.53553 1.67008 2.76289 2.8197 3.94912 1.85115 1.82622 2.88963 2.11011 2.98622 4.90001 2.14625 2.25787 1.92107 3.5635 2.51886 4.72579 3.83683 1.90334 2.37403 3.3587 9.43336 2.88897 2.4775 2.9605 2.41592
threshold=0.20605320543050182 5.8479582522806028 0.1276671558742101 0.19496829516785188 0.11174267517437136 5.2550473933281774 1.5034943160043113 7.2470803309351544 0.1290352219794447 0.50213493396333264 9.9779686690791873 0.27145200023428812 0.54338782402224528 0.0067750185431031847 0.65212773017579095 0.99844775836844146 0.022347066167290933 0.75685345416921623 0.6051968757028342 0.055474102696764928 0.34467908641464734 0.089087301587301618 2.6226158252644436 0.58184909455524469 0.32258338149304006 2.3502401828962087 0.10063291139240506 0.11600575131586337 0.095979183984746141 2.249904835165133
decision_type=2 10 10 2 2 10 2 2 2 10 2 8 2 8 2 2 8 2 2 2 2 10 8 2 10 10 8 2 10 10
left_child=-1 5 -3 -4 -5 10 7 8 -7 -9 11 -2 15 14 -14 -12 -17 -15 19 20 21 -19 23 24 27 26 -26 -13 -29 -30
right_child=1 2 3 4 -6 6 -8 9 -10 -11 12 22 13 17 -16 16 -18 18 -20 -21 -22 -23 -24 -25 25 -27 -28 28 29 -31
leaf_value=0.00011396542559031863 -0.0046641101149192433 -0.00013422637368600809 0.00042612372188870852 0.00061562124878896231 -0.0029910081730113421 -0.0040112947735253266 0.00050046046511895387 -0.00024289823885793548 -0.00058202494468749576 0.00060856889151941415 0.00042195821657565254 2.8785177792897195e-05 -0.00033915611581949203 0.00056904797754031772 -0.0027561887515533379 -0.0011027436779301534 4.0916164933577097e-05 -0.0016372833310425265 0.00095226800885089597 -0.00014976797557183133 0.0009599123760917587 -0.00063432717390881613 0.0013784664298341766 0.00074650121793021012 0.0010486539802717892 -0.0041247721276597765 -0.0035694484244781855 7.2746402586322905e-05 -0.0016169687067360053 -0.0036190970490800468
leaf_weight=2765 46 1034 45 54 84 40 2021 4472 117 441 7140 6566 158 634 44 90 370 55 352 165 46 85 1017 1023 206 66 56 270 114 99
leaf_count=2765 46 1034 45 54 84 40 2021 4472 117 441 7140 6566 158 634 44 90 370 55 352 165 46 85 1017 1023 206 66 56 270 114 99
internal_value=0.000431157 0.000225187 -0.0010665 -0.00467935 -0.00673381 0.000286409 -0.00010533 -0.000479195 -0.00442405 -0.000352259 0.000435736 0.000143597 0.000738184 -0.000274675 -0.00366502 0.000943297 -0.00104121 0.00023991 -0.000839489 -0.00297443 -0.00535829 -0.00808511 0.000180612 3.21391e-05 -0.000155733 -0.00311854 -0.000547528 -1.74467e-05 -0.00208884 -0.0047243
internal_weight=29675 26910 1217 183 138 25693 7091 5070 157 4913 18602 9463 9139 1539 202 7600 460 1337 703 351 186 140 9417 8400 7377 328 262 7049 483 213
internal_count=29675 26910 1217 183 138 25693 7091 5070 157 4913 18602 9463 9139 1539 202 7600 460 1337 703 351 186 140 9417 8400 7377 328 262 7049 483 213
is_linear=0
shrinkage=0.03


Tree=114
num_leaves=31
num_cat=0
split_feature=20 12 8 15 6 4 15 1 4 0 5 1 8 17 5 15 16 3 3 15 8 14 16 14 8 15 6 4 4 0
split_gain=13.7416 2.07956 2.46207 1.77834 2.05259 2.01972 3.38086 1.77681 1.75522 3.88669 1.64945 1.56823 2.40479 1.692 2.2289 2.14985 1.74295 1.89386 1.77236 2.6828 1.53804 2.56153 2.64931 3.87636 2.41603 3.08813 2.39895 1.72923 3.30862 1.72493
threshold=0.20605320543050182 0.10139759561597296 1.163084002617351 2.8617925509761908 1.9306166097010362 496.11124446763648 3.3140206880897671 0.48823366555924702 171.17720464539499 1.4153988910093622 0.98216935142009343 0.43513323983169711 1.2304545082850691 0.214477697335512 0.96011363636363656 4.4127799275304271 -0.0028381066125048788 0.15841466762114234 0.063515172087748165 2.9174053685313028 1.2502491240955991 0.31514976034788916 0.11691233274726093 0.18455293740530895 1.4622763918818722 2.8029010331479989 0.27410656527284066 1377.8358675729814 1786.07466591248 2.0171744610769182
decision_type=2 2 10 10 2 10 10 8 8 10 8 10 10 10 10 10 8 2 2 10 10 2 10 2 10 10 2 10 10 10
left_child=-1 7 -3 4 8 6 -5 11 9 -4 -6 13 -13 15 16 -2 17 18 -15 -20 21 22 -10 -24 -22 29 -27 -28 -29 -26
right_child=1 2 3 5 10 -7 -8 -9 20 -11 -12 12 -14 14 -16 -17 -18 -19 19 -21 24 -23 23 -25 25 26 27 28 -30 -31
leaf_value=0.00011054646282260906 6.859069536196631e-05 0.00067855261193437873 0.00033903019767329016 0.00084590079711383329 -0.0012194734878655609 0.00031500819098400479 -0.0021458317774680942 0.00071384812267491569 0.00019733919785249631 -0.0046245302418360269 0.00059789153394172712 0.00019435760927714394 -0.0022187965388513133 -0.0009633312989447574 -0.0014335891830703062 -0.0001940036493683054 -0.00011385029664834548 0.0001959508797432468 -0.0031403892542227643 -0.00068397666384922287 0.0005273941341756795 3.8308267438969862e-05 -0.0002738625042679838 -0.0033746826296339781 -0.00031596525289192743 -0.0033509667047208072 0.00063019334576585359 -0.0028968545835045033 0.00028755161961768597 0.00040394149035934948
leaf_weight=2748 4341 1678 54 129 46 6757 75 387 55 46 2061 60 56 107 80 55 3754 114 75 55 1046 192 46 52 3449 76 97 44 46 1814
leaf_count=2748 4341 1678 54 129 46 6757 75 387 55 46 2061 60 56 107 80 55 3754 114 75 55 1046 192 46 52 3449 76 97 44 46 1814
internal_value=0.000422186 0.000215323 0.000404132 0.000290004 1.44659e-05 0.000651106 -0.00228293 -0.00015388 -0.000232117 -0.00415842 0.000835389 -0.000242469 -0.00369231 -0.000195409 -0.00062709 0.000215602 -0.000529712 -0.0025483 -0.00407143 -0.00641221 -0.000174761 -0.00212428 -0.00500649 -0.00793939 -7.21131e-05 -0.000322417 -0.00348864 -0.00164362 -0.00461538 -0.000163564
internal_weight=29595 26847 17763 16085 9124 6961 204 9084 7017 100 2107 8697 116 8581 4185 4396 4105 351 237 130 6917 345 153 98 6572 5526 263 187 90 5263
internal_count=29595 26847 17763 16085 9124 6961 204 9084 7017 100 2107 8697 116 8581 4185 4396 4105 351 237 130 6917 345 153 98 6572 5526 263 187 90 5263
is_linear=0
shrinkage=0.03


Tree=115
num_leaves=31
num_cat=0
split_feature=20 12 17 1 1 6 13 11 4 17 5 1 13 11 4 16 14 14 16 15 16 14 10 16 6 14 16 20 4 10
split_gain=14.6321 1.61008 2.15106 2.19608 2.13145 2.29112 2.15257 2.82458 4.77807 2.79929 1.93095 3.38774 1.9022 1.90913 2.06345 1.69359 3.66108 2.27191 1.85389 1.64568 1.54969 1.54763 1.53113 1.4658 1.89047 1.34942 1.53914 2.22027 1.47938 1.34455
threshold=0.24302023357077296 0.25626191107126145 0.20508044523255842 0.17607313195548494 1.0000000180025095e-35 -0.17917399568911449 0.14477400136323518 10.168751454956704 1146.7571784741801 0.53264596302075062 0.96887112403100784 0.24752086401570941 0.1703222092891972 11.418059671882833 2865.5275357689093 -1.0000000180025095e-35 0.4239823935611558 0.52443401038810711 -0.042650697267831571 3.5972184255501678 -0.0056068722558653339 0.49324835914094489 0.085960662661766538 0.12977669337639122 -0.73577709760925825 0.68027517933753268 0.027856645476536445 0.87966413343803063 405.6877845375534 1.6178161807635807
decision_type=2 2 10 10 8 2 2 2 8 10 8 10 2 2 10 10 2 2 8 10 10 2 8 10 2 2 8 2 8 10
left_child=-1 2 3 25 5 19 -6 8 -8 -10 11 -5 13 20 -15 16 -12 -18 -19 -4 21 -7 -3 -17 -25 -2 27 -27 -28 -22
right_child=1 22 4 10 6 12 7 -9 9 -11 15 -13 -14 14 -16 23 17 18 -20 -21 29 -23 -24 24 -26 26 28 -29 -30 -31
leaf_value=0.00010723006893793079 0.00027663222071986433 -0.0008452324765887007 -0.001153605727403179 -0.0017226376360607036 0.00013853036912082103 -0.00080920053964159578 0.00037816712942279697 -1.1492711527907029e-05 -0.0021718063410224803 -0.0032607446147488723 0.00011073941298200825 4.0824429425991891e-05 0.00094901761273653829 -0.0015183567868270631 -0.00061548495527640043 0.00020345113149268564 -0.00135611698923158 -0.0024164872315178892 0.00028900333292187217 -0.0018603130631226726 1.7172887526936619e-05 -0.0018043667469452942 0.00051007532207655057 -0.0015538784334164352 -0.00015247655713220568 -0.0025717453691126899 -0.00040309740768176513 0.00030400372908306325 0.00066489809422670763 -0.00034572344087971174
leaf_weight=3096 7187 221 686 66 5831 206 82 466 76 62 237 107 222 50 75 1327 40 62 42 40 2799 40 4679 85 608 55 43 54 157 1046
leaf_count=3096 7187 221 686 66 5831 206 82 466 76 62 237 107 222 50 75 1327 40 62 42 40 2799 40 4679 85 608 55 43 54 157 1046
internal_value=0.000427289 0.000200473 8.9785e-05 0.000411081 -0.000187211 -0.000642401 0.00017352 -0.00141485 -0.00420814 -0.00759712 -0.000344854 -0.00339655 -0.000386573 -0.000529286 -0.00416667 -0.000123647 -0.0019555 -0.00571034 -0.00331429 -0.00220358 -0.000417155 -0.00272065 0.000691696 0.000222662 -0.000894813 0.000670668 -0.00126774 -0.00411818 0.000298508 -0.000269111
internal_weight=29747 26651 21751 10070 11681 5164 6517 686 220 138 2574 173 4438 4216 125 2401 381 144 104 726 4091 246 4900 2020 693 7496 309 109 200 3845
internal_count=29747 26651 21751 10070 11681 5164 6517 686 220 138 2574 173 4438 4216 125 2401 381 144 104 726 4091 246 4900 2020 693 7496 309 109 200 3845
is_linear=0
shrinkage=0.03


Tree=116
num_leaves=31
num_cat=0
split_feature=20 13 12 14 15 14 9 9 3 3 16 15 7 10 17 14 8 4 17 9 4 8 5 8 12 15 17 3 3 17
split_gain=14.3862 1.72552 2.59305 2.73554 2.1873 2.04166 3.97762 2.73818 2.30304 4.10082 2.32317 3.71152 2.25214 2.58607 2.24799 2.19055 2.11204 2.72336 2.01502 1.9736 4.95247 3.96572 2.53275 2.12875 2.43917 2.07992 1.99644 1.90879 1.84607 2.0491
threshold=0.20605320543050182 0.049463911496686781 0.16485186423777523 0.12738138777428473 3.0201273556387074 0.34481896604462137 0.16454424296092293 0.075316982025163459 0.14059640524172845 0.0688468234389817 0.091300625868795185 2.9700856263602158 0.12004978055044414 1.4676207191831521 -0.039975373139421372 0.3177464907872744 21.667500660749791 1772.8411773594596 -0.24675793088424913 0.0025046752417442089 1417.9655880788703 1.6417530514685563 0.42561475409836075 2.0320092000663448 0.34894239804760124 2.3502401828962087 -0.17091000549707427 0.24403616051602744 0.19485745113966416 0.6565565901791024
decision_type=2 2 2 2 10 2 8 10 2 2 10 10 10 8 10 2 10 10 10 8 8 10 8 10 2 10 10 2 2 10
left_child=-1 2 3 -2 19 6 7 15 9 -9 -11 -12 13 18 -10 -5 -14 -18 -7 20 25 -22 -21 -24 -25 -4 -26 -15 -23 -30
right_child=1 -3 4 5 -6 12 -8 8 14 10 11 -13 16 27 -16 -17 17 -19 -20 22 21 28 23 24 26 -27 -28 -29 29 -31
leaf_value=0.00010401316686979287 0.00011596694814203943 0.00020223050240015467 0.0008930660205564672 -0.00035585871225912187 0.00073114113008245646 -0.0020718731670636456 0.0014965863228267517 0.00034801771956449588 -0.0017141220738250966 -0.00061245652577396283 -0.00072599653802399701 -0.0015725557990348001 0.00025726999474293464 -0.00018594429866310933 -0.00065646907532254726 -0.0018300275621774913 -9.7405508579780608e-06 -0.0048103759418019771 -0.00014371495865925997 -0.00093146788641085851 -0.0020391689911149987 -0.0024379519345760917 0.00067514930214422793 -0.00022855342249264202 -0.00079072092366069206 -0.0024966219401093542 0.0012500377292559979 -0.0013858130677409128 0.0002023568425017667 -0.00032027232370847205
leaf_weight=2771 2571 10139 305 1170 2440 49 190 61 73 95 46 87 1323 52 391 82 131 41 1204 41 62 67 2128 2841 65 65 925 51 154 47
leaf_count=2771 2571 10139 305 1170 2440 49 190 61 73 95 46 87 1323 52 391 82 131 41 1204 41 62 67 2128 2841 65 65 925 51 154 47
internal_value=0.000432486 0.000220396 3.34767e-05 -0.000375295 0.000374139 -0.000781058 -0.00146858 -0.00186191 -0.00329045 -0.00538965 -0.00723144 -0.00978358 -0.000251402 -0.00113633 -0.00197419 -0.0010008 0.000551471 -0.00256647 -0.000758373 9.40159e-05 -0.00141227 -0.00407855 0.000269955 0.000321644 -0.000100992 0.00097035 0.00118063 -0.00568269 -0.00247584 -0.00102475
internal_weight=29667 26896 16757 7617 9140 5046 2195 2005 753 289 228 133 2851 1356 464 1252 1495 172 1253 6700 700 330 6000 5959 3831 370 990 103 268 201
internal_count=29667 26896 16757 7617 9140 5046 2195 2005 753 289 228 133 2851 1356 464 1252 1495 172 1253 6700 700 330 6000 5959 3831 370 990 103 268 201
is_linear=0
shrinkage=0.03


Tree=117
num_leaves=31
num_cat=0
split_feature=20 6 14 0 13 1 17 3 11 20 7 11 1 13 14 16 14 3 13 20 7 5 11 14 11 6 3 7 12 9
split_gain=14.2077 1.57283 2.0494 1.53985 1.55657 2.81334 2.19338 1.50729 1.35038 1.96478 2.69738 2.70552 5.93277 3.85484 3.64366 3.76852 2.37023 4.46631 2.97379 2.59256 2.36839 3.58825 2.2898 2.20147 2.19737 2.94765 2.14684 4.3061 2.91952 1.9291
threshold=0.20605320543050182 3.0432916690677887 0.69023720239001662 0.70579746621234041 0.19684568227386354 0.13976744186046516 0.13054308468308914 0.15082885824283473 10.12284394139424 0.6377483581836686 0.23336468421502746 11.063045979925278 1.0000000180025095e-35 0.15283120196128977 0.54708634656653932 -0.038127211504394194 0.30695563705801032 0.12979818395126766 0.063442304455765167 0.87966413343803063 0.086366101893792999 0.97137736815156184 10.601361045763651 0.38758999002680905 10.657459334846001 1.6549928864006753 0.26690644024524263 0.30498730852503547 0.17337531495499195 0.10899646636314701
decision_type=2 2 2 10 2 10 10 2 2 2 10 2 10 2 2 10 2 2 2 2 10 8 2 2 2 2 2 10 2 10
left_child=-1 3 -3 7 8 -6 -7 -2 -5 -10 11 14 13 20 23 -16 17 18 -14 -19 -13 -22 26 -11 25 29 28 -28 -12 -17
right_child=1 2 -4 4 5 6 -8 -9 9 10 22 12 16 -15 15 24 -18 19 -20 -21 21 -23 -24 -25 -26 -27 27 -29 -30 -31
leaf_value=0.00010089277186369909 -0.0028706997416043383 0.00067137551335484387 -0.0016503041972191189 -1.7801952414462927e-05 3.582187182670908e-05 -0.00033274512098414427 -0.0019007095432906332 -0.0090169478462682924 0.00061601312615714398 0.00015848258752363829 -0.00317432153572616 0.00017656816587957125 -0.0019722488864897594 0.00088331237514219533 -0.0024534030822878656 -0.0007719331311370173 0.00035384519424576383 0.00047565942167873178 -0.00068867458721002064 -0.00024202413815588975 -0.0015817155842833689 -0.0013287893984448493 0.00022170618975803514 0.00070007194430425656 0.0003566921978986561 -0.0011231049701336023 -0.00013033630886646506 -0.0028667822034859985 0.00039215008082526127 0.00052205770900955195
leaf_weight=2791 59 1890 73 13935 305 73 82 40 3208 3275 96 41 40 53 75 129 729 248 74 50 55 178 227 1359 370 48 48 51 113 112
leaf_count=2791 59 1890 73 13935 305 73 82 40 3208 3275 96 41 40 53 75 129 729 248 74 50 55 178 227 1359 370 48 48 51 113 112
internal_value=0.000359763 0.000149351 0.000966904 8.53076e-05 0.00010018 -0.0016269 -0.00490385 -0.00363 0.000132654 0.000388185 0.000118421 0.00027907 -0.000861811 -0.00441768 0.000591172 -0.00137143 0.000160245 -0.00165617 -0.00667826 0.000280937 -0.00584727 -0.00701282 -0.00193097 0.000902265 -0.000640909 -0.00259655 -0.00361165 -0.00723 -0.00187143 -0.00122727
internal_weight=29827 27036 1963 25073 24974 460 155 99 24514 10579 7371 6836 1468 327 5368 734 1141 412 114 298 274 233 535 4634 659 289 308 99 209 241
internal_count=29827 27036 1963 25073 24974 460 155 99 24514 10579 7371 6836 1468 327 5368 734 1141 412 114 298 274 233 535 4634 659 289 308 99 209 241
is_linear=0
shrinkage=0.03


Tree=118
num_leaves=31
num_cat=0
split_feature=0 12 9 11 9 7 4 14 14 3 14 0 14 4 11 11 5 9 2 10 19 7 7 3 13 13 14 4 9 14
split_gain=14.7168 2.07831 2.60386 2.84135 2.47856 3.77942 3.17007 3.57889 3.66404 5.1916 2.3599 2.28544 2.38828 2.76286 4.61438 4.21422 3.06755 2.3199 2.83025 2.138 2.27428 1.97853 1.95928 2.91455 2.81123 2.80376 2.4647 2.28871 2.17215 3.84673
threshold=4.8546916616174451 0.12231716666630989 0.0055351307189542504 6.0100401799233785 0.021239598319266993 0.34355712775317698 2865.5275357689093 0.24726704078709502 0.52443401038810711 0.37735000116746642 0.064510087291076601 1.6155695645844113 0.34481896604462137 524.65864855158713 8.8742380644736638 8.5431532883387487 0.76127883310719147 0.057494444469078011 6.5323769157767444 1.9814824684722907 9.5000000000000018 0.35322919107412148 0.13103470010866011 0.19791061889387038 0.041806246821104738 0.11292112788816031 0.15970502677867496 496.11124446763648 0.080302413646144669 0.56832116494813956
decision_type=8 2 10 2 8 10 10 2 2 2 2 10 2 10 2 2 10 10 10 10 2 10 10 2 2 2 2 8 10 2
left_child=1 2 -1 -4 -3 10 7 -7 9 21 -6 12 13 14 -12 -15 19 -18 -19 -17 -21 -9 24 28 26 27 -5 -25 29 -24
right_child=-2 4 3 22 5 6 -8 8 -10 -11 11 -13 -14 15 -16 16 17 18 -20 20 -22 -23 23 25 -26 -27 -28 -29 -30 -31
leaf_value=0.00052088444908990122 9.7865988707788112e-05 -7.8666186347670417e-05 -0.015161412326614174 1.4532201843834989e-05 0.0013448588539000949 0.0003384965145100835 0.0013201476121550294 -0.001111482834995984 -0.00020602400308917078 -0.0036830991250864924 -0.00068630507378695485 0.0007007768090541278 0.00042718691160657281 -0.002262382928604467 -0.0019908299535129664 0.00025547420330081542 0.00049812552561702959 -0.0014323363212025032 -0.00023148738042247263 -0.00059476387141005609 -0.0021343219461478322 -0.00081664114729593695 -0.00067096400264510725 -0.00039535710412810446 0.00018492015153548101 -0.0021991600253341288 -0.0004921328942544661 0.00078421329171380889 -7.3921826753815866e-05 -0.0048555504803996482
leaf_weight=660 2779 3870 48 1348 911 408 155 46 312 50 290 4073 2484 44 90 2398 51 51 48 237 41 212 1405 242 4414 47 1344 619 921 96
leaf_count=660 2779 3870 48 1348 911 408 155 46 312 50 290 4073 2484 44 90 2398 51 51 48 237 41 212 1405 242 4414 47 1344 619 921 96
internal_value=0.000381276 0.00016663 -0.000146972 -0.000262089 0.00038822 0.000602672 -0.00100591 -0.00160933 -0.00304348 -0.00535922 0.000780297 0.000644474 0.000258413 -0.000276838 -0.00267717 4.17974e-05 0.000186771 -0.00397351 -0.00663 0.000421367 -0.00206452 -0.0036139 -0.000228226 -0.00082858 5.31871e-05 0.000620462 -0.000710731 0.00101276 -0.00137185 -0.00207523
internal_weight=29694 26915 11144 10484 15771 11901 1183 1028 620 308 10718 9807 5734 3250 380 2870 2826 150 99 2676 278 258 10436 3330 7106 908 2692 861 2422 1501
internal_count=29694 26915 11144 10484 15771 11901 1183 1028 620 308 10718 9807 5734 3250 380 2870 2826 150 99 2676 278 258 10436 3330 7106 908 2692 861 2422 1501
is_linear=0
shrinkage=0.03


Tree=119
num_leaves=31
num_cat=0
split_feature=20 17 5 12 12 4 1 13 11 14 4 1 9 6 14 14 1 15 13 1 6 7 20 14 7 15 9 7 12 17
split_gain=13.4872 1.58968 2.5054 2.33221 2.27306 2.25021 2.16841 3.25323 4.20593 3.68312 2.09231 1.93555 3.25494 2.6757 1.91803 3.06682 1.91795 2.02241 1.51049 2.87563 1.56233 1.40578 1.37529 1.33567 1.24958 2.61523 1.23242 2.25934 3.13835 1.42685
threshold=0.20605320543050182 0.21133204779067682 0.94649672846237742 0.38843172555894784 0.090219741327910011 1099.3915023126895 0.26713615023474185 0.017331591295534795 10.214147351859408 0.4637785508060806 640.44203058914684 0.059262510974539058 0.23249971787573184 -0.11943706702242539 0.32109755515639499 0.18946710695610003 0.045249795249795229 1.4978661367769956 0.19684568227386354 0.16428133306072382 0.99573052487828073 0.42888257205671382 1.2967397186147187 0.071430394981582129 0.23734557184779384 3.1567740231385479 1.0000000180025095e-35 0.33048240713915472 0.31127405721333995 0.13419721793732842
decision_type=2 10 10 2 2 8 10 2 2 2 8 8 10 2 2 2 10 10 2 10 2 8 2 2 10 10 10 10 2 8
left_child=-1 5 3 11 -4 6 22 9 10 -8 -9 12 13 16 15 -6 17 -3 -7 -20 -21 23 26 -13 -19 -26 -2 29 -29 -28
right_child=1 2 4 -5 14 18 7 8 -10 -11 -12 21 -14 -15 -16 -17 -18 24 19 20 -22 -23 -24 -25 25 -27 27 28 -30 -31
leaf_value=9.4930009046554468e-05 0.00070285848514602481 -0.0029695308484182122 -0.0016305925692628083 0.0011050922363903316 0.00097930861083632154 0.00032153927485085223 -0.0021207585032771807 -0.0014949694831160661 -0.0024362845401708459 8.98049157345084e-05 0.00080142473186949374 0.00072544409777412018 -0.001993214755404568 -3.9909349025944235e-05 0.0010661337512643031 -0.0016044662190811874 -0.0030871125432724382 8.2310904536854885e-05 0.00037201473113955612 -0.0021110041900815855 -0.00039268951946388997 -0.0020943825332893295 -0.0070268988082395961 6.9538740783025264e-05 -0.00035852988181329053 -0.0029719355254017054 -2.8190925504739452e-05 0.00081917247602270352 -0.0016587234443999064 0.00043448770176066342
leaf_weight=2782 398 139 80 1001 46 6924 73 56 40 46 237 743 61 6932 95 70 64 490 145 40 42 51 44 5112 265 52 2715 97 73 724
leaf_count=2782 398 139 80 1001 46 6924 73 56 40 46 237 743 61 6932 95 70 64 490 145 40 42 51 44 5112 265 52 2715 97 73 724
internal_value=0.000396484 0.00019046 -1.16431e-05 4.22508e-05 -0.0027637 0.000454054 -7.12699e-05 -0.00203973 -0.000511976 -0.006275 0.000744898 -5.8447e-05 -0.000362444 -0.000308951 -0.00111792 -0.00369231 -0.00175074 -0.00140655 0.000784816 -0.00161842 -0.00607229 0.000353479 0.000148816 0.000397029 -0.00082797 -0.00229245 0.000207335 3.24101e-05 -0.00333333 0.000199709
internal_weight=29637 26855 15201 14910 291 11654 4503 452 333 119 293 13909 8003 7942 211 116 1010 946 7151 227 82 5906 4051 5855 807 317 4007 3609 170 3439
internal_count=29637 26855 15201 14910 291 11654 4503 452 333 119 293 13909 8003 7942 211 116 1010 946 7151 227 82 5906 4051 5855 807 317 4007 3609 170 3439
is_linear=0
shrinkage=0.03


Tree=120
num_leaves=31
num_cat=0
split_feature=0 12 8 7 16 4 3 9 4 5 10 6 9 11 16 4 4 17 12 4 6 7 11 4 8 17 11 11 0 0
split_gain=13.7377 1.48182 2.33678 4.4337 4.20416 2.28052 5.17197 2.17872 2.12255 1.50616 2.40811 1.40481 1.35946 1.68586 1.62982 1.5737 2.07834 1.97781 1.5701 1.98945 1.54521 1.39046 2.09948 1.38016 2.07778 1.8508 3.70286 3.20171 2.9611 3.61181
threshold=5.7232159068786723 0.078010605713496176 1.1961149005429206 0.050844857964181082 0.21029984332783544 263.5512579623433 0.18038746441330608 0.0065764796462273482 102.70293015109243 0.94649672846237742 0.69694989495339776 2.2576434266327401 0.01805763357127645 9.0167556155394895 0.063584020228959467 421.6800181607619 524.65864855158713 0.21133204779067682 0.12473856050257216 524.65864855158713 0.28697596071038067 0.1071915588444992 9.6693462450158183 421.6800181607619 1.4622763918818722 0.46566534225382566 8.014831632406624 8.7551859424742933 1.9779231940710171 1.3720085474392831
decision_type=8 2 10 10 10 8 2 10 8 10 10 2 8 2 8 8 8 10 2 8 2 10 2 8 10 8 2 2 10 10
left_child=1 7 -3 4 -4 6 -5 -1 -9 -10 -11 12 15 23 -15 -7 17 -17 -16 -20 -21 22 -22 -14 -25 26 -26 -28 29 -29
right_child=-2 2 3 5 -6 11 -8 8 9 10 -12 -13 13 14 18 16 -18 -19 19 20 21 -23 -24 24 25 -27 27 28 -30 -31
leaf_value=0.00058530183862472987 9.208210877515783e-05 0.000459517633584134 0.00012113602814364985 -0.0047882405970014474 -0.0056156586369993031 0.0011413457613038667 -3.2187767322192184e-05 -0.0049168746601122668 -5.4232111223513159e-05 -6.3152164960514535e-05 -0.0018129826344346971 0.00059314325724268632 0.00079733833258237969 0.00050731596626316165 -0.0001377139542819206 -0.00013345264831397818 -0.00019242554360567233 -0.0054481938054633727 -0.0010034781059593536 -6.6812161266953618e-05 -0.0024776349627992598 0.00050517936934724747 -3.4813211466150634e-05 0.0006695243109204154 -0.0026886271688207632 -0.00011568344882723431 0.00022473178219444887 -0.0011795046550882851 0.0016874595630407476 -0.0034335809886108797
leaf_weight=563 2543 2731 45 77 48 257 272 70 6052 71 40 2823 265 2084 1548 48 2518 45 66 1592 43 4189 205 257 48 503 282 123 44 117
leaf_count=563 2543 2731 45 77 48 257 272 70 6052 71 40 2823 265 2084 1548 48 2518 45 66 1592 43 4189 205 257 48 503 282 123 44 117
internal_value=0.000407744 0.000209346 0.000338095 0.000210686 -0.00628723 0.000245763 -0.00215143 -0.0001739 -0.000335419 -0.000275957 -0.00372321 0.000294935 0.000173657 0.000320929 0.000470909 -0.000409899 -0.000630551 -0.00501064 0.000268053 0.000484744 0.000541791 0.000829428 -0.0013494 -0.000568902 -0.000951273 -0.00151073 -0.00261463 -0.00192593 -0.00416842 -0.00547718
internal_weight=29569 27026 20230 17499 93 17406 349 6796 6233 6163 111 17057 14234 11366 9727 2868 2611 93 7643 6095 6029 4437 248 1639 1374 1117 614 566 284 240
internal_count=29569 27026 20230 17499 93 17406 349 6796 6233 6163 111 17057 14234 11366 9727 2868 2611 93 7643 6095 6029 4437 248 1639 1374 1117 614 566 284 240
is_linear=0
shrinkage=0.03


Tree=121
num_leaves=31
num_cat=0
split_feature=20 12 17 6 1 16 12 8 14 13 1 0 7 15 16 7 12 15 16 17 11 11 7 7 6 19 7 5 12 8
split_gain=12.114 1.50547 1.87789 2.50951 2.31417 2.09178 2.43487 2.31293 2.19448 2.5886 2.11798 1.9902 1.93502 2.57567 3.2727 2.48953 3.64089 1.91072 2.04127 2.99162 2.16347 3.32924 1.99718 2.6745 1.66403 1.56908 1.56014 1.57233 2.60129 1.53834
threshold=0.20605320543050182 0.26526622463571142 0.20508044523255842 0.10318331544347002 0.22540322580645164 -1.0000000180025095e-35 0.081580110689951205 1.2563805640876347 0.10560446457574012 0.015605399315685206 0.44081142399572942 1.6579388782048348 0.23951735800822446 2.8029010331479989 0.59989777360832242 0.30789707081106904 0.15250965500662964 2.3502401828962087 0.34198908065521866 0.83909500354976307 8.853022361619038 8.2224192840079287 0.20284944376562333 0.17783642369782876 1.1416655353636516 9.5000000000000018 0.43800126171309378 0.95047420488921597 0.090219741327910011 12.287720259691678
decision_type=2 2 10 2 10 10 2 10 2 2 10 10 10 10 8 10 2 8 8 10 2 2 10 10 2 2 8 10 2 10
left_child=-1 2 4 12 -2 6 25 8 9 -7 11 -9 -4 14 -14 16 -15 18 19 -5 21 -21 23 24 -22 -6 27 -19 -29 -13
right_child=1 -3 3 17 5 7 -8 10 -10 -11 -12 29 13 15 -16 -17 -18 26 -20 20 22 -23 -24 -25 -26 -27 -28 28 -30 -31
leaf_value=8.9319645511903089e-05 0.00023430826316561668 0.00047243550046145548 -0.00026066450597396034 -0.00016756177509728807 -0.00090334954840689174 -0.0009351512486035369 0.00020587536922488 -4.1635454321996213e-05 0.00059561112072591734 5.5187104053397848e-05 -0.00099959429862085409 -0.00050091102761616493 -3.2844460557343428e-05 -0.007390411661607579 -0.004179599246542408 3.830330618319779e-05 -0.0015732219417757421 0.00016312075941147703 0.0005017932350813197 -0.0007607986092092755 -0.0034779523507936132 -0.0032733334602665586 0.0004256460801282086 -0.0025686536758938181 0.0010431844653512592 -0.0024631074510719176 -0.0011626909705555479 -0.0015016060395406552 -4.7393019635157797e-05 -0.0016700937727584836
leaf_weight=2753 8274 4762 1850 1089 110 48 141 474 724 86 61 45 377 40 92 43 65 7079 632 63 42 66 136 40 52 73 48 51 163 45
leaf_count=2753 8274 4762 1850 1089 110 48 141 474 724 86 61 45 377 40 92 43 65 7079 632 63 42 66 136 40 52 73 48 51 163 45
internal_value=0.000418019 0.000223106 0.000118446 -0.000136306 0.000419857 -0.000552544 -0.00273231 -7.47977e-05 0.000935972 -0.00257778 -0.00146166 -0.000881416 -0.000988249 -0.00244175 -0.00134681 -0.00587919 -0.00834906 8.59227e-05 -0.000707213 -0.00131363 -0.0035325 -0.00671538 -0.00199262 -0.00457778 -0.00176842 -0.00500543 0.000315037 0.000350836 -0.00217674 -0.00494505
internal_weight=29524 26771 22009 11928 10081 1807 324 1483 858 134 625 564 2467 617 469 148 105 9461 2120 1488 399 129 270 134 94 183 7341 7293 214 90
internal_count=29524 26771 22009 11928 10081 1807 324 1483 858 134 625 564 2467 617 469 148 105 9461 2120 1488 399 129 270 134 94 183 7341 7293 214 90
is_linear=0
shrinkage=0.03


Tree=122
num_leaves=31
num_cat=0
split_feature=20 12 9 16 4 14 11 8 8 1 4 8 6 10 8 8 4 4 6 5 9 17 12 14 5 19 16 8 14 17
split_gain=15.0078 1.66174 2.1052 2.82237 2.39571 2.22035 2.86593 4.37285 1.88871 1.68638 1.85412 1.61545 1.64709 1.61233 1.5976 1.5827 2.49868 3.43737 2.63096 2.1405 2.16323 5.5909 1.64301 1.57144 1.95324 3.26401 1.72492 4.10629 7.60728 2.26334
threshold=0.20605320543050182 0.13200789742452648 0.024601456858929133 -0.2187637777417594 2418.2165222827239 0.1529659278028235 8.0677759992399043 5.8299121199443746 427.20746514820229 0.49318685062169992 6618.5212644870699 1.163084002617351 4.6554719032332796 1.9324590901462153 1.3449449537289622 2.6226158252644436 907.76316484028496 731.92193296762969 0.23126902779613245 0.72741841491841497 1.0000000180025095e-35 0.39262395179074788 0.26526622463571142 0.4751549877077475 0.51339392489834978 6.5000000000000009 0.23891857139394032 1.2502491240955991 0.32425587734021027 0.42731729227906518
decision_type=2 2 8 10 8 2 2 10 10 8 10 10 2 10 10 10 8 10 2 8 10 10 2 2 8 2 10 8 2 8
left_child=-1 9 8 4 13 6 7 -5 11 10 -2 -3 15 -4 -12 16 17 18 -13 -18 21 -21 -19 24 25 -7 -26 28 -28 -29
right_child=1 2 3 5 -6 23 -8 -9 -10 -11 14 12 -14 -15 -16 -17 19 22 -20 20 -22 -23 -24 -25 26 -27 27 29 -30 -31
leaf_value=8.6640056146546001e-05 -3.1726704945501551e-05 0.0010072808375139329 -0.00073481212755932405 0.0016303807074399984 0.0012502771849852751 -0.001024522872982976 0.0011613916838841896 -0.0023287129509364447 -0.00097937021291265368 0.00062731439043141161 -0.0039630891975422945 -0.0026290784856968365 0.0019806288564459449 -0.0017947964597988732 -9.8918662174463378e-05 0.00015044611909555844 -0.00047388895143708504 -0.0045456840285274733 0.00095504543025585738 -6.8258265765167424e-05 0.00016051518282737394 -0.0018328784842984178 -0.0015519197867350861 0.00065731179968045277 0.00033776153266273695 0.00013387819003297819 -0.0033096026878577005 -0.00066944390519645645 0.0011276631601573131 0.00033364392471835685
leaf_weight=2791 11502 197 280 79 108 43 2341 40 40 513 40 59 154 56 59 1890 69 89 138 210 1295 72 45 2285 3592 43 66 539 66 1018
leaf_count=2791 11502 197 280 79 108 43 2341 40 40 513 40 59 154 56 59 1890 69 89 138 210 1295 72 45 2285 3592 43 66 539 66 1018
internal_value=0.000389536 0.000172454 0.000385555 0.000612674 -0.00172584 0.000715515 0.00149939 -0.003025 -0.000177506 -8.81551e-05 -0.000162644 -0.000115193 -0.0002454 -0.00297329 -0.00423 -0.000366856 -0.000960061 -0.00333434 -0.00080303 -0.000480874 -0.000252852 -0.00262898 -0.00702222 0.000463348 0.00018275 -0.00427586 0.000256153 -0.000534319 -0.00559398 -0.000102054
internal_weight=29719 26928 14814 10556 444 10112 2460 119 4258 12114 11601 4218 4021 336 99 3867 1977 331 197 1646 1577 282 134 7652 5367 86 5281 1689 132 1557
internal_count=29719 26928 14814 10556 444 10112 2460 119 4258 12114 11601 4218 4021 336 99 3867 1977 331 197 1646 1577 282 134 7652 5367 86 5281 1689 132 1557
is_linear=0
shrinkage=0.03


Tree=123
num_leaves=31
num_cat=0
split_feature=0 12 9 7 14 0 14 9 7 5 17 11 9 8 7 4 4 6 14 14 12 8 8 2 4 5 9 5 11 14
split_gain=13.2849 1.97053 2.03831 4.27102 2.31949 2.26681 2.23155 2.37922 3.07738 2.00644 3.24406 1.88787 1.90046 1.8799 2.2792 1.61833 2.40892 2.44439 1.55533 1.50783 2.93312 2.31262 1.4475 1.59873 3.74378 1.35956 2.14548 2.73085 1.68503 3.30449
threshold=4.8546916616174451 0.094170389595867668 0.01805763357127645 0.43800126171309378 0.069160859213716855 1.6155695645844113 0.34481896604462137 0.22210056573571405 0.047329891081692992 0.93351749539594853 0.38708489700941795 8.11641702821424 0.23249971787573184 3.1678199607807742 0.48477937778478863 27.882121526675217 123.28416653708453 -0.17917399568911449 0.51730103890624657 0.68027517933753268 0.24025832513917059 1.2447101759887562 1.2447101759887562 6.5853461501866777 2244.9111126599382 0.74388789505068587 0.057494444469078011 0.9328016904506905 10.12284394139424 0.33007545426547585
decision_type=8 2 10 10 2 10 2 10 10 10 10 2 10 10 10 10 10 2 2 2 2 10 10 8 10 10 10 10 2 2
left_child=1 9 19 4 11 6 7 8 -6 15 18 -4 -13 -5 -15 -1 17 -17 -11 21 -21 -3 -8 24 -24 28 -27 -28 29 -10
right_child=-2 2 3 13 5 -7 22 -9 25 10 -12 12 -14 14 -16 16 -18 -19 -20 20 -22 -23 23 -25 -26 26 27 -29 -30 -31
leaf_value=0.00076554630951516001 8.4040854462149624e-05 0.00069660939947697152 -0.0018139401513663216 -0.0019808345462905951 -0.0030729563354567457 0.00051230011178906047 0.0006071715784970055 0.0011818378837091549 -0.00025589175362507446 0.00074934165766949931 -0.0014444396587883854 0.001206834142339885 -0.00067750645080035432 0.001358721924631201 -0.0027139159261576253 -0.0067184268344067898 -3.7007832414223061e-05 -0.00069232139579970299 -0.0022349987117203014 -0.0014095185515966321 0.0015838991478372268 -0.00020094804405573267 0.0010875460827367278 0.0001656273627320826 -0.0015225344813005507 0.0006274651884664677 -0.0014586727385010915 -0.0003705043773388408 0.00016946279731855837 -0.0036797623814741045
leaf_weight=369 2756 481 52 41 80 4969 1262 233 2403 89 59 1273 47 55 55 54 7639 95 43 67 44 3252 55 2249 47 83 40 72 1501 84
leaf_count=369 2756 481 52 41 80 4969 1262 233 2403 89 59 1273 47 55 55 54 7639 95 43 67 44 3252 55 2249 47 83 40 72 1501 84
internal_value=0.000352183 0.00014813 0.000321208 0.000483016 0.000535603 0.000412417 0.000103206 -0.000342895 -0.000504456 -0.000234279 -0.00326562 0.00170867 0.00193036 -0.00451974 -0.00243243 -0.000162907 -0.000254975 -0.00402 -0.000631579 -0.000293368 -0.00372321 -0.000190412 0.000658273 0.000218112 -0.00343689 -0.000392208 -0.00283163 -0.00552212 -0.000272249 -0.000751206
internal_weight=29549 26793 18445 14601 14450 13078 8109 4496 4263 8348 191 1372 1320 151 110 8157 7788 149 132 3844 111 3733 3613 2351 102 4183 195 112 3988 2487
internal_count=29549 26793 18445 14601 14450 13078 8109 4496 4263 8348 191 1372 1320 151 110 8157 7788 149 132 3844 111 3733 3613 2351 102 4183 195 112 3988 2487
is_linear=0
shrinkage=0.03


Tree=124
num_leaves=31
num_cat=0
split_feature=20 16 4 9 12 13 6 11 12 17 4 15 9 8 9 9 8 15 4 4 7 15 10 17 7 8 10 11 13 10
split_gain=12.9732 1.46609 2.38835 2.18588 1.87123 1.74876 2.49235 1.91661 2.70975 2.90822 1.86252 4.14062 3.0233 1.77062 1.60119 5.00023 6.55261 5.33154 3.01433 3.14998 2.76208 2.69821 6.41974 2.04947 1.55811 3.89511 1.97352 1.54056 1.53018 1.52284
threshold=0.20605320543050182 -0.29754298369186521 1938.9086268584686 0.028631309495873069 0.26526622463571142 0.067539671971076506 -2.2242346252952223 10.999270843046419 0.1563576893431389 0.99399022448360319 3105.1268204207686 3.9796379800581989 0.074170355910368274 2.4877521839890155 0.11693184134323584 0.16083504703489224 1.657417536884378 2.1383330595080281 1168.369654953792 1955.8331213996642 0.15739529108397105 3.7726948748059121 1.1100326067756041 0.41732144368395796 0.26874085203009834 2.7276399773006941 1.1395246464032267 10.774634464022109 0.2374386309201359 2.2728075337953229
decision_type=2 10 8 10 2 2 2 2 2 10 8 10 10 10 10 10 10 8 10 10 10 10 10 10 10 10 10 2 2 8
left_child=-1 2 3 -2 5 6 -3 13 10 -10 11 12 -9 -8 20 16 17 -16 -19 23 -7 -22 -23 -20 -5 -26 -27 -15 -17 -6
right_child=1 4 -4 24 29 14 7 8 9 -11 -12 -13 -14 27 15 28 -18 18 19 -21 21 22 -24 -25 25 26 -28 -29 -30 -31
leaf_value=8.1519628828285141e-05 0.00073776243744030424 -0.0041206531145705277 0.00044114087615906074 -0.00025425870312444689 0.00037772598135536864 0.00047046308241573652 6.6713585998235393e-05 -0.0014223399748211946 0.00027120937981621327 -0.0010373181463352425 0.00021054032507262558 -7.2413044285324918e-05 -0.000375401444838708 -0.00032892934645843886 -0.0069292880446009779 0.00021910177983022828 0.0015713470479354022 0.00045135375041192177 -0.0021532752110383171 -0.00036492312904650071 5.5093712040776851e-07 -0.002910120498817126 3.597625088171465e-05 -0.0049891201826249235 -0.0055456445670139772 0.0022802531653573952 -0.0019426938554790013 0.00061822279323926039 -0.0010868934364112002 0.0015366120198307262
leaf_weight=2744 161 48 307 111 3868 3811 9502 89 443 40 122 257 91 3460 43 2168 121 57 58 67 1014 44 75 40 57 64 80 180 44 378
leaf_count=2744 161 48 307 111 3868 3811 9502 89 443 40 122 257 91 3460 43 2168 121 57 58 67 1014 44 75 40 57 64 80 180 44 378
internal_value=0.000367981 0.000166785 -0.00111396 -0.00244937 0.000205219 9.28589e-05 -0.000102859 -7.95205e-05 -0.00131735 0.000328513 -0.0027375 -0.00365068 -0.00712707 1.87173e-05 0.00046215 -0.000140823 -0.00328682 -0.00592105 -0.00400897 -0.00605422 0.000778969 -0.000521164 -0.004775 -0.00945455 -0.00391054 -0.0054802 -0.00281379 -0.000543807 0.000409399 0.000781257
internal_weight=29544 26800 780 473 26020 21774 14232 14184 1042 483 559 437 180 13142 7542 2598 386 265 222 165 4944 1133 119 98 312 201 144 3640 2212 4246
internal_count=29544 26800 780 473 26020 21774 14232 14184 1042 483 559 437 180 13142 7542 2598 386 265 222 165 4944 1133 119 98 312 201 144 3640 2212 4246
is_linear=0
shrinkage=0.03


Tree=125
num_leaves=31
num_cat=0
split_feature=0 12 9 8 9 11 7 19 13 7 3 0 0 9 1 13 3 8 8 7 15 0 14 11 17 16 17 16 9 14
split_gain=13.0601 1.66577 2.37616 2.22603 2.10827 2.37455 1.98415 2.08202 1.80154 1.92894 2.28268 2.16495 3.12649 2.70272 2.32859 1.97153 1.77677 1.91833 1.69508 7.33222 1.73506 1.78623 1.66599 1.65784 1.65683 3.00882 1.64369 2.23925 2.52724 1.73005
threshold=4.8546916616174451 0.12119757128160648 0.033787893997837021 394.44764179933389 0.0055351307189542504 6.0100401799233785 0.43800126171309378 5.5000000000000009 0.026884722426204013 0.139434745927076 0.15953744252567784 1.2410579600669547 1.3720085474392831 0.075805452978725582 0.045663052543786449 0.047837687519674522 0.11289228751996115 3.1678199607807742 1.1069156216628275 0.044996701473583034 3.9981586158983733 1.0562487960703739 0.066731164928892875 8.45733701862701 0.57214881596377998 0.27834184757470365 0.12088530437841567 0.018810821723661268 0.095979183984746141 0.22722840412242293
decision_type=8 2 8 10 10 2 10 2 2 10 2 10 10 10 10 2 2 8 10 10 8 10 2 2 8 10 10 10 10 2
left_child=1 4 3 16 -1 -6 22 -8 -7 10 15 -11 13 14 -13 -10 24 -18 20 -20 -12 -22 23 -4 -3 -26 27 28 -21 -29
right_child=-2 2 6 -5 5 8 7 -9 9 11 18 12 -14 -15 -16 -17 17 -19 19 26 21 -23 -24 -25 25 -27 -28 29 -30 -31
leaf_value=0.00053138424776824492 7.9074039963436581e-05 2.3861051291961777e-06 -0.0010905845424921525 -0.0013800486142021226 -0.013100554658838068 -0.00024988325581730615 -0.0022948544444248735 0.00029341533228239962 -0.00034717391359178891 -2.0884364286446029e-06 0.00045855866209456182 -0.0020123909154241416 0.00015780583202959286 -0.00057666705175910492 -0.0008867680588424677 0.0003674246800563348 -5.7524148021575642e-05 0.00089438109412705562 -0.0051782485860519352 -0.0001356392528193064 -0.0020500773771103906 0.00021509800203303706 0.00027185358864854371 0.0014556317868145853 -0.00081959870208294771 0.00071620712772634833 6.2261031231730952e-05 -0.0011701124077239543 -0.0017071006951043224 0.00012816048192719422
leaf_weight=680 2769 1223 44 46 53 3428 58 56 379 1000 671 114 241 152 56 2617 2151 1099 45 96 47 48 9226 878 769 297 913 141 65 286
leaf_count=680 2769 1223 44 46 53 3428 58 56 379 1000 671 114 241 152 56 2617 2151 1099 45 96 47 48 9226 878 769 297 913 141 65 286
internal_value=0.000366083 0.000163951 0.000360992 -0.000136949 -0.000119097 -0.000225442 0.000631979 -0.00328696 -0.000192524 8.77475e-05 0.00036052 -0.000838235 -0.00232447 -0.00425387 -0.0068421 0.000906907 -8.17688e-05 0.000369117 -0.0003476 -0.000919198 0.000805737 -0.00296875 0.000676323 0.00189166 -0.000721834 -0.00158575 -0.000557257 -0.00179287 -0.0047963 -0.000651869
internal_weight=29648 26879 15847 5585 11032 10352 10262 114 10299 6871 5308 1563 563 322 170 2996 5539 3250 2312 1546 766 95 10148 922 2289 1066 1501 588 161 427
internal_count=29648 26879 15847 5585 11032 10352 10262 114 10299 6871 5308 1563 563 322 170 2996 5539 3250 2312 1546 766 95 10148 922 2289 1066 1501 588 161 427
is_linear=0
shrinkage=0.03


Tree=126
num_leaves=31
num_cat=0
split_feature=17 12 5 2 8 7 16 4 13 14 16 4 12 9 7 7 8 14 4 3 14 14 11 17 3 4 4 7 3 4
split_gain=10.811 2.33527 1.58738 1.795 1.54972 2.41283 2.19228 2.26654 1.98939 1.95453 2.59754 1.94748 1.7521 1.58847 2.55262 2.41509 2.94902 2.26659 2.41119 2.90865 1.97835 2.57321 4.57648 2.32893 2.76687 2.68333 1.97744 2.08209 2.7493 3.65253
threshold=2.6844859018881082 0.08036186035887917 0.95047420488921597 4.8263302173775733 1.1961149005429206 0.075364897600891892 0.074327392946749962 1758.4490821629131 0.037474421419719288 0.66848789117026997 0.12232201085888378 123.28416653708453 0.19262303302448738 0.023822567963849489 0.48477937778478863 0.42888257205671382 305.74497835446545 0.069160859213716855 6618.5212644870699 0.15360752077495646 0.062242415691549473 0.056909114681247798 9.7708700132542443 0.20839330386773638 0.34904473974145528 1515.9664642810751 2472.7641081700808 0.30498730852503547 0.2575318701836059 1823.2135680655115
decision_type=8 2 10 10 10 10 10 10 2 2 10 8 2 8 10 10 10 2 8 2 2 2 2 10 2 10 10 10 2 10
left_child=1 2 -1 -4 8 6 -6 -8 12 -10 -11 -7 -3 15 17 16 20 18 -15 -20 21 23 -23 -13 25 -25 27 -19 -29 -30
right_child=-2 4 3 -5 5 11 7 -9 9 10 -12 13 -14 14 -16 -17 -18 26 19 -21 -22 22 -24 24 -26 -27 -28 28 29 -31
leaf_value=-4.1969383360455249e-05 7.6701818764533491e-05 -5.7727496320214526e-05 -0.0010362739929369348 -0.0015722627687734399 0.00039084785859029738 -0.0039902657415734561 -0.0037098798698511708 -0.00025159023867840505 0.00099882891789100344 -0.002095421647539791 0.002068966511879738 6.3346982365665173e-05 0.0011253191242160602 0.0013327115096943081 -0.0023788410875891725 0.0013484842207531454 -0.0019683791134465401 0.00015778981606675449 0.00028504776090501149 -0.0024560840988623726 4.4970488825334736e-06 -0.0030676858971081878 -6.9475141226123525e-06 -0.0014432625297719924 -0.00204188299970391 0.0015504933593993688 0.00057765712458497859 0.00024953583538303846 -0.0006034699460850414 -0.0018529958160116936
leaf_weight=6875 2704 911 81 40 43 53 76 80 1327 40 46 295 351 1005 63 275 51 8258 53 40 3532 46 55 99 58 101 1967 548 493 49
leaf_count=6875 2704 911 81 40 43 53 76 80 1327 40 46 295 351 1005 63 275 51 8258 53 40 3532 46 55 99 58 101 1967 548 493 49
internal_value=0.000381382 0.000199651 -0.000271831 -0.00366393 0.000365284 0.000261006 -0.003015 -0.00466242 0.001037 0.00180976 -0.00255172 0.000299437 0.000171021 0.0003175 0.000491945 -0.000164857 -0.000341906 0.000522716 0.00182348 -0.0027766 -0.000253642 -0.00176794 -0.00614706 -0.000958484 -0.00303475 -0.00134328 0.000396342 0.000214355 -0.00101742 -0.00253039
internal_weight=29615 26911 6996 121 19915 17240 199 156 2675 1413 86 17041 1262 16988 12476 4512 4237 12413 1098 93 4186 654 101 553 258 200 11315 9348 1090 542
internal_count=29615 26911 6996 121 19915 17240 199 156 2675 1413 86 17041 1262 16988 12476 4512 4237 12413 1098 93 4186 654 101 553 258 200 11315 9348 1090 542
is_linear=0
shrinkage=0.03


Tree=127
num_leaves=31
num_cat=0
split_feature=0 8 8 1 11 9 0 0 9 1 13 16 8 7 14 12 14 9 1 17 15 17 4 4 12 4 9 1 14 15
split_gain=14.1581 1.8094 3.17969 4.11529 3.126 3.80953 2.24981 2.24561 2.46456 2.14645 2.44697 2.03804 1.86823 2.84708 3.22052 2.30639 2.89203 3.86335 1.94452 4.76153 1.9231 1.84134 1.96634 2.29953 2.46326 2.98168 4.5711 2.63628 3.48072 2.60759
threshold=4.8546916616174451 22.321054984331955 22.797201006882407 0.048930121203052575 7.7834323062786455 0.01805763357127645 1.5912123571392682 1.6155695645844113 0.054235805098685426 0.31281565656565663 0.0054501382769728953 0.54780898189259009 1.2472824973766365 0.080067099553778484 0.20566045637831751 0.078010605713496176 0.69023720239001662 0.017214421942214907 0.43513323983169711 0.045382253189301079 0.89587973461402759 2.6844859018881082 1483.0299935673522 3740.9666043292095 0.17765914080033432 1938.9086268584686 0.033221055597661017 0.2215007215007215 0.21950109517280039 2.8617925509761908
decision_type=8 10 10 10 2 10 10 10 8 10 2 10 10 10 2 2 2 10 10 10 8 8 8 10 2 8 10 10 2 10
left_child=1 7 3 -3 5 6 -4 11 9 10 -9 12 15 14 -14 20 -17 -18 -15 -20 -1 22 -6 24 25 26 -24 -28 -29 -26
right_child=-2 2 4 -5 21 -7 -8 8 -10 -11 -12 -13 13 18 -16 16 17 -19 19 -21 -22 -23 23 -25 29 -27 27 28 -30 -31
leaf_value=-0.0040424164454745263 7.440076420159749e-05 -4.0415180197776912e-05 0.00039190520313019903 -0.0023319350917701607 0.00020417039408327821 -0.0044203982921033336 -0.0015292737747925474 -9.5167695406732502e-05 0.0013014555241554707 -0.001525689777541516 0.00078506340659209117 0.00089569172848419842 7.8254315788937263e-05 -3.8151457861733337e-05 -0.0036764897159044878 0.00047086731374024578 -0.0020073777855118152 9.8448979527061787e-06 -0.00142358487374495 0.00013340016464613558 -4.1152063065724145e-06 0.0020245335935500158 -0.0046574573308493317 0.00059980312806751405 -0.00046544212342667745 -0.00046403385316550925 0.00045102289363331977 -0.00065734716444475097 -0.0016201789254012928 0.0009600878044485852
leaf_weight=45 2798 71 156 44 1653 67 108 1892 2293 40 960 747 65 8928 69 3140 48 129 55 77 3936 334 67 451 492 446 91 42 41 321
leaf_count=45 2798 71 156 44 1653 67 108 1892 2293 40 960 747 65 8928 69 3140 48 129 55 77 3936 334 67 451 492 446 91 42 41 321
internal_value=0.000368426 0.00015644 -0.000400912 -0.00530172 -0.000267681 -0.00306325 -0.00142641 0.000265418 0.000812765 0.000230211 0.000328076 0.000100754 3.12861e-05 -0.000253181 -0.00457778 0.000389643 0.000973779 -0.00274719 -0.000188721 -0.00378947 -9.71872e-05 -3.19877e-05 -0.000229681 -0.000874488 -0.00143904 -0.00276017 -0.00544215 -0.00284571 -0.00667857 -0.000320639
internal_weight=29606 26808 4384 115 4269 331 264 22424 5185 2892 2852 17239 16492 9194 134 7298 3317 177 9060 132 3981 3938 3604 1951 1500 687 241 174 83 813
internal_count=29606 26808 4384 115 4269 331 264 22424 5185 2892 2852 17239 16492 9194 134 7298 3317 177 9060 132 3981 3938 3604 1951 1500 687 241 174 83 813
is_linear=0
shrinkage=0.03


Tree=128
num_leaves=31
num_cat=0
split_feature=0 5 3 16 12 9 16 4 3 4 17 13 14 0 11 0 15 11 16 4 16 14 14 14 0 3 14 14 0 15
split_gain=13.5068 1.62141 3.47789 1.49236 1.43864 1.70621 2.28288 2.03418 1.72125 2.69602 3.9177 3.48227 1.71045 3.32214 1.70282 2.1637 1.73217 1.61833 1.51739 2.02394 1.93401 2.58364 2.22662 2.69435 2.64263 1.5806 1.49649 2.00147 2.75489 3.13127
threshold=4.8546916616174451 0.4156504065040651 0.087799293665227957 0.17869814153955926 0.095471879744685864 0.030232996120123035 -0.16927199525517891 2472.7641081700808 0.11369758380940388 984.36674796214095 2.5113171736250868 0.056531589677806686 0.69023720239001662 1.2832265849579414 9.4814737665622708 2.4484689893874925 3.5694334999727624 10.590214164976613 0.27834184757470365 1772.8411773594596 0.14403339218900754 0.38041736031061685 0.075292873884918579 0.14778185421371198 2.7187247769475751 0.0688468234389817 0.071430394981582129 0.38758999002680905 1.9983374155770131 2.1383330595080281
decision_type=8 8 2 8 2 10 10 10 2 8 8 2 2 10 2 10 10 2 10 8 8 2 2 2 10 2 2 2 10 10
left_child=1 2 3 -1 -3 8 7 17 9 10 11 14 -10 -14 -6 16 -16 -7 19 -11 21 -21 -22 24 -24 -25 -8 28 29 -28
right_child=-2 4 -4 -5 5 6 26 -9 12 18 -12 -13 13 -15 15 -17 -18 -19 -20 20 22 -23 23 25 -26 -27 27 -29 -30 -31
leaf_value=-0.00061607981477166307 7.2168741275549573e-05 -2.4971775379228691e-05 1.0086151246051349e-05 -0.0039459165778055558 0.00015185545353231197 -0.00070071337228331382 0.00099677123227892117 0.0011976784633287603 0.00022444269231903559 0.00024118766683338364 -0.0033158124453975986 -0.0038834083153833224 -0.0029402596343837627 2.7709823970173923e-05 -0.0016645977769719398 0.00085431547559070302 -0.001450520513302088 -0.00087229651802032591 0.0011829812837517732 0.00053271389787418254 0.0036872010149063229 -0.00094220434301013915 -0.00094263894598951305 -0.0012205419131496775 -0.0022184522618952356 0.0004621493360855231 -0.0012738887326364302 0.00045005964474285751 0.0010670136018732538 7.2361696619269723e-05
leaf_weight=44 2734 8396 238 42 305 303 1127 84 3241 537 54 41 41 96 43 44 41 47 365 387 50 66 50 170 40 103 676 3821 1468 4953
leaf_count=44 2734 8396 238 42 305 303 1127 84 3241 537 54 41 41 96 43 44 41 47 365 387 50 66 50 170 40 103 676 3821 1468 4953
internal_value=0.000409045 0.000204622 -0.00190154 -0.00703448 0.000230396 0.000380577 0.000576683 -0.00155862 -5.07488e-05 -0.000684371 -0.00256333 -0.00168 0.000379994 -0.0028913 -0.00087788 -0.00376744 -0.00656471 -0.0025641 -0.000122103 -0.000570513 -0.00146713 -0.000112335 -0.00294928 -0.00376648 -0.00824176 -0.00226642 0.000653744 0.000546204 0.000248098 -5.38187e-05
internal_weight=29607 26873 324 86 26549 18153 12479 434 5674 2296 528 474 3378 137 433 128 84 350 1768 1403 866 453 413 363 90 273 12045 10918 7097 5629
internal_count=29607 26873 324 86 26549 18153 12479 434 5674 2296 528 474 3378 137 433 128 84 350 1768 1403 866 453 413 363 90 273 12045 10918 7097 5629
is_linear=0
shrinkage=0.03


Tree=129
num_leaves=31
num_cat=0
split_feature=20 12 16 16 14 4 9 4 9 4 15 15 14 7 7 14 4 2 9 12 7 2 12 7 9 15 8 11 14 3
split_gain=13.0277 2.08298 1.32522 1.71732 3.60955 2.33408 1.88262 1.81769 2.62183 2.43148 2.06149 3.40833 2.54961 1.90019 1.87585 2.73952 4.86338 1.83544 1.68469 2.4943 1.64186 1.56577 1.48329 1.96247 2.09284 2.74071 2.57222 2.1627 1.96172 1.86655
threshold=0.20605320543050182 0.3245280504464399 0.51086519481583148 0.21215611310054852 0.078606099333730237 6151.5519425694483 0.15572595897911198 1045.5228073661544 0.00993081662489558 984.36674796214095 3.5114340430413216 3.1567740231385479 0.26653321768510091 0.043241137431346922 0.32258338149304006 0.23728394227077454 1835.5141308575439 6.0274057678025175 0.076233902440743892 0.2333437368427487 0.21065293321987585 5.9040100525277337 0.078010605713496176 0.21901488361071872 0.031014970637555633 3.4811217321331038 336.28978686719427 10.243507061410915 0.57706897202493279 0.16503102881395967
decision_type=2 2 10 8 2 8 8 8 10 10 10 10 2 10 10 2 8 8 10 2 10 10 2 8 10 10 8 2 2 2
left_child=-1 2 3 22 5 -5 7 8 -6 10 11 18 -13 -9 17 -16 -17 -15 20 -20 -10 -4 -2 28 25 26 -25 -27 -24 -30
right_child=1 -3 21 4 6 -7 -8 13 9 -11 -12 12 -14 14 15 16 -18 -19 19 -21 -22 -23 23 24 -26 27 -28 -29 29 -31
leaf_value=7.0003679037283081e-05 -4.7866179396035189e-05 0.00058262338520697645 0.00071435043671133549 0.00061488080870176272 0.00081467867484966172 -0.0024422350119120855 0.00050145838543872768 -0.0036514680158754691 -0.0018203411635572308 -0.0013094605658725347 0.00093629981587672504 -0.0022388419614091833 -0.00048714161120466204 -0.00073410975426685399 0.00059409248627050406 -0.0042029089144366063 -0.00013993644876822051 -8.7508088357215333e-06 0.00020261050717733403 -0.0026848322822496662 -0.00082511618658023431 -0.0015197378659409031 0.00031160430949530855 -7.0378975392037439e-05 0.00038547688442799519 -0.0047715597859833182 -0.0018789303661729208 -0.00036812977779546234 0.00015337979927697789 -0.00094404440530042029
leaf_weight=2752 5048 2677 1097 1167 183 78 624 57 193 103 119 48 48 72 116 62 86 2908 458 78 374 58 7455 1078 1577 55 45 144 430 389
leaf_count=2752 5048 2677 1097 1167 183 78 624 57 193 103 119 48 48 72 116 62 86 2908 458 78 374 58 7455 1078 1577 55 45 144 430 389
internal_value=0.000401521 0.000199829 0.000111797 6.19674e-05 -0.000339188 0.00111958 -0.000667812 -0.000865267 -0.00169346 -0.00212869 -0.00177862 -0.0021525 -0.00754639 -0.000462447 -0.000366102 -0.00278491 -0.00547651 -0.000150956 -0.00167663 -0.000469274 -0.00281514 0.00110294 0.000229503 0.00042232 -0.00024931 -0.00112925 -0.000552491 -0.004365 0.000657644 -0.000735366
internal_weight=29579 26827 24150 22995 6774 1245 5529 4905 1604 1421 1318 1199 96 3301 3244 264 148 2980 1103 536 567 1155 16221 11173 2899 1322 1123 199 8274 819
internal_count=29579 26827 24150 22995 6774 1245 5529 4905 1604 1421 1318 1199 96 3301 3244 264 148 2980 1103 536 567 1155 16221 11173 2899 1322 1123 199 8274 819
is_linear=0
shrinkage=0.03


Tree=130
num_leaves=31
num_cat=0
split_feature=20 8 8 7 6 4 19 11 14 4 4 11 0 20 16 17 9 16 20 9 8 16 15 8 8 11 7 6 11 14
split_gain=12.9035 1.91478 3.38708 5.05457 2.81144 2.25243 2.63106 1.39419 2.43908 1.33613 2.06307 1.54495 2.47331 1.62983 1.72158 1.67759 1.47862 1.74018 1.32634 2.06625 1.54703 2.40978 4.52383 1.76463 2.08224 1.54675 2.27527 1.52937 1.49591 2.03749
threshold=0.20605320543050182 22.321054984331955 22.797201006882407 0.1343200014634057 0.95780266342379272 263.5512579623433 4.5000000000000009 9.0330660546218216 0.080337800665521222 1440.7195322802004 3844.7971073626595 9.6900158274709529 1.4153988910093622 0.40842527049644201 -0.017466807453021791 0.015654446907426501 0.19470767589028351 0.065050994763142023 0.61901284021510583 0.054235805098685426 3.1678199607807742 0.73534781515564784 2.3502401828962087 2.3734102461343185 1.2848811829798046 9.9053607941158273 0.33048240713915472 -2.2242346252952223 11.091216632590715 0.29900535273130452
decision_type=2 10 10 10 2 8 2 2 2 8 10 2 10 2 10 10 10 10 2 8 10 8 10 10 10 2 10 2 2 2
left_child=-1 18 3 -3 5 6 -4 8 -6 11 16 12 -7 -14 -15 -16 -11 -18 19 20 21 23 -23 24 -2 26 -26 -20 -29 -30
right_child=1 2 4 -5 7 9 -8 -9 -10 10 -12 -13 13 14 15 -17 17 -19 27 -21 -22 22 -24 -25 25 -27 -28 28 29 -31
leaf_value=6.790356866616459e-05 -0.0013858049439608271 0.00013733145596262318 -4.4967877630799704e-05 -0.0029263824358516264 -0.0018945675148745688 0.00043168656109631413 -0.0021062788188722487 0.00071179406832767476 4.6439467934072729e-05 -0.00061899217494001632 0.00052593745962084245 0.0011390303562057598 8.5883174841153604e-05 -0.0025417944153243591 0.0033743122017181127 -0.0014811407529696338 -0.001835337646675066 -0.00088865868349695181 -0.0017416635930473049 0.0012300524038790671 0.00079451658219535724 0.00017597199375204344 -0.0035934550862557093 -0.00063347187430306596 7.6435848378448489e-05 0.00065139477585489239 -0.0017396150094515556 9.3097046138006237e-05 -0.00060624417562301616 1.59514074449064e-05
leaf_weight=2781 99 56 40 46 60 391 46 1345 370 960 295 260 95 56 53 180 47 61 70 2237 1043 67 43 508 406 776 45 15631 544 994
leaf_count=2781 99 56 40 46 60 391 46 1345 370 960 295 260 95 56 53 180 47 61 70 2237 1043 67 43 508 406 776 45 15631 544 994
internal_value=0.000385564 0.000183858 -0.000391334 -0.00576699 -0.000261267 -0.000912676 -0.00565517 0.000650338 -0.000835267 -0.000740308 -0.00135704 7.23939e-05 -0.000599227 -0.00230649 -0.00342414 -0.00226923 -0.00197007 -0.0052844 0.00029554 0.000714258 0.000197791 -0.000302314 -0.00459459 -4.25067e-05 0.000533534 0.00087215 -0.000524336 0.00016862 0.000186779 -0.000705653
internal_weight=29605 26824 4361 102 4259 2484 86 1775 430 2398 1363 1035 775 384 289 233 1068 108 22463 5224 2987 1944 110 1834 1326 1227 451 17239 17169 1538
internal_count=29605 26824 4361 102 4259 2484 86 1775 430 2398 1363 1035 775 384 289 233 1068 108 22463 5224 2987 1944 110 1834 1326 1227 451 17239 17169 1538
is_linear=0
shrinkage=0.03


Tree=131
num_leaves=31
num_cat=0
split_feature=0 12 13 6 14 4 7 15 15 7 3 4 13 3 10 3 13 14 9 7 1 1 1 3 4 9 9 7 3 15
split_gain=13.1157 2.24396 1.71769 2.47155 1.95613 3.51935 1.69921 2.56917 2.97476 3.56859 2.36163 1.91106 1.95307 1.93073 1.88776 3.30003 1.73666 1.69705 3.104 2.88493 3.43955 2.68656 2.80926 2.79466 2.42785 2.28901 2.17577 2.67982 2.40648 3.28643
threshold=4.8546916616174451 0.26526622463571142 0.067539671971076506 -2.2242346252952223 0.077051950493642052 281.46999805843689 0.15832212886102529 2.0126758453675748 3.3842466058243152 0.21901488361071872 0.1693399213984392 2669.3587105071606 0.10720827045907613 0.10849705157511756 1.9478854578716629 0.23460955052380653 0.19684568227386354 0.39124143233266567 0.22210056573571405 0.31977550473824473 0.10889328063241112 0.3430703624733476 0.39105447276361821 0.13377412351641191 1652.8882539928197 0.24819894757536004 0.013601576994434138 0.11154378939757996 0.1249545940890955 3.8606743063089755
decision_type=8 2 2 2 2 8 10 8 10 10 2 10 2 2 10 2 2 2 8 8 10 10 10 2 10 10 10 10 2 10
left_child=1 2 3 -1 5 -5 10 -8 11 -10 16 -9 13 -13 -12 -16 -4 18 26 21 24 -19 23 -23 -21 -24 -6 28 -28 -30
right_child=-2 -3 6 4 17 -7 7 8 9 -11 14 12 -14 -15 15 -17 -18 19 -20 20 -22 22 25 -25 -26 -27 27 -29 29 -31
leaf_value=-0.0033331046604573224 6.5866461606179654e-05 0.00042813053123499364 0.00049411917704049793 -0.0025237341821505743 0.00024349661061246164 0.00030186916310367105 -0.0010278145778930192 0.00066474629985232496 -0.00043133047750630799 -0.0028677502808055833 3.1648791283515815e-05 -0.00027993486221510381 0.00077568902726762835 -0.0016979829385440962 -0.00012741086816712784 -0.0048099290297003265 -0.00029609845717206687 0.00016685041747254144 0.00090864586394011002 -0.0012428859857776899 0.0020642134822376141 -0.00052181416847118058 0.001026585227792658 -0.0011928038305139667 -0.0024800079063575608 -0.00047596458995309787 -0.00100748208330521 -0.00025875219173860688 -0.0002582132693066991 -0.0016191674394947964
leaf_weight=48 2767 4700 3940 104 892 2487 63 764 292 40 1822 50 56 41 178 57 364 3953 345 172 76 66 111 40 69 56 246 4939 680 50
leaf_count=48 2767 4700 3940 104 892 2487 63 764 292 40 1822 50 56 41 178 57 364 3953 345 172 76 66 111 40 69 56 246 4939 680 50
internal_value=0.00039377 0.000189986 6.2858e-05 -0.000131008 -0.00010793 0.000637732 0.000425274 -0.000560061 -0.000258038 -0.00268468 0.000627633 0.00062829 -0.00249324 -0.00518478 -0.000208455 -0.00273305 0.00102718 -0.00027317 -0.000561163 0.000180238 -0.00257547 0.000387509 -0.0024854 -0.00628037 -0.00432645 -5.35713e-05 -0.000701968 -0.000910243 -0.00234596 -0.00147743
internal_weight=29468 26701 22001 14334 14286 2591 7667 1306 1243 332 6361 911 147 91 2057 235 4304 11695 7152 4543 317 4226 273 106 241 167 6807 5915 976 730
internal_count=29468 26701 22001 14334 14286 2591 7667 1306 1243 332 6361 911 147 91 2057 235 4304 11695 7152 4543 317 4226 273 106 241 167 6807 5915 976 730
is_linear=0
shrinkage=0.03


Tree=132
num_leaves=31
num_cat=0
split_feature=20 12 8 15 3 9 6 14 15 4 14 12 16 9 16 16 7 4 17 10 0 3 0 14 10 7 7 9 15 0
split_gain=13.3843 2.15975 1.36271 1.59047 2.52603 5.85008 1.65639 1.60649 3.06449 2.44791 1.57785 2.32397 7.14625 1.39711 2.94035 1.78442 1.35354 2.18763 1.42015 1.66829 1.32075 1.30794 1.32764 1.2869 1.22466 1.22039 1.18739 1.90337 3.06921 5.7847
threshold=0.20605320543050182 0.30494223795343883 6.5279927368259445 2.0126758453675748 0.031539361963604629 0.025375687911570324 2.059583087348078 0.13934825344610632 3.6762205501217919 263.5512579623433 0.1545874249843526 0.16739922899376672 0.1485063942364008 0.046914819859710064 0.25454816440108191 0.033065924552385037 0.30179049260442065 171.17720464539499 2.351729683416766 2.1069658962082554 3.2569134638102266 0.54977192760605376 0.70579746621234041 0.098413714326794632 1.288863294238338 0.20782918787439195 0.23051147091332 0.052989570002880237 2.8029010331479989 1.3673675143763635
decision_type=2 2 10 8 2 10 2 2 10 10 2 2 8 10 10 8 10 8 8 10 10 2 10 2 8 10 10 10 10 10
left_child=-1 2 21 4 5 -4 7 8 9 -5 11 12 -9 15 -15 23 -3 -18 19 -19 26 22 24 -6 -2 -13 -12 28 -28 -30
right_child=1 16 3 6 13 -7 -8 10 -10 -11 20 25 -14 14 -16 -17 17 18 -20 -21 -22 -23 -24 -25 -26 -27 27 -29 29 -31
leaf_value=6.3890467757994257e-05 -0.013690315019937692 0.0013800009815554222 -0.00011343968758595328 -0.001156537373012497 -0.0055132585779406173 -0.0032383553277924599 0.00058029190333851199 -0.002659387420722813 -0.0037200008946185839 0.0010263956530831583 -3.8409347709529976e-05 -0.00090572316928098776 1.9976223723786069e-05 -9.5985161593813102e-05 -0.0028338152209349621 0.0012439287949990883 -0.0023716845278686652 -0.00014180423247970024 0.0019338401408070154 0.0016950842524998664 0.0020962662804989199 -0.0021059361633147316 7.1868120954856561e-05 0.00032728332881532533 0.00076367033293530686 0.00083306467812203065 -0.00026430228834188569 6.581321394950644e-06 -0.0065517192440579901 -0.00067425912394132777
leaf_weight=2765 60 1554 87 73 49 45 760 51 41 684 2032 44 84 162 77 310 56 1093 345 186 111 51 17902 45 41 72 254 367 43 124
leaf_count=2765 60 1554 87 73 49 45 760 51 41 684 2032 44 84 162 77 310 56 1093 345 186 111 51 17902 45 41 72 254 367 43 124
internal_value=0.000372147 0.000167102 6.73315e-05 -0.000345359 -0.00160438 -0.00536842 -0.000139211 -0.000384325 0.000818523 0.00125462 -0.000686145 -0.00296429 -0.005625 -0.000824534 -0.0026375 0.000251852 0.000893972 0.000303391 0.000505846 4.45314e-05 -0.000490109 0.000193409 0.000207121 -0.00334737 -0.00320588 0.000153846 -0.000616802 -0.00160456 -0.00297867 -0.006125
internal_weight=29568 26803 23569 5515 775 132 4740 3980 798 757 3182 251 135 643 239 404 3234 1680 1624 1279 2931 18054 18003 94 101 116 2820 788 421 167
internal_count=29568 26803 23569 5515 775 132 4740 3980 798 757 3182 251 135 643 239 404 3234 1680 1624 1279 2931 18054 18003 94 101 116 2820 788 421 167
is_linear=0
shrinkage=0.03


Tree=133
num_leaves=31
num_cat=0
split_feature=0 4 3 15 6 3 12 13 16 15 3 8 8 14 7 15 13 16 12 4 14 4 14 14 14 16 13 4 8 16
split_gain=13.7582 1.54633 3.2078 2.0351 2.54269 1.73985 1.33612 1.77305 2.17834 1.51327 3.32803 3.24643 2.60359 3.44577 2.00549 2.94581 3.05829 1.89993 1.86769 2.27968 2.71159 3.24953 3.89281 2.6811 6.98833 1.35687 1.98293 3.81674 2.67139 3.7933
threshold=4.8546916616174451 123.28416653708453 0.38475777239319814 1.4978661367769956 0.089619849423873077 0.46406338110482093 0.3245280504464399 0.067539671971076506 0.53416762129569439 2.8029010331479989 0.36935676870838868 1.1472902734678341 53.124934602863654 0.29607588779066524 0.18390461862491325 3.4175922930736511 0.086788041966461144 -0.14003269448916286 0.082768146757525876 1242.7289581854357 0.37136485023315408 2784.8791879117807 0.20244526921368247 0.13574633351653967 0.098413714326794632 0.21029984332783544 0.14024257868522313 1880.4844030108627 1.6742513913644708 0.33040847953189473
decision_type=8 8 2 10 2 2 2 2 10 10 2 10 10 2 10 10 2 10 2 10 2 10 2 2 2 10 2 10 10 10
left_child=1 2 3 4 -1 -4 7 8 -3 10 18 -12 14 -14 17 -16 -17 -11 19 -9 21 22 23 24 -21 -19 -27 28 29 -28
right_child=-2 6 5 -5 -6 -7 -8 9 -10 12 11 -13 13 -15 15 16 -18 25 -20 20 -22 -23 -24 -25 -26 26 27 -29 -30 -31
leaf_value=-0.013465644545454056 6.1973753725254422e-05 -4.1368346434344734e-05 -0.0037171641854886043 0.00058097320609795959 0.0026249944885740365 -0.00040034599025639124 0.00053594363186243953 0.00025992173118618672 0.00097973040533063434 -0.00091857338967442012 -0.00100323809996091 -0.0036337613686528445 -1.1552214397763962e-05 -0.00067243663046991737 0.00036496517131665658 -0.00024609128150263624 -0.0021321578357561661 0.00061652767013468729 0.00032648618864867943 0.00048737612217390476 0.0001450923085113182 0.00016246290747540113 -0.0018342131607029008 0.0002993967292559634 -0.0028452542315504704 0.00059202275489237213 -0.00072824488407224061 0.00059473652504828058 -1.4223426766479004e-05 -0.0042476993591656978
leaf_weight=43 2797 15395 78 165 43 40 2564 509 636 57 51 42 236 69 185 66 46 3151 1618 55 188 102 79 97 46 825 67 212 88 45
leaf_count=43 2797 15395 78 165 43 40 2564 509 636 57 51 42 236 69 185 66 46 3151 1618 55 188 102 79 97 46 825 67 212 88 45
internal_value=0.000343121 0.00013411 -0.00179189 0.000130952 -0.00358621 -0.00584874 0.000161067 9.11339e-05 -8.96331e-05 0.000461008 -0.000100072 -0.00564894 0.0007708 -0.00191176 0.000943707 -0.0014396 -0.00525664 0.00110324 9.35066e-05 -0.000874652 -0.00218134 -0.00363947 -0.00532014 -0.00304523 -0.00644118 0.0011743 0.000331987 -0.00136562 -0.00432836 -0.00738053
internal_weight=29595 26798 369 251 86 118 26429 23865 16031 7834 2787 93 5047 305 4742 297 112 4445 2694 1076 567 379 277 198 101 4388 1237 412 200 112
internal_count=29595 26798 369 251 86 118 26429 23865 16031 7834 2787 93 5047 305 4742 297 112 4445 2694 1076 567 379 277 198 101 4388 1237 412 200 112
is_linear=0
shrinkage=0.03


Tree=134
num_leaves=31
num_cat=0
split_feature=20 6 17 0 16 1 6 4 1 3 16 4 9 5 0 4 16 3 15 15 5 4 16 16 16 11 4 15 12 11
split_gain=13.8363 1.50434 1.28938 1.97816 1.94576 1.77645 1.644 2.64431 1.51066 2.32592 7.32369 1.78187 1.50562 1.45654 1.75104 1.4342 2.12092 1.61609 1.42347 2.02955 1.33136 6.23045 1.27508 1.24591 2.01526 1.19104 1.55906 2.42485 2.56971 1.2579
threshold=0.20605320543050182 2.2576434266327401 0.20508044523255842 2.9150347373933299 -0.29754298369186521 0.27346041055718479 0.076717848681718118 7442.1150709420062 0.20722186076772933 0.31408662305837265 -0.0056068722558653339 1008.2044936348515 0.2102715020809339 0.96449579831932797 1.3673675143763635 511.22615663951512 0.12836616350477856 0.1617119365743995 4.3241107269113215 4.6101453514146771 0.56496163682864464 1922.2630087767573 0.53416762129569439 0.35372724581483944 0.41168324740555678 10.159698305869727 1641.5274724183716 2.4414009612931857 0.15889117216631024 9.1786948928089682
decision_type=2 2 8 10 10 10 2 10 10 2 10 10 10 10 10 8 10 2 10 10 8 10 10 10 10 2 10 10 2 2
left_child=-1 2 3 4 -2 6 7 15 20 -10 -11 12 -12 18 -15 16 17 -4 22 -20 21 -6 -8 25 -25 26 -22 29 -29 -28
right_child=1 -3 5 -5 8 -7 13 -9 9 10 11 -13 -14 14 -16 -17 -18 -19 19 -21 23 -23 -24 24 -26 -27 27 28 -30 -31
leaf_value=6.0114541113496798e-05 -0.00065122622967560555 0.00032727447278915457 -0.0049406879941241832 0.0020338137605344117 0.00021286925926480924 0.00050533474610335799 -3.1556603787160305e-05 -0.0023295744745507759 8.3014691501066651e-07 -0.0026094785853705334 -0.00022106618034181273 0.00044269988145259056 -0.00085971636383927756 -0.00098314502898557712 0.00067748663686928294 -0.00023612395815464924 -0.00059938922937915139 -0.0017651473452299604 -0.00075593254690010481 0.00071456721183530184 0.00019027699106336526 -0.0015700399582067176 0.00054245167046088679 -0.0012295378202940685 0.00034268122151804323 0.00035720055803031603 -0.0014790797272523561 -0.0016437171994001874 -2.6852960430689312e-06 0.000178496740636214
leaf_weight=2777 164 3757 46 298 88 813 8339 58 1653 40 111 135 47 84 72 2138 205 40 79 40 3726 41 823 167 344 3179 40 56 52 319
leaf_count=2777 164 3757 46 298 88 813 8339 58 1653 40 111 135 47 84 72 2138 205 40 79 40 3726 41 823 167 344 3179 40 56 52 319
internal_value=0.000335094 0.000127323 3.71154e-05 0.000283912 0.000213126 -0.000165567 -0.000258113 -0.000944132 0.000266427 -0.000474081 -0.00275748 -0.00109184 -0.00324528 -7.72408e-05 -0.00294267 -0.000791358 -0.0027637 -0.00668965 -2.87652e-05 -0.003275 0.000450019 -0.00256154 1.37511e-05 0.00049962 -0.00093164 0.000598942 0.00026681 -0.00136538 -0.0052844 -0.000175
internal_weight=29731 26954 23197 10460 10162 12737 11924 2487 9998 1986 333 293 158 9437 156 2429 291 86 9281 119 8012 129 9162 7883 511 7372 4193 467 108 359
internal_count=29731 26954 23197 10460 10162 12737 11924 2487 9998 1986 333 293 158 9437 156 2429 291 86 9281 119 8012 129 9162 7883 511 7372 4193 467 108 359
is_linear=0
shrinkage=0.03


Tree=135
num_leaves=31
num_cat=0
split_feature=20 6 13 11 4 5 10 14 4 11 14 14 16 14 15 3 11 3 9 9 16 14 7 15 14 7 3 14 7 4
split_gain=12.8008 1.83424 1.78542 1.98168 3.70361 1.88366 1.51643 1.86925 1.87525 1.5099 1.78313 1.49561 1.66426 1.8034 2.40496 3.72136 2.32594 1.88663 2.57652 2.02386 2.51307 2.30281 1.76973 3.55741 3.50187 1.83224 1.91771 1.62785 1.60941 2.10145
threshold=0.20605320543050182 0.73733368980292902 0.19684568227386354 10.132314918538983 6618.5212644870699 0.3621010638297873 -0.1480405853583969 0.012507112493383868 3484.1781198326007 10.524829875154747 0.22344619519823836 0.44373799796342267 0.44718524292842771 0.14977650506690496 3.7012257604091228 0.3567026876174455 7.3427789798660452 0.1693399213984392 0.051091869955560025 0.20411679526159612 -0.032801778967852045 0.25450203479105588 0.1071915588444992 2.4414009612931857 0.19928135542552586 0.24395122475576006 0.30270826026700132 0.27098928658863303 0.3330838506216337 1457.8257225913492
decision_type=2 2 2 2 10 8 10 2 10 2 2 2 10 2 8 2 2 2 10 8 8 2 10 10 2 10 2 2 10 8
left_child=-1 2 3 4 5 -2 -5 -8 -9 10 -4 12 13 14 16 -16 -7 19 -19 20 21 -15 23 -20 -25 27 -27 -24 -13 -30
right_child=1 -3 9 6 -6 11 7 8 -10 -11 -12 28 -14 17 15 -17 -18 18 22 -21 -22 -23 25 24 -26 26 -28 -29 29 -31
leaf_value=5.8311104880091887e-05 -0.0033642616071337898 0.00014960420274652108 -0.0017848345483690116 0.00045852046353831355 -0.0022612125451516385 -0.0039822529559483018 -0.0024291334690719219 1.5350675963973157e-05 0.00092223538796234257 -1.4769028662577031e-05 -0.0015820317482454795 0.00038607413327402233 0.00060166071286567953 -0.0021085086319008951 -0.0035120825987665703 0.00059735838810244057 0.000141968560980546 1.1459132288209258e-05 -8.0908479357822295e-05 0.00058005808623085031 -0.00021926336828738575 -0.00015261552650266329 -0.0010883634997105288 -0.001334504820985867 -0.0015154584933046336 -0.00080401214472643949 -0.0028471079660340867 0.00026101216864937244 4.0572263686174218e-05 -0.00099968297367095181
leaf_weight=2724 44 13365 61 543 98 136 43 4542 496 133 58 1456 531 40 65 45 2134 352 97 151 1599 44 257 63 85 49 41 161 110 48
leaf_count=2724 44 13365 61 543 98 136 43 4542 496 133 58 1456 531 40 65 45 2134 352 97 151 1599 44 257 63 85 49 41 161 110 48
internal_value=0.000357196 0.000158336 -8.85558e-05 -4.08131e-05 -0.000356514 -0.000280463 0.000386133 0.000224912 0.000278627 -0.00258498 -0.005025 -0.000243536 -0.000466587 -0.000626504 -1.25996e-05 -0.00432432 0.000198151 -0.00112347 -0.00210217 -0.00053297 -0.000831948 -0.00585882 -0.00309151 -0.00518293 -0.00809396 -0.00207466 -0.00593407 -0.0012315 0.000564706 -0.00230189
internal_weight=29571 26847 13482 13230 7606 7508 5624 5081 5038 252 119 7464 5850 5319 2380 110 2270 2939 1105 1834 1683 84 753 245 148 508 90 418 1614 158
internal_count=29571 26847 13482 13230 7606 7508 5624 5081 5038 252 119 7464 5850 5319 2380 110 2270 2939 1105 1834 1683 84 753 245 148 508 90 418 1614 158
is_linear=0
shrinkage=0.03


Tree=136
num_leaves=31
num_cat=0
split_feature=17 12 8 16 17 5 9 7 4 14 7 7 16 14 12 11 4 8 19 11 12 13 1 16 14 5 4 17 4 12
split_gain=10.2432 1.72029 2.09531 1.71627 1.59914 2.11258 1.83347 2.72575 2.35187 2.26504 2.27979 5.14415 3.1129 2.16777 1.84369 1.89707 3.44701 2.0425 2.66565 2.26226 1.7641 2.98343 1.69475 1.92025 3.55991 2.42438 3.01909 1.58462 2.16267 1.57287
threshold=2.8804340341922567 0.34066920781842175 427.20746514820229 -0.29754298369186521 0.20508044523255842 0.94461486025903219 0.01805763357127645 0.40568838853425232 1724.0626526631161 0.062242415691549473 0.30789707081106904 0.19542222638776474 0.13948330599039166 0.68027517933753268 0.17337531495499195 9.3376335966645136 511.22615663951512 6.1273128432923505 10.500000000000002 9.2111400471547391 0.20932959709088197 0.0025549169542128931 0.17607313195548494 -0.038127211504394194 0.57282565962156495 0.82985960341583453 1865.1995702168426 0.67434611946916478 1990.0262514469575 0.28778654225999128
decision_type=8 2 10 10 10 10 10 10 8 2 8 10 10 2 2 2 10 10 2 2 2 2 10 10 2 10 10 10 10 2
left_child=1 2 3 -1 22 6 8 14 9 10 11 -6 -13 29 -8 17 -17 19 20 -16 -19 -22 -5 24 -24 -25 -27 -7 -29 -10
right_child=-2 -3 -4 4 5 27 7 -9 13 -11 -12 12 -14 -15 15 16 -18 18 -20 -21 21 -23 23 25 -26 26 -28 28 -30 -31
leaf_value=-0.00055315080879116693 5.6561771733689129e-05 0.00029308200025410995 -0.0010449198273794246 0.00023440086580453953 0.0010187838974794734 -9.8640988906865742e-05 -2.5013461870480141e-05 -0.0017847584754491998 -0.0002600619648291871 0.0003897544476788827 0.00057495523574982985 -0.0044390344587444805 -0.0013268218348436579 -0.0015027235556577189 0.00064757137855586092 -0.0021646903734664903 0.00059089454322399846 0.0010396673323105007 -0.0020691603895885966 -0.0013091107285019645 0.00043374661471441212 -0.0017713922473977166 -0.00076015302397618449 4.608378194556855e-05 -0.002150907708181396 7.6157726460708236e-05 -0.0011118856942676444 -0.0015796843470658889 -0.00076727551040324841 -0.0010373100813230035
leaf_weight=413 2620 2489 65 8224 81 221 6622 78 790 926 81 46 57 41 466 59 2974 74 50 100 89 70 150 2303 47 74 60 40 42 221
leaf_count=413 2620 2489 65 8224 81 221 6622 78 790 926 81 46 57 41 466 59 2974 74 50 100 89 70 150 2303 47 74 60 40 42 221
internal_value=0.000361432 0.000187319 0.000110852 0.000125287 0.000158336 -6.44374e-05 -5.84739e-06 0.000159312 -0.000784759 0.000128356 -0.00231203 -0.00415135 -0.00856731 -0.00181766 0.000201047 0.000720062 0.00107086 -0.000532941 -0.00260915 0.000507937 -0.00124359 -0.00301875 0.000427664 -0.000234535 -0.00307576 -3.69144e-06 -0.00391111 -0.00253618 -0.00607229 -0.00153854
internal_weight=29573 26953 24464 24399 23986 13128 12825 10582 2243 1191 265 184 103 1052 10504 3882 3033 849 283 566 233 159 10858 2634 197 2437 134 303 82 1011
internal_count=29573 26953 24464 24399 23986 13128 12825 10582 2243 1191 265 184 103 1052 10504 3882 3033 849 283 566 233 159 10858 2634 197 2437 134 303 82 1011
is_linear=0
shrinkage=0.03


Tree=137
num_leaves=31
num_cat=0
split_feature=0 12 8 7 4 6 4 4 11 14 1 1 4 7 16 8 11 4 19 14 4 3 2 7 2 14 5 4 16 11
split_gain=11.8243 2.06519 1.86295 3.336 2.84296 1.61239 1.60716 2.57253 2.8679 1.63235 2.14541 2.83989 1.52886 1.5018 1.29985 1.29562 2.28923 2.61066 2.85278 2.04387 1.88555 2.58284 1.63925 1.95223 1.45249 1.68125 1.34058 1.23374 1.22381 1.21448
threshold=4.8546916616174451 0.090219741327910011 1.163084002617351 0.067387082534567905 1724.0626526631161 2.9748694366460793 3105.1268204207686 2418.2165222827239 10.3429675371555 0.56832116494813956 0.11726508785332319 0.20603395997574295 123.28416653708453 0.81774058962830531 0.73534781515564784 5.2550473933281774 8.8304699058573473 453.19519115270322 9.5000000000000018 0.056909114681247798 263.5512579623433 0.18745547290379724 5.6626112916929676 0.12004978055044414 6.5599868542967146 0.23236501670291229 0.56120865813971099 480.74254238736881 0.24982667110458076 9.987415011414571
decision_type=8 2 10 10 10 2 8 10 2 2 10 10 8 10 10 10 2 8 2 2 10 2 10 10 10 2 10 8 10 2
left_child=1 6 -3 4 28 12 7 -1 -9 10 -10 -12 -5 14 15 22 17 20 -19 -18 21 -17 29 26 25 -25 -24 -21 -4 -14
right_child=-2 2 3 5 -6 -7 -8 8 9 -11 11 -13 13 -15 -16 16 19 18 -20 27 -22 -23 23 24 -26 -27 -28 -29 -30 -31
leaf_value=-6.7617266057597665e-05 5.4864918581678456e-05 0.00044838837082149106 -0.00084264928486305188 -0.0040820766014150293 2.6681656849246433e-05 0.00063628719464190126 0.00031179414538001841 -0.0011422785437033647 0.00040240758882273436 -0.00037327099697351214 -0.0020419011523037001 0.00013790423845675418 2.9249231598123567e-05 -0.0023713931441114518 0.0012851952977740186 -0.0026349337237048091 0.0028795280090140483 -0.00064099407638697474 -0.002300454031875925 -0.0015666868234533863 0.0004206727225038144 0.00044084633337306261 -0.0011699448998764551 0.00027972955948899711 0.0002387390008245741 -0.0010191619293935998 -0.00047895685526590888 -4.0821170827744229e-06 -0.0048330687781994487 0.00029871964009743049
leaf_weight=6922 2737 1945 41 58 61 1613 650 68 167 41 40 60 4212 53 306 41 260 429 111 73 379 73 61 68 305 63 56 4058 40 4530
leaf_count=6922 2737 1945 41 58 61 1613 650 68 167 41 40 60 4212 53 306 41 260 429 111 73 379 73 61 68 305 63 56 4058 40 4530
internal_value=0.000321218 0.000129252 0.000300366 0.000199088 -0.00436364 0.00023803 -0.000276261 -0.000403617 -0.00281698 -0.00157282 -0.000705224 -0.00415842 0.000141904 0.000160753 0.00017869 0.000138383 -0.000230046 -0.0015 -0.002939 6.89892e-05 7.89475e-05 -0.00328696 0.000353378 -0.00122924 -0.000302059 -0.00293182 -0.00465254 -9.36591e-05 -0.00801219 0.00045362
internal_weight=29521 26784 18836 16891 142 16749 7948 7298 376 308 267 100 15136 15078 15025 14719 5424 1033 540 4391 493 114 9295 553 436 131 117 4131 81 8742
internal_count=29521 26784 18836 16891 142 16749 7948 7298 376 308 267 100 15136 15078 15025 14719 5424 1033 540 4391 493 114 9295 553 436 131 117 4131 81 8742
is_linear=0
shrinkage=0.03


Tree=138
num_leaves=31
num_cat=0
split_feature=20 9 0 1 16 20 8 4 17 20 15 2 17 4 3 9 4 17 1 16 13 8 17 13 1 17 4 15 15 8
split_gain=11.3264 1.75957 2.42552 3.4756 1.66212 1.70909 1.97945 1.53429 1.56735 1.43698 1.62155 1.41913 1.28986 2.25007 1.28589 1.8235 1.48989 2.8237 2.04105 2.95337 1.24339 1.42283 1.23804 1.98054 2.23041 4.08583 2.01589 1.99812 1.77797 6.43819
threshold=0.20605320543050182 0.15572595897911198 199.92105263157899 0.047516420361247987 0.53416762129569439 0.48684898882621125 5.7288153140666394 263.5512579623433 0.54000032475817306 1.4212677531546551 2.0126758453675748 5.9040100525277337 1.9823507676023684 405.6877845375534 0.11289228751996115 0.034612199611375391 731.92193296762969 0.5792031075484988 0.038218111002921114 0.14101581367570168 0.0098583859459051761 4.0554175358757769 0.21133204779067682 0.053918475218732498 0.37284167398302609 -0.12457338067736674 742.45383821011239 3.2384861814448418 4.3502571242716384 1.4521854601410698
decision_type=2 10 8 10 10 2 10 8 8 2 8 10 8 10 2 10 8 8 10 10 2 10 10 2 10 10 10 10 10 10
left_child=1 12 3 -3 5 14 9 8 -8 22 -11 -6 13 20 15 16 17 -2 -18 -20 21 -1 23 24 26 -26 -7 -27 -24 -30
right_child=4 2 -4 -5 11 6 7 -9 -10 10 -12 -13 -14 -15 -16 -17 18 -19 19 -21 -22 -23 28 -25 25 27 -28 -29 29 -31
leaf_value=-6.2521922183806822e-05 1.0251504964377167e-05 -0.00012884063141808003 5.3218971024228097e-05 0.00038550803206089648 0.0007432978587527013 0.0003985609272471384 -0.002094671941978949 -0.00015201466930269626 0.00089287681093919245 -0.015052823676641717 0.00018417760901526481 -0.0015434485188378258 5.3218971024228097e-05 0.00095064548725301134 0.00092744993196639577 0.00082002546320961243 0.00028803495747382321 -0.00084082326453825186 0.00011377129947543208 -0.0013003601902847263 0.00041808236390261671 -3.7468204067594089e-05 -2.0776662974566775e-05 0.00037812071625371429 -0.0020838309169566374 0.00091678403890861756 -6.8650141925258629e-05 -0.00071615801949050117 0.00081254397484196788 -0.0013867675765312519
leaf_weight=40 93 42 147 58 1387 1223 94 4401 51 40 50 47 1828 579 1768 835 759 68 98 72 65 68 8382 3805 51 89 3432 62 64 50
leaf_count=40 93 42 147 58 1387 1223 94 4401 51 40 50 47 1828 579 1768 835 759 68 98 72 65 68 8382 3805 51 89 3432 62 64 50
internal_value=0.000333591 0.00213967 -0.000278226 -0.00386139 0.00014386 8.79238e-05 -1.32139e-05 -0.000570046 -0.00359589 0.000133573 -0.00362637 0.00113728 0.00237117 0.00132271 0.000684624 0.000147975 -0.000659945 -0.00331481 -0.000196774 -0.00315789 -0.00167241 -0.00363303 0.000153506 0.000405864 4.32288e-06 -0.00307389 0.000138531 -0.000572368 -0.000103801 -0.0038087
internal_weight=29748 2827 247 100 26921 25487 21794 4546 145 17248 90 1434 2580 752 3693 1925 1090 161 929 170 173 108 17158 8662 4857 202 4655 151 8496 114
internal_count=29748 2827 247 100 26921 25487 21794 4546 145 17248 90 1434 2580 752 3693 1925 1090 161 929 170 173 108 17158 8662 4857 202 4655 151 8496 114
is_linear=0
shrinkage=0.03


Tree=139
num_leaves=31
num_cat=0
split_feature=20 17 15 8 15 6 3 17 4 8 14 10 15 7 20 11 15 4 1 8 1 14 14 8 14 7 3 7 14 15
split_gain=11.4636 1.49609 1.96321 1.98952 1.80678 1.59257 1.31474 1.89958 2.23678 2.90469 1.63915 2.24454 2.16562 2.53485 2.25791 2.14617 1.81704 2.82129 2.84 1.75325 1.75105 1.69817 2.29628 1.56516 1.54151 1.45868 1.31935 2.28068 1.86228 2.36649
threshold=0.20605320543050182 2.0950339193447265 2.1383330595080281 4.0554175358757769 1.8688348091416842 1.0075741901133877 0.11289228751996115 3.0937951317496952 123.28416653708453 1.3568827364051679 0.23393309522416986 0.95545325009883952 2.249904835165133 0.36966582190507286 0.5385494954335136 11.040871735576252 4.166635176627655 2244.9111126599382 0.016261237440507673 1.2075477327336002 0.24752086401570941 0.049519586267020292 0.062242415691549473 427.20746514820229 0.22899651462346401 0.1160000151472 0.16385467810118898 0.139434745927076 0.41987701996457805 3.7726948748059121
decision_type=2 8 10 10 8 2 2 8 8 10 2 10 10 10 2 2 10 10 10 10 10 2 2 10 2 10 2 10 2 10
left_child=1 2 3 4 -1 -6 10 8 9 25 11 21 13 -12 -15 -14 17 18 -17 -19 -20 -2 -23 26 -24 -8 27 -10 29 -29
right_child=6 -3 -4 -5 5 -7 7 -9 23 -11 12 -13 15 14 -16 16 -18 19 20 -21 -22 22 24 -25 -26 -27 -28 28 -30 -31
leaf_value=0.00029794130265724207 0.00017842925176342106 5.1622401893501254e-05 0.0011250387232559092 0.00013447011896862367 -0.0010283143918532959 -0.0009204100636860898 -0.0025578564370622283 0.0021449796432997659 0.00043464398352417662 -0.0041781743609739345 -0.00012149602550135812 1.2753585560933116e-05 0.00042337668627367975 -0.00026536990779775044 -0.0064981492103566131 -0.0010898878472419898 0.00061760475162992226 -0.0015613829046235536 5.1704873191518703e-05 0.00046374770502029147 -0.00045702548261231378 -0.0017245084049473769 -0.00060718707398444674 -0.0011457600517740245 -0.0013146950376058846 0.00089066181968073838 3.4591016634431437e-05 -3.0116287879557856e-05 0.00056611690811628516 -0.00080058690851739776
leaf_weight=44 225 1859 385 354 40 44 71 420 3189 48 822 1875 2612 44 43 51 159 47 67 200 53 59 1363 42 66 64 12491 2108 540 138
leaf_count=44 225 1859 385 354 40 44 71 420 3189 48 822 1875 2612 44 43 51 159 47 67 200 53 59 1363 42 66 64 12491 2108 540 138
internal_value=0.000342738 0.00219582 0.00116475 -0.000111801 -0.00330233 -0.00585882 0.000154153 0.000287411 0.00024251 -0.00304891 -0.000177182 -0.000645305 0.00023274 -0.00105824 -0.00589773 0.000600941 -0.00105363 -0.00209069 -0.0050407 -3.62902e-05 -0.00247934 -0.00142999 -0.00179718 0.000275218 -0.00155455 -0.000772059 0.000288515 0.000655121 2.79872e-05 -0.00035247
internal_weight=29523 2726 867 482 128 84 26797 19111 18691 183 7686 3588 4098 909 87 3189 577 418 171 247 120 1713 1488 18508 1429 135 18466 5975 2786 2246
internal_count=29523 2726 867 482 128 84 26797 19111 18691 183 7686 3588 4098 909 87 3189 577 418 171 247 120 1713 1488 18508 1429 135 18466 5975 2786 2246
is_linear=0
shrinkage=0.03


Tree=140
num_leaves=31
num_cat=0
split_feature=20 12 8 20 11 8 13 16 10 1 15 3 6 5 7 15 11 13 11 1 15 10 5 7 11 14 14 1 16 15
split_gain=11.2573 1.42515 1.82558 1.32616 3.10908 2.50541 1.48626 1.9211 2.22201 1.13897 2.10954 1.5194 1.10543 1.60836 1.545 1.67767 1.70981 1.55395 4.23105 1.94499 1.44457 1.41106 1.29001 1.27297 1.22677 1.20846 2.79499 2.47426 3.348 1.40673
threshold=0.20605320543050182 0.12119757128160648 427.20746514820229 0.0020092937722238544 7.9396934185121451 115.66815241160738 1.0000000180025095e-35 0.52280323611076884 1.4128899539497137 0.49318685062169992 1.0000000180025095e-35 0.50541988633251311 1.0426671429113543 0.40237047898338224 0.15832212886102529 4.135134555718313 10.84884181721627 0.099381973012808142 9.8364392163536234 0.085960591133004929 3.0201273556387074 1.7231967159743045 0.56120865813971099 0.080067099553778484 10.112471320548684 0.2391444357104717 0.18714609236612942 0.024099883855981444 0.15303976686083787 3.4811217321331038
decision_type=2 2 10 2 2 10 2 10 10 8 10 2 2 8 10 10 2 2 2 8 10 10 8 10 2 2 2 10 10 10
left_child=3 9 12 -1 5 6 7 8 -5 10 -2 -12 13 24 21 16 17 20 -19 -20 -16 22 -15 -23 -3 26 29 28 -28 -22
right_child=1 2 -4 4 -6 -7 -8 -9 -10 -11 11 -13 -14 14 15 -17 -18 18 19 -21 25 23 -24 -25 -26 -27 27 -29 -30 -31
leaf_value=5.0073729836696219e-05 -0.0045296676143755507 -0.0053361565694318115 -0.00058371252514057177 -0.0010944924953865942 0.0013497602182111032 -0.00054926051223416305 0.00042293548066944954 0.00029839421987947623 9.0122894376976585e-06 0.00047731225789020206 -2.5209275237448456e-05 -0.0016496260757689865 0.00032600334241198272 -0.00073350684278650257 -0.00011855286340559588 -0.0010754522500784291 0.00099740339975405365 0.001137822152592464 -0.0021761080017691377 -0.00066978056435243428 0.0013570201856589875 -0.00090041246627708114 0.00046313535643571784 -3.8256958298083744e-05 1.0157845555102546e-06 0.00082308416136054284 -0.0006454563039152727 0.00032139917109558691 -0.0020712567845651694 -0.00042238471782141005
leaf_weight=1164 67 42 61 46 1307 40 115 45 49 434 10410 72 7532 40 3529 92 431 72 40 43 238 40 2651 114 44 514 43 66 40 135
leaf_count=1164 67 42 61 46 1307 40 115 45 49 434 10410 72 7532 40 3529 92 431 72 40 43 238 40 2651 114 44 514 43 66 40 135
internal_value=0.000353288 0.000164854 0.000347603 0.00217492 0.00161323 -0.00116554 -5.85936e-05 -0.00212766 -0.00453125 -9.75053e-05 -0.000159526 -0.000125346 0.000367862 0.000126239 0.00016986 -0.000135583 -6.34704e-05 -0.000228765 -0.00317308 -0.00775 -0.000128121 0.000732607 0.000892645 -0.00205161 -0.00393103 0.000856316 -0.000160612 -0.00362 -0.00703571 0.00122727
internal_weight=29516 26750 15767 2766 1602 295 255 140 95 10983 10549 10482 15706 8174 8088 5243 5151 4720 155 83 4565 2845 2691 154 86 1036 522 149 83 373
internal_count=29516 26750 15767 2766 1602 295 255 140 95 10983 10549 10482 15706 8174 8088 5243 5151 4720 155 83 4565 2845 2691 154 86 1036 522 149 83 373
is_linear=0
shrinkage=0.03


Tree=141
num_leaves=31
num_cat=0
split_feature=0 13 16 9 0 2 4 14 0 8 17 9 13 3 8 1 16 3 11 11 17 3 14 9 9 14 8 8 1 17
split_gain=12.8013 1.48812 1.72141 1.48634 1.89701 3.41809 1.37576 2.1957 2.15233 1.94186 2.89888 1.85563 1.855 2.79422 2.76561 4.18518 1.73729 1.7405 2.4511 1.70685 1.59631 3.0442 1.8228 2.27723 4.29079 2.63276 2.75367 4.32433 1.78513 1.9529
threshold=4.8546916616174451 0.049463911496686781 0.53416762129569439 0.15572595897911198 7.2265881862505212 6.0709027408459493 2501.7930689053878 0.13247958252404468 1.3337225955518035 1.9823317515558383 1.6446965522236028 0.0025046752417442089 0.025126746050508273 0.10849705157511756 1.3075595956890897 0.031754032258064509 0.14101581367570168 0.073932463755074188 10.917676020672403 11.466535916520787 -0.24675793088424913 0.1516106609538577 0.22145440488631049 0.16454424296092293 0.14950538523484178 0.19800921928783743 1.9443953781353305 1.2968814948950051 0.4168079096045198 0.011858210722761936
decision_type=8 2 10 10 10 10 8 2 10 10 10 8 2 2 8 8 8 2 2 2 10 2 2 8 10 2 8 10 10 10
left_child=1 2 6 -2 -5 -6 7 -1 19 10 -10 -8 13 16 15 -14 -13 18 -18 20 21 -9 23 24 25 -22 27 -27 29 -24
right_child=3 -3 -4 4 5 -7 11 8 9 -11 -12 12 14 -15 -16 -17 17 -19 -20 -21 22 -23 28 -25 -26 26 -28 -29 -30 -31
leaf_value=0.00011188651804670232 4.8571517941595333e-05 0.00016314342208371155 0.00072064750432122382 6.0131366453539704e-05 -0.00012092324708599829 4.0731744830537593e-05 -0.00029710970967865031 0.001464945234493918 0.00046140825549164196 -0.00018169695771050296 -0.0033817329612859342 0.00075930768466745714 -0.0018312536143215733 0.0010991116829860089 0.00037812960077640209 -3.4324723839238533e-05 -0.0010319785082597845 0.00057912352572994273 0.0021167056184577876 -0.001081574023988659 -0.00052101246077577643 -0.0020758065317411159 0.00042468339780372743 0.001543022559270411 -0.0018189676513868534 -0.00064132441018903625 -0.00055916403987365691 -0.0032787706478404617 -0.0017883004075549202 -0.0001232044194259172
leaf_weight=3879 2555 10130 1081 112 58 78 238 44 1539 3006 47 449 60 1231 189 116 384 289 73 69 634 48 523 108 58 49 61 43 64 2434
leaf_count=3879 2555 10130 1081 112 58 78 238 44 1539 3006 47 449 60 1231 189 116 384 289 73 69 634 48 523 108 58 49 61 43 64 2434
internal_value=0.000385396 0.000183931 1.00498e-05 0.00231419 9.63857e-05 -0.00227737 -7.00306e-05 -0.00020798 -0.000471929 -2.48203e-05 0.000824197 0.00050396 0.000720989 0.00102101 -0.00127049 -0.0039661 -1.25417e-05 -0.000899598 -0.00205022 -0.000968327 -0.000888124 -0.00477419 -0.000796981 -0.00194025 -0.00246454 -0.0018769 -0.0053961 -0.00864516 -0.000435804 -0.000327586
internal_weight=29649 26846 16716 2803 248 136 15635 12606 8727 4592 1586 3029 2791 2426 365 176 1195 746 457 4135 4066 92 3974 953 845 787 153 92 3021 2957
internal_count=29649 26846 16716 2803 248 136 15635 12606 8727 4592 1586 3029 2791 2426 365 176 1195 746 457 4135 4066 92 3974 953 845 787 153 92 3021 2957
is_linear=0
shrinkage=0.03


Tree=142
num_leaves=31
num_cat=0
split_feature=20 6 9 20 3 16 15 13 16 16 1 15 1 17 9 12 16 13 17 16 15 17 3 16 17 13 3 14 13 17
split_gain=12.3061 1.50926 1.44179 2.60871 2.15703 1.435 2.29386 1.36106 2.44267 1.73603 2.82873 1.51028 1.11944 2.08948 2.61917 2.02332 1.82507 2.12591 1.98744 1.71679 1.39329 1.3934 1.36877 3.20519 2.85336 2.29696 1.48205 2.10957 1.68611 1.63372
threshold=0.20605320543050182 2.2576434266327401 0.16454424296092293 0.0050602502977390223 0.11369758380940388 -0.12073718189338688 2.740319461670996 0.19280385077913953 0.25454816440108191 0.084331830716910763 0.12556306306306311 2.8617925509761908 1.0000000180025095e-35 0.20508044523255842 0.23249971787573184 0.34066920781842175 0.35760206184779958 0.0094775683688361218 0.023498773757930354 0.40560317244702321 3.7726948748059121 0.34911995493019105 0.35262662762679742 -0.017466807453021791 -0.072010906469184885 0.092902794007389614 0.44393429317066602 0.40744077389045708 0.02063151471813205 0.54780956537669967
decision_type=2 2 10 2 2 10 10 2 10 10 10 10 8 8 10 2 8 2 10 10 10 10 2 8 10 2 2 2 2 8
left_child=2 7 -1 -4 -5 6 -3 12 9 10 -9 -12 13 16 15 20 -2 -18 -19 22 -15 -22 -14 24 -24 26 27 28 29 -25
right_child=1 5 3 4 -6 -7 -8 8 -10 -11 11 -13 19 14 -16 -17 17 18 -20 -21 21 -23 23 25 -26 -27 -28 -29 -30 -31
leaf_value=4.7114372403347475e-05 0.0002581149599716215 0.0001309181149309969 4.6767576947989141e-05 -0.00021311310720788666 0.00010592275511475671 0.00045615373015323301 -0.0025562864667311052 0.00038903389769102855 -0.0009398331036845998 0.00063996345587751305 -0.0018579797821582185 -0.00096012172678974609 9.2083882083727261e-05 -0.00019848551378669286 -0.0024455196748249261 0.00064972873345221153 0.00037507770550807739 -0.0038042217319394483 -4.6756545610766532e-05 0.00074261232238136414 -0.0010389097048911233 -0.00043575247519594067 -0.0025576720846514685 -0.00063651966568540968 -4.3410406241610697e-05 -0.0029525372639687139 0.00022749510134230624 0.00023999471679244766 0.00046667416490057213 0.0018897730697015191
leaf_weight=2554 3448 104 131 42 40 3613 48 135 76 179 45 53 10066 4980 53 728 187 97 73 1162 40 150 42 505 41 54 520 284 132 66
leaf_count=2554 3448 104 131 42 40 3613 48 135 76 179 45 53 10066 4980 53 728 187 97 73 1162 40 150 42 505 41 54 520 284 132 66
internal_value=0.000368107 0.000171974 0.00227276 -9.81307e-05 -0.00426506 0.00072889 -0.00211765 8.1239e-05 -0.00148466 -0.000566586 -0.00226923 -0.00612121 0.000115074 -0.000127293 -0.000478326 -0.000418037 0.000421703 -0.00161732 -0.00403509 0.000298765 -0.000626571 -0.00314136 0.000189565 -0.000612766 -0.00632143 -0.000305378 -8.55437e-05 -0.000768218 -0.00164915 -0.00235489
internal_weight=29648 26881 2767 213 82 3765 152 23116 488 412 233 98 22628 9756 5951 5898 3805 357 170 12872 5170 190 11710 1644 83 1561 1507 987 703 571
internal_count=29648 26881 2767 213 82 3765 152 23116 488 412 233 98 22628 9756 5951 5898 3805 357 170 12872 5170 190 11710 1644 83 1561 1507 987 703 571
is_linear=0
shrinkage=0.03


Tree=143
num_leaves=31
num_cat=0
split_feature=20 9 0 17 6 13 13 10 15 6 16 16 1 15 8 16 0 9 20 10 8 14 13 14 14 5 16 14 0 15
split_gain=12.4478 1.67797 2.92856 2.33126 1.6776 1.41541 1.42223 1.45468 4.09481 1.37995 1.35613 2.43369 2.51288 2.44239 1.18841 1.10133 1.68691 1.49742 1.31758 1.77776 1.49718 2.30489 2.66034 5.31461 4.61726 1.53645 1.42337 1.8817 2.18506 3.53341
threshold=0.20605320543050182 0.16083504703489224 199.92105263157899 0.55491619024183125 2.1972086650389691 0.19684568227386354 0.067539671971076506 1.9478854578716629 2.1383330595080281 -2.2242346252952223 0.24318750427357747 0.084331830716910763 0.12556306306306311 2.8617925509761908 14.219794975599038 0.53416762129569439 2.3344037515194613 0.045245511374807666 0.48684898882621125 1.1395246464032267 5.2550473933281774 0.24116311111870239 0.032300625040285295 0.39532504128344437 0.30981096521792423 0.99926686217008809 0.11240167819324855 0.6051968757028342 1.6783962548455305 2.0126758453675748
decision_type=2 10 8 8 2 2 2 10 8 2 10 10 10 10 10 10 10 10 2 10 10 2 2 2 2 10 10 2 10 10
left_child=1 -1 3 -3 5 6 9 -8 -9 -2 11 12 -7 -14 -10 18 -17 -18 19 -11 25 -22 26 24 -24 -20 -23 28 29 -28
right_child=4 2 -4 -5 -6 10 7 8 14 15 -12 -13 13 -15 -16 16 17 -19 20 -21 21 22 23 -25 -26 -27 27 -29 -30 -31
leaf_value=4.5700941231247049e-05 -0.0029898926117855238 0.00010566931218541511 4.5364549639549465e-05 -0.00015195857888772264 0.00031085706049437865 -3.4437792568542259e-05 0.00021357029833118997 -0.0053782248231834867 0.00015244979013731544 -4.0682828967179508e-05 -0.00071082555366129032 0.00064670908803250845 -0.0019068001314703309 -0.00074394666585553509 -0.00057499044057165408 0.0007163966364147397 -0.0011250328702673191 0.0031252500376059041 -6.7661178261353791e-06 0.0011721662435026545 -9.5235532964058363e-05 0.00017142482798237441 -0.00049463395399522848 0.00059808349975110813 -0.0029193831362729211 -0.00046702354715453116 0.00049158604533033033 0.0020548113166775324 -0.0002865740022301039 -0.0024328984776983901
leaf_weight=2553 70 41 136 47 4008 129 5878 56 404 1285 61 140 41 47 59 862 75 40 10114 1070 1614 284 45 47 49 40 53 98 118 157
leaf_count=2553 70 41 136 47 4008 129 5878 56 404 1285 61 140 41 47 59 862 75 40 10114 1070 1614 284 45 47 49 40 53 98 118 157
internal_value=0.000363683 0.00227538 -0.000213333 -0.00444944 0.000165841 6.64712e-05 9.87556e-05 0.000476868 -0.00104423 -5.22406e-05 -0.0016611 -0.000946927 -0.00293119 -0.00680899 -0.000109914 -3.36634e-05 0.000941718 -0.0024569 -9.73622e-05 0.000553905 -0.000218938 -0.000881995 -0.00214437 -0.00589437 -0.00997895 -5.79024e-05 -0.0013924 -0.00248712 -0.00357447 -0.00540284
internal_weight=29621 2777 224 88 26844 22836 22418 6397 519 16021 418 357 217 88 463 15951 977 115 14974 2355 12619 2465 851 141 94 10154 710 426 328 210
internal_count=29621 2777 224 88 26844 22836 22418 6397 519 16021 418 357 217 88 463 15951 977 115 14974 2355 12619 2465 851 141 94 10154 710 426 328 210
is_linear=0
shrinkage=0.03


Tree=144
num_leaves=31
num_cat=0
split_feature=20 12 4 8 6 6 12 7 8 4 11 15 11 8 8 8 4 12 4 8 0 11 11 14 4 8 4 0 11 12
split_gain=13.108 1.56431 1.36303 4.0015 1.48406 1.4655 0.988937 1.37253 2.49583 3.02725 3.6555 2.77142 5.12074 5.62536 2.38183 1.67166 1.47663 1.41664 1.37074 2.20104 1.34355 1.2348 3.19855 3.23794 1.26864 1.8387 1.22675 1.09963 1.39648 1.72287
threshold=0.20605320543050182 0.48540393255158515 123.28416653708453 1.2010408214139712 -0.62017780241357234 0.83575890652557316 0.12231716666630989 0.34355712775317698 51.801075056766393 2418.2165222827239 8.7551859424742933 2.9700856263602158 10.168751454956704 2.5136582494752608 394.44764179933389 41.286945606663984 322.35883794573937 0.27972910041820681 6618.5212644870699 1.2803370485938685 3.3764250751358262 6.9231362598071584 7.4386775612200848 0.22722840412242293 698.26582792535316 1.3239456645524859 3559.7589804269837 1.1273940392856765 10.462646089415928 0.055870681393966677
decision_type=2 2 8 10 2 2 2 8 8 8 2 10 2 10 10 10 8 2 10 10 10 2 2 2 10 10 10 10 2 2
left_child=-1 2 3 4 -2 -5 18 14 9 10 -9 12 13 -12 -8 17 -10 -15 21 -20 -11 -4 23 -23 -24 -26 27 -27 29 -29
right_child=1 -3 6 5 -6 -7 7 8 16 20 11 -13 -14 15 -16 -17 -18 -19 19 -21 -22 22 24 -25 25 26 -28 28 -30 -31
leaf_value=4.4329912994309639e-05 -0.0038102574350783844 0.0021750028617485216 0.00070840437275717608 -0.010644820533396578 0.00027014560332162937 -0.001228778338669847 0.00017037708339096973 0.00034094027769002101 -0.0025067365865908972 0.00074530355924978602 -0.0048966450069177353 -8.0947782038404354e-05 -0.0024404402781489187 -0.00083653558926163321 -0.0011525059189642546 -0.0016714053281443762 0.0010247570629055452 0.00090643892961238866 -0.0032847070954997795 0.00029292603596251079 -0.0027020356737032201 -0.00057871844626261105 0.0002551825610144781 -0.0039869121830347102 3.1422327666993194e-05 -5.5972005001032844e-05 0.0009288047290199839 -0.0017392617983041144 -7.312348301221662e-05 -0.00051285396216399558
leaf_weight=2741 42 383 324 61 205 40 13355 271 42 345 53 170 48 54 70 100 464 116 61 65 56 73 1632 53 5512 1051 132 48 849 1107
leaf_count=2741 42 383 324 61 205 40 13355 271 42 345 53 170 48 54 70 100 464 116 61 65 56 73 1632 53 5512 1051 132 48 849 1107
internal_value=0.000355948 0.00015368 0.000126023 -0.00173639 0.000326613 -0.00673529 0.000150967 0.000307824 -0.000490116 -0.00122817 -0.00228044 -0.00370295 -0.00515323 -0.00376852 0.000410025 -0.00199262 0.00127811 -0.000175438 -6.68316e-05 -0.00316535 0.000902985 -3.03282e-05 -8.6919e-05 -0.0048189 -2.87455e-05 -0.000172759 -0.000746236 -0.000868783 -0.0012808 -0.00195934
internal_weight=29523 26782 26399 348 247 101 26051 15144 1719 1213 812 541 371 323 13425 270 506 170 10907 126 401 10781 10457 126 10331 8699 3187 3055 2004 1155
internal_count=29523 26782 26399 348 247 101 26051 15144 1719 1213 812 541 371 323 13425 270 506 170 10907 126 401 10781 10457 126 10331 8699 3187 3055 2004 1155
is_linear=0
shrinkage=0.03


Tree=145
num_leaves=31
num_cat=0
split_feature=20 9 14 7 12 9 8 11 13 15 13 9 4 7 12 14 15 11 4 9 15 12 9 3 11 11 1 4 9 14
split_gain=12.8075 1.85593 2.23904 3.17686 1.34207 1.98672 1.78777 1.65852 1.45923 1.97978 2.25557 1.76381 2.2143 1.66656 4.78159 1.61747 1.50702 1.50584 1.89828 1.82364 2.43795 1.62136 1.73068 2.90218 3.28899 1.79951 2.70025 1.49154 3.174 3.11221
threshold=0.20605320543050182 0.16083504703489224 0.20776396927407989 0.15642497995562812 0.1037380860622399 0.0055351307189542504 427.20746514820229 6.0100401799233785 0.056000083801223503 2.249904835165133 0.20953158541749128 0.10899646636314701 2144.6268813605457 0.15832212886102529 0.17212026110218573 0.32706580164614985 3.0201273556387074 10.536194468932006 1000.9299533340974 0.020484314769730175 3.5694334999727624 0.33061909746485091 0.025039560140516989 0.046354285329829402 10.788648748734458 10.979964996365533 0.10733486943164362 421.6800181607619 0.0025046752417442089 0.078606099333730237
decision_type=2 10 2 10 2 10 10 2 2 10 2 10 8 10 2 2 10 2 10 8 10 2 8 2 2 2 8 8 10 2
left_child=1 -1 3 -3 5 -2 8 -7 11 13 -11 16 -13 -10 -15 -12 27 18 19 20 -18 22 23 -19 -25 -24 -27 -6 -29 -30
right_child=4 2 -4 -5 6 7 -8 -9 9 10 15 12 -14 14 -16 -17 17 21 -20 -21 -22 -23 25 24 -26 26 -28 28 29 -31
leaf_value=4.3000015604480349e-05 0.00051938848969553539 7.5261645033010251e-05 4.4907106640765976e-05 -0.0001232813532402075 0.00030972431723919449 -0.011805545307285378 -0.00093865322519310051 -5.6694168518266564e-05 0.00013141342190576023 0.00055643855289678372 -7.8991247080476552e-05 0.00010962109889783983 0.0011778006350965438 -0.0024277116462035698 -2.1797818269476081e-05 -0.00065554527332886171 -0.0015851312316510753 0.00094489502972438242 0.00088646732659711973 0.00053903131519475889 0.00083069331806623467 0.0020978007889403596 0.00060932918853718698 -0.0016004075939990586 -0.0003071801118961731 5.8069891437307972e-05 -0.0013518687660544425 -0.00076822284146238809 0.001235929663495316 -0.00015167276913314828
leaf_weight=2530 622 70 103 55 948 47 67 8654 425 4146 107 1674 683 44 132 42 73 119 871 505 58 148 448 89 234 193 67 521 753 5258
leaf_count=2530 622 70 103 55 948 47 67 8654 425 4146 107 1674 683 44 132 42 73 119 871 505 58 148 448 89 234 193 67 521 753 5258
internal_value=0.000356318 0.00230301 -0.000288209 -0.00297619 0.000156857 -0.00013417 0.000310974 -0.000251321 0.000329779 0.000769451 0.000995112 0.000159456 0.000899491 -0.000842193 -0.00328814 -0.00262 -1.02079e-05 0.00058268 0.00122745 -1.88382e-05 -0.00315909 -0.000166282 -0.00054735 -0.00201806 -0.00349074 0.000372356 -0.0016092 -0.000232589 -0.000394 -0.000199102
internal_weight=29686 2758 228 125 26928 9323 17605 8701 17538 4896 4295 12642 2357 601 176 149 10285 2805 1507 636 131 1298 1150 442 323 708 260 7480 6532 6011
internal_count=29686 2758 228 125 26928 9323 17605 8701 17538 4896 4295 12642 2357 601 176 149 10285 2805 1507 636 131 1298 1150 442 323 708 260 7480 6532 6011
is_linear=0
shrinkage=0.03


Tree=146
num_leaves=31
num_cat=0
split_feature=0 17 5 6 7 0 14 16 17 1 8 0 5 4 1 13 3 14 4 16 3 0 8 14 14 6 4 7 3 13
split_gain=12.2911 1.24024 1.20883 1.15152 1.39094 2.23156 1.58232 1.13908 1.45225 2.03106 2.26012 3.04883 2.15483 2.02909 1.96372 1.95847 2.19356 1.71139 1.86151 1.69603 5.75976 1.62408 1.57366 2.04212 1.76984 1.56125 1.75188 1.47772 1.46942 1.52479
threshold=4.8546916616174451 2.8804340341922567 0.6505813953488373 3.1847635729821149 0.22509635317443136 1.2871944145498986 0.6147028676811831 0.53416762129569439 0.20508044523255842 0.13608305274971946 1.2848811829798046 1.8015328377581943 0.93763888888888902 6618.5212644870699 0.20468236582694418 0.18903683220768777 0.1397703259187224 0.73530358453624522 1113.7789922001655 -1.0000000180025095e-35 0.31871700721017332 1.0462208947841087 1.2563805640876347 0.15136138758427234 0.17704420439001509 1.4215719294730518 3409.5493506680846 0.1485703043545743 0.17064455337294285 0.010364500400545495
decision_type=8 8 10 2 8 10 2 10 10 8 8 10 10 10 10 2 2 2 10 8 2 10 10 2 2 2 10 8 2 2
left_child=3 2 -2 7 6 -6 -5 8 14 10 11 12 13 25 17 -11 -17 -1 -19 20 21 -16 -21 -24 -25 -10 28 -12 -27 -30
right_child=1 -3 -4 4 5 -7 -8 -9 9 15 27 -13 -14 -15 19 16 -18 18 -20 22 -22 -23 23 24 -26 26 -28 -29 29 -31
leaf_value=0.00019363487962085468 0.00017875504889741447 4.1710015136345938e-05 -0.00068410315345507355 0.00069246335227632968 -0.0035421304557011588 6.291378300372166e-05 -0.0011936870582709965 0.00041251736445842654 -4.3764014466332805e-05 0.00021999621047986463 0.00031087054621858922 -0.001832475192906975 -0.00072675614787166332 -0.0029928357498718704 -0.0015130121312867085 -0.0018550964813190086 0.00033285679701780188 -0.0021873231278711929 0.00055106450814754778 0.00013077866071892444 -0.0021772742363322592 0.00014754458915185561 0.00083934397791638187 -0.0016922134744827536 -0.00040722417051480006 0.00019570123432702301 -0.0010904566847931944 -0.00014438131347957369 -0.000585982254189721 -0.00021394845346694763
leaf_weight=8556 949 1802 40 1165 46 474 71 1360 1279 3189 1340 52 45 43 85 52 40 83 57 1059 47 217 117 41 605 192 40 6313 124 224
leaf_count=8556 949 1802 40 1165 46 474 71 1360 1279 3189 1340 52 45 43 85 52 40 83 57 1059 47 217 117 41 605 192 40 6313 124 224
internal_value=0.000352127 0.00224678 0.00139091 0.00015559 0.000898122 -0.000403071 0.00144543 0.000103732 5.546e-05 -0.000159347 -0.000378535 -0.0012765 -0.00108265 -0.000926957 0.000311097 0.000485375 -0.00380645 0.000512591 -0.00276596 -0.000495856 -0.00240857 -0.000871287 -0.00012836 -0.00116623 -0.00182689 -0.000775806 -0.0020654 -0.000143846 -0.00160813 -0.00276791
internal_weight=29707 2791 989 26916 1756 520 1236 25160 23800 12933 9652 1999 1947 1902 10867 3281 92 8696 140 2171 349 302 1822 763 646 1859 580 7653 540 348
internal_count=29707 2791 989 26916 1756 520 1236 25160 23800 12933 9652 1999 1947 1902 10867 3281 92 8696 140 2171 349 302 1822 763 646 1859 580 7653 540 348
is_linear=0
shrinkage=0.03


Tree=147
num_leaves=31
num_cat=0
split_feature=20 0 17 15 15 13 11 14 17 16 0 6 14 7 4 17 14 4 17 0 9 20 11 16 4 0 14 9 17 4
split_gain=12.4936 1.38062 1.33449 1.29341 1.27869 1.19629 1.52971 2.66356 2.85728 2.77009 1.16078 1.0392 1.28041 1.10232 1.56482 1.90442 2.05743 1.43069 1.08221 1.68672 1.40823 1.99596 1.83645 2.46762 2.5399 3.92633 3.79004 2.45509 5.79719 1.81303
threshold=0.20605320543050182 0.70579746621234041 2.0950339193447265 2.0126758453675748 2.1383330595080281 0.19684568227386354 10.524829875154747 0.22344619519823836 0.26441375015583851 0.057489626893602909 1.3018140956105373 3.1847635729821149 0.69023720239001662 0.22509635317443136 1585.7207385399145 1.0906491078269227 0.37136485023315408 1242.7289581854357 0.21133204779067682 2.9971553854031452 0.019265974155035052 0.65010319732451027 9.6798126095698418 0.18036710006792731 937.77562917017872 1.6981568131664204 0.17858628084352038 1.0000000180025095e-35 0.42731729227906518 915.39073980694479
decision_type=2 10 8 8 10 2 2 2 10 10 10 2 2 10 10 8 2 8 10 10 8 2 2 8 10 10 2 10 10 8
left_child=2 3 4 -2 -1 11 7 10 9 -9 -7 18 13 -13 15 16 17 -15 19 -3 22 -22 23 24 25 -20 -27 28 -24 -29
right_child=1 5 -4 -5 -6 6 -8 8 -10 -11 -12 12 -14 14 -16 -17 -18 -19 20 -21 21 -23 27 -25 -26 26 -28 29 -30 -31
leaf_value=5.7012315293236149e-06 -0.016518955629393806 9.4348679572740473e-05 4.045871468225556e-05 0.00021741189117074626 0.00071013944856747812 0.0013403827412865495 3.3635084488304379e-05 -0.0029582097229226673 -4.0378202841563165e-05 -0.00045244609284982528 -0.0019635781032078664 0.00060061671721263823 -0.001184879754183264 -2.2663938129978363e-05 0.0014618870725213186 0.0011963738688156196 -0.0043808516462009893 -0.0019972788489292094 -0.00016060137109257243 0.0021432620402734022 0.00036896572324725203 -4.5607627297071064e-05 -0.00010673967765619828 0.00043746357855938293 0.001102461741021784 -0.004662520696565569 -6.6651543780609404e-05 -0.0020741734049104072 -0.0027937895534796016 -0.00026357619115316227
leaf_weight=475 58 10623 1867 54 387 77 271 42 54 41 40 1120 69 158 173 107 40 46 140 322 3629 7093 85 894 116 45 41 41 46 1402
leaf_count=475 58 10623 1867 54 387 77 271 42 54 41 40 1120 69 158 173 107 40 46 140 322 3629 7093 85 894 116 45 41 41 46 1402
internal_value=0.00037311 0.000176346 0.00230659 -0.00313274 0.00132793 0.000190335 -0.00122624 -0.00289412 -0.00571739 -0.00917857 0.000432203 0.000218778 0.000932906 0.00110152 -3.42856e-05 -0.00118466 -0.0026449 -0.00140488 0.000168764 0.000390554 -1.06405e-05 0.000146041 -0.000608324 0.000257074 -0.00190671 -0.0037533 -0.00875862 -0.00128762 -0.00520455 -0.00092867
internal_weight=29556 26827 2729 112 862 26715 525 254 137 83 117 26190 1713 1644 524 351 244 204 24477 10945 13532 10722 2810 1236 342 226 86 1574 131 1443
internal_count=29556 26827 2729 112 862 26715 525 254 137 83 117 26190 1713 1644 524 351 244 204 24477 10945 13532 10722 2810 1236 342 226 86 1574 131 1443
is_linear=0
shrinkage=0.03


Tree=148
num_leaves=31
num_cat=0
split_feature=20 12 8 2 9 17 3 9 9 0 11 12 16 3 17 9 9 4 3 16 16 11 17 12 2 0 4 7 9 10
split_gain=13.6752 1.68012 1.67521 1.85388 3.06558 2.3577 1.56425 1.52786 1.39656 2.58322 2.28925 1.32732 1.23991 1.30488 1.88296 1.40111 3.2159 3.11041 2.38691 2.3368 1.39854 1.30555 1.42013 1.27258 1.22405 1.4197 1.20955 1.90892 1.89379 1.16541
threshold=0.20605320543050182 0.26272134895893556 5.2550473933281774 5.7295499217261048 0.12881914306789252 0.3403570105847285 0.54977192760605376 0.05537522069647479 0.15572595897911198 500.25000000000006 10.416625500706008 0.21754092111923742 -0.29754298369186521 0.16385467810118898 -0.34220144979340755 0.15834782876056028 0.13873673128881892 1434.1120092605413 0.10011761078688514 0.10963848413429508 0.53416762129569439 9.895354568035442 3.6137932482242756 0.20138393460977436 2.583578916774226 3.5253058460028446 566.09214640642165 0.21366923581734837 0.086504082084598213 -0.1480405853583969
decision_type=2 2 10 10 10 10 2 8 10 8 2 2 10 2 8 8 10 10 2 10 10 2 10 2 10 10 8 10 10 8
left_child=8 2 3 6 11 -6 12 -3 -1 10 -10 -5 -2 15 -15 16 21 19 -19 -18 23 22 -14 29 25 -4 27 -9 -29 -16
right_child=1 7 24 4 5 -7 -8 26 9 -11 -12 -13 13 14 20 -17 17 18 -20 -21 -22 -23 -24 -25 -26 -27 -28 28 -30 -31
leaf_value=3.9244953241787892e-05 -0.00063221998196081794 7.4143664432751207e-05 -0.00023782338383679144 -1.7647338202715896e-06 -0.00044653007624375165 -0.0035189402425437437 -0.002168719013952239 0.0013568536026962355 -0.00012379797047054025 3.8861440666752674e-05 0.00057156409960431589 -0.001090640387026784 1.3230501109989806e-05 -0.0032050782559648406 0.0003238452505540421 0.00040303403874934637 0.00027172746074281622 -0.00014557647098106761 -0.0026548131175040414 -0.0010098729197321084 0.00091013983729610866 0.00029715413178816089 -0.0043320097354971861 0.00048795648429515541 0.00018892591502060909 0.0012312177258128533 0.0010901815105670285 -2.3251744073577788e-05 -0.001746028679223654 -9.1370170773903781e-05
leaf_weight=2559 169 3060 4805 656 57 40 47 134 68 130 42 84 2407 46 422 1939 129 42 48 131 363 3150 42 1044 445 113 1572 61 40 5820
leaf_count=2559 169 3060 4805 656 57 40 47 134 68 130 42 84 2407 46 422 1939 129 42 48 131 363 3150 42 1044 445 113 1572 61 40 5820
internal_value=0.000318041 0.000110098 -1.49989e-06 0.000147142 -0.00122792 -0.00621429 0.000220063 0.000614421 0.00231321 0.000124481 -0.00324324 -0.000566801 0.000236526 0.00026431 -1.36433e-05 0.000535429 0.000307059 -0.00247863 -0.00725275 -0.000804598 2.31374e-05 0.000481607 -3.79591e-05 -6.75174e-05 -0.000462528 -0.000598902 0.00130586 -0.000699152 -0.00379412 -0.000229697
internal_weight=29665 26866 21999 16636 837 97 15799 4867 2799 240 110 740 15752 15583 7695 7888 5949 350 90 260 7649 5599 2449 7286 5363 4918 1807 235 101 6242
internal_count=29665 26866 21999 16636 837 97 15799 4867 2799 240 110 740 15752 15583 7695 7888 5949 350 90 260 7649 5599 2449 7286 5363 4918 1807 235 101 6242
is_linear=0
shrinkage=0.03


Tree=149
num_leaves=31
num_cat=0
split_feature=20 2 9 11 12 2 2 17 16 0 8 10 17 3 14 16 2 15 3 9 10 10 9 3 15 8 14 12 0 14
split_gain=12.5586 1.62101 2.41099 3.59567 2.22144 1.49758 2.70417 2.38237 1.4195 1.33423 1.85337 1.51772 1.50321 1.39359 1.58723 2.48179 1.39269 1.25674 1.89128 1.24362 1.14506 2.58606 4.75245 1.26703 1.73075 4.01083 1.98252 2.59961 2.25387 3.22525
threshold=0.20605320543050182 5.8479582522806028 0.12881914306789252 10.303102246404025 0.14466611543379762 6.5599868542967146 6.5411149396925294 0.54780956537669967 0.50213493396333264 2.4092715261497113 5.2550473933281774 0.81318634299996251 2.6844859018881082 0.10653310688301258 0.14778185421371198 0.14557922667362577 5.3002532983673643 2.6735537653587347 0.16068577028092196 0.0056167550659594759 2.0372914601607222 2.2472078203475392 0.079301927706968187 0.14786603821660313 1.2424533248940004 46.597454493965103 0.25650469701685369 0.1563576893431389 1.3632850013552238 0.27887317046262522
decision_type=2 10 10 2 2 10 10 10 10 10 10 10 8 2 2 8 8 8 2 10 10 10 10 2 10 10 2 2 10 2
left_child=-1 8 5 -4 -5 6 7 -3 9 10 -2 13 16 14 15 -11 -12 18 -7 -15 23 22 -22 -18 25 -25 -26 -28 -29 -30
right_child=1 2 3 4 -6 17 -8 -9 -10 11 12 -13 -14 19 -16 -17 20 -19 -20 -21 21 -23 -24 24 26 -27 27 28 29 -31
leaf_value=3.8067604644534257e-05 6.0041724060150524e-05 0.00023325623786785781 -0.0038645724980477065 -0.00058179574456555935 0.00037831360213754498 -0.0006695190925369804 -0.0011219763884170227 -0.00074463789259374721 0.00043876093277074525 0.00028315783537854577 0.0011295551683326928 0.0012005318197710285 0.00094911613009437642 -0.00069713062319909716 -2.0871240941861651e-05 -0.0012698659988363875 -0.00037829542430081937 0.00022278497969382798 0.0010627249779973117 0.001478763911223495 -0.00027699925199849569 8.847053116794742e-05 -0.0022903689821186768 -0.0026051137127662415 0.00040531831027486027 0.0020829738665788058 0.00047449259496528247 -0.0022772861501042197 -0.001237285665550606 -3.8561280619351899e-05
leaf_weight=2750 16704 218 42 72 61 63 61 54 1654 55 99 1472 144 44 349 59 2562 583 68 213 163 238 79 45 1115 47 204 59 45 216
leaf_count=2750 16704 218 42 72 61 63 61 54 1654 55 99 1472 144 44 349 59 2562 583 68 213 163 238 79 45 1115 47 204 59 45 216
internal_value=0.000337994 0.000139759 -0.000927228 -0.00417614 -0.00172388 -0.000380725 -0.00203892 -0.000747253 0.000190793 0.000131979 6.07708e-05 0.000837209 -0.000444887 -0.000291262 -0.00127371 -0.00433043 -0.000534373 0.000394406 -0.00225 0.00147674 -0.000607666 -0.00199584 -0.00417284 -0.000452026 0.000174942 -0.00380645 0.00040061 -0.00112 -0.00280374 -0.0015916
internal_weight=29538 26788 1222 175 133 1047 333 272 25566 23912 21720 2192 5016 720 463 114 4872 714 131 257 4773 480 242 4293 1731 92 1639 524 320 261
internal_count=29538 26788 1222 175 133 1047 333 272 25566 23912 21720 2192 5016 720 463 114 4872 714 131 257 4773 480 242 4293 1731 92 1639 524 320 261
is_linear=0
shrinkage=0.03


Tree=150
num_leaves=31
num_cat=0
split_feature=20 12 9 15 16 14 4 13 12 4 8 4 11 14 9 0 11 8 4 1 1 16 12 20 15 0 0 6 14 14
split_gain=12.6037 1.53346 2.48984 1.44218 3.33323 1.34358 1.32668 1.28478 1.97534 1.77806 1.44168 1.45305 1.65254 2.41238 1.26899 3.28405 2.23713 1.15597 2.1147 1.92498 2.74845 3.06734 2.57492 1.43633 1.33211 1.20141 2.62559 2.22256 2.00725 2.86847
threshold=0.20605320543050182 0.12119757128160648 0.0055351307189542504 1.7005986908310777 0.35008667366020091 0.18174998340314583 6151.5519425694483 0.049463911496686781 0.1190600290259738 1440.7195322802004 1.0191906717928123 3005.105268157341 11.204965833006661 0.51730103890624657 0.16083504703489224 199.92105263157899 10.398960931231441 1.3239456645524859 781.84277854852417 0.17108013937282232 0.37284167398302609 0.10453981454715318 0.059240700446010493 1.0823222838339188 3.1567740231385479 1.3959264436517886 1.2224736213864604 -0.013862607662607612 0.33866708755457325 0.18455293740530895
decision_type=2 2 10 8 10 2 10 2 2 10 10 8 2 2 10 8 2 10 8 10 10 10 2 2 10 10 10 2 2 2
left_child=14 2 -2 4 5 -4 7 8 10 -10 -5 12 -12 -14 -1 16 -16 23 -19 25 21 22 -21 -9 -23 26 -20 -28 29 -29
right_child=1 -3 3 6 -6 -7 -8 17 9 -11 11 -13 13 -15 15 -17 -18 18 19 20 -22 24 -24 -25 -26 -27 27 28 -30 -31
leaf_value=3.6925576505198224e-05 0.00048946262679129418 0.00010901727724673726 -0.0051941303035755578 0.00037196041548969257 -0.0044174702679549756 9.6683146714548207e-05 -0.0021937207041106605 0.00024242500947121965 -0.00045289167378266212 -0.0021606973667131152 -0.00015293480221014873 0.00056297919436236465 -3.704139492898673e-05 -0.0009925905121603931 -0.00016422041335049302 3.6551488536821324e-05 0.00031539106985945637 0.00081934099569132529 0.00012221601912423312 -0.0018640054765122393 0.0018679920020000318 0.0004026506839874569 -0.0016546038230808144 -0.0011205896004782823 -0.00070525023835596023 0.00049811165214605512 0.00027606635643904234 -0.00030959602684222786 0.00052871656708297632 -0.0010298265894539364
leaf_weight=2577 664 15828 84 285 55 225 42 2886 56 40 3787 293 84 48 48 139 41 343 811 40 78 108 79 243 54 153 121 113 91 120
leaf_count=2577 664 15828 84 285 55 225 42 2886 56 40 3787 293 84 48 48 139 41 343 811 40 78 108 79 243 54 153 121 113 91 120
internal_value=0.000337814 0.000137027 -0.000136739 -0.000252246 -0.00210411 -0.000880645 -0.000183779 -0.000160769 -0.000526992 -0.00476289 -0.000435527 -0.000575362 -0.000727806 -0.00401504 0.00225053 0.000104804 -0.00436667 0.000160275 -0.000382102 -0.000800452 -0.00275833 -0.0041383 -0.007775 0.000526198 -0.00143558 -0.0003 -0.000606205 -0.00245516 -0.00374769 -0.00521795
internal_weight=29536 26731 10903 10239 364 309 9875 9833 4593 96 4497 4212 3919 132 2805 228 89 5240 2111 1768 359 281 119 3129 162 1409 1256 445 324 233
internal_count=29536 26731 10903 10239 364 309 9875 9833 4593 96 4497 4212 3919 132 2805 228 89 5240 2111 1768 359 281 119 3129 162 1409 1256 445 324 233
is_linear=0
shrinkage=0.03


Tree=151
num_leaves=31
num_cat=0
split_feature=20 9 0 7 12 15 9 4 17 14 6 17 15 15 7 9 8 4 6 17 1 8 1 8 9 4 17 14 6 12
split_gain=11.945 1.64571 3.44517 2.44828 1.47471 1.57271 1.6135 3.23916 2.06856 2.06936 1.51649 1.64984 1.3833 2.05286 3.20783 2.33828 1.90468 1.74389 1.48387 1.30451 1.50698 1.46161 2.46756 1.44039 1.2119 1.72166 2.51158 2.25387 2.12103 2.00714
threshold=0.20605320543050182 0.15572595897911198 500.25000000000006 0.1499962632267724 0.26272134895893556 4.2555875595453383 0.0025046752417442089 2008.1194342541346 0.40743292039396489 0.13069051613163477 -2.2242346252952223 0.094438980028720074 2.8617925509761908 2.6735537653587347 0.34355712775317698 0.01838252867596531 34.628428644031921 710.54295714303885 -0.62017780241357234 0.20508044523255842 0.18588039867109638 22.797201006882407 0.35319472616632863 188.65722488378449 0.15572595897911198 1688.2589073265658 0.42731729227906518 0.57282565962156495 1.4663247556806149 0.059240700446010493
decision_type=2 10 8 10 2 10 8 8 10 2 2 10 8 10 10 10 8 10 2 10 10 10 10 10 10 10 10 2 2 2
left_child=1 -1 3 -3 10 6 7 -6 -9 -10 11 -2 13 18 15 -15 -16 -17 -8 20 -12 -22 23 -23 -21 27 29 -26 -29 -27
right_child=4 2 -4 -5 5 -7 12 8 9 -11 19 -13 -14 14 16 17 -18 -19 -20 24 21 22 -24 -25 25 26 -28 28 -30 -31
leaf_value=3.5817809210042276e-05 -0.00019985567243791379 5.6709213048423828e-05 3.5457024651309425e-05 -0.00019604933244697986 0.00028007768871578671 -0.00042390372944207954 -0.0013505570067349466 -0.0001020232704740498 -0.0036577068653194976 -0.00094385112214692094 0.00017058735964221749 -0.0033154172043164715 0.00091158512265709739 -0.0006826154677353251 -0.001701568258168862 -0.00097443370169179627 -0.00046398521864028934 0.0012466238419689673 0.00069105074839552927 -7.8556345540296041e-05 -2.2225390272973784e-05 -0.001849247679413323 0.00281918891601542 -0.00036815071350360269 0.00087953866966357299 -0.0014490195657044572 0.00067706521166715475 0.00011562850050922281 -0.0011546341043806676 -0.00048712028506358343
leaf_weight=2534 56 52 143 58 327 51 43 138 58 53 7661 43 1595 66 57 50 57 298 2086 10266 2168 68 60 88 876 52 226 72 40 253
leaf_count=2534 56 52 143 58 327 51 43 138 58 53 7661 43 1595 66 57 50 57 298 2086 10266 2168 68 60 88 876 52 226 72 40 253
internal_value=0.000355285 0.00222418 -8.26771e-05 -0.00405405 0.000160916 0.000632582 0.000688341 -0.000800693 -0.003372 -0.00640179 5.59509e-05 -0.00363 0.000890195 0.000470655 -0.00120227 2.89158e-05 -0.00563478 0.00101433 0.000885916 7.28323e-05 0.00032401 -0.000334591 -0.00268203 -0.00466242 -0.000141269 0.000649342 -0.000727443 0.00138928 -0.00260177 -0.0025
internal_weight=29595 2787 253 110 26808 4879 4828 576 249 111 21929 99 4252 2657 528 414 114 348 2129 21830 10045 2384 216 156 11785 1519 531 988 112 305
internal_count=29595 2787 253 110 26808 4879 4828 576 249 111 21929 99 4252 2657 528 414 114 348 2129 21830 10045 2384 216 156 11785 1519 531 988 112 305
is_linear=0
shrinkage=0.03


Tree=152
num_leaves=31
num_cat=0
split_feature=20 19 10 9 7 7 10 3 3 5 9 4 16 16 16 19 9 4 15 0 13 20 4 7 9 4 8 4 4 7
split_gain=13.4379 1.33291 2.29187 3.72203 1.67037 4.63312 1.59745 1.57643 1.85116 1.60647 1.46985 1.86738 2.37519 1.37297 1.58014 1.80982 2.22509 3.88457 1.45442 1.44553 2.48219 1.67926 1.34272 1.96039 4.01469 2.71238 3.94312 1.87859 2.40785 2.2649
threshold=0.20605320543050182 10.500000000000002 1.9324590901462153 0.12633453330293751 0.24692719844595071 0.22736567675670441 1.6731508943601374 0.11289228751996115 0.091824346128871401 0.3621010638297873 0.054235805098685426 6618.5212644870699 0.13250767453842247 0.066522166429123369 0.1310671159324274 6.5000000000000009 0.071432053784994967 1607.5526600137653 2.740319461670996 1.2684892904662255 0.011703958488188884 0.85701550546074079 2501.7930689053878 0.34355712775317698 0.031872332606303906 511.22615663951512 2.5136582494752608 1688.2589073265658 698.26582792535316 0.39046757533540971
decision_type=2 2 10 10 10 10 8 2 2 8 10 8 10 10 10 2 8 10 8 10 2 2 10 10 10 10 10 10 10 10
left_child=-1 7 6 4 5 -4 -3 8 9 -2 -11 -12 -13 18 15 -15 -17 -18 -10 20 -16 -22 23 -9 -25 -26 -27 28 -28 -29
right_child=1 2 3 -5 -6 -7 -8 22 13 10 11 12 -14 14 19 16 17 -19 -20 -21 21 -23 -24 24 25 26 27 29 -30 -31
leaf_value=3.4743274933741005e-05 -0.0014674345845992873 -9.8765985969110807e-05 -3.5517562764063512e-05 -0.0048560991631823825 0.0010044252791444857 -0.0029361316039083585 0.00096030300153679318 8.9760113034395897e-05 -0.00062169674109927638 -8.3610147041072942e-05 0.00044469345389721199 0.00056413192999092362 -0.0032981121308236403 -0.00018761356690674881 -0.0017136863280723231 -0.002368319973677542 0.0014865169031628332 -0.0018269483400735619 0.00023569184467338403 -6.5828044785779664e-06 -0.00072343930687211982 0.00058730258874635814 0.00034926891083571741 0.00043425658822082437 0.00043016969929446857 -0.0045798749273500651 -0.0013834945656711955 -0.00082556717170303919 -8.0232459867401416e-05 -0.0024154050541458859
leaf_weight=2735 68 3876 96 45 123 41 466 12498 182 2428 1999 40 40 233 71 65 59 50 439 610 86 99 1974 609 131 71 65 62 303 41
leaf_count=2735 68 3876 96 45 123 41 466 12498 182 2428 1999 40 40 233 71 65 59 50 439 610 86 99 1974 609 131 71 65 62 303 41
internal_value=0.00028322 7.92677e-05 -0.000382745 -0.00289216 -0.00149425 -0.00376087 -0.000205848 0.000175891 -0.000218392 0.000108173 0.000177684 0.000762981 -0.0037037 -0.00100686 -0.00157064 -0.00311029 -0.00541714 -0.00275455 0.000149518 -0.000844291 -0.00273152 -0.000887097 0.000337798 0.00023293 -0.000883866 -0.00247923 -0.00341436 -0.0024089 -0.00139837 -0.00597115
internal_weight=29605 26870 4647 305 260 137 4342 22223 6469 4575 4507 2079 80 1894 1273 407 174 109 621 866 256 185 15754 13780 1282 673 542 471 368 103
internal_count=29605 26870 4647 305 260 137 4342 22223 6469 4575 4507 2079 80 1894 1273 407 174 109 621 866 256 185 15754 13780 1282 673 542 471 368 103
is_linear=0
shrinkage=0.03


Tree=153
num_leaves=31
num_cat=0
split_feature=20 9 0 7 13 0 6 16 4 8 8 11 7 7 9 9 15 13 9 6 10 7 15 11 4 11 4 9 9 4
split_gain=12.3485 1.30131 3.26783 3.48494 1.15128 1.29522 1.27828 1.30453 2.14557 1.77053 1.43822 2.77713 1.24713 2.19845 3.70371 2.08737 1.80885 1.45619 2.31234 1.79312 1.44319 1.41153 2.46266 2.67825 3.33925 2.0924 3.81301 2.76091 2.3061 2.63629
threshold=0.20605320543050182 0.16083504703489224 199.92105263157899 0.1499962632267724 0.049463911496686781 2.6049838734176016 -2.2242346252952223 0.54780898189259009 1922.2630087767573 53.124934602863654 56.026919910946361 7.9396934185121451 0.044996701473583034 0.11229649353134108 0.10899646636314701 0.22210056573571405 3.9019216517693867 0.0072938339743271107 0.10118547794852328 1.674961311337394 -0.1480405853583969 0.34355712775317698 2.524928003624769 10.361149713060934 1508.0732099836109 9.2558394109061286 496.11124446763648 0.01838252867596531 0.068347677317233457 870.66740077131522
decision_type=2 10 8 10 2 10 2 10 10 10 10 2 8 10 8 10 10 2 8 2 10 10 8 2 10 2 8 10 10 10
left_child=1 -1 3 -3 6 -6 -2 9 10 12 -9 -12 16 15 21 17 -8 18 -14 -20 -19 25 -23 24 -24 28 -27 -28 -15 -30
right_child=4 2 -4 -5 5 -7 7 8 -10 -11 11 -13 13 14 -16 -17 -18 20 19 -21 -22 22 23 -25 -26 26 27 -29 29 -31
leaf_value=3.3700976685728779e-05 -0.0031947490211387186 9.4422947438822937e-05 3.3351015663757915e-05 -0.00014954883031219348 0.00011133841922605667 0.0019923887247871646 0.00026511058673053415 0.0011052408371505619 -0.0013360443844749777 0.00056734204415605368 -0.0033829193037077771 0.0011427055691270208 0.0011214407588947708 -3.4849858469307934e-05 0.00042984969384160868 0.00031976446730432783 -0.00031165337753454183 9.3298905110831634e-05 -0.00013089738692872635 -0.00067448501676565826 -0.00056107331523268667 9.4562511827265541e-07 -0.00070321487282902809 0.0003011337218485398 -0.0021947431785889378 -0.0014544149802015278 -0.00034663805999700988 0.00022178304762185655 -0.00036786071361330172 -0.001444403025860404
leaf_weight=2526 55 47 143 49 9776 268 907 796 104 1166 41 66 184 1338 1705 377 64 180 275 72 1417 654 303 151 81 43 1545 4327 661 258
leaf_count=2526 55 47 143 49 9776 268 907 796 104 1166 41 66 184 1338 1705 377 64 180 275 72 1417 654 303 151 81 43 1545 4327 661 258
internal_value=0.000320386 0.00222885 0.0001125 -0.00414433 0.000123513 0.000377501 -2.86207e-05 -1.346e-05 0.00103274 -8.05906e-05 0.00150332 -0.00175 -0.000170804 -0.000245137 -6.34317e-05 -0.00104749 0.000867284 -0.00141193 -5.07518e-05 -0.00149138 -0.00186421 -0.000297693 -0.00126303 -0.00277052 -0.0040987 -0.000157103 0.000139452 0.000205347 -0.000934012 -0.00209022
internal_weight=29579 2765 239 96 26814 10044 16770 16715 1007 15708 903 107 14542 13571 11066 2505 971 2128 531 347 1597 9361 1189 535 384 8172 5915 5872 2257 919
internal_count=29579 2765 239 96 26814 10044 16770 16715 1007 15708 903 107 14542 13571 11066 2505 971 2128 531 347 1597 9361 1189 535 384 8172 5915 5872 2257 919
is_linear=0
shrinkage=0.03


Tree=154
num_leaves=31
num_cat=0
split_feature=17 12 15 15 6 13 15 7 14 4 13 1 1 15 13 4 12 15 11 4 14 7 15 1 11 17 13 13 4 14
split_gain=10.581 2.14203 2.10978 1.76303 1.34881 1.64785 1.27032 1.98212 2.45966 2.25967 1.22334 1.99704 2.71622 2.30775 1.77706 1.45274 1.42895 2.2398 3.1993 2.20006 2.41548 2.0782 2.54981 2.46639 3.23221 1.96179 1.85254 1.83313 2.14259 2.00089
threshold=2.6844859018881082 0.2825268845644287 4.1510089048756029 2.8617925509761908 -2.2242346252952223 0.088278338732330777 2.6735537653587347 0.282822317586441 0.46922117293072813 1278.9482163724329 0.19684568227386354 0.18146027201145312 0.36867654573326525 2.8617925509761908 0.067539671971076506 1235.5270134569062 0.078010605713496176 2.740319461670996 9.6116301036319403 2822.8966996081122 0.37712706838895749 0.15557299315193249 2.0126758453675748 0.047847985347985407 9.6798126095698418 0.93640087168855313 0.13633287937209046 0.15097134249492397 1058.6064747210626 0.18823516645787045
decision_type=8 2 10 10 2 2 10 10 2 10 2 10 10 10 2 10 2 8 2 10 2 10 8 8 2 10 2 2 10 2
left_child=1 4 3 6 5 -1 -3 -8 9 -9 14 15 13 -13 -6 -12 17 18 25 20 26 -18 -23 24 -24 -16 -20 28 -26 -30
right_child=-2 2 -4 -5 10 -7 7 8 -10 -11 11 12 -14 -15 16 -17 21 -19 19 -21 -22 22 23 -25 27 -27 -28 -29 29 -31
leaf_value=-0.0027009948690167917 3.2689947385156915e-05 0.00016704657528735119 -0.00056907980358697485 0.00076492462332001198 -1.4298019799971303e-05 0.00018702501092074541 0.00048021452394026034 -0.00078517051990735184 -0.0012284403639591559 0.00028901777857063838 -0.0019391215852312639 -0.0019986269277147508 0.0016511703901887702 -0.00077183572823987748 0.00025572125669675585 0.00019670427568256038 0.00045391714013887362 0.00018797326426835223 -0.0018127105295672762 1.4436617156326695e-05 -0.00048139235916080627 -0.00087716803185539701 0.0010446355658546463 0.00065590853486719044 -0.0013979099338607595 -0.002746846010670398 -0.00095050010960485813 0.002113303975856331 -6.9919418690505205e-05 -0.0013443485187866508
leaf_weight=69 2713 2610 56 1176 14868 41 216 77 62 87 79 46 42 65 431 307 3425 1734 79 73 85 72 181 541 40 48 47 52 222 185
leaf_count=69 2713 2610 56 1176 14868 41 216 77 62 87 79 46 42 65 431 307 3425 1734 79 73 85 72 181 541 40 48 47 52 222 185
internal_value=0.00035106 0.00017167 0.000786931 0.000864034 5.56901e-05 -0.00324324 0.000483459 -0.00100226 -0.00296035 -0.00101818 7.18739e-05 -0.00133889 -0.00422727 -0.00666964 0.000106367 -0.000186046 0.000492655 -8.767e-05 -0.0014411 -0.00395789 -0.00550472 0.000799746 -0.000224884 0.000100655 -0.00110132 5.62501e-05 -0.00812598 -0.002346 -0.00296652 -0.00230147
internal_weight=29729 27016 4284 4228 22732 110 3052 442 226 164 22622 539 153 111 22083 386 7215 2497 763 284 211 4718 1293 1221 680 479 126 499 447 407
internal_count=29729 27016 4284 4228 22732 110 3052 442 226 164 22622 539 153 111 22083 386 7215 2497 763 284 211 4718 1293 1221 680 479 126 499 447 407
is_linear=0
shrinkage=0.03


Tree=155
num_leaves=31
num_cat=0
split_feature=20 6 12 17 8 7 4 14 11 16 11 4 0 8 11 4 8 11 11 16 14 14 14 4 12 5 12 1 3 4
split_gain=11.6322 1.90849 1.55874 1.45162 1.34021 4.11644 1.59803 1.31244 1.28829 2.25571 2.18995 1.74281 2.42543 2.41299 2.57921 2.19591 2.12296 2.06663 2.05323 2.32537 1.54241 1.43016 1.38022 1.51689 1.75557 2.66036 1.32216 1.25335 1.71131 2.92931
threshold=0.20605320543050182 3.1847635729821149 0.10139759561597296 1.9823507676023684 1.163084002617351 0.064268927664414291 1758.4490821629131 0.13739603685840249 11.112395637900898 0.075768952491135064 10.788648748734458 1607.5526600137653 1.2316870462916547 1.4071288600480605 9.5514447183964624 1894.0408044814292 13.592242899052239 9.9462835947546075 10.645960468036765 0.20307983023484502 0.55145139045956859 1.0000000180025095e-35 0.60019321080588428 1823.2135680655115 0.035759141183245198 0.93554496578690138 0.075478801335557413 0.059262510974539058 0.20668331090942149 237.70114823402255
decision_type=2 2 2 8 10 10 10 2 2 10 2 10 10 10 2 10 10 2 2 10 2 2 2 10 2 8 2 10 2 8
left_child=3 2 8 7 -4 6 -6 -1 10 -10 11 12 18 -14 -15 16 26 -16 21 20 -20 -2 23 -11 -25 -26 -13 28 29 -7
right_child=1 -3 4 -5 5 27 -8 -9 9 22 -12 15 13 14 17 -17 -18 -19 19 -21 -22 -23 -24 24 25 -27 -28 -29 -30 -31
leaf_value=-6.4965454312412813e-06 -0.0031995107064184962 0.00042155448743262642 0.00040411375592021526 3.1709248963602207e-05 -0.0027783243068033735 -0.00252778235077717 -7.848528548444097e-05 0.00028965652990026685 0.00013037365062461021 -9.8386115568144616e-05 0.00036382240833828037 -0.00065542878554504503 0.00023396491753377395 -0.00026601662620521105 -0.0020362165642454268 -0.00012549619804789398 -0.0026037488910406661 -0.00088670542688979457 0.00043992908969413621 -0.0012511502737092997 -0.0022796389457309745 3.6762073702328777e-05 0.00057132131045546295 -0.00010074576750598307 -7.5413398470709558e-05 -0.0016155402398970232 8.4242266233700136e-05 0.00021201082196124904 0.00019001677144818581 -5.1336514324838386e-05
leaf_weight=266 43 1774 1600 1936 41 47 40 590 234 134 796 241 93 66 51 1012 50 61 68 40 41 5490 54 43 42 86 128 5311 3129 6180
leaf_count=266 43 1774 1600 1936 41 47 40 590 234 134 796 241 93 66 51 1012 50 61 68 40 41 5490 54 43 42 86 128 5311 3129 6180
internal_value=0.000329123 0.000137753 7.05757e-05 0.00217186 0.000243685 0.00015418 -0.00654878 0.00114119 -0.000251994 -0.00160101 -0.000154015 -0.000315233 -8.91836e-05 -0.00285662 -0.00489385 -0.00125489 -0.00307857 -0.00764602 4.32871e-05 -0.00342 -0.00111818 0.000137152 -0.00309167 -0.00387255 -0.00573837 -0.00748837 -0.00227838 0.000191642 -1.73131e-05 -0.000304913
internal_weight=29687 26895 25121 2792 16348 14748 81 856 8773 593 8180 7384 5953 271 178 1431 419 112 5682 149 109 5533 359 305 171 128 369 14667 9356 6227
internal_count=29687 26895 25121 2792 16348 14748 81 856 8773 593 8180 7384 5953 271 178 1431 419 112 5682 149 109 5533 359 305 171 128 369 14667 9356 6227
is_linear=0
shrinkage=0.03


Tree=156
num_leaves=31
num_cat=0
split_feature=17 0 16 4 20 14 13 4 5 3 14 20 16 16 8 8 7 10 16 4 0 14 15 8 13 3 8 6 14 4
split_gain=11.2222 1.47898 1.80094 2.2091 1.32452 1.99026 2.65604 4.5528 2.21698 2.26783 2.98797 1.70735 3.25825 4.55676 1.11149 1.7255 1.7957 2.16311 2.18833 3.80765 3.41103 2.23261 1.6369 1.88999 1.48513 1.67104 1.72546 1.47227 1.45155 2.48202
threshold=2.8804340341922567 4.8546916616174451 0.1658132072331937 954.6604134122515 0.37644082686474351 0.14977650506690496 0.0098583859459051761 237.70114823402255 0.65997591328783634 0.35262662762679742 0.4481291563988391 0.20605320543050182 0.1310671159324274 0.2209972785889299 5.2550473933281774 2.6226158252644436 0.33048240713915472 2.2472078203475392 0.31912430209104464 1316.6569646311116 1.5311285268305916 0.051081968121981729 1.4978661367769956 27.642146678326984 0.19280385077913953 0.10477913493765122 1.2236895635236984 -2.2242346252952223 0.13934825344610632 263.5512579623433
decision_type=8 8 8 8 2 2 2 10 10 2 2 2 8 8 10 8 10 10 10 8 10 2 8 10 2 2 10 2 2 10
left_child=4 2 3 -2 5 6 7 -1 9 -7 -11 -9 -13 -14 15 16 24 18 19 20 -18 -21 23 -16 27 -26 -27 -6 29 -24
right_child=1 -3 -4 -5 14 8 -8 11 -10 10 -12 12 13 -15 22 -17 17 -19 -20 21 -22 -23 28 -25 25 26 -28 -29 -30 -31
leaf_value=-0.0024112300161861643 -0.0047951460685613182 3.0757971494694143e-05 0.0014214160127150907 0.0012139449883203249 -0.0027310412545362159 0.00089981907358749628 0.00059002312695156001 0.00046136906396094564 -0.00028564106046118315 0.0024407702825310009 -0.0010456250919999247 0.0012513267282781987 -0.0015607964886639463 -0.00050084846745928051 -0.0024184409657438647 0.00064701306859702226 -0.0024768375920291765 0.0006478887805439409 0.0014035298674391695 -0.0012245931722604049 -0.0053320983015490084 0.0001067785484460129 -0.0008244114786176679 -0.00088500373951105231 0.00056490765951235132 -0.00023515120212909115 -0.0024294292231963012 4.6390567927729802e-05 -0.00012423083375815732 0.00066710689487019996
leaf_weight=78 40 1795 721 44 65 1671 229 178 75 64 47 81 48 105 66 1214 40 127 77 50 46 126 116 249 57 44 61 16588 4421 1094
leaf_count=78 40 1795 721 44 65 1671 229 178 75 64 47 81 48 105 66 1214 40 127 77 50 46 126 116 249 57 44 61 16588 4421 1094
internal_value=0.000286346 0.0021684 0.00109801 -0.00303529 0.000105152 0.000752037 -0.0005875 -0.00183299 0.00127072 0.00148402 -0.00265179 -0.000566586 -0.00224681 -0.00481169 3.69447e-05 0.000151655 7.48178e-05 -0.00176017 -0.00300882 -0.00431179 -0.00944828 -0.00176271 -0.000319825 -0.00242089 0.000125773 -0.00272393 -0.00495283 0.000153657 -0.000201882 0.000718415
internal_weight=29617 2600 805 84 27017 2576 719 490 1857 1782 111 412 234 153 24441 18495 17281 466 339 262 86 176 5946 315 16815 162 105 16653 5631 1210
internal_count=29617 2600 805 84 27017 2576 719 490 1857 1782 111 412 234 153 24441 18495 17281 466 339 262 86 176 5946 315 16815 162 105 16653 5631 1210
is_linear=0
shrinkage=0.03


Tree=157
num_leaves=31
num_cat=0
split_feature=20 20 4 9 0 2 10 8 2 3 15 5 4 19 4 14 9 4 17 6 9 14 1 0 3 6 4 3 15 3
split_gain=10.8406 1.50068 1.79495 1.49341 2.29938 3.66637 1.11031 1.10223 1.26293 1.15043 1.63189 1.75837 1.7394 1.3665 2.23933 1.67937 1.35525 2.25741 1.54711 1.34402 1.82878 1.31683 1.50252 1.59729 4.94148 1.89189 2.33864 1.26816 1.2653 1.09459
threshold=0.20605320543050182 0.49582537804409582 237.70114823402255 0.15572595897911198 46.498798076923087 6.3426532660478641 0.59824705441230475 5.2550473933281774 5.8479582522806028 0.14144428726846689 2.4414009612931857 0.83697199810156631 2501.7930689053878 8.5000000000000018 900.4348879041687 0.1922012759529079 0.0055351307189542504 263.5512579623433 0.50313478076187446 1.019032497079112 0.19470767589028351 0.6051968757028342 0.017095265926358853 1.4102633841396104 0.091824346128871401 -0.10771635758440314 1457.8257225913492 0.017787848872588736 2.8617925509761908 0.14786603821660313
decision_type=2 2 8 10 10 10 10 10 8 2 8 10 10 2 10 2 10 10 8 2 10 2 10 10 2 2 8 2 10 2
left_child=3 2 -2 -1 -5 -6 29 -3 -9 10 13 12 19 27 -15 -16 -11 18 -18 20 21 22 23 28 25 -25 -27 -10 -12 -4
right_child=1 7 6 4 5 -7 -8 8 9 16 11 -13 -14 14 15 -17 17 -19 -20 -21 -22 -23 -24 24 -26 26 -28 -29 -30 -31
leaf_value=2.9835232349853321e-05 -0.0021963882325271114 4.9848518834961533e-05 -0.00027127836143792957 3.7317133436650057e-05 -0.00012622365299993159 2.7276612750834841e-05 0.00058496619529991125 0.0012000733212198542 -0.0018813213498968717 0.0012218867605860956 0.00073629653484530867 -0.00076385765566146528 0.00091589782991453829 -0.0036169579054516326 0.0028159947870359525 -0.00052831256404679166 -0.0025863544868667573 2.2235575970882018e-05 0.00069371401884271169 0.00024015006452673873 -0.0012330765920079937 0.00088943772399849568 -4.3394688864008951e-05 0.00016167051980211277 -0.0033087169905025864 0.0011680810572918582 -0.0023551690943923822 -0.00011100547961614687 -0.0027811633570574892 0.00088618685198982056
leaf_weight=2526 73 17708 640 148 47 61 3171 119 56 221 101 45 292 62 41 70 82 2079 40 504 70 121 490 73 40 40 43 391 77 209
leaf_count=2526 73 17708 640 148 47 61 3171 119 56 221 101 45 292 62 41 70 82 2079 40 504 70 121 490 73 40 40 43 391 77 209
internal_value=0.000354239 0.000169552 0.000698339 0.00213654 -4.66925e-05 -0.0033578 0.000783387 7.44532e-05 -0.000316133 -0.000389957 -0.000839094 -0.000401687 -0.000257559 -0.00217391 -0.00443103 -0.00184821 7.67645e-05 -0.000148501 -0.00409756 -0.000655769 -0.0012642 -0.000927992 -0.00133873 -0.002768 -0.00462944 -0.00217834 -0.00525 -0.00129241 -0.00070391 -0.00018
internal_weight=29640 26858 4093 2782 256 108 4020 22765 5057 4938 2516 1896 1851 620 173 111 2422 2201 122 1559 1055 985 864 374 196 156 83 447 178 849
internal_count=29640 26858 4093 2782 256 108 4020 22765 5057 4938 2516 1896 1851 620 173 111 2422 2201 122 1559 1055 985 864 374 196 156 83 447 178 849
is_linear=0
shrinkage=0.03


Tree=158
num_leaves=31
num_cat=0
split_feature=20 12 17 6 4 10 17 15 15 4 13 12 15 11 11 6 11 11 7 17 7 17 7 15 11 4 11 6 14 7
split_gain=11.0168 1.45636 1.38896 1.35741 2.38051 1.24838 1.67326 1.20109 1.40577 1.1598 1.07094 1.5408 1.78968 3.31529 4.04976 2.33922 1.91765 2.21885 2.74424 1.72578 1.34648 4.92747 1.65142 2.63746 5.16783 1.52173 1.72303 1.51093 1.29863 2.54423
threshold=0.20605320543050182 0.2771720572600867 2.8804340341922567 -1.8372099790356391 900.4348879041687 -0.1480405853583969 -0.34220144979340755 4.1510089048756029 3.0677824455408698 263.5512579623433 0.070280331315618796 0.08036186035887917 2.8029010331479989 9.6116301036319403 10.436216536581403 0.67279978305761701 10.645960468036765 10.750706838178237 0.096230538343686042 0.93640087168855313 0.049126966589761963 0.54000032475817306 0.15739529108397105 3.4175922930736511 10.774634464022109 2748.7378177966707 10.233150946581512 0.61780951470119405 0.38758999002680905 0.32600246255126958
decision_type=2 2 8 2 10 8 10 10 10 8 2 2 8 2 2 2 2 2 10 10 8 10 10 8 2 10 2 2 2 8
left_child=2 3 9 4 -2 6 -5 8 -3 -1 28 12 13 19 15 -15 -14 18 -18 -12 21 -13 -22 25 27 -24 -27 -25 -7 -30
right_child=1 7 -4 5 -6 10 -8 -9 -10 -11 11 20 16 14 -16 -17 17 -19 -20 -21 22 -23 23 24 -26 26 -28 -29 29 -31
leaf_value=-0.00098834596547116185 -0.0032087772792993266 0.00019982026297116627 2.8940175379357722e-05 -0.003810536921395559 0.00042988577980505573 -8.893247998723966e-05 0.00034425070804883424 -0.00046693695387941289 0.0010655286645120169 0.00016474775529741638 0.00028347097613349562 9.3975651589172342e-05 0.00045778616653810293 -0.0015156079451763627 0.0003302585090724218 -0.00084789566228355426 -0.00016259995671130019 -1.3540202242018958e-05 -0.0031587703908493971 -0.0029119773659078271 0.00050985624729157789 -0.0052100153701780472 0.00053251613831504347 -0.0041345702238882011 0.00011685936647282789 -0.00060220027133690271 1.3483662985317888e-05 -0.001736486931302745 0.00011397330178073562 -0.00082498137082038343
leaf_weight=47 84 3415 1781 42 123 9798 1073 59 793 943 458 191 1033 173 85 117 66 568 40 53 3078 40 618 40 148 40 107 67 4230 310
leaf_count=47 84 3415 1781 42 123 9798 1073 59 793 943 458 191 1033 173 85 117 66 568 40 53 3078 40 618 40 148 40 107 67 4230 310
internal_value=0.000343338 0.00015743 0.00214394 6.13737e-05 -0.00235096 8.37952e-05 0.00106183 0.000665651 0.000725588 0.00124117 3.24539e-05 0.000338871 -0.000239398 -0.00133258 -0.00347074 -0.00515464 0.000328454 -0.000915555 -0.0048785 0.000240234 0.000685219 -0.00153879 0.00081093 -0.000235064 -0.00287109 0.000646214 -0.00208784 -0.00786111 -0.000115489 0.000303898
internal_weight=29620 26849 2771 22582 207 22375 1115 4267 4208 990 21260 6922 2593 886 375 290 1707 674 106 511 4329 231 4098 1020 255 765 147 107 14338 4540
internal_count=29620 26849 2771 22582 207 22375 1115 4267 4208 990 21260 6922 2593 886 375 290 1707 674 106 511 4329 231 4098 1020 255 765 147 107 14338 4540
is_linear=0
shrinkage=0.03


Tree=159
num_leaves=31
num_cat=0
split_feature=20 13 12 4 14 4 3 14 15 4 8 4 7 16 14 14 15 0 8 14 15 1 15 1 4 14 15 16 13 14
split_gain=10.1682 1.20886 1.72807 2.50991 1.94362 2.80747 3.05301 1.88082 1.82823 2.13502 3.62332 1.65955 3.28134 1.92369 1.58162 2.69387 1.94171 2.99847 5.81831 1.86298 1.87308 5.19377 6.56777 1.84844 1.77596 3.0972 2.77591 2.28667 2.19952 1.98828
threshold=0.21956766861367993 0.049463911496686781 0.16485186423777523 677.98693717565777 0.075292873884918579 1016.2709922157761 0.19642907849966337 0.03226662648250448 3.0201273556387074 511.22615663951512 5.55527495730166 978.12793074335161 0.18390461862491325 0.10963848413429508 0.64617256261511691 0.53973719065453551 2.740319461670996 1.3213356815219448 1.262605296313783 0.38758999002680905 3.2384861814448418 0.093883547008547022 3.4498615536424366 0.048930121203052575 1990.0262514469575 0.1672134927545563 3.0677824455408698 0.051435274035570792 0.0037394392697080651 0.15623046274527189
decision_type=2 2 2 10 2 10 2 2 10 10 10 10 10 10 2 2 10 10 10 2 10 10 10 10 10 2 10 10 2 2
left_child=-1 2 3 -2 7 11 14 -5 -4 10 -10 -6 13 -13 15 19 -17 18 -18 20 23 -22 -23 24 25 -7 27 -27 -29 -26
right_child=1 -3 8 4 5 6 -8 -9 9 -11 -12 12 -14 -15 -16 16 17 -19 -20 -21 21 22 -24 -25 29 26 -28 28 -30 -31
leaf_value=2.8071970117976988e-05 0.00018959910427705461 0.0001351464289208477 1.4969554601983247e-05 -0.00015642166274903467 -0.00059937080900135896 0.00078865537661657568 0.00017331466430826054 0.00025460446657590613 -0.0016759799318911313 0.00053199925602856392 0.000977514009401417 -0.00049232570478918854 0.00048136607288264209 -0.0017785397716886988 0.0019022786989211285 -0.0003277851538880473 -0.00029411079677797594 -3.9547352517685567e-05 -0.0025614758303856271 0.00015753266192564846 -0.00010633283968679545 -0.0020514692238311392 -0.00047094347214825596 0.00010980859612735827 -0.0013564122169200253 -0.0049174268298313329 -0.00055963409673693231 -0.00088251952207141411 -0.0013608684626789358 0.00060378106694355732
leaf_weight=2876 2001 10017 6689 568 940 76 962 870 41 2304 45 41 40 41 107 146 45 51 50 441 191 40 62 468 57 41 82 62 54 173
leaf_count=2876 2001 10017 6689 568 940 76 962 870 41 2304 45 41 40 41 107 146 45 51 50 441 191 40 62 468 57 41 82 62 54 173
internal_value=0.000376344 0.000193777 3.739e-05 -0.000296058 -0.000621501 -0.000949412 -0.000494049 0.000329396 0.00031685 0.00102886 -0.00358621 -0.00228034 -0.00556098 -0.00896386 -0.00112343 -0.00131029 -0.0039727 -0.00640816 -0.00953125 -0.000863272 -0.00143229 -0.00354082 -0.00897087 -0.000819526 -0.00200549 -0.00346519 -0.0051375 -0.00746203 -0.00523077 1.11275e-10
internal_weight=29581 26705 16688 7609 5608 4170 3108 1438 9079 2390 86 1062 122 82 2146 2039 292 146 95 1747 1306 293 102 1013 545 315 239 157 116 230
internal_count=29581 26705 16688 7609 5608 4170 3108 1438 9079 2390 86 1062 122 82 2146 2039 292 146 95 1747 1306 293 102 1013 545 315 239 157 116 230
is_linear=0
shrinkage=0.03


Tree=160
num_leaves=31
num_cat=0
split_feature=20 6 9 20 1 17 20 7 2 14 2 2 4 14 16 17 1 9 7 3 16 4 16 9 15 4 9 14 9 4
split_gain=10.8111 1.64802 1.3339 2.43499 3.21128 1.19743 1.65429 1.16167 1.13477 1.29681 1.3671 1.70307 2.46632 2.45206 1.25362 1.4424 1.88512 1.55483 1.51459 1.73977 1.71602 2.01254 1.70738 2.24982 1.83503 1.5854 1.36219 1.63764 2.0458 1.64869
threshold=0.20605320543050182 2.3903058497460674 0.15572595897911198 0.0020092937722238544 0.047516420361247987 0.14039748081560569 0.15756482009845804 0.81774058962830531 5.8479582522806028 0.1340966933886982 6.5599868542967146 6.5432356033370338 2123.5580691434216 0.27887317046262522 0.52280323611076884 0.20508044523255842 0.21030517470145957 0.038477211628976667 0.10022438108738051 0.075141273501666953 -1.0000000180025095e-35 1346.5976712212489 0.12977669337639122 0.24819894757536004 3.1567740231385479 1113.7789922001655 0.16083504703489224 0.029850602482496151 0.22043901052556461 1688.2589073265658
decision_type=2 2 10 2 10 8 2 10 10 2 10 10 8 2 10 10 10 10 10 2 10 10 8 10 10 8 8 2 10 8
left_child=2 7 5 -4 -5 6 -1 8 14 -10 11 12 13 -11 15 16 -2 -18 20 -20 21 -19 23 -21 25 -24 -17 28 -28 -29
right_child=1 -3 3 4 -6 -7 -8 -9 9 10 -12 -13 -14 -15 -16 26 17 18 19 22 -22 -23 24 -25 -26 -27 27 29 -30 -31
leaf_value=0.00019318751800559045 0.00015892730421457002 0.00031760765829507988 2.666589179052204e-05 -0.00011566282532265037 0.00057930306112373149 2.7229811014437678e-05 -0.0014497327119092534 -0.0022513815009092895 0.0020321225974082517 -0.0013578829225885532 -4.8140487237348778e-05 -0.00098694994618681248 1.998349361536594e-05 -0.00014263182159720124 0.00043905959666298394 -9.8560229982373076e-05 -0.0013459516343358176 -0.0015680312034512033 0.00081332109152285504 -2.0883808608727888e-05 0.00027904627658370426 0.00022229560819348249 -0.0011725353135027356 -0.00072186251092571589 -0.0016496991924647819 0.00052376216300423011 9.1279198100295626e-05 0.00092826861289580886 -0.0014149762303379278 -0.00011687324842413902
leaf_weight=222 7991 3342 135 45 54 2257 60 58 71 60 608 53 177 62 1265 9836 67 77 103 494 872 75 70 76 71 94 41 745 44 523
leaf_count=222 7991 3342 135 45 54 2257 60 58 71 60 608 53 177 62 1265 9836 67 77 103 494 872 75 70 76 71 94 41 745 44 523
internal_value=0.000307397 0.000123344 0.00209048 -7.65956e-05 -0.00363 0.00229016 0.00044523 3.48008e-05 4.53656e-05 -0.000927325 -0.00121748 -0.00270255 -0.00181 -0.00507317 9.0087e-05 3.52692e-05 0.000297268 -0.0005265 -0.000369374 -0.00126073 0.000421464 -0.0025098 -0.00173077 -0.00084063 -0.00387712 -0.00210909 -0.000198659 0.000693501 -0.00331395 0.000964539
internal_weight=29648 26875 2773 234 99 2539 282 23533 23475 1031 960 352 299 122 22444 21179 9990 1999 1932 908 1024 152 805 570 235 164 11189 1353 85 1268
internal_count=29648 26875 2773 234 99 2539 282 23533 23475 1031 960 352 299 122 22444 21179 9990 1999 1932 908 1024 152 805 570 235 164 11189 1353 85 1268
is_linear=0
shrinkage=0.03


Tree=161
num_leaves=31
num_cat=0
split_feature=20 12 9 9 13 10 15 15 9 4 6 7 9 16 20 5 7 11 12 9 7 15 4 8 0 12 12 15 15 0
split_gain=9.82219 1.36548 1.87353 2.2964 5.05454 2.97083 2.28237 1.8729 1.86291 1.73471 3.46017 1.44288 1.40357 1.96672 1.96072 2.12312 1.86575 1.62743 1.4962 2.40605 2.66643 3.84237 2.26824 1.46184 1.36437 1.81078 1.95541 1.81509 1.32589 1.1623
threshold=0.20605320543050182 0.078010605713496176 0.15572595897911198 0.13493982625662096 0.019197093857342116 1.0601140372807925 2.8617925509761908 3.0201273556387074 0.0065764796462273482 123.28416653708453 -0.079801338304305983 0.10506201854575491 0.031014970637555633 -0.16927199525517891 0.6377483581836686 0.50268817204301086 0.12549892218118666 10.821406956953568 0.2771720572600867 0.0077047515488007966 0.23051147091332 3.4811217321331038 2048.6484672301158 5.55527495730166 46.498798076923087 0.36576277341710034 0.26526622463571142 2.4414009612931857 3.795426061844291 1.2316870462916547
decision_type=2 2 10 10 2 10 10 10 10 8 2 10 8 10 2 8 10 2 2 10 10 10 10 10 10 2 2 8 10 10
left_child=24 8 3 6 -5 7 -3 -6 -2 10 -10 -7 16 28 -15 -16 -8 18 19 -18 -21 23 -20 -22 -1 26 -26 -28 -14 -17
right_child=1 2 -4 4 5 11 12 -9 9 -11 -12 -13 13 14 15 29 17 -19 22 20 21 -23 -24 -25 25 -27 27 -29 -30 -31
leaf_value=2.6412916684004546e-05 0.000438985190267183 -2.0543094174110241e-05 0.0003211240713815574 0.00033721145085665699 0.00092098318399743784 -0.0024329991029503474 0.00086514657789847551 -0.00085412327399540247 -0.0067812186605910162 -7.2884538850618791e-05 9.4257602867090209e-05 -0.0020114107143764919 -0.00032724939149686737 0.0010381084923200975 -0.00060418569289890029 0.00036621284263444197 0.0016941414224218882 0.00028510723798763659 0.0006323663513631289 -0.0003071921686705675 0.00024530239142521329 -0.0023057422015979358 -0.00096024122368368998 -0.0013930828304994521 0.0001851747719509053 6.8874631647521673e-05 1.4772640635721305e-06 -0.00010007382275660558 -0.00062538843348177223 9.1953133587584685e-05
leaf_weight=2088 563 9553 2629 341 98 42 391 65 40 6196 64 87 91 1479 60 1098 162 598 339 496 90 78 50 84 60 460 69 69 41 2104
leaf_count=2088 563 9553 2629 341 98 42 391 65 40 6196 64 87 91 1479 60 1098 162 598 339 496 90 78 50 84 60 460 69 69 41 2104
internal_value=0.000340195 0.000165313 0.000290734 0.0001776 -0.00159464 -0.00448464 0.00024481 -0.00177439 -0.000199738 -0.000347564 -0.00417143 -0.00786923 0.000649679 0.000937423 0.00103817 0.00062703 3.66974e-05 -0.000352476 -0.000948461 -0.00161361 -0.00233111 -0.00483794 0.000607692 -0.00233143 0.00204878 0.000855842 -0.00153769 -0.0034964 -0.00266165 0.000732438
internal_weight=29585 26839 19976 17347 633 292 16714 163 6863 6300 104 129 7161 4873 4741 3262 2288 1897 1299 910 748 252 389 174 2746 658 198 138 132 3202
internal_count=29585 26839 19976 17347 633 292 16714 163 6863 6300 104 129 7161 4873 4741 3262 2288 1897 1299 910 748 252 389 174 2746 658 198 138 132 3202
is_linear=0
shrinkage=0.03


Tree=162
num_leaves=31
num_cat=0
split_feature=0 19 10 7 6 3 0 12 12 9 3 14 11 8 0 7 15 14 11 15 15 14 19 16 15 10 12 0 6 13
split_gain=11.4764 1.35291 2.83356 5.00709 4.2419 5.08614 1.21417 2.02186 2.1546 1.7812 1.20937 2.17359 2.10376 5.1309 1.18819 1.27518 2.61048 3.50235 2.97693 2.60057 5.43196 2.72603 1.61004 1.18983 1.17863 1.16418 1.13972 1.88448 2.79381 1.17789
threshold=4.554998022013824 10.500000000000002 1.9478854578716629 0.24692719844595071 0.86947638991670739 0.21195438822876791 46.498798076923087 0.36576277341710034 0.26526622463571142 0.15572595897911198 0.11289228751996115 0.22145440488631049 7.8813709169734869 1.5567219689687641 2.4092715261497113 0.33048240713915472 2.249904835165133 0.23083993470543104 10.821406956953568 2.6735537653587347 3.0677824455408698 0.49746481451727304 4.5000000000000009 -0.017466807453021791 3.3497501700808394 1.6839305312372332 0.094170389595867668 1.1102540678097159 1.0796283654175101 0.18586873455862826
decision_type=8 2 10 10 2 2 10 2 2 10 2 2 2 8 10 8 10 2 2 10 10 2 2 10 8 8 2 10 2 2
left_child=1 10 25 4 -4 -6 -2 8 -8 24 11 -1 13 -13 15 -12 -17 23 19 22 21 -21 -19 -18 -10 -3 27 -14 -29 -28
right_child=6 2 3 -5 5 -7 7 -9 9 -11 14 12 26 -15 -16 16 17 18 -20 20 -22 -23 -24 -25 -26 -27 29 28 -30 -31
leaf_value=-0.0003516698267925695 2.5620529183484412e-05 -0.00011046220146185078 -0.0007259199236458524 0.00091718952050624878 -0.0023207015942797531 -0.004477861857502821 0.00018095615587537651 6.251536708437812e-05 0.00020865192807750189 -0.0001309975316308576 8.3396430882426621e-05 3.0950372024181671e-06 0.00043910856372362497 -0.0060462482049753845 0.001029077579898826 0.0001870096802483986 -0.00076557855976004587 -0.0013046984396229871 0.0013657120774847843 -0.0016337110385564446 -0.00013060809909813703 -0.0024653286058246926 5.4342179413628535e-05 0.00045915531420463479 -1.038633242998364e-05 0.00089863748045774313 0.000261650343870117 -0.00010812011602108914 -0.00084702198438591175 -0.00040627970820589714
leaf_weight=2721 2188 3840 74 119 58 41 65 469 45 47 13286 123 488 41 954 761 79 59 48 62 73 43 76 285 48 445 2518 342 68 99
leaf_count=2721 2188 3840 74 119 58 41 65 469 45 47 13286 123 488 41 954 761 79 59 48 62 73 43 76 285 48 445 2518 342 68 99
internal_value=0.00026128 6.77428e-05 -0.000401704 -0.00325597 -0.0065 -0.01053 0.00206636 0.000951111 -0.00152913 -0.00361702 0.000164867 -0.000182784 0.000292663 -0.00301818 0.000306352 0.000240033 -0.00059314 -0.00188017 -0.00396961 -0.00503503 -0.00740782 -0.0117453 -0.001875 0.00019726 -0.00118085 -0.000206486 0.000447952 -0.00047386 -0.0019708 0.000764324
internal_weight=29565 26703 4577 292 173 99 2862 674 205 140 22126 6400 3679 164 15726 14772 1486 725 361 313 178 105 135 364 93 4285 3515 898 410 2617
internal_count=29565 26703 4577 292 173 99 2862 674 205 140 22126 6400 3679 164 15726 14772 1486 725 361 313 178 105 135 364 93 4285 3515 898 410 2617
is_linear=0
shrinkage=0.03


Tree=163
num_leaves=31
num_cat=0
split_feature=20 13 16 4 14 17 15 10 4 20 9 20 12 9 15 1 4 14 9 13 11 15 20 20 7 15 9 16 19 4
split_gain=11.3047 1.34911 1.4291 2.63455 2.89873 1.32131 1.61646 1.51232 2.29001 2.77827 1.31654 1.29752 1.27194 2.12233 3.21074 2.01121 2.59524 1.60933 1.62608 3.00578 2.6785 2.06355 3.97472 2.36419 1.52266 1.52006 1.85162 1.88014 3.00897 1.7641
threshold=0.20605320543050182 0.049463911496686781 0.53416762129569439 1938.9086268584686 0.34153829716896783 1.9823507676023684 2.1383330595080281 1.3192042533651722 2908.3972588979045 0.069152642300204528 0.26849697880974327 0.41510659582965437 0.16485186423777523 0.11097783903778352 4.3372693810700085 0.29935064935064942 1663.8063242402375 0.13247958252404468 0.1414382842321566 0.016439054640775667 10.398960931231441 3.0201273556387074 0.87561317849507747 0.96047011660022141 0.0527824954399762 3.0201273556387074 0.024601456858929133 0.3000044865180056 6.5000000000000009 984.36674796214095
decision_type=2 2 10 10 2 8 10 10 8 2 10 2 2 10 10 10 10 2 8 2 2 10 2 2 10 10 8 10 2 10
left_child=5 2 10 -4 -5 6 7 8 9 -1 12 -3 17 14 15 25 -17 18 -2 20 21 22 -20 -23 -21 -14 27 29 -29 -27
right_child=1 11 3 4 -6 -7 -8 -9 -10 -11 -12 -13 13 -15 -16 16 -18 -19 19 24 -22 23 -24 -25 -26 26 -28 28 -30 -31
leaf_value=2.7707753826174125e-05 0.00017814962726557651 0.0013036669062456625 0.00077752094544331844 -0.0022149984095913653 0.00036168326806294008 2.4851913307979879e-05 0.00079865063685700456 0.00017562182783485415 5.7972961760328468e-05 -0.0011333624472819159 0.0011995191806047087 9.6322311242399465e-05 -7.0333207800789006e-05 0.000473841957028112 -0.00070260856734101528 -0.0018454343909919426 4.9304871489358259e-05 -0.00024425998239879651 -0.00044640927995905414 -0.00018718051396038516 0.00042981436153273353 0.0005418442834753918 -0.0016853176322730488 -0.00095012354229134831 0.00058833304624191386 -0.00092484372420319932 0.00098790724500751959 -0.0015113007584910212 0.00013273621551969174 0.00042415765705124884
leaf_weight=46 1908 391 954 61 53 1935 376 189 185 54 121 9749 5289 1220 46 41 40 4636 50 69 78 82 41 91 198 112 1124 50 60 449
leaf_count=46 1908 391 954 61 53 1935 376 189 185 54 121 9749 5289 1220 46 41 40 4636 50 69 78 82 41 91 198 112 1124 50 60 449
internal_value=0.000296778 0.000108457 -5.66948e-05 0.00100468 -0.00328696 0.00211594 0.00112808 -3.78946e-05 -0.00141608 -0.0050495 -0.000128932 0.000381619 -0.000153224 9.64185e-05 -9.94175e-05 -4.81439e-05 -0.00471951 -0.000447442 0.000163225 -0.00118525 -0.00304373 -0.00448302 -0.00811956 -0.00253448 0.00119776 5.92813e-06 0.000760022 -0.000486607 -0.00405405 0.000218861
internal_weight=29698 26913 16773 1068 114 2785 850 474 285 100 15705 10140 15584 8431 7211 7165 81 7153 2517 609 342 264 91 173 267 7084 1795 671 110 561
internal_count=29698 26913 16773 1068 114 2785 850 474 285 100 15705 10140 15584 8431 7211 7165 81 7153 2517 609 342 264 91 173 267 7084 1795 671 110 561
is_linear=0
shrinkage=0.03


Tree=164
num_leaves=31
num_cat=0
split_feature=20 0 17 4 10 15 9 8 6 10 9 8 4 11 9 16 4 0 3 15 1 11 4 3 4 8 4 4 0 16
split_gain=10.0748 1.65629 1.61721 2.97021 1.42977 1.2602 1.22294 2.26206 1.15293 1.74545 1.11227 2.07745 2.8763 1.7558 2.12007 4.99782 2.69242 2.06027 2.90341 2.12646 2.80655 2.31797 2.39474 1.93287 6.92718 2.13657 1.71099 1.69856 1.61938 1.55652
threshold=0.20605320543050182 46.498798076923087 0.14039748081560569 263.5512579623433 2.5788237994635157 1.0000000180025095e-35 0.12389983757441446 1.2502491240955991 0.54404115226337468 1.7552669268255727 0.017863256567631682 1.1595887186518876 123.28416653708453 9.6798126095698418 0.0025046752417442089 0.38447523372962095 915.39073980694479 1.3464270960322342 0.4341530597848699 3.2769667020129059 0.05466998754669989 10.005728205463841 1990.0262514469575 0.059362770074235918 335.98191182792806 153.17016939429368 465.56484993634325 538.73640111664429 1.5912123571392682 0.52280323611076884
decision_type=2 10 8 10 10 10 10 10 2 10 8 10 8 2 10 10 8 10 2 8 10 2 10 2 10 10 8 10 10 10
left_child=1 2 3 -1 10 8 -6 -8 -3 -10 11 -2 -13 23 15 28 -16 18 19 20 21 -18 -23 24 -14 -25 -27 -28 -15 -12
right_child=4 5 -4 -5 6 -7 7 -9 9 -11 29 12 13 14 16 -17 17 -19 -20 -21 -22 22 -24 25 -26 26 27 -29 -30 -31
leaf_value=-0.0013307297853232783 0.00039578772654221694 8.0379529034122483e-05 2.4106355908740484e-05 0.0018589071977391234 0.00095696238567452433 7.6899519322746356e-05 -0.001960162653175813 0.0010048954117972222 -5.5993818800837053e-05 2.0017946822328617e-05 3.4306706767672355e-05 -0.0065426894549291559 -0.0041205028827695986 -0.0023322361127187381 -0.0017493258274437547 -0.0021105521790612393 -0.0004455693245273407 5.0455154558492548e-05 0.0011287705332967267 -1.1970603635799288e-05 0.00040307193309226753 -0.005383999353478817 -0.00091574174281981301 0.00052900512429995036 -1.1712436381075649e-06 2.4257298300103336e-05 -0.0024136644592272979 -0.001075562693743205 -5.6569089410134e-05 0.00082204699514047479
leaf_weight=40 619 47 1895 150 784 482 47 44 113 49 20448 50 42 42 74 52 61 1268 80 119 41 72 72 1181 245 152 51 53 194 994
leaf_count=40 619 47 1895 150 784 482 47 44 113 49 20448 50 42 42 74 52 61 1268 80 119 41 72 72 1181 245 152 51 53 194 994
internal_value=0.00033905 0.00205906 0.00248082 -0.000157068 0.000160718 0.000784682 0.00135274 -0.00192391 -0.00115714 -0.00235583 0.000120412 -0.000310136 -0.00056961 -0.000474474 -0.00106214 -0.00344637 -0.000676174 -0.000432322 -0.0021861 -0.00331967 -0.00490688 -0.00633495 -0.0084 0.000233044 -0.00201042 0.000682198 -0.00179767 -0.00474286 -0.00156962 0.000210139
internal_weight=29561 2776 2085 190 26785 691 875 91 209 162 25910 4468 3849 3799 2075 288 1787 1713 445 365 246 205 144 1724 287 1437 256 104 236 21442
internal_count=29561 2776 2085 190 26785 691 875 91 209 162 25910 4468 3849 3799 2075 288 1787 1713 445 365 246 205 144 1724 287 1437 256 104 236 21442
is_linear=0
shrinkage=0.03


Tree=165
num_leaves=31
num_cat=0
split_feature=0 0 7 17 11 11 9 20 9 7 17 16 11 4 9 13 9 9 15 3 3 4 17 8 5 4 4 17 16 4
split_gain=8.81747 2.52463 2.02946 2.02898 2.79759 1.35287 2.2784 1.31627 2.09616 1.78304 1.38625 1.89653 2.02423 1.97219 1.27012 2.58291 1.15982 1.56395 2.42726 1.36883 1.72338 1.61195 3.21719 1.27655 2.79231 2.28387 2.78854 1.67307 2.16331 1.49992
threshold=4.8546916616174451 46.498798076923087 0.3330838506216337 0.14039748081560569 7.6520706332757618 10.487740201990425 0.15572595897911198 0.65010319732451027 0.0025046752417442089 0.48477937778478863 2.351729683416766 0.40560317244702321 9.7518212835785523 295.33933005964963 0.030654295777607515 0.047357574945620123 0.054235805098685426 0.051594361951503388 2.1383330595080281 0.10653310688301258 0.014475424401623435 984.36674796214095 2.6844859018881082 20.452667179720933 0.96887112403100784 2293.5280996873976 1565.9466352996349 0.43747495125497321 0.12977669337639122 2784.8791879117807
decision_type=8 10 10 8 2 2 10 2 8 8 8 10 2 10 10 2 8 8 10 2 2 8 8 10 8 10 10 8 10 8
left_child=7 3 5 4 -2 6 14 8 10 16 11 13 -13 -1 15 -3 17 19 -19 20 -10 22 -22 24 25 26 -18 28 -25 -29
right_child=1 2 -4 -5 -6 -7 -8 -9 9 -11 -12 12 -14 -15 -16 -17 23 18 -20 -21 21 -23 -24 27 -26 -27 -28 29 -30 -31
leaf_value=-0.0034022914897521004 -0.0011007854270605655 -2.8932245812434874e-05 9.6682853371510413e-05 2.3383165231478266e-05 0.0019715033488821232 0.0001746467439126327 -0.00011207860122408277 4.4640393290779658e-06 0.00088264521818788317 -0.0010408773120776185 0.0049928806928406398 -0.0004460934497946592 -0.0020852318481093053 6.5347251278291746e-06 6.3987064337646751e-05 0.00026451319276478874 -0.00015434958130985761 -0.0021830903447700779 -4.2609142177909038e-05 0.00043430173099725432 -0.00038356280400435571 -8.9689289260040513e-06 -0.0032198016882996265 9.0886090249436258e-05 0.001138071930559344 0.00026967104920871943 -0.0036134425582568346 0.0012638556463741447 -0.0013412055357682367 -0.00021006140775082913
leaf_weight=51 44 74 349 1922 142 56 61 18131 234 47 69 64 41 286 109 43 43 52 152 2199 294 1337 47 306 2569 90 41 425 222 143
leaf_count=51 44 74 349 1922 142 56 61 18131 234 47 69 64 41 286 109 43 43 52 152 2199 294 1337 47 306 2569 90 41 425 222 143
internal_value=0.000326171 0.00192788 0.000354978 0.00244381 -0.000545454 -0.00128198 -0.00211458 0.00015903 0.000462068 0.000578274 -0.00140039 -0.00201806 -0.00551887 -0.000914201 -0.000713656 -0.00287288 0.00061214 0.00027456 -0.00228293 0.000401994 -0.00018505 -0.000521739 -0.00235965 0.000991406 0.0013371 -0.00233143 -0.00585882 0.000125798 -0.00108885 0.00125483
internal_weight=29643 2800 692 2108 186 343 287 26843 8712 8201 511 442 105 337 226 117 8154 4315 204 4111 1912 1678 341 3839 2743 174 84 1096 528 568
internal_count=29643 2800 692 2108 186 343 287 26843 8712 8201 511 442 105 337 226 117 8154 4315 204 4111 1912 1678 341 3839 2743 174 84 1096 528 568
is_linear=0
shrinkage=0.03


Tree=166
num_leaves=31
num_cat=0
split_feature=20 0 12 12 15 9 14 12 7 2 2 9 11 15 11 3 15 11 14 3 15 14 14 16 1 0 3 8 15 11
split_gain=10.3704 1.79963 1.70135 2.20713 2.22888 3.38978 1.17972 1.15428 1.41348 1.7861 2.2057 1.69298 1.73428 1.54319 1.72453 1.6962 2.27598 1.88483 1.84097 3.34083 3.78515 2.2323 3.58795 3.52361 2.89572 1.40215 1.38147 1.34245 1.33839 1.99341
threshold=0.20605320543050182 46.498798076923087 0.36576277341710034 0.26526622463571142 1.8688348091416842 0.063951687648958894 0.32109755515639499 0.20138393460977436 0.22837099812873285 6.5323769157767444 6.5930415193227185 0.11193775389353218 7.8334020861510814 4.1510089048756029 10.86340274719665 0.085377559791418825 3.8393944990995772 10.669362283155836 0.25450203479105588 0.22994204366331022 2.4414009612931857 0.4151002299475392 0.5279402001547141 0.24119166977552745 0.083874458874458893 1.9208853819330098 0.2810238662060715 127.61509520239964 4.516324041782946 11.091216632590715
decision_type=2 10 2 2 8 10 2 2 8 10 10 8 2 10 2 2 8 2 2 2 8 2 2 10 8 10 2 10 8 2
left_child=1 -1 3 -3 -5 -6 -4 25 9 -9 -11 13 -13 14 15 16 17 -10 -17 -20 -21 26 23 -23 -24 28 -22 -27 29 -2
right_child=7 2 6 4 5 -7 -8 8 11 10 -12 12 -14 -15 -16 18 -18 -19 19 20 21 22 24 -25 -26 27 -28 -29 -30 -31
leaf_value=2.268167027453392e-05 1.5037721586287408e-06 0.00014879229359760328 6.6933582988027039e-05 7.9037174178689408e-06 -5.857461705628859e-06 -0.00014116324579996573 -2.0067699686632508e-05 0.00049069662660050726 -0.0001359364130018986 -0.0021778816542712496 6.2262856078623281e-05 -0.0018782850020887731 0.00078816704438538197 -0.00040953641293603595 0.0010201831371400255 0.0003162936231966534 -0.0031973484371343747 -0.0022692791050268881 0.00052517657435733321 2.8930101182223508e-05 -0.00085639638069216685 -0.00076745848054234121 3.4725780929319275e-05 -0.002376993512219329 -0.0014219359421898229 0.0010427734480315022 -3.9437382692370437e-05 -0.00075017495905749742 0.00031548315733946359 -0.00021581876878809116
leaf_weight=2077 15567 68 387 64 41 41 89 3376 712 43 102 41 519 61 234 2115 55 45 585 278 45 40 91 43 43 430 148 86 713 1475
leaf_count=2077 15567 68 387 64 41 41 89 3376 712 43 102 41 519 61 234 2115 55 45 585 278 45 40 91 43 43 430 148 86 713 1475
internal_value=0.000318487 0.00206684 0.000738061 -0.00147907 -0.00355102 -0.00679518 0.00173585 0.000138223 0.000425324 0.000886712 -0.00236301 0.000103837 0.00165775 -9.008e-05 -2.43516e-05 -0.000164246 -0.00139483 -0.000961741 0.000131012 -0.000770016 -0.00218578 -0.0040146 -0.00609633 -0.0109643 -0.00302222 3.44801e-06 -0.00165464 0.00154352 -4.13943e-05 -9.47015e-05
internal_weight=29614 2767 690 214 146 82 476 26847 8576 3521 145 5055 560 4495 4434 4200 812 757 3388 1273 688 410 217 83 134 18271 193 516 17755 17042
internal_count=29614 2767 690 214 146 82 476 26847 8576 3521 145 5055 560 4495 4434 4200 812 757 3388 1273 688 410 217 83 134 18271 193 516 17755 17042
is_linear=0
shrinkage=0.03


Tree=167
num_leaves=31
num_cat=0
split_feature=20 0 10 17 11 19 10 7 8 8 6 1 16 16 6 15 12 15 15 7 17 11 10 8 19 4 11 4 15 8
split_gain=10.0119 1.63855 1.76469 1.71323 2.7381 1.34636 1.99168 4.06538 3.97677 1.44902 2.09621 1.34859 4.20158 1.46128 1.43082 1.12493 1.0916 1.1214 1.32649 1.07236 2.33931 1.66945 1.43731 1.34359 1.9681 3.29834 1.87791 2.18624 3.3055 1.97339
threshold=0.20605320543050182 46.498798076923087 1.4128899539497137 0.14039748081560569 7.6520706332757618 10.500000000000002 1.9478854578716629 0.24692719844595071 22.321054984331955 1.4905783617231683 0.89106320818535423 0.33143939393939403 -0.0028381066125048788 0.19214592862318994 -0.19590380603118093 0.89587973461402759 0.095471879744685864 4.6959141240107813 4.4248287033199567 0.33645888450979838 2.6844859018881082 10.361149713060934 2.3620003892956398 2.2599451022073431 4.5000000000000009 1257.2428018631483 7.2470803309351544 1526.1995912211066 2.6735537653587347 25.579980434925428
decision_type=2 10 10 8 2 2 10 10 10 10 2 10 10 10 2 8 2 8 10 8 10 2 10 8 2 10 2 10 10 10
left_child=1 3 15 4 -1 16 11 8 9 10 -8 13 -13 -7 -14 -3 17 18 -2 -18 21 22 23 24 25 -21 -25 29 -29 -28
right_child=5 2 -4 -5 -6 6 7 -9 -10 -11 -12 12 14 -15 -16 -17 19 -19 -20 20 -22 -23 -24 26 -26 -27 27 28 -30 -31
leaf_value=-0.0010650353227179134 -2.0824446702180185e-05 -1.0899155667949871e-05 6.7112749798554656e-05 2.2001220166297904e-05 0.0017592444323970974 0.00013142224233210506 -0.00025541630576866707 0.00099511677805005721 -0.0027683672677479522 0.004726086639328767 -0.00376508228965172 -0.0015921200190477996 -0.00065377176111240133 -0.00020714985309812082 0.00031630580122852094 4.1656146016529839e-07 0.00014565349679569885 0.00088165088197208975 -0.00043243292206458626 -0.0056494095238188904 0.0014982972137467961 0.00062271780717789739 0.00064023004685255394 -0.0016465848062651492 5.850645159806928e-06 -0.00088028716402430011 0.0012757177903774397 -0.00050585370095516361 -0.0012840174455289281 -0.0002090555711104895
leaf_weight=47 6536 49 329 1877 150 2552 46 127 40 41 40 43 54 1506 159 309 13389 276 53 43 315 266 158 72 74 48 313 310 59 459
leaf_count=47 6536 49 329 1877 150 2552 46 127 40 41 40 43 54 1506 159 309 13389 276 53 43 315 266 158 72 74 48 313 310 59 459
internal_value=0.000322787 0.00204308 0.000771802 0.00246361 -0.00019697 0.000146664 -0.000320243 -0.00270508 -0.00576786 -0.00311719 -0.00531034 -0.000157126 -0.00226459 -2.3651e-05 -0.000518691 -0.000685237 0.000242848 -7.20943e-05 -0.000150683 0.000382279 -0.000245042 -0.000662229 -0.00104229 -0.00135315 -0.00388554 -0.00681522 -0.00100577 -0.000706655 -0.0026027 0.000201811
internal_weight=29740 2761 687 2074 197 26979 4608 294 167 127 86 4314 256 4058 213 358 22371 6865 6589 15506 2117 1802 1536 1378 165 91 1213 1141 369 772
internal_count=29740 2761 687 2074 197 26979 4608 294 167 127 86 4314 256 4058 213 358 22371 6865 6589 15506 2117 1802 1536 1378 165 91 1213 1141 369 772
is_linear=0
shrinkage=0.03


Tree=168
num_leaves=31
num_cat=0
split_feature=20 12 9 11 9 14 9 7 5 9 9 13 10 15 15 12 15 16 7 3 9 3 7 3 4 4 1 9 9 16
split_gain=9.71465 1.34916 2.26456 2.48216 1.26989 2.42327 1.21896 1.30429 1.56621 1.55052 1.28333 3.21765 2.08247 1.48913 1.48563 1.69346 1.27659 2.6502 1.56509 2.18269 2.63326 2.6482 2.82482 1.47458 1.86711 2.45025 1.22815 1.43269 1.81695 2.00356
threshold=0.20605320543050182 0.082768146757525876 0.0065764796462273482 6.0100401799233785 0.17282509774396831 0.18714609236612942 0.15572595897911198 0.096230538343686042 0.83697199810156631 0.27389041733608083 0.13493982625662096 0.02063151471813205 1.088973874082974 3.0201273556387074 2.8617925509761908 0.36576277341710034 3.7726948748059121 -0.12073718189338688 0.1519946446746516 0.19642907849966337 0.022499570427301118 0.06208971850635505 0.2017053729599638 0.16503102881395967 1663.8063242402375 2144.6268813605457 0.059262510974539058 0.095979183984746141 0.10658420804438849 0.12836616350477856
decision_type=2 2 10 2 10 2 10 10 10 10 10 2 10 10 10 2 10 10 10 2 10 2 10 2 10 10 10 10 10 8
left_child=4 2 -2 -4 -1 -6 10 -8 9 -9 14 -12 13 -13 15 -3 26 -18 -19 20 21 -20 -23 24 -22 -26 -16 -28 29 -29
right_child=1 6 3 -5 5 -7 7 8 -10 -11 11 12 -14 -15 16 -17 17 18 19 -21 23 22 -24 -25 25 -27 27 28 -30 -31
leaf_value=2.134118356130897e-05 0.00057279399397284429 -4.0514909153116593e-05 -0.011139605807974857 -6.8479748455958892e-05 -0.00014013043476797428 4.285212467394344e-05 0.0008929177261673499 0.00020446612049888541 -0.00054415069073171496 -0.001270572939938888 0.00032883975083593063 0.00020364816951373794 -0.0024347776485968801 -0.00075556995983486533 0.00014748762787003249 0.00060704569835924626 -0.00065680719502938004 0.00053657964831466511 0.00018224572764069806 0.00087696524460135236 0.00072764222657748867 -0.0002767630628534525 -0.0020594199789686269 -0.0011673250046548966 -0.0011012086038428082 0.00059984180093149164 0.00087288488475633882 -0.00065964062754602076 0.00040965891556413343 0.00016178703342234555
leaf_weight=2563 597 8089 51 6666 76 113 768 1666 75 46 351 105 102 67 3877 1241 60 494 44 220 170 43 43 50 41 44 1377 88 343 143
leaf_count=2563 597 8089 51 6666 76 113 768 1666 75 46 351 105 102 67 3877 1241 60 494 44 220 170 43 43 50 41 44 1377 88 343 143
internal_value=0.00034271 0.000168752 -0.000178811 -0.000336261 0.00203996 -0.000331579 0.000298803 0.000909625 0.000464765 0.000651489 0.000206909 -0.0011262 -0.00355636 -0.00152601 0.000257881 9.64538e-06 0.000586957 -0.0003 2.34784e-05 -0.0009375 -0.00216743 -0.00572519 -0.00875862 -0.000637255 0.000292969 -0.00331395 0.000770973 0.00138473 0.000125218 -0.00192672
internal_weight=29613 26861 7314 6717 2752 189 19547 2555 1787 1712 16992 625 274 172 16367 9330 7037 1209 1149 655 435 130 86 305 255 85 5828 1951 574 231
internal_count=29613 26861 7314 6717 2752 189 19547 2555 1787 1712 16992 625 274 172 16367 9330 7037 1209 1149 655 435 130 86 305 255 85 5828 1951 574 231
is_linear=0
shrinkage=0.03


Tree=169
num_leaves=31
num_cat=0
split_feature=20 0 15 14 7 17 15 8 12 7 10 8 9 2 15 8 6 8 6 13 17 8 7 9 14 0 15 12 9 14
split_gain=10.0989 1.94659 1.60554 2.53501 1.94916 1.5837 1.93998 1.28274 1.27544 1.68256 1.93905 2.30132 1.66829 1.60002 1.66573 1.42801 1.53139 1.50675 1.61332 1.40356 1.37029 1.67073 4.61778 3.9197 2.84926 1.48428 1.45457 1.34536 1.34559 2.34426
threshold=0.20605320543050182 46.498798076923087 1.2424533248940004 0.19800921928783743 0.39418933043723242 1.9823507676023684 2.1383330595080281 4.0554175358757769 0.19397273475839419 0.32600246255126958 2.1275334899717406 51.801075056766393 0.028631309495873069 6.591330594862197 3.2384861814448418 13.037562438796284 -2.2242346252952223 14.934267760433713 4.6554719032332796 0.049463911496686781 0.24927738256891266 1.163084002617351 0.059077135635629517 0.24163086620452548 0.2391444357104717 1.0562487960703739 3.7256208424938388 0.48540393255158515 0.030654295777607515 0.24327338998578471
decision_type=2 10 10 2 10 8 10 10 2 10 10 8 10 8 8 10 2 10 2 2 10 10 10 10 2 10 10 2 10 2
left_child=1 5 3 -3 -5 6 7 -1 15 12 11 27 13 -10 -15 16 -2 -17 -19 -18 25 -22 24 -24 -23 26 -21 28 -11 -30
right_child=8 2 -4 4 -6 -7 -8 -9 9 10 -12 -13 -14 14 -16 17 19 18 -20 20 21 22 23 -25 -26 -27 -28 -29 29 -31
leaf_value=-0.0012126602097240131 -0.0025772271046327999 1.0419137780278904e-05 0.00013151597447748933 -6.4608756168559072e-05 5.9329510144644233e-06 2.0700948054469699e-05 0.0023522103966878579 0.00033694400398909323 -0.0002562112015571579 -0.00016420837150237007 0.00080736891214950159 0.00044512399284097015 0.00056263404237651843 -6.7617084091636296e-05 0.0005926358653995336 -0.00055520607954353304 -2.209572766068208e-05 -4.7424860753575355e-05 -0.0015375720916180379 -1.8464703579598636e-05 0.00049810374856459492 -0.0013145478633943602 5.5665766653134073e-05 -0.0011883290615834648 -0.0042265248416304205 0.00042271141988380675 -0.0017121794384500513 0.0026382898474032399 -8.4839666079977448e-05 -0.0011093690365402511
leaf_weight=66 75 167 411 61 48 1505 292 229 79 525 338 497 4558 1675 715 372 7844 2639 47 795 648 106 1607 54 69 3388 45 125 242 383
leaf_count=66 75 167 411 61 48 1505 292 229 79 525 338 497 4558 1675 715 372 7844 2639 47 795 648 106 1607 54 69 3388 45 125 242 383
internal_value=0.000306526 0.0020277 0.000640988 -0.00112635 -0.00466364 0.00248256 0.00115816 -0.000557432 0.000128155 0.000415955 -0.000326859 -0.000724196 0.000639015 1.09313e-05 0.000150565 -2.052e-05 0.00010272 -0.000610003 -0.000361742 0.000124888 0.000443319 -0.000115895 -0.000578116 -8.84475e-05 -0.00519886 0.000771814 -0.000356718 -0.0013989 -0.00172024 -0.00265974
internal_weight=29605 2779 687 276 109 2092 587 295 26826 9137 2110 1772 7027 2469 2390 17689 14631 3058 2686 14556 6712 2484 1836 1661 175 4228 840 1275 1150 625
internal_count=29605 2779 687 276 109 2092 587 295 26826 9137 2110 1772 7027 2469 2390 17689 14631 3058 2686 14556 6712 2484 1836 1661 175 4228 840 1275 1150 625
is_linear=0
shrinkage=0.03


Tree=170
num_leaves=31
num_cat=0
split_feature=0 0 10 16 11 12 2 16 12 8 15 13 4 1 11 8 4 19 11 11 4 8 0 8 0 8 8 15 11 1
split_gain=10.5446 1.58012 1.48587 1.77881 1.38911 2.08968 1.19197 1.55006 1.2664 1.66657 1.42283 1.84432 1.54801 1.52032 2.48655 2.20187 2.6285 1.59207 1.47443 1.55686 1.45235 2.14393 1.97939 1.84035 3.39627 1.65887 1.33429 1.30583 1.77956 1.52703
threshold=4.8546916616174451 46.498798076923087 0.81318634299996251 0.11847112245475667 8.2224192840079287 0.51638661858088286 5.8479582522806028 0.52280323611076884 0.22814458903585513 5.2550473933281774 2.524928003624769 0.1187090582899933 1190.3701150429383 0.07561463693539168 9.7102971390380652 42.005637076802429 878.00390345381732 6.5000000000000009 7.3427789798660452 7.0427230439640427 496.11124446763648 171.87705970625072 1.7546733241542518 38.172665141678344 1.3176373972537809 14.219794975599038 15.174598430824046 4.2413008733233104 10.821406956953568 0.11803405572755422
decision_type=8 10 10 8 2 2 10 10 2 10 8 2 8 10 2 10 10 2 2 2 10 10 10 10 10 10 10 10 2 10
left_child=6 -2 3 -3 5 -4 8 -8 9 -1 11 13 -12 18 15 16 17 -15 19 -11 -20 22 23 24 -22 -26 -16 28 29 -10
right_child=1 2 4 -5 -6 -7 7 -9 27 10 12 -13 -14 14 26 -17 -18 -19 20 -21 21 -23 -24 -25 25 -27 -28 -29 -30 -31
leaf_value=3.6603703878155009e-05 2.0079919612835608e-05 -0.00015052205357689942 -4.9406259527663568e-05 2.5609645847021149e-06 0.00012150452299225933 5.0313157494985794e-05 -0.00010144134909328281 -0.001132407036619477 5.5949824029037329e-05 -0.00053725127073440374 0.00027770059661150057 0.00028833852583295836 -0.00017917320277892356 -0.0014393134810732097 -0.0018896418151031723 0.0021984161644764879 0.0018404765398596194 -0.0022584708419471087 0.00088742780324865464 -0.0037461898655229749 -2.2221827529434889e-05 -0.002380206976817476 0.00052977959838219782 0.00037208160885487804 -0.0013315785043699802 -0.0024445594118368097 -0.0013457685960135664 -0.00024555168432003271 0.0011241433563175074 0.00093667431805655936
leaf_weight=14760 2070 57 58 139 379 54 1149 59 4919 68 1009 172 1843 46 41 99 54 50 249 43 98 44 149 134 45 53 68 67 558 1025
leaf_count=14760 2070 57 58 139 379 54 1149 59 4919 68 1009 172 1843 46 41 99 54 50 249 43 98 44 149 134 45 53 68 67 558 1025
internal_value=0.00025362 0.00201994 0.000771802 -0.00143147 0.00165244 -0.00127434 7.18577e-05 -0.000848635 0.000115335 -8.67223e-06 -0.000530942 -0.00130905 -0.00014511 -0.00171256 -0.00335933 -0.001692 -0.00397351 -0.00692783 -0.00104186 -0.00425893 -0.000574385 -0.00147137 -0.00088125 -0.00217523 -0.0040203 -0.00793939 -0.00711818 0.000474429 0.000517607 0.000365349
internal_weight=29559 2757 687 196 491 112 26802 1208 25594 19025 4265 1413 2852 1241 358 249 150 96 883 111 772 523 479 330 196 98 109 6569 6502 5944
internal_count=29559 2757 687 196 491 112 26802 1208 25594 19025 4265 1413 2852 1241 358 249 150 96 883 111 772 523 479 330 196 98 109 6569 6502 5944
is_linear=0
shrinkage=0.03


Tree=171
num_leaves=31
num_cat=0
split_feature=20 17 11 12 14 13 15 13 14 15 7 6 3 10 15 13 15 3 14 14 20 6 14 6 11 16 15 20 17 5
split_gain=10.4011 1.40467 2.677 0.975664 1.78581 1.63828 1.80189 3.15072 1.56495 3.30279 3.83893 2.40058 2.11601 1.81155 1.62394 1.49062 1.45797 3.29544 3.41168 3.17645 1.5173 1.38789 1.35239 1.61925 1.41408 1.50002 1.13386 1.65711 2.45732 3.19626
threshold=0.20605320543050182 0.14039748081560569 7.6520706332757618 0.16865179298525315 0.022539622045390114 0.033226464645187005 1.4978661367769956 0.07851285309195484 0.54338782402224528 3.6242520361853052 0.12155132759427455 2.0898698765420609 0.39245487452463856 1.5211606667667039 0.89587973461402759 0.19684568227386354 2.602003343538398 0.2493785077065736 0.59597129831402107 0.57706897202493279 1.0940727828691412 2.2576434266327401 0.38758999002680905 2.8075401173964991 10.963263718913563 0.42462165738153673 3.0201273556387074 0.6377483581836686 0.023498773757930354 0.95874757426481583
decision_type=2 8 2 2 2 2 8 2 2 10 10 2 2 8 10 2 10 2 2 2 2 2 2 2 2 10 10 2 10 8
left_child=1 2 -1 5 -5 8 7 -7 14 11 -11 12 16 -13 -2 -8 20 18 19 -18 -10 26 24 -24 25 -16 -6 -28 29 -29
right_child=3 -3 -4 4 21 6 15 -9 9 10 -12 13 -14 -15 22 -17 17 -19 -20 -21 -22 -23 23 -25 -26 -27 27 28 -30 -31
leaf_value=-0.0010868664512295278 0.00099049981654668827 1.9477522024450539e-05 9.1039189167292054e-05 0.0015299162709585456 -3.6247235347128871e-05 -0.0021956176151273501 9.7604404138228019e-05 0.00076416098258163428 0.00033290301082058776 -0.0016284968796522489 -0.00042426140984536229 -9.2476435683383007e-05 0.00045447324554536138 -0.0034187276737275164 -0.0001850373305002139 -0.00028782193674312383 -1.9540697858982565e-05 -0.001563142787270331 0.0014424184679892285 -0.0032535269785159012 -0.0052087137346701678 0.0004449643318054946 0.00015049934625692055 -0.0014818266921271044 -0.00070602367538744352 0.00057456578187928807 0.00053940867636167111 -0.00088327529415267812 0.00012766910073578301 -0.00018332094227712373
leaf_weight=59 266 2469 258 322 6132 61 8596 67 352 41 67 46 250 40 3678 465 50 58 138 42 42 2257 904 40 102 286 1668 40 772 125
leaf_count=59 266 2469 258 322 6132 61 8596 67 352 41 67 46 250 40 3678 465 50 58 138 42 42 2257 904 40 102 286 1668 40 772 125
internal_value=0.000296323 0.0020409 0.000160377 0.000115616 0.000327649 -3.82888e-05 0.00021839 -0.00330233 -0.000406684 -0.00142147 -0.00638532 -0.000889107 -0.00044373 -0.00565517 -0.00018988 0.000268484 -0.00130893 -0.00292734 -0.0012987 -0.00574194 -0.000121519 0.000263029 -0.000311315 0.000711111 -0.000548807 -0.000458512 9.16687e-05 0.000615887 -0.00039339 -0.00370482
internal_weight=29693 2786 317 26907 11316 15591 9189 128 6402 1126 108 1018 932 86 5276 9061 682 288 230 92 394 10994 5010 944 4066 3964 8737 2605 937 165
internal_count=29693 2786 317 26907 11316 15591 9189 128 6402 1126 108 1018 932 86 5276 9061 682 288 230 92 394 10994 5010 944 4066 3964 8737 2605 937 165
is_linear=0
shrinkage=0.03


Tree=172
num_leaves=31
num_cat=0
split_feature=20 0 20 10 7 11 15 8 10 9 0 5 1 8 7 15 8 8 17 19 17 15 17 8 8 15 17 15 13 11
split_gain=10.9308 1.60114 1.34269 1.49839 1.57176 1.76237 1.41494 1.41127 2.25648 1.57294 1.42684 1.57398 1.47776 1.40172 1.24939 1.36887 1.24428 2.46781 1.80472 1.24147 1.20593 1.32242 1.17973 1.14765 1.27849 1.12323 2.20491 1.17757 1.96445 1.05349
threshold=0.20605320543050182 46.498798076923087 0.50042227561814967 1.1511563549019834 0.23951735800822446 7.3427789798660452 3.8176519431297078 1.4022686440939063 2.5788237994635157 0.21306072917871291 1.2619341183789807 0.60108855631493829 0.11451990632318505 1.262605296313783 0.39418933043723242 0.89587973461402759 2.6226158252644436 2.3266411702237009 0.48440258644600981 2.5000000000000004 1.9823507676023684 2.1383330595080281 1.8052738438756337 4.0554175358757769 127.61509520239964 3.2769667020129059 -0.12457338067736674 3.4175922930736511 0.047837687519674522 10.4538463405335
decision_type=2 10 2 10 10 2 10 10 10 10 10 8 10 8 10 8 10 10 10 2 8 10 10 10 10 10 10 10 2 2
left_child=1 20 3 4 6 -6 13 10 9 29 -4 12 -12 -2 15 -3 17 19 -19 -7 21 23 -17 -1 -25 -13 -27 28 -28 -9
right_child=2 14 7 -5 5 16 -8 8 -10 -11 11 25 -14 -15 -16 22 -18 18 -20 -21 -22 -23 -24 24 -26 26 27 -29 -30 -31
leaf_value=-0.0012967094409151118 -0.0019560265221852885 -3.854805112515848e-05 1.5141561001404737e-05 0.00085084987474090264 -0.00076670460413853271 -0.00092372458725154005 -0.00042561632702813268 -0.00013510223324791763 0.0017418566721074879 -0.001411331941077742 -0.0011963375934556379 0.00085562007147408541 0.00027857103309455338 0.00055233972541748303 0.00047248035781824731 1.821713367045438e-05 1.1257715327698623e-05 -0.0004538846289061684 -0.0022378189390096009 0.001366171806178136 1.8893196363717025e-05 0.0022646629873887265 -0.00014097142415169818 0.00082295374349072945 -0.00056469476493707898 -0.0015419946142563022 -0.0021583687995450477 0.00031995261086210762 0.00049516247234908102 4.7242191228474617e-05
leaf_weight=56 50 61 8367 2157 43 41 60 7731 371 43 67 1857 44 777 268 304 824 42 43 92 1525 290 48 167 70 78 70 784 113 3223
leaf_count=56 50 61 8367 2157 43 41 60 7731 371 43 67 1857 44 777 268 304 824 42 43 92 1525 290 48 167 70 78 70 784 113 3223
internal_value=0.000319143 0.00210645 0.000133604 0.000631235 3.34517e-05 -0.000732044 0.000969595 4.32548e-05 -0.000193157 -0.000270867 0.000279413 0.000839084 -0.00265179 0.00129348 0.000840176 -0.000195652 -0.000483221 -0.00249315 -0.00645349 6.71643e-05 0.00251494 0.00135103 0.000526912 -7.14285e-05 0.000844538 0.000973476 0.000186425 0.000579546 -0.00158152 -0.000248106
internal_weight=29666 2789 26877 4129 1972 1085 887 22748 11368 10997 11380 3013 111 827 681 413 1042 218 85 133 2108 583 352 293 237 2902 1045 967 183 10954
internal_count=29666 2789 26877 4129 1972 1085 887 22748 11368 10997 11380 3013 111 827 681 413 1042 218 85 133 2108 583 352 293 237 2902 1045 967 183 10954
is_linear=0
shrinkage=0.03


Tree=173
num_leaves=31
num_cat=0
split_feature=0 0 16 12 4 17 14 9 16 12 0 13 16 7 0 16 2 4 7 4 12 12 9 0 12 14 4 11 7 4
split_gain=9.75504 2.73744 2.1534 1.98371 1.38283 1.08865 1.05423 1.04469 1.01699 1.14749 1.26312 1.29824 1.49542 1.31016 2.18646 2.2417 2.76145 2.0388 1.91982 1.81775 1.47117 1.21956 1.2237 2.50227 2.01134 1.98991 1.98819 3.56341 2.0325 1.20615
threshold=4.3260389723734116 46.498798076923087 0.1003953013913549 0.26996113505930103 640.44203058914684 2.6844859018881082 0.12906653955158634 0.0081648053701931528 -0.29754298369186521 0.31127405721333995 3.2569134638102266 0.067539671971076506 0.53416762129569439 0.14301734106753658 1.1360179687393661 0.20492082486123001 6.5049946704537467 2501.7930689053878 0.047329891081692992 5454.0609902266133 0.12231716666630989 0.23674143765615788 0.028631309495873069 1.2410579600669547 0.10943733067115248 0.20965762429898446 884.87714361694327 9.0167556155394895 0.17666338991530287 1078.5509435019262
decision_type=8 10 8 2 10 8 2 10 10 2 10 2 10 10 10 10 10 10 10 8 2 2 10 10 2 2 8 2 10 10
left_child=8 5 3 -3 6 7 -4 -2 -1 10 11 12 -10 14 -13 16 -16 -18 -17 20 -20 22 23 -15 -25 26 27 -26 -28 -24
right_child=1 2 4 -5 -6 -7 -8 -9 9 -11 -12 13 -14 21 15 18 17 -19 19 -21 -22 -23 29 24 25 -27 28 -29 -30 -31
leaf_value=-0.0002452068222939676 -0.00051635490937162283 0.00015581586942240133 4.7137782102532151e-05 -0.00013322432618299751 9.1980347480616448e-05 1.8326400472805512e-05 -2.7226894790500473e-05 0.00096654442765464971 -3.1125022661689817e-05 0.00037939564903176739 0.00088794319854278701 -3.0300027060891523e-05 0.0005630026742168842 0.0005444873813129895 0.00077948769045776359 -0.0024908113007682891 0.00016658233756789193 -0.00059801376835580649 -0.00015434395834163344 -0.0026212882177027641 0.00070384679402672127 0.0011543643902899212 0.0011013420624606171 -0.0013048330910170147 0.0017773481835928833 -0.001287129839956169 0.0026195716098508163 -0.0040963221465283349 -0.0014872125709729221 -6.8520526107710458e-05
leaf_weight=781 74 40 80 62 427 1466 85 727 14681 2498 287 1987 714 112 2100 79 96 59 303 40 540 210 248 45 41 68 133 40 42 1570
leaf_count=781 74 40 80 62 427 1466 85 727 14681 2498 287 1987 714 112 2100 79 96 59 303 40 540 210 248 45 41 68 133 40 42 1570
internal_value=0.000292044 0.00192539 0.000276259 -0.00372816 0.000971332 0.00242989 -0.00135542 0.00153741 0.000110666 0.000142852 7.75775e-05 5.29665e-05 -0.000106196 0.000370625 0.000642075 0.00112523 0.00164229 -0.00221154 -8.72273e-05 0.000315611 0.000614929 -0.00019243 -0.000392609 -0.00173651 -0.00292703 -0.00208615 -0.000863813 -0.00471951 0.0009375 -3.62836e-05
internal_weight=29635 2961 694 102 592 2267 165 801 26674 25893 23395 23108 15395 7713 5204 3217 2255 155 962 883 843 2509 2299 481 369 324 256 81 175 1818
internal_count=29635 2961 694 102 592 2267 165 801 26674 25893 23395 23108 15395 7713 5204 3217 2255 155 962 883 843 2509 2299 481 369 324 256 81 175 1818
is_linear=0
shrinkage=0.03


Tree=174
num_leaves=31
num_cat=0
split_feature=20 0 15 17 15 0 8 19 12 0 13 1 15 13 0 17 15 1 10 10 8 13 7 17 16 15 15 6 1 1
split_gain=9.24779 2.1539 2.05798 1.64099 1.7553 1.54445 1.53161 2.20025 1.26941 2.68671 1.23635 2.16593 1.48924 1.29929 1.63045 1.43092 1.94079 3.02517 2.06509 1.59187 1.85736 2.02274 1.48114 1.47712 1.4577 1.30574 3.4309 1.35107 1.54935 1.25636
threshold=0.20605320543050182 46.498798076923087 0.89587973461402759 0.14039748081560569 2.1383330595080281 7.9902492539411911 23.92857575381581 3.5000000000000004 0.33381169300942531 199.92105263157899 0.19684568227386354 0.18146027201145312 2.8617925509761908 0.027328405788787011 2.6565358674738206 -0.10372052196688085 3.0201273556387074 0.10889328063241112 0.80496074392736283 0.31960831018490354 13.037562438796284 0.069042641003290342 0.1423142283096204 -0.21219870091969248 0.35008667366020091 4.3882378946731615 4.6001450180613412 0.73733368980292902 0.12556306306306311 0.45260557053009887
decision_type=2 10 10 8 10 10 10 2 2 10 2 10 10 2 10 8 10 10 10 10 10 2 10 10 10 10 10 2 10 10
left_child=1 3 6 4 5 -1 -3 -8 9 -4 13 -12 -13 25 15 16 24 22 -19 20 -17 -22 -18 -24 -15 27 -27 29 -29 -2
right_child=10 2 8 -5 -6 -7 7 -9 -10 -11 11 12 -14 14 -16 19 17 18 -20 -21 21 -23 23 -25 -26 26 -28 28 -30 -31
leaf_value=-0.0016121898048630297 -6.8887924913646804e-05 1.8752769422212845e-06 -0.00012930086162943005 1.7776608458621348e-05 0.0050853951940317711 0.00046193415692364449 3.9976752077475808e-05 -3.657480441139228e-05 0.00046120434361604821 4.78838465790029e-05 -2.6418016845369196e-05 -0.0016174765911303915 -0.00041828254805344786 0.00018440151386400552 0.0019670159615210792 0.00045252477530494697 0.00043208217924644606 -0.0014297556110463086 -0.00020662396092328811 4.5588245679800151e-05 -0.0018634768195628744 2.412332106564601e-05 0.00026498752806221814 -0.0012257498724957763 -0.0039785471823003933 -0.0013110390448923658 0.00039168150451814726 1.13776846738483e-05 0.00043258624929324945 -0.0021353781213153148
leaf_weight=44 6452 124 41 1888 82 57 45 71 331 69 384 59 86 716 350 2152 221 113 88 8403 54 235 70 72 40 67 55 5760 1428 42
leaf_count=44 6452 124 41 1888 82 57 45 71 331 69 384 59 86 716 350 2152 221 113 88 8403 54 235 70 72 40 67 55 5760 1428 42
internal_value=0.000296858 0.00195278 0.00048827 0.00243388 -0.000277174 -0.00291176 -0.00174274 -0.00420513 0.00170362 -0.00108108 0.000127049 -0.00130755 -0.00441781 0.000155933 0.000377307 0.000319112 -0.000613172 -0.00194336 -0.00488614 0.000432642 0.00110688 -0.00114828 -0.000304945 -0.00268531 0.000380449 -4.47663e-05 -0.00312195 -1.71014e-05 0.00026624 -0.000330716
internal_weight=29599 2752 681 2071 183 101 240 116 441 110 26847 529 145 26318 12514 12164 1320 564 201 10844 2441 289 363 142 756 13804 122 13682 7188 6494
internal_count=29599 2752 681 2071 183 101 240 116 441 110 26847 529 145 26318 12514 12164 1320 564 201 10844 2441 289 363 142 756 13804 122 13682 7188 6494
is_linear=0
shrinkage=0.03


Tree=175
num_leaves=31
num_cat=0
split_feature=20 0 15 17 11 6 12 17 1 7 15 3 13 3 17 1 11 11 3 8 11 0 12 0 6 0 1 11 7 1
split_gain=9.7052 2.75877 2.2001 1.42369 2.26421 1.31574 1.22329 1.33685 1.65383 1.69867 1.30749 1.85677 1.61841 1.47358 1.73009 1.25131 1.45538 4.67385 2.6912 2.43647 4.01055 1.87565 1.65648 1.39435 1.32982 1.22889 3.0212 1.83952 1.44192 1.33686
threshold=0.20605320543050182 46.498798076923087 0.89587973461402759 0.14039748081560569 7.7095325989200179 0.37304866255615071 0.36576277341710034 0.21133204779067682 0.13363095238095238 0.27301903031553959 2.4414009612931857 0.421424331019076 0.18586873455862826 0.17064455337294285 0.29516275407427556 0.20468236582694418 9.7885535790506104 9.3676432204373654 0.12747712361168306 1.2010408214139712 9.6251945968358132 0.93509066872954083 0.064242785891931234 2.0961513485034691 0.27410656527284066 1.1877069086123522 0.43513323983169711 10.904367563441744 0.11071340129659717 0.26713615023474185
decision_type=2 10 10 8 2 2 2 10 10 10 10 2 2 2 10 10 2 2 2 10 2 10 2 10 2 10 10 2 8 10
left_child=1 3 5 4 -1 -3 7 15 -9 10 11 13 -12 14 -10 -2 17 -17 -19 22 -21 -18 -20 24 25 26 27 -23 -27 -30
right_child=6 2 -4 -5 -6 -7 -8 8 9 -11 12 -13 -14 -15 -16 16 21 18 19 20 -22 23 -24 -25 -26 28 -28 -29 29 -31
leaf_value=-0.0012702819465577628 0.00011890933946850029 0.00018224097793031872 8.5327091464784522e-05 1.724331020486271e-05 0.0017215396925882988 -1.3294550081103343e-05 0.00047835981814363301 -9.52410378371271e-05 -0.0014609847708248276 0.0017843700169238783 0.00025991541204397229 -0.00177843173694588 -0.001130370839718702 0.00052247128764565148 -0.00031828599283458301 0.00014351670257568077 -0.0032318739440189495 0.00059598890911568593 -0.0013259091473221492 -0.001883663375166748 -0.0010115583335596288 0.00013714087983644963 0.00023090030124157474 -0.0014037826897220001 0.00025743345024656833 0.00092648067375282906 -0.0012112473707524812 -0.00072478301733409456 -0.00096757588210739953 0.00027125680445840554
leaf_weight=43 9040 41 431 1890 151 208 1687 10949 48 285 2018 55 76 220 316 346 48 56 59 60 41 229 60 40 739 167 65 48 57 129
leaf_count=43 9040 41 431 1890 151 208 1687 10949 48 285 2018 55 76 220 316 346 48 56 59 60 41 229 60 40 739 167 65 48 57 129
internal_value=0.000275851 0.00196817 0.00030837 0.00250935 6.15386e-05 -0.001932 0.000101494 4.90221e-05 -0.000146692 0.000474992 0.000244697 -0.000942187 0.00060716 -0.000441026 -0.00161096 0.000293429 -0.000358042 -0.00157945 -0.00448375 -0.00597285 -0.00938235 0.000141825 -0.003025 0.000333559 0.000489199 -0.000452586 -0.00173178 -0.000356115 0.000788136 -0.00102674
internal_weight=29602 2764 680 2084 194 249 26838 25151 13967 3018 2733 639 2094 584 364 11184 2144 622 276 220 101 1522 119 1474 1434 695 342 277 353 186
internal_count=29602 2764 680 2084 194 249 26838 25151 13967 3018 2733 639 2094 584 364 11184 2144 622 276 220 101 1522 119 1474 1434 695 342 277 353 186
is_linear=0
shrinkage=0.03


Tree=176
num_leaves=31
num_cat=0
split_feature=0 0 10 15 14 16 3 12 9 10 14 15 9 9 1 10 9 9 19 13 3 7 15 10 3 16 9 14 13 14
split_gain=9.57155 3.26352 1.94977 1.53611 1.7088 1.20164 1.59891 1.45364 1.51699 1.52272 1.49521 2.20097 3.1069 1.73003 1.94944 2.32366 1.44994 1.97282 2.97754 1.57282 1.69435 3.06445 2.23844 2.8847 1.79359 1.89821 2.04334 1.75281 1.74396 1.62748
threshold=4.8546916616174451 46.498798076923087 0.79745905697149189 1.2424533248940004 0.15136138758427234 -0.29754298369186521 0.05794112344580632 0.17091941394793511 0.01314480508230609 1.6731508943601374 0.180032785398999 1.2424533248940004 0.06119019905433911 0.030654295777607515 0.017095265926358853 0.41735906656628013 0.0070793987473236871 0.0092517436267436307 7.5000000000000009 0.033226464645187005 0.1693399213984392 0.14658735645519483 1.7005986908310777 0.50362824887229796 0.056818681247312423 0.051435274035570792 0.068723027171001344 0.03226662648250448 0.12174336257938738 0.19928135542552586
decision_type=8 10 10 10 2 10 2 2 8 10 2 8 10 8 10 10 10 10 2 2 2 10 10 10 2 10 10 2 2 2
left_child=5 -2 -3 4 -4 6 -1 16 9 -9 11 12 -10 14 -13 -16 -7 18 -18 -19 21 -21 23 -22 -23 -26 29 -24 -29 -27
right_child=1 2 3 -5 -6 7 -8 8 10 -11 -12 13 -14 -15 15 -17 17 19 -20 20 22 24 27 -25 25 26 -28 28 -30 -31
leaf_value=-0.003536728192314452 1.672601089871683e-05 -1.0170419115171728e-05 3.6358531888460223e-05 0.00043173577030179841 -3.2086167307210841e-05 0.00050032933509638693 -0.00016071283996702885 -0.00021193356668441492 0.0012137739691922647 0.0004277055403853792 9.8197462371552241e-05 0.0004384367956601595 -0.0018255364584635523 0.00099173475551152766 -0.0013210485490970495 -9.2793555624027315e-05 0.00058327037157675384 -0.00012120942026098299 -0.0031214244049234696 0.00023958715783690688 0.00069107289679548785 0.001139814951744674 -0.0019336854348052954 -0.002393586185013021 -0.00072633718500421244 -0.0012377010649146419 0.00015340484879060529 8.9591751885646927e-05 -0.00028743933337749782 -5.0003850668724693e-05
leaf_weight=82 2060 179 81 311 105 970 703 1310 40 392 5976 488 40 1889 44 169 55 5794 54 4423 45 166 41 59 393 232 555 1710 913 244
leaf_count=82 2060 179 81 311 105 970 703 1310 40 392 5976 488 40 1889 44 169 55 5794 54 4423 45 166 41 59 393 232 555 1710 913 244
internal_value=0.000278723 0.00196858 0.000159527 0.00112651 -0.00102674 0.000106055 -0.00104962 0.000140984 0.000416852 -0.000401644 0.000578004 0.0011681 -0.0037037 0.00131995 4.70087e-05 -0.00234112 -4.13924e-05 -0.000115628 -0.00411818 -8.54143e-05 0.00016773 0.000450449 -0.00044637 -0.00474286 -0.000678818 -0.00102316 -0.00034593 -0.000276923 -0.000179497 -0.00178616
internal_weight=29523 2736 676 497 186 26787 785 26002 10348 1702 8646 2670 80 2590 701 213 15654 14684 109 14575 8781 6013 2768 104 1590 1424 1031 2664 2623 476
internal_count=29523 2736 676 497 186 26787 785 26002 10348 1702 8646 2670 80 2590 701 213 15654 14684 109 14575 8781 6013 2768 104 1590 1424 1031 2664 2623 476
is_linear=0
shrinkage=0.03


Tree=177
num_leaves=31
num_cat=0
split_feature=20 0 9 11 15 17 15 8 14 15 11 11 0 13 15 13 20 10 16 4 4 0 8 6 8 4 15 15 1 13
split_gain=8.82226 2.41507 1.50357 4.15031 1.5258 1.44416 1.76342 1.40286 1.05611 1.03833 1.02871 2.38767 2.26826 2.76957 2.21115 4.53009 3.5401 3.76033 1.77957 2.52302 1.34722 1.46669 3.49955 1.31519 1.49695 3.84754 1.74545 1.3605 1.84027 3.08161
threshold=0.20605320543050182 46.498798076923087 0.1513672681785396 10.37023588709531 0.89587973461402759 1.9823507676023684 2.1383330595080281 24.772319156178899 0.13069051613163477 4.6959141240107813 11.091216632590715 10.84884181721627 1.575692600994232 0.084059747728293263 4.0517471391904856 0.038524762617363241 0.8326058447665623 0.56781060875484746 0.15002422544813354 3105.1268204207686 2318.0086515308126 1.828121503777836 1.7367427615339139 0.90082093298399923 1.4022686440939063 123.28416653708453 1.0000000180025095e-35 2.249904835165133 0.44906606710480812 0.061137371695798186
decision_type=2 10 10 2 10 8 10 10 2 10 2 2 10 2 10 2 2 10 10 10 10 10 10 2 10 8 8 10 10 2
left_child=1 5 4 -4 7 6 8 -3 -1 10 11 23 13 14 15 18 17 -17 19 -12 21 -14 -23 24 26 -26 -2 -28 -29 -30
right_child=9 2 3 -5 -6 -7 -8 -9 -10 -11 12 -13 20 -15 -16 16 -18 -19 -20 -21 -22 22 -24 -25 25 -27 27 28 29 -31
leaf_value=-0.00081662879903804614 -0.0026702112745047965 7.3120634235762041e-06 -0.00012296773154368769 4.4150716890689887e-05 0.00032527089205744935 1.6224230571755325e-05 0.0022306990096336329 -6.6184827646305322e-06 0.00030748066637608436 0.00076669851329379615 -0.00066287875693531759 0.00049837913627343196 0.00037905862045685244 7.5547980222512127e-05 -0.00013040446918116918 -0.00042198780121434424 5.2811484191627059e-05 -0.0020267347638350929 0.00026205198386573326 5.9863801461595081e-05 0.00075587828225590244 -0.00085073674162959112 0.00022458500405030137 0.0001292842861031387 -0.0084587221412572283 -6.8137350117269474e-05 0.0004481704851989373 4.2947851190235484e-05 -0.0019919979852518446 0.00011170474144076333
leaf_weight=102 74 123 53 55 371 1484 290 86 199 139 58 1573 99 708 356 55 41 73 124 60 425 40 76 10249 40 6911 1155 4368 44 62
leaf_count=102 74 123 53 55 371 1484 290 86 199 139 58 1573 99 708 356 55 41 73 124 60 425 40 76 10249 40 6911 1155 4368 44 62
internal_value=0.000354276 0.0019678 0.000426705 -0.00280734 0.0010327 0.00247832 0.00122128 -0.00101429 -0.000387417 0.000187423 0.000173849 0.000228705 -0.000460775 -0.00110772 -0.00235547 -0.00385194 -0.00760588 -0.0100465 -0.00120988 -0.00383193 0.00102964 -0.000902778 -0.00317949 0.000151022 -5.35755e-05 -0.000349108 0.000306627 0.00036714 0.000130056 -0.00375701
internal_weight=29493 2763 688 108 580 2075 591 209 301 26730 26591 24476 2115 1475 767 411 169 128 242 118 640 215 116 22903 12654 6951 5703 5629 4474 106
internal_count=29493 2763 688 108 580 2075 591 209 301 26730 26591 24476 2115 1475 767 411 169 128 242 118 640 215 116 22903 12654 6951 5703 5629 4474 106
is_linear=0
shrinkage=0.03


Tree=178
num_leaves=31
num_cat=0
split_feature=0 0 15 17 15 8 9 10 19 10 10 14 1 9 9 1 4 8 14 15 14 17 3 3 4 14 0 3 14 4
split_gain=9.72883 2.02913 1.5897 1.55114 1.45262 1.61493 1.40129 1.87361 1.34966 2.56163 2.89142 3.7988 4.08323 1.31197 2.93968 3.02485 2.87994 3.32735 1.90415 1.44858 2.34319 1.44564 1.22632 1.21569 1.48387 1.43573 2.54328 2.49937 2.16866 2.07882
threshold=4.8546916616174451 46.498798076923087 0.89587973461402759 1.9823507676023684 2.1383330595080281 4.0554175358757769 0.051594361951503388 1.2816763377414435 10.500000000000002 1.9478854578716629 2.2728075337953229 0.11839883261112197 0.048930121203052575 0.15572595897911198 0.14329496817999279 0.12556306306306311 1058.6064747210626 1.3123262254392454 0.72278063596169628 3.1567740231385479 0.23577008017354692 0.21133204779067682 0.26065465585284026 0.43122473368879116 1072.849096952541 0.18946710695610003 1.5383164651468515 0.1290352219794447 0.21366555468538176 8387.9063714405293
decision_type=8 10 10 8 10 10 10 10 2 10 10 2 10 8 10 8 10 10 2 8 2 10 2 2 8 2 10 2 2 10
left_child=8 3 6 4 5 -2 7 -3 13 -10 11 -11 -13 14 23 16 22 21 -15 -17 -21 -18 -16 25 -25 27 28 -1 -27 -29
right_child=1 2 -4 -5 -6 -7 -8 -9 9 10 -12 12 -14 18 15 19 17 -19 -20 20 -22 -23 -24 24 -26 26 -28 29 -30 -31
leaf_value=-0.00015820590609102246 -0.00095585125548337563 -4.5626331968443206e-05 9.3120325630693094e-05 1.5737503654602665e-05 0.002322205529619226 0.00034293134616286176 9.9084412088089328e-06 2.263038553101825e-06 -4.1509189733226077e-05 0.00071616202805323379 0.00056432693282472792 -0.00074301873118443648 -0.0041731554952399719 0.00021363308949802411 0.0003190695205389191 0.00045253925732339503 -0.0011810128558425493 -0.0010241824123571714 -0.0011462297408243271 -0.0019048185438854004 0.00017020049848524279 -0.0023842425254905824 -0.0030614293709242887 3.3992015208884115e-05 0.00077163784770726846 -0.00070489576426356984 0.00013739975863820176 0.00034663648919328207 -7.1441332329675669e-05 -0.0025566636957256058
leaf_weight=2416 63 65 421 1456 284 235 102 70 4343 42 106 58 71 3653 70 177 41 40 41 51 72 40 44 750 563 513 3738 4172 5781 40
leaf_count=2416 63 65 421 1456 284 235 102 70 4343 42 106 58 71 3653 70 177 41 40 41 51 72 40 44 750 563 513 3738 4172 5781 40
internal_value=0.000269115 0.00198665 0.000537178 0.00245414 0.00114237 -0.00032107 -0.00142437 -0.00341912 9.64099e-05 -0.00037005 -0.00316187 -0.00556395 -0.0081 0.000193487 9.04426e-05 -0.00209888 -0.00463983 -0.00784426 0.000709608 -9.96677e-05 -0.00258871 -0.0113049 -0.0012 0.000155725 0.00103425 8.64295e-05 -0.000139938 0.000429024 -0.000508022 0.000870164
internal_weight=29518 2696 658 2038 582 298 237 135 26822 4620 277 171 129 22202 18508 535 235 121 3694 300 123 81 114 17973 1313 16660 10032 6628 6294 4212
internal_count=29518 2696 658 2038 582 298 237 135 26822 4620 277 171 129 22202 18508 535 235 121 3694 300 123 81 114 17973 1313 16660 10032 6628 6294 4212
is_linear=0
shrinkage=0.03


Tree=179
num_leaves=31
num_cat=0
split_feature=17 7 10 20 3 6 4 8 4 13 20 10 11 7 5 20 3 6 11 10 11 11 1 13 20 17 12 3 12 17
split_gain=9.90522 1.52478 1.35962 1.15618 1.34044 1.83635 2.60861 1.14674 1.6357 1.86622 1.13551 1.45842 1.65308 2.31819 1.315 1.30675 1.25209 1.23743 1.84981 1.57319 1.24035 2.13215 1.83754 3.60015 3.86461 4.09215 1.96827 1.99561 1.43815 2.07743
threshold=3.0937951317496952 0.81774058962830531 2.5788237994635157 1.0000000180025095e-35 0.031539361963604629 0.18336374540587086 923.3373347017972 1.4138583643775455 1526.1995912211066 0.1187090582899933 0.38392434642015655 1.3336967360881926 7.8813709169734869 0.27711800907067308 0.65997591328783634 0.021721105527638195 0.37735000116746642 -1.8372099790356391 10.168751454956704 0.014953238598928007 11.112395637900898 10.86340274719665 1.0000000180025095e-35 0.15283120196128977 0.63464363576565797 0.078558887529024776 0.099003726460243704 0.096875863164349013 0.11549939415590151 0.4539655878723769
decision_type=8 10 10 2 2 2 10 8 10 2 2 10 2 10 10 2 2 2 2 8 2 2 10 2 2 10 2 2 2 10
left_child=1 2 10 -2 5 -5 -7 8 -4 -10 11 12 13 -1 15 -14 -13 18 -12 -19 21 -21 23 24 -22 -26 27 -24 -27 -30
right_child=3 -3 7 4 -6 6 -8 -9 9 -11 17 16 14 -15 -16 -17 -18 19 -20 20 22 -23 26 -25 25 28 -28 -29 29 -31
leaf_value=5.7772363906579467e-05 1.5265378544964587e-05 -0.001785520473274498 0.0004422965268679482 0.00021528543142082483 0.00043574032844747722 -0.001951413542090646 0.0012943146155657843 0.0016745261063605857 -0.0011316979198148852 0.00030137183846509297 -0.0021460170602496747 0.00092036321893636242 -6.8938219611405893e-05 -0.00097640805167375523 -0.00019295324047923545 0.00034840925723101019 -0.00084485112320781372 0.00022469146922598243 0.00058900668826195599 -1.2217445391013381e-05 3.4106436385337061e-05 0.00046305589730905793 -0.0006268002087830096 0.00066290364871053782 -0.0015653521953429394 -0.0014058408490420927 0.00013526693981169696 -6.9921044166136945e-05 0.00017373722054094979 -0.00082667786357418953
leaf_weight=101 826 75 238 74 1460 60 59 450 59 59 139 940 147 60 48 1333 49 2086 78 18089 132 1334 77 129 53 76 904 308 90 47
leaf_count=101 826 75 238 74 1460 60 59 450 59 59 139 940 147 60 48 1333 49 2086 78 18089 132 1334 77 129 53 76 904 308 90 47
internal_value=0.000264697 9.86275e-05 0.000110556 0.00207944 0.00161971 -0.000726804 -0.003025 0.00132342 5.04203e-05 -0.00282353 7.32239e-05 0.000658455 0.000122485 -0.00275926 0.000427731 0.000587441 0.00157273 6.62628e-06 -0.00224312 2.76517e-05 -4.95762e-05 2.05417e-05 -0.000799119 -0.00228977 -0.00369925 -0.00577528 -0.000188372 -0.00198187 -0.00388318 -0.00202174
internal_weight=29580 27101 27026 2479 1653 193 119 806 356 118 26220 2678 1689 161 1528 1480 989 23542 217 23325 21239 19423 1816 527 398 266 1289 385 213 137
internal_count=29580 27101 27026 2479 1653 193 119 806 356 118 26220 2678 1689 161 1528 1480 989 23542 217 23325 21239 19423 1816 527 398 266 1289 385 213 137
is_linear=0
shrinkage=0.03


Tree=180
num_leaves=31
num_cat=0
split_feature=17 16 4 6 14 9 12 9 4 16 7 13 16 4 17 12 15 13 14 17 1 16 4 4 6 13 4 4 7 14
split_gain=8.77211 1.64748 1.49691 1.48732 1.35829 1.46162 1.28272 2.04746 1.74711 1.85579 1.61609 1.59696 1.88214 5.47991 2.81392 2.47409 2.17351 3.30268 3.28023 2.49692 2.22687 1.86559 3.81301 1.8298 2.27173 2.33591 1.76547 1.52333 2.58013 1.4897
threshold=2.6844859018881082 -0.29754298369186521 281.46999805843689 3.0432916690677887 0.24327338998578471 0.10899646636314701 0.2245031083962408 0.0025046752417442089 2008.1194342541346 0.25221756033132808 0.34355712775317698 0.06177972604844479 0.19950724165295866 8387.9063714405293 -0.31310156101340053 0.052463627754815619 2.8029010331479989 0.12174336257938738 0.20244526921368247 0.17321075896904542 0.2215007215007215 -0.0028381066125048788 1113.7789922001655 1865.1995702168426 0.72635464160334196 0.14151614497719536 1346.5976712212489 687.42832310536335 0.39418933043723242 0.037242545401578078
decision_type=8 10 8 2 2 8 2 8 8 10 10 2 10 8 10 2 8 2 2 10 10 10 10 10 2 2 10 10 10 2
left_child=1 2 -1 4 -4 -6 11 8 29 -10 -11 27 15 14 -14 16 17 21 -19 -20 -21 22 -13 24 -16 -26 -27 -3 -29 -8
right_child=-2 6 3 -5 5 -7 7 -9 9 10 -12 12 13 -15 23 -17 -18 18 19 20 -22 -23 -24 -25 25 26 -28 28 -30 -31
leaf_value=-0.0044607941117475874 1.480741718861565e-05 0.00011329652103712976 0.00040773623885515003 -0.001210177105709168 -0.00045288333785780603 0.00077422373265477354 -0.00049886253629469809 0.00022793109180353031 -3.7994977428511822e-05 -0.0015874044351711942 -0.00090440514218949168 0.0020464050355064856 -0.0035819535714699071 -0.0034820083269451073 8.0990780176547601e-05 0.00029704062289437073 0.00019657835608034735 0.00025541901516094379 -0.0026341853658419499 -0.0045362201301930158 0.00028270874373294725 0.00050308533659487069 -0.0025659941529056836 0.00039251789313994183 -0.00034392500799744572 -0.00019773016804472627 -0.0013205223568489436 -7.1611452153259538e-05 -0.0022826126109262521 0.00040139666717016464
leaf_weight=52 2688 2702 314 41 271 77 40 6097 139 46 40 46 41 65 785 4034 1038 73 54 48 47 217 40 833 481 43 67 8805 41 272
leaf_count=52 2688 2702 314 41 271 77 40 6097 139 46 40 46 41 65 785 4034 1038 73 54 48 47 217 40 833 481 43 67 8805 41 272
internal_value=0.000294231 0.000130615 -0.00125 -0.000882102 -0.000533937 -0.00182235 0.000170608 0.000530822 -0.00124349 -0.00325221 -0.00668965 4.7788e-05 0.00037609 -0.000343264 -9.32918e-05 0.000673634 -0.000339514 -0.00191065 -0.00468161 -0.00722 -0.00421875 0.00012829 -0.00358621 5.29413e-05 -0.000618736 -0.00202196 -0.00594595 -0.000177158 -0.000367582 0.000210863
internal_weight=29537 26849 755 703 662 348 26094 6634 537 225 86 19460 7912 2315 2250 5597 1563 525 222 149 95 303 86 2209 1376 591 110 11548 8846 312
internal_count=29537 26849 755 703 662 348 26094 6634 537 225 86 19460 7912 2315 2250 5597 1563 525 222 149 95 303 86 2209 1376 591 110 11548 8846 312
is_linear=0
shrinkage=0.03


Tree=181
num_leaves=31
num_cat=0
split_feature=20 0 4 10 17 7 10 14 20 7 16 4 16 14 16 17 3 3 8 2 16 14 2 5 2 8 9 8 9 3
split_gain=8.80234 2.30557 2.90993 1.55736 1.32577 1.66633 2.20683 1.3097 1.43192 1.304 1.26914 1.32871 1.24241 1.70348 1.73021 1.76526 1.61493 1.109 0.956148 1.56872 1.67431 1.37264 1.48918 1.99003 1.33159 1.29519 2.13562 1.76146 4.33763 3.43487
threshold=0.33369671763327641 2.9971553854031452 171.17720464539499 0.81318634299996251 2.0950339193447265 0.15832212886102529 1.7552669268255727 0.1545874249843526 0.088106728641483847 0.26874085203009834 -0.29754298369186521 2418.2165222827239 0.24318750427357747 0.18308201311881486 0.041402494338509045 0.43199421727956844 0.03782683158980623 0.39593146909951787 5.2550473933281774 5.6626112916929676 0.40560317244702321 0.18589582675654745 6.591330594862197 0.68599439775910376 5.3002532983673643 1.6742513913644708 0.079301927706968187 1.4521854601410698 1.0000000180025095e-35 0.23932119971451407
decision_type=2 10 10 10 10 10 10 2 2 10 10 8 8 2 10 10 2 2 10 10 10 2 10 8 8 8 10 10 10 2
left_child=1 -1 4 12 5 -3 7 9 -9 -7 11 -2 13 14 -4 -16 -17 -5 19 25 21 -21 23 -23 -20 27 -27 -12 29 -29
right_child=10 2 3 17 -6 6 -8 8 -10 -11 18 -13 -14 -15 15 16 -18 -19 24 20 -22 22 -24 -25 -26 26 -28 28 -30 -31
leaf_value=1.436319467295718e-05 -0.00054905415096349788 0.00038053066646959773 0.0027773417643023857 0.00098809104645058488 0.0054839192182992444 -3.846789231122292e-05 5.6414162369390217e-05 -6.5992336934013758e-05 0.00049960331745522199 -0.0027315101745745479 7.1521843929818479e-05 0.00028702641345564544 0.0005378344005920689 0.00011162842454204014 -4.3322728410251485e-06 -0.00016639753279900258 -0.00097612694787305642 -0.00086459313385002696 0.0010681412763506894 0.0011188609727979749 -0.0010631415462093174 -0.0011862892603323543 1.3512611119378567e-05 -0.00022379673094307545 -7.1763855709070453e-05 0.00012578075073726419 0.0013215137403120728 -5.1876517183197836e-06 -9.0430461185412491e-05 -0.0018545879636842049
leaf_weight=830 459 52 51 1942 71 40 84 40 63 54 11431 196 394 281 72 45 52 60 116 126 71 67 387 252 6126 2852 1062 46 2165 61
leaf_count=830 459 52 51 1942 71 40 84 40 63 54 11431 196 394 281 72 45 52 60 116 126 71 67 387 252 6126 2852 1062 46 2165 61
internal_value=0.0002993 0.00158349 0.00122744 0.00156004 -0.00115556 -0.0019491 -0.0028617 -0.00459091 -0.00222115 -0.00713684 9.05265e-05 -0.00121189 0.000518973 -0.000472111 -0.00244344 -0.0039 -0.00652041 0.00202496 0.000125025 0.000233249 -0.000985619 -0.000605042 -0.00112023 -0.00263437 -0.000196059 0.000295777 0.000777012 0.000158275 -0.000604487 -0.00647222
internal_weight=29548 4131 3301 2897 404 333 281 197 103 94 25417 655 895 501 220 169 97 2002 24762 18520 903 832 706 319 6242 17617 3914 13703 2272 107
internal_count=29548 4131 3301 2897 404 333 281 197 103 94 25417 655 895 501 220 169 97 2002 24762 18520 903 832 706 319 6242 17617 3914 13703 2272 107
is_linear=0
shrinkage=0.03


Tree=182
num_leaves=31
num_cat=0
split_feature=17 0 7 14 0 3 4 12 8 7 17 14 13 8 5 14 20 5 13 9 4 4 1 3 16 17 4 14 14 3
split_gain=7.34826 4.08359 3.35569 6.36264 1.79241 1.38256 3.14456 1.24119 1.58243 3.68656 2.61253 1.51772 1.37011 2.01994 2.94943 3.06392 1.32567 1.28186 1.22402 1.16506 1.29951 2.08939 1.33599 2.78014 1.37035 2.89426 3.89408 1.22132 1.19858 1.19088
threshold=3.0937951317496952 95.446153846153848 0.34949895289900063 0.18455293740530895 4.8546916616174451 0.099065190872203793 900.4348879041687 0.095471879744685864 1.1595887186518876 0.059077135635629517 0.44290989477841564 0.72278063596169628 0.069621253702890559 53.124934602863654 0.83697199810156631 0.12906653955158634 0.20605320543050182 0.38223338115734107 0.03037668889899384 0.11193775389353218 2164.3716111054605 1724.0626526631161 0.32025641025641027 0.1693399213984392 0.10834829956720957 0.14734571773001823 1106.5087488292536 0.38758999002680905 0.25848541304703304 0.080828143791921159
decision_type=8 10 10 2 8 2 8 2 10 10 10 2 2 10 10 2 2 8 2 10 10 10 10 2 10 10 10 2 2 2
left_child=7 4 3 -3 5 6 -2 -1 11 10 -10 18 16 -14 15 -15 -11 -18 -9 -19 21 22 24 -24 -21 26 27 -26 -22 -23
right_child=1 2 -4 -5 -6 -7 -8 8 9 12 -12 -13 13 14 -16 -17 17 19 -20 20 28 29 23 -25 25 -27 -28 -29 -30 -31
leaf_value=-2.8461687757122335e-05 -0.0028001401753615113 2.4177722189952188e-05 0.00027688474447125935 -2.9028259804943862e-05 1.3932298832768465e-05 0.00162710732187107 0.0010117398282098709 6.7944602522459767e-05 -4.3601800697875778e-05 0.0001609386713982189 -0.0042719253201941101 -0.00085410511562961794 0.00046342760976431909 -0.0013524922221677023 -0.00084263505054784466 4.0749153051780612e-05 -0.0010045564730035645 -2.4665093687305525e-05 0.00091533448704067424 0.00055935412822273557 -8.9845222181169924e-05 9.3654642687175297e-05 0.00056259744039742932 -0.00093289218678061891 -0.0022611193037893134 0.00060407100479083393 0.00051773874902509348 -0.00057694621181285594 0.0013987689978708774 -0.0013499874951292408
leaf_weight=8348 68 84 125 65 1459 472 193 752 71 846 42 59 3264 48 41 556 79 9833 933 559 108 58 92 64 57 419 85 43 431 101
leaf_count=8348 68 84 125 65 1459 472 193 752 71 846 42 59 3264 48 41 556 79 9833 933 559 108 58 92 64 57 419 85 43 431 101
internal_value=0.000288697 0.0018557 -0.00159273 -0.00462 0.00228728 0.00107493 -0.000675572 0.000144924 0.000281685 0.000192344 -0.00518421 0.00114155 0.000229068 0.00072046 -0.000812693 -0.000277686 7.86632e-05 -2.76602e-06 0.00130783 2.2783e-05 0.000679386 0.000219067 0.000611364 -0.00198726 0.00096134 -2.9752e-05 -0.00314516 -0.00712871 0.00193889 -0.00301875
internal_weight=29355 2466 274 149 2192 733 261 26889 18541 16797 113 1744 16684 3909 645 604 12775 11929 1685 11850 2017 1478 1319 156 1163 604 185 100 539 159
internal_count=29355 2466 274 149 2192 733 261 26889 18541 16797 113 1744 16684 3909 645 604 12775 11929 1685 11850 2017 1478 1319 156 1163 604 185 100 539 159
is_linear=0
shrinkage=0.03


Tree=183
num_leaves=31
num_cat=0
split_feature=17 0 11 4 0 11 4 11 12 14 4 14 7 14 3 0 3 1 4 7 14 12 8 7 4 17 11 15 11 6
split_gain=8.59047 2.65189 3.34082 4.10177 1.921 1.12872 1.04588 0.948546 2.16403 2.66229 4.26913 2.76904 2.28177 2.49732 2.11174 2.69246 1.83519 1.76607 1.95424 1.80526 1.94706 1.57016 1.52772 2.23346 1.47656 1.5912 1.57836 1.89657 2.49001 3.02299
threshold=2.6844859018881082 95.446153846153848 8.4043603267498472 1106.5087488292536 4.8546916616174451 10.049944424840264 171.17720464539499 9.9779686690791873 0.20748476399466045 0.54708634656653932 1278.9482163724329 0.58707432924496128 0.23336468421502746 0.46922117293072813 0.13377412351641191 1.0907588779338628 0.4863236694520473 0.038218111002921114 2501.7930689053878 0.26218832089207217 0.21768335968322064 0.13071718184432071 1.0683644645261259 0.035973215632685483 1607.5526600137653 -0.26760967300551847 10.12284394139424 3.2384861814448418 10.73775444887278 0.3180235950172382
decision_type=8 10 2 8 8 2 8 2 2 2 8 2 8 2 2 10 2 10 10 10 2 2 10 10 10 10 2 10 2 2
left_child=7 4 3 -3 6 -4 -2 22 9 12 11 -11 13 16 -13 -16 24 18 19 -14 -21 -17 -1 -24 25 -9 -26 -28 29 -29
right_child=1 2 5 -5 -6 -7 -8 8 -10 10 -12 14 17 -15 15 21 -18 -19 -20 20 -22 -23 23 -25 26 -27 27 28 -30 -31
leaf_value=0.00028459693777454744 -0.0024318669009545557 5.2995547013372698e-05 6.5806113233095101e-05 -3.8508140113579611e-05 1.3514329867785412e-05 -1.8198964646739076e-05 0.0008846994258651619 -0.00053895644015504777 0.00031132419644173986 -0.0016180391201329938 -5.2160946348053634e-05 1.5588332568265482e-05 -0.0014810927219119638 0.0004653717942326953 0.00080723166381159233 -0.0017197607928491965 -0.0014436041472998466 0.00041050519847731604 0.0015145111288223979 -0.0021024821485679363 -0.0014449702753908419 -0.00077540594069032453 -0.0038078588148364881 -2.5510188479687364e-05 -0.0004587786150207873 0.00020941157481617307 0.00016701710538707777 -0.00154434698439578 -7.5136799411995415e-05 -0.0004895599854637504
leaf_weight=1292 56 50 144 46 1539 49 842 64 3755 73 1081 122 127 958 41 52 43 172 53 53 42 56 60 11956 230 3206 2101 65 1194 108
leaf_count=1292 56 50 144 46 1539 49 842 64 3755 73 1081 122 127 958 41 52 43 172 53 53 42 56 60 11956 230 3206 2101 65 1194 108
internal_value=0.00027235 0.00187679 -0.000837931 -0.00538144 0.00219893 0.00143814 0.00109455 0.000109719 0.000285946 5.21237e-05 -0.00114656 -0.00405217 0.000255198 0.000372271 -0.00263603 -0.00502 0.000175842 -0.00182812 -0.00331522 -0.00454708 -0.00765625 -0.00748624 -7.03282e-05 -0.000175751 0.000214378 0.000678692 -0.000196269 -3.63216e-05 -0.000905702 -0.00425862
internal_weight=29630 2726 289 96 2437 193 898 26904 13596 9841 1425 344 8416 7969 271 149 7011 447 275 222 95 108 13308 12016 6968 3270 3698 3468 1367 173
internal_count=29630 2726 289 96 2437 193 898 26904 13596 9841 1425 344 8416 7969 271 149 7011 447 275 222 95 108 13308 12016 6968 3270 3698 3468 1367 173
is_linear=0
shrinkage=0.03


Tree=184
num_leaves=31
num_cat=0
split_feature=17 0 11 4 0 4 12 0 1 13 20 10 14 8 2 17 2 14 2 8 7 6 13 17 10 0 8 7 4 0
split_gain=7.98403 2.62894 2.97762 4.73738 2.12401 1.22541 1.27177 1.2404 1.6945 1.08795 0.982392 1.39904 1.14818 1.10678 1.71215 2.27801 3.9748 1.32376 1.30286 1.24435 3.65132 1.82763 1.14491 2.17415 1.84256 1.61371 2.0656 4.93335 1.87007 1.82319
threshold=2.6844859018881082 95.446153846153848 8.4043603267498472 1106.5087488292536 4.8546916616174451 171.17720464539499 0.27972910041820681 1.7884722702726024 1.0000000180025095e-35 0.025977959958561319 0.37644082686474351 1.3192042533651722 0.14977650506690496 5.2550473933281774 5.7295499217261048 0.79510341454631328 6.591330594862197 0.1340966933886982 5.3002532983673643 1.2075477327336002 0.10829843376118493 0.70423179386004242 0.033226464645187005 -0.10372052196688085 0.37245740866150184 1.6155695645844113 1.163084002617351 0.059077135635629517 781.84277854852417 1.0621863334736437
decision_type=8 10 2 8 8 8 2 10 8 2 2 10 2 10 10 10 10 2 8 10 10 2 2 10 10 10 10 10 8 10
left_child=10 4 3 -3 5 -2 7 -7 -9 -4 11 12 -1 14 22 17 -17 -16 -15 -19 21 -21 -12 -24 -25 26 -26 29 -29 -28
right_child=1 2 9 -5 -6 6 -8 8 -10 -11 13 -13 -14 18 15 16 -18 19 -20 20 -22 -23 23 24 25 -27 27 28 -30 -31
leaf_value=-9.6438882096695153e-05 -0.0026025188390725283 6.1253493691814607e-05 9.4452236783026396e-05 -4.5347348891674616e-05 1.3108899971751848e-05 0.0007562885000417743 0.0022386607477024598 -0.0025254864797472397 0.0010687415307790999 -3.3564031848271917e-05 3.1697891488299298e-06 0.00080639245430229279 0.00015823416440123979 0.0013612474622151415 0.0018030656137268473 -0.0034206322595846834 -4.5484087010617026e-06 0.00035599345374489905 -9.9185188017307242e-05 -0.00088130875557917727 -5.0786942509769569e-05 -0.0003618322425054578 -0.00025891728261425887 0.00043249713687129913 0.00045340474706272144 0.00091336606911501708 -0.0019488371588410863 0.00097865297974997168 -8.550183799493937e-05 -0.0043707957906759555
leaf_weight=456 50 55 151 52 1522 147 544 93 46 40 9180 985 1051 107 85 46 59 180 5833 50 390 73 883 2006 1612 614 64 406 2600 71
leaf_count=456 50 55 151 52 1522 147 544 93 46 40 9180 985 1051 107 85 46 59 180 5833 50 390 73 883 2006 1612 614 64 406 2600 71
internal_value=0.000278182 0.00183265 -0.000822742 -0.00480556 0.0021623 0.000987514 0.00126354 -0.000355401 -0.00237857 0.00142188 0.000121225 0.000688327 0.000113395 6.29432e-05 0.00017833 -0.00110973 -0.00523585 -0.000546855 -0.00029288 -0.000981268 -0.00173346 -0.00621774 0.00024362 0.00049994 0.00066843 0.000378353 0.000191208 -0.000256843 -3.99058e-06 -0.00584559
internal_weight=29451 2700 298 107 2402 880 830 286 139 191 26751 2492 1507 24259 18319 883 105 778 5940 693 513 123 17436 8256 7373 5367 4753 3141 3006 135
internal_count=29451 2700 298 107 2402 880 830 286 139 191 26751 2492 1507 24259 18319 883 105 778 5940 693 513 123 17436 8256 7373 5367 4753 3141 3006 135
is_linear=0
shrinkage=0.03


Tree=185
num_leaves=31
num_cat=0
split_feature=17 0 11 4 0 4 16 4 12 7 16 12 8 7 17 14 6 9 0 8 14 7 14 17 4 17 16 16 0 12
split_gain=7.87294 2.92015 3.51642 4.15374 2.4354 1.29388 1.12144 1.70096 1.07428 1.06352 0.832996 1.05923 1.51384 3.19663 2.73315 2.14039 3.88824 1.88059 1.48417 1.61463 1.58091 1.47478 2.58456 2.18765 1.96864 2.19708 3.10443 2.21578 2.53172 1.99246
threshold=2.6844859018881082 95.446153846153848 8.4043603267498472 1106.5087488292536 4.8546916616174451 171.17720464539499 0.32303659801974277 923.3373347017972 0.34433968676679522 0.81774058962830531 -0.29754298369186521 0.097795012212451141 1.163084002617351 0.067387082534567905 0.48440258644600981 0.69960812274525919 1.3771531286295009 0.024601456858929133 1.6155695645844113 41.286945606663984 0.066731164928892875 0.22624994039972926 0.080337800665521222 0.2240485063421245 2472.7641081700808 0.28761965243776438 0.23063897494057395 0.0050441549080128276 1.4255368430167519 0.18153016594683716
decision_type=8 10 2 8 8 8 8 8 2 10 10 2 10 10 10 2 2 10 10 10 2 10 2 10 8 10 10 10 10 2
left_child=9 4 3 -3 5 -2 7 -7 -4 10 -1 -12 15 14 -14 -13 -17 -15 20 -20 -19 22 23 -22 25 -23 27 -27 29 -29
right_child=1 2 8 -5 -6 6 -8 -9 -10 -11 11 12 13 17 -16 16 -18 18 19 -21 21 24 -24 -25 -26 26 -28 28 -30 -31
leaf_value=-0.00013899324105314382 -0.0024718770906806894 5.6156886807634781e-05 -3.0331581897618193e-05 -4.1743274491830432e-05 1.2715632972599293e-05 -0.0021861512204076083 0.0015976660081721665 0.00093959145336829433 6.754914675714745e-05 -0.0012445216858683042 -1.6159809747583973e-05 0.00052212329371100039 -0.00029623004049838506 -5.9214880490365472e-05 -0.0038214699183471926 0.0012672254296422184 -0.0018192802199962031 0.00072940879139454231 0.00056209245892116489 -1.0405931775000057e-05 0.0011514088261625271 0.00014047407500469305 7.4566724614491759e-05 -0.0018823834221418977 0.00061771857468183517 0.00010369732032828153 -0.00040297186464372214 -0.0012857462087622724 -0.00068468907607131216 -0.0019549317339177447
leaf_weight=784 62 53 42 55 1541 76 505 247 141 74 8533 1676 95 4266 44 64 40 638 3506 1087 44 446 4869 67 167 45 327 69 92 54
leaf_count=784 62 53 42 55 1541 76 505 247 141 74 8533 1676 95 4266 44 64 40 638 3506 1087 44 446 4869 67 167 45 327 69 92 54
internal_value=0.000282632 0.00182005 -0.00101712 -0.0052844 0.00215995 0.000909091 0.00122316 -0.000157407 0.0015163 0.000127501 0.000137438 0.000166361 0.000299369 0.000205981 -0.00430714 0.00112858 -0.00302857 0.000246269 0.000447161 0.000863953 0.0001663 1.94144e-05 0.000246938 -0.00425893 -0.00092423 -0.00141296 -0.00261735 -0.00505747 -0.00631944 -0.00912097
internal_weight=29709 2722 291 108 2431 890 828 323 183 26987 26913 26129 17596 15816 139 1780 104 15677 11411 4593 6818 6180 4980 111 1200 1033 587 260 215 123
internal_count=29709 2722 291 108 2431 890 828 323 183 26987 26913 26129 17596 15816 139 1780 104 15677 11411 4593 6818 6180 4980 111 1200 1033 587 260 215 123
is_linear=0
shrinkage=0.03


Tree=186
num_leaves=31
num_cat=0
split_feature=17 0 11 4 0 4 3 8 17 10 16 10 1 1 13 16 11 11 12 7 16 1 10 12 16 4 3 11 11 3
split_gain=8.14367 2.17052 2.58408 3.7851 2.01414 1.44359 2.10112 2.1965 1.09754 1.09291 1.11948 1.7555 0.945839 1.29273 1.60333 1.19285 1.36087 0.970047 1.81555 2.19059 1.63605 2.20084 2.89155 3.00593 1.87002 1.55835 2.38099 1.86047 3.1539 1.3993
threshold=3.0937951317496952 95.446153846153848 8.4043603267498472 1078.5509435019262 4.8546916616174451 1607.5526600137653 0.12648950609783924 7.7696882440483011 3.9131647042326239 2.5788237994635157 -0.29754298369186521 1.2816763377414435 0.49318685062169992 0.44081142399572942 0.028236302907056466 0.06962151225497068 10.37023588709531 10.08597576124164 0.076797300686663142 0.23470423472578489 0.34603048762955696 1.0000000180025095e-35 1.3402094458863847 0.3245280504464399 0.44718524292842771 453.19519115270322 0.065989982635842839 6.2499677885285188 7.4386775612200848 0.41084913717244026
decision_type=8 10 2 8 8 8 2 10 10 8 8 10 10 10 2 10 2 2 2 8 10 10 10 2 10 8 2 2 2 2
left_child=9 4 3 -3 5 6 7 -2 -9 10 11 -1 13 17 -15 -16 -17 25 19 -19 -20 22 -22 24 -24 26 27 -12 -29 -28
right_child=1 2 -4 -5 -6 -7 -8 8 -10 -11 12 -13 -14 14 15 16 -18 18 20 -21 21 -23 23 -25 -26 -27 29 28 -30 -31
leaf_value=-0.0030928359267692229 -0.0035274279798994355 6.2619685144154618e-05 4.051226652039593e-05 -3.8118735729326437e-05 1.2334163983421313e-05 0.001304256858248665 0.0018387690982835743 -0.00091423701201431829 0.00065907426938076872 0.00039510296490535401 0.00028832565297377062 0.001383501662062912 0.0005489812176152182 -0.0019820250474884386 9.9605510156327467e-05 0.00014936656312781037 -0.00097209969313034026 -3.3435516928584106e-05 0.00016502184244732805 -0.0031232900425976666 -0.00011527123850321925 0.00016164470243462534 -0.0019840158565143334 0.0010565541737601212 -0.00066164798183111599 -4.5823655750070589e-05 0.00052502438306079372 -0.0024441518773146284 -0.0004305574493544777 -0.00010585498071280049
leaf_weight=51 55 48 175 53 1432 358 224 43 56 940 154 40 205 43 111 43 43 2564 8001 54 354 578 42 45 64 11726 1452 41 84 502
leaf_count=51 55 48 175 53 1432 358 224 43 56 940 154 40 205 43 111 43 43 2564 8001 54 354 578 42 45 64 11726 1452 41 84 502
internal_value=0.000260733 0.00191902 -0.000584837 -0.00438235 0.0022379 0.000960651 -0.000332454 -0.00301935 -0.00033 0.00011132 7.52349e-05 -0.00322826 8.68734e-05 7.07668e-05 -0.00211618 -0.000954545 -0.00358621 9.13024e-05 0.000292746 -0.000403207 0.000493341 -0.000600553 -0.00204545 -0.00550658 -0.00824299 -7.75787e-05 0.000648612 -0.00193929 -0.00464286 0.00101893
internal_weight=29581 2444 276 101 2168 736 378 154 99 27137 26197 91 26106 25901 240 197 86 25661 11702 2618 9084 1083 505 151 106 13959 2233 279 125 1954
internal_count=29581 2444 276 101 2168 736 378 154 99 27137 26197 91 26106 25901 240 197 86 25661 11702 2618 9084 1083 505 151 106 13959 2233 279 125 1954
is_linear=0
shrinkage=0.03


Tree=187
num_leaves=31
num_cat=0
split_feature=17 0 11 14 20 3 11 15 14 6 7 7 0 11 8 8 9 0 7 17 1 13 3 3 16 1 1 20 8 6
split_gain=7.55886 2.44105 2.98302 3.21182 2.80878 1.70868 1.99555 1.60242 1.56455 1.28803 1.45447 1.36363 1.96925 1.13743 1.03607 1.01676 1.45065 1.46328 1.0788 0.859966 1.87554 2.8519 2.00347 3.017 1.83421 1.76772 1.74268 1.41094 3.56521 1.20749
threshold=2.8804340341922567 95.446153846153848 8.4043603267498472 0.1922012759529079 0.21956766861367993 0.11639947699013543 9.2111400471547391 1.7005986908310777 0.19638806362534819 3.1847635729821149 0.81774058962830531 0.22509635317443136 1.3421998991185859 10.030956856813228 153.17016939429368 3.1678199607807742 0.075805452978725582 1.7546733241542518 0.31650999233430582 0.20508044523255842 0.27622890682318418 0.029103677741438468 0.1249545940890955 0.18302475333625465 -0.056459560924418652 0.30810147299509005 0.27543626146110622 0.94791718434217953 1.1178591004362515 -0.41492353175279978
decision_type=8 10 2 2 2 2 2 10 2 2 10 8 10 2 10 10 10 10 10 10 10 2 2 2 10 10 10 2 10 2
left_child=9 4 3 -3 -2 6 7 -6 -9 10 19 14 -13 -4 -11 16 17 -14 -19 20 -1 22 -22 -24 -25 -26 -21 -23 29 -29
right_child=1 2 13 -5 5 -7 -8 8 -10 11 -12 12 15 -15 -16 -17 -18 18 -20 26 21 27 23 24 25 -27 -28 28 -30 -31
leaf_value=9.1480630780999426e-05 1.1964139063918674e-05 3.4201898396082008e-05 6.4242405816279397e-05 -5.1062941972256381e-05 0.0014704667306180193 0.0015832336837272147 0.00071378255539895864 -0.0035844530945142649 -0.0010220028253995334 0.00068291332652436337 -0.002006899915572808 -0.0017612464951223675 -0.0021446793680095985 -1.8836016094238762e-05 -0.00022606480165299057 0.00067155810473426396 0.0027587404402786972 0.00062811233997813018 -0.0008313817207793203 -4.2028684187614744e-05 0.00030562290014586135 6.1385346932085771e-05 -0.0011389771094981898 -0.0020843928210760535 -0.00067457253565101326 0.00037233606692131411 0.00034330986125019386 -0.00055535819863035624 -0.0014084235768305254 0.0011002517549683218
leaf_weight=9948 1511 47 136 48 42 439 229 42 41 1169 58 54 42 48 61 237 77 77 41 13079 77 799 57 42 50 112 885 48 52 69
leaf_count=9948 1511 47 136 48 42 439 229 42 41 1169 58 54 42 48 61 237 77 77 41 13079 77 799 57 42 50 112 885 48 52 69
internal_value=0.000229624 0.0017798 -0.000867857 -0.00515625 0.00210065 0.000653652 -0.000895775 -0.00392857 -0.00632143 8.14501e-05 2.68229e-05 0.000866401 -0.000408317 0.00136216 0.00141349 0.000214737 -0.00117227 -0.00279503 -0.00105882 3.78287e-05 0.000232963 -0.000835501 -0.00320354 -0.0044542 -0.00272195 -0.00125153 -0.000119441 -6.19184e-06 -0.00248824 0.000432203
internal_weight=29617 2583 279 95 2304 793 354 125 83 27034 25276 1758 528 184 1230 474 237 160 118 25218 11254 1306 338 261 204 162 13964 968 169 117
internal_count=29617 2583 279 95 2304 793 354 125 83 27034 25276 1758 528 184 1230 474 237 160 118 25218 11254 1306 338 261 204 162 13964 968 169 117
is_linear=0
shrinkage=0.03


Tree=188
num_leaves=31
num_cat=0
split_feature=17 0 11 4 0 3 4 12 13 20 4 3 9 12 9 12 0 12 16 4 7 7 9 3 0 11 4 13 10 2
split_gain=8.47907 3.20999 2.80719 3.78586 1.7543 1.45286 2.37627 1.4292 1.024 1.21956 2.17107 1.9981 2.12403 1.57669 1.50613 2.03811 1.16863 1.16732 1.47542 4.0414 2.46749 1.7006 2.27488 2.07954 1.71839 2.12468 1.62083 4.16798 1.82646 1.35773
threshold=3.0937951317496952 95.446153846153848 8.4043603267498472 1106.5087488292536 3.9443663401003817 0.11729282061878168 923.3373347017972 0.34433968676679522 0.067539671971076506 0.33369671763327641 139.5168747391636 0.38859492634498499 0.042759249507686406 0.48540393255158515 0.0070793987473236871 0.46852287686543731 46.498798076923087 0.08036186035887917 0.21029984332783544 8387.9063714405293 0.044996701473583034 0.16861412961352035 0.029611855943704326 0.14327585940668722 2.0738819323039803 10.20560862886299 1865.1995702168426 0.18903683220768777 1.9478854578716629 6.5049946704537467
decision_type=8 10 2 8 8 2 8 2 2 2 10 2 10 2 10 2 10 2 8 8 10 10 8 2 10 2 8 2 10 10
left_child=8 4 3 -3 5 6 -2 -4 9 10 14 12 -12 -11 -1 -16 17 -10 21 20 -20 29 23 24 25 -23 27 28 -22 -19
right_child=1 2 7 -5 -6 -7 -8 -9 16 13 11 -13 -14 -15 15 -17 -18 18 19 -21 26 22 -24 -25 -26 -27 -28 -29 -30 -31
leaf_value=-0.0032361079490506573 -0.0022656931318775406 6.0740055756191959e-05 -3.2297450948679934e-05 -4.0777086766599561e-05 1.1605214892001114e-05 0.0018170441355311135 0.0009290560560210174 8.206190340814274e-05 -8.3604932557295076e-06 -2.0792755379145502e-05 0.00016779996507610589 -0.00095532065360760788 0.0017406026526362332 0.0025110239073127668 0.00011784870018014844 -0.00012301777738220484 -9.2127010706808643e-05 0.00059113800016036137 -0.0033164892345340959 -0.0035279435450003374 0.00022121120337790145 -0.0024952863808054516 0.00030997570100004863 0.0012694892462515235 -2.3963417754797878e-05 -0.00034479135514026247 0.00062458636308832752 -0.00087085023855439233 -0.00124880847774137 -0.00012821131152744832
leaf_weight=43 77 49 40 56 1581 373 190 132 2838 16943 1120 49 492 184 83 42 69 2599 73 41 829 42 395 70 54 41 636 47 91 181
leaf_count=43 77 49 40 56 1581 373 190 132 2838 16943 1120 49 492 184 83 42 69 2599 73 41 829 42 395 70 54 41 636 47 91 181
internal_value=0.000258647 0.00193037 -0.00111151 -0.00495283 0.00231008 0.000982839 -0.000705224 0.00124855 0.000103698 -1.64582e-05 0.000719672 0.00104874 0.00123125 -9.51073e-05 -0.00252071 -0.000833333 0.00038816 0.000422147 0.00069353 -2.27007e-05 0.000207514 0.00105705 -0.00038806 -0.00292788 -0.00506522 -0.00775 0.000454489 -0.000319215 0.000130293 0.00137001
internal_weight=29460 2498 277 105 2221 640 267 172 26962 18956 1829 1661 1612 17127 168 125 8006 7937 5099 1717 1676 3382 602 207 137 83 1603 967 920 2780
internal_count=29460 2498 277 105 2221 640 267 172 26962 18956 1829 1661 1612 17127 168 125 8006 7937 5099 1717 1676 3382 602 207 137 83 1603 967 920 2780
is_linear=0
shrinkage=0.03


Tree=189
num_leaves=31
num_cat=0
split_feature=20 0 7 12 9 19 10 9 7 9 4 9 10 9 9 7 3 4 6 0 11 8 4 9 0 14 9 8 1 14
split_gain=7.85345 2.98708 2.06664 1.62348 4.15671 1.12041 2.66599 4.90973 1.71743 1.85199 1.63726 1.76179 1.62037 1.45374 1.81072 3.0484 1.44908 1.64203 2.05996 1.33762 1.32475 4.33148 2.45982 1.56202 1.89682 2.16031 1.96238 2.40383 1.95039 2.43706
threshold=0.20605320543050182 46.498798076923087 0.39418933043723242 0.26074333867438476 0.16257158859904167 10.500000000000002 1.9324590901462153 0.12633453330293751 0.30789707081106904 0.030654295777607515 1457.8257225913492 0.0094685824048441909 1.1280085057340943 0.086504082084598213 0.071432053784994967 0.2713963117889448 0.11289228751996115 123.28416653708453 -0.16452537400223294 1.3058579607657321 7.4386775612200848 1.5567219689687641 378.95524677821629 0.20411679526159612 1.3294958930104757 0.65212773017579095 0.056977889180953346 1.2304545082850691 0.037268518518518541 0.082102018850611205
decision_type=2 10 10 2 10 2 10 10 10 10 10 10 8 8 10 10 2 8 2 10 2 8 8 8 10 2 10 10 10 2
left_child=1 -1 3 -3 -5 16 8 13 10 -10 12 -12 -7 14 -8 -16 20 18 -18 -13 21 -2 -23 24 25 -22 28 -28 -26 -30
right_child=5 2 -4 4 -6 6 7 -9 9 -11 11 19 -14 -15 15 -17 17 -19 -20 -21 23 22 -24 -25 26 -27 27 -29 29 -31
leaf_value=1.1257058445241081e-05 0.00014462909194662025 0.0001543008531582551 0.00045451533266009322 -1.2721750953568871e-05 -0.00011070639199883555 -1.2549340291715467e-05 0.00025100422684351667 -0.0047124901743491234 0.0011695354017174934 -0.0021391229478928959 -0.0016244615441798767 -0.00027891012526097227 0.00097173391113313868 0.0024731440137827736 -0.0020950206725695282 0.00039726960145982173 -0.0034647663397165355 0.00010022940205944599 -4.0304965355489461e-05 0.00017011057142827534 -0.00042195189977183424 -0.0042425423592523165 -0.0036870509554785334 0.00029074380318940045 1.0627451770058585e-05 0.0018969237935116008 -0.0010507895670334706 0.00055089119207877451 -0.0027207062817627848 -0.00045228645283283681
leaf_weight=2081 169 70 261 305 54 1626 65 45 52 70 77 765 782 73 61 53 42 15543 131 922 1512 46 40 556 1810 122 66 1586 46 491
leaf_count=2081 169 70 261 305 54 1626 65 45 52 70 77 765 782 73 61 53 42 15543 131 922 1512 46 40 556 1810 122 66 1586 46 491
internal_value=0.000277614 0.00179762 8.68308e-05 -0.00119302 -0.00200833 0.000120103 -0.000306402 -0.00305034 -0.000115949 -0.00360976 -1.29402e-05 -0.000707082 0.000495641 -0.00139921 -0.00285 -0.00511304 0.000208474 0.00036381 -0.00253448 -0.000502962 -0.000170365 -0.00228516 -0.00772414 -8.28755e-05 -0.000232694 -0.00109358 0.00011925 0.000911071 -0.000438245 -0.00202416
internal_weight=29522 2771 690 429 359 26751 4591 297 4294 122 4172 1764 2408 252 179 114 22160 15716 173 1687 6444 255 86 6189 5633 1634 3999 1652 2347 537
internal_count=29522 2771 690 429 359 26751 4591 297 4294 122 4172 1764 2408 252 179 114 22160 15716 173 1687 6444 255 86 6189 5633 1634 3999 1652 2347 537
is_linear=0
shrinkage=0.03


Tree=190
num_leaves=31
num_cat=0
split_feature=20 0 7 15 8 9 3 12 2 8 0 15 15 19 9 7 16 19 13 6 12 6 13 11 1 11 15 7 15 6
split_gain=8.93301 3.06611 2.29898 1.39582 1.18382 1.15285 1.77446 1.42294 1.69046 1.31817 1.56367 1.44085 1.90411 1.54638 1.84768 2.35979 1.35341 2.50843 5.02374 2.47479 1.32307 1.27091 1.24871 1.41484 1.23741 1.76852 1.20612 3.09959 1.19681 1.2003
threshold=0.20605320543050182 46.498798076923087 0.39418933043723242 1.2424533248940004 162.33537707238057 0.22210056573571405 0.16068577028092196 0.2245031083962408 5.8479582522806028 13.037562438796284 1.9983374155770131 2.4414009612931857 3.1567740231385479 6.5000000000000009 0.030654295777607515 0.18268057827430642 0.14403339218900754 3.5000000000000004 0.097862499266572853 0.26450980392156881 0.17091941394793511 -2.2242346252952223 0.087544951936644202 10.86340274719665 0.16428133306072382 8.9193862834171718 3.7256208424938388 0.16638951926295356 2.8617925509761908 0.69375425261013512
decision_type=2 10 10 8 10 8 2 2 8 10 10 8 10 2 10 10 10 2 2 2 2 2 2 2 10 2 10 10 10 2
left_child=1 -1 3 -3 -5 7 -7 8 -2 10 21 13 -13 -11 20 -16 26 18 -18 22 -15 -10 -19 -24 25 -17 -14 -28 29 -9
right_child=5 2 -4 4 -6 6 -8 28 9 11 -12 12 16 14 15 24 17 19 -20 -21 -22 -23 23 -25 -26 -27 27 -29 -30 -31
leaf_value=1.0919346691883848e-05 0.0005494708620143717 -4.2403299953085096e-05 0.00036229719893588684 2.804301921741358e-06 -9.9367699616395984e-05 0.00040066320968502319 -2.8024866526631361e-05 -0.00014384216503883187 -0.0020841164980113223 -5.8822295372975516e-05 0.0011263331271552405 0.00015607641234394781 0.00010038440937667995 0.00015916794642820094 -6.9976968730200585e-05 -0.0034407604556492164 -2.0471314798604574e-06 -0.00063212189752039787 -0.0011561442310894273 2.4642500684130992e-06 -0.0012107065354581134 -9.5301361304935051e-06 -0.0014106371512473531 -0.00014173747560155051 -0.00018025224221248658 -0.00071346304312571254 0.0002750546293123409 -0.002327108755023058 0.00041974615639512756 0.00020075172991015013
leaf_weight=2084 442 80 262 288 45 1140 978 1367 66 486 316 1451 429 113 97 77 51 42 40 344 64 13460 46 45 42 60 73 44 2340 3186
leaf_count=2084 442 80 262 288 45 1140 978 1367 66 486 316 1451 429 113 97 77 51 42 40 344 64 13460 46 45 42 60 73 44 2340 3186
internal_value=0.000243378 0.00186848 0.000110947 -0.00128261 -0.000422156 7.60076e-05 0.000747523 1.83536e-05 -0.000123447 -0.000170173 -3.85753e-05 -0.000689871 -0.000321512 -0.00169468 -0.00295374 -0.00448375 -0.00125381 -0.00227768 -0.00681522 -0.00139958 -0.00055618 -8.73807e-05 -0.00485821 -0.00681522 -0.00651667 -0.0078913 -0.000186472 -0.00287288 0.000384247 0.000100791
internal_weight=29558 2759 675 413 333 26799 2118 24681 17788 17346 13842 3504 2565 939 453 276 1114 568 91 477 177 13526 133 91 179 137 546 117 6893 4553
internal_count=29558 2759 675 413 333 26799 2118 24681 17788 17346 13842 3504 2565 939 453 276 1114 568 91 477 177 13526 133 91 179 137 546 117 6893 4553
is_linear=0
shrinkage=0.03


Tree=191
num_leaves=31
num_cat=0
split_feature=17 20 14 3 0 11 19 8 8 11 12 8 3 15 0 14 11 7 9 1 14 14 0 11 0 14 9 20 15 15
split_gain=9.50174 1.7526 1.86727 1.49721 1.32271 1.54194 1.27319 1.54151 2.58673 1.89214 1.81269 1.73277 1.52549 1.53785 1.51136 1.24272 1.72806 1.36647 1.73838 2.60981 1.79858 2.18133 2.2564 2.07757 1.86299 1.37472 2.78425 1.88158 1.95135 5.37139
threshold=3.9131647042326239 0.34307282568542236 0.14977650506690496 0.3998082787744146 46.498798076923087 8.4043603267498472 10.500000000000002 19.151368462309481 22.797201006882407 8.853022361619038 0.059240700446010493 1.6880443971048062 0.43122473368879116 3.8815106545092593 1.4663991370358149 0.075292873884918579 11.987359769437733 0.34949895289900063 0.031872332606303906 0.13819628647214857 0.24726704078709502 0.56404018656030031 2.23242025849411 9.241160509614966 1.4908752639688527 0.34481896604462137 0.22210056573571405 0.64697382712483498 3.1567740231385479 3.3842466058243152
decision_type=8 2 2 2 10 2 2 10 10 2 2 8 2 10 10 2 2 8 10 8 2 2 10 2 10 2 10 2 8 8
left_child=1 2 -1 -4 -2 -6 12 11 -9 14 -11 -8 15 -14 -10 16 -3 25 -19 20 -20 22 24 -23 -22 26 27 -17 -29 -30
right_child=4 6 3 -5 5 -7 7 8 9 10 -12 -13 13 -15 -16 17 -18 18 19 -21 21 23 -24 -25 -26 -27 -28 28 29 -31
leaf_value=-4.5378954941701525e-05 1.0591766291127333e-05 0.00024594251648620436 0.00051839357320510428 -0.00078681007911281958 -2.105350338989168e-05 5.7183422638722235e-05 -0.00018414426909868766 -0.0019549324922448663 -0.0012458101360450918 -0.0018148447737667888 0.00011218370114414647 0.00041279730964283162 0.00037570649635526891 -0.00038973893603924214 -0.0020688368739965814 8.830598975018478e-05 -0.0021482017246217552 6.1344741052622831e-05 0.00010530029000080828 0.00068793519424707923 -0.0015174179449566202 -0.0027081043928552199 -0.0022957194843813917 0.00098637611025520814 -0.0001683210170742609 7.119390245001563e-05 0.00061205371825398026 -8.4350775972893706e-05 -0.00080030799436292814 -6.6927802333182875e-05
leaf_weight=673 1790 2583 1688 41 128 197 2651 70 76 47 438 1006 1479 79 49 2985 43 524 110 152 43 94 51 74 73 6272 440 4020 625 1088
leaf_count=673 1790 2583 1688 41 128 197 2651 70 76 47 438 1006 1479 79 49 2985 43 524 110 152 43 94 51 74 73 6272 440 4020 625 1088
internal_value=0.000239169 8.99728e-05 0.00086392 0.00138555 0.00217628 0.000414111 1.5794e-05 -0.00045159 -0.00176211 -0.0011293 -0.000277778 -0.00020749 0.000113571 0.00101604 -0.00440476 4.02024e-05 0.000646365 -5.60052e-05 -0.00106684 -0.00217224 -0.0033296 -0.00441964 -0.00683929 -0.00198817 -0.00446154 1.74974e-05 -0.000216836 -0.000334442 -0.000652424 -0.0015
internal_weight=29589 27474 2402 1729 2115 325 25072 4337 680 610 485 3657 20735 1558 125 19177 2626 16551 1121 597 445 335 167 168 116 15430 9158 8718 5733 1713
internal_count=29589 27474 2402 1729 2115 325 25072 4337 680 610 485 3657 20735 1558 125 19177 2626 16551 1121 597 445 335 167 168 116 15430 9158 8718 5733 1713
is_linear=0
shrinkage=0.03


Tree=192
num_leaves=31
num_cat=0
split_feature=17 0 0 11 4 16 1 10 16 11 14 4 16 14 1 16 4 13 6 17 15 17 0 11 0 16 12 10 5 0
split_gain=8.43123 1.53139 1.68723 1.51482 1.76929 1.31299 1.57447 1.03592 1.19316 2.3665 1.18211 2.52094 1.60321 1.4372 5.29123 1.36975 1.35719 2.30434 1.45087 1.29051 1.19187 1.24974 1.14431 2.9592 1.03711 1.55141 1.59899 1.58407 1.43791 1.50575
threshold=3.3509556123729944 95.446153846153848 4.8546916616174451 8.4043603267498472 1106.5087488292536 0.23891857139394032 0.091431556948798356 2.5788237994635157 -0.29754298369186521 8.7029255878836604 0.077051950493642052 8387.9063714405293 0.12539663431673923 0.080337800665521222 0.14359351988217975 0.19595530238711706 263.5512579623433 0.0054501382769728953 1.2214645415560919 0.48440258644600981 1.4978661367769956 1.0379166167518183 0.93509066872954083 9.3376335966645136 2.6049838734176016 0.21215611310054852 0.076797300686663142 2.2728075337953229 0.65997591328783634 46.498798076923087
decision_type=8 10 8 2 8 8 8 8 8 2 2 10 8 2 8 10 8 2 2 10 10 10 10 2 10 8 2 10 10 10
left_child=7 2 5 4 -3 6 -2 8 9 -1 11 15 -13 14 -12 16 17 -10 22 -20 21 -17 23 -18 25 26 27 -15 29 -26
right_child=1 3 -4 -5 -6 -7 -8 -9 10 -11 13 12 -14 24 -16 20 18 -19 19 -21 -22 -23 -24 -25 28 -27 -28 -29 -30 -31
leaf_value=-0.0080196723295612709 -0.0025711713683187008 4.7445377373691782e-05 1.0274013302393512e-05 2.2746534752983616e-05 -6.2971249656879036e-05 0.0012419098249458228 0.0028479430732111879 0.00035575412472753723 -0.0023779096605509639 0.00068963691987052511 0.00024959510169496324 1.8389204435012227e-06 -0.0032692570242539762 -3.9921160049612065e-05 -0.0017084427037127158 -0.00061342412203880094 0.0013524697166532782 0.0018375856959578244 -0.0002763333282141937 0.00086661462863976549 0.00065958203580334697 0.00081336780920196396 0.00041480598392327361 -0.00086865831629564724 0.00054326392468310438 -0.00010687532074730308 8.4346968110768223e-05 -0.0030637767685188703 -0.00024333963252222955 -7.369999000529473e-05
leaf_weight=45 92 48 1401 173 51 502 46 966 41 51 132 43 40 3805 56 122 66 48 506 154 1329 78 1335 58 2077 6774 9147 63 81 215
leaf_count=45 92 48 1401 173 51 502 46 966 41 51 132 43 40 3805 56 122 66 48 506 154 1329 78 1335 58 2077 6774 9147 63 81 215
internal_value=0.000287856 0.00202636 0.00230803 -8.7912e-05 -0.00303 0.00102964 -0.00155396 0.000140124 0.000104618 -0.00321649 0.000116923 0.000604554 -0.00453571 3.35557e-05 -0.00257143 0.000719904 0.000241738 -0.00336667 0.000394811 -0.000771558 0.0014098 -0.000746269 0.000922603 -0.001824 5.57687e-05 -1.53107e-05 0.000176322 -0.00033497 0.000648273 0.000787615
internal_weight=29545 2313 2041 272 99 640 138 27232 26266 96 26170 3820 83 22350 188 3737 2208 89 2119 660 1529 200 1459 124 22162 19789 13015 3868 2373 2292
internal_count=29545 2313 2041 272 99 640 138 27232 26266 96 26170 3820 83 22350 188 3737 2208 89 2119 660 1529 200 1459 124 22162 19789 13015 3868 2373 2292
is_linear=0
shrinkage=0.03


Tree=193
num_leaves=31
num_cat=0
split_feature=20 0 13 15 0 2 4 8 16 1 0 13 8 4 9 12 9 9 2 4 15 13 8 11 12 16 16 13 15 7
split_gain=9.95201 2.61053 1.45237 1.52412 1.69082 1.96146 1.37081 1.73829 1.47499 2.02513 1.93024 1.56916 1.31524 2.87898 4.3258 1.21979 1.98399 1.47743 1.36275 2.03547 1.47063 1.35047 1.44124 1.6975 1.27927 1.19667 1.58264 2.65647 1.64946 1.20578
threshold=0.20605320543050182 46.498798076923087 0.067539671971076506 3.7726948748059121 1.3252198242618103 3.7939995836646498 1440.7195322802004 1.2534388933884364 0.35372724581483944 0.18490028490028496 1.0562487960703739 0.014167410074786764 94.620474654151153 1058.6064747210626 0.019265974155035052 0.2825268845644287 0.079301927706968187 0.2264064499304077 6.3864272972994769 1835.5141308575439 3.3140206880897671 0.026474482200532997 56.026919910946361 7.7834323062786455 0.13776991863197677 -0.048329122431268884 -0.038127211504394194 0.041319430960577268 1.4978661367769956 0.044996701473583034
decision_type=2 10 2 10 10 10 10 10 10 10 10 2 10 10 10 2 8 10 10 10 10 2 10 2 2 8 10 2 10 8
left_child=1 -1 3 15 5 6 8 -8 9 10 -5 -11 13 -3 -15 17 21 18 25 -20 -21 22 -17 -24 -19 -2 27 28 -27 -28
right_child=2 12 -4 4 -6 -7 7 -9 -10 11 -12 -13 -14 14 -16 16 -18 24 19 20 -22 -23 23 -25 -26 26 29 -29 -30 -31
leaf_value=9.9657929033217071e-06 0.0003159885152918268 1.4692663372939257e-05 9.1691762176050246e-05 -0.00018607352875395829 1.8133530322536294e-06 0.00033024954534194019 -3.9473305119157126e-05 -0.00084682511629203411 -0.0014311717336105935 -8.3955773356558715e-05 0.00047134841494417116 -0.0011621077757795395 5.3108427227027946e-05 -0.00011630642243275084 -4.0156012908553232e-06 -0.00011414443713661287 0.0010069350405819081 0.00068044398420293256 0.00051141369627276086 -0.0004853574325961784 -0.00041466457468712073 0.0010976691737958511 -0.0015220409791918334 0.001518202784020277 -0.00030783447504947246 -0.0021343400524904445 0.00020190224640642744 -0.0009751628853304948 2.3232760861108063e-05 -6.838092077298842e-05
leaf_weight=2055 685 212 7974 89 626 69 69 79 40 44 195 47 324 40 106 2238 801 458 88 126 41 268 43 311 102 68 907 44 229 11289
leaf_count=2055 685 212 7974 89 626 69 69 79 40 44 195 47 324 40 106 2238 801 458 88 126 41 268 43 311 102 68 907 44 229 11289
internal_value=0.000201935 0.00192513 2.67351e-05 -0.000116158 -0.0011247 -0.00221801 -0.00280319 -0.00527517 -0.00191106 -0.00131649 -6.31578e-05 -0.00518478 0.000316252 -0.000935933 -0.00416327 -4.44092e-05 0.000443201 -0.000171606 -0.000234382 -0.00240234 -0.00433929 7.3401e-05 -0.000136521 0.00163944 0.0013369 -0.000192392 -0.000259132 -0.00227193 -0.00123825 -0.000202673
internal_weight=29667 2737 26930 18956 1258 632 563 148 415 375 284 91 682 358 146 17698 3661 14037 13477 255 167 2860 2592 354 560 13222 12537 341 297 12196
internal_count=29667 2737 26930 18956 1258 632 563 148 415 375 284 91 682 358 146 17698 3661 14037 13477 255 167 2860 2592 354 560 13222 12537 341 297 12196
is_linear=0
shrinkage=0.03


Tree=194
num_leaves=31
num_cat=0
split_feature=17 20 17 12 15 15 4 9 17 4 14 14 15 5 5 1 17 7 16 15 3 7 6 12 17 12 17 15 17 12
split_gain=8.85113 1.48981 1.35331 1.34703 1.41794 2.02108 4.97644 1.71946 3.05981 1.50114 1.36363 2.08098 4.81477 1.60265 1.35297 1.34332 1.30108 2.56705 1.80642 3.09112 2.71975 3.44548 1.92637 1.61309 1.29791 1.56977 1.7707 1.9059 2.23709 2.22818
threshold=3.3509556123729944 1.0000000180025095e-35 0.21133204779067682 0.36576277341710034 2.8617925509761908 3.2769667020129059 496.11124446763648 0.015607635932383889 0.95497662265565875 677.98693717565777 0.53155137204079328 0.50260075773806701 2.602003343538398 0.38223338115734107 0.93960437710437728 0.20468236582694418 0.73261819416092355 0.043241137431346922 0.20845529954609879 2.249904835165133 0.084383179060895569 0.29501187580757693 2.0898698765420609 -0.029922269965077849 0.23122480746474805 0.19125343074774562 0.25682346812948054 3.5408542930527882 0.51749023245196768 0.15889117216631024
decision_type=8 2 10 2 8 8 8 8 10 8 2 2 10 8 8 10 10 8 10 10 2 10 2 2 10 2 10 8 10 2
left_child=2 -2 15 4 10 7 -7 8 -6 -8 11 13 -13 -4 -11 -1 23 -18 19 20 -19 22 -22 -15 -16 26 -26 28 29 -28
right_child=1 -3 3 -5 5 6 9 -9 -10 14 -12 12 -14 16 24 -17 17 18 -20 -21 21 -23 -24 -25 25 -27 27 -29 -30 -31
leaf_value=0.0001098497688476345 9.6668191162220571e-06 0.00020798212107924716 -0.0006128084382653981 0.00016782668374124544 0.00012360041548218148 -0.0024202799408510412 0.0017818263948285091 0.00034335361304965679 -0.0015544383245337664 0.00025823570422641931 0.00011765074594854771 -0.000338107547163338 -0.0018451373598095907 0.00069013806935161774 -0.00039043168840472331 -7.6032989616543721e-05 -0.0031789967336839885 -0.00011394813841708151 0.00036440251925092367 0.00020570364177739236 -0.0035810543273287723 0.00010762131837422941 -0.0003862177991942344 -0.00022170908155369842 0.00031614856357187779 0.00017356407629194224 -0.00073648921237761398 -9.0881414727803789e-05 -7.0062904970859285e-05 -0.0013346196490339819
leaf_weight=9660 839 1543 50 1555 208 60 192 2623 78 480 1044 104 41 239 190 2229 44 210 1315 504 65 62 50 3408 150 949 354 974 334 65
leaf_count=9660 839 1543 50 1555 208 60 192 2623 78 480 1044 104 41 239 190 2229 44 210 1315 504 65 62 50 3408 150 949 354 974 334 65
internal_value=0.00022576 0.00197902 7.23623e-05 -0.000113753 -0.000208134 0.000106789 -0.000353694 0.0007 -0.00150523 -0.000213066 -0.000501891 -0.00067356 -0.00421233 -0.000586584 -0.000355161 0.000312616 -0.000540692 2.66549e-05 0.000171273 -0.000871076 -0.00288402 -0.00561236 -0.00866379 -0.000890625 -0.000590653 -0.000428723 -0.00093131 -0.00120312 -0.00233554 -0.00379286
internal_weight=29619 2382 27237 15348 13793 6657 3748 2909 286 3688 7136 6092 145 5947 3496 11889 5897 2250 2206 891 387 177 115 3647 3016 2826 1877 1727 753 419
internal_count=29619 2382 27237 15348 13793 6657 3748 2909 286 3688 7136 6092 145 5947 3496 11889 5897 2250 2206 891 387 177 115 3647 3016 2826 1877 1727 753 419
is_linear=0
shrinkage=0.03


Tree=195
num_leaves=31
num_cat=0
split_feature=0 12 0 12 9 8 8 14 11 3 0 0 15 11 11 14 13 1 13 1 14 3 12 0 3 5 5 8 12 0
split_gain=7.12655 3.18599 3.2635 4.51399 3.29566 1.66982 2.18783 2.35394 1.92105 1.79789 1.43801 1.17649 0.913126 1.25688 2.25949 2.4946 1.61001 1.69088 2.36414 2.13968 2.70352 2.98133 4.51014 1.3406 1.68898 1.05327 1.0324 1.30386 1.01287 1.15373
threshold=1.0000000180025095e-35 0.34066920781842175 46.498798076923087 0.26074333867438476 0.16454424296092293 46.344994096059459 41.286945606663984 0.3996427406642224 7.0427230439640427 0.34904473974145528 3.9443663401003817 1202.4166666666667 4.7050052835523761 11.112395637900898 10.86340274719665 0.69023720239001662 0.10228631454299626 1.0000000180025095e-35 0.075123561178372128 0.1038074712643678 0.29018905391523753 0.14059640524172845 0.13992981669643537 1.0462208947841087 0.077560457673444813 0.45947277654594737 0.93042728385445661 1.657417536884378 0.24402223992173247 1.2725520100267127
decision_type=10 2 10 2 10 8 10 2 2 2 10 10 10 2 2 2 2 10 2 10 2 2 2 10 2 8 8 10 2 10
left_child=-1 2 10 -4 -5 6 11 9 -7 -8 12 -3 13 14 -2 25 17 18 26 -19 21 22 -21 -18 -25 -16 -15 -28 29 -22
right_child=1 5 3 4 -6 8 7 -9 -10 -11 -12 -13 -14 16 15 -17 23 19 -20 20 28 -23 -24 24 -26 -27 27 -29 -30 -31
leaf_value=9.376814542735395e-06 5.2178541460515165e-06 0.00043297704198953519 0.00017224368926883904 -1.0519857783418731e-05 -0.00011803563563780748 -0.00065277566192475272 -0.00010975427738946718 0.0025872450185219524 0.00097196403446074184 -0.0009755571283477794 0.00078792799189958201 -1.914098127614877e-05 0.00099608939854573843 -0.00035924220314877868 -0.00042069227668633152 -0.0015731909410124376 -0.0021669117206838773 0.00016986133203158923 -0.0025149123949694749 -0.0017264837523031963 -0.00019466062363043303 3.4125160809569961e-05 -0.00028976135666536514 -0.0006151865875050008 0.00043296150965925484 0.00059713042051301793 -0.00066962519220265784 0.00011988593367931265 -0.00037856864600745383 0.00016943593790406581
leaf_weight=835 20784 2235 55 65 49 40 94 59 1062 78 544 63 115 59 44 50 43 405 56 40 150 42 45 47 581 1416 141 124 41 145
leaf_count=835 20784 2235 55 65 49 40 94 59 1062 78 544 63 115 59 44 50 43 405 56 40 150 42 45 47 581 1416 141 124 41 145
internal_value=0.000266064 0.000186447 6.60092e-05 -0.00407647 -0.00746087 0.0010168 0.0005917 -0.00218534 0.00199093 -0.00395376 9.43193e-05 0.000871683 6.01752e-05 4.7452e-05 0.000110877 0.00123097 -0.000689062 -0.00132586 -0.00299213 -0.000593786 -0.00198491 -0.00569531 -0.00889535 0.000495536 0.000848967 0.00145791 -0.00199385 -0.00118421 -0.000569733 5.06758e-05
internal_weight=29507 28672 25041 169 114 3631 2529 231 1102 172 24872 2298 24328 24213 22294 1510 1919 1248 380 868 463 127 85 671 628 1460 324 265 336 295
internal_count=29507 28672 25041 169 114 3631 2529 231 1102 172 24872 2298 24328 24213 22294 1510 1919 1248 380 868 463 127 85 671 628 1460 324 265 336 295
is_linear=0
shrinkage=0.03


Tree=196
num_leaves=31
num_cat=0
split_feature=20 0 15 17 0 17 9 3 15 11 15 8 7 9 4 1 16 1 10 8 4 6 4 9 19 10 3 10 10 6
split_gain=7.8239 4.20724 2.9228 2.01203 1.98683 1.75661 1.62087 1.48308 1.19226 1.624 1.10584 1.1261 1.10489 1.97352 3.4548 2.87712 2.55838 2.44078 1.81115 1.80272 1.91198 2.88207 1.713 2.49989 1.33261 2.79251 2.32774 1.62124 1.54911 1.32118
threshold=0.20605320543050182 46.498798076923087 0.89587973461402759 -1.0972010123839155 1202.4166666666667 1.9823507676023684 0.049323039161274458 0.094848898001407209 2.6735537653587347 10.426261508060465 2.1383330595080281 4.4591508171142653 0.33645888450979838 0.031872332606303906 2501.7930689053878 0.13976744186046516 0.055850480145661831 0.05466998754669989 1.7927515380044075 2.4590190092219264 1688.2589073265658 1.0668178337594316 7442.1150709420062 0.0025046752417442089 10.500000000000002 1.9478854578716629 0.26065465585284026 2.2728075337953229 1.6839305312372332 1.0558279405926398
decision_type=2 10 10 10 10 8 10 2 10 2 10 10 8 10 8 10 8 10 10 10 10 2 8 8 2 10 2 10 10 2
left_child=1 5 3 4 6 10 -3 -5 -4 -10 11 -1 24 22 15 16 -15 19 -19 -18 -21 -22 -14 -24 -2 28 27 29 -26 -27
right_child=12 2 8 7 -6 -7 -8 -9 9 -11 -12 -13 13 14 -16 -17 17 18 -20 20 21 -23 23 -25 25 26 -28 -29 -30 -31
leaf_value=-0.0010280739311254266 5.0951444366482562e-05 3.0398227602824526e-05 0.00017296956126599663 0.00010158934347123944 -2.911948093727621e-05 9.0955101064533325e-06 -4.4089130032778108e-05 -8.4119138436103915e-05 -7.8957878136370012e-05 0.00029360329595450404 0.0017066299238605303 0.00019548249327396193 0.00030153438532025346 0.00095741519772401076 0.00045781348644998983 0.00070202424445563454 -0.0032745347595969083 -0.0030083199473710603 -0.0015605041167835933 -0.00021951930095036787 -0.002317460917024144 -7.988249498865585e-05 -0.0024603452647187179 0.00012980866029718556 -9.9676981444071479e-05 -0.00031844227401066073 -0.0026957611921473597 0.0012655082769612606 0.00085169209947813529 -0.0017529218341101843
leaf_weight=74 19907 49 333 67 47 1533 46 41 76 48 283 231 1019 80 259 175 54 81 54 337 52 50 101 139 3800 64 74 60 422 49
leaf_count=74 19907 49 333 67 47 1533 46 41 76 48 283 231 1019 80 259 175 54 81 54 337 52 50 101 139 3800 64 74 60 422 49
internal_value=0.000236608 0.00173701 -0.000266949 -0.00286853 -0.0052028 0.00240481 -0.00265625 0.000220184 0.00115939 -0.001344 0.00100849 -0.000245098 7.80866e-05 -0.000535803 -0.00143832 -0.00233145 -0.00318195 -0.00382512 -0.00738971 -0.00283603 -0.00218864 -0.00576699 0.000283333 -0.0019917 0.000138573 -0.00032953 -0.00342339 -0.0015 -0.000147762 -0.00360526
internal_weight=29605 2828 707 250 142 2121 95 108 457 124 588 305 26777 2401 1142 883 708 628 135 493 439 102 1259 240 24376 4469 247 173 4222 113
internal_count=29605 2828 707 250 142 2121 95 108 457 124 588 305 26777 2401 1142 883 708 628 135 493 439 102 1259 240 24376 4469 247 173 4222 113
is_linear=0
shrinkage=0.03


Tree=197
num_leaves=31
num_cat=0
split_feature=20 0 15 13 17 3 17 3 11 1 6 15 0 13 8 17 15 0 11 8 6 16 15 15 4 0 16 3 16 12
split_gain=8.30772 4.48457 1.51527 2.28513 1.70355 1.44002 1.37652 1.16955 1.31856 2.44127 2.51368 2.31823 2.12856 1.72998 1.67948 1.60731 1.46404 1.34293 3.33567 2.97465 1.55482 1.39765 1.60105 2.52292 1.30269 1.75878 1.30194 1.14341 1.45137 3.44392
threshold=0.20605320543050182 46.498798076923087 2.6735537653587347 0.035874103367187875 0.61166134009075224 0.041815708213642465 5.9592302853142547 0.10932776564183717 10.112471320548684 0.047516420361247987 1.6949686082093491 2.8029010331479989 2.1758322155458596 0.064670890218624835 46.344994096059459 3.6137932482242756 3.0201273556387074 1.2978347075943824 11.020218035545364 1.1243356542607239 1.3204413383131033 0.18893073395317994 4.0517471391904856 3.7726948748059121 5219.4247356016449 1.8420460472345617 0.066522166429123369 0.04883231271839264 -0.021155585430419049 0.078010605713496176
decision_type=2 10 8 2 8 2 8 2 2 10 2 10 10 2 10 10 10 10 2 10 2 10 10 10 10 10 10 2 10 2
left_child=1 -1 3 -3 -4 -6 7 8 9 10 11 15 13 16 17 -2 -13 18 20 -20 -10 22 23 -21 -19 -26 -18 -11 29 -29
right_child=6 2 4 -5 5 -7 -8 -9 14 27 -12 12 -14 -15 -16 -17 26 24 19 21 -22 -23 -24 -25 25 -27 -28 28 -30 -31
leaf_value=8.8226448032597342e-06 -0.0003320387477279883 0.0002397879230527648 6.6650604013167154e-05 -4.5677452334503034e-05 -5.2761558346306173e-05 -6.7386791997798475e-05 0.0025449418810780328 3.929149775386801e-05 0.00041189894838800269 0.001148679833937048 0.00020812255566214421 -0.0046147633333341251 8.914740856684124e-05 -4.9621930937555557e-05 -0.00049453509753967896 -0.0031961874991173903 -0.00087918550103285842 0.00031556801243554219 0.0017881807814417428 -0.00011882803975978082 -0.00056172513284519817 -0.0014513031077112923 7.0183562554923138e-05 -0.00049689044996777728 -0.00085512235445435859 0.001079096419525297 -0.0022817689355567406 -0.00078939523535334611 7.4294361119411328e-05 0.00090001117492964015
leaf_weight=2061 1537 323 91 74 48 136 254 19329 547 375 371 67 67 47 604 63 40 1862 49 51 104 43 49 40 46 45 45 51 1009 87
leaf_count=2061 1537 323 91 74 48 136 254 19329 547 375 371 67 67 47 604 63 40 1862 49 51 104 43 49 40 46 45 45 51 1009 87
internal_value=0.000249526 0.0018248 -0.00030312 0.00088191 -0.00201087 -0.00366486 8.87131e-05 6.76242e-05 -0.00025875 -0.000647074 -0.00127748 -0.00172576 -0.00431461 -0.005865 0.00016565 -0.00129294 -0.00741176 0.000471625 -0.000498869 -0.0035794 0.000602761 -0.00533152 -0.00382979 -0.00616304 0.00091044 -0.00257609 -0.0047093 0.000279711 -0.000190766 -0.00306475
internal_weight=29515 2733 672 397 275 184 26782 26528 7199 3759 2237 1866 266 199 3440 1600 152 2836 883 232 651 183 140 91 1953 91 85 1522 1147 138
internal_count=29515 2733 672 397 275 184 26782 26528 7199 3759 2237 1866 266 199 3440 1600 152 2836 883 232 651 183 140 91 1953 91 85 1522 1147 138
is_linear=0
shrinkage=0.03


Tree=198
num_leaves=31
num_cat=0
split_feature=0 12 15 14 9 0 8 0 11 0 12 9 20 13 8 15 15 12 15 15 11 14 7 13 13 9 9 12 7 3
split_gain=7.28989 2.51819 1.4249 1.72671 1.91106 1.56206 1.37473 2.00046 1.5433 1.34994 3.28238 3.38145 1.90482 1.5633 1.52432 1.75568 1.87164 1.27639 1.7047 1.63752 1.87285 1.48699 2.09964 1.85906 2.78368 1.40139 1.77836 2.27374 1.34437 1.9237
threshold=1.0000000180025095e-35 0.33700503497395223 4.5485858369352732 0.16135947613363874 0.013741273351791974 46.498798076923087 53.124934602863654 1202.4166666666667 7.7834323062786455 46.498798076923087 0.26074333867438476 0.16257158859904167 0.24302023357077296 0.067539671971076506 53.124934602863654 2.0126758453675748 3.4811217321331038 0.082768146757525876 4.5485858369352732 2.740319461670996 9.6116301036319403 0.21366555468538176 0.068931760951852286 0.15481290687853025 0.10650493021209033 0.092012043938932156 0.2102715020809339 -0.019047422477144412 0.15557299315193249 0.1716978499600291
decision_type=10 2 8 2 10 10 8 10 2 10 2 10 2 2 10 8 10 2 8 8 2 2 10 2 2 10 10 2 10 2
left_child=-1 9 6 4 -4 -5 7 -3 -8 12 -11 -12 -2 -14 17 -16 -17 19 28 20 25 23 -23 24 -22 -15 27 -27 29 -19
right_child=1 2 3 5 -6 -7 8 -9 -10 10 11 -13 13 14 15 16 -18 18 -20 -21 21 22 -24 -25 -26 26 -28 -29 -30 -31
leaf_value=8.5579654591619419e-06 0.00082677696376341433 0.00031976203973963201 -8.4123414952856104e-06 0.0019710607524233347 -0.0001865339855821226 -9.484100051404094e-05 -0.00074242283496445951 -2.7485166863515408e-05 0.0014488053901308437 0.00012106039528154961 -1.1379201558411121e-06 -0.00011315727232871901 -2.5725681052445886e-05 0.00065902299735176714 -0.00072604405728311457 -5.8408224153953003e-07 -0.0005576063501124554 0.00073594373630984802 -0.0015428933118185185 0.00015864642718222178 -0.0012033265994183123 -0.00063539775488094324 0.00040322268246531544 0.00036236591685246739 -0.0023242286323110085 -0.00032029089193734802 5.7557486576060711e-05 -0.0044240462557049833 4.930013894780396e-06 4.6621198322523341e-05
leaf_weight=837 481 2460 85 173 73 40 59 40 813 61 61 49 16610 264 61 615 49 2081 99 2036 49 95 68 41 47 57 149 56 1078 1010
leaf_count=837 481 2460 85 173 73 40 59 40 813 61 61 49 16610 264 61 615 49 2081 99 2036 49 95 68 41 47 57 149 56 1078 1010
internal_value=0.000238097 0.000157999 0.000883814 -0.000879032 -0.00324528 0.000883178 0.00107797 0.000719712 0.00210309 4.9805e-05 -0.00259884 -0.00567568 6.80644e-05 3.1268e-05 0.000379964 -0.000929752 -0.000478195 0.000513252 0.000841883 2.30529e-05 -0.00110278 -0.00299003 -0.00104268 -0.00528261 -0.00754639 -2.27703e-05 -0.00157414 -0.00439474 0.000934532 0.00125259
internal_weight=29697 28860 3743 371 158 213 3372 2500 872 25117 171 110 24946 24465 7855 725 664 7130 4268 2862 826 300 163 137 96 526 262 113 4169 3091
internal_count=29697 28860 3743 371 158 213 3372 2500 872 25117 171 110 24946 24465 7855 725 664 7130 4268 2862 826 300 163 137 96 526 262 113 4169 3091
is_linear=0
shrinkage=0.03


Tree=199
num_leaves=31
num_cat=0
split_feature=0 0 0 7 12 4 1 3 3 14 14 20 13 16 16 4 14 11 16 16 10 11 14 14 12 14 4 13 6 1
split_gain=7.50502 2.49827 2.66861 1.97569 2.14919 4.25559 1.64526 1.58335 1.52635 2.22436 1.87882 2.40702 2.55708 2.01874 2.50771 1.80419 1.17839 2.55973 1.53395 1.44995 1.66112 1.42145 1.25968 1.13279 1.1208 1.17257 1.40989 1.59952 1.88108 1.74344
threshold=1.0000000180025095e-35 2.9971553854031452 46.498798076923087 0.39418933043723242 0.26272134895893556 2104.0674164843053 0.071661998132586349 0.10932776564183717 0.36074935571588113 0.45916942315593406 0.14977650506690496 0.19262501975256582 0.0043971760140966805 0.25723900418894075 0.14707850025780309 1652.8882539928197 0.34481896604462137 8.9786604816926623 0.15947893829381535 -0.042650697267831571 1.4392614138029318 11.020218035545364 0.65212773017579095 0.12501922485389114 0.30494223795343883 0.13069051613163477 937.77562917017872 0.048338929168270359 0.86947638991670739 0.07561463693539168
decision_type=10 10 10 10 2 10 8 2 2 2 2 2 2 8 10 8 2 2 10 8 10 2 2 2 2 2 8 2 2 10
left_child=-1 7 8 4 -4 -6 -5 16 10 -10 11 -3 13 14 -13 -15 24 18 -18 20 -19 -21 -20 -16 25 26 27 28 -2 -29
right_child=1 2 3 6 5 -7 -8 -9 9 -11 -12 12 -14 15 23 -17 17 19 22 21 -22 -23 -24 -25 -26 -27 -28 29 -30 -31
leaf_value=8.3012264953870825e-06 0.00063741963371461222 0.0018239047865193105 0.00011534202270877512 0.00066276403769394848 -2.4225197680502822e-05 -9.5387717469769278e-05 -2.7152077259168335e-05 3.3458659244397208e-05 0.0021439934066980106 -0.00075979900100086521 0.0012019786467056873 -0.0015560803209019908 0.001884778962642447 -0.0026630454585128012 -0.0020353320490634 0.0027737110706507057 -3.4583043192643991e-05 4.1565806826811307e-05 -0.0033217852265742184 0.00056194742477615146 -0.0015183712877186689 -6.8710113764332127e-05 -0.00066078217624144793 -0.0010262440641622495 0.00084840462827408107 -0.00027200109282088554 0.00028181805885017514 -0.0027739205395444382 -0.0010037400870667604 -4.9652051465987794e-05
leaf_weight=840 253 320 64 202 275 75 58 19051 121 59 1762 62 85 45 40 78 120 97 78 1267 44 385 45 40 131 3070 820 56 77 57
leaf_count=840 253 320 64 202 275 75 58 19051 121 59 1762 62 85 45 40 78 120 97 78 1267 44 385 45 40 131 3070 820 56 77 57
internal_value=0.000202878 0.000121402 0.000899909 -0.000782222 -0.00206747 -0.00299145 0.00126437 2.12509e-05 0.0013341 -0.00132597 0.00153144 0.000178838 -0.00153846 -0.00298872 -0.00541259 -0.000169355 -0.000383018 0.000215022 -0.00266803 0.000607024 -0.00230282 0.000856624 -0.00500806 -0.00888889 -0.000655767 -0.000738579 3.08545e-05 -0.00133108 -0.000271903 -0.00439474
internal_weight=29677 28837 3286 674 414 350 260 25551 2612 180 2432 670 350 265 142 123 6500 2036 243 1793 141 1652 123 80 4464 4333 1263 443 330 113
internal_count=29677 28837 3286 674 414 350 260 25551 2612 180 2432 670 350 265 142 123 6500 2036 243 1793 141 1652 123 80 4464 4333 1263 443 330 113
is_linear=0
shrinkage=0.03


Tree=200
num_leaves=31
num_cat=0
split_feature=17 0 4 0 7 4 1 16 6 4 4 16 12 11 11 0 4 14 12 4 7 6 10 7 14 14 1 6 16 2
split_gain=7.61947 3.90301 2.10476 1.80737 1.37619 1.55196 1.07189 1.57144 1.76287 1.36109 1.01108 0.904182 1.10237 1.13676 0.890303 1.30946 1.19809 1.12959 1.11064 0.908659 1.52844 0.882964 0.76251 1.14445 1.86416 1.31706 0.951748 0.899703 0.751362 1.04723
threshold=3.0937951317496952 95.446153846153848 511.22615663951512 4.8546916616174451 0.35322919107412148 2104.0674164843053 0.091431556948798356 0.32303659801974277 2.1687681152424285 211.65414982852926 1676.0860259849462 -0.29754298369186521 0.34066920781842175 10.546616940613026 10.132314918538983 1.5096984284129287 1663.8063242402375 0.071430394981582129 0.39299949281436058 1307.3073861111686 0.37323643878515483 4.9482604761904776 1.5793912742604477 0.32600246255126958 0.039228096301811871 0.26017541097859548 1.0000000180025095e-35 0.72635464160334196 0.52280323611076884 5.9040100525277337
decision_type=8 10 10 8 10 10 8 8 2 10 10 10 2 2 2 10 10 2 2 10 10 2 10 10 2 2 8 2 10 10
left_child=11 3 -3 6 5 -4 7 8 10 -9 -2 14 28 21 15 17 -16 -1 -17 20 -20 22 23 24 -14 -25 -27 -24 -13 -30
right_child=1 2 4 -5 -6 -7 -8 9 -10 -11 -12 12 13 -15 16 18 -18 -19 19 -21 -22 -23 27 25 -26 26 -28 -29 29 -31
leaf_value=-0.0081310734064093254 -0.0033058990532009677 -4.3458583710927984e-05 3.7683931383502534e-05 8.0521897005254705e-06 0.00075901104869299438 -3.6536063823690403e-05 0.0017424762272163065 -0.0021311532845463411 0.0018452725347753917 0.0016028597780492501 -6.2714607715170026e-05 2.3807279929454643e-06 -0.0022573643000354492 0.0013139094292497189 -0.00027648571438128853 -0.0013720643953297655 0.00083227992953042345 0.00085761103633847464 -0.0005686979789437382 0.00040292299203173812 1.151313787271167e-05 0.0024451782589692038 -0.00026585643163413666 2.6640809358633017e-05 0.0001912191314789832 -0.00027539086364816202 -0.00088475624561331462 0.00097441071649671904 0.00034965965409415752 -0.0007381896511114138
leaf_weight=40 70 69 62 1478 104 42 208 41 76 294 54 23110 48 275 108 178 133 129 52 105 78 120 55 277 688 125 70 533 1013 52
leaf_count=40 70 69 62 1478 104 42 208 41 76 294 54 23110 48 275 108 178 133 129 52 105 78 120 55 277 688 125 70 533 1013 52
internal_value=0.000225041 0.00181032 -0.00154317 0.00222907 -2.8708e-05 -0.00245714 0.00102016 0.000307836 -0.00179104 0.0015625 -0.003984 7.93307e-05 0.00010991 0.000754106 -0.000899272 -0.00153345 0.000632232 0.000688235 -0.00244203 -0.00108051 -0.00274809 0.000494523 0.000327212 -0.000104218 0.000635007 -0.00125581 -0.00313775 0.00121222 5.14975e-05 0.000830206
internal_weight=29687 2498 277 2221 208 104 743 535 200 335 124 27189 26366 2191 823 582 241 169 413 235 130 1916 1796 1208 736 472 195 588 24175 1065
internal_count=29687 2498 277 2221 208 104 743 535 200 335 124 27189 26366 2191 823 582 241 169 413 235 130 1916 1796 1208 736 472 195 588 24175 1065
is_linear=0
shrinkage=0.03


Tree=201
num_leaves=31
num_cat=0
split_feature=0 0 5 9 17 13 4 8 17 8 0 17 0 16 11 11 17 1 3 3 12 4 11 4 3 7 9 16 4 3
split_gain=6.9544 2.06913 2.17141 1.27055 2.03677 1.97135 1.98941 1.92944 3.89743 1.82413 1.27681 1.1672 1.48951 1.25646 1.55745 1.68511 1.58648 1.49368 1.09424 2.61773 1.06985 1.06425 1.86195 1.34927 1.75309 1.45959 1.1749 0.882964 1.22442 1.37482
threshold=1.0000000180025095e-35 2.6565358674738206 0.95345670607167188 0.042759249507686406 3.0937951317496952 0.0069847246356523575 295.33933005964963 31.375282411105079 1.5843898560536684 4.0554175358757769 46.498798076923087 0.45962785369140857 2571.1666666666674 0.24318750427357747 9.8063431912701287 10.408119029291234 1.1149600386466054 0.048930121203052575 0.11012507413063923 0.14236280477423291 0.49436492141671501 3052.6424770301824 10.601361045763651 2029.5184822272465 0.11289228751996115 0.26635000774145029 0.033221055597661017 -0.29754298369186521 1565.9466352996349 0.24403616051602744
decision_type=10 10 10 8 10 2 8 10 10 10 10 10 10 10 2 2 10 10 2 2 2 10 2 8 2 10 10 10 8 2
left_child=-1 20 3 4 5 6 -3 8 21 -10 -5 12 -9 14 -13 16 -16 -17 -12 -20 27 22 23 26 25 -25 -8 28 29 -2
right_child=1 2 -4 10 -6 -7 7 11 9 -11 18 13 -14 -15 15 17 -18 -19 19 -21 -22 -23 -24 24 -26 -27 -28 -29 -30 -31
leaf_value=7.8106240095097067e-06 -0.0029002447407487663 -0.0015371905359823079 -0.00071321623204110185 0.0018097389480792991 0.001902925224485736 0.00054960278973889478 0.00079558693405589983 0.00096582519220462832 -0.0021180575107213528 -0.00056077952107403924 1.6519326466392618e-05 0.00055035574096049195 -1.8950783692981447e-05 0.00038258247221379255 -0.0013638432796931074 0.00082196208519717058 -0.00027190322062451962 -0.0036821954177354873 -0.00011505531293430117 6.6462333393104656e-05 0.0028025152493156669 0.0014681943380635222 -0.00040562643842262147 -0.0001456978313632188 6.4902834108424484e-05 -0.0025413759702267781 -0.00055718748653006754 2.7424699598340289e-05 3.4237685308074717e-05 -9.6736064338153718e-05
leaf_weight=828 161 43 50 1101 486 288 211 389 44 75 196 92 41 164 41 95 66 40 42 51 154 91 42 42 74 44 41 24087 271 169
leaf_count=828 161 43 50 1101 486 288 211 389 44 75 196 92 41 164 41 95 66 40 42 51 154 91 42 42 74 44 41 24087 271 169
internal_value=0.0002875 0.000209222 0.000856364 0.000938684 0.000521577 8.26404e-05 -0.000320905 -0.000146893 -0.00138045 -0.006275 0.00166068 0.000736276 0.00187935 -0.000252505 -0.00130746 -0.0025679 -0.00536111 -0.000330882 -0.000113793 -0.0027766 0.000108924 -0.000302198 -0.000896703 -0.000276029 -0.00242236 -0.00531034 0.00109091 9.3321e-05 -0.00104153 -0.00226586
internal_weight=29519 28691 3849 3799 2409 1923 1635 1592 664 119 1390 928 430 498 334 242 107 135 289 93 24842 545 454 412 160 86 252 24688 601 330
internal_count=29519 28691 3849 3799 2409 1923 1635 1592 664 119 1390 928 430 498 334 242 107 135 289 93 24842 545 454 412 160 86 252 24688 601 330
is_linear=0
shrinkage=0.03


Tree=202
num_leaves=31
num_cat=0
split_feature=17 0 0 11 13 0 0 13 11 17 16 20 7 4 12 12 16 2 7 2 12 15 15 19 13 16 15 8 0 7
split_gain=7.80928 4.07044 1.46795 1.54628 1.46762 1.28323 1.24489 1.19555 1.45633 1.8284 1.13905 1.50783 3.14589 2.21437 3.51697 4.37501 1.39546 1.04289 1.9925 1.12198 1.83865 1.31381 2.07499 1.35886 1.04216 1.2718 1.86562 1.85266 1.21258 1.88361
threshold=3.9131647042326239 2571.1666666666674 46.498798076923087 8.2698850049033865 0.054400103067353926 3.0728261520944451 4.8546916616174451 0.0058300425387644546 7.6520706332757618 0.83909500354976307 0.25454816440108191 0.20605320543050182 0.24866337131255048 1190.3701150429383 0.38322603310147546 0.30188098337504915 0.17710948595516171 5.8744807807617585 0.035973215632685483 6.5599868542967146 0.22268342850432002 3.5972184255501678 3.3842466058243152 9.5000000000000018 0.067539671971076506 0.54780898189259009 1.2424533248940004 1.3336105761938744 1.138764382546323 0.14301734106753658
decision_type=8 10 10 2 2 10 8 2 2 10 10 2 10 8 2 2 10 10 10 10 2 8 10 2 2 10 8 10 10 10
left_child=5 2 6 4 -4 17 -2 8 9 -7 11 -10 16 -14 15 -15 -13 24 -19 20 21 22 23 -20 25 -1 27 -27 -26 -30
right_child=1 -3 3 -5 -6 7 -8 -9 10 -11 -12 12 13 14 -16 -17 -18 18 19 -21 -22 -23 -24 -25 28 26 -28 -29 29 -31
leaf_value=-1.5879668932193002e-05 0.00072077151868531696 -2.2466809004046748e-05 -6.796538969628268e-05 8.5315874377647332e-05 1.2843053330230848e-05 -0.00096708754136934773 7.5763052892244153e-06 0.00020309826327106448 0.00036224770961933476 0.00081282407564813269 0.00067086514046632518 0.0015095491492711798 -0.0010869110689575151 0.0006607032440318595 0.0012514296868364454 -0.0025314733011193853 -0.00036819654026017795 -0.0015590400889260302 0.00017969436414133223 1.9039434708934592e-05 -0.0018244919253784238 0.00031076772029023901 -0.00040077461718583175 -0.0010123281393636498 -4.8304180390873548e-05 0.00063309892251150416 0.00073247236641971539 -0.0021720923528182104 0.00050476171187697171 -5.0525913233109489e-06
leaf_weight=16254 533 45 68 157 45 60 1315 585 485 44 485 178 46 47 109 76 78 40 107 721 41 126 57 78 2211 47 812 42 2821 1953
leaf_count=16254 533 45 68 157 45 60 1315 585 485 44 485 178 46 47 109 76 78 40 107 721 41 126 57 78 2211 47 812 42 2821 1953
internal_value=0.000251391 0.0019866 0.00217744 0.000110701 -0.00255263 0.000114856 0.00247918 0.000810848 0.000387819 -0.00302857 0.000625914 5.58825e-05 -0.00104299 -0.00324731 -0.00203433 -0.00549194 0.00135409 5.45219e-05 -0.000819812 -0.000583554 -0.00183659 -0.00115447 -0.00244444 -0.000887097 9.69306e-05 -2.88528e-05 0.00106763 -0.00303333 0.000405812 0.000674764
internal_weight=29666 2163 2118 270 113 27503 1848 2193 1608 104 1504 1019 534 278 232 123 256 25310 1170 1130 409 368 242 185 24140 17155 901 89 6985 4774
internal_count=29666 2163 2118 270 113 27503 1848 2193 1608 104 1504 1019 534 278 232 123 256 25310 1170 1130 409 368 242 185 24140 17155 901 89 6985 4774
is_linear=0
shrinkage=0.03


Tree=203
num_leaves=31
num_cat=0
split_feature=0 20 0 15 3 7 11 11 0 9 16 16 15 15 14 9 6 3 11 8 11 17 15 8 14 15 3 4 3 16
split_gain=7.25053 1.99992 2.45866 2.08708 2.4071 1.77469 1.45524 2.44419 1.43011 1.40158 1.41229 2.71977 2.31076 3.27186 2.45109 1.31002 1.19836 1.14518 1.21378 1.12044 1.17408 1.01382 1.59062 1.16509 0.994261 1.72295 3.15386 1.77887 1.46248 1.66097
threshold=1.0000000180025095e-35 0.37644082686474351 46.498798076923087 2.6735537653587347 0.041815708213642465 0.38592235652618578 10.379209176752907 9.7317201042401056 4.8546916616174451 0.046914819859710064 0.14101581367570168 0.25221756033132808 3.0201273556387074 2.602003343538398 0.14778185421371198 0.037830280334790779 1.3350529482551141 0.059362770074235918 7.7834323062786455 25.579980434925428 9.3057869050874213 1.9823507676023684 2.1383330595080281 4.4591508171142653 0.13247958252404468 1.4978661367769956 0.39245487452463856 6151.5519425694483 0.45538144103667294 0.18893073395317994
decision_type=10 2 10 8 2 10 2 2 10 8 8 8 10 10 2 10 2 2 2 10 2 8 10 10 2 8 2 10 2 8
left_child=-1 2 8 5 -5 19 7 16 9 10 -2 12 13 14 -12 17 -6 -13 -19 -4 -21 22 23 -10 25 26 -3 -27 29 -26
right_child=1 24 3 4 6 -7 -8 -9 21 -11 11 15 -14 -15 -16 -17 -18 18 -20 20 -22 -23 -24 -25 28 27 -28 -29 -30 -31
leaf_value=7.3490161305476823e-06 0.00042929189415157873 -0.00021061201786848758 4.8339973453051084e-05 -5.5131862025310777e-05 4.4275838204702308e-05 0.00063009188679758073 0.00014249149044535443 -0.00012137378576908138 -0.0011281087924912493 0.0017476573204494698 -0.0011622093755317856 -0.00045225431366866854 0.00016927976065442269 -0.0015292358105167623 0.00043323309247683369 -0.00053803259292693555 -4.5695620681829787e-05 -0.00072570324623183133 0.0017690395507364127 -0.00014954940448321419 8.678637259769814e-06 0.0027808268474440127 0.0014904398145878725 0.00017884229231968492 2.0958123038001718e-05 0.0001618971349172405 -0.0021581153962198637 -0.0013657787216166323 0.00042357720339012957 -0.00012887540076514302
leaf_weight=829 441 357 89 58 59 198 52 42 62 654 60 48 90 70 112 46 65 54 373 61 43 667 287 222 11066 5950 65 64 676 6825
leaf_count=829 441 357 89 58 59 198 52 42 62 654 60 48 90 70 112 46 65 54 373 61 43 667 287 222 11066 5950 65 64 676 6825
internal_value=0.000231928 0.000152407 0.000788531 -0.000866766 -0.00285921 0.000543367 -0.00139726 -0.00276647 0.00113524 0.000628014 5.55986e-05 -0.000656909 -0.00277477 -0.0042963 -0.00204624 0.000695402 -0.000624 0.00116597 0.00166122 -0.0015 -0.0036 0.0019322 0.00100175 -0.000589474 5.43514e-05 0.000375641 -0.00147518 0.000505736 -5.70335e-05 -0.000108819
internal_weight=29685 28856 3853 667 276 391 218 166 3186 1948 1294 853 332 242 172 521 124 475 427 193 104 1238 571 284 25003 6436 422 6014 18567 17891
internal_count=29685 28856 3853 667 276 391 218 166 3186 1948 1294 853 332 242 172 521 124 475 427 193 104 1238 571 284 25003 6436 422 6014 18567 17891
is_linear=0
shrinkage=0.03


Tree=204
num_leaves=31
num_cat=0
split_feature=17 0 12 10 0 8 0 10 0 15 3 3 8 14 20 9 16 12 6 6 17 16 4 0 3 7 14 14 9 8
split_gain=7.62999 3.4385 1.97002 2.44931 1.27463 1.14906 1.14467 1.59333 1.68997 2.68567 1.3697 1.64376 1.87992 1.37722 1.32727 1.21368 1.13197 2.44173 1.13015 1.03574 1.46236 1.0257 0.989823 1.67749 1.53685 0.933228 0.877634 2.05208 2.43697 2.75617
threshold=3.9131647042326239 46.498798076923087 0.40906967540969902 0.57623420836675998 4.1180246264091247 79.4612033584025 2.4971122992531369 1.0128777977808892 46.498798076923087 2.6735537653587347 0.11012507413063923 0.084383179060895569 4.4591508171142653 0.14778185421371198 0.24302023357077296 1.0000000180025095e-35 0.1938405840763173 0.2771720572600867 0.63957318349303127 -2.2242346252952223 0.094438980028720074 -0.29754298369186521 1213.1780511929885 1.9375277152507659 0.17660388907304567 0.26874085203009834 0.18823516645787045 0.2492299096779412 0.21886606844298201 1.7163957063625992
decision_type=8 10 2 10 8 10 10 10 10 10 2 2 10 2 2 10 8 2 2 2 10 10 8 10 2 10 2 2 8 8
left_child=6 4 3 -3 -2 -5 19 8 10 -10 11 13 -13 25 -15 -12 -16 -18 -14 20 -1 22 23 24 -21 -8 -23 28 29 -28
right_child=1 2 -4 5 -6 -7 7 -9 9 -11 15 12 18 14 16 -17 17 -19 -20 21 -22 26 -24 -25 -26 -27 27 -29 -30 -31
leaf_value=4.9114199944061292e-05 0.00045214035469423635 5.372349821641503e-05 0.0001264283162031011 -2.091153924615536e-06 7.1285456466312515e-06 -5.7396068758743562e-05 -7.9262294189799381e-05 0.0005034356339818812 1.5574079545109801e-05 -0.00011658275118392766 -0.000524260612840162 -0.0011101886347490463 -0.00089239728667657415 0.0010419183305307911 0.00029238891405234464 0.0010938072722808429 -0.00080167319814580514 0.0012874193822182006 0.00038737346386183842 -0.0061738038167836514 -0.0023510460465395846 8.4218438838131604e-05 -9.9935851040527927e-06 -0.00074131100832416517 0.00048346897457677489 -0.0011020111944992886 -0.00077457878243928583 2.6656996981395986e-05 0.0014008482838130903 -5.2974697870949998e-05
leaf_weight=64 465 40 176 47 1339 63 89 1686 78 55 51 44 51 214 213 434 41 59 70 71 49 8938 325 43 123 62 1052 11602 162 1739
leaf_count=64 465 40 176 47 1339 63 89 1686 78 55 51 44 51 214 213 434 41 59 70 71 49 8938 325 43 123 62 1052 11602 162 1739
internal_value=0.000241968 0.00197091 -0.000862385 -0.00337748 0.0024831 -0.00567568 0.00010708 0.000645172 -8.00272e-05 -0.00329104 0.000243792 -0.000486967 -0.00316265 0.000167894 0.000892046 0.00151235 -0.000353503 -0.0029703 -0.00120492 3.69896e-05 -0.00281579 5.05073e-05 -0.00121492 -0.00268487 -0.00147692 -0.00234868 8.08293e-05 -6.28606e-05 -0.000768788 -0.000976719
internal_weight=29445 2130 326 150 1804 110 27315 3147 1461 133 1328 843 165 678 527 485 313 100 121 24168 113 24055 562 237 194 151 23493 14555 2953 2791
internal_count=29445 2130 326 150 1804 110 27315 3147 1461 133 1328 843 165 678 527 485 313 100 121 24168 113 24055 562 237 194 151 23493 14555 2953 2791
is_linear=0
shrinkage=0.03


Tree=205
num_leaves=31
num_cat=0
split_feature=0 12 15 0 14 11 4 8 11 17 16 4 15 13 14 4 11 9 11 16 8 3 9 9 11 15 11 1 15 14
split_gain=7.14673 2.53799 1.5908 2.07855 1.86684 1.32037 1.14621 1.06834 1.04802 1.20298 1.0415 1.60502 2.09558 0.996013 1.62485 2.20242 1.69242 3.77604 4.25436 2.4404 1.58691 1.43736 2.90014 1.75491 1.89579 4.47213 2.0601 1.67954 1.35724 3.85112
threshold=1.0000000180025095e-35 0.35262464095983953 2.6735537653587347 199.92105263157899 0.14977650506690496 10.536194468932006 1747.1538678300137 427.20746514820229 7.5722457171989133 0.95497662265565875 0.25221756033132808 772.64424907624846 2.8617925509761908 0.049463911496686781 0.10560446457574012 295.33933005964963 9.6594076059450664 1.0000000180025095e-35 10.168751454956704 0.28377079566185931 1.2743756601975769 0.06208971850635505 0.025375687911570324 0.1414382842321566 10.273653579815802 3.0201273556387074 10.12284394139424 0.017095265926358853 1.7005986908310777 0.18714609236612942
decision_type=10 2 8 10 2 2 10 10 2 8 10 8 8 2 2 8 2 8 2 10 10 2 8 8 2 8 2 10 8 2
left_child=-1 7 -3 5 -5 6 8 13 9 -4 11 -10 -13 14 15 20 -17 18 -18 21 -2 -19 27 -24 25 -25 -27 -23 29 -15
right_child=1 2 3 4 -6 -7 -8 -9 10 -11 -12 12 -14 28 -16 16 17 19 -20 -21 -22 22 23 24 -26 26 -28 -29 -30 -31
leaf_value=6.9146892772323149e-06 0.0026877168563627096 0.00059279134462659263 -0.00097516515817437708 7.4668144663983723e-06 -6.0938839462759551e-05 0.0019019880710430005 -0.00036017666207813865 -0.0006635716796622006 -0.00073674228968817772 4.3315249478625259e-05 0.0010755855826306525 -0.00068660977039485341 0.0011391524337605089 -0.0023591230152897038 -4.4558897535525932e-05 0.00068375481690889238 -0.0019227318509953705 0.0012539672090305701 0.00010837121652013282 0.0009073413838222679 -0.0020500878763206154 -0.00096439962011420229 0.00017604298775736473 -0.00056725901887906321 0.00012236687559701533 0.00046631458072766735 -0.002204374808204007 -0.0013970800128846278 6.7635375542754241e-05 4.00353066085836e-05
leaf_weight=830 40 2192 40 51 51 211 71 73 72 47 323 68 214 87 11453 1551 89 165 81 443 121 55 708 55 201 91 41 44 9998 158
leaf_count=830 40 2192 40 51 51 211 71 73 72 47 323 68 214 87 11453 1551 89 165 81 443 121 55 708 55 201 91 41 44 9998 158
internal_value=0.00025357 0.000174405 0.000951811 4.69975e-05 -0.00401942 0.000446992 -8.97128e-05 7.23631e-05 0.00025098 -0.00282955 0.000650443 -0.000473239 0.000551237 8.28541e-05 -7.17351e-05 0.000476126 0.000633192 5.01521e-05 -0.00421053 0.000453991 -0.00294444 -0.000176341 -0.000539298 -9.29807e-05 -0.00171208 -0.00387766 -0.000857143 -0.00543 0.000311304 -0.00189024
internal_weight=29624 28794 3340 1148 102 1046 835 25454 764 87 677 354 282 25381 15138 3685 3524 1973 170 1803 161 1360 1195 1096 388 187 132 99 10243 245
internal_count=29624 28794 3340 1148 102 1046 835 25454 764 87 677 354 282 25381 15138 3685 3524 1973 170 1803 161 1360 1195 1096 388 187 132 99 10243 245
is_linear=0
shrinkage=0.03


Tree=206
num_leaves=31
num_cat=0
split_feature=17 0 15 14 0 20 13 9 8 4 11 14 8 3 14 17 15 3 10 0 9 9 11 13 4 9 4 11 8 13
split_gain=7.47114 3.36242 2.95219 1.29796 1.25673 1.16054 1.86633 2.0908 1.75823 1.83188 2.00944 1.82641 2.28336 1.21639 1.13865 2.08113 2.72413 1.18155 1.0959 1.07714 0.982165 0.960601 0.903708 1.45157 0.891101 1.35681 1.31111 2.74157 1.59338 1.25845
threshold=3.9131647042326239 46.498798076923087 0.89587973461402759 0.14977650506690496 4.8546916616174451 0.38392434642015655 0.0066064971524219399 0.05537522069647479 3.3078374493293814 171.17720464539499 8.853022361619038 0.12061252135153515 2.0320092000663448 0.35262662762679742 0.24726704078709502 0.83909500354976307 2.6735537653587347 0.094848898001407209 1.0961099094027522 14.472096432535702 0.10512302150910609 0.045245511374807666 10.536194468932006 0.099381973012808142 421.6800181607619 0.24819894757536004 524.65864855158713 9.2711531936631015 1.3336105761938744 0.075123561178372128
decision_type=8 10 10 2 8 2 2 10 10 10 2 2 10 2 2 10 10 2 10 10 10 10 2 2 10 10 10 2 10 2
left_child=5 4 3 -3 -2 6 7 8 11 10 -10 12 -1 -13 18 -16 17 -17 19 -11 -8 -5 23 -22 25 -7 27 28 -26 -30
right_child=1 2 -4 21 -6 24 20 -9 9 14 -12 13 -14 -15 15 16 -18 -19 -20 -21 22 -23 -24 -25 26 -27 -28 -29 29 -31
leaf_value=-0.0005242677067971317 0.00084006978338637512 1.339275350333664e-06 8.9434895443697717e-05 -1.9930661021858629e-05 6.7072485989153455e-06 0.00015969660865161619 0.0013808786678796393 0.0012953582679018061 -0.0012139407257283315 0.00037606385492881578 0.00043831624386261669 4.5339066391372144e-05 -0.0030027653141302198 -0.00099276516488672369 0.00053383022376207983 0.00031559491537012024 -0.00082405269483477081 -0.00017478918305255262 0.0024451222119662064 -0.00010012641415112732 0.00019912707132035073 -7.6819677081274468e-05 0.00016163614639582777 -0.00017569172382370462 -0.0042183166027959041 -0.0030108830660359742 -1.6432253459085671e-07 -0.0020468242622732648 -0.00045762089838239739 0.0019972000313467717
leaf_weight=49 540 41 207 47 1272 2733 525 382 40 477 58 216 43 42 266 107 50 68 294 41 94 42 77 64 62 67 21177 77 400 97
leaf_count=49 540 41 207 47 1272 2733 525 382 40 477 58 216 43 42 266 107 50 68 294 41 94 42 77 64 62 67 21177 77 400 97
internal_value=0.000221035 0.00192419 -0.000825444 -0.00435114 0.00243574 8.7905e-05 0.000656185 0.000201031 -0.000238014 0.000237518 -0.00369697 -0.00213675 -0.00574194 -0.000833977 0.000536043 -0.000603658 -0.00272124 -0.0009375 0.00122509 0.000393064 0.00193167 -0.00636667 0.000317797 -0.000981132 2.10857e-05 0.000524813 -4.35957e-05 -0.00138462 -0.000648214 -7.83131e-05
internal_weight=29655 2149 337 130 1812 27506 2893 2133 1751 1401 98 350 92 258 1303 491 225 175 812 518 760 89 235 158 24613 2800 21813 636 559 497
internal_count=29655 2149 337 130 1812 27506 2893 2133 1751 1401 98 350 92 258 1303 491 225 175 812 518 760 89 235 158 24613 2800 21813 636 559 497
is_linear=0
shrinkage=0.03


Tree=207
num_leaves=31
num_cat=0
split_feature=0 0 0 15 3 17 12 15 16 19 10 7 12 17 15 11 7 7 10 4 16 10 14 13 10 12 11 17 15 11
split_gain=7.00024 1.99695 1.73505 1.91173 2.76979 1.34988 1.22475 1.04106 1.04026 0.922613 1.9147 3.34334 3.42641 1.0177 1.51762 1.38477 1.0454 1.90602 2.05671 1.16917 1.0672 0.978779 1.24589 2.26975 1.40261 1.77283 1.33657 1.15126 1.08479 0.905363
threshold=1.0000000180025095e-35 4.3260389723734116 46.498798076923087 2.6735537653587347 0.031539361963604629 3.3509556123729944 0.26526622463571142 3.1132683346437333 0.28676673367798672 10.500000000000002 1.9478854578716629 0.24692719844595071 0.14466611543379762 0.76898922859737695 2.9174053685313028 11.063045979925278 0.18813764867318511 0.19881210567520449 0.95545325009883952 1450.1092417728153 0.31213994058485867 1.1280085057340943 0.56033609807663798 0.082264536489323317 0.95545325009883952 0.070101345017857156 9.8463085498985858 0.45962785369140857 3.3140206880897671 10.132314918538983
decision_type=10 10 10 8 2 8 2 8 10 2 10 10 2 10 8 2 10 10 10 10 10 8 2 2 10 2 2 8 8 2
left_child=-1 9 5 -4 -5 -3 -6 -8 -9 29 13 12 -12 15 16 21 19 -18 -19 20 -15 22 24 27 -11 26 -26 28 -24 -2
right_child=1 2 3 4 6 -7 7 8 -10 10 11 -13 -14 14 -16 -17 17 18 -20 -21 -22 -23 23 -25 25 -27 -28 -29 -30 -31
leaf_value=6.5060311409478849e-06 4.6321729239293523e-06 0.00048416294345832628 3.4397677717603773e-05 -9.7122619867156786e-05 0.00010445633864056824 0.0030420529514913592 -0.0001067872636814767 6.2256422765357413e-06 -6.4985068267975476e-05 0.0001496294528580108 -0.00068542029966759082 0.0008040696530118638 -0.0026381120873848699 -0.0017135778499156207 0.00070490573356191144 -0.00035387390448404343 -0.0024801110284776006 -0.0019176117588184756 0.0010789685009523916 0.00071044410253080737 0.0013100130454656164 0.00053267338386468028 0.00098072958145105642 -0.002692947303673593 -0.00061949413326354934 -3.9144879066661706e-06 -0.00085836416746930646 -0.0016780792353211329 -0.0010894132726969414 7.3261582858033555e-05
leaf_weight=817 12664 883 424 41 57 594 42 92 43 1606 108 127 65 44 237 383 40 101 89 103 43 1043 123 54 46 177 45 40 54 9450
leaf_count=817 12664 883 424 41 57 594 42 92 43 1606 108 127 65 44 237 383 40 101 89 103 43 1043 123 54 46 177 45 40 54 9450
internal_value=0.000259651 0.000181963 0.00105558 -0.000175714 -0.00211957 0.00163802 -0.000842553 -0.00207303 -0.000772059 0.000110573 -0.000279532 -0.00259136 -0.0052931 -0.000114921 -0.00119909 8.48265e-05 -0.00228028 -0.00363636 -0.00235602 -0.000628272 -0.00317045 0.000289746 -7.68871e-05 -0.00197426 0.0001984 -0.00180669 -0.00518478 -0.000591743 0.000455056 0.000190459
internal_weight=29635 28818 2176 699 275 1477 234 177 135 26642 4528 300 173 4228 657 3571 420 230 190 190 87 3188 2145 271 1874 268 91 217 177 22114
internal_count=29635 28818 2176 699 275 1477 234 177 135 26642 4528 300 173 4228 657 3571 420 230 190 190 87 3188 2145 271 1874 268 91 217 177 22114
is_linear=0
shrinkage=0.03


Tree=208
num_leaves=31
num_cat=0
split_feature=17 0 0 0 11 13 20 8 19 17 8 9 13 8 14 9 15 3 17 17 3 9 13 3 8 14 9 19 0 7
split_gain=8.65231 2.04454 1.39058 1.45326 1.47361 1.75572 0.818953 1.04224 1.66598 1.40777 1.27239 3.63023 1.53533 1.6731 1.29867 3.15971 3.18127 1.86522 3.06268 1.58019 1.54276 1.70891 2.21375 2.26628 1.95279 2.60189 3.9115 2.3951 1.85353 1.44251
threshold=3.3509556123729944 2571.1666666666674 4.8546916616174451 46.498798076923087 8.2698850049033865 0.057132382868535926 0.20605320543050182 13.037562438796284 10.500000000000002 -0.158659135962159 1.6742513913644708 0.080302413646144669 0.19684568227386354 1.2236895635236984 0.3177464907872744 0.031872332606303906 3.0677824455408698 0.38110107542876365 0.13054308468308914 0.58687313483119508 0.19337537087663534 0.018850522083280707 0.0081655820000622187 0.14517936608201018 2.2599451022073431 0.15136138758427234 0.0077047515488007966 7.5000000000000009 1.6981568131664204 0.30498730852503547
decision_type=8 10 8 10 2 2 2 10 2 10 8 10 2 10 2 8 8 2 10 10 2 8 2 2 10 2 10 2 10 10
left_child=6 2 -2 -4 5 -5 -1 10 -9 -10 12 14 -8 -14 20 -16 17 18 -17 -18 21 22 23 24 -12 26 -26 -28 -23 -20
right_child=1 -3 3 4 -6 -7 7 8 9 -11 11 -13 13 -15 15 16 19 -19 29 -21 -22 28 -24 -25 25 -27 27 -29 -30 -31
leaf_value=6.4786673762664705e-05 0.0006315446466478344 -2.2931255296932775e-05 6.3108502067194486e-06 -6.8472728479271078e-05 0.00010355162175092593 1.1531984630347867e-05 2.8648467160385509e-07 -2.0910252288966155e-05 0.0009250157099610452 -0.00077387256058646873 0.0013512618037641508 0.0010250897138154836 0.00036356906658633497 -0.0025591266922534535 0.00060580071401058534 0.00029815062219515728 0.00089038199240320983 -0.0018930312336244526 -0.0008726782506095857 -0.00091393071306952571 0.00052935867763306875 -0.00017352060486657431 0.0012686552027046957 -0.0031503991085201776 0.00059462056646353528 -6.8899161072851621e-06 -0.0025892754858035218 -0.0014939922645124172 0.00092649368159347515 -0.0020884756110259666
leaf_weight=1035 653 44 1379 79 184 43 14361 4730 104 878 97 1420 47 75 502 114 184 79 197 47 1149 715 144 82 56 198 40 53 753 117
leaf_count=1035 653 44 1379 79 184 43 14361 4730 104 878 97 1420 47 75 502 114 184 79 197 47 1149 715 144 82 56 198 40 53 753 117
internal_value=0.00020795 0.00194125 0.00206242 0.00251779 0.000644951 -0.00190244 5.59645e-05 2.31803e-05 -0.000335025 -0.0014588 0.000123342 0.000492771 -2.8376e-05 -0.00336585 7.75178e-05 -0.000749396 -0.00199729 -0.0033248 -0.00253147 0.000918104 0.000389599 -8.69564e-05 -0.00134128 -0.00224288 -0.00138876 -0.00243966 -0.00542 -0.00915957 0.000486045 -0.00405714
internal_weight=29559 2382 2338 1685 306 122 27177 26142 5712 982 20430 5947 14483 122 4527 1240 738 507 428 231 3287 2138 670 526 444 347 149 93 1468 314
internal_count=29559 2382 2338 1685 306 122 27177 26142 5712 982 20430 5947 14483 122 4527 1240 738 507 428 231 3287 2138 670 526 444 347 149 93 1468 314
is_linear=0
shrinkage=0.03


Tree=209
num_leaves=31
num_cat=0
split_feature=0 20 0 15 3 17 12 9 13 15 4 8 0 4 13 11 14 14 11 14 17 12 10 14 14 9 9 15 15 14
split_gain=7.24526 1.62343 2.20341 1.92215 2.3659 1.34886 1.29294 1.67708 1.16486 1.37799 2.02975 1.99819 3.84205 1.84393 1.47845 3.07394 3.06459 3.13432 1.93275 1.53637 1.34311 1.32615 1.31021 1.27336 2.65252 3.15094 2.18138 2.98371 5.18015 2.44997
threshold=1.0000000180025095e-35 0.24302023357077296 46.498798076923087 2.6735537653587347 0.03977100317030851 3.3509556123729944 0.26526622463571142 0.049323039161274458 0.075123561178372128 2.0126758453675748 1024.5642091107663 1.4622763918818722 1.5456876528827801 781.84277854852417 0.1082127772149107 10.112471320548684 0.041102501197822737 0.68027517933753268 10.524829875154747 0.13934825344610632 0.79510341454631328 0.25393801518097542 1.650409665292091 0.38758999002680905 0.1545874249843526 0.22210056573571405 0.075316982025163459 3.4175922930736511 3.2769667020129059 0.22145440488631049
decision_type=10 2 10 8 2 8 2 10 2 10 8 10 10 10 2 2 2 2 2 2 10 2 8 2 2 8 10 10 10 2
left_child=-1 2 5 -4 -5 -2 -6 -8 21 10 -10 -12 -13 -11 16 20 18 -18 -15 -17 -16 23 -23 24 -3 26 -26 28 29 -28
right_child=1 8 3 4 6 -7 7 -9 9 13 11 12 -14 14 15 19 17 -19 -20 -21 -22 22 -24 -25 25 -27 27 -29 -30 -31
leaf_value=6.1215247005178658e-06 0.00040133296345187981 3.9322410706696131e-05 2.3542133600583575e-05 -5.5075194307791093e-05 9.7777923806493334e-05 0.0027162602727121999 -1.8355674016165156e-05 -9.9950591818240969e-05 -0.0060591530871022554 0.0012305915380970128 0.00084080837687778209 -0.0021453388751815866 -1.3632271473035896e-05 2.4006073087281029e-05 -0.00034885166901646973 0.00088144340825326733 0.00038203853564889505 -0.0022989005123212453 -0.0025629952304588415 3.5149369289720133e-05 -0.0022575306161205988 2.416045946021206e-05 0.00063798251315801461 4.5017268319877391e-05 -0.00014291793208387463 0.00089176963097475481 -0.0010910084122168243 0.00035955743997253208 -0.0016903794744121006 -0.00015720232398813401
leaf_weight=843 961 4985 394 54 55 596 122 47 72 684 282 48 135 40 834 414 2192 42 41 2248 80 3402 1322 4723 2887 256 527 261 104 953
leaf_count=843 961 4985 394 54 55 596 122 47 72 684 282 48 135 40 834 414 2192 42 41 2248 80 3402 1322 4723 2887 256 527 261 104 953
internal_value=0.000256781 0.000176379 0.000953812 -0.000481426 -0.0023871 0.00157317 -0.00101333 -0.00231176 0.000111032 0.000439477 -0.00102045 -0.000289699 -0.00272283 0.00055885 0.000387475 5.03226e-06 0.000977979 0.00118658 -0.00471951 0.000520466 -0.00149508 -9.26821e-06 0.000427937 -0.000149826 -0.000341989 -0.000831028 -0.00100655 -0.00181203 -0.00230158 -0.00184335
internal_weight=29604 28761 2229 672 278 1557 224 169 26532 7112 537 465 183 6575 5891 3576 2315 2234 81 2662 914 19420 4724 14696 9973 4988 4732 1845 1584 1480
internal_count=29604 28761 2229 672 278 1557 224 169 26532 7112 537 465 183 6575 5891 3576 2315 2234 81 2662 914 19420 4724 14696 9973 4988 4732 1845 1584 1480
is_linear=0
shrinkage=0.03


Tree=210
num_leaves=31
num_cat=0
split_feature=17 0 15 0 8 16 14 10 9 11 7 17 3 3 4 9 14 15 17 0 11 15 4 9 7 15 4 0 14 11
split_gain=7.34783 2.71252 2.13563 1.84542 1.50016 1.36916 0.99654 0.84373 1.52369 1.30894 0.906107 1.11724 0.934293 1.70608 2.70876 2.81001 3.36634 4.63798 2.4033 1.99897 1.59915 1.47631 1.144 2.37273 1.57104 2.05817 2.23309 1.46785 1.04383 1.92638
threshold=3.9131647042326239 95.446153846153848 0.89587973461402759 4.1180246264091247 25.579980434925428 0.1658132072331937 0.1653464987480375 2.5788237994635157 0.11999506724478097 10.112471320548684 0.81774058962830531 0.30407551758090223 0.44393429317066602 0.36935676870838868 1190.3701150429383 0.14329496817999279 0.095793573687876263 3.0677824455408698 -0.19640088233180722 1.0532743259250426 8.1699026073017489 3.8606743063089755 123.28416653708453 0.031872332606303906 0.22837099812873285 2.8617925509761908 923.3373347017972 1.2650982740627548 0.077051950493642052 11.987359769437733
decision_type=8 10 10 8 10 8 2 10 10 2 8 10 2 2 8 10 2 10 8 10 2 10 10 10 10 10 10 10 2 2
left_child=7 3 4 5 -3 -2 -4 10 -9 -10 12 -12 13 28 15 18 17 -17 -15 -19 -16 -14 -20 -24 -25 26 27 -26 29 -1
right_child=1 2 6 -5 -6 -7 -8 8 9 -11 11 -13 21 14 20 16 -18 19 22 -21 -22 -23 23 24 25 -27 -28 -29 -30 -31
leaf_value=0.00020305173765020981 -0.00093865998506218579 6.1224196978489093e-07 -6.4850239136054699e-05 5.9378789595023294e-06 -5.6806483566837836e-05 0.00088763241685955476 0.00010553208299120277 0.00062055947144950153 -0.0016222505703133514 0.00020125835587091577 7.2691714372291938e-05 -0.0016226647671452096 0.0003550743541637086 -0.0031031743722072414 -0.0010988844978988758 -0.0012333395329807537 6.1013840393362187e-05 -0.0012938553920699186 -0.0025225344118538799 0.00018830821782966824 0.00038740728485383668 -0.00062722653032203741 0.0015547408262176256 -1.0304858104758111e-05 -0.0015091308471062018 0.00099745749172007936 -0.0035702448140478987 -1.6371272970911028e-05 7.2494134099121937e-06 -0.0015029541083644217
leaf_weight=2738 52 40 59 1408 56 417 115 737 69 47 71 55 1371 61 72 40 87 44 63 47 735 77 198 556 72 74 41 96 20017 46
leaf_count=2738 52 40 59 1408 56 417 115 737 69 47 71 55 1371 61 72 40 87 44 63 47 735 77 198 556 72 74 41 96 20017 46
internal_value=0.000233509 0.00192318 -0.000885609 0.00232748 -0.00445361 0.000695745 0.00109714 0.000101113 0.00102927 -0.00215385 7.12673e-05 -0.00245669 8.34091e-05 4.04595e-05 -0.000759945 -0.00156739 -0.00468493 -0.00770455 -0.000978485 -0.00388043 0.00062005 0.000824017 -0.000653951 -0.000413295 -0.00111071 -0.00292606 -0.00444286 -0.00287574 0.000117227 0.0006614
internal_weight=29561 2147 270 1877 96 469 174 27414 853 116 26561 126 26435 24987 2186 1379 218 131 1161 91 807 1448 1100 1037 839 283 209 168 22801 2784
internal_count=29561 2147 270 1877 96 469 174 27414 853 116 26561 126 26435 24987 2186 1379 218 131 1161 91 807 1448 1100 1037 839 283 209 168 22801 2784
is_linear=0
shrinkage=0.03


Tree=211
num_leaves=31
num_cat=0
split_feature=20 20 14 3 7 14 7 10 1 14 16 4 14 14 6 6 20 8 4 4 3 15 11 14 4 16 14 7 15 1
split_gain=7.13056 1.92721 1.5214 2.31352 2.54794 1.47267 1.27394 1.50138 1.14113 1.16252 1.07615 1.1624 1.479 2.64418 1.88869 1.06118 1.02459 1.1269 1.02062 2.97118 0.940095 0.934959 0.887457 1.64767 3.04333 3.1532 2.28304 1.48632 2.19111 2.4032
threshold=1.0000000180025095e-35 0.33369671763327641 0.15623046274527189 0.045110461723246238 0.36100270742385204 0.26017541097859548 0.22837099812873285 0.81318634299996251 0.070802005012531324 0.13739603685840249 0.50213493396333264 1491.7401164870021 0.33866708755457325 0.27098928658863303 1.4086640465430373 0.28697596071038067 0.74057026480533195 13.592242899052239 2822.8966996081122 1798.814374297988 0.3567026876174455 3.2384861814448418 9.987415011414571 0.54338782402224528 1278.9482163724329 -0.038127211504394194 0.6051968757028342 0.18122129427622727 4.3882378946731615 0.055795019157088128
decision_type=2 2 2 2 10 2 10 10 10 2 10 8 2 2 2 2 2 10 10 8 2 8 2 2 8 8 2 8 10 10
left_child=-1 2 3 4 8 -4 -7 15 9 -2 22 -12 13 14 16 -8 17 21 19 -17 -9 -13 -3 27 25 -25 -27 -24 29 -29
right_child=1 10 5 -5 -6 6 7 20 -10 -11 11 12 -14 -15 -16 18 -18 -19 -20 -21 -22 -23 23 24 -26 26 -28 28 -30 -31
leaf_value=5.7597425907172597e-06 -0.00023348471779696629 -3.0246961226977996e-05 0.00053662181111907125 6.152178458553636e-05 -0.0011473356582969729 0.00022182402776815827 0.00068543809337365648 0.00027581775932036438 0.0010144871140581899 -0.00083274916728216504 0.00063453796115160179 -0.001924345206598517 0.00093029032973663986 -0.0018606445588372654 -0.00067020607831346066 -9.2654398886848557e-05 0.0007040573486027503 0.0007611966363232853 0.0005608831604599977 -0.00087991994802080298 -0.00044854258140038033 0.00106149544137232 0.00013214777688514808 -0.0020723233726379054 2.1768270308086116e-06 -0.00088916509935479796 3.1282264663112365e-05 -0.00018524370798952297 -0.00091465839973721257 0.00038976073640049246
leaf_weight=834 103 11597 1252 813 40 252 43 496 44 43 1067 52 213 41 62 52 102 57 42 47 53 45 7249 54 1522 132 208 2043 61 1024
leaf_count=834 103 11597 1252 813 40 252 43 496 44 43 1067 52 213 41 62 52 102 57 42 47 53 45 7249 54 1522 132 208 2043 61 1024
internal_value=0.000263426 0.000184207 0.000868638 -7.75861e-05 -0.00272727 0.00130965 0.000441177 -0.000192098 -0.00125654 -0.00253061 9.62398e-05 0.000839634 -0.000251309 -0.001425 -0.000489028 -0.00252973 0.000653697 -0.000890322 -0.00378169 -0.00543 0.000594546 -0.00284694 4.52054e-05 0.000222792 -0.000585289 -0.00293165 -0.00184751 0.000372037 -0.000174497 -6.16035e-05
internal_weight=29643 28809 3280 1043 230 2237 985 733 190 146 25529 1639 572 359 318 184 256 154 141 99 549 97 23890 12293 1916 394 340 10377 3128 3067
internal_count=29643 28809 3280 1043 230 2237 985 733 190 146 25529 1639 572 359 318 184 256 154 141 99 549 97 23890 12293 1916 394 340 10377 3128 3067
is_linear=0
shrinkage=0.03


Tree=212
num_leaves=31
num_cat=0
split_feature=17 0 9 16 0 11 0 10 12 8 8 14 8 11 12 0 9 14 14 13 14 16 14 14 16 20 7 16 4 4
split_gain=7.37023 3.41476 2.51192 3.32106 1.22709 0.930234 1.54162 2.69875 1.54558 2.03949 2.63796 1.51368 2.84016 1.39709 3.65309 3.86372 3.23052 2.26619 1.75852 3.27129 1.3447 2.38621 1.32107 1.73633 3.09974 2.7828 2.76014 2.57162 2.67008 2.74932
threshold=3.9131647042326239 46.498798076923087 0.046914819859710064 0.15947893829381535 4.8546916616174451 9.987415011414571 19.010204081632654 0.91028776480427476 0.08036186035887917 42.688603383389072 127.61509520239964 0.029850602482496151 1.0727257980060354 9.8364392163536234 0.10139759561597296 1.2475809018956827 0.0025046752417442089 0.54708634656653932 0.073407733499605096 0.026884722426204013 0.054411488519715293 0.1658132072331937 0.20566045637831751 0.51303190547426614 0.18893073395317994 0.90262153718066684 0.050844857964181082 0.49055102147203267 1331.407960479507 421.6800181607619
decision_type=8 10 10 10 8 2 10 10 2 8 8 2 10 2 2 10 10 2 2 2 2 10 2 2 8 2 10 10 8 10
left_child=5 4 -3 -4 -2 13 8 -8 9 11 -11 12 -7 22 15 17 -16 18 -15 -20 21 -18 -1 24 26 27 -24 28 29 -26
right_child=1 2 3 -5 -6 6 7 -9 -10 10 -12 -13 -14 14 16 -17 20 -19 19 -21 -22 -23 23 -25 25 -27 -28 -29 -30 -31
leaf_value=8.6013037208453608e-05 0.00084289534286819138 1.155873903305046e-05 2.8512818940838866e-05 -6.6533094186663929e-05 5.5869503129957425e-06 -0.00083564192325267443 -9.8504763571369969e-05 0.00041476791424752406 0.00010645488077280595 -0.0055151717221829282 -0.00012591822560560086 6.9813591134787981e-06 0.00042538456840411816 1.6631271310767805e-05 -0.0017593836333727601 -0.0017486146247016521 -0.0011562871992881619 0.0010768394872049138 -0.0012027701323419548 -0.00058074983544954199 0.00023116819239738144 0.001027036167762318 -0.0011754994666586791 0.00013657387570261277 0.00025185616218438713 0.00035056843282658268 9.7679932473076142e-05 0.00045271405386032034 -0.00016583123508906396 -0.0011988636639130041
leaf_weight=6314 524 230 44 61 1275 111 45 65 10143 40 89 2872 113 93 43 42 77 89 73 166 997 52 162 2008 109 277 1975 238 508 603
leaf_count=6314 524 230 44 61 1275 111 45 65 10143 40 89 2872 113 93 43 42 77 89 73 166 997 52 162 2008 109 277 1975 238 508 603
internal_value=0.00023316 0.00193068 -0.000848214 -0.00466981 0.00244833 0.000100421 0.000277766 -0.00324324 0.000306979 -0.000265034 -0.00394615 -0.000110429 -0.00248 -7.24668e-05 -0.000896509 -0.00314871 -2.56399e-06 -0.00226777 -0.00340541 -0.0047625 0.000308784 -0.00256154 3.78845e-05 -0.000285666 -0.000656855 -0.0015985 0.000108045 -0.002122 -0.00267813 -0.00386255
internal_weight=29438 2134 335 105 1799 27304 13478 110 13368 3225 129 3096 224 13826 1632 463 1169 421 332 239 1126 129 12194 5880 3872 1735 2137 1458 1220 712
internal_count=29438 2134 335 105 1799 27304 13478 110 13368 3225 129 3096 224 13826 1632 463 1169 421 332 239 1126 129 12194 5880 3872 1735 2137 1458 1220 712
is_linear=0
shrinkage=0.03


Tree=213
num_leaves=31
num_cat=0
split_feature=17 0 9 16 0 16 1 9 7 7 12 9 17 9 9 10 7 10 3 3 17 0 9 7 5 13 1 3 13 9
split_gain=7.20895 2.87857 2.01284 2.17395 1.66276 1.19892 1.73275 1.61058 1.09139 1.00732 0.946012 1.52067 1.60487 1.36292 1.32317 1.78436 1.74236 2.24094 2.1059 1.63942 1.59361 1.29022 1.20356 1.20224 2.503 1.37626 1.39543 1.21017 1.17173 1.54934
threshold=3.9131647042326239 46.498798076923087 0.046914819859710064 0.15947893829381535 4.8546916616174451 0.36174758332236528 0.045663052543786449 0.034612199611375391 0.34610156420500832 0.25220457150504544 0.19397273475839419 0.0052366209641751468 1.3959007247638684 0.06119019905433911 0.033787893997837021 1.6613660158328567 0.34066286249904076 2.1815720900488844 0.38475777239319814 0.11639947699013543 0.37698783655059082 1.3252198242618103 0.0065764796462273482 0.14515903219171694 0.56496163682864464 0.20953158541749128 0.036038961038961044 0.023574126983688583 0.033226464645187005 0.015887273738522004
decision_type=8 10 10 10 8 8 8 10 10 10 2 10 10 10 10 8 10 10 2 2 10 10 10 10 8 2 8 2 2 10
left_child=10 4 8 -4 5 6 7 -2 9 -3 11 -1 21 -14 15 19 -16 18 -18 -12 -20 28 -21 24 -23 26 27 -25 29 -13
right_child=1 2 3 -5 -6 -7 -8 -9 -10 -11 14 12 13 -15 16 -17 17 -19 20 22 -22 23 -24 25 -26 -27 -28 -29 -30 -31
leaf_value=0.00037866083193799713 -5.4518932018440658e-05 8.1015781411544597e-05 2.9556361479702033e-05 -6.3059634350538048e-05 5.41934180360587e-06 0.0014032744898511747 0.0027647817464640022 -0.0028890552712023971 0.0002360117467610233 -8.0815083492555159e-05 -0.0001970851195314866 -0.0011379784370331688 -0.0012354335435698696 4.3410035885321732e-05 0.00034017444724494778 0.00063191240129745782 -0.00012345673364027942 0.0010750357361125212 -0.0022149736410622825 -0.00014451088913857243 -0.00043643745852350445 -0.00038246560265987309 0.00018873897158304886 0.001399254078415034 0.00055552217453966161 -0.000629570624735315 0.00026428952517355668 -0.00021561277729507863 1.8454935319611393e-05 -6.9906969237970337e-05
leaf_weight=851 105 41 40 66 1296 307 78 47 141 40 1513 387 305 234 4582 919 700 198 42 620 55 72 1203 150 1781 43 1211 1236 6728 4639
leaf_count=851 105 41 40 66 1296 307 78 47 141 40 1513 387 305 234 4582 919 700 198 42 620 55 72 1203 150 1781 43 1211 1236 6728 4639
internal_value=0.000262225 0.00193016 -0.000656535 -0.00403738 0.00239313 0.000986989 -0.000649351 -0.0025098 0.00096861 -0.00179268 0.000130943 -5.1015e-07 -6.32631e-05 -0.00167222 0.000366724 -3.17198e-05 0.000670671 -0.000466867 -0.00117669 -0.00035421 -0.00529592 -9.78571e-06 0.000251645 0.000422564 0.00100809 1.13594e-05 0.000100462 -0.000549387 -0.000175074 -0.000521583
internal_weight=29630 2161 328 106 1833 537 230 152 222 81 27469 17637 16786 539 9832 4255 5577 995 797 3336 97 16247 1823 4493 1853 2640 2597 1386 11754 5026
internal_count=29630 2161 328 106 1833 537 230 152 222 81 27469 17637 16786 539 9832 4255 5577 995 797 3336 97 16247 1823 4493 1853 2640 2597 1386 11754 5026
is_linear=0
shrinkage=0.03


Tree=214
num_leaves=31
num_cat=0
split_feature=20 20 9 20 11 9 11 3 3 9 4 4 3 16 14 20 9 1 14 20 16 8 11 9 11 1 4 11 16 8
split_gain=7.22381 2.22743 1.88344 3.10662 4.59095 1.46141 2.18807 2.49213 1.1084 1.3035 1.12088 1.78632 1.00632 1.23095 1.2018 1.56894 2.60377 2.95697 4.86982 2.61796 1.91347 1.56764 1.54892 1.48437 1.75436 1.81168 1.6883 1.56342 1.46076 1.44671
threshold=1.0000000180025095e-35 0.33369671763327641 0.16630124580199582 0.1386972043657683 10.536194468932006 0.021239598319266993 7.0427230439640427 0.39593146909951787 0.14236280477423291 0.01553159293733313 2104.0674164843053 3215.7013213151281 0.10932776564183717 -0.29754298369186521 0.34481896604462137 0.72193392135801049 0.16630124580199582 0.11145617667356801 0.15970502677867496 0.76154783894528733 0.091300625868795185 1.1730512197646055 8.9786604816926623 0.037574740546582476 11.020218035545364 0.032433380084151482 1772.8411773594596 10.389164584650848 0.15947893829381535 1.0888462329247071
decision_type=2 2 10 2 2 8 2 2 2 10 10 10 2 10 2 2 8 10 2 2 8 10 2 10 2 10 10 2 10 8
left_child=-1 2 5 4 -4 8 -7 -8 9 -2 -11 -12 14 -14 15 20 17 21 -19 -20 -3 -17 28 26 -25 -26 -24 -28 -16 -30
right_child=1 12 3 -5 -6 6 7 -9 -10 10 11 -13 13 -15 22 16 -18 18 19 -21 -22 -23 23 24 25 -27 27 -29 29 -31
leaf_value=5.2567615494976941e-06 3.055718772905951e-05 0.00029785397821176359 -0.00014018633744344533 0.00066029967952904744 7.9908956981075515e-05 -0.00010271211392178789 0.00069627472415355568 -0.00094270274896861468 0.0011911988365522338 -1.1329093333437514e-06 -0.0008329878736028334 -8.3573424928430314e-05 -0.00016136356984201993 4.0920454624200537e-05 0.00028336434020268214 0.00072130368615880487 0.00022131919456311246 5.1820820488673696e-07 -0.00012791089809211173 -0.0010131731867482937 -0.0001861035568242609 -0.00077648271416450693 0.0002263260709152971 0.00060134567688522439 -0.00035904932958706002 3.2897529315021034e-05 -0.0015136471106298793 -0.00065488670974499317 0.00042721446388106543 -0.0032728440905954457
leaf_weight=823 742 1009 68 93 57 76 1545 51 368 163 46 90 553 18340 123 189 310 132 41 120 1773 970 204 1088 44 296 46 121 41 97
leaf_count=823 742 1009 68 93 57 76 1545 51 368 163 46 90 553 18340 123 189 310 132 41 120 1773 970 204 1088 44 296 46 121 41 97
internal_value=0.000226773 0.000147515 0.000880909 -0.00180822 -0.00488095 0.00107171 0.00167125 0.00190858 0.000359575 -0.000141075 -0.00181 -0.00381022 5.25925e-05 0.00016402 -0.000266162 -0.000538614 -0.0012388 -0.00177151 -0.00445918 -0.00794444 -9.48615e-05 -0.00108879 0.000334789 0.000648333 0.00108747 -0.000791789 -0.00104032 -0.00326786 -0.00182061 -0.00392806
internal_weight=29619 28796 3299 218 125 3081 1672 1596 1409 1041 299 136 25497 18893 6604 4544 1762 1452 293 161 2782 1159 2060 1799 1428 340 371 167 261 138
internal_count=29619 28796 3299 218 125 3081 1672 1596 1409 1041 299 136 25497 18893 6604 4544 1762 1452 293 161 2782 1159 2060 1799 1428 340 371 167 261 138
is_linear=0
shrinkage=0.03


Tree=215
num_leaves=31
num_cat=0
split_feature=17 0 9 16 0 17 14 17 16 6 8 10 17 0 11 14 7 15 14 11 0 0 7 16 7 6 14 9 8 15
split_gain=7.67387 2.89553 2.54931 3.43354 1.42904 0.880855 1.23872 1.29925 1.0863 1.69309 1.83644 1.10418 1.56236 1.16839 1.3103 1.26882 1.2379 1.65039 2.3742 3.1966 1.96436 2.73696 1.14877 1.27315 1.1552 1.6752 1.19068 1.12202 1.63844 1.30835
threshold=3.9131647042326239 95.446153846153848 0.046914819859710064 0.20492082486123001 4.1180246264091247 0.20508044523255842 0.0053131990946754968 0.42216462939595562 0.54780898189259009 -1.0000000180025095e-35 14.404878011166522 0.8609994535885247 1.7201381195487364 2.6049838734176016 6.6247287979039262 0.021245880957769577 0.33645888450979838 2.249904835165133 0.24116311111870239 10.352107928919756 1.6305790537585094 2.1758322155458596 0.31977550473824473 0.1611707516048427 0.23734557184779384 2.1972086650389691 0.024874745753742142 1.0000000180025095e-35 1.7757009531749952 2.249904835165133
decision_type=8 10 10 10 8 10 2 10 10 2 10 8 10 10 2 2 10 10 2 2 10 10 10 8 10 2 2 8 10 8
left_child=5 4 -3 -4 -2 -1 7 -7 11 10 -10 12 22 14 -13 -16 27 -18 -19 20 -20 -22 24 -24 26 -26 -8 28 -17 -29
right_child=1 2 3 -5 -6 6 8 -9 9 -11 -12 13 -14 -15 15 16 17 18 19 -21 21 -23 23 -25 25 -27 -28 29 -30 -31
leaf_value=4.8059280320720204e-05 0.00047474871583802442 3.0897565690608237e-06 5.7448115957182207e-06 -5.9563948869274574e-05 5.0990587030127629e-06 0.00023622998583144815 -0.00030281470295841949 -0.0023908022816397853 0.00053508677457135871 0.00049011377948211571 -0.0024306339303178577 -0.0032321623513765379 -0.00041240094696531795 0.00057077602920841926 0.0014364729483373909 -0.00079096700763582194 0.00011522621528092155 6.7824401577983479e-05 -0.0015625357996260714 2.0263623364445605e-05 9.7396426572037066e-05 -0.001228994411644192 -0.00017922389020444377 0.00065898052993296013 -0.00029780663164416255 -0.0017774679855115246 -1.8764321863337285e-05 -0.00024850875013808087 8.0435801406308975e-05 5.6943569209886175e-05
leaf_weight=11667 486 175 47 41 1413 43 97 68 110 921 64 49 394 1156 260 47 296 179 55 86 41 56 41 297 738 57 3734 1202 44 5745
leaf_count=11667 486 175 47 41 1413 43 97 68 110 921 64 49 394 1156 260 47 296 179 55 86 41 56 41 297 738 57 3734 1202 44 5745
internal_value=0.000237994 0.00195839 -0.000988636 -0.0051236 0.00236684 0.000102412 -4.37234e-05 -0.0031875 -2.12507e-05 0.000889599 -0.00181714 -8.97426e-05 -0.00043217 0.000109363 -1.8608e-05 1.16077e-05 -5.76624e-05 -0.0012479 -0.00246172 -0.00441841 -0.00701961 -0.00437755 -0.000287613 0.00139823 -0.000411065 -0.001451 -0.000194937 6.30773e-05 -0.00322826 0.00010665
internal_weight=29609 2162 263 88 1899 27447 15780 111 15669 1095 174 14574 5358 9216 8060 8011 7751 713 417 238 152 97 4964 338 4626 795 3831 7038 91 6947
internal_count=29609 2162 263 88 1899 27447 15780 111 15669 1095 174 14574 5358 9216 8060 8011 7751 713 417 238 152 97 4964 338 4626 795 3831 7038 91 6947
is_linear=0
shrinkage=0.03


Tree=216
num_leaves=31
num_cat=0
split_feature=0 17 20 3 4 0 9 11 8 17 13 8 15 0 16 4 10 15 0 5 9 1 10 4 16 6 8 4 4 3
split_gain=7.1763 2.11195 1.07327 2.04184 3.79512 1.05393 2.68253 3.70581 1.58168 1.40056 1.07026 1.20379 1.89979 1.41391 1.44663 2.04265 1.31788 1.31498 2.17625 1.37874 1.16047 1.32567 1.5388 1.16181 2.31022 4.15549 2.63411 1.82221 1.66499 1.54258
threshold=1.0000000180025095e-35 2.6844859018881082 0.21956766861367993 0.060686171981400645 923.3373347017972 46.498798076923087 0.14950538523484178 10.37023588709531 46.597454493965103 2.6844859018881082 0.067539671971076506 53.124934602863654 3.4811217321331038 1.1360179687393661 0.081730939032740244 12866.871813549369 0.66627147453165447 3.7726948748059121 1.4776290872350797 0.76127883310719147 0.060558081724274827 0.13363095238095238 1.9172446759996056 1849.8316342481955 0.20307983023484502 1.6202641591723397 1.4583149269589604 1565.9466352996349 1190.3701150429383 0.12826942676262118
decision_type=10 10 2 2 8 10 10 2 10 8 2 10 10 10 8 8 10 10 10 10 10 10 10 10 10 2 10 10 10 2
left_child=-1 5 -3 4 -4 9 8 -8 -7 10 -2 13 -13 -12 17 16 -16 19 -19 -15 -18 23 -23 24 27 28 -27 -22 -26 -25
right_child=1 2 3 -5 -6 6 7 -9 -10 -11 11 12 -14 14 15 -17 20 18 -20 -21 21 22 -24 29 25 26 -28 -29 -30 -31
leaf_value=4.9460869419223798e-06 -1.6108974872885369e-06 0.0016012824631605135 -0.004312963278937881 0.0010469997093465709 0.00031280168141286865 -2.5276819460155321e-05 -8.8495942889522426e-05 -2.521541965251631e-06 0.00020622504714500327 0.0036681224705163371 -1.028502646670254e-05 -3.450889779434063e-05 -0.0013390111265015204 0.00071546251147031731 0.00055179579440925138 -0.0021112794198880976 0.00046333259207098697 0.00026961502738494529 -0.00085355113907174406 -7.976873399946208e-05 0.0014422983990070007 0.00068350189509713203 -0.0025039534833151693 -0.00049253030292941314 0.0017244101495557825 -0.0038574896724634495 -0.0010687237073866169 -0.0014891718868847387 -0.00059276899415543411 0.0011308275170591109
leaf_weight=829 18599 554 48 573 131 275 46 55 244 247 2239 743 42 1215 1056 77 857 281 68 81 153 330 47 175 66 42 43 73 150 239
leaf_count=829 18599 554 48 573 131 275 46 55 244 247 2239 743 42 1215 1056 77 857 281 68 81 153 330 47 175 66 42 43 73 150 239
internal_value=0.000246256 0.000166852 0.00134507 0.000605578 -0.00218333 0.000110735 -0.00111111 -0.00555882 -0.000236538 0.000139017 0.000118072 0.000408749 -0.000706107 0.000530516 0.000813282 0.000451496 0.000567141 0.0015401 -9.42856e-05 0.00197995 0.000144761 -0.00041395 0.0010873 -0.00101592 -0.00194886 -0.00366556 -0.00924419 0.000343612 -0.00143779 0.000173494
internal_weight=29578 28749 1306 752 179 27443 620 101 519 26823 26576 7977 785 7192 4953 3308 3231 1645 349 1296 2175 1318 377 941 527 301 85 226 216 414
internal_count=29578 28749 1306 752 179 27443 620 101 519 26823 26576 7977 785 7192 4953 3308 3231 1645 349 1296 2175 1318 377 941 527 301 85 226 216 414
is_linear=0
shrinkage=0.03


Tree=217
num_leaves=31
num_cat=0
split_feature=0 12 0 17 17 4 8 4 6 6 4 4 12 9 17 14 1 5 4 0 1 16 12 11 6 13 1 12 11 14
split_gain=6.9765 1.7479 2.36034 2.80375 1.7715 1.33785 1.79756 1.43901 1.26576 1.4685 1.28349 1.80282 1.20154 2.05543 1.11652 1.1119 1.0515 1.195 1.83715 1.00593 0.99845 1.1215 1.60198 1.71305 1.95147 2.31765 0.993643 1.53635 1.21258 2.31344
threshold=1.0000000180025095e-35 0.35262464095983953 46.498798076923087 0.67434611946916478 3.0937951317496952 10054.386035047779 2.5812670340241319 12866.871813549369 1.1040306809537634 0.05164363738894933 2709.0985330472063 2029.5184822272465 0.24975077821654781 0.05597624695388121 0.21133204779067682 0.055492131921737554 0.15638586956521741 0.84305623075676572 1990.0262514469575 4.554998022013824 0.15821566110397953 -1.0000000180025095e-35 0.071425567114189917 9.3376335966645136 -0.50069907528377622 0.076481334187028197 0.13363095238095238 0.22268342850432002 10.86340274719665 0.027691951979766507
decision_type=10 2 10 10 10 8 10 10 2 2 10 10 2 10 10 2 8 10 10 10 8 10 2 2 2 2 10 2 2 2
left_child=-1 2 14 12 5 8 15 -8 9 -3 11 -11 -4 -14 16 -7 -2 20 -19 26 -18 22 23 -22 -25 -26 28 -28 -16 -30
right_child=1 4 3 -5 -6 6 7 -9 -10 10 -12 -13 13 -15 19 -17 17 18 -20 -21 21 -23 -24 24 25 -27 27 -29 29 -31
leaf_value=4.7977043336647084e-06 0.00013818686204856886 0.0006378548800217525 0.00017780875715816066 -0.00014986572537884125 0.0022426734290008827 -3.3542832192112264e-05 -0.00017134352542693077 0.00082488002414453788 0.00062429310649334186 -7.5437247697474297e-05 0.00065090935130366994 -0.0019886521536300666 2.8796517748185908e-05 -2.7224378076445502e-05 -0.00010496956092349877 0.00033026646868867274 -0.0018684723185174975 -4.4898173997851503e-05 -0.00080452313213031203 0.00050392343112502964 0.00038975964140708466 4.8291760511218869e-05 0.00017328012309301871 1.4770313132507534e-05 -0.00130324572567266 -0.00081258886844136043 2.9201397198250711e-05 0.0015138246136842102 -0.0012863687245632379 0.00013651606182207105
leaf_weight=818 7862 126 44 44 605 41 178 40 1571 440 153 65 43 69 9205 107 44 103 57 296 72 2733 284 53 48 68 2464 499 41 1411
leaf_count=818 7862 126 44 44 605 41 178 40 1571 440 153 65 43 69 9205 107 44 103 57 296 72 2733 284 53 48 68 2464 499 41 1411
internal_value=0.000266081 0.000188341 0.00010377 -0.00313433 0.000834987 0.000508082 -0.00117711 -0.00290411 0.000770374 -0.000214013 -0.000783004 -0.00151186 -0.00122293 -0.00286726 0.000129551 0.00136913 0.000350729 -8.48974e-05 -0.0026087 -5.04418e-05 3.81472e-05 9.94171e-05 -0.0011692 -0.00296281 -0.00460588 -0.00676923 -8.80991e-05 0.000397773 -0.000223212 0.000582244
internal_weight=29584 28766 25440 200 3326 2721 366 218 2355 784 658 505 156 112 25240 148 11324 3462 160 13916 3302 3258 525 241 169 116 13620 2963 10657 1452
internal_count=29584 28766 25440 200 3326 2721 366 218 2355 784 658 505 156 112 25240 148 11324 3462 160 13916 3302 3258 525 241 169 116 13620 2963 10657 1452
is_linear=0
shrinkage=0.03


Tree=218
num_leaves=31
num_cat=0
split_feature=0 17 12 11 8 0 4 14 0 14 11 15 16 8 0 12 0 17 17 15 11 16 8 15 15 1 4 3 0 17
split_gain=7.19858 1.83234 1.95551 1.36834 0.963265 1.25358 2.06453 2.93738 1.47915 1.10009 2.53123 0.954 0.876038 0.843815 1.24577 0.714328 1.01282 0.839864 0.685028 0.662693 1.98827 1.76623 3.10314 1.67525 1.65953 2.49591 1.92604 2.35516 1.62503 1.46248
threshold=1.0000000180025095e-35 3.9131647042326239 0.26765370039347763 9.2254752583477249 812.01845124418321 46.498798076923087 5219.4247356016449 0.19800921928783743 9.2320075079313604 0.16871021642762477 9.9679401300085129 1.2424533248940004 0.27834184757470365 0.9608349325500839 0.95034594212078904 0.46852287686543731 7.9902492539411911 0.0076623721585133454 0.22105469389588858 3.7726948748059121 11.677681093171445 -0.017466807453021791 1.2803370485938685 3.5972184255501678 4.4005842009683471 0.085960591133004929 1426.2074623551046 0.10761759816068137 1.0650524521989277 -0.084151091116630231
decision_type=10 10 2 2 8 10 8 2 10 2 2 10 10 10 10 2 10 8 10 10 2 8 10 10 10 10 10 2 10 10
left_child=-1 4 3 -3 5 8 9 12 13 10 18 -11 -8 14 -2 16 19 -17 -7 23 21 22 -21 -15 26 -26 28 -28 -23 -29
right_child=1 2 -4 -5 -6 6 7 -9 -10 11 -12 -13 -14 15 -16 17 -18 -19 -20 20 -22 24 -24 -25 25 -27 27 29 -30 -31
leaf_value=4.6537732036547672e-06 -0.0023782836265844967 -0.0030451629267970568 0.00184949548415147 0.00032545889324577459 0.00041969066411897858 -3.6916416073441743e-05 2.5589857051943472e-06 -9.2882774217837663e-05 0.0012563429086465971 -5.5543815309440878e-05 -0.00013109972289744001 0.00018294102118682939 -3.9255399218962199e-05 1.7432913597155313e-05 0.00024819075968732923 -0.000870901663341813 -0.00074822975108521257 0.0010402046975986168 0.00085238957462224979 -0.0018899404073436442 0.0004050621334426909 -0.0011523755950504882 9.8262768023243881e-05 0.00045582897213396965 0.00021007155225614526 -0.00096442923585045705 -0.00048595462262337151 -0.000689701584799141 0.00033676398711790734 5.5132855688430425e-05
leaf_weight=823 60 53 636 81 301 73 69 53 382 46 43 141 53 22769 55 66 62 479 53 62 402 107 61 1127 54 84 192 46 804 401
leaf_count=823 60 53 636 81 301 73 69 53 382 46 43 141 53 22769 55 66 62 479 53 62 402 107 61 1127 54 84 192 46 804 401
internal_value=0.000231587 0.00015252 0.00159533 -0.00168889 0.00011285 9.45036e-05 -0.00134774 -0.00400568 0.000122694 -3.36133e-05 -0.00178235 0.00154787 -0.00141463 9.62658e-05 -0.0024569 0.000107347 8.49382e-05 0.00118132 0.000377953 9.4102e-05 -0.000402439 -0.000826159 -0.00428226 0.000140101 -0.000571936 -0.00371223 -0.000290135 -0.00155156 0.000595395 -0.000354911
internal_weight=29638 28815 770 134 28045 27744 531 175 27213 356 169 187 122 26831 115 26716 26171 545 126 26109 2213 1811 123 23896 1688 138 1550 639 911 447
internal_count=29638 28815 770 134 28045 27744 531 175 27213 356 169 187 122 26831 115 26716 26171 545 126 26109 2213 1811 123 23896 1688 138 1550 639 911 447
is_linear=0
shrinkage=0.03


Tree=219
num_leaves=31
num_cat=0
split_feature=0 12 0 12 4 8 13 4 4 16 16 3 6 14 0 11 0 5 16 16 4 19 12 3 8 11 14 3 7 16
split_gain=7.179 1.48597 1.94597 2.856 1.70408 2.03979 2.41764 1.19295 2.04108 2.58956 1.54986 1.74964 1.51148 1.40576 1.40495 1.3591 1.16939 1.81487 1.15246 1.39021 1.24211 1.13722 0.965831 0.921191 1.28286 3.4233 1.19217 1.13358 1.04313 1.03169
threshold=1.0000000180025095e-35 0.30494223795343883 46.498798076923087 0.26074333867438476 194.4544482688103 56.026919910946361 0.0085781462498753531 3215.7013213151281 1972.4632043255522 0.16265194323598045 0.305337458959136 0.34467908641464734 2.4601593750678514 0.28466029169767554 28.257575757575761 10.059785924192239 3.6403311172394628 0.3020007209805336 0.20492082486123001 0.25454816440108191 811.44449334742694 2.5000000000000004 0.30188098337504915 0.11289228751996115 2.0598598907182031 8.8742380644736638 0.052880138836880267 0.36074935571588113 0.32600246255126958 0.091300625868795185
decision_type=10 2 10 2 10 8 2 10 10 8 10 2 2 2 10 2 10 10 8 8 10 2 2 2 10 2 2 2 10 10
left_child=-1 2 16 -4 23 6 7 8 10 -10 11 14 13 15 -6 -11 22 -18 20 -20 -13 -15 -2 24 -3 -26 -25 -28 -29 -27
right_child=1 4 3 -5 5 -7 -8 -9 9 12 -12 18 -14 21 -16 -17 17 -19 19 -21 -22 -23 -24 26 25 29 27 28 -30 -31
leaf_value=4.5141600075451235e-06 1.6612905172347337e-05 6.1839376000203183e-05 7.8193416027173596e-05 -9.5664111750566141e-05 0.00021598319084393074 0.0007432543649018577 0.0014180919581641008 0.00055250859259197793 -0.001731340829006127 -0.0012623127805422342 0.00082682273109274738 -0.00083005195185873934 0.0031911753835367901 -0.0015756863261723706 -0.00013393462308133823 -0.00021119913013247846 0.00096569464854883726 -0.00076183879025591564 -0.0030115950752364522 -0.00019684926610935027 0.00059035989725143335 0.00095840871351510334 -0.00084467512359653668 -0.00012429898153938263 -0.0035822673955185425 -4.4572214269889761e-05 0.0010084780799075712 0.001249209286229505 -0.00074832386115646576 3.067506507000513e-05
leaf_weight=833 23305 55 65 74 667 973 608 559 53 105 620 41 88 40 58 55 399 40 42 99 61 115 89 74 45 40 206 78 49 55
leaf_count=833 23305 55 65 74 667 973 608 559 53 105 620 41 88 40 58 55 399 40 42 99 61 115 89 74 45 40 206 78 49 55
internal_value=0.000252535 0.000172955 7.65863e-05 -0.00345 0.000655525 0.000870251 0.000505293 0.000107143 -0.000228851 -0.00199562 0.000279421 -0.000470588 -0.00116584 -0.00213608 0.000268595 -0.00409938 9.72981e-05 0.00162955 -0.00266803 -0.00441549 -0.00023301 -9.61537e-05 6.84763e-05 -0.000835821 -0.00252551 -0.00404255 -2.20587e-05 0.000745509 -0.00147656 -0.00078125
internal_weight=29591 28758 23972 139 4786 4184 3211 2603 2044 456 1588 968 403 315 725 160 23833 439 243 141 102 155 23394 602 195 140 407 333 127 95
internal_count=29591 28758 23972 139 4786 4184 3211 2603 2044 456 1588 968 403 315 725 160 23833 439 243 141 102 155 23394 602 195 140 407 333 127 95
is_linear=0
shrinkage=0.03


Tree=220
num_leaves=31
num_cat=0
split_feature=17 0 0 7 12 9 11 11 0 7 9 6 4 0 14 13 4 7 7 4 14 14 12 3 14 10 4 11 9 13
split_gain=8.0882 1.91584 1.32625 1.29342 0.888146 1.26038 1.02569 2.69524 1.75277 0.999293 4.341 1.17127 1.58984 2.4052 1.09947 1.12296 1.33574 2.21518 1.87237 1.75837 0.993711 1.64556 2.12948 3.31072 1.72453 1.65064 0.956321 1.66939 4.86628 0.883741
threshold=3.9131647042326239 46.498798076923087 4.8546916616174451 0.3330838506216337 0.12231716666630989 0.0065764796462273482 7.499699915772176 7.0427230439640427 0.85446000408198086 0.1485703043545743 0.19725813290213937 1.0426671429113543 263.5512579623433 1.4312788659836153 0.090993620398068978 0.099381973012808142 1724.0626526631161 0.17362167968207126 0.15739529108397105 3155.6434290835768 0.53530848686953214 0.41987701996457805 0.29321759835126932 0.31408662305837265 0.44373799796342267 1.4214355243343284 378.95524677821629 8.014831632406624 0.042186816873897685 0.017736635269425698
decision_type=8 10 8 10 2 10 2 2 10 10 10 2 8 10 2 2 8 10 10 10 2 2 2 2 2 10 8 2 10 2
left_child=4 2 -2 -3 5 -1 7 8 -7 -6 11 12 13 -11 -14 29 17 18 -17 -18 21 26 24 25 -23 -24 -13 28 -28 -16
right_child=1 3 -4 -5 9 6 -8 -9 -10 10 -12 20 14 -15 15 16 19 -19 -20 -21 -22 22 23 -25 -26 -27 27 -29 -30 -31
leaf_value=0.00027833982877163791 0.00056423818308424557 -1.7397521078505072e-05 4.3787352073187703e-06 7.7451893371485405e-05 0.00016630008339358298 -0.010190459924501802 -2.7278414295005747e-05 -0.0026962321362048311 0.00020458462558888609 5.4636258178080047e-05 -0.00052253180537574159 0.0011903622335408435 0.0002741351871793437 -0.0014173923661183593 -8.8440466234292927e-05 -0.0015534722907942172 0.00038321982211478908 0.0013605336952968177 -0.0024358442119938443 -0.00073196707382480156 0.00077514326897814331 -0.00020913116879066971 -0.00026806455601648631 -0.0019347573226645718 0.0003521762566902436 0.0027385997476027379 0.0006172114332158382 0.0001573429208683289 -0.0020190708466356769 0.00012455743081467749
leaf_weight=719 535 172 1286 160 4344 55 9983 86 234 84 60 302 915 99 3746 46 132 40 40 41 777 63 49 65 208 61 75 4264 41 866
leaf_count=719 535 172 1286 160 4344 55 9983 86 234 84 60 302 915 99 3746 46 132 40 40 41 777 63 49 65 208 61 75 4264 41 866
internal_value=0.000253613 0.00202368 0.0024056 -7.2072e-05 0.000114433 -9.28867e-05 -0.000177237 -0.00171543 -0.00032069 0.000255163 0.000113737 0.000154595 -0.000140266 -0.00288587 -5.35437e-05 -0.000231474 -0.00201 -0.00434646 -0.00703448 -0.000293103 0.000454623 0.000302983 -0.00143624 -0.00400568 0.000231618 -0.000810811 0.00046893 0.000356083 -0.00317949 -0.00011576
internal_weight=29548 2153 1821 332 27395 11077 10358 375 289 16318 11974 11914 6009 183 5826 4911 299 126 86 173 5905 5128 446 175 271 110 4682 4380 116 4612
internal_count=29548 2153 1821 332 27395 11077 10358 375 289 16318 11974 11914 6009 183 5826 4911 299 126 86 173 5905 5128 446 175 271 110 4682 4380 116 4612
is_linear=0
shrinkage=0.03


Tree=221
num_leaves=31
num_cat=0
split_feature=17 0 0 10 14 2 14 8 8 9 10 15 15 15 4 15 4 14 15 15 14 9 13 15 14 0 6 15 6 9
split_gain=7.827 2.125 1.2878 0.991976 1.19711 1.01127 1.34533 1.16292 1.82628 1.64855 1.28941 1.03177 1.99964 4.02917 1.33635 1.04507 1.01131 0.91489 1.28771 0.90057 2.15434 3.00552 2.53538 2.16127 2.05512 1.32828 1.2872 1.18309 1.145 1.09883
threshold=3.9131647042326239 46.498798076923087 4.8546916616174451 2.6426240131973278 0.029850602482496151 5.8479582522806028 0.12906653955158634 2.5812670340241319 2.2599451022073431 0.12506979891835779 1.2582986308803348 3.1567740231385479 3.4811217321331038 3.3842466058243152 1440.7195322802004 2.6735537653587347 2389.1763060635853 0.1653464987480375 1.0000000180025095e-35 3.7726948748059121 0.51303190547426614 0.05597624695388121 0.082866252440618973 3.795426061844291 0.6051968757028342 1.2097396036952945 0.26450980392156881 3.5408542930527882 4.2014739993098695 0.035385739991003161
decision_type=8 10 8 8 2 10 2 10 10 10 10 10 10 10 8 8 8 2 10 10 2 10 2 10 2 10 2 10 2 10
left_child=3 2 -2 5 -5 19 -7 8 9 11 -11 14 13 16 -8 -16 -13 -3 -19 27 23 -22 24 -21 26 29 -23 -1 -29 -25
right_child=1 17 -4 4 -6 6 7 -9 -10 10 -12 12 -14 -15 15 -17 -18 18 -20 20 21 22 -24 25 -26 -27 -28 28 -30 -31
leaf_value=2.3015531039472963e-05 0.00062210614977140609 -3.4100426505638026e-05 4.2473731510992069e-06 -0.00068960065675829321 0.00043939681145859519 0.001635896440592506 -0.00062114588785931214 9.7074739051590646e-06 -0.00090399511616568069 -0.00073047734330756542 -0.001833897458232857 0.00024218564187816202 3.360709964701398e-05 -0.0014106019779556553 -0.00018018271020682871 0.00088947223945059464 -0.0011084759372995926 -1.2264783578022554e-05 0.00012437474796473023 -0.00052253029094682544 -0.0023739939983875237 -0.0011094234603171039 0.00042413615495200195 0.0007602426593560402 0.00019525269321456974 0.00029165818076316868 -0.00033032287023482661 0.00038853884616979023 -0.0014219562373329678 -0.00013011129520362294
leaf_weight=21889 520 118 1271 52 846 81 40 416 49 40 58 63 177 40 61 176 46 65 143 76 48 48 161 57 85 917 124 1474 44 431
leaf_count=21889 520 118 1271 52 846 81 40 416 49 40 58 63 177 40 61 176 46 65 143 76 48 48 161 57 85 917 124 1474 44 431
internal_value=0.000249789 0.00200708 0.00241239 0.000114436 0.00109455 8.13098e-05 -0.000752404 -0.00101285 -0.00171771 -0.00132051 -0.00490909 -0.000730132 -0.00187156 -0.00442 0.000615108 0.00147479 -0.00139091 -0.000220183 0.000976077 0.000122343 -0.000497433 -0.00227409 -0.0014463 6.27531e-05 -0.0032907 0.000330726 -0.00516763 0.000173915 0.000983542 -0.000932515
internal_weight=29616 2117 1791 27499 898 26601 1247 1166 750 701 98 603 326 149 277 237 109 326 208 25354 1947 466 418 1481 257 1405 172 23407 1518 488
internal_count=29616 2117 1791 27499 898 26601 1247 1166 750 701 98 603 326 149 277 237 109 326 208 25354 1947 466 418 1481 257 1405 172 23407 1518 488
is_linear=0
shrinkage=0.03


Tree=222
num_leaves=31
num_cat=0
split_feature=20 17 20 12 3 13 10 7 9 11 1 3 4 4 4 3 20 6 12 8 9 17 8 8 15 11 4 9 7 20
split_gain=7.29413 1.58449 1.52119 1.54699 1.40179 2.62477 1.2674 1.0745 1.62628 2.58386 1.73055 1.90405 1.90047 2.33921 1.63853 1.46198 2.35369 1.96039 1.28618 2.1709 1.55541 1.17558 2.33994 1.13686 1.61391 1.32804 1.99231 2.13702 2.00771 1.1858
threshold=1.0000000180025095e-35 3.0937951317496952 0.01062012229485306 0.29321759835126932 0.093883342585738688 0.042395736131044519 2.5788237994635157 0.34355712775317698 0.031872332606303906 7.5722457171989133 0.13976744186046516 0.0688468234389817 511.22615663951512 2637.2458268122941 1508.0732099836109 0.054232830281817947 0.20605320543050182 2.5429683415103157 0.12119757128160648 427.20746514820229 0.024601456858929133 1.4348072168078037 2.4590190092219264 153.17016939429368 3.4811217321331038 10.601361045763651 2784.8791879117807 0.19470767589028351 0.16861412961352035 0.6377483581836686
decision_type=2 8 2 2 2 2 10 8 10 2 10 2 8 10 8 2 2 2 2 10 10 10 10 10 8 2 10 10 10 2
left_child=-1 6 4 -4 5 -3 7 18 14 -10 11 -11 -13 21 -9 16 -16 -17 -2 20 -20 22 -14 29 25 26 27 -25 -28 -22
right_child=1 2 3 -5 -6 -7 -8 8 9 10 -12 12 13 -15 15 17 -18 -19 19 -21 23 -23 -24 24 -26 -27 28 -29 -30 -31
leaf_value=4.1199519565662307e-06 -2.7179784107981583e-05 -1.3427679806310061e-06 -8.3235309721479189e-05 0.0017763727825395974 6.7500989473090337e-05 -0.00011826870293594048 0.00049254111174364893 0.00045366688923805155 -0.003870237233629616 0.00076260426981059341 0.0010576536203311798 0.0020092302034206838 -0.0040133491043004453 0.00063837772737900054 0.00032346482711500407 0.00010825894080722155 -0.0026714550120507585 -0.00064182290016945613 -4.4232057480292566e-05 -0.0013738263534953299 0.00033126302332871335 -0.00078973420447640494 -0.00046504073658020238 0.0010664907360314192 -0.0014343197360623483 0.00062851532068875795 2.8969129867870537e-06 -0.00048674204921660862 -0.0019070551290921265 7.1420734142210948e-05
leaf_weight=835 10345 120 327 1005 121 41 826 491 55 80 161 56 66 82 40 446 60 51 3580 40 4119 52 384 157 40 136 41 64 56 5551
leaf_count=835 10345 120 327 1005 121 41 826 491 55 80 161 56 66 82 40 446 60 51 3580 40 4119 52 384 157 40 136 41 64 56 5551
internal_value=0.000234259 0.000153494 0.00106625 0.00148987 -0.000932862 -0.00275926 9.88511e-05 6.2285e-05 -0.000601481 -0.00151761 -0.00111905 -0.00174757 -0.00229329 -0.0028 0.000187328 -0.000867893 -0.00415842 -0.000198795 0.000117986 0.000307726 0.000328265 -0.0035666 -0.00305987 0.000517659 -0.000884848 -0.000369231 -0.00142947 0.000148649 -0.0049898 0.000589391
internal_weight=29428 28593 1614 1332 282 161 26979 26153 2024 936 881 720 640 584 1088 597 100 497 24129 13784 13744 502 450 10164 494 454 318 221 97 9670
internal_count=29428 28593 1614 1332 282 161 26979 26153 2024 936 881 720 640 584 1088 597 100 497 24129 13784 13744 502 450 10164 494 454 318 221 97 9670
is_linear=0
shrinkage=0.03


Tree=223
num_leaves=31
num_cat=0
split_feature=0 10 17 12 16 14 10 11 3 3 4 3 4 11 8 15 4 8 7 14 15 14 16 4 7 4 11 12 0 15
split_gain=7.33048 1.42952 1.19228 1.8533 1.41624 2.09105 1.67839 1.33393 2.45744 1.07793 1.39777 1.23813 2.0848 1.86272 2.55216 1.84527 2.14035 1.75322 3.44249 2.60463 2.8651 1.43123 3.30998 2.52459 1.9323 4.37535 2.28031 1.33856 1.38967 1.26534
threshold=1.0000000180025095e-35 2.5788237994635157 3.0937951317496952 0.29058821036257726 0.32303659801974277 0.18589582675654745 0.99444749756398931 8.45733701862701 0.10761759816068137 0.44393429317066602 1031.8612449570489 0.36935676870838868 1190.3701150429383 9.3954497051092307 4.0554175358757769 2.0126758453675748 123.28416653708453 1.1178591004362515 0.050844857964181082 0.69960812274525919 2.9700856263602158 0.029850602482496151 0.27599968065299668 1008.2044936348515 0.31650999233430582 538.73640111664429 9.2254752583477249 0.14725151041432663 1.113403836748261 1.2424533248940004
decision_type=10 10 8 2 10 2 10 2 2 2 8 2 8 2 10 10 10 10 10 2 8 2 10 10 10 10 2 2 10 10
left_child=-1 2 9 4 5 6 -4 8 -5 11 -11 17 15 14 -14 29 -17 19 -19 -2 -21 22 23 -18 27 -26 -27 28 -23 -13
right_child=1 -3 3 7 -6 -7 -8 -9 -10 10 -12 12 13 -15 -16 16 21 18 -20 20 -22 24 -24 -25 25 26 -28 -29 -30 -31
leaf_value=3.9963533978692436e-06 0.00023415788055604827 0.00047763587160552703 -0.00011722804233930778 -0.00010577519117880183 0.00090046200949936049 6.5475959738618228e-05 -0.003187677247392997 0.0012320084031540613 0.00023238255549865673 -2.5662779019724134e-06 0.00063438914387053741 -0.00035214842217219335 0.00012339128357635943 0.00047783322825497145 -0.00096808719289149582 -0.0029515823019614631 -0.0017793618999274708 -0.0018115209855904977 6.6651900576769335e-06 0.0024043668042981717 -0.0017367447513471697 -0.00015753774072407265 0.00043313522243367865 -0.0010672989033402194 0.00071186868766060039 -0.0038722345739073539 -0.00076361183361798983 0.00068453449722100871 -0.00065391864212607537 0.00072830125469564803
leaf_weight=838 2102 990 45 76 129 101 49 849 248 777 680 44 114 674 48 56 44 169 20330 51 50 415 44 48 64 40 43 281 76 223
leaf_count=838 2102 990 45 76 129 101 49 849 248 777 680 44 114 674 48 56 44 169 20330 51 50 415 44 48 64 40 43 281 76 223
internal_value=0.000232129 0.000151762 0.000111944 0.000935247 -0.00107077 -0.00267857 -0.00587368 0.00148978 -0.000147692 6.51779e-05 0.000858025 1.87825e-05 -0.000658239 0.000523298 -0.00235583 -0.00137491 -0.00191277 8.48347e-05 -1.60964e-06 0.000888839 -0.00379412 -0.00160511 -0.00446715 -0.00767742 -0.00117717 -0.00431757 -0.00882143 -0.000574385 -0.00151829 0.00086194
internal_weight=29698 28860 27870 1497 324 195 94 1173 324 26373 1457 24916 2214 836 162 1378 1111 22702 20499 2203 101 1055 136 92 919 147 83 772 491 267
internal_count=29698 28860 27870 1497 324 195 94 1173 324 26373 1457 24916 2214 836 162 1378 1111 22702 20499 2203 101 1055 136 92 919 147 83 772 491 267
is_linear=0
shrinkage=0.03


Tree=224
num_leaves=31
num_cat=0
split_feature=0 20 15 12 0 12 3 6 0 14 14 11 0 10 13 14 16 11 11 11 3 15 12 11 11 9 6 7 11 11
split_gain=7.55517 2.81724 3.57757 2.16222 3.15459 1.96694 2.52204 1.20255 1.71358 1.38064 1.48995 1.2289 1.06961 2.14572 1.05476 1.2313 2.72845 2.10466 1.70044 1.43944 1.51934 1.84002 1.49649 2.46583 1.34576 2.54849 1.69504 1.32469 2.44224 2.45654
threshold=1.0000000180025095e-35 0.00039431462807598927 1.4978661367769956 0.35262464095983953 46.498798076923087 0.26074333867438476 0.070122692221979491 1.1040306809537634 500.25000000000006 0.25450203479105588 0.27887317046262522 7.4386775612200848 1.9779231940710171 1.2965443594778221 0.053918475218732498 0.077051950493642052 0.1611707516048427 7.2470803309351544 7.0427230439640427 9.6594076059450664 0.070122692221979491 2.1383330595080281 -0.013783338320192405 10.12284394139424 9.9969551264347309 0.023822567963849489 0.67279978305761701 0.12004978055044414 9.4678080515874239 9.6369470793051697
decision_type=10 2 10 2 10 2 2 2 10 2 2 2 10 10 2 2 10 2 2 2 2 10 2 2 2 10 2 10 2 2
left_child=-1 2 -2 4 12 -6 -7 8 9 -5 -11 -12 14 -14 15 16 17 -3 -17 20 21 -19 23 -21 25 -24 -27 28 -20 -30
right_child=1 3 -4 7 5 6 -8 -9 -10 10 11 -13 13 -15 -16 18 -18 19 27 22 -22 -23 24 -25 -26 26 -28 -29 29 -31
leaf_value=3.8764627959331668e-06 -4.5772865255653118e-05 -0.0045378146431198467 5.9277148859574419e-07 0.00036130043717782763 0.00012483146267209454 -1.9505974251080577e-05 -8.3560364937986968e-05 0.0005399100083209237 -0.00017294103575108945 -0.00086361793228977891 -0.0019360177294232095 6.4815315121977986e-05 -9.7617378636865633e-06 0.00094055932404597234 5.2211197069785185e-05 0.00029262424337385623 0.00049570339431757404 0.0013293476905308903 0.00011882936247431393 1.7566817472276429e-05 0.000685136906755945 -0.0019032742297531936 -0.0018221463625236432 -0.00093811266442833056 6.3529527451385758e-05 0.00096127944246844979 -0.0004248674573723306 -4.7535680634575893e-05 -0.0013280705665077342 -0.00025593313418424294
leaf_weight=850 47 64 62 603 40 60 53 2180 61 41 50 313 1853 1371 8709 644 1390 45 755 55 388 41 50 56 452 109 119 7258 158 1722
leaf_count=850 47 64 62 603 40 60 53 2180 61 41 50 313 1853 1371 8709 644 1390 45 755 55 388 41 50 56 452 109 119 7258 158 1722
internal_value=0.00021071 0.000128244 -0.00466364 0.000146643 5.34007e-05 -0.00422727 -0.00623684 0.000875346 5.05146e-05 0.000348214 -0.00100741 -0.000387363 7.95168e-05 0.000589768 4.76937e-06 -0.000163222 0.000399639 -0.000545652 -0.000311159 -0.000284954 0.00103579 -0.00255172 -0.00102969 -0.00425893 -0.000533516 -0.00217204 -0.000812227 -0.000408429 -0.000984446 -0.001563
internal_weight=29599 28749 109 28640 25392 153 113 3248 1068 1007 404 363 25239 3224 22015 13306 2769 1379 10537 1315 474 86 841 111 730 278 228 9893 2635 1880
internal_count=29599 28749 109 28640 25392 153 113 3248 1068 1007 404 363 25239 3224 22015 13306 2769 1379 10537 1315 474 86 841 111 730 278 228 9893 2635 1880
is_linear=0
shrinkage=0.03


Tree=225
num_leaves=31
num_cat=0
split_feature=0 20 14 12 0 12 13 8 11 0 15 7 12 17 12 3 7 13 3 4 17 15 13 7 15 11 7 12 14 1
split_gain=7.4303 2.60443 3.09119 1.83903 1.93227 2.29464 2.35878 1.56885 1.43427 1.37275 1.86153 1.4207 1.11677 1.29416 1.11818 1.62955 1.16863 0.957792 1.27449 2.82626 2.91717 2.9863 1.69818 1.6554 2.82874 1.95802 2.5239 1.62733 1.45493 1.83282
threshold=1.0000000180025095e-35 0.00039431462807598927 0.17041219872740357 0.35262464095983953 46.498798076923087 0.26074333867438476 0.10055166114250737 46.597454493965103 7.1392636679552224 46.498798076923087 1.0000000180025095e-35 0.31977550473824473 0.39299949281436058 0.0076623721585133454 0.37389381129193483 0.30629971326363431 0.36591474860996426 0.074461342176922685 0.22168009306213923 1555.7133919055443 0.73261819416092355 3.5694334999727624 0.10228631454299626 0.15832212886102529 2.0126758453675748 9.2254752583477249 0.23336468421502746 0.082768146757525876 0.14977650506690496 0.04184173669467784
decision_type=10 2 2 2 10 2 2 8 2 10 10 10 2 8 2 2 10 2 2 10 10 10 2 10 8 2 10 2 2 8
left_child=-1 2 -2 4 17 -6 -7 9 -9 11 -11 -5 14 -14 15 -13 -16 -3 23 20 21 22 -20 27 -25 -26 28 -19 -27 -30
right_child=1 3 -4 7 5 6 -8 8 -10 10 -12 12 13 -15 16 -17 -18 18 19 -21 -22 -23 -24 24 25 26 -28 -29 29 -31
leaf_value=3.7601689120551722e-06 -6.8333177737257866e-05 -6.2695180747863244e-06 -9.8110134714598669e-06 0.00085362923304416411 0.00012684953677794905 -5.4972825438136044e-05 -9.9923872086482793e-05 -0.00046578416859581402 0.00098755898741435138 -0.00012380741237557192 2.1896453794567322e-06 0.00081663895789220941 -0.00077215309491912641 0.00032917900576489266 -0.00056127637762970375 -0.0010684195854377073 -6.8983929541397711e-05 2.2410259719395083e-05 0.0011384660863263546 0.00024780303486180718 -0.003805521746009637 -0.0022250692200054727 -0.000975727471923042 -0.00085229020701334745 0.0017831495947293963 0.00051874039185415824 -0.0020724038312260147 0.0004693430973415395 -0.00068593997743768688 5.1052207109165855e-05
leaf_weight=837 47 18107 66 1068 48 75 42 40 919 65 109 127 56 660 69 44 57 2164 136 408 60 59 233 61 228 201 40 3000 283 365
leaf_count=837 47 18107 66 1068 48 75 42 40 919 65 109 127 56 660 69 44 57 2164 136 408 60 59 233 61 228 201 40 3000 283 365
internal_value=0.000211693 0.000130765 -0.00439474 0.000148721 6.35021e-05 -0.00316265 -0.00541525 0.000824883 0.00184063 0.000392287 -0.00216 0.000606628 -0.000198225 0.000443515 -0.00174161 -0.000156977 -0.00387402 8.46288e-05 0.000376295 -0.000682274 -0.00222086 -0.00134266 -0.000332432 0.000525934 -0.000488549 -0.000142218 -0.000778652 0.000757406 -0.000427059 -0.00111864
internal_weight=29674 28837 113 28724 25510 165 117 3214 959 2255 174 2081 1013 716 297 171 126 25345 7238 896 488 428 369 6342 1178 1117 889 5164 849 648
internal_count=29674 28837 113 28724 25510 165 117 3214 959 2255 174 2081 1013 716 297 171 126 25345 7238 896 488 428 369 6342 1178 1117 889 5164 849 648
is_linear=0
shrinkage=0.03


Tree=226
num_leaves=31
num_cat=0
split_feature=0 12 17 0 12 11 0 15 11 17 11 11 17 0 15 17 3 6 4 19 10 3 7 10 17 7 7 4 1 8
split_gain=7.45071 1.50965 1.95763 1.7116 1.59929 2.42232 1.42268 1.1454 2.4064 1.59006 2.04417 1.26606 1.501 1.05795 2.47776 1.8537 1.21062 1.00282 0.969587 0.866786 1.82447 1.83608 2.25633 1.23192 1.10758 2.52977 1.38413 1.14294 1.12389 1.58661
threshold=1.0000000180025095e-35 0.39857310260213824 3.0937951317496952 46.498798076923087 0.24796781113050018 10.030956856813228 500.25000000000006 2.602003343538398 7.5722457171989133 1.3200833072581308 9.957383706263089 10.039874237782998 0.23122480746474805 4.554998022013824 2.1383330595080281 1.5843898560536684 0.080828143791921159 1.0668178337594316 580.55820484373055 10.500000000000002 1.9324590901462153 0.24144632283421261 0.26874085203009834 1.6839305312372332 0.73261819416092355 0.18813764867318511 0.19542222638776474 1440.7195322802004 0.3430703624733476 1.1449127915937873
decision_type=10 2 10 10 2 2 10 8 2 10 2 2 8 10 8 8 2 2 10 2 10 2 10 8 10 10 10 8 10 10
left_child=-1 3 7 13 -5 6 -6 17 -9 11 -11 12 -10 19 15 16 -15 -3 -8 -2 23 -22 -23 24 28 27 -27 -26 -21 -30
right_child=1 2 -4 4 5 -7 18 8 9 10 -12 -13 -14 14 -16 -17 -18 -19 -20 20 21 22 -24 -25 25 26 -28 -29 29 -31
leaf_value=3.6473638446935168e-06 2.554145330842528e-05 -2.5277564388068434e-05 0.0025532717693276395 0.00013930766565793416 2.0433070490561527e-05 -8.0933105750639032e-05 -3.1588919363742657e-05 -0.00048289399830284108 -0.0004135775767863242 0.0010261774913944439 -0.00086458412656290268 0.0011999377106912677 0.00015432418375391427 -0.00020212214544675756 0.001841011753309839 0.00055418486323055062 -0.00087914896826641275 0.00076308971749037386 -5.4128189794765107e-06 6.562835037439007e-06 -0.00026792569925934392 -0.0022432489407604958 -0.00043174347288377386 0.00059445457914091503 -0.00037206086519343676 -0.0018404233101306535 -0.0011962231734124827 0.00078099134786391864 0.00052975836917238458 -0.00095382849474098168
leaf_weight=848 21123 376 428 54 82 71 40 77 78 53 61 185 186 72 411 117 40 816 40 2972 172 48 48 426 131 44 239 185 55 129
leaf_count=848 21123 376 428 54 82 71 40 77 78 53 61 185 186 72 411 117 40 816 40 2972 172 48 48 426 131 44 239 185 55 129
internal_value=0.000226662 0.000144889 0.000888987 8.13963e-05 -0.00221875 -0.00329487 -0.00125153 0.000461539 -0.000561622 0.000122341 -0.00302609 0.000926667 -0.000407547 0.000106665 0.00131045 -0.00118696 -0.0039292 0.0010109 -0.00407407 7.6487e-05 -0.000304045 -0.00269888 -0.006 -0.000149928 -0.000323482 -0.001505 -0.00355986 0.000340694 -9.88279e-05 -0.00236757
internal_weight=29607 28759 2260 26499 287 233 162 1832 640 563 114 449 264 26212 640 229 112 1192 80 25572 4449 268 96 4181 3755 599 283 316 3156 184
internal_count=29607 28759 2260 26499 287 233 162 1832 640 563 114 449 264 26212 640 229 112 1192 80 25572 4449 268 96 4181 3755 599 283 316 3156 184
is_linear=0
shrinkage=0.03


Tree=227
num_leaves=31
num_cat=0
split_feature=0 20 11 17 16 15 7 16 7 7 17 7 11 6 6 4 12 10 7 4 13 7 0 15 12 17 9 11 13 1
split_gain=7.03197 2.80874 3.39288 2.91275 0.932424 1.00568 1.44583 0.87975 1.06284 1.76109 1.43602 1.49244 1.16234 1.0433 1.02934 0.84059 1.31508 1.20661 0.857916 0.806006 0.950627 0.798286 2.58556 0.802571 1.91893 0.783937 0.807021 0.779148 1.44815 1.36379
threshold=1.0000000180025095e-35 0.00039431462807598927 9.8160760940363669 3.9131647042326239 0.50213493396333264 1.2424533248940004 0.36966582190507286 0.49055102147203267 0.37953181302156908 0.27711800907067308 1.1420528169633293 0.36100270742385204 9.5055068599034858 0.86947638991670739 3.0432916690677887 862.59236778624165 0.40906967540969902 0.91028776480427476 0.36100270742385204 1491.7401164870021 0.1082127772149107 0.20902245175538367 1.3421998991185859 3.5694334999727624 0.33061909746485091 0.26072610227127896 1.0000000180025095e-35 10.077587907450397 0.021500753520280334 0.047847985347985407
decision_type=10 2 2 8 10 8 10 8 10 8 10 10 2 2 2 8 2 10 10 8 2 8 10 8 2 10 8 2 2 8
left_child=-1 2 -2 4 7 6 -6 14 9 -9 11 -11 -13 -10 -3 16 17 -5 -19 20 -7 -16 -23 -24 -25 -21 -27 -28 29 -29
right_child=1 3 -4 15 5 19 -8 8 13 10 -12 12 -14 -15 21 -17 -18 18 -20 25 -22 22 23 24 -26 26 27 28 -30 -31
leaf_value=3.5379429293527115e-06 -9.6814958686499244e-05 1.2367124254639184e-05 3.1541111892373779e-06 0.00031273195500017081 0.00035299890608667594 0.00079871056556318374 -0.0020512448491129408 0.00024017266330440996 -0.00019964619761904899 -0.0029342047260835888 0.00038800957890079192 -0.0008472000957584566 0.00016832647223716723 0.00084322655074197371 0.00043566908777861415 0.00043968586567405587 0.00062258219407592959 -0.00080686011163002007 -2.4137120673575048e-05 0.00066342574922455917 -0.0034671454880726266 -0.0010815476299047037 0.00057747405582319808 -0.0015376752276155313 0.00080440520809017932 -0.0014352294463320556 0.00088935837872299581 -0.00021165609535252379 0.00014183341980150306 -0.0014227734271372388
leaf_weight=818 52 23036 64 46 68 935 58 179 216 64 59 67 50 220 1230 965 136 66 40 92 40 76 460 44 56 40 148 55 189 40
leaf_count=818 52 23036 64 46 68 935 58 179 216 64 59 67 50 220 1230 965 136 66 40 92 40 76 460 44 56 40 148 55 189 40
internal_value=0.000255218 0.000177237 -0.00446154 0.000196157 0.000131496 0.000819328 -0.00174803 8.70022e-05 -0.000858645 -0.00193571 -0.00360996 -0.00492857 -0.00287288 0.00017849 0.000119504 0.00161005 0.000186851 -0.00172549 -0.00347664 0.00103052 0.00155225 0.000797001 -6.5934e-05 0.000641711 -0.00178218 0.000127434 -0.000367865 1.38569e-05 -0.000905263 -0.00390625
internal_weight=29609 28791 116 28675 27422 1665 126 25757 855 419 240 181 117 436 24902 1253 288 152 106 1539 975 1866 636 560 100 564 472 432 284 95
internal_count=29609 28791 116 28675 27422 1665 126 25757 855 419 240 181 117 436 24902 1253 288 152 106 1539 975 1866 636 560 100 564 472 432 284 95
is_linear=0
shrinkage=0.03


Tree=228
num_leaves=31
num_cat=0
split_feature=0 20 11 17 1 12 4 11 0 4 15 4 11 0 19 10 14 0 10 17 1 17 4 13 12 15 9 15 15 9
split_gain=7.42634 2.17063 2.68871 1.43876 1.12864 1.09396 1.02654 1.94605 1.05922 1.43527 0.94233 2.10432 1.1339 2.10015 1.35316 0.786177 0.934396 0.855928 0.740936 1.17975 0.857081 0.849684 1.97409 0.672135 0.647706 0.553403 1.07351 0.540848 2.0809 2.56799
threshold=1.0000000180025095e-35 0.00039431462807598927 9.8257151819964985 2.5113171736250868 0.045663052543786449 0.31127405721333995 923.3373347017972 8.2224192840079287 46.498798076923087 3740.9666043292095 2.6735537653587347 1052.0235351302542 8.45733701862701 46.498798076923087 4.5000000000000009 2.6426240131973278 0.029850602482496151 1202.4166666666667 -0.1480405853583969 -0.43867369142464502 0.31072796934865904 -0.38802885603712317 263.5512579623433 0.1082127772149107 0.39299949281436058 2.8029010331479989 0.022499570427301118 3.7726948748059121 3.8815106545092593 0.066914569084974687
decision_type=10 2 2 8 10 2 8 2 10 10 10 10 2 10 2 10 2 10 8 10 10 10 8 2 2 10 10 8 8 8
left_child=-1 2 -2 15 5 6 7 -5 9 -8 12 -12 13 24 -15 17 -17 18 19 -3 23 22 -20 -21 -7 -24 -27 -23 29 -29
right_child=1 3 -4 4 -6 10 8 -9 -10 -11 11 -13 -14 14 -16 16 -18 -19 21 20 -22 27 25 -25 -26 26 -28 28 -30 -31
leaf_value=3.4318046414721299e-06 -0.00010975786655548427 -0.0033966407328198667 2.7437393236313548e-06 0.00068925732101241921 0.0014832306490241086 -6.7666434681039683e-05 0.0012800800069802747 -0.0016412177562471293 -1.8686017456419309e-05 -0.00087627386294001546 0.0012121131310590073 -0.0032435512068298895 0.0017414392769568657 2.5281152490549766e-05 -0.00011070249407077996 -0.00048739002691867484 0.00042923384713846279 -4.1084120193804326e-05 -0.0014353960696210808 0.0001660620435200278 -0.00071779699329930298 9.6908656780320882e-06 0.0010373107170200623 0.0014484449984864302 0.0060454939101383179 -0.0011887234241599598 0.00081079075876756823 -0.00089504593453308516 -4.2079686890120478e-06 -2.9578930800321046e-05
leaf_weight=838 48 48 62 71 371 65 223 76 42 50 63 61 655 41 65 51 690 47 75 1007 59 21243 314 179 129 55 144 200 2367 244
leaf_count=838 48 48 62 71 371 65 223 76 42 50 63 61 655 41 65 51 690 47 75 1007 59 21243 314 179 129 55 144 200 2367 244
internal_value=0.000214271 0.000133062 -0.00405405 0.000149288 0.000944067 0.000585603 -0.000634989 -0.00269595 0.000332279 0.00101825 0.00110833 -0.001344 0.00142782 -9.96677e-05 -0.00347664 9.2389e-05 0.00105526 6.48887e-05 7.22934e-05 0.000772025 0.000951043 3.55477e-05 0.00116129 0.00112721 0.00175385 0.00182685 0.000585 7.98182e-06 -0.000383001 -0.00226517
internal_weight=29583 28745 110 28635 1912 1541 462 147 315 273 1079 124 955 300 106 26723 741 25982 25935 1293 1245 24642 588 1186 194 513 199 24054 2811 444
internal_count=29583 28745 110 28635 1912 1541 462 147 315 273 1079 124 955 300 106 26723 741 25982 25935 1293 1245 24642 588 1186 194 513 199 24054 2811 444
is_linear=0
shrinkage=0.03


Tree=229
num_leaves=31
num_cat=0
split_feature=20 20 4 17 8 6 11 7 16 20 4 16 1 7 6 13 16 4 14 20 8 15 2 20 20 16 4 13 4 17
split_gain=7.67985 2.18533 2.64074 1.77074 1.70634 1.19783 0.904977 1.96896 2.37769 0.993749 1.43622 0.800695 1.01168 1.3652 1.51179 0.734676 1.335 2.06904 2.75903 1.53676 1.22808 1.7388 1.47908 2.223 1.43877 1.5442 3.74006 1.84861 2.3521 2.62301
threshold=1.0000000180025095e-35 0.0020092937722238544 511.22615663951512 3.3509556123729944 48.328082823143212 1.207545414410172 7.1392636679552224 0.25652364448872206 0.64984552453940048 0.43508340253331662 900.4348879041687 0.29212164061664897 0.043863024240092315 0.34610156420500832 1.2505325801986686 0.067539671971076506 0.54780898189259009 1922.2630087767573 0.33866708755457325 1.4212677531546551 53.124934602863654 3.4811217321331038 6.4736344677991813 0.1386972043657683 0.50042227561814967 0.21029984332783544 12866.871813549369 0.10316219693149252 1772.8411773594596 0.83909500354976307
decision_type=2 2 10 8 10 2 2 10 8 2 8 8 8 10 2 2 10 10 2 2 10 10 8 2 2 8 8 2 10 10
left_child=-1 2 -2 15 5 -4 7 -5 -9 11 -11 12 13 14 -8 16 19 -18 -19 -3 24 22 -22 -24 -17 -26 27 -27 29 -29
right_child=1 3 4 6 -6 -7 9 8 -10 10 -12 -13 -14 -15 -16 20 17 18 -20 -21 21 -23 23 -25 25 26 -28 28 -30 -31
leaf_value=3.328850502227966e-06 -2.6564815001237276e-05 -1.0965250100018982e-05 -0.000119790351637572 0.0064667742824780581 3.5541487115513328e-05 -8.1397469196370152e-06 -0.00072698690849058809 -0.00025756428742723485 0.0007492585649308993 -0.0016177139802395378 0.00060721869452454158 0.0026537544771088268 0.00056170502987004298 0.0016174671351055242 1.4062764308861799e-05 0.0010873039731041513 0.00058380042101558512 -0.0019862350936375585 0.00046030528239827706 -0.0086554028285579683 0.00045799853205642435 -0.0006352243564504824 -0.00065941108689841733 -7.3323329096914992e-05 0.00016477977071798332 0.00036297697733936644 -0.0033905854099502549 -0.00027916186221394645 6.6429314856967074e-05 -0.0017280963318255346
leaf_weight=857 76 18109 40 80 178 40 46 46 46 62 139 487 201 169 90 492 843 48 52 45 178 48 41 562 4793 765 49 479 635 73
leaf_count=857 76 18109 40 80 178 40 46 46 46 62 139 487 201 169 90 492 843 48 52 45 178 48 41 562 4793 765 49 479 635 73
internal_value=0.000199429 0.000116418 -0.00229254 0.000144652 -0.000833977 -0.00444444 0.00119824 -0.00083237 -0.00380645 0.00149121 -0.000430693 0.00188028 0.00104142 -4.90195e-05 -0.00227737 9.1721e-05 -9.89621e-06 0.00109004 -0.0029703 -6.70888e-05 0.000330828 -0.00076265 -0.000418158 -0.00112748 0.000455332 0.000341722 -0.000358142 -0.000150538 -0.000891414 -0.00232188
internal_weight=29769 28912 334 28578 258 80 1366 172 92 1194 201 993 506 305 136 27212 19097 943 100 18154 8115 829 781 603 7286 6794 2001 1952 1187 552
internal_count=29769 28912 334 28578 258 80 1366 172 92 1194 201 993 506 305 136 27212 19097 943 100 18154 8115 829 781 603 7286 6794 2001 1952 1187 552
is_linear=0
shrinkage=0.03


Tree=230
num_leaves=31
num_cat=0
split_feature=0 20 11 0 0 7 5 9 9 9 9 14 11 11 14 0 7 14 14 4 9 4 11 14 1 1 15 15 0 11
split_gain=7.31819 1.74868 2.54734 1.36559 1.77198 2.79874 1.25644 1.02067 2.67001 1.22321 0.915696 1.5245 1.76418 3.73263 0.9342 1.04309 0.912735 1.78393 3.37923 3.28592 3.09366 2.08994 1.86408 2.93088 2.28364 4.01193 1.26304 2.8139 2.48728 2.38955
threshold=1.0000000180025095e-35 0.00039431462807598927 9.8160760940363669 4.554998022013824 46.498798076923087 0.39418933043723242 0.32583417593528824 0.027932793498658424 0.012153530210256709 0.14950538523484178 0.039629703288945099 0.26420140152005533 9.9364628417375283 9.4814737665622708 0.13739603685840249 5.1949234402690676 0.32600246255126958 0.24327338998578471 0.28164152097039846 8387.9063714405293 0.040697153792311272 171.17720464539499 7.4386775612200848 0.60019321080588428 0.11803405572755422 0.083874458874458893 3.0677824455408698 2.524928003624769 1.6498333795654185 9.957383706263089
decision_type=10 2 2 10 10 10 10 10 10 10 8 2 2 2 2 10 8 2 2 10 10 10 2 2 8 10 10 8 10 2
left_child=-1 2 -2 16 6 7 10 8 -6 -9 11 14 13 -13 15 -5 -3 19 20 21 -19 -18 23 -20 25 26 27 -24 -29 -30
right_child=1 3 -4 4 5 -7 -8 9 -10 -11 -12 12 -14 -15 -16 -17 17 18 22 -21 -22 -23 24 -25 -26 -27 -28 28 29 -31
leaf_value=3.228984987161127e-06 -9.0007148527147647e-05 3.0884396612284069e-05 3.0185733127073076e-06 -0.0019074865722533551 -6.2856636656425537e-06 0.00040878622247194783 -0.00064091547025637858 1.1762746423108696e-05 -0.00015859880004255597 -4.9206638383937336e-05 0.0021117664130200341 0.00034798666225324085 0.0010373583435624113 -0.0014706625820342725 0.0016008840852565936 0.0011801405873019808 -0.00046969849066476528 -0.00018090112821730886 2.1519289007580124e-05 -0.0018295585398879703 -0.0015350707490760409 0.00048973853777552483 0.00012689261163506885 -0.0040227733500761073 0.00082914400183925886 -0.0034611558640228737 0.0014711012528382081 -0.0018003305160254194 -0.0018618513235946308 0.00028744411721658668
leaf_weight=832 52 24168 62 52 76 212 40 163 53 77 471 57 114 40 360 225 186 88 51 64 45 1144 363 41 307 54 104 51 49 88
leaf_count=832 52 24168 62 52 76 212 40 163 53 77 471 57 114 40 360 225 186 88 51 64 45 1144 363 41 307 54 104 51 49 88
internal_value=0.000224217 0.000144189 -0.00354783 0.000158955 0.000927357 -0.000458763 0.00151985 -0.00203513 -0.00417692 -0.000871369 0.00167955 0.00108834 -0.00111792 -0.00407143 0.00181975 0.000507194 0.000103306 -0.000426783 -0.00125362 0.000309678 -0.00575373 0.000631105 -0.000708746 -0.00477419 -0.000336283 -0.00127183 -0.000617378 -0.00119022 -0.00415873 -0.00202174
internal_weight=29689 28857 114 28743 1940 581 1359 369 129 240 1319 848 211 97 637 277 26803 2635 1241 1394 133 1330 1108 92 1016 709 655 551 188 137
internal_count=29689 28857 114 28743 1940 581 1359 369 129 240 1319 848 211 97 637 277 26803 2635 1241 1394 133 1330 1108 92 1016 709 655 551 188 137
is_linear=0
shrinkage=0.03


Tree=231
num_leaves=31
num_cat=0
split_feature=17 16 13 7 17 1 14 16 3 16 6 11 6 8 14 14 6 3 6 13 15 8 1 13 3 8 17 14 7 3
split_gain=5.30279 1.18453 0.765193 1.13255 0.710168 2.16524 1.98894 1.93171 2.29165 1.82887 2.2756 1.79091 1.67253 1.38789 1.37454 2.70502 1.27868 1.29233 1.22212 1.13503 1.10177 4.74117 1.27784 1.59071 1.9728 1.5771 2.16052 1.71755 1.48408 1.38862
threshold=5.9592302853142547 0.50213493396333264 0.13159051404471711 0.139434745927076 0.20508044523255842 0.15638586956521741 0.68027517933753268 -1.0000000180025095e-35 0.31408662305837265 0.35372724581483944 1.5362680399129369 8.3150769773310635 0.80392498728290129 1.2907434009054812 0.4239823935611558 0.52068908284768389 -0.41492353175279978 0.11639947699013543 2.2576434266327401 0.13763199502629664 4.4601277074540464 1.5567219689687641 0.13172353961827646 0.17784876044119557 0.14987364569487927 1.3075595956890897 1.1149600386466054 0.18308201311881486 0.14658735645519483 0.47954586488210021
decision_type=8 10 2 10 10 10 2 8 2 8 2 2 2 10 2 2 2 2 2 2 10 8 8 2 2 8 10 2 8 2
left_child=1 4 -3 -4 5 6 9 8 14 -1 19 -8 -13 -14 -7 -16 17 -9 20 -11 22 -22 25 29 -25 26 -6 -28 -27 -24
right_child=-2 2 3 -5 18 7 11 16 -10 10 -12 12 13 -15 15 -17 -18 -19 -20 -21 21 -23 23 24 -26 28 27 -29 -30 -31
leaf_value=0.00015080176018827981 3.1321154375462931e-06 0.00032164290598064285 0.0012838330542068684 -0.0019602939083599984 -0.00018840205045116666 -3.4474651255058822e-05 -0.00088568228592298315 0.00012178653504485899 -0.0018520582796066427 2.8860869543540902e-05 -0.0012579654871326133 0.0005506487358735581 -0.0020170165611861821 -4.0988955947187038e-05 -0.001265248893369645 -0.00074851831980194804 2.2404730337736428e-05 -0.00078211020903303484 0.00015147614031940521 -0.00099648886113601798 0.00046172329085523197 -0.0012938795896698797 0.00014612331679666405 -0.0014160929807420562 0.00079845343397323004 0.00021883853529829875 -0.0018173273225757021 -0.0031698268492063373 -7.8690975842157901e-05 -0.0013377276561089527
leaf_weight=7547 1591 1657 43 43 1748 263 60 123 62 335 53 181 44 57 40 102 2199 323 2863 45 56 43 2892 66 53 998 40 40 6039 47
leaf_count=7547 1591 1657 43 43 1748 263 60 123 62 335 53 181 44 57 40 102 2199 323 2863 45 56 43 2892 66 53 998 40 40 6039 47
internal_value=0.000220847 0.00012529 0.000882454 -0.00186207 7.51141e-05 0.000252908 0.000505347 -0.000422101 -0.00219872 0.000601428 -0.00129263 -0.00173178 -0.000720848 -0.00379412 -0.00136699 -0.00373427 -0.00010771 -0.00157047 -6.1467e-05 -0.000472441 -0.000194128 -0.00333 -0.000167813 0.000360902 -0.003025 -0.000350214 -0.00113505 -0.00592593 -0.000146206 0.00049898
internal_weight=29653 28062 1743 86 26319 11434 8322 3112 467 7980 433 342 282 101 405 142 2645 446 14885 380 12022 99 11923 3058 119 8865 1828 80 7037 2939
internal_count=29653 28062 1743 86 26319 11434 8322 3112 467 7980 433 342 282 101 405 142 2645 446 14885 380 12022 99 11923 3058 119 8865 1828 80 7037 2939
is_linear=0
shrinkage=0.03


Tree=232
num_leaves=31
num_cat=0
split_feature=0 20 14 12 6 15 11 11 0 13 9 15 14 0 9 0 19 0 9 0 11 7 14 7 10 19 10 9 8 7
split_gain=7.28528 3.19138 3.11201 1.32561 1.41669 1.68073 2.10206 1.32748 1.15194 1.13036 1.61548 1.51881 2.24351 1.08287 1.057 0.968107 1.43751 0.951241 0.920368 0.868649 1.79139 1.62975 0.820032 1.1167 0.773676 0.964159 2.32817 3.89841 2.13002 4.69743
threshold=1.0000000180025095e-35 0.00039431462807598927 0.19638806362534819 0.35262464095983953 1.0796283654175101 2.602003343538398 7.5722457171989133 10.480199225726805 500.25000000000006 0.011703958488188884 0.0070793987473236871 2.8617925509761908 0.37712706838895749 5.1949234402690676 0.038477211628976667 46.498798076923087 7.5000000000000009 4.3260389723734116 0.16630124580199582 2.2666072860717121 7.7834323062786455 0.3992101321182534 0.180032785398999 0.34066286249904076 -0.1480405853583969 10.500000000000002 1.9009382354062967 0.12633453330293751 22.321054984331955 0.28109406001732345
decision_type=10 2 2 2 2 8 2 2 10 2 10 8 2 10 10 10 2 10 10 10 2 10 2 10 8 2 10 10 10 10
left_child=-1 2 -2 15 8 -6 -7 9 13 10 -8 12 14 19 -12 17 -17 24 -19 -5 -21 22 -22 -24 -3 -26 -27 28 -28 -30
right_child=1 3 -4 4 5 6 7 -9 -10 -11 11 -13 -14 -15 -16 16 -18 18 -20 20 21 -23 23 -25 25 26 27 -29 29 -31
leaf_value=3.0381519744199043e-06 -4.2699957523257961e-05 0.00012742780909353669 7.6250926349102539e-05 0.0001751435748429559 0.00089203373567969834 -0.00016768328498087504 -0.00084594469247173908 0.0015932081945848841 -0.00013201670864780005 0.0020220980882693835 -0.0004742630457999908 0.00083126328608512591 -0.0011983569267900059 0.00018283773609157179 0.00033174369921532042 -4.6108536940629823e-05 1.2890939832732125e-05 0.00076046131219437618 -0.00014375778527921768 -0.0023774528138088852 0.00083957004693864003 -0.00084473536492647304 0.00064642472094876785 -0.00086685086289289327 1.8429630072739472e-05 -3.8640342029308361e-05 0.00026318766353363061 -0.0035424659206967153 -0.0024734327022529852 0.00056619768766227245
leaf_weight=823 67 1300 47 244 1317 51 61 210 57 86 46 279 42 319 95 88 72 441 49 48 91 79 114 84 19557 3684 163 44 42 55
leaf_count=823 67 1300 47 244 1317 51 61 210 57 86 46 279 42 319 95 88 72 441 49 48 91 79 114 84 19557 3684 163 44 42 55
internal_value=0.000214965 0.00013547 -0.00485217 0.000155437 0.000728598 0.00116133 0.000137773 0.000508537 -0.000185149 -0.000201639 -0.000727099 -0.000116631 -0.0022337 5.81634e-05 -0.000401408 8.29543e-05 -0.00223602 9.76872e-05 0.0014053 -0.000635401 -0.00146763 -0.000747967 0.0003 -0.000783919 7.18427e-05 3.24897e-05 -0.000392579 -0.00291148 -0.00149425 -0.0049898
internal_weight=29655 28832 114 28718 3223 2187 870 819 1036 609 523 462 183 979 141 25495 160 25335 490 660 416 368 289 198 24845 23545 3988 304 260 97
internal_count=29655 28832 114 28718 3223 2187 870 819 1036 609 523 462 183 979 141 25495 160 25335 490 660 416 368 289 198 24845 23545 3988 304 260 97
is_linear=0
shrinkage=0.03


Tree=233
num_leaves=31
num_cat=0
split_feature=0 20 14 0 14 14 9 9 7 6 4 7 4 1 6 14 4 13 3 3 14 16 3 3 3 0 13 16 7 3
split_gain=7.1906 1.3193 1.78345 1.53273 1.98399 1.48534 1.838 1.8314 1.509 1.32904 1.86937 1.62631 1.47874 1.33912 1.46955 1.28807 1.31251 2.44224 1.24721 1.27128 2.04617 2.19911 1.93801 1.31152 1.23112 1.19315 1.05528 1.32315 1.30526 1.40183
threshold=1.0000000180025095e-35 0.00039431462807598927 0.19638806362534819 2.9971553854031452 0.14977650506690496 0.26209131748968711 0.042759249507686406 0.095979183984746141 0.22837099812873285 1.585933854247618 1257.2428018631483 0.39046757533540971 2267.4535652879599 0.070802005012531324 1.3934529962790831 0.12906653955158634 237.70114823402255 0.0090453004020480746 0.029342526062816544 0.14786603821660313 0.28466029169767554 0.16265194323598045 0.26065465585284026 0.10932776564183717 0.04883231271839264 199.92105263157899 0.070280331315618796 0.51086519481583148 0.14582963864160278 0.1693399213984392
decision_type=10 2 2 10 2 2 10 10 10 2 8 10 8 10 2 2 10 2 2 2 2 10 2 2 2 10 2 10 10 2
left_child=-1 2 -2 26 9 7 8 -6 -7 13 -11 12 -12 14 15 16 17 -5 -10 20 -20 -22 -21 -23 -17 -8 27 -3 29 -28
right_child=1 3 -4 4 5 6 25 -9 18 10 11 -13 -14 -15 -16 24 -18 -19 19 22 21 23 -24 -25 -26 -27 28 -29 -30 -31
leaf_value=2.9470074151873076e-06 -3.5616878701216118e-05 -1.8627094348779687e-05 7.5015641528748119e-05 -0.0019196534503066773 0.0013451564412828485 0.0018194026658043879 0.0022957232039430885 -4.5927287890254024e-05 0.00033355949371967591 0.00164270264842874 -0.0018078994692221197 0.0030731474147131046 -1.9484477851460222e-05 0.0012081853163315387 -0.0029116827113958971 -0.00091224775730270539 0.00019493172383125494 9.8205409188393983e-05 -0.00083081924380859029 0.00096459147313491178 -0.00050216019103325755 0.0010036471571892799 -0.00029417629901156507 -0.00018362342588748362 -8.6080926930533447e-06 -1.1155971819376919e-05 0.00029403938820565605 0.00030478032357819478 -4.3298659662311508e-05 -1.5514714306796944e-06
leaf_weight=833 64 16737 43 57 1126 106 360 165 48 202 61 66 99 57 40 42 243 40 40 83 73 95 41 46 44 49 3521 1185 2205 1818
leaf_count=833 64 16737 43 57 1126 106 360 165 48 202 61 66 99 57 40 42 243 40 40 83 73 95 41 46 44 49 3521 1185 2205 1818
internal_value=0.000250321 0.000170672 -0.00313889 0.000183141 0.000803706 0.00129243 0.00038535 0.00195279 -0.000776735 -0.000343487 0.000895105 -0.000977973 -0.0026087 -0.00135687 -0.00188865 -0.001363 -0.000527859 -0.00345918 -0.00157377 -0.00215303 -0.00336471 -0.00217674 0.000336 2.11269e-05 -0.00462069 0.00189512 0.000105548 -1.9751e-05 0.000403181 0.000656742
internal_weight=29589 28756 107 28649 3183 2232 941 1291 532 951 428 226 160 523 466 426 340 97 426 378 254 214 124 141 86 409 25466 17922 7544 5339
internal_count=29589 28756 107 28649 3183 2232 941 1291 532 951 428 226 160 523 466 426 340 97 426 378 254 214 124 141 86 409 25466 17922 7544 5339
is_linear=0
shrinkage=0.03


Tree=234
num_leaves=31
num_cat=0
split_feature=0 12 0 15 20 6 14 9 8 15 8 17 17 12 4 14 15 14 12 8 17 14 9 14 7 9 8 14 14 11
split_gain=7.41958 1.75195 2.02969 2.56473 1.17663 1.10444 1.14437 0.983734 1.13895 0.888576 1.64808 0.828804 1.47666 1.54639 0.775957 0.771421 0.75481 0.688401 0.847936 0.913525 1.24016 0.688133 1.7484 2.50437 2.44434 1.75138 2.24884 3.39397 2.70511 3.66736
threshold=1.0000000180025095e-35 0.43263878002697848 500.25000000000006 1.0000000180025095e-35 0.20605320543050182 0.60655840413148476 0.24726704078709502 0.14950538523484178 171.87705970625072 2.1383330595080281 25.579980434925428 0.027525864775420922 -0.31310156101340053 0.5044056004368801 1483.0299935673522 0.13934825344610632 4.7050052835523761 0.25136488416346719 0.51638661858088286 17.044520348591224 1.4850325121970982 0.38758999002680905 0.22210056573571405 0.10102936720107132 0.059077135635629517 0.13028228991995441 1.26876309538337 0.14977650506690496 0.17216792383753302 9.5731067231309002
decision_type=10 2 8 10 2 2 2 10 10 8 10 8 10 2 10 2 10 2 2 10 8 2 10 2 10 10 10 2 2 2
left_child=-1 2 4 -4 7 6 15 9 -9 10 -2 12 -7 -14 -12 -3 21 -13 19 -19 -21 22 25 24 -24 -6 -27 -28 29 -29
right_child=1 5 3 -5 16 11 -8 8 -10 -11 14 17 13 -15 -16 -17 -18 18 -20 20 -22 -23 23 -25 -26 26 27 28 -30 -31
leaf_value=2.8585971927316883e-06 -0.00077456163587756686 -3.4401996396851181e-05 -3.0912019197810549e-05 -2.0258376263637321e-05 1.2766243858774317e-06 0.0011911440410383538 -0.00042619636618334401 -6.6835937220873669e-05 9.4784430078449209e-06 0.00063205565243233534 -0.00026921676695832315 0.0015002243767908482 0.00010127242244910135 -0.00086059883145363572 0.0012240903015589544 0.0009777380394580806 0.00068869900826647287 0.00040444714542054653 0.0010816744175271462 -0.0004014641575816086 8.6559016312266908e-05 4.7675689874473628e-05 -0.00085233635982368927 0.00075271417028970381 0.00012780755131813504 -0.00052945278263190397 0.0014915597687288134 0.0019116448901895762 -6.2501659607514337e-05 -0.0021731057638695265
leaf_weight=836 70 52 50 119 14900 60 66 43 62 521 40 696 50 44 162 75 116 172 237 58 108 7585 50 613 226 1043 308 42 1049 65
leaf_count=836 70 52 50 119 14900 60 66 43 62 521 40 696 50 44 162 75 116 172 237 58 108 7585 50 613 226 1043 308 42 1049 65
internal_value=0.000212202 0.000130949 7.36007e-05 -0.00319412 9.4252e-05 0.00108956 -0.00103608 0.00116129 -0.0015566 0.00152267 0.000131868 0.00137798 -0.000696774 -0.00303158 0.00150739 0.000632813 5.73507e-05 0.00162972 0.000859375 -0.000106195 -0.00168862 4.64803e-05 -5.31233e-05 0.00124382 -0.00112635 -0.000119428 -0.000852871 -9.41978e-05 -0.000840104 -0.00536111
internal_weight=29518 28682 27064 169 26895 1618 193 898 105 793 272 1425 154 94 202 127 25997 1271 575 338 166 25881 18296 889 276 17407 2507 1464 1156 107
internal_count=29518 28682 27064 169 26895 1618 193 898 105 793 272 1425 154 94 202 127 25997 1271 575 338 166 25881 18296 889 276 17407 2507 1464 1156 107
is_linear=0
shrinkage=0.03


Tree=235
num_leaves=31
num_cat=0
split_feature=0 0 15 6 20 7 8 6 12 8 15 9 8 0 16 17 8 6 1 11 10 9 17 16 11 11 9 6 17 15
split_gain=7.45264 1.81465 3.55138 3.26953 2.29573 2.15781 1.88536 1.61108 1.28319 1.23929 1.55279 1.6271 2.00534 2.11137 2.20552 2.45764 2.13087 1.87626 1.56054 1.54279 1.33994 1.31449 1.50951 1.66115 1.83826 1.80519 2.48857 1.60914 1.76189 1.40188
threshold=1.0000000180025095e-35 46.498798076923087 1.0000000180025095e-35 1.154642272449905 0.20605320543050182 0.38592235652618578 48.328082823143212 1.154642272449905 0.12473856050257216 5.2550473933281774 2.4414009612931857 0.014662104218780501 42.005637076802429 1.744220456788403 0.38447523372962095 0.21133204779067682 17.044520348591224 1.7952706574778203 0.082079496968335955 8.6476949840748336 1.3118531349647073 0.028631309495873069 0.60249760397640484 0.16741229773951175 9.8662269168380092 9.1951759701679201 0.0025046752417442089 -0.17917399568911449 -0.38802885603712317 2.249904835165133
decision_type=10 10 10 2 2 10 10 2 2 10 10 10 10 10 8 10 10 2 10 2 10 10 10 8 2 2 10 2 10 10
left_child=-1 4 3 -3 -2 7 -5 -4 -6 21 11 -11 13 14 15 -13 18 20 -15 -18 -17 22 27 24 29 -25 -27 28 -10 -24
right_child=1 2 5 6 8 -7 -8 -9 9 10 -12 12 -14 16 -16 17 19 -19 -20 -21 -22 -23 23 25 -26 26 -28 -29 -30 -31
leaf_value=2.7728392769497379e-06 0.0008741140238313599 -2.0478878268311735e-06 -4.9901151383130365e-05 -0.00015861433838472555 -2.3863566293364007e-05 0.00063230293936020448 -1.6718331489917057e-05 1.3257181788654908e-06 -0.0032499773533586312 0.00011708426462815343 9.602242096213254e-05 -0.00057746693297150192 -8.4286551297877987e-06 0.0012288730361856496 -1.1266274028974286e-05 -0.0014056162097898365 -0.0012873559571377738 -0.00048544458365195307 -0.00084612934565710899 -0.00022416782609134065 -0.0020501866009321659 0.00023667193361652736 -0.0012306304841773789 0.00076451060943334107 3.8452647125216522e-05 -0.00084915903601951337 -0.00022927313903149375 0.00021102579688625815 -0.00040196594702425638 -0.0022219980624828229
leaf_weight=845 1260 98 100 69 11399 212 40 148 40 694 3344 58 665 180 96 57 45 53 78 159 47 6931 69 245 62 42 576 1762 279 46
leaf_count=845 1260 98 100 69 11399 212 40 148 40 694 3344 58 665 180 96 57 45 53 78 159 47 6931 69 245 62 42 576 1762 279 46
internal_value=0.000221111 0.000139733 -0.00140569 -0.00465865 0.000176352 6.5076e-05 -0.00820909 -0.00183133 0.000117759 0.00029519 -6.79203e-05 -0.000700422 -0.00127589 -0.00231395 -0.00422115 -0.00590278 -0.00102376 -0.00784177 0.000787645 -0.00330732 -0.0101714 0.000492987 -1.82574e-05 -0.000951009 -0.00358989 -0.00040625 -0.00126979 0.000448127 -0.00150937 -0.00581897
internal_weight=29699 28854 667 207 28187 460 109 248 26927 15528 5476 2132 1438 773 311 215 462 157 258 204 104 10052 3121 1040 177 863 618 2081 319 115
internal_count=29699 28854 667 207 28187 460 109 248 26927 15528 5476 2132 1438 773 311 215 462 157 258 204 104 10052 3121 1040 177 863 618 2081 319 115
is_linear=0
shrinkage=0.03


Tree=236
num_leaves=31
num_cat=0
split_feature=0 0 15 0 8 7 17 3 8 15 17 17 9 3 9 19 14 15 14 7 12 12 15 15 8 9 9 17 4 14
split_gain=7.77881 1.85653 3.27142 2.57277 1.35654 1.39523 1.45927 1.22237 2.03953 1.838 1.08157 1.80382 2.2779 1.27854 1.40573 2.83294 1.9334 1.07851 1.61118 1.75531 1.04059 1.03479 0.81789 1.24866 0.824618 1.76874 0.764975 0.763221 0.694291 1.03153
threshold=1.0000000180025095e-35 46.498798076923087 1.0000000180025095e-35 2.9971553854031452 162.33537707238057 0.2172575924374234 -1.0972010123839155 0.137987316399342 94.620474654151153 2.524928003624769 3.0937951317496952 1.4348072168078037 0.0070793987473236871 0.03977100317030851 0.040282803042753036 6.5000000000000009 0.22899651462346401 2.1383330595080281 0.13069051613163477 0.28703520389404097 0.5044056004368801 0.24975077821654781 4.6298509007569537 4.5591125415341898 0.9608349325500839 0.25221708539234083 0.01264066173340367 -0.34220144979340755 421.6800181607619 0.051081968121981729
decision_type=10 10 10 10 10 10 10 2 10 10 8 10 10 2 10 2 2 10 2 10 2 2 10 10 8 8 10 10 10 2
left_child=-1 3 4 20 5 -3 -7 8 9 -4 11 17 -13 -14 15 16 -15 18 19 27 22 -20 23 24 25 -2 -10 -5 29 -26
right_child=1 2 7 10 -6 6 -8 -9 26 -11 -12 12 13 14 -16 -17 -18 -19 21 -21 -22 -23 -24 -25 28 -27 -28 -29 -30 -31
leaf_value=2.6896540986412454e-06 -0.0027724642755558413 -4.4759185776554982e-06 -2.4945964999298815e-05 -0.000672543873272332 2.9861206895937672e-06 -0.00010118409033653883 -7.5207015018901243e-05 0.00065742652977182734 -0.00016728243025791677 -0.00012174634136396521 0.0017696541502162605 -0.0034336550398390417 0.0013982447259081104 0.0017490172264520564 0.00048777236172250073 -0.0014624698099914809 -0.00029834441717007353 0.0010886864642930447 -9.5116149642081714e-05 -0.0013170509854216008 0.0028939935702124069 0.00056356989734448408 0.00042423123084136779 -0.00030451172364082845 -0.00036616194604053535 0.00040188223440522608 6.6384455187322086e-05 0.00041102164601323739 -1.1340591411126907e-05 0.00016799219716746855
leaf_weight=839 48 58 80 40 42 59 44 107 57 49 822 45 78 68 105 45 41 875 68 45 176 304 151 50 281 65 171 64 22182 2476
leaf_count=839 48 58 80 40 42 59 44 107 57 49 822 45 78 68 105 45 41 875 68 45 176 304 151 50 281 65 171 64 22182 2476
internal_value=0.000150833 6.75333e-05 -0.00149551 0.000104781 -0.00466176 -0.00590741 -0.00799038 -0.000103226 -0.000946927 -0.00394615 0.00100346 0.000586847 -0.0012376 -0.000381657 -0.00139615 -0.0032129 -0.000572727 0.00108661 5.74724e-06 -0.00262 1.28589e-05 0.00106166 -3.2073e-06 -1.64919e-05 -6.94516e-06 -0.00255263 0.000759825 -0.000457143 4.69137e-06 0.00045359
internal_weight=29535 28696 667 28029 203 161 103 464 357 129 2600 1778 382 337 259 154 109 1396 521 149 25429 372 25253 25102 25052 113 228 104 24939 2757
internal_count=29535 28696 667 28029 203 161 103 464 357 129 2600 1778 382 337 259 154 109 1396 521 149 25429 372 25253 25102 25052 113 228 104 24939 2757
is_linear=0
shrinkage=0.03


Tree=237
num_leaves=31
num_cat=0
split_feature=20 20 15 14 3 20 14 11 17 7 17 15 20 4 4 17 7 20 19 10 7 7 10 15 17 2 11 9 20 7
split_gain=7.5438 2.16056 2.76446 2.19567 2.18248 1.94603 1.55713 1.43715 1.42786 1.28436 1.1612 1.25703 1.01049 1.39487 2.87479 2.14985 1.12668 0.894153 0.718722 1.33327 2.27312 2.49537 1.72302 1.19514 0.863281 1.683 1.33689 1.42072 1.29351 1.16988
threshold=1.0000000180025095e-35 0.021721105527638195 1.2424533248940004 0.16871021642762477 0.137987316399342 0.21956766861367993 0.32425587734021027 9.9462835947546075 -1.0972010123839155 0.21535993973590967 3.0937951317496952 2.1383330595080281 0.069152642300204528 3409.5493506680846 2244.9111126599382 0.10077808885416693 0.24059971620000803 0.069152642300204528 10.500000000000002 1.9478854578716629 0.2502079770167796 0.22837099812873285 1.6839305312372332 2.8029010331479989 0.24194025245640041 4.0823256909868091 11.275720994973229 0.10454692774332698 0.94039263576620802 0.17362167968207126
decision_type=2 2 10 2 2 2 2 2 10 10 8 10 2 10 10 10 10 2 2 10 10 10 8 8 10 10 2 10 2 10
left_child=-1 2 6 4 7 10 8 -4 9 -2 11 12 -3 14 15 -14 -15 -13 -7 22 21 23 24 -21 25 26 27 -20 29 -29
right_child=1 5 3 -5 -6 18 -8 -9 -10 -11 -12 17 13 16 -16 -17 -18 -19 19 20 -22 -23 -24 -25 -26 -27 -28 28 -30 -31
leaf_value=2.608964475682008e-06 4.1431734984288247e-07 0.00067958227821597128 -6.0196449598918334e-05 9.5892996550346065e-05 0.0015026552530254412 2.483065123843938e-05 -0.00017155440988257832 -0.00012400597424687605 2.5445630553042442e-06 -5.7838946749426493e-05 0.001714375433670648 -0.00011416885329835718 -0.0012335348598786703 -0.00023520489766901091 -0.0013817805894205139 0.0036111677980016029 0.0009393824823452513 0.0018559274084740029 0.00038576658755474098 -0.0020572161608799957 0.00070578651051386254 -0.0023798630696201012 0.0006402477806306809 4.1082241963425977e-05 -0.00023599755066298843 -0.0011076793759813863 -0.00032388965372835346 0.00041333479649382961 -0.00079985270845617381 -0.0010045811651418252
leaf_weight=825 42 93 76 256 52 22213 58 40 93 80 591 46 47 48 43 66 99 328 1119 55 116 40 428 67 1852 151 99 382 183 58
leaf_count=825 42 93 76 256 52 22213 58 40 93 80 591 46 47 48 43 66 99 328 1119 55 116 40 428 67 1852 151 99 382 183 58
internal_value=0.000169596 8.85783e-05 -0.00156017 -4.23528e-05 -0.00269822 0.000129493 -0.00390876 -0.00497436 -0.00270833 -0.00482927 0.00123568 0.000466926 -0.000710327 -0.00154934 -0.00351592 -0.000973684 0.000547297 0.001712 7.31954e-05 -0.00027027 -0.00227957 -0.00456442 -0.000139012 -0.00239024 -0.000340182 9.33268e-05 0.000343648 0.000537005 -0.000610577 0.000272109
internal_weight=29646 28821 697 424 168 28124 273 116 215 122 1361 770 396 303 156 113 147 374 26763 4550 278 162 4272 122 3844 1992 1841 1742 623 440
internal_count=29646 28821 697 424 168 28124 273 116 215 122 1361 770 396 303 156 113 147 374 26763 4550 278 162 4272 122 3844 1992 1841 1742 623 440
is_linear=0
shrinkage=0.03


Tree=238
num_leaves=31
num_cat=0
split_feature=0 0 12 7 13 13 8 0 16 11 12 16 3 17 9 16 11 9 14 14 16 14 9 6 13 6 20 14 14 9
split_gain=7.41146 1.5893 1.57974 1.56345 2.14782 1.52638 1.66991 2.32506 1.69704 1.96753 2.32829 1.11079 2.1106 3.24941 1.02135 1.13441 1.06304 0.975349 1.16301 2.2292 3.16928 1.34287 0.908581 0.849112 0.783807 1.16913 1.0429 1.00072 2.91983 3.07522
threshold=1.0000000180025095e-35 500.25000000000006 0.31749181592287107 0.30498730852503547 0.064670890218624835 0.016859294059371328 171.87705970625072 28.257575757575761 0.5614881370162752 7.1392636679552224 0.40906967540969902 0.25929374011551171 0.33095649156288504 -0.089470402401126498 0.078812190240569194 0.23891857139394032 9.4526981414443565 0.059878128520781344 0.14594739711837137 0.087619925206465235 0.22273022688721925 0.25136488416346719 0.046109105025071422 0.82671158886630114 0.067539671971076506 -2.2242346252952223 0.25358244218602016 0.15623046274527189 0.38758999002680905 0.16257158859904167
decision_type=10 10 2 10 2 2 8 10 8 2 2 10 2 8 10 8 2 8 2 2 8 2 10 2 2 2 2 2 2 8
left_child=-1 2 24 4 -3 6 7 11 9 -9 -11 12 17 -14 15 -15 -17 18 19 -4 -21 -20 -23 -5 25 -2 -27 -28 29 -29
right_child=1 3 5 23 -6 -7 -8 8 -10 10 -12 -13 13 14 -16 16 -18 -19 21 20 -22 22 -24 -25 -26 26 27 28 -30 -31
leaf_value=2.5306955414115479e-06 -0.0018822541759955327 -0.00010642201374852103 0.00027782514343207198 -0.00012801319961101661 -2.6575118995321718e-06 0.0012623534453412915 0.001404893676625287 -0.00017349536817091877 8.456148558845701e-05 -0.0002354109491747838 0.001968308248535053 0.00056852368309207176 -0.0021290672954867823 0.00021125075608667765 -0.00062374507388783008 -0.00091110672389103659 0.00020810374305913309 0.0013746961829507098 0.0013587832728779589 -0.0017454557874719548 -0.00014975897922774679 5.3231954971133312e-05 -0.0013728257621270477 9.3534363807025537e-05 6.8554367823682111e-05 0.00074132343551242626 6.3728107774069817e-05 -0.00028828623052724086 3.6001882567857985e-05 0.00072732186751712775
leaf_weight=844 57 75 137 46 87 623 358 40 49 42 53 1323 45 161 76 69 55 275 277 52 71 323 56 136 7922 304 5420 4957 5016 472
leaf_count=844 57 75 137 46 87 623 358 40 49 42 53 1323 45 161 76 69 55 275 277 52 71 323 56 136 7922 304 5420 4957 5016 472
internal_value=0.000227483 0.000145602 0.000170327 -0.00187826 -0.00401227 0.000715859 0.000469535 0.000245411 -0.00301622 -0.00474265 -0.00234375 0.0004519 -8.07258e-05 -0.00194595 -0.000986188 -0.000157343 -0.002304 0.000556208 8.50601e-05 -0.0016092 -0.00452419 0.000757991 -0.000402631 3.2787e-05 7.80158e-05 -4.14123e-05 -2.61594e-05 -5.95612e-05 -0.000231189 -0.00071326
internal_weight=29421 28577 28233 344 162 4085 3462 3104 184 135 95 2920 1597 406 361 285 124 1191 916 260 123 656 379 182 24148 16226 16169 15865 10445 5429
internal_count=29421 28577 28233 344 162 4085 3462 3104 184 135 95 2920 1597 406 361 285 124 1191 916 260 123 656 379 182 24148 16226 16169 15865 10445 5429
is_linear=0
shrinkage=0.03


Tree=239
num_leaves=31
num_cat=0
split_feature=0 0 8 9 12 0 13 8 11 1 9 6 14 14 17 0 14 1 11 6 12 14 17 9 19 13 0 6 11 0
split_gain=7.61602 1.60464 1.71552 2.12559 1.41852 1.59621 1.19981 1.23594 1.48255 1.18767 1.04125 1.0722 1.0048 1.3038 1.35854 1.35601 1.19942 2.0035 1.59776 1.02255 1.0017 0.98218 1.67786 0.862565 0.840566 1.39277 0.837028 0.83463 1.60684 0.821345
threshold=1.0000000180025095e-35 500.25000000000006 394.44764179933389 0.01805763357127645 0.34066920781842175 95.446153846153848 0.0018966012399310283 79.4612033584025 10.546616940613026 0.24752086401570941 0.078408752147107588 -0.079801338304305983 0.25450203479105588 0.27887317046262522 1.3628380363330179 3.0728261520944451 0.15623046274527189 0.047847985347985407 9.0498781478121213 0.96938859235220687 0.41926813066888619 0.26209131748968711 3.3509556123729944 0.0025046752417442089 7.5000000000000009 0.034783361109961601 3.0728261520944451 -2.2242346252952223 10.187443941652988 2.6565358674738206
decision_type=10 10 10 10 2 10 2 8 2 10 8 2 2 2 10 10 2 8 2 2 2 2 8 10 2 2 10 2 2 10
left_child=-1 4 3 -3 5 27 7 8 10 -8 11 -6 16 15 -15 -14 17 20 -19 -16 23 -9 -23 -13 25 -5 -25 28 -2 -18
right_child=1 2 -4 24 6 -7 9 21 -10 -11 -12 12 13 14 19 -17 29 18 -20 -21 -22 22 -24 26 -26 -27 -28 -29 -30 -31
leaf_value=2.4547746751692015e-06 -0.0019923546909286693 -0.00010954075398002716 0.00024803802384724965 4.5628041878147784e-05 0.00094128568041862231 -4.0890423966254631e-05 0.0014303154706915551 0.0026017772005064109 0.0012757343762983318 -0.0021483205510008743 0.0013588348423551632 -0.00099484514077682884 -0.00086907006191416466 -3.1106117996961164e-05 -0.0004521228243988394 -0.00068001715491537197 -4.7403817920524394e-05 -0.00065125926918001905 -0.00017878682343175719 -0.0001271621844763916 0.0016068238521380065 -0.00041982073892986332 0.0031688986061545721 0.0006182402044414226 3.3711256003449985e-06 -2.7366878855059703e-05 -0.00023565231047597125 1.7704490135622872e-05 0.00088159302769210866 0.0017097683487254458
leaf_weight=853 67 81 112 47 96 79 556 386 242 58 315 63 40 472 60 63 125 43 95 84 185 43 73 76 60 41 52 24826 48 247
leaf_count=853 67 81 112 47 96 79 556 386 242 58 315 63 40 472 60 63 125 43 95 84 185 43 73 76 60 41 52 24826 48 247
internal_value=0.000204603 0.000121625 -0.00192105 -0.00340435 0.000146223 6.83427e-05 0.000723556 0.000456356 0.000156707 0.00192195 -0.000110064 -0.000403643 -0.000588418 -0.00142083 -0.000894651 -0.00452885 8.7937e-05 -0.000850485 -0.00392806 -0.00343448 0.000286472 0.00180119 -0.000615384 -0.00123437 -0.00124832 -0.00310112 0.000186047 8.19101e-05 -0.0024569 0.00138338
internal_weight=29588 28735 341 229 28394 25020 3374 2760 2258 614 2016 1701 1605 719 616 103 886 514 138 144 376 502 116 191 148 88 128 24941 115 372
internal_count=29588 28735 341 229 28394 25020 3374 2760 2258 614 2016 1701 1605 719 616 103 886 514 138 144 376 502 116 191 148 88 128 24941 115 372
is_linear=0
shrinkage=0.03


Tree=240
num_leaves=31
num_cat=0
split_feature=0 0 15 0 14 12 8 8 9 9 12 15 8 9 9 1 8 8 4 9 14 10 0 17 14 8 17 16 14 9
split_gain=7.55656 2.04196 3.42483 2.5709 1.4777 1.51018 1.03783 1.5658 1.54673 1.09017 0.874009 1.43877 2.26029 1.35751 1.20484 1.28119 1.47793 2.49336 2.76574 3.8191 1.45577 1.38717 1.1993 1.32223 1.30534 1.84573 1.8322 2.91955 1.43988 1.74104
threshold=1.0000000180025095e-35 46.498798076923087 1.2424533248940004 4.3260389723734116 0.16871021642762477 0.34433968676679522 162.33537707238057 31.739613088551433 0.077609493826336889 0.016417006226022497 0.12473856050257216 3.0201273556387074 182.38394302708591 0.0055351307189542504 0.056977889180953346 0.33143939393939403 1.5199841539872188 1.6243004276391533 1000.9299533340974 0.0052366209641751468 0.69960812274525919 0.75275407997076249 1.2160094804386865 0.10658761748738112 0.46922117293072813 2.1626079891051107 0.45962785369140857 0.18557300873305996 0.42876593534121193 0.080302413646144669
decision_type=10 10 10 10 2 2 10 10 10 10 2 10 10 8 8 10 10 10 8 10 2 10 10 10 2 10 8 10 2 10
left_child=-1 3 6 10 5 -4 7 8 9 -3 13 14 -13 -2 15 16 20 18 -18 -20 -12 -21 23 -16 28 -26 27 -27 -24 -30
right_child=1 2 4 -5 -6 -7 -8 -9 -10 -11 11 12 -14 -15 22 -17 17 -19 19 21 -22 -23 24 -25 25 26 -28 -29 29 -31
leaf_value=2.3811314349141254e-06 0.00046188181565291655 -2.2444953691370895e-05 -0.00011799092366377268 0.0006944522063365992 0.00012214404370324673 -6.3790571521433638e-06 -5.2427049391397334e-06 -0.00016438387300977421 1.5627387914945799e-06 -0.00011812673137892319 0.00051305041475716365 0.00017800784682973445 -0.00063308683795511018 -3.6320584691543877e-05 0.00075063374866192478 -0.0015779600404163896 -0.0031903408704611184 -4.6253995981490064e-05 -0.0014783677235309343 -0.00054019714965702773 -0.00061883803931277322 0.00078005648492565605 0.00014321341627171355 -0.00047805619860677955 0.0013462888273912223 0.0002265026240054774 0.00077762440159494641 -0.0028965650965870875 2.2851495787401841e-05 -0.00076406667374196043
leaf_weight=849 560 49 42 1483 248 119 63 45 50 56 812 5047 95 10775 137 42 56 3943 42 56 65 107 3577 280 649 64 184 46 40 40
leaf_count=849 560 49 42 1483 248 119 63 45 50 56 812 5047 95 10775 137 42 56 3943 42 56 65 107 3577 280 649 64 184 46 40 40
internal_value=0.00020873 0.000126369 -0.00150669 0.000165475 0.000212195 -0.00201852 -0.00417045 -0.00522388 -0.00375 -0.00580189 9.77159e-05 0.000245763 0.000654482 -0.000101888 3.84579e-05 -0.000285129 -0.00024144 -0.000475149 -0.00330916 -0.00167476 0.000878132 0.000420732 0.000368872 -0.00116986 0.000508585 0.00150318 -0.000467796 -0.00351351 0.000251777 -0.0037037
internal_weight=29621 28772 672 28100 409 161 263 200 155 105 26617 15282 5142 11335 10140 5123 5081 4204 261 205 877 163 5017 417 4600 943 294 110 3657 80
internal_count=29621 28772 672 28100 409 161 263 200 155 105 26617 15282 5142 11335 10140 5123 5081 4204 261 205 877 163 5017 417 4600 943 294 110 3657 80
is_linear=0
shrinkage=0.03


Tree=241
num_leaves=31
num_cat=0
split_feature=20 20 15 20 7 6 16 14 11 9 9 16 13 8 11 6 14 7 10 12 11 8 7 15 14 15 13 9 15 11
split_gain=7.71755 1.4544 2.67981 2.07885 1.52387 1.86253 1.22473 1.89266 1.30414 1.0761 0.990457 0.905247 1.05703 0.979429 2.3719 1.08219 1.02684 0.870939 1.62358 1.1356 1.08759 0.689837 2.38944 1.56462 1.41344 2.99001 1.41027 2.42839 1.80025 1.55028
threshold=1.0000000180025095e-35 0.021721105527638195 0.89587973461402759 0.20605320543050182 0.29501187580757693 1.154642272449905 0.21721287421948279 0.33866708755457325 7.9396934185121451 0.1513672681785396 0.16910520303777629 0.52280323611076884 0.13633287937209046 48.328082823143212 7.8813709169734869 0.1706314996438725 0.037242545401578078 0.19154875435805083 0.89922546531623093 0.42623696165890085 7.3427789798660452 1.1217200748231078 0.0527824954399762 2.3502401828962087 0.69960812274525919 3.3497501700808394 0.025126746050508273 0.1131366222994713 3.0201273556387074 10.103157746826245
decision_type=2 2 10 2 10 2 8 2 2 10 10 10 2 10 2 2 2 10 10 2 2 10 10 10 2 8 2 10 8 2
left_child=-1 2 17 6 5 -4 7 8 -3 -10 -7 21 13 16 -15 -16 -13 -2 -19 -20 -21 24 23 -23 26 -26 27 -5 -29 -30
right_child=1 3 4 11 -6 10 -8 -9 9 -11 -12 12 -14 14 15 -17 -18 18 19 20 -22 22 -24 -25 25 -27 -28 28 29 -31
leaf_value=2.3096974918667015e-06 4.3700500641148687e-08 -0.00038698538376555455 -0.00012992733651024689 0.00020750207941129336 0.00026157298282306833 0.00019734759465162431 0.0015039099127523753 -0.00038538370142696875 0.0016510891287148022 -0.00017015788336304416 -5.196017085315239e-05 -0.00061850696750884691 -0.001908076690212234 -0.0033432064901293161 -0.00042368088639575444 0.00085420202796153161 0.00061193796224734496 -0.00014629901247758078 -2.0449966310137481e-05 -0.0001119542276441114 0.00071864492607214676 -0.0032924440670047809 1.2462260488072873e-06 -0.00047864018519608309 0.00010121756603512374 -0.001461766407656465 0.00032101993086352631 -0.00044152704006235474 0.00022760464465955654 -0.00026883287527415344
leaf_weight=850 47 72 72 704 248 83 803 61 291 40 42 76 58 44 42 117 1181 57 46 40 46 62 21668 184 80 54 1800 241 226 281
leaf_count=850 47 72 72 704 248 83 803 61 291 40 42 76 58 44 42 117 1181 57 46 40 46 62 21668 184 80 54 1800 241 226 281
internal_value=0.00018091 9.7612e-05 -0.00127126 0.000130848 0.000100897 -0.00186364 0.00131782 9.03227e-05 0.000839109 0.00163554 0.000357143 7.47233e-05 0.000786044 0.000944559 -0.000985294 0.00073125 0.00125676 -0.0038481 -0.00475263 -0.00288722 -0.000827586 3.20147e-05 -2.95687e-05 -0.00296356 0.00043047 -0.00257778 0.00055518 -0.000140399 -0.00132977 -0.000312992
internal_weight=29616 28766 681 28085 445 197 1267 464 403 331 125 26818 1518 1460 203 159 1257 236 189 132 86 25300 21914 246 3386 134 3252 1452 748 507
internal_count=29616 28766 681 28085 445 197 1267 464 403 331 125 26818 1518 1460 203 159 1257 236 189 132 86 25300 21914 246 3386 134 3252 1452 748 507
is_linear=0
shrinkage=0.03


Tree=242
num_leaves=31
num_cat=0
split_feature=0 0 15 14 12 20 11 14 14 14 14 4 4 16 6 4 16 11 15 8 4 16 14 14 0 15 13 15 12 14
split_gain=7.53079 1.2992 3.16422 1.91688 1.56099 1.54348 1.41917 2.09291 1.66807 1.28603 2.07829 1.77217 1.72732 1.2465 0.937064 2.05277 0.87826 0.939731 1.61688 2.83454 1.80991 0.888069 1.43732 1.57737 3.14323 2.92129 4.00319 1.90979 1.31137 1.78246
threshold=1.0000000180025095e-35 95.446153846153848 1.2424533248940004 0.14977650506690496 0.40906967540969902 0.20605320543050182 7.5722457171989133 0.085660288548143823 0.03226662648250448 0.26420140152005533 0.37712706838895749 3409.5493506680846 2029.5184822272465 0.20845529954609879 1.154642272449905 1205.4737567369991 0.44718524292842771 9.8753195323775991 2.8617925509761908 13.592242899052239 2008.1194342541346 0.094145851807637279 0.6051968757028342 0.56033609807663798 1.2475809018956827 2.3502401828962087 0.025977959958561319 3.3842466058243152 0.041788668911413758 0.57282565962156495
decision_type=10 10 10 2 2 2 2 2 2 2 2 8 10 10 2 10 10 2 10 10 10 8 2 2 10 8 2 10 2 2
left_child=-1 5 3 -3 -5 6 7 8 -2 -8 11 12 13 -11 15 -4 21 -18 19 20 -19 28 23 -23 25 -25 -27 -26 -7 -30
right_child=1 2 14 4 -6 16 9 -9 -10 10 -12 -13 -14 -15 -16 -17 17 18 -20 -21 -22 22 -24 24 27 26 -28 -29 29 -31
leaf_value=2.2404065671107004e-06 2.8818671001578395e-05 -2.1330889774196029e-06 -0.00021203615286438914 -7.5946459619251737e-05 -0.00012909029675032798 -0.00011897577893296788 0.0012363672357483568 0.0013789290816312682 -0.00071858432758570442 -0.00023431366076804918 0.0022999512784110348 0.0026349836661450315 -0.00082550482775904763 0.0011070478278270637 6.8845354513934561e-05 4.9185961151798048e-05 0.00045845330795766647 -0.0014227907017148242 8.1729244391407667e-05 0.00073128719904130694 -0.00068505009038487437 -2.6327060731236812e-05 0.00041910529600771001 0.00042056179523386315 0.00066589293533421379 -0.0017061926380307667 -0.0002667731986816982 -0.00089512423363417208 0.00013099826428647336 -0.00015079001897490586
leaf_weight=826 41 88 46 59 70 1976 824 66 51 41 142 51 77 45 220 102 1520 45 521 106 80 13553 1201 53 260 62 125 83 6415 773
leaf_count=826 41 88 46 59 70 1976 824 66 51 41 142 51 77 45 220 102 1520 45 521 106 80 13553 1201 53 260 62 125 83 6415 773
internal_value=0.000173966 9.2623e-05 -0.00130546 -0.00416972 -0.00648462 0.000121763 0.00111576 -0.00154717 -0.00445161 0.00147333 -3.36133e-05 -0.00189767 -0.00342073 -0.000482758 0.000390244 -0.00144966 7.20476e-05 0.000636164 -0.000231076 -0.00231466 -0.00535714 1.97128e-05 -0.000119898 -0.000204569 -0.00173116 -0.00435685 -0.0061117 0.000113372 0.000253355 0.000441508
internal_weight=29522 28696 585 217 129 28111 1338 158 92 1180 356 214 163 86 368 148 26773 2272 752 231 125 24501 15337 14136 583 240 187 343 9164 7188
internal_count=29522 28696 585 217 129 28111 1338 158 92 1180 356 214 163 86 368 148 26773 2272 752 231 125 24501 15337 14136 583 240 187 343 9164 7188
is_linear=0
shrinkage=0.03


Tree=243
num_leaves=31
num_cat=0
split_feature=20 10 12 7 9 15 11 10 4 15 13 17 4 13 1 11 15 10 8 17 4 12 20 9 9 7 4 13 8 4
split_gain=7.51454 1.6686 1.35337 1.14652 1.95082 1.8713 3.16798 1.70102 1.49468 1.45199 1.35755 1.77786 1.7398 2.00923 1.99262 1.73694 1.89753 2.18208 1.574 1.29228 1.37786 1.25259 1.1701 1.84169 1.16887 2.57558 3.24297 1.53293 1.27186 2.38089
threshold=1.0000000180025095e-35 2.5788237994635157 0.12473856050257216 0.15308031821602791 0.19470767589028351 4.3372693810700085 11.552165404085232 1.8173167352191832 3269.865852109579 3.0677824455408698 0.086243080277888837 0.73261819416092355 1575.2656398199204 0.11600575131586337 0.047847985347985407 9.5514447183964624 4.0163424379838117 0.53351864635691537 13.037562438796284 0.46566534225382566 3980.2089535742903 0.55160230659063914 0.5161339602933076 0.12133764951810268 0.0065764796462273482 0.22387855059410242 1353.6961407125802 0.052803657891659569 79.4612033584025 3342.8209600904261
decision_type=2 10 2 10 10 10 2 10 8 10 2 10 10 2 10 2 10 10 10 10 10 2 2 10 8 10 10 2 8 8
left_child=-1 2 -2 7 5 9 -7 8 -4 21 15 12 13 -12 -14 18 -17 -18 -11 -10 -21 24 -9 -24 25 26 -5 -27 -26 -30
right_child=1 -3 3 4 -6 6 -8 22 19 10 11 -13 14 -15 -16 16 17 -19 -20 20 -22 -23 23 -25 28 27 -28 -29 29 -31
leaf_value=2.1731943700973795e-06 -3.477369295687328e-05 0.00042464252520658637 0.00027082670102841717 0.00048869826232676944 -0.00023475231502109769 -0.0012040389432096373 0.00048037256850637881 0.000576458327492056 9.1228998430924256e-05 -0.00084902526421206997 -0.0017696400951510325 0.0012005949614358334 -0.0011412641450991249 0.0001494281230699321 0.00083556641576986812 0.00046392917106698856 -0.00090455496300223645 0.00021320688088598982 0.00047883750898489988 -0.0001345150433442002 -0.00075044669973050931 0.00075842247906327822 -4.5573362403411167e-05 -0.0024709618355119997 -2.6375606900617043e-05 -5.1916450871498013e-06 -0.0014244696404794408 -0.0010690503583975781 0.0012368899931612142 -6.4826058888267722e-05
leaf_weight=832 11023 983 3684 45 67 52 40 55 383 54 61 77 73 45 93 2323 70 136 40 109 46 364 186 64 6794 767 70 58 663 342
leaf_count=832 11023 983 3684 45 67 52 40 55 383 54 61 77 73 45 93 2323 70 136 40 109 46 364 186 64 6794 767 70 58 663 342
internal_value=0.000187399 0.000106055 6.30557e-05 0.000232848 8.18963e-05 0.000110207 -0.00412903 0.00064068 0.000797064 0.000142845 0.000718466 -0.00103714 -0.00217582 -0.00515888 -0.000251497 0.000952363 0.00110158 -0.00165217 -0.00303158 -0.000679035 -0.00298077 -4.51449e-05 -0.00151961 -0.00239044 -0.000117048 -0.00111583 -0.00530172 -0.000526634 3.46165e-06 0.000999006
internal_weight=29599 28767 27784 16761 12234 12167 92 4527 4222 12075 2972 349 272 106 166 2623 2529 206 94 538 155 9103 305 250 8739 940 115 825 7799 1005
internal_count=29599 28767 27784 16761 12234 12167 92 4527 4222 12075 2972 349 272 106 166 2623 2529 206 94 538 155 9103 305 250 8739 940 115 825 7799 1005
is_linear=0
shrinkage=0.03


Tree=244
num_leaves=31
num_cat=0
split_feature=0 0 15 17 12 12 20 9 17 7 3 7 13 4 10 9 7 3 4 4 9 12 17 15 9 12 17 10 4 16
split_gain=7.2641 2.658 3.19179 1.96467 1.84384 1.96183 1.27231 1.16622 1.65136 1.00902 1.03662 0.973572 1.38711 2.54836 1.36709 1.2441 2.49691 1.56734 1.92448 1.59305 1.23914 1.18422 1.41816 1.74194 2.06211 2.00241 1.81055 1.7786 1.76265 1.48825
threshold=1.0000000180025095e-35 46.498798076923087 1.0000000180025095e-35 5.9592302853142547 0.33381169300942531 0.24796781113050018 0.75685345416921623 0.22043901052556461 0.30407551758090223 0.81774058962830531 1.0000000180025095e-35 0.080067099553778484 0.094451888699221234 1629.6072092242509 2.2728075337953229 0.031014970637555633 0.34066286249904076 0.080828143791921159 2669.3587105071606 2123.5580691434216 0.06119019905433911 0.43914132904804154 0.60249760397640484 2.0126758453675748 0.0025046752417442089 0.17091941394793511 1.2467163084516091 1.650409665292091 1629.6072092242509 0.25221756033132808
decision_type=10 8 10 8 2 2 2 8 10 10 2 10 2 10 10 10 10 2 10 10 10 2 10 8 10 2 10 10 8 8
left_child=-1 3 -3 6 5 -4 7 9 -9 10 -2 12 -12 -14 15 21 20 -18 19 -19 -17 22 -13 25 28 -24 -26 29 -25 -28
right_child=1 2 4 -5 -6 -7 -8 8 -10 -11 11 14 13 -15 -16 16 17 18 -20 -21 -22 -23 23 24 26 -27 27 -29 -30 -31
leaf_value=2.1079985389944582e-06 0.0018608818338955637 -5.7538252606545202e-05 0.00011123370608706262 0.0020334543781553361 3.8129375417214684e-05 -6.5687359210936613e-05 -7.3939390427743105e-06 0.0011461824063795977 -0.00094788022761941725 -0.0016323066904066371 0.00037769714239983381 4.2849935097983267e-05 -0.0024245656132853184 -3.5098452064765757e-05 0.00078373565288259665 0.00075767759222512745 0.00068721449033347696 -0.00050901225796610191 0.00060382262316159509 -0.0020521362164631126 0.00011520609335253357 0.00064433201199828535 -0.00065366077841518585 -0.00034166334612894888 -1.3853668340608726e-05 0.00030948464848457047 -0.0013869085368950461 0.00066225981577399968 -0.0028651595146181297 -0.00019903800828659362
leaf_weight=823 190 207 42 455 373 75 13447 360 56 46 176 2531 58 117 668 1964 114 544 125 44 4922 465 41 55 704 452 218 93 46 244
leaf_count=823 190 207 42 455 373 75 13447 360 56 46 176 2531 58 117 668 1964 114 544 125 44 4922 465 41 55 704 452 218 93 46 244
internal_value=0.000219011 0.000139632 -0.00168911 0.000184994 -0.000366599 -0.00363559 0.000152813 0.000350499 0.00191367 0.0003033 0.000318255 0.000287366 -0.00126989 -0.00315341 0.000328773 0.000258378 0.000495074 -0.00106159 -0.00158403 -0.00230221 0.000682155 -0.000118144 -0.000270923 -0.000901294 -0.00145481 0.000625506 -0.00112143 -0.00240108 -0.00555882 -0.00316199
internal_weight=29655 28832 697 28135 490 117 27680 14233 416 13817 13771 13581 351 175 13230 12562 7713 827 713 588 6886 4849 4384 1853 1360 493 1259 555 101 462
internal_count=29655 28832 697 28135 490 117 27680 14233 416 13817 13771 13581 351 175 13230 12562 7713 827 713 588 6886 4849 4384 1853 1360 493 1259 555 101 462
is_linear=0
shrinkage=0.03


Tree=245
num_leaves=31
num_cat=0
split_feature=0 0 15 20 14 3 11 5 0 14 14 11 10 12 15 13 16 0 16 15 11 14 3 11 3 5 0 19 7 7
split_gain=7.8439 2.00193 2.64928 2.19644 1.72667 1.92929 2.65908 1.18147 1.01441 0.957366 1.39523 1.62972 2.44829 0.850579 1.34566 2.03059 2.524 2.67674 1.64988 1.46877 2.4317 4.90408 4.34463 1.99031 2.14379 2.14037 2.36732 2.22907 1.38257 1.26637
threshold=1.0000000180025095e-35 46.498798076923087 1.2424533248940004 0.20605320543050182 0.17041219872740357 0.13889748678515546 9.9679401300085129 0.34597411933860539 500.25000000000006 0.26420140152005533 0.37712706838895749 9.8662269168380092 1.0042305012895396 0.10139759561597296 3.2384861814448418 0.09529476121680662 0.19069833348797424 1.2224736213864604 -0.038127211504394194 3.4498615536424366 10.223285833227822 0.38041736031061685 0.14987364569487927 11.275720994973229 0.28766659260012595 0.93351749539594853 1.0848229686895843 7.5000000000000009 0.057905053573447739 0.071104848492960712
decision_type=10 10 10 2 2 2 2 10 10 2 2 2 10 2 10 2 10 10 8 10 2 2 2 2 2 8 10 2 8 10
left_child=-1 3 -3 7 5 6 8 9 -4 -2 11 12 -11 14 -5 18 -17 -18 -16 20 -20 22 -22 24 -21 -25 -27 -28 -26 -24
right_child=1 2 4 13 -6 -7 -8 -9 -10 10 -12 -13 -14 -15 15 16 17 -19 19 23 21 -23 29 25 28 26 27 -29 -30 -31
leaf_value=2.044758582824624e-06 0.0012253563523621086 -4.4343486534997205e-05 0.00030046895480039936 1.9027978373581494e-05 9.7209432234375228e-05 0.0014433787630007567 -0.00011379896700648064 -0.00069366936657007383 -0.00017446135500621621 -0.00060462784020335063 0.0018177673615719539 0.0015661908803522439 4.7445664270560965e-05 4.1606574141660803e-05 -0.0015159681007998174 0.00042130989246120571 -0.00022652231974110279 -0.00074437134857199925 -0.00011929017597633056 0.00029404662991042331 -0.0020600794238209499 -9.0635902096140695e-06 -0.00092622098481378256 0.00039771677394766377 -0.00020670311292159409 1.7418092120022387e-05 -0.00045459281583322945 -0.00035012435035955885 2.2332482457061265e-06 0.00047010278911974288
leaf_weight=862 865 249 41 6273 247 45 42 40 45 47 151 89 68 17727 120 781 209 49 310 527 75 155 49 45 137 40 40 46 165 51
leaf_count=862 865 249 41 6273 247 45 42 40 45 47 151 89 68 17727 120 781 209 49 310 527 75 155 49 45 137 40 40 46 165 51
internal_value=0.000178433 9.3773e-05 -0.00152687 0.000132466 -7.12588e-05 -0.00236207 -0.00423256 0.00135607 -0.00117241 0.00152334 0.000210674 -0.00140488 -0.00375 7.48882e-05 -0.000161358 -0.000708214 0.000343269 -0.00222394 -0.00132879 -0.00107861 -0.00219969 -0.00398792 -0.00741477 -0.00035964 0.000249398 -0.00329651 -0.00529134 -0.00806897 -0.00176238 -0.00326733
internal_weight=29590 28728 669 28059 420 173 128 1260 86 1220 355 204 115 26799 9072 2799 1039 258 1760 1640 640 330 175 1000 829 171 126 86 302 100
internal_count=29590 28728 669 28059 420 173 128 1260 86 1220 355 204 115 26799 9072 2799 1039 258 1760 1640 640 330 175 1000 829 171 126 86 302 100
is_linear=0
shrinkage=0.03


Tree=246
num_leaves=31
num_cat=0
split_feature=0 0 9 12 20 15 3 10 6 7 10 8 11 0 9 8 4 4 8 4 10 8 15 7 8 12 5 4 4 4
split_gain=7.53424 1.4092 2.62419 3.61674 1.84774 1.7612 1.57092 3.14114 1.28732 1.75653 0.979813 0.794245 1.67614 1.25037 1.84842 1.58669 1.39907 2.04914 1.31309 1.82717 1.88466 2.08497 1.70245 1.66301 2.97228 3.57979 1.45567 1.36597 1.32445 1.27756
threshold=1.0000000180025095e-35 46.498798076923087 0.14950538523484178 0.26074333867438476 0.20605320543050182 0.89587973461402759 0.088885361894294621 1.4536379364067133 1.0558279405926398 0.37323643878515483 1.4855473264019532 7.0740635626400339 10.84884181721627 1.3213356815219448 0.036651516507386295 1.5072758776725819 3342.8209600904261 4700.9414199288212 3.3078374493293814 907.76316484028496 1.0451904818687927 1.6243004276391533 3.1567740231385479 0.18122129427622727 1.6742513913644708 0.20595841301409659 0.82379790090310001 1607.5526600137653 6151.5519425694483 6618.5212644870699
decision_type=10 10 10 2 2 10 2 10 2 10 10 10 2 10 8 10 10 10 10 10 10 10 10 10 10 2 8 10 8 10
left_child=-1 4 5 -4 -2 6 10 -8 9 -7 -3 13 -13 29 15 16 -15 -18 19 20 21 -17 -23 -21 25 -25 -26 -28 -29 -6
right_child=1 2 3 -5 11 8 7 -9 -10 -11 -12 12 -14 14 -16 18 17 -19 -20 23 -22 22 -24 24 26 -27 27 28 -30 -31
leaf_value=1.9834158253398856e-06 0.00075788369921955443 1.5218232811655614e-05 6.9493483792099406e-05 -6.7719049381950887e-05 1.3203750242174581e-06 -0.00020216614259860796 -0.00017673603691171954 -9.7811619668318956e-06 0.00046810239717421883 0.00045417266575453719 -1.2783842477753939e-05 -8.2909489884557089e-05 0.00022972360880455753 0.0010700793614150839 0.00032786673531369449 -0.003561790640086787 -0.0007148130152799956 0.0011162345135033605 0.00062125464744669599 0.00032768830800379041 -7.04540022255978e-06 -0.0001068041406165629 -0.0011221903646123188 -0.0023831817315722831 -0.0003532859970356383 -0.00037547159035346674 -0.00031087405084879235 0.00071182208524283588 -0.00095543253436408703 -0.0013785903542024996
leaf_weight=835 1248 72 40 64 11568 44 54 63 251 59 40 5712 992 456 5343 43 66 61 457 517 212 150 75 40 45 103 382 505 77 104
leaf_count=835 1248 72 40 64 11568 44 54 63 251 59 40 5712 992 456 5343 43 66 61 457 517 212 150 75 40 45 103 382 505 77 104
internal_value=0.00018882 0.00010744 -0.00123401 -0.0056 0.000140214 -0.000446918 -0.0024913 -0.00490678 0.000878873 -0.00193269 5.30975e-05 8.78518e-05 -0.000195078 0.000181737 0.000457752 -0.000113793 0.00129966 -0.00147656 -0.00043038 -0.00074093 -0.00237006 -0.00403717 -0.00285398 -0.000271257 -0.000905464 -0.0049375 -0.000329703 -8.08289e-05 0.000833619 -2.00461e-05
internal_weight=29678 28843 687 104 28156 583 229 117 354 103 112 26908 6704 20204 8532 3189 583 127 2606 2149 480 268 225 1669 1152 143 1009 964 582 11672
internal_count=29678 28843 687 104 28156 583 229 117 354 103 112 26908 6704 20204 8532 3189 583 127 2606 2149 480 268 225 1669 1152 143 1009 964 582 11672
is_linear=0
shrinkage=0.03


Tree=247
num_leaves=31
num_cat=0
split_feature=0 3 15 1 15 14 14 9 12 3 17 8 7 14 15 14 17 9 20 17 1 7 0 9 16 9 9 5 1 1
split_gain=7.41038 1.03045 1.8345 2.5123 1.27413 2.96086 2.16253 1.02463 0.977877 0.978657 1.99571 1.63781 2.76853 2.05276 3.81221 1.94106 2.94734 1.18106 1.37452 1.33755 1.25579 1.42883 1.27899 1.33325 1.23547 1.88609 1.29293 3.90353 1.86993 1.83111
threshold=1.0000000180025095e-35 0.44393429317066602 3.9019216517693867 0.048930121203052575 2.1383330595080281 0.18308201311881486 0.10794157586932319 0.0025046752417442089 0.55160230659063914 0.41084913717244026 0.54780956537669967 1.1217200748231078 0.050844857964181082 0.69023720239001662 2.9700856263602158 0.19928135542552586 0.6195939453102518 0.031014970637555633 0.71392019767822157 -0.044985215116507112 0.062828947368421054 0.44815837551146664 95.446153846153848 0.012153530210256709 -0.29754298369186521 0.043878594015436569 0.12881914306789252 0.94461486025903219 0.30455486542443072 0.22756041426927506
decision_type=10 2 10 10 8 2 2 8 2 2 10 10 10 2 8 2 10 8 2 8 10 10 10 10 10 10 10 10 10 10
left_child=-1 8 4 -4 5 6 -3 -6 9 11 -11 13 15 -2 -15 -13 -17 20 24 -20 21 22 -14 -24 25 -19 -26 28 29 -28
right_child=1 2 3 -5 7 -7 -8 -9 -10 10 -12 12 17 14 -16 16 -18 18 19 -21 -22 -23 23 -25 26 -27 27 -29 -30 -31
leaf_value=1.9239133505796889e-06 0.00019400743747447472 -0.0015995998767988351 -0.0015120324803555173 0.0002998657707907476 -0.00043306328647518317 0.00046995285053382858 -0.0033015845238911811 0.00060427652190693818 0.00047085410598759304 -0.00036842818553998216 0.00043475208337249147 -3.0721975781836672e-05 -0.00010359279880357851 0.0025995737716320616 -0.0019201861510498729 -0.00059131284541761014 -0.003470325025214598 -0.0014933672786631206 -0.00035158523268251043 8.0605444264735644e-06 0.00019893676101262627 0.00086665785662892801 -1.3282707875206622e-05 -0.00014454129552491062 0.00026463801477010775 -0.0001224950565710016 6.2773891482905825e-06 -0.00065139995690165491 0.0010346814478017663 -0.00079971911758775621
leaf_weight=820 2483 86 40 43 74 197 46 1092 352 802 275 95 5878 75 51 81 40 58 982 7614 813 382 60 57 5408 250 1021 45 313 209
leaf_count=820 2483 86 40 43 74 197 46 1092 352 802 275 95 5878 75 51 81 40 58 982 7614 813 382 60 57 5408 250 1021 45 313 209
internal_value=0.000185792 0.000106006 0.000851172 -0.00346429 0.00109291 -0.000554545 -0.00401504 0.00155784 6.29732e-05 4.24556e-05 -0.000843228 7.92948e-05 -5.14755e-07 0.000791954 -0.00292913 -0.00337327 -0.00587705 3.11811e-05 0.000175461 -8.16563e-05 -0.00028786 -0.000429445 -0.000542862 -0.00363559 0.000478029 -0.00137864 0.000559954 -0.000192574 6.41193e-05 -0.000463038
internal_weight=29742 28922 1578 83 1495 329 132 1166 27344 26992 1077 25915 23306 2609 126 216 121 23090 15900 8596 7190 6377 5995 117 7304 308 6996 1588 1543 1230
internal_count=29742 28922 1578 83 1495 329 132 1166 27344 26992 1077 25915 23306 2609 126 216 121 23090 15900 8596 7190 6377 5995 117 7304 308 6996 1588 1543 1230
is_linear=0
shrinkage=0.03


Tree=248
num_leaves=31
num_cat=0
split_feature=0 12 0 14 17 13 4 9 12 10 17 16 17 4 10 9 6 9 9 10 17 14 16 14 4 0 8 12 9 4
split_gain=7.4421 0.944574 1.52207 1.4851 1.34717 1.33523 1.20405 1.63545 1.99039 1.1628 0.976334 0.868279 1.25669 2.40767 0.832009 0.815345 0.727182 0.714634 0.701928 1.61126 1.45371 1.58735 1.57987 3.08475 3.89272 2.63215 1.51612 1.91934 1.36469 2.3432
threshold=1.0000000180025095e-35 0.43914132904804154 95.446153846153848 0.26017541097859548 0.17321075896904542 1.0000000180025095e-35 524.65864855158713 0.15572595897911198 0.26074333867438476 1.2268682650549658 6.6585427530410923 0.29450742247419998 0.97401981203261168 1331.407960479507 -0.1480405853583969 0.027932793498658424 1.5534553550527817 0.046914819859710064 0.017214421942214907 2.0145021316202665 0.59465101683448363 0.24116311111870239 0.18392518307733144 0.38041736031061685 923.3373347017972 1.6981568131664204 1.9443953781353305 0.32120368812158434 0.0055351307189542504 123.28416653708453
decision_type=10 2 10 2 8 2 10 10 2 10 8 10 10 10 8 10 2 10 10 10 10 2 8 2 10 10 8 2 8 10
left_child=-1 2 10 4 9 11 -4 15 -9 -3 14 12 13 -5 -2 -8 17 -13 19 20 21 28 23 24 25 -22 27 -24 -16 -30
right_child=1 3 6 5 -6 -7 7 8 -10 -11 -12 16 -14 -15 18 -17 -18 -19 -20 -21 22 -23 26 -25 -26 -27 -28 -29 29 -31
leaf_value=1.8661959500622986e-06 0.00016522426957440577 0.00068842080392242551 -3.2667144580702232e-05 -0.00032102634402968194 0.001275275849962754 0.0015069586389845264 -3.5969971180140933e-05 5.6290006252211488e-05 -4.5869466796042112e-05 -0.00061825664283792988 0.0020540487544581463 -0.00021159888115284968 -0.0005865003447476678 0.0013727857375254728 0.00015329695243567802 0.00014413156534582008 0.00086003244581944434 9.4780115440837754e-05 2.5493690158694745e-05 0.00062448108384305996 -0.0018968195369567244 0.00034738354531429306 -0.00035279665186145116 -0.0014048619073645996 0.00012383762367913943 -0.0033447129818849064 8.182299670883027e-06 -0.0020798353553551844 -0.0032459817230515685 -0.0003009456346625416
leaf_weight=846 1287 59 76 69 749 150 76 40 47 71 229 50 68 99 673 82 125 46 21109 443 57 668 303 45 248 48 865 42 43 918
leaf_count=846 1287 59 76 69 749 150 76 40 47 71 229 50 68 99 673 82 125 46 21109 443 57 668 303 45 248 48 865 42 43 918
internal_value=0.000224858 0.000143299 0.000103187 0.000879623 0.00166705 -0.000261513 -0.0019472 -0.000914634 -0.00419318 -0.00114504 0.000127655 -0.00106769 -0.00232911 -0.000923077 0.000110916 0.00090566 0.000283784 -0.0016701 7.32829e-05 -0.000273541 -0.000467911 1.56319e-05 -0.00115973 -0.00279699 -0.00183898 -0.00665094 -0.000619323 -0.00229769 -0.000488073 -0.0012131
internal_weight=29631 28785 27299 1486 879 607 321 245 87 130 26978 457 236 168 26749 158 221 96 25462 4353 3910 2302 1608 398 353 105 1210 345 1634 961
internal_count=29631 28785 27299 1486 879 607 321 245 87 130 26978 457 236 168 26749 158 221 96 25462 4353 3910 2302 1608 398 353 105 1210 345 1634 961
is_linear=0
shrinkage=0.03


Tree=249
num_leaves=31
num_cat=0
split_feature=0 0 15 12 3 8 10 15 13 14 7 9 14 14 16 15 16 0 14 8 14 11 11 12 7 14 11 8 8 14
split_gain=7.59728 2.03861 4.76921 1.83853 1.5664 2.72535 1.98133 1.50211 1.29782 1.25555 1.29867 1.17478 1.31122 1.83726 2.60494 3.42553 1.64315 1.79726 1.4394 2.00601 1.42743 1.88738 1.47651 1.63103 1.22115 1.16772 1.1162 2.12006 1.92808 1.09625
threshold=1.0000000180025095e-35 46.498798076923087 1.0000000180025095e-35 0.26272134895893556 0.096875863164349013 43.110988722727505 1.5525348247417068 4.3372693810700085 0.021975796038927024 0.17041219872740357 0.22253582083822629 0.077106498747850111 0.24327338998578471 0.14099301494757577 0.22461251326580886 3.8606743063089755 0.35760206184779958 19.010204081632654 0.10560446457574012 41.286945606663984 0.52443401038810711 9.1951759701679201 9.8160760940363669 0.32120368812158434 0.3992101321182534 0.72278063596169628 7.7834323062786455 10.252240042950637 1.6417530514685563 0.28164152097039846
decision_type=10 10 10 2 2 10 10 10 2 2 10 8 2 2 8 8 8 10 2 10 2 2 2 2 10 2 2 10 10 2
left_child=-1 3 4 -2 5 -3 -6 8 11 10 -4 12 13 14 15 18 17 29 -5 -20 21 -18 -23 -24 -25 -10 27 -16 -28 -14
right_child=1 2 9 7 6 -7 -8 -9 25 -11 -12 -13 16 -15 26 -17 20 -19 19 -21 -22 22 23 24 -26 -27 28 -29 -30 -31
leaf_value=1.8102100715604295e-06 2.5544893124399845e-06 1.3173414635556104e-06 -6.2286279207555872e-05 7.5379220222348493e-05 -0.00021094920469783601 -6.5613976635496037e-05 -4.4500476864600925e-05 -0.00027109234742597629 0.00090110072562125075 7.1592910762607423e-05 -2.769373679120894e-05 0.00063592650151907256 -0.00027152311693931302 0.0005853701947308174 0.0033592081882002651 -0.002130506136704638 0.00030428900023908654 -0.00031880404543478967 -0.0010207879218089768 7.8167671297489719e-06 0.0001347702822444803 -0.001115374323979644 -0.00138912091049789 0.00061172284753652857 -0.00057975094679042717 -0.00070090207584622664 -0.00052365993593459187 -0.0017653010628019901 0.0010298927861073044 0.00035965194614426819
leaf_weight=836 22049 84 41 223 40 51 40 40 943 276 143 1099 230 1107 42 46 137 45 54 41 180 105 52 70 40 61 47 40 616 786
leaf_count=836 22049 84 41 223 40 51 40 40 943 276 143 1099 230 1107 42 46 137 45 54 41 180 105 52 70 40 61 47 40 616 786
internal_value=0.000178996 9.69057e-05 -0.00153106 0.00013613 -0.00520833 -0.00319853 -0.00851852 0.000601499 0.000640738 0.000195228 -0.00171892 0.000441443 0.000194977 0.000671177 -0.000191892 -0.00226849 -0.000446537 0.000257062 -0.00114734 -0.00421875 -0.00172308 -0.00271111 -0.00417537 -0.00235583 -0.00027027 0.00162388 0.000824397 -0.00245783 0.00123343 0.000519174
internal_weight=29564 28728 675 28053 215 135 80 6004 5964 460 184 4960 3861 2216 1109 364 1645 1061 318 95 584 404 267 162 110 1004 745 82 663 1016
internal_count=29564 28728 675 28053 215 135 80 6004 5964 460 184 4960 3861 2216 1109 364 1645 1061 318 95 584 404 267 162 110 1004 745 82 663 1016
is_linear=0
shrinkage=0.03


Tree=250
num_leaves=31
num_cat=0
split_feature=0 0 15 17 14 7 17 0 7 13 12 11 15 0 16 4 14 7 3 12 15 15 14 14 17 12 16 11 15 0
split_gain=7.54125 1.58046 2.46502 1.87072 1.59201 1.7231 1.24445 0.932867 1.29789 1.40648 0.900009 1.18613 1.32123 1.19322 2.17788 0.854808 1.94477 1.71367 0.856812 0.846664 1.08498 1.52511 1.27848 1.44452 1.78685 5.32549 1.86479 2.37007 3.19991 2.91938
threshold=1.0000000180025095e-35 46.498798076923087 1.2424533248940004 3.9131647042326239 0.16871021642762477 0.22253582083822629 0.40743292039396489 1202.4166666666667 0.39418933043723242 0.062850812897547972 0.42623696165890085 9.2254752583477249 1.4978661367769956 3.9443663401003817 0.36631070022541584 123.28416653708453 0.052880138836880267 -0.012797667191165063 0.40318020713217534 0.25393801518097542 4.2835627800822236 3.0677824455408698 0.53155137204079328 0.26017541097859548 1.1149600386466054 0.39857310260213824 0.24548372973501528 9.4242817117107354 2.0126758453675748 1.8420460472345617
decision_type=10 10 10 8 2 10 8 10 10 2 2 2 10 10 8 8 2 10 2 2 10 10 2 2 10 2 8 2 10 10
left_child=-1 3 6 15 5 -4 -3 8 9 -8 11 12 -5 14 -14 16 -2 -18 -19 -17 21 22 23 -21 26 -26 -25 28 -28 -30
right_child=1 2 4 10 -6 -7 7 -9 -10 -11 -12 -13 13 -15 -16 19 17 18 -20 20 -22 -23 -24 24 25 -27 27 -29 29 -31
leaf_value=1.7559037694136166e-06 -0.0031756587572658273 2.9880880679367463e-06 -9.6042637812760695e-05 0.0028966319736903976 8.0902369042360113e-05 -2.5064371885861775e-05 -9.6784115630842548e-05 -5.2714942716584162e-05 2.0977601398387913e-06 -7.6816082081241856e-06 0.0028250576475424031 0.00068889289166311149 -0.00325841871753451 0.0014294259426782543 -0.00019396173494520334 3.0587696885151677e-07 -0.0023778173599705577 0.0004077739290311471 -0.0010048620984726986 7.5838257411092172e-05 -0.0004023239160295131 0.00055545028187992584 0.00063091279002083572 0.00032153368804804626 2.6759238878505951e-05 -0.00078111476060803745 -3.6570723550497793e-05 2.6902952767679355e-05 -0.0034353195492483643 -0.0010926873166600638
leaf_weight=821 43 69 48 92 247 122 70 40 48 48 364 372 42 65 57 21124 64 189 59 2413 52 1191 686 435 142 74 88 282 41 44
leaf_count=821 43 69 48 92 247 122 70 40 48 48 364 372 42 65 57 21124 64 189 59 2413 52 1191 686 435 142 74 88 282 41 44
internal_value=0.000163286 8.18888e-05 -0.00133333 0.000117013 0.00012201 -0.00210526 -0.00353261 -0.00469565 -0.00366467 -0.00534454 0.00139577 0.000705882 -0.000863813 -0.00247273 -0.00453 6.98531e-05 -0.00139045 -0.00055591 0.000578313 8.94142e-05 0.00042283 0.000464703 0.000196148 -3.49431e-05 -0.000932249 -0.00337327 -0.0003367 -0.00167763 -0.00443103 -0.00854651
internal_weight=29432 28611 692 27919 417 170 275 206 166 118 992 628 256 164 99 26927 355 312 248 26572 5448 5396 4205 3519 1106 216 890 455 173 85
internal_count=29432 28611 692 27919 417 170 275 206 166 118 992 628 256 164 99 26927 355 312 248 26572 5448 5396 4205 3519 1106 216 890 455 173 85
is_linear=0
shrinkage=0.03


Tree=251
num_leaves=31
num_cat=0
split_feature=20 20 20 8 20 10 4 11 3 17 14 14 16 11 8 4 3 9 14 6 5 2 14 1 5 3 20 8 4 6
split_gain=7.53946 1.8015 2.32675 1.77437 1.55891 1.28825 2.604 1.71062 1.4738 0.99075 1.1017 3.0973 1.22818 1.02176 0.957895 0.931855 1.7095 1.25793 1.228 2.46578 1.65099 2.17872 1.69625 1.73691 3.29884 2.72755 2.63293 2.19573 1.60728 1.8066
threshold=1.0000000180025095e-35 0.021721105527638195 0.20605320543050182 171.87705970625072 0.00039431462807598927 0.81318634299996251 1113.7789922001655 8.45733701862701 0.15082885824283473 3.6137932482242756 0.26420140152005533 0.30695563705801032 0.21533546867031236 7.9396934185121451 17.044520348591224 2065.3305356208698 0.42503946799570275 0.27389041733608083 0.68027517933753268 1.1944856200142393 0.49490052431228909 6.5255787912888827 0.34153829716896783 0.11726508785332319 0.84305623075676572 0.11729282061878168 0.69872247018080136 1.3924862854632856 7442.1150709420062 1.0075741901133877
decision_type=2 2 2 10 2 10 10 2 2 8 2 2 8 2 10 8 2 10 2 2 8 10 2 10 10 2 2 10 10 2
left_child=-1 3 9 5 -5 6 -2 8 -7 10 13 -12 -13 14 -3 -4 17 18 20 -20 21 -17 23 28 25 27 -26 -25 -22 -30
right_child=1 2 15 4 -6 7 -8 -9 -10 -11 11 12 -14 -15 -16 16 -18 -19 19 -21 22 -23 -24 24 26 -27 -28 -29 29 -31
leaf_value=1.7032266563312081e-06 -2.8896823038611594e-05 0.0010261840081091567 -4.6132880961749186e-06 -8.5572923700518079e-05 8.2719539026837466e-05 -7.2489634757096945e-05 -0.00015822485226827927 1.0119614572918698e-05 -1.9189825435287625e-05 0.0017731637491851817 -0.00077410615369729913 -0.00028992849261491143 0.0015229768092704923 0.00069342394259617481 -0.00082942981408024442 4.4244945365027321e-05 0.00080953875817728034 -0.0011804795260058404 0.00012188767241471472 -0.0011945514792362757 0.0001439682555455089 -0.00046142987362072038 0.00033033965218400631 -0.0013400169750129563 -0.00020878643825879135 0.00058685590627950745 -0.0010406267208530389 -0.00036398488783446803 -0.0013333797074261619 0.00055166255432825676
leaf_weight=826 88 45 20003 56 209 52 65 156 66 491 51 75 117 416 43 56 440 41 136 83 2777 40 2221 40 42 356 44 370 175 124
leaf_count=826 88 45 20003 56 209 52 65 156 66 491 51 75 117 416 43 56 440 41 136 83 2777 40 2221 40 42 356 44 370 175 124
internal_value=0.000172092 9.12083e-05 0.000128357 -0.00141991 0.000507519 -0.00261449 -0.00481169 -0.00137455 -0.00408403 0.00139952 0.000709893 -0.000946721 0.00080829 0.00150891 -0.00141573 6.99099e-05 0.000369277 0.000246695 0.000280279 -0.00192273 0.000357829 -0.00352577 0.000419024 4.42862e-05 -0.00115358 -0.00052412 -0.00668965 -0.00218978 0.000376341 -0.00171
internal_weight=29704 28878 28186 692 265 427 153 274 118 1238 747 243 192 504 88 26948 6945 6505 6464 219 6245 96 6149 3928 852 766 86 410 3076 299
internal_count=29704 28878 28186 692 265 427 153 274 118 1238 747 243 192 504 88 26948 6945 6505 6464 219 6245 96 6149 3928 852 766 86 410 3076 299
is_linear=0
shrinkage=0.03


Tree=252
num_leaves=31
num_cat=0
split_feature=0 0 15 20 17 15 10 4 8 6 7 3 9 3 15 12 4 15 15 8 16 4 4 17 15 6 17 8 3 4
split_gain=7.27296 1.95277 2.83274 1.91804 1.38866 1.28217 2.28713 1.04663 1.99826 2.19874 1.31679 0.837875 1.89674 2.41164 2.37953 2.12571 2.01746 1.95061 4.75849 4.39794 4.86824 1.6706 1.62961 3.4871 1.40697 2.30241 1.35167 1.29272 1.28424 1.22729
threshold=1.0000000180025095e-35 46.498798076923087 1.2424533248940004 0.21956766861367993 0.15415455653252411 2.6735537653587347 1.1100326067756041 123.28416653708453 1.2304545082850691 0.13619460784313703 -0.0065824630107521841 0.11560085967260787 0.056977889180953346 0.067455144259933583 2.524928003624769 0.050773869624446639 992.26381767188627 3.2384861814448418 3.3842466058243152 1.3676897084449857 0.088479596208228081 1491.7401164870021 907.76316484028496 2.6844859018881082 2.8029010331479989 -0.21028214838892462 0.10658761748738112 1.2600546996234054 0.056818681247312423 365.42184983669341
decision_type=10 10 10 2 8 10 10 8 10 2 10 2 8 2 8 2 10 10 10 10 10 10 8 8 10 2 10 10 2 10
left_child=-1 3 4 -2 -3 -4 -7 8 10 -10 -5 12 22 -14 15 16 -15 -16 19 20 -19 -20 23 24 -9 -26 -23 -28 -27 -13
right_child=1 2 5 7 -6 6 -8 11 9 -11 -12 29 13 14 17 -17 -18 18 21 -21 -22 26 -24 -25 25 28 27 -29 -30 -31
leaf_value=1.6521298566412718e-06 0.00063304730488042242 3.3933113802080994e-06 7.0034264147728756e-05 -0.00086165276344421949 -6.9925288702132993e-05 -0.00013185386580171101 0.00014297591361115008 -7.5795738547383923e-05 -0.0086102101889769262 -0.0011556382893425832 0.00015942819327892057 0.00028482756897640893 0.00064532487107780566 -0.00015745562776454508 0.00031302772617437417 -0.00041602279016562656 -0.0020052111924641985 -0.0007158157098946439 0.0006561195330313886 -0.00017664492604406687 -0.0020009411049894945 5.9701578892838725e-05 -6.9171510004430064e-05 -0.0019246330223156663 -0.0025882440312685238 0.000918985720034115 -0.0005743033041306707 -0.00015283492256520581 -0.00070248163285541252 3.2300311636703408e-05
leaf_weight=830 1378 62 288 74 205 69 59 460 43 68 202 1844 1208 40 1321 557 40 58 427 112 46 149 2863 61 78 68 51 139 95 16731
leaf_count=830 1378 62 288 74 205 69 59 460 43 68 202 1844 1208 40 1321 557 40 58 427 112 46 149 2863 61 78 68 51 139 95 16731
internal_value=0.000229453 0.000149599 -0.00143421 0.000188127 -0.00383955 0.000115108 -0.00237209 0.000131845 -0.00141495 -0.00479464 -4.33212e-05 0.000154617 -0.000106895 0.000331164 -0.000132608 -0.00175392 -0.0062963 0.000316406 -0.000695829 -0.00461751 -0.00902857 0.000414602 -0.000608108 -0.0018401 -0.00123504 -0.00308678 -0.00115588 -0.00282722 -0.00104268 0.00026405
internal_weight=29626 28796 683 28113 267 416 128 26735 387 111 276 26348 7773 4148 2940 637 80 2303 982 216 104 766 3625 762 701 241 339 190 163 18575
internal_count=29626 28796 683 28113 267 416 128 26735 387 111 276 26348 7773 4148 2940 637 80 2303 982 216 104 766 3625 762 701 241 339 190 163 18575
is_linear=0
shrinkage=0.03


Tree=253
num_leaves=31
num_cat=0
split_feature=0 0 15 6 10 17 10 12 17 4 17 15 15 4 6 8 16 15 12 4 4 19 13 4 10 4 13 12 17 7
split_gain=7.78904 1.18064 2.71735 1.70317 1.7385 1.60288 0.997093 0.920617 1.73427 0.900599 0.899722 0.772835 0.902649 0.749315 2.40092 1.36772 0.769178 1.69114 0.738102 0.7749 0.961017 1.01913 0.838887 0.700316 0.704995 0.715494 1.62223 0.886704 1.52096 2.60159
threshold=1.0000000180025095e-35 46.498798076923087 1.0000000180025095e-35 1.154642272449905 1.4976793926517611 6.6585427530410923 1.8173167352191832 0.5044056004368801 0.10077808885416693 171.17720464539499 2.2023554142283888 4.6298509007569537 4.5591125415341898 123.28416653708453 -0.45652915198566729 1.2304545082850691 0.54780898189259009 0.89587973461402759 0.22268342850432002 405.6877845375534 566.09214640642165 9.5000000000000018 0.012490492325839046 28606.257045820767 -0.1480405853583969 742.45383821011239 0.13388151399168949 0.20748476399466045 1.8891299673879465 0.28703520389404097
decision_type=10 10 10 2 10 8 10 2 10 8 10 10 10 8 2 10 10 8 2 10 10 2 2 10 8 8 2 2 10 10
left_child=-1 5 3 -3 -5 7 10 11 -9 -7 -4 12 13 14 -2 -16 23 -18 19 -19 -21 -22 -23 24 -15 26 -26 28 -27 -30
right_child=1 2 6 4 -6 9 -8 8 -10 -11 -12 -13 -14 16 15 -17 17 18 -20 20 21 22 -24 -25 25 27 -28 -29 29 -31
leaf_value=1.6025659609420337e-06 -0.0028768150425143527 -9.7238434827890908e-06 -3.5370741161414995e-06 -0.00016292215049522598 -1.9565154814228653e-05 -0.00024953083946003336 0.00054067676396312738 -0.00071358324371526775 0.001712730730201429 0.0024888668118033339 -0.00013313319546223243 0.00034916432207452065 -0.00053584289534311261 0.00012770493291117688 8.6731420972513596e-05 -0.002943384538620098 -0.0015971367863546813 0.0012675854929211112 0.00079615755417847419 -0.00097787907105017233 0.00063414183307204414 -0.0019796122877042736 0.00011495467708391892 0.00053988748129313118 6.708946558100369e-05 -3.4416577879920142e-05 0.0019607954094330452 5.8277758827408032e-05 -0.00024735919707549861 -0.0029736725688731974
leaf_weight=845 71 99 276 60 63 42 135 70 412 305 53 151 58 1172 195 80 40 119 485 50 274 42 68 109 3674 13849 201 6441 175 40
leaf_count=845 71 99 276 60 63 42 135 70 412 305 53 151 58 1172 195 80 40 119 485 50 274 42 68 109 3674 13849 201 6441 175 40
internal_value=0.000159231 7.59113e-05 -0.00115284 -0.00387444 -0.00621774 0.000105924 0.000154839 8.05704e-05 0.00137888 0.00212931 -0.000736364 5.75931e-05 4.56456e-05 5.37179e-05 -0.00133141 -5.43477e-05 7.16905e-05 0.000856349 0.00109143 0.000341155 -0.000248276 0.000264935 -0.00216216 3.86955e-05 2.84116e-05 -6.15222e-06 0.000367647 -7.68067e-05 -0.000210309 -0.00270833
internal_weight=29654 28809 686 222 123 28123 464 27776 482 347 329 27294 27143 27085 346 275 26739 1078 1038 553 434 384 110 25661 25552 24380 3875 20505 14064 215
internal_count=29654 28809 686 222 123 28123 464 27776 482 347 329 27294 27143 27085 346 275 26739 1078 1038 553 434 384 110 25661 25552 24380 3875 20505 14064 215
is_linear=0
shrinkage=0.03


Tree=254
num_leaves=31
num_cat=0
split_feature=0 0 15 17 4 12 7 14 12 15 14 3 3 17 15 15 20 1 1 9 13 15 6 15 9 20 4 4 14 17
split_gain=7.44471 1.54124 2.76681 1.87678 1.52858 1.44818 1.90635 1.35914 1.09179 1.39434 1.63616 2.14486 2.08799 1.77498 2.81575 1.73173 1.56945 3.48959 1.52362 1.28875 1.20286 1.70361 2.41491 1.65004 1.40977 1.4036 1.43594 2.80852 1.24507 2.35517
threshold=1.0000000180025095e-35 46.498798076923087 1.2424533248940004 3.9131647042326239 2865.5275357689093 0.34894239804760124 0.34066286249904076 0.17041219872740357 0.082768146757525876 3.1567740231385479 0.6401078916798818 0.086556176885780947 0.16068577028092196 0.53264596302075062 3.8606743063089755 3.6505739029280164 1.0027193482768479 0.074350469872857941 0.42802617230098156 0.0065764796462273482 0.10316219693149252 1.4978661367769956 -0.10771635758440314 2.740319461670996 0.11854444167700136 0.87768574520177156 1228.2646693017907 884.87714361694327 0.4751549877077475 0.34911995493019105
decision_type=10 10 10 8 8 2 10 2 2 10 2 2 2 10 10 10 2 10 10 10 2 8 2 8 10 2 8 10 2 10
left_child=-1 3 4 8 -3 -6 -7 -4 9 19 11 13 16 14 -11 -12 18 -18 -13 -2 21 22 -21 -22 -25 26 27 -23 29 -26
right_child=1 2 7 -5 5 6 -8 -9 -10 10 15 12 -14 -15 -16 -17 17 -19 -20 20 23 25 -24 24 28 -27 -28 -29 -30 -31
leaf_value=1.5544889821137726e-06 0.00058982544173856954 -0.0001447074887767201 -5.1874845458764587e-05 0.00089403324613134732 6.9573464419797085e-06 -0.00010739648521346974 -8.3772039475744163e-06 9.9475123542767114e-05 4.5709844351917647e-05 -0.0015409735905081317 -0.0014457749645406539 0.00028599636370712806 -0.00015972464732480623 0.00047855921827614486 0.00067229360324888555 -6.3922570803580186e-05 -0.0014420582222017557 0.00030571942930587072 -0.00053140568438173378 -0.0044959355592664755 -0.00099193857986987384 -4.0999855723506003e-05 6.9522783342657446e-06 0.0003804512501767526 0.0013385461853061863 0.00014793430894717514 3.2490852997435424e-05 -0.0019719855067095093 -0.0025977976793435647 -0.002023160614530168
leaf_weight=828 506 57 170 993 61 70 95 240 19804 112 41 722 1302 46 53 47 40 66 47 68 456 68 120 357 105 2827 157 42 40 49
leaf_count=828 506 57 170 993 61 70 95 240 19804 112 41 722 1302 46 53 47 40 66 47 68 456 68 120 357 105 2827 157 42 40 49
internal_value=0.000193545 0.000112753 -0.00128386 0.00014728 -0.00355986 -0.00243172 -0.00388554 0.000291971 0.000100273 -0.000214109 -0.000792087 -0.000642947 -0.000362259 -0.00352358 -0.00496988 -0.00478652 0.000770548 -0.00263551 0.00124286 8.44455e-05 -8.46153e-05 0.000193725 -0.00257143 -0.000991071 0.000114131 0.00036252 -0.00171269 -0.00432432 -0.00193846 -0.000696774
internal_weight=29589 28761 693 28068 283 226 165 410 27075 7271 2476 2388 2177 211 165 88 875 106 769 4795 4289 3282 188 1007 551 3094 267 110 194 154
internal_count=29589 28761 693 28068 283 226 165 410 27075 7271 2476 2388 2177 211 165 88 875 106 769 4795 4289 3282 188 1007 551 3094 267 110 194 154
is_linear=0
shrinkage=0.03


Tree=255
num_leaves=31
num_cat=0
split_feature=0 0 15 17 14 3 17 14 14 11 4 6 13 4 3 7 14 4 8 7 16 11 15 15 14 17 3 9 0 13
split_gain=7.66442 2.19326 2.72748 1.70114 1.4804 1.50529 1.34329 1.72949 1.49339 1.1686 0.971437 2.15861 1.25541 1.02258 2.90424 1.69194 1.18779 1.33184 2.38215 3.61938 1.91415 2.50007 2.06397 2.05673 4.00753 3.19359 2.68363 1.76028 1.92342 2.63339
threshold=1.0000000180025095e-35 46.498798076923087 1.2424533248940004 6.6585427530410923 0.17041219872740357 0.137987316399342 -1.0972010123839155 0.21768335968322064 0.12906653955158634 9.9364628417375283 123.28416653708453 -0.62017780241357234 0.028236302907056466 421.6800181607619 0.017787848872588736 0.81774058962830531 0.077051950493642052 1024.5642091107663 1.1382321208291464 0.088329439365436066 0.17400703966088515 7.8813709169734869 3.5114340430413216 3.1567740231385479 0.29330628588676771 0.67434611946916478 0.16706501495700168 0.028631309495873069 2.2986563951781323 0.0025549169542128931
decision_type=10 10 10 8 2 2 10 2 2 2 8 2 2 8 2 10 2 8 8 10 8 2 10 10 2 10 2 10 10 2
left_child=-1 3 6 10 5 9 7 8 -3 -4 11 -2 -13 14 -12 16 -15 18 19 -18 21 -20 23 -22 25 26 -25 28 29 -23
right_child=1 2 4 -5 -6 -7 -8 -9 -10 -11 13 12 -14 15 -16 -17 17 -19 20 -21 22 27 -24 24 -26 -27 -28 -29 -30 -31
leaf_value=1.5078543126503594e-06 -0.0024348119298928479 -0.00010841500365484717 -5.8425258146093454e-05 0.0025055682828937918 8.6858047458955386e-05 0.00091007615337275374 -3.895458919783449e-05 -4.9703426849849959e-06 -5.2879635343440449e-05 -0.00010779458049472502 -0.0018225679895582804 5.2098284059869378e-05 -0.0073249841415547945 0.00011925348456071843 0.0002527725807672564 -0.0016688617566556023 -0.00038075697391358151 1.6654153318998624e-05 -0.0024223553415779865 -0.0013090489062787133 -0.00026932763248199422 -0.001453368174693975 0.00068520965749249512 -0.00056218335136291983 0.0010889791409954524 -0.00029606439975030216 -0.0020422246105663562 0.00026645811212541807 0.0006113744370363788 0.00026164780968884234
leaf_weight=827 49 45 86 343 237 48 119 46 62 40 57 249 49 3757 1879 49 500 16640 47 47 1620 168 226 46 63 43 40 2013 96 137
leaf_count=827 49 45 86 343 237 48 119 46 62 40 57 249 49 3757 1879 49 500 16640 47 47 1620 168 226 46 63 43 40 2013 96 137
internal_value=0.000150663 6.88495e-05 -0.00160965 0.000109677 -6.55339e-05 -0.00216 -0.00393407 -0.00578571 -0.00786111 -0.00387402 8.37055e-05 -0.00149138 -0.000521739 0.000103686 0.000768198 5.31912e-05 6.40231e-05 -2.1303e-05 -0.000448187 -0.00231569 -0.000220667 0.000342405 -0.000900441 -0.00123773 -0.0041658 -0.00717692 -0.0104828 0.000477019 -0.00133582 -0.0025
internal_weight=29628 28801 683 28118 411 174 272 153 107 126 27775 347 298 27428 1936 25492 25443 21686 5046 547 4499 2461 2038 1812 192 129 86 2414 401 305
internal_count=29628 28801 683 28118 411 174 272 153 107 126 27775 347 298 27428 1936 25492 25443 21686 5046 547 4499 2461 2038 1812 192 129 86 2414 401 305
is_linear=0
shrinkage=0.03


Tree=256
num_leaves=31
num_cat=0
split_feature=0 0 17 8 4 6 6 4 3 4 4 1 1 6 8 11 0 14 14 17 7 8 17 14 14 12 11 8 16 20
split_gain=7.47543 1.7774 1.72403 1.62545 1.47116 1.39814 1.83884 1.61002 1.31839 1.12361 0.89209 0.727377 0.944646 1.55224 2.07885 1.38978 0.754747 1.4165 1.47886 1.50774 1.57747 0.894779 2.08575 1.1532 1.43072 3.89986 1.54508 1.74617 1.40458 1.01988
threshold=1.0000000180025095e-35 46.498798076923087 5.9592302853142547 171.87705970625072 1099.3915023126895 0.038999361247734281 0.80392498728290129 1565.9466352996349 0.078589953180111208 2365.1510413884653 365.42184983669341 0.49318685062169992 0.43513323983169711 0.54404115226337468 1.2502491240955991 10.389164584650848 5.7232159068786723 0.26420140152005533 0.37136485023315408 0.74401502828060684 0.33048240713915472 13.037562438796284 4.9664730901213643 0.72278063596169628 0.57282565962156495 0.078010605713496176 9.1786948928089682 15.832863053117485 0.036517162757794229 0.61901284021510583
decision_type=10 10 8 10 10 2 2 8 2 10 8 10 10 2 10 2 10 2 2 10 10 10 10 2 2 2 2 10 8 2
left_child=-1 2 11 5 -5 -3 -7 -8 -9 -10 -4 12 16 14 -14 -16 21 -18 19 -19 -21 22 29 24 -23 -26 -27 -28 -29 -2
right_child=1 3 10 4 -6 6 7 8 9 -11 -12 -13 13 -15 15 -17 17 18 -20 20 -22 23 -24 -25 25 26 27 28 -30 -31
leaf_value=1.4626186832708488e-06 0.00014294983903920225 3.3676242399100149e-05 -0.00034032854471056868 -0.00013574603056893051 8.0791454642380092e-05 -0.0001019936360548011 3.8502516534278679e-05 -2.9187425733590122e-06 -7.3304742088697649e-05 -3.5671447766622037e-05 0.0018763151072184413 0.00035091413682222794 1.3229512780759841e-05 8.9907021592967586e-05 -0.000552582128397765 -0.0009758488084880652 0.00097103138765811808 0.00097625696432010022 0.00075138138488467596 -0.00052668197840882237 -0.00018210588188923398 -2.8168533407212519e-05 -0.0032826477457286759 0.0018924200255963947 -0.0044167956760479965 -0.0010725643606750524 -0.00052616730276708735 -0.00050576580156030113 0.00092134208243773894 1.2331695426651435e-05
leaf_weight=829 4407 47 61 65 196 71 129 62 76 43 402 227 86 94 41 41 593 41 71 53 59 5445 45 163 55 52 41 59 192 15959
leaf_count=829 4407 47 61 65 196 71 129 62 76 43 402 227 86 94 41 41 593 41 71 53 59 5445 45 163 55 52 41 59 192 15959
internal_value=0.000189356 0.000108668 0.000145488 -0.00139565 0.000469466 -0.00253147 -0.00313351 -0.00212219 -0.00393956 -0.005775 0.00195905 0.000115131 0.000101135 -0.00168821 -0.00340828 -0.00679518 0.00011841 0.00101589 -0.00101333 -0.00266883 -0.00446018 9.06167e-05 0.000185332 -0.000231192 -0.00030077 -0.0020325 -0.000834782 2.04779e-05 0.000964286 0.000199735
internal_weight=29705 28876 28187 689 261 428 381 310 181 119 463 27724 27497 262 168 82 27235 817 224 153 112 26418 20411 6007 5844 399 344 292 251 20366
internal_count=29705 28876 28187 689 261 428 381 310 181 119 463 27724 27497 262 168 82 27235 817 224 153 112 26418 20411 6007 5844 399 344 292 251 20366
is_linear=0
shrinkage=0.03


Tree=257
num_leaves=31
num_cat=0
split_feature=0 0 15 10 13 17 8 4 10 8 15 4 0 17 8 7 4 13 14 15 4 12 17 14 0 4 14 20 20 4
split_gain=7.7692 1.47725 1.78149 2.40257 2.63832 1.46031 1.34726 1.02816 0.977881 0.878906 1.48095 0.831522 1.02611 0.756311 0.734496 3.03743 2.3302 1.70497 1.58062 2.09516 1.49266 1.72789 1.45848 1.36474 1.95395 1.31356 1.34162 1.27469 1.2694 1.44025
threshold=1.0000000180025095e-35 46.498798076923087 2.6735537653587347 0.95545325009883952 0.023918409527301222 6.6585427530410923 394.44764179933389 1242.7289581854357 2.6426240131973278 1.4138583643775455 2.1383330595080281 1545.8430776001044 1.2128135938062292 1.2467163084516091 1.163084002617351 0.059077135635629517 2048.6484672301158 0.026474482200532997 0.56033609807663798 3.7726948748059121 710.54295714303885 0.17765914080033432 0.47131540815238165 0.58184909455524469 1.1360179687393661 123.28416653708453 0.022539622045390114 1.1099458798809609 0.8593846248604653 2955.559003940577
decision_type=10 10 8 10 2 8 10 10 10 8 8 10 10 10 10 10 10 2 2 10 10 2 10 2 10 8 2 2 2 10
left_child=-1 5 6 4 -4 8 13 -5 14 10 -10 -12 -13 -3 17 16 22 20 28 27 -2 23 -16 -22 -25 -17 -27 -20 29 -19
right_child=1 2 3 7 -6 -7 -8 -9 9 -11 11 12 -14 -15 15 25 -18 18 19 -21 21 -23 -24 24 -26 26 -28 -29 -30 -31
leaf_value=1.4187401227727233e-06 0.00018646186199611434 -4.5852242920053296e-05 -0.00018429658534440454 -2.2739365772077069e-05 -1.5840434064294996e-05 0.0022772408810116901 0.00064870340084364759 0.00034201777569031197 -0.0015124094980436312 0.0015406054040320012 0.00060867773674137143 -0.00054363010327316782 0.0001788652013777422 2.0739607197967974e-05 -0.00093652969704288963 -0.0023737496691940475 0.00011320970376860201 0.00079923529814337699 0.00029343862892671987 -0.0017869017550907601 -0.00014863485568215759 0.0011704288419398018 -0.0042299294924546095 2.4615788734628913e-05 -0.0011821289366745599 0.00083898807896352608 4.5099960577139823e-06 -0.0019154687474425931 0.0001331157117411215 -0.00038184095614934247
leaf_weight=867 716 190 61 108 62 338 130 49 50 443 183 41 44 74 88 98 75 801 407 76 1233 114 72 44 40 538 20614 80 1939 52
leaf_count=867 716 190 61 108 62 338 130 49 50 443 183 41 44 74 88 98 75 801 407 76 1233 114 72 44 40 538 20614 80 1939 52
internal_value=0.000200182 0.000115782 -0.00127111 -0.00309609 -0.00621774 0.000149108 3.03799e-05 -0.000626582 0.000125194 0.00118504 -1.88087e-05 0.000869889 -0.00156977 -0.0012 9.52647e-05 1.60571e-05 -0.00336864 0.000404507 0.000826877 -0.00062234 -0.000255586 -0.000814944 -0.00540373 -0.00112215 -0.0048 5.36446e-05 6.97774e-05 0.000104508 0.00111923 0.00208314
internal_weight=29627 28760 674 280 123 28086 394 157 27748 761 318 268 85 264 26987 21485 235 5502 3355 563 2147 1431 160 1317 84 21250 21152 487 2792 853
internal_count=29627 28760 674 280 123 28086 394 157 27748 761 318 268 85 264 26987 21485 235 5502 3355 563 2147 1431 160 1317 84 21250 21152 487 2792 853
is_linear=0
shrinkage=0.03


Tree=258
num_leaves=31
num_cat=0
split_feature=20 13 8 20 15 15 7 8 4 17 20 9 16 16 4 9 4 7 9 11 9 17 12 11 15 15 8 12 17 13
split_gain=7.38903 0.977727 1.54024 1.51057 1.41997 1.61511 2.05721 1.2811 2.95713 2.07241 1.64972 2.82297 2.66904 1.5125 2.52787 1.58671 1.50832 1.60759 1.7934 1.79349 1.56637 1.84271 1.44976 1.88054 1.65203 2.30197 2.52475 1.17572 1.47338 1.22748
threshold=1.0000000180025095e-35 0.067539671971076506 48.328082823143212 0.4822015625625734 3.4811217321331038 2.0126758453675748 0.16196003635549805 56.026919910946361 171.17720464539499 -1.0972010123839155 0.021721105527638195 0.019265974155035052 0.43201957675881991 0.54780898189259009 1922.2630087767573 0.014004052855108985 4700.9414199288212 0.34355712775317698 0.014336863815842529 10.426261508060465 0.0025046752417442089 0.40743292039396489 0.13071718184432071 8.7551859424742933 2.9700856263602158 2.524928003624769 22.797201006882407 0.32762909607793894 4.9664730901213643 0.026474482200532997
decision_type=2 2 10 2 10 8 10 10 10 10 2 10 10 10 10 10 8 8 8 2 10 10 2 2 10 10 10 2 10 2
left_child=-1 7 3 -3 5 6 -4 10 9 -9 11 -2 -13 16 -15 -16 17 27 -19 22 21 -18 -20 -24 25 -25 -27 28 -12 -29
right_child=1 2 4 -5 -6 -7 -8 8 -10 -11 13 12 -14 14 15 -17 20 18 19 -21 -22 -23 23 24 -26 26 -28 29 -30 -31
leaf_value=1.3761779190895414e-06 -0.00012188975854073322 0.0012266939181950055 4.2628892219047185e-06 9.3355465847759866e-05 -0.00056423579566548506 5.0836269804199648e-06 -0.00077503192972206336 -0.0018927927677145585 0.00039265415739276119 -0.00017684619866879158 -2.8686707108511897e-05 3.265165125612956e-05 -0.00014680473428050101 0.00079218767690913689 -0.0017359193779266824 -3.0783854633816929e-05 2.910052318845159e-05 0.00070406018498290763 -0.0024603047472401942 0.00035013092471847251 0.00048136287277045301 -0.0024663194518732084 0.00014139298041911775 -0.00042689754460434868 4.7413623405096379e-05 -0.0031400879009886497 -0.00045542833282942148 0.00010472305706873554 -0.0030790399210077015 0.0013317000446345943
leaf_weight=830 75 529 67 6794 52 698 54 40 1789 151 13272 130 47 870 41 64 171 221 49 162 1263 76 197 295 116 85 113 1148 40 190
leaf_count=830 75 529 67 6794 52 698 54 40 1789 151 13272 130 47 870 41 64 171 221 49 162 1263 76 197 295 116 85 113 1148 40 190
internal_value=0.000207459 0.000126979 0.000404149 0.000546013 -0.000787844 -0.000479268 -0.00366393 1.67428e-05 0.00074205 -0.00279687 -6.03993e-05 -0.0024664 -0.00038764 -2.72667e-05 0.00112193 -0.00325472 -9.17293e-05 -0.000177859 -0.0012155 -0.00174754 0.000814031 -0.00136694 -0.00229556 -0.00198513 -0.0028082 -0.00356478 -0.0060603 -9.00961e-05 -0.000175317 0.000757282
internal_weight=29629 28799 8194 7323 871 819 121 20605 1980 191 18625 252 177 18373 975 105 17398 15888 1238 1017 1510 247 855 806 609 493 198 14650 13312 1338
internal_count=29629 28799 8194 7323 871 819 121 20605 1980 191 18625 252 177 18373 975 105 17398 15888 1238 1017 1510 247 855 806 609 493 198 14650 13312 1338
is_linear=0
shrinkage=0.03


Tree=259
num_leaves=31
num_cat=0
split_feature=17 6 14 14 16 10 4 6 4 7 3 10 4 8 8 6 16 13 8 8 8 3 4 14 9 7 7 17 10 4
split_gain=6.06061 0.886493 1.2944 2.81941 2.10841 2.2155 2.29401 1.06054 0.950098 1.42367 1.08977 1.1358 0.906981 2.35527 2.51456 1.36928 0.844876 0.894834 1.11493 0.883078 1.28591 0.924172 0.791289 0.788004 1.25684 3.05665 3.7225 1.60444 1.33893 1.6907
threshold=5.9592302853142547 2.1687681152424285 0.43443889032734823 0.46922117293072813 0.068168945481033513 1.0820997514629547 1440.7195322802004 3.3455697212623825 731.92193296762969 0.18122129427622727 0.054232830281817947 0.44325182955432274 123.28416653708453 1.2304545082850691 1.0233704337767302 0.13619460784313703 0.84609131008423255 0.077116577163323666 2.0598598907182031 33.501780519580798 17.044520348591224 0.16385467810118898 1500.122709295774 0.077051950493642052 0.0094685824048441909 0.22509635317443136 0.17179431983381199 0.16972311489824091 2.5080749313525685 1198.3600699440792
decision_type=8 2 2 2 8 10 10 2 10 10 2 10 8 10 10 2 8 2 10 10 10 2 8 2 10 8 10 10 10 8
left_child=1 12 8 22 5 6 -5 -7 -3 -10 -11 -12 13 14 -1 -15 17 18 -13 20 21 -20 -4 24 25 26 -14 -28 -26 -30
right_child=-2 2 3 4 -6 7 -8 -9 9 10 11 16 23 15 -16 -17 -18 -19 19 -21 -22 -23 -24 -25 28 -27 27 -29 29 -31
leaf_value=-0.00063429491815380958 1.3348925815168553e-06 0.00045749121947726408 -0.00087088281626671862 -0.0024245802049742918 0.00021907688978616604 0.00054796159201746881 -9.3660942424947415e-05 -0.0007607066748794338 0.00038094941420949586 0.00088392366019464201 -0.0014718694815994255 0.00050431287686829177 0.00027092064503104096 -0.0077080882344183581 0.00053522974828458623 -0.0016602817742475788 -0.00074392509884842152 -0.0016633604733775687 -0.00068138050026483052 0.0002971328705552057 -0.0010153688593823717 0.00063136865382409869 -0.00020776572984709736 -6.5095984597462156e-06 0.00023506689858729962 4.6776718668654827e-05 -0.0018319188506873496 -0.0011619846305676892 0.00060640147725856048 -0.0012380081558796493
leaf_weight=98 1592 739 40 48 667 78 44 52 1356 135 43 321 93 42 139 42 56 45 188 265 64 185 41 19914 2572 670 53 45 41 45
leaf_count=98 1592 739 40 48 667 78 44 52 1356 135 43 321 93 42 139 42 56 45 188 265 64 185 41 19914 2572 670 53 45 41 45
internal_value=0.000181026 7.90485e-05 0.000471841 -0.000494336 -3.37067e-06 -0.00252915 -0.00606452 1.10906e-10 0.000747793 0.000482888 -0.000225633 -0.000521404 6.81973e-06 -0.00157453 -3.7815e-05 -0.00585882 -0.000336 -0.000145931 3.8086e-05 -0.000631579 -0.0014589 -0.000778075 -0.00581707 2.85484e-05 0.00044233 -0.000553364 -0.00389062 -0.00793939 0.000764949 -0.00289655
internal_weight=29713 28121 4367 970 889 222 92 130 3397 2658 1302 1167 23754 321 237 84 1124 1068 1023 702 437 373 81 23433 3519 861 191 98 2658 86
internal_count=29713 28121 4367 970 889 222 92 130 3397 2658 1302 1167 23754 321 237 84 1124 1068 1023 702 437 373 81 23433 3519 861 191 98 2658 86
is_linear=0
shrinkage=0.03


Tree=260
num_leaves=31
num_cat=0
split_feature=0 10 8 16 14 12 15 17 8 7 15 15 15 16 16 0 3 15 15 17 15 0 7 5 3 16 10 17 1 11
split_gain=7.62923 1.37608 1.16739 1.17074 1.14655 0.818045 1.36067 1.44253 1.33578 2.15939 0.76871 0.83118 1.54698 6.44492 1.93454 3.11265 1.73757 1.60352 1.15256 1.02923 1.46932 1.02418 1.46737 1.32487 2.02407 2.03864 1.27051 0.99582 0.972591 0.916612
threshold=1.0000000180025095e-35 2.5788237994635157 1.4138583643775455 -0.062736713487384202 0.27368903052154098 0.5044056004368801 2.9700856263602158 0.084446285313962074 3.3964994808200486 0.36966582190507286 4.7050052835523761 3.7726948748059121 3.8815106545092593 0.084331830716910763 0.0067750185431031847 1.2760809890086302 0.46406338110482093 3.9981586158983733 3.7012257604091228 0.20508044523255842 3.795426061844291 1.2160094804386865 0.1423142283096204 0.9328016904506905 0.13713504310810154 0.075768952491135064 0.34926108160488673 0.40255403952371011 0.04027027027027031 11.608626469387564
decision_type=10 10 8 10 2 2 8 8 8 10 10 10 10 8 10 10 2 10 10 10 10 10 10 8 2 10 10 10 10 2
left_child=-1 5 4 -4 -3 10 7 -7 -8 -10 11 18 13 14 -13 -16 17 -14 29 -15 -21 23 -23 -19 25 -25 -24 -28 -22 -2
right_child=1 2 3 -5 -6 6 8 -9 9 -11 -12 12 16 19 15 -17 -18 21 -20 20 28 22 26 24 -26 -27 27 -29 -30 -31
leaf_value=1.2948458040713496e-06 9.0481456396869665e-06 0.00019578179769407907 -0.0014434085630781017 0.0013914350758881821 -0.0013892914150590483 -0.00017336779838999863 8.7942523947599126e-05 0.0015534132345707738 -0.00055451240535005577 9.7900107980624667e-05 0.00070400329565536719 -0.0021272431912396318 0.00029647959121671409 0.00060956360469587717 1.7914241106360525e-05 -0.0011286158693446324 -0.00089499124326457139 0.00019435637506703553 0.00059675490226683407 -0.00027593219733379568 0.0015611260003831836 0.00046056278124328228 -0.00059440543649808312 -0.00020042793690700013 -0.00013525096648235322 -0.00105600915082762 -0.00039821482098938371 0.00064931385390877463 -0.00015551886691498646 -0.00045044144701091271
leaf_weight=841 24269 284 50 558 67 71 62 417 40 49 116 43 404 119 63 72 64 120 333 40 99 336 75 42 209 41 165 127 68 191
leaf_count=841 24269 284 50 558 67 71 62 417 40 49 116 43 404 119 63 72 64 120 333 40 99 336 75 42 209 41 165 127 68 191
internal_value=0.00018192 9.90384e-05 0.00121563 0.00200985 -0.000161932 6.02476e-05 0.00112031 0.00188957 -0.00136184 -0.0037 3.51151e-05 2.45528e-05 -0.000550287 -0.00199604 -0.00656983 -0.00474265 -8.9015e-05 0.000116447 7.29613e-05 0.000513762 -0.000764423 -0.00047043 0.000225852 -0.00165617 -0.00274403 -0.00667857 -0.00108424 -0.0001843 0.000482143 4.90578e-05
internal_weight=29435 28594 959 608 351 27635 639 488 151 89 26996 26880 2087 504 178 135 1583 1519 24793 326 207 1115 703 412 292 83 367 292 167 24460
internal_count=29435 28594 959 608 351 27635 639 488 151 89 26996 26880 2087 504 178 135 1583 1519 24793 326 207 1115 703 412 292 83 367 292 167 24460
is_linear=0
shrinkage=0.03


Tree=261
num_leaves=31
num_cat=0
split_feature=0 0 17 14 10 9 12 16 12 14 14 4 5 1 3 17 0 10 17 10 14 3 17 0 3 3 4 0 13 1
split_gain=7.33625 1.39126 1.83344 1.70368 3.04055 2.00825 1.82227 1.29704 0.824721 0.821439 1.50911 0.797828 0.744532 2.90214 2.94633 0.97312 1.17148 0.733471 1.27617 1.21503 1.62899 1.1744 1.71439 1.14358 1.13945 1.77871 1.70883 1.57344 1.06831 1.10141
threshold=1.0000000180025095e-35 46.498798076923087 3.9131647042326239 0.32425587734021027 1.638205389225992 0.15572595897911198 0.24796781113050018 0.44071948214779455 0.42623696165890085 0.18589582675654745 0.15970502677867496 630.03237801544867 0.94649672846237742 0.087337909992372301 0.18745547290379724 0.31736751226398813 1.4312788659836153 0.81318634299996251 1.7201381195487364 0.78382754632132012 0.069160859213716855 0.11560085967260787 0.23843415448231323 2.4484689893874925 0.14702745781778173 0.043665070674123833 2389.1763060635853 2.7187247769475751 1.0000000180025095e-35 0.024099883855981444
decision_type=10 10 8 2 10 10 2 10 2 2 2 8 10 10 2 10 10 8 10 10 2 2 10 10 2 2 10 10 2 10
left_child=-1 2 12 5 -5 7 -7 -3 9 10 -4 -11 17 15 -15 -14 -17 18 19 -2 -21 22 -22 -19 25 -20 27 -27 29 -25
right_child=1 3 8 4 -6 6 -8 -9 -10 11 -12 -13 13 14 -16 16 -18 23 24 20 21 -23 -24 28 -26 26 -28 -29 -30 -31
leaf_value=1.2560004299492089e-06 1.2914481128235257e-05 1.8672301312709091e-05 0.00011617254420447982 -0.00013231860477346512 2.7736376975287138e-05 7.0495629447826701e-05 -4.2709902742122612e-05 -0.00011607289082874978 0.0028071715938940422 -8.52046957021326e-05 -0.0029759130405323984 0.001352850810658402 0.00074201600985181095 -0.00080792903576284547 0.00034219034927707371 -0.00065822953256999427 6.6723672666534159e-05 3.2679121693789692e-05 0.00024124354529883745 -0.00053203333231311974 -0.0006514129285042137 0.00022952525412324782 2.9253875452627728e-05 -1.2498992182933653e-05 0.00025378259049915579 -0.0019077360586364108 -1.7923649578382218e-05 -0.0018137889887579715 0.0013797649755045492 0.0012510249446667301
leaf_weight=830 10239 438 252 43 51 40 66 48 362 41 41 287 201 128 87 69 67 13895 82 40 51 214 60 941 137 52 50 42 573 328
leaf_count=830 10239 438 252 43 51 40 66 48 362 41 41 287 201 128 87 69 67 13895 82 40 51 214 60 941 137 52 50 42 573 328
internal_value=0.000217267 0.00013742 0.000169866 -0.00119651 -0.00492632 -0.000596964 -0.00431776 0.000221766 0.00144207 0.000776527 -0.000377551 0.00180547 0.000123932 -0.000965642 -0.00368056 0.000772189 -0.00118248 0.00014649 -4.18489e-05 1.81048e-05 -0.00168033 -0.000966258 -0.00345536 0.000277736 -0.00178846 -0.00309251 -0.00508965 -0.00745263 0.000979924 0.000493701
internal_weight=29755 28925 28239 686 94 592 106 486 983 621 293 328 27256 552 215 337 136 26704 10967 10604 365 325 111 15737 363 226 144 94 1842 1269
internal_count=29755 28925 28239 686 94 592 106 486 983 621 293 328 27256 552 215 337 136 26704 10967 10604 365 325 111 15737 363 226 144 94 1842 1269
is_linear=0
shrinkage=0.03


Tree=262
num_leaves=31
num_cat=0
split_feature=0 7 4 3 4 11 15 14 16 1 14 4 3 17 7 4 11 17 4 17 16 11 11 17 9 4 14 1 8 7
split_gain=7.51973 1.2935 4.74244 0.639171 1.9148 2.8482 1.05196 2.64132 2.02198 1.11299 1.75122 2.11582 0.9801 2.29038 1.89798 3.3222 5.13956 1.70421 1.50226 1.80524 2.76119 1.5834 1.65659 1.47948 1.24275 1.15796 1.15052 1.08094 1.02689 1.79648
threshold=1.0000000180025095e-35 0.81774058962830531 580.55820484373055 0.44393429317066602 1091.9406025205183 10.579755578206015 2.249904835165133 0.18308201311881486 0.25454816440108191 0.037268518518518541 0.42876593534121193 847.08367199506222 0.36935676870838868 0.54000032475817306 0.32258338149304006 552.79037707824182 9.4090272694147483 0.33045936307547735 1190.3701150429383 0.22105469389588858 0.12232201085888378 10.979964996365533 9.4090272694147483 -0.22787855129073734 0.059332404897201749 480.74254238736881 0.027691951979766507 0.26546556122448983 1.0817276000072118 0.031473668454844485
decision_type=10 10 10 2 8 2 10 2 10 10 2 10 2 8 10 8 2 10 8 10 8 2 2 10 10 10 2 10 10 10
left_child=-1 3 -3 12 5 6 7 8 -5 -8 -11 -12 28 14 18 -16 -17 -18 19 23 -21 22 -20 -14 -22 -26 -25 -28 -2 -30
right_child=1 2 -4 4 -6 -7 9 -9 -10 10 11 -13 13 -15 15 16 17 -19 21 20 24 -23 -24 26 25 -27 27 -29 29 -31
leaf_value=1.2183204170507327e-06 0.00018001650339421487 0.0031042625652304579 -0.001955980403251218 -0.00056903076677619483 0.00066207329952695055 -0.0013700824270747045 0.001218469667426035 0.00019483753150308043 -0.0037282596172882542 0.00013202055456641853 2.3221658045341704e-05 -0.0011629586177973746 -0.0022467297420455221 0.00034767890696915058 0.00026288670454065226 -0.0033750760131551413 0.00056220447344706515 -0.0016159953775105884 -0.0012544008781646206 -0.00093674514283330248 0.0003921703726759545 -0.000425473316705347 0.00072522677211674428 -0.00052243672176487664 -0.0014095515000001942 -0.00031115506825346053 0.00022307841376501309 -0.0014279148718248885 -0.002694096856406212 1.5737584264922124e-05
leaf_weight=841 1412 47 40 49 645 41 222 165 54 314 48 40 66 713 82 45 57 41 76 52 65 53 394 49 42 157 435 49 48 23356
leaf_count=841 1412 47 40 49 645 41 222 165 54 314 48 40 66 713 82 45 57 41 76 52 65 53 394 49 42 157 435 49 48 23356
internal_value=0.000201825 0.000120279 -0.00351136 0.000131382 0.000718176 -0.000150963 0.000208287 -0.00136059 -0.00510577 0.0008832 -5.95532e-05 -0.00377528 9.73046e-05 -0.000484644 -0.00109435 -0.00365044 -0.00639583 -0.00248485 -0.000692147 -0.00142467 -0.00325552 0.000589695 0.0011465 -0.000455 -0.00199245 -0.003165 7.30338e-05 0.000519588 0.00015304 0.000105619
internal_weight=29698 28857 87 28770 1578 933 892 268 103 624 402 88 27192 2376 1663 225 143 98 1438 915 316 523 470 599 264 199 533 484 24816 23404
internal_count=29698 28857 87 28770 1578 933 892 268 103 624 402 88 27192 2376 1663 225 143 98 1438 915 316 523 470 599 264 199 533 484 24816 23404
is_linear=0
shrinkage=0.03


Tree=263
num_leaves=31
num_cat=0
split_feature=0 0 11 10 14 17 15 16 4 8 20 8 17 4 19 10 1 7 7 11 10 10 7 17 13 7 8 4 0 16
split_gain=6.21836 1.87046 2.57832 1.65575 2.54541 1.43834 1.42686 2.78545 1.05457 1.97954 2.14643 1.50378 1.22189 1.11737 1.17889 2.35471 1.86662 2.17027 1.22561 1.35508 1.06163 0.990058 0.989902 1.11119 0.976835 0.996316 1.21082 0.955753 0.946595 1.75841
threshold=inf 46.498798076923087 6.9231362598071584 1.6731508943601374 0.3177464907872744 5.9592302853142547 2.6735537653587347 0.1310671159324274 123.28416653708453 1.2010408214139712 0.8973131471044008 1.0233704337767302 0.39262395179074788 731.92193296762969 10.500000000000002 1.9009382354062967 0.064725596983661551 0.24059971620000803 0.31977550473824473 11.091216632590715 1.6277990882076525 1.5887817714446231 0.3113039149130673 3.3509556123729944 0.12924751177469693 0.42888257205671382 22.321054984331955 365.42184983669341 19.010204081632654 0.20307983023484502
decision_type=8 10 2 10 2 8 10 10 8 10 2 10 10 8 2 10 10 10 10 2 8 10 10 8 2 10 10 8 10 8
left_child=1 5 -3 4 6 8 22 -8 9 11 -11 12 -1 24 28 18 -17 -18 19 20 21 -16 23 -4 25 26 -10 -7 -15 -30
right_child=-2 2 3 -5 -6 27 7 -9 13 10 -12 -13 -14 14 15 16 17 -19 -20 -21 -22 -23 -24 -25 -26 -27 -28 -29 29 -31
leaf_value=-0.00087189116175658086 1.1817708045392106e-06 -0.00010319749543559875 3.1066762057446589e-05 6.5866749688407608e-05 -0.00018263134249273122 -0.00040977267096974497 -0.00022120448233025735 3.2039277214662328e-06 0.0001656507858768317 -0.00059651130106753655 -0.0060178379337916463 0.00046392563261021596 0.0005577158147993084 2.1423479820243231e-05 -1.4413756465976159e-05 -0.00043948117890402688 -0.0027983441555582658 -7.1543543175384963e-05 -0.00065956634385872675 -0.0003220855671392029 0.00047889179407656606 -0.0010786429043187472 0.00015098168433184711 -3.7234769876509578e-05 0.0017344483724141436 0.0021344068704995389 -0.00026992165912733063 0.0017630430793116249 -0.00030667286187980268 0.0010545041560508241
leaf_weight=71 822 56 59 208 42 55 40 53 3118 62 43 134 41 18839 2688 124 66 40 71 383 345 66 118 87 229 235 883 399 48 57
leaf_count=71 822 56 59 208 42 55 40 53 3118 62 43 134 41 18839 2688 124 66 40 71 383 345 66 118 87 229 235 883 399 48 57
internal_value=0.000170132 9.62982e-05 -0.00147741 -0.00090296 -0.0020325 0.000133617 -0.00119832 -0.00437234 0.000105976 -0.00152557 -0.00495283 -4.85829e-05 -0.00260177 0.000127092 4.18428e-05 -0.000441596 -0.00337662 -0.00628037 -0.000250703 -0.000170543 3.7742e-05 -0.000158984 -6.79244e-05 -0.00171429 0.000560905 0.000457399 0.000345577 0.00180659 0.000138401 -0.00268868
internal_weight=29482 28660 663 607 399 27997 357 93 27543 351 105 246 112 27192 22727 3783 230 106 3553 3482 3099 2754 264 146 4465 4236 4001 454 18944 105
internal_count=29482 28660 663 607 399 27997 357 93 27543 351 105 246 112 27192 22727 3783 230 106 3553 3482 3099 2754 264 146 4465 4236 4001 454 18944 105
is_linear=0
shrinkage=0.03


Tree=264
num_leaves=31
num_cat=0
split_feature=0 6 8 4 11 13 3 9 12 16 16 14 11 3 3 15 13 13 0 14 15 8 10 11 11 0 5 9 14 16
split_gain=6.49573 0.912457 0.954181 1.49298 2.71658 1.28421 2.13218 1.30176 1.23291 1.09204 2.31974 1.02998 2.59682 2.12755 2.31011 2.95908 2.88061 2.66944 1.95474 1.30451 4.19623 2.19363 2.01304 1.96248 1.51507 2.67193 2.78469 2.4874 3.49243 1.41727
threshold=1.0000000180025095e-35 1.8814657791517087 1.1217200748231078 2365.1510413884653 10.408119029291234 0.026884722426204013 0.4863236694520473 0.14755694166523611 0.08036186035887917 0.11955501124251543 0.20492082486123001 0.6051968757028342 6.9231362598071584 0.2254741433349855 0.40736647220631012 2.1383330595080281 0.0048869758444924907 0.030799212316964 1.9580465084774761 0.56832116494813956 3.3842466058243152 39.823606740180885 1.02051001226215 10.112471320548684 11.112395637900898 1.2585991723345569 0.6813346228239846 0.093019088408667225 0.29330628588676771 0.2209972785889299
decision_type=10 2 10 10 2 2 2 10 2 10 10 2 2 2 2 10 2 2 10 2 10 10 10 2 2 8 8 10 2 8
left_child=-1 2 3 5 -5 6 7 -2 9 -9 -11 19 -13 -14 15 -15 18 -18 -17 23 21 -21 -22 -4 29 27 -27 -26 -29 -25
right_child=1 -3 11 4 -6 -7 -8 8 -10 10 -12 12 13 14 -16 16 17 -19 -20 20 22 -23 -24 24 25 26 -28 28 -30 -31
leaf_value=1.1463176804030343e-06 0.0001217209480449308 8.4357905360826082e-05 -5.7032355626448556e-05 -0.0013545265641646282 1.8388199642055458e-05 0.0003543159976326268 -0.0011783350303604149 -2.3290514088186838e-05 3.9085982909692354e-05 -0.0011270513669088993 -7.8506770263677355e-05 -0.001273274005232709 0.00079966798828056459 0.0011824722018432573 0.0010304798759830751 0.00059841894796352569 -0.0026425879328741656 -0.00063862143305857611 -0.0012987752491290957 0.0003553140376388962 -0.0010477512671069036 -0.0029011856646995586 -0.00126917167777531 0.00017604371306371061 -3.986262794538996e-05 -0.00049616166423340163 6.1508691797580411e-05 -0.0016880339554962587 -0.00024411270234864314 -4.1167951949408306e-05
leaf_weight=846 1069 5853 9955 43 107 1505 44 76 108 49 66 49 946 141 212 106 74 83 40 344 113 41 41 4373 255 50 840 47 151 1952
leaf_count=846 1069 5853 9955 43 107 1505 44 76 108 49 66 49 946 141 212 106 74 83 40 344 113 41 41 4373 255 50 840 47 151 1952
internal_value=0.000194625 0.000118292 3.27784e-05 0.000525098 -0.00238411 0.000675463 2.54778e-05 0.000236669 -0.00151 -0.00295312 -0.00478448 -4.3454e-05 0.000673729 0.000883344 -0.000429224 -0.00165843 -0.00332566 -0.00613291 -0.000285714 -0.000108682 -0.00156111 0.00011658 -0.00572903 -6.41737e-05 0.000296519 -0.000618303 0.0003367 -0.00249119 -0.00500502 0.000490832
internal_weight=29579 28733 22880 3067 150 2917 1412 1368 299 191 115 19813 1651 1602 656 444 303 157 146 18162 539 385 154 17623 7668 1343 890 453 198 6325
internal_count=29579 28733 22880 3067 150 2917 1412 1368 299 191 115 19813 1651 1602 656 444 303 157 146 18162 539 385 154 17623 7668 1343 890 453 198 6325
is_linear=0
shrinkage=0.03


Tree=265
num_leaves=31
num_cat=0
split_feature=0 0 17 15 14 20 14 17 4 14 13 14 4 16 14 17 14 4 7 14 14 17 10 17 9 12 12 14 15 14
split_gain=6.13285 1.11382 1.63075 1.56831 3.26772 1.13093 1.4405 2.02092 1.25788 1.19981 1.71175 1.89332 2.19198 1.92869 2.01598 2.66134 2.56045 2.86254 4.42079 1.89906 1.90619 3.87142 2.67141 1.84374 1.48076 1.41812 1.29405 1.2593 1.77393 1.14318
threshold=1.0000000180025095e-35 46.498798076923087 5.9592302853142547 1.0000000180025095e-35 0.3177464907872744 0.75685345416921623 0.0085772510192080719 0.42216462939595562 237.70114823402255 0.095793573687876263 0.052803657891659569 0.22899651462346401 1386.0504507183111 0.0027782035663161159 0.28466029169767554 0.068634306237170886 0.3996427406642224 1161.0744358364047 0.071104848492960712 0.1529659278028235 0.19496829516785188 0.24548534102897884 0.99444749756398931 0.20839330386773638 0.26849697880974327 0.19262303302448738 -0.060302028221500319 0.1439729831945202 2.6735537653587347 0.69960812274525919
decision_type=10 10 8 10 2 2 2 10 10 2 2 2 10 10 2 10 2 10 10 2 2 10 10 10 8 2 2 2 10 2
left_child=-1 2 5 4 -3 -2 7 -7 29 -10 24 12 -12 14 15 -13 -16 18 -18 27 -21 22 -22 -19 25 26 -11 28 -14 -8
right_child=1 3 -4 -5 -6 6 8 -9 9 10 11 13 19 -15 16 -17 17 23 -20 20 21 -23 -24 -25 -26 -27 -28 -29 -30 -31
leaf_value=1.1119281499909435e-06 6.9073641216496235e-05 -9.9235032961391142e-06 0.0017666050354504254 -3.3740498229383252e-06 -0.00016532715360472236 -0.00012116396081966824 0.00028368544063525538 -0.0023812274726737869 8.6205632046455394e-05 0.00044513616990921311 0.00013912813678321803 -0.0020036143685574683 -0.0010867131952054217 0.00021164097625071162 0.0007115058304437812 -2.1560132726872746e-05 -2.3236411666336794e-05 0.00026071705203817308 -0.0018214246196688031 0.00020502246684027547 -0.0014248078685587021 8.9336647604961207e-05 -0.00058265244316395108 -0.00096425626573210638 0.0012013826815165521 0.0005324548814073537 -0.0002379638638549831 -0.0015728283770142866 -8.5595120511181258e-05 -0.00079026913493799656
leaf_weight=831 14277 162 470 472 44 186 1054 54 2441 261 752 45 54 2676 236 49 66 231 57 227 43 121 60 40 98 369 4113 52 110 66
leaf_count=831 14277 162 470 472 44 186 1054 54 2441 261 752 45 54 2676 236 49 66 231 57 227 43 121 60 40 98 369 4113 52 110 66
internal_value=0.000204624 0.000131478 0.000160374 -0.00106922 -0.00324638 0.000130646 -6.66319e-05 -0.00236515 -2.47314e-05 -0.000113783 -0.000263948 0.000136307 -0.000783803 0.000520435 -0.000852414 -0.00492632 -0.000237718 -0.00171646 -0.00549194 -0.00203443 -0.000922566 -0.00288 -0.007125 1.10295e-05 -0.000662329 -0.000737985 -0.000888686 -0.00434101 -0.00301818 0.000936664
internal_weight=29717 28886 28208 678 206 27738 13461 240 13221 12101 9660 4819 1419 3400 724 94 630 394 123 667 451 224 103 271 4841 4743 4374 216 164 1120
internal_count=29717 28886 28208 678 206 27738 13461 240 13221 12101 9660 4819 1419 3400 724 94 630 394 123 667 451 224 103 271 4841 4743 4374 216 164 1120
is_linear=0
shrinkage=0.03


Tree=266
num_leaves=31
num_cat=0
split_feature=20 12 20 14 8 9 8 20 10 14 16 7 14 12 5 15 13 16 14 14 9 15 6 4 16 9 14 6 11 7
split_gain=6.05857 1.62095 1.18528 6.02473 5.1994 1.49148 1.26141 1.18018 1.55795 1.70457 1.88224 1.7392 1.65282 3.30632 1.2585 1.0921 1.38142 0.954905 0.780157 2.00719 1.0387 1.07509 1.01356 1.23437 1.00029 0.705371 0.696259 1.84581 1.02322 2.06487
threshold=1.0000000180025095e-35 0.51638661858088286 0.052664861986331767 0.32425587734021027 46.597454493965103 0.13493982625662096 171.87705970625072 0.34307282568542236 1.6613660158328567 0.14977650506690496 0.23891857139394032 0.23850008242226103 0.085660288548143823 0.34894239804760124 0.12310606060606062 2.740319461670996 0.014533228350867516 0.21376992791652255 0.26209131748968711 0.27619479382246931 0.054235805098685426 2.8617925509761908 0.36159032031993421 3215.7013213151281 0.26373885680074727 0.19725813290213937 0.61034220030491604 4.6554719032332796 7.4386775612200848 0.22387855059410242
decision_type=2 2 2 2 10 10 10 2 10 2 10 10 2 2 10 8 2 8 2 2 10 8 2 10 10 10 2 2 2 8
left_child=25 2 3 5 -5 15 -7 8 9 10 11 -4 -13 -14 18 -2 17 -17 -11 -20 21 22 -21 24 -24 -1 -9 28 29 -28
right_child=1 -3 7 4 -6 6 -8 26 -10 14 -12 12 13 -15 -16 16 -18 -19 19 20 -22 -23 23 -25 -26 -27 27 -29 -30 -31
leaf_value=1.078570305491215e-06 0.00029987894716156105 0.00037548609838158328 0.00011253368390295146 -0.00019715849064393717 -0.00025002262358961015 -4.4585328525014736e-05 2.1136195430712234e-05 2.4750365358508709e-06 0.0017288869183798899 0.00086206116079417204 0.00092819394664322573 -5.593862209601357e-05 -0.0017318206060572682 -0.00043631460161389757 -0.00033025725494468091 -4.3446599433078831e-06 4.8276095639047805e-05 -9.9718986320894326e-05 -0.00097136871533489376 0.00053420426186031027 0.0031024336116752833 0.0023688540665820958 -0.00057448635275184296 0.00064588772351892548 -3.0567120103190855e-05 -1.1375957508599526e-07 0.00021486328035764699 -0.0012490879036163992 0.00028631515389999403 -0.0048415364089453815
leaf_weight=773 342 606 81 42 47 68 42 23017 496 735 177 65 59 55 55 53 78 60 43 46 134 110 59 42 44 47 85 41 1967 44
leaf_count=773 342 606 81 42 47 68 42 23017 496 735 177 65 59 55 55 53 78 60 43 46 134 110 59 42 44 47 85 41 1967 44
internal_value=0.000199533 0.000126821 9.367e-05 -0.00109686 -0.00836667 -7.91924e-05 -0.00324324 0.000125567 0.000791553 0.000360492 -0.00125342 -0.00287356 -0.00451667 -0.00667826 0.000917258 0.000578652 -0.00123437 -0.00334211 0.00111944 0.000175365 0.000791284 -0.000188742 -0.00154687 -0.00277397 -0.00452885 0.00274056 6.72631e-05 0.000585126 0.000709585 -0.00186923
internal_weight=29513 28693 28087 732 89 643 110 27355 2201 1705 437 260 179 114 1268 533 191 113 1213 478 435 301 191 145 103 820 25154 2137 2096 129
internal_count=29513 28693 28087 732 89 643 110 27355 2201 1705 437 260 179 114 1268 533 191 113 1213 478 435 301 191 145 103 820 25154 2137 2096 129
is_linear=0
shrinkage=0.03


Tree=267
num_leaves=31
num_cat=0
split_feature=17 4 15 3 8 12 14 9 14 9 4 16 17 13 17 1 9 1 12 17 13 15 13 7 14 14 14 9 15 9
split_gain=3.88065 0.945301 0.904315 1.47102 1.70226 0.923286 1.21237 2.25633 2.5194 1.74219 1.4254 1.42539 1.65847 1.11722 0.915702 1.34413 1.6253 2.29089 1.45156 2.2911 1.88691 2.10056 2.00682 1.0627 1.04734 1.4745 1.54743 2.23897 3.54843 4.04244
threshold=6.6585427530410923 28606.257045820767 1.0000000180025095e-35 0.39245487452463856 1.2472824973766365 0.33061909746485091 0.26209131748968711 0.077106498747850111 0.27887317046262522 0.103716525083922 2472.7641081700808 0.13812044173433333 0.081442365853758733 0.012490492325839046 0.16010661142533658 0.27622890682318418 0.092012043938932156 0.31891512742576578 0.16365128251845998 -0.14089229107405146 0.012103595102058542 3.7256208424938388 0.085411067409061361 0.083333610340914563 0.68027517933753268 0.29330628588676771 0.13574633351653967 0.10221534526835348 3.1567740231385479 0.16257158859904167
decision_type=8 10 8 2 8 2 2 10 2 10 10 8 10 2 10 10 10 10 2 10 2 10 2 10 2 2 2 10 10 10
left_child=1 2 3 4 -1 14 9 8 -8 13 11 12 -10 -7 15 24 17 -17 19 -18 -21 -22 -23 -24 25 26 -4 -28 -29 -30
right_child=-2 -3 5 -5 -6 6 7 -9 10 -11 -12 -13 -14 -15 -16 16 18 -19 -20 20 21 22 23 -25 -26 -27 27 28 29 -31
leaf_value=-0.0030170434275746906 1.0462131963264787e-06 0.00055275598262434923 0.00019439319081275704 -0.0018483656804218315 3.2668331140301743e-05 0.00011784831261002519 -0.00079974295608427511 0.00085013884263836974 -9.8156219610507107e-05 -0.0025578345794268261 0.00073914019176665724 -8.1222078097359772e-05 -0.00065460007793366275 0.00088954072316132474 -2.0999187639137362e-05 -0.0013058154362298182 -0.00091006791502080129 -0.00060406988144179254 0.00058917243380839871 -0.00072792268055802615 0.0002143608213602201 -0.00033073009815873488 -0.00048243952199238918 0.00049206072304350647 -0.00029103544549868458 0.00024366451623764642 2.4516571430515425e-05 -3.2614273822541447e-05 -0.0013576888068128957 -0.0003800485104800788
leaf_weight=47 1496 101 2221 43 221 1601 70 410 45 53 220 601 50 320 14865 46 74 73 163 40 543 52 51 43 357 3266 2000 342 80 135
leaf_count=47 1496 101 2221 43 221 1601 70 410 45 53 220 601 50 320 14865 46 74 73 163 40 543 52 51 43 357 3266 2000 342 80 135
internal_value=0.000166959 8.77587e-05 7.72662e-05 -0.00152885 -0.00069145 9.53396e-05 0.000560665 -0.000115963 -0.000893617 0.00103899 -0.000471101 -0.0011363 -0.00453125 0.00118783 3.09216e-05 0.0002612 -0.000732044 -0.004025 -0.000322647 -0.000847015 -0.000332877 3.91305e-05 -0.00314286 -0.000505263 0.00038955 0.000460162 0.000124294 -0.000378811 -0.00205914 -0.00506944
internal_weight=29629 28133 28032 311 268 27721 3370 1396 986 1974 916 696 95 1921 24351 9486 1085 119 966 803 729 689 146 94 8401 8044 4778 2557 557 215
internal_count=29629 28133 28032 311 268 27721 3370 1396 986 1974 916 696 95 1921 24351 9486 1085 119 966 803 729 689 146 94 8401 8044 4778 2557 557 215
is_linear=0
shrinkage=0.03


end of trees

feature_importances:
share_criminal=718
workload_per_judge=627
state_loo_idvr_12=569
log_working_judges=563
state_loo_vacancy_rate=560
idvr_12=528
disposal_momentum=508
log_pending=493
growth_12_past=477
state_loo_growth_12_past=461
age_bowley_skew=426
inflow_trend_growth=426
anchor_cr_12=349
share_age_gt5y=344
vacancy_rate=255
filing_shock_z=253
state_loo_filing_shock_z=208
pretrial_share=121
log_hearing_gap=110
month_of_year=44

parameters:
[boosting: gbdt]
[objective: quantile]
[metric: quantile]
[tree_learner: serial]
[device_type: cpu]
[data_sample_strategy: bagging]
[data: ]
[valid: ]
[num_iterations: 268]
[learning_rate: 0.03]
[num_leaves: 31]
[num_threads: 0]
[seed: 20260928]
[deterministic: 1]
[force_col_wise: 0]
[force_row_wise: 1]
[histogram_pool_size: -1]
[max_depth: -1]
[min_data_in_leaf: 40]
[min_sum_hessian_in_leaf: 0.001]
[bagging_fraction: 0.8]
[pos_bagging_fraction: 1]
[neg_bagging_fraction: 1]
[bagging_freq: 1]
[bagging_seed: 8287]
[bagging_by_query: 0]
[feature_fraction: 0.8]
[feature_fraction_bynode: 1]
[feature_fraction_seed: 24490]
[extra_trees: 0]
[extra_seed: 6370]
[early_stopping_round: 0]
[early_stopping_min_delta: 0]
[first_metric_only: 0]
[max_delta_step: 0]
[lambda_l1: 0]
[lambda_l2: 1]
[linear_lambda: 0]
[min_gain_to_split: 0]
[drop_rate: 0.1]
[max_drop: 50]
[skip_drop: 0.5]
[xgboost_dart_mode: 0]
[uniform_drop: 0]
[drop_seed: 1862]
[top_rate: 0.2]
[other_rate: 0.1]
[min_data_per_group: 100]
[max_cat_threshold: 32]
[cat_l2: 10]
[cat_smooth: 10]
[max_cat_to_onehot: 4]
[top_k: 20]
[monotone_constraints: ]
[monotone_constraints_method: basic]
[monotone_penalty: 0]
[feature_contri: ]
[forcedsplits_filename: ]
[refit_decay_rate: 0.9]
[cegb_tradeoff: 1]
[cegb_penalty_split: 0]
[cegb_penalty_feature_lazy: ]
[cegb_penalty_feature_coupled: ]
[path_smooth: 0]
[interaction_constraints: ]
[verbosity: -1]
[saved_feature_importance_type: 0]
[use_quantized_grad: 0]
[num_grad_quant_bins: 4]
[quant_train_renew_leaf: 0]
[stochastic_rounding: 1]
[linear_tree: 0]
[max_bin: 255]
[max_bin_by_feature: ]
[min_data_in_bin: 3]
[bin_construct_sample_cnt: 200000]
[data_random_seed: 5112]
[is_enable_sparse: 1]
[enable_bundle: 1]
[use_missing: 1]
[zero_as_missing: 0]
[feature_pre_filter: 1]
[pre_partition: 0]
[two_round: 0]
[header: 0]
[label_column: ]
[weight_column: ]
[group_column: ]
[ignore_column: ]
[categorical_feature: ]
[forcedbins_filename: ]
[precise_float_parser: 0]
[parser_config_file: ]
[objective_seed: 23271]
[num_class: 1]
[is_unbalance: 0]
[scale_pos_weight: 1]
[sigmoid: 1]
[boost_from_average: 1]
[reg_sqrt: 0]
[alpha: 0.1]
[fair_c: 1]
[poisson_max_delta_step: 0.7]
[tweedie_variance_power: 1.5]
[lambdarank_truncation_level: 30]
[lambdarank_norm: 1]
[label_gain: ]
[lambdarank_position_bias_regularization: 0]
[eval_at: ]
[multi_error_top_k: 1]
[auc_mu_weights: ]
[num_machines: 1]
[local_listen_port: 12400]
[time_out: 120]
[machine_list_filename: ]
[machines: ]
[gpu_platform_id: -1]
[gpu_device_id: -1]
[gpu_device_id_list: ]
[gpu_use_dp: 0]
[num_gpu: 1]

end of parameters

pandas_categorical:[]
