tree
version=v4
num_class=1
num_tree_per_iteration=1
label_index=0
max_feature_idx=20
objective=quantile
feature_names=idvr_12 vacancy_rate log_hearing_gap age_bowley_skew workload_per_judge pretrial_share filing_shock_z state_loo_growth_12_past state_loo_idvr_12 state_loo_vacancy_rate state_loo_filing_shock_z log_pending growth_12_past share_age_gt5y share_criminal log_working_judges inflow_trend_growth disposal_momentum is_njdg month_of_year anchor_growth_12
feature_infos=[0:13522] [0:1] [1.9256497749926613:6.5930445341424386] [-0.51315129689565564:0.74580319231902148] [1.9766814246737425:92622.992433750434] [0:1] [-7.2528325041459354:119.40379487179489] [-0.6446209132661983:1.4921984776678323] [0:2067.1535853072119] [0:0.57692307692307687] [-3.0491301446051171:28.233355967823023] [1.3862943611198906:12.725056896997531] [-1.2292324710851736:1.7436548555513349] [0:0.63727959697732994] [0:1] [0:5.4510384535657002] [-2.8332133440562162:2.6761749925717613] [-3.7054087560651467:8.3202045975788792] none [1:12] [-1.2292324710851736:1.7436548555513349]
tree_sizes=2835 2938 2942 2933 2955 2946 2943 2952 2928 2960 2947 2948 2970 2950 2941 2953 2954 2943 2951 2966 2955 2966 2941 2926 2952 2950 2943 2950 2960 2938 2956 2950 2961 2970 2948 2956 2952 2935 2959 2983 2939 2962 2951 2957 2946 2964 2971 2971 2955 2968 2963 2982 2970 2976 2951 2949 2959 2979 2977 2964 2981 2958 2967 2988 2975 2954 2951 2958 2976 2974 2965 2973 2969 2985 2964 2973 2991 2984 2999 2976 2980 2977 2979 2977 2993 2955 2966 2989 2973 3011 2978 3001 3000 2972 2982 2964 2974 2973 2976 2957 2995 2969 2988 2981 2980 2987 2970 2972 2951 2977 2968 2974 2981 2978 2946 2966 2995 2999 2974 2985 2960 2965 2985 2976 2989 2963 2965 2980 2966 2960 2963 2962 2983 2978 2990 3000 2979 2964 2957 2971 2949 2976 3011 2993 2966 2977 2970 2982 2982 2991 2962 2961 2973 2951 2958 2950 2969 2965 2976 2958 2973 2987 2970 2984 2976 2943 2960 2950 2976 2973 2947 2981 3010 2954 2973 2965 2946 2979 2964 2975 2968 2948 2976 2979 2937 2991 2966 2994 2935 2968 2929 2946 2974 2961 2964 2969 2932 2978 2949 2944 2961 2980 2988 2971 2968

Tree=0
num_leaves=31
num_cat=0
split_feature=12 3 12 12 0 3 12 17 9 7 3 9 9 11 3 3 9 17 17 11 17 16 17 1 13 14 9 12 6 13
split_gain=451.064 100.811 54.1569 36.8952 36.5605 30.1257 24.4144 17.8397 17.1859 12.0181 10.1149 9.75737 10.2634 9.4858 8.78098 6.72605 6.29775 6.18955 6.09184 5.935 5.81555 5.73871 5.105 5.01828 4.85219 4.99726 4.58617 4.46704 4.36696 4.35427
threshold=0.34074899747745052 0.15959030151822734 0.22088884444102821 0.43280784471886152 19.010204081632654 0.34906309009026854 0.43933451072651636 0.95497662265565875 0.077981871193902694 0.18938145111345303 0.14991808772562804 0.0077047515488007966 0.1288291386743321 9.363747914926563 0.3310841869620007 0.37307780696417758 0.076740255389607812 0.22411668120227565 0.67449916606354521 9.363747914926563 0.094438980028720074 0.48004545835128171 -0.24675793088424913 0.02105496453900713 0.036434839990835848 0.27619479382246931 1.0000000180025095e-35 0.45382974989356978 0.41494678860141637 1.0000000180025095e-35
decision_type=2 2 2 2 8 2 2 10 8 10 2 10 10 2 2 2 8 8 10 2 8 10 8 8 2 2 8 2 2 2
left_child=2 4 19 8 6 10 11 14 15 24 26 -2 -13 -8 16 -3 28 -10 -17 -1 -16 22 -12 -23 -7 -26 -4 -6 -5 -22
right_child=1 3 5 7 27 9 13 -9 17 -11 21 12 -14 -15 20 18 -18 -19 -20 -21 29 23 -24 -25 25 -27 -28 -29 -30 -31
leaf_value=-0.2092914009124551 -0.21458207218403658 -0.21395122013579282 -0.21797656251320693 -0.2346227932042306 -0.20956651724498945 -0.21678457748549557 -0.24814898262634305 -0.22514930318505705 -0.21648745426530999 -0.2134836132199007 -0.2139495912178099 -0.21241451882041201 -0.21490102675734377 -0.2143897668224142 -0.21983259322401544 -0.21683816182269955 -0.21743440484762191 -0.21757512549626162 -0.21682977362481015 -0.20823872089447182 -0.22116765719616246 -0.21656616790714667 -0.21163558311635788 -0.21219341359091762 -0.21570338290003011 -0.21051279951445404 -0.21034086247033429 -0.21254994587485201 -0.2152925490918623 -0.23270107586272548
leaf_weight=5248 113 541 78 42 516 178 104 450 62 546 60 617 42 132 74 164 93 166 76 14532 273 78 1716 95 70 48 2816 344 246 107
leaf_count=5248 113 541 78 42 516 178 104 450 62 546 60 617 42 132 74 164 93 166 76 14532 273 78 1716 95 70 48 2816 344 246 107
internal_value=-0.211068 -0.220223 -0.209571 -0.224435 -0.215045 -0.212151 -0.218919 -0.227808 -0.220126 -0.217385 -0.21124 -0.216325 -0.214916 -0.227347 -0.225179 -0.217995 -0.221766 -0.227364 -0.222172 -0.208829 -0.228012 -0.212911 -0.2124 -0.218111 -0.222245 -0.217447 -0.210115 -0.210501 -0.219523 -0.229519
internal_weight=29627 4162 25465 2294 1868 5685 1008 1285 1009 842 4843 772 659 236 835 781 381 228 240 19780 454 1949 1776 173 296 118 2894 860 288 380
internal_count=29627 4162 25465 2294 1868 5685 1008 1285 1009 842 4843 772 659 236 835 781 381 228 240 19780 454 1949 1776 173 296 118 2894 860 288 380
is_linear=0
shrinkage=1


Tree=1
num_leaves=31
num_cat=0
split_feature=12 3 12 3 12 3 17 7 3 0 10 0 7 17 17 12 11 0 3 16 3 8 17 0 11 0 17 8 17 15
split_gain=430.562 97.657 51.4615 33.5962 27.103 26.6154 21.6257 18.2653 15.0895 12.6125 10.2396 8.80877 8.50133 11.9124 8.03329 7.0111 6.61152 7.46846 6.58432 6.36728 6.13788 5.75754 5.52581 10.6396 6.02972 5.09854 4.94268 5.64437 4.77039 4.64776
threshold=0.3370370880398173 0.12416642809047261 0.20570661485140021 1.0000000180025095e-35 0.42637528195719471 0.28773379227399071 0.85286345730714108 0.29246070693677256 0.3142033468412247 95.446153846153848 1.2682294043515501 95.446153846153848 0.30510516127582815 1.016278417560202 0.10394441487999063 0.28257079903430699 6.7940263567282555 0.99838914646281995 0.16831035361380184 0.43207196020569866 0.14991808772562804 41.288847878059521 0.37703582254233931 4.1180246264091247 10.122422258269522 1.9580465084774761 0.69322481428419114 41.288847878059521 2.2023554142283888 2.6735537653587347
decision_type=2 2 2 2 2 2 10 10 2 8 10 8 10 8 8 2 2 10 2 10 2 10 8 8 2 10 8 10 10 10
left_child=2 3 16 -2 7 20 8 22 11 10 -5 26 13 15 -10 -7 17 -1 -8 -9 -4 -16 24 -24 -3 -21 27 -6 -22 -12
right_child=1 4 5 9 6 12 18 19 14 -11 29 -13 -14 -15 21 -17 -18 -19 -20 25 28 -23 23 -25 -26 -27 -28 -29 -30 -31
leaf_value=0.00333075465031099 -0.037484326053129839 -0.0075598121464696653 0.00072950774741356854 -0.0007745826587789678 -0.0028418298858204931 -0.0014620765208091821 -0.0032825274766376581 -0.00207963210460127 -0.0049866912261699011 0.0013450191577588984 -0.0019808419087770902 -0.0016970265284168454 4.8111344352465224e-05 -0.0061263611903904173 -0.016636054083891877 -0.0035750475993892635 0.0027469929627294398 -0.0066207995294615216 -0.013918649125221652 -0.0051409782428929801 -0.00040738848760393462 -0.0074833595541987305 -0.0058246831128914043 -0.00086680286609073121 -0.0023087045620383824 -0.0030358767373388404 -0.006544289570357748 0.00048393110161818874 -0.0040301263905295551 -0.00051616816207492814
leaf_weight=392 70 127 3395 463 126 684 121 525 87 607 288 191 315 93 306 316 18051 277 456 56 1767 100 300 53 85 65 91 43 91 85
leaf_count=392 70 127 3395 463 126 684 121 525 87 607 288 191 315 93 306 316 18051 277 456 56 1767 100 300 53 85 65 91 43 91 85
internal_value=5.63001e-05 -0.00878592 0.00153546 -0.00266909 -0.0121712 -0.00072906 -0.0148403 -0.00880941 -0.012019 -0.00167659 -0.00406452 -0.00802434 -0.00439035 -0.00564077 -0.0156498 -0.00467532 0.00234122 -0.000586567 -0.0194273 -0.00535085 0.00025295 -0.0174251 -0.0127473 -0.0150593 -0.00884507 -0.0115328 -0.0116092 -0.00848823 -0.00113287 -0.00775668
internal_weight=29626 4245 25381 1513 2732 6661 1521 1211 944 1443 836 451 1408 1093 493 1000 18720 669 577 646 5253 406 565 353 212 121 260 169 1858 373
internal_count=29626 4245 25381 1513 2732 6661 1521 1211 944 1443 836 451 1408 1093 493 1000 18720 669 577 646 5253 406 565 353 212 121 260 169 1858 373
is_linear=0
shrinkage=0.03


Tree=2
num_leaves=31
num_cat=0
split_feature=20 20 0 20 9 0 20 0 20 0 16 6 14 17 14 15 11 13 14 13 0 15 7 14 0 9 17 16 0 17
split_gain=406.273 74.3074 66.159 48.4441 28.5196 27.4509 17.7048 17.6353 14.332 10.4034 8.52585 8.51844 8.06521 7.76215 7.56347 7.09607 6.72736 5.90467 5.88011 5.77895 5.68049 5.61774 5.37001 5.58042 5.15184 6.62763 5.79021 5.05746 5.0378 6.01127
threshold=0.3370370880398173 0.50450322386821445 19.010204081632654 0.22088884444102821 0.077981871193902694 46.498798076923087 0.4194043292224246 1.2908136697262564 0.87178055766621132 1.6885369640595416 0.48004545835128171 3.4251796252517295 0.7382866508467425 0.0076623721585133454 0.17386590917074782 2.8029010331479989 7.0089570573954596 0.068284042834187042 0.61542773376816251 0.011703958488188884 1.7884722702726024 1.8688348091416842 0.29515070149987049 0.48855055776476641 2.2666072860717121 0.027491964520503485 2.6844859018881082 0.28676673367798672 0.98876253849678197 1.2813147250534518
decision_type=2 2 8 2 8 8 2 8 2 10 10 2 2 8 2 8 2 2 2 2 8 10 10 2 10 10 8 10 10 10
left_child=3 2 4 16 6 13 9 -5 19 -2 11 -9 22 -3 27 18 28 -11 -12 21 -13 -7 -6 -24 -16 26 -26 -8 -1 -30
right_child=1 5 -4 7 12 8 14 10 -10 17 15 20 -14 -15 24 -17 -18 -19 -20 -21 -22 -23 23 -25 25 -27 -28 -29 29 -31
leaf_value=0.002976430534789258 -0.0077530007599349322 -0.0035894483568605618 0.00084150176045508229 -0.0048070353747473003 -0.0060186830315728653 -0.0010012297979447441 -0.003780394894698634 7.6034010546867928e-05 -0.026909858281710268 -0.0017483219728692025 -0.0039651273189321703 -0.0039899322510918069 -0.0072066438586159765 -0.018747214686734924 -0.0099811274275637824 -0.00035914264694241773 0.0025257888796259009 -0.010225067667486331 -0.0071921311145346995 -0.0085981412011954372 -0.00076355618439300638 -0.0046686094644588731 -0.0014661123824604705 -0.0026243178807219105 -0.0013973038428970945 -0.0021329610076237645 -0.0043351033798393751 -0.0050224490626682846 -0.0025530998060068798 -0.0097273800643709451
leaf_weight=387 112 61 789 231 300 206 145 4553 75 1180 149 183 53 514 79 213 18961 52 48 44 250 47 92 95 119 164 73 112 357 59
leaf_count=387 112 61 789 231 300 206 145 4553 75 1180 149 183 53 514 79 213 18961 52 48 44 250 47 92 95 119 164 73 112 357 59
internal_value=6.99907e-05 -0.00844285 -0.00635027 0.00151595 -0.00867753 -0.0158639 -0.00704566 -0.000939765 -0.00947453 -0.00503197 -0.00059144 -0.000249047 -0.0148059 -0.019974 -0.0109437 -0.00474453 0.00221513 -0.00422871 -0.00883333 -0.00647315 -0.00426498 -0.00468898 -0.013543 -0.00946277 -0.00849771 -0.00692437 -0.0106943 -0.0150349 -0.00047388 -0.00276259
internal_weight=29703 4312 3365 25391 2576 947 2036 5627 372 1344 5396 4986 540 575 692 410 19764 1232 197 297 433 253 487 187 435 356 192 257 803 416
internal_count=29703 4312 3365 25391 2576 947 2036 5627 372 1344 5396 4986 540 575 692 410 19764 1232 197 297 433 253 487 187 435 356 192 257 803 416
is_linear=0
shrinkage=0.03


Tree=3
num_leaves=31
num_cat=0
split_feature=12 3 12 3 3 12 0 17 7 12 6 8 17 12 0 3 0 16 11 7 11 17 7 14 11 0 16 8 3 4
split_gain=346.742 72.822 47.6568 32.3851 28.5379 27.3389 21.7277 21.4864 15.9886 12.0717 11.4125 10.6116 8.65538 7.38962 8.0349 6.50012 5.94342 5.71989 5.70263 6.15117 5.63349 5.45191 5.33218 5.04204 4.97196 4.64624 4.52675 4.7669 4.23844 4.22774
threshold=0.3370370880398173 0.16074746281943114 0.20273119926288266 1.0000000180025095e-35 0.28447862667358442 0.43933451072651636 19.010204081632654 2.2023554142283888 0.29515070149987049 0.42637528195719471 3.4251796252517295 39.83028596426638 0.47138634362253212 0.53148572562937491 28.257575757575761 0.15959030151822734 3.2569134638102266 0.4700752163315477 8.3514926729572014 0.30209557871712478 7.0089570573954596 1.0379166167518183 0.17779852554583694 0.43443889032734823 7.220738932709593 1.9580465084774761 0.20307983023484502 2.1392247970070271 0.44779719063506851 628.22056498894733
decision_type=2 2 2 2 2 2 8 10 10 2 2 10 8 2 8 2 8 10 2 10 2 10 8 2 2 10 8 10 2 10
left_child=2 3 20 -2 15 8 9 11 12 -5 18 13 26 28 -15 -4 -14 -10 22 21 -1 -20 -6 -16 -13 -19 -3 -28 -7 -11
right_child=1 5 4 6 10 7 -8 -9 17 29 -12 24 16 14 23 -17 -18 25 19 -21 -22 -23 -24 -25 -26 -27 27 -29 -30 -31
leaf_value=-0.00063755043819618351 -0.035328666299994683 -0.0063794160414537247 0.00080536919134471948 -0.0013389020728376338 -0.0060192749465983004 -0.0043895969691323247 0.00053568816157276784 -0.013445234521729636 -0.0016323939083902135 -0.0046516533805783253 -0.0049343039680884368 -9.9022672890800169e-05 -0.0054725739997003482 -0.017665328386237279 -0.015291672152921602 -0.00058758118940980208 -0.0030591402539624419 -0.0044440488531053268 -0.0013863947351596922 0.0013147356409233142 0.0026285075932983809 -0.0039611283070017699 -0.0038961710582684555 -0.0084747967438148636 -0.0064909115870534963 -0.003134305236821983 2.2989425574556674e-05 -0.0086666766668046808 -0.012273096256378896 -0.0029156783010817998
leaf_weight=782 68 115 3743 758 61 327 859 244 493 42 175 71 243 161 124 1697 49 51 731 225 17727 55 212 52 191 49 93 55 40 200
leaf_count=782 68 115 3743 758 61 327 859 244 493 42 175 71 243 161 124 1697 49 51 731 225 17727 55 212 52 191 49 93 55 40 200
internal_value=0.000183168 -0.00770999 0.00151458 -0.00338122 -0.000613478 -0.0112446 -0.00263064 -0.0143931 -0.00791645 -0.00563437 -0.00433767 -0.0123599 -0.0115737 -0.0142809 -0.0175118 0.000385959 -0.0151331 -0.0044798 -0.00335253 -0.00230929 0.00230778 -0.00356036 -0.00719343 -0.0129492 -0.0071635 -0.0109901 -0.00757955 -0.00406711 -0.0112745 -0.0114568
internal_weight=29693 4285 25408 1927 6899 2358 1859 1210 1148 1000 1459 966 555 704 337 5440 292 593 1284 1011 18509 786 273 176 262 100 263 148 367 242
internal_count=29693 4285 25408 1927 6899 2358 1859 1210 1148 1000 1459 966 555 704 337 5440 292 593 1284 1011 18509 786 273 176 262 100 263 148 367 242
is_linear=0
shrinkage=0.03


Tree=4
num_leaves=31
num_cat=0
split_feature=20 3 20 3 3 20 17 3 3 7 17 17 3 9 9 14 20 7 14 17 8 20 11 1 11 7 3 17 8 17
split_gain=343.87 74.8102 45.3367 31.5609 24.9942 21.2346 20.1906 13.2784 12.1728 11.4706 9.04306 8.27331 8.21259 7.82123 6.93885 6.64579 6.58343 8.66911 6.26854 6.20506 5.86603 5.85078 5.65835 5.2583 5.08888 4.54519 4.39721 3.92131 4.19141 3.82654
threshold=0.3370370880398173 0.15087204184136657 0.20273119926288266 1.0000000180025095e-35 0.28447862667358442 0.39313478494327475 2.2023554142283888 0.37307780696417758 0.095935004636949053 0.29246070693677256 2.2023554142283888 0.12410297935388756 0.43126957847026176 0.043303452353042816 0.077106498747850111 0.78535378506228148 0.26766949557337943 0.28454767529034125 0.051081968121981729 0.88450691636266909 1.1243118488004138 0.68573256071017152 7.0089570573954596 0.047516420361247987 10.590214164976613 0.29051099572356998 0.093913000487728229 1.1754304930656578 1.4069728674454827 1.0379166167518183
decision_type=2 2 2 2 2 2 10 2 2 10 10 8 2 10 10 2 2 10 2 8 10 2 2 10 2 10 2 10 10 8
left_child=2 3 22 -2 15 9 7 14 24 13 23 -9 16 -3 21 20 29 19 -13 -18 -4 -7 27 -10 -5 -16 -22 -1 -29 -6
right_child=1 5 4 8 12 6 -8 11 10 -11 -12 18 -14 -15 25 -17 17 -19 -20 -21 26 -23 -24 -25 -26 -27 -28 28 -30 -31
leaf_value=0.0012668838864066333 -0.034215562673116484 -0.0034149619063988564 -0.0042683523475674466 0.00012225169925183534 0.00035811501352910475 -0.0036821550602539016 -0.011853303030764933 -0.007656582213501021 -0.0011228253689133457 -0.001592910695695234 -0.0029768487978335217 -0.0071615608760360657 -0.0038531570764307873 -0.0049839116953337313 -0.0055033478375268036 -0.0040804822568802478 -0.0027525857017384999 -0.0001712237946284267 -0.012862779185099338 -0.0067704003924499434 0.0011445280700359628 -0.024034896261854087 0.0025511727398186777 -0.0045974112296930563 -0.0016049928125694223 -0.0033589038092359997 -5.2424520471859857e-05 -0.00015696074003185715 -0.0093438490417838554 -0.0051954916446097944
leaf_weight=679 69 179 74 1048 482 643 314 96 430 386 167 65 360 211 103 63 299 210 381 40 2102 41 17752 41 53 75 3145 53 40 68
leaf_count=679 69 179 74 1048 482 643 314 96 430 386 167 65 360 211 103 63 299 210 381 40 2102 41 17752 41 53 75 3145 53 40 68
internal_value=0.000187968 -0.00765373 0.00151809 -0.00300497 -0.000568527 -0.0110212 -0.0128831 -0.0113295 -0.00220862 -0.00688803 -0.00550235 -0.0150166 -0.00405 -0.0105115 -0.00899652 0.000375488 -0.00275727 -0.00507818 -0.0167383 -0.00803824 0.000490981 -0.00760292 0.00228891 -0.00336229 -0.000296733 -0.0142793 0.000609947 -0.000225097 -0.00596808 -0.000435572
internal_weight=29669 4302 25367 1808 6843 2494 1718 1404 1739 776 638 542 1459 390 862 5384 1099 549 446 339 5321 684 18524 471 1101 178 5247 772 93 550
internal_count=29669 4302 25367 1808 6843 2494 1718 1404 1739 776 638 542 1459 390 862 5384 1099 549 446 339 5321 684 18524 471 1101 178 5247 772 93 550
is_linear=0
shrinkage=0.03


Tree=5
num_leaves=31
num_cat=0
split_feature=12 3 12 12 12 17 3 8 3 7 9 17 4 9 16 17 4 12 12 4 8 3 9 14 16 6 4 14 14 3
split_gain=317.495 77.2307 30.2316 29.1587 28.2496 17.5169 17.4765 14.7627 12.8162 11.8402 12.914 10.9858 8.75888 11.5697 8.50417 8.39409 8.36744 7.82009 7.38581 7.24991 6.77214 6.29545 6.84674 7.80518 5.74779 5.18431 5.03708 4.76411 4.23188 4.14703
threshold=0.31131411342633314 0.15959030151822734 0.37402845508090682 0.20273119926288266 0.57831614195639125 1.8891299673879465 0.3847827959042634 41.288847878059521 0.095935004636949053 0.29515070149987049 0.04028863871035341 2.2023554142283888 1051.3320139708605 0.066914569084974687 0.84609131008423255 -0.054963140089346364 261.08480006956489 0.44597106803328584 0.61289412774866447 5219.4247356016449 2.3349157259609017 0.14794087259164393 0.088761028749842805 0.18174998340314583 0.37513288441792964 4.4171422839506187 208.58523741523098 0.65390239877165712 0.41987701996457805 0.3142033468412247
decision_type=2 2 2 2 2 10 2 10 2 8 8 10 8 8 8 8 8 2 2 8 10 2 8 2 10 2 10 2 2 2
left_child=3 4 9 26 8 7 21 12 16 10 -3 -10 15 18 -15 -4 -2 -7 20 -13 -14 -5 -23 -24 -12 -8 -1 -25 -9 -30
right_child=1 2 5 6 -6 17 25 28 11 -11 24 19 13 14 -16 -17 -18 -19 -20 -21 -22 22 23 27 -26 -27 -28 -29 29 -31
leaf_value=0.00045947209994962669 -0.015466238210200883 -0.0019314305883542655 -0.003945748516012728 0.00097475944384757811 -0.033550992325124054 -0.0048568805414671108 -0.0025897678023806599 -0.0023018931682891237 -0.0012379491218535148 -0.00090350052120054052 -0.0036824091182900555 -0.0021263803553399816 -0.0016371785513184867 -0.0096031261776069864 -0.0019249269474392954 -0.010201178730606358 1.7443961343557957e-05 -0.012888785616479903 -0.020017918043542058 -0.0041920180771758799 -0.0040198549385234029 0.00017089689959183703 -0.0030811053756419834 -0.00029994669034208205 -0.0056513907209974302 -0.0049839264085564982 0.0024909150234932267 -0.0050644457320873359 -0.0010335960959192089 -0.0074079632660169958
leaf_weight=1176 50 245 65 2969 43 105 568 244 652 421 226 203 217 180 41 359 1436 263 57 47 221 1695 131 419 72 45 17223 62 49 46
leaf_count=1176 50 245 65 2969 43 105 568 244 652 421 226 203 217 180 41 359 1436 263 57 47 221 1695 131 419 72 45 17223 62 49 46
internal_value=0.000213335 -0.00648178 -0.00986735 0.00165853 -0.00256456 -0.0121153 -0.000178777 -0.0106439 -0.00212474 -0.00555233 -0.0084761 -0.00494352 -0.0122787 -0.0102259 -0.0159324 -0.0157129 -0.000411567 -0.0179837 -0.00765121 -0.0102789 -0.00630068 0.000378624 -0.000796794 -0.00351387 -0.0126622 -0.00496906 0.00224658 -0.00173651 -0.00512647 -0.0104687
internal_weight=29530 5242 2811 24288 2431 1847 5889 1479 2388 964 543 902 1140 716 221 424 1486 368 495 250 438 5276 2307 612 298 613 18399 481 339 95
internal_count=29530 5242 2811 24288 2431 1847 5889 1479 2388 964 543 902 1140 716 221 424 1486 368 495 250 438 5276 2307 612 298 613 18399 481 339 95
is_linear=0
shrinkage=0.03


Tree=6
num_leaves=31
num_cat=0
split_feature=12 12 0 12 12 9 8 8 9 0 17 8 0 17 7 8 12 9 12 16 16 6 15 15 9 0 14 11 1 16
split_gain=291.292 61.6283 55.901 32.4282 29.1476 18.8047 13.3495 12.9131 12.6331 12.3066 12.1864 10.568 10.1792 9.95019 8.58828 7.8775 7.47591 7.29007 6.88024 6.10596 5.43519 6.44805 5.38535 5.33889 5.95937 5.10318 5.06346 4.75417 4.60584 4.47075
threshold=0.31131411342633314 0.5517502486709237 19.010204081632654 0.40914387830223214 0.19361382692772902 0.079726801390994043 2.1392247970070271 1.290429125620993 0.079726801390994043 28.257575757575761 2.5113171736250868 19.509768573083758 2.0354927882458127 0.19848113544608606 0.20163145869205473 200.80044879773894 0.87178055766621132 0.00993081662489558 0.27009726549181595 0.26373885680074727 0.46225276319899278 3.4251796252517295 2.4414009612931857 1.8688348091416842 0.10118547794852328 1.9580465084774761 0.26653321768510091 9.363747914926563 0.20112359550561801 0.28377079566185931
decision_type=2 2 8 2 2 8 8 10 8 8 8 10 10 8 10 10 2 10 2 10 10 2 8 10 10 10 2 2 8 10
left_child=4 2 3 5 27 14 23 18 10 13 12 16 -5 -3 25 17 28 -12 -6 -16 21 -9 -22 -7 -25 -2 -19 -1 -11 -10
right_child=1 9 -4 8 7 6 -8 20 29 11 15 -13 -14 -15 19 -17 -18 26 -20 -21 22 -23 -24 24 -26 -27 -28 -29 -30 -31
leaf_value=0.0016426206744371494 -0.0090669162204660009 -0.0089296967756506054 0.00059084932169241799 -0.0098728445617433502 -0.0011848781547395464 -0.0043165372371344558 -0.0013940207929649699 0.00068759768393949778 -0.0051453373938501242 -0.0075877543588043156 -0.0044946831140399764 -0.0026992810089695274 -0.0025295850124242535 -0.024684641983182706 -0.00069877305113616862 -0.00085766228680333491 -0.026027981743331832 -0.0035973823320798685 -0.0048631229391539492 -0.0019054540256408985 -0.0057379472311703131 -0.0017144279180241618 -7.1589718443030486e-05 -0.0040152032629181189 -0.0027457267899909346 -0.0024039126462440485 -0.003284912709096048 0.0026745836588115183 -0.0047891276696025989 -0.006340913624651911
leaf_weight=4723 99 41 1075 118 629 68 227 5035 115 52 96 103 570 264 1019 55 58 126 128 598 187 433 299 62 104 143 57 13203 56 120
leaf_count=4723 99 41 1075 118 629 68 227 5035 115 52 96 103 570 264 1019 55 58 126 128 598 187 433 299 62 104 143 57 13203 56 120
internal_value=0.000277558 -0.00615496 -0.00500838 -0.00681079 0.00164222 -0.00470487 -0.0101234 -4.4249e-05 -0.0106908 -0.0154226 -0.00923167 -0.0106778 -0.00693178 -0.0195588 -0.00335645 -0.0139343 -0.0153413 -0.015975 -0.00373219 -0.00256428 0.000425189 0.000695557 -0.00261191 -0.0151404 -0.0121078 -0.00861728 -0.0123424 0.00227355 -0.0105138 -0.0169703
internal_weight=29863 5226 4652 3577 24637 2320 461 6711 1257 574 1022 269 688 305 1859 334 166 279 757 1617 5954 5468 486 234 166 242 183 17926 108 235
internal_count=29863 5226 4652 3577 24637 2320 461 6711 1257 574 1022 269 688 305 1859 334 166 279 757 1617 5954 5468 486 234 166 242 183 17926 108 235
is_linear=0
shrinkage=0.03


Tree=7
num_leaves=31
num_cat=0
split_feature=12 3 12 3 12 9 3 0 9 0 17 17 12 15 17 7 9 15 7 7 12 8 16 7 12 4 3 3 15 17
split_gain=258.469 60.7167 32.9044 26.3978 21.9317 22.1988 19.016 13.8841 14.0011 13.4674 13.2396 7.9224 7.38797 7.91469 7.31877 6.85628 5.78278 5.73075 5.59023 5.56061 5.10291 5.08863 4.98723 6.20334 4.88416 4.36171 4.28683 4.11463 4.0945 4.08331
threshold=0.32131315454549997 0.15087204184136657 0.20273119926288266 1.0000000180025095e-35 0.48560406362632996 0.079726801390994043 0.28447862667358442 95.446153846153848 0.0077047515488007966 46.498798076923087 0.68398548854444885 0.27228879039789983 0.87178055766621132 1.7005986908310777 2.0950339193447265 0.16635242686804819 0.089402547368863647 2.1383330595080281 0.44855937861359568 0.37577362789353869 0.68573256071017152 1.2802046093530655 0.31545539486290658 0.19525097520551291 0.27987130111361497 1433.3186437413715 0.10767367368905073 0.19796723931904681 2.249904835165133 1.016278417560202
decision_type=2 2 2 2 2 8 2 8 10 8 8 8 2 10 8 10 10 10 10 10 2 10 10 10 2 10 2 2 8 8
left_child=2 3 17 -2 5 22 21 8 14 10 19 -7 13 -11 -5 24 -10 -1 -16 -6 -12 28 23 -3 -8 29 -23 -25 -4 -17
right_child=1 4 6 7 9 11 15 -9 16 12 20 -13 -14 -15 18 25 -18 -19 -20 -21 -22 26 -24 27 -26 -27 -28 -29 -30 -31
leaf_value=0.0013877256931040384 -0.0312937780600882 -0.0098201770376665568 -0.0052923762513553034 -0.00081509480067741568 -0.0057766999105763163 -0.0039129844773681368 -0.0027465329615457179 0.0010448792404613954 -0.00069457925655773422 -0.0023628969622387628 -0.0080823624575392002 -0.0052765447237602455 -0.021182341850162295 -0.0082762342850133189 -0.0032481525888288874 -0.0018473716054312622 -0.0016844647362063224 0.0023727397207616127 -0.002654709802898907 -0.0033846378882923744 -0.022317907154730064 0.0011604557625905011 -0.0039167027442009927 -0.0026334639057275871 -0.0043923937048088229 0.00056180952563224533 -5.6132193427360077e-05 -0.00094180237081301847 -0.00073313361573920785 -0.0058655141869671757
leaf_weight=2965 77 80 57 72 161 112 300 752 1023 202 321 300 53 43 89 521 75 15559 46 42 79 2204 528 176 84 323 2501 640 224 84
leaf_count=2965 77 80 57 72 161 112 300 752 1023 202 321 300 53 43 89 521 75 15559 46 42 79 2204 528 176 84 323 2501 640 224 84
internal_value=0.000308446 -0.00600924 0.0015484 -0.00221452 -0.00896603 -0.00707784 -0.000324813 -0.00156414 -0.00343415 -0.0128016 -0.0153824 -0.0132058 -0.00754515 -0.00530488 -0.0105721 -0.00353694 -0.00208007 0.00218526 -0.0146691 -0.00907353 -0.0185536 0.000520955 -0.00529684 -0.00392642 -0.0069039 -0.00213778 0.000755419 -0.00313586 -0.00339362 -0.00363861
internal_weight=29693 4871 24822 2134 2737 1836 6298 2057 1305 901 603 412 298 245 207 1312 1098 18524 135 203 400 4986 1424 896 384 928 4705 816 281 605
internal_count=29693 4871 24822 2134 2737 1836 6298 2057 1305 901 603 412 298 245 207 1312 1098 18524 135 203 400 4986 1424 896 384 928 4705 816 281 605
is_linear=0
shrinkage=0.03


Tree=8
num_leaves=31
num_cat=0
split_feature=20 20 0 20 9 7 20 20 0 17 9 0 14 15 9 7 0 16 7 17 11 11 20 0 0 15 4 17 6 15
split_gain=250.204 66.237 41.2225 38.2027 18.3326 16.8581 13.8834 8.96539 8.55062 8.38878 13.5769 10.963 8.12707 10.1647 8.13456 7.8416 7.40255 6.762 6.56056 6.40587 6.32959 6.00467 5.51374 5.20982 5.09517 6.2963 5.02339 5.3446 4.51396 4.43838
threshold=0.27722841835267437 0.5517502486709237 95.446153846153848 0.38339348173416005 0.079726801390994043 0.16950759355425976 0.16551808473051824 0.68573256071017152 2.6049838734176016 2.5113171736250868 0.0077047515488007966 2.2986563951781323 0.60099052275563392 2.249904835165133 0.1414382842321566 0.038720072312170818 199.92105263157899 0.29212164061664897 0.44855937861359568 1.4850325121970982 9.2853086871375385 7.0089570573954596 0.468715174943311 7.2265881862505212 1.8159274064938657 2.4414009612931857 169.0842070809621 1.7201381195487364 4.9482604761904776 2.602003343538398
decision_type=2 2 8 2 8 10 2 2 8 8 10 10 2 10 10 10 8 10 10 8 2 2 2 10 10 10 10 8 2 8
left_child=6 2 3 5 9 24 -1 8 -3 11 18 29 21 14 -14 -8 -9 19 -11 -6 -17 -7 23 -12 -2 -26 -10 -28 -23 -5
right_child=1 7 -4 4 17 12 15 16 26 10 22 -13 13 -15 -16 20 -18 -19 -20 -21 -22 28 -24 -25 25 -27 27 -29 -30 -31
leaf_value=0.0025290944299092358 -0.0055288880954154785 -0.017569287787907308 0.0012018406950894652 -0.0090134834609210852 -0.0041082168536528485 -0.0082906257411318584 -0.0039410950152993385 -0.030149043815571715 -0.0055360166842386279 -0.0045043104979815684 -0.0031589535744142713 -0.0016972165292986547 -0.0042393207551804203 -0.00026403217809437896 -0.0015551460140214033 -0.00076108763352582276 -0.021888808993828734 -0.0058686468303036469 -0.0025381789316607215 2.3370043488782631e-05 0.00093996433360073032 -0.0006581953517474043 -0.0039122913616099972 -0.00028340062456442834 -0.0059057534503693509 -0.00016400479572454115 -0.0031847288659613928 -0.0048846515998715824 -0.0027055042200857908 -0.0012833652423195612
leaf_weight=15372 177 61 968 175 164 52 113 115 100 98 104 703 62 117 44 1856 102 156 47 40 5706 2523 119 153 54 97 84 100 76 104
leaf_count=15372 177 61 968 175 164 52 113 115 100 98 104 703 62 117 44 1856 102 156 47 40 5706 2523 119 153 54 97 84 100 76 104
internal_value=0.000351382 -0.00480064 -0.0038815 -0.00496546 -0.00838036 -0.00297658 0.0018258 -0.014643 -0.0115751 -0.00691556 -0.00999425 -0.00527365 -0.0022393 -0.00772768 -0.0144112 0.000783611 -0.019445 -0.0144598 -0.017774 -0.0107707 0.00090123 -0.00177489 -0.00695491 -0.00445349 -0.00941033 -0.00530921 -0.00932632 -0.0122595 -0.00157038 -0.0102964
internal_weight=29642 6595 6033 5065 1863 3202 23047 562 345 1503 521 982 2874 223 106 7675 217 360 145 204 7562 2651 376 257 328 151 284 184 2599 279
internal_count=29642 6595 6033 5065 1863 3202 23047 562 345 1503 521 982 2874 223 106 7675 217 360 145 204 7562 2651 376 257 328 151 284 184 2599 279
is_linear=0
shrinkage=0.03


Tree=9
num_leaves=31
num_cat=0
split_feature=12 12 3 12 3 9 17 16 8 15 3 15 8 4 9 3 17 8 9 17 9 9 7 17 17 1 17 3 15 9
split_gain=231.55 51.9421 41.803 37.3681 17.9028 17.7369 14.1174 9.52714 8.92383 8.17478 7.07853 6.25186 5.93977 5.85526 5.80646 5.31516 5.09195 7.87202 5.332 5.09118 7.12294 7.57727 4.99145 5.32443 4.86604 4.81703 4.68782 4.38598 4.36949 4.11323
threshold=0.3370370880398173 0.61289412774866447 0.11290947781409134 0.21538743659014695 0.30643823385632335 0.079726801390994043 1.1149600386466054 0.3000044865180056 41.288847878059521 1.2424533248940004 0.38869063671401183 2.249904835165133 2.1392247970070271 836.96424182291742 1.0000000180025095e-35 0.10938038207711569 0.43213178357989657 41.288847878059521 0.054235805098685426 0.087555479966685931 0.0077047515488007966 0.087392727225763439 0.18938145111345303 0.91741527588116323 1.3628380363330179 0.025158227848101292 2.5113171736250868 0.43713272138305059 1.4978661367769956 0.0025046752417442089
decision_type=2 2 2 2 2 8 10 10 10 10 2 10 10 8 10 2 10 10 10 10 10 10 10 10 10 10 10 2 8 10
left_child=3 2 19 11 15 6 8 12 13 26 -11 -1 28 25 -15 -5 17 18 -3 -2 29 -22 23 -6 -17 -4 -8 -16 -7 -21
right_child=1 16 5 4 22 7 9 -9 -10 10 -12 -13 -14 14 27 24 -18 -19 -20 20 21 -23 -24 -25 -26 -27 -28 -29 -30 -31
leaf_value=0.001311589604861373 0.00097951337480609046 -0.020008010555134254 -0.0073713008988708075 0.00083149408200054568 -0.0033793404961983018 -0.0050375689906474478 -0.003929198468355888 -0.0055709197215917279 -0.00029321532630405587 -0.0025548530891090389 -0.013321585537069853 0.0021900729736399997 -0.00086689718334447311 0.00083492469697326146 -0.0021922704770550271 -0.00018351061884427203 -0.024787058683555605 -0.0046475533556687276 -0.023367468951639065 -0.0031799592215320549 -6.5344753416597627e-05 -0.0014698732485469361 -0.0016765631076485683 -0.0077838639103634455 -0.001988048223433095 -0.0013013455758427923 -0.0047402022198353277 -0.0092949627447833829 -0.0050849431299825184 -0.0023487820029234998
leaf_weight=3775 605 96 165 2232 349 49 42 252 381 454 47 15605 102 136 606 2332 144 54 50 45 576 47 767 46 264 58 98 59 135 68
leaf_count=3775 605 96 165 2232 349 49 42 252 381 454 47 15605 102 136 606 2332 144 54 50 45 576 47 767 46 264 58 98 59 135 68
internal_value=0.000357186 -0.00610609 -0.00512354 0.00144496 -0.000625939 -0.00735319 -0.00607328 -0.0122004 -0.00438478 -0.00976168 -0.00794223 0.00208503 -0.00840418 -0.00584195 -0.00463466 0.000178919 -0.0172696 -0.0140299 -0.0176327 -0.000824888 -0.00249932 -0.00123558 -0.00396733 -0.00670455 -0.000743935 -0.0101384 -0.0161702 -0.00578829 -0.0116108 -0.00939474
internal_weight=29639 4269 3925 25370 5990 2584 2046 538 1405 641 501 19380 286 1024 801 4828 344 200 146 1341 736 623 1162 395 2596 223 140 665 184 113
internal_count=29639 4269 3925 25370 5990 2584 2046 538 1405 641 501 19380 286 1024 801 4828 344 200 146 1341 736 623 1162 395 2596 223 140 665 184 113
is_linear=0
shrinkage=0.03


Tree=10
num_leaves=31
num_cat=0
split_feature=12 12 0 12 9 8 12 3 12 0 17 3 0 17 9 3 15 14 11 3 17 3 0 11 9 8 15 14 9 17
split_gain=216.659 52.8239 38.4565 29.5883 17.0682 17.0263 16.4416 12.6515 8.5833 9.02 7.71015 8.87942 8.78175 6.71796 6.17096 6.06881 6.08715 5.84998 5.64553 5.55515 8.36334 5.1632 5.01621 4.88653 4.93867 4.87467 4.85003 4.8251 4.04247 3.93633
threshold=0.28528884171503238 0.57831614195639125 95.446153846153848 0.38339348173416005 0.079726801390994043 1.2686434942628961 0.1853436907453743 0.41089859168072218 0.87178055766621132 500.25000000000006 2.5113171736250868 0.092910343496694595 1.7658418581938167 0.78066546172856788 0.0092517436267436307 0.068895333066847822 1.7005986908310777 0.57347303812595996 7.0089570573954596 0.1180640268899916 1.1420528169633293 0.44051853728247609 0.99838914646281995 6.5882382461791584 0.026444639537643193 1.8437210537352271 1.4978661367769956 0.15970502677867496 0.064462498758927206 0.34920948247591682
decision_type=2 2 8 2 8 10 2 2 2 8 8 2 10 8 10 2 8 2 2 2 10 2 10 2 8 10 10 2 10 10
left_child=6 2 3 5 10 -2 18 19 9 13 12 -12 -5 -3 -15 -7 25 27 22 -8 -21 -14 -1 24 -24 -17 -13 -6 -22 -18
right_child=1 8 -4 4 17 15 7 -9 -10 -11 11 26 21 14 -16 16 29 -19 -20 20 28 -23 23 -25 -26 -27 -28 -29 -30 -31
leaf_value=0.002676307310804807 -0.0058813451672203136 -0.010204115993630386 0.00094518336672405742 -0.007329030100505219 -0.0092227824236139466 0.00027580418516334667 0.0014656910252117262 -0.002460365055451795 -0.028633388244956166 -0.002080047412307346 -0.0010031598085404744 -0.0036728781236822459 -0.0015811078503435623 -0.01814813623216445 -0.010185886986214416 -0.0036936022723515274 -0.00042648807536540103 -0.0057395161350652169 0.0022996946471900742 0.00027912872027412725 -0.0012414001441998616 -0.013244421640236908 -0.0094328579534252877 0.0010197815822468245 0.00019498772695417471 -0.001695620331489742 -0.0031227853780020466 -0.0024390473427172302 -0.0042654017617124495 -0.0013534780394415145
leaf_weight=411 155 80 1010 114 59 540 2485 454 119 90 172 120 836 54 119 48 761 108 16346 3032 196 60 109 166 63 199 259 185 105 1141
leaf_count=411 155 80 1010 114 59 540 2485 454 119 90 172 120 836 54 119 48 761 108 16346 3032 196 60 109 166 63 199 259 185 105 1141
internal_value=0.000415177 -0.00455586 -0.00377236 -0.00490101 -0.00778527 -0.00295888 0.00174046 0.00042659 -0.0143067 -0.0118343 -0.00643214 -0.00928804 -0.00486647 -0.0147283 -0.0180517 -0.00239888 -0.00311302 -0.0137507 0.00222245 0.000803231 2.69957e-06 -0.00385953 -0.000324 -0.00302655 -0.00655491 -0.00753629 -0.01185 -0.0110939 -0.00475828 -0.00253494
internal_weight=29596 6229 5767 4757 1913 2844 23367 6272 462 343 1561 551 1010 253 173 2689 2149 352 17095 5818 3333 896 749 338 172 247 379 244 301 1902
internal_count=29596 6229 5767 4757 1913 2844 23367 6272 462 343 1561 551 1010 253 173 2689 2149 352 17095 5818 3333 896 749 338 172 247 379 244 301 1902
is_linear=0
shrinkage=0.03


Tree=11
num_leaves=31
num_cat=0
split_feature=20 0 20 20 20 14 20 0 0 17 6 20 8 20 9 8 20 4 0 15 11 13 16 14 9 17 8 9 11 15
split_gain=209.543 40.1025 38.2269 35.0482 18.2969 17.7772 13.8265 11.9843 11.7984 13.228 9.39988 7.69406 9.37094 7.30066 7.23792 6.77395 6.32788 5.65983 5.61863 5.58264 5.51209 5.82034 5.47385 5.37212 3.94056 5.34248 3.87598 8.77101 3.60196 3.55069
threshold=0.36096982675827866 28.257575757575761 0.20112914845457699 0.49460441770749602 0.87178055766621132 0.7382866508467425 0.68573256071017152 1.2832452981534561 2.1466039531358034 2.5113171736250868 4.6554719032332796 0.27238363016486927 1.2686434942628961 0.28528884171503238 0.079301927706968187 17.10798527826336 0.5517502486709237 617.36611761609731 4.1180246264091247 2.249904835165133 9.3796611130291989 0.053395861705399117 -0.0028381066125048788 0.57347303812595996 0.094407147458105981 0.34045703007647371 74.307224165501779 0.01264066173340367 10.176886860000506 3.3497501700808394
decision_type=2 8 2 2 2 2 2 8 10 8 2 2 10 2 8 10 2 10 8 10 2 2 10 2 8 8 10 10 2 10
left_child=2 3 19 5 16 14 8 13 -5 23 11 -9 -13 28 20 22 -3 -18 24 -1 -2 26 -16 -10 -14 -26 -22 -28 -4 -12
right_child=1 4 7 6 -6 -7 -8 10 9 -11 29 12 18 -15 15 -17 17 -19 -20 -21 21 -23 -24 -25 25 -27 27 -29 -30 -31
leaf_value=0.0013314450980633965 -0.0034305339942579068 0.0006269041214350807 -0.0022450503280429554 -0.014879242015428291 -0.021302396594766564 -0.0056296534280670264 -0.0277790343296886 0.00056370744211106801 -0.002080429134908151 -0.0063495589889337942 -0.0035813077949615052 -0.0039841233961466823 -0.00043605921485857443 -0.0099727535077200214 -0.00072565174356307147 -0.0006297643360308763 -0.00097870457988082082 -0.0091651161588110052 0.00095850645045980664 0.0021719761813142916 -0.0013651861421484 -0.0030285001881641127 -0.0051192530554551186 -0.004138408204653457 -7.5466244371456717e-05 -0.0030766551696787426 -0.0025977802146907591 -0.00054049187380336933 -0.0014197305398845595 0.00086045897313793138
leaf_weight=3491 528 757 257 81 70 54 106 4033 197 181 219 138 1895 51 40 98 142 55 682 14780 830 42 210 48 143 181 52 78 62 42
leaf_count=3491 528 757 257 81 70 54 106 4033 197 181 219 138 1895 51 40 98 142 55 682 14780 830 42 210 48 143 181 52 78 62 42
internal_value=0.000435926 -0.00637899 0.00137255 -0.00839552 -0.0013639 -0.00640662 -0.0146433 -0.000399922 -0.0125374 -0.0104965 -0.00013376 7.29536e-05 -0.00106678 -0.00566038 -0.00591059 -0.00981662 -0.000270157 -0.00504545 -0.00070193 0.0021198 -0.00501633 -0.00370289 -0.0124303 -0.00591463 -0.00143378 -0.00448615 -0.0032154 -0.00801527 -0.00394687 -0.00571374
internal_weight=29543 3569 25974 2545 1024 1932 613 7703 507 426 7333 7072 3039 370 1878 348 954 197 2901 18271 1530 1002 250 245 2219 324 960 130 319 261
internal_count=29543 3569 25974 2545 1024 1932 613 7703 507 426 7333 7072 3039 370 1878 348 954 197 2901 18271 1530 1002 250 245 2219 324 960 130 319 261
is_linear=0
shrinkage=0.03


Tree=12
num_leaves=31
num_cat=0
split_feature=12 12 12 17 14 12 17 13 11 7 7 10 6 12 7 11 16 14 9 15 9 10 10 6 9 9 16 17 16 11
split_gain=187.093 47.5666 25.2594 14.6561 21.4775 11.2824 9.97599 7.91016 7.43178 7.13709 6.54611 6.33106 6.19212 6.1921 5.5335 5.49114 4.67059 4.47531 4.29863 4.12844 3.97063 3.89587 3.83303 4.16947 4.87342 3.6538 3.52692 3.46419 3.35864 3.28761
threshold=0.32131315454549997 0.53148572562937491 0.19797026874668558 -0.75495838105869606 0.7382866508467425 0.43280784471886152 0.70255486383016674 1.0000000180025095e-35 8.3514926729572014 0.29246070693677256 0.17170859966716209 1.4311278866715973 4.6554719032332796 0.68573256071017152 0.11863785961018457 7.7664168082465954 0.30247777939419923 0.11637971804534662 1.0000000180025095e-35 1.7005986908310777 0.072043873958603774 1.9839206447640831 1.2758109793993817 1.6202942597353303 0.054235805098685426 0.051091869955560025 0.057489626893602909 1.6446965522236028 0.26163023483901415 9.4363996675759427
decision_type=2 2 2 10 2 2 10 2 2 8 10 10 2 2 8 2 10 2 8 10 8 10 10 2 10 8 10 10 10 2
left_child=2 3 15 10 5 9 7 19 14 11 -2 20 16 -8 -4 27 -10 18 -7 -3 -5 -16 -19 -24 -25 -18 -14 -1 -11 -30
right_child=1 6 8 4 -6 17 13 -9 12 28 -12 -13 26 -15 21 -17 25 22 -20 -21 -22 -23 23 24 -26 -27 -28 -29 29 -31
leaf_value=0.00079388753933837351 -0.0060317894197416408 -0.0044294875147951485 -0.0050018188176051762 -0.0014304531973541488 -0.0055299521573363344 -0.0085874714642532081 -0.0065916083293134963 -0.017337599937621778 0.00058881114051873148 -0.00028742542409523111 0.00044665228393471273 -0.0035646280196253823 0.00022049803189390523 -0.026937916889702481 -0.00093225030367389281 0.0020477410879043037 0.0002814149343784409 -0.0018298419011850283 -0.0037447707405375789 -0.011757503954175162 -0.0024995230023857847 -0.0062709765893653509 -0.0032967388848708099 -0.00098274672896161595 -0.0032547172803896901 -0.0013475381731869729 -0.0034082864331261699 -0.0046996935150007751 -0.0024695007696496608 -0.00045695443603348756
leaf_weight=1135 43 233 81 529 69 46 176 118 4419 834 782 364 80 91 603 16890 575 311 130 87 187 92 127 191 76 661 139 81 166 304
leaf_count=1135 43 233 81 529 69 46 176 118 4419 834 782 364 80 91 603 16890 575 311 130 87 187 92 127 191 76 661 139 81 166 304
internal_value=0.000447655 -0.00493073 0.00150454 -0.00370745 -0.0045931 -0.00423913 -0.0121317 -0.00930752 -7.66801e-05 -0.00316478 -0.000127119 -0.00496762 0.000288 -0.0167127 -0.00283398 0.00208527 0.000480021 -0.00713946 -0.0114237 -0.00682243 -0.00332218 -0.00196121 -0.00605524 -0.00802025 -0.00585448 -0.00114956 -0.00465 0.000138044 -0.00166897 -0.00369427
internal_weight=29620 4864 24756 4159 3334 3265 705 438 6650 2384 825 1080 5874 267 776 18106 5655 881 176 320 716 695 705 394 267 1236 219 1216 1304 470
internal_count=29620 4864 24756 4159 3334 3265 705 438 6650 2384 825 1080 5874 267 776 18106 5655 881 176 320 716 695 705 394 267 1236 219 1216 1304 470
is_linear=0
shrinkage=0.03


Tree=13
num_leaves=31
num_cat=0
split_feature=12 3 12 0 12 3 12 12 3 9 8 0 9 13 9 9 14 8 16 8 7 7 16 1 7 14 12 16 15 11
split_gain=172.458 45.6269 28.7028 22.3877 21.7645 15.3575 15.2477 11.2066 8.27004 7.528 9.11317 7.16286 6.59484 6.4283 6.11521 5.72134 8.06569 6.61082 5.48191 6.12099 5.60188 4.80241 4.41359 4.38804 6.9079 4.33903 4.26923 4.07713 3.90421 3.87608
threshold=0.31131411342633314 0.37307780696417758 0.87178055766621132 95.446153846153848 0.17992458160893457 0.4341986824280461 0.4194043292224246 0.39313478494327475 0.14706580991889931 0.079301927706968187 2.1392247970070271 2.1758322155458596 0.0081648053701931528 0.0043971760140966805 0.0065764796462273482 0.087392727225763439 0.180032785398999 1.1336394511581842 0.26642946186175614 41.288847878059521 0.36978342104383882 0.15555413550994915 0.3000044865180056 0.18776709401709404 0.26889100265617544 0.65390239877165712 0.24021012121097576 0.33040847953189473 2.249904835165133 8.9137520877912468
decision_type=2 2 2 8 2 2 2 2 2 8 10 10 10 2 8 8 2 8 10 10 10 8 10 8 10 2 2 10 10 2
left_child=4 2 3 6 28 8 9 21 -6 -2 -11 -8 14 18 -13 -10 26 -18 20 -20 -9 -3 -23 29 -25 -19 -17 -12 -1 -14
right_child=1 7 -4 -5 5 -7 11 13 15 10 27 12 23 -15 -16 16 17 25 19 -21 -22 22 -24 24 -26 -27 -28 -29 -30 -31
leaf_value=0.0013872855648470429 -0.00081670317351556563 -0.0057746157107078583 -0.027220294911979508 0.00082452546577487483 0.0011446565744727335 -0.0025550332954192827 -0.010338597847676293 -0.0064903724170379679 0.00013639421530824429 -0.0029130983318295112 -4.9408639833719636e-05 -0.0026804984971320446 -0.0028298376949511248 -0.012719990626061675 -0.002770378539463689 -0.0012506171275390382 -0.0038636105432134659 0.00033419610127697903 -0.0059021272552262274 -0.005513813633198532 -0.0082998060359578477 -0.00044485396800592497 -0.0042300368627556243 -0.0029363435562726752 -0.0034291074608474264 -0.0042124140680732478 -0.0030069507835232203 -0.0023284711483738405 0.0021875887695731772 -0.0013700541887762456
leaf_weight=3096 1733 58 62 960 3908 414 82 147 2503 168 181 142 129 203 76 130 86 620 175 56 43 169 122 45 72 82 102 72 13578 511
leaf_count=3096 1733 58 62 960 3908 414 82 147 2503 168 181 142 129 203 76 130 86 620 175 56 43 169 122 45 72 82 102 72 13578 511
internal_value=0.000473828 -0.00448473 -0.00313675 -0.00283245 0.00152679 0.000223681 -0.00403394 -0.0103398 0.000537271 -0.00258376 -0.00617772 -0.00698393 -0.00625512 -0.0127488 -0.0108493 -0.000516742 -0.0024094 -0.000958175 -0.0105853 -0.013694 -0.00675393 -0.00600857 -0.00440753 -0.00491952 -0.0102458 8.53496e-06 -0.0073133 -0.00256299 0.00213985 -0.00393136
internal_weight=29725 5206 4233 4171 24519 7845 3211 973 7431 2154 421 1057 975 624 218 3523 1020 788 421 231 190 349 291 757 117 702 232 253 16674 640
internal_count=29725 5206 4233 4171 24519 7845 3211 973 7431 2154 421 1057 975 624 218 3523 1020 788 421 231 190 349 291 757 117 702 232 253 16674 640
is_linear=0
shrinkage=0.03


Tree=14
num_leaves=31
num_cat=0
split_feature=20 3 20 20 3 17 17 3 1 14 0 9 7 15 13 0 14 13 15 9 7 17 3 9 15 1 14 17 20 0
split_gain=174.105 40.5505 28.4202 22.2513 16.7288 17.2373 12.3944 12.237 11.4801 6.81998 6.78948 6.58012 6.35756 6.30664 5.83646 6.2171 5.54008 5.50154 5.41729 5.35279 5.16274 5.45719 4.90478 6.50321 4.24077 3.82148 5.04877 4.08949 3.7663 3.58496
threshold=0.3176539135113004 0.11470416451403233 0.57831614195639125 0.17562803141356167 0.3847827959042634 0.93640087168855313 2.2023554142283888 0.19340407389546813 0.12556306306306311 0.55190618553934467 500.25000000000006 0.0077047515488007966 0.29051099572356998 1.4978661367769956 0.0043971760140966805 500.25000000000006 0.17041219872740357 0.0037394392697080651 2.1383330595080281 0.021239598319266993 0.076909380649847647 1.016278417560202 0.44398292661468064 0.039633641005546526 2.740319461670996 0.20112359550561801 0.17552813350101829 0.53273963671390545 0.43280784471886152 1.2685634858959525
decision_type=2 2 2 2 2 8 10 2 8 2 8 10 10 10 2 8 2 2 10 8 10 8 2 10 8 8 2 8 2 8
left_child=3 2 10 18 6 9 12 29 13 22 11 -2 19 -8 15 16 -7 -14 -1 -3 -9 -22 -6 -24 -11 26 27 -21 -10 -5
right_child=1 4 -4 7 5 14 8 20 28 24 -12 -13 17 -15 -16 -17 -18 -19 -20 25 21 -23 23 -25 -26 -27 -28 -29 -30 -31
leaf_value=0.0012919350786606367 -0.0028046324808250027 -0.0032425804391110601 -0.026596385645091654 -0.0059753514892172104 -0.0015701462135782273 -0.0091332165739182961 -0.0046001947099370702 -0.0037860942115314944 -0.0033162076369437849 -0.0070444414915616527 0.0019109360586231172 -0.00025660097935379788 -0.0012767117366670995 -0.0022481692393718764 -0.011986801825855859 -0.005763626896676614 -0.0058558174867351584 -0.0069925927943119666 0.0021871713369651137 -0.0015341007685414289 -0.00025995482933660298 -0.0023859817829075419 -0.010569294376547 -0.0086276836382696391 -0.0025077477010731417 -0.0017332600598860531 -0.0023447039277717345 -0.0052465229615948263 -0.0094680832373897454 0.00081232732145438585
leaf_weight=2469 161 243 42 42 275 60 82 215 44 61 551 972 1138 286 134 47 69 73 13706 81 2460 328 85 74 53 96 272 85 64 5343
leaf_count=2469 161 243 42 42 275 60 82 215 44 61 551 972 1138 286 134 47 69 73 13706 81 2460 328 85 74 53 96 272 85 64 5343
internal_value=0.000449919 -0.00462389 -0.000892878 0.00149279 -0.00656154 -0.01017 -0.00530142 0.000238884 -0.0096478 -0.00695082 -0.000277745 -0.00160582 -0.00425641 -0.00708943 -0.0158199 -0.0121017 -0.0154846 -0.00289356 0.00214299 -0.00637404 -0.00129527 -0.000948727 -0.00521379 -0.00939375 -0.0134609 -0.00805234 -0.00923918 -0.0133653 -0.0182202 0.0010945
internal_weight=29611 5048 1726 24563 3322 858 2464 8388 476 548 1684 1133 1988 368 310 176 129 1211 16175 777 3003 2788 434 159 114 534 438 166 108 5385
internal_count=29611 5048 1726 24563 3322 858 2464 8388 476 548 1684 1133 1988 368 310 176 129 1211 16175 777 3003 2788 434 159 114 534 438 166 108 5385
is_linear=0
shrinkage=0.03


Tree=15
num_leaves=31
num_cat=0
split_feature=12 12 0 0 12 14 12 12 7 3 3 14 12 17 11 0 8 17 15 15 3 11 14 17 11 1 17 3 10 7
split_gain=157.796 45.2688 23.9706 20.3288 18.9415 17.2824 12.6091 11.4946 10.9848 9.60249 9.00269 8.14022 7.66757 6.79433 6.41438 6.13862 5.55492 4.92563 4.53915 4.42873 4.36314 4.34854 4.33843 6.27132 3.94133 4.78972 3.70352 3.59786 3.18091 5.81127
threshold=0.27009726549181595 0.43933451072651636 500.25000000000006 7.2265881862505212 0.61289412774866447 0.7382866508467425 0.1620196782626904 0.87178055766621132 0.20665625167810583 0.44779719063506851 0.4341986824280461 0.76362145860727693 0.38849528424213681 1.7201381195487364 8.3057311143474983 1.9779231940710171 2.8841277947130028 2.5113171736250868 2.0126758453675748 2.1383330595080281 0.15646456685465882 6.4272968650711446 0.51751085856201806 0.40259917080776553 9.4207228451671003 0.32025641025641027 0.7227402125412612 0.092910343496694595 1.3559458854047814 0.15393820816899523
decision_type=2 2 8 8 2 2 2 2 10 2 2 2 2 8 2 10 10 10 10 10 2 2 2 10 2 10 10 2 8 10
left_child=6 3 4 5 9 8 18 -4 14 13 11 20 24 15 -2 -3 -15 -14 -1 -7 21 -8 -17 -24 -10 -26 -12 -18 -16 -30
right_child=1 2 7 -5 -6 19 10 -9 12 -11 26 -13 17 16 28 22 27 -19 -20 -21 -22 -23 23 -25 25 -27 -28 -29 29 -31
leaf_value=0.0012776781820455891 -0.0087822821576475918 -0.008387068432657678 6.9768253178824029e-05 0.0010722186716642641 -0.01930312098165048 -0.0051153979648570344 -0.0066071946115629195 -0.019430883807747559 -0.0014789278099416013 -0.010949781688044141 -0.0017546057094817151 -0.003835139433136289 -0.0020445589821502055 -0.0070563352201784791 -0.0012830004151202633 -0.00065957364766790628 -0.0016114608286785046 -0.0022307502771063375 0.0022281971616374381 -0.0047927798440625391 8.9199558060596687e-05 0.0013939727847486587 -0.0032302379756891345 -0.0018942061070964572 -0.00013323736647258847 -0.0024072421434587787 -0.0044189720739604872 -0.0025763576493815069 -0.0030683625103169699 -0.0023588110247730228
leaf_weight=1853 130 74 423 1058 202 40 50 62 806 73 331 55 462 63 381 381 75 108 13162 47 2960 4202 42 70 1776 42 62 379 67 220
leaf_count=1853 130 74 423 1058 202 40 50 62 806 73 331 55 462 63 381 381 75 108 13162 47 2960 4202 42 70 1776 42 62 379 67 220
internal_value=0.000485147 -0.00345846 -0.00748943 -0.00201032 -0.00953162 -0.00297132 0.00169937 -0.00175926 -0.00268069 -0.00803886 0.000708785 0.000948129 -0.00189296 -0.00731613 -0.00582728 -0.00503345 -0.00980502 -0.00504378 0.00220465 -0.016125 0.00103646 0.00165201 -0.00380769 -0.00897345 -0.00120686 -0.000432105 -0.00370812 -0.00861099 -0.0046278 -0.00701042
internal_weight=29656 6981 1844 5137 1359 4079 22675 485 3992 1157 7660 7267 3194 1084 798 567 517 570 15015 87 7212 4252 493 112 2624 1818 393 454 668 287
internal_count=29656 6981 1844 5137 1359 4079 22675 485 3992 1157 7660 7267 3194 1084 798 567 517 570 15015 87 7212 4252 493 112 2624 1818 393 454 668 287
is_linear=0
shrinkage=0.03


Tree=16
num_leaves=31
num_cat=0
split_feature=12 12 12 3 9 3 17 3 11 7 17 12 14 7 17 9 14 4 14 11 9 3 14 11 11 6 4 12 17 11
split_gain=156.588 32.5099 26.4203 22.721 14.0292 13.8688 10.7738 8.09823 7.76025 7.33048 6.4502 6.00403 6.30373 6.96185 7.05258 5.98537 8.66833 7.62354 7.0355 6.04547 5.96814 5.88531 6.53183 5.69604 5.19169 5.19165 4.98701 5.01101 4.79129 4.90558
threshold=0.36593090772450171 0.2348388501598189 0.61289412774866447 0.11290947781409134 0.079726801390994043 0.14991808772562804 1.7201381195487364 0.24943979973861166 9.3929952030903507 0.30510516127582815 2.2023554142283888 0.066080348251881041 0.4637785508060806 0.041478532937619515 1.0906491078269227 0.039633641005546526 0.1922012759529079 564.78528485174263 0.64765664893548791 8.2091723387110047 0.0077047515488007966 0.43126957847026176 0.060220462704673579 5.4701654074033046 10.657459334846001 4.0290005337128632 1809.5502659206261 0.4194043292224246 0.22789244228775657 9.751297449097823
decision_type=2 2 2 2 8 2 10 2 2 10 10 2 2 10 10 8 2 10 2 2 10 2 2 2 2 2 8 2 10 2
left_child=1 8 3 24 6 -3 21 -4 11 15 25 -1 23 -14 -15 19 17 -17 -18 -7 -8 -5 -23 -13 26 -9 27 -2 -6 -30
right_child=2 5 7 4 28 9 20 10 -10 -11 -12 12 13 14 -16 16 18 -19 -20 -21 -22 22 -24 -25 -26 -27 -28 -29 29 -31
leaf_value=0.0024997948144621692 -1.3244645357388884e-05 0.00034537849475543478 -0.026001771755547697 -0.0017420653007984763 -0.0033466989538454973 -0.0038069603822684633 -0.0032488177927129549 -0.011230522588864053 0.00184509467075951 8.9048913064827039e-05 -0.010282310426573434 -0.0070271200036629653 -0.0044283099994727763 -1.3835445699395256e-05 -0.0028655270978182453 -0.0013464990176427008 -0.00055383660065584249 -0.0033483402808459372 -0.0040991107514053013 0.00011346331691127818 -0.0026211970497391586 -0.01095569067422646 -0.008277565346348421 0.00073400325147474522 -0.0013411626289196062 -0.01734826738024391 0.00049293819406841135 -0.0014350578679723299 -0.0048094483134622926 -0.0019238522247535311
leaf_weight=2250 185 2716 55 1069 186 104 138 181 15009 811 64 74 73 497 76 99 692 370 98 565 299 47 67 2725 48 51 651 159 189 83
leaf_count=2250 185 2716 55 1069 186 104 138 181 15009 811 64 74 73 497 76 99 692 370 98 565 299 47 67 2725 48 51 651 159 189 83
internal_value=0.000493149 0.00128773 -0.00549208 -0.00461147 -0.00642424 -0.000772544 -0.00510796 -0.0132869 0.00183057 -0.00227847 -0.0112525 0.000887465 0.000100116 -0.00256878 -0.00144774 -0.0032846 -0.00450238 -0.00772979 -0.00257901 -0.000989552 -0.00913014 -0.00361571 -0.0100696 0.000716786 -0.000997126 -0.00885837 -0.000527108 -0.00344348 -0.0110588 -0.0136044
internal_weight=29631 26159 3472 3121 2078 5455 1620 351 20704 2739 296 5695 3445 646 573 1928 1259 469 790 669 437 1183 114 2799 1043 232 995 344 458 272
internal_count=29631 26159 3472 3121 2078 5455 1620 351 20704 2739 296 5695 3445 646 573 1928 1259 469 790 669 437 1183 114 2799 1043 232 995 344 458 272
is_linear=0
shrinkage=0.03


Tree=17
num_leaves=31
num_cat=0
split_feature=0 3 17 3 0 3 14 16 3 14 3 7 14 3 17 8 11 0 11 6 9 8 7 14 11 9 17 15 3 17
split_gain=49.9878 46.3106 24.7216 19.3 23.6482 13.5985 12.7753 12.4458 10.6046 9.37634 9.26862 7.83171 7.02976 6.85737 6.27057 5.94 7.05872 5.52572 7.68048 4.9397 4.79216 7.39232 4.70786 5.02452 4.60971 4.49706 5.09464 3.98048 3.89023 5.701
threshold=1.698222013562644 0.1628395385931212 1.1420528169633293 0.23007044511974437 1.150020969948079 0.22360610584171384 0.78535378506228148 0.52280323611076884 0.44779719063506851 0.67140062212943341 0.44398292661468064 0.34091287538877896 0.055492131921737554 1.0000000180025095e-35 0.86765612409901716 79.467133495979127 6.7159890799278301 1.0119936760634449 6.4272968650711446 2.7140187635968096 0.067661831142878395 14.388444891406243 0.33683270628788731 0.180032785398999 9.2217747447148941 0.0081648053701931528 2.5113171736250868 1.4978661367769956 0.11375288736940055 5.9592302853142547
decision_type=10 2 8 2 8 2 2 10 2 2 2 10 2 2 10 8 2 10 2 2 10 10 10 2 2 10 10 8 2 8
left_child=3 6 10 13 -5 27 11 8 19 -9 20 28 -12 17 -10 16 -7 -1 -19 -6 -3 -22 23 -18 -14 26 -13 -4 -2 -30
right_child=1 2 5 4 7 15 -8 9 14 -11 12 25 24 -15 -16 -17 22 18 -20 -21 21 -23 -24 -25 -26 -27 -28 -29 29 -31
leaf_value=0.0019786680681362608 0.00093937027734482823 -0.00067481615062381373 -0.003917681698718335 0.0018868223109838253 0.00017494940709441949 -0.015216606824535886 -0.0074632396132095326 -0.0038232219594541714 -0.0028512049187521672 -0.0062626935162864742 -0.01028834286868073 -0.00099777995962975399 -0.0081846417369558777 0.0018056883979066752 -0.0053144223325447305 -0.0072431366881820832 -0.0041046237604929897 -0.012093544177063743 -0.0014771954572385623 -0.0022352715009572276 -0.0019365238400935599 0.00040380255925619808 -0.0053921649932197526 -0.004804761295239237 -0.0070532854223154624 -0.00031149143148175641 -0.001961698486382672 -0.0017286588629000896 -0.00018553601630943295 -0.0038979613534981133
leaf_weight=248 3371 1291 51 3260 2535 59 50 353 383 64 65 152 49 13792 41 51 77 65 113 337 378 179 184 96 55 897 108 302 1044 44
leaf_count=248 3371 1291 51 3260 2535 59 50 353 383 64 65 152 49 13792 41 51 77 65 113 337 378 179 184 96 55 897 108 302 1044 44
internal_value=0.00061768 -0.00132538 -0.00445349 0.00139737 0.000104531 -0.00884287 0.000241398 -0.00153231 -0.000913558 -0.00640909 -0.00266551 0.00037707 -0.00937059 0.00203137 -0.00533647 -0.0121987 -0.010964 -0.00171429 -0.00573184 -0.000258963 -0.00204759 -0.00437097 -0.00932682 -0.0128793 -0.0141714 -0.00182124 -0.00528736 -0.00438136 0.000947758 -0.00061157
internal_weight=29694 8503 2837 21191 6973 820 5666 3713 3296 417 2017 5616 169 14218 424 467 416 426 178 2872 1848 557 357 173 104 1157 260 353 4459 1088
internal_count=29694 8503 2837 21191 6973 820 5666 3713 3296 417 2017 5616 169 14218 424 467 416 426 178 2872 1848 557 357 173 104 1157 260 353 4459 1088
is_linear=0
shrinkage=0.03


Tree=18
num_leaves=31
num_cat=0
split_feature=12 12 7 12 17 9 12 13 14 12 9 17 8 17 6 9 17 7 16 4 16 16 14 14 15 14 14 14 17 14
split_gain=136.732 40.9657 17.4798 15.4645 13.0678 12.9333 10.572 8.871 6.40445 6.01513 5.89532 5.52041 5.38683 5.17278 5.11861 4.68797 10.877 5.84931 4.58751 4.57464 5.1207 4.54718 4.51389 4.31315 4.16327 3.88448 3.66825 4.12007 3.63344 3.56745
threshold=0.27238363016486927 0.61289412774866447 0.15465408428723049 0.39313478494327475 0.06191251841290165 0.080302413646144669 0.16551808473051824 0.099328409832959111 0.060220462704673579 0.87178055766621132 0.051594361951503388 1.016278417560202 1.1273362711359962 3.6137932482242756 4.9482604761904776 0.0077047515488007966 1.7201381195487364 0.44855937861359568 0.29450742247419998 639.67423202194175 0.32303659801974277 0.18893073395317994 0.014958910065235817 0.7382866508467425 2.249904835165133 0.45916942315593406 0.13069051613163477 0.56870683107254338 0.55495963762964251 0.6061035485807782
decision_type=2 2 10 2 10 10 2 2 2 2 10 8 10 8 2 8 10 10 10 10 10 10 2 2 10 2 2 2 10 2
left_child=6 2 7 13 -5 15 24 11 -3 10 -10 -2 -8 14 21 16 17 -6 -17 -7 -21 -4 -14 -24 -1 -12 -20 -28 -25 -23
right_child=1 8 3 4 5 19 12 -9 9 -11 25 -13 22 -15 -16 18 -18 -19 26 20 -22 29 23 28 -26 -27 27 -29 -30 -31
leaf_value=0.0012812164845255973 -0.004541211318053193 -0.0089567691145964936 -2.219177068747824e-05 -0.00072286866912193038 0.00052862166921138049 -0.0062500035785503861 -0.0022035924005658456 0.00015781745650296405 -0.01462692762628009 -0.023629025672378207 0.0002440606113369027 -0.0056987875751823638 -0.0013432359027281552 0.0006789485347938344 -0.00326441952451988 -0.00090227088249707048 -0.0025734350406318228 -0.0058976295734967221 -0.002590585848651471 -0.0011687687464698616 -0.003870548034429622 -0.0009811422316622926 0.00071555295351402712 0.00025476388092060613 0.0020361250236316658 -0.0052170812616786069 -0.0018378028576730686 -0.0081133579171908665 -0.0039829392795587724 -0.002881466744476049
leaf_weight=2881 291 63 1376 802 117 54 336 90 103 89 43 97 105 672 83 608 149 48 75 102 70 1430 6859 61 12497 44 269 44 49 125
leaf_count=2881 291 63 1376 802 117 54 336 90 103 89 43 97 105 672 83 608 149 48 75 102 70 1430 6859 61 12497 44 269 44 49 125
internal_value=0.00054689 -0.00317137 -0.00263786 -0.00219884 -0.00410688 -0.00572674 0.0016637 -0.00815449 -0.013277 -0.015225 -0.0120942 -0.0101183 0.000732695 -0.000987795 -0.00151841 -0.00457666 -0.00777143 -0.00243976 -0.00356269 -0.0123436 -0.00984971 -0.00130866 0.000909117 0.00100244 0.00211223 -0.00623864 -0.00610797 -0.00465287 -0.00486486 -0.00241967
internal_weight=29632 6844 6502 6024 2338 1536 22788 478 342 279 190 388 7410 3686 3014 1310 314 165 996 226 172 2931 7074 6969 15378 87 388 313 110 1555
internal_count=29632 6844 6502 6024 2338 1536 22788 478 342 279 190 388 7410 3686 3014 1310 314 165 996 226 172 2931 7074 6969 15378 87 388 313 110 1555
is_linear=0
shrinkage=0.03


Tree=19
num_leaves=31
num_cat=0
split_feature=20 20 20 20 14 17 9 20 7 9 17 16 9 7 20 17 15 17 11 14 7 15 16 15 13 10 16 14 9 15
split_gain=124.037 38.5852 13.4788 10.3676 9.02233 8.80574 7.79811 10.7593 7.5163 6.94007 6.3315 6.13159 6.04166 5.25313 5.21809 5.30821 5.19328 5.16585 5.04643 4.8005 4.96769 4.05425 4.0036 3.79855 3.73627 3.67167 3.15817 3.14823 3.1571 3.29685
threshold=0.27238363016486927 0.48560406362632996 0.68573256071017152 0.17562803141356167 0.59682766840323087 0.011858210722761936 0.059905613554153976 0.36096982675827866 0.16326564937984681 0.0056167550659594759 0.3872439142768076 -0.1062758166772433 0.083527117436754811 0.17779852554583694 0.43280784471886152 5.4265159477242646 2.249904835165133 2.2023554142283888 9.3929952030903507 0.67140062212943341 0.09786543867549731 1.8688348091416842 0.23477402401637085 1.2424533248940004 0.10046468292869924 0.73390861138792085 0.26373885680074727 0.14594739711837137 0.077981871193902694 2.8029010331479989
decision_type=2 2 2 2 2 10 10 2 10 10 10 10 10 10 2 8 10 10 2 2 10 8 8 8 2 10 10 2 8 10
left_child=3 4 5 16 8 13 -6 10 9 -2 -8 -4 -7 -3 15 26 -1 -16 19 20 -5 -13 -19 -9 25 -11 -10 28 -20 -30
right_child=1 2 11 18 6 12 7 23 14 24 -12 21 -14 -15 17 -17 -18 22 27 -21 -22 -23 -24 -25 -26 -27 -28 -29 29 -31
leaf_value=0.0011370959114472433 -0.010302744252857307 -0.0061999200209305362 -0.0153829259059433 -0.0038130252648929416 -0.00064891890273067153 -0.0033001204394645816 0.00014537559622360561 -0.0040066020190777235 -0.00033035067115137713 -0.00041394429555720715 -0.0029468581623918804 -0.01229726425989291 -0.0052516758047422268 -0.001275994271105444 -0.001197966953208101 0.0010341407036510884 0.0019312957789900233 1.2362317556128972e-05 0.00060123144613718788 -0.0037548274721864255 3.7113126538712561e-05 -0.023134205141069942 -0.001998093830044987 -0.0042182696901345278 0.00076236476555663812 -0.0032809073512695261 -0.0011513400136465377 0.00098973520504967152 0.00050940488216102303 -0.0013695119017565235
leaf_weight=3037 77 40 73 114 213 448 101 40 2178 95 101 79 75 360 541 586 13192 41 737 75 1638 77 131 77 89 131 1237 3585 136 210
leaf_count=3037 77 40 73 114 213 448 101 40 2178 95 101 79 75 360 541 586 13192 41 737 75 1638 77 131 77 89 131 1237 3585 136 210
internal_value=0.000575707 -0.00298189 -0.00798265 0.00163881 -0.00195886 -0.0063539 -0.00567355 -0.00863437 -0.00157079 -0.00555725 -0.00440394 -0.0144913 -0.00891412 -0.00299252 -0.00123818 -0.000816342 0.00204418 -0.00360084 0.00062577 -0.000710613 -0.000390188 -0.0178471 -0.00811561 -0.015839 -0.00356013 -0.00560352 -0.00126903 0.00114885 -0.00026845 -0.00262824
internal_weight=29514 6790 1152 22724 5638 923 532 319 5106 392 202 229 523 400 4714 4001 16229 713 6495 1827 1752 156 172 117 315 226 3415 4668 1083 346
internal_count=29514 6790 1152 22724 5638 923 532 319 5106 392 202 229 523 400 4714 4001 16229 713 6495 1827 1752 156 172 117 315 226 3415 4668 1083 346
is_linear=0
shrinkage=0.03


Tree=20
num_leaves=31
num_cat=0
split_feature=12 12 12 0 14 17 8 0 12 7 0 14 12 0 15 6 15 7 7 12 4 8 16 8 15 14 14 4 13 10
split_gain=121.619 30.7067 22.5308 26.4747 17.9569 10.5573 9.91933 8.04305 7.97743 7.82206 7.48329 9.32578 7.69511 7.07357 6.70669 6.25841 5.97158 5.05397 4.63637 9.91029 4.36443 4.41203 4.14422 3.95651 3.94249 3.78725 3.73667 5.25998 3.68677 3.87701
threshold=0.39313478494327475 0.19653669089595829 0.87178055766621132 46.498798076923087 0.63014080028031538 2.2023554142283888 3.4163470714117046 2.6049838734176016 0.61289412774866447 0.35346814262117637 95.446153846153848 0.75085549114344441 0.27463123132030548 1.3295270301383868 2.1383330595080281 4.9482604761904776 2.1383330595080281 0.2643505727954773 0.081766971884964637 0.06764199399949701 6618.5212644870699 2.1392247970070271 0.73534781515564784 1.1243118488004138 1.4978661367769956 0.52811254437811528 0.20965762429898446 1515.2783520950945 0.089058414718207815 0.89253587996938766
decision_type=2 2 2 8 2 8 10 10 2 10 8 2 2 10 10 2 10 10 10 2 8 8 8 10 10 2 2 10 2 10
left_child=1 16 3 4 5 7 -7 15 24 -6 11 12 23 -14 -13 25 18 20 19 -1 -15 -22 -4 -3 -8 -2 27 28 -25 -30
right_child=2 10 22 -5 9 6 8 -9 -10 -11 -12 14 13 17 -16 -17 -18 -19 -20 -21 21 -23 -24 26 -26 -27 -28 -29 29 -31
leaf_value=0.00090181138412729386 -0.0026927325954128841 -0.0023833981525603434 -0.025385067296452322 -6.4731845147174698e-05 -0.0074140444246546065 -0.0064294997998374419 -0.0022088262766050814 -0.0007493655738909429 -0.014213462410164975 -0.0022700868581850869 0.003475377186384126 -0.00525020627746211 -0.0073909669939729453 -0.0010044008788157382 -0.0034415098622204779 -0.01384732625024537 0.00173818218248592 -9.2100550472849706e-05 0.0014154496973595972 -0.002729113922007535 -0.0080923211952917372 -0.00078253738412954125 -0.017759249115864545 -0.00064067725354705009 -0.0015169396217353933 -0.0035853705660872067 0.00090401269731681935 0.0012039951165165655 5.4059154362942064e-05 -0.0033680114638607447
leaf_weight=396 345 169 40 761 97 96 141 651 45 81 611 45 92 1378 62 46 15107 1873 2209 232 40 68 72 1165 342 60 2396 813 57 80
leaf_count=396 345 169 40 761 97 96 141 651 45 81 611 45 92 1378 62 46 15107 1873 2209 232 40 68 72 1165 342 60 2396 813 57 80
internal_value=0.000572182 0.00119165 -0.00540281 -0.00484434 -0.00673386 -0.00579155 -0.0089088 -0.00401995 -0.00727032 -0.0157877 -0.000254576 -0.000492293 -0.000375922 -0.00145046 -0.00925 -0.00709513 0.00190482 -0.00122411 0.000641649 -0.00163116 -0.00252993 -0.00831193 -0.018531 0.000416578 -0.00611777 -0.00587438 0.000585771 -0.000333176 -0.00151497 -0.00615217
internal_weight=29570 26793 2777 2665 1904 1726 624 1102 528 178 8849 8238 8131 3451 107 451 17944 3359 2837 628 1486 108 112 4680 483 405 4511 2115 1302 137
internal_count=29570 26793 2777 2665 1904 1726 624 1102 528 178 8849 8238 8131 3451 107 451 17944 3359 2837 628 1486 108 112 4680 483 405 4511 2115 1302 137
is_linear=0
shrinkage=0.03


Tree=21
num_leaves=31
num_cat=0
split_feature=12 12 3 12 12 6 14 3 16 12 17 8 3 3 17 1 4 14 14 7 15 6 9 9 8 16 17 9 15 17
split_gain=109.534 35.916 16.4781 11.9399 11.2118 9.39357 8.86027 7.88518 6.94272 6.41598 5.27914 6.35894 4.93868 4.70631 4.64878 5.52244 4.40724 4.33556 4.57684 3.82412 3.63958 3.52276 3.28281 3.12576 4.78788 3.86992 3.06052 2.89721 4.53648 2.84983
threshold=0.27463123132030548 0.50450322386821445 0.11470416451403233 0.87178055766621132 0.16551808473051824 4.9482604761904776 0.7382866508467425 0.14991808772562804 0.73534781515564784 0.37402845508090682 2.351729683416766 38.174205949228863 0.44779719063506851 0.44398292661468064 1.8891299673879465 0.045663052543786449 3740.5763447673562 0.064510087291076601 0.085660288548143823 0.33683270628788731 2.0126758453675748 3.4251796252517295 0.0077047515488007966 0.058621463381858925 21.304717371284735 0.56164158817865373 1.1149600386466054 0.0077047515488007966 2.1383330595080281 0.22789244228775657
decision_type=2 2 2 2 2 2 2 2 8 2 10 10 2 2 10 8 8 2 2 10 10 2 10 8 10 8 10 8 10 10
left_child=4 2 27 5 20 10 9 -6 -5 17 11 16 14 26 23 22 -3 -4 -19 -12 -1 -20 -16 -11 25 -25 -9 28 -2 -8
right_child=1 3 6 8 7 -7 29 13 -10 12 19 -13 -14 -15 15 -17 -18 18 21 -21 -22 -23 -24 24 -26 -27 -28 -29 -30 -31
leaf_value=0.0011195092317477498 -8.4671848680622607e-05 -0.0045315909058523274 0.00039180646782086849 -0.024632249779609174 0.0011076190891364231 -0.013263601803035369 -0.0022272734889154763 0.00014457962041056956 -0.016918621837421891 -0.0010679158185837973 -0.0067917378047269526 -0.00036966715515259922 -0.0073423729590439361 -0.002135903970442075 -0.0021966248642460925 -0.0021732255711278815 -0.0019587244201391928 -0.0025851680581479683 -0.00095173010630138623 -0.0048555891746904405 0.0018589026964991151 -0.0026231138924668884 -0.0017836326752649261 -0.0031111212355276873 3.0606804571399418e-05 -0.0008939015363101687 -0.0024944850373049918 0.00025110972522749742 -0.0022724182714147648 -0.0042630983883087566
leaf_weight=1865 267 236 390 44 4009 68 48 2988 77 632 41 226 98 326 62 83 130 46 1466 126 13328 187 145 173 102 55 258 1901 100 46
leaf_count=1865 267 236 390 44 4009 68 48 2988 77 632 41 226 98 326 62 83 130 46 1466 126 13328 187 145 173 102 55 258 1901 100 46
internal_value=0.000604898 -0.00275156 -0.00186608 -0.00816228 0.00159965 -0.0068587 -0.00314686 0.000657215 -0.0169426 -0.00289622 -0.00588553 -0.004543 -0.00450777 -0.000367758 -0.00399362 -0.00731959 -0.00698093 -0.00185311 -0.00250765 -0.0105893 0.00206983 -0.00224365 -0.00465865 -0.00298442 -0.00534743 -0.00775546 -2.21742e-05 0.000129573 -0.00230707 -0.0121895
internal_weight=29523 6749 5801 948 22774 827 3533 7581 121 3439 759 592 1350 3572 1252 290 366 2089 1699 167 15193 1653 207 962 330 228 3246 2268 367 94
internal_count=29523 6749 5801 948 22774 827 3533 7581 121 3439 759 592 1350 3572 1252 290 366 2089 1699 167 15193 1653 207 962 330 228 3246 2268 367 94
is_linear=0
shrinkage=0.03


Tree=22
num_leaves=31
num_cat=0
split_feature=12 3 12 12 9 3 4 0 16 17 8 3 14 17 4 17 4 11 16 15 9 7 7 8 8 3 3 14 7 8
split_gain=109.429 23.7114 23.2079 22.7588 13.0589 11.6637 11.0476 10.673 8.07028 7.57583 6.83507 5.83479 4.79712 4.7415 5.98777 4.27734 5.11587 4.24599 4.20762 6.3449 4.1922 4.09672 3.52348 3.36605 5.76907 3.30293 3.1494 3.05414 2.88909 2.85382
threshold=0.35271915141300531 0.17419070788535948 0.17992458160893457 0.57831614195639125 0.082584343007875261 0.30643823385632335 100.31655450710237 11.366987179487181 -0.032801778967852045 1.0379166167518183 74.307224165501779 0.38869063671401183 0.083738801393164586 0.23440319173758367 320.44798118957959 1.016278417560202 509.21864213572229 8.2091723387110047 0.56164158817865373 2.8617925509761908 0.0055351307189542504 0.30510516127582815 0.044996701473583034 41.288847878059521 2.4930801858456517 0.11375288736940055 0.44398292661468064 0.17858628084352038 0.37989789586345885 2.1024251433926087
decision_type=2 2 2 2 8 2 8 8 10 10 10 2 2 8 10 8 8 2 10 8 10 10 10 10 10 2 2 2 10 10
left_child=2 3 20 7 6 18 -3 12 -6 23 11 29 -2 -10 -15 22 -17 -14 25 -20 -1 -18 -7 24 -8 -4 -24 -13 -25 -11
right_child=1 4 5 -5 8 15 9 -9 13 10 -12 27 17 14 -16 16 21 -19 19 -21 -22 -23 26 28 -26 -27 -28 -29 -30 -31
leaf_value=1.0464992268704166e-05 -0.0017494363981189341 -0.013254078571842364 0.00092897438881172115 -0.023622847318172251 1.7039184986336969e-05 -0.0036398432344866127 -0.0020804992453810154 0.00040892924981134608 -0.0017260431093545474 -0.0096845351844562517 -0.0067022468120737791 -0.009865104318041577 -0.0022795707166756427 -0.01377635496577965 -0.0034704617196095345 -0.0069106939957945803 -0.0041488859522264563 -0.00066064530395458173 -0.0045835699408248694 0.00071876317413877683 0.0017219251684688155 0.0013695246792332499 -0.00019762360617294137 0.00070821558850545747 -0.0036898197499665884 6.4265905106789738e-05 -0.0025917755298141376 -0.0019340628470780319 -0.003864098022925025 -0.0021020845480320492
leaf_weight=907 91 40 3427 45 52 73 416 951 59 45 78 46 41 56 270 56 79 698 149 138 15751 57 1108 245 356 3761 345 47 59 222
leaf_count=907 91 40 3427 45 52 73 416 951 59 45 78 46 41 56 270 56 79 698 149 138 15751 57 1108 245 356 3761 345 47 59 222
internal_value=0.000605481 -0.00413541 0.00130562 -0.00166502 -0.0063991 9.56059e-05 -0.00510482 -0.00112626 -0.0109795 -0.00468515 -0.00800911 -0.00623269 -0.00361011 -0.0124741 -0.0138899 -0.00213264 -0.00634197 -0.00280135 0.000607946 -0.00294792 0.00197335 -0.00315328 -0.00159921 -0.00332591 -0.00437775 0.000750313 -0.00127304 -0.0126702 -0.00064918 -0.00395149
internal_weight=29668 3817 25851 1826 1991 9193 1554 1781 437 1514 438 360 830 385 326 1718 192 739 7475 287 16658 136 1526 1076 772 7188 1453 93 304 267
internal_count=29668 3817 25851 1826 1991 9193 1554 1781 437 1514 438 360 830 385 326 1718 192 739 7475 287 16658 136 1526 1076 772 7188 1453 93 304 267
is_linear=0
shrinkage=0.03


Tree=23
num_leaves=31
num_cat=0
split_feature=12 12 12 0 14 0 16 6 15 17 6 9 8 4 0 17 9 13 8 16 8 8 16 4 6 15 13 8 12 14
split_gain=99.26 23.8772 23.8066 23.3852 20.4674 8.38622 7.79071 9.08188 7.89097 7.69957 5.70901 5.63826 5.15843 4.32422 4.21585 3.87327 6.34271 5.76374 3.75166 4.3864 4.39872 3.68427 3.95144 3.54499 3.50139 3.47014 6.60817 3.50966 3.27968 4.14117
threshold=0.36096982675827866 0.68573256071017152 0.1620196782626904 28.257575757575761 0.69250565398909336 28.257575757575761 0.51086519481583148 3.7679581909318753 2.1383330595080281 inf 0.58805835426789888 0.080302413646144669 1.1273362711359962 649.57554294535726 1.405574474972235 2.5113171736250868 0.0077047515488007966 0.065808832792582941 13.70259706467983 0.10186865906832011 1.4819705322950145 10.441415964147323 -1.0000000180025095e-35 1651.6394947126973 3.5404193668873769 2.524928003624769 0.026474482200532997 2.5868654039396826 0.27238363016486927 0.18455293740530895
decision_type=2 2 2 8 2 8 10 2 8 8 2 8 10 10 10 10 10 2 10 10 8 10 10 8 2 10 2 10 2 2
left_child=2 3 -1 4 9 -3 7 12 10 11 -8 14 -4 -12 -2 17 -17 24 19 -13 -21 22 -7 -11 -16 26 -9 -28 29 -14
right_child=1 5 6 -5 -6 21 8 25 -10 23 13 18 28 -15 15 16 -18 -19 -20 20 -22 -23 -24 -25 -26 -27 27 -29 -30 -31
leaf_value=0.001740844608832203 -0.0097600438122296875 -0.01968020759504174 -0.0020470999002789995 0.00029026377630277615 -0.0056714706440965362 -0.015190632840379158 -0.0019498208304870573 -0.0003844541594672853 -0.00030846038600144585 -0.0053241880874729756 -0.0072289541662804175 -0.00088082391793412474 0.0001149270478136442 -0.0023765511359578103 -0.00055600716703498574 -0.0019759615757256191 -0.001264793985308978 -0.0068208681034452228 -0.00034431557757280207 -0.0010881708612368783 -0.0037384561030456799 -0.00013380251165110539 -0.014344550386420265 -0.0030402632165985022 -0.0060511631186986039 -0.0010494765786035608 -0.0058810027152011168 -0.0053194943159792672 -6.1195325672400166e-05 0.001085907501187938
leaf_weight=14945 68 110 391 929 117 52 88 91 501 68 50 59 2500 63 1118 150 360 43 96 47 150 42 42 49 127 380 46 45 2740 4196
leaf_count=14945 68 110 391 929 117 52 88 91 501 68 50 59 2500 63 1118 150 360 43 96 47 150 42 42 49 127 380 46 45 2740 4196
internal_value=0.000611145 -0.00403776 0.0012589 -0.00337877 -0.00491398 -0.0130445 0.000205824 0.000412608 -0.00285064 -0.0042958 -0.00785644 -0.00389635 0.000624847 -0.0122895 -0.00323621 -0.00295497 -0.00516634 -0.00207603 -0.00737677 -0.00926848 -0.0114091 -0.0079708 -0.0112421 -0.0117712 -0.00169743 -0.00329307 -0.00668852 -0.0123587 0.000764862 0.00112259
internal_weight=29663 3627 26036 3381 2452 246 11091 10389 702 2335 201 2218 9827 113 1866 1798 510 1288 352 256 197 136 94 117 1245 562 182 91 9436 6696
internal_count=29663 3627 26036 3381 2452 246 11091 10389 702 2335 201 2218 9827 113 1866 1798 510 1288 352 256 197 136 94 117 1245 562 182 91 9436 6696
is_linear=0
shrinkage=0.03


Tree=24
num_leaves=31
num_cat=0
split_feature=12 12 0 12 3 0 12 12 3 16 0 17 16 9 7 3 17 11 0 14 11 17 13 7 11 7 13 10 14 14
split_gain=92.6201 28.1994 19.4306 14.0376 11.0112 10.8978 12.1211 10.8157 8.63354 7.51348 7.11572 6.08057 8.0255 6.02579 5.04066 4.90872 6.22293 4.81729 4.77608 4.67971 6.81007 5.00967 4.49154 8.36879 4.12055 4.0924 4.00039 3.79436 5.37423 3.62932
threshold=0.27238363016486927 0.5517502486709237 95.446153846153848 0.38849528424213681 0.44051853728247609 2.6049838734176016 0.87178055766621132 0.14403489481948387 0.44398292661468064 0.73534781515564784 1.3213726811383062 1.7201381195487364 0.29450742247419998 0.0077047515488007966 0.20775995153042254 0.11375288736940055 1.2467163084516091 9.0792631067445821 1.7547772226893761 0.60099052275563392 10.030648697183507 0.24564362033732892 0.033226464645187005 0.32273489722327037 6.4272968650711446 0.038720072312170818 0.0081655820000622187 1.7249719676579762 0.22344619519823836 0.090993620398068978
decision_type=2 2 8 2 2 8 2 2 2 8 10 8 10 10 10 2 10 2 10 2 2 10 2 10 2 10 2 8 2 2
left_child=7 2 3 10 11 -3 17 -1 15 -8 -2 18 13 -13 27 24 25 26 -5 -16 21 -21 23 -14 -9 -17 -7 -12 -29 -18
right_child=1 5 -4 4 -6 6 9 8 -10 -11 14 12 22 -15 19 16 29 -19 -20 20 -22 -23 -24 -25 -26 -27 -28 28 -30 -31
leaf_value=0.0018073231504622191 -0.0067203789605896052 -0.012598559163516525 0.001269130605725735 -0.0061678932033275118 -0.0069871940805063459 -0.0011053201122860025 -0.020265020317861596 -0.0067249690919780085 -0.0019880485048539608 -0.014904109581541571 -0.0012968516447112975 -0.0018585178677205728 -0.0036351902889772687 -0.00083767980600008495 -0.00021338287472530448 -0.0035369051963514524 0.0005715716482136016 -0.0052662768128647203 -0.00067960458492329393 -0.00030065540512330625 0.00011918699136714761 -0.002644774101490617 -0.00063547740847175833 -0.0019834370344538874 0.0014748968050895441 0.00037359596643092065 -0.0054669792164837461 -0.0070965075464443049 3.2427521832232298e-05 -0.0019592165441196206
leaf_weight=13392 91 81 991 99 139 225 42 48 388 71 555 104 86 286 2494 78 114 90 839 40 108 72 40 160 3540 5074 63 104 57 236
leaf_count=13392 91 81 991 99 139 225 42 48 388 71 555 104 86 286 2494 78 114 90 839 40 108 72 40 160 3540 5074 63 104 57 236
internal_value=0.000596506 -0.00246695 -0.00188398 -0.00260815 -0.00480103 -0.0088377 -0.00712805 0.0015124 0.000736787 -0.0157105 -0.00151533 -0.00409783 -0.00626588 -0.00345269 -0.00129408 0.000923991 0.000360894 -0.0045277 -0.00253035 -0.000702762 -0.00488688 -0.0100354 -0.0100767 -0.011587 0.00178713 0.000624103 -0.00261592 -0.00353138 -0.00757407 -0.00350427
internal_weight=29707 6837 6265 5274 1753 572 491 22870 9478 113 3521 1614 676 390 3430 9090 5502 378 938 2714 220 112 286 246 3588 5152 288 716 161 350
internal_count=29707 6837 6265 5274 1753 572 491 22870 9478 113 3521 1614 676 390 3430 9090 5502 378 938 2714 220 112 286 246 3588 5152 288 716 161 350
is_linear=0
shrinkage=0.03


Tree=25
num_leaves=31
num_cat=0
split_feature=12 12 0 14 3 11 12 3 14 17 4 9 13 4 11 3 17 11 17 17 7 4 10 0 13 11 10 6 7 12
split_gain=89.9566 23.8602 20.5122 22.2677 11.7852 10.1028 7.69311 7.5896 7.51686 7.22342 6.0563 6.04487 5.3501 5.0842 4.98416 4.85917 4.70257 4.3167 5.16789 3.79111 5.54743 3.63881 3.62649 3.6122 3.57546 5.4556 3.38405 3.22048 3.20906 5.50344
threshold=0.38849528424213681 0.17562803141356167 28.257575757575761 0.63014080028031538 0.14794087259164393 6.7159890799278301 0.87178055766621132 0.44051853728247609 0.7382866508467425 1.8891299673879465 1474.3680938917771 0.0077047515488007966 0.039148016386892422 1674.2775642083545 9.3796611130291989 0.18898966722937555 3.6137932482242756 7.7664168082465954 1.0625675233958116 1.0379166167518183 0.16326564937984681 193.00702249231338 1.3954730380255953 0.98876253849678197 0.047357574945620123 9.0112184746423747 1.9491311240329516 3.8845208215154394 0.29246070693677256 0.25187974267969265
decision_type=2 2 8 2 2 2 2 2 2 8 10 10 2 10 2 2 8 2 10 10 10 8 8 10 2 2 8 2 10 2
left_child=1 17 3 5 21 16 -4 9 14 -7 -5 -11 -10 15 19 -13 -2 18 -1 24 -21 -3 -16 -20 -6 26 -26 -9 29 -24
right_child=2 4 6 10 8 7 -8 27 12 11 -12 13 -14 -15 22 -17 -18 -19 23 20 -22 -23 28 -25 25 -27 -28 -29 -30 -31
leaf_value=0.00085299626982521476 -0.0096303101675850461 -0.010524560192194814 4.086799701680756e-05 -0.018437577465939381 -0.00056594143513521641 -0.00096805298090065861 -0.014181861954507604 -0.0092763795018083999 -0.0050906169695100626 -0.0024973691836964363 -0.0021548166062123719 -0.0019325757907175634 5.1056214581544259e-05 -0.00071501930203346931 0.00022123757676424226 -0.0026852613491938674 -0.0094126520918092222 0.0015829629160018037 0.0021149216565980698 -0.0067391723575958061 -0.0022608223014699818 0.00061943646136646685 -5.1144409436142349e-05 -0.007122693330870798 0.0010221555225760578 -0.0032594825991825753 -0.0072493775414477525 -0.012205269724420735 0.00057649135505051714 -0.0014951060856263131
leaf_weight=960 74 46 852 122 1149 958 77 104 75 172 57 128 46 211 1953 78 40 15179 47 40 280 5253 553 82 128 97 40 40 373 440
leaf_count=960 74 46 852 122 1149 958 77 104 75 172 57 128 46 211 1953 78 40 15179 47 40 280 5253 553 82 128 97 40 40 373 440
internal_value=0.000612443 0.00115784 -0.00439293 -0.00611486 4.09587e-05 -0.00510797 -0.000712903 -0.0045195 -0.000977391 -0.00390116 -0.0161833 -0.00651356 -0.00833607 -0.00454306 -0.000799565 -0.00788406 -0.0137217 0.00187682 5.22937e-05 -0.00210259 -0.00504673 0.00103528 -0.000118373 -0.00556154 -0.00143322 -0.00456767 -0.00127811 -0.0110897 -0.00130358 -0.00219416
internal_weight=29654 26741 2913 1984 10473 1805 929 1691 5174 1547 179 589 121 417 5053 206 114 16268 1089 1734 320 5299 3319 129 1414 265 168 144 1366 993
internal_count=29654 26741 2913 1984 10473 1805 929 1691 5174 1547 179 589 121 417 5053 206 114 16268 1089 1734 320 5299 3319 129 1414 265 168 144 1366 993
is_linear=0
shrinkage=0.03


Tree=26
num_leaves=31
num_cat=0
split_feature=12 3 12 0 12 17 12 3 6 9 17 9 11 14 3 1 16 8 8 14 14 9 7 14 7 9 17 9 12 16
split_gain=84.8756 25.0164 31.3132 12.3131 11.1403 9.93448 9.66939 8.39564 7.13244 5.20051 9.07702 6.72219 4.52209 4.3536 4.31036 4.52499 4.30177 4.24724 4.13127 4.05299 3.89766 3.84394 3.49696 3.26546 3.17029 3.13567 3.05268 2.9785 2.89875 2.83212
threshold=0.27238363016486927 0.37307780696417758 0.87178055766621132 500.25000000000006 0.14403489481948387 1.0625675233958116 0.36593090772450171 0.18752081328728526 3.4251796252517295 0.0077047515488007966 1.7201381195487364 0.084756564789750258 5.4701654074033046 0.75085549114344441 0.44398292661468064 0.15638586956521741 1.1310844301485856 127.61577431545795 1.1777863477501105 0.56459932731526574 0.14594739711837137 0.097296931228865638 0.30510516127582815 0.48378809972364439 0.27720883246991845 0.0055351307189542504 1.016278417560202 0.033221055597661017 0.36971065314264356 0.31545539486290658
decision_type=2 2 2 8 2 8 2 2 2 10 8 10 2 2 2 10 8 10 10 2 2 8 10 2 10 10 10 10 2 10
left_child=4 2 3 6 25 8 18 12 19 10 -8 -11 -6 -14 26 23 21 20 -2 -3 -12 24 -10 -16 -7 -1 -9 -26 -21 -13
right_child=1 5 -4 -5 7 16 9 14 22 11 17 29 13 -15 15 -17 -18 -19 -20 28 -22 -23 -24 -25 27 -27 -28 -29 -30 -31
leaf_value=0.00028119770021751213 -0.0058144747246999286 -0.0013830432763190948 -0.019087305173063802 0.001262595670204819 -0.0088528198372629097 -0.011705308892235393 -0.0012120420026217377 9.1369030210271268e-05 -0.0061965419060749623 -0.0010022534462474273 -0.001773444239349905 -0.0011828501111671792 0.0009776560068994074 -0.0027769616528057631 0.00015309869372191921 -0.0037028248161419934 -0.0052991888604537862 -0.00046895580940364612 -0.0002893417995976287 -0.0025308382098375706 -0.0030715757462220273 -0.008446728627871939 -0.0017308472719961315 -0.0017271986072015463 -0.0050809393900078346 0.0018249913836992228 -0.0019998924898815616 -0.00028969349295403587 -0.0043631064419900958 -0.002022665435473886
leaf_weight=789 48 584 63 918 46 77 181 2596 121 1414 96 150 6150 53 213 75 84 42 2571 42 54 61 42 94 66 12502 287 41 46 90
leaf_count=789 48 584 63 918 46 77 181 2596 121 1414 96 150 6150 53 213 75 84 42 2571 42 54 61 42 94 66 12502 287 41 46 90
internal_value=0.000620941 -0.00232288 -0.00149414 -0.00125391 0.00149763 -0.00632446 -0.00188121 0.00071382 -0.00457536 -0.00343639 -0.00663369 -0.00271178 0.00135792 0.00142795 -0.000518983 -0.00350914 -0.0107364 -0.0111606 -0.000676717 -0.00320059 -0.0135099 -0.0127439 -0.010189 -0.00187987 -0.0104757 0.00205861 -0.000121706 -0.00702778 -0.00916854 -0.0073444
internal_weight=29596 6791 5627 5564 22805 1164 4646 9514 835 2027 373 1654 6249 6203 3265 382 329 192 2619 672 150 245 163 307 184 13291 2883 107 88 240
internal_count=29596 6791 5627 5564 22805 1164 4646 9514 835 2027 373 1654 6249 6203 3265 382 329 192 2619 672 150 245 163 307 184 13291 2883 107 88 240
is_linear=0
shrinkage=0.03


Tree=27
num_leaves=31
num_cat=0
split_feature=12 12 3 3 17 12 16 3 3 16 16 7 11 0 7 7 13 0 12 4 11 1 9 13 16 0 9 1 4 17
split_gain=81.6291 25.3429 23.7387 9.62132 10.4787 8.2289 7.77434 7.38558 6.09748 6.64819 4.98959 4.75376 4.34738 6.51266 4.28548 4.27172 4.22518 3.81244 3.98233 3.55714 3.53175 3.50877 3.45431 4.65239 4.20539 3.64139 3.4007 3.33421 3.30811 3.48243
threshold=0.26537890472202369 0.87178055766621132 0.1256927053382382 0.43713272138305059 1.1149600386466054 0.14403489481948387 -0.024836796860582194 0.23944545790538377 0.21560301433203727 0.25454816440108191 0.15947893829381535 0.19047439645004785 6.1810507801846031 1.2685634858959525 0.12818267310921069 0.32273489722327037 0.030799212316964 95.446153846153848 0.4194043292224246 2819.1259562507903 10.3429675371555 0.051635264841805924 0.08177907867071392 0.089058414718207815 0.10688485803802712 1.4203828636244658 0.0055351307189542504 0.16428133306072382 419.5603166515196 1.9823507676023684
decision_type=2 2 2 2 10 2 10 2 2 10 8 10 2 10 10 10 2 8 2 8 2 10 8 2 10 10 10 10 8 10
left_child=5 2 14 4 12 26 -3 20 19 -10 11 -5 13 -4 -2 28 21 18 -16 -6 -7 -12 23 -14 -24 -26 -1 -9 -11 -30
right_child=1 6 3 10 8 7 -8 27 9 15 16 -13 22 -15 17 -17 -18 -19 -20 -21 -22 -23 24 -25 25 -27 -28 -29 29 -31
leaf_value=3.3762468180049694e-05 -0.0031403487393425935 -0.013383652184968628 -0.00031310600837773948 -0.008986987926379723 -0.00055751463125045431 0.00045961346159488763 -0.017914382516702198 -8.568645778548116e-05 -0.0028680824818222185 -0.003358607735680317 -0.0031275124083750784 -0.0066485538829769318 -0.00042002565386488105 -0.010759694810885711 8.5752733878886658e-05 -0.0038627559974821284 -0.0022859223529614219 0.0015796323065370022 -0.0010927615610676269 -0.0017439085098903703 0.0013898302195779664 -0.0034928932929726426 0.00049593231518966683 -0.0034748417729379088 0.00020364979237498304 -0.0017944695842348523 0.001736030118265132 -0.0019127047724292752 -0.0030476756204739683 -0.0032628661470523132
leaf_weight=779 41 40 72 40 323 4343 76 1759 136 44 151 65 2074 51 1588 146 141 815 250 184 2691 50 171 80 89 428 12589 371 59 67
leaf_count=779 41 40 72 40 323 4343 76 1759 136 44 151 65 2074 51 1588 146 141 815 250 184 2691 50 171 80 89 428 12589 371 59 67
internal_value=0.000634348 -0.00215079 -0.00192117 -0.00328614 -0.00280968 0.00152203 -0.016 0.00082946 -0.00553437 -0.00806622 -0.00745312 -0.0131604 -0.00192684 -0.00742742 0.000293878 -0.0104479 -0.00566764 0.000444235 -0.000313214 -0.00326575 0.00129808 -0.00845049 -0.00168625 -0.0010942 -0.00353556 -0.00488224 0.00199671 -0.000717973 -0.0136842 -0.0161575
internal_weight=29713 7181 7065 4371 3924 22532 116 9164 959 452 447 105 2965 123 2694 316 342 2653 1838 507 7034 201 2842 2154 688 517 13368 2130 170 126
internal_count=29713 7181 7065 4371 3924 22532 116 9164 959 452 447 105 2965 123 2694 316 342 2653 1838 507 7034 201 2842 2154 688 517 13368 2130 170 126
is_linear=0
shrinkage=0.03


Tree=28
num_leaves=31
num_cat=0
split_feature=12 12 12 0 17 3 14 16 11 11 14 17 14 6 11 12 7 14 14 10 13 17 15 9 9 4 16 14 12 15
split_gain=71.2173 21.7223 16.8003 14.5512 9.75468 9.21192 9.10972 7.83913 7.24642 6.95894 5.66624 5.39817 5.87245 5.38067 5.07498 4.80952 4.14781 3.79164 6.20356 4.59942 4.92411 6.30968 4.33987 3.92432 3.52363 5.37552 3.60876 3.48763 3.30528 4.46652
threshold=0.38849528424213681 0.2348388501598189 0.87178055766621132 11.366987179487181 2.2023554142283888 0.14065028522030282 0.69250565398909336 0.73534781515564784 7.0089570573954596 9.3796611130291989 0.7382866508467425 1.9823507676023684 0.45916942315593406 2.6728059628543503 8.3057311143474983 0.066080348251881041 0.31671551736441916 0.21366555468538176 0.064510087291076601 1.0387619781279696 0.047837687519674522 0.57233811912177235 1.2424533248940004 0.093030183108043965 0.0077047515488007966 1138.6088859873021 0.34198908065521866 0.5567620803066996 0.48560406362632996 2.0126758453675748
decision_type=2 2 2 8 8 2 2 8 2 2 2 10 2 2 2 2 10 2 2 10 2 8 8 8 10 10 10 2 2 10
left_child=1 9 3 4 6 -3 13 -4 -6 11 16 15 -13 -2 -15 -1 17 18 23 -20 -21 -22 -19 -7 -10 26 -26 -16 -5 -30
right_child=2 5 7 28 8 10 -8 -9 24 -11 -12 12 -14 14 27 -17 -18 22 19 20 21 -23 -24 -25 25 -27 -28 -29 29 -31
leaf_value=0.0019849115706377092 -0.00074796410783050933 0.00030840002584008107 -0.020409053906296413 0.00046150315611641969 -0.013518147626027479 0.00052652208821681002 -0.0053347349502228013 -0.012619227535333939 -0.002536151058747695 0.0013492271802097605 -0.004281782255098259 -0.0012156127916888707 -0.002955167322147235 -0.0082177611655166946 -0.0022424330456662332 0.00011536898039874237 0.00019544289630931072 -0.0021067990028129113 -0.0013943895152072033 -0.0018781589775577361 -0.0062316514192617412 -0.0030316411195533389 -0.0001752177845530552 -0.0011035614910020841 -0.0021035143886649977 -0.00087947515316526357 -0.0032609800582469191 -0.001677060943448893 -0.00055845548388263287 -0.0042201446612493846
leaf_weight=2123 837 2924 40 532 45 302 57 76 126 15128 75 190 45 58 190 3242 908 50 265 281 74 85 1052 40 56 216 82 43 423 93
leaf_count=2123 837 2924 40 532 45 302 57 76 126 15128 75 190 45 58 190 3242 908 50 265 281 74 85 1052 40 56 216 82 43 423 93
internal_value=0.000651202 0.0011328 -0.00383583 -0.00336209 -0.00506721 -0.000447746 -0.00355396 -0.0149744 -0.00846958 0.00159458 -0.00157804 0.000690948 -0.00375 -0.00295483 -0.00646233 0.000886135 -0.00137639 -0.00209442 -0.00338645 -0.00499292 -0.00687075 -0.0110812 -0.000864914 -6.99707e-05 -0.00735967 -0.00579718 -0.0104029 -0.00444872 -0.000577693 -0.00228627
internal_weight=29658 26784 2874 2758 1710 6056 1185 116 525 20728 3132 5600 235 1128 291 5365 3057 2149 1047 705 440 159 1102 342 480 354 138 233 1048 516
internal_count=29658 26784 2874 2758 1710 6056 1185 116 525 20728 3132 5600 235 1128 291 5365 3057 2149 1047 705 440 159 1102 342 480 354 138 233 1048 516
is_linear=0
shrinkage=0.03


Tree=29
num_leaves=31
num_cat=0
split_feature=16 0 6 11 14 7 14 17 11 17 8 0 15 11 7 9 15 4 15 0 13 14 6 0 11 7 9 0 0 14
split_gain=28.6214 17.449 12.2117 10.1787 9.45734 8.73213 8.22253 7.38356 6.50472 5.77063 5.35847 5.28013 9.30759 4.72167 4.64062 4.38253 5.04163 3.98395 4.18833 3.70137 4.7396 3.65331 3.31144 3.23013 3.86094 3.50613 3.2126 4.24936 3.90366 2.84591
threshold=0.33812496402684161 1.8737584575377431 3.8845208215154394 5.9121498248393989 0.67140062212943341 0.25221476897044331 0.62008708845291272 2.8804340341922567 8.2091723387110047 0.69322481428419114 2.5482791831712812 1.1102578869197137 2.8029010331479989 9.0792631067445821 0.36598286265751412 0.0055351307189542504 1.0000000180025095e-35 419.5603166515196 2.1383330595080281 0.9939031756321729 0.0054501382769728953 0.180032785398999 0.93579685424397629 1.1725159672627423 9.4363996675759427 0.096207709646331172 inf 1.524103148455646 1.1528860200138495 0.62008708845291272
decision_type=8 10 2 2 2 8 2 10 2 10 10 10 10 2 10 10 10 8 10 10 2 2 2 10 2 10 8 10 8 2
left_child=2 4 5 -3 17 15 7 21 -4 -8 -9 -6 13 22 -11 16 -1 18 19 -2 -21 -5 -13 -17 25 -25 27 -7 -28 -10
right_child=1 3 8 6 11 26 9 10 29 14 -12 12 -14 -15 -16 23 -18 -19 -20 20 -22 -23 -24 24 -26 -27 28 -29 -30 -31
leaf_value=-0.0046933758455891001 4.3584882062118151e-05 -0.013905187227978877 -0.0076867556387133773 -0.0015074924814539121 -0.0012745456955727589 0.0011337968974149406 -0.0023603167864027423 -0.0050789549217907194 -0.00058465370105269374 -0.0073506520885564782 -0.0017600312783668005 -0.00041204037645237418 0.0017389397047781509 -0.0070108430175029419 -0.013103104589252375 0.001886572827349777 0.00024065247885625941 0.0004226540399590523 0.00077950986895751982 -0.00617751611984805 -0.0015742278005754903 -8.233021657918302e-05 -0.0024286413342688956 -0.001882954857881559 0.00097423651957694252 0.00021833883023058867 0.0021302830896672603 -0.00025301184677400571 -0.0041447446611467039 -0.0043041914109473644
leaf_weight=109 124 42 75 553 164 1187 87 67 965 40 341 56 60 57 59 6533 457 3120 251 103 93 764 69 267 9150 1907 47 2853 54 66
leaf_count=109 124 42 75 553 164 1187 87 67 965 40 341 56 60 57 59 6533 457 3120 251 103 93 764 69 267 9150 1907 47 2853 54 66
internal_value=0.000616736 -0.00122459 0.00108741 -0.00355732 -0.000112006 0.00123829 -0.00323065 -0.00258111 -0.00198916 -0.00920856 -0.00610269 -0.00445209 -0.00725926 -0.010623 -0.01413 0.00151807 -0.00107936 0.000366468 -0.00193531 -0.00420561 -0.00676142 -0.00148634 -0.0072619 0.00160046 0.00129377 0.000157241 -6.51848e-06 0.000126206 -0.00526471 -0.00136337
internal_weight=29720 6050 23670 1953 4097 22564 1911 1725 1106 186 408 406 242 182 99 18423 566 3691 571 320 196 1317 125 17857 11324 2174 4141 4040 101 1031
internal_count=29720 6050 23670 1953 4097 22564 1911 1725 1106 186 408 406 242 182 99 18423 566 3691 571 320 196 1317 125 17857 11324 2174 4141 4040 101 1031
is_linear=0
shrinkage=0.03


Tree=30
num_leaves=31
num_cat=0
split_feature=12 12 12 6 7 12 11 9 17 14 17 17 7 11 11 11 17 14 7 14 11 9 15 11 7 12 17 14 9 9
split_gain=63.0517 18.5687 9.77779 8.90701 7.83792 7.19244 5.38545 4.93761 4.89793 10.3403 4.83132 4.77268 4.28803 4.17849 3.65162 3.88012 4.43111 3.22539 3.71628 3.15395 3.23267 2.97302 2.95494 2.91949 2.88663 2.98151 2.69039 2.67635 3.25582 4.41162
threshold=0.27987130111361497 0.48560406362632996 0.12764283415115599 5.7988409000321441 0.087356721570878565 0.87178055766621132 9.3181628534974035 0.027932793498658424 inf 0.75085549114344441 0.75603285804771747 0.68398548854444885 0.30209557871712478 10.021337252390177 9.4207228451671003 10.514407348995331 3.0937951317496952 0.46922117293072813 0.035973215632685483 0.66206747793733689 5.4701654074033046 0.1513672681785396 1.2424533248940004 7.7664168082465954 0.23731530190098712 0.35701339954961858 1.6446965522236028 0.21366555468538176 0.073532391474593742 0.13352993484978967
decision_type=2 2 2 2 10 2 2 8 8 2 10 8 10 2 2 2 10 2 10 2 2 8 10 2 10 2 10 2 10 10
left_child=2 8 23 5 11 10 19 -7 9 14 21 17 -12 -13 -2 -16 24 -4 -19 20 -6 22 -3 26 25 -17 -1 28 -8 -30
right_child=1 3 4 -5 6 7 27 -9 -10 -11 12 13 -14 -15 15 16 -18 18 -20 -21 -22 -23 -24 -25 -26 -27 -28 -29 29 -31
leaf_value=0.000711332052840744 -0.0016288780701262107 0.00025554354210163881 0.00010351987407324851 -0.013249984482316658 -0.0060210060144598133 -0.0079409911919844089 0.00095676259352400913 -0.01652240392179926 0.00089878585339220503 -0.0030788228303109486 -0.0044832052756854915 -0.0037038325718028757 -0.0019585109143169374 -0.00033966745916853158 -8.1186638752346133e-05 -0.0013726324565381325 -0.0018267735332464464 -0.0043882129674142544 -0.00060415236815272494 -0.0021635278379551256 0.00014474986435154721 -0.0098618645820552978 -0.0016563366668269242 0.0017943381553187487 -0.00010708629674639143 -0.0022142805931341619 -0.0044880715934790772 0.0010513428479423548 -0.00085235116772644536 0.0013732030809196012
leaf_weight=858 1589 264 514 63 66 59 2320 42 711 57 64 53 309 43 2192 241 44 51 243 105 2365 44 308 10800 409 61 57 4572 685 384
leaf_count=858 1589 264 514 63 66 59 2320 42 711 57 64 53 309 43 2192 241 44 51 243 105 2365 44 308 10800 409 61 57 4572 685 384
internal_value=0.000696186 -0.00192459 0.0014283 -0.00537348 0.000802754 -0.00472961 0.00103363 -0.0123235 -0.00117399 -0.00153265 -0.00394242 -0.00187624 -0.00663369 -0.00816495 -0.00137139 -0.000745929 -0.00259921 -0.0011199 -0.00362034 -0.00017028 5.05758e-05 -0.0023047 -0.00171728 0.00203696 -0.00201826 -0.00423762 0.000409389 0.00141711 0.000777876 -0.000591589
internal_weight=29573 6457 23116 1153 11401 1090 10497 101 5304 4593 989 904 373 96 4536 2947 755 808 294 2536 2431 616 572 11715 711 302 915 7961 3389 1069
internal_count=29573 6457 23116 1153 11401 1090 10497 101 5304 4593 989 904 373 96 4536 2947 755 808 294 2536 2431 616 572 11715 711 302 915 7961 3389 1069
is_linear=0
shrinkage=0.03


Tree=31
num_leaves=31
num_cat=0
split_feature=12 12 0 12 11 7 0 17 14 7 11 4 11 12 11 1 7 16 9 12 15 7 12 4 13 15 15 0 16 14
split_gain=61.2321 18.2604 15.1324 12.659 9.75866 8.58204 7.39542 6.21788 6.2554 6.59733 4.88416 4.82365 6.08994 4.44897 4.71101 4.42703 4.29518 4.13373 3.9422 3.74872 3.71289 3.63152 8.82689 5.25488 3.43753 3.39514 3.28222 2.89442 2.75546 2.57516
threshold=0.3176539135113004 0.87178055766621132 19.010204081632654 0.14403489481948387 9.3929952030903507 0.087356721570878565 28.257575757575761 6.6585427530410923 0.69250565398909336 0.32273489722327037 9.3181628534974035 945.95594411299919 7.4175802220539717 0.43933451072651636 10.657459334846001 0.07561463693539168 0.298622523621421 0.46225276319899278 0.070874147984448757 0.45382974989356978 2.249904835165133 0.064253638073014527 0.039873456268354264 991.487413216513 0.066939756652850971 3.0201273556387074 2.0126758453675748 1.8159274064938657 0.1209215125841246 0.55190618553934467
decision_type=2 2 8 2 2 10 8 8 2 8 2 10 2 2 2 10 10 10 10 2 10 10 2 8 2 8 10 10 8 2
left_child=3 2 4 20 7 11 -3 8 -2 -10 17 12 -5 16 15 29 18 -7 24 -4 21 22 -1 -24 -6 -14 -21 -19 -20 -15
right_child=1 6 19 5 13 10 -8 -9 9 -11 -12 -13 25 14 -16 -17 -18 27 28 26 -22 -23 23 -25 -26 -27 -28 -29 -30 -31
leaf_value=0.0013660309823578698 -0.0024040841071932481 -0.01728569916297297 0.0013630243898476839 -8.3197057502944338e-05 -0.00053184721859983735 6.1175258492690478e-05 -0.011890146175704679 -0.0064932183801149537 -0.0040686914790457338 -0.0020630579961905685 0.00062654576794099264 -0.00053133770553289307 -0.0014012013340582328 -0.00069238546403657566 -0.0033135691228082316 -0.0067630993555076067 0.00014105690066686029 -0.0017648062337209914 -0.0030973250134338002 1.0826198714371153e-05 0.0016312281000301534 0.0012740930539010375 -0.00063211816042598812 -0.0047554453210506423 -0.0019916260618894105 -0.0038408334477843674 -0.002532882548880299 -0.0056799963678819598 -0.0013012515782096937 -0.0038619074507002713
leaf_weight=356 1215 46 650 70 524 2379 74 147 41 46 7826 534 45 308 47 60 910 326 40 487 10806 1961 77 111 50 63 96 54 176 42
leaf_count=356 1215 46 650 70 524 2379 74 147 41 46 7826 534 45 308 47 60 910 326 40 487 10806 1961 77 111 50 63 96 54 176 42
internal_value=0.000669339 -0.00237157 -0.00208326 0.00128221 -0.00306404 0.000543548 -0.0138843 -0.00496759 -0.00430084 -0.0120341 0.000758077 -0.00264236 -0.00690503 -0.0017836 -0.0044083 -0.00335766 -0.00107584 -0.000327174 -0.00269279 0.000785251 0.00190903 0.000867917 -0.00129908 -0.00653968 -0.00138783 -0.0113394 -0.000960616 -0.00322835 -0.00613825 -0.00205128
internal_weight=29567 4959 4839 24608 3606 11297 120 1449 1302 87 10585 712 178 2157 457 410 1700 2759 790 1233 13311 2505 544 188 574 108 583 380 216 350
internal_count=29567 4959 4839 24608 3606 11297 120 1449 1302 87 10585 712 178 2157 457 410 1700 2759 790 1233 13311 2505 544 188 574 108 583 380 216 350
is_linear=0
shrinkage=0.03


Tree=32
num_leaves=31
num_cat=0
split_feature=12 12 3 3 12 3 3 17 15 17 17 1 3 3 11 10 14 15 17 10 17 11 7 8 7 12 14 14 17 14
split_gain=59.0237 20.9874 16.248 9.50303 8.53863 10.0325 8.48553 7.35252 5.3602 5.21142 4.34565 4.05481 6.00082 3.67399 3.55166 3.5627 3.54672 3.49614 3.33392 3.305 3.17969 3.11045 3.14641 2.95301 2.9412 8.02896 2.99584 2.92014 2.68897 2.53202
threshold=0.27238363016486927 0.87178055766621132 0.3847827959042634 0.36944033513456359 0.13249695364687855 0.23944545790538377 0.093913000487728229 2.0950339193447265 1.4978661367769956 1.0379166167518183 4.9664730901213643 0.16428133306072382 0.45543101709729822 0.52235899429792387 8.3921966948214717 1.6195031359000305 0.17858628084352038 2.1383330595080281 0.57926925633751269 1.4481286724795761 1.1149600386466054 10.601361045763651 0.15304319730678179 1.9189184677234998 0.076909380649847647 0.045633444912948747 0.26872700912277842 0.63014080028031538 0.78066546172856788 0.18714609236612942
decision_type=2 2 2 2 2 2 2 10 10 10 10 8 2 2 2 8 2 10 10 10 10 2 10 10 10 2 2 2 8 2
left_child=4 2 6 -3 17 14 21 -8 10 13 -9 20 -13 19 15 -6 -11 24 -17 -4 -7 22 -2 -10 25 -1 -27 -18 -21 -23
right_child=1 3 9 -5 5 11 7 8 23 16 -12 12 -14 -15 -16 18 27 -19 -20 28 -22 29 -24 -25 -26 26 -28 -29 -30 -31
leaf_value=0.00092847116516483845 -0.0046720711660456814 -0.016080308651005602 -0.0015925058579951794 -0.0052558498644643291 0.00011677375647446585 4.6289427824710273e-05 -0.00054619936041331251 -0.0025356596903150061 -0.0025719186809611484 -0.010256207730328946 -0.00019769239208604285 -0.001248115472320171 -0.0037329833696140985 -0.0063898776796050246 0.00085664939908525705 -0.00053801035639133865 -0.0016859757803594705 0.0017219438951450515 -0.0067477109789138151 -0.0022587077194403584 -0.0025428746818506247 0.00077209682090688349 0.00055843072430329524 -0.00091018505925631989 0.0015639696236418978 -0.0061161035888433251 -0.0023466010276753184 -0.0026376215099669139 -0.0066615268008386229 -0.0012548321457187875
leaf_weight=340 57 66 436 59 458 1791 3157 157 42 76 44 413 76 70 7647 79 75 10308 49 243 152 49 1709 404 1409 62 102 42 43 112
leaf_count=340 57 66 436 59 458 1791 3157 157 42 76 44 413 76 70 7647 79 75 10308 49 243 152 49 1709 404 1409 62 102 42 43 112
internal_value=0.000647571 -0.00179728 -0.00156945 -0.0139286 0.00137842 0.000758016 -0.000957257 -0.00177871 -0.00468981 -0.00512677 -0.00874752 -0.000934648 -0.00337347 -0.00404035 0.00125808 -0.000991482 -0.00954124 0.00191973 -0.00539535 -0.00339419 -0.000319444 0.000664419 0.00102886 -0.00284564 0.000741379 -0.00122376 -0.00665455 -0.00617797 -0.00589547 -0.00331481
internal_weight=29727 6841 6716 125 22886 10665 5731 3804 647 985 201 2432 489 792 8233 586 193 12221 128 722 1943 1927 1766 446 1913 504 164 117 286 161
internal_count=29727 6841 6716 125 22886 10665 5731 3804 647 985 201 2432 489 792 8233 586 193 12221 128 722 1943 1927 1766 446 1913 504 164 117 286 161
is_linear=0
shrinkage=0.03


Tree=33
num_leaves=31
num_cat=0
split_feature=12 12 0 12 12 9 0 7 0 17 9 14 14 17 14 17 15 0 15 7 15 15 14 14 19 11 14 0 0 7
split_gain=52.5223 19.8518 12.7281 11.9816 8.51417 8.29992 8.25914 6.98452 6.78523 6.46844 6.59549 4.51987 4.36013 4.43888 4.05136 4.0342 3.67737 3.54216 3.33079 3.25916 5.70512 3.14649 4.2329 3.35087 3.01584 2.93197 3.32529 3.04131 2.87491 3.22856
threshold=0.27238363016486927 0.87178055766621132 500.25000000000006 0.40914387830223214 0.13249695364687855 0.027932793498658424 1.8899606074393303 0.085441321830659764 1.3176471063246555 2.0950339193447265 0.00993081662489558 0.75085549114344441 0.52811254437811528 1.2813147250534518 0.014958910065235817 0.5400844383025275 1.8688348091416842 1.1220744291755838 1.8688348091416842 0.30805005690909643 1.8688348091416842 3.3497501700808394 0.6061035485807782 0.18589582675654745 4.5000000000000009 7.0089570573954596 0.81360058546990566 1.0027587458182372 4.1180246264091247 0.32273489722327037
decision_type=2 2 8 2 2 8 10 10 10 8 10 2 2 10 2 10 10 8 8 10 10 8 2 2 2 2 2 10 10 10
left_child=4 2 3 8 25 -3 18 16 -2 12 -11 28 -8 24 15 -9 -6 -16 -5 20 -12 22 23 -19 -14 27 -27 -1 29 -10
right_child=1 5 -4 6 7 -7 9 14 11 10 19 -13 13 -15 17 -17 -18 21 -20 -21 -22 -23 -24 -25 -26 26 -28 -29 -30 -31
leaf_value=0.0017347149841143244 -0.006534143974430918 -0.0078299266569012756 0.0011328880212917376 -0.0031786957289155798 -0.0036681418595586545 -0.016191107580254341 -0.00027805244801871733 -4.8115776472157712e-05 -0.00089891423897068331 -0.0044142660608244453 -0.0010424006960078715 -0.0024431497955286837 -0.00091354580729672988 0.00035726185536153306 -0.0047569191001489656 -0.0020111532615239604 -0.00044891243054791502 9.3192834808457345e-05 -0.0090695068396769683 -0.0010200517873848666 -0.002322020762105791 0.0011919652649497901 -0.0011015251397584705 0.0008643986864718344 -0.0035690975405374228 0.0015910465455402265 -0.0014622964500323869 -0.0043301655039562695 0.0005191891983541574 0.0001349094533312341
leaf_weight=404 106 64 936 73 105 55 737 115 1996 174 69 48 64 44 62 49 684 2890 104 385 77 2394 447 3819 66 11535 46 229 759 1063
leaf_count=404 106 64 936 73 105 55 737 115 1996 174 69 48 64 44 62 49 684 2890 104 385 77 2394 447 3819 66 11535 46 229 759 1063
internal_value=0.000629291 -0.00168011 -0.00146329 -0.00199011 0.00132076 -0.013775 -0.00402508 0.000697047 -0.00107073 -0.00334694 -0.00550283 -0.000864236 -0.00167434 -0.00593143 0.000916232 -0.00374545 -0.00201646 0.000996151 -0.0101629 -0.00382895 -0.00763265 0.00104282 0.000727679 0.000916095 -0.00870229 0.00186017 0.00196883 -0.00012776 -0.00074784 -0.00115784
internal_weight=29599 6820 6701 5765 22779 119 1793 10565 3972 1616 705 3866 911 174 9776 164 789 9612 177 531 146 9550 7156 6709 130 12214 11581 633 3818 3059
internal_count=29599 6820 6701 5765 22779 119 1793 10565 3972 1616 705 3866 911 174 9776 164 789 9612 177 531 146 9550 7156 6709 130 12214 11581 633 3818 3059
is_linear=0
shrinkage=0.03


Tree=34
num_leaves=31
num_cat=0
split_feature=12 12 0 12 3 4 3 8 3 0 17 9 0 14 8 12 17 9 9 16 15 15 1 8 10 14 14 3 16 3
split_gain=50.1124 15.1098 12.0805 11.7655 10.4396 7.67373 7.06088 7.71819 7.02989 6.40668 5.35725 7.4835 4.33809 6.1202 4.00261 6.46682 5.37625 4.94974 3.92805 3.89991 3.8374 3.83262 3.80155 3.63757 3.32449 3.55102 3.30039 3.19747 3.00331 3.02393
threshold=0.3176539135113004 0.61289412774866447 95.446153846153848 0.1620196782626904 0.22562328810299048 100.31655450710237 0.44398292661468064 1.8437210537352271 0.13380273717314797 5.1949234402690676 0.4074787665068868 0.088761028749842805 1.5913249769158944 0.59682766840323087 1.1448936087284924 0.08055306446836942 0.30875435858011874 0.24195760830793589 0.16910520303777629 0.23063897494057395 3.3842466058243152 2.1383330595080281 0.033520599250936318 4.0904908775751396 2.4607204807874639 0.11248380381547811 0.30695563705801032 0.10111187205703791 -0.0056068722558653339 0.4341986824280461
decision_type=2 2 8 2 2 8 2 10 2 8 10 10 10 2 10 2 10 10 8 10 10 8 10 10 10 2 2 2 8 2
left_child=3 2 5 14 -3 -2 12 19 -5 -6 28 24 13 -7 15 18 17 -17 -1 -8 22 -13 -18 -9 -12 -26 -19 -20 -10 -30
right_child=1 4 -4 8 9 6 7 23 10 -11 11 21 -14 -15 -16 16 20 26 27 -21 -22 -23 -24 -25 25 -27 -28 -29 29 -31
leaf_value=0.0020337968306641994 -0.010790570394941445 -0.01759156171626226 0.00072906486251856088 0.0007987819975739974 -0.010548934396759229 -0.0025484853194528696 -0.006908442258405912 -0.0072275832499998751 -0.0015684972813269176 -0.0047015833828501887 -0.00021458640325282662 -0.003188123640415623 -0.0006591381341883092 -0.0058488887916617301 0.0014538268014045307 0.00045093238947899812 -0.00099707108913033959 0.00065171236737565717 -0.0015950086616879427 5.3552278498318765e-05 0.0018460133773034405 -0.001273549072937463 -0.0023962880416530871 -0.004576006891537524 0.00075012159820297877 -0.005097558383379247 -0.0042987618601193593 0.00039616493453345557 0.00038502077837421043 -0.0016140961244488293
leaf_weight=1997 48 44 879 4409 80 146 55 56 178 211 1515 119 3304 48 10876 834 100 42 73 105 62 352 119 40 40 42 55 810 2730 288
leaf_count=1997 48 44 879 4409 80 146 55 56 178 211 1515 119 3304 48 10876 834 100 42 73 105 62 352 119 40 40 42 55 810 2730 288
internal_value=0.000619765 -0.00211321 -0.00167172 0.00117616 -0.00825893 -0.00240442 -0.0022498 -0.00705058 0.000360658 -0.00615411 -0.000379487 -0.00156887 -0.00189654 -0.00624615 0.00170312 0.000903005 -0.000934872 0.000164163 0.0016765 -0.00298137 -0.00456383 -0.00488771 -0.00642273 -0.013732 -0.000587609 -0.00643373 -0.00621429 1.01811e-05 0.000390366 0.000614111
internal_weight=29657 5016 4681 24641 335 3802 3754 256 9673 291 5264 2068 3498 194 14968 4092 1212 931 2880 160 281 471 219 96 1597 82 97 883 3196 3018
internal_count=29657 5016 4681 24641 335 3802 3754 256 9673 291 5264 2068 3498 194 14968 4092 1212 931 2880 160 281 471 219 96 1597 82 97 883 3196 3018
is_linear=0
shrinkage=0.03


Tree=35
num_leaves=31
num_cat=0
split_feature=16 6 15 3 0 3 14 0 4 14 9 4 9 0 11 14 14 3 15 13 13 14 3 0 4 11 3 7 3 9
split_gain=21.1528 14.0397 10.615 8.07815 7.80819 7.39116 6.95771 6.67452 10.7654 8.26108 6.52754 6.4966 5.76909 5.16343 5.25646 4.65597 4.52961 3.8984 3.74646 3.9861 4.97208 5.52269 3.74338 6.29698 3.72598 4.64498 3.97883 3.72251 3.59309 3.44436
threshold=0.31545539486290658 7.4529089980858076 2.249904835165133 0.22784783727880384 1.4483230949024593 0.11375288736940055 0.69250565398909336 1.027633205166568 100.31655450710237 0.5825475932796349 0.059905613554153976 463.90619655245547 0.0065764796462273482 2.2074037802280944 10.462646089415928 0.17216792383753302 0.10102936720107132 0.28117022559868626 2.524928003624769 0.0098583859459051761 0.11398078961166518 0.24116311111870239 0.21016514149072593 1.2160395644793727 1525.0176227904838 8.7499701634482623 0.18466166698164518 0.33074607158771113 0.44779719063506851 1.0000000180025095e-35
decision_type=8 2 8 2 10 2 2 10 10 2 10 10 10 10 2 2 2 2 8 2 2 2 2 8 10 2 2 10 2 10
left_child=1 4 7 -4 12 29 13 -2 -9 24 -8 -3 16 -5 15 -15 -1 -13 -18 -20 21 -21 -14 -24 25 27 -27 -10 -7 -6
right_child=2 11 3 6 5 28 10 8 9 -11 -12 17 22 14 -16 -17 18 -19 19 20 -22 -23 23 -25 -26 26 -28 -29 -30 -31
leaf_value=0.0014353063431321756 0.0013537373512672621 -0.0089040878816738136 0.0006201992777249511 -6.3524700523434179e-05 -0.0021851183138835934 -0.00021148586146986688 -0.00079503934430956078 -0.011544683156998182 9.9427293009814256e-05 -0.0034130457309686298 -0.0031989245975319607 -0.00025812101884483177 0.0015144158179296384 -0.0037326252151023364 -0.013214520542601629 0.0001398394721047164 0.00031309738541309399 -0.0064556222017848842 0.00028624529809605204 -0.0077423488735855238 0.0003391186297171826 -0.0023953018465563999 0.0012606925759465009 -0.00025776659298865469 -0.0002341042613724696 -0.0060321928232022117 -0.0016332889633656391 -0.0045500886537608778 -0.0048647425693593548 0.00073833732152004826
leaf_weight=360 374 42 2503 1514 61 4060 67 44 321 294 65 100 8688 93 40 147 208 49 81 66 54 88 3053 1434 768 74 90 321 138 4474
leaf_count=360 374 42 2503 1514 61 4060 67 44 321 294 65 100 8688 93 40 147 208 49 81 66 54 88 3053 1434 768 74 90 321 138 4474
internal_value=0.000629988 0.00106321 -0.000850953 6.09492e-06 0.00113129 0.000426952 -0.00145407 -0.00251071 -0.00322739 -0.0028764 -0.00807519 -0.00701562 0.00156959 -0.000962674 -0.00469751 -0.00298755 -0.000814685 -0.00402 -0.00266867 -0.00487241 -0.0070622 -0.00979355 0.00172473 0.00102072 -0.00201143 -0.00343494 -0.00792727 -0.00227683 -0.000480114 0.00126653
internal_weight=29671 22956 6715 4429 22765 8733 1926 2286 1912 1868 132 191 14032 1794 280 240 857 149 497 289 208 154 13175 4487 1574 806 164 642 4198 4535
internal_count=29671 22956 6715 4429 22765 8733 1926 2286 1912 1868 132 191 14032 1794 280 240 857 149 497 289 208 154 13175 4487 1574 806 164 642 4198 4535
is_linear=0
shrinkage=0.03


Tree=36
num_leaves=31
num_cat=0
split_feature=12 12 0 11 12 0 12 7 0 4 15 12 15 17 6 9 11 14 10 15 6 11 17 8 9 14 10 15 14 9
split_gain=49.642 19.5322 9.90993 11.2103 8.2046 8.3734 7.15515 6.72475 6.44825 4.55943 4.43491 4.34577 4.19283 3.85959 3.63754 3.57999 3.47024 3.57318 3.36079 4.35691 3.30866 3.15621 3.07346 4.22711 3.54503 2.85156 2.9059 2.83346 2.7921 3.76444
threshold=0.25858863967650964 0.87178055766621132 95.446153846153848 6.1810507801846031 0.39313478494327475 1.8420460472345617 0.12879665900823326 0.085441321830659764 199.92105263157899 435.55285900253938 1.8688348091416842 0.468715174943311 2.0126758453675748 0.68398548854444885 3.8845208215154394 0.26878145870449616 9.3796611130291989 0.7382866508467425 1.553543692096546 2.4414009612931857 10.228363721962106 9.8658116452181712 2.351729683416766 2.0636971771423682 0.011074815402837687 0.12061252135153515 1.2758109793993817 1.2424533248940004 0.21366555468538176 0.068723027171001344
decision_type=2 2 8 2 2 10 2 10 8 8 8 2 10 10 2 8 2 2 10 10 2 2 8 10 10 2 10 8 2 10
left_child=6 2 3 27 14 10 -1 13 -3 18 -6 -4 25 15 16 -8 17 -5 -9 -20 22 -15 -7 -24 -25 26 -13 -2 29 -11
right_child=1 8 11 4 5 20 7 9 -10 28 -12 12 -14 21 -16 -17 -18 -19 19 -21 -22 -23 23 24 -26 -27 -28 -29 -30 -31
leaf_value=0.0014650202819666436 -0.0020964277781460941 -0.017157593985616788 0.0020838852126107044 -0.00089988064055785842 -0.0028076810589820677 -0.00070695981813168344 -0.00010806042688339767 -0.00031822968034316706 -0.010557840210037818 0.00092474056287901614 -0.0077901825239583338 0.0002024114728284661 -0.0030623696559474783 -0.0030431924446984501 -0.0017508278781696283 -0.0042043427606304386 8.2382843804609943e-06 -0.0035597579549389914 -0.0052293031830311044 -4.4140658958872387e-05 -0.0071780500073911485 -0.00072818828001925762 -0.0039418697452264376 -0.001530641495242344 -0.00072093934359127932 0.00080116055271889385 -0.0023596830960716758 -0.0096980619825662393 0.00095606121874219159 -0.00037563344085532122
leaf_weight=11851 43 47 731 1169 49 1061 649 417 70 2586 101 64 40 40 295 75 2769 52 86 84 43 41 59 161 463 259 50 89 4825 1437
leaf_count=11851 43 47 731 1169 49 1061 649 417 70 2586 101 64 40 40 295 75 2769 52 86 84 43 41 59 161 463 259 50 89 4825 1437
internal_value=0.000648938 -0.00143973 -0.00124897 -0.00171172 -0.00152724 -0.00314706 0.00136896 0.000788009 -0.0135508 0.00101261 -0.00993377 0.00132052 -0.00113768 -0.00184243 -0.000794447 -0.00114207 -0.000556251 -0.00188789 -0.00154592 -0.00508772 -0.00257215 -0.00801219 -0.00236562 -0.00393421 -0.0031968 -0.000136364 -0.00406957 -0.0103308 0.00118251 0.000598658
internal_weight=29706 7615 7498 6354 6222 1937 22091 10240 117 9435 150 1144 413 805 4285 724 3990 1221 587 170 1787 81 1744 683 624 373 114 132 8848 4023
internal_count=29706 7615 7498 6354 6222 1937 22091 10240 117 9435 150 1144 413 805 4285 724 3990 1221 587 170 1787 81 1744 683 624 373 114 132 8848 4023
is_linear=0
shrinkage=0.03


Tree=37
num_leaves=31
num_cat=0
split_feature=12 12 3 3 17 11 3 12 11 7 4 1 16 3 4 4 16 12 0 11 0 12 8 1 11 3 14 3 17 3
split_gain=43.2097 18.5168 13.7437 12.5938 7.22006 5.45119 5.17476 5.05276 5.48746 5.36909 8.41257 4.76644 4.4104 3.61391 5.81564 3.5703 3.41103 3.65368 3.33677 5.11175 3.31856 3.23202 6.6182 3.92886 5.58289 3.10133 3.09156 3.1583 3.28715 3.0006
threshold=0.2348388501598189 0.68573256071017152 0.3142033468412247 0.13549860606487069 1.1149600386466054 9.3796611130291989 0.43713272138305059 0.043845407073903615 5.4701654074033046 0.081766971884964637 991.487413216513 0.10063291139240506 0.64991217718672012 -1.0000000180025095e-35 2199.8927391512379 169.0842070809621 0.22860730223158685 0.3988126678070199 1202.4166666666667 6.4272968650711446 1.490903957754534 0.096983502712105554 1.1121553630415657 0.13608305274971946 10.176886860000506 0.44779719063506851 0.66206747793733689 0.36510053746760673 1.2105211510366691 0.19796723931904681
decision_type=2 2 2 2 10 2 2 2 2 10 8 8 8 2 8 8 10 2 8 2 10 2 10 10 2 2 2 2 10 2
left_child=5 3 -3 18 6 7 -5 -1 15 10 -10 -12 -4 14 -7 -9 17 -8 19 -2 -6 -15 23 -23 -25 -24 27 -11 -29 -13
right_child=1 2 12 4 20 13 16 8 9 26 11 29 -14 21 -16 -17 -18 -19 -20 -21 -22 22 25 24 -26 -27 -28 28 -30 -31
leaf_value=0.0018193490019521629 -0.013886237318961972 -0.013817948907791245 -0.010934210817128736 -0.00048762082433645285 -0.00551193515185116 -0.0037493001603319128 -0.0025459976176708823 -0.009571564543317472 0.00026033941105058881 0.00071805505841617055 -0.00041894551793501545 -0.0022236114777861148 -0.002175575510559176 0.0018201580159483608 0.0019192280842483516 -0.0012342029878277053 -0.001300186089291348 -0.01051414125042166 0.0018062938167265061 4.6602662366255227e-05 -0.0014208180646114817 0.0004060047353044386 0.00094316295972637844 -0.0033192324577063729 -0.0001086155336218629 -0.0011667743594034287 -0.0014474284313290471 -0.00078786605984368472 -0.0049563357325611481 -0.005405950457653721
leaf_weight=1750 46 54 51 3503 68 58 136 40 255 2639 82 58 117 5813 69 49 232 49 669 3042 946 244 8601 106 120 128 148 412 43 54
leaf_count=1750 46 54 51 3503 68 58 136 40 255 2639 82 58 117 5813 69 49 232 49 669 3042 946 244 8601 106 120 128 148 412 43 54
internal_value=0.000622858 -0.00112306 -0.00965919 -0.000903935 -0.0019003 0.00137576 -0.00131599 0.000569517 -4.76063e-05 0.000130824 -0.00294 -0.00763077 -0.00536095 0.00167021 -0.00335156 -0.00736667 -0.00447129 -0.0075 0.000404737 -1.16541e-05 -0.00415566 0.00171292 0.00136272 -0.00210191 -0.00494273 0.00154948 0.000556892 0.000759935 -0.00154605 -0.0116283
internal_weight=29582 8913 222 8691 4934 20669 3920 5530 3780 3691 449 194 168 15139 127 89 417 185 3757 3088 1014 15012 9199 470 226 8729 3242 3094 455 112
internal_count=29582 8913 222 8691 4934 20669 3920 5530 3780 3691 449 194 168 15139 127 89 417 185 3757 3088 1014 15012 9199 470 226 8729 3242 3094 455 112
is_linear=0
shrinkage=0.03


Tree=38
num_leaves=31
num_cat=0
split_feature=20 20 20 3 0 0 3 0 8 20 1 17 11 7 14 17 9 9 15 9 15 8 9 14 6 11 3 7 16 4
split_gain=38.4818 15.0499 10.0855 9.30036 8.19607 7.34431 7.3019 5.72223 4.2563 5.9981 5.79269 5.24517 3.64357 3.48718 5.2284 3.45998 4.97253 3.2661 2.9981 2.89729 2.82878 2.69622 3.22736 6.8444 2.56443 2.53748 2.50769 2.98657 2.41455 2.29188
threshold=0.3176539135113004 0.5517502486709237 0.16082308396278669 0.13804228891425513 19.010204081632654 2.4971122992531369 0.14706580991889931 1.405574474972235 1.1216701199597086 0.039873456268354264 0.30583900226757377 0.42228548489033985 5.4701654074033046 0.30510516127582815 0.64765664893548791 0.39731384246912455 0.11566372771018558 0.10719557033322834 1.7005986908310777 0.094407147458105981 2.0126758453675748 1.290429125620993 0.0055351307189542504 0.11637971804534662 1.8814657791517087 8.9948549204803587 0.43713272138305059 0.038720072312170818 0.84609131008423255 1323.3702341382602
decision_type=2 2 2 2 8 8 2 10 10 2 8 10 2 8 2 10 10 8 10 8 10 8 8 2 2 2 2 10 8 8
left_child=2 4 8 -3 7 -5 12 28 9 -1 11 -11 -4 14 -9 26 21 18 -7 -13 -10 -17 23 -23 -16 29 27 -8 -2 -15
right_child=1 3 6 5 -6 17 15 13 20 10 -12 19 -14 25 24 16 -18 -19 -20 -21 -22 22 -24 -25 -26 -27 -28 -29 -30 -31
leaf_value=0.001450957510296571 -0.0061851137394318976 -0.014103558412748116 -0.0050905632625811671 -0.0097364973388114444 0.00055328738426210105 -0.00087128105607875287 -0.0028170764334066629 -0.0011335960189796468 0.00049773014737449601 0.00036422273615787054 -0.0030520782461767558 -0.0029483417335608919 0.00075384092586998049 -0.0020155135135029238 -0.0031187079845657445 -0.001706095322141647 -0.0021146006201706322 -0.0091957390524698684 -0.0045699814831180836 -0.00042920486958581956 0.0013403024653823546 0.0010064970325968702 -8.9738190476262029e-05 -0.0059006936054280959 -0.0024977086299964439 -5.2062467040146043e-05 -0.0015989329453408763 0.00028792853200565157 -0.0014126221181834826 -0.0022042137480021771
leaf_weight=1736 79 47 58 64 997 272 64 1376 1347 979 184 43 4953 259 45 211 180 45 154 145 10355 65 1460 50 44 1445 273 2503 40 109
leaf_count=1736 79 47 58 64 997 272 64 1376 1347 979 184 43 4953 259 45 211 180 45 154 145 10355 65 1460 50 44 1445 273 2503 40 109
internal_value=0.000667478 -0.0017384 0.00115406 -0.00626758 -0.0011372 -0.00512127 0.000408535 -0.00183902 0.00164888 0.000657707 -0.000840976 -5.90752e-05 0.0012097 -0.00160293 -0.002691 -0.000426877 -0.001394 -0.0038072 -0.00297892 -0.00463492 0.00191028 -0.000913262 -0.000485406 -0.00530172 -0.0097 -0.000722712 0.000242872 0.000533879 -0.008275 -0.00294309
internal_weight=29582 4976 24606 582 4394 535 9817 3397 14789 3087 1351 1167 5011 3278 1465 4806 1966 471 426 188 11702 1786 1575 115 89 1813 2840 2567 119 368
internal_count=29582 4976 24606 582 4394 535 9817 3397 14789 3087 1351 1167 5011 3278 1465 4806 1966 471 426 188 11702 1786 1575 115 89 1813 2840 2567 119 368
is_linear=0
shrinkage=0.03


Tree=39
num_leaves=31
num_cat=0
split_feature=12 12 3 3 12 3 4 3 4 4 13 2 16 7 9 17 7 12 15 16 17 4 17 9 15 3 11 10 7 9
split_gain=41.5236 15.4678 11.8317 10.2259 10.0136 8.36691 5.96688 5.74619 5.17148 4.45962 6.72457 4.30344 3.94567 3.77733 3.64389 3.99462 3.36277 4.32804 5.39794 3.22304 3.20973 3.22371 3.15536 2.71009 2.68346 3.56642 2.68264 2.65882 2.60515 3.28772
threshold=0.3176539135113004 0.87178055766621132 0.37307780696417758 0.36944033513456359 0.13368289005843573 0.20843525790064596 100.31655450710237 0.070167750897793826 169.0842070809621 983.83875919428135 0.022400462937860053 3.9501811482919793 0.11847112245475667 0.073941901110333455 0.26878145870449616 0.67449916606354521 0.081766971884964637 0.08055306446836942 2.1383330595080281 0.39586106818120476 1.9823507676023684 10054.386035047779 0.0076623721585133454 0.16630124580199582 3.2769667020129059 0.11375288736940055 8.6122305695406123 0.76164665500619055 0.30510516127582815 0.0094685824048441909
decision_type=2 2 2 2 2 2 8 2 8 10 2 8 10 10 8 10 10 2 10 10 10 8 10 8 10 2 2 10 10 10
left_child=4 2 6 -3 16 8 -2 -8 -6 10 19 -10 -11 14 15 -7 17 23 26 -4 28 -22 -12 -1 25 -13 -19 -27 29 -9
right_child=1 3 9 -5 5 13 7 20 11 12 22 24 -14 -15 -16 -17 -18 18 -20 -21 21 -23 -24 -25 -26 27 -28 -29 -30 -31
leaf_value=0.0018750614504820439 -0.017055163911922508 -0.013185991614943521 -0.0016488248125431097 -0.0032709992677323824 -0.0092046067966832356 -0.00027306892966279814 0.00071257131853663539 0.00085363178511122602 -0.00062910864161801335 -0.0055464463182284844 -0.0074277929668604067 0.00093934685178839218 -0.00088484227543779643 -0.00018299224769711424 -0.0047633793104008568 -0.0028019810371721992 0.001579638130295471 -0.0013595725071130198 8.2657832509567446e-05 -0.0038207900651490755 -0.00068299008176922666 -0.001688874676366013 -0.0082044938312535228 0.00033588423502054724 0.0011207041596156206 0.00050735771209450722 -0.0025975752682107418 -0.00030890481085815935 -2.7158662221256638e-05 -0.0011742464102622355
leaf_weight=1996 47 64 196 55 48 249 923 195 41 66 40 3496 351 3408 57 47 8055 57 911 164 579 80 78 1136 2219 959 55 1884 1342 833
leaf_count=1996 47 64 196 55 48 249 923 195 41 66 40 3496 351 3408 57 47 8055 57 911 164 579 80 78 1136 2219 959 55 1884 1342 833
internal_value=0.000605528 -0.00188293 -0.00162165 -0.012525 0.00111231 0.000512048 -0.00092325 -0.000795345 0.00102579 -0.00473772 -0.00671399 0.00108105 -0.00246172 -0.000669059 -0.00361864 -0.00226263 0.00172222 0.00102863 -0.000665039 -0.00465374 -0.00142673 -0.00327727 -0.0129076 0.00158187 0.00112794 0.000813407 -0.00684956 2.42617e-05 -0.000911008 -0.00204665
internal_weight=29631 5013 4894 119 24618 12408 3999 3952 8647 895 478 8599 417 3761 353 296 12210 4155 1023 360 3029 659 118 3132 8558 6339 112 2843 2370 1028
internal_count=29631 5013 4894 119 24618 12408 3999 3952 8647 895 478 8599 417 3761 353 296 12210 4155 1023 360 3029 659 118 3132 8558 6339 112 2843 2370 1028
is_linear=0
shrinkage=0.03


Tree=40
num_leaves=31
num_cat=0
split_feature=12 12 3 3 17 3 14 15 12 3 10 7 4 13 14 17 0 11 3 16 11 14 12 14 1 17 0 14 11 15
split_gain=41.656 19.1947 12.3083 11.5751 6.47618 6.5297 5.20405 7.17732 4.88384 6.56163 4.36043 4.32991 3.62898 5.14833 3.62327 4.78607 3.57148 4.94049 3.5239 7.02718 3.43747 3.32316 3.05401 2.98038 2.93682 2.89148 2.75369 3.30174 3.77919 2.78006
threshold=0.24796781113050018 0.87178055766621132 0.13892378412476489 0.36944033513456359 1.0379166167518183 0.37307780696417758 0.65390239877165712 2.8029010331479989 0.13249695364687855 0.26367325865136487 2.98021863618392 0.30510516127582815 771.81464299958145 0.0081655820000622187 0.6061035485807782 1.2467163084516091 1202.4166666666667 6.4272968650711446 0.44779719063506851 0.15947893829381535 9.2853086871375385 0.0085772510192080719 0.4194043292224246 0.25450203479105588 0.16428133306072382 4.5556282068761424 1.5311531278433128 0.32109755515639499 10.645960468036765 1.2424533248940004
decision_type=2 2 2 2 8 2 2 8 2 2 8 10 10 2 2 10 8 2 2 10 2 2 2 2 10 8 8 2 2 8
left_child=8 2 16 -3 6 26 10 11 14 21 18 20 13 25 -1 -16 17 -2 -4 -20 -8 -10 -19 -15 -11 -7 -6 28 29 -28
right_child=1 3 4 -5 5 12 7 -9 9 24 -12 -13 -14 23 15 -17 -18 22 19 -21 -22 -23 -24 -25 -26 -27 27 -29 -30 -31
leaf_value=0.001413221813245954 -0.017660149286813538 -0.014555589122666981 -0.00018908678216639834 -0.0021629033856832756 -0.0015003477859350256 -0.0050369918477259157 -0.0031350965132331495 0.0020294154768637743 -0.0025064064231704011 -0.00018933972150050895 -0.005067075475921376 -0.00078463425502236931 -0.001288160945684666 -0.010465422360250748 0.00025722237198065812 -0.0015431262078012607 0.0017055810118110778 0.00024976707581620799 -0.0065382289043681647 -0.0017283668141659259 -0.0054242116446436891 0.0006371493986274539 -0.00071366691703099688 -0.0033779343218737355 -0.001549132203245196 1.2570715219674659e-07 -0.0026357022101936513 0.00023559058724022017 -0.0078385780285479649 -0.00087394926930507624
leaf_weight=11084 54 63 2543 49 43 76 45 67 67 1402 56 69 105 41 975 45 654 2354 71 214 43 7505 400 42 326 48 88 268 41 700
leaf_count=11084 54 63 2543 49 43 76 45 67 67 1402 56 69 105 41 975 45 654 2354 71 214 43 7505 400 42 326 48 88 268 41 700
internal_value=0.000619317 -0.00120811 -0.00103502 -0.0134867 -0.00205876 -0.00371232 -0.0012853 -0.00568 0.00131381 0.000796689 -0.000942114 -0.00917089 -0.00755272 -0.00985096 0.00171103 1.11649e-10 0.000313601 -0.000151655 -0.000776246 -0.00393357 -0.0135506 0.00117734 2.61344e-05 -0.0156071 -0.000871024 -0.005904 -0.00265557 -0.00235792 -0.00329277 -0.00282129
internal_weight=29538 8134 8022 112 4560 1452 3108 224 21404 9300 2884 157 312 207 12104 1020 3462 2808 2828 285 88 7572 2754 83 1728 124 1140 1097 829 788
internal_count=29538 8134 8022 112 4560 1452 3108 224 21404 9300 2884 157 312 207 12104 1020 3462 2808 2828 285 88 7572 2754 83 1728 124 1140 1097 829 788
is_linear=0
shrinkage=0.03


Tree=41
num_leaves=31
num_cat=0
split_feature=12 12 3 0 12 3 12 14 0 0 17 14 11 2 15 14 8 12 0 11 15 12 15 13 15 11 16 3 17 1
split_gain=38.379 16.491 11.4901 9.29093 7.84866 9.34445 5.69141 5.25546 4.8671 4.53436 6.92086 3.22439 3.35528 3.0829 3.11073 3.76723 3.16488 2.99711 2.86095 2.84399 3.42557 2.78772 3.29462 2.75207 5.52333 4.03346 3.72806 3.09957 3.52813 3.10267
threshold=0.3176539135113004 0.87178055766621132 0.36944033513456359 500.25000000000006 0.12764283415115599 0.23944545790538377 0.53148572562937491 0.70191422319289876 1.698222013562644 2.0961513485034691 2.0950339193447265 0.59311561807020496 7.0089570573954596 3.9240045833320587 3.2769667020129059 0.6061035485807782 43.151178547914618 0.08055306446836942 1.6885369640595416 9.8153391653866766 2.6735537653587347 -0.13307694571611647 1.4978661367769956 0.047357574945620123 3.0677824455408698 8.7216023313854993 0.24318750427357747 0.44779719063506851 0.39731384246912455 0.16015267175572526
decision_type=2 2 2 8 2 2 2 2 10 10 8 2 2 8 10 2 10 2 8 2 8 2 10 2 10 2 10 2 8 8
left_child=4 3 -3 6 11 13 7 -2 -9 -8 -11 12 21 -6 15 16 -15 -13 19 -17 -21 -1 -23 27 25 -25 -27 28 -7 -29
right_child=1 2 -4 -5 5 23 9 8 -10 10 -12 17 -14 14 -16 18 -18 -19 -20 20 -22 22 -24 24 -26 26 -28 29 -30 -31
leaf_value=0.0045496627756686364 -0.00063222685546730415 -0.011885878701072806 -0.0015654494402986645 0.00087923261862104065 -0.00074508087866002437 0.00059467977695346454 -0.0098016438817718262 -0.0053595144275595027 -0.00076700191131380568 0.00027055155785551168 -0.0040854549870662903 0.00083093554589606261 0.0014328174963275538 0.00028087984818272912 0.0010646856396735759 -0.0007986888839785505 0.0012324200184989727 -0.00087693827335871149 0.00022764681755249586 -0.0039340866769009136 -0.0032374002745507971 -0.0072662198805973684 0.00050572130464361512 0.00077308834479214981 0.00036075585611717849 -0.0044348908066719978 -0.0019700116541523792 -0.00090660436733034581 -0.00065679841356189902 -0.002403868238001565
leaf_weight=169 3511 69 53 814 41 1247 59 42 87 173 189 820 10038 5473 2568 148 1259 357 183 45 52 190 160 66 227 141 103 286 931 72
leaf_count=169 3511 69 53 814 41 1247 59 42 87 173 189 820 10038 5473 2568 148 1259 357 183 45 52 190 160 66 227 141 103 286 931 72
internal_value=0.00061199 -0.00178451 -0.0126341 -0.00151046 0.00109932 0.000586779 -0.00209675 -0.00171381 -0.00763846 -0.00539573 -0.0041157 0.00166016 0.0018262 0.00104063 0.00107555 0.000754085 0.00092767 0.000170628 -0.00197203 -0.00408537 -0.00805102 -0.000525 -0.00205128 -0.000855888 -0.00280483 -0.00540193 -0.00717551 -0.000442255 -1.65212e-05 -0.00302507
internal_weight=29573 4997 122 4875 24576 12842 4061 3640 129 421 362 11734 10557 9769 9728 7160 6732 1177 428 245 97 519 350 3073 537 310 244 2536 2178 358
internal_count=29573 4997 122 4875 24576 12842 4061 3640 129 421 362 11734 10557 9769 9728 7160 6732 1177 428 245 97 519 350 3073 537 310 244 2536 2178 358
is_linear=0
shrinkage=0.03


Tree=42
num_leaves=31
num_cat=0
split_feature=12 12 3 3 0 12 3 12 16 2 16 8 0 9 15 14 15 17 8 15 9 17 8 9 0 8 14 6 7 17
split_gain=35.984 17.9151 15.2309 9.4852 7.14187 6.24705 6.27828 5.35122 5.06011 4.38325 4.07325 3.96758 4.14184 4.58021 4.33298 3.52792 3.9521 3.51477 2.9909 2.87239 2.79644 2.78744 5.1276 4.22433 3.12758 2.85051 2.7031 2.6054 2.58915 2.55603
threshold=0.26078219157719135 0.68573256071017152 0.3142033468412247 0.44779719063506851 500.25000000000006 0.13477646780830724 0.23944545790538377 0.43280784471886152 0.15947893829381535 4.1134699255607723 0.64991217718672012 1.1243118488004138 1.0592601854550538 0.24195760830793589 3.1132683346437333 0.60099052275563392 2.249904835165133 0.42228548489033985 1.8437210537352271 3.2769667020129059 0.059905613554153976 2.0950339193447265 200.80044879773894 0.010705675148070165 1.8420460472345617 2.5482791831712812 0.098413714326794632 3.1091593966288071 0.089317051218582896 0.27228879039789983
decision_type=2 2 2 2 8 2 2 2 10 8 8 10 10 8 10 2 8 10 10 10 10 8 10 10 10 10 2 2 10 10
left_child=5 3 -3 4 7 11 9 15 27 -7 -4 12 -1 17 -15 -2 -17 -14 -10 28 -18 24 23 26 -9 -25 -23 -5 -11 -22
right_child=1 2 10 8 -6 6 -8 21 18 19 -12 -13 13 14 -16 16 20 -19 -20 -21 29 22 -24 25 -26 -27 -28 -29 -30 -31
leaf_value=0.0012805613327237996 -0.0001342884941760603 -0.011997167833116643 -0.010177836701518388 -0.0072118141981393474 0.0010905326725327974 -0.00095778324476319715 -0.00039535809975735885 -0.0070697205806316112 -0.00093865592615757776 -0.0011310898031248165 -0.0015562676814161723 0.0013902841914410571 0.00052623451007670634 -0.0032429834729608897 0.00014362538370386012 -0.0024284527979675863 0.00098503346544824501 -0.0010691133225615478 -0.0046527799180666645 0.0011414135917031736 0.00027214498680324777 -0.0016357800792917892 0.0002479841111176855 -0.0032328004694384478 -0.00022432145741184252 -0.00079674732452010599 -0.0036775370798069174 -0.0046352990246325589 0.00051673507922565332 -0.0021229933924648029
leaf_weight=1877 4334 54 51 45 909 45 2248 79 158 315 120 9442 807 96 75 134 134 146 112 1998 47 51 109 53 636 254 60 40 5228 74
leaf_count=1877 4334 54 51 45 909 45 2248 79 158 315 120 9442 807 96 75 134 134 146 112 1998 47 51 109 53 636 254 60 40 5228 74
internal_value=0.000630735 -0.00117344 -0.00949115 -0.000913278 -0.000665891 0.00123445 0.000669243 -0.00104341 -0.0056882 0.00108185 -0.0050407 0.00168105 0.000730513 -0.000709333 -0.00521512 -0.000582345 -0.00331538 0.000103774 -0.00365314 0.00113803 -0.00111328 -0.00279485 -0.00444886 -0.00595704 -0.00157123 -0.00412013 -0.0109554 -0.0120349 0.000786256 -0.00440164
internal_weight=29731 7454 225 7229 6874 22277 9834 5965 355 7586 171 12443 3001 1124 171 4723 389 953 270 7541 255 1242 527 418 715 307 111 85 5543 121
internal_count=29731 7454 225 7229 6874 22277 9834 5965 355 7586 171 12443 3001 1124 171 4723 389 953 270 7541 255 1242 527 418 715 307 111 85 5543 121
is_linear=0
shrinkage=0.03


Tree=43
num_leaves=31
num_cat=0
split_feature=12 12 6 4 11 9 4 12 8 12 11 17 4 12 8 11 17 15 17 14 17 9 11 8 14 15 9 14 7 15
split_gain=32.6371 19.7444 6.90442 5.88516 5.44993 5.44252 5.36082 4.37817 4.02817 3.75125 3.87518 5.81345 3.4114 3.13353 5.72414 3.57309 4.73479 3.13273 2.64847 4.17103 3.84551 3.01794 2.53347 2.47972 4.62701 4.65864 2.24615 2.2234 2.1998 2.17613
threshold=0.24796781113050018 0.87178055766621132 4.9482604761904776 306.21023248463513 9.363747914926563 0.027932793498658424 69.623102723307426 0.043845407073903615 1.1216701199597086 0.36593090772450171 10.546616940613026 2.8804340341922567 991.487413216513 0.10984484829208264 1.1121553630415657 10.233150946581512 0.28767832689494777 1.2424533248940004 1.8891299673879465 0.11022841259527735 4.5556282068761424 0.0077047515488007966 5.4701654074033046 14.172069530616215 0.61542773376816251 2.0126758453675748 0.26878145870449616 0.59682766840323087 0.23461427365404761 2.3502401828962087
decision_type=2 2 2 10 2 8 8 2 8 2 2 8 8 2 10 2 10 10 10 2 10 10 2 10 2 10 10 2 10 10
left_child=4 2 6 -4 7 -3 -2 -1 12 -8 18 28 -9 26 15 16 -15 -14 23 20 -20 -21 -10 24 -11 -26 -6 -23 -12 -5
right_child=1 5 3 29 13 -7 9 8 22 10 11 -13 17 14 -16 -17 -18 -19 19 21 -22 27 -24 -25 25 -27 -28 -29 -30 -31
leaf_value=0.0014306886959312066 -0.014501855220823291 -0.0051024640760533972 -0.0089368522362879687 0.00036460047179744332 0.0015169396402961485 -0.011592503923084451 -1.7507194032044321e-05 -0.00053573426177058422 -0.0049108343209414967 -0.00044158757391080572 -0.0016773189955568732 -0.012149557228862972 -0.0015541713754950901 -0.0010389769807384824 0.00073155231456363838 0.00016940919067512557 -0.0021807700093340915 -0.0046383021249912252 -0.0030204237042207667 -0.0012855200067736401 -0.00020232511779158673 0.00017792454081368923 0.00014614143445432513 0.0002295956109713875 -0.0015501921363552389 -0.0044573140276635906 -0.00060649640147756982 -0.0010148798435259726 -0.00054637523199901764 -0.002826928709055594
leaf_weight=1774 41 59 56 88 6695 59 4476 254 50 1007 42 40 67 131 8434 179 57 65 102 66 74 432 3520 1072 88 51 303 50 155 180
leaf_count=1774 41 59 56 88 6695 59 4476 254 50 1007 42 40 67 131 8434 179 57 65 102 66 74 432 3520 1072 88 51 303 50 155 180
internal_value=0.000589221 -0.00102912 -0.000849021 -0.00513231 0.00120098 -0.0131597 -0.000668052 0.000408306 -0.000147081 -0.000609326 -0.00139717 -0.00507983 -0.00305426 0.00148842 0.00111145 -0.00255163 -0.00542857 -0.00694737 -0.00109888 -0.0026731 -0.00667797 -0.00137705 0.00016802 -0.000584047 -0.00155362 -0.00666429 0.00196228 -0.000546584 -0.00292424 -0.00325651
internal_weight=29667 8138 8020 324 21529 118 7696 5730 3956 7655 3179 237 386 15799 8801 367 188 132 2942 724 176 548 3570 2218 1146 139 6998 482 197 268
internal_count=29667 8138 8020 324 21529 118 7696 5730 3956 7655 3179 237 386 15799 8801 367 188 132 2942 724 176 548 3570 2218 1146 139 6998 482 197 268
is_linear=0
shrinkage=0.03


Tree=44
num_leaves=31
num_cat=0
split_feature=20 20 3 3 11 6 14 3 17 20 8 4 14 14 0 14 16 13 7 20 11 20 3 4 2 14 16 11 8 3
split_gain=29.6653 15.562 14.027 9.15318 5.36827 5.35409 4.47454 5.6579 4.40591 3.92801 3.89898 9.1932 3.34011 3.69369 3.24004 3.40879 3.15843 3.10986 3.74655 3.07616 2.8003 2.74461 5.08261 3.94594 2.73271 2.65595 2.55748 2.4405 2.41475 4.23111
threshold=0.2348388501598189 0.68573256071017152 0.3142033468412247 0.14429102208838743 9.3929952030903507 3.7679581909318753 0.19079801609333094 0.38869063671401183 1.9823507676023684 0.043845407073903615 1.0851917013020971 991.487413216513 0.34879238607819346 0.060220462704673579 500.25000000000006 0.11022841259527735 0.62339796024927174 1.0000000180025095e-35 0.31671551736441916 0.42637528195719471 11.466535916520787 0.11712195761162915 0.22784783727880384 914.63852882985668 6.519697996161848 0.062242415691549473 0.13948330599039166 5.4701654074033046 1.1448936087284924 0.084408066732093057
decision_type=2 2 2 2 2 2 2 2 10 2 8 10 2 2 8 2 10 2 10 2 2 2 2 8 8 2 10 2 8 2
left_child=4 3 -3 14 9 8 7 -7 -5 -1 11 -11 13 -4 15 -2 17 18 19 -10 -17 28 -23 25 -25 -24 -8 -12 29 -6
right_child=1 2 12 5 21 6 26 -9 16 10 27 -13 -14 -15 -16 20 -18 -19 -20 -21 -22 22 23 24 -26 -27 -28 -29 -30 -31
leaf_value=0.0014161821826733213 -0.0010887911890353245 -0.011289477680430614 0.00039538739492643219 -0.00048536311440959399 -0.0020229535117310626 -0.0022516800530995667 -0.0017716929874069781 -0.0072477976862061417 -0.0011241238057384071 -0.00084579850346491541 -0.0047615448936969918 -0.0047844382402241169 0.0010237727182172251 -0.0095327721820817161 0.0014552357506099091 0.00023257340589826386 -0.0043667200662438474 0.0011284084525330744 -0.00090545625208340722 -0.0013406908271625278 -0.0029864617354486379 0.00081186592353335867 -0.0022259096920942611 -0.00091200786436638006 0.00021224499521770406 -0.0015155892842774227 6.7339676286077215e-05 0.00017215262553911724 0.0016301917054813717 0.0010377777877637402
leaf_weight=1824 436 54 42 3764 118 138 85 73 59 207 51 43 65 87 779 2671 64 85 260 40 65 6123 63 68 1287 80 173 3513 4959 2344
leaf_count=1824 436 54 42 3764 118 138 85 73 59 207 51 43 65 87 779 2671 64 85 260 40 65 6123 63 68 1287 80 173 3513 4959 2344
internal_value=0.000621856 -0.000822056 -0.00821687 -0.000610146 0.00124607 -0.00149873 -0.0045383 -0.00776887 -0.00116405 0.000456464 -9.12188e-05 -0.00370518 -0.0044 -0.00717692 0.000456225 3.02554e-05 -0.00378389 -0.00287191 -0.00409167 -0.00903 0.000423091 0.00154198 0.00114183 -0.000424283 7.74337e-05 -0.00514583 -0.00187645 0.000163254 0.00195271 0.00118392
internal_weight=29620 8940 248 8692 20680 4741 469 211 4272 5638 3814 250 194 129 3951 3172 508 444 359 99 2736 15042 7621 1498 1355 143 258 3564 7421 2462
internal_count=29620 8940 248 8692 20680 4741 469 211 4272 5638 3814 250 194 129 3951 3172 508 444 359 99 2736 15042 7621 1498 1355 143 258 3564 7421 2462
is_linear=0
shrinkage=0.03


Tree=45
num_leaves=31
num_cat=0
split_feature=12 12 3 12 3 3 16 0 16 0 17 9 8 4 16 8 12 3 8 9 11 11 4 11 19 9 4 14 8 7
split_gain=26.7778 12.4961 12.0623 10.8419 6.7548 5.51114 5.9979 5.12806 4.30954 4.13614 4.13239 6.65412 5.35775 3.96843 3.92478 3.20201 5.94154 4.55072 5.25087 5.0904 3.43187 3.14921 2.77129 2.63515 2.71676 2.62605 2.50966 3.85213 3.51681 2.27731
threshold=0.38339348173416005 0.68573256071017152 0.32647424078955972 0.1620196782626904 0.10767367368905073 0.44779719063506851 0.24119166977552745 1.2908136697262564 0.62339796024927174 500.25000000000006 0.3872439142768076 0.093030183108043965 2.0136377991846524 960.96837039655395 0.081730939032740244 1.1243118488004138 0.096983502712105554 0.36510053746760673 1.7055586045759079 0.0055351307189542504 5.4701654074033046 5.4701654074033046 709.33209266702852 8.2091723387110047 7.5000000000000009 0.25241127699357541 2743.8558086318508 0.22519671308559638 1.4623266916111601 0.12662983273972558
decision_type=2 2 2 2 2 2 10 8 8 8 10 10 8 10 10 10 2 2 10 10 2 2 10 2 2 10 10 2 10 10
left_child=3 5 -3 15 7 9 -7 -5 -4 21 -6 23 14 -8 -13 16 -1 20 -19 -20 -17 -2 -21 -12 -25 -18 27 28 -16 -9
right_child=1 2 8 4 10 6 13 29 -10 -11 11 12 -14 -15 26 17 25 18 19 22 -22 -23 -24 24 -26 -27 -28 -29 -30 -31
leaf_value=0.00079270257918816591 -0.0087765270767686532 -0.010700995300192067 -0.0098033336287195183 -0.0057427009765540328 0.00014705372751995134 -0.012620026015908923 -0.0044263927487131005 -0.0018372599576581836 -0.0014042282999954798 0.00042073960198478228 -0.0022155996671531508 0.0011621284895861569 0.00016914925484825047 0.00060295186761404182 -0.0011215199145593309 -0.0072772044515369422 -0.00073754932780130129 0.0006687258451307757 -0.0090049573608638224 0.00023467069366724281 0.001197701055190611 -0.00065976498237332426 -0.0027173821899896312 0.00031722874232609558 -0.00065673393203242851 -0.0034645505162166799 -0.0028691556113651403 -0.00059216398590933219 -0.0046297743414510728 0.00074287465076244407
leaf_weight=2562 41 56 45 41 4194 40 52 154 131 568 258 51 210 64 80 44 544 673 53 163 10705 2011 57 1387 962 44 93 187 67 3945
leaf_count=2562 41 56 45 41 4194 40 52 154 131 568 258 51 210 64 80 44 544 673 53 163 10705 2011 57 1387 962 44 93 187 67 3945
internal_value=0.000625988 -0.00205583 -0.00872961 0.000930765 0.000244798 -0.00149514 -0.00695541 0.0012171 -0.00481356 -0.00116749 -0.00029279 -0.00108768 -0.00370972 -0.0034359 -0.00546138 0.00146807 0.000618851 0.00169673 -0.000297782 -0.00379927 0.00187228 -0.00179445 -0.00176471 -0.000394555 -7.78722e-05 -0.00209847 -0.00639953 -0.00515821 -0.00877703 0.00132366
internal_weight=29482 3008 232 26474 11629 2776 156 4140 176 2620 7489 3295 688 116 478 14845 3150 11695 946 273 10749 2052 220 2607 2349 588 427 334 147 4099
internal_count=29482 3008 232 26474 11629 2776 156 4140 176 2620 7489 3295 688 116 478 14845 3150 11695 946 273 10749 2052 220 2607 2349 588 427 334 147 4099
is_linear=0
shrinkage=0.03


Tree=46
num_leaves=31
num_cat=0
split_feature=12 12 16 12 0 0 12 8 14 15 13 8 14 17 16 15 0 0 14 17 1 15 10 7 15 14 13 16 14 15
split_gain=28.3197 17.0422 7.49799 6.90731 7.56624 7.11224 4.35602 7.74001 4.68806 4.22844 4.15015 6.35388 3.85571 3.46974 3.11266 3.31731 2.8571 2.69304 2.68334 3.95903 2.66479 2.55667 2.95365 2.36028 3.79055 3.87882 4.17572 5.39078 4.29681 3.58556
threshold=0.2348388501598189 0.87178055766621132 0.73534781515564784 0.45382974989356978 2.1466039531358034 95.446153846153848 0.095765752624475745 1.1294581464344942 0.6410010536835874 1.8688348091416842 1.0000000180025095e-35 1.8437210537352271 0.75085549114344441 2.5113171736250868 0.31545539486290658 3.1984648276080736 1.3176471063246555 1.1330506329144143 0.014958910065235817 0.5400844383025275 0.13608305274971946 3.3842466058243152 3.8213124609692541 0.30510516127582815 2.249904835165133 0.59682766840323087 0.082810572677320129 0.31545539486290658 0.17704420439001509 2.0126758453675748
decision_type=2 2 8 2 8 8 2 8 2 8 2 8 2 10 10 10 10 10 2 10 10 10 10 10 10 2 2 10 2 10
left_child=6 3 -3 5 9 12 -1 14 18 -5 11 -10 16 -6 20 17 -2 -16 19 -9 -8 22 -20 24 25 26 27 -18 -28 -29
right_child=1 2 -4 4 13 -7 7 8 10 -11 -12 -13 -14 -15 15 -17 23 -19 21 -21 -22 -23 -24 -25 -26 -27 28 29 -30 -31
leaf_value=0.0013166029596141373 -0.002543700365910259 -0.013253360072300576 -0.006880298702786402 -0.0022656082701719175 -0.00048549555083558571 0.0019645593330355985 0.00033445053966511123 4.4902869114354241e-05 -0.0055207260847726395 -0.0078575754589798822 2.4649264241513602e-05 0.00017024632752446085 -0.0032874801004736235 -0.001390939955453594 -0.00060387762249214632 3.3357981444387748e-05 0.00013321513718641802 -0.0023277071250767624 0.00056497424310984572 -0.0013391821729150887 -0.0015120793889661058 0.0011791796164748473 -0.0040238034568416542 0.00020461038153252989 -9.3941623865756256e-05 -0.0019878049268642977 -0.0072964399332287808 -0.0010147954667355339 -0.0023003714771988276 -0.0033930736673330724
leaf_weight=8551 248 44 75 71 1079 730 451 150 75 84 340 81 93 273 47 64 650 69 8091 42 299 2390 64 2196 3003 79 52 190 54 67
leaf_count=8551 248 44 75 71 1079 730 451 150 75 84 340 81 93 273 47 64 650 69 8091 42 299 2390 64 2196 3003 79 52 190 54 67
internal_value=0.000611251 -0.000794972 -0.012025 -0.000642954 -0.00249271 -0.000264023 0.00122143 0.000856544 0.00107433 -0.00875 -0.00177465 -0.00580892 -0.000573496 -0.0017694 -0.00177229 -0.00530387 -0.000486697 -0.00830769 0.00120609 -0.00230052 -0.000918775 0.00127015 0.00101704 -0.000361888 -0.000787353 -0.00230009 -0.00179586 -0.00113326 -0.00740187 -0.00480233
internal_weight=29702 8988 119 8869 1507 7362 20714 12163 11233 155 496 156 6632 1352 930 180 6539 116 10737 192 750 10545 8155 6291 4095 1092 1013 907 106 257
internal_count=29702 8988 119 8869 1507 7362 20714 12163 11233 155 496 156 6632 1352 930 180 6539 116 10737 192 750 10545 8155 6291 4095 1092 1013 907 106 257
is_linear=0
shrinkage=0.03


Tree=47
num_leaves=31
num_cat=0
split_feature=12 12 3 3 11 16 3 12 11 16 7 4 17 7 14 11 7 14 12 7 14 1 12 4 14 16 1 11 7 3
split_gain=25.1598 16.8561 13.2347 7.73047 5.31385 5.29652 4.59373 4.25121 5.12684 4.19707 4.17822 5.1953 3.73439 3.37225 3.18685 3.01147 4.46451 2.96774 2.85602 5.73442 2.62206 4.39165 2.63041 2.51368 3.97278 2.50014 2.35141 2.23256 3.23639 2.22047
threshold=0.2348388501598189 0.68573256071017152 0.3027982948697201 0.14148779556499438 9.3929952030903507 0.64991217718672012 0.44398292661468064 0.054200808991605072 4.8559213341406453 0.15473815497581486 0.090496014585947124 983.83875919428135 0.33060066802439136 0.038720072312170818 0.17386590917074782 9.4066059236379669 0.16191719401940488 0.18308201311881486 0.10296310373030872 0.085441321830659764 0.10794157586932319 0.10889328063241112 0.45382974989356978 945.95594411299919 0.098413714326794632 0.37092307788868123 0.10063291139240506 11.063045979925278 0.22829349249735401 -0.010960452775795495
decision_type=2 2 2 2 2 8 2 2 2 10 10 8 8 8 2 2 8 2 2 10 2 10 2 8 2 10 8 2 10 2
left_child=4 3 -3 20 7 -4 12 -1 -9 -8 11 25 -5 -13 -15 16 17 -14 29 23 21 22 -2 24 -20 -10 -17 -22 -29 -6
right_child=1 2 5 6 18 -7 9 8 10 -11 -12 13 15 14 -16 26 -18 -19 19 -21 27 -23 -24 -25 -26 -27 -28 28 -30 -31
leaf_value=0.0013358931085280966 0.00018211742357544821 -0.010939121320259036 -0.0093619713294868043 5.7834275197858448e-05 -0.0022945471827431094 -0.0013589858516451082 -0.0048634075544701479 -0.0050418314361813698 0.00053783223424621154 -0.0019064167373346536 0.00018131202039580575 -0.0049156986909999183 -0.0051445855641388955 -0.0030671392627900809 -0.0020555022501403913 -8.278757472445559e-06 -0.001073941122228798 -0.0015673898797777328 -0.0028153779949962538 0.00075199457526450928 0.00039621621816501184 -0.0038230890386893816 -0.0013471111201221878 -0.00020300080444967587 0.00015447563758080768 -0.0011904531153780476 -0.00077617188270697921 -0.0034578817956321581 -1.8684978142822729e-05 0.0013911568424265167
leaf_weight=2014 454 56 45 1565 41 132 102 41 234 336 3110 45 55 41 130 1074 1209 87 42 7667 3142 44 74 880 45 49 386 46 144 6266
leaf_count=2014 454 56 45 1565 41 132 102 41 234 336 3110 45 55 41 130 1074 1209 87 42 7667 3142 44 74 880 45 49 386 46 144 6266
internal_value=0.000594377 -0.000733579 -0.00867949 -0.000520243 0.00117126 -0.00460112 -0.00132461 0.000388703 -0.000221857 -0.00425057 -0.000100554 -0.002646 -0.00103084 -0.00613825 -0.0041686 -0.00168457 -0.00270488 -0.00772028 0.00146788 0.00111314 0.000471703 -0.00140314 -0.000635161 -0.00106302 -0.00589773 3.16903e-05 -0.00073922 0.000793879 -0.00235602 0.00195323
internal_weight=29556 8951 233 8718 20605 177 4814 5664 3650 438 3609 499 4376 216 171 2811 1351 142 14941 8634 3904 572 528 967 87 283 1460 3332 190 6307
internal_count=29556 8951 233 8718 20605 177 4814 5664 3650 438 3609 499 4376 216 171 2811 1351 142 14941 8634 3904 572 528 967 87 283 1460 3332 190 6307
is_linear=0
shrinkage=0.03


Tree=48
num_leaves=31
num_cat=0
split_feature=12 12 3 0 12 3 6 4 8 0 13 11 15 2 4 17 15 6 7 11 3 0 10 6 15 4 3 0 11 17
split_gain=23.2462 12.9733 10.7262 7.63996 6.48384 6.26767 5.42297 4.95545 3.67201 4.74977 3.96981 5.03479 3.2573 3.17284 2.99951 2.75658 2.60919 2.56764 3.15741 2.44306 3.07119 2.50928 2.86318 3.28106 3.22463 2.63338 2.20831 4.35278 2.13494 2.4258
threshold=0.3176539135113004 0.87178055766621132 0.3027982948697201 500.25000000000006 0.12764283415115599 0.21198040431233986 10.228363721962106 169.0842070809621 1.1216701199597086 1.0592601854550538 0.10916947595211091 10.416625500706008 2.1383330595080281 3.9240045833320587 100.31655450710237 0.82248462705975267 3.3842466058243152 1.5193971843863843 0.16191719401940488 10.416625500706008 0.11016953019866794 1.4664302101503963 0.87858978563050572 0.96984019645573361 2.524928003624769 977.32894045209889 0.10767367368905073 0.99838914646281995 7.6978022585375747 1.4348072168078037
decision_type=2 2 2 8 2 2 2 8 10 10 2 2 10 8 8 10 10 2 8 2 2 10 10 2 10 10 2 10 2 10
left_child=4 3 -3 6 8 7 14 -6 9 26 12 -12 -11 -9 -2 -7 17 -17 -19 20 -15 -22 -23 24 -24 -26 27 -1 29 -10
right_child=1 2 -4 -5 5 15 -8 13 28 10 11 -13 -14 19 -16 16 -18 18 -20 -21 21 22 23 -25 25 -27 -28 -29 -30 -31
leaf_value=0.0012875753162811148 -0.0085280169334697193 -0.012294940302086657 -0.001331263521758567 0.00089274375472492545 -0.0082895676104472876 -8.1354408180953861e-05 -0.006913711495898445 -0.00097950193732057708 0.0002714293281556878 -0.002365237878941006 -0.0031171097707456382 -0.00040248759797620911 6.0017280605247891e-05 0.00077011100607179267 -0.00063817565692779856 -0.00082186793585778005 0.0014720085511336618 -0.0046670334126543032 -0.0017973943807210097 0.00087024446370349915 0.00043078448469539648 0.00032946922670732575 -0.00087232668639604806 -0.00044697878611931743 -0.00031378027809714269 -0.0021819770008409882 0.0012059115890327207 -0.0019464804945849147 0.0012445248599251811 -0.0038871348757203977
leaf_weight=172 55 51 65 823 49 3167 73 40 400 77 45 66 820 2991 3851 279 70 74 140 3168 1222 622 209 691 63 121 1613 72 8355 51
leaf_count=172 55 51 65 823 49 3167 73 40 400 77 45 66 820 2991 3851 279 70 74 140 3168 1222 622 209 691 63 121 1613 72 8355 51
internal_value=0.000625 -0.00125757 -0.0111282 -0.00101686 0.00100175 0.000538313 -0.00156106 0.000959791 0.00151414 0.000580949 -0.00107631 -0.00640179 -0.000410913 0.00101128 -0.00140824 -0.000498526 -0.00243085 -0.0032004 -0.00566512 0.00104875 0.000688683 -2.04837e-06 -0.000745167 -0.00167558 -0.00386041 -0.00674595 0.00148062 -0.00117551 0.00181765 -0.000192478
internal_weight=29495 4918 116 4802 24577 12906 3979 9176 11671 2865 1008 111 897 9127 3906 3730 563 493 214 9087 5919 2928 1706 1084 393 184 1857 244 8806 451
internal_count=29495 4918 116 4802 24577 12906 3979 9176 11671 2865 1008 111 897 9127 3906 3730 563 493 214 9087 5919 2928 1706 1084 393 184 1857 244 8806 451
is_linear=0
shrinkage=0.03


Tree=49
num_leaves=31
num_cat=0
split_feature=12 12 12 16 0 11 0 8 14 15 7 0 8 8 17 14 13 15 9 17 8 15 15 14 14 4 17 4 12 14
split_gain=23.232 11.8937 6.89136 6.08829 5.94199 6.57528 4.44283 3.68928 3.80635 3.65971 3.55188 6.79665 3.55102 3.22089 3.07983 3.05796 3.51405 5.14194 3.45756 2.72829 3.10583 3.21192 2.67822 2.61655 8.12514 2.52965 4.89675 3.67526 2.50387 3.0561
threshold=0.47757046544674703 0.16434778702143851 0.87178055766621132 0.6938175717218279 95.446153846153848 8.3514926729572014 2.1196405718482905 6.7009482741860529 0.53173784396488388 2.1383330595080281 0.081766971884964637 1.0592601854550538 39.83028596426638 1.0851917013020971 0.24202380185528991 0.60099052275563392 1.0000000180025095e-35 3.1984648276080736 0.26878145870449616 2.5113171736250868 234.75024513353841 1.7005986908310777 1.8688348091416842 0.25450203479105588 0.38041736031061685 463.90619655245547 1.1149600386466054 137.5701232449035 0.30495814701201823 0.18714609236612942
decision_type=2 2 2 8 8 2 8 8 2 10 10 10 10 10 10 2 2 10 10 10 10 8 8 2 2 10 10 10 2 2
left_child=1 9 6 -4 5 7 22 -3 -9 10 11 -1 -10 14 -7 18 17 -17 -11 -8 21 -21 -2 -20 -25 26 -12 -28 29 -15
right_child=2 4 3 -5 -6 13 19 8 12 15 25 -13 -14 28 -16 16 -18 -19 23 20 -22 -23 -24 24 -26 -27 27 -29 -30 -31
leaf_value=0.00034497902989730168 -0.0024087886915022515 -0.002741535105667446 -0.01216164892221697 -0.0049112429450200411 0.0017699940518835738 -0.001158490709997148 -0.00059144826568005842 0.00019989831455857713 0.00013677607206175857 0.0010436639196433175 0.00047353438529831356 -0.0022515914368161985 -0.0042008362186215118 -0.00013600669090049568 -0.0029473528381432417 -0.0052248056396831952 0.00042493237295727893 0.00017244702521878027 0.00086838314000623731 -0.00032770357743590502 0.00066752771519921865 -0.0038675404981144464 -0.0085954920585737341 -0.0025487409683646336 0.0010958062496731983 0.0014789540777685188 -0.00013162781166679675 -0.0072481711922355568 -0.00022846759851714979 0.00044811872418156965
leaf_weight=367 48 614 42 68 954 80 811 514 40 11480 641 201 42 2884 52 78 814 75 162 59 42 118 58 96 175 1024 44 41 3084 4877
leaf_count=367 48 614 42 68 954 80 811 514 40 11480 641 201 42 2884 52 78 814 75 162 59 42 118 58 96 175 1024 44 41 3084 4877
internal_value=0.000605861 0.000782181 -0.00340176 -0.0105405 0.000121215 -5.73514e-05 -0.00270185 -0.00215524 -0.000472362 0.00135364 0.000256145 -0.00180316 -0.00643373 0.000174076 -0.00446617 0.00155112 -7.12809e-05 -0.00422727 0.00168281 -0.00209505 -0.00505909 -0.00679213 -0.00852336 -0.000947004 -0.00274632 0.000925186 -0.000429161 -0.00715116 0.000230961 0.000518294
internal_weight=29585 28339 1246 110 13141 12187 1136 1210 596 15198 2318 568 82 10977 132 12880 967 153 11913 1030 219 177 106 433 271 1750 726 85 10845 7761
internal_count=29585 28339 1246 110 13141 12187 1136 1210 596 15198 2318 568 82 10977 132 12880 967 153 11913 1030 219 177 106 433 271 1750 726 85 10845 7761
is_linear=0
shrinkage=0.03


Tree=50
num_leaves=31
num_cat=0
split_feature=12 12 3 3 0 11 14 14 14 17 13 4 12 3 7 14 1 15 14 11 13 14 13 15 12 11 11 0 3 17
split_gain=20.8378 12.5341 10.5002 7.47381 4.39327 4.44861 4.389 4.02097 8.84838 8.30116 4.35363 4.28938 3.89704 6.77475 4.00158 4.98419 3.71208 3.15347 3.12835 3.04254 2.94521 3.63221 2.87792 2.85202 4.21962 2.95759 4.52713 2.82542 2.29898 3.12203
threshold=0.2348388501598189 0.87178055766621132 0.3027982948697201 0.37307780696417758 2571.1666666666674 6.1810507801846031 0.59682766840323087 0.19800921928783743 0.078606099333730237 0.58702744001670404 0.0081655820000622187 780.93014777192718 0.11097952624147746 0.20843525790064596 0.076909380649847647 0.4637785508060806 0.23166368515205724 4.7273486598447958 0.024874745753742142 5.4701654074033046 0.044565179699377448 0.34153829716896783 0.071367049106476968 3.3842466058243152 0.06764199399949701 10.471496589428204 10.931310713559283 1.2253074607533587 0.066067583977192437 1.9823507676023684
decision_type=2 2 2 2 8 2 2 2 2 8 2 10 2 2 10 2 8 8 2 2 2 2 2 10 2 2 2 8 2 8
left_child=6 3 -3 4 5 -2 12 8 18 11 -11 -10 17 19 15 16 -15 -1 -5 -14 -19 -22 -17 24 -8 27 -27 -26 -7 -30
right_child=1 2 -4 7 -6 28 23 -9 9 10 -12 -13 13 14 -16 22 -18 20 -20 -21 21 -23 -24 -25 25 26 -28 -29 29 -31
leaf_value=0.0012768282837460547 -0.0062186482268152699 -0.011477589863080232 -0.0011632409897378037 -0.008314725215621474 0.0015067262549576966 0.00034551030256104923 0.00056551093621216625 -0.00063551586362564898 -0.00026207657263231887 -0.0038811682209624384 -0.0085174500355355183 -0.0045326380773332044 -0.0051216877629334592 0.00025433042086134695 1.4206364745863522e-05 -0.00092853268255777151 -0.0024663288278206547 0.0016297008866587586 0.00067627088616347493 0.00075234322283271272 -0.007741620597873069 -0.00029100243917554419 -0.0040605104337347667 0.0011371258908185638 -0.0015717888046235709 -0.0043864876265499531 -0.00032174641520508752 6.7755589103070813e-05 -5.7122210118541794e-05 -0.00081237732076247494
leaf_weight=8735 99 44 72 58 762 1321 570 714 122 86 49 75 49 217 2125 51 64 149 240 7154 60 101 40 492 292 75 122 343 4145 1161
leaf_count=8735 99 44 72 58 762 1321 570 714 122 86 49 75 49 217 2125 51 64 149 240 7154 60 101 40 492 292 75 122 343 4145 1161
internal_value=0.000605009 -0.00060409 -0.010359 -0.00047481 -0.000104954 -0.000349636 0.00112922 -0.00253383 -0.00427892 -0.00763964 -0.0133456 -0.00368182 0.00126827 0.000850428 -0.000495997 -0.00336193 -0.00137234 0.00171623 -0.000521739 0.00131718 -0.00125402 -0.00405556 -0.00942391 -0.000246966 -0.000936564 -0.00229772 -0.0055 -0.00129717 -0.000254828 -0.000533635
internal_weight=29587 8948 116 8832 7488 6726 20639 1344 630 332 135 197 18745 9700 2497 372 281 9045 298 7203 310 161 91 1894 1402 832 197 635 6627 5306
internal_count=29587 8948 116 8832 7488 6726 20639 1344 630 332 135 197 18745 9700 2497 372 281 9045 298 7203 310 161 91 1894 1402 832 197 635 6627 5306
is_linear=0
shrinkage=0.03


Tree=51
num_leaves=31
num_cat=0
split_feature=12 12 3 3 14 11 0 0 15 14 17 12 3 11 9 8 11 14 17 9 14 0 14 17 0 3 1 17 8 9
split_gain=19.848 8.87892 9.12662 5.7497 4.6408 4.21786 4.07761 3.89237 3.79895 4.45507 3.64271 3.57533 4.6969 3.73895 3.73525 3.54337 3.09646 3.90301 2.92972 2.90058 2.8343 2.78816 2.71907 3.40587 2.64985 2.58488 3.38255 2.63268 2.95766 2.46845
threshold=0.21538743659014695 0.61289412774866447 0.24676042247408797 0.099117625394582395 0.60099052275563392 7.0089570573954596 5.1949234402690676 1.0027587458182372 2.524928003624769 0.066731164928892875 1.1754304930656578 0.12162184418592493 0.12335031907541978 10.416625500706008 0.27148339479890743 13.70259706467983 6.5882382461791584 0.19638806362534819 1.7201381195487364 0.0025046752417442089 0.19928135542552586 1.9983374155770131 0.22519671308559638 2.6844859018881082 1.2586144683345319 0.45543101709729822 0.13976744186046516 0.42744675809190807 1.1595081914547225 0.066466064766733002
decision_type=2 2 2 2 2 2 8 10 10 2 10 2 2 2 10 10 2 2 10 8 2 8 2 10 8 2 10 10 8 8
left_child=4 3 -3 19 5 7 -4 -1 9 -5 15 -7 -13 14 25 -11 17 -9 -6 21 -18 -2 23 -12 -10 27 -27 -14 -29 -26
right_child=1 2 6 8 18 11 -8 16 24 10 22 12 13 -15 -16 -17 20 -19 -20 -21 -22 -23 -24 -25 29 26 -28 28 -30 -31
leaf_value=0.00163116582863362 -0.0064515311455958521 -0.011438381441405555 -0.0078541791295860339 0.00061483645404217452 -7.6138111436473623e-05 0.0011788100015426178 -0.00070340393268056008 -0.0086264959554237866 -0.0018666551037233973 -0.0013170295299459226 -0.0027178276300343258 0.0011014777665238364 0.00021366074530855013 0.00053403707377300779 -0.0038828842922656631 0.00018109040679240051 0.003703233603817841 -0.00085982681532938479 -0.0018370503008218648 0.00040262280442273041 -0.0021252967880320316 -0.00037470860715147029 -0.00075353664739013452 -0.0010879113246858895 0.00031929772313995592 -0.00060352491353163221 -0.0022706880373255401 -0.002156636877801574 -0.0005323136270399553 -0.00044897393960508002
leaf_weight=352 46 53 77 499 1619 9582 219 110 47 1532 190 3111 1916 1364 41 641 96 75 43 2965 51 137 355 208 1978 84 41 45 799 1333
leaf_count=352 46 53 77 499 1619 9582 219 110 47 1532 190 3111 1916 1364 41 641 96 75 43 2965 51 137 355 208 1978 84 41 45 799 1333
internal_value=0.000609828 -0.000455209 -0.00515143 -0.00028967 0.00117625 0.00131883 -0.00307071 -0.000989781 -0.000781397 -0.00148424 -0.00193099 0.00141186 0.000916374 0.000272664 -0.000332081 -0.00130681 -0.00331532 -0.0058871 -0.000339146 0.000769768 -6.08107e-05 -0.00288587 -0.00372812 -0.00542857 -6.43047e-05 -0.000202703 -0.00440476 -1.08655e-05 -0.00140592 3.71378e-05
internal_weight=29609 10280 349 9931 19329 17667 296 684 6783 3425 2926 16983 7401 4290 2926 2173 332 185 1662 3148 147 183 753 398 3358 2885 125 2760 844 3311
internal_count=29609 10280 349 9931 19329 17667 296 684 6783 3425 2926 16983 7401 4290 2926 2173 332 185 1662 3148 147 183 753 398 3358 2885 125 2760 844 3311
is_linear=0
shrinkage=0.03


Tree=52
num_leaves=31
num_cat=0
split_feature=12 12 3 0 12 3 11 11 0 12 15 14 9 11 15 9 15 14 16 9 10 14 12 3 9 4 12 14 16 13
split_gain=21.5646 11.6331 9.6584 5.41987 4.99462 6.97502 4.54244 4.21571 3.81054 3.29895 3.27362 3.21643 3.11656 3.15236 2.90894 4.88919 2.9055 2.73256 3.26212 2.72719 3.71897 10.895 2.63134 2.27826 2.27634 2.17895 5.20352 2.16966 6.14293 2.20751
threshold=0.26537890472202369 0.68573256071017152 0.3027982948697201 500.25000000000006 0.11218891223033813 0.12335031907541978 10.416625500706008 5.4701654074033046 1.3295270301383868 0.36593090772450171 1.7005986908310777 0.27887317046262522 0.27411312526517123 10.112106120086397 2.9700856263602158 0.1131366222994713 2.1383330595080281 0.03226662648250448 0.19774915634591644 0.24859255908408068 1.1524067282659258 0.25284066456771392 0.18398662354868825 0.38869063671401183 1.0000000180025095e-35 2906.9484971770285 0.16434778702143851 0.67140062212943341 0.43207196020569866 0.047357574945620123
decision_type=2 2 2 8 2 2 2 2 10 2 10 2 10 2 10 10 10 2 8 10 10 2 2 2 8 10 2 2 8 2
left_child=4 3 -3 7 16 17 12 -2 11 -10 -4 -9 13 27 25 22 -1 18 -6 -18 -21 -22 -16 -8 -19 -15 -27 29 -29 -7
right_child=1 2 10 -5 5 6 23 8 9 -11 -12 -13 -14 14 15 -17 19 24 -20 20 21 -23 -24 -25 -26 26 -28 28 -30 -31
leaf_value=0.00036428757389234589 -0.008027494879954692 -0.0087331059300133924 -0.0010114814504982416 0.00088468580221185756 6.7558492633776145e-05 0.00028626737320494664 0.00059395518482494882 -0.0070737159229401639 -2.6177418725295441e-05 -0.00064231942028481176 -0.0094859117696928751 -0.0020211031798446472 -0.0035950398162123802 0.00023732746660451247 0.00013870124214570214 -0.0011209072822827566 0.0012586256773812891 -0.0020894153459483922 -0.0037222091020266243 0.00045081737413145737 0.00070794635004334434 -0.0030970927993096103 -0.00096883744445504575 -0.00087411977460928939 0.00099649653808679965 0.00072386229056546018 -0.0037894099191626953 9.2201937752127842e-05 -0.0022103778696389883 -0.0004762299928776121
leaf_weight=1653 85 54 144 897 104 2618 2099 53 3300 2511 44 74 53 361 189 93 7785 72 43 627 69 50 149 213 4869 45 48 106 52 1173
leaf_count=1653 85 54 144 897 104 2618 2099 53 3300 2511 44 74 53 361 189 93 7785 72 43 627 69 50 149 213 4869 45 48 106 52 1173
internal_value=0.000625937 -0.000807483 -0.00725926 -0.000580841 0.00108281 0.000675537 7.45834e-05 -0.00090488 -0.000809227 -0.000696318 -0.004 -0.00592969 -0.00044374 -0.000363599 -0.00198081 -0.00374306 0.00157408 0.00152564 -0.00249324 0.00179712 6.42571e-05 -0.004775 -0.0020531 0.00116991 0.00164569 -0.000303297 -0.00437234 -7.59382e-07 -0.00343396 0.000143196
internal_weight=29633 7162 242 6920 22471 12287 7199 6023 5938 5811 188 127 4887 4834 885 431 10184 5088 147 8531 746 119 338 2312 4941 454 93 3949 158 3791
internal_count=29633 7162 242 6920 22471 12287 7199 6023 5938 5811 188 127 4887 4834 885 431 10184 5088 147 8531 746 119 338 2312 4941 454 93 3949 158 3791
is_linear=0
shrinkage=0.03


Tree=53
num_leaves=31
num_cat=0
split_feature=12 12 3 3 16 0 12 7 15 15 3 17 3 9 4 9 7 0 8 13 7 17 12 0 17 9 17 16 13 15
split_gain=19.4809 12.3923 9.37301 6.10287 4.99815 4.68691 4.66965 5.84907 3.70787 3.48103 3.4678 3.07084 3.14694 2.89679 2.86821 2.84726 2.67977 7.1908 2.43431 3.30751 4.25694 2.51955 2.39267 2.53853 2.95105 2.32395 2.28808 2.20627 2.06405 8.37142
threshold=0.26276144439709631 0.68573256071017152 0.3027982948697201 0.44398292661468064 0.1209215125841246 1202.4166666666667 0.1087532157609692 0.086342341831378566 2.1383330595080281 2.602003343538398 0.12335031907541978 0.99399022448360319 0.50541988633251311 0.051594361951503388 10054.386035047779 0.0025046752417442089 0.076909380649847647 1.090781196980122 1.1629638694748345 0.08675224726064347 0.043241137431346922 0.68398548854444885 0.45382974989356978 2.2666072860717121 2.0950339193447265 0.057981250894438167 1.9823507676023684 1.0000000180025095e-35 0.065271537052317585 2.524928003624769
decision_type=2 2 2 2 10 8 2 10 10 10 2 10 2 10 8 8 10 10 10 2 10 10 2 10 8 10 10 8 2 8
left_child=6 3 -3 5 -5 22 8 14 16 25 15 12 -12 -4 18 -9 17 -1 19 21 -21 -8 -2 -24 -25 -6 -18 -7 -13 -30
right_child=1 2 13 4 9 27 7 10 -10 -11 11 28 -14 -15 -16 -17 26 -19 -20 20 -22 -23 23 24 -26 -27 -28 -29 29 -31
leaf_value=2.187294920674661e-05 -0.00011154017493689001 -0.0089444319709446624 -0.0053179068531476262 -0.0044912344790269563 -0.0071301001968607398 -0.00048435175065683687 -9.4185806954660083e-05 -0.0019988711543835239 0.0011695596764314039 0.00043053506731669818 0.00033504172707705878 -0.00026701582559419804 -0.0029195795379570481 0.0021818737843020061 -0.0022499408536951681 0.00091392339569061132 0.0011938824982220394 -0.0022837494709427677 0.00059303551634031285 -0.0039485108550361483 -0.0010213293946149578 -0.0020416101422708142 -0.0048146547384238392 8.8830724709683406e-05 -0.0011119994905028651 -0.0018845131155789908 -0.0028013509231718391 0.0013258031090489062 -0.0044971965276422877 -0.00011758623392383014
leaf_weight=386 4899 58 124 76 52 57 606 66 8225 137 5704 389 68 47 58 4857 1104 82 363 42 115 66 142 427 437 102 45 738 42 115
leaf_count=386 4899 58 124 76 52 57 606 66 8225 137 5704 389 68 47 58 4857 1104 82 363 42 115 66 142 427 437 102 45 738 42 115
internal_value=0.000620554 -0.000725229 -0.00757826 -0.000502122 -0.00426359 -0.000295478 0.00106022 0.000675072 0.00154892 -0.00245548 0.000891567 0.000426333 0.000629829 -0.00399419 -0.00127098 0.00148842 0.000235476 -0.00167591 -0.000950545 -0.00184699 -0.00575316 -0.000927192 -0.000586691 -0.00191857 -0.00130405 -0.00553548 0.00101478 0.00186558 -0.00172212 -0.00461392
internal_weight=29629 7296 229 7067 367 6700 22333 12491 9842 291 11241 6318 5772 171 1250 4923 1617 468 1192 829 157 672 5905 1006 864 154 1149 795 546 157
internal_count=29629 7296 229 7067 367 6700 22333 12491 9842 291 11241 6318 5772 171 1250 4923 1617 468 1192 829 157 672 5905 1006 864 154 1149 795 546 157
is_linear=0
shrinkage=0.03


Tree=54
num_leaves=31
num_cat=0
split_feature=12 12 3 3 0 3 12 4 3 2 17 4 8 1 17 14 6 0 10 14 13 16 4 10 17 14 13 8 8 14
split_gain=18.7348 11.8751 9.33959 6.12537 5.00317 4.32255 6.85274 3.87354 3.55796 3.93634 3.63594 3.43383 3.17323 4.12142 3.10446 3.28301 3.00424 2.72304 2.57621 3.1862 2.33515 2.28225 3.24306 3.12912 2.18928 2.0381 4.19169 2.52684 1.90247 1.84415
threshold=0.22254331147046272 0.68573256071017152 0.3027982948697201 0.3847827959042634 1202.4166666666667 0.20843525790064596 0.08055306446836942 69.623102723307426 0.44779719063506851 4.536879875718685 0.69322481428419114 69.623102723307426 1.1121553630415657 0.098199935711989719 0.2384998778396131 0.4239823935611558 3.7679581909318753 7.9902492539411911 1.0970801732832927 0.23577008017354692 0.021975796038927024 0.24119166977552745 7442.1150709420062 2.98021863618392 -0.24675793088424913 0.66206747793733689 0.016439054640775667 153.17110173352168 1.0602167195665793 0.59311561807020496
decision_type=2 2 2 2 8 2 2 8 2 8 10 10 10 10 10 2 2 8 10 2 2 10 10 8 10 2 2 8 10 2
left_child=5 3 -3 4 7 12 -7 -2 9 -8 20 -5 13 -1 28 -16 -13 -4 -18 -20 -10 23 -23 24 -9 27 -27 -11 -15 -17
right_child=1 2 17 11 -6 6 8 21 10 25 -12 16 -14 14 15 29 18 -19 19 -21 -22 22 -24 -25 -26 26 -28 -29 -30 -31
leaf_value=0.00070925233770615889 -0.015955670230747579 -0.0093053613862256572 -0.0072858228690740948 -0.0050398471919546797 0.0012900878583981558 0.0011326564697171789 -0.0030553582917688064 -0.0008223869682217758 -2.1459544593003376e-05 0.00012868829755251777 -0.0033097448098001387 -0.0009331957783983416 0.00087263956501945595 0.0017973993666955811 -0.0013750265341462063 0.0012677965818958378 -0.0040263932070521424 -0.0010841761746785785 -0.0030439208459947871 0.00047332562459145551 -0.0022083298469845118 -0.00032082738520109653 -0.0016589701599274912 -0.0039654817852634418 0.00019104861015033334 -0.0032633564108766628 0.0011687275552905525 -0.002195091205884802 -0.0011618987217083166 -0.0025251718465415583
leaf_weight=667 40 53 48 64 864 2771 45 477 226 2744 44 975 12465 134 75 49 56 130 76 61 171 2831 96 68 3878 81 83 41 225 42
leaf_count=667 40 53 48 64 864 2771 45 477 226 2744 44 975 12465 134 75 49 56 130 76 61 171 2831 96 68 3878 81 83 41 225 42
internal_value=0.000556776 -0.000522638 -0.00722845 -0.000358596 -6.39611e-05 0.00108483 0.000428226 -0.000316601 -0.000467113 -9.61602e-05 -0.00297964 -0.0023309 0.00138315 -9.55573e-05 -0.00208175 -0.00546108 -0.00195552 -0.00388827 -0.00536598 -0.0031087 -0.00205779 -0.00026527 -0.000914959 0.000164783 0.000265152 3.96611e-05 -0.0032 0.000231515 -0.000508333 -0.00159783
internal_weight=29580 9717 231 9486 8254 19863 6206 7390 3435 2994 441 1232 13657 1192 525 166 1168 178 193 137 397 7350 2927 4423 4355 2949 164 2785 359 91
internal_count=29580 9717 231 9486 8254 19863 6206 7390 3435 2994 441 1232 13657 1192 525 166 1168 178 193 137 397 7350 2927 4423 4355 2949 164 2785 359 91
is_linear=0
shrinkage=0.03


Tree=55
num_leaves=31
num_cat=0
split_feature=12 12 9 3 12 3 7 14 7 7 14 10 14 17 9 14 14 15 14 9 0 11 15 14 10 11 17 1 4 17
split_gain=18.77 9.43023 8.48943 5.19961 4.96925 5.81462 3.92319 3.69529 7.69244 3.38362 5.96217 5.60092 3.57196 3.20246 2.95616 2.93792 2.77205 4.05723 2.59707 2.57444 2.56808 3.50602 2.48113 2.27368 4.42076 5.82957 2.23193 3.01513 2.21233 2.1744
threshold=0.24975227271246239 0.87178055766621132 0.039633641005546526 0.13549860606487069 0.10667875295301955 0.12829611575014377 0.081766971884964637 0.4637785508060806 0.038720072312170818 0.20775995153042254 0.20776396927407989 2.2292279740218279 0.13247958252404468 0.95497662265565875 0.26878145870449616 0.03226662648250448 0.6410010536835874 2.740319461670996 0.15801693441696354 0.103716525083922 2571.1666666666674 6.5882382461791584 2.249904835165133 0.25136488416346719 1.129555252616657 7.6978022585375747 0.27228879039789983 0.16015267175572526 1051.3320139708605 1.9823507676023684
decision_type=2 2 8 2 2 2 8 2 10 10 2 8 2 10 8 2 2 8 2 10 8 2 10 2 8 2 10 8 10 10
left_child=4 3 -3 20 14 15 7 26 -9 10 11 12 28 -8 22 19 -12 -18 -14 -6 21 -2 29 -16 -25 -26 -7 -28 -5 -1
right_child=1 2 -4 9 5 6 13 8 -10 -11 16 -13 18 -15 23 -17 17 -19 -20 -21 -22 -23 -24 24 25 -27 27 -29 -30 -31
leaf_value=0.00060368285584102926 -0.011188733136920525 -0.0042615546109422654 -0.0080752750859145687 -0.0014277968573712858 -0.0040508157646679688 0.00021404122921881994 0.00024095959116258507 -0.003825271251041846 -0.00072772226399384879 -0.00038536033001126122 0.00013715699937689373 -0.0069842904685565674 -0.005549094571482862 -0.00072946076767799444 0.001402869608064372 0.00085339091643890923 -0.0027816875952364514 0.0006414630360020426 -0.0026196214836488045 0.0013319738291017672 0.0013925685270705409 5.6908356699659655e-05 0.0011684555268442977 -0.00020565674477334483 0.00038965331195946608 -0.0025008070276819798 -0.00016612008014576775 -0.0019699819253284367 0.0007068416503639587 -0.0025590695757235315
leaf_weight=1697 53 72 43 125 84 374 5406 56 253 3447 495 55 42 548 166 5013 93 57 121 67 575 2678 7318 289 40 40 159 63 112 54
leaf_count=1697 53 72 43 125 84 374 5406 56 253 3447 495 55 42 548 166 5013 93 57 121 67 575 2678 7318 289 40 40 159 63 112 54
internal_value=0.000554974 -0.000689672 -0.00918103 -0.000564171 0.00101355 0.000607036 3.45482e-05 -0.00180464 -0.00446129 -0.0012223 -0.0026703 -0.00529605 -0.0040399 0.000314358 0.00152233 0.00136728 -0.000812693 -0.00437086 -0.00744512 -0.00274342 0.000341095 -4.28257e-05 0.00165017 -0.000643657 -0.00195405 -0.00814815 -0.00042211 -0.00279821 -0.00167647 0.000635274
internal_weight=29595 7968 115 7853 21627 12023 6859 905 309 4547 1100 455 400 5954 9604 5164 645 150 163 151 3306 2731 9069 535 369 80 596 222 237 1751
internal_count=29595 7968 115 7853 21627 12023 6859 905 309 4547 1100 455 400 5954 9604 5164 645 150 163 151 3306 2731 9069 535 369 80 596 222 237 1751
is_linear=0
shrinkage=0.03


Tree=56
num_leaves=31
num_cat=0
split_feature=12 12 9 3 14 9 14 10 11 12 12 3 11 3 4 3 15 14 6 0 0 11 11 3 0 4 1 14 10 7
split_gain=16.5399 9.70401 8.18691 5.56018 4.09798 3.81839 5.08869 9.53281 3.4507 4.63306 3.38934 4.52772 3.46363 3.30015 2.94034 5.47002 2.70223 3.64514 2.88394 2.74155 2.68963 2.50211 2.20351 5.36361 2.52149 2.1925 2.13776 2.96383 2.66949 2.12464
threshold=0.2348388501598189 0.87178055766621132 0.039633641005546526 0.14706580991889931 0.60099052275563392 0.26878145870449616 0.25450203479105588 1.1411643366809934 4.8559213341406453 -1.0000000180025095e-35 0.12162184418592493 0.10767367368905073 10.416625500706008 0.44398292661468064 2121.5961720010428 0.44779719063506851 3.4175922930736511 0.21556890388968922 3.3455697212623825 1.3503292739204074 2571.1666666666674 10.159698305869727 9.0303161724391661 1.0000000180025095e-35 1.1470781370874144 10054.386035047779 0.13172353961827646 0.087619925206465235 1.6195031359000305 0.0527824954399762
decision_type=2 2 8 2 2 8 2 8 2 2 2 2 2 2 10 2 10 2 2 10 8 2 2 2 10 10 10 2 10 10
left_child=4 3 -3 20 5 8 -7 21 9 -1 -10 -12 26 25 22 -16 17 18 19 -15 -2 29 24 -24 -6 -5 -13 28 -28 -8
right_child=1 2 -4 13 14 6 7 -9 10 -11 11 12 -14 16 15 -17 -18 -19 -20 -21 -22 -23 23 -25 -26 -27 27 -29 -30 -31
leaf_value=0.0013348530675420345 4.6607188124999461e-05 -0.0015635759011208947 -0.00840638488616933 -0.00040627306480435922 0.00010490979309610192 0.001319469426626617 -0.0026519565523548871 -0.0026899624469508194 0.0010814343895675712 -0.0060002721323287296 0.0010392146992819489 0.00013032822961967031 0.00058219132617876816 -0.0041936034736305182 -0.0001963118993588755 -0.0021021397541101622 0.00042001993946916077 -0.00097541825041430532 -0.0053296889421695142 -0.004179012860334539 0.0013401230630018393 0.00090871482681860775 -0.0033884371225946261 0.00068917854127201487 -0.0014335181218861376 -0.0012922478378765317 -0.0013335710386239382 -0.000296532719931583 0.00018881201783577106 0.0011895751382665926
leaf_weight=69 3457 70 46 4235 331 277 117 72 9465 42 2975 2961 1775 42 391 57 89 205 45 105 614 149 41 854 147 83 100 777 43 41
leaf_count=69 3457 70 46 4235 331 277 117 72 9465 42 2975 2961 1775 42 391 57 89 205 45 105 614 149 41 854 147 83 100 777 43 41
internal_value=0.000580772 -0.000493438 -0.00907692 -0.000380239 0.00104772 0.00117891 -0.00106849 -0.00332368 0.00125994 -0.00399107 0.00129237 0.000862257 0.000363797 -0.00107138 -0.000311196 -0.00241871 -0.00341273 -0.00446985 -0.00743005 -0.00533108 0.000435413 -0.00100325 0.000377729 0.00125558 -0.00126514 -0.000807131 -0.000138331 -0.00140065 -0.00535417 -0.00362264
internal_weight=29675 8991 116 8875 20684 18863 656 379 18207 111 18096 8631 5656 4804 1821 448 486 397 192 147 4071 307 1373 895 478 4318 3881 920 143 158
internal_count=29675 8991 116 8875 20684 18863 656 379 18207 111 18096 8631 5656 4804 1821 448 486 397 192 147 4071 307 1373 895 478 4318 3881 920 143 158
is_linear=0
shrinkage=0.03


Tree=57
num_leaves=31
num_cat=0
split_feature=20 20 3 3 17 3 14 8 0 1 11 16 15 17 13 4 3 15 16 0 14 15 8 16 14 20 17 17 3 14
split_gain=15.896 10.1457 7.946 7.2756 3.77499 3.8432 3.57084 3.30388 5.22251 5.83412 3.3657 3.30117 2.97669 2.97576 4.63738 2.74475 7.63094 3.06413 2.71634 2.6254 2.50169 5.36475 5.23426 2.37152 2.48654 2.35089 2.34862 2.27635 2.22614 2.85976
threshold=0.1853436907453743 0.87178055766621132 0.23233109241846053 0.14623861488695633 1.016278417560202 0.44398292661468064 0.59682766840323087 1.1243118488004138 1.0562159925208057 0.31612258494337114 7.0089570573954596 0.11240167819324855 1.7005986908310777 0.2835118106667211 0.092871863244785038 1401.4897897539693 0.0072244008598745012 3.3842466058243152 0.24119166977552745 1.2978677754279115 0.67140062212943341 2.740319461670996 1.6422636687549275 0.27599968065299668 0.75085549114344441 0.068921770466097612 0.69322481428419114 1.0906491078269227 0.22360610584171384 0.058582606790845371
decision_type=2 2 2 2 8 2 2 8 10 8 2 8 10 10 2 10 2 8 8 8 2 8 10 10 2 2 10 10 2 2
left_child=6 3 -3 18 5 20 7 8 -1 13 27 -6 -7 -10 26 23 -17 -18 -2 -13 -5 22 -22 -8 -25 -12 -15 -9 -27 -30
right_child=1 2 -4 4 11 12 15 10 9 -11 25 19 -14 14 -16 16 17 -19 -20 -21 21 -23 -24 24 -26 28 -28 -29 29 -31
leaf_value=0.00088422523995619986 0.00050498185861311187 -0.0098053835376378587 -0.0018288450945267388 -2.322029341840362e-05 -0.0037167682401585958 -0.0054396376674371817 0.00095295549799879478 -0.00049328379354402938 0.00016488659553967364 -0.0017319895880131386 0.0016502986069202776 -0.0037637879651616734 -0.0013522748913256998 -3.6716998647658761e-05 -0.0015498159404212512 -0.0037959364174846755 -0.00049281350033542016 0.0011287925212767292 -8.1256910209396186e-05 -0.00090863031468936507 -0.0048502265970978278 0.0015163524688664076 -0.0022214551886034148 6.7414747098211233e-05 -0.0016032864632971688 0.00078009187956846917 -0.0016907085885611468 -0.0066901560661998156 -0.00068592951099656521 0.00037240128918860862
leaf_weight=1649 3699 42 70 4271 66 72 700 237 773 99 3243 63 449 216 43 41 368 166 2196 1462 40 98 92 192 68 7528 48 65 239 1285
leaf_count=1649 3699 42 70 4271 66 72 700 237 773 99 3243 63 449 216 43 41 368 166 2196 1462 40 98 92 192 68 7528 48 65 239 1285
internal_value=0.00051621 -0.000289993 -0.00923894 -0.000209129 -0.000892198 -0.000488553 0.00111609 0.0012534 0.000326617 -0.00119746 0.00146142 -0.0021652 -0.00292529 -0.000555042 -0.0030487 -0.000263672 -0.00190104 -0.000930841 0.000557157 -0.00187746 -0.000205908 -0.00324675 -0.00717293 0.000718002 -0.00172414 0.00153831 -0.00153962 -0.00166337 0.00128974 0.000243935
internal_weight=29580 12620 112 12508 6613 5022 16960 15425 2828 1179 12597 1591 521 1080 307 1535 575 534 5895 1525 4501 230 132 960 260 12295 264 302 9052 1524
internal_count=29580 12620 112 12508 6613 5022 16960 15425 2828 1179 12597 1591 521 1080 307 1535 575 534 5895 1525 4501 230 132 960 260 12295 264 302 9052 1524
is_linear=0
shrinkage=0.03


Tree=58
num_leaves=31
num_cat=0
split_feature=20 6 3 20 15 14 9 14 0 20 8 9 17 9 14 8 14 8 14 7 16 7 0 14 20 1 20 3 0 1
split_gain=15.563 8.1199 5.14944 5.52853 3.46347 3.64316 3.82283 6.28518 5.93683 3.82221 3.12485 2.90151 2.58912 2.60124 6.45656 3.94439 4.94934 3.6888 2.70004 2.68766 2.55429 3.39727 2.54297 2.68508 3.7248 3.77921 2.47558 3.71802 2.86771 2.44221
threshold=0.21538743659014695 7.4529089980858076 0.14623861488695633 0.5517502486709237 3.2769667020129059 0.6061035485807782 0.27148339479890743 0.25650469701685369 1.0649580479555378 0.078251622114761346 1.1336394511581842 0.0092517436267436307 1.9823507676023684 0.076233902440743892 0.180032785398999 7.7954471304838604 0.12738138777428473 1.7188396492203968 0.037242545401578078 0.29246070693677256 0.64991217718672012 0.3199070149744267 2571.1666666666674 0.11022841259527735 0.43933451072651636 0.10889328063241112 0.13368289005843573 0.12335031907541978 4.1180246264091247 0.21103238866396765
decision_type=2 2 2 2 10 2 8 2 10 2 10 10 10 8 2 10 2 8 2 8 10 10 8 2 2 10 2 2 10 8
left_child=4 2 3 22 5 6 26 -8 -9 -7 -10 -3 13 -4 15 16 17 -15 -19 -16 -14 -22 23 24 25 -2 29 28 -28 -1
right_child=1 11 12 -5 -6 9 7 8 10 -11 -12 -13 20 14 19 -17 -18 18 -20 -21 21 -23 -24 -25 -26 -27 27 -29 -30 -31
leaf_value=0.0010138374598027803 5.6256541010483838e-06 -0.0080791844347341702 -0.00015104323097334043 -0.0068949260649135797 0.00091664172234248178 0.00032785727878973677 0.0014884084533677206 -0.0012463739274334105 -0.0033183099551256038 -0.0011398405834962461 -0.0011237549752746501 -0.0033395072364042879 -0.00084448268228585989 -0.00069653162059707006 -0.00058186920322167077 -6.8214394147125712e-05 -0.003247362150299958 -0.00023882248798937704 -0.0052044490896813317 0.00069800678087849233 -0.0048084199702386711 -0.0012893334266674879 0.0014286736162488316 0.00018988472052987551 -0.0010092279504075362 -0.0012933397008314863 0.00082061623804774398 -9.692236363041364e-05 -0.0034930389730312332 5.5170638434657106e-05
leaf_weight=5919 437 40 3178 42 5626 557 167 154 40 555 41 132 485 139 845 130 68 40 95 270 40 51 619 3461 46 59 2010 2710 41 1470
leaf_count=5919 437 40 3178 42 5626 557 167 154 40 555 41 132 485 139 845 130 68 40 95 270 40 51 619 3461 46 59 2010 2710 41 1470
internal_value=0.000491415 -0.000457752 -0.000346292 0.000381994 0.000992173 0.000734138 0.000879949 -0.00199504 -0.0051483 -0.000911051 -0.0116707 -0.00690173 -0.000982216 -0.000752203 -0.0017437 -0.00468076 -0.00636735 -0.00453818 -0.00805147 -0.000497312 -0.00288042 -0.00746739 0.000481506 0.000204546 -0.00175691 -0.00098994 0.000975228 0.000441621 0.00140497 0.00131894
internal_weight=29467 10177 10005 4664 19290 13664 12552 402 235 1112 81 172 5341 4765 1587 472 342 274 135 1115 576 91 4622 4003 542 496 12150 4761 2051 7389
internal_count=29467 10177 10005 4664 19290 13664 12552 402 235 1112 81 172 5341 4765 1587 472 342 274 135 1115 576 91 4622 4003 542 496 12150 4761 2051 7389
is_linear=0
shrinkage=0.03


Tree=59
num_leaves=31
num_cat=0
split_feature=12 12 3 3 6 14 0 9 14 10 7 12 3 14 15 13 15 9 4 6 15 15 12 7 13 4 15 8 2 17
split_gain=13.7505 7.92239 8.62613 4.93249 3.68594 3.48274 3.45647 3.34097 3.8715 7.07553 3.31977 2.86237 4.34042 2.78265 3.7978 4.54546 3.732 3.43371 3.41799 3.40612 3.18352 2.60889 3.8474 2.56087 2.42141 3.47635 2.64624 2.30112 3.90678 2.90953
threshold=0.22254331147046272 0.87178055766621132 0.29158219452220374 0.30643823385632335 5.7988409000321441 0.60099052275563392 2571.1666666666674 0.27148339479890743 0.24116311111870239 1.1411643366809934 0.56505110629594368 0.064449468150659342 0.20119838365837076 0.058582606790845371 3.0201273556387074 0.0094775683688361218 4.6959141240107813 0.12506979891835779 991.487413216513 5.2733807529920798 3.3497501700808394 3.3842466058243152 0.076978893112213079 0.17037286410309213 0.050663158909341414 169.0842070809621 3.3497501700808394 14.221795677881188 5.6626112916929676 1.1420528169633293
decision_type=2 2 2 2 2 2 8 8 2 8 8 2 2 2 10 2 8 10 10 2 10 10 2 10 2 8 10 8 8 10
left_child=5 3 -3 6 10 7 -2 11 -9 -10 -5 -1 24 14 -14 17 19 20 -17 -15 -16 22 -7 -6 25 -13 27 28 -26 -30
right_child=1 2 -4 4 23 21 -8 8 9 -11 -12 12 13 16 15 18 -18 -19 -20 -21 -22 -23 -24 -25 26 -27 -28 -29 29 -31
leaf_value=0.0012883464035792832 -6.5720319353571637e-05 -0.0077065153267830665 -0.00038100644350229525 -0.00069453913869935136 -0.0039871025820090679 0.00028085658404294368 0.0011739140803339609 0.0009961655525750168 -0.00052550569091548076 -0.0028028941460383509 -0.0037135798478394552 -0.0073434041913350524 0.00032611515307975566 0.00038987676875358736 -0.0011568509024477587 -0.0024876834482474926 -0.0051008914566040659 -0.0011905929727878213 0.00041713256489685061 -0.002260409030514205 0.00014243876232390449 0.0009406771935633084 -0.00099601288211400348 -0.003763910684228473 -0.00089760020968953204 0.0012223297004204886 0.00081066270210221694 0.00091572073805726772 7.4902607585153775e-05 -0.0012417589460649422
leaf_weight=4866 6639 46 68 2087 53 600 745 227 261 68 78 43 316 2623 73 41 55 41 170 45 48 471 694 68 41 4212 1661 898 2366 85
leaf_count=4866 6639 46 68 2087 53 600 745 227 261 68 78 43 316 2623 73 41 55 41 170 45 48 471 694 68 41 4212 1661 898 2366 85
internal_value=0.00050512 -0.000415738 -0.00824348 -0.000322614 -0.00154001 0.000957752 5.44348e-05 0.00108153 -0.00120646 -0.00328182 -0.00125346 0.00115394 0.000917053 1.7581e-06 -0.0017 -0.00374599 0.000432819 -0.0075092 -0.000834906 0.000593481 -0.00489344 -0.000314269 -0.00101004 -0.00661475 0.00125261 0.00177984 0.000808195 0.000327337 -0.000141997 1.34585e-05
internal_weight=29689 9784 114 9670 2286 19905 7384 18140 556 329 2165 17584 12718 3412 689 373 2723 162 211 2668 121 1765 1294 121 9306 4255 5051 3390 2492 2451
internal_count=29689 9784 114 9670 2286 19905 7384 18140 556 329 2165 17584 12718 3412 689 373 2723 162 211 2668 121 1765 1294 121 9306 4255 5051 3390 2492 2451
is_linear=0
shrinkage=0.03


Tree=60
num_leaves=31
num_cat=0
split_feature=12 12 16 3 0 11 3 9 15 3 0 15 12 9 11 11 10 14 3 9 14 1 14 13 4 4 15 14 12 17
split_gain=13.8971 7.92137 8.38566 5.53619 3.90921 5.83299 5.38449 3.22639 4.10002 4.29947 3.16168 3.50758 2.94158 3.87913 2.67584 5.8484 2.62204 2.78418 4.3847 3.2945 3.46582 3.15941 2.64082 3.63178 3.41052 3.31847 4.01084 3.17605 5.91594 2.99083
threshold=0.3176539135113004 0.87178055766621132 0.6938175717218279 0.066067583977192437 0.99838914646281995 6.5882382461791584 0.22784783727880384 0.046914819859710064 3.2769667020129059 0.017901864386683158 1.4102997705785618 1.2424533248940004 0.08055306446836942 0.27148339479890743 5.4701654074033046 4.4829865921051741 0.51832124494647347 0.071430394981582129 0.19796723931904681 0.27411312526517123 0.26209131748968711 0.12556306306306311 0.62501075411784968 0.050663158909341414 2180.4996019995165 1953.162141578837 2.0126758453675748 0.21366555468538176 0.22088884444102821 1.0906491078269227
decision_type=2 2 8 2 10 2 2 8 10 2 8 10 2 10 2 2 8 2 2 8 2 8 2 2 10 10 8 2 2 10
left_child=4 3 -3 -2 -1 -6 7 -7 16 -10 11 -5 -8 -14 15 -12 -9 18 21 22 -21 -18 23 -19 29 26 -25 28 -28 -24
right_child=1 2 -4 10 5 6 12 8 9 -11 14 -13 13 -15 -16 -17 17 19 -20 20 -22 -23 24 25 -26 -27 27 -29 -30 -31
leaf_value=0.0016137399633670859 0.00074109196232632446 -0.0095660799877942283 -0.0024325494084730288 0.00070401695385815535 -0.0034332120991858294 0.0009181768490705768 0.00067251764611793072 0.00051106185080254326 -0.0018799320573967895 0.00086254533286164183 0.00070158187049801824 -0.0061339732288570696 -0.00013069655463482979 -0.0027097693419794885 -0.00048477945526999452 -0.0068160834875415606 0.00029913549735993445 0.00063750926943714238 -0.0016541326175696345 0.00011967601288548257 -0.0023192912775705024 -0.0020954469319289497 0.00023786860766909402 -0.0085808394611805328 -0.0030689696027547415 0.00041115815432557886 -0.0005724379618459504 0.00010628952195225545 -0.0028921377976872525 -0.0014587879922189283
leaf_weight=2550 859 45 74 40 262 5760 1364 1765 50 3265 61 66 4101 51 3757 69 180 2245 52 40 57 73 174 80 68 1043 461 831 75 45
leaf_count=2550 859 45 74 40 262 5760 1364 1765 50 3265 61 66 4101 51 3757 69 180 2245 52 40 57 73 174 80 68 1043 461 831 75 45
internal_value=0.000536091 -0.000910499 -0.008525 -0.000722027 0.000828529 0.000699814 0.000753409 0.0010281 0.000715088 0.00158776 -0.00119204 -0.00628037 -5.65524e-05 -0.000453648 -0.0010517 -0.00526718 0.000312517 -1.43778e-05 -0.00279412 0.000151758 -0.00529592 -0.00114567 0.000258013 0.000427576 -0.00253125 -0.000361301 -0.00129075 -0.000905702 -0.00270391 -0.000695454
internal_weight=29563 4971 119 4852 24592 22042 21780 16264 10504 3315 3993 106 5516 4152 3887 130 7189 5424 305 5119 97 253 5022 4735 287 2490 1447 1367 536 219
internal_count=29563 4971 119 4852 24592 22042 21780 16264 10504 3315 3993 106 5516 4152 3887 130 7189 5424 305 5119 97 253 5022 4735 287 2490 1447 1367 536 219
is_linear=0
shrinkage=0.03


Tree=61
num_leaves=31
num_cat=0
split_feature=12 12 3 3 3 12 7 11 13 4 15 9 15 14 14 7 7 0 17 7 3 8 14 17 13 11 9 15 15 13
split_gain=10.6671 6.25991 8.60591 4.21219 3.37659 4.36043 3.8129 3.56795 3.45344 5.62186 5.36486 3.66295 6.01573 3.10735 5.94272 3.02024 4.0634 4.36876 3.38591 3.01541 3.18469 2.90444 2.87977 3.99345 2.82467 4.22196 3.43907 2.76758 2.63383 2.59323
threshold=0.21538743659014695 0.68573256071017152 0.29158219452220374 0.13549860606487069 0.13469225896777628 0.08055306446836942 0.081766971884964637 10.159698305869727 0.077813444529344342 1401.4897897539693 3.0201273556387074 0.2375631877024996 3.2384861814448418 0.064510087291076601 0.1922012759529079 0.4577175889461092 0.30510516127582815 7.9902492539411911 1.1420528169633293 0.16326564937984681 0.2952551859509473 1.1017481853348934 0.014958910065235817 0.5175493811794929 0.039627719110236527 10.112106120086397 0.073532391474593742 1.2424533248940004 1.8688348091416842 0.14967849615308276
decision_type=2 2 2 2 2 2 10 2 2 10 8 8 10 2 2 10 10 8 8 10 2 10 2 8 2 2 10 8 10 2
left_child=4 3 -3 -2 21 28 7 8 10 -10 -7 12 -12 -5 15 16 17 18 24 -20 -21 29 23 -8 -15 26 -26 -18 -6 -1
right_child=1 2 -4 13 5 6 22 -9 9 -11 11 -13 -14 14 -16 -17 27 -19 19 20 -22 -23 -24 -25 25 -27 -28 -29 -30 -31
leaf_value=-3.8165983718581302e-05 0.00023306651982423502 -0.0060087767662925073 -0.002912245191619956 0.00038940567549373593 -0.0003278892683702023 0.00020788797283614478 3.7285068914274257e-05 0.00012395817096513579 -0.00037412752908430819 -0.0032599599385377182 -0.0024255481125032325 0.0015093731727548988 -0.00011086284007197406 -0.00091102709201872122 -0.00015299051256722988 -0.003728986772800673 -0.0013850193192990654 0.00164018840800385 -0.0068886441849561183 -0.00060821591538343718 -0.005717781055914581 0.00088684851885042289 0.00024855528346547404 -0.0010288325562867616 -0.0022289179370502199 -0.00027054628422348322 -0.0035536856715896472 0.00030090458033908143 0.0010471291093170217 -0.0014824770799550251
leaf_weight=437 4393 52 176 874 464 336 77 602 101 86 60 43 61 492 3184 55 62 107 44 96 43 7632 5191 40 91 86 55 365 4229 40
leaf_count=437 4393 52 176 874 464 336 77 602 101 86 60 43 61 492 3184 55 62 107 44 96 43 7632 5191 40 91 86 55 365 4229 40
internal_value=0.000555266 -0.000231427 -0.00513537 -0.000118516 0.000967887 0.000632362 0.000135041 -0.00132791 -0.00280378 -0.00627128 -0.00149701 -0.00592727 -0.00858197 -0.000667507 -0.000974151 -0.00253307 -0.0022656 -0.00329852 -0.00397467 -0.00761413 -0.00537857 0.0014349 0.000490488 -0.00414407 -0.00304552 -0.00576824 -0.00885714 0.000189252 0.00133127 -0.000834728
internal_weight=29574 10175 228 9947 19399 11290 6597 1289 687 187 500 164 121 5554 4680 1496 1441 1014 907 183 139 8109 5308 117 724 232 146 427 4693 477
internal_count=29574 10175 228 9947 19399 11290 6597 1289 687 187 500 164 121 5554 4680 1496 1441 1014 907 183 139 8109 5308 117 724 232 146 427 4693 477
is_linear=0
shrinkage=0.03


Tree=62
num_leaves=31
num_cat=0
split_feature=12 6 3 12 4 15 14 11 14 14 16 15 7 9 14 10 17 14 7 7 16 6 11 0 7 17 12 16 16 9
split_gain=12.0328 5.87033 5.40236 6.45958 3.96405 3.11141 4.31345 3.95028 2.82611 2.82075 4.47692 5.28147 3.42863 2.76761 3.31906 4.97701 2.75368 3.50659 4.46672 3.29909 2.55138 3.22629 2.50033 3.33743 2.44631 2.38978 2.38397 5.12946 3.22274 4.67697
threshold=0.1853436907453743 7.4529089980858076 0.093913000487728229 0.51644577069924014 306.21023248463513 2.524928003624769 0.066731164928892875 10.86340274719665 0.59682766840323087 0.180032785398999 0.11955501124251543 2.249904835165133 0.148539864007665 0.26878145870449616 0.25650469701685369 1.1411643366809934 0.15101349606016776 0.6410010536835874 0.3199070149744267 0.48501531909177764 0.31213994058485867 2.9748694366460793 7.0089570573954596 0.9706569494335453 0.11297896651654177 5.4265159477242646 0.08055306446836942 -0.056459560924418652 0.32303659801974277 0.075001911052114068
decision_type=2 2 2 2 10 10 2 2 2 2 8 8 10 8 2 8 10 2 8 10 10 2 2 10 10 8 2 8 10 10
left_child=8 2 3 24 -3 6 -4 9 13 10 11 -8 -12 22 -15 -16 -11 19 -19 -18 -14 25 23 -1 -2 -22 -10 -28 -29 -30
right_child=1 4 5 -5 -6 -7 7 -9 26 16 12 -13 20 14 15 -17 17 18 -20 -21 21 -23 -24 -25 -26 -27 27 28 29 -31
leaf_value=0.0022649009290194064 -0.0028424431355833328 -0.0068409852709359151 0.00057685352859532387 -0.0060101529882578084 -0.0025124116493886023 2.7771005823120054e-05 -0.0011158174848310293 -0.0046937910032136603 0.00053790201596809072 0.00017105794997949493 -0.0022542308392624207 -0.003432679436718575 7.20229198796545e-05 0.00083721583484292427 -0.0004850757620678246 -0.0027261057883115653 -0.00047268130077056652 -0.002758494160325474 -0.00015399466195887928 -0.0033710710669454524 -0.00035424953541606077 -0.0032556178505700546 0.00069138355225358396 -0.0034464233646204923 0.00057916872029432226 -0.0036407777690859997 -0.0040374511581323528 9.4257195185694175e-05 0.00033164479481164979 -0.0029184085733514878
leaf_weight=248 72 46 672 40 137 4475 84 41 764 832 88 68 443 266 301 59 1306 147 128 45 287 40 14352 319 3573 89 47 596 68 98
leaf_count=248 72 46 672 40 137 4475 84 41 764 832 88 68 443 266 301 59 1306 147 128 45 287 40 14352 319 3573 89 47 596 68 98
internal_value=0.000527815 -0.000175281 -9.65327e-05 0.000866793 -0.00549456 -0.000502515 -0.00108171 -0.00149375 0.00104586 -0.00138533 -0.00264818 -0.00741176 -0.00187658 0.00116847 -0.000784689 -0.00265928 -0.000819845 -0.0015378 -0.00461957 -0.000907544 -0.00129419 -0.00297842 0.00125047 -0.000702465 0.000999726 -0.0021008 -0.000165819 -0.0013 -0.000699869 -0.00438323
internal_weight=29731 12613 12430 3685 183 8745 4270 3598 17118 3557 1099 152 947 15545 626 360 2458 1626 275 1351 859 416 14919 567 3645 376 1573 809 762 166
internal_count=29731 12613 12430 3685 183 8745 4270 3598 17118 3557 1099 152 947 15545 626 360 2458 1626 275 1351 859 416 14919 567 3645 376 1573 809 762 166
is_linear=0
shrinkage=0.03


Tree=63
num_leaves=31
num_cat=0
split_feature=12 12 14 4 0 9 12 7 15 17 14 4 11 7 15 14 4 14 4 9 14 9 14 14 15 4 4 13 9 15
split_gain=10.5292 5.40832 5.00838 4.95774 3.99184 3.46826 3.43347 6.19035 3.12141 4.26419 3.02776 4.34551 3.94069 3.91112 3.13711 5.56335 3.34389 3.27769 3.59922 2.98296 3.89399 3.60275 2.89082 2.88208 2.84791 2.78949 2.50585 2.50105 3.08897 3.57541
threshold=0.21912063790366346 0.68573256071017152 0.69250565398909336 69.623102723307426 1202.4166666666667 0.0052366209641751468 0.08055306446836942 0.081766971884964637 2.1383330595080281 0.4074787665068868 0.03226662648250448 1555.0840702478317 10.00559277445417 0.15085009784333756 3.3842466058243152 0.60099052275563392 1745.6437849192882 0.69250565398909336 2315.2761120001205 0.046109105025071422 0.062242415691549473 0.071432053784994967 0.11434295253614531 0.16135947613363874 1.8688348091416842 628.22056498894733 208.58523741523098 0.049461179767113304 0.13028228991995441 2.1383330595080281
decision_type=2 2 2 8 8 10 2 10 10 10 2 8 2 10 8 2 10 2 10 10 2 10 2 2 10 10 10 2 10 10
left_child=5 3 24 -2 -5 22 -7 8 9 -8 11 12 -9 -14 15 19 25 18 -18 -12 21 -21 -1 26 -3 -17 -24 -22 29 -29
right_child=1 2 -4 4 -6 6 7 10 -10 -11 14 -13 13 -15 -16 16 17 -19 -20 20 27 -23 23 -25 -26 -27 -28 28 -30 -31
leaf_value=0.00081872504068007451 -0.019019299935438289 -9.4202529605847231e-05 -0.0078034850343793906 -0.00015265419682498663 0.001031227613532763 0.0010822302914669844 -0.00093264384046056012 -0.00018369070591185252 -0.00013617132992927743 -0.0025603107657638474 0.0010564871824790057 0.0011501124675130476 -0.0013484510088414559 -0.00053211863714491803 0.00091523960845972519 -0.001056829184357315 -0.0040159990327677288 0.00022861312002557456 -0.0010712595422355815 -0.00012538254672532276 0.00070560676553564844 -0.0019393657486685431 -0.0095907234878006651 -0.0011778917604609155 -0.0072849714835898569 0.00044201932742745644 -0.00068438412493219665 -0.0039587062044464582 0.00082855812832129106 -0.00021453762047875531
leaf_weight=470 42 137 52 8917 882 6647 123 164 1368 64 2307 138 52 54 2717 87 43 57 107 89 2329 60 55 433 41 179 67 99 750 1323
leaf_count=470 42 137 52 8917 882 6647 123 164 1368 64 2307 138 52 54 2717 87 43 57 107 89 2329 60 55 433 41 179 67 99 750 1323
internal_value=0.00052184 -0.000267772 -0.00480519 -0.000161248 -0.000116633 0.000923824 0.00101669 0.000715878 -0.00105077 -0.00467553 0.000976222 -0.00155501 -0.00376384 -0.00824299 0.00107814 0.000758983 -0.00238608 -0.00523558 -0.00754967 0.000973125 0.000535369 -0.00422 -0.000774854 -0.00223921 -0.00237989 -0.000157303 -0.00629268 0.000693692 -3.86561e-05 -0.000860154
internal_weight=29853 10071 230 9841 9799 19782 18757 12110 1555 187 10555 408 270 106 10147 7430 473 207 150 6957 4650 149 1025 555 178 266 122 4501 2172 1422
internal_count=29853 10071 230 9841 9799 19782 18757 12110 1555 187 10555 408 270 106 10147 7430 473 207 150 6957 4650 149 1025 555 178 266 122 4501 2172 1422
is_linear=0
shrinkage=0.03


Tree=64
num_leaves=31
num_cat=0
split_feature=12 0 12 12 7 4 3 15 13 3 16 4 17 1 15 12 7 11 12 0 0 15 15 12 7 16 7 3 1 1
split_gain=10.7815 4.85861 5.69969 4.42041 6.06322 3.52189 3.34381 3.2277 4.09413 3.02182 2.70361 3.61595 2.68536 4.47109 2.2103 2.12289 2.12098 2.71669 2.10559 2.87665 2.0198 1.93957 1.8496 2.29659 5.87017 1.73612 1.72333 2.78975 3.20587 1.85938
threshold=0.27722841835267437 500.25000000000006 0.68573256071017152 0.11946494129259567 0.085441321830659764 69.623102723307426 0.15959030151822734 2.0126758453675748 0.045095948447942853 0.3310841869620007 0.51086519481583148 617.36611761609731 0.30875435858011874 0.13079116179615116 1.8688348091416842 0.468715174943311 0.12546014770693034 11.466535916520787 0.4194043292224246 1.3058664228940458 7.9902492539411911 2.249904835165133 1.4978661367769956 0.06764199399949701 0.078541287338000004 0.25454816440108191 0.050844857964181082 0.1085353857131805 0.10889328063241112 0.20603395997574295
decision_type=2 8 2 2 10 8 2 10 2 2 10 8 8 8 8 2 10 2 2 10 10 8 8 2 10 10 8 2 10 10
left_child=3 2 5 7 12 -2 10 8 -1 -4 -6 -12 -5 -14 -11 -3 25 18 19 -18 21 -21 -10 -24 -25 -7 27 28 -9 -29
right_child=1 15 9 4 6 16 -8 26 22 14 11 -13 13 -15 -16 -17 17 -19 -20 20 -22 -23 23 24 -26 -27 -28 29 -30 -31
leaf_value=0.00093112327514107568 -0.019069210636910638 0.0014537042431351775 -0.0070555920742032627 -0.00012476633094491335 0.00054087009820519478 -0.0017169460583407253 -6.7180315276149887e-06 3.5868874003898832e-05 0.00098220880222583073 0.0013977517543044917 -0.0030953444812593408 -0.00014690558328290873 -0.00032644423402961465 -0.0024531631532385915 -0.0086538720905360144 -6.5656345535142758e-05 -0.0043974529345343289 -0.0020273134054481943 -0.00074134363914982713 -0.00076165169888660475 0.00087796671414551398 0.00012983127895549513 -0.0010578393791838344 -0.0054238200085046633 -0.00081582070441784597 -0.001259195487850865 0.00096911212768898856 0.00091183833088599644 -0.0014720295232829926 -0.00012615700493443137
leaf_weight=952 40 570 40 660 6504 71 4431 95 93 43 44 199 220 125 43 404 49 74 1438 1023 381 2277 257 43 68 124 7734 1084 58 489
leaf_count=952 40 570 40 660 6504 71 4431 95 93 43 44 199 220 125 43 404 49 74 1438 1023 381 2277 257 43 68 124 7734 1084 58 489
internal_value=0.000513566 -0.000557768 -0.000897751 0.000819187 0.000426707 -0.000751917 0.000627427 0.00125887 -7.85006e-05 -0.0071811 0.00104787 -0.00205328 -0.00180417 -0.00394509 -0.00393103 0.00139692 -0.00068573 -0.000571047 -0.000488682 -0.00011257 -1.54806e-05 -0.000254468 -0.0023961 -0.00334959 -0.0069375 -0.00375 0.00145862 0.000601042 -0.00325325 0.000977764
internal_weight=29633 6577 5603 23056 12183 5477 11178 10873 1413 126 6747 243 1005 345 86 974 5437 5242 5168 3730 3681 3300 461 368 111 195 9460 1726 153 1573
internal_count=29633 6577 5603 23056 12183 5477 11178 10873 1413 126 6747 243 1005 345 86 974 5437 5242 5168 3730 3681 3300 461 368 111 195 9460 1726 153 1573
is_linear=0
shrinkage=0.03


Tree=65
num_leaves=31
num_cat=0
split_feature=12 3 12 8 12 9 14 15 14 11 15 14 7 6 14 9 14 4 7 14 12 14 14 10 10 15 11 4 4 14
split_gain=8.46553 5.45423 8.48465 3.23007 5.5979 5.3753 5.59396 5.30885 2.73535 2.74351 2.2287 4.425 3.02517 4.54991 2.81918 2.81554 5.42551 2.78934 5.7472 2.4939 2.74125 2.4842 3.631 3.53332 2.33524 2.19507 3.03678 2.29238 3.30864 2.1431
threshold=0.16434778702143851 0.14623861488695633 0.5517502486709237 1.1216701199597086 0.021679275092647114 0.24859255908408068 0.2492299096779412 3.1984648276080736 0.6061035485807782 5.4701654074033046 2.740319461670996 0.064510087291076601 0.17037286410309213 5.7988409000321441 0.67140062212943341 0.069927077354931103 0.17386590917074782 1007.3712941328261 0.1766445614735577 0.022539622045390114 0.3176539135113004 0.18308201311881486 0.12501922485389114 0.87009598321424908 0.68097343712506708 3.3842466058243152 10.049771655454187 2415.9351286878641 1937.065511184376 0.098413714326794632
decision_type=2 2 2 10 2 8 2 8 2 2 10 2 8 2 2 8 2 10 10 2 2 2 2 10 10 8 2 10 10 2
left_child=3 2 -2 4 -1 -6 -7 -8 9 -5 11 19 13 14 21 -12 17 -17 -19 20 -3 22 -13 -24 -16 26 -10 28 -28 -14
right_child=1 10 -4 8 5 6 7 -9 25 -11 15 12 29 -15 24 16 -18 18 -20 -21 -22 -23 23 -25 -26 -27 27 -29 -30 -31
leaf_value=0.00086225360693952186 0.00027708515297831165 0.00081696433877114828 -0.0071306747947670647 -0.0057266043708169246 -9.8416086335243995e-05 0.0009271683536504888 -0.0031879579377628222 -0.0011605921390173684 2.7805134126183429e-05 0.00071645255532474215 0.00035535973601209233 -0.00033054846378518594 -0.0015369737319539036 -0.0055623446131209328 -0.0042187700051959601 -0.00044679916159934496 0.0001627126257129892 -0.00029998422256139617 -0.0023083653597977629 0.001026712737088935 -0.003485881985993945 -0.00022088222543407003 -0.00058331392354589397 -0.0045689752518642381 -0.0016657400786160227 0.00086250226467599782 -0.00065718708024326325 -0.00013186263490227656 -0.0039217916315691694 -0.00047721872297721131
leaf_weight=1453 6849 69 44 47 1482 85 67 101 473 11024 1734 116 304 60 45 179 910 118 95 549 79 546 48 64 52 302 47 99 47 2576
leaf_count=1453 6849 69 44 47 1482 85 67 101 473 11024 1734 116 304 60 45 179 910 118 95 549 79 546 48 64 52 302 47 99 47 2576
internal_value=0.000494927 -2.55574e-05 0.000584421 0.000988377 0.000139229 -0.00101094 -0.00504331 -0.00820118 0.00121321 0.00134691 -0.000582902 -0.00100599 -0.00140792 -0.00289378 -0.00233601 4.54397e-05 -0.00100844 -0.0039542 -0.00626635 0.00119054 -0.00225503 -0.00172645 -0.00434934 -0.00817699 -0.00713265 -0.000315789 -0.00127736 -0.00443814 -0.00776842 -0.000926761
internal_weight=29664 14437 6893 15227 3188 1735 253 168 12039 11071 7544 4508 3811 931 871 3036 1302 392 213 697 148 774 228 112 97 968 666 193 94 2880
internal_count=29664 14437 6893 15227 3188 1735 253 168 12039 11071 7544 4508 3811 931 871 3036 1302 392 213 697 148 774 228 112 97 968 666 193 94 2880
is_linear=0
shrinkage=0.03


Tree=66
num_leaves=31
num_cat=0
split_feature=12 12 3 0 0 14 11 10 15 11 9 11 19 14 4 3 4 0 9 15 7 14 13 17 3 17 7 4 14 17
split_gain=9.06516 4.13279 6.83503 6.54968 4.96506 3.54206 3.04075 3.78656 2.98606 2.62231 3.32044 4.92102 6.36665 3.79705 2.45028 5.47889 3.07926 3.1916 3.16433 2.6665 2.47749 2.35066 2.4954 2.60174 1.98665 1.97036 3.12091 2.62384 3.84433 5.45246
threshold=0.1853436907453743 0.48560406362632996 0.063553974057145871 2.1196405718482905 1202.4166666666667 0.59682766840323087 8.3514926729572014 1.9671988135851228 1.8688348091416842 10.159698305869727 0.24859255908408068 9.9050363413107743 8.5000000000000018 0.29607588779066524 1401.4897897539693 0.017901864386683158 752.03343415829397 1.0848358170868846 0.081074892167686721 3.3842466058243152 0.13860608232496904 0.31514976034788916 0.068284042834187042 0.078558887529024776 0.060762951156596114 2.5113171736250868 0.30510516127582815 6151.5519425694483 0.23728394227077454 0.3872439142768076
decision_type=2 2 2 8 8 2 2 10 10 2 8 2 2 2 10 2 10 10 8 10 10 2 2 10 2 8 10 10 2 10
left_child=5 4 -3 8 6 9 7 -2 -4 10 -1 21 -13 -14 16 -16 17 -7 -19 -17 -20 -12 -23 -24 -8 26 27 -26 -29 -30
right_child=1 2 3 -5 -6 14 24 -9 -10 -11 11 12 13 -15 15 19 -18 18 20 -21 -22 22 23 -25 25 -27 -28 28 29 -31
leaf_value=0.00049165041772446683 -0.00077659002053101522 -0.0079717077438967946 -0.002566212743734858 -0.00024091450830148058 0.001474347698749687 0.00065638230357427591 0.00053280728745497166 -0.0040999138738807648 -0.0062302431180169711 0.00073550356931492342 0.0014831453921114875 0.00012368332560442033 -0.00063512297757953263 -0.0030894662484849643 -0.0033585702465904295 -0.0006541892688065726 0.00097682260228216578 0.0014299536888897617 -0.0011295933225768892 0.00094861746776660715 -0.0026968120439415811 0.0011459049818179166 0.00085173719047416203 -0.0026730802298066529 -8.992817178870709e-05 -0.00057386341799628112 0.00057226964237546622 0.00041767763804673354 0.00046449409777666998 -0.0034031137191891415
leaf_weight=8064 1066 46 46 1034 709 279 1584 150 46 6942 191 76 40 40 46 392 513 52 66 167 60 97 46 79 5303 675 1669 91 40 59
leaf_count=8064 1066 46 46 1034 709 279 1584 150 46 6942 191 76 40 40 46 392 513 52 66 167 60 97 46 79 5303 675 1669 91 40 59
internal_value=0.000498298 -0.000115504 -0.00181074 -0.00134161 5.97516e-05 0.000946301 -0.000102369 -0.00151356 -0.00896774 0.0010834 0.000734191 -0.00147895 -0.006 -0.0118519 -0.000409264 -0.00190594 0.000525232 -0.00126419 -0.00439106 -0.00107679 -0.00694488 0.000239131 -0.0018565 -0.00464286 7.99194e-05 -0.000115973 3.01551e-05 -0.000315071 -0.00376963 -0.00783
internal_weight=29668 12518 1172 1126 11346 17150 10637 1216 92 15575 8633 569 156 80 1575 605 970 457 178 559 126 413 222 125 9421 7837 7162 5493 190 99
internal_count=29668 12518 1172 1126 11346 17150 10637 1216 92 15575 8633 569 156 80 1575 605 970 457 178 559 126 413 222 125 9421 7837 7162 5493 190 99
is_linear=0
shrinkage=0.03


Tree=67
num_leaves=31
num_cat=0
split_feature=20 3 20 9 13 3 15 4 0 14 3 14 17 17 8 14 15 13 14 0 2 9 4 14 4 7 3 8 13 0
split_gain=8.28074 6.23273 9.39205 3.45343 3.90797 5.86268 3.41775 2.75414 2.97379 3.12801 2.49754 3.50684 5.44759 2.90268 3.22563 3.95242 4.473 3.78596 3.32455 3.02403 2.83942 2.81971 3.83627 2.80543 5.07505 2.65482 3.18219 2.22951 3.6452 3.36511
threshold=0.1227477067254741 0.12335031907541978 0.57831614195639125 0.27411312526517123 0.0043971760140966805 0.22360610584171384 3.4175922930736511 169.0842070809621 1.4483230949024593 0.045803942539447591 0.44779719063506851 0.21556890388968922 0.70255486383016674 1.1149600386466054 14.221795677881188 0.6410010536835874 2.602003343538398 0.014167410074786764 0.69250565398909336 1.3583307135762648 6.1180973805605223 0.025375687911570324 2665.3149481949363 0.064510087291076601 668.69974193841892 0.1766445614735577 0.14991808772562804 1.1216701199597086 0.066939756652850971 1.0592601854550538
decision_type=2 2 2 8 2 2 10 8 10 2 2 2 10 10 8 2 8 2 2 10 8 10 10 2 10 10 2 10 2 10
left_child=27 2 7 6 -5 -6 10 -2 -9 -10 13 12 23 14 15 20 17 18 19 -17 -3 22 -13 -12 -25 26 -15 28 -1 -30
right_child=1 3 -4 4 5 -7 -8 8 9 -11 11 21 -14 25 -16 16 -18 -19 -20 -21 -22 -23 -24 24 -26 -27 -28 -29 29 -31
leaf_value=0.00072279676198198581 -0.010900429005056169 -0.00053779074615107605 -0.0069956924143796725 3.8577695327897758e-05 -0.00054012334749323101 -0.0073836726095960585 0.00035525155539617258 0.0010004885556184684 -0.0010421331553066493 0.00032523268842118698 0.00055307593293583274 -0.0028840537657694545 -0.0056342670582482952 -0.0025588860286011967 0.00041548312664222673 7.2413392878180197e-05 0.00094711907136502929 -0.00023380958032741988 -0.0042620325927705625 -0.0029023842177794551 -6.6429522513543362e-05 0.00073347943604742179 0.00039197212639493562 0.00018213283621960856 -0.003890337801537345 -0.00051259058184668211 -0.001130321681108016 0.00081554670745124039 4.7605665752744338e-05 -0.0013026819579316608
leaf_weight=1946 71 62 45 83 46 41 1754 1546 226 5492 122 42 56 41 1567 41 163 67 41 54 5018 235 50 83 85 1107 183 8369 564 342
leaf_count=1946 71 62 45 83 46 41 1754 1546 226 5492 122 42 56 41 1567 41 163 67 41 54 5018 235 50 83 85 1107 183 8369 564 342
internal_value=0.000516061 0.000122967 0.00079664 -0.000331475 -0.0045614 -0.00896591 -0.000264296 0.000881271 0.000939023 0.000623186 -0.0005 -0.00225668 -0.00435735 -0.000358059 -0.0001142 -0.000459335 -0.00346594 -0.00642647 -0.00928467 -0.00609375 -0.000242078 -2.74389e-05 -0.00445161 -0.00268041 -0.00518343 -0.00164189 -0.00461333 0.00115782 0.000433228 -0.00113782
internal_weight=29542 18321 7380 10941 170 87 10771 7335 7264 5718 9017 673 346 8344 7013 5446 366 203 136 95 5080 327 92 290 168 1331 224 11221 2852 906
internal_count=29542 18321 7380 10941 170 87 10771 7335 7264 5718 9017 673 346 8344 7013 5446 366 203 136 95 5080 327 92 290 168 1331 224 11221 2852 906
is_linear=0
shrinkage=0.03


Tree=68
num_leaves=31
num_cat=0
split_feature=20 3 20 2 6 4 13 4 17 9 4 19 10 8 1 20 15 9 8 17 6 13 9 8 13 3 1 5 17 1
split_gain=8.2095 7.72565 7.55101 4.28295 2.97645 2.94433 2.66614 2.39368 2.37315 3.25969 4.97593 2.47404 2.0801 2.28664 2.51696 2.329 2.52961 3.61327 2.82986 2.21767 2.10124 2.73802 1.9767 3.44831 4.42454 3.72609 4.00086 2.78146 2.35997 2.97374
threshold=0.10296310373030872 0.19045032458313307 0.57831614195639125 3.9240045833320587 6.3584536575114683 169.0842070809621 0.0018966012399310283 363.72708680305232 1.8891299673879465 0.0070793987473236871 346.22681012401114 6.5000000000000009 0.62098275491930344 118.92952265679502 0.098199935711989719 0.18109371907593277 3.2769667020129059 0.077106498747850111 22.328438336416145 -0.13233485376011103 1.1945881276175954 0.073267930206656381 0.16910520303777629 1.1671704804823246 0.040182555916802455 0.1030503427512008 0.13079116179615116 0.99312706660368455 0.2835118106667211 0.26713615023474185
decision_type=2 2 2 8 2 8 2 10 8 10 10 2 10 8 8 2 8 10 10 8 2 2 8 10 2 2 8 8 10 10
left_child=22 2 3 -2 8 6 -5 -6 11 10 -10 -3 19 14 -14 -16 17 -17 20 -7 21 -19 -1 24 -24 26 -26 -27 -29 -30
right_child=1 4 -4 5 7 12 -8 -9 9 -11 -12 -13 13 -15 15 16 -18 18 -20 -21 -22 -23 23 -25 25 27 -28 28 29 -31
leaf_value=0.00091634239317530904 -0.00091186763729512533 0.00011089003329574522 -0.0075197742383927187 -0.014489206623446525 -0.0066049258548336121 -0.00026225958841535137 0.0010325487045340402 -0.001885920097486697 -0.0034059915493382825 -0.00036993826845092527 -0.0047031972580220734 -0.0003975087144900062 0.00026352415094446841 0.00057031065733188519 0.00012301236504058528 -0.00027311708111186307 -1.2418157271556523e-05 -0.00090909912904382252 8.0981882224029673e-05 0.00075766568993616032 -0.00083701643127615931 -0.0025556498731526046 0.0015809134450772125 0.0011413881345671772 -0.00012940926169459363 0.0010527507290013667 -0.0027429157301544641 -0.00025354998015280082 -0.00094412171940766313 -0.0023998212700510791
leaf_weight=6992 61 3394 48 60 41 428 41 147 160 535 65 3132 5056 1508 1057 304 614 102 53 3395 122 40 342 1049 40 155 46 440 82 59
leaf_count=6992 61 3394 48 60 41 428 41 147 160 535 65 3132 5056 1508 1057 304 614 102 53 3395 122 40 342 1049 40 155 46 440 82 59
internal_value=0.000503027 0.000166912 0.00061187 0.000656674 -0.000600401 0.000694781 -0.00438235 -0.00431746 -0.000503911 -0.00208936 -0.00511062 -0.000318983 0.000735568 0.000483008 0.000264526 -0.000559965 -0.00144417 -0.0027926 -0.0050283 0.00132035 -0.00629434 -0.00876923 0.00124647 0.00046477 -0.000659227 -0.00185176 -0.00772414 -0.00115604 -0.00210825 -0.00547183
internal_weight=29568 20363 12889 12841 7474 12780 101 188 7286 760 225 6526 12679 8856 7348 2292 1235 621 317 3823 264 142 9205 2213 1164 822 86 736 581 141
internal_count=29568 20363 12889 12841 7474 12780 101 188 7286 760 225 6526 12679 8856 7348 2292 1235 621 317 3823 264 142 9205 2213 1164 822 86 736 581 141
is_linear=0
shrinkage=0.03


Tree=69
num_leaves=31
num_cat=0
split_feature=12 15 14 10 4 4 0 12 9 8 14 0 12 5 9 14 15 17 8 9 4 13 0 17 14 8 17 0 12 15
split_gain=7.52909 3.35523 3.77907 3.36063 3.44519 3.32847 3.1739 4.18814 2.82189 4.49565 7.1908 12.2264 3.10732 2.82768 2.8256 4.33397 5.7575 6.21846 3.24372 2.7642 2.54424 2.5541 2.52345 3.33681 2.34507 3.39501 3.09616 4.00186 2.43543 2.27738
threshold=0.21538743659014695 3.3842466058243152 0.6061035485807782 3.8213124609692541 1031.0036548397845 1401.4897897539693 1202.4166666666667 0.68573256071017152 0.19942668615792999 1.1495020566071503 0.22145440488631049 1.1068336573649382 0.08055306446836942 0.99312706660368455 0.052989570002880237 0.066731164928892875 3.0201273556387074 0.4074787665068868 2.1660598388072221 0.0052366209641751468 208.58523741523098 0.052243871788437375 1.3131833769710204 1.016278417560202 0.6410010536835874 5.8469755702996347 0.12410297935388756 1.6306674199350528 0.37402845508090682 2.524928003624769
decision_type=2 10 2 8 10 10 8 2 8 8 2 10 2 8 10 2 10 10 10 10 10 2 10 8 2 8 10 10 2 8
left_child=1 2 3 8 -5 29 7 22 12 10 -10 13 20 -12 19 16 18 -18 -16 -14 21 -1 23 -2 28 26 -26 -28 -24 -4
right_child=6 -3 5 4 -6 -7 -8 -9 9 -11 11 -13 14 -15 15 -17 17 -19 -20 -21 -22 -23 24 -25 25 -27 27 -29 -30 -31
leaf_value=0.00036297465587517336 -0.0010546372103927984 0.00076088014682082613 -0.00073174770065623218 -0.0029275998393755347 0.0006702311462718015 -0.0012097075989693402 0.00076846354407451617 -0.0044084758942775923 0.00081470329418504444 0.00056162539183239298 0.0024831064624019688 -0.0034512399740502415 -0.00084078654651732342 -0.0011918900108790051 0.00052774142464015841 0.00016170651569535755 -0.00019984831779093097 -0.0016695121036101662 -0.0038712323493963188 0.00079688960565401832 0.0013596813900212269 -0.0071241194594166626 0.0001074390678542559 -0.0039131244305910086 0.00024359379489092439 0.00036305807112501715 -0.0039960821866012932 -0.00077969471856277855 -0.00044215381346422164 0.00046506162509117865
leaf_weight=471 360 4545 372 61 46 424 968 136 315 1034 74 80 338 261 228 4226 79 73 41 2772 3504 53 5951 55 87 214 72 141 2246 390
leaf_count=471 360 4545 372 61 46 424 968 136 315 1034 74 80 338 261 228 4226 79 73 41 2772 3504 53 5951 55 87 214 72 141 2246 390
internal_value=0.000473732 0.000821178 0.000602708 0.000743794 -0.00452778 -0.00102106 -0.000184733 -0.000355608 0.000785757 -0.000333144 -0.00213406 -0.00472356 0.00095325 -0.0021875 0.000602088 0.000133606 -0.0027654 -0.00741176 -0.000122222 0.00130183 0.00162919 -0.00032 -0.000277419 -0.0025601 -0.000168388 -0.00213204 -0.00418605 -0.00612617 -4.50109e-05 0.000165138
internal_weight=29617 19387 14842 13656 107 1186 10230 9262 13549 1764 730 415 11785 335 7757 4647 421 152 269 3110 4028 524 9126 415 8711 514 300 213 8197 762
internal_count=29617 19387 14842 13656 107 1186 10230 9262 13549 1764 730 415 11785 335 7757 4647 421 152 269 3110 4028 524 9126 415 8711 514 300 213 8197 762
is_linear=0
shrinkage=0.03


Tree=70
num_leaves=31
num_cat=0
split_feature=12 12 3 3 0 6 9 11 7 14 9 15 14 14 9 1 9 0 15 14 15 14 11 0 15 16 17 9 3 8
split_gain=8.31798 4.7027 6.21932 3.11761 3.56785 2.96554 2.93416 3.03004 2.8651 3.85385 2.83349 3.51098 2.72165 3.38157 2.5983 3.5164 3.07163 5.70792 2.65171 2.99922 2.56212 2.83778 2.52928 2.82027 3.21231 4.5578 2.71687 2.63439 2.35163 2.29693
threshold=0.40914387830223214 0.084283750402128113 0.13469225896777628 0.0072244008598745012 2.6049838734176016 6.3584536575114683 0.062008772097303148 10.904367563441744 0.083325608074500832 0.18714609236612942 0.072545059802873527 2.602003343538398 0.41095029626293594 0.093447789867875428 0.13493982625662096 0.2215007215007215 0.096313823676994939 1.5311531278433128 3.1984648276080736 0.064510087291076601 2.740319461670996 0.70191422319289876 7.7664168082465954 0.90205960470392654 2.602003343538398 0.1485063942364008 1.1420528169633293 0.16630124580199582 0.46830301613191411 1.1472477711729165
decision_type=2 2 2 2 8 2 8 2 8 2 10 8 2 2 10 10 8 10 8 2 10 2 2 10 8 8 8 10 2 10
left_child=1 22 -3 -2 5 10 20 8 -8 14 11 12 13 -5 15 16 28 18 -18 -20 21 -4 23 -1 26 -26 -25 -24 -10 -29
right_child=3 2 6 4 -6 -7 7 -9 9 -11 -12 -13 -14 -15 -16 -17 17 -19 19 -21 -22 -23 27 24 25 -27 -28 29 -30 -31
leaf_value=0.0025679058694135569 -0.0068850026727977857 0.00047478422350457603 -3.8182448466550606e-05 -0.0089250742161481097 -0.00014351005347339912 -0.0073518101274049306 -0.00089184363613324766 0.00072443772578278064 -0.0001500177201347868 8.8560724114270951e-05 0.00035819181769142992 0.00024298386716828653 -0.0040153262290047965 -0.0021071042177905172 0.00052958631286415751 -0.0027575769468830146 0.00052366491577437806 -0.0024479979074844681 -0.0010406499265700835 0.00045381373151424118 0.00046573515042026462 -0.0029519591488165846 0.0011378194834692956 0.00087734533934110781 -0.0051244957307035295 0.00010358274521577175 -0.0035736042671096328 -0.00025108443720625508 -0.002640332919429006 0.0010734654027503615
leaf_weight=267 56 9096 2314 53 1877 43 924 606 798 2638 145 108 52 97 237 106 101 86 53 42 2613 53 4890 338 87 55 44 866 78 883
leaf_count=267 56 9096 2314 53 1877 43 924 606 798 2638 145 108 52 97 237 106 101 86 53 42 2613 53 4890 338 87 55 44 866 78 883
internal_value=0.000510285 0.000660693 0.000418566 -0.00117064 -0.00100379 -0.00325852 -7.3521e-05 -0.000540212 -0.000780213 -0.000442754 -0.00253289 -0.00414791 -0.00647291 -0.00437086 -0.00165579 -0.00219605 -0.00171355 -0.0044311 -0.00158376 -0.00515625 0.00045774 -0.000257179 0.001304 -0.000299242 -0.00157714 -0.00541259 -0.000140992 0.00149503 -0.000834663 0.000495429
internal_weight=29606 27175 19745 2431 2375 498 10649 5669 5063 4139 455 310 202 150 1501 1264 1158 282 196 95 4980 2367 7430 791 524 142 382 6639 876 1749
internal_count=29606 27175 19745 2431 2375 498 10649 5669 5063 4139 455 310 202 150 1501 1264 1158 282 196 95 4980 2367 7430 791 524 142 382 6639 876 1749
is_linear=0
shrinkage=0.03


Tree=71
num_leaves=31
num_cat=0
split_feature=12 12 14 15 8 13 12 17 9 15 6 0 7 10 12 8 4 8 14 14 4 4 4 4 14 14 13 13 9 15
split_gain=8.01496 4.62289 4.989 3.73173 3.66751 3.71313 3.90503 4.4423 3.82602 4.43525 4.03228 3.30904 3.44813 3.03081 3.23006 2.86982 6.46927 2.83735 2.51706 2.52336 3.01574 3.12595 2.58209 2.47258 2.39955 2.35976 2.33934 2.289 2.22457 2.19623
threshold=0.23661580992455458 0.87178055766621132 0.66206747793733689 3.3497501700808394 14.221795677881188 0.04355416272978805 0.10762145387964052 1.1420528169633293 0.18795351227521997 2.0126758453675748 2.0898698765420609 2571.1666666666674 0.10504692121834845 1.129555252616657 0.033458845930325339 1.0888224942899691 1234.6876775615967 1.2445449455212376 1.0000000180025095e-35 0.6061035485807782 2121.5961720010428 2338.1734437990735 1525.0176227904838 8387.9063714405293 0.034912825999758625 0.69250565398909336 0.0043971760140966805 0.062847667087806217 0.15834782876056028 2.524928003624769
decision_type=2 2 2 10 10 2 2 10 8 10 2 8 8 8 2 10 8 10 2 2 10 10 8 10 2 2 2 2 10 10
left_child=3 11 -3 4 5 18 8 15 9 27 13 12 17 -10 -15 16 -8 25 -1 22 -21 -22 29 -17 28 -2 -23 -7 -5 -20
right_child=1 2 -4 24 -6 6 7 -9 10 -11 -12 -13 -14 14 -16 23 -18 -19 19 20 21 26 -24 -25 -26 -27 -28 -29 -30 -31
leaf_value=-0.002984608656502752 -0.00095308425719734164 -0.0020538317932063837 -0.0070169870253443114 -0.0007686446811978198 0.00081437948239166356 -0.0022801825895079984 0.00087828287779975484 -0.0015598938838910039 7.0184028602436504e-05 0.00070903154812165456 -0.0019805345453816174 0.0010033326705289154 -0.00012681906777472777 0.00028307881731515948 -0.0011085812052434919 -0.00013250420302445728 -0.0026137640514976536 -0.0038368078275814056 -0.00013205482713839499 0.00014459796900703122 -0.0043735336768640316 -0.0013570987578846725 0.0010224691461106262 -0.00064725671474600893 0.00075771606235479566 -0.0031613965909428345 0.00023022018647129416 -0.0012141802843131286 0.0016693329947454199 0.00077548684581120637
leaf_weight=45 190 77 40 210 2983 83 46 142 648 1960 74 784 7736 78 89 2208 62 40 1627 491 46 87 2031 41 4805 43 116 160 134 2594
leaf_count=45 190 77 40 210 2983 83 46 142 648 1960 74 784 7736 78 89 2208 62 40 1627 491 46 87 2031 41 4805 43 116 160 134 2594
internal_value=0.000473189 -0.00027943 -0.00617797 0.000796205 0.000565142 0.000341595 -0.000235515 -0.0011172 0.000477207 0.00114746 -0.00118315 -0.00020025 -0.000382397 -0.000569853 -0.00416071 -0.000805343 -0.00555963 -0.00368978 0.000800085 0.000845989 -0.000809716 -0.003492 0.00104206 -0.000574667 0.0014965 -0.00239744 -0.00186765 -0.00266803 -0.000921739 0.000618901
internal_weight=29670 8910 117 20760 15611 12628 5591 2499 3092 2203 889 8793 8009 815 167 2357 108 273 7037 6992 740 249 6252 2249 5149 233 203 243 344 4221
internal_count=29670 8910 117 20760 15611 12628 5591 2499 3092 2203 889 8793 8009 815 167 2357 108 273 7037 6992 740 249 6252 2249 5149 233 203 243 344 4221
is_linear=0
shrinkage=0.03


Tree=72
num_leaves=31
num_cat=0
split_feature=12 12 3 11 3 14 0 11 9 0 11 15 3 7 7 16 11 3 12 1 0 0 9 13 7 1 16 7 11 3
split_gain=7.46167 4.72613 6.53283 3.86285 3.46544 4.92084 3.43079 5.20818 3.25536 3.25389 2.93362 6.52186 2.92069 3.68039 5.19304 2.81931 2.62055 2.58636 3.20526 2.61855 2.5141 2.42493 2.37012 2.96722 2.31408 2.56161 3.8973 2.3071 3.078 2.27574
threshold=0.2419740494609606 0.87178055766621132 0.2952551859509473 9.3796611130291989 -1.0000000180025095e-35 0.61135725184259637 1.0027587458182372 6.5882382461791584 0.06119019905433911 1202.4166666666667 9.0792631067445821 2.524928003624769 0.19970007383005603 0.064253638073014527 0.11227883213551558 -0.056459560924418652 5.4701654074033046 0.13549860606487069 0.08055306446836942 0.098199935711989719 1.3295270301383868 1.2097470525623486 0.029611855943704326 1.0000000180025095e-35 0.09209156479063331 0.027212143650499791 0.23670314838779707 0.083325608074500832 10.19578396184199 0.47450303699721869
decision_type=2 2 2 2 2 2 10 2 8 8 2 8 2 10 10 8 2 2 2 10 10 10 8 2 10 10 10 10 2 2
left_child=3 9 -3 6 5 -5 -1 22 -9 16 15 12 -12 -14 -15 -10 20 -6 -19 29 -2 -16 23 -8 25 26 -18 28 -21 -20
right_child=1 2 -4 4 17 -7 7 8 10 -11 11 -13 13 14 21 -17 24 18 19 27 -22 -23 -24 -25 -26 -27 -28 -29 -30 -31
leaf_value=0.0011215348776843904 -0.0023549924930506461 -0.0064679429904101965 0.00013305073298494231 0.00019428192415599918 0.00069082918478093882 -0.0032751936212804963 -0.014184591513522839 0.00047707903020080452 -0.0033335933828161101 0.00084375988939402026 -0.0010919642832695946 0.00034234924492386714 -0.0029323966831322264 0.00037825113773091177 -0.00053332568531110709 0.0001181508310134815 -0.0032826715710262975 0.00084299492554749391 0.00039098943265244746 -0.0017131809473094836 -0.0079855445434937611 -0.0025357062953708627 -0.00018543317474669624 -0.0023150752932830244 -0.00012370860917832268 -4.0278471510567681e-05 -0.00074813965193038813 1.5939618017069308e-05 -2.5103578864608662e-05 -0.0019877158344507213
leaf_weight=1357 52 46 60 98 6915 40 49 1678 81 847 271 388 40 58 41 1532 42 3003 3391 270 40 61 72 75 7218 94 48 1399 298 84
leaf_count=1357 52 46 60 98 6915 40 49 1678 81 847 271 388 40 58 41 1532 42 3003 3391 270 40 61 72 75 7218 94 48 1399 298 84
internal_value=0.000458161 -0.00029581 -0.00656075 0.000758561 0.00100419 -0.00371223 9.09889e-05 -0.000320221 -9.39532e-05 -0.000215416 -0.00078609 -0.00220116 -0.00456992 -0.00731343 -0.00521739 -3.15984e-05 -0.000414676 0.00104681 0.000694412 0.000260151 -0.00541935 -0.00926214 -0.00508629 -0.007584 -0.000351749 -0.00366486 -0.00725275 -0.000614329 -0.00222496 0.000755178
internal_weight=29648 8447 106 21201 15498 138 5703 4346 4150 8341 2472 859 471 200 160 1613 7494 15360 8445 5442 92 102 196 124 7402 184 90 1967 568 3475
internal_count=29648 8447 106 21201 15498 138 5703 4346 4150 8341 2472 859 471 200 160 1613 7494 15360 8445 5442 92 102 196 124 7402 184 90 1967 568 3475
is_linear=0
shrinkage=0.03


Tree=73
num_leaves=31
num_cat=0
split_feature=12 3 12 15 6 2 0 0 14 4 3 17 7 3 9 8 14 17 0 3 0 14 9 8 14 16 13 15 8 13
split_gain=7.29419 5.32496 6.27545 4.17229 3.12654 2.81815 2.60065 2.59688 4.72789 4.25835 2.18468 2.40048 2.42651 3.12871 2.12793 2.51346 2.93427 4.98917 4.08007 3.77152 2.55424 2.87374 2.72197 4.3053 2.80361 2.82674 2.60377 2.16017 2.0252 4.13652
threshold=0.11097952624147746 0.12335031907541978 0.61289412774866447 3.4175922930736511 6.3584536575114683 4.5118933025651744 1.113422686473837 1.4483230949024593 0.045803942539447591 193.00702249231338 0.44779719063506851 1.1149600386466054 0.16762507329340939 0.1574146553998694 0.046109105025071422 39.36968258216659 0.64765664893548791 0.15419275132768787 1.6306674199350528 0.27019011885181682 1.5842906634386951 0.21165658788964961 0.096313823676994939 1.6668934799129613 0.12906653955158634 0.092874755994918776 0.034783361109961601 3.3497501700808394 1.1216701199597086 0.066939756652850971
decision_type=2 2 2 10 2 8 8 10 2 10 2 10 8 2 8 10 2 10 10 2 10 2 8 10 2 10 2 10 8 2
left_child=28 2 6 4 5 -3 -2 -8 9 -9 11 14 13 -13 27 16 20 -18 19 -19 -16 22 24 -24 -22 -26 -27 -7 29 -1
right_child=1 3 -4 -5 -6 10 7 8 -10 -11 -12 12 -14 -15 15 -17 17 18 -20 -21 21 -23 23 -25 25 26 -28 -29 -30 -31
leaf_value=0.00084120288773040371 -0.0080158092599531654 -0.0021067554948883647 -0.0060442132913790447 0.00038231297230733973 -0.0025703282160572092 0.00031922017789710221 0.00083258718187269548 -0.0048122461743957123 0.00031159955489934834 -0.00047250555483516172 -0.0011859902043426203 -0.0026227732374805436 -0.00052512673500559296 -0.00091504487996955138 -5.6036815413536931e-06 0.00089387817406795772 0.00033012303014771504 -0.0045431016370706097 -0.00068736128563854553 -0.0013722636042369537 0.00024611206733272999 -0.00012431859513801528 -2.3314043422612132e-05 -0.0023739272179680326 -0.0029757516823804625 -0.0031213742229300782 0.00087514876185940213 -0.00080768019712496356 0.00080266220313973821 -0.00041487453613136112
leaf_weight=1809 44 74 40 1944 215 2699 1948 43 5629 191 642 45 1137 144 2862 546 130 47 59 48 165 633 45 68 40 75 66 65 7426 857
leaf_count=1809 44 74 40 1944 215 2699 1948 43 5629 191 642 45 1137 144 2862 546 130 47 59 48 165 633 45 68 40 75 66 65 7426 857
internal_value=0.000465683 0.000128888 0.000731383 -0.000276 -0.000527738 -0.000447294 0.000792388 0.000833717 0.000518247 -0.00365106 -0.000401597 -0.000279211 -0.00145592 -0.00459474 -7.23273e-05 -0.000455172 -0.000702052 -0.00364211 -0.00727742 -0.0110937 -0.000490013 -0.0017237 -0.00352826 -0.00755263 -0.00219597 -0.00476374 -0.00272535 0.000590235 0.00112117 0.000411699
internal_weight=29736 19644 7895 11749 9805 9590 7855 7811 5863 234 9516 8874 1326 189 7548 4784 4238 284 154 95 3954 1092 459 113 346 181 141 2764 10092 2666
internal_count=29736 19644 7895 11749 9805 9590 7855 7811 5863 234 9516 8874 1326 189 7548 4784 4238 284 154 95 3954 1092 459 113 346 181 141 2764 10092 2666
is_linear=0
shrinkage=0.03


Tree=74
num_leaves=31
num_cat=0
split_feature=12 3 12 14 1 17 13 11 16 15 0 3 0 14 14 10 15 3 17 0 13 16 16 14 6 14 12 14 14 11
split_gain=6.88507 4.85747 8.15423 3.07795 2.276 2.20444 2.46719 2.95344 2.74967 2.70386 2.83221 2.33064 2.79841 2.13738 4.74234 5.36847 2.97037 2.62648 2.90944 2.31606 2.08697 3.86843 2.63466 4.0688 3.08149 2.15828 4.38829 2.02945 2.01169 2.81205
threshold=0.16434778702143851 0.14623861488695633 0.57831614195639125 0.6061035485807782 0.098199935711989719 2.0950339193447265 0.039148016386892422 9.5959088477917831 0.15303976686083787 2.8617925509761908 1.0620983671591355 0.14794087259164393 0.92477080413916257 0.064510087291076601 0.19362857177495393 2.98021863618392 2.524928003624769 0.50541988633251311 6.6585427530410923 500.25000000000006 1.0000000180025095e-35 -0.071839080657023338 0.21376992791652255 0.7382866508467425 0.96984019645573361 0.66206747793733689 0.039873456268354264 0.65390239877165712 0.64765664893548791 9.5959088477917831
decision_type=2 2 2 2 8 10 2 2 10 8 10 2 10 2 2 10 8 2 8 8 2 10 10 2 2 2 2 2 2 2
left_child=3 2 -2 4 -1 6 -6 8 9 11 -11 -8 -13 -3 15 17 28 18 -15 -20 21 -5 27 -24 -25 -23 -27 -22 -16 -30
right_child=1 13 -4 20 5 -7 7 -9 -10 10 -12 12 -14 14 16 -17 -18 -19 19 -21 22 25 23 24 -26 26 -28 -29 29 -31
leaf_value=0.00069492754663887037 0.00028787711795353964 0.00019518152645999246 -0.0063091679675156389 -0.0031955916588492046 0.00078971997265768891 -0.0013382292865616555 0.00045302253317290608 0.00021347004096141349 0.00024370900183971606 -0.0020506934921690088 -0.0023292945121386353 0.0023395817347798679 -0.0020681490316376851 -0.00048309001474007069 -0.00044069748231581455 -0.0039152899461422719 0.00031246328887580714 -0.0044882626988048142 -0.0084217652979927636 -0.0020432946710151265 -0.00011088350297485423 0.00028301115150033003 4.8388433296518746e-05 -0.00061729161357825066 -0.0016500795563563042 0.0013132486249970636 -0.0056229193385344267 0.0012407274373100708 -0.00099609266276350604 -0.0040195913567711763
leaf_weight=8028 6886 1236 42 42 2353 42 167 2758 308 59 60 42 146 1804 1386 71 2590 61 55 43 309 149 228 42 41 46 45 381 232 58
leaf_count=8028 6886 1236 42 42 2353 42 167 2758 308 59 60 42 146 1804 1386 71 2590 61 55 43 309 149 228 42 41 46 45 381 232 58
internal_value=0.000500825 3.19393e-05 0.000605282 0.000945629 0.00107484 0.000629212 0.000678487 0.000177916 -0.00144828 -0.00288 -0.006775 -0.00155899 -0.00384127 -0.000495157 -0.000718933 -0.00191056 -0.000150457 -0.00161456 -0.00141566 -0.00642424 -0.00046028 -0.00273498 0.000182635 -0.00210577 -0.00775 -0.00124481 -0.0048587 0.00121563 -0.00113417 -0.00340206
internal_weight=29710 14464 6928 15246 13963 5935 5893 3540 782 474 119 355 188 7536 6300 2034 4266 1963 1902 98 1283 282 1001 311 83 240 91 690 1676 290
internal_count=29710 14464 6928 15246 13963 5935 5893 3540 782 474 119 355 188 7536 6300 2034 4266 1963 1902 98 1283 282 1001 311 83 240 91 690 1676 290
is_linear=0
shrinkage=0.03


Tree=75
num_leaves=31
num_cat=0
split_feature=12 15 13 8 12 1 14 6 4 4 12 8 4 16 4 14 17 15 16 4 4 4 4 4 14 4 15 14 14 15
split_gain=6.45728 3.24866 3.32283 3.5865 5.64919 5.45309 3.27992 3.09931 2.91364 4.03352 2.73197 4.61569 3.0207 3.49124 2.70902 3.37345 2.48763 2.39173 2.27975 3.07067 2.5439 2.19699 2.07551 2.14711 3.4123 2.15385 7.02685 2.03524 2.00571 4.41631
threshold=0.24975227271246239 3.3842466058243152 0.047357574945620123 1.1017481853348934 0.043845407073903615 0.10733486943164362 0.6061035485807782 10.228363721962106 1474.3680938917771 1204.5255069802668 0.081804109627925406 39.83028596426638 3980.2089535742903 0.052882058040118772 419.5603166515196 0.024874745753742142 1.2467163084516091 2.9174053685313028 -0.062736713487384202 2180.4996019995165 2338.1734437990735 617.36611761609731 6151.5519425694483 1970.8428153417246 0.56870683107254338 1417.1325335723382 2.1383330595080281 0.062242415691549473 0.071430394981582129 3.0201273556387074
decision_type=2 10 2 10 2 8 2 2 10 8 2 10 8 10 8 2 10 8 8 10 10 10 10 10 2 10 10 2 2 10
left_child=1 2 6 4 -4 -6 14 -2 9 -7 12 16 -5 -14 15 -1 22 -18 -8 -20 -21 -9 23 25 -25 -12 -27 -3 29 -16
right_child=7 27 3 10 5 8 18 21 -10 -11 11 -13 13 -15 28 -17 17 -19 19 20 -22 -23 -24 24 -26 26 -28 -29 -30 -31
leaf_value=-0.0043341465312154983 -0.00010523962173766637 -0.00011181392089861078 3.7792055349571673e-05 0.00083183252494341481 -8.4447296101903833e-05 -0.001043669190360446 -0.0031338588772040804 -0.0062421124098106908 -0.001865940219885325 -0.003314961967253653 -7.1630895328455679e-05 0.0010859379734729671 -0.0053469447711620649 0.0004726570931991818 0.00089685311159669984 -1.6004091409287601e-05 -0.001822268203450329 0.00018941807986849944 0.00025406121989170785 -0.0043559782030581518 -0.00036769814382473084 -0.0023784176771013787 -0.0009891349964218912 0.00044116094473861108 -0.00066205657215609817 -0.0079901430823611612 -0.00040681604727710167 0.00073775306617302546 0.00088112703232242533 -0.00073989192529734418
leaf_weight=40 7907 625 464 1985 152 50 60 40 65 75 1657 613 54 66 1056 1066 105 79 640 45 240 47 70 929 76 53 630 4234 5907 595
leaf_count=40 7907 625 464 1985 152 50 60 40 65 75 1657 613 54 66 1056 1066 105 79 640 45 240 47 70 929 76 53 630 4234 5907 595
internal_value=0.000429859 0.000699103 0.000501163 9.68568e-06 -0.00187361 -0.004793 0.000863938 -0.000298687 -0.00816754 -0.0108333 0.000250238 -0.000190838 0.00113248 -0.00347107 0.00105043 -0.000336043 -0.000600833 -0.00398919 -0.000775862 -0.000404967 -0.00298951 -0.00589773 -0.000417154 -0.000309324 0.000849901 -0.000807347 -0.00222368 0.0013821 0.00125334 0.000328693
internal_weight=29625 21631 16772 7123 806 342 9649 7994 190 125 6317 4212 2105 120 8664 1106 3599 184 985 925 285 87 3415 3345 1005 2340 683 4859 7558 1651
internal_count=29625 21631 16772 7123 806 342 9649 7994 190 125 6317 4212 2105 120 8664 1106 3599 184 985 925 285 87 3415 3345 1005 2340 683 4859 7558 1651
is_linear=0
shrinkage=0.03


Tree=76
num_leaves=31
num_cat=0
split_feature=20 0 14 3 8 9 20 2 3 0 6 13 10 3 14 3 9 15 4 7 9 7 17 17 9 14 16 2 3 20
split_gain=6.75335 3.91539 4.26549 4.37568 3.63125 4.29065 3.32516 3.22123 3.09155 3.14541 2.80561 2.58858 2.4791 2.47177 2.25766 2.22883 4.31355 2.3924 2.17727 1.94706 2.44263 2.14289 2.31602 1.87729 2.58603 5.80751 1.98657 1.97128 2.22866 2.72965
threshold=0.36593090772450171 0.97683961044322387 0.81360058546990566 0.22360610584171384 1.1216701199597086 0.13643438801823898 0.11465154652574318 3.9240045833320587 1.0000000180025095e-35 3.1607787203759732 7.4529089980858076 0.0085781462498753531 3.8213124609692541 0.1085353857131805 0.27887317046262522 0.1030503427512008 1.0000000180025095e-35 3.3842466058243152 1573.9324280888111 0.089317051218582896 0.083527117436754811 0.071093653522714975 0.20847071997278963 0.3872439142768076 0.0065764796462273482 0.11434295253614531 0.52280323611076884 5.6782608891448199 0.44779719063506851 0.024076778450684348
decision_type=2 10 2 2 10 8 2 8 2 8 2 2 10 2 2 2 10 10 10 10 10 10 8 8 8 2 8 8 2 2
left_child=1 -1 3 4 5 11 -6 -8 -2 10 -10 14 23 -7 -3 16 -9 19 -15 20 -17 -22 -23 27 25 -25 -27 -5 -29 -30
right_child=8 2 -4 12 6 13 7 15 9 -11 -12 -13 -14 18 -16 17 -18 -19 -20 -21 21 22 -24 24 -26 26 -28 28 29 -31
leaf_value=0.0015888304898437513 -0.0052305093745162543 -0.001763793613218458 -0.0012548910984639357 -0.00065767352745611644 0.00082922693784403981 -0.0011207627668721059 -0.00086189219452595205 -0.0022997960056699873 -0.00082386519984365466 -1.6204205948406319e-06 -0.0046719396307719372 0.00063400513730324775 -0.0031654040432671331 -0.0010522420083737931 -7.8661586461320626e-05 6.2508376103811755e-05 0.00053366219430218726 0.00055863295453494857 0.00039204870016990733 2.0781971371717667e-05 0.00026328402625729931 -0.00034612879164969455 -0.0021625774189743428 0.00066821403430668475 -0.00016469785297406502 -0.0063198399226786391 -0.0031560608468491451 0.00034173359696615483 0.0016354740261960881 -0.00091587296543942098
leaf_weight=2181 72 43 55 70 5297 72 56 66 1097 2251 50 536 48 285 83 130 4669 1463 113 4287 49 49 48 98 2270 40 46 3330 132 580
leaf_count=2181 72 43 55 70 5297 72 56 66 1097 2251 50 536 48 285 83 130 4669 1463 113 4287 49 49 48 98 2270 40 46 3330 132 580
internal_value=0.000448067 0.000613404 0.000502383 0.000521772 0.000773352 -0.000868491 0.000888737 0.000587077 -0.00079516 -0.000663724 -0.00194164 0.000687783 -0.00013424 -0.00305732 -0.00316535 0.000624698 0.0011117 0.000241912 -0.0021203 -9.66257e-05 -0.0025343 -0.00518367 -0.0077449 -8.40565e-05 -0.000740529 -0.00415135 -0.0097931 0.000307805 0.000394756 -0.00112763
internal_weight=29566 26096 23915 23860 17246 1132 16114 10817 3470 3398 1147 662 6614 470 126 10761 4735 6026 398 4563 276 146 97 6566 2454 184 86 4112 4042 712
internal_count=29566 26096 23915 23860 17246 1132 16114 10817 3470 3398 1147 662 6614 470 126 10761 4735 6026 398 4563 276 146 97 6566 2454 184 86 4112 4042 712
is_linear=0
shrinkage=0.03


Tree=77
num_leaves=31
num_cat=0
split_feature=11 0 11 20 20 3 7 17 4 9 3 17 16 11 8 8 9 9 14 3 8 9 3 14 20 15 8 0 17 16
split_gain=6.80838 5.92749 4.68491 3.76967 3.49562 3.80029 3.2742 4.43349 3.0366 2.65945 4.36341 4.19749 4.25834 3.00242 2.61746 2.52328 3.24471 3.05085 3.63047 4.28723 4.05565 2.50388 2.20534 2.15286 2.14844 2.9219 2.07465 2.47085 2.12611 3.29992
threshold=9.4207228451671003 1.0848358170868846 4.8559213341406453 0.87178055766621132 0.08055306446836942 0.44779719063506851 0.093242123875895297 1.0379166167518183 1037.6312775445122 0.0055351307189542504 0.36510053746760673 0.65665642392252033 0.73534781515564784 7.6978022585375747 1.0888224942899691 1.1595081914547225 0.14329496817999279 0.053382288406882729 0.6061035485807782 0.33488818552022803 1.4521311360827966 0.24195760830793589 0.24407641841768099 0.26209131748968711 0.25858863967650964 4.0859410030639109 15.182093130779549 2.4092715261497113 -0.084285966424598138 0.030031917917932326
decision_type=2 10 2 2 2 2 10 8 8 10 2 8 10 2 8 10 10 10 2 2 10 8 2 2 2 10 10 10 10 10
left_child=1 -1 -3 6 -2 15 7 8 -4 10 -8 -12 13 -13 -10 21 17 24 26 20 -20 -6 -16 -23 -17 -26 27 28 29 -19
right_child=4 2 3 -5 5 -7 9 -9 14 -11 11 12 -14 -15 22 16 -18 18 19 -21 -22 23 -24 -25 25 -27 -28 -29 -30 -31
leaf_value=0.00057710781076495961 0.00076909272326291221 -0.0047938011439558224 -6.3825173827896389e-06 -0.0063425493576249881 -1.8622776421561378e-05 -0.0013220405478335205 -0.00082415709298339654 -0.0048543716535528808 -0.0034563379099546748 -8.0699137386310235e-05 -0.00048226998221293708 -0.0073341127001703855 -0.0013685253812060617 -0.0030431810270922992 -0.001413924780731237 0.00065807504688128774 0.0007082250240113677 -0.0013019991021640152 -0.001880821074688509 -0.0020481502274490374 6.1323987882191098e-05 -0.00037977780108646168 0.0016040279971005174 -0.002658421389415033 0.00010644610182086293 -0.0010073538682834622 0.00066027257516166336 -0.00066026345209575842 0.0001336788089741704 -8.2066855561652445e-06
leaf_weight=2924 4511 44 317 54 1197 455 536 53 44 5282 85 42 45 41 138 3731 2261 92 71 44 207 127 43 79 2581 47 722 297 3330 191
leaf_count=2924 4511 44 317 54 1197 455 536 53 44 5282 85 42 45 41 138 3731 2261 92 71 44 207 127 43 79 2581 47 722 297 3330 191
internal_value=0.000392437 -0.000261789 -0.000752119 -0.000687023 0.000708935 0.000494136 -0.000622001 -0.00274329 -0.00192265 -0.000412301 -0.002084 -0.00570561 -0.00911628 -0.0131071 -0.00457965 0.000576245 0.000701437 0.00049399 -6.41775e-05 -0.00313932 -0.00174194 -0.000634615 -0.00295055 -0.00368116 0.000928774 0.000271586 0.000150227 -0.000122731 9.3802e-05 -0.00239789
internal_weight=29591 9648 6724 6680 19943 15432 6626 595 542 6031 749 213 128 83 225 14977 13574 11313 4954 322 278 1403 181 206 6359 2628 4632 3910 3613 283
internal_count=29591 9648 6724 6680 19943 15432 6626 595 542 6031 749 213 128 83 225 14977 13574 11313 4954 322 278 1403 181 206 6359 2628 4632 3910 3613 283
is_linear=0
shrinkage=0.03


Tree=78
num_leaves=31
num_cat=0
split_feature=20 10 9 8 17 4 0 20 20 4 8 20 7 8 9 14 4 14 9 17 7 4 9 4 3 8 13 15 16 14
split_gain=6.19036 3.83547 3.07931 3.36662 3.50815 3.0238 2.92457 3.31628 3.17593 2.75701 3.086 2.59092 3.68756 5.08329 3.05293 3.04954 5.84721 3.36142 3.91127 2.95414 3.26647 2.76076 2.96765 2.82348 2.65125 2.63429 4.51038 3.25887 2.94904 2.56849
threshold=0.3176539135113004 0.50342019266596727 0.043878594015436569 39.83028596426638 1.0906491078269227 435.55285900253938 7.9902492539411911 0.4194043292224246 0.68573256071017152 346.22681012401114 5.5866792434722026 0.068921770466097612 0.09209156479063331 1.4309303638432087 0.17282509774396831 0.64765664893548791 3213.1213083448215 0.21366555468538176 0.072545059802873527 -1.0000000180025095e-35 0.20274127139754711 617.36611761609731 0.13352993484978967 2063.3029483503537 0.21979229420197019 1.1566215494576024 0.082810572677320129 3.6242520361853052 0.11847112245475667 0.085660288548143823
decision_type=2 8 8 10 10 10 8 2 2 10 10 2 10 10 10 2 10 2 10 8 10 10 10 10 2 10 2 10 10 2
left_child=1 -1 5 4 11 9 8 -8 -2 -3 -11 14 13 25 -4 17 -17 18 19 20 -14 -20 23 -23 -16 26 -13 28 -28 -6
right_child=6 2 3 -5 29 -7 7 -9 -10 10 -12 12 15 -15 24 16 -18 -19 21 -21 -22 22 -24 -25 -26 -27 27 -29 -30 -31
leaf_value=0.00056874533746302297 -0.00050233622135366775 8.5354636783416141e-05 0.00095762050931193817 0.00080367056392368589 0.00079036580397385712 0.00062732310481635779 0.0010312157568758309 -0.00020554387692543229 -0.005417144484206546 -0.0022705797110793438 -0.00031522804424893028 -0.00036659843337576988 0.00030403368382783317 -0.0029894604205045194 -0.00074399575596894565 -0.00024898470990085999 -0.0039504200005174607 0.00039893603524942416 0.0006870800409247515 0.00065027842287309549 -0.0041363716639012281 -0.0011297368101914028 0.00059037861802429528 0.00039011835577186413 0.0012069907452211277 0.00022788163701050804 -0.0023336433685235635 0.00029113103457734292 -0.00061907559616915914 -0.0010977821374502179
leaf_weight=6744 3214 772 2085 1381 113 4783 634 1046 77 42 122 737 82 42 425 226 45 3422 186 827 51 750 231 141 208 439 73 46 90 669
leaf_count=6744 3214 772 2085 1381 113 4783 634 1046 77 42 122 737 82 42 425 226 45 3422 186 827 51 750 231 141 208 439 73 46 90 669
internal_value=0.000429538 0.000623701 0.000394908 0.000126895 -5.01422e-05 0.000969755 -0.000536404 0.000481856 -0.0010562 -0.000589114 -0.00410909 9.9733e-05 -0.000191636 -0.00156092 0.000891504 0.000136364 -0.00296691 0.00028466 -0.000610842 0.000842872 -0.00329104 -0.00167762 -0.00223865 -0.00302354 -0.000932177 -0.00124459 -0.00213516 -0.00601429 -0.0079939 -0.00198467
internal_weight=29703 24732 17988 12269 10888 5719 4971 1680 3291 936 164 10106 7388 1427 2718 5961 271 5690 2268 960 133 1308 1122 891 633 1385 946 209 163 782
internal_count=29703 24732 17988 12269 10888 5719 4971 1680 3291 936 164 10106 7388 1427 2718 5961 271 5690 2268 960 133 1308 1122 891 633 1385 946 209 163 782
is_linear=0
shrinkage=0.03


Tree=79
num_leaves=31
num_cat=0
split_feature=12 3 12 3 3 2 13 7 5 17 6 9 9 14 10 10 0 14 16 8 14 13 16 1 14 14 1 7 14 13
split_gain=7.13328 6.04558 4.75575 5.76907 3.99263 3.11528 4.09423 3.09041 2.93451 2.60574 2.59204 2.33135 2.32277 3.33686 3.19874 2.21959 2.37059 3.01073 2.20608 2.16999 2.16075 2.15362 2.15011 2.03995 3.19347 2.83353 2.55701 2.31518 2.86317 2.00873
threshold=0.064449468150659342 0.44779719063506851 0.87178055766621132 0.24676042247408797 0.13230428380370199 5.7295499217261048 0.13524038471091424 0.09209156479063331 0.58908730158730171 0.33060066802439136 5.7988409000321441 0.16910520303777629 0.077981871193902694 0.17858628084352038 1.9340931437333342 3.8213124609692541 1.4483230949024593 0.048308477645043479 0.36174758332236528 1.2362576996874595 0.27368903052154098 0.051707250420616295 -0.071839080657023338 0.15444245676803822 0.18455293740530895 0.027691951979766507 0.017095265926358853 0.10715526846080452 0.36737916361475537 0.054395805305041602
decision_type=2 2 2 2 2 8 2 10 10 8 2 8 8 2 8 8 10 2 8 8 2 2 8 8 2 2 10 10 2 2
left_child=11 2 4 -4 15 6 7 -6 -9 22 23 -1 -11 14 -14 16 19 18 -18 -2 -15 -13 -7 26 25 -25 27 28 -3 -21
right_child=1 10 3 -5 5 9 -8 8 -10 12 -12 21 13 20 -16 -17 17 -19 -20 29 -22 -23 -24 24 -26 -27 -28 -29 -30 -31
leaf_value=0.001048732829672337 6.3227685714690109e-06 0.00056223005918529148 -0.0055197954638992247 0.00020484062370344913 -0.0023111720624147286 -0.0022767505673825074 0.0011877647819246353 0.00080804155133981182 -0.00075107290340984225 5.462031922622105e-06 -0.0022375688842136794 0.0016028620565485614 -0.00064768108606886449 0.00076715853161777681 -0.0020278395076425461 -0.0018618621599602091 -0.00044677747476937093 0.00024485424450537393 -0.0013670729789080197 0.0012048328200638992 -0.00041792139773519924 -0.00014827869739240053 0.00020991811687824348 -0.00014738729966643052 0.00029324247217763004 -0.0048613156424509368 0.00054801441859980368 -0.00111348149322358 -0.0020104750256062709 0.0005340117230829552
leaf_weight=4317 800 40 45 61 59 205 78 54 47 3941 74 417 489 343 191 54 201 6136 70 1887 921 986 6130 55 76 75 260 359 60 1195
leaf_count=4317 800 40 45 61 59 205 78 54 47 3941 74 417 489 343 191 54 201 6136 70 1887 921 986 6130 55 76 75 260 359 60 1195
internal_value=0.000438046 0.000210315 0.000309979 -0.006 0.000339576 -2.21525e-05 -0.00341423 -0.00614907 -0.00291176 4.41863e-05 -0.002073 0.00138962 -0.000410295 -0.00125861 -0.00295154 0.000775232 0.000807289 0.000452715 -0.00263603 0.00139222 -0.000346245 0.000326923 0.000466383 -0.00163607 -0.00426087 -0.00709924 -0.000879167 -0.00222391 -0.00623762 0.00175349
internal_weight=29626 23906 22907 106 22801 12458 238 160 101 12220 999 5720 5885 1944 680 10343 10289 6407 271 3882 1264 1403 6335 925 206 130 719 459 100 3082
internal_count=29626 23906 22907 106 22801 12458 238 160 101 12220 999 5720 5885 1944 680 10343 10289 6407 271 3882 1264 1403 6335 925 206 130 719 459 100 3082
is_linear=0
shrinkage=0.03


Tree=80
num_leaves=31
num_cat=0
split_feature=12 0 11 17 14 11 13 14 16 1 4 2 7 4 14 2 14 7 4 9 13 13 7 9 12 14 14 16 9 9
split_gain=6.05135 4.09048 6.01545 4.38866 3.36636 2.97572 2.9338 4.82249 4.12834 5.25901 2.87475 3.78324 3.26247 2.58767 2.57492 2.46163 2.32027 2.02111 3.7984 4.78221 2.25991 1.96951 1.93682 3.22774 3.00829 2.23938 6.08063 1.90046 1.85078 2.79383
threshold=0.36096982675827866 0.96462326206540805 6.5882382461791584 0.9008421577867588 0.60099052275563392 9.4066059236379669 0.05390535690222089 0.35205851546309225 0.14557922667362577 0.14359351988217975 1937.065511184376 4.5118933025651744 0.038720072312170818 677.17251741996438 0.75085549114344441 3.5075527042511632 0.16135947613363874 0.14782948845655278 2743.8558086318508 0.10794547322518734 0.013814181716384164 0.016859294059371328 0.050844857964181082 0.25241127699357541 0.08055306446836942 0.40403992705086605 0.2492299096779412 0.41168324740555678 0.14562432612480156 0.046914819859710064
decision_type=2 10 2 8 2 2 2 2 10 8 10 8 8 8 2 10 2 10 10 10 2 2 10 10 2 2 2 10 10 10
left_child=1 -1 3 16 5 6 -4 -8 9 -9 11 -6 -13 14 -14 17 -3 18 19 -12 -20 -5 23 -7 -24 26 -25 -16 29 -26
right_child=-2 2 4 21 10 22 7 8 -10 -11 15 12 13 -15 27 -17 -18 -19 20 -21 -22 -23 24 25 28 -27 -28 -29 -30 -31
leaf_value=0.0017389487055872203 -0.00036004762789639769 -0.0060704162524512781 0.00024768394424829208 -0.0060448539928684457 -0.002408025335619578 9.2472406870795239e-05 -0.00011088301896041184 -0.004994229839902135 -0.00098154665255452325 -0.00291594287565406 -0.001811753947308353 -0.0021795712835003416 0.00015254377157701955 0.00044451879364632035 -0.0011964588198101554 0.00060365150596812761 0.00054386296130831484 -0.00044647604866155245 -0.003813663262383477 -0.00050155194892082238 0.00032488353800787424 -0.0019104360821695593 0.00093019588637629786 0.00089706642247568873 0.00052665818968053197 -0.00012767190247761032 -0.0018686148711084191 -0.0027319698755626726 0.00057387969333290022 3.4521141818042875e-05
leaf_weight=1958 3589 83 3963 42 40 1029 1189 70 112 46 62 56 191 900 40 126 185 320 47 44 90 46 2809 44 4713 101 59 41 2265 5482
leaf_count=1958 3589 83 3963 42 40 1029 1189 70 112 46 62 56 191 900 40 126 185 320 47 44 90 46 2809 44 4713 101 59 41 2265 5482
internal_value=0.000418788 0.000577311 0.000470532 -0.00339496 0.000528398 0.000635014 2.23008e-05 -0.0011488 -0.00513537 -0.00907692 -0.000663432 0.000184397 0.00048332 0.00082353 -0.00173626 -0.00222174 -0.00147212 -0.00306915 -0.00512705 -0.00936449 -0.00180435 -0.00916854 0.000834757 -0.000308752 0.000927112 -0.00374634 -0.00683654 -0.00618293 0.000727069 0.000554629
internal_weight=29742 26153 24195 356 23839 21882 5380 1417 228 116 1957 1268 1228 1172 272 689 268 563 243 106 137 88 16502 1233 15269 204 103 81 12460 10195
internal_count=29742 26153 24195 356 23839 21882 5380 1417 228 116 1957 1268 1228 1172 272 689 268 563 243 106 137 88 16502 1233 15269 204 103 81 12460 10195
is_linear=0
shrinkage=0.03


Tree=81
num_leaves=31
num_cat=0
split_feature=20 0 11 3 0 3 11 9 14 19 11 20 14 16 3 1 9 16 9 5 16 17 14 16 17 1 17 11 7 14
split_gain=5.85943 5.34701 5.50285 4.88142 3.97201 3.23858 3.01061 2.76188 2.7413 3.51625 3.59513 2.68012 2.63823 4.16312 2.3403 2.42914 2.95524 2.24343 3.36974 2.21257 2.05759 2.67517 2.71433 1.96133 2.48237 2.21852 3.52602 1.94004 1.93343 2.40323
threshold=0.45382974989356978 0.99838914646281995 9.4207228451671003 0.036040822278993849 2.2074037802280944 0.44779719063506851 6.5882382461791584 0.27148339479890743 0.25650469701685369 7.5000000000000009 10.168751454956704 0.081804109627925406 0.21950109517280039 0.23891857139394032 0.10575972453548584 0.098199935711989719 0.12637046604092778 0.84609131008423255 0.070874147984448757 0.99522569773884806 -0.017466807453021791 1.0379166167518183 0.59682766840323087 0.06962151225497068 0.16346337991112889 1.0000000180025095e-35 0.071898436426218931 10.681664978062582 0.0527824954399762 0.30695563705801032
decision_type=2 10 2 2 8 2 2 8 2 2 2 2 2 10 2 8 10 8 10 10 10 10 2 10 10 8 10 2 10 2
left_child=1 -1 6 -2 17 7 12 11 -9 -10 -11 -4 13 -3 19 -16 -17 18 -5 20 21 22 -13 -7 25 -25 -27 -6 29 -18
right_child=3 2 5 4 27 23 -8 8 9 10 -12 14 -14 -15 15 16 28 -19 -20 -21 -22 -23 -24 24 -26 26 -28 -29 -30 -31
leaf_value=0.0012202776855805919 -0.0054763331315033368 -0.012566942121271735 0.00075739130496532356 -0.0048893486367406818 -0.00020399186194012352 0.0015910895866259197 -0.00011597016772713309 0.00013745018010558955 0.00021854047235091243 -0.0025836526806859521 -0.00063830574189407681 0.0004746522530971731 -0.00032546998113013167 -0.0018703190233561641 0.00026644513751535644 -0.00037081931834334039 0.0015405446451145406 -6.0530978025104993e-05 -0.0015699199828553771 -0.00065522418366637338 0.00052483443556852933 -0.0034044091515352455 -0.0025154825118195224 -0.0033943077739824333 -0.0003020677734994638 0.00092042702794226821 -0.0012878779058678668 -0.0096995052021878279 0.0004198095914835254 -0.0021026816277494439
leaf_weight=2794 54 53 3261 55 1390 98 6576 136 55 40 48 411 161 123 5893 2000 57 47 50 40 4395 79 52 53 373 53 41 42 1219 58
leaf_count=2794 54 53 3261 55 1390 98 6576 136 55 40 48 411 161 123 5893 2000 57 47 50 40 4395 79 52 53 373 53 41 42 1219 58
internal_value=0.000385452 0.000487246 0.000349541 -0.00135815 -0.00105237 0.00062114 -0.000371854 0.00069552 -0.00226071 -0.00514583 -0.00883146 0.000742872 -0.00313314 -0.00566102 0.000564731 0.00028186 -0.000365217 -0.00564706 -0.00806604 0.00108899 0.00114642 -0.000596685 0.000278017 -0.00151212 -0.00224568 -0.00553378 -0.00271579 -0.000561061 0.00072809 -0.00297414
internal_weight=29707 28069 25275 1638 1584 18362 6913 17744 279 143 88 17465 337 176 14204 9227 3334 152 105 4977 4937 542 463 618 520 147 94 1432 1334 115
internal_count=29707 28069 25275 1638 1584 18362 6913 17744 279 143 88 17465 337 176 14204 9227 3334 152 105 4977 4937 542 463 618 520 147 94 1432 1334 115
is_linear=0
shrinkage=0.03


Tree=82
num_leaves=31
num_cat=0
split_feature=12 15 13 0 9 10 7 12 11 5 11 16 19 0 13 13 0 16 16 1 15 3 13 0 9 11 0 7 9 9
split_gain=5.05594 3.21426 3.38847 3.06991 2.99291 3.30912 3.78747 2.99595 2.92068 2.74818 2.70146 2.63516 2.8054 2.427 2.23212 2.12377 2.09748 2.01854 1.922 2.17134 2.52485 1.88342 3.40588 2.42782 3.58017 1.87873 4.98719 2.71664 2.66814 2.65263
threshold=0.26276144439709631 3.3842466058243152 0.04355416272978805 500.25000000000006 0.21532072087511914 1.129555252616657 0.081766971884964637 0.075788667742214169 7.6978022585375747 0.98578071298605041 5.4701654074033046 0.063584020228959467 9.5000000000000018 1.3903451425601518 0.12482561407524835 0.13051372342291478 1.3100271251179345 0.23477402401637085 0.0067750185431031847 0.21030517470145957 2.9174053685313028 0.15458279366853997 0.0094775683688361218 1.100410341204521 0.1288291386743321 10.524829875154747 2.7187247769475751 0.164946320943162 0.023822567963849489 0.017214421942214907
decision_type=2 10 2 8 8 8 10 2 2 8 2 10 2 10 2 2 10 10 8 10 10 2 2 10 8 2 10 8 10 10
left_child=1 2 17 10 7 6 9 8 -4 -6 13 -7 -13 -2 -9 -11 -12 18 19 -1 -21 -3 23 -23 -25 27 -27 28 -18 -28
right_child=3 21 4 -5 5 11 -8 14 -10 15 16 12 -14 -15 -16 -17 25 -19 -20 20 -22 22 -24 24 -26 26 29 -29 -30 -31
leaf_value=0.00028071767773031261 -0.0011991169159006651 0.00073975044680201114 -0.00177781559502511 0.00052294543752299464 0.0013022583234648004 -0.00026868156952248516 0.0009260953846279864 -0.00020001621162459376 0.00070423801885395566 -0.00052980871721234972 -0.0029270382021459361 -0.0007351908241498427 -0.002350122532002476 -0.0075755271024461387 0.00024794172092354894 -0.0017704553857184064 -0.0043040682474067386 5.1041899076749141e-05 0.00071144099999130464 -0.0043122996425096621 0.00036654964500588332 0.00093741929712090155 0.00048800851616882904 -0.00042318625210619349 -0.0020650479811644795 5.8124110859679809e-05 -0.00036505242691098284 2.5415301276626171e-05 -0.00045343418257257409 -0.0015906376267408727
leaf_weight=1072 56 2727 81 997 99 157 286 3224 1876 381 111 116 52 43 1313 94 64 3078 5492 58 47 141 1772 339 53 593 196 4674 317 177
leaf_count=1072 56 2727 81 997 99 157 286 3224 1876 381 111 116 52 43 1313 94 64 3078 5492 58 47 141 1772 339 53 593 196 4674 317 177
internal_value=0.000398761 0.000620865 0.000427957 -0.000291326 -4.33593e-05 -0.00142917 -0.000452962 0.0002097 0.0011905 -0.00185739 -0.000538671 -0.00400307 -0.00660355 -0.00543 -0.00021353 -0.00280462 -0.000458829 0.000799241 0.0010925 -7.63996e-06 -0.00410377 0.00128869 0.000656982 -0.00144382 -0.00265649 -0.000383095 -0.00159462 -0.000151305 -0.00258377 -0.00430749
internal_weight=29686 22458 17426 7228 7679 1185 860 6494 1957 574 6231 325 168 99 4537 475 6132 9747 6669 1177 105 5032 2305 533 392 6021 966 5055 381 373
internal_count=29686 22458 17426 7228 7679 1185 860 6494 1957 574 6231 325 168 99 4537 475 6132 9747 6669 1177 105 5032 2305 533 392 6021 966 5055 381 373
is_linear=0
shrinkage=0.03


Tree=83
num_leaves=31
num_cat=0
split_feature=12 0 11 10 0 4 12 0 14 13 4 3 12 14 11 11 16 16 4 1 4 7 4 3 11 7 3 0 16 14
split_gain=5.81541 3.73848 4.01237 4.94641 3.65108 3.01698 2.81535 2.49747 2.44022 2.42562 3.85597 3.00455 2.85379 5.25255 2.62076 3.14984 2.59436 2.64218 3.15574 4.09586 2.52015 2.79674 3.13412 3.7017 2.524 2.33305 2.27854 2.26471 2.20734 2.50275
threshold=0.1853436907453743 1202.4166666666667 8.3514926729572014 1.6195031359000305 28.257575757575761 294.29994581180614 0.68573256071017152 2.8373453354441951 0.60099052275563392 0.045717015825816554 6151.5519425694483 0.17284305443722306 0.08055306446836942 0.083738801393164586 11.304658209589645 6.7940263567282555 0.13812044173433333 0.18704096763667841 929.67400761074498 0.13172353961827646 1639.7206314572097 0.044996701473583034 1000.5033854510756 0.10767367368905073 10.324415819485726 0.10504692121834845 0.039907498852240396 1.2160395644793727 0.066522166429123369 0.45439949663792606
decision_type=2 8 2 10 10 8 2 10 2 2 8 2 2 2 2 2 8 8 8 10 10 10 10 2 2 8 2 10 10 2
left_child=7 2 3 25 5 -5 26 8 9 11 20 -1 -13 16 15 -12 27 -18 19 -19 21 22 -11 -24 28 -2 -4 -14 -25 -30
right_child=1 -3 6 4 -6 -7 -8 -9 -10 10 14 12 13 -15 -16 -17 17 18 -20 -21 -22 -23 23 24 -26 -27 -28 -29 29 -31
leaf_value=0.0010531912151407424 -0.0018985800516319372 0.00082523155463103755 0.00072890925737923958 -0.00045001195571653916 0.0013477795585325949 -0.0037338643196034387 -0.0053948413543095878 -0.00087902040313576869 -0.00011937462695630653 0.00046154318536678721 -0.0062173218521592091 0.0011706482776572139 0.00069813080958244756 0.00042561988933146613 -0.00072605829885149815 2.2291181326313028e-05 -0.00099347608429366067 -0.00032962335622622075 -7.9727345247886301e-05 -0.0022322725787263663 0.00049868133108641561 0.00017950035650873752 -0.0010609843238065689 -5.675937896845324e-05 9.7469095829152432e-05 -8.1566399219661301e-05 -3.03892708383825e-05 -0.0035797582077923733 -0.00059152806694918189 -0.0022769647360531696
leaf_weight=3476 130 1039 777 114 78 229 55 56 1501 166 46 2006 175 1349 41 164 61 72 191 41 3124 4159 43 90 144 990 9206 60 69 52
leaf_count=3476 130 1039 777 114 78 229 55 56 1501 166 46 2006 175 1349 41 164 61 72 191 41 3124 4159 43 90 144 990 9206 60 69 52
internal_value=0.000435684 -5.27774e-05 -0.000207513 -0.0016323 -0.00440047 -0.00572965 1.13558e-05 0.000796395 0.000817333 0.000928976 0.0005697 0.00132037 0.00075455 -6.30768e-05 -0.00308333 -0.00170616 -0.00239601 -0.00397541 -0.00281311 -0.00676316 0.000686927 0.000249577 -0.00173097 -0.00317293 -0.00214888 -0.00058876 4.89785e-05 6.35594e-05 -0.00423113 -0.00686066
internal_weight=29704 12618 11579 1541 421 343 10038 17086 17030 15529 8098 7431 3955 1949 251 210 600 365 304 113 7847 4723 564 398 355 1120 9983 235 211 121
internal_count=29704 12618 11579 1541 421 343 10038 17086 17030 15529 8098 7431 3955 1949 251 210 600 365 304 113 7847 4723 564 398 355 1120 9983 235 211 121
is_linear=0
shrinkage=0.03


Tree=84
num_leaves=31
num_cat=0
split_feature=12 6 12 15 14 4 8 12 14 4 10 9 14 14 0 4 14 14 3 9 8 12 8 10 8 12 9 6 11 12
split_gain=5.48272 3.47837 2.91983 2.74653 3.2002 2.887 5.36098 4.10082 4.03343 2.54408 3.04941 4.65806 11.326 3.00125 2.49738 2.13633 2.06741 3.05056 7.40022 2.01827 2.05632 3.09849 1.99658 2.31126 1.99486 1.89762 1.78979 1.68186 2.24985 3.02757
threshold=0.21912063790366346 7.4529089980858076 0.57831614195639125 3.3842466058243152 0.4637785508060806 1393.8000962818094 1.0851917013020971 0.075788667742214169 0.81360058546990566 1987.7811578878686 1.129555252616657 0.25665276790960118 0.25284066456771392 0.20083845886899757 500.25000000000006 69.623102723307426 0.069160859213716855 0.10102936720107132 0.44398292661468064 0.088118120032949387 2.4930801858456517 0.27987130111361497 162.33764264448703 1.3126921130817748 1.4676964235776417 0.46059208239088628 0.22907196949466177 1.6035021572720947 10.049771655454187 0.083040575305778588
decision_type=2 2 2 10 2 8 8 2 2 10 10 10 2 2 8 8 2 2 2 8 10 2 8 10 10 2 10 2 2 2
left_child=3 14 -3 4 9 8 7 -7 -6 10 -1 13 -13 -12 15 -2 -17 18 19 20 -18 -22 23 -19 26 -16 27 28 -8 -30
right_child=1 2 -4 -5 5 6 24 -9 -10 -11 11 12 -14 -15 25 16 17 22 -20 -21 21 -23 -24 -25 -26 -27 -28 -29 29 -31
leaf_value=0.00051762770427920808 -0.0042986305739000164 -0.0017215094107296714 -0.0063261101916856147 0.00055071802023229832 0.00033966207240273156 -0.0016899734905513812 -0.00011578202974415822 -0.0030258603002159589 -0.0016163166873598318 0.00059940056340588037 -0.00030022879512520937 0.00014639891209734769 -0.0028715078246631647 0.00059134696832552672 0.0010883112151868493 0.00031532240947292712 0.0010129519220839107 5.6405589084654279e-05 -0.0045845742164982699 -0.0020128477568005171 -0.0032202014573138827 -0.00026882877578421159 0.00043086205974996464 -0.00045518337994346033 0.00061094713968321782 -6.8423780745041391e-05 0.0012103178989781623 0.00047698545989840406 -0.00020039346135134999 -0.001182244460783684
leaf_weight=5384 46 117 41 4607 1399 106 326 42 45 2773 2338 69 41 1436 645 1126 158 3617 42 49 76 219 605 2852 396 419 77 172 185 247
leaf_count=5384 46 117 41 4607 1399 106 326 42 45 2773 2338 69 41 1436 645 1126 158 3617 42 49 76 219 605 2852 396 419 77 172 185 247
internal_value=0.000407169 -0.000164186 -0.00456604 0.000698381 0.000501962 -0.000375501 -0.00127384 -0.00668456 0.000589619 0.000720229 0.000481605 -0.000159073 -0.00621622 1.9073e-05 -9.31506e-05 -0.000259356 -0.000225043 -0.000402415 -0.00256514 -0.00153877 -0.000905286 -0.00238176 -0.00023576 -0.000389954 -0.000698718 0.00127887 -0.00140774 -0.00177229 -0.00237945 -0.00379677
internal_weight=29655 10012 158 19643 15036 2995 1551 148 1444 12041 9268 3884 110 3774 9854 8790 8744 7618 544 502 453 295 7074 6469 1403 1064 1007 930 758 432
internal_count=29655 10012 158 19643 15036 2995 1551 148 1444 12041 9268 3884 110 3774 9854 8790 8744 7618 544 502 453 295 7074 6469 1403 1064 1007 930 758 432
is_linear=0
shrinkage=0.03


Tree=85
num_leaves=31
num_cat=0
split_feature=12 3 12 13 17 7 3 15 0 8 8 12 10 0 11 14 14 15 12 9 15 9 0 8 13 4 9 11 7 15
split_gain=5.7809 5.01538 7.0222 2.5914 2.37245 3.96126 2.63018 2.48911 2.83756 3.04289 2.39698 2.25798 2.37814 2.18986 4.73523 2.03989 1.96218 2.92755 1.92769 1.89798 2.15835 1.90842 1.74646 1.74309 1.74276 2.02057 1.71405 3.41201 2.97803 3.16729
threshold=0.076978893112213079 0.12335031907541978 0.68573256071017152 0.12934309090270635 0.27967334812645128 0.087356721570878565 0.44779719063506851 3.4175922930736511 1.2832452981534561 1.1595081914547225 1.3334405518982038 0.47757046544674703 1.2758109793993817 1202.4166666666667 5.4701654074033046 0.20083845886899757 0.18455293740530895 2.4414009612931857 0.14660975208166163 0.16630124580199582 1.8688348091416842 0.11693184134323584 1.524103148455646 276.10907635269768 0.045095948447942853 1.0000000180025095e-35 0.046109105025071422 9.2082882665949128 0.164946320943162 2.1383330595080281
decision_type=2 2 2 2 8 8 2 10 10 10 10 2 10 8 2 2 2 8 2 8 10 10 10 10 2 10 8 2 10 8
left_child=19 2 11 4 6 7 23 8 18 -10 -8 13 -13 14 -2 -14 17 -12 -6 20 21 24 -19 -3 -1 -26 27 28 -7 -30
right_child=1 3 -4 -5 5 26 10 -9 9 -11 16 12 15 -15 -16 -17 -18 22 -20 -21 -22 -23 -24 -25 25 -27 -28 -29 29 -31
leaf_value=0.00093323648827323634 -0.00883416759037523 0.00010792694090875027 -0.0047292603512757592 0.00028475510809989848 -0.0015307924032882934 -0.003761790690076375 -0.00012962382648889427 0.00038636524025344404 -0.0024820569527639969 -0.00033368014086449638 -0.0047790258946738325 0.00090158895676224174 -0.0019973444062593893 0.0012061590450327204 0.00031122858224265088 -0.0004441479599745586 0.00021394332842843803 -0.003603865093104779 0.00032480457688468769 0.00010062836741852852 0.00091917460393708289 -0.0010009120086514652 0.0010237329424406757 -0.0013932693258037938 -0.0066324631681643174 0.00031202804486246417 -0.00041601647301879645 0.00032111341457262144 -0.0011785758718642785 0.00055610251488397665
leaf_weight=413 62 5243 40 1360 205 65 258 93 59 43 53 79 40 645 8074 49 53 40 86 1710 4468 61 40 45 47 61 3518 1721 529 459
leaf_count=413 62 5243 40 1360 205 65 258 93 59 43 53 79 40 645 8074 49 53 40 86 1710 4468 61 40 45 47 61 3518 1721 529 459
internal_value=0.000356415 0.000128478 0.000680423 -0.000229255 -0.000364479 -0.000744357 8.47725e-05 -0.00335113 -0.0043934 -0.00867961 -0.00213034 0.000737095 -0.00269822 0.00080312 0.000669534 -0.00603333 -0.00471658 -0.00664925 -0.00286644 0.00112705 0.00141952 -0.000298456 -0.00296296 0.000271129 0.000293104 -0.00308257 -0.000542507 1.51352e-05 -0.00132922 -0.000916077
internal_weight=29619 22859 8989 13870 12510 6778 5732 486 393 102 444 8949 168 8781 8136 89 186 133 291 6760 5050 582 80 5288 521 108 6292 2774 1053 988
internal_count=29619 22859 8989 13870 12510 6778 5732 486 393 102 444 8949 168 8781 8136 89 186 133 291 6760 5050 582 80 5288 521 108 6292 2774 1053 988
is_linear=0
shrinkage=0.03


Tree=86
num_leaves=31
num_cat=0
split_feature=12 15 3 12 7 4 17 9 14 14 19 3 15 3 14 11 14 4 4 9 17 19 14 10 3 4 14 9 11 14
split_gain=5.25666 2.97963 3.43703 2.73481 5.19585 6.97226 3.19075 3.97037 4.49959 3.65987 2.94948 2.77207 3.30589 3.41807 2.53944 3.51832 2.99401 2.7118 2.49463 2.33073 2.32459 2.52322 2.29235 2.11059 2.32808 2.55574 2.10165 4.56456 2.08659 4.41307
threshold=0.3176539135113004 3.3842466058243152 0.0072244008598745012 0.06764199399949701 0.09209156479063331 10054.386035047779 0.41238643372925993 0.24195760830793589 0.26209131748968711 0.051081968121981729 7.5000000000000009 0.28447862667358442 3.2769667020129059 0.37307780696417758 0.6061035485807782 10.487740201990425 0.69250565398909336 606.03892183433334 1987.7811578878686 0.16910520303777629 0.91741527588116323 9.5000000000000018 0.062242415691549473 0.4589208689979688 0.20478392448355395 752.03343415829397 0.18714609236612942 0.12389983757441446 8.6945859514668218 0.15801693441696354
decision_type=2 10 2 2 8 8 8 10 2 2 2 2 10 2 2 2 2 8 8 8 8 2 2 8 2 8 2 10 2 2
left_child=1 3 -3 19 5 6 7 -5 -9 -8 -10 14 20 -14 18 17 -17 -16 -6 -1 26 -22 -4 -21 25 -25 28 -28 -13 -30
right_child=-2 2 22 4 11 -7 9 8 10 -11 -12 12 13 -15 15 16 -18 -19 -20 23 21 -23 -24 24 -26 -27 27 -29 29 -31
leaf_value=0.00085209066050728483 -0.00025972177208905206 -0.0015459694680331872 -0.00012828854728376329 9.0509798448729873e-05 0.00014182950054115074 -0.00343803313204397 -0.0014951827678189404 1.2779131092750231e-05 -0.0013744988779168948 -0.00086842692279496202 -0.0031214086288254899 0.00088777954705063743 1.4998758557930666e-05 -0.0014507670831996348 -0.0019205029200619575 -0.0027025749369353424 0.00083022373992265044 0.00024759748480386151 0.00055422051170771886 0.00044568133664839565 -0.0013203021404129779 -0.0041771214753326498 0.00063020224916734697 -0.0018433826801557494 0.00052379526608021696 -0.00063548131518853523 0.00076101753110405874 -0.0032175771097591242 -0.00044084091949104696 -0.002949539371266032
leaf_weight=3780 4983 44 689 1224 6224 74 59 100 41 368 43 229 47 49 48 77 40 446 3602 460 215 53 4609 45 227 336 978 44 406 67
leaf_count=3780 4983 44 689 1224 6224 74 59 100 41 368 43 229 47 49 48 77 40 446 3602 460 215 53 4609 45 227 336 978 44 406 67
internal_value=0.000384727 0.000564548 0.00119147 0.000390811 0.00018372 -0.00127382 -0.000906863 -0.000217175 -0.00431351 -0.00317523 -0.00938823 0.000405956 -0.000591671 -0.006 0.000605576 -0.00126961 -0.00592373 -0.000157576 0.000722296 0.00100722 -0.000328148 -0.00292193 0.00126137 -0.000230121 -0.00138916 -0.00281937 7.65218e-05 0.000944282 -0.00118634 -0.00232278
internal_weight=29607 24624 5342 19282 14434 1909 1835 1408 184 427 84 12525 2088 96 10437 611 117 494 9826 4848 1992 268 5298 1068 608 381 1724 1022 702 473
internal_count=29607 24624 5342 19282 14434 1909 1835 1408 184 427 84 12525 2088 96 10437 611 117 494 9826 4848 1992 268 5298 1068 608 381 1724 1022 702 473
is_linear=0
shrinkage=0.03


Tree=87
num_leaves=31
num_cat=0
split_feature=12 9 3 12 7 12 9 13 11 16 3 13 19 9 0 9 0 14 16 14 3 17 1 14 3 9 1 14 19 17
split_gain=4.91185 2.96555 3.28021 4.56485 2.65988 4.77155 3.26258 2.96365 6.04777 2.95614 2.70369 2.46201 2.45956 2.13785 2.92215 2.09432 2.351 2.33264 1.99508 1.99369 1.98624 4.25216 2.47572 1.90964 3.52737 2.9864 2.52614 1.98518 1.90906 1.90208
threshold=0.1518828757686608 0.14562432612480156 0.093913000487728229 0.57831614195639125 0.081766971884964637 0.045633444912948747 0.24859255908408068 0.088243876410340955 10.726423191633762 -0.056459560924418652 0.44779719063506851 0.13775238276591134 8.5000000000000018 0.11566372771018558 1.9779231940710171 1.0000000180025095e-35 2.8373453354441951 0.080337800665521222 0.091300625868795185 0.43443889032734823 0.25232190696385504 -0.10382057133583759 0.33971423337607626 0.069160859213716855 0.47954586488210021 0.022091451902066083 0.11726508785332319 0.20244526921368247 8.5000000000000018 0.030853450803781917
decision_type=2 10 2 2 10 2 8 2 2 8 2 2 2 8 8 8 10 2 10 2 2 10 8 2 2 10 10 2 2 10
left_child=4 2 3 11 5 -1 10 -8 12 20 19 15 -9 23 -15 17 -17 -2 -12 -7 22 -22 -6 26 -25 -26 -4 -27 -20 -21
right_child=1 -3 13 -5 9 6 7 8 -10 -11 18 -13 -14 14 -16 16 -18 -19 28 29 21 -23 -24 24 25 27 -28 -29 -30 -31
leaf_value=0.00060636695168647583 -0.0037714332841428371 0.00042635026508092811 0.00047012003798946995 -0.004572493705677045 0.00025422350943404473 0.00020736600799122471 -0.00064206263931733225 -0.0015664329961852653 0.00078682038845033118 0.0005643582339506574 0.0019263826418369221 -0.0029882045224944851 -0.0020228336166556596 -0.0004345075579652229 -0.0019184600469267237 0.00060736106950859934 1.9203242416564696e-05 -0.00062207322944432888 -0.0012386230526648836 -0.0011108269007145267 0.0013519720579554257 -0.0024313187455836348 -0.0029492493459196867 -0.00015152175410040254 -0.004009501680370983 -0.0026662879521857207 -0.00047384125838390733 0.00022718245094892505 -0.0020050892179906987 -5.0774495816309368e-05
leaf_weight=2307 40 1565 1264 41 472 1074 204 52 54 9004 40 40 42 636 148 2166 1597 107 61 175 44 45 60 7558 64 65 160 115 44 349
leaf_count=2307 40 1565 1264 41 472 1074 204 52 54 9004 40 40 42 636 148 2166 1597 107 61 175 44 45 60 7558 64 65 160 115 44 349
internal_value=0.000402751 3.58452e-05 -0.000102628 0.000624499 0.00080988 0.000198955 -0.000837309 -0.00346742 -0.00668456 0.00108924 -0.000304472 0.000728929 -0.0112421 -0.000392568 -0.00189554 0.000805421 0.00094288 -0.00269595 -0.00421233 5.25329e-05 -0.000911575 -0.00503333 -0.000213884 -0.000264658 -0.000449058 -0.00399184 0.000745263 -0.00198895 -0.00636792 -0.00146286
internal_weight=29593 15566 14001 3991 14027 4402 2095 352 148 9625 1743 3950 94 10010 784 3910 3763 147 145 1598 621 89 532 9226 7802 244 1424 180 105 524
internal_count=29593 15566 14001 3991 14027 4402 2095 352 148 9625 1743 3950 94 10010 784 3910 3763 147 145 1598 621 89 532 9226 7802 244 1424 180 105 524
is_linear=0
shrinkage=0.03


Tree=88
num_leaves=31
num_cat=0
split_feature=20 11 8 0 11 17 20 16 8 20 1 13 1 15 11 1 14 15 0 20 8 16 7 8 8 0 16 15 8 9
split_gain=4.94238 3.10389 2.89479 2.75766 2.76949 4.74855 2.82518 3.2721 2.68203 3.23764 4.36546 2.81417 3.61051 3.11685 2.61044 2.14769 2.83609 3.11662 2.69591 2.31528 2.02589 2.00366 1.88763 5.9464 1.7821 4.32696 1.76995 1.76746 2.3414 2.11366
threshold=0.10296310373030872 9.4066059236379669 176.4355753569518 95.446153846153848 5.4701654074033046 -0.75495838105869606 0.87178055766621132 1.400734010967877 1.1216701199597086 -0.0079832735383833491 0.20603395997574295 0.045095948447942853 0.22295321637426904 2.249904835165133 8.9350478950024925 0.098199935711989719 0.22344619519823836 1.8688348091416842 1.2586144683345319 0.5517502486709237 1.9493764559024467 0.16407363941193256 0.10504692121834845 1.3565396041831315 20.65752751664624 2.2666072860717121 0.10453981454715318 2.602003343538398 7.7954471304838604 0.025375687911570324
decision_type=2 2 10 8 2 10 2 10 10 2 8 2 8 10 2 10 2 8 10 2 10 10 8 10 10 10 10 8 8 8
left_child=8 3 15 4 5 -2 7 22 9 -1 -11 12 -12 -13 -5 19 24 20 -19 -3 -18 -16 23 26 25 -17 -6 28 -24 -30
right_child=1 2 -4 14 6 -7 -8 -9 -10 10 11 13 -14 -15 21 16 17 18 -20 -21 -22 -23 27 -25 -26 -27 -28 -29 29 -31
leaf_value=0.00081826550820457845 -0.0068899612775028436 0.00020627757600060341 0.00059584683402294221 0.00078360268683877368 0.00050201624601520581 -0.001608321679253294 -0.0031888879360367434 -0.003838542522113483 0.00070258718716447897 0.00012169428198387565 -0.0011959186629303519 -0.005973347319087571 0.00093220198730767693 -0.00089134155575805105 0.0011125184090688188 -0.0004507589466288029 -0.0011771476496282647 -0.00041459212229985734 0.00032552594817996831 -0.0033708600548917407 0.00018779562207896022 -0.001217349539861898 -0.00068926839641667264 -0.004226112734682215 0.00034792440734039481 -0.0022113811628790715 -0.00080061865144254976 0.00038316718392355809 -0.00039962549457199623 0.00065237765639096555
leaf_weight=1032 48 9267 809 867 134 104 42 43 6602 1122 58 44 191 211 54 1023 52 453 1844 61 40 70 2078 40 287 98 300 1264 657 832
leaf_count=1032 48 9267 809 867 134 104 42 43 6602 1122 58 44 191 211 54 1023 52 453 1844 61 40 70 2078 40 287 98 300 1264 657 832
internal_value=0.000374092 0.000113885 0.000366846 -0.00042562 -0.000686271 -0.00466667 -0.000573177 -0.000511497 0.000949142 0.000144415 -0.000689613 -0.00300594 -0.000732 -0.00521484 0.00103125 0.000259409 -0.000342022 0.000287448 0.000505222 0.000504234 -0.00509677 -0.003024 -0.000443837 -0.00224842 -0.00140951 -0.0019492 -0.00121379 -0.000266349 -0.000607903 0.0003
internal_weight=29727 20467 13934 6533 5542 152 5390 5348 9260 2658 1626 504 249 255 991 13125 3797 2389 2297 9328 92 124 5305 474 1408 1121 434 4831 3567 1489
internal_count=29727 20467 13934 6533 5542 152 5390 5348 9260 2658 1626 504 249 255 991 13125 3797 2389 2297 9328 92 124 5305 474 1408 1121 434 4831 3567 1489
is_linear=0
shrinkage=0.03


Tree=89
num_leaves=31
num_cat=0
split_feature=12 0 11 14 3 0 3 10 3 1 4 13 11 7 0 7 14 13 15 15 7 8 13 11 15 7 3 13 15 1
split_gain=5.11127 4.35882 4.01827 3.82386 3.43447 2.79156 3.53321 2.65959 3.46573 2.62361 2.35938 2.66162 2.27647 2.17514 1.71276 2.82342 3.64347 1.83248 1.70704 2.12564 1.84853 2.71116 4.95549 3.11533 3.56221 5.05989 2.9303 2.92466 2.57773 2.43715
threshold=0.45382974989356978 0.97683961044322387 8.3514926729572014 0.75085549114344441 0.13549860606487069 2.2074037802280944 0.046442287688254556 1.8870208370660764 0.43713272138305059 1.0000000180025095e-35 6618.5212644870699 0.097778787307373563 9.8352890079866793 -0.012797667191165063 1.4483230949024593 0.044996701473583034 0.25284066456771392 0.051190659286648274 4.6774800307930642 3.6505739029280164 0.30510516127582815 2.2026915547533941 0.14967849615308276 8.6945859514668218 3.1567740231385479 0.18266242530393309 0.46407164394418116 0.12482561407524835 2.8029010331479989 0.098199935711989719
decision_type=2 10 2 2 2 8 2 10 2 8 10 2 2 10 10 10 2 2 10 10 10 10 2 2 8 10 2 2 10 8
left_child=1 -1 3 7 14 -2 -7 -3 -9 -5 13 12 -12 -6 15 16 -4 -17 19 20 21 29 23 -23 25 27 -27 28 -25 -15
right_child=5 2 4 9 10 6 -8 8 -10 -11 11 -13 -14 18 -16 17 -18 -19 -20 -21 -22 22 -24 24 -26 26 -28 -29 -30 -31
leaf_value=0.0012285846751586369 -0.0034029803053589268 -8.6068124843007178e-05 0.00041339095040916556 -0.002998314176411488 -0.0015205877528762888 -0.0046023855426117373 -0.0002543275707227091 -0.00073684183961449849 -0.0038439371881299942 -0.00043339304367851812 -0.0010123295263135886 -0.0030708776900705329 7.7515640022305681e-05 0.0002757539223305907 0.00020445802947056276 0.00095372301007495407 -0.0012989520913304789 0.0004069197905941354 -0.00095598808334059512 0.00047413411153353683 0.00066787606401972125 0.00071683257240838321 0.00088201648957015894 -0.0017541675790189585 0.00030307670125851425 -0.0006193681532507178 -0.0035763740834849262 -0.00092432472500923008 -0.0029294546575814179 -0.00012476276686621958
leaf_weight=2324 166 2000 59 49 131 40 1433 208 41 42 61 43 176 4546 5903 2003 70 2319 40 1485 1310 240 367 117 365 748 43 94 77 3018
leaf_count=2324 166 2000 59 49 131 40 1433 208 41 42 61 43 176 4546 5903 2003 70 2319 40 1485 1310 240 367 117 365 748 43 94 77 3018
internal_value=0.000381924 0.000477654 0.000364494 -0.000820162 0.000483934 -0.00124573 -0.000828358 -0.000574667 -0.003492 -0.00681522 0.000156508 -0.00256228 -0.00129832 0.000217215 0.000890584 0.00133491 -0.00302308 0.00146565 0.000257811 0.000277979 0.000133169 -1.09192e-05 -0.00097807 -0.00166647 -0.00219239 -0.00305833 -0.00181439 -0.00645675 -0.00855385 0.000251421
internal_weight=29518 27879 25555 2340 23215 1639 1473 2249 249 91 12861 280 237 12581 10354 4451 129 4322 12450 12410 10925 9615 2051 1684 1444 1079 791 288 194 7564
internal_count=29518 27879 25555 2340 23215 1639 1473 2249 249 91 12861 280 237 12581 10354 4451 129 4322 12450 12410 10925 9615 2051 1684 1444 1079 791 288 194 7564
is_linear=0
shrinkage=0.03


Tree=90
num_leaves=31
num_cat=0
split_feature=12 6 12 15 14 9 8 14 19 15 14 4 15 10 3 2 3 12 12 2 9 8 4 8 16 9 9 10 14 8
split_gain=4.45141 2.55693 2.53614 2.50384 3.24142 3.2422 4.17723 2.86576 2.73506 2.71879 4.52984 2.31308 2.78719 2.26319 2.71332 2.24804 2.17164 3.72974 2.104 2.70877 2.48453 3.13029 4.92318 5.53637 2.23016 1.93881 1.63951 1.59704 1.61777 1.94651
threshold=0.18961518457982687 6.3584536575114683 0.53148572562937491 3.2769667020129059 0.3016847105438733 0.12506979891835779 1.1629638694748345 0.40744077389045708 8.5000000000000018 2.602003343538398 0.34879238607819346 1337.9669831055492 2.0126758453675748 2.5843497266125168 0.14429102208838743 4.1134699255607723 0.050210315314321165 0.49460441770749602 0.068921770466097612 6.5381915249571536 0.052989570002880237 1.3515753862960589 404.45882070770995 1.4521311360827966 0.15947893829381535 0.13873673128881892 0.14329496817999279 0.85102415878501037 0.180032785398999 1.7987727297031459
decision_type=2 2 2 10 2 8 10 2 2 8 2 8 8 10 2 8 2 2 2 8 10 10 10 10 10 10 10 10 2 10
left_child=3 15 -3 4 27 18 7 8 -7 10 -8 -9 -13 -5 -15 -2 17 -17 -6 -20 -21 -22 -23 24 -24 -12 -18 -1 29 -29
right_child=1 2 -4 13 5 6 9 11 -10 -11 25 12 -14 14 -16 16 26 -19 19 20 21 22 23 -25 -26 -27 -28 28 -30 -31
leaf_value=0.00075252613271542762 -0.00065595191451168068 -0.0011199781140799154 -0.0082508465796330786 0.00049669687130881658 0.00061226727294460409 -0.00092665872390420353 -0.0027156460109701254 3.9672890869484162e-05 -0.0021857254493621498 0.00051826757426870246 -0.0026883031331728772 -0.0023117900290345024 -0.0011995857486855595 -0.0012497731756811582 0.00036140214506747429 0.00070253574036792713 -9.3370488530057074e-05 -0.0044511971402152843 -0.00078327319717774345 0.00046958306614604419 0.0001153720823477013 -0.0011270703393928768 -0.00044942752557846299 0.00029287222003175411 -0.0016132505815289332 0.00070802911695190074 0.00033448939800286763 0.00026029565761287026 0.0004388071221761514 -0.00056963681169159642
leaf_weight=3255 72 196 56 5059 1263 51 47 201 40 526 48 48 281 56 85 1582 9437 41 59 707 771 51 81 314 44 141 871 1665 1674 977
leaf_count=3255 72 196 56 5059 1263 51 47 201 40 526 48 48 281 56 85 1582 9437 41 59 707 771 51 81 314 44 141 871 1665 1674 977
internal_value=0.000363535 -7.46572e-05 -0.00305929 0.000671367 0.000437076 -0.00018421 -0.00140246 -0.00322669 -0.00811956 8.65008e-05 -0.00258228 -0.00237288 -0.00391818 0.00122284 -0.00251408 -1.1746e-05 2.03655e-05 0.00104002 0.000328168 -0.00027071 -7.92279e-05 -0.000877179 -0.00274949 -0.00171136 -0.00702381 -0.000489474 -0.000140266 0.000820523 0.000441974 -2.04312e-05
internal_weight=29699 12255 252 17444 12244 4673 1383 621 91 762 236 530 329 5200 141 12003 11931 1623 3290 2027 1968 1261 490 439 125 189 10308 7571 4316 2642
internal_count=29699 12255 252 17444 12244 4673 1383 621 91 762 236 530 329 5200 141 12003 11931 1623 3290 2027 1968 1261 490 439 125 189 10308 7571 4316 2642
is_linear=0
shrinkage=0.03


Tree=91
num_leaves=31
num_cat=0
split_feature=20 3 20 0 13 16 4 10 14 20 14 9 14 15 3 13 13 16 16 16 17 3 15 0 14 4 4 17 14 4
split_gain=4.87248 3.93217 5.88243 2.42266 2.37857 2.45861 2.19454 2.05446 2.11581 2.5083 2.90839 2.02598 3.838 3.3288 3.26642 3.1818 3.91309 2.95239 2.74939 3.42649 4.50915 2.93933 2.21178 2.16524 3.73772 2.78919 2.50171 2.16446 2.11555 2.07521
threshold=0.08055306446836942 0.13549860606487069 0.57831614195639125 1.4483230949024593 0.054395805305041602 -0.010728363144549086 6618.5212644870699 0.96605768099247646 0.61135725184259637 0.42637528195719471 0.089219491341129276 0.064462498758927206 0.083738801393164586 2.740319461670996 0.37307780696417758 0.039148016386892422 0.14802566799869979 0.22273022688721925 0.11240167819324855 0.21215611310054852 0.39731384246912455 0.23466014659526008 3.0201273556387074 1.5842906634386951 0.18589582675654745 2906.9484971770285 3407.7938836662083 0.50318410561671001 0.064510087291076601 877.53861088984229
decision_type=2 2 2 10 2 8 10 10 2 2 2 8 2 8 2 2 2 10 10 10 10 2 10 8 2 8 8 10 2 10
left_child=-1 2 3 4 -2 -6 11 -5 9 -9 -11 13 18 14 28 17 23 -14 21 20 22 -13 -20 25 27 -17 -27 -25 -3 -21
right_child=1 6 -4 7 5 -7 -8 8 -10 10 -12 12 15 -15 -16 16 -18 -19 19 29 -22 -23 -24 24 -26 26 -28 -29 -30 -31
leaf_value=0.00055897087791413071 0.00081887555348791094 0.0010686958731306703 -0.0041884173582826577 0.00041212460839097295 -0.00051231815180727638 0.00028837161529676682 -0.00075844860819605504 7.04050492743045e-05 -0.00045842026120516364 -0.0018530505322996048 -0.00035765286181317353 -0.0019164752696884276 0.00056807787292236 0.00037170454836411653 -0.0015141133964685113 -0.00023224943004158515 0.00092234943109606514 -0.00039785424112853441 0.0011109995309309894 -0.0015158418148474443 -0.0010819234489110826 0.0011507685448755086 -0.0012061076381380592 -0.0038244356554047064 -0.00074440115189823054 -0.0027414708342997007 -0.00061379827169536719 -0.0020312134679148415 -0.0001810529108860023 -6.3453553742874596e-06
leaf_weight=7190 2076 364 45 3121 106 1313 304 3034 185 44 232 62 1927 3258 727 1312 245 1183 57 134 81 168 80 55 219 40 55 48 1751 261
leaf_count=7190 2076 364 45 3121 106 1313 304 3034 185 44 232 62 1927 3258 727 1312 245 1183 57 134 81 168 80 55 219 40 55 48 1751 261
internal_value=0.000375733 0.000158351 0.000595452 0.000644086 0.00128289 0.000335916 -0.00020167 0.000306483 -0.000193078 -1.81213e-05 -0.0027509 -0.000137928 -0.000532895 0.000245861 -0.000504397 -0.000221829 -0.00116354 0.000376085 -0.0024064 -0.0034544 -0.00646575 0.00038961 -0.0031087 -0.00166647 -0.00388235 -0.00115696 -0.00609375 -0.00856731 9.21551e-05 -0.0017803
internal_weight=29677 22487 10156 10111 3495 1419 12331 6616 3495 3310 276 12027 5927 6100 2842 5084 1974 3110 843 613 218 230 137 1729 322 1407 95 103 2115 395
internal_count=29677 22487 10156 10111 3495 1419 12331 6616 3495 3310 276 12027 5927 6100 2842 5084 1974 3110 843 613 218 230 137 1729 322 1407 95 103 2115 395
is_linear=0
shrinkage=0.03


Tree=92
num_leaves=31
num_cat=0
split_feature=12 3 12 13 2 9 13 15 10 15 14 15 14 14 8 12 9 14 14 12 17 3 9 13 15 14 15 9 8 14
split_gain=4.56507 4.23483 4.78761 2.65601 3.5622 2.65441 2.34611 5.65447 3.31689 2.50598 3.53847 3.40076 4.19702 2.24113 2.19072 3.6932 3.02701 3.75401 3.85198 2.21476 2.1768 2.82444 2.40202 2.75531 2.53702 2.65065 2.51247 2.00234 2.2403 2.21323
threshold=0.10296310373030872 0.10388772922868796 0.57831614195639125 0.13394302834471808 6.534849658527933 0.030654295777607515 0.089709933384224352 2.0126758453675748 0.89940971468032527 3.1132683346437333 0.15801693441696354 2.6735537653587347 0.23393309522416986 0.045803942539447591 1.1216701199597086 -0.0079832735383833491 0.24859255908408068 0.2492299096779412 0.4239823935611558 0.035769699974411047 1.0379166167518183 0.44779719063506851 0.0070793987473236871 0.0069847246356523575 2.1383330595080281 0.17552813350101829 2.524928003624769 0.046109105025071422 2.2026915547533941 0.65390239877165712
decision_type=2 2 2 2 8 10 2 10 10 10 2 10 2 2 10 2 8 2 2 2 8 2 10 2 8 2 8 10 8 2
left_child=14 2 13 4 5 -3 20 8 -8 10 -9 -12 -13 -2 15 -1 -17 -18 -19 -20 21 27 23 24 25 -22 -25 28 -6 -29
right_child=1 3 -4 -5 6 -7 7 9 -10 -11 11 12 -14 -15 -16 16 17 18 19 -21 22 -23 -24 26 -26 -27 -28 29 -30 -31
leaf_value=0.00097355988084638241 -0.00065072803632870864 -0.0015977848356861029 -0.0041022191384328718 0.00027137152110548912 0.00099870595255506229 -0.00025279659815957982 -0.0011922274171093439 0.00038991055530634603 -0.006847834520944826 0.00032867089986857287 -5.1384182282362864e-05 -0.0018828627301646242 -0.00043458748507621022 0.00036095668490689677 0.00065132416895365196 -6.7911218385533907e-05 0.0011831278557850049 -0.0013326091570721472 0.00088801838450664958 -0.0022858073725930271 -0.0014777928233140397 -0.0010900688445230245 -0.00017292963358026334 -0.00093662139000415658 0.00066061170886979638 -0.0020988311774996619 -0.0063343060413814213 1.042532726292199e-05 9.0210537845620605e-06 -0.0014455443674520091
leaf_weight=1030 330 59 40 1189 1444 153 72 213 74 582 171 79 159 6055 6634 1358 69 52 49 76 151 659 1773 42 176 40 40 5166 1415 284
leaf_count=1030 330 59 40 1189 1444 153 72 213 74 582 171 79 159 6055 6634 1358 69 52 49 76 151 659 1773 42 176 40 40 5166 1415 284
internal_value=0.000321309 7.01135e-05 0.000707283 -0.000223569 -0.000350035 -0.00419718 -0.000284666 -0.00146558 -0.00702041 -0.000786722 -0.00210915 -0.00373902 -0.00605021 0.000772784 0.000873233 0.000141177 -0.000758878 -0.00381376 -0.00611798 -0.00321429 -0.000142078 6.62282e-05 -0.000982456 -0.00294 -0.00181793 -0.00420312 -0.00787952 0.000216246 0.000859091 -0.000121079
internal_weight=29634 20366 6425 13941 12752 212 12540 1350 146 1204 622 409 238 6385 9268 2634 1604 246 177 125 11190 8968 2222 449 367 191 82 8309 2859 5450
internal_count=29634 20366 6425 13941 12752 212 12540 1350 146 1204 622 409 238 6385 9268 2634 1604 246 177 125 11190 8968 2222 449 367 191 82 8309 2859 5450
is_linear=0
shrinkage=0.03


Tree=93
num_leaves=31
num_cat=0
split_feature=12 3 15 12 15 6 16 11 3 7 4 11 4 16 17 12 9 15 8 9 19 4 2 6 2 1 9 8 8 7
split_gain=4.6523 3.0741 3.9072 4.07623 2.75709 2.88839 2.6836 2.59858 2.47705 2.39496 8.09159 3.65785 2.16151 3.92214 3.18235 2.37524 2.05613 2.03958 1.97549 2.13463 1.91533 1.71627 2.05477 1.71137 1.69664 2.45846 1.87928 1.73147 2.35674 2.70362
threshold=0.47757046544674703 0.13469225896777628 2.1383330595080281 -0.017795958552420995 1.8688348091416842 4.9482604761904776 0.37956675316759941 10.714306647516555 0.27019011885181682 0.075349782022181247 1345.9776410465358 9.2217747447148941 463.90619655245547 -0.038127211504394194 0.62762380720270172 0.33070954909835321 0.17282509774396831 3.3497501700808394 1.9493764559024467 0.0055351307189542504 8.5000000000000018 2861.5397356906492 3.389610860756695 2.2576434266327401 5.6626112916929676 0.034683239775461068 0.043878594015436569 1.7617591874030289 13.70259706467983 0.29246070693677256
decision_type=2 2 10 2 10 2 10 2 2 8 10 2 8 8 10 2 8 8 10 10 2 10 10 2 8 10 8 8 10 10
left_child=1 17 7 -4 16 6 -6 9 -8 10 -3 -12 14 -14 -11 23 -2 -1 -16 -20 24 -19 -23 -15 25 -5 -26 -28 29 -29
right_child=4 2 3 20 5 -7 8 -9 -10 12 11 -13 13 15 18 -17 -18 21 19 -21 -22 22 -24 -25 26 -27 27 28 -30 -31
leaf_value=0.0002498073761453673 2.8965768064826934e-05 -0.00021020966857354103 0.0015261395216999208 -0.00060209486910883195 -0.00030735972792874549 -0.0065549288847985042 -0.0045941959704324962 -0.0030531830803750687 -0.0014636004424190641 -0.00020102286012868716 -0.0010312977342522268 -0.0019839787469276963 -0.0044797406675656558 0.00077043555891485112 -0.00090760733557057388 -0.00077519792920376746 -0.0048697475419978726 0.00057930650159438281 -0.0066656547633521081 -0.0025615277184470359 -8.339228443984565e-05 -0.0024516711629753518 0.0018979975931543143 -0.00090709122196723827 0.00048570430468230537 0.00010010526219607531 0.00022150306796668234 -0.00083475566863814817 0.00032762674105055867 0.0011948983322525408
leaf_weight=8924 735 338 992 52 272 57 78 69 73 430 49 58 43 1215 63 556 48 3122 57 64 4250 73 45 189 2368 90 3648 602 787 200
leaf_count=8924 735 338 992 52 272 57 78 69 73 430 49 58 43 1215 63 556 48 3122 57 64 4250 73 45 189 2368 90 3648 602 787 200
internal_value=0.000387539 0.000467103 0.000195397 0.000424711 -0.0013932 -0.00318087 -0.00231368 -0.000755747 -0.00550658 -0.000624877 -0.00265695 -0.00980556 -0.000278457 0.000199102 -0.00183415 0.000397756 -0.000294643 0.000827127 -0.00512432 -0.00735246 0.000271795 0.00147177 -0.00206723 0.0010548 0.00055253 -0.00268531 0.000613332 0.000296105 -0.000530189 -0.00167372
internal_weight=29547 28284 16120 12989 1263 480 423 3131 151 3062 445 107 2617 2003 614 1960 783 12164 184 121 11997 3240 118 1404 7747 142 7605 5237 1589 802
internal_count=29547 28284 16120 12989 1263 480 423 3131 151 3062 445 107 2617 2003 614 1960 783 12164 184 121 11997 3240 118 1404 7747 142 7605 5237 1589 802
is_linear=0
shrinkage=0.03


Tree=94
num_leaves=31
num_cat=0
split_feature=20 3 20 11 11 9 10 15 8 9 16 11 4 16 17 9 20 6 2 20 15 6 1 9 4 8 4 9 16 8
split_gain=3.59176 3.33125 4.11017 2.4668 2.77297 2.89451 2.38401 2.06505 2.54907 2.34175 2.00582 2.98831 3.31002 2.54514 4.17948 2.35896 2.16514 1.93977 1.93502 1.85665 1.7176 2.98768 3.73244 1.74531 2.80642 2.16055 4.0561 2.69993 1.87673 1.62
threshold=0.10667875295301955 0.10388772922868796 0.57831614195639125 7.7664168082465954 7.5519747514560569 0.068347677317233457 2.98021863618392 3.4175922930736511 39.36968258216659 0.026885920314916479 0.23063897494057395 10.601361045763651 2906.9484971770285 -0.017466807453021791 0.78066546172856788 1.0000000180025095e-35 0.46059208239088628 -0.67439096346589078 6.5930415193227185 0.23661580992455458 3.2384861814448418 3.1091593966288071 0.031754032258064509 0.046109105025071422 463.90619655245547 4.0904908775751396 335.13244576356595 0.015887273738522004 -0.010728363144549086 1.4385176556406216
decision_type=2 2 2 2 2 8 10 10 8 8 8 2 8 10 10 10 2 2 10 2 10 2 10 8 8 10 10 10 8 10
left_child=3 2 6 4 -1 -6 10 8 20 -10 13 -12 -13 14 -2 -15 18 -11 -17 -14 23 -22 -23 24 25 26 27 -3 -26 -25
right_child=1 7 -4 -5 5 -7 -8 -9 9 17 11 12 19 15 -16 16 -18 -19 -20 -21 21 22 -24 29 28 -27 -28 -29 -30 -31
leaf_value=-5.7161942046314742e-06 5.1956201642418844e-06 0.00012061144891810577 -0.003913696774223061 0.00051650768431855086 -0.00061938561132604769 -0.0014772889613661195 -0.0014254089667400088 0.00024372416495130474 -0.00030352390477351033 -0.00082497068824664453 0.0001887609014040444 0.00052073798872152865 -0.0023250462519260476 -0.0023488334014360526 -0.0043808017855951767 0.00058624690368756359 -0.00072066590727064056 0.00075121875419084476 -0.00067631607906785008 -0.00085382066056450797 -0.00026967939738925881 -0.0017421509328407595 -0.00024213784813207999 -5.5347786806860967e-05 -0.0021203435101014934 4.6965066514599196e-05 -0.0020344576389382031 -0.0054448356433165071 0.00033555933997426638 -0.00058815768512476894
leaf_weight=774 437 161 40 8725 64 41 69 2351 702 42 1692 151 45 74 41 3613 58 1131 80 72 796 44 46 2256 63 235 49 56 2708 2902
leaf_count=774 437 161 40 8725 64 41 69 2351 702 42 1692 151 45 74 41 3613 58 1131 80 72 796 44 46 2256 63 235 49 56 2708 2902
internal_value=0.000352451 0.000122621 0.000688216 0.000828943 -0.000685227 -0.00523585 0.000749408 -0.000143543 -0.000313349 0.000695629 0.000810824 1.52984e-05 -0.00292193 0.00117309 -0.000889353 0.001431 0.00153598 0.00151533 0.00162669 -0.00668644 -0.000516475 -0.00177227 -0.00692308 -0.000384296 0.000157654 -0.00190637 -0.00375281 -0.00196789 0.000531385 -0.000728048
internal_weight=29518 19914 6372 9604 879 105 6332 13542 11191 1875 6263 1960 268 4303 478 3825 3751 1173 3693 117 9316 886 90 8430 3272 501 266 217 2771 5158
internal_count=29518 19914 6372 9604 879 105 6332 13542 11191 1875 6263 1960 268 4303 478 3825 3751 1173 3693 117 9316 886 90 8430 3272 501 266 217 2771 5158
is_linear=0
shrinkage=0.03


Tree=95
num_leaves=31
num_cat=0
split_feature=0 11 16 14 15 3 7 11 16 4 10 9 10 19 7 12 17 11 16 15 17 17 9 4 7 4 0 11 11 11
split_gain=3.89976 4.59712 3.79973 2.96118 4.27086 3.69748 3.12539 3.78931 3.27109 2.64443 2.54495 2.34707 4.01317 2.78222 2.09097 2.47088 2.45924 2.32532 2.07009 2.40733 2.60035 1.96817 2.30519 1.9627 4.35423 2.93634 5.17321 3.6875 3.64651 3.41022
threshold=0.96462326206540805 9.4066059236379669 0.36631070022541584 0.6061035485807782 2.740319461670996 0.0031215910584818239 0.088319086034411548 10.579755578206015 0.33040847953189473 69.623102723307426 0.71844945528757609 0.22418645358464231 1.129555252616657 10.500000000000002 0.044996701473583034 0.29886410963556292 -0.008693609538709136 10.681664978062582 0.73534781515564784 2.602003343538398 0.73261819416092355 0.31746914685671052 0.091102451778463989 1337.9669831055492 0.084357023839020592 1745.6437849192882 1.4313573208849726 9.0792631067445821 9.2383445636581261 6.7159890799278301
decision_type=10 2 8 2 8 2 10 2 10 8 8 8 8 2 10 2 8 2 10 8 10 10 8 8 10 8 10 2 2 2
left_child=-1 2 23 10 6 -6 -5 8 -8 -4 14 -12 -13 -14 -3 -16 -17 -18 19 20 -11 22 -21 -2 -25 26 -26 -28 -29 -27
right_child=1 3 9 4 5 -7 7 -9 -10 18 11 12 13 -15 15 16 17 -19 -20 21 -22 -23 -24 24 25 29 27 28 -30 -31
leaf_value=0.00087724594647881234 8.3302922720276986e-05 -0.00016380806052820681 -0.0091519212951225275 -0.0022601323412746346 -0.0030446188424920425 0.00021195343384543253 0.00021062484464152463 -0.0030496521682921796 -0.0024310926691884756 -0.00048274051101427181 0.0001290771053660366 0.00039996973880203785 -0.00051415671484963965 -0.0021870973939259858 0.00054760287179923101 -0.0028180239396978792 0.00078153137405724516 -0.00086372806032018593 0.00052363596718844028 -4.2238673007619785e-05 -0.00168216442031096 0.00049816436179925499 -0.0052040411173711887 -0.0019720163516214607 0.0014753843553513678 -0.0041433522032790077 -0.00011418554777065497 -0.0055811236524270285 -0.0013603554168097639 0.00065578633243448781
leaf_weight=2450 4491 500 50 51 41 914 243 43 77 611 10965 269 177 55 5385 60 385 122 386 113 693 277 45 204 142 43 69 40 59 665
leaf_count=2450 4491 500 50 51 41 914 243 43 77 611 10965 269 177 55 5385 60 385 122 386 113 693 277 45 204 142 43 69 40 59 665
internal_value=0.000298218 0.000194841 -0.000415262 0.00044437 -0.0009 0.000203975 -0.00344096 -0.0024478 -0.00130841 -0.00148208 0.000547129 0.000278887 -0.00172709 -0.00460944 0.00102371 0.00118025 -0.000702465 -1.77164e-05 -0.00131938 -0.00176034 -0.0024046 0.000172018 -0.00249057 -8.92533e-06 -0.00107441 -0.000270854 -0.00270096 -0.00624852 -0.00993 0.000795487
internal_weight=29625 27175 7888 19287 1369 955 414 363 320 2175 17918 11466 501 232 6452 5952 567 507 2125 1739 1304 435 158 5713 1222 1018 310 168 99 708
internal_count=29625 27175 7888 19287 1369 955 414 363 320 2175 17918 11466 501 232 6452 5952 567 507 2125 1739 1304 435 158 5713 1222 1018 310 168 99 708
is_linear=0
shrinkage=0.03


Tree=96
num_leaves=31
num_cat=0
split_feature=0 12 8 1 13 14 11 15 10 11 14 9 4 4 4 14 9 0 8 6 11 9 9 9 3 14 11 12 9 4
split_gain=4.58767 4.38732 4.38031 4.67239 4.15518 3.17421 3.03902 2.73708 2.70306 2.5084 4.61169 5.78774 5.4293 2.42653 2.42098 3.1582 4.87813 3.32479 4.22022 3.18314 2.3916 2.38242 2.13971 2.07092 1.94872 5.51228 1.9356 1.66328 1.57983 2.0555
threshold=0.98267332164610044 0.24975227271246239 1.1216701199597086 0.13363095238095238 0.044565179699377448 0.6061035485807782 5.9121498248393989 3.3842466058243152 0.85102415878501037 10.049771655454187 0.69250565398909336 0.12389983757441446 2906.9484971770285 69.623102723307426 2046.6794586001231 0.20965762429898446 0.068347677317233457 1.5311531278433128 3.3196755453097571 1.3204949099189607 10.159698305869727 0.090170857719337222 0.13352993484978967 0.26878145870449616 0.41089859168072218 0.10102936720107132 7.9983353394977543 0.019071218627901846 0.13643438801823898 578.85432078709232
decision_type=10 2 10 8 2 2 2 8 10 2 2 10 10 8 10 2 10 10 10 2 2 8 10 10 2 2 2 2 10 10
left_child=-1 2 3 -2 21 6 -4 9 -8 22 11 12 -11 -3 15 16 24 28 19 -19 27 -5 26 -17 -10 -26 -7 -6 29 -18
right_child=1 13 5 4 20 7 8 -9 14 10 -12 -13 -14 -15 -16 23 17 18 -20 -21 -22 -23 -24 -25 25 -27 -28 -29 -30 -31
leaf_value=0.00088645404522105418 0.00011749950109000316 -0.014837418018344036 -0.0048111742795467561 -0.0017258358556885417 -0.00044190384432332539 -0.00090298642688108738 0.000501791827474588 0.00043015066033456987 0.00030388488461058257 -0.0033187815172974699 0.00065616022361446433 0.00059056700956790133 -0.0013977331293804835 -0.00015823942725530697 0.00049947109199689743 0.00035936260493037847 0.00042557154892689609 -0.001999706248364055 -0.00039854514992043629 -0.0016842785891122735 -0.00037332590160662642 6.7277817613053243e-05 -0.0015395613261228081 -0.0018736638921352405 0.0011446300184037503 -0.0027938115151616744 0.00048157349062111324 -0.0017826673792171279 0.00019714223681538133 -0.00078792601204988929
leaf_weight=2844 1322 42 44 62 41 51 6916 398 1850 79 118 69 72 7175 2284 3048 151 74 140 61 233 570 67 57 57 50 382 219 402 769
leaf_count=2844 1322 42 44 62 41 51 6916 398 1850 79 118 69 72 7175 2284 3048 151 74 140 61 233 570 67 57 57 50 382 219 402 769
internal_value=0.000324508 0.000202918 0.000435901 -0.000751225 -0.0021714 0.000605426 0.000719253 -0.000858529 0.000741299 -0.00183075 -0.00382301 -0.00638009 -0.00965132 -0.000429343 0.000396802 0.000107658 -0.000502953 -0.00173279 -0.00472826 -0.00849265 -0.00423279 -0.000559242 -0.000479042 0.000806504 0.000501022 -0.00341667 0.000297235 -0.0062069 -0.00110658 -0.00179153
internal_weight=29647 26803 19586 2447 1125 17139 15903 1236 15859 838 338 220 151 7217 8943 6659 3554 1597 275 135 493 632 500 3105 1957 107 433 260 1322 920
internal_count=29647 26803 19586 2447 1125 17139 15903 1236 15859 838 338 220 151 7217 8943 6659 3554 1597 275 135 493 632 500 3105 1957 107 433 260 1322 920
is_linear=0
shrinkage=0.03


Tree=97
num_leaves=31
num_cat=0
split_feature=12 14 15 15 16 13 8 14 13 8 11 9 8 13 8 15 12 4 17 4 11 17 3 7 4 5 12 17 9 4
split_gain=3.33744 2.41575 2.61489 3.04374 2.98809 2.69309 3.43693 6.65647 2.45911 4.32981 3.539 3.04138 5.4672 4.17226 3.83141 3.41824 2.78351 2.59847 2.52914 3.47127 2.31627 2.93431 2.33339 3.70382 2.29256 2.35663 2.24209 2.22623 2.11323 3.3874
threshold=0.32131315454549997 0.61135725184259637 3.3140206880897671 4.0163424379838117 0.098712698517728195 1.0000000180025095e-35 1.5078910621059276 0.66206747793733689 0.048338929168270359 14.221795677881188 10.352107928919756 0.10221534526835348 1.6668934799129613 0.11690195632136588 1.1495020566071503 2.0126758453675748 0.087090606453227096 1270.6282851419626 0.95497662265565875 1064.8189099986405 10.536194468932006 -0.008693609538709136 0.3027982948697201 0.20665625167810583 3980.2089535742903 0.99614229648569907 0.14784540990566256 0.2953064325655162 0.0065764796462273482 983.83875919428135
decision_type=2 2 8 10 8 2 10 2 2 10 2 8 8 2 10 8 2 8 10 8 2 10 2 10 8 10 2 10 10 8
left_child=1 8 5 -4 -5 6 7 -3 26 10 11 16 14 17 15 -13 28 -14 -18 -20 -2 -22 23 -23 25 -12 -1 -26 29 -10
right_child=20 2 3 4 -6 -7 -8 -9 9 -11 24 12 13 -15 -16 -17 18 -19 19 -21 21 22 -24 -25 27 -27 -28 -29 -30 -31
leaf_value=0.00070874119706134569 -9.3044233486951587e-05 -0.00043087659941493393 0.00066012841527364799 0.0005582707822094252 -0.0022727578233204021 -5.4818877021358175e-05 -0.00023078676783576746 -0.005042948867635939 0.00076251987202326894 0.00063516749964347033 0.00027259411410592011 -0.0024649713948247773 -0.0016937858932555624 -0.00063246132270567226 0.00014213961594090904 -0.00067881635692972216 -0.00017299067440691427 -0.0064508259049547495 6.9635064373736315e-05 -0.0035552447548692686 -0.011163850468360926 -0.0015806288143490536 0.00094410567524135945 -0.00074587643880298302 -3.3594905899936239e-05 -0.00093501260806058857 0.00021088247458739317 -0.0025449858126149749 0.00093776754324129314 -0.0049222886515140297
leaf_weight=6020 4360 96 556 47 41 895 267 64 63 2219 3107 45 43 76 711 528 1697 77 64 66 41 44 143 254 105 96 7052 51 814 40
leaf_count=6020 4360 96 556 47 41 895 267 64 63 2219 3107 45 43 76 711 528 1697 77 64 66 41 44 143 254 105 96 7052 51 814 40
internal_value=0.000343833 0.00048428 -0.000524657 0.00104186 -0.00411236 -0.00128798 -0.00324533 -0.00670807 0.000571016 0.000211772 -0.000129351 -0.000707219 -0.00180284 -0.00645685 -0.00108794 -0.00291115 -0.000115847 -0.00991736 -0.000792669 -0.00480916 -0.000376626 -0.00234783 -0.00162217 -0.00313043 0.000597322 0.000770599 0.000840358 -0.00294267 0.00123203 -0.00279808
internal_weight=29682 24840 1966 644 88 1322 427 160 22874 9802 7583 4224 1480 196 1284 573 2744 120 1827 130 4842 482 441 298 3359 3203 13072 156 917 103
internal_count=29682 24840 1966 644 88 1322 427 160 22874 9802 7583 4224 1480 196 1284 573 2744 120 1827 130 4842 482 441 298 3359 3203 13072 156 917 103
is_linear=0
shrinkage=0.03


Tree=98
num_leaves=31
num_cat=0
split_feature=12 8 12 2 1 14 14 16 17 4 11 11 17 1 11 14 13 14 11 13 4 14 4 4 16 5 8 13 12 16
split_gain=4.56464 2.47793 2.52934 2.32154 2.16262 3.34926 2.54356 3.47935 2.2913 2.22261 2.15054 3.18775 3.04984 2.11464 1.91952 1.95769 3.48084 2.28956 1.90504 2.732 5.54782 5.21616 3.15689 2.7632 2.59767 1.8526 1.68871 4.08872 3.28136 2.61292
threshold=0.10984484829208264 176.4355753569518 0.45382974989356978 3.9240045833320587 0.10063291139240506 0.087619925206465235 0.017478812521289768 0.0027782035663161159 1.0625675233958116 1474.3680938917771 9.0622462986033216 9.4363996675759427 -0.025676354427443298 0.13667496886674971 7.9983353394977543 0.53570277828002399 0.025576692737838237 0.5825475932796349 10.788648748734458 0.072543215610868808 1757.0894701320983 0.20083845886899757 6151.5519425694483 1401.4897897539693 0.17710948595516171 0.51658072872119465 1.184745673945288 0.10488464409903918 0.074351130687238878 0.32670853693585594
decision_type=2 10 2 8 10 2 2 8 8 10 2 2 10 10 2 2 2 2 2 2 10 2 10 10 10 8 8 2 2 10
left_child=14 2 3 25 -5 6 -6 -8 9 13 -7 12 -12 -9 15 -1 17 -17 19 22 21 -21 -13 -23 -25 -2 27 28 -16 -30
right_child=1 -3 -4 4 5 10 7 8 -10 -11 11 18 -14 -15 26 16 -18 -19 -20 20 -22 23 -24 24 -26 -27 -28 -29 29 -31
leaf_value=0.00010758831156741068 -1.0472845437990134e-05 0.00041926181885177142 -0.00061948987954381775 0.00010561149996647904 0.00034952166569663724 0.00067795169708470917 -0.0040381808658632255 -0.00088868078500565801 0.00022405601189659171 0.00034487025301789082 -0.0016566927440635833 7.821742493284758e-06 -0.0010296481944752276 -0.0005179452845569595 0.00081528178256560276 -0.0044309237325454148 -0.0018513187038572564 0.00079502533338175199 0.00055274480056993855 -0.0022349132785218777 0.00012174470990660201 0.00011692278986668802 -0.0011905888233811627 -0.0017457518860958317 -0.00014280512557812171 -0.0010705799875713237 0.00067562760805713322 -0.00047463035157110911 -3.2562925700969361e-05 -0.0016354962133947586
leaf_weight=755 44 1267 1361 12598 107 588 41 61 74 48 63 1694 246 176 2191 45 71 129 725 58 278 73 61 43 40 44 5140 773 687 62
leaf_count=755 44 1267 1361 12598 107 588 41 61 74 48 63 1694 246 176 2191 45 71 129 725 58 278 73 61 43 40 44 5140 773 687 62
internal_value=0.000298843 3.50415e-05 -5.32457e-05 4.60647e-05 7.13992e-05 -0.000503084 -0.00279331 -0.00389027 -0.002925 -0.00414336 -0.000202325 -0.000501828 -0.00339677 -0.00533193 0.000825959 -0.00041958 -0.0027439 -0.000445714 -0.000199798 -0.000631228 -0.00260446 -0.00622326 -7.68792e-05 -0.00332484 -0.00703571 -0.00478652 0.000966682 0.000478998 0.000989459 -0.000724
internal_weight=29543 19690 18423 17062 16974 4376 507 400 359 285 3869 3281 309 237 9853 1000 245 174 2972 2247 492 214 1755 156 83 88 8853 3713 2940 749
internal_count=29543 19690 18423 17062 16974 4376 507 400 359 285 3869 3281 309 237 9853 1000 245 174 2972 2247 492 214 1755 156 83 88 8853 3713 2940 749
is_linear=0
shrinkage=0.03


Tree=99
num_leaves=31
num_cat=0
split_feature=12 3 3 12 11 16 10 17 17 6 3 3 7 4 8 9 5 13 3 16 4 12 3 4 12 3 13 2 17 4
split_gain=3.60009 2.89208 2.84903 2.30181 2.83044 2.48148 2.10038 1.93067 3.07349 1.86576 1.78763 1.77716 1.77147 2.23343 1.76989 3.51163 2.90433 2.78993 2.52092 2.13057 2.06588 2.01563 5.15398 1.75275 1.85923 1.7322 1.72702 3.02771 1.8814 2.16763
threshold=0.11946494129259567 0.10388772922868796 1.0000000180025095e-35 0.24796781113050018 10.579755578206015 0.027856645476536445 1.8870208370660764 0.29966119618123527 0.63607903055827697 6.3584536575114683 0.083227473176377589 0.039907498852240396 0.17523706906451 1323.3702341382602 1.184745673945288 0.24859255908408068 0.76752374713396676 0.12482561407524835 0.1030503427512008 -0.056459560924418652 208.58523741523098 0.045633444912948747 0.14065028522030282 2780.8788828259653 0.06764199399949701 0.34480871525611756 0.13394302834471808 6.519697996161848 0.34446686193689019 2438.0484808333708
decision_type=2 2 2 2 2 8 10 10 10 2 2 2 10 8 10 8 10 2 2 8 8 2 2 10 2 2 2 8 10 10
left_child=14 2 6 -4 5 10 -2 -6 -9 26 -5 -7 13 -11 15 16 23 -18 -17 21 25 -16 -23 -1 -25 -21 27 28 29 -3
right_child=1 9 3 4 7 11 -8 8 -10 12 -12 -13 -14 -15 19 18 17 -19 -20 20 -22 22 -24 24 -26 -27 -28 -29 -30 -31
leaf_value=0.00044731330018999311 -0.0019321368551679426 -0.0017708699419258691 0.00046954352881206993 -0.00037774008481741042 0.0005285905533753732 0.0010711608562945284 -0.0026833942978099746 -0.0017509128077013477 -0.00048049901930893711 -0.00077907231633986761 -0.0012298588163679389 4.0182268623003868e-05 -0.0017120515826534351 -0.0033235960870247098 0.00065929175170407659 -0.0013670747366501283 -0.00030207116902027738 -0.0028731485446544659 -0.00022628986779684912 0.00078061087294066891 0.00064203919788204144 0.00025838228569879452 -0.0031387529180036062 3.8738430785586457e-05 -0.0014117990342737952 -0.0045969891210898804 0.00023353255864289011 -6.0211214652397091e-05 -0.00027216468079481839 -0.00024818934917588293
leaf_weight=3595 245 41 3279 113 88 501 45 40 154 63 41 1580 119 49 239 72 82 40 628 63 5686 137 71 78 50 86 953 11370 75 55
leaf_count=3595 245 41 3279 113 88 501 45 40 154 63 41 1580 119 49 239 72 82 40 628 63 5686 137 71 78 50 86 953 11370 75 55
internal_value=0.000341914 9.1059e-05 0.000628881 0.000774194 9.17396e-05 0.000449463 -0.00226804 -0.00273498 -0.0044 -0.000166195 -0.0032129 0.000721902 -0.0028319 -0.00552212 0.000777706 0.000326661 0.000682527 -0.00385366 -0.00162625 0.00110393 0.00125685 -0.000890625 -0.00304306 0.00083217 -0.00260465 -0.00222 -0.000116687 -0.000218073 -0.0041686 -0.00692783
internal_weight=29638 18811 6086 5796 2517 2235 290 282 194 12725 154 2081 231 112 10827 4545 3845 122 700 6282 5835 447 208 3723 128 149 12494 11541 171 96
internal_count=29638 18811 6086 5796 2517 2235 290 282 194 12725 154 2081 231 112 10827 4545 3845 122 700 6282 5835 447 208 3723 128 149 12494 11541 171 96
is_linear=0
shrinkage=0.03


Tree=100
num_leaves=31
num_cat=0
split_feature=0 3 20 4 10 2 9 5 11 19 17 9 10 8 10 13 7 11 9 16 10 1 0 0 9 5 3 9 1 11
split_gain=4.11433 3.57871 3.39139 3.34502 3.40106 2.62326 3.90765 2.95521 2.30888 2.05222 2.33941 2.14098 4.6307 3.19731 2.05277 2.04385 1.71386 3.2998 2.37156 2.08296 2.24272 2.0132 1.86536 2.03909 1.89549 1.68849 1.61305 1.83457 5.56036 4.4816
threshold=1.0848358170868846 0.13549860606487069 0.4194043292224246 1595.2637838982093 1.2758109793993817 5.6626112916929676 0.024601456858929133 0.98870020429009198 11.874999305381371 7.5000000000000009 1.9823507676023684 0.21898528760662841 1.1109781569097945 1.1273362711359962 3.8213124609692541 0.13524038471091424 0.1320191828787218 10.703401758144585 0.057981250894438167 0.27599968065299668 1.1723928405684301 0.3615900383141763 1.3959626246269183 9.2320075079313604 1.0000000180025095e-35 0.60108855631493829 0.093913000487728229 0.1276671558742101 0.1283882783882784 10.19578396184199
decision_type=10 2 2 8 10 8 10 8 2 2 8 8 10 8 10 2 10 2 10 10 8 8 10 10 10 10 2 10 10 2
left_child=-1 2 16 4 -4 6 -3 -7 9 10 -9 14 13 -13 -11 -8 17 19 25 20 -2 -22 -18 24 -24 -19 -26 28 -28 -30
right_child=1 5 3 -5 -6 7 15 8 -10 11 -12 12 -14 -15 -16 -17 22 18 -20 -21 21 -23 23 -25 26 -27 27 -29 29 -31
leaf_value=0.00057488614911036591 0.00014587041822105852 -0.0011574787449625341 0.00048195720602002443 -3.5024111910702518e-06 -0.0011993992192501255 0.00071620630684664287 -0.00051931811642743188 0.00012253650669416034 -0.00088515869865826691 -0.00013738420898143746 -0.00063660373434085138 -0.0013605577763093613 -0.0019984962100624932 0.00082720195844641388 -0.0034427958607050929 0.0010610420783986343 0.00087927164823781514 0.00015256875986803908 0.0007638568869053695 -0.0015497384714190877 -0.00038527031958007356 -0.002755213483185177 -0.0021889218017587826 0.0011133328089145047 0.00032269049672431775 -0.00061701619975303851 7.3294477535748988e-05 0.00043500419739917715 -0.00090216647550189029 -0.00021999463038982795
leaf_weight=6053 983 43 56 333 115 643 112 6588 79 4542 658 82 96 185 41 71 1746 76 688 167 329 48 56 514 3549 40 1311 338 117 115
leaf_count=6053 983 43 56 333 115 643 112 6588 79 4542 658 82 96 185 41 71 1746 76 688 167 329 48 56 514 3549 40 1311 338 117 115
internal_value=0.000349018 0.000170854 0.000581459 -0.00181782 -0.00521512 -0.000159805 -0.00335683 -0.0001036 -0.000207546 -0.000174198 0.000147371 -0.000645239 -0.00285989 -0.000817164 -0.000469241 -0.00141848 0.000701627 -1.15779e-05 0.00154286 -0.000830497 -0.000440852 -0.00240476 0.000916226 0.000664889 0.000495353 -0.00241026 0.000552385 -0.000157811 -0.000596502 -0.00486695
internal_weight=29774 23721 10581 504 171 13140 226 12914 12271 12192 7246 4946 363 267 4583 183 10077 2331 804 1527 1360 377 7746 6000 5486 116 5430 1881 1543 232
internal_count=29774 23721 10581 504 171 13140 226 12914 12271 12192 7246 4946 363 267 4583 183 10077 2331 804 1527 1360 377 7746 6000 5486 116 5430 1881 1543 232
is_linear=0
shrinkage=0.03


Tree=101
num_leaves=31
num_cat=0
split_feature=0 12 8 13 4 14 16 6 15 10 11 1 12 11 0 17 14 0 16 8 11 4 17 14 8 11 17 14 4 13
split_gain=3.78813 2.87523 3.30959 4.91358 3.40613 3.18624 3.06255 3.38788 3.00127 2.52703 2.40232 2.11162 2.2151 1.96652 3.42457 5.0517 6.69598 2.37811 2.00627 3.01603 1.94411 1.90109 2.59113 2.30332 2.23178 2.03117 1.8523 1.81876 3.98868 4.53099
threshold=0.98267332164610044 0.30197096595148315 1.1243118488004138 0.11003321143977816 1662.2848815406999 0.4239823935611558 -0.12073718189338688 -0.23950776527377229 2.6735537653587347 0.834754326610332 6.5882382461791584 0.13363095238095238 0.037902532460011969 10.524829875154747 2.7187247769475751 0.79510341454631328 0.18823516645787045 1.5311531278433128 0.60007899927480468 1.4910111895660634 5.9121498248393989 419.5603166515196 0.31746914685671052 0.53570277828002399 19.509768573083758 7.8711204000392749 2.6844859018881082 0.21366555468538176 2046.6794586001231 0.051190659286648274
decision_type=10 2 8 2 10 2 8 2 8 8 2 8 2 2 10 10 2 10 8 10 2 8 10 2 8 2 10 2 10 2
left_child=-1 2 3 11 5 -5 7 8 -4 10 -8 -2 -13 17 -15 16 -16 18 19 -3 -19 22 -11 24 25 -24 -17 28 29 -23
right_child=1 13 6 4 -6 -7 9 -9 -10 21 -12 12 -14 14 15 26 -18 20 -20 -21 -22 27 23 -25 -26 -27 -28 -29 -30 -31
leaf_value=0.00083268830175412228 0.00017877905779285709 -0.00076711708694117149 -0.0003197984766112214 -0.00087047668623976382 2.9671162943414727e-05 -0.0015075334326351182 -0.0053980878513215976 -5.893058737316571e-05 -0.0028164287307405082 2.6736349698181168e-05 0.00040016893682019055 0.00084932996543057133 -0.00066398473872512518 -2.4021820417788616e-05 9.6361021720902971e-05 0.0002847068696372682 -0.0018289044278148594 -0.0043201942526656569 6.3964197102637095e-05 -0.0034879671705590112 9.1902713172389632e-06 7.2944339506036442e-05 -0.003547794914567721 -0.0032875744275738762 0.0020399920596213417 -0.00056610067846223945 -0.0014004133194667765 0.0002697953234439875 0.00057910131158425031 -0.00074872806822340353
leaf_weight=2802 1292 76 45 49 102 138 59 255 58 339 7904 272 682 337 43 111 74 50 99 77 4026 2349 62 43 59 78 46 5581 1168 1393
leaf_count=2802 1292 76 45 49 102 138 59 255 58 339 7904 272 682 337 43 111 74 50 99 77 4026 2349 62 43 59 78 46 5581 1168 1393
internal_value=0.000301213 0.000191715 0.000339003 -0.000680205 -0.00435517 -0.00675 0.00047226 -0.00227298 -0.00683654 0.000524007 0.000931567 -0.000205607 -0.00127539 -0.000462146 -0.00205392 -0.00453818 -0.00922881 -0.000237006 -0.00305929 -0.0052013 -6.181e-05 0.000230832 -0.00143814 -0.00380247 -0.002415 -0.00446808 -0.00100633 0.000323389 -9.77397e-05 -0.000575474
internal_weight=29669 26867 21928 2535 289 187 19393 358 103 19035 7963 2246 954 4939 611 274 117 4328 252 153 4076 11072 581 242 199 140 157 10491 4910 3742
internal_count=29669 26867 21928 2535 289 187 19393 358 103 19035 7963 2246 954 4939 611 274 117 4328 252 153 4076 11072 581 242 199 140 157 10491 4910 3742
is_linear=0
shrinkage=0.03


Tree=102
num_leaves=31
num_cat=0
split_feature=12 7 9 14 9 15 11 15 9 11 14 14 16 6 13 14 14 11 7 14 14 11 14 9 13 13 14 17 9 14
split_gain=3.72035 2.66922 3.36385 2.66355 3.10111 3.81815 2.15937 2.04633 3.65505 1.89094 5.00726 1.87115 1.8377 1.806 2.72767 2.51519 1.70305 1.70181 2.24371 1.58019 1.62796 1.91095 1.82772 1.56316 4.95995 2.72167 1.91251 2.59465 1.78502 1.51442
threshold=0.12396548393077379 0.11863785961018457 0.14329496817999279 0.077051950493642052 0.11999506724478097 3.0201273556387074 10.692456145770434 2.602003343538398 0.11854444167700136 10.703401758144585 0.23728394227077454 0.37136485023315408 0.12232201085888378 4.9482604761904776 1.0000000180025095e-35 0.20566045637831751 0.48855055776476641 11.608626469387564 0.16191719401940488 0.014958910065235817 0.069160859213716855 10.233150946581512 0.20409906052518081 0.18503028186977399 0.06903739227977633 0.10717515189456127 0.7382866508467425 1.2105211510366691 0.095989441915431614 0.6410010536835874
decision_type=2 10 10 2 10 8 2 8 10 2 2 2 10 2 2 2 2 2 10 2 2 2 2 10 2 2 2 8 8 2
left_child=16 3 7 4 5 -2 23 8 9 13 -11 -10 -13 19 -15 -16 -1 -9 -19 -3 -21 22 -22 26 -25 -26 27 -5 -28 -14
right_child=1 2 -4 6 -6 -7 -8 17 11 10 -12 12 29 14 15 -17 -18 18 -20 20 21 -23 -24 24 25 -27 28 -29 -30 -31
leaf_value=0.00045569822744463115 -0.00014359274158613235 -0.0027101648422834081 0.00052355113067809229 1.0349698001258538e-06 -2.4117192423199204e-05 -0.0020415664567990381 0.00033973182216605867 0.00018780246681654125 -0.00015563446663352225 0.00025200339667406138 -0.0017358594516490189 -0.0024568607194991698 -0.00026395321555722906 0.00059807586262474767 -0.0057915929679163468 -0.001681801769243217 5.2084861427107065e-06 0.00035996130695927539 -0.00085982022423250156 0.00057951003713568969 -0.00047439456368608072 0.00084667608352450446 9.9669528036532045e-05 -5.5345194395933432e-06 -0.0018363322469518745 -0.00023795759791250581 -0.0021487280207514998 -0.001975398129073862 -5.2847364588927812e-05 -0.0015423777951397923
leaf_weight=8861 81 50 1379 1012 132 78 686 8005 109 75 40 54 77 102 54 53 2515 81 97 735 2052 373 2380 189 78 44 40 51 41 47
leaf_count=8861 81 50 1379 1012 132 78 686 8005 109 75 40 54 77 102 54 53 2515 81 97 735 2052 373 2380 189 78 44 40 51 41 47
internal_value=0.000293284 2.72039e-05 0.000169944 -0.000897657 -0.00358562 -0.00639375 -0.000530812 3.42024e-05 -0.000376814 -0.000216061 -0.00400862 -0.00367708 -0.00556425 -0.000140172 -0.00287143 -0.00619444 0.000718819 0.000345675 -0.00254749 -3.75603e-05 1.08285e-05 -0.000190387 -0.000364087 -0.00118475 -0.00306731 -0.0077561 -0.000670742 -0.000329887 -0.00508537 -0.003504
internal_weight=29571 18195 15763 2432 291 159 2141 14384 6201 5914 115 287 178 5799 209 107 11376 8183 178 5590 5540 4805 4432 1455 311 122 1144 1063 81 124
internal_count=29571 18195 15763 2432 291 159 2141 14384 6201 5914 115 287 178 5799 209 107 11376 8183 178 5590 5540 4805 4432 1455 311 122 1144 1063 81 124
is_linear=0
shrinkage=0.03


Tree=103
num_leaves=31
num_cat=0
split_feature=0 3 20 9 3 15 0 0 2 15 13 7 4 14 13 14 14 7 10 11 13 14 17 11 11 11 1 9 20 9
split_gain=3.81432 3.95925 2.45899 2.20397 3.11332 2.82727 4.0138 2.72037 4.19042 2.6704 2.29794 2.06758 2.97306 4.93223 5.97733 3.97027 2.79516 3.30548 3.28443 3.32124 6.47642 6.41875 4.79613 2.63393 3.84303 4.85241 2.7667 2.61135 4.91565 2.57513
threshold=1.090781196980122 0.12335031907541978 0.22620835638512207 0.045245511374807666 0.36510053746760673 1.7005986908310777 1.3295270301383868 1.4602220279783866 5.7483138513092831 4.0859410030639109 0.15493723719418148 0.31671551736441916 2906.9484971770285 0.22899651462346401 0.11690195632136588 0.65390239877165712 0.21366555468538176 0.050844857964181082 0.76901308441880134 10.093549905034536 0.0090453004020480746 0.19928135542552586 0.68398548854444885 9.751297449097823 9.1402933722261732 9.2383445636581261 0.057259953161592499 0.051594361951503388 0.38849528424213681 0.1781363926871834
decision_type=10 2 2 8 2 8 10 10 8 10 2 10 10 2 2 2 2 8 8 2 2 2 8 2 2 2 10 10 2 10
left_child=-1 2 -2 4 7 6 -6 8 -3 -9 11 12 16 -14 15 -15 18 29 -5 23 22 -22 -21 24 -20 -26 -27 28 -13 -18
right_child=1 3 -4 10 5 -7 -8 9 -10 -11 -12 27 13 14 -16 -17 17 -19 19 20 21 -23 -24 -25 25 26 -28 -29 -30 -31
leaf_value=0.00049732716548809544 0.00034689257931891669 -0.00070283020788218607 -1.2638636853009115e-05 9.555148737540324e-05 -0.004963020429413165 -0.00022050923239113585 -0.00034114719575327696 4.6970967976927961e-05 0.00063683060329959324 -0.00080354940011436913 0.00044285779314007868 0.0010907559835095157 0.00034122081442960838 -0.00024727385834868597 -0.0027823132668852403 -0.0028322988426016066 2.5342237106388094e-05 2.5820197825043219e-05 -0.00011224240130568299 -0.0017098466347926751 3.9572018980596032e-05 -0.0024080665509548745 -0.00012898322257601908 0.0003511090102760206 -0.0024381984559853189 -4.1272897197872508e-05 -0.001662080847194687 0.00074460968771106596 -0.0053024796519680574 -0.0022186471826292097
leaf_weight=6242 5867 40 3190 818 73 792 107 2367 1929 47 426 122 187 241 78 44 115 3986 601 157 344 62 54 348 60 215 208 794 63 136
leaf_count=6242 5867 40 3190 818 73 792 107 2367 1929 47 426 122 187 241 78 44 115 3986 601 157 344 62 54 348 60 215 208 794 63 136
internal_value=0.00027896 0.000103656 0.000595165 -0.000205203 0.000277259 -0.00125796 -0.00464088 0.000617929 0.00144518 -5.71427e-05 -0.000490397 -0.000596595 -0.000762639 -0.00288566 -0.00492033 -0.00288462 -0.000597889 -0.000108306 -0.00132113 -0.00196244 -0.00380097 -0.0015774 -0.00805189 -0.00116818 -0.00189677 -0.00388636 -0.00273821 0.000701021 -0.0025 -0.00344048
internal_weight=29713 23471 9057 14414 5355 972 180 4383 1969 2414 9059 8633 7654 550 363 285 7104 4237 2867 2049 617 406 211 1432 1084 483 423 979 185 251
internal_count=29713 23471 9057 14414 5355 972 180 4383 1969 2414 9059 8633 7654 550 363 285 7104 4237 2867 2049 617 406 211 1432 1084 483 423 979 185 251
is_linear=0
shrinkage=0.03


Tree=104
num_leaves=31
num_cat=0
split_feature=0 9 3 8 0 3 4 4 15 3 17 16 17 16 9 3 8 3 4 11 4 9 0 11 8 16 7 15 19 9
split_gain=3.62391 2.7869 3.24313 4.03393 7.59253 2.33095 2.45438 2.95068 2.34427 2.23407 2.15267 2.05175 2.53112 2.39537 2.31591 2.73207 2.61886 3.4024 2.49609 2.47556 4.70596 3.40785 2.19527 2.02063 1.89649 1.843 2.72449 1.76587 1.69268 1.66966
threshold=0.96462326206540805 0.0077047515488007966 0.36078919831096196 1.871373361280579 1.2872059939517173 1.0000000180025095e-35 2220.5057455915776 1482.2466320922679 3.3842466058243152 -1.0000000180025095e-35 2.5113171736250868 0.31912430209104464 0.17692417060039034 -0.010728363144549086 0.21324530220398646 0.45137388215310031 1.2327398972471633 0.17665007107364966 741.37081963948822 9.4784955283886152 2599.007696859248 0.090170857719337222 1.1908541882420065 8.9948549204803587 118.92952265679502 0.35008667366020091 0.15639351983930469 2.602003343538398 6.5000000000000009 0.0025046752417442089
decision_type=10 10 2 10 10 2 10 8 8 2 8 10 8 8 10 2 8 2 10 2 10 10 10 2 10 10 10 10 2 8
left_child=-1 2 10 -4 -5 6 7 9 11 -3 29 13 22 -7 15 -15 17 -16 -18 -17 21 -21 -13 -24 28 -25 -27 -14 -12 -2
right_child=1 5 3 4 -6 8 -8 -9 -10 -11 24 12 27 14 16 19 18 -19 -20 20 -22 -23 23 25 -26 26 -28 -29 -30 -31
leaf_value=0.00084456720055123139 0.00065269394342905751 0.00041272162585127587 -0.00018476989184412084 -0.0054407918149985864 -0.0025896140604494229 -0.0003585645181989394 0.0003613713810710717 -0.0029646281278414071 0.00030796745627316652 -0.00335933956567214 -0.0017644343861093427 0.00015149708095637114 -0.00033993825833989036 0.00022728503053512676 -0.00079021292633477374 0.00011030561064658566 -0.0010507636798259361 -1.7734909733772648e-05 0.00068421663460253499 -0.0023031209484306765 0.0014575874902293688 -0.001023634210873249 -0.00040039582460880979 8.3774618328885179e-05 0.00055320408692134486 -0.00063931267891558256 -0.0024903985904320587 0.00027556751244250894 -0.00030317887108559046 -0.00040560904400539435
leaf_weight=2457 766 63 317 64 152 1170 97 50 5980 72 122 102 1655 12408 319 233 56 339 374 52 53 74 122 42 104 106 70 1284 103 695
leaf_count=2457 766 63 317 64 152 1170 97 50 5980 72 122 102 1655 12408 319 233 56 339 374 52 53 74 122 42 104 106 70 1284 103 695
internal_value=0.000297031 0.000196783 -0.000796471 -0.00284831 -0.006 0.000290147 -0.00241696 -0.00443548 0.000321481 -0.00209559 -0.000184254 0.000154225 -0.000513601 0.000303999 0.000413689 0.00052648 -0.0009146 -0.00210319 0.000904872 -0.00187409 -0.00451667 -0.00765354 -0.00262754 -0.00378299 -0.00237273 -0.00550685 -0.00684746 -0.000194898 -0.00391593 0.00030985
internal_weight=29501 27044 2323 533 216 24721 282 185 24439 135 1790 18459 3381 15078 13908 12820 1088 658 430 412 179 126 442 340 329 218 176 2939 225 1461
internal_count=29501 27044 2323 533 216 24721 282 185 24439 135 1790 18459 3381 15078 13908 12820 1088 658 430 412 179 126 442 340 329 218 176 2939 225 1461
is_linear=0
shrinkage=0.03


Tree=105
num_leaves=31
num_cat=0
split_feature=0 11 12 3 13 8 8 9 17 13 14 9 0 11 14 10 11 14 11 13 14 11 9 17 14 6 17 14 14 8
split_gain=3.85539 3.45964 2.72513 3.36848 3.09986 2.54132 2.8703 3.77838 2.4336 2.72785 2.27072 2.16356 3.54058 2.52043 2.16729 3.96328 2.76909 4.1537 2.47911 4.22164 2.05897 4.5452 3.95955 3.2714 2.805 2.38418 2.15048 2.49099 2.21677 2.00901
threshold=0.97683961044322387 6.5882382461791584 0.24975227271246239 0.13230428380370199 0.049461179767113304 6.1440092658365435 1.6584775379374046 0.068723027171001344 0.6649747554239922 0.077076951075015623 0.21768335968322064 0.057494444469078011 1.090781196980122 10.821406956953568 0.46922117293072813 -0.016772578157562838 10.86340274719665 0.65390239877165712 11.238916155784842 0.044565179699377448 0.066731164928892875 9.3502327396831415 0.27148339479890743 0.42228548489033985 0.042672534091309063 -1.2264531692942162 1.0906491078269227 0.33323412062389618 0.1545874249843526 1.0888224942899691
decision_type=10 2 2 2 2 10 8 8 10 2 2 8 10 2 2 10 2 2 2 2 2 2 10 10 2 2 10 2 2 10
left_child=-1 10 3 4 -3 6 29 -8 9 -9 -2 14 -13 20 -5 -16 -17 18 19 -18 21 -14 25 -23 -25 -22 -27 28 -28 -6
right_child=1 2 -4 11 5 -7 7 8 -10 -11 -12 12 13 -15 15 16 17 -19 -20 -21 22 23 -24 24 -26 26 27 -29 -30 -31
leaf_value=0.00076978489482681619 -0.004919901435925295 0.00064178356608431033 -0.00010735919069505409 0.00034969360912891087 -0.00092435951485046785 0.00050984123520352389 0.00073820777939404524 -0.0042043033354871541 -0.0012769643426168351 -0.00017225525977996529 -0.00014071482249468532 0.0004280980220659275 -0.0022731655196993458 0.00030586118603393109 -0.0012746088868882716 0.00066292710364066864 -0.0013978236466813869 0.00096808378767205237 4.8139781450991594e-06 -0.00031793168367281143 -0.0016714630843905551 3.235331845018348e-06 -0.0016398045312422628 -0.00039400426231326057 -0.0019167239969128881 -5.3489592302468135e-05 -4.017897022371509e-05 0.00018377905552491154 -0.0027827925040080836 0.00011952263340450632
leaf_weight=2642 238 4294 7148 3036 69 1253 180 49 76 235 224 1963 78 863 46 416 59 110 69 85 51 395 87 140 49 3647 43 69 64 1984
leaf_count=2642 238 4294 7148 3036 69 1253 180 49 76 235 224 1963 78 863 46 416 59 110 69 85 51 395 87 140 49 3647 43 69 64 1984
internal_value=0.000293497 0.000186522 0.000231334 0.000415744 0.000880727 0.000262022 -0.000274094 -0.00221811 -0.00398892 -0.00269474 -0.00238445 7.98511e-05 -0.000217852 -0.000609076 0.000660126 -0.000744275 -0.000206757 -0.00228704 -0.0047243 -0.00695172 -0.000886894 -0.00243439 -0.000627713 -0.00151795 -0.00475263 -0.000484645 -0.000397751 -0.00362712 -0.00647222 0.000238072
internal_weight=29662 27020 26558 19410 8140 3846 2593 540 360 284 462 11270 7449 5486 3821 785 739 323 213 144 4623 662 3961 584 189 3874 3823 176 107 2053
internal_count=29662 27020 26558 19410 8140 3846 2593 540 360 284 462 11270 7449 5486 3821 785 739 323 213 144 4623 662 3961 584 189 3874 3823 176 107 2053
is_linear=0
shrinkage=0.03


Tree=106
num_leaves=31
num_cat=0
split_feature=0 8 12 16 11 1 1 15 8 7 2 12 4 9 5 2 12 16 17 7 16 4 9 7 17 6 12 7 17 11
split_gain=3.07004 3.0599 3.8404 3.17752 2.66941 2.57293 2.32502 1.95689 1.9842 2.41707 1.79852 1.72001 2.60908 1.70643 1.69449 1.63433 1.61053 1.53173 3.21417 1.95893 1.70382 2.78442 2.0443 2.59899 2.13036 1.74205 2.13472 1.64678 1.56881 4.68691
threshold=0.9706569494335453 1.1068051476133018 0.13249695364687855 -0.14003269448916286 5.4701654074033046 0.022347066167290933 0.13363095238095238 2.249904835165133 1.0683540575708725 0.044996701473583034 3.7328449512990955 0.024076778450684348 1175.1696274899055 0.1822690799688228 0.18787636512094719 4.1134699255607723 0.066080348251881041 -0.017466807453021791 0.97401981203261168 0.12662983273972558 0.19774915634591644 6618.5212644870699 0.0094685824048441909 0.16635242686804819 0.084446285313962074 2.6287638083228253 0.49460441770749602 0.096207709646331172 -0.054963140089346364 8.3514926729572014
decision_type=10 8 2 8 2 8 8 8 10 10 10 2 8 10 10 8 2 8 10 8 10 10 10 10 10 2 2 10 8 2
left_child=-1 6 3 5 -4 -3 10 -8 -9 16 -2 -11 13 -13 17 -16 -10 18 19 -6 22 -22 23 24 -19 27 -27 -24 29 -25
right_child=1 2 4 -5 14 -7 7 8 9 11 -12 12 -14 -15 15 -17 -18 20 -20 -21 21 -23 25 28 -26 26 -28 -29 -30 -31
leaf_value=0.00072128879394923919 0.00010069171909804371 0.0002946895670184148 -0.0050778501147843748 0.00037937915833474272 -0.0019404027939896218 -0.0020425419563774435 -0.001702911552533998 -6.2582896916386896e-05 -0.0012707395549001208 0.00099862895958682785 -0.0013219236350031842 -0.0013426610157761568 0.00018002552054555192 -0.00011814026729546254 -0.0002443342658555062 0.00056942284062685652 -0.00085603872129595021 -0.0012586663966674646 -0.0043997659034204538 -0.00012177237194055831 -5.8502293463632257e-05 -0.0012330591059601396 -0.00036865326372890133 0.00069797735871966738 -0.005329373832449906 -8.503379242788279e-05 -0.0031956198865370927 0.0003120271354669985 0.00022003925052734201 -0.010807661878473785
leaf_weight=2568 1206 72 77 8395 59 74 84 629 58 58 65 63 100 41 83 917 58 46 40 639 6735 223 279 81 40 963 49 5453 531 43
leaf_count=2568 1206 72 77 8395 59 74 84 629 58 58 65 63 100 41 83 917 58 46 40 639 6735 223 279 81 40 963 49 5453 531 43
internal_value=0.000302624 0.000208858 0.000307137 0.000822173 3.65337e-05 -0.00355102 -0.000822683 -0.00183791 -0.00146726 -0.00318206 4.95284e-05 -0.00157414 -0.00286829 -0.00617143 6.32185e-05 0.00125874 -0.00676923 -1.56105e-05 -0.00134777 -0.000866953 5.25479e-05 -0.000285386 0.000366685 -0.00112803 -0.006 0.00053106 -0.000615992 0.000733647 -0.000480183 -0.003504
internal_weight=29729 27161 24799 8541 16258 146 2362 1091 1007 378 1271 262 204 104 16181 1000 116 15181 738 698 14443 6958 7485 741 86 6744 1012 5732 655 124
internal_count=29729 27161 24799 8541 16258 146 2362 1091 1007 378 1271 262 204 104 16181 1000 116 15181 738 698 14443 6958 7485 741 86 6744 1012 5732 655 124
is_linear=0
shrinkage=0.03


Tree=107
num_leaves=31
num_cat=0
split_feature=0 15 6 9 15 8 11 12 13 8 16 8 1 11 3 15 16 1 17 12 0 10 6 4 1 9 4 16 17 0
split_gain=3.20068 2.84182 2.40958 2.40378 2.07517 1.966 3.00885 2.3757 2.20707 4.54419 2.28348 2.53783 2.46905 3.97396 2.14117 2.58234 2.14799 2.73593 2.70097 2.1403 2.0358 1.89639 1.89225 2.70062 1.79856 2.63529 1.78787 2.48167 2.08222 1.86884
threshold=0.96462326206540805 3.3842466058243152 4.9482604761904776 0.27411312526517123 3.9219243190762363 1.1121553630415657 5.4701654074033046 0.076978893112213079 0.049461179767113304 38.174205949228863 0.22461251326580886 1.2625395243014161 0.062828947368421054 10.159698305869727 0.37307780696417758 3.1984648276080736 0.0086180770252357961 0.12444690265486726 0.04870858377767822 0.22978239979433382 1.9983374155770131 0.77622954173574144 -0.56736241493468953 2361.5809418103036 0.26546556122448983 0.04028863871035341 1709.853942122804 0.055850480145661831 0.74401502828060684 1.6885369640595416
decision_type=10 10 2 8 10 8 2 2 2 8 10 8 8 2 2 10 8 10 10 2 10 8 2 10 10 8 10 10 8 10
left_child=-1 2 5 -3 -5 -2 20 -8 10 -10 14 12 -12 -14 16 24 17 -9 -19 -18 -7 -4 23 -11 25 -16 27 -23 29 -29
right_child=1 3 21 4 -6 6 7 8 9 22 11 -13 13 -15 15 -17 19 18 -20 -21 -22 26 -24 -25 -26 -27 -28 28 -30 -31
leaf_value=0.00072442630025609963 -0.00027420119385414439 0.00032666434947367548 -0.0019383662802578958 7.3147835381603583e-05 -0.0022260880757366077 -0.00067334812396258102 0.00053993920885852078 4.2917838552842997e-05 -0.00024350301808202994 0.00049194857865687651 -9.7141039384071088e-05 3.0936425975245435e-06 -0.00055698477803004832 -0.0017182697837943846 -0.0012262856658366698 -0.00085051379738986595 0.00062274152869881618 0.00049602631601030603 -0.0034783333247730419 0.00017288172842751538 -0.012152899966386381 0.00024809276849528856 0.00086457116023492837 -0.0024753050230145865 -0.0015580049503651917 0.00092152735750147504 0.00041839210882945994 -0.00089535289357459038 -0.0011141218723595397 -0.0041156629385940913
leaf_weight=2425 1874 5412 82 59 43 45 2808 626 3857 59 218 4434 133 54 217 61 2795 62 73 2657 40 97 621 40 41 443 174 64 96 52
leaf_count=2425 1874 5412 82 59 43 45 2808 626 3857 59 218 4434 133 54 217 61 2795 62 73 2657 40 97 621 40 41 443 174 64 96 52
internal_value=0.000297542 0.000204531 5.0129e-05 0.000812693 -0.00372816 0.000101801 0.000191963 0.000217031 7.88801e-05 -0.000480341 0.000295557 -0.000205165 -0.00247537 -0.00499468 0.000642919 -0.000857143 0.000827004 -0.000665354 -0.00452206 0.00103539 -0.00540698 -0.00188163 0.00170596 -0.00213 -0.000337607 4.53859e-05 -0.00115909 -0.00252581 -0.00433803 -0.00702564
internal_weight=29662 27237 21723 5514 102 21158 19284 19199 16391 4577 11814 4839 405 187 6975 762 6213 761 135 5452 85 565 720 99 701 660 483 309 212 116
internal_count=29662 27237 21723 5514 102 21158 19284 19199 16391 4577 11814 4839 405 187 6975 762 6213 761 135 5452 85 565 720 99 701 660 483 309 212 116
is_linear=0
shrinkage=0.03


Tree=108
num_leaves=31
num_cat=0
split_feature=12 3 12 12 10 14 0 9 15 11 9 9 10 17 14 1 13 9 14 13 14 1 17 9 0 12 3 1 6 19
split_gain=2.76221 2.36023 3.49647 1.88435 2.92799 3.28738 2.86596 2.63324 1.88129 2.36226 2.39344 2.24796 2.13248 1.94964 1.92993 3.0415 2.79218 2.00111 2.68503 4.77856 4.33276 2.64402 2.6299 1.8723 1.79799 1.72569 2.20054 2.82415 1.70558 1.62035
threshold=0.10296310373030872 0.12500882241104497 0.57831614195639125 0.4194043292224246 1.2682294043515501 0.11434295253614531 46.498798076923087 1.0000000180025095e-35 2.602003343538398 7.9983353394977543 0.26878145870449616 0.10794547322518734 1.1109781569097945 1.9823507676023684 0.63014080028031538 0.083874458874458893 0.046791452049311628 0.25959476937990594 0.15136138758427234 0.08219040892621142 0.3177464907872744 0.098199935711989719 0.11394016985472018 0.13352993484978967 2571.1666666666674 -0.017795958552420995 0.44779719063506851 0.04027027027027031 1.4872418855531804 6.5000000000000009
decision_type=2 2 2 2 10 2 8 8 10 2 10 8 10 10 2 8 2 10 2 2 2 10 10 10 8 2 2 10 2 2
left_child=8 2 3 6 -5 -6 7 -2 11 -10 25 13 -12 -1 16 -16 -13 18 19 -18 -20 23 -23 -22 28 -11 -27 -28 -7 -3
right_child=1 29 -4 4 5 24 -8 -9 9 10 12 14 -14 -15 15 -17 17 -19 20 -21 21 22 -24 -25 -26 26 27 -29 -30 -31
leaf_value=0.00057411347758878678 -0.0019222851648559788 3.9875884074319313e-05 -0.004047377629875855 0.0004682023061532163 -0.0013135528584090491 -0.00099228933917041174 0.0010507276030824308 0.00017194231421214422 -0.0012619017149712601 0.0015501171960960543 2.0329106092845048e-05 0.00091335367701948615 -0.0015643447751228895 -0.00087149973118227063 -0.0018136527002330111 0.00018811853563904132 -0.001359056890355008 0.00088920905980143579 0.0022457821613016187 -0.00011888970984010059 -0.0022321425396430385 -0.0022865894347067041 -0.0012786795120004512 0.0015920345565470164 0.00044861074694938847 0.0004393773874085143 -0.00099096249212481764 -3.0527458019133595e-06 -9.9144864398017029e-05 -0.00023101888600718127
leaf_weight=2035 108 6445 43 245 60 53 687 6909 43 798 203 386 72 70 93 74 41 118 114 50 46 43 41 50 69 4813 55 170 133 5730
leaf_count=2035 108 6445 43 245 60 53 687 6909 43 798 203 386 72 70 93 74 41 118 114 50 46 43 41 50 69 4813 55 170 133 5730
internal_value=0.000262467 6.7666e-05 0.000457511 0.000502359 -0.00117647 -0.00308544 0.00062453 0.000443289 0.000690747 0.000996263 0.00104598 9.58255e-05 -0.00168478 0.000662393 -0.00103311 -0.00398214 -0.000475281 -0.00194643 -0.00299223 -0.00746739 -0.00158644 -0.00447514 -0.00832941 -0.00105155 -0.00158203 0.00117492 0.00096924 -0.00192478 -0.0031123 -0.000198341
internal_weight=29797 20482 8307 8264 560 315 7704 7017 9315 6154 6111 3161 275 2105 1056 167 889 503 385 91 294 180 84 96 255 5836 5038 225 186 12175
internal_count=29797 20482 8307 8264 560 315 7704 7017 9315 6154 6111 3161 275 2105 1056 167 889 503 385 91 294 180 84 96 255 5836 5038 225 186 12175
is_linear=0
shrinkage=0.03


Tree=109
num_leaves=31
num_cat=0
split_feature=12 3 12 9 8 3 14 4 8 1 14 17 14 14 15 13 9 16 3 14 8 6 4 6 4 8 17 15 14 3
split_gain=2.53778 2.91484 2.58921 1.83219 2.68453 2.32805 2.19383 3.37867 4.04324 5.20296 3.11442 2.94893 3.52842 2.28169 2.28332 5.49901 2.87551 2.08755 2.91759 2.81217 2.48713 2.0694 2.31799 1.97668 1.80486 3.82702 1.84392 1.70911 2.65693 1.9979
threshold=0.078251622114761346 0.10388772922868796 0.57831614195639125 0.045245511374807666 17.10798527826336 0.52235899429792387 0.20965762429898446 1920.9911068568319 1.6668934799129613 0.21902412280701758 0.16348551930510755 0.82248462705975267 0.13934825344610632 0.055492131921737554 3.0677824455408698 0.0085781462498753531 0.12506979891835779 0.071235849966131443 0.35675252078726355 0.11022841259527735 1.871373361280579 1.0560898254766566 929.67400761074498 2.2278776714598192 1393.8000962818094 1.072693988305869 0.33060066802439136 2.740319461670996 0.069160859213716855 0.44398292661468064
decision_type=2 2 2 8 10 2 2 10 10 10 2 8 2 2 10 2 8 8 2 2 10 2 10 2 10 10 10 10 2 2
left_child=-1 2 -2 5 6 27 7 8 11 10 17 13 -13 14 -5 16 -16 19 20 -10 -19 22 -12 -20 -8 -26 -27 28 -3 -30
right_child=1 3 -4 4 -6 -7 24 -9 9 -11 21 12 -14 -15 15 -17 -18 18 23 -21 -22 -23 -24 -25 25 26 -28 -29 29 -31
leaf_value=0.00036315127733783735 0.00025469457601744433 0.00078281204648991719 -0.0037787113890396912 0.0001004462024022893 0.00033382299444035282 -0.0039001523202067028 0.00012496925551086166 0.00037917134486718638 -0.0038245798545099661 -0.001942172884947481 -0.00065992794253995064 -0.00040208386983309679 -0.0033793818152728894 0.00020935049329494528 -0.0012691386912805766 -0.00013331311062023937 -0.0013533613979130085 -0.0012592815375059747 -0.0005783291043788834 -0.0003205354297737365 0.00040168881129754367 -0.0013396594232862929 -0.0027414637286439459 -0.0053657997013441677 -0.0018170736958925983 8.7628205316441527e-06 -0.00041085048187218602 0.00034134091276624636 -0.00015849163258572528 -0.0016527259265583659
leaf_weight=6925 7005 703 43 169 1473 59 2530 509 41 70 55 165 55 951 59 196 45 71 99 53 342 118 68 41 46 1732 1017 2615 2368 96
leaf_count=6925 7005 703 43 169 1473 59 2530 509 41 70 55 165 55 951 59 196 45 71 99 53 342 118 68 41 46 1732 1017 2615 2368 96
internal_value=0.000287584 0.000134767 0.000641793 -9.22079e-05 -0.000340702 0.000329168 -0.000547136 -0.0011805 -0.00161831 -0.0031658 -0.00253768 -0.00071298 -0.00393665 -0.000211119 -0.00192128 -0.00348837 -0.00902857 -0.00144907 -0.000741877 -0.00555789 0.000528986 -0.00544215 -0.00815323 -0.00446808 -0.000177431 -0.00070279 -0.000557454 0.000390109 -7.85984e-05 -0.000542799
internal_weight=29719 22794 7048 15746 9905 5841 8432 3107 2598 958 888 1640 220 1420 469 300 104 647 553 94 413 241 123 140 5325 2795 2749 5782 3167 2464
internal_count=29719 22794 7048 15746 9905 5841 8432 3107 2598 958 888 1640 220 1420 469 300 104 647 553 94 413 241 123 140 5325 2795 2749 5782 3167 2464
is_linear=0
shrinkage=0.03


Tree=110
num_leaves=31
num_cat=0
split_feature=0 11 3 15 6 16 17 5 2 17 11 17 16 11 9 15 8 9 13 0 11 16 0 13 17 3 14 14 12 0
split_gain=3.41165 2.82248 2.41197 2.53298 2.36292 2.19304 4.95111 1.97773 3.18634 1.98088 1.88721 3.92557 3.07452 2.31338 3.53361 2.25358 3.52694 3.22116 2.24264 2.1606 2.00358 4.65749 3.33561 2.26924 1.93895 1.78007 1.76057 1.73151 3.16467 1.73081
threshold=0.96462326206540805 9.4207228451671003 0.44398292661468064 3.3842466058243152 3.8845208215154394 0.097168883901073602 0.12086547500911592 0.73727351164797261 5.6216626817280533 0.35776624497939219 9.1402933722261732 -0.24675793088424913 0.37956675316759941 8.7216023313854993 0.0077047515488007966 2.602003343538398 1.1216701199597086 0.21324530220398646 0.056526388624215787 1.8737584575377431 8.3921966948214717 -0.056459560924418652 1.3131833769710204 0.14802566799869979 1.1420528169633293 0.20843525790064596 0.1653464987480375 0.76362145860727693 0.3370370880398173 1.3903451425601518
decision_type=10 2 2 8 2 8 10 8 8 10 2 10 8 2 10 8 10 10 2 10 2 10 10 2 8 2 2 2 2 10
left_child=-1 10 7 4 5 -4 -7 -3 9 29 12 26 20 27 -15 16 25 -17 19 -16 23 22 -22 -2 -21 -13 -12 -14 -29 -9
right_child=1 2 3 -5 -6 6 -8 8 -10 -11 11 15 13 14 18 17 -18 -19 -20 24 21 -23 -24 -25 -26 -27 -28 28 -30 -31
leaf_value=0.00075129658642788459 -9.3609581819018668e-05 0.00057408944247596164 0.001299233039045289 0.00050049109426409007 -0.0016514994293044937 -0.0031009361155168429 -0.00025512323260822061 -0.00091142793614212966 0.00015410749834788141 0.00021272595770631568 -0.0021755056706071266 -0.000253624716317873 -5.8850780519089127e-05 -0.0023592780660824045 0.00088553546964612203 0.00033503285226449875 -0.00041277433970971395 -0.0021902040444220462 -0.0055015311417490201 -0.0037838828112578067 -0.0029792095222081344 0.00055222776584626799 0.00013999631103155899 -0.0023011071225989129 -0.00013167582331645786 -0.0015363086442641083 -0.00071323676842773324 -0.0016233398711537716 9.4517878021244079e-05 4.0806854000208172e-05
leaf_weight=2461 1829 697 102 250 55 75 282 134 17515 111 75 41 1112 54 166 701 1000 43 57 70 45 2406 43 49 74 58 90 57 65 63
leaf_count=2461 1829 697 102 250 55 75 282 134 17515 111 75 41 1112 54 166 701 1000 43 57 70 45 2406 43 49 74 58 90 57 65 63
internal_value=0.000271986 0.000175586 0.000372414 -0.00127843 -0.00248155 -0.00176739 -0.0028743 0.000440581 0.000379208 -0.00264078 -0.000296789 -0.00109308 -3.13536e-05 -0.00113225 -0.00304976 -0.000694685 -0.00155727 0.000579866 -0.00198098 -0.00096463 0.000385548 0.000942685 -0.00579775 -0.000354444 -0.00364138 -0.00693 -0.00551205 -0.000476113 -0.00385366 -0.00443939
internal_weight=29780 27319 19284 764 514 459 357 18520 17823 308 8035 2008 6027 1655 421 1843 1099 744 367 310 4372 2494 88 1878 144 99 165 1234 122 197
internal_count=29780 27319 19284 764 514 459 357 18520 17823 308 8035 2008 6027 1655 421 1843 1099 744 367 310 4372 2494 88 1878 144 99 165 1234 122 197
is_linear=0
shrinkage=0.03


Tree=111
num_leaves=31
num_cat=0
split_feature=0 12 3 14 16 7 1 15 2 15 9 14 13 13 15 3 2 9 13 9 13 15 0 15 16 4 9 3 3 12
split_gain=2.88213 2.50061 2.43234 2.87869 2.82265 2.71671 3.0231 1.68844 1.77934 1.6165 1.55829 1.54568 2.98012 1.50723 4.52643 6.7198 3.12617 2.19013 2.86851 2.22373 1.89576 1.86998 2.39087 2.13271 1.85333 1.57548 2.09768 1.99287 2.83546 1.51492
threshold=0.96462326206540805 0.36593090772450171 0.13549860606487069 0.78535378506228148 -0.0820776103524294 0.13429112161815146 0.071661998132586349 4.6867395546766826 6.3346831622754136 2.740319461670996 inf 0.03226662648250448 0.11289196327718214 0.089058414718207815 2.0126758453675748 0.16831035361380184 4.0644204051033919 0.0094685824048441909 0.13775238276591134 0.26878145870449616 0.11289196327718214 3.1567740231385479 2.0171744610769182 3.0677824455408698 0.15629155140781334 2743.8558086318508 0.22660591010200198 0.21979229420197019 0.16615907026302154 0.021679275092647114
decision_type=10 2 2 2 8 10 8 10 10 10 8 2 2 2 8 2 10 8 2 10 2 8 10 10 10 10 10 2 2 2
left_child=9 2 3 11 5 -4 -7 8 13 10 -1 12 -2 16 15 -15 24 18 -16 21 -21 23 -23 25 -6 26 -19 28 -27 -26
right_child=1 -3 4 -5 7 6 -8 -9 -10 -11 -12 -13 -14 14 17 -17 -18 19 -20 20 -22 22 -24 -25 29 27 -28 -29 -30 -31
leaf_value=0.0005007653893444985 0.00014084412717967591 -0.0002997068936793585 0.00010129445143511112 -0.0013534446939037152 0.00027302471366359883 -0.00093871656563513251 -0.0036540855114045182 -0.00088043981340555342 0.0007482961606749734 0.0017326748427553781 -0.0024921888592964181 0.00025524086473912525 -0.0014726854662480274 -0.0052694285050806488 -0.0028532034746360005 -0.0010016949654712791 -0.00070214028178083594 0.00016912780705203467 -3.5646867569993678e-06 -0.0014993867257916062 -0.00028115889248871644 0.00043032982580522262 -0.000662733114073123 -0.00085290092488080212 0.0010201231278920378 -0.00085192418208496711 -0.0017009889134363533 -0.00091230308652371619 0.00035482217278212278 -9.3792445081832283e-05
leaf_weight=1693 250 2969 82 40 4707 99 54 44 596 649 81 10170 79 40 68 93 63 854 80 52 59 1218 48 86 368 81 56 44 75 4813
leaf_count=1693 250 2969 82 40 4707 99 54 44 596 649 81 10170 79 40 68 93 63 854 80 52 59 1218 48 86 368 81 56 44 75 4813
internal_value=0.000262495 0.000174115 0.000274856 0.000617363 1.09642e-05 -0.00324153 -0.00559091 6.80501e-05 8.75244e-05 0.00125371 0.000784225 0.000648286 -0.00137273 1.28847e-05 -0.000594746 -0.00597761 0.000187199 -0.000329537 -0.00386577 -0.000124709 -0.00425893 6.33375e-05 0.000866614 -0.000786967 0.000229953 -0.000432043 9.87926e-05 -0.00283582 -0.00122293 -0.000161521
internal_weight=29611 27188 24219 10539 13680 235 153 13445 13401 2423 1774 10499 329 12805 2854 133 9951 2721 148 2573 111 2462 1266 1196 9888 1110 910 200 156 5181
internal_count=29611 27188 24219 10539 13680 235 153 13445 13401 2423 1774 10499 329 12805 2854 133 9951 2721 148 2573 111 2462 1266 1196 9888 1110 910 200 156 5181
is_linear=0
shrinkage=0.03


Tree=112
num_leaves=31
num_cat=0
split_feature=12 7 9 9 8 15 1 0 12 9 11 0 17 17 14 14 14 13 14 1 15 17 14 15 1 14 8 16 12 13
split_gain=2.62923 2.37922 2.26333 1.79122 2.3327 2.3014 2.9355 1.84898 2.13578 2.51262 2.85964 3.17021 2.24888 2.63871 8.26421 3.78558 2.93288 6.26458 2.56047 2.28303 1.83308 2.1232 2.1279 1.78899 1.91726 3.14678 2.61807 2.89366 2.80117 2.66674
threshold=0.10667875295301955 0.088319086034411548 0.13873673128881892 0.045245511374807666 15.878207006081094 4.1190041246092024 1.0000000180025095e-35 11.366987179487181 0.36096982675827866 0.081074892167686721 9.8352890079866793 2.6049838734176016 1.0379166167518183 -0.13233485376011103 0.14099301494757577 0.50267161439108621 0.66206747793733689 0.0069847246356523575 0.085660288548143823 0.1038074712643678 2.0126758453675748 1.7201381195487364 0.47939214407474745 3.2769667020129059 0.20112359550561801 0.78535378506228148 1.1472477711729165 -0.056459560924418652 0.033458845930325339 0.078468653849543782
decision_type=2 8 10 8 8 10 10 8 2 10 2 10 10 8 2 2 2 2 2 8 8 10 2 10 8 2 8 8 2 2
left_child=23 -2 3 5 7 -3 -7 8 12 10 11 -10 13 14 -5 19 -15 -18 -14 -16 -20 22 -22 24 25 -1 28 29 -26 -28
right_child=1 2 -4 4 -6 6 -8 -9 9 -11 -12 -13 18 16 15 -17 17 -19 20 -21 21 -23 -24 -25 26 -27 27 -29 -30 -31
leaf_value=0.00041943414339937446 -0.00035820569555801614 0.00017276004902729028 0.00032810878409600343 -0.0022016691032580539 0.00032271033344797966 0.00027366799161127758 -0.00075684889784735296 0.0008410683028295603 -0.0050603659374248771 -0.0001022677939297271 -0.00029757257911176095 -0.0031836079312800394 0.00056730699629017336 3.1232858132442291e-05 0.00052647902850151565 -0.0010001897124380264 -0.003192769439743128 4.8719868777024997e-05 -0.0037712001956801918 -0.00081616355408287427 -0.0011955947877455029 0.00024443582086230482 0.00062215142818687543 0.00047802056886880884 -0.00015323507945882225 -0.0017081092162275309 -0.002864225044378031 0.00031147048551965302 -0.0015127952714979838 9.2805372932312151e-05
leaf_weight=5122 1493 8272 2181 51 1713 68 64 307 69 216 90 70 107 4413 226 48 51 116 69 74 226 116 42 2839 417 43 40 853 261 45
leaf_count=5122 1493 8272 2181 51 1713 68 64 307 69 216 90 70 107 4413 226 48 51 116 69 74 226 116 42 2839 417 43 40 853 261 45
internal_value=0.000268862 7.34951e-05 0.000166057 4.53411e-05 -0.000275827 0.00035122 -0.00356391 -0.00054307 -0.000659649 -0.00265695 -0.00483913 -0.00752143 -0.000498736 -0.000295783 -0.0026325 -0.000962751 -9.16829e-05 -0.00398214 -0.00229947 0.000299003 -0.00328414 -0.00246234 -0.00392565 0.000676645 0.000411826 0.000693961 -0.000489796 0.000536741 -0.00190869 -0.0047093
internal_weight=29702 20082 18589 16408 8004 8404 132 6291 5984 445 229 139 5539 4979 399 348 4580 167 560 300 453 384 268 9620 6781 5165 1616 938 678 85
internal_count=29702 20082 18589 16408 8004 8404 132 6291 5984 445 229 139 5539 4979 399 348 4580 167 560 300 453 384 268 9620 6781 5165 1616 938 678 85
is_linear=0
shrinkage=0.03


Tree=113
num_leaves=31
num_cat=0
split_feature=20 17 14 13 8 11 9 9 10 14 20 9 16 9 8 17 14 13 3 13 20 6 15 5 9 15 17 16 11 14
split_gain=2.3474 1.77454 2.1952 2.39364 3.43835 2.92735 3.88819 4.19554 3.63103 2.89414 2.85566 2.69795 2.27626 3.14692 3.0734 3.59502 4.9212 5.99845 2.4211 2.1494 2.08336 1.98718 2.30277 1.94924 2.67568 1.80495 3.32235 4.58619 2.06595 2.68876
threshold=0.4194043292224246 inf 0.60099052275563392 0.048338929168270359 14.425159781696129 10.333856632878296 0.0065764796462273482 0.037574740546582476 1.3126921130817748 0.18714609236612942 0.078251622114761346 0.1414382842321566 0.18557300873305996 0.079726801390994043 1.9861901392039492 0.63607903055827697 0.66206747793733689 0.0054501382769728953 -1.0000000180025095e-35 0.15493723719418148 0.13477646780830724 0.84752303783195337 2.9700856263602158 0.99614229648569907 0.075001911052114068 2.249904835165133 0.44815688095222911 0.20149650036112113 10.013731125632228 0.19638806362534819
decision_type=2 8 2 2 8 2 10 10 10 2 2 10 10 10 10 10 2 2 2 2 2 2 8 10 10 8 10 10 2 2
left_child=1 2 3 20 5 6 8 19 -5 -10 11 -9 18 -14 15 16 -15 -18 -4 -8 -1 -13 -23 -7 -25 26 -12 -28 29 -27
right_child=-2 -3 12 4 -6 23 7 10 9 -11 25 21 13 14 -16 -17 17 -19 -20 -21 -22 22 -24 24 -26 28 27 -29 -30 -31
leaf_value=0.00061481768683245282 -0.00029004855681778724 0.00078380178129323973 -0.0027425941003605472 -0.00095779800728948872 0.00043196654982975572 0.00012379763618560494 0.00096603996043853287 0.00066122504344050931 -0.0041359435601087602 -0.00079861110884992806 -0.00066929473769630472 -4.7255972005961675e-05 0.00010449712372571178 -0.00081870771854885638 -1.7981836601858102e-05 -0.0002624665059466884 -0.00588762935484341 -0.0012803048160388373 0.00016769439003909032 -0.00094402111633070697 0.00014358573695779302 -0.0015853918058809419 -6.4267409569841082e-05 -0.00098531686086242862 0.00034035247762813543 -0.0010467777576687975 -0.002861753650037237 -0.004346498721188365 -0.00045095122924323138 0.00012144603110539402
leaf_weight=5261 2200 726 53 112 2000 3472 713 697 71 45 215 362 460 110 228 156 41 66 1223 66 9440 114 97 52 44 457 40 63 507 605
leaf_count=5261 2200 726 53 112 2000 3472 713 697 71 45 215 362 460 110 228 156 41 66 1223 66 9440 114 97 52 44 457 40 63 507 605
internal_value=0.000261239 0.000336691 0.000296963 0.000380986 1.60281e-05 -0.000270787 -0.000811044 -0.000589789 -0.00461135 -0.00830769 -0.00107631 2.36036e-05 -0.000581266 -0.00160734 -0.00303488 -0.00470856 -0.00719725 -0.01175 0.000272514 0.00138077 0.000622568 -0.0015 -0.0038066 0.000359765 -0.00383505 -0.00181621 -0.00387461 -0.00827885 -0.00139682 -0.000643462
internal_weight=29696 27496 26770 24433 9732 7732 4164 3936 228 116 3157 1270 2337 1061 601 373 217 107 1276 779 14701 573 211 3568 96 1887 318 103 1569 1062
internal_count=29696 27496 26770 24433 9732 7732 4164 3936 228 116 3157 1270 2337 1061 601 373 217 107 1276 779 14701 573 211 3568 96 1887 318 103 1569 1062
is_linear=0
shrinkage=0.03


Tree=114
num_leaves=31
num_cat=0
split_feature=0 10 2 12 16 1 8 1 3 17 14 10 15 8 4 15 17 15 6 3 12 4 4 3 14 3 0 14 4 8
split_gain=2.79186 2.55116 2.48992 2.10851 1.82743 1.80488 1.64646 3.22758 3.62611 3.11203 2.27586 2.64707 2.83174 2.45888 4.27266 3.52035 3.37206 2.5695 2.49234 2.47347 2.26729 2.00054 1.62042 2.91963 3.1827 4.22933 2.9944 1.8497 1.63051 1.61372
threshold=0.96462326206540805 0.50342019266596727 4.5653233755936773 0.293333151883096 -0.056459560924418652 0.11982905982905985 1.1448936087284924 0.13079116179615116 0.10938038207711569 0.18677583072169918 0.60099052275563392 3.8213124609692541 1.7005986908310777 1.9861901392039492 2180.4996019995165 2.740319461670996 2.351729683416766 2.0126758453675748 1.1945881276175954 0.031662345065125365 0.1518828757686608 450.61401117407735 1595.2637838982093 0.28447862667358442 0.50267161439108621 0.1363235361507612 1.100410341204521 0.3016847105438733 1393.8000962818094 1.0683540575708725
decision_type=10 8 10 2 8 8 8 8 2 10 2 8 10 8 10 10 10 10 2 2 2 8 10 2 2 2 10 2 8 8
left_child=-1 3 6 4 -2 -5 7 -3 9 -9 11 20 -13 14 -12 17 19 -16 -17 -15 -8 -21 23 24 25 -10 27 -27 -26 -6
right_child=1 2 -4 5 29 -7 10 8 22 -11 13 12 -14 16 15 18 -18 -19 -20 21 -22 -23 -24 -25 28 26 -28 -29 -30 -31
leaf_value=0.00068153583752582781 -0.00070362169913021843 0.0001347427505352928 0.00047719848993399178 -0.00080732833642983913 -0.00011380937666751282 0.00078066200762121171 0.00023759477047029769 -0.0023197862503969492 0.00041895697551637591 -0.00086610821127162008 -0.00016569567245527087 -0.0048202120263720963 -0.0011869059868402359 -0.0019486387044729834 -0.0010909073918662149 -0.00058747923343358216 -0.0010589119624264043 -0.0039283883468874958 0.00073206653926373758 -0.0009762686658575815 -3.1244757164167533e-05 0.00052058085618068568 9.1124719405206539e-05 -6.8299057478168985e-05 0.000393503354259207 -0.00019500229522023828 -0.0021303963074145674 -0.0017431474166662798 -0.0015384329982848282 0.00040028461972938618
leaf_weight=2468 227 1193 1191 494 559 148 5516 51 57 40 335 43 151 80 94 93 56 41 56 51 10083 629 128 398 75 58 69 41 42 5171
leaf_count=2468 227 1193 1191 494 559 148 5516 51 57 40 335 43 151 80 94 93 56 41 56 51 10083 629 128 398 75 58 69 41 42 5171
internal_value=0.000283208 0.000195429 3.07701e-05 0.000708636 0.000884693 -0.000923795 -5.10808e-05 -0.000833256 -0.00212812 -0.00779348 4.66656e-05 0.000150627 -0.00332308 -0.0010968 -0.00252097 -0.00522105 -1.46878e-05 -0.00871323 -0.00202 0.000512484 0.000194039 0.00110132 -0.00152589 -0.00206478 -0.00409329 -0.00617257 -0.00855621 -0.00513 -7.62711e-05 0.000989356
internal_weight=29638 27170 20571 6599 5957 642 19380 2152 959 91 17228 15793 194 1435 619 284 816 135 149 760 15599 680 868 740 342 225 168 99 117 5730
internal_count=29638 27170 20571 6599 5957 642 19380 2152 959 91 17228 15793 194 1435 619 284 816 135 149 760 15599 680 868 740 342 225 168 99 117 5730
is_linear=0
shrinkage=0.03


Tree=115
num_leaves=31
num_cat=0
split_feature=10 12 5 4 8 19 8 8 8 14 15 14 11 16 11 14 17 11 11 14 11 14 8 13 6 14 8 14 12 2
split_gain=2.37766 2.456 2.11228 1.97383 1.97238 2.45852 2.14511 3.39818 2.73948 2.18278 2.08496 2.27487 4.87989 1.95413 1.97509 2.08759 1.90516 1.82207 3.16139 1.81407 2.34196 2.15748 2.55839 2.00815 1.79976 1.76424 1.74915 1.74418 1.68998 1.65565
threshold=0.62098275491930344 0.29073505715327125 0.99614229648569907 1617.4979352047569 14.221795677881188 9.5000000000000018 1.1516655565334788 1.4135763943865316 1.135801684398184 0.17216792383753302 2.602003343538398 0.66206747793733689 9.5959088477917831 0.016835500984818379 10.546616940613026 0.69250565398909336 -0.017216487956926121 7.8238459708456229 7.4175802220539717 0.2492299096779412 10.750706838178237 0.52085925403621858 1.1017481853348934 0.0094775683688361218 1.0192324437327638 0.049519586267020292 1.0851917013020971 0.087619925206465235 0.10542760122448681 6.3426532660478641
decision_type=8 2 10 10 8 2 10 10 10 2 8 2 2 8 2 2 10 2 2 2 2 2 10 2 2 2 10 2 2 8
left_child=1 2 -1 -4 5 10 8 -8 19 -10 11 16 -13 -3 15 -15 25 18 -9 23 21 22 24 26 -21 -2 -7 -19 -6 -12
right_child=4 13 3 -5 28 6 7 17 9 -11 29 12 -14 14 -16 -17 -18 27 -20 20 -22 -23 -24 -25 -26 -27 -28 -29 -30 -31
leaf_value=0.00036032566521522729 -0.0045187687153295988 -0.001244144203764327 0.00019293150868325714 -0.00091873778016385819 0.00094764683721765969 0.00020367418529998796 0.00034386829144416535 -0.0031047354422078992 -0.00019153798108974455 -0.0020243998266385103 -0.00023100557680109468 -0.00020797667106049446 -0.0029613108207678608 0.00019691818678891086 -0.00084906367335597899 -0.0019003677032461627 1.2281791801892095e-05 0.00032213789741813461 -0.0039762277287429676 -0.00073843706596206696 0.00053709707016188579 -0.00060664481536187387 -0.00053152430332109991 0.00090107984644386546 -0.0019718528348756856 -0.00048110067616357005 -0.0014838069724775838 -0.00045048754536330677 0.00012807087055370674 0.00017967515192953394
leaf_weight=7926 45 60 42 60 929 48 1109 80 59 41 222 168 58 839 151 41 3183 264 44 40 45 101 48 246 47 522 51 1496 4980 6832
leaf_count=7926 45 60 42 60 929 48 1109 80 59 41 222 168 58 839 151 41 3183 264 44 40 45 101 48 246 47 522 51 1496 4980 6832
internal_value=0.000247532 0.000650987 0.000832482 -0.00343689 6.9413e-05 -0.000116135 -0.000783064 -0.000427856 -0.00224484 -0.00683168 0.000108784 -0.000440533 -0.00335683 -0.000684066 -0.000375 0.000170261 -0.00026393 -0.00120318 -0.004704 -0.00150239 -0.00328723 -0.00448101 -0.00694853 -4.33525e-05 -0.00998864 -0.00186444 -0.00363 -0.000954003 0.000532487 0.000418427
internal_weight=29777 9119 8028 102 20658 14749 3719 2993 726 100 11030 3976 226 1091 1031 880 3750 1884 124 626 281 236 135 345 87 567 99 1760 5909 7054
internal_count=29777 9119 8028 102 20658 14749 3719 2993 726 100 11030 3976 226 1091 1031 880 3750 1884 124 626 281 236 135 345 87 567 99 1760 5909 7054
is_linear=0
shrinkage=0.03


Tree=116
num_leaves=31
num_cat=0
split_feature=12 3 12 16 7 7 4 15 9 3 8 17 14 17 15 13 14 9 15 14 16 14 8 12 14 4 9 17 16 7
split_gain=2.45766 2.24032 2.40891 2.48618 2.26167 4.03057 2.21504 2.117 2.02712 1.82116 1.82032 5.44352 1.95631 1.81195 2.27147 2.30275 1.83455 3.22228 1.7801 1.84015 1.85649 2.28357 1.75095 2.28014 1.93041 3.43838 2.02977 2.60466 1.91507 1.73993
threshold=0.45382974989356978 0.12500882241104497 -0.017795958552420995 -0.0820776103524294 0.13429112161815146 0.18938145111345303 346.22681012401114 1.8688348091416842 0.17282509774396831 0.19340407389546813 9.3455676134555592 3.9131647042326239 0.16348551930510755 0.95497662265565875 2.602003343538398 0.081465004314766151 0.069160859213716855 0.0065764796462273482 3.3497501700808394 0.32109755515639499 0.42462165738153673 0.034912825999758625 1.1068051476133018 0.095765752624475745 0.61135725184259637 2220.5057455915776 0.0052366209641751468 0.1733275192468289 0.96290955197533135 0.19047439645004785
decision_type=2 2 2 8 8 8 10 10 8 2 8 8 2 10 8 2 2 10 8 2 8 2 8 2 2 10 10 8 8 8
left_child=1 18 6 4 -4 -6 -3 8 9 -2 11 -9 -12 22 15 16 -15 -18 19 20 -1 -22 -5 24 26 -26 27 -24 -25 -16
right_child=7 2 3 13 5 -7 -8 10 -10 -11 12 -13 -14 14 29 -17 17 -19 -20 -21 21 -23 23 28 25 -27 -28 -29 -30 -31
leaf_value=0.00031569184599452346 -0.00028635712424571392 -0.00049246053213875592 0.00035434940868530902 -0.00022032532476457334 -0.0037457656827750343 -0.00042567905759850045 0.0012590895490674451 -0.0011604490452694111 -0.0037914598333079735 0.00056233775961938139 -0.0015179397149336585 -0.0085389813749900123 0.00020126687332832263 0.00023424177779018458 -0.00031065799436649788 -0.0027820280257286134 -0.001607270946546466 -0.0004957307354328123 0.00036696305713143434 -0.0001066446582902952 -0.00093234140227100638 -4.0134452820448854e-05 0.00017836917817737132 -1.2677525052253702e-05 0.00023152168794480515 -0.00046333664333091568 0.00062979382489258113 -0.0029313047118324923 0.0010638194161185193 0.00078135673346644815
leaf_weight=5274 386 387 93 1826 72 120 1016 220 56 512 106 56 282 139 377 100 85 518 2874 2194 45 393 68 8745 163 61 2706 40 365 410
leaf_count=5274 386 387 93 1826 72 120 1016 220 56 512 106 56 282 139 377 100 85 518 2874 2194 45 393 68 8745 163 61 2706 40 365 410
internal_value=0.000243415 0.000308956 9.73284e-05 -7.9299e-06 -0.00277972 -0.00463212 0.00128846 -0.000893144 1.25656e-05 0.000360401 -0.00219248 -0.00405054 -0.000863753 4.28737e-05 -0.000903681 -0.00198576 -0.00140511 -0.00212086 0.000648363 0.000415834 0.000699457 -0.0011754 0.000153274 0.00028348 0.000995064 -0.00168 0.00120853 -0.00280734 4.60982e-05 0.000255076
internal_weight=29689 28071 17291 15888 285 192 1403 1618 954 898 664 276 388 15603 1629 842 742 603 10780 7906 5712 438 13974 12148 3038 224 2814 108 9110 787
internal_count=29689 28071 17291 15888 285 192 1403 1618 954 898 664 276 388 15603 1629 842 742 603 10780 7906 5712 438 13974 12148 3038 224 2814 108 9110 787
is_linear=0
shrinkage=0.03


Tree=117
num_leaves=31
num_cat=0
split_feature=0 14 3 12 14 5 2 1 17 16 14 14 17 7 13 16 17 16 1 11 12 17 9 14 9 3 3 13 0 16
split_gain=2.53567 2.27345 2.04329 2.17817 3.39013 2.03289 2.10969 5.62715 2.20139 2.2893 2.11442 2.06334 1.86552 1.99186 2.53742 3.33157 4.38721 3.60926 3.1347 1.7668 1.75604 1.73491 1.73328 4.26524 2.7381 3.72763 1.72659 1.64889 3.10343 1.58771
threshold=0.96462326206540805 0.60099052275563392 0.13230428380370199 0.4194043292224246 0.10384539162779355 0.73727351164797261 5.6782608891448199 0.034683239775461068 0.86765612409901716 0.78165754193712667 0.34153829716896783 0.047145811774646711 2.6844859018881082 0.34625573412893568 0.0066064971524219399 0.33040847953189473 0.60257245135804671 -0.013608416113083039 0.13172353961827646 5.9121498248393989 0.40335278455539397 0.2384998778396131 0.045245511374807666 0.29900535273130452 0.054235805098685426 0.15458279366853997 0.19970007383005603 0.051190659286648274 1.4434687993611437 -0.0820776103524294
decision_type=10 2 2 2 2 8 8 10 8 8 2 2 10 8 2 10 10 8 10 2 2 8 8 2 10 2 2 2 10 10
left_child=20 2 3 19 -5 -4 7 -7 9 29 11 -10 13 14 15 17 -17 -3 -19 21 -1 -2 -13 24 -24 -26 -14 28 -21 -8
right_child=1 12 5 4 -6 6 8 -9 10 -11 -12 22 26 -15 -16 16 -18 18 -20 27 -22 -23 23 -25 25 -27 -28 -29 -30 -31
leaf_value=0.00099801440609983104 0.000113468782575679 -0.0024178431362701022 0.00087303150495199094 -0.0010916605671379722 -8.5913081793255331e-05 -0.0007905919620603809 -0.0013696205383783879 0.00022508957247907102 0.00063416630317835614 0.0011581216219614173 0.0008393126490833559 -0.00030878024385716247 -0.00099030509427835089 0.00038265312833460835 -1.4761967543307569e-05 -0.0038187424050936019 -0.00027529288481607783 0.00031371596561750365 -0.00062714261812908526 0.00084422124985109633 -0.00019670930774148189 -0.0086304056550592593 -0.002918864976613081 -0.0036656606765356615 -0.0023777504087933764 -7.6654671394960544e-05 -0.0003203900136996975 7.0197965801979358e-05 0.00020038755742253061 4.9336439268519118e-05
leaf_weight=2033 53 42 363 63 406 65 236 118 264 403 306 879 40 403 1216 67 78 331 127 1965 419 40 90 53 74 432 40 3861 4074 11313
leaf_count=2033 53 42 363 63 406 65 236 118 264 403 306 879 40 403 1216 67 78 331 127 1965 419 40 90 53 74 432 40 3861 4074 11313
internal_value=0.000264679 0.000181951 0.000265533 0.000585492 -0.00141064 3.61719e-05 -2.04439e-05 -0.00321196 2.13509e-05 0.0001787 -0.000874702 -0.00126827 -0.000711301 -0.000550993 -0.000965091 -0.00248452 -0.0064726 -0.00131737 -0.000535948 0.000679308 0.00118875 -0.00341489 -0.0016913 -0.00286615 -0.00213065 -0.00126627 -0.00518518 0.000718109 0.00102765 0.000101039
internal_weight=29854 27402 25058 10462 469 14596 14233 183 14050 11952 2098 1792 2344 2264 1861 645 145 500 458 9993 2452 93 1528 649 596 506 80 9900 6039 11549
internal_count=29854 27402 25058 10462 469 14596 14233 183 14050 11952 2098 1792 2344 2264 1861 645 145 500 458 9993 2452 93 1528 649 596 506 80 9900 6039 11549
is_linear=0
shrinkage=0.03


Tree=118
num_leaves=31
num_cat=0
split_feature=0 14 3 16 16 10 4 8 5 8 12 13 11 16 4 1 3 11 13 8 8 13 14 1 1 12 14 3 14 3
split_gain=2.6266 2.48495 2.62416 2.52333 2.11856 2.11082 2.1029 2.45062 2.4715 2.09588 3.59029 3.52965 3.10742 4.58663 3.4875 4.06118 2.26189 2.24008 2.03042 2.31043 1.874 2.11608 2.90921 1.82399 1.66251 2.35669 2.17387 1.9265 5.30525 2.51853
threshold=0.96462326206540805 0.60099052275563392 1.0000000180025095e-35 0.305337458959136 0.31912430209104464 3.8213124609692541 2220.5057455915776 1.9189184677234998 0.32583417593528824 1.1629638694748345 0.1300871945324609 0.10641213945904916 10.122422258269522 0.20845529954609879 1606.0152625406665 0.27622890682318418 0.039907498852240396 7.0089570573954596 0.1013818682691187 3.2054170487142835 3.5549190549935616 0.01129393379519412 0.67140062212943341 0.2303271441202476 0.11982905982905985 0.031339705401052249 0.056909114681247798 0.44051853728247609 0.024874745753742142 0.28773379227399071
decision_type=10 2 2 8 10 8 10 8 10 8 2 2 2 10 10 10 2 2 2 8 8 2 2 10 8 2 2 2 2 2
left_child=-1 5 3 -3 6 9 -4 8 -8 11 17 24 13 14 15 -13 -12 -11 19 -7 21 22 -6 -18 26 -26 -2 29 -29 -27
right_child=1 2 4 -5 20 18 7 -9 -10 10 16 12 -14 -15 -16 -17 23 -19 -20 -21 -22 -23 -24 -25 25 27 -28 28 -30 -31
leaf_value=0.00063663528268268789 -0.00034203979679821539 -0.0028465353026372012 0.00029692374291665592 -1.2305413644679487e-06 -0.00051566601535489814 -0.0054895029183625651 -0.00058412111404225627 0.00036487417366041304 0.0003803646210946597 -0.0051203810296641247 0.00066782671873777757 3.9824455599729605e-05 -0.00012997543437124966 0.00063201551189993334 -0.0020636422167811803 -0.0022780382135097685 -8.5749968388509672e-06 0.00044603877955892105 0.00016982400947978193 -0.0014304778038881144 4.7412149968104795e-05 -0.00034631408434217828 -0.0033295722785895358 0.00039981782155830637 0.00079869941077771094 -0.00054878638591075431 0.00041647995137478715 0.00045631686070781439 -0.0013656326652077254 0.00081214055319228846
leaf_weight=2477 359 49 1082 44 102 40 262 149 59 83 1174 58 408 48 41 40 12275 6026 85 85 258 257 65 1042 397 556 1686 79 97 341
leaf_count=2477 359 49 1082 44 102 40 262 149 59 83 1174 58 408 48 41 40 12275 6026 85 85 258 257 65 1042 397 556 1686 79 97 341
internal_value=0.000284003 0.00019895 -0.000738402 -0.00564894 -0.000531544 0.000286505 8.11334e-05 -0.00159236 -0.00306522 0.000312007 0.000435416 -0.000306495 -0.00244128 -0.00563298 -0.00837857 -0.00521212 0.000178236 0.00104534 -0.00270142 -0.00511905 -0.00192387 -0.00314824 -0.00576786 6.6902e-05 5.54609e-05 -0.0007138 0.000608504 -0.00144413 -0.00430508 -0.000878619
internal_weight=29724 27247 2327 93 2234 24920 1552 470 321 24710 20600 4110 595 187 139 98 14491 6109 210 125 682 424 167 13317 3515 1470 2045 1073 176 897
internal_count=29724 27247 2327 93 2234 24920 1552 470 321 24710 20600 4110 595 187 139 98 14491 6109 210 125 682 424 167 13317 3515 1470 2045 1073 176 897
is_linear=0
shrinkage=0.03


Tree=119
num_leaves=31
num_cat=0
split_feature=0 11 8 7 6 14 14 5 2 1 17 4 12 11 0 17 14 13 15 9 8 15 14 15 13 11 9 14 15 11
split_gain=3.0164 2.10277 3.12897 4.47767 2.28422 3.61192 2.14427 1.82113 2.47087 2.02104 2.69121 2.93196 1.75592 2.82241 4.12202 4.42638 3.77292 2.35972 3.27286 4.16003 4.06128 3.75727 2.35275 3.71964 2.97158 3.24696 4.11186 2.77692 3.29157 4.37128
threshold=0.96462326206540805 8.3921966948214717 7.7954471304838604 0.4577175889461092 3.3455697212623825 0.17858628084352038 0.75085549114344441 0.63923937015951182 5.2663577519871456 0.18490028490028496 0.35776624497939219 1662.2848815406999 0.29886410963556292 10.579755578206015 2.9150347373933299 0.65665642392252033 0.19928135542552586 0.048338929168270359 3.1567740231385479 0.0065764796462273482 1.0554537821113157 2.9174053685313028 0.060220462704673579 3.0201273556387074 0.0094775683688361218 10.085809108462028 0.12389983757441446 0.6061035485807782 3.2769667020129059 9.9968640455320088
decision_type=10 2 8 10 2 2 2 8 8 10 10 10 2 2 8 10 2 2 10 10 10 8 2 10 2 2 8 2 8 2
left_child=-1 2 3 4 6 -6 -2 -3 9 10 11 -9 17 -14 -15 16 -16 22 19 21 -21 -19 23 -10 25 -25 -27 -24 29 -29
right_child=1 7 -4 -5 5 -7 -8 8 12 -11 -12 -13 13 14 15 -17 -18 18 -20 20 -22 -23 27 24 -26 26 -28 28 -30 -31
leaf_value=0.00062085941757251126 -0.00024566039623696303 0.00043761235986473934 0.00022478962180442482 -0.0045819027037438649 -0.0040893573635468862 -5.8566729016882626e-06 -0.0010037856604552691 -0.0013193439071009271 0.00038072456458980295 0.00022336277416102839 -4.2671547711301601e-06 -0.00034970640514827536 1.3784619217605531e-05 7.2669210767954852e-05 -0.0012313554787259401 -0.0004359372766941735 -0.0017014128451157942 -0.00021205816216970106 0.00021145130642414225 -0.0010992692551221568 -4.5586375602980095e-05 -0.0037346632428986682 0.0004878824527357633 -0.00045507615611136033 4.0979360558559004e-05 -0.0007404873983809057 -0.0012680794428564968 0.00016772625110359607 0.00059825268843379409 -0.0012487481189523933
leaf_weight=2457 1484 629 1182 75 44 55 52 61 841 122 93 58 3485 305 47 153 41 73 3641 114 4611 42 8206 239 467 136 66 343 235 309
leaf_count=2457 1484 629 1182 75 44 55 52 61 841 122 93 58 3485 305 47 153 41 73 3641 114 4611 42 8206 239 467 136 66 343 235 309
internal_value=0.000308019 0.000217089 -0.000547528 -0.00136762 -0.00103606 -0.00543 -0.000749512 0.000308044 0.000265693 -0.00229254 -0.00405634 -0.007025 0.000302376 -0.000267113 -0.00227057 -0.00519421 -0.0105169 0.000421186 4.63335e-05 -0.00046478 -0.000326915 -0.00607759 0.000714378 -0.000293143 -0.00162376 -0.00338688 -0.00617734 0.000908181 -0.000685811 -0.00178254
internal_weight=29666 27209 2892 1710 1635 99 1536 24317 23688 334 212 119 23354 4031 546 241 88 19323 8481 4840 4725 115 10842 1749 908 441 202 9093 887 652
internal_count=29666 27209 2892 1710 1635 99 1536 24317 23688 334 212 119 23354 4031 546 241 88 19323 8481 4840 4725 115 10842 1749 908 441 202 9093 887 652
is_linear=0
shrinkage=0.03


Tree=120
num_leaves=31
num_cat=0
split_feature=12 3 12 10 8 0 7 4 17 8 8 8 0 3 9 11 1 1 11 16 4 9 11 4 16 17 2 6 7 16
split_gain=2.77559 2.50534 2.49075 2.90806 1.74892 1.68929 2.37556 2.83854 2.27904 2.36856 2.09949 1.44937 2.3654 1.942 4.57719 1.59168 1.57992 2.19215 2.25823 1.44244 1.87998 1.52585 1.44066 1.43342 1.42556 2.01848 1.41107 1.39002 1.38839 1.38754
threshold=0.10296310373030872 0.11375288736940055 0.45382974989356978 1.2758109793993817 188.66643358140553 1.4154178509226882 0.13098227119992306 945.95594411299919 0.068634306237170886 1.3121384400622722 1.2327398972471633 1.1216701199597086 1.0027587458182372 0.1085353857131805 0.1781363926871834 10.168751454956704 0.16141439205955335 0.22756041426927506 9.7190537661039968 -0.12073718189338688 1920.9911068568319 1.0000000180025095e-35 9.4363996675759427 1361.6965319219098 0.78165754193712667 0.9008421577867588 4.691205225347562 6.3584536575114683 0.22726933078537306 0.44722467799298082
decision_type=2 2 2 10 8 10 10 10 10 10 8 8 10 2 10 2 8 8 2 8 10 10 2 8 8 8 8 2 10 10
left_child=11 2 5 -4 -5 10 7 -7 9 -9 -2 12 23 14 -14 16 -15 18 -18 20 -8 -21 -6 -1 27 -26 -23 -3 -29 -28
right_child=1 24 3 4 22 6 19 8 -10 -11 -12 -13 13 15 -16 -17 17 -19 -20 21 -22 26 -24 -25 25 -27 29 28 -30 -31
leaf_value=0.00088079303520332099 -0.00021498442391114145 -6.8394459917701236e-05 0.00059655634354254742 -0.0020641306215540699 -0.00080952828469266875 -0.0024910035063581085 0.00028713101347406641 0.00071854947499899713 0.00062804154582444247 -0.0011588156545204915 0.00052841505315629779 0.0003881650217874083 -0.00036902876440853249 5.417132181520954e-06 -0.0013467664992828339 0.00014030332959815895 -0.0014711799466338988 -0.00052200545204322021 -0.00099506145504841452 -0.0021353984933884687 -0.0027694496921646756 -0.00080637723150585522 0.00031313244682080332 -0.00017083436679183071 0.00082856877026418448 -0.00010854295644051307 0.00025301808427006194 -0.002040147442374136 0.0014600744295093604 -0.0003460977765516901
leaf_weight=891 277 11737 118 83 51 71 68 40 124 40 1342 6656 97 454 43 545 43 215 81 64 45 48 43 246 511 593 4625 188 43 221
leaf_count=891 277 11737 118 83 51 71 68 40 124 40 1342 6656 97 454 43 545 43 215 81 64 45 48 43 246 511 593 4625 188 43 221
internal_value=0.000265809 6.96406e-05 0.000516458 -0.00217905 -0.00460112 0.000630922 0.000373668 -0.00233696 -0.000526829 -0.00444444 0.00147963 0.000695966 9.74772e-05 -0.000693712 -0.00404255 -0.000340553 -0.00119773 -0.00274412 -0.005904 0.000521096 -0.00281579 0.000597701 -0.00176842 0.00112566 -0.000178536 0.000852489 0.000658223 -0.000273707 -0.00257328 0.000709305
internal_weight=29603 20332 7260 295 177 6965 5346 275 204 80 1619 9271 2615 1478 140 1338 793 339 124 5071 113 4958 94 1137 13072 1104 4894 11968 231 4846
internal_count=29603 20332 7260 295 177 6965 5346 275 204 80 1619 9271 2615 1478 140 1338 793 339 124 5071 113 4958 94 1137 13072 1104 4894 11968 231 4846
is_linear=0
shrinkage=0.03


Tree=121
num_leaves=31
num_cat=0
split_feature=12 11 8 0 13 11 14 14 0 15 12 0 8 16 16 14 6 19 7 8 16 1 14 12 13 11 16 15 11 7
split_gain=2.58649 2.18392 2.00159 2.08677 1.9924 2.0271 1.887 1.85887 2.15089 2.16865 1.82219 2.81534 1.8182 1.75989 1.80491 2.66442 1.78608 1.70106 1.63839 1.63283 1.59478 1.53352 1.94384 1.84762 2.01354 1.45612 1.38137 1.43855 1.96221 1.68354
threshold=0.10296310373030872 7.9228047664642416 1.1595081914547225 1202.4166666666667 0.12179242435668199 10.122422258269522 0.049519586267020292 0.81360058546990566 0.87275248368155089 2.524928003624769 0.36593090772450171 1.5311531278433128 2.8841277947130028 -0.056459560924418652 0.45428169467677443 0.76362145860727693 -0.52329035073335251 8.5000000000000018 0.43805807059642371 176.4355753569518 0.78165754193712667 0.20864427860696524 0.54375050152109006 0.20570661485140021 0.039627719110236527 9.688591149329703 0.78165754193712667 2.602003343538398 10.579755578206015 0.24056061677237797
decision_type=2 2 10 8 2 2 2 2 10 10 2 10 10 8 10 2 2 2 8 10 10 10 2 2 2 2 10 8 2 10
left_child=1 7 4 10 -2 -6 12 8 -1 18 13 -12 -5 21 19 16 -16 -18 -10 -15 -19 22 23 -4 25 -25 27 -13 -29 -30
right_child=2 -3 3 6 5 -7 -8 -9 9 -11 11 26 -14 14 15 -17 17 20 -20 -21 -22 -23 -24 24 -26 -27 -28 28 29 -31
leaf_value=0.0024315037110832056 -0.00023032576074407402 0.0003038743193843184 0.00072380361678752597 0.0014002985774844341 -0.0020202173406149797 -7.5791873572070197e-05 0.00053182926611841847 -0.0013619116438302484 -0.00026747731304700354 -0.0013485456454517212 -0.0037271554545876304 -0.00048540463220374838 -0.00062054817242209988 8.2159481948014629e-05 -0.0038228276827512735 -0.0018502785247513068 0.00023141041869232409 -0.00074589314455605199 -0.0045664108480550107 0.00078818529129706238 0.00054072596984059719 -0.0032021198801973887 -0.0025524139633158315 0.0021440128169962283 -0.0017326079423702252 -0.002014723150983676 0.00076069311851618981 0.00039696342094034206 -0.0010759552088246203 -0.00037703765930199385
leaf_weight=204 1662 8275 264 46 40 40 823 42 619 49 72 1541 63 12625 63 46 710 272 40 631 57 41 40 65 44 50 113 855 40 126
leaf_count=204 1662 8275 264 46 40 40 823 42 619 49 72 1541 63 12625 63 46 710 272 40 631 57 41 40 65 44 50 113 855 40 126
internal_value=0.000200751 0.000617227 1.16578e-05 0.000102808 -0.000960413 -0.00555556 0.00148553 -0.000741361 -0.00045345 -0.00123554 2.9735e-05 -0.000680131 -0.00220909 0.000160574 0.00022159 -0.00091906 -0.000620127 -0.000320192 -0.000777273 0.000320435 -0.0021 -0.0015802 -0.00107974 -0.000474056 -0.00301875 -0.000905172 -0.0005213 -0.000664846 0.000208415 -0.00276647
internal_weight=29558 9229 20329 18587 1742 80 932 954 912 708 17655 2747 109 14908 14404 1148 1102 1039 659 13256 329 504 463 423 159 115 2675 2562 1021 166
internal_count=29558 9229 20329 18587 1742 80 932 954 912 708 17655 2747 109 14908 14404 1148 1102 1039 659 13256 329 504 463 423 159 115 2675 2562 1021 166
is_linear=0
shrinkage=0.03


Tree=122
num_leaves=31
num_cat=0
split_feature=12 0 14 1 12 4 8 4 9 9 9 11 6 8 4 10 13 14 14 13 17 16 17 12 19 1 4 9 11 17
split_gain=2.38531 3.49582 3.10598 2.98005 1.98982 2.15886 2.90096 2.33568 3.57908 2.70261 2.03804 2.96869 1.81779 2.16975 2.09154 2.52011 2.10391 2.42895 2.39827 5.20822 2.14037 2.09714 2.35616 3.08168 2.84933 1.987 2.49369 2.1164 1.9796 1.93436
threshold=0.36096982675827866 46.498798076923087 0.81360058546990566 0.11145617667356801 0.066080348251881041 419.5603166515196 1.003761306096179 346.22681012401114 0.0092517436267436307 0.091102451778463989 0.046914819859710064 10.904367563441744 -0.52329035073335251 42.690681361517356 6151.5519425694483 1.7059816983510441 0.049461179767113304 0.089219491341129276 0.66206747793733689 1.0000000180025095e-35 1.2467163084516091 0.44722467799298082 0.4074787665068868 0.20899306412645127 7.5000000000000009 0.1038074712643678 2861.5397356906492 0.075316982025163459 9.3502327396831415 1.0906491078269227
decision_type=2 8 2 8 2 8 8 10 10 10 10 2 2 10 10 10 2 2 2 2 10 8 10 2 2 10 10 10 2 8
left_child=1 2 4 -4 -1 7 -7 -6 -9 -10 -8 12 25 14 16 -16 17 21 29 -20 -18 22 28 24 -24 -12 27 -27 -14 -19
right_child=-2 -3 3 -5 5 6 10 8 9 -11 11 -13 13 -15 15 -17 20 18 19 -21 -22 -23 23 -25 -26 26 -28 -29 -30 -31
leaf_value=0.00037784884010541808 -0.00019234937696225755 0.0015115253325624107 -0.0014527749717912852 0.00029067577429505473 -3.3164846500486876e-05 -0.0012977416986239014 0.00028029840019894121 -0.0019649997756581231 0.00039684027365198077 -0.0013616934784538668 -1.5313115075914435e-05 0.0003860632543138229 -0.002255312626146597 0.00041042847661163688 -0.0019859960275367267 0.00055994886072648141 -0.00015499695238854205 0.00031943463992547969 -0.0029833229716319182 0.00042283249829848423 -0.0011489832390707876 0.00073829000027220018 -0.00052869927400361059 0.0002089077791644898 -0.0014071996563774143 -0.0018773571737564717 -0.0024354909799892011 -0.00021634073599395535 8.4336442409930549e-05 -0.00044640264955861408
leaf_weight=5772 3633 554 46 45 857 77 6858 86 177 66 379 1782 70 1009 60 45 2809 3708 76 96 170 98 139 89 79 41 43 230 448 212
leaf_count=5772 3633 554 46 45 857 77 6858 86 177 66 379 1782 70 1009 60 45 2809 3708 76 96 170 98 139 89 79 41 43 230 448 212
internal_value=0.000268594 0.00036877 0.000317624 -0.00518478 0.000337481 0.000193961 0.000273449 -0.00104634 -0.00319091 -0.00131557 0.000297853 5.51624e-05 -0.000149663 -3.68865e-05 -0.00020037 -0.00438679 -0.00014484 0.000230263 0.000543855 -0.00291329 -0.000776174 -0.00115909 -0.00165254 -0.00373052 -0.00564384 -0.00162968 -0.00339048 -0.00230515 -0.000416185 0.000696251
internal_weight=29754 26121 25567 91 25476 19704 18518 1186 329 243 18441 11583 9801 9108 8099 105 7994 5015 4092 172 2979 923 825 307 218 693 314 271 518 3920
internal_count=29754 26121 25567 91 25476 19704 18518 1186 329 243 18441 11583 9801 9108 8099 105 7994 5015 4092 172 2979 923 825 307 218 693 314 271 518 3920
is_linear=0
shrinkage=0.03


Tree=123
num_leaves=31
num_cat=0
split_feature=0 8 12 16 4 1 11 11 14 1 2 7 14 11 4 9 4 17 16 11 14 11 12 16 6 17 4 4 1 11
split_gain=2.79688 2.50316 2.85914 2.55689 1.88024 3.33784 3.35231 1.83149 1.78283 3.03911 2.04995 1.77184 3.41837 3.19874 3.22938 1.91483 1.64673 2.51173 1.98245 1.75512 1.58375 1.55536 1.54373 1.53452 1.80111 2.63148 1.52157 1.52118 1.85026 2.62528
threshold=0.96462326206540805 1.1121553630415657 0.13125259409966808 -0.29867548700729124 1361.6965319219098 0.060737812911725926 9.490355628652944 5.173316863805991 0.48855055776476641 0.1482928240740741 6.0709027408459493 0.1320191828787218 0.064510087291076601 10.132155814295237 1525.0176227904838 0.14950538523484178 1771.8528255561509 -0.012862231510444888 -0.042650697267831571 7.9228047664642416 0.59311561807020496 9.9968640455320088 0.48560406362632996 0.081730939032740244 0.45798907334672972 0.36207903875317465 121.38065334687845 1098.7338646504586 0.2303271441202476 9.6781541031871861
decision_type=10 8 2 10 10 10 2 2 2 8 8 10 2 2 10 10 10 10 10 2 2 2 2 10 2 10 8 8 10 2
left_child=22 4 3 -3 26 -6 -7 -4 27 10 -10 12 13 -9 -15 -13 18 -18 -12 -20 21 -8 -1 -19 -25 -26 -2 28 -5 -30
right_child=1 2 7 8 5 6 20 11 9 -11 16 15 -14 14 -16 -17 17 23 19 -21 -22 -23 -24 24 25 -27 -28 -29 29 -31
leaf_value=0.00074324525112403836 -0.0015876338518950239 -0.0034561819957155101 -0.007110829932330252 0.00030979321024974274 0.00025160567961249759 -0.0019473446603264276 0.0016426796477269662 -0.00049353074699551801 -0.00064481112560499636 0.00043395938806843094 -0.0015646181984814165 2.5681340328422379e-05 -0.00010067012214676473 -0.0015025366617875098 -0.00040603059135793239 0.00040013264328443411 -0.00053803725310556927 0.00050711714561562672 -0.00081903199996490972 0.00028491496412475745 -0.001970221708968239 -0.00061178045061255338 -0.00039609760171387511 4.8705247579822759e-07 0.00011874832903603741 -0.0015836451365173131 -1.430509902576865e-06 0.00051749931144516592 -0.0014478038585287877 0.00020120092100696415
leaf_weight=2198 138 49 52 2052 235 42 48 81 42 603 66 13068 2045 41 40 995 52 125 67 445 57 259 245 117 51 76 1720 4275 142 137
leaf_count=2198 138 49 52 2052 235 42 48 81 42 603 66 13068 2045 41 40 995 52 125 67 445 57 259 245 117 51 76 1720 4275 142 137
internal_value=0.000246888 0.000159286 0.000251117 0.000704458 -0.0007452 -0.00214486 -0.0037887 2.05846e-05 0.000745364 -0.000138602 -0.00111996 3.87193e-05 -0.000751359 -0.00493252 -0.00910976 0.000162756 -0.000843 -0.00226777 0.000196891 0.000830409 -0.00284384 -0.00197727 0.0012189 -0.00138649 -0.00276735 -0.00522656 -0.000261431 0.00096534 0.000348628 -0.00193929
internal_weight=29563 27120 24621 8299 2499 641 406 16322 8250 1644 1041 16270 2207 162 81 14063 999 421 578 512 364 307 2443 369 244 127 1858 6606 2331 279
internal_count=29563 27120 24621 8299 2499 641 406 16322 8250 1644 1041 16270 2207 162 81 14063 999 421 578 512 364 307 2443 369 244 127 1858 6606 2331 279
is_linear=0
shrinkage=0.03


Tree=124
num_leaves=31
num_cat=0
split_feature=12 0 9 4 10 11 15 13 0 4 9 13 8 12 15 10 8 11 19 9 13 13 4 17 16 11 4 6 17 0
split_gain=2.13531 3.58012 1.95977 3.07027 2.83576 2.17046 2.05937 3.88716 2.83644 1.96565 2.69651 3.43346 1.95607 3.45144 3.34648 2.73491 2.73642 1.72013 1.67705 2.17054 1.55955 3.30162 2.52605 4.01663 2.12763 2.36891 2.16968 1.87501 1.7796 1.989
threshold=0.36096982675827866 7.2265881862505212 0.046914819859710064 435.55285900253938 0.5108825414828948 10.917676020672403 4.1190041246092024 0.12818458859499723 1.4256098303368361 346.22681012401114 0.0092517436267436307 0.018762647082399823 1.7402553913825229 0.28257079903430699 2.4414009612931857 0.78347173537523518 1.0554537821113157 10.579755578206015 4.5000000000000009 0.066914569084974687 0.12934309090270635 0.048338929168270359 771.81464299958145 0.10658072923542912 0.21533546867031236 10.059636234111357 5219.4247356016449 -0.52329035073335251 1.3628380363330179 1.0119936760634449
decision_type=2 8 8 10 8 2 10 2 10 10 10 2 8 2 8 10 10 2 2 10 2 2 10 10 10 2 10 2 10 10
left_child=1 2 3 9 18 20 -5 8 -8 12 11 -11 13 14 -1 16 -16 -2 -4 -20 21 24 23 -22 -6 27 28 -26 29 -27
right_child=17 -3 4 6 5 -7 7 -9 -10 10 -12 -13 -14 -15 15 -17 -18 -19 19 -21 22 -23 -24 -25 25 26 -28 -29 -30 -31
leaf_value=0.00039184804683381437 -8.5824419725062103e-05 0.0014385285305006435 0.00048392965127566276 0.00039591560557761376 0.00015620753850799864 0.0003331492170268214 -0.00016580836242789372 0.00067846246097570001 -0.00083157879688029528 -0.0017242471200089508 0.0018492315399665535 -2.408492252248584e-05 0.00036496531249762259 -0.0069235627302718728 -0.0050825990506854889 -0.0049636615078976045 0.00039220128556782108 -0.00069719970050367657 -0.00041265291436718793 0.00022762840174679632 -0.00098529190552597724 -0.00044354239886462167 0.0003740303423797937 0.00025312058341476286 -0.0039489186533115108 0.0014484174047207862 -0.0021793752146224807 3.944707600577328e-05 0.00045680271678309519 -0.00066308398047565224
leaf_weight=357 3351 769 1373 7082 4206 1280 64 96 66 87 76 60 680 46 45 54 85 233 319 2726 61 2996 939 112 51 86 47 1611 87 527
leaf_count=357 3351 769 1373 7082 4206 1280 64 96 66 87 76 60 680 46 45 54 85 233 319 2726 61 2996 939 112 51 86 47 1611 87 527
internal_value=0.000262943 0.000357613 0.000296075 0.000657348 0.000102485 -0.000136704 0.000910385 -0.00190308 -0.00526718 -0.000583501 -0.00317411 -0.00553378 -0.000125394 -0.00139286 -0.000714022 -0.00398919 -0.00160305 -0.000423431 0.000752206 0.000359488 -0.00027611 -0.000399188 0.000787062 -0.00253448 -2.49394e-05 -0.000735685 -0.0021377 -0.00010463 -0.00171184 -0.00228176
internal_weight=29572 25988 25219 8798 16421 12003 7308 226 130 1490 223 147 1267 587 541 184 130 3584 4418 3045 10723 9611 1112 173 6615 2409 747 1662 700 613
internal_count=29572 25988 25219 8798 16421 12003 7308 226 130 1490 223 147 1267 587 541 184 130 3584 4418 3045 10723 9611 1112 173 6615 2409 747 1662 700 613
is_linear=0
shrinkage=0.03


Tree=125
num_leaves=31
num_cat=0
split_feature=12 7 9 3 8 15 9 2 15 7 11 13 1 11 15 15 11 16 8 9 12 8 3 11 1 3 3 8 8 0
split_gain=1.94801 2.81504 2.83198 2.43026 2.42201 2.04608 1.97174 3.20843 2.2461 2.28774 4.41316 2.39518 1.9196 2.11646 1.7261 1.7236 2.02505 2.26481 1.70403 1.6554 1.60615 2.17399 3.51703 1.74958 3.48873 1.54366 1.50539 1.73946 1.8351 2.5495
threshold=0.076978893112213079 0.087356721570878565 0.13873673128881892 0.048911265540666923 1.2362576996874595 3.6505739029280164 0.079301927706968187 6.4899185194435338 2.8617925509761908 0.038720072312170818 9.778519390170862 0.12818458859499723 0.28024390243902447 10.444517401175647 2.1383330595080281 2.740319461670996 10.703401758144585 0.02625975887598828 1.0851917013020971 0.0065764796462273482 -0.023160206613948905 1.1177707961241727 0.10203296356464139 9.698981732724631 0.23166368515205724 0.42149287120041307 0.4341986824280461 9.3455676134555592 1.7791890953954175 0.82465695841346298
decision_type=2 8 10 2 10 10 10 8 8 10 2 2 10 2 10 10 2 10 10 8 2 10 2 2 10 2 2 10 8 8
left_child=15 5 3 -3 -4 6 7 -2 14 -10 -11 12 13 -12 18 16 26 -18 -8 -17 -21 22 -22 24 -23 -25 27 28 -1 -30
right_child=1 2 4 -5 -6 -7 8 -9 9 10 11 -13 -14 -15 -16 19 17 -19 -20 20 21 23 -24 25 -26 -27 -28 -29 29 -31
leaf_value=1.0398747542914093e-06 -0.000824782650661042 0.00035771283768608499 -0.00044669337841267426 -1.97193131134507e-05 0.0003814939666458711 0.00036235069907638668 -0.0012476275080571014 0.00012263761487862383 0.00010037344657510275 -0.0023103829227652342 -0.00056102134953850045 0.00088577058765008433 -0.00010468470075450311 -0.0011724690100218583 0.000300208201003416 -0.00092033197745935839 -0.0028796103789120696 6.1805124936459245e-05 -0.00059856054129326243 0.0015282095494180909 -0.0013605651567470593 0.00074110464591598348 2.5583920470889758e-05 0.00062664506212815917 -0.0016330756941045055 -0.00076125667937088721 0.0010412962540956811 0.0013236178594595162 -0.0026521452324758336 -0.00085612771125430224
leaf_weight=1752 57 2166 126 15811 2516 329 41 698 124 63 187 51 104 89 392 76 40 50 115 670 52 226 912 1799 73 44 389 413 55 249
leaf_count=1752 57 2166 126 15811 2516 329 41 698 124 63 187 51 104 89 392 76 40 50 115 670 52 226 912 1799 73 44 389 413 55 249
internal_value=0.000220324 8.7757e-05 0.000197721 6.29103e-05 0.00111464 -0.000919591 -0.00129396 -9.92062e-05 -0.00206684 -0.00330533 -0.00421818 -0.00311806 -0.00393701 -0.00524188 -0.000666667 0.000666079 0.000120041 -0.00428571 -0.00332484 0.00108383 0.00117236 0.000884455 -0.000298445 0.00141671 -0.00071 0.00176193 0.000260231 -1.33602e-05 -0.000370442 -0.00251803
internal_weight=29669 22869 20619 17977 2642 2250 1921 755 1166 618 494 431 380 276 548 6800 2948 90 156 3852 3776 3106 964 2142 299 1843 2858 2469 2056 304
internal_count=29669 22869 20619 17977 2642 2250 1921 755 1166 618 494 431 380 276 548 6800 2948 90 156 3852 3776 3106 964 2142 299 1843 2858 2469 2056 304
is_linear=0
shrinkage=0.03


Tree=126
num_leaves=31
num_cat=0
split_feature=12 8 9 4 13 3 10 12 9 14 11 15 9 8 11 15 11 13 11 4 7 16 3 3 14 14 11 7 9 8
split_gain=2.14633 2.02131 3.17124 3.57844 3.07375 2.7321 2.92722 2.19308 1.97513 1.69932 1.87711 1.60356 1.59315 1.47067 1.79649 5.61201 3.57108 1.43891 1.61441 1.69166 1.40554 1.80433 1.60992 1.3718 2.0393 1.32735 1.59039 1.31089 2.45815 3.2094
threshold=0.13582942627030106 1.1728965538719749 0.13352993484978967 2497.4321986385517 0.045095948447942853 0.10203296356464139 0.31031997100525416 0.031339705401052249 0.14755694166523611 0.26872700912277842 10.622692266228841 2.4414009612931857 0.24195760830793589 188.66643358140553 9.5159114745500517 2.1383330595080281 8.8692574832341435 0.062847667087806217 10.273653579815802 1361.6965319219098 0.068919824860738291 0.048154200928344167 0.30643823385632335 0.039907498852240396 0.029850602482496151 0.38041736031061685 10.546616940613026 0.40612340155565152 0.033787893997837021 5.2620932323783238
decision_type=2 8 8 8 2 2 10 2 10 2 2 8 10 10 2 10 2 2 2 8 10 10 2 2 2 2 2 10 10 8
left_child=1 2 3 -1 -5 6 -4 17 -9 -6 -11 -10 -3 23 15 -15 -17 -7 19 -19 -13 -22 -23 24 -2 -26 -27 -25 29 -29
right_child=13 12 5 4 9 7 -8 8 11 10 -12 20 -14 14 -16 16 -18 18 -20 -21 21 22 -24 27 25 26 -28 28 -30 -31
leaf_value=0.00035854156382004998 -0.0037557568642379649 0.00027398468557520962 0.00013408298282869969 0.00026250037569428811 -0.0046707498337554346 0.0013066847306969914 -0.0013530891185008567 -0.001155218465276044 -0.0023124305669476866 0.00092363113344042229 -0.0007802666831593462 2.4746944826107831e-05 0.00069667435162072092 0.00056673204311534736 0.00057822841249505035 -0.00029109931752660718 -0.0034108187120543772 -1.3229747290602967e-06 0.00030934663770007976 -0.0010894313416916614 0.00057172775330600976 -0.0011903385952943505 -0.00025363893717309421 -6.4340771633163442e-06 0.00063266504731213005 7.7036593489277443e-05 -0.0016455933950105096 -0.0033844342440431277 0.00078720804875339961 -0.00040710989639451759
leaf_weight=2701 53 7467 47 157 49 306 91 109 52 40 42 416 453 358 481 57 46 155 188 104 42 64 52 13983 1108 189 70 126 186 456
leaf_count=2701 53 7467 47 157 49 306 91 109 52 40 42 416 453 358 481 57 46 155 188 104 42 64 52 13983 1108 189 70 126 186 456
internal_value=0.000282101 0.000580329 8.12393e-05 0.000661204 -0.00251211 -0.000984634 -0.00500719 -0.000608462 -0.0017731 -0.00588636 -0.00318072 -0.00111962 0.000871102 6.36322e-05 0.00121527 -0.000123377 -0.00625962 0.000529178 -0.000555803 -0.00208846 -0.000657391 -0.0030566 -0.00497436 -3.5245e-06 0.0008867 0.00111184 -0.000819231 -8.92759e-05 -0.00129519 -0.00225386
internal_weight=29648 12535 4615 2989 288 1626 138 1488 735 131 82 626 7920 17113 942 461 103 753 447 259 574 158 116 16171 1420 1367 259 14751 768 582
internal_count=29648 12535 4615 2989 288 1626 138 1488 735 131 82 626 7920 17113 942 461 103 753 447 259 574 158 116 16171 1420 1367 259 14751 768 582
is_linear=0
shrinkage=0.03


Tree=127
num_leaves=31
num_cat=0
split_feature=12 7 4 13 9 9 8 7 8 13 8 9 12 15 7 10 0 14 4 8 11 17 12 1 13 4 0 4 4 9
split_gain=2.28382 2.24797 3.56463 7.28438 2.94491 2.44394 2.58642 2.67764 2.25001 2.12367 3.01971 1.95591 5.01147 3.52152 2.98645 2.05987 2.03207 2.05851 3.43893 3.69857 3.55074 5.26392 4.89283 4.16401 3.49723 3.30611 3.2733 3.09661 1.99329 1.84562
threshold=0.078251622114761346 0.09209156479063331 10054.386035047779 0.032300625040285295 0.13873673128881892 0.045245511374807666 2.5482791831712812 0.50040383250845066 15.878207006081094 0.13916544469176248 1.3565396041831315 0.05597624695388121 0.35701339954961858 2.602003343538398 0.32273489722327037 0.93477660803961404 11.366987179487181 0.21366555468538176 2243.2298979148568 1.6584775379374046 9.1402933722261732 0.18677583072169918 0.21538743659014695 0.04027027027027031 1.0000000180025095e-35 6151.5519425694483 1.4256098303368361 960.96837039655395 1270.6282851419626 0.24195760830793589
decision_type=2 8 8 2 10 8 10 10 8 2 10 10 2 10 10 10 8 2 8 10 2 8 2 10 2 10 10 10 10 10
left_child=-1 2 9 -4 5 6 7 -3 11 10 29 12 15 14 -14 -7 17 18 19 24 -21 22 26 -23 28 -19 -22 -25 -13 -2
right_child=1 4 3 -5 -6 8 -8 -9 -10 -11 -12 16 13 -15 -16 -17 -18 25 -20 20 21 23 -24 27 -26 -27 -28 -29 -30 -31
leaf_value=0.00029255309039656683 -0.00011631265983724552 0.00044995627328220286 0.00041503924147760508 -0.0028607813133145954 0.00029838944393642812 -0.00053040979328296517 -1.1952692643089043e-05 -0.0031223810786167915 0.00022065190586813036 0.00060298577721447041 -0.0016257901330966966 -0.00037112737254602161 -0.0014260148790447005 -2.3619690118805105e-05 -0.0050287741681155828 5.7741640528644883e-05 0.0012808391106324129 3.6097584184706418e-05 0.00048074479692859659 -0.00028969269552851128 -0.0048621166641026527 0.00018327122897589563 -0.0022789885899349585 6.1255741524431168e-05 0.000822521286988326 -0.0019044160109081296 -5.5588526687165049e-05 -0.0012675774884662251 -0.0015354590347975918 -0.0012543687032189109
leaf_weight=6915 1735 3901 55 49 2587 290 4891 56 1833 328 43 322 40 43 40 536 254 3565 377 349 67 211 59 71 404 89 68 166 45 237
leaf_count=6915 1735 3901 55 49 2587 290 4891 56 1833 328 43 322 40 43 40 536 254 3565 377 349 67 211 59 71 404 89 68 166 45 237
internal_value=0.000240591 9.52361e-05 -0.00076348 -0.00617143 0.000198964 6.05839e-05 0.000412928 0.000983072 -0.000292525 -0.000520904 -0.000885417 -0.000537659 -0.00180316 -0.00742742 -0.0111111 -0.000957678 -0.00033879 -0.00045409 -0.00119299 -0.00174929 -0.00296069 -0.00428305 -0.0084 -0.00248552 -0.000190414 -2.13405e-05 -0.00518382 -0.00520588 -0.00230707 -0.000711607
internal_weight=29626 22711 2447 104 20264 17677 8848 3957 8829 2343 2015 6996 949 123 80 826 6047 5793 2139 1762 991 642 194 448 771 3654 135 237 367 1972
internal_count=29626 22711 2447 104 20264 17677 8848 3957 8829 2343 2015 6996 949 123 80 826 6047 5793 2139 1762 991 642 194 448 771 3654 135 237 367 1972
is_linear=0
shrinkage=0.03


Tree=128
num_leaves=31
num_cat=0
split_feature=12 13 15 13 14 9 13 5 4 14 4 15 1 9 1 14 3 4 14 14 17 14 12 15 16 9 14 0 12 6
split_gain=2.07896 2.17924 2.96878 2.49756 3.01639 2.27976 3.40995 2.18132 3.04119 1.83639 2.34513 2.49247 3.55874 2.05381 2.4036 1.84568 1.77685 2.51953 4.13426 3.88897 5.32476 3.05885 4.56002 4.24541 3.0345 2.7949 1.93225 3.17099 3.59692 2.89741
threshold=0.26078219157719135 0.047357574945620123 3.1567740231385479 0.14967849615308276 0.11637971804534662 0.08177907867071392 0.06112859964948765 0.99614229648569907 1821.6210863554904 0.63523751559934116 2046.6794586001231 3.1567740231385479 0.04027027027027031 0.11566372771018558 0.083874458874458893 0.11637971804534662 0.13549860606487069 2906.9484971770285 0.51322552312400183 0.22899651462346401 0.21140704124097934 0.17858628084352038 0.18109371907593277 2.524928003624769 0.16741229773951175 0.24195760830793589 0.33866708755457325 1.3959626246269183 0.18814694222355491 1.3204949099189607
decision_type=2 2 10 2 2 10 2 10 10 2 10 10 10 10 8 2 2 10 2 2 10 2 2 8 10 8 2 10 2 2
left_child=1 9 3 4 5 -3 -7 -4 -9 15 13 12 -12 -11 -15 -1 26 21 19 -19 -21 22 23 -18 -25 -23 -6 29 -29 -28
right_child=-2 2 7 -5 16 6 -8 8 -10 10 11 -13 -14 14 -16 -17 17 18 -20 20 -22 25 -24 24 -26 -27 27 28 -30 -31
leaf_value=7.8347179435805516e-05 -4.850147940651291e-05 0.00070144271900981754 0.00021836335184152145 0.00022639839651264989 6.4346920918423602e-05 -0.00067776139491904054 5.9835848111109403e-05 0.0011204607306117406 -0.00096030989869122008 0.00037884971944236143 -0.00078552860846481539 0.00032482124508745574 -0.0033504873570414906 -0.001795473660390842 0.00058963170320308297 0.00043925424843719582 0.0010172324812652946 8.2078390579103506e-05 0.00016650987138606233 -0.0019321085525203945 -0.0025228065036842426 -1.4848138762580249e-05 -0.0023961195378575414 -0.0017527775081132928 -0.00059641309292163389 -0.0012010532120252354 0.00016742657987794043 -0.0015752523705667184 0.00023106591673283789 -0.0015342173118289516
leaf_weight=3354 7402 672 4064 973 1376 44 164 40 65 516 137 64 51 51 78 7876 148 43 62 45 41 1262 84 72 87 279 373 98 54 64
leaf_count=3354 7402 672 4064 973 1376 44 164 40 65 516 137 64 51 51 78 7876 148 43 62 45 41 1262 84 72 87 279 373 98 54 64
internal_value=0.000278239 0.000423195 9.79133e-05 -0.000332716 -0.000604951 0.000987514 -0.0017512 0.000711511 -0.00353774 0.000694344 -0.000611358 -0.00305929 -0.00479365 0.000348297 -0.00302308 0.000798682 -0.000947909 -0.00154943 -0.00482812 -0.00786923 -0.0115172 -0.00122297 -0.00358929 -0.00187987 -0.00526875 -0.000620622 -0.000297558 -0.0017339 -0.00545098 -0.000431507
internal_weight=29639 22237 10110 5941 4968 880 208 4169 105 12127 897 252 188 645 129 11230 4088 2123 191 129 86 1932 391 307 159 1541 1965 589 152 437
internal_count=29639 22237 10110 5941 4968 880 208 4169 105 12127 897 252 188 645 129 11230 4088 2123 191 129 86 1932 391 307 159 1541 1965 589 152 437
is_linear=0
shrinkage=0.03


Tree=129
num_leaves=31
num_cat=0
split_feature=12 0 14 16 0 3 7 11 15 4 14 9 12 7 14 15 3 4 8 11 8 4 4 11 0 14 16 9 6 6
split_gain=1.85406 3.17274 3.01477 3.12626 2.28062 2.22823 2.69902 2.2951 1.75768 2.20711 1.95793 1.6541 1.59944 2.50385 1.83773 5.19268 6.67522 4.13355 1.78056 5.12665 1.61684 3.22909 3.03753 2.50541 1.98871 1.8318 1.83282 1.54353 1.72838 1.52826
threshold=0.45382974989356978 95.446153846153848 0.81360058546990566 0.28676673367798672 2.2074037802280944 0.14429102208838743 0.46887343705767331 10.505341471273789 1.2424533248940004 1595.2637838982093 0.11637971804534662 0.17282509774396831 0.10667875295301955 0.11597453085640218 0.10384539162779355 3.0201273556387074 0.14522331096540561 953.66266280107004 1.4069728674454827 10.021337252390177 1.1177707961241727 1361.6965319219098 1639.7206314572097 9.7605117006676618 0.9706569494335453 0.4239823935611558 0.034666168263351942 0.13643438801823898 -1.0961371656925258 1.2780531101836059
decision_type=2 8 2 10 8 2 10 2 8 8 2 8 2 10 2 8 2 8 10 2 8 8 8 2 10 2 10 10 2 2
left_child=1 2 12 -4 29 6 8 11 -6 -10 -11 -7 20 14 15 -14 -17 -18 -16 -20 21 24 23 -23 -1 -25 -27 -15 -29 -2
right_child=4 -3 3 -5 5 7 -8 -9 9 10 -12 -13 13 27 18 16 17 -19 19 -21 -22 22 -24 25 -26 26 -28 28 -30 -31
leaf_value=0.00091408470475748968 -0.00064436455447621605 0.00069778370788850909 0.0002992469200583273 -0.0011275069308229659 0.00071163322733273319 0.00034625973010024336 0.00037337971900855101 -0.009734765359569731 -0.0017310511752562055 -0.0015613362000238204 -9.3299938463257113e-05 -0.0032549317952666689 0.00021535586126499251 3.5123546211356536e-05 -1.7174287657336687e-05 -0.0026464170369307335 -0.0014589819296627713 -0.00011840654517152629 -0.0017002710409668338 -6.0532015937542223e-05 0.00032932149948904744 -0.0019392586825528286 -8.6021858944040116e-05 -0.00084230564577273553 -1.7333327687938878e-05 0.0015913571649614636 -0.0014265556861429002 -0.00028339025703447667 0.00032990020273772407 -0.0037814805024195854
leaf_weight=597 69 904 41 61 45 960 122 40 67 40 139 51 232 13086 2261 41 50 153 53 229 6917 45 429 68 1232 59 87 42 1378 107
leaf_count=597 69 904 41 61 45 960 122 40 67 40 139 51 232 13086 2261 41 50 153 53 229 6917 45 429 68 1232 59 87 42 1378 107
internal_value=0.000230528 0.000288028 0.000229584 -0.0048932 -0.000749543 -0.000360409 -0.00222464 0.000373574 -0.0037911 -0.00478542 -0.00301667 0.000655138 0.000249147 7.95961e-05 -0.000706291 -0.00241509 -0.00546122 -0.00319118 -0.000385613 -0.00262898 0.00056407 -8.69737e-05 -0.00183745 -0.00439615 0.000572131 -0.00301395 -0.00110204 0.000243193 0.00118227 -0.0039661
internal_weight=29605 27965 27061 102 1640 1464 413 1051 291 246 179 1011 26959 17525 3019 476 244 203 2543 282 9434 2517 688 259 1829 214 146 14506 1420 176
internal_count=29605 27965 27061 102 1640 1464 413 1051 291 246 179 1011 26959 17525 3019 476 244 203 2543 282 9434 2517 688 259 1829 214 146 14506 1420 176
is_linear=0
shrinkage=0.03


Tree=130
num_leaves=31
num_cat=0
split_feature=12 11 0 15 9 17 7 9 4 11 11 19 0 15 14 9 17 9 9 0 7 15 14 14 6 4 17 6 14 9
split_gain=2.19572 2.06264 2.03419 1.78797 1.78415 1.69624 1.45247 1.82091 2.23403 2.01062 1.67134 1.70515 2.18746 2.26226 2.13699 1.82337 2.07525 1.62821 2.24087 1.58582 1.55674 1.3648 2.24986 5.32964 1.34659 1.3335 2.206 1.32156 2.64747 2.00567
threshold=0.08055306446836942 7.9228047664642416 0.87275248368155089 2.524928003624769 0.16454424296092293 1.1149600386466054 0.087356721570878565 0.14950538523484178 1482.2466320922679 10.645960468036765 10.810061225888072 9.5000000000000018 1.3100271251179345 3.1567740231385479 0.62008708845291272 0.084176893584138782 -0.021005849207319318 0.103716525083922 0.22660591010200198 1.1692895943849406 0.080047019601662259 3.0201273556387074 0.32706580164614985 0.38041736031061685 -0.93442949092047034 346.22681012401114 0.18677583072169918 2.1972086650389691 0.21768335968322064 0.093030183108043965
decision_type=2 2 10 10 10 8 10 10 8 2 2 2 10 10 2 10 8 10 10 8 8 8 2 2 2 8 10 2 2 8
left_child=1 2 -1 5 -3 25 10 27 9 -9 11 12 -2 14 20 -13 -17 -18 19 -19 -14 22 -6 -24 -10 -4 -27 -8 29 -29
right_child=6 4 3 -5 21 -7 7 8 24 -11 -12 15 13 -15 -16 16 17 18 -20 -21 -22 -23 23 -25 -26 26 -28 28 -30 -31
leaf_value=0.0016171900897672075 3.869401416641816e-05 0.00054154842010009413 0.00041766582730812712 -0.0012921176450928515 0.00014508535993865824 -0.0033773931748064742 5.5827756490292398e-05 -0.00014851207454080227 -0.00026327190484625454 0.00061658682678638883 0.00031497105920126752 -0.00015029789360406092 0.00021534354493681863 -0.0011448281009397094 -0.0017859373278513999 0.0010579201366236791 -0.0022964285662811189 -0.0010872049186484377 -0.0020953135572445666 2.6931963775871952e-05 -0.00097710503169084399 0.00021915057149228209 -0.0024614109891441778 -0.00046903224175355015 0.00060106597303019929 -0.0036128896012771407 0.0011335122472222489 -0.0003599793982664918 0.00014997124356239347 -0.00068124694862260109
leaf_weight=236 836 4562 372 51 385 71 14593 671 56 201 468 203 197 42 41 56 51 60 54 106 46 975 41 272 1405 76 72 1674 1596 172
leaf_count=236 836 4562 372 51 385 71 14593 671 56 201 468 203 197 42 41 56 51 60 54 106 46 975 41 272 1405 76 72 1674 1596 172
internal_value=0.000246036 0.00070551 -0.00065529 -0.00153033 0.00089721 -0.00105912 0.000100937 0.00017939 0.000967866 -0.000233677 -0.000638593 -0.00107738 -0.000433362 -0.00251376 -0.00153684 -0.00248588 -0.0038689 -0.00495221 -0.0038009 -0.0020479 -0.000454918 5.91399e-05 -0.00095279 -0.00283758 0.00168468 -0.000460652 -0.00285906 7.73454e-05 -0.00045135 -0.00122469
internal_weight=29641 7113 878 642 6235 591 22528 20368 2333 872 2160 1692 1162 326 284 530 327 271 220 166 243 1673 698 313 1461 520 148 18035 3442 1846
internal_count=29641 7113 878 642 6235 591 22528 20368 2333 872 2160 1692 1162 326 284 530 327 271 220 166 243 1673 698 313 1461 520 148 18035 3442 1846
is_linear=0
shrinkage=0.03


Tree=131
num_leaves=31
num_cat=0
split_feature=12 0 14 1 12 13 15 14 16 0 4 14 7 16 8 3 12 14 15 14 8 8 15 13 9 5 10 12 16 8
split_gain=2.06988 3.50238 2.37184 3.36184 2.25762 2.28038 2.85943 1.97366 2.511 4.9632 2.03992 2.26794 2.01139 1.9767 2.10085 2.64356 2.25885 1.96041 3.02262 4.49445 2.67851 3.76746 3.38118 2.70703 2.46549 4.67512 2.84275 2.29433 2.26899 2.0912
threshold=0.45382974989356978 28.257575757575761 0.81360058546990566 0.077350427350427312 0.18961518457982687 0.045717015825816554 3.1567740231385479 0.6061035485807782 -0.029395614596772927 1.0353552317823234 208.58523741523098 0.11637971804534662 0.29246070693677256 0.17869814153955926 2.1392247970070271 0.14429102208838743 0.010848122031368314 0.30695563705801032 3.1132683346437333 0.21366555468538176 1.3515753862960589 1.4521311360827966 2.6735537653587347 0.077813444529344342 0.19942668615792999 0.5480030721966207 1.1805821645903698 0.10054971439196515 0.16265194323598045 1.1913723749212095
decision_type=2 8 2 8 2 2 10 2 8 10 8 2 10 10 8 2 2 2 8 2 10 10 10 2 8 10 10 2 10 10
left_child=1 2 4 -4 5 7 17 10 9 -9 12 -12 -1 -10 15 16 -15 18 -7 27 24 23 28 -22 25 -19 29 -20 -23 -26
right_child=-2 -3 3 -5 -6 6 -8 8 13 -11 11 -13 -14 14 -16 -17 -18 20 19 -21 21 22 -24 -25 26 -27 -28 -29 -30 -31
leaf_value=-0.00015706107116943762 -0.0003166415385872965 0.00063108057108279716 -0.0015822651167117371 3.9344557766984144e-05 -4.3913694854269505e-05 5.1412290658171226e-05 0.00018195644479143566 0.0015597430362686141 0.00036556463358504524 -0.0025461342571609807 0.00011598754672154518 0.0006444639060064108 -0.0049897302972571568 -0.0008531702644381078 0.00028910073930107666 -0.00032245559573534639 -0.0050991654606573249 0.00036669507057609228 -0.0051971364582888112 0.0005353261551004553 -0.0013624439075653849 -0.0056311427237406711 0.00042679905755771565 -0.00032331375201761548 -0.00096148960516770224 -0.00075381867233316501 -0.0023122657167303027 -0.00076100434265005787 -0.00010850533233891224 0.00050426634900541155
leaf_weight=427 1607 1034 40 62 9508 3114 3662 44 377 41 2488 4627 54 43 143 194 40 802 49 71 83 68 198 58 333 41 50 40 67 122
leaf_count=427 1607 1034 40 62 9508 3114 3662 44 377 41 2488 4627 54 43 143 194 40 802 49 71 83 68 198 58 333 41 50 40 67 122
internal_value=0.000238775 0.000299129 0.000233099 -0.00431068 0.000250589 0.0004553 0.000115767 0.000805991 -0.000536806 -0.00540698 0.000961959 0.0010898 -0.000927386 -1.12781e-05 -0.00142518 -0.00294604 -0.00739286 -0.000343731 9.52673e-05 -0.00391304 -0.0011322 -0.00306947 -0.00132036 -0.00716197 -0.000449222 0.000543839 -0.00210474 -0.00836667 -0.00496324 -0.00134868
internal_weight=29487 27880 26846 102 26744 17236 8758 8478 882 85 7596 7115 481 797 420 277 83 5096 3274 160 1822 474 333 141 1348 843 505 89 135 455
internal_count=29487 27880 26846 102 26744 17236 8758 8478 882 85 7596 7115 481 797 420 277 83 5096 3274 160 1822 474 333 141 1348 843 505 89 135 455
is_linear=0
shrinkage=0.03


Tree=132
num_leaves=31
num_cat=0
split_feature=12 3 15 14 0 16 8 4 4 15 17 0 7 11 3 11 8 16 7 17 9 9 14 17 12 0 15 10 10 0
split_gain=2.40695 1.90357 3.16597 2.36697 5.38473 3.96862 1.42836 1.88847 2.51863 1.83224 2.02673 1.79476 1.95907 1.49777 3.41235 1.39561 1.3782 1.3807 2.29989 1.82754 1.57696 3.713 2.74776 3.92459 1.72371 2.6214 1.93273 1.6672 1.5008 1.49109
threshold=0.10179546492234072 0.10767367368905073 4.6586997221347959 0.045803942539447591 2.3699704807785436 0.091300625868795185 1.1177707961241727 1361.6965319219098 1662.2848815406999 2.8029010331479989 -0.060431969688038011 0.98267332164610044 0.062757097739733328 10.077230752672135 0.40738089174461739 9.9873230573913219 0.98299302357381013 0.78165754193712667 0.81774058962830531 0.91741527588116323 0.0025046752417442089 0.0052366209641751468 0.11637971804534662 0.46570648461272685 0.32131315454549997 1.5842906634386951 4.0342014792848504 1.843485684241035 0.88526405614083414 5.1949234402690676
decision_type=2 2 10 2 10 10 8 8 10 8 8 10 10 2 2 2 8 8 10 8 8 8 2 10 2 10 10 8 10 10
left_child=6 3 16 4 15 -6 7 11 9 -9 -11 -1 -13 14 -14 -2 -3 18 20 -19 -18 22 -22 -24 -23 27 28 -26 29 -27
right_child=1 2 -4 -5 5 -7 -8 8 -10 10 -12 12 13 -15 -16 -17 17 19 -20 -21 21 24 23 -25 25 26 -28 -29 -30 -31
leaf_value=0.00081530343109944897 0.00095809316726529008 -0.0008301570361701464 -0.00089134539759824099 0.00017482883021322225 -0.0043069264342863508 -0.00078476076284776197 0.00035119947282137419 -0.0017034139351771976 0.0001853987149867849 -0.0047081326437732642 -0.00025941027016086835 8.6678222496676437e-05 -0.0020736385140308396 0.000460030348426903 2.3043734944984578e-06 -0.00025076368025990633 0.00068548801110846999 0.00070709239414536336 -0.0026799952323408832 -0.00012340780339853663 0.00023424368941664056 6.7279900244392323e-06 -0.00088291953985746962 -0.00365398096920566 -0.0021453964156377299 -0.0017042166244832092 -0.00074347117776490989 0.00013599768197786072 1.9512545345207227e-05 0.0004495193727932069
leaf_weight=732 160 42 42 6455 42 67 6570 74 284 44 279 870 63 83 74 80 606 520 45 581 42 9484 52 53 165 311 42 64 1537 124
leaf_count=732 160 42 42 6455 42 67 6570 74 284 44 279 870 63 83 74 80 606 520 45 581 42 9484 52 53 165 311 42 64 1537 124
internal_value=0.000278525 9.85621e-05 -0.000105025 0.000508744 -0.00189429 -0.00739091 0.000685365 7.54793e-05 -0.00127126 -0.00281156 -0.00182407 0.000579265 -0.000192484 -0.00271493 -0.00463043 0.000622407 -7.94497e-05 -6.25228e-05 -0.000152084 0.000955535 -0.000127394 -0.000203621 -0.00492568 -0.0075 -0.000144014 -0.000891711 -0.000544913 -0.00392609 -0.000407501 -0.00196101
internal_weight=29587 20514 13710 6804 349 109 9073 2503 681 397 323 1822 1090 220 137 240 13668 13626 12525 1101 12480 11874 147 105 11727 2243 2014 229 1972 435
internal_count=29587 20514 13710 6804 349 109 9073 2503 681 397 323 1822 1090 220 137 240 13668 13626 12525 1101 12480 11874 147 105 11727 2243 2014 229 1972 435
is_linear=0
shrinkage=0.03


Tree=133
num_leaves=31
num_cat=0
split_feature=12 1 7 15 14 4 1 12 0 14 1 16 14 12 14 7 17 15 13 5 1 17 8 14 15 16 10 8 8 16
split_gain=2.08539 2.00707 1.85508 2.01947 3.28438 2.44077 3.24506 1.99443 3.90427 2.07828 2.07322 1.96634 2.88407 2.63105 1.81749 3.13145 1.53418 2.51513 2.59822 2.41366 2.16905 2.83169 2.71986 1.60434 1.57777 4.0378 2.8388 1.57267 1.63104 1.56742
threshold=0.078251622114761346 0.38516483516483518 0.13429112161815146 3.4175922930736511 0.10384539162779355 1153.6497188198828 0.026491228070175402 0.36593090772450171 14.472096432535702 0.75085549114344441 0.022347066167290933 -0.056459560924418652 0.57782761511660385 0.2119998734787201 0.017478812521289768 0.11597453085640218 0.28767832689494777 2.9700856263602158 0.12721957976197901 0.99926686217008809 0.13172353961827646 0.41238643372925993 1.2844834899735049 0.45439949663792606 2.6735537653587347 0.10186865906832011 0.37204160933636554 1.3921984767147106 1.0851917013020971 0.17869814153955926
decision_type=2 10 10 8 2 10 8 2 8 2 10 8 2 2 2 8 8 10 2 10 10 10 10 2 10 8 8 10 10 10
left_child=-1 2 3 16 5 6 -5 8 9 11 -11 12 13 -4 -8 -16 19 24 20 23 22 -22 -19 29 25 -18 -26 28 -25 -2
right_child=1 -3 7 4 -6 -7 14 -9 -10 10 -12 -13 -14 -15 15 -17 17 18 -20 -21 21 -23 -24 27 26 -27 -28 -29 -30 -31
leaf_value=0.00028247363715685055 0.00017199043807263319 0.0005609508730628199 0.00043388798167714446 -0.0010474660352623448 0.0002612921572864523 0.00058310213624972163 0.00098307310102604332 -0.00014016771040750294 0.0013190668822004059 -0.0027757917720369241 -2.1397319506887085e-05 0.00013333440764083865 -0.0024771229996038142 -0.00134766149503843 -0.0023371582285080677 5.023123670007311e-05 -0.0016728816776687247 -0.00010596664611251036 0.00016735793072979077 -0.00088798412809184299 -0.00054505226923648388 -0.001731032123328756 -0.00073688783594954362 -0.0022825093969184884 -0.0011273462347005973 -0.00019072197744036777 0.00037352193000236671 -0.00049791663216554012 -9.8026344941281362e-05 -0.00018914526605362276
leaf_weight=6907 1288 552 319 45 1444 95 50 3323 607 50 66 12168 42 153 52 41 69 118 82 43 46 49 42 67 66 525 352 49 461 458
leaf_count=6907 1288 552 319 45 1444 95 50 3323 607 50 66 12168 42 153 52 41 69 118 82 43 46 49 42 67 66 525 352 49 461 458
internal_value=0.000263146 0.000124367 7.98341e-05 -0.000401249 0.000446181 -0.00250352 -0.00447619 0.000236356 0.000399448 0.000287835 -0.00369231 0.000324529 -0.00149126 -0.000811839 -0.00222917 -0.00469149 -0.00079521 -0.00160222 -0.0038432 -0.000334601 -0.00533203 -0.00890625 -0.0031677 -0.000202668 -0.000852912 -0.00184538 0.000558473 -0.00157266 -0.00108885 0.000250716
internal_weight=29629 22722 22170 5442 1727 283 188 16728 13405 12798 116 12682 514 472 143 93 3715 1349 337 2366 255 95 160 2323 1012 594 418 577 528 1746
internal_count=29629 22722 22170 5442 1727 283 188 16728 13405 12798 116 12682 514 472 143 93 3715 1349 337 2366 255 95 160 2323 1012 594 418 577 528 1746
is_linear=0
shrinkage=0.03


Tree=134
num_leaves=31
num_cat=0
split_feature=0 5 3 12 14 4 16 4 15 4 15 11 0 0 14 14 15 9 4 6 11 1 11 14 4 12 17 9 14 16
split_gain=1.95692 1.86085 1.96217 2.4002 3.03894 2.53993 2.19318 2.20002 2.7176 1.9673 1.9344 1.86961 1.66942 1.82864 1.6088 1.94585 1.58028 1.54655 1.40869 2.75677 1.43899 1.40602 3.14538 2.06905 3.04246 2.4665 1.39958 1.71412 1.37454 3.53527
threshold=0.96462326206540805 0.99614229648569907 0.13230428380370199 0.43933451072651636 0.089219491341129276 1595.2637838982093 -0.0820776103524294 306.21023248463513 2.524928003624769 796.86227944560915 4.4484992763719129 11.987359769437733 1.4540417260962759 46.498798076923087 0.056909114681247798 0.46922117293072813 2.740319461670996 1.0000000180025095e-35 2599.007696859248 -0.76617247006497491 11.874999305381371 0.060737812911725926 11.507706838915189 0.10794157586932319 1057.7599396997718 0.21538743659014695 0.33060066802439136 0.26878145870449616 0.20776396927407989 0.1938405840763173
decision_type=10 8 2 2 2 8 8 8 10 10 10 2 10 10 2 2 10 10 10 2 2 8 2 2 8 2 8 10 2 8
left_child=16 10 3 12 -5 9 7 -4 -9 -6 14 -12 -3 17 -2 -16 -1 -14 20 -20 26 -19 23 24 -23 -26 -8 28 29 -28
right_child=1 2 6 4 5 -7 18 8 -10 -11 11 -13 13 -15 15 -17 -18 21 19 -21 -22 22 -24 -25 25 -27 27 -29 -30 -31
leaf_value=0.00026218171040843938 -0.00040462470991103363 0.00031674308653836255 0.0042106239107929395 -0.0011685069919215444 0.00033933365974569838 0.00030925347897226848 9.4796859595836207e-05 -0.0031493934779341804 -0.0003804214631148796 -0.0014220369934500835 -0.0007350271875623119 0.00029128229623658146 -0.0019466824716861267 0.0010551761528101219 0.00077139782961791305 -4.4179702804119221e-05 0.0013861949384211033 0.00011421140517644083 -0.0017148720095362263 -0.00017070313596752917 -0.00067726875534644183 0.00078905538926475746 -0.0037982993386768394 -5.1383990120547912e-06 -0.00063676870260105677 -0.0034235572276549004 -0.00077330059687491894 -0.0014686379124139528 0.00011777519495286395 -3.1154191659847288e-05
leaf_weight=1817 76 4318 58 43 42 213 7345 88 136 79 56 61 74 291 1165 439 654 3371 62 1603 70 57 44 1618 78 54 815 51 2802 2188
leaf_count=1817 76 4318 58 43 42 213 7345 88 136 79 56 61 74 291 1165 439 654 3371 62 1603 70 57 44 1618 78 54 815 51 2802 2188
internal_value=0.000236622 0.000163419 9.76433e-05 0.000417777 -0.00192857 -0.000949254 -0.000118667 -0.00273498 -0.00408 -0.00440164 0.00109622 -0.00261864 0.000507268 0.000164818 0.00135634 0.00155888 0.0010449 3.73798e-05 -6.90901e-05 -0.000891356 3.41321e-05 9.87939e-05 -0.000565335 -0.000370022 -0.00333158 -0.00581955 5.70369e-05 -0.000288885 -0.000240269 -0.000686085
internal_weight=29768 27297 25500 10282 377 334 15218 282 224 121 1797 117 9905 5587 1680 1604 2471 5296 14936 1665 13271 5222 1851 1807 189 132 13201 5856 5805 3003
internal_count=29768 27297 25500 10282 377 334 15218 282 224 121 1797 117 9905 5587 1680 1604 2471 5296 14936 1665 13271 5222 1851 1807 189 132 13201 5856 5805 3003
is_linear=0
shrinkage=0.03


Tree=135
num_leaves=31
num_cat=0
split_feature=10 9 10 9 7 13 15 7 15 15 9 14 3 0 11 7 0 3 7 11 9 14 4 13 7 4 11 12 13 14
split_gain=1.62427 1.70541 1.6679 2.01171 4.75655 3.66499 5.98032 2.3531 2.13374 2.59034 1.62449 2.51615 5.15702 1.53183 1.55499 1.5797 1.70943 3.82608 5.76414 1.64359 2.32895 1.45029 2.47642 3.12928 2.55233 3.34401 2.89545 3.70675 2.42374 3.25517
threshold=0.50342019266596727 0.043878594015436569 1.4221344163120075 0.0077047515488007966 0.17037286410309213 0.12721957976197901 2.524928003624769 0.81774058962830531 2.6735537653587347 4.0859410030639109 0.022091451902066083 0.63014080028031538 0.14333723866006692 11.366987179487181 10.917676020672403 0.3199070149744267 1.0704529486922307 0.059428739542427687 0.15085009784333756 8.7746995183704932 0.051594361951503388 0.18455293740530895 1393.8000962818094 0.14036991004961394 0.15555413550994915 3559.1221913433837 10.102891535080074 0.1853436907453743 0.035322458591807424 0.64765664893548791
decision_type=8 8 10 10 10 2 8 10 8 10 10 2 2 8 2 10 10 2 10 2 10 2 8 2 8 10 2 2 2 2
left_child=10 2 -2 4 5 6 -4 -6 -5 -10 11 -1 -13 14 15 16 17 18 -3 20 -17 -18 -23 24 28 -26 -27 -28 29 -24
right_child=1 13 3 8 7 -7 -8 -9 9 -11 -12 12 -14 -15 -16 19 21 -19 -20 -21 -22 22 23 -25 25 26 27 -29 -30 -31
leaf_value=3.5061257481814951e-05 0.00033212472328570666 -0.00031678729214287962 -0.00014854990711788332 -0.0001345796013276479 6.2148335201366178e-05 -1.7806279646322644e-05 -0.0038899693899101064 -0.0030021353064329098 0.00044168508243274909 -0.00057867220707513614 0.00027623525808475832 0.001280334234999746 -0.001690361056534861 0.00036350115596270381 0.00021441873937873485 -0.0044686382630734897 -0.00036928087664753141 0.00030197956773326591 -0.0032486130567451312 0.00063128311627903518 0.0001350967812327357 8.1555185277831571e-05 0.00017231019458661457 0.00064418316660901944 8.3686171134093439e-05 9.9206520787104656e-05 0.00010399002959416167 -0.0015725087552866373 -0.00067443843367221595 -0.0046971173391440685
leaf_weight=1838 4765 101 47 1035 727 91 74 51 1373 73 5435 48 52 716 1362 60 2912 2029 40 845 226 2770 328 320 1187 108 49 100 791 43
leaf_count=1838 4765 101 47 1035 727 91 74 51 1373 73 5435 48 52 716 1362 60 2912 2029 40 845 226 2770 328 320 1187 108 49 100 791 43
internal_value=0.000217522 8.94979e-05 0.000431953 -6.82603e-05 -0.0012109 -0.0051831 -0.00858197 -0.000123235 0.000387994 0.001132 0.000603336 -0.000142341 -0.00475248 -0.000112167 -0.000185126 -0.000294962 -0.000406902 0.000345463 -0.00441549 0.000771202 -0.00119164 -0.000596585 -0.000318062 -0.000926546 -0.00127043 -0.000427682 -0.00352326 -0.00622 -0.00231642 -0.000314516
internal_weight=29596 22223 8236 3471 990 212 121 778 2481 1446 7373 1938 100 13987 13271 11909 10778 2170 141 1131 286 8608 5696 2926 2606 1444 257 149 1162 371
internal_count=29596 22223 8236 3471 990 212 121 778 2481 1446 7373 1938 100 13987 13271 11909 10778 2170 141 1131 286 8608 5696 2926 2606 1444 257 149 1162 371
is_linear=0
shrinkage=0.03


Tree=136
num_leaves=31
num_cat=0
split_feature=12 9 14 9 14 6 13 4 14 13 16 11 14 13 11 8 12 14 1 14 9 17 16 13 8 8 7 7 2 14
split_gain=1.81834 1.88157 2.19139 1.73037 1.98787 1.69265 1.64326 3.38786 1.74671 1.57274 2.40337 3.24239 2.75749 3.34084 6.49077 2.06689 2.0538 3.15378 2.4304 2.1379 1.83265 1.81771 2.60172 2.35402 1.74622 2.10265 1.83871 1.69273 1.60074 1.94569
threshold=0.18961518457982687 0.043878594015436569 0.81360058546990566 0.0055351307189542504 0.46922117293072813 -0.27121196520027718 0.10717515189456127 3844.7971073626595 0.071430394981582129 0.047357574945620123 -0.062736713487384202 9.0303161724391661 0.060220462704673579 0.0094775683688361218 9.4066059236379669 1.1216701199597086 0.045633444912948747 0.1529659278028235 0.38516483516483518 0.1340966933886982 0.12389983757441446 0.4074787665068868 0.19069833348797424 0.0043971760140966805 5.2620932323783238 1.6668934799129613 0.11360354171667573 0.061527686521158372 3.8137979281342154 0.26420140152005533
decision_type=2 8 2 10 2 2 2 8 2 2 8 2 2 2 2 8 2 2 10 2 8 10 8 2 8 10 8 10 10 2
left_child=1 3 9 5 6 -1 -5 8 -8 10 11 -3 13 14 -12 20 17 19 24 -17 -11 23 -23 -16 25 -18 -26 -25 29 -22
right_child=-2 2 -4 4 -6 -7 7 -9 -10 15 12 -13 -14 -15 21 16 18 -19 -20 -21 28 22 -24 27 26 -27 -28 -29 -30 -31
leaf_value=0.00051454788341667116 -2.1144184757197659e-05 -0.0025014925355970963 -0.0011372499925117851 0.00081285445684675943 -4.1907659450740045e-05 -0.00075186370227048902 -0.0003215574608037788 -0.0022983002020979288 0.00039439669854401791 0.00034993850454256251 -0.0022149624505327843 0.00051298808112476579 0.00035416068304112703 0.00038405861835251595 0.00075535634770421784 1.06720061935848e-05 -9.1963763826799933e-05 0.0010670997220715163 0.00080047624843596207 -0.0014993969470587865 9.4794821205200142e-05 -0.00081434717219702041 -0.00018834902940074679 9.208930107129732e-05 -0.0008546712088300059 -0.00068326306965861713 0.00040050414555747556 -0.0019499549410929853 9.7012903225308036e-05 -0.0008277329945897778
leaf_weight=278 12237 77 65 2388 702 493 161 45 821 235 49 96 4694 725 179 86 2439 856 297 45 81 78 134 40 54 443 1102 44 153 503
leaf_count=278 12237 77 65 2388 702 493 161 45 821 235 49 96 4694 725 179 86 2439 856 297 45 81 78 134 40 54 443 1102 44 153 503
internal_value=0.000222966 0.000420353 0.000224832 0.000919206 0.00116343 -0.000384715 0.00146224 0.000458171 0.000830112 0.000253807 0.000596371 -0.00287931 0.000698015 -0.0005544 -0.00237714 -7.91103e-05 0.000153297 0.00138765 -0.000127998 -0.00293182 -0.00135046 -0.00129202 -0.00335211 0.000375 -0.000320871 -0.000715921 0.000663786 -0.00374118 -0.00208537 -0.0028
internal_weight=29600 17363 12475 4888 4117 771 3415 1027 982 12410 6116 173 5943 1249 524 6294 5322 987 4335 131 972 475 212 263 4038 2882 1156 84 737 584
internal_count=29600 17363 12475 4888 4117 771 3415 1027 982 12410 6116 173 5943 1249 524 6294 5322 987 4335 131 972 475 212 263 4038 2882 1156 84 737 584
is_linear=0
shrinkage=0.03


Tree=137
num_leaves=31
num_cat=0
split_feature=15 14 0 10 12 7 0 1 16 4 11 10 4 4 3 7 0 0 6 1 7 0 11 14 14 16 4 0 19 11
split_gain=1.98514 2.00579 2.59235 2.44787 2.39072 2.43195 2.25099 1.76551 2.97155 2.72759 2.41688 2.11477 2.14566 2.09086 2.41133 3.23406 4.39454 1.8782 1.85976 2.45826 1.76018 1.81723 2.63093 1.74329 3.44713 3.43601 2.19807 2.30723 1.72344 2.2943
threshold=3.4498615536424366 0.45439949663792606 19.010204081632654 0.52605722062138305 0.47757046544674703 0.56505110629594368 95.446153846153848 0.1038074712643678 0.030031917917932326 697.34217053330383 9.0303161724391661 1.7142722414286971 3151.6267626317554 2121.5961720010428 0.17538313776002526 0.18266242530393309 1.8737584575377431 1.0391114980520331 2.2576434266327401 0.10889328063241112 0.044996701473583034 0.88797021253974728 10.4538463405335 0.30452058173666235 0.18308201311881486 0.19595530238711706 761.79938703655614 1.2908136697262564 8.5000000000000018 9.3015056003533605
decision_type=10 2 8 10 2 10 8 8 8 8 2 10 10 10 2 10 10 10 2 10 8 10 2 2 2 10 10 10 2 2
left_child=1 3 20 -1 6 -6 7 -5 9 -9 -11 12 17 14 15 16 23 -12 -16 -20 21 -3 28 24 26 -25 -10 -28 -23 -30
right_child=-2 2 -4 4 5 -7 -8 8 13 10 11 -13 -14 -15 18 -17 -18 -19 19 -21 -22 22 -24 25 -26 -27 27 -29 29 -31
leaf_value=0.00034778665504667055 0.00020668953443420105 0.0027334110920472932 0.00088884389368041195 0.00013421965266992782 -0.00033278843114917234 -0.0031827961093926936 0.00063050646227969887 0.00095391089314514549 -0.0010779926153473207 -0.0032383869017267599 -0.00083350494390882718 0.00036170360047465714 -0.0036245374611926081 0.00041486968199370348 0.00047575605127278455 0.00010272319396004402 -0.0016388464874854899 -0.0005416344081249938 -0.0045789326516180078 -6.9159966874586044e-05 -7.8499702990559572e-05 -0.00095900428226318186 0.00094949351032059973 -0.00057524797430702935 0.00025516002525859403 -0.0011382906258480452 -0.00012128635873890802 -0.0014990973201139096 -0.00091437107392232256 -0.0022572742932531172
leaf_weight=4753 4956 68 263 8982 761 53 635 126 40 79 78 103 42 794 1173 622 51 255 41 204 4346 152 67 156 356 71 135 44 68 63
leaf_count=4753 4956 68 263 8982 761 53 635 126 40 79 78 103 42 794 1173 622 51 255 41 204 4346 152 67 156 356 71 135 44 68 63
internal_value=0.00028509 0.00017464 -0.000359785 0.000312043 0.000121808 -0.00145767 0.000213826 0.000130757 -0.000363761 -0.00217982 -0.00308064 -0.00226722 -0.00331117 -2.68437e-05 -0.000401175 -0.00125 -0.00244848 -0.00248802 0.00048203 -0.00189024 -0.000520042 -0.00237709 -0.00324786 -0.00189788 -0.00101562 -0.00411842 -0.00396818 -0.00251667 -0.00451056 -0.00702273
internal_weight=29537 24581 5027 19554 14801 814 13987 13352 4370 683 557 478 375 3687 2893 1475 853 333 1418 245 4764 418 350 802 575 227 219 179 283 131
internal_count=29537 24581 5027 19554 14801 814 13987 13352 4370 683 557 478 375 3687 2893 1475 853 333 1418 245 4764 418 350 802 575 227 219 179 283 131
is_linear=0
shrinkage=0.03


Tree=138
num_leaves=31
num_cat=0
split_feature=0 15 8 3 17 9 13 0 12 13 15 4 11 0 12 3 8 11 11 16 11 11 6 16 11 13 16 1 16 0
split_gain=1.69577 1.46021 1.62127 2.1815 2.91412 2.92404 4.63984 2.51651 1.81496 1.80875 1.59559 2.8906 2.20441 1.60953 2.09106 2.65115 1.63471 2.82412 4.46708 2.8573 1.81063 3.4729 2.69022 1.56826 1.49556 2.0526 2.47905 1.47491 1.46235 1.90063
threshold=0.95017790907776367 3.3842466058243152 1.1121553630415657 0.28773379227399071 0.74401502828060684 0.13643438801823898 0.05390535690222089 1.3503292739204074 0.071694464795593063 0.017736635269425698 3.0677824455408698 1987.7811578878686 10.73775444887278 2.7187247769475751 0.30753849041554743 0.051477663570046371 1.6509593792745176 10.013731125632228 10.077230752672135 0.29450742247419998 10.389164584650848 10.252541026562854 0.30916346455457966 0.46225276319899278 10.021337252390177 0.082810572677320129 0.14403339218900754 0.21312455175711212 0.48004545835128171 2.23242025849411
decision_type=10 8 8 2 10 10 2 10 2 2 10 10 2 10 2 2 10 2 2 10 2 2 2 8 2 2 10 10 10 10
left_child=-1 2 3 4 5 9 -7 -5 -4 -2 28 12 13 16 15 -15 17 -12 -19 20 21 -20 -23 -13 25 -8 27 -27 -10 -30
right_child=1 -3 8 7 -6 6 24 -9 10 -11 11 23 -14 14 -16 -17 -18 18 19 -21 -22 22 -24 -25 -26 26 -28 -29 29 -31
leaf_value=0.00046914174477758245 -0.0004974314914766698 0.00016002661774821845 0.00043452468312430158 0.00025935174798408564 -0.0016502984982664423 -0.0019874899280213089 0.00092207735198234051 -0.0010306816131621906 8.144646454677383e-05 0.0003383762108694799 0.00028422147385927742 0.00036726778529677651 -0.0013591520436711851 -0.00027997251229058107 -9.5527446308732995e-05 -0.0011115214817926139 5.0250072367460313e-05 -0.0013420908218090746 -2.3521375308465096e-05 -0.0016207712446890191 0.00017795060883846035 -0.0017850649698016858 -0.0006943162089337189 -0.00079478364158420869 2.1511885037731274e-06 -0.0019833174405268213 0.00014314391679448013 -0.0016861037103884035 -0.0005611881210789212 0.00056931395543319328
leaf_weight=2244 182 6573 2642 874 43 46 42 42 12497 394 258 682 56 40 91 45 854 53 188 78 264 40 66 64 135 41 40 40 862 298
leaf_count=2244 182 6573 2642 874 43 46 42 42 12497 394 258 682 56 40 91 45 854 53 188 78 264 40 66 64 135 41 40 40 862 298
internal_value=0.000228111 0.000163452 4.10823e-05 -0.000799468 -0.00179564 -0.00143322 -0.00361739 0.000248637 0.000123906 -0.000124783 6.57065e-06 -0.000648561 -0.00123451 -0.00106623 -0.00379661 -0.00715116 -0.000797447 -0.00165506 -0.00265652 -0.00194976 -0.00119141 -0.00280678 -0.0071215 0.000947791 -0.00222742 -0.00415244 -0.00612295 -0.00910976 0.000139918 -0.000878553
internal_weight=29774 27530 20957 1879 963 920 344 916 19078 576 16436 2779 2033 1977 176 85 1801 947 689 636 558 294 106 746 298 163 121 81 13657 1160
internal_count=29774 27530 20957 1879 963 920 344 916 19078 576 16436 2779 2033 1977 176 85 1801 947 689 636 558 294 106 746 298 163 121 81 13657 1160
is_linear=0
shrinkage=0.03


Tree=139
num_leaves=31
num_cat=0
split_feature=10 2 2 5 11 4 6 8 15 14 11 11 2 5 17 11 15 14 7 8 17 17 12 17 4 17 3 17 15 7
split_gain=1.93877 2.166 1.81214 2.49151 4.32056 3.11282 2.0192 1.44349 2.43137 2.78161 5.48756 2.44768 1.62167 2.80188 1.5943 1.40198 2.65973 2.64357 1.86757 1.74645 2.1584 1.53134 1.35311 1.33373 2.09509 1.31844 1.2693 1.45738 1.93446 1.63698
threshold=0.50342019266596727 4.5118933025651744 3.9714569301768692 0.99614229648569907 10.963263718913563 1197.6392978413426 4.0290005337128632 39.36968258216659 2.602003343538398 0.67140062212943341 10.021337252390177 7.9983353394977543 3.5954868196629648 0.72245564892623737 0.34920948247591682 10.536194468932006 2.8029010331479989 0.15136138758427234 0.26027774674788023 47.97502325194899 0.43213178357989657 0.4074787665068868 -0.028301026551267757 0.0041031052182419342 3101.1678798576177 4.2285914660612738 0.15164212382949141 0.62762380720270172 1.4978661367769956 0.23949975592670006
decision_type=8 10 10 8 2 8 2 8 8 2 2 2 10 8 10 2 10 2 10 10 10 8 2 8 10 10 2 8 8 10
left_child=2 7 6 5 -5 -4 23 8 9 -2 11 -11 22 -14 -15 18 19 -18 -9 -17 -21 -20 -10 24 -1 -23 -25 -28 -29 -30
right_child=1 -3 3 4 -6 -7 -8 15 12 10 -12 -13 13 14 -16 16 17 -19 21 20 -22 25 -24 26 -26 -27 27 28 29 -31
leaf_value=0.00010083342797911877 -0.00015962760093013795 0.00040936373324254295 -0.00070322729879609654 0.0001009459520139116 -0.00060744377730915936 0.00030761358064487109 -0.0014134475311896873 0.00050976548782288161 0.0011396030870633521 -0.0011075141239563417 -0.0038481155211851242 -0.00018299967135371924 0.00023761700748756482 -0.0012890290490764117 -0.00041651091547351908 0.00084952787544148437 -0.0013339271190816217 0.00065334539278517174 0.00082678547316953049 -0.0023052832428270167 -0.00061435506672392773 -0.00012727030862071481 3.0091970051608603e-05 0.0004876050340919967 -0.0020208416718338531 0.00035096264320197748 0.00034153939621578688 -0.0062569019340634885 -0.00060775104083897534 0.00092725717893601142
leaf_weight=1514 5777 1225 42 64 59 361 76 1050 483 79 42 285 60 41 44 43 42 232 593 46 64 1379 10480 2695 89 314 1966 45 215 155
leaf_count=1514 5777 1225 42 64 59 361 76 1050 483 79 42 285 60 41 44 43 42 232 593 46 64 1379 10480 2695 89 314 1966 45 215 155
internal_value=0.000222252 8.33484e-05 0.000647212 -0.00104744 -0.00476613 9.65348e-05 0.000779307 1.19688e-05 -0.000103921 -0.000580692 -0.00297789 -0.00177534 0.000161491 -0.00297945 -0.00645349 0.000544368 -0.00107243 0.000698182 0.000751573 -0.00422727 -0.00621622 0.000270223 0.000203302 0.00083488 8.04241e-05 -0.000189492 0.00107307 0.00056801 -0.00104567 -0.00032345
internal_weight=29560 22279 7281 526 123 403 6755 21054 17291 6183 406 364 11108 145 85 3763 427 274 3336 153 110 2286 10963 6679 1603 1693 5076 2381 415 370
internal_count=29560 22279 7281 526 123 403 6755 21054 17291 6183 406 364 11108 145 85 3763 427 274 3336 153 110 2286 10963 6679 1603 1693 5076 2381 415 370
is_linear=0
shrinkage=0.03


Tree=140
num_leaves=31
num_cat=0
split_feature=12 8 7 14 11 5 1 14 11 16 14 15 3 11 15 16 12 19 0 3 14 0 14 0 12 14 16 1 15 8
split_gain=2.46201 1.89323 1.30237 2.67019 1.74105 1.6178 1.68588 2.17663 1.88857 1.91699 1.67234 1.41475 1.35852 1.28259 4.59355 2.58756 1.39365 1.28154 1.36821 1.27026 1.7952 4.03721 1.97041 2.62282 1.40921 1.23374 1.16647 1.82033 2.07528 1.80934
threshold=0.10179546492234072 188.66643358140553 0.057905053573447739 0.25284066456771392 10.726423191633762 0.9328016904506905 0.13363095238095238 0.42876593534121193 10.149468336033461 0.14246230649157526 0.53570277828002399 3.2384861814448418 0.14991808772562804 9.5285758868882926 2.1383330595080281 0.048154200928344167 0.31427655293909412 8.5000000000000018 1.0620983671591355 0.041954061586733628 0.085660288548143823 2.8373453354441951 0.37712706838895749 3.7848579596212262 0.1620196782626904 0.20965762429898446 0.22461251326580886 0.034683239775461068 3.5972184255501678 1.2187314632713666
decision_type=2 10 10 2 2 10 10 2 2 10 2 8 2 2 10 8 2 2 10 2 2 10 2 10 2 2 8 10 10 10
left_child=2 19 3 4 -1 6 17 12 9 10 -9 -4 -8 14 -3 -16 -17 -5 -19 20 21 -2 -22 24 -24 26 27 28 29 -13
right_child=1 13 11 5 -6 -7 7 8 -10 -11 -12 25 -14 -15 15 16 -18 18 -20 -21 22 -23 23 -25 -26 -27 -28 -29 -30 -31
leaf_value=0.00046521640684752823 0.00022019506174956912 0.00057979323303706783 0.00023108654869418173 0.00042778580660641428 -0.00074707410883782907 0.00093420203817752383 -0.00080723724380922133 -0.0016770882021286048 0.00017899410442601178 0.00020004698840582033 -0.001325471719804441 -0.0022524270627950756 -0.00015302837762499948 0.00047174472907630612 -0.0019791222926229565 0.0010214631931728488 -0.00097613494193208835 -0.00026078080694225331 -0.00072195322182083536 -2.4449954838951208e-05 0.00066093671077861586 -0.0038822161644162505 -0.0020557269955624752 -0.0019188413392315462 0.00021286016453379668 0.0005520927958670718 0.00076065752014104187 0.00038633622456098177 0.00024684374178303632 -0.0017891628961541203
leaf_weight=1144 139 380 4639 274 66 102 51 48 134 43 40 41 44 582 40 47 40 156 79 17747 1119 65 68 40 192 1548 254 236 85 94
leaf_count=1144 139 380 4639 274 66 102 51 48 134 43 40 41 44 582 40 47 40 156 79 17747 1119 65 68 40 192 1548 254 236 85 94
internal_value=0.00022923 4.67743e-05 0.000640379 1.375e-06 0.000941371 -0.00116975 -0.00158966 -0.00315789 -0.00174812 -0.00429545 -0.00680899 0.000842418 -0.00703125 0.0012633 0.000159449 -0.00475781 -0.00180682 -0.00047647 -0.00209746 -2.16818e-05 0.000781404 -0.0018439 0.00115986 -0.000996678 0.000114943 0.00145817 0.000421941 -0.000485777 -0.00244344 -0.00474265
internal_weight=29537 20459 9078 2181 1210 971 869 360 265 131 88 6897 95 1089 507 127 87 509 235 19370 1623 204 1419 300 260 2258 710 456 220 135
internal_count=29537 20459 9078 2181 1210 971 869 360 265 131 88 6897 95 1089 507 127 87 509 235 19370 1623 204 1419 300 260 2258 710 456 220 135
is_linear=0
shrinkage=0.03


Tree=141
num_leaves=31
num_cat=0
split_feature=0 3 4 11 3 14 11 3 0 14 8 9 5 11 2 17 10 13 5 16 17 11 0 0 16 14 8 1 13 0
split_gain=1.88199 2.04355 2.32534 1.82465 2.54006 2.06796 1.79768 2.41789 2.61221 1.73883 2.17194 2.77271 3.70866 2.49765 2.31717 4.34611 1.95246 2.22686 1.86057 1.58478 3.01008 3.47053 3.25025 1.55029 2.5118 3.10282 1.61569 1.53948 1.62187 2.89106
threshold=1.0562159925208057 0.44779719063506851 4476.1127876202345 7.8711204000392749 0.079804746056030468 0.81360058546990566 8.7990583671648093 0.047683437269852906 0.92477080413916257 0.48378809972364439 1.0507684358905287 0.21736916844525236 0.99425268373245268 9.8855017734467072 5.2663577519871456 0.42228548489033985 3.8213124609692541 0.096043174555521013 0.99926686217008809 -0.0056068722558653339 0.18025624176578844 10.669362283155836 1.5680577703484493 0.87275248368155089 0.044806079344843583 0.32706580164614985 1.1177707961241727 0.40495784825371345 0.049461179767113304 1.4602220279783866
decision_type=10 2 8 2 2 2 2 2 8 2 8 8 10 2 8 10 8 2 8 8 10 2 10 8 8 2 10 10 2 10
left_child=3 9 -3 4 -1 23 -5 8 -8 16 13 12 14 -11 15 -12 18 -18 -2 20 21 22 -16 -6 25 26 -25 28 29 -20
right_child=1 2 -4 6 5 -7 7 -9 -10 10 11 -13 -14 -15 19 -17 17 -19 27 -21 -22 -23 -24 24 -26 -27 -28 -29 -30 -31
leaf_value=0.00067410207181341176 0.00042946767188406791 -0.00037612904330045827 -0.0094610378304769583 0.0014160348369743625 0.0014036366396283839 -0.0017600600117890159 -0.0012356776343611119 0.00040870185603654588 8.9727435997155988e-06 -0.0019804352100551781 -0.00074897054532261048 0.00036328462276104929 -0.0010775243730915211 -1.1864307412323233e-05 -0.0017604883980332508 1.9591905915040882e-05 -0.0032472997363410983 5.3855303459075832e-05 0.00037945825961180769 -3.3997721391893676e-05 0.00093698106179939712 0.00010705793328026033 -0.00046447392842539583 -0.0015559147799930032 -0.00017029145627019124 0.0019820251541615009 -0.0006686315356320984 0.00070612007377620918 -4.2535586182813598e-05 5.539020123835222e-06
leaf_weight=447 1232 934 43 510 149 42 54 2805 132 66 40 496 40 74 77 57 87 93 4807 3316 72 62 40 71 505 64 58 295 6080 6922
leaf_count=447 1232 934 43 510 149 42 54 2805 132 66 40 496 40 74 77 57 87 93 4807 3316 72 62 40 71 505 64 58 295 6080 6922
internal_value=0.00021334 0.000107876 -0.0012362 0.000754651 -0.000188482 -0.00111573 0.00111451 0.000833222 -0.00247059 0.000162971 -0.000380097 -0.000257082 -0.000539271 -0.00404255 -0.000438745 -0.0049898 0.000283753 -0.00281768 0.000312768 -0.000313621 -0.00260714 -0.00468333 -0.00770339 -0.000788915 -0.00138197 -0.0042835 -0.00694615 0.000235957 0.000200281 0.000406394
internal_weight=29670 24833 977 4837 1336 889 3501 2991 186 23856 4340 4200 3704 140 3664 97 19516 180 19336 3567 251 179 117 847 698 193 129 18104 17809 11729
internal_count=29670 24833 977 4837 1336 889 3501 2991 186 23856 4340 4200 3704 140 3664 97 19516 180 19336 3567 251 179 117 847 698 193 129 18104 17809 11729
is_linear=0
shrinkage=0.03


Tree=142
num_leaves=31
num_cat=0
split_feature=12 8 3 1 13 3 1 16 1 14 12 3 9 8 14 9 15 9 15 14 9 3 9 8 16 3 14 8 1 16
split_gain=1.70527 2.48153 2.37928 3.89365 2.14998 2.36605 1.88658 1.63251 1.9418 2.06872 1.87782 1.76655 1.80618 2.01726 1.85699 1.70217 1.51477 1.51232 2.81495 2.38847 1.49519 4.16213 1.46991 3.51721 2.52198 1.70124 2.44033 2.38303 2.42459 1.94937
threshold=-0.017795958552420995 1.1216701199597086 0.05802213041460149 0.070802005012531324 0.11992362368706075 0.11649915191399186 0.38516483516483518 -0.056459560924418652 0.13172353961827646 0.59682766840323087 0.078251622114761346 0.039907498852240396 0.13643438801823898 1.1913723749212095 0.12061252135153515 0.086559587984627692 2.0126758453675748 0.0081648053701931528 2.3502401828962087 0.33323412062389618 0.021632692478267219 0.39602303381194331 0.046109105025071422 8.6863696407203594 -0.017466807453021791 0.10482995497794036 0.50866111559561589 1.9861901392039492 0.048930121203052575 -0.017466807453021791
decision_type=2 8 2 10 2 2 10 8 10 2 2 2 10 10 2 10 10 8 8 2 10 2 8 10 8 2 2 8 10 10
left_child=2 4 3 -1 17 -6 7 8 9 -3 20 -12 22 14 -14 -10 -4 18 19 -2 21 -9 23 -13 -25 26 -24 28 -28 -27
right_child=1 6 16 -5 5 -7 -8 10 15 -11 11 12 13 -15 -16 -17 -18 -19 -20 -21 -22 -23 25 24 -26 29 27 -29 -30 -31
leaf_value=0.00055374207054406036 0.00078662345000132328 7.4603283039162234e-05 -6.0870428510724e-05 -0.0022715562390399164 -0.0012671901256530267 -0.0006902204457820125 0.00055990104554538205 0.00010123993484987432 -0.0027353485020343211 -0.001430977173978696 0.00029973868217398003 0.00025637361939689104 -0.00094643513144936629 0.00029174632249415346 -4.1397619568791552e-05 -0.0016732232069654655 0.0010773564163137322 -6.0315682367043181e-05 -0.0052786739661771897 -0.0026649993080498065 0.00043776025488049245 -0.0016375965318647611 0.00021723174023503469 -0.0024996637358509245 -0.0001111025717322814 0.0009251485329071019 -0.0002794073545949437 0.00080045729447407335 -0.0016563944911428788 -0.00019641280196381911
leaf_weight=164 118 661 392 70 41 190 665 449 63 73 1511 4950 47 2280 198 99 1259 2154 73 44 2762 64 1391 49 2867 377 53 96 67 6446
leaf_count=164 118 661 392 70 41 190 665 449 63 73 1511 4950 47 2280 198 99 1259 2154 73 44 2762 64 1391 49 2867 377 53 96 67 6446
internal_value=0.000216654 0.000157401 0.00108961 -0.00173617 -0.000721099 -0.00347845 0.000248878 0.000206048 -0.00105017 -0.000391837 0.00025377 0.000146363 6.71024e-05 0.000813539 -0.00176829 -0.00401227 0.00149092 -0.000453138 -0.00273305 -0.000515337 0.00092033 -0.000566148 -4.85978e-05 0.000246346 -0.000580048 -0.000323805 0.000554105 -0.00240553 -0.00520661 -0.000530627
internal_weight=29673 27788 1885 234 2620 231 25168 24503 896 734 23607 20332 18821 2525 245 162 1651 2389 235 162 3275 513 16296 7866 2916 8430 1607 216 120 6823
internal_count=29673 27788 1885 234 2620 231 25168 24503 896 734 23607 20332 18821 2525 245 162 1651 2389 235 162 3275 513 16296 7866 2916 8430 1607 216 120 6823
is_linear=0
shrinkage=0.03


Tree=143
num_leaves=31
num_cat=0
split_feature=20 0 14 1 20 8 1 9 17 1 13 1 6 9 2 3 13 14 15 0 13 17 0 9 14 17 15 13 9 17
split_gain=2.3052 3.38666 1.74984 2.31085 1.84964 1.6905 2.23213 1.74441 1.61201 1.91176 1.66235 2.28432 1.80451 1.55017 1.61259 1.59794 1.53172 2.12199 2.10143 1.73386 2.85376 1.51797 1.45169 3.26265 3.62513 3.26184 2.35905 2.32564 2.54504 1.9208
threshold=0.34074899747745052 46.498798076923087 0.81360058546990566 0.11145617667356801 0.066080348251881041 1.1959417866190398 0.13608305274971946 0.13873673128881892 0.61970748192012504 0.19292803970223329 0.0066064971524219399 0.1482928240740741 -0.62026689161385884 0.046109105025071422 4.4335105774366594 0.10388772922868796 0.10916947595211091 0.48855055776476641 3.2384861814448418 1.2253074607533587 0.1316761553155304 -0.31310156101340053 1.4483230949024593 0.0065764796462273482 0.11839883261112197 0.55495963762964251 4.1190041246092024 0.16048293601511357 0.025375687911570324 0.3816474156532299
decision_type=2 8 2 8 2 8 8 10 8 10 2 10 2 10 8 2 2 2 10 10 2 8 10 8 2 10 10 2 10 10
left_child=1 2 4 -4 -1 6 16 13 10 -10 -8 -12 -13 22 -15 -16 17 -6 -19 -18 -21 -17 23 24 -7 -26 27 -24 -29 -30
right_child=-2 -3 3 -5 5 7 8 -9 9 -11 11 12 -14 14 15 21 19 18 -20 20 -22 -23 26 -25 25 -27 -28 28 29 -31
leaf_value=0.00029653395675878383 -0.00011428704984716433 0.0014034817293949976 -0.0014924353798801109 0.00045127240807935721 0.00021101409982662798 0.00022531447826493173 0.00097583330516442287 0.00020950536593802635 -0.00045659707571167672 -0.0017660875985056766 -0.0016717582492354868 -0.0013070758515087927 -0.00019223102954628706 -0.00053666195330344803 0.00015723206933927541 -0.00092459913721248954 0.00019772009649020677 -0.00071571659789486191 0.00076438075159739537 -0.0010727026644338049 -0.00023176142985223289 -0.00012740990072640881 0.00012070823613511558 0.00055454050209819252 -0.00059908355628466735 -0.0037649765736774482 -0.00051511796643571156 0.00017419463797881544 -0.00074207264076946991 -0.00068861391402925433
leaf_weight=5846 4153 499 42 43 1220 194 132 2571 43 40 77 57 730 75 1669 74 104 285 145 61 66 5181 3668 2252 108 78 72 73 54 40
leaf_count=5846 4153 499 42 43 1220 194 132 2571 43 40 77 57 730 75 1669 74 104 285 145 61 66 5181 3668 2252 108 78 72 73 54 40
internal_value=0.000202543 0.000309294 0.00026039 -0.00401163 0.000275125 0.000131988 -0.000526849 0.000253073 -0.00161389 -0.00560714 -0.00127583 -0.00175491 -0.00126777 0.000116995 -0.000193286 -0.000145559 9.72371e-05 0.000417929 -0.00139211 -0.00218534 -0.00452344 -0.000402397 0.000449083 0.000993544 -0.0015748 -0.00455615 8.21393e-05 0.000183785 -0.00326786 -0.00650526
internal_weight=29652 25499 25000 85 24915 19069 2960 16109 1079 83 996 864 787 13538 6999 6924 1881 1650 430 231 127 5255 6539 2632 380 186 3907 3835 167 94
internal_count=29652 25499 25000 85 24915 19069 2960 16109 1079 83 996 864 787 13538 6999 6924 1881 1650 430 231 127 5255 6539 2632 380 186 3907 3835 167 94
is_linear=0
shrinkage=0.03


Tree=144
num_leaves=31
num_cat=0
split_feature=12 0 11 0 0 8 14 0 7 8 17 10 8 1 15 12 14 4 12 7 14 14 8 14 4 8 0 0 4 1
split_gain=1.95713 2.70884 2.66536 2.53625 2.3505 2.58805 1.84771 1.54162 3.51506 1.43345 1.16364 1.1427 2.07975 1.80802 1.94829 1.7966 1.7851 1.97703 1.61717 2.72746 1.61043 2.75425 1.4807 2.98064 3.56164 2.95339 1.95605 2.30365 3.31932 3.31927
threshold=0.32770397480557728 0.70359720797852621 10.536194468932006 7.2265881862505212 1.5457547356069898 1.8968256972918567 0.81360058546990566 1.777229114359191 0.2105542592835328 1.1216701199597086 0.28767832689494777 0.50342019266596727 14.221795677881188 0.13172353961827646 3.6505739029280164 0.3176539135113004 0.56870683107254338 639.67423202194175 0.20725589959352322 0.2542948503359278 0.045803942539447591 0.051081968121981729 1.1243118488004138 0.25284066456771392 1639.7206314572097 1.0683540575708725 0.87275248368155089 1.3808760961050039 1879.1051393518671 0.2303271441202476
decision_type=2 10 2 10 8 10 2 10 10 10 10 8 10 8 10 2 2 8 2 8 2 2 10 2 8 10 10 10 8 10
left_child=1 -1 4 7 5 10 11 -4 -9 -6 -2 15 13 -13 16 -3 17 -15 -18 -20 -19 -22 23 -23 25 -25 -24 -28 29 -29
right_child=2 6 3 -5 9 -7 -8 8 -10 -11 -12 12 -14 14 -16 -17 18 20 19 -21 21 22 26 24 -26 -27 27 28 -30 -31
leaf_value=0.0012436797008312476 -0.0033476452935990637 0.00019328335370318562 0.00096105016508637607 -0.0045151330718545624 -0.0013514472586712526 -0.0029605652305889326 -0.0008409687626195942 -0.0014326930886427571 -0.00032253804076974482 3.0507545223288471e-05 0.0022849293199804109 5.4954913296378827e-05 0.00023871690782688234 0.00040274306172628457 0.00030920262249936131 -0.00049108891012799368 0.00050804669372095965 0.00011532523055022661 -0.0010617094669680847 0.00076876606664967432 -0.0012216469478382303 -0.00013634710313831203 -0.0017427488309731448 -0.00025688126870138453 -5.5598904312510805e-05 -0.0018601374700941242 -3.5997794713452084e-05 -0.0009541466186758122 -3.5584782960628742e-05 -1.443509812372172e-05
leaf_weight=395 40 6478 72 46 114 75 77 54 261 3905 65 9804 4114 265 477 59 353 342 43 48 64 213 43 52 99 84 1201 223 360 118
leaf_count=395 40 6478 72 46 114 75 77 54 261 3905 65 9804 4114 265 477 59 353 342 43 48 64 213 43 52 99 84 1201 223 360 118
internal_value=0.000198409 0.000303697 -0.000367796 -0.00260599 -0.000136428 -0.00348066 0.000263929 -0.00180155 -0.0027057 1.41792e-05 -0.000424528 0.00027863 0.000154658 -2.19723e-05 -0.000560712 0.000618079 -0.000805358 -0.00106297 0.000970787 -0.00257609 -0.0012975 -0.00156591 -0.00139975 -0.00295323 -0.00527542 -0.00840876 -0.0010406 -0.000895428 -0.00226068 -0.00437719
internal_weight=29544 24912 4632 433 4199 180 24517 387 315 4019 105 24440 17903 13789 3985 6537 3508 3064 444 91 2799 2457 2393 448 235 136 1945 1902 701 341
internal_count=29544 24912 4632 433 4199 180 24517 387 315 4019 105 24440 17903 13789 3985 6537 3508 3064 444 91 2799 2457 2393 448 235 136 1945 1902 701 341
is_linear=0
shrinkage=0.03


Tree=145
num_leaves=31
num_cat=0
split_feature=12 3 3 8 4 14 3 13 12 4 16 12 3 16 8 4 14 12 1 15 15 16 8 14 14 16 9 8 14 13
split_gain=1.91141 1.38938 1.66022 1.37687 1.87864 1.42245 1.30187 3.15524 2.62331 1.89622 1.86649 1.62019 1.78173 2.70765 3.03909 1.63472 1.84841 2.9382 2.54547 2.59663 3.25225 2.78996 3.63897 3.36331 1.6683 1.74477 1.61056 1.50996 1.65379 1.3456
threshold=0.1227477067254741 0.046442287688254556 1.0000000180025095e-35 9.3455676134555592 208.58523741523098 0.81360058546990566 0.063553974057145871 0.022756788874137381 -0.047463729120817082 1970.8428153417246 -0.0081726373535580352 -0.13307694571611647 0.13380273717314797 -0.0820776103524294 1.3445408194281721 2819.1259562507903 0.056909114681247798 -0.012860952340544072 0.22295321637426904 2.602003343538398 3.1132683346437333 0.08723274960544844 1.0851917013020971 0.042672534091309063 0.044398549416438886 0.23477402401637085 0.1781363926871834 2.2026915547533941 0.45439949663792606 0.041806246821104738
decision_type=2 2 2 8 8 2 2 2 2 8 8 2 2 8 10 8 2 2 10 10 10 10 10 2 2 10 10 10 2 2
left_child=3 2 -2 5 -5 6 7 -1 -9 10 -10 -8 29 14 -14 16 17 -15 19 -19 -21 -22 23 -23 -17 -26 -12 28 -18 -13
right_child=1 -3 -4 4 -6 -7 11 8 9 -11 26 12 13 15 -16 24 27 18 -20 20 21 22 -24 -25 25 -27 -28 -29 -30 -31
leaf_value=0.00078034469745350932 -0.00039853404271526132 -1.1199696907390529e-05 0.00036878039424867529 -0.0069328187261974428 0.00061264025370256884 -0.00095397980320455688 0.0032437313937784622 -0.002575267513445975 0.00049742201964640253 0.00068208634963733074 -0.00043409120501713733 0.00084242646097052419 -2.8723478041195381e-06 0.00064381080202124161 -0.0025434516936003282 0.0009701569682939136 0.00041428833351687245 -0.00080798099964982833 0.0011580944152694986 0.00056078258847234508 0.00041859883243012549 -2.2019445952208904e-05 -0.0018922188092350346 -0.001494694507774284 -0.000582616524865993 0.0005522417226161236 -0.0014594638746594272 -0.00060121865449034087 -1.4244210655672469e-05 0.00013781965431586474
leaf_weight=362 274 16451 1708 47 1750 57 298 62 65 61 97 721 90 238 59 67 2828 74 148 136 95 144 72 54 305 111 41 239 1297 1777
leaf_count=362 274 16451 1708 47 1750 57 298 62 65 61 97 721 90 238 59 67 2828 74 148 136 95 144 72 54 305 111 41 239 1297 1777
internal_value=0.000227858 3.95466e-05 0.000789713 0.000535145 0.00129644 0.000390989 0.000419721 -0.000835994 -0.00297248 -0.00165283 -0.00304412 0.000518506 0.000441698 0.000159617 -0.00382 0.000262352 0.000414007 -0.000776507 -0.0017279 -0.00263021 -0.00184661 -0.00331967 -0.00487085 -0.00274372 -0.00140702 -0.00211511 -0.00500719 0.000676289 0.000810713 0.00111405
internal_weight=29728 18433 1982 11295 1797 9498 9441 688 326 264 203 8753 8455 5957 149 5808 5325 961 723 575 501 365 270 198 483 416 138 4364 4125 2498
internal_count=29728 18433 1982 11295 1797 9498 9441 688 326 264 203 8753 8455 5957 149 5808 5325 961 723 575 501 365 270 198 483 416 138 4364 4125 2498
is_linear=0
shrinkage=0.03


Tree=146
num_leaves=31
num_cat=0
split_feature=20 5 17 7 14 3 17 0 17 14 14 19 6 17 11 11 20 4 4 16 10 11 16 8 8 0 17 3 11 0
split_gain=2.15392 1.90669 2.07138 1.78931 1.67428 3.9791 3.36427 2.77027 2.49636 2.31326 2.0655 1.80171 1.70362 2.47856 1.63849 4.25309 1.58135 1.86502 1.93571 1.97572 1.65112 1.61268 1.66176 2.22641 1.87139 2.70749 2.2714 1.4294 1.40504 3.36359
threshold=0.1227477067254741 0.99614229648569907 0.041689987563377807 0.1320191828787218 0.23728394227077454 0.17419070788535948 0.71259416527479058 1.5913249769158944 -0.072095242120650133 0.21165658788964961 0.31514976034788916 6.5000000000000009 0.18336374540587086 0.1944660850798752 7.6978022585375747 7.5519747514560569 0.21730021690257931 419.5603166515196 294.29994581180614 0.12707444140666704 0.6302826777557905 11.677681093171445 0.018810821723661268 3.2054170487142835 17.10798527826336 2.23242025849411 0.39731384246912455 -0.010960452775795495 10.657459334846001 6.3476266911258898
decision_type=2 10 10 10 2 2 10 10 8 2 2 2 2 10 2 2 2 8 10 8 10 2 8 8 10 10 10 2 2 10
left_child=1 14 -3 4 5 6 7 9 -9 -2 -6 -10 13 -12 15 -1 17 18 -5 -20 -19 22 23 -18 25 -25 -26 -16 -24 -30
right_child=3 2 -4 16 10 -7 -8 8 11 -11 12 -13 -14 -15 27 -17 21 20 19 -21 -22 -23 28 24 26 -27 -28 -29 29 -31
leaf_value=-9.4290148234244134e-06 -1.6229829317801572e-05 -0.0008285186083450655 0.00013095478419887413 0.00054320970891276129 0.00035003740512209183 2.3851354786054667e-05 -0.0024505120665370287 2.278742528141639e-05 -0.00074455812805753645 -0.00072359701935186145 -0.00037780677831709806 -0.0021827871099294178 -4.1266920301522846e-06 -0.0011314405577938491 -0.0013662933355980986 -0.0010981612230357035 0.00026231086729171346 0.00055444008270577637 -0.00086282166110796747 -0.00029250556462330675 9.4467310445240277e-05 -0.00074080808188682612 6.1163560565909145e-05 -0.0021555588004553436 -3.4327401747995513e-05 -0.0013708203031210402 -0.0015464610583439725 0.00021227723517423718 -0.00010704502020117467 -0.0016935525673589498
leaf_weight=807 302 40 47 133 378 604 46 41 51 45 319 51 1182 64 74 69 236 1516 71 133 4024 49 7855 49 217 60 48 10226 920 82
leaf_count=807 302 40 47 133 378 604 46 41 51 45 319 51 1182 64 74 69 236 1516 71 133 4024 49 7855 49 217 60 48 10226 920 82
internal_value=0.000219805 0.000546786 -0.00385227 2.0458e-05 -0.000639105 -0.00155127 -0.00343017 -0.00268839 -0.0061875 -0.00123276 -0.000103395 -0.00867961 -0.000584291 -0.00232031 0.000581373 -0.000663626 0.000152592 0.000539469 -0.00162426 -0.00345366 0.000671359 -8.63716e-05 -5.79847e-05 -0.00157119 -0.003008 -0.0063 -0.00163534 0.000687312 4.63988e-05 -0.00101097
internal_weight=29739 11263 87 18476 3083 1140 536 490 143 347 1943 102 1565 383 11176 876 15393 5877 337 204 5540 9516 9467 610 374 109 265 10300 8857 1002
internal_count=29739 11263 87 18476 3083 1140 536 490 143 347 1943 102 1565 383 11176 876 15393 5877 337 204 5540 9516 9467 610 374 109 265 10300 8857 1002
is_linear=0
shrinkage=0.03


Tree=147
num_leaves=31
num_cat=0
split_feature=0 14 4 14 9 15 16 13 11 11 9 11 4 11 11 15 17 4 16 0 14 8 14 13 11 13 9 16 16 7
split_gain=1.58901 1.40182 1.71851 2.01633 3.38005 2.46912 2.41474 2.2626 3.70819 5.98317 3.32114 2.41927 2.40006 2.2218 12.6415 1.93796 1.89214 1.88774 2.35824 2.84545 2.91786 2.17449 2.34167 3.09879 2.78057 4.69679 2.21888 2.01862 1.8622 1.8561
threshold=0.95017790907776367 0.60099052275563392 2028.1395809089308 0.18714609236612942 0.073532391474593742 4.166635176627655 -0.0056068722558653339 0.052798374834397692 9.778519390170862 9.5285758868882926 0.1414382842321566 9.6468841617995391 1433.3186437413715 8.9552545531454211 8.7499701634482623 3.9981586158983733 0.55495963762964251 1409.2906205155364 0.38447523372962095 2.7187247769475751 0.37136485023315408 31.376165993621889 0.21366555468538176 0.13394302834471808 9.2853086871375385 0.04355416272978805 0.062695891239881327 0.11955501124251543 0.57829238875854927 0.02798427713465312
decision_type=10 2 10 2 8 10 10 2 2 2 10 2 10 2 2 10 10 10 8 10 2 10 2 2 2 2 10 10 10 8
left_child=-1 2 3 4 5 6 -2 10 9 13 12 -11 29 14 -9 16 -10 -5 19 21 27 22 23 26 25 -24 -19 -21 -4 -6
right_child=1 -3 28 17 7 -7 -8 8 15 11 -12 -13 -14 -15 -16 -17 -18 18 -20 20 -22 -23 24 -25 -26 -27 -28 -29 -30 -31
leaf_value=0.0005025670068265262 -0.00040516443388782119 -0.00011921451665945562 0.00017897673795637248 0.00018380572899490651 0.00026429622408735492 -0.00037718002087395655 0.00019469626170115601 0.0012021604733262283 0.00014117395036952234 -0.0015706206359511253 0.00040586116055678774 -0.0036975270735249083 -0.0014324074312309679 -0.00014340774439388797 -0.005635254277237647 -0.00196846950712536 -0.0013733285184329088 -0.00025945781601478194 0.00091404584902111008 -0.0014046308724489627 -0.0014077740297317905 0.00070541999828799935 0.0013733017132909978 0.0011612210171692654 1.3937636864199939e-05 -0.0054240209872847252 -0.0019300614095634073 -7.1662554254058454e-05 -0.00083700717846423435 -0.00045640221155922507
leaf_weight=2240 697 2366 6000 6594 347 78 4253 95 365 41 818 53 71 187 52 40 40 51 400 42 58 236 69 62 2569 48 84 174 119 1328
leaf_count=2240 697 2366 6000 6594 347 78 4253 95 365 41 818 53 71 187 52 40 40 51 400 42 58 236 69 62 2569 48 84 174 119 1328
internal_value=0.00023602 0.000173056 0.000239188 9.73851e-05 -0.000246279 0.000249354 0.000333266 -0.000971204 -0.00228947 -0.00427972 -0.000521637 -0.0109263 -0.00126045 -0.00238209 -0.00512838 -0.000369955 0.000258621 0.000377455 -0.000155772 -0.000412787 -0.00333818 -0.000154808 -0.000381761 -0.0035303 -0.000149609 -0.00465254 -0.00606618 -0.00171429 0.00067598 -0.00102924
internal_weight=29577 27337 24971 18852 8465 5028 4950 3437 873 428 2564 94 1746 334 147 445 405 10387 3793 3393 274 3119 2883 197 2686 117 135 216 6119 1675
internal_count=29577 27337 24971 18852 8465 5028 4950 3437 873 428 2564 94 1746 334 147 445 405 10387 3793 3393 274 3119 2883 197 2686 117 135 216 6119 1675
is_linear=0
shrinkage=0.03


Tree=148
num_leaves=31
num_cat=0
split_feature=12 0 8 11 12 6 3 0 9 11 8 12 7 3 3 17 9 19 2 5 7 4 3 8 16 7 6 4 11 3
split_gain=2.11703 3.02613 1.57064 1.7431 2.12384 1.86146 1.65227 2.19126 1.52535 3.2906 2.49997 2.58674 3.62956 2.59174 2.12279 2.02808 1.76859 3.33567 1.6348 2.42212 1.44363 2.34211 2.15455 1.42993 1.45772 1.40326 1.34213 1.29923 1.71156 1.66469
threshold=0.36593090772450171 95.446153846153848 188.66643358140553 7.9228047664642416 0.071694464795593063 -0.30384545590677686 0.10111187205703791 0.7716394978323825 0.046109105025071422 10.917676020672403 2.5482791831712812 0.26078219157719135 0.23949975592670006 0.068895333066847822 0.10388772922868796 0.58702744001670404 0.0092517436267436307 8.5000000000000018 6.3728216998011895 0.77805145046524371 0.16762507329340939 593.79633541969383 0.47450303699721869 1.4819705322950145 0.21376992791652255 0.095321134265524701 -1.3219424142381162 578.85432078709232 7.4175802220539717 0.42504906724113717
decision_type=2 8 8 2 2 2 2 10 10 2 10 2 10 2 2 10 10 2 8 8 10 10 2 10 10 10 2 10 2 2
left_child=1 2 3 5 6 -1 7 -5 10 -10 18 16 13 15 -15 -13 17 -12 19 -6 21 -20 -23 24 -9 -26 -22 28 29 -7
right_child=-2 -3 -4 4 8 27 -8 23 9 -11 11 12 -14 14 -16 -17 -18 -19 20 -21 26 22 -24 -25 25 -27 -28 -29 -30 -31
leaf_value=0.00065158159091612542 -0.00012356099683584609 0.0011114371467499514 0.00048253285693012482 -0.0016484618755257712 0.00057791378121032754 -0.0010159295436135089 0.00034681428197424872 -0.00010368958968698941 -9.0210356701516569e-05 0.00032248277020627692 0.00021535888350462237 -0.00072898519574789047 -0.00017337496071130048 -0.0022028181413246109 -0.0021346322683462081 0.00023707899488238128 0.00027178065907037212 -0.002949277866742382 -0.0035869321055856562 -0.00047504843940967639 -0.00092270540338690906 0.00029680282499816774 -0.0015415516360552414 0.0013870279657727032 -0.0012790261231350004 -0.00030808246913300875 0.00073680319342378053 0.0019607734934418185 -0.00084987997794951661 0.00078992102217969663
leaf_weight=403 3496 552 884 41 48 612 4477 428 9611 1597 87 62 788 41 59 62 1739 54 40 58 40 1602 49 312 41 46 1783 74 372 219
leaf_count=403 3496 552 884 41 48 612 4477 428 9611 1597 87 62 788 41 59 62 1739 54 40 58 40 1602 49 312 41 46 1783 74 372 219
internal_value=0.00021804 0.000310633 0.000263246 0.000218823 0.000286786 -0.000713861 0.000810887 -0.000386651 0.000128661 -8.35042e-05 0.000493782 -0.000163844 -0.00138598 -0.00474667 -0.00831683 -0.001824 0.000494418 -0.00272535 0.00101906 -0.00263551 0.00113001 0.000498227 0.000673729 -4.71013e-05 -0.00101744 -0.00453409 0.00171546 -0.00127465 -0.00151246 -0.000753606
internal_weight=29677 26181 25629 24745 23065 1680 5345 868 17720 11208 6512 2892 1012 224 100 124 1880 141 3620 106 3514 1691 1651 827 515 87 1823 1277 1203 831
internal_count=29677 26181 25629 24745 23065 1680 5345 868 17720 11208 6512 2892 1012 224 100 124 1880 141 3620 106 3514 1691 1651 827 515 87 1823 1277 1203 831
is_linear=0
shrinkage=0.03


Tree=149
num_leaves=31
num_cat=0
split_feature=12 0 11 17 14 11 10 17 8 16 16 15 14 1 9 11 10 2 3 1 0 11 0 11 1 9 12 11 9 14
split_gain=1.9816 2.76173 2.18115 2.47223 1.91595 1.69431 1.60063 1.57118 1.85714 1.76226 1.57753 1.52967 3.35987 3.18455 1.3614 3.17609 2.14972 2.13509 2.16385 2.51489 2.19645 2.04645 2.77619 2.0431 1.80277 1.94015 2.82016 2.8156 3.11958 2.44461
threshold=0.33391954310178301 0.70359720797852621 10.568762382911766 2.6844859018881082 0.81360058546990566 8.1077200165483614 0.65723560784621615 -0.012862231510444888 1.0090624652256643 0.44080767994251396 0.13812044173433333 3.1984648276080736 0.25450203479105588 0.031754032258064509 0.068723027171001344 10.763229093135925 3.8213124609692541 3.9567861552827805 0.20478392448355395 0.070802005012531324 0.96462326206540805 10.262681818940665 1.2190997544561653 10.379209176752907 0.42802617230098156 0.2041340047980271 0.16316523771960337 9.623277489997216 0.24195760830793589 0.22344619519823836
decision_type=2 10 2 8 2 2 8 8 8 10 8 10 2 10 8 2 10 10 2 10 10 2 10 2 10 10 2 2 10 2
left_child=1 -1 -2 11 6 -6 7 9 -9 10 -3 -4 -13 -14 -8 16 17 18 19 -16 -20 -22 -23 -24 25 26 -21 28 -27 -28
right_child=2 4 3 -5 5 -7 14 8 -10 -11 -12 12 13 -15 15 -17 -18 -19 20 24 21 22 23 -25 -26 27 29 -29 -30 -31
leaf_value=0.0011968630640277361 -3.1256257733067798e-05 -0.00011411399096432782 0.00016581026004508446 -0.0092512859037846389 -0.0013361334371507791 0.0003190518667200719 0.00012071515119101222 -0.00067135853369359381 0.00029636664405023177 -0.0012180515863164502 0.00040370055223927102 0.00048501691263775959 -0.0014851559340269571 -0.00029001361685480822 6.8514801085001626e-06 0.00035442913962284819 -0.0024200500027264974 0.0010134827973853949 0.0018245512831666863 -0.00010116114256190922 0.00011417008459595019 3.8035417656329617e-05 -0.00094636209218951434 -0.0010569924274894873 0.00051504473156890331 -0.0017861877551465506 -0.00083892532872998325 -0.00041218972511387376 -0.0010785970298609418 -0.0001783908809591982
leaf_weight=428 4035 1432 168 40 41 41 7721 313 6352 42 391 79 40 45 1641 1242 45 346 320 1085 1982 259 47 127 112 61 261 388 45 428
leaf_count=428 4035 1432 168 40 41 41 7721 313 6352 42 391 79 40 45 1641 1242 45 346 320 1085 1982 259 47 127 112 61 261 388 45 428
internal_value=0.000224 0.000326826 -0.000362749 -0.00255764 0.000285402 -0.00426506 0.000300718 0.000632986 0.000848335 -0.000136656 4.93432e-06 -0.00169369 -0.00374545 -0.00784884 0.00012476 -0.000139809 -0.000383184 -0.000341264 -0.000459079 -0.00090179 0.000191886 -0.000117963 -0.00198387 -0.00490286 -0.00152457 -0.00170824 -0.00124394 -0.0033697 -0.00768224 -0.00274348
internal_weight=29557 25150 4407 372 24722 82 24640 8530 6665 1865 1823 332 164 85 16110 8389 7147 7102 6756 4021 2735 2415 433 174 2380 2268 1774 494 106 689
internal_count=29557 25150 4407 372 24722 82 24640 8530 6665 1865 1823 332 164 85 16110 8389 7147 7102 6756 4021 2735 2415 433 174 2380 2268 1774 494 106 689
is_linear=0
shrinkage=0.03


Tree=150
num_leaves=31
num_cat=0
split_feature=12 0 14 4 16 15 5 8 14 13 13 8 16 13 16 13 4 13 4 9 5 0 9 12 14 9 15 15 0 14
split_gain=1.67945 2.23874 1.50244 2.40089 2.13326 3.2259 1.89511 2.05947 2.10787 4.21845 1.56526 1.52272 1.52152 1.51104 1.50717 2.87618 1.50329 1.46699 3.61786 4.98106 2.29931 2.28252 2.49511 2.24784 2.23872 2.84194 2.03162 1.98105 3.02226 1.9535
threshold=0.36096982675827866 95.446153846153848 0.60099052275563392 1987.7811578878686 0.24318750427357747 1.8688348091416842 0.71409108602569116 1.9861901392039492 0.66206747793733689 0.0062676283184450159 0.057125893170637675 1.2327398972471633 0.25723900418894075 0.017331591295534795 0.031522870368410796 0.0072938339743271107 306.21023248463513 0.041806246821104738 6151.5519425694483 0.1057214469874434 0.99614229648569907 1.3673851329356068 0.064781247184921217 0.19361382692772902 0.17704420439001509 0.070874147984448757 3.1567740231385479 3.1567740231385479 2.8373453354441951 0.10794157586932319
decision_type=2 8 2 10 10 8 10 10 2 2 2 10 10 2 8 2 8 2 8 10 10 10 8 2 2 10 10 10 10 2
left_child=1 2 17 4 14 -6 7 8 11 -10 16 -5 -11 -13 15 -4 -7 29 20 21 27 22 -20 -23 -22 -26 -27 -19 -29 -1
right_child=-2 -3 3 6 5 10 -8 -9 9 12 -12 13 -14 -15 -16 -17 -18 18 19 -21 24 23 -24 -25 25 26 -28 28 -30 -31
leaf_value=-1.0050598037432728e-05 -9.5175267312852825e-05 0.0011103578107235614 -0.0014731666202220885 0.00012464297784029412 -0.001540515316612073 0.0020863876071088266 0.00095850903146586493 0.0001101594854169379 -0.0039207476610358576 -0.0011346718909200529 0.00056793850550768555 -9.5961257664423568e-05 0.00086604167004469725 -0.00065692376475594088 0.00044250199932487658 0.00023565043163318271 -0.00053722583704071322 -3.325979809301606e-05 -0.005218867777833874 0.00044434701158688298 0.0023215222046911971 0.00049160946154504389 -0.0018420440690255636 -0.0029515140087186028 -0.00081322265683541511 -0.0007102974842327852 0.00083686865191850469 0.00019850290926604815 -0.0010539744212854332 0.00027704395974457129
leaf_weight=3675 3616 539 59 103 65 61 76 173 68 40 110 118 42 110 648 264 326 5634 69 163 42 50 52 70 50 44 50 3910 55 9273
leaf_count=3675 3616 539 59 103 65 61 76 173 68 40 110 118 42 110 648 264 326 5634 69 163 42 50 52 70 50 44 50 3910 55 9273
internal_value=0.000220767 0.000305204 0.000264557 -0.000473056 0.000201434 -0.00126821 -0.00188782 -0.00240916 -0.00341701 -0.00635762 -0.000439759 -0.00206928 -0.00173494 -0.00343231 0.00105247 -0.00062037 -0.00133763 0.000336719 6.74191e-05 -0.00271111 0.000182404 -0.00544215 -0.00833607 -0.00247934 -0.0031123 -0.00488276 -0.00176842 0.000246563 0.000760212 0.000548614
internal_weight=29555 25939 25400 2263 1533 562 730 654 481 150 497 331 82 228 971 323 387 23137 10189 404 9785 241 121 120 186 144 94 9599 3965 12948
internal_count=29555 25939 25400 2263 1533 562 730 654 481 150 497 331 82 228 971 323 387 23137 10189 404 9785 241 121 120 186 144 94 9599 3965 12948
is_linear=0
shrinkage=0.03


Tree=151
num_leaves=31
num_cat=0
split_feature=0 1 11 9 8 9 14 14 1 4 9 15 12 12 12 14 14 9 1 12 1 9 6 14 9 0 8 0 14 4
split_gain=1.66072 1.5816 2.34978 2.13702 1.55358 2.22728 4.23853 4.16854 1.89107 2.33651 1.88717 1.88709 1.8403 1.41904 1.39506 1.53629 2.29938 4.70087 1.74601 2.2869 1.64711 1.55219 1.88789 2.10266 1.82188 1.74542 1.65411 3.64952 2.14199 1.65193
threshold=0.94265142112167888 0.37284167398302609 9.5495232147531404 0.085370297462229502 1.1216701199597086 0.13643438801823898 0.2492299096779412 0.42876593534121193 0.38516483516483518 12866.871813549369 0.20176113272436394 2.249904835165133 0.037902532460011969 0.0075615158549831038 0.13125259409966808 0.6061035485807782 0.68235481368835205 0.021239598319266993 0.15034246575342472 0.068921770466097612 0.059262510974539058 0.0055351307189542504 0.25215418446938676 0.10102936720107132 0.042773985485358788 1.0938369246450212 1.1671704804823246 1.276094897606195 0.12270964149603746 509.21864213572229
decision_type=10 8 2 10 8 10 2 2 10 8 10 8 2 2 2 2 2 8 10 2 10 8 2 2 8 10 8 10 2 8
left_child=1 -1 -3 -4 5 -2 10 12 14 -10 13 -9 -8 -7 15 21 17 -17 19 -19 -21 22 -6 -24 -23 -26 27 28 -27 -28
right_child=4 2 3 -5 8 6 7 11 9 -11 -12 -13 -14 -15 -16 16 -18 18 -20 20 -22 24 23 -25 25 26 29 -29 -30 -31
leaf_value=0.00098837745270989748 5.7753445201404287e-05 0.00018649522272288143 -0.00068781963391690161 -1.1894062437359273e-06 6.189962146200783e-05 0.0015296985016398084 -0.0011069074503737048 -0.0015759405746516304 0.00064754457878334233 -0.0002084892045449844 0.00083340354175667243 -0.0002606420865343976 -0.00085937093735810838 -0.00079672890118712896 8.2506968935981358e-06 -0.0010127814684329488 0.00014774584360087903 8.6558389725565764e-05 0.00046407569328548104 -0.00037804265013164761 -0.001384695162370064 0.00058363760392470443 0.00021798491570752866 -0.0046839028028320745 0.00057586048071943266 -0.00064356309935870441 -0.00078101264776279477 -0.00094525907999313272 -2.9627746099998369e-05 0.00011294439580025604
leaf_weight=1411 1773 628 43 53 151 56 50 75 616 47 327 406 47 179 15906 45 258 119 82 74 43 1920 47 69 1563 40 138 41 482 2938
leaf_count=1411 1773 628 43 53 151 56 50 75 616 47 327 406 47 179 15906 45 258 119 82 74 43 1920 47 69 1563 40 138 41 482 2938
internal_value=0.000226509 0.0010323 -0.000107586 -0.00445361 0.000163896 -0.000491077 -0.00152498 -0.00332642 0.000241538 0.00182078 0.000330373 -0.0021722 -0.00896939 -0.0017161 0.000197684 0.000520534 -0.000911575 -0.0024478 -0.00114734 -0.0024557 -0.00541525 0.000641001 -0.00160075 -0.00446154 0.000725256 0.000433596 7.33518e-05 -0.00142021 -0.000734225 0.000347091
internal_weight=29627 2135 724 96 27492 2913 1140 578 24579 663 562 481 97 235 23916 8010 621 363 318 236 117 7389 267 116 7122 5202 3639 563 522 3076
internal_count=29627 2135 724 96 27492 2913 1140 578 24579 663 562 481 97 235 23916 8010 621 363 318 236 117 7389 267 116 7122 5202 3639 563 522 3076
is_linear=0
shrinkage=0.03


Tree=152
num_leaves=31
num_cat=0
split_feature=0 11 9 8 13 3 11 3 9 16 3 9 15 19 20 3 8 9 15 15 3 13 7 7 7 11 11 9 4 13
split_gain=1.32997 2.0553 1.35516 1.30469 2.66268 2.0309 1.91173 1.90095 2.42593 2.37656 2.22837 2.07724 2.26046 2.16817 1.78017 2.04073 2.34927 3.09053 4.25901 2.73129 4.26641 2.72834 2.34497 2.57796 2.16442 2.18239 2.57828 2.52657 2.12205 2.07068
threshold=0.94265142112167888 4.4829865921051741 0.28920525546911863 1.1216701199597086 0.11992362368706075 0.12983827276266419 10.19578396184199 0.27352242126423126 0.12260410037835337 0.10834829956720957 0.15458279366853997 0.090170857719337222 2.249904835165133 7.5000000000000009 0.22978239979433382 0.24943979973861166 1.4021007178595621 0.0052366209641751468 1.8688348091416842 3.1567740231385479 0.43713272138305059 1.0000000180025095e-35 0.19525097520551291 0.15393820816899523 0.22240501945360955 10.462646089415928 9.1758006843620397 0.058621463381858925 1227.5251619527241 0.049461179767113304
decision_type=10 2 8 8 2 2 2 2 10 10 2 8 8 2 2 2 8 8 8 10 2 2 10 10 8 2 2 10 8 2
left_child=2 -2 -1 4 6 -6 7 8 -3 10 -10 12 -9 -14 15 29 19 18 -18 -17 21 22 23 -21 25 26 -19 -28 -29 -5
right_child=1 3 -4 14 5 -7 -8 11 9 -11 -12 -13 13 -15 -16 16 17 24 -20 20 -22 -23 -24 -25 -26 -27 27 28 -30 -31
leaf_value=0.00052609579505093879 -0.0087599477122873842 -0.00017470915612202915 -0.00044192886784276631 0.00030149743541926972 -0.0011738406496319036 -0.00060520900834544933 0.00024699429120632864 0.00030270360961595649 -0.00046905235116012563 -4.5171179447809285e-05 -0.0016922388637730184 0.000247200605401631 -0.00066323542657370201 -0.0041446871654150733 -3.3000102108107359e-05 0.00046563914868560133 -0.010141926874525569 -0.00020822293353124733 -0.00049529829179254361 -0.00026970097269726783 -0.00078527873537206623 0.00042534163843023677 0.00060942023096218335 -0.0010328306636703645 0.00034030502990000576 0.00026231768316960718 -0.00018998038679219587 -0.0023883348343127784 -0.00017346519531777691 3.1744140893380058e-05
leaf_weight=1982 45 425 114 6083 40 213 831 111 73 102 97 822 73 40 8385 1086 41 197 91 56 56 256 42 45 607 165 61 93 55 7348
leaf_count=1982 45 425 114 6083 40 213 831 111 73 102 97 822 73 40 8385 1086 41 197 91 56 56 256 42 45 607 165 61 93 55 7348
internal_value=0.000195877 0.000140414 0.000924177 0.000151009 -0.000459335 -0.00338976 -0.000170097 -0.000734518 -0.00194699 -0.00415385 -0.00631579 7.44987e-05 -0.00248 -0.00544737 0.000220975 0.000403857 -0.000325035 -0.00125858 -0.00559398 0.000468872 -0.00148026 -0.0003825 -0.0036875 -0.00614706 -0.000768448 -0.00209266 -0.00327273 -0.00558571 -0.00769127 0.000558592
internal_weight=29635 27539 2096 27494 2827 253 2574 1743 697 272 170 1046 224 113 24667 16282 2851 1310 132 1541 455 399 143 101 1178 571 406 209 148 13431
internal_count=29635 27539 2096 27494 2827 253 2574 1743 697 272 170 1046 224 113 24667 16282 2851 1310 132 1541 455 399 143 101 1178 571 406 209 148 13431
is_linear=0
shrinkage=0.03


Tree=153
num_leaves=31
num_cat=0
split_feature=20 15 4 8 1 4 4 11 13 9 4 20 0 8 11 8 11 1 11 10 10 8 9 6 8 13 9 15 15 7
split_gain=1.31407 1.51527 3.78822 1.32845 1.93346 2.66812 1.87038 2.3848 2.9608 1.90054 1.73752 2.8382 1.65291 1.75675 1.24499 1.17613 1.78618 1.48503 1.64756 2.69087 1.47955 1.90756 1.60003 1.23938 1.15201 1.47075 2.03384 2.89182 1.27103 2.01291
threshold=-0.055977245484331466 2.524928003624769 1299.8445179974144 1.1216701199597086 0.38516483516483518 12866.871813549369 1377.0141725848523 10.487740201990425 0.065808832792582941 0.033787893997837021 3047.7344206230036 0.087090606453227096 1.0848358170868846 1.2844834899735049 5.173316863805991 13.079541085206467 10.87803775741498 0.11451990632318505 9.5495232147531404 1.2898398601675642 1.4141714104779421 1.4623266916111601 0.044515950319521748 0.3734559312039481 1.1629638694748345 0.092871863244785038 0.11854444167700136 3.0201273556387074 2.8029010331479989 0.076909380649847647
decision_type=2 10 10 8 10 10 8 2 2 8 8 2 10 8 2 10 2 8 2 10 10 8 8 2 8 2 10 8 10 10
left_child=1 2 -1 6 12 -6 -2 8 9 -8 11 -10 13 -5 -14 16 20 -17 -19 -20 -15 -22 23 -23 25 26 -16 -28 -27 -30
right_child=3 -3 -4 4 5 -7 7 -9 10 -11 -12 -13 14 15 24 17 -18 18 19 -21 21 22 -24 -25 -26 28 27 -29 29 -31
leaf_value=0.0011188624849255851 2.9770241942245143e-05 0.001622713474460585 -0.0021907389872006921 0.00073214666672455581 0.00062552300655249477 -0.00017236935709115684 -0.0059506534306240106 3.3125292685360268e-05 -0.00089026122548343958 2.0229062049568634e-05 0.00026273558768450793 -0.0018826962594229212 -0.0075752676861429585 0.00043369697340376223 0.00011753853701926285 0.0011707829346047206 -0.00082065785911297686 0.00015139245931625943 -0.00080274761648564186 0.00016006567546442377 0.00052998554640402713 -0.00052528430323513177 -0.00056881173523647935 -0.0016495764161106737 3.3653200535320945e-05 -0.0015053092533290676 0.0001500514156687398 -0.0011095445837158923 -0.00034590278843348211 0.00043113758798262998
leaf_weight=605 1997 507 41 1270 633 42 43 374 154 261 43 49 51 598 730 471 40 236 48 57 104 47 193 44 20496 63 94 96 142 79
leaf_count=605 1997 507 41 1270 633 42 43 374 154 261 43 49 51 598 730 471 40 236 48 57 104 47 193 44 20496 63 94 96 142 79
internal_value=0.000185214 0.00117764 0.000213292 0.000144961 0.000214294 0.00179734 -0.000460986 -0.00157622 -0.00283122 -0.000845902 -0.00527125 -0.00642647 0.000171239 0.00081827 7.87515e-05 0.000225122 -0.000449854 0.00107749 -0.000429824 -0.00353774 -0.000194529 -0.00163496 -0.00290526 -0.00616304 8.98577e-05 -0.000811618 -0.000228013 -0.00298429 -0.00269474 -0.00160811
internal_weight=29608 1153 646 28455 25534 675 2921 924 550 304 246 203 24859 3108 21751 1838 1026 812 341 105 986 388 284 91 21700 1204 920 190 284 221
internal_count=29608 1153 646 28455 25534 675 2921 924 550 304 246 203 24859 3108 21751 1838 1026 812 341 105 986 388 284 91 21700 1204 920 190 284 221
is_linear=0
shrinkage=0.03


Tree=154
num_leaves=31
num_cat=0
split_feature=12 8 13 16 16 1 8 11 16 8 15 4 6 1 6 4 14 12 11 4 16 15 16 4 11 8 17 17 16 6
split_gain=1.78953 1.45707 2.49606 2.30638 3.15098 1.94939 1.44483 1.13598 1.00664 2.07185 2.01563 3.31543 2.03991 1.46341 1.0698 1.2495 2.15434 0.965818 2.05033 1.93831 2.20532 1.63315 2.02368 2.25239 2.74145 3.49981 3.52883 2.27142 1.6479 1.37487
threshold=0.10667875295301955 1.1294581464344942 0.10641213945904916 0.083004672373586427 0.17066777912745421 0.39907407407407414 188.66643358140553 10.214147351859408 -0.062736713487384202 1.3270616034825291 2.740319461670996 391.87248585746971 0.076717848681718118 0.062828947368421054 1.9817230592174095 846.01783710145139 0.1545874249843526 0.34451156886779183 10.657459334846001 3151.6267626317554 0.23670314838779707 2.524928003624769 0.78165754193712667 1723.0712628779504 8.7499701634482623 56.037711573495578 0.45968512628980546 0.34045703007647371 1.0000000180025095e-35 0.038999361247734281
decision_type=2 8 2 10 10 10 10 2 8 10 10 8 2 8 2 8 2 2 2 8 8 10 10 8 2 10 10 8 8 2
left_child=1 2 -1 5 7 -4 17 -5 9 -3 11 -11 13 -13 -10 16 -16 -2 21 20 -20 22 23 24 -19 26 27 -26 -25 -30
right_child=6 8 3 4 -6 -7 -8 -9 14 10 -12 12 -14 -15 15 -17 -18 18 19 -21 -22 -23 -24 28 25 -27 -28 -29 29 -31
leaf_value=8.901880561578168e-05 1.8123439638519609e-05 0.00076138853147686046 9.6500147796884975e-05 -0.0024597351681683284 -1.0251928485353061e-05 -0.0011367387448201283 0.00027876101354639739 -0.00069244774433413296 0.0003236390787344626 0.005232015440825747 0.0003514654795347534 0.0005021011872068927 -0.0023022240613370481 -0.0017351514588364401 -0.0011816549184221507 7.6236400956617158e-05 -0.00015233400482262262 -0.00030303408234351936 -3.6072195527062277e-05 -1.3444735990987004e-06 -0.0036161676404616724 0.0003942507786197093 0.00071709784305410242 -0.00087351802361293994 -0.0025571785045604865 -0.00094195682509617214 0.0002507797301874652 -0.0023456554853012093 -0.0011023938469573791 6.9721437066429142e-05
leaf_weight=2405 15456 142 223 40 78 57 1063 49 5681 45 119 40 53 40 50 512 119 588 49 116 99 845 199 54 56 57 148 48 106 1212
leaf_count=2405 15456 142 223 40 78 57 1063 49 5681 45 119 40 53 40 50 512 119 588 49 116 99 845 199 54 56 57 148 48 106 1212
internal_value=0.000193513 0.000529211 -3.99578e-05 -0.00209598 -0.004875 -0.000427046 3.22437e-05 -0.0087 0.000767862 -0.000620454 -0.00204362 -0.00405587 -0.00642537 -0.00333333 0.000863744 -0.000259531 -0.00248824 -2.78973e-05 -0.000472051 -0.00301132 -0.00527517 -0.000268859 -0.000658566 -0.000913216 -0.00208129 -0.00436452 -0.00282213 -0.00702857 -0.00014858 6.36847e-05
internal_weight=29749 9653 2852 447 167 280 20096 89 6801 439 297 178 133 80 6362 681 169 19033 3577 264 148 3313 2468 2269 897 309 252 104 1372 1318
internal_count=29749 9653 2852 447 167 280 20096 89 6801 439 297 178 133 80 6362 681 169 19033 3577 264 148 3313 2468 2269 897 309 252 104 1372 1318
is_linear=0
shrinkage=0.03


Tree=155
num_leaves=31
num_cat=0
split_feature=12 7 11 5 14 3 5 10 4 7 14 0 17 11 8 8 8 14 8 3 10 16 4 14 11 16 11 1 14 8
split_gain=1.42824 1.42557 2.18501 2.03426 2.76387 1.85081 1.45082 1.36651 1.8836 3.03206 1.70886 4.45492 4.53809 3.68532 2.43862 2.20674 1.35266 1.37069 2.0474 1.56332 1.9362 2.12484 1.56209 2.29037 1.38611 2.82921 1.64818 2.40857 2.65442 1.4146
threshold=0.10667875295301955 0.13429112161815146 11.204965833006661 0.77154105736782908 0.4637785508060806 0.27352242126423126 0.98800218796332284 0.20623903118747991 404.45882070770995 0.094375791313356897 0.19079801609333094 1.4434687993611437 0.51014865754706928 9.9050363413107743 1.2740186761354801 1.3445408194281721 9.3455676134555592 0.45439949663792606 2.7409482571092867 0.16511378262512549 -0.07132811149311051 0.15155761307156845 2199.8927391512379 0.61135725184259637 10.963263718913563 0.12406350490091304 7.9983353394977543 0.21902412280701758 0.50866111559561589 1.1516655565334788
decision_type=2 8 2 8 2 2 10 10 10 10 2 10 10 2 10 10 10 2 10 2 8 10 10 2 2 10 2 10 2 10
left_child=16 2 3 4 -2 6 7 -5 9 -9 11 12 -10 14 -13 -15 17 18 -1 -19 21 -21 24 -24 26 -26 29 -28 -29 -22
right_child=1 -3 -4 5 -6 -7 -8 8 10 -11 -12 13 -14 15 -16 -17 -18 19 -20 20 22 -23 23 -25 25 -27 27 28 -30 -31
leaf_value=0.0002047966698469017 -0.00017926026459606653 5.7662092674501372e-05 0.00038737481471588119 5.5098765674343034e-05 -0.00085407061696652655 0.00010355788824804238 -0.00086294112558378783 -0.0021833675031442956 0.00021162700081412951 0.00021130938533658628 -6.400544612201175e-05 -0.0016698698556449551 -0.00088652681886008304 -0.0017908749341368731 0.00090951048668865236 -0.00062076151649210186 0.000621040122448465 0.00012143754890899748 -0.00076304015845951535 -0.0012948814086162557 -0.00030418123190538909 0.00048782546500081975 -7.9996897538145298e-05 -0.00067703519554819221 -0.0019658545723211115 0.0012102623240762391 0.0007313549358904497 -0.001480100374213358 0.0002724970052547507 -0.0023336563890399551
leaf_weight=5681 73 16032 507 583 51 900 40 58 338 58 1165 41 80 41 45 49 1400 1128 307 71 118 40 72 51 40 42 491 52 120 44
leaf_count=5681 73 16032 507 583 51 900 40 58 338 58 1165 41 80 41 45 49 1400 1128 307 71 118 40 72 51 40 42 491 52 120 44
internal_value=0.000208755 6.44503e-05 -0.00043995 -0.000705081 -0.004464 -0.000566637 -0.000986795 -0.000893046 -0.00128731 -0.00497436 -0.00104148 -0.00234958 -0.000658711 -0.00633898 -0.00186207 -0.0105495 0.00050849 0.000362194 0.0006001 -0.000265639 -0.00104816 -0.00479464 -0.000640155 -0.00379839 -0.00020815 -0.00390361 0.000163438 0.000826807 -0.00221965 -0.00253988
internal_weight=29718 20061 4029 3522 124 3398 2498 2458 1875 116 1759 594 418 176 86 90 9657 8257 5988 2269 1141 111 1030 123 907 82 825 663 172 162
internal_count=29718 20061 4029 3522 124 3398 2498 2458 1875 116 1759 594 418 176 86 90 9657 8257 5988 2269 1141 111 1030 123 907 82 825 663 172 162
is_linear=0
shrinkage=0.03


Tree=156
num_leaves=31
num_cat=0
split_feature=12 8 13 5 8 15 15 17 17 14 0 16 8 4 12 15 4 14 12 7 4 4 6 12 13 0 16 4 7 16
split_gain=1.97456 1.15571 1.50577 1.43651 1.56854 1.42587 2.20553 2.55385 2.63232 2.25694 2.85 2.53025 2.08662 1.91779 1.68621 1.67324 3.04437 3.65129 2.8202 2.26554 3.13277 1.87454 1.73613 1.64451 1.63232 1.96602 1.72659 1.61654 1.59662 3.43656
threshold=0.10179546492234072 188.66643358140553 0.052243871788437375 0.60108855631493829 39.36968258216659 2.602003343538398 3.0677824455408698 0.34446686193689019 0.67449916606354521 0.075292873884918579 2.9971553854031452 0.28676673367798672 1.6340748600711972 1370.1619904556389 0.18109371907593277 2.0126758453675748 4130.2755515587569 0.21556890388968922 0.45382974989356978 0.34091287538877896 279.65179768596505 479.41566573372626 -0.35891202256172899 0.24398007853902118 0.014167410074786764 1.9041668348414915 0.16407363941193256 2063.3029483503537 0.2583960295902743 0.11099862532724671
decision_type=2 10 2 8 10 8 10 8 10 2 10 8 10 10 2 10 10 2 2 10 10 10 2 2 2 10 8 10 8 8
left_child=-1 2 5 -4 -5 15 -7 28 9 11 12 -9 13 14 -11 21 18 -18 22 20 -20 -2 24 -23 25 -17 -27 -15 -8 -30
right_child=1 -3 3 4 -6 6 7 8 -10 10 -12 -13 -14 27 -16 16 17 -19 19 -21 -22 23 -24 -25 -26 26 -28 -29 29 -31
leaf_value=0.00016835361366841087 -0.0003723394726535243 0.00025912760857841428 0.00059903650051785834 -0.00015502189195594894 0.00047721245683030733 0.00027329942994219926 0.00027532286521859728 -0.00097429698131648557 5.1780817236238333e-05 0.00028936269444171234 -0.001104300581860188 -2.8068348179590444e-05 0.00034999469702745952 -0.0014679682995506888 -0.0006557565360812076 0.0001405718820860282 -0.00027352485800486955 -0.0016420431206403976 0.00028254674341674727 -0.00015927396969357506 -0.003849460936884892 0.00093462974721950922 2.1412529879215644e-05 5.5574903902176178e-05 -0.002639278247011074 -0.00020319370355876678 -0.0038316064580521088 -0.00015598279318638925 -0.0013320666743318519 0.00030639742124184249
leaf_weight=9122 538 1082 197 4817 344 4434 1671 74 755 109 61 49 311 89 58 133 83 66 41 115 74 751 2669 1500 40 40 40 42 128 214
leaf_count=9122 538 1082 197 4817 344 4434 1671 74 755 109 61 49 311 89 58 133 83 66 41 115 74 751 2669 1500 40 40 40 42 128 214
internal_value=0.00021219 4.89624e-05 -4.1657e-06 -0.00043217 -0.000528283 0.000158668 0.000422086 -0.000133913 -0.00104971 -0.00225567 -0.00156483 -0.00597581 -0.000939344 -0.0027291 -0.000589286 -0.000187161 -0.000644155 -0.00482 -0.00044529 -0.00363636 -0.00659483 0.000353764 -0.000192952 0.000734014 -0.00256299 -0.0015 -0.00518518 -0.00543182 0.000570507 -0.00129446
internal_weight=29647 20525 19443 5358 5161 14085 7995 3561 1548 793 670 123 609 298 167 6090 3301 149 3152 230 115 2789 2922 2251 253 213 80 131 2013 342
internal_count=29647 20525 19443 5358 5161 14085 7995 3561 1548 793 670 123 609 298 167 6090 3301 149 3152 230 115 2789 2922 2251 253 213 80 131 2013 342
is_linear=0
shrinkage=0.03


Tree=157
num_leaves=31
num_cat=0
split_feature=15 14 8 10 14 4 15 9 7 17 0 14 15 8 9 8 4 4 20 17 0 15 14 15 3 17 1 9 20 15
split_gain=1.44388 1.95341 3.18501 2.72134 2.54234 5.17268 5.35572 2.99277 1.98739 2.4693 1.94388 2.69037 2.4588 2.94114 4.25365 2.90941 1.94088 3.43681 1.91392 2.54207 2.81819 2.67297 2.39056 1.85431 1.8277 1.70271 1.67062 2.25821 1.65223 3.09485
threshold=2.740319461670996 0.46922117293072813 1.9861901392039492 3.8213124609692541 0.6410010536835874 2046.6794586001231 1.4978661367769956 0.1288291386743321 0.23608267525753729 0.19848113544608606 0.98267332164610044 0.060220462704673579 3.0201273556387074 3.0421006402069053 0.066466064766733002 1.0090624652256643 1138.6088859873021 1482.2466320922679 0.23661580992455458 0.4074787665068868 1.524103148455646 3.3497501700808394 0.044398549416438886 1.8688348091416842 0.17419070788535948 0.019267876422317396 0.064725596983661551 0.034612199611375391 0.25858863967650964 3.1567740231385479
decision_type=8 2 8 10 2 10 10 10 10 10 8 2 10 10 10 10 10 10 2 10 10 10 2 10 2 10 10 10 2 10
left_child=1 3 4 -1 8 7 -7 23 9 16 -2 12 13 -12 24 -14 -3 -18 19 20 -17 22 -21 -6 -15 -19 27 -23 -13 -30
right_child=10 2 -4 -5 5 6 -8 -9 -10 -11 11 28 15 14 -16 18 17 25 -20 21 -22 26 -24 -25 -26 -27 -28 -29 29 -31
leaf_value=6.1083851221056625e-05 0.00074319342407498082 0.00010102629570682805 0.00011980301897356421 -0.0025464725776298356 -0.0013408564782505109 -0.00031488431637243268 -0.0024248016101939395 -0.001208635017645509 -0.00087346201877646669 0.00047959877755213181 0.00081007032969795468 0.00013078493717375383 -0.0012572573459925553 -0.0011857684152956174 -0.0024645334909654208 -1.0536793130809319e-05 -0.001463020520846616 -0.00073260986989754674 0.00042944997512042813 -0.00036036214806408701 -0.0011582124924561232 0.00022253862496527191 -0.0016727747501117387 0.00034994999172240624 0.0006237075405764311 5.2738039913584606e-05 0.0014053749990090062 -0.00075792061222014137 0.00012489280840786938 -0.00044133975559456029
leaf_weight=10447 971 237 973 83 53 66 56 70 126 443 487 10908 72 41 47 624 72 82 268 88 51 44 68 252 90 157 64 43 1776 909
leaf_count=10447 971 237 973 83 53 66 56 70 126 443 487 10908 72 41 47 624 72 82 268 88 51 44 68 252 90 157 64 43 1776 909
internal_value=0.000181806 -5.32854e-05 -0.000791731 0.000128193 -0.00160867 -0.00339157 -0.00873171 -0.00163564 -0.000813059 -0.000359879 0.000368113 0.000286888 -0.000743964 0.000743243 -0.00254749 -0.00149206 -0.00170492 -0.00325962 -0.00115108 -0.00176399 -0.000732248 -0.00402273 -0.00676433 -0.000343137 0.00025 -0.0015125 -0.00116447 -0.00385227 0.00043762 -0.000228965
internal_weight=29668 13117 2587 10530 1614 497 122 375 1117 991 16551 15580 1987 665 178 1322 548 311 1250 982 675 307 156 305 131 239 151 87 13593 2685
internal_count=29668 13117 2587 10530 1614 497 122 375 1117 991 16551 15580 1987 665 178 1322 548 311 1250 982 675 307 156 305 131 239 151 87 13593 2685
is_linear=0
shrinkage=0.03


Tree=158
num_leaves=31
num_cat=0
split_feature=12 13 4 9 9 5 11 9 4 4 17 14 7 14 17 14 11 7 4 4 14 12 13 11 7 0 14 9 9 1
split_gain=1.51302 1.66457 1.92168 3.45419 1.72927 1.69649 1.57277 3.12173 3.33946 4.01163 2.85003 2.01237 1.90669 1.41268 1.59583 1.28236 1.56573 2.36582 2.08449 1.36535 1.92264 2.13406 1.7633 1.41866 1.46674 1.26299 1.25019 3.28667 3.73931 3.82597
threshold=0.12396548393077379 0.051707250420616295 3844.7971073626595 0.057981250894438167 0.042773985485358788 0.99614229648569907 9.6356734561792106 0.10899646636314701 761.79938703655614 1306.411590354295 0.03836038240774655 0.3177464907872744 0.076909380649847647 0.28164152097039846 1.0000000180025095e-35 0.50267161439108621 10.514407348995331 0.12441065499141161 2004.9493271580143 208.58523741523098 0.071430394981582129 -0.017795958552420995 0.028630209556782506 7.5519747514560569 0.28291916504079612 0.82465695841346298 0.1922012759529079 0.073532391474593742 0.084756564789750258 0.038627320954907181
decision_type=2 2 8 8 10 10 2 10 10 10 10 2 10 2 10 2 2 10 10 8 2 2 2 2 10 8 2 8 10 8
left_child=1 15 4 -4 -3 6 7 -6 10 -10 -9 -11 -12 -5 -15 19 -17 -18 -19 23 21 -21 -23 24 -1 -22 27 -2 29 -29
right_child=26 2 3 13 5 -7 -8 8 9 11 12 -13 -14 14 -16 16 17 18 -20 20 25 22 -24 -25 -26 -27 -28 28 -30 -31
leaf_value=0.00052821285336779452 3.2050519139629044e-05 0.000312028280547171 -0.0036901778127442883 0.00056387675611374469 0.00025653060347036112 -0.00057716489774269325 5.5170043579766723e-05 0.00014538080559558142 0.00016603290575936544 -0.0004757097292739078 -0.0017617862254831181 -0.0022706845058021435 -0.0015136170500557984 -0.0019654019966604086 -9.4659258149176409e-05 0.00012354920047457407 -8.6221391396349619e-06 -0.0016063082292713858 -0.00023391147284535917 0.00074048853491351244 -0.00096160821000724225 -0.00018688747885727661 0.001129520932359632 -0.00074792857339676 -0.0055026671207448734 0.00077214167890813734 6.2276095771863406e-05 -0.0003611853310090261 -0.00013520373770649309 -0.0014809754386372468
leaf_weight=242 5353 1420 54 67 487 75 2917 40 279 44 40 40 55 40 128 914 184 43 46 320 66 894 168 60 40 2704 10787 307 1474 350
leaf_count=242 5353 1420 54 67 487 75 2917 40 279 44 40 40 55 40 128 914 184 43 46 320 66 894 168 60 40 2704 10787 307 1474 350
internal_value=0.000184014 0.000455753 9.28434e-05 -0.00228621 0.000220637 -0.000100302 -1.38354e-05 -0.0010497 -0.00271743 -0.00121154 -0.00672794 -0.00691765 -0.00953125 -0.000699152 -0.00216568 0.000818902 -5.80807e-05 -0.00204745 -0.00603333 0.0010505 0.00120058 0.000286334 -0.000361242 -0.000769679 0.000127209 0.00165644 1.4941e-05 -0.000282966 -0.00127908 -0.00315957
internal_weight=29638 11367 5686 289 5397 3977 3902 985 498 363 135 84 95 235 168 5681 1187 273 89 4494 4152 1382 1062 342 282 2770 18271 7484 2131 657
internal_count=29638 11367 5686 289 5397 3977 3902 985 498 363 135 84 95 235 168 5681 1187 273 89 4494 4152 1382 1062 342 282 2770 18271 7484 2131 657
is_linear=0
shrinkage=0.03


Tree=159
num_leaves=31
num_cat=0
split_feature=0 15 1 16 16 3 14 16 14 3 1 1 8 11 4 5 13 7 15 4 10 14 3 0 16 4 14 0 12 15
split_gain=1.38673 1.58927 1.67628 2.62863 1.48993 1.38035 3.15694 3.12686 2.29436 1.48355 1.52611 1.2576 1.6795 1.46603 1.41704 1.1724 1.44834 3.48079 1.27101 2.94788 1.2159 2.86786 1.83698 1.16056 1.65892 3.24577 2.77866 2.17183 1.58649 3.21115
threshold=0.99838914646281995 3.0201273556387074 0.19576423128641865 0.14707850025780309 0.074327392946749962 1.0000000180025095e-35 0.54375050152109006 0.2690628679104487 0.093447789867875428 0.039907498852240396 0.19576423128641865 0.38516483516483518 1.1216701199597086 10.085809108462028 12866.871813549369 0.63923937015951182 0.041319430960577268 0.14167782884820204 4.6867395546766826 1482.2466320922679 3.8213124609692541 0.21768335968322064 0.2576150238194318 1.4483230949024593 -0.042650697267831571 3151.6267626317554 0.53570277828002399 1.0758473476344104 0.3370370880398173 1.2424533248940004
decision_type=10 10 10 10 8 2 2 8 2 2 10 10 8 2 8 8 2 10 10 10 10 2 2 10 8 8 2 10 2 8
left_child=1 2 -1 4 -4 6 8 -8 -2 10 -7 15 13 -13 -14 16 17 -11 20 -20 23 22 -22 24 25 26 -17 -28 -26 -30
right_child=5 -3 3 -5 -6 9 7 -9 -10 11 -12 12 14 -15 -16 18 -18 -19 19 -21 21 -23 -24 -25 28 -27 27 -29 29 -31
leaf_value=0.00020291421845257724 -0.003744155217381162 0.0010187131371509612 -0.00035246906256781373 0.00069746478656275142 -0.0011245338064551306 0.00046304235472625487 -0.0024845136364521204 4.264882381875993e-05 0.00016210445993037489 -0.00080213242057592836 -0.00069551225640672129 0.00082783074357798791 0.0005512270974959416 -0.0010334678446398623 -0.00014677059983711718 8.3909490383414959e-05 0.00068627099106950836 0.00023319970801843464 0.00034881711090652948 -0.00063281320082135854 -0.00065395172853044577 0.00076436789304303488 -0.0020465876380973704 -6.5494056074663311e-05 8.2698943663182846e-05 -0.0023975276136160538 -0.00011453901883865356 -0.0016881718868346958 0.0026231817900466575 -0.0034073991364795054
leaf_weight=2133 40 738 101 88 68 1304 55 40 225 46 97 40 604 44 49 403 409 130 54 44 74 58 43 10374 12096 40 50 53 40 56
leaf_count=2133 40 738 101 88 68 1304 55 40 225 46 97 40 604 44 49 403 409 130 54 44 74 58 43 10374 12096 40 50 53 40 56
internal_value=0.000167855 0.000765101 0.000388959 -0.00189535 -0.00407647 9.72459e-05 -0.00174515 -0.00640625 -5.63909e-05 0.000122716 0.00107204 6.88442e-05 0.00128862 -0.00268235 0.00180275 3.12879e-05 0.00135666 -0.000915254 -1.92412e-06 -0.00339394 1.24958e-05 -0.00247159 -0.00516102 3.1411e-05 0.000223252 -0.00139305 -0.000733728 -0.00510577 0.000295744 -0.00352577
internal_weight=29596 3128 2390 257 169 26468 360 95 265 26108 1401 24707 737 84 653 23970 585 176 23385 98 23287 175 117 23112 12738 546 506 103 12192 96
internal_count=29596 3128 2390 257 169 26468 360 95 265 26108 1401 24707 737 84 653 23970 585 176 23385 98 23287 175 117 23112 12738 546 506 103 12192 96
is_linear=0
shrinkage=0.03


Tree=160
num_leaves=31
num_cat=0
split_feature=5 10 5 2 1 4 5 12 12 17 14 14 14 2 12 15 4 9 7 9 4 3 1 14 6 7 3 3 7 1
split_gain=1.67481 1.39519 1.67994 1.58698 1.76263 1.43263 1.28026 1.18844 1.4107 1.72491 1.19596 1.18548 1.1114 3.52751 2.54489 2.19431 2.19236 2.42044 2.76207 2.64089 2.58307 2.09944 2.07554 1.96996 1.87304 1.81375 3.62418 2.21815 1.96523 1.69495
threshold=0.65997591328783634 0.52605722062138305 0.99614229648569907 4.3949096948202753 0.18146027201145312 1953.162141578837 0.91325250836120409 0.30197096595148315 0.34451156886779183 -0.008693609538709136 0.19800921928783743 0.4751549877077475 0.20965762429898446 6.5305490608576493 0.47757046544674703 1.7005986908310777 3101.1678798576177 0.068723027171001344 0.064253638073014527 0.090170857719337222 578.85432078709232 0.045215302802173903 0.29434564523483814 0.12906653955158634 1.9817230592174095 0.37989789586345885 0.29158219452220374 0.11972634863076209 0.23731530190098712 0.15202876219825376
decision_type=8 8 10 8 10 10 10 2 2 8 2 2 2 10 2 8 10 8 8 8 10 2 10 2 2 10 2 2 10 10
left_child=11 2 7 4 -3 -4 12 -2 9 -9 -11 -1 13 14 16 -16 17 -5 19 -19 24 23 29 -22 -20 28 27 -27 -17 -23
right_child=1 3 5 6 -6 -7 -8 8 -10 10 -12 -13 -14 -15 15 25 -18 18 20 -21 21 22 -24 -25 -26 26 -28 -29 -30 -31
leaf_value=0.00067760187419413701 0.00019050902751283657 -0.0010504040116741751 0.00010339375445375102 5.9815761602306424e-05 0.00017944365157408776 -0.00077882638904966102 0.00050708283730069011 -0.0021938237287823644 0.00016783091701756992 0.00062138843313812179 -0.00045528916030285692 -5.8581916652016079e-05 5.4860431263361949e-05 -0.00089958915711600912 0.0004170822955955599 -0.0019845994478983196 0.00050357859624763131 -0.0017001081087161794 0.00061252509593915402 0.00045824313365379284 -0.00038596111219697701 -0.00046496416162852079 0.00034711832838645848 -0.0010177981067899626 -0.00071637009908844538 -0.0015990291028697961 -0.0054329416052358486 -5.3014309498933532e-05 0.00017845560502568154 -0.00081002074021880189
leaf_weight=505 6671 74 43 4774 48 42 512 44 527 98 107 185 11055 78 173 41 859 50 355 770 40 1471 186 43 89 43 44 88 136 530
leaf_count=505 6671 74 43 4774 48 42 512 44 527 98 107 185 11055 78 173 41 859 50 355 770 40 1471 186 43 89 43 44 88 136 530
internal_value=0.000190115 0.000155319 0.000506571 3.20132e-05 -0.00336585 -0.00366279 5.15982e-05 0.000554646 -0.000555984 -0.002412 -0.00123786 0.00164978 1.51254e-05 -0.000217992 -0.000166512 -0.00219582 -5.00653e-05 -0.000199302 -0.000794342 0.000730816 -0.00125525 -0.00166446 -0.00148492 -0.00632143 0.000835955 -0.00355241 -0.00571023 -0.00315909 -0.00139888 -0.00176673
internal_weight=29681 28991 7532 21459 122 85 21337 7447 776 249 205 690 20825 9770 9692 525 9167 8308 3534 820 2714 2270 2187 83 444 352 175 131 177 2001
internal_count=29681 28991 7532 21459 122 85 21337 7447 776 249 205 690 20825 9770 9692 525 9167 8308 3534 820 2714 2270 2187 83 444 352 175 131 177 2001
is_linear=0
shrinkage=0.03


Tree=161
num_leaves=31
num_cat=0
split_feature=12 7 4 4 12 0 16 13 3 12 12 10 12 11 7 16 11 8 7 16 6 0 12 10 15 13 15 16 9 3
split_gain=1.67151 2.03988 1.95848 2.67211 2.05346 3.01206 2.05642 1.84959 1.78119 2.05458 2.0214 1.93275 1.60608 1.50362 1.96364 2.46161 4.59556 1.78114 1.42635 1.36868 2.10209 2.34527 2.46158 1.96675 1.33593 4.10844 1.47408 1.44407 1.54364 2.2499
threshold=0.062814237246367824 0.087356721570878565 419.5603166515196 294.29994581180614 0.33391954310178301 46.498798076923087 -0.056459560924418652 0.083420114207473986 0.14991808772562804 0.11946494129259567 0.23661580992455458 1.477457322482312 0.11218891223033813 8.7990583671648093 0.32273489722327037 0.44080767994251396 9.2529687328839625 5.5866792434722026 0.3199070149744267 0.12836616350477856 2.1437334489436579 1.3252327390844461 0.28785731994181779 2.4607204807874639 4.6298509007569537 0.035322458591807424 3.7012257604091228 0.039751780910763625 0.24195760830793589 0.44398292661468064
decision_type=2 8 8 10 2 8 8 2 2 2 2 10 2 2 10 10 2 10 8 10 2 10 2 10 8 2 10 8 10 2
left_child=-1 24 3 -3 5 6 8 -6 10 -10 -4 -12 -8 -14 15 18 17 -17 -15 20 21 -5 -23 -21 26 -26 27 -2 29 -29
right_child=1 2 4 19 7 -7 12 -9 9 -11 11 -13 13 14 -16 16 -18 -19 -20 23 -22 22 -24 -25 25 -27 -28 28 -30 -31
leaf_value=0.00023334929737101208 7.3475989245700245e-05 0.00019597796986114055 0.00010550699043953592 -0.00041165424136831543 -7.170048866965656e-05 0.0011074217859155197 0.00027000061515903407 -0.00086304951186147601 -0.0017972948771451834 -0.0017416832339401014 -0.0033899863627503642 0.00018260761007554569 0.00056004343861884641 4.4734975070751919e-05 0.00059269891237642475 -0.0020927632587692552 -0.00013590970336251689 -0.0037049422596326992 -0.00076922695603329531 -0.00010575488695748897 0.0019842338230238264 -0.0014445950435778196 -0.00068799605631055536 -0.0018509958499971083 0.00052050035554316264 -0.0034502470130743411 0.00041541018155814819 -0.00015507114029790598 -0.00089879460575578946 -0.00099980282170800561
leaf_weight=5642 456 773 360 87 3802 391 2859 74 48 95 41 40 1019 9629 829 52 545 45 66 349 40 81 42 48 48 42 353 1417 183 159
leaf_count=5642 456 773 360 87 3802 391 2859 74 48 95 41 40 1019 9629 829 52 545 45 66 349 40 81 42 48 48 42 353 1417 183 159
internal_value=0.000179802 7.04514e-05 0.000168184 -0.000907811 0.000245024 0.000394944 0.000329772 -0.000374516 -0.00141538 -0.0043125 -0.000468326 -0.00471951 0.000397607 0.000247415 0.000146682 3.39525e-05 -0.00176361 -0.0077449 0.000153156 -0.0023287 -0.00406374 -0.00526066 -0.00791129 -0.00122864 -0.00071305 -0.00428571 -0.00058622 -0.000873195 -0.00126307 -0.000958782
internal_weight=29615 23973 21315 1420 19895 16019 15628 3876 584 143 441 81 15044 12185 11166 10337 642 97 9695 647 250 210 123 397 2658 90 2568 2215 1759 1576
internal_count=29615 23973 21315 1420 19895 16019 15628 3876 584 143 441 81 15044 12185 11166 10337 642 97 9695 647 250 210 123 397 2658 90 2568 2215 1759 1576
is_linear=0
shrinkage=0.03


Tree=162
num_leaves=31
num_cat=0
split_feature=5 12 2 15 12 14 13 12 8 12 10 9 11 0 12 14 6 11 16 8 9 14 14 10 3 13 11 19 7 11
split_gain=1.66008 1.4694 1.56691 2.12523 3.98208 1.37655 1.33195 1.37452 3.14313 1.22419 1.19429 1.52615 2.05825 1.86987 1.82067 1.62951 2.93159 2.63572 2.1898 2.06775 3.84392 2.64372 4.55776 2.01521 1.84193 2.96431 1.97658 1.75988 1.62522 1.59208
threshold=0.74989911218724792 -0.074140201162894645 5.6782608891448199 3.8176519431297078 0.074351130687238878 0.46922117293072813 0.082810572677320129 0.10542760122448681 1.4623266916111601 0.14403489481948387 0.50342019266596727 0.073532391474593742 10.763229093135925 9.2320075079313604 0.30197096595148315 0.17858628084352038 2.5429683415103157 10.669362283155836 0.33040847953189473 1.1516655565334788 0.11693184134323584 0.25450203479105588 0.42876593534121193 2.7099414103743258 0.34480871525611756 0.042991323184348361 8.7216023313854993 4.5000000000000009 0.073941901110333455 9.3502327396831415
decision_type=8 2 8 10 2 2 2 2 8 2 8 8 2 10 2 2 2 2 10 8 10 2 2 10 2 2 2 2 10 2
left_child=5 -2 3 9 -5 -1 7 -7 -9 -3 -4 -12 13 15 -14 16 17 24 23 20 -17 -22 -23 27 26 -26 -13 -18 -21 -28
right_child=1 2 10 4 -6 6 -8 8 -10 -11 11 12 14 -15 -16 19 18 -19 -20 28 21 22 -24 -25 25 -27 29 -29 -30 -31
leaf_value=0.00053982129033286767 0.0012069541612054885 0.00024188926882922498 0.00012265844385593393 -0.0010827934632856239 4.4257446076939248e-05 0.00010918839339717452 0.00083704337607718414 -0.0007061934712706097 9.6392907116957404e-05 -0.00048804472907795895 6.8210481815044296e-05 0.00088073296354548034 0.00033450149323596494 0.0012182587573948947 -0.0004667863981999426 0.00015818919619665439 -0.0010609032310295897 -0.0016964248505012473 -0.0038407658638797137 0.0013962880979699042 0.00022826840250053616 -0.0017336184646416647 -0.00069262824759888707 -0.0013649702281969055 0.00054427810198373855 -0.0036537718229734881 -0.00080397627847706224 -0.00018237635831046633 -4.37253137291358e-06 -0.00028122492940030211
leaf_weight=656 922 179 6665 59 53 59 66 50 43 60 11863 156 1055 218 45 456 66 43 47 206 82 77 312 43 693 41 325 218 3807 1025
leaf_count=656 922 179 6665 59 53 59 66 50 43 60 11863 156 1055 218 45 456 66 43 47 206 82 77 312 43 693 41 325 218 3807 1025
internal_value=0.000200737 0.000161507 0.000122396 -0.00186648 -0.00525664 0.001488 -0.000575342 -0.00211765 -0.00437234 -0.0002625 0.000147901 3.58055e-05 -0.000260767 -0.000431806 0.000953679 -0.000510529 -0.00110948 -0.000705341 -0.003568 -0.000188221 -0.00146444 -0.00336229 -0.00439231 -0.00267988 -0.000562249 0.000669388 -0.00116257 -0.00174737 0.000106876 -0.0015322
internal_weight=29590 28716 27794 351 112 874 218 152 93 239 27443 20778 8915 7815 1100 7597 2657 2283 374 4940 927 471 389 327 2240 734 1506 284 4013 1350
internal_count=29590 28716 27794 351 112 874 218 152 93 239 27443 20778 8915 7815 1100 7597 2657 2283 374 4940 927 471 389 327 2240 734 1506 284 4013 1350
is_linear=0
shrinkage=0.03


Tree=163
num_leaves=31
num_cat=0
split_feature=12 1 15 7 11 14 1 9 19 6 11 11 4 17 17 9 4 17 17 4 9 9 1 1 9 11 9 14 14 14
split_gain=1.41614 1.28837 1.4791 1.34782 2.73225 1.58599 2.80659 4.57418 2.02879 1.27857 1.5613 2.49646 1.48952 2.69046 1.32387 1.25001 2.2696 3.8627 1.33307 1.31694 1.22804 1.82495 1.64145 2.10742 2.55893 1.52761 1.97993 1.32378 1.56762 1.39252
threshold=0.076978893112213079 0.38516483516483518 4.6867395546766826 0.11597453085640218 11.204965833006661 0.075292873884918579 1.0000000180025095e-35 0.093696865521392433 10.500000000000002 -0.37766851487581715 7.8711204000392749 7.5519747514560569 3740.5763447673562 0.019267876422317396 0.097738107601237981 0.13873673128881892 1456.9626201649814 0.58702744001670404 0.88450691636266909 685.95378283000957 0.17282509774396831 0.18795351227521997 0.034683239775461068 0.019049346879535582 0.075316982025163459 9.0112184746423747 0.0065764796462273482 0.48378809972364439 0.060220462704673579 0.045803942539447591
decision_type=2 10 10 8 2 2 8 10 2 2 2 2 8 8 10 10 8 8 10 10 10 10 10 10 10 2 8 2 2 2
left_child=9 2 3 4 5 6 -2 -8 -9 12 11 -11 -1 -14 -13 -5 17 19 -19 -17 22 -22 23 25 -25 -12 -27 28 29 -28
right_child=1 -3 -4 15 -6 -7 7 8 -10 10 20 14 13 -15 -16 16 -18 18 -20 -21 21 -23 -24 24 -26 26 27 -29 -30 -31
leaf_value=0.00048431441062526416 6.6333706634196039e-05 0.00039771779022184902 -0.00045445111212328513 3.5361862570583335e-05 0.00034975875632158948 -0.00012249341063768612 -0.00088935093107023395 -3.9217140734448137e-05 -0.0011129263602830623 -0.00014153713597992072 0.0010118143332576706 -0.0013760217022426382 -0.0021618923386502774 0.0003056649369580136 -0.00062250171956560103 -0.00064577198098595746 0.00047754209372427348 -0.00045614760840985945 -0.00055689167330487822 0.00026774903651183627 -0.00098781689937255178 1.1278078127003954e-05 0.00049043212304864447 8.560858130731508e-05 -0.0019556319581203389 -0.00079086250351011363 -1.9821627315057304e-05 -0.00040350085433206342 0.00070258193727772058 -0.0013448513050449559
leaf_weight=1402 253 547 76 16391 532 3196 78 160 50 484 302 40 40 87 60 75 1084 47 49 355 72 1098 2101 68 46 40 95 203 656 43
leaf_count=1402 253 547 76 16391 532 3196 78 160 50 484 302 40 40 87 60 75 1084 47 49 355 72 1098 2101 68 46 40 95 203 656 43
internal_value=0.000247217 0.000134053 9.88053e-05 0.000113152 -0.000366042 -0.000652488 -0.00215314 -0.00417301 -0.00184834 0.00062606 0.000405726 -0.00105641 0.0013902 -0.00171094 -0.00534653 0.000226808 0.00102421 -0.00059203 -0.006 0.00062645 0.000586667 -0.000256191 0.000864135 8.87209e-05 -0.0038087 0.000423134 -0.000124277 0.000141283 0.00069434 -0.00220144
internal_weight=29730 22893 22346 22270 4269 3737 541 288 210 6837 5308 584 1529 127 100 18001 1610 526 96 430 4724 1170 3554 1453 114 1339 1037 997 794 138
internal_count=29730 22893 22346 22270 4269 3737 541 288 210 6837 5308 584 1529 127 100 18001 1610 526 96 430 4724 1170 3554 1453 114 1339 1037 997 794 138
is_linear=0
shrinkage=0.03


Tree=164
num_leaves=31
num_cat=0
split_feature=5 0 2 17 1 11 20 11 10 1 3 16 11 11 8 8 4 0 15 9 17 20 11 6 1 1 17 1 15 9
split_gain=1.83079 1.46274 2.30393 2.74632 3.65675 1.97182 1.33782 1.31945 1.13439 1.36997 7.96251 1.07069 1.80667 4.1934 2.86911 3.14385 4.03019 1.9756 1.77881 2.49404 1.62489 1.34608 1.64646 1.52437 1.21769 1.47048 1.73934 2.50096 3.1452 2.01045
threshold=0.72997900481173783 0.91514580249828292 4.5118933025651744 0.28767832689494777 0.16428133306072382 4.4829865921051741 0.37402845508090682 9.5495232147531404 0.92607173261240039 0.089087301587301618 0.077585202762725666 -0.042650697267831571 10.73775444887278 10.557815938824714 17.10798527826336 2.8841277947130028 1263.7519669029496 1.2475870354435117 2.740319461670996 0.060595077144685476 0.18327503635716727 0.31131411342633314 11.466535916520787 -0.88615611134964911 0.42321729365524996 0.098199935711989719 -0.035390211940375019 0.1482928240740741 3.5114340430413216 0.086559587984627692
decision_type=8 10 8 10 10 2 2 2 10 10 2 8 2 2 8 10 10 10 10 10 10 2 2 2 10 8 10 8 10 10
left_child=-1 6 3 4 -3 -4 8 -8 -2 -10 -11 12 13 14 15 17 -17 18 19 -7 -19 24 23 -23 25 -13 27 28 29 -27
right_child=1 2 5 -5 -6 11 7 -9 9 10 -12 21 -14 -15 -16 16 -18 20 -20 -21 -22 22 -24 -25 -26 26 -28 -29 -30 -31
leaf_value=0.00030133425601270859 0.0013234629075918225 -0.0011565434581550012 -0.0085468453254308133 8.2568432715127591e-05 -0.00012115127288098878 -0.00051143941287250304 3.9086253750668391e-05 -0.00025230713204259995 0.00066477932238881291 -0.002162934536771749 0.0016860935715493853 0.00011798928395065567 0.00055578995257294782 -0.0022814667081175561 0.00052196599737125014 -0.00026383881449090258 -0.003408738552479266 0.0010289733127897497 2.4412571000937531e-05 -0.0019283996702534733 -0.0017749171599326789 -0.0019797504942953071 -0.0032318056928939713 -4.0440716732228037e-05 0.00039376995860700809 -0.0007656218956219224 1.6342771517361994e-05 -9.0308486602512018e-05 -0.0013696425705278402 0.0001412569708990269
leaf_weight=842 700 48 51 101 66 109 435 48 446 40 94 13069 197 72 317 73 43 188 153 75 50 44 42 4326 425 102 6554 742 44 97
leaf_count=842 700 48 51 101 66 109 435 48 446 40 94 13069 197 72 317 73 43 188 153 75 50 44 42 4326 425 102 6554 742 44 97
internal_value=0.000194938 0.000154528 9.98186e-05 -0.00298611 -0.00615652 0.000124711 0.000991497 -0.000353306 0.00149883 0.000516351 -0.00213333 0.000136063 -0.000711267 -0.00119334 -0.000689792 -0.00177312 -0.00625641 -0.000859375 -0.00233432 -0.00431351 0.00123013 0.000178614 -0.000297757 -0.00024022 0.000278549 0.000245718 -8.79309e-05 -0.00126268 -0.00389754 -0.002265
internal_weight=29593 28751 26988 215 114 26773 1763 483 1280 580 134 26722 1277 1080 1008 691 116 575 337 184 238 25445 4412 4370 21033 20608 7539 985 243 199
internal_count=29593 28751 26988 215 114 26773 1763 483 1280 580 134 26722 1277 1080 1008 691 116 575 337 184 238 25445 4412 4370 21033 20608 7539 985 243 199
is_linear=0
shrinkage=0.03


Tree=165
num_leaves=31
num_cat=0
split_feature=5 15 17 2 3 20 3 20 8 0 20 13 11 20 3 17 8 7 16 0 11 4 16 13 17 7 7 4 13 2
split_gain=1.41361 2.15914 2.23847 2.01655 1.40689 1.32041 1.30749 1.88578 1.89363 1.48861 1.79233 2.75791 2.41162 2.80677 3.37961 3.63116 2.66184 1.70865 2.20605 1.77634 1.68024 2.23749 2.52348 1.54645 1.45995 1.80525 1.79082 1.9952 1.4571 1.39319
threshold=0.99614229648569907 4.4484992763719129 0.097738107601237981 4.9632665279769519 0.3847827959042634 -0.074140201162894645 0.13230428380370199 0.43933451072651636 1641.9537064514795 46.498798076923087 0.22620835638512207 0.13916544469176248 10.622692266228841 0.26078219157719135 0.095935004636949053 0.88450691636266909 1.6255472646736906 0.14020880155546064 0.28915458266179833 1.7336947522981641 9.0792631067445821 1393.8000962818094 0.38998913354352988 0.013347175503815855 4.5556282068761424 0.37989789586345885 0.46887343705767331 1617.4979352047569 0.0069847246356523575 6.5923385966179957
decision_type=8 8 8 10 2 2 2 2 8 8 2 2 2 2 2 10 10 10 10 10 2 8 10 2 10 10 10 10 2 8
left_child=1 4 -3 -4 -1 -2 7 9 24 10 17 12 16 -14 15 -15 28 18 19 -7 23 -22 -23 -20 25 -9 27 -27 -12 -8
right_child=5 2 3 -5 -6 6 29 8 -10 -11 11 -13 13 14 -16 -17 -18 -19 20 -21 21 22 -24 -25 -26 26 -28 -29 -30 -31
leaf_value=0.00032623622610381366 0.0010851915752818286 0.00038061048121104489 -0.00066689802877951693 -0.00044429128620629161 -0.00027197104840736696 6.3913787854570858e-05 -0.00029946488040627283 -0.00010055788084392236 0.00053841338912846107 0.00046990472274814225 -0.0010126974435214632 -0.0018182853637753367 0.00020085591929069535 -0.0011077838095831002 0.00021637211113738198 -0.00023632139369436552 0.00012490397182651257 0.00026011146318891961 -0.0004001963419521122 -0.00073782584454509955 0.00078048059514935575 -0.003275347816748262 0.00093624358357654203 -0.0018851402538646673 0.00069872176995562326 -0.0011562509988590239 -0.00015700488101299544 -0.000415757524714148 -9.667729477170624e-05 -8.5041175578581186e-06
leaf_weight=1711 849 64 40 59 80 2498 158 150 84 752 78 40 141 71 81 75 2111 4323 46 86 85 47 51 40 42 64 62 88 62 15633
leaf_count=1711 849 64 40 59 80 2498 158 150 84 752 78 40 141 71 81 75 2111 4323 46 86 85 47 51 40 42 64 62 88 62 15633
internal_value=0.000193213 0.00097289 -0.00232317 -0.00513 0.001274 0.000138214 0.000101381 0.000351237 -0.00146639 0.000435493 0.000337027 -0.000328195 -0.000207252 -0.00245528 -0.00451316 -0.00722449 0.00016119 0.000583531 1.36651e-05 0.000283172 -0.00256667 -0.000929348 -0.004 -0.006 -0.0023145 -0.00292603 -0.00468837 -0.00643137 -0.00382979 -7.38981e-05
internal_weight=29671 1954 163 99 1791 27717 26868 11077 490 10587 9835 2659 2619 368 227 146 2251 7176 2853 2584 269 183 98 86 406 364 214 152 140 15791
internal_count=29671 1954 163 99 1791 27717 26868 11077 490 10587 9835 2659 2619 368 227 146 2251 7176 2853 2584 269 183 98 86 406 364 214 152 140 15791
is_linear=0
shrinkage=0.03


Tree=166
num_leaves=31
num_cat=0
split_feature=12 0 11 3 14 14 8 5 2 9 0 15 16 14 1 16 15 6 14 0 19 14 15 12 12 3 11 1 16 3
split_gain=1.47936 2.36768 2.12629 1.91034 1.73231 3.15061 3.51543 1.24066 1.62859 2.56567 1.33747 3.06213 1.72079 1.24371 1.55084 1.82639 1.21254 1.28611 1.34689 1.28349 3.28086 1.08682 2.86792 1.66999 1.3344 1.47199 3.67324 1.428 1.68944 1.3985
threshold=0.31131411342633314 28.257575757575761 10.657459334846001 0.079804746056030468 0.34481896604462137 0.1545874249843526 14.935336345415598 0.72997900481173783 5.6782608891448199 0.029611855943704326 4.554998022013824 3.0201273556387074 0.018810821723661268 0.4637785508060806 0.085960591133004929 0.11099862532724671 2.9700856263602158 -0.84633376745532141 0.022539622045390114 1.5842906634386951 8.5000000000000018 0.7382866508467425 1.8688348091416842 0.1183644039652494 -0.055977245484331466 0.059428739542427687 8.7990583671648093 0.36451048951048959 0.1485063942364008 0.039907498852240396
decision_type=2 8 2 2 2 2 10 8 8 10 10 8 8 2 10 8 10 2 2 8 2 2 8 2 2 2 2 8 8 2
left_child=1 7 16 -4 5 -5 -7 13 9 -9 21 12 -12 -1 15 -15 17 -2 -19 20 -20 24 -23 -24 25 26 -10 -27 -29 -26
right_child=2 -3 3 4 -6 6 -8 8 10 -11 11 -13 -14 14 -16 -17 -18 18 19 -21 -22 22 23 -25 29 27 -28 28 -30 -31
leaf_value=0.00066246682097114665 -0.0019553050644064499 0.0012182676203734892 -0.00048030203320945943 0.00059851050441494364 0.00037037781538150561 -0.0067332056225044264 -0.00057865289736572202 -0.00064258863845851537 0.0024355941978749423 -8.8454107907931875e-05 -0.0027810299772429137 -0.0015275173687545366 0.00060124181285333409 -0.00067425327563750564 0.00033096416092892036 1.3015890361700796e-05 0.0003550046330632383 -0.0018065173434054129 3.0247682112323124e-05 1.2199725177826617e-06 -0.002424063032157594 -0.001242519636349715 0.00075650289264141601 -0.00037633182331738696 0.00032121723303971377 0.0016928249173815157 -0.0022956755522745708 -0.0020040710771299323 0.0040479360364398019 3.9630408793164221e-05
leaf_weight=564 42 403 53 85 147 53 77 40 95 386 41 40 128 51 73 87 554 136 167 3871 65 65 113 168 1312 815 52 69 48 19830
leaf_count=564 42 403 53 85 147 53 77 40 95 386 41 40 128 51 73 87 554 136 167 3871 65 65 113 168 1312 815 52 69 48 19830
internal_value=0.000171105 0.000269472 -0.00028566 -0.00234375 -0.00155372 -0.00326389 -0.00618321 0.000231087 0.000191613 -0.00164403 0.000226018 -0.00215714 -0.000370588 0.00141108 -0.000551887 -0.00241727 -0.000108561 -0.000279542 -0.000227123 -0.000129386 -0.00229185 0.000248183 -0.00141787 -9.57446e-05 0.000274188 0.00130278 -0.00147973 0.00174277 -0.00134746 0.000221634
internal_weight=29630 24380 5250 415 362 215 130 23977 23202 426 22776 209 169 775 211 138 4835 4281 4239 4103 232 22567 346 281 22221 1079 147 932 117 21142
internal_count=29630 24380 5250 415 362 215 130 23977 23202 426 22776 209 169 775 211 138 4835 4281 4239 4103 232 22567 346 281 22221 1079 147 932 117 21142
is_linear=0
shrinkage=0.03


Tree=167
num_leaves=31
num_cat=0
split_feature=12 8 16 8 0 1 0 11 4 6 13 6 13 8 15 12 13 16 11 7 7 13 10 6 0 15 7 1 4 19
split_gain=1.5408 1.51186 1.18049 1.68418 1.91164 1.95565 1.63615 1.76144 3.70478 1.61721 2.00806 1.61427 1.45026 1.36659 1.35216 1.55889 1.52457 1.78167 1.55995 1.27343 1.20572 1.35681 1.00306 1.00187 1.40104 1.56941 1.51906 1.48691 1.35826 1.30068
threshold=0.10667875295301955 309.11048658223592 -0.056459560924418652 1.1959417866190398 1.2651069315600518 0.20603395997574295 0.96462326206540805 8.8692574832341435 335.13244576356595 0.79215337936217167 0.12818458859499723 3.2599956448257932 0.2388122386728195 34.629521471314085 3.3497501700808394 -0.055977245484331466 0.017331591295534795 0.062316366315312163 9.1758006843620397 0.11151080249908825 0.10190850227697566 0.048338929168270359 -0.22817139519080448 1.0430588316538498 1.090781196980122 3.8393944990995772 0.044996701473583034 0.034683239775461068 929.67400761074498 9.5000000000000018
decision_type=2 8 8 8 10 8 10 2 8 2 2 2 2 10 10 2 2 10 2 10 10 2 8 2 10 10 10 10 10 2
left_child=2 -2 6 4 5 23 -1 8 -8 -7 14 12 19 -9 15 -11 -17 -18 -19 22 -13 -22 -5 24 25 27 -27 -4 -26 -30
right_child=1 -3 3 11 -6 9 7 13 -10 10 -12 20 -14 -15 -16 16 17 18 -20 -21 21 -23 -24 -25 28 26 -28 -29 29 -31
leaf_value=0.00052967075804710424 -3.2246051546058664e-06 0.00037660194540160597 -7.4999681376243627e-05 -0.00025695299132476546 -0.00080935093581415416 9.6674132020214378e-06 0.0045614180705918867 2.3208123350982012e-05 -0.0020954543783321005 0.0011886050361516521 -0.0023287434814260408 0.00034012475493072327 -0.00040585492220487413 -0.0014894090841815091 0.0004224167742159361 8.0785838523490409e-05 -0.0002393315560250993 -0.0007008819773063425 -0.0014402418895640482 0.00029528527615256002 0.00015935467814892913 -0.0019422825247690147 0.00051498976756442823 0.00042438349780336897 0.00060269028925320116 -0.00064559529720242218 0.0006350786748456007 0.00072353852780348085 -8.334065860254747e-05 -0.0010685104913150372
leaf_weight=242 19302 803 575 42 42 731 42 283 59 48 41 86 52 45 98 73 53 41 85 3110 43 61 1424 885 92 55 40 847 286 192
leaf_count=242 19302 803 575 42 42 731 42 283 59 48 41 86 52 45 98 73 53 41 85 3110 43 61 1424 885 92 55 40 847 286 192
internal_value=0.000192216 4.25247e-05 0.000503308 0.000593802 0.000153405 0.000218682 -0.000709821 -0.00182093 -0.00526471 -0.000819812 -0.00225682 0.000976136 0.00108749 -0.00074772 -0.00159398 -0.00259136 -0.0035336 -0.00501667 -0.00694488 0.00114442 -0.00172775 -0.00388571 0.00187321 0.000627649 0.000268678 0.000745059 -0.00296875 0.000995081 -0.000998249 -0.00164092
internal_weight=29778 20105 9673 9002 4184 4142 671 429 101 1170 439 4818 4628 328 398 300 252 179 126 4576 190 104 1466 2972 2087 1517 95 1422 570 478
internal_count=29778 20105 9673 9002 4184 4142 671 429 101 1170 439 4818 4628 328 398 300 252 179 126 4576 190 104 1466 2972 2087 1517 95 1422 570 478
is_linear=0
shrinkage=0.03


Tree=168
num_leaves=31
num_cat=0
split_feature=12 11 9 10 3 4 7 4 3 12 14 12 1 11 3 3 9 9 11 9 14 11 15 14 15 13 13 15 15 11
split_gain=1.74945 1.37099 1.68561 1.67328 2.17128 2.64407 2.04228 2.01994 1.78847 1.65396 1.50019 2.27589 2.0917 2.62661 1.40221 2.73578 1.38207 1.28088 2.30804 1.72257 2.39507 1.8709 1.62985 3.34441 1.95286 2.51327 5.10113 1.81544 1.55583 2.20071
threshold=0.078251622114761346 7.9228047664642416 0.16083504703489224 0.60465014207813272 0.22360610584171384 761.79938703655614 0.07303197517475403 1490.7918245934341 0.15646456685465882 -0.13307694571611647 0.060220462704673579 -0.017795958552420995 0.04027027027027031 10.324415819485726 0.45976950232335323 0.23466014659526008 0.080302413646144669 0.046109105025071422 10.917676020672403 0.063951687648958894 0.50866111559561589 11.383653554587656 4.1190041246092024 0.20083845886899757 2.6735537653587347 0.14173296969931815 0.1727016996819882 2.9700856263602158 3.8176519431297078 10.999270843046419
decision_type=2 2 10 10 2 8 10 10 2 2 2 2 8 2 2 2 10 8 2 10 2 2 10 2 8 2 2 8 10 2
left_child=1 9 10 -4 5 -5 7 8 -7 -1 11 -3 13 -13 15 16 -11 22 -19 20 21 -20 24 -24 25 -2 -27 -26 29 -29
right_child=17 2 3 4 -6 6 -8 -9 -10 14 -12 12 -14 -15 -16 -17 -18 18 19 -21 -22 -23 23 -25 27 26 -28 28 -30 -31
leaf_value=0.0018368338384825655 1.5574314346393981e-05 0.00073516684713567789 0.00010616526758614566 -0.0010086161934876867 0.00086380574163059931 0.00011660094900549473 0.00022485554370771824 -0.00072302456184219447 -0.0016662892975980107 0.00065213666438085317 0.00049769055064724976 -0.00022007483695650229 -7.3504488993135862e-07 -0.00095224854319281966 0.0007575812263324915 -0.0018859089312643841 -0.0011117740572531873 -5.7360263634660841e-05 0.0005294742938767884 0.00026710632320501383 -0.0012268801311204644 -0.00040169560650332172 -0.00074069030683255677 0.00023715679629317279 0.00052012662058188827 -0.00071241302576057917 0.00035980611414787014 0.00016682147085226746 0.0005961150934018721 -0.00026070849936590221
leaf_weight=237 4381 253 890 76 188 117 250 60 67 231 3687 96 344 51 103 219 46 11545 132 1407 49 56 66 107 1392 56 50 2701 321 454
leaf_count=237 4381 253 890 76 188 117 250 60 67 231 3687 96 344 51 103 219 46 11545 132 1407 49 56 66 107 1392 56 50 2701 321 454
internal_value=0.000204704 0.00062247 0.000779112 -4.00241e-05 -0.0010751 -0.0019965 -0.00118788 -0.00313469 -0.00155676 -0.000516129 0.00108371 -0.000144966 -0.00133537 -0.00431757 -0.001355 -0.0020161 -3.2374e-05 7.75157e-05 -0.00011395 0.000937386 -0.00142437 0.000126984 0.000342533 -0.00253448 0.000396003 -5.54812e-05 -0.00459813 0.000812076 0.000445211 0.000242396
internal_weight=29632 6915 6079 1648 758 570 494 244 184 836 4431 744 491 147 599 496 277 22717 13189 1644 237 188 9528 173 9355 4487 106 4868 3476 3155
internal_count=29632 6915 6079 1648 758 570 494 244 184 836 4431 744 491 147 599 496 277 22717 13189 1644 237 188 9528 173 9355 4487 106 4868 3476 3155
is_linear=0
shrinkage=0.03


Tree=169
num_leaves=31
num_cat=0
split_feature=8 12 7 0 8 10 8 8 0 14 0 7 17 8 14 12 16 2 17 9 14 13 14 16 14 14 7 1 1 6
split_gain=1.27716 1.60879 1.2841 1.95204 1.22626 1.27152 1.26598 1.90862 2.59519 1.64002 1.94133 3.29948 1.92056 1.57674 1.30163 1.74631 1.96918 1.22953 2.07006 1.15401 2.57875 2.93461 2.29147 1.74357 2.32561 1.6574 1.50016 1.31102 1.13329 1.12003
threshold=188.66643358140553 0.11218891223033813 0.12441065499141161 2.6565358674738206 12.367570965678174 0.64816785016109779 2.0636971771423682 1.1448936087284924 1.2224839921982782 0.21556890388968922 1.0676079659250985 0.21882028353054486 0.22411668120227565 1.0459082017785162 0.6061035485807782 -0.023160206613948905 0.14246230649157526 4.4445103989910368 0.087555479966685931 0.10899646636314701 0.25284066456771392 0.0094775683688361218 0.4637785508060806 0.12539663431673923 0.61135725184259637 0.21165658788964961 0.064253638073014527 0.27622890682318418 0.3430703624733476 -0.10771635758440314
decision_type=10 2 10 10 8 10 10 10 10 2 10 10 8 10 2 2 10 10 10 8 2 2 2 10 2 2 10 10 8 2
left_child=1 4 3 28 5 17 7 8 13 10 11 -8 -12 -7 -9 -16 -17 -1 -19 25 21 26 27 -24 -25 -15 -21 -22 29 -3
right_child=-2 2 -4 -5 -6 6 9 14 -10 -11 12 -13 -14 19 15 16 -18 18 -20 20 22 -23 23 24 -26 -27 -28 -29 -30 -31
leaf_value=0.00023333543463489856 0.00028043989430231173 -0.00037667907307846216 1.7088160184037163e-05 -0.0017902299345733924 0.00054864929322385471 0.00040562270841602518 -0.0048390793091925973 0.00021462830467727022 -0.0011474373800213953 0.0002004658331413693 -0.0030309548768886652 -0.00017356079963188221 0.00063970698056073393 -0.00059003276320456714 0.00094789923832081652 -4.6499677936952403e-06 -0.0005424148065141704 -0.00050901627874452328 0.00010664647978310273 5.5477065702285319e-05 -0.0011655148807121383 0.00090912858485493763 0.00016617394927606336 -2.2880929828169434e-05 -0.0021751612761096643 0.00030060217862358713 -0.0014464853353484046 -0.0020133717641209027 0.00040138709843719325 -0.00010671532975117097
leaf_weight=3505 1290 438 15215 60 1274 463 44 2521 44 289 73 50 94 166 56 96 64 57 113 40 79 252 116 47 44 354 56 44 308 2381
leaf_count=3505 1290 438 15215 60 1274 463 44 2521 44 289 73 50 94 166 56 96 64 57 113 40 79 252 116 47 44 354 56 44 308 2381
internal_value=0.000169366 0.000127329 -3.87979e-05 -0.000586261 0.000434822 0.000306991 -4.80662e-06 0.000163403 -0.000624267 -0.00136116 -0.00308015 -0.00650526 -0.001125 -0.000431408 0.000654127 -0.00157604 -0.0031677 0.000730414 -0.00175439 -0.00100584 -0.00182032 -1.71919e-05 -0.00371601 -0.00177404 -0.0048587 5.75817e-05 -0.00445361 -0.00694355 -0.000482417 -0.000671276
internal_weight=29633 28343 18402 3187 9941 8667 4992 4442 1705 550 261 94 167 1661 2737 216 160 3675 170 1198 678 348 330 207 91 520 96 123 3127 2819
internal_count=29633 28343 18402 3187 9941 8667 4992 4442 1705 550 261 94 167 1661 2737 216 160 3675 170 1198 678 348 330 207 91 520 96 123 3127 2819
is_linear=0
shrinkage=0.03


Tree=170
num_leaves=31
num_cat=0
split_feature=12 0 11 19 7 14 4 8 10 10 5 1 14 4 16 15 1 14 4 16 0 7 15 7 7 7 4 8 15 7
split_gain=1.68049 2.39907 1.61337 1.39702 1.65439 2.72604 1.88216 1.83857 1.80388 3.02582 2.23367 2.19234 1.64957 1.47156 1.43788 1.38353 1.76606 2.15426 3.07545 1.29983 1.26218 2.1053 1.435 1.3311 2.86777 2.00593 1.55541 1.28737 2.20735 1.48197
threshold=0.36593090772450171 0.91514580249828292 4.4829865921051741 8.5000000000000018 0.044996701473583034 0.27098928658863303 1662.2848815406999 1.072693988305869 1.1411643366809934 1.2049430097311862 inf 0.093883547008547022 0.26653321768510091 335.13244576356595 -0.056459560924418652 3.2769667020129059 0.071661998132586349 0.33604255212033091 709.33209266702852 1.400734010967877 1.5537191149526099 0.13660784387414712 3.7256208424938388 0.17170859966716209 0.16076273622187762 0.16635242686804819 450.61401117407735 1.7791890953954175 2.1383330595080281 0.22615892876269175
decision_type=2 10 2 2 8 2 8 10 10 10 8 8 2 10 8 8 10 2 10 10 10 10 10 10 8 10 10 8 10 10
left_child=1 -1 -3 14 5 13 7 -7 -6 11 -11 -10 -13 -5 15 16 -4 18 -18 -16 23 -22 27 24 26 -26 -12 28 -23 -30
right_child=-2 2 3 4 8 6 -8 -9 9 10 20 12 -14 -15 19 -17 17 -19 -20 -21 21 22 -24 -25 25 -27 -28 -29 29 -31
leaf_value=0.00087533618916874252 -0.00010698511657357483 -0.0046603374216529674 -0.00013214995800035824 -0.0043493212979537482 0.00011508739261636991 -0.00065574989371790249 0.00012102725839797399 -0.0012927280821237606 -0.00012657448830833302 0.00037567582262803428 -0.00095642721281205079 -0.00063802939268354044 -0.0013762650554369161 0.00037483263422267559 0.00012808463350195753 0.00016861949491568247 4.6225847017305678e-05 0.00017248182000353143 -0.0026984822388502563 -0.0028729803910218176 -0.001961951773536801 -0.0025221901217771744 -0.00085330068919906672 0.0002956545292160711 -0.0017824187018182966 -0.0010739249133219894 2.2658232183545016e-05 -2.0510816575539938e-05 0.00028119232056791958 -0.00062319500049894268
leaf_weight=1262 3490 41 314 41 4409 151 83 52 131 309 55 79 44 283 15473 196 40 46 71 42 53 46 50 873 48 44 938 777 103 50
leaf_count=1262 3490 41 314 41 4409 151 83 52 131 309 55 79 44 283 15473 196 40 46 71 42 53 46 50 873 48 44 938 777 103 50
internal_value=0.000214293 0.000296955 0.000232098 0.000242037 -6.64732e-05 -0.00157119 -0.00370035 -0.00525 4.83147e-05 -0.000449875 -0.00020974 -0.0036 -0.00645968 0.000313846 0.000406352 -0.000956587 -0.00183686 -0.00442405 -0.00666964 0.000465004 -0.000457209 -0.00128056 -0.000975657 -3.06268e-06 -0.00070442 -0.00574194 -0.000232394 -0.000718526 -0.002865 -0.00111039
internal_weight=29594 26104 24842 24801 8619 610 286 203 8009 3600 3346 254 123 324 16182 667 471 157 111 15515 3037 1079 1026 1958 1085 92 993 976 199 153
internal_count=29594 26104 24842 24801 8619 610 286 203 8009 3600 3346 254 123 324 16182 667 471 157 111 15515 3037 1079 1026 1958 1085 92 993 976 199 153
is_linear=0
shrinkage=0.03


Tree=171
num_leaves=31
num_cat=0
split_feature=12 3 14 14 11 11 14 17 13 7 11 8 15 14 8 13 17 17 13 7 11 16 10 3 15 11 11 14 16 3
split_gain=1.44127 1.51269 1.73378 2.6294 2.91182 7.23022 1.28276 1.59572 1.15132 1.04903 1.1179 1.01219 1.14967 2.27035 6.48787 6.49333 1.52776 1.18669 3.16068 3.43599 2.65337 1.56115 4.77313 1.78638 1.18317 2.01903 1.77349 1.72697 1.62867 1.93407
threshold=0.045633444912948747 0.44779719063506851 0.21165658788964961 0.056909114681247798 10.273653579815802 9.490355628652944 0.098413714326794632 0.0912267792009651 0.0072938339743271107 0.11996971372725052 10.352107928919756 188.66643358140553 2.602003343538398 0.66206747793733689 1.5747189396890877 0.013347175503815855 0.15419275132768787 0.99399022448360319 0.08080150906802587 0.15555413550994915 10.590214164976613 0.0086180770252357961 0.73390861138792085 0.12168550322598741 1.2424533248940004 9.4207228451671003 9.0792631067445821 0.21556890388968922 0.23891857139394032 0.12168550322598741
decision_type=2 2 2 2 2 2 2 8 2 10 2 10 8 2 10 2 10 10 2 10 2 10 10 2 10 2 2 2 8 2
left_child=-1 11 3 8 5 6 -5 -8 -3 10 -4 12 13 17 15 -15 -16 24 20 -20 21 22 -19 -24 -2 26 -26 -27 29 -29
right_child=1 2 9 4 -6 -7 7 -9 -10 -11 -12 -13 -14 14 16 -17 -18 18 19 -21 -22 -23 23 -25 25 27 -28 28 -30 -31
leaf_value=0.0002067497960117935 0.00056905730219716745 -0.00155593200291094 0.0001304478261817185 -0.0034992846110080858 0.0012309232770267636 -0.0021680920276248034 -0.005528671379785334 0.00019394220956274753 0.00054844689429962628 0.00067574157671541576 -0.00063934766824590812 0.00020654363086399549 4.8900357539740601e-05 -0.0027643568532294328 0.00073612186658779464 -0.00010682727866386881 -0.00048674422986819962 -0.0036827803306639182 -0.0055233121302946438 -0.00033785956662568157 -0.0012621591627705556 3.8093931900796625e-05 -0.0014282110889997364 0.0012140313171897369 -2.5333713960753886e-05 0.00055737029594234773 -0.00082181212345397241 0.00045654865174253882 0.00056066115776870495 -0.00051067966691051281
leaf_weight=4466 756 79 141 50 53 47 49 114 202 260 63 1155 14983 61 140 67 203 43 49 57 63 1573 76 123 1964 901 764 383 367 474
leaf_count=4466 756 79 141 50 53 47 49 114 202 260 63 1155 14983 61 140 67 203 43 49 57 63 1573 76 123 1964 901 764 383 367 474
internal_value=0.000172167 8.43198e-05 -0.0010255 -0.00209748 -0.00398408 -0.00528736 -0.00290187 -0.00159146 1.06384e-05 0.000348387 -0.00125854 0.000132876 8.94222e-05 -0.00019938 -0.00221822 -0.00795349 -6.10464e-05 -7.3874e-05 -0.000704282 -0.00571963 -0.000418307 -0.000206498 -0.00244444 -0.000465 0.000149198 -2.28676e-05 -0.000562843 0.000670273 -6.36734e-05 -0.00077972
internal_weight=29726 25260 1058 594 313 260 213 163 281 464 204 24202 23047 8064 471 128 343 7593 1984 106 1878 1815 242 199 5609 4853 2728 2125 1224 857
internal_count=29726 25260 1058 594 313 260 213 163 281 464 204 24202 23047 8064 471 128 343 7593 1984 106 1878 1815 242 199 5609 4853 2728 2125 1224 857
is_linear=0
shrinkage=0.03


Tree=172
num_leaves=31
num_cat=0
split_feature=12 7 1 15 12 11 0 0 0 3 15 15 13 5 5 1 11 15 9 17 9 11 15 13 8 0 10 9 11 11
split_gain=1.58005 1.43911 1.56396 1.30352 1.23314 1.93847 2.88091 1.71733 1.55321 1.31991 1.31002 1.56592 1.2777 1.64899 1.41064 1.26195 1.72103 2.01042 1.52832 1.55922 1.66014 1.47709 1.44594 2.17268 3.49364 2.73239 1.63362 1.52191 2.69965 2.58445
threshold=0.031339705401052249 0.080047019601662259 0.38516483516483518 0.89587973461402759 0.31131411342633314 10.681664978062582 7.2265881862505212 1.3903451425601518 95.446153846153848 0.3027982948697201 3.4498615536424366 3.3140206880897671 0.049461179767113304 0.69742875859810038 0.18787636512094719 0.098199935711989719 8.3921966948214717 1.2424533248940004 0.023265861033082706 -0.025676354427443298 0.103716525083922 9.688591149329703 3.0677824455408698 1.0000000180025095e-35 51.802934438614194 3.5253058460028446 0.76901308441880134 0.095247345770382116 10.223285833227822 10.763229093135925
decision_type=2 8 10 10 2 2 10 8 8 2 10 10 2 8 8 10 2 10 10 10 10 2 10 2 8 10 10 10 2 2
left_child=-1 -2 4 -4 8 7 9 -6 12 -7 11 -9 14 -14 -3 16 17 -16 -17 20 -20 -22 -18 24 25 26 -24 -28 -29 -30
right_child=1 2 3 -5 5 6 -8 10 -10 -11 -12 -13 13 -15 15 18 22 -19 19 -21 21 -23 23 -25 -26 -27 27 28 29 -31
leaf_value=0.0002738066937183656 -0.000113560164221744 -0.00064426917067358285 -0.00019288550615482769 0.00051326252985385676 -0.0024917933777357263 -0.00040843694194757753 -0.0063666835605967345 -1.1631530137830178e-05 0.0011250972516155511 0.00065325142077212416 0.0015235061950113686 -0.00077038522353037482 0.00046503334558592457 -3.3104584874557159e-05 0.00079372525166506347 0.00097535040715715775 0.0003961600751745569 -0.00054800454496584973 -0.00070329870253352494 4.0242870439984726e-06 -0.00092448854875006254 0.00060897715713712874 0.00043501197375526291 0.00046202584277343315 -0.001912110020011537 -0.00049186860543209846 -1.3062689784084909e-05 0.00050565241974066637 -0.00072852605301663368 5.6707743783178212e-06
leaf_weight=3695 2928 40 62 481 98 250 42 4322 338 92 164 55 296 6125 323 156 4613 750 175 2369 44 103 531 767 42 50 624 56 64 43
leaf_count=3695 2928 40 62 481 98 250 42 4322 338 92 164 55 296 6125 323 156 4613 750 175 2369 44 103 531 767 42 50 624 56 64 43
internal_value=0.000194754 0.000112252 0.000191758 0.00178125 0.000153375 -0.000260947 -0.00230649 -9.11637e-05 0.000272245 -0.00138192 -5.94441e-06 -0.000104842 0.00023253 -0.000102304 0.000432518 0.000453739 0.000649669 -0.00046648 -8.74297e-05 -0.0002552 -0.00221053 0.000141892 0.000826093 0.000188705 -0.000510276 -0.000245435 1.81957e-05 -0.000848985 -0.00342073 -0.00619444
internal_weight=29698 26003 23075 543 22532 5023 384 4639 17509 342 4541 4377 17171 6421 10750 10710 7863 1073 2847 2691 322 147 6790 2177 1410 1368 1318 787 163 107
internal_count=29698 26003 23075 543 22532 5023 384 4639 17509 342 4541 4377 17171 6421 10750 10710 7863 1073 2847 2691 322 147 6790 2177 1410 1368 1318 787 163 107
is_linear=0
shrinkage=0.03


Tree=173
num_leaves=31
num_cat=0
split_feature=8 9 9 12 16 16 1 11 8 4 16 15 12 0 12 8 13 0 1 11 14 11 15 15 14 4 8 4 17 16
split_gain=1.18281 1.04822 3.08743 2.09826 2.75414 2.33557 3.32188 2.91228 3.64219 1.62997 1.50316 2.55545 1.3403 2.45408 1.15469 1.47578 1.3217 1.38585 1.14016 3.21236 3.59578 4.21383 1.95731 3.13699 1.29263 2.23628 2.13948 1.89461 1.59604 1.56531
threshold=200.80044879773894 0.0081648053701931528 0.0025046752417442089 0.48560406362632996 0.22653650473347378 0.083004672373586427 0.033520599250936318 9.5396800890479394 2.1660598388072221 419.5603166515196 0.057489626893602909 1.4978661367769956 0.091894980971692256 1.0027587458182372 0.078251622114761346 8.6863696407203594 0.2388122386728195 46.498798076923087 0.30583900226757377 10.273653579815802 0.25450203479105588 9.9873230573913219 3.0201273556387074 2.740319461670996 0.62501075411784968 1393.8000962818094 2.7409482571092867 730.68764499263273 0.34920948247591682 0.13250767453842247
decision_type=10 10 8 2 8 10 10 2 8 10 10 8 2 10 2 10 2 10 10 2 2 2 10 10 2 10 10 8 10 10
left_child=1 2 10 4 5 12 7 9 -9 -7 11 -1 13 -4 15 18 17 -16 24 20 -20 22 23 -22 26 -26 -3 -28 29 -27
right_child=-2 14 3 -5 -6 6 -8 8 -10 -11 -12 -13 -14 -15 16 -17 -18 -19 19 -21 21 -23 -24 -25 25 28 27 -29 -30 -31
leaf_value=-0.0027750087428886779 0.00028211408929367454 0.00023964309886623337 0.0015011290686564132 -0.0024870419162015367 8.099451052931269e-05 -0.0018526990392826123 0.0010886614364579174 -0.0012409039547984948 -0.0021470664202871978 0.000328948575152817 0.0005257081068490596 -7.8662004658159499e-06 0.00037090572710154145 -0.00089102928348797896 1.8624244229411295e-05 0.0010844236373473012 -0.00050413142201285175 0.0012517110858819794 0.00055465163015941496 0.0003529281307618913 -0.00031492591767431194 -0.0014170040436571566 0.0012894694787992033 -0.0020099131699410897 0.00017994649921633757 -0.00037087338602082395 -4.8415947487067675e-05 -0.0026146480483918684 0.00013504493737200442 -0.0011921697663416166
leaf_weight=62 1166 4327 53 76 447 74 46 72 55 55 1080 409 154 67 19207 700 50 371 159 256 76 49 41 55 273 42 109 56 44 40
leaf_count=62 1166 4327 53 76 447 74 46 72 55 55 1080 409 154 67 19207 700 50 371 159 256 76 49 41 55 273 42 109 56 44 40
internal_value=0.0002104 0.000172069 -0.000396077 -0.00161182 -0.00125098 -0.00262045 -0.00443564 -0.00576654 -0.00897656 -0.00256154 0.000465851 -0.000947034 -0.000610909 -0.00297521 0.000230314 0.000586224 0.000117377 0.000129935 0.000421672 -0.00077237 -0.00251968 -0.00498649 -0.00273988 -0.00452273 0.000577065 -0.0010575 0.000722457 -0.00262048 -0.00434646 -0.00679518
internal_weight=29671 28505 2650 1099 1023 576 302 256 127 129 1551 471 274 120 25855 6227 19628 19578 5527 636 380 221 172 131 4891 399 4492 165 126 82
internal_count=29671 28505 2650 1099 1023 576 302 256 127 129 1551 471 274 120 25855 6227 19628 19578 5527 636 380 221 172 131 4891 399 4492 165 126 82
is_linear=0
shrinkage=0.03


Tree=174
num_leaves=31
num_cat=0
split_feature=5 12 13 8 6 15 1 12 15 0 9 8 3 12 7 1 15 9 17 1 8 10 13 3 15 17 7 13 17 0
split_gain=1.42182 1.28199 0.973841 2.35295 2.75613 2.70549 1.9712 1.78596 1.56222 2.52021 2.0275 3.4615 3.45947 2.41073 2.57054 2.97227 2.291 2.8655 1.77728 1.61442 1.70978 1.74313 2.2318 1.563 1.51016 1.83216 1.50117 1.57578 1.48226 1.42884
threshold=0.63724653808110798 -0.21149232867951803 0.042395736131044519 39.36968258216659 -0.76617247006497491 1.8688348091416842 0.13172353961827646 0.18651985786747807 3.1567740231385479 2.7815150865581928 0.1822690799688228 1.3674726658018719 0.24943979973861166 0.087090606453227096 0.14298504606472975 0.057259953161592499 3.0677824455408698 0.066466064766733002 -0.066128023072548628 0.045249795249795229 3.5549190549935616 1.2826685576526693 0.056526388624215787 0.11109601412994478 1.2424533248940004 -0.072095242120650133 0.186594387967009 0.12379201167199368 0.28767832689494777 1.3720870992138798
decision_type=8 2 2 8 2 10 10 2 10 10 10 10 2 2 10 10 10 10 10 10 10 10 2 2 8 8 10 2 8 10
left_child=-1 -2 7 5 6 24 -5 -3 10 -10 11 -7 16 -14 -15 -16 19 -18 -12 -13 21 22 -21 -22 -4 -26 27 28 -24 -8
right_child=1 2 3 4 -6 8 29 -9 9 -11 18 12 13 14 15 -17 17 -19 -20 20 23 -23 26 -25 25 -27 -28 -29 -30 -31
leaf_value=0.00028087102494092972 0.004339136102026203 0.00016949617223865367 0.00019771484461030358 0.0016969213063886129 0.00049229402399554568 0.00017724829822571772 -0.00098099373785976449 -3.1325330306091029e-06 6.8602496611198119e-05 -0.00078786701057810278 0.00019400900353145825 0.00011654090755281657 0.00036875025050533522 -0.00019729630631256013 -0.0019519746309849665 -0.00088214767155388705 -0.0014540419804683175 -0.00010552992692711381 -0.00051426354674242525 -0.0024560882928451959 0.00098336109619877668 -1.1113611339100054e-05 -0.00076658765689111604 -0.00038750835042542002 -0.0046860547696760341 -0.000782221581399177 0.00026044123570355388 0.00012852093315848849 -0.0010373173036561242 -0.0021561922406474186
leaf_weight=660 216 7922 157 43 957 1861 40 9741 4006 73 124 1016 65 77 91 64 66 93 736 47 152 235 101 233 55 579 47 62 71 43
leaf_count=660 216 7922 157 43 957 1861 40 9741 4006 73 124 1016 65 77 91 64 66 93 736 47 152 235 101 233 55 579 47 62 71 43
internal_value=0.000167342 0.00013595 0.000118611 -0.000101667 0.00122601 -0.000245405 -0.00292913 0.000256963 -0.000100857 0.0003375 -0.000448658 -0.000181457 -0.000929368 -0.00395638 -0.00538197 -0.00759615 -0.000504237 -0.00395625 -0.001777 -0.000222901 -0.00111275 -0.00216489 -0.00357447 0.000427461 -0.00192803 -0.00257953 -0.00254255 -0.0035234 -0.00499422 -0.00560714
internal_weight=29633 28973 28757 11094 1083 10011 126 17663 9220 4079 5141 4281 2420 297 232 155 2123 159 860 1964 948 563 328 385 791 634 281 234 172 83
internal_count=29633 28973 28757 11094 1083 10011 126 17663 9220 4079 5141 4281 2420 297 232 155 2123 159 860 1964 948 563 328 385 791 634 281 234 172 83
is_linear=0
shrinkage=0.03


Tree=175
num_leaves=31
num_cat=0
split_feature=8 12 7 15 11 12 13 19 15 11 8 4 15 17 1 15 3 7 3 6 15 4 3 11 12 11 4 17 12 4
split_gain=1.04445 1.06987 1.83492 2.0112 2.33262 2.09554 1.47924 1.91153 2.38101 1.92227 1.79725 1.75021 1.76119 2.18246 1.44173 1.38429 1.77849 1.62745 1.73025 1.3271 1.70038 1.29965 2.16012 1.81475 1.55248 1.69784 1.29254 1.26357 1.19622 1.91581
threshold=188.66643358140553 0.031339705401052249 0.076909380649847647 2.1383330595080281 9.1402933722261732 0.12162184418592493 0.13775238276591134 9.5000000000000018 3.0201273556387074 9.8550585727873443 1.1177707961241727 1848.0010049999958 3.2769667020129059 0.14736782138036478 0.19576423128641865 2.8029010331479989 0.44051853728247609 0.047329891081692992 0.1085353857131805 0.29977777777777764 3.0677824455408698 1377.0141725848523 0.21560301433203727 9.2082882665949128 -0.034271696546973367 8.9552545531454211 121.38065334687845 0.065112610391038522 0.098125417547747076 771.81464299958145
decision_type=10 2 8 10 2 2 2 2 10 2 10 10 10 10 10 10 2 8 2 2 10 8 2 2 2 2 10 8 2 10
left_child=1 15 3 4 26 -6 7 8 -5 14 -11 12 -12 -14 -10 16 21 18 -17 20 -9 -1 24 -24 25 -23 -3 -26 29 -4
right_child=-2 2 28 6 5 -7 -8 19 9 10 11 -13 13 -15 -16 17 -18 -19 -20 -21 -22 22 23 -25 27 -27 -28 -29 -30 -31
leaf_value=4.4025517023619169e-05 0.00026685089609371373 -0.0021203101381941404 -0.00019608743126328681 0.00039036826707222245 -0.0013155160844508778 -0.00088150660591174948 0.00051128255187091252 -0.0016998198265487042 -0.00014973076949299349 9.5862998258482873e-05 -2.6101362516468237e-06 0.00015073873282342757 -0.0013978694527600106 -9.1544977921891946e-05 -0.0013252022665883423 -0.00057815509008348213 0.0010879096924016629 0.00085677251241159276 0.00011627795705280071 -0.00038509213494714441 -0.00025051929621552958 0.0017423486405180441 -0.00018395140048359072 -0.0010645619124428443 -0.00031730087685992794 -0.0015217481280509564 0.00023490571197918922 0.00059515088672252572 1.0073720185427875e-05 0.00032703663307611188
leaf_weight=1185 1256 96 800 663 48 50 300 110 40 416 64 71 63 50 40 44 254 1122 498 430 129 50 51 77 40 73 132 183 18528 2771
leaf_count=1185 1256 96 800 663 48 50 300 110 40 416 64 71 63 50 40 44 254 1122 498 430 129 50 51 77 40 73 132 183 18528 2771
internal_value=0.000170474 0.000132986 6.30192e-05 -0.000674806 -0.00288073 -0.00672727 -0.000371056 -0.000655753 -2.76988e-05 -0.00119195 -0.000658646 -0.0026747 -0.00426404 -0.0065 -0.00555556 0.000617943 6.73982e-05 0.00125045 -9.94474e-05 -0.00197463 -0.0037625 -0.000290964 -0.00161684 -0.00493023 -0.000380403 -0.00307258 -0.00120524 0.00111161 0.000153258 0.000655935
internal_weight=29634 28378 24801 2702 326 98 2376 2076 1407 744 664 248 177 113 80 3577 1913 1664 542 669 239 1659 474 128 346 123 228 223 22099 3571
internal_count=29634 28378 24801 2702 326 98 2376 2076 1407 744 664 248 177 113 80 3577 1913 1664 542 669 239 1659 474 128 346 123 228 223 22099 3571
is_linear=0
shrinkage=0.03


Tree=176
num_leaves=31
num_cat=0
split_feature=12 7 15 15 14 0 0 9 14 14 7 10 3 9 15 6 16 6 3 0 3 14 3 0 13 10 1 13 3 17
split_gain=1.38983 1.41138 1.97143 1.98751 2.43964 2.11953 2.11609 1.80302 1.54081 2.03691 1.46698 1.89827 1.37549 1.36321 1.64102 1.96144 1.29304 1.23706 1.16904 2.0921 1.16378 2.80468 1.1569 1.15412 1.21622 1.28519 1.08619 1.53724 1.02877 2.25775
threshold=0.10667875295301955 0.13429112161815146 3.6762205501217919 3.0201273556387074 0.051081968121981729 2.2074037802280944 1.3252327390844461 0.16630124580199582 0.3177464907872744 0.33604255212033091 0.044996701473583034 0.17081296464548168 0.47450303699721869 0.057494444469078011 4.1510089048756029 2.0042556829705598 0.14246230649157526 -0.43535593420597346 0.092910343496694595 1.3503292739204074 0.13469225896777628 0.56870683107254338 0.15164212382949141 1.333757727679761 0.033226464645187005 0.5108825414828948 0.18588039867109638 0.08219040892621142 0.19489503621346768 0.57233811912177235
decision_type=2 8 10 8 2 10 10 10 2 2 10 10 2 10 10 2 10 2 2 10 2 2 2 8 2 10 10 2 2 8
left_child=-1 2 3 8 6 17 16 -3 28 -10 11 -11 20 14 15 -4 -5 22 19 -19 21 -12 -6 24 -20 -26 27 -27 29 -2
right_child=1 7 13 4 5 -7 -8 -9 9 10 12 -13 -14 -15 -16 -17 -18 18 23 -21 -22 -23 -24 -25 25 26 -28 -29 -30 -31
leaf_value=0.00012088264824996328 0.00011453532096651355 2.363140706760927e-05 0.00064071657525041983 0.00011567846111446059 -0.00052482920629302844 -0.0018116398811716076 -0.001727799561841301 0.0003984699702566286 -0.0019775082360191177 0.00032764138742335754 0.00018710516709469267 -0.0015802536631876443 -0.001060249723626251 0.00027635651625207213 -0.00040084081038940111 -0.00091961893726761701 -0.0004985887614119334 0.00047775888337190091 0.00023545093097433628 -0.00073642427128991865 0.00022805053308979273 -0.001671929375605345 -3.3984833474036287e-05 0.00020454538767276608 -6.7526391900517965e-06 -0.00068152698123177357 1.197832895007179e-05 -0.00049388423993372674 0.0002956487579430019 -0.00097252363763993335
leaf_weight=9558 526 15081 99 40 53 41 46 875 65 47 171 78 53 468 41 40 81 41 131 40 536 44 60 480 108 62 40 58 468 122
leaf_count=9558 526 15081 99 40 53 41 46 875 65 47 171 78 53 468 41 40 81 41 131 40 536 44 60 480 108 62 40 58 468 122
internal_value=0.000182006 3.97581e-05 -0.000461138 -0.000750884 -0.00168253 -0.00117309 -0.00505357 0.000166573 -0.000184746 -0.00104322 -0.000680645 -0.00369048 -0.000208696 0.00105393 -0.00116022 0.000407143 -0.00292623 -0.000913408 -0.000561915 -0.0039878 0.00012367 -0.00173611 -0.00386842 -0.000242045 -0.0014325 -0.00258736 -0.00428571 -0.00570248 0.000580125 -0.000194145
internal_weight=29553 19995 4039 3391 1281 1114 167 15956 2110 994 929 125 804 648 180 139 121 1073 960 81 751 215 113 879 399 268 160 120 1116 648
internal_count=29553 19995 4039 3391 1281 1114 167 15956 2110 994 929 125 804 648 180 139 121 1073 960 81 751 215 113 879 399 268 160 120 1116 648
is_linear=0
shrinkage=0.03


Tree=177
num_leaves=31
num_cat=0
split_feature=12 8 13 1 9 4 4 11 11 11 8 0 17 11 14 9 8 12 16 15 14 9 12 16 14 13 4 8 14 4
split_gain=0.813651 1.07555 1.73825 1.77557 1.52997 1.50385 2.21957 2.9397 5.23034 2.05724 1.88226 1.40015 2.18215 3.51771 1.71239 1.55389 1.98627 1.65386 2.64944 1.83244 1.79819 1.57034 3.39556 2.25724 2.24195 2.13174 1.89971 1.48924 1.58504 3.69033
threshold=-0.094628840331234074 1.1121553630415657 0.11992362368706075 0.38119783996072659 0.13873673128881892 741.37081963948822 639.67423202194175 9.5959088477917831 9.363747914926563 8.9350478950024925 1.2327398972471633 1.100410341204521 1.1149600386466054 7.8711204000392749 0.16135947613363874 0.046109105025071422 14.221795677881188 0.18961518457982687 -0.2187637777417594 4.1190041246092024 0.03226662648250448 0.05597624695388121 0.47757046544674703 0.78165754193712667 0.26209131748968711 0.059992119857340903 1031.0036548397845 14.388444891406243 0.10794157586932319 10054.386035047779
decision_type=2 8 2 10 10 8 10 2 2 2 10 10 10 2 2 8 8 2 8 10 2 10 2 8 2 2 10 10 2 8
left_child=-1 2 -2 -4 11 6 -6 8 9 -8 -7 12 -3 -14 -15 17 21 18 -13 27 -20 22 24 -23 -17 26 -26 -19 29 -29
right_child=1 4 3 -5 5 10 7 -9 -10 -11 -12 15 13 14 -16 16 -18 19 20 -21 -22 23 -24 -25 25 -27 -28 28 -30 -31
leaf_value=0.0013279496748973417 -2.7009793590562271e-05 0.00028483096595771477 -0.00024842919016686662 -0.0016314155991884549 0.00015229162789417121 -3.3734596109341209e-05 -0.00099413130301567818 0.00019601745351365343 -0.0016962066284381054 0.00088555028552527533 0.00032138231222657456 -0.0012827270831980559 -0.0043283643756598838 -0.0010033498592905779 0.0012204373760685973 0.00018379093321774982 0.00022847543806484377 0.00016916422100127289 -0.00079637553665423742 -0.00033838314631096854 0.00027868761450008575 -8.3035665759759869e-05 -0.0038487581668937734 0.00093483169890928571 -0.002657418296458955 -0.00056089430179366107 -8.3835278365904206e-05 -0.00049076819330419127 -1.5884241593711612e-05 -0.0018407822793097715
leaf_weight=705 2682 2914 241 50 293 908 41 92 42 43 2761 44 44 46 91 416 2016 3197 77 52 3369 6222 48 200 53 60 338 537 1902 42
leaf_count=705 2682 2914 241 50 293 908 41 92 42 43 2761 44 44 46 91 416 2016 3197 77 52 3369 6222 48 200 53 60 338 537 1902 42
internal_value=0.00020483 0.000180175 -0.000360121 -0.00255822 0.000242331 0.000767759 -0.000755859 -0.0030411 -0.006 -0.00162353 0.000980109 0.000140939 0.000731589 -0.00245604 -6.52173e-05 4.24788e-05 -0.000229955 0.000318838 0.000833572 5.2348e-06 0.000927763 -0.000459117 -0.00162118 -0.000293321 -0.00118548 -0.00264823 -0.00182908 5.70524e-05 -0.000494359 -0.00186724
internal_weight=29526 28821 2973 291 25848 4180 511 218 126 84 3669 21668 3095 181 137 18573 9353 9220 3490 5730 3446 7337 915 6422 867 451 391 5678 2481 579
internal_count=29526 28821 2973 291 25848 4180 511 218 126 84 3669 21668 3095 181 137 18573 9353 9220 3490 5730 3446 7337 915 6422 867 451 391 5678 2481 579
is_linear=0
shrinkage=0.03


Tree=178
num_leaves=31
num_cat=0
split_feature=12 10 9 0 14 5 10 9 8 4 15 13 4 9 14 1 4 3 17 8 17 13 0 3 17 4 14 3 8 3
split_gain=1.31797 1.64444 2.25769 1.43881 1.20827 1.64484 1.56961 1.52565 2.57217 3.11001 1.79547 3.71419 1.58823 1.92395 3.34301 3.18425 1.70665 4.01021 4.20002 1.6143 3.47314 2.82699 2.0271 1.92282 1.42706 1.40635 1.64585 2.13071 3.01261 1.2944
threshold=0.30197096595148315 3.8213124609692541 0.075805452978725582 0.70359720797852621 0.45439949663792606 0.6813346228239846 0.51832124494647347 0.21736916844525236 1.4521311360827966 391.87248585746971 4.2696729980286863 0.068284042834187042 1409.2906205155364 0.11693184134323584 0.48855055776476641 0.048930121203052575 2780.8788828259653 0.4341986824280461 -0.10988217904791335 1.2625395243014161 0.5175493811794929 0.044565179699377448 1.2725758895258295 0.075188934848342118 0.4844351982489345 3844.7971073626595 0.69250565398909336 0.13380273717314797 1.1243118488004138 0.15458279366853997
decision_type=2 10 10 10 2 8 8 10 10 8 10 2 8 10 2 10 8 2 10 10 10 2 10 2 10 8 2 2 10 2
left_child=1 3 -3 -1 5 -5 -7 8 10 -10 12 -12 13 -6 -15 -16 17 18 -14 23 21 -21 -23 -20 25 -18 27 -27 -29 -9
right_child=-2 2 -4 4 7 6 -8 29 9 -11 11 -13 16 14 15 -17 24 -19 19 20 -22 22 -24 -25 -26 26 -28 28 -30 -31
leaf_value=0.0010635248035458906 -4.1265788274148022e-05 -2.8585364478608192e-05 -0.0025504101979268255 0.00072078605218147784 0.0002341298588945167 0.00021522537941793103 4.4331179672660884e-05 0.00035753283914331596 -0.0011168588738501137 0.00018267271199939116 7.5468427362120738e-05 -0.00087781178900504862 -0.0010278194984565906 -0.0010696714180494261 -0.0012203395452569045 0.00018073711798773044 0.00016640220165298306 -0.0014031200192470129 -0.0029249381001774269 0.00058162862043617243 -0.0015513993484591569 -0.00077183877359917393 -0.00047667142785227153 0.0001465018459763316 0.00049656981499046409 0.00041627858685405099 0.00053956565191601909 -0.00040176179495873723 -0.00085286717442101918 -4.7774221023252259e-05
leaf_weight=299 5545 115 48 435 803 4758 12998 474 92 1697 61 43 72 58 62 273 166 61 48 107 40 40 40 432 172 44 71 67 66 368
leaf_count=299 5545 115 48 435 803 4758 12998 474 92 1697 61 43 72 58 62 273 166 61 48 107 40 40 40 432 172 44 71 67 66 368
internal_value=0.000208587 0.00030486 -0.00268902 0.000325436 0.000299121 0.000415732 0.000371009 -9.68644e-05 -0.000315545 0.000568157 -0.000895489 -0.00474286 -0.000741136 6.5163e-05 -0.00165228 -0.000491071 -0.00141696 -0.002283 -0.00169615 -0.000987288 -0.00306579 -0.00132447 -0.00555556 1.11526e-10 -0.000173765 -0.00112771 -0.00255422 -0.00409551 -0.00597761 0.00107473
internal_weight=29555 24010 163 23847 23548 18191 17756 5357 4515 1789 2726 104 2622 1196 393 335 1426 840 779 707 227 187 80 480 586 414 248 177 133 842
internal_count=29555 24010 163 23847 23548 18191 17756 5357 4515 1789 2726 104 2622 1196 393 335 1426 840 779 707 227 187 80 480 586 414 248 177 133 842
is_linear=0
shrinkage=0.03


Tree=179
num_leaves=31
num_cat=0
split_feature=1 12 15 3 11 1 10 8 13 11 3 10 4 10 8 4 1 2 6 17 4 5 2 15 15 1 7 12 11 3
split_gain=1.1298 1.1663 2.15265 1.94704 1.68754 1.78431 1.36573 1.63853 1.87763 2.00815 1.35821 1.94612 1.51746 1.32324 1.08581 1.02225 1.01483 1.99253 2.61307 1.9907 1.96374 1.77907 1.93365 1.76423 3.06352 3.83871 1.49239 1.48418 1.64149 2.57777
threshold=0.43320209973753288 0.026711309913309837 2.8029010331479989 0.43126957847026176 10.634087054834493 0.3504385964912281 0.76164665500619055 22.328438336416145 0.083420114207473986 9.490355628652944 0.44398292661468064 2.8695800863822138 593.79633541969383 -0.14762947306742566 188.66643358140553 17907.706037237331 0.098199935711989719 6.231617706277353 0.2075883745883747 inf 1662.2848815406999 0.99614229648569907 6.5517669312056528 3.6242520361853052 3.5408542930527882 0.13819628647214857 0.13542576501539416 0.29073505715327125 10.657459334846001 0.079804746056030468
decision_type=10 2 10 2 2 10 10 10 2 2 2 10 8 8 10 8 10 8 2 8 8 8 10 10 10 10 10 2 2 2
left_child=1 2 3 4 5 6 -1 8 9 -8 14 12 -12 -14 16 -2 17 18 20 21 -3 -18 23 24 -23 -26 -25 -19 -29 -30
right_child=15 10 -4 -5 -6 -7 7 -9 -10 -11 11 -13 13 -15 -16 -17 19 27 -20 -21 -22 22 -24 26 25 -27 -28 28 29 -31
leaf_value=0.00029880443082577578 0.00045371238208834452 -0.0010866426357709102 0.00064254750639692747 0.001053988571697271 -0.0015677071104098709 -0.00073807067538413302 -0.00046793761382695376 0.0026940043571337074 0.0013379917827378099 -0.002108082766022468 0.00031280185526804245 -0.0013747768729388187 -0.0017310090831737521 -0.00054946348459207007 0.00023613137443675601 -0.00015765454251186968 0.00025153690873915073 0.00011089812874621851 -2.58611580047204e-05 -0.00054224778148621259 -0.00023440497500301746 -5.5596844184653816e-05 -0.00071509836897312902 0.00034770005106285869 -0.0015271569541700754 -0.00025862533959522511 -0.00024438440693059301 -7.3612267402770839e-06 -0.00077538809710314465 -0.00025746475466382313
leaf_weight=674 475 49 1506 287 41 41 445 111 171 67 317 40 40 813 1135 48 459 12055 289 48 54 5021 68 519 44 177 306 3923 61 315
leaf_count=674 475 49 1506 287 41 41 445 111 171 67 317 40 40 813 1135 48 459 12055 289 48 54 5021 68 519 44 177 306 3923 61 315
internal_value=0.000182331 0.000157444 0.00068451 -4.89651e-06 -0.000425532 -0.000260265 -8.57725e-05 -0.000928302 -0.00147807 -0.00238596 8.89486e-05 -0.000891825 -0.000666097 -0.00132436 0.000137376 0.00156298 9.33773e-05 0.00021783 -0.00189313 -0.000220382 -0.00597115 -0.000175587 -0.000310463 -0.000253625 -0.000456609 -0.00390541 0.00103511 0.000268542 -0.00021 -0.0021008
internal_weight=29599 29076 3343 1837 1550 1509 1468 794 683 512 25733 1210 1170 853 24523 523 23388 16746 392 6642 103 6594 6135 6067 5242 221 825 16354 4299 376
internal_count=29599 29076 3343 1837 1550 1509 1468 794 683 512 25733 1210 1170 853 24523 523 23388 16746 392 6642 103 6594 6135 6067 5242 221 825 16354 4299 376
is_linear=0
shrinkage=0.03


Tree=180
num_leaves=31
num_cat=0
split_feature=12 3 14 1 5 14 13 8 3 9 9 3 9 12 9 12 7 1 4 16 14 8 1 4 13 12 7 4 8 16
split_gain=1.15898 1.74759 3.73741 1.38325 1.03387 1.13887 1.48468 0.988553 1.79292 2.13562 3.1479 1.64684 1.52253 1.31822 1.16344 2.19538 1.13894 1.12741 1.73526 1.14287 2.04799 3.15887 2.93929 3.38035 1.943 1.32202 1.866 1.67635 4.78688 1.33394
threshold=-0.055977245484331466 0.059428739542427687 0.17041219872740357 0.50193798449612415 0.51339392489834978 0.46922117293072813 0.041319430960577268 1.1121553630415657 0.27019011885181682 0.080302413646144669 0.096313823676994939 0.059428739542427687 0.12133764951810268 0.34074899747745052 1.0000000180025095e-35 0.11712195761162915 0.050844857964181082 0.38516483516483518 12866.871813549369 -0.056459560924418652 0.54375050152109006 1.3270616034825291 0.13172353961827646 3151.6267626317554 0.051707250420616295 0.084283750402128113 0.11297896651654177 606.03892183433334 1.2844834899735049 0.32303659801974277
decision_type=2 2 2 8 8 2 2 8 2 10 10 2 10 2 8 2 8 10 10 8 2 10 8 8 2 2 8 10 10 10
left_child=1 2 -1 -3 5 -2 -7 8 9 13 -11 -12 -13 -6 15 -10 -9 19 -19 20 22 -22 -18 24 -24 -21 27 28 29 -27
right_child=4 3 -4 -5 7 6 -8 16 14 10 11 12 -14 -15 -16 -17 17 18 -20 25 21 -23 23 -25 -26 26 -28 -29 -30 -31
leaf_value=-0.0018907514948797728 0.0010183014739410402 0.0014690069528828953 0.0008450763483232157 -0.00092847886805918827 0.00030510933043205121 -0.00048558421579215992 0.00036281527132755808 0.0014669888929567912 -0.0038485280222600154 -0.0015080437557871457 -0.0016799392663737148 0.00017223512445871226 -0.00050621612275366496 -0.00069611593517068609 0.00021986593387093861 0.00036561824366533168 0.00015924598677111957 0.00043971940144520502 -0.0001948054229576997 0.0002010623350868466 3.0972099984057079e-05 -0.0018150396798632419 -0.0012919400848167449 -0.0027541204389475065 0.00015979283099308464 0.00054977621651697598 4.2434278384530726e-05 -0.00011741768989196336 -0.0017954925070251149 -0.0010299243933165234
leaf_weight=48 292 917 116 101 466 57 85 207 49 57 43 166 497 42 1290 56 592 627 45 3898 60 64 62 49 81 78 17033 2396 43 42
leaf_count=48 292 917 116 101 466 57 85 207 49 57 43 166 497 42 1290 56 592 627 45 3898 60 64 62 49 81 78 17033 2396 43 42
internal_value=0.000200846 0.00112088 -0.00174545 0.00158391 0.000162485 0.00161379 -0.000587412 0.000139887 -0.000409449 -0.00122406 -0.00222644 -0.00167185 -0.00129669 0.000282908 0.000333095 -0.00268868 0.00019784 0.00017949 0.00139079 0.000146072 -0.00089769 -0.004464 -0.000328662 -0.00354404 -0.0011875 0.000186454 8.60513e-05 -0.00066914 -0.00360366 -0.000495868
internal_weight=29559 1182 164 1018 28377 434 142 27943 2666 1271 763 706 663 508 1395 105 25277 25070 672 24398 908 124 784 192 143 23490 19592 2559 163 120
internal_count=29559 1182 164 1018 28377 434 142 27943 2666 1271 763 706 663 508 1395 105 25277 25070 672 24398 908 124 784 192 143 23490 19592 2559 163 120
is_linear=0
shrinkage=0.03


Tree=181
num_leaves=31
num_cat=0
split_feature=5 0 11 4 11 3 17 14 3 3 8 11 7 11 11 8 17 4 11 16 3 4 17 14 8 9 14 14 9 15
split_gain=1.19805 1.22211 2.0171 1.5795 2.69897 1.72264 2.36792 1.22052 1.09823 1.13601 1.21558 2.24062 1.34588 1.0083 1.85239 1.6581 2.70899 2.35132 1.41807 2.96549 4.85134 2.42125 3.2414 3.16933 5.1303 2.6632 4.61252 3.03021 2.35303 2.35999
threshold=0.57814407814407831 0.92477080413916257 4.4829865921051741 346.22681012401114 9.5495232147531404 0.05802213041460149 0.06191251841290165 0.46922117293072813 0.087873155595608252 0.11016953019866794 1.2072678847640861 6.8916253806596286 0.19392613717484383 9.4363996675759427 9.5285758868882926 1.003761306096179 0.0041031052182419342 1113.104941969468 8.7499701634482623 -0.056459560924418652 0.11290947781409134 922.56590072278766 6.6585427530410923 0.062242415691549473 4.8696338427786765 0.075001911052114068 0.17858628084352038 0.3177464907872744 0.10899646636314701 1.7005986908310777
decision_type=8 10 2 10 2 2 10 2 2 2 10 2 10 2 2 10 10 8 2 8 2 10 8 2 10 10 2 2 10 10
left_child=7 3 -3 4 8 6 -5 -1 -2 -10 11 12 -11 18 -15 16 -16 -18 -4 20 -20 23 25 24 -21 -23 -27 -28 -29 -30
right_child=1 2 13 5 -6 -7 -8 -9 9 10 -12 -13 -14 14 15 -17 17 -19 19 21 -22 22 -24 -25 -26 26 27 28 29 -31
leaf_value=0.00065438552231484053 0.00051676291429246979 -0.010660346353096591 6.8322111400241246e-05 0.00053747399934110673 -0.0006353040502927584 0.0013327862692197943 -0.0016839170200665303 -9.9954952020807577e-05 -0.00070886407947008949 0.0022033332394990187 0.00028404298184341004 -0.0011187670502096326 -0.0030245446721990023 0.00042858612087311344 0.0013102348521113521 3.0716327964566714e-05 -0.0018199563129613139 -0.00066365502535527363 0.00054903491789367752 -5.6486464463673489e-05 -0.0024703882744337409 5.5252768750639974e-05 -0.00094743621080728359 0.00018528933580801179 -0.0030282135030208603 -0.0015012146306375097 0.0004402797579416577 0.0005743134390873958 -0.0003521555143198855 -0.0024233510254818014
leaf_weight=391 388 45 3987 89 53 769 62 178 44 99 261 53 46 777 64 17831 40 95 64 106 72 1107 107 1899 41 206 264 130 166 133
leaf_count=391 388 45 3987 89 53 769 62 178 44 99 261 53 46 777 64 17831 40 95 64 106 72 1107 107 1899 41 206 264 130 166 133
internal_value=0.00015899 0.000132212 8.11499e-05 0.000875067 1.26985e-05 0.00175896 -0.00116447 0.00152105 0.000406951 -0.000517857 -7.1739e-05 -0.0018392 0.00010274 9.18052e-05 0.00021326 0.000151406 -0.002565 -0.00496324 -0.000183991 -0.000562151 -0.00490511 -0.00041899 -0.00113103 0.000316561 -0.00391216 -0.000857997 -0.00207 -0.000894813 -0.00244884 -0.00391
internal_weight=29567 28998 27134 1864 944 920 151 569 891 503 459 198 145 27089 18807 18030 199 135 8282 4295 136 4159 2113 2046 147 2006 899 693 429 299
internal_count=29567 28998 27134 1864 944 920 151 569 891 503 459 198 145 27089 18807 18030 199 135 8282 4295 136 4159 2113 2046 147 2006 899 693 429 299
is_linear=0
shrinkage=0.03


Tree=182
num_leaves=31
num_cat=0
split_feature=12 0 16 13 5 4 9 8 14 13 7 3 16 16 16 4 14 0 14 16 16 9 8 8 8 14 7 9 19 13
split_gain=0.934104 1.90239 1.43109 1.28452 1.99527 1.78803 3.18402 1.98051 1.43545 1.37083 1.32591 2.03003 1.7066 1.47876 1.45851 1.25117 1.37084 2.41639 1.54036 2.47864 1.25102 3.15325 2.92969 1.23832 1.90771 1.4001 1.57613 2.61144 2.85865 2.29001
threshold=0.32770397480557728 46.498798076923087 0.78165754193712667 0.049461179767113304 0.64375688867894831 6151.5519425694483 0.074571416764417017 1.6255472646736906 0.6061035485807782 0.11289196327718214 0.080047019601662259 0.33488818552022803 0.25929374011551171 -0.071839080657023338 0.25929374011551171 419.5603166515196 0.13247958252404468 1.503237303543502 0.40744077389045708 0.37956675316759941 0.39586106818120476 0.081074892167686721 1.7791890953954175 7.7954471304838604 1.7055586045759079 0.21556890388968922 0.186594387967009 0.07043692786892701 7.5000000000000009 0.13655850875751177
decision_type=2 8 10 2 8 8 10 8 2 2 8 2 10 8 10 8 2 10 2 8 10 10 10 8 10 2 10 8 2 2
left_child=1 3 -2 8 -5 23 7 -7 15 -8 11 12 -10 -12 -15 16 17 -1 -18 -20 21 -16 -23 24 -6 26 -26 29 -29 -28
right_child=2 -3 -4 4 5 6 9 -9 10 -11 13 -13 -14 14 20 -17 18 -19 19 -21 -22 22 -24 -25 25 -27 27 28 -30 -31
leaf_value=-7.2051345832492504e-05 -6.3909901614170097e-05 0.00095129137852450921 0.00059503676705617429 0.00040660814034665751 1.3123750528474415e-06 -0.002509365899985851 0.00088341952699683612 -0.00048884625407763179 0.0012708777346389338 -0.00015962849799984688 -0.0012001171291481129 -0.0011232650623461957 -0.0016283586348042765 0.0001721261240906103 0.00022671663071839837 0.00017779796167119918 0.00042286951256240152 -0.0015833656398794342 -1.8738369269226873e-07 -0.0026564689909259489 5.5950505067108353e-05 -0.0032085562687979323 -3.0260875000860821e-05 0.00011802096446220686 -0.00084967095451821204 8.5947783315337378e-07 0.0010339230198486331 -0.0041589839108864997 0.00010619458248818498 -0.0004067610566098197
leaf_weight=324 4363 440 221 410 5924 113 117 90 63 62 69 65 70 695 71 11637 660 83 173 50 252 54 50 2254 271 397 233 73 65 40
leaf_count=324 4363 440 221 410 5924 113 117 90 63 62 69 65 70 695 71 11637 660 83 173 50 252 54 50 2254 271 397 233 73 65 40
internal_value=0.00021936 0.000292067 -0.000174046 0.00025671 -3.28347e-06 -9.05601e-05 -0.00209922 -0.00466176 0.000439198 0.000816667 -0.000476978 -0.00274372 -0.000604477 -9.81542e-05 0.000165628 0.00053767 -0.000348567 -0.00178676 0.000315611 -0.00183482 -0.00121262 -0.00315341 -0.00645714 -7.4529e-06 -0.000204312 -0.00136389 -0.00218741 -0.00101214 -0.00435971 0.000689781
internal_weight=29389 24805 4584 24365 10049 9639 382 203 14316 179 1389 198 133 1191 1122 12927 1290 407 883 223 427 175 104 9257 7003 1079 682 411 138 273
internal_count=29389 24805 4584 24365 10049 9639 382 203 14316 179 1389 198 133 1191 1122 12927 1290 407 883 223 427 175 104 9257 7003 1079 682 411 138 273
is_linear=0
shrinkage=0.03


Tree=183
num_leaves=31
num_cat=0
split_feature=12 5 13 7 8 4 3 11 6 1 4 1 15 3 19 10 8 17 5 4 10 0 11 8 17 17 7 4 3 7
split_gain=1.32594 1.21136 1.19378 2.43461 0.936005 1.51785 1.28463 1.39494 2.56923 1.10909 1.31155 1.2457 1.21352 3.15671 1.01441 1.63752 2.41852 3.26034 1.2435 1.19052 1.11155 0.93981 2.25308 2.09083 2.85205 1.8272 1.63464 3.17625 1.48421 1.33606
threshold=-0.16322518035744157 0.71409108602569116 0.041319430960577268 0.14922680725871021 0.99301086348056844 968.65503602362389 0.20119838365837076 10.324415819485726 0.29977777777777764 0.38516483516483518 12866.871813549369 0.38119783996072659 4.6867395546766826 0.1085353857131805 4.5000000000000009 3.1496463886751718 2.1392247970070271 0.97401981203261168 0.92838827838827853 983.83875919428135 0.50342019266596727 1.0813673676462505 7.8711204000392749 1.1068051476133018 0.13419151870324744 0.28767832689494777 0.085441321830659764 10054.386035047779 0.017901864386683158 0.067362593197088386
decision_type=2 8 2 10 8 8 2 2 2 10 10 10 10 2 2 10 10 8 10 10 10 10 2 10 10 10 8 8 2 10
left_child=-1 2 3 -2 5 -3 -7 8 -8 11 -11 12 14 -14 20 18 19 -18 21 -17 -6 22 23 24 -16 -25 27 29 -24 -23
right_child=1 4 -4 -5 9 6 7 -9 -10 10 -12 -13 13 -15 15 16 17 -19 -20 -21 -22 26 28 25 -26 -27 -28 -29 -30 -31
leaf_value=0.0023372160322574121 -0.00054257200814641763 0.00091021849642938151 0.00050338839508177026 0.00014895006830026796 0.00025582327487375344 0.00016466043594971726 -0.0018392515593494514 5.2276064191013269e-05 -0.00079282997608959077 0.00038532898188961534 -0.00021427803184823768 -0.0021756001681304217 0.00054174370486949981 -0.00064759300659120059 -0.0021431062685848584 -0.0024304550922486065 -0.0031321571965381278 7.7066398917078255e-05 0.00048704077281150679 0.00014995225435488927 4.0911931283694707e-05 3.6029914789656581e-06 -0.0006065511152647682 0.0002374500351501531 0.00082951112733768728 -0.0036780047040666521 -1.9523380955529236e-07 -0.0017982454634367497 0.00028886638627721316 -0.00029588861885639642
leaf_weight=357 70 101 509 204 2001 57 41 48 65 743 44 40 49 40 154 54 56 48 420 105 7106 864 62 430 75 86 12448 49 2630 708
leaf_count=357 70 101 509 204 2001 57 41 48 65 743 44 40 49 40 154 54 56 48 420 105 7106 864 62 430 75 86 12448 49 2630 708
internal_value=0.000171313 0.00014914 0.0013125 -0.000283636 0.00011716 -0.00151438 -0.00295755 -0.00437419 -0.00628037 0.000135257 0.00124492 0.000103369 0.000111188 -0.00336667 0.000122651 -6.76185e-06 -0.00235227 -0.00588571 2.77794e-05 -1.87499e-05 0.000381094 -1.09669e-05 0.000433682 -0.00102547 -0.00340435 3.48164e-05 -0.000119616 -0.00101541 0.000837728 -0.000778131
internal_weight=29664 29307 783 274 28524 312 211 154 106 28212 787 27425 27385 89 27296 18189 263 104 17926 159 9107 17506 3437 745 229 516 14069 1621 2692 1572
internal_count=29664 29307 783 274 28524 312 211 154 106 28212 787 27425 27385 89 27296 18189 263 104 17926 159 9107 17506 3437 745 229 516 14069 1621 2692 1572
is_linear=0
shrinkage=0.03


Tree=184
num_leaves=31
num_cat=0
split_feature=12 14 8 9 14 14 12 7 7 1 11 17 7 9 4 4 1 14 0 17 11 4 4 11 11 4 9 1 17 13
split_gain=1.21251 1.23973 1.95827 1.93747 2.11163 1.84952 1.31715 2.39621 2.08624 2.02318 2.08802 1.822 1.40599 1.16976 1.96208 3.78166 3.96567 1.93697 2.94768 2.14397 2.43166 4.22928 1.75541 1.93685 1.71755 1.60434 1.57765 2.99101 1.58374 1.81228
threshold=0.10667875295301955 0.45439949663792606 2.2674283263914243 0.062695891239881327 0.81360058546990566 0.69250565398909336 0.024076778450684348 0.14381046780939952 0.13098227119992306 0.045663052543786449 10.86340274719665 0.097738107601237981 0.041478532937619515 0.1822690799688228 752.03343415829397 628.22056498894733 0.23166368515205724 0.060220462704673579 0.97683961044322387 0.64592478369319617 10.634087054834493 1234.6876775615967 234.65911225553455 6.4272968650711446 10.049771655454187 1145.9285086419443 0.05597624695388121 0.033520599250936318 0.25301563028666346 0.022400462937860053
decision_type=2 2 10 10 2 2 2 8 8 8 2 10 10 10 8 10 10 2 10 8 2 10 10 2 2 10 10 8 10 2
left_child=1 13 3 5 -5 6 8 9 12 10 11 -8 -3 17 15 -15 -17 18 -1 20 25 -22 23 -19 -21 26 -20 -28 29 -29
right_child=-2 2 -4 4 -6 -7 7 -9 -10 -11 -12 -13 -14 14 -16 16 -18 22 19 24 21 -23 -24 -25 -26 -27 27 28 -30 -31
leaf_value=0.00071934307800871158 6.808596952065199e-06 -0.0017406803709966417 0.00098064554214772931 4.636029555306978e-05 -0.0011879323339831775 0.00092193180802106495 -0.00075256444079502239 0.00017715982068647825 -0.0026385893811248116 -0.0014440516616299147 -0.00046402112151605526 0.00077342333405752966 0.00093484165078851797 0.00024108415079297302 4.2740100914620269e-05 -0.00011637032902420357 -0.0019969315651737823 0.0013534985912961727 0.00098426799076374409 -0.00063977707903105038 0.0014736302675973133 -0.0012253170320419052 0.0004083533187037398 -0.0013359950264143444 -0.001522288643284562 0.00059105345230718532 -0.0013974480196611129 -0.00091854931218923643 0.0002731470380248579 0.00022456419827752416
leaf_weight=315 19979 41 264 1530 40 93 53 73 55 59 58 65 107 87 1212 40 44 183 91 40 44 40 4212 223 40 189 54 87 102 71
leaf_count=315 19979 41 264 1530 40 93 53 73 55 59 58 65 107 87 1212 40 44 183 91 40 44 40 4212 223 40 189 54 87 102 71
internal_value=0.000179133 0.0004579 -0.000125461 -0.000422069 0.000133673 -0.00186446 -0.00257227 -0.00380583 -0.000691176 -0.00527542 -0.00362712 -0.00131092 0.00116779 0.00065894 -0.000123555 -0.00312209 -0.00762353 0.000849087 -0.000298883 -0.00131225 -0.000759941 -0.00550588 0.00111583 -0.000766585 -0.00592593 -8.06722e-05 -0.00114532 -0.00215238 -0.000804598 -0.00267925
internal_weight=29491 9512 2438 2174 1570 604 511 308 203 235 176 118 148 7074 1383 171 84 5691 1073 758 678 84 4618 406 80 594 405 314 260 158
internal_count=29491 9512 2438 2174 1570 604 511 308 203 235 176 118 148 7074 1383 171 84 5691 1073 758 678 84 4618 406 80 594 405 314 260 158
is_linear=0
shrinkage=0.03


Tree=185
num_leaves=31
num_cat=0
split_feature=12 0 16 0 4 13 8 7 12 5 14 1 13 9 9 5 14 13 16 16 1 14 14 0 17 4 17 17 9 9
split_gain=1.51245 2.09554 1.44985 1.74589 1.21406 1.17874 1.22191 1.16139 1.10243 1.01111 1.348 1.30217 1.25455 2.35185 2.66973 2.0982 4.05326 2.03071 1.88605 1.9775 2.49138 4.30754 3.20447 2.49498 1.66938 1.64021 1.68003 1.48493 1.7094 1.46984
threshold=0.32770397480557728 46.498798076923087 0.78165754193712667 1.3903451425601518 761.79938703655614 0.085371602497613261 1.1336394511581842 0.12969826167525902 -0.16322518035744157 0.6505813953488373 0.4751549877077475 0.029705882352941197 0.052243871788437375 0.0052366209641751468 0.0025046752417442089 0.77154105736782908 0.38041736031061685 0.083420114207473986 0.22273022688721925 -0.029395614596772927 0.13172353961827646 0.34879238607819346 0.6061035485807782 1.0848358170868846 0.13419151870324744 10054.386035047779 -0.31310156101340053 -0.31310156101340053 0.019265974155035052 0.051594361951503388
decision_type=2 8 10 8 8 2 8 10 2 8 2 10 2 10 8 8 2 2 10 8 10 2 2 10 10 10 10 8 8 10
left_child=1 8 3 -2 7 6 -6 -5 -1 10 -10 -12 18 14 -14 16 -15 -16 19 20 22 24 -11 -24 -22 26 -20 28 -21 -28
right_child=2 -3 -4 4 5 -7 -8 -9 9 12 11 -13 13 15 17 -17 -18 -19 25 27 21 -23 23 -25 -26 -27 29 -29 -30 -31
leaf_value=0.0022102840756394403 -0.0021661291385684494 0.00083695873552319406 0.00059473328558176392 -0.00086764212735255261 -0.00091301436448383935 -0.00045143977476223314 -0.00011150911937287971 0.00036004509681498775 0.00059726730116000726 0.00024538366207194626 -0.00047689856219346752 0.00019794373428854529 0.00015518054625971968 -9.0048067473702023e-06 -0.0020982125758894727 3.4052813140675306e-06 -0.00099098004710388115 -0.0010503861722045951 -0.0018391503392965103 -0.001874224667417564 -0.00095644928624666044 0.0010252197510631637 -1.1192142315144241e-05 -0.0020126836587089671 -0.0035037479428425152 -0.0017344410906598169 0.00021406579086661332 0.00018546217396034996 2.9270365109901741e-06 -0.00015419049789000625
leaf_weight=347 64 449 218 48 46 67 3514 727 473 681 80 97 105 125 51 8782 51 100 53 58 40 49 42 40 40 53 1959 8761 121 2494
leaf_count=347 64 449 218 48 46 67 3514 727 473 681 80 97 105 125 51 8782 51 100 53 58 40 49 42 40 40 53 1959 8761 121 2494
internal_value=0.000138721 0.000231239 -0.00035603 -0.0004728 -0.000400636 -0.000630926 -0.000556023 0.000676546 0.000194123 0.000170061 0.00133641 -0.000893258 0.000137889 -0.000135431 -0.00296498 -5.4247e-05 -0.00328814 -0.00550658 0.000312882 0.00054673 -0.000799552 -0.00463846 -0.000145288 -0.00571084 -0.00888889 -0.000191447 -0.000129132 0.000681132 -0.00201667 -6.53344e-05
internal_weight=29735 25051 4684 4466 4402 3627 3560 775 24602 24255 650 177 23605 9214 256 8958 176 151 14391 9832 892 129 763 82 80 4559 4506 8940 179 4453
internal_count=29735 25051 4684 4466 4402 3627 3560 775 24602 24255 650 177 23605 9214 256 8958 176 151 14391 9832 892 129 763 82 80 4559 4506 8940 179 4453
is_linear=0
shrinkage=0.03


Tree=186
num_leaves=31
num_cat=0
split_feature=12 15 7 8 13 16 1 8 8 1 13 16 7 4 13 8 7 10 1 4 15 11 4 8 13 3 15 15 13 16
split_gain=1.02662 1.43994 1.62562 1.36287 1.87821 1.25025 2.45874 2.00322 2.11915 1.83027 1.3925 3.67106 1.14788 1.51599 2.63978 1.61852 1.62822 1.5977 3.0529 1.70738 1.33654 2.92068 0.99726 1.33353 1.13152 1.11648 0.986817 3.07445 0.976125 0.966636
threshold=0.026711309913309837 2.8029010331479989 0.047329891081692992 1.0459082017785162 0.10562816729325768 0.16741229773951175 0.083874458874458893 1.6904028337847128 6.1440092658365435 0.059262510974539058 0.062847667087806217 0.0773196948761109 0.086342341831378566 10054.386035047779 0.035322458591807424 1.1629638694748345 0.065849420621838309 0.85102415878501037 0.13079116179615116 1345.9776410465358 2.1383330595080281 9.1402933722261732 1204.5255069802668 1.2445449455212376 0.047357574945620123 0.11649915191399186 1.8688348091416842 1.7005986908310777 0.012490492325839046 0.11955501124251543
decision_type=2 10 8 10 2 8 8 10 10 8 2 10 8 8 2 8 10 10 10 10 10 2 10 10 2 2 10 10 2 10
left_child=1 5 3 -3 -5 6 -1 10 -9 26 -8 -12 13 15 -15 16 20 28 19 -19 21 -2 23 25 -24 -17 27 -7 -18 -30
right_child=12 2 -4 4 -6 9 7 8 -10 -11 11 -13 -14 14 -16 22 17 18 -20 -21 -22 -23 24 -25 -26 -27 -28 -29 29 -31
leaf_value=0.00045421608209117627 0.00012709781697167746 0.00016708977642492542 0.00081657279187737162 5.4234561810956056e-05 -0.00080129075253327102 0.00076404664804473527 5.3688069722039311e-05 -0.0030580987071694879 -0.00070901726690120181 0.0012798903732985211 1.2308915264383301e-05 -0.0015872472550042011 3.1885884901283953e-05 0.00046619356769349811 -0.0021275146336725516 -0.0015479768968654013 -0.0015336205687185459 0.00049796766396207736 -0.0011899285749511651 -0.00071492262920994489 1.0725237538828115e-05 -0.0011643705649842279 -0.00033472798192052974 -0.00095097144388248372 0.00037234366790965599 0.00022114433181202159 0.00022301358900093503 -0.0021999239413227792 -0.00044539795861988377 0.0003151377324064668
leaf_weight=576 116 345 1026 104 59 96 229 46 56 308 132 83 22658 53 67 47 56 83 110 78 1603 63 75 40 648 158 296 46 185 172
leaf_count=576 116 345 1026 104 59 96 229 46 56 308 132 83 22658 53 67 47 56 83 110 78 1603 63 75 40 648 158 296 46 185 172
internal_value=0.000146277 0.000636497 0.00131726 -7.07268e-05 -0.00232317 7.70467e-05 -0.000555654 -0.00199634 -0.00576699 0.00102811 -0.0011191 -0.00284722 8.26309e-05 -0.000418565 -0.00371901 -0.000302183 -0.000710174 -0.00195328 -0.00373897 -0.00109259 -0.000232193 -0.00268333 0.000736842 -0.000914634 0.00129696 7.28156e-05 -0.000218679 -0.00226573 -0.000775362 -0.000192737
internal_weight=29614 3402 1534 508 163 1868 1122 546 102 746 444 215 26212 3554 120 3434 2466 684 271 161 1782 179 968 245 723 205 438 142 413 357
internal_count=29614 3402 1534 508 163 1868 1122 546 102 746 444 215 26212 3554 120 3434 2466 684 271 161 1782 179 968 245 723 205 438 142 413 357
is_linear=0
shrinkage=0.03


Tree=187
num_leaves=31
num_cat=0
split_feature=0 1 6 8 3 7 10 9 2 8 3 11 0 7 17 14 10 11 9 11 17 6 1 15 20 16 9 11 13 15
split_gain=1.12138 1.36912 1.31046 1.29142 2.11972 1.55257 1.17808 1.13764 2.55832 2.37314 3.58274 1.94707 1.68348 1.55329 2.40448 1.5325 1.47127 1.31632 2.79925 2.28385 3.43682 3.23656 2.72439 3.04726 2.18461 2.084 1.9281 3.20031 2.66506 1.77519
threshold=1.0813673676462505 0.40495784825371345 2.4250976473766497 1.1177707961241727 -0.010960452775795495 0.16762507329340939 0.90473272317531561 0.029611855943704326 6.1923441735600209 47.97502325194899 0.35265936608086629 8.0543637533008532 19.010204081632654 0.46887343705767331 -0.11656120330203622 0.20244526921368247 0.56739470561174521 10.84884181721627 0.062008772097303148 10.669362283155836 -0.10988217904791335 -0.094138151276906445 0.14359351988217975 2.602003343538398 0.29073505715327125 0.065050994763142023 0.2071066010638512 10.536194468932006 0.035322458591807424 1.2424533248940004
decision_type=10 10 2 8 2 10 10 8 8 10 2 2 10 10 10 2 10 2 10 2 10 2 8 10 2 10 8 2 2 8
left_child=3 7 -3 5 -5 -1 -6 8 16 -10 11 -11 17 14 15 -13 -2 19 25 26 21 -21 23 -22 -25 -19 -9 28 -28 -30
right_child=1 2 -4 4 6 -7 -8 12 9 10 -12 13 -14 -15 -16 -17 -18 18 -20 20 22 -23 -24 24 -26 -27 27 -29 29 -31
leaf_value=2.4507343612848327e-05 -0.00079069464637521322 0.00044736937374569285 -0.00015968701216975275 -0.0011443497935189704 0.00060307481719099824 -0.0020179171296073775 0.00011268999812167012 -6.5540923467203495e-06 0.00019926427432016581 0.0017336955576490564 -0.0033230711097586808 -0.00066959370412720013 0.00062008580188447303 0.00056496844327374725 -0.00024475582917273035 -3.3034419763310641e-05 -0.00011233039220077487 0.00024548655182585872 0.00021512739551531322 -0.0021391965460232595 -0.0015134489465512377 -0.00074332841389739305 0.00019944195980311317 -0.00021757342050070683 -0.0013659872708705078 -0.00029436137414577364 0.00067394777594817381 -0.0011474022543131004 0.0017889251130289105 -0.00051198952731192949
leaf_weight=2107 40 518 48 45 1715 79 1966 11164 5698 307 69 80 428 140 735 41 61 212 1684 45 51 67 318 502 43 525 290 58 55 550
leaf_count=2107 40 518 48 45 1715 79 1966 11164 5698 307 69 80 428 140 735 41 61 212 1684 45 51 67 318 502 43 525 290 58 55 550
internal_value=0.000148877 5.67637e-05 0.00151323 0.000518519 0.000858063 -6.03565e-05 0.000937806 2.11105e-05 0.000335053 0.000403055 -0.000716679 -0.000361196 -0.000119677 -0.00100501 -0.00148425 -0.00538525 -0.00438235 -0.000170768 0.000471924 -0.000289181 -0.00164752 -0.00658407 -0.00103607 -0.00223116 -0.00156593 -0.00106911 -0.000174039 -0.00146855 -0.00102121 -0.00215347
internal_weight=29641 23729 566 5912 3726 2186 3681 23163 7171 7070 1372 1303 15992 996 856 121 101 15564 2421 13143 1026 112 914 596 545 737 12117 953 895 605
internal_count=29641 23729 566 5912 3726 2186 3681 23163 7171 7070 1372 1303 15992 996 856 121 101 15564 2421 13143 1026 112 914 596 545 737 12117 953 895 605
is_linear=0
shrinkage=0.03


Tree=188
num_leaves=31
num_cat=0
split_feature=12 1 4 5 2 4 0 7 5 5 11 4 10 13 16 3 11 1 0 3 13 4 0 11 7 12 3 4 1 4
split_gain=1.40697 1.19119 1.15175 0.781083 1.14724 1.99556 1.12508 0.94717 0.89379 1.44587 1.51326 1.27495 1.79761 0.781552 1.44544 1.84023 4.45315 2.4173 3.44115 2.25472 2.07246 1.67612 1.45248 2.26721 1.90628 1.44618 1.45928 1.4608 1.36482 1.68471
threshold=-0.074140201162894645 0.40796512779869237 12866.871813549369 0.71409108602569116 4.4519341512431039 1662.2848815406999 1.0620983671591355 0.13429112161815146 0.91751288659793817 0.98870020429009198 10.622692266228841 1797.2788486865845 0.80456851672874519 0.049461179767113304 0.17066777912745421 0.13717887441269402 10.140198646877232 0.21312455175711212 0.99838914646281995 0.14522331096540561 0.1030682471335794 3980.2089535742903 1.4540417260962759 9.1758006843620397 0.14715290164045416 0.18814694222355491 0.28773379227399071 2121.5961720010428 0.40161290322580651 1377.0141725848523
decision_type=2 10 8 8 8 10 10 10 10 10 2 10 10 2 10 2 2 8 8 2 2 10 10 2 10 2 2 10 8 10
left_child=-1 3 -3 -2 5 6 -5 -7 13 -10 -11 -12 -13 -6 15 -15 17 19 -19 20 -17 25 -21 -24 -25 -18 27 -27 29 -20
right_child=1 2 -4 4 8 7 -8 -9 9 10 11 12 -14 14 -16 16 21 18 28 22 -22 -23 23 24 -26 26 -28 -29 -30 -31
leaf_value=0.0011160161390916803 0.00018434557650985278 0.0003746034385662103 -0.00021316368530202681 -3.9999882321118566e-05 4.8453116079765929e-05 0.00078665914509859307 -0.0014500796297624078 -0.0004240714304146728 0.00070269269052497107 0.0002947671440213809 0.00071215633567995153 -0.00065501708676875866 -8.0120052983086287e-05 4.0559550195240442e-06 5.1981836805942609e-05 -0.0003864858390957498 0.00010485824979057187 -0.0017127685882530243 0.00015007097973431156 -0.00018665605521999302 -0.0019685767765015481 -0.00053512727062228331 9.3657888540697401e-05 -0.00046752133878833981 -0.0013792831131358844 -0.0018356042429513316 0.0018013495802120581 4.071808312044267e-06 -0.0028862018878102716 -0.0010844987069375664
leaf_weight=928 743 605 50 42 17545 61 45 40 382 125 41 44 43 2859 3391 54 1158 43 78 677 59 62 80 41 49 60 41 40 47 54
leaf_count=928 743 605 50 42 17545 61 45 40 382 125 41 44 43 2859 3391 54 1158 43 78 677 59 62 80 41 49 60 41 40 47 54
internal_value=0.000168577 0.000131198 0.00139482 0.000101487 7.52155e-05 -0.00225397 -0.00555682 0.000617647 9.15327e-05 0.00120283 -0.000555118 -0.00283721 -0.004875 6.4695e-05 -0.000166136 -0.000470849 -0.00105778 -0.00240406 -0.00521973 -0.00174818 -0.00571053 0.000112335 -0.00121344 -0.00368421 -0.00692308 0.000343846 -0.00251408 -0.00445545 -0.00335 -0.0017594
internal_weight=29487 28559 655 27904 27161 188 87 101 26973 635 253 128 87 26338 8793 5402 2543 1182 222 960 113 1361 847 170 90 1299 141 100 179 132
internal_count=29487 28559 655 27904 27161 188 87 101 26973 635 253 128 87 26338 8793 5402 2543 1182 222 960 113 1361 847 170 90 1299 141 100 179 132
is_linear=0
shrinkage=0.03


Tree=189
num_leaves=31
num_cat=0
split_feature=12 9 3 4 11 9 3 8 12 9 16 0 11 14 9 11 11 11 14 14 11 11 3 11 1 1 11 9 0 16
split_gain=1.24185 1.1835 2.69101 3.50733 1.75982 1.38333 1.83923 1.7629 2.01464 2.53793 2.23774 2.15697 1.92662 2.22952 3.24386 1.70993 1.62356 1.90237 1.59223 3.7298 2.12622 3.98002 1.92953 1.92524 1.5599 3.65873 2.34565 3.95209 2.23504 2.13094
threshold=0.045633444912948747 0.14562432612480156 0.045215302802173903 1227.5251619527241 10.73775444887278 0.046109105025071422 0.52235899429792387 13.70259706467983 0.36593090772450171 0.053382288406882729 0.52280323611076884 5.1949234402690676 10.00559277445417 0.66206747793733689 0.082584343007875261 9.363747914926563 11.063045979925278 11.987359769437733 0.18174998340314583 0.15623046274527189 9.1758006843620397 9.7412920996935188 0.44051853728247609 9.5285758868882926 0.16428133306072382 0.17108013937282232 10.669362283155836 0.05537522069647479 1.3959626246269183 0.055850480145661831
decision_type=2 10 2 8 2 8 2 8 2 10 8 8 2 2 10 2 2 2 2 2 2 2 2 2 8 8 2 10 10 10
left_child=-1 5 3 -3 -4 6 -2 8 12 15 11 -11 18 16 -15 -10 24 -18 19 22 -21 -22 -7 -24 26 -26 -14 28 -28 -29
right_child=1 2 4 -5 -6 7 -8 -9 9 10 -12 -13 13 14 -16 -17 17 -19 -20 20 21 -23 23 -25 25 -27 27 29 -30 -31
leaf_value=0.00020490582396347985 6.7272342425517604e-05 -0.0014251239450727795 3.576155915929032e-05 -8.3570876941612027e-06 0.00031435090463678489 0.00010374912680414723 -0.00311084815700911 0.00011152126768999101 -0.004101535430759435 -0.0013408118525854995 0.00061396140063539584 0.00052121416067638158 -1.9051049021303822e-05 0.00089528819996494624 -0.0032735769428176632 -0.00059654693609620293 0.0003826457961282081 -0.00057556521373657639 0.00017463578533045374 -0.00018521227714525388 -0.0025310900356535241 0.00021618964338026707 -0.00032740518502820263 -0.0010293037475037671 -0.0011296431524384649 -0.00021229206527340213 -0.0014443184827304507 0.00029753824964257703 -0.00089682273706543714 -0.00077969634196054004
leaf_weight=4429 10119 40 2710 89 1158 1181 65 2451 51 228 157 116 2034 46 82 41 460 51 2455 139 67 42 57 47 40 551 45 175 40 372
leaf_count=4429 10119 40 2710 89 1158 1181 65 2451 51 228 157 116 2034 46 82 41 460 51 2455 139 67 42 57 47 40 551 45 175 40 372
internal_value=0.000138935 5.72283e-05 0.000530515 -0.00371538 0.000673042 -3.2397e-05 0.000219146 -0.000266813 -0.000471691 -0.00215657 -0.00130876 -0.00266087 -0.000344705 -0.000819091 -0.00469767 -0.00670968 -0.000686124 0.000884766 0.000118827 -0.000639504 -0.004 -0.00711818 1.16642e-05 -0.00388571 -0.000932781 -0.00232601 -0.000623172 -0.00221801 -0.00819767 -0.00127555
internal_weight=29538 25109 3997 129 3868 21112 10184 10928 8477 593 501 344 7884 3896 128 92 3768 511 3988 1533 248 109 1285 104 3257 591 2666 632 85 547
internal_count=29538 25109 3997 129 3868 21112 10184 10928 8477 593 501 344 7884 3896 128 92 3768 511 3988 1533 248 109 1285 104 3257 591 2666 632 85 547
is_linear=0
shrinkage=0.03


Tree=190
num_leaves=31
num_cat=0
split_feature=0 1 11 1 15 3 8 12 3 0 0 8 11 16 16 15 15 11 3 0 7 3 11 11 13 11 11 3 0 13
split_gain=1.08804 1.15476 1.1973 1.14911 1.297 1.13852 0.883659 0.877979 2.12542 2.11828 2.06853 1.76959 2.51691 2.5607 1.72554 2.12335 1.13299 1.27939 0.990879 1.78858 1.07648 2.55156 0.868155 2.08413 0.788032 0.815833 0.972662 1.12197 0.988463 0.763907
threshold=0.92477080413916257 0.37284167398302609 8.7990583671648093 0.40796512779869237 1.4978661367769956 0.1290646556552888 1641.9537064514795 0.43280784471886152 0.094894652769721657 46.498798076923087 2.2986563951781323 2.2026915547533941 9.4066059236379669 0.28377079566185931 0.54780898189259009 2.602003343538398 1.7005986908310777 9.8250394047446452 0.14429102208838743 95.446153846153848 0.4577175889461092 0.28447862667358442 9.7412920996935188 9.490355628652944 0.055464702308626983 7.9983353394977543 9.8352890079866793 0.23007044511974437 2.8373453354441951 0.2388122386728195
decision_type=8 8 2 10 10 2 10 2 2 10 8 10 2 8 8 8 8 2 2 8 10 2 2 2 2 2 2 2 8 2
left_child=1 22 -3 6 5 -5 7 9 11 29 14 -9 13 -13 15 -10 17 -12 19 -18 24 -22 23 -1 25 -20 27 -27 -29 -2
right_child=3 2 -4 4 -6 -7 -8 8 10 -11 16 12 -14 -15 -16 -17 18 -19 20 -21 21 -23 -24 -25 -26 26 -28 28 -30 -31
leaf_value=0.0007068040679660757 2.5684391472076825e-05 0.0016293451307374121 -0.0009196284464204281 0.00051744153312841511 0.00037552073626163928 -0.00021695177712872682 0.00049526342480440825 0.0012433184593547732 -0.0036258055308168234 0.0012029863696175478 0.00099013146374785956 -0.0010987164622766879 -1.5565826440813791e-05 -0.00092364562918877981 6.7469984740866433e-05 0.00046226538534751557 3.0159272282819966e-06 -0.00050222919215265401 0.0011843566116415247 -0.00049403995621775888 0.0011233708904901467 -0.0046299909134911365 0.0017248651532668165 -0.00079968224415220206 -0.00030627196674520244 -0.0012877348297575802 0.00061039772924664066 -0.0012388983901199097 0.00037234272106713521 -0.00014579254899716913
leaf_weight=572 25460 73 52 44 551 48 117 62 82 350 380 63 85 68 105 44 100 43 215 55 53 47 286 54 50 76 167 55 113 127
leaf_count=572 25460 73 52 44 551 48 117 62 82 350 380 63 85 68 105 44 100 43 215 55 53 47 286 54 50 76 167 55 113 127
internal_value=0.00019329 0.0011474 -0.00154762 0.000158608 0.00141149 -0.00187097 0.000129701 0.000118701 -0.000510193 0.000163891 -8.51197e-05 -0.00292473 -0.00420276 -0.00679545 -0.00270259 -0.00505512 0.0003631 0.00164858 -0.000222103 -0.00240385 0.000216216 -0.00267327 0.00151807 0.000889952 0.000646972 0.000937799 0.000152913 -0.00105306 0.000319527 0.000132132
internal_weight=29597 1037 125 28560 643 92 27917 27800 1863 25937 1585 278 216 131 231 126 1354 423 931 155 776 100 912 626 676 626 411 244 168 25587
internal_count=29597 1037 125 28560 643 92 27917 27800 1863 25937 1585 278 216 131 231 126 1354 423 931 155 776 100 912 626 676 626 411 244 168 25587
is_linear=0
shrinkage=0.03


Tree=191
num_leaves=31
num_cat=0
split_feature=12 1 1 14 8 3 11 14 1 9 12 15 0 14 3 0 11 9 6 11 3 7 7 7 8 17 14 11 8 7
split_gain=1.36896 1.3727 1.3558 1.03645 0.837028 1.37682 2.52329 2.35492 3.78273 2.05517 2.29869 1.863 1.30172 1.43394 1.77165 1.09711 1.25249 1.04385 2.06875 1.04177 1.26551 2.65739 1.00317 0.983316 0.960187 1.21456 1.20246 1.03021 0.951972 1.59325
threshold=-0.040495021209479447 0.37284167398302609 0.40796512779869237 0.7382866508467425 1.1216701199597086 0.28773379227399071 10.140198646877232 0.051081968121981729 0.0304889384643986 0.17282509774396831 0.079413960988385504 4.2972622671762819 1.0728874742862167 0.3016847105438733 0.12335031907541978 1.0728874742862167 5.4701654074033046 0.26878145870449616 0.96984019645573361 10.750706838178237 0.14333723866006692 0.049126966589761963 0.043241137431346922 0.056426549631133728 1.2844834899735049 0.95497662265565875 0.60099052275563392 9.5719929047019647 21.847382623054596 0.29051099572356998
decision_type=2 10 10 2 8 2 2 2 10 10 2 10 10 2 2 10 2 8 2 2 2 10 10 10 10 10 2 2 10 10
left_child=1 3 4 -1 5 6 7 8 -2 12 22 19 13 -9 23 17 -17 24 -19 20 21 -8 -11 -15 25 26 -6 -28 -26 -30
right_child=2 -3 -4 -5 15 -7 11 9 -10 10 -12 -13 -14 14 -16 16 -18 18 -20 -21 -22 -23 -24 -25 28 -27 27 -29 29 -31
leaf_value=0.00093429689150318859 9.3362170500416684e-06 -0.0004183999313224017 0.00028492852320353361 -0.00082874010685547131 0.00090502656549302509 0.00011027803296843011 -0.00043933004248441278 7.1018126287667528e-05 -0.0017156144254489619 8.3735921486434206e-05 -0.0017478991409903501 -0.00080990386707608362 0.0002824681057890614 -0.001896664807486741 0.00011565326074051312 -0.004244200082932496 1.91048973198318e-05 0.0010115224163163273 -0.0020923814374332111 0.0011987836871577638 0.00013276171540174616 3.9928070628794948e-05 -0.000674462268518361 -0.002004553484807711 -4.5619229167423304e-05 -0.00071627434143972158 0.00044005689683083993 -0.00025722810345406815 0.00094492754766924104 -5.9797828284094222e-05
leaf_weight=1267 47 70 642 43 840 1307 49 121 54 74 55 40 250 43 42 75 22136 71 49 163 286 116 41 47 889 42 57 63 394 250
leaf_count=1267 47 70 642 43 840 1307 49 121 54 74 55 40 250 43 42 75 22136 71 49 163 286 116 41 47 889 42 57 63 394 250
internal_value=0.000185627 0.00110789 0.000140526 0.00132723 0.000108797 -0.000389254 -0.00103289 -0.00219097 -0.00644118 -0.00154451 -0.00438596 0.000338931 -0.000577381 -0.00209055 -0.0042406 0.00016359 9.46787e-05 0.000739834 -0.00198347 0.00075122 6.63728e-06 -0.00207831 -0.00193966 -0.00659341 0.00086948 0.00159123 0.00181061 -0.000991735 0.000397001 0.00127442
internal_weight=29623 1380 28243 1310 27601 2735 1428 774 101 673 170 654 503 253 132 24866 22211 2655 120 614 451 165 115 90 2535 1002 960 120 1533 644
internal_count=29623 1380 28243 1310 27601 2735 1428 774 101 673 170 654 503 253 132 24866 22211 2655 120 614 451 165 115 90 2535 1002 960 120 1533 644
is_linear=0
shrinkage=0.03


Tree=192
num_leaves=31
num_cat=0
split_feature=5 14 14 5 14 2 16 17 15 2 4 10 17 3 4 11 1 6 3 1 13 16 17 17 4 0 16 16 1 16
split_gain=1.16336 1.7614 1.27035 1.64868 3.35427 1.02618 1.75198 2.4873 1.33074 1.57626 1.34299 1.09392 1.13323 1.49668 1.14296 1.11368 1.854 1.14008 1.01026 1.82921 1.4812 3.19665 1.44715 1.98528 1.37482 1.61693 1.57941 1.67509 1.17853 0.977549
threshold=0.99614229648569907 0.056909114681247798 0.46922117293072813 0.88291646624979958 0.50267161439108621 6.5923385966179957 0.063584020228959467 0.18025624176578844 3.6505739029280164 6.5930415193227185 2705.3957473694804 0.50342019266596727 -0.14089229107405146 0.11109601412994478 1545.130001059418 11.020218035545364 0.025158227848101292 3.8845208215154394 0.15554046840363267 0.043863024240092315 0.0025549169542128931 0.22653650473347378 0.14736782138036478 0.29966119618123527 1145.9285086419443 1.490903957754534 0.031522870368410796 -0.013608416113083039 0.091431556948798356 -0.094806254499064102
decision_type=8 2 2 10 2 8 10 10 10 10 10 10 8 2 10 2 10 2 2 10 2 8 10 10 10 10 10 10 10 8
left_child=1 -1 -3 4 -4 6 7 -2 11 10 18 12 13 -7 -15 17 -17 29 24 20 21 -20 -22 -24 25 26 27 -10 -28 -14
right_child=5 2 3 -5 -6 8 -8 -9 9 -11 -12 -13 15 14 -16 16 -18 -19 19 -21 22 -23 23 -25 -26 -27 28 -29 -30 -31
leaf_value=-0.00046166043765583987 -0.00055634802572849867 0.00039235627200191021 -0.00080345549969118167 0.00061357330051418403 -5.4370617453403823e-06 -0.0009982182112846722 1.7888971962800508e-06 -2.7076194369274446e-05 0.00044160072230090415 -0.00016413458982796763 -0.0025597689093392116 -1.3169966031961499e-06 -0.00083437646280648222 0.00050678847727176918 -0.0019405163097097871 0.0008623238387340306 -0.00086060058706582574 -0.0012340584872398384 -0.0018038057130509097 0.00055693918416338604 0.00048321389551135054 0.00024900904705590292 -0.0010820075785908318 -2.5104422037537617e-05 0.00043763823736258343 0.00043562142746581369 -0.00038287280219577848 -0.0005205903390148337 0.0003693866100297275 0.00019084445263696216
leaf_weight=78 42 1329 47 245 240 232 182 51 41 41 46 19064 112 248 64 45 66 67 49 617 116 42 47 171 763 201 47 66 121 5096
leaf_count=78 42 1329 47 245 240 232 182 51 41 41 46 19064 112 248 64 45 66 67 49 617 116 42 47 171 763 201 47 66 121 5096
internal_value=0.000185212 0.000895361 0.0010811 -0.000157598 -0.00169792 0.000135357 -0.00168478 -0.00501064 0.000153711 0.000833263 0.000936856 8.9298e-05 0.000445119 -0.000858715 0.000498403 0.000576945 -0.00238393 0.000639689 0.00103988 0.000350911 -0.00116197 -0.00453261 -0.000232836 -0.00167123 0.00161855 0.000352201 -0.0011413 -0.00397222 0.000674556 0.00068996
internal_weight=29576 1939 1861 532 287 27637 275 93 27362 2368 2327 24994 5930 544 312 5386 111 5275 2281 1042 425 91 334 218 1239 476 275 107 168 5208
internal_count=29576 1939 1861 532 287 27637 275 93 27362 2368 2327 24994 5930 544 312 5386 111 5275 2281 1042 425 91 334 218 1239 476 275 107 168 5208
is_linear=0
shrinkage=0.03


Tree=193
num_leaves=31
num_cat=0
split_feature=12 15 4 4 4 5 2 11 19 0 11 9 2 11 16 0 16 11 11 0 16 4 11 13 11 0 7 1 13 0
split_gain=1.31425 1.47858 1.63258 3.07886 1.11955 0.995896 1.52924 2.23008 0.924955 1.63847 1.55617 1.52956 2.47616 1.49942 2.34828 2.4618 1.81605 1.73825 1.5533 1.95343 1.49026 3.01895 1.34335 1.31286 1.70521 1.48261 1.29912 1.55911 1.70433 1.29235
threshold=-0.047463729120817082 3.0201273556387074 1299.8445179974144 1987.7811578878686 27.882121526675217 0.63724653808110798 3.9240045833320587 10.634087054834493 8.5000000000000018 1.5842906634386951 7.4175802220539717 0.054235805098685426 6.480566028340383 8.9137520877912468 0.44080767994251396 2.9971553854031452 0.4014064535269376 9.0112184746423747 10.821406956953568 2.23242025849411 0.19069833348797424 10054.386035047779 8.6416207658928261 0.11600991714038413 7.9228047664642416 1.0315663436658984 0.13429112161815146 0.055795019157088128 0.11172535550036265 95.446153846153848
decision_type=2 10 10 10 8 8 8 2 2 10 2 8 8 2 8 10 8 2 2 10 10 10 2 2 2 8 8 8 2 10
left_child=1 2 -1 -4 -2 -6 7 -7 9 11 -11 12 -8 14 29 -16 20 -18 -19 -20 -15 26 -17 24 25 -14 27 28 -22 -12
right_child=4 -3 3 -5 5 6 8 -9 -10 10 13 -13 23 16 15 22 17 18 19 -21 21 -23 -24 -25 -26 -27 -28 -29 -30 -31
leaf_value=0.00052252995138439746 -0.0064437063662659694 0.0017241481261911615 -0.00089069176157462269 0.0019770967154730591 0.00025645698813777046 -0.00090304959224185469 -0.00012130678115817038 0.00011013651527962308 -2.4840758956991843e-05 0.0010357081523544344 -0.00025251032313785497 3.8369140711319486e-05 -0.00102369434506156 2.5402338292146224e-05 -0.0027716809767306173 0.00041122258173158574 -0.0010858064858622425 0.00060665371341313713 0.00025865676713272655 -0.0065512265658767511 0.0007126396292218099 -0.001328636956751865 -0.0014896106470416684 -6.0958076454789238e-05 0.00050796950219843967 9.4202180440754722e-05 -0.00010042683950402414 -0.0013061813438254776 -0.00046578371695328244 0.0014093258003803496
leaf_weight=841 48 335 64 55 663 43 47 63 9195 255 631 7801 71 2555 173 105 41 988 46 40 60 59 40 555 2450 596 1693 46 44 93
leaf_count=841 48 335 64 55 663 43 47 63 9195 255 631 7801 71 2555 173 105 41 988 46 40 60 59 40 555 2450 596 1693 46 44 93
internal_value=0.000165269 0.00109954 0.00049948 -0.002775 0.000122632 0.000130458 0.000102922 -0.00347664 0.000116803 0.000239641 -0.000127074 0.000458294 0.000958871 -0.000215873 -0.00125983 -0.00340439 -2.04557e-05 0.00106183 0.00129488 -0.00255172 -0.000291386 -0.000926957 -0.000513699 0.0010471 0.0012864 -5.83831e-05 -0.000710954 -0.00337748 -0.00131429 -0.000314483
internal_weight=29696 1295 960 119 28401 28353 27690 106 27584 18389 6869 11520 3719 6614 1042 318 5572 1115 1074 86 4457 1902 145 3672 3117 667 1843 150 104 724
internal_count=29696 1295 960 119 28401 28353 27690 106 27584 18389 6869 11520 3719 6614 1042 318 5572 1115 1074 86 4457 1902 145 3672 3117 667 1843 150 104 724
is_linear=0
shrinkage=0.03


Tree=194
num_leaves=31
num_cat=0
split_feature=6 14 14 17 1 8 7 9 13 13 8 1 15 14 14 17 12 3 4 16 16 14 8 4 7 17 17 14 9 13
split_gain=0.837953 1.70297 2.63315 1.9462 2.78428 1.72484 1.67943 1.24429 1.13418 1.30491 1.28851 1.18675 1.67146 1.38952 1.23804 1.46762 1.18157 1.09069 1.01156 1.14073 1.87244 0.880546 2.5199 2.37281 2.46855 1.98792 1.93122 1.85716 2.24194 4.29978
threshold=2.4998757446093158 0.15801693441696354 0.12906653955158634 0.39731384246912455 0.10063291139240506 115.66940824197134 0.18811040713859978 0.014004052855108985 0.052243871788437375 0.062295334711402105 2.2026915547533941 0.07561463693539168 3.2384861814448418 0.21768335968322064 0.3016847105438733 0.31309396727685318 0.2119998734787201 0.20843525790064596 1270.6282851419626 0.1209215125841246 0.063584020228959467 0.45439949663792606 1.8437210537352271 1401.4897897539693 0.19145761132356506 2.5113171736250868 0.019267876422317396 0.50267161439108621 0.21532072087511914 0.065808832792582941
decision_type=2 2 2 10 8 8 10 8 2 2 10 10 8 2 2 10 2 2 10 8 10 2 8 10 10 10 10 2 10 2
left_child=21 2 5 -4 6 7 -5 -2 16 10 -10 12 14 -14 -11 -16 -3 -15 -18 20 -20 -1 23 -23 26 -24 27 -25 29 -29
right_child=1 8 3 4 -6 -7 -8 -9 9 11 -12 -13 13 17 15 -17 18 -19 19 -21 -22 22 25 24 -26 -27 -28 28 -30 -31
leaf_value=7.4788059913851119e-05 0.00051660009001993235 0.00089895225446972422 -0.00018848068348768047 0.00089152567658135659 -0.0028653536570030749 -0.0029477984117088547 -0.0016398330709476775 -0.00014967685187930661 -6.4409285547849322e-05 0.00090801748802809461 -0.0013579592190385843 0.00037111328758029699 -0.0013260180700951534 0.00015468321056707945 0.0012089370102028884 -0.0018647716882944777 0.00026096185402445888 -0.0012128723917276931 0.00029541417624852497 4.2568939570166923e-06 -0.0013029766816332721 2.2816221151971176e-05 0.00022114817154346805 0.00026304388336788987 -0.0007816994420345863 -0.0012115439949248268 -4.497749958502765e-05 -0.00010217414531849095 6.998528961822685e-05 -0.0011649739435073956
leaf_weight=20237 194 445 107 46 42 72 74 663 42 157 40 276 71 86 41 63 515 43 66 479 59 2050 1757 106 208 47 1364 133 81 91
leaf_count=20237 194 445 107 46 42 72 74 663 42 157 40 276 71 86 41 63 515 43 66 479 59 2050 1757 106 208 47 1364 133 81 91
internal_value=0.000171466 -0.000258794 -0.00118098 -0.00378889 -0.00585276 -0.000422581 -0.00347107 -4.54544e-05 0.000205118 -0.00069878 -0.00426506 -0.000296748 -0.00122727 -0.00328358 0.000354962 -0.00217143 0.000678594 -0.00140769 0.000158036 -0.00067438 -0.00321429 0.000230566 -9.40389e-05 -0.000510907 -0.0012505 0.000837673 -0.000886824 -0.00268689 -0.00387255 -0.00541333
internal_weight=29655 3581 1198 269 162 929 120 857 2383 819 82 737 461 200 261 104 1564 129 1119 604 125 26074 5837 4033 1983 1804 1775 411 305 224
internal_count=29655 3581 1198 269 162 929 120 857 2383 819 82 737 461 200 261 104 1564 129 1119 604 125 26074 5837 4033 1983 1804 1775 411 305 224
is_linear=0
shrinkage=0.03


Tree=195
num_leaves=31
num_cat=0
split_feature=5 14 12 1 13 13 3 14 11 11 10 9 1 3 15 7 13 12 3 8 15 8 5 11 11 15 8 3 7 9
split_gain=1.4139 1.21199 1.16037 1.0719 1.51482 1.0562 1.03268 2.69887 1.00966 1.50561 0.778707 1.80493 1.52422 1.76531 1.58909 2.43452 1.50551 2.43095 1.48992 1.41828 1.69909 1.28312 1.25388 1.10983 1.38378 3.96418 1.36971 2.48732 1.62265 1.60045
threshold=0.58908730158730171 0.4637785508060806 -0.074140201162894645 0.37284167398302609 0.04355416272978805 0.041319430960577268 0.059428739542427687 0.25848541304703304 7.6355453738275001 7.4175802220539717 0.50342019266596727 0.022091451902066083 0.091431556948798356 0.23944545790538377 2.4414009612931857 0.28129947316699727 0.051707250420616295 0.30495814701201823 0.40738089174461739 1.0507684358905287 2.740319461670996 1.0974496274277474 0.99614229648569907 10.917676020672403 10.87803775741498 2.740319461670996 1.1448936087284924 0.28773379227399071 0.072121860836602505 0.12506979891835779
decision_type=8 2 2 8 2 2 2 2 2 2 10 10 8 2 10 10 2 2 2 10 8 8 10 2 2 10 8 2 10 10
left_child=1 -1 3 6 -5 -3 7 -2 9 -8 11 12 13 -4 15 -15 -13 19 -16 20 -18 -14 -21 24 26 -26 27 29 -28 -12
right_child=2 5 10 4 -6 -7 8 -9 -10 -11 23 16 21 14 18 -17 17 -19 -20 22 -22 -23 -24 -25 25 -27 28 -29 -30 -31
leaf_value=0.0006407741858018498 -0.0016019965283259514 -0.00057619990005116988 -9.2877928220583579e-05 0.0053308310470268462 -0.0012615334521520031 0.00018592170857496275 0.0016937968362486049 0.0013937863846551783 0.0018899077812146012 -0.0011992595887219632 -0.00015467564639283263 0.00037811576798994984 -0.00112113237806202 0.0020198472136609305 -0.0015864307121838405 -0.0096156131603468125 -0.0010488718209973756 -0.00086657718667725752 -0.00092455530013235709 8.9028759128730392e-05 1.1526118811502491e-05 0.00065229453591358032 -0.00048200943640470072 0.00010478957554779091 -0.0014598464672456054 -7.4220295893704386e-05 0.00058285382962772235 0.00016491822772664614 -4.2689121417080888e-06 -0.00059754377171404712
leaf_weight=409 40 71 1139 43 76 111 157 77 512 41 792 2664 53 78 86 41 80 41 64 2104 122 352 49 2217 44 189 392 988 16023 472
leaf_count=409 40 71 1139 43 76 111 157 77 512 41 792 2664 53 78 86 41 80 41 64 2104 122 352 49 2217 44 189 392 988 16023 472
internal_value=0.000124661 0.00157601 9.4965e-05 0.00112777 -0.001525 -0.000459016 0.00151087 -0.00109322 0.00194093 0.000120603 6.00194e-05 0.000337358 -0.000474642 -0.000941093 -0.00312222 -0.000525 0.000628334 8.26034e-05 -0.00516556 0.000210102 -0.00218719 0.00114532 0.000435933 -3.02584e-05 -0.000104756 -0.00239744 -7.60123e-05 -0.00076964 1.91887e-05 -0.00165059
internal_weight=29527 591 28936 946 119 182 827 117 710 198 27990 6873 1813 1408 269 119 5060 2396 150 2355 202 405 2153 21117 18900 233 18667 2252 16415 1264
internal_count=29527 591 28936 946 119 182 827 117 710 198 27990 6873 1813 1408 269 119 5060 2396 150 2355 202 405 2153 21117 18900 233 18667 2252 16415 1264
is_linear=0
shrinkage=0.03


Tree=196
num_leaves=31
num_cat=0
split_feature=20 8 1 3 9 11 11 16 20 3 11 11 8 6 4 11 9 4 3 11 15 16 15 11 0 4 15 11 10 6
split_gain=1.39732 1.01921 1.46628 1.37175 2.17 1.58894 2.14216 2.42842 4.02867 1.61467 1.49108 1.40006 1.28185 1.21592 1.05728 1.02541 0.994729 1.77895 0.89505 3.1276 0.917824 0.867232 2.16097 2.45027 2.29083 1.90894 3.38979 1.57503 2.2171 1.40616
threshold=-0.074140201162894645 1.1068051476133018 0.38516483516483518 0.29158219452220374 0.080302413646144669 10.159698305869727 9.8153391653866766 0.0050441549080128276 0.052591008347667952 0.14429102208838743 9.3929952030903507 9.1230926019235969 1.0888224942899691 2.7140187635968096 1064.8189099986405 10.00559277445417 1.0000000180025095e-35 137.5701232449035 0.059428739542427687 8.7990583671648093 1.8688348091416842 -0.010728363144549086 3.2769667020129059 8.6122305695406123 4.3260389723734116 677.17251741996438 2.602003343538398 9.623277489997216 1.7249719676579762 0.79215337936217167
decision_type=2 8 10 2 10 2 2 10 2 2 2 2 10 2 10 2 8 10 2 2 10 8 8 2 10 10 10 2 10 2
left_child=18 3 21 4 -2 6 10 -8 -9 12 11 -6 -7 -4 -13 -10 17 -5 19 -1 -20 22 23 -3 25 26 -25 -27 29 -29
right_child=1 2 13 16 5 9 7 8 15 -11 -12 14 -14 -15 -16 -17 -18 -19 20 -21 -22 -23 -24 24 -26 27 -28 28 -30 -31
leaf_value=0.0016201270341293886 0.00014803684179062577 0.00056398425773958533 0.00035796760318206397 -0.0048132635286869561 -0.00012528612056599822 -0.00049024118105006999 5.8257016788623553e-05 -0.0017404272340061449 -0.0010031685399482721 8.9592206578342545e-05 0.00034417680037311963 -0.00012251118214926321 2.0944993508979741e-05 -0.00025596492424544848 -0.0014816900211780722 3.1053896566965088e-05 0.00013185117989556749 0.00020588559470521237 3.9175599655193184e-06 -0.0015396841597321727 0.0014515978087961407 3.4828463653132089e-05 0.00022463415798491229 -0.0020793803478509412 -0.0029458966494529939 0.00024171444641491588 -0.00012260075637086703 -0.00054714360615492816 0.0005587491350287964 -0.0010390632126481088
leaf_weight=95 514 233 638 49 102 65 47 65 40 235 115 42 59 42 40 48 1265 52 205 41 603 23496 534 48 40 241 65 332 147 139
leaf_count=95 514 233 638 49 102 65 47 65 40 235 115 42 59 42 40 48 1265 52 205 41 603 23496 534 48 40 241 65 332 147 139
internal_value=0.00014748 0.000110093 0.000168169 -0.000440307 -0.00110998 -0.0020326 -0.003126 -0.00552239 -0.00734416 -0.000508333 -0.00151 -0.00317838 -0.003264 0.00154185 -0.00607229 -0.00310112 0.000232626 -0.00261765 0.00128254 -0.000963504 0.00166131 0.000131152 -0.000507303 -0.00119181 -0.00183021 -0.00153546 -0.00518421 -0.00105 -0.00185137 -0.00285381
internal_weight=29637 28693 25955 2738 1372 858 499 200 153 359 299 184 124 680 82 88 1366 101 944 136 808 25275 1779 1245 1012 972 113 859 618 471
internal_count=29637 28693 25955 2738 1372 858 499 200 153 359 299 184 124 680 82 88 1366 101 944 136 808 25275 1779 1245 1012 972 113 859 618 471
is_linear=0
shrinkage=0.03


Tree=197
num_leaves=31
num_cat=0
split_feature=1 12 4 8 11 5 2 17 15 17 0 16 11 11 15 8 15 12 4 6 12 12 15 16 13 17 1 17 4 1
split_gain=1.09167 1.13038 1.40376 1.00108 1.67665 0.981408 1.41945 3.3445 1.01499 2.25616 1.85845 2.84933 1.84566 1.02784 2.87347 1.83972 2.61912 5.23927 2.16469 2.21476 2.01215 1.43382 1.60756 1.58924 1.40571 1.54912 1.2567 1.71368 3.20815 1.44724
threshold=0.40796512779869237 -0.13307694571611647 27.882121526675217 1.1216701199597086 10.06772999233011 0.67416582406471204 3.9567861552827805 0.34045703007647371 1.2424533248940004 0.64592478369319617 1.5311531278433128 0.33812496402684161 8.6945859514668218 7.9228047664642416 2.602003343538398 122.01548756312398 1.4978661367769956 0.40335278455539397 294.29994581180614 0.089619849423873077 0.28528884171503238 0.57831614195639125 1.8688348091416842 0.64991217718672012 0.033696077640488049 0.91741527588116323 0.098199935711989719 -0.025676354427443298 2949.7140232562383 0.17108013937282232
decision_type=10 2 8 8 2 8 8 10 8 10 10 10 2 2 10 10 8 2 10 2 2 2 8 8 2 10 8 10 10 10
left_child=1 -1 -3 4 -2 -4 7 -7 9 -8 -11 12 -12 14 15 16 17 -10 -18 -20 24 23 -23 26 25 -21 -15 28 29 -28
right_child=3 2 5 -5 -6 6 8 -9 13 10 11 -13 -14 21 -16 -17 18 -19 19 20 -22 22 -24 -25 -26 -27 27 -29 -30 -31
leaf_value=0.0017612599583279843 0.00022430885664436392 -0.0062674445300994154 0.0002134018413663569 0.00039922772494283085 -0.00064990967603133817 -0.001182477385085164 0.00075575727459666205 0.00021314713180340932 -0.0078829782486053834 0.0013468399983565897 -0.0029091422122666912 -0.0016562988816550145 0.00014424667197463487 5.9057622578155168e-05 -0.00094742634812912591 0.001434094114523542 2.9603770677147622e-05 0.0010765987561093904 8.7292408755145444e-05 -0.0013462712633374708 4.5876757102645794e-05 0.00039607475154815276 -0.0032124716708189283 0.00040968925415430662 -0.00022951416221413172 -0.00052616268259957229 -0.00040834244456526808 -7.3959811551971007e-06 -0.0018149222657719867 3.2741110536511697e-05
leaf_weight=439 61 54 705 546 64 45 798 57 80 172 40 112 207 14513 46 207 1432 61 84 55 72 43 120 1106 69 40 619 6966 72 667
leaf_count=439 61 54 705 546 64 45 798 57 80 172 40 112 207 14513 46 207 1432 61 84 55 72 43 120 1106 69 40 619 6966 72 667
internal_value=0.000148411 0.000120594 9.72472e-05 0.00134375 -0.00107143 0.00010652 7.83486e-05 -0.00343689 9.14728e-05 0.0009 -0.000614662 -0.00184167 -3.62902e-05 5.05086e-05 -0.000578481 -0.000414088 -0.000708025 -0.00462676 -0.000390188 -0.00261682 -0.00410127 0.000106525 -0.00268902 0.000125668 -0.00592727 -0.00828125 7.1854e-05 -0.000221982 -0.00119647 -0.000848485
internal_weight=29552 28881 28442 671 125 28388 27683 102 27581 1329 531 359 247 26252 2146 2100 1893 141 1752 320 236 24106 163 23943 164 95 22837 8324 1358 1286
internal_count=29552 28881 28442 671 125 28388 27683 102 27581 1329 531 359 247 26252 2146 2100 1893 141 1752 320 236 24106 163 23943 164 95 22837 8324 1358 1286
is_linear=0
shrinkage=0.03


Tree=198
num_leaves=31
num_cat=0
split_feature=0 3 3 1 7 9 1 15 11 3 6 10 14 11 12 14 9 15 8 0 14 12 1 0 0 15 3 14 14 9
split_gain=1.13876 1.27681 1.42028 3.4338 1.91016 1.23441 1.12051 1.41569 2.03954 2.10536 1.27004 2.75512 3.11146 1.29369 1.055 1.04792 2.53933 2.83755 3.09998 2.69551 2.48399 2.60124 2.53883 3.82606 4.12427 2.28204 2.27681 3.13875 4.35292 6.93311
threshold=1.0162217301777925 0.42817011061015225 0.36078919831096196 0.038218111002921114 0.096207709646331172 0.064781247184921217 0.089087301587301618 3.0201273556387074 8.892542673259598 0.048911265540666923 1.0082673099712205 1.8061713222492977 0.34879238607819346 9.1758006843620397 -0.055977245484331466 0.10794157586932319 0.074170355910368274 4.1026092131977068 3.2054170487142835 1.3176471063246555 0.075292873884918579 0.13829733731878238 0.060737812911725926 2.1466039531358034 1.5609021802919194 2.0126758453675748 0.25232190696385504 0.041102501197822737 0.060220462704673579 0.16257158859904167
decision_type=10 2 2 10 8 10 8 10 2 2 2 10 2 2 2 2 8 10 10 10 2 2 10 10 10 8 2 2 2 10
left_child=1 2 6 4 14 -6 -1 8 -8 -10 13 12 -12 -11 -4 16 17 18 -2 -19 -20 -22 23 24 -23 -18 27 -27 -29 -30
right_child=15 -3 3 -5 5 -7 7 -9 9 10 11 -13 -14 -15 -16 -17 25 19 20 -21 21 22 -24 -25 -26 26 -28 28 29 -31
leaf_value=0.00055245217319629968 0.00031009746939038231 0.0013234403920211119 -0.0011261079374776711 0.0008265874443372309 -0.0030587855271251192 0.0044884169762878096 0.00021301267692369765 0.00035431501474664413 -0.00077653937504241816 -0.0007646356971229677 -0.0019066516815850238 0.0004676932749877989 8.0604721190780282e-06 0.00019186711726961364 -0.00091462157831385905 4.1972520473922632e-05 0.00067428099320704989 7.7937538983693258e-05 5.4398458231686933e-05 -0.00048822294249780112 0.00085133703684860704 -0.00011675854404146467 -0.002676622509670015 -5.4932885981592828e-05 -0.0026674247703890202 -0.00018869225602391327 -0.00017691081240499325 -0.0015278833962943481 6.3170990711005942e-06 -0.0019404499057049615
leaf_weight=1239 2097 504 44 158 78 40 641 354 63 70 60 44 43 212 44 20921 173 42 724 53 91 42 64 217 51 402 963 80 164 40
leaf_count=1239 2097 504 44 158 78 40 641 354 63 70 60 44 43 212 44 20921 173 42 724 53 91 42 64 217 51 402 963 80 164 40
internal_value=0.000203708 0.000704312 0.000475574 -0.00128219 -0.00382609 -0.00131092 0.000710671 0.000155242 -0.000362434 -0.00181339 -0.00105349 -0.00330405 -0.00597115 0.000127209 -0.00714607 0.000134814 -0.000246157 0.00024039 0.000388804 -0.00484375 -0.000834454 -0.00254292 -0.003648 -0.00250804 -0.00756383 -0.00114866 -0.00149273 -0.00281223 -0.00522105 -0.00286829
internal_weight=29718 3594 3090 364 206 118 2726 1487 1133 492 429 147 103 282 88 26124 5203 3381 3286 95 1189 465 374 310 93 1822 1649 686 284 204
internal_count=29718 3594 3090 364 206 118 2726 1487 1133 492 429 147 103 282 88 26124 5203 3381 3286 95 1189 465 374 310 93 1822 1649 686 284 204
is_linear=0
shrinkage=0.03


Tree=199
num_leaves=31
num_cat=0
split_feature=10 8 8 13 0 3 0 6 11 13 2 8 1 1 14 7 1 14 6 16 12 2 19 7 14 12 16 0 4 8
split_gain=0.915147 1.12056 1.49986 2.05183 1.51334 1.72895 1.88494 2.39403 1.16669 1.16704 2.06694 1.12281 1.1576 1.22664 2.51781 3.27933 2.16198 3.22591 1.32705 1.09965 1.33289 1.39498 1.191 1.29412 0.998068 1.09055 1.85096 2.16343 2.19641 1.66969
threshold=0.52605722062138305 39.36968258216659 33.504807097807678 0.058308625958726698 4.554998022013824 0.048911265540666923 1.4975581219645675 1.4216352717278289 11.139946887233471 0.08080150906802587 5.7045552445190717 47.97502325194899 0.23354978354978354 0.11726508785332319 0.14977650506690496 0.31157874542868991 0.14717282261741912 0.2492299096779412 0.52279762601809132 0.1611707516048427 0.08055306446836942 5.9040100525277337 6.5000000000000009 0.14298504606472975 0.45439949663792606 0.27987130111361497 0.015090386678562922 3.9443663401003817 929.67400761074498 27.643560278134192
decision_type=10 10 8 2 10 2 8 2 2 2 8 10 10 10 2 10 10 2 2 10 2 10 2 10 2 2 8 8 8 10
left_child=24 2 8 4 5 -4 -7 -8 -2 -10 -11 -3 13 18 15 -15 17 -16 -13 -12 -21 22 -22 -24 25 -1 -27 28 -28 -30
right_child=1 11 3 -5 -6 6 7 -9 9 10 19 12 -14 14 16 -17 -18 -19 -20 20 21 -23 23 -25 -26 26 27 -29 29 -31
leaf_value=0.00022485539225473576 -6.37092722317304e-06 0.00062337278605995754 0.00058704591339149668 -0.00089288996706557823 0.00066516946485832367 0.0011089543708635245 -0.00059815084411388056 -0.0023502314204553796 0.00035475459710356612 -0.00063489124458058978 0.00029294151242681042 0.00041319889049501603 0.00042703924486058573 -0.00093015381734271637 0.00037719382925214542 0.00018015931413051898 0.00028013132199603458 -0.0014092135826234951 -2.0616173464185877e-05 0.0012968160266679299 -0.00012477764797498301 0.00047726018376764636 -0.00022520913413775307 -0.0012549806269532232 -1.1505338019594425e-05 -0.00092655097744633226 0.0005792262592856939 0.00078304755443635028 -0.00054066949009095352 -0.0025723896361428368
leaf_weight=4956 16277 923 117 40 83 73 108 86 722 40 269 634 336 48 49 43 206 40 1545 62 61 74 45 42 2044 55 141 331 184 63
leaf_count=4956 16277 923 117 40 83 73 108 86 722 40 269 634 336 48 49 43 206 40 1545 62 61 74 45 42 2044 55 141 331 184 63
internal_value=0.000192639 9.34593e-05 -5.13801e-06 -0.0016122 -0.00104487 -0.00183896 -0.00316791 -0.00470769 4.12665e-05 0.000900456 -8.58585e-05 0.00056 0.000269814 5.26112e-05 -0.00150388 -0.00583696 -0.000152027 -0.00403333 0.000328899 0.000395307 -0.000905263 -0.00199103 -0.00366443 -0.00589773 0.000472283 0.000675275 -0.000371613 3.75001e-05 -0.00148072 -0.00318145
internal_weight=29697 21923 18099 507 467 384 267 194 17592 1315 593 3824 2901 2565 386 91 295 89 2179 553 284 222 148 87 7774 5730 774 719 388 247
internal_count=29697 21923 18099 507 467 384 267 194 17592 1315 593 3824 2901 2565 386 91 295 89 2179 553 284 222 148 87 7774 5730 774 719 388 247
is_linear=0
shrinkage=0.03


Tree=200
num_leaves=31
num_cat=0
split_feature=5 0 3 5 6 14 17 4 5 19 10 10 14 16 4 10 4 17 11 19 17 16 12 4 16 10 14 7 6 16
split_gain=1.26262 2.53724 2.87181 1.27056 1.11567 1.80203 1.99892 1.78438 1.20849 1.07285 1.36823 1.61256 1.4297 2.00898 1.31291 1.14828 1.76633 1.21575 1.53495 1.13395 1.02708 1.20802 2.27482 2.55057 1.29167 1.00887 2.66015 1.14053 1.00243 1.48125
threshold=0.99614229648569907 1.1596694947702668 0.11565364081975597 0.92203186884037958 6.3584536575114683 0.19362857177495393 0.35358397700720817 1242.0911171643654 0.71801354987195698 9.5000000000000018 1.1109781569097945 1.196976779843979 0.6061035485807782 -0.029395614596772927 2121.5961720010428 2.0161118727022576 3640.3710513796791 0.15419275132768787 11.466535916520787 11.500000000000002 0.68398548854444885 0.37092307788868123 0.15849054315000191 1138.6088859873021 0.4700752163315477 3.8213124609692541 0.22899651462346401 0.17523706906451 2.6287638083228253 0.1485063942364008
decision_type=10 10 2 10 2 2 10 10 8 2 10 10 2 8 10 10 8 10 2 2 10 10 2 10 10 10 2 10 2 10
left_child=3 -2 -3 4 8 6 -6 -8 -1 25 12 19 20 -14 -15 17 -17 -13 28 -12 21 -11 -23 24 -24 -10 27 -27 -19 -30
right_child=1 2 -4 -5 5 -7 7 -9 9 10 11 15 13 14 -16 16 -18 18 -20 -21 -22 22 23 -25 -26 26 -28 -29 29 -31
leaf_value=0.0002117263545005071 -0.00049400869995367531 -0.00064078369918695575 0.00045628843709179305 0.00057691077014269726 0.00032619008687532916 0.00044307689655783501 -0.0057519239671974072 -0.0012189620453857267 5.393698708873259e-05 5.8250016336811034e-05 -0.00089597492296344733 9.5767834755870431e-05 -0.0011667326688601543 4.349177315355727e-05 -0.00057924740201905852 0.00047131740032189056 -0.0012688587917633381 -0.00025201413255653335 -0.0017844627509678291 0.0006296753433173702 0.00040425811727647743 0.00070985906413660853 -0.00089027896925492685 -0.0012012963407673663 0.0017767368900286956 -4.7439601113011056e-05 0.0004290175926866887 -0.0038741391777412696 -0.0013943399399109809 -0.00014854091681678914
leaf_weight=769 44 59 145 518 54 180 58 44 20706 2913 196 667 41 251 79 378 48 1163 42 48 677 112 49 59 40 42 78 61 91 107
leaf_count=769 44 59 145 518 54 180 58 44 20706 2913 196 667 41 251 79 378 48 1163 42 48 677 112 49 59 40 42 78 61 91 107
internal_value=0.000175538 -0.00195181 -0.000526829 0.000193506 0.000167127 -0.00154896 -0.00389809 -0.00634951 0.00018733 0.000154907 -0.000167624 -0.000689529 0.000171246 -0.00160484 -0.00081571 -0.000461354 0.000955504 -0.000753259 -0.00125427 -0.00301224 0.000342768 0.000116257 -0.00183908 -0.00426846 -0.00103333 0.0002624 -0.00196154 -0.00510577 -0.00107709 -0.00304523
internal_weight=29719 248 204 29471 28953 336 156 102 28617 27848 6961 2740 4221 371 330 2496 426 2070 1403 244 3850 3173 260 148 89 20887 181 103 1361 198
internal_count=29719 248 204 29471 28953 336 156 102 28617 27848 6961 2740 4221 371 330 2496 426 2070 1403 244 3850 3173 260 148 89 20887 181 103 1361 198
is_linear=0
shrinkage=0.03


Tree=201
num_leaves=31
num_cat=0
split_feature=12 11 11 16 1 13 3 4 13 0 9 13 11 4 0 1 4 9 11 8 8 11 13 3 17 0 11 16 11 11
split_gain=1.02399 1.11006 1.92792 2.3472 1.41596 2.81064 1.03994 2.18394 2.53753 1.03197 1.07538 2.30441 4.77512 1.02905 0.886415 0.833341 1.28308 0.880164 1.76241 1.55188 1.42023 1.98498 5.40034 1.56945 1.82548 1.93287 2.67515 1.71811 2.28649 1.7837
threshold=0.024076778450684348 7.8711204000392749 7.5519747514560569 0.031522870368410796 0.37284167398302609 0.13775238276591134 0.048911265540666923 1306.411590354295 0.0098583859459051761 0.92477080413916257 0.1781363926871834 0.062847667087806217 9.363747914926563 27.882121526675217 1.0238609407347135 0.40495784825371345 12866.871813549369 0.043878594015436569 11.139946887233471 38.174205949228863 8.6863696407203594 11.466535916520787 0.12818458859499723 0.047683437269852906 4.5556282068761424 1.3959626246269183 8.7216023313854993 0.031522870368410796 10.557815938824714 9.8855017734467072
decision_type=2 2 2 10 8 2 2 10 2 10 8 2 2 8 8 10 8 8 2 10 10 2 2 2 10 10 2 8 2 2
left_child=1 2 -1 -4 6 -6 7 -3 -9 -8 -11 -12 -13 -2 -15 17 -17 20 19 -19 -16 23 -23 -22 25 -25 -27 28 29 -28
right_child=13 4 3 -5 5 -7 9 8 -10 10 11 12 -14 14 15 16 -18 18 -20 -21 21 22 -24 24 -26 26 27 -29 -30 -31
leaf_value=0.00023720678974028169 -0.0060858990649301139 0.00071131025540742919 -0.00095457798888595605 9.4213733810038505e-05 0.00013718444756006371 -0.0013693360599535531 0.0013989087220284877 0.00043139632250906163 -0.0010267848288356197 0.00049530656996436319 0.00095852413955796099 -0.0016226512217421098 -1.5787720943102275e-05 -0.0019187605482463136 0.00016878271792809688 0.000385963519008712 -0.00020488492757896238 -4.3373160978702495e-05 0.00017796083621758548 0.00016705656195964742 0.00031521370415849047 -0.004319447305776312 0.0010251486687963952 0.00025081887895953155 0.0006638248059076268 0.00037172976949347057 -0.00045073586712886265 -0.00032424084903518287 0.00016782946806930758 -0.0039923616301105235
leaf_weight=522 44 85 59 58 170 42 582 41 42 1306 161 40 172 41 6062 548 53 12465 1097 2017 1027 50 54 721 201 513 41 1245 42 52
leaf_count=522 44 85 59 58 170 42 582 41 42 1306 161 40 172 41 6062 548 53 12465 1097 2017 1027 50 54 721 201 513 41 1245 42 52
internal_value=0.000195202 0.00069491 -0.000426562 -0.00388983 0.000966313 -0.00138028 0.00117161 -0.00110059 -0.00453571 0.00134085 0.0009625 -0.000457219 -0.00250704 0.000132793 0.000140564 0.000147543 0.00125083 0.000121581 -1.94479e-05 -0.000107298 0.000341093 -0.000101849 -0.00417143 9.36779e-06 -0.000356889 -0.000569025 -0.00107233 -0.00175959 -0.00496324 -0.00756383
internal_weight=29553 3280 639 117 2641 212 2429 168 83 2261 1679 373 212 26273 26229 26188 601 25587 15579 14482 10008 3946 104 3842 2815 2614 1893 1380 135 93
internal_count=29553 3280 639 117 2641 212 2429 168 83 2261 1679 373 212 26273 26229 26188 601 25587 15579 14482 10008 3946 104 3842 2815 2614 1893 1380 135 93
is_linear=0
shrinkage=0.03


Tree=202
num_leaves=31
num_cat=0
split_feature=5 13 7 19 6 15 17 5 4 13 1 12 13 8 5 11 15 8 6 4 4 7 16 7 4 16 17 2 7 0
split_gain=0.973488 1.29808 2.83142 0.918494 1.07628 1.75335 2.02214 1.56304 2.05995 1.35973 1.05334 0.949075 1.30703 1.50864 1.32804 2.12612 1.65284 1.81464 1.54925 1.41394 4.18959 2.2711 1.38053 1.2423 1.21479 1.71077 1.31984 1.34293 2.80847 1.29181
threshold=0.60108855631493829 0.041319430960577268 0.14020880155546064 9.5000000000000018 0.064003632043448763 3.1567740231385479 0.53273963671390545 0.91612320264005664 2004.9493271580143 0.11082463544883349 0.21644144144144148 0.26078219157719135 0.049461179767113304 38.174205949228863 0.99614229648569907 10.622692266228841 2.740319461670996 1.4309303638432087 4.0290005337128632 1220.2559919658956 1821.6210863554904 0.14099268643815707 0.12232201085888378 0.17356328931571599 1734.2701894490067 0.23477402401637085 0.88450691636266909 6.5633608510066344 0.038720072312170818 1.4256098303368361
decision_type=8 2 10 2 2 8 8 8 10 2 8 2 2 8 10 2 8 10 2 10 10 10 10 10 10 10 10 8 10 10
left_child=1 2 -1 11 5 6 -5 8 9 -6 -9 12 -2 14 16 -16 17 -14 19 -19 22 -22 -21 24 25 26 27 28 -18 -26
right_child=3 -3 -4 4 7 -7 -8 10 -10 -11 -12 -13 13 -15 15 -17 23 18 -20 20 21 -23 -24 -25 29 -27 -28 -29 -30 -31
leaf_value=-0.00057800243934153807 0.00016300023306055504 0.00044203508243171008 0.00032442621986286088 -0.00018304739607683912 -0.00088813268757411909 0.00037421766379385846 0.0008697700875467812 -4.3333032598842572e-06 0.00019170001666245012 -0.00046020494949432862 -0.00022889714414853175 -1.0385739167405108e-05 -3.784172010398975e-06 0.00035325001717335166 0.00038362558157695816 -0.00053385554338756841 0.00014071660243762557 -1.7110307925616578e-05 -0.0011407221319848549 -0.005469292182818857 -0.00040130894482614399 0.00011242660321676819 -0.0023830912429771102 0.00054385602718225992 0.00027663997856755275 0.00032131989181695034 -0.0021895373945007911 -3.185154716150712e-05 -0.00074190405505338247 -7.6954151955142027e-05
leaf_weight=59 9192 394 154 975 40 789 249 4142 74 55 941 5968 1077 636 60 67 61 310 42 50 45 187 41 462 869 437 44 1820 62 397
leaf_count=59 9192 394 154 975 40 789 249 4142 74 55 941 5968 1077 636 60 67 61 310 42 50 45 187 41 462 869 437 44 1820 62 397
internal_value=0.000178687 0.00136678 -0.000518691 0.000153852 -0.000138315 0.000451341 -0.000259592 -0.000364363 -0.00319412 -0.00609375 -0.000269669 0.0002511 0.000372447 5.26396e-05 -9.39986e-05 -0.00311719 -2.84504e-05 -0.000800913 -0.00201923 -0.00164196 -0.00302778 -0.000875536 -0.00844565 0.000297616 0.00011379 -0.000279588 -0.00065342 -0.000535494 -0.00355645 0.000866614
internal_weight=29699 607 213 29092 7265 2013 1224 5252 169 95 5083 21827 15859 6667 6031 127 5904 1752 675 633 323 232 91 4152 3690 2424 1987 1943 123 1266
internal_count=29699 607 213 29092 7265 2013 1224 5252 169 95 5083 21827 15859 6667 6031 127 5904 1752 675 633 323 232 91 4152 3690 2424 1987 1943 123 1266
is_linear=0
shrinkage=0.03


Tree=203
num_leaves=31
num_cat=0
split_feature=8 12 0 11 9 10 0 12 7 15 9 3 12 9 8 9 11 14 7 6 14 4 14 4 1 14 4 16 9 11
split_gain=1.33976 0.941987 1.01981 1.49202 1.77008 1.26851 1.16983 1.58841 1.68229 1.88732 2.42095 0.910173 3.64426 2.28635 1.06882 1.15051 3.38197 1.26394 2.11328 1.1509 1.02129 2.15487 2.45841 1.59815 0.883412 2.49751 2.02205 3.95132 2.19016 2.01955
threshold=200.80044879773894 0.11097952624147746 0.70359720797852621 7.9983353394977543 0.10982721265007946 0.63913029610571603 1.1387674722769705 -0.040495021209479447 0.29051099572356998 2.524928003624769 0.01264066173340367 0.048911265540666923 -0.047463729120817082 0.18503028186977399 41.288847878059521 0.0065764796462273482 9.5495232147531404 0.0085772510192080719 0.088319086034411548 0.1706314996438725 0.25136488416346719 741.37081963948822 0.32706580164614985 658.81192128696068 0.10063291139240506 0.17858628084352038 741.37081963948822 -0.029395614596772927 0.026444639537643193 9.4363996675759427
decision_type=8 2 10 2 10 10 10 2 10 8 8 2 2 10 10 10 2 2 10 2 2 8 2 10 10 2 10 8 10 2
left_child=1 2 -1 4 6 -6 7 -4 9 -9 -11 12 -5 -14 15 16 -13 18 -17 20 -19 22 -22 -24 -3 26 -26 -28 -29 -30
right_child=-2 24 3 11 5 -7 -8 8 -10 10 -12 14 13 -15 -16 17 -18 19 -20 -21 21 -23 23 -25 25 -27 27 28 29 -31
leaf_value=0.0023865167941053093 0.00027499245596023571 1.9801302937572158e-05 0.00053394417216793709 -0.0011852583166121287 -0.00016809253633500685 -0.0012185029585818023 0.00095173991956241813 0.0001942060921213023 -0.0046746044855747008 -0.0047753356554324109 -0.0001723551300208413 8.8797866304998166e-05 0.00032982981638459471 -0.0014099063327885168 0.0011519047209550366 -0.0015363642623559492 -0.0011747099091892427 0.00055554088301829562 0.00062487833208787699 4.5923073045485785e-05 -0.00152191432924152 0.00020617188042474643 0.0011858949649095432 -0.00065440530841330449 0.00013627277706053546 8.454938775658978e-06 -0.0028938593492785413 0.0010885355001698149 -0.0015868553013983061 -0.00024646443214309307
leaf_weight=151 1330 13955 326 66 41 56 82 197 57 40 57 119 353 46 216 60 40 1135 43 4929 46 1717 67 41 245 3296 42 103 118 738
leaf_count=151 1330 13955 326 66 41 56 82 197 57 40 57 119 353 46 216 60 40 1135 43 4929 46 1717 67 41 245 3296 42 103 118 738
internal_value=0.000151651 0.000108023 0.000344427 0.000306318 -0.000889148 -0.00468367 -0.000398684 -0.000809734 -0.00220739 -0.00128136 -0.00468367 0.000421669 -0.000869099 0.0002175 0.000493107 0.000438034 -0.00208125 0.000488121 -0.00279808 0.000531124 0.000993681 0.0005625 -0.00282581 -0.000330275 -1.83262e-05 -0.000381686 -0.00152526 -0.00212275 -0.00172187 -0.00221937
internal_weight=29712 28382 9885 9734 856 97 759 677 351 294 97 8878 465 399 8413 8197 159 8038 103 7935 3006 1871 154 108 18497 4542 1246 1001 959 856
internal_count=29712 28382 9885 9734 856 97 759 677 351 294 97 8878 465 399 8413 8197 159 8038 103 7935 3006 1871 154 108 18497 4542 1246 1001 959 856
is_linear=0
shrinkage=0.03


Tree=204
num_leaves=31
num_cat=0
split_feature=12 3 14 12 14 17 4 14 0 10 15 4 14 17 9 6 3 15 15 9 7 8 4 14 15 10 7 16 10 0
split_gain=1.12128 1.27331 1.61979 3.00192 1.40381 1.53042 2.26217 1.46327 1.25716 1.07733 1.27738 1.42531 3.10524 1.70252 1.31554 0.940567 0.862752 1.46163 1.48119 1.61426 2.85105 1.41349 2.36148 4.19585 1.40416 1.31675 0.93442 1.04405 0.932525 0.861393
threshold=0.031339705401052249 0.050210315314321165 0.54760630260463616 0.15715356271210904 0.10560446457574012 0.14045354354629538 796.86227944560915 0.075292873884918579 3.1607787203759732 0.50342019266596727 2.740319461670996 1448.7539528607924 0.13069051613163477 0.28767832689494777 0.0081648053701931528 0.10318331544347002 0.44398292661468064 2.1383330595080281 3.3842466058243152 0.090170857719337222 0.09209156479063331 2.0636971771423682 617.36611761609731 0.1653464987480375 2.8617925509761908 1.2281153186630964 0.11996971372725052 0.11955501124251543 1.6195031359000305 1.3295270301383868
decision_type=2 2 2 2 2 10 10 2 10 8 10 8 2 8 8 2 2 8 10 10 10 8 10 2 10 10 10 10 10 8
left_child=9 2 4 -4 5 -2 -7 -8 -5 -1 11 -11 -13 15 -12 -14 29 28 19 20 -19 26 -23 -24 -21 -26 -22 -28 -18 -3
right_child=1 16 3 8 -6 6 7 -9 -10 10 14 12 13 -15 -16 -17 17 18 -20 24 21 22 23 -25 25 -27 27 -29 -30 -31
leaf_value=0.00048304393009067088 0.00059479095240316587 7.1300714149798066e-05 -0.0019340434696000651 0.00019199512337060031 0.00033736735129691136 -0.0024282227205233262 0.00037239172778850353 -0.0025560028552234801 -0.0023170776449088579 3.1361121258079864e-05 -0.00078382422968376649 -0.0020807583129872969 -0.00081639988362679065 0.00065661072002581313 0.0003911015808978482 -4.4775595303164596e-05 0.0010445515728988368 -0.0016341740287705274 0.00032855994398751936 0.0006816629005271834 -0.00065010157461974538 -8.5908912654793744e-05 -0.0027720280018076822 -0.00029568609983402232 1.8169978595881919e-05 -0.00087435920388544196 -0.0011823790767349755 0.00058967365905643419 -0.0012411765458257486 -1.0999464991461011e-05
leaf_weight=1151 214 8886 75 170 1960 41 120 76 41 917 41 46 62 162 1194 56 212 62 186 143 50 75 46 46 80 48 47 132 76 13054
leaf_count=1151 214 8886 75 170 1960 41 120 76 41 917 41 46 62 162 1194 56 212 62 186 143 50 75 46 46 80 48 47 132 76 13054
internal_value=0.000183135 0.000113773 0.000730541 -0.0014007 0.000983831 -0.000524336 -0.00218067 -0.000822335 0.000438679 0.00067686 0.000324324 -0.000354501 -0.00205505 -0.000854092 0.00100728 -0.00357983 4.18684e-05 -0.000740033 -0.00132642 -0.00193562 -0.00301961 -0.00207053 -0.00416071 -0.00735484 -9.92646e-05 -0.00237209 -0.000534782 0.000483333 0.00112111 8.47729e-05
internal_weight=29469 25840 2697 286 2411 451 237 196 211 3629 2478 1243 326 280 1235 118 23143 1203 915 729 458 396 167 92 271 128 229 179 288 21940
internal_count=29469 25840 2697 286 2411 451 237 196 211 3629 2478 1243 326 280 1235 118 23143 1203 915 729 458 396 167 92 271 128 229 179 288 21940
is_linear=0
shrinkage=0.03


end of trees

feature_importances:
share_criminal=637
growth_12_past=504
log_pending=471
age_bowley_skew=456
state_loo_vacancy_rate=453
idvr_12=412
workload_per_judge=391
log_working_judges=391
disposal_momentum=391
state_loo_idvr_12=374
inflow_trend_growth=322
state_loo_growth_12_past=309
share_age_gt5y=268
vacancy_rate=224
state_loo_filing_shock_z=138
filing_shock_z=132
anchor_growth_12=103
pretrial_share=70
log_hearing_gap=65
month_of_year=39

parameters:
[boosting: gbdt]
[objective: quantile]
[metric: quantile]
[tree_learner: serial]
[device_type: cpu]
[data_sample_strategy: bagging]
[data: ]
[valid: ]
[num_iterations: 205]
[learning_rate: 0.03]
[num_leaves: 31]
[num_threads: 0]
[seed: 20260928]
[deterministic: 1]
[force_col_wise: 0]
[force_row_wise: 1]
[histogram_pool_size: -1]
[max_depth: -1]
[min_data_in_leaf: 40]
[min_sum_hessian_in_leaf: 0.001]
[bagging_fraction: 0.8]
[pos_bagging_fraction: 1]
[neg_bagging_fraction: 1]
[bagging_freq: 1]
[bagging_seed: 8287]
[bagging_by_query: 0]
[feature_fraction: 0.8]
[feature_fraction_bynode: 1]
[feature_fraction_seed: 24490]
[extra_trees: 0]
[extra_seed: 6370]
[early_stopping_round: 0]
[early_stopping_min_delta: 0]
[first_metric_only: 0]
[max_delta_step: 0]
[lambda_l1: 0]
[lambda_l2: 1]
[linear_lambda: 0]
[min_gain_to_split: 0]
[drop_rate: 0.1]
[max_drop: 50]
[skip_drop: 0.5]
[xgboost_dart_mode: 0]
[uniform_drop: 0]
[drop_seed: 1862]
[top_rate: 0.2]
[other_rate: 0.1]
[min_data_per_group: 100]
[max_cat_threshold: 32]
[cat_l2: 10]
[cat_smooth: 10]
[max_cat_to_onehot: 4]
[top_k: 20]
[monotone_constraints: ]
[monotone_constraints_method: basic]
[monotone_penalty: 0]
[feature_contri: ]
[forcedsplits_filename: ]
[refit_decay_rate: 0.9]
[cegb_tradeoff: 1]
[cegb_penalty_split: 0]
[cegb_penalty_feature_lazy: ]
[cegb_penalty_feature_coupled: ]
[path_smooth: 0]
[interaction_constraints: ]
[verbosity: -1]
[saved_feature_importance_type: 0]
[use_quantized_grad: 0]
[num_grad_quant_bins: 4]
[quant_train_renew_leaf: 0]
[stochastic_rounding: 1]
[linear_tree: 0]
[max_bin: 255]
[max_bin_by_feature: ]
[min_data_in_bin: 3]
[bin_construct_sample_cnt: 200000]
[data_random_seed: 5112]
[is_enable_sparse: 1]
[enable_bundle: 1]
[use_missing: 1]
[zero_as_missing: 0]
[feature_pre_filter: 1]
[pre_partition: 0]
[two_round: 0]
[header: 0]
[label_column: ]
[weight_column: ]
[group_column: ]
[ignore_column: ]
[categorical_feature: ]
[forcedbins_filename: ]
[precise_float_parser: 0]
[parser_config_file: ]
[objective_seed: 23271]
[num_class: 1]
[is_unbalance: 0]
[scale_pos_weight: 1]
[sigmoid: 1]
[boost_from_average: 1]
[reg_sqrt: 0]
[alpha: 0.1]
[fair_c: 1]
[poisson_max_delta_step: 0.7]
[tweedie_variance_power: 1.5]
[lambdarank_truncation_level: 30]
[lambdarank_norm: 1]
[label_gain: ]
[lambdarank_position_bias_regularization: 0]
[eval_at: ]
[multi_error_top_k: 1]
[auc_mu_weights: ]
[num_machines: 1]
[local_listen_port: 12400]
[time_out: 120]
[machine_list_filename: ]
[machines: ]
[gpu_platform_id: -1]
[gpu_device_id: -1]
[gpu_device_id_list: ]
[gpu_use_dp: 0]
[num_gpu: 1]

end of parameters

pandas_categorical:[]
