tree
version=v4
num_class=1
num_tree_per_iteration=1
label_index=0
max_feature_idx=13
objective=quantile
feature_names=idvr_12 filing_shock_z state_loo_growth_12_past state_loo_idvr_12 state_loo_filing_shock_z log_pending growth_12_past share_criminal inflow_trend_growth disposal_momentum is_njdg month_of_year share_age_1_3_of_lt3 anchor_growth_12
feature_infos=[0.15730337078651685:10187] [-4.7940978473581213:148.42747222222221] [-0.6446209132661983:2.1972245773362191] [0.3669724770642202:2067.1535853072119] [-2.828714488873898:16.000160344827588] [1.3862943611198906:12.499998932235505] [-0.86371291579424714:2.7967669504267025] [0:1] [-2.8332133440562162:3.4339872044851463] [-3.253277251585533:8.3202045975788792] none [1:12] [0:1] [-0.86371291579424714:2.7967669504267025]
tree_sizes=2894 2935 2941 2953 2960 2952 2953 2958 2958 2957 2961 2965 2947 2964 2967 2960 2972 2954 2969 2960 2967 2959 2959 2965 2974 2961 2966 2963 2954 2949 2984 2960 2964 2958 2968 2953 2971 2944 2949 2975 2960 2965 2952 2954 2960 2958 2954 2964 2978 2962 2972 2945 2980 2970 2968 2960 2954 2940 2953 2964 2952 2948 2956 2944 2942 2966 2952 2954 2972 2936 2943 2947 2938 2964 2951 2963 2957 2937 2939 2960 2967 2950 2949 2957 2958 2949 2951

Tree=0
num_leaves=31
num_cat=0
split_feature=6 6 0 6 6 0 7 8 6 5 6 5 6 6 3 7 0 3 7 3 2 8 6 8 7 7 6 7 3 6
split_gain=943.421 112.578 103.513 78.9087 42.4524 28.9574 21.3777 21.2251 19.9525 17.3079 16.729 13.7424 15.6182 11.1048 10.9604 10.0135 9.95176 8.20339 8.56284 8.17321 8.06517 7.39463 7.23765 6.86341 6.75866 6.65312 6.43931 6.26992 6.18201 5.8224
threshold=0.18967962718592138 0.28227605611218737 71.971380471380485 0.11853824974299078 0.40557866578172869 2.2959453946043915 0.25659327045898639 -0.13675207921162955 0.36510725631015456 8.6911464844163806 0.15614643298000355 9.5704244974356687 0.22313818676636024 0.95551144502743646 1.5965756715513328 0.2719607729708497 1.20309026436822 1.2851361820854599 0.77787769925666173 2.3374069183000317 0.33473722511588827 0.21415195161123113 0.23336206282884667 0.25762479472438643 0.63683621704655724 0.19736350306681269 0.36134257916826501 0.30442955214122269 448.24065465749601 0.54276308619466695
decision_type=2 2 8 2 2 8 2 8 2 2 2 2 2 2 10 2 8 8 2 8 10 10 2 10 2 2 2 2 8 2
left_child=3 5 7 21 26 11 -5 -3 24 13 16 14 25 28 -2 -16 -8 -12 -19 -7 -14 -1 -21 -24 27 -13 -4 -9 29 -6
right_child=1 2 4 6 9 19 10 8 -10 -11 17 12 20 -15 15 -17 -18 18 -20 22 -22 -23 23 -25 -26 -27 -28 -29 -30 -31
leaf_value=-0.058481567874550819 -0.062773842699825763 -0.058615156384184956 -0.059956154748797418 -0.061897768862545492 -0.060470798239111903 -0.062380499430000784 -0.060739436224102973 -0.063962801136076455 -0.066042020507156851 -0.063075221739709378 -0.061309639774262903 -0.063630920685827735 -0.062483350299298766 -0.075457349307835098 -0.062711464352905755 -0.060895468536764384 -0.059644251517020165 -0.060440445020794868 -0.061403730995953081 -0.06033853091299534 -0.061409739144146443 -0.058275006487965582 -0.060916948616504672 -0.06257210213690996 -0.063744444064795971 -0.061366067193448545 -0.060627761892974377 -0.062609532140195365 -0.063034332022070885 -0.062329667545855047
leaf_weight=2612 327 40 221 289 270 78 285 198 2493 289 266 63 1025 94 73 860 1390 1344 165 323 158 1283 508 47 1006 914 177 1018 54 232
leaf_count=2612 327 40 221 289 270 78 285 198 2493 289 266 63 1025 94 73 860 1390 1344 165 323 158 1283 508 47 1006 914 177 1018 54 232
internal_value=-0.0612071 -0.0670555 -0.069692 -0.0531878 -0.0623162 -0.0633841 -0.0563029 -0.0717653 -0.0719505 -0.0657956 -0.0556464 -0.0646741 -0.0661261 -0.0630733 -0.0621831 -0.0605255 -0.053496 -0.0576789 -0.056823 -0.0587701 -0.0684432 -0.0501996 -0.0579416 -0.0600238 -0.0698749 -0.0633158 -0.0541162 -0.0683573 -0.0614532 -0.0604086
internal_weight=18102 10468 6092 7634 1337 4376 3739 4755 4715 939 3450 3420 2160 650 1260 933 1675 1775 1509 956 1183 3895 878 555 2222 977 398 1216 556 502
internal_count=18102 10468 6092 7634 1337 4376 3739 4755 4715 939 3450 3420 2160 650 1260 933 1675 1775 1509 956 1183 3895 878 555 2222 977 398 1216 556 502
is_linear=0
shrinkage=1


Tree=1
num_leaves=31
num_cat=0
split_feature=6 6 0 6 12 6 7 5 6 6 6 8 3 12 12 6 7 8 0 3 0 0 5 8 3 7 3 6 5 7
split_gain=946.701 92.2848 97.6044 76.9893 40.8679 33.2745 19.0975 19.0769 17.2785 15.215 13.5598 13.1212 11.7977 11.7133 10.4064 10.1345 9.4944 9.35966 8.41744 7.45513 7.44564 9.50215 7.37461 8.0617 7.20159 6.97095 6.79623 6.62438 6.77723 6.02168
threshold=0.18967962718592138 0.3045360134814859 71.971380471380485 0.1478201357119753 0.59770972956937329 0.40292678949042676 0.26488621895598646 8.0802369848886979 0.95551144502743646 0.10104396128395977 0.2246230654245647 -0.085868421738635334 1.8381872395252778 0.51059920285693294 0.51462950016231035 0.36510725631015456 0.70766270212223226 0.29039879002787278 2.4890156786620881 1.518741257858381 4.0546643065648107 3.1410115212441139 9.5309009703603973 0.40560317244702321 2.3374069183000317 0.77787769925666173 1.4706703175682858 0.53129637843406929 3.4175922930736511 0.2719607729708497
decision_type=2 2 8 2 2 2 2 2 2 2 2 8 10 2 2 2 2 10 8 8 10 8 2 10 10 2 8 2 2 2
left_child=3 4 11 9 10 -4 -5 8 27 -1 19 -3 -12 17 -8 -13 20 -11 -18 -2 21 24 23 -14 -6 -16 -15 -7 -29 -21
right_child=1 2 5 6 16 7 14 -9 -10 13 12 15 22 26 25 -17 18 -19 -20 29 -22 -23 -24 -25 -26 -27 -28 28 -30 -31
leaf_value=0.0030639464043080806 -0.00080700922831892965 0.00097772765709087245 0.0010813693413510917 -0.0010981442246586082 -0.0020213542174547907 0.0011077065914869308 0.00020600832235068077 -0.0018045052986592053 -0.012510574314370752 0.001209905308485031 -0.0014769080679863692 -0.0022182819720357656 1.715846098959431e-05 0.00099058777322061364 0.00093716532220132639 -0.0046599928412586452 -2.0391691848635624e-05 -0.00024939604774117476 0.00082318602651357655 -0.0013076714571565388 -0.00076158474460244171 0.0014426872853189707 -0.0010804603228345515 -0.0022292224841192363 0.00016485103145241742 6.5943818539380272e-06 0.0023091120481956748 0.00882813297919929 -0.0013392311263829468 7.2268962487578441e-05
leaf_weight=3131 512 42 318 185 40 233 776 399 97 627 929 1511 519 455 1229 2458 129 175 262 120 137 117 1126 124 269 167 863 56 213 844
leaf_count=3131 512 42 318 185 40 233 776 399 97 627 929 1511 519 455 1229 2458 129 175 262 120 137 117 1126 124 269 167 863 56 213 844
internal_value=-3.90279e-05 -0.00589757 -0.00866273 0.00801157 -0.00302398 -0.00157175 0.00350509 -0.00426426 -0.000875 0.0100333 -0.00430419 -0.0109883 -0.00556873 0.00806223 0.0042936 -0.011165 0.00257592 0.00519303 0.00616071 -0.00199052 7.97872e-05 0.00203747 -0.00412712 -0.00156056 -0.000725806 0.00584109 0.00980288 0.00137177 -0.00183333 -0.000435233
internal_weight=18063 10455 5327 7608 5128 1316 2357 998 599 5251 4174 4011 2698 2120 2172 3969 954 802 391 1476 563 426 1769 643 309 1396 1318 502 269 964
internal_count=18063 10455 5327 7608 5128 1316 2357 998 599 5251 4174 4011 2698 2120 2172 3969 954 802 391 1476 563 426 1769 643 309 1396 1318 502 269 964
is_linear=0
shrinkage=0.03


Tree=2
num_leaves=31
num_cat=0
split_feature=6 6 0 6 12 6 12 6 12 0 6 8 3 3 6 6 12 4 8 2 0 8 0 0 6 3 3 6 6 2
split_gain=913.967 99.7864 99.2058 60.6318 39.3924 31.5549 19.8402 16.9214 12.492 11.7936 11.4799 9.90587 9.70304 8.83104 10.0858 8.57588 8.55617 7.78202 6.92369 5.9996 5.70958 5.61767 5.5235 5.50506 5.36179 5.26056 5.77067 6.22009 5.05208 4.82863
threshold=0.18447141845543505 0.3045360134814859 71.971380471380485 0.11853824974299078 0.59770972956937329 0.39976934944685999 0.51905515258422652 0.2246230654245647 0.50521206561796139 0.96956260708859066 0.36510725631015456 0.40560317244702321 1.8227734051377682 115.6892197701542 0.95551144502743646 0.15749863593549487 0.53659535729862007 0.91156299456865331 0.24296903105217685 0.28633301452658055 1.8310094677251161 0.2877578702234716 10.461542850621935 1018.2000000000002 0.27280750455622199 119.87480644909078 1.5018330556330082 0.16712390628824461 0.35296019100844861 0.21432844464132547
decision_type=2 2 8 2 2 2 2 2 2 10 2 8 10 8 2 2 2 10 10 10 10 10 10 8 2 10 8 2 2 10
left_child=3 4 10 8 7 19 15 16 9 -1 22 -11 20 14 17 18 -2 -7 -5 -4 -9 -14 -3 24 -6 26 -8 29 -21 -28
right_child=1 2 5 6 23 13 25 12 -10 11 -12 -13 21 -15 -16 -17 -18 -19 -20 28 -22 -23 -24 -25 -26 -27 27 -29 -30 -31
leaf_value=0.0057872611831650137 -0.00063903476484306141 -0.0022279091429673135 0.001599216497624293 0.00098400479598529625 0.00048929808862321086 -0.0012658763592811302 0.00056502760795550425 -0.0016534114121608435 0.0029004397418126463 0.0018076812855675815 -0.0044345870025493204 0.0004038376461490989 -0.00056862856379337608 -0.0017532288157157598 -0.01445486452159658 -5.9669285584241713e-06 0.0001898992446921767 0.00047287060797214519 0.00014798219379130753 0.001195053881155327 -0.0010071088324449954 -0.0015428374495971948 2.8226276043802343e-05 0.00071462568904459469 -0.00022588090329989796 2.3998173257801721e-05 0.0017700429814648815 0.0008982121779830195 -0.00028498593295924363 0.0021077994741280563
leaf_weight=414 1086 1453 167 527 756 184 539 717 2011 1299 2496 209 1298 332 79 644 573 391 236 50 186 514 59 68 173 101 621 438 87 370
leaf_count=414 1086 1453 167 527 756 184 539 717 2011 1299 2496 209 1298 332 79 644 573 391 236 50 186 514 59 68 173 101 621 438 87 370
internal_value=4.97815e-05 -0.00557123 -0.00849217 0.00814372 -0.00268894 -0.00125484 0.00525453 -0.00391543 0.0106952 0.00895476 -0.0108207 0.00771372 -0.00537371 -0.00386018 -0.00183206 0.00250355 -0.00152711 -0.000442708 0.00465314 0.00718033 -0.00791482 -0.0041037 -0.00874422 0.00269038 0.00208065 0.00712319 0.00746572 0.00846503 0.0025 0.00978327
internal_weight=18078 10669 5298 7409 5371 1290 3476 4374 3933 1922 4008 1508 2715 986 654 1407 1659 575 763 304 903 1812 1512 997 929 2069 1968 1429 137 991
internal_count=18078 10669 5298 7409 5371 1290 3476 4374 3933 1922 4008 1508 2715 986 654 1407 1659 575 763 304 903 1812 1512 997 929 2069 1968 1429 137 991
is_linear=0
shrinkage=0.03


Tree=3
num_leaves=31
num_cat=0
split_feature=6 6 0 6 6 12 6 7 5 12 6 6 12 6 0 7 0 3 9 9 9 9 8 7 9 6 3 6 6 9
split_gain=867.134 103.383 91.5427 71.0483 42.0705 32.6362 31.8117 26.0739 17.0733 14.5128 12.0276 8.63123 8.26029 11.5857 8.25011 8.02285 7.82741 7.3911 7.38851 6.39227 6.30496 6.19466 6.52949 5.87017 5.76789 5.66819 6.10649 5.44884 5.3042 5.3026
threshold=0.18447141845543505 0.26387075255632558 71.971380471380485 0.11853824974299078 0.37332282233807274 0.57135230075797783 0.33939164898388446 0.2409652070002585 8.72037890005919 0.49108407698033629 0.54276308619466695 0.15614643298000355 0.50521206561796139 0.078854845117690711 10.461542850621935 0.29047292052127976 1.8310094677251161 1.4556959316398335 0.29631534690340727 2.7644202707565282 0.42236918320310829 0.29191802083968971 -0.10041251417925713 0.77787769925666173 -0.67143774308222415 0.23586931723725171 1.2664891992460572 0.48453994406737172 0.20509103792858599 0.16221528686965361
decision_type=2 2 8 2 2 2 2 2 2 2 2 2 2 2 10 2 8 8 8 8 8 10 10 2 8 2 8 2 2 8
left_child=3 5 6 12 19 15 14 18 10 -9 -6 17 13 -1 21 29 28 -11 -5 -4 -15 22 -3 -13 -8 26 -17 -10 -7 -2
right_child=1 2 4 7 8 16 24 9 27 11 -12 23 -14 20 -16 25 -18 -19 -20 -21 -22 -23 -24 -25 -26 -27 -28 -29 -30 -31
leaf_value=0.0030875472731447967 0.00024727213032921773 0.00089533152840787558 -5.5665213449410941e-05 0.00063919881866565469 0.00044436406716154894 0.00031582993506551726 -0.00032726843906555293 0.00032032023716140073 -0.00089965717241328221 0.00078749160505134613 -0.0025053000512547793 0.00077220697221970654 0.0027246597362800685 0.0012458319522372632 0.00039519048498708767 -0.0014046917750816235 0.00050642114483496169 0.0019204316779898526 -0.0011703015620861479 0.0013433564042909813 0.00030280642654068773 -0.0019038907830321418 -0.0012736063535586186 -0.00011672276414725464 -0.0038847949082962052 -0.0009055956301866285 -0.00015441586077952747 -0.0033331628267483041 -0.00051582459769958602 -0.0018585363682638663
leaf_weight=1263 49 68 40 65 379 132 51 708 234 477 351 1079 2025 385 66 201 926 874 175 240 232 1531 697 140 2992 800 1389 112 147 302
leaf_count=1263 49 68 40 65 379 132 51 708 234 477 351 1079 2025 385 66 201 926 874 175 240 232 1531 697 140 2992 800 1389 112 147 302
internal_value=1.48916e-05 -0.0054478 -0.00769965 0.00789399 -0.00072955 -0.00158855 -0.00944784 0.00479966 -0.00342618 0.00549863 -0.000820793 0.00654609 0.0106797 0.00923445 -0.0068303 -0.00339716 0.00252488 0.00819896 -0.00473029 0.00960854 0.00584951 -0.00713104 -0.00491514 0.00470902 -0.0114767 -0.0027729 -0.00173476 -0.0089049 -0.001875 -0.00762784
internal_weight=18130 10707 6761 7423 1356 3946 5405 3518 1076 3278 730 2570 3905 1880 2362 2741 1205 1351 240 280 617 2296 765 1219 3043 2390 1590 346 279 351
internal_count=18130 10707 6761 7423 1356 3946 5405 3518 1076 3278 730 2570 3905 1880 2362 2741 1205 1351 240 280 617 2296 765 1219 3043 2390 1590 346 279 351
is_linear=0
shrinkage=0.03


Tree=4
num_leaves=31
num_cat=0
split_feature=6 6 9 6 12 6 6 12 12 6 5 6 12 6 9 5 12 9 9 2 6 8 12 5 6 12 9 5 2 5
split_gain=865.358 99.2375 71.3701 60.5399 40.4617 25.0204 16.9389 16.5063 13.0924 12.3991 11.7231 20.008 10.3253 9.01828 8.99438 8.55544 9.55459 9.05203 8.42612 8.2835 7.25297 6.38782 6.0603 6.93937 5.3702 4.84475 4.49313 4.18446 3.96701 3.91378
threshold=0.18447141845543505 0.3045360134814859 -0.67143774308222415 0.12459420986330817 0.59770972956937329 0.38273966648234042 0.22759778840609982 0.53199622061529206 0.50521206561796139 0.0656767101207585 8.7700508696984709 0.54276308619466695 0.47729516072294265 0.36510725631015456 -0.85576102661335829 9.5183763842326634 0.4983846272093177 0.27989698893416931 1.1288066580392073 0.33970965647905416 0.2712016722872051 0.29039879002787278 0.33335832672793625 6.9132390964851194 0.15614643298000355 0.6590460662888461 0.3545240185172604 9.1309724131520458 0.19684058703774135 8.0802369848886979
decision_type=2 2 10 2 2 2 2 2 2 2 2 2 2 2 10 2 2 10 10 10 2 10 2 2 2 2 10 2 8 2
left_child=3 4 5 8 6 27 12 24 9 -1 11 29 28 -4 -6 16 -8 19 -18 -17 -16 -11 -13 -24 -5 -9 -26 -3 -2 -7
right_child=1 2 13 7 14 10 15 25 -10 21 -12 22 -14 -15 20 17 18 -19 -20 -21 -22 -23 23 -25 26 -27 -28 -29 -30 -31
leaf_value=0.003171474525267387 -0.0017454500232203687 0.0011459458305326624 -0.0020334609478783127 0.00078128268769050513 0.0016388983186513733 0.00094972993464150196 -0.0016818689161332155 0.0010956018931893667 0.0026322361021883212 0.0013132980033838545 -0.0019234698668897788 -0.014478689401949648 -5.0011691607257032e-05 -0.0036963870819461376 0.00043765929907955422 -0.00081519249019195187 0.00040232583433433549 -0.0014725984185748303 -0.0013834587336666215 0.00092659884323595518 -0.00047847205684532968 0.00021964690971089385 -0.00061059408187787698 -0.0027254132210256178 0.00037795815167110776 8.1343822747877718e-05 -0.00031261883202003096 -5.6492857373006826e-05 -0.00055561485775843281 -0.00056657066239661777
leaf_weight=1096 224 196 1532 742 108 289 397 1567 2193 674 276 169 1335 2470 724 606 330 1100 137 68 170 193 180 75 457 107 336 56 242 100
leaf_count=1096 224 196 1532 742 108 289 397 1567 2193 674 276 169 1335 2470 724 606 330 1100 137 68 170 193 180 75 457 107 336 56 242 100
internal_value=-1.07438e-05 -0.0054242 -0.00832803 0.00791542 -0.00257166 -0.00233607 -0.00380068 0.00481776 0.0103055 0.00851578 -0.00430734 -0.00248771 -0.0015566 -0.0103347 0.00287139 -0.00533156 -0.00287861 -0.00652394 3.20513e-05 -0.00377778 0.00187709 0.00582373 -0.00698824 -0.00404297 0.00256836 0.00687761 0.000850126 0.00616601 -0.00539615 0.00242308
internal_weight=18149 10784 5343 7365 5441 1341 4439 3209 4156 1963 1089 813 1801 4002 1002 2638 864 1774 467 674 894 867 424 255 1535 1674 793 252 466 389
internal_count=18149 10784 5343 7365 5441 1341 4439 3209 4156 1963 1089 813 1801 4002 1002 2638 864 1774 467 674 894 867 424 255 1535 1674 793 252 466 389
is_linear=0
shrinkage=0.03


Tree=5
num_leaves=31
num_cat=0
split_feature=6 6 0 6 12 6 12 5 12 6 6 6 3 9 6 8 3 0 6 6 3 12 3 9 9 0 0 5 5 5
split_gain=781.727 99.6832 82.752 69.3034 34.5859 25.8962 15.9806 15.2502 13.4073 12.9844 11.9911 11.3387 10.0281 9.67612 9.05328 8.31242 8.2508 11.3744 7.32074 7.13284 7.41883 6.97312 6.44108 10.8338 6.38445 7.08944 6.36914 6.29619 6.15712 5.86041
threshold=0.19084698395055802 0.3045360134814859 71.971380471380485 0.1294895895794719 0.59770972956937329 0.3794896217049038 0.49108407698033629 8.9958467995562525 0.50521206561796139 0.080918680285823733 0.24171539547801404 0.36510725631015456 1.5563287000641282 -0.85576102661335829 0.95551144502743646 0.29039879002787278 1.2261091093365408 1.1446208829465807 0.16712390628824461 0.2712016722872051 2.3374069183000317 0.51605751314008008 1.8747625339279683 0.87514781901813354 1.2302078471422047 7.7720753871629418 1.8310094677251161 9.5944796881517256 6.7929052800254102 10.009310458997778
decision_type=2 2 8 2 2 2 2 2 2 2 2 2 10 10 2 10 8 10 2 2 10 2 10 10 10 10 10 2 2 2
left_child=3 4 11 8 10 -4 -5 14 9 -1 12 24 21 -6 28 -11 17 -10 -8 20 -15 -2 26 29 25 -3 -12 -14 -7 -24
right_child=1 2 5 6 13 7 18 -9 16 15 22 -13 27 19 -16 -17 -18 -19 -20 -21 -22 -23 23 -25 -26 -27 -28 -29 -30 -31
leaf_value=0.0027410793338103539 -0.0013381080762819232 -0.0018460147475068958 0.00094913854942926725 2.0260161484026776e-05 0.001539034709060252 0.0011816805978231422 0.0010200737615988357 -0.0015059650177656693 0.0019623125919657467 0.0011383812828003465 -0.0016695735818867197 -0.0041609012757907781 0.0003367728529039019 -0.0010992251388945865 -0.012008690921171405 -8.9489742362806315e-05 0.0026576702839750501 -0.00016971055032592261 0.00049084815002593569 -0.00046636108024131873 0.00047975666190657287 -6.7717567484724023e-05 -2.1427807876686633e-05 -0.0014923046012656077 -0.0023450236738962074 0.00052147462557602508 -0.0005950562309011212 -0.00025207275570418401 -0.00062634190396184005 -0.0010318633464920586
leaf_weight=1286 466 1054 218 791 107 334 1538 299 273 616 520 2481 556 44 95 177 1917 92 1027 173 625 188 530 397 409 42 186 886 319 402
leaf_count=1286 466 1054 218 791 107 334 1538 299 273 616 520 2481 556 44 95 177 1917 92 1027 173 625 188 530 397 409 42 186 886 319 402
internal_value=3.15807e-05 -0.0053644 -0.00826257 0.00725512 -0.00236764 -0.00157583 0.00401251 -0.00353531 0.00974897 0.0079976 -0.00355397 -0.0103837 -0.00195994 0.00279474 -0.00124166 0.00496851 0.0113403 0.00717213 0.00516173 0.00170819 0.00311194 -0.00503817 -0.00519401 -0.00395865 -0.00831673 -0.0071103 -0.00751061 -0.000561331 2.29358e-05 -0.0021865
internal_weight=18048 10331 5251 7717 5080 1265 3356 1047 4361 2079 4131 3986 2096 949 748 793 2282 365 2565 842 669 654 2035 1329 1505 1096 706 1442 653 932
internal_count=18048 10331 5251 7717 5080 1265 3356 1047 4361 2079 4131 3986 2096 949 748 793 2282 365 2565 842 669 654 2035 1329 1505 1096 706 1442 653 932
is_linear=0
shrinkage=0.03


Tree=6
num_leaves=31
num_cat=0
split_feature=6 6 0 6 12 6 12 5 6 12 0 6 6 12 3 3 6 5 3 12 2 0 6 5 0 12 2 3 6 0
split_gain=773.276 99.5641 91.7944 71.9352 34.541 29.6595 17.8506 14.7654 14.3013 13.4044 14.2993 12.6201 12.2568 9.08403 7.73203 7.54136 7.73176 6.76542 6.3784 6.34278 6.09218 7.59119 5.9789 6.25852 5.87988 5.87143 5.81479 5.67223 6.18766 5.94234
threshold=0.18825531768274131 0.29822255591477204 71.971380471380485 0.1294895895794719 0.59770972956937329 0.3794896217049038 0.51252847701438997 8.6911464844163806 0.2246230654245647 0.50521206561796139 0.96956260708859066 0.36510725631015456 0.95551144502743646 0.53804282157224292 1.7858850969349576 1.479035711074719 0.10104396128395977 9.4183702846557953 79.343886043410251 0.50978111560249773 0.33738400995314705 1.7350903107018565 0.078854845117690711 7.0071479203944476 10.461542850621935 0.68133823150834583 0.086585487999094143 1.5018330556330082 0.16712390628824461 1.2985876437909145
decision_type=2 2 8 2 2 2 2 2 2 2 10 2 2 2 10 8 2 2 10 2 10 10 2 2 10 2 10 8 2 10
left_child=3 4 11 9 8 -4 -5 12 13 10 -1 24 -7 -2 -10 16 -11 19 25 -16 -19 -22 23 -12 -3 27 -24 29 -29 -8
right_child=1 2 5 6 -6 7 18 -9 14 15 22 -13 -14 -15 17 -17 -18 20 -20 -21 21 -23 26 -25 -26 -27 -28 28 -30 -31
leaf_value=0.0054988984179085189 -0.00055270476118403529 -0.0019138374303313199 0.001029885229257968 0.00015454679817158005 0.00040785351754853806 0.00015691798414294939 0.0011752553180542878 -0.0014122131618710466 -0.0012046320413303488 0.0020994683808673214 0.00065658959511277022 -0.0039387516245161852 -0.011609377230279426 0.00032158423328516763 -0.0012929384095031506 0.0031544328512082241 0.00087254999667681261 -0.0010332218374194332 -0.00011194401014063923 0.00062651099187157678 0.00037049769215784928 -0.0011092290186910821 -2.5070406965672261e-05 0.0021093055518118728 7.5439880179654849e-05 -0.00092045618839396649 0.001056157181924791 0.0014690412828805843 0.00078767160603853477 0.00019412472881885095
leaf_weight=419 991 1695 251 1177 920 623 132 360 852 739 84 2511 104 522 241 1314 280 940 138 325 159 60 164 765 57 59 619 809 525 414
leaf_count=419 991 1695 251 1177 920 623 132 360 852 739 84 2511 104 522 241 1314 280 940 138 325 159 60 164 765 57 59 619 809 525 414
internal_value=1.06849e-05 -0.00522851 -0.00797662 0.00728891 -0.00215526 -0.00112024 0.00390783 -0.00326746 -0.00333659 0.00979704 0.00801901 -0.0101278 -0.000803571 -0.00102048 -0.0046955 0.011356 0.00939706 -0.00353708 0.00557988 -0.000846561 -0.00484914 -0.000340909 0.00674219 0.00848824 -0.00816315 0.0060232 0.00484056 0.00631579 0.00737079 0.00372943
internal_weight=18249 10611 5601 7638 5010 1338 3254 1087 4090 4384 2051 4263 727 1513 2577 2333 1019 1725 2077 566 1159 219 1632 849 1752 1939 783 1880 1334 546
internal_count=18249 10611 5601 7638 5010 1338 3254 1087 4090 4384 2051 4263 727 1513 2577 2333 1019 1725 2077 566 1159 219 1632 849 1752 1939 783 1880 1334 546
is_linear=0
shrinkage=0.03


Tree=7
num_leaves=31
num_cat=0
split_feature=6 6 0 6 12 6 6 3 12 5 6 12 6 9 3 12 9 12 0 3 0 5 7 6 7 12 7 7 7 9
split_gain=767.28 84.8595 89.7023 60.4528 32.9309 28.6416 14.7904 17.3374 14.1859 13.5757 12.6158 11.361 10.2174 9.44888 9.066 8.47412 7.6022 7.37329 8.34303 7.21942 7.00116 6.83054 6.42067 7.37071 6.10206 6.91485 6.04007 6.03169 5.95888 5.88162
threshold=0.18967962718592138 0.3045360134814859 71.971380471380485 0.1478201357119753 0.59770972956937329 0.3794896217049038 0.10104396128395977 1.2525571249815857 0.51252847701438997 8.9958467995562525 0.22620835638512207 0.33335832672793625 0.42883248867445595 -0.85576102661335829 1.7858850969349576 0.48001094690749868 0.82927343820360555 0.50521206561796139 0.93400836462739967 2.3374069183000317 1.7884722702726024 10.009310458997778 0.76606415112658255 0.47954549024946408 0.31810896838619312 0.48466699765243854 0.24902628222498488 0.18911026746998824 0.16056817893347705 1.2302078471422047
decision_type=2 2 8 2 2 2 2 8 2 2 2 2 2 10 10 2 10 2 10 10 10 2 2 2 2 2 2 2 2 10
left_child=3 4 12 6 10 -4 17 -8 28 11 27 -7 29 -6 20 -9 21 18 -1 -15 -12 24 -11 -24 -16 -26 -17 -2 -5 -3
right_child=1 2 5 8 13 9 7 15 -10 22 14 -13 -14 19 16 26 -18 -19 -20 -21 -22 -23 23 -25 25 -27 -28 -29 -30 -31
leaf_value=0.0064998452111321809 -0.0018221335518128019 -0.0018638373566635348 0.0010198326774285039 -0.0011957943906032368 0.0014806280622619884 -0.012008727751505757 0.00034323588057370494 0.00081568219037132545 0.00069868162832638575 -0.0017885871633365438 -0.001480390801259982 8.1234599481602368e-05 -0.0052696283561952809 -0.0021744399360337356 -0.0017915578103554302 0.00021251931009491339 -0.0010744618621722133 0.0027595130906861321 0.0018679438445720073 0.00027093036848962478 -0.00056487582330676028 -0.00092419940141818657 -0.00012327703381326686 -0.0026766757323816105 -0.0019245593569920576 0.00036467571761815334 0.0016515126738251506 -0.00015465496293371877 0.00011402715281223378 -0.0024260460240610338
leaf_weight=277 105 1782 243 46 113 100 426 250 1460 125 648 658 1385 53 58 85 574 1549 1320 777 224 538 129 62 128 526 1355 1407 814 864
leaf_count=277 105 1782 243 46 113 100 426 250 1460 125 648 658 1385 53 58 85 574 1549 1320 777 224 538 129 62 128 526 1355 1407 814 864
internal_value=-4.14777e-06 -0.00525571 -0.00790241 0.00726757 -0.00250679 -0.00110395 0.00904617 0.00709967 0.00323137 -0.0032093 -0.0036422 -0.00102767 -0.0101228 0.00255826 -0.00487208 0.00846245 -0.00366575 0.0103527 0.00890801 0.00144404 -0.00738832 -0.00235012 -0.00842271 -0.00492188 -0.000420757 0.000412214 0.00934768 -0.00144746 0.000174216 -0.00902153
internal_weight=18081 10499 5348 7582 5151 1317 5262 2116 2320 1074 4208 758 4031 943 2696 1690 1824 3146 1597 830 872 1250 316 191 712 654 1440 1512 860 2646
internal_count=18081 10499 5348 7582 5151 1317 5262 2116 2320 1074 4208 758 4031 943 2696 1690 1824 3146 1597 830 872 1250 316 191 712 654 1440 1512 860 2646
is_linear=0
shrinkage=0.03


Tree=8
num_leaves=31
num_cat=0
split_feature=6 6 0 6 12 6 7 12 5 6 0 9 9 6 9 2 6 2 7 12 2 9 9 6 5 12 7 12 12 5
split_gain=686.919 92.5622 80.3308 58.7616 30.7991 26.9316 22.2627 14.8386 13.4756 14.451 12.9796 12.4439 11.5933 10.462 9.62189 8.84466 8.70459 8.04498 7.74996 7.73137 7.63722 7.62517 7.52751 7.34331 6.78385 9.11873 6.63111 7.67818 6.22413 5.78669
threshold=0.18549099887354273 0.3045360134814859 71.971380471380485 0.12285973275333185 0.57135230075797783 0.37332282233807274 0.2409652070002585 0.53522948847951379 8.9430489870387166 0.514312017684461 0.96956260708859066 1.3346544395226663 -0.85576102661335829 0.23461259626488531 0.35927983890909726 0.086585487999094143 0.22313818676636024 0.31085970037701444 0.76768097067654995 0.49421955402678835 0.28633301452658055 -0.67143774308222415 0.79503175358851363 0.37332282233807274 8.7470342515484827 0.51319296468983178 0.80478096059541848 0.67203978865988201 0.46835906222365992 9.4865696096625669
decision_type=2 2 8 2 2 2 2 2 2 2 10 8 10 2 8 10 2 10 2 2 10 10 8 2 2 2 2 2 2 2
left_child=3 4 11 7 16 29 14 10 9 18 -1 21 -6 -14 -5 -12 -2 24 -7 -8 -20 -3 -19 -23 25 -18 27 -21 -26 -4
right_child=1 2 5 6 12 8 19 -9 -10 -11 15 -13 13 -15 -16 -17 17 22 20 26 -22 23 -24 -25 28 -27 -28 -29 -30 -31
leaf_value=0.004924826494545835 -0.00027899902132130035 0.00011551883936599397 0.001632337591992485 0.00054691066811617529 0.0012477471489251062 0.0013228576923310711 0.00032411510831737025 0.0026501800571807452 -0.001372035122477244 -0.0018307042168825265 0.00078256697201591313 -0.0036240252312230176 0.00044140901311661172 -0.00031433862634201476 -0.0014077149533218509 0.0016943280494560462 -0.001503549936502076 9.8553908059368506e-05 0.001091312708587786 0.00093748556933420679 -0.0009042369496311761 -0.0016033810278771731 -0.0014365813151994916 -0.0032599242397525767 -0.0023511580368629848 0.0012941083480632954 6.863320178145185e-06 -0.00096530463074562061 -0.00098182474350361681 0.00010949924533669649
leaf_weight=465 1370 70 147 71 121 237 718 1381 325 430 574 1575 728 775 151 1592 146 365 52 2195 64 1220 173 1157 312 75 192 47 1305 56
leaf_count=465 1370 70 147 71 121 237 718 1381 325 430 574 1575 728 775 151 1592 146 365 52 2195 64 1220 173 1157 312 75 192 47 1305 56
internal_value=-6.38474e-05 -0.00492012 -0.00771935 0.00697306 -0.00213927 -0.00126905 0.00405333 0.00942686 -0.00311091 -0.000975765 0.0080984 -0.00982103 0.00131077 0.000588431 -0.00511211 0.00711583 -0.00363491 -0.00473286 0.00351695 0.00470029 -0.00282051 -0.00847426 -0.00150278 -0.00876156 -0.005677 -0.000743243 0.00550719 0.00596523 -0.00635043 0.00875
internal_weight=18089 10703 5333 7386 5370 1311 3374 4012 1108 783 2631 4022 1624 1503 222 2166 3746 2376 353 3152 116 2447 538 2377 1838 221 2434 2242 1617 203
internal_count=18089 10703 5333 7386 5370 1311 3374 4012 1108 783 2631 4022 1624 1503 222 2166 3746 2376 353 3152 116 2447 538 2377 1838 221 2434 2242 1617 203
is_linear=0
shrinkage=0.03


Tree=9
num_leaves=31
num_cat=0
split_feature=6 6 0 6 12 6 12 8 2 2 6 0 3 7 6 3 7 12 9 6 2 9 7 8 4 12 3 6 6 8
split_gain=661.634 98.1586 81.8851 43.4106 29.3423 27.0929 19.5321 15.6072 14.7376 13.4524 12.9177 11.7022 10.1323 10.1292 9.55342 8.67982 10.0542 8.83242 8.27044 8.86971 7.88454 9.63282 7.5797 7.72126 7.55191 7.06176 8.48191 7.04653 6.33902 6.22314
threshold=0.17959146123175176 0.2898376437242583 103.2916971916972 0.10945663298499221 0.56114672175123281 0.44100445783652648 0.51117455978059512 -0.10041251417925713 0.083530290644605931 0.26484504263557612 0.36510725631015456 1.0457295924033454 115.6892197701542 0.2719607729708497 0.23586931723725171 1.5018330556330082 0.80478096059541848 0.67203978865988201 -0.47084466425182742 0.22759778840609982 0.3244810965111718 0.64858741758593474 0.13918493739625848 0.26344973138716032 1.5274472260755305 0.47265009815178344 1.8381872395252778 0.15355955196131579 0.514312017684461 0.39136906393380205
decision_type=2 2 8 2 2 2 2 8 8 10 2 10 8 2 2 8 2 2 10 2 10 8 2 10 10 2 8 2 2 10
left_child=3 4 7 8 13 9 22 -3 11 -4 -9 -1 24 -2 25 -8 17 27 -6 -20 -16 -22 -5 -24 -7 26 -15 -17 -26 -13
right_child=1 2 5 6 18 12 15 10 -10 -11 -12 29 -14 14 20 16 -18 -19 19 -21 21 -23 23 -25 28 -27 -28 -29 -30 -31
leaf_value=0.0021237506619373073 -0.0017289107386054257 0.0017441923395456564 0.0012571265035844273 -0.00092646423637108655 0.0017169067077430307 -0.0013925668355752401 0.00041720612089109243 -0.0017053522025566193 0.0024395193021446845 0.00012577110902802917 -0.0036404151708958042 0.00058903253174723876 -0.0018347825866006334 -0.0015409370826717768 -0.00099312227688009712 0.0019212625768550038 -0.00012975203829155581 -0.00087157150299228348 0.00036507538137776869 -0.00026038552717618749 0.00085737428393424541 -0.001650149666954107 0.0007039553172104384 -0.0003323746397350126 0.0023031956645467359 -1.1915984820155232e-05 0.00070201709244840547 0.00091290968435412941 -0.00069419510470628172 -0.00091738980058907714
leaf_weight=466 393 41 205 56 148 314 683 1951 2747 284 2514 279 232 297 1077 764 112 55 866 829 149 97 921 337 82 1194 135 637 120 50
leaf_count=466 393 41 205 56 148 314 683 1951 2747 284 2514 279 232 297 1077 764 112 55 866 829 149 97 921 337 82 1194 135 637 120 50
internal_value=-0.000120592 -0.00475432 -0.00745561 0.00700408 -0.00176147 -0.000617932 0.00466489 -0.00933215 0.00935648 0.00486735 -0.00950179 0.00574749 -0.00420561 -0.00343703 -0.0028322 0.00636101 0.00759082 0.00825669 0.00127711 0.000681014 -0.00472432 0.000121457 0.00175665 0.00223987 -0.00185687 -0.00129072 -0.00457275 0.00871969 0.0026601 0.00140909
internal_weight=18035 10928 5743 7107 5185 1237 3565 4506 3542 489 4465 795 748 3342 2949 2251 1568 1456 1843 1695 1323 246 1314 1258 516 1626 432 1401 202 329
internal_count=18035 10928 5743 7107 5185 1237 3565 4506 3542 489 4465 795 748 3342 2949 2251 1568 1456 1843 1695 1323 246 1314 1258 516 1626 432 1401 202 329
is_linear=0
shrinkage=0.03


Tree=10
num_leaves=31
num_cat=0
split_feature=13 13 9 13 13 12 7 13 12 13 12 5 13 7 7 3 5 3 7 7 8 9 12 3 7 12 9 9 12 8
split_gain=664.728 79.6663 64.9106 56.8785 31.5077 20.8239 17.8309 15.2072 14.4796 16.0932 12.0315 15.8945 10.9795 10.826 9.19685 8.71409 8.8101 7.95868 8.63463 7.56866 7.53073 7.08873 7.00352 6.87416 6.42773 6.40932 6.24137 6.09756 6.05406 8.21804
threshold=0.18967962718592138 0.28227605611218737 -0.67143774308222415 0.12459420986330817 0.3794896217049038 0.56114672175123281 0.2409652070002585 0.33939164898388446 0.50755918954334744 0.062669766956422471 0.33335832672793625 6.7929052800254102 0.16577961532326582 0.27955058484668488 0.28407475874408822 1.518741257858381 9.5704244974356687 1.5018330556330082 0.79302599270045326 0.68084063207149981 0.40560317244702321 0.37500156742577623 0.47729516072294265 1.518741257858381 0.63163431978688878 0.47155685088981486 -0.67143774308222415 1.3020063039635221 0.48551471345308611 0.45681835094012463
decision_type=2 2 10 2 2 2 2 2 2 2 2 2 2 2 2 10 2 8 2 2 8 8 2 8 2 2 8 10 2 10
left_child=3 5 4 8 -3 13 21 24 9 -1 -6 -12 17 -2 -11 25 28 -8 22 -18 -16 -5 -19 -10 -4 -15 -13 -9 -17 -30
right_child=1 2 7 6 10 -7 12 27 23 14 11 26 -14 15 20 16 19 18 -20 -21 -22 -23 -24 -25 -26 -27 -28 -29 29 -31
leaf_value=0.0027966946988790924 -0.0017477371501715814 0.00086186223147242285 -0.00091843759202417039 0.00038986086328437027 -0.013040132186061176 0.00013849106011760038 0.00055889418820323402 -0.0024146089400739076 0.0015628107344303626 -9.8130065989925693e-05 0.001087141566247795 0.00052784603459029309 0.0003405873675251382 -0.0019535921075305206 0.0011799454373273579 -0.00081318719071557142 -0.00022497285213249658 0.00036764032982900148 0.0001080710812746271 -0.0015712929731217784 -0.00067193628555258097 -0.0013283095402993003 0.0015175543811292058 0.0030995158613553197 -0.001791097332859535 -0.00049895457959933166 -0.0010907683865020313 -0.0033382402243674124 0.00083599641742661593 -0.0033163340691919839
leaf_weight=1099 342 312 902 86 175 1500 806 1757 973 191 344 55 1287 300 677 227 688 95 128 292 95 151 968 1096 777 463 546 1251 424 53
leaf_count=1099 342 312 902 86 175 1500 806 1757 973 191 344 55 1287 300 677 227 688 95 128 292 95 151 968 1096 777 463 546 1251 424 53
internal_value=-7.14246e-05 -0.00500624 -0.00720343 0.00664053 -0.001612 -0.00187063 0.00383731 -0.00891105 0.00902832 0.00724188 -0.00396075 -0.00261628 0.00441096 -0.00340323 0.00440353 -0.00270221 -0.00149555 0.0058033 0.00736158 -0.00333333 0.00586028 -0.00409664 0.00824718 0.0108043 -0.00661607 -0.00535995 -0.00555648 -0.0101894 0.00106383 0.00298117
internal_weight=18060 10408 6119 7652 1432 4289 3521 4687 4131 2062 1120 945 3284 2789 963 2447 1684 1997 1191 980 772 237 1063 2069 1679 763 601 3008 704 477
internal_count=18060 10408 6119 7652 1432 4289 3521 4687 4131 2062 1120 945 3284 2789 963 2447 1684 1997 1191 980 772 237 1063 2069 1679 763 601 3008 704 477
is_linear=0
shrinkage=0.03


Tree=11
num_leaves=31
num_cat=0
split_feature=6 6 0 6 6 0 6 7 5 2 6 6 6 7 6 6 7 5 3 3 0 6 3 0 7 5 7 7 8 2
split_gain=609.182 78.4466 70.948 53.3171 23.4408 17.5468 19.049 15.3485 12.3236 11.7056 10.6229 10.2645 9.48461 9.10022 8.95253 8.53291 8.33138 7.90465 7.40291 7.40051 7.04612 14.3662 6.78139 7.92762 6.58024 6.41632 6.03364 5.76324 5.64115 5.32615
threshold=0.18447141845543505 0.31614317817427567 71.971380471380485 0.12459420986330817 0.44100445783652648 2.3439732576560401 0.24171539547801404 0.24902628222498488 8.0802369848886979 0.083530290644605931 0.04519648149356837 0.0656767101207585 0.53129637843406929 0.29047292052127976 0.54276308619466695 0.16346981927806062 0.18911026746998824 9.4424436638760749 1.5563287000641282 1.2337092922574826 21.534172661870507 0.27443288607412325 56.620248550398607 21.534172661870507 0.80730864791137591 9.4656800185062711 0.31810896838619312 0.58282327039727411 0.29291537296484044 0.34177610158071903
decision_type=2 2 8 2 2 8 2 2 2 8 2 2 2 2 2 2 2 2 10 8 8 2 8 10 2 2 2 2 10 10
left_child=3 5 12 9 17 6 16 -5 14 10 -1 -11 22 -13 29 19 -2 -4 28 -9 21 -7 23 -3 -17 -15 -8 -28 -18 -6
right_child=1 2 4 7 8 20 26 15 -10 11 -12 13 -14 25 -16 24 18 -19 -20 -21 -22 -23 -24 -25 -26 -27 27 -29 -30 -31
leaf_value=0.0017221890297391259 -0.0014144434994174827 -0.0021760576589240459 0.00088434725755203586 -0.00067932443372691552 -0.00056515516656636673 0.00034263346913641316 -0.0020257731263068719 0.00013914831081610426 -0.0017536821303725718 0.0036974697652088556 0.00031539391363013435 0.00025328685927314323 -0.0097920631459341954 0.0017220422048945915 -0.0018710546148004695 0.00043944680000463417 -0.0003168642431718997 -0.00028313042746643089 1.9419342320852601e-05 0.00099468367495465001 0.00081861617325487571 -0.00077424616252750342 -0.0027694612941132502 0.00099791874975099976 -0.00068058390416193847 0.0015572175258080558 -0.00040724658861775214 -0.0013357301052618032 -0.0020231642580255033 0.001731434329002233
leaf_weight=513 142 2510 316 239 80 777 250 246 292 1399 335 218 487 505 337 1065 596 121 1623 1611 150 384 625 45 69 1189 657 1018 129 102
leaf_count=513 142 2510 316 239 80 777 250 246 292 1399 335 218 487 505 337 1065 596 121 1623 1611 150 384 625 45 69 1189 657 1018 129 102
internal_value=1.83018e-05 -0.00457668 -0.00735659 0.00663532 -0.00117694 -0.00218963 -0.00309443 0.00374188 -0.00419335 0.00888101 0.00572438 0.0096875 -0.00945883 0.00824882 -0.00141346 0.00432654 -0.0013609 0.00441781 -0.000932312 0.00557858 0.00085747 6.45439e-05 -0.00885571 -0.00816315 0.00227313 0.00899115 -0.00533489 -0.00468079 -0.00345041 0.00393443
internal_weight=18030 10641 4915 7389 1248 5726 4415 3230 811 4159 848 3311 3667 1912 519 2991 2490 437 2348 1857 1311 1161 3180 2555 1134 1694 1925 1675 725 182
internal_count=18030 10641 4915 7389 1248 5726 4415 3230 811 4159 848 3311 3667 1912 519 2991 2490 437 2348 1857 1311 1161 3180 2555 1134 1694 1925 1675 725 182
is_linear=0
shrinkage=0.03


Tree=12
num_leaves=31
num_cat=0
split_feature=6 6 0 6 12 6 7 12 6 6 5 9 12 6 5 3 9 4 4 8 3 7 9 5 8 7 12 8 3 8
split_gain=604.628 73.2394 70.7523 62.0861 30.7863 18.3037 17.0725 13.8993 17.9799 12.4379 11.3281 9.98536 9.63766 9.38953 9.14151 8.47983 8.49359 8.16287 7.77259 7.42414 7.39801 7.2769 6.93975 6.90691 7.7578 8.35158 7.61981 6.40689 6.31484 6.26104
threshold=0.19084698395055802 0.31909806461444218 71.971380471380485 0.12459420986330817 0.59770972956937329 0.44100445783652648 0.2409652070002585 0.50521206561796139 0.062669766956422471 0.2246230654245647 8.72037890005919 -0.85576102661335829 0.47815933025075802 0.53129637843406929 8.8700307599038375 1.7858850969349576 1.1079415857098416 0.50107533479342348 1.033381984850174 -0.007713296804789784 1.583411611686744 0.26488621895598646 0.35043132208116418 9.4183702846557953 -0.11558925516959305 0.66359041088746584 0.39100629057196373 0.4252007808903035 1.518741257858381 0.22408335823166725
decision_type=2 2 8 2 2 2 2 2 2 2 2 10 2 2 2 10 10 10 10 8 10 2 8 2 10 2 2 10 8 8
left_child=3 4 13 7 9 14 22 8 -1 20 18 -6 -8 19 -4 -11 23 -18 -7 -3 -2 -10 -5 26 -25 -26 -17 -23 -9 -13
right_child=1 2 5 6 11 10 12 28 21 15 -12 29 -14 -15 -16 16 17 -19 -20 -21 -22 27 -24 24 25 -27 -28 -29 -30 -31
leaf_value=0.0026727444332975687 -0.00066222130559313364 0.00087979442360883371 0.0010128646201358307 0.00050952879719074016 0.0011722446816193281 -0.0019762914819355356 8.2092789027340547e-05 0.0014009391547766821 -0.0001878312474042556 -0.0011741950400488421 -0.0019933445837127263 0.00033066919535989153 0.000742471985163872 -0.0097541741568105342 -0.00023689956506410184 -0.0033929209719529992 0.00025265557168615725 -0.0013636084185958827 0.00032875644231611725 -0.0022870188565619239 7.0076118850609108e-05 0.0010978305484332955 -0.0012126284956217662 0.0007319496320201224 -0.0004917417663955904 -0.0012043483894212642 0.00037756089889513946 -0.0013995976682798705 0.0029201130438444279 -0.00047754736179056716
leaf_weight=1076 520 52 255 77 143 218 549 1038 166 939 219 651 2786 496 180 47 64 386 384 3077 875 669 170 72 773 343 462 74 1147 209
leaf_count=1076 520 52 255 77 143 218 549 1038 166 939 219 651 2786 496 180 47 64 386 384 3077 875 669 170 72 773 343 462 74 1147 209
internal_value=-1.40744e-05 -0.00475352 -0.00742626 0.00632271 -0.00237375 -0.00128878 0.0034245 0.00881084 0.0069864 -0.00343708 -0.00392336 0.0023755 0.00398831 -0.00955185 0.00368119 -0.00449951 -0.0034567 -0.00711752 -0.00179104 -0.0089377 -0.00108524 0.00387363 -0.00417339 -0.00248233 -0.00373423 -0.00435094 0.000441176 0.00514113 0.0104643 0.00114983
internal_weight=18117 10365 4881 7752 5484 1256 3582 4170 1985 4481 821 1003 3335 3625 435 3086 2147 450 602 3129 1395 909 247 1697 1188 1116 509 743 2185 860
internal_count=18117 10365 4881 7752 5484 1256 3582 4170 1985 4481 821 1003 3335 3625 435 3086 2147 450 602 3129 1395 909 247 1697 1188 1116 509 743 2185 860
is_linear=0
shrinkage=0.03


Tree=13
num_leaves=31
num_cat=0
split_feature=13 13 12 13 2 0 9 5 7 12 0 12 9 9 5 13 2 7 2 13 12 9 9 7 2 0 5 12 12 0
split_gain=559.308 69.0197 64.6438 41.2661 29.8535 29.7078 22.0208 20.9413 17.0195 15.0036 13.6758 12.8514 11.9693 8.6958 8.6187 9.28492 8.43067 7.83267 7.17627 8.12496 6.93898 8.36583 6.70635 6.52653 7.69344 6.16363 6.12017 6.08963 10.2003 7.22414
threshold=0.20065251746842819 0.12285973275333185 0.56967590800445722 0.31909806461444218 0.30259729942078123 71.971380471380485 -0.67143774308222415 7.1963113371376508 0.2409652070002585 0.51984067452185923 0.94640095618003506 0.47815933025075802 1.415660116296116 0.29631534690340727 8.9430489870387166 0.54276308619466695 0.086585487999094143 0.80730864791137591 0.3244810965111718 0.25064582114878681 0.6272534986673165 0.62712002741482775 0.95192978183558929 0.43075357089990091 0.33970965647905416 1.0519236542288883 9.4183702846557953 0.67203978865988201 0.58661834550826653 1.3199669909586311
decision_type=2 2 2 2 10 8 10 2 2 2 10 2 8 8 2 2 10 2 10 2 2 10 8 2 10 10 2 2 2 10
left_child=1 9 3 18 6 12 -4 -6 13 10 -1 -10 -5 -3 15 23 25 27 19 26 -9 -22 -20 -7 -25 -12 -2 28 29 -13
right_child=2 8 4 5 7 14 -8 20 11 -11 16 17 -14 -15 -16 -17 -18 -19 22 -21 21 -23 -24 24 -26 -27 -28 -29 -30 -31
leaf_value=0.005477804159890679 -3.2334484925337704e-05 0.00051141712071951729 0.0011847800434714026 -0.0022968169442262177 0.0021983411541223741 -0.0011053654955380436 -1.7655049836574205e-05 -0.0011308805352586535 -2.6248531303425768e-05 0.0021026429417649985 0.0011964906116587095 0.00098201190559880198 -0.0046094816144913332 -0.00100820929208544 -0.0026812292288609196 -0.0021504630516440562 0.0015006279905964775 -9.2299443879856677e-05 0.00012580549517203428 -0.0013903265329475336 0.0012305074331127918 -0.00032145071347488592 -0.0011733137492431107 -0.00025895109954092015 0.0024712438127566859 1.5018406211983227e-05 -0.00064400431046582037 -0.00072964714270056517 0.0014777562485042744 0.00036533021690779714
leaf_weight=341 422 72 313 1912 102 43 1311 997 672 1780 268 772 1035 216 83 374 1372 237 452 1299 60 111 189 80 96 322 1079 63 662 1448
leaf_count=341 422 72 313 1912 102 43 1311 997 672 1780 268 772 1035 216 83 374 1372 237 452 1299 60 111 189 80 96 322 1079 63 662 1448
internal_value=-8.3315e-05 0.00570569 -0.00486495 -0.00641189 -0.00108808 -0.00864652 0.00160615 -0.00453186 0.0029761 0.00847331 0.00686849 0.00350195 -0.00994742 -0.00404844 -0.00296898 -0.00169192 0.00589913 0.00429783 -0.00405723 -0.0047126 -0.00567151 -8.72093e-05 -0.00119159 0.00320455 0.00576271 0.0028934 -0.00320573 0.00471996 0.00492196 0.00394417
internal_weight=18183 8225 9958 7064 2894 3623 1624 1270 4142 4083 2303 3854 2947 288 676 593 1962 3182 3441 2800 1168 171 641 219 176 590 1501 2945 2882 2220
internal_count=18183 8225 9958 7064 2894 3623 1624 1270 4142 4083 2303 3854 2947 288 676 593 1962 3182 3441 2800 1168 171 641 219 176 590 1501 2945 2882 2220
is_linear=0
shrinkage=0.03


Tree=14
num_leaves=31
num_cat=0
split_feature=6 6 0 6 12 6 6 12 6 6 3 12 2 2 7 3 9 8 3 12 6 0 8 7 9 12 7 4 12 3
split_gain=547.75 69.8833 62.5242 48.2916 24.9585 23.6039 16.3579 16.5578 12.8819 11.9278 10.8254 10.6302 10.3471 8.11833 7.79359 7.77194 7.7608 7.18632 6.9277 8.26518 6.40133 6.37819 6.22657 5.94865 5.94052 6.1821 5.56995 5.25492 5.10589 5.09261
threshold=0.18447141845543505 0.3045360134814859 71.971380471380485 0.1478201357119753 0.59770972956937329 0.44100445783652648 0.080918680285823733 0.4926792339946956 0.47388133118783143 0.25567780403746815 1.4556959316398335 0.51252847701438997 0.088727250944080197 0.28853199338340696 0.25659327045898639 115.6892197701542 -0.85576102661335829 -0.007713296804789784 1.56227253263946 0.46429380105214979 0.95551144502743646 0.89614291035951976 0.29039879002787278 0.25659327045898639 2.2463158655012534 0.56967590800445722 0.22743188815460028 0.56369732862759314 0.62532210918754949 51.907025329674006
decision_type=2 2 8 2 2 2 2 2 2 2 8 2 10 10 2 8 10 8 10 2 2 10 10 2 10 2 2 10 2 8
left_child=3 4 8 6 9 13 12 22 17 14 -9 26 21 -4 -2 20 -6 -3 19 -16 -7 -1 -8 -12 25 -19 -5 -20 -15 -11
right_child=1 2 5 11 16 15 7 10 -10 29 23 -13 -14 28 18 -17 -18 24 27 -21 -22 -23 -24 -25 -26 -27 -28 -29 -30 -31
leaf_value=0.0061814029833473522 -0.0011151361752875862 0.00071464916854189109 0.0010924596570683076 -0.0010750752812264638 0.0011599225676291619 -0.00030504753802121907 0.00083690690785928493 0.00064921910292074488 -0.0058629449951577229 -0.0010292479193201077 -3.7169248438647173e-05 0.00051224205064789722 0.0028890212785076517 -0.00034037316065666981 -0.0016977102934322627 -0.0018558122731175642 0.00012368361291641551 -0.0018831178515332971 0.00050798174757801448 -0.0002582034929776841 -0.011737005296578933 0.0010263028782202868 -0.00039012420097741179 0.0016716311258114956 -0.0022857812799610953 -0.00059394256431042681 5.6309274078323797e-05 -0.00016189074896691004 0.00076392671674596797 -0.0012626083101159094
leaf_weight=98 292 58 229 87 116 490 600 828 856 1357 49 1308 1676 182 216 246 871 1944 338 589 75 643 191 1190 704 456 666 1465 70 164
leaf_count=98 292 58 229 87 116 490 600 828 856 1357 49 1308 1676 182 216 246 871 1944 338 589 75 643 191 1190 704 456 666 1465 70 164
internal_value=-0.000157851 -0.00448083 -0.00692525 0.00615783 -0.00207987 -0.00118329 0.00767911 0.00613851 -0.00877084 -0.00304274 0.00755077 0.00226237 0.00949752 0.00407676 -0.00191313 -0.00430419 0.00223178 -0.00788176 -0.00139134 -0.00370347 -0.00235866 0.00652965 0.00244318 0.00932661 -0.00807729 -0.00735943 -0.000576923 -0.000357539 0.000355731 -0.00519382
internal_weight=18054 10718 5310 7336 5408 1292 5275 2858 4018 4421 2067 2061 2417 481 2900 811 987 3162 2608 805 565 741 791 1239 3104 2400 753 1803 252 1521
internal_count=18054 10718 5310 7336 5408 1292 5275 2858 4018 4421 2067 2061 2417 481 2900 811 987 3162 2608 805 565 741 791 1239 3104 2400 753 1803 252 1521
is_linear=0
shrinkage=0.03


Tree=15
num_leaves=31
num_cat=0
split_feature=13 13 0 13 13 13 12 12 9 0 7 12 5 13 7 5 1 7 7 13 5 8 12 12 8 9 0 5 8 13
split_gain=488.784 91.8582 52.7556 30.7668 26.1404 25.5827 21.139 19.5757 9.9838 8.83289 11.0582 8.65508 8.60449 8.25474 8.06935 7.88185 7.83503 7.7386 7.66658 7.54821 7.2928 6.80003 6.74447 6.71158 6.61264 6.44818 6.44793 5.60153 6.1837 5.5473
threshold=0.16577961532326582 0.26387075255632558 71.971380471380485 0.080918680285823733 0.44100445783652648 0.33694328911748844 0.52286474349857925 0.49594035742835557 1.362125787046814 7.2492424242424249 0.58282327039727411 0.60148199686203496 8.0294327875302809 0.95594831705173477 0.21933275559986354 8.7470342515484827 2.3654866946778714 0.24902628222498488 0.3246998071231163 0.21606197086554782 9.4183702846557953 0.20099500354705027 0.55766309349378951 0.4754179241400382 0.29039879002787278 -0.40204854588445665 71.971380471380485 10.174944963947311 0.35001753417288667 0.12000434695072838
decision_type=2 2 8 2 2 2 2 2 8 10 2 2 2 2 2 2 2 2 2 2 2 8 2 2 10 10 10 2 10 2
left_child=3 6 5 -1 20 9 17 24 25 10 18 15 13 -6 -9 -8 -13 -2 21 -17 -4 -3 -10 -19 -5 -7 -14 28 -20 -16
right_child=1 2 4 7 12 8 11 14 22 -11 -12 16 26 -15 29 19 -18 23 27 -21 -22 -23 -24 -25 -26 -27 -28 -29 -30 -31
leaf_value=0.0023174055194248727 -0.0013983405039321136 0.00015148770581566813 0.0010167221567308573 0.00062042755114114444 1.2233451984408964e-05 8.1197124393197622e-05 0.0011407065415974748 -0.00014834694888067338 -0.0051354917434239039 0.0004328633619387759 -0.0014781665646306547 0.00061038875185289582 -0.000291481288830462 -0.010801810121748964 0.0014743361534084508 0.00015983720163284521 -0.00046557239672557582 -0.00082641215099629902 0.00024015149341283335 -0.00033462645165213201 -4.4998336895443365e-05 -0.0020755974599856886 -0.0017957380063081279 -9.4149198167809659e-05 -0.0003900969946326585 -0.0020943111818385817 -0.0019075585862976304 -0.00073146597603975807 -0.0017177838802597872 0.00093163011321233731
leaf_weight=2464 289 63 357 895 428 93 219 101 881 94 1243 803 80 84 942 938 55 756 369 837 194 189 488 1070 265 1658 224 287 68 1662
leaf_count=2464 289 63 357 895 428 93 219 101 881 94 1243 803 80 84 942 938 55 756 369 837 194 189 488 1070 265 1658 224 287 68 1662
internal_value=-5.63629e-05 -0.00367225 -0.00593736 0.00666588 -0.00066886 -0.00726261 -0.000570652 0.00499353 -0.00903557 -0.00486819 -0.00525 0.00111462 -0.00407589 -0.00169591 0.00639135 3.00752e-05 0.00363213 -0.00284263 -0.00285568 -0.000633446 0.004375 -0.00735178 -0.0109599 -0.00211823 0.00173127 -0.00752568 -0.00806557 -0.00128276 0.000856164 0.00671401
internal_weight=18096 11767 6800 6329 1367 5433 4967 3865 3120 2313 2219 2852 816 512 2705 1994 858 2115 976 1775 551 252 1369 1826 1160 1751 304 724 437 2604
internal_count=18096 11767 6800 6329 1367 5433 4967 3865 3120 2313 2219 2852 816 512 2705 1994 858 2115 976 1775 551 252 1369 1826 1160 1751 304 724 437 2604
is_linear=0
shrinkage=0.03


Tree=16
num_leaves=31
num_cat=0
split_feature=0 12 0 12 9 2 2 12 12 12 2 0 7 8 8 0 3 2 12 0 7 3 8 0 0 0 2 1 2 12
split_gain=307.267 81.2714 61.3796 70.1218 41.9411 23.4256 19.7716 19.2506 14.2025 14.0615 16.9748 13.7559 13.186 10.6247 9.87502 11.9862 9.25287 8.98296 8.37269 7.8469 7.67551 12.0394 7.54015 7.42813 7.39305 7.29685 7.19827 7.15243 7.14031 8.77034
threshold=1.4053019619473526 0.59770972956937329 1.0951171072174184 0.4934673347882636 1.3346544395226663 0.33171452816483177 0.24537228748576492 0.51605751314008008 0.32195612057937478 0.55766309349378951 0.29049757101868173 1.3199669909586311 0.21933275559986354 0.16926744793440948 0.28009331138894283 2.1115456384415441 23.807097851762688 0.088727250944080197 0.5402280177774893 41.491666666666674 0.53932608398719395 2.1112676070353147 0.3960191922927731 1.0519236542288883 5.1824483637874845 1.5661567895178414 0.28633301452658055 0.8375197246188536 0.2428350893390975 0.62532210918754949
decision_type=10 2 8 2 8 10 8 2 2 2 10 8 2 10 10 10 10 10 2 10 2 8 10 10 10 10 10 2 10 2
left_child=2 4 17 8 6 -3 7 -2 -4 19 -11 12 -5 24 15 16 20 23 -16 -6 21 26 -19 -1 -7 -9 -8 -27 -13 -30
right_child=1 5 3 11 9 13 14 25 -10 10 -12 28 -14 -15 18 -17 -18 22 -20 -21 -22 -23 -24 -25 -26 27 -28 -29 29 -31
leaf_value=0.0017429367556828208 -0.0010926525909529699 0.00050282157218488235 -0.0074410003546087856 -0.00031366066216390466 -0.003484731293421322 0.0012813039373821753 -0.00033483658498210993 0.00028886034981924328 -9.063388563835387e-05 0.00010028916868740432 -0.0015466039506757683 0.0006861719523318661 0.0013158321206627531 -0.0016543815171691178 -0.0027581776079898452 -0.0013089814625295115 0.00051221448725386972 0.0033135227957581267 -0.00064885252439127368 -0.0021497691594729116 -0.0012298382862129681 -0.00082470477145229787 0.0024838342638161801 4.4332926718020188e-05 -0.00059584134475430047 -0.00041439625047792874 0.0018472568617160289 7.3813273590523506e-05 -6.7491275078287237e-05 0.00098622049202893181
leaf_weight=536 1182 1512 159 103 1160 118 60 572 2217 279 561 820 1882 150 646 870 305 1109 236 130 533 231 208 152 133 619 99 780 596 115
leaf_count=536 1182 1512 159 103 1160 118 60 572 2217 279 561 820 1882 150 646 870 305 1109 236 130 533 231 208 152 133 619 99 780 596 115
internal_value=-0.000126978 -0.00357276 0.00431312 0.00276939 -0.00486266 0.00199843 -0.00360205 -0.00194515 -0.00121161 -0.00848897 -0.00545779 0.0054592 0.00710725 -0.0044403 -0.00535391 -0.00423059 -0.00231896 0.00884596 -0.00801812 -0.010457 -0.00381494 -0.000613811 0.0102997 0.00605225 -0.000654762 -0.00012931 0.00571875 -0.00129643 0.00331919 0.00111657
internal_weight=18073 10176 7897 5892 8263 1913 6133 3153 2376 2130 840 3516 1985 401 2980 2098 1228 2005 882 1290 923 390 1317 688 251 1971 159 1399 1531 711
internal_count=18073 10176 7897 5892 8263 1913 6133 3153 2376 2130 840 3516 1985 401 2980 2098 1228 2005 882 1290 923 390 1317 688 251 1971 159 1399 1531 711
is_linear=0
shrinkage=0.03


Tree=17
num_leaves=31
num_cat=0
split_feature=6 6 9 6 6 6 12 12 7 3 3 6 7 8 4 12 3 7 7 8 6 3 6 7 7 7 3 7 6 3
split_gain=472.503 86.647 43.0453 27.6612 27.0792 21.8743 20.3465 19.0453 10.4934 9.51545 9.36117 10.1434 9.132 8.56613 8.53019 7.94177 9.30661 7.73626 8.22557 7.05295 6.95861 6.76383 6.35143 9.74357 6.34862 5.9591 4.87015 5.51181 4.689 4.66815
threshold=0.16712390628824461 0.26387075255632558 -0.67143774308222415 0.059763654134806117 0.4453953825031754 0.33694328911748844 0.51984067452185923 0.51740441851768948 0.2409652070002585 1.479035711074719 1.5018330556330082 0.10104396128395977 0.25659327045898639 0.29291537296484044 0.68497593148631497 0.33335832672793625 51.907025329674006 0.58282327039727411 0.31810896838619312 0.24296903105217685 0.13100569512636764 1.2483359646754806 -0.11113871872900381 0.70946464622739047 0.63163431978688878 0.63500258668621468 2.3374069183000317 0.57871931386983089 0.49563703156776923 115.6892197701542
decision_type=2 2 10 2 2 2 2 2 2 10 8 2 2 8 10 2 8 2 2 10 2 10 2 2 2 2 8 2 2 10
left_child=3 7 4 21 -3 17 8 9 -5 -2 11 -8 -11 -7 26 -6 -17 18 -4 -10 -12 22 -1 -24 -13 -14 27 -9 -15 -22
right_child=1 2 5 6 15 13 10 14 19 12 20 24 25 28 -16 16 -18 -19 -20 -21 29 -23 23 -25 -26 -27 -28 -29 -30 -31
leaf_value=0.0062726376063168849 -0.00081479196113995618 0.00041541792530621496 -0.0016189402472364999 -0.00019432807139423136 -0.01170502461698804 -0.0015321844485021172 0.0011093733509370592 -0.00026895333869698598 0.00084951687628253669 -0.001206660020242652 0.0018632580633023365 -6.2854507775112747e-05 0.00046634904532071405 -0.0023089911869656355 -3.3273929712213931e-05 -8.6440851764280966e-05 -0.0015481651922661312 -0.001289293392861865 -0.000280277060362034 0.00023560514198289626 0.0010811917244842499 0.0037950147544722822 0.001573520095962837 -0.00071982461922740935 0.00088698690557862596 -0.00056970613440439084 0.00091005466718639151 0.00057142865262672818 -0.0059894621260146476 -0.00030169088885707461
leaf_weight=148 854 605 253 329 181 1354 283 186 1232 183 762 321 541 1236 1948 405 279 1271 767 470 746 982 672 82 256 435 550 206 520 57
leaf_count=148 854 605 253 329 181 1354 283 186 1232 183 762 321 541 1236 1948 405 279 1271 767 470 746 982 672 82 256 435 550 206 520 57
internal_value=-0.000149048 -0.00370446 -0.0058782 0.00645324 -0.00132563 -0.00711681 0.00516267 -0.000657626 0.00294537 -0.00289722 0.00701772 0.00449477 -0.001125 -0.00875603 0.000902802 -0.00472864 -0.00324088 -0.00488874 -0.0029383 0.00389313 0.00840038 0.00950133 0.00760797 0.00647682 0.00220588 3.07062e-05 0.00324496 0.000687023 -0.0101423 0.00643657
internal_weight=18114 11774 6871 6340 1470 5401 4456 4903 2031 2013 2425 860 1159 3110 2890 865 684 2291 1020 1702 1565 1884 902 754 577 976 942 392 1756 803
internal_count=18114 11774 6871 6340 1470 5401 4456 4903 2031 2013 2425 860 1159 3110 2890 865 684 2291 1020 1702 1565 1884 902 754 577 976 942 392 1756 803
is_linear=0
shrinkage=0.03


Tree=18
num_leaves=31
num_cat=0
split_feature=6 6 9 12 6 6 12 9 2 12 6 2 8 12 6 7 6 7 7 8 7 6 12 6 7 12 2 8 7 8
split_gain=447.773 70.5049 35.8645 35.0347 34.3914 17.1803 14.938 14.1914 13.2256 12.1997 7.9341 7.70127 7.30824 6.76415 6.6998 6.42534 6.26335 5.97294 6.2294 5.80152 7.99666 5.66638 5.31974 7.70883 7.12793 5.14188 5.75233 5.24929 4.86987 4.7857
threshold=0.17959146123175176 0.33939164898388446 0.04464538463205274 0.59770972956937329 0.10104396128395977 0.25064582114878681 0.51117455978059512 -0.55296202218615198 0.088727250944080197 0.33335832672793625 0.037551196340936073 0.10180600884832154 0.23339036470505578 0.6272534986673165 0.514312017684461 0.27955058484668488 0.1478201357119753 0.63880469135916351 0.31810896838619312 0.17420162990570626 0.66667912157988096 0.15980987042435937 0.50052225390152427 0.051238514888679372 0.29047292052127976 0.46429380105214979 0.13261438302892117 1.2778393686360048 0.25659327045898639 0.3960191922927731
decision_type=2 2 10 2 2 2 2 10 8 2 2 8 10 2 2 2 2 2 2 8 2 2 2 2 2 2 10 8 2 10
left_child=4 3 9 5 8 15 12 -5 10 -3 -1 -8 21 -11 -4 -2 28 18 -7 20 -9 -6 23 29 -25 26 -17 -27 -13 -10
right_child=1 2 14 7 6 17 11 19 22 13 -12 16 -14 -15 -16 25 -18 -19 -20 -21 -22 -23 -24 24 -26 27 -28 -29 -30 -31
leaf_value=0.0014963879612403023 -0.00099736225036127155 -0.010698789096775116 -0.0019840497478217462 0.0012357339968441078 0.00073146656248225875 -0.0018438051432331424 -9.7083387807768461e-05 -3.0332712739555428e-05 0.0034252423875736357 -0.0005847913303681162 0.00025372196955129509 -4.6682934599189121e-05 -0.00027434749125772713 0.0011861639566465847 -0.0070435889652993716 -0.0021245274107057036 0.00054640636096541873 -0.0014188603178488417 -0.00040372211282722675 -0.00028403781643296605 0.00078478963372166925 -6.8820141635361895e-05 0.0021959224896915281 -0.00026238632475905762 0.0011143634005306492 -7.3024623075618536e-05 -0.00043168473131694645 0.0011961275042102898 0.0011981123685480485 0.0028856188502120088
leaf_weight=507 325 190 2240 230 704 270 140 362 394 1272 323 57 481 63 439 85 1102 1108 1112 399 276 287 1426 66 371 2176 330 62 1147 84
leaf_count=507 325 190 2240 230 704 270 140 362 394 1272 323 57 481 63 439 85 1102 1108 1112 399 276 287 1426 66 371 2176 330 62 1147 84
internal_value=-9.48472e-05 -0.00390082 -0.00694887 -0.00199748 0.00577786 -0.00303895 0.0038964 0.00249606 0.00810057 -0.00327326 0.00483755 0.00533306 0.00150713 -0.00225674 -0.00903918 -0.0015005 0.00574772 -0.00487756 -0.00355748 0.00099711 0.00276995 0.00297883 0.00925491 0.00745087 0.00455479 -0.00101168 -0.00407452 -0.000442162 0.00724481 0.0100835
internal_weight=18028 10939 4204 6735 7089 5468 3918 1267 3171 1525 830 2446 1472 1335 2679 2978 2306 2490 1382 1037 638 991 2341 915 437 2653 415 2238 1204 478
internal_count=18028 10939 4204 6735 7089 5468 3918 1267 3171 1525 830 2446 1472 1335 2679 2978 2306 2490 1382 1037 638 991 2341 915 437 2653 415 2238 1204 478
is_linear=0
shrinkage=0.03


Tree=19
num_leaves=31
num_cat=0
split_feature=6 6 9 6 12 12 12 5 6 6 2 6 12 2 7 5 9 9 12 5 2 12 7 4 7 9 2 6 12 7
split_gain=443.671 63.4504 42.3809 37.8867 24.8601 15.6698 15.5051 14.6655 10.1785 10.1471 10.1425 9.30397 9.061 9.86995 9.05104 8.5394 7.93075 6.66857 6.64091 6.33224 6.21533 6.44016 8.68602 6.09068 5.99716 6.40352 5.50022 5.43995 5.31946 5.1293
threshold=0.18447141845543505 0.31614317817427567 0.04464538463205274 0.10104396128395977 0.60148199686203496 0.33335832672793625 0.53522948847951379 6.8490657203609322 0.54276308619466695 0.23336206282884667 0.086585487999094143 0.041547149015769953 0.55766309349378951 0.29337321801560851 0.13918493739625848 10.146688598896096 1.2568019746800523 -0.40204854588445665 0.57793750482576545 10.089074603183294 0.09823784563902066 0.68133823150834583 0.80730864791137591 0.80461870458988027 0.31810896838619312 -0.67143774308222415 0.13261438302892117 0.1478201357119753 0.40980802514412601 0.4345781203557772
decision_type=2 2 10 2 2 2 2 2 2 2 8 2 2 10 2 2 10 10 2 2 8 2 2 10 2 10 10 2 2 2
left_child=3 4 5 10 9 -3 14 18 15 26 11 -1 16 19 -5 -9 28 -6 23 -14 -8 22 27 -7 -11 -26 -2 -22 -4 -30
right_child=1 2 12 6 17 7 20 8 -10 24 -12 -13 13 -15 -16 -17 -18 -19 -20 -21 21 -23 -24 -25 25 -27 -28 -29 29 -31
leaf_value=0.0015403303343344563 -0.0013410372542157036 -0.010782850647530656 -0.0065742245728742533 -0.00082355258201673284 0.0012340594971159361 -0.0018830279617980906 -0.00027006115564266986 -0.00020016134380257413 -0.0027618313087592371 -0.0016330186750984055 0.0020386589516169463 0.00010736969841786241 0.00083775959980190973 -0.0013871132695000299 0.0004274194060341713 -0.001569211572258573 -0.003907910897052883 0.00015137684489009235 0.0021776906887913698 -0.00068749937206788957 0.0012974273820789152 -0.00028153566528514443 -0.00015470634520477723 0.0022945773505815745 0.0019791158722753596 -0.00062898446967397232 -6.1822857351365065e-05 0.00070438721509175192 -0.0020073452259963894 -0.0016218671765645641
leaf_weight=500 190 195 237 85 171 110 74 841 139 314 2404 268 113 729 2176 109 827 793 112 83 799 66 138 212 48 2326 1874 881 253 964
leaf_count=500 190 195 237 85 171 110 74 841 139 314 2404 268 113 729 2176 109 827 793 112 83 799 66 138 212 48 2326 1874 881 253 964
internal_value=-3.90972e-05 -0.00396109 -0.00645685 0.00560674 -0.00181039 -0.00265271 0.00374289 -0.00162402 -0.00348165 -0.00270145 0.00808383 0.00507152 -0.00849392 -0.00597732 0.00204907 -0.00236593 -0.00951139 0.00258031 0.00303448 0 0.00569678 0.00603183 0.00636614 0.000835913 -0.00391595 -0.00339789 -0.00111864 0.00696014 -0.00816495 -0.00735222
internal_weight=18031 10640 4924 7391 5716 1718 4219 1523 1089 4752 3172 768 3206 925 2261 950 2281 964 434 196 1958 1884 1818 322 2688 2374 2064 1680 1454 1217
internal_count=18031 10640 4924 7391 5716 1718 4219 1523 1089 4752 3172 768 3206 925 2261 950 2281 964 434 196 1958 1884 1818 322 2688 2374 2064 1680 1454 1217
is_linear=0
shrinkage=0.03


Tree=20
num_leaves=31
num_cat=0
split_feature=13 13 13 0 12 7 2 0 9 12 13 9 3 13 13 3 4 7 3 13 9 9 7 7 3 9 12 0 7 13
split_gain=397.562 54.7171 42.5336 39.4772 26.4124 16.2894 13.3631 11.4939 10.8479 10.6227 10.4756 9.66737 9.15376 14.1572 9.09921 9.99243 8.29016 7.74221 7.47628 7.33511 6.78761 6.72647 6.1764 8.58643 6.45789 8.76846 7.00818 5.77865 5.71168 5.68316
threshold=0.19084698395055802 0.33939164898388446 0.10104396128395977 71.971380471380485 0.59770972956937329 0.25659327045898639 0.086585487999094143 1.0457295924033454 -0.55296202218615198 0.47815933025075802 0.53129637843406929 0.37500156742577623 1.5018330556330082 0.14931617343066608 0.25567780403746815 1.5563287000641282 0.76632644661129146 0.65078636581618765 2.156018903829755 0.37332282233807274 -0.67143774308222415 1.2302078471422047 0.59050645879917962 0.30442955214122269 2.0227999841475532 0.28836133738004083 0.47448795862900617 1.3078766780920712 0.76251390715872336 0.31165247740043261
decision_type=2 2 2 8 2 2 8 10 10 2 2 8 8 2 2 10 8 2 10 2 8 10 2 2 10 10 2 10 2 2
left_child=2 4 6 10 14 11 7 -1 -6 -7 20 -4 17 -14 15 -2 -15 27 -10 -5 -3 -21 23 -16 -24 26 -26 -11 -22 -28
right_child=1 3 5 19 8 9 -8 -9 18 12 -12 -13 13 16 22 -17 -18 -19 -20 21 28 -23 24 -25 25 -27 29 -29 -30 -31
leaf_value=0.0014907921815815789 -0.00079933246864231108 0.0011594624426315783 0.00032259262119756042 0.0015227888168033458 0.00097525127642604818 6.3447368954095063e-05 0.0020013604493492065 -3.7916197697562965e-05 -0.0022538184422041261 0.00038283897229548787 -0.0080644968695214609 -0.0011010891839110394 0.001365051314333055 0.0011147075073647311 -0.0018309632053996113 -9.6676435752419127e-05 0.00030679035755484156 0.0006954357591068452 0.00011501839208132931 -0.00038449893773640387 -0.001730379973806384 -0.0019228692757760615 -0.0018578942590338865 -0.00024029657152401635 -0.0025345823402766208 -0.0012820339456839475 0.0007288759600707509 -0.00023294426310439438 -0.0022273102549164635 -0.00057635659776991959
leaf_weight=496 761 44 163 99 216 680 2373 302 53 389 510 212 939 451 242 1879 834 483 850 987 2076 89 362 862 44 608 176 355 433 88
leaf_count=496 761 44 163 99 216 680 2373 302 53 389 510 212 939 451 242 1879 834 483 850 987 2076 89 362 862 44 608 176 355 433 88
internal_value=-0.000152849 -0.00398121 0.00502279 -0.00660297 -0.00217112 0.00314844 0.00768443 0.0043179 0.00199554 0.00369192 -0.00839589 -0.00283245 0.00436703 0.00551461 -0.00309974 -0.00188565 0.00346423 0.0022842 0.000547566 -0.00192602 -0.00760572 -0.00264624 -0.00444398 -0.00279638 -0.00586396 -0.00451472 -0.00038835 0.000362416 -0.00781076 0.0014717
internal_weight=18056 10379 7677 4238 6141 4506 3171 798 1119 4131 3063 375 3451 2224 5022 2640 1285 1227 903 1175 2553 1076 2382 1104 1278 916 308 744 2509 264
internal_count=18056 10379 7677 4238 6141 4506 3171 798 1119 4131 3063 375 3451 2224 5022 2640 1285 1227 903 1175 2553 1076 2382 1104 1278 916 308 744 2509 264
is_linear=0
shrinkage=0.03


Tree=21
num_leaves=31
num_cat=0
split_feature=6 6 6 9 9 6 7 3 6 3 6 5 7 9 8 7 7 3 5 6 6 8 7 2 5 6 2 5 9 8
split_gain=383.39 55.3726 42.7287 31.4504 21.1891 17.8039 18.0537 14.343 14.4692 12.381 11.4394 14.5425 10.089 10.3283 9.56404 9.02046 7.93405 11.2531 7.02879 6.8576 6.41511 6.17146 6.55184 6.06166 6.0165 5.9038 5.78333 5.77198 5.68147 5.48212
threshold=0.20368793320385861 0.1478201357119753 0.33939164898388446 0.03969524923587614 -0.55296202218615198 0.04519648149356837 0.26488621895598646 1.8381872395252778 0.26387075255632558 1.4556959316398335 0.50162674682505914 9.1309724131520458 0.25659327045898639 0.19241051353263125 0.45021394174070833 0.80478096059541848 0.80730864791137591 2.4887580128611586 3.4175922930736511 0.436521832539361 0.11125510603628543 0.31568745645763213 0.58282327039727411 0.091347153203428996 10.157121483752109 0.82067795747230499 0.21080998939997717 9.5309009703603973 0.47344233431239185 0.4252007808903035
decision_type=2 2 2 10 10 2 2 10 2 10 2 2 2 8 10 2 2 10 2 2 2 10 2 8 2 2 10 2 10 10
left_child=1 5 4 10 -2 23 28 -6 27 14 11 15 13 -3 20 -4 17 -14 25 -5 -8 22 24 -1 -10 -12 -11 29 -7 -9
right_child=2 12 3 19 7 6 9 8 21 26 18 -13 16 -15 -16 -17 -18 -19 -20 -21 -22 -23 -24 -25 -26 -27 -28 -29 -30 -31
leaf_value=0.0013678246984059818 0.00063967557141949606 0.00068305946366898349 0.0013310100486253354 -0.0014679645021310798 -0.00091807906519913367 0.00028409715534299793 0.00092381227860787222 0.00062804994172513016 0.0002560503048543293 0.0013940520171937293 0.0099925721832495682 -0.0008704893188824865 0.00011203494858901187 -0.0010790183011281011 -0.0011369803595090938 -0.00023160391231062674 -0.00040917711128907316 0.00093956418439511771 -0.0026801156862091536 -0.0037902870231823868 0.00042675867871040765 -0.0013089128076308953 -0.00095602421258381587 0.0036776754257522707 -0.00083551396991094493 -0.0088103419854964008 0.0014322719846744858 -0.00013453187902222739 -0.00083502030469534807 -0.0007907948158663075
leaf_weight=562 303 48 373 1555 1503 309 861 545 304 1003 49 391 1652 199 106 116 208 972 567 1126 629 428 798 977 234 45 721 1198 142 104
leaf_count=562 303 48 373 1555 1503 309 861 545 304 1003 49 391 1652 199 106 116 208 972 567 1126 629 428 798 977 234 45 721 1198 142 104
internal_value=-9.98391e-05 0.00458939 -0.00418102 -0.00644329 -0.00241694 0.00644511 0.00533271 -0.0028739 -0.00184801 0.00609756 -0.00302529 -0.000783201 0.00138799 -0.00441532 0.0041891 0.00266327 0.00189552 0.00234286 -0.00600453 -0.00840604 0.00480885 -0.00379037 -0.00278235 0.00916558 -0.000222635 0.00157895 0.00786087 8.11688e-06 -0.000298673 0.00228462
internal_weight=18028 8389 9639 4222 5417 5310 3771 5114 3611 3320 1541 880 3079 247 1596 489 2832 2624 661 2681 1490 1764 1336 1539 538 94 1724 1847 451 649
internal_count=18028 8389 9639 4222 5417 5310 3771 5114 3611 3320 1541 880 3079 247 1596 489 2832 2624 661 2681 1490 1764 1336 1539 538 94 1724 1847 451 649
is_linear=0
shrinkage=0.03


Tree=22
num_leaves=31
num_cat=0
split_feature=6 6 0 6 12 12 6 6 6 12 2 7 6 2 9 0 9 2 0 9 8 8 8 9 0 8 2 8 0 6
split_gain=356.539 50.186 36.518 33.6193 25.405 17.7128 11.6657 10.5559 10.1 9.53535 9.18295 9.05276 8.7394 9.76244 8.39562 8.11716 7.95812 7.29382 6.62963 6.61964 6.07984 5.81705 5.53673 6.98202 5.51292 5.55301 5.94688 5.42744 5.19627 5.15712
threshold=0.18549099887354273 0.33939164898388446 71.971380471380485 0.078854845117690711 0.59770972956937329 0.51117455978059512 0.2246230654245647 0.1478201357119753 0.54276308619466695 0.53804282157224292 0.086585487999094143 0.2409652070002585 0.44100445783652648 0.28853199338340696 -0.55296202218615198 1.0519236542288883 2.4312455530275332 0.10614198215553157 21.534172661870507 1.2302078471422047 0.085802668248013497 0.22570986043923233 -0.10041251417925713 1.3346544395226663 4.0546643065648107 0.25530810936384923 0.30013950135075523 0.027250936535115091 4.5721219646799129 1.1488037409601473
decision_type=2 2 8 2 2 2 2 2 2 2 10 2 2 10 10 10 10 8 10 10 10 10 10 8 10 10 10 8 10 2
left_child=3 4 8 10 6 11 9 17 16 -2 15 20 13 -4 -6 -1 24 -7 -18 29 -5 27 23 -8 25 26 -3 28 -16 -14
right_child=1 2 12 5 14 7 22 -9 -10 -11 -12 -13 19 -15 21 -17 18 -19 -20 -21 -22 -23 -24 -25 -26 -27 -28 -29 -30 -31
leaf_value=0.0014616748364790486 -0.0004302044190478986 -0.0032858977675777989 0.0015495046884309042 0.0011637693154563237 0.00098294052493879043 0.0001025181006889695 0.00039777679238863509 0.0004285026666688514 -0.0081838281292631737 0.00033333597484730637 0.0023707461655457156 0.00042374544700756627 -0.00051882155193351098 -0.00017534081143899302 3.7222044510984705e-05 5.3699042343910986e-05 -0.0026966259414959782 0.0011757314606707439 -0.00054854465964350365 -0.0026241005740350225 -0.00082506818726293984 -0.00056040928960406761 -0.00070262308940544668 -0.0013470494451319536 -0.00086302948914838008 -0.0024396443978784033 -0.00075382930479047901 0.00039974679460244513 -0.0016953104361055558 -0.012320580466802284
leaf_weight=522 1067 219 152 40 223 195 209 1371 436 561 1691 1689 699 207 157 204 591 1505 73 52 256 210 3341 53 507 664 529 560 40 54
leaf_count=522 1067 219 152 40 223 195 209 1371 436 561 1691 1689 699 207 157 204 591 1505 73 52 256 210 3341 53 507 664 529 560 40 54
internal_value=-1.9084e-05 -0.00355587 -0.00611257 0.00499933 -0.0018896 0.00360688 -0.00278956 0.00503418 -0.00785265 -0.0006814 0.00790943 0.00139728 -0.00159657 0.00229167 0.00206549 0.00507565 -0.00713429 0.00661376 -0.00996992 -0.00333127 -0.00343434 0.000852273 -0.00374168 0.000456274 -0.00614844 -0.00711253 -0.0053271 0.00207784 -0.00219697 -0.0026061
internal_weight=18077 10604 4183 7473 6421 5056 5231 3071 3019 1628 2417 1985 1164 359 1190 726 2583 1700 664 805 296 967 3603 262 1919 1412 748 757 197 753
internal_count=18077 10604 4183 7473 6421 5056 5231 3071 3019 1628 2417 1985 1164 359 1190 726 2583 1700 664 805 296 967 3603 262 1919 1412 748 757 197 753
is_linear=0
shrinkage=0.03


Tree=23
num_leaves=31
num_cat=0
split_feature=13 13 9 13 12 7 13 12 2 3 12 8 5 8 5 2 12 5 12 3 9 5 13 5 5 5 9 7 1 2
split_gain=363.492 61.6356 28.0294 24.8411 20.3585 17.0503 14.1981 11.184 13.6971 9.68008 11.1238 9.6153 7.72559 7.45121 7.24361 6.8762 6.78749 10.7109 6.6185 6.91553 6.3858 6.35036 7.7849 6.89355 5.82628 5.82275 7.01798 5.76143 5.71527 5.70898
threshold=0.16577961532326582 0.31909806461444218 0.2566393503732603 0.062669766956422471 0.59770972956937329 0.26488621895598646 0.2246230654245647 0.57055385001030545 0.30259729942078123 1.5018330556330082 0.47815933025075802 -0.10041251417925713 6.8490657203609322 0.29489646668316777 8.9273141022540941 0.091347153203428996 0.33335832672793625 8.6416207658928261 0.47729516072294265 1.802937964204639 -0.18696064416492095 8.9273141022540941 0.10945663298499221 9.6568834397952426 7.6360282323874804 10.637404681259602 -0.062672178727038994 0.21182532419860275 0.64571302666389407 0.21432844464132547
decision_type=2 2 10 2 2 2 2 2 10 10 2 10 2 10 2 10 2 2 2 10 8 2 2 2 2 2 8 2 2 10
left_child=3 4 7 15 6 14 18 16 20 21 -11 -8 -10 -4 -5 -1 -3 -18 19 -2 -9 24 -23 -24 -7 -6 -27 -20 -25 -12
right_child=1 2 13 5 25 9 11 8 12 10 29 -13 -14 -15 -16 -17 17 -19 27 -21 -22 22 23 28 -26 26 -28 -29 -30 -31
leaf_value=0.0011240544519890341 -0.00090707668685023352 -0.010418014811894236 -0.0014529856040056998 0.0013538453713101482 0.00035300459561948811 0.0031262160493424119 0.00042319639405184815 -0.00060230868522604688 0.0013917711744922648 -6.7786827925783789e-05 0.0011929755659272892 -0.00070371588562128046 -0.00053867991014821496 -0.0028573661462877966 -0.00026119053436069123 0.0028264071420969882 -0.00028671789705636498 -0.0015848448521400297 -0.0015069071535735905 0.00046212601963272062 0.0011082257123765087 0.00082464547934127689 0.0012919626736975188 -0.00016648020844493546 -0.00067544075675823238 0.0011486019883621089 -0.00049598474319970424 9.5548479544393385e-05 0.00040278642750208975 0.00124303745242509
leaf_weight=673 440 199 1634 43 1043 75 220 41 78 211 1128 2881 340 1177 425 1282 576 635 91 199 186 629 161 376 141 53 165 1819 435 708
leaf_count=673 440 199 1634 43 1043 75 220 41 78 211 1128 2881 340 1177 425 1282 576 635 91 199 186 629 161 376 141 53 165 1819 435 708
internal_value=-0.00017271 -0.00328197 -0.00586809 0.00565124 -0.0014605 0.00438264 -0.00222969 -0.00320282 6.96594e-05 0.00503752 0.00645264 -0.00359284 -0.00315036 -0.00781472 -0.00102345 0.00845859 -0.0046988 -0.00384901 -0.000570588 -0.00321094 0.00598684 0.00344059 0.00409176 0.00240493 -0.00138249 0.00198494 -0.00246575 0.000313972 0.00127463 0.00720196
internal_weight=18064 11777 4866 6287 6911 4332 5650 2055 645 3864 2047 3101 418 2811 468 1955 1410 1211 2549 639 227 1817 1601 972 216 1261 218 1910 811 1836
internal_count=18064 11777 4866 6287 6911 4332 5650 2055 645 3864 2047 3101 418 2811 468 1955 1410 1211 2549 639 227 1817 1601 972 216 1261 218 1910 811 1836
is_linear=0
shrinkage=0.03


Tree=24
num_leaves=31
num_cat=0
split_feature=6 6 0 6 8 6 7 12 8 5 6 12 6 6 3 5 7 3 6 6 3 5 7 7 7 7 7 5 5 7
split_gain=344.091 61.3324 35.0701 27.701 21.9885 20.8211 18.1803 15.5204 14.526 13.9552 11.9982 11.4218 10.8419 9.8306 9.67611 8.67052 7.26729 7.10556 6.985 6.86106 6.7069 6.57691 9.34748 8.38374 6.49613 10.5953 5.95674 5.947 5.85963 5.85663
threshold=0.16474315939365528 0.25567780403746815 21.534172661870507 0.037551196340936073 0.29489646668316777 0.39976934944685999 0.26488621895598646 0.51462950016231035 -0.10041251417925713 8.0802369848886979 0.42883248867445595 0.48089203001640207 0.95551144502743646 0.11125510603628543 1.5018330556330082 10.195727969755479 0.63683621704655724 2.3374069183000317 0.48453994406737172 0.47388133118783143 1.5018330556330082 10.245142755153182 0.28407475874408822 0.27955058484668488 0.77787769925666173 0.57627008127100876 0.24902628222498488 9.4865696096625669 8.9273141022540941 0.65078636581618765
decision_type=2 2 8 2 10 2 2 2 8 2 2 2 2 2 8 2 2 10 2 2 10 2 2 2 2 2 2 2 2 2
left_child=3 7 4 -1 8 -4 28 20 -3 12 16 -8 -7 27 29 -9 21 -18 -11 -6 -2 22 -10 -23 25 -17 -22 -13 -5 -15
right_child=1 2 5 6 19 9 11 15 10 18 -12 13 -14 14 -16 24 17 -19 -20 -21 26 23 -24 -25 -26 -27 -28 -29 -30 -31
leaf_value=0.0028266228634462346 -0.0007449008423489219 0.0017262230532296479 0.00055088836661136532 0.0014279472889308692 -0.0016600851031841593 0.00073676650501755233 0.00047369487362954564 0.00037374158084777463 -0.0016360959103368141 -0.00046222288195628885 -0.0031957070764553779 0.0011856473290142635 -0.0083802664182476162 -4.9464812774616115e-06 0.0010143811333627217 -0.0003788472329928664 -0.0023687093580117115 -0.00079641407573202401 -0.0026424170780602269 -0.0067457425736584409 -0.0010233044549559254 0.00095299072150509712 -3.7182370920429419e-05 -0.00094758032285092433 -0.00093034008190487274 0.00023846448297856773 3.7687175798317012e-05 0.0012387872470940773 -0.00014956413737975976 0.0008482977774613874
leaf_weight=1399 838 70 442 41 1491 523 824 1564 118 280 609 422 107 480 1222 436 347 1080 195 412 163 60 883 538 144 719 835 1038 540 313
leaf_count=1399 838 70 442 41 1491 523 824 1564 118 280 609 422 107 480 1222 436 347 1080 195 412 163 60 883 538 144 719 835 1038 540 313
internal_value=-6.70012e-05 -0.00307465 -0.00482323 0.00561067 -0.00592619 -0.000823643 0.0045421 -0.000411702 -0.00457771 -0.00302441 -0.00483911 0.00521512 -9.50872e-05 0.00596807 0.00460565 0.000968925 -0.00406343 -0.00561975 -0.00690126 -0.00854779 -0.00256396 -0.00267187 -0.00118263 -0.0051586 -0.000842308 -9.08304e-05 -0.000900901 0.00784394 -0.000438144 0.00202141
internal_weight=18133 11854 7155 6279 5608 1547 4880 4699 3705 1105 3635 4299 630 3475 2015 2863 3026 1427 475 1903 1836 1599 1001 598 1299 1155 998 1460 581 793
internal_count=18133 11854 7155 6279 5608 1547 4880 4699 3705 1105 3635 4299 630 3475 2015 2863 3026 1427 475 1903 1836 1599 1001 598 1299 1155 998 1460 581 793
is_linear=0
shrinkage=0.03


Tree=25
num_leaves=31
num_cat=0
split_feature=6 6 0 6 6 6 12 12 7 1 6 12 3 9 3 6 3 7 12 3 9 0 9 5 7 0 0 7 7 3
split_gain=329.187 62.5773 39.3519 24.0861 23.0272 22.3626 15.4026 12.4698 8.50619 8.43174 8.34219 8.58539 7.41731 7.0151 6.91565 8.36406 6.75712 6.63254 7.02444 7.71494 6.592 6.25945 6.22198 10.1212 7.54607 6.82674 10.1816 6.26364 6.04759 5.72563
threshold=0.16577961532326582 0.25876978438436465 21.534172661870507 0.42039660041741206 0.40557866578172869 0.080918680285823733 0.59366448075014533 0.53522948847951379 0.65232016053232222 2.3654866946778714 -0.086232268211142923 0.51740441851768948 2.156018903829755 -0.21465583007692127 65.237941142153161 0.95551144502743646 1.1712179839893728 0.19736350306681269 0.46533527212599651 1.7165139433807073 2.0176511712691911 3.6721909470770808 0.30467083830012692 10.11674237028399 0.28407475874408822 1.5601439894840066 2.2959453946043915 0.29047292052127976 0.13918493739625848 86.871217950292163
decision_type=2 2 8 2 2 2 2 2 2 2 2 2 10 8 8 2 8 2 2 10 10 10 8 2 2 10 10 2 2 10
left_child=5 6 3 8 -4 10 17 28 22 -8 -1 -12 -10 -5 15 -6 -9 -2 19 -19 21 -14 23 25 -25 -3 -27 -24 -7 -18
right_child=1 2 4 13 14 7 9 16 12 -11 11 -13 20 -15 -16 -17 29 18 -20 -21 -22 -23 27 24 -26 26 -28 -29 -30 -31
leaf_value=0.0057120707983075187 -0.00090424010899911361 -0.0013164903676218531 0.00067409327954519207 0.0005850377438773053 1.0795964730580114e-05 -0.00057744087926499786 0.00058731337815444179 -0.00031789040426446666 -0.0030302108095182963 -0.00051844172567075387 0.0010081003437851369 0.0018168210955377237 -0.0011728959114544421 -0.0038033173491355816 -0.0010846052723046552 -0.0090425545950725029 0.00093146116580032211 -0.0012164471256850948 -4.5714358892511091e-05 0.00012548556765196699 -0.0014595695445810768 0.00023007410475264721 -0.0017767909335026863 0.00094099952805382179 -0.00097991929167345372 0.0014977078392204477 -0.0004515234201426242 -0.00066044756340725638 0.00049626814768247499 -0.00012182066764542687
leaf_weight=373 226 85 495 54 576 93 914 58 413 69 1202 889 780 1308 459 78 1556 398 2958 220 414 177 272 42 283 188 169 1277 2043 92
leaf_count=373 226 85 495 54 576 93 914 58 413 69 1202 889 780 1308 459 78 1556 398 2958 220 414 177 272 42 283 188 169 1277 2043 92
internal_value=-7.68087e-05 -0.00302252 -0.00481544 -0.00602965 -0.000689869 0.0054606 -0.000372963 0.0040281 -0.0048793 0.00297256 0.00769168 0.0069479 -0.00643697 -0.00948643 -0.00308348 -0.00109924 0.00594025 -0.0012385 -0.000922561 -0.00382876 -0.00536808 -0.00399269 -0.00367717 -0.00146484 -0.00547546 0.00148984 0.00331006 -0.00477097 0.00249883 0.00629472
internal_weight=18161 11855 7070 5462 1608 6306 4785 3842 4100 983 2464 2091 1784 1362 1113 654 1706 3802 3576 618 1371 957 2316 767 325 442 357 1549 2136 1648
internal_count=18161 11855 7070 5462 1608 6306 4785 3842 4100 983 2464 2091 1784 1362 1113 654 1706 3802 3576 618 1371 957 2316 767 325 442 357 1549 2136 1648
is_linear=0
shrinkage=0.03


Tree=26
num_leaves=31
num_cat=0
split_feature=6 6 6 0 12 12 0 2 6 6 9 0 3 3 6 8 2 3 3 3 6 3 2 3 3 9 6 9 12 2
split_gain=312.939 43.4394 35.4152 30.312 17.0896 13.5148 11.3083 12.1385 10.6481 10.1106 9.45567 8.80368 8.18945 9.30283 7.51002 6.76463 6.31827 6.18409 8.00096 6.02873 6.16112 6.0004 6.07274 6.41318 5.96334 6.78721 5.73629 5.69141 5.64527 5.46137
threshold=0.19084698395055802 0.33939164898388446 0.10104396128395977 71.971380471380485 0.57135230075797783 0.54959006182272196 0.91829296289527063 0.086585487999094143 0.68790237325945658 0.24171539547801404 -0.55296202218615198 1.0457295924033454 79.343886043410251 4.9912283628468357 0.39976934944685999 0.027250936535115091 0.26484504263557612 2.2951283293990632 2.5668365730716469 119.87480644909078 0.95551144502743646 50.017422447993916 0.33303579882257939 2.1112676070353147 1.583411611686744 0.88782086113826342 0.15614643298000355 -0.85576102661335829 0.6590460662888461 0.18925089586639213
decision_type=2 2 2 8 2 2 10 10 2 2 10 10 10 8 2 10 10 10 10 8 2 8 10 10 10 8 2 8 2 10
left_child=2 4 6 8 9 26 -1 11 27 24 15 -8 13 -7 16 -6 -5 29 -19 20 -16 22 -11 -24 25 -2 -4 -3 -15 -12
right_child=1 3 5 14 10 12 7 -9 -10 21 17 -13 -14 28 19 -17 -18 18 -20 -21 -22 -23 23 -25 -26 -27 -28 -29 -30 -31
leaf_value=0.005219102271009626 -0.00040341684727572227 0.00082235254283127097 0.0004720724317621881 0.001861193198147986 0.0029361240648702385 0.0004534312781262292 0.00090412750507223535 0.001435680195716531 -0.016769968909818966 -0.00098769683184987841 0.00036873867058962199 -0.00015937039528744545 -0.00029724464309403652 0.0014068683761088447 -4.2820643655263542e-05 0.00014465819535747196 -8.0714188266052813e-05 0.0015813674058176054 -4.5019815615287836e-05 -0.00095206444554268182 -0.0085531080459570995 -0.0012760278974494384 0.0010152938180269719 -0.00046142007333583159 7.1033262115250543e-06 -0.0020386999629076847 -2.5866389819506687e-05 -0.0016970020022154921 0.00078557929275559625 -0.00087728141344792449
leaf_weight=432 573 43 1613 79 88 960 369 2016 221 1792 55 300 137 565 571 164 127 119 1319 338 75 214 77 379 1120 86 1166 2800 112 113
leaf_count=432 573 43 1613 79 88 960 369 2016 221 1792 55 300 137 565 571 164 127 119 1319 338 75 214 77 379 1120 86 1166 2800 112 113
internal_value=-0.000200566 -0.00360296 0.00439187 -0.00592949 -0.00197951 0.00270422 0.00685536 0.00612621 -0.00750734 -0.00303041 0.00041958 0.0026194 0.0047493 0.00533883 -0.00186398 0.00581028 0.00333333 -0.000429371 0.000208478 -0.00295431 -0.00125193 -0.00427527 -0.00381503 -0.000722101 -0.00130618 -0.00356818 0.00139748 -0.00700949 0.00803097 -0.00585799
internal_weight=18023 10353 7670 4254 6099 4553 3117 2685 3064 4241 1858 669 1774 1637 1190 252 206 1606 1438 984 646 2462 2248 456 1779 659 2779 2843 677 168
internal_count=18023 10353 7670 4254 6099 4553 3117 2685 3064 4241 1858 669 1774 1637 1190 252 206 1606 1438 984 646 2462 2248 456 1779 659 2779 2843 677 168
is_linear=0
shrinkage=0.03


Tree=27
num_leaves=31
num_cat=0
split_feature=13 13 12 13 0 12 13 3 13 12 5 0 3 7 3 9 7 2 13 5 2 9 3 12 5 7 7 3 5 0
split_gain=289.13 43.6834 33.7922 29.5653 23.497 16.5422 12.6541 10.9986 10.5897 12.1679 10.2638 10.1454 8.6478 7.48968 7.12276 6.96509 9.97342 6.76685 6.56685 7.01013 7.39734 6.46293 6.38755 8.19601 6.32268 6.25478 7.36631 7.28999 8.33981 10.3048
threshold=0.1974769639503631 0.10266634896360306 0.60373508174086898 0.31165247740043261 71.971380471380485 0.54496189765895442 0.68790237325945658 86.871217950292163 -0.086232268211142923 0.50755918954334744 6.4401484558665105 2.6404522274926276 5.2662241621744377 0.62549956056294265 1.5484818877985584 0.42236918320310829 0.39355090264881593 0.21432844464132547 1.1502388053272408 9.0336031863560979 0.297688398356105 -0.67143774308222415 1.8381872395252778 0.46326737015619862 11.406692333481983 0.28407475874408822 0.64894719196263617 72.697652247047458 10.106489618940252 7.7720753871629418
decision_type=2 2 2 2 8 2 2 10 2 2 2 10 8 2 10 8 2 10 2 2 10 8 10 2 2 2 2 8 2 10
left_child=1 8 3 22 6 15 25 11 -1 -10 -4 12 13 14 -7 -3 -17 -15 19 -6 -21 -12 23 -2 -24 -5 27 28 29 -27
right_child=2 5 10 4 18 7 -8 -9 9 -11 21 -13 -14 17 -16 16 -18 -19 -20 20 -22 -23 24 -25 -26 26 -28 -29 -30 -31
leaf_value=0.0054475475591484624 -0.0019664529278835339 0.00031248439538932629 0.004353597168832251 -0.0024555294741572357 0.00015334948843385992 -0.00019026061873964287 -0.01607244232439449 -0.00038592962601102017 0.00083712006346783419 0.001416179041970567 0.0022165433498663794 -0.0008112138284772668 0.0013562209470980664 0.00082464949619565325 0.0005885972226072749 -0.00089320895660421201 0.00016280983410674695 -5.910742117387853e-05 -0.011297791955507138 0.00038106874903834478 -0.001191261269337568 1.1379611116134336e-06 -0.00015707218971358012 -0.00034664448333035627 -0.0010889795409088198 -0.00072264740274512553 -0.0019736554175473486 -0.0031074247162467075 -0.0011409395890667243 0.0010946421143502663
leaf_weight=372 375 1792 73 288 686 251 215 150 1445 1460 42 43 710 410 320 269 779 115 56 45 205 1143 2580 1113 74 788 1528 207 503 103
leaf_count=372 375 1792 73 288 686 251 215 150 1445 1460 42 43 710 410 320 269 779 115 56 45 205 1143 2580 1113 74 788 1528 207 503 103
internal_value=-6.94559e-05 0.00413946 -0.00347731 -0.00413711 -0.00578595 0.00232748 -0.00690339 0.0044175 0.00681361 0.00619924 0.00111994 0.00505135 0.00539568 0.00371923 0.00133741 0.000855333 -0.00108675 0.00630228 -0.00169184 -0.00108858 -0.00537849 0.000442664 -0.00229544 -0.00386837 -0.00141243 -0.00645553 -0.0060623 -0.00463483 -0.00384946 -0.00210202
internal_weight=18140 8116 10024 8766 4624 4839 3632 1999 3277 2905 1258 1849 1806 1096 571 2840 1048 525 992 936 250 1185 4142 1488 2654 3417 3129 1601 1394 891
internal_count=18140 8116 10024 8766 4624 4839 3632 1999 3277 2905 1258 1849 1806 1096 571 2840 1048 525 992 936 250 1185 4142 1488 2654 3417 3129 1601 1394 891
is_linear=0
shrinkage=0.03


Tree=28
num_leaves=31
num_cat=0
split_feature=6 6 6 0 12 7 6 8 7 0 6 0 9 8 9 6 7 5 6 6 5 6 12 6 5 12 6 1 5 12
split_gain=273.483 36.0989 35.5312 33.4438 15.4016 12.6138 12.1023 9.80813 9.01989 11.81 7.98087 8.3211 7.67828 7.64105 7.39129 7.30143 6.8418 6.73929 6.45713 6.03983 7.57475 6.2473 5.809 5.66664 5.49002 7.40907 7.09133 5.5651 5.57206 6.74311
threshold=0.19328900818199116 0.32389059254018632 0.10266634896360306 71.971380471380485 0.58324397821067853 0.25659327045898639 0.68790237325945658 -0.10041251417925713 0.27955058484668488 1.067241418238668 0.15614643298000355 1.2106128701046737 0.27989698893416931 0.29039879002787278 -0.85576102661335829 0.36134257916826501 0.80730864791137591 7.3323683504381592 0.23586931723725171 1.1488037409601473 8.8135871934143619 0.49005729593036756 0.59869715834772252 0.42039660041741206 9.5075147434021883 0.40980802514412601 0.041547149015769953 -0.61237168534080288 7.9731553740730181 0.57374848324077909
decision_type=2 2 2 8 2 2 2 10 2 10 2 8 8 10 8 2 2 2 2 2 2 2 2 2 2 2 2 2 2 2
left_child=2 4 8 6 7 12 13 -2 9 -1 11 -7 -4 17 -6 -5 22 -3 -9 20 -17 -22 -12 -19 26 -26 27 -10 -29 -30
right_child=1 3 5 15 14 10 -8 18 24 -11 16 -13 -14 -15 -16 19 -18 23 -20 -21 21 -23 -24 -25 25 -27 -28 28 29 -31
leaf_value=0.0012212794150988793 0.00063136880543950068 0.00083068788295782489 0.00059176463271465459 0.00054305509723694633 0.0027349479100919481 0.00010458697112595658 -0.014743033113237618 -0.00025301225235474208 0.0058236538806892254 -0.00019277648854086062 0.0001559828501513285 0.0007826299514988674 -0.00076693872566799964 -0.0021243435091252722 6.2390157478760559e-05 0.00011993678518461698 -0.000520547514195902 -0.00076851944118598136 -0.00077312179374108185 -0.0091547719306401838 -0.00032454016140880674 -0.0022973655841871266 0.00095414115976497364 -0.0024759533865543739 -0.00099244722592995013 0.0013212379674390905 0.00099318208191824736 0.0014995822051502088 0.0035598102330628291 -0.0003414974954116619
leaf_weight=361 246 78 112 113 42 524 215 1563 155 238 1542 1770 266 1247 1352 727 129 1328 2281 61 254 84 299 626 41 1352 527 251 245 40
leaf_count=361 246 78 112 113 42 524 215 1563 155 238 1542 1770 266 1247 1352 727 129 1328 2281 61 254 84 299 626 41 1352 527 251 245 40
internal_value=-0.000133647 -0.00336905 0.00407615 -0.00528834 -0.00171194 0.00239716 -0.0067897 -0.00263994 0.00650265 0.003175 0.00286284 0.00406536 -0.0028496 -0.00633384 0.00101075 -0.00105242 0.00146119 -0.00519429 -0.0030117 -0.0017835 -0.00125235 -0.00495575 0.00192997 -0.00553964 0.00726455 0.00855452 0.00578343 0.00778179 0.00631285 0.00917832
internal_weight=18069 10217 7852 4733 5484 4642 3494 4090 3210 599 4264 2294 378 3279 1394 1239 1970 2032 3844 1126 1065 338 1841 1954 2611 1393 1218 691 536 285
internal_count=18069 10217 7852 4733 5484 4642 3494 4090 3210 599 4264 2294 378 3279 1394 1239 1970 2032 3844 1126 1065 338 1841 1954 2611 1393 1218 691 536 285
is_linear=0
shrinkage=0.03


Tree=29
num_leaves=31
num_cat=0
split_feature=6 6 12 6 5 2 0 12 3 0 12 6 3 0 5 6 5 0 8 3 3 5 6 3 0 3 2 5 2 8
split_gain=251.778 43.0311 34.8359 24.8119 15.8369 15.0874 14.9721 12.8065 12.3438 11.5039 10.7018 10.1275 9.44051 7.80168 7.64279 7.49182 7.20943 7.47884 7.10499 6.6479 6.10221 6.56878 6.69336 7.05719 5.84919 5.80922 5.59113 7.29344 5.5666 5.22478
threshold=0.2091016289445973 0.10464189850194751 0.56902620181244401 0.3045360134814859 6.8490657203609322 0.32939929701381349 71.971380471380485 0.53199622061529206 1.518741257858381 1.0392139667070845 0.62532210918754949 0.73051106138180832 1.2169055646876001 17.33880840275263 11.02778383160763 0.16101398163317707 10.534732732925947 1.3700811465992098 -0.060014495962633287 448.24065465749601 3.4571389096504785 8.9613660277206009 0.54276308619466695 9.538089804822679 1.3236547269784127 86.871217950292163 0.083530290644605931 9.0503476589439078 0.33970965647905416 0.29291537296484044
decision_type=2 2 2 2 2 10 8 2 8 10 2 2 8 10 2 2 2 10 8 8 10 2 2 10 10 10 10 2 10 10
left_child=1 8 3 24 -4 13 11 15 9 -1 -7 18 -9 -6 26 -3 25 -18 -5 20 -8 22 28 -24 -2 -14 -11 -28 -22 -20
right_child=2 7 4 6 5 10 19 12 -10 14 -12 -13 16 -15 -16 -17 17 -19 29 -21 21 -23 23 -25 -26 -27 27 -29 -30 -31
leaf_value=0.0019348251972419329 -0.0015861014130490107 0.00037305904666467242 0.0026243226373513593 0.0011755579902994009 -1.4168112605509041e-05 -0.00078771150989532135 -0.0022757443990313831 -0.00071588881529149277 0.0021624554578299044 -0.00013219180573875003 0.00031580697426680793 -0.015990236329469797 0.00083121050068943011 0.0008308035798679685 0.001419178107293382 -0.00013493746256149324 0.00070182856333509238 -2.2210636326193271e-05 -0.0011972428583699294 -0.0029139789482287974 0.00011992107590162254 -0.0021174239020854578 0.0067630715057705373 -0.00079223106875629765 -0.00037240141612677455 -6.2157049196051023e-05 -0.00027329473750807673 0.0006276589037679123 0.0026082429020158355 -0.0021506005641285042
leaf_weight=881 275 1404 160 40 1471 819 215 66 1198 317 145 180 1648 183 126 1321 200 593 1694 58 65 43 41 156 2536 150 138 690 93 1214
leaf_count=881 275 1404 160 40 1471 819 215 66 1198 317 145 180 1648 183 126 1321 200 593 1694 58 65 43 41 156 2536 150 138 690 93 1214
internal_value=2.97997e-05 0.00369632 -0.00338055 -0.00456512 -0.000561353 -0.00112257 -0.00614605 0.00203418 0.00636526 0.00500232 -0.00410363 -0.00701822 0.0035158 0.000616314 0.00317217 0.000588775 0.00380208 0.00141688 -0.00659207 -0.00207589 -0.00114821 0.00105263 0.00240169 -0.00128788 -0.0024271 0.0048527 0.00239529 0.00369119 0.00698113 -0.00676521
internal_weight=18120 8732 9388 6610 2778 2618 3799 5382 3350 2152 964 3128 2657 1654 1271 2725 2591 793 2948 671 613 398 355 197 2811 1798 1145 828 158 2908
internal_count=18120 8732 9388 6610 2778 2618 3799 5382 3350 2152 964 3128 2657 1654 1271 2725 2591 793 2948 671 613 398 355 197 2811 1798 1145 828 158 2908
is_linear=0
shrinkage=0.03


Tree=30
num_leaves=31
num_cat=0
split_feature=6 6 6 12 9 7 2 6 12 12 9 6 8 12 9 8 6 8 4 12 2 9 4 9 7 8 7 6 4 9
split_gain=243.767 35.0024 34.4153 18.8153 15.763 14.0023 11.0621 10.8876 10.5512 10.2019 9.91171 8.74209 7.56771 7.5584 8.84626 7.44552 7.31761 7.01315 6.46915 6.36693 8.86453 6.2295 6.19809 5.88306 6.83814 6.21823 6.20999 5.81643 5.8135 5.52437
threshold=0.1974769639503631 0.10266634896360306 0.38273966648234042 0.56902620181244401 1.0000000180025095e-35 0.13918493739625848 0.083530290644605931 0.32389059254018632 0.32195612057937478 0.54959006182272196 -0.55296202218615198 0.04519648149356837 0.3960191922927731 0.46091639781348365 1.9489238613711175 0.01370810135374643 0.0067074800305597657 -0.10041251417925713 0.64708509407456727 0.53728855406761078 0.29337321801560851 -0.85576102661335829 1.1684257871146719 0.3545240185172604 0.76423215366231501 -0.021210100372724069 0.50245940797608235 0.1546905031980961 0.019925923269647247 0.74309347353224997
decision_type=2 2 2 2 10 2 8 2 2 2 10 2 10 2 10 10 2 10 10 2 10 8 10 10 2 10 2 2 10 10
left_child=1 6 3 7 8 -3 16 17 -4 23 15 12 -8 -6 -15 -5 -1 -2 29 20 -9 -10 -12 24 -7 -25 -27 -20 -18 -11
right_child=2 5 4 10 13 9 11 19 21 18 22 -13 -14 14 -16 -17 28 -19 27 -21 -22 -23 -24 25 -26 26 -28 -29 -30 -31
leaf_value=0.0014890165820840373 0.00047459148798761316 -0.00077669360743365021 -0.0097424981913866362 0.003286685884505773 -0.0056654816948659998 0.00043626215171849988 0.0030363741822538146 -0.0022597786509074738 0.0013940855317950611 0.00064675689318032729 7.5809268204996276e-05 0.0008545082419180723 0.0019494730693482335 -0.0009805020532237781 -0.0021693498465944496 0.00021442744974209545 -0.00089354783604342499 -0.00047504024321402464 0.0007486587842278499 -0.0012983683457860014 -0.00020916959032946531 -0.00050307811654597676 -0.00031228844802224862 0.0024519704999229602 -0.00054781981712055216 -0.0003713227435977417 0.00015486489162843585 0.00011151670933231736 0.00018544595328218649 0.001643587150713809
leaf_weight=321 222 139 155 90 562 1532 876 378 47 496 1095 1440 141 756 606 279 40 3387 537 294 356 1047 723 53 100 406 768 598 397 170
leaf_count=321 222 139 155 90 562 1532 876 378 47 496 1095 1440 141 756 606 279 40 3387 537 294 356 1047 723 53 100 406 768 598 397 170
internal_value=-0.000102432 0.00379538 -0.00322715 -0.00202637 -0.00580813 0.00217188 0.00621735 -0.00310802 -0.00318 0.00245226 0.000267367 0.00719487 0.00932711 -0.00751169 -0.00629494 0.00474324 0.00304348 -0.00233102 0.00422031 -0.0058309 -0.00432653 -0.00213699 -0.000643211 0.00133741 0.00251684 -0.000232085 -0.000689362 0.00283891 0.000513699 0.00656672
internal_weight=18011 8014 9997 6824 3173 4799 3215 4637 1249 4660 2187 2457 1017 1924 1362 369 758 3609 1801 1028 734 1094 1818 2859 1632 1227 1174 1135 437 666
internal_count=18011 8014 9997 6824 3173 4799 3215 4637 1249 4660 2187 2457 1017 1924 1362 369 758 3609 1801 1028 734 1094 1818 2859 1632 1227 1174 1135 437 666
is_linear=0
shrinkage=0.03


Tree=31
num_leaves=31
num_cat=0
split_feature=6 6 6 9 12 12 6 3 12 5 6 9 8 6 5 2 12 12 4 3 12 8 2 12 6 8 12 3 3 6
split_gain=240.814 40.1307 32.3704 18.2894 16.0116 15.5457 13.5639 14.2382 10.1705 13.1321 8.93817 7.744 6.36169 6.18553 6.90337 8.25454 8.14979 5.91601 9.27149 5.83099 5.82718 5.25458 4.86786 4.84085 4.80016 4.5338 6.56237 4.47556 4.98996 4.40724
threshold=0.1974769639503631 0.04519648149356837 0.33939164898388446 0.15464512036171923 0.47815933025075802 0.59770972956937329 0.1478201357119753 1.5018330556330082 0.33335832672793625 6.9132390964851194 0.73051106138180832 0.69332374462510782 0.29039879002787278 -0.11113871872900381 7.9731553740730181 0.088727250944080197 0.56346023632327469 0.59869715834772252 1.1163815440158233 3.4571389096504785 0.6590460662888461 0.083951243773084619 0.32646611586798441 0.67203978865988201 0.24171539547801404 0.22408335823166725 0.63878660986506441 53.071921976162365 4.9912283628468357 0.53129637843406929
decision_type=2 2 2 10 2 2 2 8 2 2 2 10 10 2 2 10 2 2 10 10 2 10 10 2 2 8 2 8 10 2
left_child=1 13 5 8 21 24 7 -6 -4 19 12 22 27 -1 16 -16 -15 -8 -19 -10 -20 -3 -7 -9 -2 26 -13 28 -5 -11
right_child=2 4 3 10 6 11 17 23 9 29 -12 25 -14 14 15 -17 -18 18 20 -21 -22 -23 -24 -25 -26 -27 -28 -29 -30 -31
leaf_value=0.0062120794290769291 -0.00018663749881664277 0.00075371127692799823 -0.0076956936285824092 -0.0015447799336909132 0.00032821252650384831 0.0002844634624115988 0.00013164993263097279 0.0012188518911895924 -0.00021966690730083907 -0.00040294739235339762 -0.018750103988373019 0.00026752886391251976 -0.002277392945698945 -0.00038563955272823337 0.00060127129659554761 0.0025720145121875091 0.0049961652748199189 0.0014285772832428045 0.0004269890800281014 0.0023699507986155461 -0.0015314099607875089 -0.00021864247712695238 0.0014473535525609935 -0.00020686786005904377 -0.00065049452658215185 -0.00078259595012358557 -0.00062229374039563749 -0.0014949761956331534 -0.00044895163175246225 -0.0019162509428806897
leaf_weight=295 1788 303 188 497 1420 525 1741 1443 235 900 118 205 1007 158 426 612 44 257 183 203 59 1069 82 60 2863 142 107 445 488 169
leaf_count=295 1788 303 188 497 1420 525 1741 1443 235 900 118 205 1007 158 426 612 44 257 183 203 59 1069 82 60 2863 142 107 445 488 169
internal_value=-0.00011978 0.00373188 -0.00323999 -0.0052223 0.00270578 -0.0017644 0.00347115 0.00481703 -0.00280366 -0.00197944 -0.00682512 0.0015113 -0.00642945 0.0080957 0.00715552 0.00814244 0.00206897 0.00171352 0.00459 0.0023918 0.00037037 -0.0001748 0.00372533 0.00685173 -0.00251182 -0.00145055 0.00057508 -0.00513627 -0.00400101 -0.00377103
internal_weight=18032 8070 9962 4250 6535 5712 5163 2923 1695 1507 2555 1061 2437 1535 1240 1038 202 2240 499 438 242 1372 607 1503 4651 454 312 1430 985 1069
internal_count=18032 8070 9962 4250 6535 5712 5163 2923 1695 1507 2555 1061 2437 1535 1240 1038 202 2240 499 438 242 1372 607 1503 4651 454 312 1430 985 1069
is_linear=0
shrinkage=0.03


Tree=32
num_leaves=31
num_cat=0
split_feature=6 6 9 12 6 12 7 12 3 6 5 8 5 7 7 4 9 3 12 9 3 3 3 6 5 5 3 3 3 5
split_gain=216.296 47.8318 24.0656 24.4495 17.8547 16.1053 15.9086 12.7836 11.3679 10.5997 10.3945 9.72601 11.5859 9.2879 8.95065 7.64091 7.59816 7.30474 6.79289 6.62049 6.15283 6.06559 5.90206 5.85663 7.06481 5.49046 6.89652 5.82128 9.88418 5.47661
threshold=0.23336206282884667 0.15614643298000355 1.9489238613711175 0.55691783182324761 0.04519648149356837 0.33335832672793625 0.26488621895598646 0.52286474349857925 1.4556959316398335 0.41000240783831382 6.8490657203609322 0.30191361209298745 9.666308460248727 0.63683621704655724 0.31810896838619312 0.68497593148631497 -0.85576102661335829 1.7727475469609375 0.47815933025075802 0.3545240185172604 1.56227253263946 1.4432097478653767 1.2525571249815857 0.44100445783652648 10.157121483752109 7.4838065296799909 46.13776123833815 17.161922654705474 3.1410353614104971 8.9273141022540941
decision_type=2 2 10 2 2 2 2 2 8 2 2 10 2 2 2 10 8 10 2 8 8 8 10 2 2 2 10 10 10 2
left_child=1 4 3 5 22 -2 29 19 -8 -4 -5 12 17 -14 -13 -9 -12 21 -10 -3 -21 -7 -1 24 -18 -19 27 28 -27 -6
right_child=2 7 9 10 6 11 8 15 18 -11 16 14 13 -15 -16 -17 23 25 -20 20 -22 -23 -24 -25 -26 26 -28 -29 -30 -31
leaf_value=0.0011280971569012448 -0.0081971422033045686 5.3967648611109585e-05 -0.00080929384115469591 0.0018907761165959354 0.0011187935561251089 -0.00015770562364727784 0.00040148836061396369 0.00056872886948587805 0.00021967267474079719 -0.0031701487600937625 0.0013988317623813919 -0.0025282135333573176 -0.00039519952316042535 -0.0016782429259396142 -0.0010937613788733599 7.8639894173874528e-05 9.6860255510877597e-05 0.0013393402148740385 0.0010896492340978505 -0.0009843955797158039 -0.0002774753133625416 -0.0020758355739387002 0.0031011519798711993 -0.00092691131055406173 -0.00033343395625932694 0.0003102160387378604 -0.0032025445826902371 0.00097987299555722814 -0.0013315635845906125 -0.00023747872426680859
leaf_weight=752 344 951 838 170 42 186 1730 813 232 608 64 235 1011 531 1154 1555 1066 185 1739 366 503 157 751 247 643 278 78 232 213 475
leaf_count=752 344 951 838 170 42 186 1730 813 232 608 64 235 1011 531 1154 1555 1066 185 1739 366 503 157 751 247 643 278 78 232 213 475
internal_value=-2.72727e-05 0.00295913 -0.00361849 -0.00286976 0.00474222 -0.00411075 0.00374022 0.000522798 0.00442869 -0.007132 -0.000260155 -0.00360479 -0.0026062 -0.00437459 -0.00566547 0.00197552 -0.00086096 -0.000552632 0.00598631 -0.00136738 -0.00325862 -0.00431686 0.00754987 -0.00119571 -0.000570175 0.000759878 -0.000317955 0.000600829 -0.00125 -0.00118726
internal_weight=18149 9909 8240 6794 5721 4604 4218 4188 3701 1446 2190 4260 2871 1542 1389 2368 2020 1329 1971 1820 869 343 1503 1956 1709 986 801 723 491 517
internal_count=18149 9909 8240 6794 5721 4604 4218 4188 3701 1446 2190 4260 2871 1542 1389 2368 2020 1329 1971 1820 869 343 1503 1956 1709 986 801 723 491 517
is_linear=0
shrinkage=0.03


Tree=33
num_leaves=31
num_cat=0
split_feature=6 6 6 12 12 5 12 5 2 6 6 6 7 8 6 5 7 8 6 7 7 2 6 7 2 8 5 6 2 1
split_gain=213.147 33.8138 24.55 17.7323 14.7077 12.8261 17.6233 12.5066 11.3584 8.91823 7.86344 7.82982 7.81073 7.49099 6.89509 6.88514 12.4607 6.88437 6.41236 8.46299 6.03351 6.02488 6.00527 6.9306 5.42887 8.24724 5.31336 7.27437 5.31516 5.76031
threshold=0.21316391768807644 0.080918680285823733 0.42039660041741206 0.56967590800445722 0.53522948847951379 7.5543346865244549 0.33335832672793625 8.8135871934143619 0.088727250944080197 0.32837627219038362 -0.11113871872900381 0.55736774627033647 0.13918493739625848 0.69403449223912961 0.1478201357119753 10.558205706138827 0.53932608398719395 -0.10041251417925713 0.15614643298000355 0.80730864791137591 0.29790852892118719 0.33970965647905416 0.54276308619466695 0.4894031899363272 0.29337321801560851 0.16301553344840483 9.4760835251545963 0.037551196340936073 0.1662556550719686 1.102700608522859
decision_type=2 2 2 2 2 2 2 2 8 2 2 2 2 10 2 2 2 10 2 2 2 10 2 2 10 10 2 2 10 2
left_child=1 8 3 9 12 6 -4 -5 10 17 -1 20 -3 21 -6 -16 -17 -2 -14 -20 -7 -8 -23 -24 -9 -26 27 -10 -29 -30
right_child=2 4 5 7 14 11 13 24 26 -11 -12 -13 18 -15 15 16 -18 -19 19 -21 -22 22 23 -25 25 -27 -28 28 29 -31
leaf_value=0.0062529772233440722 0.00054588842620185529 -0.00067448345950726831 -0.0080507794008245152 0.00096216489722577496 0.000815525055555132 -0.0027450607480685695 -0.00063396740627385075 2.3420251258392394e-05 0.0033410228395788534 -0.0010522608191654737 0.00025972006178766641 -0.0059869446835464652 0.0004658852576816136 -0.0043031476814153653 0.00054368905806058648 -0.0006520227902448415 0.00031670309763794931 -0.00054867331785919357 3.2040896430541029e-05 -0.0011205444568000607 -0.0014341588490031764 0.0020437057112715367 0.010677252595701705 -0.00082967282115529127 7.8332069575799964e-05 -0.00078071424692663003 0.001414302643348595 -0.00019733885000127504 0.0021968972140826884 -0.00029346409061061093
leaf_weight=86 218 162 207 445 1214 104 229 1062 545 1437 657 318 1761 65 1215 100 416 2938 1488 59 1226 126 47 100 299 396 830 136 152 54
leaf_count=86 218 162 207 445 1214 104 229 1062 545 1437 657 318 1761 65 1215 100 416 2938 1488 59 1226 126 47 100 299 396 830 136 152 54
internal_value=4.31106e-05 0.00336131 -0.00315199 -0.00222705 0.002214 -0.00574494 -0.00255484 -1.36178e-05 0.00635108 -0.00328798 0.00324597 -0.00724075 0.000890233 0.000184859 0.00377291 0.00255485 -0.000348162 -0.00239468 0.0012058 -0.000203488 -0.00622089 0.00143141 0.00443431 0.000304054 -0.00115188 -0.00321121 0.00769208 0.00606419 0.00262391 0.00565217
internal_weight=18092 8875 9217 6795 6415 2422 774 2202 2460 4593 743 1648 3470 567 2945 1731 516 3156 3308 1547 1330 502 273 147 1757 695 1717 887 342 206
internal_count=18092 8875 9217 6795 6415 2422 774 2202 2460 4593 743 1648 3470 567 2945 1731 516 3156 3308 1547 1330 502 273 147 1757 695 1717 887 342 206
is_linear=0
shrinkage=0.03


Tree=34
num_leaves=31
num_cat=0
split_feature=6 6 6 12 7 9 3 12 6 12 12 5 9 9 3 2 7 2 4 6 6 3 6 7 12 7 3 5 8 9
split_gain=195.112 41.6905 20.4143 18.3387 16.6011 15.7077 11.6591 10.7021 10.6577 10.3447 9.53333 8.46129 7.82796 7.59666 7.536 9.40681 7.41601 7.39081 6.96414 6.71864 6.7102 7.48759 6.4766 6.209 7.39156 6.36485 6.17182 6.16291 6.04784 5.5269
threshold=0.16835023690457088 0.36510725631015456 0.04519648149356837 0.57135230075797783 0.26488621895598646 0.0070339015565737814 1.5018330556330082 0.24160320841339225 0.24932786478368921 0.47815933025075802 0.42794392878486176 10.11674237028399 -0.55296202218615198 2.6284633607719425 2.3374069183000317 0.16310606433117364 0.65902869219081783 0.091347153203428996 1.2680694601141493 0.46336344992943262 0.21154146288641676 9.0179759808402693 0.42883248867445595 0.21933275559986354 0.46091639781348365 0.74054729912613115 2.3986605180541392 3.4175922930736511 -1.0000000180025095e-35 0.42236918320310829
decision_type=2 2 2 2 2 10 8 2 2 2 2 2 10 10 10 8 2 8 10 2 2 10 2 2 2 2 10 2 10 10
left_child=2 3 17 8 29 7 -6 -3 23 -8 22 19 28 -12 15 -14 -10 -1 20 -9 -16 -22 -7 -2 26 -26 -25 -21 -5 -4
right_child=1 5 4 12 6 10 9 11 16 -11 13 -13 14 -15 18 -17 -18 -19 -20 27 21 -23 -24 24 25 -27 -28 -29 -30 -31
leaf_value=0.00083460214927077146 -0.00083574571362866228 -0.011267829386198318 8.9192715962860229e-05 0.0040196562465703509 0.00032536881247653628 -0.0020578091923683767 -6.5938824484561235e-05 0.0002181089817582879 -0.00038275323858470906 0.00095997624476100831 -0.00095627022115243334 -0.001404917977977002 0.00071359142861737626 -0.0017214808543521212 0.0012332863616463774 -0.00065809807490930345 -0.0012027982921728002 0.0027783453655623866 -0.00016355831815564615 0.0048488837955924253 0.0013249082177889272 -3.6104501380726201e-05 -0.0078210970471031989 -0.0012231010021738189 0.00012126117773438617 -0.00052115892649883542 0.00033623360227711318 -0.00099419558058576308 0.00022594901765646532 -0.00083172908003905613
leaf_weight=557 248 80 317 71 2030 91 252 451 1646 2053 1219 66 52 612 298 196 1003 979 718 87 164 672 330 333 1920 302 144 665 253 236
leaf_count=557 248 80 317 71 2030 91 252 451 1646 2053 1219 66 52 612 298 196 1003 979 718 87 164 672 330 333 1920 302 144 665 253 236
internal_value=4.90413e-05 -0.00227026 0.00424436 -0.00106595 0.00329515 -0.00495142 0.00391951 -0.00238889 -0.00201001 0.00537944 -0.00648469 -0.0017126 0.0011134 -0.00554312 0.000442646 -0.00445783 -0.00339057 0.0072609 0.00110092 -0.00113372 0.00256388 0.0011828 -0.0105569 -0.000768318 -0.00035 0.000377868 -0.00373431 -0.00286853 0.00544615 -0.00159747
internal_weight=18045 11621 6424 8020 4888 3601 4335 1349 5596 2305 2252 1269 2424 1831 2100 248 2649 1536 1852 1203 1134 836 421 2947 2699 2222 477 752 324 553
internal_count=18045 11621 6424 8020 4888 3601 4335 1349 5596 2305 2252 1269 2424 1831 2100 248 2649 1536 1852 1203 1134 836 421 2947 2699 2222 477 752 324 553
is_linear=0
shrinkage=0.03


Tree=35
num_leaves=31
num_cat=0
split_feature=6 6 9 6 8 6 3 6 0 0 0 0 3 8 6 3 6 3 7 9 7 7 6 0 9 9 0 8 7 0
split_gain=195.278 39.0765 22.7825 14.1243 13.8701 11.9502 12.4617 11.9307 12.8113 11.8578 10.5361 8.94295 8.69102 8.20557 7.83021 9.48432 7.65935 6.87025 6.54431 6.4642 6.18015 6.07075 5.85754 5.83031 5.63408 5.4951 5.52183 5.7135 5.40681 5.36204
threshold=0.22313818676636024 0.078854845117690711 0.27601597294790675 0.40292678949042676 -0.13675207921162955 0.15614643298000355 1.5018330556330082 0.47954549024946408 71.971380471380485 21.534172661870507 103.2916971916972 1.7701349040930985 1.2563103603487893 0.3960191922927731 0.36510725631015456 1.7858850969349576 0.26387075255632558 60.513309279720197 0.2719607729708497 -0.12136461144859097 0.65735121373965322 0.31810896838619312 0.95551144502743646 1.008296012518211 0.62712002741482775 2.0176511712691911 5.8359950354769019 0.26983608300209588 0.75309812611863436 7.2492424242424249
decision_type=2 2 10 2 8 2 8 2 8 10 8 10 10 10 2 10 2 8 2 8 2 2 2 10 10 10 10 10 2 10
left_child=1 12 4 9 -2 6 -3 10 19 16 14 -7 23 25 15 -6 21 22 -8 -9 -18 -4 -10 -1 -25 26 -5 -28 -12 -22
right_child=2 5 3 13 7 11 18 8 17 -11 28 -13 -14 -15 -16 -17 20 -19 -20 -21 29 -23 -24 24 -26 -27 27 -29 -30 -31
leaf_value=0.0018767647698180142 0.0023465334163602328 0.00022953054312589523 -0.0011664079897487874 -0.0019603017565888474 -0.00041223703215020305 -5.4914512032651348e-06 -0.00028351911213100514 0.00062394582093210332 0.00077892085253844024 0.001451544334686343 0.0013248395962017071 0.00053673012673411432 0.0020444505465723939 -0.0040910518087317821 -0.00098296251450633704 0.00010016062490132017 -0.00057725599475257408 -0.0012115238033317355 0.00095375379975618077 -0.0054700134637712273 -0.0013728504720644246 -0.00012298405012120913 -0.0063667525641042224 0.00039478035118035363 -0.00061581959424181481 -0.0021368011024845731 -0.00086684331395914997 0.001437069649658923 3.2596234935591825e-05 0.0001311240341508147
leaf_weight=511 54 1663 149 382 510 2872 109 40 308 83 257 794 1244 418 416 1146 1460 210 1592 212 1022 986 62 496 97 419 124 64 336 56
leaf_count=511 54 1663 149 382 510 2872 109 40 308 83 257 794 1244 418 416 1146 1460 210 1592 212 1022 986 62 496 97 419 124 64 336 56
internal_value=6.96402e-05 0.00307389 -0.00316351 -0.00443552 -0.00131334 0.0019542 0.00324517 -0.00154803 -0.00468187 -0.00347352 -0.000568267 0.000769021 0.00642401 -0.00699929 -0.00157742 -0.00065178 -0.00372754 -0.00222031 0.00504994 -0.0103162 -0.00464356 -0.00167694 0.000242588 0.00447964 0.00244949 -0.0055 -0.00357268 0.000634921 0.00295455 -0.00636701
internal_weight=18092 9378 8714 5163 3551 7030 3364 3497 832 3756 2665 3666 2348 1407 2072 1656 3673 580 1701 252 2538 1135 370 1104 593 989 570 188 593 1078
internal_count=18092 9378 8714 5163 3551 7030 3364 3497 832 3756 2665 3666 2348 1407 2072 1656 3673 580 1701 252 2538 1135 370 1104 593 989 570 188 593 1078
is_linear=0
shrinkage=0.03


Tree=36
num_leaves=31
num_cat=0
split_feature=13 13 12 9 7 12 13 3 5 9 0 4 7 5 7 7 13 9 13 3 7 0 7 3 0 13 3 3 7 8
split_gain=178.196 30.7905 22.056 21.4057 17.6869 13.5936 12.6311 9.80235 8.92384 9.16486 8.48579 8.19253 7.76589 7.69533 7.85402 9.28426 7.56082 7.5076 7.3863 8.52111 6.92536 6.89224 6.89146 6.75849 6.73749 7.87027 6.59933 6.94604 6.92244 10.3785
threshold=0.2091016289445973 0.051238514888679372 0.42504211251241858 1.9489238613711175 0.26488621895598646 0.56967590800445722 0.15614643298000355 1.5018330556330082 6.8490657203609322 -0.85576102661335829 2.2118400763098003 1.2224573491232584 0.2409652070002585 10.157121483752109 0.52790854116636332 0.45351338471230235 0.28788094064776809 1.1512536754049771 -0.11113871872900381 1.4884576750376561 0.69797838654053934 1.7701349040930985 0.76423215366231501 2.0827519341042486 6.207809071361118 0.39657193621513193 448.24065465749601 13.722277648993538 0.82466409247930572 0.31916755576934158
decision_type=2 2 2 10 2 2 2 8 2 8 10 10 2 2 2 2 2 10 2 10 2 8 2 10 10 2 8 10 2 10
left_child=1 18 10 5 -3 12 7 -6 -7 -10 -2 -11 -4 14 15 -14 -5 26 -1 -20 -15 22 -8 -17 -18 -26 27 28 -16 -30
right_child=2 4 3 16 6 8 21 -9 9 11 -12 -13 13 20 17 23 24 -19 19 -21 -22 -23 -24 -25 25 -27 -28 -29 29 -31
leaf_value=0.0054837993409675555 -0.002714766789696049 -0.00029621637956068315 -0.0012880382559785093 -0.00021053037892273252 0.00033305462648676833 0.0023745889245562952 0.00011261329290813477 0.00091209938057408872 0.0018145910104728005 0.00011481845462008603 -0.0080357652537667926 -0.0003151537942134406 -0.00023273984393764281 -0.00040008687636314808 -0.00098242311688588732 0.0014079596501605292 -0.0018343757720906985 -0.0019648684827962325 0.00072594534447037462 0.0025957852270349752 -0.0014087149847750722 0.00070105810878860818 -0.00079220103378037571 9.5471807855194993e-05 0.000145986470224628 -0.0013729484879652987 -0.0018669253643056214 8.664046959614868e-05 -0.0014851422854461195 0.003640639321541871
leaf_weight=285 747 724 433 293 1778 157 1925 1818 68 1054 307 782 567 1185 963 147 644 170 911 458 347 547 217 207 135 308 51 816 43 54
leaf_count=285 747 724 433 293 1778 157 1925 1818 68 1054 307 782 567 1185 963 147 644 170 911 458 347 547 217 207 135 308 51 816 43 54
internal_value=-0.000119888 0.00298996 -0.00296234 -0.00244985 0.00212054 -0.00177999 0.00263204 0.00379483 0.000269156 -0.000299213 -0.00705213 -0.000702232 -0.00262741 -0.00226104 -0.00138125 0.000927332 -0.00586531 -0.00239514 0.00667069 0.00574818 -0.00399217 0.00107621 0.000307979 0.00473239 -0.00701746 -0.00415541 -0.00185944 -0.00156633 -0.00316682 0.00443878
internal_weight=18141 8663 9478 8424 7009 7044 6285 3596 2061 1904 1054 1836 4983 4550 3018 921 1380 2097 1654 1369 1532 2689 2142 354 1087 443 1927 1876 1060 97
internal_count=18141 8663 9478 8424 7009 7044 6285 3596 2061 1904 1054 1836 4983 4550 3018 921 1380 2097 1654 1369 1532 2689 2142 354 1087 443 1927 1876 1060 97
is_linear=0
shrinkage=0.03


Tree=37
num_leaves=31
num_cat=0
split_feature=6 6 6 0 0 6 3 6 0 8 5 3 5 9 4 2 9 2 3 6 0 5 2 2 5 0 6 2 4 3
split_gain=170.986 34.63 20.377 18.4813 18.1995 15.2332 12.1233 9.59418 8.79228 8.42534 8.75006 10.161 8.30605 7.36002 7.32214 6.84102 6.51634 6.31852 6.24867 6.13915 5.6394 5.0728 5.0098 4.99918 6.04292 4.88907 4.67191 4.5159 6.62165 4.91964
threshold=0.2246230654245647 0.04519648149356837 0.41000240783831382 41.491666666666674 21.534172661870507 0.15614643298000355 1.5018330556330082 0.73051106138180832 1.7884722702726024 0.25762479472438643 10.166351673572624 1.7858850969349576 8.0294327875302809 -0.21465583007692127 0.5224659949253696 0.088727250944080197 1.3346544395226663 0.24047489126697119 2.5414461035512503 0.514312017684461 1018.2000000000002 10.815760218719022 0.5127230041609725 0.083530290644605931 11.001191069727653 1.365615531611938 0.24023982564774207 0.19842466355899674 0.72427136878702092 2.0443283574899049
decision_type=2 2 2 8 8 2 8 2 8 10 2 10 2 8 10 8 8 8 10 2 8 2 10 10 2 10 2 10 10 8
left_child=1 15 4 7 9 6 23 13 -7 10 11 -2 14 -4 -5 -1 -13 -11 -16 -14 -20 -10 26 24 -3 -25 -19 -8 -29 -30
right_child=2 5 3 12 -6 8 27 -9 21 17 -12 16 19 -15 18 -17 -18 22 20 -21 -22 -23 -24 25 -26 -27 -28 28 29 -31
leaf_value=0.00064382858405758457 -0.00098352204591912453 -0.00037423966003890651 0.00082276368035311359 -0.0019265811965236523 0.00040207339761231479 -4.0087054256855435e-05 0.00086703246087008569 -0.014532858233665263 0.00065188999790511857 -0.00058126187001244134 -0.00048699639036222097 0.00018596322095865557 -0.00044299798036013974 -0.0021009931739007642 -0.0010442894887428271 0.0025015029507976945 -0.00038524497376328238 4.718323253197001e-06 0.0030985043504686226 -0.0030420189538613767 0.00041022213023383523 -0.00030571135086025433 0.00050460151746735762 0.00036523078229370028 0.001396345337925981 -0.00013178723839068723 -0.0010303513583491527 0.0020161934795988323 -0.00050365867698051931 0.00063368457712974636
leaf_weight=555 442 400 70 108 508 2890 913 170 702 637 1460 1372 312 1359 140 990 414 97 94 87 254 102 47 1619 41 166 1117 330 151 568
leaf_count=555 442 400 70 108 508 2890 913 170 702 637 1460 1372 312 1359 140 990 414 97 94 87 254 102 47 1619 41 166 1117 330 151 568
internal_value=-4.38839e-05 0.00275403 -0.00307976 -0.00530636 -0.00213126 0.0019485 0.00318692 -0.00730312 0.000543978 -0.00262574 -0.0017891 -0.000605653 -0.00209337 -0.00649301 0.000150754 0.00685964 0.00040291 -0.00424961 0.00171779 -0.0054375 0.00386819 0.00331677 -0.0054794 0.00167041 -0.00118778 0.00237682 -0.00585185 0.00490576 0.00355714 0.0019375
internal_weight=18115 9427 8688 2594 6094 7882 4188 1599 3694 5586 3688 2228 995 1429 596 1545 1786 1898 488 399 348 804 1261 2226 441 1785 1214 1962 1049 719
internal_count=18115 9427 8688 2594 6094 7882 4188 1599 3694 5586 3688 2228 995 1429 596 1545 1786 1898 488 399 348 804 1261 2226 441 1785 1214 1962 1049 719
is_linear=0
shrinkage=0.03


Tree=38
num_leaves=31
num_cat=0
split_feature=6 6 6 0 7 6 0 4 3 7 9 0 2 9 6 7 5 7 2 5 6 5 0 9 0 9 2 3 4 0
split_gain=163.827 36.2067 21.564 16.4203 16.3679 14.931 14.8267 9.57166 9.52683 9.12568 7.89643 7.69918 7.28771 13.4163 9.09507 7.53577 7.27105 9.31823 6.93066 6.67087 6.4591 6.24006 8.3207 6.34631 5.59446 5.31194 5.39848 10.3143 8.48876 5.24171
threshold=0.18549099887354273 0.33939164898388446 0.04519648149356837 41.491666666666674 0.24902628222498488 0.73051106138180832 2.9364730312058906 0.56369732862759314 1.5018330556330082 0.77519159974199481 2.5307953036009834 1.3617811428221462 0.3244810965111718 0.71702132612416236 0.24171539547801404 0.18911026746998824 9.0503476589439078 0.68084063207149981 0.10004199514163339 9.9905822583368913 0.16101398163317707 10.49379880230474 1.0809603262884691 0.31339933590817209 3.9487296708427366 -0.34773545310759946 0.19842466355899674 2.3663689654504005 1.4259465675535432 0.89614291035951976
decision_type=2 2 2 8 2 2 8 8 8 2 8 10 10 8 2 2 2 2 10 2 2 2 10 10 10 10 8 10 10 10
left_child=2 6 18 5 -4 10 7 -2 11 25 24 16 14 -14 15 -9 -6 19 29 -18 -11 22 -21 -23 -3 -10 -27 -28 -29 -1
right_child=1 3 4 -5 8 -7 -8 12 9 20 -12 -13 13 -15 -16 -17 17 -19 -20 21 -22 23 -24 -25 -26 26 27 28 -30 -31
leaf_value=0.0038741204469882936 0.00014829919777565088 -0.0011794549796170218 -0.00024270427058965772 -0.00026513731385779379 -0.00042340568898518825 -0.013911291184171904 0.00021411776783971981 -0.0017502376286454529 0.0020489566084182795 0.00054007992185373804 -0.0018953558901197943 -0.00015177029327138075 0.00046126771504094081 -0.0006484731067002709 -0.00092138025124745325 -0.00016716829119127003 0.00067660991318773908 0.0013358447472537924 0.0025669703217393951 0.00051734589454637502 -0.00082962976364560727 0.00044556431273907906 -0.00039885374518914288 -9.96075850638188e-05 -0.0003499617649846959 0.00072279193853658317 -0.00015081052157501744 0.0017096879028786999 0.00035598860791756959 0.00048553201871186165
leaf_weight=93 1020 1497 601 1231 304 184 1072 93 79 272 839 393 520 425 1455 1722 412 403 902 50 116 302 318 205 525 1117 371 610 393 522
leaf_count=93 1020 1497 601 1231 304 184 1072 93 79 272 839 393 520 425 1455 1722 412 403 902 50 116 302 318 205 525 1117 371 610 393 522
internal_value=3.49088e-05 -0.00236536 0.0034385 -0.00449614 0.00262317 -0.00567794 -0.00092026 -0.0015785 0.00315095 0.00428861 -0.00514151 0.00173995 -0.00220944 0.000110994 -0.00287985 -0.001462 0.00249624 0.00326434 0.00663043 0.00201475 0 0.000530822 -0.00243902 0.00268701 -0.00412259 0.00493582 0.004689 0.00342545 0.00500498 0.00416396
internal_weight=18046 10583 7463 4276 5946 3045 6307 5235 5345 2958 2861 2387 4215 945 3270 1815 1994 1690 1517 1287 388 875 368 507 2022 2570 2491 1374 1003 615
internal_count=18046 10583 7463 4276 5946 3045 6307 5235 5345 2958 2861 2387 4215 945 3270 1815 1994 1690 1517 1287 388 875 368 507 2022 2570 2491 1374 1003 615
is_linear=0
shrinkage=0.03


Tree=39
num_leaves=31
num_cat=0
split_feature=6 6 0 6 12 3 6 6 0 12 7 12 9 9 7 6 0 12 7 3 0 7 5 3 7 7 7 0 4 0
split_gain=149.652 39.9285 20.0016 17.4098 14.6565 12.8692 12.8678 10.6704 12.6804 7.64859 7.42032 6.87116 6.50048 5.97822 5.9769 5.94917 5.87376 5.69465 9.61541 8.16115 6.76541 5.6432 5.7408 8.57913 5.47796 8.10919 8.32638 6.03826 5.32519 5.57005
threshold=0.16101398163317707 0.35857284224034741 41.491666666666674 -0.086232268211142923 0.61013058180236046 1.5018330556330082 0.73051106138180832 0.25876978438436465 7.2492424242424249 0.48803610090269095 0.58661399486304633 0.47448795862900617 0.76354761743375044 -0.67143774308222415 0.30442955214122269 0.051238514888679372 1.365615531611938 0.4754179241400382 0.19736350306681269 1.8381872395252778 1.2947019266690434 0.2719607729708497 7.9731553740730181 56.620248550398607 0.77787769925666173 0.70946464622739047 0.56356504515786832 5.1824483637874845 0.6964861359452128 1.7237477308496019
decision_type=2 2 8 2 2 10 2 2 8 2 2 2 10 8 2 2 10 2 2 10 10 2 2 10 2 2 2 10 8 10
left_child=3 4 6 -1 7 16 13 17 10 -7 14 -12 -13 -3 -9 -11 -5 19 -19 -2 -20 -17 -23 -24 25 26 27 -6 29 -22
right_child=1 2 -4 5 24 9 -8 8 -10 15 11 12 -14 -15 -16 21 -18 18 20 -21 28 22 23 -25 -26 -27 -28 -29 -30 -31
leaf_value=0.00430604542959409 -0.00083513901579121972 0.00091036141560996012 -0.00027859504579488169 0.00036504724193469604 0.0013731741530507448 0.00020127136662383201 -0.014662363751592281 -0.0011652464910561432 0.00046612416878314089 0.0026325497760717976 -0.0020053161736953325 -0.00040360959861790582 -0.00087812102518912958 -0.0014554634336964461 -7.0691971464910541e-05 -0.00030785099847714404 -0.00016295077753403553 -0.00092529181307489795 0.00093129349582178036 0.00033942576749910927 7.6944231831821414e-05 0.0024730972242307885 0.00086646257741710515 -0.00036888484736471197 -7.6886764923005669e-05 0.0010131423768941848 -0.00013601355245528967 -0.00042955279629225033 -7.6241884619435285e-05 0.00072988079030524781
leaf_weight=364 600 44 1196 2931 202 388 171 268 151 339 313 703 470 2339 930 81 215 144 224 309 581 97 1466 126 264 214 405 40 2185 314
leaf_count=364 600 44 1196 2931 202 388 171 268 151 339 313 703 470 2339 930 81 215 144 224 309 581 97 1466 126 264 214 405 40 2185 314
internal_value=-0.000111203 -0.00203721 -0.00460677 0.00375749 -0.000878216 0.00334603 -0.00610568 -0.00137634 -0.00280853 0.00495396 -0.00328492 -0.00470074 -0.0036414 -0.00553062 -0.00152627 0.00566588 0.00206864 -0.000444011 0.000113076 -0.00255495 0.000444781 0.0049633 0.00533432 0.00489642 0.00230462 0.00346288 0.00178241 0.00617284 7.78968e-05 0.00202567
internal_weight=18074 12067 3750 6007 8317 5643 2554 7192 2835 2497 2684 1486 1173 2383 1198 2109 3146 4357 3448 909 3304 1770 1689 1592 1125 861 647 242 3080 895
internal_count=18074 12067 3750 6007 8317 5643 2554 7192 2835 2497 2684 1486 1173 2383 1198 2109 3146 4357 3448 909 3304 1770 1689 1592 1125 861 647 242 3080 895
is_linear=0
shrinkage=0.03


Tree=40
num_leaves=31
num_cat=0
split_feature=6 6 0 6 8 5 12 6 0 2 5 0 6 3 7 7 2 12 4 12 0 2 6 6 3 6 3 12 3 7
split_gain=139.076 28.119 22.9786 18.0116 15.8212 11.606 11.4186 9.86141 8.80744 8.73938 8.50792 8.42756 7.84944 8.59719 7.00909 8.20262 8.3924 9.08596 6.65088 6.5678 7.19169 6.16832 5.91812 5.84885 6.29618 5.75291 5.59268 5.89279 6.13556 5.55679
threshold=0.16577961532326582 0.42883248867445595 71.971380471380485 -0.11113871872900381 0.24119166977552745 10.146688598896096 0.53199622061529206 0.73051106138180832 1.3573578484553537 0.13261438302892117 4.2903656061101136 103.2916971916972 0.24171539547801404 1.518741257858381 0.65560723637060614 0.35352553366623013 0.24888347051935308 0.49189513338032403 1.2139615350443014 0.46220810266113799 1.6729107643729446 0.15759044247603229 0.2712016722872051 1.1488037409601473 46.538436000053302 0.3045360134814859 1.5018330556330082 0.68133823150834583 115.6892197701542 0.29790852892118719
decision_type=2 2 8 2 10 2 2 2 10 8 2 8 2 8 2 2 10 2 8 2 8 10 2 2 8 2 10 2 10 2
left_child=3 4 7 -1 5 10 -5 29 9 -8 -2 12 13 -6 15 -14 21 -18 -7 20 -12 -17 -21 24 -4 -20 -10 28 -28 -3
right_child=1 2 23 6 11 18 8 -9 26 -11 19 -13 14 -15 -16 16 17 -19 25 22 -22 -23 -24 -25 -26 -27 27 -29 -30 -31
leaf_value=0.0053551299968231719 0.0051839469137702496 -0.0026488333490631445 0.00038627308029820111 0.00034312699354844222 -0.0010770573002586267 -4.9859374420415101e-05 0.00040820190051333823 -0.01283048578224124 -0.00011052749312936167 0.0013279368406664297 -0.00096491619287874955 0.00070631945495581235 -0.0014392267268303056 5.7002632806417009e-05 -0.0013251469595475125 -0.0013081134465410856 0.00060237870326930812 -0.00078616321175718046 -0.00031304289241322625 0.00034272300969658736 0.00051051627015488872 0.00054942681132403616 -5.1830733846794648e-05 -0.0081947610452670176 -0.00060940900625628498 -0.0010839548976421852 0.00071588558271554604 -0.00076928639456990669 -0.00070850468109130151 -0.0018924732987736523
leaf_weight=288 60 127 431 3402 287 1318 466 187 214 1136 371 121 311 821 909 54 118 356 935 1834 99 266 1393 62 387 252 620 51 59 1054
leaf_count=288 60 127 431 3402 287 1318 466 187 214 1136 371 121 311 821 909 54 118 356 935 1834 99 266 1393 62 387 252 620 51 59 1054
internal_value=-3.75208e-05 -0.00195891 -0.00497554 0.00358345 -0.001245 -0.000364043 0.00322743 -0.00740687 0.00474676 0.00610106 0.000690527 -0.00294544 -0.00324688 -0.00121731 -0.00436228 -0.00275316 -0.00113208 -0.00366316 -0.00194533 0.000507031 -0.00280255 0.00261682 0.000989777 -0.00119183 -0.000512821 -0.00357323 0.00244444 0.00369357 0.00443382 -0.00638325
internal_weight=17989 11753 2248 6236 9505 6262 5948 1368 2546 1602 3757 3243 3122 1108 2014 1105 794 474 2505 3697 470 320 3227 880 818 1187 944 730 679 1181
internal_count=17989 11753 2248 6236 9505 6262 5948 1368 2546 1602 3757 3243 3122 1108 2014 1105 794 474 2505 3697 470 320 3227 880 818 1187 944 730 679 1181
is_linear=0
shrinkage=0.03


Tree=41
num_leaves=31
num_cat=0
split_feature=6 6 8 6 0 7 0 6 12 2 6 5 6 9 2 5 9 6 12 6 9 5 9 6 0 7 6 9 5 5
split_gain=131.021 30.972 19.7346 17.0908 17.0156 11.7637 10.5558 10.5319 10.2076 9.10184 8.6838 8.45382 9.02335 8.06533 8.03078 7.35686 6.96141 8.18177 6.75 6.63681 6.53771 7.79179 6.24364 5.92734 5.91414 6.42947 5.7131 5.69139 5.61373 5.65901
threshold=0.16577961532326582 0.436521832539361 0.23928941672900467 0.023916241940842301 71.971380471380485 0.2719607729708497 4.9629938346228242 0.26387075255632558 0.59770972956937329 0.083530290644605931 0.73051106138180832 10.146688598896096 0.21905379448266518 0.42236918320310829 0.29049757101868173 8.0802369848886979 0.77326328419158807 0.10266634896360306 0.52357481576965659 1.1488037409601473 -0.55296202218615198 10.637404681259602 0.34184155083562789 0.49005729593036756 1.2142156667120518 0.70946464622739047 -0.11113871872900381 -0.21465583007692127 8.317277736389789 10.951560642843718
decision_type=2 2 10 2 8 2 8 2 2 8 2 2 2 10 10 2 8 2 2 2 8 2 10 2 10 2 2 8 2 2
left_child=3 2 8 26 10 13 7 18 11 -7 27 -2 -13 -5 -8 19 17 -11 -4 -6 -10 -22 -9 -17 25 -19 -1 -3 -18 -30
right_child=1 4 6 5 15 9 14 22 20 16 -12 12 -14 -15 -16 23 28 24 -20 -21 21 -23 -24 -25 -26 -27 -28 -29 29 -31
leaf_value=0.005138382804269986 3.103454131452531e-05 0.0011265358022664782 -0.00087707948335506638 0.00020102358841862133 0.00038209509682495289 -0.00027781893988718207 0.00083029193466327119 -0.00045056324342174968 0.0014739065387936968 0.00075757214141896235 -0.012834690912230209 4.3315527585963823e-05 -0.00052951215477653035 -0.00076107314858166815 -0.0004434524947289517 -0.00025011519746544149 -6.1263159346908525e-05 0.00020065615375570431 7.1555311858957009e-05 -0.0075712550089766639 0.00028440857935797391 -0.00040201686254360381 -0.0012149041642838029 -0.0016902427480956384 0.00041515058843241112 -0.00087274259213758986 0.0015227631495255121 -0.0023642019002131733 0.0011616622381213308 -0.00023447783921543683
leaf_weight=294 2838 50 749 385 492 335 204 320 73 1234 186 709 1300 268 163 166 111 340 635 56 1163 183 1238 135 1621 101 871 1058 650 59
leaf_count=294 2838 50 749 385 492 335 204 320 73 1234 186 709 1300 268 163 166 111 340 635 56 1163 183 1238 135 1621 101 871 1058 650 59
internal_value=-2.41828e-05 -0.00189692 -0.00116698 0.00347608 -0.00515625 0.00272674 -0.00304079 -0.00363914 -0.000177118 0.0032783 -0.00732046 -0.000832302 -0.0023209 -0.00103211 0.00175272 -0.00185294 0.00366529 0.00304823 -0.00173285 0.000218579 0.00205986 0.00158129 -0.00533034 -0.00561258 0.00189045 -0.00118778 0.00675386 -0.00630298 0.00613886 0.00711972
internal_weight=17987 11718 9575 6269 2143 5104 3309 2942 6266 4451 1294 4847 2009 653 367 849 4116 3296 1384 548 1419 1346 1558 301 2062 441 1165 1108 820 709
internal_count=17987 11718 9575 6269 2143 5104 3309 2942 6266 4451 1294 4847 2009 653 367 849 4116 3296 1384 548 1419 1346 1558 301 2062 441 1165 1108 820 709
is_linear=0
shrinkage=0.03


Tree=42
num_leaves=31
num_cat=0
split_feature=6 6 0 6 6 3 6 7 3 3 7 5 4 3 7 2 8 4 2 5 8 2 0 5 3 5 0 5 5 0
split_gain=121.954 27.4721 24.3437 21.0907 14.1032 10.5585 10.0826 9.07344 9.63587 8.39817 7.30471 8.16632 7.0444 7.81882 6.71979 6.41708 6.99139 6.34335 8.18661 6.42402 6.12921 5.39453 5.20508 6.39786 5.04651 7.13167 7.07276 5.63337 4.94558 4.85944
threshold=0.17067694445440476 0.28227605611218737 21.534172661870507 0.023916241940842301 0.73051106138180832 1.5018330556330082 0.3794896217049038 0.65902869219081783 54.897731936672848 31.766465241120066 0.30442955214122269 10.166351673572624 0.6964861359452128 1.681438774249999 0.34868496738581739 0.11006572088032819 0.3960191922927731 0.64708509407456727 0.19842466355899674 9.0822796954491185 0.16926744793440948 0.39421689269990928 0.84684898618035198 9.4424436638760749 2.5414461035512503 8.8334627100951071 4.5721219646799129 8.9095730576946011 9.5596582796802938 1.3617811428221462
decision_type=2 2 8 2 2 8 2 2 8 10 2 2 8 8 2 8 10 10 10 2 10 10 10 2 10 2 10 2 2 10
left_child=3 12 4 15 7 29 -4 8 10 -9 20 24 13 -2 28 22 -17 -7 -19 -20 -3 -13 -1 -24 25 -12 27 -26 -14 -5
right_child=1 2 6 5 -6 17 -8 9 -10 -11 11 21 14 -15 -16 16 -18 18 19 -21 -22 -23 23 -25 26 -27 -28 -29 -30 -31
leaf_value=0.0074938819017699131 -0.00029054893575219541 1.6294899424183495e-05 0.00059730079700336005 0.00023035123930281268 -0.013734447642172021 0.0010640825261199873 -0.00028311161632853645 -0.0023533327603327959 -0.0018013048122720609 -0.00075881437978478794 -0.0012565978145615069 -0.00067287156586610811 -9.4864188393794548e-05 0.00045980644188359704 -6.9552719158656739e-05 0.0029497194336207911 0.0010228026255387943 0.00067140432751995713 0.0010203548595565581 -0.00010944191655560626 -0.0022464158307937483 0.0010980354258276048 -5.1247767109709365e-05 0.001224963747625963 0.0006502779773665012 0.00066653898659132594 0.00038164576568437995 -0.00092887869914252616 -0.0012050248270405739 -0.00018383062919452814
leaf_weight=58 540 97 342 2448 158 746 1225 890 361 897 115 619 192 992 3364 560 103 805 425 649 246 54 204 255 112 441 173 354 343 298
leaf_count=58 540 97 342 2448 158 746 1225 890 361 897 115 619 192 992 3364 560 103 805 425 649 246 54 204 255 112 441 173 354 343 298
internal_value=-6.4759e-05 -0.00192385 -0.00330813 0.00320284 -0.00442563 0.00240413 -8.60969e-05 -0.00410436 -0.00296152 -0.00574664 -0.00221745 -0.00147673 -0.000372791 0.00135029 -0.00105 0.00683319 0.00878765 0.00376428 0.00283245 0.00111628 -0.00623547 -0.00411721 0.00431467 0.00322826 1.25418e-05 0.00210054 -0.00180469 -0.00372591 -0.00416978 0.00110302
internal_weight=18066 11515 6084 6551 4517 5371 1567 4359 2572 1787 2211 1868 5431 1532 3899 1180 663 2625 1879 1074 343 673 517 459 1195 556 639 466 535 2746
internal_count=18066 11515 6084 6551 4517 5371 1567 4359 2572 1787 2211 1868 5431 1532 3899 1180 663 2625 1879 1074 343 673 517 459 1195 556 639 466 535 2746
is_linear=0
shrinkage=0.03


Tree=43
num_leaves=31
num_cat=0
split_feature=6 6 12 5 6 12 6 3 5 7 12 0 6 3 3 8 0 5 7 7 3 7 3 5 3 7 8 7 6 4
split_gain=125.825 23.1982 16.8541 13.2485 14.157 11.4124 10.0665 9.74372 9.61577 13.2883 9.60224 9.29884 9.64219 9.04648 7.99188 7.88922 7.79562 7.36781 6.63622 6.16201 9.18848 5.84486 7.9705 6.60144 5.28412 5.21014 7.08682 5.14644 5.14203 5.04404
threshold=0.2246230654245647 0.10104396128395977 0.42504211251241858 6.7929052800254102 0.31614317817427567 0.51740441851768948 -0.11113871872900381 1.5563287000641282 10.245142755153182 0.54771052542311616 0.66493620683204269 7.2492424242424249 0.45476530155320211 1.1619781866277321 74.251581550950903 0.29740246101410478 2.2118400763098003 11.134727686677195 0.81878128211298928 0.31114872383934139 60.513309279720197 0.65902869219081783 1.280116775655183 10.649428775164653 1.2620859368896842 0.31810896838619312 -0.11558925516959305 0.12745604406645175 0.49005729593036756 1.3959005726822196
decision_type=2 2 2 2 2 2 2 10 2 2 2 8 2 10 8 10 10 2 2 2 10 2 10 2 8 2 8 2 2 10
left_child=1 6 16 13 25 15 -1 17 18 -10 -11 14 29 -4 -6 -3 21 -8 24 -14 -21 22 -2 -24 -7 -5 -27 -26 -15 -13
right_child=2 5 3 4 11 8 7 -9 9 10 -12 12 19 28 -16 -17 -18 -19 -20 20 -22 -23 23 -25 27 26 -28 -29 -30 -31
leaf_value=0.004717744720108461 -0.0038750641985731121 0.00010685848231638983 -0.0025549506061346419 -0.00084254874826765133 -0.00076584461201170825 -0.00023144638808663345 0.00036332060857746044 0.0013492205225398776 -0.00038582829346884331 0.00040601370801781223 -0.00080020092340072778 0.00026905779227092959 -0.0034879505700831058 0.0032139372056347575 -0.0019455112183128882 -0.00063028904411626578 -0.006598511867351887 0.0013480318454674968 -0.00016327894511914998 5.0883518712300787e-05 -0.0012998946981166506 -0.0036830275586776703 0.00039080438390752547 -0.0026411568106267597 -0.00033782865213033376 0.0016058992973584296 -0.0001207506298430161 0.00069886518818704246 0.00037908684899311853 -0.0002509537771560595
leaf_weight=292 95 1999 47 356 2074 91 1758 1004 457 1102 72 419 62 178 329 620 301 118 185 276 311 250 304 43 64 46 3057 1716 168 284
leaf_count=292 95 1999 47 356 2074 91 1758 1004 457 1102 72 419 62 178 329 620 301 118 185 276 311 250 304 43 64 46 3057 1716 168 284
internal_value=-5.14409e-05 0.00233252 -0.00267876 -0.00219834 -0.00249064 0.00127953 0.00442483 0.00388407 0.00235493 0.000634191 0.0023234 -0.00376597 -0.00177384 0.0031599 -0.00488561 -0.000234733 -0.00635312 0.00260522 0.00371901 -0.00440769 -0.00344388 -0.00458874 -0.00250564 -0.000387931 0.00425481 -0.00110549 -0.000710374 0.00461538 0.0048415 0.000660511
internal_weight=18078 9478 8600 7607 7214 6306 3172 2880 3687 1631 1174 3755 1352 393 2403 2619 993 1876 2056 649 587 692 442 347 1871 3459 3103 1780 346 703
internal_count=18078 9478 8600 7607 7214 6306 3172 2880 3687 1631 1174 3755 1352 393 2403 2619 993 1876 2056 649 587 692 442 347 1871 3459 3103 1780 346 703
is_linear=0
shrinkage=0.03


Tree=44
num_leaves=31
num_cat=0
split_feature=6 6 6 7 8 0 0 5 5 2 6 8 1 5 7 9 9 6 2 6 7 7 9 2 2 4 8 0 9 6
split_gain=116.196 22.4451 16.2413 16.1554 11.522 13.2175 10.0148 10.2554 8.5301 7.66233 7.49426 7.02238 6.99683 6.78638 6.62088 6.50333 6.4208 6.12824 5.99899 5.94533 6.1301 7.16326 7.93815 6.07496 9.38395 5.70431 5.56541 5.3874 5.34646 5.29013
threshold=0.19915458588260651 0.49005729593036756 0.037551196340936073 0.26488621895598646 0.24662603953183673 173.87500000000003 41.491666666666674 8.0294327875302809 4.2903656061101136 0.091347153203428996 0.11125510603628543 -0.21323842981182906 0.62266486922710118 10.146688598896096 0.79302599270045326 0.77326328419158807 0.42236918320310829 -0.14579579571135201 0.40822338709052741 0.28227605611218737 0.65735121373965322 0.2409652070002585 2.7644202707565282 0.16175897991728641 0.22802917072291209 0.56369732862759314 -1.0000000180025095e-35 1.2862890758679359 -0.24962217020660735 0.73051106138180832
decision_type=2 2 2 2 10 8 8 2 2 10 2 8 2 2 2 8 10 2 10 2 2 2 10 10 10 10 10 10 10 2
left_child=2 4 9 16 8 19 29 12 -2 17 -5 -10 -8 18 15 28 -4 -1 -13 -6 21 -21 23 -23 -25 -14 -11 -15 -12 -3
right_child=1 6 3 10 5 -7 7 -9 11 26 14 13 25 27 -16 -17 -18 -19 -20 20 -22 22 -24 24 -26 -27 -28 -29 -30 -31
leaf_value=0.0064971267860929926 0.0055460701499847852 -0.002509320909453135 4.7888418587575598e-05 0.00063766422633132491 -0.00036897482111346086 0.0006306515754554515 -0.0028214137654555297 -0.001888112115286452 0.0023863625818123439 0.0033197273072751074 0.0013672269537774466 3.0328737231809927e-05 -0.0027974985209765087 -0.00090641472778138943 -0.00036389205321112267 0.0006616768744866357 -0.00084250759431655153 0.00035094055685642376 -0.00072606806957597873 -0.0019515530387234973 -0.0015234637966028443 -0.0022059167608391361 -0.0018876909350859813 0.00098593591386636351 -0.00035109406488601749 0.00078717659790961288 0.0017861839025275191 -0.00027652121706570802 0.00021402802784873561 -0.012812586965918282
leaf_weight=63 69 530 393 1901 1131 205 96 148 48 204 124 2935 65 44 329 742 302 465 428 140 777 55 111 151 541 316 655 1923 2997 182
leaf_count=63 69 530 393 1901 1131 205 96 148 48 204 124 2935 65 44 329 742 302 465 428 140 777 55 111 151 541 316 655 1923 2997 182
internal_value=2.65619e-05 -0.00215996 0.00267307 0.00206805 -0.00159481 -0.00305109 -0.00577354 -0.00299521 -0.000762665 0.0056304 0.00256236 -0.000897936 -0.00084728 -0.00100169 0.00185309 0.00220109 -0.00226293 0.00277883 -0.000182818 -0.00357069 -0.00465372 -0.00309309 -0.00206054 -0.000942513 -0.00017316 0.000981675 0.00737791 -0.00240091 0.00159994 -0.00820477
internal_weight=18070 9895 8175 6788 8558 3111 1337 625 5447 1387 6093 5378 477 5330 4192 3863 695 528 3363 2906 1775 998 858 747 692 381 859 1967 3121 712
internal_count=18070 9895 8175 6788 8558 3111 1337 625 5447 1387 6093 5378 477 5330 4192 3863 695 528 3363 2906 1775 998 858 747 692 381 859 1967 3121 712
is_linear=0
shrinkage=0.03


Tree=45
num_leaves=31
num_cat=0
split_feature=6 6 8 8 7 6 0 6 2 6 0 2 7 1 8 7 0 9 0 9 4 7 8 7 7 8 0 2 7 6
split_gain=116.953 21.8701 19.0507 11.3283 10.9841 9.51515 12.1162 9.34941 7.54526 7.32088 7.2592 7.06194 6.90215 6.49419 6.2934 8.67284 6.19418 6.05288 5.80644 5.34983 4.89642 5.75043 9.70435 5.22156 4.7985 4.78364 4.68837 4.45223 4.48371 4.35333
threshold=0.21905379448266518 0.023916241940842301 0.43086896720702866 -0.10041251417925713 0.24902628222498488 0.436521832539361 7.2492424242424249 0.15614643298000355 0.083530290644605931 0.25876978438436465 17.33880840275263 0.083530290644605931 0.63683621704655724 0.26854679629394851 0.11706475650069476 0.13918493739625848 1.7056691226305782 1.032935798261339 3.1410115212441139 2.3364166929370431 0.7340497051224093 0.61031554759700957 0.13752813850833603 0.77787769925666173 0.30442955214122269 0.35644647987729755 1.6821275347385154 0.27039231885536502 0.76423215366231501 0.64595120453014687
decision_type=2 2 10 8 2 2 8 2 8 2 8 10 2 2 10 2 8 10 10 8 10 2 8 2 2 8 10 10 2 2
left_child=1 11 3 -2 14 6 9 8 13 18 19 -1 -11 -6 15 -3 -9 24 -5 -7 -18 22 -22 -23 -4 27 -19 28 -8 -26
right_child=2 4 17 5 7 10 25 16 -10 12 -12 -13 -14 -15 -16 -17 20 26 -20 -21 21 23 -24 -25 29 -27 -28 -29 -30 -31
leaf_value=0.00062640909507793541 0.0013026003173015283 -0.00011978339967160897 -0.0022820498710811625 -0.00017104255177061113 -0.00069938943452418207 -0.0015162364760861404 0.00066033632268416875 2.1294256392316855e-05 0.00058103855353331616 -0.00027599627758875822 -0.00053898405460385546 0.0024501650387101807 -0.00079341291280517656 0.0002863145110219882 -0.00054898267030612478 0.0015002976764110154 0.00097667596656823494 -0.0018300842790051352 0.00064984974642537277 -0.0033852825408288664 -0.00078155059195755903 0.00083340940347511217 0.00092471997783906705 -0.0002600995338132072 -0.00046821848102223079 0.0014378929014812992 -0.003287310485755477 -0.00014506402701808577 -2.5770617340761907e-05 -0.0055093552652452716
leaf_weight=410 110 139 110 1559 121 460 173 2331 3656 1797 779 749 1617 201 560 105 279 142 170 262 124 244 47 122 560 110 367 422 147 104
leaf_count=410 110 139 110 1559 121 460 173 2331 3656 1797 779 749 1617 201 560 105 279 142 170 262 124 244 47 122 560 110 367 422 147 104
internal_value=-7.25887e-05 0.00232039 -0.00251912 -0.00194821 0.00175725 -0.00208884 -0.00155354 0.00213233 0.00309877 -0.00210245 -0.00422437 0.0061681 -0.00290776 -0.00130031 -0.00156522 0.00244898 0.000910102 -0.00589953 -0.000511561 -0.00639004 0.00315789 0.0014777 -0.00305233 0.00359673 -0.00421935 0.0017585 -0.00844118 0.000888291 0.0035514 -0.00324812
internal_weight=17977 9088 8889 7606 7929 7496 5995 7125 3978 5143 1501 1159 3414 322 804 244 3147 1283 1729 722 816 537 171 366 774 852 509 742 320 664
internal_count=17977 9088 8889 7606 7929 7496 5995 7125 3978 5143 1501 1159 3414 322 804 244 3147 1283 1729 722 816 537 171 366 774 852 509 742 320 664
is_linear=0
shrinkage=0.03


Tree=46
num_leaves=31
num_cat=0
split_feature=6 6 6 0 0 7 6 7 0 2 3 3 6 7 3 8 7 2 5 0 7 7 5 7 2 5 3 5 8 2
split_gain=107.082 24.1859 13.5855 16.2077 14.3282 12.9921 10.5304 8.52734 8.23829 8.00885 7.96844 7.7199 7.46462 7.36387 8.94518 6.7484 6.6388 7.52744 6.40844 6.4031 7.25306 7.32664 6.21941 5.79586 5.6701 5.54149 5.3953 5.65139 5.50273 5.01941
threshold=0.24171539547801404 0.053916799209801532 0.41323951849651325 7.2492424242424249 71.971380471380485 0.13918493739625848 0.15614643298000355 0.89285289676126001 0.79310647065497053 0.10004199514163339 6.378444429860803 1.5018330556330082 0.73051106138180832 0.65232016053232222 2.172568087109227 0.25089445584337439 0.31810896838619312 0.32646611586798441 4.2903656061101136 2.1300146041995283 0.61031554759700957 0.55578060082076008 10.833020220463881 0.70766270212223226 0.5127230041609725 8.272698306037654 50.017422447993916 10.174944963947311 0.23928941672900467 0.25909352639872535
decision_type=2 2 2 8 8 2 2 2 10 10 10 10 2 2 10 10 2 10 2 8 2 2 2 2 10 2 8 2 8 10
left_child=1 8 3 13 12 -3 11 10 -1 23 25 -7 -4 16 -15 -16 17 -2 -5 -12 21 -21 -22 -10 -6 -8 27 -18 -29 -20
right_child=2 5 4 18 24 6 7 -9 9 -11 19 -13 -14 14 15 -17 26 -19 29 20 22 -23 -24 -25 -26 -27 -28 28 -30 -31
leaf_value=0.0094024152763712496 -0.0017682723061677749 -0.00039745638006573992 -0.0016521932089219476 0.0045794274013728799 -0.00054065020290509458 0.00017894903623159866 -0.0012804825259924556 -0.0007626743353375846 0.00059728470164313607 0.0016510994606465771 0.00014302426937251933 0.00070590552772343304 -0.011376721828912304 -0.0020350436017642416 -0.00017273965453966754 -0.00091500194961126899 0.00013629271007199156 -3.5626056904221048e-05 0.00067170213839604412 0.00053455646243076647 0.0010555432686379207 -0.00080375085398161101 -0.00043226770740901051 -0.0011948044356602943 0.0012022644882109552 -3.5968147388410613e-06 -0.0011315063622926958 -0.00049288137879025537 0.00010121529294086551 -6.3322137595347294e-05
leaf_weight=147 277 359 1406 51 788 1942 152 40 565 949 987 1817 180 483 868 580 1120 188 292 59 276 55 44 87 161 2751 190 499 325 373
leaf_count=147 277 359 1406 51 788 1942 152 40 565 949 987 1817 180 483 868 580 1120 188 292 59 276 55 44 87 161 2751 190 499 325 373
internal_value=-0.000152398 0.00186492 -0.00280455 -0.00193253 -0.00460765 0.0012024 0.00144941 0.000446735 0.00507719 0.00444757 0.000575723 0.00261303 -0.00635161 -0.00259545 -0.00399845 -0.00281573 -0.00155192 -0.00479614 0.00225941 0.00241561 0.00544828 -0.00104348 0.00775701 0.00188361 -0.00168947 -0.000325413 -0.000843091 -0.00037018 -0.00225455 0.00146396
internal_weight=18011 10230 7781 5246 2535 8482 8123 4364 1748 1601 4324 3759 1586 4530 1931 1448 2599 465 716 1421 434 114 320 652 949 2903 2134 1944 824 665
internal_count=18011 10230 7781 5246 2535 8482 8123 4364 1748 1601 4324 3759 1586 4530 1931 1448 2599 465 716 1421 434 114 320 652 949 2903 2134 1944 824 665
is_linear=0
shrinkage=0.03


Tree=47
num_leaves=31
num_cat=0
split_feature=6 6 12 9 12 6 9 3 5 5 3 5 4 2 7 12 7 12 2 7 8 12 3 5 8 5 5 5 2 7
split_gain=97.3817 22.1035 16.8107 14.2222 11.7254 13.1535 9.13347 7.17179 7.91235 6.94947 6.89459 6.86928 6.70028 6.48126 6.40329 6.09 6.04474 7.5673 6.15004 6.94217 6.00082 5.87101 7.0862 5.68827 5.45504 6.9394 5.43134 5.3288 5.28897 4.99012
threshold=0.23461259626488531 0.12459420986330817 0.42504211251241858 0.34184155083562789 0.53522948847951379 -0.086232268211142923 -0.47084466425182742 13.722277648993538 11.134727686677195 8.7700508696984709 1.1619781866277321 10.833020220463881 0.42032985174858639 0.11006572088032819 0.13918493739625848 0.24160320841339225 0.31810896838619312 0.51820139567094736 0.24670337214375432 0.4780508161868518 0.30191361209298745 0.57293783579111845 74.251581550950903 9.4066470099603539 0.22408335823166725 7.8077133355713011 10.485535560187099 10.38819504767293 0.35071353398905114 0.65902869219081783
decision_type=2 2 2 10 2 2 8 10 2 2 10 2 10 8 2 2 2 2 10 2 10 2 10 2 8 2 2 2 10 2
left_child=1 4 15 9 5 -1 -3 8 11 10 -4 23 -5 -6 -8 -2 17 28 29 26 -11 -16 27 -7 -21 -26 -20 -23 -14 -18
right_child=2 6 3 12 13 7 14 -9 -10 20 -12 -13 16 -15 21 -17 18 -19 19 24 -22 22 -24 -25 25 -27 -28 -29 -30 -31
leaf_value=0.0030575224068954145 -0.015815226586654005 0.0014104063540857934 -0.0020843009676080608 4.2920301145501767e-05 0.00024485582218087675 -0.00021970194191618246 -0.0006359440091127333 0.0014953893849431101 0.0012157985700415471 -0.00011811471609291107 0.00037555135624938341 -0.00039696886523574062 -0.0026003613594637251 0.0011709282014999661 4.086530718065771e-05 -0.0023565682471708474 0.00015553965910552372 -0.000171841565050945 -0.0001505615360610716 -0.00034703155154856846 -0.00093031477212707518 0.00069327358450518763 -0.00029486370941712929 0.00031158825642721585 0.00043213618735419662 -0.0011368809018332685 0.0013867292739517508 7.9902291996633953e-05 -0.00059645353915908136 -0.0011218281297641984
leaf_weight=276 159 77 52 462 275 667 184 247 108 1829 1028 105 212 1159 3991 810 479 143 248 605 244 851 247 1284 54 1349 44 412 91 353
leaf_count=276 159 77 52 462 275 667 184 247 108 1829 1028 105 212 1159 3991 810 479 143 248 605 244 851 247 1284 54 1349 44 412 91 353
internal_value=-3.74044e-05 0.0019653 -0.00246233 -0.00196205 0.00364265 0.0024721 0.000765226 0.00175995 0.00120554 -0.000451807 0.00149861 0.000787555 -0.00314031 0.00583275 0.00062522 -0.0061701 -0.00357921 -0.00684564 -0.00311203 -0.00391134 -0.00146818 0.000809706 0.00240238 0.00119109 -0.00453957 -0.00556624 0.000409556 0.00331092 -0.00952303 -0.00090036
internal_weight=18045 9883 8162 7193 4121 2687 5762 2411 2164 3153 1080 2056 4040 1434 5685 969 3578 446 3132 2300 2073 5501 1510 1951 2008 1403 292 1263 303 832
internal_count=18045 9883 8162 7193 4121 2687 5762 2411 2164 3153 1080 2056 4040 1434 5685 969 3578 446 3132 2300 2073 5501 1510 1951 2008 1403 292 1263 303 832
is_linear=0
shrinkage=0.03


Tree=48
num_leaves=31
num_cat=0
split_feature=13 13 9 13 3 8 13 12 12 12 9 0 2 4 2 3 12 13 8 7 12 2 7 0 7 8 7 7 12 7
split_gain=97.7444 29.903 15.4198 12.3294 10.8054 10.6253 9.84895 9.10654 8.90312 7.97749 7.83832 7.72516 10.943 6.7168 6.80947 6.64026 6.08715 5.90859 5.74822 6.78871 5.67979 6.76998 5.70927 5.67682 5.21467 4.93108 4.5691 4.42204 6.54345 5.87684
threshold=0.26387075255632558 0.12459420986330817 0.34184155083562789 0.73051106138180832 19.61066393611436 -0.13675207921162955 -0.14579579571135201 0.53522948847951379 0.52286474349857925 0.56418272194950858 -0.24962217020660735 6.207809071361118 0.27039231885536502 0.67472174065883839 0.2835127026656894 110.57341255182855 0.32195612057937478 0.4453953825031754 0.23524573142684388 0.14821224037861405 0.61697928956911186 0.22503952007816655 0.2719607729708497 1812.5000000000002 0.88711113501944394 0.38627321103684259 0.59503094546359192 0.61884462622640579 0.62349104474402817 0.63683621704655724
decision_type=2 2 10 2 8 8 2 2 2 2 8 10 10 10 10 8 2 2 10 2 2 10 2 8 2 10 2 2 2 2
left_child=1 4 5 11 6 -2 -1 25 18 15 -10 -4 -13 -12 24 16 -7 -11 19 -3 22 -22 -9 -19 27 -8 -17 28 -15 -29
right_child=2 8 3 -5 -6 9 7 20 10 17 13 12 -14 14 -16 26 -18 23 -20 -21 21 -23 -24 -25 -26 -27 -28 29 -30 -31
leaf_value=0.0051275257993798826 0.0023766758021279166 -0.0010599266044406708 -0.0009178161601768785 -0.014587722472726643 0.0021066773962374382 -0.0070250655445456564 0.00035645578145325713 -0.00020043477867604016 0.0010569037765243831 0.00025606973763221306 0.00035108097079435439 0.00089649360894078012 -0.00057349531839749612 -8.7922292073900414e-05 0.00052204810827805991 -0.0010911363457117556 -0.00027492224581162597 -0.00155692573943535 -0.00055792322696999834 9.6233885786695564e-05 -0.00053427303067595487 0.0030914608727273412 0.00085356125502250363 1.1382868658347395e-05 -0.00055387645516045069 -0.00030289414417480155 -0.0018865306385696904 0.00091416929203488276 -0.0011473727253880788 1.9699023833208114e-05
leaf_weight=193 40 86 2910 109 584 162 2020 53 220 743 1298 147 606 731 453 67 1715 85 1102 1868 118 51 870 111 53 289 105 109 93 1082
leaf_count=193 40 86 2910 109 584 162 2020 53 220 743 1298 147 606 731 453 67 1715 85 1102 1868 118 51 870 111 53 289 105 109 93 1082
internal_value=-2.24079e-05 0.00169106 -0.00286281 -0.00414259 0.00370424 -0.00126775 0.00308762 0.00271164 0.000505214 -0.00147541 0.00142946 -0.00384416 -0.00113395 0.00111126 0.000208168 -0.00252439 -0.00200479 0.00081383 -0.000716389 0.00026087 0.00496798 -8.82353e-05 0.00589286 -0.00380711 -0.000521991 0.00164286 -0.00815029 -0.000275298 -0.00196364 0.000893456
internal_weight=18073 11273 6800 3772 4178 3028 3594 3401 7095 2988 4039 3663 753 3819 2521 2049 1877 939 3056 1954 1092 169 923 196 2068 2309 172 2015 824 1191
internal_count=18073 11273 6800 3772 4178 3028 3594 3401 7095 2988 4039 3663 753 3819 2521 2049 1877 939 3056 1954 1092 169 923 196 2068 2309 172 2015 824 1191
is_linear=0
shrinkage=0.03


Tree=49
num_leaves=31
num_cat=0
split_feature=13 12 13 12 12 9 9 7 8 2 7 13 2 5 7 7 7 5 12 9 4 5 13 2 2 7 1 12 9 7
split_gain=83.0962 18.7741 16.7525 12.2991 10.3644 9.96067 8.23461 8.33461 6.76836 9.44721 8.41592 6.67192 8.02324 6.73484 7.38827 6.64711 8.25794 7.30858 9.67647 6.55833 6.4882 8.0774 6.30089 6.18399 5.45122 5.35986 5.25858 5.05745 5.04412 5.02995
threshold=0.21905379448266518 0.56418272194950858 0.012823428267257244 0.28618474624524021 0.51740441851768948 1.9489238613711175 0.43085563230008223 0.39355090264881593 -0.10041251417925713 0.3769605064486542 0.49907338930864509 0.12459420986330817 0.13261438302892117 10.534732732925947 0.53932608398719395 0.6836987642252973 0.31114872383934139 8.7470342515484827 0.51462950016231035 -0.85576102661335829 1.0907745561108035 6.5631498101129244 -0.30127499833881138 0.10614198215553157 0.083530290644605931 0.41318094537965938 -0.11172568196331416 0.6590460662888461 0.55107692759149318 0.4780508161868518
decision_type=2 2 2 2 2 10 8 2 10 10 2 2 8 2 2 2 2 2 2 8 10 2 2 8 10 2 2 2 8 2
left_child=2 3 22 -2 6 8 29 -8 9 -5 -11 12 -6 23 25 16 -10 18 -17 -3 -21 -22 -1 -13 -24 -15 -25 -16 -20 -4
right_child=1 19 4 5 11 -7 7 -9 15 10 -12 13 -14 14 27 17 -18 -19 28 20 21 -23 24 26 -26 -27 -28 -29 -30 -31
leaf_value=0.015768943314133397 -0.0096793816144735475 0.0014337210324713602 0.00034521404330272246 0.00074473165162390609 5.3503157211623561e-05 -0.0014817335559241648 -0.00076217481193759172 4.5885373288613025e-05 -0.0011744902551011174 0.00060088752998259853 -0.0021947079489014871 -0.00070381398762101 0.00088194064993811711 0.0001933974080740678 0.00019801389321684763 -0.0012170134853232287 -0.00016388931261283684 -0.0011935291421780749 0.0013428790487651997 0.000150093609447952 0.00297117861191349 -0.00025962094344499678 0.00040531388800637912 0.0008544973755858071 0.0021813231285157681 -0.00062244997311798925 0.00031823181105841805 -0.00080314891963328364 0.00080317340303430538 6.7546520896237026e-05
leaf_weight=75 254 68 1016 347 463 755 412 925 530 109 155 50 1061 58 657 320 2493 1001 50 1412 78 1275 327 461 607 137 1539 52 91 1304
leaf_count=75 254 68 1016 347 463 755 412 925 530 109 155 50 1061 58 657 320 2493 1001 50 1412 78 1275 327 461 607 137 1539 52 91 1304
internal_value=3.31803e-05 -0.00202372 0.00204374 -0.0029602 0.00159108 -0.00267857 0.00040596 -0.00146861 -0.00220129 0.000759804 -0.00350943 0.00255861 0.00417049 0.00172589 -0.000430939 -0.00260477 -0.0018006 -0.00426521 -0.00113636 -5.29287e-06 -0.000233189 -0.00171713 0.00568812 0.00267674 0.00500535 -0.00558673 0.00293853 0.000992958 0.00538732 0.00148643
internal_weight=18082 8938 9144 6105 8135 5851 3657 1337 5096 611 264 4478 1524 2954 904 4485 3023 1462 461 2833 2765 1353 1009 2050 934 195 2000 709 141 2320
internal_count=18082 8938 9144 6105 8135 5851 3657 1337 5096 611 264 4478 1524 2954 904 4485 3023 1462 461 2833 2765 1353 1009 2050 934 195 2000 709 141 2320
is_linear=0
shrinkage=0.03


Tree=50
num_leaves=31
num_cat=0
split_feature=13 12 13 9 8 3 5 3 13 3 4 2 3 13 7 5 9 5 13 13 7 12 12 3 8 5 2 12 5 3
split_gain=85.1136 19.7104 18.3615 15.5132 12.248 9.26891 8.12893 8.81784 7.84675 7.77873 9.14901 9.4839 9.41552 7.34183 6.7494 6.35961 6.30413 5.81287 7.37959 6.82801 5.74722 5.72147 5.65078 5.60864 7.23219 5.3472 5.21014 8.562 6.62813 5.15909
threshold=0.22313818676636024 0.32195612057937478 0.10464189850194751 0.34184155083562789 -0.16793547574953901 19.61066393611436 3.4175922930736511 1.1619781866277321 -0.14579579571135201 1.5018330556330082 0.67472174065883839 0.19774196911491906 2.0443283574899049 0.42883248867445595 0.65437992183324611 11.134727686677195 0.89998230713719984 10.11674237028399 0.37332282233807274 0.468715174943311 0.80197797213813993 0.49594035742835557 0.53522948847951379 2.3374069183000317 0.24506426376674445 6.4401484558665105 0.24670337214375432 0.51191225766559378 10.195727969755479 118.03109145649019
decision_type=2 2 2 10 8 10 2 10 2 8 8 10 8 2 2 2 10 2 2 2 2 2 2 10 10 2 10 2 2 10
left_child=2 14 5 4 -3 8 -6 -8 -1 16 20 -12 -13 23 -2 22 -4 19 -19 21 -11 -9 -10 -5 -25 -23 27 -26 -29 -21
right_child=1 3 9 13 6 -7 7 17 15 10 11 12 -14 -15 -16 -17 -18 18 -20 29 -22 25 -24 24 26 -27 -28 28 -30 -31
leaf_value=0.004555274069487871 -0.0050829716323053465 0.002898306848430684 -5.8202229998298438e-07 -0.00091083997209362639 0.007989364174576968 0.0022925243721894474 -0.0028760718833556837 -0.00030317311616651852 0.00022296349456555633 0.00082886245431823286 0.00037468064533275464 -0.00064655485060976538 0.00012001093129287567 -0.0015668103985199318 -0.01112323128156676 0.0010786954593439986 -0.0012180306184194577 -0.00017139633109437591 -0.0010430546724832239 -0.00029907909468907619 -0.00030590943851500484 0.0026499556241280056 0.00063716778192956386 -4.8879429168815385e-05 -0.0019248353078956087 0.00013858488498733805 -0.00068954001202671837 0.0013042969776905051 -0.00041426569276827523 -0.0011450387302814175
leaf_weight=187 209 50 2114 1080 105 428 83 500 1750 945 958 407 1380 951 146 161 168 842 144 487 100 82 704 1400 67 1261 989 93 88 143
leaf_count=187 209 50 2114 1080 105 428 83 500 1750 945 958 407 1380 951 146 161 168 842 144 487 100 82 704 1400 67 1261 989 93 88 143
internal_value=-9.98724e-05 -0.0022291 0.00189616 -0.00193462 -0.000482693 0.00372331 -0.000686678 -0.000931414 0.00309311 0.000923761 0.00175679 0.000846686 -0.000444631 -0.00308417 -0.00914326 0.00266628 -0.000459921 -0.000697977 -0.00264438 7.88197e-05 0.00414436 0.00100054 0.00228513 -0.00248117 -0.00173427 0.00202009 -0.00340468 0.000481928 0.00387363 -0.0026149
internal_weight=18022 8720 9302 8365 3697 3230 3647 3542 2802 6072 3790 2745 1787 4668 355 2615 2282 3459 986 2473 1045 1843 2454 3717 2637 1343 1237 248 181 630
internal_count=18022 8720 9302 8365 3697 3230 3647 3542 2802 6072 3790 2745 1787 4668 355 2615 2282 3459 986 2473 1045 1843 2454 3717 2637 1343 1237 248 181 630
is_linear=0
shrinkage=0.03


Tree=51
num_leaves=31
num_cat=0
split_feature=6 12 9 9 12 0 4 2 6 9 5 6 6 4 12 0 9 9 2 5 6 5 12 5 12 11 5 5 6 5
split_gain=83.6976 19.3371 15.4694 14.4381 9.94808 9.70905 8.9778 6.93019 7.18192 6.63579 6.82992 6.64522 5.85156 5.61432 4.91347 5.47162 4.62064 4.42768 4.83428 4.56236 7.01882 4.65324 4.40867 4.37421 4.36969 4.98367 4.63752 4.32342 4.82823 6.47253
threshold=0.18201067568294252 0.56967590800445722 1.27790356444319 -0.40204854588445665 0.26326414241160789 1.008296012518211 1.2449947191178927 0.083530290644605931 0.14059634456072481 -0.55296202218615198 6.8490657203609322 0.35037239993151387 0.73051106138180832 0.057482589116035286 0.50521206561796139 1.6891677311535338 1.0929313201355948 0.34184155083562789 0.22503952007816655 9.4424436638760749 -0.086232268211142923 10.457214607191725 0.47629938942128053 10.351756689125885 0.59666190204827496 6.5000000000000009 10.513701392404665 3.4175922930736511 0.32837627219038362 8.0802369848886979
decision_type=2 2 10 8 2 10 10 8 2 8 2 2 2 10 2 10 10 8 8 2 2 2 2 2 2 2 2 2 2 2
left_child=3 2 4 -1 -2 17 23 13 14 -8 -11 -12 -4 -7 -9 16 -16 18 19 20 -5 -21 -15 -3 25 -10 -26 -6 -29 -30
right_child=1 6 12 5 27 7 9 8 24 10 11 -13 -14 22 15 -17 -18 -19 -20 21 -22 -23 -24 -25 26 -27 -28 28 29 -31
leaf_value=0.0025450390960966305 -0.007514658496486447 0.00036465136464766608 -0.0010950943343616456 0.001778025941273554 0.0046570495834403732 -0.0010025825750928311 0.0014339535551918046 0.00026328723966049595 0.00023052886149918557 0.0015865942117670544 -9.7139848592196965e-05 -0.00070531900114090946 -0.011060259501784119 0.00043126155542180268 0.00053105092757102198 -0.00034657307740279151 0.0013563908307938166 0.0022600372586879993 0.003094124551789174 0.0017997164850545148 -0.0017684467342328621 -0.0003621311137671652 -0.00033215085528237495 -8.6401411737013138e-05 0.00077566576502521444 -0.00010155653313402041 -0.00017084373940812951 -0.00017089701769269647 -7.4131000361860253e-05 -0.00084690718641086237
leaf_weight=101 159 1311 1278 72 80 85 46 1193 871 77 839 446 79 334 1810 60 254 594 81 93 85 42 235 438 276 915 83 3844 629 1629
leaf_count=101 159 1311 1278 72 80 85 46 1193 871 77 839 446 79 334 1810 60 254 594 81 93 85 42 235 438 276 915 83 3844 629 1629
internal_value=-4.40687e-05 -0.00170643 -0.00251721 0.00246764 -0.00189451 0.0023059 0.000270741 0.00186366 0.00221307 -0.00151171 -0.00189288 -0.00241446 -0.00542342 -0.00105344 0.0030877 0.00395294 0.00421308 0.00509814 0.00252674 0.000716724 -0.00275316 0.00474265 2.63158e-05 0.00170571 0.000859739 0.000251819 0.003875 -0.00170306 -0.0017942 -0.00289509
internal_weight=18039 10855 7698 7184 6341 7083 3157 6116 5462 1408 1362 1285 1357 654 3317 2124 2064 967 373 292 157 135 569 1749 2145 1786 359 6182 6102 2258
internal_count=18039 10855 7698 7184 6341 7083 3157 6116 5462 1408 1362 1285 1357 654 3317 2124 2064 967 373 292 157 135 569 1749 2145 1786 359 6182 6102 2258
is_linear=0
shrinkage=0.03


Tree=52
num_leaves=31
num_cat=0
split_feature=13 12 13 8 7 12 12 5 2 9 0 7 12 2 5 2 2 9 7 9 9 9 8 5 7 7 0 8 7 0
split_gain=84.0586 17.3807 15.6143 12.4711 10.3224 8.88584 8.8226 8.4561 9.59134 7.7512 7.44114 7.26084 7.07045 7.04328 6.80409 7.79353 6.51504 6.494 6.34748 6.22863 7.73045 5.98226 5.88314 5.87663 5.60409 5.87865 5.42089 5.22733 12.7958 5.21816
threshold=0.21756712301305739 0.56418272194950858 0.053916799209801532 0.29039879002787278 0.24902628222498488 0.47815933025075802 0.51669348469385146 10.106489618940252 0.39216509016413581 -0.85576102661335829 1.3199669909586311 0.48656566409476737 0.32195612057937478 0.31711569643529802 6.8490657203609322 0.34177610158071903 0.091347153203428996 0.39926269406495984 0.71872538009675202 0.99848436587174783 -0.24962217020660735 1.4435087783542742 0.10822781043213066 10.534732732925947 0.52544319077103596 0.27955058484668488 0.84684898618035198 0.18539455098141591 0.13918493739625848 17.33880840275263
decision_type=2 2 2 10 2 2 2 2 8 8 10 2 2 10 2 10 10 8 2 10 8 10 8 2 2 2 10 10 2 10
left_child=2 3 16 7 27 -6 -5 8 12 -3 -7 -10 -2 24 -11 29 26 -15 -9 20 -12 -8 -17 -22 25 -14 -1 28 -4 -16
right_child=1 9 4 6 5 10 21 18 11 14 19 -13 13 17 15 22 -18 -19 -20 -21 23 -23 -24 -25 -26 -27 -28 -29 -30 -31
leaf_value=0.0072752347632212451 -0.008070356084427778 0.0013580627967336714 -0.00044400213550845985 -0.0018675134862846956 -0.00010086228779843061 0.00051946617010793317 -3.3535472591324361e-05 -0.00040051729505064996 0.00038824237219836936 0.0015525817654416462 0.0011184413916803671 -0.002358307755676753 -0.0013728370902828697 0.00086138263266024217 -1.381545914012766e-05 0.00020838463666998796 0.0015720994143824452 -6.3467814431592554e-05 -0.001321691519329919 0.00056511910089423719 0.00021627713970185264 -0.0009890429794066262 -0.00051929485061222498 -0.00019167993991183794 -0.00059303570290272886 0.00033077801465107039 0.00024581767662124965 -0.00077184914932962388 0.0010265068691187262 0.00075168128371890831
leaf_weight=55 68 72 157 1501 1183 2257 524 1111 138 164 173 268 71 341 1452 116 1102 383 233 543 1680 291 840 817 807 405 574 357 189 179
leaf_count=55 68 72 157 1501 1183 2257 524 1111 138 164 173 268 71 341 1452 116 1102 383 233 543 1680 291 840 817 807 405 574 357 189 179
internal_value=-8.39242e-05 -0.00214501 0.00194927 -0.00304054 0.00134566 0.001711 -0.00477773 -0.00198772 -0.000948832 -0.00019653 0.0022208 -0.00515971 -0.000122832 0.000201693 -0.000452398 -0.000828825 0.00451212 0.00256552 -0.00390335 0.00129278 0.000696368 -0.00226103 -0.00297806 0.000270216 -0.00113318 0.00144654 0.00207143 -0.00210938 0.000518732 0.000431985
internal_weight=18051 8964 9087 6141 7356 6653 2316 3825 2481 2823 5470 406 2075 2007 2751 2587 1731 724 1344 3213 2670 815 956 2497 1283 476 629 703 346 1631
internal_count=18051 8964 9087 6141 7356 6653 2316 3825 2481 2823 5470 406 2075 2007 2751 2587 1731 724 1344 3213 2670 815 956 2497 1283 476 629 703 346 1631
is_linear=0
shrinkage=0.03


Tree=53
num_leaves=31
num_cat=0
split_feature=6 6 6 6 5 7 3 8 5 3 1 7 7 4 7 7 8 5 7 5 7 2 1 8 4 7 5 2 6 7
split_gain=69.6005 16.556 13.7347 10.1546 10.4201 9.02091 8.14964 7.3992 7.32249 7.01054 6.66982 6.37799 6.1118 6.03847 5.89479 8.3931 5.81492 5.81277 5.78651 7.07502 6.81884 5.66751 5.66263 5.26336 5.30661 5.24168 11.0231 8.60858 7.03305 6.18974
threshold=0.1974769639503631 0.36802061102538103 0.023916241940842301 1.1488037409601473 7.8077133355713011 0.26488621895598646 1.8381872395252778 0.04868272714254946 8.8135871934143619 1.5018330556330082 -0.52266840840319084 0.80730864791137591 0.29790852892118719 0.66550285864297742 0.68084063207149981 0.61429005025162597 0.079260385961726548 8.317277736389789 0.53037915788256218 8.8135871934143619 0.44346650074301269 0.21980921554847252 2.6096990267700995 0.69403449223912961 0.95523430210772953 0.64407584674594387 8.9273141022540941 0.20099298131185442 0.087587965081088917 0.47055925860718045
decision_type=2 2 2 2 2 2 10 10 2 8 2 2 2 10 2 2 10 2 2 2 2 10 2 10 10 2 2 10 2 2
left_child=2 6 10 4 23 -4 7 -2 17 25 -1 13 -6 -11 15 -9 -13 -8 19 -14 -21 -17 -15 24 -3 27 -27 28 -7 -30
right_child=1 3 5 -5 12 9 8 14 -10 11 -12 16 18 22 -16 21 -18 -19 -20 20 -22 -23 -24 -25 -26 26 -28 -29 29 -31
leaf_value=0.0030010770459630151 0.00019412965147218373 -0.00076325542707249804 -0.00019904097949316628 -0.014033641249662752 -0.0017701862200245812 0.00029888034627161551 1.1814831627139436e-05 -0.00065199085072866511 -0.00010092305951010023 0.00088941288021570351 0.0011867485725228701 0.00085603290058222398 -0.0029573669017452114 0.00032105232433846684 -0.0013218110794328288 0.00083679815503832835 -0.00057546151141259845 0.00080007841135020018 -0.00085161585516880156 -0.00040184128230474485 0.00095925963492026335 -0.00058911318118380683 0.0011041713161911272 -0.0028501392397891727 0.00079816781448618262 -0.0010172416397700177 0.00060990248183701587 0.0010200966669598897 6.7334105482695335e-05 -0.000349229674906298
leaf_weight=247 272 263 769 148 213 401 466 841 3826 939 918 86 59 1976 417 151 216 386 1908 203 129 108 196 152 457 203 857 137 437 679
leaf_count=247 272 263 769 148 213 401 466 841 3826 939 918 86 59 1976 417 151 216 386 1908 203 129 108 196 152 457 203 857 137 437 679
internal_value=-8.13908e-05 -0.0017535 0.00199268 -0.00340504 -0.00306647 0.00148325 -0.000851113 -0.00257263 -0.000192349 0.00186766 0.00500429 0.00277241 -0.00404696 0.00317641 -0.00338933 -0.00223433 -0.00138614 0.00232122 -0.00359348 -0.000267857 0.00144144 0.00248077 0.00230557 -0.00024055 0.000832178 0.000729282 0.00237512 -0.000326284 -0.000978261 -0.00220233
internal_weight=18060 9999 8061 3532 3384 6896 6467 1789 4678 6127 1165 3413 2512 3111 1517 1100 302 852 2299 391 332 259 2172 872 720 2714 1060 1654 1517 1116
internal_count=18060 9999 8061 3532 3384 6896 6467 1789 4678 6127 1165 3413 2512 3111 1517 1100 302 852 2299 391 332 259 2172 872 720 2714 1060 1654 1517 1116
is_linear=0
shrinkage=0.03


Tree=54
num_leaves=31
num_cat=0
split_feature=6 6 12 6 3 0 6 7 3 7 3 4 12 2 7 12 5 7 2 8 7 7 5 7 8 2 6 12 0 7
split_gain=71.8821 16.9175 13.6429 11.6941 11.7009 10.9157 11.3486 6.90464 10.4763 7.71968 6.89546 6.71943 7.99734 7.55636 7.77333 6.22523 7.28144 6.17895 6.55631 6.14524 5.8995 5.37378 6.91215 6.8054 7.33233 6.80391 5.41437 5.0294 4.6616 4.59713
threshold=0.24171539547801404 0.15614643298000355 0.28618474624524021 -0.14579579571135201 1.5018330556330082 71.971380471380485 0.42883248867445595 0.65735121373965322 19.61066393611436 0.83472947248246265 46.538436000053302 0.65652000926236398 0.46326737015619862 0.29164940947491408 0.16056817893347705 0.48803610090269095 7.6953027209879155 0.31810896838619312 0.32939929701381349 0.25321485552366063 0.63500258668621468 0.66667912157988096 11.061994781378695 0.70461411379832339 0.444345852117977 0.19684058703774135 0.089411470089774361 0.51319296468983178 0.9817526529804258 0.70304727702085668
decision_type=2 2 2 2 8 8 2 2 10 2 8 8 2 10 2 2 2 2 10 10 2 2 2 2 10 10 2 2 10 2
left_child=1 3 20 -1 21 6 7 17 9 -9 -7 12 -3 14 -13 28 -17 18 27 29 -2 22 25 -23 -25 -5 -24 -4 -6 -10
right_child=2 11 5 4 15 10 -8 8 19 -11 -12 13 -14 -15 -16 16 -18 -19 -20 -21 -22 23 26 24 -26 -27 -28 -29 -30 -31
leaf_value=0.005122895738893225 -0.0049778071650456801 -0.00098721439189723551 -0.0022676594184038454 -6.3814402692849372e-05 0.0018738182031365971 0.00062030283337914324 -0.0015270918098389214 -0.0012761772286234829 -0.00062544802780103406 0.00099458852902012005 -0.00015813803527727245 -0.0014847887879257391 0.00036218532182556842 0.00045888004959833721 -0.00010611075353316519 0.0046131781734218939 0.00073512320233493989 -4.7908176480131178e-05 3.6515743241500583e-05 -0.00053639521503166343 -0.013532203051556391 0.0011583284633780659 0.0012004054187988271 0.00047560076734535405 -0.0019040920169089643 0.0015353935151127516 0.00036816582446241056 -0.00073161580344932543 -9.5702799538321793e-05 0.00020421185634511202
leaf_weight=211 142 129 209 1867 51 673 1202 951 154 79 632 92 1097 536 2685 109 1892 2417 198 406 110 335 78 505 62 115 119 108 356 498
leaf_count=211 142 129 209 1867 51 673 1202 951 154 79 632 92 1097 536 2685 109 1892 2417 198 406 110 335 78 505 62 115 119 108 356 498
internal_value=-0.000103224 0.00154834 -0.00227699 0.00263638 0.00236885 -0.00204636 -0.0025695 -0.00194184 -0.00325993 -0.00541222 0.000447933 0.000181718 0.00207824 -0.000520519 -0.00115011 0.00393524 0.00462288 -0.00100239 -0.00398256 -0.00116147 -0.00913043 0.00114374 0.000337156 0.0030897 0.00108275 -0.000196672 0.00568182 -0.00665094 0.000551471 0.000643185
internal_weight=18018 10239 7779 5700 5489 7527 6222 5020 2088 1030 1305 4539 1226 3313 2777 2408 2001 2932 515 1058 252 3081 2179 902 567 1982 197 317 407 652
internal_count=18018 10239 7779 5700 5489 7527 6222 5020 2088 1030 1305 4539 1226 3313 2777 2408 2001 2932 515 1058 252 3081 2179 902 567 1982 197 317 407 652
is_linear=0
shrinkage=0.03


Tree=55
num_leaves=31
num_cat=0
split_feature=6 6 6 0 5 7 6 7 3 3 3 5 7 5 3 6 5 7 8 6 3 7 5 2 7 2 3 7 5 3
split_gain=68.7363 15.2045 15.167 10.407 10.315 9.39604 8.52021 7.6355 11.0517 7.24269 7.11128 7.45013 8.51848 7.09847 6.48828 7.71523 7.72802 6.05863 5.90764 6.22344 5.85897 7.22932 10.5798 8.17117 7.22911 5.82288 6.50143 11.2982 6.58929 8.17148
threshold=0.21154146288641676 0.023916241940842301 0.49005729593036756 17.33880840275263 7.6360282323874804 0.26488621895598646 0.26387075255632558 0.64894719196263617 15.132041929039275 1.8381872395252778 56.620248550398607 10.245142755153182 0.29790852892118719 10.785466303638989 23.807097851762688 -0.14579579571135201 7.8543805330358687 0.77519159974199481 0.6022437361882057 0.95551144502743646 1.5018330556330082 0.68084063207149981 8.9273141022540941 0.20099298131185442 0.77787769925666173 0.15759044247603229 2.3986605180541392 0.59699370247786876 10.265401248846802 1.7568505114164972
decision_type=2 2 2 8 2 2 2 2 8 10 8 2 2 2 10 2 2 2 10 2 8 2 2 10 2 8 10 2 2 10
left_child=1 14 3 6 18 13 9 10 -9 -2 11 12 -8 -3 15 -1 -17 -18 19 -4 21 23 -23 -7 25 -22 27 28 -27 -30
right_child=2 5 4 -5 -6 20 7 8 -10 -11 -12 -13 -14 -15 -16 16 17 -19 -20 -21 24 22 -24 -25 -26 26 -28 -29 29 -31
leaf_value=0.0047908479612569811 -0.00033905957819540145 -0.00030693187443688833 0.00043421468622764409 0.00016741003845934787 -0.0021591781570900418 -8.9584938419338332e-05 -0.00094146834317612802 -0.0015297018669112674 -0.00034489776691970481 0.00010070983308624548 -0.0014461907517707869 -0.00046748637657305836 0.00014809343965717494 0.00082176556798114943 0.0043004305857984185 -0.0015679126896025884 0.0010765377260082583 -0.0013445271825558338 -0.0031282736696528679 -0.0064561701197194017 0.00063624091435622533 -0.00083059009221138423 0.00078152322908603725 0.0010226109264616055 -0.00015418190720867399 0.0007577969564920785 0.00071090546419979108 -0.00027512170754275992 0.00043829964350240264 -0.00054626887709435324
leaf_weight=199 815 787 370 950 701 1897 236 889 1079 1657 235 802 1277 41 168 128 598 72 156 101 392 184 634 166 511 409 1922 461 103 109
leaf_count=199 815 787 370 950 701 1897 236 889 1079 1657 235 802 1277 41 168 128 598 72 156 101 392 184 634 166 511 409 1922 461 103 109
internal_value=-6.23269e-05 0.00183956 -0.00186428 -0.00136759 -0.0048307 0.00135093 -0.00176799 -0.0025426 -0.00394617 -0.000351799 -0.00145825 -0.000952073 0.000287318 -0.00166466 0.00503002 0.00410321 0.00277847 0.00406855 -0.00203025 -0.000349576 0.00171896 0.000692228 0.00307692 -0.00025436 0.00247569 0.00297616 0.00252579 0.00066482 0.00330386 -0.000985915
internal_weight=18049 8781 9268 7940 1328 7616 6990 4518 1968 2472 2550 2315 1513 828 1165 997 798 670 627 471 6788 2881 818 2063 3907 3396 3004 1082 621 212
internal_count=18049 8781 9268 7940 1328 7616 6990 4518 1968 2472 2550 2315 1513 828 1165 997 798 670 627 471 6788 2881 818 2063 3907 3396 3004 1082 621 212
is_linear=0
shrinkage=0.03


Tree=56
num_leaves=31
num_cat=0
split_feature=6 0 8 8 3 0 6 4 6 9 7 9 3 7 6 0 5 5 3 3 5 7 8 5 9 5 6 9 0 4
split_gain=59.5788 20.431 14.1754 11.2208 9.26451 8.34316 10.4519 5.8634 5.81304 5.35978 5.19055 5.69243 5.06529 5.0163 4.98001 4.95035 6.16076 4.98836 4.93311 4.99349 4.77426 7.30007 4.74565 4.71437 5.51258 4.65173 4.55433 4.53303 4.90346 6.26683
threshold=0.24171539547801404 1.008296012518211 0.43086896720702866 -0.16793547574953901 2.4887580128611586 21.534172661870507 0.347814212607025 0.7340497051224093 0.15980987042435937 0.67951674966227549 0.21933275559986354 0.176471709366783 1.7858850969349576 0.44664427415755786 0.73051106138180832 1.3617811428221462 8.8334627100951071 10.146688598896096 46.538436000053302 9.0179759808402693 10.714006573050227 0.42576116552501003 0.096651195686514424 7.3323683504381592 -0.31380094900992722 8.4821875607670183 0.82067795747230499 0.33720618796191415 5.8359950354769019 0.59291177483196
decision_type=2 10 10 8 8 8 2 8 2 10 2 10 10 2 2 10 2 2 8 10 2 2 8 2 10 2 2 8 10 10
left_child=1 -1 3 -2 8 6 12 -6 -3 -4 11 -10 -5 -9 23 17 -17 22 19 -7 27 -22 -15 -8 -25 -12 -11 -14 29 -29
right_child=2 4 9 5 7 18 14 13 10 26 25 -13 20 15 -16 16 -18 -19 -20 -21 21 -23 -24 24 -26 -27 -28 28 -30 -31
leaf_value=0.0017306608391510039 0.0019856844552976439 0.00015493070853272387 -0.00071671858783949115 -0.00052293507432821262 0.00088525945463829631 7.6862929019413932e-06 0.00059870428853452823 -0.00047564605974135252 0.00072823389900311328 -0.0013296408632301829 -0.0011955478404598891 -0.0012959236321137841 0.00034321682120455984 0.0013831297676461973 -0.012392943116766328 0.0012008455233758293 1.5058338345998179e-06 0.0013312714642153287 -0.00013772911402724618 0.0010841580102719202 0.0010541942094738736 -0.00089712429100806445 7.202797660636447e-05 -0.001885277041060866 -0.00068096572528376887 -1.2847703190939016e-05 -0.016122605092090583 0.00025253178036606009 0.00030958319697625144 -0.0004053075215141971
leaf_weight=996 54 3626 590 752 932 363 57 277 40 603 107 152 756 164 68 193 1133 228 658 272 59 266 375 121 1815 2045 59 254 96 911
leaf_count=996 54 3626 590 752 932 363 57 277 40 603 107 152 756 164 68 193 1133 228 658 272 59 266 375 121 1815 2045 59 254 96 911
internal_value=-7.32397e-05 0.00142565 -0.00205803 -0.00149469 0.000986736 -0.00160955 -0.00214992 0.00226158 0.00028136 -0.00498005 -0.000882729 -0.00559585 -0.00104685 0.00146774 -0.00380456 0.00196991 0.000859081 0.00388672 0.000544822 0.00242925 -0.000358515 -0.00372699 0.00230556 -0.00352808 -0.00377904 -0.000459824 -0.00683258 0.000185828 -0.000915214 -0.00145369
internal_weight=18022 10268 7754 6502 9272 6448 5155 3302 5970 1252 2344 192 3094 2370 2061 2093 1326 767 1293 635 2342 325 539 1993 1936 2152 662 2017 1261 1165
internal_count=18022 10268 7754 6502 9272 6448 5155 3302 5970 1252 2344 192 3094 2370 2061 2093 1326 767 1293 635 2342 325 539 1993 1936 2152 662 2017 1261 1165
is_linear=0
shrinkage=0.03


Tree=57
num_leaves=31
num_cat=0
split_feature=6 12 12 6 6 0 3 9 9 5 12 0 3 6 7 7 6 3 3 12 5 3 1 3 9 12 7 5 0 5
split_gain=54.8681 20.1168 10.8579 10.6385 10.0576 11.4078 9.8071 8.98781 7.56752 6.78319 9.6663 6.85018 6.83917 6.58817 6.038 8.33659 5.61938 5.5648 7.08486 5.46309 8.11335 7.96194 7.41416 5.44444 4.86026 4.73389 4.78714 4.70492 4.6913 6.31107
threshold=0.15980987042435937 0.48089203001640207 0.26326414241160789 -0.14579579571135201 0.31614317817427567 17.33880840275263 1.5018330556330082 3.0059105443731213 1.27790356444319 8.72037890005919 0.51905515258422652 1.2905116434848918 5.5077545200859399 0.42883248867445595 0.68084063207149981 0.70461411379832339 0.24932786478368921 1.2261091093365408 1.087867238090322 0.47911303773019037 7.6953027209879155 56.620248550398607 -0.16539463601532575 14.216005556928909 -0.073239052309644129 0.48892931481790175 0.79968310786915997 8.7470342515484827 1.3490836892474452 11.061994781378695
decision_type=2 2 2 2 2 8 10 8 10 2 2 8 8 2 2 2 2 8 10 2 2 10 2 10 8 2 2 2 10 2
left_child=3 2 -2 -1 9 7 14 -6 -4 10 -3 -11 16 -9 28 -16 -12 18 -17 23 -21 -22 -23 -8 -13 -19 -27 -10 29 -5
right_child=1 4 8 6 5 -7 19 13 27 11 12 24 -14 -15 15 17 -18 25 -20 20 21 22 -24 -25 -26 26 -28 -29 -30 -31
leaf_value=0.0045791312973412195 -0.0092750056147949296 -0.00064278691186698059 -0.00055582846706447495 2.3913252533489074e-05 -0.00028192565054475336 6.2855912492657017e-05 -0.00053226197664251243 -0.00061458906945813631 -0.0015289930846821447 0.00065896625288674657 -0.00066909971171733918 0.00042067902052891372 0.001300510593460229 -0.0025640143204455484 0.0015485326811117642 0.0021691829026816538 0.0019976715067431742 -0.00040236475386035337 -0.0015789013617512609 0.0040981558665757123 0.00066710140599192456 0.00070082462087071656 -0.00087159287497947909 0.00135023291492968 -6.4965258522537252e-05 0.0012001116085501706 -0.00014257596739804745 -0.0032221864890339216 -0.00023936946208186807 0.00088199913909651985
leaf_weight=226 215 183 2408 2019 1680 1216 199 359 193 173 99 498 330 209 233 50 47 103 131 115 1864 99 112 133 4408 216 64 154 195 178
leaf_count=226 215 183 2408 2019 1680 1216 199 359 193 173 99 498 330 209 233 50 47 103 131 115 1864 99 112 133 4408 216 64 154 195 178
internal_value=-1.24241e-05 -0.00116569 -0.00331202 0.0023518 -0.000472672 -0.00174892 0.00209821 -0.00301467 -0.00280298 0.000297961 0.00315909 -7.38189e-05 0.00540881 -0.00627417 0.000992163 0.00325188 0 0.00127434 -0.00304945 0.00349584 0.00403925 0.00360549 -0.00191038 -9.00901e-05 -0.000281231 0.00332031 0.00533808 -0.00693966 0.000238195 0.000634668
internal_weight=18109 12172 2970 5937 9202 3464 5711 2248 2755 5738 659 5079 476 568 3189 797 146 564 181 2522 2190 2075 211 332 4906 383 280 347 2392 2197
internal_count=18109 12172 2970 5937 9202 3464 5711 2248 2755 5738 659 5079 476 568 3189 797 146 564 181 2522 2190 2075 211 332 4906 383 280 347 2392 2197
is_linear=0
shrinkage=0.03


Tree=58
num_leaves=31
num_cat=0
split_feature=6 12 6 9 12 8 9 7 5 6 4 12 9 1 5 6 8 7 7 7 0 7 5 8 7 5 5 7 5 7
split_gain=54.4076 17.8126 16.4086 11.0936 10.5446 10.5164 9.21209 7.55708 10.4941 8.32136 7.10723 6.64483 6.11182 5.69874 5.28502 6.62648 5.21755 4.88876 5.45892 4.8346 4.70536 4.67543 4.48827 8.77368 4.43943 4.75914 4.82104 5.36401 5.99443 4.39991
threshold=0.24171539547801404 0.26326414241160789 0.012823428267257244 0.41773989421994434 0.55691783182324761 -0.16793547574953901 -0.47084466425182742 0.2719607729708497 10.769095326501775 0.14352677988237653 1.252148015339843 0.43027477600231462 1.4780927442181238 -0.61237168534080288 3.4175922930736511 0.50706349833599618 0.10822781043213066 0.71367137232740341 0.36167325494019592 0.48089573529826152 1.2905116434848918 0.47055925860718045 9.3680703299466526 0.36754447123697792 0.63500258668621468 8.7470342515484827 8.317277736389789 0.76971975481793165 7.1963113371376508 0.72875458763823875
decision_type=2 2 2 10 2 8 8 2 2 2 10 2 10 2 2 2 8 2 2 2 8 2 2 10 2 2 2 2 2 2
left_child=2 -2 13 5 12 -3 -4 8 -8 11 -6 21 17 -1 19 20 -12 18 -5 -7 -16 -9 23 -19 -22 26 27 -26 -29 -18
right_child=1 3 6 4 10 14 7 9 -10 -11 16 -13 -14 -15 15 -17 29 22 -20 -21 24 -23 -24 -25 25 -27 -28 28 -30 -31
leaf_value=0.0027941266895584013 -0.010309383105894769 0.0021816028771412931 0.0012256618089340158 -0.00096134453324886958 0.00010860812543771375 0.011987379157063032 -0.00027098448400685613 -0.0014983825404577909 0.001190665754157676 5.0403536679284873e-05 0.00023004434726359269 0.00042549842579008555 -0.0014030983653051416 0.0011813854586206435 -0.0021023767501189197 -0.0010053419059924502 -0.00077229060647446485 0.00070710846704139234 -0.00015277511453436532 -3.1056709537328674e-05 0.0001309248237408509 -0.00030627564547955994 -0.0018320301468887851 -0.0033566059889320473 0.00086656016228966147 -0.0003091961865896454 0.00045711968591236832 0.00057000127582825075 -0.00082334948926603016 -9.8043605334581502e-05
leaf_weight=203 214 47 102 249 842 51 1000 41 50 4641 61 3199 831 814 44 494 364 107 964 62 1478 171 223 72 117 1007 166 79 87 211
leaf_count=203 214 47 102 249 842 51 1000 41 50 4641 61 3199 831 814 44 494 364 107 964 62 1478 171 223 72 117 1007 166 79 87 211
internal_value=-5.75256e-05 -0.00194956 0.00138085 -0.00170703 -0.00281274 -0.000511974 0.000980989 0.00087993 -0.00151284 0.0011921 -0.000811359 0.00231682 -0.00402125 0.00499509 -0.00069855 -0.000906997 -0.00320251 -0.00294245 -0.00198929 0.00565789 -0.000372608 -0.0028169 -0.00580645 -0.00225 -0.000224872 -0.00140014 0.00116667 -0.00121479 -0.00467066 -0.00408854
internal_weight=17991 7770 10221 7556 3924 3632 9204 9102 1050 8052 1478 3411 2446 1017 3585 3472 636 1615 1213 113 2978 212 402 179 2934 1456 449 283 166 575
internal_count=17991 7770 10221 7556 3924 3632 9204 9102 1050 8052 1478 3411 2446 1017 3585 3472 636 1615 1213 113 2978 212 402 179 2934 1456 449 283 166 575
is_linear=0
shrinkage=0.03


Tree=59
num_leaves=31
num_cat=0
split_feature=6 6 6 0 5 8 9 3 2 6 2 9 3 5 7 5 9 5 0 7 5 5 7 7 0 7 7 3 7 2
split_gain=54.4102 15.0523 12.3458 14.1481 10.4289 9.69123 9.23157 7.63567 8.67838 7.61307 7.63407 7.45133 6.96053 6.50465 6.26097 7.02129 8.3819 9.58067 7.15706 7.04161 6.52348 6.23892 6.79449 6.1986 6.10466 6.30124 5.79147 15.9351 8.99811 5.68582
threshold=0.25395846130562744 0.085395974529110866 0.50706349833599618 7.2492424242424249 7.6953027209879155 -0.13675207921162955 -0.47084466425182742 1.5018330556330082 0.15759044247603229 -0.14579579571135201 0.088727250944080197 1.9489238613711175 2.7988983132070877 10.504601677273456 0.64407584674594387 10.056809316559889 0.28836133738004083 10.513701392404665 1.3236547269784127 0.41318094537965938 8.9095730576946011 8.8334627100951071 0.77787769925666173 0.71552973156683619 41.491666666666674 0.44015325623836221 0.65735121373965322 15.60829792519089 0.31810896838619312 0.20332230521120279
decision_type=2 2 2 8 2 8 8 8 10 2 8 8 10 2 2 2 10 2 8 2 2 2 2 2 10 2 2 10 2 10
left_child=1 9 3 5 12 -2 -3 14 -9 -1 -11 26 -4 -12 15 18 17 -17 -8 -19 -16 -10 29 -13 25 -14 28 -28 -7 -23
right_child=2 6 4 -5 -6 11 7 8 21 10 13 23 24 -15 20 16 -18 19 -20 -21 -22 22 -24 -25 -26 -27 27 -29 -30 -31
leaf_value=0.0046056887603812937 0.0017580097425167012 0.00104125429540436 -0.0028505984542207537 0.00012489528543930975 -0.002827933087092214 -0.00090403346388794102 0.00037563378485488735 0.0004920393105595722 0.0008391848323947281 2.4362197986776786e-05 0.00066279757425683676 -0.0013559519662168103 0.0024361689528998517 0.0010555585981778177 -0.00080685127385834814 -0.00082414614573131882 -0.00064292454003869249 0.00051049801830691194 -0.00040379967943104608 5.1982473008413058e-06 0.00040963526717456203 0.00029841766989039314 -0.00038850640591411644 -0.00032297748511502715 0.0022034449667186415 -0.0014605007620882824 -0.0015511290459120648 3.9843574460736439e-06 -1.7624583432347061e-05 -1.5394373357378416e-05
leaf_weight=209 42 111 219 1416 526 365 589 444 857 701 1419 483 89 260 170 228 487 74 266 281 806 1301 479 345 64 196 790 673 1980 2188
leaf_count=209 42 111 219 1416 526 365 589 444 857 701 1419 483 89 260 170 228 487 74 266 281 806 1301 479 345 64 196 790 673 1980 2188
internal_value=-2.82408e-05 0.00131083 -0.00205314 -0.00152584 -0.0049863 -0.00232101 0.000686428 0.000569086 0.00124953 0.00330695 0.00282234 -0.00245202 -0.00216169 0.00391964 -0.000666782 -0.00165888 -0.00327731 -0.000847603 0.000367991 0.00223315 0.00128966 0.00087961 0.000377929 -0.00503016 0.000471429 -0.00141608 -0.00189026 -0.0033709 -0.000965473 0.000838109
internal_weight=18058 10870 7188 6094 1094 4678 8281 8170 5269 2589 2380 4636 568 1679 2901 1925 1070 583 855 355 976 4825 3968 828 349 285 3808 1463 2345 3489
internal_count=18058 10870 7188 6094 1094 4678 8281 8170 5269 2589 2380 4636 568 1679 2901 1925 1070 583 855 355 976 4825 3968 828 349 285 3808 1463 2345 3489
is_linear=0
shrinkage=0.03


Tree=60
num_leaves=31
num_cat=0
split_feature=13 13 12 5 2 9 13 9 4 5 3 12 5 3 2 3 8 5 3 5 2 5 12 1 2 2 1 5 5 9
split_gain=51.5047 18.6044 16.7681 12.7683 9.01993 8.84264 8.19662 7.8468 8.08847 6.71722 6.1506 7.93507 6.10646 6.08423 6.36477 7.0093 6.52238 6.23733 8.2715 5.58254 5.41572 5.81869 5.38753 5.15889 5.0099 5.09169 5.00348 4.89966 4.86943 4.84407
threshold=0.2712016722872051 0.062669766956422471 0.39654670120448038 8.0802369848886979 0.1603953231741829 -0.47084466425182742 0.45476530155320211 0.3094725363267074 1.2680694601141493 10.157121483752109 2.5059965044000072 0.60000737844019791 10.850132886235812 2.4887580128611586 0.22653839352339369 1.5018330556330082 0.80015271443541403 7.4838065296799909 56.620248550398607 6.6560834372730202 0.16973112549646616 10.046440051606201 0.46220810266113799 2.229145242633034 0.27282975265839388 0.20439313897947839 -0.97754977060183779 8.9095730576946011 9.1486245285813155 1.4780927442181238
decision_type=2 2 2 2 10 8 2 10 10 2 10 2 2 8 10 10 8 2 10 2 10 2 2 2 8 10 2 2 2 8
left_child=1 4 -2 10 -1 -3 7 9 28 -5 11 -4 24 14 15 27 -16 22 -19 -12 -17 -22 -15 -21 25 -11 -6 -7 -9 -8
right_child=2 5 3 6 26 13 29 8 -10 12 19 -13 -14 17 16 20 -18 18 -20 23 21 -23 -24 -25 -26 -27 -28 -29 -30 -31
leaf_value=0.00034250050781999675 -0.003531447184725916 0.001137528117245711 -0.0012792349348775274 0.00019401668439474179 0.0029142679870242279 -0.00091456354921247603 -0.00058619719204746376 -0.0011452471588877116 -0.00081514647866158941 -0.00047895092047973178 0.0027642926139790731 0.001450745859013375 0.00014415312655991356 -0.00022291563974203318 -0.00034937637061809718 0.00041467574033406552 0.0010627065456378917 0.00032920245363860277 -0.00016734347004751141 -2.450055704772025e-05 0.00036044979225255982 -0.00032203630660401593 0.0032343036585109294 0.0010604817717553663 -0.00081217106995050306 0.00011016217773470802 0.0017172507721265001 1.0397910520722179e-05 -2.3594589521413536e-05 -0.0016246379760543673
leaf_weight=1189 672 138 245 918 114 285 346 189 1231 46 181 71 93 50 1081 639 115 2924 661 377 432 290 85 98 174 133 637 2891 1146 532
leaf_count=1189 672 138 245 918 114 285 346 189 1231 46 181 71 93 50 1081 639 115 2924 661 377 432 290 85 98 174 133 637 2891 1146 532
internal_value=3.08608e-05 0.00123179 -0.0021153 -0.00159315 0.00391036 0.000689637 -0.00222707 -0.0016408 -0.00261784 0.000197802 0.00154162 -0.00189274 -0.00281879 0.00057912 -3.40077e-05 0.000479286 -0.00197995 0.00152378 0.00128416 0.00319635 0.00227974 0.000497925 0.00783088 0.00148109 -0.00461864 -0.00108333 0.00648271 -0.000292729 -0.000999251 -0.00484642
internal_weight=17983 11531 6452 5780 1940 9591 4808 3930 2566 1364 972 316 446 9453 5733 4537 1196 3720 3585 656 1361 722 135 475 353 179 751 3176 1335 878
internal_count=17983 11531 6452 5780 1940 9591 4808 3930 2566 1364 972 316 446 9453 5733 4537 1196 3720 3585 656 1361 722 135 475 353 179 751 3176 1335 878
is_linear=0
shrinkage=0.03


Tree=61
num_leaves=31
num_cat=0
split_feature=6 6 6 0 9 7 3 6 9 3 5 3 7 5 9 7 5 5 9 6 9 5 3 6 0 5 3 4 0 5
split_gain=49.347 15.3818 12.4779 11.4446 12.2749 9.80947 12.1941 8.73962 8.12546 6.67825 6.3117 6.37865 7.67774 6.56108 6.15285 6.04829 6.8184 5.76677 5.85506 5.72106 6.06897 5.59746 6.00888 5.50627 5.74021 5.36716 5.35831 5.33999 5.15824 5.04145
threshold=0.26387075255632558 0.053916799209801532 1.1488037409601473 17.33880840275263 1.9489238613711175 0.65902869219081783 15.132041929039275 -0.30127499833881138 -0.47084466425182742 1.2735883472309923 10.157121483752109 2.5201930089965781 0.28407475874408822 9.0336031863560979 0.088681969319118051 0.2719607729708497 10.785466303638989 9.4424436638760749 0.59208623637577573 0.15614643298000355 0.77326328419158807 8.0294327875302809 1.4282947139401319 0.44100445783652648 5.8359950354769019 10.929735199096633 1.268776027958715 0.11698988253740621 4.5721219646799129 3.4175922930736511
decision_type=2 2 2 8 8 2 8 2 8 10 2 8 2 2 10 2 2 2 10 2 8 2 8 2 10 2 10 10 10 2
left_child=1 7 3 4 5 10 -7 -1 -3 17 11 12 -2 -14 -12 16 -10 -9 -19 20 21 22 -17 24 -6 -22 -21 -28 -13 -5
right_child=2 8 -4 29 23 6 -8 9 15 -11 14 28 13 -15 -16 19 -18 18 -20 26 25 -23 -24 -25 -26 -27 27 -29 -30 -31
leaf_value=0.012309144757730449 -0.0016395700339848223 0.001014104967553608 -0.012600613402661968 0.0064682263728042585 -0.00085366505662648083 -0.0016926433421402475 -0.00017517439737090896 -0.00034221796942167501 -0.00032252743198645358 0.0013538450048207224 -0.00092635180711269217 -0.00044508366743515644 -0.00050579746032322756 0.00086492120346830844 -0.00020183021278266793 -9.957198734697081e-05 0.00081450491538713238 0.00057346159955644132 -0.00031329564639560886 -0.00038555015125247546 0.00087923497405072387 0.00012721084607522832 0.0022673649527334061 -0.0028158541674930125 0.00014475035527272714 -0.00063237409360682162 0.0005393994320999206 3.5648782127110786e-05 0.00078392331402990186 -1.0005379584753539e-05
leaf_weight=72 48 123 137 113 644 735 716 331 956 784 133 655 122 493 829 75 46 432 89 505 621 2572 105 428 168 49 277 4163 134 1464
leaf_count=72 48 123 137 113 644 735 716 331 956 784 133 655 122 493 829 75 46 432 89 505 621 2572 105 428 168 49 277 4163 134 1464
internal_value=-3.57936e-05 0.00118918 -0.00204765 -0.00186294 -0.00255288 -0.00171883 -0.00366736 0.00380925 0.000717371 0.0033537 -0.000546584 0.000701996 0.00286898 0.00377435 -0.00242991 0.000616329 -0.00158524 0.00151231 0.00347701 0.000880139 0.00182296 0.00119869 0.00629834 -0.00514907 -0.00369004 0.00438152 0.000227457 0.000560685 -0.00112025 0.000370722
internal_weight=18019 11200 6819 6682 5105 3865 1451 1708 9492 1636 2414 1452 663 615 962 9369 1002 852 521 8367 3422 2752 180 1240 812 670 4945 4440 789 1577
internal_count=18019 11200 6819 6682 5105 3865 1451 1708 9492 1636 2414 1452 663 615 962 9369 1002 852 521 8367 3422 2752 180 1240 812 670 4945 4440 789 1577
is_linear=0
shrinkage=0.03


Tree=62
num_leaves=31
num_cat=0
split_feature=6 6 12 12 6 5 6 4 8 5 0 2 0 2 5 1 2 0 12 12 2 4 2 6 2 0 8 5 5 5
split_gain=46.184 13.8206 13.1114 10.1224 8.83823 7.01012 7.82892 7.53888 6.54132 10.1346 6.12727 6.75653 6.03787 8.1295 6.87367 5.9795 5.79711 5.80102 5.77017 5.54338 5.4179 5.09113 5.06977 5.14673 4.89753 6.1507 4.66573 4.4089 4.36516 4.39847
threshold=0.26387075255632558 0.15614643298000355 0.56195034486396311 0.26326414241160789 -0.30127499833881138 8.0802369848886979 0.49563703156776923 0.86397091630092604 0.43086896720702866 9.666308460248727 21.534172661870507 0.24996720351379251 1.8310094677251161 0.30645797273495184 8.317277736389789 0.63474391997983648 0.31916876382623055 2.5681883766995477 0.47356227061821649 0.53522948847951379 0.23397990899009632 1.2803242349301802 0.41464320613627409 -0.086232268211142923 0.10614198215553157 1.3490836892474452 0.40560317244702321 6.6560834372730202 8.7919419769113265 8.9613660277206009
decision_type=2 2 2 2 2 2 2 10 10 2 8 10 8 10 2 2 10 10 2 2 10 10 10 2 8 10 10 2 2 2
left_child=1 4 3 -2 -1 7 8 -5 16 -10 21 -12 13 -3 15 -15 -7 -18 -16 22 -11 -4 23 27 -21 -26 -9 -6 -14 -30
right_child=2 12 10 5 19 6 -8 26 9 20 11 -13 28 14 18 -17 17 -19 -20 24 -22 -23 -24 -25 25 -27 -28 -29 29 -31
leaf_value=0.012853780952746916 -0.0086242105902540438 -0.00014352138197155917 1.9416831879671829e-05 -0.0014662412174584764 -0.00031542154572636761 -0.00068614815538609411 -0.0019968628370248221 0.0010459429766114577 -0.0020880354368204663 0.0017389354894660756 0.00083440802320248195 4.072437697414069e-05 0.0011207989415039313 0.0026279970808004939 0.0018303766249809651 -0.0010114768902596989 0.00013834405371957318 -0.00043301235491402371 0.00046147778281317882 -8.6776917338393802e-05 -0.00050375041853095725 -0.00059265428365484817 -0.0010606279991555933 0.00018823799764397259 0.00078779219514242408 0.00022774309442557278 -0.0003450705675547533 0.0017186800091355072 -0.00071436575161911223 0.00016519584297865306
leaf_weight=78 208 3482 792 270 53 1592 445 355 242 40 203 653 179 49 79 86 755 302 378 281 154 500 62 3171 1244 678 289 152 47 1305
leaf_count=78 208 3482 792 270 53 1592 445 355 242 40 203 653 179 49 79 86 755 302 378 281 154 500 62 3171 1244 678 289 152 47 1305
internal_value=-2.64828e-05 0.00114702 -0.00198059 -0.00287556 0.00218444 -0.00257143 -0.00317757 -0.000229508 -0.00263934 -0.00604119 -4.18799e-05 0.00192532 8.82983e-05 -0.000515337 0.00273187 -0.00319853 -0.00207736 -0.000354442 0.0044869 0.00204449 -0.000923077 -0.00134571 0.00129107 0.00144803 0.00321915 0.00375975 0.00153488 0.00604369 0.00169386 0.00110865
internal_weight=18124 11324 6800 4652 5719 4444 3530 914 3085 436 2148 856 5605 4074 592 135 2649 1057 457 5641 194 1292 3438 3376 2203 1922 644 205 1531 1352
internal_count=18124 11324 6800 4652 5719 4444 3530 914 3085 436 2148 856 5605 4074 592 135 2649 1057 457 5641 194 1292 3438 3376 2203 1922 644 205 1531 1352
is_linear=0
shrinkage=0.03


Tree=63
num_leaves=31
num_cat=0
split_feature=6 6 0 6 3 5 6 7 3 3 7 2 7 0 5 7 5 8 0 8 5 3 7 8 7 5 6 7 0 8
split_gain=41.14 12.3774 16.013 11.6717 10.7656 9.43294 8.93227 8.34545 8.58446 5.68927 8.16541 5.4505 5.75846 5.49286 5.37454 5.20806 4.844 4.98985 4.86906 6.46594 4.75661 7.74771 4.69555 6.56963 6.1031 5.71732 6.78542 4.69303 4.65043 4.36951
threshold=0.26387075255632558 0.54276308619466695 17.33880840275263 0.15614643298000355 19.61066393611436 7.6360282323874804 -0.30127499833881138 0.64894719196263617 15.132041929039275 2.4887580128611586 0.89285289676126001 0.16735638927251781 0.40482040205026615 2.5681883766995477 7.5543346865244549 0.18911026746998824 9.3266111496789872 0.19052016389406864 3.9487296708427366 0.12592505269666662 10.6746947071543 1.9259818783548555 0.66059382951830992 0.45021394174070833 0.71153102504610632 11.134727686677195 0.097347186950822909 0.81878128211298928 1.4159950582421463 0.31568745645763213
decision_type=2 2 8 2 10 2 2 2 10 10 2 10 2 10 2 2 2 8 10 8 2 8 2 10 2 2 2 2 10 10
left_child=3 2 7 4 6 -3 -1 11 -9 15 -11 12 -2 20 -10 -5 17 -15 -18 -20 21 -13 25 27 -25 -8 -27 -24 -6 -23
right_child=1 5 -4 9 28 -7 22 8 14 10 -12 13 -14 16 -16 -17 18 -19 19 -21 -22 29 23 24 -26 26 -28 -29 -30 -31
leaf_value=0.012468167524164509 -0.0032082847825488712 -0.00093873294478488841 0.00017447974600187668 -0.0010484862009478295 0.0017901017953871438 -0.0035342129354208811 4.9013495450310756e-05 -0.0013479068428088807 0.0018643805380286959 0.00018138669625657286 -0.00059686313085482003 0.00083569495031318361 -0.00017519086173760522 -7.104976546599383e-05 -0.00037448887012424791 -7.3623469645148207e-05 -0.00055896663200950185 -0.0017186860438566608 -0.0014542611918403345 0.0001762051742950839 -0.00080836969238625984 0.00017176599237668315 0.00063997298957406748 0.0012201133771482867 -0.0017453254473623803 0.0011309595311448522 9.8976200167473019e-05 -0.00034991781059556457 3.4126455046273081e-05 -0.00052411106236895544
leaf_weight=72 60 470 1213 174 642 366 3064 924 40 2537 45 358 83 92 1116 2819 409 167 54 391 195 561 1361 50 87 101 130 104 124 337
leaf_count=72 60 470 1213 174 642 366 3064 924 40 2537 45 358 83 92 1116 2819 409 167 54 391 195 561 1361 50 87 101 130 104 124 337
internal_value=-4.9595e-05 -0.00188679 -0.00140977 0.00106091 0.00201098 -0.00530466 0.0015 -0.00218985 -0.00361845 8.33931e-05 0.00111498 -0.00109121 -0.00677083 -0.00077193 -0.00189283 -0.000806613 -0.00235637 -0.00594231 -0.00126316 0.000908072 0.000444215 0.00112172 0.00134443 0.00267623 -0.00358696 0.000696299 0.00523707 0.00326398 0.00531943 -0.000367075
internal_weight=18146 6836 6000 11310 5735 836 4969 4787 2080 5575 2582 2707 143 2564 1156 2993 1113 259 854 445 1451 1256 4897 1602 137 3295 231 1465 766 898
internal_count=18146 6836 6000 11310 5735 836 4969 4787 2080 5575 2582 2707 143 2564 1156 2993 1113 259 854 445 1451 1256 4897 1602 137 3295 231 1465 766 898
is_linear=0
shrinkage=0.03


Tree=64
num_leaves=31
num_cat=0
split_feature=6 12 9 6 9 9 6 0 6 3 5 7 12 3 5 9 5 7 12 12 0 5 3 7 9 7 3 7 8 6
split_gain=40.9095 15.9531 11.4 8.29915 8.29666 6.75688 6.63248 7.72453 6.2039 9.06331 5.63425 5.55251 6.75417 6.06159 5.45638 8.31138 5.87356 5.31549 7.53535 7.53866 5.39463 4.97385 5.57677 5.89898 4.89529 5.11171 8.08154 9.2804 6.31536 5.50338
threshold=0.21316391768807644 0.42794392878486176 -0.40204854588445665 -0.30127499833881138 0.48480549412846147 1.9489238613711175 0.40292678949042676 6.207809071361118 0.10464189850194751 19.61066393611436 3.4175922930736511 0.31810896838619312 0.61387144290377016 1.3927465555636895 9.3936198023288568 0.24177599892340493 9.1788496835846747 0.80478096059541848 0.68133823150834583 0.58220795980479434 1.9617263069714823 10.873138934894977 86.871217950292163 0.6207367381258112 -0.85576102661335829 0.65735121373965322 15.60829792519089 0.82764301768011317 0.30191361209298745 0.27443288607412325
decision_type=2 2 8 2 10 10 2 10 2 8 2 2 2 10 2 10 2 2 2 2 8 2 10 2 8 2 8 2 10 2
left_child=2 4 -1 -4 -2 10 7 -7 9 14 -3 12 13 -12 15 16 -5 18 19 -10 -19 22 23 -21 -13 -26 27 29 -29 -27
right_child=1 5 3 8 -6 6 -8 -9 17 -11 11 24 -14 -15 -16 -17 -18 20 -20 21 -22 -23 -24 -25 25 26 -28 28 -30 -31
leaf_value=0.0016192257083505344 -0.0011914427754992306 0.0080112357692864143 0.010304851997993924 -0.00039512816118335807 -0.0033119179553533214 -0.00038696814579728219 -0.0012327789930758667 0.00032697374348851103 6.6287957932211863e-05 0.0015148227162394107 -0.0023397737244767801 0.0010383905348069101 0.001415894027410378 -0.00046460186802910333 0.00035181886229586936 0.00041847725494361542 -0.0011617565584252343 -0.00048263543747063277 -0.0017147043896224576 0.00024992396314083638 0.00065496139557193525 -0.00027277271485953464 -0.00060621807348877838 0.00076128650674591196 3.5581509478785491e-05 -0.00030847272475988574 5.1772955766006544e-06 -0.00011027141430534931 0.0041340016067773931 -0.0014023045182883324
leaf_weight=119 611 74 71 333 455 672 503 181 4115 446 86 102 58 587 1753 619 47 309 53 299 68 120 46 452 3102 527 1537 101 59 571
leaf_count=119 611 74 71 333 455 672 503 181 4115 446 86 102 58 587 1753 619 47 309 53 299 68 120 46 452 3102 527 1537 101 59 571
internal_value=-1.65957e-05 -0.00141433 0.00144052 0.00131413 -0.0048641 -0.000963117 -0.00289609 -0.0012822 0.00122965 0.00227884 -0.000577517 -0.000668549 -0.00313525 -0.00398368 0.00163458 -0.000135 -0.00362205 0.000615047 0.000870035 0.00098947 -0.00281746 0.00344771 0.00430451 0.00492686 -0.0003675 -0.000480671 -0.00141094 -0.00319301 0.00354037 -0.00417652
internal_weight=18076 9226 8850 8731 1066 8160 1356 853 8660 3198 6804 6730 731 673 2752 999 380 5462 5085 5032 377 917 797 751 5999 5897 2795 1258 160 1098
internal_count=18076 9226 8850 8731 1066 8160 1356 853 8660 3198 6804 6730 731 673 2752 999 380 5462 5085 5032 377 917 797 751 5999 5897 2795 1258 160 1098
is_linear=0
shrinkage=0.03


Tree=65
num_leaves=31
num_cat=0
split_feature=13 12 9 9 8 13 12 4 7 13 1 7 12 4 8 12 7 12 12 7 1 7 5 5 9 9 5 5 0 7
split_gain=44.406 13.402 12.2598 11.9442 10.6732 9.56125 7.80495 7.42543 7.46505 7.14684 6.33226 6.46806 6.27699 5.72863 5.46247 7.3077 6.33792 5.30282 5.1573 8.89762 6.5727 5.93865 5.12785 5.13045 4.9916 4.76651 4.75033 4.40917 4.17118 4.16505
threshold=0.24171539547801404 0.26326414241160789 -0.47084466425182742 0.40778395680608404 -0.16793547574953901 0.10464189850194751 0.55837517705599926 1.2803242349301802 0.810281753857795 -0.30127499833881138 1.1994582515875656 0.65560723637060614 0.59048426163945011 0.65652000926236398 0.80015271443541403 0.66493620683204269 0.77519159974199481 0.53522948847951379 0.61013058180236046 0.61884462622640579 1.7258051650313799 0.56356504515786832 11.178598853559183 10.815760218719022 1.4780927442181238 3.4883731595594023 3.4175922930736511 10.036772039442626 1.3617811428221462 0.35352553366623013
decision_type=2 2 8 10 8 2 2 10 2 2 2 2 2 8 8 2 2 2 2 2 2 2 2 2 10 8 2 2 10 2
left_child=2 25 -1 4 -3 9 24 -8 10 -4 -9 -12 -13 -7 15 16 18 22 20 -20 27 -22 23 -11 29 -2 -6 -15 -19 -5
right_child=1 3 5 6 26 13 7 8 -10 17 11 12 -14 14 -16 -17 -18 28 19 -21 21 -23 -24 -25 -26 -27 -28 -29 -30 -31
leaf_value=0.0013207099549652132 -0.015023677669115026 0.0025858123694032114 0.010691666418956743 -0.0011615071610544684 0.0056359977895166892 0.00023518244990242292 0.00010130979068250473 -0.00097107548274340705 0.00023570725677871037 0.00029157466994192747 0.00023395971844517873 -0.00167154773076215 0.0002289541985792924 4.0999565943256809e-05 0.0010304413960999519 -0.0012570542594264743 -0.00033950320220690221 0.00072385973155904032 -0.00020022125466232852 0.00078630612287112112 -9.1067317848053379e-05 0.0006320788154711729 0.0013569211898826444 -0.00022066656512793973 -0.0012400180913866288 -0.0039463744035615912 -9.9358244127074885e-05 -0.00025693220258384279 -0.00042920618364191711 -0.00046239453059187738
leaf_weight=124 100 45 74 230 114 1946 829 221 93 1963 155 82 56 1463 181 91 491 1006 137 167 481 634 79 85 861 110 3483 1283 59 1400
leaf_count=124 100 45 74 230 114 1946 829 221 93 1963 155 82 56 1463 181 91 491 1006 137 167 481 634 79 85 861 110 3483 1283 59 1400
internal_value=-7.39858e-05 -0.00178342 0.00122163 -0.0015753 -0.000337634 0.0011064 -0.00272276 -0.000960334 -0.00347862 0.00244261 -0.0048932 -0.0019898 -0.00669065 0.000471273 -7.30371e-05 -0.000268534 -0.000103071 0.00222675 0.000277244 0.00403279 -1.942e-05 0.00192204 0.00136043 0.00106881 -0.00373796 -0.00924171 -0.000521123 -0.000808154 0.00395403 -0.00275904
internal_weight=18043 7779 10264 7569 3642 10140 3927 1436 607 3266 514 293 138 6874 4928 4747 4656 3192 4165 304 3861 1115 2127 2048 2491 210 3597 2746 1065 1630
internal_count=18043 7779 10264 7569 3642 10140 3927 1436 607 3266 514 293 138 6874 4928 4747 4656 3192 4165 304 3861 1115 2127 2048 2491 210 3597 2746 1065 1630
is_linear=0
shrinkage=0.03


Tree=66
num_leaves=31
num_cat=0
split_feature=6 12 6 9 7 9 8 12 5 7 7 5 12 5 7 6 9 8 7 9 8 5 7 5 12 8 7 5 5 8
split_gain=39.577 14.0722 13.5032 8.03678 7.48906 7.14286 6.2978 6.21218 6.65873 8.16713 6.42212 5.96134 5.5887 6.28482 8.46672 7.1233 5.85763 5.64771 14.4624 5.56634 5.27342 5.19704 5.12586 5.19549 4.89452 4.85522 4.42315 4.49254 6.83032 4.71439
threshold=0.2898376437242583 0.30634117186043736 0.056694719431523495 2.5307953036009834 0.26488621895598646 -0.47084466425182742 0.0070208588353442838 0.55972584879017628 8.0294327875302809 0.7223069125121272 0.2409652070002585 10.785466303638989 0.47448795862900617 9.5819384099782834 0.88711113501944394 0.12459420986330817 0.88782086113826342 0.47040914936273365 0.70304727702085668 3.0059105443731213 0.49586500117747456 10.475934947460468 0.28407475874408822 7.0983752970839431 0.37867454858586441 0.25089445584337439 0.68084063207149981 10.046440051606201 11.061994781378695 0.19727562958303144
decision_type=2 2 2 10 2 8 10 2 2 2 2 2 2 2 2 2 10 10 2 8 10 2 2 2 2 8 2 2 2 10
left_child=2 19 6 7 11 -6 -1 8 -3 10 -10 24 -7 14 17 16 26 22 -19 -2 -11 25 -14 -24 -4 -5 27 29 -29 -15
right_child=1 3 4 21 5 12 -8 -9 9 20 -12 -13 13 15 -16 -17 -18 18 -20 -21 -22 -23 23 -25 -26 -27 -28 28 -30 -31
leaf_value=0.0015946388132480858 -0.010818472609063179 0.00013987019786340204 0.00053193620098769252 -5.7589250717645091e-05 0.00092228177956589345 -0.00018702722312009058 0.00057293030038816143 4.9699707535987636e-05 -0.0011712372444425698 -0.00087094143274502739 -0.00018511815837280585 0.00073747066212164576 0.0020708707080729178 0.00023283715136998621 -0.0003519586772787437 -3.271200181693863e-06 0.00092463201899605765 0.00080743864205511952 -0.002655562468764612 -0.0041811634054673081 -0.0042722952718050435 -0.0024969558723418397 0.0028211298601464045 0.00051411637205206495 -0.00041306495235393377 -0.00099813033509966531 0.00070469032626313728 -0.0001959168246310169 0.00038356247460448982 0.0017202268989390593
leaf_weight=342 129 681 64 292 161 1538 1492 1472 198 428 1730 47 47 146 64 4254 182 114 75 156 94 71 50 2053 863 599 284 384 117 52
leaf_count=342 129 681 64 292 161 1538 1492 1472 198 428 1730 47 47 146 64 4254 182 114 75 156 94 71 50 2053 863 599 284 384 117 52
internal_value=7.83828e-05 -0.00195351 0.00104258 -0.00161966 0.000627382 0.000883743 0.00341689 -0.00109796 -0.00185345 -0.00258262 -0.00167963 -0.00187692 0.000775558 0.0011006 0.00237729 0.000534133 0.00261149 0.00267308 -0.00228947 -0.00844406 -0.00590822 -0.00411215 0.00311018 0.00288736 -0.00240841 -0.00348094 0.00169207 0.000407143 -0.00110558 0.00422111
internal_weight=18179 5850 12329 5565 10495 9521 1834 4603 3131 2450 1928 974 9360 7822 2403 5419 1165 2339 189 285 522 962 2150 2103 927 891 983 699 501 198
internal_count=18179 5850 12329 5565 10495 9521 1834 4603 3131 2450 1928 974 9360 7822 2403 5419 1165 2339 189 285 522 962 2150 2103 927 891 983 699 501 198
is_linear=0
shrinkage=0.03


Tree=67
num_leaves=31
num_cat=0
split_feature=0 12 9 0 12 3 4 12 5 3 9 9 3 5 8 8 9 12 3 9 12 9 3 5 2 8 8 8 0 9
split_gain=21.6186 15.3984 14.7514 10.7449 13.1655 12.1396 9.37773 8.57035 8.17582 16.6788 6.92959 6.37814 6.20039 6.06092 6.03146 5.97136 5.76619 5.45714 5.22329 4.87717 4.87055 4.8119 4.88368 4.71146 4.43357 11.0618 5.48286 4.3391 4.29654 4.24305
threshold=1.3449050914373994 0.56418272194950858 0.34184155083562789 1.008296012518211 0.4999329813901674 1.2563103603487893 1.1087289469620436 0.42794392878486176 7.3323683504381592 2.9312230511458921 -0.47084466425182742 1.9489238613711175 56.620248550398607 7.4838065296799909 0.29039879002787278 0.01370810135374643 0.55956768557355974 0.6590460662888461 72.697652247047458 -0.10813814218415556 0.5502643587973256 0.34184155083562789 6.378444429860803 7.9731553740730181 0.34177610158071903 0.10822781043213066 0.35001753417288667 0.5556223821074523 3.7525062709030106 0.87514781901813354
decision_type=10 2 8 8 2 8 10 2 2 8 8 8 10 2 10 10 10 2 8 8 2 10 8 2 10 8 10 8 10 10
left_child=3 2 13 19 14 -6 -3 -4 9 -9 -8 16 29 -2 -5 -14 27 24 20 -1 -15 22 -21 -23 28 -26 -27 -10 -12 -7
right_child=1 6 7 4 5 12 10 8 11 -11 17 -13 15 18 -16 -17 -18 -19 -20 21 -22 23 -24 -25 25 26 -28 -29 -30 -31
leaf_value=0.0043223619016204721 0.0013621126143177585 0.00025966385353440834 -0.0037013965434957163 4.9617048655127625e-05 -0.00018522494052990876 0.0004771903170675969 0.00090745331538464452 -0.0015075611132137449 -0.00058440950897615726 0.0022887292389679585 -7.9451033160358379e-05 -0.0010957643748815992 0.0027170598292350209 7.4963565379679916e-05 -0.00066110834220135665 -0.00015114823596152404 -0.00015883912720045286 -0.00092521491183005064 -0.0020535998314992949 -0.00023717147712891333 -0.00029909932032376571 0.00035297028268461446 0.0035930086891229592 0.0017154364032153781 0.00071862300081412887 -0.00090665532221917411 0.0002615261165057388 0.00022729264384796816 0.00033505213202147482 0.00095344485791572285
leaf_weight=78 124 2249 504 2086 538 1848 84 45 831 83 905 807 63 2150 847 297 1850 118 96 296 349 142 44 405 76 390 73 83 204 336
leaf_count=78 124 2249 504 2086 538 1848 84 45 831 83 905 807 63 2150 847 297 1850 118 96 296 349 142 44 405 76 390 73 83 204 336
internal_value=-4.1662e-06 -0.000831519 -0.00169435 0.00130211 0.000830286 0.00219916 0.00062561 -0.00280804 -0.00230676 0.00511628 -0.00095624 -0.00257419 0.00306483 2.75735e-05 -0.000608384 -0.000581717 -0.00188788 -0.00135823 -0.000283128 0.00423913 -1.8e-05 0.00359797 0.000791789 0.00533759 -0.000909642 -0.00313889 -0.00488147 -0.00383607 0.000175676 0.0036659
internal_weight=18001 11021 6922 6980 6015 3082 4099 4203 3699 128 1850 3571 2544 2719 2933 360 2764 1766 2595 965 2499 887 340 547 1648 539 463 914 1109 2184
internal_count=18001 11021 6922 6980 6015 3082 4099 4203 3699 128 1850 3571 2544 2719 2933 360 2764 1766 2595 965 2499 887 340 547 1648 539 463 914 1109 2184
is_linear=0
shrinkage=0.03


Tree=68
num_leaves=31
num_cat=0
split_feature=1 12 9 9 9 8 7 7 12 8 5 5 12 9 5 9 2 5 7 5 2 5 2 8 5 3 8 4 2 12
split_gain=13.6154 12.0617 10.5139 7.29561 7.45224 6.78607 9.23098 11.445 6.64602 5.61395 5.54599 5.1407 4.49692 5.94363 6.61129 4.42646 4.41801 4.4138 6.31613 4.38026 4.29237 4.25118 9.54666 7.31043 6.51344 4.62065 4.16893 4.01079 3.92242 4.97491
threshold=-0.097411466734946398 0.24160320841339225 1.9489238613711175 -0.47084466425182742 0.13531350848917809 0.14487361571401089 0.31810896838619312 0.67461854720057357 0.55096901749091909 1.0079887207582108 8.8700307599038375 7.0071479203944476 0.60000737844019791 0.0070339015565737814 10.583308836345422 0.47344233431239185 0.34177610158071903 11.061994781378695 0.50245940797608235 10.740042196156226 0.25152998345082472 9.9905822583368913 0.39676744864859453 0.40560317244702321 8.1225195452981414 22.880843806796744 -0.0040599636695662104 1.2803242349301802 0.036506562773725805 0.50755918954334744
decision_type=2 2 10 8 10 10 2 2 2 10 2 2 2 8 2 8 10 2 2 2 8 2 8 10 2 10 8 10 8 2
left_child=3 11 5 26 -5 12 15 21 -4 10 -9 -2 17 -14 -15 20 -10 19 -19 -3 -7 22 -8 25 -24 -23 -1 -18 -17 -30
right_child=1 2 8 4 -6 6 7 9 16 -11 -12 -13 13 14 -16 28 27 18 -20 -21 -22 23 24 -25 -26 -27 -28 -29 29 -31
leaf_value=0.0033573747900095129 -0.0032175257626134136 5.3295066703473796e-05 -0.0012079731483418757 -6.7195999052179414e-05 0.0003554477950200557 0.00013455315853444594 0.00039194930963295377 0.00017740004985982626 0.00017093211025168619 -0.003885367526301513 -0.00039951173970926142 -0.015618608591335006 0.00080078438527683379 0.00036513516488338504 -0.0004235470986882244 0.000234341060655128 8.9133516577415137e-05 0.001661380604621888 0.00020945359235581657 -0.0001989282903659327 -0.0010026807368660028 -0.00014077026060385661 -3.259241887879221e-05 0.00064174856532421499 -0.0010711162290708922 0.00057236712568792031 0.00033707152738057995 -0.00067536478966534052 -0.0012453812730533296 -0.00037614619714607361
leaf_weight=68 132 4269 724 1033 1679 352 1781 706 450 85 1802 73 138 560 114 71 149 63 376 417 114 1275 108 196 73 128 41 276 461 247
leaf_count=68 132 4269 724 1033 1679 352 1781 706 450 85 1802 73 138 560 114 71 149 63 376 417 114 1275 108 196 73 128 41 276 461 247
internal_value=-7.93341e-05 -0.000435903 -0.000336435 0.00183381 0.00152599 -6.07333e-05 -0.000666892 -0.000190089 -0.00263437 -0.00170586 -0.00144679 -0.00764563 0.000694678 0.00276753 0.0016 -0.00302167 -0.000873288 0.000365782 0.00323864 9.60102e-05 -0.000706638 0.000913812 0.00184921 -0.000234375 -0.0046978 -0.00099359 0.00940909 -0.00306338 -0.00440385 -0.00507757
internal_weight=17961 15140 14935 2821 2712 13336 7399 6154 1599 2593 2508 205 5937 812 674 1245 875 5125 439 4686 466 3561 1962 1599 181 1403 109 425 779 708
internal_count=17961 15140 14935 2821 2712 13336 7399 6154 1599 2593 2508 205 5937 812 674 1245 875 5125 439 4686 466 3561 1962 1599 181 1403 109 425 779 708
is_linear=0
shrinkage=0.03


Tree=69
num_leaves=31
num_cat=0
split_feature=13 13 5 13 3 5 3 9 3 9 5 3 12 4 5 12 8 5 13 7 7 3 13 7 3 3 5 3 5 9
split_gain=34.0104 11.7431 11.7556 11.5969 7.94121 7.53733 10.7556 8.1091 7.11842 6.36808 5.52309 5.27816 5.25043 5.04748 5.01997 4.96685 4.88024 4.71197 4.66006 4.4323 7.19779 6.67819 5.63272 4.83662 8.13525 4.64243 7.12258 4.62869 6.88957 4.37574
threshold=0.21316391768807644 0.49005729593036756 7.8077133355713011 0.0067074800305597657 2.4887580128611586 7.4838065296799909 56.620248550398607 0.98382775944342937 1.1712179839893728 0.33720618796191415 6.4401484558665105 2.7988983132070877 0.46220810266113799 0.91848793766351966 3.4175922930736511 0.26326414241160789 -0.13675207921162955 8.0294327875302809 -0.30127499833881138 0.810281753857795 0.65735121373965322 13.722277648993538 0.26942311606309849 0.3246998071231163 2.0443283574899049 46.598206557810478 10.304593168364212 7.2737120549055527 8.3576110596727986 -0.1499822167876271
decision_type=2 2 2 2 8 2 8 10 8 10 2 10 2 10 2 2 8 2 2 2 2 8 2 2 8 10 2 8 2 8
left_child=3 8 11 18 -5 12 7 -7 -2 10 -10 14 -6 -9 -3 -4 -12 -8 -1 20 23 22 -22 24 -11 26 -23 28 -25 -20
right_child=1 2 15 4 5 6 17 13 9 19 16 -13 -14 -15 -16 -17 -18 -19 29 -21 21 25 -24 27 -26 -27 -28 -29 -30 -31
leaf_value=0.011997907586183571 -0.0021797444573547179 0.0040881267005746947 -0.015278922678689555 3.2323293468823273e-05 0.0010833468423300085 0.00037412279451419495 0.0016377684572386044 0.0016382021990175865 0.0017712268130362541 -0.0018728766469004211 0.0013201959017855897 0.00016813400398212467 0.003195763519896071 0.00059769390123936151 -0.0033372413258545351 -0.0013110329422177441 -2.30504741873936e-05 -0.00049469713852174843 0.0040187279543283695 0.00015470261000866118 -0.00041900467612907867 0.00055723649649289944 -0.001707585634953627 -0.0011791271561481641 -0.00023797926854664058 -0.00065964401376353223 -0.00089658793976253625 -0.00028584074449024429 0.00017528241924227305 0.00097192569449534643
leaf_weight=74 119 49 68 5331 40 1516 69 183 161 124 43 421 79 290 191 608 3062 385 58 456 264 271 430 57 413 386 144 854 1131 823
leaf_count=74 119 49 68 5331 40 1516 69 183 161 124 43 421 79 290 191 608 3062 385 58 456 264 271 430 57 413 386 144 854 1131 823
internal_value=-4.14342e-05 -0.00131309 -0.00391256 0.00128828 0.000910185 0.00228248 0.00192103 0.00287186 -0.000873547 -0.000761831 0.000247934 -0.00106495 0.009625 0.00629747 -0.00460581 -0.00669129 -3.38055e-05 -0.00224176 0.004409 -0.00148974 -0.00180368 -0.00345922 -0.00561151 -0.000843023 -0.00337361 -0.00158978 0.000612981 -0.000176211 0.00103448 0.00379252
internal_weight=18100 9252 1337 8848 7893 2562 2443 1989 7915 7796 3266 661 119 473 240 676 3105 454 955 4530 4074 1495 694 2579 537 801 415 2042 1188 881
internal_count=18100 9252 1337 8848 7893 2562 2443 1989 7915 7796 3266 661 119 473 240 676 3105 454 955 4530 4074 1495 694 2579 537 801 415 2042 1188 881
is_linear=0
shrinkage=0.03


Tree=70
num_leaves=31
num_cat=0
split_feature=6 12 6 12 3 8 0 12 9 7 2 7 9 0 9 3 0 9 7 1 3 3 7 0 7 3 9 3 6 1
split_gain=29.8606 17.3644 11.1938 10.4944 9.65045 8.10707 7.6163 8.4219 6.12219 6.08961 9.03777 5.91025 5.82021 5.64163 5.05968 7.1048 5.04882 4.76888 4.76519 5.77942 5.04176 7.12767 6.21552 5.70178 5.81007 4.70468 4.66005 4.65524 5.54241 6.29517
threshold=0.15614643298000355 0.48089203001640207 -0.14579579571135201 0.20941806217512135 19.61066393611436 0.29740246101410478 1.2862890758679359 0.56195034486396311 -0.85576102661335829 0.58496244344608062 0.19907341737312276 0.2409652070002585 1.4780927442181238 1.4385036644918807 -0.024439895774563136 56.620248550398607 1.7350903107018565 0.22000110530075459 0.66667912157988096 3.3352393822522632 19.61066393611436 119.87480644909078 0.85648310395710425 41.491666666666674 0.78617883741491623 2.4735777362757299 0.84061617558211676 2.5414461035512503 0.29628560272076238 3.0731965541490864
decision_type=2 2 2 2 10 10 8 2 8 2 10 2 10 10 10 10 10 10 2 2 10 10 2 8 2 10 10 10 2 2
left_child=2 3 -1 -2 -4 9 -3 11 -9 10 -5 25 18 14 -6 -16 -14 -15 19 -13 22 23 -20 24 -22 -8 -12 -7 -29 -30
right_child=1 6 4 5 13 27 7 8 -10 -11 26 12 16 17 15 -17 -18 -19 20 -21 21 -23 -24 -25 -26 -27 -28 28 29 -31
leaf_value=0.004340244665400928 -0.013240264253423477 0.00072904320654999018 0.000184720627129153 -0.00046036551519610281 0.0027473250835972521 -0.0018031061927400579 -0.0016160935383910603 0.0010036908400989433 6.3248233717547311e-05 -0.00076874261160406079 0.00054185390240717439 7.7831116885951348e-06 0.00021737970896938691 -0.00067180306199534528 0.0015525767933439888 3.2952405813725545e-05 -0.00085231084103126406 0.00078322259879047475 -0.00066085310613979193 0.00054273442769873918 0.00025551738287926743 -0.0011902520519748092 0.0026608064176189784 0.0013489065990136238 -0.001918181492307938 -0.00031846483356199202 -0.0011784577731038302 0.00051544746222728253 -0.0015793527811624819 0.0012192640968827517
leaf_weight=209 109 214 4765 315 89 572 169 83 4024 804 546 2251 125 61 346 192 537 64 891 155 319 79 55 100 54 232 59 151 343 93
leaf_count=209 109 214 4765 315 89 572 169 83 4024 804 546 2251 125 61 346 192 537 64 891 155 319 79 55 100 54 232 59 151 343 93
internal_value=5.49786e-05 -0.000779253 0.0018439 -0.00276646 0.00158481 -0.00241852 -0.000138874 -0.000271074 0.000733934 -0.00111304 0.000553746 -0.00110205 -0.000794832 0.00474104 0.00589968 0.00478664 -0.00339367 -0.00107143 -0.000353393 0.000473619 -0.00168112 0.000596745 -0.0030095 0.00199367 0.000280749 -0.00458955 0.00269802 -0.00435776 -0.00247449 -0.00418764
internal_weight=18006 12280 5726 2992 5517 2883 9288 9074 4107 1724 920 4967 4566 752 627 538 662 125 3904 2406 1498 552 946 473 373 401 605 1159 587 436
internal_count=18006 12280 5726 2992 5517 2883 9288 9074 4107 1724 920 4967 4566 752 627 538 662 125 3904 2406 1498 552 946 473 373 401 605 1159 587 436
is_linear=0
shrinkage=0.03


Tree=71
num_leaves=31
num_cat=0
split_feature=6 0 0 12 9 12 3 5 9 6 5 6 6 9 12 12 9 3 5 3 12 6 6 3 4 3 11 9 6 5
split_gain=28.2813 13.3819 11.2014 9.9183 7.50992 7.12443 6.22299 5.62498 6.68272 5.17319 9.86619 5.08582 4.92294 4.7765 4.78281 4.68141 4.56656 4.51608 4.93595 4.42342 5.37865 4.58981 4.39378 4.61451 4.33114 4.03699 5.43045 3.87068 3.84257 3.83984
threshold=0.347814212607025 1.008296012518211 12.088336722964014 0.28618474624524021 2.8891714323214512 0.57135230075797783 40.417143838044616 10.38819504767293 -0.47084466425182742 0.55736774627033647 7.904150238058631 0.44100445783652648 -0.30127499833881138 1.5100703432981135 0.68133823150834583 0.57638732920733704 -0.1499822167876271 48.049055856309018 8.0294327875302809 1.2921848462042329 0.57293783579111845 0.46336344992943262 0.17067694445440476 1.1712179839893728 2.4187315589620968 1.9043768779004626 6.5000000000000009 3.0059105443731213 0.16577961532326582 9.5309009703603973
decision_type=2 10 8 2 8 2 10 2 8 2 2 2 2 10 2 2 8 10 2 8 2 2 2 10 10 8 2 8 2 2
left_child=1 12 3 27 6 22 15 24 -9 19 -11 -6 -1 14 28 25 -14 -8 -19 -4 21 -21 -3 -24 -7 26 -5 -2 -10 -25
right_child=2 5 9 4 11 7 17 8 13 10 -12 -13 16 -15 -16 -17 -18 18 -20 20 -22 -23 23 29 -26 -27 -28 -29 -30 -31
leaf_value=0.010963369150426099 -0.011343691977188902 8.2249263635327834e-05 -0.0010719043706721571 0.00083745919531916008 -0.00063992508161624269 0.00029717265439228369 0.00049891440135948985 0.00072030864257288825 0.00026631405012140212 -0.00033632852098356981 -0.0035883666950918816 -0.002818246979774109 0.0040823565964592159 0.00067397379680079366 -0.0010581749246114007 0.00037055739467137721 0.00061903994922012377 0.0016540515581266165 -0.00071614451702641229 0.0010616105666777014 -6.2173574000808706e-05 0.00036558668410219513 -0.00093228709407324568 0.00012375981639104055 -0.00068207831660272984 -0.00094830576800188776 -0.001067748412360902 -0.0048197478754648127 -0.00028273724218161919 -0.00013752613428735571
leaf_weight=81 101 4311 50 166 287 2353 228 42 245 369 95 300 51 106 50 85 1005 48 210 127 588 270 255 1722 45 855 199 53 552 3193
leaf_count=81 101 4311 50 166 287 2353 228 42 245 369 95 300 51 106 50 85 1005 48 210 127 588 270 255 1722 45 855 199 53 552 3193
internal_value=-5.15435e-05 0.00058557 -0.00226562 -0.00348204 -0.00300126 0.000309903 -0.00203404 0.00148939 -0.000406627 -0.00021 -0.00283871 -0.00594388 0.00370387 -0.000927673 -0.00168042 -0.00311256 0.00315043 0.000862423 -0.00185328 0.000970077 0.00141481 0.00410804 -0.000112318 -0.000701992 0.00227595 -0.00358722 -0.000942623 -0.0108387 -0.00110902 -0.000497356
internal_weight=18042 14011 4031 2532 2378 12874 1791 3393 995 1499 464 587 1137 953 847 1305 1056 486 258 1035 985 397 9481 5170 2398 1220 365 154 797 4915
internal_count=18042 14011 4031 2532 2378 12874 1791 3393 995 1499 464 587 1137 953 847 1305 1056 486 258 1035 985 397 9481 5170 2398 1220 365 154 797 4915
is_linear=0
shrinkage=0.03


Tree=72
num_leaves=31
num_cat=0
split_feature=6 6 6 3 5 12 3 5 7 5 3 9 5 7 7 3 12 9 7 5 5 4 11 3 7 5 7 4 6 7
split_gain=27.0064 14.0654 7.88883 7.83907 7.77202 9.44161 8.48237 6.05366 5.47415 5.08203 7.50511 6.02928 4.93842 4.70455 4.78895 5.52913 4.47835 6.54008 6.01482 5.4509 5.73002 5.09358 4.32462 4.39481 5.30806 4.7107 4.22383 6.19163 6.05183 4.07303
threshold=0.15614643298000355 0.42039660041741206 -0.14579579571135201 14.216005556928909 7.4838065296799909 0.26326414241160789 2.7988983132070877 4.2903656061101136 0.29790852892118719 7.4838065296799909 56.620248550398607 0.055676718831322476 3.4175922930736511 0.53424283309266529 0.4345781203557772 3.4571389096504785 0.51319296468983178 0.39497326019682349 0.78617883741491623 8.72037890005919 8.317277736389789 0.071776623885023469 7.5000000000000009 2.6099634676957089 0.48089573529826152 9.6471426348715834 0.58661399486304633 0.93490684233297072 0.68790237325945658 0.81878128211298928
decision_type=2 2 2 8 2 2 10 2 2 2 8 10 2 2 2 10 2 8 2 2 2 10 2 8 2 2 2 10 2 2
left_child=2 7 -1 29 6 -6 12 -2 -7 -5 -11 -12 -3 14 -10 -16 17 18 22 20 -18 -21 23 -9 -25 -26 27 -8 -28 -4
right_child=1 4 3 9 5 8 26 16 13 10 11 -13 -14 -15 15 -17 19 -19 -20 21 -22 -23 -24 24 25 -27 28 -29 -30 -31
leaf_value=0.0034996700653238174 0.0040338719257170443 0.0066973120890158151 0.00014033883628400889 0.004749175756223795 -0.013602964242211159 -0.0017216547440788901 -0.0020844065035804482 0.00031186327003668806 -0.00041954351040335319 0.0011275238876821863 0.0019771871925975621 -0.00048670852685711347 -0.0021085284240949628 -0.00082693582309779673 0.0019116947814402532 -0.00072086291854207222 7.808016487241414e-05 -0.00058379950321122082 -0.0013524472078998903 0.00033914238115100639 0.00068205540898637741 -5.3839826524359897e-05 -0.00028104403951470611 -0.0012875617147164102 0.00093101498868595263 -0.0011141775892998607 0.00044217455623794149 0.0028702276425867064 -0.0030595498575085658 -0.00046879121897129696
leaf_weight=224 69 52 4490 91 76 149 59 729 121 551 49 197 248 1196 52 49 484 1743 101 268 300 5138 793 66 132 92 152 192 53 128
leaf_count=224 69 52 4490 91 76 149 59 729 121 551 49 197 248 1196 52 49 484 1743 101 268 300 5138 793 66 132 92 152 192 53 128
internal_value=-0.000141313 -0.000933009 0.00155994 0.00133466 -0.00299375 -0.00415146 -0.000475561 -0.000434147 -0.00364477 0.00391451 0.0031391 -0.00121457 -0.00438538 -0.00306554 0.000941704 0.00573529 -0.000496598 -0.00132896 -0.000117555 -4.84574e-06 0.00233121 -0.000343999 0.000281302 0.00157353 -0.00154639 0.000666667 0.00210066 0.00470238 -0.00109223 0.000837844
internal_weight=18044 12314 5730 5506 2399 1643 756 9915 1567 888 797 246 300 1418 222 101 9846 3656 1913 6190 784 5406 1812 1019 290 224 456 251 205 4618
internal_count=18044 12314 5730 5506 2399 1643 756 9915 1567 888 797 246 300 1418 222 101 9846 3656 1913 6190 784 5406 1812 1019 290 224 456 251 205 4618
is_linear=0
shrinkage=0.03


Tree=73
num_leaves=31
num_cat=0
split_feature=13 9 0 12 9 13 13 5 4 2 4 2 5 1 12 12 13 2 8 0 2 1 12 2 2 5 12 1 12 9
split_gain=24.5627 11.1812 11.0582 10.5655 10.7575 9.96924 7.58758 6.39586 6.27502 7.41297 7.057 5.56098 7.26475 6.197 5.64424 5.45435 5.39669 5.36167 7.39271 5.33195 6.7831 5.19841 5.10993 4.75406 4.67089 9.54059 7.87569 6.36776 4.67398 4.47089
threshold=0.28227605611218737 -0.47084466425182742 12.088336722964014 0.30634117186043736 3.0059105443731213 0.023916241940842301 0.49005729593036756 7.8543805330358687 0.62820362279664632 0.07462718227239877 0.071776623885023469 0.31406738359228126 8.3576110596727986 0.3345224027051536 0.6590460662888461 0.47265009815178344 0.55736774627033647 0.2224790920300348 0.24662603953183673 4.0546643065648107 0.29337321801560851 0.31785956510314045 0.61841720078885754 0.18836863749148661 0.24996720351379251 8.8135871934143619 0.54882336603643977 0.86890401556817443 0.62349104474402817 0.4359406848644794
decision_type=2 8 8 2 8 2 2 2 8 10 10 10 2 2 2 2 2 8 10 10 10 2 2 10 10 2 2 2 2 10
left_child=1 -1 3 -2 19 17 -4 21 9 10 -7 14 13 -13 24 -14 -9 22 -19 20 -5 -8 -3 -21 27 -26 -27 -10 -29 -16
right_child=2 5 6 4 -6 8 7 16 11 -11 -12 12 15 -15 29 -17 -18 18 -20 23 -22 -23 -24 -25 25 26 -28 28 -30 -31
leaf_value=0.0010342880194219117 -0.0073898193032236664 0.00069938328293068673 0.00022580301633066927 -0.00079795357171557788 -0.0010417490093756377 -0.0013347680716654039 -0.0025496160297985996 -0.00020911735379435998 -0.00012263261669226631 0.00025508073311995865 0.00010072548165057336 0.00072298109067239498 0.002150821809131316 -0.00097943296168654997 -4.0376163382183428e-05 0.0004009297497934655 -0.0039058610846173006 0.0034403696802276845 0.00040461688432750093 -0.0013879744354648095 -8.2162944901081333e-05 0.00032742586346959254 -0.0016578077907247232 0.00021847339417557898 0.00081657832997711084 -0.00085279167496952904 -5.5843023516850826e-06 0.00014011991767676869 -0.00052852297408858152 -0.0020523368516458845
leaf_weight=179 192 764 982 1256 725 97 53 151 2368 2801 151 68 86 146 55 615 90 194 113 47 1593 445 66 562 214 492 355 3212 86 68
leaf_count=179 192 764 982 1256 725 97 53 151 2368 2801 151 68 86 146 55 615 90 194 113 47 1593 445 66 562 214 492 355 3212 86 68
internal_value=4.77314e-05 0.000828456 -0.00150566 -0.0023069 -0.00198972 0.000716616 0.000531359 -0.00176351 0.000435506 0.00158852 -0.00337349 -1.73835e-05 0.00217795 -0.00265116 -0.000310904 0.00365385 -0.00576446 0.00338752 0.00676948 -0.00129228 -0.00183684 0.000180361 0.00212996 0.0012541 -0.000193966 -0.00201977 -0.00344929 0.000148227 0.0010003 -0.00665323
internal_weight=18226 12130 6096 4375 4183 11951 1721 739 10814 3049 248 7765 915 214 6850 701 241 1137 307 3458 2849 498 830 609 6727 1061 847 5666 3298 123
internal_count=18226 12130 6096 4375 4183 11951 1721 739 10814 3049 248 7765 915 214 6850 701 241 1137 307 3458 2849 498 830 609 6727 1061 847 5666 3298 123
is_linear=0
shrinkage=0.03


Tree=74
num_leaves=31
num_cat=0
split_feature=13 12 0 1 5 3 12 7 0 8 12 7 3 5 7 5 7 5 7 7 12 8 3 5 3 7 7 8 12 3
split_gain=23.0138 11.7668 10.4102 7.55729 7.05795 8.114 6.98677 9.0351 7.93078 6.45676 6.40134 6.12538 5.68848 6.06305 5.64714 4.91146 4.8107 4.62171 6.00105 7.13567 10.8322 8.9006 6.89987 5.85629 5.33597 6.81546 5.29578 5.40683 5.25253 5.17306
threshold=0.37332282233807274 0.4224794209665465 0.99335719887016005 3.7975446309618968 6.7929052800254102 3.4571389096504785 0.47815933025075802 0.13918493739625848 1.3996412767246877 -0.10041251417925713 0.61387144290377016 0.49207900493773443 1.2563103603487893 7.4838065296799909 0.77787769925666173 10.056809316559889 0.18911026746998824 10.245142755153182 0.56804622626849643 0.67303860558477013 0.6590460662888461 0.042359409644077778 171.12216606328738 10.49379880230474 1.5018330556330082 0.51005728086648106 0.39771834037867387 0.40560317244702321 0.57864989910631015 188.67139169595785
decision_type=2 2 10 2 2 10 2 2 10 10 2 2 8 2 2 2 2 2 2 2 2 8 10 2 10 2 2 8 2 10
left_child=2 11 9 4 5 -3 -4 -8 12 -1 -11 16 -9 -14 -12 -5 -2 24 26 20 -20 -21 -23 -24 -10 -26 -19 -28 29 -27
right_child=1 3 6 15 -6 -7 7 8 17 10 14 -13 13 -15 -16 -17 -18 18 19 21 -22 22 23 -25 25 28 27 -29 -30 -31
leaf_value=0.0048794276820573745 -0.0045235140644062739 -0.00077220502185490209 -0.00020288375370673751 0.0016121395689282253 -0.00040227567711879436 0.0017260144326783455 -0.00038248742069589195 -3.8058302629575642e-05 -0.00046057844171650236 0.0011392705415638068 0.00059839868573740229 -0.0043245880696425451 0.0028946449407412276 0.00031085895044297417 -0.00063506912928652424 -0.0011947875077375953 0.00072284666593063374 9.1978646835797414e-05 0.00027317669296696243 0.00072104980271300433 -0.00097153805445839188 -0.00055126525217777584 0.00088966305581949254 -0.00045259521039292603 0.00035709156649238488 -0.00022798908138805236 -0.00060501058160074804 0.00057961718267318522 0.00020312175707005677 0.0006323305041623737
leaf_weight=126 57 177 2895 161 2134 150 324 806 341 761 68 513 78 2936 90 48 118 272 760 158 53 623 61 53 937 1403 511 44 1359 51
leaf_count=126 57 177 2895 161 2134 150 324 806 341 761 68 513 78 2936 90 48 118 272 760 158 53 623 61 53 937 1403 511 44 1359 51
internal_value=-5.479e-05 -0.00229533 0.000456801 -0.00139274 -0.00185825 0.00224085 0.000235987 0.000587689 0.000740883 0.0033413 0.00246196 -0.005791 0.00182936 0.00242786 -0.00301887 0.00407143 -0.0009375 0.000113173 -0.000893139 0.000122879 0.00215602 -0.00172433 -0.00310976 0.00365217 0.000736804 0.00106372 -0.00298913 -0.00466727 0.00032516 -0.000927835
internal_weight=18068 3358 14710 2670 2461 327 13665 10770 10446 1045 919 688 3820 3014 158 209 175 6626 2535 1708 813 895 737 114 4091 3750 827 555 2813 1454
internal_count=18068 3358 14710 2670 2461 327 13665 10770 10446 1045 919 688 3820 3014 158 209 175 6626 2535 1708 813 895 737 114 4091 3750 827 555 2813 1454
is_linear=0
shrinkage=0.03


Tree=75
num_leaves=31
num_cat=0
split_feature=13 12 13 9 0 9 13 2 2 7 7 8 4 7 3 8 7 2 9 12 5 5 4 7 4 5 9 2 3 7
split_gain=28.0158 10.4602 10.1001 8.99231 8.82099 9.50758 7.63871 6.51857 6.4636 6.16996 6.63964 5.82737 5.76904 5.59134 12.7523 7.3166 5.46336 6.93414 6.00507 5.92887 6.94326 5.03215 4.95037 5.31608 4.84686 4.80352 4.6967 4.65136 4.62334 8.61206
threshold=0.2898376437242583 0.26326414241160789 -0.30127499833881138 -0.47084466425182742 12.088336722964014 1.9489238613711175 0.14059634456072481 0.297688398356105 0.083530290644605931 0.70132905420285241 0.66203614230920038 -0.085868421738635334 0.94571052938434852 0.65735121373965322 15.132041929039275 0.067807999820216375 0.2719607729708497 0.42754471765929231 0.65764837475766769 0.43443355015762464 8.9273141022540941 6.4401484558665105 0.6964861359452128 0.13376981943674532 2.2624826398459805 10.951560642843718 0.41773989421994434 0.25444923507561595 13.993980037563484 0.76423215366231501
decision_type=2 2 2 8 8 8 2 10 8 2 2 8 10 2 10 10 2 10 10 2 2 2 8 2 10 2 10 10 8 2
left_child=2 21 -1 -4 5 11 8 22 9 10 12 -3 -5 -13 15 -15 19 18 28 -10 -21 -2 -8 -24 26 -20 -9 -6 29 -18
right_child=1 4 3 6 27 -7 7 24 16 -11 -12 13 -14 14 -16 -17 17 -19 25 20 -22 -23 23 -25 -26 -27 -28 -29 -30 -31
leaf_value=0.010275813434444597 -0.0029921134777665193 0.0014459001542740659 0.00081407020882845427 -0.00041948620321830454 0.0005457775960493917 -0.001016441468838801 9.7189445750622957e-05 0.00080283655576109353 0.00075005647915128682 -0.001485960688143245 0.0015814593687199002 -5.540407794534713e-05 0.00039700984226695121 0.0001114439554494806 -7.8877976237357037e-06 -0.0022347224373531023 0.00026668382429370511 -0.0041116399662084182 0.00092129692628649526 0.00080185650612208152 -0.000553221856463037 -0.011889788123437411 -0.0013763192386425339 -0.00010851038314878964 -0.00068593527845270451 -0.00073876116174702918 0.00016394322145040725 -7.8734540522124301e-05 0.0010854807725338902 -0.0004579181537762743
leaf_weight=75 102 41 183 375 386 1006 1890 340 83 122 59 1823 307 103 575 455 1970 44 829 46 237 98 98 4077 123 64 631 1271 454 201
leaf_count=75 102 41 183 375 386 1006 1890 340 83 122 59 1823 307 103 575 455 1970 44 829 46 237 98 98 4077 123 64 631 1271 454 201
internal_value=-7.63739e-05 -0.00178127 0.000742076 0.000673727 -0.00154213 -0.00230395 0.000572337 -4.81844e-05 0.00149937 -0.000850694 0.000181941 -0.00145597 -0.000658858 -0.00161312 -0.0032672 -0.00649374 0.00201578 0.0023744 0.00252344 -0.00147139 -0.00353873 -0.00850746 -0.00043274 -0.00100934 0.00208219 0.00464765 0.00279321 0.000298552 0.00179931 0.00122238
internal_weight=18068 5860 12208 12133 5660 4003 11950 7159 4791 863 741 2997 682 2956 1133 558 3928 3562 3518 366 283 200 6065 4175 1094 893 971 1657 2625 2171
internal_count=18068 5860 12208 12133 5660 4003 11950 7159 4791 863 741 2997 682 2956 1133 558 3928 3562 3518 366 283 200 6065 4175 1094 893 971 1657 2625 2171
is_linear=0
shrinkage=0.03


Tree=76
num_leaves=31
num_cat=0
split_feature=6 12 0 12 7 7 5 12 7 8 5 4 3 3 7 3 7 3 12 6 5 7 3 7 7 4 0 12 7 7
split_gain=21.8687 9.83917 9.76275 7.05694 6.6461 6.53582 7.77257 5.90166 8.1537 5.65592 6.26506 7.65628 7.32971 7.25563 8.05007 8.5374 7.32586 5.78035 5.00488 6.10737 6.48297 10.45 5.04664 5.01248 4.91737 4.90652 4.89609 4.88304 4.69194 6.79298
threshold=0.26387075255632558 0.28618474624524021 0.9817526529804258 0.56114672175123281 0.56804622626849643 0.2719607729708497 10.799106078932304 0.46091639781348365 0.22743188815460028 0.43086896720702866 7.4838065296799909 0.57463261756806305 74.251581550950903 39.732221731236031 0.64071780713400617 3.2825134445769262 0.2409652070002585 175.13519211441798 0.43977942194547304 0.12285973275333185 9.5704244974356687 0.87094742634905298 1.1292722768876813 0.36876328421032339 0.49907338930864509 2.0673716404967601 1.4561721383797346 0.48364410928132068 0.77519159974199481 0.62249340219928873
decision_type=2 2 8 2 2 2 2 2 2 10 2 8 8 10 2 10 2 10 2 2 2 2 8 2 2 8 10 2 2 2
left_child=2 4 28 9 -2 6 7 8 -4 10 11 -3 13 14 15 16 -12 -14 23 22 21 25 -20 -7 -5 27 -13 -21 29 -1
right_child=1 3 5 24 -6 18 -8 -9 -10 -11 12 26 17 -15 -16 -17 -18 -19 19 20 -22 -23 -24 -25 -26 -27 -28 -29 -30 -31
leaf_value=0.00095122858991987546 -0.0013045963518761572 -0.001647705960355568 0.0004956702806261738 0.00035674407498003101 -0.0090963562982059754 -0.0011347025057636541 0.00074291119403647543 -0.0003902620547929221 -0.0008215239597887269 -0.00087029405500082765 -0.0020887147134670461 0.00064592735670528751 -0.0021540164192019474 0.00025581683081299942 -0.00096222960967203485 -0.00085772605175595592 0.00020477478804616894 -0.0001524649302881187 -0.0001725313164118191 -0.00016002393183182321 -1.2009219562970074e-05 -0.00041472116348445531 0.00037624820140861291 -0.00020678486114348232 -4.5390652117117817e-05 -0.00037797812359045781 0.0014601244765829777 0.00069165276515643123 -0.00046926893323040155 0.0030898079327918372
leaf_weight=409 106 91 336 410 133 60 47 711 92 887 108 197 157 418 834 355 965 130 228 291 4169 73 2292 620 1795 188 114 1431 88 251
leaf_count=409 106 91 336 410 133 60 47 711 92 887 108 197 157 418 834 355 965 130 228 291 4169 73 2292 620 1795 188 114 1431 88 251
internal_value=1.00072e-05 -0.00134756 0.000815983 -0.00112581 -0.0073125 0.0005807 -0.00151643 -0.00201316 0.000769231 -0.00183932 -0.00127745 0.00223325 -0.00175371 -0.00126445 -0.00193548 -0.00056683 0.000768156 -0.00630208 0.000846787 0.00104116 0.000531448 0.00194304 0.00228481 -0.00162996 0.000251587 0.00237049 0.00447115 0.0028729 0.0041255 0.00499244
internal_weight=17986 6700 11286 6461 239 10538 1186 1139 428 4256 3369 402 2967 2680 2262 1428 1073 287 9352 8672 6152 1983 2520 680 2205 1910 311 1722 748 660
internal_count=17986 6700 11286 6461 239 10538 1186 1139 428 4256 3369 402 2967 2680 2262 1428 1073 287 9352 8672 6152 1983 2520 680 2205 1910 311 1722 748 660
is_linear=0
shrinkage=0.03


Tree=77
num_leaves=31
num_cat=0
split_feature=6 6 6 3 3 2 5 3 5 2 0 6 6 3 3 2 8 7 3 0 7 8 3 2 5 1 8 7 6 8
split_gain=25.2598 11.8007 8.36292 8.25553 7.32296 9.00499 8.61485 14.4699 7.0839 6.64844 6.27962 5.69844 5.31768 5.29784 5.32003 5.25928 5.97081 5.41171 4.95 5.44891 5.74181 4.81922 4.80221 4.683 4.59648 7.08823 5.64378 4.51984 6.79406 7.40789
threshold=0.20065251746842819 0.50162674682505914 -0.30127499833881138 1.1811160425797136 9.3388539229413485 0.4105720164778649 8.5808250472585055 56.620248550398607 7.6953027209879155 0.17659535324607245 17.33880840275263 0.73051106138180832 0.39299729017809254 74.251581550950903 40.417143838044616 0.32242930240899453 0.20766406772531118 0.19736350306681269 2.7988983132070877 41.491666666666674 0.41318094537965938 0.69403449223912961 1.9707666576535705 0.33171452816483177 6.5631498101129244 0.9130090231287874 0.25321485552366063 0.67461854720057357 0.32389059254018632 0.43086896720702866
decision_type=2 2 2 10 8 10 2 8 2 10 8 2 2 10 10 8 10 2 10 10 2 10 10 10 2 2 10 2 2 10
left_child=2 3 -1 -2 -4 6 -6 9 18 -8 12 -10 15 14 -14 17 22 -5 21 20 -20 -3 -17 -18 -12 -26 -27 -19 29 -29
right_child=1 8 4 10 5 -7 7 -9 11 -11 24 -13 13 -15 -16 16 23 27 19 -21 -22 -23 -24 -25 25 26 -28 28 -30 -31
leaf_value=0.0090976729498327535 -0.0017072362452810489 -0.0012944797422779466 8.9317723990459298e-05 -0.0012902785942045581 0.0024461472323088168 -0.000914514386065726 -0.00048079917092993597 -0.00053386049426688647 -0.0013227131740086643 0.0007311583343205762 0.0025009649561267169 -0.011113640085403482 -0.00068435887722735134 -0.0013582919353147219 0.00027175408979086059 0.0017484114449544729 0.00067206898460044746 6.7636249429543766e-06 0.0032702481812018191 0.0021331076693585408 -0.00074493016174988235 -0.0065719851163865868 0.0002565272772017353 -0.00031832105564099598 -0.00020244493734714207 0.00011343402934579721 0.001020111567788768 -3.7683659637885863e-05 -0.001430206187462618 -0.0018645112563837312
leaf_weight=71 190 179 6376 188 354 79 74 265 514 984 140 87 736 217 236 68 78 2881 86 68 228 51 762 674 317 419 121 1281 280 91
leaf_count=71 190 179 6376 188 354 79 74 265 514 984 140 87 736 217 236 68 78 2881 86 68 228 51 762 674 317 419 121 1281 280 91
internal_value=4.7248e-05 -0.000973416 0.00127804 -0.000585829 0.00118775 0.00290268 0.00337008 0.00225453 -0.00374382 0.00382436 -0.000446996 -0.00605482 -0.000744695 -0.00258403 -0.00163412 -0.000397367 0.00109918 -0.000898983 -0.00146819 0.000626632 -0.00104762 -0.00493506 0.00285199 -0.000836653 0.00178858 0.000961538 0.00304991 -0.000691442 -0.00194192 -0.00107065
internal_weight=18095 9892 8203 8679 8132 1756 1677 1323 1213 1058 8489 601 7492 1189 972 6303 1582 4721 612 382 314 230 830 752 997 857 540 4533 1652 1372
internal_count=18095 9892 8203 8679 8132 1756 1677 1323 1213 1058 8489 601 7492 1189 972 6303 1582 4721 612 382 314 230 830 752 997 857 540 4533 1652 1372
is_linear=0
shrinkage=0.03


Tree=78
num_leaves=31
num_cat=0
split_feature=6 6 12 7 5 8 0 0 0 7 7 0 5 7 5 8 12 5 5 5 7 8 12 0 0 0 12 5 7 7
split_gain=16.855 12.499 8.59358 8.38624 8.22926 9.57609 11.9608 7.57884 7.37755 7.15787 6.47163 6.302 5.90649 5.63564 10.1717 8.32049 6.0466 5.60902 5.96201 7.55017 9.70129 5.12778 4.90697 5.09389 4.8685 4.86608 5.13614 5.89141 7.62411 5.66304
threshold=0.1974769639503631 1.3470250903552214 0.55837517705599926 0.67461854720057357 9.5309009703603973 0.41962054529223752 2.2959453946043915 1.0519236542288883 5.4482929457209348 0.13918493739625848 0.810281753857795 2.7199001663893516 10.873138934894977 0.68787070502323167 10.046440051606201 0.19727562958303144 0.51905515258422652 10.892954393770671 9.0154805366384156 8.272698306037654 0.70766270212223226 0.057897231563806086 0.54795652986944676 0.79310647065497053 3.1410115212441139 2.5681883766995477 0.58555519459939165 11.061994781378695 0.6207367381258112 0.50245940797608235
decision_type=2 2 2 2 2 8 8 10 10 2 2 10 2 2 2 10 2 2 2 2 2 10 2 8 8 8 2 2 2 2
left_child=7 2 3 11 5 -5 -7 22 -8 -9 13 -2 -13 14 16 17 -11 18 19 -15 -21 -19 23 -1 -4 26 27 -16 -29 -28
right_child=1 -3 24 4 -6 6 8 9 -10 10 -12 12 -14 15 25 -17 -18 21 -20 20 -22 -23 -24 -25 -26 -27 29 28 -30 -31
leaf_value=0.0063290626797995247 3.5251449857581774e-07 -0.016086103744229207 -0.00010972238880172617 0.00018182591887684423 -0.00085348111678650973 -0.0024489528767632951 0.00070069598653003647 -0.00027703131851750215 -0.0045151005487010639 9.7839219595092283e-05 -0.00030925152025356036 -0.00069181504458070526 0.0013935778539214793 0.0027187932410101421 -0.0002095755499356621 -6.8869304182840002e-05 0.00052751221512175174 0.0008219333694891094 0.00095339693296800647 0.0015768632931278911 -0.0010026493514812428 -0.0013793153170957027 0.0019390316803180401 0.00038722986375944689 0.00013025405244801406 -0.00081458694377909899 0.0011249356909649329 0.00031131720970441695 -0.00048480602503362931 0.00012149421892697896
leaf_weight=68 3318 76 1443 775 937 252 201 276 56 1260 354 820 59 67 1531 543 1076 46 649 48 100 69 296 1019 2112 41 44 220 94 262
leaf_count=68 3318 76 1443 775 937 252 201 276 56 1260 354 820 59 67 1531 543 1076 46 649 48 100 69 296 1019 2112 41 44 220 94 262
internal_value=3.31254e-06 -0.000816418 -0.000723381 -0.00137872 -0.00286904 -0.00130739 -0.0045 0.00102493 5.81395e-05 0.000606197 0.000810304 -0.000589566 -0.00284659 0.00104115 0.000510046 0.00261983 0.00188703 0.00427041 0.00509827 0.000763889 -0.00302013 -0.00193966 0.00304552 0.00210938 0.000459786 -0.000957592 -0.000759758 -0.00135699 0.00238095 0.00283388
internal_weight=18112 10049 9973 6418 2221 1284 509 8063 257 6680 6404 4197 879 6050 4528 1522 2336 979 864 215 148 115 1383 1087 3555 2192 2151 1845 314 306
internal_count=18112 10049 9973 6418 2221 1284 509 8063 257 6680 6404 4197 879 6050 4528 1522 2336 979 864 215 148 115 1383 1087 3555 2192 2151 1845 314 306
is_linear=0
shrinkage=0.03


Tree=79
num_leaves=31
num_cat=0
split_feature=6 9 12 6 3 5 9 0 2 12 9 3 0 0 5 3 2 8 5 5 5 3 8 5 12 12 5 3 3 12
split_gain=18.0088 11.0646 9.85132 8.72713 7.93347 6.68365 6.05983 6.14271 5.94717 6.04971 5.77432 5.74468 6.19657 5.59734 8.80541 5.5112 5.30753 5.29795 5.16572 8.17055 7.31724 7.07622 5.20322 5.14673 5.11494 4.98151 4.85663 4.81953 6.00464 4.65695
threshold=0.27443288607412325 -0.47084466425182742 0.30634117186043736 0.070954836346015085 2.4887580128611586 7.4838065296799909 1.9489238613711175 1.7157622911403807 0.083530290644605931 0.4754179241400382 3.0059105443731213 56.620248550398607 4.771420756644738 1.8658962864172144 10.54643294797218 171.12216606328738 0.1662556550719686 -0.085868421738635334 10.036772039442626 11.061994781378695 8.9095730576946011 1.7568505114164972 0.20431197775008483 11.406692333481983 0.46220810266113799 0.58749823595822759 9.666308460248727 74.251581550950903 3.0008075478891487 0.56418272194950858
decision_type=2 8 2 2 8 2 10 8 10 2 8 8 8 10 2 10 10 8 2 2 2 10 8 2 2 2 2 10 10 2
left_child=1 -1 10 8 18 24 7 -4 9 26 -2 12 16 -13 -15 27 -7 -9 20 21 -5 -20 -23 -18 -6 29 -3 28 -8 -21
right_child=2 3 6 4 5 11 15 17 -10 -11 -12 13 -14 14 -16 -17 23 -19 19 25 -22 22 -24 -25 -26 -27 -28 -29 -30 -31
leaf_value=0.0008962904559464683 -0.0087802476028941579 -0.00026796896316715052 -0.00065509745949211308 -0.00047728777764574349 -0.00027706890218331042 -0.00057969009140044852 -0.0020148611791022089 0.0016347679974530261 0.00062666092170808498 -0.00043046602107644897 -0.0028019112996100796 -0.00047079857393790043 -0.001006180955129073 0.00046173390022610881 -0.00058938168560183381 5.7393712496005552e-05 0.00033968361186591305 -3.8907794226805469e-05 -0.00017326555569311587 0.00022894789908055923 0.00015977010237710801 -0.00088511388889000618 -7.510550637046591e-05 -0.00073900561747876879 0.0028870002652478027 -0.00074069621527878774 0.00096449409470288734 -0.0015362722845335061 -0.00031883055531553502 0.00081168622731698158
leaf_weight=172 126 187 653 615 49 91 174 50 1508 250 160 445 42 219 52 287 2667 4113 1967 389 2299 253 116 66 93 42 205 228 558 45
leaf_count=172 126 187 653 615 49 91 174 50 1508 250 160 445 42 219 52 287 2667 4113 1967 389 2299 253 116 66 93 42 205 228 558 45
internal_value=-7.53228e-05 0.000619213 -0.00136299 0.000506853 0.000114274 0.00119195 -0.00110571 -0.000622794 0.00223152 -0.000186625 -0.00679443 0.000937762 0.00153819 -0.00146444 0.00193015 -0.00296875 0.00170973 -0.000198127 -0.000586695 -0.00150373 0.000298456 -0.00223363 -0.00604054 0.0019477 0.00755245 0.00207547 0.0021374 -0.00405827 -0.00286494 0.00303448
internal_weight=18121 11772 6349 11600 9450 3724 6063 4816 2150 642 286 3582 2866 716 271 1247 2824 4163 5726 2812 2914 2336 369 2733 142 476 392 960 732 434
internal_count=18121 11772 6349 11600 9450 3724 6063 4816 2150 642 286 3582 2866 716 271 1247 2824 4163 5726 2812 2914 2336 369 2733 142 476 392 960 732 434
is_linear=0
shrinkage=0.03


Tree=80
num_leaves=31
num_cat=0
split_feature=6 0 6 9 0 9 0 3 8 2 3 0 7 5 2 5 7 7 3 0 9 6 4 5 7 2 6 5 0 7
split_gain=22.202 8.86054 8.81307 6.9825 6.58532 6.55612 6.2484 5.81269 6.04275 6.94737 9.57095 6.85955 6.6425 8.62136 6.82737 5.79269 6.53947 8.13094 5.16948 4.892 4.81051 5.16004 4.54245 4.50361 4.4056 4.87758 4.37667 6.68614 4.33739 4.31584
threshold=0.30011135839598074 0.96956260708859066 1.1488037409601473 -0.85576102661335829 14.460763522741866 1.9489238613711175 1.7525048559360752 2.3663689654504005 -0.27981799337958924 0.20621746665969345 1.5018330556330082 2.0279331140350885 0.60692264939386853 11.061994781378695 0.19907341737312276 8.8334627100951071 0.77787769925666173 0.72061029328781434 24.698402535694019 1.1486965180398092 0.67951674966227549 0.16346981927806062 0.30808332261209964 10.833020220463881 0.59699370247786876 0.15637091287415425 0.55736774627033647 8.1749844932907632 1.6891677311535338 0.71552973156683619
decision_type=2 8 2 8 8 8 10 8 10 10 10 10 2 2 10 2 2 2 10 10 8 2 8 2 2 10 2 2 10 2
left_child=1 18 4 -3 5 6 -2 8 -5 10 12 24 13 14 20 -9 17 22 -1 -15 -10 -22 -17 -19 -12 -26 -6 -28 -25 -7
right_child=2 3 -4 7 26 29 -8 15 9 -11 11 -13 -14 19 -16 16 -18 23 -20 -21 21 -23 -24 28 25 -27 27 -29 -30 -31
leaf_value=0.000944354053858662 -0.0009611991600484177 0.0016785676595827161 -0.0089708390571051934 0.0010322327149988374 0.00010083886827804784 -0.0012219156330353493 -0.00012488187277015839 0.00068138041465291344 -0.00019671274836071187 -0.00026342339435851317 0.00042420879854216732 -0.00079586737972452061 0.00016106822191881145 0.0012756129288672257 0.00072889997152774852 0.00088013664705909869 -0.00018870063165664814 0.00068991778104126331 0.0038291516255826922 0.00013672650286066253 -0.00047619429489794557 -0.0017511639211247134 -1.3152134474703724e-05 0.00084300180816693682 0.00053278262951050024 -0.000196452958668873 -0.00022995692057586336 -0.0032171802648838671 -0.00068427327087742314 -0.00029601323357309844
leaf_weight=582 476 55 133 140 1166 641 2261 1104 1764 1641 678 78 1613 43 88 253 657 554 108 154 198 106 2242 50 241 267 283 70 44 376
leaf_count=582 476 55 133 140 1166 641 2261 1104 1764 1641 678 78 1613 43 88 253 657 554 108 154 198 106 2242 50 241 267 283 70 44 376
internal_value=-8.30243e-05 0.000604218 -0.00169225 0.000413499 -0.00149886 -0.0021731 -0.00140796 0.000363797 -0.000190388 -0.000316502 0.000217932 0.00249012 -0.00050668 -0.00152294 -0.00207232 0.00115596 0.000599842 0.00116889 0.00390738 0.0044697 -0.00242146 -0.00590164 0.000390625 0.00416025 0.00305813 0.000943026 0.000167763 -0.00275424 -0.00189474 -0.00422888
internal_weight=18066 12660 5406 11970 5273 3754 2737 11915 7011 6871 5230 1264 3966 2353 2156 4904 3800 3143 690 197 2068 304 2495 648 1186 508 1519 353 94 1017
internal_count=18066 12660 5406 11970 5273 3754 2737 11915 7011 6871 5230 1264 3966 2353 2156 4904 3800 3143 690 197 2068 304 2495 648 1186 508 1519 353 94 1017
is_linear=0
shrinkage=0.03


Tree=81
num_leaves=31
num_cat=0
split_feature=6 9 6 0 7 3 3 0 8 4 3 4 7 5 8 3 9 9 7 8 7 4 7 7 7 9 8 5 0 5
split_gain=16.5422 11.1452 10.6049 8.22024 8.41653 7.69187 7.06199 6.82905 6.36122 5.85849 7.15829 6.05332 5.81122 5.42948 5.16185 5.00129 4.78237 4.73728 5.15126 9.94363 5.15054 5.32344 4.46564 6.81879 7.04877 6.309 4.31443 4.70554 4.14583 4.07756
threshold=0.28227605611218737 -0.47084466425182742 1.3470250903552214 21.534172661870507 0.64894719196263617 2.156018903829755 74.251581550950903 0.9817526529804258 0.067807999820216375 0.66550285864297742 1.1292722768876813 0.057482589116035286 0.29790852892118719 10.570585888656725 0.22408335823166725 166.63281552584547 0.99848436587174783 3.3034920232331162 0.77519159974199481 -0.085868421738635334 0.2719607729708497 2.6910299299146012 0.7808545292460467 0.65437992183324611 0.70132905420285241 0.65764837475766769 0.25089445584337439 8.1225195452981414 2.3439732576560401 3.4175922930736511
decision_type=2 8 2 8 2 8 8 8 8 10 8 10 2 2 10 10 10 10 2 10 2 10 2 2 2 10 8 2 10 2
left_child=1 -1 3 4 6 8 12 22 -6 10 11 -9 14 -12 -2 -8 -15 18 20 -20 -11 -22 23 -3 -25 -26 27 -7 -16 -5
right_child=2 7 -4 29 5 26 15 9 -10 17 13 -13 -14 16 28 -17 -18 -19 19 -21 21 -23 -24 24 25 -27 -28 -29 -30 -31
leaf_value=0.001008067159959189 0.00022364073000967017 0.00048502441214291037 -0.016057509087241812 0.0049988538940141025 0.00064092839657535559 0.001440532437872482 -0.0022133199469046069 -0.00079857077152153499 -0.0021657263032588115 -0.00024116234030255922 0.00037925533742555928 1.0239861349057915e-05 6.8766353391598305e-05 -0.00012179487501285755 -0.0004823033507555385 -5.1954544277935805e-06 0.00052915890117093557 0.0008971583373023216 0.0014542298914181143 -0.00031718757499108087 5.5209621971029143e-05 -0.0007073267015351365 -0.00084607841121437635 0.0033100705577673258 -0.00045492765988722775 0.0040329652500342107 -0.0007188645177882482 -0.00018380281101649609 -0.0024614879810078857 3.3810617326607418e-05
leaf_weight=187 134 407 71 116 50 40 146 110 341 943 2190 258 1942 654 165 90 59 150 41 781 5758 109 68 108 85 54 986 560 96 1421
leaf_count=187 134 407 71 116 50 40 146 110 341 943 2190 258 1942 654 165 90 59 150 41 781 5758 109 68 108 85 54 986 560 96 1421
internal_value=1.65554e-06 0.00065201 -0.00126157 -0.00112599 -0.00176664 -0.00323812 -0.000635198 0.00053626 -0.00700255 0.000351456 0.00141656 -0.00252033 -0.000134731 0.00191632 -0.00344697 -0.00556962 -0.000357143 -9.63639e-05 -0.000200445 -0.00244228 7.04742e-05 0.000401329 0.003361 0.00412214 0.00804435 0.00353571 -0.00230624 -0.000299501 -0.00589695 0.000770481
internal_weight=18120 11962 6158 6087 4550 1977 2573 11775 391 11053 3271 368 2337 2903 395 236 713 7782 7632 822 6810 5867 722 654 247 139 1586 600 261 1537
internal_count=18120 11962 6158 6087 4550 1977 2573 11775 391 11053 3271 368 2337 2903 395 236 713 7782 7632 822 6810 5867 722 654 247 139 1586 600 261 1537
is_linear=0
shrinkage=0.03


Tree=82
num_leaves=31
num_cat=0
split_feature=0 12 8 12 0 3 12 5 12 2 9 5 5 1 5 8 9 3 7 7 5 7 5 3 3 3 3 5 8 12
split_gain=12.9726 12.4171 8.82766 7.66668 7.52727 7.38005 7.25274 7.00516 7.78251 8.16606 7.49161 7.76079 6.80623 6.42649 5.61245 5.55749 6.13037 5.4166 5.0313 5.21394 5.58732 4.82685 4.70198 4.10904 5.30756 5.08917 4.28256 4.21248 3.85463 3.8341
threshold=1.4053019619473526 0.32195612057937478 0.45021394174070833 0.51740441851768948 0.84684898618035198 1.280116775655183 0.51669348469385146 7.1963113371376508 0.61262462944290752 0.40822338709052741 -0.47084466425182742 10.740042196156226 9.9415296865331175 -0.97754977060183779 3.4175922930736511 0.2877578702234716 -0.24962217020660735 15.132041929039275 0.77200215277661466 0.53250011399373254 10.38819504767293 0.78617883741491623 6.2275238364393255 448.24065465749601 118.03109145649019 6.6892518850952323 1.5742353005653273 8.5525602607167706 -0.10041251417925713 0.51191225766559378
decision_type=10 2 10 2 8 8 2 2 2 8 8 2 2 2 2 10 8 10 2 2 2 2 2 10 10 10 10 2 8 2
left_child=3 22 7 4 -1 -5 -4 17 9 12 -10 -12 15 -7 -15 16 -9 -3 19 20 -16 -8 -2 24 25 26 -20 -27 -14 -17
right_child=1 2 6 5 -6 13 21 8 10 -11 11 -13 28 14 18 29 -18 -19 23 -21 -22 -23 -24 -25 -26 27 -28 -29 -30 -31
leaf_value=0.0044325011472863872 -0.0018436102341438964 -9.4148727480627314e-05 -0.0016482096855798449 -5.3965391531492628e-05 -1.7263834273268177e-06 0.0014636683531582221 0.00014749570426538051 -0.00058303034882048054 0.00077142708409170179 -0.00076683619404359338 0.00027217484804233658 -0.00061496463482363947 0.0012649262792577263 0.011557396429813587 0.00049394779208490906 -0.00090601323227043487 0.00020024741412690477 0.0028723014381855619 0.00067681323375651963 0.00051716060212667926 -0.00026573684978880712 -0.0011658715537482621 -0.0087037768759937861 0.00079702985077515962 -0.00043645154753930315 -0.00010350425877168307 -0.00075874236503484021 0.00098536521723847133 -0.000186755004824116 -1.3102040957743699e-06
leaf_weight=105 66 72 499 650 4626 151 337 196 76 621 969 169 49 57 464 330 2529 95 51 1264 157 72 123 46 102 63 76 97 3489 496
leaf_count=105 66 72 499 650 4626 151 337 196 76 621 969 169 49 57 464 330 2529 95 51 1264 157 72 123 46 102 63 76 97 3489 496
internal_value=1.57476e-05 -0.000691923 -0.0005475 0.000927307 0.000161665 0.00206669 -0.00336634 -0.000265618 -0.000379832 -0.000731423 0.00185185 0.00123793 -0.000442172 0.00279953 0.0024159 0.000485642 0.00113903 0.00580357 0.0021844 0.00285525 0.000602894 -0.000402439 -0.00828947 -0.000722477 -0.00173077 0.000364583 -0.00410156 0.00391304 -0.00137327 -0.00166868
internal_weight=18097 10188 9999 7909 4731 3178 908 9091 8924 7710 1214 1138 7089 2528 2377 3551 2725 167 2320 1885 621 409 189 435 389 287 127 160 3538 826
internal_count=18097 10188 9999 7909 4731 3178 908 9091 8924 7710 1214 1138 7089 2528 2377 3551 2725 167 2320 1885 621 409 189 435 389 287 127 160 3538 826
is_linear=0
shrinkage=0.03


Tree=83
num_leaves=31
num_cat=0
split_feature=6 9 6 6 5 3 3 4 3 12 5 12 7 12 7 7 7 3 5 7 7 0 3 7 7 9 0 0 7 9
split_gain=16.9191 8.29804 7.81911 7.80227 8.2785 7.23965 6.69124 5.86719 7.08405 5.76068 5.42754 7.52959 7.06879 7.14077 7.77471 6.25424 6.05715 5.87918 9.24348 4.69894 4.96002 7.03198 4.90722 4.71521 4.68412 4.52295 4.50844 4.3981 6.15232 4.38176
threshold=0.37332282233807274 -0.85576102661335829 0.023916241940842301 1.3470250903552214 8.0294327875302809 23.807097851762688 3.0008075478891487 0.67472174065883839 1.5484818877985584 0.30634117186043736 8.72037890005919 0.66493620683204269 0.77519159974199481 0.61013058180236046 0.6207367381258112 0.13376981943674532 0.59050645879917962 175.13519211441798 9.5075147434021883 0.29790852892118719 0.64720718351757334 1812.5000000000002 74.251581550950903 0.62549956056294265 0.47274543456275669 0.10131654049458705 41.491666666666674 1.1826972830080438 0.84979219657299832 0.43085563230008223
decision_type=2 8 2 2 2 10 10 10 10 2 2 2 2 2 2 2 2 10 2 2 2 8 10 2 2 10 10 10 2 8
left_child=2 -2 5 4 6 -1 27 8 -4 -6 -9 12 13 15 16 -12 -15 -14 -19 -11 22 25 23 -21 -10 -22 -8 28 -3 -25
right_child=1 3 7 -5 9 -7 26 10 24 19 11 -13 17 14 -16 -17 -18 18 -20 20 21 -23 -24 29 -26 -27 -28 -29 -30 -31
leaf_value=0.00044274690720873185 0.0012532889472920417 -0.00056555836318327205 -4.7529102503765484e-05 -0.015697978826333434 -0.0079441550843326169 0.0030228168674599435 0.00025531651457257748 0.00027473667495009677 0.00065994866791842602 -0.0011211856494117442 -0.00046072970882424556 -0.0010809409910312459 -0.00034471095056628039 0.00036816847688928472 0.00053230115768849876 -1.6200102515317864e-05 -0.00061649396844524204 -0.00062573087236576113 0.00029807839414243913 -7.2972238210475127e-05 -0.0016565526937477001 0.00010642467632243635 -0.0011288001830863294 -0.00096790170849410427 0.00017615217026996469 -0.00068511446685824977 0.0023559695361878006 -0.0031830020322047227 0.012804929707781748 0.0020089452058939493
leaf_weight=991 42 184 1538 71 45 168 489 1290 561 203 280 114 678 200 280 6523 62 51 160 588 207 187 189 40 1804 782 99 133 43 83
leaf_count=991 42 184 1538 71 45 168 489 1290 561 203 280 114 678 200 280 6523 62 51 160 588 207 187 189 40 1804 782 99 133 43 83
internal_value=-2.40518e-05 -0.00193591 0.000416298 -0.00210377 -0.00188818 0.00278017 0.000474183 0.000213779 0.00119493 -0.00285161 -0.000183629 -0.000463529 -0.000357013 -5.10482e-05 0.00325967 -0.000315256 -0.000456274 -0.00288202 0.00148585 -0.00263816 -0.00220992 -0.00349193 -0.000532741 0.000610955 0.00222527 -0.0045 0.00244482 -0.00274238 -0.000197368 0.00592742
internal_weight=18085 3385 14700 3343 3272 1159 948 13541 3903 2324 9638 8348 8234 7345 542 6803 262 889 211 2279 2076 1176 900 711 2365 989 588 360 227 123
internal_count=18085 3385 14700 3343 3272 1159 948 13541 3903 2324 9638 8348 8234 7345 542 6803 262 889 211 2279 2076 1176 900 711 2365 989 588 360 227 123
is_linear=0
shrinkage=0.03


Tree=84
num_leaves=31
num_cat=0
split_feature=6 12 9 6 0 9 7 3 8 3 5 9 6 5 5 7 12 7 1 7 12 8 5 7 9 5 7 3 12 8
split_gain=16.1823 10.1599 8.30524 7.37167 6.82479 8.2896 8.16397 11.6176 7.81665 6.48237 6.79793 5.97929 5.87473 7.54591 6.77613 6.00877 8.68106 5.86846 5.66955 5.55462 5.42348 5.80639 5.30351 5.26163 7.71012 6.28345 5.24736 6.17325 6.36041 5.99814
threshold=0.2898376437242583 0.26326414241160789 -0.47084466425182742 -0.30127499833881138 21.534172661870507 2.3364166929370431 0.65902869219081783 15.132041929039275 0.067807999820216375 2.4887580128611586 8.72037890005919 3.0059105443731213 0.059763654134806117 9.8464408915525699 9.3549600578419625 0.77787769925666173 0.68133823150834583 0.72061029328781434 1.2233152433490444 0.71742951305420843 0.62156833329163497 -1.0000000180025095e-35 10.850132886235812 0.68084063207149981 0.08503552902451067 9.3814324326142415 0.4894031899363272 86.871217950292163 0.60000737844019791 0.059740579278258037
decision_type=2 2 8 2 8 8 2 10 10 10 2 8 2 2 2 2 2 2 2 2 2 10 2 2 10 2 2 10 2 8
left_child=2 11 -1 -4 5 6 -3 8 -8 20 -11 -2 13 14 -12 16 17 23 -6 -7 -5 -22 -19 26 -25 -26 29 28 -28 -14
right_child=1 4 3 9 18 19 7 -9 -10 10 12 -13 15 -15 -16 -17 -18 22 -20 -21 21 -23 -24 24 25 -27 27 -29 -30 -31
leaf_value=0.00070240285234298805 -0.010529439695602846 3.9194515545411325e-05 0.0084356751878360003 1.3839129134745956e-05 -0.00015918792524683125 -0.0013013849772760685 0.00017342320070168961 1.1729456772886781e-05 -0.0019809645338197423 0.00091766100068395664 0.00074102416691452578 -0.00210373371074249 -0.0014884348238351462 0.0022645446979564264 -0.0020294541232812337 -0.00018366000777515808 -0.00099483707149310629 0.00074109059473970857 0.00030282534901055592 -0.00018912325798411093 0.0004393032140159155 -0.0016189484708327446 -0.00021489612523734953 -0.00095747180851727906 0.0017168238241672689 -0.00028065441927412012 0.00055761212434789892 -0.00053903159697649247 1.6638598139056841e-05 0.00014748393922191938
leaf_weight=182 94 1988 80 7349 664 621 116 592 449 925 63 116 118 126 44 614 64 499 803 385 50 108 90 90 60 197 681 48 430 420
leaf_count=182 94 1988 80 7349 664 621 116 592 449 925 63 116 118 126 44 614 64 499 803 385 50 108 90 90 60 197 681 48 430 420
internal_value=8.63453e-05 -0.00121462 0.00070594 0.000609604 -0.000971703 -0.00159321 -0.000834393 -0.00283679 -0.00590989 0.000548551 0.00145302 -0.00767773 0.000854725 0.00544872 -0.000416667 0.000529891 0.00113973 0.00140661 0.000786785 -0.00396226 9.98934e-06 -0.0054717 0.00404237 0.000645477 -0.00271552 -5.81395e-05 0.00133392 0.00246983 0.00292716 -0.00111317
internal_weight=18066 5828 12238 12056 5618 4151 3145 1157 565 11976 4469 210 3544 233 107 3311 2697 2633 1467 1006 7507 158 589 2044 347 257 1697 1159 1111 538
internal_count=18066 5828 12238 12056 5618 4151 3145 1157 565 11976 4469 210 3544 233 107 3311 2697 2633 1467 1006 7507 158 589 2044 347 257 1697 1159 1111 538
is_linear=0
shrinkage=0.03


Tree=85
num_leaves=31
num_cat=0
split_feature=6 12 6 3 5 2 3 12 7 3 12 5 0 7 2 6 0 6 7 1 2 2 0 7 7 2 6 5 5 7
split_gain=15.9338 10.1777 7.69786 8.09454 8.41395 8.4569 8.27767 6.17291 6.16612 6.53593 5.48544 5.29662 7.43748 4.77934 4.69703 5.53449 4.69265 4.63798 4.58814 6.11036 4.57507 4.92068 7.25166 4.51498 7.11581 5.29437 5.68975 6.81861 4.47807 4.29118
threshold=0.21316391768807644 0.4224794209665465 -0.30127499833881138 9.3388539229413485 7.4838065296799909 0.42049264834530004 56.620248550398607 0.46220810266113799 0.58078445142284241 1.2921848462042329 0.28618474624524021 8.72037890005919 1.9617263069714823 0.81878128211298928 0.5127230041609725 0.50162674682505914 5.1824483637874845 0.059763654134806117 0.37516949025176755 1.7796868359271241 0.17274432831336986 0.41464320613627409 1812.5000000000002 0.64894719196263617 0.70304727702085668 0.29337321801560851 0.29216344325115623 8.6416207658928261 9.760800081240891 0.81316422443422043
decision_type=2 2 2 8 2 8 10 2 2 8 2 2 10 2 10 2 8 2 2 2 10 10 8 2 2 8 2 2 2 2
left_child=2 8 -1 13 7 6 17 -5 9 -2 -10 -8 -13 -4 15 16 23 -6 -17 -20 -18 -22 28 -3 -25 26 27 -26 -23 -28
right_child=1 14 3 4 5 -7 11 -9 10 -11 -12 12 -14 -15 -16 18 20 -19 19 -21 21 22 -24 24 25 -27 29 -29 -30 -31
leaf_value=0.0083831886108589968 -0.0027499310435429654 -1.1362419287537367e-05 6.5397956258109424e-05 -0.00032491058671500398 0.0016958278736223964 -0.0010323521905858577 0.0010992132369429476 0.0038372848839317319 -0.0066700968939852664 0.00020557871756685822 -0.001652572521205869 -0.00059332973072829978 0.0010843899339697664 -0.00045415898350578416 0.00082794611205762943 -0.0017820107461910006 -0.00066041818900248312 0.00044769925028765082 -0.0012113784837824481 0.00037243074426046737 0.00021465155303519902 -0.0011252830820449983 0.00045360309120004709 -0.00072626866438681539 0.0017339258979405343 0.00019860326955845024 -0.0015097657772758693 -0.00020337769095006087 0.00027126580356961219 0.00032095126254852002
leaf_weight=68 81 3335 6593 41 183 88 153 102 133 343 448 273 49 171 215 113 43 1095 278 236 1197 154 124 781 66 687 255 664 59 54
leaf_count=68 81 3335 6593 41 183 88 153 102 133 343 448 273 49 171 215 113 43 1095 278 236 1197 154 124 781 66 687 255 664 59 54
internal_value=-2.48853e-05 -0.000893493 0.000888057 0.000809235 0.0024937 0.00194625 0.00240308 0.00947917 -0.00374254 -0.000988235 -0.00574742 -0.000976891 -0.00315789 0.000314856 -0.000546478 -0.000663601 -0.000434636 0.00365911 -0.00336783 -0.00215534 0.00101711 0.0012899 -0.00190828 -0.00082663 -0.00178828 -0.000712218 -0.0020625 -0.000615595 -0.00525701 -0.00546774
internal_weight=18082 9266 8816 8748 1984 1841 1753 143 1005 424 581 475 322 6764 8261 8046 7419 1278 627 514 1577 1534 337 5842 2507 1726 1039 730 213 309
internal_count=18082 9266 8816 8748 1984 1841 1753 143 1005 424 581 475 322 6764 8261 8046 7419 1278 627 514 1577 1534 337 5842 2507 1726 1039 730 213 309
is_linear=0
shrinkage=0.03


Tree=86
num_leaves=31
num_cat=0
split_feature=13 0 12 9 13 1 0 3 0 7 7 1 7 7 7 7 9 9 7 1 7 8 7 3 8 7 3 8 0 0
split_gain=17.2493 9.49841 7.56058 8.36033 7.37493 5.97754 5.57071 7.39388 5.13568 5.55625 4.99922 4.96833 6.05711 4.96271 5.76581 4.7025 4.62733 4.57763 5.10803 4.52645 4.47909 4.40351 4.21182 4.15205 5.5356 5.28813 9.28696 7.28781 4.85494 4.69299
threshold=0.45476530155320211 0.99335719887016005 0.51820139567094736 0.42236918320310829 1.3470250903552212 1.445772046876834 1.365615531611938 1.2563103603487893 1.0576071408054906 0.86491290113307462 0.7808545292460467 -0.64221539027982322 0.65735121373965322 0.31114872383934139 0.18128517151424914 0.55578060082076008 2.1743677228110441 0.62712002741482775 0.69978464263194995 0.4922945088653678 0.38761291716072171 1.0079887207582108 0.10995514045202619 2.3374069183000317 -0.04831052775015645 0.50245940797608235 2.5201930089965781 0.055846908071930081 5.8359950354769019 2.4560493270898358
decision_type=2 8 2 8 2 2 8 8 10 2 2 2 2 2 2 2 10 10 2 2 2 10 2 8 10 2 10 8 8 10
left_child=1 10 3 15 5 16 7 19 -7 -10 11 -1 20 14 -5 22 -2 18 -14 -4 -13 -15 -3 24 -8 26 -25 -28 -29 -26
right_child=4 2 6 13 -6 8 23 -9 9 -11 -12 12 17 21 -16 -17 -18 -19 -20 -21 -22 -23 -24 25 29 -27 27 28 -30 -31
leaf_value=0.0028606329985784024 -0.0010362072161413868 -0.0010092195639412958 -0.00044898371715343941 -0.00015826396726509331 -0.014196970465576657 0.00071337678109923406 0.00048033903237731056 0.00038230670111193414 -0.00034321054866034371 -0.0020122137289609108 -0.0006769410404554179 0.0008223016928702886 0.0021471691041427912 -0.00020008167531983709 -0.0011573080721724407 -0.00018663639606676218 -0.0028857188753523078 0.0037078868783738698 -0.0001873241821456531 0.00032170955062616895 -0.00069460793429497155 -0.0034524665266150536 0.00015419045264727344 0.0021000112255009731 -7.6785968086147681e-05 4.0626152208841153e-05 -0.0010027289308852025 0.00013997903523885953 0.00097918081893431344 -0.0011041225992440276
leaf_weight=137 582 70 205 354 70 226 183 1690 781 42 93 165 49 2016 348 1731 105 82 80 131 202 46 1979 156 1667 4017 118 412 129 222
leaf_count=137 582 70 205 354 70 226 183 1690 781 42 93 165 49 2016 348 1731 105 82 80 131 202 46 1979 156 1667 4017 118 412 129 222
internal_value=8.29233e-06 0.000316895 0.000151212 -0.000623377 -0.00277255 -0.00238342 0.000718844 0.00210163 -0.000957143 -0.00205704 0.00348578 0.00433659 0.00310881 -0.00187703 -0.00405405 0.000293573 -0.00455669 0.00714623 0.00357692 -0.00195846 0.000774457 -0.00113427 0.00126585 0.000312817 -0.00081042 0.000794538 0.00299632 0.00143182 0.0029059 -0.00129365
internal_weight=18088 16282 15474 6544 1806 1736 8930 2026 1049 823 808 715 578 2764 702 3780 687 211 129 336 367 2062 2049 6904 2072 4832 815 659 541 1889
internal_count=18088 16282 15474 6544 1806 1736 8930 2026 1049 823 808 715 578 2764 702 3780 687 211 129 336 367 2062 2049 6904 2072 4832 815 659 541 1889
is_linear=0
shrinkage=0.03


end of trees

feature_importances:
growth_12_past=427
share_criminal=367
log_pending=303
share_age_1_3_of_lt3=290
state_loo_idvr_12=273
disposal_momentum=225
idvr_12=218
inflow_trend_growth=166
state_loo_growth_12_past=161
anchor_growth_12=83
state_loo_filing_shock_z=62
filing_shock_z=32
month_of_year=3

parameters:
[boosting: gbdt]
[objective: quantile]
[metric: quantile]
[tree_learner: serial]
[device_type: cpu]
[data_sample_strategy: bagging]
[data: ]
[valid: ]
[num_iterations: 3000]
[learning_rate: 0.03]
[num_leaves: 31]
[num_threads: 0]
[seed: 20260928]
[deterministic: 1]
[force_col_wise: 0]
[force_row_wise: 1]
[histogram_pool_size: -1]
[max_depth: -1]
[min_data_in_leaf: 40]
[min_sum_hessian_in_leaf: 0.001]
[bagging_fraction: 0.8]
[pos_bagging_fraction: 1]
[neg_bagging_fraction: 1]
[bagging_freq: 1]
[bagging_seed: 8287]
[bagging_by_query: 0]
[feature_fraction: 0.8]
[feature_fraction_bynode: 1]
[feature_fraction_seed: 24490]
[extra_trees: 0]
[extra_seed: 6370]
[early_stopping_round: 0]
[early_stopping_min_delta: 0]
[first_metric_only: 0]
[max_delta_step: 0]
[lambda_l1: 0]
[lambda_l2: 1]
[linear_lambda: 0]
[min_gain_to_split: 0]
[drop_rate: 0.1]
[max_drop: 50]
[skip_drop: 0.5]
[xgboost_dart_mode: 0]
[uniform_drop: 0]
[drop_seed: 1862]
[top_rate: 0.2]
[other_rate: 0.1]
[min_data_per_group: 100]
[max_cat_threshold: 32]
[cat_l2: 10]
[cat_smooth: 10]
[max_cat_to_onehot: 4]
[top_k: 20]
[monotone_constraints: ]
[monotone_constraints_method: basic]
[monotone_penalty: 0]
[feature_contri: ]
[forcedsplits_filename: ]
[refit_decay_rate: 0.9]
[cegb_tradeoff: 1]
[cegb_penalty_split: 0]
[cegb_penalty_feature_lazy: ]
[cegb_penalty_feature_coupled: ]
[path_smooth: 0]
[interaction_constraints: ]
[verbosity: -1]
[saved_feature_importance_type: 0]
[use_quantized_grad: 0]
[num_grad_quant_bins: 4]
[quant_train_renew_leaf: 0]
[stochastic_rounding: 1]
[linear_tree: 0]
[max_bin: 255]
[max_bin_by_feature: ]
[min_data_in_bin: 3]
[bin_construct_sample_cnt: 200000]
[data_random_seed: 5112]
[is_enable_sparse: 1]
[enable_bundle: 1]
[use_missing: 1]
[zero_as_missing: 0]
[feature_pre_filter: 1]
[pre_partition: 0]
[two_round: 0]
[header: 0]
[label_column: ]
[weight_column: ]
[group_column: ]
[ignore_column: ]
[categorical_feature: ]
[forcedbins_filename: ]
[precise_float_parser: 0]
[parser_config_file: ]
[objective_seed: 23271]
[num_class: 1]
[is_unbalance: 0]
[scale_pos_weight: 1]
[sigmoid: 1]
[boost_from_average: 1]
[reg_sqrt: 0]
[alpha: 0.5]
[fair_c: 1]
[poisson_max_delta_step: 0.7]
[tweedie_variance_power: 1.5]
[lambdarank_truncation_level: 30]
[lambdarank_norm: 1]
[label_gain: ]
[lambdarank_position_bias_regularization: 0]
[eval_at: ]
[multi_error_top_k: 1]
[auc_mu_weights: ]
[num_machines: 1]
[local_listen_port: 12400]
[time_out: 120]
[machine_list_filename: ]
[machines: ]
[gpu_platform_id: -1]
[gpu_device_id: -1]
[gpu_device_id_list: ]
[gpu_use_dp: 0]
[num_gpu: 1]

end of parameters

pandas_categorical:[]
