tree
version=v4
num_class=1
num_tree_per_iteration=1
label_index=0
max_feature_idx=13
objective=quantile
feature_names=idvr_12 filing_shock_z state_loo_growth_12_past state_loo_idvr_12 state_loo_filing_shock_z log_pending growth_12_past share_criminal inflow_trend_growth disposal_momentum is_njdg month_of_year share_age_1_3_of_lt3 anchor_growth_12
feature_infos=[0.15730337078651685:10187] [-4.7940978473581213:148.42747222222221] [-0.6446209132661983:2.1972245773362191] [0.3669724770642202:2067.1535853072119] [-2.828714488873898:16.000160344827588] [1.3862943611198906:12.499998932235505] [-0.86371291579424714:2.7967669504267025] [0:1] [-2.8332133440562162:3.4339872044851463] [-3.253277251585533:8.3202045975788792] none [1:12] [0:1] [-0.86371291579424714:2.7967669504267025]
tree_sizes=2783 2865 2896 2881 2886 2853 2870 2856 2871 2901 2880 2886 2870 2895 2883 2888 2915 2914 2922 2901 2921 2915 2920 2902 2911 2905 2911 2920 2901 2887 2942 2924 2924 2928 2910 2922 2909 2890 2885 2912 2916 2928 2936 2918 2934 2939 2921 2909 2936 2929 2912 2955 2946 2909 2923 2930 2945 2949 2946 2956 2925 2910 2908 2932 2914 2955 2915 2937 2942 2936 2899 2931 2921 2947 2958 2915 2928 2933 2933 2928 2965 2922 2947 2950 2935 2939 2970 2947 2952 2939 2953 2944 2932 2945 2930 2937 2934 2919 2957 2932 2904 2943 2960 2939 2952 2931 2934 2935 2927 2934 2920 2961 2983 2941 2927 2955 2951 2914 2965 2953 2947 2968 2960 2920 2953 2916 2936 2902 2955 2941 2941 2951 2919 2968 2937 2956 2934 2964 2960 2962 2976 2932 2931 2923 2961 2943 2963 2934 2949 2923 2929 2920 2917 2944 2954 2961 2909 2932 2949 2950 2974 2954 2931 2923 2959 2922 2973 2938 2938 2921 2920 2917 2944 2931 2943 2936 2928 2917 2942 2937 2921 2918 2963 2952 2962 2974 2927 2951 2947 2918 2916 2950 2967 2964 2963 2939 2930 2950 2917 2928 2952 2964 2918 2954 2900 2914 2914 2937 2942 2955 2957 2964 2943 2964 2939 2966 2943 2953 2958 2934 2973 2952 2915 2932 2976 2932 2916 2948 2924 2954 2968 2899 2959 2952 2959 2941 2934 2951 2952 2954 3009 2970 2922 2955 2958 2952 2970 2946 2969 2925 2956 2978 2919 2943 2952 2934 2917 2936 2945 2930 2965 2968 2967 2948 2924 2947

Tree=0
num_leaves=31
num_cat=0
split_feature=6 6 2 5 6 5 3 6 6 6 1 3 7 2 0 2 6 5 7 4 2 8 0 0 4 7 5 1 7 5
split_gain=245.74 44.6355 35.474 31.3533 27.4231 18.866 18.8325 11.6471 9.15385 7.78486 5.61073 5.08334 5.03951 4.69623 4.56108 3.82943 3.32534 4.54819 3.13929 3.07436 3.22905 3.06889 3.0653 5.12285 3.04669 2.74857 3.32696 2.71636 2.87222 2.58613
threshold=0.051238514888679372 -0.086232268211142923 0.1603953231741829 8.1225195452981414 0.12285973275333185 3.4175922930736511 2.427655077502537 0.15355955196131579 0.82067795747230499 -0.0075719317799949329 -0.57431735736747525 11.920805774832184 0.6207367381258112 0.088727250944080197 173.87500000000003 0.093309997863394722 0.023916241940842301 7.904150238058631 0.57194211034940035 0.85183628921037891 0.19969182413537898 -0.038960591679367503 1.3841105914751088 1.3115827016058252 1.2303867460027129 0.87602143208587668 5.3821962081647756 -0.39462215254748267 0.39771834037867387 9.1788496835846747
decision_type=2 2 10 2 2 2 8 2 2 2 2 8 2 10 10 10 2 2 2 10 8 8 10 10 10 2 2 2 2 2
left_child=1 18 9 5 6 8 29 11 -2 15 -4 -7 -11 -14 21 -3 17 -12 27 20 -8 -9 23 -21 -18 -23 -27 -1 -29 -5
right_child=3 2 10 4 -6 7 19 14 -10 12 16 -13 13 -15 -16 -17 24 -19 -20 22 -22 25 -24 -25 -26 26 -28 28 -30 -31
leaf_value=0.11287555961945869 0.11472667939863733 0.090758069145687903 0.094729609490994307 0.089272479832645246 0.086526717845785056 0.090826029953967546 0.089395762525070643 0.097569996873805423 0.093951117488008939 0.088512142667342322 0.10163548153316895 0.093241267274410497 0.089224772238826966 0.091081526901518176 0.091080588903136431 0.092230951208697579 0.092230045028023344 0.095577557060183699 0.10477398044809298 0.08993004962225512 0.091549816585050722 0.088028780190255868 0.087290142879946589 0.090051649633502387 0.090429052226419462 0.1069900903680616 0.088096118544056731 0.10266205833182447 0.097267035571973887 0.088280864899235145
leaf_weight=55 92 196 98 248 12081 201 40 71 50 329 64 98 84 124 71 89 74 157 186 241 127 1412 65 50 90 46 68 51 63 1481
leaf_count=55 92 196 98 248 12081 201 40 71 50 329 64 98 84 124 71 89 74 157 186 241 127 1412 65 50 90 46 68 51 63 1481
internal_value=0.0884209 0.099418 0.0968408 0.08731 0.0868075 0.0907245 0.0898464 0.0899588 0.101246 0.09304 0.103286 0.0954008 0.0909053 0.0945483 0.0889798 0.0970398 0.101587 0.104018 0.108842 0.0948286 0.0981873 0.0886467 0.0932303 0.0945422 0.0982363 0.0883612 0.0928213 0.105626 0.102734 0.0883365
internal_weight=18102 1660 1305 16442 14333 2109 2252 1967 142 822 483 299 537 208 1668 285 385 221 355 523 167 1597 356 291 164 1526 114 169 114 1729
internal_count=18102 1660 1305 16442 14333 2109 2252 1967 142 822 483 299 537 208 1668 285 385 221 355 523 167 1597 356 291 164 1526 114 169 114 1729
is_linear=0
shrinkage=1


Tree=1
num_leaves=31
num_cat=0
split_feature=6 6 3 5 6 3 5 6 0 8 5 7 8 6 6 8 5 12 5 7 8 3 12 7 1 8 5 12 7 7
split_gain=239.582 34.0343 34.298 30.067 29.9783 24.3835 14.0401 12.3799 11.2436 7.57549 7.13822 4.99517 4.92045 4.15572 4.12367 3.46234 3.28639 3.19947 3.82875 3.16146 3.57447 4.13173 3.05069 3.39138 7.09767 2.81153 2.80151 3.17156 3.25263 3.57302
threshold=0.051238514888679372 -0.11113871872900381 1.2337092922574826 3.4175922930736511 0.13531289237314861 2.3663689654504005 8.1225195452981414 0.82067795747230499 1.008296012518211 -0.10041251417925713 7.6360282323874804 0.70620761488274042 0.27194599461280655 0.023916241940842301 0.10266634896360306 0.28267171356249327 8.6416207658928261 0.37377096024127371 7.0071479203944476 0.87602143208587668 0.24662603953183673 1.4556959316398335 0.47911303773019037 0.67303860558477013 -0.61237168534080288 0.28267171356249327 7.4166790502870414 0.54290773910002765 0.810281753857795 0.76251390715872336
decision_type=2 2 10 2 2 8 2 2 10 10 2 2 10 2 2 8 2 2 2 2 8 10 2 2 2 10 2 2 2 2
left_child=1 15 8 7 5 10 17 -2 11 -4 25 12 -3 22 -12 -1 -15 -6 19 20 21 -19 -11 24 -24 -5 -7 -28 29 -29
right_child=3 2 9 4 6 26 -8 -9 -10 13 14 -13 -14 16 -16 -17 -18 18 -20 -21 -22 -23 23 -25 -26 -27 27 28 -30 -31
leaf_value=0.01792394158516052 0.025372242879403647 0.0017404915611702581 0.0063197299930562671 0.0037778651164541593 -0.0029672810601586237 0.0093924071657597256 -0.0020198970092325003 0.0047164269529625259 -0.0004117534401117436 0.0050073837109037124 0.00018020637833160102 -0.00057168694942038591 0.0047050817044164625 0.0064450822759848396 -0.00083098906980051592 0.01811954030396894 0.0017761859653524596 -0.00087888967113411735 0.00010161097046954809 0.017635349678558926 0.00058375971153681123 0.0041721249145994406 0.0072006991695614357 0.0054297159547916441 0.0038551733891615853 0.0033064703102533926 0.001305644430750734 0.0020182899330447126 -0.00039483689525990486 0.001933383209295839
leaf_weight=182 92 190 65 48 357 43 11551 57 289 111 1120 56 93 56 971 106 242 41 852 78 343 74 41 120 115 40 285 356 46 43
leaf_count=182 92 190 65 48 357 43 11551 57 289 111 1120 56 93 56 971 106 242 41 852 78 343 74 41 120 115 40 285 356 46 43
internal_value=-4.8661e-05 0.010787 0.00881508 -0.0011502 -0.00127356 0.00146089 -0.00188073 0.01222 0.00363434 0.0131425 -0.000163762 0.00733235 0.00894718 0.0121793 -0.000517687 0.0201592 0.0094515 0.000627147 0.00127862 0.00326257 0.00230065 0.00685345 0.01425 0.0159639 0.012879 0.0081573 0.00603488 0.00558139 0.00716368 0.0080325
internal_weight=18063 1666 1378 16397 16248 2952 13296 149 628 750 2179 339 283 685 2091 288 298 1745 1388 536 458 115 387 276 156 88 773 730 445 399
internal_count=18063 1666 1378 16397 16248 2952 13296 149 628 750 2179 339 283 685 2091 288 298 1745 1388 536 458 115 387 276 156 88 773 730 445 399
is_linear=0
shrinkage=0.03


Tree=2
num_leaves=31
num_cat=0
split_feature=6 0 6 2 3 0 6 2 3 12 0 12 8 2 12 6 1 6 3 8 4 4 2 6 4 12 2 4 4 12
split_gain=233.247 35.2357 25.7802 23.1981 18.5238 14.7725 11.0295 12.5956 9.92351 9.24052 5.14737 4.85888 6.15389 4.68479 6.00839 4.66111 3.30983 3.18983 6.77841 3.18638 3.79194 2.80889 2.79334 2.51411 2.45848 2.44152 2.31326 3.76508 2.30352 2.29714
threshold=0.053916799209801532 0.96956260708859066 0.13254884618608379 0.16310606433117364 2.427655077502537 1.0576071408054906 -0.14579579571135201 0.086585487999094143 9.538089804822679 0.51820139567094736 1.067241418238668 0.30634117186043736 0.3960191922927731 0.088727250944080197 0.37867454858586441 0.023916241940842301 -0.64221539027982322 0.20648288461095191 2.3986605180541392 0.43086896720702866 0.84502112648869376 1.1794919934429628 0.24888347051935308 0.099240375258315985 0.82918162691922881 0.4224794209665465 0.18732044290555619 0.71489023491549164 1.9470121424010094 0.40980802514412601
decision_type=2 10 2 10 8 10 2 8 10 2 8 2 8 10 2 2 2 2 8 10 10 10 10 2 10 2 8 10 10 2
left_child=1 6 4 13 10 8 -1 -8 11 22 -2 -4 -13 14 -3 -11 -9 18 29 20 -14 -17 -5 -12 -15 -20 -6 -28 -18 -7
right_child=2 3 5 9 26 17 7 16 -10 15 23 12 19 24 -16 21 28 -19 25 -21 -22 -23 -24 -25 -26 -27 27 -29 -30 -31
leaf_value=0.019374520239155184 0.0035755758801254548 0.0086598607968115197 -0.0055796804699374406 0.0044626531603911192 0.00073566461124610529 0.0013605774755273679 0.0017593391029881321 0.0062603296096146515 -0.00078340176259193836 0.0047597455430103339 0.00018062303777846567 0.0010034789759204837 0.015528725159353243 0.0016967354830744704 -0.00013185664257401228 0.0038370252146925801 0.0071400795435235635 -0.0025375464668831779 0.0031853635106050102 0.0084138546693410983 0.024061776208360829 0.0021545060926522162 0.0010877600780457536 -0.00068396214213591782 0.0015126435294800975 2.354587915536363e-05 0.003168433913125622 0.0016549691526245647 0.0090179615409117595 -0.0016525565602751337
leaf_weight=213 85 45 58 107 139 107 159 83 487 96 979 124 57 162 328 63 203 8696 62 70 87 62 56 1010 145 1431 175 437 40 2312
leaf_count=213 85 45 58 107 139 107 159 83 487 96 979 124 57 162 328 63 203 8696 62 70 87 62 56 1010 145 1431 175 437 40 2312
internal_value=-5.77473e-05 0.0103086 -0.00117779 0.00686197 0.00142781 -0.00172347 0.0155451 0.0129938 0.00202602 0.0127481 -3.46995e-05 0.0055466 0.00692035 0.00352423 0.00125936 0.0167432 0.016367 -0.0019862 -0.00127421 0.0099907 0.0125379 0.0127381 0.00726219 -0.000345227 0.00626299 0.00031526 0.00546144 0.00625449 0.0144713 -0.00225496
internal_weight=18078 1762 16316 1064 2825 13491 698 485 883 384 2074 396 338 680 373 221 326 12608 3912 214 144 125 163 1989 307 1493 751 612 243 2419
internal_count=18078 1762 16316 1064 2825 13491 698 485 883 384 2074 396 338 680 373 221 326 12608 3912 214 144 125 163 1989 307 1493 751 612 243 2419
is_linear=0
shrinkage=0.03


Tree=3
num_leaves=31
num_cat=0
split_feature=6 0 5 6 3 3 5 6 3 6 12 1 7 7 5 7 5 8 0 12 0 12 5 3 7 7 6 3 12 0
split_gain=213.504 32.1153 28.8697 26.6381 20.8785 19.2283 12.2127 11.4775 10.3472 7.94797 7.25398 5.11404 4.70263 3.96849 3.85132 3.84193 4.50024 3.65835 3.53822 3.41849 3.08703 3.04676 3.38311 2.86789 3.21758 4.52211 2.76436 5.59171 3.00989 2.51599
threshold=0.051238514888679372 0.9817526529804258 3.4175922930736511 0.12285973275333185 1.2337092922574826 2.3986605180541392 8.0294327875302809 -0.14579579571135201 1.2304521311909113 0.82067795747230499 0.37867454858586441 -0.67426979522184294 0.48089573529826152 0.70620761488274042 9.1788496835846747 0.65560723637060614 9.6568834397952426 -0.038960591679367503 173.87500000000003 0.40980802514412601 1.0519236542288883 0.54496189765895442 8.7919419769113265 23.807097851762688 0.65560723637060614 0.7223069125121272 0.20774391665445527 2.3986605180541392 0.42794392878486176 1.8916453407282388
decision_type=2 10 2 2 10 8 2 2 8 2 2 2 2 2 2 2 2 10 10 2 10 2 2 10 2 2 2 8 2 10
left_child=1 7 9 5 10 14 18 -1 13 12 -3 -6 -2 15 19 16 -9 -10 29 -4 -13 -7 -23 24 -19 -26 27 -8 -29 -5
right_child=2 4 3 6 11 21 26 8 17 -11 -12 20 -14 -15 -16 -17 -18 23 -20 -21 -22 22 -24 -25 25 -27 -28 28 -30 -31
leaf_value=0.019272916965762266 0.032569709240042079 0.0059556101888963708 0.0048180933588979711 0.0011339048833579281 0.0044421536577270359 0.0018852958023020611 -0.001501303109394325 0.00090901494195897911 0.0059340586774510257 0.0053013453816447174 -0.00010698464945629146 0.0037076815199537576 0.0094047727004148707 -0.00051091790723428092 -0.00023506280878424549 0.003840647325488103 0.0019077251715304106 0.0020874795427110733 0.0025079151340378792 0.00067755004082152267 0.0021453615390540875 0.0049082056229809885 0.0017094556153708978 0.011882269447832943 0.0040290574240986607 0.0087546431786382408 -0.0025915479761022585 0.0028966044766045871 -0.00016781812579304376 -0.0011748758259892791
leaf_weight=227 45 40 40 1079 66 249 2653 73 60 55 375 212 55 42 1471 42 95 82 66 315 217 57 301 61 40 55 7984 55 1526 492
leaf_count=227 45 40 40 1079 66 249 2653 73 60 55 375 212 55 42 1471 42 95 82 66 315 217 57 301 61 40 55 7984 55 1526 492
internal_value=-0.000167118 0.00999348 -0.00121011 -0.00133305 0.00615807 0.00156163 -0.00184144 0.0144717 0.0120871 0.0116346 0.0011899 0.0103125 0.0166337 0.00756522 2.29878e-05 0.00924171 0.00713609 0.0158729 0.000591574 0.00282303 0.00907674 0.00618257 0.00795543 0.0140837 0.0120169 0.0157812 -0.00216744 -0.00154711 -0.00013464 0.000303434
internal_weight=18130 1687 16443 16288 910 2433 13855 777 550 155 415 495 100 252 1826 210 168 298 1637 355 429 607 358 238 177 95 12218 4234 1581 1571
internal_count=18130 1687 16443 16288 910 2433 13855 777 550 155 415 495 100 252 1826 210 168 298 1637 355 429 607 358 238 177 95 12218 4234 1581 1571
is_linear=0
shrinkage=0.03


Tree=4
num_leaves=31
num_cat=0
split_feature=6 5 2 6 6 2 5 6 6 1 2 2 5 12 8 2 12 2 12 5 6 5 5 5 6 12 6 6 2 5
split_gain=196.557 28.635 27.7205 26.6761 24.1209 14.7923 12.7441 7.85069 7.44327 6.13284 4.93314 4.78683 4.77078 4.54171 3.97949 3.76908 3.62648 3.45686 3.2491 3.0131 2.92364 4.23298 3.47303 6.51232 2.84535 2.53657 2.5304 2.47881 3.44885 2.4467
threshold=0.051238514888679372 3.4175922930736511 0.16310606433117364 -0.01971713908741712 0.13254884618608379 0.18359216853733892 8.0294327875302809 0.82067795747230499 -0.14579579571135201 -0.57431735736747525 0.22121282174950754 0.086585487999094143 7.6360282323874804 0.53199622061529206 -0.11558925516959305 0.2224790920300348 0.37377096024127371 0.088727250944080197 0.40980802514412601 8.7700508696984709 0.012823428267257244 7.904150238058631 8.9775251930001527 9.866356648812479 0.083083906240315045 0.44846862205348553 0.099240375258315985 0.2091016289445973 0.1828093794918646 7.0071479203944476
decision_type=2 2 8 2 2 8 2 2 2 2 8 10 2 2 10 10 2 10 2 2 2 2 2 2 2 2 2 2 8 2
left_child=2 7 3 8 5 12 16 -2 -1 10 -4 18 -3 19 -11 24 -6 -5 -10 25 21 -16 -23 -24 -15 -7 -14 28 -8 -18
right_child=1 4 9 17 6 13 27 -9 11 14 -12 -13 26 15 20 -17 29 -19 -20 -21 -22 22 23 -25 -26 -27 -28 -29 -30 -31
leaf_value=0.018592185922998467 0.023594696830839861 0.0055544376918362226 0.0034159717031312254 0.00010142725842943844 -0.0029319942068274855 0.0028929861015042834 -0.0017632544110618058 0.0050886062398449242 0.006526833381902318 0.011738326634155073 0.01713488080681573 0.0033527329207643712 0.00011763453056842399 0.0013212928437411722 0.010329353523278333 0.0028682434788533258 0.0020703354860172017 0.0013376674010624856 0.0013313890186754931 0.00012704526491972513 0.0029035899492793307 0.010096414845525694 0.0023311470141965107 0.0066650162363841034 0.00033887790452439187 0.0027879137690385376 -0.0007287676593721314 -0.0025107553328591083 -0.00045335623450288318 0.00030984430431344205
leaf_weight=119 92 47 44 324 371 51 1708 49 45 42 119 113 925 66 88 284 532 257 135 328 203 83 49 62 193 87 848 7958 2199 728
leaf_count=119 92 47 44 324 371 51 1708 49 45 42 119 113 925 66 88 284 532 257 135 328 203 83 49 62 193 87 848 7958 2199 728
internal_value=-0.000183307 -0.00118164 0.00957898 0.00635915 -0.00129824 0.00122014 -0.00182618 0.0122324 0.0121889 0.0141968 0.0193354 0.00956122 -0.000395388 0.00413168 0.0125739 0.00599448 0.000659926 0.00221134 0.00646409 0.00195289 0.0117593 0.0137597 0.0162462 0.0125625 0.00335769 0.00565468 -0.00064769 -0.00216796 -0.00154836 0.00142744
internal_weight=18149 16466 1683 993 16325 2829 13496 141 412 690 163 293 1820 1009 527 543 1631 581 180 466 485 282 194 111 259 138 1773 11865 3907 1260
internal_count=18149 16466 1683 993 16325 2829 13496 141 412 690 163 293 1820 1009 527 543 1631 581 180 466 485 282 194 111 259 138 1773 11865 3907 1260
is_linear=0
shrinkage=0.03


Tree=5
num_leaves=31
num_cat=0
split_feature=6 6 5 3 3 6 5 6 5 0 9 3 5 0 6 3 8 1 9 5 3 8 5 8 9 8 12 5 1 12
split_gain=170.43 33.4541 28.8862 20.4598 17.5713 14.0218 11.3328 8.00211 7.74616 6.65633 4.76341 4.61059 4.22726 4.00674 3.92086 3.771 3.21458 3.14314 2.73231 3.93027 4.67574 2.77897 2.59428 2.63055 2.58383 2.57866 2.54545 2.49037 2.65542 2.41615
threshold=0.023916241940842301 0.13100569512636764 3.4175922930736511 2.2951283293990632 1.2973918526181312 -0.11113871872900381 8.0802369848886979 0.82067795747230499 9.1788496835846747 1.1045453457592826 -0.062672178727038994 19.61066393611436 10.089074603183294 173.87500000000003 -0.01971713908741712 2.6099634676957089 0.37862843007394725 -0.12847619047619033 1.0155149965220709 8.5525602607167706 13.722277648993538 0.15863771952972797 10.081612816979833 0.1663026542529801 0.85256731681640552 0.25762479472438643 0.59770972956937329 8.6911464844163806 0.52534768355569239 0.32195612057937478
decision_type=2 2 2 8 10 2 2 2 2 10 10 10 2 10 2 10 10 2 10 2 10 8 2 10 10 10 2 2 2 2
left_child=4 3 7 8 5 -1 13 -3 9 16 -5 12 15 29 22 17 27 -6 19 20 -12 -21 25 -24 -19 -7 -13 -2 -29 -4
right_child=1 2 6 10 11 14 -8 -9 -10 -11 18 26 -14 -15 -16 -17 -18 24 -20 21 -22 -23 23 -25 -26 -27 -28 28 -30 -31
leaf_value=0.014957954054909375 0.0048973983848491099 0.021237731851527854 -0.0051091007777646366 0.0083851810325544108 0.011592208954181806 0.00087719219025669392 -0.0018175179295152151 0.0049021247894884658 -0.00019808256179568859 0.00035001436892765752 0.0011644745411122862 0.0076718926877980976 0.015998789028191199 0.0021450301009420993 0.0015351917467796639 0.01085864020805727 0.0019868764968428991 0.0032061294911116833 0.001843823784626334 0.001079701249454039 0.004706046774386255 -7.9172147285339463e-05 0.0018631718428282755 0.0026076615469711323 0.0099458985376737856 0.0036379588867261436 0.037414265029095332 0.0015825215911314879 0.00011551981817152856 0.00064406046724807802
leaf_weight=155 72 90 238 55 85 82 11789 48 1954 287 43 127 65 63 247 47 51 80 225 278 69 169 40 50 41 71 53 46 41 1387
leaf_count=155 72 90 238 55 85 82 11789 48 1954 287 43 127 65 63 247 47 51 80 225 278 69 169 40 50 41 71 53 46 41 1387
internal_value=-0.000278908 -0.00103721 -0.00169323 0.0016773 0.0109274 0.00763932 -0.00183343 0.0119137 0.000292414 0.00363253 0.00571786 0.0151623 0.0129028 0.000465363 0.00513238 0.0110669 0.00767772 0.0128116 0.00510573 0.00396964 0.00897345 0.00269866 0.00783197 0.0118681 0.00956557 0.0053961 0.0190608 0.00976875 0.00623864 0.000175276
internal_weight=18048 16905 13615 3290 1143 645 13477 138 2451 497 839 498 318 1688 490 253 210 206 784 559 112 447 243 90 121 153 180 159 87 1625
internal_count=18048 16905 13615 3290 1143 645 13477 138 2451 497 839 498 318 1688 490 253 210 206 784 559 112 447 243 90 121 153 180 159 87 1625
is_linear=0
shrinkage=0.03


Tree=6
num_leaves=31
num_cat=0
split_feature=6 0 5 6 3 3 5 6 2 6 1 6 0 2 12 2 5 2 12 3 0 5 3 5 5 5 3 5 5 1
split_gain=167.745 29.4655 27.0348 21.7731 19.2358 12.7426 11.1478 9.28549 8.83229 7.97163 4.64256 4.42212 4.3127 4.13046 6.2169 3.93542 3.80378 4.05893 5.89404 3.90235 3.78165 3.41002 2.97515 2.91902 2.51316 2.50574 2.26004 2.07909 2.06607 3.69132
threshold=0.053916799209801532 0.95842602470557592 3.4175922930736511 0.13531289237314861 2.427655077502537 1.2337092922574826 8.0294327875302809 -0.30127499833881138 0.083530290644605931 0.95551144502743646 -0.24304378681860825 -0.0075719317799949329 1.067241418238668 0.22426851114487834 0.54290773910002765 0.46854549350102298 9.8464408915525699 0.22653839352339369 0.56967590800445722 1.4884576750376561 173.87500000000003 8.317277736389789 2.2403747703336259 8.8135871934143619 10.513701392404665 9.0154805366384156 86.871217950292163 9.0503476589439078 7.904150238058631 0.78530243902439045
decision_type=2 10 2 2 8 10 2 2 8 2 2 2 8 8 2 10 2 10 2 10 10 2 10 2 2 2 8 2 2 2
left_child=1 7 9 4 12 11 20 -1 -9 15 22 -3 -4 -6 26 -2 17 19 -19 21 28 -10 -7 -12 -25 -8 -15 -13 -5 -30
right_child=2 5 3 6 13 10 25 8 16 -11 23 27 -14 14 -16 -17 -18 18 -20 -21 -22 -23 -24 24 -26 -27 -28 -29 29 -31
leaf_value=0.027072387811740484 0.012331004011538603 0.0019544047040933065 0.0024874634468811311 -7.648479843881144e-05 0.00081285643060602321 0.0019966216657313599 -0.0010509335917698655 0.0026591543976939151 0.0021656191373871226 -0.0022801159444231075 0.0050790335561959402 0.004040617280596133 -0.00023352735706944498 0.00083362955597495933 0.0034022189144142555 0.04031728914925381 0.0040927739126562501 0.0074669923573922456 0.014867463873948291 0.00033561303049812097 0.0023658892034935392 0.0034894806135249931 0.0044215587029853244 0.0011062165011206263 0.0019353866767929313 -0.0018883408976586931 0.0037308149744624416 -0.00011636522275565941 0.015476698481702937 -7.0028632308905689e-05
leaf_weight=77 74 128 74 1448 402 97 1817 157 56 42 126 42 2072 133 196 43 83 116 41 40 69 54 82 249 52 9979 44 348 42 66
leaf_count=77 74 128 74 1448 402 97 1817 157 56 42 126 42 2072 133 196 43 83 116 41 40 69 54 82 249 52 9979 44 348 42 66
internal_value=-0.000254631 0.00857976 -0.00119095 -0.00131102 0.00103593 0.00566933 -0.00182186 0.0138048 0.0123887 0.0110812 0.00861944 0.00220809 -0.000427574 0.00508376 0.00735561 0.0150763 0.0148082 0.0131786 0.0165759 0.00953642 0.000507379 0.0124324 0.0126833 0.00689019 0.00525497 -0.00214275 0.00325281 0.00061381 0.000200385 0.00418349
internal_weight=18249 1748 16501 16342 2921 1124 13421 624 547 159 606 518 2146 775 373 117 390 307 157 150 1625 110 179 427 301 11796 177 390 1556 108
internal_count=18249 1748 16501 16342 2921 1124 13421 624 547 159 606 518 2146 775 373 117 390 307 157 150 1625 110 179 427 301 11796 177 390 1556 108
is_linear=0
shrinkage=0.03


Tree=7
num_leaves=31
num_cat=0
split_feature=6 0 5 6 5 3 3 6 6 6 6 7 9 3 9 7 3 12 9 5 12 3 1 0 7 7 5 7 5 5
split_gain=158.609 28.564 21.6658 18.71 13.0579 12.0599 11.6551 9.49386 8.95656 7.48419 5.97352 5.92355 6.14299 5.2504 4.23207 6.72135 4.02801 4.30498 3.99347 4.01931 3.69541 3.49274 3.81036 3.27987 5.71962 3.05215 2.95289 2.85106 4.31308 2.6531
threshold=0.053916799209801532 0.95842602470557592 8.1749844932907632 0.13400366254959287 3.4175922930736511 1.2337092922574826 2.2403747703336259 -0.30127499833881138 0.15355955196131579 0.82067795747230499 -0.01971713908741712 0.59292644160929131 0.58579757115135633 22.880843806796744 0.014085679857575339 0.70461411379832339 11.920805774832184 0.52218411499909811 1.0155149965220709 10.570585888656725 0.44520981214680216 2.2403747703336259 -0.26098604612985304 173.87500000000003 0.56356504515786832 0.61031554759700957 9.0154805366384156 0.68498025681446018 9.2826145197644383 10.017686394612278
decision_type=2 10 2 2 2 10 8 2 2 2 2 2 10 8 8 2 8 2 10 2 2 10 2 10 2 2 2 2 2 2
left_child=1 7 4 6 9 10 29 -1 16 -2 -3 13 14 -9 -13 -16 20 -18 -8 -20 -6 27 -23 -10 -25 -24 -12 28 -7 -4
right_child=2 5 3 -5 8 21 18 11 23 -11 26 12 -14 -15 15 -17 17 -19 19 -21 -22 22 25 24 -26 -27 -28 -29 -30 -31
leaf_value=0.025253548570574536 0.020456362118602914 0.0036566004229851984 0.0002195445759516469 -0.0017045448420338108 0.0046860016099804372 0.0024339620012704985 0.00091538180054010127 0.0020251357176698064 -6.8230652491786488e-05 0.0027488421267135629 0.0044858357412180328 0.012694391062798172 0.0079298121804546248 0.0075888671973505508 0.0066328716561755447 0.0038063850673400353 0.0020182191161238492 0.00461878434629652 0.0017611706070526341 5.556324383229189e-06 0.00061826161285024109 0.0040697345808622916 0.00088926980322254017 0.0029168745173524988 -0.0019844902046124743 0.00356691968504428 6.5460415022878233e-05 0.0022642220977183414 0.0002111105613230207 -0.00064331339851368392
leaf_weight=73 92 85 923 11564 62 86 456 194 1652 51 49 42 101 53 65 75 41 53 150 52 139 80 47 43 40 118 411 116 140 1028
leaf_count=73 92 85 923 11564 62 86 456 194 1652 51 49 42 101 53 65 75 41 53 150 52 139 80 47 43 40 118 411 116 140 1028
internal_value=-0.000249033 0.0083727 -0.00116462 -0.00159228 0.00162419 0.00555516 0.000702298 0.013644 0.00100443 0.0103542 0.00233516 0.0122034 0.0151796 0.00874597 0.0117705 0.00914894 0.0058277 0.0109263 0.00415174 0.00765517 0.00340099 0.00853571 0.0112805 0.000181451 0.00596429 0.00858434 0.000976138 0.00654227 0.00454625 -0.000462603
internal_weight=18081 1735 16346 14173 2173 1132 2609 603 2030 143 545 530 283 247 182 140 295 94 658 202 201 587 245 1735 83 165 460 342 226 1951
internal_count=18081 1735 16346 14173 2173 1132 2609 603 2030 143 545 530 283 247 182 140 295 94 658 202 201 587 245 1735 83 165 460 342 226 1951
is_linear=0
shrinkage=0.03


Tree=8
num_leaves=31
num_cat=0
split_feature=6 0 5 6 5 2 0 2 2 6 7 6 9 5 9 9 7 0 7 7 0 5 5 0 12 2 5 9 2 2
split_gain=130.398 26.4854 21.5042 14.3523 12.6419 11.2135 9.6237 9.49618 9.11588 7.39097 5.54611 5.39252 5.32892 4.97086 3.83913 5.18326 3.33621 3.23679 3.11119 3.03562 3.37783 2.76712 2.70893 2.56638 2.4563 2.9873 4.90136 2.91655 2.31508 2.2396
threshold=0.062669766956422471 0.95842602470557592 8.0294327875302809 0.13670772333538264 3.4175922930736511 0.16310606433117364 0.79310647065497053 0.18359216853733892 0.083530290644605931 0.68790237325945658 0.61884462622640579 0.15355955196131579 0.96817219607417593 8.8334627100951071 0.58579757115135633 0.24969252096506053 0.51005728086648106 1.2624528830800215 0.68084063207149981 0.87602143208587668 173.87500000000003 10.583308836345422 9.0154805366384156 0.99335719887016005 0.58661834550826653 0.24789668895928221 9.312310144540513 0.62011197665370055 0.22503952007816655 0.27707405385538869
decision_type=2 10 2 2 2 10 10 8 8 2 2 2 10 2 10 8 2 10 2 2 10 2 2 10 2 10 2 10 10 10
left_child=1 6 4 7 9 13 -1 -4 -8 -2 16 -6 17 -3 15 -12 -10 -9 23 20 -13 29 -5 -15 25 26 -7 -28 -19 -14
right_child=2 5 3 22 11 24 8 12 10 -11 14 19 21 18 -16 -17 -18 28 -20 -21 -22 -23 -24 -25 -26 -27 27 -29 -30 -31
leaf_value=0.018484136666064681 0.026835952849464731 0.005818267238633293 -0.0004332459128171589 -0.00091520254170418221 0.0028971759117547304 0.0034173023363410662 0.0020231137322856137 8.2254149312662036e-05 0.0051709707292338716 0.0081335139089992545 0.00660883269127234 -0.00019790023949776159 0.001924903962412185 0.0012282836051091619 0.0053572489407426611 0.001986685446280586 0.0026527403733579398 0.00077394620475446313 0.0013144549189881148 0.015886291566144066 0.0021207982316970896 4.6167325040447642e-05 -0.0018273261155159969 -6.1275729269099954e-05 0.0033953067768308859 0.0022821580549725867 0.00025534689915958532 0.0022706504553626698 0.0023045006057222876 0.0014882913033595407
leaf_weight=134 62 101 1696 1785 250 124 150 445 56 82 45 1391 115 83 73 48 86 144 136 109 69 47 9886 500 99 122 74 51 86 40
leaf_count=134 62 101 1696 1785 250 124 150 445 56 82 45 1391 115 83 73 48 86 144 136 109 69 47 9886 500 99 122 74 51 86 40
internal_value=-0.000338143 0.00713436 -0.00120626 -0.00161193 0.00173676 0.00471727 0.0123845 0.000416083 0.0102745 0.0102621 0.0132233 0.00105659 0.00294875 0.0025944 0.0169581 0.0126702 0.00876923 0.0016642 0.0017125 0.000403184 4.1067e-05 0.00721182 -0.00205903 0.000755136 0.00840764 0.00725 0.009132 0.00488095 0.00454545 0.00913461
internal_weight=18089 1882 16207 14244 1963 1290 592 2573 458 144 308 1819 877 820 166 93 142 675 719 1569 1460 202 11671 583 470 371 249 125 230 155
internal_count=18089 1882 16207 14244 1963 1290 592 2573 458 144 308 1819 877 820 166 93 142 675 719 1569 1460 202 11671 583 470 371 249 125 230 155
is_linear=0
shrinkage=0.03


Tree=9
num_leaves=31
num_cat=0
split_feature=6 0 2 6 6 2 8 12 6 3 7 7 9 7 3 0 7 6 12 8 9 9 12 6 8 6 6 3 6 3
split_gain=134.225 28.6181 16.1533 10.6568 8.23781 14.2321 7.82181 6.34974 6.11451 6.62139 6.05739 5.28343 5.18317 5.19641 5.15115 4.29979 4.96016 4.68253 4.21581 3.83679 3.60464 3.57188 3.64429 3.29919 3.01644 2.56067 2.48125 2.38679 2.3394 4.41029
threshold=0.028875978797010763 1.1863051372765756 0.095828174437692523 -0.14579579571135201 0.14931617343066608 0.2224790920300348 -0.016335257803725241 0.64217816277840012 -0.30127499833881138 9.3595234499838575 0.62249340219928873 0.75900462734085805 0.73282419162571266 0.31810896838619312 1.518741257858381 1.1195659993551164 0.7223069125121272 0.61572665746085875 0.52715930501342856 0.2313998698768881 -0.85576102661335829 0.47344233431239185 0.55481705004116644 -0.01971713908741712 0.32615099359385585 0.95551144502743646 0.10464189850194751 2.3663689654504005 0.21043069825130892 2.3986605180541392
decision_type=2 10 10 2 2 8 10 2 2 10 2 2 10 2 10 8 2 2 2 10 8 10 2 2 10 2 2 8 2 8
left_child=2 6 3 -1 5 14 7 25 -4 10 -10 23 15 -14 -3 16 -8 -17 -7 -18 -6 -11 -23 -12 -5 -2 -16 -20 29 -22
right_child=1 4 8 24 20 18 12 -9 9 21 11 -13 13 -15 26 17 19 -19 27 -21 28 22 -24 -25 -26 -27 -28 -29 -30 -31
leaf_value=0.016220291244044737 0.0048435000107366118 -0.0010603170296160631 0.020954642991585382 0.00075955345441417995 0.0023721122431507174 0.0001511828030791632 0.00081250345994818111 0.021338291802395881 0.0016653969840266017 0.010375490229002584 0.0067507423229188233 0.0073111088155312859 -0.0010151778058593804 0.0020515362340835582 0.00053602128310196171 -0.00046034938541570747 0.0024861934753019174 0.015624720945295319 0.0001247031282113323 7.8673404244649809e-05 -0.0017177811798382186 0.0034659961661633668 0.0055404981868880897 0.0022493138326686226 0.0041668135180595797 -0.0048951013661314635 -0.00011603591398674746 0.0026625747297348485 -0.0022410032537297088 1.1985266089942492e-05
leaf_weight=81 275 911 46 340 128 126 745 40 214 81 117 77 78 300 203 1368 76 72 64 42 1861 71 49 84 89 58 599 243 8275 1322
leaf_count=81 275 911 46 340 128 126 745 40 214 81 117 77 78 300 203 1368 76 72 64 42 1861 71 49 84 89 58 599 243 8275 1322
internal_value=-0.00031354 -0.00101972 0.0091704 0.00504892 -0.00160387 0.000103399 0.00160655 0.00567112 0.0120041 0.0112695 0.00935903 0.0122796 0.00103915 0.00429024 -0.00112544 0.000503906 0.00217708 -0.000499654 0.00495622 0.00786555 -0.00192008 0.0158762 0.0123967 0.0148366 0.00314651 0.00428443 0.000627646 0.0068474 -0.00197609 -0.00128423
internal_weight=18035 16786 1249 510 13732 2146 3054 373 739 693 492 278 2681 378 1713 2303 863 1440 433 118 11586 201 120 201 429 333 802 307 11458 3183
internal_count=18035 16786 1249 510 13732 2146 3054 373 739 693 492 278 2681 378 1713 2303 863 1440 433 118 11586 201 120 201 429 333 802 307 11458 3183
is_linear=0
shrinkage=0.03


Tree=10
num_leaves=31
num_cat=0
split_feature=13 13 5 3 13 3 5 7 13 3 5 5 9 8 13 12 7 7 9 5 7 4 5 5 12 9 7 8 12 12
split_gain=120.708 31.6834 18.9242 13.9371 11.4853 8.86409 6.76913 6.02888 5.8258 9.67609 5.64098 4.86702 7.24312 4.82932 4.7103 4.42634 3.78301 6.07392 3.72252 3.63295 3.55773 3.55135 4.27993 3.44544 3.4192 3.41128 2.82613 2.58664 2.40126 2.39378
threshold=0.0067074800305597657 0.10104396128395977 7.1963113371376508 6.1246819638449344 -0.19338642418717009 1.2304521311909113 3.4175922930736511 0.34206273980136731 0.21043069825130892 2.3986605180541392 9.164872182560039 8.72037890005919 1.0929313201355948 -0.11558925516959305 0.16577961532326582 0.41379538939594601 0.55578060082076008 0.70620761488274042 0.75323472765017296 7.3323683504381592 0.79302599270045326 0.61898582631065879 10.504601677273456 10.027142203153319 0.43027477600231462 0.31339933590817209 0.56804622626849643 0.19904381618124065 0.41708810094604393 0.32195612057937478
decision_type=2 2 2 8 2 10 2 2 2 8 2 2 10 10 2 2 2 2 10 2 2 8 2 2 2 10 2 10 2 2
left_child=4 3 6 10 19 16 7 -3 9 28 15 25 -13 -7 -8 -2 23 27 -15 -1 21 22 -11 -6 -23 -5 -20 -18 -4 -16
right_child=1 2 8 11 5 13 14 -9 -10 20 -12 12 -14 18 29 -17 17 -19 26 -21 -22 24 -24 -25 -26 -27 -28 -29 -30 -31
leaf_value=0.0181215640354256 0.0050183030044921306 0.020907410663774686 0.00066122867613267039 0.011281938172029403 -0.00012500639535410453 0.0097776335831094834 0.0028810907701358138 0.0048546319089401982 -0.0021416846892427168 0.0025021593462266145 0.00012289851181670995 0.0011562071691188593 0.0019538976800534563 0.0033313028674766603 -0.0049065500741713305 0.0013128056020673591 0.0035601971216833147 0.0008997350864083768 0.0039133381280857275 0.014331641346541815 -0.0014770530244498183 0.0032516980223429143 -0.00026644420486879528 0.0011834537927236525 5.6681748380325092e-05 0.003893864730863123 0.0073430622965017052 0.0049113998655806569 -0.0010876915510217764 0.001161080866386778
leaf_weight=98 57 47 151 49 117 47 90 101 8411 267 1392 216 64 243 181 363 62 56 42 41 289 51 119 111 1259 67 80 51 3252 686
leaf_count=98 57 47 151 49 117 47 90 101 8411 267 1392 216 64 243 181 363 62 56 42 41 289 51 119 111 1259 67 80 51 3252 686
internal_value=-0.000355463 -0.000932976 -0.00142986 0.0024201 0.010059 0.00867037 0.00234629 0.0082953 -0.00173239 -0.00096196 0.00130392 0.00751133 0.00533808 0.011753 0.00141858 0.00434679 0.00544975 0.00884118 0.0105328 0.0180214 0.000702416 0.00122687 0.00375194 0.0029083 0.000480548 0.0126667 0.0148293 0.0128158 -0.00193273 0.000736174
internal_weight=18060 17112 14904 2208 948 809 1105 148 13799 5388 1812 396 280 412 957 420 397 169 365 139 1985 1696 386 228 1310 116 122 113 3403 867
internal_count=18060 17112 14904 2208 948 809 1105 148 13799 5388 1812 396 280 412 957 420 397 169 365 139 1985 1696 386 228 1310 116 122 113 3403 867
is_linear=0
shrinkage=0.03


Tree=11
num_leaves=31
num_cat=0
split_feature=6 0 6 2 5 5 7 6 3 7 6 6 2 3 2 7 7 8 7 5 5 0 7 5 7 6 3 5 5 4
split_gain=116.809 30.3837 14.9232 12.8934 8.71645 8.34161 7.36886 6.19144 8.24512 5.83479 5.72644 5.72222 10.1644 4.29514 3.89487 4.27653 3.88719 3.87513 3.82709 3.30847 3.21781 3.04916 2.88958 2.76884 2.77632 2.68403 2.68215 3.58253 2.69305 2.54131
threshold=0.012823428267257244 1.1863051372765756 -0.30127499833881138 0.088727250944080197 3.4175922930736511 8.9775251930001527 0.48089573529826152 0.14059634456072481 2.3663689654504005 0.59503094546359192 0.21316391768807644 0.062669766956422471 0.16310606433117364 12.59722274624137 0.22503952007816655 0.76971975481793165 0.49907338930864509 0.06165784811874233 0.73481804469427081 9.6843671431457636 6.7929052800254102 1.1274476341333377 0.69978464263194995 8.6911464844163806 0.68642205261725386 -0.01971713908741712 86.871217950292163 8.6416207658928261 7.904150238058631 0.79702112267426151
decision_type=2 10 2 10 2 2 2 2 8 2 2 2 10 10 10 2 2 10 2 2 2 8 2 2 2 2 10 2 2 10
left_child=2 4 -1 20 6 10 -2 8 -7 16 13 12 23 -3 15 25 17 -5 26 21 -4 -13 -8 -6 -25 -11 27 -15 -28 -10
right_child=1 5 3 9 11 7 22 -9 29 14 -12 19 -14 18 -16 -17 -18 -19 -20 -21 -22 -23 -24 24 -26 -27 28 -29 -30 -31
leaf_value=0.022284654600782723 0.031843975090465777 0.00023163184287532687 0.012054002062573505 0.0052022094139828647 0.0027021841467351386 -0.00065168149644946258 -0.0057182327986496952 -0.0017260591291834533 0.0019779763437178474 0.0043890739584020715 -0.00095879621605626331 0.0012758795731100182 0.0023576563304142932 0.0033883633367972504 0.008841525308414741 0.0010667365176314659 0.0022566725637783286 0.0031416654153574295 -0.00036202014184732431 -0.00043818387482023879 0.0013666176051346046 0.00052878870396412037 0.0082489657278026571 -0.00018573769598138749 0.00080752427419851329 0.0023064778555659652 0.0026681688099995334 0.00074062983258989603 -0.00072819987610919941 0.00039759743638261848
leaf_weight=70 55 591 42 64 46 1028 42 9463 137 118 1891 287 329 96 123 58 120 61 64 875 317 1065 46 443 82 50 43 42 47 335
leaf_count=70 55 591 42 64 46 1028 42 9463 137 118 1891 287 329 96 123 58 120 61 64 875 317 1065 46 443 82 50 43 42 47 335
internal_value=-0.00032777 -0.000920215 0.00951269 0.00851258 0.00167839 -0.00153887 0.00889583 -0.00191071 -0.000119921 0.0112235 -6.91899e-05 0.00134559 0.00336293 0.00192421 0.0137229 0.0112863 0.00762195 0.0113095 0.0048942 0.000529173 0.00400833 0.00145898 0.0034382 0.00093881 0.000313687 0.0137041 0.00670742 0.00932374 0.00263736 0.00315856
internal_weight=18030 17007 1023 953 3270 13737 143 10963 1500 594 2774 3127 900 883 349 226 245 125 292 2227 359 1352 88 571 525 168 228 138 90 472
internal_count=18030 17007 1023 953 3270 13737 143 10963 1500 594 2774 3127 900 883 349 226 245 125 292 2227 359 1352 88 571 525 168 228 138 90 472
is_linear=0
shrinkage=0.03


Tree=12
num_leaves=31
num_cat=0
split_feature=6 0 5 6 6 5 7 3 7 5 3 9 7 6 0 3 5 6 3 7 4 7 5 5 3 9 12 7 8 8
split_gain=106.926 20.8443 19.2307 11.3093 10.117 9.44703 8.93019 8.42746 6.83993 6.12008 7.2862 6.08212 4.93347 4.64646 5.31093 4.20827 3.5946 3.53754 6.99488 3.09354 3.05481 2.74593 2.7306 2.69639 2.68134 3.04041 2.99545 3.53709 2.5259 2.41531
threshold=0.062669766956422471 0.95842602470557592 8.0802369848886979 0.12285973275333185 -0.30127499833881138 3.4175922930736511 0.34868496738581739 1.6659490128842387 0.59914817166921075 9.2666734441995349 2.4735777362757299 0.60587791958002724 0.34206273980136731 0.23036409911570302 173.87500000000003 26.379940075547413 8.5215835198923759 0.20774391665445527 2.3663689654504005 0.79302599270045326 0.85183628921037891 0.7831927522229597 10.07223827379681 9.4535610219510602 12.59722274624137 0.16586282696758869 0.52218411499909811 0.6836987642252973 0.06165784811874233 0.2877578702234716
decision_type=2 10 2 2 2 2 2 8 2 2 10 10 2 2 10 10 2 2 8 2 10 2 2 2 8 10 2 2 10 10
left_child=1 4 5 7 -1 12 -3 -4 15 -8 -11 16 -2 24 -15 22 -10 18 -5 -20 -9 -14 28 -18 25 -7 -26 -28 -6 -13
right_child=2 6 3 17 8 13 9 20 11 10 -12 29 21 14 -16 -17 23 -19 19 -21 -22 -23 -24 -25 26 -27 27 -29 -30 -31
leaf_value=0.020882259296607336 0.029241166697757354 0.00022694061579551676 -0.00028892848032488732 -0.001081502564850717 0.0017085561134398874 -0.00069446501603750413 0.0037818017290502672 0.0015155514904552198 0.016768175737337396 0.00064160671934103712 0.0022224931407577213 0.0070110950977340424 0.0017262804462989285 -0.00045204469872461075 0.0023112514667118075 0.0068310969743341299 0.0011471108881959192 -0.0020390647622830875 0.0003860206299854123 -0.0017360315799408242 0.00042007889703825493 0.010611999789996196 0.0022403327414894786 0.0018419741517531397 0.0008111230112226403 0.0012472291781833228 0.009876768994019328 0.00030708318821475247 -0.00019244238845280632 0.0031853706844533459
leaf_weight=75 48 353 1336 2684 71 115 389 199 57 474 125 50 61 1290 74 52 54 7929 1323 222 439 40 53 74 97 194 65 42 90 42
leaf_count=75 48 353 1336 2684 71 115 389 199 57 474 125 50 61 1290 74 52 54 7929 1323 222 439 40 53 74 97 194 65 42 90 42
internal_value=-0.000355504 0.00626173 -0.00115812 -0.00154999 0.0108174 0.00157474 0.00415574 0.000555949 0.00935846 0.0056178 0.003705 0.0126583 0.00882 0.000995207 7.91202e-05 0.00588764 0.00943548 -0.00189193 -0.00119078 0.000417205 0.00338967 0.00497059 0.0039907 0.00655814 0.00342607 0.00165484 0.0060878 0.00952778 0.00201852 0.0189677
internal_weight=18117 1959 16158 14132 618 2026 1341 1974 543 988 599 277 149 1877 1364 266 185 12158 4229 1545 638 101 214 128 513 309 204 107 161 92
internal_count=18117 1959 16158 14132 618 2026 1341 1974 543 988 599 277 149 1877 1364 266 185 12158 4229 1545 638 101 214 128 513 309 204 107 161 92
is_linear=0
shrinkage=0.03


Tree=13
num_leaves=31
num_cat=0
split_feature=13 0 13 2 5 13 2 5 13 8 4 5 9 7 8 2 9 4 12 13 13 9 0 7 5 12 8 4 4 7
split_gain=101.789 22.4841 18.2977 12.6446 9.17905 9.88066 7.99261 5.81367 4.65724 4.57052 5.65598 4.14891 3.71857 3.45577 5.39989 3.41086 3.3639 4.0432 3.17403 3.0576 2.98579 2.97558 2.94253 3.59948 2.89632 3.67486 2.78358 2.69105 2.6693 2.56804
threshold=0.028875978797010763 1.3841105914751088 -0.19338642418717009 0.088727250944080197 7.4166790502870414 0.10464189850194751 0.17274432831336986 9.0154805366384156 0.20226382058790107 -0.10041251417925713 1.8335641647140408 3.4175922930736511 -0.55296202218615198 0.85648310395710425 0.28530928204768741 0.1828093794918646 0.76354761743375044 1.4413858973010765 0.58412430992282249 0.23173734561948225 0.083083906240315045 1.6726569399028264 173.87500000000003 0.56356504515786832 7.0071479203944476 0.42794392878486176 0.31916755576934158 1.024017565236399 0.5224659949253696 0.6836987642252973
decision_type=2 10 2 10 2 2 10 2 2 10 10 2 8 2 10 8 8 10 2 2 2 10 10 2 2 2 10 10 10 2
left_child=2 4 26 27 8 6 -6 12 24 -5 16 28 29 -13 -15 -7 -11 -18 -8 21 -20 -14 -21 -24 25 -2 -1 -4 -10 -3
right_child=1 7 3 9 5 15 18 -9 11 10 -12 13 19 14 -16 -17 17 -19 20 22 -22 -23 23 -25 -26 -27 -28 -29 -30 -31
leaf_value=0.014161843938675138 0.0037444947528520872 0.012360365324328383 2.3092680769420374e-05 0.0036430254288094149 0.00011256391618741834 -0.0010031811694467426 0.0010838275936893643 -0.0016671917703955917 0.0011136253251547508 0.0019422745248540501 0.0050720138258363119 -0.00023931336837620861 0.00015010553004550896 -0.00036607920916884972 0.017280529121849283 -6.4826363542426393e-05 0.0065015074508844401 0.0024444382584581882 0.0023439312116397531 -0.0017764846002519389 0.0011600087739104302 0.0025056383131201502 0.0021727211086459181 -0.0014988384072901371 0.0030079086068420359 0.0013905016937340393 0.016394135514204811 0.0024012570152798325 0.011483934133090968 -3.8236492011632145e-05
leaf_weight=95 87 59 233 80 1286 1676 485 8334 44 359 88 465 406 56 42 1886 89 45 98 1474 58 72 48 93 57 100 48 169 94 57
leaf_count=95 87 59 233 80 1286 1676 485 8334 44 359 88 465 406 56 42 1886 89 45 98 1474 58 72 48 93 57 100 48 169 94 57
internal_value=-0.000404697 -0.00100312 0.00801326 0.00664568 0.000394405 -7.5957e-05 0.00165404 -0.00185594 0.00312368 0.00919486 0.00824227 0.00187607 -0.000487331 0.000728723 0.00581818 -0.00101207 0.00696559 0.0110222 0.00438785 -0.000777938 0.00810191 0.00132777 -0.00140161 0.00272535 0.00668571 0.00483511 0.0180625 0.00244169 0.00651798 0.00471795
internal_weight=18183 16977 1206 1063 6434 5489 1927 10543 945 661 581 701 2209 563 98 3562 493 134 641 2093 156 478 1615 141 244 187 143 402 138 116
internal_count=18183 16977 1206 1063 6434 5489 1927 10543 945 661 581 701 2209 563 98 3562 493 134 641 2093 156 478 1615 141 244 187 143 402 138 116
is_linear=0
shrinkage=0.03


Tree=14
num_leaves=31
num_cat=0
split_feature=6 6 0 2 3 0 0 6 7 8 7 12 2 9 7 7 2 2 12 9 7 0 0 0 3 3 3 8 9 3
split_gain=91.0758 20.0507 15.7914 14.8181 8.04084 6.6021 6.33591 5.08125 5.71357 3.67338 3.53347 3.13571 4.43603 2.92447 2.70097 2.69255 2.44273 2.28393 2.30226 2.22471 2.1659 2.16121 2.08332 1.9592 1.83892 1.8335 3.11113 3.05876 3.44591 2.31737
threshold=0.053916799209801532 -0.11113871872900381 1.3996412767246877 0.16310606433117364 1.518741257858381 0.79310647065497053 1.1195659993551164 0.097347186950822909 0.070696235038650843 0.33656980711620504 0.84979219657299832 0.57950403689868479 0.2224790920300348 -0.67143774308222415 0.63163431978688878 0.6207367381258112 0.088727250944080197 0.24789668895928221 0.46533527212599651 1.3865608146300603 0.70304727702085668 4.0546643065648107 1.2624528830800215 1.0576071408054906 23.807097851762688 48.312140428319474 2.427655077502537 0.15863771952972797 0.24579131438145202 19.61066393611436
decision_type=2 2 10 10 8 10 10 2 2 10 2 2 10 8 2 2 10 10 2 8 2 10 10 8 10 10 8 10 10 8
left_child=1 5 4 9 6 -1 10 19 -9 15 23 17 -13 21 -7 -3 -17 -5 -19 22 -16 -4 -6 -2 -20 26 -10 28 -28 -30
right_child=2 3 13 11 7 14 -8 8 25 -11 -12 12 -14 -15 20 16 -18 18 24 -21 -22 -23 -24 -25 -26 -27 27 -29 29 -31
leaf_value=0.014074605444984243 0.0030994568360263636 -6.2427558314399396e-05 0.0031628596593872866 0.0030064672177847456 0.0010176519770870598 0.0044036970184958271 -0.00082971950706282297 0.032428028930316835 -0.0004228536659271653 0.0027086428650793751 0.01506903887119598 0.0009136495605999085 0.006823816365790953 -0.0015573241305114013 0.005930185739221684 0.00030680001299463952 0.0014698124974839894 0.0083253558202723843 -0.00019557880386841022 0.0013976426183502609 0.0056358409964660872 -0.0003529831144751362 0.0020336345740128575 0.00017974510238066952 0.0033041434534465458 -0.00089865668551772696 0.0014068875075663001 0.0003244893483581852 0.0011526619169538017 0.0024413989589091652
leaf_weight=122 50 435 87 248 349 95 2434 40 828 145 56 56 89 10028 40 126 165 40 68 47 42 101 49 584 47 523 317 649 130 64
leaf_count=122 50 435 87 248 349 95 2434 40 828 145 56 56 89 10028 40 126 165 40 68 47 42 101 49 584 47 523 317 649 130 64
internal_value=-0.000509112 0.00605934 -0.00120022 0.00456549 4.90044e-06 0.01311 -0.00105984 0.00111511 0.000598354 0.00212959 0.00147612 0.00842623 0.012226 -0.00192209 0.00932022 0.00125447 0.00348288 0.00703218 0.00413461 0.00406951 0.0133012 0.00177778 0.00332331 0.000831495 0.00193965 0.000416799 0.000832578 0.00183462 0.00356836 0.00670769
internal_weight=18054 1718 16336 1419 6120 299 3124 2996 2551 871 690 548 145 10216 177 726 291 403 155 445 82 188 398 634 115 2511 1988 1160 511 194
internal_count=18054 1718 16336 1419 6120 299 3124 2996 2551 871 690 548 145 10216 177 726 291 403 155 445 82 188 398 634 115 2511 1988 1160 511 194
is_linear=0
shrinkage=0.03


Tree=15
num_leaves=31
num_cat=0
split_feature=13 13 5 7 13 9 9 8 12 5 7 13 5 8 1 7 4 0 9 8 8 5 5 7 0 5 7 8 7 13
split_gain=82.9308 19.839 12.8381 10.9793 10.2303 7.31261 5.77115 4.71526 4.2469 4.15549 4.04657 3.97441 3.48263 4.40719 3.45755 4.30779 3.0272 2.89802 2.87681 2.69302 2.5922 2.35115 2.33247 3.05599 2.65595 2.25117 2.11267 4.52185 2.06785 2.03468
threshold=0.062669766956422471 -0.19338642418717009 8.1749844932907632 0.34868496738581739 0.16474315939365528 -0.18696064416492095 0.62011197665370055 0.29291537296484044 0.40131793345828998 3.4175922930736511 0.36420681474624922 0.15355955196131579 9.1128929082912418 -0.016335257803725241 0.16048796081338731 0.62987828856862149 1.9755900422152874 173.87500000000003 1.3020063039635221 0.038554656659820226 0.072567925810023456 6.9132390964851194 8.6416207658928261 0.69797838654053934 0.95842602470557592 9.6843671431457636 0.88711113501944394 0.38627321103684259 0.69978464263194995 0.27280750455622199
decision_type=2 2 2 2 2 8 10 10 2 2 2 2 2 10 2 2 10 10 10 8 10 2 2 2 10 2 2 10 2 2
left_child=1 7 9 8 18 -5 12 19 -3 10 -2 20 21 -14 15 -8 -16 26 25 -1 -11 -7 24 -24 -23 -4 -13 -28 -12 -6
right_child=2 3 4 5 29 6 14 -9 -10 11 28 17 13 -15 16 -17 -18 -19 -20 -21 -22 22 23 -25 -26 -27 27 -29 -30 -31
leaf_value=0.013027481870355689 0.020776619933679699 0.0029565361177148982 0.00030108390980123056 0.010659639239020092 -0.0011891269961429572 0.00090749138274467045 0.0019842754271267313 0.014690289996897107 -0.00011719231667299781 0.0025994890841068994 -0.0022273086618211633 -0.00030538749965236284 0.0020025521775751446 0.0004799932495704863 0.0022252087787917908 0.0027338514501867614 0.0037334629839676863 0.0021369608411275177 0.00056826073658280344 0.017915632385671079 0.0014399765425538956 0.006539200396074603 0.0040725394205087919 0.0010094772950762917 0.0048030975748595437 -0.00039605740954121708 -0.00066620058237296185 0.015630637985262215 0.0098966943101759606 -0.0024894270082709146
leaf_weight=53 40 51 1098 61 5001 84 61 54 419 84 54 1528 61 499 181 88 49 79 271 42 191 55 65 76 71 2597 63 40 46 5034
leaf_count=53 40 51 1098 61 5001 84 61 54 419 84 54 1528 61 499 181 88 49 79 271 42 191 55 65 76 71 2597 63 40 46 5034
internal_value=-0.000481738 0.00532724 -0.00119167 0.00446048 -0.00152143 0.00583358 0.00534469 0.01582 0.000509553 0.000980714 0.00595745 0.000626888 0.00404276 0.00256684 0.00845526 0.01202 0.0061039 8.76673e-05 -0.00023141 0.0198437 0.00396739 0.00638352 0.00775746 0.0050493 0.0107244 -0.000450488 -0.000185662 0.00395192 0.00267327 -0.00203119
internal_weight=18096 1970 16126 1821 14001 1351 1290 149 470 2125 140 1985 911 560 379 149 230 1710 3966 95 275 351 267 141 126 3695 1631 103 100 10035
internal_count=18096 1970 16126 1821 14001 1351 1290 149 470 2125 140 1985 911 560 379 149 230 1710 3966 95 275 351 267 141 126 3695 1631 103 100 10035
is_linear=0
shrinkage=0.03


Tree=16
num_leaves=31
num_cat=0
split_feature=0 0 0 3 1 12 9 7 9 12 0 3 0 3 7 7 0 9 1 12 2 8 9 8 8 7 7 12 3 12
split_gain=81.4312 19.8654 12.1541 7.5056 5.17829 4.96063 4.18423 4.77444 3.805 3.30325 3.25256 5.96203 3.13944 7.50352 3.05844 3.92923 3.83595 2.80614 2.42237 2.29138 2.61939 2.22467 2.87395 2.22005 2.17812 2.38264 3.65069 2.17016 2.07975 2.06475
threshold=1.0170318206981055 1.1863051372765756 0.79310647065497053 2.2403747703336259 -0.097411466734946398 0.66493620683204269 0.62712002741482775 0.31810896838619312 -0.67143774308222415 0.61262462944290752 1.9617263069714823 2.3663689654504005 1.3841105914751088 2.6099634676957089 0.60166664847255136 0.70461411379832339 0.89614291035951976 -0.053279631288717023 0.017468990321937359 0.40980802514412601 0.058819080655618465 0.15548255307122175 0.35927983890909726 -0.016335257803725241 0.14633117357535411 0.66495322322620509 0.60166664847255136 0.48626165089234041 11.920805774832184 0.5328062293798258
decision_type=8 10 10 10 2 2 10 2 8 2 10 10 10 8 2 2 10 8 2 2 8 10 10 10 10 2 2 2 8 2
left_child=2 5 9 14 8 6 17 -8 -3 -1 11 -10 13 -6 19 16 -16 27 -17 20 -4 22 -21 28 -9 26 -26 -2 -19 -13
right_child=1 4 3 -5 12 -7 7 24 10 -11 -12 29 -14 -15 15 18 -18 23 -20 21 -22 -23 -24 -25 25 -27 -28 -29 -30 -31
leaf_value=0.016023092444330006 0.0041270930788200183 0.0084054129144261122 0.0092083274241191188 0.0050364377133482654 -0.00080047067254383558 0.015959301431495116 -0.0012006652603535686 0.0023468338148340349 -0.00061485613375518347 0.011309798064824505 -0.0010311448528519489 -0.00045573058171829577 -0.0015551058614251426 0.0006328045310010071 0.0048828861801426988 0.0026421266370143096 0.0019481655703235212 0.0084981341043498873 0.00065672112043398503 0.0005491179885925197 0.00080379205049305343 -0.0002543997518954613 0.0010187357676834357 -3.9977283745933373e-05 0.0010589995987163839 0.00064819561251151499 0.0017753767024244712 0.00026284899805474908 -1.8581095108935271e-05 0.0015602659472456614
leaf_weight=96 45 51 62 184 2040 69 117 89 664 41 578 132 9179 701 42 68 138 166 94 100 51 137 43 2219 104 142 83 70 155 413
leaf_count=96 45 51 62 184 2040 69 117 89 664 41 578 132 9179 701 42 68 138 166 94 100 51 137 43 2219 104 142 83 70 155 413
internal_value=-0.000461935 -0.000963745 0.00761779 0.00636196 -0.00146261 0.00114202 0.000968348 0.00338619 1.95751e-05 0.0159348 -0.000213088 0.0006719 -0.00169113 -0.000799782 0.00499321 0.00706705 0.0101105 0.000480044 0.00364417 0.00317513 0.00676316 0.00170818 0.0043125 0.000271546 0.00488305 0.00373636 0.00595213 0.0050431 0.00259938 0.0029945
internal_weight=18073 17017 1056 919 13758 3259 3190 535 1838 137 1787 1209 11920 2741 735 342 180 2655 162 393 113 280 143 2540 418 329 187 115 321 545
internal_count=18073 17017 1056 919 13758 3259 3190 535 1838 137 1787 1209 11920 2741 735 342 180 2655 162 393 113 280 143 2540 418 329 187 115 321 545
is_linear=0
shrinkage=0.03


Tree=17
num_leaves=31
num_cat=0
split_feature=6 6 6 3 3 6 9 3 6 3 12 9 9 4 7 3 12 3 7 6 8 6 7 12 9 4 3 12 3 1
split_gain=77.2112 18.1509 11.2186 8.68055 7.29711 5.8885 5.18218 5.30101 4.17568 6.0394 6.01316 4.11957 4.51115 3.36676 6.54407 4.10898 3.32179 3.78014 3.18358 3.15418 3.01031 3.03402 3.47988 4.80327 2.92453 3.71763 2.37685 2.20314 2.42584 2.0083
threshold=0.062669766956422471 -0.30127499833881138 0.12285973275333185 2.2403747703336259 14.216005556928909 -0.01971713908741712 -0.21465583007692127 48.049055856309018 0.27280750455622199 2.3374069183000317 0.42504211251241858 1.1512536754049771 -0.093971883301103606 0.54551429879581215 0.47055925860718045 2.5668365730716469 0.37377096024127371 1.2169055646876001 0.62687817354580855 0.012823428267257244 -0.11558925516959305 0.95551144502743646 0.48656566409476737 0.4999329813901674 1.2568019746800523 1.6718123292069487 1.9043768779004626 0.40980802514412601 1.518741257858381 0.71903053224654856
decision_type=2 2 2 10 8 2 10 10 2 10 2 10 8 10 2 10 2 10 2 2 10 2 2 2 10 10 8 2 10 2
left_child=1 -1 4 5 27 11 7 20 9 -8 18 12 -3 14 15 -12 -7 -18 -11 24 21 22 23 -4 25 -5 -24 -2 -29 -19
right_child=2 3 6 19 -6 16 8 -9 -10 10 13 -13 -14 -15 -16 -17 17 29 -20 -21 -22 -23 26 -25 -26 -27 -28 28 -30 -31
leaf_value=0.01989745411723335 0.0016746938704487648 0.010762092118425827 0.0015493695773676533 0.0051763418810888062 0.0021342887283016592 0.0051050394355272363 -0.0011631917891751096 -0.0017290754662302259 -0.0025499781042993669 0.0048560228427305735 0.0048699742051328092 0.0060404264461089759 0.0012971539541954589 -0.00063095937578010923 6.1123410911157088e-05 0.0017829783889467714 -0.00017749347407361164 0.0014029080494732315 0.00048695385328145801 0.0017975941887758947 0.00032195925879263996 -0.0073187726465697165 0.0093472171008263973 0.024033018523885383 0.0015031117867023928 0.01237686018908271 -2.5006356953472139e-05 -0.00032918990966671952 0.00036053854804559348 0.00017180858708269639
leaf_weight=71 83 40 48 141 310 53 3921 697 4890 55 46 52 398 2456 481 56 468 295 68 211 1040 64 40 52 45 54 90 1189 578 122
leaf_count=71 83 40 48 141 310 53 3921 697 4890 55 46 52 398 2456 481 56 468 295 68 211 1040 64 40 52 45 54 90 1189 578 122
internal_value=-0.000470992 0.00516658 -0.00115138 0.00459734 0.000860712 0.00344717 -0.00146176 -6.05322e-05 -0.00169943 -0.00123363 -0.000257984 0.00610998 0.00513895 -0.00052204 0.00152568 0.00838835 0.00205112 0.00160835 0.00621774 0.00822345 0.00104719 0.00372203 0.00532467 0.00950495 0.0105809 0.0121684 0.00206107 0.000145866 -7.97518e-05 0.00368182
internal_weight=18114 1950 16164 1879 2160 1428 14004 2031 11973 7083 3162 490 438 3039 583 102 938 885 123 451 1334 294 230 100 240 195 130 1850 1767 417
internal_count=18114 1950 16164 1879 2160 1428 14004 2031 11973 7083 3162 490 438 3039 583 102 938 885 123 451 1334 294 230 100 240 195 130 1850 1767 417
is_linear=0
shrinkage=0.03


Tree=18
num_leaves=31
num_cat=0
split_feature=6 6 2 6 2 6 9 8 7 4 9 9 12 6 2 12 9 7 7 6 12 12 2 6 8 4 1 6 9 2
split_gain=64.5255 19.5079 11.6356 9.00305 6.8141 5.87409 5.58293 4.11778 4.11632 4.10002 2.94489 3.2833 2.77828 2.7684 4.18311 3.69677 2.73779 2.71921 5.57674 6.11793 4.10526 3.33444 2.65098 2.87927 4.46742 2.58381 1.98853 1.85872 1.81885 1.80544
threshold=0.070954836346015085 -0.30127499833881138 0.16310606433117364 0.15614643298000355 0.18359216853733892 1.0000000180025095e-35 -0.67143774308222415 -0.13675207921162955 0.10995514045202619 0.78823001822364724 -0.093971883301103606 0.76354761743375044 0.40980802514412601 0.25567780403746815 0.34851389385151893 0.40646368242426295 0.76354761743375044 0.60166664847255136 0.77200215277661466 -0.0075719317799949329 0.52861531192314393 0.55257881474604975 0.14621338740160725 0.347814212607025 -0.016335257803725241 1.0851388201313459 2.8569905588811726 0.10266634896360306 0.84061617558211676 0.083530290644605931
decision_type=2 2 10 2 8 2 10 10 2 10 10 10 2 2 8 2 10 2 2 2 2 2 10 2 10 10 2 2 8 10
left_child=1 -1 5 4 12 10 8 -4 -5 16 -3 29 -2 14 -8 -16 -6 -9 19 20 -19 -21 -10 24 25 -24 -11 -14 -20 -12
right_child=3 2 7 6 9 -7 13 17 22 26 11 -13 27 -15 15 -17 -18 18 28 21 -22 -23 23 -25 -26 -27 -28 -29 -30 -31
leaf_value=0.020887936629448461 0.0021837417652531073 0.0099998018495886017 0.0056763711000426004 0.014395771546925881 0.0010229116472701375 0.00040179293772693266 -0.0010009255339392391 0.0014927066559149954 0.010367731895417029 0.00017323934350676112 0.00047770170255564493 0.0033317263837615682 5.2981393524700693e-05 -0.0023035108900378641 0.0050108179271456795 0.00036510144425428158 0.0019859885762019054 0.0062474756634623169 0.0027115881692229161 0.0017409785788678831 0.03459170883341852 0.0028290870385881814 0.016636228153689106 -0.00086837589635930796 -0.00013629546587546872 0.0029238798152531591 0.0017457860211759159 -0.00073947243917919683 -0.00043096183453605934 0.0012305594350689229
leaf_weight=68 91 40 60 79 265 811 4752 317 40 984 230 56 671 5617 40 347 113 61 92 108 43 63 42 1107 213 46 78 1391 44 159
leaf_count=68 91 40 60 79 265 811 4752 317 40 984 230 56 671 5617 40 347 113 61 92 108 43 63 42 1107 213 46 78 1391 44 159
internal_value=-0.000487216 0.00438644 0.00386475 -0.00114808 0.000172787 0.00211411 -0.00153444 0.00673764 0.000162957 0.0017696 0.00472222 0.00400224 -0.000895544 -0.0017754 -0.00127179 0.00172423 0.00444855 0.00609876 0.00771116 0.010163 0.0158857 0.00661046 -0.000202899 -0.000421576 0.0021755 0.00782022 0.000812793 -0.00112264 0.00271533 0.00300769
internal_weight=18028 2152 2084 15876 3593 1296 12283 788 1527 1440 485 445 2153 10756 5139 387 378 728 411 275 104 171 1448 1408 301 88 1062 2062 136 389
internal_count=18028 2152 2084 15876 3593 1296 12283 788 1527 1440 485 445 2153 10756 5139 387 378 728 411 275 104 171 1448 1408 301 88 1062 2062 136 389
is_linear=0
shrinkage=0.03


Tree=19
num_leaves=31
num_cat=0
split_feature=6 6 5 5 6 5 9 2 6 6 6 9 4 2 7 9 2 12 9 4 7 7 12 5 12 1 6 9 5 1
split_gain=62.0708 19.411 12.614 10.1114 8.88452 7.15618 6.22693 4.62005 4.59381 4.59035 3.76272 3.48529 3.17373 3.15898 3.36759 3.02558 3.00795 2.70983 2.46574 2.46369 2.45557 2.32507 2.07859 1.96772 3.38099 2.09095 2.07728 2.07844 1.79652 1.78638
threshold=0.062669766956422471 -0.30127499833881138 8.9775251930001527 8.8898595782814898 0.16225942772937255 3.4175922930736511 -0.21465583007692127 0.18440111244467192 0.95551144502743646 0.16835023690457088 -0.01971713908741712 0.034602349565179165 0.60121587921812469 0.029610404646806514 0.76251390715872336 -0.55296202218615198 0.088727250944080197 0.55837517705599926 0.31339933590817209 1.7583676483924109 0.6836987642252973 0.37516949025176755 0.58412430992282249 7.0071479203944476 0.37377096024127371 2.229145242633034 0.23173734561948225 1.4780927442181238 8.7919419769113265 1.7989717322478522
decision_type=2 2 2 2 2 2 8 8 2 2 2 10 10 8 2 8 10 2 10 10 2 2 2 2 2 2 2 10 2 2
left_child=1 -1 5 6 7 8 -3 -4 21 28 13 -8 22 -5 19 20 -12 18 -13 -15 -11 -2 -9 24 -17 -26 27 -25 -7 -20
right_child=2 3 4 10 -6 9 11 12 -10 15 16 17 -14 14 -16 23 -18 -19 29 -21 -22 -23 -24 26 25 -27 -28 -29 -30 -31
leaf_value=0.017745434417390401 0.023139821558437586 0.010329316962886312 -0.00042430329766255553 -0.00068859224352042748 -0.0016347915211164031 0.0016947687773453408 0.0005926740856586623 0.00055914762865158377 -0.0037607393591327963 0.011317716676412459 -0.00050790987962601218 0.0040820634005305778 0.00010915464619672699 0.0011674124288440476 -0.00041095154647501102 -0.0028872079060968388 0.00077801899379545349 0.0053728952365371127 0.0041267029099402285 0.0028618341741898515 -0.00023397689484376896 0.0087534009878528808 0.0012922752028797174 -5.4974901211102353e-05 0.00095587322989904543 0.0094440831411348476 -0.0014804848927384429 0.0019850704090497448 -0.0001653281078107223 0.005223703282829395
leaf_weight=82 43 45 2306 44 8655 556 73 124 42 55 344 97 907 211 42 247 642 84 203 43 53 61 114 459 398 90 1685 72 214 40
leaf_count=82 43 45 2306 44 8655 556 73 124 42 55 344 97 907 211 42 247 642 84 203 43 53 61 114 459 398 90 1685 72 214 40
internal_value=-0.000532554 0.00452076 -0.00114557 0.00388764 -0.00162699 0.000320673 0.00733702 -0.000339804 0.00681633 7.12787e-05 0.00247325 0.00634337 0.00121728 0.00519062 0.00630303 -0.000450001 0.00153191 0.00738353 0.00615836 0.0076 0.00445871 0.0101714 0.00429289 -0.000631098 0.000713315 0.00215951 -0.00107713 0.00055827 0.00214008 0.00451229
internal_weight=18031 1950 16081 1868 12106 3975 542 3451 146 3829 1326 497 1145 340 296 3059 986 424 340 254 108 104 238 2951 735 488 2216 531 770 243
internal_count=18031 1950 16081 1868 12106 3975 542 3451 146 3829 1326 497 1145 340 296 3059 986 424 340 254 108 104 238 2951 735 488 2216 531 770 243
is_linear=0
shrinkage=0.03


Tree=20
num_leaves=31
num_cat=0
split_feature=13 13 0 9 3 2 0 13 7 8 0 3 2 1 13 2 9 12 12 7 3 2 12 1 3 1 13 9 13 8
split_gain=54.2796 13.9377 9.46785 8.82848 7.69792 7.04618 5.34578 4.20767 3.96549 3.27488 3.0074 2.82664 4.93223 2.8143 2.71555 4.23956 2.87846 2.60897 4.02156 6.76443 4.12686 3.53668 3.3268 2.53345 2.62038 2.26476 1.74538 1.71461 1.67064 2.15127
threshold=0.062669766956422471 -0.30127499833881138 1.3996412767246877 -0.24962217020660735 2.3986605180541392 0.16310606433117364 1.1002362122209204 0.20226382058790107 0.82144523439235739 0.18029175395335287 1.0170318206981055 9.538089804822679 0.40033897095900811 3.0731965541490864 0.16225942772937255 0.24888347051935308 -0.67143774308222415 0.45288442670543788 0.57293783579111845 0.76606415112658255 41.29497917381557 0.24789668895928221 0.39100629057196373 1.3294831587672371 1.2337092922574826 -0.52266840840319084 0.37025087198789924 -0.062672178727038994 0.11464244054313789 0.43086896720702866
decision_type=2 2 10 8 8 10 10 2 2 10 10 8 10 2 2 10 8 2 2 2 10 10 2 2 10 2 2 10 2 10
left_child=1 -1 4 -3 6 10 8 9 -2 13 23 12 -9 25 15 -4 -16 22 21 20 -20 -19 -7 24 -5 -6 -18 -27 29 -8
right_child=2 3 14 5 7 17 28 11 -10 -11 -12 -13 -14 -15 16 -17 26 18 19 -21 -22 -23 -24 -25 -26 27 -28 -29 -30 -31
leaf_value=0.017999728773904457 0.00041905357371475004 0.0099691485094735074 -0.0002908489246594758 0.00040180039920382512 0.0019770230535661529 0.00072919138222449361 -0.00011406227006723386 -0.00027581019384744599 0.013346659750616592 0.00039294237366390951 0.0001771301249025898 -0.00098196886677928631 0.011895282704224457 0.0024164521545934846 0.00071080463946687029 0.0019371918304436722 -0.0011276190994103325 0.002409128770233848 0.0017531259341788091 -0.00036834587575125245 0.0063663642775254091 -0.00031048640285963184 0.0073542121794038648 0.0024468083378230768 0.0012037735136556527 0.0043834556704388031 -0.0032001374264957697 0.000429835783596165 -0.0009880416437268078 0.00098199457267701988
leaf_weight=73 413 57 657 362 72 53 1061 135 73 559 564 657 74 47 185 82 6651 244 84 41 55 144 73 120 91 49 2683 297 2353 47
leaf_count=73 413 57 657 362 72 53 1061 135 73 559 564 657 74 47 185 82 6651 244 84 41 55 144 73 120 91 49 2683 297 2353 47
internal_value=-0.000584151 0.00412691 -0.00115836 0.00362414 -0.000193731 0.0032571 -0.000947569 0.00138022 0.00199589 0.00268097 0.00180053 -0.00015917 0.00287143 0.00453863 -0.00170718 4.45939e-05 -0.00184317 0.00563741 0.00475571 0.00845304 0.0115929 0.00302314 0.00954331 0.00332927 0.00229295 0.00373747 -0.00191666 0.0027147 -0.00136135 -0.000400361
internal_weight=18056 1961 16095 1888 5837 1831 3947 1890 486 1024 1137 866 209 465 10258 739 9519 694 568 180 139 388 126 573 453 418 9334 346 3461 1108
internal_count=18056 1961 16095 1888 5837 1831 3947 1890 486 1024 1137 866 209 465 10258 739 9519 694 568 180 139 388 126 573 453 418 9334 346 3461 1108
is_linear=0
shrinkage=0.03


Tree=21
num_leaves=31
num_cat=0
split_feature=6 5 5 6 3 5 9 6 1 9 6 9 6 2 7 3 6 7 9 1 8 5 5 8 3 11 8 6 6 7
split_gain=55.6111 13.9337 12.2717 9.17649 9.30885 5.03065 4.53026 4.22213 4.02493 4.17887 3.74334 4.21258 3.36843 3.20177 3.15652 2.87106 2.69327 3.10023 3.64178 2.54624 2.21513 3.72125 4.09097 4.87487 2.92739 3.24062 2.18383 2.17254 2.00617 1.99176
threshold=0.062669766956422471 8.8898595782814898 8.0802369848886979 0.20509103792858599 2.3663689654504005 3.4175922930736511 -0.18696064416492095 0.23173734561948225 -0.14815997136921019 0.39042018602226225 -0.30127499833881138 0.0070339015565737814 0.82067795747230499 0.43415364308975507 0.48089573529826152 15.132041929039275 0.12285973275333185 0.76768097067654995 1.8882934161809024 2.6096990267700995 0.41962054529223752 6.7929052800254102 7.8077133355713011 0.19187698126420141 1.3567128671791411 8.5000000000000018 -0.016335257803725241 0.10792818911010295 1.0000000180025095e-35 0.88711113501944394
decision_type=2 2 2 2 8 2 8 2 2 10 2 10 2 8 2 8 2 2 10 2 8 2 2 10 10 2 10 2 2 2
left_child=1 6 5 4 27 12 -1 15 9 26 -8 -12 14 16 -2 -7 -6 18 19 -18 21 24 -23 -24 -9 -26 -3 -4 -10 -22
right_child=2 8 3 -5 13 7 10 20 28 -11 11 -13 -14 -15 -16 -17 17 -19 -20 -21 29 22 23 -25 25 -27 -28 -29 -30 -31
leaf_value=0.0098677822415783531 0.021950750658865852 0.0012746753531170686 -3.1740931678131709e-05 -0.0016769781666920731 0.00066487762143539861 0.00044767755786913896 0.019397564790886928 -0.0013167397395787519 0.00087570889042362903 0.0017549572555561653 -0.00047845592287769665 0.0043800338239184406 -0.001064724601145308 0.0050443316090888505 0.0037735464654503172 0.0022473582777515107 6.7152821901089217e-05 -0.0012139622684397518 0.0013964609305698703 0.0010630323623130277 -0.0020969524773319457 -0.0013299359872840021 0.011485710142809809 -0.0015695059744672691 0.00081245118966965634 0.0080009697116606941 0.00028563217873178552 -0.00085647692433997035 0.00019580330169099747 0.013881173234809252
leaf_weight=54 45 44 1040 7951 486 315 56 56 312 139 67 463 45 48 52 212 1021 292 58 83 727 325 53 53 97 48 167 3029 650 40
leaf_count=54 45 44 1040 7951 486 315 56 56 312 139 67 463 45 48 52 212 1021 292 58 83 727 325 53 53 97 48 167 3029 650 40
internal_value=-0.000543791 0.00423656 -0.00112446 -0.00144293 -0.000563058 0.00103238 0.00786271 0.000628956 0.00246306 0.00521367 0.00707325 0.00627119 0.00646154 0.00111915 0.00958163 0.00291477 0.000927356 0.000280412 0.000975064 0.000586425 -0.000233572 0.00108057 -0.000493056 0.00459813 0.00444059 0.00667808 0.00253302 -0.00138501 0.00145794 -0.00131641
internal_weight=18028 1952 16076 14008 6057 2068 640 1926 1312 350 586 530 142 1988 97 527 1940 1454 1162 1104 1399 632 431 106 201 145 211 4069 962 767
internal_count=18028 1952 16076 14008 6057 2068 640 1926 1312 350 586 530 142 1988 97 527 1940 1454 1162 1104 1399 632 431 106 201 145 211 4069 962 767
is_linear=0
shrinkage=0.03


Tree=22
num_leaves=31
num_cat=0
split_feature=6 0 0 2 2 2 12 1 0 6 12 0 6 2 6 2 8 7 9 9 1 6 12 7 1 2 7 7 7 7
split_gain=50.9581 13.1788 9.67284 5.61363 5.35159 3.99517 3.70631 3.21108 3.09285 3.08192 3.96303 3.26787 3.00677 3.95607 2.90715 2.8924 2.88456 2.75534 2.91887 2.29161 2.23691 2.23427 2.15259 2.45422 2.11638 2.07949 2.43171 1.92019 3.98543 2.63193
threshold=0.062669766956422471 0.79310647065497053 1.4159950582421463 0.10004199514163339 0.18197282379558324 0.23586028160075742 0.37377096024127371 -0.08079751226001175 1.1525121269782412 0.14059634456072481 0.66493620683204269 1.2624528830800215 0.22175419133928556 0.20162120884817045 -1.0000000180025095e-35 0.054087283999152101 0.43086896720702866 0.79302599270045326 1.6726569399028264 -0.67143774308222415 0.58133823125750572 0.033796413173835756 0.43246515029245663 0.65735121373965322 0.9130090231287874 0.048234777305183614 0.69212592428504516 0.69797838654053934 0.77519159974199481 0.55080867205657058
decision_type=2 8 10 10 8 10 2 2 10 2 2 10 2 10 2 10 8 2 10 8 2 2 2 2 2 10 2 2 2 2
left_child=1 5 4 6 8 -1 15 21 16 11 -11 -6 13 -4 25 -3 -2 18 -15 -14 -20 27 23 -9 -18 -8 -27 29 -29 -5
right_child=2 3 12 7 9 -7 14 22 -10 10 -12 -13 19 17 -16 -17 24 -19 20 -21 -22 -23 -24 -25 -26 26 -28 28 -30 -31
leaf_value=0.0091928150707604895 -0.00015285638025388127 0.007736689349449587 -0.00085909285791644936 0.0030069894313222703 0.00040099887253131598 0.017698244910097468 -0.00014530627378449558 0.00036194516776983033 -0.0007546541275836033 -0.00012736039889245197 0.017090296666028515 0.0014195198336065271 0.00058303525418410993 0.00017384256136804567 -0.00057747889252658994 0.0037515078215076764 0.0010973720123583447 -0.00094659260080698783 0.0024079785189333371 -0.0016815167779953826 2.1433638560069984e-05 0.0012430170146474375 0.0010667799828460469 0.0040607607470860372 0.0060041014184469919 0.001803446916239314 -3.0103298170546392e-05 0.0034997220013378363 0.0022477972625667931 0.0005398734461118783
leaf_weight=99 583 41 1312 114 697 48 115 54 2098 2275 41 274 166 1004 387 44 66 186 67 7226 45 151 537 73 57 97 56 61 41 62
leaf_count=99 583 41 1312 114 697 48 115 54 2098 2275 41 274 166 1004 387 44 66 186 67 7226 45 151 537 73 57 97 56 61 41 62
internal_value=-0.000527216 0.00401312 -0.00108591 0.0033157 -0.000143303 0.0126284 0.00129555 0.00468099 -0.00110588 0.000677919 8.28651e-05 0.00209568 -0.00165964 -0.000784704 0.000525914 0.00715116 0.000611032 0.000386799 0.00095076 -0.00196889 0.00552212 0.00670465 0.00336541 0.00686719 0.00476613 0.00292193 0.0052013 0.00830107 0.0115922 0.00633898
internal_weight=18077 1980 16097 1833 6091 147 740 1093 2804 3287 2316 971 10006 2614 655 85 706 1302 1116 7392 112 429 664 127 123 268 153 278 102 176
internal_count=18077 1980 16097 1833 6091 147 740 1093 2804 3287 2316 971 10006 2614 655 85 706 1302 1116 7392 112 429 664 127 123 268 153 278 102 176
is_linear=0
shrinkage=0.03


Tree=23
num_leaves=31
num_cat=0
split_feature=13 5 5 13 3 13 3 5 7 13 9 5 7 5 3 7 8 7 12 7 7 2 7 7 8 13 9 7 13 12
split_gain=44.8913 19.2624 11.0623 5.29461 6.9559 5.23605 4.63328 5.93517 3.90609 3.82762 3.61846 3.5431 3.44182 3.31135 3.02442 2.8346 3.69321 2.64631 2.60485 2.54715 2.5281 2.49721 2.4722 2.42588 2.81844 2.38448 2.37571 2.25258 2.61281 2.14797
threshold=0.097347186950822909 8.7919419769113265 8.0802369848886979 0.20774391665445527 2.2951283293990632 -0.30127499833881138 19.61066393611436 7.3323683504381592 0.6207367381258112 -0.01971713908741712 1.3865608146300603 3.4175922930736511 0.79302599270045326 10.07223827379681 1.518741257858381 0.67596464099220099 0.14633117357535411 0.48656566409476737 0.40131793345828998 0.55080867205657058 0.66854108076977925 0.23198259712420885 0.37516949025176755 0.72061029328781434 0.444345852117977 0.82067795747230499 0.41275848472686388 0.72875458763823875 0.14059634456072481 0.37377096024127371
decision_type=2 2 2 2 10 2 8 2 2 2 10 2 2 2 10 2 10 2 2 2 2 10 2 2 10 2 10 2 2 2
left_child=1 5 11 4 -4 -1 8 -8 -7 13 20 25 27 17 18 16 -15 -3 -11 22 -10 -22 -16 24 -20 -2 -25 -6 -29 -13
right_child=2 9 3 -5 12 6 7 -9 10 14 -12 29 -14 15 19 -17 -18 -19 23 -21 21 -23 -24 26 -26 -27 -28 28 -30 -31
leaf_value=0.017367658708687148 0.011667673152741798 -0.00031793296679184227 -0.00074440437138521864 -0.001644738933540764 0.00013949616719916258 0.00084442668535850336 0.039172025643231446 0.0027366364657111144 0.0040524349948465564 0.0021803155934835695 0.005472368586555699 -0.002011408284186591 -0.0013154312688517307 0.0075140033256154599 0.00018594149744356213 0.00021472135449875435 0.001647319071428441 0.0010491273358591495 -0.00036310030607677042 0.00035917814074194933 0.0012040191027959978 0.0086589066920685787 0.0010368999595022372 0.00055490727011214369 0.0013838262361878014 -0.0004992996343697486 -4.0647558610266366e-05 0.0017763182329959945 0.00045305787089780611 0.00066906595927743824
leaf_weight=66 97 88 3414 7946 1195 210 50 151 47 63 43 380 257 45 60 56 64 104 1064 406 132 44 126 88 53 50 71 112 220 1362
leaf_count=66 97 88 3414 7946 1195 210 50 151 47 63 43 380 257 45 60 56 64 104 1064 406 132 44 126 88 53 50 71 112 220 1362
internal_value=-0.000600167 0.00272988 -0.00127172 -0.00158022 -0.000835546 0.00692339 0.00611947 0.00993564 0.00449057 0.00136566 0.00689888 0.000874602 0.000682352 0.00421508 0.000836956 0.00731928 0.0101182 0.00152332 4.70142e-05 0.00262057 0.00531696 0.00362712 0.00551872 -0.000249022 -0.000743292 0.00533108 0.00320625 0.00122317 0.0034054 0.000495696
internal_weight=18064 3031 15033 13144 5198 743 677 201 476 2288 266 1889 1784 357 1931 165 109 192 1339 592 223 176 186 1276 1117 147 159 1527 332 1742
internal_count=18064 3031 15033 13144 5198 743 677 201 476 2288 266 1889 1784 357 1931 165 109 192 1339 592 223 176 186 1276 1117 147 159 1527 332 1742
is_linear=0
shrinkage=0.03


Tree=24
num_leaves=31
num_cat=0
split_feature=6 0 5 5 6 3 5 0 3 3 5 2 5 5 2 8 7 7 6 8 12 7 12 2 5 6 0 3 3 8
split_gain=45.5444 13.994 9.7086 8.09614 4.53368 5.88467 3.88264 3.37671 2.91428 2.73419 3.39731 2.69612 2.65941 2.83184 2.64398 2.87252 2.57708 2.88193 3.32523 2.51233 2.61848 2.50726 2.69235 2.50569 3.06192 2.4024 3.07306 2.3804 2.33491 2.2211
threshold=0.099240375258315985 0.79310647065497053 9.0336031863560979 8.8898595782814898 0.20774391665445527 2.2951283293990632 3.4175922930736511 1.008296012518211 1.5563287000641282 19.61066393611436 7.3323683504381592 0.086585487999094143 9.8560289958785905 10.583308836345422 0.058819080655618465 0.52258818031146437 0.79302599270045326 0.72875458763823875 0.12285973275333185 0.019183085926522892 0.52071591152722796 0.72061029328781434 0.40131793345828998 0.23586028160075742 8.5525602607167706 0.23173734561948225 173.87500000000003 43.424786254182983 12.952136365489656 0.444345852117977
decision_type=2 8 2 2 2 8 2 10 10 8 2 10 2 2 10 10 2 2 2 8 2 2 2 10 2 2 8 8 10 10
left_child=1 23 6 9 5 -4 -2 11 21 14 -11 -5 -10 19 -3 -16 17 -7 -19 -14 -21 22 -9 24 -1 28 -27 -28 -8 -24
right_child=2 3 4 7 -6 16 25 8 12 10 -12 -13 13 -15 15 -17 -18 18 -20 20 -22 -23 29 -25 -26 26 27 -29 -30 -31
leaf_value=0.014009617571338191 0.0074641268216248434 0.005927011960543036 -0.00081111960263478898 0.00058228881932241279 -0.0016613868102718903 6.2358537409719253e-05 8.2722247990695889e-06 0.0020379064601749883 6.784084117577556e-05 0.037838562349596296 0.0026693984963703748 0.0012190546468465163 0.00034247879569745569 0.00017636476266337384 0.0022700651952416388 -0.00059150867292537702 -0.0014988176215953567 0.002105550403064638 0.00068664662245042384 0.00027960434829949035 0.0013290303366811362 0.00038652380206108871 -0.00043486194612039588 0.017714042764772505 0.00080556303232545527 -0.001134007125650374 0.0017867755624724386 -0.00099943655485941192 0.0011470225459033984 0.0012119570840692115
leaf_weight=48 140 67 3074 246 6668 974 859 52 246 41 160 217 44 113 367 85 204 43 224 41 106 142 1008 43 40 1711 484 285 351 50
leaf_count=48 140 67 3074 246 6668 974 859 52 246 41 160 217 44 113 367 85 204 43 224 41 106 142 1008 43 40 1711 484 285 351 50
internal_value=-0.000610953 0.00268912 -0.00129585 0.00226557 -0.00174214 -0.00100819 7.83014e-06 0.00138349 0.00079534 0.00503467 0.00800495 0.00366595 0.00261343 0.00448525 0.00387115 0.00303311 0.000570539 0.00108454 0.00383955 0.00670312 0.00857432 -4.78922e-06 -0.000486049 0.01225 0.00916854 -0.000178814 -0.000713423 0.000861038 0.000916597 -0.000815865
internal_weight=18133 3116 15017 2985 11187 4519 3830 2265 1802 720 201 463 550 304 519 452 1445 1241 267 191 147 1252 1110 131 88 3690 2480 769 1210 1058
internal_count=18133 3116 15017 2985 11187 4519 3830 2265 1802 720 201 463 550 304 519 452 1445 1241 267 191 147 1252 1110 131 88 3690 2480 769 1210 1058
is_linear=0
shrinkage=0.03


Tree=25
num_leaves=31
num_cat=0
split_feature=6 5 5 0 6 3 3 4 7 6 12 6 5 7 3 12 3 6 0 4 5 3 9 4 5 5 5 7 12 5
split_gain=39.2044 13.7441 9.06209 5.55902 4.81304 6.13745 4.86308 8.47808 5.97529 4.8655 4.55878 4.40578 3.19074 4.39628 3.1024 3.24849 2.97768 2.74812 3.3164 2.6617 2.59133 3.98529 2.29135 2.14089 2.32172 2.06425 2.05134 3.51275 3.25614 2.72087
threshold=0.10266634896360306 8.7700508696984709 8.0294327875302809 0.79310647065497053 0.27816480997725096 2.3374069183000317 2.5668365730716469 0.7340497051224093 0.48656566409476737 0.16474315939365528 0.39654670120448038 1.0000000180025095e-35 3.4175922930736511 0.4345781203557772 1.518741257858381 0.51669348469385146 19.61066393611436 0.23036409911570302 173.87500000000003 1.3633957431973001 7.4838065296799909 118.03109145649019 0.48480549412846147 0.5297591101881447 9.8153118601413336 9.3406227412758369 7.9731553740730181 0.66667912157988096 0.44326886183451136 6.7363734861220914
decision_type=2 2 2 8 2 10 10 10 2 2 2 2 2 2 10 2 8 2 10 10 2 10 10 10 2 2 2 2 2 2
left_child=1 3 12 -1 5 -4 7 8 -7 -8 -11 19 13 -2 25 -16 26 -14 -19 -3 -18 22 -22 -17 -25 -13 28 -28 29 -5
right_child=2 11 4 16 -6 6 9 -9 -10 10 -12 14 17 -15 15 23 20 18 -20 -21 21 -23 -24 24 -26 -27 27 -29 -30 -31
leaf_value=0.014722546700178397 0.01905441213613265 0.00078218016124116663 -0.00092728939269732429 0.0065184144987842302 -0.0019873651784637655 0.0046935998690385379 0.00048372550904866065 -0.00018914067353129475 0.00026605020252562652 0.0033056317882366793 -0.00073539906461269797 0.00059695970883759646 0.00097618510425493397 0.0018231517933161455 -9.5298732185605367e-05 0.0012046670881414841 0.017285824535022976 -0.00051843244423810874 0.0023312746147503335 0.001651416717009251 0.0050259064321079442 -0.00053365911805194801 0.0016638836060543366 -0.00010912033866291456 0.0011003183032170189 -0.00021105274141922453 0.0031145605203037408 0.0038147776335388031 -0.00060162666366072367 -5.0668064732450882e-05
leaf_weight=92 55 351 4520 110 4926 71 784 225 66 45 2378 238 391 98 189 109 53 1287 64 138 44 48 46 140 219 1128 50 93 142 61
leaf_count=92 55 351 4520 110 4926 71 784 225 66 45 2378 238 391 98 189 109 53 1287 64 138 44 48 46 140 219 1128 50 93 142 61
internal_value=-0.000614636 0.00236993 -0.00126551 0.00596351 -0.00154771 -0.00109728 -0.000167228 0.00312397 0.00897826 -0.000539589 -0.00120421 0.00131078 0.000672468 0.00481169 0.000692193 0.0023845 0.00496759 0.000306368 -0.00033506 0.00386326 0.00810937 0.0058705 0.00956044 0.00372281 0.00259167 -0.000122898 0.00363676 0.00660417 0.00226433 0.0050407
internal_weight=18161 3251 14910 739 13015 8089 3569 362 137 3207 2423 2512 1895 153 2023 657 647 1742 1351 489 191 138 90 468 359 1366 456 143 313 171
internal_count=18161 3251 14910 739 13015 8089 3569 362 137 3207 2423 2512 1895 153 2023 657 647 1742 1351 489 191 138 90 468 359 1366 456 143 313 171
is_linear=0
shrinkage=0.03


Tree=26
num_leaves=31
num_cat=0
split_feature=6 6 2 0 3 12 0 12 3 2 6 9 12 3 3 3 2 6 6 2 3 6 8 12 12 3 2 2 0 11
split_gain=38.6267 12.2262 7.86016 5.02498 5.77865 4.64985 4.3581 4.00511 3.85369 6.40991 3.63953 3.99244 3.26989 3.49123 3.10593 4.92953 3.02852 3.42419 3.00539 2.89275 2.84747 2.64111 2.59836 2.59803 3.9038 2.47542 2.46111 2.44814 2.43299 2.22199
threshold=0.10266634896360306 -0.30127499833881138 0.2349599672283218 1.4053019619473526 2.6099634676957089 0.56573588292672061 1.0809603262884691 0.47815933025075802 9.538089804822679 0.40033897095900811 0.27816480997725096 -0.85576102661335829 0.36120511938173433 1.0605256580959836 2.3374069183000317 2.5668365730716469 0.24996720351379251 0.24618989906282709 0.16835023690457088 0.27039231885536502 1.518741257858381 0.23336206282884667 0.32615099359385585 0.30634117186043736 0.48001094690749868 42.122746829355862 0.23020994534209235 0.30465181966971872 0.99335719887016005 8.5000000000000018
decision_type=2 2 10 10 8 2 10 2 8 10 2 8 2 10 10 10 10 2 2 10 10 2 8 2 2 10 10 10 10 2
left_child=1 -1 12 4 6 7 22 19 9 -6 11 -5 13 -3 -13 16 17 29 26 -4 28 -10 -2 -24 -25 -7 -17 -27 -14 -16
right_child=3 2 5 10 8 25 -8 -9 21 -11 -12 14 20 -15 15 18 -18 -19 -20 -21 -22 -23 23 24 -26 27 -28 -29 -30 -31
leaf_value=0.015275144524131689 -0.00075860560130681768 0.0081367082918927074 0.0050059183971126056 0.0056401677034996749 0.00048278260371767401 0.0017955020399152417 -0.00076561709129232842 0.00028596322807740774 0.00056932968464310809 0.010660686831236707 -0.0019457532434863283 -0.0012643606931259101 0.00094649201501391411 0.00075537243724445335 0.0049578983768312204 -0.00011838577214821639 -0.00058810134474702048 0.0033318318277296968 -0.00071315264236304816 0.0043231234456059028 0.00058039399885642066 -0.0010223331886592606 -0.0053053234144048245 0.0121805786741714 0.011012195403209867 0.0026783893041239324 0.0016070368649278484 0.0363431332785401 -2.3445215703483746e-07 -0.00074970793954641664
leaf_weight=76 86 57 44 48 341 87 2842 211 522 97 5254 2042 391 67 65 304 110 50 2098 76 635 579 42 42 108 55 148 40 1456 50
leaf_count=76 86 57 44 48 341 87 2842 211 522 97 5254 2042 391 67 65 304 110 50 2098 76 635 579 42 42 108 55 148 40 1456 50
internal_value=-0.000621339 0.00237015 0.00207788 -0.00126603 -0.000450001 0.00546887 -0.00119193 0.00333434 0.0010539 0.00343052 -0.00163982 -0.00105269 0.00140851 0.006144 -0.00113825 -0.000493631 0.00331522 0.00587349 -0.000905528 0.00768595 0.00116955 0.00010617 0.0023871 0.00432124 0.00615894 0.00931147 0.00131126 0.0126562 0.000573051 0.00297414
internal_weight=18023 3195 3119 14828 4659 513 3120 331 1539 438 10169 4915 2606 124 4867 2825 275 165 2550 120 2482 1101 278 192 150 182 452 95 1847 115
internal_count=18023 3195 3119 14828 4659 513 3120 331 1539 438 10169 4915 2606 124 4867 2825 275 165 2550 120 2482 1101 278 192 150 182 452 95 1847 115
is_linear=0
shrinkage=0.03


Tree=27
num_leaves=31
num_cat=0
split_feature=13 13 5 13 5 12 2 5 13 9 13 7 3 0 9 12 1 1 3 7 7 1 13 13 5 7 7 13 0 13
split_gain=32.2223 10.7541 10.2032 6.39411 6.28279 5.4181 3.833 3.13497 3.29817 2.94321 3.36487 2.8208 2.74523 2.74244 3.64361 2.62257 2.56926 2.53422 2.7165 3.06524 4.55289 2.39811 2.17342 2.1556 2.08731 2.04016 2.6783 2.08759 2.3673 1.90838
threshold=0.070954836346015085 -0.30127499833881138 9.0336031863560979 0.20648288461095191 8.9273141022540941 0.5664888933875637 0.39421689269990928 7.1963113371376508 0.95594831705173477 -0.18696064416492095 0.23749900709002428 0.72743883845011881 2.2403747703336259 1.4748957152434425 1.6726569399028264 0.40980802514412601 -0.64221539027982322 -0.14815997136921019 1.2409005944180564 0.68642205261725386 0.76251390715872336 1.6406572038011633 0.26056362780591963 0.10464189850194751 3.4175922930736511 0.79302599270045326 0.72875458763823875 0.14059634456072481 1.2704121747241723 0.19084698395055802
decision_type=2 2 2 2 2 2 8 2 2 8 2 2 10 10 10 2 2 2 8 2 2 2 2 2 2 2 2 2 10 2
left_child=1 -1 7 6 5 -3 12 8 24 11 13 22 15 -11 -15 21 -7 18 -6 -20 -21 -4 -9 -17 -2 26 -14 28 -28 -26
right_child=2 4 3 -5 17 16 -8 9 -10 10 -12 -13 25 14 -16 23 -18 -19 19 20 -22 -23 -24 -25 29 -27 27 -29 -30 -31
leaf_value=0.014731200926385003 0.0097720570494934447 0.0028838023204403964 0.0013937589740071438 -0.0015481601165795811 0.0001420176691421061 0.0022664358896902024 0.0044304137970782856 0.00088888674090318188 -0.0055927157317391682 -0.00012928613888087918 -0.0013512391240141238 -0.00071390683896937156 1.1353799548212963e-05 0.0004927277593852412 0.0023793188549093183 8.0667431826806845e-06 0.035214767846412372 0.00029615931190527883 0.00078226607550503657 0.0011288556806875892 0.00087851461145993775 -0.0014658265867873396 0.0081981137898584824 -0.00076626743875878782 0.0016955833810872116 -0.0015591865828010777 0.0002725750293406137 0.00037071787465343443 0.0017001240005948919 0.00076423930631237444
leaf_weight=81 108 501 71 6735 152 46 42 65 137 844 1507 75 1044 289 62 693 65 1117 138 53 41 60 62 2749 170 227 40 169 69 728
leaf_count=81 108 501 71 6735 152 46 42 65 137 844 1507 75 1044 289 62 693 65 1117 138 53 41 60 62 2749 170 227 40 169 69 728
internal_value=-0.000570532 0.00283736 -0.00103957 -0.0014821 0.00242242 0.00498205 -0.000687706 0.00026161 0.00159178 -0.000262307 -0.000523863 0.00322167 -0.000762445 0.000664715 0.0028892 -0.00121964 0.0109554 0.00137616 0.00347532 0.00551073 0.00966316 0.00293182 0.00592969 -0.00137845 0.00218669 0.000292257 0.000743763 0.00335484 0.00657273 0.00170856
internal_weight=18140 2194 15946 11899 2113 612 5164 4047 1143 2904 2702 202 5122 1195 351 3573 111 1501 384 232 94 131 127 3442 1006 1549 1322 278 109 898
internal_count=18140 2194 15946 11899 2113 612 5164 4047 1143 2904 2702 202 5122 1195 351 3573 111 1501 384 232 94 131 127 3442 1006 1549 1322 278 109 898
is_linear=0
shrinkage=0.03


Tree=28
num_leaves=31
num_cat=0
split_feature=6 6 5 6 6 12 12 5 7 7 12 0 0 6 7 7 7 7 5 1 6 7 12 1 5 8 7 6 7 1
split_gain=26.8747 9.82424 9.03911 5.19923 4.4537 3.07092 2.47012 2.62227 3.96247 2.46417 2.40811 2.45569 2.35034 2.12625 1.99447 1.95628 4.16803 2.50595 2.15436 3.84386 1.85753 3.14971 1.80074 1.76858 2.20946 1.73744 2.03101 2.31701 3.4998 1.71293
threshold=0.10266634896360306 -0.30127499833881138 8.0802369848886979 1.0000000180025095e-35 0.3045360134814859 0.37377096024127371 0.37377096024127371 4.2903656061101136 0.49907338930864509 0.56577582480957345 0.39654670120448038 1.2905116434848918 173.87500000000003 0.52235738463109549 0.44995289694985269 0.79302599270045326 0.74054729912613115 0.69212592428504516 7.9731553740730181 0.26854679629394851 0.23749900709002428 0.88711113501944394 0.42794392878486176 -0.14815997136921019 10.343434598251649 0.1031883790118855 0.60341257373861656 0.20065251746842819 0.72574625414231242 -0.52266840840319084
decision_type=2 2 2 2 2 2 2 2 2 2 2 10 10 2 2 2 2 2 2 2 2 2 2 2 2 10 2 2 2 2
left_child=1 -1 6 9 10 -5 -2 8 13 29 11 -4 20 -8 -7 16 17 18 -11 -20 22 -22 -9 24 25 26 -12 28 -28 -3
right_child=2 3 4 5 -6 14 7 12 -10 15 23 -13 -14 -15 -16 -17 -18 -19 19 -21 21 -23 -24 -25 -26 -27 27 -29 -30 -31
leaf_value=0.014392091733576062 -0.0019954385358423761 0.0016862497290300532 -0.00011627707893166188 0.0029150925054160564 -0.0022441738386497537 -0.00033347611359985145 0.028990083816245425 0.0016611954292606629 0.00093969134217998268 0.0055242646317893362 -5.3755271229956507e-05 0.0024925097356103803 0.0017679676279344781 0.010360016019756765 0.00029700412197088171 -1.3946433641447517e-05 0.0058952240209168413 0.00038692326322807422 0.0019409117806510191 0.0030634571112366019 -0.00051366441163163204 0.013718615966434901 0.00030796919497345275 -0.00072899617476402041 -0.00086989217723677803 -0.00019292304483596503 0.00042386475578115698 0.00016484552511579503 0.0016886426514579657 0.00023498909410569531
leaf_weight=75 425 84 130 77 4030 710 41 64 95 70 176 53 73 40 1549 64 71 141 49 40 817 72 330 7412 418 492 62 79 50 280
leaf_count=75 425 84 130 77 4030 710 41 64 95 70 176 53 73 40 1549 64 71 141 49 40 817 72 330 7412 418 492 62 79 50 280
internal_value=-0.000713725 0.00177515 -0.00125148 0.00151626 -0.00153964 0.000801026 0.00064811 0.00120939 0.00464407 0.00360375 -0.00116376 0.00223369 0.0007605 0.00947561 0.000598672 0.00512615 0.00595968 0.00438538 0.00695625 0.0100333 0.00046028 -0.000300001 0.00217215 -0.00123556 -0.000204226 0.000666278 0.00222554 0.00435937 0.00711504 0.00177534
internal_weight=18069 3210 14859 3135 12902 2336 1957 1532 176 799 8872 183 1356 81 2259 435 371 300 159 89 1283 889 394 8689 1277 859 367 191 112 364
internal_count=18069 3210 14859 3135 12902 2336 1957 1532 176 799 8872 183 1356 81 2259 435 371 300 159 89 1283 889 394 8689 1277 859 367 191 112 364
is_linear=0
shrinkage=0.03


Tree=29
num_leaves=31
num_cat=0
split_feature=6 5 0 6 3 5 6 0 3 3 12 6 12 2 8 8 12 3 5 5 0 3 3 12 8 12 5 8 12 12
split_gain=27.2703 9.72202 7.71676 6.59543 3.82334 3.19802 2.59303 3.579 3.2304 3.22758 2.87767 2.57083 4.96444 4.28462 2.23501 2.12419 2.11411 2.09704 1.96208 1.91299 1.83114 1.80777 3.1828 1.6606 1.57151 2.0837 1.55014 1.47877 1.44825 3.73303
threshold=0.062669766956422471 8.9775251930001527 0.70934724566553686 0.15614643298000355 2.2951283293990632 8.9273141022540941 0.23173734561948225 173.87500000000003 15.132041929039275 41.29497917381557 0.56418272194950858 0.3045360134814859 0.39654670120448038 0.20033447921138317 0.23711768293944444 -0.13675207921162955 0.38480357719275898 1.2169055646876001 7.1963113371376508 9.8846869227479388 1.008296012518211 50.017422447993916 46.538436000053302 0.5664888933875637 0.6022437361882057 0.53522948847951379 9.0983467934514408 0.1757270346600909 0.36120511938173433 0.50978111560249773
decision_type=2 2 8 2 8 2 2 8 8 8 2 2 2 10 8 8 2 10 2 2 10 10 8 2 10 2 2 10 2 2
left_child=2 6 -1 4 -3 23 8 15 -2 28 18 12 13 -5 -12 -8 -7 26 -10 20 -19 22 -6 24 25 -4 -18 -25 -9 -30
right_child=1 3 5 11 21 16 7 9 10 -11 14 -13 -14 -15 -16 -17 17 19 -20 -21 -22 -23 -24 27 -26 -27 -28 -29 29 -31
leaf_value=0.014256184476808736 0.00013486811662330938 -0.00030163478522623598 0.0043598310758129529 -0.0006272479694314939 0.00036091782276739104 0.0022269035136032798 0.012910337248176161 -0.004634179232114205 0.0020640145596258958 -0.00088802678439810602 0.0019042561179884964 -0.0023015198405105792 -0.00088104025715441423 0.0031688399448307411 0.011455040597472032 -0.0011210300533471248 0.0033048976968344129 0.00085989278585727597 0.00030314656718833473 0.0011840991560273665 -9.4934094319092802e-05 -0.00089982134420868779 0.002432599288183832 0.00082456593671821588 -7.9725720990859327e-05 -0.00051545249540333273 -6.5934505303776424e-05 0.03422955369278053 0.010643366236545384 0.0011243985796484724
leaf_weight=69 948 2406 356 74 621 51 42 65 70 335 69 3283 5630 58 48 1605 52 93 245 314 226 93 47 49 86 53 594 41 131 366
leaf_count=69 948 2406 356 74 621 51 42 65 70 335 69 3283 5630 58 48 1605 52 93 245 314 226 93 47 49 86 53 594 41 131 366
internal_value=-0.000634072 -0.0010422 0.00268413 -0.00145959 -0.000281251 0.00232516 0.000256815 -0.000311199 0.0013034 0.00121269 0.00345035 -0.0018721 -0.00148985 0.0042406 0.00744915 -0.00114138 0.00151014 0.00126797 0.0019462 0.00249369 0.000853124 0.00157087 0.00211659 0.00417235 0.00347782 0.00425122 6.49143e-05 0.00791209 0.00260035 0.0031506
internal_weight=18120 16136 1984 12212 3167 1915 3924 2544 1380 897 432 9045 5762 132 117 1647 1330 1279 315 633 319 761 668 585 495 409 646 90 562 497
internal_count=18120 16136 1984 12212 3167 1915 3924 2544 1380 897 432 9045 5762 132 117 1647 1330 1279 315 633 319 761 668 585 495 409 646 90 562 497
is_linear=0
shrinkage=0.03


Tree=30
num_leaves=31
num_cat=0
split_feature=6 6 9 6 2 12 9 6 1 12 7 7 6 4 11 6 4 2 8 8 8 4 1 8 9 7 12 7 6 12
split_gain=26.8553 10.4986 3.7261 5.23537 5.67782 3.91533 3.1724 2.72675 2.73191 2.64573 3.40838 1.96881 1.82915 2.92646 2.12667 1.81655 1.7651 1.92688 1.71987 2.80038 1.33491 1.40743 1.33228 1.26683 1.23063 1.77079 1.7624 2.49231 6.42493 1.92189
threshold=0.10266634896360306 -0.30127499833881138 -0.18696064416492095 0.22908621245684382 0.17732467779013669 0.39654670120448038 -0.40204854588445665 0.15081573335001511 5.0006115769159463 0.40646368242426295 0.44995289694985269 0.22743188815460028 0.0067074800305597657 1.933870192402021 10.500000000000002 0.18967962718592138 0.60937546361051032 0.24047489126697119 0.038554656659820226 0.019183085926522892 -0.031755333090092749 0.64708509407456727 1.2233152433490444 0.046825647851916417 0.48480549412846147 0.56956579898425186 0.55326571565556859 0.46079532936770218 0.27816480997725096 0.43977942194547304
decision_type=2 2 10 2 8 2 8 2 2 2 2 2 2 10 2 2 10 10 10 8 8 10 2 10 10 2 2 2 2 2
left_child=1 -1 20 4 -4 15 -3 18 16 11 -11 -8 13 14 -12 -6 17 22 19 -7 21 -2 -9 -19 25 26 29 28 -28 -5
right_child=2 6 3 24 5 7 9 8 -10 10 12 -13 -14 -15 -16 -17 -18 23 -20 -21 -22 -23 -24 -25 -26 -27 27 -29 -30 -31
leaf_value=0.012972250140446352 0.0096938216984657384 0.0077255399288828916 -0.00086103191592240005 0.0014722952773413571 0.00093894049381517428 0.00034728497059280069 0.002114542827238363 -0.00031897210773751774 0.001149549204530695 -0.00012567683965975231 0.00078481212839438298 0.0023446995895696657 0.00030930146693502531 0.0046583864589561713 0.0025300565692005033 0.0028166814170924549 -0.00070054975442199185 -0.00058799925858777692 0.00020102632900639039 0.0013959868646861019 -0.00024981303709462494 0.00013237002904026602 0.0005417302320007008 0.0010941076268890359 -0.001824978670382538 -0.0014882020717585038 0.0039072573529508456 -0.00056148204024831919 -0.001483058302292932 -0.00087022219641569906
leaf_weight=78 44 42 2448 132 48 163 56 335 42 864 315 233 1474 55 98 44 1994 41 658 74 1885 124 45 149 4102 1489 44 103 51 781
leaf_count=78 44 42 2448 132 48 163 56 335 42 864 315 233 1474 55 98 44 1994 41 658 74 1885 124 45 149 4102 1489 44 103 51 781
internal_value=-0.000679714 0.00180504 -0.00121971 -0.00141078 -0.00077011 -1.08521e-05 0.0015325 -0.000172188 -0.000662832 0.00141957 0.00113716 0.00414828 0.00183428 0.00346695 0.00258696 0.00606452 -0.000788305 0.000683012 0.00125558 0.00344118 -3.35937e-05 0.00252071 -0.000551182 0.00314136 -0.00198807 -0.00147636 -0.000569245 0.00198995 0.00546875 -0.00112582
internal_weight=18011 3215 14796 12743 6041 3593 3137 3501 2606 3095 2806 289 1942 468 413 92 2564 570 895 237 2053 168 380 190 6702 2600 1111 198 95 913
internal_count=18011 3215 14796 12743 6041 3593 3137 3501 2606 3095 2806 289 1942 468 413 92 2564 570 895 237 2053 168 380 190 6702 2600 1111 198 95 913
is_linear=0
shrinkage=0.03


Tree=31
num_leaves=31
num_cat=0
split_feature=6 6 5 9 6 3 12 2 5 3 5 5 6 6 12 9 5 9 2 3 4 5 12 4 4 8 5 2 9 8
split_gain=23.4381 8.24199 8.22091 5.41684 4.03937 4.69588 3.17434 2.90724 2.12363 2.07759 2.00557 1.96324 2.63959 2.40531 2.1141 1.82343 3.32834 2.06638 2.26039 1.82072 1.73225 2.10892 2.21249 1.61771 2.74947 1.59961 1.48565 1.47108 1.5125 1.40997
threshold=0.10266634896360306 -0.30127499833881138 9.0336031863560979 -0.40204854588445665 0.20648288461095191 2.3986605180541392 0.42794392878486176 0.39421689269990928 9.5183763842326634 5.7278510053174392 11.406692333481983 7.1963113371376508 0.16712390628824461 0.36510725631015456 0.32195612057937478 0.13113623171366451 9.7137485503037837 -0.084626793763950853 0.13594023664589239 1.53679400547165 0.60937546361051032 9.5401116195561535 0.62532210918754949 0.84502112648869376 1.3800739331902194 0.53234559898168576 7.4838065296799909 0.19842466355899674 0.69332374462510782 0.32615099359385585
decision_type=2 2 2 8 2 8 2 8 2 8 2 2 2 2 2 10 2 10 10 10 10 2 2 10 10 8 2 10 10 10
left_child=1 -1 11 -3 5 15 8 20 25 10 -8 12 -2 19 -14 16 17 -4 -19 -13 21 -7 27 -16 -25 29 -11 -23 -29 -5
right_child=2 3 4 6 -6 7 9 -9 -10 26 -12 13 14 -15 23 -17 -18 18 -20 -21 -22 22 -24 24 -26 -27 -28 28 -30 -31
leaf_value=0.012648449365519728 0.0019388346759478697 0.0074734791236244361 -0.00092202959229356347 0.0027512079215712502 -0.0014820575684360009 0.00078054579500067662 9.468984288325992e-05 0.0043273894922852543 0.00058267900515622756 0.034290317678775321 0.0010536225653990051 -0.0010293710426327526 -0.0040744764438181216 -0.0019579637113200897 -0.00044824164153837651 -0.00087740122092265342 -0.00078186397317443388 -0.00018135478618301945 0.0033466264484171091 0.00036004486811088842 -0.00014359730826181289 -0.001819049258354508 -0.0005432871143054909 0.0054104955067791928 0.00075913595858206505 0.00076411683961623799 0.00083133328649936001 0.0033813866033244326 -0.00016739032755287489 0.0078603415426753368
leaf_weight=77 99 44 68 154 6637 49 2086 42 181 44 66 369 215 868 293 2118 573 40 91 1502 1015 51 101 155 348 59 512 94 41 40
leaf_count=77 99 44 68 154 6637 49 2086 42 181 44 66 369 215 868 293 2118 573 40 91 1502 1015 51 101 155 348 59 512 94 41 40
internal_value=-0.000667444 0.00163327 -0.00117583 0.00139692 -0.00159601 -0.000877452 0.00124849 0.000553084 0.00362759 0.000866001 0.000443102 1.63629e-05 0.00108011 -0.000414964 0.000619565 -0.00156693 -0.000318241 0.003015 0.00520454 0.000190704 0.000308431 0.00217211 0.00117708 0.0013325 0.00236309 0.00539764 0.0024991 0.0031123 0.00474265 0.00670769
internal_weight=18032 3263 14769 3186 10920 4283 3142 1393 434 2708 2152 3849 1110 2739 1011 2890 772 199 131 1871 1351 336 287 796 503 253 556 186 135 194
internal_count=18032 3263 14769 3186 10920 4283 3142 1393 434 2708 2152 3849 1110 2739 1011 2890 772 199 131 1871 1351 336 287 796 503 253 556 186 135 194
is_linear=0
shrinkage=0.03


Tree=32
num_leaves=31
num_cat=0
split_feature=6 6 5 5 6 12 8 3 5 7 12 4 1 6 3 12 7 5 9 3 6 7 9 7 8 5 4 4 3 9
split_gain=20.2027 11.266 6.45828 4.7432 3.40741 4.15035 3.49518 2.82274 2.78254 2.65704 4.38891 2.53285 2.45966 2.39746 2.21598 2.21093 3.44947 2.08707 1.98327 2.2552 2.7498 2.80596 2.13182 2.28148 1.9007 1.95444 1.93351 1.82493 1.72037 2.68251
threshold=0.12626082861426727 -0.30127499833881138 8.9775251930001527 9.3549600578419625 0.3045360134814859 0.39654670120448038 0.41016625347132757 5.6466937213198269 3.4175922930736511 0.17357492744106029 0.64553937507962489 0.7340497051224093 -0.57431735736747525 -0.0075719317799949329 50.017422447993916 0.41953514778739992 0.46500921752504437 9.7137485503037837 2.0896743768765025 2.0123565839945203 0.21756712301305739 0.74242014729364936 0.097760334590828238 0.65078636581618765 0.41962054529223752 6.7929052800254102 1.4612869428990003 1.5699487044562443 60.513309279720197 -0.093971883301103606
decision_type=2 2 2 2 2 2 8 8 2 2 2 10 2 2 10 2 2 2 10 10 2 2 10 2 8 2 10 10 10 8
left_child=1 -1 8 9 5 6 -4 13 11 -3 15 -2 17 -5 -9 16 -11 -7 19 -10 21 22 -21 -24 25 26 -22 -13 29 -27
right_child=2 3 4 7 -6 12 -8 14 18 10 -12 27 -14 -15 -16 -17 -18 -19 -20 20 24 -23 23 -25 -26 28 -28 -29 -30 -31
leaf_value=0.012661196260274732 -0.0011126961235419157 -0.001918922867386102 0.0005900390280628075 0.00051839663613162704 -0.0021236026125177189 0.00081045635124322535 0.003396387550918669 0.0010702955779733584 -0.00097193987336899399 0.0072929739228704488 0.015549561195727148 0.0098262867303831186 -0.00074388093412395531 -0.00014105196725706153 -0.0007528147828876413 0.00073917658809522749 0.0025101336969433389 -0.00028983153901041068 -0.0015533152693433243 0.00024445423419324793 0.0055298901896924423 -0.00024599459067404714 0.0015991950933156099 0.0016915540577499845 -0.001301607121509424 0.005873495949063689 0.00013047846246636133 0.0034807613358864217 -0.00091655132346837409 0.00017759720767255115
leaf_weight=71 59 101 101 229 3312 141 46 400 882 47 62 49 6498 2010 72 1042 193 313 461 97 46 121 114 105 632 62 49 40 247 547
leaf_count=71 59 101 101 229 3312 141 46 400 882 47 62 49 6498 2010 72 1042 193 313 461 97 46 121 114 105 632 62 49 40 247 547
internal_value=-0.000707273 0.00110903 -0.00125878 0.000904979 -0.00163398 -0.00126296 0.00370946 0.000164822 -0.000146071 0.00229253 0.00264535 0.00386577 -0.00136862 -0.000279911 0.00227061 0.00226344 0.00485477 0.000764834 -0.000323722 -3.307e-05 0.000519544 0.00262329 0.00410725 0.00574091 -6.25007e-05 0.000784663 0.00484375 0.00703333 0.000329054 0.00118525
internal_weight=18149 4227 13922 4156 10411 7099 147 2711 3511 1445 1344 148 6952 2239 472 1282 240 454 3363 2902 2020 437 316 219 1583 951 95 89 856 609
internal_count=18149 4227 13922 4156 10411 7099 147 2711 3511 1445 1344 148 6952 2239 472 1282 240 454 3363 2902 2020 437 316 219 1583 951 95 89 856 609
is_linear=0
shrinkage=0.03


Tree=33
num_leaves=31
num_cat=0
split_feature=6 6 5 6 5 1 2 12 5 7 7 8 6 7 8 4 12 5 11 2 12 12 2 12 8 2 1 12 8 6
split_gain=18.1917 8.83124 8.39535 4.61119 3.58924 4.45067 3.26779 2.52731 2.11931 2.70042 2.05885 1.83304 1.88432 1.83867 3.12609 2.52755 2.82585 4.69228 1.83422 1.80265 1.99952 1.72114 1.64397 1.50074 1.46125 2.77328 1.38792 1.33071 1.64198 1.49595
threshold=0.10266634896360306 -0.30127499833881138 8.9775251930001527 0.31165247740043261 6.7363734861220914 -0.43776115076789945 0.4379827288074391 0.39100629057196373 3.4175922930736511 0.45351338471230235 0.59699370247786876 0.41962054529223752 0.42883248867445595 0.7460998727262198 0.40029205021748165 2.1718435481063225 0.61013058180236046 7.8543805330358687 8.5000000000000018 0.1540915473734393 0.39100629057196373 0.45714926616676282 0.36595971407031697 0.63878660986506441 0.75990970749096498 0.5127230041609725 -0.54535736978865634 0.39654670120448038 0.41492149620211566 0.15614643298000355
decision_type=2 2 2 2 2 2 8 2 2 2 2 8 2 2 10 10 2 2 2 10 2 2 10 2 8 8 2 2 10 2
left_child=1 -1 8 6 5 -3 26 -7 9 -2 19 13 24 15 -15 16 -10 -18 -17 20 -6 -12 23 -23 -13 -26 -4 28 -28 -29
right_child=2 4 3 -5 10 7 -8 -9 11 -11 21 12 -14 14 -16 18 17 -19 -20 -21 -22 22 -24 -25 25 -27 27 29 -30 -31
leaf_value=0.012566388662426337 0.01479534257828787 0.0079980048756369444 5.618491593235673e-05 -0.0020892826384307974 0.0020883748717150491 0.0060012300769681165 0.0035109429996265616 -0.0019501696815926496 0.0001729233874651244 0.0014166404313000062 0.0022743925709757108 -0.00093945341810308246 -0.0028189576983666991 -0.00053788107145383551 0.012179377225995248 0.00069124311813038831 -0.00010216574196703429 0.0067581065128926509 0.0024157044327102759 0.00034917869465464973 -0.0004303668534851916 0.00039538962172861152 0.033470277651695926 -0.00075705150678867668 0.00012406948828935918 0.0027875329063774545 -0.00042462856208368713 -0.00013027780901276711 0.0027316803484981255 -0.00088975722186985682
leaf_weight=70 59 40 537 3195 52 75 40 72 1265 90 197 356 701 688 40 67 70 62 42 582 907 1147 45 77 206 67 119 1828 45 5351
leaf_count=70 59 40 537 3195 52 75 40 72 1265 90 197 356 701 688 40 67 70 62 42 582 907 1147 45 77 206 67 119 1828 45 5351
internal_value=-0.000661914 0.00136539 -0.00110823 -0.00152078 0.00113239 0.00515425 -0.00113243 0.00269595 0.000126817 0.00362 0.000880651 -2.01971e-05 -0.000901578 0.000504697 -0.000732511 0.00110285 0.00075751 0.00491729 0.00548182 0.000114785 -0.000684376 0.00168507 0.00127795 0.00106775 0.000290475 0.00193796 -0.00117625 -0.00128391 0.00138182 -0.00134499
internal_weight=18092 3264 14828 11115 3194 187 7920 147 3713 149 3007 3564 1330 2234 728 1506 1397 132 109 1541 959 1466 1269 1224 629 273 7880 7343 164 7179
internal_count=18092 3264 14828 11115 3194 187 7920 147 3713 149 3007 3564 1330 2234 728 1506 1397 132 109 1541 959 1466 1269 1224 629 273 7880 7343 164 7179
is_linear=0
shrinkage=0.03


Tree=34
num_leaves=31
num_cat=0
split_feature=6 6 6 5 12 3 6 5 12 2 8 9 4 12 5 7 2 9 8 9 7 3 7 3 6 7 6 3 3 4
split_gain=18.9504 8.41581 5.61418 5.43898 4.0508 4.36323 2.67789 2.34501 2.26085 4.68109 2.40746 2.24061 2.33231 2.0891 2.83408 3.09563 3.4281 2.06997 2.04167 1.88454 1.73128 2.23904 3.115 5.95487 3.475 3.72926 2.03765 1.65004 2.32509 2.33149
threshold=0.0067074800305597657 0.17067694445440476 -0.30127499833881138 8.1749844932907632 0.36823337205143225 1.5109412824409787 0.36802061102538103 7.4166790502870414 0.40980802514412601 0.30645797273495184 0.37092307788868123 -0.21465583007692127 1.9889892145281518 0.32195612057937478 4.2903656061101136 0.4894031899363272 0.32646611586798441 0.77326328419158807 0.444345852117977 0.3236186940836579 0.88711113501944394 4.9912283628468357 0.7460998727262198 42.836007384917501 0.61572665746085875 0.46079532936770218 0.31614317817427567 53.071921976162365 9.3388539229413485 0.82918162691922881
decision_type=2 2 2 2 2 8 2 2 2 8 10 10 10 2 2 2 10 10 10 10 2 10 2 10 2 2 2 8 10 10
left_child=2 4 -1 13 18 -6 8 19 9 10 -5 -4 17 -3 15 16 -15 -13 -2 -7 21 -16 23 24 25 -23 -25 28 -9 -30
right_child=1 3 11 6 5 7 -8 27 -10 -11 -12 12 -14 14 20 -17 -18 -19 -20 -21 -22 22 -24 26 -26 -27 -28 -29 29 -31
leaf_value=0.011955782195524876 0.0051205871213440028 -0.0046901626690347836 0.0065302898812855583 -0.0018061840211343408 -0.00032832237358149222 0.015092332106606016 -0.002535144374781135 4.3530204776008757e-05 -0.00085790940192455724 0.0023323826341093731 0.002451426714102051 0.00024689315962602652 0.0027606760525095693 0.0031723290988496999 -0.0014233600335221671 0.0003997153665621175 0.019803383169392817 0.0023046002181505787 0.00042765892762230035 0.00052421991660818901 0.012882641609357089 0.00035989653377870972 -0.00064527933358283357 0.0014265112275780262 -0.0032156141684237371 0.0052313260878966194 -0.0011920384195496945 -0.00081576205823229034 0.0014063053469910822 0.00037311297793443318
leaf_weight=78 63 278 43 133 2813 40 2447 1582 7026 41 46 586 90 44 437 100 49 165 41 61 70 54 297 115 54 115 178 274 241 484
leaf_count=78 63 278 43 133 2813 40 2447 1582 7026 41 46 586 90 44 437 100 49 165 41 61 70 54 297 115 54 115 178 274 241 484
internal_value=-0.000674111 -0.000904882 0.00342056 -0.00136979 4.87493e-05 -6.27736e-05 -0.0016504 0.000802832 -0.00136029 0.00162896 -0.000483334 0.0027322 0.00238361 0.000148995 0.000588507 0.00397423 0.00788298 0.00183112 0.00588571 0.00526471 9.08396e-05 -0.000167866 0.000762899 0.00217021 0.00585268 0.00795882 -0.000642858 0.000626258 0.000887781 0.00229339
internal_weight=18045 17083 962 11484 5599 5495 9693 2682 7246 220 179 884 841 1791 1513 193 93 751 104 101 1320 1250 813 516 223 169 293 2581 2307 725
internal_count=18045 17083 962 11484 5599 5495 9693 2682 7246 220 179 884 841 1791 1513 193 93 751 104 101 1320 1250 813 516 223 169 293 2581 2307 725
is_linear=0
shrinkage=0.03


Tree=35
num_leaves=31
num_cat=0
split_feature=0 6 6 9 7 1 6 3 7 1 3 1 3 3 8 4 0 7 7 1 6 7 9 9 3 3 4 0 8 4
split_gain=19.324 9.64283 5.92642 3.70559 3.58528 3.80065 3.42762 4.69509 2.59618 2.55892 2.51066 2.58943 1.93698 1.8367 1.8145 2.1292 1.81057 2.80402 3.26483 1.73282 1.98095 2.57929 1.70859 2.89695 1.62575 2.64237 1.53647 1.51306 1.45975 1.33886
threshold=1.1195659993551164 -0.30127499833881138 0.35296019100844861 -0.85576102661335829 0.049912556982201831 -0.11172568196331416 0.16474315939365528 1.5018330556330082 0.69797838654053934 3.9152889635546546 43.424786254182983 2.3358184814814815 31.581643213720326 1.463180841018844 0.19187698126420141 0.42032985174858639 1.3996412767246877 0.4894031899363272 0.55864138344137781 0.044866712730050586 0.099240375258315985 0.52270910402564896 0.61369929131852008 0.73282419162571266 38.24135509811201 2.3663689654504005 0.91156299456865331 0.84684898618035198 0.84450512891559149 1.3232170721731373
decision_type=10 2 2 10 2 2 2 8 2 2 10 2 10 10 10 10 10 2 2 2 2 2 10 10 10 10 10 8 10 10
left_child=1 -1 3 24 -3 8 7 -5 12 19 11 27 -6 -8 15 -10 17 -15 -19 -9 21 -21 -20 -24 25 -2 -13 -7 -18 -28
right_child=2 4 -4 6 5 10 13 9 14 -11 -12 26 -14 16 -16 -17 28 18 22 20 -22 -23 23 -25 -26 -27 29 -29 -30 -31
leaf_value=0.01164852144853876 0.00031480348685845541 0.026928993517943773 -0.0020981053852694971 -0.00042679436351143209 0.00040948377683383867 0.0032567953621578951 -0.0014561230015867604 0.00077594384415384651 0.0047432298974665011 0.0018854251461777728 -0.00098703399718247549 -0.00040948812326953364 0.0060508489292590119 -0.0017717024441200372 0.0010382336056841452 0.0012496100605427537 -0.00059687290159465768 0.003124827231364475 -0.00082521622440994758 0.00075298370126830431 -0.00013174713795112588 8.5360287439618517e-05 0.002926048435376259 0.00013037184742198865 -0.00014730972999229793 0.0019606743491397231 0.0066361344316259877 0.00019025163891974204 0.0021228208924140195 0.0036574532530801599
leaf_weight=75 40 41 3206 1790 379 47 1393 681 43 60 409 64 88 194 84 87 5484 84 286 65 1113 204 42 125 65 48 44 1663 46 142
leaf_count=75 40 41 3206 1790 379 47 1393 681 43 60 409 64 88 194 84 87 5484 84 286 65 1113 204 42 125 65 48 44 1663 46 142
internal_value=-0.000646991 0.00148153 -0.00109855 -0.00078577 0.00122154 0.00110128 -0.000847252 -0.000124937 0.00307478 0.000829095 0.000532911 0.000979092 0.0018141 -0.00121646 0.00580465 0.00801527 -0.000996967 0.000405737 0.0015223 0.000649709 3.90448e-05 0.00234444 0.00050881 0.00291071 0.00383766 0.00647191 0.0038247 0.000561075 -0.00118243 0.00519786
internal_weight=18092 3166 14926 11720 3091 3050 11567 3913 681 2123 2369 1960 467 7654 214 130 6261 731 537 2063 1382 269 453 167 153 88 250 1710 5530 186
internal_count=18092 3166 14926 11720 3091 3050 11567 3913 681 2123 2369 1960 467 7654 214 130 6261 731 537 2063 1382 269 453 167 153 88 250 1710 5530 186
is_linear=0
shrinkage=0.03


Tree=36
num_leaves=31
num_cat=0
split_feature=0 0 5 13 3 5 13 12 1 3 13 9 3 12 1 3 5 0 5 7 0 7 1 4 12 4 9 0 13 13
split_gain=16.4218 8.84478 5.39828 4.35685 3.21686 2.69276 2.35036 3.69991 3.02459 3.02404 2.16592 2.79862 3.33756 3.21963 2.96389 2.60574 5.39195 2.44019 2.23091 2.12964 3.89633 1.83029 1.74305 2.34734 1.92609 2.15451 1.71857 1.66542 1.56307 1.40163
threshold=1.1404105456001117 0.70934724566553686 9.0336031863560979 0.15614643298000355 1.5109412824409787 9.2988547760821714 0.36510725631015456 0.39654670120448038 2.126301181768929 1.53679400547165 0.23036409911570302 -0.093971883301103606 46.13776123833815 0.32195612057937478 2.3358184814814815 1.9451281519198143 7.1963113371376508 1.2295899351640476 8.4455897206279626 0.74242014729364936 1.5129487358784643 0.58078445142284241 0.61118954065944731 1.5911107024645952 0.37377096024127371 0.91848793766351966 -0.85576102661335829 1.8786451453413231 0.070954836346015085 0.61572665746085875
decision_type=8 10 2 2 8 2 2 2 2 10 2 10 8 2 2 8 2 10 2 2 10 2 2 10 2 10 8 10 2 2
left_child=1 -1 10 4 -4 22 7 8 9 -5 15 12 13 -12 18 -2 17 -17 29 20 -18 -22 23 -3 25 -24 -9 -20 -6 -15
right_child=2 5 3 6 28 -7 -8 26 -10 -11 11 -13 -14 14 -16 16 19 -19 27 -21 21 -23 24 -25 -26 -27 -28 -29 -30 -31
leaf_value=0.012276841742868033 -0.00066980349185071506 0.0010762804646041091 -0.00046778708322094148 3.2931565359591276e-05 0.0012577041728524733 0.00011529578615202441 -0.0025101533949845466 0.00064934876380574056 -0.0020330431909488036 0.0019460845964208056 -0.0086621973394473886 -0.0013163860969582534 -0.000871774166052668 -0.00011668623737687602 0.0070493099767589482 0.012850973200892122 0.00015608555967670324 0.0013687131983729144 0.001927988021589917 -0.00052028886864482983 0.0016235581848855537 0.0014708351918519063 -0.0007371841917566468 0.006915124252619355 -1.9540202942711816e-05 0.0031450656407686194 -0.0008770908917920397 0.0035746367025886565 0.00011249048280882162 0.0093630752932201515
leaf_weight=63 474 493 1278 45 50 1499 2002 45 48 56 129 1396 457 387 129 41 363 46 48 193 64 91 46 90 360 83 6779 40 1268 78
leaf_count=63 474 493 1278 45 50 1499 2002 45 48 56 129 1396 457 387 129 41 363 46 48 193 64 91 46 90 360 83 6779 40 1268 78
internal_value=-0.00069138 0.00149829 -0.00106339 -0.00138982 -0.000307278 0.00122356 -0.00170288 -0.00144236 0.00322 0.00614706 -0.000103633 -0.000589869 0.000430259 0.00158497 0.00240703 0.000914375 0.00195995 0.00896591 0.00144585 0.00109129 0.00209248 0.00605769 0.00237092 0.00347774 0.00104694 0.00417692 -0.00154462 0.00579775 0.000732372 0.000611587
internal_weight=18141 2634 15507 11571 2596 2571 8975 6973 149 101 3936 2664 1268 811 682 1272 798 87 553 711 518 155 1072 583 489 129 6824 88 1318 465
internal_count=18141 2634 15507 11571 2596 2571 8975 6973 149 101 3936 2664 1268 811 682 1272 798 87 553 711 518 155 1072 583 489 129 6824 88 1318 465
is_linear=0
shrinkage=0.03


Tree=37
num_leaves=31
num_cat=0
split_feature=0 6 0 5 5 3 3 6 2 9 5 8 5 5 0 3 6 3 6 3 4 9 9 0 2 3 9 3 5 0
split_gain=16.966 7.1332 6.09935 4.84583 4.06405 4.13738 2.8679 2.07105 2.02057 3.28193 1.99063 1.97149 3.19075 4.76428 1.92738 2.87076 2.47089 2.34031 1.84212 1.76982 1.51701 1.49523 1.46214 1.92032 1.95686 1.48235 1.39385 1.80796 3.24899 1.29483
threshold=1.008296012518211 0.17831604714542773 0.70934724566553686 8.9775251930001527 9.3680703299466526 5.2662241621744377 50.017422447993916 0.31909806461444218 0.36595971407031697 0.52079757203415178 6.7363734861220914 0.13752813850833603 10.570585888656725 9.9716834395762266 173.87500000000003 41.29497917381557 0.36802061102538103 11.920805774832184 0.1132055776897536 1.0468575954033301 1.620846290480322 0.46179289687101804 0.59208623637577573 0.89614291035951976 0.20621746665969345 1.153659823357349 2.5307953036009834 36.534685248037881 8.1749844932907632 512.18750000000011
decision_type=8 2 10 2 2 8 10 2 10 8 2 8 2 2 8 8 2 10 2 10 10 10 10 10 8 10 10 10 2 8
left_child=2 4 -1 14 -2 -6 11 8 -5 -10 19 -7 13 -13 16 29 17 -3 -15 -4 22 -22 -12 -24 25 -25 27 28 -19 -16
right_child=1 3 10 7 5 6 -8 -9 9 -11 20 12 -14 18 15 -17 -18 26 -20 -21 21 -23 23 24 -26 -27 -28 -29 -30 -31
leaf_value=0.0112203061992534 0.00045342934510564018 -0.00068175908665358859 0.0067618005145312294 -0.00078960725624354613 -0.00036891761580751367 0.00013822404429197303 -0.0010054868979600432 -0.0019906276679011155 0.0015324689791731878 -0.00065113291329595981 9.2570576305439612e-05 -0.00025615572491351272 -9.5197318767604289e-05 0.0022673570222038731 0.0017210584589518883 -0.00087696984545134621 -0.0024513524362519824 0.0073189455243977712 0.0014273247924383027 0.0042851219353344967 0.0042892930209085123 0.00072380002553031487 -0.00052852192813711567 0.0019071271648493724 0.00018983900157237016 0.0014787148187414916 -0.0010688492611051947 0.00052849515745256328 0.00043906728822510867 0.0025957590938327931
leaf_weight=68 1646 808 51 4792 3493 448 157 3013 70 172 429 74 105 51 48 338 806 51 85 70 64 88 59 41 48 40 67 344 83 506
leaf_count=68 1646 808 51 4792 3493 448 157 3013 70 172 429 74 105 51 48 338 806 51 85 70 64 88 59 41 48 40 67 344 83 506
internal_value=-0.000654947 -0.000871955 0.00322836 -0.0013239 -4.40601e-05 -0.000518578 0.00127036 -0.00170987 -0.00133704 0.00133333 0.00255892 0.0020301 0.00384494 0.00597156 -0.000305702 0.000866741 -0.000790278 -6.64769e-06 0.00928467 0.00612295 0.00199091 0.00466667 0.00132524 0.00352381 0.00556154 0.00837805 0.00151099 0.00207933 0.00502222 0.00219459
internal_weight=18115 17157 958 11098 6059 4413 920 8047 5034 242 890 763 315 210 3051 892 2159 1353 136 121 769 152 617 188 129 81 545 478 134 554
internal_count=18115 17157 958 11098 6059 4413 920 8047 5034 242 890 763 315 210 3051 892 2159 1353 136 121 769 152 617 188 129 81 545 478 134 554
is_linear=0
shrinkage=0.03


Tree=38
num_leaves=31
num_cat=0
split_feature=6 0 5 3 6 6 9 7 2 7 7 5 6 7 3 6 0 7 3 9 3 5 7 7 5 3 3 5 9 3
split_gain=14.6977 8.25497 6.25114 3.62047 2.89996 2.76506 2.49956 2.47849 2.2899 2.5433 5.94744 2.28721 2.28652 2.57794 2.08719 1.97515 2.86584 3.64385 1.94606 1.93829 2.75142 1.86068 1.85491 3.06826 2.4095 2.90871 1.89548 1.84299 1.82145 1.75832
threshold=0.15081573335001511 0.70934724566553686 8.9775251930001527 9.3388539229413485 0.31909806461444218 0.062669766956422471 -0.55296202218615198 0.82764301768011317 0.36595971407031697 0.6087185610602478 0.48656566409476737 4.2903656061101136 0.95551144502743646 0.4894031899363272 9.538089804822679 0.23173734561948225 1.5529917660574257 0.7460998727262198 118.03109145649019 1.415660116296116 2.5059965044000072 9.0336031863560979 0.6122757955243453 0.79302599270045326 7.1963113371376508 1.4083209751441228 1.0282184369842164 7.3323683504381592 0.48480549412846147 119.87480644909078
decision_type=2 8 2 10 2 2 8 2 10 2 2 2 2 2 10 2 10 2 10 10 10 2 2 2 2 10 10 2 10 10
left_child=1 -1 6 5 8 21 18 14 -4 10 -10 12 13 -8 -5 16 -13 19 -2 20 -18 22 26 24 -24 -26 -3 -16 -23 -29
right_child=2 3 4 7 -6 -7 11 -9 9 -11 -12 15 -14 -15 27 -17 17 -19 -20 -21 -22 28 23 -25 25 -27 -28 29 -30 -31
leaf_value=0.011003660269149822 0.0064089741527298804 0.0061225953589403408 -0.00070861594239032518 0.0012263974100880292 -0.0019783089990391858 -0.00012526808860908458 0.012328488158456859 -0.0008201178837215781 -0.0010810634572633105 -0.00076395426505416076 0.0016066180954843801 -9.8659750067618589e-05 -0.0085328782637354751 0.00069301007503238502 0.01076443901334696 -0.00083022706720027757 -0.0020047467613002077 -0.00046628179674737763 -0.00045916166040223288 0.004412973711112848 0.00125132685421948 -9.9321779441002294e-05 0.0016334247710841909 -0.00066132301743073211 0.0035037190026357512 0.0013067773979790374 -0.00022479498525862537 0.0011531048095551975 0.00067720035980660886 -0.0010744258736454166
leaf_weight=68 64 41 6000 41 3041 2865 92 97 63 142 64 515 63 103 72 2196 51 62 40 40 71 728 74 47 84 41 163 649 360 109
leaf_count=68 64 41 6000 41 3041 2865 92 97 63 142 64 515 63 103 72 2196 51 62 40 40 71 728 74 47 84 41 163 649 360 109
internal_value=-0.000657617 0.000645771 -0.00121994 0.000513216 -0.00161744 0.000147819 -9.73324e-05 0.00217337 -0.00124833 0.00145555 0.00452344 -0.000247026 0.0024556 0.00405612 0.00268005 -0.000485355 0.000855405 0.00368 0.00445714 0.00603681 0.00409756 0.00117349 0.00279379 0.00454251 0.006165 0.00869048 0.00067317 0.00234657 0.000501377 0.00190514
internal_weight=18046 5439 12607 5371 9310 4403 3297 968 6269 269 127 3193 258 195 871 2935 739 224 104 162 122 1538 450 246 199 125 204 830 1088 758
internal_count=18046 5439 12607 5371 9310 4403 3297 968 6269 269 127 3193 258 195 871 2935 739 224 104 162 122 1538 450 246 199 125 204 830 1088 758
is_linear=0
shrinkage=0.03


Tree=39
num_leaves=31
num_cat=0
split_feature=6 0 5 6 12 7 7 3 5 12 7 1 5 9 6 1 7 7 0 1 3 0 7 4 0 7 9 9 7 7
split_gain=15.1268 7.49065 6.13456 3.31583 3.22083 3.31932 3.39505 2.21327 1.92325 2.83118 5.1926 1.8812 1.94839 1.81127 2.02496 2.1011 2.59414 2.55077 1.93474 1.99575 2.1479 1.8783 2.52045 1.71043 2.37382 2.22799 2.73309 1.61739 2.2084 3.71104
threshold=0.10464189850194751 0.70934724566553686 9.0336031863560979 0.347814212607025 0.39654670120448038 0.2409652070002585 0.59050645879917962 0.98491326728581841 3.8606743063089755 0.4999329813901674 0.51686360541059229 -0.14815997136921019 10.343434598251649 -0.093971883301103606 0.23461259626488531 -0.12847619047619033 0.72875458763823875 0.51686360541059229 41.491666666666674 1.0774927561582632 115.6892197701542 1.5397590174412681 0.74242014729364936 0.95523430210772953 0.94640095618003506 0.60166664847255136 -0.033899144003875878 0.64149092609811242 0.70946464622739047 0.76768097067654995
decision_type=2 8 2 2 2 2 2 8 2 2 2 2 2 8 2 2 2 2 8 2 8 10 2 10 8 2 10 8 2 2
left_child=1 -1 8 4 5 -4 -7 -3 9 -2 -11 12 27 -10 15 16 17 -15 -16 -20 -21 -17 -23 25 -25 -9 -27 28 -6 -30
right_child=2 7 3 -5 11 6 -8 23 13 10 -12 -13 -14 14 18 21 -18 -19 19 20 -22 22 -24 24 -26 26 -28 -29 29 -31
leaf_value=0.010212628880723979 -0.0012445777860791117 0.0059777334435740454 -0.0023549314757987439 -0.0022224585506161187 0.00015607475093420463 0.0029840353400027854 0.0012000453858527728 -0.00034018563993496397 0.00157058404900605 0.019740630998733088 -0.0006258914028899271 -0.00071921077831663485 -0.00069673464444212896 6.6126381952770624e-05 -0.0014756487882296488 -0.00031623999945468314 -0.0011723709400653403 0.0014503673954836169 -0.00083976413844456853 0.0017046208618822323 -0.0020461101265631383 0.0010993830244345093 -0.00036737306266105462 0.002450747454913822 0.00025207768953017159 0.0025516816700361118 0.00030303837636000696 -0.00030879393612266953 0.0017326891194603476 -0.00053418288436703145
leaf_weight=68 113 45 60 2346 431 42 79 839 345 46 42 7217 460 60 1392 688 41 75 321 396 81 167 67 232 1397 51 651 202 71 49
leaf_count=68 113 45 60 2346 431 42 79 839 345 46 42 7217 460 60 1392 688 41 75 321 396 81 167 67 232 1397 51 651 202 71 49
internal_value=-0.000666225 0.0011757 -0.00107511 -0.00143649 -0.00116384 0.00278571 0.00563115 0.000965484 -4.22432e-05 0.00280693 0.00680899 -0.00124896 -0.000155684 -0.000200606 -0.000417757 0.000633302 0.00362712 0.005625 -0.000944775 0.00023279 0.00146234 5.85042e-05 0.00237447 0.000870387 0.00154785 0.000153696 0.00139971 0.000783819 0.001625 0.00520661
internal_weight=18074 3283 14791 10957 8611 181 121 3215 3834 201 88 8430 1213 3633 3288 1098 176 135 2190 798 477 922 234 3170 1629 1541 702 753 551 120
internal_count=18074 3283 14791 10957 8611 181 121 3215 3834 201 88 8430 1213 3633 3288 1098 176 135 2190 798 477 922 234 3170 1629 1541 702 753 551 120
is_linear=0
shrinkage=0.03


Tree=40
num_leaves=31
num_cat=0
split_feature=0 0 6 5 12 0 8 2 6 8 8 7 3 7 12 4 12 7 6 5 12 2 12 3 12 5 5 1 4 7
split_gain=13.3212 7.48399 4.40299 3.61294 3.48455 2.99901 2.8925 2.25254 3.64437 2.21541 2.1156 2.90054 3.30933 2.01213 3.21617 2.21749 2.49605 2.54757 1.99711 2.93679 1.85915 2.85523 3.02796 2.40845 1.83337 1.77287 1.82868 1.7301 1.74633 1.65285
threshold=1.2063325047513671 0.70934724566553686 0.35296019100844861 9.0336031863560979 0.39654670120448038 1.008296012518211 0.35644647987729755 0.17832096627666663 0.17293226546707 -0.007713296804789784 0.30191361209298745 0.84979219657299832 3.5787330912022335 0.70132905420285241 0.52791449686960823 1.1684257871146719 0.61262462944290752 0.64071780713400617 0.50162674682505914 3.8606743063089755 0.42504211251241858 0.036506562773725805 0.39654670120448038 1.2304521311909113 0.36120511938173433 11.406692333481983 10.598420636718563 0.17256990555133983 1.2224573491232584 0.61429005025162597
decision_type=10 8 2 2 2 8 8 8 2 8 8 2 10 2 2 10 2 2 2 2 2 8 2 10 2 2 2 2 10 2
left_child=1 -1 3 13 6 20 -5 -6 -9 -10 24 18 -13 14 -2 16 17 -16 19 -12 21 -3 -23 -22 -7 26 -26 28 29 -25
right_child=2 5 -4 4 7 10 -8 8 9 -11 11 12 -14 -15 15 -17 -18 -19 -20 -21 23 22 -24 27 25 -27 -28 -29 -30 -31
leaf_value=0.0098548360728521987 -9.7607281770168764e-05 0.0049479342814301832 -0.0019162592886228737 0.00013494592713998745 -0.00074975013262819346 0.0062072743410531549 0.0029064776661943707 0.00014951852771822021 0.00042297922725140398 -0.0007265696460189594 0.014456859343212166 0.01222704431556137 0.0004779935674700381 -0.00028956122675862845 0.0012716200286585638 0.00024825175506602544 0.0074593695502087123 0.0027929507530730226 -0.0020699422081013638 0.00044655751833395951 -0.00011289939855750649 0.00017327970702750081 0.0029780574327899138 -0.00028952861923984961 -9.0006991039648097e-05 0.00045191191232455134 -0.00084708445688105654 0.0004696341507519492 0.0050441913845859464 0.001395951194758698
leaf_weight=71 618 55 3121 73 2419 44 46 1138 268 4479 44 45 43 762 142 186 54 62 315 809 284 123 43 71 2017 63 301 157 79 57
leaf_count=71 618 55 3121 73 2419 44 46 1138 268 4479 44 45 43 762 142 186 54 62 315 809 284 123 43 71 2017 63 301 157 79 57
internal_value=-0.000610173 0.000778234 -0.00109013 -0.000789521 -0.00105164 0.000626235 0.004025 -0.00112487 -0.00080785 -0.00117334 0.000251765 0.0012506 0.00647191 0.000420821 0.00126435 0.00320899 0.00500386 0.00345366 0.00085201 0.00160539 0.00221034 0.00458108 0.00258683 0.00139599 -0.00026587 -0.000379094 -0.000514878 0.00300822 0.00480288 0.00260465
internal_weight=17989 4621 13368 10247 8423 4550 119 8304 5885 4747 3681 1256 88 1824 1062 444 258 204 1168 853 869 221 166 648 2425 2381 2318 364 207 128
internal_count=17989 4621 13368 10247 8423 4550 119 8304 5885 4747 3681 1256 88 1824 1062 444 258 204 1168 853 869 221 166 648 2425 2381 2318 364 207 128
is_linear=0
shrinkage=0.03


Tree=41
num_leaves=31
num_cat=0
split_feature=6 0 5 5 6 12 8 12 7 2 2 1 7 9 8 2 5 6 0 1 0 5 2 8 7 7 0 2 12 8
split_gain=12.8508 6.77922 5.50095 4.19389 2.69594 2.50739 2.52061 2.12467 2.27491 2.03868 2.03364 2.02786 2.26884 2.45031 1.70945 1.70564 1.64508 1.62884 3.50638 2.1324 2.02477 3.20685 5.91372 2.34795 4.47879 1.86272 1.64032 1.49104 1.48466 1.63057
threshold=0.1392984076937083 0.84684898618035198 9.0154805366384156 6.5631498101129244 0.31165247740043261 0.39654670120448038 0.41016625347132757 0.40980802514412601 0.61653866360386422 0.23586028160075742 0.15759044247603229 3.9152889635546546 0.63323540941734324 -0.033899144003875878 0.45681835094012463 0.17732467779013669 11.406692333481983 0.38273966648234042 71.971380471380485 1.1994582515875656 3.5242931145213636 7.8543805330358687 0.29164940947491408 -0.21323842981182906 0.48656566409476737 0.89897156607438566 311.50000000000006 0.036506562773725805 0.51669348469385146 0.027250936535115091
decision_type=2 8 2 2 2 2 8 2 2 10 8 2 2 8 10 8 2 2 8 2 10 2 10 10 2 2 8 8 2 8
left_child=1 3 17 -1 5 6 -4 27 10 -5 14 12 -10 -14 16 -7 -9 20 -19 -20 23 -22 -23 24 -2 26 -21 -3 29 -12
right_child=2 7 4 9 -6 15 -8 8 11 -11 28 -13 13 -15 -16 -17 -18 18 19 25 21 22 -24 -25 -26 -27 -28 -29 -30 -31
leaf_value=0.010686935482440702 0.015425231052245688 0.0032441846701305875 5.0898942144455794e-05 0.00055628955772293724 -0.0017327280394923148 -0.00097291535058104789 0.0027016354488199491 -0.00062406170410224057 0.00072072791809438838 0.0025673162483852022 0.0011579624469124227 0.0018230990477381239 0.0011691469162140515 8.6001161648739728e-05 0.0010983656693164263 -0.00046134316235900977 0.00055974811493946712 -0.0033997266753213488 -0.00099299917198922673 0.0010031567714183607 -0.00098951357860919617 0.0068202266255787203 -0.00020976086481709223 -5.3503975035248198e-05 -0.00011884517693561276 0.011551078165060352 0.0004347632646994844 0.00071830454288254048 0.00028343681822609671 -0.00045645180119548682
leaf_weight=58 51 64 88 92 3133 1663 42 1255 155 51 69 51 132 1625 55 4698 45 726 338 71 62 53 40 1693 99 44 321 322 556 335
leaf_count=58 51 64 88 92 3133 1663 42 1255 155 51 69 51 132 1625 55 4698 45 726 338 71 62 53 40 1693 99 44 321 322 556 335
internal_value=-0.00062325 0.000693587 -0.00111148 0.00607426 -0.00148177 -0.00113263 0.0029771 0.000460449 0.000267819 0.00327083 -0.000369172 0.00101884 0.000859382 0.000551194 -0.00111726 -0.00121707 -0.00133743 -9.25986e-05 -0.000839441 0.000565161 0.000468233 0.00375 0.00724468 0.000190346 0.00377483 0.00194966 0.00128244 0.00258915 0.000686784 -0.000696297
internal_weight=17987 4865 13122 201 9624 6491 130 4664 4278 143 2315 1963 1912 1757 1355 6361 1300 3498 1500 774 1998 155 93 1843 150 436 392 386 960 404
internal_count=17987 4865 13122 201 9624 6491 130 4664 4278 143 2315 1963 1912 1757 1355 6361 1300 3498 1500 774 1998 155 93 1843 150 436 392 386 960 404
is_linear=0
shrinkage=0.03


Tree=42
num_leaves=31
num_cat=0
split_feature=6 0 5 6 5 3 6 5 7 7 5 6 0 7 7 8 6 5 3 2 0 3 3 0 7 2 3 3 8 0
split_gain=12.293 5.92429 4.86068 3.71026 3.40579 2.31774 2.47621 1.90194 1.64423 1.96829 2.21827 1.53812 2.12982 1.90835 4.6348 2.69085 1.71585 1.73065 1.62389 1.51111 1.48277 1.64788 3.2849 4.75361 5.69127 2.02502 2.73023 1.84119 1.53797 1.43168
threshold=0.10104396128395977 0.79310647065497053 8.0294327875302809 0.35296019100844861 7.2675251843400792 1.5018330556330082 0.22175419133928556 8.7700508696984709 0.79302599270045326 0.27955058484668488 10.583308836345422 0.24783677090267189 41.491666666666674 0.67777280223289049 0.64407584674594387 -1.0000000180025095e-35 0.36510725631015456 7.6360282323874804 50.515213790626973 0.40822338709052741 27.510537024925515 2.6753478642416502 2.3374069183000317 2.3680345399211169 0.47274543456275669 0.297688398356105 1.9259818783548555 1.5563287000641282 0.25321485552366063 1.2063325047513671
decision_type=2 8 2 2 2 10 2 2 2 2 2 2 8 2 2 10 2 2 8 10 10 10 10 8 2 10 10 10 8 8
left_child=1 4 11 5 -1 -4 8 -3 9 -7 19 13 16 14 15 -2 17 -13 -14 -11 21 22 25 -24 -25 27 -27 -8 -28 -17
right_child=2 7 3 -5 -6 6 20 -9 -10 10 -12 12 18 -15 -16 29 -18 -19 -20 -21 -22 -23 23 24 -26 26 28 -29 -30 -31
leaf_value=0.010820519755324699 0.00944503547605011 0.0017761684365001878 -0.00085459409148385616 -0.0018948893591890414 0.0014089925871130999 -0.0010286673577757813 0.00061061071280740971 9.2866178939416156e-05 -0.00095504080560404711 0.00024537246455472015 -0.00032045428449954585 -0.00096251341482460643 0.0020496519906528852 -0.00011248781865798024 0.0068517470369825256 0.0025122186653426574 -0.0034130770132268628 0.0030922312282176288 -0.00072625280913189954 0.0026236315363642572 0.00046612582577707472 -0.00092429437606747922 -0.00020363086318462 0.0028678863351658322 -0.00014399721002665431 0.0015231327627847067 -0.00060267932969711689 -0.001545103821697733 0.002086172586353627 -0.00021462365963002933
leaf_weight=62 40 665 2733 2786 73 301 77 2368 335 2149 680 163 575 152 45 55 390 78 231 45 83 2375 278 70 58 48 126 814 46 165
leaf_count=62 40 665 2733 2786 73 301 77 2368 335 2149 680 163 575 152 45 55 390 78 231 45 83 2375 278 70 58 48 126 814 46 165
internal_value=-0.000653568 0.00104323 -0.00101443 -0.00122122 0.00716912 -0.000956454 -0.000683276 0.000768292 -0.000102536 0.000108626 0.000350608 0.000405276 -7.71913e-05 0.00191921 0.00328431 0.00172414 -0.00138133 0.000607437 0.000944237 0.000814578 -0.00119593 -0.00128076 -0.000507906 0.00179853 0.00655814 -0.00135162 0.00122172 -0.00198767 -0.000554914 0.000407239
internal_weight=18066 3168 14898 13004 135 10218 7485 3033 3510 3175 2874 1894 1437 457 305 260 631 241 806 2194 3975 3892 1517 406 128 1111 220 891 172 220
internal_count=18066 3168 14898 13004 135 10218 7485 3033 3510 3175 2874 1894 1437 457 305 260 631 241 806 2194 3975 3892 1517 406 128 1111 220 891 172 220
is_linear=0
shrinkage=0.03


Tree=43
num_leaves=31
num_cat=0
split_feature=6 5 1 5 6 12 8 7 1 7 3 12 7 7 12 5 3 7 3 1 5 4 8 1 1 5 8 3 0 8
split_gain=10.7134 6.82428 5.46857 4.33724 2.29006 4.63396 4.00866 2.07088 3.44748 2.30387 1.9022 2.41641 1.89881 1.8423 1.77979 2.30493 2.07637 2.17374 1.76078 1.68522 1.75533 1.80074 2.20449 1.45782 1.43645 1.9384 2.28491 1.40243 1.819 4.99448
threshold=0.15614643298000355 6.6560834372730202 -0.41414151887898504 9.0336031863560979 0.35296019100844861 0.39654670120448038 0.4252007808903035 0.58661399486304633 2.3654866946778714 0.76081431164114988 1.5563287000641282 0.40980802514412601 0.72875458763823875 0.82764301768011317 0.32195612057937478 4.2903656061101136 1.3691349217661499 0.31114872383934139 1.6659490128842387 -0.11172568196331416 9.6471426348715834 0.090815731700131769 0.030084803286454857 3.7975446309618968 -0.54535736978865634 10.296947539290462 0.087023180438598066 79.343886043410251 21.534172661870507 0.28530928204768741
decision_type=2 2 2 2 2 2 8 2 2 2 10 2 2 2 2 2 8 2 10 2 2 10 8 2 2 2 8 8 10 8
left_child=1 2 -1 14 5 6 18 10 13 12 11 -3 23 19 -2 16 -16 -18 -5 20 21 -9 -23 -10 25 26 -7 28 -17 -30
right_child=3 7 -4 4 -6 24 -8 8 9 -11 -12 -13 -14 -15 15 27 17 -19 -20 -21 -22 22 -24 -25 -26 -27 -28 -29 29 -31
leaf_value=0.0095890716903659357 -0.0048582879785996251 0.00092828961476517215 0.0034901460613239927 -0.003214527315003319 -0.0018922060390649696 0.0010154194033283157 0.00295646320075816 -0.00015281781943109302 0.00054255471284794668 -0.0004110761706748528 0.00011746470482525285 -0.00054283531585188238 0.0019184436844391539 -0.0011893274732871321 0.0069444631379971507 -0.00010109809393528478 0.012535903647834723 -0.00062593807581903717 0.0011167513011858367 3.9276027333431133e-05 0.00018298271859950831 9.0094990757345622e-06 0.0026290982976360372 0.0034645027260002135 -0.00077731814401073187 -0.00093722496963144399 -2.9138313503803509e-05 -0.00098850357707845182 0.0023899130163987379 -0.0001173165485807417
leaf_weight=61 308 172 184 61 2189 82 42 81 105 47 923 1592 41 149 49 2225 42 91 47 1782 382 56 143 43 6194 144 170 457 75 141
leaf_count=61 308 172 184 61 2189 82 42 81 105 47 923 1592 41 149 49 2225 42 91 47 1782 382 56 143 43 6194 144 170 457 75 141
internal_value=-0.000651807 0.000416001 0.00530488 -0.00115124 -0.00149799 -0.00122385 0.00397351 0.000197933 0.00076431 0.00422785 -0.000398438 -0.000975638 0.0057 0.000447571 -0.000237239 -1.94749e-05 0.0032459 0.00127612 0.000880733 0.000645398 0.00193665 0.00373665 0.005265 0.00406711 -0.00134274 0.00040806 0.00199209 -0.000225596 6.01958e-05 0.00268203
internal_weight=18078 5761 245 12317 8929 6740 150 5516 2829 236 2687 1764 189 2593 3388 3080 182 133 108 2444 662 280 199 148 6590 396 252 2898 2441 216
internal_count=18078 5761 245 12317 8929 6740 150 5516 2829 236 2687 1764 189 2593 3388 3080 182 133 108 2444 662 280 199 148 6590 396 252 2898 2441 216
is_linear=0
shrinkage=0.03


Tree=44
num_leaves=31
num_cat=0
split_feature=6 5 5 6 9 0 5 6 2 7 2 7 1 9 6 6 0 7 7 9 7 2 6 1 1 0 1 0 5 4
split_gain=11.1028 6.09455 4.46473 3.56293 2.38885 2.27582 1.9634 2.21806 1.91761 2.16965 1.89586 1.886 2.36938 2.17144 1.87693 1.75876 2.60972 2.88751 2.85013 2.97638 1.65098 1.64143 1.8441 2.37342 1.56291 1.2015 1.82237 1.23743 1.29687 1.10779
threshold=0.12153386558774938 5.0434043048315838 9.0336031863560979 0.35296019100844861 -0.16916702056452601 0.70934724566553686 3.8606743063089755 0.40292678949042676 0.36438389396815329 0.52270910402564896 0.44290140328524003 0.61653866360386422 3.7034934832086193 -0.033899144003875878 0.0656767101207585 0.23749900709002428 1.5129487358784643 0.74242014729364936 0.63500258668621468 0.48480549412846147 0.63880469135916351 0.17732467779013669 0.20065251746842819 3.0731965541490864 1.2363481520223154 21.534172661870507 1.1994582515875656 2.3680345399211169 8.9095730576946011 0.60937546361051032
decision_type=2 2 2 2 8 8 2 2 10 2 10 2 2 10 2 2 10 2 2 10 2 10 2 2 2 8 2 10 2 10
left_child=1 -1 4 10 8 -3 7 -6 9 -2 21 -7 13 14 -13 16 -8 18 -18 -20 24 -4 23 29 -15 27 -27 28 -17 -23
right_child=2 5 3 -5 6 11 15 -9 -10 -11 -12 12 -14 20 -16 25 17 -19 19 -21 -22 22 -24 -25 -26 26 -28 -29 -30 -31
leaf_value=0.011444490953829618 0.0089524764527507718 0.004108318090204577 -0.0007770716630190296 -0.0018924842293838867 0.011725453750209029 -1.4799303341907381e-05 -0.00016832060141814574 0.0012104525601871643 0.0039215671664244783 -0.00031665311349988366 0.0032977205192091896 0.00041290286777107921 0.003301551652062717 0.00046410921439782093 0.0015234958383725354 -0.00093846413981945112 0.0003286289848416102 -0.00042870582371855564 0.00092170209182674135 0.0014369993157060828 0.00021474372248852757 0.00022146324282346631 -0.00062523540909008876 0.0015523669203898163 0.001419704081387487 -0.00083299696021181481 0.00068790004794766599 -0.0028986658211293181 0.0018668069817967489 -0.00035475920458940229
leaf_weight=44 66 51 2251 2221 40 2155 725 153 41 154 50 66 50 110 54 689 127 94 45 59 1449 374 4039 83 40 358 485 591 75 1331
leaf_count=44 66 51 2251 2221 40 2155 725 153 41 154 50 66 50 110 54 689 127 94 45 59 1449 374 4039 83 40 358 485 591 75 1331
internal_value=-0.000635826 0.000754477 -0.00103352 -0.00135333 -0.000139347 0.000630029 -0.000349507 0.00258247 0.00262214 0.00149321 -0.00106212 0.00054726 0.00127288 0.00108314 0.00495868 -0.00052447 0.000485251 0.00271472 0.00451293 0.00817143 0.000789374 -0.0010984 -0.000832362 -3.01852e-05 0.00377483 -0.00100682 -0.000117299 -0.00155974 -0.000760785 -0.000272568
internal_weight=18070 4019 14051 10349 3702 3975 3441 193 261 220 8128 3924 1769 1719 120 3248 1050 325 231 104 1599 8078 5827 1788 150 2198 843 1355 764 1705
internal_count=18070 4019 14051 10349 3702 3975 3441 193 261 220 8128 3924 1769 1719 120 3248 1050 325 231 104 1599 8078 5827 1788 150 2198 843 1355 764 1705
is_linear=0
shrinkage=0.03


Tree=45
num_leaves=31
num_cat=0
split_feature=6 0 1 9 6 0 6 2 2 8 6 4 1 2 9 9 7 9 9 2 1 0 2 6 7 8 7 6 0 9
split_gain=10.4704 6.79974 2.32487 2.15011 2.83274 2.36948 2.94948 2.07366 1.99103 1.90465 1.52818 1.49496 2.31124 1.45411 1.89039 1.74083 1.43582 1.51988 1.86482 1.15899 1.14748 1.09743 1.43107 1.78368 2.6082 2.0505 1.6783 2.06471 1.02975 1.28633
threshold=0.17293226546707 0.79310647065497053 -0.11172568196331416 -0.67143774308222415 0.3021895254211327 173.87500000000003 0.35037239993151387 0.17732467779013669 0.23586028160075742 0.84450512891559149 0.12626082861426727 0.51324912851165239 2.1791245824113843 0.19299710594229966 0.10921755714685681 0.64858741758593474 0.46794816857268601 0.48480549412846147 0.10517085659149468 0.17732467779013669 3.4980918315575855 311.50000000000006 0.23844158057343537 0.34183316892112098 0.69978464263194995 0.49586500117747456 0.54145588206977224 0.35296019100844861 1.1195659993551164 0.52684832782557656
decision_type=2 8 2 8 2 8 2 10 10 10 2 10 2 8 10 10 2 10 10 8 2 8 10 2 2 8 2 2 10 10
left_child=1 8 13 4 -2 6 7 -5 -1 11 20 12 16 28 -15 -16 17 18 -9 -12 -4 -7 23 -23 -25 -26 27 -24 29 -3
right_child=3 2 10 5 -6 21 -8 9 -10 -11 19 -13 -14 14 15 -17 -18 -19 -20 -21 -22 22 26 24 25 -27 -28 -29 -30 -31
leaf_value=0.0030340947067313095 0.0057113551072132127 0.00021342100081684484 2.9384516149710163e-05 -0.0011359465097506801 -0.00023105712746132381 0.00072780729974091158 -0.0019207944935689225 -0.00015268925313925217 0.0095013567379933668 0.0025148073279649828 -0.00059275893853035042 -0.00062688381143525737 0.0012987419915319518 -1.8248352857133597e-05 0.0013297085664343059 0.00013736416415435041 -0.00029033606228576474 -0.00014437247496649702 0.0028682651867349258 -6.5281381246832851e-05 0.0023985108418696503 -0.0012909013925946715 0.0088861278019313206 -0.00078075611359772787 0.0094965965848228719 0.0050532434153309561 -0.0012301011272525468 -0.00034571937833723787 -0.00018276382085617083 0.0012190375160596924
leaf_weight=75 76 341 2913 1188 102 67 2827 42 47 80 948 4818 61 223 266 178 658 115 74 1020 91 93 50 62 50 65 602 270 535 40
leaf_count=75 76 341 2913 1188 102 67 2827 42 47 80 948 4818 61 223 266 178 658 115 74 1020 91 93 50 62 50 65 602 270 535 40
internal_value=-0.000661976 0.000279873 0.000148718 -0.00121848 0.00204469 -0.00127088 -0.00142731 -0.0010982 0.00726829 -0.00086579 -0.000170119 -0.000929798 0.000157728 0.00114962 0.00221407 0.00334382 -0.000232585 0.00179741 0.00420513 -0.000819706 0.000255573 -4.52388e-05 -0.000256497 0.00166052 0.00342135 0.00607759 -0.000819069 0.000934579 0.000372955 0.00156283
internal_weight=17977 6677 6555 11300 178 11122 9863 7036 122 5848 4972 5768 950 1583 667 444 889 231 116 1968 3004 1259 1192 270 177 115 922 320 916 381
internal_count=17977 6677 6555 11300 178 11122 9863 7036 122 5848 4972 5768 950 1583 667 444 889 231 116 1968 3004 1259 1192 270 177 115 922 320 916 381
is_linear=0
shrinkage=0.03


Tree=46
num_leaves=31
num_cat=0
split_feature=6 0 5 5 6 3 7 7 3 8 5 7 2 5 5 3 7 8 6 11 3 3 0 4 2 6 7 7 7 4
split_gain=11.5522 5.51174 3.92633 3.44323 2.49343 2.27191 1.8786 2.80146 2.00643 2.50185 3.40722 1.73515 1.69166 1.55907 1.48203 2.08546 1.94589 1.51603 1.46595 1.82452 1.29021 2.05705 3.10508 2.03936 1.25041 3.9357 3.92531 5.49151 1.54626 1.23287
threshold=0.15614643298000355 0.84684898618035198 9.0336031863560979 7.2675251843400792 0.347814212607025 1.9451281519198143 0.61429005025162597 0.80730864791137591 1.5018330556330082 0.30191361209298745 10.624881993376164 0.62249340219928873 0.39676744864859453 11.406692333481983 4.2903656061101136 1.3328988498796657 0.28407475874408822 0.4252007808903035 0.053916799209801532 4.5000000000000009 115.6892197701542 5.5077545200859399 12.088336722964014 2.1718435481063225 0.34851389385151893 0.26387075255632558 0.6087185610602478 0.48656566409476737 0.060924651430521816 0.60937546361051032
decision_type=2 8 2 2 2 8 2 2 10 8 2 2 8 2 2 8 2 8 2 2 8 10 10 10 8 2 2 2 2 10
left_child=1 3 14 -1 24 -5 8 11 9 13 -11 -8 18 -3 15 -2 -17 20 19 -13 21 -16 23 -23 28 26 27 -26 -4 -30
right_child=2 6 4 5 -6 -7 7 -9 -10 10 -12 12 -14 -15 17 16 -18 -19 -20 -21 -22 22 -24 -25 25 -27 -28 -29 29 -31
leaf_value=0.010116426399585831 0.0095072433471267287 -0.00059245055698374548 0.0029259657292900073 0.0014756971481969727 -0.001819631094975659 -0.0010178642186864783 0.001441781195948391 -0.00067515736670455617 0.00016590588117408795 5.9557101827030883e-05 0.0021234177324810362 -0.00011999159169635186 0.029836055046822959 0.00054747932271871364 -0.00029161832622099705 0.011348657345550118 -0.00065608535900332039 -0.0013597756084168708 0.0001355850798105106 0.00095598699561932269 -0.00078828030719465647 6.581864605884718e-05 0.0018206996507226455 0.0020213959633466378 0.00088417047531943495 -0.0013359437335269285 -0.00080014210494293888 0.0022426241289602278 -0.00022057742479037639 -0.00080993743356785886
leaf_weight=86 44 1526 60 67 2326 63 75 291 1074 294 51 144 41 46 782 56 173 1193 1490 457 309 688 94 79 63 360 90 57 1530 4402
leaf_count=86 44 1526 60 67 2326 63 75 291 1074 294 51 144 41 46 782 56 173 1193 1490 457 309 688 94 79 63 360 90 57 1530 4402
internal_value=-0.000634744 0.000481072 -0.00115203 0.00517051 -0.00148431 0.00206107 0.000295628 0.00090276 -0.000211565 -0.000793014 0.00151734 0.00126766 0.0011083 -0.0013007 -0.000287804 0.00182847 0.000665217 -0.000472029 0.000988049 0.00223754 4.301e-05 0.000377737 0.00138863 0.000753906 -0.00118482 0.000157617 0.00341232 0.00694215 -0.00131253 -0.0013612
internal_weight=18011 5705 12306 216 8888 130 5489 2498 2991 1917 345 2207 2132 1572 3418 273 229 3145 2091 601 1952 1643 861 767 6562 570 210 120 5992 5932
internal_count=18011 5705 12306 216 8888 130 5489 2498 2991 1917 345 2207 2132 1572 3418 273 229 3145 2091 601 1952 1643 861 767 6562 570 210 120 5992 5932
is_linear=0
shrinkage=0.03


Tree=47
num_leaves=31
num_cat=0
split_feature=6 9 5 6 12 5 2 9 6 9 3 12 1 12 7 1 5 8 2 3 7 3 1 6 9 8 3 4 4 5
split_gain=9.18272 4.62845 3.89919 3.12208 3.16676 2.9298 2.45882 2.27078 2.18972 2.33155 2.98243 2.59537 2.2472 1.96452 3.51474 1.82252 2.16167 2.28303 4.00755 1.73114 1.88899 1.70761 1.64032 1.66927 1.75378 2.4584 2.81136 1.51937 1.49775 1.45496
threshold=0.13100569512636764 -0.40204854588445665 9.0336031863560979 0.36134257916826501 0.39654670120448038 5.0434043048315838 0.18359216853733892 0.32732730843724539 0.23749900709002428 -0.093971883301103606 46.13776123833815 0.32195612057937478 2.3358184814814815 0.59366448075014533 0.76768097067654995 -0.20651023221219694 9.6742316080586743 0.10673267414981689 0.26048913637661625 1.9707666576535705 0.60166664847255136 60.513309279720197 3.9152889635546546 0.0067074800305597657 0.76354761743375044 0.37862843007394725 2.1994575304731492 1.0497253737861627 0.77441797754617459 8.4455897206279626
decision_type=2 8 2 2 2 2 10 10 2 10 8 2 2 2 2 2 2 8 10 10 2 10 2 2 10 10 10 10 8 2
left_child=1 -1 8 4 6 -3 -4 -8 13 10 11 -10 29 19 27 16 17 18 -6 -2 -21 -22 23 24 28 26 -26 -15 -7 -13
right_child=2 5 3 -5 15 22 7 -9 9 -11 -12 12 -14 14 -16 -17 -18 -19 -20 20 21 -23 -24 -25 25 -27 -28 -29 -30 -31
leaf_value=0.003913139852732935 -0.0005862055913234697 0.0087761104697160891 -0.00070662441305949426 -0.0017754924707622064 0.0019337993170417038 -0.00023166068851378132 6.9731550285450413e-05 0.0022623222430623148 -0.0081943117627762997 -0.0011499462369647579 -0.0007965879784632004 0.00061066524359014299 0.0052688375398109296 0.0060006364638236411 -0.00054117457185944506 -0.00063571877777256886 -0.0002025304228691434 0.00010456292429619955 -0.00022374969885938814 -0.00015438211817756525 0.0003478950575867163 0.0011683958275240784 0.0019505350851233736 -1.0318604898482239e-05 0.0023291127661152181 -4.4162128179364599e-05 0.00042243300514615477 0.0013084166666146376 0.00094022159890668215 0.0020961379760223628
leaf_weight=53 361 42 84 2036 53 272 40 54 129 1340 440 459 127 46 65 6828 704 158 42 217 277 44 67 3376 71 84 55 40 393 88
leaf_count=53 361 42 84 2036 53 272 40 54 129 1340 440 459 127 46 65 6828 704 158 42 217 277 44 67 3376 71 84 55 40 393 88
internal_value=-0.000640863 0.000548481 -0.00102589 -0.0013317 -0.00106341 0.000440265 0.00288268 0.00618947 -0.000184095 -0.000653638 0.000282154 0.0013694 0.00211555 0.000970504 0.004125 -0.001154 7.20243e-05 0.00244488 0.00609375 0.000436666 0.00151391 0.00297205 0.000362583 0.000288569 0.00145548 0.00383886 0.00647244 0.00806896 0.000698197 0.00127555
internal_weight=18045 4413 13632 9999 7963 4360 178 94 3633 2583 1243 803 674 1050 151 7785 957 253 95 899 538 321 4318 4251 875 210 126 86 665 547
internal_count=18045 4413 13632 9999 7963 4360 178 94 3633 2583 1243 803 674 1050 151 7785 957 253 95 899 538 321 4318 4251 875 210 126 86 665 547
is_linear=0
shrinkage=0.03


Tree=48
num_leaves=31
num_cat=0
split_feature=0 0 13 3 13 9 3 7 7 0 7 12 13 13 7 8 7 8 2 9 12 12 12 9 8 2 9 9 12 7
split_gain=9.99378 4.69816 3.87302 3.04391 3.15959 2.2691 2.18213 2.07395 2.1368 4.0079 3.22868 2.49807 2.92463 2.06788 2.05091 1.80703 2.83841 2.15386 2.23094 2.1379 3.17072 1.7568 1.67351 1.67438 2.05074 1.74134 1.97813 1.63856 3.44034 2.57542
threshold=1.1404105456001117 0.70934724566553686 0.36510725631015456 1.5018330556330082 0.22175419133928556 -0.67143774308222415 119.87480644909078 0.80730864791137591 0.72875458763823875 1.7607392775126876 0.76971975481793165 0.41708810094604393 0.17831604714542773 0.073534507447363687 0.68787070502323167 0.28530928204768741 0.88711113501944394 0.38213437206626683 0.051238410194211714 1.0155149965220709 0.53588818823814066 0.64217816277840012 0.40980802514412601 0.23054666069762228 0.13885248015634441 0.20332230521120279 0.61369929131852008 1.4780927442181238 0.54496189765895442 0.56804622626849643
decision_type=10 8 2 10 2 10 10 2 2 10 2 2 2 2 2 8 2 10 8 8 2 2 2 10 10 8 10 10 2 2
left_child=1 -1 3 -2 7 14 15 8 11 -10 -11 12 -5 -13 -6 22 17 18 -17 20 -19 -20 -3 -24 25 26 -25 -15 -29 -30
right_child=2 6 -4 4 5 -7 -8 -9 9 10 -12 13 -14 27 -16 16 -18 19 21 -21 -22 -23 23 24 -26 -27 -28 28 29 -31
leaf_value=0.007950484884225166 -0.00070129867290191219 0.00092405754236599418 -0.0017110265474096634 -0.00017698848892869662 0.0066633144374726146 -0.0005578785157987745 -0.00077197534576103736 -0.00081851186474526916 0.00025025224023306734 0.0017197670690862372 0.00018241765887462946 0.0010821232524402713 0.002871779605697141 -0.00011144962992037492 -6.7420194578155917e-05 0.0044552951365298566 0.012633606049736503 0.00057444524617803134 0.00099347898454101285 -0.00075233825950853908 0.0028251171730602461 0.013016498268707691 -0.00020125447983777801 0.00012997803577806017 -7.3303386092213023e-05 0.0021090374958832522 0.0017470443269974945 -0.000829411404655873 0.0011193690021370282 0.00050192082427300596
leaf_weight=66 3123 190 2900 40 60 4269 262 347 444 60 56 60 44 2781 88 72 47 265 454 305 46 40 894 272 449 110 48 94 56 131
leaf_count=66 3123 190 2900 40 60 4269 262 347 444 60 56 60 44 2781 88 72 47 265 454 305 46 40 894 272 449 110 48 94 56 131
internal_value=-0.0006163 0.000817949 -0.000963241 -0.000718981 -0.000425508 -0.000982572 0.000665122 0.000172824 0.000377488 0.00208556 0.00702564 7.85774e-05 0.00515294 -5.95588e-05 0.00265772 0.000881302 0.00178293 0.00149112 0.0028254 0.00026256 0.00200961 0.00209697 0.000316191 2.87479e-05 0.000957954 0.00243619 0.00130841 -0.000168463 0.00201064 0.00435638
internal_weight=18073 3520 14553 11653 8530 4417 3454 4113 3766 560 116 3206 84 3122 148 3192 1229 1182 566 616 311 494 1963 1773 879 430 320 3062 281 187
internal_count=18073 3520 14553 11653 8530 4417 3454 4113 3766 560 116 3206 84 3122 148 3192 1229 1182 566 616 311 494 1963 1773 879 430 320 3062 281 187
is_linear=0
shrinkage=0.03


Tree=49
num_leaves=31
num_cat=0
split_feature=13 5 9 5 13 12 5 2 4 8 12 7 8 5 8 5 13 9 12 7 1 7 7 9 9 8 13 5 2 5
split_gain=10.3897 7.46911 7.1479 3.83274 2.61387 3.60909 2.64313 3.49958 2.1301 1.68924 2.4713 2.7651 3.0793 1.97217 1.59878 2.26588 1.54797 2.13814 1.81307 5.50344 1.48064 1.45556 1.27554 2.69357 2.27307 2.63323 2.40861 1.8421 1.93115 1.46666
threshold=0.12285973275333185 6.7363734861220914 -0.084626793763950853 9.0154805366384156 0.36134257916826501 0.39654670120448038 9.9034625519111081 0.17732467779013669 0.96428459739940109 0.28530928204768741 0.53125997128270586 0.70304727702085668 0.50499290621692128 10.558205706138827 -0.007713296804789784 10.296947539290462 0.23173734561948225 1.0000000180025095e-35 0.59666190204827496 0.74242014729364936 -0.75360000759278378 0.61653866360386422 0.71153102504610632 -0.033899144003875878 0.57310808090595322 0.20269929079533502 0.048222010289180169 10.325465568884132 0.23100457980722958 11.406692333481983
decision_type=2 2 8 2 2 2 2 10 10 8 2 2 8 2 10 2 2 10 2 2 2 2 2 10 10 10 2 2 10 2
left_child=1 2 -1 16 5 6 -5 -8 -4 22 13 12 21 -11 15 -7 18 -18 -2 -20 -16 -12 27 -24 -25 26 -26 -3 29 -29
right_child=3 9 8 4 -6 14 7 -9 -10 10 11 -13 -14 -15 20 -17 17 -19 19 -21 -22 -23 23 24 25 -27 -28 28 -30 -31
leaf_value=0.0058655123471546937 9.7138241476163098e-05 0.00013362279335855489 0.00081688450541874617 -0.0016289320872673841 -0.0016699363927313057 0.00069409271318260606 0.00013431735795067551 0.0018107031970976965 0.009494571510204523 -3.6494917414256305e-05 0.00020189662612404291 0.00012032827900097639 0.0017790577931073295 0.0017084827260106783 0.0002765991672544948 -0.00068390806993072972 0.00035513392402411091 -0.0012012878719276396 0.0044893791486568801 -0.00021235158199814342 -0.00061319479760372716 0.0030310343404459706 0.0011086683983837766 -0.00010482858650029137 0.0028071515761417406 -0.00014270772728551247 0.00029255356858852362 -0.00056997164496458744 0.0019729138824406802 0.00042815073279677375
leaf_weight=41 897 1630 118 58 2053 438 54 60 90 521 51 86 40 67 277 300 1327 1303 77 64 7075 43 52 350 53 72 50 722 41 72
leaf_count=41 897 1630 118 58 2053 438 54 60 90 521 51 86 40 67 277 300 1327 1303 77 64 7075 43 52 350 53 72 50 722 41 72
internal_value=-0.000580988 0.000747072 0.005772 -0.000970324 -0.00126648 -0.0010282 0.00326011 0.00589565 0.00347368 0.000420669 0.00163906 0.00434389 0.00702222 0.000621391 -0.00111976 0.000211095 -0.000137368 -0.000524516 0.000843118 0.00399296 -0.00125337 0.00397895 9.66145e-05 0.00136505 0.000712927 0.00349432 0.00654808 -0.000200731 -0.00134569 -0.00167547
internal_weight=18082 4099 249 13983 10315 8262 172 114 208 3850 808 220 134 588 8090 738 3668 2630 1038 141 7352 94 3042 577 525 175 103 2465 835 794
internal_count=18082 4099 249 13983 10315 8262 172 114 208 3850 808 220 134 588 8090 738 3668 2630 1038 141 7352 94 3042 577 525 175 103 2465 835 794
is_linear=0
shrinkage=0.03


Tree=50
num_leaves=31
num_cat=0
split_feature=13 5 5 9 3 3 5 7 7 5 2 5 5 8 12 12 9 5 5 13 7 8 7 12 9 11 8 12 13 3
split_gain=8.15948 5.99072 3.90999 3.4256 2.76849 3.01853 2.235 2.18527 2.01258 1.94578 2.07074 3.01168 2.63666 4.0349 2.30305 1.91333 1.89905 1.86424 1.65977 2.11613 2.82519 2.25997 1.62684 1.6134 1.55333 1.72198 1.79204 1.92483 1.59797 3.42517
threshold=0.17831604714542773 6.6560834372730202 8.9775251930001527 -0.073239052309644129 9.3388539229413485 115.6892197701542 9.6471426348715834 0.82764301768011317 0.36876328421032339 10.570585888656725 0.30013950135075523 8.5215835198923759 9.9321721852157321 0.13128007233620551 0.54570168097955329 0.40980802514412601 1.415660116296116 10.146688598896096 7.9731553740730181 0.028875978797010763 0.79302599270045326 0.24662603953183673 0.67142721295405694 0.62156833329163497 0.42662667919845249 9.5000000000000018 0.036752123126544613 0.55766309349378951 0.14352677988237653 1.4884576750376561
decision_type=2 2 2 8 10 10 2 2 2 2 10 2 2 10 2 2 8 2 2 2 2 10 2 2 10 2 10 2 2 10
left_child=1 3 -2 -1 6 7 8 9 15 10 11 -6 23 -14 -12 -3 -4 -15 -10 20 21 -20 -16 -13 25 26 -21 28 -28 -30
right_child=2 4 16 -5 5 -7 -8 -9 18 -11 14 12 13 17 22 -17 -18 -19 19 24 -22 -23 -24 -25 -26 -27 27 -29 29 -31
leaf_value=0.0049829104965391051 -0.00013079754438699502 0.00064647245285714397 -0.00062136246391885296 0.0052266886206799703 0.0025848784300498066 -0.0008080789811158904 -0.00018816629538682001 -0.00075263925666127008 -0.00063723029478511724 -3.7616538910786297e-05 -0.0014228161394642096 -3.0436043734685078e-05 0.00027475882502951362 0.00087022065317027676 0.030765213367013079 -0.00068067039221746605 -0.0015873072638620815 0.0027833175908773518 0.00088438916377601734 -0.00014980011782018068 -0.0021727914955383277 0.0029976971425014157 0.0011378003413808548 0.0011217451276623049 -0.00017617415159872549 -0.00028486886990305505 0.00045387783541266216 -0.00011157600481870516 0.0006822560033465572 0.0025277809383540484
leaf_weight=42 3042 44 6135 211 48 254 3510 75 241 221 111 202 133 48 42 336 1901 65 153 100 45 64 59 45 435 153 150 69 41 47
leaf_count=42 3042 44 6135 211 48 254 3510 75 241 221 111 202 133 48 42 336 1901 65 153 100 45 64 59 45 435 153 150 69 41 47
internal_value=-0.000639517 0.000166738 -0.00114487 0.00468898 -4.93198e-06 0.00123543 -0.000305067 0.00194571 0.000530068 0.00232615 0.00305172 0.00403505 0.00332186 0.00551417 0.000535211 -0.00141732 -0.0014916 0.00965789 0.00102468 0.00146184 0.00385551 0.00527064 0.00379412 0.001125 0.000828313 0.00187166 0.00288971 0.00402273 0.00529707 0.00849438
internal_weight=18022 6944 11078 253 6691 1303 5388 1049 1878 974 753 541 493 246 212 380 8036 113 1498 1257 262 217 101 247 995 560 407 307 238 88
internal_count=18022 6944 11078 253 6691 1303 5388 1049 1878 974 753 541 493 246 212 380 8036 113 1498 1257 262 217 101 247 995 560 407 307 238 88
is_linear=0
shrinkage=0.03


Tree=51
num_leaves=31
num_cat=0
split_feature=0 6 0 9 5 2 0 5 2 6 1 5 12 2 5 9 5 9 2 12 6 0 4 1 5 4 9 5 6 12
split_gain=8.02204 4.16164 3.99009 3.33602 3.28061 3.01248 2.00202 2.02235 1.74986 3.79245 2.53813 1.75823 5.15489 1.73913 1.41871 1.5455 1.39094 1.36367 1.40196 3.90588 2.2713 1.4787 2.13658 2.07564 1.35223 2.02961 1.31675 2.08311 1.85671 1.50429
threshold=1.1195659993551164 0.35037239993151387 0.84684898618035198 -0.85576102661335829 6.2275238364393255 0.63810651982531053 71.971380471380485 7.3323683504381592 0.17732467779013669 0.2091016289445973 3.0731965541490864 11.471655444261616 0.52162081709846697 0.23974874830330251 9.7866446962163867 3.0059105443731213 10.064628024258043 0.46781891621898408 0.31711569643529802 0.46533527212599651 0.25395846130562744 1.6729107643729446 1.3714586468392183 2.6096990267700995 10.583308836345422 0.75874519865104195 0.23376254610460784 5.3821962081647756 0.95551144502743646 0.51252847701438997
decision_type=10 2 8 8 2 10 10 2 8 2 2 2 2 10 2 8 2 10 10 2 2 10 10 2 2 10 10 2 2 2
left_child=2 3 4 -2 -1 8 -3 -8 11 10 24 16 -13 -9 -15 -16 -5 18 21 -20 -21 -11 23 -23 25 -10 27 28 -4 -29
right_child=1 6 26 5 -6 -7 7 13 9 17 -12 12 -14 14 15 -17 -18 -19 19 20 -22 22 -24 -25 -26 -27 -28 29 -30 -31
leaf_value=0.0091669522219223355 0.0054348134600448747 -0.001838325105536073 0.0065284935275213198 -0.0003171501063539919 0.0016368404844928888 0.0045168274307846468 0.0018060065163830149 0.0022081559599380868 0.0004919092981381381 -0.0014935868571869723 0.0012349692109612856 0.00056966857615499877 -0.00083442041226668596 -0.0010776176204069015 0.00085229416785360219 -0.0015663931311706279 -0.00078294933102265917 -0.00082103625402373101 0.0029480719884582202 0.0017483250287685084 -0.00028968326326537163 0.00020633852769965942 -0.00068427892552357778 0.0027769728470753473 -0.0002605485586111153 -5.5956818610902789e-05 0.00046330162845065968 0.00018927915811184842 -0.0038205602001930585 -0.00050560321175543771
leaf_weight=40 76 2790 282 1600 162 59 82 42 744 654 169 52 139 237 40 43 1734 2350 54 67 335 640 466 53 599 1813 1343 639 66 669
leaf_count=40 76 2790 282 1600 162 59 82 42 744 654 169 52 139 237 40 43 1734 2350 54 67 335 640 466 53 599 1813 1343 639 66 669
internal_value=-0.0005852 -0.000879036 0.000776701 -0.000613702 0.00484729 -0.000655218 -0.0018306 4.04487e-05 -0.000690236 -0.000443298 0.000329224 -0.00124646 0.00154687 -0.000925621 -0.00168224 0.00167857 -0.0014069 -0.000999351 -0.00047445 0.00101094 -1.48891e-05 -0.000848402 -0.000204311 0.000851584 0.000136838 0.00043745 0.000500999 -6.51787e-05 0.00199427 -0.00061421
internal_weight=18039 14838 3201 11604 202 11528 3234 444 11469 7944 3325 3525 191 362 320 83 3334 4619 2269 456 402 1813 1159 693 3156 2557 2999 1656 348 1308
internal_count=18039 14838 3201 11604 202 11528 3234 444 11469 7944 3325 3525 191 362 320 83 3334 4619 2269 456 402 1813 1159 693 3156 2557 2999 1656 348 1308
is_linear=0
shrinkage=0.03


Tree=52
num_leaves=31
num_cat=0
split_feature=0 0 5 13 2 5 7 12 7 7 7 2 13 7 9 4 5 12 2 7 7 0 12 0 7 8 7 5 13 5
split_gain=9.69326 5.45126 3.3465 2.90821 4.29355 3.5126 2.82631 2.31796 2.22247 2.02495 2.26361 2.21313 2.90271 2.0754 2.32788 2.04082 2.38031 1.97516 1.74368 4.88028 2.84121 6.34203 5.9165 1.69333 1.5946 1.68315 2.03139 1.61114 1.54702 1.53609
threshold=1.1404105456001117 0.79310647065497053 7.2675251843400792 0.347814212607025 0.56897865902212619 7.0071479203944476 0.89897156607438566 0.40980802514412601 0.23397720187856033 0.30442955214122269 0.80478096059541848 0.18359216853733892 0.21756712301305739 0.58282327039727411 0.49576081186291382 0.60937546361051032 10.504601677273456 0.40980802514412601 0.31406738359228126 0.48656566409476737 0.46794816857268601 1.7157622911403807 0.55326571565556859 1.0457295924033454 0.59292644160929131 0.28530928204768741 0.67142721295405694 9.0503476589439078 0.10945663298499221 6.7929052800254102
decision_type=8 10 2 2 10 2 2 2 2 2 2 10 2 2 10 10 2 2 10 2 2 10 2 10 2 10 2 2 2 2
left_child=1 2 -1 4 9 6 -5 8 23 -2 11 28 15 14 18 16 -13 -17 20 -20 21 -14 -23 -3 -9 -26 -27 -28 -11 -10
right_child=3 7 -4 5 -6 -7 -8 24 29 10 -12 12 13 -15 -16 17 -18 -19 19 -21 -22 22 -24 -25 25 26 27 -29 -30 -31
leaf_value=0.0087294245770780394 -0.0010644585133889038 0.0018287306511183044 0.00057529277843290411 -0.00018099579157357208 0.0045315049854971236 -0.0014888480410924683 0.010334758222943941 -0.00011308614598939071 0.0046570963819193246 7.1049324002853508e-05 -0.00066783527475652849 0.0011975882310428713 -0.0014076695296242646 -0.00070231137210164697 -0.00067334537696871481 0.0015588910670750647 -0.00028778688499868919 2.5076908642671553e-05 -0.00015690460545950431 0.0023132221021949961 -0.00049299618838490554 0.00053655153059050092 0.0077584653957543286 0.00079632898670904022 0.00014672052662440197 0.0026424917370310979 0.0024018624911045666 -0.00032980735724844886 -0.00052304366933019126 -6.3046283126991123e-05
leaf_weight=64 1207 41 72 626 76 3318 54 1100 136 501 909 444 138 2099 569 44 154 2087 84 61 373 102 55 49 732 95 81 94 2497 189
leaf_count=64 1207 41 72 626 76 3318 54 1100 136 501 909 444 138 2099 569 44 154 2087 84 61 373 102 55 49 732 95 81 94 2497 189
internal_value=-0.00062669 0.00104785 0.00687591 -0.000915255 -0.000670994 -0.0016114 0.000352422 0.000730341 0.00277644 -0.000718941 -0.000580254 -0.000439136 -0.000115924 -0.000690121 0.000212581 0.000616483 0.00216361 0.000181519 0.00124201 0.00421233 0.000591928 0.00278716 0.0068924 0.00692308 0.000325249 0.00119043 0.00321033 0.00127841 -0.00110837 0.00161043
internal_weight=18051 2653 136 15398 11400 3998 680 2517 415 11324 10117 9208 6210 3481 1382 2729 598 2131 813 145 668 295 157 90 2102 1002 270 175 2998 325
internal_count=18051 2653 136 15398 11400 3998 680 2517 415 11324 10117 9208 6210 3481 1382 2729 598 2131 813 145 668 295 157 90 2102 1002 270 175 2998 325
is_linear=0
shrinkage=0.03


Tree=53
num_leaves=31
num_cat=0
split_feature=6 6 5 1 5 7 3 7 1 6 8 7 5 5 4 5 8 6 5 1 3 5 5 2 5 4 1 2 6 7
split_gain=8.22943 5.23278 3.79962 3.31945 2.58201 2.1971 3.24885 2.0772 1.97938 1.95029 1.90646 2.62944 4.67634 4.03883 1.86938 1.64011 3.328 2.20409 1.47144 1.70675 2.73062 1.47051 1.97963 1.43776 1.37282 1.5172 1.31496 1.30904 3.04823 2.92706
threshold=-0.19338642418717009 0.17831604714542773 9.0336031863560979 -0.34424356276951645 6.6560834372730202 0.81564432264163156 5.2662241621744377 0.72061029328781434 3.0731965541490864 0.35037239993151387 0.10955932804797305 0.76768097067654995 10.689088564626902 9.5596582796802938 0.96428459739940109 10.036772039442626 0.37470729506273387 0.12459420986330817 10.570585888656725 -1.0000000180025095e-35 110.57341255182855 11.406692333481983 11.812615079417837 0.19498387982109541 6.2275238364393255 0.54551429879581215 -0.97754977060183779 0.33738400995314705 0.26387075255632558 0.6087185610602478
decision_type=2 2 2 2 2 2 10 2 2 2 8 2 2 2 10 2 8 2 2 2 10 2 2 10 2 10 2 10 2 2
left_child=3 4 -3 -1 24 6 7 15 18 27 11 12 13 -9 -5 -6 21 -18 19 20 26 -17 -23 -12 25 -2 -8 -4 29 -29
right_child=1 2 9 14 5 -7 8 10 -10 -11 23 -13 -14 -15 -16 16 17 -19 -20 -21 -22 22 -24 -25 -26 -27 -28 28 -30 -31
leaf_value=0.0050344412558878671 0.0013724856751451643 -0.00011447042155405105 -0.00067894097881645199 -0.001121568304380298 -1.2903770001854824e-05 -0.00095514891264008813 4.2247892126985069e-05 0.0012746091265331235 0.0012203931778102936 -0.0014698211522983524 -0.00011629886659388894 -0.0014243169571506848 -0.00017548904702960531 0.0012049854528034787 0.006701855799556419 -0.0005486652727575823 0.0012517502633657433 -0.00029597663629010246 -0.00018841225819588963 0.0002327409855199576 -0.00064858383394018947 0.00078255883813655358 -0.00054646889961625826 0.0016971197086211858 0.0057426042415672732 -0.00043682594737934062 0.0014995006972241612 0.001236591985240399 -0.00047705510505387873 -0.00029053496733794191
leaf_weight=57 41 3207 4905 44 2285 323 49 45 86 2247 279 54 52 44 44 1842 72 65 288 674 85 79 52 82 49 70 237 116 491 96
leaf_count=57 41 3207 4905 44 2285 323 49 45 86 2247 279 54 52 44 44 1842 72 65 288 674 85 79 52 82 49 70 237 116 491 96
internal_value=-0.000621229 -0.000679003 -0.00108253 0.0064726 -2.75759e-05 -0.000117867 4.70812e-06 -0.000358038 0.00126972 -0.00143776 0.00136804 0.00375 0.00589437 0.0100333 0.00276404 -0.000576661 -0.00117954 0.00332609 0.000982758 0.00150574 0.0031371 -0.00149392 0.00156818 7.45849e-05 0.00372671 0.00184821 0.00453658 -0.00113817 7.24425e-05 0.00307042
internal_weight=18060 17915 11062 145 6853 6693 6370 4951 1419 7855 556 195 141 89 88 4395 2110 137 1333 1045 371 1973 131 361 160 111 286 5608 703 212
internal_count=18060 17915 11062 145 6853 6693 6370 4951 1419 7855 556 195 141 89 88 4395 2110 137 1333 1045 371 1973 131 361 160 111 286 5608 703 212
is_linear=0
shrinkage=0.03


Tree=54
num_leaves=31
num_cat=0
split_feature=0 5 6 5 7 3 6 12 8 2 3 5 0 12 12 7 3 5 7 3 8 3 2 12 2 7 3 6 12 8
split_gain=8.52846 5.04635 4.63787 3.32951 2.10378 2.68043 2.06778 3.52098 3.02597 2.06347 1.81018 2.00526 1.78601 1.76501 1.58137 2.01803 1.65928 1.58088 2.32092 2.1152 2.37066 2.02168 3.14432 1.9349 2.81952 2.77891 2.84337 1.55834 1.9893 1.52385
threshold=0.84684898618035198 6.5631498101129244 0.15614643298000355 8.9958467995562525 0.82466409247930572 15.60829792519089 0.36510725631015456 0.39654670120448038 0.41016625347132757 0.23586028160075742 50.017422447993916 8.5215835198923759 1.2661959981118265 0.32195612057937478 0.41708810094604393 0.61653866360386422 1.5018330556330082 7.0071479203944476 0.7460998727262198 2.0443283574899049 0.40560317244702321 69.818768982204489 0.38718846634995563 0.46533527212599651 0.26048913637661625 0.57627008127100876 2.5414461035512503 0.2941372125445057 0.51905515258422652 0.030084803286454857
decision_type=8 2 2 2 2 10 2 2 8 10 10 2 10 2 2 2 8 2 2 10 8 10 10 2 10 2 10 2 2 8
left_child=1 -1 4 13 5 14 7 8 -5 -3 11 -7 -13 -4 29 16 -16 -15 19 -19 21 22 23 -21 25 26 -25 28 -23 -2
right_child=2 9 3 6 -6 10 -8 -9 -10 -11 -12 12 -14 17 15 -17 -18 18 -20 20 -22 27 -24 24 -26 -27 -28 -29 -30 -31
leaf_value=0.0082358671572865614 0.0035019126695948742 -0.00051175619832660117 -0.0037545180233936677 5.704232832575716e-05 -0.00099817471219313812 0.022928935842117817 -0.0015631645104167754 -0.00052973687276201462 0.002298629348367897 0.0022896564422679455 5.0190434738575446e-05 0.00015849687152353798 0.0016069584041144491 0.0016114170159661765 -0.00052622980797043472 0.0001624914629670623 7.5938704220993982e-05 -0.0013238170529537368 -0.00068573450671684374 0.002544143775758042 -0.00067853330757576481 -0.00090568651413592248 0.0045812858028773254 0.0028604890970487023 -0.00057028100263821133 0.0016274350737306119 -0.0012245331537620559 -0.0014083474348957161 0.0019507323864460786 0.00044449644381155647
leaf_weight=63 45 86 311 100 196 43 1990 6895 46 50 271 181 156 671 1656 1772 818 402 779 73 400 43 46 44 231 62 58 117 50 363
leaf_count=63 45 86 311 100 196 43 1990 6895 46 50 271 181 156 671 1656 1772 818 402 779 73 400 43 46 44 231 62 58 117 50 363
internal_value=-0.000595705 0.005565 -0.000664816 -0.00098823 5.94322e-05 0.000172446 -0.00128576 -0.00104416 0.00355102 0.00227737 0.00197393 0.00330709 0.00251183 -0.000170621 -7.99148e-05 -0.000251472 -0.000804849 5.44165e-05 -0.000318734 0.000361492 0.00102933 0.00205241 0.00306408 0.00231556 0.00147727 0.00447273 0.00139806 -0.000426541 0.00245745 0.00170171
internal_weight=18018 199 17819 12318 5501 5305 9031 7041 146 136 651 380 337 3287 4654 4246 2474 2976 2305 1526 1124 724 514 468 395 164 102 210 93 408
internal_count=18018 199 17819 12318 5501 5305 9031 7041 146 136 651 380 337 3287 4654 4246 2474 2976 2305 1526 1124 724 514 468 395 164 102 210 93 408
is_linear=0
shrinkage=0.03


Tree=55
num_leaves=31
num_cat=0
split_feature=0 0 0 3 1 5 6 2 7 2 2 7 6 7 0 0 5 1 7 7 5 2 7 11 6 5 6 6 8 2
split_gain=8.31508 3.23773 3.19506 3.07023 2.89294 2.85622 2.36307 2.82057 2.39596 2.0861 2.90045 1.76636 1.69228 2.22116 1.59645 1.59193 2.90742 1.56194 1.53618 2.37617 1.63871 1.78491 4.8362 1.47848 1.45373 1.82364 1.62859 1.39922 1.39465 1.31935
threshold=1.1404105456001117 1.9961628684305632 0.84684898618035198 1.5018330556330082 -0.97754977060183779 3.8606743063089755 0.20065251746842819 0.40441119240661605 0.80730864791137591 0.5127230041609725 0.75418834528913947 0.88711113501944394 0.347814212607025 0.060924651430521816 41.491666666666674 1.7056691226305782 10.446930403480801 4.516815961288251 0.29047292052127976 0.57194211034940035 7.7510450253959338 0.31406738359228126 0.51388913093149624 8.5000000000000018 0.3794896217049038 7.8543805330358687 0.53129637843406929 0.26755626694007001 0.088723228255423878 0.23974874830330251
decision_type=8 10 10 10 2 2 2 10 2 10 10 2 2 2 10 10 2 2 2 2 2 10 2 2 2 2 2 2 8 10
left_child=2 3 4 5 -1 -2 7 8 15 18 -11 -7 13 -3 -14 17 23 -5 -8 20 -20 27 -23 28 -16 26 -26 -22 -17 -6
right_child=1 12 -4 6 29 11 9 -9 -10 10 -12 -13 14 -15 24 16 -18 -19 19 -21 21 22 -24 -25 25 -27 -28 -29 -30 -31
leaf_value=0.0078226421944064071 0.0045672690874287636 0.0031736626311800894 0.00020906724641718137 7.0667030707335403e-05 0.00044948974382500633 -0.0006501782036575039 -0.0017793432253673256 0.0043130062369604394 -0.0012920928365418574 0.009492393391494415 -0.0022825416578902183 0.012003050955027563 -0.0018240279714271156 -0.00036237761047898419 0.00093046544456604674 0.0011865574695129634 -0.0004176582810933977 0.0014765623474303846 -0.000781097628798999 -0.00060253987617987369 -0.00050653907802797706 9.0300703531291275e-05 0.0024246487910678503 0.00028731271007568338 0.0019766466231248224 -0.0010611572078194141 -2.1485678987203141e-05 0.00059577404300713527 0.00062244010053304417 0.003968943289180564
leaf_weight=43 76 44 2445 2448 119 3214 392 65 232 70 119 43 2348 2482 41 52 90 48 169 2038 402 173 76 72 41 353 77 176 57 44
leaf_count=43 76 44 2445 2448 119 3214 392 65 232 70 119 43 2348 2482 41 52 90 48 169 2038 402 173 76 72 41 353 77 176 57 44
internal_value=-0.00057989 -0.000847069 0.000971719 -0.000527914 0.00455072 -0.00127145 -0.000156737 0.000456117 0.000320999 -0.000676162 0.00238421 -0.00140608 -0.00144013 -0.000873764 -0.00193988 0.000566835 0.00274632 0.000329194 -0.000845638 -0.000616805 0.000583751 0.00113406 0.003252 0.00492857 -0.000421053 -0.000896187 0.00231933 0.000217616 0.00711818 0.00268902
internal_weight=18049 15398 2651 10012 206 3333 6679 3064 2999 3615 189 3257 5386 2526 2860 2767 271 2496 3426 3034 996 827 249 181 512 471 118 578 109 163
internal_count=18049 15398 2651 10012 206 3333 6679 3064 2999 3615 189 3257 5386 2526 2860 2767 271 2496 3426 3034 996 827 249 181 512 471 118 578 109 163
is_linear=0
shrinkage=0.03


Tree=56
num_leaves=31
num_cat=0
split_feature=6 6 9 5 9 8 6 3 3 4 6 0 4 1 0 7 8 6 5 9 3 7 7 8 8 5 3 7 8 5
split_gain=8.30866 4.08692 2.18611 2.12357 1.85907 1.94056 1.79233 1.93636 2.71666 2.92307 2.47269 2.77157 2.00826 1.98333 1.79544 3.37082 1.64802 1.5843 1.50014 1.81276 2.04192 2.97764 9.41047 2.4962 1.56771 1.51679 2.24614 1.45041 1.38128 1.50253
threshold=0.12153386558774938 -0.30127499833881138 2.8891714323214512 8.1749844932907632 -0.093971883301103606 0.042359409644077778 0.47954549024946408 2.3663689654504005 2.5668365730716469 0.54551429879581215 0.20065251746842819 71.971380471380485 0.86397091630092604 2.684784220149147 2.6059935994683836 0.56356504515786832 0.1031883790118855 0.26056362780591963 10.127550680111193 0.15464512036171923 1.4706703175682858 0.54771052542311616 0.47274543456275669 0.16926744793440948 0.24119166977552745 10.799106078932304 1.4160894019409471 0.80730864791137591 0.28530928204768741 10.534732732925947
decision_type=2 2 10 2 8 10 2 10 10 10 2 10 8 2 10 2 10 2 2 8 10 2 2 8 10 2 10 2 8 2
left_child=1 -1 3 -2 5 -3 7 18 9 16 13 -12 -13 27 -11 -16 -9 -4 19 20 -5 22 23 -22 -20 -26 -27 -10 -6 -30
right_child=2 4 17 6 28 -7 -8 8 10 14 11 12 -14 -15 15 -17 -18 -19 24 -21 21 -23 -24 -25 25 26 -28 -29 29 -31
leaf_value=0.0075480880318223344 7.9644438911217672e-05 0.00035605553089513594 0.0002253207109524235 -0.00048091267407189548 1.7923246393972771e-05 0.0040859298369839772 -0.002604067887414466 0.0039738953832073537 0.0001880302121240894 -0.00046187552742559944 -0.00053369947720773047 0.0021283449213809922 7.6634282891144712e-05 0.0014109224577424158 0.0024112238201449165 -0.0010356708700751487 0.00085043634816111071 -0.0019529887983848122 -0.0010177500225274315 -0.00056911124144290535 -0.00041548673397441072 -5.953132831119214e-05 0.0041100225921695231 0.0017930185074901809 -0.00095458107347725675 0.00080118516416590195 -0.0011802778428207448 -0.0011983482179084379 0.00037982142207939088 0.0010751077221900242
leaf_weight=64 1804 115 157 359 2892 64 545 42 1033 284 3537 51 150 99 48 42 88 957 1826 1876 91 247 51 40 390 86 84 137 750 113
leaf_count=64 1804 115 157 359 2892 64 545 42 1033 284 3537 51 150 99 48 42 88 957 1826 1876 91 247 51 40 390 86 84 137 750 113
internal_value=-0.000544638 0.000661665 -0.000888557 -0.000778407 0.000538246 0.00351667 -0.000933466 -0.000846715 -0.000457729 0.0016396 -0.00066913 -0.0010575 0.00236139 0.000474802 0.000287999 0.00395604 0.00549618 -0.00216323 -0.00127104 -0.000781239 0.000425855 0.00182093 0.00472131 0.000431817 -0.00181734 -0.000427808 0.00192982 0.000128095 0.000395367 0.00144792
internal_weight=18022 3998 14024 12910 3934 179 11106 10561 5511 504 5007 3738 201 1269 374 90 130 1114 5050 2664 788 429 182 131 2386 560 170 1170 3755 863
internal_count=18022 3998 14024 12910 3934 179 11106 10561 5511 504 5007 3738 201 1269 374 90 130 1114 5050 2664 788 429 182 131 2386 560 170 1170 3755 863
is_linear=0
shrinkage=0.03


Tree=57
num_leaves=31
num_cat=0
split_feature=6 5 9 5 6 2 12 9 6 1 2 9 6 0 3 2 3 12 7 7 3 2 5 0 1 7 1 7 5 7
split_gain=7.19177 4.08272 3.64152 2.55968 2.11212 1.97307 3.44736 2.24043 1.82088 2.17115 1.7068 1.68581 1.86224 1.88359 1.56558 1.50958 1.50616 1.50591 2.06737 1.95559 2.97291 1.6554 1.73288 2.28775 1.32895 1.31018 1.85285 1.386 1.29709 2.07855
threshold=0.12285973275333185 6.7363734861220914 -0.093971883301103606 9.0336031863560979 0.36134257916826501 0.17732467779013669 0.39654670120448038 0.35043132208116418 0.19915458588260651 3.0731965541490864 0.34851389385151893 -0.093971883301103606 0.24477115269374664 21.534172661870507 1.5563287000641282 0.36438389396815329 115.6892197701542 0.57135230075797783 0.66854108076977925 0.75309812611863436 1.5965756715513328 0.33970965647905416 4.6395599436855051 71.971380471380485 -0.20651023221219694 0.61031554759700957 3.7034934832086193 0.82764301768011317 10.598420636718563 0.62249340219928873
decision_type=2 2 8 2 2 8 2 10 2 2 8 8 2 8 10 10 8 2 2 2 10 10 2 10 2 2 2 2 2 2
left_child=1 2 -1 11 5 -5 7 -7 9 10 24 15 14 -14 -13 -2 17 18 21 -20 -21 -15 -23 -24 -8 -3 27 28 29 -27
right_child=3 25 -4 4 -6 6 8 -9 -10 -11 -12 12 13 16 -16 -17 -18 -19 19 20 -22 22 23 -25 -26 26 -28 -29 -30 -31
leaf_value=0.0046887346285928531 0.00043154202363650701 -6.8913115474497405e-05 0.0035291429879744187 -0.00063952565121587577 -0.0013611272113409852 -0.00036098298915372435 0.00025168811718588732 0.0024374067499996605 -0.0005045314567571588 0.0016362451515127534 0.0021377410311425702 -0.00071735282504466257 -0.0013276935003515701 -0.002645844326543269 0.00035368979276404828 0.0034186809403442997 -0.0011213965659072622 -0.00044127123556922827 0.0034908536146756966 0.011881591222030124 8.9282142960097133e-05 0.0060802472331957669 -0.001403306355314386 0.0018182716144352986 -0.00031257885898719609 0.001935655875303622 0.0029356548466207728 -0.0010719828963685156 -0.00011948275749838641 0.00026068020569065006
leaf_weight=40 271 2052 198 2193 2069 42 309 51 4258 74 74 311 1270 130 798 54 178 256 40 52 146 61 101 41 1245 57 41 116 306 1275
leaf_count=40 271 2052 198 2193 2069 42 309 51 4258 74 74 311 1270 130 798 54 178 256 40 52 146 61 101 41 1245 57 41 116 306 1275
internal_value=-0.000619382 0.000488252 0.00429289 -0.000942033 -0.00118505 -0.000969808 -0.000690288 0.00501064 -0.000780071 4.9324e-05 -0.00018048 -0.000266038 -0.000464402 -0.000955625 0.000543243 0.00179448 1.49098e-05 0.000554347 0.00141084 0.00353975 0.00229146 -0.000116767 0.00157353 -0.000251749 -0.00039357 0.000251818 0.00084354 0.000694016 0.000918852 0.00132333
internal_weight=18109 4085 238 14024 10315 8246 6053 93 5960 1702 1628 3709 3384 2275 1109 325 1005 827 571 238 198 333 203 142 1554 3847 1795 1754 1638 1332
internal_count=18109 4085 238 14024 10315 8246 6053 93 5960 1702 1628 3709 3384 2275 1109 325 1005 827 571 238 198 333 203 142 1554 3847 1795 1754 1638 1332
is_linear=0
shrinkage=0.03


Tree=58
num_leaves=31
num_cat=0
split_feature=6 5 9 5 6 12 0 1 6 8 5 6 7 0 4 0 4 7 12 5 7 8 7 12 7 0 1 7 6 7
split_gain=7.42724 2.70883 5.44031 2.25086 2.78735 1.88635 2.36538 3.98059 1.6841 2.34681 3.74085 5.92079 3.32868 1.64281 2.56683 1.8364 1.58453 1.36005 1.37574 1.33111 1.9387 1.60269 1.90823 1.99129 1.33739 1.31201 1.37841 2.13577 1.31092 1.26825
threshold=0.10266634896360306 6.6560834372730202 -0.073239052309644129 8.0802369848886979 0.36510725631015456 0.40980802514412601 1.2905116434848918 2.126301181768929 0.30011135839598074 0.80015271443541403 7.8543805330358687 0.19472882601052091 0.67142721295405694 27.510537024925515 1.3106858775005858 4.1750824801058632 0.99481816731191886 0.44664427415755786 0.40131793345828998 10.036772039442626 0.17357492744106029 0.27782467856288168 0.80730864791137591 0.5328062293798258 0.060924651430521816 21.534172661870507 2.0311492701530875 0.82466409247930572 0.13254884618608379 0.8437537603228471
decision_type=2 2 8 2 2 2 10 2 2 8 2 2 2 10 10 10 10 2 2 2 2 10 2 2 2 8 2 2 2 2
left_child=1 2 -1 8 5 6 -5 -8 9 10 28 -12 -11 15 -15 19 -4 18 -3 20 -7 22 23 -22 -21 -10 -27 -28 -2 -19
right_child=3 17 16 4 -6 13 7 -9 25 12 11 -13 -14 14 -16 -17 -18 29 -20 24 21 -23 -24 -25 -26 26 27 -29 -30 -31
leaf_value=0.0049092337921124527 0.0010582166688177165 0.0011960292413783697 -0.00069351768940292748 -0.00031214352548583862 -0.0013851443461443467 -0.0019476323719553284 0.0019815455435204326 -0.00050400682754810772 -0.0018720268825534142 0.0070281119484330041 -0.0005003423378848119 0.0091863197066091723 -0.00036036937117663872 0.00068079981948814688 -0.00062731604927760971 -0.0011432950181779913 0.0078784362213076345 0.00027922406608132185 -0.00024967915766844687 0.002792361224367235 -0.00012610082336364352 -0.00057695586024199849 -0.00055163515386175794 0.00027553107210845563 -0.00055062095554671482 -0.0003479540642330518 0.00062415519720674295 0.0087178164664991672 -0.00040436966036283117 -0.00099403005947690877
leaf_weight=40 54 80 96 183 2466 272 69 48 503 55 68 56 41 45 40 424 65 1978 844 55 1709 1261 304 1388 4611 569 179 50 368 70
leaf_count=40 54 80 96 183 2466 272 69 48 503 55 68 56 41 45 40 424 65 1978 844 55 1709 1261 304 1388 4611 569 179 50 368 70
internal_value=-0.000535405 0.000781663 0.00414356 -0.000817465 -0.000961091 -0.00074611 0.00159468 0.00490678 0.000134259 0.00139036 0.000625228 0.005184 0.00569072 -0.000815728 0.00331395 -0.000851073 0.00164815 0.000552976 -0.000402163 -0.000765546 -0.000421885 -0.000277933 6.08458e-05 0.000283731 -0.00112878 -0.000486176 0.000270337 0.00223043 -0.000723405 0.000983894
internal_weight=17991 3173 201 14818 12875 10409 300 117 1943 642 546 124 96 10109 85 10024 161 2972 924 9600 4934 4662 3401 3097 4666 1301 798 229 422 2048
internal_count=17991 3173 201 14818 12875 10409 300 117 1943 642 546 124 96 10109 85 10024 161 2972 924 9600 4934 4662 3401 3097 4666 1301 798 229 422 2048
is_linear=0
shrinkage=0.03


Tree=59
num_leaves=31
num_cat=0
split_feature=6 5 1 6 0 3 6 7 7 9 1 5 7 2 7 4 5 8 3 9 7 0 5 4 2 5 5 9 4 0
split_gain=5.99083 3.18064 3.69298 2.15724 2.76207 2.3348 2.36047 2.28962 2.02569 3.42587 1.93189 1.99756 2.16098 1.84697 3.91914 1.70476 1.79018 1.54758 1.93925 1.50399 1.52641 1.49628 2.30561 1.48111 1.48058 2.21059 3.17591 2.30144 1.44261 1.69158
threshold=0.062669766956422471 6.6560834372730202 -0.41414151887898504 0.36134257916826501 41.491666666666674 1.5018330556330082 0.22620835638512207 0.80730864791137591 0.58282327039727411 0.49576081186291382 5.0006115769159463 10.570585888656725 0.18128517151424914 0.23974874830330251 0.69978464263194995 0.91156299456865331 7.6360282323874804 0.2877578702234716 24.698402535694019 0.22631923608590782 0.72395687284727395 1.2947019266690434 11.471655444261616 1.7583676483924109 0.30645797273495184 8.6669054312885567 7.5543346865244549 0.49068344464432972 0.66550285864297742 1.7056691226305782
decision_type=2 2 2 2 8 8 2 2 2 10 2 2 2 10 2 10 2 8 8 10 2 10 2 8 8 2 2 10 10 8
left_child=1 2 -1 5 -5 21 7 10 9 23 11 12 -7 14 -6 -15 17 -17 -19 20 -3 22 -2 -8 25 26 -21 -28 29 -14
right_child=3 19 -4 4 13 6 8 -9 -10 -11 -12 -13 28 15 -16 16 -18 18 -20 24 -22 -23 -24 -25 -26 -27 27 -29 -30 -31
leaf_value=0.0067982874051812333 -0.00026784638016470464 -0.00029296305400439398 0.005172167337047476 -0.0016725470206534695 -0.0011006849281033299 -0.0020691800400384802 0.00048617477361034774 -0.00050222033562082567 -0.00063717147789138528 -0.00091305178702783484 0.0011445283521255402 -0.00017517074663566813 0.00026025331912382909 -0.0018144702945629568 0.0065642535880602445 0.0028474464160625234 -0.00042272342006373484 0.0044957192730919445 -0.00076419301749197156 -0.00035251233711171878 0.00032622633742142093 -0.00096362967686064482 0.00041216745685650902 -0.00034373464453177284 -0.00066791093696776831 0.00028622201126133657 0.0035462289780230772 0.0027361620689040577 0.00013304210814676118 0.0019818324852271699
leaf_weight=60 2046 469 120 2433 90 153 732 390 2600 833 57 863 669 251 116 69 411 117 135 61 84 1585 58 170 107 934 40 81 2107 217
leaf_count=60 2046 469 120 2433 90 153 732 390 2600 833 57 863 669 251 116 69 411 117 135 61 84 1585 58 170 107 934 40 81 2107 217
internal_value=-0.000549533 0.00101788 0.00480663 -0.000739987 -0.00138449 -0.000552841 -0.000286966 0.00019789 -0.000785287 8.63984e-06 0.000408654 0.000329924 0.000680648 -0.00019916 0.00237681 -0.000740854 -8.18625e-06 0.0016677 0.000569169 0.000631401 -0.000666066 -0.00118618 -0.000661283 0.00128904 0.00121814 0.00154163 0.00455738 0.00735246 0.000858717 0.00187373
internal_weight=18058 1956 180 16102 3622 12480 8791 4456 4335 1735 4066 4009 3146 1189 206 983 732 321 252 1776 553 3689 2104 902 1223 1116 182 121 2993 886
internal_count=18058 1956 180 16102 3622 12480 8791 4456 4335 1735 4066 4009 3146 1189 206 983 732 321 252 1776 553 3689 2104 902 1223 1116 182 121 2993 886
is_linear=0
shrinkage=0.03


Tree=60
num_leaves=31
num_cat=0
split_feature=13 5 5 3 13 2 12 8 12 5 9 5 13 9 1 13 9 12 13 9 8 3 5 3 3 13 13 12 5 5
split_gain=5.79576 2.07586 1.94152 3.43738 1.75314 1.73021 1.68285 3.02158 1.46404 1.59104 1.52342 2.01093 1.32269 1.32122 1.08976 1.06298 1.68262 1.02673 1.01257 1.66905 2.08412 1.32583 1.25643 2.18402 1.19014 2.40354 1.15707 1.48773 1.55319 1.79973
threshold=0.15614643298000355 8.9775251930001527 6.6560834372730202 1.9259818783548555 0.47388133118783143 0.086585487999094143 0.39654670120448038 0.41016625347132757 0.40980802514412601 4.2903656061101136 -0.093971883301103606 7.904150238058631 0.37655329875330962 -0.55296202218615198 3.9152889635546546 0.062669766956422471 0.23376254610460784 0.36120511938173433 0.23749900709002428 0.56578672827551657 0.1663026542529801 60.513309279720197 8.7919419769113265 1.6477503097371022 22.064200178053415 0.61572665746085875 0.52235738463109549 0.60148199686203496 7.9731553740730181 8.6911464844163806
decision_type=2 2 2 8 2 10 2 8 2 2 8 2 2 10 2 2 10 2 2 10 8 8 2 10 10 2 2 2 2 2
left_child=2 8 3 5 6 17 7 -3 -2 12 11 -11 -10 -13 15 16 -4 -1 19 22 -21 24 -12 -24 25 -20 27 28 -26 -30
right_child=1 4 14 -5 -6 -7 -8 -9 9 10 18 13 -14 -15 -16 -17 -18 -19 21 20 -22 -23 23 -25 26 -27 -28 -29 29 -31
leaf_value=0.0055094065874379877 -0.0018909546923600838 -0.00051082850142604853 -0.00017604981355093016 0.0077871601978042248 -0.0023887878006740959 -0.00080697525550836179 -0.00053142662832268196 0.0014910599806053767 0.010236167342691281 -0.00031893708571415175 -0.00056518364244971845 0.0080442361498966903 0.0028262818233157952 0.0018940283938432803 0.0010966414095683306 -5.7947893225233883e-05 0.00034650435310293613 0.00061904478745166487 -0.0010821507253366376 0.0010803660921104902 0.0001129474265746552 -0.0014602867555587999 -0.0018656197906091866 0.0012059925760457321 0.0028385675902682594 0.0085727342257480351 -0.00041746018106108234 -0.00050416973602262246 -0.00049062360530957214 0.0024397977618480777
leaf_weight=41 639 166 553 41 546 116 8217 72 47 98 241 46 116 90 89 3628 1191 43 720 79 203 434 48 63 88 44 110 56 118 40
leaf_count=41 639 166 553 41 546 116 8217 72 47 98 241 46 116 90 89 3628 1191 43 720 79 203 434 48 63 88 44 110 56 118 40
internal_value=-0.000581017 -0.000947973 0.000209363 0.00283884 -0.0011834 0.00119403 -0.00107675 0.00140586 -0.000301738 1.02188e-05 -0.000179105 0.00211915 0.00287195 0.00446715 9.28224e-05 3.79669e-05 0.000646418 0.00444706 -0.0004196 0.000595275 0.00231095 -0.000819368 -0.00078187 0.00184821 -0.000295668 -0.000996079 0.00100242 0.0019604 0.00296356 0.00116981
internal_weight=17983 12281 5702 241 9001 200 8455 238 3280 2641 2478 234 163 136 5461 5372 1744 84 2244 634 282 1610 352 111 1176 764 412 302 246 158
internal_count=17983 12281 5702 241 9001 200 8455 238 3280 2641 2478 234 163 136 5461 5372 1744 84 2244 634 282 1610 352 111 1176 764 412 302 246 158
is_linear=0
shrinkage=0.03


Tree=61
num_leaves=31
num_cat=0
split_feature=6 5 6 0 5 0 7 7 5 0 4 3 7 3 7 5 1 0 0 3 3 4 7 0 5 6 5 1 3 9
split_gain=5.22385 2.55273 1.71037 2.02011 1.80738 1.74007 2.59772 1.95494 1.65413 1.58749 1.77271 1.52319 2.70225 1.8093 2.46447 1.50813 1.42938 1.3751 1.5095 1.4127 2.53747 3.03412 2.57955 2.44396 3.58127 2.24367 1.66019 1.37108 1.34635 3.65267
threshold=0.12285973275333185 5.0434043048315838 0.36510725631015456 71.971380471380485 9.0336031863560979 1.5006718506970369 0.67461854720057357 0.23397720187856033 8.72037890005919 2.1918929940710461 1.5843611036425262 26.379940075547413 0.84979219657299832 4.9912283628468357 0.5737560002886386 4.2903656061101136 4.0282677535513853 71.971380471380485 4.1750824801058632 2.3374069183000317 2.5668365730716469 0.54551429879581215 0.44015325623836221 1.3996412767246877 10.195727969755479 0.16963762863712975 10.11674237028399 1.6121654484673353 9.3388539229413485 2.2463158655012534
decision_type=2 2 2 8 2 8 2 2 2 10 10 8 2 10 2 2 2 10 8 8 8 10 2 10 2 2 2 2 8 8
left_child=1 -1 4 -4 5 -2 7 -7 -8 10 -10 12 13 15 -15 -5 -3 18 19 26 21 22 -21 24 -22 -26 -6 28 -9 -30
right_child=2 16 3 11 17 6 8 27 9 -11 -12 -13 -14 14 -16 -17 -18 -19 -20 20 23 -23 -24 -25 25 -27 -28 -29 29 -31
leaf_value=0.0077984284767943553 -0.00040329072325403402 5.7725789173559293e-05 -0.0016154411853218748 0.003654265740312915 -0.00020880978758021072 -0.00053229800096661107 -0.00040257306029547725 0.00084613006131932273 0.00047992005210535426 -0.0016101884408025978 0.00513746425327652 -0.00053792192902837573 0.0090922725588435793 0.0086190546429282117 -0.00012274915057709169 -0.0014359802694864448 0.0026295221497250267 0.0003996413206888314 -0.0010978363881377802 0.0044988902586140106 -0.00062942521983235758 4.129096391825305e-05 0.00036129295398076248 -0.00037050460550828139 0.00084379594435279165 0.0023136260305346647 -0.00079758624531631878 -1.537093817680761e-05 0.0031917528015446483 -0.00074700567815359352
leaf_weight=50 935 3927 2501 70 1954 71 444 161 89 54 51 667 60 42 73 203 50 64 439 55 213 338 78 2748 100 55 2234 98 140 55
leaf_count=50 935 3927 2501 70 1954 71 444 161 89 54 51 667 60 42 73 203 50 64 439 55 213 338 78 2748 100 55 2234 98 140 55
internal_value=-0.000562542 0.000389523 -0.000836562 -0.0013984 -0.000640648 0.000145783 0.000920102 0.00248099 -0.000366198 0.00193846 0.00361702 -0.000336022 0.00101559 9.25443e-05 0.00323276 -0.00123723 0.000303921 -0.000839957 -0.000874255 -0.000777393 -0.000340302 0.00170975 0.00552985 -0.000650626 0.00164228 0.00509615 -0.00115159 0.00320439 0.00406723 0.0057398
internal_weight=18019 4027 13992 3616 10376 2098 1163 525 638 194 140 1115 448 388 115 273 3977 8278 8214 7775 3587 471 133 3116 368 155 4188 454 356 195
internal_count=18019 4027 13992 3616 10376 2098 1163 525 638 194 140 1115 448 388 115 273 3977 8278 8214 7775 3587 471 133 3116 368 155 4188 454 356 195
is_linear=0
shrinkage=0.03


Tree=62
num_leaves=31
num_cat=0
split_feature=6 0 5 5 6 2 12 2 8 4 1 8 2 4 4 2 2 12 8 5 2 5 8 1 8 5 8 6 1 12
split_gain=5.78428 1.7748 1.47684 1.41604 2.29659 1.75795 1.60529 3.50633 1.76703 1.59389 1.98741 1.56531 1.41159 1.31362 1.41869 1.30443 2.43271 1.94553 1.51598 1.62579 2.19592 1.47371 1.3104 1.27609 1.14031 2.06806 0.998491 1.19818 1.85337 1.19365
threshold=0.16474315939365528 1.0908975614343037 8.9095730576946011 6.8490657203609322 0.36510725631015456 0.17832096627666663 0.42794392878486176 0.32060108573038532 0.31568745645763213 0.54551429879581215 2.1791245824113843 0.38627321103684259 0.39676744864859453 0.72427136878702092 1.9610140897477302 0.27182049105095729 0.22503952007816655 0.51191225766559378 0.04042538491270737 7.9731553740730181 0.054087283999152101 7.3323683504381592 0.21111059334416815 -0.017383466632178164 0.25321485552366063 10.534732732925947 0.58385164383037735 0.35580180206347573 1.5050935018396436 0.44846862205348553
decision_type=2 8 2 2 2 10 2 10 10 10 2 10 8 10 10 10 10 2 10 2 10 2 10 2 10 2 10 2 2 2
left_child=1 2 15 13 5 -5 7 8 -7 10 -8 -9 -3 -2 26 16 18 -18 -1 20 -20 23 -21 -17 -4 -26 27 -15 -29 -30
right_child=3 12 24 4 -6 6 9 11 -10 -11 -12 -13 -14 14 -16 21 17 -19 19 22 -22 -23 -24 -25 25 -27 -28 28 29 -31
leaf_value=-0.00087377731673457721 -0.0014106750802305172 -6.4684966358452561e-05 -5.6457632924926768e-05 -0.0007792289043911172 -0.001319867965938066 -0.0011356038775631099 -7.8174013524599945e-06 0.0026209152288345838 0.0014099751504945178 -0.0004286935344471203 0.0019600519602065761 0.0018485479524081496 0.0031533378751181329 0.0042942179357112189 -0.0010019105667378072 0.027914059723128427 0.0042497196870741214 0.00035892463822407639 0.0031062461846468204 0.0027143450758522459 -0.000755953195679156 -0.00091583565331185746 0.0011267559251603759 -0.00067630233321983534 0.00020225562186527182 0.0014226454325365042 -0.00076213932165538451 -3.1344705628613749e-06 0.0026010424193579143 0.0067517911700292581
leaf_weight=119 228 4269 915 1439 2960 154 1074 40 68 5239 74 42 92 54 164 40 44 53 58 40 93 94 58 42 257 56 116 153 40 49
leaf_count=119 228 4269 915 1439 2960 154 1074 40 68 5239 74 42 92 54 164 40 44 53 58 40 93 94 58 42 257 56 116 153 40 49
internal_value=-0.000581628 0.000158882 0.000932085 -0.000969484 -0.00105761 -0.000796951 -0.0005922 0.00153443 -0.000430494 -0.000693645 0.000318537 0.00679518 -0.000172628 0.000245962 0.00100866 0.00209813 0.00292918 0.00713265 0.00180488 0.003132 0.00116447 -0.000101696 0.00612121 0.00281928 0.000322212 0.00188216 0.00194673 0.00286869 0.00195062 0.00536667
internal_weight=18124 6230 1869 11894 11090 8130 6691 304 222 6387 1148 82 4361 804 576 641 465 97 368 249 151 176 98 82 1228 313 412 296 242 89
internal_count=18124 6230 1869 11894 11090 8130 6691 304 222 6387 1148 82 4361 804 576 641 465 97 368 249 151 176 98 82 1228 313 412 296 242 89
is_linear=0
shrinkage=0.03


Tree=63
num_leaves=31
num_cat=0
split_feature=0 7 6 3 5 2 7 3 0 0 2 6 6 2 5 6 5 3 0 0 7 7 0 3 5 3 5 8 3 7
split_gain=5.59272 2.44503 2.626 3.49154 2.11671 1.97154 1.82528 1.79256 2.72773 1.79004 2.64281 1.78293 1.55589 1.56974 1.535 1.49858 1.33073 1.9504 2.44589 2.54041 2.24539 1.31303 1.69582 1.43063 1.3327 1.809 1.97252 2.15552 1.29075 1.26042
threshold=1.1404105456001117 0.30442955214122269 0.25567780403746815 1.5018330556330082 4.2903656061101136 0.40441119240661605 0.33374108703201433 51.907025329674006 21.534172661870507 0.84684898618035198 0.23586028160075742 0.68790237325945658 0.47954549024946408 0.4963494620536078 8.8521642993524932 0.070954836346015085 10.296947539290462 2.2951283293990632 1.3841105914751088 1.2624528830800215 0.71367137232740341 0.56956579898425186 2.1115456384415441 22.064200178053415 9.6843671431457636 1.9259818783548555 10.166351673572624 0.24883673932378655 1.3789430240006428 0.61653866360386422
decision_type=8 2 2 10 2 10 2 8 8 10 10 2 2 10 2 2 2 10 10 10 2 2 10 10 2 10 2 10 10 2
left_child=9 4 3 28 11 6 -5 8 12 10 -1 -2 13 21 -7 -8 -17 -18 19 -19 -21 22 23 24 -4 26 -26 -28 29 -3
right_child=1 2 7 5 -6 14 15 -9 -10 -11 -12 -13 -14 -15 -16 16 17 18 -20 20 -22 -23 -24 -25 25 -27 27 -29 -30 -31
leaf_value=0.00033549190085059355 0.026338065954091425 -0.0006598479350445834 -0.00074050883959729671 0.0019481398138890974 -0.001129098215918607 0.0025744654724195364 0.00082775367079380362 -0.0012831025645479606 0.00043531134614424707 0.00016994559010404575 0.0062759279343681355 -0.0072464069353453666 -0.0028035476459196671 0.0023877483175543629 0.0038778872157275686 7.8127747998904223e-05 -0.0006335527533438438 -0.00012007350682002251 -0.00019843548488122307 0.00025860381719564328 0.001503395402379791 -0.00078323734967225805 -0.00067339481878945996 0.0023911713655869024 0.00058450706394052492 -0.00013585609968223161 -0.0012919517153487596 0.00094228216365104152 -0.00083490202208365033 2.2744000473001725e-05
leaf_weight=131 40 861 181 72 1592 73 62 1622 702 2436 73 41 469 41 40 3099 598 94 849 87 58 2279 699 41 70 183 83 47 669 854
leaf_count=131 40 861 181 72 1592 73 62 1622 702 2436 73 41 469 41 40 3099 598 94 849 87 58 2279 699 41 70 183 83 47 669 854
internal_value=-0.000515127 -0.000732444 -0.000601345 -0.0002168 -0.00181541 0.000231273 0.000140853 -0.00104565 -0.000753754 0.000761075 0.00345366 0.00289024 -0.00105007 -0.000839173 0.00413158 6.9925e-05 9.40171e-06 -0.000668643 8.81536e-05 0.0027625 0.00523973 -0.00090653 -0.000147127 0.00101485 0.000615928 0.00161719 0.00358209 0.00137405 -0.00116226 -0.000725525
internal_weight=18146 15506 13833 7416 1673 5032 4919 6417 4795 2640 204 81 4093 3624 113 4847 4785 1686 1088 239 145 3583 1304 605 564 383 200 130 2384 1715
internal_count=18146 15506 13833 7416 1673 5032 4919 6417 4795 2640 204 81 4093 3624 113 4847 4785 1686 1088 239 145 3583 1304 605 564 383 200 130 2384 1715
is_linear=0
shrinkage=0.03


Tree=64
num_leaves=31
num_cat=0
split_feature=6 5 3 7 7 5 6 0 7 0 7 9 5 7 9 7 0 3 0 5 6 8 5 5 5 5 6 12 8 12
split_gain=4.23352 2.23099 3.16286 1.66562 2.22334 1.57938 1.45135 1.42586 1.83338 1.50925 1.45567 1.39686 2.21773 4.583 1.27395 1.5168 1.33106 1.25889 1.2383 1.18241 1.24825 1.18082 4.86781 2.23254 7.3417 1.744 1.15921 1.15691 1.22616 1.1249
threshold=0.16474315939365528 6.6560834372730202 1.9259818783548555 0.81878128211298928 0.61653866360386422 9.0336031863560979 0.47954549024946408 71.971380471380485 0.76768097067654995 4.4254082406471191 0.85648310395710425 -0.093971883301103606 7.8077133355713011 0.67900229021605119 -0.062672178727038994 0.73867285663626636 1.2404590306824748 9.3595234499838575 1.2624528830800215 5.3821962081647756 0.95551144502743646 0.30191361209298745 10.624881993376164 9.9624637531927345 9.866356648812479 11.348993585630321 0.35296019100844861 0.63878660986506441 0.31568745645763213 0.40980802514412601
decision_type=2 2 8 2 2 2 2 10 2 10 2 8 2 2 10 2 10 10 10 2 2 8 2 2 2 2 2 2 8 2
left_child=1 2 29 4 17 11 7 9 26 -7 -10 12 -2 -14 15 16 -6 18 21 20 -13 23 -23 24 -3 -25 -9 28 -19 -1
right_child=5 3 -4 -5 14 6 -8 8 10 -11 -12 19 13 -15 -16 -17 -18 27 -20 -21 -22 22 -24 25 -26 -27 -28 -29 -30 -31
leaf_value=0.004013032379195482 -0.00024828527303005234 -0.00015181763552833948 0.0065176880055996264 -0.00077723185454760453 -0.00012175648582956942 -0.00045025450113252282 -0.0023200513717082732 0.00032972635717161121 0.0020008068975101269 -0.0010104026734280827 0.00044979225830453918 0.003599770121669281 0.0054325667908580238 -0.00015606819825941874 0.00014903316675272211 0.0017793607362526344 0.0014512927684447877 0.00054746689470876913 -0.0003856152566874827 -0.00032439449842220394 -0.0028304584453610524 -6.1782664780610211e-05 0.0014790955649665943 -0.00065958132695589965 0.001642814631417751 0.00044532747930631125 -0.0011014419531146652 0.0069556090479499918 -0.00094631820642573884 -0.00078564598643711446
leaf_weight=101 123 630 42 251 48 7069 503 52 43 796 40 301 66 90 2335 50 56 257 766 2631 92 350 67 911 73 46 82 44 68 93
leaf_count=101 123 630 42 251 48 7069 503 52 43 796 40 301 66 90 2335 50 56 257 766 2631 92 350 67 911 73 46 82 44 68 93
internal_value=-0.000528739 0.00010761 0.00296202 -6.04809e-06 9.94381e-05 -0.000859955 -0.00107442 -0.000976866 0.00141743 -0.0010431 0.00489286 -0.000302361 0.001725 0.00408917 0.000772288 0.00340645 0.00131429 -0.000422036 -0.000636077 -0.000489918 0.00104315 -0.000255535 0.00116986 -0.000614089 0.000669033 -0.00155637 -0.000755556 0.00122432 0.000598159 0.00132308
internal_weight=18076 6188 236 5952 5701 11888 8585 8082 217 7865 83 3303 279 156 2489 154 104 3212 2843 3024 393 2077 417 1660 703 957 134 369 325 194
internal_count=18076 6188 236 5952 5701 11888 8585 8082 217 7865 83 3303 279 156 2489 154 104 3212 2843 3024 393 2077 417 1660 703 957 134 369 325 194
is_linear=0
shrinkage=0.03


Tree=65
num_leaves=31
num_cat=0
split_feature=13 9 13 12 8 9 8 5 7 5 1 8 7 12 1 9 8 4 5 13 0 11 8 4 11 4 7 7 7 7
split_gain=3.93458 1.81724 1.85964 2.30739 1.8327 1.79978 1.8654 1.51243 1.52851 1.46795 2.7462 1.46443 1.42699 1.36744 2.22154 1.28005 1.25373 1.48258 1.2367 1.22286 1.21466 1.46609 1.18766 1.13541 1.33423 1.03937 1.03507 3.01233 1.27205 2.96238
threshold=0.10266634896360306 0.45202403323958806 0.25395846130562744 0.39100629057196373 -0.0040599636695662104 1.4780927442181238 0.1663026542529801 9.9905822583368913 0.060924651430521816 6.6560834372730202 -0.49430270853106145 0.13128007233620551 0.68787070502323167 0.39654670120448038 2.0051945675864098 1.3346544395226663 0.10955932804797305 0.16780105276966703 10.799106078932304 0.31909806461444218 1.9301157889069114 2.5000000000000004 -0.21323842981182906 -0.084720568211869615 6.5000000000000009 0.98481753894759771 0.810281753857795 0.78849540737505797 0.67303860558477013 0.59503094546359192
decision_type=2 10 2 2 10 10 10 2 2 2 2 10 2 2 2 10 10 8 2 2 10 2 8 8 2 10 2 2 2 2
left_child=9 7 3 -3 20 12 11 22 -9 10 -1 -7 -6 14 -10 -4 -11 -18 -14 23 21 -5 -2 24 -15 -12 27 28 29 -19
right_child=1 2 15 4 5 6 -8 8 13 16 25 -13 18 19 -16 -17 17 26 -20 -21 -22 -23 -24 -25 -26 -27 -28 -29 -30 -31
leaf_value=0.0052483164529018344 0.0073451172013051323 0.0021572194968430491 -0.00066064307972469607 7.6295545159715047e-05 -0.00062281422111351624 0.0004129880506394233 -0.00013447681037763708 0.0027836985179621942 0.00090642187042419943 -0.00011456288291859152 -0.0011284655982733603 0.00082259311249540312 -0.00021448337224380453 0.00047628487124261098 -0.00071094374625220566 -0.0015100100091126015 -0.00059750100988281479 0.00015727398681083895 0.0017753902253137923 -0.001705256635374343 -0.0003621294670442565 0.0019258650609946099 -2.5127001246521395e-05 -0.00044929694516945135 -0.00060982730995851801 0.0052225963793032576 -0.0013182878614853449 0.0025663389480056788 -4.1381621574724331e-05 0.00096487837146609309
leaf_weight=57 52 92 1780 79 1547 81 428 42 57 1272 90 45 653 46 48 1795 187 789 66 466 47 41 4688 2707 56 68 79 41 433 211
leaf_count=57 52 92 1780 79 1547 81 428 42 57 1272 90 45 653 46 48 1795 187 789 66 466 47 41 4688 2707 56 68 79 41 433 211
internal_value=-0.000490967 -0.000697713 -0.00106567 -0.000525001 -0.000669679 -0.000850763 0.00068108 -0.000397649 -0.000878178 0.000458178 0.00284722 0.00387402 -0.00122541 -0.000949424 0.00240566 -0.00153104 0.000286757 0.000809879 -0.000120834 -0.00105769 0.002375 0.00396694 -5.06229e-05 -0.000820997 0.00227184 0.000792452 0.0011139 0.00129356 0.00106067 0.00164835
internal_weight=18043 14816 6654 3079 2987 2820 554 8162 3422 3227 215 126 2266 3380 105 3575 3012 1740 719 3275 167 120 4740 2809 102 158 1553 1474 1433 1000
internal_count=18043 14816 6654 3079 2987 2820 554 8162 3422 3227 215 126 2266 3380 105 3575 3012 1740 719 3275 167 120 4740 2809 102 158 1553 1474 1433 1000
is_linear=0
shrinkage=0.03


Tree=66
num_leaves=31
num_cat=0
split_feature=6 5 7 7 5 7 8 12 12 5 7 6 6 12 8 6 12 1 7 4 1 5 5 5 7 9 5 7 12 8
split_gain=4.12691 1.77321 1.68493 2.43364 1.96798 1.72149 1.63689 1.95014 1.58651 2.06404 2.40896 1.88577 1.53822 1.56402 2.3407 1.88507 1.42274 1.65043 2.10176 3.8652 1.69504 2.46235 2.0803 1.41083 1.39896 1.38525 2.68595 2.6995 1.13713 1.42279
threshold=0.15749863593549487 9.0336031863560979 0.80730864791137591 0.61653866360386422 9.3549600578419625 0.62549956056294265 0.43086896720702866 0.52286474349857925 0.37377096024127371 4.2903656061101136 0.4894031899363272 0.52235738463109549 0.46336344992943262 0.39654670120448038 0.41016625347132757 0.2246230654245647 0.67203978865988201 -0.12847619047619033 0.7223069125121272 0.24055557158356863 1.7796868359271241 10.38819504767293 10.662726734184359 10.504601677273456 0.17357492744106029 -0.18696064416492095 7.904150238058631 0.68084063207149981 0.61532866137572928 0.37862843007394725
decision_type=2 2 2 2 2 2 8 2 2 2 2 2 2 2 10 2 2 2 2 10 2 2 2 2 2 8 2 2 2 8
left_child=2 8 3 4 24 23 -6 -8 -2 10 11 -10 13 14 15 -3 17 18 -7 -20 -19 -22 -23 -5 -1 26 -11 -28 29 -26
right_child=1 12 -4 5 6 16 7 -9 9 25 -12 -13 -14 -15 -16 -17 -18 20 19 -21 21 22 -24 -25 28 -27 27 -29 -30 -31
leaf_value=-0.0017263852830417933 -0.0022702877070048507 0.00066047620091266553 -0.00054076360965653444 0.0012235479460665762 -0.0003045855266441176 0.00040876562667231745 -1.6039999634204758e-05 0.0008624474841976682 0.011565898108142944 -0.00089956102758476379 -0.0005819246479954797 0.0052081592232984678 -0.0018649777400818401 -0.00044681995835574192 0.0012718279415730755 -0.00088931027074985389 -0.00088994971861266819 1.3840050196274484e-05 -0.00014720890870105447 0.0020221528655574692 0.0001915874507691853 0.00096086089803410944 0.00016604376130106559 0.0002765386685615483 0.00059702288516328024 -0.00013405265730727801 0.0072067687714132038 0.00036237845788932824 0.0097271469312207176 -0.00030670027023339629
leaf_weight=112 491 52 314 61 2103 311 92 45 41 90 81 44 632 8089 58 112 83 1305 60 141 237 44 68 42 586 2563 51 65 42 164
leaf_count=112 491 52 314 61 2103 311 92 45 41 90 81 44 632 8089 58 112 83 1305 60 141 237 44 68 42 586 2563 51 65 42 164
internal_value=-0.000468483 -0.000778255 0.000191016 0.000313261 -0.000232751 0.00104292 -0.000709505 0.00245652 -0.000197841 6.64162e-05 0.00330539 0.00680232 -0.00100056 -0.000891844 0.00158744 -0.000254546 0.000867999 0.00101615 0.00250292 0.00488614 0.000554682 0.00240857 0.0060531 0.00481731 0.000948066 -0.000128882 0.00223188 0.00523077 0.00139218 0.00111851
internal_weight=18179 12369 5810 5496 3144 2352 2240 137 3426 2935 166 85 8943 8311 222 164 2249 2166 512 201 1654 349 112 103 904 2769 206 116 792 750
internal_count=18179 12369 5810 5496 3144 2352 2240 137 3426 2935 166 85 8943 8311 222 164 2249 2166 512 201 1654 349 112 103 904 2769 206 116 792 750
is_linear=0
shrinkage=0.03


Tree=67
num_leaves=31
num_cat=0
split_feature=0 9 0 3 9 9 5 5 3 12 3 0 2 5 3 2 5 12 4 1 5 8 2 9 2 0 5 4 4 12
split_gain=3.81314 2.4483 1.76433 1.63827 2.76987 1.60879 1.64285 1.5041 2.13863 2.80742 1.97282 5.66834 3.11252 1.9356 1.88845 4.18059 1.85713 1.72764 1.59144 2.09714 2.49892 1.93167 1.50017 1.4106 1.304 1.28636 1.29403 1.23538 1.20522 1.84469
threshold=1.1570293192136327 -0.85576102661335829 5.8359950354769019 1.5018330556330082 0.46781891621898408 0.23376254610460784 5.3821962081647756 10.064628024258043 2.4887580128611586 0.49594035742835557 2.3663689654504005 1.4748957152434425 0.19216589394809824 10.467138047126099 2.5414461035512503 0.24356556970788404 7.8543805330358687 0.52986971001975514 2.1162516390983703 1.0657706229009529 9.3814324326142415 0.098115486843610267 0.24670337214375432 -0.062672178727038994 0.31406738359228126 1.2404590306824748 11.348993585630321 0.46572609977735374 0.72427136878702092 0.32195612057937478
decision_type=10 8 10 10 8 10 2 2 8 2 10 10 10 2 10 10 2 2 10 2 2 8 10 8 10 10 2 10 10 2
left_child=5 2 -2 25 7 6 28 8 9 -5 -9 12 -12 -14 15 -13 17 -10 19 24 -21 -22 -6 -8 27 26 -3 -11 -1 -30
right_child=1 3 -4 4 22 -7 23 10 16 18 11 14 13 -15 -16 -17 -18 -19 -20 20 21 -23 -24 -25 -26 -27 -28 -29 29 -31
leaf_value=-0.0010554722869019646 0.0033870019887530791 -0.00021577016715517027 -0.00042212424454106146 -0.00029960851227216765 -9.0554271516264971e-05 0.00034306967513319674 0.0012135044547904419 -0.00064500952149754143 1.8308848041182835e-05 0.00059027251868274961 -0.0001610040502797876 0.0029653360433113188 0.0023619922482141565 0.00055607688555760399 -0.00048014164299952874 -0.0013312217741324904 -0.00032711683565282555 0.0019879875764673809 -0.0010754356199056537 0.0032603119094223717 0.0014098674438630175 -0.00059728151563130704 -0.00077623721173954619 -0.00032820400562049806 0.0010031511291628823 -0.00081838295883756478 0.00040186131594999234 -8.480624925411221e-05 -0.0024208816023088948 0.0073508929193130193
leaf_weight=127 68 814 59 365 2266 1859 157 980 118 152 58 43 57 75 855 54 1403 67 62 80 60 55 3986 1419 51 2203 43 225 50 190
leaf_count=127 68 814 59 365 2266 1859 157 980 118 152 58 43 57 75 855 54 1403 67 62 80 60 55 3986 1419 51 2203 43 225 50 190
internal_value=-0.000553439 -0.000779367 0.00335156 -0.000816884 -0.000646146 0.000290296 -0.000313272 -0.00010082 0.000377415 0.00142721 -0.000695243 0.00015223 0.00486911 0.0073985 -0.000793285 0.00315306 -0.000317181 0.0025 0.00255831 0.00301442 0.00558673 0.00271552 -0.00106125 -0.000734306 0.00183217 -0.00143091 -0.000444057 0.00121429 0.00149185 0.00273859
internal_weight=18001 14199 127 14072 11012 3802 1943 4760 2638 1050 2122 1142 190 132 952 97 1588 185 685 623 195 115 6252 1576 428 3060 857 377 367 240
internal_count=18001 14199 127 14072 11012 3802 1943 4760 2638 1050 2122 1142 190 132 952 97 1588 185 685 623 195 115 6252 1576 428 3060 857 377 367 240
is_linear=0
shrinkage=0.03


Tree=68
num_leaves=31
num_cat=0
split_feature=1 9 9 5 12 8 12 12 9 8 11 5 1 7 2 7 5 4 12 12 2 7 7 7 7 9 4 5 5 3
split_gain=3.062 3.09795 2.27187 1.38271 1.92304 2.39673 2.65914 4.22214 1.29515 2.54636 2.11987 1.26798 1.52481 1.1948 1.14732 1.12633 2.35252 1.05153 0.976981 0.967528 1.32683 0.910783 2.8947 0.90083 1.00245 0.965537 1.67668 1.35626 1.70681 1.06811
threshold=-0.047353121516164991 -0.85576102661335829 2.6284633607719425 9.0336031863560979 0.40980802514412601 0.30191361209298745 0.34399898520658939 0.37867454858586441 -0.093971883301103606 0.10822781043213066 6.5000000000000009 10.174944963947311 -2.1353635077793487 0.29790852892118719 0.063342532967867557 0.060924651430521816 10.225099925593325 0.60121587921812469 0.38480357719275898 0.59366448075014533 0.23844158057343537 0.86491290113307462 0.84979219657299832 0.13918493739625848 0.80197797213813993 0.021069975817119804 1.0425469716929225 8.0294327875302809 9.8560289958785905 2.0123565839945203
decision_type=2 8 10 2 2 10 2 2 8 8 2 2 2 2 8 2 2 10 2 2 10 2 2 2 2 10 10 2 2 10
left_child=1 -1 3 8 5 18 -7 -8 9 -2 -11 12 -3 15 17 16 -6 -10 -5 -4 -21 22 -15 -14 25 -25 -27 -28 29 -29
right_child=2 11 19 4 13 6 7 -9 14 10 -12 -13 23 21 -16 -17 -18 -19 -20 20 -22 -23 -24 24 -26 26 27 28 -30 -31
leaf_value=0.0043193918476407871 -0.00023126761670828525 0.0012947081188750722 -0.0016860931254290706 -0.0015387700857354808 -0.002173819399311808 -0.00053067255741355633 0.0015892762284512604 0.0012405670718421604 -0.0016936194962096445 0.0015294445155477263 0.0066694713475326075 -0.00020967780497703646 -0.0018806708629823829 -0.00025361420270290561 -0.00013729130284005303 -0.00088531341775413086 0.0020663894458131053 0.0031555105984625628 0.0001659360698082076 0.00088467711113187231 -0.00033921357065557032 -0.0010375581493484425 0.0017442234874514931 -8.1618955215650966e-05 -0.00030981212604091335 0.00021348522564615657 0.0098898889514908977 0.0010076400907914594 0.00096836052509513602 -0.0002861495313414354
leaf_weight=54 152 46 932 158 67 62 63 74 41 59 40 963 79 8190 3169 1186 49 60 107 44 196 225 45 447 178 943 50 74 70 138
leaf_count=54 152 46 932 158 67 62 63 74 41 59 40 963 79 8190 3169 1186 49 60 107 44 196 225 45 447 178 943 50 74 70 138
internal_value=-0.000504566 0.000362799 -0.000681435 -0.000573248 -0.000749781 0.00113548 0.003615 0.00593478 -6.04777e-05 0.0020119 0.00573 0.000232853 0.000658933 -0.000839497 -0.000220117 -0.00168534 0.0011282 0.00291176 -0.000733083 -0.00194885 -0.000248963 -0.000709137 -0.00065748 0.000531817 0.000662808 0.000884503 0.00130486 0.00313513 0.00231095 0.000957746
internal_weight=17961 3042 14919 13747 10226 464 199 137 3521 251 99 2988 2025 9762 3270 1302 116 101 265 1172 240 8460 8235 1979 1900 1722 1275 332 282 212
internal_count=17961 3042 14919 13747 10226 464 199 137 3521 251 99 2988 2025 9762 3270 1302 116 101 265 1172 240 8460 8235 1979 1900 1722 1275 332 282 212
is_linear=0
shrinkage=0.03


Tree=69
num_leaves=31
num_cat=0
split_feature=13 9 7 3 3 7 7 8 7 5 7 7 13 4 13 1 12 3 5 13 8 3 5 7 7 7 8 13 9 7
split_gain=2.86586 1.81569 1.61794 1.49592 2.16821 3.25794 2.16673 4.64855 2.1546 1.90802 2.88937 2.12847 1.86674 3.77854 1.4659 2.41946 1.68192 2.57322 1.37658 1.51821 1.81149 1.65785 1.48759 1.64003 2.07562 4.67564 2.69293 1.47849 1.36072 1.34361
threshold=0.10266634896360306 0.4796769958223876 0.36876328421032339 51.907025329674006 2.3663689654504005 0.060924651430521816 0.83139724234145251 0.15548255307122175 0.7460998727262198 10.534732732925947 0.73867285663626636 0.437281496896681 0.16474315939365528 0.7340497051224093 0.26387075255632558 5.3307860926020849 0.41708810094604393 1.518741257858381 10.064628024258043 0.30011135839598074 0.80015271443541403 1.5018330556330082 8.8521642993524932 0.2719607729708497 0.55080867205657058 0.47055925860718045 0.17116098884739378 0.16835023690457088 3.0059105443731213 0.57871931386983089
decision_type=2 10 2 8 10 2 2 10 2 2 2 2 2 10 2 2 2 10 2 2 8 10 2 2 2 2 10 2 10 2
left_child=-1 3 -3 4 6 -6 18 -8 9 10 12 -11 13 -7 15 16 17 -4 19 20 21 27 -23 -24 25 26 -25 -2 -16 -15
right_child=1 2 14 -5 5 8 7 -9 -10 11 -12 -13 -14 29 28 -17 -18 -19 -20 -21 -22 22 23 24 -26 -27 -28 -29 -30 -31
leaf_value=0.00010807327954697288 0.00012142425203655743 -0.0013500512001392935 -0.00051682594662612563 -0.00058903602341915803 0.0048355063981053246 0.0020684508251245311 -0.00067153144411913107 0.0082395766429671242 -0.00055945068345754345 0.0020706784884877067 0.0028056066921456168 -0.00048705553179678257 0.00014813407311525125 -0.0012253086620819739 -0.00072676730270137494 0.0017314109598248674 -0.00018000192093579984 0.0026900319771309047 -0.0006064660000801819 -0.001052666644832856 0.00204916055138522 -0.00090611507485935665 -0.001409617706347161 -0.00015890513816971025 0.00012242547525189332 0.0036302907178191708 0.0016629986942385102 -0.00095132070451658024 -0.0015151103885086023 0.0010523878069681964
leaf_weight=3235 464 974 52 1080 44 49 77 41 717 63 58 386 1446 46 2055 48 2475 61 2043 576 46 115 58 100 265 68 72 484 818 84
leaf_count=3235 464 974 52 1080 44 49 77 41 717 63 58 386 1446 46 2055 48 2475 61 2043 576 46 115 58 100 265 68 72 484 818 84
internal_value=-0.000517099 -0.000693193 -0.00107017 -0.000401528 -0.000247296 0.000390808 -0.000665987 0.00332773 0.00026421 0.000742615 0.00120606 -0.000993334 0.000968634 0.00385 -0.0008706 -0.0003595 -0.000484358 0.00307895 -0.000776562 -0.000264118 0.000193663 2.58137e-05 0.00115758 0.00179255 0.0023419 0.00435685 0.00169942 -0.000783984 -0.00133925 0.00114504
internal_weight=18100 14865 6483 8382 7302 2893 4409 118 2849 2132 1683 449 1625 179 5509 2636 2588 113 4291 2248 1672 1626 678 563 505 240 172 948 2873 130
internal_count=18100 14865 6483 8382 7302 2893 4409 118 2849 2132 1683 449 1625 179 5509 2636 2588 113 4291 2248 1672 1626 678 563 505 240 172 948 2873 130
is_linear=0
shrinkage=0.03


Tree=70
num_leaves=31
num_cat=0
split_feature=6 9 6 3 7 8 3 0 7 6 0 3 9 7 0 3 0 3 6 12 3 0 8 12 8 6 2 3 8 0
split_gain=4.49742 1.7386 1.66007 1.64979 2.78489 6.59777 1.69805 2.4484 5.78858 2.70316 1.57405 1.59379 1.46442 1.41995 1.5908 2.13578 1.74917 3.62656 2.22574 2.50492 1.50565 1.4937 1.51746 1.32979 1.27023 1.33539 3.68322 3.0431 1.25442 1.20638
threshold=0.15081573335001511 2.6284633607719425 0.26212757560639416 2.3374069183000317 0.84979219657299832 0.33958056050168023 2.6099634676957089 2.3439732576560401 0.48089573529826152 0.30883064553834588 1.6891677311535338 9.3388539229413485 -0.12136461144859097 0.44995289694985269 1.3751415859699361 9.538089804822679 21.534172661870507 110.57341255182855 0.4453953825031754 0.59566310930236099 4.7208558257064963 4.4254082406471191 -0.060014495962633287 0.54715492838680591 1.5633802679801978 0.47954549024946408 0.27707405385538869 1.9043768779004626 inf 1.0309903331768113
decision_type=2 10 2 10 2 10 10 10 2 2 10 10 8 2 8 10 10 10 2 2 10 10 8 2 8 2 10 10 8 8
left_child=12 3 10 4 24 -6 7 -5 9 -9 -3 -12 -1 -8 15 20 21 18 19 -18 -15 22 -16 -20 -2 26 -26 -28 29 -14
right_child=1 2 -4 6 5 -7 13 8 -10 -11 11 -13 28 14 16 -17 17 -19 23 -21 -22 -23 -24 -25 25 -27 27 -29 -30 -31
leaf_value=0.0013786559087570688 -0.00068085988205689629 -0.0013821628448125499 -0.0014420344151367757 -3.016037637029296e-05 -0.001525037249270861 0.010672314602518827 -0.001039050265661491 0.0027369628891659899 -0.00028595595915813238 0.0007865001144097745 0.00092118408234568162 2.9857260987494907e-05 0.00031434633848059036 0.00012666439595338167 0.0015019350928906978 -7.7772183974294878e-05 0.0038193491392994922 -0.00041752919126021815 0.00085544164851328113 0.00069412439062324258 0.001103510016017581 -0.0010180294212229169 -0.00021847525076316201 -0.0017410706168806507 -0.00085667124812726693 -0.0027025904222601066 0.005984923387637218 0.0014630450660650422 0.0036151311907569833 -3.526079293424774e-05
leaf_weight=245 4371 61 1052 418 75 40 912 60 119 48 42 67 1061 42 131 198 46 237 98 48 69 495 3594 42 96 122 45 40 49 4083
leaf_count=245 4371 61 1052 418 75 40 912 60 119 48 42 67 1061 42 131 198 46 237 98 48 69 495 3594 42 96 122 45 40 49 4083
internal_value=-0.00048248 -0.000794336 -0.00186917 -0.000678418 -0.00110167 0.00349138 -0.000369168 0.00109133 0.0035921 0.00858716 0.000877192 0.00302727 0.000238278 -0.000528666 -0.000329935 0.00175161 -0.000467392 0.00126483 0.00390638 0.00745263 0.0050625 -0.000660982 -0.000454912 0.00148936 -0.0012154 0.000661183 0.00229121 0.00680232 0.000131112 8.51305e-05
internal_weight=18006 12568 1222 11346 4789 115 6557 645 227 108 170 109 5438 5912 5000 309 4691 471 234 94 111 4220 3725 140 4674 303 181 85 5193 5144
internal_count=18006 12568 1222 11346 4789 115 6557 645 227 108 170 109 5438 5912 5000 309 4691 471 234 94 111 4220 3725 140 4674 303 181 85 5193 5144
is_linear=0
shrinkage=0.03


Tree=71
num_leaves=31
num_cat=0
split_feature=6 5 3 9 3 0 3 1 5 5 9 1 3 9 6 0 6 12 6 5 3 4 0 5 5 5 1 0 4 6
split_gain=3.57179 2.71369 3.28773 2.70632 2.50166 2.85066 1.74607 1.559 1.45908 1.43178 1.60282 1.08027 1.00383 1.44517 2.68376 1.32586 1.62197 1.3801 1.64455 1.09657 1.58444 1.57684 2.02103 2.17823 1.35292 2.30004 1.07321 1.33654 1.01225 0.981128
threshold=0.22620835638512207 6.7363734861220914 1.9259818783548555 1.3865608146300603 1.5018330556330082 1.2590082219572385 1.0111447076342568 5.0006115769159463 10.583308836345422 11.406692333481983 0.3236186940836579 1.3147206591090281 121.96769653320344 -0.67143774308222415 0.31909806461444218 41.491666666666674 0.514312017684461 0.51252847701438997 0.95551144502743646 9.4424436638760749 13.993980037563484 0.91156299456865331 1.5864131611569758 8.0802369848886979 8.7470342515484827 9.0822796954491185 1.3147206591090281 41.491666666666674 1.7583676483924109 0.17067694445440476
decision_type=2 2 8 10 8 10 10 2 2 2 10 2 8 8 2 8 2 2 2 2 10 10 10 2 2 2 2 10 10 2
left_child=1 2 6 12 5 9 -1 8 -6 29 -11 -10 13 14 -2 16 19 18 26 20 -15 -22 -23 -24 -25 -26 -17 -28 -21 -3
right_child=3 4 -4 -5 7 -7 -8 -9 11 10 -12 -13 -14 15 -16 17 -18 -19 -20 28 21 22 23 24 25 -27 27 -29 -30 -31
leaf_value=0.0036614229485478107 0.0072249751800666411 -2.5759090779453363e-05 0.0058793451025803273 -0.0012289229131402996 0.00013912041136662429 -0.00071647610778450123 -0.00021277989798541938 0.0009496281655136528 -0.00054543427589354252 0.00086138230685600594 -0.00014191098224974956 0.00013683020354011638 -0.00086095244807164468 -0.00032192372431365929 -0.00033389595301272214 0.0010218009277269385 -0.0045704168217530735 -0.00010074566134855501 -0.0028375347383025407 -0.00030932015441785597 -0.00061506071622885396 -0.0007786148830943553 0.0023840499610976599 -0.00040654932467596951 0.0055039303133933397 0.00019469713834961377 0.0059939208148672265 7.3096947530354877e-06 -0.00092217407744441481 -0.0012818376996943551
leaf_weight=60 52 2504 67 1937 4012 1341 178 64 673 50 42 241 637 938 83 89 307 589 84 2619 108 89 43 62 40 100 100 48 676 209
leaf_count=60 52 2504 67 1937 4012 1341 178 64 673 50 42 241 637 938 83 89 307 589 84 2619 108 89 43 62 40 100 100 48 676 209
internal_value=-0.00048584 -8.29281e-05 0.00269608 -0.000928041 -0.000175988 -0.000720522 0.00102929 0.000276497 0.000215546 -0.000176408 0.00348387 -0.000865574 -0.000640961 -0.000521069 0.00253676 -0.00059155 -0.000783866 0.000461031 0.00204037 -0.000644783 6.51695e-05 0.00154402 0.00256119 0.00396341 0.00263054 0.00425532 0.00331513 0.00487248 -0.000942052 -0.000301769
internal_weight=18042 9441 305 8601 9136 4146 238 4990 4926 2805 92 914 6664 6027 135 5892 4982 910 321 4675 1380 442 334 245 202 140 237 148 3295 2713
internal_count=18042 9441 305 8601 9136 4146 238 4990 4926 2805 92 914 6664 6027 135 5892 4982 910 321 4675 1380 442 334 245 202 140 237 148 3295 2713
is_linear=0
shrinkage=0.03


Tree=72
num_leaves=31
num_cat=0
split_feature=6 9 5 7 12 3 5 3 4 5 4 1 7 7 4 9 12 12 6 7 1 5 7 5 7 3 3 7 9 5
split_gain=2.86045 2.47899 2.15925 2.09206 1.84445 2.15863 2.05528 1.93596 2.57331 2.12954 2.70517 1.64869 1.48516 1.42458 1.79068 1.44692 1.61617 1.65392 1.39628 1.85713 1.70987 1.3684 2.84571 1.33467 2.88101 1.90827 2.3171 1.67633 2.97896 1.65358
threshold=0.25567780403746815 1.362125787046814 4.6395599436855051 0.14821224037861405 0.40980802514412601 2.3374069183000317 10.027142203153319 2.6753478642416502 0.54551429879581215 7.4166790502870414 1.0558846597487401 -0.46585492567881043 0.45351338471230235 0.6836987642252973 0.85183628921037891 0.3094725363267074 0.38480357719275898 0.35374886773816194 0.15614643298000355 0.61884462622640579 0.63474391997983648 11.02778383160763 0.44995289694985269 9.8846869227479388 0.49907338930864509 1.5018330556330082 1.1917656003448236 0.72574625414231242 1.362125787046814 9.3406227412758369
decision_type=2 10 2 2 2 8 2 8 10 2 8 2 2 2 10 10 2 2 2 2 2 2 2 2 2 10 10 2 10 2
left_child=2 -2 -1 -4 11 6 23 8 12 10 -9 -5 -7 14 -13 -16 17 -17 19 21 -21 -8 -23 27 25 26 -25 -6 29 -29
right_child=1 -3 3 4 5 7 18 9 -10 -11 -12 13 -14 -15 15 16 -18 -19 -20 20 -22 22 -24 24 -26 -27 -28 28 -30 -31
leaf_value=0.0073501963252477981 -0.00034007123523982551 -0.0012907136517950255 -0.0010256010130059211 0.0032642268131053988 -0.00016500815962111224 0.005210826613359195 -0.00065787723360903724 3.4441787670828692e-05 0.00011882992579674757 -5.0666249688297491e-06 0.027922663734125632 -0.00080186759302719121 0.00061914675216489818 -0.00053173352839117527 0.00025920240632552199 0.00073434585602407483 7.4011022627280576e-05 0.0026160494773436538 -0.00081635602402317946 -0.00010875939488055059 0.000308819795307 0.00068688120926148474 -0.00036474262251842725 0.001844360212286315 -0.00032491326474303584 0.001864552781294348 -0.00029663811274862397 -0.00026899015845731816 0.0035928992895817081 0.00078460594019451205
leaf_weight=49 5357 1796 543 44 2214 40 903 83 281 3288 47 127 56 150 89 64 59 47 1205 314 270 40 134 59 197 44 80 288 50 126
leaf_count=49 5357 1796 543 44 2214 40 903 83 281 3288 47 127 56 150 89 64 59 47 1205 314 270 40 134 59 197 44 80 288 50 126
internal_value=-0.000466169 -0.000932206 -0.000160026 -0.000188694 -9.29133e-05 -0.00019105 -0.000548861 0.000367491 0.00240476 0.000142146 0.00389313 0.00154905 0.00661856 0.0010838 0.00204651 0.00347308 0.00508772 0.00720536 -0.00112592 -0.000561373 0.000799999 -0.00129963 0.00113143 -7.84642e-06 0.00165354 0.00435326 0.00259286 -0.000244122 0.00139355 0.000549397
internal_weight=18044 7153 10891 10842 10299 9719 5924 3795 377 3418 130 580 96 536 386 259 170 111 2866 1661 584 1077 174 3058 380 183 139 2678 464 414
internal_count=18044 7153 10891 10842 10299 9719 5924 3795 377 3418 130 580 96 536 386 259 170 111 2866 1661 584 1077 174 3058 380 183 139 2678 464 414
is_linear=0
shrinkage=0.03


Tree=73
num_leaves=31
num_cat=0
split_feature=13 9 12 2 0 4 1 1 0 9 12 5 11 1 13 5 5 12 4 2 9 4 4 13 0 12 9 12 0 4
split_gain=3.13668 1.97158 1.92825 1.45793 1.45419 2.08001 1.38341 1.38807 1.16045 1.18158 1.12471 1.64433 1.35683 1.34381 1.66169 0.958401 1.28181 1.04716 0.930225 1.50765 0.99111 1.04906 0.893979 0.814253 0.835208 1.55937 2.25811 3.25533 5.27694 1.58691
threshold=0.25567780403746815 1.362125787046814 0.40980802514412601 0.036506562773725805 0.87269691660067661 1.7052808230213568 5.7988409000321441 -0.064866741741741604 1.3078766780920712 0.070157475499049868 0.32195612057937478 6.8490657203609322 7.5000000000000009 1.838826636050517 0.44100445783652648 11.52823761736043 10.570585888656725 0.51984067452185923 0.18522176209929761 0.10614198215553157 0.13113623171366451 1.3357507111430513 3.1679425544793047 0.52235738463109549 1.5601439894840066 0.48466699765243854 0.58579757115135633 0.46091639781348365 1.778675897672809 1.4545546480851812
decision_type=2 10 2 8 10 10 2 2 10 8 2 2 2 2 2 2 2 2 10 10 10 10 10 2 8 2 8 2 8 10
left_child=2 10 3 -1 5 -4 7 15 9 -5 -2 12 -12 14 -14 16 17 18 -6 -20 -21 -22 23 24 -13 26 -26 -28 -29 -30
right_child=1 -3 4 8 6 -7 -8 -9 -10 -11 11 22 13 -15 -16 -17 -18 -19 19 20 21 -23 -24 -25 25 -27 27 28 29 -31
leaf_value=0.002058482017978037 -0.0045144696486745586 -0.0012031312114966506 0.00011384385249772092 0.0016104821540748363 -0.00059225341433437914 0.0065596750303661914 0.0013777145263631945 -0.00016847783215005423 0.0017114529929706664 -4.9809968102516701e-05 -7.8282452104373423e-05 -0.0013578791359916489 0.0026253092367966471 0.0063766869423560225 -0.00021788098897973485 0.0010864704238451612 -0.00050903186783442874 0.00037185418402045683 0.0006309493354858701 -0.0007820831016465005 -8.3522505521731305e-05 0.0010541937820420109 0.0015505887516686799 -0.0024013517284187393 -0.00022834797120914298 -0.00035561781029161172 -0.00023405207690620656 -0.0015764486557676342 0.0012878670607144129 0.001199977281853296
leaf_weight=90 252 1793 215 79 160 61 63 7794 46 436 326 414 65 41 82 42 429 1224 76 151 136 40 47 284 575 3032 149 42 41 41
leaf_count=90 252 1793 215 79 160 61 63 7794 46 436 326 414 65 41 82 42 429 1224 76 151 136 40 47 284 575 3032 149 42 41 41
internal_value=-0.000478302 -0.00096618 -0.000160827 0.00142178 -0.000260105 0.00188448 -0.000318803 -0.000346763 0.000848754 0.000436046 -0.00067934 -0.000583075 0.00102524 0.00304762 0.00168243 0.0003081 0.000221921 0.000575503 -0.000494682 0.000274752 -0.000612806 0.000915254 -0.000761998 -0.000804543 -0.000701281 -0.000564288 0.000572437 0.00281387 0.006384 0.0107711
internal_weight=18226 7184 11042 651 10391 276 10115 10052 561 515 5391 5139 514 188 147 2258 2216 1787 563 403 327 176 4625 4578 4294 3880 848 273 124 82
internal_count=18226 7184 11042 651 10391 276 10115 10052 561 515 5391 5139 514 188 147 2258 2216 1787 563 403 327 176 4625 4578 4294 3880 848 273 124 82
is_linear=0
shrinkage=0.03


Tree=74
num_leaves=31
num_cat=0
split_feature=0 13 7 7 7 8 5 3 13 12 0 7 7 12 0 5 3 3 12 13 12 7 12 5 7 12 5 5 13 1
split_gain=3.23243 2.33445 2.06469 1.8802 3.08408 2.81754 1.60838 1.32096 2.71658 1.80734 1.60664 3.82846 1.80617 1.5305 1.46717 2.54488 1.35125 1.29709 2.09002 1.68808 5.83443 1.25405 1.26017 1.46124 1.74796 1.13089 1.4717 2.09806 1.21814 1.57814
threshold=1.1195659993551164 0.47388133118783143 0.17357492744106029 0.87094742634905298 0.85648310395710425 0.27782467856288168 10.475934947460468 1.5018330556330082 0.23336206282884667 0.39654670120448038 103.2916971916972 0.76768097067654995 0.63683621704655724 0.66493620683204269 1.2985876437909145 11.471655444261616 22.064200178053415 26.379940075547413 0.64955522265840948 0.59507401800439574 0.37377096024127371 0.82764301768011317 0.51740441851768948 8.6669054312885567 0.66854108076977925 0.44119870817957296 10.397467073127837 9.795707435667687 0.32837627219038362 0.13584336913549924
decision_type=10 2 2 2 2 8 2 10 2 2 10 2 2 2 10 2 10 8 2 2 2 2 2 2 2 2 2 2 2 2
left_child=17 2 6 4 7 -6 -2 14 9 -9 12 -12 25 16 15 -4 -11 19 -19 -1 -21 22 -18 24 -24 26 27 -10 29 -27
right_child=1 -3 3 -5 5 -7 -8 8 10 13 11 -13 -14 -15 -16 -17 21 18 -20 20 -22 -23 23 -25 -26 28 -28 -29 -30 -31
leaf_value=0.00021105449467234813 -0.0018823457783016502 -0.0019500046121646985 -0.00018994374497287382 -0.0011603095652253741 -0.00026261877613130912 0.002930420763555425 0.0021752766009365218 0.002112065115229237 0.00044620656026018898 -1.7451903164908515e-05 -6.2540498843854998e-05 0.0014462207315289574 -0.00078317162253792869 -0.00072443744844136833 -0.00074606924268183451 0.00040022817425583793 -0.00023597065638371955 -0.0005209917304336406 0.025983431492114385 -0.0076561797077229583 0.0075262630618014139 -0.0012552810721837674 0.0024602637688072005 0.0003993852937794079 5.4824412507540959e-05 0.00066665678542153321 -0.002029647845691603 0.0034534730785275077 -0.00086870305876429526 -0.00023296794573105824
leaf_weight=2312 541 1102 1596 341 50 56 53 66 126 3054 175 58 2424 171 1538 58 204 730 40 65 57 61 62 664 47 296 47 43 958 1073
leaf_count=2312 541 1102 1596 341 50 56 53 66 126 3054 175 58 2424 171 1538 58 204 730 40 65 57 61 62 664 47 296 47 43 958 1073
internal_value=-0.000530965 -0.000717256 -0.000610769 -0.000532615 -0.000474042 0.00459813 -0.0023395 -0.000516665 -0.000339665 0.000215473 -0.00080177 0.0016282 -0.000916064 0.000138602 -0.00104479 -0.00042417 0.000255069 0.000333229 -0.0007393 0.000672689 0.00409756 0.0011896 0.00145092 0.00200388 0.00520909 -0.000357312 0.00171429 0.00301765 -0.000550258 2.40869e-05
internal_weight=18068 14864 13762 13168 12827 106 594 12721 9529 4329 5200 233 4967 4263 3192 1654 4092 3204 770 2434 122 1038 977 773 109 2543 216 169 2327 1369
internal_count=18068 14864 13762 13168 12827 106 594 12721 9529 4329 5200 233 4967 4263 3192 1654 4092 3204 770 2434 122 1038 977 773 109 2543 216 169 2327 1369
is_linear=0
shrinkage=0.03


Tree=75
num_leaves=31
num_cat=0
split_feature=13 7 9 3 7 8 3 7 12 2 13 7 9 5 2 3 5 0 0 7 13 3 2 3 0 7 0 0 5 8
split_gain=2.675 1.55255 1.45683 1.46343 2.96885 4.57099 1.82713 2.86277 6.55157 7.33506 1.42868 1.36074 1.73987 1.34415 1.33574 2.57885 2.47853 2.18957 2.86267 1.57267 1.20573 1.98938 2.06924 1.68439 3.45205 1.26783 1.45885 1.21909 2.08508 1.16979
threshold=0.16346981927806062 0.810281753857795 2.6284633607719425 2.3374069183000317 0.84979219657299832 0.33958056050168023 2.5414461035512503 0.4345781203557772 0.52498274887316831 0.2444061354745603 0.20509103792858599 0.72574625414231242 -0.053279631288717023 9.0154805366384156 0.16473149911731191 1.3927465555636895 10.089074603183294 1.3490836892474452 1.2590082219572385 0.74242014729364936 0.4453953825031754 6.8860646059098434 0.56897865902212619 36.534685248037881 2.8888359283974157 0.74981696182354274 1.5719391303084829 2.4890156786620881 7.8077133355713011 0.29952305151184372
decision_type=2 2 10 10 2 10 10 2 2 10 2 2 8 2 10 10 2 10 10 2 2 10 10 10 10 2 10 10 2 10
left_child=1 11 3 4 -2 -6 7 8 -5 -10 -4 29 -13 20 -14 -16 19 18 -18 -17 21 -8 23 24 -23 26 -25 28 -28 -1
right_child=2 -3 10 6 5 -7 13 -9 9 -11 -12 12 14 -15 15 16 17 -19 -20 -21 -22 22 -24 25 -26 -27 27 -29 -30 -31
leaf_value=-6.5016132697517365e-05 -0.00066090746068317072 -0.00062203137015509071 0.00076294080552447854 -0.00047835748675278961 -0.0010227824377787615 0.0078204954946501769 -0.00033256446510765566 -6.9762502093878559e-05 0.0036257155907019824 0.00060222273280085236 -0.001111304086187007 0.0017334226863213789 -0.0001355022075394124 -0.00031931140324359549 0.0038576908706622493 0.0025700770526570502 0.00069221763877580988 -4.6328583994377509e-05 0.0014798412785464394 -0.00049068457276788197 -0.00076799614176327068 0.00042672066891338671 0.0029986125717571467 -0.00029138705602077541 0.0048064212892784623 -0.00054448036931077865 -0.00021770760945959258 -0.00022706714447222445 0.0037922355596109241 0.00030908233457761352
leaf_weight=4052 4236 333 47 94 64 40 308 331 48 48 1172 49 290 4010 50 60 70 57 42 196 699 214 44 137 46 184 46 79 102 920
leaf_count=4052 4236 333 47 94 64 40 308 331 48 48 1172 49 290 4010 50 60 70 57 42 196 699 214 44 137 46 184 46 79 102 920
internal_value=-0.000524324 -1.42164e-05 -0.000785524 -0.00067375 -0.00109883 0.00388571 -0.000384917 0.00131609 0.00424084 0.00971134 -0.00176803 0.00010057 0.00123681 -0.000536117 0.0008812 0.00185924 0.00109155 0.0039 0.00631858 -0.000770429 0.000130644 0.000723513 0.0014701 0.0011199 0.00310345 0.000174863 0.0012 0.00267105 0.00426846 -8.56633e-05
internal_weight=18068 6119 11949 10730 4340 104 6390 521 190 96 1219 5786 814 5869 765 475 425 169 112 256 1859 1160 852 808 260 548 364 227 148 4972
internal_count=18068 6119 11949 10730 4340 104 6390 521 190 96 1219 5786 814 5869 765 475 425 169 112 256 1859 1160 852 808 260 548 364 227 148 4972
is_linear=0
shrinkage=0.03


Tree=76
num_leaves=31
num_cat=0
split_feature=6 5 7 3 0 6 7 3 0 6 5 3 0 12 5 7 0 5 12 8 4 0 6 12 6 4 8 8 4 3
split_gain=2.76073 1.88239 1.7412 1.57976 2.13212 2.02387 1.89559 1.52691 2.33662 2.34529 1.51276 1.51849 3.04441 2.82268 3.28136 1.47435 1.42191 1.32146 2.5275 1.27065 2.3795 1.25744 1.1742 1.1337 1.13282 1.0929 1.08996 1.6485 1.27168 1.16961
threshold=0.12285973275333185 5.0434043048315838 0.29790852892118719 53.071921976162365 17.33880840275263 0.50162674682505914 0.46079532936770218 1.3927465555636895 512.18750000000011 0.39299729017809254 10.127550680111193 2.3663689654504005 1.4819650526772621 0.52162081709846697 10.54643294797218 0.78617883741491623 41.491666666666674 4.6395599436855051 0.44326886183451136 1.2778393686360048 1.4259465675535432 3427.5000000000005 0.25245839245988227 0.56967590800445722 0.17181309278272663 2.2624826398459805 0.12461629190612961 0.25089445584337439 1.3484439812466074 110.57341255182855
decision_type=2 2 2 8 8 2 2 10 8 2 2 10 10 2 2 2 10 2 2 8 10 10 2 2 2 10 10 10 10 8
left_child=1 -1 17 4 5 10 -6 23 9 -9 15 -12 13 14 -13 19 -11 18 -2 25 -21 22 24 -8 -5 -4 -26 28 -28 -29
right_child=2 -3 3 21 6 -7 7 8 -10 16 11 12 -14 -15 -16 -17 -18 -19 -20 20 -22 -23 -24 -25 26 -27 27 29 -30 -31
leaf_value=0.0069763286450496157 -0.0079371727937823013 3.3267600841754414e-05 5.4350441646799525e-06 -0.0011038332731841953 -0.001841001685521117 -0.0040641531816378793 0.0064941753732255993 0.0027735578253754549 -0.00019053783062011412 -0.00064490099905593131 -0.00061050284436837249 0.0022032392008365124 -0.00034543783897954017 -0.00016076523546396164 0.00047735447560565348 -0.00059069900348309085 0.0011726963072969587 -0.00085786647267370377 0.014024334385014362 -0.00016699314204859862 0.0025368919532178318 0.00036520624630812957 -0.0011151566251247783 0.0076806773871748169 -0.00025243981902192876 -0.0010462933835763129 0.00018336940223526984 0.0018141164738149679 0.0014024122338488693 -0.00088233743710086111
leaf_weight=40 45 4042 4246 156 124 363 57 54 338 41 2077 49 1506 128 63 558 88 1338 40 196 110 45 1548 41 122 293 78 47 53 100
leaf_count=40 45 4042 4246 156 124 363 57 54 338 41 2077 49 1506 128 63 558 88 1338 40 196 110 45 1548 41 122 293 78 47 53 100
internal_value=-0.000496359 0.000189566 -0.000697735 -0.000584282 -0.000430273 -0.000550261 0.00111693 0.00179516 0.00114368 0.00386413 -0.00046364 -0.000920241 -0.000267889 0.00286307 0.00631858 -0.000140452 0.00163846 -0.00169171 0.0019186 2.78573e-05 0.00189576 -0.00132419 -0.00143088 0.00521212 -0.000247757 -9.84589e-05 0.000598503 0.00163441 0.00406818 -0.000547298
internal_weight=17986 4082 13904 12481 10332 9589 743 619 521 183 9226 3823 1746 240 112 5403 129 1423 85 4845 306 2149 2104 98 556 4539 400 278 131 147
internal_count=17986 4082 13904 12481 10332 9589 743 619 521 183 9226 3823 1746 240 112 5403 129 1423 85 4845 306 2149 2104 98 556 4539 400 278 131 147
is_linear=0
shrinkage=0.03


Tree=77
num_leaves=31
num_cat=0
split_feature=6 3 3 5 0 7 0 2 6 5 7 0 5 7 8 3 2 7 2 1 0 1 1 0 6 0 3 7 0 2
split_gain=2.59343 1.68247 2.09059 1.88945 1.90719 1.8437 1.75484 3.15041 2.19242 1.28588 1.27768 1.48656 1.73807 4.1788 1.58544 2.08201 1.40024 1.38794 1.38747 1.51303 1.36532 1.32286 1.23719 1.09782 1.18656 1.32798 1.00032 1.94511 2.29235 0.93305
threshold=0.10464189850194751 50.017422447993916 2.3374069183000317 10.166351673572624 3.2593097366416806 0.060924651430521816 21.534172661870507 0.23397990899009632 0.25567780403746815 8.1225195452981414 0.33374108703201433 1.6334483522608274 9.9415296865331175 0.55341489018396861 0.40029205021748165 1.8587041837326816 0.33171452816483177 0.46794816857268601 0.26653262809117689 0.99990121037965929 1.1486965180398092 -0.24304378681860825 5.7988409000321441 3427.5000000000005 0.23036409911570302 2.2279025452565677 2.4887580128611586 0.48369391620791286 2.7199001663893516 0.45613381885966303
decision_type=2 8 10 2 10 2 10 10 2 2 2 8 2 2 8 10 10 2 10 2 8 2 2 10 2 8 10 2 10 10
left_child=-1 2 3 4 10 -4 8 -8 22 -9 20 16 14 -14 21 18 -12 -18 19 -16 -2 -13 29 24 25 -3 27 28 -10 -7
right_child=1 23 5 -5 -6 6 7 9 26 -11 11 12 13 -15 15 -17 17 -19 -20 -21 -22 -23 -24 -25 -26 -27 -28 -29 -30 -31
leaf_value=7.8248795056323119e-05 0.00075889191582098538 -0.00028623147391081946 0.0029401373464780787 -0.00065565085537238319 -0.0016531497107242525 5.634208557600672e-05 0.0027947455338061858 0.0010349656141489117 -2.4499943766689402e-05 -6.089265233215286e-05 -0.00023477790009021496 0.0003996610206312685 0.0010153674009915703 -0.00012099786920910265 -7.3595125117656947e-05 -0.0023748177829835651 0.0025711465838875315 -8.4824357330153171e-06 0.00584796361921632 0.0050925902349960453 -0.0009257325141383613 -0.00028248045054884698 0.0013604358621048288 0.00038848469944248172 -0.0011428860908704475 0.0011688248336622089 -0.00050500333940102179 -0.00058330500543484843 0.001194336829105201 0.0030972309411064786
leaf_weight=3315 54 488 58 2507 271 2445 53 92 62 110 1839 49 59 87 68 72 41 74 52 42 596 542 42 49 1930 73 2794 140 43 48
leaf_count=3315 54 488 58 2507 271 2445 53 92 62 110 1839 49 59 87 68 72 41 74 52 42 596 542 42 49 1930 73 2794 140 43 48
internal_value=-0.00047331 -0.000643394 -0.000497509 -0.000874883 -0.00045698 -9.01841e-05 -0.000143568 0.00228516 -0.000255068 0.000561576 -0.000272652 -5.12717e-06 0.000953703 0.00395918 0.000417675 0.00250213 -0.000481842 0.00271552 0.00438037 0.00243243 -0.00147466 -0.000410474 0.000396293 -0.00134593 -0.00143379 -0.000218862 -0.000798356 0.00103658 0.00410377 0.000309141
internal_weight=18095 14780 12240 6353 3846 5887 5829 255 5574 202 3575 2925 971 146 825 234 1954 115 162 110 650 591 2535 2540 2491 561 3039 245 105 2493
internal_count=18095 14780 12240 6353 3846 5887 5829 255 5574 202 3575 2925 971 146 825 234 1954 115 162 110 650 591 2535 2540 2491 561 3039 245 105 2493
is_linear=0
shrinkage=0.03


Tree=78
num_leaves=31
num_cat=0
split_feature=0 6 0 7 5 5 0 7 0 5 7 7 4 5 5 7 1 1 4 7 7 8 6 7 8 4 12 5 7 8
split_gain=2.57071 2.50877 2.27844 1.737 1.71922 1.7003 1.56464 1.44561 1.43853 1.47059 1.43371 2.14412 1.88117 1.47961 1.63703 1.69054 1.1668 1.16404 1.52111 1.22093 1.53618 2.05376 1.31764 1.13415 1.50881 1.23124 1.6586 1.81258 1.92933 2.45962
threshold=1.2221418566087487 0.41000240783831382 17.33880840275263 0.2719607729708497 7.904150238058631 6.7363734861220914 4.4254082406471191 0.76971975481793165 2.1918929940710461 9.5075147434021883 0.81564432264163156 0.60341257373861656 1.0060063452192576 10.689088564626902 10.146688598896096 0.62249340219928873 0.42665524367914637 -0.49430270853106145 0.91156299456865331 0.87094742634905298 0.52790854116636332 0.5556223821074523 0.44959407959715231 0.79302599270045326 1.1382564263421355 1.1900059086860073 0.58661834550826653 10.359281313084781 0.73011571448919244 0.021549991892907298
decision_type=10 2 10 2 2 2 10 2 10 2 2 2 8 2 2 2 2 2 10 2 2 10 2 2 10 8 2 2 2 8
left_child=5 2 3 8 -4 17 23 -6 -2 -10 11 12 -7 14 15 -13 -16 -1 -19 20 21 22 -20 24 25 26 -5 28 29 -28
right_child=1 -3 4 6 7 10 -8 -9 9 -11 -12 13 -14 -15 16 -17 -18 18 19 -21 -22 -23 -24 -25 -26 -27 27 -29 -30 -31
leaf_value=0.0039707299762131885 -0.0013483817984075806 -0.0013981759410557583 -0.0010517737325224917 -0.00012889682026512973 0.00019273147468148533 -0.00053975599154760688 -0.00077764411216712072 0.0018925826712134759 -0.0025580937953879469 0.002289383834338955 -0.00085766878567633759 0.0016239502447786605 6.5476993271973888e-05 -0.0002261653018925786 4.985284197797715e-05 0.0002151331455921353 0.0009052801710356191 -0.00070091816259964222 0.011500117457735836 0.0090113196173415688 -0.00067519624203495597 -0.001034070050731872 0.0033275558811164123 -0.00049085197753748623 0.0021564175609091341 -0.00024796549527382862 0.0038423084914234926 -0.00025569194962268935 0.00068012503538439698 9.6659691502356678e-06
leaf_weight=65 764 2038 47 3265 148 1042 524 69 40 60 306 94 1067 231 97 1224 100 280 54 45 152 63 80 905 43 4336 135 284 121 433
leaf_count=65 764 2038 47 3265 148 1042 524 69 40 60 306 94 1067 231 97 1224 100 280 54 45 152 63 80 905 43 4336 135 284 121 433
internal_value=-0.000488931 -0.000706578 -0.000529934 -0.000596646 0.00221887 9.79385e-05 -0.000485519 0.00334404 -0.00188671 0.00148515 -0.000137675 1.94495e-05 -0.000624171 0.000796794 0.00113786 0.000755117 0.00368182 0.00142297 0.00104889 0.0022481 0.00163714 0.00337879 0.00546667 -0.000397565 -0.000291368 -0.000319767 4.38776e-05 0.00113039 0.00196087 0.0012232
internal_weight=18112 13212 11174 10910 264 4900 10046 217 864 100 4161 3855 2109 1746 1515 1318 197 739 674 394 349 197 134 9522 8617 8574 4238 973 689 568
internal_count=18112 13212 11174 10910 264 4900 10046 217 864 100 4161 3855 2109 1746 1515 1318 197 739 674 394 349 197 134 9522 8617 8574 4238 973 689 568
is_linear=0
shrinkage=0.03


Tree=79
num_leaves=31
num_cat=0
split_feature=6 9 3 0 5 9 3 5 5 6 9 6 8 5 5 8 8 12 5 5 9 0 6 12 5 1 2 6 3 12
split_gain=2.76167 2.46012 2.2588 2.13908 1.91557 1.39117 1.28515 1.88941 2.32439 2.49059 1.89706 1.25516 1.13182 1.08846 2.14745 2.45347 1.77731 0.985388 0.94174 0.964527 1.50477 0.936224 1.32081 0.93393 1.58324 1.04422 0.92228 0.907872 1.4592 1.17418
threshold=0.25567780403746815 1.2302078471422047 2.3374069183000317 1.2947019266690434 6.6560834372730202 2.4312455530275332 1.5018330556330082 10.07223827379681 9.8942702026682046 0.19215687692226349 0.40351956563362024 0.17692322689454357 0.80015271443541403 8.8898595782814898 9.3936198023288568 0.13752813850833603 0.079260385961726548 0.67203978865988201 5.0434043048315838 11.406692333481983 0.36486791212831171 21.534172661870507 0.39299729017809254 0.32195612057937478 6.8490657203609322 2.0311492701530875 0.36595971407031697 0.4453953825031754 1.280116775655183 0.62532210918754949
decision_type=2 10 10 8 2 10 10 2 2 2 8 2 10 2 2 10 8 2 2 2 10 10 2 2 2 2 10 2 8 2
left_child=2 23 3 11 -4 6 -5 8 10 -10 13 18 17 -8 15 -15 -16 -6 -1 -20 -21 -3 -23 -2 25 27 -27 28 -25 -30
right_child=1 21 4 5 12 -7 7 -9 9 -11 -12 -13 -14 14 16 -17 -18 -19 19 20 -22 22 -24 24 -26 26 -28 -29 29 -31
leaf_value=0.0053375125007512529 -0.0057367510140086198 -0.0014309674627216668 0.0049970305796390724 -0.00076851137033261173 7.7467903605165243e-05 0.00035627813544459669 -0.00091832744707677093 -0.00062001895027696146 0.00024921862296043638 0.001492293083677826 -0.00068979421805950359 -0.0009383836761914237 0.0025589926096060973 1.1817094321821945e-05 0.00046428559564891365 0.0018119049527331734 -0.00052834517919457438 -0.0006712202104251397 -1.3568805066147749e-05 0.00069624574310898923 -0.00014665086270391345 0.00084720119840790893 -0.00064204062785600923 -0.0022711280252497301 -0.00033715066881464254 0.0059191857295803479 0.00040334013118825066 -0.00038530265115225616 0.0036883011943271834 0.00016172998082993674
leaf_weight=44 249 1719 43 1313 3699 69 71 717 69 51 296 349 78 45 66 42 128 146 3666 60 41 63 173 48 4426 53 42 232 75 48
leaf_count=44 249 1719 43 1313 3699 69 71 717 69 51 296 349 78 45 66 42 128 146 3666 60 41 63 173 48 4426 53 42 232 75 48
internal_value=-0.000481901 -0.000941788 -0.000183646 -0.000506688 0.000388706 -0.00113703 -0.00124116 -0.000635936 0.000397919 0.00421488 -0.00031433 -7.20988e-05 0.000318807 0.0011728 0.00201064 0.00589773 0.000246153 0.000245709 8.5781e-05 3.4235e-05 0.00291176 -0.00184816 -7.59501e-05 -0.000598957 -0.000508021 0.00109419 0.00390625 0.000423267 0.00207558 0.00379839
internal_weight=18121 7128 10993 7027 3966 2867 2798 1485 768 120 648 4160 3923 352 281 87 194 3845 3811 3767 101 1955 236 5173 4924 498 95 403 171 123
internal_count=18121 7128 10993 7027 3966 2867 2798 1485 768 120 648 4160 3923 352 281 87 194 3845 3811 3767 101 1955 236 5173 4924 498 95 403 171 123
is_linear=0
shrinkage=0.03


Tree=80
num_leaves=31
num_cat=0
split_feature=0 7 5 0 3 0 8 3 3 5 7 7 5 6 7 8 5 7 3 7 8 8 5 9 3 0 8 9 4 9
split_gain=2.78585 1.67032 1.54851 1.88829 2.07607 2.05877 1.64606 1.7347 3.00828 1.75062 2.42958 1.53342 2.38075 2.44905 2.16277 1.80108 2.82772 2.59728 1.93837 1.44052 2.45364 1.43152 2.62994 1.48819 1.32609 1.51955 1.49513 1.23076 1.20493 1.4252
threshold=1.3449050914373994 0.2719607729708497 10.166351673572624 2.0588732631450086 1.4556959316398335 21.534172661870507 0.034535101369980538 3.5787330912022335 110.57341255182855 9.8464408915525699 0.76768097067654995 0.61653866360386422 4.2903656061101136 0.73051106138180832 0.62249340219928873 0.019183085926522892 6.7363734861220914 0.80730864791137591 1.2921848462042329 0.48089573529826152 0.01370810135374643 0.72930751134975835 9.4183702846557953 0.74309347353224997 2.3663689654504005 1.3996412767246877 0.24119166977552745 1.415660116296116 0.98481753894759771 -0.043048150291973147
decision_type=10 2 2 10 10 10 10 10 10 2 2 2 2 2 2 10 2 2 10 2 8 8 2 8 10 10 10 8 8 10
left_child=11 -2 3 4 -3 19 -7 -8 -9 -10 -11 12 13 -1 -13 -16 18 -18 -17 20 -5 23 -23 -6 26 -26 -4 -27 -14 -30
right_child=1 2 24 5 21 6 7 8 9 10 -12 14 28 -15 15 16 17 -19 -20 -21 -22 22 -24 -25 25 27 -28 -29 29 -31
leaf_value=0.0092054594138811074 -0.0013159406442346078 -0.00078134231908944668 -0.00079071050015817597 0.0088505074814068455 0.00017301485345490989 -0.0015337375770476218 -0.0015132978859257662 0.0013971839188088146 -0.001204990410505608 -0.00023812634013771632 0.0011241323613367675 0.0011252260346024591 -0.00051756477582433108 -0.0016497048216316287 -0.00027760511188999287 0.0014935891808893816 0.00023179833169449852 -0.0007550463522591228 0.0092401226904544245 -0.00062830767078784426 -0.00017802918896481858 0.0001251384808900763 0.0027927677637362117 -0.00027881964168952013 0.0014492735883072042 -0.00018338491306893809 -5.5078032588089525e-05 -0.0011792969781632791 -0.00069726121362288329 5.9468808498528211e-05
leaf_weight=98 803 501 1260 40 1738 106 70 216 142 40 43 58 1781 61 497 56 2084 362 59 2238 412 170 93 714 72 1592 343 444 233 1740
leaf_count=98 803 501 1260 40 1738 106 70 216 142 40 43 58 1781 61 497 56 2084 362 59 2238 412 170 93 714 72 1592 343 444 233 1740
internal_value=-0.000449328 -0.000746603 -0.000643088 -0.000364654 0.000152937 -0.000867897 0.000694174 0.00140039 0.00209728 -0.000331859 0.00310714 1.74957e-05 -0.000377875 0.00320625 0.000513955 0.000404053 0.000724824 0.00050756 0.00530172 -0.00122631 0.00031788 0.000480485 0.00257954 0.000254382 -0.00113227 -0.00063727 -0.00178242 -0.000789397 -0.000530493 -1.97576e-05
internal_weight=18066 11037 10234 6523 3216 3307 617 511 441 225 83 7029 3913 159 3116 3058 2561 2446 115 2690 452 2715 263 2452 3711 2108 1603 2036 3754 1973
internal_count=18066 11037 10234 6523 3216 3307 617 511 441 225 83 7029 3913 159 3116 3058 2561 2446 115 2690 452 2715 263 2452 3711 2108 1603 2036 3754 1973
is_linear=0
shrinkage=0.03


Tree=81
num_leaves=31
num_cat=0
split_feature=6 9 7 7 8 7 5 5 8 3 7 7 5 7 5 0 5 3 8 0 5 9 9 8 7 5 7 11 0 5
split_gain=2.78564 1.75678 1.6931 2.35874 2.18732 3.03291 2.79849 2.01207 2.87467 2.69941 3.20444 2.05677 2.30653 1.84629 1.80058 1.68034 1.78427 1.66271 2.29587 1.63112 1.8683 1.48951 1.48716 1.43364 3.37591 2.8685 2.09738 2.07837 1.72182 1.4278
threshold=0.22620835638512207 1.3865608146300603 0.82764301768011317 0.72875458763823875 0.20431197775008483 0.74981696182354274 10.833020220463881 10.064628024258043 0.35644647987729755 1.2525571249815857 0.35788803882542025 0.16056817893347705 9.866356648812479 0.68498025681446018 9.1788496835846747 1.3449050914373994 10.583308836345422 13.993980037563484 0.11074725810673348 1.5719391303084829 8.6416207658928261 0.64149092609811242 -0.016529172956692526 0.20609775311517595 0.50245940797608235 9.9624637531927345 0.64407584674594387 5.5000000000000009 1.3751415859699361 10.106489618940252
decision_type=2 10 2 2 10 2 2 2 8 10 2 2 2 2 2 10 2 10 10 8 2 8 10 10 2 2 2 2 10 2
left_child=2 -2 3 7 5 6 29 11 13 10 -10 -1 14 -9 19 16 -15 22 -19 21 -21 -13 -7 24 25 27 -25 -14 -27 -5
right_child=1 -3 -4 4 -6 17 -8 8 9 -11 -12 12 23 15 -16 -17 -18 18 -20 20 -22 -23 -24 26 -26 28 -28 -29 -30 -31
leaf_value=-0.0014629986016133564 -0.00027638277671074659 -0.00093812672210424864 -0.00071083820821303458 0.0012500162324595545 -0.00020015168955289016 0.00083848714658896271 -0.00016921613058641495 -0.00045470168706641066 0.0012198311700295735 -9.8321762877275399e-05 0.00032539965166010693 0.0005548182977925493 0.0017368376517588162 0.00047327462154046979 -0.00016018326305421862 -0.00032403820277300283 9.1249346845297214e-06 6.6397334648258313e-06 0.00083458455998145788 0.0011516023901067094 0.00026133752075748964 -0.00051611677646771516 -0.00012981036089441039 0.00020593346043532043 -0.00033994833652905329 -0.00065881659818003567 0.0014967081704974434 0.0015908801962668648 0.0010336315235823792 0.0010291695191308342
leaf_weight=351 6691 1958 346 126 565 40 64 2737 49 133 63 1063 49 100 1724 191 107 113 76 73 106 423 334 109 251 75 49 43 40 71
leaf_count=351 6691 1958 346 126 565 40 64 2737 49 133 63 1063 49 100 1724 191 107 113 76 73 106 423 334 109 251 75 49 43 40 71
internal_value=-0.000425474 -0.000814683 -6.99965e-05 8.21756e-06 0.00114604 0.00213091 0.00479771 -0.000196201 -0.000745342 0.00237805 0.00578761 0.000229974 0.000423115 -0.000990116 0.000115928 0.000917293 0.00278365 0.000888297 0.00317368 0.000819327 0.00351667 0.000492266 -0.000272001 0.00211021 0.0012549 0.00408173 0.00456604 0.008 0.000905172 0.00656061
internal_weight=18120 8649 9471 9125 1389 824 261 7736 3380 245 112 4356 4005 3135 3389 398 207 563 189 1665 179 1486 374 616 458 207 158 92 115 197
internal_count=18120 8649 9471 9125 1389 824 261 7736 3380 245 112 4356 4005 3135 3389 398 207 563 189 1665 179 1486 374 616 458 207 158 92 115 197
is_linear=0
shrinkage=0.03


Tree=82
num_leaves=31
num_cat=0
split_feature=0 7 5 3 0 3 2 7 0 3 3 7 9 5 7 12 7 5 8 7 8 5 8 12 8 8 7 2 12 5
split_gain=3.04438 2.0609 2.35081 2.06857 1.98307 2.40861 2.44708 3.09209 2.23002 2.54873 4.45024 1.68559 2.3913 2.33182 1.53897 1.36954 2.54187 2.32862 1.36366 2.4429 3.50444 2.28109 2.6794 4.11706 2.21013 1.90506 1.46878 1.2658 1.34472 1.25309
threshold=1.1195659993551164 0.30442955214122269 3.4175922930736511 110.57341255182855 21.534172661870507 3.5787330912022335 0.24996720351379251 0.56356504515786832 2.0939925539313684 22.064200178053415 22.880843806796744 0.67596464099220099 0.67190180330035709 8.0802369848886979 0.65560723637060614 0.57135230075797783 0.41318094537965938 8.0294327875302809 0.21564484562714287 0.84979219657299832 0.56805360867485022 9.7866446962163867 0.41962054529223752 0.44520981214680216 0.22780029694711032 0.45021394174070833 0.4345781203557772 0.24124179669979631 0.60615204222992869 10.166351673572624
decision_type=8 2 2 8 10 10 10 2 10 10 10 2 8 2 2 2 2 2 8 2 8 2 10 2 10 10 2 10 2 2
left_child=-1 2 -2 4 8 -6 -7 -8 9 18 -11 12 13 -12 -14 -10 -17 -18 29 21 -21 24 -23 -24 -20 -25 -26 28 -15 -3
right_child=1 3 -4 -5 5 6 7 -9 15 10 11 -13 14 27 -16 16 17 -19 19 20 -22 22 23 25 26 -27 -28 -29 -30 -31
leaf_value=0.00024390069451160385 0.020816593839108458 -5.8315953083063202e-05 -0.00090047151830967525 -0.00067312961514734047 -0.0012868187294794811 0.0028011667182324374 0.0018899977769087477 -8.6671080679194537e-05 -0.00097372572117016465 0.002397789609741107 0.0049595463851250044 -4.6529213040832982e-05 -0.00032473797193631937 0.0018173435480717181 0.0008986620787099557 0.00096054209691392761 0.005119036680125348 -0.0003093755936190668 0.0014180788214101262 0.0058489758148207276 -0.0021393909825073378 8.4503044019783912e-05 0.0020387178404719423 0.00092450626813950101 0.0016906746883661318 -0.00028129936749528051 -0.00065473540018543095 0.0001455270079168354 4.9481722258423685e-05 -0.00035789690154070235
leaf_weight=2302 49 2370 1697 1627 74 71 52 168 1965 41 47 825 257 44 47 74 58 1251 236 56 50 1012 55 47 108 107 1107 108 40 2152
leaf_count=2302 49 2370 1697 1627 74 71 52 168 1965 41 47 825 257 44 47 74 58 1251 236 56 50 1012 55 47 108 107 1107 108 40 2152
internal_value=-0.000435463 -0.000584009 -0.00155581 -0.000463132 -0.000331322 0.00184426 0.00307192 0.00149321 -0.00039733 -0.000144318 0.0010234 0.000727538 0.0020239 0.0042625 0.000255737 -0.00105524 -0.000331648 -0.000638932 -0.000369813 0.000153292 0.00459813 -2.46921e-05 0.000930441 0.00401429 -0.000828513 0.00147097 -0.00134457 0.00276684 0.00550588 -0.000691135
internal_weight=18097 15795 1746 14049 12422 365 291 220 12057 8709 1409 1368 543 239 304 3348 1383 1309 7300 2778 106 2672 1221 209 1451 154 1215 192 84 4522
internal_count=18097 15795 1746 14049 12422 365 291 220 12057 8709 1409 1368 543 239 304 3348 1383 1309 7300 2778 106 2672 1221 209 1451 154 1215 192 84 4522
is_linear=0
shrinkage=0.03


Tree=83
num_leaves=31
num_cat=0
split_feature=6 5 3 6 3 4 7 7 6 0 7 12 9 6 0 12 7 12 12 9 1 5 7 3 5 3 3 5 12 7
split_gain=3.02735 1.5813 1.2576 2.47782 1.79905 2.99392 3.83064 1.79142 2.31793 1.55332 1.82726 1.39078 1.32151 1.30315 1.28602 1.90739 1.15307 2.15901 1.43856 1.1521 1.13664 1.04148 1.01673 1.18022 2.03707 1.59175 1.53507 1.49347 1.85041 1.21476
threshold=0.15228987157229759 5.0434043048315838 2.3374069183000317 0.27816480997725096 2.5414461035512503 0.72427136878702092 0.4345781203557772 0.84979219657299832 0.40557866578172869 21.534172661870507 0.86491290113307462 0.38480357719275898 1.9489238613711175 0.47954549024946408 2.2279025452565677 0.60731713820532673 0.50245940797608235 0.62156833329163497 0.60731713820532673 0.19647424632893537 3.3996738565790916 7.0983752970839431 0.82764301768011317 1.5018330556330082 6.6560834372730202 1.3691349217661499 119.87480644909078 11.406692333481983 0.52560164968293266 0.74449656142949794
decision_type=2 2 10 2 10 10 2 2 2 8 2 2 10 2 10 2 2 2 2 10 2 2 2 8 2 10 10 2 2 2
left_child=1 -1 7 4 5 6 -4 14 -9 12 20 -6 13 -5 15 -2 17 -13 -18 -20 -11 -22 23 25 -25 27 -26 29 -29 -3
right_child=2 22 3 9 11 -7 -8 8 -10 10 -12 16 -14 -15 -16 -17 18 -19 19 -21 21 -23 -24 24 26 -27 -28 28 -30 -31
leaf_value=0.0065951503078136705 -0.00043537534174866436 -9.3899673102911221e-05 0.0030285596657973505 -0.00031898120211700464 0.001770868704108849 7.946838701056345e-06 0.00014809363965231242 -0.00096210519156813992 0.0065855609610815241 4.1656071161774575e-05 -0.0011774547115659621 -0.00074755524401182594 -0.0018030141639306116 -0.0028777946236798226 -0.0013511076289162683 0.00070641587712377558 0.0001413999410691778 0.007350548789232806 -0.00058420183536482995 -6.1215649345515254e-05 -0.0010324284418977044 0.00072670320234565541 -0.00070211371061804225 0.0051032248421482955 0.00016757034940351038 -0.00048691032108634969 -0.0011722229054780095 0.0007567326953570021 -0.0011501810395640919 0.00024555890351075395
leaf_weight=49 4032 2231 47 1978 54 179 66 66 52 900 207 393 955 344 695 89 1608 41 229 496 45 74 161 40 2094 519 134 59 45 203
leaf_count=49 4032 2231 47 1978 54 179 66 66 52 900 207 393 955 344 695 89 1608 41 229 496 45 74 161 40 2094 519 134 59 45 203
internal_value=-0.00043542 0.000149024 -0.000693173 -0.00045136 0.000199421 0.00243686 0.00623684 -0.00106626 0.00257143 -0.0009012 9.77924e-06 -3.29561e-05 -0.00124192 -0.00085493 -0.00115591 -0.000954149 -0.000126807 -0.00154483 0.000137531 -0.000971075 0.000532352 0.003275 0.000100601 0.000171798 0.000690171 -0.000212885 0.000567967 9.68878e-05 0.0036 -5.42102e-05
internal_weight=18085 5535 12550 7616 3113 292 113 4934 118 4503 1226 2821 3277 2322 4816 4121 2767 434 2333 725 1019 119 5486 5325 2268 3057 2228 2538 104 2434
internal_count=18085 5535 12550 7616 3113 292 113 4934 118 4503 1226 2821 3277 2322 4816 4121 2767 434 2333 725 1019 119 5486 5325 2268 3057 2228 2538 104 2434
is_linear=0
shrinkage=0.03


Tree=84
num_leaves=31
num_cat=0
split_feature=0 7 5 6 3 5 5 12 9 12 1 0 6 5 7 8 7 12 5 9 6 7 5 1 7 3 9 1 5 7
split_gain=3.0039 2.31222 2.06623 1.48985 1.98641 1.77271 4.29751 2.76314 1.69936 1.66488 1.38235 1.24401 1.83859 2.0569 1.79042 1.62304 1.51212 1.21836 1.48947 1.2033 1.21747 1.57244 1.57858 1.25536 1.33798 1.21983 1.84678 1.15496 1.54314 1.60887
threshold=1.1195659993551164 0.2719607729708497 4.2903656061101136 0.2712016722872051 1.5109412824409787 11.471655444261616 11.812615079417837 0.53522948847951379 3.0059105443731213 0.66493620683204269 1.0000000180025095e-35 21.534172661870507 0.40557866578172869 8.1749844932907632 0.76768097067654995 0.40560317244702321 0.91853667651912396 0.39654670120448038 9.164872182560039 1.6241327752336405 0.16577961532326582 0.61653866360386422 9.9819983178875535 1.5050935018396436 0.70132905420285241 1.2525571249815857 0.17279271563885848 -0.08079751226001175 10.325465568884132 0.44995289694985269
decision_type=8 2 2 2 10 2 2 2 10 2 2 10 2 2 2 8 2 2 2 8 2 2 2 2 2 8 10 2 2 2
left_child=-1 2 -2 4 5 19 7 -7 10 17 -5 16 14 15 -13 -14 -12 18 -6 20 21 22 -3 25 -25 26 -23 28 -19 -30
right_child=1 3 -4 8 9 6 -8 -9 -10 -11 11 12 13 -15 -16 -17 -18 27 -20 -21 -22 23 -24 24 -26 -27 -28 -29 29 -31
leaf_value=0.00023132840921608083 0.016841014044987467 3.8943190196674406e-05 -0.0010049368099876933 -0.0011246192911039134 -0.00010751846903420707 0.00085329511066521008 -0.00043453697784032945 0.00038249739831949976 -0.0010240560785978465 -0.00056358841036806609 -0.00038680311228070992 0.00023614108754242328 0.0016074915045923646 -0.00084871037755814623 0.001459007525169542 -0.00013788439074003948 0.0057927623511166313 0.00051065984724672114 0.0018994466972125084 0.0015268289908791635 -0.00077927250061218779 0.00081203534265521238 -0.00094996191906557357 0.00063937992293262055 -1.516575662600149e-05 -0.00026317504710859848 -0.00020281272908959373 -1.8689332120103985e-05 0.0011182790857446404 -0.00048116853475101286
leaf_weight=2317 63 247 1426 426 56 40 76 45 825 199 4131 82 64 257 57 75 40 802 45 50 1044 58 534 80 58 335 113 4195 49 277
leaf_count=2317 63 247 1426 426 56 40 76 45 825 199 4131 82 64 257 57 75 40 802 45 50 1044 58 534 80 58 335 113 4195 49 277
internal_value=-0.000396193 -0.000544572 -0.00166913 -0.000427039 -0.00016727 -0.00083924 0.0022037 0.00680232 -0.000789024 0.000153093 -0.000585623 -0.000437222 0.000923507 -0.000120908 0.00387857 0.00280714 -0.000611937 0.000252165 0.0035 -0.00103452 -0.00112834 -0.000557504 -0.00146164 0.000539534 0.00306475 -0.000153847 0.00190116 0.000189894 0.00104163 -0.000697248
internal_weight=18066 15749 1489 14260 8303 2680 161 85 5957 5623 5132 4706 535 396 139 139 4171 5424 101 2519 2469 1425 781 644 138 506 171 5323 1128 326
internal_count=18066 15749 1489 14260 8303 2680 161 85 5957 5623 5132 4706 535 396 139 139 4171 5424 101 2519 2469 1425 781 644 138 506 171 5323 1128 326
is_linear=0
shrinkage=0.03


Tree=85
num_leaves=31
num_cat=0
split_feature=0 6 3 7 2 6 12 7 3 5 12 5 5 12 0 5 7 5 3 5 6 7 3 5 7 5 7 5 2 11
split_gain=2.30433 2.22218 2.03656 1.53163 2.08195 1.69257 1.69847 2.34068 1.73384 1.56186 1.49855 1.45282 3.10745 1.33814 1.10955 1.16673 1.11755 2.21009 2.11136 2.08107 1.60053 2.04952 1.41527 1.69192 2.29001 1.13627 1.82869 1.70193 1.58103 1.94857
threshold=1.3033189771732629 0.514312017684461 1.4706703175682858 0.2719607729708497 0.56897865902212619 0.23749900709002428 0.4754179241400382 0.75309812611863436 1.6115950649712067 7.0071479203944476 0.43027477600231462 9.4974347710782663 7.8077133355713011 0.67203978865988201 1.0170318206981055 11.471655444261616 0.66203614230920038 10.000273914716315 4.7208558257064963 9.8367866948767801 0.61572665746085875 0.66667912157988096 1.3408478970078834 9.9624637531927345 0.47567548873174131 10.098293353913622 0.810281753857795 10.598420636718563 0.09823784563902066 8.5000000000000018
decision_type=10 2 10 2 10 2 2 2 10 2 2 2 2 2 8 2 2 2 8 2 2 2 10 2 2 2 2 2 10 2
left_child=14 2 -2 -4 5 10 7 8 -7 -8 -5 12 -10 -12 -1 16 17 19 -19 -16 21 -18 23 24 -21 -23 27 28 -27 -30
right_child=1 -3 3 4 -6 6 9 -9 11 -11 13 -13 -14 -15 15 -17 20 18 -20 22 -22 25 -24 -25 -26 26 -28 -29 29 -31
leaf_value=0.00032171029756642447 -0.00064629831463099174 -0.002452934341178424 -0.00093557559415912035 0.0010813498450037132 0.0023956477346661603 0.0010276072753424091 0.0014325124974201048 -0.0013436114419767848 -0.0010823790409856641 -0.00041312405176142713 4.0724897617328297e-05 -0.00019003565081187368 0.0017889021340015141 -0.00078067623059475618 -0.00012429828058246916 0.00032819987955294029 0.00042305073590336538 -0.00071865667844491291 0.00099176781924821241 0.0015553095317904289 0.0053833484631632626 -0.00015016302540992593 -9.2021717945517346e-05 -0.00011689692679113262 0.00027967994085064334 -6.6456340660455928e-05 -0.0013152465601196863 -0.00014047576362884892 0.00066756037152799835 0.00088410691044043621
leaf_weight=1015 1479 707 645 40 68 53 48 151 73 4512 3330 352 177 123 1803 85 58 1227 75 71 79 1311 115 59 41 43 69 124 98 51
leaf_count=1015 1479 707 645 40 68 53 48 151 73 4512 3330 352 177 123 1803 85 58 1227 75 71 79 1311 115 59 41 43 69 124 98 51
internal_value=-0.000439972 -0.000688325 -0.000583877 -0.000423692 -0.000321573 -0.000361965 -0.000696479 0.00057249 0.00134908 -0.000920851 0.000151974 0.000885571 0.00262948 8.42494e-05 2.18175e-05 -0.000151978 -0.000208996 -0.000531546 -0.00150115 7.3205e-05 0.000387676 0.00019829 0.00244599 0.0041686 0.00631858 7.07059e-06 0.00143782 0.00240378 0.0041658 0.00562
internal_weight=18082 11758 11051 9572 8927 8859 5366 806 655 4560 3493 602 250 3453 6324 5309 5224 3391 1302 2089 1833 1754 286 171 112 1696 385 316 192 149
internal_count=18082 11758 11051 9572 8927 8859 5366 806 655 4560 3493 602 250 3453 6324 5309 5224 3391 1302 2089 1833 1754 286 171 112 1696 385 316 192 149
is_linear=0
shrinkage=0.03


Tree=86
num_leaves=31
num_cat=0
split_feature=13 12 9 7 3 7 7 0 4 3 3 4 7 13 0 7 8 13 13 7 9 12 7 3 9 13 8 0 7 0
split_gain=2.51257 1.58335 1.97184 1.31983 1.58446 1.69071 1.72222 1.42364 1.27932 1.27678 2.87986 3.14607 3.93654 1.41882 2.15291 2.04998 1.66912 1.54417 3.5758 1.50106 1.27792 1.27207 2.11897 1.38809 1.22179 1.1164 1.1039 1.09335 1.19052 1.12493
threshold=0.16712390628824461 0.40980802514412601 -0.024439895774563136 0.82764301768011317 9.3388539229413485 0.61653866360386422 0.62549956056294265 0.87269691660067661 1.0060063452192576 2.3374069183000317 2.6099634676957089 0.55500341344650017 0.437281496896681 0.25567780403746815 21.534172661870507 0.86491290113307462 0.84450512891559149 0.40557866578172869 0.34183316892112098 0.59914817166921075 1.032935798261339 0.51462950016231035 0.37516949025176755 74.251581550950903 0.03969524923587614 0.091899747897072018 -0.085868421738635334 3.0819105691056916 0.73152036169391232 1.8546900031711926
decision_type=2 2 10 2 8 2 2 10 10 10 10 10 2 2 8 2 8 2 2 2 8 2 2 8 10 2 8 10 2 8
left_child=1 2 -1 4 5 8 -7 -6 -3 27 11 12 -11 16 -15 17 19 18 -16 -12 -18 -9 -23 25 -21 -24 -25 28 -2 -30
right_child=9 3 -4 -5 7 6 -8 21 -10 10 13 -13 -14 14 15 -17 20 -19 -20 24 -22 22 23 26 -26 -27 -28 -29 29 -31
leaf_value=0.0034181599884312856 -0.00049076130471747102 -0.00043730383265009449 0.00065309516323523004 -0.00078828156739704314 0.0073999102687941753 0.0011008612996630497 5.2553944347738357e-05 -0.00040292165494972481 -1.5906452039080975e-06 0.0034481744494332472 -0.00033370628258582976 9.3216335417563404e-05 0.00012484221313805555 -0.00083269087434117159 -6.4430294433635924e-05 -0.0010282524360385606 0.00069469194196319483 -7.1240141994838172e-05 0.0008337457185798459 -0.00036501797784204939 0.0022675667369990615 0.0018359576882588406 0.0013189453861358327 0.0015189107083752233 0.00020241878701476765 0.00026289493782665011 -0.001218183070282302 -0.0015340156055416152 -0.00045106186461659354 0.0015161168465076503
leaf_weight=40 3453 1454 419 190 64 81 1814 279 1272 68 561 495 95 3445 157 206 56 699 176 255 45 40 156 40 1086 392 126 359 376 189
leaf_count=40 3453 1454 419 190 64 81 1814 279 1272 68 561 495 95 3445 157 206 56 699 176 255 45 40 156 40 1086 392 126 359 376 189
internal_value=-0.000407652 7.20784e-05 0.00176739 -5.99093e-05 2.20311e-05 -0.000221333 0.000466771 0.00104645 -0.000699671 -0.000668231 -0.000426413 0.00146586 0.00506707 -0.000612832 -0.000898592 0.000174333 5.53885e-05 0.000720232 0.0023982 -0.000145035 0.00379412 0.000774661 0.00141457 0.00103217 0.000400148 0.00175956 -0.00136527 -0.00107378 -0.000931576 0.000344522
internal_weight=18088 6367 459 5908 5718 4621 1895 1097 2726 11721 7344 658 163 6686 4683 1238 2003 1032 333 1902 101 1033 754 714 1341 548 166 4377 4018 565
internal_count=18088 6367 459 5908 5718 4621 1895 1097 2726 11721 7344 658 163 6686 4683 1238 2003 1032 333 1902 101 1033 754 714 1341 548 166 4377 4018 565
is_linear=0
shrinkage=0.03


Tree=87
num_leaves=31
num_cat=0
split_feature=0 7 6 2 7 7 7 3 8 0 4 6 3 3 0 1 0 5 2 5 7 5 7 7 5 7 7 11 7 6
split_gain=2.84293 2.65072 2.11161 4.60969 1.88603 1.55092 2.4396 2.82741 1.27853 1.20728 2.1501 1.29112 2.48216 1.70068 3.57778 1.44603 1.16649 3.30799 1.27077 2.08909 1.4495 1.3458 1.35686 2.47433 1.19 1.1176 1.1126 1.29899 1.07367 1.68047
threshold=1.1195659993551164 0.2719607729708497 0.46336344992943262 0.56897865902212619 0.049912556982201831 0.87094742634905298 0.85648310395710425 46.13776123833815 0.19727562958303144 21.534172661870507 0.59291177483196 0.22175419133928556 1.5018330556330082 1.2664891992460572 1.778675897672809 2.7221204211998979 1.2947019266690434 11.471655444261616 0.20332230521120279 9.9227998623658618 0.61653866360386422 9.9819983178875535 0.71872538009675202 0.68498025681446018 9.2666734441995349 0.64585316263129267 0.76768097067654995 9.5000000000000018 0.52270910402564896 0.091899747897072018
decision_type=10 2 2 10 2 2 2 10 10 10 10 2 10 8 10 2 10 2 10 2 2 2 2 2 2 2 2 2 2 2
left_child=4 8 3 5 -1 6 9 -8 -2 11 -11 12 16 14 -13 28 17 18 20 24 -3 -22 23 -23 -20 -15 27 -12 29 -14
right_child=1 2 -4 -5 -6 -7 7 -9 -10 10 26 13 15 25 -16 -17 -18 -19 19 -21 21 22 -24 -25 -26 -27 -28 -29 -30 -31
leaf_value=0.018032758221981717 -0.00029217429863574024 -0.00072309209890380327 -0.0012380304454805069 0.0026422432254553951 9.9656619334454933e-05 -0.00091921968514616136 0.0029038065666785744 -5.3175437748031344e-05 -0.0016742363864289879 0.0016616694313456985 -0.00030768029501309274 -0.00034870158553097313 0.0014533636673120375 -0.00018807281687740555 0.0014549295651964888 0.00081936473840297868 -0.00045207660837228401 0.0004434716048229011 0.00029701474915438204 -0.0003426168182524909 -0.00029348246864152827 0.00017130195902397734 -3.2720673293353306e-05 0.0010400243468862772 0.00077690298341027747 -0.00075359938808242577 0.00064813987622058106 0.00025594117689091645 -2.0931807426523231e-05 0.00018000813550396501
leaf_weight=48 589 683 1070 69 3124 324 43 54 751 41 152 149 74 2895 50 247 930 54 40 54 313 106 83 49 40 2512 65 50 2647 733
leaf_count=48 589 683 1070 69 3124 324 43 54 751 41 152 149 74 2895 50 247 930 54 40 54 313 106 83 49 40 2512 65 50 2647 733
internal_value=-0.000410588 -0.000584545 -0.000458383 -0.000348452 0.000404664 -0.0003918 -0.000336677 0.00437755 -0.00185682 -0.000375251 0.00147573 -0.000424272 -0.000120417 -0.000752275 0.001965 0.000363857 -0.000882279 -0.000341533 -0.000631118 0.00213333 -0.000932794 0.000211956 0.00190795 0.00355769 0.00518518 -0.000852626 0.000481343 -0.00062069 0.00020492 0.00116213
internal_weight=18039 14867 13527 12457 3172 12388 12064 97 1340 11967 308 11659 6053 5606 199 3701 2352 1422 1368 134 1234 551 238 155 80 5407 267 202 3454 807
internal_count=18039 14867 13527 12457 3172 12388 12064 97 1340 11967 308 11659 6053 5606 199 3701 2352 1422 1368 134 1234 551 238 155 80 5407 267 202 3454 807
is_linear=0
shrinkage=0.03


Tree=88
num_leaves=31
num_cat=0
split_feature=6 5 12 3 12 3 6 8 7 3 11 7 8 6 5 5 2 12 8 6 6 8 3 4 7 5 7 3 7 6
split_gain=2.28233 2.07554 1.41998 1.56194 1.77304 1.49234 1.28844 1.26578 1.26183 1.25276 1.28235 1.24439 2.29583 3.00085 1.24079 2.40349 2.21871 2.20572 1.92072 1.24133 1.66985 1.18922 1.16689 1.19974 1.58534 1.37234 1.83444 1.28828 1.30985 1.18843
threshold=0.26387075255632558 4.6395599436855051 0.67203978865988201 9.3388539229413485 0.41708810094604393 115.6892197701542 0.0067074800305597657 0.04042538491270737 0.6836987642252973 1.0605256580959836 8.5000000000000018 0.69070993704895123 0.16452279848312001 0.15614643298000355 10.027142203153319 11.001191069727653 0.28450257096111192 0.52861531192314393 0.31916755576934158 0.15614643298000355 0.12000434695072838 0.41492149620211566 50.017422447993916 0.28957692218470782 0.78849540737505797 4.2903656061101136 0.89897156607438566 1.3328988498796657 0.24902628222498488 0.50162674682505914
decision_type=2 2 2 10 2 10 2 8 2 10 2 2 8 2 2 2 8 2 8 2 2 10 8 10 2 2 2 10 2 2
left_child=1 -1 3 4 7 -5 9 -3 14 -6 -11 12 13 -10 -8 16 21 -18 19 20 -17 -16 23 24 -2 27 29 -25 -29 -27
right_child=22 2 -4 5 6 -7 8 -9 11 10 -12 -13 -14 -15 15 18 17 -19 -20 -21 -22 -23 -24 25 -26 26 -28 28 -30 -31
leaf_value=0.0067631519005008816 0.00012573271330729722 0.0012235423964783259 -0.00075415357893595563 0.00028379231569479788 -0.00069614806220253669 -0.00025921373528704598 -7.8010977943416656e-05 0.00022315924977922932 0.00099930411619226513 1.6724050778910883e-05 0.0007932560540767627 -1.8436739869590674e-05 -0.00046729563296278153 -0.00025468304662884978 -0.00072124277319678587 -4.4142425895634045e-05 0.0010948095723271052 -0.0011378218314303332 0.00079211196960860214 -0.00031594235186741296 0.00042449687626563228 0.00066304473040722537 -0.00084062853275776613 0.0055086804156281128 0.0022097142514393869 -0.00031099345127761681 0.0051991950630508321 0.010206756948156388 -0.0043114514200235021 -0.0020499788350093404
leaf_weight=50 333 77 236 2018 89 581 2617 605 58 250 209 1650 60 41 2001 202 68 42 44 255 101 65 1791 40 40 3780 55 44 71 659
leaf_count=50 333 77 236 2018 89 581 2617 605 58 250 209 1650 60 41 2001 202 68 42 44 255 101 65 1791 40 40 3780 55 44 71 659
internal_value=-0.000417251 -0.000156096 -0.000183408 -0.000134041 -0.000332188 0.000508845 -0.000461242 0.00113324 -0.00056794 0.00093989 0.00157174 0.000117679 0.00264375 0.00543 -0.000797814 -0.0012393 -0.00170326 0.00243243 0.00043781 -4.29345e-05 0.00125329 -0.00192453 -0.000851043 -0.000616365 0.00101872 -0.000747743 -0.000843605 0.00201923 0.00038793 -0.000911487
internal_weight=18132 11319 11269 11033 8434 2599 7752 682 7204 548 459 1809 159 99 5395 2778 2176 110 602 558 303 2066 6813 5022 373 4649 4494 155 115 4439
internal_count=18132 11319 11269 11033 8434 2599 7752 682 7204 548 459 1809 159 99 5395 2778 2176 110 602 558 303 2066 6813 5022 373 4649 4494 155 115 4439
is_linear=0
shrinkage=0.03


Tree=89
num_leaves=31
num_cat=0
split_feature=3 1 8 12 7 5 8 7 3 5 4 8 6 7 12 3 12 12 1 1 6 3 5 8 12 7 5 5 8 3
split_gain=2.19958 1.94577 1.66237 2.30524 1.51725 1.52667 2.29654 2.57352 2.07355 1.50023 1.37398 1.34291 1.32444 1.65661 1.31249 1.19246 2.49146 1.10326 1.0737 1.07173 1.39853 1.52924 2.10876 1.30003 1.26911 1.63001 1.09699 1.08488 1.12356 0.997769
threshold=50.017422447993916 -2.1353635077793487 0.75990970749096498 0.52715930501342856 0.30442955214122269 10.07223827379681 0.41962054529223752 0.55578060082076008 2.3663689654504005 4.2903656061101136 1.0497253737861627 0.52258818031146437 0.35580180206347573 0.34206273980136731 0.60885163718642732 1.1811160425797136 0.39100629057196373 0.54882336603643977 0.77501978250090853 -0.14815997136921019 0.26056362780591963 22.064200178053415 9.5075147434021883 0.0070208588353442838 0.61532866137572928 0.7223069125121272 9.866356648812479 9.5596582796802938 0.25321485552366063 1.7858850969349576
decision_type=8 2 10 2 2 2 10 2 10 2 10 10 2 2 2 10 2 2 2 2 2 10 2 8 2 2 2 2 8 10
left_child=1 -1 -2 -4 9 11 8 10 -7 -3 -8 19 13 -10 -15 16 -11 18 -9 20 21 23 -23 -6 25 26 27 28 -25 -13
right_child=2 4 3 -5 5 6 7 17 12 15 -12 29 -14 14 -16 -17 -18 -19 -20 -21 -22 22 -24 24 -26 -27 -28 -29 -30 -31
leaf_value=0.0012446379075753326 -0.0005772076361044915 0.0082833430446214353 -0.00082312841405848673 0.0048875987895612826 -0.00023254486733716401 -0.00034978938701843876 0.00033607863615495864 -0.00065928178382192724 0.0024352839328998662 0.0011441982602835292 0.0016731134014831455 9.6301545903529658e-06 -0.0012821123537464436 0.00015313296696495903 -0.00028396893498046707 -0.00075409798430911351 -0.00026431049431853264 -0.00093230971523116605 0.00076417459854428451 1.7093712245968764e-05 -0.00071625751139505508 0.0020583067901447827 0.00026799427464174215 0.0011068208153222723 -0.00025495945021190077 0.0015768281922940168 0.0011890401598905092 -0.00028515323744531478 -0.00029428923729260249 -0.0018038447098863864
leaf_weight=64 2706 73 71 40 152 3053 40 48 42 63 46 315 247 1177 495 1361 528 67 77 6025 140 40 56 159 99 109 78 115 110 427
leaf_count=64 2706 73 71 40 152 3053 40 48 42 63 46 315 247 1177 495 1361 528 67 77 6025 140 40 56 159 99 109 78 115 110 427
internal_value=-0.000429927 -0.000287237 -0.00119979 0.00238393 -0.000309451 -0.000191417 -0.000584924 0.00206452 -0.000732204 -0.00107354 0.00634483 7.47501e-05 2.90513e-05 0.000325364 0.000175732 -0.00123195 -0.00010642 0.000124352 0.00178571 0.000202004 0.00108215 0.00150816 0.00507216 0.00108627 0.00165425 0.00219755 0.00141253 0.000748051 0.00178889 -0.00113863
internal_weight=18023 15206 2817 111 15142 13117 5292 278 5014 2025 86 7825 1961 1714 1672 1952 591 192 125 7083 1058 918 96 822 670 571 462 384 269 742
internal_count=18023 15206 2817 111 15142 13117 5292 278 5014 2025 86 7825 1961 1714 1672 1952 591 192 125 7083 1058 918 96 822 670 571 462 384 269 742
is_linear=0
shrinkage=0.03


Tree=90
num_leaves=31
num_cat=0
split_feature=6 0 6 2 12 7 5 5 7 3 3 2 7 0 4 3 6 4 0 2 3 3 3 5 5 5 7 12 3 0
split_gain=2.1367 1.31298 2.56386 1.57005 2.51714 1.04943 1.03475 1.01353 1.48967 1.44784 1.69122 3.0991 3.88105 2.06608 1.23042 1.13891 1.87244 1.35959 1.43337 1.12207 1.57056 1.81052 2.17721 2.08273 2.68273 1.73801 2.99056 1.65815 1.11367 1.87989
threshold=0.13817720002608527 21.534172661870507 0.50162674682505914 0.5127230041609725 0.39100629057196373 0.88187449488861602 5.0434043048315838 10.127550680111193 0.17357492744106029 2.3663689654504005 2.5414461035512503 0.25776105861758697 0.437281496896681 1.3996412767246877 0.30808332261209964 1.5018330556330082 0.23878754578110065 0.11698988253740621 2.6404522274926276 0.32242930240899453 69.818768982204489 41.29497917381557 3.2825134445769262 9.693537828149136 8.72037890005919 9.0822796954491185 0.67303860558477013 0.57638732920733704 1.280116775655183 1.6572316127247388
decision_type=2 8 2 10 2 2 2 2 2 8 8 10 2 10 8 10 2 10 10 10 10 10 10 2 2 2 2 2 8 10
left_child=6 2 3 5 -5 7 -1 8 -2 -9 11 12 -11 -12 -15 28 -17 18 -18 -19 21 22 -21 24 -23 -26 -27 -24 29 -10
right_child=1 -3 -4 4 -6 -7 -8 9 15 10 13 -13 -14 14 -16 16 17 19 -20 20 -22 23 27 -25 25 26 -28 -29 -30 -31
leaf_value=0.0059973296165166052 -0.0014765676249481826 5.312397810516974e-05 -0.0030167907107716079 0.0031562578532592844 -5.0722062307536029e-05 -0.0011823962495939285 1.7356929566147914e-05 -0.00060904745860407121 -0.00028544061947735405 0.0021636860984269712 0.0013043377741464887 -0.00092812085512594493 -8.2641464969974521e-05 0.00036624164752301817 -0.00055480667993847231 0.00014703979246423983 0.0013616857270827387 -0.00052431417154389726 -0.00031475405746529461 0.00045694639207131867 -0.0013924131321734919 -0.00048020233954076713 -0.001940532214196292 -0.0015689707167525046 0.0045555644708413371 0.0022022467965936276 -3.1091499385039144e-05 0.00035934883817179825 -0.00068867275786332568 0.0006754360730017036
leaf_weight=42 276 1628 579 40 94 174 4721 2135 451 47 131 81 44 195 1694 2008 67 1529 59 315 301 76 335 62 45 50 72 104 694 49
leaf_count=42 276 1628 579 40 94 174 4721 2135 451 47 131 81 44 195 1694 2008 67 1529 59 315 301 76 335 62 45 50 72 104 694 49
internal_value=-0.000433947 -0.00062875 -0.000739751 -0.000638333 0.00257778 -0.000677763 0.00011146 -0.000640422 -0.000403296 -0.000996073 -0.000454173 0.00239306 0.00616304 -0.000697675 -0.000950794 -0.000307334 -0.000109276 -0.000581897 0.00245669 -0.000715226 -8.81712e-05 0.00045566 -0.000333776 0.00240196 0.00365164 0.00576786 0.00385366 -0.00169773 -0.00113975 -5.9881e-05
internal_weight=18098 13335 11707 11128 134 10994 4763 10820 6493 4327 2192 172 91 2020 1889 6217 5023 3015 126 2889 1360 1059 754 305 243 167 122 439 1194 500
internal_count=18098 13335 11707 11128 134 10994 4763 10820 6493 4327 2192 172 91 2020 1889 6217 5023 3015 126 2889 1360 1059 754 305 243 167 122 439 1194 500
is_linear=0
shrinkage=0.03


Tree=91
num_leaves=31
num_cat=0
split_feature=0 7 9 6 6 7 7 0 4 7 9 0 0 4 0 9 9 9 8 8 8 0 0 8 3 7 0 7 7 6
split_gain=2.61651 1.76251 1.31008 2.87973 1.63564 1.21433 1.20453 1.81396 1.859 1.67879 1.46754 1.15244 1.1432 2.32305 2.88853 1.13115 1.72958 1.6019 1.25789 1.66631 0.995299 1.18209 0.910873 1.57314 1.76527 0.898577 1.3074 1.08875 3.27522 2.45505
threshold=1.1404105456001117 0.18128517151424914 0.23376254610460784 0.15980987042435937 0.46336344992943262 0.77200215277661466 0.61653866360386422 1.336572913609974 1.7310161677375036 0.52270910402564896 -0.024439895774563136 173.87500000000003 1.1940798325603292 0.67472174065883839 1.2661959981118265 0.23376254610460784 0.2531938692759072 -0.033899144003875878 0.0039311540785147946 0.077524869353869139 0.69403449223912961 1.2063325047513671 2.3680345399211169 0.19342845262140304 2.3663689654504005 0.55080867205657058 173.87500000000003 0.73867285663626636 0.7460998727262198 0.61572665746085875
decision_type=8 2 10 2 2 2 2 10 10 2 10 10 8 10 10 10 10 8 10 10 8 8 8 10 10 2 10 2 2 2
left_child=15 22 3 5 11 6 9 8 -8 12 -9 20 -3 -14 -15 17 -17 18 -1 -20 -4 -22 -2 24 -24 26 -5 -27 -29 -30
right_child=1 2 4 25 -6 -7 7 10 -10 -11 -12 -13 13 14 -16 16 -18 -19 19 -21 21 -23 23 -25 -26 27 -28 28 29 -31
leaf_value=-0.00013302111682313733 -0.001503356919537519 -0.00019106347343740373 -0.00025266332919145369 -2.2028184115349187e-05 -0.0015044954313512731 -0.00042069403327688428 0.00041505503180572299 0.0016966709565435641 0.0021633950489342098 -0.00016477416862179607 -0.00033914869970996553 0.0011181064903718187 0.0021970712672034313 0.0009652280883191551 -0.00014183392858414912 0.0022146691508992899 0.00026000356611662263 -0.00025535383621888086 0.0015116258397142024 0.0016630877443599493 0.0022229610197826702 6.6348384261778805e-05 -0.0023788721404127524 -0.0023155391851980827 0.0025676591963015114 -0.0004196781326581639 0.0013666348678445074 0.0015430844733807024 -0.00036136824889625087 0.0041015095215898379
leaf_weight=90 552 119 7580 1418 740 95 242 44 44 238 145 59 82 54 93 65 1626 764 43 71 43 608 54 143 63 1742 60 67 1041 97
leaf_count=90 552 119 7580 1418 740 95 242 44 44 238 145 59 82 54 93 65 1626 764 43 71 43 608 54 143 63 1742 60 67 1041 97
internal_value=-0.000416746 -0.000566585 -0.000490899 -0.000129524 -0.000714207 0.00120311 0.00149435 0.00261555 0.00411847 0.000582623 0.000331578 -0.000593415 0.00190831 0.00314348 0.000871621 0.000452255 0.000920212 -0.000365326 0.00199024 0.00406956 -0.000623543 0.000501533 -0.0019262 -0.000459771 0.00211017 -0.000477859 0.00012576 -0.00078053 -8.70654e-05 -0.000468833
internal_weight=18082 15423 14611 5581 9030 1156 1061 475 286 586 189 8290 348 229 147 2659 1691 968 204 114 8231 651 812 260 117 4425 1478 2947 1205 1138
internal_count=18082 15423 14611 5581 9030 1156 1061 475 286 586 189 8290 348 229 147 2659 1691 968 204 114 8231 651 812 260 117 4425 1478 2947 1205 1138
is_linear=0
shrinkage=0.03


Tree=92
num_leaves=31
num_cat=0
split_feature=6 0 0 3 12 1 0 3 4 11 12 6 3 8 9 8 3 0 9 3 5 8 12 3 5 12 6 9 5 5
split_gain=2.1177 1.92606 1.77347 1.8734 2.04407 1.89571 1.72244 1.93535 1.92895 1.67358 1.58984 1.47083 1.88655 1.37667 1.36188 1.40561 1.26545 1.21057 1.33888 1.2028 1.37446 1.41088 1.67651 2.81021 1.53317 1.85753 2.52015 1.20692 1.80888 1.14131
threshold=0.39299729017809254 12.088336722964014 2.7606102813802149 1.802937964204639 0.41379538939594601 1.3407882522955161 1.131862384812907 1.5018330556330082 0.43899157638030573 10.500000000000002 0.58489131352649659 0.23878754578110065 1.5563287000641282 1.5633802679801978 1.9489238613711175 -0.21323842981182906 32.944957210929516 3.8667012152667897 -0.47084466425182742 41.29497917381557 10.769095326501775 0.31034030842885013 0.61387144290377016 2.2403747703336259 10.343434598251649 0.57950403689868479 0.15614643298000355 0.23054666069762228 9.8749594659439541 9.9034625519111081
decision_type=2 10 10 8 2 2 8 10 10 2 2 2 10 8 8 10 10 10 10 10 2 8 2 10 2 2 2 10 2 2
left_child=1 6 3 4 -2 -6 -1 13 9 17 -3 -10 -13 -8 15 -14 -12 18 -9 20 21 22 23 24 25 26 -20 -25 -29 -28
right_child=2 10 -4 -5 5 -7 7 8 11 -11 16 12 14 -15 -16 -17 -18 -19 19 -21 -22 -23 -24 27 -26 -27 29 28 -30 -31
leaf_value=0.00016666293125734783 -0.00066294214827287577 0.0019760559578164993 -0.00098675619863048498 -0.0011607953381334046 0.00072474889667785371 0.0036047621118400477 -0.00037675126143616659 0.0022801950314496346 8.4792375000076311e-06 -0.00023196479267572487 0.00033331644975177343 0.00098083171569441664 0.00066377785226329992 0.001503593934589432 -0.00089623496942801712 -0.00034246231500823676 -5.7572083866914509e-05 -0.00099038186506403042 0.0020635202349712214 -0.00038562128049776369 -0.00025271336015476268 -0.00036850822363776844 -0.00013183021845154528 0.0017668451030886212 -0.00042451590244491121 -0.00039023163206974116 -0.00011207380328325679 0.0031246652319729261 0.00021308304690754572 0.00082885267951531927
leaf_weight=2522 132 58 1702 979 73 67 3298 50 4037 332 77 73 233 60 770 2526 108 87 41 123 138 133 88 54 79 47 56 66 44 50
leaf_count=2522 132 58 1702 979 73 67 3298 50 4037 332 77 73 233 60 770 2526 108 87 41 123 138 133 88 54 79 47 56 66 44 50
internal_value=-0.000365058 -0.000221768 -0.00109987 -0.000242013 0.00195604 0.00446808 -0.000265026 -0.000410545 -0.000181769 0.000846652 0.00242213 -0.000368718 -0.000809326 -0.00102531 -0.000908499 -0.00059674 0.00104839 0.00143046 0.00173505 0.00147065 0.00189711 0.00246737 0.0031654 0.00392466 0.00204744 0.00347692 0.00512838 0.00701818 0.00513513 0.00263551
internal_weight=18103 15150 2953 1251 272 140 14907 12385 9027 1388 243 7639 3602 3358 3529 2759 185 1056 969 919 796 658 525 437 273 194 147 164 110 106
internal_count=18103 15150 2953 1251 272 140 14907 12385 9027 1388 243 7639 3602 3358 3529 2759 185 1056 969 919 796 658 525 437 273 194 147 164 110 106
is_linear=0
shrinkage=0.03


Tree=93
num_leaves=31
num_cat=0
split_feature=6 9 7 6 7 7 2 8 7 6 9 12 4 9 4 6 7 12 11 1 1 2 8 2 4 2 12 1 4 4
split_gain=2.59585 1.3434 1.27032 1.26484 1.77261 1.67628 1.51417 2.04417 1.46919 2.83788 1.84584 1.28641 1.6894 1.95406 1.87986 1.11647 1.56129 1.27239 1.97546 1.15667 1.21077 1.0598 1.21065 2.54477 1.53187 1.04855 1.0342 1.23273 1.86784 1.98331
threshold=0.15081573335001511 -1.1748993185522261 0.82764301768011317 0.39299729017809254 0.87094742634905298 0.85648310395710425 0.5127230041609725 0.80015271443541403 0.82466409247930572 0.61572665746085875 1.3865608146300603 0.56902620181244401 1.2598820941055637 2.7644202707565282 0.5224659949253696 0.0067074800305597657 0.14821224037861405 0.37377096024127371 7.5000000000000009 -1.4983222012182311 1.0098120584519037 0.088727250944080197 0.43086896720702866 0.14207071540391383 1.5911107024645952 0.19684058703774135 0.41379538939594601 1.6121654484673353 0.85183628921037891 1.2862222344107637
decision_type=2 8 2 2 2 2 10 8 2 2 8 2 10 8 10 2 2 2 2 2 2 8 10 10 10 10 2 2 10 10
left_child=2 -2 15 4 5 6 11 -8 -5 10 -10 26 13 25 -15 19 -17 18 -18 -1 -21 -19 -23 -24 -25 -13 27 28 -3 -30
right_child=1 3 -4 8 -6 -7 7 -9 9 -11 -12 12 -14 14 -16 16 17 21 -20 20 -22 22 23 24 -26 -27 -28 -29 29 -31
leaf_value=0.0040504511858102553 0.0018115090026227625 -0.0010002510759071872 -0.00059843249783893401 -0.0010911723940892847 -0.00095691664333030172 0.002043219179543553 -0.0024916475336433032 0.0031216137669812728 0.0013174060141922547 0.0039566615572637319 -0.001289576220383072 -0.00035492367020630212 -0.00024342063115217525 0.0018672383248851041 0.00016107114342051921 -0.0009661730070335007 0.0016820706724892367 -0.00034600734089911949 -0.00010355673475474788 0.00018880030217156762 0.00092649309222451049 2.7959661507958712e-05 0.0011915312850907574 -0.00053282855149397316 0.0021720179063278891 0.00015842296709784001 -0.00031491378992420813 -0.00026625931028142688 0.0018312636704814543 0.00095739666498396438
leaf_weight=52 61 69 160 2524 323 58 53 61 64 64 270 211 1090 74 207 301 45 511 55 646 199 3239 45 105 47 1217 5922 201 45 98
leaf_count=52 61 69 160 2524 323 58 53 61 64 64 270 211 1090 74 207 301 45 511 55 646 199 3239 45 105 47 1217 5922 201 45 98
internal_value=-0.000347487 -0.000583209 0.000202552 -0.000604924 -0.000438942 -0.000362953 -0.00039507 0.00302609 -0.00115156 0.000541353 -0.000573135 -0.000438096 9.74993e-05 0.000685964 0.00296808 0.000283072 8.41566e-05 0.000239377 0.00356436 0.0012461 0.000975177 0.000154255 0.000343904 0.00262121 0.000745097 0.000235129 -0.000674717 0.000775362 0.0023662 0.0043125
internal_weight=18017 12612 5405 12551 9629 9306 9248 114 2922 398 334 9134 2799 1709 281 5245 4348 4047 100 897 845 3947 3436 197 152 1428 6335 413 212 143
internal_count=18017 12612 5405 12551 9629 9306 9248 114 2922 398 334 9134 2799 1709 281 5245 4348 4047 100 897 845 3947 3436 197 152 1428 6335 413 212 143
is_linear=0
shrinkage=0.03


Tree=94
num_leaves=31
num_cat=0
split_feature=13 5 9 5 5 2 8 5 7 5 0 5 7 8 7 0 5 5 13 7 2 12 8 2 0 8 1 13 0 9
split_gain=2.61088 1.39282 1.8604 1.86811 2.03151 1.91839 1.8478 1.79505 1.68473 1.36138 1.58042 1.25615 0.996899 1.49556 1.06685 1.18107 1.5494 0.985133 1.09455 2.52288 1.61555 1.67385 1.9031 1.24586 1.43007 1.44046 2.42089 1.364 1.40763 1.3272
threshold=0.15614643298000355 11.02778383160763 0.62712002741482775 11.812615079417837 11.578010707236436 0.19842466355899674 0.054094834137879085 11.214545858445112 0.58496244344608062 10.570585888656725 1.0309903331768113 10.534732732925947 0.82466409247930572 -0.27981799337958924 0.16056817893347705 1.1151223668124659 10.046440051606201 10.064628024258043 0.52235738463109549 0.88711113501944394 0.5127230041609725 0.39100629057196373 1.2778393686360048 0.40033897095900811 1.5006718506970369 -0.21323842981182906 2.3358184814814815 0.22620835638512207 17.33880840275263 1.3865608146300603
decision_type=2 2 10 2 2 10 10 2 2 2 10 2 2 10 2 8 2 2 2 2 10 2 8 8 8 10 2 2 10 10
left_child=1 9 3 4 5 6 -3 -8 -9 11 -11 12 13 -1 15 16 -15 18 20 -20 23 -22 -23 24 -2 26 -26 29 -29 -27
right_child=17 2 -4 -5 -6 -7 7 8 -10 10 -12 -13 -14 14 -16 -17 -18 -19 19 -21 21 22 -24 -25 25 27 -28 28 -30 -31
leaf_value=0.0029978694141972024 -0.00042584263098606364 -0.00071703193407476071 -0.0007591893427820939 -0.00033777222954969915 0.00078435160300323304 0.0015352846352012688 0.00051648357116052728 -0.00051919497881586078 0.00071396207096302078 0.00053280908592692364 -0.00044418667144552272 0.00039640207095536421 -0.00079400080640445439 -0.00080607304101090553 5.8152752564731596e-05 -0.0015027131535767246 0.00076034990301001735 -0.00036683721006097693 -0.0020214914044694534 0.004016194652125606 0.0022107286589293238 -0.00084723023949022824 0.0024845409965161443 -0.00088700920306392973 0.00057530629604195455 6.1506060228379064e-05 0.0030068976040099177 -0.00023826917987265008 0.00032641246478144835 0.00070785437090039585
leaf_weight=55 1551 74 63 47 46 42 49 65 41 77 634 54 171 79 3911 211 69 4414 875 40 46 104 53 734 266 734 40 3096 253 147
leaf_count=55 1551 74 63 47 46 42 49 65 41 77 634 54 171 79 3911 211 69 4414 875 40 46 104 53 734 266 734 40 3096 253 147
internal_value=-0.000404224 0.000127614 0.00177336 0.00259726 0.00342453 0.00241544 0.00131739 0.00317308 0.00095327 -6.27209e-06 -0.00122612 0.000184574 0.000129419 0.000218446 0.00015453 -0.00140833 0.000644295 -0.000649102 -0.000449245 -0.00142467 -0.000321994 0.00230882 0.000816455 -0.000400616 -0.000259692 9.2565e-06 0.00199348 -0.000134721 -0.000411045 0.000914965
internal_weight=18041 5688 427 364 317 271 229 155 106 5261 711 4550 4496 4325 4270 359 148 12353 7939 915 7024 203 157 6821 6087 4536 306 4230 3349 881
internal_count=18041 5688 427 364 317 271 229 155 106 5261 711 4550 4496 4325 4270 359 148 12353 7939 915 7024 203 157 6821 6087 4536 306 4230 3349 881
is_linear=0
shrinkage=0.03


Tree=95
num_leaves=31
num_cat=0
split_feature=0 7 3 6 9 0 3 0 3 6 7 0 6 3 5 9 1 7 6 5 7 0 7 0 5 5 9 1 7 9
split_gain=1.71645 2.21678 1.98884 2.08249 1.74739 3.08203 1.65195 1.33939 2.408 1.7121 1.36895 3.22596 1.82726 2.43239 4.9677 1.57285 1.41272 1.31945 1.27401 1.54625 1.25517 1.41385 1.55276 1.20203 1.18865 1.16441 2.7071 1.06482 1.68861 1.04977
threshold=1.2947019266690434 0.2719607729708497 1.4706703175682858 0.24932786478368921 1.0155149965220709 1.778675897672809 53.071921976162365 17.33880840275263 4.4473942541529494 0.50162674682505914 0.56956579898425186 1.9301157889069114 0.28608454653049492 1.9259818783548555 9.0503476589439078 -1.1748993185522261 0.84844889097157161 1.0000000180025095e-35 0.17692322689454357 5.0434043048315838 0.58496244344608062 173.87500000000003 0.65560723637060614 3427.5000000000005 8.7700508696984709 11.471655444261616 0.3236186940836579 0.80699146040930037 0.89285289676126001 3.4883731595594023
decision_type=10 2 10 2 10 10 10 10 10 2 2 10 2 10 2 10 2 2 2 2 2 10 2 10 2 2 10 2 2 10
left_child=17 -2 4 29 -3 -6 7 9 -9 10 11 12 16 -14 -15 -12 -5 -1 19 -19 -10 22 -22 -8 27 -21 -27 -20 -29 -4
right_child=1 2 3 6 5 -7 23 8 20 -11 15 -13 13 14 -16 -17 -18 18 24 25 21 -23 -24 -25 -26 26 -28 28 -30 -31
leaf_value=0.016806154853135961 -0.0010459791917493545 -0.00062876182427211815 2.3872163129569285e-05 0.00054993271156342097 -0.001421090987289059 0.0013186512849204511 -0.00086091060475286443 -0.00068659433179850621 0.0015904129198385259 -0.0025944348450792007 0.00055475931445040825 -0.00026018948481853268 0.0015726910323771389 0.0021278532993031615 -0.0002046278175030022 -0.00042933917599791621 -0.00089064396946867753 0.0047253894671340502 -0.0010386131493101652 1.5154014808646557e-05 -2.9003365999042678e-05 -0.00043299360195859512 0.0017427968384418264 0.00038664911678225919 -0.00091847593906307706 0.00068306995799265202 -0.00021108538159290551 9.7386085573269817e-05 0.0057046490486258074 0.00034865181806451718
leaf_weight=49 870 1342 3911 85 81 41 1202 93 49 335 41 896 52 40 124 2320 106 44 348 4625 43 80 61 43 507 50 55 469 50 70
leaf_count=49 870 1342 3911 85 81 41 1202 93 49 335 41 896 52 40 124 2320 106 44 348 4625 43 80 61 43 507 50 55 469 50 70
internal_value=-0.000398497 -0.000609541 -0.000494282 -0.00033637 -0.00152355 0.00190244 -0.000710825 -0.000433427 0.00141284 -0.000584251 -0.000396181 0.000384202 0.00259559 0.00447926 0.00265454 -0.000826842 0.000453124 6.29164e-06 -3.31768e-05 0.000198533 0.00303846 0.00188108 0.00417143 -0.00167336 -0.000837819 0.000145846 0.00325472 -0.000162443 0.000698076 0.000187593
internal_weight=18082 11885 11015 9551 1464 122 5570 4325 326 3999 3664 1303 407 216 164 2361 191 6197 6148 4774 233 184 104 1245 1374 4730 105 867 519 3981
internal_count=18082 11885 11015 9551 1464 122 5570 4325 326 3999 3664 1303 407 216 164 2361 191 6197 6148 4774 233 184 104 1245 1374 4730 105 867 519 3981
is_linear=0
shrinkage=0.03


Tree=96
num_leaves=31
num_cat=0
split_feature=6 7 5 7 5 12 8 5 3 0 0 5 7 12 5 0 12 2 9 8 8 5 7 2 5 3 8 9 2 0
split_gain=1.57808 2.06088 1.9575 2.06654 1.89788 1.91911 3.82052 1.88646 1.85703 2.72066 2.14982 2.20022 1.82267 1.48659 1.47799 1.4322 1.37326 2.4857 1.7031 1.38935 1.26674 1.48511 1.20194 1.16424 2.88933 3.11915 1.9011 1.50154 1.81774 1.09992
threshold=0.44959407959715231 0.87094742634905298 3.8606743063089755 0.16056817893347705 10.017686394612278 0.39100629057196373 0.30191361209298745 10.225099925593325 2.3663689654504005 1.3996412767246877 1.2624528830800215 10.929735199096633 0.89897156607438566 0.50196938840122907 10.598420636718563 1.1098751375562805 0.51905515258422652 0.75418834528913947 0.37985645621773667 0.010043131190643583 0.15863771952972797 10.38819504767293 0.19736350306681269 0.25776105861758697 7.6360282323874804 15.60829792519089 0.24119166977552745 2.5307953036009834 0.21209906009285176 1.4445282567049811
decision_type=2 2 2 2 2 2 10 2 8 8 10 2 2 2 2 10 2 10 8 8 10 2 2 8 2 10 10 10 10 8
left_child=1 2 -1 7 16 6 -6 -4 -7 10 20 14 -2 15 -12 -9 18 22 19 -5 21 -10 -18 27 25 -25 -27 -24 -29 -26
right_child=12 -3 3 4 5 8 -8 13 9 -11 11 -13 -14 -15 -16 -17 17 -19 -20 -21 -22 -23 23 24 29 26 -28 28 -30 -31
leaf_value=0.0091682066304251547 -0.00093210755846541784 -0.00089041882241452019 -0.0014030048993052646 -0.00035500298693695131 -0.00053008603948382 -0.00030302000604863906 0.0010961644820139016 0.00063266321590268169 0.0026750824994125318 -0.00016225869147434461 0.0011984438501791289 0.0014414547999535203 0.0045647174263590612 0.0022056254489085619 -0.00017918147068305285 -0.0012705610469918175 0.0012383698403203517 0.0029008566618038945 -0.00040456031006184761 0.00021166525222262976 -0.00029612811425742703 -7.0156146824856442e-05 0.0001468361488064815 -0.0018374687393464158 -0.00066469981059401936 0.0014579382278476771 0.026307012399944391 0.0019118110644060209 0.00020035627532306657 -9.8199346524795687e-05
leaf_weight=52 1877 451 587 272 72 3629 77 65 40 2231 100 48 60 40 55 104 42 41 1935 1907 165 68 2231 59 263 69 40 45 72 1447
leaf_count=52 1877 451 587 272 72 3629 77 65 40 2231 100 48 60 40 55 104 42 41 1935 1907 165 68 2231 59 263 69 40 45 72 1447
internal_value=-0.000362745 -0.00026598 -0.00020867 -0.000228081 -0.000148502 -0.000534228 0.00282 -0.00171644 -0.00061354 -1.88338e-05 0.00203774 0.00436765 -0.00117183 0.000728571 0.00259615 -0.000511765 0.000148504 0.000522737 -0.0002435 0.000331651 0.00029562 0.00280734 0.000451159 0.000400283 -0.000156467 0.0035858 0.00657273 0.000845465 0.00414407 -0.000526009
internal_weight=18144 16207 15756 15704 14908 6485 149 796 6336 2707 476 203 1937 209 155 169 8423 4309 4114 2179 273 108 4268 4226 1878 168 109 2348 117 1710
internal_count=18144 16207 15756 15704 14908 6485 149 796 6336 2707 476 203 1937 209 155 169 8423 4309 4114 2179 273 108 4268 4226 1878 168 109 2348 117 1710
is_linear=0
shrinkage=0.03


Tree=97
num_leaves=31
num_cat=0
split_feature=0 7 3 5 3 5 12 1 7 13 13 5 13 12 0 1 13 5 0 1 5 3 2 0 0 7 11 2 5 5
split_gain=2.60659 1.85078 1.51693 1.4513 1.39688 1.5578 1.57096 3.02847 1.47752 1.56042 1.608 1.4023 2.19244 1.36666 1.56091 1.76522 1.26209 1.20864 1.10229 1.04973 1.19591 1.02564 1.09551 1.43649 1.90519 1.4217 0.986834 2.11372 1.21573 2.91679
threshold=1.1045453457592826 0.17357492744106029 50.515213790626973 10.475934947460468 41.29497917381557 10.017686394612278 0.37867454858586441 1.6121654484673353 0.74786326612951293 0.514312017684461 0.45476530155320211 9.866356648812479 0.11464244054313789 0.48089203001640207 1.1486965180398092 1.9864158357014998 0.26755626694007001 4.6395599436855051 3427.5000000000005 2.7221204211998979 7.9731553740730181 1.2035571578138511 0.1684994363816662 1.9301157889069114 1.5006718506970369 0.59050645879917962 10.500000000000002 0.24047489126697119 10.42680976752168 10.214458781330704
decision_type=8 2 8 2 10 2 2 2 2 2 2 2 2 2 10 2 2 2 10 2 2 10 10 10 10 2 2 10 2 2
left_child=-1 3 4 17 5 11 7 -7 9 10 26 13 -13 14 15 -3 -4 -2 -18 -15 -21 -14 -23 24 -24 -26 28 -28 29 -6
right_child=1 2 16 -5 8 6 -8 -9 -10 -11 -12 12 21 19 -16 -17 18 -19 -20 20 -22 22 23 -25 25 -27 27 -29 -30 -31
leaf_value=0.00022019017358419654 0.015434682300831275 -0.00019949423871296401 -2.6756084609026636e-05 0.0017925250432798097 0.00057682864553324973 0.001063674602612348 -0.00022714545967169683 -0.00030106735565902233 -0.00020033685892322143 -0.0039837846741007368 0.002387834915492053 0.00090757921285208182 0.00056513994075313076 -1.5336014975844939e-05 -0.00069158801312877729 0.0016752320124026761 -0.00087732984098620238 -0.0014563778404799576 0.0002948606939083664 0.0017324696299806657 0.00025284365926928499 -0.00073129187827109888 -0.00013085356875463332 -0.00026067625637941547 0.00079101174046086612 0.00047552875238832197 -0.00034827693479778211 0.0015103739231384083 -0.00083649287920321326 0.0022026963348780893
leaf_weight=2100 52 177 814 49 369 46 5082 62 290 64 42 96 40 3685 1418 79 1594 689 44 46 382 112 127 227 64 58 49 44 125 48
leaf_count=2100 52 177 814 49 369 46 5082 62 290 64 42 96 40 3685 1418 79 1594 689 44 46 382 112 127 227 64 58 49 44 125 48
internal_value=-0.000350872 -0.000481503 -0.000407772 -0.00189633 -0.000276134 -0.000369425 -0.00075708 0.00280734 0.000781976 0.00149191 0.00191593 -6.03508e-05 0.00118345 -0.000216138 -0.000938508 0.00121401 -0.00109091 -0.00222776 -0.00157047 7.80255e-05 0.00148252 0.000534181 0.000213921 0.000842767 0.002412 0.00507317 0.00153302 0.00437234 0.00103867 0.00181579
internal_weight=18074 15974 15184 790 12732 11701 5190 108 1031 741 677 6511 724 5787 1674 256 2452 741 1638 4113 428 628 588 476 249 122 635 93 542 417
internal_count=18074 15974 15184 790 12732 11701 5190 108 1031 741 677 6511 724 5787 1674 256 2452 741 1638 4113 428 628 588 476 249 122 635 93 542 417
is_linear=0
shrinkage=0.03


Tree=98
num_leaves=31
num_cat=0
split_feature=6 0 6 5 7 8 2 0 7 12 8 2 12 0 0 12 7 5 8 5 8 4 12 8 6 4 1 2 12 7
split_gain=1.81817 1.52649 1.44456 2.51454 1.56768 1.43075 1.77157 2.01368 1.90648 1.53725 1.34659 1.26588 1.07377 1.55848 1.8439 1.6513 1.49176 1.101 2.06199 1.34626 1.09035 1.52491 1.02878 0.996491 1.01704 1.06191 1.52918 1.27444 1.2879 1.84061
threshold=0.3045360134814859 71.971380471380485 0.41000240783831382 7.9731553740730181 0.76768097067654995 1.1382564263421355 0.27039231885536502 1.4385036644918807 0.62549956056294265 0.40980802514412601 0.41962054529223752 0.021801086961219133 0.50262687009729123 2.4890156786620881 1.8209931569706135 0.33335832672793625 0.8437537603228471 10.245142755153182 0.30727019823382079 10.583308836345422 0.68294360979927771 1.6895868738103326 0.67203978865988201 -0.085868421738635334 1.0000000180025095e-35 0.6964861359452128 2.0555209741912037 0.19684058703774135 0.49108407698033629 0.4345781203557772
decision_type=2 10 2 2 2 8 8 8 2 2 8 10 2 10 8 2 2 2 10 2 10 8 2 10 2 10 2 10 2 2
left_child=5 12 4 10 -3 9 -7 -8 -9 -1 -4 -11 13 14 20 -16 17 -17 19 -19 -2 -22 23 -13 -25 26 27 -26 -29 -30
right_child=1 2 3 -5 -6 6 7 8 -10 11 -12 22 -14 -15 15 16 -18 18 -20 -21 21 -23 -24 24 25 -27 -28 28 29 -31
leaf_value=0.00051129657308287917 -0.00067848004626125402 2.8950037143883956e-05 0.0016166742231071487 -0.00091276718504569078 0.0014874989454991196 -0.00026567530878589588 -0.00022585092770951881 0.0049084187380238307 0.00091988919435784721 -0.00085621716972403674 0.00018011404047737006 0.00043775212391526446 -0.00087935035190301442 -0.0014189322573803164 -0.0050642468888399536 0.00022687313414520503 0.0050713875916108845 0.00049186321800171785 0.0013385751685502968 -0.0012729943061719159 0.003262940064312271 -0.0026243785634126543 -0.00064429634148398024 0.00041347035359492871 -0.00014311756794442693 -0.00016740404792601625 0.00075408002002859886 -0.00070529820576121127 0.0016264114668603641 4.9254727967782286e-05
leaf_weight=687 400 80 49 271 51 123 102 66 71 162 53 323 2860 594 114 549 42 58 46 53 46 57 225 522 1796 7184 149 110 183 955
leaf_count=687 400 80 49 271 51 123 102 66 71 162 53 323 2860 594 114 549 42 58 46 53 46 57 225 522 1796 7184 149 110 183 955
internal_value=-0.000415583 -0.000880729 0.000689108 -0.000264707 0.00338636 -0.000219923 0.00163636 0.0031375 0.0055 -0.000274702 0.00372815 -0.000356331 -0.00104502 -0.000503572 5.49041e-05 0.000896871 0.00140988 0.00107779 0.00328481 0.00104464 -0.00138691 0.00135577 -0.000318921 -0.000278536 -0.000327248 -0.000392273 6.29298e-05 -8.27593e-05 0.000653322 0.000953467
internal_weight=17981 5323 504 373 131 12658 362 239 137 12296 102 11609 4819 1959 1365 862 748 706 157 111 503 103 11447 11222 10899 10377 3193 3044 1248 1138
internal_count=17981 5323 504 373 131 12658 362 239 137 12296 102 11609 4819 1959 1365 862 748 706 157 111 503 103 11447 11222 10899 10377 3193 3044 1248 1138
is_linear=0
shrinkage=0.03


Tree=99
num_leaves=31
num_cat=0
split_feature=0 7 13 2 7 7 3 3 12 8 7 7 13 2 7 4 7 8 3 0 13 3 2 1 4 7 7 12 3 13
split_gain=1.81483 1.87322 1.65972 1.80355 1.58238 1.8916 1.84655 1.50159 1.52168 2.10976 3.257 1.73436 2.79922 4.08607 2.01102 2.09168 3.12445 1.64666 1.47425 3.10648 2.62924 1.35921 1.27402 1.24593 1.2758 1.46676 2.34843 1.15971 1.2097 1.09587
threshold=1.3033189771732629 0.2719607729708497 0.52235738463109549 0.56897865902212619 0.87094742634905298 0.85648310395710425 46.13776123833815 1.463180841018844 0.50196938840122907 0.18539455098141591 0.75309812611863436 0.66495322322620509 0.22050641946204677 0.36176667731197049 0.56804622626849643 0.93490684233297072 0.42105958054502207 0.27373275031512667 1.2600546996234054 1.6572316127247388 0.26387075255632558 2.3663689654504005 0.36438389396815329 5.7988409000321441 1.1900059086860073 0.33374108703201433 0.31114872383934139 0.49189513338032403 1.9707666576535705 0.14352677988237653
decision_type=10 2 2 10 2 2 10 10 2 8 2 2 2 10 2 10 2 8 8 10 2 10 10 2 10 2 2 2 10 2
left_child=-1 -2 3 4 5 7 -7 18 9 27 11 14 -13 -14 15 -11 -17 23 19 -3 -21 -18 -23 24 25 26 -10 -9 -29 -19
right_child=1 2 -4 -5 -6 6 -8 8 17 10 -12 12 13 -15 -16 16 21 29 -20 20 -22 22 -24 -25 -26 -27 -28 28 -30 -31
leaf_value=1.0468244397583394e-05 -0.0010772175607720227 -0.00053239105482475856 -0.0014711171101420277 0.0022307822189429833 -0.00097821449378177809 0.0028068482033893247 -9.6900888603873672e-07 -0.00034419690657842351 -0.00023244977667662527 -0.0010457672244719443 -0.00072896548292685826 0.0015999581665348068 0.00020347751228205023 0.0038806488186224298 -0.0010842894310565524 -0.00010654903611408735 0.0008738194789894544 0.00042747567031650648 -0.00061179794073677393 0.001528664448601827 7.5061999275230357e-05 0.0023383759832820957 0.0012012763845587228 0.0014861788659798016 -0.00018620954435158974 2.8771427208937283e-05 0.002604320017170079 0.0006544658115914373 -0.00013382613944641728 -0.00052208002533544573
leaf_weight=6271 872 252 574 68 354 45 58 557 48 102 178 48 199 59 196 112 71 40 984 41 46 41 49 58 2347 2254 41 61 107 1909
leaf_count=6271 872 252 574 68 354 45 58 557 48 102 178 48 199 59 196 112 71 40 984 41 46 41 49 58 2347 2254 41 61 107 1909
internal_value=-0.00037444 -0.000594037 -0.000486881 -0.000399478 -0.000431956 -0.00036137 0.00366346 -0.000404041 -0.000257255 0.000522178 0.00137784 0.0021287 0.00394788 0.00268726 0.0011486 0.00243351 0.00379927 -0.000464468 -0.00134366 0.000361764 0.00521591 0.00646296 0.0089011 -0.000162982 -0.000217438 0.00027773 0.00403333 -0.000723141 0.00145562 -0.00119846
internal_weight=18042 11771 10899 10325 10257 9903 103 9800 8477 1780 1055 877 306 258 571 375 273 6697 1323 339 87 161 90 4748 4690 2343 89 725 168 1949
internal_count=18042 11771 10899 10325 10257 9903 103 9800 8477 1780 1055 877 306 258 571 375 273 6697 1323 339 87 161 90 4748 4690 2343 89 725 168 1949
is_linear=0
shrinkage=0.03


Tree=100
num_leaves=31
num_cat=0
split_feature=6 5 8 3 3 5 12 12 5 8 8 9 6 0 9 5 0 12 5 12 8 5 8 2 5 9 12 5 12 12
split_gain=2.12228 1.49312 1.05867 0.973729 1.9277 1.83056 2.05298 1.29474 1.32318 1.20598 1.19931 3.80702 2.43658 2.38185 2.35108 1.98942 1.71309 1.19548 1.30082 3.4257 1.75341 2.04692 1.30147 1.15063 1.14344 1.52387 1.23146 2.36122 1.11028 1.30081
threshold=0.17831604714542773 4.6395599436855051 -0.21323842981182906 115.6892197701542 9.3388539229413485 9.9624637531927345 0.57547163827981052 0.4926792339946956 7.8077133355713011 -0.011929722815685927 0.072567925810023456 0.54453273730387719 0.087587965081088917 1.2512310106492519 0.15167863848855992 9.9034625519111081 1.2368741680505393 0.67203978865988201 9.9905822583368913 0.63878660986506441 0.13128007233620551 10.850132886235812 0.038554656659820226 0.19842466355899674 9.1788496835846747 0.46179289687101804 0.51669348469385146 8.72037890005919 0.59566310930236099 0.53199622061529206
decision_type=2 2 8 8 10 2 2 2 2 8 10 10 2 10 10 2 10 2 2 2 10 2 8 10 2 8 2 2 2 2
left_child=1 -1 -2 4 5 6 9 -6 -9 -3 11 12 -11 14 -14 24 -17 18 19 -10 22 28 23 -20 25 26 -12 -28 29 -22
right_child=2 3 -4 -5 7 -7 -8 8 17 10 15 -13 13 -15 -16 16 -18 -19 20 -21 21 -23 -24 -25 -26 -27 27 -29 -30 -31
leaf_value=0.0052272431337866574 0.0042387428564363335 -0.00078888102642084908 -0.00025627075056676061 -0.00057705615874759986 -0.00043247559066688534 -0.00012945712973056787 -0.00032625039524452617 0.02567572909794584 -0.00019755991887966887 -0.00018141003172096772 0.00073108999753791195 0.0017844283536789082 0.0013133387788656044 7.5865774337578303e-06 0.00031939532419213818 0.0015448062499767757 7.8599686575736365e-05 -0.00044971976870737494 -8.8165867934048681e-05 0.0028922188857912656 0.0014493662980997609 -0.00010717327415545536 -0.0003178837277993048 0.001617826273006076 -0.0001002896817740992 -0.00021974108829742468 -0.00036746933451288467 0.0015888225393131648 0.00053070960306124729 0.0020811045719912836
leaf_weight=46 55 190 11138 297 193 2691 466 46 305 203 300 57 49 100 51 48 43 74 49 41 41 55 89 79 928 360 45 70 40 48
leaf_count=46 55 190 11138 297 193 2691 466 46 305 203 300 57 49 100 51 48 43 74 49 41 41 55 89 79 928 360 45 70 40 48
internal_value=-0.00037702 3.25475e-05 -0.000633286 -3.44949e-06 7.15994e-05 -0.000150483 0.000371006 0.00124411 0.00173848 0.000719018 0.000912638 0.00227766 0.0012401 0.00358209 0.00683168 0.000561559 0.00485869 0.0014562 0.00181684 0.000466858 0.00297761 0.00512432 0.0011422 0.00306977 0.000329225 0.00117912 0.00241586 0.0050431 0.00717692 0.00903333
internal_weight=18197 7004 11193 6958 6661 5601 2910 1060 867 2444 2254 460 403 200 100 1794 91 821 747 346 401 184 217 128 1703 775 415 115 129 89
internal_count=18197 7004 11193 6958 6661 5601 2910 1060 867 2444 2254 460 403 200 100 1794 91 821 747 346 401 184 217 128 1703 775 415 115 129 89
is_linear=0
shrinkage=0.03


Tree=101
num_leaves=31
num_cat=0
split_feature=3 0 4 5 3 0 3 2 5 8 5 3 8 5 3 2 8 5 2 3 3 0 3 2 0 5 3 0 5 2
split_gain=2.05386 1.77556 1.00516 1.081 2.06292 3.90273 2.10262 2.93832 4.34295 1.48197 1.38355 2.16947 1.67862 1.64683 1.34409 1.97166 1.71972 2.28178 1.42307 1.42177 1.30819 1.00903 1.49664 2.02795 2.22212 1.69289 1.45086 1.37212 1.78957 1.26322
threshold=110.57341255182855 1.0170318206981055 2.4187315589620968 10.027142203153319 2.3663689654504005 1.4561721383797346 2.5414461035512503 0.25444923507561595 10.49379880230474 0.27194599461280655 10.598420636718563 41.29497917381557 0.13433754559663505 10.977038401263089 1.9707666576535705 0.297688398356105 0.30191361209298745 10.769095326501775 0.17732467779013669 1.447990432286381 1.6720838439763652 2.1918929940710461 1.5018330556330082 0.19684058703774135 1.5006718506970369 6.7929052800254102 2.1112676070353147 1.3033189771732629 9.1309724131520458 0.5127230041609725
decision_type=8 8 10 2 10 8 10 10 2 10 2 10 10 2 10 10 10 2 10 10 10 8 10 10 10 2 10 10 2 10
left_child=1 -1 3 9 14 10 7 8 -7 21 11 12 -6 -12 15 16 -5 18 -18 -19 -20 22 25 26 -25 -3 27 -24 -29 -23
right_child=-2 2 -4 4 5 6 -8 -9 -10 -11 13 -13 -14 -15 -16 -17 17 19 20 -21 -22 29 23 24 -26 -27 -28 28 -30 -31
leaf_value=0.00049686622315907195 -0.00050326949062873825 0.0031567410481063898 -0.00084614488974151599 -0.00034014883482740281 -0.00013254101187928907 -0.00053387041446065111 -0.00029379222304570877 -0.00027855528365153877 0.0025050479076022276 -0.00022416167816728495 -0.00024561270559317588 0.0023733181638516572 0.0012392050362755867 0.0012085242358246602 -0.0014363907761821859 0.0015266508538945881 -0.000669435430636961 0.0015035497673669945 0.0010196424479722592 -0.00083693180934359102 -0.00036938196427548596 -0.0001896145641845436 0.00097462633202190869 -0.00026784596090310069 0.00041959859930625136 -0.00010403277807506839 -7.9941997973814386e-05 0.00074298260451928131 7.5558085810621884e-05 0.0080497723339300557
leaf_weight=936 1798 41 670 2804 76 42 1840 85 41 2942 131 56 130 86 372 47 229 86 40 44 43 1670 146 857 1041 1365 142 41 210 61
leaf_count=936 1798 41 670 2804 76 42 1840 85 41 2942 131 56 130 86 372 47 229 86 40 44 43 1670 146 857 1041 1365 142 41 210 61
internal_value=-0.000368838 -0.000262489 -0.000339919 -0.000287955 -0.000590932 7.59639e-05 -0.000504729 0.00269822 0.00667857 -6.90391e-05 0.00250625 0.00396958 0.00252174 0.000729357 -0.00104337 -0.000849727 -0.000938713 0.000799096 -0.00059425 0.00412214 0.00275 0.000218475 0.000489333 0.000938884 0.000477092 -0.000289979 0.00256111 0.00348995 0.00213095 -0.000382795
internal_weight=18072 16274 15338 14668 6152 2487 2008 168 83 8516 479 262 206 217 3665 3293 3246 442 312 130 83 5574 3843 2437 1898 1406 539 397 251 1731
internal_count=18072 16274 15338 14668 6152 2487 2008 168 83 8516 479 262 206 217 3665 3293 3246 442 312 130 83 5574 3843 2437 1898 1406 539 397 251 1731
is_linear=0
shrinkage=0.03


Tree=102
num_leaves=31
num_cat=0
split_feature=0 7 5 3 5 7 0 1 12 12 12 7 0 5 12 1 7 1 0 5 7 7 3 3 4 7 7 12 12 7
split_gain=1.71193 1.81986 1.24031 1.14334 1.39098 1.94748 4.29663 2.09573 1.5433 1.42005 1.2125 1.8601 2.66385 1.08592 0.928018 2.69914 1.04709 0.813205 0.954257 0.902987 3.30107 1.59949 1.61953 0.936492 1.60755 1.13969 2.33943 0.870581 1.56746 1.09357
threshold=1.131862384812907 0.17357492744106029 10.475934947460468 69.818768982204489 10.017686394612278 0.68498025681446018 1.3449050914373994 1.4053850890985329 0.51389057532454963 0.40131793345828998 0.61262462944290752 0.53250011399373254 103.2916971916972 4.6395599436855051 0.39654670120448038 1.5379351976639712 0.28407475874408822 2.7221204211998979 1.1404105456001117 9.7866446962163867 0.30442955214122269 0.66359041088746584 15.132041929039275 13.993980037563484 0.64708509407456727 0.49455229992827959 0.54488373664765055 0.54496189765895442 0.49911976780686768 0.46079532936770218
decision_type=8 2 2 8 2 2 10 2 2 2 2 2 10 2 2 2 2 2 10 2 2 2 10 10 10 2 2 2 2 2
left_child=-1 2 13 4 9 14 7 -7 -9 -3 -5 -12 -13 -2 15 -6 -16 19 -19 23 -21 22 27 24 -11 -25 -27 28 -22 -29
right_child=1 3 -4 10 5 6 -8 8 -10 17 11 12 -14 -15 16 -17 -18 18 -20 20 21 -23 -24 25 -26 26 -28 29 -30 -31
leaf_value=0.00012341145350575948 0.016064803922895301 -0.0016351652572893349 0.0018323906403293437 -0.00073156354063392257 0.0010279428518932419 0.00015703118299798964 -0.00024719802935005295 0.00090822068280897359 0.00039729311127693234 0.00012348185623670805 0.0076589258206632461 -0.00018529256071699889 0.00083618478135911599 -0.0013870730521693541 -0.0011397113349676494 -0.00024906637916498044 -0.00029038613505595579 0.0025988166823562747 0.00030536027777376901 0.00076863157471746999 0.00053611143532443213 -0.00059950010528840971 -0.00064325229634073589 -0.00072364190448289843 -0.00027918320648361749 0.0020321840997883159 8.8330938044610754e-05 -0.0001231967396936397 -0.00024500392658916503 0.00091091950099052147
leaf_weight=2495 47 623 47 1656 42 227 1065 68 59 958 41 289 49 649 255 67 3696 43 722 59 175 303 143 126 2547 69 1107 53 180 136
leaf_count=2495 47 623 47 1656 42 227 1065 68 59 958 41 289 49 649 255 67 3696 43 722 59 175 303 143 126 2547 69 1107 53 180 136
internal_value=-0.000422738 -0.000540125 -0.0019879 -0.000467106 -0.000361444 -0.000722081 0.000234506 0.00309296 0.00616406 -8.86136e-05 -0.00112721 0.000402631 -0.000336284 -0.00230703 -0.00105639 0.00166364 -0.00113183 4.03194e-05 0.000959529 -7.99051e-05 0.000717142 0.000302724 0.0011032 -0.000253952 -0.000509128 0.000432847 0.000723874 0.00184954 0.0009691 0.00348947
internal_weight=17996 15501 743 14758 12723 5479 1419 354 127 7244 2035 379 338 696 4060 109 3951 6621 765 5856 1049 990 687 4807 3505 1302 1176 544 355 189
internal_count=17996 15501 743 14758 12723 5479 1419 354 127 7244 2035 379 338 696 4060 109 3951 6621 765 5856 1049 990 687 4807 3505 1302 1176 544 355 189
is_linear=0
shrinkage=0.03


Tree=103
num_leaves=31
num_cat=0
split_feature=3 12 7 0 7 6 3 5 3 7 5 5 7 0 6 2 3 7 7 3 1 2 3 3 6 5 7 1 7 1
split_gain=1.9744 1.39172 2.22903 1.38294 2.58727 1.45777 1.71794 3.81684 2.84401 2.58681 1.54679 1.2326 1.66047 1.4158 1.31987 1.22608 1.8636 1.30041 1.51375 1.21442 1.20025 1.48036 1.33915 1.31697 1.16589 1.81551 1.37881 1.33056 1.15538 1.05672
threshold=50.515213790626973 0.63359640634278158 0.63323540941734324 1.1195659993551164 0.2719607729708497 0.53129637843406929 22.064200178053415 8.0802369848886979 22.880843806796744 0.67777280223289049 10.07223827379681 9.795707435667687 0.63683621704655724 2.6059935994683836 0.24783677090267189 0.32242930240899453 3.2825134445769262 0.44664427415755786 0.68209444010397391 175.13519211441798 1.7258051650313799 0.21304812217071506 1.9259818783548555 2.2403747703336259 0.347814212607025 8.8700307599038375 0.74981696182354274 3.1952212243401763 0.41318094537965938 1.9394077520898645
decision_type=8 2 2 10 2 2 10 2 10 2 2 2 2 10 2 10 10 2 2 10 2 10 10 10 2 2 2 2 2 2
left_child=3 -2 -3 29 -5 6 10 9 -9 -8 11 13 20 14 -6 -16 17 -17 -19 -4 21 -13 -23 -24 25 -15 -27 -26 -10 -1
right_child=1 2 19 4 5 -7 7 8 28 -11 -12 12 -14 24 15 16 -18 18 -20 -21 -22 22 23 -25 27 26 -28 -29 -30 -31
leaf_value=7.6260691708724578e-05 -0.00052995418410431666 0.0089794029488670275 -0.0010554236909659706 -0.00089277574322167968 -2.7193451111875572e-05 -0.0024436704879818604 0.0029290890642908363 0.0014769530469850769 0.0011683191327478812 0.00047850440755311055 -0.00020521402060409851 0.00029268992401291989 -0.00024649105787250583 0.0032438927396115686 -0.00078585181578129219 0.0021320130432175978 -0.0021153287561850365 -0.00096815910422609727 0.0027423360417824648 0.00023249290560167942 -0.00019889786168008247 0.0010164143082612269 -4.0684908227567018e-05 0.00050271504591392689 -0.0002524386268175832 -8.6054681867267917e-05 0.00046832343394461601 0.00080397313690511933 6.4075518401786139e-06 0.00080487282935697989
leaf_weight=2387 2538 48 102 1106 2315 366 41 48 40 53 4112 278 421 80 727 43 133 97 48 53 170 72 44 107 317 157 40 59 1754 377
leaf_count=2387 2538 48 102 1106 2315 366 41 48 40 53 4112 278 421 80 727 43 133 97 48 53 170 72 44 107 317 157 40 59 1754 377
internal_value=-0.000364454 -0.00110613 0.00127941 -0.000232314 -0.00036535 -0.000232232 -0.000171014 0.000641197 0.000338578 0.00650526 -0.000341612 7.04567e-06 0.000900274 -0.000235998 -0.000484246 -0.00136702 0.000177018 0.00209524 0.000719177 -0.00048077 0.00182589 0.00256374 0.00437946 0.00274342 0.00104128 0.00251439 0.000954545 -4.77461e-05 0.000143732 0.000375406
internal_weight=18133 2741 203 15392 12628 11522 11156 1936 1842 94 9220 5108 1092 4016 3363 1048 321 188 145 155 671 501 223 151 653 277 197 376 1794 2764
internal_count=18133 2741 203 15392 12628 11522 11156 1936 1842 94 9220 5108 1092 4016 3363 1048 321 188 145 155 671 501 223 151 653 277 197 376 1794 2764
is_linear=0
shrinkage=0.03


Tree=104
num_leaves=31
num_cat=0
split_feature=9 2 12 13 0 8 2 3 13 3 3 13 4 0 5 12 0 8 13 13 8 5 9 13 5 0 5 9 3 9
split_gain=1.56967 1.46908 1.47674 1.11387 2.28727 2.07662 4.12002 1.30209 1.29237 1.55038 1.61791 1.69369 1.54569 1.35976 1.24191 1.19802 2.23196 2.28922 2.23427 1.36998 1.64442 1.15787 1.76243 2.42264 1.73951 1.25181 1.18709 1.16167 1.14373 1.11051
threshold=3.8289391041489771 0.26823905410410087 0.54959006182272196 0.41323951849651325 21.534172661870507 0.80015271443541403 0.5127230041609725 5.5077545200859399 0.15355955196131579 2.3663689654504005 2.5668365730716469 0.23749900709002428 0.70633017099777451 1.7437737896305012 8.8700307599038375 0.57293783579111845 21.534172661870507 0.41962054529223752 0.59507401800439574 0.45891654915643981 0.35961324495006847 11.001191069727653 0.23776644905010527 0.12000434695072838 10.570585888656725 1.0392139667070845 10.534732732925947 0.097760334590828238 24.698402535694019 0.40351956563362024
decision_type=10 10 2 2 10 8 8 10 2 10 10 2 10 10 2 2 8 8 2 2 10 2 10 2 2 10 2 10 8 10
left_child=3 2 -2 4 5 8 -7 -8 21 -10 12 -12 13 -11 -13 16 -5 18 19 -18 -21 24 23 27 26 -26 -1 -23 -19 -6
right_child=1 -3 -4 15 29 6 7 -9 9 10 11 14 -14 -15 -16 -17 17 28 -20 20 -22 22 -24 -25 25 -27 -28 -29 -30 -31
leaf_value=2.0984043074017071e-05 -0.0010078079019202495 -0.00080952319032915059 0.00063234423453776948 -0.0011835789643396336 0.00016784772486071658 0.0002665601840572177 0.0021989592779973416 0.0029114547965884605 -0.00034305252010183914 -0.00039388270655332634 6.9576672993220315e-05 5.2806625970001333e-05 5.8187078349494363e-05 0.0024448901369277169 -0.00055753917561045089 -0.0008572165030484067 0.0011134341425307732 0.0014634388084800115 0.0046164504859905284 -0.00090639256701461593 0.0013303013562049775 -0.00062727038614020301 -7.0258851124037452e-06 0.00061156753711015272 0.00067715780693454106 -0.00046543467957516012 0.00028640679767676617 0.00011952801886185985 -0.001611821372915047 0.0011158994678192534
leaf_weight=4208 74 630 86 1083 139 711 40 41 3999 41 1772 511 287 119 1918 396 40 226 48 129 58 42 263 73 76 584 50 65 203 60
leaf_count=4208 74 630 86 1083 139 711 40 41 3999 41 1772 511 287 119 1918 396 40 226 48 129 58 42 263 73 76 584 50 65 203 60
internal_value=-0.000324154 -0.00163085 0.000931676 -0.000263983 -0.000171801 -0.000214851 0.00127869 0.00764634 -0.00029938 -0.00052625 -0.000153582 -0.000336269 0.00156027 0.00391304 -0.000850618 -0.000896979 -0.000565437 0.000748935 0.00288043 0.00161842 0.000526595 6.65789e-05 0.00153378 0.00381215 -6.58678e-05 -0.00149773 0.000156374 0.000916666 -0.000620931 0.003015
internal_weight=17972 790 160 17182 14999 14800 792 81 14008 8647 4648 4201 447 160 2429 2183 1787 704 275 227 187 5361 443 180 4918 660 4258 107 429 199
internal_count=17972 790 160 17182 14999 14800 792 81 14008 8647 4648 4201 447 160 2429 2183 1787 704 275 227 187 5361 443 180 4918 660 4258 107 429 199
is_linear=0
shrinkage=0.03


Tree=105
num_leaves=31
num_cat=0
split_feature=6 7 7 7 7 12 8 12 12 5 3 12 5 3 7 1 8 7 5 0 5 5 6 1 1 3 8 5 5 6
split_gain=1.85546 1.74991 1.43897 1.96039 1.82854 1.61515 2.29682 1.54414 1.47961 1.27404 1.23438 1.34049 1.65142 1.99448 1.49945 2.26301 1.33039 3.28835 1.22973 1.30209 1.1121 2.09521 1.23258 1.09694 1.24626 3.55556 3.00968 0.927395 0.874161 1.08847
threshold=0.16474315939365528 0.2719607729708497 0.8437537603228471 0.61653866360386422 0.63323540941734324 0.41708810094604393 0.06165784811874233 0.53054384522506071 0.64217816277840012 11.471655444261616 1.5563287000641282 0.51059920285693294 7.2675251843400792 1.7165139433807073 0.58078445142284241 0.42665524367914637 0.43086896720702866 0.33374108703201433 10.558205706138827 1.2106128701046737 9.9819983178875535 9.8942702026682046 -0.01971713908741712 4.0282677535513853 -0.24304378681860825 2.5414461035512503 0.16452279848312001 4.6395599436855051 9.9819983178875535 0.41323951849651325
decision_type=2 2 2 2 2 2 8 2 2 2 8 2 2 10 2 2 8 2 2 10 2 2 2 2 2 10 10 2 2 2
left_child=2 27 3 5 7 6 -1 -5 23 10 16 -12 -13 14 15 -14 20 -18 19 -9 21 -7 -22 24 25 -6 -27 -2 -3 -30
right_child=1 28 -4 4 8 9 -8 18 -10 -11 11 12 13 -15 -16 -17 17 -19 -20 -21 22 -23 -24 -25 -26 26 -28 -29 29 -31
leaf_value=0.0016148820236227236 0.0039470183583037851 -9.1578426630750906e-05 -0.00088835894429157528 1.3180433503826678e-05 5.5203248070331251e-05 -0.00036125886893092964 0.00043728280810192895 0.00056834039136620309 -0.00044256002825492535 0.00035288699636925138 -0.000363737316741618 0.00777605860887401 0.0014319702263957297 -6.3067261564003283e-05 -0.00016199998117776248 0.00010121491688909835 -0.0014191916493151097 0.00071595557395876506 0.00060905571762413465 0.001166796994305018 0.00027597262268277197 0.00092445459826435885 -0.00060707703259713487 0.0012461054709201026 3.7407633946259741e-05 0.0016244569381082654 0.00044863484939862658 -0.00098180745590733783 -0.00023573322653865143 -0.0012664056738311139
leaf_weight=47 74 6567 157 91 285 615 284 40 165 50 303 40 54 632 63 68 65 40 51 41 46 79 1014 63 1832 62 69 961 3909 378
leaf_count=47 74 6567 157 91 285 615 284 40 165 50 303 40 54 632 63 68 65 40 51 41 46 79 1014 63 1832 62 69 961 3909 378
internal_value=-0.00038273 -0.000602776 3.54795e-05 0.000108688 0.000712222 -0.00037048 0.00161747 0.00330804 0.000477189 -0.000585343 -0.00066457 0.000103358 0.000709789 0.000414425 0.00314516 0.00507317 -0.00114355 0.00212264 0.00536842 0.00764634 -0.00134017 -0.000405756 -0.00195099 0.000673442 0.000562916 0.00204316 0.00611364 -0.00178089 -0.000490282 -0.000823462
internal_weight=18145 11889 6256 6099 2699 3400 331 223 2476 3069 3019 1160 857 817 185 122 1859 105 132 81 1754 694 1060 2311 2248 416 131 1035 10854 4287
internal_count=18145 11889 6256 6099 2699 3400 331 223 2476 3069 3019 1160 857 817 185 122 1859 105 132 81 1754 694 1060 2311 2248 416 131 1035 10854 4287
is_linear=0
shrinkage=0.03


Tree=106
num_leaves=31
num_cat=0
split_feature=6 0 7 9 5 7 0 2 0 0 12 7 6 2 2 12 7 5 6 7 4 0 0 0 7 6 5 5 2 12
split_gain=1.72185 2.07136 1.9298 1.66734 1.66228 2.00735 2.8626 1.63852 1.99758 1.61689 1.48224 2.28495 1.83179 2.55912 1.88987 1.28478 1.16959 1.77548 1.13213 2.64016 1.21813 1.67715 1.29578 1.68072 1.43134 1.3395 1.93448 2.28771 1.45619 1.26105
threshold=0.39299729017809254 12.088336722964014 0.87094742634905298 -0.85576102661335829 7.904150238058631 0.64894719196263617 1018.2000000000002 0.5127230041609725 1.4330657031426373 21.534172661870507 0.56902620181244401 0.89285289676126001 0.52235738463109549 0.34491141972650835 0.40822338709052741 0.43443355015762464 0.14821224037861405 10.524252194240935 0.16474315939365528 0.85648310395710425 1.4612869428990003 1.5329277938863222 4.1750824801058632 3.4372732607767822 0.63500258668621468 0.37332282233807274 8.8521642993524932 10.106489618940252 0.24047489126697119 0.47911303773019037
decision_type=2 10 2 8 2 2 10 10 8 8 2 2 2 10 10 2 2 2 2 2 8 8 10 8 2 2 2 2 10 2
left_child=1 2 3 -1 -3 -6 -7 16 15 -2 11 12 13 -11 -15 -9 17 -5 -18 20 21 -20 23 24 29 26 -25 -28 -29 -23
right_child=9 4 -4 7 5 6 -8 8 -10 10 -12 -13 -14 14 -16 -17 18 -19 19 -21 -22 22 -24 25 -26 -27 27 28 -30 -31
leaf_value=0.0020060200328638014 -0.0011910439073984647 -0.0011599228282594685 -0.00078183839651584151 -0.00082411872512076398 4.1243032943329147e-05 0.0022215787810028805 -0.00021084879732138857 0.001711066971568789 0.003457482100708207 -0.00087405720404959246 -0.00048314094003821005 0.0063579644606386286 -0.0010838195678384266 0.0018285053289332455 0.00024345240666771907 -0.0022698714833560138 1.4547460715090411e-05 0.0020327499948415042 -0.00039934934508974195 0.0017685453906395182 -0.00036165196030954819 0.00077346287707730373 -0.00067332401887955601 0.0021026259282112287 -0.00018721057584993525 -0.0012630141052668137 -0.00078918804954924125 0.00041400406285744591 0.0012855260106508055 0.00012944208545819443
leaf_weight=80 1812 42 348 589 102 68 40 48 54 98 433 43 478 77 49 52 5762 46 1495 51 2687 191 336 75 1350 45 86 45 46 1521
leaf_count=80 1812 42 348 589 102 68 40 48 54 98 433 43 478 77 49 52 5762 46 1495 51 2687 191 336 75 1350 45 86 45 46 1521
internal_value=-0.000355207 -0.000225396 -0.000271063 -0.000218201 0.0024664 0.0035545 0.00638532 -0.000242197 0.00282581 -0.00101304 -0.000147583 0.000663538 0.00024751 0.00248 0.00529134 0.000297029 -0.000275374 -0.00153302 -0.000216932 -0.00044949 -0.000493908 -0.000225391 0.000117694 0.000295535 8.61893e-05 0.00244631 0.00329644 0.00156742 0.00485869 0.000661996
internal_weight=18149 15159 14907 14559 252 210 108 14479 154 2990 1178 745 702 224 126 100 14325 635 13690 7928 7877 5190 3695 3359 3062 297 252 177 91 1712
internal_count=18149 15159 14907 14559 252 210 108 14479 154 2990 1178 745 702 224 126 100 14325 635 13690 7928 7877 5190 3695 3359 3062 297 252 177 91 1712
is_linear=0
shrinkage=0.03


Tree=107
num_leaves=31
num_cat=0
split_feature=6 3 3 8 6 0 3 6 0 2 8 0 5 3 9 5 5 4 5 5 9 12 6 3 12 4 8 12 5 12
split_gain=2.27308 1.58155 1.47713 1.95015 1.86671 1.45054 1.66279 1.64628 1.52538 2.19743 1.43562 1.22478 1.17418 1.58357 2.49424 1.28326 2.04687 1.55488 2.33433 1.17615 1.06761 1.74405 1.39373 1.02579 1.43272 1.17465 1.39736 3.49244 1.37492 1.72972
threshold=0.26595761782140764 46.538436000053302 2.3663689654504005 0.80015271443541403 0.16963762863712975 17.33880840275263 4.0645309789223125 0.514312017684461 512.18750000000011 0.24888347051935308 0.38213437206626683 3427.5000000000005 10.07223827379681 1.5109412824409787 0.41275848472686388 8.9095730576946011 9.3936198023288568 1.5559051745988637 9.666308460248727 9.8942702026682046 -0.18696064416492095 0.46641415484728876 0.34460433495124493 51.907025329674006 0.67203978865988201 0.60937546361051032 0.02454234846701563 0.6199668071295239 11.02778383160763 0.54496189765895442
decision_type=2 8 10 8 2 8 10 2 8 10 10 10 2 10 8 2 2 10 2 2 10 2 2 10 2 10 10 2 2 2
left_child=2 5 4 23 -1 7 -7 20 9 -8 -11 -3 13 -6 15 -15 -17 18 -18 -16 21 -2 -23 24 25 26 27 -4 -27 -30
right_child=1 11 3 -5 12 6 8 -9 -10 10 -12 -13 -14 14 19 16 17 -19 -20 -21 -22 22 -24 -25 -26 28 -28 -29 29 -31
leaf_value=3.6486832119868337e-06 0.0020439949948376115 -0.00074702985833854246 0.0028241104583747101 0.0016761288537317912 -0.00052204022305519637 -0.00053073063078057099 0.0024552332484096594 -0.0034746460306987474 0.00016056865826912715 -2.7203519153229273e-05 0.0014960858856488918 0.00029185115990142932 -0.00057584760372855889 -0.0010350125334862787 -0.00088570317498530928 0.0021734393000862984 -0.00036115937055496627 -0.00050566599112457161 0.00091204668808187459 0.0013834526995844128 -0.00029404552608964585 0.00046535277543041556 -0.0013479111433168196 -0.00021155290278617958 -0.00047136041469062579 1.2509099060175419e-05 0.00025571495333247458 -0.00035466237032967036 -0.0002153686213060104 0.00069804123076239405
leaf_weight=4738 46 1912 86 182 655 397 40 354 270 78 48 40 1106 67 283 76 58 56 70 49 3374 79 94 864 134 2147 557 51 71 150
leaf_count=4738 46 1912 86 182 655 397 40 354 270 78 48 40 1106 67 283 76 58 56 70 49 3374 79 94 864 134 2147 557 51 71 150
internal_value=-0.000321293 -0.000758355 -6.31531e-05 0.000380391 -0.000326024 -0.000464339 0.000672661 -0.000704408 0.00194966 0.00420359 0.00222047 -0.00147773 -0.00100372 -0.000396959 0.000640908 0.00249695 0.00344828 0.00171892 0.00353488 -0.00118919 -0.000511687 0.00151364 0.000120689 0.000243782 0.00049171 0.000624877 0.00170935 0.00441304 0.000306458 0.00255405
internal_weight=18132 6732 11400 4242 7158 4780 833 3947 436 166 126 1952 2420 1314 659 327 260 184 128 332 3593 219 173 4060 3196 3062 694 137 2368 221
internal_count=18132 6732 11400 4242 7158 4780 833 3947 436 166 126 1952 2420 1314 659 327 260 184 128 332 3593 219 173 4060 3196 3062 694 137 2368 221
is_linear=0
shrinkage=0.03


Tree=108
num_leaves=31
num_cat=0
split_feature=3 9 6 3 4 3 2 12 12 9 6 6 5 12 4 1 5 12 2 11 9 3 6 3 11 5 6 6 3 4
split_gain=1.92454 1.32465 1.28048 1.59974 1.477 1.48266 1.63204 1.16372 2.66662 1.75675 2.16396 1.22211 1.10552 1.21669 1.20797 1.01344 0.980847 1.44887 1.6212 1.50182 1.05572 2.13647 0.993977 1.07892 1.83911 1.49683 2.48751 1.40062 1.02154 1.36202
threshold=50.017422447993916 -0.85576102661335829 0.17181309278272663 2.3374069183000317 0.64708509407456727 2.6099634676957089 0.24670337214375432 0.57470833742427463 0.61697928956911186 1.415660116296116 0.32615916488837909 0.23036409911570302 10.127550680111193 0.54150672223543517 2.1018555294202925 1.4190349099374078 8.1225195452981414 0.36823337205143225 0.22653839352339369 6.5000000000000009 0.4796769958223876 34.230455520346538 0.514312017684461 40.417143838044616 5.5000000000000009 9.3406227412758369 0.31402851064979759 0.29628560272076238 2.4887580128611586 1.9208546444365102
decision_type=8 8 2 10 10 10 10 2 2 8 2 2 2 2 10 2 2 2 10 2 10 10 2 10 2 2 2 2 10 10
left_child=2 -2 -1 12 5 6 -5 -7 9 11 -11 -9 14 -14 15 -4 17 -6 -19 -20 21 -21 23 28 25 26 -25 -27 29 -18
right_child=1 -3 3 4 16 7 -8 8 -10 10 -12 -13 13 -15 -16 -17 22 18 19 20 -22 -23 -24 24 -26 27 -28 -29 -30 -31
leaf_value=1.4262013395019731e-05 0.005669676783193963 -0.00046502730661009264 -0.00030004190779579006 0.0022000088290243395 -0.0030715626216557216 -0.00050327002924827318 1.0231492597092539e-05 0.0010104278693444382 -0.00041614322238270936 0.00036448350366710165 0.0012355255386910474 -3.2095486217116445e-05 -0.0004392169104383106 -0.00086286594788730433 -0.0012063794141243978 0.00011442202107041237 0.00060102790421014509 -0.0018106845556670305 0.00072860536434359903 0.0049955212837657723 0.00016306392536929209 0.0018090980083597407 -0.0037986765723796129 -4.8954007884856355e-05 -0.0003118115450768194 0.0015436521358114632 0.0013645775393384999 -0.00074301722045058965 -0.00023916661773153462 -0.0010769495210037714
leaf_weight=6260 41 2751 1418 115 149 313 93 65 220 51 43 122 1065 490 282 907 197 80 217 52 41 57 166 42 258 65 60 73 2433 56
leaf_count=6260 41 2751 1418 115 149 313 93 65 220 51 43 122 1065 490 282 907 197 80 217 52 41 57 166 42 258 65 60 73 2433 56
internal_value=-0.000351758 -0.00107626 -0.000220259 -0.00044683 -8.33173e-05 0.000932551 0.0031866 0.000353374 0.001249 0.00318085 0.00650526 0.00148404 -0.000880616 -0.0015135 -0.000502685 -0.000277301 -0.000346593 0.000773869 0.00162723 0.00247011 0.00476821 0.0063 -0.000546106 -0.00042763 0.000853707 0.00273859 0.00547573 0.000690647 -0.000665427 0.00114567
internal_weight=18182 2792 15390 9130 4968 1022 208 814 501 281 94 187 4162 1555 2607 2325 3946 596 447 367 150 109 3350 3184 498 240 102 138 2686 253
internal_count=18182 2792 15390 9130 4968 1022 208 814 501 281 94 187 4162 1555 2607 2325 3946 596 447 367 150 109 3350 3184 498 240 102 138 2686 253
is_linear=0
shrinkage=0.03


Tree=109
num_leaves=31
num_cat=0
split_feature=6 7 5 7 7 5 2 8 6 7 2 6 5 7 5 6 8 9 8 5 9 9 2 7 6 4 5 9 9 1
split_gain=1.88799 1.47942 1.94601 1.7892 1.13375 1.41849 1.85383 1.47174 2.41762 1.20813 1.12527 1.00615 0.997804 1.58145 1.67418 2.23612 1.15983 2.02049 1.33217 1.28458 1.28184 1.1273 0.977264 3.13849 0.968429 1.18298 0.963783 1.12464 1.09005 0.946516
threshold=0.23749900709002428 0.61653866360386422 5.0434043048315838 0.82466409247930572 0.13918493739625848 10.056809316559889 0.23901327657603075 0.2877578702234716 0.070954836346015085 0.51686360541059229 0.41464320613627409 0.12153386558774938 9.866356648812479 0.49907338930864509 9.9624637531927345 0.16835023690457088 0.04868272714254946 0.28836133738004083 0.010043131190643583 9.0673356758952988 0.04464538463205274 0.35927983890909726 0.12420681898158394 0.72743883845011881 0.20774391665445527 1.3879975796943038 9.4314418324267031 1.415660116296116 0.62011197665370055 1.7796868359271241
decision_type=2 2 2 2 2 2 8 8 2 2 10 2 2 2 2 2 10 8 10 2 10 10 8 2 2 10 2 10 8 2
left_child=1 2 -1 10 -4 12 7 -7 -9 11 29 -8 16 14 15 -14 17 18 -6 -19 -20 -16 23 -2 -5 -26 28 -28 -18 -3
right_child=22 3 4 24 5 6 9 8 -10 -11 -12 -13 13 -15 21 -17 26 19 20 -21 -22 -23 -24 -25 25 -27 27 -29 -30 -31
leaf_value=0.0049012977804125408 -0.00050911151928904701 4.0558076438405288e-05 -0.00076121733612744523 -0.00077350894089394458 -0.00037858847385873552 -0.00040742240448363875 0.00058562334436815591 0.00089174009950797274 -0.00014998961867617125 0.0012224082613963405 0.0033787136913652153 -0.00053291394174751665 0.0014330417279551631 -0.00038529682514285279 0.00059367989658444835 -2.1942288525395701e-05 0.00024455134678558638 0.00016454527657240925 0.00061276519644057651 0.0016253155041196306 -0.00040322674709002853 -0.00061697225466989891 -0.00030424167933926921 0.0020654858056327547 -0.00039972463744066287 0.00078608266155325132 -0.00043041760547237747 0.00062561611748939902 -0.00057433880067153404 0.00023279511274493215
leaf_weight=49 123 3525 449 311 251 1706 60 63 190 68 43 134 74 131 86 41 609 59 52 71 57 59 7890 40 55 42 643 50 376 790
leaf_count=49 123 3525 449 311 251 1706 60 63 190 68 43 134 74 131 86 41 609 59 52 71 57 59 7890 40 55 42 643 50 376 790
internal_value=-0.000359212 -8.4819e-05 -0.000430764 0.0002983 -0.000486999 -0.000351392 -0.000905941 -0.00122296 0.000909448 0.00146008 0.000476255 0.000246153 0.000130077 0.00152296 0.00287356 0.00556034 -0.000121716 0.0011609 -7.13274e-10 0.00435114 0.00275454 0.000719177 -0.000701391 0.00159146 -0.00159902 0.0010102 -0.000496725 -0.00135303 0.00010649 0.000427478
internal_weight=18097 10044 5278 4766 5229 4780 2221 1959 253 262 4358 194 2559 391 260 115 2168 490 360 130 109 145 8053 163 408 97 1678 693 985 4315
internal_count=18097 10044 5278 4766 5229 4780 2221 1959 253 262 4358 194 2559 391 260 115 2168 490 360 130 109 145 8053 163 408 97 1678 693 985 4315
is_linear=0
shrinkage=0.03


Tree=110
num_leaves=31
num_cat=0
split_feature=13 9 3 5 3 5 7 7 5 5 3 12 5 5 4 2 3 5 12 1 13 5 5 12 7 1 5 13 2 13
split_gain=2.11868 1.54833 1.40012 2.8879 2.24397 1.19265 1.19049 1.42228 3.00827 1.21274 1.51244 2.43802 1.34833 1.52221 1.41271 1.16627 1.11102 1.50939 2.29701 2.10707 1.16371 1.07092 3.28251 1.85278 1.12439 1.41639 1.86818 2.55313 1.08098 1.02466
threshold=0.25395846130562744 1.362125787046814 1.5018330556330082 6.6560834372730202 1.3789430240006428 5.0434043048315838 0.30442955214122269 0.33374108703201433 10.296947539290462 10.38819504767293 2.1994575304731492 0.60615204222992869 11.348993585630321 11.02778383160763 1.6718123292069487 0.24047489126697119 1.5965756715513328 8.9430489870387166 0.51820139567094736 1.249676902237006 0.16101398163317707 11.406692333481983 11.673184369419301 0.53728855406761078 0.62837917106957197 0.79505298731156537 10.245142755153182 0.16474315939365528 0.10004199514163339 -0.029419548223873267
decision_type=2 10 8 2 10 2 2 2 2 2 10 2 2 2 10 10 8 2 2 2 2 2 2 2 2 2 2 2 10 2
left_child=2 -2 4 -4 5 -1 -5 8 -8 16 -11 12 13 -12 -15 -6 17 -9 19 -19 -20 24 23 -23 -7 -26 29 28 -28 -27
right_child=1 -3 3 6 15 21 7 9 -10 10 11 -13 -14 14 -16 -17 -18 18 20 -21 -22 22 -24 -25 25 26 27 -29 -30 -31
leaf_value=0.0036336648509281365 -0.00015470475340716847 -0.00075484687241460095 0.0042567527179446507 -0.00025754062097682308 -0.00050997659123005838 -0.00026530458943640253 -0.0012914242425444481 -0.00091840022777054308 0.0020873068607303881 -0.00041667230028709769 8.9599116770106029e-05 -0.00044850110818064675 -0.0011207507517625086 0.00040836790994553713 0.001334077590695111 0.0013669749551823355 7.8584539235455271e-05 0.00046027150984153721 0.00026066517809391384 0.0037203420458792394 -0.00026728432472054463 0.0009530405618141468 -0.00013943594517953968 0.00054521116378301675 -7.409683338278218e-05 0.0014911435745740204 0.00027693467847190876 -0.00027184892333357663 0.00074382929585586964 -1.6292893495333826e-06
leaf_weight=47 5483 1761 76 569 857 2224 54 46 41 538 513 335 76 76 45 46 3633 44 128 69 72 40 95 42 776 47 42 43 58 315
leaf_count=47 5483 1761 76 569 857 2224 54 46 41 538 513 335 76 76 45 46 3633 44 128 69 72 40 95 42 776 47 42 43 58 315
internal_value=-0.000328332 -0.000726295 -6.49441e-05 0.000225617 -0.000461041 -0.000135926 0.000154326 0.000285663 0.00390625 0.000223278 -0.000479167 0.000186424 0.00118143 0.00163464 0.00464754 -0.00180199 0.000501878 0.00209167 0.00283758 0.00623684 0.000895522 -0.000197123 0.00207303 0.00643373 -0.000312322 0.000395475 0.00163043 0.00452083 0.00712871 0.000479338
internal_weight=18191 7244 10947 6315 4632 3729 6239 5670 95 5575 1583 1045 710 634 121 903 3992 359 313 113 200 3682 177 82 3505 1281 505 143 100 362
internal_count=18191 7244 10947 6315 4632 3729 6239 5670 95 5575 1583 1045 710 634 121 903 3992 359 313 113 200 3682 177 82 3505 1281 505 143 100 362
is_linear=0
shrinkage=0.03


Tree=111
num_leaves=31
num_cat=0
split_feature=9 7 0 4 1 5 5 7 2 13 3 3 7 9 5 7 0 5 13 2 0 0 7 7 7 5 5 0 9 1
split_gain=1.90986 1.17916 1.13599 1.1518 1.15131 1.09465 1.72462 2.78382 1.00637 0.992274 1.12513 2.04554 2.73501 2.67304 1.5679 1.40774 2.11789 2.54224 1.23383 1.94499 3.02503 1.4782 1.34785 1.23758 4.0365 3.20692 2.04116 1.15457 1.13376 1.64573
threshold=3.8289391041489771 0.29790852892118719 1.2590082219572385 1.0060063452192576 0.34528059807699002 11.812615079417837 11.578010707236436 0.63323540941734324 0.26823905410410087 0.062669766956422471 1.5018330556330082 1.5484818877985584 0.56356504515786832 0.21295642944585211 6.8490657203609322 0.33374108703201433 3.2593097366416806 10.343434598251649 0.52235738463109549 0.56897865902212619 1.9961628684305632 21.534172661870507 0.88187449488861602 0.76768097067654995 0.86491290113307462 9.4183702846557953 8.3576110596727986 4.1750824801058632 -0.40204854588445665 1.3932574308660375
decision_type=10 2 10 8 2 2 2 2 10 2 10 10 2 10 2 2 10 2 2 10 8 10 2 2 2 2 2 10 10 2
left_child=1 2 3 -1 -5 6 9 -8 -2 -3 14 12 13 -12 -11 16 17 -13 19 21 -21 22 27 26 25 -25 -23 28 29 -17
right_child=8 5 -4 4 -6 -7 7 -9 -10 10 11 15 -14 -15 -16 18 -18 -19 -20 20 -22 23 -24 24 -26 -27 -28 -29 -30 -31
leaf_value=-0.00053177497549040909 5.193638423525164e-05 0.00022876927875276889 -0.00064544966695092882 0.00068778099234660162 -7.9887337959188818e-06 -0.00026481887520266674 0.00075036874545197679 -0.00021233272456467299 -0.00066288901027078406 0.001079684949210253 0.0059006664295467989 -0.0011790220110327692 4.6633351285075903e-05 0.00074085886773211733 -0.00028076218322119846 2.5357463161861885e-05 0.00083238101243197948 0.0018293675676062529 -0.0013547048620154544 0.0029388873629057027 -0.00030581962488606692 0.0025671607259757879 -0.00092878684575301506 0.00024830600749358242 -0.00019646219394238703 0.0018558529136131305 -0.00021348306708176919 -0.00050763323529748946 -5.1658297948141642e-05 0.0010711350019542351
leaf_weight=421 162 1482 1077 107 518 143 73 68 622 251 40 107 151 48 3026 339 42 47 596 44 41 42 219 60 82 40 213 685 7199 140
leaf_count=421 162 1482 1077 107 518 143 73 68 622 251 40 107 151 48 3026 339 42 47 596 44 41 42 219 60 82 40 213 685 7199 140
internal_value=-0.000325943 -0.00026026 -0.000922317 -0.000217766 0.000599041 -0.000167601 -0.000142658 0.00314789 -0.00177325 -0.000174019 -0.000255425 -9.91523e-05 0.0026375 0.00680899 -0.000738561 -0.000165505 0.00234518 0.000696773 -0.000216473 -0.000129819 0.00436046 -0.000172617 -0.000259351 0.0015274 0.00340984 0.00742574 0.000175781 -0.000198351 -9.29816e-05 0.00131875
internal_weight=18085 17301 2123 1046 625 15178 15035 141 784 14894 13412 10135 239 88 3277 9896 196 154 9700 9104 85 9019 8582 437 182 100 255 8363 7678 479
internal_count=18085 17301 2123 1046 625 15178 15035 141 784 14894 13412 10135 239 88 3277 9896 196 154 9700 9104 85 9019 8582 437 182 100 255 8363 7678 479
is_linear=0
shrinkage=0.03


Tree=112
num_leaves=31
num_cat=0
split_feature=6 3 12 6 7 5 7 5 6 7 2 3 12 5 2 12 5 1 7 6 7 4 3 4 12 12 5 7 5 4
split_gain=1.90789 1.76064 1.75663 1.61265 1.47401 1.04029 1.84892 1.34343 1.19884 1.35415 1.36404 1.01852 1.05694 1.08255 1.0084 0.974944 0.959942 1.50244 2.34699 1.19941 0.986794 0.914826 0.901635 0.889956 0.886431 0.870407 1.17922 1.26821 1.38394 0.868188
threshold=0.28227605611218737 9.3388539229413485 0.40980802514412601 -0.30127499833881138 0.30442955214122269 10.027142203153319 0.13376981943674532 7.8543805330358687 0.076385115717212862 0.10995514045202619 0.083530290644605931 46.837120591254653 0.32195612057937478 5.3821962081647756 0.036506562773725805 0.67203978865988201 10.42680976752168 1.5225382602545972 0.68498025681446018 0.16346981927806062 0.39355090264881593 1.9889892145281518 2.5059965044000072 1.3484439812466074 0.40131793345828998 0.50262687009729123 10.570585888656725 0.810281753857795 10.485535560187099 -0.10847734851739124
decision_type=2 10 2 2 2 2 2 2 2 2 8 8 2 2 8 2 2 2 2 2 2 10 10 10 2 2 2 2 2 10
left_child=1 2 14 -4 -3 6 -5 -8 9 -7 -11 12 -2 -14 -1 21 -10 -18 20 -20 -19 25 24 -12 -16 -6 27 28 -27 -15
right_child=11 4 3 5 15 8 7 -9 16 10 23 -13 13 29 22 -17 17 18 19 -21 -22 -23 -24 -25 -26 26 -28 -29 -30 -31
leaf_value=0.0015945686700054701 -0.0053232522050446224 -0.00078827738652719988 0.0047559122630585864 -0.0011508254663477313 -0.00016643321500404585 0.00078912127784581704 -0.00085234688774232304 1.0289020150296021e-05 -0.00049555451076007707 -0.0005475542419549383 0.00011619791632595018 -0.00074187061974102331 0.0026512606223512802 0.00043004417661996456 -0.00018334865011931711 -0.0003848875113718388 -0.00026563781853426672 0.0007364835073125673 0.0007684172329552924 0.00044383406099295975 -0.00028014932941032767 0.00037768835600437853 0.0017655210309224295 0.0007058603906059007 0.00076087718090232467 0.0003883925501237038 -0.00014896267179211528 -0.00016900405090382613 0.0013334478071659191 -0.00026800828384616941
leaf_weight=99 240 123 43 203 402 42 300 3947 1186 213 325 1745 205 74 416 135 1523 72 56 55 339 369 47 85 64 1223 448 265 78 3807
leaf_count=99 240 123 43 203 402 42 300 3947 1186 213 325 1745 205 74 416 135 1523 72 56 55 339 369 47 85 64 1223 448 265 78 3807
internal_value=-0.000372146 -0.000153745 -0.000364353 -0.000478785 0.000470104 -0.000508926 -0.000195462 -6.14414e-05 -0.000866821 0.000292792 -6.25007e-05 -0.000805831 -0.000558817 -0.000444826 0.00116746 0.000605956 -0.00110551 -0.000711144 0.000676864 0.00452679 -0.00037136 0.000726848 0.000642045 0.000948904 0.00024948 0.000513859 0.000768237 0.00115635 0.00154147 -0.000557188
internal_weight=18129 12058 9015 8389 3043 8346 4450 4247 3896 665 623 6071 4326 4086 626 2920 3231 2045 522 111 411 2785 527 410 480 2416 2014 1566 1301 3881
internal_count=18129 12058 9015 8389 3043 8346 4450 4247 3896 665 623 6071 4326 4086 626 2920 3231 2045 522 111 411 2785 527 410 480 2416 2014 1566 1301 3881
is_linear=0
shrinkage=0.03


Tree=113
num_leaves=31
num_cat=0
split_feature=6 5 7 2 1 0 6 1 7 12 8 5 6 0 7 12 7 12 2 5 2 7 1 7 11 1 6 0 6 7
split_gain=1.58058 2.51747 1.48387 1.60196 1.38297 1.37496 1.72087 1.54107 1.32423 3.49296 3.41857 1.66747 1.3406 1.32048 1.30727 1.338 1.79686 1.95827 2.19265 1.19597 1.39187 2.30008 3.26616 3.43887 1.2128 1.12838 1.31258 1.49422 1.34777 1.09184
threshold=0.30011135839598074 4.6395599436855051 0.14821224037861405 0.56897865902212619 1.0000000180025095e-35 71.971380471380485 0.53129637843406929 0.9904268696724815 0.73867285663626636 0.51191225766559378 0.48738669306239812 9.3266111496789872 0.45476530155320211 1.1151223668124659 0.75900462734085805 0.47729516072294265 0.38207976712248409 0.46091639781348365 0.22576755026850331 9.1788496835846747 0.33738400995314705 0.6087185610602478 0.77501978250090853 0.48656566409476737 10.500000000000002 2.3358184814814815 0.42883248867445595 1.6334483522608274 0.36134257916826501 0.73867285663626636
decision_type=2 2 2 10 2 8 2 2 2 2 8 2 2 8 2 2 2 2 10 2 8 2 2 2 2 2 2 10 2 2
left_child=1 -1 13 19 -2 6 14 -7 -9 10 -10 -11 -13 -3 15 16 -6 25 -19 24 -21 22 23 -22 -4 26 27 -18 -29 -17
right_child=4 2 3 -5 5 7 -8 8 9 11 -12 12 -14 -15 -16 29 17 18 -20 20 21 -23 -24 -25 -26 -27 -28 28 -30 -31
leaf_value=0.0069115764057101599 -0.00094384042795221093 0.00015969107420897057 1.8287034417268836e-05 0.0023962752277230446 -0.0011132009939410572 -0.00062001843020763673 -0.0032887102083938354 -7.6305833005103384e-06 0.005236164599810602 -0.00050929935380812478 0.0017307341048159394 0.0007327048536817358 -0.00030844247628641669 -0.0010354910890025561 -0.0011503328722383003 -0.00046724719042698089 -0.00044878396484777737 0.00098758365763822013 0.00060604038786936105 -7.6904991681927908e-05 0.0006269874327210109 -0.00041452009018219026 -8.2972597759472645e-06 0.002009631784775384 0.00057263875099610969 -0.00058633368642985726 -0.00066832732204405302 0.0017855249410840606 0.00042042295716287413 0.0011136971141165546
leaf_weight=65 379 137 2327 51 167 412 494 414 43 185 45 73 41 463 583 1937 72 40 121 8594 78 206 111 40 539 157 94 62 58 104
leaf_count=65 379 137 2327 51 167 412 494 414 43 185 45 73 41 463 583 1937 72 40 121 8594 78 206 111 40 539 157 94 62 58 104
internal_value=-0.000346875 -0.000161989 -0.000192716 -0.000119529 -0.000772164 -0.000641976 -0.000916967 0.000239703 0.00100623 0.00226546 0.00748315 0.000709999 0.00354783 -0.00164726 -0.000675796 -0.000407395 0.000656735 0.00141818 0.00424074 -0.000142486 -0.000311961 0.00134174 0.00340435 0.00685714 0.000391349 0.000385134 0.00150523 0.00292228 0.00495868 -0.000809501
internal_weight=18092 12611 12546 11946 5481 5102 3889 1213 801 387 88 299 114 600 3395 2812 771 604 161 11895 9029 435 229 118 2866 443 286 192 120 2041
internal_count=18092 12611 12546 11946 5481 5102 3889 1213 801 387 88 299 114 600 3395 2812 771 604 161 11895 9029 435 229 118 2866 443 286 192 120 2041
is_linear=0
shrinkage=0.03


Tree=114
num_leaves=31
num_cat=0
split_feature=6 0 5 4 5 7 7 0 2 7 5 3 0 0 3 3 4 5 2 5 3 3 0 0 7 3 8 7 7 5
split_gain=1.77375 1.92902 1.76568 1.85095 1.73724 1.67045 1.26115 1.18834 1.01357 2.73343 1.35411 1.83111 0.923309 0.868665 1.05342 1.11424 0.791322 1.1503 1.60853 0.784726 1.87193 0.986044 0.859597 1.36795 1.75287 3.48565 1.76387 1.33054 2.30926 2.14174
threshold=0.3794896217049038 12.088336722964014 7.8543805330358687 1.0632321148012391 9.1788496835846747 0.88187449488861602 0.16056817893347705 4.1750824801058632 0.24356556970788404 0.84979219657299832 9.0336031863560979 2.0613883964499675 2.3186924145067187 21.534172661870507 1.802937964204639 1.7368056147618491 0.77441797754617459 5.3821962081647756 0.42049264834530004 5.0434043048315838 1.1183130212332377 1.087867238090322 1.1230438757793133 1.5006718506970369 0.41318094537965938 2.5414461035512503 -0.11558925516959305 0.60166664847255136 0.65078636581618765 9.0336031863560979
decision_type=2 10 2 10 2 2 2 8 10 2 2 10 8 8 10 10 10 2 10 2 10 10 8 10 2 10 10 2 2 2
left_child=1 4 -3 -4 5 6 -1 -6 9 10 -2 12 -12 14 15 -10 -15 18 -18 20 -8 -21 27 -24 25 -25 -26 29 -29 -23
right_child=8 2 3 -5 7 -7 19 -9 13 -11 11 -13 -14 16 -16 -17 17 -19 -20 21 -22 22 23 24 26 -27 -28 28 -30 -31
leaf_value=-0.0013549667820978975 -0.0015385473786703782 -0.0010419197046832691 0.00072610249552251414 0.00026577993718030738 -9.1047639656232168e-05 -0.0011094584486166384 0.0038599269539914749 -0.0004881459545881879 -0.0031345342142532488 0.0080688734289864009 0.00040505843990147947 0.00069606571859068939 -0.0012601155594020395 -0.0014503987112050669 -0.0012219877817093632 0.0014655546465973542 -0.00097783022735562072 -0.00022935647420986631 0.0053814721180747227 -0.00061317151151688584 -0.0008123594008111588 -0.00037677513780337498 -0.00010098443074679856 0.0017230699487602707 0.0032102451080295133 -0.0010837241956259066 7.9761656709505146e-05 0.022502202626247653 0.00080818703487285149 0.00041015594905813952
leaf_weight=169 240 42 78 101 10520 134 40 425 59 47 59 68 73 163 1625 46 63 722 70 252 50 274 1259 63 78 45 882 55 360 41
leaf_count=169 240 42 78 101 10520 134 40 425 59 47 59 68 73 163 1625 46 63 722 70 252 50 274 1259 63 78 45 882 55 360 41
internal_value=-0.000360087 -0.000221535 0.00255405 0.00385 -0.000263586 0.000298136 0.000421966 -0.000453591 -0.000996601 0.000264344 -0.000476191 0.00134328 -0.000721805 -0.00122008 -0.00162912 0.00127358 -0.000524044 -0.000157711 0.00239552 0.00054794 0.0032967 0.000472205 0.000620993 0.000338917 0.00112816 0.00473394 0.000718001 0.00151847 0.00263221 4.74676e-05
internal_weight=18103 14868 221 179 14647 3702 3568 10945 3235 487 440 200 132 2748 1730 105 1018 855 133 3399 90 3309 3057 2327 1068 108 960 730 415 315
internal_count=18103 14868 221 179 14647 3702 3568 10945 3235 487 440 200 132 2748 1730 105 1018 855 133 3399 90 3309 3057 2327 1068 108 960 730 415 315
is_linear=0
shrinkage=0.03


Tree=115
num_leaves=31
num_cat=0
split_feature=6 7 9 6 7 5 7 8 5 7 7 5 7 12 12 8 2 9 4 2 6 7 7 6 12 5 8 12 7 2
split_gain=1.63486 2.87772 1.90538 2.25547 1.28667 1.39089 1.84987 1.70042 1.81021 2.11103 1.61275 2.26959 1.32748 1.19258 0.964909 4.38101 2.30087 0.938642 1.32792 1.24102 0.897776 0.942904 0.883558 1.85021 0.848876 0.796474 1.03647 0.79607 1.72523 1.04647
threshold=0.52235738463109549 0.88711113501944394 -0.85576102661335829 0.3021895254211327 0.87094742634905298 9.9905822583368913 0.85648310395710425 0.28530928204768741 4.2903656061101136 0.14821224037861405 0.19736350306681269 9.7323729620002322 0.2719607729708497 0.37867454858586441 0.39654670120448038 0.30191361209298745 0.18197282379558324 -0.10813814218415556 1.9889892145281518 0.5127230041609725 0.40292678949042676 0.060924651430521816 0.28407475874408822 -0.029419548223873267 0.67203978865988201 5.3821962081647756 1.1382564263421355 0.36120511938173433 0.65902869219081783 0.048234777305183614
decision_type=2 2 8 2 2 2 2 10 2 2 2 2 2 2 2 10 10 10 10 10 2 2 2 2 2 2 8 2 2 10
left_child=2 25 3 -1 5 6 7 8 -4 -10 11 -11 13 -9 15 -7 -17 18 -14 -19 21 -16 23 -23 -24 26 -2 28 -12 -29
right_child=1 -3 4 -5 -6 14 -8 12 9 10 27 -13 17 -15 20 16 -18 19 -20 -21 -22 22 24 -25 -26 -27 -28 29 -30 -31
leaf_value=0.0034779990451783336 0.0021236151293812571 0.0042041295725521602 0.00923597406900745 -0.00012659344751640434 -0.00062753112751453601 -0.00039615209203959999 0.001400482037110132 0.00089141507482682887 -0.0011019299848865902 5.6518947207523303e-05 0.002220096085113137 0.0019257014076248036 2.0789379284251666e-06 -0.0013041078472249327 0.00098408863667925894 0.00098465402521125318 0.0010257458056608683 -0.00025135930870456093 0.0029644799230429241 0.0014799075334030792 -0.0012099140232750831 0.00062841916905186535 -6.9514741342364665e-05 -0.00078072506981902731 -0.00048757881329024668 -0.0018680924521095167 -0.0012211083441372472 -0.0010325706004013749 -0.00026763754500487043 6.499090605496566e-05
leaf_weight=67 43 42 65 64 513 122 67 42 244 99 47 44 183 399 70 52 40 2022 51 70 365 54 5817 521 113 720 187 124 61 5820
leaf_count=67 43 42 65 64 513 122 67 42 244 99 47 44 183 399 70 52 40 2022 51 70 365 54 5817 521 113 720 187 124 61 5820
internal_value=-0.000272713 -0.00145619 -0.00020412 0.00338636 -0.000231978 -0.000185898 5.52515e-05 1.9089e-05 0.000284088 0.000233384 0.000341349 0.00347917 -0.000603686 -0.00211086 -0.00050063 0.00147907 0.0063871 -0.000317147 0.00148085 -0.000518873 -0.000561879 -0.000481296 -0.000518753 -0.00164063 -0.000409712 -0.00179811 -0.000259741 0.000266644 0.00280734 0.000220016
internal_weight=18128 992 17136 131 17005 16492 9338 9271 6504 6439 6195 143 2767 441 7154 214 92 2326 234 2092 6940 6575 6505 575 5930 950 230 6052 108 5944
internal_count=18128 992 17136 131 17005 16492 9338 9271 6504 6439 6195 143 2767 441 7154 214 92 2326 234 2092 6940 6575 6505 575 5930 950 230 6052 108 5944
is_linear=0
shrinkage=0.03


Tree=116
num_leaves=31
num_cat=0
split_feature=9 7 0 6 3 12 3 7 9 9 5 6 7 5 7 12 1 3 9 12 5 7 0 7 12 0 6 5 12 6
split_gain=2.2345 2.75199 1.52129 2.20943 1.57982 1.34 1.5121 2.62459 1.42841 2.40263 1.33773 2.65031 2.60777 3.27677 1.33422 1.5887 1.26523 1.50465 1.39697 1.31922 1.27956 1.25935 1.47032 1.19215 1.78381 1.75732 3.83571 1.31345 1.68819 1.35524
threshold=-0.85576102661335829 0.71742951305420843 71.971380471380485 0.25567780403746815 69.818768982204489 0.39100629057196373 1.0798639881807575 0.3246998071231163 0.60587791958002724 0.79503175358851363 7.3323683504381592 0.45476530155320211 0.76768097067654995 9.4760835251545963 0.61429005025162597 0.67203978865988201 0.4922945088653678 1.5563287000641282 2.3364166929370431 0.4926792339946956 11.471655444261616 0.82764301768011317 3.5907151715584957 0.72574625414231242 0.43246515029245663 1.7607392775126876 0.2091016289445973 8.4821875607670183 0.54496189765895442 0.17831604714542773
decision_type=8 2 10 2 8 2 10 2 10 10 2 2 2 2 2 2 2 8 8 2 2 2 10 2 2 10 2 2 2 2
left_child=1 -1 3 5 -5 6 7 -2 -8 -10 -4 12 -12 -14 16 21 17 19 -19 -7 -18 22 23 27 -25 -26 -27 28 -16 -29
right_child=2 -3 10 4 -6 14 8 -9 9 -11 11 -13 13 -15 15 -17 20 18 -20 -21 -22 -23 -24 24 25 26 -28 29 -30 -31
leaf_value=0.0031489238168994483 0.0018084621918210946 -0.00020494772225914477 0.0013624977207018954 -0.00031066415530813006 -0.00083658679111572399 9.4341311519012907e-05 -0.0003824162637345913 0.00040113622106657115 0.0019065351581175904 -0.00044374159535015149 7.2804529769294608e-06 -0.0008745934751030448 0.00021157409236020305 0.001849037896531491 0.00023968918717779948 -0.00073331579043833263 -0.00028718729896160981 0.00013395558978535513 0.0025429554739381135 -0.00053979973065894392 0.00060577515813914199 -0.00034354501463421946 0.0014960320569449347 0.0024306980828516238 6.2977643066025536e-05 0.00075628936276566641 1.35948998835209e-05 4.9101680507349259e-05 0.0013136580955688487 -0.00040180818766553066
leaf_weight=75 43 57 91 5362 1172 479 224 121 40 62 138 203 57 41 136 141 2955 1254 43 580 54 416 59 41 1271 128 193 1729 69 903
leaf_count=75 43 57 91 5362 1172 479 224 121 40 62 138 203 57 41 136 141 2955 1254 43 580 54 416 59 41 1271 128 193 1729 69 903
internal_value=-0.000310454 0.00356391 -0.000339054 -0.000387103 -0.000823566 -0.000126394 0.00140529 0.00374545 0.000220183 0.00314563 0.00124294 0.000552272 0.00270886 0.00642424 -0.000198336 0.000149793 -0.000528327 -7.63754e-06 0.000677195 -0.000846227 -0.000935881 0.000239587 0.000384767 0.000322075 0.000967564 0.000806026 0.00278571 -4.96836e-05 0.00225728 -0.000230156
internal_weight=18137 132 18005 17475 6534 10941 490 164 326 102 530 439 236 98 10451 5086 5365 2356 1297 1059 3009 4945 4529 4470 1633 1592 321 2837 205 2632
internal_count=18137 132 18005 17475 6534 10941 490 164 326 102 530 439 236 98 10451 5086 5365 2356 1297 1059 3009 4945 4529 4470 1633 1592 321 2837 205 2632
is_linear=0
shrinkage=0.03


Tree=117
num_leaves=31
num_cat=0
split_feature=9 6 5 8 9 4 2 2 1 5 8 2 6 0 2 1 9 6 8 4 0 8 6 0 0 6 0 6 9 5
split_gain=1.52776 1.05157 0.94073 1.2451 1.09069 1.4583 1.38144 1.2807 1.12514 0.970972 2.44369 2.95777 1.39604 2.42627 1.49745 1.07977 1.81095 2.53323 1.53037 0.983828 2.02935 0.883079 1.22324 0.951294 0.86775 1.25534 0.840228 0.912138 1.06714 1.49956
threshold=3.8289391041489771 0.82067795747230499 9.9819983178875535 0.41962054529223752 0.98382775944342937 0.47588835984608729 0.23321246507212218 0.086585487999094143 0.77501978250090853 9.8749594659439541 0.098115486843610267 0.2835127026656894 0.29216344325115623 1.2368741680505393 0.11998598105605292 2.3358184814814815 0.11439574204596888 0.1962558613881247 0.31916755576934158 1.8056069120435161 3.8667012152667897 0.01370810135374643 0.23749900709002428 14.460763522741866 1.7237477308496019 0.19472882601052091 71.971380471380485 0.3045360134814859 -0.47084466425182742 10.524252194240935
decision_type=10 2 2 10 8 10 10 10 2 2 10 10 2 10 10 2 10 2 10 10 10 10 2 10 10 2 10 2 8 2
left_child=1 2 9 26 5 -5 7 -7 -9 15 -11 12 13 14 -12 -1 17 -17 19 20 -19 22 -18 -23 25 -15 27 28 29 -4
right_child=-2 -3 3 4 -6 6 -8 8 -10 10 11 -13 -14 24 -16 16 21 18 -20 -21 -22 23 -24 -25 -26 -27 -28 -29 -30 -31
leaf_value=-7.8021405600417921e-05 -0.00044053295102556531 -0.004059851276703449 0.00073877268840788013 -0.00032864220957521122 -0.00058499618036741193 0.00086944027286266407 0.00038767319386674964 0.00042183932523106964 0.0011161474834097496 -0.00030891310695525695 0.0011038614124887409 -0.00079779267230976425 0.00043114393814300825 2.1496114905259717e-05 0.00091091707886827944 0.012248036545262093 0.0018809245773202643 0.0010729286542943031 0.0017397118459910083 -0.00035996593453709432 -0.00038299435010137102 -0.00028215019108040475 0.00048321110940602275 0.00069341084490813997 -0.0003499003446501778 0.0013516463829257922 0.00063120588392925219 -0.00061390982111440633 -0.00010848617767489055 -0.00030974170888277332
leaf_weight=7811 774 285 42 53 142 49 115 43 40 257 56 146 46 95 58 51 40 76 77 107 63 802 90 49 52 45 75 1147 5486 45
leaf_count=7811 774 285 42 53 142 49 115 43 40 257 56 146 46 95 58 51 40 76 77 107 63 802 90 49 52 45 75 1147 5486 45
internal_value=-0.00029921 -0.000241287 -0.000211202 -0.000471263 0.00106998 0.00209302 0.00306048 0.00514286 0.00739286 -2.14682e-05 0.0010119 0.00223647 0.00372238 0.00297068 0.00641739 -0.000106688 0.000674778 0.002448 0.0014537 0.000291497 0.00195 -3.0557e-06 0.00229008 -0.000355635 0.000901554 0.00212766 -0.000571661 -0.000607053 -0.000448332 0.00282954
internal_weight=18217 17443 17158 7237 442 300 247 132 83 9921 755 498 352 306 114 9166 1355 374 323 246 139 981 130 851 192 140 6795 6720 5573 87
internal_count=18217 17443 17158 7237 442 300 247 132 83 9921 755 498 352 306 114 9166 1355 374 323 246 139 981 130 851 192 140 6795 6720 5573 87
is_linear=0
shrinkage=0.03


Tree=118
num_leaves=31
num_cat=0
split_feature=9 0 7 12 0 7 9 6 6 7 7 7 0 12 3 3 7 7 12 3 11 2 1 12 9 1 0 6 12 0
split_gain=1.69264 1.20376 1.38226 1.25248 1.02014 0.972201 0.970645 2.69376 0.843726 2.11393 1.11461 1.7808 1.8455 1.31005 1.40654 1.82122 3.02142 1.43485 2.19821 2.15668 1.83796 1.47653 1.30329 1.73956 1.54355 1.37737 0.980265 1.6851 1.8675 1.85439
threshold=3.8289391041489771 1.008296012518211 0.16056817893347705 0.67203978865988201 1.1151223668124659 0.060924651430521816 -0.85576102661335829 0.3021895254211327 0.52235738463109549 0.88187449488861602 0.87094742634905298 0.85648310395710425 1.6506268388213918 0.37867454858586441 2.3986605180541392 2.4735777362757299 0.4345781203557772 0.49455229992827959 0.55894455337399418 3.4571389096504785 7.5000000000000009 0.56897865902212619 2.2042944880364241 0.34399898520658939 0.62011197665370055 0.94283900425362044 41.491666666666674 0.26387075255632558 0.4975184887713105 1.8418603040506774
decision_type=10 8 2 2 10 2 8 2 2 2 2 2 10 2 10 10 2 2 2 10 2 10 2 2 10 2 8 2 2 10
left_child=1 -1 4 6 5 -3 7 -4 10 -10 11 13 -13 22 -15 16 -16 18 -17 20 -20 26 23 -8 25 -25 27 -19 29 -29
right_child=-2 2 3 -5 -6 -7 8 -9 9 -11 -12 12 -14 14 15 17 -18 21 19 -21 -22 -23 -24 24 -26 -27 -28 28 -30 -31
leaf_value=0.00030783401677809502 -0.00042179956182809977 0.0010079600606992972 0.0039040013718304755 -0.00049902359637232026 -0.00095624517550997796 -0.00048540346496881006 0.00011807407381933668 -0.00019547050910665703 -0.0014070208316253113 0.0038444540587902524 -0.00060122274456869034 -6.5407168609205637e-05 0.0017673922819176355 -0.00011024928416861633 0.0019066325272141002 -0.00083498144018781528 6.2444460448486468e-05 8.9497362325748655e-05 0.0024420934969167671 -0.00013995005538115793 -4.8175980831501507e-05 0.0022057282709749561 -0.00089810186398776772 0.0011510641750823148 0.001422959825336958 -7.9991644259656122e-05 0.00039706122111452891 -0.00042300457483407454 -0.00057629576026267605 0.0008261357678991892
leaf_weight=928 775 51 63 198 636 149 155 77 714 43 446 45 48 7217 43 653 124 2746 69 324 46 65 122 46 41 49 482 164 1346 256
leaf_count=928 775 51 63 198 636 149 155 77 714 43 446 45 48 7217 43 653 124 2746 69 324 46 65 122 46 41 49 482 164 1346 256
internal_value=-0.000233584 -0.00017225 -0.000231684 -0.000167876 -0.00141936 0.00044776 -0.000137277 0.00234042 -0.000160184 -0.00113588 -0.000109126 -6.21713e-05 0.00405319 -8.98996e-05 -0.000140737 0.000186105 0.00326786 0.000101917 -0.000883807 0.000756817 0.00426724 0.000314821 0.00157246 0.00266096 0.00512409 0.00296875 0.000255855 0.000118324 -0.000604415 0.00114014
internal_weight=18121 17346 16418 15582 836 200 15384 140 15244 757 14487 14041 93 13948 13535 6318 167 6151 1092 439 115 5059 413 291 136 95 4994 4512 1766 420
internal_count=18121 17346 16418 15582 836 200 15384 140 15244 757 14487 14041 93 13948 13535 6318 167 6151 1092 439 115 5059 413 291 136 95 4994 4512 1766 420
is_linear=0
shrinkage=0.03


Tree=119
num_leaves=31
num_cat=0
split_feature=6 7 6 8 2 7 7 6 12 6 9 12 4 7 9 3 4 9 1 3 9 8 7 6 9 8 3 8 12 9
split_gain=1.66724 1.46374 2.3177 1.35704 2.92862 1.28508 1.25072 1.59598 1.55707 1.48807 1.41103 2.59415 2.516 1.30818 1.43998 1.25339 1.0679 1.21714 1.68815 1.05669 1.77575 2.2683 1.67295 2.66115 2.22224 1.84792 2.73418 1.13129 1.10988 1.03688
threshold=0.41323951849651325 0.81878128211298928 0.64595120453014687 0.84450512891559149 0.4963494620536078 0.82764301768011317 0.61653866360386422 0.25567780403746815 0.67203978865988201 0.028875978797010763 -1.1748993185522261 0.61697928956911186 1.6140404330818752 0.63163431978688878 0.61369929131852008 188.67139169595785 1.1684257871146719 0.11439574204596888 0.17256990555133983 1.5018330556330082 0.176471709366783 0.095018064930802157 0.52270910402564896 0.29216344325115623 0.13918395074673784 0.22408335823166725 1.9707666576535705 -0.16793547574953901 0.54959006182272196 0.62011197665370055
decision_type=2 2 2 8 10 2 2 2 2 2 10 2 10 2 10 10 10 10 2 10 10 10 2 2 8 10 10 10 2 10
left_child=3 -2 -3 5 -5 6 9 8 15 16 11 12 -9 29 -15 -8 -1 -18 -19 28 21 27 23 25 -24 26 -23 -21 -11 -12
right_child=1 2 -4 4 -6 -7 7 10 -10 19 13 -13 -14 14 -16 -17 17 18 -20 20 -22 22 24 -25 -26 -27 -28 -29 -30 -31
leaf_value=-1.4675759981887378e-05 -0.00088468373874307045 -0.00014126175527073905 0.0027955047761599248 0.00010525344193054078 0.0025618150604608788 -0.00036661417828141765 8.8065881413320983e-05 0.0019680722649187536 -0.00056577849047982512 -0.00029117223339849375 0.00054559887071364507 -0.00094981710176546318 -2.0727216119797302e-07 -0.00079376275601613397 -7.9377090878141637e-05 0.00051028760979071348 -0.0013327986810241943 0.0037373465412338111 0.00051619141245230727 0.0015831957202226807 -0.00019690310093270206 0.0020269573455848938 -0.00029385377049200121 2.123324267819611e-05 0.00031378825439457757 0.0010783752899167669 0.0011107374290808233 -0.00010098538693283446 -0.00085401936809996297 -0.000155766132885604
leaf_weight=403 2145 332 64 681 88 766 4435 47 119 2234 73 81 40 842 800 46 40 54 139 42 3089 85 168 157 49 52 77 543 373 42
leaf_count=403 2145 332 64 681 88 766 4435 47 119 2234 73 81 40 842 800 46 40 54 139 42 3089 85 168 157 49 52 77 543 373 42
internal_value=-0.000327388 -0.00103973 0.00063476 -0.000211038 0.00101688 -0.000274921 -0.000209537 9.42377e-05 0.000397739 -0.000473622 -0.000630842 0.00198816 0.00555682 -0.000882253 -0.00109921 0.000487951 0.000913657 0.00252564 0.00351031 -0.000602184 -0.000311049 0.000682282 0.0019966 0.00321774 -9.6331e-05 0.00538605 0.00695705 -0.000639932 -0.00107784 0.00219828
internal_weight=18106 2541 396 15565 769 14796 14030 6525 4600 7505 1925 168 87 1757 1642 4481 636 233 193 6869 4262 1173 588 371 217 214 162 585 2607 115
internal_count=18106 2541 396 15565 769 14796 14030 6525 4600 7505 1925 168 87 1757 1642 4481 636 233 193 6869 4262 1173 588 371 217 214 162 585 2607 115
is_linear=0
shrinkage=0.03


Tree=120
num_leaves=31
num_cat=0
split_feature=13 9 3 7 9 12 12 12 2 3 8 13 7 8 3 1 9 12 7 3 12 3 7 3 9 8 7 9 3 7
split_gain=1.28447 2.08356 1.2758 1.289 1.31378 2.10703 2.45183 3.58497 1.85786 2.22798 1.68016 1.42008 1.311 2.58064 1.2827 1.12006 1.07867 1.07023 2.71476 1.06155 1.01656 1.10215 1.51437 1.48883 1.46079 1.62568 2.23222 3.30167 2.60862 2.95272
threshold=0.3045360134814859 -0.85576102661335829 46.837120591254653 0.46794816857268601 0.59208623637577573 0.41379538939594601 0.4975184887713105 0.46091639781348365 0.20710455997043506 5.6466937213198269 0.49586500117747456 0.45476530155320211 0.56577582480957345 0.19342845262140304 1.802937964204639 -2.1353635077793487 1.8339916133517953 0.45714926616676282 0.55578060082076008 41.29497917381557 0.40980802514412601 1.5018330556330082 0.6122757955243453 1.3789430240006428 0.46781891621898408 0.059740579278258037 0.52270910402564896 0.16924651794369835 1.7055586045759079 0.42576116552501003
decision_type=2 8 8 2 8 2 2 2 10 10 10 2 2 10 10 2 8 2 2 10 2 10 2 8 8 10 2 10 10 2
left_child=1 -1 3 -2 17 -6 7 14 9 -8 11 -9 13 -10 -7 -3 -15 18 -5 -14 -17 22 -22 -24 25 -23 27 28 -27 -30
right_child=2 15 -4 4 5 6 8 10 12 -11 -12 -13 19 16 -16 20 -18 -19 -20 -21 21 24 23 -25 -26 26 -28 -29 29 -31
leaf_value=0.0031892026838889029 -0.00064117050773038837 0.00095325774472678057 -0.00057903922790536716 0.0012152070228854781 -0.0031793464378367139 0.003187072434948585 1.6838886986970407e-05 0.00099719862684523233 0.00096399851951424725 0.0024673796603018302 0.00045319532510968883 0.0025434089136238797 -0.00041956149371477375 -0.00081039727416550814 -0.001408297397559656 0.00027827028275187769 0.00029240049160341 -0.00072785239280960361 -0.0002479302260738918 0.00048292907663645591 -0.00038688546948991429 -5.131569102749722e-05 0.00010233741435049228 -0.00039525845851438564 -0.00013239391001705275 0.0036660380822299402 4.0021566774760529e-05 0.000136662126453443 0.0015779854918010858 -7.4482681878367812e-05
leaf_weight=66 1073 61 1623 56 272 40 55 67 40 40 43 57 621 65 106 729 46 752 261 90 2608 1410 1387 431 3753 66 1580 476 118 77
leaf_count=66 1073 61 1623 56 272 40 55 67 40 40 43 57 621 65 106 729 46 752 261 90 2608 1410 1387 431 3753 66 1580 476 118 77
internal_value=-0.000335197 -0.000172061 -0.000727393 -0.000418454 -5.85765e-05 0.00050162 0.00101495 0.00331529 0.000259916 0.00421875 0.00630357 0.008064 -0.000180765 0.00234868 -0.00012245 -0.00019989 -2.67864e-05 -0.000866356 0.000594339 -0.000720506 -0.000219611 -0.000286219 -0.000661397 3.2978e-06 -6.41633e-05 0.000356491 0.000845124 0.00220732 0.00491221 0.00313775
internal_weight=18069 12762 5307 3684 2611 1542 1270 313 957 95 167 124 862 151 146 12696 111 1069 317 711 12635 11906 4426 1818 7480 3727 2317 737 261 195
internal_count=18069 12762 5307 3684 2611 1542 1270 313 957 95 167 124 862 151 146 12696 111 1069 317 711 12635 11906 4426 1818 7480 3727 2317 737 261 195
is_linear=0
shrinkage=0.03


Tree=121
num_leaves=31
num_cat=0
split_feature=9 7 2 12 0 12 2 3 0 3 11 9 7 7 7 7 3 8 3 3 0 9 7 9 2 8 7 0 12 8
split_gain=1.38161 1.31229 0.976691 1.74975 0.950605 0.917292 1.14516 1.0389 0.865728 1.19954 1.14023 1.66459 2.0624 1.54745 1.15789 1.03571 1.01844 1.87991 1.3687 3.92303 1.83815 1.50517 3.54542 4.01908 3.20372 2.31265 3.02192 1.50954 1.7429 1.05031
threshold=4.2285914660612738 0.29790852892118719 0.26823905410410087 0.54959006182272196 1.2590082219572385 0.67203978865988201 -1.0000000180025095e-35 1855.5362570283603 21.534172661870507 2.9312230511458921 5.5000000000000009 -1.0000000180025095e-35 0.73481804469427081 0.58661399486304633 0.76768097067654995 0.86491290113307462 53.071921976162365 0.80015271443541403 22.064200178053415 22.880843806796744 4.1750824801058632 0.4796769958223876 0.63500258668621468 0.097760334590828238 0.38387523515952743 0.20609775311517595 0.60166664847255136 1.6572316127247388 0.4975184887713105 0.23928941672900467
decision_type=10 2 10 2 10 2 8 8 10 10 2 10 2 2 2 2 10 10 10 10 10 8 2 10 10 8 2 10 2 10
left_child=1 4 3 -2 -1 6 -3 8 16 -10 11 -11 -13 -12 -15 -16 18 -18 29 -20 21 22 23 -21 27 26 -25 28 -24 -8
right_child=2 5 -4 -5 -6 -7 7 -9 9 10 13 12 -14 14 15 -17 17 -19 19 20 -22 -23 24 25 -26 -27 -28 -29 -30 -31
leaf_value=-9.1379762821368321e-05 -0.0011014754065867701 0.0025877092655247594 -0.00068002037085572139 0.00074902893298613084 -0.00057476215603647631 -0.00042946890287924686 -0.00010040637871372298 -0.00084377146964460868 -0.00092492147636016745 -0.00041178352752038473 0.0013151857784873091 -0.00077523682983380627 0.0013710196173795826 -4.8399911069619895e-05 0.0011668201114733321 -0.00011523671692056921 -0.00043190493669674858 0.0017724830606578501 0.0027898589875201586 -0.00026792505124165677 -0.00062700649979276235 -1.9070393999459518e-05 -0.00017361700387259161 0.0017240248206655631 0.0070742403191401794 0.0012198005126381061 0.003092734740798104 -0.00065247987265244214 0.0012378804191083938 5.3970482783610432e-05
leaf_weight=1024 72 72 504 61 1079 225 7339 154 73 128 54 59 64 86 70 41 1516 62 54 83 334 964 112 51 73 59 40 270 170 3124
leaf_count=1024 72 72 504 61 1079 225 7339 154 73 128 54 59 64 86 70 41 1516 62 54 83 334 964 112 51 73 59 40 270 170 3124
internal_value=-0.000307527 -0.000257178 -0.00167868 0.000604477 -0.000959601 -0.000160427 -0.000131935 -0.000150191 -0.000124638 0.00101562 0.00153877 0.000107142 0.00258871 0.00296429 0.00171212 0.00372321 -0.000170714 -0.000889171 -8.11906e-05 0.000597014 0.000394992 0.000770158 0.00168335 0.00483333 0.000503194 0.00774834 0.0107283 -0.000282098 0.00125088 -0.000224485
internal_weight=18017 17380 637 133 2103 15277 15052 14980 14826 575 502 251 123 251 197 111 14251 1578 12673 2210 2156 1822 858 233 625 150 91 552 282 10463
internal_count=18017 17380 637 133 2103 15277 15052 14980 14826 575 502 251 123 251 197 111 14251 1578 12673 2210 2156 1822 858 233 625 150 91 552 282 10463
is_linear=0
shrinkage=0.03


Tree=122
num_leaves=31
num_cat=0
split_feature=9 2 7 8 8 7 3 7 7 9 2 6 1 3 6 6 8 2 7 7 11 7 3 2 1 1 2 9 11 8
split_gain=1.27221 0.927269 0.855469 1.7711 1.32923 1.60841 2.04724 1.10893 2.05843 1.14595 1.81602 1.03714 0.907645 0.788399 0.757763 0.665712 0.706423 1.6767 0.830885 0.61855 0.579907 0.663815 0.969857 0.633278 0.583872 0.996622 0.611874 0.906433 0.637161 0.559712
threshold=4.3984473932253971 0.18925089586639213 0.29790852892118719 0.17116098884739378 0.036752123126544613 0.060924651430521816 2.3663689654504005 0.16056817893347705 0.19736350306681269 0.16221528686965361 0.15504853841147406 0.062669766956422471 -1.7210406403926457 1.0539741460127077 0.18668341476524122 -0.14579579571135201 0.33309058090014371 0.12679108168235478 0.60166664847255136 0.10995514045202619 10.500000000000002 0.70304727702085668 1.153659823357349 0.17274432831336986 -0.90224286650332319 -0.49430270853106145 0.19299710594229966 0.46781891621898408 6.5000000000000009 0.019183085926522892
decision_type=10 10 2 10 8 2 10 2 2 8 10 2 2 10 2 2 10 10 2 2 2 2 10 10 2 2 10 10 2 8
left_child=2 -2 3 4 -1 6 -6 19 -9 10 -10 12 -4 -13 -5 -14 20 -18 -19 -7 23 22 -22 -17 -25 -26 -27 28 -28 -15
right_child=1 -3 11 14 5 7 -8 8 9 -11 -12 13 15 29 -16 16 17 18 -20 -21 21 -23 -24 24 25 26 27 -29 -30 -31
leaf_value=-0.00035181646274055526 0.00071194999129376455 -0.00045710528912248666 0.0023582048351889909 -0.0002836599628133094 -0.00049610974870334694 0.00027115641283868944 0.012817577555571828 0.00075178181482468231 -0.00027892319178776556 -0.00037109494987212679 0.00047430312058317135 -0.00080497558658722973 -0.00050396009054402607 -0.00018890128729608156 -0.0013472996561557859 -0.00020746888846592107 0.0011398171776202425 -0.0010970251705218006 0.0017318624553852588 -0.00074831682528571537 0.00040741664463371204 0.00061600056323811924 -0.00055235495202433981 -0.00051641824145576265 0.0014118051881240878 0.0010398522865905132 -0.00045746322133957326 -0.00069277482964326897 0.0021706728021271809 -4.678501005046085e-05
leaf_weight=188 53 524 52 626 42 70 44 71 46 241 42 205 166 1314 650 462 79 48 99 146 59 78 103 45 41 55 41 122 59 12445
leaf_count=188 53 524 52 626 42 70 44 71 46 241 42 205 166 1314 650 462 79 48 99 146 59 78 103 45 41 55 41 122 59 12445
internal_value=-0.000312237 -0.00169723 -0.000266837 -0.000825105 0.000202019 0.000802275 0.00462069 0.00026256 0.00119701 0.000190908 0.00310112 -0.00018864 0.000558277 -0.000269388 -0.00154111 0.000417695 0.000647832 0.0021674 0.000263513 -0.00146544 0.000323639 0.00161826 0.000515337 -5.44801e-05 0.000881867 0.00133542 0.000679855 -2.69065e-05 0.00207921 -0.000241789
internal_weight=18216 577 17639 2166 890 702 86 616 400 329 88 15473 1509 13964 1276 1457 1291 226 147 216 1065 240 162 825 363 318 277 222 100 13759
internal_count=18216 577 17639 2166 890 702 86 616 400 329 88 15473 1509 13964 1276 1457 1291 226 147 216 1065 240 162 825 363 318 277 222 100 13759
is_linear=0
shrinkage=0.03


Tree=123
num_leaves=31
num_cat=0
split_feature=6 7 0 2 9 7 0 7 0 7 2 5 1 2 6 5 0 5 4 9 1 1 1 4 9 11 2 7 0 2
split_gain=1.41474 1.54486 1.36707 1.61154 2.52294 1.35474 1.2989 1.22285 1.20007 1.74002 2.05495 1.19873 1.15637 1.53309 1.58724 1.15032 1.08422 1.82007 1.05423 1.02393 0.986641 1.13322 0.898406 1.37197 1.0085 1.00352 0.996149 0.787651 0.782552 1.0921
threshold=0.44959407959715231 0.89897156607438566 12.088336722964014 0.27039231885536502 1.5831647990237123 0.83922723779723041 173.87500000000003 0.76606415112658255 1.0170318206981055 0.17357492744106029 0.56897865902212619 11.02778383160763 1.3538567246044657 0.063342532967867557 0.35580180206347573 4.2903656061101136 1.1151223668124659 10.49379880230474 2.4187315589620968 1.4780927442181238 0.54727166777331171 1.4567423956366692 0.085897028544612328 1.2382153329277747 0.44684192199480394 9.5000000000000018 0.22730035935414453 0.26488621895598646 41.491666666666674 0.3464903205065949
decision_type=2 2 10 10 10 2 10 2 10 2 10 2 2 10 2 2 10 2 8 8 2 2 2 10 10 2 10 2 8 10
left_child=2 28 5 4 20 8 -5 -8 12 16 18 -7 15 -14 -15 -1 -10 -18 -11 22 -4 -22 23 24 25 -17 -25 -20 -2 -30
right_child=1 -3 3 6 -6 11 7 -9 9 10 -12 -13 13 14 -16 19 17 -19 27 -21 21 -23 -24 26 -26 -27 -28 -29 29 -31
leaf_value=0.0094146586443636417 -0.0010001901998430113 0.0040102397201729097 -0.00089624529948158541 -0.00039468639953654615 0.0004981954578569661 -0.00062094402997606352 -2.3411659863525478e-05 0.00067647558953714876 0.00054799608001341877 -2.9141237196851812e-05 0.0019733095367581352 0.0017190951522080234 0.0012121802771413101 -0.00025578439204128887 0.00065990804762241975 -0.00051894972243724902 -0.0010271046418681151 0.0013360390065951687 0.00048805819592434948 -0.00060272961440802617 0.0016954261644810749 -0.00019930852858116542 -0.00027566737732865866 0.0005271422913639413 0.0016893228697055665 0.00020194528899474462 0.018478035778026137 -0.00075235588406590416 -0.0015859118779204459 6.1834857090345316e-05
leaf_weight=56 1079 57 40 170 40 614 57 49 113 12493 61 51 66 121 48 145 540 46 48 232 46 42 343 55 72 88 43 394 271 499
leaf_count=56 1079 57 40 170 40 614 57 49 113 12493 61 51 66 121 48 145 540 46 48 232 46 42 343 55 72 88 43 394 271 499
internal_value=-0.00027514 -0.00104772 -0.000183465 0.00145618 0.00376331 -0.000230135 4.33206e-05 0.00263551 -0.0001712 -0.000252994 -0.000174503 -0.00155405 0.000711023 0.00260593 0.00107647 0.00027826 -0.00171 -0.00222828 -0.000200604 3.67715e-05 0.00167442 0.0034382 0.000578313 0.00153713 0.000539215 -0.000423078 0.00460606 -0.00163883 -0.00119838 -0.000466927
internal_weight=17979 1906 16073 444 168 15629 276 106 14964 13695 12996 665 1269 235 169 1034 699 586 12935 978 128 88 746 403 305 233 98 442 1849 770
internal_count=17979 1906 16073 444 168 15629 276 106 14964 13695 12996 665 1269 235 169 1034 699 586 12935 978 128 88 746 403 305 233 98 442 1849 770
is_linear=0
shrinkage=0.03


Tree=124
num_leaves=31
num_cat=0
split_feature=6 9 5 8 2 7 2 11 7 5 2 5 7 9 8 5 7 2 8 9 9 8 5 2 7 9 6 5 8 4
split_gain=1.59248 1.59259 1.80906 1.46251 2.27214 1.04786 2.83704 0.917888 0.900516 0.966425 0.952153 0.851191 2.20355 1.29376 2.14707 1.4236 4.68753 3.97448 1.36565 1.59434 2.57081 1.5277 1.3737 1.34337 2.00465 1.63886 1.44014 1.38129 1.32403 2.58226
threshold=0.39299729017809254 -0.85576102661335829 8.6911464844163806 0.80015271443541403 0.5127230041609725 0.89897156607438566 0.38387523515952743 10.500000000000002 0.88711113501944394 4.6395599436855051 0.021801086961219133 10.027142203153319 0.13376981943674532 0.38510169754547158 0.01370810135374643 9.8749594659439541 0.49207900493773443 0.14897757817909948 0.1663026542529801 1.5831647990237123 1.9489238613711175 0.13002825329929008 9.5944796881517256 0.32939929701381349 0.65902869219081783 0.10921755714685681 0.16963762863712975 9.7519667381250326 0.11403840353278442 0.041637267759462977
decision_type=2 8 2 8 8 2 10 2 2 2 10 2 2 10 10 2 2 10 10 10 10 10 2 10 2 10 2 2 10 10
left_child=1 2 -1 8 7 -2 -7 -5 9 -3 -11 12 -12 14 -14 23 17 -17 19 22 -21 -22 -15 26 25 -25 27 28 29 -16
right_child=5 3 -4 4 -6 6 -8 -9 -10 10 11 -13 13 18 15 16 -18 -19 -20 20 21 -23 -24 24 -26 -27 -28 -29 -30 -31
leaf_value=0.0043783611514077838 -0.00052888584785211142 0.0037429067395001749 -9.025077467007662e-05 8.5385331648071063e-05 0.0020532313214755142 0.0066259713534049412 -0.0015379337273167266 0.0014160800969612428 -0.00071319631572342747 -0.00062966816591595947 -0.0009480010473162184 -9.9879923862081899e-05 -0.00021893695305241634 0.00028883112316653722 0.00049062570760583619 0.0019998821508585107 -1.3915659710781408e-05 0.00068360244690873404 -0.00024188555978466814 0.00092686526344185375 -0.00017106736707154157 0.00058834300754397636 -0.00030136684487654325 0.00049141755039280258 1.2659637070393855e-05 0.0019696058370248476 -8.1153774685274751e-05 -0.0004562211934865551 0.00023650398097860867 0.00029432204843126932
leaf_weight=46 2818 46 53 635 76 40 43 47 182 204 267 6211 626 531 41 40 231 112 2586 42 84 40 401 64 179 71 1226 157 548 356
leaf_count=46 2818 46 53 635 76 40 43 47 182 204 267 6211 626 531 41 40 231 112 2586 42 84 40 401 64 179 71 1226 157 548 356
internal_value=-0.000267108 -0.000143416 0.00363 -0.000168556 0.00111462 -0.000910752 0.00239286 0.000562225 -0.000236909 -0.000209685 -0.00022407 -0.000193934 1.89392e-05 0.000116548 0.000516702 0.000847653 0.00255469 0.00662745 -0.000280055 0.000606005 0.00330539 0.001104 0.000122186 0.000599318 0.00243809 0.00518382 0.000350364 0.0011369 0.00156977 0.00288693
internal_weight=18003 15102 99 15003 758 2901 83 682 14245 14063 14017 13813 7602 7335 3651 3025 383 152 3684 1098 166 124 932 2642 314 135 2328 1102 945 397
internal_count=18003 15102 99 15003 758 2901 83 682 14245 14063 14017 13813 7602 7335 3651 3025 383 152 3684 1098 166 124 932 2642 314 135 2328 1102 945 397
is_linear=0
shrinkage=0.03


Tree=125
num_leaves=31
num_cat=0
split_feature=13 7 5 5 7 9 13 0 7 7 7 8 2 9 8 9 7 7 12 5 12 2 7 8 9 5 5 5 8 5
split_gain=1.27641 1.6189 2.17996 1.21192 1.55994 1.29169 1.45739 1.29482 1.0921 0.981192 0.928974 1.40032 2.12333 1.83768 1.42268 1.38527 1.61466 3.22016 3.70333 1.28326 1.24758 3.20074 2.25949 2.55817 2.8925 2.07004 1.36574 1.11402 0.959078 0.916317
threshold=0.52235738463109549 0.82764301768011317 6.8490657203609322 9.1788496835846747 0.87094742634905298 -0.85576102661335829 0.32161131614419253 0.79310647065497053 0.85648310395710425 0.16056817893347705 0.68642205261725386 0.80015271443541403 0.5127230041609725 0.74309347353224997 0.10420418737966831 0.73282419162571266 0.76251390715872336 0.73481804469427081 0.51389057532454963 7.8543805330358687 0.51536252395038173 0.24356556970788404 0.63683621704655724 0.10673267414981689 0.47344233431239185 8.1749844932907632 9.1309724131520458 8.5808250472585055 0.1663026542529801 5.0434043048315838
decision_type=2 2 2 2 2 8 2 8 2 2 2 10 10 10 8 8 2 2 2 2 2 10 2 10 8 2 2 2 8 2
left_child=3 29 -3 4 5 6 -1 -7 9 -9 11 13 -13 19 -15 -12 17 28 -19 -11 25 22 23 -22 -25 -21 -27 -23 -17 -2
right_child=1 2 -4 -5 -6 7 -8 8 -10 10 15 12 -14 14 -16 16 -18 18 -20 20 21 27 -24 24 -26 26 -28 -29 -30 -31
leaf_value=0.0050038678625567599 -0.00048647462621378984 0.0034663615801148119 -0.0012269696344443947 -9.1547739070634766e-05 -0.00095907083021863333 0.0036861502560044369 -7.6189256260260433e-05 -0.00085968059390557287 0.0012802844990229491 -5.0531896012457943e-05 -0.00032542573381539919 0.00012110144032925383 0.0021307562446824749 0.00051364391713198444 -0.00054813928496580118 0.000494917692314258 -0.00016470562150824275 0.0043008562682990683 9.8405385402138186e-05 0.0030371778716374123 -0.00062268793818790998 0.00021589751070913229 0.0021517936645152934 0.0017918969028603751 0.00036532243529486874 -0.00014676339729403063 0.00045442905264843244 -0.00056200016586560781 -0.00083806648059316818 -0.0019525252127121078
leaf_weight=40 200 54 59 12517 245 87 40 212 46 620 946 78 41 69 525 47 408 41 61 45 61 106 45 53 48 478 54 98 169 662
leaf_count=40 200 54 59 12517 245 87 40 212 46 620 946 78 41 69 525 47 408 41 61 45 61 106 45 53 48 478 54 98 169 662
internal_value=-0.000281726 -0.00133709 0.00202632 -0.000221757 0.000191037 0.000320434 0.00407407 0.000250287 0.000175681 0.000124821 0.000230595 0.000618862 0.003775 0.000446663 -0.000978152 -0.000308429 0.000676753 0.00227586 0.00664078 0.000973275 0.00164408 0.00290534 0.00552404 0.00382822 0.00673529 0.000742214 0.000213883 0.000234146 0.000193548 -0.00177984
internal_weight=18155 975 113 17180 4663 4418 80 4338 4251 4205 3993 2321 119 2202 594 1672 726 318 102 1608 988 411 207 162 101 577 532 204 216 862
internal_count=18155 975 113 17180 4663 4418 80 4338 4251 4205 3993 2321 119 2202 594 1672 726 318 102 1608 988 411 207 162 101 577 532 204 216 862
is_linear=0
shrinkage=0.03


Tree=126
num_leaves=31
num_cat=0
split_feature=7 5 0 12 6 0 0 3 3 5 6 6 7 7 7 12 3 6 7 2 5 2 6 7 6 12 0 7 7 9
split_gain=1.27309 1.55362 1.43613 1.31649 1.36768 2.74913 1.99524 1.6698 1.61909 1.98304 2.63962 2.19343 1.90969 1.73498 1.30329 1.22675 1.37396 1.5792 1.58392 1.74819 2.37175 1.19286 3.04886 1.11062 1.28105 1.71745 1.98817 1.98901 2.51838 2.73103
threshold=0.16056817893347705 10.524252194240935 1.1151223668124659 0.67203978865988201 0.23878754578110065 3.2593097366416806 21.534172661870507 53.071921976162365 3.5787330912022335 8.1749844932907632 0.39976934944685999 0.34460433495124493 0.74449656142949794 0.76768097067654995 0.060924651430521816 0.40980802514412601 1.518741257858381 0.17831604714542773 0.6122757955243453 0.20332230521120279 9.760800081240891 0.12679108168235478 0.26755626694007001 0.89897156607438566 0.52235738463109549 0.47729516072294265 1.6334483522608274 0.75129220640072214 0.38207976712248409 0.65764837475766769
decision_type=2 2 10 2 2 10 10 8 10 2 2 2 2 2 2 2 10 2 2 8 2 10 2 2 2 2 8 2 2 8
left_child=1 2 14 4 5 15 7 21 -8 12 11 -11 -10 -13 -1 -2 17 18 19 -17 -21 22 -6 24 25 26 -23 28 -28 -30
right_child=3 -3 -4 -5 6 -7 8 -9 9 10 -12 13 -14 -15 -16 16 -18 -19 -20 20 -22 23 -24 -25 -26 -27 27 -29 29 -31
leaf_value=0.0099485069149958718 0.00055057426339454106 0.0014604275875277875 -0.0010693208436738247 -0.00046065929040374845 0.0011254576306660266 0.0010781570424664376 -0.0011722976568857247 -0.00075940626048409991 0.0017253432337966741 -2.5108797802176716e-05 -0.00023436805703657624 0.00011216271261682512 0.00017210454514678651 0.0019686663038851618 -0.00025273389403976149 -0.00032507528888986258 4.2187781078753828e-05 -0.00048262245243928367 0.00011504572012649146 -0.00035352425526434642 0.0004789056775041196 -0.00039272407079616277 -0.00072747014024314341 0.0034854151959216751 -0.002447555622373144 -0.00025765414480980831 -0.001687030985424837 -0.0011157939423257401 0.00054340308012412427 0.00097287980134976341
leaf_weight=58 570 55 607 228 46 85 79 1319 77 66 306 42 84 41 178 1626 4897 753 1400 45 61 485 87 72 447 3708 69 104 352 147
leaf_count=58 570 55 607 228 46 85 79 1319 77 66 306 42 84 41 178 1626 4897 753 1400 45 61 485 87 72 447 3708 69 104 352 147
internal_value=-0.000260957 -0.00136151 -0.00168128 -0.000203408 -0.000172904 6.77043e-05 -0.000474377 -0.000630102 0.00105603 0.00157536 0.00055921 0.00382 0.00442593 0.00703571 0.000303797 1.86029e-05 -6.89976e-05 -0.000490222 -0.000193426 -0.00079977 0.00291589 -0.000400689 0.00239552 -0.000470196 -0.000520611 -0.000379162 0.000629533 0.00168499 0.00238313 0.003126
internal_weight=18094 898 843 17196 16968 9437 7531 6836 695 616 455 149 161 83 236 9352 8782 3885 3132 1732 106 5517 133 5384 5312 4865 1157 672 568 499
internal_count=18094 898 843 17196 16968 9437 7531 6836 695 616 455 149 161 83 236 9352 8782 3885 3132 1732 106 5517 133 5384 5312 4865 1157 672 568 499
is_linear=0
shrinkage=0.03


Tree=127
num_leaves=31
num_cat=0
split_feature=7 6 8 2 5 1 12 7 12 1 5 5 3 5 7 9 2 8 2 7 12 12 6 7 7 5 12 5 1 3
split_gain=1.61658 1.34293 2.10975 2.54468 1.51529 2.03985 1.8768 0.994373 1.48542 1.01027 0.88135 0.867807 1.51126 1.49745 3.91222 3.36479 1.77088 1.4021 2.25868 1.7735 1.31564 1.19435 1.15505 1.27339 1.48645 2.29918 2.20802 1.51634 2.22037 1.43316
threshold=0.16056817893347705 0.39299729017809254 0.80015271443541403 0.5127230041609725 6.6560834372730202 -0.71486354628008408 0.36120511938173433 0.76251390715872336 0.60000737844019791 2.1791245824113843 10.558205706138827 9.9905822583368913 2.3663689654504005 9.8749594659439541 0.49207900493773443 0.30007497863387467 0.17445819296516149 0.22780029694711032 0.22426851114487834 0.58661399486304633 0.48626165089234041 0.63359640634278158 0.20648288461095191 0.82466409247930572 0.72875458763823875 10.098293353913622 0.59770972956937329 10.833020220463881 1.0426671429113543 14.434670028056876
decision_type=2 2 8 8 2 2 2 2 2 2 2 2 10 2 2 10 10 10 10 2 2 2 2 2 2 2 2 2 2 10
left_child=-1 2 4 7 5 -2 -7 8 9 -4 -3 13 -13 -6 15 16 -15 19 -19 -16 -17 22 23 24 29 -26 27 28 -27 -14
right_child=1 10 3 -5 11 6 -8 -9 -10 -11 -12 12 21 14 17 20 -18 18 -20 -21 -22 -23 -24 -25 25 26 -28 -29 -30 -31
leaf_value=-0.00062718944082663106 0.0036390432963017321 -0.00028895027334985328 0.00011216715516368659 0.0017340030897566644 -2.0964747928605284e-05 0.002534890024800208 -0.00079799399345286033 -0.0011290545064844223 0.0035228028886496918 0.0020301767807931427 -0.0011306041023473885 -0.00017650498195313522 -2.60252778221206e-05 0.0019708712465028966 0.00037592672461272828 -0.0004697378786148113 0.0009754639001107691 0.0017722648540939902 -0.00045290248007316051 -0.00052146072578662 0.00047526427233835687 -0.00027529730981807612 -7.9973181239156415e-05 -0.001190448609393788 -0.0012963538017675463 0.0018094056670720656 1.5473975096247899e-05 0.00090008619189813175 0.0010955034016117626 0.00086246170679162525
leaf_weight=909 43 2620 414 60 6510 79 137 89 75 44 159 3680 372 40 63 40 47 62 86 238 59 377 1344 61 41 41 60 45 53 192
leaf_count=909 43 2620 414 60 6510 79 137 89 75 44 159 3680 372 40 63 40 47 62 86 238 59 377 1344 61 41 41 60 45 53 192
internal_value=-0.000281027 -0.000215562 -9.8656e-05 0.00152855 -0.000179944 0.00208846 0.000884792 0.00095345 0.00144382 0.000797385 -0.000819065 -0.000223905 -0.000481571 2.09836e-06 0.00139151 0.00503743 0.00930682 -0.000126667 0.00225503 -0.00130133 0.00123 7.42165e-05 0.000340723 0.00119515 0.00151304 0.00348548 0.004815 0.00687857 0.00903158 0.000669026
internal_weight=18040 17131 14352 682 13670 259 216 622 533 458 2779 13411 6266 7145 635 186 87 449 148 301 99 2586 2209 865 804 240 199 139 94 564
internal_count=18040 17131 14352 682 13670 259 216 622 533 458 2779 13411 6266 7145 635 186 87 449 148 301 99 2586 2209 865 804 240 199 139 94 564
is_linear=0
shrinkage=0.03


Tree=128
num_leaves=31
num_cat=0
split_feature=7 5 3 8 5 8 5 7 2 5 6 6 7 6 9 3 2 6 7 5 8 9 5 3 9 8 2 7 8 3
split_gain=1.18285 1.0967 1.08672 1.24175 1.23804 1.67297 1.70457 3.43259 3.90918 1.15173 1.79621 2.06006 1.14426 1.79962 1.47726 1.44258 0.940712 0.931389 0.930967 3.02577 2.06427 1.18604 1.06439 0.930185 0.880827 1.01182 1.70584 1.72852 2.11621 2.88157
threshold=0.16056817893347705 10.524252194240935 110.57341255182855 0.29489646668316777 10.017686394612278 0.27194599461280655 10.662726734184359 0.51005728086648106 0.26484504263557612 10.929735199096633 0.3045360134814859 0.18447141845543505 0.54771052542311616 0.17831604714542773 0.11439574204596888 5.2662241621744377 0.20439313897947839 0.23878754578110065 0.47274543456275669 10.277135142609387 0.057897231563806086 0.034602349565179165 10.187161602881588 40.417143838044616 0.42662667919845249 0.10955932804797305 0.32242930240899453 0.75900462734085805 0.41016625347132757 50.515213790626973
decision_type=2 2 8 10 2 10 2 2 10 2 2 2 2 2 10 10 10 2 2 2 10 10 2 10 10 10 10 2 10 10
left_child=1 -1 4 -4 24 12 -7 8 -8 -9 11 -11 14 -14 18 -15 -16 23 19 -6 -21 -22 -20 -17 25 -2 -27 28 -28 -30
right_child=2 -3 3 -5 5 6 7 9 -10 10 -12 -13 13 15 16 17 -18 -19 22 20 21 -23 -24 -25 -26 26 27 -29 29 -31
leaf_value=-0.00073185301649879005 -2.8757852458840234e-05 0.0011124814043598447 -0.00018325266479260265 -0.0010099376160474217 -0.00033194364710695311 -9.5410151741554065e-05 0.0016770297106740756 -0.00031305839169498342 -0.0004562665528191805 1.7178387522901825e-06 -0.00085536561238093239 0.0016612786323604086 2.1949871066079234e-05 -0.00066104077262614947 -0.00075496647351725918 -9.3420327115516932e-06 -0.00022621461543800901 -0.00049472804515043466 0.00057741919485684325 -0.00014193041382712623 0.00055485024744555132 0.001512477821783138 -0.00098242544962756292 0.0016482668559186881 -0.00010126608715652716 4.346566065609143e-05 0.0018479287289376448 -0.00023054327944284757 -0.0012133332440292938 0.0022346941333149005
leaf_weight=855 2141 51 1370 439 117 771 65 181 40 53 58 53 1455 808 946 234 598 601 44 51 63 53 126 84 4199 2022 303 135 164 43
leaf_count=855 2141 51 1370 439 117 771 65 181 40 53 58 53 1455 808 946 234 598 601 44 51 63 53 126 84 4199 2022 303 135 164 43
internal_value=-0.000353068 -0.00140904 -0.000297422 -0.000992818 -0.000215719 -0.000534677 0.000463993 0.00192905 0.00665094 0.000476878 0.00229091 0.00459813 -0.000770122 -0.000416589 -0.00133267 -0.00107118 -0.00177476 -0.000257609 0.000171428 0.00122105 0.00380357 0.006 -0.00157895 0.00105329 1.09895e-05 0.000288209 0.000678035 0.00202012 0.002818 0.000475961
internal_weight=18123 906 17217 1809 15408 6401 1221 450 105 345 164 106 5180 3182 1998 1727 1544 919 454 284 167 116 170 318 9007 4808 2667 645 510 207
internal_count=18123 906 17217 1809 15408 6401 1221 450 105 345 164 106 5180 3182 1998 1727 1544 919 454 284 167 116 170 318 9007 4808 2667 645 510 207
is_linear=0
shrinkage=0.03


Tree=129
num_leaves=31
num_cat=0
split_feature=6 0 9 5 2 0 12 4 5 6 1 1 12 5 1 12 12 0 0 9 12 9 12 12 2 2 9 0 0 1
split_gain=1.33675 2.23308 1.41218 1.32511 1.23827 1.61493 2.50216 1.22416 1.77191 1.66463 2.07474 1.27613 1.11057 1.01889 1.00602 1.11121 1.22444 2.09599 2.82097 1.68053 8.94367 1.09382 0.920515 1.03537 1.31161 1.29359 0.913517 2.03731 0.905329 1.61519
threshold=0.25395846130562744 21.534172661870507 1.9489238613711175 9.6843671431457636 0.33970965647905416 1.3409717969257235 0.53335028176772181 0.58389581621462039 8.1749844932907632 0.45891654915643981 3.2649253436940238 0.86890401556817443 0.4926792339946956 4.6395599436855051 0.3281624460969752 0.33335832672793625 0.48718205436267115 1.7701349040930985 2.3680345399211169 0.58579757115135633 0.46091639781348365 -0.043048150291973147 0.67203978865988201 0.51389057532454963 0.07462718227239877 0.38718846634995563 1.6726569399028264 2.9364730312058906 1.7350903107018565 1.6121654484673353
decision_type=2 10 10 2 8 10 2 8 2 2 2 2 2 2 2 2 2 8 10 10 2 10 2 2 8 10 10 8 10 2
left_child=3 2 14 13 -5 -6 -7 -3 11 10 -10 -9 -13 -1 -2 -16 17 -17 19 -19 -21 -20 23 -15 -25 28 -18 -28 -26 -30
right_child=1 7 -4 4 5 6 -8 8 9 -11 -12 12 -14 22 15 16 26 18 21 20 -22 -23 -24 24 25 -27 27 -29 29 -31
leaf_value=0.0038475357037595836 -0.00063360364425890734 0.0005640544956793999 -0.0010195509834480625 -8.5141593281494912e-05 -0.0002994272892527717 0.0020375565253185676 0.0004580753910081388 -0.00081475764456311864 -6.6384638171792258e-06 -0.0014085164694837404 0.0011632720980727655 0.00028835081027238618 0.0017622019252960524 -4.0004033095318165e-05 -0.0032353918785178082 -0.00040755222464373405 -0.00023741429346365889 0.00074342270764010069 0.00048304975958101922 -0.00035510360622365315 0.0012676223501472711 -0.0014443659452572876 -0.0014027537279841212 0.0020420952182055945 1.2600161764988359e-05 0.0018050116682762469 -0.0015124267576326579 0.000783683604685146 0.00038699416126607741 -0.00043196385270138877
leaf_weight=52 870 70 1171 6248 73 40 64 43 239 214 40 59 89 2223 283 565 2616 435 59 89 64 238 96 48 1415 81 42 41 384 118
leaf_count=52 870 70 1171 6248 73 40 64 43 239 214 40 59 89 2223 283 565 2616 435 59 89 64 238 96 48 1415 81 42 41 384 118
internal_value=-0.000330217 -0.000646238 -0.000826229 -0.000119525 -0.000394492 0.00207303 0.00445714 0.000898013 0.000508028 -0.000443321 0.00108214 0.00295312 0.00426846 0.000280443 -0.000617764 -0.000434469 -0.000310121 0.000392832 0.00130361 0.00250594 0.0052013 -0.00107718 0.000230187 0.000295784 0.000782608 0.000663331 -0.000687778 0.00239286 0.000505213 0.00159841
internal_weight=18069 7227 6473 10842 6425 177 104 754 684 493 279 191 148 4417 5302 4432 4149 1450 885 588 153 297 4365 4269 2046 1998 2699 83 1917 502
internal_count=18069 7227 6473 10842 6425 177 104 754 684 493 279 191 148 4417 5302 4432 4149 1450 885 588 153 297 4365 4269 2046 1998 2699 83 1917 502
is_linear=0
shrinkage=0.03


Tree=130
num_leaves=31
num_cat=0
split_feature=7 6 7 7 8 8 7 1 9 2 5 5 0 8 5 9 6 2 8 7 2 9 7 1 2 0 7 8 3 5
split_gain=1.2386 1.27057 1.65472 1.27688 2.44089 2.42242 1.70361 1.26986 1.31846 3.71355 1.2488 1.38007 1.17889 1.15765 1.29277 1.32018 1.16135 1.1299 1.25465 1.05348 1.04163 1.13725 1.04157 0.985099 1.16634 0.958398 1.02003 0.951824 1.27893 1.53939
threshold=0.16056817893347705 0.17831604714542773 0.81316422443422043 0.23397720187856033 0.13885248015634441 0.1031883790118855 0.61429005025162597 4.0282677535513853 -0.062672178727038994 0.22426851114487834 4.6395599436855051 10.524252194240935 21.534172661870507 0.43086896720702866 9.3406227412758369 0.41773989421994434 0.12000434695072838 0.40033897095900811 -0.21323842981182906 0.27955058484668488 0.16735638927251781 -0.10813814218415556 0.62249340219928873 -0.32029484890109888 0.15180505389628549 1.1151223668124659 0.10995514045202619 0.034535101369980538 2.9312230511458921 8.1749844932907632
decision_type=2 2 2 2 10 8 2 2 8 10 2 2 10 8 2 10 2 8 8 2 10 10 2 2 8 8 2 10 10 2
left_child=10 2 3 4 5 -2 13 8 9 23 -1 25 17 20 15 -15 -16 18 -3 -20 21 -5 -10 -8 -25 26 -12 -14 -29 -30
right_child=1 12 -4 6 -6 -7 7 -9 22 -11 11 -13 27 14 16 -17 -18 -19 19 -21 -22 -23 -24 24 -26 -27 -28 28 29 -31
leaf_value=0.013544183138728526 6.8457615945031753e-05 0.0062385031686139061 -0.00038542679600081026 0.0013127827237895441 0.00019069004394682733 0.0017791611658925692 -0.00010782858651583069 0.00084126594514058353 0.00055234094397992864 0.0040208556570336821 0.00060287622902471057 0.0015405567976991405 -0.00067898936913699101 0.0035828608755059531 0.00074352429195957432 -0.00059107086008698077 0.00011271262067507663 -0.00073265661629561582 -0.00078053090346990402 -8.6187259690453149e-05 2.9137384584903165e-05 -0.00032752227068065016 4.0890971965062976e-05 0.0010966524273536748 -5.5694508080169367e-05 -0.0010075457926115609 -0.00069292967489538806 -0.00083382133778719762 0.0014542870543086805 8.2525045267943108e-05
leaf_weight=62 41 42 349 68 244 40 58 65 104 47 72 55 126 40 52 111 53 1157 421 8291 1226 1440 2545 42 50 666 75 68 134 368
leaf_count=62 41 42 349 68 244 40 58 65 104 47 72 55 126 40 52 111 53 1157 421 8291 1226 1440 2545 42 50 666 75 68 134 368
internal_value=-0.000255397 -0.000197638 0.000130018 0.000242813 0.00207055 0.00654878 0.000141816 0.00065831 0.000562697 0.00292424 -0.00132116 -0.00161565 -0.000400736 -0.000361084 0.0015642 -0.000217106 0.00410377 -0.000484565 -0.000368019 -0.000393206 -0.000541865 -0.00106958 0.000386037 0.000596026 0.00251613 -0.00192752 0.000263513 0.000791965 0.00131348 0.00183698
internal_weight=18112 17182 6575 6226 325 81 5901 2911 2846 197 930 868 10607 2990 256 151 105 9911 8754 8712 2734 1508 2649 150 92 813 147 696 570 502
internal_count=18112 17182 6575 6226 325 81 5901 2911 2846 197 930 868 10607 2990 256 151 105 9911 8754 8712 2734 1508 2649 150 92 813 147 696 570 502
is_linear=0
shrinkage=0.03


Tree=131
num_leaves=31
num_cat=0
split_feature=6 7 2 1 7 8 12 12 7 7 4 4 4 2 12 9 4 8 2 1 8 7 6 7 6 7 1 2 7 7
split_gain=1.45704 1.52103 2.51959 1.78502 1.13039 1.35665 2.35279 1.18465 1.02893 0.868833 2.30904 0.948321 1.097 1.36618 1.19782 0.73226 0.86765 0.771333 0.79882 0.83494 0.705047 0.9739 0.9418 1.31501 1.86698 2.17935 1.85804 0.915787 0.879309 0.633927
threshold=0.50162674682505914 0.82144523439235739 0.38387523515952743 1.6588986200194786 0.29790852892118719 0.18380246224295535 0.38480357719275898 0.67203978865988201 0.87094742634905298 0.85648310395710425 1.3357507111430513 2.3481097811838865 2.2208975449451307 0.27707405385538869 0.54429817977864869 -0.67143774308222415 0.58389581621462039 0.80015271443541403 0.36809816620323688 0.71903053224654856 0.0039311540785147946 0.060924651430521816 0.18319577104959175 0.14821224037861405 0.053916799209801532 0.2409652070002585 0.31785956510314045 0.11998598105605292 0.10995514045202619 0.56356504515786832
decision_type=2 2 10 2 2 10 2 2 2 2 10 8 10 10 2 8 10 10 10 2 8 2 2 2 2 2 2 8 2 2
left_child=4 29 3 -3 5 20 -7 8 9 11 -11 12 15 14 -14 16 -6 -17 19 -19 -1 -22 23 28 -25 27 -27 -26 -23 -2
right_child=1 2 -4 -5 7 6 -8 -9 -10 10 -12 -13 13 -15 -16 17 -18 18 -20 -21 21 22 -24 24 25 26 -28 -29 -30 -31
leaf_value=-0.00040807666788678218 -0.00037785752764399279 0.0018687576526835665 -0.00079168568083727261 0.003754464917406196 0.0050240057524914986 0.00094557267844807538 -0.00085035067539000785 -0.00052105574810669799 -0.00050227998936449615 -0.00031975428404405114 0.0025126154635139388 -0.00039147760591072648 0.0021212026816255004 -0.00091464713703814948 2.6185186315487809e-05 -2.2774595884692856e-05 6.2832086645035545e-05 -0.0012349120248564597 0.0013761157894946593 0.00060095200470090327 0.0016576978605499048 0.00028211399600577695 -0.000571524492443802 -0.00049262554718163215 0.0018987726841348149 0.00044463504250912651 -0.00075829230174191936 0.00059938331778753434 -0.00060160092861047041 -0.0020225789465111296
leaf_weight=130 449 41 85 40 51 80 1031 221 487 60 53 624 66 98 54 12787 113 46 86 54 72 58 267 77 40 48 56 48 102 549
leaf_count=130 449 41 85 40 51 80 1031 221 487 60 53 624 66 98 54 12787 113 46 86 54 72 58 267 77 40 48 56 48 102 549
internal_value=-0.000297597 -0.00132361 0.00132934 0.00508537 -0.000226473 -0.000894031 -0.00159443 -0.000135802 -0.000102676 -5.57731e-05 0.00255263 -7.70393e-05 -2.35856e-05 0.00208219 0.00421488 -5.86854e-05 0.00192727 -8.39378e-05 0.00182888 -7.08174e-10 -2.6697e-05 0.000319895 -2.58257e-05 0.000844185 0.00212222 0.00369948 0.000742856 0.00714607 -0.00130435 -0.00176577
internal_weight=17973 1164 166 81 16809 2009 1111 14800 14579 14092 113 13979 13355 218 120 13137 164 12973 186 100 898 768 696 429 269 192 104 88 160 998
internal_count=17973 1164 166 81 16809 2009 1111 14800 14579 14092 113 13979 13355 218 120 13137 164 12973 186 100 898 768 696 429 269 192 104 88 160 998
is_linear=0
shrinkage=0.03


Tree=132
num_leaves=31
num_cat=0
split_feature=3 12 7 3 6 5 0 3 7 9 12 12 0 6 7 5 7 0 7 5 7 12 7 5 5 9 7 5 5 0
split_gain=1.57879 1.58409 2.06281 1.19308 1.34152 2.11582 1.32366 1.05414 2.24739 3.14384 1.99297 1.52001 1.2141 1.71658 1.48466 1.29074 2.1702 1.46229 1.37615 1.27228 1.03594 1.32393 2.0583 1.45156 2.82722 1.11034 1.12106 1.46213 1.3211 1.17604
threshold=56.620248550398607 0.62349104474402817 0.55578060082076008 2.3663689654504005 -0.029419548223873267 8.7919419769113265 3.1410115212441139 2.5201930089965781 0.48089573529826152 0.19647424632893537 0.50262687009729123 0.5540018357278842 21.534172661870507 0.53129637843406929 0.80197797213813993 4.6395599436855051 0.48656566409476737 1018.2000000000002 0.58496244344608062 7.2675251843400792 0.50245940797608235 0.55837517705599926 0.40917062174420432 9.8464408915525699 9.5704244974356687 -0.85576102661335829 0.62687817354580855 10.38819504767293 10.245142755153182 1.6729107643729446
decision_type=8 2 2 10 2 2 10 10 2 8 2 2 8 2 2 2 2 8 2 2 2 2 2 2 2 10 2 2 2 10
left_child=3 -2 -3 6 5 -5 -1 8 9 -6 -10 -11 13 20 15 -14 -17 18 -18 -19 21 -9 23 24 -23 -22 27 28 -27 -28
right_child=1 2 -4 4 7 -7 -8 12 10 11 -12 -13 14 -15 -16 16 17 19 -20 -21 25 22 -24 -25 -26 26 29 -29 -30 -31
leaf_value=-8.2665598655267281e-05 -0.00045665822315935713 0.0064352313381113259 3.382582001818255e-05 0.0039479713862574104 0.002464303863327375 -0.00044010393249467903 -0.0010933801698202468 -0.00076212244396252197 0.0004473621226459492 -0.00014049040791228886 -0.00063740868434104098 0.00076919957924933093 0.011333196297817271 -0.0037353596503676102 -0.00023595742283330452 -0.0002709470393879115 0.0014539044881717205 -0.0018248236499655973 0.00066695269554113159 0.001247856094121817 0.00039229374129052565 -0.00019407206267955287 -0.00025180862309140395 -7.4885632703103729e-06 0.001560753626640158 0.00029157440962783671 8.654693138158665e-05 -6.3199328237406821e-05 0.0017021872439780196 -0.00025095881631671411
leaf_weight=8504 2154 40 246 40 49 48 384 658 55 102 206 70 45 227 117 106 42 51 89 109 46 41 179 79 45 679 1322 379 74 1793
leaf_count=8504 2154 40 246 40 49 48 384 658 55 102 206 70 45 227 117 106 42 51 89 109 46 41 179 79 45 679 1322 379 74 1793
internal_value=-0.000298499 -0.00100778 0.00108711 -0.000187066 0.000116806 0.00377528 -0.000414446 6.71839e-05 0.00141615 0.00363513 -0.000469466 0.00169942 -3.99547e-05 -0.000174906 0.00129107 0.00208578 0.00153015 0.00286644 0.00520454 0.000931676 -6.51442e-05 -0.000933201 0.000573912 0.00298193 0.00565517 0.000137633 8.68637e-05 0.000894968 0.00165915 -0.000206997
internal_weight=17979 2440 286 15539 6651 88 8888 6563 482 221 261 172 6081 5522 559 442 397 291 131 160 5295 1002 344 165 86 4293 4247 1132 753 3115
internal_count=17979 2440 286 15539 6651 88 8888 6563 482 221 261 172 6081 5522 559 442 397 291 131 160 5295 1002 344 165 86 4293 4247 1132 753 3115
is_linear=0
shrinkage=0.03


Tree=133
num_leaves=31
num_cat=0
split_feature=13 7 12 7 7 0 3 8 12 8 7 7 3 3 0 0 2 13 7 0 12 13 8 1 13 13 7 12 12 7
split_gain=1.0702 2.28808 0.937066 0.924857 0.93012 0.866671 1.59955 0.968958 1.98234 0.82903 1.08556 0.837982 0.882264 1.87842 1.24641 2.00688 0.798661 1.57452 1.04978 0.735615 2.61201 1.68901 1.78838 2.87374 1.2431 1.22001 1.73241 1.80097 1.51346 1.55423
threshold=0.53129637843406929 0.88187449488861602 0.67203978865988201 0.87094742634905298 0.29790852892118719 0.95842602470557592 1.0539741460127077 0.19727562958303144 0.38480357719275898 0.010043131190643583 0.060924651430521816 0.14821224037861405 2.5414461035512503 1.6659490128842387 1.2179645144496516 1.0625322275696119 0.48685345627576077 0.35857284224034741 0.76971975481793165 12.088336722964014 0.51319296468983178 0.40557866578172869 0.25762479472438643 0.64571302666389407 0.35296019100844861 0.26755626694007001 0.34206273980136731 0.55257881474604975 0.49040301950279636 0.75309812611863436
decision_type=2 2 2 2 2 8 10 10 2 8 2 2 10 8 10 10 10 2 2 8 2 2 8 2 2 2 2 2 2 2
left_child=2 -2 3 4 5 6 -1 9 -9 -7 -11 -12 13 14 15 -13 19 -18 -19 25 -21 22 24 -24 -22 -6 27 -27 29 -28
right_child=1 -3 -4 -5 16 7 -8 8 -10 10 11 12 -14 -15 -16 -17 17 18 -20 20 21 -23 23 -25 -26 26 28 -29 -30 -31
leaf_value=-0.0003000745673486983 -0.0014324628996317504 0.0037022512126371446 -0.00044488217067443104 -0.00047745601009420213 -3.9647187909859947e-06 -0.00039810942993084283 0.00071311545100570398 0.00079286750649214515 -0.00079930237044930686 0.0015768768515118114 -0.00066619351882548532 -0.00060057379580020847 -0.00029022994016088651 0.00036711572941467314 -0.00055958071587817061 0.00081999447446859971 0.0015822191299714728 -0.00095817327757953302 0.00072985452802381125 0.0024825384410214861 -0.0001877178155220782 -0.00019301416762329928 4.1261415335456766e-05 0.0010219720452592912 0.00060799477945107057 -0.00014498486373165634 0.0002650509202017069 0.00084345178313234917 -0.00050937436331949953 -0.00050847005436168455
leaf_weight=56 888 42 275 519 9418 107 41 73 919 66 207 61 133 74 119 101 83 86 41 44 157 440 57 56 106 68 1036 40 2615 221
leaf_count=56 888 42 275 519 9418 107 41 73 919 66 207 61 133 74 119 101 83 86 41 44 157 440 57 56 106 68 1036 40 2615 221
internal_value=-0.000330414 -0.00132116 -0.00027683 -0.00024857 -0.00020912 -0.000822779 0.00192857 -0.000967223 -0.00160725 -0.000234753 0.000114173 -0.00023707 0.000441717 0.00122191 9.5744e-05 0.00180368 -0.000126063 0.00170616 -0.000398438 -0.000153167 0.000696863 0.000308445 0.00178249 0.00492105 0.000420454 -0.000207777 -0.000648079 0.00308257 -0.000752905 0.000102543
internal_weight=18149 930 17219 16944 16425 1957 97 1860 992 868 761 695 488 355 281 162 14468 210 127 14258 860 816 376 113 263 13398 3980 108 3872 1257
internal_count=18149 930 17219 16944 16425 1957 97 1860 992 868 761 695 488 355 281 162 14468 210 127 14258 860 816 376 113 263 13398 3980 108 3872 1257
is_linear=0
shrinkage=0.03


Tree=134
num_leaves=31
num_cat=0
split_feature=13 7 7 7 7 8 5 12 8 3 0 3 0 5 7 8 13 3 2 11 2 8 5 12 7 2 4 7 11 7
split_gain=1.16618 1.14143 1.09045 1.20041 1.07944 1.33629 1.28995 1.26798 3.45575 1.02505 1.60816 1.25053 0.973683 0.971122 3.39541 3.79077 2.17181 1.63793 1.73653 2.11056 1.99379 1.50405 0.969079 1.33508 1.56146 3.9458 0.928197 0.911877 2.01394 0.882063
threshold=0.52235738463109549 0.88711113501944394 0.86491290113307462 0.85648310395710425 0.13918493739625848 -0.27981799337958924 9.9905822583368913 0.37867454858586441 0.31568745645763213 5.2662241621744377 1.3996412767246877 50.017422447993916 2.2279025452565677 9.866356648812479 0.49207900493773443 0.31034030842885013 0.12459420986330817 32.944957210929516 0.16735638927251781 8.5000000000000018 0.22653839352339369 0.15709575040925447 10.359281313084781 0.58324397821067853 0.7460998727262198 0.29164940947491408 -0.10847734851739124 0.62249340219928873 5.5000000000000009 0.63163431978688878
decision_type=2 2 2 2 2 10 2 2 10 8 8 10 10 2 2 8 2 10 10 2 10 10 2 2 2 10 8 2 2 2
left_child=2 -2 3 4 5 -1 13 8 -8 12 11 27 -9 -6 15 16 -15 18 -16 -20 -21 -18 23 -12 29 -26 -24 28 -11 -25
right_child=1 -3 -4 -5 6 -7 7 9 -10 10 22 -13 -14 14 17 -17 21 -19 19 20 -22 -23 26 24 25 -27 -28 -29 -30 -31
leaf_value=0.0070633929443198106 -0.0012961880513961597 0.0033629638552858387 -0.00044006227175656442 0.0013818248438221569 7.7718146028124536e-07 -0.00055825442611962461 -0.00042281485063190371 -0.00011615109835228491 0.00078792026346438074 0.0007999090270199205 -0.00057220292421686152 -0.00095777131810691315 -0.0009603887580253356 0.0018980947300350074 -0.00056350454205403918 -0.0012748550465822084 0.0003179874337482837 -0.0010807841248263862 0.00010341940505827848 0.0018638699603405694 0.00021546732783246644 0.00099905588616269769 0.0007036159421146389 0.00034379003532732978 -7.7533506086659685e-05 0.0011082577740000245 -0.00033395554741391203 0.0003669953741971945 0.00036552458287404595 -0.00061851282318050097
leaf_weight=53 972 40 589 71 8137 607 64 3911 67 42 331 46 438 44 134 55 90 185 181 40 44 64 41 157 67 52 1150 260 74 130
leaf_count=53 972 40 589 71 8137 607 64 3911 67 42 331 46 438 44 134 55 90 185 181 40 44 64 41 157 67 52 1150 260 74 130
internal_value=-0.000260683 -0.00124975 -0.000202161 -0.000156931 -0.000173824 -0.00136157 -0.000124139 -0.000434783 0.00247727 -0.00049209 1.27598e-05 0.00168794 -0.000764828 0.000112311 0.00108472 0.00398031 0.00590955 -0.00017436 0.000907499 0.00231203 0.00621176 0.00418064 -0.000354589 0.000499999 0.0016511 0.004525 -0.00088339 0.00225995 0.00446154 0.000447916
internal_weight=18136 1012 17124 16535 16464 660 15804 6830 131 6699 2350 422 4349 8974 837 253 198 584 399 265 84 154 1928 737 406 119 1191 376 116 287
internal_count=18136 1012 17124 16535 16464 660 15804 6830 131 6699 2350 422 4349 8974 837 253 198 584 399 265 84 154 1928 737 406 119 1191 376 116 287
is_linear=0
shrinkage=0.03


Tree=135
num_leaves=31
num_cat=0
split_feature=9 2 8 3 6 9 8 5 5 5 2 5 8 6 5 8 8 12 1 5 5 12 8 5 3 3 2 9 9 3
split_gain=1.1524 1.23827 1.70533 0.891352 1.43926 2.39394 2.69086 1.42234 1.39563 1.92318 1.38685 1.24509 2.00672 1.2256 2.41605 1.11995 1.64637 1.07892 1.06111 1.05838 1.78616 2.03264 1.05611 1.04724 1.43715 0.839396 0.827305 0.906776 0.808883 1.48463
threshold=3.6669840152221345 0.27039231885536502 0.35001753417288667 2.3374069183000317 0.16101398163317707 1.415660116296116 0.31034030842885013 11.061994781378695 11.812615079417837 11.578010707236436 0.16735638927251781 10.637404681259602 0.28530928204768741 0.28227605611218737 6.6560834372730202 0.054094834137879085 0.088723228255423878 0.67203978865988201 0.3281624460969752 10.127550680111193 9.8846869227479388 0.4224794209665465 0.24506426376674445 10.755111754852402 1.4160894019409471 1.3408478970078834 0.26823905410410087 -0.28538182179053551 0.74309347353224997 2.5414461035512503
decision_type=10 10 10 10 2 10 10 2 2 2 10 2 8 2 2 8 10 2 2 2 2 2 10 2 10 10 8 10 8 10
left_child=3 2 -2 4 5 7 -7 11 9 15 -5 26 -13 14 -12 -9 -17 28 -15 20 -6 -22 -21 -24 -25 -18 27 -1 29 -16
right_child=1 -3 -4 10 19 6 -8 8 -10 -11 13 12 -14 18 17 16 25 -19 -20 22 21 -23 23 24 -26 -27 -28 -29 -30 -31
leaf_value=0.002000728179189607 0.0004855565983162886 -0.00055843245563649152 -0.0009608104764657168 -0.00094845325846933115 -0.00027020433982642347 0.0012632426454545042 8.5815725925717816e-05 -0.00047538302776318022 -0.00024833536484489336 0.00080863404280731598 0.004407153934541678 -0.00046418325875423083 0.0009616171202300643 -0.00080584117949697312 0.00064647053596650599 0.0007360086341115298 0.00046968088629752315 -0.00028741281653037008 -2.5000022687612908e-05 -0.00054431187477407893 0.0011816593813404851 0.00015933741788145037 -0.00076305619956872561 0.00086149739582503835 -0.00070535738401128348 -0.00084555040804225421 -0.0004637326149042786 -2.0097032403464406e-06 -1.916652764333405e-05 8.039182615868592e-05
leaf_weight=57 111 669 63 150 2300 62 83 48 55 40 42 464 59 556 269 40 75 158 3213 1284 42 423 313 70 81 43 168 3160 1509 2455
leaf_count=57 111 669 63 150 2300 62 83 48 55 40 42 464 59 556 269 40 75 158 3213 1284 42 423 313 70 81 43 168 3160 1509 2455
internal_value=-0.00020794 -0.00129029 0.000959999 -0.000154879 -0.000364344 2.47984e-05 0.00380137 -0.000106176 0.00187748 0.0028421 6.75199e-05 -0.000259402 -0.00162023 0.000119955 0.000458051 0.00165217 0.00286792 0.00038866 -0.00027772 -0.000739699 -0.000374187 0.00131974 -0.00131732 -9.03233e-05 0.00195395 0.00105882 -4.87308e-05 5.87314e-05 0.000479688 0.000788256
internal_weight=18062 843 174 17219 8867 4354 145 4209 301 246 8352 3908 523 8202 4433 206 158 4391 3769 4513 2765 465 1748 464 151 118 3385 3217 4233 2724
internal_count=18062 843 174 17219 8867 4354 145 4209 301 246 8352 3908 523 8202 4433 206 158 4391 3769 4513 2765 465 1748 464 151 118 3385 3217 4233 2724
is_linear=0
shrinkage=0.03


Tree=136
num_leaves=31
num_cat=0
split_feature=4 5 12 8 7 0 7 8 7 6 6 0 5 4 7 8 7 12 7 7 1 8 0 5 7 5 7 0 0 7
split_gain=1.13285 1.15474 1.3985 4.45247 1.33612 1.1224 1.07359 1.17979 0.887321 0.86914 0.956278 1.38326 0.816597 1.94695 1.13377 2.74783 1.12775 1.0792 1.02616 1.0123 0.873956 0.862433 1.27927 0.814782 2.90808 2.68195 1.09885 2.35769 1.98395 1.88055
threshold=2.3481097811838865 10.027142203153319 0.37867454858586441 0.31568745645763213 0.17357492744106029 512.18750000000011 0.19736350306681269 0.15548255307122175 0.060924651430521816 0.16101398163317707 0.11125510603628543 1.2295899351640476 6.7363734861220914 0.84502112648869376 0.74054729912613115 0.12133065373626468 0.83139724234145251 0.32195612057937478 0.55080867205657058 0.2719607729708497 -0.49430270853106145 0.17709718983150632 0.96956260708859066 11.578010707236436 0.63323540941734324 11.673184369419301 0.68498025681446018 1.3449050914373994 1.0860490175461319 0.810281753857795
decision_type=8 2 2 10 2 10 2 10 2 2 2 10 2 10 2 10 2 2 2 2 2 8 10 2 2 2 2 8 10 2
left_child=1 4 3 -3 -1 9 7 -6 -4 10 -2 -12 13 20 18 -16 17 -14 21 -19 -8 -15 -23 26 25 -25 -10 28 -28 -30
right_child=5 2 8 -5 6 -7 12 -9 23 -11 11 -13 16 14 15 -17 -18 19 -20 -21 -22 22 -24 24 -26 -27 27 -29 29 -31
leaf_value=-0.00066815628239698562 -0.00022297348546017668 -0.00055653946310928301 0.00086603500138514853 0.00075876765757213502 0.0010314289417322616 0.00010543628026009557 0.0017260687188476694 0.00032910578851275742 -0.00028571246313084967 -0.00089924229506350387 0.001493246531450429 -0.00020640746741808761 -0.0018927505542093493 0.0019317616662013269 -0.000485774959814067 0.0037414223228481509 -0.00044982455150863166 -0.00045742434404651947 -0.00082306272609113497 3.1349334824351182e-05 -0.0016542178336127612 -0.00087209220528713428 0.0018176435366780543 0.00095747846538960142 -0.00014894452075286284 0.00025922400769670456 -0.00016222765645495412 -0.00017016334399186728 0.00045307802083791764 -0.00096816997643987802
leaf_weight=551 127 82 74 63 47 48 51 104 4446 773 40 61 176 51 67 72 557 359 84 7672 283 96 47 44 175 63 146 1331 329 45
leaf_count=551 127 82 74 63 47 48 51 104 4446 773 40 61 176 51 67 72 557 359 84 7672 283 96 47 44 175 63 146 1331 329 45
internal_value=-0.000297925 -0.000238894 -0.000541845 0.00236301 -3.72879e-05 -0.00125429 4.46874e-05 0.00254605 -0.000605501 -0.00147006 0.000157205 0.00232353 4.72816e-06 0.000953457 0.00231818 0.00452143 -7.66693e-05 1.20607e-05 0.0012043 6.31218e-05 -0.00075224 0.0024 0.0011875 -0.000642402 0.000932861 0.00480555 -0.000713084 -9.88128e-05 0.00161228 0.002768
internal_weight=18064 17015 6798 145 10217 1049 9666 151 6653 1001 228 101 9515 751 417 139 8764 8207 278 8031 334 194 143 6579 282 107 6297 1851 520 374
internal_count=18064 17015 6798 145 10217 1049 9666 151 6653 1001 228 101 9515 751 417 139 8764 8207 278 8031 334 194 143 6579 282 107 6297 1851 520 374
is_linear=0
shrinkage=0.03


Tree=137
num_leaves=31
num_cat=0
split_feature=6 12 9 6 6 7 6 6 12 3 7 8 3 6 8 12 12 2 3 12 2 7 1 8 8 8 12 9 7 7
split_gain=0.970991 0.967218 1.04475 2.02639 0.791746 0.771874 1.14894 0.902926 1.14682 1.29433 1.25627 1.20836 1.36454 1.799 1.074 1.03588 0.993411 2.27332 1.9591 1.03228 1.17916 1.26539 0.955885 0.935705 0.888299 1.09143 0.996235 3.01181 2.11449 2.67655
threshold=0.68790237325945658 0.67203978865988201 -0.85576102661335829 0.3021895254211327 -0.19338642418717009 0.16056817893347705 0.64595120453014687 0.22175419133928556 0.40980802514412601 22.064200178053415 0.82764301768011317 0.31568745645763213 1.087867238090322 0.17831604714542773 0.069296874563794839 0.43806458491445016 0.54795652986944676 0.3769605064486542 24.698402535694019 0.59048426163945011 0.25444923507561595 0.73152036169391232 0.61118954065944731 0.26983608300209588 0.098115486843610267 -0.11558925516959305 0.50196938840122907 -0.24962217020660735 0.75900462734085805 0.74242014729364936
decision_type=2 2 8 2 2 2 2 2 2 8 2 8 10 2 10 2 2 10 8 2 8 2 2 10 8 10 2 10 2 2
left_child=1 2 3 -1 -4 -6 7 8 11 15 16 14 -13 -14 -7 -10 18 19 -11 20 21 22 -18 -22 25 -9 27 -26 29 -29
right_child=-2 -3 4 -5 5 6 -8 24 9 10 -12 12 13 -15 -16 -17 17 -19 -20 -21 23 -23 -24 -25 26 -27 -28 28 -30 -31
leaf_value=0.003402799726178895 -0.0034951237338870329 -0.00038002980811669237 0.0018430450223379108 -0.00022048698490338022 -0.00050567164976518444 0.00046153362428277627 0.0024716682832149049 0.00081005040879167953 -0.00050037542338640423 0.0016383742372257802 -0.0004839337058578512 0.0011817958141391567 -0.00082173264381390154 0.0017318156978506365 -0.00028907708836530975 -1.7977435027031082e-05 0.00083874599004052114 0.021668554078312103 -0.00027932766723532391 7.5461071282869745e-05 -0.0011915260154065769 0.0019825884066391776 -0.00025499713426988527 0.00058721242051134584 0.002633939280983539 -0.00035613013248530611 -0.00017493017611347689 2.9280744678191653e-05 -0.00094385055094848029 0.0011000303831554925
leaf_weight=59 426 285 128 72 789 60 60 40 354 42 172 77 95 50 180 6204 40 48 411 422 52 56 54 40 106 1199 4481 1617 290 88
leaf_count=59 426 285 128 72 789 60 60 40 354 42 172 77 95 50 180 6204 40 48 411 422 52 56 54 40 106 1199 4481 1617 290 88
internal_value=-0.000244528 -0.000210165 -0.000181524 0.00247727 -0.000201971 -0.000219698 -0.000175135 -0.000190618 2.62017e-05 -5.88913e-05 0.000791479 0.00147732 0.00306726 0.00133562 -7.12288e-10 -0.000232353 0.00114494 0.00184292 4.62548e-05 0.00138045 0.00293827 0.00456954 0.0024 0.000258064 -0.000422271 -0.00115887 -0.000283458 0.00025547 -7.51574e-06 0.000395662
internal_weight=17997 17571 17286 131 17155 17027 16238 16178 8357 7895 1337 462 222 145 240 6558 1165 712 453 664 242 150 94 92 7821 1239 6582 2101 1995 1705
internal_count=17997 17571 17286 131 17155 17027 16238 16178 8357 7895 1337 462 222 145 240 6558 1165 712 453 664 242 150 94 92 7821 1239 6582 2101 1995 1705
is_linear=0
shrinkage=0.03


Tree=138
num_leaves=31
num_cat=0
split_feature=6 8 7 6 5 0 8 1 6 5 12 3 5 5 12 6 0 7 7 7 8 5 0 4 0 12 7 0 7 3
split_gain=1.04225 1.20371 1.16497 2.44653 1.83571 1.09882 1.68225 2.54342 1.01726 1.00025 0.903903 0.901311 2.21361 3.17209 3.37212 1.51877 2.17121 1.923 1.42295 1.3403 1.42989 1.52888 2.20152 1.23778 1.24297 1.22996 1.83697 1.0497 0.987207 0.94141
threshold=0.41323951849651325 0.80015271443541403 0.84979219657299832 0.59507401800439574 9.7866446962163867 12.088336722964014 0.20269929079533502 0.64571302666389407 0.062669766956422471 5.992712987207276 0.67203978865988201 1.5018330556330082 11.471655444261616 11.812615079417837 0.51905515258422652 0.23749900709002428 3.2593097366416806 0.63683621704655724 0.62987828856862149 0.64227313465737856 0.21415195161123113 10.000273914716315 1.3199669909586311 2.1018555294202925 1.3115827016058252 0.49108407698033629 0.70132905420285241 1.6572316127247388 0.060924651430521816 1.5563287000641282
decision_type=2 8 2 2 2 10 10 2 2 2 2 10 2 2 2 2 10 2 2 2 10 2 10 10 10 2 2 10 2 10
left_child=1 5 -2 4 -4 8 -7 -8 9 -1 11 12 19 14 -14 16 -13 18 23 -10 21 -21 25 24 -17 -23 -27 -22 -26 -30
right_child=2 -3 3 -5 -6 6 7 -9 10 -11 -12 15 13 -15 -16 17 -18 -19 -20 20 27 22 -24 -25 28 26 -28 -29 29 -31
leaf_value=0.0033215103535240878 -0.00056479137273359088 0.00034390242289109328 -0.0012667693142530061 0.0034614048884678912 0.00113581223172074 -1.5963024042947032e-05 -6.9542828342365694e-05 0.0011115275052335553 -0.00036998483620713355 4.0229269398799767e-05 -0.00048230194466626706 2.520994858096277e-05 0.00072901892236233799 -0.00011110105373888546 2.8619160712982237e-05 0.00064333739067897681 0.0014477901913961535 -0.00046135343817028425 0.00055293686265104117 -0.0001246264975020748 -0.0006771404642374766 0.00083076921240596302 -8.4924742342979502e-05 -0.0014851490575472494 0.0011725767624871466 0.00046090427970422483 -5.6095121421829708e-05 0.00073253052978035707 0.00076868488384837757 -3.9802943454418278e-05
leaf_weight=69 2356 811 131 41 45 189 50 80 2369 1821 159 4504 45 81 53 55 71 2071 64 400 415 40 139 176 44 52 52 53 40 1678
leaf_count=69 2356 811 131 41 45 189 50 80 2369 1821 159 4504 45 81 53 55 71 2071 64 400 415 40 139 176 44 52 52 53 40 1678
internal_value=-0.000260094 -0.000167694 -0.000819348 0.00127982 -0.000271187 -0.000229504 0.00150937 0.00412214 -0.000267991 0.00038075 -0.000365627 -0.000336693 -0.00072892 0.00251667 0.00612121 -0.000169923 0.000206512 -0.000587068 6.26815e-05 -0.000894633 -5.46882e-05 0.000820175 0.00250352 -7.97399e-05 0.000153465 0.00508965 0.00331429 -0.00133049 1.36124e-05 -0.000101222
internal_weight=18154 15581 2573 217 176 14770 319 130 14451 1890 12561 12402 3699 179 98 8703 4575 4128 2057 3520 1151 683 283 1993 1817 144 104 468 1762 1718
internal_count=18154 15581 2573 217 176 14770 319 130 14451 1890 12561 12402 3699 179 98 8703 4575 4128 2057 3520 1151 683 283 1993 1817 144 104 468 1762 1718
is_linear=0
shrinkage=0.03


Tree=139
num_leaves=31
num_cat=0
split_feature=13 2 8 7 5 3 7 8 4 2 3 13 7 7 9 1 4 5 1 1 13 5 7 8 7 7 9 3 5 3
split_gain=1.08389 1.46505 2.64629 1.02535 0.981093 0.958304 1.57867 1.14431 1.01546 1.72067 1.41572 1.55495 1.9847 2.41963 1.09797 1.18121 1.27425 0.851109 3.47664 1.07076 0.847767 0.795584 0.879904 0.721926 1.12359 1.05088 1.93347 1.20789 1.09948 1.32859
threshold=0.41323951849651325 0.56897865902212619 0.84450512891559149 0.13376981943674532 10.325465568884132 56.620248550398607 0.89897156607438566 0.50499290621692128 0.95523430210772953 0.19402908063693744 36.534685248037881 0.53129637843406929 0.74981696182354274 0.65735121373965322 0.34184155083562789 2.7648751253959354 1.7964171357603935 6.7363734861220914 -0.79710495275070403 -0.8508788219353054 -0.0075719317799949329 9.6272398528230578 0.84979219657299832 0.098115486843610267 0.77200215277661466 0.72875458763823875 0.84061617558211676 1.3624473121815084 10.166351673572624 1.5018330556330082
decision_type=2 10 8 2 2 8 2 10 10 10 10 2 2 2 10 2 10 2 2 2 2 2 2 8 2 2 8 10 2 10
left_child=1 3 -3 20 5 6 7 8 -2 -10 14 12 13 -12 15 -11 -17 18 -5 -19 -1 -7 -23 24 25 28 27 -27 29 -21
right_child=4 2 -4 17 -6 21 -8 -9 9 10 11 -13 -14 -15 -16 16 -18 19 -20 23 -22 22 -24 -25 -26 26 -28 -29 -30 -31
leaf_value=0.00028150376120241849 -0.00055506624045247206 -0.0012981862708681307 0.0036162319836876016 0.0035077362315829477 -0.0010020775694339473 -0.00097306292757140685 0.0033241525093231452 -0.0024202237175134545 0.00075753392173539505 -0.00078781791800800599 0.0010213966460939827 -0.00028887061679124345 -0.00016930400780931624 0.0031967185934228264 -0.00082559821729453239 0.0013746398168628976 -2.3509420426322545e-05 -0.00022169007039872022 0.00010872764937921031 -0.00027663877583567224 -0.0005405039430309088 -0.00097078925279470694 0.001055365590835484 4.3450904916613045e-06 -0.00029607821082372265 0.0007689191062358456 0.0014584418098510762 -0.00010473332035939269 -0.00021414905248688597 8.0047242102101131e-05
leaf_weight=43 356 78 58 40 200 534 42 394 44 222 41 65 41 40 234 43 47 644 348 604 489 170 51 9884 372 63 44 245 1440 1177
leaf_count=43 356 78 58 40 200 534 42 394 44 222 41 65 41 40 234 43 47 644 348 604 489 170 51 9884 372 63 44 245 1440 1177
internal_value=-0.00024809 -0.000154347 0.00293431 -0.000181825 -0.000824555 -0.000650323 -0.000227389 -0.000386781 9.78829e-05 0.000705655 0.000355585 0.00260106 0.00458537 0.00728049 -0.00041682 0.000747603 0.00362637 -0.000135447 0.00124936 -0.000172655 -0.00147467 -0.00152778 -1.35142e-05 -0.00011692 -0.00045996 -0.000296307 0.00125779 0.000407766 -0.000466481 3.19858e-05
internal_weight=18053 15529 136 15393 2524 2324 1569 1527 1133 777 733 187 122 81 546 312 90 14861 388 14473 532 755 221 13829 3945 3573 352 308 3221 1781
internal_count=18053 15529 136 15393 2524 2324 1569 1527 1133 777 733 187 122 81 546 312 90 14861 388 14473 532 755 221 13829 3945 3573 352 308 3221 1781
is_linear=0
shrinkage=0.03


Tree=140
num_leaves=31
num_cat=0
split_feature=7 3 9 7 12 6 6 7 7 6 12 3 2 12 2 3 3 2 7 6 6 7 12 3 4 2 4 3 9 7
split_gain=1.33157 1.45445 1.04723 2.35267 0.92222 0.870652 2.30408 1.01843 1.52057 0.82381 0.820866 0.778727 1.47041 0.755269 2.94129 1.10171 1.53513 0.943194 0.865374 0.978191 0.805604 1.06856 1.81527 2.16608 1.18956 1.15227 0.937146 1.22441 0.825691 1.33825
threshold=0.16056817893347705 121.96769653320344 -0.85576102661335829 0.71742951305420843 0.67203978865988201 0.22908621245684382 0.18549099887354273 0.82466409247930572 0.62687817354580855 1.0000000180025095e-35 0.32195612057937478 2.0613883964499675 0.26653262809117689 0.37867454858586441 0.051238410194211714 1.3280435140561342 1.8227734051377682 0.051238410194211714 0.56956579898425186 0.24171539547801404 0.17831604714542773 0.85648310395710425 0.59366448075014533 39.386474233115713 1.0497253737861627 0.17832096627666663 0.11698988253740621 1.8381872395252778 0.10921755714685681 0.27955058484668488
decision_type=2 8 8 2 2 2 2 2 2 2 2 10 10 2 10 10 10 10 2 2 2 2 2 10 10 10 10 10 10 2
left_child=9 2 3 -2 10 6 -3 8 -8 -1 -4 -11 -13 14 -12 -16 -17 -15 -18 -20 28 25 23 24 -23 -22 27 -27 29 -19
right_child=1 5 4 -5 -6 -7 7 -9 -10 11 13 12 -14 17 15 16 18 20 19 -21 21 22 -24 -25 -26 26 -28 -29 -30 -31
leaf_value=0.00031372193759357958 0.0030801172960741047 -0.00054441707126112781 -0.00165324489728282 -0.00051781088289713957 -0.0003631817917179062 -0.00043779645455665616 -0.00012798156885185475 -0.00046088793071223059 0.00083722627229778138 -0.00077459258179511626 0.0016136263489465248 0.00089459211166800095 -0.00065646407252155749 -0.00046904891251257192 -0.00083237248573014096 0.00079471587514789771 0.00060444799872681396 0.00038851552677466488 0.00096055792367025499 -0.0022385258286272921 -0.0003808661508791868 0.0007597851801555513 -0.00071534526038664989 -0.00091289220803855058 0.0043877182717246494 0.0010460336747707757 -5.4547080706653903e-05 5.703888139281147e-05 6.6490761584794534e-06 0.00014277145089194889
leaf_weight=50 56 272 412 51 219 1100 41 43 70 518 52 42 285 292 114 59 64 42 40 116 1004 51 83 49 65 61 6960 215 4407 1137
leaf_count=50 56 272 412 51 219 1100 41 43 70 518 52 42 285 292 114 59 64 42 40 116 1004 51 83 49 65 61 6960 215 4407 1137
internal_value=-0.000228703 -0.000169537 -8.2766e-05 0.00286111 -0.000103349 -0.00105305 9.83599e-05 0.00301935 0.00452679 -0.00135603 -7.54737e-05 -0.00157801 -0.000429879 -3.86856e-05 0.00117713 0.000281725 0.00129643 -7.64259e-05 0.000135746 -0.00107006 -4.13506e-05 -0.000225469 0.00171084 0.0035241 0.00574359 -0.000283947 -0.000151721 0.00155957 0.00023841 0.00094322
internal_weight=17970 17075 15549 107 15442 1526 426 154 111 895 15223 845 327 14811 445 393 279 14366 220 156 14074 8488 248 165 116 8240 7236 276 5586 1179
internal_count=17970 17075 15549 107 15442 1526 426 154 111 895 15223 845 327 14811 445 393 279 14366 220 156 14074 8488 248 165 116 8240 7236 276 5586 1179
is_linear=0
shrinkage=0.03


Tree=141
num_leaves=31
num_cat=0
split_feature=0 4 0 13 8 9 3 3 9 7 7 0 11 7 12 3 8 0 12 9 9 0 9 7 9 12 3 4 1 4
split_gain=1.33976 1.31875 1.22701 1.38163 1.52454 1.41105 1.25118 1.45393 2.1503 1.22669 1.97363 1.16035 1.81055 1.15312 1.14061 1.1366 1.02072 1.07536 1.48942 1.01277 1.03947 0.988854 2.74931 0.925363 1.00894 0.956057 1.10752 1.08253 0.883087 2.01017
threshold=1.008296012518211 0.99481816731191886 21.534172661870507 0.30011135839598074 1.1382564263421355 1.9489238613711175 2.9312230511458921 118.03109145649019 2.5307953036009834 0.76423215366231501 0.86491290113307462 0.95842602470557592 9.5000000000000018 0.21933275559986354 0.67203978865988201 1.8227734051377682 0.069296874563794839 1018.2000000000002 0.53464705138877966 0.64149092609811242 0.39042018602226225 0.87269691660067661 0.55956768557355974 0.13376981943674532 4.8474467303080084 0.37377096024127371 1.153659823357349 0.90143146931491802 1.4190349099374078 1.2449947191178927
decision_type=8 10 10 2 8 10 10 10 10 2 2 10 2 2 2 8 10 10 2 10 8 10 10 2 10 2 10 10 2 10
left_child=1 11 3 4 14 -5 -4 8 16 -9 -11 -1 -13 -3 23 -6 -8 18 -18 20 -17 22 -15 28 25 26 27 -25 -2 -30
right_child=2 13 6 5 15 -7 7 9 -10 10 -12 12 -14 21 -16 19 17 -19 -20 -21 -22 -23 -24 24 -26 -27 -28 -29 29 -31
leaf_value=-0.00047772694024942296 -0.00054405778738615066 0.00086246933728778032 -0.0008319672792980907 -0.0002688111522968554 -0.00019203932544750607 -0.001198116934717181 -0.00065412091955890928 -0.00069482587913110552 0.00061168500504721584 0.00091872916037138053 -0.00012666842474228331 -0.00029221905036648163 0.0017919764120886738 0.0086041980963466949 -0.00044892757458298818 0.00040378805073193339 3.3107978548759282e-05 -5.6071125118082946e-05 0.001721371288440498 0.00022442881453330491 0.0026679417300878435 2.3084970278311067e-05 -0.00028931949107639321 0.00022385940108264366 0.00054984149722698335 -4.9261815130210754e-05 1.0692147627908713e-05 0.00097737245380395514 0.00088494549780883413 -0.0011020952922370271
leaf_weight=333 268 70 96 3757 107 994 51 136 69 79 87 99 71 50 181 52 75 69 82 117 50 263 62 40 77 10451 162 45 40 83
leaf_count=333 268 70 96 3757 107 994 51 136 69 79 87 99 71 50 181 52 75 69 82 117 50 263 62 40 77 10451 162 45 40 83
internal_value=-0.000300713 0.000796627 -0.00036135 -0.000415343 -0.000239764 -0.000846592 0.000829529 0.00130354 0.00262824 -0.000217822 0.00150898 -0.000255953 0.00175439 0.0019843 -0.000297939 0.00177982 0.00143525 0.00229956 0.00366456 0.00301364 0.00518447 0.00131649 0.00366372 -0.000259515 -0.000207406 -0.000232172 0.00160887 0.00436046 -0.00169133 0.00041129
internal_weight=18116 948 17168 16424 11673 4751 744 648 346 302 166 503 170 445 11347 326 277 226 157 219 102 375 112 11166 10775 10698 247 85 391 123
internal_count=18116 948 17168 16424 11673 4751 744 648 346 302 166 503 170 445 11347 326 277 226 157 219 102 375 112 11166 10775 10698 247 85 391 123
is_linear=0
shrinkage=0.03


Tree=142
num_leaves=31
num_cat=0
split_feature=5 8 3 5 3 12 6 6 5 3 8 8 3 5 6 9 8 4 9 4 3 12 8 9 3 12 5 12 12 8
split_gain=1.00895 1.51755 1.57012 1.24252 2.0374 1.09534 1.05213 0.964288 0.905745 0.851488 2.57897 0.827643 0.809364 1.44654 1.61702 1.14446 0.977639 1.1774 1.50391 1.32717 1.2236 1.63143 1.2765 1.52484 1.20455 1.17057 1.60735 1.16607 1.92247 1.75176
threshold=10.07223827379681 0.40560317244702321 65.237941142153161 9.795707435667687 1.7858850969349576 0.63359640634278158 -0.19338642418717009 0.22050641946204677 8.1225195452981414 65.237941142153161 0.58385164383037735 0.40029205021748165 1.518741257858381 3.8606743063089755 0.17692322689454357 0.44121316858045428 0.065858254247349743 1.3106858775005858 -0.18696064416492095 1.033381984850174 1.9707666576535705 0.48001094690749868 0.11706475650069476 0.21295642944585211 16.101737792507993 0.60373508174086898 9.3406227412758369 0.51462950016231035 0.53125997128270586 0.14927274364853166
decision_type=2 10 8 2 10 2 2 2 2 10 8 10 10 2 2 8 8 10 10 10 10 2 10 10 10 2 2 2 2 8
left_child=1 2 6 8 -5 -4 -1 -7 9 -3 -11 12 13 -8 -15 16 25 19 -19 27 21 -20 -23 -24 -21 -14 -27 -18 -29 -30
right_child=-2 3 5 4 -6 7 11 -9 -10 10 -12 -13 15 14 -16 -17 17 18 20 24 -22 22 23 -25 -26 26 -28 28 29 -31
leaf_value=0.0031571248035513816 -0.00011378566510114549 -0.00060625837807865728 -0.00031082255828015771 0.0016312687967815216 -0.000785497535916831 0.001596982464939908 0.0038482733602174502 -4.2343992413432355e-05 -0.0006767802597407468 -0.00057061075293325387 0.0018603641783301258 0.001414160137456528 -0.00010128090106303642 3.1598828461934571e-05 -0.00052933841915265114 -5.2443061540930237e-06 -0.00013354119710711474 0.0025292491770995879 -0.00083415443549766878 0.00065526908005462633 -0.00021212343436406711 0.0025455067657124087 -0.00041745749071075495 0.0006295110616849007 0.00097473508050357571 -0.00034722056439547759 0.0009181622808295748 0.00094950477006407609 0.0007528953765663269 -0.00028837067254848574
leaf_weight=69 6713 736 1381 59 119 47 44 84 972 64 40 57 632 1677 790 2888 163 69 60 175 574 42 55 46 69 48 80 58 102 167
leaf_count=69 6713 736 1381 59 119 47 44 84 972 64 40 57 632 1677 790 2888 163 69 60 175 574 42 55 46 69 48 80 58 102 167
internal_value=-0.000263814 -9.15736e-05 6.81375e-05 -0.000843798 0.0015419 -0.000816921 0.000238367 0.00179545 -0.00107888 -0.000356719 0.00217143 0.000205463 0.000178681 -0.000263934 -0.000361022 0.000391279 0.000884237 0.0013093 0.000545454 0.00218775 0.000165809 0.00216176 0.00389583 0.00202941 0.00399184 -7.14316e-10 0.00260465 0.0012831 0.00231402 0.00123333
internal_weight=18080 11367 9377 1990 178 1512 7865 131 1812 840 104 7796 7739 2511 2467 5228 2340 1580 846 734 777 203 143 101 244 760 128 490 327 269
internal_count=18080 11367 9377 1990 178 1512 7865 131 1812 840 104 7796 7739 2511 2467 5228 2340 1580 846 734 777 203 143 101 244 760 128 490 327 269
is_linear=0
shrinkage=0.03


Tree=143
num_leaves=31
num_cat=0
split_feature=7 5 3 5 12 1 2 7 11 12 5 5 1 7 5 2 5 3 4 5 6 11 1 3 12 2 12 2 7 7
split_gain=1.1138 1.00223 0.97359 1.29057 0.996994 1.21582 1.60441 1.9994 1.903 0.953233 1.11363 1.67955 1.37881 1.17639 0.952359 1.9852 1.08886 1.20762 1.83382 0.967878 1.71671 1.64918 2.44906 0.889266 1.57258 1.8344 1.68028 1.33341 3.03435 1.04961
threshold=0.29790852892118719 4.2903656061101136 69.818768982204489 10.07223827379681 0.32195612057937478 2.7221204211998979 0.29049757101868173 0.75490548846247674 3.5000000000000004 0.61262462944290752 10.351756689125885 9.5819384099782834 0.44911136296539761 0.62383678030193357 11.001191069727653 0.27551769387418346 11.812615079417837 1.2409005944180564 0.90143146931491802 11.134727686677195 0.12000434695072838 5.5000000000000009 0.79505298731156537 2.3986605180541392 0.51319296468983178 0.30259729942078123 0.46641415484728876 0.25444923507561595 0.437281496896681 0.71367137232740341
decision_type=2 2 8 2 2 2 10 2 2 2 2 2 2 2 2 10 2 10 10 2 2 2 2 10 2 10 2 8 2 2
left_child=1 -1 3 4 -2 -6 -7 8 -8 -4 11 13 -13 -11 23 16 17 18 -16 20 -19 -22 -23 -5 25 29 -27 28 -26 -25
right_child=2 -3 9 14 5 6 7 -9 -10 10 -12 12 -14 -15 15 -17 -18 19 -20 -21 21 22 -24 24 27 26 -28 -29 -30 -31
leaf_value=0.0074824224345879627 -0.0015817910864277603 -0.00029252752454251001 -0.000420842250810051 -0.00027320338733474134 1.6577111473016358e-05 0.00012159486955631542 0.0018463461314189231 -0.00024643494709800139 0.0012008343020571274 0.0069542154973157855 -0.00053821816639428206 3.0415494030505438e-05 0.00056162088680634177 -0.00027338939889772894 0.00026728226472870969 -0.0010030686321785406 -0.00022216000901897033 -0.00017259632266989892 0.0005405302392922426 2.895974794175574e-06 -0.00027659821628598134 0.0001768446135510101 0.0024761286510013576 -0.00039096201482122412 0.001806202185287503 -1.9695146921969369e-05 0.0016438626578763249 -0.00073517332549548288 -4.2642099342258001e-05 0.00061647169693543704
leaf_weight=69 373 2168 1751 2642 6982 551 59 71 161 41 79 44 60 155 69 156 144 55 49 470 50 44 44 155 74 46 93 468 881 70
leaf_count=69 373 2168 1751 2642 6982 551 59 71 161 41 79 44 60 155 69 156 144 55 49 470 50 44 44 155 74 46 93 468 881 70
internal_value=-0.000294441 -0.000920912 -0.000205898 -0.000113146 0.000125518 0.000197827 0.00127402 0.00307192 0.00447964 -0.000802441 0.000560526 0.00139535 0.00445714 -0.000243656 -0.000468155 0.000329944 0.000858531 0.00130051 0.00408403 0.000799698 0.00258247 0.00435971 0.00680899 -0.00066298 -0.000145974 0.00161096 0.00430714 -0.000596209 4.70704e-05 -6.63724e-05
internal_weight=18074 2237 15837 13707 8197 7824 842 291 220 2130 379 300 104 196 5510 1081 925 781 118 663 193 138 88 4429 1787 364 139 1423 955 225
internal_count=18074 2237 15837 13707 8197 7824 842 291 220 2130 379 300 104 196 5510 1081 925 781 118 663 193 138 88 4429 1787 364 139 1423 955 225
is_linear=0
shrinkage=0.03


Tree=144
num_leaves=31
num_cat=0
split_feature=6 3 0 12 2 2 3 12 2 1 12 6 1 12 4 2 7 12 4 0 0 12 7 7 3 0 3 4 7 12
split_gain=1.1456 1.52116 1.44656 1.10532 2.34458 1.99277 2.59456 1.81224 1.12751 1.09061 1.216 1.01952 1.23444 1.13166 0.974399 0.999866 0.930915 1.32707 0.901421 1.37676 1.14627 1.26603 1.74189 0.88942 1.08192 2.61866 0.908404 1.15015 0.88978 2.07727
threshold=0.28227605611218737 69.818768982204489 3427.5000000000005 0.39100629057196373 0.051238410194211714 0.28633301452658055 2.5059965044000072 0.34399898520658939 0.048234777305183614 0.3281624460969752 0.30634117186043736 1.0000000180025095e-35 1.249676902237006 0.67203978865988201 2.0673716404967601 0.39216509016413581 0.75129220640072214 0.48174267382660113 0.6964861359452128 1.7701349040930985 1.7884722702726024 0.54882336603643977 0.47055925860718045 0.50245940797608235 1.2525571249815857 1.4561721383797346 1.153659823357349 0.96428459739940109 0.53037915788256218 0.51820139567094736
decision_type=2 8 10 2 10 10 10 2 8 2 2 2 2 2 10 10 2 2 10 8 10 2 2 2 10 10 10 10 2 2
left_child=3 9 -3 4 7 -6 -7 -1 -5 -2 -11 12 -10 18 -12 -16 17 -17 19 -13 -21 -22 -23 -20 25 26 -25 -28 29 -26
right_child=1 2 -4 8 5 6 -8 -9 11 10 14 13 -14 -15 15 16 -18 -19 23 20 21 22 -24 24 28 -27 27 -29 -30 -31
leaf_value=0.00091702148741160713 -0.00070341290736629521 -0.00060480591332941669 0.00035344597469746388 -0.00040877079229524995 -0.0002480215985323899 -0.00097766668543306217 0.0016048446296892506 0.0015387818105086705 0.00019523781674685988 -0.0047899716919548811 5.547141942251622e-05 3.2947520593087982e-06 0.001055507087698354 -0.00033897841492203708 -0.00082932763534273744 -0.0010012486876229867 -0.0014842892690031468 0.0019580255668278667 -0.00023201250217009563 0.0008951272767327049 -0.0003508644267976641 0.0043506835908807082 0.00021806979386936872 -0.0002669930245017068 0.0015212139767104484 0.00065691966698544989 -3.4288814420450053e-05 0.00070488455277156888 -4.2330379720385353e-05 -0.00022704826871028968
leaf_weight=51 658 1269 43 364 338 42 42 43 530 235 3318 2519 89 214 405 75 45 56 2201 41 92 81 437 160 117 41 113 117 4206 109
leaf_count=51 658 1269 43 364 338 42 42 43 530 235 3318 2519 89 214 405 75 45 56 2201 41 92 81 437 160 117 41 113 117 4206 109
internal_value=-0.000227843 -0.000562163 -0.00146687 -5.69977e-05 0.00129981 0.000340425 0.00444706 0.00555789 -0.000118353 -0.000314209 -0.000133495 -6.424e-05 0.00111774 -0.000134368 -6.92379e-06 -0.00113918 0.000745762 0.00202273 -8.91067e-05 0.000331125 0.00155982 0.0012275 0.00180347 -0.000277708 -5.11931e-05 0.00138194 0.00061381 0.00181818 -0.000190842 0.00163877
internal_weight=18051 6104 1312 11947 516 422 84 94 11431 4792 4134 11067 619 10448 3899 581 176 131 10234 3170 651 610 518 7064 4863 431 390 230 4432 226
internal_count=18051 6104 1312 11947 516 422 84 94 11431 4792 4134 11067 619 10448 3899 581 176 131 10234 3170 651 610 518 7064 4863 431 390 230 4432 226
is_linear=0
shrinkage=0.03


Tree=145
num_leaves=31
num_cat=0
split_feature=6 7 0 7 9 8 5 7 5 9 6 7 8 5 8 7 7 5 5 1 5 8 8 9 8 7 4 0 9 6
split_gain=1.03583 1.55421 0.897883 1.41155 1.40328 1.50287 1.21978 1.57561 3.24025 1.00894 1.3232 1.04567 1.70855 0.85855 1.27299 0.820486 0.826032 1.6229 1.00726 1.0501 1.09885 3.54141 0.965446 0.930685 1.20242 0.812691 0.73949 1.50502 0.834763 1.35099
threshold=0.52235738463109549 0.88187449488861602 12.088336722964014 0.44995289694985269 4.3984473932253971 0.30405100141610808 8.8334627100951071 0.76251390715872336 9.4974347710782663 2.0896743768765025 0.2898376437242583 0.72574625414231242 0.27373275031512667 5.3821962081647756 1.1382564263421355 0.80730864791137591 0.16056817893347705 10.54643294797218 9.1788496835846747 3.4980918315575855 9.1309724131520458 0.099998242253490979 0.25321485552366063 -0.85576102661335829 0.010043131190643583 0.58661399486304633 0.15494865309447065 0.84684898618035198 0.46179289687101804 0.20065251746842819
decision_type=2 2 10 2 8 10 2 2 2 10 2 2 8 2 8 2 2 2 2 2 2 10 8 8 8 2 10 8 10 2
left_child=2 13 9 -4 5 6 -5 25 -9 15 11 -11 -13 14 -2 16 17 -1 19 20 23 -22 -21 -18 -25 -8 -26 -28 29 -29
right_child=1 -3 3 4 -6 -7 7 8 -10 10 -12 12 -14 -15 -16 -17 18 -19 -20 22 21 -23 -24 24 26 -27 27 28 -30 -31
leaf_value=-0.00048832207467944895 0.0024678241874084568 0.0027230801695577573 -0.00074605644082030597 0.0017768564261732248 -3.5534801042156091e-05 0.00058119818507550863 0.00031532396722527112 -0.00013926287702007567 0.0012463700999133843 -0.00032709368160930885 -0.0011314820290736845 0.00057928348319345496 -0.00027825702783388002 -0.0013032284084882237 -0.0011120711763452059 -0.00020512578769035696 0.0029645381140878538 0.0014649157791803342 -4.0819042932317495e-05 0.00025039073898803284 0.00090485195979196902 -0.0003022365747909208 0.0019871058763403031 -0.00036068041101367605 -0.00057531212474640735 -0.00037634823793202801 0.0049345068960746433 0.00056788695734494223 -0.00018960384822763783 -8.6418794095912438e-06
leaf_weight=707 42 46 92 53 281 40 49 56 40 347 736 81 96 730 192 1032 50 51 10158 102 44 88 48 349 294 84 43 645 875 715
leaf_count=707 42 46 92 53 281 40 49 56 40 347 736 81 96 730 192 1032 50 51 10158 102 44 88 48 349 294 84 43 645 875 715
internal_value=-0.000313096 -0.00124629 -0.000258088 0.000797413 0.00132616 0.00267492 0.00188693 0.000926086 0.00383505 -0.000302698 -0.00111816 3.4285e-05 0.00190449 -0.00150466 7.6595e-05 -0.000235036 -0.000175512 -0.00113834 -0.000121012 0.000338352 0.000219394 0.00288722 0.00278146 9.9932e-05 2.97734e-05 -0.00118657 0.000254177 0.000437033 0.000328711 0.000793533
internal_weight=18166 1010 17156 695 603 322 282 229 96 16461 1260 524 177 964 234 15201 14169 758 13411 3253 3103 132 150 2971 2921 133 2572 2278 2235 1360
internal_count=18166 1010 17156 695 603 322 282 229 96 16461 1260 524 177 964 234 15201 14169 758 13411 3253 3103 132 150 2971 2921 133 2572 2278 2235 1360
is_linear=0
shrinkage=0.03


Tree=146
num_leaves=31
num_cat=0
split_feature=0 3 5 6 8 7 4 8 6 9 6 7 7 12 9 8 3 0 6 9 5 12 8 7 12 0 5 12 9 6
split_gain=1.32623 1.6803 1.64636 2.87905 2.28132 2.07383 1.26341 1.17439 0.995333 0.906351 1.47665 1.19412 1.29478 2.25685 1.30782 1.67254 1.31808 1.16249 1.41798 1.46006 1.39034 1.35265 1.34269 1.97884 1.26632 1.13795 1.36721 1.11362 1.22509 1.42334
threshold=12.088336722964014 2.9312230511458921 8.1749844932907632 0.39657193621513193 0.088723228255423878 0.76768097067654995 2.3481097811838865 0.25762479472438643 0.82067795747230499 2.0896743768765025 0.2712016722872051 0.61429005025162597 0.62837917106957197 0.52861531192314393 0.088681969319118051 0.24662603953183673 4.9912283628468357 1.4627290616774269 0.61572665746085875 -1.0000000180025095e-35 9.666308460248727 0.42794392878486176 0.019183085926522892 0.74242014729364936 0.53199622061529206 1.6572316127247388 9.2355206657520501 0.59145799495710583 0.60587791958002724 0.053916799209801532
decision_type=10 10 2 2 10 2 10 10 2 10 2 2 2 2 10 8 10 10 2 8 2 2 10 2 2 10 2 2 8 2
left_child=6 -2 4 5 -3 7 8 -4 9 11 25 -1 13 -13 -15 16 -16 18 19 22 21 -19 -14 24 -24 -11 -27 28 -21 -30
right_child=1 2 3 -5 -6 -7 -8 -9 -10 10 -12 12 17 14 15 -17 -18 20 -20 27 -22 -23 23 -25 -26 26 -28 -29 29 -31
leaf_value=-9.5263584501446198e-05 -0.00099091089296022465 -0.00072780468495848866 -2.7616582770483161e-05 -0.00014926899491537731 0.0012249341580503957 0.0015889227087568724 -0.00052423689687038555 0.00024351850897985798 -0.0052757411637924566 -0.00036351649513887498 -0.00083535164653188566 -0.00019730911064307771 -4.0222459582992426e-05 -0.00070833499486725739 0.0005020014300430118 -2.0612898809963087e-05 0.0010064098757507896 -0.0019149148586602687 0.0028090940217288716 -7.9849802918484724e-06 -0.00021612831838220859 0.00016147180215284821 -2.6985882563952828e-05 0.0029585078375755198 0.00094832166445960834 0.00068274049922132979 1.7751342663064305e-05 -0.00042874765467849348 0.0011506215990329982 0.00017746378175477609
leaf_weight=7569 117 42 94 437 141 65 859 46 191 228 845 196 91 62 86 65 82 144 44 1675 2031 1256 103 61 47 76 139 451 167 715
leaf_count=7569 117 42 94 437 141 65 859 46 191 228 845 196 91 62 86 65 82 144 44 1675 2031 1256 103 61 47 76 139 451 167 715
internal_value=-0.000211024 0.000884411 0.00136198 0.000643856 0.00386413 0.00356796 -0.000271125 0.00148936 -0.000212068 -0.000186501 -0.000949574 -0.000120235 0.000154184 0.00164024 0.00329392 0.00432051 0.00589349 4.64184e-05 0.000443516 0.000371488 -0.000341784 0.000385438 0.00235643 0.00366509 0.00178808 0.000452702 0.00201389 0.000171485 0.000413995 0.00131823
internal_weight=18125 942 825 642 183 205 17183 140 16324 16133 1288 14845 7276 491 295 233 168 6785 3354 3310 3431 1400 302 211 150 443 215 3008 2557 882
internal_count=18125 942 825 642 183 205 17183 140 16324 16133 1288 14845 7276 491 295 233 168 6785 3354 3310 3431 1400 302 211 150 443 215 3008 2557 882
is_linear=0
shrinkage=0.03


Tree=147
num_leaves=31
num_cat=0
split_feature=12 1 6 0 8 7 3 0 6 7 8 5 6 0 3 1 3 3 0 5 7 12 7 8 8 8 5 0 3 8
split_gain=0.999477 0.896989 0.769571 1.17284 1.42173 1.19795 1.00239 0.965561 1.22761 0.98877 1.14371 2.2074 2.27013 1.85428 1.28581 0.977639 0.957998 1.89805 1.13049 2.98489 1.11361 1.00795 0.960956 1.43203 1.06702 1.65092 1.32588 1.11472 0.949077 1.11432
threshold=0.67203978865988201 -2.1353635077793487 0.21756712301305739 2.3186924145067187 0.10822781043213066 0.82764301768011317 38.24135509811201 12.088336722964014 0.64595120453014687 0.46079532936770218 0.25762479472438643 5.992712987207276 0.40557866578172869 3427.5000000000005 1.3328988498796657 1.1994582515875656 22.064200178053415 23.807097851762688 1.5129487358784643 9.795707435667687 0.67142721295405694 0.40980802514412601 0.16056817893347705 0.067807999820216375 0.30191361209298745 0.53234559898168576 9.8942702026682046 1.0392139667070845 121.96769653320344 -0.16793547574953901
decision_type=2 2 2 10 10 2 10 8 2 2 10 2 2 8 8 2 10 10 10 2 2 2 2 10 8 10 2 10 8 8
left_child=1 -1 3 5 6 16 -5 8 28 -9 14 -12 13 -13 -11 -14 21 -18 -19 20 -20 22 -3 -24 -25 26 27 -26 29 -4
right_child=-2 2 7 4 -6 -7 -8 9 -10 10 11 12 15 -15 -16 -17 17 18 19 -21 -22 -23 23 24 25 -27 -28 -29 -30 -31
leaf_value=0.00080835944102112373 -0.00041882971281062873 -0.00065066549597307319 0.0051869731770553019 0.00029803711475897757 0.0016802042783553702 -0.00057944795320689566 -0.00043594821218200387 -0.00078208797571114913 -0.0053155311061544586 0.0057864800360976692 0.0078103627546579693 0.00047385050754332182 -0.0010417325523515829 0.00028262625789513858 -5.3321551419019637e-05 0.00052477081400424533 0.0030204818230407638 -4.7081134816274293e-05 0.0005911231908199829 3.7459040538260487e-05 0.00037088945108392261 -3.3150685006106714e-05 0.0016060458556347277 -0.00027412770695291758 0.0020397660465011338 -0.00056072922887772313 0.0015851109969099374 -0.00071418958133200581 -0.00056193071357056568 -0.00016866933739569581
leaf_weight=67 279 59 45 83 40 277 41 364 209 40 42 48 104 41 850 252 41 714 43 227 51 6756 65 154 40 105 47 53 525 6370
leaf_count=67 279 59 45 83 40 277 41 364 209 40 42 48 104 41 850 252 41 714 43 227 51 6756 65 154 40 105 47 53 525 6370
internal_value=-0.000246549 -0.000218487 -0.000231696 -3.27391e-05 0.00247273 -8.06216e-05 0.000863999 -0.000428524 -0.000582798 0.000204936 0.000572568 0.00173975 0.00110986 0.00536667 -6.73408e-05 3.36127e-05 -1.61568e-05 0.000818941 0.000564671 0.00204037 0.00650526 -0.000139699 0.00112786 0.0015871 0.000907499 0.00213415 0.00425532 0.0021383 -0.000514336 -0.00041381
internal_weight=18032 17753 17686 8796 164 8632 124 8890 7149 1741 1377 487 445 89 890 356 8355 1076 1035 321 94 7279 523 464 399 245 140 93 6940 6415
internal_count=18032 17753 17686 8796 164 8632 124 8890 7149 1741 1377 487 445 89 890 356 8355 1076 1035 321 94 7279 523 464 399 245 140 93 6940 6415
is_linear=0
shrinkage=0.03


Tree=148
num_leaves=31
num_cat=0
split_feature=3 12 0 7 0 9 7 2 7 9 2 4 8 8 8 7 8 9 1 12 0 2 2 0 4 7 12 1 7 1
split_gain=1.0253 1.06757 0.984239 0.90844 1.17199 1.75337 0.929137 2.77085 0.940113 1.08029 0.893392 0.895365 0.889632 0.865148 1.00772 1.15413 1.25618 1.88249 2.91786 0.962892 0.849222 1.23772 0.791625 0.771482 1.57768 1.0223 0.765455 0.759059 0.836575 0.848058
threshold=110.57341255182855 0.67203978865988201 3427.5000000000005 0.29790852892118719 17.33880840275263 2.4312455530275332 0.56356504515786832 0.2835127026656894 0.79068701147428755 1.9489238613711175 0.83164893070128076 2.4187315589620968 0.3960191922927731 0.26560513173602002 0.099998242253490979 0.57627008127100876 0.16926744793440948 0.56578672827551657 1.2233152433490444 0.60000737844019791 1.008296012518211 0.058819080655618465 0.38996718912200307 0.95842602470557592 0.93490684233297072 0.19736350306681269 0.37867454858586441 0.44911136296539761 0.83472947248246265 1.9864158357014998
decision_type=8 2 10 2 10 10 2 10 2 8 10 10 10 8 10 2 10 10 2 2 8 10 8 10 10 2 2 2 2 2
left_child=1 3 13 12 10 6 7 -6 -8 -10 11 20 23 14 -2 -16 17 19 -19 -17 21 -5 27 24 -1 -26 -14 -18 29 -29
right_child=2 -3 -4 4 5 -7 8 -9 9 -11 -12 -13 26 -15 15 16 22 18 -20 -21 -22 -23 -24 -25 25 -27 -28 28 -30 -31
leaf_value=-0.00066106940951715404 -0.00042391170989097685 -0.00040934465892175311 0.00078123718898108821 0.001090724517583344 -0.0002927814314641823 0.00050139824770680679 -0.00041526899809140634 0.0012122345045761239 0.0015436147941908943 -0.00022519613436188492 0.0012909860502512919 -0.000418930930962748 0.0005644069728039402 -0.00073604617707539435 -0.00060307383024277284 0.00038732251064900762 -0.00050500428236637505 0.00085559797964751766 2.8951141929687967e-05 -0.00055067951728815111 -1.8083692503833194e-05 9.3998943682846117e-05 -0.00097905866493704953 -0.00020301655967087419 0.0072457314924290177 3.403264484631855e-05 -0.0012912382682839089 0.00079604028648691202 -0.00042062562020280474 0.00010305838200455337
leaf_weight=64 321 261 47 80 47 76 134 53 43 50 59 417 44 724 122 59 64 40 57 54 12392 585 139 1481 51 42 368 62 61 46
leaf_count=64 321 261 47 80 47 76 134 53 43 50 59 417 44 724 122 59 64 40 57 54 12392 585 139 1481 51 42 368 62 61 46
internal_value=-0.000248227 -0.000173007 -0.000928214 -0.000141866 -5.51058e-05 0.00153713 0.000576219 0.0029703 -0.000486843 0.00181915 -0.000102631 -0.000118888 -0.000731351 -0.001044 -0.000482457 0.000153191 0.000710119 0.00255924 0.00560204 -7.89481e-05 -7.51271e-05 0.000968468 -0.000337802 -0.000417328 0.00157595 0.00405319 -0.00197579 0.000730769 0.00178235 0.0033578
internal_weight=18043 16247 1796 15986 13936 403 327 100 227 93 13533 13474 2050 1749 1025 704 582 210 97 113 13057 665 372 1638 157 93 412 233 169 108
internal_count=18043 16247 1796 15986 13936 403 327 100 227 93 13533 13474 2050 1749 1025 704 582 210 97 113 13057 665 372 1638 157 93 412 233 169 108
is_linear=0
shrinkage=0.03


Tree=149
num_leaves=31
num_cat=0
split_feature=13 12 12 1 8 8 0 0 3 3 5 3 12 2 12 2 8 8 12 5 3 3 5 5 8 9 12 3 5 8
split_gain=1.03633 1.0502 1.4615 1.14217 1.05564 1.2351 2.16765 2.26264 1.81244 1.43767 1.36499 1.55151 1.28306 1.08376 1.04072 1.47859 1.11164 1.33037 1.24185 1.22821 0.945791 1.12519 0.93204 1.5829 3.28428 3.53852 2.80394 1.64385 1.52396 2.18539
threshold=0.28227605611218737 0.30634117186043736 0.4754179241400382 0.3281624460969752 0.16153628002196105 0.444345852117977 1.8546900031711926 2.1918929940710461 1.7858850969349576 1.4282947139401319 9.4865696096625669 4.9912283628468357 0.44846862205348553 0.29049757101868173 0.40980802514412601 -1.0000000180025095e-35 0.28530928204768741 0.54392304765172639 0.34399898520658939 9.8942702026682046 22.064200178053415 23.807097851762688 10.036772039442626 9.9034625519111081 0.10955932804797305 0.31840825198234241 0.5502643587973256 1.5018330556330082 11.001191069727653 0.29740246101410478
decision_type=2 2 2 2 8 8 8 10 8 10 2 10 2 10 2 8 8 10 2 2 8 8 2 2 10 10 2 10 2 10
left_child=14 -2 4 -4 -3 6 13 12 9 -7 11 -9 -8 -6 15 -1 -17 18 -18 -20 22 -22 23 -16 -25 27 -27 -26 -24 -30
right_child=1 2 3 -5 5 8 7 10 -10 -11 -12 -13 -14 -15 20 16 17 -19 19 -21 21 -23 28 24 25 26 -28 -29 29 -31
leaf_value=0.0022396227519448702 -0.0042207560810570144 -0.00039816285605795301 -0.0007079899579900843 -0.00012932084613807293 -0.00062974146033098141 9.9037000180012791e-05 0.0013369930769959637 -0.0008576531120243207 -0.0012128531290905439 0.0018794542872421329 -0.00032883091113588241 0.0018572174392581093 0.0010023498783950627 0.00026692631441067296 -5.8745292457580432e-05 -0.00020526316500719624 -9.6174324208677867e-05 -0.00062373228282825832 0.0015156035517095319 0.0014138346590700215 0.0016220373120006365 4.1717923512516108e-05 -0.00018147602093945129 -0.00028080666416003983 0.00083061222393611704 -0.0004964091700604867 0.00082420741532872332 0.0015315683895316817 4.0456684134057488e-06 0.00054338986591284547
leaf_weight=40 298 230 763 3728 175 68 77 53 403 52 86 53 62 59 4288 327 67 121 75 57 60 2194 3360 209 78 113 54 48 786 64
leaf_count=40 298 230 763 3728 175 68 77 53 403 52 86 53 62 59 4288 327 67 121 75 57 60 2194 3360 209 78 113 54 48 786 64
internal_value=-0.000235692 -0.000553537 -0.0004642 -0.000721951 0.000413949 0.000804407 0.00177562 0.00333434 -0.000246184 0.00297521 0.00121243 0.00347663 0.00623571 -0.000434043 -7.3104e-05 0.00105959 0.000708333 0.00196262 0.003465 0.00514286 -0.000142337 0.000407095 -0.00027997 6.26103e-06 0.00159841 0.00364286 0.000767856 0.00741732 -0.000605558 0.000528789
internal_weight=18048 6107 5809 4491 1318 1088 565 331 523 120 192 106 139 234 11941 687 647 320 199 132 11254 2254 9000 4790 502 293 167 126 4210 850
internal_count=18048 6107 5809 4491 1318 1088 565 331 523 120 192 106 139 234 11941 687 647 320 199 132 11254 2254 9000 4790 502 293 167 126 4210 850
is_linear=0
shrinkage=0.03


Tree=150
num_leaves=31
num_cat=0
split_feature=13 0 4 8 8 1 2 0 12 8 5 5 8 4 5 5 8 5 12 0 13 12 0 4 1 5 2 12 5 9
split_gain=1.38993 1.62731 1.56699 1.31692 1.11643 1.70375 1.79839 1.09669 0.776953 0.775906 0.73743 0.729536 1.54518 1.83697 0.72208 0.715608 0.666173 1.2656 1.25614 2.57503 1.27284 1.0805 1.96124 0.899523 1.15518 1.57661 0.851549 1.55642 1.23483 1.29809
threshold=0.44959407959715231 12.088336722964014 1.467698901278462 0.30405100141610808 -0.21323842981182906 2.6096990267700995 0.4963494620536078 1.131862384812907 0.67203978865988201 1.2778393686360048 9.2988547760821714 6.6560834372730202 0.80015271443541403 0.90143146931491802 8.8135871934143619 10.485535560187099 0.32253513518843635 10.637404681259602 0.50196938840122907 1.607010547581464 0.1974769639503631 0.37867454858586441 1.2947019266690434 0.6964861359452128 2.1791245824113843 10.3785409060636 0.30259729942078123 0.51536252395038173 10.6746947071543 0.15167863848855992
decision_type=2 10 10 8 10 2 8 8 2 10 2 2 10 10 2 2 10 2 2 10 2 2 10 8 2 2 10 2 2 10
left_child=1 4 3 14 5 6 15 11 9 16 -4 12 13 -6 -3 -1 23 21 19 20 -19 22 -18 24 -9 -26 -25 28 29 -28
right_child=-2 2 10 -5 7 -7 -8 8 -10 -11 -12 -13 -14 -15 -16 -17 17 18 -20 -21 -22 -23 -24 26 25 -27 27 -29 -30 -31
leaf_value=0.00014926598057525033 -0.00048193096816014037 0.0018184763348261933 -0.0010477196542138156 0.00047997811182246035 0.0014650977314200626 0.0026554873293072284 0.0018351532590696153 4.7892117699278726e-06 -0.00042700448960526267 0.0013575573976463348 2.9945706750408836e-05 4.326988371553131e-05 -0.0017704256428083905 0.0034827729899823711 0.00016135385378446225 -0.0006379747891500793 -0.0015248468694870163 0.0006260840294984221 -8.1708396149904734e-05 0.0014741498572731625 -0.001246666748654939 -0.00043798423197896028 0.00079565122668421077 -0.00014130365383601686 0.00030815423720999301 0.0010672479448754718 1.168284682297719e-05 -0.00013208504903524076 -0.0017972413495812892 0.0010387415860030481
leaf_weight=563 1888 59 68 40 80 47 44 2681 139 45 113 2253 40 58 177 102 52 41 147 40 47 1981 59 5720 111 59 164 894 46 257
leaf_count=563 1888 59 68 40 80 47 44 2681 139 45 113 2253 40 58 177 102 52 41 147 40 47 1981 59 5720 111 59 164 894 46 257
internal_value=-0.00019566 -0.000105469 0.0016572 0.00307581 -0.000156979 0.000966974 0.000595774 -0.000214013 -0.00032754 -0.000302309 -0.00051099 0.000368832 0.00221229 0.00371223 0.00220253 0.000202702 -0.00031683 -0.000769004 0.0011413 0.00330232 0.000404494 -0.00102055 0.00184821 -0.000209001 0.000240883 0.00263158 -0.000390145 0.00028414 0.0016859 0.00219668
internal_weight=18015 16127 457 276 15670 756 709 14914 12483 12344 181 2431 178 138 236 665 12299 2367 275 128 88 2092 111 9932 2851 170 7081 1361 467 421
internal_count=18015 16127 457 276 15670 756 709 14914 12483 12344 181 2431 178 138 236 665 12299 2367 275 128 88 2092 111 9932 2851 170 7081 1361 467 421
is_linear=0
shrinkage=0.03


Tree=151
num_leaves=31
num_cat=0
split_feature=6 5 1 12 3 8 12 5 2 5 5 8 2 5 5 12 6 5 5 3 6 3 3 5 8 9 6 5 5 3
split_gain=1.55333 1.14368 3.22896 0.71625 1.35746 2.77134 0.928011 0.903201 2.63858 0.846027 1.11788 2.74159 1.07287 1.59251 2.06288 4.08628 2.28067 3.30766 1.4352 1.15719 1.03655 1.68114 2.78907 3.27177 4.85802 2.02639 1.64169 1.44924 0.919769 1.24215
threshold=0.44959407959715231 6.7363734861220914 -0.79710495275070403 0.52715930501342856 1.2304521311909113 0.33309058090014371 0.57470833742427463 11.471655444261616 0.14100327276007238 10.850132886235812 10.755111754852402 0.32615099359385585 0.33171452816483177 8.5808250472585055 9.4314418324267031 0.46641415484728876 0.28418819843394078 9.8942702026682046 9.2355206657520501 34.538154125934021 0.17692322689454357 1.4556959316398335 1.7568505114164972 9.6568834397952426 0.41492149620211566 0.46179289687101804 0.28608454653049492 10.106489618940252 10.397467073127837 3.3673837295680724
decision_type=2 2 2 2 10 10 2 2 10 2 2 8 10 2 2 2 2 2 2 10 2 8 8 2 8 10 2 2 2 8
left_child=1 2 -1 7 5 6 -5 9 -9 10 12 -12 20 -14 15 -15 17 -16 19 -17 -3 -22 23 -23 25 26 27 -25 -24 -30
right_child=-2 3 -4 4 -6 -7 -8 8 -10 -11 11 -13 13 14 16 18 -18 -19 -20 -21 21 22 28 24 -26 -27 -28 -29 29 -31
leaf_value=0.0029169435589300255 -0.00068223963538343647 -3.3012014809348919e-05 0.0003422201581466528 0.00027766467642913856 -7.8077274957959417e-06 0.00065702192765658711 -0.00082096002829509524 0.00068652459813073915 -0.0014833779862060334 -0.00037224875818048534 -3.0365558647886602e-05 0.0017401077614412682 -0.00076772775358033708 0.0030372066851192627 -0.00028750722775037612 -0.0010896719642002218 -0.00027940099806046084 0.0018218757228948221 0.0023971988587196402 0.0013867115979947458 -0.00084529183597628729 -0.00039276200439798366 -0.00047522393312905448 0.0018531031199288202 0.002823465149764213 -0.00095101555233914766 0.0009379091908944668 -0.0011123738982808354 0.00058070231942332123 -0.001086144723187032
leaf_weight=41 1893 2994 506 171 7807 49 72 68 69 530 144 44 291 47 70 82 331 71 46 44 837 174 1245 42 40 88 56 44 121 89
leaf_count=41 1893 2994 506 171 7807 49 72 68 69 530 144 44 291 47 70 82 331 71 46 44 837 174 1245 42 40 88 56 44 121 89
internal_value=-0.000221352 -0.000126373 0.0012208 -0.000173486 2.25919e-05 0.0020273 0.000700819 -0.000383325 0.00202174 -0.000427938 -0.000339082 0.00193651 -0.000403099 0.000512715 0.00129624 0.00369545 0.000177589 0.00335915 0.00152601 -0.000141733 -0.000560112 -0.000982098 -0.000487895 0.00159101 0.00365314 0.00194805 0.00415385 0.00151724 -0.00112294 0.0007109
internal_weight=18106 16213 547 15666 8099 292 243 7567 137 7430 6900 188 6712 982 691 219 472 141 172 126 5730 2736 1899 444 270 230 142 86 1455 210
internal_count=18106 16213 547 15666 8099 292 243 7567 137 7430 6900 188 6712 982 691 219 472 141 172 126 5730 2736 1899 444 270 230 142 86 1455 210
is_linear=0
shrinkage=0.03


Tree=152
num_leaves=31
num_cat=0
split_feature=3 8 8 9 7 3 1 5 0 9 1 4 3 3 2 5 7 0 5 0 5 8 7 7 8 5 7 8 3 2
split_gain=0.881038 1.13484 1.10575 1.1152 1.78869 2.15875 1.77969 1.13072 0.829626 2.32889 1.03245 0.783255 1.07558 0.683318 1.09505 1.07349 0.664239 1.62798 1.61487 1.59588 1.02853 0.909059 0.877927 1.24 1.14407 0.817828 1.46346 0.994054 1.62899 2.04992
threshold=115.6892197701542 0.26560513173602002 0.099998242253490979 4.2285914660612738 0.62987828856862149 175.13519211441798 1.2896274933537484 9.5183763842326634 21.534172661870507 2.4312455530275332 0.8375197246188536 2.4187315589620968 1.2620859368896842 6.6892518850952323 0.30259729942078123 7.3323683504381592 0.2719607729708497 1.1195659993551164 4.6395599436855051 1.0809603262884691 9.2666734441995349 0.19727562958303144 0.21933275559986354 0.13918493739625848 0.26344973138716032 9.5401116195561535 0.28407475874408822 0.41962054529223752 1.7858850969349576 0.17951970431692213
decision_type=8 10 8 8 2 10 2 2 10 10 2 10 10 10 10 2 2 10 2 10 2 10 2 2 10 2 2 10 10 10
left_child=8 2 -2 4 -4 -6 -7 -8 11 10 -10 16 -13 -12 -15 -16 17 18 -1 20 -20 -21 23 -22 -25 26 -18 -27 29 -29
right_child=1 -3 3 -5 5 6 7 -9 9 -11 13 12 -14 14 15 -17 25 -19 19 21 22 -23 -24 24 -26 27 -28 28 -30 -31
leaf_value=0.0073269475181553826 -0.00038467984920322355 -0.00086208291371583803 -0.00057199518624535307 -0.00028794801856131237 -2.0641159307552187e-05 0.00084198083625682137 -0.00077392884761132033 0.00046973620840277166 -0.00082046313042558831 0.00038032670523775535 -8.2764728626860882e-05 0.00032114028214898856 -0.00061202921754491648 0.0017724364402298784 0.0011484242129450428 -0.0017110776799049883 0.00030440577477704205 -0.00051367303905951785 -0.0010122531432157991 0.0010093338958195336 -0.00029187681367338805 0.00014114552710191332 -0.00070149025524262275 -0.00035116782921240853 0.0007646502601010135 -6.1296123757753683e-05 4.8809162535450051e-05 0.000244706749976844 -5.6078363671886409e-05 0.00092732765323797167
leaf_weight=46 304 496 184 458 147 70 48 50 87 72 97 74 591 40 57 59 55 1084 163 41 79 40 60 40 59 7908 5163 144 303 61
leaf_count=46 304 496 184 458 147 70 48 50 87 72 97 74 591 40 57 59 55 1084 163 41 79 40 60 40 59 7908 5163 144 303 61
internal_value=-0.000175876 -0.000813994 -0.000335183 0.00016597 0.001146 0.00251582 0.0048284 0.00218182 -0.000107144 0.00122034 0.000175952 -0.000141592 -0.00114865 0.00114567 0.00236943 0.000871794 -9.75937e-05 -0.00067328 0.000691871 0.000173912 -0.000604478 0.0039878 0.000652719 0.0017095 0.00393 -2.94837e-05 0.000265567 -0.000212428 0.00107269 0.00313107
internal_weight=18080 1757 1261 957 499 315 168 98 16323 412 340 15911 665 253 156 116 15246 1612 528 482 401 81 238 178 99 13634 5218 8416 508 205
internal_count=18080 1757 1261 957 499 315 168 98 16323 412 340 15911 665 253 156 116 15246 1612 528 482 401 81 238 178 99 13634 5218 8416 508 205
is_linear=0
shrinkage=0.03


Tree=153
num_leaves=31
num_cat=0
split_feature=3 6 5 7 7 0 5 0 3 5 0 6 2 3 2 4 5 5 0 7 7 1 7 6 5 3 0 3 1 0
split_gain=1.04404 0.86866 1.14537 1.77558 1.13807 1.23531 1.19718 1.00653 1.91098 1.48971 1.35283 1.0379 0.96781 0.953444 1.17855 0.922309 0.962647 0.852015 1.21705 1.54436 2.74644 1.5268 1.50467 1.4193 1.2379 3.12163 3.04212 2.88408 1.91527 1.74896
threshold=110.57341255182855 0.82067795747230499 4.2903656061101136 0.49907338930864509 0.16056817893347705 1.1151223668124659 9.6742316080586743 17.33880840275263 3.5787330912022335 9.9624637531927345 27.510537024925515 0.17831604714542773 0.21715670778449889 2.0123565839945203 0.26176451024121355 0.99481816731191886 11.578010707236436 10.009310458997778 1.5006718506970369 0.73319671959200494 0.74981696182354274 1.4748029971181558 0.63500258668621468 0.47388133118783143 9.6471426348715834 16.101737792507993 2.7199001663893516 6.5535617192102187 1.3147206591090281 3.8667012152667897
decision_type=8 2 2 2 2 8 2 10 10 2 10 2 10 10 10 10 2 2 10 2 2 2 2 2 2 10 10 10 2 10
left_child=1 2 3 -1 5 6 -4 11 -9 10 -10 15 -5 -7 -15 -6 -17 18 19 -13 -21 -22 23 24 25 -20 28 29 -27 -26
right_child=-2 -3 4 12 7 13 -8 8 9 -11 -12 17 -14 14 -16 16 -18 -19 22 20 21 -23 -24 -25 27 26 -28 -29 -30 -31
leaf_value=0.0084199859743425195 -0.00024411686950732663 -0.0043724788120840996 -0.00080126162508666933 0.0017695230948385123 -3.0149889025978095e-05 -0.000814087670323158 0.00067182752190227655 -0.00080108821025973295 0.0016396553792144516 -0.00032324125570531612 0.00076961454868511173 -0.00066989539844405173 -0.0032119531221217832 0.00085777201572117103 -0.00051072702124961187 6.116671324710499e-05 0.00036290353667293724 -0.00022248280200923279 -0.00015253552426498158 0.0024634961948665763 -0.00061504136797534787 0.00081575632789977488 -0.00010273599233770354 -0.00053068932930912726 0.000563450489060131 0.0022943707106238736 -0.0001997878708910739 -0.00030563528217445254 0.0013199338274238808 0.00070625933408711972
leaf_weight=64 1818 242 55 44 2990 431 110 82 45 56 214 1040 51 40 226 3159 67 3396 725 48 228 116 1890 196 312 74 72 159 47 42
leaf_count=64 1818 242 55 44 2990 431 110 82 45 56 214 1040 51 40 226 3159 67 3396 725 48 228 116 1890 196 312 74 72 159 47 42
internal_value=-0.000172783 -9.63514e-05 -6.92748e-05 0.00245625 -9.48114e-05 -0.00115411 0.0011747 -3.36928e-05 0.00145477 0.00251582 0.00347308 -7.43724e-05 -0.000156251 -0.0017063 -0.000292136 0.000219076 0.000570808 -0.000292955 -4.18189e-05 -0.000778786 0.000824427 -0.00012174 0.000258385 0.000926903 0.00125489 0.000594123 0.00397423 0.00243385 0.00686066 0.00393803
internal_weight=18039 16221 15979 159 15820 862 165 14958 397 315 259 14561 95 697 266 6216 3226 8345 4949 1432 392 344 3517 1627 1431 918 193 513 121 354
internal_count=18039 16221 15979 159 15820 862 165 14958 397 315 259 14561 95 697 266 6216 3226 8345 4949 1432 392 344 3517 1627 1431 918 193 513 121 354
is_linear=0
shrinkage=0.03


Tree=154
num_leaves=31
num_cat=0
split_feature=7 0 4 5 8 8 8 11 7 0 13 8 1 13 3 5 8 7 1 5 1 0 7 13 2 0 5 8 5 3
split_gain=1.141 1.00561 1.37815 1.32059 0.955432 0.843302 1.71477 1.01841 1.07638 0.816712 1.68316 3.45918 1.93943 1.31641 1.47078 1.29065 5.41349 3.14187 2.44983 1.15024 1.22784 1.11621 1.72387 2.35098 1.06452 0.96781 0.902365 0.922879 1.09082 0.900536
threshold=0.29790852892118719 1.2590082219572385 0.95523430210772953 4.2903656061101136 0.51172667848711262 0.11074725810673348 0.14036619559892544 4.5000000000000009 0.18128517151424914 12.088336722964014 0.39299729017809254 0.20609775311517595 0.85868794183688246 0.3045360134814859 46.837120591254653 11.001191069727653 0.29291537296484044 0.47567548873174131 0.51322583362420071 10.583308836345422 1.7599254415720209 1.3573578484553537 0.56577582480957345 0.12626082861426727 0.5127230041609725 1.6269900851561736 11.134727686677195 0.54392304765172639 9.8043023742337247 41.29497917381557
decision_type=2 10 8 2 8 10 10 2 2 10 2 10 2 2 8 2 10 2 2 2 2 10 2 2 10 8 2 10 2 10
left_child=1 2 -1 -4 5 -5 -7 8 -8 13 11 -11 -13 15 25 19 17 18 -17 24 -21 22 -19 -24 -2 -15 27 29 -29 -27
right_child=9 -3 3 4 -6 6 7 -9 -10 10 -12 12 -14 14 -16 16 -18 21 -20 20 -22 -23 23 -25 -26 26 -28 28 -30 -31
leaf_value=-0.00038786040164176413 -4.9946902511609465e-06 -0.00049541898226945725 0.012661822709919427 -0.00049215521992258902 -0.0014232605764675935 0.00052255262449270746 -0.00016777732751280516 -0.00025063681147983118 0.00034500194099319775 5.9077374641336824e-05 -8.7507203907991286e-06 0.00010015672414017283 0.0018140421388716814 -0.0015826840607728696 -0.00067122725425897123 0.00076650506153839656 0.0012839057959975486 -0.0008517754854824299 7.5517925178948035e-05 -0.00035150029435380005 6.3490217893124595e-05 -0.00032004643129539745 4.787967954233208e-05 0.00064905210017706944 0.00080508731960041212 -1.9782159813201834e-05 -0.0011052594215220969 -0.0020449392971487817 0.00087761793915443708 0.00039003669309159021
leaf_weight=405 8663 1146 40 107 86 54 40 273 42 153 619 44 43 228 1089 47 69 74 64 1146 302 441 190 56 60 2015 118 220 42 286
leaf_count=405 8663 1146 40 107 86 54 40 273 42 153 619 44 43 228 1089 47 69 74 64 1146 302 441 190 56 60 2015 118 220 42 286
internal_value=-0.000251391 -0.00089289 -0.000220421 0.000643856 0.000288556 0.000777562 0.00139756 0.000632022 0.00354217 -0.000163244 0.000736046 0.00286307 0.00760227 -0.000214414 -0.000681171 -4.64328e-05 0.00101592 0.000371133 0.0050625 -0.00014481 -0.000927537 -0.000318898 0.00102804 0.00223482 -1.47875e-05 -0.000328867 -0.000168905 -5.03127e-05 -0.00173384 0.00014205
internal_weight=18162 2193 1047 642 602 516 409 355 82 15969 859 240 87 15110 3998 11112 941 872 111 10171 1448 761 320 246 8723 2909 2681 2563 262 2301
internal_count=18162 2193 1047 642 602 516 409 355 82 15969 859 240 87 15110 3998 11112 941 872 111 10171 1448 761 320 246 8723 2909 2681 2563 262 2301
is_linear=0
shrinkage=0.03


Tree=155
num_leaves=31
num_cat=0
split_feature=13 2 8 12 11 13 12 5 13 3 2 9 12 2 2 3 5 5 1 5 3 0 9 12 2 5 8 12 5 0
split_gain=0.93358 1.07719 1.68291 0.953084 0.912924 0.921885 0.900812 0.787911 1.80372 0.727067 0.809618 0.722891 1.3193 1.28573 0.960597 0.830539 1.41721 1.02758 1.28225 1.01978 2.08597 1.91332 2.02842 1.66403 0.947859 0.80181 2.072 3.64684 1.85184 1.19027
threshold=0.54276308619466695 0.56897865902212619 1.2778393686360048 0.67203978865988201 10.500000000000002 0.68790237325945658 0.43806458491445016 5.0434043048315838 0.33046021663906361 0.98491326728581841 0.021801086961219133 1.9489238613711175 0.57205967186630102 0.2349599672283218 0.15637091287415425 6.6892518850952323 7.9731553740730181 8.1749844932907632 0.92288770044348967 8.0802369848886979 43.424786254182983 2.8888359283974157 0.4796769958223876 0.61697928956911186 0.3244810965111718 9.9624637531927345 0.41016625347132757 0.37867454858586441 10.637404681259602 2.6059935994683836
decision_type=2 10 8 2 2 2 2 2 2 8 8 10 2 10 10 10 2 2 2 2 10 10 8 2 10 2 10 2 2 10
left_child=1 3 6 7 -2 -6 -3 8 -1 -9 -11 15 14 -14 -13 16 -12 18 -18 20 21 22 -17 -22 -24 29 -27 -28 -29 -19
right_child=4 2 -4 -5 5 -7 -8 9 -10 10 11 12 13 -15 -16 19 17 25 -20 -21 23 -23 24 -25 -26 26 27 28 -30 -31
leaf_value=0.0055412947288174773 -0.0014158083349738665 0.00098807523852330846 0.0079350159058871692 -0.00040289730354346113 0.001823342114812467 -0.0020571393156995329 -0.00039109841587691753 0.00081943224648273877 -0.00033894402867271789 -0.00068413916446729292 -0.00066929639893188373 0.00014107248204952772 0.00040573564573362695 -1.7518928837716262e-05 -0.00084365476372309193 0.0025211095466262201 0.0036071742372431035 -5.3793993769099869e-06 -7.0015483564343136e-05 1.1767257707037668e-05 -0.00011791433444904013 0.0023621549518268248 -0.0015474202256863725 0.012791713159205532 0.0016598445177230246 -0.00011648315868235362 0.00077629017688212094 -0.00029172481321044282 0.0010220894224576631 0.00041470045012652595
leaf_weight=44 756 49 57 259 47 51 103 51 89 110 666 40 92 632 794 58 47 4089 55 4052 374 50 55 40 60 4702 43 163 70 403
leaf_count=44 756 49 57 259 47 51 103 51 89 110 666 40 92 632 794 58 47 4089 55 4052 374 50 55 40 60 4702 43 163 70 403
internal_value=-0.000169209 -0.000121232 0.00201429 -0.000147545 -0.00113684 0.00157576 0.00035294 -0.000119607 0.00217164 -0.000138044 -0.000149133 -0.000131931 -0.000746633 0.000190344 -0.00155928 -6.77258e-05 -0.000219163 -0.00012598 0.00285437 0.000262899 0.00137774 0.00370982 0.00218965 0.000115662 -0.000129311 -0.000158379 -0.000420567 0.00210108 0.000602563 0.000132205
internal_weight=18101 17247 209 17038 854 98 152 16779 133 16646 16595 16485 1558 724 834 14927 10238 9572 102 4689 637 223 173 414 115 9470 4978 276 233 4492
internal_count=18101 17247 209 17038 854 98 152 16779 133 16646 16595 16485 1558 724 834 14927 10238 9572 102 4689 637 223 173 414 115 9470 4978 276 233 4492
is_linear=0
shrinkage=0.03


Tree=156
num_leaves=31
num_cat=0
split_feature=7 6 12 7 7 3 7 12 7 0 9 3 3 9 5 5 9 7 0 7 4 0 5 5 12 7 7 0 6 9
split_gain=0.862318 0.939186 1.19728 1.65993 1.48151 1.7721 1.72659 1.02627 3.42366 1.20748 2.44143 2.03382 3.87197 1.1765 1.22085 2.48707 1.42895 1.60477 1.11561 1.04865 1.19238 1.08945 2.80434 0.967839 1.6642 2.32737 1.04624 1.76684 2.71645 1.20307
threshold=0.16056817893347705 0.25395846130562744 0.39100629057196373 0.67900229021605119 0.60511100538787377 1.0605256580959836 0.38207976712248409 0.52715930501342856 0.68498025681446018 1.4696674716514357 0.2646094063762543 1.5688953994346442 2.1112676070353147 1.362125787046814 10.136878404430522 10.475934947460468 0.3094725363267074 0.73319671959200494 1.2590082219572385 0.77200215277661466 -0.38538874172041621 2.6059935994683836 9.777697544870259 8.0294327875302809 0.61697928956911186 0.63683621704655724 0.73011571448919244 1.7988866901657399 0.22620835638512207 0.014085679857575339
decision_type=2 2 2 2 2 10 2 2 2 10 10 10 10 10 2 2 10 2 10 2 8 10 2 2 2 2 2 10 2 10
left_child=-1 2 3 4 5 6 -2 8 9 -4 11 -11 -13 14 -10 18 -17 -18 -16 20 -9 -21 -23 24 25 -22 -25 29 -29 -28
right_child=1 -3 7 -5 -6 -7 -8 19 13 10 -12 12 -14 -15 15 16 17 -19 -20 21 23 22 -24 26 -26 -27 27 28 -30 -31
leaf_value=-0.00039613746387952346 0.0014380946189153281 -0.00011579859334147558 -0.00027448429060498416 -0.00054645528523194012 0.00089030613731069525 -7.150720556498801e-05 0.0006543836947711329 0.00026839217533018494 1.4395163648912868e-06 -0.00056844943207058542 -0.00028054784415922112 0.0015621209460702978 0.0001280664428579182 0.0019750927261189921 0.00069782763920661606 -0.00013721139421084695 0.00098295761177343553 -0.0001228725966661976 0.00168979964790324 -0.00017706490665108391 -0.00026981095862166343 0.0006450104529551389 -0.00075594858202222294 5.1167775770095149e-06 0.019744351074089988 0.0080995616442337479 0.0011441444726882498 0.001837070712787681 -1.2377600609553305e-06 -0.00010454581714412431
leaf_weight=900 40 6896 2936 145 72 155 40 81 823 50 292 47 78 59 62 150 46 55 58 693 130 40 42 3603 46 46 45 78 59 292
leaf_count=900 40 6896 2936 145 72 155 40 81 823 50 292 47 78 59 62 150 46 55 58 693 130 40 42 3603 46 46 45 78 59 292
internal_value=-0.000227409 -0.000179896 2.04527e-06 0.00150993 0.00275649 0.00158898 0.00518518 -6.7571e-05 -0.000390381 -0.000883961 0.000532051 0.00332386 0.00535714 0.00094976 0.000743096 0.00216935 0.000464285 0.00320588 0.00570248 0.00022401 0.000404017 -0.000792526 0.00245783 0.000335581 0.00226009 0.000915254 0.000230259 0.00155368 0.00441304 0.000381656
internal_weight=18059 17159 10263 452 307 235 80 9811 4656 3403 467 175 125 1253 1194 371 251 101 120 5155 4380 775 82 4299 222 176 4077 474 137 337
internal_count=18059 17159 10263 452 307 235 80 9811 4656 3403 467 175 125 1253 1194 371 251 101 120 5155 4380 775 82 4299 222 176 4077 474 137 337
is_linear=0
shrinkage=0.03


Tree=157
num_leaves=31
num_cat=0
split_feature=2 5 12 0 12 3 4 7 2 5 5 7 0 8 2 7 7 5 5 0 7 0 5 7 0 8 8 12 13 2
split_gain=1.11812 1.45556 1.17224 1.55459 1.03976 1.48724 2.0382 3.37909 3.71742 1.98395 2.30948 1.91962 2.86023 2.32687 2.16033 1.50223 1.23421 1.73507 1.7355 1.7004 3.05727 1.08373 1.64602 1.64359 1.05628 1.03462 1.33122 1.48208 1.2292 1.16103
threshold=0.2444061354745603 10.343434598251649 0.61387144290377016 1.6891677311535338 0.6199668071295239 2.0123565839945203 0.64708509407456727 0.44015325623836221 0.19774196911491906 10.977038401263089 11.178598853559183 0.60511100538787377 5.4482929457209348 -1.0000000180025095e-35 0.23974874830330251 0.80730864791137591 0.72875458763823875 9.1486245285813155 7.7510450253959338 1.4748957152434425 0.64071780713400617 4.0546643065648107 10.098293353913622 0.76423215366231501 3.2593097366416806 0.052114268506985091 0.29291537296484044 0.43625169702880584 0.39657193621513193 0.31711569643529802
decision_type=8 2 2 8 2 10 10 2 10 2 2 2 8 10 10 2 2 2 2 10 2 8 2 2 10 8 8 2 2 8
left_child=4 2 25 -4 5 24 7 8 -7 15 -11 -9 13 -13 -15 16 17 18 -8 -20 -21 22 -18 -24 -1 -2 27 28 -27 -28
right_child=1 -3 3 -5 -6 6 9 11 -10 10 -12 12 -14 14 -16 -17 21 -19 19 20 -22 -23 23 -25 -26 26 29 -29 -30 -31
leaf_value=-1.5439685486020054e-05 -0.00041101227543324933 -0.00042577701754600226 0.0019646949592658598 5.404983193424635e-05 -0.00022386545429595219 1.32662423086802e-05 -0.00045667914605913975 -0.00048470559477454476 0.0027882189982163011 0.0014821596108036768 1.5040132193839595e-05 0.002204532858325088 0.00080166702399953982 -0.00015166175991303965 0.0013480975439111428 -0.00052439626726446522 -0.00017771028866871776 -0.00011469438168065977 0.00010877470014798115 0.00012013223918062381 0.0016738363812624415 0.00044846611228457661 0.0017325107564286249 -0.00035672998752737863 -0.0013980751117775208 0.0021920646473299076 -0.00070303862757656679 2.1039898739888802e-05 -0.00035191286203692005 -0.00012758898502741644
leaf_weight=6600 539 1225 96 516 803 54 80 141 63 81 123 49 58 331 43 334 207 907 128 96 45 41 68 51 135 84 811 2137 48 2174
leaf_count=6600 539 1225 96 516 803 54 80 141 63 81 123 49 58 331 43 334 207 907 128 96 45 41 68 51 135 84 811 2137 48 2174
internal_value=-0.000183962 -0.000459967 -0.000278646 0.000969004 1.78171e-05 0.000104296 0.000672181 0.00203108 0.00668644 0.000206752 0.00301463 0.00114607 0.00204772 0.0011816 0.000367999 -8.73347e-05 0.000290024 -0.000157519 0.00163714 0.00278889 0.0050493 0.00181793 0.00122936 0.004025 -0.000140292 -0.000410598 -0.000282018 0.000265638 0.00333835 -0.000698259
internal_weight=18068 7630 6405 612 10438 9635 2900 739 117 2161 204 622 481 423 374 1957 1623 1256 349 269 141 367 326 119 6735 5793 5254 2269 132 2985
internal_count=18068 7630 6405 612 10438 9635 2900 739 117 2161 204 622 481 423 374 1957 1623 1256 349 269 141 367 326 119 6735 5793 5254 2269 132 2985
is_linear=0
shrinkage=0.03


Tree=158
num_leaves=31
num_cat=0
split_feature=13 7 7 7 9 2 8 7 9 12 0 12 0 3 0 4 3 11 12 7 4 8 0 12 8 7 3 4 13 2
split_gain=1.35364 1.25528 1.14351 1.06091 2.52918 2.63376 1.96418 1.87349 1.31888 2.66201 1.02567 1.02357 0.973462 1.51299 0.938942 1.26019 1.12037 1.20744 1.66573 1.76817 1.08972 1.28445 1.15475 1.06724 1.01547 0.946352 1.16274 0.998191 1.19471 1.26226
threshold=0.19472882601052091 0.81564432264163156 0.2719607729708497 0.73011571448919244 0.088681969319118051 0.22121282174950754 0.10420418737966831 0.73319671959200494 1.3865608146300603 0.5683075253109825 2.1918929940710461 0.54715492838680591 2.4242653671787537 2.0613883964499675 21.534172661870507 0.30808332261209964 4.9912283628468357 7.5000000000000009 0.59145799495710583 0.69375292228746066 2.3481097811838865 -0.21323842981182906 1.20309026436822 0.33335832672793625 0.096651195686514424 0.74981696182354274 1.7165139433807073 1.6895868738103326 0.24023982564774207 0.30013950135075523
decision_type=2 2 2 2 8 10 10 2 10 2 10 2 10 10 10 10 10 2 2 2 8 8 8 2 8 2 10 10 2 10
left_child=1 3 11 10 5 6 -5 -6 -9 -10 -1 -2 13 -13 20 -16 -17 -18 19 -19 21 -4 -23 -24 25 26 -25 28 -28 -30
right_child=2 -3 14 4 7 -7 -8 8 9 -11 -12 12 -14 -15 15 16 17 18 -20 -21 -22 22 23 24 -26 -27 27 -29 29 -31
leaf_value=1.201406946121043e-05 -0.0010734619203277935 -0.00038470199620847247 0.0048602506857212385 0.00059362053972967881 0.0008274130635348081 0.0029402275108784846 -8.0221695434484321e-05 -5.417353064589107e-05 0.0029734890420360645 -8.8824920185867271e-05 -0.00083718814977178579 -0.000807794078602181 -0.00018458103613846187 0.0040980312621700099 0.00077936877385250303 -0.00058388854872207143 -7.9073839194948694e-06 0.0017188117582904389 -6.1447799585955155e-05 0.00041325108997343788 -0.00071143490072419558 0.0008930745360374398 -0.0022975968768766488 -0.00073329539756250789 -3.0797649298248682e-05 -0.00047964197730212291 0.00049814606458276718 -0.00031304795390876659 -0.00069245095062929875 0.00028973885855155434
leaf_weight=6382 703 364 41 64 54 46 64 688 42 65 116 43 54 53 40 91 385 44 69 75 518 62 270 323 6206 302 274 211 244 158
leaf_count=6382 703 364 41 64 54 46 64 688 42 65 116 43 54 53 40 91 385 44 69 75 518 62 270 323 6206 302 274 211 244 158
internal_value=-0.000171339 0.000123636 -0.000400119 0.000206992 0.00110449 0.00438857 0.00213953 0.000427058 5.65319e-05 0.00313889 6.55478e-05 -0.00145082 0.000794701 0.00259794 -0.000303737 0.000748935 0.000433082 0.000925086 0.00288889 0.005025 -0.000389896 -0.000304375 -0.000331637 -0.000363501 -0.000298485 -0.000995374 -0.000619324 -5.74331e-05 0.000505169 -0.000535981
internal_weight=18051 7885 10166 7521 1023 174 128 849 795 107 6498 853 150 96 9313 704 664 573 188 119 8609 8091 8050 7988 7718 1512 1210 887 676 402
internal_count=18051 7885 10166 7521 1023 174 128 849 795 107 6498 853 150 96 9313 704 664 573 188 119 8609 8091 8050 7988 7718 1512 1210 887 676 402
is_linear=0
shrinkage=0.03


Tree=159
num_leaves=31
num_cat=0
split_feature=13 7 1 8 4 2 4 7 2 7 13 8 0 3 0 12 8 13 12 2 3 0 7 7 1 1 7 1 0 7
split_gain=1.20107 1.01926 0.943553 1.76796 0.928809 1.12116 1.51273 0.988192 0.908701 0.897494 1.15758 0.894581 0.872375 1.55828 2.44478 1.47075 0.80294 0.886327 1.04002 1.63758 1.66676 1.4318 1.17939 2.33321 1.32574 1.51595 1.03585 1.27281 0.960122 0.799219
threshold=0.19472882601052091 0.8437537603228471 2.4294019802374209 0.37862843007394725 1.4612869428990003 0.5127230041609725 0.83641244330595177 0.29047292052127976 0.37248782073556125 0.13918493739625848 1.0000000180025095e-35 0.40029205021748165 1.5270692369531724 1.2563103603487893 1.7350903107018565 0.47265009815178344 0.098115486843610267 0.68790237325945658 0.53335028176772181 0.32242930240899453 1.9707666576535705 3.8667012152667897 0.75129220640072214 0.72061029328781434 3.3996738565790916 1.5954157064627654 0.82144523439235739 3.1952212243401763 3.5242931145213636 0.90598940640280057
decision_type=2 2 2 8 8 10 10 2 10 2 2 10 8 8 8 2 8 2 2 10 8 8 2 2 2 2 2 2 8 2
left_child=1 2 9 -4 5 8 -7 -6 12 10 -1 -8 -2 14 -14 -16 -9 18 19 21 -21 -18 23 24 25 -22 -20 28 -28 -15
right_child=4 -3 3 -5 7 6 11 16 -10 -11 -12 -13 13 29 15 -17 17 -19 26 20 22 -23 -24 -25 -26 -27 27 -29 -30 -31
leaf_value=0.00070185176756399291 -0.00043285488422188976 -0.00059900807199244623 0.00015053045279904179 0.0017956078023169152 -0.0015908978320871693 -0.0011019804373641848 0.0042045763854804711 -0.00028116097178482473 -0.00038386935440604543 1.459293476444463e-05 -0.00056363474042360852 0.0010249049347954857 -0.0012566311167385026 -1.5821347768676727e-05 0.0013310068155169845 0.0017563213450127479 -0.00032770235350219103 -0.0049131156120747997 -0.00042721419400804436 0.0028563513489709884 0.00051206976575977675 0.00095408437016884838 -0.00053967488713134676 0.0043016930133019122 0.0011242564144898957 -0.0011365265710584337 0.00087032288583747833 0.001189366829678252 -0.00011408407974768529 0.00044352837798514823
leaf_weight=44 827 192 552 40 361 40 40 616 851 6783 301 48 50 4211 49 54 766 155 1106 53 177 75 136 66 45 134 58 41 148 48
leaf_count=44 827 192 552 40 361 40 40 616 851 6783 301 48 50 4211 49 54 766 155 1106 53 177 75 136 66 45 134 58 41 148 48
internal_value=-0.000175504 0.000101604 0.00015542 0.00130523 -0.000391395 -0.000163049 0.00260465 -0.000751905 -0.000221639 5.97552e-05 -0.00143064 0.00478652 -7.38557e-05 9.3813e-05 0.00305844 0.00568269 -0.000600504 -0.000395137 -0.000272631 0.000284927 0.00146569 -0.000573635 0.000976743 0.00175886 0.000789915 8.65377e-05 -0.000870754 0.000883064 -8.69572e-05 -1.3381e-05
internal_weight=18067 7912 7720 592 10155 6218 128 3937 6090 7128 345 88 5239 4412 153 103 3576 2960 2805 1452 611 841 558 422 356 311 1353 247 206 4259
internal_count=18067 7912 7720 592 10155 6218 128 3937 6090 7128 345 88 5239 4412 153 103 3576 2960 2805 1452 611 841 558 422 356 311 1353 247 206 4259
is_linear=0
shrinkage=0.03


Tree=160
num_leaves=31
num_cat=0
split_feature=4 13 7 2 2 12 0 7 7 7 9 4 7 0 0 7 8 0 13 0 13 13 9 9 9 0 1 7 12 8
split_gain=0.949736 0.829977 1.83455 2.78601 0.779521 1.04582 1.02836 0.781668 1.47488 0.751529 1.10298 1.22041 0.739852 0.708893 1.30842 1.1912 0.83883 1.36123 0.687395 0.702695 0.614525 0.82762 0.609945 0.98645 0.603956 1.92224 1.11662 2.00107 1.16134 0.583168
threshold=2.4187315589620968 0.54276308619466695 0.82144523439235739 0.35071353398905114 0.56897865902212619 0.67203978865988201 1.1365874168615371 0.86491290113307462 0.85648310395710425 0.30442955214122269 -1.0000000180025095e-35 1.1684257871146719 0.8437537603228471 1.1195659993551164 1.0809603262884691 0.21933275559986354 0.26344973138716032 1.0170318206981055 0.16101398163317707 311.50000000000006 0.28227605611218737 0.25730663443338081 0.5330266724869458 0.20351034855304082 -0.85576102661335829 5.8359950354769019 1.1148049244247618 0.79302599270045326 0.52635687618945792 0.32963498754363602
decision_type=10 2 2 10 10 2 10 2 2 2 8 10 2 8 10 2 10 10 2 10 2 2 8 10 10 8 2 2 2 10
left_child=1 4 -3 -4 5 7 -6 8 9 10 11 -1 24 14 15 16 -12 -18 -2 -20 21 22 23 -9 25 -11 -27 28 -28 -15
right_child=18 2 3 -5 6 -7 -8 20 -10 12 13 -13 -14 29 -16 -17 17 -19 19 -21 -22 -23 -24 -25 -26 26 27 -29 -30 -31
leaf_value=-3.5342543067499419e-05 4.5965153056112189e-05 -0.0016738506991188873 0.0026858846374424082 -0.00058196345888870396 -0.0015643736834186736 -0.00039626203815685895 0.0016059407531258867 -0.00034676420643439817 0.0013046879576402871 0.00083363166281012226 -0.0002393657705982943 0.00049834214161118147 -0.00077313365503212453 -0.00019984158545842867 0.00066798551797559824 -0.00066072994685106108 0.00068827850758674516 -0.00039113845114973397 -0.00080482050348129825 0.00030427802529238505 -0.00036169160999666215 0.00013738087909550366 -0.00095757893136710632 0.00082840164372297823 -1.793045600655387e-05 -0.00036080508613972357 0.0022285809619353903 0.00099074887818651142 -0.00026006741217255981 -0.0010050975473092534
leaf_weight=75 175 634 51 61 58 260 77 40 53 96 142 42 114 932 82 142 42 41 612 51 264 40 143 40 12939 246 43 47 160 366
leaf_count=75 175 634 51 61 58 260 77 40 53 96 142 42 114 932 82 142 42 41 612 51 264 40 143 40 12939 246 43 47 160 366
internal_value=-0.000258676 -0.000210668 -0.00118876 0.00233628 -0.000166334 -0.000185138 0.00209559 -0.000154569 -0.000116045 -0.00013327 -0.000698124 0.00211017 -5.60611e-05 -0.0008873 0.000139999 -0.000627718 0.000730088 0.00310714 -0.00124434 -0.00168524 -0.00128977 -0.000261364 -0.000977679 0.00111111 -3.56939e-05 0.000900505 0.000144869 0.00155378 0.000249999 -0.00124249
internal_weight=18068 17230 746 112 16484 16349 135 16089 15562 15509 1864 117 13645 1747 449 367 225 83 838 663 527 263 223 80 13531 592 496 250 203 1298
internal_count=18068 17230 746 112 16484 16349 135 16089 15562 15509 1864 117 13645 1747 449 367 225 83 838 663 527 263 223 80 13531 592 496 250 203 1298
is_linear=0
shrinkage=0.03


Tree=161
num_leaves=31
num_cat=0
split_feature=6 9 3 8 12 1 6 3 5 5 8 6 9 2 11 11 9 1 9 8 9 3 8 5 3 11 5 2 12 1
split_gain=1.59176 0.907062 1.10379 1.15816 1.01799 1.09579 1.51762 1.18391 1.63361 2.18189 1.0454 1.09975 1.085 1.01667 0.840445 1.15041 0.768563 0.761813 0.785177 0.848014 1.05997 1.58489 1.06735 1.07481 1.05135 0.890319 1.05749 0.925831 0.808334 0.787906
threshold=0.24932786478368921 0.028178340043125794 2.3663689654504005 0.010043131190643583 0.40646368242426295 -0.3689008308475627 0.15980987042435937 1.1917656003448236 10.009310458997778 10.583308836345422 0.19904381618124065 0.11125510603628543 -0.12136461144859097 0.56897865902212619 6.5000000000000009 8.5000000000000018 0.49068344464432972 0.3345224027051536 4.0375482577117561 0.098115486843610267 -0.18696064416492095 11.920805774832184 0.46507943642985089 7.0983752970839431 1.6115950649712067 10.500000000000002 8.8334627100951071 0.10756067846650792 0.57293783579111845 0.40508338365174834
decision_type=2 8 8 8 2 2 2 10 2 2 10 2 10 10 2 2 10 2 10 8 8 10 10 2 10 2 2 8 2 2
left_child=1 4 3 16 -1 -6 7 -7 10 -10 11 -9 -13 -4 -8 -16 -3 -2 19 -19 21 -21 25 -24 -25 27 -27 -22 -20 -29
right_child=17 2 13 -5 5 6 14 8 9 -11 -12 12 -14 -15 15 -17 -18 18 28 20 22 -23 23 24 -26 26 -28 29 -30 -31
leaf_value=0.0015794140118995997 -0.00036851281569934101 -0.00044355023347744757 3.651060217125996e-05 -4.8888720067889623e-05 -0.00010692988752419839 -0.00056468990812083054 -0.00021544521288338622 -0.00039111538765938461 0.00081075584343394088 0.00030110061248079069 0.020710497982021462 -0.00018404371935658466 0.00044265330594379611 0.0017401229707316348 0.00061111520088526108 -1.9824833538417002e-05 0.00021624656996205009 -0.00031112682198643394 -0.0012204349289584296 -0.00022220887473642581 0.00042524604351131619 0.001207400312689226 0.00058706448247642382 0.00040351971675878017 -0.0017778999781443807 0.00057477130932696852 0.00019910156969410491 0.00032833736372257408 1.8117325705651369e-06 -9.767944338164589e-05
leaf_weight=70 1230 368 3275 5513 422 67 222 85 73 60 40 47 46 46 62 199 53 743 362 67 41 64 210 64 504 123 343 86 183 3350
leaf_count=70 1230 368 3275 5513 422 67 222 85 73 60 40 47 46 46 62 199 53 743 362 67 41 64 210 64 504 123 343 86 183 3350
internal_value=-0.000222766 1.18314e-05 -9.56144e-05 -0.000340692 0.00072525 0.000537008 0.00112749 0.00244869 0.00314489 0.00575373 0.00153425 0.000536312 0.0027766 0.000342263 -1.85958e-05 0.00113359 -0.00185545 -0.000561661 -0.000425013 -0.000318979 -0.000174326 0.00247727 -0.000248412 -0.00126316 -0.00194025 -4.79216e-05 0.00118201 -0.000213054 -0.00151099 -0.000267094
internal_weight=18018 10648 9255 5934 1393 1323 901 418 351 133 218 178 93 3321 483 261 421 7370 6140 5595 4852 131 4721 778 568 3943 466 3477 545 3436
internal_count=18018 10648 9255 5934 1393 1323 901 418 351 133 218 178 93 3321 483 261 421 7370 6140 5595 4852 131 4721 778 568 3943 466 3477 545 3436
is_linear=0
shrinkage=0.03


Tree=162
num_leaves=31
num_cat=0
split_feature=6 1 9 7 8 9 7 12 12 4 1 7 7 9 6 7 6 12 12 9 0 6 8 12 2 2 7 6 8 0
split_gain=0.830572 1.19334 1.10243 2.52449 1.91039 1.01829 0.904838 1.09057 1.47399 1.9199 2.13587 1.36315 1.32539 2.0138 3.64934 1.22915 0.934745 1.33056 0.92384 1.31203 0.890618 1.65745 2.30388 0.881795 1.24231 1.10918 1.09579 0.900371 0.861041 2.29053
threshold=0.2898376437242583 1.0000000180025095e-35 2.8891714323214512 0.7223069125121272 0.25762479472438643 -0.85576102661335829 0.38207976712248409 0.50755918954334744 0.56114672175123281 1.5427341208146219 2.7221204211998979 0.85648310395710425 0.56804622626849643 0.75323472765017296 0.47388133118783143 0.87094742634905298 0.347814212607025 0.4754179241400382 0.55629520364259022 1.032935798261339 12.088336722964014 0.4453953825031754 0.24506426376674445 0.40980802514412601 0.036506562773725805 0.33473722511588827 0.54488373664765055 0.018499421197605063 0.16153628002196105 4.771420756644738
decision_type=2 2 10 2 10 8 2 2 2 10 2 2 2 10 2 2 2 2 2 10 8 2 8 2 8 10 2 2 8 10
left_child=2 -2 5 -4 -5 -1 18 11 -9 10 15 12 13 16 -15 20 17 -8 -3 -20 28 22 -22 24 27 -26 -27 -7 29 -10
right_child=1 6 3 4 -6 23 7 8 9 -11 -12 -13 -14 14 -16 -17 -18 -19 19 -21 21 -23 -24 -25 25 26 -28 -29 -30 -31
leaf_value=0.0020733145854918314 -0.00050504662398426757 -0.00099792567816941167 -0.00029591604332559974 0.00057267848478861785 5.7391354944608522e-05 0.0016454614058464931 0.0011036732786444806 -0.000645829873230762 0.0011396229922540069 -0.00025161805613301041 0.00035976492079606043 0.002618878711548092 -0.00018194880566478386 0.0016231988037652305 -0.00026767976091138186 -0.00041801662010658658 -0.00016017138219641226 -0.00033992751491617189 -7.8402740874190962e-05 0.00094413005686258772 0.00012606699344870989 -0.00044421557463716384 0.0013467932045520459 -2.3466403902567376e-05 -2.757406999823071e-05 0.00023716170880962636 0.0015425800807232139 0.00048642291101454199 -0.00011060627784762246 -0.0014030366327818901
leaf_weight=62 409 635 171 60 57 43 66 1347 61 528 70 67 1221 55 51 97 280 54 128 44 116 101 77 11171 532 45 41 43 355 50
leaf_count=62 409 635 171 60 57 43 66 1347 61 528 70 67 1221 55 51 97 280 54 128 44 116 101 77 11171 532 45 41 43 355 50
internal_value=-0.000185775 -0.000480992 -4.53958e-05 0.00178547 0.00516102 -8.97142e-05 -0.00036251 -0.000199696 -0.000569391 9.27191e-05 0.00091487 0.000377715 0.000213541 0.00150296 0.00515888 0.000499999 0.00052369 0.00272727 -0.00128837 0.000658959 0.000906701 0.00219661 0.00381959 -0.000109886 0.000919148 0.00044588 0.00358621 0.00427586 8.9935e-05 0.00238393
internal_weight=18037 5812 12225 288 117 11937 5403 4596 2802 1455 927 1794 1727 506 106 857 400 120 807 172 760 294 193 11875 704 618 86 86 466 111
internal_count=18037 5812 12225 288 117 11937 5403 4596 2802 1455 927 1794 1727 506 106 857 400 120 807 172 760 294 193 11875 704 618 86 86 466 111
is_linear=0
shrinkage=0.03


Tree=163
num_leaves=31
num_cat=0
split_feature=7 13 0 9 12 7 7 5 13 7 5 7 7 7 2 8 12 2 7 2 5 8 7 2 7 8 7 5 5 7
split_gain=1.01851 1.00275 1.16446 0.979159 1.15337 1.36578 0.927364 1.32802 1.40908 1.59925 1.8537 2.31847 1.24014 1.11381 1.03333 0.892255 0.93233 0.897754 1.69613 0.830598 0.813527 2.28255 1.25183 1.50207 1.10614 1.03876 2.1777 2.02986 1.77581 1.79487
threshold=0.16056817893347705 0.22175419133928556 12.088336722964014 2.5307953036009834 0.58952922488996695 0.79696699592492382 0.46794816857268601 7.3323683504381592 0.46336344992943262 0.63323540941734324 9.6471426348715834 0.76971975481793165 0.56804622626849643 0.80197797213813993 0.24888347051935308 0.098115486843610267 0.30634117186043736 0.10756067846650792 0.71742951305420843 0.24888347051935308 11.001191069727653 0.29039879002787278 0.47567548873174131 0.15893928332796431 0.56149347159189811 0.064714614669915724 0.66667912157988096 11.214545858445112 11.406692333481983 0.63500258668621468
decision_type=2 2 10 10 2 2 2 2 2 2 2 2 2 2 10 8 2 8 2 10 2 8 2 10 2 10 2 2 2 2
left_child=-1 20 3 15 -5 -6 -4 12 9 -9 13 -12 -8 14 -11 19 -17 18 -18 -3 -2 22 23 -22 -24 -26 27 -27 -29 -30
right_child=1 2 6 4 5 -7 7 8 -10 10 11 -13 -14 -15 -16 16 17 -19 -20 -21 21 -23 24 -25 25 26 -28 28 29 -31
leaf_value=-0.00040792835496844217 -8.7259429826643881e-06 -0.00052881086385401274 -0.00022223826646115222 -0.001124719151743242 -0.00012588398655665175 0.00069969578205697947 0.0016147157418679892 -0.00015657108870777611 -0.00052197066460185691 0.0016642741390360824 0.00011941651380739203 0.0011240396230386683 0.0001952229566965411 -0.00020736664559354456 0.00010652605293579343 -0.0043449992282180482 -0.00039252813294748647 -5.2455353489316077e-05 0.0014218051006728853 -5.8047137711770144e-05 0.00047938371725910015 0.0011183322865697422 -0.00080363870520920773 -3.4547083829142338e-05 -0.00015630589955565905 0.00040123288883032088 -0.00024831664482880483 -0.00088439352988358875 0.0010167162790933135 -1.3057915352481174e-05
leaf_weight=923 8046 679 126 711 143 49 47 116 267 41 66 61 47 72 77 202 54 5129 40 565 40 54 93 47 165 54 140 48 40 47
leaf_count=923 8046 679 126 711 143 49 47 116 267 41 66 61 47 72 77 202 54 5129 40 565 40 54 93 47 165 54 140 48 40 47
internal_value=-0.000240627 -0.000188684 -0.000421053 -0.000543511 -0.00147013 0.000590673 0.000586319 0.000966037 0.000513551 0.00156912 0.00266981 0.00546094 0.00429474 0.00078534 0.00257143 -0.000417842 -0.000251567 -0.000174005 0.00271579 -0.00114217 3.62386e-05 0.000995884 0.000515555 0.00385227 1.53054e-05 0.000581817 0.00155454 0.00364737 0.00165441 0.00419318
internal_weight=18189 17266 8492 7572 903 192 920 794 700 433 317 127 94 190 118 6669 5425 5223 94 1244 8774 728 674 87 587 494 329 189 135 87
internal_count=18189 17266 8492 7572 903 192 920 794 700 433 317 127 94 190 118 6669 5425 5223 94 1244 8774 728 674 87 587 494 329 189 135 87
is_linear=0
shrinkage=0.03


Tree=164
num_leaves=31
num_cat=0
split_feature=6 7 7 12 7 9 6 4 4 7 7 4 9 1 12 3 9 12 7 1 12 9 12 7 9 9 4 12 12 3
split_gain=0.915094 1.11877 1.11734 0.809686 0.850273 1.83492 1.63031 0.822958 0.959719 0.78935 0.795518 0.672177 0.818458 1.10765 0.563312 1.38935 0.569413 1.15117 0.606745 1.06098 0.693759 2.69982 0.6002 0.700629 0.692235 0.78776 0.82905 0.927385 0.534857 1.52611
threshold=0.53129637843406929 0.87094742634905298 0.84979219657299832 0.67203978865988201 0.85648310395710425 1.362125787046814 0.23749900709002428 2.3010042223682619 3.6466281711141701 0.8437537603228471 0.29790852892118719 2.202930706299544 1.1288066580392073 0.6667068965517241 0.38480357719275898 1.0978410186874488 0.028178340043125794 0.5402280177774893 0.20575840433426176 -0.11172568196331416 0.54223701505997746 0.73282419162571266 0.47057686812074523 0.060924651430521816 0.84061617558211676 0.21032933067564089 1.3164176679977351 0.44846862205348553 0.42504211251241858 1.4160894019409471
decision_type=2 2 2 2 2 8 2 8 10 2 2 10 8 2 2 10 8 2 2 2 2 10 2 2 8 10 10 2 2 10
left_child=1 3 -2 4 7 6 -6 9 -9 10 14 28 13 -13 15 -1 17 -16 20 -20 22 -22 24 -24 25 -18 27 -27 29 -12
right_child=2 -3 -4 -5 5 -7 -8 8 -10 -11 11 12 -14 -15 16 -17 18 -19 19 -21 21 -23 23 -25 -26 26 -28 -29 -30 -31
leaf_value=0.001326333003274198 -0.0010925468445069988 -0.00035292637218652042 0.0017207358763482612 -0.00033372995276008562 0.0012126748097313061 -0.0012839620916300486 0.0012750103327303424 -0.00030352788562989608 0.00040454188555876002 -0.0007107506101002493 -0.00028627867095448137 0.000445794699086991 0.0013218989182764099 -8.6454139871809253e-05 0.00026707153861795722 -0.00047517551990361375 -0.00044654497412849168 -0.00017259447441108996 0.00013750823864711482 -0.00056878551842155475 -0.00030759707418451785 0.0014809958687727689 0.00065378178336832147 -0.00069936136645939897 -0.0012593941082991397 7.0318372330809264e-05 -0.00018012390421502476 0.00077335197256253629 -3.3429787618814062e-07 0.00059095232334537603
leaf_weight=40 853 519 62 276 40 47 41 811 73 117 428 40 42 133 88 66 47 41 75 597 106 40 70 361 76 51 65 63 12331 475
leaf_count=40 853 519 62 276 40 47 41 811 73 117 428 40 42 133 88 66 47 41 75 597 106 40 70 361 76 51 65 63 12331 475
internal_value=-0.000173279 -0.000123952 -0.00109716 -8.11256e-05 -5.38962e-05 0.00237209 0.00508537 -7.31669e-05 -0.000962713 -2.18857e-05 -2.95425e-06 7.60588e-05 0.00173611 0.000810344 -0.00059765 0.00151402 -0.000731708 0.00117692 -0.000891109 -0.00156909 -0.000371592 0.0015102 -0.000747957 -0.00146528 0.000277227 0.00111013 0.00201667 0.00354783 4.89604e-05 0.000753318
internal_weight=18074 17159 915 16640 16364 128 81 16236 884 15352 15235 13449 215 173 1786 106 1680 129 1551 672 879 146 733 431 302 226 179 114 13234 903
internal_count=18074 17159 915 16640 16364 128 81 16236 884 15352 15235 13449 215 173 1786 106 1680 129 1551 672 879 146 733 431 302 226 179 114 13234 903
is_linear=0
shrinkage=0.03


Tree=165
num_leaves=31
num_cat=0
split_feature=3 8 5 0 3 3 5 6 7 12 8 12 7 12 3 5 8 5 7 0 7 0 6 7 12 8 0 6 7 5
split_gain=0.948523 1.23315 1.1846 1.35634 1.11866 3.50853 1.05569 0.915615 1.14143 1.21499 1.1495 1.74492 1.35369 1.29945 2.77286 1.92796 3.49084 1.65573 1.41149 1.37644 1.56149 1.3401 1.50222 1.2828 2.19706 1.2121 1.75347 1.08676 1.79783 1.6765
threshold=110.57341255182855 0.29291537296484044 9.5819384099782834 173.87500000000003 22.064200178053415 22.880843806796744 9.7137485503037837 0.17181309278272663 0.2719607729708497 0.58220795980479434 0.24883673932378655 0.4754179241400382 0.51686360541059229 0.49040301950279636 1.3789430240006428 9.7323729620002322 0.41962054529223752 10.214458781330704 0.39355090264881593 8.2866341649580999 0.59914817166921075 1.607010547581464 0.30883064553834588 0.59699370247786876 0.47155685088981486 0.45021394174070833 2.8888359283974157 0.2246230654245647 0.4894031899363272 10.850132886235812
decision_type=8 10 2 10 10 10 2 2 2 2 8 2 2 2 10 2 10 2 2 10 2 8 2 2 2 10 8 2 2 2
left_child=4 2 -2 6 7 -6 -4 -1 9 -9 11 -10 27 15 21 18 23 -18 -12 -16 -21 -15 -23 24 -17 26 -20 28 -13 -29
right_child=1 -3 3 -5 5 -7 -8 8 10 -11 13 12 -14 14 19 16 17 -19 25 20 -22 22 -24 -25 -26 -27 -28 29 -30 -31
leaf_value=-2.9580559866648115e-06 -0.00020221261642741411 -0.00083571986387266032 0.00044023945547155049 0.00079925550091141772 0.0020131595869075994 3.4628227205757817e-05 -8.1403493039379648e-05 -0.0010308130310704286 -0.00076514155670939147 0.00097423628036651078 0.0012642671242792008 0.00027563142757884877 -0.00019560267781543799 -6.7461727251624058e-05 -0.00044805167961514816 0.00046240939005518921 0.0014238369845281853 0.0010070413892674618 -0.0003770693771336442 0.00050073927510185269 -0.00037232264132624983 0.0034952525586866138 0.0022278565831989226 -0.00093184627889664976 0.00076171869222383293 -0.0023647682957704591 0.0010858026591395323 -0.0002054082053602283 0.0036720856722212286 0.00067026054084477196
leaf_weight=5732 819 431 56 67 73 3280 467 720 763 60 82 336 1992 49 1234 134 41 48 251 83 66 45 49 135 65 258 87 586 42 42
leaf_count=5732 819 431 56 67 73 3280 467 720 763 60 82 336 1992 49 1234 134 41 48 251 83 66 45 49 135 65 258 87 586 42 42
internal_value=-0.000250857 -0.000896253 -0.000465958 0.000558375 -0.000177742 0.000310375 4.00756e-05 -0.000304628 -0.000530619 -0.00161332 -0.000398185 -0.00073445 -0.000408137 8.33326e-05 -0.000483301 0.00086842 0.00245519 0.0077 -0.000123712 -0.000895232 0.00182 0.00347917 0.00555789 0.00103881 0.002565 -0.000633167 0.000548672 0.000488579 0.00175726 -0.00027663
internal_weight=18093 1840 1409 590 16253 3353 523 12900 7168 780 6388 3761 2998 2627 1526 1101 423 89 678 1383 149 143 94 334 199 596 338 1006 378 628
internal_count=18093 1840 1409 590 16253 3353 523 12900 7168 780 6388 3761 2998 2627 1526 1101 423 89 678 1383 149 143 94 334 199 596 338 1006 378 628
is_linear=0
shrinkage=0.03


Tree=166
num_leaves=31
num_cat=0
split_feature=6 5 2 2 12 9 2 4 5 1 6 4 4 0 1 8 5 8 8 2 5 0 5 5 5 0 1 1 6 4
split_gain=0.77717 1.18316 1.59529 1.66994 0.904554 0.790378 1.92981 1.4947 2.85279 2.61079 0.907846 0.870058 0.95533 0.741866 0.829764 0.896624 0.765406 0.922303 0.890078 0.674771 0.952613 0.937241 1.28029 2.88214 0.756018 1.47915 0.762232 0.688228 1.2911 1.73993
threshold=0.95551144502743646 4.6395599436855051 0.14897757817909948 0.5127230041609725 0.67203978865988201 1.9489238613711175 0.23198259712420885 0.66550285864297742 8.4821875607670183 2.8119695457052738 0.40557866578172869 3.6466281711141701 2.3481097811838865 12.088336722964014 1.9200242673234713 0.23524573142684388 9.6272398528230578 0.29291537296484044 0.22228277082874162 0.18732044290555619 11.348993585630321 1.1045453457592826 11.578010707236436 11.812615079417837 6.6560834372730202 1.1863051372765756 -0.8508788219353054 1.5379351976639712 0.15749863593549487 0.85183628921037891
decision_type=2 2 10 10 2 8 10 10 2 2 2 10 10 8 2 8 2 8 10 8 2 10 2 2 2 10 2 2 2 10
left_child=1 2 -1 -4 5 11 7 8 -7 10 -9 12 19 -8 16 -16 -15 18 -18 21 24 -3 27 -24 25 -21 -26 -23 29 -29
right_child=-2 4 3 -5 -6 6 13 9 -10 -11 -12 -13 -14 14 15 -17 17 -19 -20 20 -22 22 23 -25 26 -27 -28 28 -30 -31
leaf_value=0.0029409673824764612 -0.0059725369203365948 5.5497654569866131e-05 -0.00063695050423229411 0.0065262363084542564 -0.00036289415902072145 -0.00082729918168621998 -0.00044391512508066281 -0.00041640063993202028 0.00098188084846393786 0.0014251636882381554 0.00042108642723270748 0.00081258844435773935 -0.00035411139867351645 -0.00036662400497741829 -3.3562025279993439e-05 0.0004833279086475419 1.8412825503787651e-05 -0.00049601890867228876 0.00078973943746439926 0.0027557336462898439 -0.000640419307814905 -0.00020234909805483698 0.00072436425196585575 -0.00016818926612719362 -0.00025079347876806856 -0.00025620910886961853 2.3491459112312606e-05 0.00067173305782198915 -0.00024394604789797989 4.3420024559975169e-05
leaf_weight=41 204 1317 164 77 255 64 1310 230 77 76 52 54 601 464 139 187 68 43 41 57 235 2911 73 89 379 50 7806 69 623 303
leaf_count=41 204 1317 164 77 255 64 1310 230 77 76 52 54 601 464 139 187 68 43 41 57 235 2911 73 89 379 50 7806 69 623 303
internal_value=-0.000270599 -0.000249497 0.00167491 0.000731404 -0.000280472 -0.000254288 -0.000720568 0.000965999 0.00357042 -6.68531e-05 -0.00139929 -0.000166187 -0.000180447 -0.00109454 -0.00045175 0.000770641 -0.00109887 0.000745097 0.00220909 -0.000129807 3.62329e-05 -0.000392685 -0.000617843 0.00198773 8.97135e-05 0.00258333 5.68036e-05 -0.000726389 -4.51814e-05 0.00135121
internal_weight=18059 17855 282 241 17573 17318 2751 499 141 358 282 14567 14513 2252 942 326 616 152 109 13912 8527 5385 4068 162 8292 107 8185 3906 995 372
internal_count=18059 17855 282 241 17573 17318 2751 499 141 358 282 14567 14513 2252 942 326 616 152 109 13912 8527 5385 4068 162 8292 107 8185 3906 995 372
is_linear=0
shrinkage=0.03


Tree=167
num_leaves=31
num_cat=0
split_feature=7 4 6 4 8 8 4 5 7 2 8 5 7 2 6 6 8 8 7 6 5 3 7 6 5 1 1 7 7 5
split_gain=1.18509 1.1287 0.982447 1.53204 0.825501 2.44354 0.913178 0.822283 1.70252 1.37028 1.14048 1.41833 1.3258 1.5589 1.51022 2.3164 1.08928 0.785425 4.08458 1.7117 0.721618 0.923629 0.721192 1.48936 0.686846 1.40995 0.657422 1.32029 2.61086 1.31521
threshold=0.30442955214122269 2.5865183602120498 0.18319577104959175 0.95523430210772953 0.10420418737966831 0.12592505269666662 1.0497253737861627 10.534732732925947 0.35352553366623013 0.26176451024121355 0.057897231563806086 11.001191069727653 0.80478096059541848 0.15637091287415425 0.11671576071362112 0.1546905031980961 -0.10041251417925713 0.23711768293944444 0.58282327039727411 0.23173734561948225 11.265245850982803 5.7278510053174392 0.72875458763823875 0.20368793320385861 10.873138934894977 0.9130090231287874 2.9573599569530233 0.75683772755870982 0.74242014729364936 7.4838065296799909
decision_type=2 8 2 8 8 10 10 2 2 10 8 2 2 10 2 2 10 8 2 2 2 10 2 2 2 2 2 2 2 2
left_child=2 7 3 -1 -5 -6 -7 26 -9 10 16 17 13 14 -13 -16 -10 22 19 -19 21 -15 -12 -24 -20 -26 -2 28 29 -28
right_child=1 -3 -4 4 5 6 -8 8 9 -11 11 12 -14 20 15 -17 -18 18 24 -21 -22 -23 23 -25 25 -27 27 -29 -30 -31
leaf_value=-0.00033688786856506423 -5.5649596903441285e-06 -0.00032231761835277054 -0.00049057216338347829 -0.00018915816820871162 0.00097508700671573043 0.0003819726447838453 8.0239463027375328e-05 0.00047523591394601258 0.00067194004675851069 -0.00064744651496105512 -0.00037885186435817117 -2.7114683973652165e-05 0.0016810526392907921 -0.00011748435034519559 0.00053569302646606042 5.8164754779606811e-05 -0.00032520201329346292 0.00088922067642649536 -0.00070456209822613214 0.0023730535342513528 -0.00064694638804283985 0.00072526121949071146 0.0010309724791519443 -0.00082626971355075388 -0.00034709067839262082 0.0014645655413623889 0.0021576355770219309 -0.00034386400083488521 0.0025917008062590098 3.4390839640426002e-05
leaf_weight=462 11244 495 1134 134 43 53 439 48 44 553 664 119 46 90 55 91 570 48 210 45 215 73 55 54 50 40 79 296 52 642
leaf_count=462 11244 495 1134 134 43 53 439 48 44 553 664 119 46 90 55 91 570 48 210 45 215 73 55 54 50 40 79 296 52 642
internal_value=-0.000225364 -0.000133762 -0.000867168 -0.000241167 0.000676119 0.00120336 0.000596348 -8.83392e-05 -0.000527516 -0.000617268 -0.000314576 5.65726e-05 0.00113478 0.00077795 0.00253759 0.00457143 -0.00143415 -0.000580978 0.000510152 0.00596808 -0.000459104 0.00104268 -0.00113566 0.00111818 -0.00119601 0.00098901 2.11947e-05 0.000731775 0.00138372 0.000909972
internal_weight=18143 15878 2265 1131 669 535 492 15383 3070 3022 2469 1855 689 643 265 146 614 1166 393 93 378 163 773 109 300 90 12313 1069 773 721
internal_count=18143 15878 2265 1131 669 535 492 15383 3070 3022 2469 1855 689 643 265 146 614 1166 393 93 378 163 773 109 300 90 12313 1069 773 721
is_linear=0
shrinkage=0.03


Tree=168
num_leaves=31
num_cat=0
split_feature=13 1 12 8 2 12 5 5 5 4 7 5 12 7 12 2 4 8 2 2 0 12 8 5 7 13 0 8 5 7
split_gain=0.997352 1.05412 0.918699 0.846952 1.00718 0.93486 0.906855 0.824975 0.822438 1.03384 0.777539 1.45574 3.01056 1.20303 1.92605 1.3955 1.5012 1.69472 1.16518 0.884145 1.6108 0.968784 0.977773 1.70811 2.42136 1.73626 1.51764 2.318 1.47487 1.4922
threshold=0.2898376437242583 0.3281624460969752 0.30634117186043736 inf 0.42049264834530004 0.70146423968922733 5.0434043048315838 11.214545858445112 9.6160387856443972 1.0497253737861627 0.61653866360386422 11.471655444261616 0.54795652986944676 0.63323540941734324 0.52861531192314393 0.20033447921138317 1.5178100935435841 0.15548255307122175 0.26316825075382305 0.16735638927251781 1.1486965180398092 0.48892931481790175 0.065858254247349743 10.475934947460468 0.35352553366623013 0.21606197086554782 1.607010547581464 0.18380246224295535 8.0294327875302809 0.51005728086648106
decision_type=2 2 2 8 8 2 2 2 2 10 2 2 2 2 2 10 10 10 10 8 10 2 10 2 2 2 10 10 2 2
left_child=3 -2 -3 5 8 6 -1 -4 -5 -10 11 19 -13 14 -12 16 17 -16 -17 20 -8 -21 28 25 -25 26 -24 -28 29 -23
right_child=1 2 7 4 -6 -7 10 -9 9 -11 13 12 -14 -15 15 18 -18 -19 -20 21 -22 22 23 24 -26 -27 27 -29 -30 -31
leaf_value=0.0028788727027040197 -0.00053419995579623715 -0.003412152669757675 -4.5064805950181682e-05 -0.00051958589453099076 0.0010321832431826898 -0.00078705701028896117 1.1484420363012066e-05 -0.0009892753191401869 -0.00022922053197313474 0.00090093518216971113 -0.00017878771461471324 0.0007167829765468988 -0.00024784862498559214 5.2307236552142889e-06 -0.00023650636741980898 -0.00015148011939964499 0.00086077656547428724 0.00079889521633092517 0.0010201505579555444 -0.00025537436844433537 -0.0002981857016966594 0.0048505820488464234 0.00015464914113102321 0.0014053216597788103 0.00018547146841820157 -0.00021992165127090394 5.8212890743904361e-06 0.00092399186106458149 -0.00018013170447702781 -0.0010849226082844852
leaf_weight=40 802 281 4616 103 54 119 1053 119 51 58 164 44 63 5255 57 94 65 45 41 976 1415 41 693 56 321 599 98 53 680 50
leaf_count=40 802 281 4616 103 54 119 1053 119 51 58 164 44 63 5255 57 94 65 45 41 976 1415 41 693 56 321 599 98 53 680 50
internal_value=-0.00020644 -0.000529989 -0.000368348 -5.3219e-05 0.00161798 -9.03276e-05 -6.37608e-05 -0.000269215 0.000676056 0.00248182 -7.91477e-05 -0.000313528 0.00313889 0.000172491 0.00163169 0.0030495 0.004875 0.00256311 0.000772058 -0.000375249 -0.000811665 -7.31509e-05 0.000230323 0.000609554 0.00240476 0.000139196 0.00101538 0.00373026 -0.000664508 0.00290217
internal_weight=18106 5818 5016 12288 266 12022 11903 4735 212 109 11863 6142 107 5721 466 302 167 102 135 6035 2468 3567 2591 1820 377 1443 844 151 771 91
internal_count=18106 5818 5016 12288 266 12022 11903 4735 212 109 11863 6142 107 5721 466 302 167 102 135 6035 2468 3567 2591 1820 377 1443 844 151 771 91
is_linear=0
shrinkage=0.03


Tree=169
num_leaves=31
num_cat=0
split_feature=6 7 5 7 8 8 0 9 2 7 6 12 8 0 5 2 12 9 7 12 8 8 4 9 0 8 12 6 0 8
split_gain=1.09519 2.28926 1.14775 1.40389 1.47812 1.49784 1.53816 1.4676 1.21337 2.52569 1.08376 1.37339 1.38233 1.13262 1.66163 1.09299 1.15934 1.90569 1.36815 1.32149 1.26266 1.10174 0.944984 0.906211 1.32216 1.20061 1.85474 2.09985 1.74356 1.4225
threshold=0.53129637843406929 0.88187449488861602 9.9905822583368913 0.88711113501944394 0.27194599461280655 0.010043131190643583 1.8418603040506774 0.49068344464432972 0.23768104504155471 0.6836987642252973 0.041547149015769953 0.5402280177774893 0.37862843007394725 4.9629938346228242 9.5075147434021883 0.33473722511588827 0.38480357719275898 0.76354761743375044 0.65560723637060614 0.50904657688707522 0.49586500117747456 0.31568745645763213 1.1252257518156912 4.2285914660612738 17.33880840275263 0.41016625347132757 0.50128077953005257 0.13531289237314861 1.6334483522608274 0.54392304765172639
decision_type=2 2 2 2 10 8 10 10 10 2 2 2 10 10 2 10 2 10 2 2 10 10 10 8 10 10 2 2 10 10
left_child=2 -2 3 4 5 6 7 -1 9 -8 11 12 -6 15 -15 -12 17 -17 21 20 -20 -18 -16 24 25 -4 28 -28 29 -27
right_child=1 -3 23 -5 10 -7 8 -9 -10 -11 13 -13 -14 14 22 16 18 -19 19 -21 -22 -23 -24 -25 -26 26 27 -29 -30 -31
leaf_value=-0.00050040084861178644 -0.0010543246552786479 0.0028039085431472936 -9.1971605203254188e-05 -0.00060051121249774474 0.0017715338020042363 0.00011982175200722594 0.0040611853100259122 0.00036254632594286997 -3.4659435390811174e-05 -0.0001390775921376895 -0.00041285134472847661 0.012894633324788518 -0.0010277459626230996 -0.00030900051068062775 0.00060603447629813177 -0.0014514523806118068 0.0016122940724900498 0.0013481069663752868 0.0020756255744731012 -1.9165050507838397e-05 0.00051933994951786728 -0.0010580523241950327 0.0004455175584675968 -0.00050061131490048664 0.00040855899030356956 0.0006935748355632402 0.00033234992007332825 -0.00071225054897573064 0.0013172287176949258 -0.0017960965647910389
leaf_weight=609 878 41 6593 264 97 5516 52 95 141 48 1790 56 164 161 56 45 54 44 43 201 41 329 41 239 65 96 61 208 55 44
leaf_count=609 878 41 6593 264 97 5516 52 95 141 48 1790 56 164 161 56 45 54 44 43 201 41 329 41 239 65 96 61 208 55 44
internal_value=-0.000194782 -0.00120326 -0.000140857 7.09782e-05 0.000130529 0.000389507 -0.000713531 -0.00142128 0.00135124 0.00386139 -0.00040538 0.00125472 0.00033206 -0.000593372 0.0012973 -0.000785323 0.000170184 0.00336667 -0.00026009 0.00131119 0.00444706 -0.00142969 0.00437755 -0.000424206 -0.00036305 -0.000402523 0.00107097 -0.000544445 0.00329082 0.00148936
internal_weight=18127 919 17208 9847 9583 6461 945 704 241 100 3122 317 261 2805 258 2547 757 89 668 285 84 383 97 7361 7122 7057 464 269 195 140
internal_count=18127 919 17208 9847 9583 6461 945 704 241 100 3122 317 261 2805 258 2547 757 89 668 285 84 383 97 7361 7122 7057 464 269 195 140
is_linear=0
shrinkage=0.03


Tree=170
num_leaves=31
num_cat=0
split_feature=6 0 9 0 8 2 9 3 0 3 12 8 12 9 12 8 0 5 3 12 8 12 6 5 5 3 3 12 0 3
split_gain=1.0567 1.21413 2.02126 1.1104 1.06 1.35894 0.977088 1.11085 1.73833 2.20162 2.20028 1.73359 1.21087 0.911589 0.861132 2.46475 1.75454 0.870596 0.866774 0.840159 0.859287 1.49128 1.00932 0.790425 1.20397 0.737641 1.14997 2.21298 0.759239 0.732582
threshold=0.28227605611218737 17.33880840275263 1.9489238613711175 1.621044709819951 0.80015271443541403 0.48685345627576077 0.65764837475766769 3.3673837295680724 2.2279025452565677 2.2951283293990632 0.5540018357278842 0.49586500117747456 0.51059920285693294 -0.85576102661335829 0.51252847701438997 0.49586500117747456 27.510537024925515 9.3549600578419625 60.513309279720197 0.55837517705599926 0.25952339492147131 0.58661834550826653 0.43311080538298269 9.6843671431457636 10.286400255592595 28.883659737727584 43.424786254182983 0.53728855406761078 4.0546643065648107 1.8747625339279683
decision_type=2 8 8 10 8 8 10 8 10 10 2 8 2 8 2 8 10 2 10 2 8 2 2 2 2 10 10 2 10 8
left_child=4 2 3 -2 13 23 29 8 11 -10 -11 12 -8 -1 15 16 -3 -16 -17 -19 22 -22 -21 -6 -25 28 27 -27 -9 -5
right_child=1 14 -4 6 5 -7 7 25 9 10 -12 -13 -14 -15 17 18 -18 19 -20 20 21 -23 -24 24 -26 26 -28 -29 -30 -31
leaf_value=0.0021274682446576795 -0.00092182013959462553 0.0031321054894001155 -0.0009339549307704674 0.00020117643192089907 -0.00017862645839865072 0.0012804440892372124 0.00074438880900034015 -0.0010243220196845164 -0.0011284700464124649 -0.00089351309999980495 0.00074375452249222907 0.002609745728068468 -0.00055745084929906307 -2.2782575736602544e-05 -0.00018188610778026307 -0.0010458334550073874 1.7670003323408425e-05 -0.001929580005090736 0.0012146284077979427 -8.7488296364870565e-05 0.00067633281319862387 0.00010443903526392232 0.00084993767871090426 0.00090724145145407165 -6.0213674629555637e-05 0.0017661530100011652 -0.00042988534621942652 -0.00026142088327338114 8.2850371896759896e-05 -0.00030054943226428415
leaf_weight=59 427 89 1170 416 223 49 74 211 117 54 45 40 44 11525 793 218 61 45 41 163 48 67 71 57 70 68 237 87 59 1433
leaf_count=59 427 89 1170 416 223 49 74 211 117 54 45 40 44 11525 793 218 61 45 41 163 48 67 71 57 70 68 237 87 59 1433
internal_value=-0.000249309 -0.000571476 -0.000824449 -0.000445518 -8.58652e-05 0.0014325 -0.000233888 0.000503374 0.001808 5.52988e-05 0.00333 0.00418868 0.00231933 -0.000138283 0.00013901 0.00132439 0.00437086 -0.000270203 -0.000450001 0.000881012 0.00138 0.00349138 0.000331914 0.00076923 0.00264844 -0.000235295 0.000595419 0.00259615 -0.00143912 -0.000647028
internal_weight=18061 6078 4482 3312 11983 399 2885 1036 374 216 99 158 118 11584 1596 409 150 1187 259 394 349 115 234 350 127 662 392 155 270 1849
internal_count=18061 6078 4482 3312 11983 399 2885 1036 374 216 99 158 118 11584 1596 409 150 1187 259 394 349 115 234 350 127 662 392 155 270 1849
is_linear=0
shrinkage=0.03


Tree=171
num_leaves=31
num_cat=0
split_feature=7 6 7 5 4 0 1 5 5 9 3 3 2 7 2 9 7 6 3 0 3 5 0 0 0 5 2 0 3 3
split_gain=1.07025 1.15788 1.25247 1.03745 1.03132 0.97059 0.959422 1.84198 0.888266 0.871665 0.944396 0.745837 1.04485 4.43418 1.3037 0.9882 0.880442 1.44433 1.62328 1.03611 0.998567 1.15374 1.77535 0.943934 1.35859 2.03523 1.09702 0.812321 0.733449 0.718354
threshold=0.16056817893347705 0.20648288461095191 0.83922723779723041 5.0434043048315838 1.5427341208146219 1.1151223668124659 3.4980918315575855 9.0673356758952988 9.9716834395762266 0.21032933067564089 1.463180841018844 1.0539741460127077 0.13594023664589239 0.72743883845011881 0.19602802422027799 0.40778395680608404 0.46794816857268601 0.34460433495124493 2.4887580128611586 1.3751415859699361 69.818768982204489 9.5944796881517256 1.7237477308496019 2.4890156786620881 2.043711641726913 9.2826145197644383 0.31711569643529802 1.6134142997401282 4.7208558257064963 2.0123565839945203
decision_type=2 2 2 2 8 10 2 2 2 10 10 10 10 2 10 8 2 2 10 10 10 2 10 10 10 2 10 10 10 10
left_child=5 2 3 -2 8 9 -5 -8 11 10 -1 -3 13 -13 -14 16 17 18 -16 -18 21 23 -23 24 25 27 28 -21 -25 -7
right_child=1 4 -4 6 -6 29 7 -9 -10 -11 -12 12 14 -15 15 -17 19 -19 -20 20 -22 22 -24 26 -26 -27 -28 -29 -30 -31
leaf_value=-0.00066537981534922554 0.0018913631271433133 -0.0013925286022534644 -0.00058867594860375055 1.8774206402709618e-05 -0.00016916309113956346 -0.0006724913932116374 0.0053264209688984911 7.158912677126915e-05 -0.00014491718460027237 0.00050068849804233925 0.0060588914236438512 -0.00087947309329198479 -0.00043441154494506477 0.0011472692193528859 0.001321770239621291 2.2410563100472083e-06 -0.0019184781646404826 -2.5756064179822673e-05 0.00018028587624738688 -0.00099678698010622702 -0.00044506688139466324 0.00061439973217412651 -0.00054112631372785658 -0.00060274019344182023 -0.0010811251157022295 0.00042624073814078275 0.001864420569349975 0.00024546278018177476 0.00053096564130539344 -0.00020875669715797303
leaf_weight=93 41 83 223 7528 3173 382 45 169 2313 127 45 73 330 40 67 2296 62 68 42 42 96 54 129 40 61 58 59 67 41 290
leaf_count=93 41 83 223 7528 3173 382 45 169 2313 127 45 73 330 40 67 2296 62 68 42 42 96 54 129 40 61 58 59 67 41 290
internal_value=-0.000154979 -0.000101158 0.000162607 0.000226233 -0.000330833 -0.00114179 0.000200697 0.00217674 -0.000100134 0.000394736 -0.0012518 0.000187651 0.000252343 0.00307895 0.000160546 0.000346842 0.00119729 0.00308427 0.00520909 0.000722534 0.0010787 0.00157065 -0.000375001 0.00253658 0.00133624 0.00273214 0.00446808 0.000299999 0.00215854 -0.0017474
internal_weight=18137 17200 8006 7783 9194 937 7742 214 6021 265 138 3708 3625 113 3512 3182 886 177 109 709 647 551 183 368 228 167 140 109 81 672
internal_count=18137 17200 8006 7783 9194 937 7742 214 6021 265 138 3708 3625 113 3512 3182 886 177 109 709 647 551 183 368 228 167 140 109 81 672
is_linear=0
shrinkage=0.03


Tree=172
num_leaves=31
num_cat=0
split_feature=6 5 5 12 12 4 9 12 4 9 9 7 7 12 3 3 5 3 11 6 6 12 9 5 9 3 0 0 12 12
split_gain=1.23479 1.51761 1.06766 0.851644 0.826476 0.736905 1.48601 1.22321 1.30833 1.43855 1.29322 1.56318 1.48986 1.21811 1.9652 4.46887 1.739 1.15117 1.29422 1.05304 1.07075 2.29511 1.49373 1.00843 2.60004 1.39301 1.10571 1.10333 1.48468 0.90109
threshold=0.3045360134814859 4.6395599436855051 10.446930403480801 0.70146423968922733 0.20941806217512135 0.6964861359452128 -0.67143774308222415 0.52635687618945792 0.65652000926236398 0.41275848472686388 2.6284633607719425 0.67303860558477013 0.66359041088746584 0.57793750482576545 2.3663689654504005 2.5414461035512503 9.7866446962163867 2.5059965044000072 4.5000000000000009 0.20774391665445527 0.11853824974299078 0.54150672223543517 0.21032933067564089 11.02778383160763 1.032935798261339 1.2600546996234054 2.5681883766995477 1.3841105914751088 0.54795652986944676 0.63616147080818497
decision_type=2 2 2 2 2 8 10 2 10 10 10 2 2 2 8 10 2 10 2 2 2 2 10 2 10 10 10 10 2 2
left_child=1 -1 4 5 -2 6 -3 8 -8 -10 11 12 13 14 19 -16 -17 -15 -19 20 -9 22 -22 -7 25 -25 27 28 -27 -20
right_child=2 3 -4 -5 -6 23 7 10 9 -11 -12 -13 -14 17 15 16 -18 18 29 -21 21 -23 -24 24 -26 26 -28 -29 -30 -31
leaf_value=0.0049282114469769529 -0.011471647750953254 0.0016339802886864115 -0.00052765210183548989 -0.00072237323778981952 -8.4678374211540652e-05 -4.9234276379854458e-05 -9.692649178383608e-05 -8.2325505594285672e-05 0.00062970790514767119 -0.0003250605409827547 0.00054718704465452615 -4.5125039598633216e-05 0.0006479087973674713 -0.00028789969660765252 0.0014729499915245355 -0.00055586176739356433 0.00068159851098249661 -0.00040285269983265871 0.00018377026656765178 -0.00056961701033514107 0.0012306024452995521 0.00018518497424161492 0.00028651284264732415 0.00028627533816795626 0.0019366645660451496 -0.00011883077204176687 0.0005449385338308875 -0.00032514820585239734 0.00071030798718748679 0.0008142763456937197
leaf_weight=68 108 54 628 106 4560 8096 1581 169 60 47 69 679 66 187 52 78 61 135 146 136 40 204 41 100 60 123 40 252 55 75
leaf_count=68 108 54 628 106 4560 8096 1581 169 60 47 69 679 66 187 52 78 61 135 146 136 40 204 41 100 60 123 40 252 55 75
internal_value=-0.000161974 -2.34795e-06 -0.000547103 -2.64304e-05 -0.000390663 -3.80812e-06 0.000340118 0.000269662 -0.000333926 0.00286111 0.000746142 0.000610144 0.0011862 0.000964528 0.00172251 0.00435937 0.00152143 -0.000126839 0.000873949 0.000862943 0.00155604 0.00267482 0.00691463 -0.000156756 0.000998414 0.000367775 -0.000318472 -0.000765662 0.00103911 0.00228378
internal_weight=18076 12780 5296 12712 4668 12606 3880 3826 1688 107 2138 2069 1390 1324 781 191 139 543 356 590 454 285 81 8726 630 570 470 430 178 221
internal_count=18076 12780 5296 12712 4668 12606 3880 3826 1688 107 2138 2069 1390 1324 781 191 139 543 356 590 454 285 81 8726 630 570 470 430 178 221
is_linear=0
shrinkage=0.03


Tree=173
num_leaves=31
num_cat=0
split_feature=6 5 8 7 9 7 8 9 8 3 3 5 6 5 8 6 9 8 12 6 3 5 8 4 5 5 5 5 8 9
split_gain=0.936301 1.25058 0.786044 0.8385 1.89111 1.40506 1.51925 1.34944 1.34899 1.42008 1.85782 1.41407 1.27171 1.45559 1.69429 1.20662 1.68008 1.08363 1.50201 1.27129 1.18944 1.22032 1.04096 1.03042 2.13099 1.02415 1.01747 1.56326 1.7794 1.95733
threshold=0.28227605611218737 4.6395599436855051 0.80015271443541403 0.73011571448919244 3.3034920232331162 0.77200215277661466 0.12879471022485681 0.78383243006948922 0.32253513518843635 1.3624473121815084 1.2169055646876001 9.866356648812479 0.18668341476524122 9.8043023742337247 0.24119166977552745 0.080918680285823733 1.4780927442181238 0.1757270346600909 0.57470833742427463 0.23173734561948225 1.6115950649712067 9.4760835251545963 0.030084803286454857 2.0023799778008518 8.6911464844163806 9.5183763842326634 10.07223827379681 9.8749594659439541 0.11074725810673348 0.31840825198234241
decision_type=2 2 8 2 10 2 10 8 10 8 10 2 2 2 10 2 10 10 2 2 10 2 10 8 2 2 2 2 10 10
left_child=1 -1 3 7 5 8 -7 26 9 10 25 -12 13 -9 -15 -16 -17 19 -19 20 -11 -22 -23 -8 -25 -5 27 -3 -29 -30
right_child=-2 2 -4 4 -6 6 23 12 -10 17 11 -13 -14 14 15 16 -18 18 -20 -21 21 22 -24 24 -26 -27 -28 28 29 -31
leaf_value=0.0046362687100359196 -0.0001660110974202031 -9.0412933049182273e-06 0.00036144607005548607 -0.00040547154554062431 0.00058099137129147792 -0.00029451370635362001 -2.827322217505508e-06 -0.00035109380015488817 -0.00085579648707736859 -0.0003996971319353805 0.0030996803712746114 0.0002523481753311758 -0.00053511878425238147 -7.6577519678883689e-05 0.00040716544352120047 -0.00011879027465395157 0.00091967985354977433 0.0011171969644086348 -0.00013314574278341397 -0.0005979933465965362 -0.00025162783564745708 0.0012359228956297008 0.00038175694756238443 -0.000224125051265069 0.0021213116196321094 0.00025896086265749619 -9.4058488932404274e-05 -9.972159092295475e-06 0.00091259505485021127 0.00026451295515369675
leaf_weight=57 6093 3284 376 43 74 464 643 540 138 57 57 61 834 290 55 108 44 115 61 114 84 56 129 42 47 40 3538 318 180 209
leaf_count=57 6093 3284 376 43 74 464 643 540 138 57 57 61 834 290 55 108 44 115 61 114 84 56 129 42 47 40 3538 318 180 209
internal_value=-0.000254683 -0.000101502 -0.00012273 -0.000166438 0.000357142 0.000193773 -0.000491229 -0.000290395 0.00105125 0.00151467 0.00369802 0.00610084 -0.00101122 -0.000309249 0.000861445 0.00292788 0.00152941 0.000797406 0.00277966 -7.13634e-10 0.000954128 0.00178889 0.00314516 0.000360163 0.00336667 0.000249999 -0.000111156 0.000217184 0.00149576 0.00285385
internal_weight=18151 12058 12001 11625 2225 2151 1196 9400 955 817 201 118 1871 1037 497 207 152 616 176 440 326 269 185 732 89 83 7529 3991 707 389
internal_count=18151 12058 12001 11625 2225 2151 1196 9400 955 817 201 118 1871 1037 497 207 152 616 176 440 326 269 185 732 89 83 7529 3991 707 389
is_linear=0
shrinkage=0.03


Tree=174
num_leaves=31
num_cat=0
split_feature=6 7 2 1 0 7 7 8 3 8 3 0 3 8 1 1 7 0 0 7 8 0 6 7 7 8 2 3 6 12
split_gain=1.04266 1.43024 1.64762 0.829791 0.743142 1.01427 1.99644 0.987116 0.960475 1.12529 0.970402 0.948082 0.915044 1.88997 1.38355 1.17583 2.43631 2.2635 1.26706 1.0677 1.11091 2.08819 0.863788 1.00181 0.959 1.28177 1.2649 2.57889 4.19605 2.28364
threshold=0.54276308619466695 0.82144523439235739 0.37428416249017799 -2.1353635077793487 12.088336722964014 0.76768097067654995 0.80197797213813993 0.3960191922927731 110.57341255182855 0.29291537296484044 41.29497917381557 27.510537024925515 50.017422447993916 0.62006689297933881 3.4980918315575855 0.63474391997983648 0.63323540941734324 2.5681883766995477 1.6334483522608274 0.7460998727262198 0.25762479472438643 2.1685720877473882 0.17959146123175176 0.25659327045898639 0.56356504515786832 0.18881627181462771 0.297688398356105 2.0123565839945203 0.35296019100844861 0.57638732920733704
decision_type=2 2 10 2 10 2 2 10 8 10 10 10 10 10 2 2 2 8 8 2 10 8 2 2 2 10 10 10 2 2
left_child=3 -2 -3 -1 8 7 -7 11 10 -10 22 -6 14 -14 15 16 17 -12 -18 20 -17 -22 -5 -24 26 -26 -25 28 -28 -29
right_child=1 2 -4 4 5 6 -8 -9 9 -11 12 -13 13 -15 -16 19 18 -19 -20 -21 21 -23 23 24 25 -27 27 29 -30 -31
leaf_value=0.0005232794023382019 -0.0015898602131071355 0.0024243465675019742 -0.00069051186451128525 5.6380805928840711e-07 0.00014587877938125582 0.00087197882273508571 5.0418341094952261e-05 0.0007611348226319387 -7.0020035345793116e-05 -0.0008125886693943603 0.0021233882597378614 -0.00015062949478213591 -0.00033625847334529035 0.0012775343740831966 0.0018118373699016763 -0.00022176458912674747 0.00053806445774236494 4.1244590269205408e-05 -0.00030497185131276834 -0.00043066657338784487 -0.00041877361554317708 0.0011884413556802098 -0.00083998769503475278 -7.0600893784930651e-05 -0.00033730914820294416 -2.2169609295771301e-05 0.001665515262329102 -7.7708630506790436e-05 -0.00022863554708819604 0.00062491285164409046
leaf_weight=75 708 56 63 6383 146 59 204 40 956 364 64 305 693 92 40 240 129 42 142 122 43 41 583 1765 2040 1876 76 551 67 72
leaf_count=75 708 56 63 6383 146 59 204 40 956 364 64 305 693 92 40 240 129 42 142 122 43 41 583 1765 2040 1876 76 551 67 72
internal_value=-0.000217375 -0.00125725 0.001775 -0.000167336 -0.000181198 0.000739072 0.00223864 -6.70739e-05 -0.0002236 -0.000999244 -0.000155558 -0.00047124 0.00053123 -0.000209924 0.00120486 0.000935679 0.00216667 0.006 0.000650735 -0.000107383 0.000793845 0.00374118 -0.000239974 -0.000469351 -0.000361508 -0.000655604 9.36012e-05 0.00111082 0.00472917 0.000274038
internal_weight=18037 827 119 17210 17135 754 263 491 16381 1320 15061 451 1648 785 863 823 377 106 271 446 324 84 13413 7030 6447 3916 2531 766 143 623
internal_count=18037 827 119 17210 17135 754 263 491 16381 1320 15061 451 1648 785 863 823 377 106 271 446 324 84 13413 7030 6447 3916 2531 766 143 623
is_linear=0
shrinkage=0.03


Tree=175
num_leaves=31
num_cat=0
split_feature=6 5 7 7 7 0 3 3 0 6 0 7 2 5 1 2 7 9 7 5 9 5 7 9 3 8 3 5 8 0
split_gain=0.770332 0.894113 3.76669 0.964192 0.845126 0.827712 0.931514 0.646203 1.17499 0.951862 1.93401 1.5788 1.55568 0.875284 1.26791 1.5763 1.64941 1.57125 1.43212 1.84557 2.54724 1.35559 1.84073 1.83301 1.59008 1.11553 1.17644 3.11979 1.00853 1.64108
threshold=0.68790237325945658 4.2903656061101136 0.4894031899363272 0.049912556982201831 0.060924651430521816 21.534172661870507 60.513309279720197 86.871217950292163 3427.5000000000005 0.23586931723725171 1.7525048559360752 0.75900462734085805 0.25152998345082472 10.009310458997778 2.684784220149147 0.28235245913861495 0.75490548846247674 3.6669840152221345 0.53424283309266529 9.5183763842326634 1.0494818577512437 9.8749594659439541 0.30442955214122269 0.30007497863387467 33.580316701891256 0.37092307788868123 1.2600546996234054 10.740042196156226 0.13433754559663505 1.8916453407282388
decision_type=2 2 2 2 2 8 10 8 8 2 10 2 10 2 2 10 2 8 2 2 8 2 2 10 10 10 10 2 10 10
left_child=1 2 -1 -3 -5 -2 -7 13 9 10 -9 -12 -13 14 21 17 18 -16 -17 20 -20 -6 23 -23 28 -15 27 -27 -24 -30
right_child=5 3 -4 4 7 6 -8 8 -10 -11 11 12 -14 25 15 16 -18 -19 19 -21 -22 22 24 -25 -26 26 -28 -29 29 -31
leaf_value=0.010149208322272214 -0.0078556426682545068 -0.00058769503958509589 -0.00093334015783677225 0.00070750760524915788 -4.8917073460802809e-05 -0.0016831704252096361 0.0012213859681849439 -0.00029862842497675187 0.0001678876905722852 -0.00038906888160896889 0.0015923799074615357 -0.00052206202689981495 0.00030419141033537482 -0.00011365895292050401 -0.00014260388622463032 3.3482180958157335e-05 -0.00010537793336070318 0.0010462362624535572 0.0030680062464772833 -0.00060418923557728672 0.00046865650015495968 0.0015011041253423681 -2.3334924774449666e-05 9.7643576806785264e-05 -0.0007226118697139692 -4.3194722765830963e-05 3.0235508679864358e-06 0.00054930923711198065 0.00088077362575736851 -0.00023860026632244373
leaf_weight=65 193 157 98 69 7171 191 46 400 237 987 61 94 44 6000 559 84 92 52 82 47 89 54 251 66 117 92 417 48 183 96
leaf_count=65 193 157 98 69 7171 191 46 400 237 987 61 94 44 6000 559 84 92 52 82 47 89 54 251 66 117 92 417 48 183 96
internal_value=-0.000278125 -0.000247615 0.00195732 -0.000268206 -0.000246997 -0.00153132 -0.000340337 -0.000260275 -0.000794409 -0.00108885 -0.000145001 0.002265 0.000474819 -0.000197407 -4.36118e-06 0.000999005 0.00247595 4.41169e-05 0.00354455 0.00482192 0.00626163 -0.000131503 0.00106641 0.00446281 0.000430555 -0.000460659 0.00082258 0.00319149 0.00112994 0.00236786
internal_weight=18142 17712 163 17549 17392 430 237 17323 1823 1586 599 199 138 15500 8943 1005 394 611 302 218 171 7938 767 120 647 6557 557 140 530 279
internal_count=18142 17712 163 17549 17392 430 237 17323 1823 1586 599 199 138 15500 8943 1005 394 611 302 218 171 7938 767 120 647 6557 557 140 530 279
is_linear=0
shrinkage=0.03


Tree=176
num_leaves=31
num_cat=0
split_feature=13 4 0 9 7 9 7 1 4 1 5 12 4 7 0 9 7 12 13 5 12 7 7 1 4 3 9 7 13 5
split_gain=1.00941 1.09968 1.00612 0.996763 1.00695 0.824873 0.840782 1.24095 1.04437 1.0239 1.37196 0.769274 0.754357 0.813357 1.16642 1.05828 1.26173 0.732302 1.15422 1.0568 0.866049 1.87991 2.30536 3.29929 1.558 1.66724 1.24057 1.14851 2.08317 1.07781
threshold=0.20648288461095191 2.4187315589620968 21.534172661870507 -0.062672178727038994 0.82764301768011317 -0.073239052309644129 0.73867285663626636 -0.32029484890109888 0.11698988253740621 0.18674779917619078 10.046440051606201 0.5058563995037072 3.6466281711141701 0.14821224037861405 1.1151223668124659 0.39042018602226225 0.085145677968841108 0.40980802514412601 0.15081573335001511 9.2666734441995349 0.52791449686960823 0.6836987642252973 0.69665339051926345 1.7421532847187373 1.3043732620011588 79.343886043410251 1.27790356444319 0.47567548873174131 0.18201067568294252 9.6272398528230578
decision_type=2 8 8 8 2 10 2 2 8 2 2 2 8 2 8 10 2 2 2 2 2 2 2 2 10 10 10 2 2 2
left_child=3 -2 -3 5 12 6 8 -8 -1 -10 -11 -4 13 14 15 -5 -17 18 -15 -20 21 -19 23 29 27 -26 -24 28 -22 -23
right_child=1 2 11 4 -6 -7 7 -9 9 10 -12 -13 -14 17 -16 16 -18 20 19 -21 24 22 26 -25 25 -27 -28 -29 -30 -31
leaf_value=0.0016211029017593167 -6.893331473079374e-05 -0.00097022922245743363 0.00093820448741669424 -0.0003802232665288603 -0.00058485789019906815 0.00054867188983127456 -0.00011826833878399137 0.0013499910041073627 -0.00036836939057885708 -0.00013568374286339541 0.00050321513778228363 -7.1184277105301082e-05 0.00044812929075356989 6.0399672718179816e-05 -0.00062316396700326678 0.00084608841469284576 -0.00013611070822226707 -0.00017868053981134386 0.001095885249956387 0.00027498653425811779 0.00019762904469847393 0.00067790200063724165 -1.4721190113560442e-05 0.00080019043045562242 -9.9156130441729423e-05 0.0013742872334954975 0.0038348553291929566 5.9766332728714681e-05 0.0016661364797112036 -0.00063961325922617669
leaf_weight=72 8885 418 46 63 254 44 54 63 202 139 77 159 49 326 293 43 40 2543 42 72 290 51 665 41 1113 75 45 1686 68 57
leaf_count=72 8885 418 46 63 254 44 54 63 202 139 77 159 49 326 293 43 40 2543 42 72 290 51 665 41 1113 75 45 1686 68 57
internal_value=-0.00021946 -0.000431592 -0.00164904 1.87759e-05 -7.52214e-05 0.0011457 0.000853618 0.00312712 0.000305498 -0.000272077 0.00116129 7.28148e-05 -1.26941e-05 -3.71314e-05 -0.00128864 0.000897958 0.00310714 4.0706e-05 0.00122449 0.00380869 -3.79811e-05 -0.000372025 0.000840697 0.00422 0.00031364 -0.000550043 0.000126582 0.000815647 0.00235655 0.00143119
internal_weight=17975 9508 623 8467 7816 651 607 117 490 418 216 205 7562 7513 439 146 83 7074 440 114 6634 3402 859 149 3232 1188 710 2044 358 108
internal_count=17975 9508 623 8467 7816 651 607 117 490 418 216 205 7562 7513 439 146 83 7074 440 114 6634 3402 859 149 3232 1188 710 2044 358 108
is_linear=0
shrinkage=0.03


Tree=177
num_leaves=31
num_cat=0
split_feature=13 2 3 5 0 7 5 2 12 12 5 13 3 3 11 13 5 0 5 4 12 5 8 0 0 13 8 5 7 4
split_gain=1.44166 1.4648 1.51041 2.37427 1.15339 2.02589 2.72144 1.06729 0.874329 0.765118 1.25712 1.21438 0.743567 0.667336 1.10336 2.14221 0.978182 0.961722 1.10638 0.990949 1.33768 0.926632 0.653713 1.30513 1.07734 1.53559 1.1452 2.64777 1.29378 1.40827
threshold=0.436521832539361 0.5127230041609725 1.6941962221454536 7.1963113371376508 12.088336722964014 0.76971975481793165 9.5596582796802938 0.83164893070128076 0.58749823595822759 0.67203978865988201 5.0434043048315838 0.33046021663906361 56.620248550398607 41.29497917381557 8.5000000000000018 0.15228987157229759 9.8153118601413336 1.3700811465992098 8.6125032224602105 1.1163815440158233 0.53464705138877966 9.3266111496789872 0.25089445584337439 0.87269691660067661 1.5719391303084829 0.28227605611218737 0.12740854893880524 8.5808250472585055 0.64071780713400617 1.3106858775005858
decision_type=2 10 10 2 10 2 2 10 2 2 2 2 8 8 2 2 2 10 2 10 2 2 8 10 10 2 10 2 2 10
left_child=1 4 -3 -4 9 8 -7 -5 -6 10 11 -1 13 -12 16 -16 17 -15 -19 -20 21 -21 24 -24 -14 26 27 -26 -28 -30
right_child=-2 2 3 7 5 6 -8 -9 -10 -11 12 -13 22 14 15 -17 -18 18 19 20 -22 -23 23 -25 25 -27 28 -29 29 -31
leaf_value=0.004153854722872761 -0.0004480650590380727 -0.0009343844532214181 0.011624228433193906 -0.00098981737661595916 0.00015500364609711984 8.4509771735752702e-06 0.00113010981437483 0.00098263450293128497 -0.00011192361829869275 -0.0003672523865791696 -3.0662622191179511e-05 -0.00020992588701667012 -0.00037775911908198318 -0.00060414284119921196 0.0019936115718416441 0.00037804053257847514 -0.00048491958672548373 -0.00067761301011448995 -0.00011670548583607003 0.0011389413058715758 0.0017460355620842942 -7.1859660365312501e-06 0.00076850531407133714 -0.00074783076416315777 0.00085163539388987514 -0.00070525020736941378 -0.00011979565309688402 -0.00038254205273865327 0.00019015413684982829 0.0013388617515519951
leaf_weight=41 2127 51 40 46 74 69 58 41 184 244 12480 42 387 89 41 213 352 55 78 49 43 61 40 638 41 168 40 96 46 62
leaf_count=41 2127 51 40 46 74 69 58 41 184 244 12480 42 387 89 41 213 352 55 78 49 43 61 40 638 41 168 40 96 46 62
internal_value=-0.000249376 -0.00015104 0.00254749 0.00428906 -0.000181813 0.00143782 0.00452344 0.00146591 -9.26648e-05 -0.000222644 -0.000195579 0.00346429 -0.000216089 -0.000145076 0.000607942 0.00230588 1.23619e-05 0.00107713 0.00192334 0.0028319 0.00422727 0.00243243 -0.000845294 -0.00153756 -0.000285375 0.000707048 0.00204545 6.52167e-05 0.00386577 0.00555963
internal_weight=17996 15869 178 127 15691 385 127 87 258 15306 15062 83 14979 13461 981 254 727 375 286 231 153 110 1518 678 840 453 285 137 148 108
internal_count=17996 15869 178 127 15691 385 127 87 258 15306 15062 83 14979 13461 981 254 727 375 286 231 153 110 1518 678 840 453 285 137 148 108
is_linear=0
shrinkage=0.03


Tree=178
num_leaves=31
num_cat=0
split_feature=6 3 7 8 4 5 9 3 8 5 8 3 7 5 5 7 5 6 7 4 4 7 6 9 7 7 9 5 7 8
split_gain=0.944642 0.901445 1.19378 2.89783 1.14531 0.94046 2.73653 0.846186 0.926704 0.780226 1.38393 1.25579 2.53073 2.04895 2.26866 2.22902 1.20672 2.29997 1.94774 1.15181 0.99749 0.825768 1.00952 0.825337 0.98815 0.895991 0.886861 1.19698 0.990237 1.06592
threshold=0.17293226546707 2.3374069183000317 0.84979219657299832 0.33958056050168023 1.7501378252221063 11.578010707236436 0.3094725363267074 115.6892197701542 inf 8.272698306037654 0.4252007808903035 2.7988983132070877 0.48089573529826152 9.8942702026682046 10.524252194240935 0.3246998071231163 7.904150238058631 0.30011135839598074 0.72875458763823875 0.090815731700131769 0.84502112648869376 0.54488373664765055 0.50162674682505914 0.097760334590828238 0.86491290113307462 0.84979219657299832 0.78383243006948922 11.134727686677195 0.80478096059541848 0.23711768293944444
decision_type=2 10 2 10 8 2 10 10 8 2 10 10 2 2 2 2 2 2 2 10 10 2 2 8 2 2 10 2 2 10
left_child=7 2 4 -4 5 -2 -7 8 -1 16 11 12 13 15 -15 -11 20 18 -18 -13 -3 -21 23 -23 25 26 27 28 29 -25
right_child=1 9 3 -5 -6 6 -8 -9 -10 10 -12 19 -14 14 -16 -17 17 -19 -20 21 -22 22 -24 24 -26 -27 -28 -29 -30 -31
leaf_value=7.7765880723189767e-06 -0.0002317758669663447 -0.00082934953691478938 -0.00086853832271414032 0.0056816250338852167 -0.00062147604350281163 -0.00042337475563645338 0.00073773449249520584 -0.00072548894204326473 0.00063796336384350986 0.0001704476591574654 -0.00077390773971135597 0.00043105819780821166 -0.00010964582491463993 -0.00061499335620656466 0.0017512271986841531 0.0036375849754599664 0.0068124749083617302 -1.9692503813321222e-05 0.00030730660221462986 -0.00035328199683498234 0.00014951187883366314 -0.00021780468009125639 -0.0012629359190661274 0.00016247155970646292 -0.00027523642753394774 0.0011479717787132061 -8.432959097140541e-05 -0.0014611854134323854 -0.00019160494010442034 0.00083599231933150257
leaf_weight=6338 3158 259 65 41 834 40 40 251 62 40 667 76 328 94 80 68 47 152 55 917 715 519 206 828 318 49 1272 87 164 223
leaf_count=6338 3158 259 65 41 834 40 40 251 62 40 667 76 328 94 80 68 47 152 55 917 715 519 206 828 318 49 1272 87 164 223
internal_value=-0.000257253 -0.000423698 -0.00077387 0.00235514 -0.000855881 -0.000600186 0.00259259 2.66078e-05 9.37346e-05 -0.000219401 -0.0003618 -0.000198672 0.0010802 0.00315901 0.00113143 0.00638532 0.000468673 0.00230588 0.00576699 -0.00036631 -1.23084e-05 -0.000427357 -0.000225798 -0.000104017 9.07539e-05 0.000282393 0.000205048 0.00075518 0.000999177 0.00133745
internal_weight=17993 11342 4178 106 4072 3238 80 6651 6400 7164 5936 5269 610 282 174 108 1228 254 102 4659 974 4583 3666 3460 2941 2623 2574 1302 1215 1051
internal_count=17993 11342 4178 106 4072 3238 80 6651 6400 7164 5936 5269 610 282 174 108 1228 254 102 4659 974 4583 3666 3460 2941 2623 2574 1302 1215 1051
is_linear=0
shrinkage=0.03


Tree=179
num_leaves=31
num_cat=0
split_feature=3 3 4 11 5 4 12 2 2 9 8 7 8 13 8 12 5 7 7 5 2 12 8 7 13 13 12 7 4 5
split_gain=1.03431 0.936051 1.2421 1.2439 1.53741 1.73161 1.33584 1.30125 2.0098 1.3071 2.05486 0.986336 0.926677 0.881361 0.866083 0.856524 1.19433 1.66594 0.919931 1.29159 0.836319 0.827554 0.810598 1.12853 1.4116 1.33115 0.79248 0.768614 1.28023 0.806024
threshold=110.57341255182855 41.29497917381557 0.53816437620215696 9.5000000000000018 7.3323683504381592 1.5559051745988637 0.54223701505997746 0.37558935319314463 0.3464903205065949 0.67951674966227549 0.41492149620211566 0.62687817354580855 0.046825647851916417 0.24932786478368921 0.29489646668316777 0.26326414241160789 4.2903656061101136 0.49907338930864509 0.13376981943674532 10.54643294797218 0.21980921554847252 0.4754179241400382 0.099998242253490979 0.58282327039727411 0.28227605611218737 0.17831604714542773 0.56195034486396311 0.86491290113307462 1.2748428251378963 9.7866446962163867
decision_type=8 10 10 2 2 10 2 10 10 10 10 2 10 2 10 2 2 2 2 2 10 2 10 2 2 2 2 2 10 2
left_child=1 15 -3 4 5 -4 21 8 -6 11 -11 -10 -13 -8 22 -1 17 -17 19 -18 -19 -5 -2 -24 25 -25 -26 28 -28 -30
right_child=14 2 3 6 7 -7 13 -9 9 10 -12 12 -14 -15 -16 16 18 20 -20 -21 -22 -23 23 24 26 -27 27 -29 29 -31
leaf_value=-0.0020957764545374556 -0.00040124514251757933 -0.00050793233745789204 0.00019903622150291807 0.0011891656377701692 -6.4858755766982913e-05 0.0087855597696545277 0.0017869028909066082 -0.00036171887940131611 0.001224776477989017 0.0019444833756679762 2.3629131431733871e-05 -0.0014247873496968141 0.00046482918002972658 0.00068380819186509775 -0.00067182395485048383 0.0068241905404557409 -0.00045887497526514318 0.0022230630146449618 -2.4733209460053467e-05 0.0015534321901756899 -0.0057952857227562193 -0.0010473799686522029 -0.00040031771823824559 -0.00079622304638654791 -0.0016621973428965751 0.00037755256503055443 0.00085170577129183955 -7.6464583598548371e-05 -0.00080619070840373685 0.00040566166869177955
leaf_weight=224 547 354 66 40 546 48 72 447 58 58 42 55 83 79 441 61 517 40 13348 47 46 45 155 73 104 169 58 123 75 60
leaf_count=224 547 354 66 40 546 48 72 447 58 58 42 55 83 79 441 61 517 40 13348 47 46 45 155 73 104 169 58 123 75 60
internal_value=-0.000207555 -0.000131966 0.00047693 0.000824999 0.000485042 0.00380869 0.00283544 0.000188371 0.000882562 0.00286869 0.00564356 0.00143147 4.31648e-05 0.00451974 -0.000888705 -0.000216957 -0.000187554 0.00249324 -0.000216058 -0.00140177 -0.000206897 -0.000174419 -0.000514286 8.43514e-05 0.000624434 0.00244444 -0.000427554 0.000321766 0.0015 -0.000110295
internal_weight=18081 16276 1993 1639 1403 114 236 1289 842 296 100 196 138 151 1805 14283 14059 147 13912 564 86 85 1364 817 662 242 420 316 193 135
internal_count=18081 16276 1993 1639 1403 114 236 1289 842 296 100 196 138 151 1805 14283 14059 147 13912 564 86 85 1364 817 662 242 420 316 193 135
is_linear=0
shrinkage=0.03


Tree=180
num_leaves=31
num_cat=0
split_feature=3 0 6 6 9 0 2 1 6 4 3 0 1 9 11 7 7 1 6 9 4 9 7 1 1 4 2 0 1 3
split_gain=1.28189 1.18955 1.42687 1.07061 1.00078 2.21182 1.40334 1.20054 1.09921 0.993459 2.87141 1.68406 1.73502 1.21055 1.12152 0.93841 0.932389 0.905749 0.7804 0.922287 0.73359 0.765425 1.13843 1.03503 0.937821 0.67142 0.861664 2.16273 1.28945 1.64062
threshold=110.57341255182855 1018.2000000000002 0.47388133118783143 0.17831604714542773 0.10921755714685681 1.1989110907683698 0.10180600884832154 1.963346364883402 -0.039358281437732227 0.56369732862759314 1.3691349217661499 1.336572913609974 0.42665524367914637 0.021069975817119804 9.5000000000000018 0.66667912157988096 0.69375292228746066 -0.26098604612985304 0.16346981927806062 -0.016529172956692526 0.31833215521082242 0.37042594884187757 0.68642205261725386 1.249676902237006 0.14726113958076756 2.4187315589620968 0.31406738359228126 1.6644586804132715 2.5338035353535355 1.9259818783548555
decision_type=8 10 2 2 8 10 10 2 2 10 10 10 2 10 2 2 2 2 2 10 10 10 2 2 2 10 10 8 2 10
left_child=3 -2 -3 4 5 6 16 9 20 10 -7 12 15 -14 -12 -11 17 -1 19 -13 -6 22 -22 24 -23 26 -5 -28 -29 -30
right_child=1 2 -4 25 8 7 -8 -9 -10 11 14 18 13 -15 -16 -17 -18 -19 -20 -21 21 23 -24 -25 -26 -27 27 28 29 -31
leaf_value=0.00063351840560527735 -0.00024674883535006882 0.00037277794755184149 -0.00087622647998432347 -9.3451985190131322e-05 -0.0002073163122044865 -0.00031301383325627589 -0.00019663874568295441 0.0086251013689536641 -1.2607726034236801e-05 -0.00049836752756141783 0.0015328680274431267 0.00021780152596137905 0.0010915097968912494 0.00075358018785145575 0.00063376058778609381 0.001079425290430393 0.00088975745630979542 -0.00026475884191414748 -0.00037369661679361403 -0.00033492097604220398 0.0022201151389170818 0.00083317297573376025 0.00022504265374211286 0.0013158478144711192 -0.0005717317968186419 -0.00066279498109633554 0.00039327179616497016 -0.00017551664554298017 0.0028740439796287056 6.5426214712882355e-05
leaf_weight=84 1727 51 44 6125 62 63 437 62 4881 70 78 76 45 48 40 43 41 110 88 75 52 102 47 58 114 465 582 1911 42 393
leaf_count=84 1727 51 44 6125 62 63 437 62 4881 70 78 76 45 48 40 43 41 110 88 75 52 102 47 58 114 465 582 1911 42 393
internal_value=-0.000154188 -0.000908393 0.00234375 -6.92814e-05 0.000221955 0.000947832 -0.000276375 0.00214223 3.61099e-05 0.00174163 0.00360989 0.000975336 0.00295652 0.00596808 0.00635294 0.000447368 0.00158898 0.000707692 -0.000737501 0.000572368 0.00147936 0.00198128 0.00423 0.00115636 0.000193548 -0.000273559 -0.000216369 0.000206896 -0.000199404 0.00127294
internal_weight=18016 1822 95 16194 6676 1360 672 688 5316 626 181 445 206 93 118 113 235 194 239 151 435 373 99 274 216 9518 9053 2928 2346 435
internal_count=18016 1822 95 16194 6676 1360 672 688 5316 626 181 445 206 93 118 113 235 194 239 151 435 373 99 274 216 9518 9053 2928 2346 435
is_linear=0
shrinkage=0.03


Tree=181
num_leaves=31
num_cat=0
split_feature=6 7 1 5 3 5 8 1 7 11 0 12 1 7 5 8 8 0 7 3 5 0 6 0 8 7 3 7 0 1
split_gain=0.799151 1.48421 1.95563 1.28439 2.31779 1.27059 0.848627 1.86381 0.96399 1.54864 0.961474 0.900293 0.836143 0.794446 0.967653 0.723056 2.01124 2.61951 0.701024 1.33076 1.6746 1.0165 0.769596 1.59352 0.863905 0.668002 0.647035 0.595561 1.30559 0.704933
threshold=0.54276308619466695 0.81564432264163156 1.3147206591090281 5.3821962081647756 2.6753478642416502 3.8606743063089755 -0.13675207921162955 3.0731965541490864 0.58078445142284241 4.5000000000000009 3.4372732607767822 0.61841720078885754 2.9066589225986701 0.83472947248246265 11.02778383160763 0.12461629190612961 0.17709718983150632 2.6781071531844147 0.29790852892118719 1.2337092922574826 10.624881993376164 1.2295899351640476 0.059763654134806117 1.1195659993551164 0.17116098884739378 0.10995514045202619 1.5484818877985584 0.81878128211298928 1.1907922817642029 -0.46585492567881043
decision_type=2 2 2 2 10 2 10 2 2 2 10 2 2 2 2 10 10 10 2 8 2 8 2 10 10 2 8 2 10 2
left_child=6 3 -3 4 -2 -6 7 8 9 10 -1 -11 -4 18 15 -15 17 -17 19 20 21 22 25 -24 -25 -8 -21 29 -29 -10
right_child=1 2 12 -5 5 -7 13 -9 27 11 -12 -13 -14 14 -16 16 -18 -19 -20 26 -22 -23 23 24 -26 -27 -28 28 -30 -31
leaf_value=-5.7789958953569803e-05 -0.0043906352591563391 -0.0014293031806356935 0.0024312132693566067 -0.0021704907657633986 0.00089450460017617283 0.0027386359988349719 0.00014698641501030064 0.0018555450346767193 0.00039318011848496492 0.00091709117441274009 0.0007824724517404083 0.0059988721730392094 3.2585727265180797e-05 -0.00052242193212361139 0.0018231077177427669 -0.00044408560352170374 -0.00042094688393061529 0.00092573095518630434 -1.8892723047655706e-05 -0.00048398088320960908 0.00074263081712969364 -0.0012892041190116722 0.00090213092498364232 0.00029525089307978362 -0.0011972048684962303 -0.00052531745517587537 -0.00015843570991136091 -0.00054240384673303655 0.00037622405409563572 -0.00044831765463663564
leaf_weight=338 114 48 42 524 49 41 46 67 41 59 73 44 40 189 43 55 504 44 13256 386 42 87 69 57 73 238 897 43 54 454
leaf_count=338 114 48 42 524 49 41 46 67 41 59 73 44 40 189 43 55 504 44 13256 386 42 87 69 57 73 238 897 43 54 454
internal_value=-0.000217616 -0.00111059 0.00183206 -0.00163786 0.000380487 0.00395604 -0.000172903 0.000605621 0.000308942 0.00125825 0.000429611 0.00452885 0.00462651 -0.000230063 -0.00113038 -0.00136948 -0.000859272 0.00303 -0.000180373 -0.000719937 0.000430668 -7.14003e-10 0.000539255 0.001965 -7.09796e-10 -0.000463159 -0.00126869 -0.000516021 0.00162245 -0.000937501
internal_weight=18017 858 130 728 204 90 17159 1173 1106 514 411 103 82 15986 835 792 603 99 15151 1895 612 570 483 199 130 284 1283 592 97 495
internal_count=18017 858 130 728 204 90 17159 1173 1106 514 411 103 82 15986 835 792 603 99 15151 1895 612 570 483 199 130 284 1283 592 97 495
is_linear=0
shrinkage=0.03


Tree=182
num_leaves=31
num_cat=0
split_feature=4 6 12 8 5 1 4 6 11 2 12 2 3 9 5 6 3 5 3 3 4 12 8 8 12 3 9 2 5 8
split_gain=1.01474 0.636557 0.647129 0.729626 0.568007 2.28295 0.788831 0.662997 0.76474 0.640209 0.584598 1.03718 0.858849 0.604237 0.927665 0.625874 0.568515 0.550077 1.53229 1.52283 1.97687 1.15258 0.915012 1.56491 0.967658 0.96174 0.808905 1.20988 0.734644 0.862302
threshold=2.4187315589620968 0.95551144502743646 0.67203978865988201 -0.21323842981182906 6.7363734861220914 -0.71486354628008408 0.84502112648869376 0.54276308619466695 9.5000000000000018 0.021801086961219133 0.26326414241160789 0.12995849993860673 1.2921848462042329 0.088681969319118051 6.4401484558665105 0.53129637843406929 3.5787330912022335 11.02778383160763 1.2600546996234054 1.153659823357349 1.024017565236399 0.50904657688707522 0.064714614669915724 0.077524869353869139 0.52162081709846697 2.6753478642416502 1.2302078471422047 0.28235245913861495 10.437975989573752 -0.10041251417925713
decision_type=10 2 2 8 2 2 10 2 2 8 2 10 10 10 2 2 10 2 10 10 10 2 8 8 2 10 10 10 2 10
left_child=1 2 3 -1 5 -5 -7 9 -9 -6 -8 -12 -13 14 15 16 -14 28 19 -19 -21 -20 25 -24 -25 -23 -26 -28 -11 -30
right_child=-2 -3 -4 4 7 6 10 8 -10 17 11 12 13 -15 -16 -17 -18 18 21 20 -22 22 23 24 26 -27 27 -29 29 -31
leaf_value=0.0006967870107846512 -0.00035947225580106761 -0.0070300196038787753 -0.00023705531130089718 0.0026583246690650578 -0.00048720259299690533 -0.00078450062317814357 -0.0029077656865876384 -0.0014073378761901702 0.00080174408371905487 -1.604166469822392e-05 0.002088457475571195 -0.0010684126995576587 0.0055273502222603554 -0.0011841655654608618 0.0023773993731148967 0.0024728446374276646 -0.0010394143795258552 -1.181158854905196e-05 -0.00069742281707868591 0.00023144553491465469 0.0006060387555538668 -0.00031295331035158784 0.00014971819189034174 7.0050318975523371e-05 -4.0680072934758056e-05 9.5758721488353897e-05 0.0013482344895851019 -0.00019818576409419655 0.00034996907984455571 -0.00017193535726572244
leaf_weight=78 801 161 279 43 110 261 42 326 56 11652 44 45 51 54 51 66 44 82 219 61 42 110 47 40 322 84 40 40 108 2657
leaf_count=78 801 161 279 43 110 261 42 326 56 11652 44 45 51 54 51 66 44 82 219 61 42 110 47 40 322 84 40 40 108 2657
internal_value=-0.000232448 -0.000183841 -0.000166052 -0.000142168 -0.000155768 0.000679486 0.000236722 -0.000192412 -0.00142559 -0.000162152 0.00107789 0.00147472 0.000855769 0.00150562 0.00222535 0.00109259 -0.000468751 -0.000145889 0.000504595 0.00298387 0.00539423 -6.64523e-06 0.000600876 0.00129184 0.000731376 -0.00113846 0.000282878 0.00296296 -0.000194965 -0.000634491
internal_weight=18016 17215 17054 16775 16697 701 658 15996 382 15614 397 355 311 266 212 161 95 15504 1087 185 103 902 683 489 442 194 402 80 14417 2765
internal_count=18016 17215 17054 16775 16697 701 658 15996 382 15614 397 355 311 266 212 161 95 15504 1087 185 103 902 683 489 442 194 402 80 14417 2765
is_linear=0
shrinkage=0.03


Tree=183
num_leaves=31
num_cat=0
split_feature=6 2 8 8 2 7 2 0 1 4 9 6 0 2 9 9 0 2 6 2 8 2 1 7 1 8 9 1 9 11
split_gain=0.744304 0.947903 2.41066 0.676007 1.12698 1.40364 0.90381 0.803668 1.73589 1.24468 2.1219 1.06735 1.3451 1.03682 0.970102 1.34476 0.95055 1.32379 0.889732 1.01292 0.881208 0.945813 1.37587 0.862868 0.867277 0.99379 1.13423 1.0977 1.43668 0.82352
threshold=0.40557866578172869 0.4963494620536078 0.84450512891559149 0.059740579278258037 0.095828174437692523 0.47567548873174131 0.4105720164778649 3.0355775688955844 0.3281624460969752 0.81420612787486413 0.52079757203415178 0.26595761782140764 3.8667012152667897 0.21209906009285176 0.42236918320310829 0.04464538463205274 5.4482929457209348 0.24047489126697119 0.091899747897072018 0.40441119240661605 0.071039897945055733 0.20439313897947839 1.1148049244247618 0.1199348912077219 0.017468990321937359 0.28530928204768741 0.539226165011361 1.2613323466120823 0.91312992010508198 10.500000000000002
decision_type=2 10 8 8 8 2 10 8 2 10 8 2 8 10 10 8 10 10 2 8 10 10 2 2 2 10 10 2 10 2
left_child=1 3 -3 4 5 -1 7 14 11 10 -10 12 -9 -12 15 -5 17 -15 23 -20 -11 -22 -23 -16 29 -26 -27 -28 -29 -25
right_child=-2 2 -4 6 -6 -7 -8 8 9 20 13 -13 -14 16 18 -17 -18 -19 19 -21 21 22 -24 24 25 26 27 28 -30 -31
leaf_value=0.00058286569638755646 -0.00027628827025845805 -0.0010876387450576475 0.0013662248387380971 -0.00014748002198020736 -8.3378815979564923e-05 -7.4455442618788522e-05 -0.00037490383529405501 0.00074621073098061282 -0.00030796359704512202 0.00039038218609680685 0.00180998680042188 -0.00050334452112732421 -0.00034188278820368706 -0.00085567720361754611 0.00063567553536792441 8.4013435426977267e-05 0.00055152229738556543 0.001375485912817991 -0.00015854401953347916 0.00046700962122818711 -0.00023986073452994489 -0.00018224095393293014 0.00023432904122417265 0.00026483790392141458 -0.00041740482983273071 0.0009661741736551329 -0.00031133074830308764 -0.00035107707986596528 0.0012044823938188618 0.00078951362630386417
leaf_weight=65 2676 102 75 995 2836 135 308 40 89 47 43 296 45 43 43 4091 55 78 4403 42 123 200 322 195 365 47 173 42 58 56
leaf_count=65 2676 102 75 995 2836 135 308 40 89 47 43 296 45 43 43 4091 55 78 4403 42 123 200 322 195 365 47 173 42 58 56
internal_value=-0.000183759 -0.00010355 0.00207303 -0.000128972 -0.000529471 0.00164179 -2.9263e-05 1.23605e-05 0.000692474 0.00134865 0.00293204 -0.0010288 0.0019186 0.00451364 -7.70628e-05 0.000220562 0.00345763 0.00194262 -0.00035613 -0.000536438 0.000640692 0.000348296 0.000906309 0.000462244 0.000268943 -0.000284257 0.000934579 0.000186131 0.00267327 0.00177381
internal_weight=18088 15412 177 15235 3036 200 12199 11891 1381 1000 308 381 85 219 10510 5086 176 121 5424 4445 692 645 522 979 936 685 320 273 100 251
internal_count=18088 15412 177 15235 3036 200 12199 11891 1381 1000 308 381 85 219 10510 5086 176 121 5424 4445 692 645 522 979 936 685 320 273 100 251
is_linear=0
shrinkage=0.03


Tree=184
num_leaves=31
num_cat=0
split_feature=6 1 3 3 9 8 6 2 1 9 9 4 0 2 6 9 7 4 4 8 0 3 3 7 4 7 1 0 3 0
split_gain=0.922257 0.894238 0.750329 1.47343 0.760224 0.77266 0.931402 1.18317 1.84261 1.62521 1.00307 0.842866 0.871131 1.34481 1.09579 1.07522 1.60085 2.18521 1.53593 2.16966 0.814792 0.789719 1.43138 0.675639 0.661313 1.31867 0.664529 0.656612 0.636054 0.834851
threshold=0.28227605611218737 0.3281624460969752 22.064200178053415 23.807097851762688 -0.55296202218615198 0.019183085926522892 0.17181309278272663 0.31406738359228126 1.0657706229009529 0.52684832782557656 3.6669840152221345 1.4612869428990003 1.3617811428221462 0.10756067846650792 0.21606197086554782 0.37042594884187757 0.4780508161868518 0.42982330288108145 1.0497253737861627 0.18539455098141591 1.8916453407282388 2.4735777362757299 2.7988983132070877 0.75900462734085805 2.8229471893478384 0.26488621895598646 -1.4983222012182311 1.3945686797341625 86.871217950292163 10.461542850621935
decision_type=2 2 10 10 8 8 2 10 2 10 10 10 10 8 2 8 2 8 10 10 8 10 10 2 8 2 2 10 8 8
left_child=2 -2 4 -4 -1 -6 20 10 9 -9 11 12 -8 14 -14 16 17 -15 -18 -20 24 27 -23 -24 26 -26 -7 -17 -3 -30
right_child=1 28 3 -5 5 6 7 8 -10 -11 -12 -13 13 15 -16 21 18 -19 19 -21 -22 22 23 -25 25 -27 -28 -29 29 -31
leaf_value=0.0010051130614818545 -0.00049000915095320763 -7.1542953058657751e-05 0.0016227561797647636 4.380326034546471e-05 -0.00012000346947857732 0.000765985409533932 -0.00047895309532763875 0.0011070051876098644 -0.0001536456443006919 0.00019250365526422616 0.00026524000376709604 -0.00044218868270452593 1.239699247911567e-05 0.0015037084893444975 0.0009481159655976263 0.00025990151920170175 -0.00031755678362422251 0.00029575814529352815 -0.00016670730117274613 0.00083040711457077823 -0.00098677656944200199 0.0015169700110992147 -0.00037585162294324269 0.00024529102385247752 0.00067735802470230073 -7.4444626252094813e-05 1.258098231334193e-05 -0.00048319227030160566 -0.0011257157910919643 -2.6112554572364613e-05
leaf_weight=78 876 4286 59 2183 1119 69 523 77 133 71 57 1061 45 63 41 44 351 171 111 40 74 68 202 52 44 51 4706 456 339 553
leaf_count=78 876 4286 59 2183 1119 69 523 77 133 71 57 1061 45 63 41 44 351 171 111 40 74 68 202 52 44 51 4706 456 339 553
internal_value=-0.000235448 -0.000537078 -8.25949e-05 0.000411948 -0.000196849 -0.000220873 -0.00012337 -0.000492852 0.00137234 0.00366443 -0.00065277 -0.000722825 -0.000383303 -4.37697e-05 0.00358621 -0.000246312 0.000586159 0.00262979 -0.000369782 0.00215132 0.000143174 -0.000991495 0.000167182 -0.000870589 0.000190925 0.00265625 0.000141331 -0.00173653 -0.000386948 -0.00111534
internal_weight=18003 6054 11949 2242 9707 9629 8510 3566 281 148 3285 3228 2167 1644 86 1558 736 234 502 151 4944 822 322 254 4870 95 4775 500 5178 892
internal_count=18003 6054 11949 2242 9707 9629 8510 3566 281 148 3285 3228 2167 1644 86 1558 736 234 502 151 4944 822 322 254 4870 95 4775 500 5178 892
is_linear=0
shrinkage=0.03


Tree=185
num_leaves=31
num_cat=0
split_feature=12 6 7 4 6 5 8 4 12 7 2 8 5 5 7 2 8 7 0 7 5 5 4 8 2 8 3 3 2 7
split_gain=1.23849 1.13462 0.934135 1.68947 0.739795 1.30076 0.869783 0.998565 1.4455 0.777215 0.878288 0.82675 0.910442 2.06785 2.24789 2.10536 0.810212 0.770633 0.923016 1.47311 2.60077 1.63377 0.731722 0.76224 0.715106 1.26876 0.872031 1.34221 1.63137 1.49049
threshold=0.67203978865988201 0.53129637843406929 0.82144523439235739 1.5843611036425262 -0.039358281437732227 5.992712987207276 0.25952339492147131 0.51324912851165239 0.46533527212599651 0.30442955214122269 0.054087283999152101 0.3960191922927731 10.07223827379681 9.795707435667687 0.13376981943674532 0.088727250944080197 0.15999876422644166 0.87094742634905298 17.33880840275263 0.76768097067654995 9.5309009703603973 8.1225195452981414 2.515999296957633 -0.21323842981182906 0.48685345627576077 0.80015271443541403 50.017422447993916 41.29497917381557 0.23974874830330251 0.7460998727262198
decision_type=2 2 2 10 2 2 8 10 2 2 10 10 2 2 2 10 8 2 10 2 2 2 10 8 10 8 8 10 10 2
left_child=1 4 -3 -4 5 -1 -7 -8 -9 11 -11 12 13 -6 16 -16 -15 18 22 21 -21 -20 23 -12 26 -26 27 -25 -29 -30
right_child=-2 2 3 -5 9 6 7 8 -10 10 17 -13 -14 14 15 -17 -18 -19 19 20 -22 -23 -24 24 25 -27 -28 28 29 -31
leaf_value=0.002619053992017097 -0.00045216987767001239 -0.0012541066903511101 0.0023442232231238752 -0.0025589601968820717 -0.00011981954179927337 -7.7712364455931963e-05 -0.00062167858189365627 0.0013669804294939043 2.7074638176977533e-05 -0.00046800089158438558 0.0041537647791706151 -0.0010167321408029954 -0.00031853325496969452 -0.00071007614224746361 -1.6339133913434087e-05 0.00078142019346705651 0.00043285850649375486 -0.00020814853785119637 0.0014149372321182927 5.3630934099413663e-05 0.0017484030155985968 -8.2652010610198586e-05 -0.00053396287562489163 -7.8592333753438493e-06 -0.00080690145257947493 0.00095582265597598517 -0.00021962941017919131 -0.00030027928151709287 0.00092645988173671459 -2.0033581761790928e-05
leaf_weight=48 269 771 77 53 753 318 47 79 68 225 55 345 624 67 41 79 41 512 57 100 51 299 315 10477 69 72 1403 228 406 144
leaf_count=48 269 771 77 53 753 318 47 79 68 225 55 345 624 67 41 79 41 512 57 100 51 299 315 10477 69 72 1403 228 406 144
internal_value=-0.000194485 -0.000163928 -0.00120067 0.00114504 -0.000108663 0.000962566 0.000514619 0.00209231 0.00330405 -0.000145381 -6.93083e-05 -0.00070733 -0.0004203 0.000149694 0.00264629 0.00545454 -0.000495414 -3.97498e-05 3.07013e-06 0.00125787 0.00373026 0.00020168 -4.5331e-05 -1.02691e-05 -2.55476e-05 0.00209155 -4.92937e-05 3.86453e-05 0.00124005 0.00212341
internal_weight=18093 17824 901 130 16923 560 512 194 147 16363 14413 1950 1605 981 228 120 108 14188 13676 507 151 356 13169 12854 12799 141 12658 11255 778 550
internal_count=18093 17824 901 130 16923 560 512 194 147 16363 14413 1950 1605 981 228 120 108 14188 13676 507 151 356 13169 12854 12799 141 12658 11255 778 550
is_linear=0
shrinkage=0.03


Tree=186
num_leaves=31
num_cat=0
split_feature=1 3 0 7 8 8 5 0 3 7 7 5 6 6 2 2 0 6 5 7 6 5 9 9 8 2 5 8 5 9
split_gain=0.681342 0.618045 1.27386 1.57907 1.46608 0.931142 0.987299 0.833008 1.90982 1.99483 1.24935 1.94932 1.22824 1.18648 1.90128 1.08018 1.12119 1.12805 1.38086 1.07234 1.01516 1.65791 0.907586 0.801005 1.61983 0.882497 0.760897 2.39149 2.84844 0.969594
threshold=7.5927064409992804 2.3374069183000317 2.2721396430695964 0.77787769925666173 0.27194599461280655 0.40560317244702321 7.2675251843400792 1.7884722702726024 1.3691349217661499 0.63500258668621468 0.72574625414231242 9.693537828149136 0.19328900818199116 0.28608454653049492 0.21715670778449889 0.29517871227264808 1.5006718506970369 0.30883064553834588 10.174944963947311 0.4023273461856865 0.34460433495124493 9.8153118601413336 0.64858741758593474 1.415660116296116 0.30405100141610808 0.17732467779013669 11.001191069727653 0.064714614669915724 11.134727686677195 0.3236186940836579
decision_type=2 10 8 2 8 10 2 10 10 2 2 2 2 2 10 10 10 2 2 2 2 2 8 10 10 10 2 8 2 10
left_child=1 2 7 -4 -5 -3 -7 12 9 -9 13 -12 23 -10 -15 20 -17 18 -18 -16 -14 -22 -21 26 25 -25 -1 -28 -29 -30
right_child=-2 5 3 4 -6 6 -8 8 10 -11 11 -13 15 14 19 16 17 -19 -20 22 21 -23 -24 24 -26 -27 27 28 29 -31
leaf_value=-5.8573186361878948e-05 -0.00052070721333910607 9.9531310740716652e-06 -0.00082789308831686175 -0.0020704527060648337 0.0022947401543638424 0.00033860377975821078 -0.00049149744772324588 0.00070030680336146485 -0.00043845316869868631 -2.0943768883800693e-05 0.0021966347525467656 -0.00026643970003215945 -0.00055502773731907486 0.00092210167290014211 0.00062796816669599025 -0.00049724791843034765 0.0011186540494051002 -0.00033397703071013295 -5.1987715692144968e-05 -0.00066544648797366818 -0.0022583172239562526 0.0012288201199771487 0.00047992671908729398 0.00096406806355634291 -5.7250205052587102e-05 0.00057939241755100481 -0.00037900567368815276 0.00021711333436570532 0.00039805520673184 -0.00014141389266877994
leaf_weight=4742 139 7576 834 50 79 211 1188 47 268 41 48 47 1531 58 49 104 58 42 40 163 44 43 42 40 138 43 116 54 149 120
leaf_count=4742 139 7576 834 50 79 211 1188 47 268 41 48 47 1531 58 49 104 58 42 40 163 44 43 42 40 138 43 116 54 149 120
internal_value=-0.000250871 -0.000234611 -0.000410411 -0.00144087 0.00163846 -5.849e-05 -0.000769286 -0.000286623 0.000655758 0.00478652 0.000110946 0.00328125 -0.000385686 -0.000413082 0.00084345 -0.00104992 0.000808163 0.00255319 0.00430303 -0.000282354 -0.00133045 0.00180682 -0.00123786 -0.00015658 0.00160811 0.00489286 -0.00023215 0.000961363 0.00228704 0.00101111
internal_weight=18104 17965 8990 963 129 8975 1399 8027 763 88 675 95 7264 580 312 1862 244 140 98 254 1618 87 205 5402 221 83 5181 439 323 269
internal_count=18104 17965 8990 963 129 8975 1399 8027 763 88 675 95 7264 580 312 1862 244 140 98 254 1618 87 205 5402 221 83 5181 439 323 269
is_linear=0
shrinkage=0.03


Tree=187
num_leaves=31
num_cat=0
split_feature=3 1 3 4 8 8 13 9 3 1 8 12 13 2 8 3 7 1 3 8 7 11 13 9 9 3 3 8 7 8
split_gain=0.764316 0.894817 0.852084 1.15486 0.838689 0.756997 1.23575 1.13133 0.878181 1.05588 1.23992 0.748856 0.667696 0.716822 0.646982 1.96571 1.36213 0.736264 0.968999 0.753243 0.899298 0.60983 0.605901 0.932362 0.872425 1.08239 1.53357 1.66047 0.854456 2.08826
threshold=115.6892197701542 -2.1353635077793487 41.29497917381557 0.53816437620215696 0.29489646668316777 0.1757270346600909 0.33939164898388446 -0.084626793763950853 42.836007384917501 2.3654866946778714 0.20609775311517595 0.26326414241160789 0.20648288461095191 0.29337321801560851 0.68294360979927771 51.907025329674006 0.63323540941734324 1.0426671429113543 46.837120591254653 0.31916755576934158 0.71742951305420843 4.5000000000000009 0.17181309278272663 1.3020063039635221 2.2463158655012534 1.2851361820854599 2.6753478642416502 0.2877578702234716 0.84979219657299832 0.27782467856288168
decision_type=8 2 10 10 10 8 2 8 10 2 10 2 2 10 10 10 2 2 10 8 2 2 2 10 10 10 10 10 2 10
left_child=1 -1 11 12 -2 6 -5 -7 9 10 -9 -3 13 -4 17 -16 -17 18 -10 20 -19 -21 23 -13 25 -25 -27 -28 -24 -30
right_child=4 2 3 5 -6 7 -8 8 14 -11 -12 22 -14 -15 15 16 -18 19 -20 21 -22 -23 28 24 -26 26 27 -29 29 -31
leaf_value=0.00059533861690747058 -5.5822227150305389e-05 -0.0019274580034751223 0.00032004824821346044 0.00010481095596771331 -0.00053577826798414257 0.0014359820954801138 -0.00070500171965938029 0.0006839950735196826 0.00047025339464484991 0.002443362437965444 -9.7764964061949121e-05 -9.9302942523952327e-06 -0.00076190869874297521 -0.00060460897608808327 -0.001004313019535267 0.016665641278691738 0.0002908317467057604 7.5071814520875972e-05 -0.00034673044731681359 0.00035375499507010521 0.0020683157349222661 -0.00038176269065831814 -8.4631536376332262e-05 -0.00039817752350954956 -0.00023456077550693615 0.0010852567291474067 -0.00019155390071272745 0.00065991312885067745 -0.00055635391054085961 0.0022618346369026555
leaf_weight=59 1329 224 51 418 406 43 110 44 62 45 99 5479 241 80 50 42 56 77 320 153 57 113 7906 41 120 115 95 50 107 96
leaf_count=59 1329 224 51 418 406 43 110 44 62 45 99 5479 241 80 50 42 56 77 320 153 57 113 7906 41 120 115 95 50 107 96
internal_value=-0.000170491 -0.000106947 -0.000120406 0.000449563 -0.00076901 0.00078284 -0.000158791 0.00121084 0.00102413 0.00288889 0.00160417 -0.000202965 -0.00106166 0.00065909 0.000644468 0.00245638 0.00490909 0.00029885 -0.000642298 0.00119701 0.00302222 0.000269662 -0.000175375 5.5922e-05 0.00141469 0.00227483 0.00298851 0.000924657 -0.000343651 0.00157353
internal_weight=18088 16353 16294 2061 1735 1689 528 1161 1118 188 143 14233 372 131 930 148 98 782 382 400 134 266 14009 5900 421 301 260 145 8109 203
internal_count=18088 16353 16294 2061 1735 1689 528 1161 1118 188 143 14233 372 131 930 148 98 782 382 400 134 266 14009 5900 421 301 260 145 8109 203
is_linear=0
shrinkage=0.03


Tree=188
num_leaves=31
num_cat=0
split_feature=4 9 7 12 0 4 7 2 3 1 1 13 12 4 0 9 4 7 3 0 12 12 2 1 3 9 7 12 7 7
split_gain=0.957373 0.923175 1.22962 1.48351 1.89684 2.04277 1.28981 1.1313 1.35406 1.11056 1.98524 1.40058 0.982334 0.972472 0.934508 0.843725 0.828768 0.819905 0.773279 3.80048 0.854246 1.38391 1.83406 0.952272 1.1187 1.13196 0.873742 1.17432 1.32455 2.4836
threshold=1.4259465675535432 0.44121316858045428 0.47274543456275669 0.36823337205143225 1.4696674716514357 0.6964861359452128 0.33374108703201433 0.22730035935414453 2.0227999841475532 2.1791245824113843 2.3358184814814815 0.17445812888572212 0.51905515258422652 0.3387200861612838 1.5928941856072354 0.15464512036171923 -0.38538874172041621 0.46500921752504437 1.2525571249815857 1.778675897672809 0.55481705004116644 0.4754179241400382 0.16973112549646616 0.017468990321937359 79.343886043410251 3.3034920232331162 0.84979219657299832 0.62156833329163497 0.79068701147428755 0.80478096059541848
decision_type=10 8 2 2 10 8 2 8 10 2 2 2 2 10 10 10 10 2 8 10 2 2 10 2 10 8 2 2 2 2
left_child=1 2 3 -1 17 6 -6 8 -7 -4 -11 -12 -8 -14 -9 -13 -3 -5 19 -18 21 22 -20 -24 25 -25 27 28 -22 -30
right_child=-2 16 9 4 5 7 12 14 -10 10 11 15 13 -15 -16 -17 18 -19 20 -21 26 -23 23 24 -26 -27 -28 -29 29 -31
leaf_value=0.0016300551279902831 -8.7375006206187022e-05 0.00022315655867170055 -1.8437478989550358e-05 -1.6815727374290134e-05 0.0010874542980123466 0.00051044550755928854 -1.1140393957229013e-07 0.0006416572046062483 0.0015219561354903844 0.0011969176994646076 0.00078391562422531222 0.00021160667696728264 0.0008619547520966578 0.0024558616645979255 -0.00016855251856025971 -0.00095448767433369323 1.2390934543858739e-05 0.0002174033369030266 -0.00090867185753055937 0.00087946345624091834 4.602929165590318e-05 -0.00035252651797658977 0.0024860614445366444 0.00029711082578138214 0.001524062860817386 -0.0014666184143336627 -0.00025679465876148625 -0.00014043918599994921 0.0015717426586516997 0.00012107412599640333
leaf_weight=40 6556 106 3650 1027 69 74 68 40 43 45 52 83 54 46 197 101 631 60 134 44 1485 1847 44 451 49 142 226 529 40 121
leaf_count=40 6556 106 3650 1027 69 74 68 40 43 45 52 83 54 46 197 101 631 60 134 44 1485 1847 44 451 49 142 226 529 40 121
internal_value=-0.00016184 3.12999e-06 0.000276636 0.000945898 0.000807623 0.00217399 0.00432353 0.00072676 0.00312712 -1.60231e-05 0.00179787 0.000683544 0.00287574 0.00475247 -0.000466387 -0.000551352 -0.000261026 6.34184e-05 -0.000309715 0.00064349 -0.000436773 -0.000806223 0.000219244 0.000847161 0.000550544 0.000186868 -2.62289e-05 0.000158547 0.000553733 0.00312963
internal_weight=18054 11498 5649 1718 1678 591 237 354 117 3931 281 236 168 100 237 184 5849 1087 5743 675 5068 2667 820 686 642 593 2401 2175 1646 161
internal_count=18054 11498 5649 1718 1678 591 237 354 117 3931 281 236 168 100 237 184 5849 1087 5743 675 5068 2667 820 686 642 593 2401 2175 1646 161
is_linear=0
shrinkage=0.03


Tree=189
num_leaves=31
num_cat=0
split_feature=6 12 0 9 2 7 7 11 6 2 6 0 9 11 9 7 9 1 6 0 7 2 6 12 0 1 7 2 9 0
split_gain=0.765674 0.783107 0.671021 1.61468 2.20028 1.43528 0.839773 0.793487 0.774423 1.79808 1.74505 1.3032 0.827505 0.71206 0.701889 0.688161 1.47054 3.26207 1.73674 1.61688 1.56687 1.08882 1.24978 1.07743 1.26305 1.11552 0.877772 0.9927 0.861815 1.53831
threshold=0.53129637843406929 0.67203978865988201 12.088336722964014 3.6669840152221345 0.23100457980722958 0.81878128211298928 0.80478096059541848 8.5000000000000018 0.2898376437242583 0.26316825075382305 0.20226382058790107 1.9617263069714823 1.0703048245228526 2.5000000000000004 1.6726569399028264 0.55341489018396861 inf 1.3932574308660375 0.25567780403746815 3.1410115212441139 0.68084063207149981 0.4105720164778649 0.18549099887354273 0.36120511938173433 0.9817526529804258 1.102700608522859 0.56356504515786832 0.32242930240899453 -0.093971883301103606 1.4748957152434425
decision_type=2 2 10 8 10 2 2 2 2 10 2 10 8 2 10 2 8 2 2 10 2 10 2 2 10 2 2 10 8 10
left_child=1 2 6 4 -4 7 15 13 9 12 -11 -12 -8 -6 -14 23 18 -18 19 21 -21 -17 -23 24 -1 -26 27 -20 29 -25
right_child=-2 -3 3 -5 5 -7 8 -9 -10 10 11 -13 14 -15 -16 16 17 -19 26 20 -22 22 -24 28 25 -27 -28 -29 -30 -31
leaf_value=-0.00098763542154408843 -0.00060749236861361148 -0.00029281314441017208 0.00054418815102645266 -2.7048605841186286e-05 0.0002109453514279335 0.00095501571798973465 -0.00032993827991023957 0.00043876438497331046 -0.00043310193974176246 -0.0017257303211768566 0.00061475020938330253 0.00020568340078979121 0.00034758155854481957 -0.00039148793089137081 -0.0002867866064407047 1.5279746521663548e-05 -0.00016363166320750076 0.0012870072606431502 -0.0004369923493392874 0.0013997995594295317 1.1637245761178908e-05 0.0019159457079559682 -0.00056511563480250433 -0.0003985779493735906 0.0017590197800379139 0.0008642703998549278 -0.00023029869108834812 0.00079310813559411205 -0.00011318993595970226 0.00042478542452118611
leaf_weight=50 905 286 64 387 58 63 503 47 514 57 40 76 76 112 48 5358 118 87 58 58 56 49 44 149 41 61 2674 41 5750 221
leaf_count=50 905 286 64 387 58 63 503 47 514 57 40 76 76 112 48 5358 118 87 58 58 56 49 44 149 41 61 2674 41 5750 221
internal_value=-0.000226181 -0.000181257 -0.000154796 0.000733606 0.00222609 0.00106761 -0.000195103 -9.6331e-05 -0.000921674 -0.000337079 0.00236207 0.00446154 -0.0010844 -0.00105263 0.001104 -0.000130603 4.4592e-05 0.00254854 -1.7269e-05 0.000288357 0.00380869 0.000214049 0.00341489 -0.000369202 0.00211765 0.00401942 -0.000630498 0.00213 -0.000431303 0.00097035
internal_weight=18051 17146 16860 731 344 280 16129 217 1314 800 173 116 627 170 124 14815 8543 205 8338 5565 114 5451 93 6272 152 102 2773 99 6120 370
internal_count=18051 17146 16860 731 344 280 16129 217 1314 800 173 116 627 170 124 14815 8543 205 8338 5565 114 5451 93 6272 152 102 2773 99 6120 370
is_linear=0
shrinkage=0.03


Tree=190
num_leaves=31
num_cat=0
split_feature=6 4 5 12 12 5 3 2 9 1 3 9 8 8 8 4 6 6 3 5 8 8 2 5 12 12 9 5 5 8
split_gain=0.612279 0.910589 1.15733 1.21021 1.09875 2.48162 3.06999 3.39332 1.78484 1.62653 1.55125 1.39232 1.32584 1.34903 1.2665 1.12033 1.0656 0.802254 2.0564 0.788904 1.61307 2.3122 1.07201 1.02083 1.84934 2.30705 1.70306 1.38085 1.43906 0.772877
threshold=0.19472882601052091 1.4612869428990003 10.127550680111193 0.38480357719275898 0.54429817977864869 9.795707435667687 1.8587041837326816 0.17832096627666663 0.57310808090595322 0.51322583362420071 12.952136365489656 0.27286165862156925 0.37092307788868123 0.29291537296484044 -0.021210100372724069 0.84502112648869376 0.28418819843394078 0.32389059254018632 2.5201930089965781 11.001191069727653 0.064714614669915724 0.074374799697782171 0.18925089586639213 11.265245850982803 0.52791449686960823 0.56195034486396311 0.34626154186156771 12.057157476118062 11.471655444261616 0.21111059334416815
decision_type=2 8 2 2 2 2 10 10 10 2 8 10 10 10 8 10 2 2 10 2 8 10 10 2 2 2 10 2 2 8
left_child=19 2 4 -4 5 -2 7 -7 11 14 12 -9 13 15 -6 17 -8 18 -11 -1 22 -22 -21 24 -23 -26 27 28 -25 -12
right_child=1 -3 3 -5 9 6 16 8 -10 10 29 -13 -14 -15 -16 -17 -18 -19 -20 20 21 23 -24 26 25 -27 -28 -29 -30 -31
leaf_value=-1.0689587452540743e-05 -0.00019228590068918704 -0.00017720390082120955 0.00049735484305410047 -0.00023470505687705646 0.0036119522115906897 -0.00050990917374426627 0.00029708452121726794 0.00083071719107462305 0.0027067300215577426 0.0021243000157957176 -0.00016148730597330424 0.00029286787553269407 -0.00013753763054956839 0.00046461866958953451 -6.1446305558375471e-05 0.00024983817665555244 -0.0010045476230291896 0.00031968873462431634 0.00013051003680185214 -0.0002802961614242754 0.00025688503711583031 -0.00010357332281079083 0.0010701615354044374 -8.0075297894533905e-05 0.00062605151346607052 0.00014694848043896218 -0.00059714451590276774 -0.00033251497226736222 0.00061114622697818789 0.00033834481745129066
leaf_weight=7213 1954 3934 53 2005 42 52 62 54 40 44 266 41 47 40 782 137 158 78 43 145 44 65 40 40 49 41 132 40 57 330
leaf_count=7213 1954 3934 53 2005 42 52 62 54 40 44 266 41 47 40 782 137 158 78 43 145 44 65 40 40 49 41 132 40 57 330
internal_value=-0.00020101 -0.000354817 -0.000129074 -0.000711025 0.000158235 -0.000267994 0.00186029 0.00467553 0.00716912 0.000714364 0.00153651 0.00484375 0.00300769 0.00365598 -0.000269092 0.00295049 -0.000542987 0.00460843 0.00657954 -2.28875e-06 0.000995412 0.00193177 -0.00137097 0.00124235 0.00317308 0.00593407 0.000122222 0.00245652 0.00437755 0.000572864
internal_weight=18028 10162 6228 2058 4170 2361 407 187 135 1809 985 95 389 342 824 302 220 165 87 7866 653 468 185 424 155 90 269 137 97 596
internal_count=18028 10162 6228 2058 4170 2361 407 187 135 1809 985 95 389 342 824 302 220 165 87 7866 653 468 185 424 155 90 269 137 97 596
is_linear=0
shrinkage=0.03


Tree=191
num_leaves=31
num_cat=0
split_feature=3 8 8 8 0 0 0 3 9 0 4 8 0 9 12 13 0 9 8 3 4 3 0 3 12 8 9 8 0 1
split_gain=0.744754 1.14611 0.962172 1.08969 1.25624 2.30306 0.929608 1.70708 1.44922 0.921628 1.71873 0.888561 0.933467 0.77435 0.764271 0.706299 1.08019 0.902065 1.13974 1.56134 1.19079 0.908597 2.08722 0.883916 1.09329 1.76409 2.88731 0.900628 0.851113 0.821656
threshold=86.871217950292163 0.29489646668316777 0.11542858951914386 0.16926744793440948 1.6821275347385154 2.9364730312058906 21.534172661870507 3.5787330912022335 2.4312455530275332 1.2221418566087487 1.0497253737861627 0.088723228255423878 1018.2000000000002 1.3865608146300603 0.61841720078885754 0.19472882601052091 1.3617811428221462 0.46781891621898408 0.093366557440309972 1.6720838439763652 1.2862222344107637 1.2563103603487893 1.6891677311535338 2.3374069183000317 0.4754179241400382 0.38213437206626683 1.1288066580392073 0.32615099359385585 8.2866341649580999 3.4980918315575855
decision_type=8 10 10 10 8 8 10 10 10 10 8 10 10 8 2 2 8 10 8 10 10 10 10 10 2 8 10 10 10 2
left_child=6 2 -2 4 -4 -6 15 -8 11 10 -5 -9 13 -13 -11 -1 -17 18 19 -18 -21 22 -19 24 25 -23 -27 -25 -29 -20
right_child=1 -3 3 9 5 -7 7 8 -10 14 -12 12 -14 -15 -16 16 17 21 29 20 -22 23 -24 27 -26 26 -28 28 -30 -31
leaf_value=5.493631671063566e-06 -0.00029754986234122418 -0.00067072759705979665 -0.00080556540668362227 0.00078543474382372234 0.0011110361728111488 9.087525661413348e-05 -0.00069392924357323106 -0.00043519442506007456 0.00053259761755840545 -0.00021732956344778056 -0.00031702686483362565 0.0013045880755029903 -0.00028224208763516457 0.0010219609808716367 0.0001718275302497854 -0.00071563573839088007 -0.00065958971892298964 -0.0014104243559842494 0.00012708338082493959 0.00032975347832132608 -0.00019165331532657436 -0.000821551066245177 0.0006252725451324295 -6.2400402824030147e-06 -0.00068876812475835911 0.0016698775835712169 -0.00289448362428338 -0.00051937958391196407 0.00021816518781147309 -0.00082869148535856291
leaf_weight=7438 629 455 48 48 48 150 112 57 63 442 48 58 50 83 47 640 321 41 2648 353 428 167 40 1791 722 49 57 785 47 211
leaf_count=7438 629 455 48 48 48 150 112 57 63 442 48 58 50 83 47 640 321 41 2648 353 428 167 40 1791 722 49 57 785 47 211
internal_value=-0.000200145 -0.000759395 -0.000349077 0.000320913 0.0019919 0.00304523 -0.000133833 0.00125236 0.00239423 -0.00038396 0.00228866 0.0013494 0.00232812 0.00357042 -0.000912246 -0.000171168 -0.000361403 -0.000262369 5.22456e-05 -0.000767 -4.22002e-05 -0.00059919 0.00252439 -0.000669799 -0.00143072 0.000186131 0.00319626 -0.000380717 -0.00119568 0.000368181
internal_weight=18076 1915 1460 831 246 198 16161 423 311 585 96 248 191 141 489 15738 8300 7660 3961 1102 781 3699 81 3618 995 273 106 2623 832 2859
internal_count=18076 1915 1460 831 246 198 16161 423 311 585 96 248 191 141 489 15738 8300 7660 3961 1102 781 3699 81 3618 995 273 106 2623 832 2859
is_linear=0
shrinkage=0.03


Tree=192
num_leaves=31
num_cat=0
split_feature=6 7 0 4 3 8 2 9 4 3 8 3 0 2 0 12 7 7 1 4 3 7 0 3 2 9 12 2 8 9
split_gain=0.900578 1.28773 0.755186 1.0841 0.85903 1.19991 0.817469 1.35852 0.782892 0.696805 0.945581 0.648293 0.639815 0.622224 1.10555 1.54622 2.03412 1.66875 2.40048 2.21675 2.11671 1.11507 1.0514 0.999037 0.975369 0.851752 0.819833 0.797093 1.36096 1.53132
threshold=0.53129637843406929 0.84979219657299832 12.088336722964014 0.35014287921128834 4.0645309789223125 0.3635826010180549 0.27990344631271435 1.8339916133517953 2.3481097811838865 86.871217950292163 0.29291537296484044 1.1811160425797136 1812.5000000000002 0.17832096627666663 1.2985876437909145 0.52715930501342856 0.70132905420285241 0.61653866360386422 1.0774927561582632 0.61898582631065879 1.2035571578138511 0.45351338471230235 1.1045453457592826 0.98491326728581841 0.13594023664589239 3.3034920232331162 0.54959006182272196 0.21080998939997717 0.49586500117747456 1.1079415857098416
decision_type=2 2 10 10 10 10 10 10 10 8 10 10 10 10 8 2 2 2 2 10 10 2 10 10 10 8 2 10 10 8
left_child=2 -2 8 -4 -5 6 7 -6 9 13 -11 -10 -8 14 15 23 17 20 19 26 22 -16 -17 -1 -22 -23 -19 28 29 -15
right_child=1 -3 3 4 5 -7 12 -9 11 10 -12 -13 -14 27 21 16 -18 18 -20 -21 24 25 -24 -25 -26 -27 -28 -29 -30 -31
leaf_value=0.00080246010994377171 -0.00082216272195269075 0.002171026808192643 0.00061092214910522552 -0.00076450155984877455 4.4986362262682579e-05 0.00042754260832251166 -6.5549624572741879e-05 0.00027666339078123513 0.00018108942951466586 -2.5914343096294268e-05 -0.00066818711835680937 -0.00038774656058399178 0.00037929460731041871 1.6072650417262385e-05 -0.00049180784750903672 0.00036474617214450313 -0.00050732705633603178 0.00037974526461908263 0.0011608219219733393 -0.00047947670474259387 -0.00045983300254816474 -0.00011434245491782932 0.00012451561863839977 -5.8069491569310386e-05 8.3183129386726803e-05 0.00053202989063888084 0.00059422783315932312 -2.1854851991821475e-05 0.0011322480042293798 0.00038338102726139146
leaf_weight=41 861 65 42 72 86 40 371 41 53 951 363 696 70 1967 398 40 206 45 55 99 108 1435 52 2322 122 46 58 6966 70 333
leaf_count=41 861 65 42 72 86 40 371 41 53 951 363 696 70 1967 398 40 206 45 55 99 108 1435 52 2322 122 46 58 6966 70 333
internal_value=-0.000176598 -0.00108738 -0.000127355 0.000821576 0.000528634 0.000896551 0.000537785 0.00264844 -0.000169113 -0.000123805 -0.000784792 -0.001116 -7.46613e-05 -6.32839e-05 -0.00033234 1.14315e-05 0.00116412 0.00207414 0.00387209 0.00233497 0.000631578 -0.000907979 0.00445161 -0.000371828 -0.000909092 -0.000528341 0.00539423 8.16101e-05 0.000556726 0.000430247
internal_weight=18074 926 17148 722 680 608 568 127 16426 15677 1314 749 441 14363 5027 3148 785 579 257 202 322 1879 92 2363 230 1481 103 9336 2370 2300
internal_count=18074 926 17148 722 680 608 568 127 16426 15677 1314 749 441 14363 5027 3148 785 579 257 202 322 1879 92 2363 230 1481 103 9336 2370 2300
is_linear=0
shrinkage=0.03


Tree=193
num_leaves=31
num_cat=0
split_feature=6 9 0 11 5 5 12 9 1 0 7 0 9 9 7 6 7 0 4 7 7 12 12 7 5 12 7 5 11 6
split_gain=0.971123 0.941694 1.27137 0.950527 0.840543 0.79623 0.828846 0.841814 0.831809 0.780596 1.02123 0.98311 1.1945 0.722365 0.893104 0.909228 2.16272 1.62102 1.45823 1.16677 1.56407 1.48089 2.64884 1.32339 0.878283 1.01557 0.834566 1.12843 0.797832 0.713468
threshold=0.3045360134814859 1.9489238613711175 17.33880840275263 9.5000000000000018 4.6395599436855051 11.214545858445112 0.24160320841339225 1.7907015888240791 0.45966234041841297 4.1750824801058632 0.87094742634905298 3.4372732607767822 -0.85576102661335829 0.58579757115135633 0.48369391620791286 0.41323951849651325 0.80730864791137591 1.6572316127247388 0.42032985174858639 0.56356504515786832 0.66667912157988096 0.51252847701438997 0.46091639781348365 0.53692347651097339 9.9128684140351897 0.40131793345828998 0.79968310786915997 9.4424436638760749 10.500000000000002 0.23878754578110065
decision_type=2 10 10 2 2 2 2 10 2 8 2 10 10 8 2 2 2 8 10 2 2 2 2 2 2 2 2 2 2 2
left_child=4 5 -3 -4 -1 6 -2 8 -8 11 -11 12 -6 24 28 16 17 -16 -19 23 -21 22 -22 -17 25 -10 -23 -28 -15 -13
right_child=1 2 3 -5 9 -7 7 -9 13 10 -12 29 -14 14 15 19 -18 18 -20 20 21 26 -24 -25 -26 -27 27 -29 -30 -31
leaf_value=0.0041940028881614806 -0.0086930304728460479 -0.00079898800295872294 -1.0265995242742916e-05 0.00033809698735481837 0.0013747478474316292 -0.00099911582947546668 -0.0004202534360396762 0.00054713432606627512 -0.0021779800150175882 -0.00030225172915363197 0.00011405586842977851 0.00079786072532783822 -9.5359368551622187e-06 -0.00025649339603001916 -0.002790370448573692 2.2541153566904547e-05 -0.00025400241365062734 0.0015318726511166713 0.00047893464876525786 -0.00099153929388540282 -0.00016356464283255172 -0.0006862846663976814 0.0018466441320377982 0.0015207877714969536 -0.0004273515261912128 0.00010449284919602387 -0.00043537057859506625 0.00092230698981364914 0.0006411677863192082 6.2366621062454806e-05
leaf_weight=66 136 937 154 47 46 98 702 75 85 283 40 61 12188 434 49 72 123 40 328 173 120 137 75 45 562 687 105 61 44 118
leaf_count=66 136 937 154 47 46 98 702 75 85 283 40 61 12188 434 49 72 123 40 328 173 120 137 75 45 562 687 105 61 44 118
internal_value=-0.000179251 -0.000521173 -0.00128534 0.000876237 -3.79606e-05 -0.000311417 -0.000246424 -0.000166157 -0.000227948 -5.55868e-05 -0.00150926 -1.76421e-05 -5.00211e-05 -1.91029e-05 0.000371886 0.000772008 0.00171904 0.0027488 0.00343089 0.000121672 -0.000361608 0.000492985 0.00252551 0.00287288 -0.000548315 0.000108667 -0.00081908 0.000610778 -0.00073904 0.00218333
internal_weight=18091 5289 1138 201 12802 4151 4053 3917 3842 12736 323 12413 12234 3140 1806 1328 540 417 368 788 671 498 195 117 1334 772 303 166 478 179
internal_count=18091 5289 1138 201 12802 4151 4053 3917 3842 12736 323 12413 12234 3140 1806 1328 540 417 368 788 671 498 195 117 1334 772 303 166 478 179
is_linear=0
shrinkage=0.03


Tree=194
num_leaves=31
num_cat=0
split_feature=8 7 7 0 12 8 0 3 2 9 3 3 7 9 9 7 8 3 4 9 0 8 9 0 0 8 0 2 3 7
split_gain=0.666677 0.899625 0.834878 0.964849 1.23104 1.12376 1.52559 1.07676 1.04271 0.947566 0.737871 0.913794 0.971359 1.25537 1.17873 4.3067 1.86318 1.64041 0.953719 1.84491 0.921036 0.886629 1.06612 1.12098 1.65031 1.33966 1.36665 1.05861 0.999257 1.75208
threshold=0.51172667848711262 0.2719607729708497 0.67461854720057357 2.4890156786620881 0.26326414241160789 0.80015271443541403 1.278995457146636 1.7858850969349576 0.17100692982371388 1.4435087783542742 72.697652247047458 2.3374069183000317 0.74981696182354274 0.62011197665370055 -0.28538182179053551 0.71367137232740341 0.34688707749251374 33.580316701891256 1.5769105016251357 1.415660116296116 2.3186924145067187 0.0039311540785147946 0.42236918320310829 1.0010508228240156 0.91829296289527063 0.4252007808903035 1.2221418566087487 0.10756067846650792 1.463180841018844 0.52270910402564896
decision_type=10 2 2 8 2 10 10 8 10 10 8 10 2 10 10 2 10 10 10 10 10 8 10 10 10 8 8 10 10 2
left_child=10 -2 3 4 -3 7 -7 8 -6 -9 11 20 14 -14 15 16 17 -13 -15 -20 21 27 28 24 -24 -25 -27 -1 -23 -30
right_child=1 2 -4 -5 5 6 -8 9 -10 -11 -12 12 13 18 -16 -17 -18 -19 19 -21 -22 22 23 25 -26 26 -28 -29 29 -31
leaf_value=0.0002305045319730703 -0.0013559486344222847 -0.002076640560852213 -0.00071633161424333963 -0.0015583090622629827 3.7232769991194061e-05 0.0059249494929687046 0.00051014033408816487 -0.00048060297803316482 0.001950524209660119 0.0014391235616889964 -0.00010491221887530159 0.00041746076021866057 -0.00020540440871178348 -3.4983972998556387e-05 5.009003538367644e-05 0.0026312463948829296 0.00091242469608745125 -0.00075813798615747164 0.0020856690005271209 -0.00034357714906409166 -0.00055430731276033833 -2.4616193582245993e-05 -0.00053821401011845346 -0.00025033274696986506 0.00063607960193310688 0.00063298798850186912 -6.2903576524601812e-06 -0.00021184114171217937 0.0003574251082135215 -2.4107364743765642e-05
leaf_weight=97 198 62 536 178 72 40 52 151 43 43 2054 223 840 371 4541 46 57 123 77 77 572 2821 91 2108 104 67 164 538 747 947
leaf_count=97 198 62 536 178 72 40 52 151 43 43 2054 223 840 371 4541 46 57 123 77 77 572 2821 91 2108 104 67 164 538 747 947
internal_value=-0.000182917 -0.000817588 -0.000501699 0.000228971 0.00095043 0.0015597 0.00445161 0.000687096 0.00297414 -0.000676924 -0.000130506 -5.56399e-05 0.000214757 -0.000494144 0.000408735 0.00187333 0.000868811 3.45814e-05 0.000655893 0.00263226 -0.000263777 -0.000177229 -8.04262e-05 -0.000572782 0.00160714 -0.000755129 0.00140948 -0.00125 0.000195969 0.000771681
internal_weight=18040 1375 1177 641 463 401 92 309 115 194 16665 14611 6355 1365 4990 449 403 346 525 154 8256 7684 7049 2534 195 2339 231 635 4515 1694
internal_count=18040 1375 1177 641 463 401 92 309 115 194 16665 14611 6355 1365 4990 449 403 346 525 154 8256 7684 7049 2534 195 2339 231 635 4515 1694
is_linear=0
shrinkage=0.03


Tree=195
num_leaves=31
num_cat=0
split_feature=6 4 5 7 9 7 1 8 3 3 7 5 7 7 8 8 3 8 0 7 7 3 1 7 8 0 4 0 7 7
split_gain=0.895602 1.37942 1.77559 1.1912 1.19788 1.31166 1.52331 1.03966 0.920589 1.46566 0.992057 1.27484 1.0466 1.01514 0.83205 0.812034 0.793464 0.806223 0.796798 0.971218 1.46233 1.27329 1.24586 2.34354 3.24754 2.21445 0.914216 0.790446 0.692986 1.54429
threshold=0.16101398163317707 2.8229471893478384 9.8942702026682046 0.83472947248246265 -0.062672178727038994 0.58661399486304633 0.50253017494488639 0.15863771952972797 50.017422447993916 46.13776123833815 0.7831927522229597 10.098293353913622 0.76606415112658255 0.79302599270045326 0.030084803286454857 0.444345852117977 1.0539741460127077 0.059740579278258037 12.088336722964014 0.86491290113307462 0.83922723779723041 448.24065465749601 0.80699146040930037 0.67303860558477013 0.20099500354705027 41.491666666666674 1.2303867460027129 1.1989110907683698 0.51686360541059229 0.55080867205657058
decision_type=2 8 2 2 8 2 2 10 10 10 2 2 2 2 10 10 10 8 8 2 2 10 2 2 10 10 10 8 2 2
left_child=1 3 -3 4 5 -1 7 14 9 10 12 13 -6 -12 -7 16 -2 -18 -19 20 21 22 -20 -24 26 -26 -25 -17 -29 -30
right_child=15 2 -4 -5 8 6 -8 -9 -10 -11 11 -13 -14 -15 -16 27 17 18 19 -21 -22 -23 23 24 25 -27 -28 28 29 -31
leaf_value=-1.308853889218448e-05 -0.0010597402687645033 -9.4689732066604162e-06 0.00072986326868086106 -0.00045497480037635728 3.4210841106328983e-06 0.00025941623362027595 0.0033670961501322655 -0.00031362854967968441 -0.00081740564638128205 0.00048403772704973735 0.0013203445957194766 0.001210255757904485 -0.00074604707102922179 -0.000134456156379628 0.0015556323652725777 0.00022019300585670166 -0.00013413107924383746 -3.787506769139629e-05 -0.00018777006430333046 -0.00010770511610715678 0.0012363299588050961 -0.00056436480557368527 8.6228135347877439e-05 0.0014871591032106031 0.001812659549250891 0.00039449743086695008 -0.00063831481781242104 -0.0010905703473196246 0.0011929471293988352 -0.00059929065250286808
leaf_weight=193 113 57 42 164 4679 60 60 42 258 62 41 43 124 129 44 70 1593 7467 307 242 45 129 394 40 65 77 65 385 89 910
leaf_count=193 113 57 42 164 4679 60 60 42 258 62 41 43 124 129 44 70 1593 7467 307 242 45 129 394 40 65 77 65 385 89 910
internal_value=-0.000163258 0.000136022 0.00363 7.67789e-05 0.000149058 0.0017325 0.0033913 0.00171429 3.03534e-05 0.000119314 6.21878e-05 0.00206075 -2.68533e-05 0.000877192 0.00331429 -0.000312959 -0.0002212 -0.000193958 -8.18621e-05 0.000584615 0.000956366 0.00073191 0.00111275 0.00186449 0.00414919 0.00709091 0.000141509 -0.00097732 -0.00113502 -0.000717001
internal_weight=17989 5998 99 5899 5735 399 206 146 5336 5078 5016 213 4803 170 104 11991 10537 10424 8831 1364 1122 1077 948 641 247 142 105 1454 1384 999
internal_count=17989 5998 99 5899 5735 399 206 146 5336 5078 5016 213 4803 170 104 11991 10537 10424 8831 1364 1122 1077 948 641 247 142 105 1454 1384 999
is_linear=0
shrinkage=0.03


Tree=196
num_leaves=31
num_cat=0
split_feature=9 7 12 12 12 8 12 4 3 3 12 12 0 0 6 11 3 7 4 6 0 9 8 12 4 12 0 3 4 12
split_gain=0.667315 0.923885 1.02172 0.995094 0.979525 1.58421 1.46485 1.01176 1.21691 0.890931 2.36684 1.0034 2.42476 2.24399 1.58646 1.39717 1.52896 1.29529 1.07864 0.978475 1.15249 1.34638 1.19392 0.862582 1.53486 0.872837 0.800834 0.790791 0.755177 0.933215
threshold=0.42236918320310829 0.47055925860718045 0.49667758733945883 0.20941806217512135 0.55481705004116644 0.28267171356249327 0.56346023632327469 0.96428459739940109 3.1410353614104971 74.753061113275905 0.43246515029245663 0.46091639781348365 1.778675897672809 2.527067488317488 0.34183316892112098 5.5000000000000009 1.2525571249815857 0.72743883845011881 1.4335101695685524 0.20648288461095191 1.2661959981118265 1.362125787046814 0.16787288407877865 0.52071591152722796 1.5911107024645952 0.50978111560249773 1.1863051372765756 7.2737120549055527 0.44746111563927382 0.55972584879017628
decision_type=8 2 2 2 2 8 2 10 10 10 2 2 8 8 2 2 10 2 10 2 10 10 10 2 10 2 8 10 8 2
left_child=-1 4 3 -3 -2 -6 -7 -8 -9 11 -11 19 15 14 -14 -13 -17 -15 -18 20 21 22 -5 24 -4 27 28 -26 -25 -30
right_child=1 2 23 9 5 6 7 8 -10 10 -12 12 13 17 -16 16 18 -19 -20 -21 -22 -23 -24 26 25 -27 -28 -29 29 -31
leaf_value=2.2426786779359763e-06 -0.00046178729478547567 -0.01148353037025592 -0.00047095018735745397 0.00087812545315531254 -0.00019561139550798722 0.00063940317580495683 -0.00039117716760751916 -0.00031159442638012104 0.0072661675347696448 0.0014604827312065232 -0.00091560420524156722 -0.00049219171454427315 0.0002047899129897417 -0.0012386127501271865 0.001126676614162369 0.00031550029270017288 -0.00041682673166450651 0.0010644633553992477 0.00046360879889904914 -0.00057967118538638476 0.0010630659867866693 0.0029075181891234643 -0.00025950131000629134 0.00051604852388535845 -0.00013347628155295938 -0.00016265967792750423 -4.5105656007396519e-05 0.0016279439864467294 0.00074190203216598679 -0.00040783715511281217
leaf_weight=8297 1862 74 533 50 417 44 80 46 47 40 47 163 43 66 79 65 117 65 110 671 40 54 181 87 54 115 4273 66 148 156
leaf_count=8297 1862 74 533 50 417 44 80 46 47 40 47 163 43 66 79 65 117 65 110 671 40 54 181 87 54 115 4273 66 148 156
internal_value=-0.000182412 -0.000350113 -0.000179639 0.000426044 -0.000848219 0.000170078 0.00224312 0.000982758 0.00309574 0.000567522 0.00351136 0.000415249 0.00127786 0.00362598 0.00653658 -3.28955e-05 0.00120819 0.000886363 3.9473e-05 -0.000198597 0.00115031 0.000472027 -0.000530173 -0.000387632 -0.0013186 0.000699152 -0.000234084 0.00247934 0.00106377 0.000354098
internal_weight=18090 9793 7297 1865 2496 634 217 173 93 1791 87 1704 708 253 122 455 292 131 227 996 325 285 231 5432 768 235 4664 120 391 304
internal_count=18090 9793 7297 1865 2496 634 217 173 93 1791 87 1704 708 253 122 455 292 131 227 996 325 285 231 5432 768 235 4664 120 391 304
is_linear=0
shrinkage=0.03


Tree=197
num_leaves=31
num_cat=0
split_feature=13 0 0 7 2 9 2 0 0 9 13 8 1 4 7 9 13 4 8 8 4 9 0 1 7 2 9 3 7 3
split_gain=1.10457 0.839233 1.11223 3.26851 1.32256 0.940785 0.884557 1.68623 2.23575 1.4276 1.28792 1.00501 0.981793 2.01112 1.13495 0.826417 0.934671 1.09232 0.940282 0.885958 1.81336 0.914152 1.10053 1.27948 1.47997 1.51235 2.9 0.856345 0.815096 0.794984
threshold=0.3045360134814859 4.1750824801058632 2.9364730312058906 0.4894031899363272 0.27282975265839388 -0.67143774308222415 0.33473722511588827 1.7237477308496019 1.5719391303084829 0.23376254610460784 0.25730663443338081 0.030084803286454857 0.21205293403214051 1.5274472260755305 0.7808545292460467 4.8474467303080084 0.19472882601052091 1.4612869428990003 0.53234559898168576 0.24883673932378655 1.3714586468392183 0.76354761743375044 1.3751415859699361 1.6406572038011633 0.64720718351757334 0.23844158057343537 0.39497326019682349 74.753061113275905 0.81316422443422043 46.598206557810478
decision_type=2 8 10 2 10 8 10 10 10 10 2 8 2 10 2 8 2 8 8 10 10 10 10 2 2 10 10 10 2 8
left_child=1 2 5 -4 -5 -1 15 8 11 -10 -11 -8 13 -13 -14 16 28 18 19 21 29 22 -18 27 25 26 -25 -24 -7 -21
right_child=-2 -3 3 4 -6 6 7 -9 9 10 -12 12 14 -15 -16 -17 17 -19 -20 20 -22 -23 23 24 -26 -27 -28 -29 -30 -31
leaf_value=0.0018192414121485784 -0.00014357395299364101 -0.00018570707468126179 0.00088209848557094283 -0.00010387844235600848 0.00046697209288161544 1.096099876020165e-05 -0.001468184861580886 -0.00049096474318407557 0.00066309470911382824 0.0009316988227907161 -0.00023642654178094734 0.00034474217454099682 -9.4532349640934338e-05 0.00240063828675108 0.00063592917261030217 0.000548614004848754 -0.0010532677435000221 -0.00039837504382132045 -0.00098479981145869859 0.00024440799959036906 0.00080484163314654587 -0.00046499484536899159 -6.1818913899688236e-05 0.0014146780839370736 -0.0004982828954638094 -5.333076634003055e-05 7.7869917860986376e-06 0.00024033294683276663 -0.00029263160249575198 -0.0011203170376493264
leaf_weight=63 5324 350 51 299 64 7094 61 189 43 48 50 139 374 44 41 61 173 1147 121 476 51 270 832 57 78 52 40 50 361 108
leaf_count=63 5324 350 51 299 64 7094 61 189 43 48 50 139 374 44 41 61 173 1147 121 476 51 270 832 57 78 52 40 50 361 108
internal_value=-0.000157521 -6.33478e-06 3.44904e-05 0.00156145 0.000552197 -1.82143e-05 -3.7623e-05 0.000821211 0.00142322 0.00483803 0.00278788 0.000686363 0.00106177 0.00288587 0.000252403 -0.000115112 -0.000134727 -0.000542535 -0.000166306 -2.33097e-05 0.000919811 -0.000409531 -7.48253e-05 0.000272972 0.00227632 0.00402 0.00621429 -0.000244621 5.4318e-05 0.000441025
internal_weight=18111 12787 12437 414 363 12023 11960 989 800 141 98 659 598 183 415 10971 10910 3455 2308 2187 635 1552 1282 1109 227 149 97 882 7455 584
internal_count=18111 12787 12437 414 363 12023 11960 989 800 141 98 659 598 183 415 10971 10910 3455 2308 2187 635 1552 1282 1109 227 149 97 882 7455 584
is_linear=0
shrinkage=0.03


Tree=198
num_leaves=31
num_cat=0
split_feature=8 9 5 3 3 9 3 5 8 8 8 5 7 6 3 6 2 1 1 5 8 9 7 5 7 3 5 7 9 6
split_gain=0.947788 1.12153 1.68122 2.10747 2.44859 3.41857 0.76664 1.29261 1.37804 1.12771 1.11612 1.10514 2.3098 2.83351 2.15612 2.9795 1.48429 1.40129 2.05148 1.924 1.32836 3.14004 1.24535 1.92346 2.44642 1.57514 1.31947 1.17938 2.44406 2.42404
threshold=0.45021394174070833 1.0155149965220709 9.7519667381250326 1.8587041837326816 1.1321806444548983 0.58579757115135633 65.237941142153161 9.9905822583368913 0.0070208588353442838 0.29489646668316777 0.41962054529223752 9.8846869227479388 0.66359041088746584 0.091899747897072018 2.4735777362757299 0.25567780403746815 0.31711569643529802 3.0167876485486071 5.0006115769159463 8.8334627100951071 0.10955932804797305 0.28836133738004083 0.40917062174420432 9.2826145197644383 0.18128517151424914 31.766465241120066 4.6395599436855051 0.72061029328781434 2.8891714323214512 0.3021895254211327
decision_type=10 8 2 8 10 10 8 2 8 10 10 2 2 2 8 2 10 2 2 2 10 10 2 2 2 10 2 2 10 2
left_child=6 2 -2 4 -4 -6 7 8 -1 -8 -9 16 13 -13 15 20 27 22 19 -19 -15 -22 23 26 -25 -24 -18 -10 -29 -30
right_child=1 -3 3 -5 5 -7 9 10 11 -11 -12 12 -14 14 -16 -17 17 18 -20 -21 21 -23 25 24 -26 -27 -28 28 29 -31
leaf_value=-0.00016207797961295805 -0.0003258602607643259 -0.00070682595361260133 -0.00041636951824772781 -0.00049218635727990242 5.3261899811983425e-05 0.0020084065870427359 -3.0017698272712798e-05 -5.8720109172911143e-05 -4.0793916112502401e-05 -0.00062279355024845657 0.00060740319771647152 0.0015649664085337391 -0.00058018309038303858 -0.00032653516865969393 -0.00048404330880043805 0.00071554369495913604 0.011149653445138241 0.00064597608941477033 -0.00073760181574005 0.0021910603078922242 0.001124392735552998 -0.00022804905734006078 -0.00037030737326113392 -6.0374356903502576e-05 0.0012690810340704678 0.00030665925175844008 -0.00066279714155588541 9.9915544483612461e-05 0.0005174910475110807 1.7564965376170449e-05
leaf_weight=810 613 999 46 166 45 43 1766 6308 3551 359 90 61 140 66 145 47 57 82 67 82 43 73 538 45 78 481 141 1113 40 41
leaf_count=810 613 999 46 166 45 43 1766 6308 3551 359 90 61 140 66 145 47 57 82 67 82 43 73 538 45 78 481 141 1113 40 41
internal_value=-0.000171363 -0.000802928 -4.26703e-05 0.00179402 0.00457778 0.00748315 -9.68882e-05 -1.68092e-05 0.000245001 -0.000627941 -0.000331928 0.000382617 0.00164062 0.00271789 0.001728 0.00353478 0.000267848 0.00106679 0.00321983 0.00501818 0.00177049 0.00369231 0.000693512 0.00231988 0.00525 0.000179411 0.000482411 3.15984e-06 0.000818409 0.00581707
internal_weight=18136 1912 913 300 134 88 16224 14099 7701 2125 6398 6891 575 435 374 229 6316 1571 231 164 182 116 1340 321 123 1019 198 4745 1194 81
internal_count=18136 1912 913 300 134 88 16224 14099 7701 2125 6398 6891 575 435 374 229 6316 1571 231 164 182 116 1340 321 123 1019 198 4745 1194 81
is_linear=0
shrinkage=0.03


Tree=199
num_leaves=31
num_cat=0
split_feature=6 0 5 7 6 5 4 5 5 2 5 9 3 0 8 6 5 7 2 7 8 0 7 9 7 0 3 5 7 8
split_gain=0.803614 0.745841 1.16585 1.22897 2.19876 2.02659 1.09165 0.651741 0.665799 1.17579 0.742487 0.602916 0.836889 3.82284 1.50786 1.17851 1.08163 2.12583 0.826687 1.29863 1.44851 1.65178 1.67598 1.20504 0.904587 3.73243 1.86019 1.46761 1.08749 1.27712
threshold=0.3045360134814859 41.491666666666674 7.4166790502870414 0.76251390715872336 0.47388133118783143 9.5309009703603973 1.6368986489176456 11.178598853559183 10.873138934894977 0.23684986764390345 10.558205706138827 0.46781891621898408 1.2563103603487893 1.5928941856072354 0.14927274364853166 0.087587965081088917 10.225099925593325 0.49207900493773443 0.33303579882257939 0.51686360541059229 0.35644647987729755 1.3796600149744689 0.65735121373965322 0.11439574204596888 0.47274543456275669 2.0748237042305986 2.3986605180541392 6.7363734861220914 0.13376981943674532 0.24883673932378655
decision_type=2 10 2 2 2 2 10 2 2 10 2 8 8 10 10 2 2 2 10 2 10 10 2 10 2 10 10 2 2 10
left_child=11 7 6 -4 5 -5 -3 8 10 -10 -2 18 13 14 -13 16 -16 -18 24 -20 21 -21 -23 -24 25 27 -27 -1 -29 -30
right_child=1 2 3 4 -6 -7 -8 -9 9 -11 -12 12 -14 -15 15 -17 17 -19 19 20 -22 22 23 -25 -26 26 -28 28 29 -31
leaf_value=0.0015489179514338522 -0.00018541107488754594 7.0914556258576506e-05 -0.00039665989757167004 2.0310237368302741e-05 -0.00076149364166498083 0.0011365778651226252 0.0012853956344910603 -0.0010175602604539295 0.0015722327170116855 -0.00014370781531756953 -0.00073008649935701571 0.00033149999004409837 -8.8966862344009678e-05 0.0010101150880501054 -5.0078505985722069e-05 -0.00056499958728920582 0.00064511361712632595 -0.0004284292193056017 -3.4792891061139718e-05 -0.00043375724507084014 0.017543292631622822 0.00088430493381020606 -0.00083428900761795119 0.0017287746124861969 -3.5390067259265714e-05 0.00051406741553241696 0.0033569620704019675 -0.00029534265133816692 1.7350537798078048e-06 0.00071253724029986547
leaf_weight=40 4286 60 221 75 87 56 50 131 41 67 228 77 4641 40 217 248 46 40 161 86 45 40 42 46 5018 40 52 175 1505 254
leaf_count=40 4286 60 221 75 87 56 50 131 41 67 228 77 4641 40 217 248 46 40 161 86 45 40 42 46 5018 40 52 175 1505 254
internal_value=-0.000239292 -0.000549878 0.000496363 -0.000197728 0.00139726 0.00384091 0.00324324 -0.000670804 -0.000611292 0.00170642 -0.00066711 -0.000110739 -0.000355368 0.000636771 5.7233e-05 -0.000494566 0.000759868 0.00358621 6.23577e-05 0.00135392 0.00266538 0.0016186 0.00376744 0.00141573 -1.43973e-05 0.000513787 0.0063871 0.000236961 0.000117829 0.000342613
internal_weight=18115 5302 549 439 218 131 110 4753 4622 108 4514 12813 5309 668 628 551 303 86 7504 420 259 214 128 88 7084 2066 92 1974 1934 1759
internal_count=18115 5302 549 439 218 131 110 4753 4622 108 4514 12813 5309 668 628 551 303 86 7504 420 259 214 128 88 7084 2066 92 1974 1934 1759
is_linear=0
shrinkage=0.03


Tree=200
num_leaves=31
num_cat=0
split_feature=6 3 3 3 3 4 3 1 5 12 12 9 5 5 6 5 12 5 6 6 12 9 6 5 11 9 5 12 9 5
split_gain=1.07893 0.973074 0.737786 0.97369 1.28758 1.06978 1.44473 1.00038 1.25375 0.87865 2.02827 1.09164 0.902678 2.00581 1.73927 1.2118 0.795287 1.16097 0.695308 0.921832 1.74646 0.676158 0.756833 0.633947 0.633016 0.601231 0.834843 0.613086 0.599872 0.597717
threshold=0.47954549024946408 1563.5798906828611 50.017422447993916 22.064200178053415 22.880843806796744 2.0868967280244353 1.3408478970078834 2.0555209741912037 9.6160387856443972 0.61262462944290752 0.57293783579111845 -0.21465583007692127 9.8259853617226476 10.064628024258043 0.17831604714542773 9.4314418324267031 0.56195034486396311 7.6360282323874804 0.17831604714542773 0.20774391665445527 0.61013058180236046 0.87514781901813354 0.26212757560639416 8.72037890005919 5.5000000000000009 6.0627381423094837 3.8606743063089755 0.65424641176738074 1.3346544395226663 8.1749844932907632
decision_type=2 10 10 10 10 10 10 2 2 2 2 8 2 2 2 2 2 2 2 2 2 10 2 2 2 8 2 2 10 2
left_child=1 2 3 5 -5 25 7 8 -7 10 11 -6 15 -14 -15 23 -4 -18 -19 20 -20 22 -16 -12 28 27 -27 -1 -13 -26
right_child=-2 -3 16 4 9 6 -8 -9 -10 -11 12 24 13 14 21 -17 17 18 19 -21 -22 -23 -24 -25 29 26 -28 -29 -30 -31
leaf_value=9.2133496234696699e-07 -0.00037637940630129039 0.00035255949664007847 -0.00048696913185720936 0.0011702005355465595 0.00065090332529696665 -0.00051046039684963314 -0.000540819167684163 -0.00011837909202261942 0.00054910250845050901 -9.2462581946018769e-05 0.00056605465789301846 0.00028767310961677552 -0.00067738158914394219 0.001696199545910627 0.00034592678438237999 0.0011386005664061976 0.00063836552190824026 -0.00079448588967562304 0.0013421498691408673 -4.3030286894892344e-05 -0.00025863002712074937 0.0010980986566312021 -0.00093704808999845021 -0.00019527774795549866 0.0010510466310605202 0.0065998410565349056 -0.00061775498242011616 -0.0002938917446913192 -0.0014419098991469326 -0.00031113140680349462
leaf_weight=10947 1453 57 759 66 54 44 803 96 70 500 40 304 80 57 58 74 81 211 40 980 40 72 47 42 51 43 281 188 71 528
leaf_count=10947 1453 57 759 66 54 44 803 96 70 500 40 304 80 57 58 74 81 211 40 980 40 72 47 42 51 43 281 188 71 528
internal_value=-0.000171519 -0.000103207 -0.000116732 -4.0505e-05 0.000566258 -0.000139983 -0.00107397 0.00113744 0.00302609 0.000427488 0.000795131 3.56782e-05 0.00242038 0.00148571 0.00288511 0.00428025 -0.000640626 -0.000203992 -0.000426888 -0.000113102 0.00296296 0.00139888 -0.00014151 0.00173494 -0.000201048 -5.73306e-05 -0.00132923 -2.02055e-05 0.000757978 -0.000822415
internal_weight=18137 16684 16627 14516 2044 12472 1013 210 114 1978 1478 1008 470 314 234 156 2111 1352 1271 1060 80 177 105 82 954 11459 324 11135 375 579
internal_count=18137 16684 16627 14516 2044 12472 1013 210 114 1978 1478 1008 470 314 234 156 2111 1352 1271 1060 80 177 105 82 954 11459 324 11135 375 579
is_linear=0
shrinkage=0.03


Tree=201
num_leaves=31
num_cat=0
split_feature=12 12 3 0 3 3 12 1 0 6 3 6 8 8 12 0 6 9 6 12 12 12 3 1 8 9 8 12 2 12
split_gain=0.65016 0.646729 0.686482 1.02745 0.925271 2.89537 1.25062 1.23907 0.827527 1.14987 0.736869 0.709466 0.68288 0.721455 1.1082 0.770436 1.51264 0.714214 1.59429 0.782532 1.07638 0.899586 0.674553 0.659988 2.08851 1.95526 0.655715 0.976837 0.691807 1.03789
threshold=0.67203978865988201 0.28618474624524021 115.6892197701542 3427.5000000000005 22.064200178053415 22.880843806796744 0.65424641176738074 -0.12847619047619033 1.1045453457592826 0.55736774627033647 2.2951283293990632 0.5743520691097862 0.2877578702234716 0.11227341551765745 0.56195034486396311 1.7607392775126876 0.22175419133928556 1.415660116296116 0.28227605611218737 0.57374848324077909 0.58952922488996695 0.60000737844019791 60.513309279720197 3.7034934832086193 0.10955932804797305 1.415660116296116 -0.27981799337958924 0.61387144290377016 0.27039231885536502 0.55691783182324761
decision_type=2 2 8 10 10 10 2 2 10 2 10 2 10 10 2 8 2 8 2 2 2 2 8 2 8 8 10 2 10 2
left_child=1 22 4 12 8 -6 23 -8 9 26 -11 -10 13 -4 -15 -16 -17 -18 -19 -20 -21 -22 -1 -7 -25 -26 -3 28 29 -28
right_child=-2 2 3 -5 5 6 7 -9 11 10 -12 -13 -14 14 15 16 17 18 19 20 21 -23 -24 24 25 -27 27 -29 -30 -31
leaf_value=-0.0018680152045207803 -0.00032441988259638205 0.0044391276318624809 -0.0003434800986744465 0.00070386885328198908 0.0014997193739409642 -3.4566007623936447e-06 0.0017218109206905306 -0.00020950640065713709 -4.7946987387265345e-05 0.00081555732070946914 0.0047070070647845753 -0.002324931022999448 -0.00053523180448422094 -0.00072742798037717148 -0.0011887388726012202 0.00098558657378933667 -0.00039951528761294531 0.00039254496554857999 0.00082542688619948042 -0.00052567483975214364 0.00040227782266018236 -3.0578497217463516e-05 0.00078131366009434838 -0.00055068776806815791 0.0015522146950433476 -8.4204972718356379e-06 1.5525696184332911e-05 -0.0014422267145121105 -0.0006742158079934028 0.00049838989527564302
leaf_weight=327 287 50 529 44 70 2841 43 40 10340 56 40 149 416 188 58 68 61 40 42 104 58 106 40 55 60 63 1393 89 157 163
leaf_count=327 287 50 529 44 70 2841 43 40 10340 56 40 149 416 188 58 68 61 40 42 104 58 106 40 55 60 63 1393 89 157 163
internal_value=-0.000221438 -0.000198407 -0.000171959 -0.000741692 -0.000109354 0.000347935 0.000210763 0.00382143 -0.000226002 0.000341713 0.00352577 -0.000331459 -0.00086176 -0.000511554 0.000103305 0.000797397 0.00119375 0.000502426 0.00102564 0.000289388 -0.000312268 0.0012 -0.00144294 0.000110264 0.00187709 0.00404032 0.000174851 7.98662e-05 0.000239789 0.000431599
internal_weight=17977 17690 17323 1714 15609 3172 3102 83 12437 1948 96 10489 1670 1254 725 537 479 411 350 310 268 164 367 3019 178 123 1852 1802 1713 1556
internal_count=17977 17690 17323 1714 15609 3172 3102 83 12437 1948 96 10489 1670 1254 725 537 479 411 350 310 268 164 367 3019 178 123 1852 1802 1713 1556
is_linear=0
shrinkage=0.03


Tree=202
num_leaves=31
num_cat=0
split_feature=6 0 7 6 7 9 4 12 1 5 12 5 1 1 9 9 0 0 7 2 5 4 5 6 12 12 12 0 6 7
split_gain=0.872251 1.11154 1.41119 1.34607 1.13521 0.817542 1.50891 0.809503 1.23383 1.13022 1.81691 0.785153 0.755953 0.736512 0.751337 1.49089 1.57042 1.13827 1.28415 1.9121 2.38607 2.9626 1.24635 1.14151 1.5531 1.40758 1.89389 0.832076 0.732987 1.22081
threshold=0.3045360134814859 17.33880840275263 0.78617883741491623 0.61572665746085875 0.46079532936770218 -1.0000000180025095e-35 0.88489314893044402 0.51252847701438997 0.8918546607824156 5.7284737652803868 0.48174267382660113 6.8490657203609322 2.2558805113981091 0.26854679629394851 2.2463158655012534 0.58579757115135633 1.6644586804132715 7.7720753871629418 0.46794816857268601 0.24789668895928221 9.777697544870259 1.4113305322459289 10.41680505541227 0.35580180206347573 0.54496189765895442 0.50262687009729123 0.46091639781348365 3.8667012152667897 0.436521832539361 0.61031554759700957
decision_type=2 8 2 2 2 10 10 2 2 2 2 2 2 2 10 10 10 10 2 10 2 10 2 2 2 2 2 10 2 2
left_child=-1 2 3 11 -3 7 -7 8 -6 -10 -11 -2 -8 -13 15 -15 -17 18 -18 20 -20 -22 23 24 -21 26 -25 -16 29 -29
right_child=1 4 -4 -5 5 6 12 -9 9 10 -12 13 -14 14 27 16 17 -19 19 22 21 -23 -24 25 -26 -27 -28 28 -30 -31
leaf_value=-6.0987744582946034e-06 0.00047482875172016311 -0.00073136741241464054 -0.0011498344195399824 -0.0035478549856221273 -0.0036747401434201639 0.00046168132266616378 -0.0001847087533662284 -5.4636517400639751e-05 0.003489497185647868 -0.0018143813681827273 0.0019780276541514871 -0.00063912558190049734 0.00048510102564063603 -0.00024967435343668375 -0.0010988222150526343 -0.0017487193638809951 -0.00081649571522735877 0.00040776195828789937 -0.00011377691646261564 -2.5207251084693095e-06 0.0015736781804255166 0.00028022924956205261 -0.00051187370152994973 -0.00033089473587081196 0.0012350369307947623 -0.00097782545672533668 0.0013919595729563481 0.0025377731832960937 -0.0015539935973902922 -0.00024811042309284663
leaf_weight=12848 67 321 439 217 61 77 160 635 57 58 50 346 111 1248 242 100 210 52 45 42 56 42 93 65 40 111 54 41 139 87
leaf_count=12848 67 321 439 217 61 77 160 635 57 58 50 346 111 1248 242 100 210 52 45 42 56 42 93 65 40 111 54 41 139 87
internal_value=-0.00017952 -0.000504652 -0.000783517 -0.000570346 0.000176355 0.00059752 0.00182235 0.000100927 0.00163877 0.00298193 0.00115596 -0.000408959 0.000761029 -0.000480757 -0.00031147 -6.66983e-05 0.000856201 0.0012947 0.000996047 0.00175956 0.00472917 0.00733333 0.00070197 0.00161022 0.00462651 0.00051948 0.002775 -0.00134706 -0.000190299 0.00144186
internal_weight=18114 5266 3736 3297 1530 1209 348 861 226 165 108 3080 271 3013 2667 2158 910 810 758 548 143 98 405 312 82 230 119 509 267 128
internal_count=18114 5266 3736 3297 1530 1209 348 861 226 165 108 3080 271 3013 2667 2158 910 810 758 548 143 98 405 312 82 230 119 509 267 128
is_linear=0
shrinkage=0.03


Tree=203
num_leaves=31
num_cat=0
split_feature=12 8 5 3 2 6 8 4 4 0 8 2 12 8 12 12 1 5 5 2 5 3 6 2 12 8 12 12 8 4
split_gain=0.843547 0.628405 0.571228 2.2486 0.963422 0.611011 0.851565 0.969782 0.832107 0.729282 0.946962 1.65116 1.15357 1.80542 1.36276 1.74236 1.29683 1.69573 1.27809 1.1418 1.09832 0.990522 2.33601 0.888736 1.13068 0.86544 0.714069 1.83841 1.4706 1.07446
threshold=0.26326414241160789 0.37470729506273387 4.2903656061101136 1.3181582436261452 0.4379827288074391 0.20509103792858599 0.059740579278258037 2.4187315589620968 2.9792616662540898 1.365615531611938 0.45021394174070833 0.12182362901331585 0.47629938942128053 0.24662603953183673 0.45288442670543788 0.36823337205143225 1.9200242673234713 9.9819983178875535 10.064628024258043 0.27406936931347803 9.2210330002913761 218.68154953853181 0.38660724622087989 0.30863098160432639 0.37867454858586441 0.27194599461280655 0.52715930501342856 0.54223701505997746 -0.027045033472253979 0.041637267759462977
decision_type=2 8 2 8 10 2 8 8 10 8 10 10 2 8 2 2 2 2 2 10 2 10 2 10 2 10 2 2 10 8
left_child=1 -1 3 -2 -5 8 -7 9 26 23 11 25 13 18 15 -15 17 -16 19 -13 -21 -14 -23 -8 -25 -11 29 28 -28 -4
right_child=2 -3 5 4 -6 6 7 -9 -10 10 -12 12 21 14 16 -17 -18 -19 -20 20 -22 22 -24 24 -26 -27 27 -29 -30 -31
leaf_value=0.00088634460563841416 0.0051293500031162611 -0.0037498303937421955 -0.00040395555510877888 -0.0005553125842424903 0.0057043774411894175 -0.00024867700219600623 -0.001114401018044191 -0.00047819744732942055 0.00016982314017024584 0.00015044326306064862 -0.00048694018036561014 -0.00018220079272687447 -4.5699805119174906e-05 0.00057673920002083219 -0.00018660094271608172 -2.9731640918058806e-05 0.0014503443331202626 0.0008663936861985302 -0.0012105821228682876 0.0013644770249279922 6.8613511611226693e-05 0.00063691067960781552 -8.8632189452749876e-05 0.0008993108615294983 -0.00034977531516081994 0.0008241076209233772 0.0018698840464652249 -3.6688315073536849e-06 0.00014245067640925992 -1.3915326477232713e-05
leaf_weight=49 42 228 299 109 76 979 305 474 59 48 943 173 5056 46 84 245 90 75 174 46 66 71 229 42 74 40 45 3155 690 4119
leaf_count=49 42 228 299 109 76 979 305 474 59 48 943 173 5056 46 84 245 90 75 174 46 66 71 229 42 74 40 45 3155 690 4119
internal_value=-0.00016231 -0.00180216 -0.000136769 0.00135526 -8.06459e-05 -0.000156059 -0.00032394 -0.000224946 2.97555e-05 -0.000144852 -7.55388e-05 5.44686e-05 -2.36069e-06 0.000932999 0.00210721 0.000708903 0.003732 0.00208125 -0.000450001 0.000786713 0.00313274 -0.000176965 0.00149502 -0.00135782 0.000871794 0.00411236 4.33194e-06 0.000300693 0.00165081 -0.00025662
internal_weight=18131 277 17854 227 185 17627 9260 8281 8367 7807 7386 6443 6355 999 540 291 249 159 459 285 112 5356 300 421 116 88 8308 3890 735 4418
internal_count=18131 277 17854 227 185 17627 9260 8281 8367 7807 7386 6443 6355 999 540 291 249 159 459 285 112 5356 300 421 116 88 8308 3890 735 4418
is_linear=0
shrinkage=0.03


Tree=204
num_leaves=31
num_cat=0
split_feature=9 4 12 7 2 6 7 7 7 6 1 3 3 6 4 3 12 3 3 6 3 0 7 6 6 6 4 6 1 2
split_gain=0.957912 1.00891 0.908541 1.6296 2.06398 1.92241 1.34266 2.095 2.86456 1.90598 1.98965 1.56326 1.49439 1.33228 1.40132 1.43175 1.38307 1.14181 1.27177 1.10796 0.961625 1.11145 1.13537 2.59474 0.928597 2.3866 2.37698 1.14664 0.880771 0.819798
threshold=0.64149092609811242 -0.38538874172041621 0.52861531192314393 0.67142721295405694 0.46854549350102298 -0.0075719317799949329 0.61653866360386422 0.47274543456275669 0.31114872383934139 0.1546905031980961 1.1148049244247618 1.3739665821860874 1.8227734051377682 0.30011135839598074 0.7340497051224093 2.5201930089965781 0.57205967186630102 1.3789430240006428 1.7165139433807073 0.12795820417308071 7.2737120549055527 3.5242931145213636 0.56804622626849643 0.17692322689454357 0.21316391768807644 0.2898376437242583 1.4991906940339581 0.24618989906282709 -0.22475732476898796 0.14897757817909948
decision_type=8 10 2 2 10 2 2 2 2 2 2 10 10 2 10 10 2 8 10 2 10 10 2 2 2 2 10 2 2 10
left_child=2 -2 -1 5 -5 -4 7 8 -7 10 19 -10 -13 14 28 -16 -15 -11 -19 29 -9 22 -22 -24 -20 26 27 -26 -14 -8
right_child=1 -3 3 4 -6 6 9 20 11 17 -12 12 13 16 15 -17 -18 18 24 -21 21 -23 23 -25 25 -27 -28 -29 -30 -31
leaf_value=-3.3753121278419551e-05 0.00026742948793631062 -9.8123478611197816e-05 0.0028779267127308199 -8.3311208700198036e-05 0.00096464590703780508 -0.00018582419245091676 0.0006418526770840538 -0.00020983873869470312 0.00068208853160751427 0.00016413798447249795 0.01302610244483763 -0.00024505464552564235 0.00077338126025547067 -0.00082605078835093048 0.00086353691833615683 -0.001055927369369732 0.00048147845908745477 -0.00092738791335499299 -0.00014658481666048355 0.00070231239682601906 1.5833706701153189e-05 -0.00078372583240591675 -2.2188670467154867e-05 0.0011237596695031196 0.0010863205851546918 -0.00045310163200910805 -3.4391418852981646e-05 0.0010830056876277635 0.0026318067931107897 -0.00085145888200782466
leaf_weight=6141 81 7254 63 1738 42 236 82 800 62 42 44 139 58 73 74 52 43 99 153 55 115 98 42 48 40 90 46 40 68 43
leaf_count=6141 81 7254 63 1738 42 236 82 800 62 42 44 139 58 73 74 52 43 99 153 55 115 98 42 48 40 90 46 40 68 43
internal_value=-0.000155496 -0.000419166 2.65355e-05 0.000351092 -0.000353735 0.000814855 0.000690124 0.000270298 0.001433 0.00177959 0.00408 0.00258421 0.00202559 0.00302439 0.00424506 0.00198425 0.000358974 0.000763209 0.000332622 0.00265193 -0.000578805 0.000858552 0.00211165 0.00461538 0.00114324 0.00240553 0.00505512 0.00814815 0.00647244 0.00107143
internal_weight=17961 7335 10626 4485 1780 2705 2642 1908 805 734 224 569 507 368 252 126 116 510 468 180 1103 303 205 90 369 216 126 80 126 125
internal_count=17961 7335 10626 4485 1780 2705 2642 1908 805 734 224 569 507 368 252 126 116 510 468 180 1103 303 205 90 369 216 126 80 126 125
is_linear=0
shrinkage=0.03


Tree=205
num_leaves=31
num_cat=0
split_feature=6 3 12 3 3 7 6 6 8 7 12 1 3 3 7 9 3 9 9 6 2 7 5 5 5 2 9 5 6 7
split_gain=0.954321 1.07136 0.855217 1.20911 1.11984 1.27016 1.44902 2.16591 3.5392 1.20475 0.743335 1.00815 1.13174 0.941078 1.60572 1.24193 1.14862 1.3068 1.01734 1.08542 1.39619 0.881516 1.43006 1.39067 1.3757 1.75412 1.34704 2.08199 1.03138 0.752205
threshold=0.19472882601052091 115.6892197701542 0.57135230075797783 2.3986605180541392 119.87480644909078 0.82144523439235739 0.61572665746085875 0.2898376437242583 0.29291537296484044 0.78617883741491623 0.57718582737325641 1.7796868359271241 54.897731936672848 15.132041929039275 0.4345781203557772 0.71702132612416236 9.0179759808402693 0.50180030127641739 0.24177599892340493 0.24477115269374664 0.27282975265839388 0.73867285663626636 9.3936198023288568 10.407771827802772 8.0294327875302809 0.29337321801560851 4.6494895816623254 10.081612816979833 0.36510725631015456 0.79968310786915997
decision_type=2 10 2 10 8 2 2 2 8 2 2 2 10 10 2 8 10 10 10 2 10 2 2 2 2 10 8 2 2 2
left_child=1 -1 4 -4 5 9 7 8 -7 -2 11 12 -5 14 15 -12 18 -18 -16 -20 -21 24 -23 26 25 -15 27 28 -24 -28
right_child=2 -3 3 10 -6 6 -8 -9 -10 -11 13 -13 -14 21 16 -17 17 -19 19 20 -22 22 23 -25 -26 -27 29 -29 -30 -31
leaf_value=1.3442858619466439e-05 -9.8440855021033019e-05 -0.00053219208475272558 -0.00056559169326643466 0.00031023348730299807 -0.0008000995717680361 -0.0012593154955454976 0.0023156761784794326 -0.00040489268346037728 0.00075792124719843506 -0.0012104168372104769 0.0036173474013451059 -0.00029120238405682108 0.00088898540292238503 0.0059638327794707038 -0.00039564033722105799 0.00065288269295110581 0.0012008019269555434 4.7148041073304341e-05 -0.00019543260501805507 0.00036693757432482377 1.5758214340118104e-05 -0.00013670654705655156 -3.8966251287540641e-05 -0.00013546069414310414 -0.00028043270762283078 -0.00048644244605751744 -0.00026115837580864125 0.00082237964816227497 0.00087888768342132936 0.00010104514091376624
leaf_weight=7582 6061 311 343 106 529 48 64 202 49 335 40 84 64 45 154 41 58 81 71 44 59 259 85 140 899 51 55 72 46 111
leaf_count=7582 6061 311 343 106 529 48 64 202 49 335 40 84 64 45 154 41 58 81 71 44 59 259 85 140 899 51 55 72 46 111
internal_value=-0.000168989 7.86666e-05 -0.000360695 7.42516e-05 -0.00053423 -0.00043003 0.00129396 0.000409999 0.00407143 -0.000528061 0.000298129 0.00183529 0.00315789 0.000128459 0.00121311 0.00508537 0.000532051 0.00280714 -0.000437691 0.00113143 0.00308654 -0.000209184 0.000553965 0.00147647 -0.000798193 0.00259794 0.00244054 0.00407353 0.00179545 0.000431137
internal_weight=18089 7893 10196 2908 7288 6759 363 299 97 6396 2565 254 170 2311 548 81 467 139 328 174 103 1763 768 509 995 96 369 203 131 166
internal_count=18089 7893 10196 2908 7288 6759 363 299 97 6396 2565 254 170 2311 548 81 467 139 328 174 103 1763 768 509 995 96 369 203 131 166
is_linear=0
shrinkage=0.03


Tree=206
num_leaves=31
num_cat=0
split_feature=6 6 7 1 8 5 7 7 5 9 8 12 9 12 8 12 7 5 7 3 5 3 3 5 6 12 7 3 7 12
split_gain=0.606458 0.53616 0.836345 0.834537 1.60348 0.816227 1.3074 1.29265 1.23728 0.80263 1.49963 0.79626 1.12849 1.49212 3.56992 0.929365 1.53997 1.8425 1.14604 1.93877 1.62754 1.11581 1.98954 1.53495 1.22922 1.43182 0.880576 0.886684 2.04827 1.58739
threshold=1.3470250903552214 0.20226382058790107 0.82764301768011317 2.3996135720375116 0.37862843007394725 9.7216958548922587 0.69665339051926345 0.68498025681446018 10.446930403480801 0.64149092609811242 0.10537827102438772 0.52715930501342856 1.9489238613711175 0.62156833329163497 0.28530928204768741 0.54223701505997746 0.58078445142284241 10.799106078932304 0.43075357089990091 1.5109412824409787 9.1486245285813155 42.697499843340083 50.017422447993916 10.437975989573752 0.17831604714542773 0.63129839907857022 0.69375292228746066 1.1619781866277321 0.47567548873174131 0.39100629057196373
decision_type=2 2 2 2 8 2 2 2 2 8 10 2 10 2 10 2 2 2 2 10 2 10 10 2 2 2 2 10 2 2
left_child=1 2 3 11 5 6 9 -7 -9 10 -5 26 15 14 -14 16 17 18 -13 -20 -21 -17 23 -23 25 -24 27 28 29 -1
right_child=-2 -3 -4 4 -6 7 -8 8 -10 -11 -12 12 13 -15 -16 21 -18 -19 19 20 -22 22 24 -25 -26 -27 -28 -29 -30 -31
leaf_value=0.00076666529503667394 -0.014630801968600201 -7.5330053572437094e-05 -0.00035295889645570557 0.00020783337363571684 0.0010037715786870018 -0.00022321795477452209 -0.00016462058908523893 -0.0002892136986266482 0.00088841395502919603 0.0002046967776575566 0.0071840028310809602 -4.2619388985452105e-05 0.0012598729544386496 -0.00014606164835750544 3.2084220418848883e-05 -5.3653882998896633e-05 -9.6461287108711273e-05 0.00034552473404381872 0.0010247445787349599 0.0019671319128498105 -0.00049922107225376232 0.002497188308450349 -0.00067677879017361139 3.9765296685422645e-05 0.00081755892092455398 0.010597706628969906 5.0861364862200172e-05 -0.00018289273012187454 -0.00043798151356498502 4.120755473402136e-05
leaf_weight=72 73 9699 275 46 48 272 86 40 61 49 46 132 40 54 63 2265 349 41 42 40 58 59 146 42 50 46 816 2098 369 604
leaf_count=72 73 9699 275 46 48 272 86 40 61 49 46 132 40 54 63 2265 349 41 42 40 58 59 146 42 50 46 816 2098 369 604
internal_value=-0.000249033 -0.000237882 -6.10115e-05 -5.22785e-06 0.00102619 0.000599001 0.00201316 -0.000264707 0.00261765 0.00378169 0.00541935 -9.58448e-05 0.000238914 0.00271519 0.00481731 0.000119229 0.00112217 0.0026465 0.00173626 0.00361702 0.00127273 -0.000135685 0.00145639 0.00497059 -2.46921e-05 -0.00111917 -0.000385607 -0.00061355 0.000100382 0.00108124
internal_weight=18081 18008 8309 8034 648 600 227 373 101 141 92 7386 3427 157 103 3270 662 313 272 140 98 2608 343 101 242 192 3959 3143 1045 676
internal_count=18081 18008 8309 8034 648 600 227 373 101 141 92 7386 3427 157 103 3270 662 313 272 140 98 2608 343 101 242 192 3959 3143 1045 676
is_linear=0
shrinkage=0.03


Tree=207
num_leaves=31
num_cat=0
split_feature=13 8 9 5 12 7 1 7 9 7 12 7 12 0 12 2 5 0 7 0 12 9 8 0 7 7 5 7 2 8
split_gain=0.604633 0.636521 0.978439 1.79284 1.8905 1.61525 2.40424 1.045 1.02947 0.912712 1.2112 1.55001 1.53506 1.25987 1.0896 1.07351 1.26001 2.2827 1.78053 1.22672 1.40814 1.34675 1.12707 1.11865 1.56258 2.6797 1.93498 1.73985 1.03637 1.95924
threshold=1.3470250903552212 0.059740579278258037 0.45202403323958806 9.3936198023288568 0.50521206561796139 0.52270910402564896 0.77501978250090853 0.35788803882542025 -0.21465583007692127 0.47274543456275669 0.55481705004116644 0.20575840433426176 0.60885163718642732 7.7720753871629418 0.4975184887713105 0.24537228748576492 7.9731553740730181 1.3890888240694144 0.67777280223289049 3.2086876422596062 0.55894455337399418 1.415660116296116 0.16926744793440948 1.6821275347385154 0.72061029328781434 0.75900462734085805 9.6160387856443972 0.56956579898425186 0.32646611586798441 0.28530928204768741
decision_type=2 8 8 2 2 2 2 2 10 2 2 2 2 10 2 8 2 10 2 10 2 10 8 10 2 2 2 2 8 8
left_child=1 -1 3 4 8 6 7 -6 -3 10 -4 12 -12 -13 28 19 17 -17 -19 -16 -21 -22 23 -18 27 -26 -27 -25 -11 -30
right_child=-2 2 9 -5 5 -7 -8 -9 -10 14 11 13 -14 -15 15 16 22 18 -20 20 21 -23 -24 24 25 26 -28 -29 29 -31
leaf_value=-9.0663180461892333e-05 -0.014593958080404722 0.0024361066134819948 -0.00046682847219208401 -2.2536375414372043e-05 -0.00061968970201262271 0.00023298452080832202 0.0013001155085563122 0.0012209835605954992 -1.1596829953169997e-05 3.8359663560543038e-06 0.0026648125678359362 -0.00032541275431529428 5.4013320991138705e-05 0.00033123063801940875 -8.866871331372764e-06 -0.00074667261120913494 -0.00034412156571914332 0.0011201943118713668 0.00023196382078452638 0.0014440115261120561 -0.00022630036035394281 0.0003399452749898155 -0.00034961675382820306 0.00048453064743074925 0.0015377717640473335 -0.0001387306405156493 0.00079196379992468641 -0.00035785014563767992 0.0018365938674827686 0.00016726640598239929
leaf_weight=3116 70 66 1667 4515 47 549 77 67 977 1141 43 378 53 64 1750 196 139 41 84 63 131 65 1943 41 44 53 41 149 80 444
leaf_count=3116 70 66 1667 4515 47 549 77 67 977 1141 43 378 53 64 1750 196 139 41 84 63 131 65 1943 41 44 53 41 149 80 444
internal_value=-0.00019464 -0.000183746 -0.000102221 0.000181933 0.000987107 0.00214575 0.00451562 0.00172174 0.000163792 -0.000310069 -0.000836356 0.000400741 0.00383505 -0.000352145 -0.000128786 -0.000360684 -0.000747805 0.00101553 0.00416667 0.000165671 0.00208846 0.000822334 -0.000982995 0.000339743 0.00129483 0.00371223 0.000821052 -0.000471205 0.000531212 0.00163429
internal_weight=18094 18024 14908 6298 1783 740 191 114 1043 8610 2205 538 96 442 6405 4740 2731 321 125 2009 259 196 2410 467 328 138 94 190 1665 524
internal_count=18094 18024 14908 6298 1783 740 191 114 1043 8610 2205 538 96 442 6405 4740 2731 321 125 2009 259 196 2410 467 328 138 94 190 1665 524
is_linear=0
shrinkage=0.03


Tree=208
num_leaves=31
num_cat=0
split_feature=3 6 8 3 3 9 7 7 0 2 12 12 3 2 9 12 2 12 11 12 8 7 7 2 0 2 0 8 8 9
split_gain=0.86714 0.91234 0.735739 0.855714 2.05181 1.12979 1.96807 2.58398 1.71789 2.00513 1.52254 1.09539 1.44065 0.89743 2.52506 1.03966 1.21058 1.69012 0.775775 1.18891 0.957264 1.01427 0.764258 0.753672 0.707238 0.71778 1.00191 1.11405 1.91614 0.660416
threshold=86.871217950292163 0.68790237325945658 0.019183085926522892 22.064200178053415 22.880843806796744 0.46781891621898408 0.62987828856862149 0.60166664847255136 1.6644586804132715 0.27406936931347803 0.50052225390152427 0.58042086904645485 51.907025329674006 0.207814447529129 0.99848436587174783 0.47448795862900617 0.33473722511588827 0.45835578731587739 9.5000000000000018 0.54223701505997746 0.20269929079533502 0.63880469135916351 0.29790852892118719 0.38004114843222664 1812.5000000000002 0.38996718912200307 8.2866341649580999 0.24506426376674445 0.29952305151184372 0.070157475499049868
decision_type=8 2 8 10 10 8 2 2 10 10 2 2 10 10 10 2 10 2 2 2 10 2 2 10 10 10 8 10 10 8
left_child=1 2 29 -4 -5 6 7 11 9 -8 -11 12 -6 14 -7 16 -15 -18 22 -20 -21 -22 -17 -10 25 26 -2 -28 -29 -1
right_child=24 -3 3 4 5 13 8 -9 23 10 -12 -13 -14 15 -16 18 17 -19 19 20 21 -23 -24 -25 -26 -27 27 28 -30 -31
leaf_value=8.3930085752368954e-07 -0.00013333777924777194 -0.0023549047613583103 -2.394933045251897e-05 0.00080126928270546664 0.001124388581412116 -0.00021606684364119228 -0.00015842363281610535 0.0025557437344387412 -0.00058863354785109357 4.6165543926474285e-06 0.0017976349582717959 -0.00022793392148608041 -2.905906329469107e-05 -0.0011082242523409891 0.002775234147933479 0.00028988713463175015 3.1584616871362803e-05 0.0013224485424064561 -0.00072497204777657431 -2.1499778350484944e-05 0.0010138521192552042 0.00016219039754421081 -0.00034219279831721952 0.0010486148393927567 0.00035348709042498536 -0.00059942248505335258 -5.7002878218388149e-05 0.00071744308786713675 -6.3239442947431333e-05 -0.00021053102624948703
leaf_weight=625 948 366 11477 60 68 82 132 76 272 67 79 75 69 56 56 62 90 42 88 76 41 58 1083 54 78 576 178 41 52 1001
leaf_count=625 948 366 11477 60 68 82 132 76 272 67 79 75 69 56 56 62 90 42 88 76 41 58 1083 54 78 576 178 41 52 1001
internal_value=-0.000194354 -0.000123484 -8.91077e-05 -1.96985e-05 0.000462225 0.000335743 0.00120269 0.00323875 0.000228098 0.00195699 0.00436735 0.00152113 0.00310869 -0.000110664 0.00220144 -0.000311835 0.00177778 0.00333835 -0.00059191 0.000874999 0.00230114 0.00423 -0.00092932 -0.00124771 -0.00080523 -0.000927061 -0.000513935 0.00109191 0.00373404 -0.000693301
internal_weight=18028 16155 15789 14163 2686 2626 892 288 604 278 146 212 137 1734 138 1596 188 132 1408 263 175 99 1145 326 1873 1795 1219 271 93 1626
internal_count=18028 16155 15789 14163 2686 2626 892 288 604 278 146 212 137 1734 138 1596 188 132 1408 263 175 99 1145 326 1873 1795 1219 271 93 1626
is_linear=0
shrinkage=0.03


Tree=209
num_leaves=31
num_cat=0
split_feature=3 4 12 8 6 12 4 8 4 12 4 3 0 8 5 9 9 5 5 4 12 9 0 5 12 9 9 4 5 3
split_gain=0.826046 0.845209 0.933194 0.926167 1.60691 0.83145 0.650439 0.576555 0.774855 0.660229 0.572197 0.569026 1.11588 1.18057 3.11479 2.20095 2.56358 1.32253 1.28697 1.04223 0.976882 1.06233 1.38281 1.34632 1.49985 2.5004 1.16068 1.56316 0.962906 0.877666
threshold=86.871217950292163 -0.084720568211869615 0.28618474624524021 0.17116098884739378 0.17293226546707 0.43027477600231462 0.60937546361051032 0.29489646668316777 0.44746111563927382 0.51669348469385146 -0.4710394087353838 2.3663689654504005 2.2279025452565677 0.39136906393380205 9.777697544870259 1.0703048245228526 0.60587791958002724 3.8606743063089755 10.467138047126099 1.4487680683700963 0.55972584879017628 0.04464538463205274 1.1786867257784881 10.534732732925947 0.52286474349857925 -0.084626793763950853 1.1079415857098416 0.98481753894759771 11.578010707236436 2.5414461035512503
decision_type=8 10 2 8 2 2 10 10 8 2 10 8 10 8 2 10 10 2 2 10 2 8 10 2 2 10 10 10 2 10
left_child=1 3 -3 4 10 6 -2 9 -9 -7 -1 12 13 20 17 16 19 -15 -18 -16 21 22 -4 24 -24 -26 -23 -28 -22 -13
right_child=5 2 11 -5 -6 7 -8 8 -10 -11 -12 29 -14 14 15 -17 18 -19 -20 -21 28 26 23 -25 25 -27 27 -29 -30 -31
leaf_value=0.00021577599401950332 -0.00010239596013909492 -0.001834262483822444 -0.00014335238987962771 -3.2050915096791325e-05 -7.6060562756384624e-05 -0.0010787906943988095 0.0012335927681035349 0.00025348339806919191 -0.00064423260513941428 -4.4678006267106789e-05 0.00037903661466356806 0.00031825700091940557 -0.00054101587958614692 0.0037383735451695208 0.00023763331567332044 -0.00063496942966503726 0.0019815932523689736 -0.00025903120235382701 0.0006323668669582684 0.00063731263862302513 -0.00025419029738863759 -8.4698604614181849e-05 0.00013704371486009421 -0.00018346500473772251 9.6275209664063084e-05 0.00077085026869054974 0.0016885610311464852 -1.3800463993082158e-06 0.00013170998854270487 7.8868909858649145e-07
leaf_weight=66 40 326 264 286 99 174 48 52 385 1188 127 532 669 55 149 70 51 626 41 45 886 4677 275 109 43 54 70 139 60 6415
leaf_count=66 40 326 264 286 99 174 48 52 385 1188 127 532 669 55 149 70 51 626 41 45 886 4677 275 109 43 54 70 139 60 6415
internal_value=-0.000148319 -7.88355e-05 -0.000120718 0.00104663 0.00223208 -0.000742056 0.00208989 -0.000881667 -0.00182877 -0.00057667 0.00381959 -8.66661e-05 -0.000254588 -0.000151281 0.000789017 0.00305882 0.004223 -0.000400294 0.00832258 0.00224615 -0.000299636 -0.000149681 0.000904825 0.001861 0.0027185 0.00590816 -0.000310621 0.00187143 -0.00119113 0.000113557
internal_weight=18021 16134 15556 578 292 1887 88 1799 437 1362 193 15230 8283 7614 1037 356 286 681 92 194 6577 5631 745 481 372 97 4886 209 946 6947
internal_count=18021 16134 15556 578 292 1887 88 1799 437 1362 193 15230 8283 7614 1037 356 286 681 92 194 6577 5631 745 481 372 97 4886 209 946 6947
is_linear=0
shrinkage=0.03


Tree=210
num_leaves=31
num_cat=0
split_feature=6 1 4 1 5 7 12 5 1 1 9 7 7 8 8 9 5 7 2 9 2 4 5 2 5 5 2 4 12 4
split_gain=0.676422 1.27299 0.940841 0.734629 0.758509 0.716957 0.705014 0.641548 0.650574 0.621096 1.35779 0.619213 0.611602 2.2992 1.4805 1.49225 1.34378 1.12138 0.966831 1.19021 0.886175 0.856434 1.29877 0.836397 0.893581 1.09096 1.3765 0.894706 0.889284 0.954498
threshold=0.28227605611218737 5.7988409000321441 1.5843611036425262 0.098737824831568829 5.0434043048315838 0.84979219657299832 0.20941806217512135 11.178598853559183 0.3281624460969752 0.40508338365174834 0.69332374462510782 0.13918493739625848 0.71367137232740341 -0.11558925516959305 0.12461629190612961 3.3034920232331162 10.951560642843718 0.74981696182354274 0.20332230521120279 0.37042594884187757 0.2835127026656894 2.8229471893478384 9.8464408915525699 0.22121282174950754 9.3549600578419625 8.5215835198923759 0.26316825075382305 1.6368986489176456 0.55894455337399418 1.1031613472240214
decision_type=2 2 10 2 2 2 2 2 2 2 10 2 2 10 10 8 2 2 10 10 10 10 2 10 2 2 10 10 2 10
left_child=1 3 -3 5 -5 11 -2 8 -8 10 -10 -1 21 -14 17 16 23 18 19 -15 -20 -6 -23 -16 25 27 -27 -25 -26 -30
right_child=6 2 -4 4 12 -7 7 -9 9 -11 -12 -13 13 14 15 -17 -18 -19 20 -21 -22 22 -24 24 28 26 -28 -29 29 -31
leaf_value=-0.00033516474104681283 -0.009479989585026969 -1.2861432239291567e-05 0.0012071035482442887 0.0035322602509146499 -7.8646826187609448e-05 -0.00052782776898662104 -0.00036346113472095643 -0.00072782050450163904 -9.1477025699571244e-06 -6.4942761939864083e-05 0.00075082313175216665 4.4737408729179824e-05 0.00067723621545795715 -4.9931587464471397e-05 -0.00010182333903984939 0.00047534841368275537 0.0013772565372991328 -0.00039482333329875479 -0.00078492366526280457 0.00046929736070995727 0.0010576906802637219 -0.00073520614105685388 0.00071020663493393899 0.00043837914701211095 -0.0006189540972305383 0.00014335154073594677 0.0040663580717333085 -0.0017920411115586031 -4.7853493720723848e-05 0.00058672000905897373
leaf_weight=121 99 44 43 45 6451 92 856 166 117 4837 47 3040 50 84 600 62 62 405 126 56 44 68 41 59 123 73 43 64 83 74
leaf_count=121 99 44 43 45 6451 92 856 166 117 4837 47 3040 50 84 600 62 62 405 126 56 44 68 41 59 123 73 43 64 83 74
internal_value=-0.000214927 -8.35711e-05 0.00351136 -0.000110222 -0.000255283 0.000273816 -0.000471338 -0.000429782 -0.000377433 -0.000246502 0.00156364 0.000350094 -0.000275879 0.000182179 1.8376e-05 0.00064389 0.000403553 -0.00106844 0.000289388 0.00212766 -0.00122807 -0.000416096 0.00220909 0.000163392 0.00104423 0.0023875 0.00446154 0.00041129 -0.000106762 0.00138608
internal_weight=18075 11953 87 11866 8613 3253 6122 6023 5857 5001 164 3161 8568 2008 1958 1243 1181 715 310 140 170 6560 109 1119 519 239 116 123 280 157
internal_count=18075 11953 87 11866 8613 3253 6122 6023 5857 5001 164 3161 8568 2008 1958 1243 1181 715 310 140 170 6560 109 1119 519 239 116 123 280 157
is_linear=0
shrinkage=0.03


Tree=211
num_leaves=31
num_cat=0
split_feature=3 8 12 5 8 12 12 5 3 6 9 4 5 1 2 0 12 12 3 3 5 0 3 9 2 5 8 0 3 3
split_gain=0.726595 1.33552 0.736866 0.616726 0.854991 1.74242 1.35577 1.26323 2.21004 1.07977 2.85885 0.957502 0.933683 1.59242 1.05259 0.9092 1.16162 2.40725 0.934698 2.03368 2.39379 0.778983 1.56853 2.13184 0.749536 0.783212 0.742443 1.01024 0.739251 1.92723
threshold=110.57341255182855 0.29489646668316777 0.26326414241160789 10.07223827379681 0.27603951118311504 0.39100629057196373 0.44846862205348553 10.785466303638989 1.4021150561441782 0.11125510603628543 0.82927343820360555 0.071776623885023469 11.178598853559183 0.84844889097157161 0.23020994534209235 1.1151223668124659 0.54223701505997746 0.52635687618945792 2.3663689654504005 2.5059965044000072 10.467138047126099 1.5928941856072354 31.387760453727761 0.46781891621898408 0.18440111244467192 10.136878404430522 -0.085868421738635334 1.5601439894840066 1.2304521311909113 1.3691349217661499
decision_type=10 10 2 2 10 2 2 2 10 2 10 10 2 2 10 10 2 2 10 10 2 10 10 10 8 2 10 10 10 10
left_child=2 -2 -1 -4 6 -6 -5 9 -9 10 -7 -8 13 -10 -15 16 17 28 26 20 -20 22 -21 -24 -11 -26 27 -17 -13 -30
right_child=1 -3 3 4 5 7 11 8 12 24 -12 15 -14 14 -16 18 -18 -19 19 21 -22 -23 23 -25 25 -27 -28 -29 29 -31
leaf_value=-0.0016198279746702188 -3.7403650453681003e-05 -0.00063525775628434479 8.4163389623234741e-06 -0.00045041883211661174 0.00043388572304339128 -0.00030255600762582352 0.00016210998167395644 0.0013857165524231467 -0.00041676591622462735 -0.00056039791771931072 0.00064147425064958231 -0.00013055984732986852 -0.00048473878572330355 0.001311228016617578 7.058220898283025e-05 0.00055335046898515581 -0.00024062518073119234 0.00057414680128615536 -0.00089537159677815505 -2.0274591499768859e-05 0.00086176968700084604 -0.00015354066477271948 0.0019082640717682389 -4.0833933377868431e-05 0.000343744880930965 -0.00035378029761926765 -0.00023630724263153219 -1.9396324095202659e-05 0.00092808094442732982 -0.00060066708444974476
leaf_weight=272 1307 393 9909 401 77 101 319 65 56 208 51 165 101 40 42 40 104 41 45 276 70 1241 58 51 55 378 2128 69 47 44
leaf_count=272 1307 393 9909 401 77 101 319 65 56 208 51 165 101 40 42 40 104 41 45 276 70 1241 58 51 55 378 2128 69 47 44
internal_value=-0.000185735 -0.000776015 -0.000124704 -9.86227e-05 -0.000331368 0.000398297 -0.000499412 9.01632e-05 0.00173115 -0.000540303 0.00172549 -0.000356247 0.000387499 0.00198561 0.00462651 -0.000471919 0.000888059 0.00184228 -0.000609199 -8.78308e-05 0.00375 -0.000361402 0.000816061 0.00384545 -0.00107944 -0.00036636 -0.00101475 0.00139091 0.000747081 0.00290217
internal_weight=18154 1700 16454 16182 6273 1174 5099 1097 304 793 152 4698 239 138 82 4379 401 297 3978 1741 115 1626 385 109 641 433 2237 109 256 91
internal_count=18154 1700 16454 16182 6273 1174 5099 1097 304 793 152 4698 239 138 82 4379 401 297 3978 1741 115 1626 385 109 641 433 2237 109 256 91
is_linear=0
shrinkage=0.03


Tree=212
num_leaves=31
num_cat=0
split_feature=6 1 5 5 3 5 7 7 5 5 7 12 5 1 5 8 5 8 7 8 2 3 7 7 5 6 2 5 1 7
split_gain=0.635329 0.775835 0.819298 0.946421 1.26771 2.81149 0.949832 0.835997 1.04773 1.16911 1.55442 0.799652 1.3935 2.72424 1.09188 0.719161 0.678564 0.878264 0.955393 0.776948 1.37907 1.00186 0.892951 1.82476 1.15293 0.914546 1.34237 1.58663 0.864169 1.02762
threshold=0.083083906240315045 -1.7210406403926457 9.8846869227479388 10.833020220463881 5.7278510053174392 10.368541451562812 0.085145677968841108 0.37516949025176755 9.164872182560039 8.9613660277206009 0.69665339051926345 0.47815933025075802 7.8543805330358687 0.74279354764177874 6.7363734861220914 -0.13675207921162955 10.027142203153319 0.27194599461280655 0.89897156607438566 0.21564484562714287 0.40441119240661605 1.518741257858381 0.83472947248246265 0.76768097067654995 9.4424436638760749 0.23336206282884667 0.30465181966971872 8.6911464844163806 1.7599254415720209 0.56577582480957345
decision_type=2 2 2 2 10 2 2 2 2 2 2 2 2 2 2 8 2 10 2 10 8 10 2 2 2 2 10 2 2 2
left_child=1 -1 7 4 6 -6 -4 -3 9 11 -11 12 14 -14 -9 -2 17 18 19 28 21 -21 23 24 25 -23 -27 -28 29 -17
right_child=15 2 3 -5 5 -7 -8 8 -10 10 -12 -13 13 -15 -16 16 -18 -19 -20 20 -22 22 -24 -25 -26 26 27 -29 -30 -31
leaf_value=0.001436225187387023 0.00016601726970770866 -0.00053587290472275153 0.00077315558762461984 -8.0758345133749286e-05 0.0019347829516097417 -1.5492138615174121e-05 6.2354411355983788e-05 0.00095414357231127559 -0.00030886762076106093 0.00098987201177404283 -9.3651893599487485e-05 -0.00011644769144504336 0.004093767693981753 -0.00063796651738861807 -0.00082422691107246135 0.00016523120438671193 -7.2114960603360901e-05 -0.00012469198487290016 -0.00086888807087556752 -0.00011662742099250322 -0.0012122798452633293 0.00098921458105828068 -0.00030502297076378929 0.0013142856908030735 1.3549474945772122e-05 -0.00037637296514365058 -0.00092224644410495902 0.0019777331353025298 -9.7595126474456223e-05 -3.3001283116741576e-05
leaf_weight=64 181 337 44 186 50 50 641 135 354 61 41 351 40 46 93 1482 6098 3240 123 205 87 98 43 79 260 76 45 55 1364 2037
leaf_count=64 181 337 44 186 50 50 641 135 354 61 41 351 40 46 93 1482 6098 3240 123 205 87 98 43 79 260 76 45 55 1364 2037
internal_value=-0.000171315 0.000273055 0.000186419 0.00086111 0.00131679 0.00445544 0.000852769 -0.000263195 0.000131015 0.000753906 0.00372815 0.000292792 0.00139048 0.00462069 0.000157205 -0.000242924 -0.00026522 -0.000102448 0.000113853 0.000169238 0.000954688 0.00131902 0.00189041 0.00218404 0.00154766 0.00290182 0.00159322 0.00386139 1.65841e-05 0.000265056
internal_weight=17966 2493 2429 971 785 100 685 1458 1121 767 102 665 314 86 228 15473 15292 9194 5954 5831 948 861 656 613 534 274 176 100 4883 3519
internal_count=17966 2493 2429 971 785 100 685 1458 1121 767 102 665 314 86 228 15473 15292 9194 5954 5831 948 861 656 613 534 274 176 100 4883 3519
is_linear=0
shrinkage=0.03


Tree=213
num_leaves=31
num_cat=0
split_feature=6 7 0 9 2 12 11 11 7 7 7 7 6 6 0 9 7 12 7 9 2 9 4 9 12 2 4 7 12 1
split_gain=0.703046 1.34485 0.761178 0.850715 1.62343 1.01439 0.920364 1.2315 1.34503 0.835428 1.00608 0.696252 0.93422 1.50187 1.73534 0.833743 1.29537 0.80361 0.632134 0.656265 0.607365 0.588424 0.796198 0.768593 0.738394 0.853574 0.781331 0.743557 0.735422 0.949537
threshold=0.54276308619466695 0.84979219657299832 12.088336722964014 -1.0000000180025095e-35 0.23198259712420885 0.6272534986673165 2.5000000000000004 9.5000000000000018 0.82764301768011317 0.66359041088746584 0.52790854116636332 0.80478096059541848 0.2898376437242583 0.21316391768807644 1.7237477308496019 0.75323472765017296 0.86491290113307462 0.52218411499909811 0.81316422443422043 0.26857863563206125 0.23901327657603075 0.64149092609811242 -0.38538874172041621 0.59854164064696114 0.37867454858586441 0.34851389385151893 1.3106858775005858 0.79696699592492382 0.56418272194950858 3.3996738565790916
decision_type=2 2 10 10 10 2 2 2 2 2 2 2 2 2 10 10 2 2 2 10 10 10 10 10 2 10 10 2 2 2
left_child=2 -2 11 9 -5 6 -6 8 -8 10 -4 21 13 18 17 -16 -17 -15 -13 20 -20 23 -23 28 25 26 -24 -26 -1 -30
right_child=1 -3 3 4 5 -7 7 -9 -10 -11 -12 12 -14 14 15 16 -18 -19 19 -21 -22 22 24 -25 27 -27 -28 -29 29 -31
leaf_value=-2.2463843275689825e-05 -0.0010193170674325698 0.0021081327615901724 -0.0001185603042810936 0.00051299589244228601 0.00057791087283035395 -0.0011161557510566201 -0.00020505304053781206 0.00029198191891887233 0.00093845689739813405 -0.00017770316644115475 0.0013342926426200949 9.6424631046691475e-05 -0.00034615657816133296 0.00040952055715717703 -0.00046415285710880999 0.00056847336254070644 -6.193757254180608e-05 0.0011029341438798313 3.4771416023736622e-05 -0.00059824290509617045 -0.00022568911537727233 0.00022486497225593255 0.00047302860200314971 0.00030124151836634101 -8.1687406030814526e-05 0.00087623919479695863 -0.0011422815413664185 0.00038397842974940744 3.1525210721691988e-05 0.0020294331901349579
leaf_weight=7819 775 55 53 48 75 49 146 54 40 230 42 74 511 41 83 56 67 43 140 279 51 52 69 379 4559 61 60 55 2152 41
leaf_count=7819 775 55 53 48 75 49 146 54 40 230 42 74 511 41 83 56 67 43 140 279 51 52 69 379 4559 61 60 55 2152 41
internal_value=-0.000158426 -0.00101083 -0.000117543 0.000825203 0.00172881 0.00103562 0.00166139 0.000746887 -0.000417113 -0.000322087 0.00203125 -0.000159466 -0.000813522 -0.000194013 0.00154639 5.79703e-05 0.00162097 0.00515294 -0.00112294 -0.00152866 -0.000171876 -0.000101719 -0.000374306 2.56921e-05 -0.000414569 0.00141361 2.30762e-05 -0.000490142 -2.45688e-05 0.000460801
internal_weight=18159 830 17329 737 412 364 315 240 186 325 95 16592 1345 834 290 206 123 84 544 470 191 15247 4856 10391 4804 190 129 4614 10012 2193
internal_count=18159 830 17329 737 412 364 315 240 186 325 95 16592 1345 834 290 206 123 84 544 470 191 15247 4856 10391 4804 190 129 4614 10012 2193
is_linear=0
shrinkage=0.03


Tree=214
num_leaves=31
num_cat=0
split_feature=8 7 7 3 7 12 3 7 7 8 3 3 3 12 6 9 7 9 8 8 7 8 12 8 9 1 12 11 1 7
split_gain=0.67652 0.703628 0.826261 0.982995 0.991163 1.28114 0.878224 0.823141 0.775781 0.683995 0.597831 0.990347 2.92024 0.880214 1.47244 1.67163 1.28354 2.82887 4.01095 0.86043 0.898309 1.07283 1.43771 1.15777 1.33146 1.32193 0.846403 0.93144 0.813975 0.799133
threshold=0.47040914936273365 0.34206273980136731 0.68642205261725386 1.802937964204639 0.60341257373861656 0.44520981214680216 51.907025329674006 0.88187449488861602 0.46500921752504437 0.58385164383037735 50.515213790626973 22.064200178053415 22.880843806796744 0.61387144290377016 0.16101398163317707 0.62712002741482775 0.62687817354580855 0.39926269406495984 0.11542858951914386 0.29291537296484044 0.72061029328781434 0.12461629190612961 0.49189513338032403 0.18881627181462771 1.9489238613711175 0.76497167530754961 0.52218411499909811 9.5000000000000018 2.2830934667027591 0.40482040205026615
decision_type=10 2 2 10 2 2 10 2 2 10 8 10 10 2 2 10 2 8 10 10 2 8 2 8 8 2 2 2 2 2
left_child=10 -2 3 4 8 -6 -5 -4 -3 -8 11 -1 -13 16 15 -15 17 18 -14 20 -12 -22 -23 24 25 -24 -19 -28 -25 -21
right_child=1 2 7 6 5 -7 9 -9 -10 -11 19 12 13 14 -16 -17 -18 26 -20 29 21 22 23 28 -26 -27 27 -29 -30 -31
leaf_value=-2.3269727624004546e-05 -0.0010967646906389346 0.00019800791624128674 -0.00074381494846269118 -0.0002809785686337039 0.0019834941452506172 0.00025727122320758539 -0.00066402883810140598 0.0038605952708082574 -0.00033351900791916045 0.0014130861569004436 -0.00032128962854251084 0.0020305554230794663 0.00040083499153702954 0.000368030730138681 -0.00030107793181820481 -0.00031773437916602639 4.1521988019373379e-05 -0.0017037809716635222 0.002180757721006382 0.00023651544590733641 -0.00015598835076494199 0.0034172122561192332 0.00031642798762231622 3.5697388941452884e-05 8.1383908639800733e-05 0.0010253063156559106 -0.00016560052983263934 0.0005512814231659627 -0.00032954650206955499 -0.00056283218966388614
leaf_weight=11855 316 40 587 373 40 69 40 41 114 75 981 59 79 70 382 45 1284 57 50 59 226 41 41 348 115 45 94 51 96 428
leaf_count=11855 316 40 587 373 40 69 40 41 114 75 981 59 79 70 382 45 1284 57 50 59 226 41 41 348 115 45 94 51 96 428
internal_value=-0.000199039 -0.000769458 -0.000476088 0.000195478 0.00167045 0.00384545 -0.000601228 -0.00127822 0.000116128 0.00168103 -0.000140063 -6.54459e-05 0.00052348 0.000337907 -0.000765061 0.00219828 0.000677598 0.00234036 0.00579231 -0.000579589 -0.000289863 0.000387732 0.000978165 0.000626934 0.0025099 0.00531034 0.000118226 0.00133562 -0.000229214 -0.00170287
internal_weight=18101 1695 1379 751 263 109 488 628 154 115 16406 14026 2171 2112 497 115 1615 331 129 2380 1893 912 686 645 201 86 202 145 444 487
internal_count=18101 1695 1379 751 263 109 488 628 154 115 16406 14026 2171 2112 497 115 1615 331 129 2380 1893 912 686 645 201 86 202 145 444 487
is_linear=0
shrinkage=0.03


Tree=215
num_leaves=31
num_cat=0
split_feature=9 12 9 4 3 3 12 2 6 2 3 2 0 12 7 7 7 2 11 0 7 2 12 11 7 9 2 6 4 0
split_gain=0.814508 1.37985 0.59204 0.780431 1.18051 0.993991 0.697749 0.671775 0.527732 0.591256 1.17492 2.11138 1.55284 0.732044 0.662506 1.03282 0.573886 0.669135 0.603022 0.475818 0.878589 1.2989 2.04171 3.12577 1.14152 1.74377 0.977198 0.708609 0.981195 0.938595
threshold=2.0896743768765025 0.57135230075797783 4.6494895816623254 1.6798752612190533 175.13519211441798 12.59722274624137 0.58952922488996695 0.32939929701381349 1.3470250903552214 0.5127230041609725 1.3328988498796657 0.75418834528913947 1.2221418566087487 0.52861531192314393 0.049912556982201831 0.060924651430521816 0.13376981943674532 0.067111015164855736 5.5000000000000009 7.7720753871629418 0.58282327039727411 0.25636012130410374 0.57293783579111845 5.5000000000000009 0.76768097067654995 -1.0000000180025095e-35 0.24670337214375432 0.25567780403746815 2.1018555294202925 1.5397590174412681
decision_type=10 2 10 10 10 10 2 10 2 10 10 10 10 2 2 2 2 10 2 10 2 10 2 2 2 10 10 2 8 8
left_child=8 -2 3 4 5 6 -3 -4 9 14 -11 12 -12 -13 -1 -16 17 18 -17 27 21 -21 23 -23 26 -26 -22 -18 29 -29
right_child=1 2 7 -5 -6 -7 -8 -9 -10 10 11 13 -14 -15 15 16 19 -19 -20 20 24 22 -24 -25 25 -27 -28 28 -30 -31
leaf_value=-0.00036628766893577979 -0.00059972691153156157 -0.00016738515024516344 0.00026604741854703275 -0.00042973344903999536 0.00066403898566100208 -0.00024773985434208717 0.00049182653222318914 -3.180541848507123e-07 -0.01326896373622031 -0.0015009205197466719 0.0051948884897420854 -0.00029348566163606398 2.484260323228443e-05 0.00029831627903226167 0.00080266969964397773 -0.0004548622578439208 -4.978269905816161e-06 -0.00088277331076135599 0.00011577800514251075 -0.00015510083918007656 0.0003953838868173154 0.0001197970605068932 -5.0622430562845608e-05 0.0012802222250283405 -3.280263825004885e-05 0.00094567420767792398 -0.00064920187817296921 -0.00094953302723344718 -0.0004529719371938974 -3.3373353748985475e-05
leaf_weight=148 979 40 81 121 46 274 56 109 60 57 69 152 48 64 69 51 9990 243 58 80 63 53 75 42 157 67 198 370 534 3768
leaf_count=148 979 40 81 121 46 274 56 109 60 57 69 152 48 64 69 51 9990 243 58 80 63 53 75 42 157 67 198 370 534 3768
internal_value=-0.000230426 -0.000854131 0.000135988 -0.000373607 0.000244604 -0.000323451 0.00228866 0.00157068 -0.000165561 -0.000155164 0.000997442 0.00167964 0.00490678 -8.295e-05 -0.000183379 -0.000164613 -0.000180763 -0.00137677 0.000572727 -0.000153332 0.000591032 0.00203187 0.00350877 0.00640625 -0.000154322 0.00141333 -0.0015 -0.000190685 -0.000495614 -0.000339213
internal_weight=18122 1706 727 537 416 370 96 190 16416 16356 390 333 117 216 15966 15818 15749 352 109 15397 735 250 170 95 485 224 261 14662 4672 4138
internal_count=18122 1706 727 537 416 370 96 190 16416 16356 390 333 117 216 15966 15818 15749 352 109 15397 735 250 170 95 485 224 261 14662 4672 4138
is_linear=0
shrinkage=0.03


Tree=216
num_leaves=31
num_cat=0
split_feature=6 0 5 7 0 11 12 2 0 4 4 9 12 9 6 4 7 0 0 2 9 7 9 12 9 4 9 9 0 7
split_gain=0.754609 0.649285 1.25399 1.04416 1.72887 0.615953 1.07318 0.562804 1.20137 1.16973 1.10976 1.27734 1.06685 1.33565 1.00945 1.16763 1.00088 0.961712 1.15222 1.71308 0.961176 0.893523 2.42543 0.925746 0.828961 0.927178 0.956207 1.05031 1.09195 1.23207
threshold=0.39657193621513193 12.088336722964014 7.904150238058631 0.65232016053232222 512.18750000000011 10.500000000000002 0.55629520364259022 0.32242930240899453 3.4372732607767822 0.91848793766351966 1.2862222344107637 1.032935798261339 0.46220810266113799 0.539226165011361 0.15980987042435937 0.6964861359452128 0.49907338930864509 1.6729107643729446 1.7884722702726024 0.24205950679759156 2.0176511712691911 0.46794816857268601 0.74309347353224997 0.54570168097955329 -0.093971883301103606 2.0868967280244353 1.4435087783542742 0.15167863848855992 1.3945686797341625 0.67461854720057357
decision_type=2 10 2 2 10 2 2 10 10 10 8 8 2 10 2 8 2 8 10 10 8 2 8 2 8 10 10 8 10 2
left_child=1 7 -3 -4 -5 -2 -7 14 9 -9 11 12 -11 -14 -1 17 -12 -16 19 -19 -10 22 23 -20 -18 26 27 -26 29 -29
right_child=5 2 3 4 -6 6 -8 8 20 10 16 -13 13 -15 15 -17 24 18 21 -21 -22 -23 -24 -25 25 -27 -28 28 -30 -31
leaf_value=6.801475197147574e-06 -0.00031144308111802436 -0.0014370687558507597 -1.4860115686733557e-06 0.0015098381500105033 -0.00012869084498320088 -0.00010994898774963516 0.0003777014298425173 -0.00030600669360768723 0.00057281832585835495 0.0012094617312006053 -0.00032418376478314509 -7.4940252360736513e-05 6.32717890680121e-05 0.0011169345115290131 -0.00012697378020627139 -0.00013152094662748293 0.0037380473241409029 4.1129093345686248e-05 0.00047773451355310743 0.00085326827090795429 0.00014262648104740409 -4.2044424369786639e-05 -0.00035049436208257196 0.0035262447651121949 -0.00020862372475312531 -0.00054313779656508545 -0.00042343778458286805 0.0018833198284599621 0.00075787951347403416 -0.00040570326082863288
leaf_weight=5552 2599 49 98 70 45 236 51 474 62 43 322 127 157 69 901 4980 43 147 68 78 119 806 89 70 83 237 141 40 193 71
leaf_count=5552 2599 49 98 70 45 236 51 474 62 43 322 127 157 69 901 4980 43 147 68 78 119 806 89 70 83 237 141 40 193 71
internal_value=-0.000216415 -0.000131616 0.00134601 0.00234112 0.00426724 -0.000660894 0.000656249 -0.000157736 0.00028735 7.49618e-05 0.000479371 0.00184383 0.00301111 0.0021674 -0.000234243 -0.000470169 -7.14623e-10 0.000112499 0.000648133 0.00258849 0.00262088 0.000223404 0.00188158 0.00435971 0.000563658 0.000332897 0.00103214 0.00180155 0.00261639 0.000241071
internal_weight=18020 15134 262 213 115 2886 287 14872 2181 2000 1526 396 269 226 12691 7139 1130 2159 1258 225 181 1033 227 138 808 765 528 387 304 111
internal_count=18020 15134 262 213 115 2886 287 14872 2181 2000 1526 396 269 226 12691 7139 1130 2159 1258 225 181 1033 227 138 808 765 528 387 304 111
is_linear=0
shrinkage=0.03


Tree=217
num_leaves=31
num_cat=0
split_feature=6 4 6 8 0 1 1 7 12 7 7 5 6 4 1 2 7 9 7 2 7 4 7 1 2 8 2 7 5 4
split_gain=0.991099 0.965853 0.865887 0.826083 0.838496 0.701804 1.28768 1.27899 1.02565 0.624661 1.26932 0.551101 0.545839 0.982292 1.07979 0.929439 1.12243 1.97272 1.64461 1.20394 1.1746 1.07666 1.18612 1.07474 0.864095 1.14833 1.0106 0.819547 1.88711 1.2353
threshold=0.68790237325945658 -0.10847734851739124 0.64595120453014687 0.24506426376674445 1.0010508228240156 -0.18504818812542065 0.8375197246188536 0.55341489018396861 0.60373508174086898 0.86491290113307462 0.85648310395710425 5.7284737652803868 0.20226382058790107 1.6976759628561835 6.3660465151443359 0.16735638927251781 0.72875458763823875 -0.084626793763950853 0.73319671959200494 0.18197282379558324 0.81316422443422043 2.8229471893478384 0.39355090264881593 4.3304468416636714 0.24996720351379251 0.41492149620211566 0.22802917072291209 0.63880469135916351 8.272698306037654 0.27189992743059616
decision_type=2 8 2 8 10 2 2 2 2 2 2 2 2 8 2 8 2 8 2 8 2 8 2 2 8 8 10 2 2 10
left_child=1 3 9 4 -1 8 7 -7 -6 10 12 -2 15 -14 -15 -3 21 -18 -19 -20 24 23 -23 27 26 -26 -21 -17 -29 -30
right_child=11 2 -4 -5 5 6 -8 -9 -10 -11 -12 -13 13 14 -16 16 17 18 19 20 -22 22 -24 -25 25 -27 -28 28 29 -31
leaf_value=0.0013905692032634854 -0.00058057797178417752 -6.6967986383576134e-05 0.0010666269346962136 -5.7797628745131462e-05 -0.00010937497228683008 0.00096931097663068141 -0.00062654491089031786 0.00014306457564384478 0.0002535310506550524 -0.00014323998797910619 0.00095219800029988351 -0.0053874319460549616 -3.1510316749526444e-05 -0.00032037454628172657 0.00073674069809209547 2.0203614015229204e-05 0.0011989086741757281 0.0010325573956160758 0.0009774898755520612 0.00021361298463680049 -0.00043754221453135272 0.00055515302864420915 -0.00073224643118013303 0.0027056564245706944 -0.00040500888430002816 0.0011595698353839489 0.00093294456436726397 0.0010441658342510312 0.00052834445067624332 -0.00025738230775659051
leaf_weight=49 193 3623 75 206 138 40 42 61 48 574 64 218 6408 2113 52 2201 69 69 78 227 149 42 43 43 130 52 102 70 46 813
leaf_count=49 193 3623 75 206 138 40 42 61 48 574 64 218 6408 2113 52 2201 69 69 78 227 149 42 43 43 130 52 102 70 46 813
internal_value=-0.000227508 -0.0001935 -0.000234629 0.00100513 0.00183641 0.00128182 0.00285417 0.00467647 6.41704e-05 -0.000248925 -0.000214822 -0.00168204 -0.000231462 -0.000396432 -0.000948754 -4.91113e-05 0.000258282 0.00121095 0.000790841 0.000373477 -4.53865e-05 1.84034e-06 0.00331395 -8.79024e-05 0.000638671 -0.00101639 0.00155454 -0.000153306 -0.000900001 -0.00128721
internal_weight=18038 17627 17043 584 378 329 143 101 186 16968 16394 411 16330 8573 2165 7757 4134 876 807 738 660 3258 85 3173 511 182 329 3130 929 859
internal_count=18038 17627 17043 584 378 329 143 101 186 16968 16394 411 16330 8573 2165 7757 4134 876 807 738 660 3258 85 3173 511 182 329 3130 929 859
is_linear=0
shrinkage=0.03


Tree=218
num_leaves=31
num_cat=0
split_feature=9 12 11 8 11 7 8 9 1 2 4 8 3 8 9 7 7 4 4 7 9 7 6 12 4 6 1 9 7 11
split_gain=0.639568 1.34559 0.799533 1.03356 0.605422 0.71004 0.652539 0.627299 0.597089 0.556113 0.540405 0.891897 0.849889 1.10669 1.65306 1.9568 1.01457 0.817677 0.780047 1.32979 1.43529 1.63708 1.30607 1.52074 1.3138 1.52065 1.30995 1.48746 2.4718 1.18783
threshold=2.0896743768765025 0.57135230075797783 10.500000000000002 0.22780029694711032 2.5000000000000004 0.62383678030193357 0.2877578702234716 6.0627381423094837 6.3660465151443359 0.2349599672283218 1.3164176679977351 0.35644647987729755 156.22694442381172 0.444345852117977 0.26857863563206125 0.67596464099220099 0.10995514045202619 1.3879975796943038 0.94571052938434852 0.61653866360386422 0.42236918320310829 0.47274543456275669 0.13100569512636764 0.47057686812074523 0.6964861359452128 0.33248629417601278 -0.39462215254748267 0.21032933067564089 0.37516949025176755 8.5000000000000018
decision_type=10 2 2 10 2 2 8 10 2 10 8 8 10 8 10 2 2 10 10 2 8 2 2 2 10 2 2 10 2 2
left_child=8 -2 4 -4 5 -3 -7 9 10 -6 18 -12 13 14 15 -13 -15 -18 19 20 21 22 29 -24 25 26 -25 28 -28 -1
right_child=1 2 3 -5 7 6 -8 -9 -10 -11 11 12 -14 16 -16 -17 17 -19 -20 -21 -22 -23 23 24 -26 -27 27 -29 -30 -31
leaf_value=-0.00039935991055648921 -0.00062030158538253484 0.00063928153904893267 -6.8991261728953727e-05 0.00048620038786783247 0.0001180660791214352 0.00043468873042716983 -0.00061361266373822869 0.00050908105842914031 -0.00019490317703909263 -0.0001502942701348273 -0.00010359295678982014 0.0009926139716027048 -0.00058943478128116412 0.0090228055835736252 0.00014287542640766771 4.0098783616402359e-05 0.00039581945951736296 -0.00019790732221913642 4.6359972685405041e-05 3.2503450029247873e-05 -0.00034433182977358114 -0.00023455627642600575 -6.3352404038759494e-05 9.0388582829295096e-05 2.7879419772977421e-05 -0.00022849004477783192 0.0015138293620068711 0.00075261745996090814 0.0011141927350686259 0.00023531850716056256
leaf_weight=279 973 48 47 47 77 40 60 41 189 384 5067 63 104 63 259 52 102 1010 2923 2936 1552 954 98 78 164 46 49 85 80 184
leaf_count=279 973 48 47 47 77 40 60 41 189 384 5067 63 104 63 259 52 102 1010 2923 2936 1552 954 98 78 164 46 49 85 80 184
internal_value=-0.000264858 -0.000815484 0.000144966 0.00271579 -0.000230415 0.00144966 -7.08174e-10 -0.000727635 -0.000206942 -0.00104546 -0.000187257 -0.000392799 0.000212212 0.000389032 0.001808 0.00478448 -6.37762e-05 -0.000274933 -4.07261e-05 -0.00022364 -0.000612606 -8.47381e-05 0.000724623 0.00164725 0.00231411 0.00338053 0.00417747 0.00538605 0.00740769 -0.000471983
internal_weight=18054 1717 744 94 650 148 100 502 16337 461 16148 6720 1653 1549 374 115 1175 1112 9428 6505 3569 2017 1063 600 502 338 292 214 129 463
internal_count=18054 1717 744 94 650 148 100 502 16337 461 16148 6720 1653 1549 374 115 1175 1112 9428 6505 3569 2017 1063 600 502 338 292 214 129 463
is_linear=0
shrinkage=0.03


Tree=219
num_leaves=31
num_cat=0
split_feature=3 3 6 5 5 8 8 5 5 9 3 5 1 3 8 2 2 2 11 12 6 1 2 9 3 3 3 3 2 8
split_gain=0.763659 0.834902 1.00202 0.617614 0.612987 0.935072 0.942453 1.11661 1.09495 1.05634 0.993472 0.88513 1.90809 1.86267 1.77509 2.12144 2.44775 1.11321 1.07535 1.85364 1.53971 0.938748 1.65211 2.66863 1.63445 1.61814 0.85822 1.28715 1.47242 0.990993
threshold=86.871217950292163 79.343886043410251 0.68790237325945658 3.4175922930736511 10.027142203153319 0.53234559898168576 0.0070208588353442838 5.0434043048315838 3.4175922930736511 -0.47084466425182742 2.3986605180541392 9.8749594659439541 2.229145242633034 22.880843806796744 0.22780029694711032 0.28114873061551859 0.19299710594229966 0.30013950135075523 7.5000000000000009 0.48980025315138803 0.091899747897072018 2.7221204211998979 0.31406738359228126 1.2302078471422047 8.0910689779843548 3.3673837295680724 2.3663689654504005 1.9259818783548555 0.29517871227264808 0.35644647987729755
decision_type=8 10 2 2 2 10 8 2 2 8 10 2 2 10 10 10 10 10 2 2 2 2 10 8 10 10 10 10 10 8
left_child=1 2 4 -4 5 6 9 8 -8 -1 -11 21 13 14 17 16 -16 18 20 -20 -13 -9 24 25 -23 -24 27 28 29 -6
right_child=-2 -3 3 -5 26 -7 7 11 -10 10 -12 12 -14 -15 15 -17 -18 -19 19 -21 -22 22 23 -25 -26 -27 -28 -29 -30 -31
leaf_value=0.0008124360272758613 -0.0001210904800520807 0.0008970359210621865 0.0013967081086769374 -0.0030905782973603313 -0.00011809206161319753 -0.0003894142781951352 0.0096124257068961414 -1.4026110462586189e-05 0.0040284880285907957 -0.00036492801131344274 3.2608505310401883e-05 0.0013662015159267848 -0.00038983160128717981 -0.00049502475625257775 0.00063491527771938482 -0.0007213149313770172 0.0010251235771926506 0.00047751371680218043 0.0011850963460525586 0.00013364257751336049 -0.00031971082908723437 -0.0001319210912949543 0.0023359749365622386 -0.00015455103667409706 0.00040457895694423094 0.00081237063332891175 6.7014170270993823e-06 -0.00067840196729298087 0.0032011692122299608 0.00012043590281118645
leaf_weight=60 1907 68 59 300 3084 855 51 5850 41 463 301 43 118 158 58 41 60 43 60 121 183 405 57 112 83 98 2555 473 45 353
leaf_count=60 1907 68 59 300 3084 855 51 5850 41 463 301 43 118 158 58 41 60 43 60 121 183 405 57 112 83 98 2555 473 45 353
internal_value=-0.000229483 -0.000162603 -0.000176679 -0.00174167 -0.000140947 1.58706e-05 0.000112049 0.0002168 0.00348387 -0.00085091 -0.00115294 0.000176211 0.00106659 0.00161328 0.00236557 0.00508125 0.00710924 0.0013969 0.000904411 0.00262088 -0.000475772 5.67659e-05 0.00105159 0.00294403 1.22692e-05 0.00548077 -0.000364 -0.0006408 -0.000441 -0.000512217
internal_weight=18105 16198 16130 359 15771 9261 8406 7582 92 824 764 7490 885 767 609 159 118 450 407 181 226 6605 755 267 488 155 6510 3955 3482 3437
internal_count=18105 16198 16130 359 15771 9261 8406 7582 92 824 764 7490 885 767 609 159 118 450 407 181 226 6605 755 267 488 155 6510 3955 3482 3437
is_linear=0
shrinkage=0.03


Tree=220
num_leaves=31
num_cat=0
split_feature=6 3 12 6 4 4 8 1 8 9 5 8 3 3 9 5 8 5 12 5 6 3 9 1 5 12 3 6 9 5
split_gain=0.679411 0.991612 0.611895 0.464091 0.448464 0.630299 1.44516 1.20445 2.16165 1.02853 0.702724 0.693441 0.674502 0.866097 0.643945 0.61919 1.13446 0.59729 0.574855 1.22311 1.05238 1.17101 1.04048 0.920812 1.15059 0.90792 0.92497 2.41432 0.857571 0.864391
threshold=0.68790237325945658 60.513309279720197 0.70146423968922733 0.64595120453014687 1.4259465675535432 1.0714033914606336 0.75990970749096498 -0.08079751226001175 0.098115486843610267 0.021069975817119804 11.471655444261616 0.46507943642985089 14.216005556928909 1.8381872395252778 5.7434036684075851 10.534732732925947 0.26560513173602002 10.785466303638989 0.57135230075797783 9.8259853617226476 0.13100569512636764 32.944957210929516 -0.093971883301103606 -0.22475732476898796 9.6160387856443972 0.57793750482576545 1.6247430418482771 0.23036409911570302 0.12769748011208074 9.666308460248727
decision_type=2 10 2 2 8 10 10 2 8 10 2 10 10 10 10 2 8 2 2 2 2 10 10 2 2 2 10 2 8 2
left_child=2 -2 3 4 5 11 7 8 -7 -10 15 14 13 -11 18 -9 -17 -18 22 20 -20 23 -1 24 -22 26 -21 -28 -25 -30
right_child=1 -3 -4 -5 -6 6 -8 10 9 12 -12 -13 -14 -15 -16 16 17 -19 19 25 21 -23 -24 28 -26 -27 27 -29 29 -31
leaf_value=-0.00032797908279032082 -0.0030199444346427264 0.00050451867690901769 -0.00061188845680512443 0.0009111223246273222 -5.8514087542415831e-05 -0.00010353985189360202 0.00095440442050923773 1.0259043849549115e-05 -2.420437228116693e-05 0.00083089653652149609 0.00027312002407520712 -0.00032938420284298417 0.00018013945854429922 0.00064558612780196624 -0.00086044084612718901 -0.00037265854861369565 -2.7344349965385384e-05 0.00053920946760516197 -0.00014246301421278566 -0.00017056440360271806 -0.00022239813545932413 5.8994363290735127e-07 -2.4366895341759314e-05 0.00058189717490592021 0.00023707486421272356 -6.4883995508433333e-05 0.0014805589198993978 -6.6630857205408317e-05 0.00039146766854337859 -0.0001135581009414525
leaf_weight=425 354 67 144 68 6392 130 45 2360 40 43 77 565 44 43 72 319 65 60 193 48 100 324 4523 56 45 1055 47 63 277 49
leaf_count=425 354 67 144 68 6392 130 45 2360 40 43 77 565 44 43 72 319 65 60 193 48 100 324 4523 56 45 1055 47 63 277 49
internal_value=-0.000239251 -0.00142891 -0.000210831 -0.000194764 -0.000204456 -8.88976e-05 0.000264022 0.000187617 0.00199335 0.00421053 -1.04166e-06 -0.000234095 0.00549618 0.00703448 -0.000155401 -7.91451e-05 -0.00110562 0.00130952 -0.000126978 0.000269707 0.00102201 0.00147535 -0.000307942 0.00234659 0.000308218 -0.00037809 0.00173585 0.00324324 0.00311749 0.00251376
internal_weight=18093 421 17672 17528 17460 11068 3226 3181 300 170 2881 7842 130 86 7277 2804 444 125 7205 2257 1044 851 4948 527 145 1213 158 110 382 326
internal_count=18093 421 17672 17528 17460 11068 3226 3181 300 170 2881 7842 130 86 7277 2804 444 125 7205 2257 1044 851 4948 527 145 1213 158 110 382 326
is_linear=0
shrinkage=0.03


Tree=221
num_leaves=31
num_cat=0
split_feature=3 0 3 0 8 13 4 2 0 0 12 0 12 12 7 7 3 13 7 8 8 7 7 7 8 0 13 0 7 0
split_gain=0.847281 0.889406 1.65554 1.23017 1.04447 0.743622 0.720299 1.12992 0.707387 0.603253 0.565822 1.20504 0.717566 0.823003 1.65019 0.837521 0.76661 0.55584 0.535873 0.772264 0.906581 0.833954 0.575419 0.672473 0.499951 0.474718 0.461905 1.40994 0.656695 0.933119
threshold=86.871217950292163 21.534172661870507 3.5787330912022335 1018.2000000000002 0.067807999820216375 0.68790237325945658 1.6368986489176456 0.26823905410410087 3427.5000000000005 1.0809603262884691 0.43027477600231462 1.1608862304794867 0.56195034486396311 0.57864989910631015 0.810281753857795 0.72743883845011881 166.63281552584547 0.24932786478368921 0.73672254267868487 0.11542858951914386 0.21564484562714287 0.80478096059541848 0.83139724234145251 0.88711113501944394 0.17709718983150632 1.5928941856072354 0.20226382058790107 1.3617811428221462 0.13918493739625848 1.1151223668124659
decision_type=8 10 10 10 10 2 10 10 10 10 2 10 2 2 2 2 8 2 2 8 10 2 2 2 8 10 2 8 2 8
left_child=1 5 -3 4 -4 26 7 -6 10 -7 11 -2 17 14 15 16 -14 25 -15 -20 21 -21 -23 -24 -25 -12 28 -28 29 -1
right_child=8 2 3 -5 6 9 -8 -9 -10 -11 12 -13 13 18 -16 -17 -18 -19 19 20 -22 22 23 24 -26 -27 27 -29 -30 -31
leaf_value=0.00027750516538151598 0.0010463690289449791 -0.00053812384609925961 -0.00025407065250976948 -0.00024907547009998126 0.0014672398348886573 -5.1867339606676131e-05 0.0012501380348283362 0.00011290812456241736 0.00030493012025445849 -0.0055469108889947558 -0.0002713785341261769 -0.0028346963353058038 -0.0013699906115970739 -0.00039503474727756952 -0.0011003445229597389 0.00085544632928344279 0.00032683734585409776 -0.0012124026465308402 -0.00026656196754786617 0.00049695731082115713 -0.00013204324839693229 -7.7762651165682198e-05 0.00029873793014964712 0.00016137133537636687 -0.00065109268624301535 0.00027330738886536068 -0.0007901020552219314 -3.5140562317094159e-05 5.1143237964067747e-06 -0.00050149525128012542
leaf_weight=147 46 112 43 68 41 137 63 94 46 174 216 42 50 289 86 40 56 372 131 50 219 50 75 45 40 40 534 7056 7505 239
leaf_count=147 46 112 43 68 41 137 63 94 46 174 216 42 50 289 86 40 56 372 131 50 219 50 75 45 40 40 534 7056 7505 239
internal_value=-0.000227979 -0.000157827 0.00120142 0.00233226 0.00333471 -0.000194137 0.00425126 0.00297794 -0.000828406 -0.00164423 -0.000920455 0.00141573 -0.00103807 -0.00058569 0.00100429 0.00293877 0.00151402 -0.00185056 -0.000996667 -0.000490999 6.87493e-05 0.00126437 0.00042654 0.00130435 -0.000523257 -0.000770429 -0.000164902 -0.000331973 -4.18216e-06 -0.0012093
internal_weight=18106 16213 421 309 241 15792 198 135 1893 311 1847 88 1759 1131 232 146 106 628 899 610 479 260 210 160 85 256 15481 7590 7891 386
internal_count=18106 16213 421 309 241 15792 198 135 1893 311 1847 88 1759 1131 232 146 106 628 899 610 479 260 210 160 85 256 15481 7590 7891 386
is_linear=0
shrinkage=0.03


Tree=222
num_leaves=31
num_cat=0
split_feature=6 0 2 6 6 2 5 0 0 0 9 6 9 5 9 12 2 1 7 7 3 0 5 9 7 7 7 9 3 12
split_gain=0.845175 0.82973 0.824568 0.819125 0.57609 0.461743 1.22023 1.14087 1.1098 1.19543 1.13477 1.49138 2.45083 1.74883 1.66005 1.18522 0.87401 0.767731 0.755198 2.13982 0.772136 1.55165 1.60631 1.29625 1.54056 1.12235 1.43308 3.12935 1.02014 1.64421
threshold=0.68790237325945658 41.491666666666674 0.42049264834530004 0.95551144502743646 0.64595120453014687 0.32646611586798441 10.624881993376164 1.6644586804132715 1.365615531611938 0.91829296289527063 0.12378210279799755 0.28788094064776809 0.67951674966227549 9.9905822583368913 1.6726569399028264 0.44710469201746811 0.36309696095316935 2.3996135720375116 0.86491290113307462 0.8437537603228471 86.871217950292163 4.0546643065648107 8.1749844932907632 1.9489238613711175 0.4894031899363272 0.76081431164114988 0.73867285663626636 0.76354761743375044 4.7208558257064963 0.48718205436267115
decision_type=2 8 10 2 2 8 2 8 10 10 8 2 8 2 10 2 10 2 2 2 8 10 2 8 2 2 2 8 10 2
left_child=4 -2 -3 -4 5 -1 7 8 9 -7 -10 12 13 -12 -14 -13 -11 -18 19 20 21 25 -23 24 -24 26 28 -28 -9 -30
right_child=1 2 3 -5 -6 6 -8 18 10 16 11 15 14 -15 -16 -17 17 -19 -20 -21 -22 22 23 -25 -26 -27 27 -29 29 -31
leaf_value=-3.0714104909484302e-05 -0.0054460650121079864 -0.0027225956672180173 -0.00037290407757158627 0.0023303851724969455 0.001278742809959174 0.010126298633834126 -0.00035716090642041179 -0.00037626538887655734 -5.3673411559812339e-05 0.00029914045583834628 0.001198073081771369 0.00088550494071217858 -9.0436443202399124e-05 0.0018933681060009783 0.00059168350766517343 -0.0010409510706596782 -0.00056114294676130557 0.0009285073363689163 -0.00018942717383843138 0.00096751875942059965 -0.00034931856526823591 0.0010617225151257899 0.00062859189025855737 -0.0003647916675898064 0.00010787467703566512 -0.0010716639184389326 -0.00079521749762648068 0.002664197704989003 0.00087328029225017712 -6.582162421629903e-05
leaf_weight=13701 211 124 50 40 70 46 192 496 89 157 71 59 96 40 59 86 308 42 221 43 564 84 49 189 108 160 42 47 120 481
leaf_count=13701 211 124 50 40 70 46 192 496 89 157 71 59 96 40 59 86 308 42 221 43 564 84 49 189 108 160 42 47 120 481
internal_value=-0.000193672 -0.00151409 -0.00019535 0.00197802 -0.00016174 -0.00017264 0.000117662 0.000240295 0.00107305 0.000146209 0.00209581 0.00275971 0.00408989 0.00747321 0.00163461 0.000308218 -0.00027756 -0.00111111 -9.67378e-05 5.91436e-05 -6.40759e-05 0.000243106 0.00180974 0.000899135 0.00290506 -0.000258353 6.06564e-05 0.0037 -0.000237706 0.000593023
internal_weight=18045 425 214 90 17620 17550 3849 3657 1053 553 500 411 266 111 155 145 507 350 2604 2383 2340 1776 430 346 157 1346 1186 89 1097 601
internal_count=18045 425 214 90 17620 17550 3849 3657 1053 553 500 411 266 111 155 145 507 350 2604 2383 2340 1776 430 346 157 1346 1186 89 1097 601
is_linear=0
shrinkage=0.03


Tree=223
num_leaves=31
num_cat=0
split_feature=6 7 2 5 3 2 0 7 7 5 9 5 7 0 5 2 12 5 5 7 9 6 9 3 6 5 12 2 9 12
split_gain=0.669814 1.52622 1.85119 0.726553 1.09198 0.779891 0.704612 1.08831 1.0388 2.66205 2.10414 1.08367 0.878738 1.24151 1.05157 1.30233 0.940879 1.39484 2.20359 1.14288 0.912674 0.793775 0.7893 0.754647 0.678993 0.676922 1.44589 1.14586 1.09487 0.66057
threshold=0.54276308619466695 0.82144523439235739 0.37428416249017799 5.3821962081647756 2.6753478642416502 0.42049264834530004 21.534172661870507 0.76423215366231501 0.76768097067654995 9.5309009703603973 4.8474467303080084 8.1225195452981414 0.73672254267868487 0.9817526529804258 8.6669054312885567 0.10756067846650792 0.57374848324077909 9.6272398528230578 9.3266111496789872 0.74786326612951293 0.03969524923587614 0.44100445783652648 -0.85576102661335829 50.017422447993916 0.19472882601052091 9.312310144540513 0.6199668071295239 0.13594023664589239 -0.084626793763950853 0.44976647590768293
decision_type=2 2 10 2 10 10 10 2 2 2 8 2 2 10 2 10 2 2 2 2 10 2 8 10 2 2 2 8 8 2
left_child=6 3 -3 4 -2 -6 7 12 11 -10 -11 -8 22 -14 -15 -16 17 18 20 -18 -17 25 -1 -21 -19 26 27 -9 -29 -30
right_child=1 2 -4 -5 5 -7 8 21 9 10 -12 -13 13 14 15 16 19 24 -20 23 -22 -23 -24 -25 -26 -27 -28 28 29 -31
leaf_value=0.00052432955437389122 -0.0030198870717980759 0.0029652904606117343 -0.00038216852203047755 -0.0013236306344672098 -0.0012078338578331075 0.0026682104856270948 0.00062318187002869784 0.00063225277741921291 -5.6163279371756141e-05 0.00095218520121319533 4.7648065069192549e-05 -0.00011478625309033753 0.0029739617152774343 -0.00086922742151037443 0.0004416028527134788 0.00096085414060591409 0.001226339164872743 2.708966039807734e-05 0.001809173667330359 -8.8012553181115441e-05 -0.00042197291365182629 -0.0011369920656180634 -2.4628836139154088e-05 0.00077354176224460791 -0.0014825373987142985 -0.00010367006293959959 -0.00055029630399565973 0.0022516006758450109 -0.00047254756477252738 4.504762772321697e-05
leaf_weight=63 107 56 61 512 42 55 66 49 131 41 47 301 55 139 43 41 72 77 54 141 99 211 13260 40 206 1223 164 47 129 599
leaf_count=63 107 56 61 512 42 55 66 49 131 41 47 301 55 139 43 41 72 77 54 141 99 211 13260 40 206 1223 164 47 129 599
internal_value=-0.000223528 -0.00105396 0.00211017 -0.00157322 -5.85373e-05 0.00223469 -0.00018348 -0.000219351 0.000838159 0.00246818 0.00647191 -0.000138588 -0.000119656 0.000753098 0.000486308 0.000918604 0.000615594 -0.000169457 0.00178461 0.00209055 -0.000212767 -0.000807264 -0.000183054 0.000807692 -0.00151056 -0.000638789 -5.46013e-05 0.000458181 0.000173968 -0.000115227
internal_weight=18131 833 117 716 204 97 17298 16712 586 219 88 367 14290 967 912 773 730 477 194 253 140 2422 13323 181 283 2211 988 824 775 728
internal_count=18131 833 117 716 204 97 17298 16712 586 219 88 367 14290 967 912 773 730 477 194 253 140 2422 13323 181 283 2211 988 824 775 728
is_linear=0
shrinkage=0.03


Tree=224
num_leaves=31
num_cat=0
split_feature=6 12 9 5 2 6 7 12 3 7 5 6 5 7 12 9 6 5 2 1 6 9 9 7 1 7 1 11 7 6
split_gain=0.693237 0.533617 0.574202 0.485559 1.63887 0.812238 0.739458 0.509158 0.592206 0.484557 0.865905 0.65623 0.596749 1.87655 4.02006 2.42036 2.80949 0.920245 0.846298 1.54467 0.791217 0.985589 0.813548 0.941623 1.35953 1.12786 0.769391 0.754706 0.746219 0.703065
threshold=1.1488037409601473 0.67203978865988201 0.5084062315043294 5.0434043048315838 0.11337801126489643 0.68790237325945658 0.22743188815460028 0.39100629057196373 1.3691349217661499 0.17357492744106029 10.570585888656725 0.64595120453014687 11.02778383160763 0.46794816857268601 0.52560164968293266 1.2302078471422047 0.31402851064979759 10.583308836345422 0.091347153203428996 0.46977793164760356 0.26387075255632558 0.15167863848855992 0.4359406848644794 0.56804622626849643 0.87951196114146912 0.64227313465737856 1.9394077520898645 6.5000000000000009 0.80478096059541848 0.22759778840609982
decision_type=2 2 8 2 10 2 2 2 8 2 2 2 2 2 2 10 2 2 10 2 2 10 10 2 2 2 2 2 2 2
left_child=1 3 -3 4 -1 9 -6 -8 -9 10 -5 12 17 14 -14 20 -17 28 19 -19 21 -15 23 -23 25 -25 -24 -20 29 -11
right_child=-2 2 -4 5 6 -7 7 8 -10 11 -12 -13 13 15 -16 16 -18 18 27 -21 -22 22 26 24 -26 -27 -28 -29 -30 -31
leaf_value=0.001929344980343764 -0.0079661746776158032 3.2970303400559706e-06 -0.00059843384154256588 -0.00027166814807766713 0.00520521967045166 -0.002654699601542989 0.0015835050597632619 0.0031644825157810274 -0.0013948282974398456 2.4189879545630523e-05 0.00076244881941601279 0.0010915128632141948 1.0020240612326332e-05 -0.00022454091548250728 0.00069862394748784653 0.0016215040887601288 -0.00065424650948491187 -0.00066113649847317202 -3.833799084531897e-05 0.00060729261970933978 -0.00079443132556664055 -0.00068780089155102281 -0.00050827597210119488 0.00093358188134609111 -5.9907573405588068e-05 0.00017677285437376302 8.0336759351860889e-05 -0.0003289192658866321 -9.2687141686526229e-05 -4.8039584790044709e-05
leaf_weight=40 137 111 182 800 51 167 63 60 110 6400 58 53 101 209 47 59 42 52 783 73 175 50 123 46 89 66 42 914 1361 5619
leaf_count=40 137 111 182 800 51 167 63 60 110 6400 58 53 101 209 47 59 42 52 783 73 175 50 123 46 89 66 42 914 1361 5619
internal_value=-0.000207864 -0.000191565 -0.00145918 -0.000170444 0.000978461 -0.00019198 0.00016842 -0.000551283 -0.00140351 -0.000171649 -0.000866124 -0.000135051 -0.000146014 0.000545714 0.00366443 2.99328e-05 0.00438235 -0.000193778 -0.000826112 0.00154762 -0.000524345 -2.39624e-05 0.000820143 0.00189286 0.00280693 0.00499115 -0.000813254 -0.00100177 -0.000107616 -3.21971e-05
internal_weight=18083 17946 293 17653 324 17329 284 233 170 17162 858 16304 16251 1049 148 901 101 15202 1822 125 800 625 416 251 201 112 165 1697 13380 12019
internal_count=18083 17946 293 17653 324 17329 284 233 170 17162 858 16304 16251 1049 148 901 101 15202 1822 125 800 625 416 251 201 112 165 1697 13380 12019
is_linear=0
shrinkage=0.03


Tree=225
num_leaves=31
num_cat=0
split_feature=8 5 7 7 1 5 2 5 2 2 0 7 6 5 5 8 7 1 2 5 7 0 7 5 8 7 5 0 6 8
split_gain=0.728543 0.778061 0.750641 1.5507 0.934959 0.869805 1.03579 0.928179 1.05596 0.704181 0.582228 1.5729 2.40159 1.86796 1.34589 0.594519 2.09361 1.68474 0.51339 0.483809 1.14888 1.85696 2.42438 3.73253 1.01634 1.83571 1.52485 1.24729 1.73047 1.61428
threshold=0.45681835094012463 10.929735199096633 0.6836987642252973 0.51686360541059229 0.057932429051024643 9.7699275844011861 0.17832096627666663 7.3323683504381592 0.37428416249017799 0.31711569643529802 173.87500000000003 0.76768097067654995 0.47388133118783143 9.3549600578419625 7.7510450253959338 0.43086896720702866 0.56577582480957345 1.0316815368122561 0.2428350893390975 9.9905822583368913 0.68498025681446018 1.3409717969257235 0.72061029328781434 10.570585888656725 0.24662603953183673 0.060924651430521816 11.001191069727653 1.3533965289847592 0.11853824974299078 0.15097959362740837
decision_type=10 2 2 2 2 2 10 2 10 10 10 2 2 2 2 10 2 2 10 2 2 8 2 2 10 2 2 10 2 10
left_child=10 2 3 -2 -5 7 -7 8 -6 -8 15 14 13 -13 -12 19 17 -17 -18 -1 24 22 23 -22 25 -21 -27 28 -28 -30
right_child=1 -3 -4 4 5 6 9 -9 -10 -11 11 12 -14 -15 -16 16 18 -19 -20 20 21 -23 -24 -25 -26 26 27 -29 29 -31
leaf_value=-1.2206542472169584e-05 -0.00078728805303736771 0.00012851194009936152 -0.00079993908812858077 0.00081803557770767732 -0.00022579064690205004 -0.00019189139584015853 0.0011134203665218653 -0.0003114151994142438 0.0014989627572258148 0.00065805094920217018 0.00072115151566307307 5.2610941244657898e-05 -0.00054325686217498678 0.00081863610322743959 -0.00027148826546999691 0.00083622625030844967 0.0003638204942375613 3.1701726338258392e-05 -0.00051259326874565907 0.00090039993117361171 0.001052782790719469 -5.0222506419879869e-05 5.625671538263346e-06 1.6890423603367142e-05 1.0433897559947457e-05 -0.0002517338374151468 -4.5078948458848728e-06 -8.9156242831872515e-05 0.00048235616619184775 -8.6816853152830368e-05
leaf_weight=8846 533 51 667 75 84 49 41 234 61 40 40 42 63 45 193 44 70 41 99 49 83 1404 342 100 955 3226 199 406 76 42
leaf_count=8846 533 51 667 75 84 49 41 234 61 40 40 42 63 45 193 44 70 41 99 49 83 1404 342 100 955 3226 199 406 76 42
internal_value=-0.000225812 -0.000792484 -0.00089748 -0.000421289 0.000646153 0.000182352 0.00229008 -0.000544738 0.00133562 0.00435366 -0.000162227 0.000992187 0.00337748 0.00657954 -0.000551283 -0.000189953 0.00124706 0.00505814 -0.000688236 -0.000213237 -0.00040186 0.00021917 0.00173954 0.0045163 -0.000643723 -0.000853714 -0.000925823 0.00031906 0.00172641 0.00458823
internal_weight=18200 1835 1784 1117 584 509 130 379 145 81 16365 383 150 87 233 15982 254 85 169 15728 6882 1929 525 183 4953 3998 3949 723 317 118
internal_count=18200 1835 1784 1117 584 509 130 379 145 81 16365 383 150 87 233 15982 254 85 169 15728 6882 1929 525 183 4953 3998 3949 723 317 118
is_linear=0
shrinkage=0.03


Tree=226
num_leaves=31
num_cat=0
split_feature=6 0 9 9 7 6 8 7 12 0 7 9 3 3 12 9 0 2 12 6 2 5 3 3 3 8 9 8 2 8
split_gain=0.662912 0.929883 1.23672 1.16196 1.11258 0.875212 0.861672 1.25675 1.37898 1.29842 1.2907 2.64461 1.61561 1.17442 1.20446 1.04725 0.89247 0.71018 0.782259 1.02041 0.960714 0.855421 0.782548 0.676659 1.22556 1.10391 0.990945 2.01591 0.972655 0.648934
threshold=0.3045360134814859 12.088336722964014 2.5307953036009834 0.58579757115135633 0.46079532936770218 0.61572665746085875 0.11074725810673348 0.70461411379832339 0.57470833742427463 6.207809071361118 0.64227313465737856 1.1512536754049771 22.064200178053415 1.802937964204639 0.47356227061821649 1.7268356241375502 3.5242931145213636 0.81273865881022822 0.51252847701438997 0.53129637843406929 0.20528023038612939 5.7284737652803868 1.8944318231001931 1.8747625339279683 1.6406176755485868 0.32253513518843635 -0.18696064416492095 0.1757270346600909 0.29164940947491408 0.53234559898168576
decision_type=2 8 8 8 2 2 8 2 2 10 2 10 10 8 2 10 10 10 2 2 10 2 10 8 10 8 10 10 10 8
left_child=-1 2 3 23 -3 6 -5 8 9 10 13 12 -12 14 -8 -15 -9 18 19 -6 -20 22 -21 24 -2 28 27 -25 -26 -23
right_child=1 4 -4 5 17 -7 7 16 -10 -11 11 -13 -14 15 -16 -17 -18 -19 20 21 -22 29 -24 26 25 -27 -28 -29 -30 -31
leaf_value=-7.8021050337622366e-06 -0.00078159576574136729 -0.0004683597007096535 -0.00059623955197470285 0.0015007932877487485 0.0022810925248970822 -0.0041164057905434892 0.0012761335699616753 -0.0011190145275461467 -0.00049582539012848082 0.00046297636421165691 0.00058624494831395545 -0.0013161229491112393 0.001300853930795742 -0.00064839773524416697 -3.5100403042894801e-05 0.00075137264267785 0.00045950226378472419 -0.00048726252489121147 0.0013944305750042683 0.00080745388189769265 5.6110461950655596e-06 0.00051666115204963554 0.0028281303081160248 -0.00037406688966938779 -0.00014749380405095419 0.00058532675334569567 -0.00065069791924918696 0.00037777312302057097 0.00061646227281699417 -0.0024441626241951645
leaf_weight=12718 185 363 869 43 45 71 40 271 133 44 48 45 46 346 40 68 59 65 54 52 911 59 40 107 87 42 1043 45 46 73
leaf_count=12718 185 363 869 43 45 71 40 271 133 44 48 45 46 346 40 68 59 65 54 52 911 59 40 107 87 42 1043 45 46 73
internal_value=-0.000185725 -0.000466206 -0.000732265 -0.000425979 0.000122669 0.000253386 0.000448479 0.000289219 0.000924784 0.00147345 0.00112145 0.00366429 0.00650526 0.000399999 0.0037037 -0.000245784 -0.00126888 0.000533076 0.000694736 0.00212222 0.00029503 0.00128 0.00348387 -0.000973651 0.000166204 0.00196023 -0.00131689 0.000941176 0.000604477 -0.000270677
internal_weight=18058 5340 3678 2809 1662 1254 1183 1140 810 677 633 139 94 494 80 414 330 1299 1234 269 965 224 92 1555 360 175 1195 152 133 132
internal_count=18058 5340 3678 2809 1662 1254 1183 1140 810 677 633 139 94 494 80 414 330 1299 1234 269 965 224 92 1555 360 175 1195 152 133 132
is_linear=0
shrinkage=0.03


Tree=227
num_leaves=31
num_cat=0
split_feature=4 3 13 5 5 3 3 5 3 3 9 12 13 12 12 11 12 4 12 12 3 3 4 5 11 4 12 0 0 13
split_gain=0.980487 0.777789 0.644239 0.738012 0.879937 0.860825 0.684331 1.36221 0.662763 0.624657 0.636787 0.627894 0.795786 0.720196 0.662372 1.02686 0.594356 0.554163 0.611224 0.524535 0.779886 0.478097 1.26779 0.947198 0.812333 1.72652 0.592889 0.607517 1.54137 1.07207
threshold=2.4573542746063803 1.2851361820854599 0.54276308619466695 8.7470342515484827 7.9731553740730181 79.343886043410251 394.38625174890956 9.2355206657520501 40.417143838044616 86.871217950292163 -1.1748993185522261 0.56346023632327469 0.17181309278272663 0.44710469201746811 0.57374848324077909 5.5000000000000009 0.59566310930236099 1.9470121424010094 0.59770972956937329 0.49594035742835557 28.883659737727584 41.29497917381557 0.47588835984608729 7.3323683504381592 10.500000000000002 0.99481816731191886 0.61122421233936353 1.2590082219572385 1.4561721383797346 0.21316391768807644
decision_type=10 8 2 2 2 10 10 2 10 10 8 2 2 2 2 2 2 10 2 2 8 10 10 2 2 10 2 8 10 2
left_child=2 -2 6 4 5 19 9 -8 -6 10 -1 13 -13 -11 15 -14 -9 -16 -19 -4 -21 -12 -23 -24 26 -26 27 -25 29 -29
right_child=1 -3 3 -5 8 -7 7 16 -10 11 21 12 14 -15 17 -17 -18 18 -20 20 -22 22 23 24 25 -27 -28 28 -30 -31
leaf_value=0.00093264295687819725 0.0001453947012971595 -0.00036297370508045815 -0.0016427632759706825 -0.0017308498745175632 -7.4954112613334051e-05 0.00034652005884271831 -0.00022927831977825628 8.475916182906231e-05 0.0013443535491974093 5.8091520392758511e-05 -2.1659646435335193e-05 -0.0009676176329727719 0.0008477177890152571 -0.00061622661395599075 -4.8371431992362084e-05 -0.00032275251347500583 0.00082771651054730044 -8.6063032505297938e-05 0.00023863772900456295 0.0026453453025687052 -0.00062250214430517733 -0.00035896413884881724 0.0028553256609315947 -0.00060122422150714783 0.0012649019063048464 -0.00085904202428960838 -0.00028727276023151368 1.5187647316765516e-05 6.7397182912525789e-05 0.00090107698526339008
leaf_weight=40 79 664 321 204 43 53 79 44 40 40 13425 140 55 439 560 45 46 41 50 40 40 239 77 80 82 40 220 54 766 65
leaf_count=40 79 664 321 204 43 53 79 44 40 40 13425 140 55 439 560 45 46 41 50 40 40 239 77 80 82 40 220 54 766 65
internal_value=-0.000195617 -0.0012621 -0.000149923 -0.00101483 -0.000429369 -0.000949451 -0.000111319 0.00178235 0.00239286 -0.000130871 -7.51548e-05 -0.000743983 -0.000272422 -0.00161875 0.000115691 0.00237624 0.00428571 -0.000234663 0.00192391 -0.00142537 0.00074074 -8.5322e-05 0.000400861 0.000749458 0.000557339 0.00287805 0.000316188 0.000636645 0.00086343 0.004025
internal_weight=18111 743 17368 741 537 454 16627 169 83 16458 15088 1370 891 479 751 100 90 651 91 401 80 15048 1623 1384 1307 122 1185 965 885 119
internal_count=18111 743 17368 741 537 454 16627 169 83 16458 15088 1370 891 479 751 100 90 651 91 401 80 15048 1623 1384 1307 122 1185 965 885 119
is_linear=0
shrinkage=0.03


Tree=228
num_leaves=31
num_cat=0
split_feature=6 1 12 3 12 3 6 12 5 2 8 5 5 3 6 1 8 8 1 5 5 5 5 12 7 7 6 5 6 11
split_gain=0.901722 0.987744 0.773362 0.718615 0.918284 0.875715 0.861733 0.704461 1.31001 1.34482 1.38537 0.814693 1.24785 1.82532 1.95928 0.846947 0.765877 0.763556 0.757938 0.705136 0.833679 0.654633 1.31457 2.24222 1.9256 1.28656 1.87091 1.57475 2.28603 1.7869
threshold=0.25567780403746815 5.7988409000321441 0.20941806217512135 9.3388539229413485 0.62156833329163497 9.538089804822679 0.16712390628824461 0.49911976780686768 8.5808250472585055 0.24356556970788404 0.35001753417288667 9.9716834395762266 10.351756689125885 86.871217950292163 0.11464244054313789 1.1864698285459812 0.13752813850833603 0.042359409644077778 0.63474391997983648 11.061994781378695 11.348993585630321 9.1788496835846747 8.8700307599038375 0.48001094690749868 0.22743188815460028 0.76423215366231501 0.20368793320385861 8.9958467995562525 0.14471774443106347 7.5000000000000009
decision_type=2 2 2 8 2 8 2 2 2 8 10 2 2 10 2 2 8 10 2 2 2 2 2 2 2 2 2 2 2 2
left_child=1 3 -2 4 21 6 -5 -7 9 -9 16 -10 13 14 -13 18 17 -11 -16 -14 -21 22 -1 -24 -25 26 27 28 -26 -29
right_child=2 -3 -4 5 -6 7 -8 8 11 10 -12 12 19 -15 15 -17 -18 -19 -20 20 -22 -23 23 24 25 -27 -28 29 -30 -31
leaf_value=-4.2254661391085514e-05 -0.0091116739341473643 0.00040698771929642205 -6.6603339443764261e-05 0.00027699176838395681 -0.00043192758973524238 -0.0001879493644321132 0.00014105061378754194 0.00083714239281023099 -0.00011409176737206989 3.5267327901127064e-06 0.015947787171657235 0.0019142424078223196 -4.4498685779927664e-05 -0.00042438026826172812 0.00041120862767217382 -0.00046725539830661775 -0.00054885702306075473 0.00020671310086572251 0.00047044178809161659 0.0010958663880647321 -0.0012446271829994868 -3.324076086306318e-05 -0.0002168819263492844 -0.00052919274679104637 -4.751510601662779e-05 -0.00018674305559568031 -0.00012426416581904441 0.00042899314542876096 0.00064471523271030287 0.0021326677647157664
leaf_weight=1143 105 87 7080 60 299 480 62 40 749 101 79 44 526 69 130 43 85 40 52 65 53 6079 178 57 66 79 59 49 64 64
leaf_count=1143 105 87 7080 60 299 480 62 40 749 101 79 44 526 69 130 43 85 40 52 65 53 6079 178 57 66 79 59 49 64 64
internal_value=-0.000167018 4.95205e-06 -0.000427916 -2.08032e-05 -0.000161097 0.000405374 0.00287805 0.000286272 0.000525758 0.00221098 0.00151961 0.000188798 0.000756866 0.00223009 0.00334444 0.00219026 0.00031718 0.00166901 0.00308197 -1.86054e-05 0.00206723 -9.87378e-05 0.000410795 0.00152674 0.00267881 0.00344764 0.00433663 0.0054959 0.00320611 0.00807895
internal_weight=18087 10902 7185 10815 8137 2678 122 2556 2076 345 305 1731 982 338 269 225 226 141 182 644 118 7838 1759 616 438 381 302 243 130 113
internal_count=18087 10902 7185 10815 8137 2678 122 2556 2076 345 305 1731 982 338 269 225 226 141 182 644 118 7838 1759 616 438 381 302 243 130 113
is_linear=0
shrinkage=0.03


Tree=229
num_leaves=31
num_cat=0
split_feature=6 9 9 0 2 12 1 9 8 8 0 2 8 8 11 2 0 9 4 12 4 11 8 12 1 8 9 2 8 0
split_gain=0.913077 0.945834 0.849641 0.833889 0.879038 0.759813 0.827927 0.780085 1.74096 0.828133 1.15232 0.813372 0.780762 2.56835 0.723013 1.14768 0.680778 0.637577 1.3001 0.603185 0.624291 0.594468 0.655708 0.578838 0.573594 0.88662 0.513424 0.787309 2.14862 2.27074
threshold=0.28227605611218737 5.1370181131666568 2.8891714323214512 3.4372732607767822 0.23768104504155471 0.24160320841339225 0.26854679629394851 0.74309347353224997 0.31034030842885013 0.27194599461280655 3.8667012152667897 0.42754471765929231 0.16452279848312001 0.14323179279369627 1.5000000000000002 0.39421689269990928 3.9487296708427366 -0.47084466425182742 0.60121587921812469 0.56195034486396311 1.6895868738103326 7.5000000000000009 0.22228277082874162 0.58324397821067853 1.3407882522955161 0.21564484562714287 0.6639521507089664 0.31406738359228126 0.038554656659820226 1.3796600149744689
decision_type=2 10 10 10 10 2 2 10 10 10 10 10 8 10 2 10 10 8 10 2 10 2 8 2 2 8 8 10 8 10
left_child=1 17 5 -4 -5 -2 -7 -8 9 12 -11 -10 13 16 15 -14 -9 18 -1 -6 24 -16 -23 -20 -21 -26 27 -19 -29 -30
right_child=2 -3 3 4 19 6 7 8 11 10 -12 -13 14 -15 21 -17 -18 26 23 20 -22 22 -24 -25 25 -27 -28 28 29 -31
leaf_value=0.0032716839655391539 -0.0065155265460751467 0.00049533896249359286 -0.0010480125409854592 0.00028833179804998169 -0.0011259188352329863 -0.00033755673770609215 -7.8033008108966003e-05 0.0014115196738463554 -0.00032425421668545973 3.7337698410058097e-05 0.00097896752955949876 0.0019254637004024395 0.0012991821225548635 0.00082377105440767687 -0.00020784263264208484 -0.00018464198367690036 -0.00060524626160523101 -6.0967056779405536e-06 -0.00035766409417841441 -0.00012231162862315605 -0.00025684014130375211 0.0015151927957246551 -2.1019205187926193e-05 5.2946479118692716e-05 -5.8155077438872617e-05 0.00045936715962719912 -6.3522622071863008e-05 -0.00078325008170633743 -1.6651002631181009e-05 0.00060402790580632668
leaf_weight=51 137 57 309 41 243 688 3175 46 441 58 45 69 40 41 269 59 46 7922 51 159 74 49 50 68 42 52 3374 117 222 213
leaf_count=51 137 57 309 41 243 688 3175 46 441 58 45 69 40 41 269 59 46 7922 51 159 74 49 50 68 42 52 3374 117 222 213
internal_value=-0.000197376 -4.59596e-05 -0.000495436 -0.00133551 -0.000691177 -0.000346951 -0.000287178 -0.000135339 0.000511531 0.00147869 0.00395192 -0.000821919 0.00104825 0.00306716 0.000467948 0.00273 0.000258064 -6.43988e-05 0.00175439 -0.000998249 -0.000155489 -0.000146342 0.00183 2.49993e-05 0.000555117 0.0024 -9.06413e-05 3.39816e-05 0.00112839 0.00209862
internal_weight=18208 12075 6133 920 611 5213 5076 4388 1213 703 103 510 600 133 467 99 92 12018 170 570 327 368 99 119 253 94 11848 8474 552 435
internal_count=18208 12075 6133 920 611 5213 5076 4388 1213 703 103 510 600 133 467 99 92 12018 170 570 327 368 99 119 253 94 11848 8474 552 435
is_linear=0
shrinkage=0.03


Tree=230
num_leaves=31
num_cat=0
split_feature=12 5 7 3 2 2 12 7 7 0 0 2 6 8 8 7 5 3 2 9 8 9 7 12 12 0 12 3 9 3
split_gain=0.697487 0.535228 1.46007 1.54149 1.68091 0.900795 0.739006 1.95252 0.752486 1.03937 2.56507 0.761214 1.65412 0.484317 0.472347 0.676067 0.792479 1.34415 0.783744 1.17794 1.08589 1.43477 1.16172 1.69514 4.09869 1.37637 1.20992 1.07564 1.27854 1.0535
threshold=0.28618474624524021 11.02778383160763 0.85648310395710425 1.2409005944180564 0.083530290644605931 0.11130987934919551 0.5031826307852153 0.4894031899363272 0.56149347159189811 1.3573578484553537 1.2552926577501653 0.207814447529129 0.21043069825130892 0.13296011812105804 0.45021394174070833 0.87094742634905298 4.6395599436855051 11.920805774832184 0.16310606433117364 1.6241327752336405 0.13002825329929008 0.46781891621898408 0.78849540737505797 0.58489131352649659 0.60148199686203496 1.7157622911403807 0.48892931481790175 1.3236688920375201 0.77326328419158807 1.6534416057674008
decision_type=2 2 2 10 10 10 2 2 2 10 10 10 2 8 10 2 2 8 10 10 10 10 2 2 2 10 2 8 10 10
left_child=-1 14 3 4 -3 -6 -5 -8 -9 10 13 12 -11 -10 15 16 17 -2 19 29 -20 -22 27 25 -25 26 -24 28 -23 -18
right_child=1 2 -4 6 5 -7 7 8 9 11 -12 -13 -14 -15 -16 -17 18 -19 20 -21 21 22 23 24 -26 -27 -28 -29 -30 -31
leaf_value=-0.001424540597193656 0.0049978099224827375 -0.00035380241218871563 0.00071063198555786436 -0.00072690037775449765 0.00062646419896915839 9.8761618837468667e-05 0.00055757043195876267 -0.00072050264641288332 -0.00022170841982696362 -0.00014265285608861428 0.00060415670850232106 -0.0010373578639906156 0.00030789145070839321 0.00044827717921631406 -0.00025081462404345745 -0.00012843822642774426 -0.00014500156172665709 -0.00048833869471601513 -4.8763704656555661e-05 0.00072347230898451404 0.00016705205256215293 -0.00024304450890174519 -0.00015566511077609544 0.0011046170638656283 -6.7910308077375939e-05 -0.00025990243935952278 0.00066535140830914356 -8.9721094577622444e-05 0.0006264789527287599 0.00012811573915712441
leaf_weight=363 113 55 49 193 63 44 61 82 49 171 59 206 68 40 1707 460 3288 82 4744 58 2577 44 46 42 59 211 51 2828 49 245
leaf_count=363 113 55 49 193 63 44 61 82 49 171 59 206 68 40 1707 460 3288 82 4744 58 2577 44 46 42 59 211 51 2828 49 245
internal_value=-0.000208251 -0.000181573 0.000446976 0.000217032 0.00290797 0.00508333 -0.000254839 0.000179104 -0.000288462 8.58579e-05 0.00225503 -0.000639014 0.000512499 -0.000966667 -0.000224752 -0.000170561 -0.000134438 0.0017602 -0.000160501 -0.000543709 -3.12625e-05 0.000240182 -0.00017112 0.00132439 0.00467647 0.000213592 0.00315306 -0.000380904 0.0027766 -0.000613753
internal_weight=18107 17744 1140 1091 162 107 929 736 675 593 148 445 239 89 16604 14897 14437 195 14242 3591 10651 5907 3330 409 101 308 97 2921 93 3533
internal_count=18107 17744 1140 1091 162 107 929 736 675 593 148 445 239 89 16604 14897 14437 195 14242 3591 10651 5907 3330 409 101 308 97 2921 93 3533
is_linear=0
shrinkage=0.03


Tree=231
num_leaves=31
num_cat=0
split_feature=8 2 3 9 3 2 9 2 0 4 5 0 5 0 9 6 8 2 0 5 5 3 5 3 5 2 0 0 3 4
split_gain=0.622553 0.863831 1.44466 2.59647 1.11678 1.02133 0.888775 0.831686 1.01144 1.13272 0.793053 0.62812 0.763357 0.653546 0.636543 1.05013 0.592813 1.51392 1.93641 2.18675 1.77604 1.59852 1.26238 1.20904 1.57651 1.16505 1.54666 2.29527 1.75963 1.13292
threshold=0.444345852117977 0.33738400995314705 51.907025329674006 0.63412187259900288 1.6406176755485868 0.41464320613627409 0.96817219607417593 0.051238410194211714 1.9961628684305632 0.7340497051224093 9.795707435667687 10.461542850621935 10.187161602881588 1.4891411876757095 0.76354761743375044 0.24477115269374664 0.23711768293944444 0.40033897095900811 8.2866341649580999 9.9716834395762266 9.6055194120382765 56.620248550398607 10.49379880230474 36.534685248037881 8.0294327875302809 0.091347153203428996 1.6729107643729446 2.1918929940710461 2.6099634676957089 0.59291177483196
decision_type=10 8 8 8 8 8 10 10 10 10 2 10 2 8 10 2 10 8 8 2 2 8 2 10 2 10 10 10 10 10
left_child=16 4 11 -4 6 -5 7 -2 9 -9 -11 12 13 14 -3 -16 -1 18 21 20 23 22 -18 -20 -25 -24 -27 28 -28 -29
right_child=1 2 3 5 -6 -7 -8 8 -10 10 -12 -13 -14 -15 15 -17 17 -19 19 -21 -22 -23 25 24 -26 26 27 29 -30 -31
leaf_value=-3.2738350311004669e-05 -0.00088697096800988378 -0.0014910007293742508 0.0016090456741803584 -0.00041169431949980161 -0.00065141168681746701 0.000973152330532417 -0.0008228580946625728 -0.00021353127388314827 -0.00072299623870548209 0.00036421632237359087 0.00080835238680324972 0.00069723176563755366 0.0007414702001844435 -0.00086940290926886227 -0.00021674385755453583 0.00097801088991420122 1.0632172878135321e-05 -0.0004177607615004271 1.7847908372264696e-05 -0.00024640565046664934 0.00061182663850843384 -0.00048779762279722215 0.00064724350538223089 0.00060239229794647076 0.0011393628939285205 -4.216535730858856e-05 0.0018529895105923195 0.00066249733501355049 0.0009082780080000996 -0.00030075480714124097
leaf_weight=11718 63 85 56 154 635 45 144 98 43 90 70 41 40 323 69 44 2616 310 140 59 71 403 69 81 42 301 63 44 55 117
leaf_count=11718 63 85 56 154 635 45 144 98 43 90 70 41 40 323 69 44 2616 310 140 59 71 403 69 81 42 301 63 44 55 117
internal_value=-0.000175623 -0.000674663 4.54538e-05 0.00193359 -0.00121416 0.000314999 -0.00016503 0.000624657 0.00128146 0.00199228 0.00354037 -0.00075622 -0.00101957 -0.00132759 3.015e-05 0.0015 -0.00011355 0.000184583 0.000338995 0.00233756 0.00327761 0.000124284 0.000344457 0.002125 0.00428226 0.00152769 0.00108434 0.00268929 0.00584874 0.000351851
internal_weight=18089 2000 857 255 1143 199 508 364 301 258 160 602 561 521 198 113 16089 4371 4061 393 334 3668 3265 263 123 649 580 279 118 161
internal_count=18089 2000 857 255 1143 199 508 364 301 258 160 602 561 521 198 113 16089 4371 4061 393 334 3668 3265 263 123 649 580 279 118 161
is_linear=0
shrinkage=0.03


Tree=232
num_leaves=31
num_cat=0
split_feature=6 12 3 3 0 4 5 6 4 5 5 2 7 0 12 7 7 5 7 4 5 5 12 7 5 7 7 0 12 4
split_gain=0.869286 0.792049 0.735723 1.77322 1.50936 1.08447 1.25789 1.72776 0.801434 1.35724 1.36865 0.705342 0.625899 0.84523 0.836781 0.975982 1.09609 1.48688 0.982553 0.80617 1.00648 1.14291 0.835431 1.09351 0.761667 4.70948 1.08305 1.13188 0.973791 1.16033
threshold=0.3045360134814859 0.24160320841339225 1.463180841018844 1.3789430240006428 1.7701349040930985 1.9889892145281518 9.8153118601413336 0.16346981927806062 0.43899157638030573 7.8077133355713011 8.2260383936821224 0.23974874830330251 0.63323540941734324 4.3088756440310272 0.57470833742427463 0.62383678030193357 0.41318094537965938 8.6911464844163806 0.53692347651097339 1.1450093519456965 9.760800081240891 10.534732732925947 0.61841720078885754 0.59292644160929131 8.4821875607670183 0.66667912157988096 0.67596464099220099 1.2552926577501653 0.54086298171504799 1.4259465675535432
decision_type=2 2 10 8 10 10 2 2 10 2 2 10 2 10 2 2 2 2 2 10 2 2 2 2 2 2 2 10 2 10
left_child=2 -2 3 4 5 -1 -7 -8 9 -4 -11 -5 13 14 -10 16 -16 -18 -19 20 -20 -22 23 -21 25 -14 -26 -28 29 -27
right_child=1 -3 8 11 -6 6 7 -9 12 10 -12 -13 24 -15 15 -17 17 18 19 22 21 -23 -24 -25 26 28 27 -29 -30 -31
leaf_value=-6.1596574107433127e-05 -0.006340038617955234 -7.8203370714294328e-05 -0.00041550978409005042 -0.00041475937871438868 0.00058661907514911493 -0.00018917512987013635 0.00078889985987345675 -2.9880387281914009e-05 4.30558236805877e-06 0.0045850227524138728 9.5432154496711842e-05 0.00013068694292098169 0.0094399830202711883 -0.00061180814819468605 0.00054132154439947156 0.00063771083099809335 0.0018209660353376012 -0.00016950680009436672 -0.00040678650871770692 0.00013039865553947025 0.00090837035376699533 0.00077313101924020636 -0.00097075418149724063 -0.00068629008988161484 -0.00047826563484214106 0.00034972864768934746 -0.00047623013775441455 1.5603467096494675e-05 -0.00050874092560325641 -0.00012630686903986697
leaf_weight=3469 159 5167 123 717 76 146 73 61 2443 55 1238 72 50 88 132 61 56 190 42 74 62 51 89 48 625 92 440 1862 136 159
leaf_count=3469 159 5167 123 717 76 146 73 61 2443 55 1238 72 50 88 132 61 56 190 42 74 62 51 89 48 625 92 440 1862 136 159
internal_value=-0.00020535 -0.000527127 -7.06943e-05 -0.000373132 -0.000105855 -0.000191201 0.00160142 0.00368889 0.000101268 0.00074947 0.00103632 -0.00166709 -3.58163e-05 0.000255318 0.000334256 0.00117246 0.000869798 0.000332789 -0.000140037 0.000768392 0.00240385 0.00386842 -0.00043868 0.00117073 -0.000324518 0.000842465 -0.000498976 -0.000198003 -0.000286083 0.000821428
internal_weight=18056 5326 12730 4614 3825 3749 280 134 8116 1416 1293 789 6700 3336 3248 805 744 612 556 366 155 113 211 122 3364 437 2927 2302 387 251
internal_count=18056 5326 12730 4614 3825 3749 280 134 8116 1416 1293 789 6700 3336 3248 805 744 612 556 366 155 113 211 122 3364 437 2927 2302 387 251
is_linear=0
shrinkage=0.03


Tree=233
num_leaves=31
num_cat=0
split_feature=6 3 0 7 9 6 7 5 7 6 3 6 0 3 5 3 5 5 7 0 7 7 6 7 6 9 9 2 7 2
split_gain=0.575794 0.466906 1.04529 0.586021 1.51197 1.24637 1.03195 0.703922 1.69054 0.8014 0.878724 1.05917 0.583809 1.6229 1.6163 1.39996 2.52371 3.7898 1.18618 1.12528 1.06067 0.822779 1.00873 3.91605 0.876013 1.28071 0.816801 1.18499 1.74611 0.771456
threshold=1.3470250903552214 115.6892197701542 1812.5000000000002 0.85648310395710425 0.44121316858045428 0.55736774627033647 0.86491290113307462 4.2903656061101136 0.24902628222498488 0.53129637843406929 50.515213790626973 0.59507401800439574 3.4372732607767822 2.3986605180541392 8.1225195452981414 5.2662241621744377 9.866356648812479 9.5819384099782834 0.70461411379832339 2.7606102813802149 0.6836987642252973 0.75490548846247674 0.45891654915643981 0.66059382951830992 0.28418819843394078 0.57310808090595322 3.3034920232331162 0.56897865902212619 0.38207976712248409 0.21209906009285176
decision_type=2 8 10 2 8 2 2 2 2 2 10 2 10 10 2 10 2 2 2 10 2 2 2 2 2 10 8 10 2 10
left_child=1 3 -3 7 -5 6 -6 8 -1 12 -11 -12 19 -14 20 16 17 -16 -17 21 -15 22 26 -24 25 -23 27 -9 -29 -20
right_child=-2 2 -4 4 5 -7 -8 9 -10 10 11 -13 13 14 15 18 -18 -19 29 -21 -22 24 23 -25 -26 -27 -28 28 -30 -31
leaf_value=0.011708634531007284 -0.012047386852134839 -0.00011664844744261518 0.00036121297136312229 0.0006239580682519852 0.0013796310316735161 0.003445359176319922 -0.00047085273819905636 -1.7316685290437408e-05 -0.00012253631710275898 -0.0010304748786756919 -0.0008961616912934831 0.0012238284555680498 -0.00051459444208804917 0.0021429726885010525 0.00019421619822247374 -7.6902622269500932e-05 -8.9693001532609173e-05 0.0006547710061205115 0.00062438689554659694 -0.00042169536778232454 0.00017541173499549401 -0.00021539399500882265 -0.00034069169879145792 0.0016239051230874531 -0.00072643968075257644 0.00011401777208814066 -0.00047230338640780639 -5.9060674399420745e-06 0.0011766839179414347 0.00010429968894211878
leaf_weight=42 70 1652 72 61 42 42 180 10965 123 466 44 56 267 51 48 664 75 40 63 639 49 721 125 65 393 427 329 49 41 235
leaf_count=42 70 1652 72 61 42 42 180 10965 123 466 44 56 267 51 48 664 75 40 63 639 49 721 125 65 393 427 329 49 41 235
internal_value=-0.000261259 -0.000250625 -0.000720001 -0.000200945 0.00105828 6.79238e-05 -0.000834081 -0.000226625 0.00171687 -0.000247013 -0.0013545 0.00118812 -0.000205812 0.000357668 0.000819738 0.000492894 0.00305488 0.00647191 5.60741e-05 -0.000266958 0.00445544 -0.000207 -0.00012026 0.00204188 -0.000857977 -0.000438643 -0.000156522 -0.000112609 0.0032967 0.00162542
internal_weight=18096 18026 1724 16302 325 264 222 15977 165 15812 566 100 15246 1492 1225 1125 163 88 962 13754 100 13115 11574 190 1541 1148 11384 11055 90 298
internal_count=18096 18026 1724 16302 325 264 222 15977 165 15812 566 100 15246 1492 1225 1125 163 88 962 13754 100 13115 11574 190 1541 1148 11384 11055 90 298
is_linear=0
shrinkage=0.03


Tree=234
num_leaves=31
num_cat=0
split_feature=2 2 4 4 9 8 2 9 5 0 6 5 4 7 6 8 8 0 6 0 2 0 2 9 0 8 7 5 0 6
split_gain=0.738476 0.94337 1.14555 1.71339 1.10034 1.03083 1.2887 0.998578 0.917574 0.869362 1.70607 2.97953 0.842846 0.7962 1.5311 1.98643 2.14091 2.46526 1.20064 1.09784 0.912297 1.94452 1.23188 1.13684 1.97363 2.78377 1.59334 1.37249 1.96915 1.2292
threshold=0.2444061354745603 0.31406738359228126 0.91848793766351966 1.6798752612190533 0.16221528686965361 0.33656980711620504 0.56897865902212619 -0.093971883301103606 10.277135142609387 1.3700811465992098 0.25395846130562744 9.3680703299466526 0.97343384000412292 0.61653866360386422 0.37655329875330962 0.17256385063022642 0.49586500117747456 3.8667012152667897 0.2712016722872051 3.7525062709030106 0.15504853841147406 1.1195659993551164 0.11130987934919551 0.46781891621898408 1.6334483522608274 0.22971346735067763 0.33374108703201433 10.166351673572624 1.778675897672809 0.16712390628824461
decision_type=8 10 10 10 8 10 10 10 2 8 2 2 10 2 2 8 8 8 2 8 10 10 10 10 10 10 2 2 10 2
left_child=13 -2 4 5 7 6 9 -3 -5 -4 11 -11 -12 19 18 -16 17 -17 -15 20 21 22 -1 24 -22 26 -26 28 -28 -25
right_child=1 2 3 8 -6 -7 -8 -9 -10 10 12 -13 -14 14 15 16 -18 -19 -20 -21 23 -23 -24 29 25 -27 27 -29 -30 -31
leaf_value=0.0002252643559404365 -0.00013852233295291209 -0.00010143369607270993 -0.00053799993034991077 -8.9691469164741852e-05 -0.00035294502219698 -4.6363261953630706e-05 0.0034867161497736544 0.0001510963411084361 -0.00052238372560872303 -0.00045201795189259213 0.0005033974301232282 0.0011780406194893428 0.00013945570174976439 3.1529276855585023e-05 -0.0012745226456830619 -0.00032694357426268125 -0.00024263429691664197 0.0012655221205871742 -0.00024584930278566739 -0.00050367595600622512 -2.5730425289231375e-06 -0.00022871226733474676 -0.00067314463406056477 3.2950249646984828e-05 0.00133552799211864 0.00096755844775027542 0.0007735744445486278 -0.00031529305034795786 0.00016350689665174705 -0.00039912126176928724
leaf_weight=691 3131 45 97 1345 984 596 55 67 159 53 57 86 983 4189 50 41 89 91 542 342 1253 1373 161 423 51 65 42 216 139 599
leaf_count=691 3131 45 97 1345 984 596 55 67 159 53 57 86 983 4189 50 41 89 91 542 342 1253 1373 161 423 51 65 42 216 139 599
internal_value=-0.000210647 -0.000434 -0.000157024 0.000112762 -0.00100091 0.000704875 0.00116892 0.00180531 -0.000645848 0.000972591 0.00119746 0.00430714 0.000778097 -4.54728e-05 0.000226663 0.00241544 0.00363513 0.00604511 0.000100802 -0.000299665 -0.000187276 -0.000640162 0.000485345 0.000174255 0.000634974 0.00220039 0.00134967 0.000701004 0.00262088 -0.000621702
internal_weight=18015 7658 4527 3431 1096 1927 1331 112 1504 1276 1179 139 1040 10357 5002 271 221 132 4731 5355 5013 2225 852 2788 1766 513 448 397 181 1022
internal_count=18015 7658 4527 3431 1096 1927 1331 112 1504 1276 1179 139 1040 10357 5002 271 221 132 4731 5355 5013 2225 852 2788 1766 513 448 397 181 1022
is_linear=0
shrinkage=0.03


Tree=235
num_leaves=31
num_cat=0
split_feature=13 4 3 5 0 11 7 13 1 3 3 3 5 2 2 5 13 4 8 0 13 4 5 7 8 1 13 7 13 5
split_gain=0.860684 0.561262 0.856473 0.845174 0.833695 0.938902 0.650664 0.647228 0.822476 0.640433 1.1766 1.02227 1.42749 3.41344 1.33727 1.49483 1.33403 1.25479 1.13421 1.02513 1.38014 1.30004 1.09866 1.34399 1.69049 1.17562 1.30269 1.56163 1.38849 1.83482
threshold=1.1502388053272408 1.6798752612190533 319.06752375458069 9.9034625519111081 0.91829296289527063 6.5000000000000009 0.29790852892118719 0.49005729593036756 1.1148049244247618 1.463180841018844 1.3789430240006428 1.8587041837326816 8.9095730576946011 0.29164940947491408 0.2224790920300348 9.2210330002913761 0.35580180206347573 0.87917855105257703 0.47872322926855621 3.4372732607767822 0.23878754578110065 -0.38538874172041621 9.9716834395762266 0.73867285663626636 0.17256385063022642 0.3345224027051536 0.4453953825031754 0.71742951305420843 0.39976934944685999 8.9095730576946011
decision_type=2 8 10 2 8 2 2 2 2 10 8 10 2 10 10 2 2 10 10 10 2 10 2 2 10 2 2 2 2 2
left_child=1 2 9 7 5 -3 -6 8 -4 10 -1 12 -11 14 15 17 -16 -14 -17 21 -21 -13 25 -24 -25 -22 27 28 29 -27
right_child=-2 4 3 -5 6 -7 -8 -9 -10 11 -12 19 13 -15 16 18 -18 -19 -20 20 22 -23 23 24 -26 26 -28 -29 -30 -31
leaf_value=-3.9555809458512137e-05 -0.0079292987827873484 -0.00032576819814720995 0.00066495194440945255 0.00037192291220136702 -0.00065907171908509952 0.0016207115603410753 -5.0196074465895817e-05 -0.00042278529133604552 -0.00038790845750710535 -0.00057454599025684092 -0.00037445429486235602 0.00024034248629175935 0.00021894872690406898 0.001388407986497547 -0.00021827673452053624 0.00012888940866258831 0.00036458033929519739 0.0044801328272983335 0.0011553409223671134 0.0011107626243848643 -0.00023476142008877949 -4.9111199698083358e-05 -0.00028249907443317595 0.0010864095202978432 -0.00014066240046601259 0.001024613579382672 1.3875873621984389e-05 -9.8964368400362425e-06 0.00064963070846308746 7.7304592237591634e-06
leaf_weight=3687 139 48 53 41 532 41 3611 62 41 243 646 149 46 68 550 865 69 43 40 65 172 5481 433 75 94 43 352 132 78 156
leaf_count=3687 139 48 53 41 532 41 3611 62 41 243 646 149 46 68 550 865 69 43 40 65 172 5481 433 75 94 43 352 132 78 156
internal_value=-0.000206857 -0.000188537 -9.51414e-05 0.00186364 -0.000490433 0.00236667 -0.000552366 0.000840764 0.0024 -0.000123889 -0.00042432 1.83499e-05 0.000632727 0.000943519 0.000663568 0.00134472 -0.000430646 0.00503333 0.00097682 -0.000145209 0.000524671 -0.000335643 0.000341796 -0.000656717 0.00160588 0.000986081 0.00149213 0.00264146 0.00391727 0.002565
internal_weight=18055 17916 13684 197 4232 89 4143 156 94 13487 4333 9154 1924 1681 1613 994 619 89 905 7230 1600 5630 1535 602 169 933 761 409 277 199
internal_count=18055 17916 13684 197 4232 89 4143 156 94 13487 4333 9154 1924 1681 1613 994 619 89 905 7230 1600 5630 1535 602 169 933 761 409 277 199
is_linear=0
shrinkage=0.03


Tree=236
num_leaves=31
num_cat=0
split_feature=6 0 6 7 0 5 5 0 3 8 0 0 4 7 1 5 3 8 4 3 7 7 9 7 7 5 7 8 5 7
split_gain=0.670222 1.05069 1.23779 2.26897 0.829375 0.751509 0.859507 1.53559 0.771471 1.12761 1.73237 0.931256 0.698262 0.615365 0.935824 0.611273 1.51206 0.600727 0.585904 0.583406 0.547771 0.826602 0.526757 0.779886 0.500038 1.26828 0.715591 1.47361 1.67547 1.19082
threshold=0.40557866578172869 12.088336722964014 0.35857284224034741 0.76768097067654995 6.207809071361118 9.5704244974356687 7.5543346865244549 41.491666666666674 5.8542857713075929 0.19727562958303144 17.33880840275263 8.2866341649580999 1.6368986489176456 0.73867285663626636 1.3294831587672371 5.0434043048315838 2.6753478642416502 0.25762479472438643 1.1163815440158233 12.952136365489656 0.45351338471230235 0.59292644160929131 0.12769748011208074 0.65232016053232222 0.81316422443422043 11.02778383160763 0.72395687284727395 0.38627321103684259 10.850132886235812 0.74981696182354274
decision_type=2 10 2 2 8 2 2 10 10 10 10 10 10 2 2 2 10 8 10 10 2 2 8 2 2 2 2 8 2 2
left_child=1 24 19 -4 17 6 7 13 -7 10 -10 -11 -9 15 -15 16 -6 20 -18 -3 -2 -22 23 -19 26 -26 -1 28 29 -28
right_child=4 2 3 -5 5 8 -8 12 9 11 -12 -13 -14 14 -16 -17 18 22 -20 -21 21 -23 -24 -25 25 -27 27 -29 -30 -31
leaf_value=-2.0382520038793978e-05 -0.001759655422136905 8.6253172379093559e-05 1.3069311215544617e-05 0.0014094769855069382 -0.0017931307980459887 0.00022391317628361459 -0.0002927535680132999 0.00011428213362740964 -0.00010986917415250963 0.00026433353833378999 0.00071083920241365908 -0.00055284204841541578 0.0012591192566257803 -0.0011209884576603678 0.0017250947040430254 -0.0012747419354426357 9.7063000185841633e-05 -0.0019696194871769174 0.004395771429645829 -5.7689967674487384e-05 0.00051977932579907961 -8.4139458537642089e-05 -0.00099647857855753703 0.00030715066968851386 -8.8496827599788492e-05 0.00056271242767082133 0.00047336231545547556 -0.00047655679269751364 -0.00050558254838649536 4.4754685246312193e-05
leaf_weight=11710 45 53 69 50 104 52 550 50 70 44 67 112 48 69 72 145 43 40 42 115 64 157 827 40 960 40 623 411 240 1117
leaf_count=11710 45 53 69 50 104 52 550 50 70 44 67 112 48 69 72 145 43 40 42 115 64 157 827 40 960 40 623 411 240 1117
internal_value=-0.000172879 -9.7083e-05 0.00169792 0.004025 -0.000614308 -0.000138871 -0.000515125 0.000297909 0.00108381 0.000479591 0.00245652 -0.00126115 0.00369697 -0.000409665 0.00124648 -0.00111045 1.57888e-05 -0.00120869 0.00296512 3.55022e-05 4.49431e-05 0.000662161 -0.00157599 0.00074074 -0.000131308 -0.000779221 -8.53078e-05 0.000387541 0.000726905 0.00105112
internal_weight=18029 15388 287 119 2641 1468 1123 573 345 293 137 156 98 475 141 334 189 1173 85 168 266 221 907 80 15101 1000 14101 2391 1980 1740
internal_count=18029 15388 287 119 2641 1468 1123 573 345 293 137 156 98 475 141 334 189 1173 85 168 266 221 907 80 15101 1000 14101 2391 1980 1740
is_linear=0
shrinkage=0.03


Tree=237
num_leaves=31
num_cat=0
split_feature=8 5 12 2 2 5 4 2 1 8 2 12 8 13 4 0 2 7 11 12 5 5 2 7 0 5 0 5 5 7
split_gain=0.972773 0.909711 1.68389 1.85725 1.23561 0.790805 0.832485 1.24335 0.725566 1.33168 0.661741 2.33812 2.76298 3.33009 2.2702 0.942529 0.847492 0.797228 1.2994 0.994731 0.723946 1.44681 0.654824 1.19826 0.945108 0.815314 0.886297 0.815264 0.786717 1.12059
threshold=0.444345852117977 9.795707435667687 0.44326886183451136 0.17659535324607245 0.14100327276007238 7.2675251843400792 1.1900059086860073 0.75418834528913947 2.5728749838688869 0.75990970749096498 0.10916359167140414 0.48803610090269095 0.091662665955854233 0.083083906240315045 0.64708509407456727 1.5529917660574257 0.10180600884832154 0.19736350306681269 7.5000000000000009 0.47265009815178344 9.1788496835846747 8.8700307599038375 0.16473149911731191 0.46794816857268601 1.067241418238668 11.578010707236436 1.0860490175461319 10.611203096967946 9.4424436638760749 0.68084063207149981
decision_type=10 2 2 10 10 2 10 10 2 10 8 2 10 2 10 10 10 2 2 2 2 2 10 2 10 2 10 2 2 2
left_child=10 5 3 -3 -4 6 -2 8 9 -8 11 12 13 -1 -15 20 17 18 -14 -19 21 -13 23 -12 -25 26 -26 28 -28 -30
right_child=1 2 4 -5 -6 -7 7 -9 -10 -11 22 15 16 14 -16 -17 -18 19 -20 -21 -22 -23 -24 24 25 -27 27 -29 29 -31
leaf_value=0.00031307030997024319 -0.00053288671300815219 -0.00081545217114889523 0.00024638560061330731 0.0015463108212178023 -0.00041756433239520721 -0.00062011765859866898 -0.00065354613103370328 -0.0013891614086175826 0.0026330707561763454 0.0015738911556753981 -0.00030502879501062769 -0.00051525854658284343 0.0009801309494683122 0.0003930135476523879 0.0014641778353921418 0.00042358577408638189 0.00038459343135038892 -0.00039560793166894107 -9.4819568070728208e-05 0.00022680303133382863 -0.00024080862389381461 0.00068831779407232203 -1.129367429423888e-05 -0.00034609437998422662 0.0007335310672137691 0.00054040950488018133 -0.00020727419340422907 -0.00021139940806873353 -4.2250671158152604e-05 0.00019005186509114843
leaf_weight=118 220 47 62 49 313 989 100 73 42 76 694 57 81 45 50 54 60 394 102 72 645 68 11971 176 54 67 275 363 527 280
leaf_count=118 220 47 62 49 313 989 100 73 42 76 694 57 81 45 50 54 60 394 102 72 645 68 11971 176 54 67 275 363 527 280
internal_value=-0.000209215 -0.000838236 0.00031144 0.00383505 -0.000598405 -0.0011992 -0.000240235 0.000811643 0.0019452 0.00108475 -0.000132414 0.000419003 0.00145612 0.00444392 0.00859375 -0.000741819 0.00055352 0.000235384 0.00190761 -0.000423984 -0.00101167 0.00107143 -0.000199265 -0.000647518 -0.000227195 7.65723e-06 -0.000138001 -0.000280084 0.000132963 0.000605197
internal_weight=18124 1971 471 96 375 1500 511 291 218 176 16153 1746 922 213 95 824 709 649 183 466 770 125 14407 2436 1742 1566 1499 1445 1082 807
internal_count=18124 1971 471 96 375 1500 511 291 218 176 16153 1746 922 213 95 824 709 649 183 466 770 125 14407 2436 1742 1566 1499 1445 1082 807
is_linear=0
shrinkage=0.03


Tree=238
num_leaves=31
num_cat=0
split_feature=8 5 3 0 3 0 12 8 4 8 8 4 0 8 11 12 4 1 9 6 5 5 8 0 0 12 3 3 4 5
split_gain=0.817287 1.49352 1.94487 2.1153 1.51553 0.782554 1.59662 1.73113 0.699466 0.819781 0.834409 1.35574 1.8992 0.812632 1.76739 2.04815 1.4691 0.809858 1.66614 2.69097 1.38036 0.687303 0.879638 0.816211 0.841723 0.758458 0.600386 1.26873 1.13441 0.76709
threshold=0.32253513518843635 10.637404681259602 6.8860646059098434 1.7437737896305012 1.1917656003448236 1.0392139667070845 0.5402280177774893 0.37862843007394725 -0.10847734851739124 0.17116098884739378 0.14178536499150698 -0.4710394087353838 1.2404590306824748 0.23711768293944444 4.5000000000000009 0.57374848324077909 1.1794919934429628 1.249676902237006 0.70870565615629466 0.33694328911748844 9.9716834395762266 10.351756689125885 -0.11558925516959305 1.6004433430809748 2.043711641726913 0.43443355015762464 1.463180841018844 1.3236688920375201 2.515999296957633 10.245142755153182
decision_type=10 2 10 10 10 8 2 10 8 8 10 10 10 10 2 2 10 2 8 2 2 2 8 8 10 2 10 8 10 2
left_child=8 5 3 4 -3 6 7 -2 9 10 11 -1 -13 21 15 16 -15 20 19 -19 -18 26 -23 25 -25 -24 27 28 29 -10
right_child=1 2 -4 -5 -6 -7 -8 -9 13 -11 -12 12 -14 14 -16 -17 17 18 -20 -21 -22 22 23 24 -26 -27 -28 -29 -30 -31
leaf_value=-0.00017475345171075955 0.0013087793244443507 0.00056849267447954272 -0.00032775062882288425 0.0012818375740000357 -0.00019056869166487417 -0.00021684801823007664 0.015340571523725947 -0.00062865634726960967 -8.8728086027898531e-05 -7.1854848792158216e-05 0.00030790887505845183 0.00085151125423641014 3.1081969624974587e-05 0.00015461845032402734 -3.0427142319411029e-05 -0.00028399717875066582 0.0012142537951758334 0.0013315810930798464 0.00032888375046808874 0.0001254902715347397 -0.00073946420484962382 0.0003161176743019702 -0.00044564732988181883 -0.00051990514900036823 -0.00010107755591122471 -1.7186708147792078e-05 8.6543607544602796e-07 -0.00035182225987743338 0.00040188281342188014 0.0002721616053952265
leaf_weight=116 57 44 103 62 119 3240 43 195 1267 169 49 53 87 257 1637 176 68 55 98 42 45 68 92 630 708 1793 5797 711 42 117
leaf_count=116 57 44 103 62 119 3240 43 195 1267 169 49 53 87 257 1637 176 68 55 98 42 45 68 92 630 708 1793 5797 711 42 117
internal_value=-0.000252495 -0.000638976 0.00129483 0.00285398 0.00104268 -0.000818722 0.000658783 -0.00026087 -0.000146399 0.000985262 0.00191176 0.00121401 0.00319149 -0.000185902 0.00031778 0.00153234 0.00241166 0.00380582 0.00497449 0.0077449 0.00176316 -0.000292625 -0.000657048 -0.000728599 -0.001295 -0.000326088 -0.0001414 -0.000571095 -5.46608e-05 -0.000203611
internal_weight=17940 3863 328 225 163 3535 295 252 14077 474 305 256 140 13603 2378 741 565 308 195 97 113 11225 3291 3223 1338 1885 7934 2137 1426 1384
internal_count=17940 3863 328 225 163 3535 295 252 14077 474 305 256 140 13603 2378 741 565 308 195 97 113 11225 3291 3223 1338 1885 7934 2137 1426 1384
is_linear=0
shrinkage=0.03


Tree=239
num_leaves=31
num_cat=0
split_feature=6 4 5 3 4 7 0 0 5 8 7 4 5 6 7 2 7 5 5 8 0 6 2 8 8 2 3 7 5 5
split_gain=0.585836 0.529795 0.835392 0.830728 0.811797 0.746727 0.757409 0.669376 1.06984 1.5006 0.554777 1.24449 1.10358 0.947263 1.34364 0.834169 0.743878 0.717285 1.79725 1.54068 1.22668 1.07341 1.13416 1.5796 0.99891 0.938268 0.862574 0.846427 0.835059 0.688148
threshold=1.3470250903552214 1.4259465675535432 3.4175922930736511 319.06752375458069 0.92577469549393498 0.13918493739625848 1.1446208829465807 1.3573578484553537 10.977038401263089 0.15403092546450278 0.61653866360386422 0.96428459739940109 11.471655444261616 0.61572665746085875 0.80197797213813993 0.5127230041609725 0.8437537603228471 10.598420636718563 10.157121483752109 0.038554656659820226 1.3236547269784127 0.40292678949042676 0.27282975265839388 0.16153628002196105 0.10955932804797305 0.11130987934919551 176.49484899938872 0.63880469135916351 10.334896519319232 7.8543805330358687
decision_type=2 8 2 10 10 2 8 8 2 10 2 10 2 2 2 10 2 2 2 8 10 2 10 8 8 10 10 2 2 2
left_child=1 3 -3 10 -5 6 -4 8 -7 -10 11 29 15 16 -15 -13 17 18 26 28 24 22 27 -24 -21 -26 -12 -22 -20 -1
right_child=-2 2 5 4 -6 7 -8 -9 9 -11 13 12 -14 14 -16 -17 -18 -19 19 20 21 -23 23 -25 25 -27 -28 -29 -30 -31
leaf_value=-0.00066883517693621969 -0.011571717123319815 0.0095651833903867868 0.00011617318315955768 -3.9287884141959473e-05 0.00034959297828477873 -2.3740439416537136e-05 -0.0012636873642233677 -0.00010052994542453948 0.00050687475476917125 -5.2846172390666854e-05 -1.0920168861766758e-05 6.6227911752873646e-06 0.00034988347165779127 -1.3205294188504919e-06 0.0019281929585085625 0.0018782985568631394 -0.0001367618755039221 -0.00013648960098572972 0.00075271926403657255 0.00057254008363965918 0.00021147855133628972 0.00057375798211680091 0.0013767147365116464 -0.00012539617730399487 -0.00013782592539997312 0.0003220461727934397 0.00041588914181425122 -0.00042945290804212146 0.00031410149687080525 -7.1723002432764023e-05
leaf_weight=581 70 45 47 71 67 1721 226 4395 48 63 3074 2082 40 59 41 40 389 844 42 52 40 41 51 104 53 73 59 277 58 3266
leaf_count=581 70 45 47 71 67 1721 226 4395 48 63 3074 2082 40 59 41 40 389 844 42 52 40 41 51 104 53 73 59 277 58 3266
internal_value=-0.000237903 -0.000227132 -0.000442256 -0.000103639 0.00220144 -0.000470698 -0.00200365 -0.00040318 7.8559e-05 0.00291964 -0.000132068 -0.000328952 0.000246879 9.30004e-05 0.0029703 0.000152614 3.66414e-05 0.000139651 0.000310318 0.00158712 0.00107948 0.000332684 -7.61107e-05 0.00201923 0.00321788 0.00174803 -1.24449e-05 -0.00110377 0.0050495 -0.000652547
internal_weight=18019 17949 6545 11404 138 6500 273 6227 1832 111 11266 6009 2162 5257 100 2122 5157 4768 3924 791 691 513 472 155 178 126 3133 317 100 3847
internal_count=18019 17949 6545 11404 138 6500 273 6227 1832 111 11266 6009 2162 5257 100 2122 5157 4768 3924 791 691 513 472 155 178 126 3133 317 100 3847
is_linear=0
shrinkage=0.03


Tree=240
num_leaves=31
num_cat=0
split_feature=13 0 3 4 2 9 0 7 3 2 7 9 11 12 13 9 0 3 12 4 3 12 2 12 12 12 7 2 0 4
split_gain=0.716057 0.703213 0.67845 0.748267 0.684768 0.864837 0.971494 0.890484 0.833165 0.962784 0.808136 1.70685 0.749252 0.736379 1.40877 1.46893 1.61815 0.712716 1.25618 1.15926 0.892266 0.926971 0.963161 0.878061 0.798849 0.750979 0.735369 0.702325 0.927375 1.69542
threshold=0.68790237325945658 21.534172661870507 72.697652247047458 1.4033728438259334 0.17274432831336986 2.5307953036009834 1.2823349896377194 0.45351338471230235 1.2409005944180564 0.17445819296516149 0.52544319077103596 0.070157475499049868 4.5000000000000009 0.46533527212599651 0.22759778840609982 0.60587791958002724 1.8209931569706135 1.518741257858381 0.49594035742835557 1.3633957431973001 1.3408478970078834 0.53464705138877966 0.14897757817909948 0.49108407698033629 0.47815933025075802 0.53335028176772181 0.59699370247786876 0.20621746665969345 1.5397590174412681 0.30808332261209964
decision_type=2 8 8 10 10 10 10 2 10 10 2 10 2 2 2 10 10 10 2 10 10 2 10 2 2 2 2 10 10 10
left_child=2 -2 4 -4 5 6 17 -8 -6 -10 11 -9 -13 -12 -15 16 -16 20 -19 -20 23 -22 -23 24 -1 -21 -26 28 29 -11
right_child=1 -3 3 -5 8 -7 7 10 9 27 13 12 -14 14 15 -17 -18 18 19 25 21 22 -24 -25 26 -27 -28 -29 -30 -31
leaf_value=1.7090513963099586e-05 -0.0045398201302329529 -0.00021379903476799643 -3.5028421310571063e-05 -0.00021816398064656133 -0.00034906868001345295 0.00027247876523561152 -0.00043866417110010095 0.0015002221025999414 0.00087878899535546822 0.00088080029104541753 -0.00099932222942387939 0.00064713754093836614 -0.00066987460707983496 -0.0001427185186486597 0.00090485512099595987 0.00076921049602935408 -0.00037179961661239159 -0.00027772719934944566 5.3090148277565751e-05 0.00061395506969079427 -0.00061103934254606656 -0.00036346831656497127 0.00035906920397254008 -0.0001106476431978868 0.00018666026646896813 0.0004947806149658223 0.00038715999405857508 -1.9142062756654532e-05 -1.4265402222470284e-05 9.2783389776410173e-05
leaf_weight=1186 190 227 1192 855 170 65 414 40 50 100 142 40 89 946 44 48 66 62 139 40 257 41 41 981 115 40 76 8157 1171 1082
leaf_count=1186 190 227 1192 855 170 65 414 40 50 100 142 40 89 946 44 48 66 62 139 40 257 41 41 981 115 40 76 8157 1171 1082
internal_value=-0.000258372 -0.00148565 -0.000229292 -0.000742676 -0.000161893 -0.000456804 -0.000503536 -0.00104754 -2.79571e-05 5.68056e-06 -0.00068856 0.00125294 -0.000438462 -0.000952687 -0.000689593 0.00192453 -7.08812e-10 -0.000169185 0.00126596 0.00233182 -0.000319126 -0.00175588 0.00101205 -0.000111913 0.000376632 0.00518518 0.00217187 -1.42715e-05 0.000442225 0.00103466
internal_weight=18066 417 17649 2047 15602 4872 4807 1829 10730 10560 1415 169 129 1246 1104 158 110 2978 281 219 2697 339 82 2358 1377 80 191 10510 2353 1182
internal_count=18066 417 17649 2047 15602 4872 4807 1829 10730 10560 1415 169 129 1246 1104 158 110 2978 281 219 2697 339 82 2358 1377 80 191 10510 2353 1182
is_linear=0
shrinkage=0.03


Tree=241
num_leaves=31
num_cat=0
split_feature=6 2 1 12 1 6 2 12 12 7 1 0 11 0 8 0 2 1 2 8 1 8 0 8 4 0 4 4 4 12
split_gain=0.650675 0.875714 0.733122 0.620643 0.626554 1.55252 0.603316 1.20538 1.32084 1.70143 0.935016 0.594792 0.664009 0.600824 0.572194 1.18937 1.05661 0.632737 0.582856 0.651356 0.537379 1.46372 1.56098 1.3144 0.855483 0.907279 0.85495 0.740053 1.39751 1.20882
threshold=0.40557866578172869 0.75418834528913947 2.5338035353535355 0.70146423968922733 6.3660465151443359 0.26212757560639416 0.30465181966971872 0.50755918954334744 0.46091639781348365 0.5737560002886386 4.3304468416636714 3.8667012152667897 10.500000000000002 27.510537024925515 0.80015271443541403 3.4372732607767822 0.5127230041609725 2.6475008597115797 0.4379827288074391 0.15863771952972797 2.2558805113981091 -0.085868421738635334 3.2086876422596062 0.13885248015634441 0.57463261756806305 1.1486965180398092 1.2139615350443014 2.2208975449451307 2.2411811990632962 0.46220810266113799
decision_type=2 10 2 2 2 2 10 2 2 2 2 8 2 8 8 8 8 2 8 10 2 10 8 10 10 10 10 10 10 2
left_child=3 2 11 4 14 -6 -4 8 9 -8 -9 -2 -13 -14 18 16 17 -16 20 -20 27 -22 24 -24 -23 -26 -25 -1 -29 -30
right_child=1 -3 6 -5 5 -7 7 10 -10 -11 -12 12 13 -15 15 -17 -18 -19 19 -21 21 22 23 26 25 -27 -28 28 29 -31
leaf_value=-1.0702487860124371e-05 -0.00088638091624956101 -0.0011683824180746317 -0.00011904386638795269 -0.00050969410243695539 0.00043455776726082911 -0.00050717357032885541 0.0012773922394235435 -0.00038275832972936347 0.001352614597352817 -0.0011105323964516296 0.00069387095269996565 -0.00020470931012603379 0.00049474538577839219 3.263874627182329e-05 -9.1716873623740543e-05 0.0018227397109786729 0.00054076316444044595 0.00054884875318649288 9.2328587589857156e-05 -0.0010315715588459387 0.0017963951704121431 0.00061257843178773189 -0.00020983060795302618 0.00080972877157437645 0.00010332342154509547 -0.00029989006891528166 8.0910774516773114e-05 0.0015957816560465926 0.0011569624208806076 -4.464300280867621e-05
leaf_weight=11762 559 201 184 139 56 40 48 172 70 110 42 1145 50 89 570 57 64 41 81 189 41 115 90 42 141 1387 106 51 84 368
leaf_count=11762 559 201 184 139 56 40 48 172 70 110 42 1145 50 89 570 57 64 41 81 189 41 115 90 42 141 1387 106 51 84 368
internal_value=-0.000207903 -0.00064021 -0.000484616 -0.000133032 -0.000114812 0.00228866 0.000401913 0.00100226 0.00251528 0.000981131 -0.000613954 -0.000785792 -0.000429573 0.00152143 -0.000130152 0.000687585 0.00033284 -5.39223e-05 -0.000171601 -0.00154982 -0.000145264 -0.000611545 -0.000734857 0.00153138 -0.00106387 -0.0012518 0.00326174 -7.21514e-05 0.00105357 0.000516556
internal_weight=18094 2670 2469 15424 15285 96 626 442 228 158 214 1843 1284 139 15189 732 675 611 14457 270 14187 1922 1881 238 1643 1528 148 12265 503 452
internal_count=18094 2670 2469 15424 15285 96 626 442 228 158 214 1843 1284 139 15189 732 675 611 14457 270 14187 1922 1881 238 1643 1528 148 12265 503 452
is_linear=0
shrinkage=0.03


Tree=242
num_leaves=31
num_cat=0
split_feature=6 0 2 3 6 9 9 2 2 2 5 12 9 1 0 3 3 12 6 12 4 5 6 2 9 4 5 0 0 5
split_gain=0.83656 0.916674 1.63543 1.33786 0.914124 1.13948 1.05782 2.15712 3.03051 0.681915 0.775783 0.651542 0.675465 0.782636 0.798463 1.50644 2.57632 0.961268 1.39583 0.756607 0.667903 0.841277 1.24065 1.25721 0.991194 1.27854 1.16644 0.744703 0.648116 0.643972
threshold=0.39657193621513193 3.4372732607767822 0.32060108573038532 17.161922654705474 0.23878754578110065 0.48480549412846147 0.73282419162571266 0.22503952007816655 0.19842466355899674 0.22121282174950754 8.9095730576946011 0.20941806217512135 2.8891714323214512 0.47865344352617128 6.6513157033020294 1.802937964204639 1.6477503097371022 0.57718582737325641 0.44100445783652648 0.5683075253109825 0.82918162691922881 6.6560834372730202 0.59507401800439574 0.63810651982531053 0.39042018602226225 1.6895868738103326 7.5543346865244549 27.510537024925515 2.043711641726913 10.036772039442626
decision_type=2 10 10 10 2 8 10 10 10 10 2 2 10 2 8 10 10 2 2 2 10 2 2 10 10 10 2 10 10 2
left_child=1 -1 4 -4 5 -3 9 8 -8 -6 -11 -2 13 -13 15 16 28 18 -16 -17 -20 22 -22 -24 25 -23 -27 -26 -15 -5
right_child=11 2 3 29 6 -7 7 -9 -10 10 -12 12 -14 14 17 19 -18 -19 20 -21 21 24 23 -25 27 26 -28 -29 -30 -31
leaf_value=-9.1425721318939884e-06 -0.0080406709041790907 0.00040519939888332326 0.00039607409231401066 0.00012445537143900508 -0.00048235031125435323 -0.00023559136828947845 -0.00013534229108909439 -3.3831198886048759e-05 0.0011686478029251472 0.0007442869268219055 -0.00017584485647686169 -0.00064783269426051636 -0.00056127903339200219 0.00035942645189809098 0.00062401573620176243 -0.00067236163987224851 0.00059012183293899207 -0.00012236434741053556 -0.00059568690251424867 1.752614504820323e-05 -9.3041196477408581e-05 -0.0010487047333886635 0.002519379134899019 2.0090900879345114e-05 0.00043342833018027849 0.0013139482285502763 -9.5866095477047702e-05 0.00044208268727441273 -0.00093460969253787273 0.00056451481850537211
leaf_weight=14129 99 49 41 155 188 47 41 229 59 47 203 330 501 42 70 703 51 272 136 51 63 144 75 43 44 41 92 52 55 64
leaf_count=14129 99 49 41 155 188 47 41 229 59 47 203 330 501 42 70 703 51 272 136 51 63 144 75 43 44 41 92 52 55 64
internal_value=-0.000120219 -3.18633e-05 0.000792704 0.00287356 0.000163194 0.00290722 -0.000183594 0.0011 0.00475247 -0.00114806 -0.000119523 -0.000590577 -0.000504339 -0.000283444 -5.27139e-05 -0.00070432 0.00205369 0.00051694 0.00106439 -0.00124768 0.000651229 0.00111351 0.00278571 0.00458823 0.000296791 -0.000615109 0.0015 0.00290722 -0.000826531 0.00192273
internal_weight=18116 15252 1123 260 863 96 767 329 100 438 250 2864 2765 2264 1934 902 148 1032 760 754 690 554 181 118 373 277 133 96 97 219
internal_count=18116 15252 1123 260 863 96 767 329 100 438 250 2864 2765 2264 1934 902 148 1032 760 754 690 554 181 118 373 277 133 96 97 219
is_linear=0
shrinkage=0.03


Tree=243
num_leaves=31
num_cat=0
split_feature=6 7 1 5 12 5 5 8 6 8 12 5 2 1 12 8 5 5 8 6 2 5 5 12 7 3 3 9 12 2
split_gain=0.769507 0.616782 1.0334 1.25861 6.14789 1.11706 0.798718 1.24352 1.2082 1.19089 0.867097 0.757578 1.13812 1.10863 1.20852 1.70495 2.78544 3.19572 0.861184 0.812273 1.907 0.809216 1.08689 0.874468 0.767674 2.01308 2.26403 3.04911 4.76289 2.60905
threshold=1.1488037409601473 0.45351338471230235 1.9394077520898645 10.785466303638989 0.52791449686960823 4.2903656061101136 10.027142203153319 0.37470729506273387 -0.0075719317799949329 0.0070208588353442838 0.39100629057196373 10.583308836345422 0.27406936931347803 1.6924321301499383 0.44846862205348553 0.18189970298090821 10.769095326501775 11.214545858445112 0.064714614669915724 0.20368793320385861 0.1828093794918646 11.001191069727653 11.134727686677195 0.63129839907857022 0.56356504515786832 1.2409005944180564 1.9259818783548555 0.06545751753903957 0.49040301950279636 0.19299710594229966
decision_type=2 2 2 2 2 2 2 10 2 8 2 2 10 2 2 8 2 2 10 2 10 2 2 2 2 8 8 10 2 10
left_child=1 2 3 5 -5 -1 7 9 -8 -7 -9 24 13 18 -15 19 -17 -18 -13 20 -16 23 -23 -20 25 -3 27 28 -27 -30
right_child=-2 11 -4 4 -6 6 8 10 -10 -11 -12 12 -14 14 15 16 17 -19 21 -21 -22 22 -24 -25 -26 26 -28 -29 29 -31
leaf_value=0.00471321255748656 -0.0076501995250471957 -0.00046285841534061099 -0.00032978461362307272 -0.00017201460000651922 0.00077512771615806007 -0.00020961854743935666 0.00024146115011729828 0.00052481470330478189 -0.0003644129190968629 0.0001102523008264445 -0.00066397501765122133 -0.00031014283566308567 -0.00041765158620455192 -0.0013206273571624726 -4.3566042771586026e-05 -0.0011381357819767214 0.0025553867636194396 6.4283502445455465e-06 -0.00025697870119883721 -0.00075112671466322895 0.00070192952879958432 0.00021930530486726941 -6.6174958515237849e-06 0.00013835926686506247 -8.1722242631683968e-06 -0.00041896521098574476 1.2613476350180798e-05 0.00034096780189116032 0.0040290478932120555 0.002086946800134899
leaf_weight=71 145 292 855 179 47 224 67 44 1122 1432 393 478 382 77 135 42 54 45 579 118 77 95 351 51 8877 40 1225 456 43 50
leaf_count=71 145 292 855 179 47 224 67 44 1122 1432 393 478 382 77 135 42 54 45 579 118 77 95 351 51 8877 40 1225 456 43 50
internal_value=-0.000193828 -0.000176126 -0.000482977 -0.000258939 0.00190308 -0.000405189 -0.000486141 -0.000133239 -0.00110672 0.000242606 -0.0015548 -7.50675e-05 -0.000548089 -0.000273895 0.000885245 0.00145551 0.00420422 0.00693 -0.000682959 0.000271903 0.00138028 -0.0002117 0.0007651 -0.000903329 3.19549e-05 0.000546748 0.000919008 0.00244576 0.00642537 0.010117
internal_weight=18046 17901 4434 3579 226 3353 3282 2093 1189 1656 437 13467 2484 2102 548 471 141 99 1554 330 212 1076 446 630 10983 2106 1814 589 133 93
internal_count=18046 17901 4434 3579 226 3353 3282 2093 1189 1656 437 13467 2484 2102 548 471 141 99 1554 330 212 1076 446 630 10983 2106 1814 589 133 93
is_linear=0
shrinkage=0.03


Tree=244
num_leaves=31
num_cat=0
split_feature=4 12 5 12 0 8 9 12 8 0 5 2 12 9 9 5 8 9 12 0 8 4 1 6 8 12 8 8 12 9
split_gain=1.07628 0.786895 0.644551 0.782798 1.35858 2.25993 0.76787 0.747629 0.639117 0.669508 0.986274 1.47499 1.12544 1.1375 1.08666 1.07956 1.53589 0.865958 1.22807 0.670463 0.643644 0.604211 1.20046 1.75469 1.51132 0.999973 0.949096 1.035 1.69715 1.30729
threshold=-0.084720568211869615 0.20941806217512135 8.7470342515484827 0.52071591152722796 1.2985876437909145 0.14323179279369627 0.85256731681640552 0.41708810094604393 0.019183085926522892 21.534172661870507 8.1225195452981414 0.34491141972650835 0.5664888933875637 -1.0000000180025095e-35 1.8882934161809024 9.5309009703603973 0.20928005865222868 2.6284633607719425 0.58412430992282249 5.4482929457209348 0.25321485552366063 0.94571052938434852 -0.11172568196331416 0.14059634456072481 0.1757270346600909 0.54638543337134249 0.24662603953183673 0.26560513173602002 0.50052225390152427 -0.1499822167876271
decision_type=8 2 2 2 10 10 10 2 8 10 2 10 2 10 8 2 10 10 2 10 8 10 2 2 10 2 8 8 2 8
left_child=2 -2 7 -4 5 -5 -6 -1 -3 17 11 -11 -12 -14 -13 20 -17 21 -19 -20 -15 -10 23 24 -23 -26 -24 28 -28 -29
right_child=1 8 3 4 6 -7 -8 -9 9 10 12 14 13 15 -16 16 -18 18 19 -21 -22 22 26 -25 25 -27 27 29 -30 -31
leaf_value=0.00043407625445225927 -0.0047706319877024511 -8.8054367760631228e-05 -7.5829491755413574e-06 0.00061752148758443474 2.3991060627450347e-05 0.00010563059200930536 0.00044647388167658441 -0.00069404314240668864 -5.2680577939357379e-05 -0.00038040495504928308 -0.00084532645802060026 0.0003424165612061825 -8.3430731477204063e-05 -0.00029301230848110914 0.0012597171816647159 0.00056563000548654472 1.1722650832320622e-05 -0.00054485324865550806 0.00015423571944224747 -0.0001656462792563228 0.00023191146955245319 0.00027268804994843101 -3.8423466428022671e-05 -2.993876391902671e-05 0.0011933597847493612 0.012330223929321048 0.0006555599342373548 0.001284299221305037 -2.0543208297269711e-05 1.2954451854164465e-05
leaf_weight=47 132 1726 182 41 182 50 47 136 5307 60 143 51 180 59 55 62 62 805 229 100 40 127 4450 287 73 43 125 48 153 3115
leaf_count=47 132 1726 182 41 182 50 47 136 5307 60 143 51 180 59 55 62 62 805 229 100 40 127 4450 287 73 43 125 48 153 3115
internal_value=-0.000181643 -0.0002275 0.000983964 0.00153877 0.00242991 0.00551087 0.00118696 -0.000538044 -0.000209815 -0.000149086 0.000748947 0.00276647 0.000131626 0.000943069 0.0048785 0.00237054 0.004224 -0.000192156 -0.000988547 0.000554545 2.99993e-05 -0.000126303 3.1702e-05 0.00141243 0.00328279 0.00574359 -6.12019e-05 0.000312899 0.00206452 0.000158343
internal_weight=18117 17432 685 502 320 91 229 183 17300 15574 712 166 546 403 106 223 124 14862 1134 329 99 13728 8421 530 243 116 7891 3441 278 3163
internal_count=18117 17432 685 502 320 91 229 183 17300 15574 712 166 546 403 106 223 124 14862 1134 329 99 13728 8421 530 243 116 7891 3441 278 3163
is_linear=0
shrinkage=0.03


Tree=245
num_leaves=31
num_cat=0
split_feature=4 3 0 7 5 7 6 0 6 0 11 9 0 6 9 0 3 3 0 3 6 7 9 1 1 3 3 7 7 7
split_gain=0.700133 0.72159 0.681565 0.633385 0.592705 0.458322 1.01539 0.792884 1.30652 1.26616 0.658184 1.13279 0.500172 0.969858 1.0739 0.887824 1.01875 0.91338 0.901694 1.20916 1.60014 1.89302 1.70822 0.862858 1.21148 0.857687 0.798338 2.54969 0.953777 1.21643
threshold=2.515999296957633 1.2851361820854599 512.18750000000011 0.13376981943674532 2.602003343538398 0.20575840433426176 0.37332282233807274 1.5459881785189007 0.28030450161366544 1.1486965180398092 8.5000000000000018 0.41275848472686388 3.4372732607767822 0.23878754578110065 0.38510169754547158 2.0124390179766096 2.5201930089965781 86.871217950292163 1.7884722702726024 1.9707666576535705 0.28608454653049492 0.51388913093149624 0.55956768557355974 0.3281624460969752 0.40508338365174834 40.417143838044616 2.3374069183000317 0.49207900493773443 0.44664427415755786 0.51005728086648106
decision_type=8 8 10 2 2 2 2 10 2 10 2 10 8 2 8 10 10 8 10 8 2 2 8 2 2 10 10 2 2 2
left_child=3 -2 -3 -1 -5 6 7 9 -9 10 11 -6 15 14 -14 17 26 18 25 20 -20 -22 -23 -15 -25 -7 28 -28 -17 -30
right_child=1 2 -4 4 5 12 -8 8 -10 -11 -12 -13 13 23 -16 16 -18 -19 19 -21 21 22 -24 24 -26 -27 27 -29 29 -31
leaf_value=-0.00028100713436502269 0.00039515920544565134 -0.00036184527674616739 6.8737015169382964e-05 -0.0053771366614498058 0.0015012676290876005 -2.3808048291641349e-05 -0.002149488798091106 0.00047092899007903716 0.00031172820722154629 -0.00036314543073399436 -7.6216143028848751e-05 4.8909411322426513e-05 0.00057072818899543329 -0.00019825889753396112 0.00035764827536670667 -0.00059270127836501447 -0.00026860584444942526 -0.00025267864950723152 9.4418975712681816e-06 2.3995150551293497e-06 0.0011282663741186757 -0.00069632700414411631 0.0018682995283782352 0.00046551272179177913 1.9563806994016173e-05 0.00017682567098291729 0.00092982748433632402 -0.00015591664907104556 0.00069415564606254668 -1.5874193006136166e-05
leaf_weight=621 68 645 47 66 49 8463 58 42 46 197 66 53 43 514 48 167 1832 536 178 655 44 65 41 88 2273 617 75 108 44 379
leaf_count=621 68 645 47 66 49 8463 58 42 46 197 66 53 43 514 48 167 1832 536 178 655 44 65 41 88 2273 617 75 108 44 379
internal_value=-0.00021314 -0.00110381 -0.00139394 -0.000174104 -0.000139182 -0.000127863 0.000755859 0.00123568 0.00377528 0.000614753 0.00252071 0.00401942 -0.000155835 0.000196157 0.00322826 -0.000234912 -0.000731006 -0.000112925 -4.85897e-05 0.000814024 0.00229787 0.00456954 0.00235514 9.90953e-05 0.000341659 -0.000142056 0.00018217 0.00190761 -0.000355331 0.000403301
internal_weight=18128 760 692 17368 16747 16681 511 453 88 365 168 102 16170 2966 91 13204 2605 10599 10063 983 328 150 106 2875 2361 9080 773 183 590 423
internal_count=18128 760 692 17368 16747 16681 511 453 88 365 168 102 16170 2966 91 13204 2605 10599 10063 983 328 150 106 2875 2361 9080 773 183 590 423
is_linear=0
shrinkage=0.03


Tree=246
num_leaves=31
num_cat=0
split_feature=13 3 0 8 4 1 12 3 4 13 5 2 5 12 4 8 4 5 13 2 5 13 13 1 8 13 12 13 12 4
split_gain=0.588248 0.551696 1.19225 1.42706 1.02433 1.06962 0.892514 0.864338 1.07777 1.30006 1.02695 0.855435 0.845247 0.850309 1.20021 1.07109 0.844656 0.824807 1.33853 1.06006 0.895388 0.942461 0.783804 0.856789 0.783515 1.96402 1.62086 1.65283 1.04079 0.778215
threshold=1.3470250903552212 2.3374069183000317 2.3186924145067187 0.054094834137879085 -0.38538874172041621 -0.12847619047619033 0.62926670533531681 2.5668365730716469 0.5224659949253696 0.25245839245988227 10.38819504767293 0.35519681939967435 6.6560834372730202 0.55766309349378951 1.1087289469620436 0.75990970749096498 0.99481816731191886 9.2501858887440562 0.26387075255632558 0.35962937867095585 10.726971960039878 0.068408698281408956 0.26387075255632558 0.9904268696724815 0.41016625347132757 0.45891654915643981 0.51252847701438997 0.5743520691097862 0.43027477600231462 1.3299017125862647
decision_type=2 10 10 8 10 2 2 10 10 2 2 10 2 2 10 10 10 2 2 10 2 2 2 2 8 2 2 2 2 10
left_child=1 2 6 -4 5 -3 -1 8 9 -6 11 -10 -9 14 22 29 -12 24 19 20 21 -19 23 -14 25 28 27 -27 -16 -15
right_child=-2 4 3 -5 7 -7 -8 12 10 -11 16 -13 13 15 17 -17 -18 18 -20 -21 -22 -23 -24 -25 -26 26 -28 -29 -30 -31
leaf_value=-2.7211550788707616e-05 -0.011724819351871047 8.9398855387732583e-05 0.00048927480124791041 -0.00052005969084674983 0.0020991475834737467 0.00069219171531801629 -0.00054607741065465629 0.00035463940272105964 -0.00030043622808641337 1.6825722694077114e-06 -5.3021438584618821e-06 0.00076618363830582522 -0.00012712999644449091 4.293251415949785e-05 0.0013120412795218832 0.006779295368333541 0.00048936484291434797 0.00092485017000716162 -0.0005586714240520726 0.00039212446086568333 0.00014073926499425134 -0.00013402607048382264 -0.00073541143287236192 0.00020688982090118571 -0.00013544696069571301 0.0014032061779272 -1.6380213194977801e-05 0.00033735695251845541 -6.0420053025684654e-05 -6.3410411405246422e-05
leaf_weight=8187 68 85 46 595 72 49 164 298 369 71 47 60 348 2205 60 47 78 40 836 64 159 442 679 109 517 49 63 41 526 1744
leaf_count=8187 68 85 46 595 72 49 164 298 369 71 47 60 348 2205 60 47 78 40 836 64 159 442 679 109 517 49 63 41 526 1744
internal_value=-0.000191733 -0.000181154 -0.000347604 -0.00159346 -1.58965e-05 0.00257778 -0.000251797 -5.51268e-05 0.000958452 0.00327083 0.000356756 -0.000341861 -0.000141104 -0.000200127 -0.000513219 0.00010808 0.00273809 -0.000179057 -0.00064397 0.000318696 -5.14026e-05 -0.000695653 -0.00133509 -0.000373363 0.000391407 0.00101757 0.00403247 0.00659341 0.000224872 5.39233e-05
internal_weight=18118 18050 8992 641 9058 134 8351 8924 697 143 554 429 8227 7929 3933 3996 125 2797 1541 705 641 482 1136 457 1256 739 153 90 586 3949
internal_count=18118 18050 8992 641 9058 134 8351 8924 697 143 554 429 8227 7929 3933 3996 125 2797 1541 705 641 482 1136 457 1256 739 153 90 586 3949
is_linear=0
shrinkage=0.03


Tree=247
num_leaves=31
num_cat=0
split_feature=8 3 5 8 3 6 12 1 5 8 5 2 12 0 5 3 3 8 2 2 6 6 0 5 5 3 11 2 8 1
split_gain=0.698647 1.25488 2.06222 0.818191 0.739541 0.600481 0.586306 0.958186 1.31336 1.97794 1.21792 1.70437 1.3469 1.14736 1.07284 0.708057 1.2047 0.893732 0.869948 0.957659 0.836679 1.15979 2.06875 1.00659 0.833385 0.832325 0.736514 1.085 1.49277 1.84217
threshold=0.53234559898168576 51.907025329674006 7.3323683504381592 1.0079887207582108 1.0111447076342568 1.1488037409601473 0.40980802514412601 2.0311492701530875 9.8749594659439541 0.35644647987729755 9.4424436638760749 0.051238410194211714 0.39654670120448038 1.1486965180398092 10.214458781330704 2.3663689654504005 50.017422447993916 0.29740246101410478 0.17659535324607245 0.17951970431692213 0.17181309278272663 0.23036409911570302 2.2279025452565677 9.7137485503037837 10.583308836345422 56.620248550398607 2.5000000000000004 0.38004114843222664 0.14927274364853166 2.0311492701530875
decision_type=10 8 2 10 10 2 2 2 2 10 2 10 2 8 2 10 10 10 10 10 2 2 10 2 2 10 2 10 10 2
left_child=5 4 -3 -4 -2 6 7 8 10 14 11 -1 -13 -9 -10 -8 18 20 -17 24 -18 22 23 -22 -20 -19 -21 -28 -29 -30
right_child=1 2 3 -5 -6 -7 15 13 9 -11 -12 12 -14 -15 -16 16 17 25 19 26 21 -23 -24 -25 -26 -27 27 28 29 -31
leaf_value=0.0013841863766206189 0.00059882089830263813 0.0024237896285741424 -0.00032512383885846454 0.00050960020057675207 -0.00049753904483897332 -0.0073753800009366639 -4.9775843315171239e-05 0.00068010161567548923 0.00025807591321766997 0.00092733442979608775 -0.001363245658115344 -0.00014094269896828068 0.0011737785326740018 -0.00067866826190298736 -8.6069135043838503e-05 -0.00026696304349447538 -0.0005406467836680302 0.0003175163200617185 0.00038695167413551809 -8.5904215100654624e-05 0.00022642389588078547 -2.6740343278807854e-05 0.0013149917829185917 -0.00041797943537604215 3.2595077925185072e-05 -0.00058547249445762835 4.0322129626647257e-05 0.0025046947633613208 -0.00020755573053759293 0.0015828047092006263
leaf_weight=47 52 45 125 43 976 86 7894 59 40 56 77 277 43 268 73 189 309 77 40 1066 87 1287 61 77 42 462 3983 78 132 68
leaf_count=47 52 45 125 43 976 86 7894 59 40 56 77 277 43 268 73 189 309 77 40 1066 87 1287 61 77 42 462 3983 78 132 68
internal_value=-0.000185266 -0.000871981 0.00121963 -0.000319527 -0.00130612 -0.000134724 -0.000121837 0.000605738 0.00130456 0.00354706 0.000444943 0.00116576 0.000373831 -0.000704269 0.00123684 -0.000165017 3.4677e-05 -0.000533673 0.000274334 0.000344362 -0.000215698 7.53463e-05 0.00205752 0.000290908 0.00354217 -0.00160556 0.000294481 0.000470905 0.00227957 0.000895522
internal_weight=18119 1241 213 168 1028 16878 16792 940 613 169 444 367 320 327 113 15852 7958 2360 5598 5409 1821 1512 225 164 82 539 5327 4261 278 200
internal_count=18119 1241 213 168 1028 16878 16792 940 613 169 444 367 320 327 113 15852 7958 2360 5598 5409 1821 1512 225 164 82 539 5327 4261 278 200
is_linear=0
shrinkage=0.03


Tree=248
num_leaves=31
num_cat=0
split_feature=8 3 3 7 7 1 11 7 9 9 0 1 6 8 0 1 3 8 8 2 6 0 9 6 11 6 3 7 9 7
split_gain=0.719589 0.69612 0.619382 0.49335 1.36226 0.916504 0.716312 0.711141 0.686995 1.07207 1.72937 1.68125 0.542498 1.02746 0.495633 0.430212 0.434886 0.438678 0.421142 1.03682 0.902147 0.828633 0.718076 0.818075 0.881755 1.56172 1.2463 1.08633 0.856555 0.643983
threshold=0.45021394174070833 1.0111447076342568 1.0000000180025095e-35 0.51388913093149624 0.6836987642252973 -0.11172568196331416 3.5000000000000004 0.88187449488861602 0.5330266724869458 0.99848436587174783 1.1098751375562805 1.0911472626582064 0.47388133118783143 0.53234559898168576 1.1654912376365723 -0.34424356276951645 51.907025329674006 0.50499290621692128 0.057897231563806086 0.095828174437692523 0.076385115717212862 1.1230438757793133 -0.40204854588445665 0.1392984076937083 4.5000000000000009 0.12285973275333185 14.216005556928909 0.55341489018396861 0.2531938692759072 0.060924651430521816
decision_type=10 10 10 2 2 2 2 2 8 10 10 2 2 8 8 2 10 10 8 10 2 10 10 2 2 2 10 2 10 2
left_child=2 -2 -1 14 5 -5 -7 15 -8 10 -10 -12 13 -11 -3 -6 -17 -18 19 20 -4 -21 -23 24 25 27 -26 -24 -28 -20
right_child=1 3 18 4 7 6 8 -9 9 12 11 -13 -14 -15 -16 16 17 -19 29 21 -22 22 23 -25 26 -27 28 -29 -30 -31
leaf_value=-0.00052750326288412486 0.00026171767348689989 4.9744488229410171e-05 4.6359556258421054e-05 0.0020791111761391703 9.0077847509487148e-05 -0.0005993192885556663 -0.00058825785193595062 0.0024056509397607259 -0.00085551323322789047 -0.00047232077036235787 0.00026834610735424906 0.0015827314551304502 -0.0032951374367420597 0.00073666632867261752 -0.00084352929451034545 -0.0010717541285949945 -0.00058927563440297557 9.0059677773232272e-05 0.00068373936383972446 -0.00019350593308693713 0.00062690632692390493 5.5149856502273602e-05 -0.00050548534317743923 -0.00010778639489887197 -0.00010708949133634748 0.0007272280744151326 -7.8762308558987137e-06 0.00067097214915429291 0.00098691197104882624 -1.5068537812147128e-06
leaf_weight=119 68 100 124 53 42 101 110 46 47 53 59 55 48 74 414 470 41 96 151 517 56 238 51 1485 332 53 61 73 55 12864
leaf_count=119 68 100 124 53 42 101 110 46 47 53 59 55 48 74 414 470 41 96 151 517 56 238 51 1485 332 53 61 73 55 12864
internal_value=-0.000142217 -0.000698084 -7.76892e-05 -0.000810498 -0.000497686 0.000549084 0.000180656 -0.00140086 0.000697986 0.00137092 0.00312963 0.00511304 -0.000255683 0.000773437 -0.00159612 -0.00165692 -0.0018602 -0.000369566 -6.16407e-05 -0.000379187 0.0018232 -0.000518144 -0.000278417 -0.000454761 0.000455271 0.00224157 -0.000253898 0.000383999 0.00241026 1.2676e-05
internal_weight=18056 1877 16179 1809 1295 600 547 695 446 336 161 114 175 127 514 649 607 137 16060 3045 180 2865 2348 2110 625 177 448 124 116 13015
internal_count=18056 1877 16179 1809 1295 600 547 695 446 336 161 114 175 127 514 649 607 137 16060 3045 180 2865 2348 2110 625 177 448 124 116 13015
is_linear=0
shrinkage=0.03


Tree=249
num_leaves=31
num_cat=0
split_feature=2 12 8 6 0 3 6 12 3 12 0 6 8 7 7 6 0 8 12 12 0 0 12 0 0 12 11 2 2 6
split_gain=0.692511 1.21402 3.03123 3.15379 1.37936 1.2234 1.1101 0.794197 0.776262 1.40808 1.4576 1.4649 1.82127 1.99812 0.74276 0.74079 0.785528 0.730268 1.49438 1.38599 1.42188 1.18947 1.67587 1.24863 1.21588 2.11416 1.05936 0.863261 2.71069 1.3367
threshold=0.10756067846650792 0.48803610090269095 0.091662665955854233 0.083083906240315045 1.1989110907683698 1.2169055646876001 0.18319577104959175 0.20941806217512135 1.479035711074719 0.53396485162460539 1.2985876437909145 0.12795820417308071 0.13128007233620551 0.67142721295405694 0.63683621704655724 0.1546905031980961 1.426757449151226 0.31568745645763213 0.37867454858586441 0.5884577366897159 1.7056691226305782 6.207809071361118 0.52421697388789201 2.4242653671787537 1.7437737896305012 0.50904657688707522 5.5000000000000009 0.14741932406631381 0.13261438302892117 0.14059634456072481
decision_type=8 2 10 2 8 10 2 2 10 2 8 2 8 2 2 2 8 10 2 2 10 10 2 8 10 2 2 10 10 2
left_child=1 2 3 -1 -5 -4 -3 -2 9 -9 11 12 -11 -14 17 -12 -17 27 -19 21 -21 23 -23 24 -20 -26 -24 28 -10 -30
right_child=7 6 5 4 -6 -7 -8 8 14 10 15 -13 13 -15 -16 16 -18 18 19 20 -22 22 26 -25 25 -27 -28 -29 29 -31
leaf_value=0.00023536414985907727 -0.0067201968511611514 -0.0001742939744293952 -3.7147546207037994e-06 0.00075089485109798148 0.00069935266092673617 0.00080282260594768387 0.0001923671486766954 -0.00018878125169142726 -0.00050300091663291321 -0.00016301630130313819 -0.00037842955693079288 0.00028166376336936563 0.00074022368577985546 0.00018414561195463817 -4.5233854527695714e-05 0.00040432124122259699 -8.1693967763545291e-05 0.0008408419307041606 -0.00031366796348433941 0.0034024746274802431 -0.00047202604329606119 -0.0013858186894893613 8.7497385222444698e-06 -0.0015257719012591207 0.0013119397657975901 -0.00028313783578929621 0.00048492144488794742 2.172082385483861e-05 0.0013211598875528343 0.000406826095026026
leaf_weight=111 114 739 814 48 51 44 75 2446 64 141 186 48 41 69 6274 54 330 143 556 59 43 56 40 313 77 139 42 4825 41 40
leaf_count=111 114 739 814 48 51 44 75 2446 64 141 186 48 41 69 6274 54 330 143 556 59 43 56 40 313 77 139 42 4825 41 40
internal_value=-0.00016528 0.000379181 0.00104397 0.0042654 0.00813 0.000251454 -0.000493252 -0.000228783 -0.000210944 -0.000619723 0.000417241 0.00211 0.00117857 0.00405405 -0.000104303 -0.000472855 0.000280519 0.000122068 -0.000465624 -0.000780544 0.00256311 -0.00106128 0.00155396 -0.00139503 -0.000745149 0.00116129 0.00426506 0.000295714 0.00256849 0.00618293
internal_weight=18023 1882 1068 210 99 858 814 16141 16027 3315 869 299 251 110 12712 570 384 6438 1468 1325 102 1223 138 1085 772 216 82 4970 145 81
internal_count=18023 1882 1068 210 99 858 814 16141 16027 3315 869 299 251 110 12712 570 384 6438 1468 1325 102 1223 138 1085 772 216 82 4970 145 81
is_linear=0
shrinkage=0.03


Tree=250
num_leaves=31
num_cat=0
split_feature=8 6 8 0 5 9 4 0 9 6 5 7 7 6 4 9 0 8 6 5 7 5 2 11 4 0 2 4 5 9
split_gain=0.794931 0.676219 0.635995 0.703749 0.75276 1.23936 0.768642 0.69249 0.982353 1.01878 0.836811 1.59507 2.52569 0.723781 0.889597 1.14631 1.30336 0.681381 1.44986 0.678746 0.659598 0.686795 0.642195 0.638872 1.72087 2.05873 1.09832 0.919775 0.939097 0.789756
threshold=0.059740579278258037 1.3470250903552214 0.071039897945055733 1.1002362122209204 10.334896519319232 0.18402485479682781 1.7127158069401125 12.088336722964014 0.98382775944342937 0.39657193621513193 8.1225195452981414 0.49907338930864509 0.7460998727262198 -0.039358281437732227 0.99481816731191886 0.50180030127641739 0.91829296289527063 0.30405100141610808 0.49005729593036756 9.8749594659439541 0.71552973156683619 9.6843671431457636 0.38387523515952743 10.500000000000002 2.1333203765231228 1.4498452749534951 0.16735638927251781 1.4899219350834132 10.799106078932304 0.41275848472686388
decision_type=8 2 8 8 2 10 10 10 10 2 2 2 2 2 10 10 10 10 2 2 2 2 8 2 10 8 10 10 2 10
left_child=-1 2 3 -2 6 -6 20 13 10 -10 11 -9 -13 14 -4 16 -16 18 19 -11 21 -5 23 29 26 -26 -25 -28 -29 -15
right_child=1 -3 7 4 5 -7 -8 8 9 17 -12 12 -14 22 15 -17 -18 -19 -20 -21 -22 -23 -24 24 25 -27 27 28 -30 -31
leaf_value=-7.1409965039008984e-05 0.00028461586307242879 -0.0097909508302725604 -0.0001347927062556446 0.00019838149432632735 -0.00010437983999587541 0.00066771397681617494 -0.00047955778784089309 -0.0002701959969926006 0.00043305498993651399 -0.00026779106456472626 -0.00013208277761847864 0.0010976767338591008 -0.00010429614657570842 4.0527052142109762e-06 0.012221059101037029 4.4198863790392999e-05 0.00029641437387485886 -0.00086113677429343967 0.00046876818039261154 5.9654967904358274e-05 0.00075062450467758583 -0.00055323461100590993 -0.00021384371419690717 -0.00022536601416189969 0.0030096560174854544 -7.2190054629673247e-05 0.00022680817543945111 -0.00029240267143598584 0.00020763026395375953 -7.9590071810852663e-05
leaf_weight=3039 54 75 177 93 61 87 75 56 80 103 338 52 48 4497 43 107 47 67 72 43 50 58 1508 672 45 44 949 268 42 5136
leaf_count=3039 54 75 177 93 61 87 75 56 80 103 338 52 48 4497 43 107 47 67 72 43 50 58 1508 672 45 44 949 268 42 5136
internal_value=-0.000227832 -0.000137879 -0.000123446 0.000951983 0.00053647 0.00225503 -0.000389892 -0.000159223 0.000666278 0.00184426 -0.000206061 0.00160509 0.00386139 -0.000211659 0.001088 0.0024697 0.00494505 0.000996503 0.00180822 8.16319e-05 0.000579207 -0.000414474 -0.000248671 -0.000173246 0.000311726 0.00436667 0.00012267 0.000645237 -0.000771705 -0.000274964
internal_weight=17986 14947 14872 478 424 148 276 14394 859 365 494 156 100 13535 374 197 90 285 218 146 201 151 13161 11653 2020 89 1931 1259 310 9633
internal_count=17986 14947 14872 478 424 148 276 14394 859 365 494 156 100 13535 374 197 90 285 218 146 201 151 13161 11653 2020 89 1931 1259 310 9633
is_linear=0
shrinkage=0.03


Tree=251
num_leaves=31
num_cat=0
split_feature=6 8 3 12 12 3 3 8 12 0 8 1 6 1 1 12 0 0 3 8 12 5 8 6 5 0 8 12 2 12
split_gain=0.634714 0.543369 1.27443 1.49173 1.17573 0.845448 0.572023 1.24102 0.975162 0.798142 0.871735 1.37633 1.34082 1.34895 1.58666 1.46121 0.867918 0.779675 0.761193 0.967733 1.07113 1.09772 2.04112 1.09271 0.990656 2.37492 1.91982 2.18206 1.68208 1.59556
threshold=1.3470250903552214 0.53234559898168576 51.907025329674006 0.46220810266113799 0.57135230075797783 1.0111447076342568 56.620248550398607 0.29489646668316777 0.37377096024127371 1.5397590174412681 0.099998242253490979 -0.32029484890109888 0.28227605611218737 -0.08079751226001175 1.5818206793737535 0.58489131352649659 2.2118400763098003 3.9487296708427366 22.064200178053415 0.23928941672900467 0.63359640634278158 9.9905822583368913 -0.11558925516959305 0.19472882601052091 9.777697544870259 2.3186924145067187 0.41962054529223752 0.47629938942128053 0.17951970431692213 0.53522948847951379
decision_type=2 10 8 2 2 10 8 10 2 8 10 2 2 2 2 2 8 8 10 8 2 2 8 2 2 10 10 2 10 2
left_child=1 6 5 -4 -5 -3 18 8 -8 -10 11 -11 13 -12 15 -15 -17 -14 19 20 21 -1 -23 -24 -21 26 -26 28 -28 -29
right_child=-2 2 3 4 -6 -7 7 -9 9 10 12 -13 17 14 -16 16 -18 -19 -20 24 -22 22 23 -25 25 -27 27 29 -30 -31
leaf_value=8.5522727677735667e-06 -0.0093464293088117885 0.00060845327571769912 0.0015708358972015893 -0.00055018798258037269 0.001356360806429034 -0.00038328724950691779 0.00052798035317690455 -0.00047616504452824098 -0.00040771696923523946 0.0023070199665225716 -0.00058669952154677049 -0.00026468490425602726 -0.00091862336139516589 0.0013726378949603128 -5.698047224294815e-07 -1.4827586239182933e-05 0.00035392781988394278 3.1846153135127056e-05 6.5392781153532375e-05 -2.5246184675604014e-05 -0.00038908109348377747 0.0012421844853582585 -2.9227908119013489e-05 -0.00033413865254967526 0.00011583884960139195 -0.00032039916796752966 0.00040843907326617885 -0.00051247086652309211 0.0011361735838087389 0.00037359890653900098
leaf_weight=3733 73 47 56 127 41 1008 40 539 341 40 44 503 109 43 83 40 42 461 2350 2324 318 44 2513 1453 1215 329 51 57 45 59
leaf_count=3733 73 47 56 127 41 1008 40 539 341 40 44 503 109 43 83 40 42 461 2350 2324 318 44 2513 1453 1215 329 51 57 45 59
internal_value=-0.000186663 -0.000175289 -0.000771094 0.00128 -0.000142013 -0.00120739 -0.000129821 -0.000570867 -0.000182027 -0.000291741 3.29422e-05 -0.000898898 0.000648845 0.0024664 0.00347368 0.00559524 0.00318072 -0.000157619 -6.02408e-05 -0.000155906 -0.000346441 -0.000276215 -0.000620794 -0.000692716 0.000220533 0.00075811 0.00128781 0.00391549 0.00723711 0.0011282
internal_weight=18128 18055 1279 224 168 1055 16776 2285 1746 1706 1365 543 822 252 208 125 82 570 14491 12141 8061 7743 4010 3966 4080 1756 1427 212 96 116
internal_count=18128 18055 1279 224 168 1055 16776 2285 1746 1706 1365 543 822 252 208 125 82 570 14491 12141 8061 7743 4010 3966 4080 1756 1427 212 96 116
is_linear=0
shrinkage=0.03


Tree=252
num_leaves=31
num_cat=0
split_feature=6 0 6 12 7 3 0 0 2 5 3 9 12 0 0 5 5 7 5 2 5 7 2 5 12 3 4 3 12 2
split_gain=0.859579 0.872654 0.89442 0.70073 1.2807 1.24484 1.56315 1.40713 3.5935 1.60358 1.07818 0.918614 0.858304 0.781067 1.32409 0.935915 0.973008 0.665886 0.820545 0.66529 1.51819 0.785289 1.02832 1.1376 0.912312 0.678741 0.649079 0.628508 1.08249 0.772039
threshold=0.25567780403746815 8.2866341649580999 0.73051106138180832 0.4754179241400382 0.64894719196263617 1.2409005944180564 2.2498871157881761 1.8418603040506774 0.31916876382623055 10.570585888656725 42.122746829355862 0.75323472765017296 0.45288442670543788 1.3199669909586311 1.4385036644918807 9.8153118601413336 9.0336031863560979 0.45709811072375445 9.4760835251545963 0.20710455997043506 8.5808250472585055 0.56356504515786832 0.28853199338340696 5.992712987207276 0.53199622061529206 1.3494619751939301 2.1333203765231228 39.732221731236031 0.50393374479884656 0.26823905410410087
decision_type=2 8 2 2 2 10 10 10 10 2 10 8 2 10 10 2 2 2 2 8 2 2 10 2 2 8 8 10 2 10
left_child=-1 2 3 4 5 -2 7 9 12 13 -6 -12 -9 -7 -15 16 -16 18 -3 20 25 22 -21 -24 -25 -19 -5 29 -29 -23
right_child=1 17 -4 26 10 6 -8 8 -10 -11 11 -13 -14 14 15 -17 -18 19 -20 21 -22 27 23 24 -26 -27 -28 28 -30 -31
leaf_value=-3.947368263660514e-06 -0.0013555626527662591 -0.00063917163740332393 -0.0074274106638022646 -0.00013563920554312471 -0.00075430294408817037 0.0010077250164192424 -0.00045618693848999879 0.0005482883982579484 -0.00049136925014826426 -0.0013117732905955888 0.0019623208177700748 -0.00021720170928177267 0.00081951890013328864 -0.00031082161363822067 0.00093689352184965003 0.00058924388670225376 -0.00056727146580184138 0.0013850909133726478 6.9203443054012214e-05 -0.00030188716290904235 0.00042903153682767559 4.5392881765386227e-05 0.0024821528543231526 -0.00091195334478319642 0.00032782615075689745 -0.0019691284646300286 -0.00052847988059160321 0.0017065388134493693 -2.8995292655767733e-07 -0.00056371076488603324
leaf_weight=10928 72 357 146 3377 492 40 176 47 67 87 58 43 56 78 42 70 44 53 73 52 65 138 44 48 67 44 312 63 709 262
leaf_count=10928 72 357 146 3377 492 40 176 47 67 87 58 43 56 78 42 70 44 53 73 52 65 138 44 48 67 44 312 63 709 262
internal_value=-0.000213683 -0.000468607 -0.000672236 -0.000605098 -2.62207e-05 0.000773076 0.00115678 0.00196804 0.00421053 0.000903314 -0.00107576 0.00173529 0.00770192 0.00202909 0.00135319 0.00294267 0.000827585 6.83191e-05 -0.000974479 0.00035899 0.00217178 0.00014523 0.00182547 0.00301875 0.00142241 -0.000214286 -0.000820326 -0.000158568 0.000341526 -0.0011222
internal_weight=18110 7182 5207 5061 1372 779 707 531 170 361 593 101 103 274 234 156 86 1975 430 1545 162 1383 211 159 115 97 3689 1172 772 400
internal_count=18110 7182 5207 5061 1372 779 707 531 170 361 593 101 103 274 234 156 86 1975 430 1545 162 1383 211 159 115 97 3689 1172 772 400
is_linear=0
shrinkage=0.03


Tree=253
num_leaves=31
num_cat=0
split_feature=8 3 9 2 6 9 9 3 2 7 7 7 3 9 6 2 9 8 9 8 0 2 6 4 1 7 7 9 0 1
split_gain=0.798623 0.706341 1.61096 1.05513 0.684477 0.629637 0.547889 0.477328 1.22058 0.938182 1.00206 1.14093 1.88542 0.908605 2.64563 2.38898 0.907743 0.863156 0.852859 0.813355 1.27456 1.73034 1.12312 0.753345 0.741247 0.733107 1.14813 1.00837 0.726294 0.712973
threshold=0.47040914936273365 51.907025329674006 0.63412187259900288 0.41464320613627409 0.64595120453014687 0.48480549412846147 1.7268356241375502 2.3374069183000317 0.2185171500771452 0.21182532419860275 0.29790852892118719 0.33374108703201433 4.7208558257064963 0.59208623637577573 0.22759778840609982 0.27282975265839388 1.1512536754049771 0.4393875842256893 0.54453273730387719 0.15709575040925447 1.8418603040506774 0.30013950135075523 0.12285973275333185 1.0425469716929225 1.3294831587672371 0.39355090264881593 0.40917062174420432 0.48480549412846147 2.1115456384415441 6.3660465151443359
decision_type=10 8 8 10 2 8 10 10 10 2 2 2 10 8 2 10 8 10 8 8 10 10 2 8 2 2 2 8 8 2
left_child=7 4 -3 6 5 -2 -4 8 17 13 -11 12 -12 15 -15 -9 -14 -1 19 -10 21 22 -21 -19 28 -13 27 -27 -16 -28
right_child=1 2 3 -5 -6 -7 -8 9 18 10 11 25 16 14 24 -17 -18 23 -20 20 -22 -23 -24 -25 -26 26 29 -29 -30 -31
leaf_value=-1.2873875049108225e-05 -0.00072385015666547991 0.0012453798265548361 -0.00051738381962689961 0.0013251258893209022 -0.0032599156563060637 -0.00010811590087462366 2.0647028363022103e-05 0.001218140628489011 -0.00019077366216368175 -0.0006607071755564206 0.00073976533876663961 -0.0006479359215085371 0.00060805888647207313 0.0010749287072774082 -1.9117683155986647e-06 -0.001139540843120259 -0.0014325660202717317 2.7346410670369136e-05 -0.00055909736881365143 0.0030273338026729543 -0.00033001471031269668 0.0011331729758340848 -7.3314120141919467e-05 0.00060529800862446702 -0.00017592091638819768 0.00056115514423365597 -9.4575900012804733e-06 0.0002188748205013596 0.0039518228155667849 0.00036784635516920314
leaf_weight=5821 274 73 131 40 182 955 67 40 885 205 67 175 53 43 45 104 51 46 886 41 230 89 291 40 78 43 6984 46 40 98
leaf_count=5821 274 73 131 40 182 955 67 40 885 205 67 175 53 43 45 104 51 46 886 41 230 89 291 40 78 43 6984 46 40 98
internal_value=-0.000207405 -0.000821823 0.000471153 -0.000728034 -0.00110694 -0.00085122 -0.00162814 -0.000142849 -0.000302162 2.15526e-05 -4.73916e-05 9.17726e-06 0.00242442 0.00153846 0.00281159 -0.000289656 -0.000114286 -6.95674e-05 -0.000869171 -0.00044112 0.000363496 0.0013436 0.000342342 0.00289655 0.00104268 -4.7367e-05 -4.19009e-07 0.00336667 0.00296512 -4.32027e-05
internal_weight=18123 1722 311 238 1411 1229 198 16401 8329 8072 7722 7517 171 350 206 144 104 5907 2422 1536 651 421 332 86 163 7346 7171 89 85 7082
internal_count=18123 1722 311 238 1411 1229 198 16401 8329 8072 7722 7517 171 350 206 144 104 5907 2422 1536 651 421 332 86 163 7346 7171 89 85 7082
is_linear=0
shrinkage=0.03


Tree=254
num_leaves=31
num_cat=0
split_feature=8 6 4 6 5 9 2 6 7 12 7 12 9 7 4 11 6 12 2 4 8 9 4 8 5 12 5 8 7 5
split_gain=0.719678 0.622299 0.756283 0.523713 0.478426 1.38023 1.36379 0.910181 1.19 4.88111 0.977816 0.838124 0.660372 1.23987 1.0296 0.811025 0.766139 0.849899 0.626241 0.518564 1.33398 1.22434 1.58031 1.10525 1.04791 0.991218 1.3102 2.24104 1.28707 1.95328
threshold=0.53234559898168576 -0.19338642418717009 0.65652000926236398 1.1488037409601473 11.02778383160763 1.2302078471422047 0.2224790920300348 0.26595761782140764 0.47567548873174131 0.50836412728593894 0.56956579898425186 0.62349104474402817 0.11974577506793453 0.59914817166921075 1.134358785436167 5.5000000000000009 0.18319577104959175 0.55766309349378951 0.15036265809531926 0.6964861359452128 0.23711768293944444 1.1766021752627891 0.83641244330595177 0.30727019823382079 10.583308836345422 0.47911303773019037 9.8942702026682046 0.41962054529223752 0.55864138344137781 10.49379880230474
decision_type=10 2 10 2 2 10 10 2 2 2 2 2 10 2 10 2 2 2 10 8 8 10 10 10 2 2 2 10 2 2
left_child=1 2 -1 4 19 7 -7 8 9 18 -10 12 14 -14 -12 -15 17 -17 -6 -3 24 22 -22 -23 -21 26 -24 28 29 -28
right_child=-2 3 -4 -5 5 6 -8 -9 10 -11 11 -13 13 15 -16 16 -18 -19 -20 20 21 23 25 -25 -26 -27 27 -29 -30 -31
leaf_value=-0.00020343068262534503 -0.00025564868801454657 1.0642237253780181e-05 0.0023093379650273634 -0.0071649436086083547 0.00010423825770690817 0.0015009601820126259 0.00011563132413409335 -0.00050406284260769781 -0.00063764741349570261 0.00063541462996031031 -0.00025930640723284369 -0.0011662539838395852 0.00066238674423352642 -0.00019014394718954732 0.00018055417989304291 -0.00020919246685433619 0.00013441705655402512 0.00065649276350763456 -0.0006418406663449552 -4.1267287572747384e-05 -0.00047477181129399149 1.9773204585150584e-05 0.00014648370542771598 -0.00041942945048393501 -0.00024675829134291493 1.8303589741147427e-05 0.0002326326851052195 0.0010979769524787583 -9.5787455667886395e-05 0.00082559215910324771
leaf_weight=49 1269 4220 55 78 42 40 55 214 113 43 76 67 49 102 40 84 71 60 51 5842 303 671 641 740 873 1841 121 54 99 57
leaf_count=49 1269 4220 55 78 42 40 55 214 113 43 76 67 49 102 40 84 71 60 51 5842 303 671 641 740 873 1841 121 54 99 57
internal_value=-0.00018312 -0.00013091 0.00217143 -0.000145424 -0.000133797 0.000468411 0.00390625 0.000142151 0.00060826 0.00315328 8.14472e-05 0.000605454 0.00104348 0.00166757 -0.000923078 0.000971697 0.00201389 0.000744827 -0.000734043 -0.000176939 -0.000283377 0.000114619 0.000446583 -0.000618273 -0.000551668 0.000668443 0.00144296 0.00297289 0.00186691 0.00338547
internal_weight=18020 16751 104 16647 16569 1107 95 1012 798 136 662 549 482 366 116 317 215 144 93 15462 11242 4527 3116 1411 6715 2813 972 331 277 178
internal_count=18020 16751 104 16647 16569 1107 95 1012 798 136 662 549 482 366 116 317 215 144 93 15462 11242 4527 3116 1411 6715 2813 972 331 277 178
is_linear=0
shrinkage=0.03


Tree=255
num_leaves=31
num_cat=0
split_feature=13 8 3 5 1 9 8 9 7 13 9 5 7 3 3 7 3 0 12 8 13 13 13 5 12 7 12 1 7 12
split_gain=0.637283 0.483565 1.28703 1.50098 0.632222 0.488081 0.445527 0.940002 1.54589 1.00614 0.670356 1.43923 1.26585 1.2942 1.30939 1.13507 1.11901 2.07222 1.10122 1.36261 1.42327 1.05519 0.956702 1.39189 0.9241 1.14908 0.94875 0.846857 0.824439 0.810951
threshold=1.3470250903552212 0.53234559898168576 54.897731936672848 7.4838065296799909 0.59325134920384259 1.27790356444319 0.059740579278258037 -0.47084466425182742 0.54145588206977224 0.16577961532326582 0.46781891621898408 6.6560834372730202 0.46794816857268601 2.2951283293990632 3.3673837295680724 0.21182532419860275 1.2525571249815857 1.7437737896305012 0.49667758733945883 0.19535742976023299 0.26056362780591963 0.24932786478368921 0.033796413173835756 10.046440051606201 0.55894455337399418 0.7223069125121272 0.47265009815178344 5.7988409000321441 0.85648310395710425 0.39654670120448038
decision_type=2 10 8 2 2 10 8 8 2 2 8 2 2 8 10 2 8 8 2 8 2 2 2 2 2 2 2 2 2 2
left_child=1 6 -3 -4 -5 -6 7 8 -1 -9 11 29 13 22 18 21 17 24 -15 -20 -21 -16 23 -12 25 26 -14 -18 -13 -8
right_child=-2 2 3 4 5 -7 10 9 -10 -11 12 28 16 14 15 -17 27 -19 19 20 -22 -23 -24 -25 -26 -27 -28 -29 -30 -31
leaf_value=0.0012432276732331779 -0.0097393558881458571 -0.00036426370991770517 0.009080582037236452 0.00022447758082377276 -0.0010777534114150347 0.00021379990301616475 0.0026821112691857037 -9.3047549339839424e-06 -0.00010651740182119732 -0.00019773199735675722 -0.00068709656862390447 7.0538615170017377e-06 0.00010471912891760454 -0.0002071054142691564 0.00043884730701212354 -0.0003423219300431365 -2.4363526464644629e-05 0.0014559313765522472 -3.0697444536429986e-05 0.0011708036037394898 0.0002576844423269749 -0.00016758448449958756 -0.00062690800888777877 0.00051642434713874378 -0.0004776235288063694 -0.00021420103083323629 0.00072580623408014357 0.000605687817833342 0.00063317215705970258 0.00035769605567791547
leaf_weight=70 74 1054 45 52 63 43 46 1524 129 1329 54 6093 56 93 44 430 5205 40 57 41 83 140 836 52 48 71 58 88 71 45
leaf_count=70 74 1054 45 52 63 43 46 1524 129 1329 54 6093 56 93 44 430 5205 40 57 41 83 140 836 52 48 71 58 88 71 45
internal_value=-0.000200278 -0.000188743 -0.000755963 0.00142647 3.77351e-05 -0.00128972 -0.000146014 -0.000473633 0.001515 -0.000612825 -7.27373e-05 0.00015585 -0.000266055 -0.000950301 -0.000128235 -0.000897562 -4.09563e-05 0.00182847 0.00159273 0.00295055 0.004704 0.00107027 -0.00172428 0.00095327 0.000730769 0.00169355 0.00354783 -0.000137704 0.000100243 0.00388043
internal_weight=18034 17960 1257 203 158 106 16703 3052 199 2853 13651 6255 7396 1830 888 614 5566 273 274 181 124 184 942 106 233 185 114 5293 6164 91
internal_count=18034 17960 1257 203 158 106 16703 3052 199 2853 13651 6255 7396 1830 888 614 5566 273 274 181 124 184 942 106 233 185 114 5293 6164 91
is_linear=0
shrinkage=0.03


Tree=256
num_leaves=31
num_cat=0
split_feature=2 2 12 0 6 7 0 8 12 6 7 5 0 12 6 7 0 5 2 5 8 2 4 7 2 12 12 2 2 2
split_gain=0.730244 0.750921 0.544963 0.419261 1.07585 0.999565 1.01259 1.39383 1.18364 1.88135 0.93769 1.53774 1.16728 2.15789 2.1743 2.41013 0.848533 1.09751 1.50587 1.68284 1.50889 1.20227 0.93822 0.720779 2.68388 2.40086 3.57344 1.66245 1.51883 1.16614
threshold=0.63810651982531053 0.56897865902212619 0.74807649447191238 4.5721219646799129 0.36510725631015456 0.58858759223722734 4.1750824801058632 0.19904381618124065 0.51059920285693294 0.436521832539361 0.69978464263194995 9.8367866948767801 2.7994169489658218 0.41379538939594601 0.4453953825031754 0.64894719196263617 3.1410115212441139 9.2355206657520501 0.27282975265839388 10.611203096967946 0.20431197775008483 0.20710455997043506 1.024017565236399 0.58496244344608062 0.30645797273495184 0.58555519459939165 0.54638543337134249 0.38996718912200307 0.39216509016413581 0.24047489126697119
decision_type=10 10 2 10 2 2 8 10 2 2 2 2 10 2 2 2 10 2 10 2 8 10 10 2 10 2 2 10 10 10
left_child=1 2 3 4 16 -6 10 -8 -9 -10 11 12 13 -7 15 -15 -1 22 19 -19 -20 -21 -18 24 -5 26 27 -26 -28 -25
right_child=-2 -3 -4 23 5 6 7 8 9 -11 -12 -13 -14 14 -16 -17 17 18 20 21 -22 -23 -24 29 25 -27 28 -29 -30 -31
leaf_value=-3.0805115782955883e-05 -0.0003339790576789786 0.001686131757944102 -0.0014183052769462425 -0.00015034417178276836 -0.0007321560369154429 -0.0012557507776801136 -0.00013656358350118316 0.0028298754640680001 0.0012711218218567392 -0.00055576105669875072 -0.00061479600079268712 -0.0011958868081781893 -0.0016781202600130508 0.0019483956997337856 0.0024614376661032753 -0.00073465220695633035 0.0017909206907678148 -0.00020692471930596791 0.00064560239337877617 0.001489028057536145 -9.1619011936891273e-05 -0.00060489357263130458 0.00011809794878110506 0.00030940922750039549 -0.0005599624059576012 -0.00047585032052711857 0.00069351298305174458 0.00095700325669059109 0.00046575205893474949 -0.00014460076249697525
leaf_weight=13340 350 72 66 250 816 45 185 68 47 97 447 132 73 40 46 52 44 258 63 44 56 40 40 247 76 79 46 57 41 929
leaf_count=13340 350 72 66 250 816 45 185 68 47 97 447 132 73 40 46 52 44 258 63 44 56 40 40 247 76 79 46 57 41 929
internal_value=-0.000268805 -0.000242064 -0.000254556 -0.000244295 -0.000292394 -0.000934115 -0.000394161 0.000851758 0.00250704 0.000951723 -0.000986843 9.25443e-05 0.00144747 0.00272283 0.00457554 0.00187097 -0.000197682 0.000961538 0.000383116 -0.000629738 0.003275 0.00303529 0.00409412 0.000199883 0.00109636 0.00301 0.00461538 0.0015 0.00930682 -0.000219202
internal_weight=18146 17796 17724 17658 15933 2048 1232 397 212 144 835 388 256 183 138 92 13885 545 461 342 119 84 84 1725 549 299 220 133 87 1176
internal_count=18146 17796 17724 17658 15933 2048 1232 397 212 144 835 388 256 183 138 92 13885 545 461 342 119 84 84 1725 549 299 220 133 87 1176
is_linear=0
shrinkage=0.03


Tree=257
num_leaves=31
num_cat=0
split_feature=6 12 0 12 7 7 12 7 4 8 12 7 12 0 7 8 8 1 12 2 6 6 12 8 2 7 1 2 7 12
split_gain=0.714289 0.783619 0.698709 1.51874 1.79051 1.79057 1.14062 1.44935 0.99634 0.831948 0.848699 1.28746 0.961354 1.12281 0.959337 0.68246 0.649942 1.01067 1.48151 0.984179 0.671758 0.924996 1.4882 0.931892 0.984709 0.758808 0.665566 0.641302 0.611426 0.60406
threshold=0.3045360134814859 0.24160320841339225 4.1750824801058632 0.50262687009729123 0.69978464263194995 0.24902628222498488 0.58952922488996695 0.7223069125121272 1.7964171357603935 0.62006689297933881 0.40980802514412601 0.66059382951830992 0.4754179241400382 2.1918929940710461 0.48369391620791286 0.22570986043923233 0.13581601268584062 2.5728749838688869 0.55766309349378951 0.37428416249017799 0.436521832539361 0.36510725631015456 0.60000737844019791 0.19727562958303144 0.26823905410410087 0.60692264939386853 0.62266486922710118 0.19498387982109541 0.72061029328781434 0.53522948847951379
decision_type=2 2 8 2 2 2 2 2 10 10 2 2 2 10 2 10 8 2 2 10 2 2 2 10 10 2 2 10 2 2
left_child=-1 -2 3 4 5 -3 15 -8 9 10 -7 12 13 14 -12 -5 -4 20 29 -20 21 -18 23 -23 25 -25 -26 -22 -24 -19
right_child=1 2 16 6 -6 8 7 -9 -10 -11 11 -13 -14 -15 -16 -17 17 18 19 -21 27 22 28 24 26 -27 -28 -29 -30 -31
leaf_value=-7.808527171929779e-06 -0.0066382482315642064 -0.0013621415333592722 -0.00015444496757202427 -0.00050704535293713245 -0.00099677896811390136 -0.00011628263423506164 -0.00079619227668472378 0.00080384820429616681 -0.00010253791026790395 0.0020649615166220231 0.00035089965701715921 0.0010079842645088187 -0.00011984140789306956 -9.4239126190395715e-05 0.00074242393707737921 -0.00091309834462407905 -9.193420921962496e-05 0.00031399717359049077 0.00034693440113870718 0.00026938465600668393 0.0011999029892130531 0.00049660632387165554 -0.00088426473411297836 0.00026798499072975721 -0.00087916396393269037 0.0014356722141788446 0.00022584714776319387 -0.00027517921925444063 0.00019655873105723607 -0.00047289900807421202
leaf_weight=12818 154 121 335 550 417 106 79 40 204 63 74 68 157 78 63 603 280 235 44 81 47 56 91 40 52 40 115 957 55 58
leaf_count=12818 154 121 335 550 417 106 79 40 204 63 74 68 157 78 63 603 280 235 44 81 47 56 91 40 52 40 115 957 55 58
internal_value=-0.000197601 -0.000491832 -0.000427985 -0.000769437 -6.87877e-05 0.000660962 -0.00151296 0.001275 0.0011683 0.00177541 0.00139305 0.00197279 0.00127078 0.00256944 0.00419565 -0.00180156 -6.7552e-05 0.00012407 0.0014463 0.00416667 -0.000195502 0.00049726 0.00134 0.00253618 0.00172984 0.00444444 0.000410714 -0.000698508 -0.00114286 0.000275509
internal_weight=18081 5263 5109 2623 1351 934 1272 119 813 609 546 440 372 215 137 1153 2486 2151 418 125 1733 729 449 303 247 80 167 1004 146 293
internal_count=18081 5263 5109 2623 1351 934 1272 119 813 609 546 440 372 215 137 1153 2486 2151 418 125 1733 729 449 303 247 80 167 1004 146 293
is_linear=0
shrinkage=0.03


Tree=258
num_leaves=31
num_cat=0
split_feature=4 6 1 3 11 0 5 3 9 0 5 0 3 6 3 5 1 5 3 5 12 4 12 9 11 12 0 5 3 0
split_gain=0.633748 0.474716 0.382625 0.374167 0.403621 0.509563 0.378505 0.361415 1.00001 2.31395 1.05769 0.803557 1.28798 0.672553 0.625937 0.919485 1.7765 0.570167 0.870769 2.42973 2.52104 2.44641 2.57187 2.25594 1.62239 1.47047 1.10839 0.972263 1.52096 0.894189
threshold=2.5865183602120498 1.3470250903552214 3.3996738565790916 1.2851361820854599 3.5000000000000004 3427.5000000000005 8.272698306037654 1.463180841018844 0.79503175358851363 1.7988866901657399 10.296947539290462 1.2624528830800215 1.2851361820854599 0.13531289237314861 1.3789430240006428 11.406692333481983 0.37118292386499113 10.407771827802772 1.802937964204639 9.6568834397952426 0.44119870817957296 0.46572609977735374 0.56967590800445722 0.15464512036171923 3.5000000000000004 0.58952922488996695 6.6513157033020294 10.046440051606201 166.63281552584547 512.18750000000011
decision_type=10 2 2 8 2 8 2 10 10 10 2 10 10 2 8 2 2 2 10 2 2 10 2 10 2 2 8 2 10 10
left_child=1 7 3 -2 6 -6 -5 8 14 10 11 12 -10 -12 15 -1 -17 18 19 -9 -21 22 -22 24 -23 26 -20 -27 -29 -28
right_child=2 -3 -4 4 5 -7 -8 17 9 -11 13 -13 -14 -15 -16 16 -18 -19 25 20 21 23 -24 -25 -26 27 29 28 -30 -31
leaf_value=-8.409116874889377e-05 0.00034615288482006874 -0.010168256547537223 -0.00056732283684945311 -0.0011140888977963944 -0.0004856322153229917 8.6614946411417952e-05 0.0001847182830482714 -0.00010794576141368031 -0.00048763876380951952 0.00056435607557423981 0.00050441622564134409 -0.00072411716823915148 0.0013275599636126008 2.3341130282016582e-05 -0.00028533706020025931 0.00040628349001716867 -4.0355275448809495e-05 -5.6709893197858072e-05 -8.2766832846045208e-05 0.0010061424624991844 0.00079215699407724687 0.0011134220582613992 -3.9897993881725435e-05 -0.00017889884570816567 0.00038465125834216338 3.3196048500977328e-05 0.00018029010423108356 0.00019843000205771742 0.00046060583868083474 -0.0003647095288871048
leaf_weight=3407 51 54 135 46 310 58 40 823 194 56 67 132 77 78 777 55 130 2729 5029 69 90 44 61 407 94 1549 871 401 66 112
leaf_count=3407 51 54 135 46 310 58 40 823 194 56 67 132 77 78 777 55 130 2729 5029 69 90 44 61 407 94 1549 871 401 66 112
internal_value=-0.000196859 -0.000162667 -0.00112325 -0.000741107 -0.00101539 -0.00144716 0.000827585 -0.00015382 -0.000369723 0.000773553 0.000174863 -0.000616337 0.000319852 0.00236301 -0.000527918 -0.000360702 0.00169355 -6.6824e-05 4.18003e-05 0.000683448 0.00189948 0.00135151 0.0047171 0.000412087 0.00371223 -8.51919e-05 -0.000320307 0.000615765 0.0018141 0.000600609
internal_weight=18012 17372 640 505 454 368 86 17318 4973 604 548 403 271 145 4369 3592 185 12345 9616 1588 765 696 151 545 138 8028 6012 2016 467 983
internal_count=18012 17372 640 505 454 368 86 17318 4973 604 548 403 271 145 4369 3592 185 12345 9616 1588 765 696 151 545 138 8028 6012 2016 467 983
is_linear=0
shrinkage=0.03


Tree=259
num_leaves=31
num_cat=0
split_feature=6 12 11 9 3 7 4 3 3 7 3 5 7 4 5 6 5 1 7 12 3 5 7 9 4 9 7 7 5 7
split_gain=0.81543 0.654277 0.614841 1.30218 0.545503 0.554445 0.509902 0.437452 1.60338 1.67003 0.940585 1.13892 0.789834 0.743353 0.659968 0.567771 0.550448 1.06371 1.43899 0.389587 2.03288 1.14127 4.08852 1.8345 0.776004 0.665847 0.653552 0.694886 2.11157 1.9724
threshold=0.38273966648234042 0.20941806217512135 10.500000000000002 0.2531938692759072 43.424786254182983 0.7223069125121272 3.6466281711141701 1.6406176755485868 1.802937964204639 0.60341257373861656 2.3986605180541392 5.3821962081647756 0.82144523439235739 0.72427136878702092 3.8606743063089755 0.68790237325945658 7.4838065296799909 1.7070041613510725 0.54771052542311616 0.55766309349378951 7.2737120549055527 9.666308460248727 0.77519159974199481 6.4412955408473378 1.6549533274601369 3.8289391041489771 0.76971975481793165 0.66495322322620509 9.3406227412758369 0.69797838654053934
decision_type=2 2 2 8 8 2 10 10 10 2 10 2 2 10 2 2 2 2 2 2 10 2 2 8 10 10 2 2 2 2
left_child=6 -2 7 -4 -5 -6 -1 12 9 -9 -10 14 -3 -13 -12 16 17 -15 -19 26 -21 24 -23 -24 25 -22 27 -18 29 -29
right_child=1 2 3 4 5 -7 -8 8 10 -11 11 13 -14 15 -16 -17 19 18 -20 20 21 22 23 -25 -26 -27 -28 28 -30 -31
leaf_value=-6.942106567620232e-06 -0.0071275886394696099 -0.0016098133144184456 0.00039954562965547409 -0.00039805744101680191 0.00042350880583062977 -0.00035675067299811028 0.001126821404975518 -4.292532714042916e-05 -0.00075532118006513488 0.0020755395229176822 0.00035426957911135874 -0.00035104625638958983 0.0044691298469028157 -0.00018257029168573653 0.0016380324148028383 -0.0024773653051666914 -0.00050708741957089748 -2.9654278376781669e-05 0.0020222984318090239 0.00046368622158300969 -0.00018451015381098541 -0.00033018163147717088 0.00081183377168246194 0.00021859615922298424 -0.00063051786855522647 0.00028942342386535034 -0.001080842669522907 0.0010215667162266479 -0.0014348418438414948 0.00021584326977044721
leaf_weight=14886 99 248 46 171 46 48 50 47 307 41 48 228 41 108 52 112 466 44 46 40 131 150 40 50 158 44 157 43 109 80
leaf_count=14886 99 248 46 171 46 48 50 47 307 41 48 228 41 108 52 112 466 44 46 40 131 150 40 50 158 44 157 43 109 80
internal_value=-0.000146552 -0.000581069 -0.000503869 0.000759615 -5.63917e-05 0.00176842 -5.34251e-05 -0.000644931 -0.000516787 0.0034382 -0.000662387 -0.000435691 -0.00174828 -0.000591929 0.00267327 -0.000384486 -0.000244752 0.00123618 0.00362637 -0.000445202 0.000131921 -0.000329269 0.00124481 0.00626374 -0.00146407 -8.5228e-05 -0.000858646 -0.00046352 0.000875536 0.00355645
internal_weight=18136 3200 3101 311 265 94 14936 2790 2501 88 2413 2106 289 2006 100 1778 1666 198 90 1468 613 573 240 90 333 175 855 698 232 123
internal_count=18136 3200 3101 311 265 94 14936 2790 2501 88 2413 2106 289 2006 100 1778 1666 198 90 1468 613 573 240 90 333 175 855 698 232 123
is_linear=0
shrinkage=0.03


Tree=260
num_leaves=31
num_cat=0
split_feature=6 3 0 6 8 8 0 1 6 6 3 0 12 2 0 12 9 3 9 3 2 6 6 2 7 8 2 1 0 3
split_gain=0.733934 0.923657 1.11176 0.900806 0.836047 0.962274 0.84442 1.11767 1.25179 1.0162 1.08966 1.2869 3.24198 0.958181 2.24355 1.05201 0.81806 1.10725 1.87329 0.757134 1.16323 0.715003 1.53679 1.71319 1.44768 0.796355 0.817297 0.846466 1.35817 0.713946
threshold=0.22759778840609982 1.463180841018844 1.2823349896377194 0.18075077027439693 -0.21323842981182906 0.067807999820216375 4.5721219646799129 0.3281624460969752 0.28227605611218737 0.37025087198789924 1.802937964204639 2.7606102813802149 0.46091639781348365 0.31406738359228126 3.4372732607767822 0.42504211251241858 0.24969252096506053 26.379940075547413 0.12378210279799755 2.5414461035512503 0.40822338709052741 0.35580180206347573 0.39299729017809254 0.25909352639872535 0.71153102504610632 0.17256385063022642 0.34325190519141435 1.1994582515875656 5.1824483637874845 2.5059965044000072
decision_type=2 10 8 2 8 8 8 2 2 2 10 10 2 10 10 2 10 10 8 10 10 2 2 10 2 8 10 2 10 10
left_child=1 2 3 -1 -2 -6 9 -8 -9 13 11 12 -11 -7 15 -15 17 -17 -19 -10 21 -21 23 -23 -25 -24 -27 -28 -29 -18
right_child=4 -3 -4 -5 5 6 7 8 19 10 -12 -13 -14 14 -16 16 29 18 -20 20 -22 22 25 24 -26 26 27 28 -30 -31
leaf_value=3.1988127880439411e-06 0.0043980622977932782 1.3449590343477451e-05 -0.00021135309023171843 -0.00055117259202828279 -0.00028683977955531233 -0.0001223382420412337 -0.00027204432975508965 0.00022888228019717671 -0.00033322696992191996 -0.00038966372701058189 -0.00068358962148595663 -0.00079286414870193131 0.00052292734802030286 0.0010774081485242122 0.00056831109203877097 -8.807028606338968e-05 0.00047621153781779105 1.6118696799775435e-07 0.001213371669728744 -1.1284878737688381e-05 -7.449877048886885e-05 0.0012898288692826708 -0.00047422983628903108 0.0003390966674479991 -0.00063159602349845611 5.6425503483191678e-06 -4.6220134278931427e-05 0.0018111307370742746 0.00033059013474937379 -0.00039994297546341022
leaf_weight=2936 45 5265 1081 196 842 2642 376 42 368 114 1154 63 45 73 64 108 149 71 45 216 619 43 43 46 52 298 93 58 165 627
leaf_count=2936 45 5265 1081 196 842 2642 376 42 368 114 1154 63 45 73 64 108 149 71 45 216 619 43 43 46 52 298 93 58 165 627
internal_value=-0.000243981 -6.26656e-05 -0.000393688 -0.000107246 -0.000447058 -0.000469051 -0.000361981 0.000100413 0.000377201 -0.000578938 -0.00127669 0.000645739 0.00208125 -0.000324604 0.000403338 7.54183e-05 -0.000179821 0.00141333 0.0034359 0.000268231 0.000545287 0.00117044 0.00158448 0.00441549 0.00218182 0.000971124 0.00124878 0.00230915 0.00330804 -0.000640927
internal_weight=17939 9478 4213 3132 8461 8416 7574 2419 2043 5155 1376 222 159 3779 1137 1073 1000 224 116 2001 1633 1014 798 141 98 657 614 316 223 776
internal_count=17939 9478 4213 3132 8461 8416 7574 2419 2043 5155 1376 222 159 3779 1137 1073 1000 224 116 2001 1633 1014 798 141 98 657 614 316 223 776
is_linear=0
shrinkage=0.03


Tree=261
num_leaves=31
num_cat=0
split_feature=6 3 1 12 4 4 7 7 8 2 0 0 4 3 0 1 6 12 0 7 0 11 8 4 12 12 12 0 1 7
split_gain=0.646133 1.88094 0.43897 0.780495 0.496292 0.919128 1.32113 1.29469 1.22813 1.16802 1.37471 1.51359 1.03978 0.999511 0.930416 0.916253 0.904256 0.895876 1.73404 1.01265 1.20271 1.34758 1.30405 1.15611 0.929918 0.894662 0.864143 1.04796 1.24821 1.0731
threshold=0.68790237325945658 74.753061113275905 6.3660465151443359 0.50755918954334744 1.3164176679977351 0.94571052938434852 0.83472947248246265 0.61653866360386422 0.059740579278258037 0.31085970037701444 1.6572316127247388 1.2624528830800215 0.6964861359452128 1.2600546996234054 2.1685720877473882 -0.75360000759278378 0.347814212607025 0.63878660986506441 3.2086876422596062 0.49207900493773443 1.2476944125370624 8.5000000000000018 0.25089445584337439 0.43899157638030573 0.46326737015619862 0.54290773910002765 0.6199668071295239 0.84684898618035198 0.78530243902439045 0.67019279019483213
decision_type=2 10 2 2 10 8 2 2 8 10 10 8 10 8 10 2 2 2 8 2 10 2 8 10 2 2 2 10 2 2
left_child=2 -2 4 -4 5 7 8 12 13 -10 11 -11 17 -7 -12 -14 -16 19 -19 20 21 -1 24 -23 -22 -26 27 28 -9 -29
right_child=1 -3 3 -5 -6 6 -8 26 9 10 14 -13 15 -15 16 -17 -18 18 -20 -21 22 23 -24 -25 25 -27 -28 29 -30 -31
leaf_value=-0.00041303360087361545 -0.0017972705531859906 0.0010333918260894781 -1.8950232151787109e-05 0.0007447860663554707 -4.5762700171508493e-05 0.00077803429722534214 -0.00046083428910336524 1.2799588942639253e-05 3.9173866954681797e-05 -0.00045768827785617208 -0.00022875800339392535 0.00097235121588738586 5.4122682050315133e-05 -0.00015850799507256203 0.0013454236879801094 -0.00031452424088066649 0.00024531455448758178 0.0013036302109748542 -0.00025391134661930151 -0.0002348717998943417 -0.00060119498072531009 -0.0001430140837655184 -0.00017380855830628005 0.00035172722598982519 0.00046089341402450731 0.00013022895463196747 -0.00015465610965538487 0.00019992558756792847 0.00136559834754752 -1.4094811909432004e-05
leaf_weight=407 385 43 105 58 7308 55 147 55 1943 46 151 174 55 444 53 1101 262 50 69 1015 48 138 259 77 246 294 438 810 48 1912
leaf_count=407 385 43 105 58 7308 55 147 55 1943 46 151 174 55 444 53 1101 262 50 69 1015 48 138 259 77 246 294 438 810 48 1912
internal_value=-0.000164204 -0.00131469 -0.000136418 0.00140854 -0.000150802 -1.66059e-05 0.000398351 -0.000210167 0.000529242 0.000788212 0.00185153 0.0038009 -0.000589628 -0.000834001 0.000925053 -0.00133794 0.00185127 -0.000256913 0.002275 -0.000379075 0.000124489 -0.000876405 0.000859669 0.00104167 0.00164007 0.0019963 0.000227021 0.00041932 0.003375 0.000306279
internal_weight=18196 428 17768 163 17605 10297 3275 7022 3128 2629 686 220 3759 499 466 1156 315 2603 119 2484 1469 622 847 215 588 540 3263 2825 103 2722
internal_count=18196 428 17768 163 17605 10297 3275 7022 3128 2629 686 220 3759 499 466 1156 315 2603 119 2484 1469 622 847 215 588 540 3263 2825 103 2722
is_linear=0
shrinkage=0.03


Tree=262
num_leaves=31
num_cat=0
split_feature=6 8 0 9 4 8 12 9 9 5 3 9 8 4 9 3 3 9 8 6 9 12 4 8 8 4 3 5 9 9
split_gain=0.61982 0.489113 0.661644 0.702385 2.00056 0.572394 1.24409 0.593514 0.480613 0.754082 1.83769 1.1332 1.9151 0.499435 0.457363 0.458308 1.04702 1.02015 2.78538 0.85461 1.16496 1.0432 1.01171 1.04707 1.32603 1.50051 1.08831 0.906166 0.87894 0.773
threshold=1.3470250903552214 0.019183085926522892 4.1750824801058632 -0.47084466425182742 0.58389581621462039 0.027250936535115091 0.49108407698033629 -0.85576102661335829 0.2531938692759072 9.7323729620002322 1.3133398469884845 -0.093971883301103606 -0.031755333090092749 0.5297591101881447 -0.47084466425182742 1.463180841018844 1.3789430240006428 1.1079415857098416 0.35350806931867079 0.22620835638512207 0.16924651794369835 0.59466477988133648 1.9066347427261923 0.24296903105217685 0.067807999820216375 0.28957692218470782 1.583411611686744 9.6471426348715834 -0.053279631288717023 -0.084626793763950853
decision_type=2 8 8 10 10 8 2 8 10 2 10 10 10 10 8 10 10 10 10 2 10 2 10 8 10 10 10 2 10 10
left_child=1 2 3 4 -1 6 -3 -7 9 -5 -11 12 -12 -13 -9 16 17 -16 -19 20 21 22 23 24 28 -26 -27 -23 -17 -24
right_child=-2 5 -4 8 -6 7 -8 14 -10 10 11 13 -14 -15 15 19 -18 18 -20 -21 -22 27 29 -25 25 26 -28 -29 -30 -31
leaf_value=0.0032056255927154168 -0.0087011325478207977 0.00037500489494821657 -0.00053687233780286552 -0.00029725548457733134 -3.0121564803388515e-05 0.0004017525206425175 6.3277064882686068e-05 -0.00023540895346893105 1.4917694678881271e-06 0.00056513946035612213 0.0021714740740611067 0.0001360833597708825 -0.00040601955886047648 -0.00026957984647024182 -4.7804259944800512e-05 0.00021145450363058477 -0.00027123077900319199 0.0016931262309497386 -0.00019606811023873175 -3.7572667875445966e-05 3.8060162054216707e-06 0.01244890213868345 0.00052515574761712383 -0.00054928324247951522 0.0013838120104435918 0.0024789727219081061 0.00073163869217465554 -0.00021076800247027703 -4.7540666788273483e-05 -0.00029401424241441894
leaf_weight=46 71 43 165 501 108 55 158 88 549 51 43 78 43 254 3681 46 700 81 154 7022 3408 46 40 73 47 70 198 129 110 93
leaf_count=46 71 43 165 501 108 55 158 88 549 51 43 78 43 254 3681 46 700 81 154 7022 3408 46 40 73 47 70 198 129 110 93
internal_value=-0.000180311 -0.000169239 -0.000632953 -0.000453406 0.00147097 -0.000116728 0.0014703 -0.000136704 -0.000649343 -0.00105046 -0.000185107 -0.000844869 0.0022069 -0.00163964 -0.000147496 -0.000135481 -0.000387265 -0.000196069 0.0017161 -3.24389e-05 0.000302745 0.00129425 0.00182743 0.0024 0.00291737 0.00403481 0.00314498 -0.000767046 0.000649681 -0.000514926
internal_weight=18151 18080 1838 1673 154 16242 201 16041 1519 970 469 418 86 332 15986 15898 4616 3916 235 11282 4260 852 677 544 471 315 268 175 156 133
internal_count=18151 18080 1838 1673 154 16242 201 16041 1519 970 469 418 86 332 15986 15898 4616 3916 235 11282 4260 852 677 544 471 315 268 175 156 133
is_linear=0
shrinkage=0.03


Tree=263
num_leaves=31
num_cat=0
split_feature=13 8 0 7 7 0 8 12 0 11 11 4 12 9 9 7 7 13 0 8 2 0 12 7 2 0 4 0 0 7
split_gain=0.540779 0.576286 0.899806 0.99244 1.9236 2.22316 1.69029 1.36024 1.46841 1.31093 2.28308 1.09684 1.04488 0.848076 0.828167 0.808223 0.838153 0.845264 1.08534 0.711621 0.690998 0.666074 1.27297 1.20446 0.649877 0.808889 0.68377 0.66207 0.645017 0.712002
threshold=1.3470250903552212 0.098115486843610267 1.4053019619473526 0.66203614230920038 0.74981696182354274 1.131862384812907 0.052114268506985091 0.40980802514412601 1.1486965180398092 9.5000000000000018 5.5000000000000009 1.3959005726822196 0.56418272194950858 0.060560047557917655 0.24177599892340493 0.62249340219928873 0.36167325494019592 0.11853824974299078 1.1989110907683698 0.45021394174070833 0.22337355632724473 1.2142156667120518 0.53884245868538605 0.69504543320825629 0.33171452816483177 5.1824483637874845 1.5769105016251357 1.6409536163587124 1.5864131611569758 0.51005728086648106
decision_type=2 8 8 2 2 10 10 2 10 2 2 10 2 10 10 2 2 2 10 10 10 8 2 2 8 10 10 8 10 2
left_child=1 2 3 7 5 -5 12 8 -1 10 -8 -9 14 -6 -7 16 -13 18 -18 -3 -19 22 -21 -24 -23 26 27 -26 -4 -30
right_child=-2 19 28 4 13 6 9 11 -10 -11 -12 15 -14 -15 -16 -17 17 20 -20 21 -22 24 23 -25 25 -27 -28 -29 29 -31
leaf_value=0.000361295144442157 -0.0089150320295307249 -8.1972856744024886e-06 -0.00027335205062235308 -3.9661758451670973e-05 4.1207932730997013e-05 -8.6248464135888839e-05 0.00091926804889967499 -0.00020067171099957313 -0.00031362928682940566 0.00022883463054490416 0.0010512251349378923 -0.00047110153675990982 0.0010850085390766708 -0.00065044320861560505 0.00032035252835240288 -0.00055027205698354438 0.00038766607054492363 0.00023978668211164063 0.00074396711571379456 -5.9511688984645181e-05 -0.00096565495016413708 -0.00058044911910996606 0.013369248383146607 -9.9553643550936771e-05 0.0002581398990931651 0.00071715873069363924 -0.00051394410623237761 -0.00019663588699474847 6.5779670942274078e-05 -0.00014227114805557794
leaf_weight=56 66 11373 726 194 49 78 44 956 48 40 45 48 46 162 55 62 85 74 46 396 42 730 40 40 87 75 305 213 382 1458
leaf_count=56 66 11373 726 194 49 78 44 956 48 40 45 48 46 162 55 62 85 74 46 396 42 730 40 40 87 75 305 213 382 1458
internal_value=-0.000264844 -0.00025479 -0.000540346 -8.44681e-05 0.00082773 0.00183698 0.00341748 -0.000543724 0.00274286 0.00602308 0.00803333 -0.000805937 0.00151667 -0.00157076 0.000156716 0.000611731 0.00126689 0.00197177 0.00361364 -0.000153621 0.000102563 -0.000693164 0.000276729 0.0037037 -0.00102055 -0.000352424 -0.000717822 0.000299003 -0.000918583 -0.000619229
internal_weight=18021 17955 4696 2130 713 502 308 1417 104 129 89 1313 179 211 133 357 295 247 131 13259 116 1886 476 80 1410 680 605 300 2566 1840
internal_count=18021 17955 4696 2130 713 502 308 1417 104 129 89 1313 179 211 133 357 295 247 131 13259 116 1886 476 80 1410 680 605 300 2566 1840
is_linear=0
shrinkage=0.03


Tree=264
num_leaves=31
num_cat=0
split_feature=8 8 7 9 5 2 5 7 7 12 5 9 2 2 7 2 5 7 0 5 5 2 5 5 0 12 6 5 0 8
split_gain=0.870761 1.1448 1.0706 0.938959 1.21346 1.30824 2.02124 3.90071 1.64228 2.42156 1.55427 1.66101 1.69166 1.01845 1.01759 0.964687 2.01727 0.938135 1.36997 1.6327 2.27271 2.22418 1.95094 0.997933 1.25912 0.931078 0.903268 1.39832 1.5597 0.898371
threshold=0.098115486843610267 0.45021394174070833 0.77519159974199481 0.41275848472686388 10.027142203153319 0.31711569643529802 9.8942702026682046 0.25659327045898639 0.64720718351757334 0.55326571565556859 9.3936198023288568 0.3545240185172604 0.20439313897947839 0.16310606433117364 0.65735121373965322 0.36309696095316935 9.5075147434021883 0.68498025681446018 1.4159950582421463 9.5183763842326634 10.570585888656725 0.12182362901331585 10.046440051606201 9.8942702026682046 1.0170318206981055 0.54638543337134249 0.19472882601052091 8.8135871934143619 1.2404590306824748 0.10148677086562936
decision_type=8 10 2 8 2 10 2 2 2 2 2 10 10 10 2 10 2 2 10 2 2 10 2 2 10 2 2 2 10 8
left_child=2 3 17 4 5 6 10 -8 9 15 11 13 -13 25 -9 16 -7 23 19 -19 21 -21 -23 -1 -25 -2 27 -15 -29 -5
right_child=1 -3 -4 29 -6 8 7 14 -10 -11 -12 12 -14 26 -16 -17 -18 18 -20 20 -22 22 -24 24 -26 -27 -28 28 -30 -31
leaf_value=-6.335791654738124e-06 -0.00047927312848410454 -0.00020039669462900271 -0.00022522065035909201 0.00051785740522521584 -2.0415131702103345e-05 0.0020151700118665136 0.001199548949552539 0.00047001467967254382 2.906245266583732e-05 0.0019656971692288659 -0.00023682641146455989 0.0011651430451150517 0.00014723480769014807 7.5895747414992762e-05 -0.0010698135628624099 -5.5755144769156946e-05 3.9833596215543024e-05 -3.2238397796624815e-05 -7.3329512913190601e-05 0.00096281832478583933 -2.0350645938263686e-05 -0.00010607002932166645 0.0013422822126403452 0.00023144730906442192 -0.00017147772375429083 0.00024196835273537889 1.5480419406488572e-06 0.00033226339202745121 0.0015260759434282851 -3.039992430333504e-05
leaf_weight=1504 241 1911 465 41 2054 56 44 134 233 51 698 57 52 120 51 63 69 165 563 56 107 47 52 43 1671 53 322 66 61 7048
leaf_count=1504 241 1911 465 41 2054 56 44 134 233 51 698 57 52 120 51 63 69 165 563 56 107 47 52 43 1671 53 322 66 61 7048
internal_value=-0.000182 -5.92142e-05 -0.000534661 5.36684e-05 0.00039652 0.000858768 0.000506841 0.00314348 0.00227061 0.0040125 0.000143626 0.000918807 0.00439091 0.000475694 0.00120968 0.0024127 0.00392857 -0.000383465 0.000423814 0.00170327 0.0031711 0.00548077 0.00273 -0.000631874 -0.00112653 -0.000955933 0.00121579 0.00257661 0.00475781 -0.000160367
internal_weight=18098 13425 4673 11514 4425 2371 1899 229 472 239 1670 972 109 863 185 188 125 4208 990 427 262 155 99 3218 1714 294 569 247 127 7089
internal_count=18098 13425 4673 11514 4425 2371 1899 229 472 239 1670 972 109 863 185 188 125 4208 990 427 262 155 99 3218 1714 294 569 247 127 7089
is_linear=0
shrinkage=0.03


Tree=265
num_leaves=31
num_cat=0
split_feature=13 0 12 0 5 5 5 7 7 7 7 5 9 13 2 12 8 13 3 2 13 0 5 8 5 0 0 13 8 7
split_gain=0.648045 0.84476 1.48108 1.88878 1.26479 1.2959 1.23834 1.49208 0.662557 0.974059 1.37413 1.71953 1.51791 1.5233 0.990276 1.88743 1.43163 0.909332 1.27811 1.4569 0.869633 0.864247 0.881817 1.66935 0.814759 0.787194 0.953268 1.54523 0.786793 0.794506
threshold=0.22050641946204677 1.8209931569706135 0.60731713820532673 2.2279025452565677 9.8464408915525699 9.6160387856443972 10.397467073127837 0.61031554759700957 0.38207976712248409 0.56356504515786832 0.54771052542311616 9.5401116195561535 -0.13511475251459795 0.32837627219038362 0.15504853841147406 0.48551471345308611 0.18539455098141591 0.28030450161366544 1.583411611686744 0.18440111244467192 0.73051106138180832 3.4372732607767822 9.5183763842326634 0.3960191922927731 4.2903656061101136 1.6409536163587124 1.5459881785189007 0.28418819843394078 0.15709575040925447 0.51686360541059229
decision_type=2 10 2 10 2 2 2 2 2 2 2 2 8 2 8 2 10 2 8 10 2 8 2 10 2 8 10 2 8 2
left_child=1 -1 3 6 5 -4 7 -3 24 10 12 -12 13 -10 15 -11 -17 28 19 -19 21 22 23 -16 -2 26 -26 -28 -14 -30
right_child=8 2 4 -5 -6 -7 -8 -9 9 14 11 -13 17 -15 20 16 -18 18 -20 -21 -22 -23 -24 -25 25 -27 27 -29 29 -31
leaf_value=-1.0457134225419757e-05 0.0026778235597855458 0.0031363030240601449 5.0821507140093775e-06 0.0013732137665828448 -0.00026615423049104915 0.00076243385457320601 -0.00077336338269568645 -7.1029815248861522e-06 0.0028738492112997884 -0.00017494799823836469 0.00049623538681923824 0.00017620784852077968 -0.00060138435521940841 -2.0962011829522665e-08 6.7196937105317754e-05 -2.1666348467357687e-05 0.0013267502562507966 -0.00026753710140708605 -2.8854110144944772e-05 0.0012058424240061791 -0.0069600186966279169 -3.4682442255366021e-06 -0.0003243932765863154 -0.00076038698357950142 -0.00024208108883658333 -0.00044699938830806312 0.00039692675475428888 -0.00057526289705176186 -0.00023326552323959482 0.00062772750632613522
leaf_weight=8468 96 65 139 78 252 46 80 86 58 101 74 141 224 61 945 42 51 46 900 75 151 2187 1827 365 261 946 53 44 230 62
leaf_count=8468 96 65 139 78 252 46 80 86 58 101 74 141 224 61 945 42 51 46 900 75 151 2187 1827 365 261 946 53 44 230 62
internal_value=-0.000203911 -2.73474e-05 0.000939758 0.00252581 -0.000184932 0.00169355 0.00115086 0.00274342 -0.000385864 -0.0002745 0.00031891 0.00256944 2.53463e-05 0.003275 -0.000470371 0.00163077 0.00469149 -0.000228219 0.000290606 0.00317213 -0.000545107 -0.000481127 -0.000800192 -0.00020595 -0.000985011 -0.00118161 1.67124e-05 0.00254082 -0.00125339 -0.000225257
internal_weight=18154 9214 746 309 437 185 231 151 8940 7540 1871 215 1656 119 5669 194 93 1537 1021 121 5475 5324 3137 1310 1400 1304 358 97 516 292
internal_count=18154 9214 746 309 437 185 231 151 8940 7540 1871 215 1656 119 5669 194 93 1537 1021 121 5475 5324 3137 1310 1400 1304 358 97 516 292
is_linear=0
shrinkage=0.03


end of trees

feature_importances:
share_criminal=1155
log_pending=1040
state_loo_idvr_12=776
idvr_12=728
share_age_1_3_of_lt3=727
growth_12_past=717
inflow_trend_growth=676
disposal_momentum=595
state_loo_growth_12_past=558
state_loo_filing_shock_z=364
filing_shock_z=357
anchor_growth_12=200
month_of_year=87

parameters:
[boosting: gbdt]
[objective: quantile]
[metric: quantile]
[tree_learner: serial]
[device_type: cpu]
[data_sample_strategy: bagging]
[data: ]
[valid: ]
[num_iterations: 3000]
[learning_rate: 0.03]
[num_leaves: 31]
[num_threads: 0]
[seed: 20260928]
[deterministic: 1]
[force_col_wise: 0]
[force_row_wise: 1]
[histogram_pool_size: -1]
[max_depth: -1]
[min_data_in_leaf: 40]
[min_sum_hessian_in_leaf: 0.001]
[bagging_fraction: 0.8]
[pos_bagging_fraction: 1]
[neg_bagging_fraction: 1]
[bagging_freq: 1]
[bagging_seed: 8287]
[bagging_by_query: 0]
[feature_fraction: 0.8]
[feature_fraction_bynode: 1]
[feature_fraction_seed: 24490]
[extra_trees: 0]
[extra_seed: 6370]
[early_stopping_round: 0]
[early_stopping_min_delta: 0]
[first_metric_only: 0]
[max_delta_step: 0]
[lambda_l1: 0]
[lambda_l2: 1]
[linear_lambda: 0]
[min_gain_to_split: 0]
[drop_rate: 0.1]
[max_drop: 50]
[skip_drop: 0.5]
[xgboost_dart_mode: 0]
[uniform_drop: 0]
[drop_seed: 1862]
[top_rate: 0.2]
[other_rate: 0.1]
[min_data_per_group: 100]
[max_cat_threshold: 32]
[cat_l2: 10]
[cat_smooth: 10]
[max_cat_to_onehot: 4]
[top_k: 20]
[monotone_constraints: ]
[monotone_constraints_method: basic]
[monotone_penalty: 0]
[feature_contri: ]
[forcedsplits_filename: ]
[refit_decay_rate: 0.9]
[cegb_tradeoff: 1]
[cegb_penalty_split: 0]
[cegb_penalty_feature_lazy: ]
[cegb_penalty_feature_coupled: ]
[path_smooth: 0]
[interaction_constraints: ]
[verbosity: -1]
[saved_feature_importance_type: 0]
[use_quantized_grad: 0]
[num_grad_quant_bins: 4]
[quant_train_renew_leaf: 0]
[stochastic_rounding: 1]
[linear_tree: 0]
[max_bin: 255]
[max_bin_by_feature: ]
[min_data_in_bin: 3]
[bin_construct_sample_cnt: 200000]
[data_random_seed: 5112]
[is_enable_sparse: 1]
[enable_bundle: 1]
[use_missing: 1]
[zero_as_missing: 0]
[feature_pre_filter: 1]
[pre_partition: 0]
[two_round: 0]
[header: 0]
[label_column: ]
[weight_column: ]
[group_column: ]
[ignore_column: ]
[categorical_feature: ]
[forcedbins_filename: ]
[precise_float_parser: 0]
[parser_config_file: ]
[objective_seed: 23271]
[num_class: 1]
[is_unbalance: 0]
[scale_pos_weight: 1]
[sigmoid: 1]
[boost_from_average: 1]
[reg_sqrt: 0]
[alpha: 0.9]
[fair_c: 1]
[poisson_max_delta_step: 0.7]
[tweedie_variance_power: 1.5]
[lambdarank_truncation_level: 30]
[lambdarank_norm: 1]
[label_gain: ]
[lambdarank_position_bias_regularization: 0]
[eval_at: ]
[multi_error_top_k: 1]
[auc_mu_weights: ]
[num_machines: 1]
[local_listen_port: 12400]
[time_out: 120]
[machine_list_filename: ]
[machines: ]
[gpu_platform_id: -1]
[gpu_device_id: -1]
[gpu_device_id_list: ]
[gpu_use_dp: 0]
[num_gpu: 1]

end of parameters

pandas_categorical:[]
