district_id,pending_now,pending_q90_t+12,cr_status_quo_q90,excess_disposals_needed,bench_additions_required,vacant_posts,needs_new_sanctioned_posts,disposal_multiplier_required,hearing_gap_now_days,hearing_gap_target_days,cadence_lever_feasible,bottleneck_stage,bottleneck_ratio_to_hc_median,transient_excess_inflow_12m,surge_judge_months,structural_share_abs,transient_coverage,recommended_lever
1001,14772.0,17489.612918233328,0.7566958731580498,2717.612918233328,195.0,18.0,True,1.3215348933073034,62.00239375006978,46.916955476598254,True,charge,2.5139641817282867,1629.0,30.066729768102224,0.3861096325032915,0.5994231147013328,permanent_bench+cadence
1002,35513.0,38818.663819429115,0.8398625367178733,3305.6638194291154,207.0,22.0,True,1.190671039939385,86.33842267290017,72.51240668228188,True,charge,1.6547446096265594,2320.5,61.034088942723656,0.2443762034430548,0.7019770087814761,surge_capacity
1004,64830.0,75131.92016566268,0.6909292919681435,10301.920165662683,inf,7.0,True,1.4473261035893479,94.1724825127685,65.0665266654295,True,evidence,2.2975995249180774,4319.5,69.77221016066001,0.2893804476540946,0.41929076623961037,permanent_bench+cadence
1005,59113.0,66297.7114520445,0.7750610075535868,7184.711452044503,579.0,13.0,True,1.2902210151900348,90.11289379002014,69.84299025446236,True,judgment,2.2653720398486885,2236.5,52.0368395540475,0.3564633473603008,0.31128598760407766,permanent_bench+cadence
1007,79306.0,84677.51347069163,0.8664218421808777,5371.513470691629,351.0,17.0,True,1.154172195708838,74.27080741782764,64.34984978321543,True,judgment,3.5434253709992296,2596.0,82.2589477913952,0.2553556546866274,0.4832902335932786,permanent_bench+cadence
1008,59406.0,69337.13744618338,0.700897619621638,9931.137446183377,inf,31.0,True,1.426741897824999,141.84922308391432,99.42178280469423,True,judgment,1.859092160227261,2894.5,61.19345135785494,0.26751222477110737,0.2914570476629927,permanent_bench+cadence
1009,166753.0,184540.92456815165,0.8059822080313223,17787.924568151648,789.0,1.0,True,1.2407221772830224,113.05492488602286,91.12025798845198,True,service,1.3149309621703515,7523.5,116.06882832164993,0.20700091689392766,0.42295547022222224,permanent_bench+cadence
1010,18649.0,20475.39558434288,0.8775414280777003,1826.3955843428812,66.0,10.0,True,1.1395473398794989,73.95817569764223,64.90136311973043,True,evidence,2.932342266182101,3574.0,65.53789731051344,0.2815090141266571,1.9568597463981985,surge_capacity
1011,19765.0,22015.42100993178,0.8194524231700276,2250.421009931779,169.0,2.0,True,1.220327101031112,87.52846120631183,71.725409631856,True,judgment,2.2766554019775147,1944.0,54.81417662032504,0.3429458510636931,0.8638383624310956,surge_capacity
1012,7690.0,9043.595940080528,0.8474752034661935,1353.5959400805277,74.0,0.0,True,1.1799755272012402,57.61065024988328,48.82359754233954,True,evidence,2.059304000568794,233.0,5.576386118867172,0.2888613768598026,0.1721340860302362,permanent_bench+cadence
1013,62207.0,69409.01550598841,0.7962770890737917,7202.015505988413,327.0,17.0,True,1.255844245328185,88.30533764841253,70.31551721235624,True,evidence,1.9562027111932374,3642.0,54.33889875666074,0.33151434976112154,0.5056917743334083,surge_capacity
1014,90905.0,101031.57197341607,0.7904684117834472,10126.571973416067,551.0,8.0,True,1.2650726899305307,80.32054599627341,63.490854427253566,True,judgment,3.3327118956472717,4191.0,72.40426144543622,0.3213890663041883,0.41386167115605077,permanent_bench+cadence
1015,67885.0,73478.30388819294,0.8361623334057675,5593.303888192939,268.0,1.0,True,1.195940022706962,85.140169598015,71.19100287763901,True,evidence,1.8332198097911658,2733.0,53.99747775520213,0.20052879046498606,0.4886199739243859,permanent_bench+cadence
1017,58936.0,63778.12806075123,0.8372947841196554,4842.128060751231,247.0,8.0,True,1.1943225002308062,79.58951799033589,66.63988828390572,True,evidence,2.062418712844232,3270.0,69.289670117987,0.2641916584622107,0.6753229074021385,surge_capacity
1018,46966.0,51913.754375772376,0.7698585560218244,4947.754375772376,411.0,18.0,True,1.2989399054904462,81.99494770871544,63.12451204411667,True,evidence,1.6518504856354925,2148.5,49.847380822911,0.21432907860983502,0.43423740081369855,permanent_bench+cadence
1019,117200.0,127111.94454825399,0.8252106538649148,9911.944548253989,648.0,6.0,True,1.2118117905003416,83.86937303553256,69.20990016189228,True,service,1.3193239465396032,2396.0,60.82673732797676,0.22785017802535773,0.24172855168182522,permanent_bench+cadence
1020,145331.0,160055.87841540462,0.7590583547109162,14724.878415404615,1050.0,27.0,True,1.3174217684236482,84.48574964608326,64.12961412287433,True,interlocutory,1.240780872761372,2281.0,42.48386470930608,0.19960718463763158,0.1549079004695688,permanent_bench+cadence
1021,246138.0,276594.2739229241,0.6591857864429556,30456.273922924127,inf,36.0,True,1.5170230010512185,106.59774179415642,70.26771625762412,True,judgment,1.8576743804740312,4063.0,84.42310761030099,0.22221278398805513,0.1334043688430915,permanent_bench+cadence
1023,329833.0,369475.4732462995,0.7531855080299938,39642.47324629949,282.0,0.0,True,1.3276941594582263,138.23095417817768,104.11355144816157,True,interlocutory,6.319271172568885,7815.0,13.953742126407327,0.30150509946507575,0.19713704418604883,permanent_bench+cadence
1024,63082.0,69945.53268560761,0.7743708703041663,6863.5326856076135,438.0,0.0,True,1.2913708900325869,82.18593947143916,63.64239747526386,True,arguments,2.5071500539760843,5899.0,108.18339276617422,0.22180233153475462,0.8594699362865749,surge_capacity
1025,239704.0,264205.79613106744,0.7385967500632764,24501.796131067444,3529.0,90.0,True,1.3539187654350346,90.67333001832529,66.97102686894998,True,arguments,4.8207273644802076,3240.5,106.72165246280512,0.22028547983817132,0.13225561026896132,permanent_bench+cadence
1026,134994.0,147332.82834539242,0.8064492302859004,12338.828345392423,842.0,9.0,True,1.2400036635232232,89.46570846875109,72.14955173160708,True,judgment,2.3359116876816737,3692.0,87.89963237439459,0.2807084382243387,0.29921803729271185,permanent_bench+cadence
1027,73124.0,80931.4184548088,0.8162978450880309,7807.418454808794,315.0,4.0,True,1.2250430477274608,77.21695526206695,63.03203418468414,True,evidence,1.7878545806068467,4513.5,67.13071801227913,0.2484287131365978,0.5781040206984188,surge_capacity
1028,60535.0,68023.2198397466,0.7615005443804596,7488.219839746598,567.0,16.0,True,1.3131966974673386,82.98472954013215,63.192916720075836,True,arguments,1.2046187762394027,2411.0,48.40353005144506,0.21136272822753727,0.32197238483874274,permanent_bench+cadence
1029,57279.0,61169.33167342151,0.86378071735334,3890.3316734215114,147.0,12.0,True,1.1577012312384576,81.02431081605802,69.9872373197546,True,arguments,1.6366253542092748,2547.0,45.84166362641371,0.27682501021462896,0.6546999623196489,surge_capacity
1030,118068.0,133400.54483890662,0.7491384322426033,15332.544838906615,1312.0,19.0,True,1.3348667708936295,96.63586395336078,72.3936396204302,True,judgment,3.173038274137391,7049.0,147.7939153034704,0.21247392121078407,0.4597410328201378,permanent_bench+cadence
1031,66851.0,73536.54008372211,0.8774386982041862,6685.54008372211,186.0,20.0,True,1.1396807572388297,74.73277061849852,65.5734249646874,True,arguments,1.9311526716657295,24166.0,345.351189854376,0.2549878067603621,3.614666832802207,surge_capacity
1032,19186.0,21257.943917914785,0.8344688662422358,2071.943917914785,204.0,1.0,True,1.1983670577228134,83.38337901109277,69.58083374683322,True,arguments,2.3692785154029026,1390.5,55.912876974629015,0.3633590917232241,0.6711088982559945,surge_capacity
1033,10757.0,12759.467434594599,0.7266803609691602,2002.4674345945987,inf,3.0,True,1.3761208554835835,78.75912188381048,57.232707120141484,True,arguments,2.908623241969398,659.0,10.397445529676933,0.3377838098030793,0.32909399105080334,permanent_bench+cadence
1034,85920.0,94762.28891420293,0.7691265513046157,8842.28891420293,944.0,41.0,True,1.3001761521608763,78.66436618135688,60.50285267163045,True,judgment,2.2795738735567386,5088.5,151.32314899684283,0.22540525866410088,0.5754731664361922,surge_capacity
1037,84259.0,93148.67009836939,0.8166990273896007,8889.670098369388,735.0,18.0,True,1.2244412769735757,87.67939880797894,71.60767972858132,True,interlocutory,1.9484443426903877,3362.5,102.89209250656434,0.29666549631761185,0.37824800727045826,permanent_bench+cadence
1040,54090.0,57927.770740241685,0.842111040530449,3837.7707402416854,95.0,0.0,True,1.187491853057877,58.10184459783352,48.92820481102004,True,evidence,4.726271476715264,2419.5,25.531877473252237,0.21570507564377983,0.6304441207573621,surge_capacity
1042,37522.0,43116.77045504327,0.7997201922941449,5594.770455043268,54.0,1.0,True,1.2504373525086512,75.05130945310817,60.02004762776705,True,judgment,2.0615945981964807,1394.5,4.494359892569382,0.3841057547736849,0.24925061916400204,permanent_bench+cadence
1043,984.0,1146.8498123188858,0.645863044941385,162.84981231888582,inf,0.0,True,1.548315866393555,31.299154654564333,20.21496732928824,True,arguments,14.195167720649508,71.0,2.8686868686868685,0.36218823759725505,0.4359845368502526,permanent_bench+cadence
2004,51585.0,55515.58492758928,0.8932097358306389,3930.5849275892833,114.0,0.0,True,1.1195578819682834,80.05919042097945,71.50964832673787,True,interlocutory,1.1887400525705893,4417.0,70.93855700206838,0.24032587675866054,1.1237513198090459,surge_capacity
2005,58198.0,62485.41011404398,0.8799529349538929,4287.410114043982,189.0,0.0,True,1.136424415758551,79.21634848320944,69.70665834413052,True,none,1.1325993764614184,1328.5,30.436249085181533,0.2876705361498742,0.30986072352824884,permanent_bench+cadence
2007,29322.0,32287.36442936843,0.8736872381458339,2965.36442936843,59.0,0.0,True,1.1445743469049987,80.7740435219353,70.57125099855104,True,interlocutory,1.9045668979747714,4316.0,42.92642972063771,0.31869147799092357,1.455470348688047,surge_capacity
2010,45785.0,49830.55730054945,0.8466927443409262,4045.5573005494516,110.0,0.0,True,1.1810659848968112,86.12491673212142,72.92134210405364,True,arguments,3.0744609227349153,3203.5,37.85185516716645,0.301464597509357,0.791856291237035,surge_capacity
3001,111613.0,123644.3368568083,0.86298027832881,12031.336856808295,268.0,1.0,True,1.1587750324219845,81.20047712845597,70.07441035274711,True,judgment,2.68328728291941,11311.5,120.01749894425674,0.28818411230562624,0.9401698360393796,surge_capacity
3002,33117.0,36638.851956070124,0.8570900376147308,3521.8519560701243,117.0,0.0,True,1.166738564343818,89.95091434334942,77.0960325580208,True,interlocutory,1.4620086560386627,766.5,11.75769340024619,0.3054901170384777,0.21764117559765425,permanent_bench+cadence
3003,41870.0,46565.76799508537,0.8373690612224687,4695.767995085371,146.0,0.0,True,1.1942165603062855,75.0464311559321,62.84155960513949,True,judgment,2.4128524436090224,2660.0,34.32541980312681,0.29933455856114155,0.5664675092091385,surge_capacity
3005,42628.0,46641.72440429728,0.8709567911506203,4013.7244042972816,72.0,0.0,True,1.148162584137958,84.21333129184472,73.34617279404921,True,service,1.1815830509628291,854.0,7.565891472868217,0.21172631462047345,0.21276996474537901,permanent_bench+cadence
3007,23352.0,27721.657403918598,0.7656097352837629,4369.657403918598,149.0,0.0,True,1.3061484904307852,77.29179056837738,59.175347316663455,True,arguments,1.9589029881293492,2897.5,26.796749106704965,0.3690537959653125,0.6630954631366741,surge_capacity
3008,14806.0,16704.571490088256,0.8810237828940627,1898.5714900882558,47.0,0.0,True,1.1350431389208517,81.02472736423502,71.38471181039843,True,arguments,3.5225532917206457,3718.5,47.60864926381677,0.3377822538868109,1.9585778146427049,surge_capacity
3009,37860.0,41470.26700677219,0.9089885372064314,3610.267006772192,73.0,1.0,True,1.1001238839306726,85.33650998494191,77.56990938151438,True,judgment,3.6020492774224113,5379.5,64.45016362527039,0.2913649198539841,1.4900559958332873,surge_capacity
3012,42450.0,46374.868806087165,0.9144235122710309,3924.8688060871646,59.0,0.0,True,1.0935851786186406,92.14996438887366,84.26409409212427,True,arguments,1.9962735337467672,4942.0,45.249719831183384,0.292189026140746,1.259150367608554,surge_capacity
3014,31408.0,34655.423402297216,0.891811780545157,3247.423402297216,59.0,0.0,True,1.1213128395643175,91.20260505313502,81.33555760279307,True,arguments,2.416653794512898,4345.5,42.85599013784602,0.28357388681690887,1.3381377977771574,surge_capacity
3016,25309.0,29203.90196785862,0.8354769748921569,3894.901967858619,104.0,0.0,True,1.19692107628589,74.91934996287455,62.593391867869265,True,arguments,3.4071964537777673,677.5,7.398756256635826,0.2306681828780551,0.17394532791604078,permanent_bench+cadence
3017,27539.0,29789.206312327653,0.8999561767715804,2250.206312327653,59.0,0.0,True,1.1111652164967718,70.04691062146935,63.03914987755815,True,evidence,2.1479796860457614,2194.0,32.51654974804861,0.279287611159213,0.9750217071120416,surge_capacity
3018,68300.0,74665.06716448718,0.8731655777594801,6365.067164487176,146.0,0.0,True,1.1452581566098536,81.00336526320636,70.72935023050978,True,interlocutory,1.1724738143429974,4042.5,46.49626874186997,0.28607048394918955,0.6351072024116965,surge_capacity
3019,33849.0,36452.50971559079,0.8873549541945863,2603.5097155907933,74.0,0.0,True,1.1269447420932661,72.57543212240448,64.40016924662854,True,charge,1.5126275376466023,2144.5,32.62392120532449,0.2529910778247116,0.8236957930895856,surge_capacity
3021,123541.0,140924.47092990074,0.7139016425669903,17383.470929900737,inf,1.0,True,1.4007531855568789,116.65053879419888,83.277011251503,True,judgment,2.043241681299873,4486.0,34.74873781036033,0.23269221756363453,0.2580612363370873,permanent_bench+cadence
3022,63743.0,70465.77916635895,0.8243548542203522,6722.779166358945,219.0,0.0,True,1.213069826519997,96.58722218707821,79.62214546557762,True,charge,1.3920045633916367,3194.0,40.08696754563894,0.23201430105456916,0.4751011331716656,permanent_bench+cadence
3023,59787.0,64719.98747845052,0.8827683893064965,4932.987478450523,103.0,2.0,True,1.1327999644228322,69.10090121228052,61.0000912627922,True,interlocutory,1.3245725730048474,1460.5,16.04167339686642,0.28957197704547266,0.2960680533611958,permanent_bench+cadence
3024,49674.0,55414.98487019872,0.8937837839550609,5740.984870198721,95.0,0.0,True,1.1188388265167717,92.95841794374087,83.08472654023274,True,service,1.3068249949800494,8458.0,77.73607402347389,0.2895922477927283,1.4732663804611683,surge_capacity
3026,104425.0,114040.86748141436,0.8481238334676511,9615.86748141436,230.0,1.0,True,1.1790731029351997,109.78928261432938,93.11490724452837,True,charge,2.0683494462599854,3247.5,34.10909158627882,0.32327097979570146,0.3377230402017082,permanent_bench+cadence
3027,23721.0,27014.417029799224,0.8084935066648393,3293.417029799224,105.0,1.0,True,1.2368683134205427,105.87564236224992,85.59976936384784,True,interlocutory,3.00046685340803,1028.5,11.539556962025316,0.2835285167137593,0.3122896343505882,permanent_bench+cadence
3028,36280.0,40037.4584428268,0.7783531836695511,3757.458442826799,232.0,1.0,True,1.2847638077170744,87.9600120692631,68.46395542972309,True,interlocutory,1.3619949903219577,756.5,13.759757483895415,0.2507646790324114,0.20133289868959198,permanent_bench+cadence
3029,35036.0,40056.401157244945,0.7784602495490487,5020.401157244945,174.0,0.0,True,1.2845871071506687,82.91251189836129,64.54409470313679,True,interlocutory,2.215315260336145,1335.0,13.62167677569299,0.30124515596850043,0.2659150052328907,permanent_bench+cadence
4002,153557.0,168695.41317630347,0.8364323930152646,15138.413176303467,210.0,0.0,True,1.195553888575607,129.9775288876336,108.71741552569407,True,charge,1.2985622337191656,6321.0,36.25391084184827,0.2997451554598173,0.4175470656260339,permanent_bench+cadence
4005,50808.0,56005.29593724773,0.8890871953302978,5197.295937247727,72.0,0.0,True,1.124749074390277,72.03318150385248,64.04377931397849,True,judgment,7.6756974136982565,25.5,0.1909653881234698,0.25736232875001486,0.004906397539775991,permanent_bench+cadence
4008,66448.0,73831.65689158194,0.8463039981271413,7383.656891581937,100.0,2.0,True,1.1816085026337884,119.78494466433922,101.37447758486867,True,evidence,2.687982888588431,2174.0,12.833214452615785,0.2033933114260654,0.2944340496751094,permanent_bench+cadence
4009,237134.0,271679.2790533006,0.6979734322003357,34545.27905330062,inf,0.0,True,1.432719289683472,149.41086194875302,104.28481212238168,True,none,1.1154813830333865,7486.5,40.511668107173726,0.36859371961802273,0.2167155746071388,permanent_bench+cadence
4015,190225.0,215803.11081451277,0.6845484206760927,25578.110814512766,inf,0.0,True,1.4608170434639995,153.8552501290773,105.32136848858508,True,service,1.6008267545971497,0.0,0.0,0.3598692477284081,0.0,permanent_bench+cadence
5001,19563.0,22097.226178809837,0.8409171250700239,2534.2261788098367,92.0,0.0,True,1.1891778276209195,87.96957959820702,73.97512596934287,True,arguments,1.9025147438099286,4326.0,65.8781725888325,0.30107262446421756,1.7070299550104262,surge_capacity
5002,46400.0,53338.488229663184,0.8260223342291813,6938.488229663184,162.0,0.0,True,1.2106210190226507,96.20415832593302,79.46678342294092,True,judgment,1.469437259030764,19954.0,181.71386941080047,0.30948135068845983,2.8758425956094227,surge_capacity
5003,15160.0,18764.27836247285,0.8394693712466568,3604.278362472851,71.0,0.0,True,1.1912286907084493,98.15335446379339,82.39673475747085,True,charge,3.0695869997872096,12637.0,104.59316638370117,0.351659171098375,3.5061109961911794,permanent_bench+cadence
5004,24173.0,27638.846340589163,0.8848664906508861,3465.8463405891634,50.0,5.0,True,1.1301139895855075,89.43759108612737,79.1403273566505,True,interlocutory,1.186314681989203,9800.0,75.05349701542967,0.3004644234234865,2.827592177192162,surge_capacity
5005,27594.0,31408.695505412637,0.9103557174034996,3814.6955054126374,38.0,0.0,True,1.0984717082375033,97.3562349006437,88.62880506667912,True,none,1.107096318670142,21038.5,123.82296910090606,0.22016652671828968,5.5151190888364905,surge_capacity
5006,31102.0,36888.46269195937,0.8468438678741032,5786.462691959372,124.0,2.0,True,1.1808552177515041,91.7769575327223,77.72075369872786,True,judgment,3.67424931458752,20180.5,189.2217533989686,0.43142426690063834,3.487536526942787,surge_capacity
5007,15690.0,18718.210395787464,0.8047979548701435,3028.210395787464,68.0,0.0,True,1.242547889129953,108.92410080232709,87.6618935617822,True,charge,1.2263856084121207,5679.5,43.67096515818982,0.3395859563338348,1.8755301837351652,permanent_bench+cadence
5008,9883.0,12514.214470473069,0.8706715786018506,2631.214470473069,33.0,1.0,True,1.14853869653794,97.79750333744967,85.14950661413705,True,charge,2.8495167919428295,9477.0,57.780060968725294,0.36241170275330264,3.601758847995435,permanent_bench+cadence
5009,9815.0,12406.620918612616,0.7478629731426629,2591.620918612616,167.0,0.0,True,1.3371433483299877,91.20376738346124,68.20792063720715,True,arguments,1.4506523378222318,5562.5,86.83491609210354,0.3170860060208783,2.14634013796192,permanent_bench+cadence
5010,19058.0,25517.16391798143,0.7808161800599918,6459.16391798143,147.0,1.0,True,1.2807111654924568,125.6726610058403,98.1272471045545,True,service,1.374959830829184,20332.0,137.84406779661018,0.1651696293468794,3.1477758202417636,permanent_bench+cadence
5011,35337.0,47345.682598272106,0.8243489059014893,12008.682598272106,166.0,3.0,True,1.2130785797628039,86.6587772913268,71.43706824686608,True,service,1.5977941161049414,55709.5,296.54796124773765,0.17063671652796408,4.639101711957636,surge_capacity
6002,8430.0,9674.70918573683,0.8723991497812336,1244.7091857368305,60.0,0.0,True,1.1462642991465135,77.70547872830696,67.79019357591872,True,interlocutory,2.468182933317162,1630.0,39.074030552291426,0.1719267510102641,1.3095428383418646,surge_capacity
6003,5461.0,7327.833310055962,0.75471367798985,1866.833310055962,246.0,3.0,True,1.3250057991044502,60.513798186939475,45.670591198800615,True,arguments,2.3856052193759343,240.5,8.038997214484679,0.15663240505448278,0.12882778483998153,permanent_bench+cadence
6004,10197.0,13227.637131572064,0.6692035399297646,3030.6371315720644,inf,0.0,True,1.4943136733929316,78.63577608512114,52.623339721287394,True,service,1.3621480377784416,3786.0,88.9225248735932,0.17671522505997006,1.2492422667692027,permanent_bench+cadence
6005,8287.0,10311.457114089377,0.6646838104464575,2024.4571140893768,inf,1.0,True,1.5044747356315415,64.13580655605386,42.630032287734785,True,service,1.6395641399429097,1609.5,67.38001495140792,0.37000267250282864,0.7950279552965344,surge_capacity
6007,12187.0,14476.338317546115,0.8352678573957067,2289.338317546115,98.0,0.0,True,1.1972207372110713,62.62663345101675,52.31001393853706,True,service,1.344571087798923,346.0,6.080634045485872,0.22588737202159076,0.15113537276171082,permanent_bench+cadence
6008,10129.0,11942.270240224745,0.7711462331526747,1813.270240224745,152.0,0.0,True,1.296770906747094,75.21611735474654,58.00262557048232,True,interlocutory,2.806837304870906,1309.5,30.862193126022913,0.22961214192116414,0.7221758626765388,surge_capacity
6009,5609.0,7901.453414255817,0.5254165152508786,2292.453414255817,inf,0.0,True,1.9032519362710074,69.1630121531272,36.33938882975026,True,judgment,1.9374935344084416,1987.0,150.31678486997635,0.1697900391052028,0.8667569808152572,permanent_bench+cadence
6010,30785.0,36323.1636470657,0.7365810245755648,5538.163647065703,438.0,1.0,True,1.35762389558735,82.14006796844994,60.502815422907396,True,judgment,1.6684666562453336,1996.5,35.582719876017045,0.2699075370882454,0.36049855642272505,permanent_bench+cadence
6011,9129.0,11020.155275349593,0.8376154850560479,1891.1552753495926,84.0,0.0,True,1.1938652255612088,77.18131093392967,64.64826119518516,True,interlocutory,6.398275774870354,2165.5,39.95797027165556,0.24257102609450498,1.1450672656160892,permanent_bench+cadence
6012,8875.0,10753.134739672505,0.7455148441157258,1878.134739672505,189.0,0.0,True,1.3413549145169947,64.69105097269876,48.228138781593984,True,arguments,3.900673797295387,162.5,3.8985823336968375,0.25076659750327324,0.08652201387230371,permanent_bench+cadence
6013,19064.0,21803.108284634458,0.7768203277352539,2739.108284634458,201.0,0.0,True,1.2872989599994187,91.86484653399079,71.36248019188353,True,judgment,4.416825312277033,411.5,8.804908747640026,0.18000480418175072,0.15023137358547908,permanent_bench+cadence
6015,6067.0,7094.426240105215,0.8320767138826296,1027.4262401052147,72.0,1.0,True,1.201812264801653,64.99721649561374,54.08267031318813,True,service,1.5227300582390193,738.5,20.88862698880377,0.18398928705645012,0.7187863918332211,permanent_bench+cadence
6018,9557.0,11355.77525326759,0.8417654102766904,1798.7752532675895,69.0,0.0,True,1.1879794391543097,60.84367570269843,51.21610164062384,True,interlocutory,1.5177546169317977,4980.0,81.18716689309228,0.1883576516422711,2.7685504294955767,surge_capacity
6019,5730.0,6671.0673381976,0.8626593564030643,941.0673381976003,69.0,2.0,True,1.1592061137197767,75.65832826207948,65.26736476509726,True,judgment,3.9667803327144067,1291.0,44.55489764845204,0.17785463016442368,1.3718465699517484,permanent_bench+cadence
6021,8691.0,10180.172490563991,0.8016597923881569,1489.1724905639912,97.0,0.0,True,1.2474119439381943,65.68715242178992,52.658748973021325,True,arguments,3.8600417785735597,1139.5,24.989865426150526,0.2950434941078103,0.7651900684577108,permanent_bench+cadence
6022,3520.0,4249.99012533932,0.794136447216004,729.99012533932,58.0,0.0,True,1.2592294479187927,77.1666247020831,61.28082918456299,True,charge,2.231560278327816,749.5,19.163352272727273,0.3841869587021634,1.0267262172232963,permanent_bench+cadence
6023,10591.0,12729.375143992722,0.5978513672467626,2138.375143992722,inf,0.0,True,1.6726565410483554,70.00251011101712,41.851096380576905,True,arguments,5.823426046250316,1294.0,63.49921358917898,0.29904624107434796,0.6051323611926552,permanent_bench+cadence
6024,1092.0,1385.6505164294997,0.9210330427309283,293.6505164294997,17.0,0.0,True,1.0857373770597079,,,False,unobserved,,1380.0,48.35036496350365,0.09407057817523852,4.6994638959925465,permanent_bench+cadence
6025,2540.0,3133.3441425382057,0.7239417686562222,593.3441425382057,inf,0.0,True,1.3813265697546309,68.8864912648227,49.869808322777146,True,judgment,6.11148899018304,626.5,38.652956298200515,0.2211171959699977,1.0558796406415345,permanent_bench+cadence
6026,4775.0,7339.963355108547,0.5061645260577811,2564.963355108547,inf,0.0,True,1.9756422043014634,80.99955621374255,40.99910198181959,True,service,1.4730441760447432,3976.0,90.7417268923545,0.16788069217427934,1.5501196116822258,permanent_bench+cadence
6028,710.0,3151.2157803675145,0.09491268806276901,2441.2157803675145,inf,0.0,True,10.535999142060604,65.87473068685358,7.0,False,interlocutory,4.437583261499883,778.0,145.875,0.19588157916245233,0.3186936633200345,permanent_bench+cadence
7008,4182.0,4685.360732608194,0.8948782765716952,503.36073260819376,31.0,0.0,True,1.1174704160112472,68.54515320431872,61.33956856682354,True,none,1.0,1237.5,41.58693115519254,0.28573200358104534,2.458475442825704,surge_capacity
8001,184799.0,228259.34771282034,0.3717909646220077,43460.34771282034,inf,10.0,True,2.6896834381563837,111.21397746679912,41.34835196183147,True,arguments,1.5712856777109763,17410.0,398.0047432059407,0.25702216173983833,0.4005950462026386,permanent_bench+cadence
8002,32987.0,37976.55129759212,0.6321895669306292,4989.551297592123,inf,13.0,True,1.5818040225737082,75.60304786714872,47.79545808976839,True,evidence,1.4123346865832882,1149.5,54.687033582089555,0.2610698264001034,0.2303814374159717,permanent_bench+cadence
8003,72626.0,81735.17977213537,0.6954895691099497,9109.179772135365,inf,9.0,True,1.4378360861396473,113.34284417328958,78.82876585577736,True,judgment,1.4761652280624682,4671.5,67.36121124729632,0.22092823854570295,0.5128343184410457,permanent_bench+cadence
8004,31439.0,35441.76605637976,0.8124532665632036,4002.7660563797617,261.0,6.0,True,1.2308400263194788,116.68071688117051,94.79762957504332,True,arguments,4.026085622218813,3588.5,84.43529411764706,0.1756953735132418,0.8965050541188915,surge_capacity
8005,51272.0,61098.379943504304,0.688094799481037,9826.379943504304,inf,0.0,True,1.4532881236047746,109.77373211864062,75.53473419046111,True,charge,1.7452921433346793,5278.0,5.843343481871021,0.27381081121326767,0.5371255773077455,permanent_bench+cadence
8006,49007.0,58109.104977829564,0.5790759900970869,9102.104977829564,inf,2.0,True,1.7268890734570808,81.51686739337788,47.204460695433234,True,charge,1.677103933201494,8302.0,167.07426928605653,0.31164976742099254,0.9120967095217625,permanent_bench+cadence
8007,29857.0,35776.71238127224,0.49549535654883764,5919.712381272242,inf,5.0,True,2.0181823841197524,97.45654316228405,48.28926460221312,True,arguments,2.082876875446535,1865.0,69.28792569659443,0.3570205504146541,0.3150490902058288,permanent_bench+cadence
8010,70031.0,81893.61449094636,0.6440070903149153,11862.614490946362,inf,9.0,True,1.5527779352724307,152.24085312800105,98.04418885002433,True,arguments,1.8030822561234663,6604.0,173.5627213420317,0.28629028219687236,0.5567069557086445,permanent_bench+cadence
8011,29592.0,34815.66926663346,0.5859379985135411,5223.669266633457,inf,3.0,True,1.7066652146419719,104.54589020907629,61.25740966192257,True,charge,1.8276301622632753,2636.0,85.58441558441558,0.38804935947022434,0.5046261287707531,permanent_bench+cadence
8012,28569.0,34408.07995813875,0.5792891188933105,5839.079958138747,inf,3.0,True,1.72625372613666,77.59803279378391,44.9516960449653,True,interlocutory,1.4791354247370425,3934.5,76.3410447761194,0.3724127414838855,0.6738219082812753,permanent_bench+cadence
8013,65898.0,76546.64921522232,0.5597120788256486,10648.649215222322,inf,9.0,True,1.7866328739914548,92.95930541210802,52.030446078399336,True,charge,11.994060050989825,1708.5,27.261283888601614,0.28759880988074993,0.1604428848644659,permanent_bench+cadence
8014,24005.0,30307.193157800284,0.4505591081947483,6302.193157800284,inf,5.0,True,2.2194646203173924,77.26602281072843,34.81291033135688,True,evidence,1.6423638146625195,5096.5,142.00773993808048,0.2842228932890821,0.8086867337114245,permanent_bench+cadence
8015,34787.0,40637.15349917563,0.5363700798569433,5850.153499175627,inf,2.0,True,1.8643843822659023,90.32199866697523,48.44601763784423,True,arguments,3.8127760985817254,1141.5,26.311170212765955,0.28766650325119897,0.19512308525936187,permanent_bench+cadence
8017,57809.0,65936.0316117431,0.6859728869861406,8127.031611743107,inf,11.0,True,1.4577835640028787,97.7794189619726,67.07403031317173,True,interlocutory,1.438146635836384,2878.0,52.52475637920351,0.23676597633902802,0.35412683713958376,permanent_bench+cadence
8018,52771.0,59994.91709857856,0.681904734956927,7223.91709857856,inf,5.0,True,1.4664805048804443,103.19395533090942,70.36844675908075,True,charge,2.1263523410919274,2569.5,21.901975978302985,0.21180602489229566,0.3556934506495924,permanent_bench+cadence
8019,20546.0,25082.020889834315,0.46741695852262305,4536.020889834315,inf,1.0,True,2.1394174553715937,89.13083920489498,41.661265771720984,True,service,1.3236150291965072,584.5,28.18990203466466,0.46866621353184695,0.12885743125873253,permanent_bench+cadence
8020,11996.0,14480.731214066183,0.5961580105456796,2484.7312140661834,inf,0.0,True,1.6774076374226237,85.38336758033411,50.90197855038246,True,charge,2.940939508673065,980.5,28.86968375136314,0.3941310976001381,0.3946100867769287,permanent_bench+cadence
8021,36849.0,43349.558494812394,0.4196219324399612,6500.558494812394,inf,3.0,True,2.3830975520877438,107.70841582028106,45.196813586553226,True,judgment,1.5053648527071268,1007.5,46.30212765957447,0.3705919089396038,0.15498668319099196,permanent_bench+cadence
8022,31312.0,35880.12019984787,0.5795610066134536,4568.120199847872,inf,1.0,True,1.7254438938935799,76.04881318603736,44.07492672185828,True,none,1.1449159467982997,1583.0,33.183420676512625,0.2956983157749622,0.3465320374128328,permanent_bench+cadence
8023,53383.0,60948.4979445839,0.6950318020187265,7565.497944583898,inf,4.0,True,1.4387830845948206,89.7517497406227,62.38032035655876,True,interlocutory,1.3021097259542638,2090.5,46.55793991416309,0.23392515579583045,0.2763202125375737,permanent_bench+cadence
8024,41247.0,48294.86446041285,0.5886587945937897,7047.864460412849,inf,6.0,True,1.6987769641495984,84.69722674032671,49.85776739839761,True,evidence,1.3439143293149405,3709.5,66.20166567519334,0.2986023130422833,0.5263296450770146,permanent_bench+cadence
8025,14412.0,17182.956771314166,0.6693746493480995,2770.956771314166,inf,1.0,True,1.4939316882912952,81.60789821732475,54.62625825325715,True,charge,1.6376092002373672,1633.0,48.90267379679144,0.36886817113414333,0.5893271294974142,permanent_bench+cadence
8026,38175.0,45599.399513428594,0.4750997024384159,7424.399513428594,inf,18.0,True,2.1048213561649693,91.64975879514223,43.542773132124665,True,arguments,3.5797433395624205,2557.5,137.00892857142856,0.37749974949260073,0.34447230316394223,permanent_bench+cadence
8027,14430.0,16589.604033322335,0.819319369461112,2159.6040333223355,162.0,0.0,True,1.2205252765569627,80.6837488156802,66.10575820542184,True,charge,1.3785168570387403,2658.0,74.91146737465536,0.29499177915509694,1.2307811797845793,permanent_bench+cadence
8028,73620.0,94130.30803524864,0.3997798382756757,20510.308035248643,inf,18.0,True,2.5013767685563755,104.34455393226659,41.71484889598906,True,interlocutory,1.841361602373914,12254.0,269.10182270697607,0.2210430883280888,0.5974556783321098,permanent_bench+cadence
8029,70918.0,83008.88128750074,0.5698554786356002,12090.881287500742,inf,11.0,True,1.7548308957111214,102.47164931801525,58.39403076869695,True,charge,2.5364472945097165,7171.5,139.6871020102385,0.2745234029884481,0.5931329428743727,permanent_bench+cadence
8030,61438.0,75768.41866703595,0.2914999485108562,14330.418667035949,inf,4.0,True,3.43053233837109,115.8896582532366,33.7818294137592,True,service,1.1780198424160493,6053.0,110.87584803256446,0.3967651328051527,0.422388217723438,permanent_bench+cadence
8031,46382.0,58030.193953131915,0.5141969499892033,11648.193953131915,inf,11.0,True,1.9447801081297684,96.95397743491402,49.85343948635483,True,charge,1.7980859502232098,10193.0,257.9459810203585,0.2266626638385626,0.8750712806648752,permanent_bench+cadence
8033,54848.0,69560.24012444241,0.20526959322349736,14712.24012444241,inf,1.0,True,4.871642138011161,92.7766804129824,19.044231448999312,True,arguments,2.6012557832121614,7764.0,1078.7873684210526,0.21828431886701197,0.527723849959542,surge_capacity
8034,63501.0,78620.01169490813,0.3154485334989759,15119.011694908128,inf,5.0,True,3.1700892342339784,99.08405152969476,31.255918748179173,True,arguments,2.1939195661703823,7969.0,96.08095306444667,0.23681884546209003,0.5270847169649222,permanent_bench+cadence
8035,68324.0,86413.24340563636,0.30581493448926483,18089.243405636356,inf,0.0,True,3.2699514877194575,94.82287043328279,28.998249909638425,True,arguments,1.8707270546683918,12963.5,683.2312711758062,0.26118135222942696,0.7166413602439975,permanent_bench+cadence
8036,29006.0,37994.42416956411,0.2323769265334668,8988.42416956411,inf,1.0,True,4.303353241295152,79.68916380899472,18.51792296395617,True,evidence,1.6237598971750973,4292.5,359.68026460859977,0.3161240055415894,0.477558682036271,permanent_bench+cadence
8037,6190.0,8478.594009263872,0.1266888342209327,2288.594009263872,inf,1.0,True,7.8933554495899765,68.5395851267666,8.683200137696435,True,judgment,1.9313801534693746,954.0,310.33734939759034,0.2744569455490911,0.416849819644007,permanent_bench+cadence
8038,94449.0,117718.93713424924,0.20406392217237895,23269.937134249238,inf,4.0,True,4.900425265546302,108.67428725704116,22.1765012969596,True,charge,1.8615160128573434,12832.5,1367.9969829031177,0.2741362547420381,0.5514625985436302,surge_capacity
8039,41918.0,50073.34895246798,0.22162094729631424,8155.348952467983,inf,0.0,True,4.512208851192068,79.9405735326697,17.716505633720924,True,interlocutory,1.5729112918599129,3084.5,621.6821705426356,0.3704777766177164,0.3782180281895313,permanent_bench+cadence
9001,24750.0,28491.442494686584,0.7533891391015106,3741.442494686584,297.0,0.0,True,1.3273353013724045,94.35856581144527,71.08871866353799,True,judgment,1.6215206891400686,1112.0,22.181627296587926,0.3278594564606342,0.2972115705584701,permanent_bench+cadence
9002,93319.0,101119.12002409826,0.8218667524477973,7800.120024098258,437.0,0.0,True,1.2167422480854246,99.99381669866034,82.1815933949883,True,charge,1.2194183192081014,3818.5,81.48849616538847,0.21383786108594643,0.4895437490965329,permanent_bench+cadence
9005,26219.0,28845.957867799512,0.8604089617366958,2626.9578677995123,87.0,0.0,True,1.1622380106101478,100.55657833391503,86.51978116007855,True,interlocutory,1.328256939928207,2086.5,32.47270256916996,0.27454058279574356,0.7942647370084278,surge_capacity
9006,41905.0,46322.300214773255,0.8272285232438872,4417.300214773255,262.0,1.0,True,1.2088558021169389,111.8582650140147,92.53234738016675,True,interlocutory,1.592100465621716,2617.0,60.87773049645391,0.23159109877377815,0.5924433189412129,surge_capacity
9007,57431.0,66425.44100668066,0.7865502189496124,8994.44100668066,368.0,0.0,True,1.271374638145084,105.25834474012254,82.79097410161717,True,service,1.2949983537049468,6453.0,81.77226647356989,0.3254701957463184,0.7174431401803633,permanent_bench+cadence
9008,36958.0,40805.17090271561,0.8690421580942643,3847.1709027156103,67.0,1.0,True,1.1506921622685315,93.03499407623723,80.8513320303003,True,arguments,1.3111410419266656,4943.5,41.825146886016455,0.2589592718116697,1.2849702092804147,surge_capacity
9009,70929.0,84194.15435859589,0.6402685062793866,13265.154358595886,inf,0.0,True,1.5618447419989787,104.1382485360822,66.67644083674887,True,judgment,2.6946904014304764,3138.5,89.32960609911055,0.36349718704264516,0.23659732221406352,permanent_bench+cadence
9010,27731.0,30674.97597842621,0.8594893397425829,2943.9759784262096,109.0,0.0,True,1.1634815625514332,124.97312012185604,107.41306449910455,True,arguments,2.07941165124417,1340.5,23.22501110617503,0.3391893886942058,0.45533659575463126,permanent_bench+cadence
9011,36664.0,41069.91603592972,0.830371514644345,4405.916035929717,111.0,1.0,True,1.2042802316362071,116.81288959632973,96.99809606408697,True,interlocutory,1.1909720972548277,1134.5,11.361832344213651,0.3577910568943006,0.25749469366830613,permanent_bench+cadence
9012,28159.0,32825.26517354195,0.7257761837892972,4666.2651735419495,inf,0.0,True,1.3778352367240445,109.97196464290897,79.81503282234199,True,judgment,1.5928099779897285,1778.0,36.279838056680155,0.37265289063555473,0.3810327818661881,permanent_bench+cadence
9014,76946.0,85643.58834333345,0.8477755043568634,8697.588343333453,265.0,1.0,True,1.1795575536929634,87.97758008882158,74.58523733189705,True,service,1.28284284070555,6058.5,81.04849398212184,0.24623427275971396,0.6965724015489573,surge_capacity
9019,46339.0,55142.30035875252,0.7874538481178355,8803.300358752524,198.0,0.0,True,1.2699156939675769,101.52997120096131,79.95016652149,True,charge,1.486064730888698,13918.0,97.29584546987584,0.32921412211138656,1.58099797039894,permanent_bench+cadence
9020,70079.0,80773.20362902673,0.8447104230307945,10694.203629026728,388.0,0.0,True,1.1838376474769086,117.0615593874455,98.88311935081356,True,none,1.1204311016795647,20911.5,327.843086020766,0.2961634735663313,1.955405070391683,permanent_bench+cadence
9024,9091.0,10503.280541579836,0.8539264003039507,1412.2805415798357,68.0,0.0,True,1.1710611121099608,72.44543273374724,61.86306759279077,True,charge,3.7509061622820714,1461.0,31.853197674418606,0.29605664897920553,1.0344970117379544,permanent_bench+cadence
9025,14842.0,16749.302349438916,0.8311718771044804,1907.3023494389163,55.0,1.0,True,1.2031205909945597,80.33068524931251,66.76860644776028,True,judgment,5.287790995795303,1130.5,13.002555910543132,0.28376081175419193,0.5927219668829993,permanent_bench+cadence
9026,19578.0,22219.63271896899,0.7905732014064135,2641.632718968991,151.0,0.0,True,1.2649050059134568,93.16630617349506,73.6547849347901,True,none,1.1303042924705262,1600.5,28.889891696750905,0.33827520486509016,0.6058752939071193,permanent_bench+cadence
9029,23305.0,28012.580586467062,0.6830035998217501,4707.580586467062,inf,0.0,True,1.4641211265372238,109.9388729326378,75.08864597333759,True,judgment,1.790708099481791,635.0,14.27388346643005,0.4931154784198474,0.13488882204702815,permanent_bench+cadence
9030,39410.0,45557.918871650756,0.750671623844175,6147.918871650756,483.0,0.0,True,1.3321404036548221,89.37872387882497,67.09407179123768,True,service,1.259308918684544,3989.0,77.58184764991897,0.3215159460953443,0.648837449432531,permanent_bench+cadence
9031,50183.0,56540.58567570104,0.7797062734322638,6357.585675701041,456.0,1.0,True,1.2825342492090055,99.39914313664916,77.5021354774369,True,charge,2.0661819500867846,3372.0,71.92960625722158,0.34876092741458986,0.5303900209930202,surge_capacity
9032,10615.0,12612.163920128396,0.7493885255536044,1997.163920128396,148.0,0.0,True,1.3344212860228393,111.04594685107257,83.21655837942917,True,charge,3.022870054726173,757.0,13.689886135298057,0.37329083086051923,0.3790374902984093,permanent_bench+cadence
9033,27326.0,31755.880518130823,0.7350530996123377,4429.8805181308235,233.0,0.0,True,1.3604459331269996,98.49016030115398,72.39549761067923,True,interlocutory,1.7842162784526612,2148.5,25.173637103336045,0.2340327502010082,0.485001794338813,permanent_bench+cadence
9034,15022.0,18251.9946955177,0.658056689672884,3229.9946955177,inf,0.0,True,1.5196259162673262,106.41658032283695,70.02814257355466,True,judgment,4.203401360544218,1021.0,43.36293436293436,0.4052522463512295,0.31609959032343093,permanent_bench+cadence
9035,51351.0,57425.62121706643,0.792785519635176,6074.621217066429,147.0,0.0,True,1.26137520834157,104.53696210503152,82.87538982352012,True,judgment,2.733716853488717,3402.0,26.34826384406867,0.221654748061674,0.5600349187933239,surge_capacity
9036,20843.0,23567.670267856174,0.8392398798964412,2724.670267856174,104.0,1.0,True,1.191554433904399,99.94702006545285,83.87952511573786,True,judgment,16.559752892487086,2587.0,41.46766029246344,0.3806559215035041,0.949472686849372,surge_capacity
9039,21999.0,26034.7898573544,0.7071225396662735,4035.7898573544007,inf,0.0,True,1.41418204611601,123.69728912734986,87.46914123756495,True,charge,2.3132628218543783,2067.0,28.001231527093598,0.35444620574330177,0.5121674004490883,permanent_bench+cadence
10001,15313.0,17612.99306220014,0.746696605774406,2299.993062200141,287.0,0.0,True,1.339232015073767,71.07547449141418,53.071815556544344,True,evidence,2.4236256919259405,1529.5,46.02035398230089,0.3616524652511893,0.6650020059351404,surge_capacity
10006,14549.0,16210.592079440046,0.8910830814833223,1661.5920794400463,40.0,2.0,True,1.1222298131116704,72.67742485264627,64.76162369196862,True,arguments,14.856979053052548,6529.0,86.4513756068854,0.3008982997160356,3.9293639400353073,surge_capacity
10010,40959.0,43722.93314127144,0.8716058101201408,2763.933141271438,100.0,2.0,True,1.1473076342414026,81.94212924186645,71.4212359408263,True,interlocutory,2.2160966374449518,2688.0,48.135585993711025,0.27635791559631584,0.9725271425210712,surge_capacity
10013,122007.0,129738.70951932209,0.8708383248142688,7731.709519322088,341.0,3.0,True,1.1483187768674268,101.37656378131128,88.28259697874398,True,service,3.241909067085954,4988.5,109.09263557712598,0.292756929667931,0.6452001316828297,surge_capacity
10016,6349.0,7142.64862906098,0.8771184694132574,793.64862906098,37.0,0.0,True,1.1400968453770486,83.28450795960464,73.05038014736466,True,evidence,3.058398572010851,1237.5,28.83495145631068,0.3071207781612317,1.559254252683799,surge_capacity
10018,61166.0,66140.42353605096,0.8434555251188862,4974.423536050963,239.0,1.0,True,1.1855989678401224,77.91032688972516,65.71389567895721,True,service,2.8166381870085573,3300.5,67.97537497201702,0.275771816680205,0.6634939658998482,surge_capacity
10019,17903.0,20070.032408608935,0.8244753993114536,2167.032408608935,100.0,0.0,True,1.2128924657244262,74.11898842719688,61.10928258007417,True,evidence,2.0612503532972895,3458.0,61.14942528735632,0.391768527741312,1.5957306343285218,surge_capacity
10021,11977.0,14245.536069404143,0.7764666692920039,2268.536069404143,166.0,3.0,True,1.2878852879954497,57.897988267310346,44.95585810862598,True,service,2.765212166784619,1845.0,39.33502538071066,0.4762509182000278,0.8132998301784157,permanent_bench+cadence
10022,29618.0,32308.15472245321,0.8561811028901025,2690.1547224532114,84.0,0.0,True,1.1679771915362605,74.38690886963082,63.68866567658606,True,judgment,2.8865971476767367,6796.0,96.75229472369654,0.29199595963016883,2.526248748177048,surge_capacity
10024,31348.0,34412.16431607142,0.8581941403605302,3064.164316071423,133.0,0.0,True,1.1652375062592442,74.89857880316032,64.2775214502036,True,arguments,4.377267291209886,4431.0,88.88761863675583,0.27766047299556723,1.446071275211834,surge_capacity
10026,22232.0,24476.747907613415,0.8738037035788757,2244.747907613415,66.0,0.0,True,1.144421791649837,73.75954926597154,64.45136732291448,True,service,2.606873476606623,2389.5,35.05153445280834,0.3138133932293489,1.0644847877552912,surge_capacity
10029,19223.0,21435.830157502613,0.8862755949871737,2212.8301575026126,52.0,0.0,True,1.1283172025226218,76.83633811776753,68.09817128196006,True,arguments,4.824126398339292,9948.0,124.60237750072486,0.2898941214071251,4.4956003361899475,surge_capacity
10030,10389.0,12010.07576095318,0.829271950875888,1621.0757609531793,94.0,1.0,True,1.2058770333951205,74.58558589178698,61.8517343197033,True,interlocutory,1.7352445520581112,1479.0,33.81000762001524,0.3807581342573316,0.9123571122489427,surge_capacity
10031,49451.0,52504.49430630282,0.8724175305442678,3053.4943063028186,74.0,0.0,True,1.1462401487692921,89.03757665421136,77.67794275031304,True,arguments,2.315732532474581,4716.0,56.91724137931034,0.2627936223349971,1.5444600601565062,surge_capacity
10033,41980.0,45211.34349706589,0.8715546616659757,3231.3434970658927,86.0,1.0,True,1.147374965660216,92.86423599251907,80.93625778132929,True,charge,2.2145763089401713,2947.5,38.71568001459455,0.28959281722014096,0.9121592930854838,surge_capacity
11001,69274.0,82049.98914316928,0.493719253426842,12775.989143169281,inf,5.0,True,2.025442583126196,110.92035362608338,54.7635141821112,True,judgment,2.6062937161683357,4329.0,145.93306043823742,0.26884770566063426,0.3388387350277698,permanent_bench+cadence
11002,23458.0,28914.302684131584,0.3665260720276542,5456.302684131584,inf,1.0,True,2.728318873655871,208.9557609159707,76.58773427608035,True,evidence,4.47068496020109,1920.5,65.69971491922712,0.3797695571615455,0.35197827378333274,permanent_bench+cadence
11003,9988.0,12389.649906375815,0.4861296942461452,2401.6499063758147,inf,0.0,True,2.057064219355552,76.37030557019716,37.12587329632463,True,charge,4.729297439264609,886.0,32.75704225352113,0.7482096369640217,0.36891305333382635,permanent_bench+cadence
11004,42894.0,52077.14715727417,0.492563823597854,9183.147157274172,inf,3.0,True,2.030193757827482,104.63220597283016,51.53803944545544,True,evidence,15.86011993778788,1926.5,80.39690374691496,0.48440604343086724,0.20978646721064217,permanent_bench+cadence
11005,79776.0,95887.7078267613,0.4115026747778956,16111.707826761296,inf,10.0,True,2.4301178614203174,142.67227120825265,58.71002121883331,True,evidence,15.925171431892142,5605.5,149.26770814841115,0.5312290741972026,0.34791470030814187,permanent_bench+cadence
11006,22861.0,28375.190941607532,0.48394081381030046,5514.190941607532,inf,4.0,True,2.0663683894038933,162.8893726807743,78.82881557618325,True,evidence,3.3570130942550427,2501.0,92.8625024173274,0.25930133856616966,0.4535570179713241,permanent_bench+cadence
11007,22353.0,26724.537992054822,0.5124608855805433,4371.537992054822,inf,1.0,True,1.951368442231735,151.0412196023217,77.40271715657109,True,interlocutory,1.386314358977051,810.0,48.652883569096836,0.42084907312663883,0.18528947969162293,permanent_bench+cadence
11008,82856.0,95809.58101476883,0.37469381112053823,12953.581014768832,inf,0.0,True,2.668845789070965,121.02948889357424,45.34900045150419,True,evidence,8.237083966302997,0.0,0.0,0.2443105741076887,0.0,permanent_bench+cadence
11009,6715.0,8387.331582782848,0.5333025861134235,1672.3315827828483,inf,3.0,True,1.8751081019271838,85.6037460637941,45.652699156818194,True,evidence,16.13347936687394,244.5,13.817896389324963,0.49664774459251226,0.14620306314680673,permanent_bench+cadence
11010,17654.0,21800.424767279765,0.5159678769237069,4146.424767279765,inf,0.0,True,1.9381051509682725,100.7852287806487,52.00194051922139,True,interlocutory,1.6863388431241775,1629.5,44.23981900452489,0.46035290773129417,0.3929891633049026,permanent_bench+cadence
11011,34754.0,42943.67280752288,0.3525271044522537,8189.672807522882,inf,2.0,True,2.8366613158831315,119.94184914682627,42.282752782379674,True,judgment,3.3764131014616456,1966.0,95.23570307243776,0.5405764804333035,0.2400584304410878,permanent_bench+cadence
11012,19734.0,27424.93011623852,0.12632157535236188,7690.93011623852,inf,1.0,True,7.916304061365576,256.4060211384011,32.38961252003383,True,judgment,1.7168221913289736,4068.5,395.14208633093523,0.31240334298573874,0.5289997358589733,permanent_bench+cadence
11013,35201.0,41267.88143020713,0.4773480874451976,6066.881430207133,inf,0.0,True,2.09490731460154,154.70052310328887,73.84599883012655,True,charge,2.399951609000726,1138.5,39.44991878722252,0.32999326105131566,0.18765819195532388,permanent_bench+cadence
11014,28953.0,33882.12109725558,0.5128422510585938,4929.121097255578,inf,0.0,True,1.9499173438534552,207.88513763824616,106.61228194802378,True,interlocutory,1.2186391337502633,1566.5,47.09462324147235,0.3458675301038635,0.3178051358633066,permanent_bench+cadence
11015,42936.0,50713.58903431622,0.45199645987699577,7777.589034316217,inf,0.0,True,2.212406708389122,244.74057756728058,110.6218746486621,True,evidence,6.379117460986925,303.5,12.490101325019484,0.43607400570813676,0.039022375528058845,permanent_bench+cadence
11016,50811.0,63257.27510845545,0.37719656875673385,12446.275108455447,inf,3.0,True,2.651137584034949,225.62150408949248,85.10365718028996,True,charge,2.4338570824524313,1923.0,67.34836826744495,0.5588448216028769,0.15450405709685777,permanent_bench+cadence
11017,24720.0,29376.7083210424,0.5097019024341535,4656.708321042399,inf,1.0,True,1.96193107230787,132.62330581154643,67.59835127925174,True,arguments,1.9878053427841926,1692.0,83.88349514563106,0.4202682113363416,0.36334678561556283,permanent_bench+cadence
11018,44680.0,52718.47943987873,0.45176533935892,8038.479439878727,inf,1.0,True,2.2135385627836244,252.18897927471295,113.93023980462033,True,judgment,2.3702412393633616,4752.5,103.31521739130434,0.29707379766430475,0.5912187790669647,permanent_bench+cadence
11019,32988.0,38646.863818980724,0.462538036746253,5658.863818980724,inf,0.0,True,2.1619843570802306,167.28131301267075,77.37397010521616,True,arguments,3.9807259662200734,516.5,20.36303901437372,0.4328936044099969,0.09127273893172289,permanent_bench+cadence
11020,10973.0,14594.826763695355,0.35564163138978827,3621.826763695355,inf,1.0,True,2.8118192914934244,131.41110864198492,46.73526106017622,True,service,1.24404323984972,681.0,32.704352176088044,0.616804822702473,0.18802666290564785,permanent_bench+cadence
11021,13616.0,17730.92217065564,0.533979791539873,4114.922170655638,inf,3.0,True,1.8727300467986507,138.70706078921884,74.06676740533557,True,evidence,18.95743347261931,1921.0,58.668928950159064,0.373227175857928,0.4668375051414213,permanent_bench+cadence
11022,16704.0,20681.104540779685,0.4003254146063072,3977.1045407796846,inf,0.0,True,2.4979678119697493,157.32243789179856,62.98017017590927,True,evidence,8.610116605484777,546.0,34.54915254237288,0.4731441228415827,0.13728580538970706,permanent_bench+cadence
11023,11478.0,14524.615774000713,0.5309013065565873,3046.615774000713,inf,4.0,True,1.8835892616011347,90.71555899758498,48.161008796829044,True,evidence,22.30824209245742,1038.5,50.59976798143852,0.5819652545350554,0.34087002662507615,permanent_bench+cadence
11024,8001.0,10488.7684285217,0.4204745795294594,2487.7684285217,inf,0.0,True,2.3782650573527424,105.51132314805514,44.3648292362754,True,evidence,11.568264,213.5,12.774515235457065,0.42697655396230294,0.0858198848221848,permanent_bench+cadence
11026,31838.0,38782.854135100824,0.3320877514855153,6944.854135100824,inf,2.0,True,3.0112522835507747,162.45412193964103,53.9490240744891,True,charge,5.4276701666789045,2970.0,196.10773240660293,0.3363432817643147,0.4276547703124483,permanent_bench+cadence
11027,35321.0,42353.03120292996,0.3858504768851174,7032.03120292996,inf,1.0,True,2.591677501794921,192.4796059906877,74.26834776216636,True,arguments,2.0399910519160946,3993.0,206.0669986419194,0.46386443129006294,0.5678302448851876,permanent_bench+cadence
11029,27554.0,32569.245666192946,0.4923452826610784,5015.245666192946,inf,0.0,True,2.0310949149245365,141.20191225580777,69.52009540187048,True,charge,2.5466527451492214,1961.0,91.921875,0.339191290019239,0.3910077652265014,permanent_bench+cadence
11030,5569.0,7494.284636717878,0.356583724324552,1925.2846367178781,inf,1.0,True,2.8043904748996047,135.05263001961345,48.157569792219554,True,judgment,2.565036667557377,23.5,1.5857544517338331,0.5240809987173685,0.012205987391070412,permanent_bench+cadence
11031,5097.0,8083.004784956284,0.27453806762569194,2986.0047849562843,inf,0.0,True,3.6424821105807825,131.07961049178365,35.98634296954266,True,evidence,5.210392441860465,1816.0,115.70973451327434,0.1742857358634993,0.6081704922742066,permanent_bench+cadence
12001,5160.0,6051.446056997964,0.7060306959324875,891.4460569979638,inf,0.0,True,1.4163690130770499,50.373023773339575,35.564901030914676,True,interlocutory,2.5638925044083547,497.0,44.569827183559084,0.3280879917687817,0.5575211153815617,surge_capacity
12002,6183.0,7338.121032715301,0.7976355045565983,1155.1210327153012,157.0,1.0,True,1.2537054761070285,49.927734389555766,39.82413361118114,True,judgment,4.0073511926605505,1916.0,85.84757302877223,0.326899833524353,1.6587006432530522,surge_capacity
12003,11843.0,14779.270467161776,0.6100710485810105,2936.2704671617757,inf,1.0,True,1.6391533450504518,78.68825774052009,48.0054279107719,True,judgment,4.483872549927338,2767.0,173.4645189377449,0.3933982138442168,0.9423518817306383,permanent_bench+cadence
12004,7948.0,9485.50302198916,0.8582228232246698,1537.5030219891596,64.0,0.0,True,1.1651985625861352,55.07507064231503,47.26668261594574,True,none,1.1220093604404056,4342.5,83.98517245084345,0.18649412285873637,2.824384692513871,permanent_bench+cadence
12005,23922.0,27007.176113317797,0.8072629368554917,3085.176113317797,368.0,0.0,True,1.2387537620583344,82.85147629672362,66.88292607810627,True,interlocutory,2.455635370911668,5345.0,223.36325646184804,0.180122780746843,1.7324780834802942,permanent_bench+cadence
12006,4469.0,5722.163065700132,0.738715500592097,1253.1630657001324,223.0,0.0,True,1.3537011193057105,65.48724208074007,48.376440816069746,True,charge,1.417080474594659,2527.0,102.70618120237087,0.33790208494343593,2.0164973491204714,permanent_bench+cadence
12008,6104.0,7912.085058708937,0.4936874846205376,1808.0850587089371,inf,0.0,True,2.0255729204248083,72.3851815682463,35.735658212228415,True,charge,1.8971768723156421,827.5,56.324446965399886,0.46947765921191914,0.4576665218343634,permanent_bench+cadence
12009,2780.0,3478.364399487707,0.6030586956908658,698.364399487707,inf,0.0,True,1.6582133831175372,54.647621584358404,32.95572339527119,True,evidence,1.4998987159179067,201.5,22.789820923656926,0.25808864590881864,0.28853131710008784,permanent_bench+cadence
12010,3351.0,3774.909795471417,0.8406300107645991,423.90979547141706,44.0,1.0,True,1.189583987241242,68.56985065988015,57.641874298342,True,service,1.5873356132905985,511.5,21.960644007155633,0.27657854512977004,1.2066246297308996,permanent_bench+cadence
12011,8022.0,10060.301505897407,0.5704590101673773,2038.301505897407,inf,0.0,True,1.7529743280005197,79.65212580591722,45.43827284497096,True,charge,9.572794036644947,1086.5,96.32803841891392,0.3335558763620953,0.5330418472715814,permanent_bench+cadence
12013,7829.0,9730.894627823443,0.5836386819785996,1901.8946278234434,inf,0.0,True,1.7133888326419517,44.64995817784943,26.059442741319632,True,judgment,4.523958010651023,1416.0,114.72468117029258,0.3146080399954719,0.7445207422561004,permanent_bench+cadence
12014,2077.0,2754.8001858985003,0.6026497174160637,677.8001858985003,inf,0.0,True,1.6593387022358952,28.53474873484196,17.196458261590887,True,judgment,3.184325519840291,476.0,61.12062256809338,0.29047692538493836,0.7022718640435432,permanent_bench+cadence
12015,4006.0,5122.150713279335,0.7638351417479721,1116.150713279335,221.0,0.0,True,1.309183023069068,57.93428631520685,44.252243799643615,True,interlocutory,2.6499174626156625,2901.0,154.29141274238228,0.4043376023295391,2.599111361472541,permanent_bench+cadence
12016,271.0,350.85351205362633,0.7793208870616347,79.85351205362633,46.0,0.0,True,1.2831684824596679,66.89736527017108,52.13451404443592,True,arguments,1.5664584584176067,148.5,25.27659574468085,0.38417046666488475,1.8596552134147026,permanent_bench+cadence
12017,199.0,253.63167164283323,0.7620899972029695,54.631671642833226,85.0,0.0,True,1.3121809808161897,62.10615539162253,47.33047978868881,True,judgment,2.366545979917648,88.5,36.411428571428566,0.37086455352187975,1.619939447919305,permanent_bench+cadence
12019,41390.0,44660.377186467726,0.8231882301329586,3270.3771864677256,316.0,1.0,True,1.214788991624046,63.52922614972565,52.296511235909136,True,judgment,2.614247661202157,3380.0,125.20162879285432,0.21210555550920565,1.0335199297456805,surge_capacity
12021,5120.0,6293.189480299723,0.599346460264027,1173.189480299723,inf,0.0,True,1.6684840343588165,61.181758951707955,36.669070660433114,True,charge,2.004869256488273,963.5,65.88034188034187,0.27562551771059307,0.8212654615295798,permanent_bench+cadence
12022,1863.0,2231.6628004185413,0.6416096700798939,368.66280041854134,inf,0.0,True,1.5585800006341537,58.26667951011306,37.384465017134545,True,judgment,2.402931988218965,55.0,9.0,0.4106216215430942,0.14918782133038302,permanent_bench+cadence
13001,174272.0,198751.18759530774,0.7120779395144649,24479.18759530774,inf,0.0,True,1.4043406550157371,91.06366330861121,64.84442573343485,True,interlocutory,1.653481102829419,15243.5,214.52341388480534,0.2372804329010854,0.6227126590966576,surge_capacity
13002,97807.0,113133.5910445577,0.7961254849202524,15326.591044557703,496.0,0.0,True,1.2560833925573551,89.68901784901296,71.40371282706661,True,judgment,5.849351795380132,19662.5,208.94486215538845,0.3133867818501656,1.282901066704062,permanent_bench+cadence
13003,141386.0,163839.08936604203,0.7167770720949336,22453.089366042026,inf,1.0,True,1.39513391112984,103.43165090948551,74.1374359008463,True,judgment,2.3463822719061764,2287.0,26.563071941433197,0.32057075843006005,0.10185680744044295,permanent_bench+cadence
13004,73449.0,84750.5992968595,0.6957486348102884,11301.599296859495,inf,1.0,True,1.4373007002344642,83.62796833356634,58.18404480003681,True,evidence,3.284028165108316,8586.5,139.54225352112675,0.2899471766003686,0.7597597273145252,permanent_bench+cadence
13005,15479.0,19058.069019786253,0.7283247101248053,3579.069019786253,inf,0.0,True,1.373013967669229,81.5916633980909,59.42522459301524,True,judgment,2.2141777645045955,1575.0,31.516414799374672,0.3804837322734911,0.44005857145891564,permanent_bench+cadence
13006,135806.0,161131.9139972848,0.7650982312342928,25325.913997284806,964.0,1.0,True,1.3070217119529248,96.80623894610416,74.06628219010858,True,service,1.5477890668543433,25299.0,261.30451332904994,0.3128421652872604,0.9989372941372346,permanent_bench+cadence
13007,81239.0,94752.63083412437,0.7051847883886707,13513.630834124371,inf,0.0,True,1.4180680248151334,93.72225367728366,66.09150762672458,True,interlocutory,2.0922981238200964,7822.5,84.21699047147631,0.34775365853526913,0.5788599744967702,permanent_bench+cadence
13008,144968.0,165596.33562433548,0.7141715436698107,20628.33562433548,inf,0.0,True,1.4002238101807358,94.96919975519855,67.82429999025675,True,service,1.7909734761135194,9959.0,127.52590120678282,0.22097776986371537,0.48278252697475293,permanent_bench+cadence
13009,59360.0,71276.70032946597,0.6649572443795696,11916.700329465966,inf,17.0,True,1.5038560876692726,83.07099520510333,55.23866005945395,True,interlocutory,1.6752424956165317,3825.5,65.99315039533212,0.23392453126893134,0.32102007218733475,permanent_bench+cadence
13010,96150.0,112884.43634929435,0.6576455203936424,16734.436349294352,inf,1.0,True,1.5205760078794983,75.19717790503412,49.45308719548948,True,arguments,2.4299474808388344,6187.0,64.66845019598084,0.28040025110950806,0.36971666513649204,permanent_bench+cadence
13011,24014.0,27527.681421290326,0.6432333151019946,3513.6814212903264,inf,3.0,True,1.5546458439290176,117.32048401956293,75.46444386527403,True,evidence,3.2573652858816953,885.0,15.087608524072612,0.33420891506140515,0.2518725786115812,permanent_bench+cadence
13012,116179.0,134719.3416867368,0.633874748976194,18540.341686736792,inf,1.0,True,1.5775987316345303,83.72354590918131,53.070241646579156,True,arguments,2.274467888444968,5852.0,78.75834138135146,0.22907701407324252,0.31563603836850246,permanent_bench+cadence
13013,43034.0,49751.60978327322,0.7456376736195518,6717.609783273219,581.0,0.0,True,1.3411339520248435,81.72346501161917,60.93609433139257,True,charge,2.216519664584887,3366.0,69.74040219378428,0.2586780618541132,0.5010710816191357,permanent_bench+cadence
13014,58051.0,68162.23109895737,0.618893255980318,10111.231098957374,inf,0.0,True,1.6157875212519717,98.330901569035,60.85633183554023,True,arguments,4.114194327610149,5550.0,113.56881851400732,0.2901946668054539,0.5488945852075611,permanent_bench+cadence
13015,49228.0,57403.08694942342,0.7726305887975465,8175.086949423421,236.0,0.0,True,1.2942795878122182,97.51397174475166,75.3422774051348,True,arguments,3.561888094794378,13302.5,109.1781857451404,0.2424038080174054,1.6271998184604273,permanent_bench+cadence
13016,88909.0,104929.2836704484,0.6841817986405865,16020.283670448407,inf,0.0,True,1.4615998291490926,77.7525397862106,53.196872519803335,True,arguments,11.899041561451451,15429.5,240.07174551950672,0.3436631269252012,0.9631227709445502,permanent_bench+cadence
13017,35184.0,41156.4226798585,0.6390723319633259,5972.4226798585005,inf,0.0,True,1.564768102114279,85.47275495683208,54.6232728295926,True,charge,2.538946813359854,2646.5,60.06241134751773,0.3033026116646768,0.44312001039797494,permanent_bench+cadence
13018,72562.0,82944.39832173222,0.8025987319608862,10382.398321732224,364.0,0.0,True,1.245952628852065,85.50642539724564,68.62734859833746,True,judgment,1.6025400826264453,10939.0,130.6056428114562,0.2914858695316314,1.053610125620273,surge_capacity
13019,156946.0,173690.53472558965,0.6579434585062142,16744.53472558965,inf,3.0,True,1.5198874418029573,77.51146452954191,50.99816104644855,True,interlocutory,2.1232616730985145,8705.0,272.43666169895675,0.20968343438927092,0.5198711187057757,surge_capacity
13020,130856.0,162042.1249699432,0.6458903732654707,31186.124969943194,inf,0.0,True,1.5482503554654852,87.89807429110452,56.77252001319758,True,service,1.5654310651237833,6937.5,33.66119930383419,0.32204642906494413,0.22245469761588776,permanent_bench+cadence
13021,59484.0,66120.88447901259,0.6870705535889845,6636.884479012588,inf,1.0,True,1.4554546032811273,81.05600681709446,55.69119547553359,True,evidence,2.895538012603273,6084.5,130.2747735382926,0.19075293478449443,0.9167705147257935,surge_capacity
13022,30655.0,35338.713169324175,0.71975147770016,4683.713169324175,inf,0.0,True,1.389368457005917,73.73331592037405,53.06966308942196,True,interlocutory,1.6504922277425447,602.0,15.013716850943554,0.2544696613941067,0.12853050095867935,permanent_bench+cadence
13023,36368.0,41738.176153534085,0.6241261327063771,5370.176153534085,inf,0.0,True,1.6022402325371856,105.25007229910076,65.68932059110435,True,charge,2.3237992774604534,2054.0,58.04732533363238,0.30197634471000656,0.3824827978218691,permanent_bench+cadence
13024,193601.0,221960.37447107385,0.6431094003943045,28359.374471073854,inf,3.0,True,1.554945394029193,100.47616890539244,64.61716873866379,True,arguments,10.175731474024845,10260.5,267.43999373813676,0.21381206275522063,0.3618027615688618,permanent_bench+cadence
13025,56086.0,64223.90093647254,0.8241742642297523,8137.9009364725425,226.0,0.0,True,1.2133356298556217,74.51128414075113,61.41028278351757,True,evidence,1.6068799812484544,6111.0,65.36171551407749,0.363544076454187,0.7509307434072645,surge_capacity
13026,86661.0,99060.72199511573,0.7558375529493243,12399.721995115731,773.0,0.0,True,1.3230356127423664,83.11242772613963,62.81949399220295,True,evidence,2.2232386647579863,7106.0,113.29613130128956,0.2803085026239492,0.5730773643795453,permanent_bench+cadence
13027,112877.0,133232.0447183691,0.6690938513682341,20355.044718369114,inf,3.0,True,1.4945586451812312,91.27194591961526,61.06949781722855,True,arguments,2.2296622212940265,17679.5,314.43204237329314,0.3017414184212428,0.8685561856833157,permanent_bench+cadence
13028,59682.0,67179.71422899597,0.6455268756081396,7497.714228995974,inf,0.0,True,1.5491221787751557,87.46877458791673,56.463444773010515,True,judgment,2.920033520945383,2876.5,80.8976124212685,0.2511507575947474,0.38365025821812293,permanent_bench+cadence
13029,101124.0,116760.53572294547,0.7098086546631925,15636.535722945468,inf,0.0,True,1.4088303846823402,105.21027695520338,74.6791651423148,True,interlocutory,2.3884607728714435,7224.5,81.6007530002353,0.32711188995167334,0.46202689189003526,permanent_bench+cadence
13030,138375.0,161404.32123617746,0.6396957648566518,23029.321236177464,inf,9.0,True,1.5632431148330146,78.44104158585534,50.17840209341617,True,arguments,2.173756744374952,8165.0,158.1598062953995,0.3337162148830229,0.3545480093079492,permanent_bench+cadence
13031,68491.0,78359.85759702903,0.7496285041815999,9868.857597029026,522.0,0.0,True,1.3339940976387243,101.52194327734425,76.1037424806048,True,judgment,2.8941029818954287,6278.0,81.58765398673344,0.26267854577107735,0.6361425259484911,surge_capacity
13033,45036.0,52442.05612190523,0.6779703431173429,7406.056121905232,inf,0.0,True,1.4749907723130602,71.79702282881948,48.676252202058436,True,evidence,1.5986608513360558,5873.0,144.64032837352488,0.22498867836246236,0.7929996618077411,permanent_bench+cadence
13034,63575.0,71716.46612541289,0.727559510960163,8141.466125412888,inf,1.0,True,1.3744580133112358,74.33973807671994,54.08658348000497,True,service,1.4476390987925059,3199.5,37.08370895041855,0.24590855231382808,0.3929881855078946,permanent_bench+cadence
13035,44079.0,49613.61420268366,0.8159032322138564,5534.614202683661,155.0,0.0,True,1.2256355417132236,95.26912964564868,77.73039080808569,True,evidence,2.0603338248372944,3105.0,31.89938440213625,0.3360330308866165,0.5610147132738588,surge_capacity
13036,63720.0,74189.69737729261,0.7179932468097893,10469.697377292614,inf,0.0,True,1.392770759952454,90.68031899640253,65.10785665797447,True,judgment,3.070333490847932,4059.5,60.307698079231685,0.28803541652972514,0.38773804568645104,permanent_bench+cadence
13037,42613.0,48720.15814847674,0.5956370125745728,6107.158148476738,inf,0.0,True,1.678874849763977,87.8769083751309,52.342739178852426,True,arguments,2.729522029341089,1035.0,22.089817696754114,0.2731571722827759,0.16947325987589698,permanent_bench+cadence
13038,17650.0,21465.825201297543,0.7551105116376361,3815.8252012975427,230.0,0.0,True,1.3243094680688037,75.45225627324585,56.97479183870471,True,arguments,4.6458739934097535,2482.0,37.97042325344213,0.5201844918039559,0.6504490821948591,permanent_bench+cadence
13039,36405.0,42895.30342288884,0.7315094544859183,6490.303422888843,inf,2.0,True,1.3670363299716588,89.82638533968037,65.70885013827147,True,judgment,1.5257987236216137,5118.5,86.8376406718317,0.34573938137013577,0.7886380137404653,permanent_bench+cadence
13040,28277.0,31960.8079332173,0.777195432044645,3683.8079332173,212.0,0.0,True,1.2866776601725525,85.08520534043815,66.12783292516917,True,evidence,2.159194250595722,1698.0,28.542256809338525,0.34098285268365464,0.46093608320046975,permanent_bench+cadence
13041,69559.0,83936.48669236182,0.35916314678136,14377.486692361825,inf,0.0,True,2.784250023872155,66.99783044911287,24.063151611627397,True,judgment,2.3977378886241802,687.0,31.715562174236783,0.39827742024480667,0.04778303848926358,permanent_bench+cadence
13042,36896.0,40753.364792562556,0.8335216200911636,3857.3647925625555,106.0,0.0,True,1.1997289283157746,79.92519949450356,66.61938176876806,True,judgment,2.578874226697879,5060.0,56.59193289494123,0.21421969679389927,1.3117763737970192,surge_capacity
13043,102488.0,122154.7720763152,0.7443542136481889,19666.772076315203,851.0,0.0,True,1.3434464152474583,79.36255461535197,59.07385193382175,True,evidence,2.006607005316173,17863.0,183.42461973700293,0.3126359338953344,0.9082832673650856,permanent_bench+cadence
13044,106696.0,118996.26938079073,0.77751674116278,12300.269380790734,457.0,2.0,True,1.2861459400919075,96.55128561010412,75.07024094264497,True,charge,4.256026757865117,12175.5,132.55790257293071,0.21237624556039114,0.989856370057587,surge_capacity
13045,35994.0,41193.45134654984,0.7676062013851236,5199.4513465498385,185.0,0.0,True,1.302751330298698,84.49685554128519,64.86031031103346,True,arguments,2.502597060627241,3894.5,38.09689064865494,0.2650202155658099,0.7490213371424745,permanent_bench+cadence
13046,49912.0,56105.32521916245,0.7588769008639245,6193.325219162449,643.0,2.0,True,1.3177367750442464,86.97090253887966,66.00020898404341,True,evidence,2.6001942916115883,5245.5,142.09029345372463,0.16345857944071918,0.8469602054434617,permanent_bench+cadence
13047,62945.0,70881.1817589873,0.7973922661932402,7936.181758987295,323.0,6.0,True,1.2540879092971535,84.62520195362274,67.47948156285985,True,charge,1.8651420354320452,7500.0,100.85163603765126,0.21581998263911512,0.945038839553625,permanent_bench+cadence
13048,83398.0,97750.3086665812,0.7248581611584751,14352.3086665812,inf,0.0,True,1.379580245605279,88.81395028172294,64.37751668642993,True,charge,2.5329245319152887,9570.0,154.8977810690011,0.3512351629597066,0.6667916794657139,permanent_bench+cadence
13049,73502.0,84275.27985198784,0.8127176927775907,10773.279851987842,298.0,0.0,True,1.2304395596241329,72.17700795565811,58.65953137731226,True,arguments,1.6715434348279261,21675.0,216.97717695878163,0.1854350243574734,2.011922116364648,surge_capacity
13050,76478.0,88195.64410553323,0.6414500256575638,11717.644105533225,inf,2.0,True,1.5589679008507,90.07872961675825,57.78100342387034,True,charge,2.7133059213769304,6077.0,153.06282497734102,0.2003628114418954,0.5186196086234058,surge_capacity
13051,65213.0,76063.66135460121,0.7612545445521094,10850.661354601209,469.0,2.0,True,1.313621057708573,69.69826595587878,53.0581217063143,True,service,1.1763269565813572,9411.0,107.71593733741835,0.3115601670643153,0.867320404945573,surge_capacity
13052,44495.0,53753.896285614246,0.5529456495784076,9258.896285614246,inf,0.0,True,1.808496008174489,85.68391424668991,47.37854762155653,True,arguments,2.5104005811004586,1008.5,16.908138316451275,0.5700929928567269,0.10892226987863866,permanent_bench+cadence
13053,97949.0,118014.62813275542,0.7077308743999733,20065.628132755417,inf,0.0,True,1.4129664766254795,120.51160054776415,85.28978043100942,True,interlocutory,1.4134044910946775,530.5,5.633744263104818,0.528496703207074,0.026438245366164452,permanent_bench+cadence
13054,72632.0,83197.12025700149,0.8532461577838584,10565.120257001487,206.0,1.0,True,1.171994729630317,78.26912995325645,66.78283440570158,True,service,1.6484701833635274,7133.0,62.705650609666755,0.3166092742822184,0.675146124841596,permanent_bench+cadence
13055,35358.0,39420.419353600104,0.8463499027997017,4062.419353600104,160.0,0.0,True,1.181544414068021,88.65557793718708,75.03363976978966,True,interlocutory,1.8294287918551124,10206.0,175.13983107655181,0.23831320735302672,2.512296026493541,surge_capacity
13056,49670.0,58772.83394900427,0.7559812763093418,9102.83394900427,333.0,3.0,True,1.3227840838624259,67.00203385266894,50.65228306726239,True,charge,2.099648796710908,4380.5,41.00748200418425,0.4512555183051405,0.4812237622415565,permanent_bench+cadence
13057,82666.0,98496.85003974644,0.6752969186277745,15830.850039746438,inf,1.0,True,1.4808300947559967,96.0217896564054,64.84321867609488,True,interlocutory,1.9027238151581083,12040.5,162.37340541853968,0.32153446468814256,0.7605719193707208,permanent_bench+cadence
13058,63889.0,72887.66981622454,0.784657295900938,8998.669816224545,366.0,2.0,True,1.2744417279033988,98.3554596853028,77.17532903376342,True,interlocutory,2.3043752612315425,10364.5,128.96751959498613,0.3070565924965413,1.1517813423171581,permanent_bench+cadence
13059,30100.0,34706.32830217848,0.7494290355662845,4606.328302178481,262.0,3.0,True,1.334349154545872,101.0993711323686,75.76680420408887,True,arguments,1.9514283717070227,2795.0,38.95187631559846,0.38254341937061126,0.6067739458948582,permanent_bench+cadence
13060,42253.0,48347.904927279626,0.7999302800534347,6094.904927279626,179.0,0.0,True,1.2501089469112243,84.19610334140435,67.3510125252975,True,evidence,1.6783493482320784,5811.5,57.23501169518651,0.30587126695907063,0.9535013374841731,permanent_bench+cadence
13061,101038.0,114969.18687741247,0.6344210103404405,13931.186877412474,inf,0.0,True,1.5762403572721904,108.74052365457133,68.98727288188172,True,interlocutory,1.6094788018175736,2844.5,48.00446724023825,0.24099415902363533,0.20418217234684935,permanent_bench+cadence
13062,65505.0,73557.19323961981,0.8504371570609439,8052.19323961981,142.0,1.0,True,1.1758658375839735,94.9798193083649,80.77436751076799,True,evidence,2.2815252957772274,10354.5,81.41396933560476,0.14810861133864078,1.2859229394858507,surge_capacity
13063,54734.0,66881.6121481542,0.4985632530619147,12147.612148154207,inf,0.0,True,2.0057635492758905,72.41801067222197,36.104958981015436,True,evidence,2.64491832662818,33.0,1.2459016393442623,0.5617913515421865,0.002716583275587561,permanent_bench+cadence
13064,22292.0,25992.302183697542,0.7588641696721588,3700.302183697542,234.0,3.0,True,1.3177588822410942,94.76837556115956,71.91632463139865,True,service,1.674384668648314,4014.5,66.19012451696007,0.36253008195439806,1.0849113939090493,permanent_bench+cadence
13065,36023.0,43807.22396315184,0.615142006865288,7784.223963151839,inf,0.0,True,1.6256408907853914,73.34866553948257,45.119845320848086,True,service,1.8151467627507158,3578.0,69.01784279054814,0.2618235154000542,0.45964761766069034,permanent_bench+cadence
13066,55633.0,65567.21194456321,0.8152847140223758,9934.211944563212,274.0,5.0,True,1.2265653737898423,95.94669243284017,78.22387170150094,True,interlocutory,1.902042774935261,9568.5,96.8917827901567,0.29458731664455684,0.9631866174585334,permanent_bench+cadence
13067,39418.0,45638.0275969005,0.6911915860021137,6220.0275969005015,inf,0.0,True,1.446776870916571,77.00530056950139,53.22541583120314,True,charge,3.6330769290472995,5104.0,70.38988651055882,0.25408804577876987,0.8205751374066848,permanent_bench+cadence
13068,57831.0,66338.70094637088,0.6960851670642061,8507.700946370882,inf,0.0,True,1.436605816810576,117.06299723839058,81.4858159897218,True,evidence,1.6514273423216712,2513.5,41.792774299497076,0.2566369716287718,0.2954382171921758,permanent_bench+cadence
13069,39783.0,45919.95391887393,0.6454257997427575,6136.953918873929,inf,3.0,True,1.5493647765530327,81.73449568172926,52.75355224195107,True,arguments,5.8902886174852505,1309.5,26.726882105451615,0.25924671653308323,0.21337947413499242,permanent_bench+cadence
13071,28475.0,32510.113087074067,0.7525853757018748,4035.113087074067,221.0,0.0,True,1.3287528993868394,78.18820082649873,58.843296494464184,True,service,1.4884146489116417,879.5,12.038129379175492,0.279078580785817,0.21796167319755125,permanent_bench+cadence
13073,36494.0,42085.880362863805,0.6602308292699989,5591.880362863805,inf,0.0,True,1.5146217893303704,81.55720030347524,53.846577989302865,True,interlocutory,2.113148283262487,1721.0,41.813362782992826,0.3388863040674919,0.30776767175301534,permanent_bench+cadence
13074,25085.0,36667.13947346261,0.5827329583246218,11582.139473462608,inf,0.0,True,1.7160518994412741,66.85311437490903,38.95751311290503,True,service,1.5931333145977071,19560.5,159.6281916537867,0.07733776628860721,1.68885032379533,permanent_bench+cadence
13075,8632.0,11539.737932640857,0.3157841780530827,2907.7379326408573,inf,0.0,True,3.166719770969342,96.64554339966894,30.519133484957987,True,judgment,7.90823883514555,1555.5,180.8181818181818,0.44412262648242573,0.5349519234655609,permanent_bench+cadence
13076,19684.0,24415.448271738023,0.5813784626142378,4731.448271738023,inf,,False,1.7200499576530244,,,False,unobserved,,4077.0,7.4454420940496115,0.1875103356476503,0.8616811948157214,permanent_bench+cadence
14001,41419.0,47068.788320165135,0.8792516802703673,5649.788320165135,121.0,13.0,True,1.1373307807526771,93.82909963623564,82.4993935134159,True,judgment,1.5824852692229863,1377.0,15.262809917355371,0.30291225557501167,0.24372594546334303,permanent_bench+cadence
14002,24908.0,27725.93834121889,0.8883805266759264,2817.938341218891,67.0,12.0,True,1.1256437640992907,90.64330584091707,80.52574778260096,True,arguments,1.5685387764387633,1406.0,18.0545746388443,0.2327268691251623,0.49894633230045726,permanent_bench+cadence
14003,36190.0,41088.38789612449,0.8681931822304255,4898.387896124492,119.0,14.0,True,1.15181738404229,99.66915900967143,86.53208433083692,True,interlocutory,1.8502285816421382,5717.0,68.04053928405393,0.3685264120393019,1.1671186768453308,surge_capacity
14004,39175.0,43802.5243103902,0.8798904317570636,4627.524310390203,95.0,7.0,True,1.136505141899416,101.13860305324346,88.99088910782464,True,interlocutory,1.4902372032117543,6497.0,68.99469026548672,0.3251931433120976,1.4039904631969742,surge_capacity
14005,58808.0,68781.3238775742,0.840608712433705,9973.323877574207,296.0,11.0,True,1.1896141274872467,103.28159616555115,86.81940957082185,True,service,1.2252234572228988,9167.5,115.033841590935,0.34463726999400474,0.9192020747078952,permanent_bench+cadence
14006,81857.0,94513.23186323627,0.834080239744311,12656.231863236273,386.0,17.0,True,1.198925417902901,94.6108446824109,78.91303601511707,True,judgment,5.712990482475153,16735.0,208.322776354463,0.2210999363145587,1.3222734997935446,surge_capacity
14007,39702.0,46403.63852281826,0.8381545347212874,6701.638522818263,195.0,11.0,True,1.1930974045645786,94.98828699676874,79.61486349174882,True,judgment,2.094164712171819,4149.0,50.20976200080678,0.3702355963917198,0.6191023263748351,permanent_bench+cadence
14009,25525.0,28709.440765734547,0.8799340983033258,3184.4407657345473,67.0,1.0,True,1.1364487430685812,97.54067751426092,85.82936811640667,True,charge,1.7390804735890686,2745.0,29.64007198560288,0.2564904621221768,0.8620037871443395,permanent_bench+cadence
14010,39456.0,54969.08743881042,0.6268298859960172,15513.08743881042,inf,11.0,True,1.5953291671966543,111.50718889546367,69.89603850307986,True,judgment,2.2335379434096416,12657.5,157.38084273543635,0.0854211761899393,0.8159239770887675,permanent_bench+cadence
14011,22589.0,25792.189506919254,0.8321811859332107,3203.189506919254,132.0,16.0,True,1.201661389254549,97.98729555692351,81.54318382294863,True,charge,1.795188569006489,3392.0,56.37673130193905,0.31069096960524345,1.0589445278441671,permanent_bench+cadence
14012,30521.0,34145.635113390395,0.9177259593679377,3624.6351133903954,50.0,10.0,True,1.0896499001605302,99.34901235046368,91.17516767158635,True,charge,1.4043092343348893,7831.5,67.40773169102916,0.2372157781768669,2.160631278737077,permanent_bench+cadence
14013,40446.0,45222.148742004865,0.8524566186986338,4776.148742004865,148.0,8.0,True,1.17308022257673,119.19091083863498,101.6050808331131,True,evidence,1.1799126293859001,3141.0,43.70878782388114,0.309041353790516,0.6576428351939296,surge_capacity
14014,18593.0,22080.17499281866,0.8563421828403925,3487.174992818658,105.0,4.0,True,1.1677574923182112,90.56031556689928,77.55061831127331,True,judgment,2.6468457899020486,2869.5,39.75638620291529,0.43225592276515007,0.8228723840671397,permanent_bench+cadence
14015,18210.0,21221.370574928278,0.8468927274144946,3011.370574928278,80.0,6.0,True,1.1807870910084817,97.08069376811751,82.21693352457235,True,charge,1.5764834149888562,146.5,1.6886594224650298,0.28172488882919544,0.04864894451042087,permanent_bench+cadence
14016,19886.0,23179.7150183837,0.8408811418196576,3293.7150183837,118.0,8.0,True,1.1892287152926404,103.48474362353372,87.01836937907157,True,judgment,2.0824635593691947,3840.0,58.241985522233705,0.35076298920809706,1.165856784380931,permanent_bench+cadence
14017,26045.0,29634.085070836187,0.8669284138398621,3589.085070836187,114.0,7.0,True,1.153497779096578,105.43281066837272,91.40269931941087,True,judgment,1.8377252576392116,2535.5,39.03772132409546,0.2701055186176603,0.7064474510795805,permanent_bench+cadence
14018,28111.0,31110.801281844928,0.8910185665031487,2999.801281844928,73.0,5.0,True,1.1223110691447822,98.36761912023738,87.64737497884163,True,judgment,1.523303778496303,1408.0,18.600342493680177,0.22915952022978867,0.4693644237441143,permanent_bench+cadence
14019,18293.0,23737.678758455142,0.67251389627108,5444.678758455142,inf,8.0,True,1.4869581216756231,97.73056237820616,65.72516128973126,True,interlocutory,1.327750540222288,3951.0,76.32734102495306,0.22079920609801088,0.7256626470137323,permanent_bench+cadence
14020,33212.0,36964.83600732983,0.8656815306165254,3752.836007329832,139.0,4.0,True,1.155159218064656,103.83341773717424,89.88667199586207,True,arguments,1.5739370870385416,1668.0,29.79187166659776,0.2110081119938944,0.44446386592490444,permanent_bench+cadence
14023,24052.0,28255.192628071807,0.7825919024895677,4203.192628071807,188.0,12.0,True,1.277805196832241,94.14017345241625,73.67333744282432,True,evidence,1.1687819035045537,3054.0,41.177528089887645,0.33264313981734345,0.7265905396776942,permanent_bench+cadence
15001,15971.0,19633.496682663113,0.7801424250679979,3662.4966826631135,363.0,2.0,True,1.2818172270439454,71.74581975137787,55.97195780933139,True,service,1.2652905045816494,2608.0,77.06001846722069,0.3739791589152498,0.7120825562369228,permanent_bench+cadence
15002,5269.0,6659.481773281774,0.7821067547190224,1390.4817732817737,144.0,0.0,True,1.2785978307517079,75.6379552762907,59.156955734722274,True,arguments,1.7152858809801634,2206.0,68.95131236225205,0.3496991928195623,1.5865004794658073,permanent_bench+cadence
15003,2185.0,2848.481296901628,0.8570539759915595,663.481296901628,39.0,1.0,True,1.1667876563352508,63.5568209472447,54.4716260942197,True,charge,3.267012920912908,2140.5,58.1131221719457,0.31279755248468233,3.2261647916766587,permanent_bench+cadence
15004,42299.0,52067.28899590155,0.6569194349879053,9768.288995901552,inf,7.0,True,1.522256682843325,88.48175633343655,58.12538537729865,True,service,1.2863159203980101,9155.0,193.829127459367,0.18259698216274148,0.9372163337756625,surge_capacity
15005,95124.0,119416.3837377893,0.5062160693097946,24292.383737789307,inf,4.0,True,1.975441043117142,91.46811220049216,46.302628225320404,True,service,1.476420256822322,9762.0,230.48731127529712,0.2101272320472532,0.4018543468344032,permanent_bench+cadence
15006,1354.0,1779.6965919139736,0.8403655694446898,425.69659191397363,38.0,1.0,True,1.189958318569377,57.40285710271825,48.23938469687798,True,charge,12.205678002725973,525.5,19.697456492637215,0.3297446307483583,1.2344472800153283,permanent_bench+cadence
15007,1100.0,1508.324004621078,0.8339014695160102,408.3240046210781,36.0,1.0,True,1.1991824412785748,61.421163436742944,51.21919844928297,True,interlocutory,3.75251509054326,647.5,22.741463414634143,0.25109383678042374,1.5857505134944874,permanent_bench+cadence
15008,787.0,1022.1669644853826,0.8025743061242625,235.16696448538255,52.0,0.0,True,1.2459905486248772,58.26133817249916,46.759053057664524,True,arguments,23.142857142857142,370.0,27.866108786610877,0.28356284918074914,1.5733502399440904,permanent_bench+cadence
15009,56681.0,70862.26754081159,0.6497437800588263,14181.26754081159,inf,1.0,True,1.5390682153347623,76.46812653240458,49.684689587181175,True,interlocutory,2.0609168847074546,16929.5,370.67670201847415,0.18340615793316933,1.1937931465773002,surge_capacity
15013,1097.0,1538.7071510211053,0.8632784927963841,441.70715102110535,20.0,0.0,True,1.158374740416316,63.55529558413138,54.865919781097624,True,charge,7.159995493084702,726.0,15.618501254930083,0.34009705446813954,1.6436229260080752,permanent_bench+cadence
15014,448.0,595.2597601925974,0.9113031805483772,147.25976019259735,12.0,1.0,True,1.0973296498298726,,,False,unobserved,,539.0,25.64970257766028,0.2910325288750953,3.6601988166696415,permanent_bench+cadence
15015,1377.0,1657.6868058371508,0.9270505059270069,280.6868058371508,12.0,0.0,True,1.07868988108695,60.96059147163395,56.513547165387834,True,arguments,11.164556962025316,1067.5,28.730025231286795,0.19197476616282924,3.8031712848638257,permanent_bench+cadence
15016,293.0,599.6290879825406,0.0,306.62908798254057,inf,,False,306629087983.5405,,,False,unobserved,,116.5,116500000000.0,0.10196606577325637,0.37993786162463977,permanent_bench+cadence
16001,24955.0,32713.704185991563,0.5326280078806106,7758.704185991563,inf,0.0,True,1.8774829434507536,158.5905468258755,84.46976702456276,True,judgment,1.5667898688620179,3921.5,90.47568423433613,0.18977434647154662,0.5054323384412976,permanent_bench+cadence
16002,67808.0,74686.12738619644,0.771749574890723,6878.127386196444,477.0,0.0,True,1.2957571115495548,157.5270496104218,121.57143357063286,True,arguments,1.4679847066204201,1630.0,31.96078431372549,0.24547749689746357,0.2369831072438713,permanent_bench+cadence
16004,44928.0,50711.175035638684,0.6966788029151775,5783.175035638684,inf,0.0,True,1.4353816935661134,250.94283414386715,174.82655329149128,True,service,1.4442242231443105,1821.0,41.127757283746135,0.19316714377299374,0.3148789356673677,permanent_bench+cadence
16008,36236.0,41137.17027565633,0.7593711065193656,4901.170275656332,451.0,0.0,True,1.3168791799092476,137.57987819163202,104.47418433717914,True,evidence,1.3950766022437016,6285.5,151.173854011767,0.2030480719708748,1.282448812525349,permanent_bench+cadence
16012,109206.0,120498.3412980512,0.7106778746355716,11292.341298051193,inf,0.0,True,1.407107264332367,218.57690219657582,155.3377682974897,True,charge,1.414531827662125,3027.5,56.31948950897686,0.2633949239376638,0.2681020631675806,permanent_bench+cadence
16014,133166.0,152647.58508204148,0.649961723458233,19481.585082041478,inf,0.0,True,1.5385521391618697,227.37249173196253,147.7834165930992,True,judgment,1.5550287147564656,6898.5,112.13352131365069,0.21900325971228518,0.3541036302204782,permanent_bench+cadence
16017,20218.0,23585.4505240535,0.6080007079227632,3367.4505240535,inf,0.0,True,1.6447349270636606,127.86885420924419,77.74435388049307,True,judgment,1.4113805803416812,1815.0,79.2303273980471,0.2811151662507276,0.5389834199598664,permanent_bench+cadence
16020,192166.0,213289.03636026976,0.7007561415583053,21123.03636026976,inf,0.0,True,1.4270299476451989,169.095966324285,118.49503691447909,True,interlocutory,1.7372070491966993,3810.5,85.04583038512081,0.2666481543833266,0.18039546658960237,permanent_bench+cadence
17011,38765.0,42145.4081473367,0.8795267480487626,3380.408147336697,118.0,7.0,True,1.136975085997678,70.4844213262144,61.99293387714422,True,judgment,2.093212405979124,4148.0,74.62668665667167,0.18674172569218123,1.2270707616380765,surge_capacity
17014,107367.0,132179.52995496456,0.6290465649092511,24812.529954964557,inf,19.0,True,1.5897074330964103,63.56619220241942,39.98609484929317,True,none,1.0815305892883604,8812.0,180.94799885920713,0.27776427161974016,0.3551431480785728,permanent_bench+cadence
17017,20439.0,22450.472133119885,0.8833758293624197,2011.4721331198853,36.0,5.0,True,1.1320210116250908,66.76332470373653,58.977107331155786,True,judgment,5.601217726860079,1837.5,17.366762929902862,0.26988997868161496,0.9135100455754033,surge_capacity
17019,38214.0,42060.58909652308,0.8961604641898989,3846.589096523079,55.0,23.0,True,1.1158715876893417,61.83797443628421,55.416747875383564,True,arguments,3.3351819743952005,7475.0,59.44513058408893,0.3415723528649815,1.9432800885222263,surge_capacity
17021,51304.0,56167.9489574055,0.8923999104151571,4863.948957405497,84.0,7.0,True,1.1205738462420798,67.83329285430932,60.53442446635076,True,judgment,1.3677572034967116,6561.0,62.45473475458602,0.22508783116916764,1.3489039579682875,surge_capacity
17022,16013.0,18938.125889012772,0.8518407923113821,2925.125889012772,79.0,6.0,True,1.1739282845173489,63.20662031410823,53.84197752769465,True,judgment,5.172918138646981,930.0,11.280770602925438,0.07840963206068635,0.3179350343495385,permanent_bench+cadence
17025,37436.0,44096.82977372346,0.8030612235267552,6660.829773723461,155.0,0.0,True,1.2452350713789426,55.67139750806353,44.70754059826985,True,judgment,4.525915751909513,1544.5,12.282758366775893,0.3156689735043434,0.23187801707423178,permanent_bench+cadence
17026,43371.0,47462.15230918599,0.8750760853117275,4091.1523091859926,132.0,6.0,True,1.1427577747639748,59.192575951050465,51.79800764276236,True,interlocutory,2.630383330691715,4719.5,77.07188219694326,0.20879990377634952,1.1535869709380309,surge_capacity
17029,29479.0,35844.67423577421,0.7026452212573107,6365.674235774211,inf,10.0,True,1.4231933410300632,71.84195083697351,50.479403441402084,True,service,1.2299178512749258,2543.0,36.51695253290786,0.2337075240566521,0.3994863553822297,permanent_bench+cadence
17031,119619.0,136696.04729258321,0.8066852526632996,17077.047292583215,618.0,17.0,True,1.2396408595526756,81.09319014796398,65.41668058378332,True,service,1.1907505164250454,10781.5,136.1663462482985,0.34938294197175757,0.6313445067685997,permanent_bench+cadence
17032,18362.0,21738.774259308768,0.8423377602907955,3376.774259308768,85.0,3.0,True,1.1871722332081796,64.46223469481419,54.29897439616939,True,judgment,2.9015124385859012,4943.5,52.610830885205914,0.4185749932598526,1.4639711216621107,surge_capacity
17035,26632.0,32860.466529619865,0.7377649703502519,6228.4665296198655,357.0,10.0,True,1.3554452165508113,75.59234403987766,55.76938345928638,True,arguments,2.2338754690742233,6960.0,90.5598356445814,0.28036895979478577,1.117450012278509,permanent_bench+cadence
17036,8798.0,11273.62785610974,0.784439871528556,2475.6278561097406,108.0,1.0,True,1.274794966823148,62.1133098725943,48.72415681667126,True,arguments,5.974407666123586,3219.5,42.883782883782885,0.4424845039990647,1.3004781764974958,permanent_bench+cadence
17037,18875.0,20647.427892377425,0.8913249499569627,1772.4278923774255,38.0,2.0,True,1.1219252866738272,72.12866604996621,64.2900796574486,True,arguments,1.374717864579902,2243.0,25.92171699800509,0.11372286002285738,1.2654957697553373,surge_capacity
17039,17434.0,22455.54910154749,0.7059905345456389,5021.549101547491,inf,7.0,True,1.4164495854658725,70.61967052535834,49.856818943634636,True,evidence,1.8308215714426173,4134.5,61.7191905788688,0.2961429061555803,0.8233515029706413,permanent_bench+cadence
17040,10421.0,12782.185253245469,0.7800312555131683,2361.1852532454686,114.0,3.0,True,1.2819999108139817,63.67717449728185,49.67018637064586,True,arguments,6.356676427831417,2923.0,41.891795055535646,0.4515739385696321,1.2379375976460603,permanent_bench+cadence
18002,28900.0,32549.276476594525,0.8837931296973295,3649.276476594525,87.0,8.0,True,1.1314865056062018,80.26713208509214,70.93953987731251,True,interlocutory,2.171610616563799,4437.5,55.64062837789147,0.3178311410272761,1.2159944658786277,surge_capacity
18005,5081.0,5596.100219078042,0.9155448835769572,515.1002190780418,18.0,1.0,True,1.0922457412389044,79.66568357217336,72.93750899116418,True,interlocutory,4.693415559646855,691.5,14.86031518624642,0.2557984055070517,1.3424572042265666,surge_capacity
18011,8047.0,8976.05934624705,0.8131439547381285,929.0593462470497,84.0,1.0,True,1.2297945452008532,74.68107761386874,60.72646679504635,True,interlocutory,2.531340816792968,796.0,25.98862231016572,0.25101008362315164,0.8567805740456247,permanent_bench+cadence
18012,10876.0,12300.413167514069,0.8189477103610471,1424.4131675140688,92.0,0.0,True,1.221079181672213,83.7402633046535,68.5788968983772,True,arguments,2.740998723318778,710.0,17.190749650783797,0.2480154897196606,0.4984508822247934,permanent_bench+cadence
18015,4907.0,5829.333295317598,0.7997684413641621,922.3332953175977,144.0,0.0,True,1.2503619151242122,68.18719598086864,54.53396745061197,True,charge,2.198674302636632,621.5,32.39087947882736,0.3182166665825385,0.6738345055471424,permanent_bench+cadence
18016,3333.0,3957.81140192231,0.8396608566649932,624.8114019223099,49.0,0.0,True,1.1909570299273562,79.14912487912248,66.45842200028852,True,arguments,1.5354317255894663,381.0,12.575794621026894,0.2827864081559512,0.6097840065463053,permanent_bench+cadence
18018,12203.0,14549.295088743778,0.8157354343560371,2346.2950887437783,96.0,1.0,True,1.2258876565653007,76.71283362417132,62.5773766570958,True,judgment,12.886886003608344,3381.0,50.7784730913642,0.3243627463725396,1.440995216765428,permanent_bench+cadence
18019,2860.0,3391.313876716977,0.8841270432074783,531.3138767169771,18.0,0.0,True,1.131059170379126,55.635732753668634,49.1890558961825,True,judgment,33.738572518952544,210.0,3.7296497286630492,0.25255070147335923,0.3952465937791868,permanent_bench+cadence
18022,1127.0,1452.6216932368345,0.8784368490485289,325.6216932368345,20.0,0.0,True,1.1383857599816551,55.9559881646762,49.15380192877493,True,judgment,23.24212773527842,260.0,7.955801104972375,0.09197996473070945,0.7984725999532658,permanent_bench+cadence
18024,4981.0,5714.634187626965,0.8183009768752371,733.6341876269653,50.0,1.0,True,1.222044245649808,79.78241095969427,65.28602482577945,True,charge,1.2190631877422453,306.0,7.779661016949153,0.24763857256256147,0.4171016088955677,permanent_bench+cadence
19001,2909.0,3378.5752803110954,0.7340383695061952,469.5752803110954,295.0,9.0,True,1.3623266051783145,56.64260293265313,41.577843901271535,True,none,1.0,165.0,22.916666666666668,0.33726050512731415,0.35138135868371706,permanent_bench+cadence
20003,2698.0,3109.519085186587,0.7665165224902958,411.51908518658684,134.0,1.0,True,1.3046033199012486,72.22948118249074,55.365090737281065,True,none,1.0,364.5,32.3760177646188,0.3949190497313423,0.8857426377557486,permanent_bench+cadence
21001,4880.0,5729.896798042512,0.7743774667561464,849.8967980425123,280.0,0.0,True,1.2913598896271896,72.63451755274772,56.24653370155164,True,judgment,2.0,0.0,0.0,0.3585108785339649,0.0,permanent_bench+cadence
21003,591.0,811.7431856537887,0.22203176388126517,220.74318565378871,inf,0.0,True,4.503860089742679,82.80670331795214,18.385718398877525,True,evidence,1.4627539503386007,87.0,215.42857142857142,0.37408330416659075,0.3941231514908455,permanent_bench+cadence
21007,7.0,10.634928702899149,0.0,3.634928702899149,inf,,False,3634928703.899149,,,False,unobserved,,1.0,999999999.9999999,0.1256700903963728,0.2751085596816299,permanent_bench+cadence
22001,111667.0,127435.31312818965,0.8462442714771073,15768.31312818965,480.0,8.0,True,1.1816918987877036,90.42736819148602,76.52364231679624,True,service,1.3184237144419357,24621.0,326.8199018274837,0.35079278755571625,1.5614225694176536,surge_capacity
22002,55177.0,62997.06387213809,0.8954929010925556,7820.063872138089,147.0,3.0,True,1.1167034364872566,72.83024968550302,65.21897157816629,True,judgment,2.0727270662308785,7076.0,74.76432664756447,0.2734622846146725,0.9048519443953525,permanent_bench+cadence
22003,18244.0,19998.796331746707,0.8944343480648111,1754.7963317467074,71.0,0.0,True,1.1180250424903624,72.60974550136886,64.9446503806687,True,charge,2.111651768064481,2979.5,67.33333333333333,0.18995693302020752,1.697917841573235,surge_capacity
22004,14764.0,15661.809862306862,0.9612123714823921,897.8098623068618,15.0,0.0,True,1.0403528186573268,99.38806203020368,95.53303480109116,True,arguments,2.2183258271763395,5499.0,68.21538046653782,0.1331439520207457,6.1249048722528965,surge_capacity
22005,51418.0,59557.13227855349,0.8612091141398655,8139.132278553487,78.0,0.0,True,1.16115817120532,82.26549865135112,70.84779721780441,True,interlocutory,14.86726793471085,14942.0,67.45556787581181,0.3900009426989755,1.8358222337007577,permanent_bench+cadence
22006,17870.0,20589.074665397726,0.8678012060131177,2719.0746653977258,101.0,6.0,True,1.1523376472294093,77.84186065567228,67.55126055529746,True,service,1.3736609683303977,1429.5,25.948680598352848,0.32983373717807485,0.5257303222274345,permanent_bench+cadence
22008,47812.0,56267.46509406383,0.8257986716786824,8455.465094063831,364.0,6.0,True,1.2109489083667349,93.02591258853798,76.82067504731187,True,service,1.359037599032808,6564.5,110.05523538657286,0.2960014846600236,0.7763617881420402,permanent_bench+cadence
22009,9684.0,11039.099523580495,0.8712506688849334,1355.0995235804949,47.0,3.0,True,1.1477753024624313,75.43320081221728,65.72122666377581,True,judgment,1.1860758619313143,1436.5,24.43773173391494,0.25469889939035434,1.060069740268542,permanent_bench+cadence
22010,23609.0,27099.50332212036,0.8400502788063634,3490.5033221203594,158.0,2.0,True,1.1904049379293236,87.39217219179938,73.41381861521478,True,interlocutory,1.7428249534641798,4029.5,76.49279947632554,0.3474535371775511,1.1544180389297607,permanent_bench+cadence
22012,13671.0,15469.701545574415,0.8934399674829555,1798.701545574415,62.0,7.0,True,1.1192693817103916,79.78302454740128,71.28134285732204,True,judgment,1.6033348143308632,2013.5,38.45156156753531,0.25126830658400207,1.1194186189221231,permanent_bench+cadence
22013,11822.0,14473.570877263852,0.8011655517661729,2651.570877263852,115.0,3.0,True,1.24818147484686,94.44593803744533,75.66683205984366,True,arguments,3.2187636193603333,1308.0,19.098464994384127,0.4033122103833232,0.4932924898276607,permanent_bench+cadence
22014,13950.0,17412.34796899883,0.7634256475259138,3462.3479689988308,167.0,3.0,True,1.3098852563321248,89.0777872909485,68.00426744276798,True,arguments,1.8917570521115352,2963.5,38.194218204600375,0.3042498995233522,0.8559220582490797,permanent_bench+cadence
22015,10684.0,13260.896852452317,0.7801450789225943,2576.896852452317,182.0,2.0,True,1.2818128666286435,80.09504493281234,62.485755150417624,True,charge,1.8959402040340736,1703.0,35.75853018372703,0.5795727473430308,0.6608723971156748,permanent_bench+cadence
22016,7572.0,8270.258647688124,0.9356636867917212,698.2586476881243,19.0,8.0,True,1.0687600834749507,89.61183517738104,83.8465400822404,True,arguments,5.027501913008662,955.5,16.93648449039882,0.1555664515968153,1.3684041052174294,permanent_bench+cadence
22017,29837.0,36096.4785136918,0.8194475563379653,6259.4785136918,247.0,3.0,True,1.2203343487518674,87.0200846000515,71.30839567783521,True,arguments,1.457165998168322,1125.5,16.63944524622479,0.4672195479888286,0.1798073110304819,permanent_bench+cadence
22018,27465.0,30038.426837941704,0.8754718758957887,2573.4268379417044,98.0,7.0,True,1.142241147354726,88.14805285224054,77.17114118711216,True,arguments,3.6640971742543,1314.5,25.284435109440636,0.18261266382995428,0.510797501844417,surge_capacity
22019,31255.0,36843.53499034958,0.8209235368292387,5588.534990349581,159.0,9.0,True,1.218140247095889,88.43611228131736,72.59928607740672,True,charge,1.8550499315463136,5581.0,60.12553183184355,0.3844647517536251,0.9986517056146929,permanent_bench+cadence
22021,9006.0,10254.137099551665,0.858874067022894,1248.1370995516645,64.0,0.0,True,1.1643150473343424,91.75854603347207,78.80903561587559,True,service,1.2470462509180202,711.0,16.848341232227487,0.23100378518823986,0.56964895944155,permanent_bench+cadence
22023,15697.0,18150.117567602745,0.8530021401356213,2453.117567602745,78.0,4.0,True,1.172330001236582,81.98720288388142,69.93525952368424,True,interlocutory,1.2900209869943147,3420.5,49.01875658587987,0.3118416332920038,1.394348173594716,permanent_bench+cadence
22024,24765.0,28312.46643564157,0.8509121250843497,3547.4664356415706,151.0,4.0,True,1.1752094846466918,77.68424967161924,66.10246997366072,True,arguments,2.298170081490282,3573.0,67.76470588235294,0.30021848532884304,1.0071976901886632,permanent_bench+cadence
23001,94804.0,104288.0723723453,0.8122637716173611,9484.072372345297,492.0,11.0,True,1.231127171914639,101.85531962304155,82.73338607630355,True,interlocutory,2.444066847455695,4274.0,79.99298143003364,0.25379207029599404,0.45065029369267573,permanent_bench+cadence
23006,6911.0,8330.826134190678,0.7237598904862089,1419.8261341906782,inf,3.0,True,1.3816736919867414,88.746052418519,64.23083317951068,True,evidence,1.3961945927025678,299.5,8.69516129032258,0.389685074330131,0.21094132076299568,permanent_bench+cadence
23007,8661.0,9842.082060721114,0.8811798480630018,1181.0820607211135,53.0,5.0,True,1.1348421121955832,80.79306448073204,71.19322028367577,True,charge,32.420885135694874,1256.5,29.264299577577347,0.2867526965094687,1.063854952832693,permanent_bench+cadence
23008,3831.0,4615.446380865687,0.872290886688191,784.4463808656874,43.0,0.0,True,1.1464065660443612,65.11798953889456,56.80182883423468,True,evidence,1.4580613851259892,826.5,22.212765957446805,0.29141466776467206,1.0536092971554074,permanent_bench+cadence
23009,9159.0,10493.578581275062,0.8524769812935222,1334.5785812750619,74.0,5.0,True,1.1730522019288203,75.33127863857594,64.21818101079441,True,evidence,1.6360844312225529,901.5,22.44398340248963,0.2970744012868258,0.6754941317420988,permanent_bench+cadence
23010,13207.0,15509.83184907642,0.8234137303718465,2302.8318490764195,121.0,28.0,True,1.214456309282587,78.48908841132013,64.62899308225077,True,interlocutory,1.3652464784445497,1707.5,34.34717824548333,0.3633979528864454,0.7414783674651777,permanent_bench+cadence
23022,10875.0,12284.442793593656,0.7912382824407465,1409.4427935936565,149.0,1.0,True,1.2638417809048401,98.0866722092926,77.60993004920918,True,arguments,1.9312914868442843,1104.0,37.19955073006364,0.34113308737486625,0.7832882647085881,surge_capacity
23028,24606.0,27832.839065879638,0.8043609463514826,3226.839065879638,254.0,13.0,True,1.2432229641878072,88.74856284445958,71.38587799690353,True,judgment,2.8846140614125177,2966.5,80.49596743800407,0.36531888615214564,0.9193207158570614,permanent_bench+cadence
23029,25186.0,27593.545978186343,0.8420716509608527,2407.545978186343,143.0,17.0,True,1.1875474003416953,95.11946030422251,80.09740097688194,True,judgment,4.150416093327117,2087.5,52.68754381864921,0.27964608968405136,0.8670654761794246,surge_capacity
23030,22068.0,24641.926983731173,0.8084295198353042,2573.926983731173,194.0,6.0,True,1.2369662109861141,95.22852992062242,76.9855547183507,True,arguments,2.0179569827429766,3508.0,93.01270484257043,0.3206648077247206,1.3628980239815474,surge_capacity
23037,18403.0,20549.536032622116,0.8697611661696185,2146.536032622116,142.0,11.0,True,1.149740916122924,86.89201490998228,75.57530021893407,True,charge,4.3399514564996515,1129.5,36.875200558074646,0.2588492731712312,0.5261966176362068,permanent_bench+cadence
23038,29738.0,34085.435127938545,0.8323229773216598,4347.435127938545,156.0,8.0,True,1.2014566787737972,100.86143909996339,83.94929328862881,True,judgment,2.1850034893207924,3868.0,55.922891566265065,0.2534818467186627,0.8897200041335909,permanent_bench+cadence
23041,9549.0,11361.018863328378,0.806491327091976,1812.0188633283778,223.0,6.0,True,1.239938938470389,79.05967392042186,63.76094133953991,True,judgment,3.349027796774422,1151.5,49.40227754237288,0.4581201749825656,0.6354790357341455,permanent_bench+cadence
23046,55477.0,58925.12398633335,0.8546513524812425,3448.1239863333467,153.0,11.0,True,1.1700677675133586,119.58161944378058,102.20059278952434,True,charge,17.30360682493695,3053.0,61.436448828606665,0.24892696726774383,0.885408996921392,surge_capacity
23047,180049.0,205051.52265668823,0.7359776905144529,25002.522656688234,1533.0,31.0,True,1.3587368379345763,145.14809901626344,106.82576269655272,True,charge,4.013760997745542,9533.5,131.3154269972452,0.37013781849819744,0.38130152428638103,permanent_bench+cadence
23049,6894.0,7974.2040641948015,0.8678844050718809,1080.2040641948015,49.0,3.0,True,1.1522271792833712,67.89845596750754,58.928011062659586,True,interlocutory,3.815814797666961,1133.0,24.90811724915445,0.21533503267538154,1.0488758907276963,permanent_bench+cadence
24001,213.0,309.30199357563754,0.9259956612292395,96.30199357563754,15.0,0.0,True,1.079918666867749,64.07411066211255,59.33234847023837,True,evidence,1.1601466796906275,162.5,16.182572614107883,0.13288038291121487,1.6874001665642488,permanent_bench+cadence
24002,22.0,31.904918810679,0.9207003302592743,9.904918810679,15.0,0.0,True,1.086129728788513,,,False,unobserved,,12.5,11.739130434782608,0.32184552831068697,1.2619992388552554,permanent_bench+cadence
24003,101.0,146.4453010786936,0.933796180107461,45.4453010786936,13.0,0.0,True,1.0708975055829852,,,False,unobserved,,20.5,3.8377535101404057,0.22888900691997752,0.45109174135521657,permanent_bench+cadence
24004,929.0,1167.1743048223966,0.9101627137871827,238.1743048223966,26.0,2.0,True,1.0987046435235792,71.49562694806363,65.07265384696562,True,charge,2.0,183.5,11.863240779113136,0.1891110673422879,0.7704441507106885,permanent_bench+cadence
25004,934.0,1141.1153962351884,0.9305008804367645,207.11539623518843,5.0,0.0,True,1.0746900094609406,,,False,none,1.0,412.5,5.355210962856112,0.29521381719800494,1.9916433423017406,permanent_bench+cadence
25005,227.0,290.2810008055926,0.8764720910865728,63.28100080559261,7.0,0.0,True,1.1409376409924112,,,False,unobserved,,237.0,12.66815144766147,0.2921400383862398,3.745199933359059,permanent_bench+cadence
25006,168.0,244.2061447939335,0.83793035110732,76.2061447939335,6.0,0.0,True,1.1934166111521156,,,False,unobserved,,161.0,4.903553299492385,0.41124172774330836,2.1126905243055494,permanent_bench+cadence
26001,19048.0,22187.19531232987,0.7892760854298747,3139.19531232987,163.0,3.0,True,1.2669837823039523,122.37209148964588,96.58536533681419,True,charge,1.8621395625165567,2330.0,38.04728695356353,0.4119270322072735,0.7422284274089032,permanent_bench+cadence
26002,43094.0,48185.50164335997,0.8110374535498346,5091.501643359967,180.0,1.0,True,1.2329886808840875,131.86874674816661,106.95049256544108,True,none,1.1407210430095092,3279.5,41.41957625955247,0.2560886711412514,0.6441125290172357,surge_capacity
26003,35512.0,39643.883133343945,0.8329869583023587,4131.883133343945,190.0,2.0,True,1.200498987448755,122.72255312359853,102.22628624152597,True,charge,1.3118832252642385,4082.0,76.06211180124224,0.2782122042439902,0.9879272642196987,surge_capacity
26004,47320.0,54701.460963551304,0.7566481344055412,7381.460963551304,480.0,1.0,True,1.3216182721254544,123.73335706829843,93.6226137894627,True,judgment,1.697559092788148,1876.0,31.387913380680583,0.28428914286150203,0.254150229780181,permanent_bench+cadence
26005,64904.0,71993.2493647609,0.7855073710974623,7089.2493647608935,394.0,1.0,True,1.2730625284939872,146.0132733555192,114.69450249882902,True,judgment,1.4056982111764778,692.0,11.8345273861798,0.30394859349944886,0.09761259117781644,permanent_bench+cadence
26006,68123.0,77942.6496839453,0.8518272937104179,9819.649683945303,279.0,6.0,True,1.1739468873369465,96.55447326420236,82.2477356562804,True,evidence,1.3806852848218243,15352.0,195.8024516403316,0.3324439569357046,1.5633958943667663,surge_capacity
26007,64133.0,74468.93429117816,0.7540347805134705,10335.934291178157,619.0,2.0,True,1.3261987720500585,152.41943942325997,114.92955855150404,True,interlocutory,1.1895571190720422,4122.0,62.44271918197311,0.38588239156422066,0.3988028448979379,permanent_bench+cadence
26009,67570.0,74334.61007401909,0.8268574971389978,6764.610074019089,327.0,7.0,True,1.2093982378585075,115.02907693210636,95.11265465029071,True,charge,1.449252190059739,3507.0,66.43813651137594,0.2814891405085132,0.5184334295141967,surge_capacity
26010,44481.0,47023.37849457419,0.9419394236100974,2542.3784945741936,40.0,5.0,True,1.0616393952037577,109.73264961541929,103.36150872995682,True,interlocutory,1.2049623443695212,8928.5,96.11244726761383,0.2033261970058688,3.511868912931226,surge_capacity
26011,48338.0,52117.838178868034,0.9274556671642467,3779.8381788680344,59.0,5.0,True,1.0782186528198832,97.84347698416526,90.7454872240186,True,judgment,3.291745222446843,16500.5,167.99615098087907,0.23994017240342974,4.365398522150882,surge_capacity
27001,40351.0,45682.24023504079,0.8643216949492877,5331.2402350407865,197.0,1.0,True,1.1569766278499731,79.70029957805302,68.88669801926878,True,none,1.0,4314.0,76.21459278016607,0.2666854718567043,0.8091925724234402,permanent_bench+cadence
29007,57921.0,65405.61592391388,0.6748309664799895,7484.61592391388,inf,4.0,True,1.4818525670452507,106.8452197532661,72.10246290986342,True,evidence,1.1970531796662869,3312.5,30.7088134938518,0.2707506686810303,0.4425744799297352,permanent_bench+cadence
29008,19032.0,20719.278739158883,0.8611667867270806,1687.2787391588827,62.0,0.0,True,1.1612152435657255,76.64121092731938,66.00086534515205,True,evidence,1.4797806382165055,1460.0,25.109879610166256,0.23625975936693092,0.8652986410104461,surge_capacity
29009,99658.0,112517.9828634605,0.7544585658687329,12859.982863460493,478.0,0.0,True,1.3254538356901477,86.6062190455437,65.34080381641424,True,arguments,2.986923307285318,9918.5,93.37657539100066,0.3128675078422075,0.7712685238626384,surge_capacity
29010,48872.0,52976.983189392384,0.7994338906028949,4104.983189392384,243.0,5.0,True,1.2508851723134327,89.96399752456026,71.9202685552484,True,none,1.1017140892771642,2642.5,52.32673267326733,0.2942035333133282,0.6437297981702919,surge_capacity
30001,27690.0,31516.169971502895,0.8291825109425618,3826.1699715028954,94.0,0.0,True,1.2060071055566088,80.54538893683166,66.7868278434873,True,none,1.0,3241.5,31.414957195929574,0.3019695892289205,0.8471918456687797,surge_capacity
