district_id,idvr_12,vacancy_rate,log_hearing_gap,age_bowley_skew,workload_per_judge,pretrial_share,filing_shock_z,state_loo_growth_12_past,state_loo_idvr_12,state_loo_vacancy_rate,state_loo_filing_shock_z,log_pending,growth_12_past,share_age_gt5y,share_criminal,log_working_judges,inflow_trend_growth,disposal_momentum,is_njdg,month_of_year,anchor_growth_12
1001,-0.004521969686213079,-0.0010285328060867073,0.0061908799479460305,-0.0009225243445401274,-0.0013036148440278028,0.0011149031063117747,-0.0002361038818305732,-0.0010928425417271901,-0.006628411768767282,-0.004097162990705794,-0.000891336173322702,-0.0004296682494347721,0.016071076926835272,-0.0069383355937581185,0.0016269631090405831,0.0033328215234900227,-0.0002734933191107869,-0.0012457039858253598,0.0,4.702789185730695e-06,0.0034415654563347193
1002,-0.000993046123735853,-0.0010005595956214816,0.0037099014374692,-0.0025438340393603826,-0.000670340792890487,0.000506328916906965,0.0004166228623418929,-0.002684372209119478,-0.008546729072091112,-0.003304643799127726,-0.0005679095499427994,-0.01164398803315375,0.030804619232064567,-0.006046645525713756,-0.0018836721013276352,-0.002767811478335439,3.299096023517929e-05,-0.0019488673196902957,0.0,4.702789185730695e-06,0.006174516086280122
1004,-0.006206604286522376,-0.0010490963732910396,0.004518764159896046,-0.00043117134150180285,-0.0034045367193879378,0.00010621346127767684,-0.00044343403094018654,-0.002557934501370841,-0.006339489189558131,-0.005147459488797658,-0.0007042574997640127,-0.0140494337576033,0.010610379267001743,-0.004043345712704762,0.0032088213268896366,-0.0013674509941994672,-0.0005626462112678021,0.00142361194031126,0.0,3.370218721477705e-06,0.001390511491242551
1005,-0.004854776365797016,-0.000878807706273949,0.005563382954950997,-0.002894927388684653,-0.0014287931750030698,0.001920519239376617,-0.0002937122115149842,-0.0017513967499889968,-0.00801711587102588,-0.004659523401216332,-0.0005540652831309878,-0.010880802840703021,0.023070440277526916,-0.0072171407110620395,0.009727151035106392,-0.0021294621721573287,-0.0003423582138556626,-0.0017516548114596422,0.0,4.702789185730695e-06,0.006071286388953172
1007,0.0016313639660512193,-0.001067340130760034,0.002182529474957966,-0.005239848167656887,-0.0006332496611232519,0.00028227596924427785,-0.00038903547721808875,-0.0035701330393136,-0.009497228155319842,-0.0030828718109610726,-0.0002275380759945485,-0.00986249107471401,0.0361452248023651,-0.008156349813524696,0.0004732996790236761,-0.004429383652106048,-0.0005814893584004401,-0.0015609683241480565,0.0,4.702789185730695e-06,0.005068099914370545
1008,-0.006543642323247951,-0.0001811419066648179,0.0021429419059260527,-0.001323411963511023,-0.001586892296350063,0.0006605584686611767,0.0003732807050682286,-0.0007739132159754133,-0.00584126783962365,-0.00507476858879672,-0.0008846709517755038,-0.012251286961250395,0.007423471592457227,-0.0014926277398531016,0.004670314409326808,-0.001422451797001797,-0.00047680502405942975,-0.0012022238201025031,0.0,4.702789185730695e-06,0.0005552082944822008
1009,-0.0026885132340236048,-0.00014504139076202958,0.0034605338076806077,-0.0007882565186674104,-0.0028124023832949195,0.0006629012550266765,-0.0004517586541247799,-0.0017142280957095392,-0.007767833299075562,-0.004201818679340925,-0.00035204231340915854,-0.010989911888916449,0.02878519269053998,-0.003736432160687728,-0.00033288235908991465,-0.004218265891338979,-0.0010339083882168235,-0.0005208969501032734,0.0,3.370218721477705e-06,0.005901630326130809
1010,0.0062757237437844815,-0.0007885478738555363,0.005156343349604782,-0.001743958647087117,-0.002165975444395971,0.0002913739609944019,0.00033625551612987,-0.002599928757827197,-0.008147822316600798,-0.0021416434084166372,-0.00020749941782616628,-0.0035507759385167825,0.03478361569790884,-0.009823724890594987,0.0012876763300168135,-0.002431110373113053,5.913436773464133e-05,-0.0014134662827404105,0.0,4.702789185730695e-06,0.005960786123296586
1011,-0.001768650290990637,-0.0008934565259804124,0.006756672284075172,-0.0032493005353572014,-0.00045868651728293706,0.00022861522470479743,-0.0002866274562096731,-0.0017894730722882266,-0.007343278401551486,-0.0034194087582133147,-0.0003438082619467441,-0.002401974155853412,0.028468089099406322,-0.01052259467079572,0.001279432971340675,-0.002162143518326821,-0.00023333642651908522,-0.001628590630988617,0.0,4.702789185730695e-06,0.0060141739930802355
1012,0.0016305750147592882,0.0026127907527305613,0.004431510109856604,0.005676557945761632,0.001316854272964422,0.00045153737015457025,0.0011460151920938955,-3.831953989122424e-05,-0.004596896441871716,-0.0031622501771519313,-0.0006275289841674455,0.010285866583788278,0.03665576209176275,0.0058712933977538495,0.002954941119954449,-0.0007236059621743543,0.0003607980401229169,-0.002136878134076716,0.0,4.702789185730695e-06,0.005933069654121147
1013,-0.004894799464446541,-0.0012457089442530237,0.005562746032528394,-0.001620436227185062,-0.002263913903456018,-5.388073139109643e-05,-0.0002763375187851349,-0.0021439885702468175,-0.007876419652881696,-0.004945068029136842,-0.0005298272261991587,-0.011112397039306787,0.021634896005356438,-0.007853818528915984,0.007890389740423201,-0.0014001665120529129,-0.00019958109930681852,-0.0017934918004480984,0.0,3.370218721477705e-06,0.006241047853758943
1014,-0.005019306330712448,-0.0013235955221731091,0.005486736596928053,-0.0025661889006784607,-0.0023270253864930215,-4.593849161050776e-05,-0.0007377146431402522,-0.00205092090834147,-0.0077754212680194975,-0.004664014221755467,-0.0005332060180865486,-0.010888280905619118,0.025149896169825412,-0.006754321376279709,0.008084113604798736,-0.0016016719561140554,-0.0005799505683608696,-0.0018082868890817296,0.0,3.370218721477705e-06,0.005938245548164243
1015,0.00019957244703978235,-0.00019115916638448062,0.003277080090961954,-0.0012932933019924346,-0.002706049165532776,0.0005410260810389348,-0.00013911207118247316,-0.0032786055279401226,-0.00924095483904489,-0.0032399571395549387,-0.0002855168967511125,-0.012543283349122166,0.036585024781335566,-0.004532734875268894,-0.00012696109316941894,-0.003297090418066172,-0.00029496176440134,-0.001977575002009426,0.0,4.702789185730695e-06,0.005723608892954453
1017,0.00030331144184805045,-0.0010727139668647845,0.0031368932214355673,-0.0031194516552816793,-0.0027659290499489806,0.00015634661658061848,-0.0002632082415129622,-0.003698714714662584,-0.009455111094161122,-0.0027372145986502704,-0.00033420703808193105,-0.010394590636772472,0.035253023573610716,-0.00824038841328995,-0.0014047242432342233,-0.0028832977791684736,5.002167778453766e-06,-0.0015840126285803446,0.0,4.702789185730695e-06,0.005407166845054871
1018,-0.00527215089421711,-0.0011339186776302755,0.0036834636587901428,-0.0002465592842569327,-0.0025468813415131714,0.0003667098893553846,-0.0001961608510153035,-0.0018886237225067583,-0.008362022087069983,-0.004076165620924388,-0.0005168136644981383,-0.013986431360286062,0.01939596322405654,-0.0050180023899626175,0.00012471622483468438,-0.002504813006647514,-0.0003871457832219312,0.0005370221907027243,0.0,4.702789185730695e-06,0.0051595443956812415
1019,5.7426610059131035e-05,-0.0008999357643047608,0.003268871369602579,-0.0010460432909796874,-0.002824829923349411,0.0006777450974501627,-5.7573212847706934e-05,-0.00350359052252381,-0.008303878145447691,-0.003218102958801173,-0.0002864645170286103,-0.011669242416811883,0.036571305067026785,-0.005206918424652724,-0.0001934389981823922,-0.0047550954359224734,-0.00041954706541325233,-0.001773347917367174,0.0,4.702789185730695e-06,0.005875107426608381
1020,-0.005243875872010413,-0.0009263614422145968,0.0034916406042715667,-0.0006947318744376686,-0.0027985965388440145,0.0007635928787546241,0.0007503335606128853,-0.001697330966658922,-0.0080894280361202,-0.004183292008242371,-0.00034070237882328743,-0.013257529449884502,0.025693404190392777,-0.0024188246658893623,-0.00019653137187625273,-0.003002006212601211,-0.0009030962033709653,-0.00214131257491317,0.0,3.370218721477705e-06,0.0057337316106502705
1021,-0.005505174465563141,-0.0006176523682728912,0.00296359886802998,-0.0033345352614893675,-0.0025016789957570795,0.0002555713091710131,-0.0005498554437288173,-0.0017733598019089546,-0.007677533711465635,-0.004359891205986767,-0.0006365103348471417,-0.013565839659340361,0.017345546008387544,-0.00021349234636110613,0.00048172153261493117,-0.0044469353193879926,-0.00046396002308536844,-0.001528155769612983,0.0,3.370218721477705e-06,0.005323779065882974
1023,0.0007101891803591273,0.0014974545406986623,0.004984928941460739,-0.0012728176965295492,-0.0018760226877631934,0.004175189605701504,-0.0005163892205063172,-0.0017267076879256842,-0.008851603184552215,-0.0030372292872849946,-0.0006804897878833404,-0.007085005459659869,0.04500191139763384,-0.0025072050688032814,0.012903227071321766,-0.0016261735468915707,-9.73368485315857e-05,-0.0015527759632994187,0.0,3.370218721477705e-06,0.007340895326328494
1024,-0.004612070911929637,0.0022931553044268087,0.002444756707091928,-0.0027133071429222082,-0.0024343913268429565,0.00034531762223588515,-0.00015340860030338164,-0.0017733545525409444,-0.008692113320432784,-0.0029579779750099067,-0.00045623897021000655,-0.01503734335546237,0.019311289297377614,-0.0007602950950403332,-0.0006043053323541247,-0.0026146984931499913,-0.0006619215863695249,-0.002549658166324717,0.0,3.370218721477705e-06,0.005143284877683934
1025,-0.004955046397174849,-0.0007479102418021577,0.0032867497780740057,-0.002991435484960245,-0.0016725379422519457,0.00027088753469212335,-0.00030263700351136847,-0.00144914937185887,-0.008644326359184936,-0.00392678181771144,-0.0005133889047878893,-0.014014743291585877,0.01970554862974285,-0.0005705758995174639,-0.0010823584610299094,-0.004710101797275603,-0.0005802177123127302,-0.0014331863866518196,0.0,4.702789185730695e-06,0.005246877354295836
1026,-0.005214199009746332,-0.0012265166780626108,0.003330452286724753,-0.003326150599245778,-0.0019474908524186824,0.00016781634677565506,-4.8492366410748486e-05,-0.00208080290466875,-0.00917711686873687,-0.003955028368621853,-0.00045338732209570035,-0.011298151845269961,0.023229216202635728,-0.006918089681665684,-0.001635569409600305,-0.003869454952165869,-0.0007085082220929942,-0.0014992432323592396,0.0,4.702789185730695e-06,0.005125374113117464
1027,-0.005338507509608526,-0.001215172337023209,0.002109968180647857,-0.00034102695031908126,-0.0027418327458062883,0.00011019315215693892,-0.00028258645981029453,-0.0022321631916137306,-0.008088231381794465,-0.004019521961309788,-0.0007538410135734848,-0.01282253048539382,0.016340608234619535,-0.005833853099963668,-0.0022107118811483225,-0.002456135712533088,-0.000584461979547428,0.001309173702994258,0.0,3.370218721477705e-06,0.004982073663188955
1028,-0.00534360096254678,-0.0017108327365088687,0.0021255886707370105,-0.000695232734743866,-0.0024781588964124506,0.000423846362608794,3.558517269887913e-05,-0.00141406490898823,-0.007899901601660056,-0.004802286129683639,-0.0006467872001599383,-0.014434752175392574,0.016954916653838543,-0.002646890130680754,-0.0018981088335357822,-0.0026134850126066003,-0.00022163819711210325,0.0006323252836462108,0.0,4.702789185730695e-06,0.005047349233401784
1029,0.0006317725841276034,-0.0011724957583145682,0.002245695378893339,-0.0034345774457215025,-0.0029023557026835534,0.0004768811367322485,-0.00040756600290656864,-0.0034213866209090965,-0.010166349134357749,-0.0029818313770106418,-0.0002747408078666167,-0.009315679635579006,0.03576980952829349,-0.007774420501803435,-0.0033568580939008262,-0.0029224642650618883,-0.00045690912756959093,-0.0019644185411210597,0.0,4.702789185730695e-06,0.005144935312823964
1030,-0.00518226554938633,-0.0013675264088937311,0.003024343589720439,-8.815704511528957e-05,-0.002028950525307555,0.0002452322049606264,-0.000233574706572868,-0.00219733935405808,-0.0069757632044124265,-0.00447256999013015,-0.0008741417231078811,-0.015170843384851952,0.013431698748266808,-0.002392002549103504,-0.00030827016498390287,-0.002666482027548352,-0.0006193642714543079,-0.00172434926988413,0.0,4.702789185730695e-06,0.002154837280809267
1031,0.00047562510787825665,-0.0017438161796243076,0.0023213711564992984,-0.0005449401465373205,-0.002311320864642544,0.00073960354487446,0.0002858011466534548,-0.0017807284007371577,-0.008153921804166265,-0.003307822467792214,-0.00036782848952887523,-0.013250383447339422,0.02322939103720764,-0.004949291121791086,-0.003226171063028575,-0.0025640505543087716,-0.0006536416746179799,-0.00037723874658591343,0.0,4.702789185730695e-06,0.0033543161865311547
1032,-0.0012102105639448647,0.0001463831075934485,0.003325942940562602,-0.0043036676819645635,0.0015009411307898022,0.00021313628519503773,-0.0003255235213736638,-0.001573661020835546,-0.008265010511901776,-0.004386335593201284,-0.00041382849842998797,-0.0035659504973073733,0.018139400262800167,-0.008648600428466952,-0.002171908310291453,-0.0023096143348292045,-0.000704448344640326,-0.002248062230754191,0.0,4.702789185730695e-06,0.004982562447941991
1033,-0.005227181994546824,-0.0006517196364207703,0.005734597658409869,0.0004528109387919967,-0.003278587532047435,0.001081644298732787,0.0007767555320169679,-0.0009273097319426227,-0.008019069241541615,-0.004704380074389289,-0.0009566311560587269,0.004681275667138356,0.01431582964049836,-0.0046040460319879805,-0.0029283061866810186,0.0021883238535391992,-0.0008307958642684808,-0.0008149648821331945,0.0,4.702789185730695e-06,0.0021669606923611466
1034,-0.005214733542967367,-0.0016376809340775257,0.0026417921967680394,-0.0010048682320691414,-0.0017198517561041776,0.00034665520562512887,-0.00019747836455949222,-0.0012242138900322662,-0.008295844478647329,-0.003896678318499533,-0.000535282843735549,-0.013263296915078047,0.020021882194916952,-0.002057414556975308,-0.002187778679891181,-0.003323696178786477,-0.0007025266685408117,-0.002203351640098856,0.0,4.702789185730695e-06,0.005486064321531445
1037,-0.005346168273738806,-0.0014338985621619915,0.002403455658028885,-0.002613949044584895,0.00024240617987471435,0.0003005233271648851,0.00031548322615474096,-0.0018567128100156123,-0.0073613319144592,-0.004361268358871265,-0.000634762000378213,-0.01184926154758507,0.016712601442018128,-0.005414242344073288,-0.004439676928094063,-0.004371435023693338,-0.000616684822571228,-0.0015988714624557453,0.0,4.702789185730695e-06,0.005039020068822131
1040,0.02991376817494052,0.0011246927225686326,0.0007265349755303681,-0.0013983556785022845,-0.006299305905388925,0.0009995221940165392,-0.00034432880015211457,-0.0021388380252360738,-0.009979216525882897,-0.0016463840344281072,-0.0002860599499108884,-0.01027940080833219,0.027666643029124437,-0.005123524125672225,-0.003522682234101726,-0.0031495728633625353,-0.0008943679278427576,-0.0025139368260747802,0.0,3.370218721477705e-06,0.0072307680519173535
1042,0.0018494815331475164,-0.001185611412250088,0.0011514731529562504,0.004096165630598947,-0.006599921971513057,0.001170106899499554,0.0010662125438206512,-0.0011209676783774161,-0.00696629346807835,-0.00422221987339517,-0.0006864306099538788,-0.008522738043532487,0.049651049689690495,0.008178960595328591,-0.008787520374658245,0.017372626196413443,-0.0004309388653786514,-0.001310352424750577,0.0,3.370218721477705e-06,0.005416654759343233
1043,-0.0009637753274959315,0.0011870374680017512,0.00194100931992217,-0.005792075112656087,-9.667060222494647e-05,0.0006429918092687759,-2.7728657939610813e-05,-0.0011152495869574592,-0.010999134488309482,-0.005048713022790255,-0.0004586338580692606,0.03241961154574881,0.046581669044056744,-0.004647880681732828,-0.01648250172299925,0.028104575045987106,0.006265828074049677,-0.0032190020944187886,0.0,4.702789185730695e-06,0.0054969608782392985
2004,0.007186653443469027,0.0007192076851306225,0.0016271742936674071,-0.0020270390339735566,-0.004109335545019065,0.0006498270343688629,0.00038027678099199127,-0.004873571330350874,-0.011040135613147992,0.003197286165185094,-0.0005555859719754931,-0.008159681367355391,0.031049351896625558,-0.006132999464255617,-0.00408214386646315,-0.0022862073549111393,-0.000401400004153386,-0.0017108397638271181,0.0,1.8620176206047286e-05,0.0069306591520718035
2005,0.005553518856141163,0.0009238160321998404,0.002698598281688816,-0.0038177427393084554,-0.002597508956274063,0.00034166412977854104,0.0007551898240475258,-0.0043371672867448035,-0.009506802870679235,0.0028242298063073257,-0.0001317855847533248,-0.008512277749781924,0.03014916786684827,-0.008781294709294205,-0.003770940459969201,-0.0026660253324569,0.0006246247410085285,-0.002065099644576377,0.0,1.8620176206047286e-05,0.006084938366025062
2007,-0.0011385169389982878,0.0009721847036895683,0.002211156884711644,0.0006990142689039028,-0.002859341326236177,0.00016016278753607483,0.00041063081881201677,-0.002643844162841959,-0.008780241780741405,0.0032901124797973824,-0.00035858990051721617,-0.010400337837573489,0.020209338460906525,-0.011034790434688111,-0.004165718778036949,-0.001510220338673453,-0.0004033257710144074,-0.0010383555165402619,0.0,9.742496819127988e-06,0.005054873907175266
2010,-0.0015732521688849156,0.0008416362414551819,0.0022003475163755145,-0.0025534604572618326,-0.003478691140348231,0.00013952617805734857,-2.514905671614581e-05,-0.0037353089001286506,-0.009285010523040307,0.0033340931120015107,-0.00028644319977057605,-0.010014005079494303,0.026579272939570953,-0.009844955411452812,-0.0036319258344780147,-0.002113012440608501,-0.00045677069124451275,-0.0016491741665814706,0.0,9.742496819127988e-06,0.005995605074271833
3001,-0.0008022403401960101,0.0002349459305359698,0.0022549960421234384,-0.0010778652967519207,-0.0027537175515501932,0.0001091169219741386,0.0007259892955355301,-0.0037064524524357788,-0.008087762383841858,0.0063272320915748895,-0.0003243617333501431,-0.009927098533640665,0.020551797555691167,-0.00967196718570013,-0.0030547971978074906,-0.0017892544114795125,-0.000309259683354813,-0.0015841244886281081,0.0,3.370218721477705e-06,0.004885563096213138
3002,-0.0033806456398035776,0.001116898926278612,0.002116427875901684,-0.0009854009227176716,-0.0025744477106427618,0.00011467588332131728,0.0007318003748677742,-0.004098120601551532,-0.008851459001303302,0.007843102343992813,-0.00039713623595432934,-0.011143669808166596,0.017285461672338447,-0.010157546470000776,-0.003983632267685804,-0.002076869228171876,-0.000622664644067828,0.0024594992579173073,0.0,4.702789185730695e-06,0.0038078064643500154
3003,-0.0016956061007971821,0.0011588730574024005,0.0017918184329763498,-0.0016199973018552003,-0.0030448104408348753,0.00010550396270570218,-0.0001341426636951632,-0.0037445803699809187,-0.00804954163872786,0.007782960181157289,-0.00035860374018537906,-0.01163289547556468,0.016532338231961936,-0.010322626012831007,-0.0023011076142000954,-0.00187632088059279,-0.00023885862954316832,-0.001443427477156351,0.0,3.370218721477705e-06,0.005219594131744891
3005,0.006603394795922887,0.0005715508692745586,0.0028637561513474388,0.0017385224624593145,-0.00664941571007909,0.0013724954910722114,0.0012926994884312093,-0.004088489664496087,-0.009068307345017066,0.002816833511553886,-0.0003219160124928393,-0.011588979377362578,0.03280050884528228,-0.003839310269346344,-0.0005405179923163923,-0.002071741503455302,0.0006105873283807152,0.0006792636073863663,0.0,3.370218721477705e-06,0.006482343832669855
3007,-0.005018641349483518,0.0009270837663555732,0.001983434446159642,-0.0009615697222749254,-0.005948235782876058,0.0001510892644829854,0.0007165949866735842,-0.002099730789632214,-0.00632830160485596,0.008836077690842535,-0.0005411622906221873,-0.009599100217291526,0.0023074426061716366,-0.00766048998473495,-0.0015123457629632638,0.001333364535271803,-0.0006067257343833633,-0.00149001836322742,0.0,3.370218721477705e-06,-0.001499419979443579
3008,-0.0004101024189180233,0.0011871412667063745,0.0035814413361385648,7.134684469563121e-05,-0.0008838834062464412,0.00022162986765489575,-5.360964557607605e-05,-0.0021243673035729817,-0.008139565064309812,0.00579902800964417,-0.0002558060663217652,0.0007248545909039296,0.021395748529582287,-0.011152580972088164,-0.0030087769335520264,-0.0007706446112971467,-0.00019390888535595493,-0.0017859570565116954,0.0,4.702789185730695e-06,0.005329614186241481
3009,0.0008847905109799904,9.954928278169103e-05,0.002172316516975028,-0.0015345174950690803,-0.0021173271083232883,9.527312979588229e-05,-0.00034752668488946363,-0.004738708067720438,-0.009300486883701622,0.006449225512831856,-0.00025552942261506675,-0.00880161907462421,0.023996637922961823,-0.011740893692347628,-0.0026022699160684944,-0.002420431828661167,0.00022500830493333445,-0.0021153442815310046,0.0,4.702789185730695e-06,0.005550555867922761
3012,0.00035380977470400924,0.0010526380302516385,0.0024427662490837266,-0.0011726638337838187,-0.002422961340115145,9.864403468454702e-05,0.0007851666444915837,-0.005013572027366059,-0.009019101116778968,0.005519408531812985,-0.0005186486159323953,-0.008890835601629784,0.026503583572397352,-0.01163821072470322,-0.0029063058913698227,-0.0023792411270514777,-0.00031301329723369583,-0.0017128333642381318,0.0,4.702789185730695e-06,0.005640786528853168
3014,-0.0005316469721261381,0.0010622477681475203,0.002288985135110071,-0.0005185008400688702,-0.002002157087325979,0.00011440515403597233,-0.0002267063063483082,-0.0038814104098046933,-0.00898632577203881,0.0060195004723103745,-0.0002631577558942662,-0.010496529648140851,0.021031244104926922,-0.01061716751758923,-0.0015768451672198828,-0.0021451298910307066,-0.00032272154480226557,-0.00207016299013248,0.0,4.702789185730695e-06,0.00481670045894774
3016,-0.0022882395784550777,0.0006604046722994668,0.0019145396015429162,-0.0007592506763683979,-0.0021177839180184306,6.884201940698961e-05,9.151524401951806e-05,-0.0034031469993491023,-0.005834060304757803,0.005254782818249478,-0.0007544698941044517,-0.010694440171386517,0.018849430461254507,-0.007749218614813512,-0.0023744557188523576,-0.001882345556294669,0.009289369721751,-0.0006617115349732208,0.0,4.702789185730695e-06,0.004198876801285114
3017,0.0003084476567744599,0.0011815908393666245,0.0009748630223075993,-0.0025912907099815245,-0.002665860001948004,0.0006526470839082285,-4.538015139117871e-05,-0.005721039281475296,-0.010171540698738993,0.005026881665155665,-0.0004459438437671816,-0.008842764290595858,0.029676614418919927,-0.011588092384988527,-0.0016787195664816322,-0.0028973953937356358,9.71833210495177e-05,-0.0015834426048507346,0.0,4.702789185730695e-06,0.0062732647193004185
3018,-0.0002564744474651762,0.0010697698915502476,0.002154361230501704,-0.0010487563911056208,-0.0031034979151462186,0.00011833864464283991,-0.0003033921682229215,-0.004494647399988591,-0.009234784646528101,0.005597640802351489,-0.00025854586173691934,-0.01140419567921447,0.02723356500768183,-0.009974707414691062,-0.004191516196770722,-0.0024893865097299116,-0.00012118582899492732,-0.0017649855742603137,0.0,3.370218721477705e-06,0.005767558518555475
3019,0.005807906533299124,0.000902187803947817,0.0011794562152592468,-0.0012070850298002036,-0.0041758980932477645,0.00020983137312633555,0.0008288060272076146,-0.005547258669465859,-0.010340354255095446,0.00510670643485767,-0.00020672863244340783,-0.009322132427013123,0.03140519028487433,-0.008578028355292843,-0.0035883380069529143,-0.003520354732560478,8.913145677322765e-05,-0.0020686105707558504,0.0,4.702789185730695e-06,0.006427841744480966
3021,-0.004457581762952395,-0.0003355075927023852,0.002163883610622868,-0.0026042279186870706,-0.002241986062310298,0.00019425597803616877,-0.00029531811657159296,-0.00215072494404378,-0.006737255075945103,0.005976894265809822,-0.0004473781753691459,-0.013097810887313778,0.01767633225923742,-0.004887019362095547,-0.0009906088487748113,-0.001404913089494223,0.0008391742244570747,-0.0022594395012253653,0.0,3.370218721477705e-06,0.004645915310045651
3022,-0.0019163763639306213,0.0018053035077564034,0.0023411869886719723,-0.0007123422085940484,-0.003778223761939181,0.0002689902072646233,0.0008986860560313133,-0.0032609844912984253,-0.008506149346459642,0.006316422727199175,-0.00029787268364473704,-0.011858588595914743,0.02605105264499595,-0.0050297790086680436,-0.0014300062863439682,-0.0021890034470381735,-0.0005268192355485196,-0.002387642155055144,0.0,3.370218721477705e-06,0.006374856717498598
3023,-0.0001335679001220383,-0.000715595558709063,0.0009302630340066446,-0.0011058605632216002,-0.003575970737488206,0.00023385013605529625,0.0006926132715512613,-0.004871816447479799,-0.00979670830728194,0.005257733248180526,-0.0003081573639130834,-0.00970998034324545,0.02651175187998565,-0.01210505848262173,-0.0032691211868190605,-0.003171010782523822,0.001006820397920222,-0.000904819237861446,0.0,3.370218721477705e-06,0.005523510161531165
3024,-0.00030056580344507895,0.0009815884766192521,0.003695899744784498,0.001010773984079479,-0.0018221421440940413,-0.00019692530592898676,-0.00020551648772651989,-0.004344093885835038,-0.00755492799034918,0.00695146402211329,-0.0009364973461287348,-0.011291375316805118,0.019180920760354866,-0.011727893268221656,-3.3644747493684075e-05,-0.0016693682200098479,-0.0001871578294749458,-0.0017113918628110655,0.0,4.702789185730695e-06,0.005095910458585203
3026,-0.0012755054248596467,0.00019569012950817257,0.002147260040971902,-0.0035765077485594324,-0.003417569345210541,0.00012022669411593287,0.0007348916276968348,-0.003987123590793717,-0.008859920736615819,0.006137640484984743,-0.00033610727089969605,-0.00827520889765911,0.02461139249846687,-0.011639362221817854,-0.0036381725108118345,-0.0023838821636572157,-0.0003683711208864386,-0.001759291442511481,0.0,3.370218721477705e-06,0.0058630183177555304
3027,-0.0049334544889625435,-0.0009408902970946967,0.0019738182375442143,-3.945452479348526e-05,-0.0040491275394387415,0.0005642694606165348,0.0007931325008382234,-0.0035522724797987433,-0.008281898097911989,0.006834440918644138,-0.0005731456008733002,-0.009531223204615911,0.01720185625240339,-0.009346584372630041,-0.0018305406735680458,0.0029588724417059634,-0.00037615432971818246,-0.0008478966855068077,0.0,3.370218721477705e-06,0.0049061728214151576
3028,-0.004513950793347906,-5.9372787594257173e-05,0.0024666230308092096,-0.002946200759215757,-0.0050181389767813755,0.0008057950057928528,0.0009546024722695299,-0.002926426520846965,-0.009086711873010694,0.006882907488814961,-0.0002079427868118047,-0.011397499078422515,0.024214560008409044,-0.006474405257957042,-0.0024349075321705225,-0.0016123992570041957,-0.0005197946374460036,-0.00041840804672645766,0.0,3.370218721477705e-06,0.005729758179068328
3029,-0.004773008191331414,0.001063624133590942,0.002042221766568743,-0.0022774180528073243,-0.005715346143184454,0.0001204205285605608,0.0003359134628185329,-0.00422917570879223,-0.006191410113114829,0.008611533957739108,-0.00034368531751631336,-0.012092755269147736,0.012955103403637163,-0.008843886982622529,-0.0008605777436731585,-0.00036167747615684797,-0.0003471818264535966,0.001364628619657516,0.0,3.370218721477705e-06,0.002654332972156059
4002,0.026186580195711757,0.0010507581706011074,0.005383885322468918,-0.0012959323838222926,-0.006531197822136677,0.0034218271711898528,0.0008071616243302977,-0.003766257906227594,-0.01066706742514859,0.0014774362234990241,-0.0006684872737589116,-0.008201066148025963,0.03320357159556078,-0.010434082967954221,0.006276352275797095,-0.0034509881900518977,-0.00020759099578093095,-0.0025397718857413823,0.0,9.742496819127988e-06,0.009150680279955331
4005,0.006458948802727982,0.0007686078161592531,0.0012726109585195192,0.0028841265658633075,-0.009145183631976373,8.815413360453677e-05,0.0004501460718412738,-0.00324344639814918,-0.008971857654424124,0.00015216191985593371,-0.00037236770611654557,-0.007867456653091487,0.03242181045285142,0.0012904674063902667,-0.003546560913907372,-0.0026578091118646336,0.003532405604647711,0.0028594615011543856,0.0,9.742496819127988e-06,0.007253644331588794
4008,0.002033009389286876,-0.0007593701473044916,0.002668640873386206,0.0008269694545377272,-0.0044493073432515205,0.0002253300996456684,0.012083674875914736,-0.0034807514983613364,-0.008078745781451978,0.0005515779655145118,-0.00043374251049333525,-0.009902846985224976,0.03474718448346295,-0.008307618854758022,-0.0005817088911915833,-0.002104767278701065,0.0007200627889388426,-0.0006254925551488561,0.0,9.742496819127988e-06,0.008441320313730965
4009,-0.004751773972332055,0.0010595216740092804,0.006156062631749487,-0.0027366799280898416,-0.0008867918802646986,0.0032006116761723376,0.0010270397742495455,-0.002511975854055795,-0.007094427557411221,0.001071449578030813,-0.0009725443096143181,-0.01104751104597419,0.020105933221720322,-0.009185908819225172,0.006873388706356845,-0.0009864317371699723,-0.0007003901692078022,-0.0014743370809194845,0.0,9.742496819127988e-06,0.006482499350637151
4015,-0.0045268808251925875,0.001062069038271625,0.006005550267896655,0.0008158113513667285,-0.002438659069267462,0.007783189700004234,0.0012453434772542985,-0.002611815956439994,-0.008874100576711213,0.0016956070484158638,-0.0006951290654297818,-0.00989753394348808,0.03573348461743852,-0.01015070649409237,0.011560233316482076,-0.00017208102121311225,0.0007663019173285825,-0.0015211614686235497,0.0,9.742496819127988e-06,0.007780552439192256
5001,0.000452742730855351,0.001310156469096579,0.003577540017523953,-0.0015823254804776335,-0.0016308276134458486,0.001190869659242633,-0.0002443020004538616,0.009642362472662367,-0.008169995620418213,-0.0006426638459951842,0.00030560549703952117,-0.0029922887068051236,0.03461172596042468,-0.010151370828364972,-0.0038506767560851484,-0.002670752924539751,-0.0002441569114288164,-0.001557197859477474,0.0,4.702789185730695e-06,0.006579957931569713
5002,-0.0015295254615003931,0.0017635571260555278,0.004205042005643088,-0.0011963007412565498,-0.0023684417044995817,0.0011740255663596957,-0.0003761328310529916,0.004293629814350738,-0.007009628752480684,-0.0016549926662213644,0.0007450958399187609,-0.010996120647810992,0.02015018249075858,-0.005534983439992872,-0.0037290891372429432,-0.0020361596423006285,-0.0004000258963759018,0.0017250332998853502,0.0,3.370218721477705e-06,0.005793841357388393
5003,-0.005287418871232939,0.0019619718546141167,0.003901002826339649,-0.0002978243059314888,-0.001617369675321906,0.0030836558246129845,-6.803415810326227e-05,-0.0009275030671768253,-0.004825225478218934,-0.003611987345125656,0.0005534179478923763,-0.004644616357867272,-0.009537620234968,-0.004210944708148208,6.34560319572198e-05,0.0017719195914052013,-0.0004125118128167929,0.0007821620135929076,0.0,4.702789185730695e-06,-0.0027419173759694678
5004,-0.0018372726849143792,-0.00167975695555356,0.003058861594184095,-0.00037665346074744173,-0.0015044674634161212,0.0014170219430935432,-0.0003335838457381893,0.0007765942779503844,-0.007870592720829463,0.00017842490994520168,0.0006302111836566533,-0.01263928057554701,0.014699977545444276,-0.0027534906640070125,-0.0035108319520573755,-0.0018576459602735814,5.239681925047432e-05,-0.0017556418311129851,0.0,4.702789185730695e-06,0.002684863637722841
5005,0.0346281843067758,0.0015573018156499676,0.003420903201100641,-0.0003125931921678145,-0.004778832662266789,0.0006486073599211859,-0.00039372306749316656,0.014495506241402981,-0.008123059962821345,5.328016712514284e-05,0.0004969259189132907,-0.006443108943671044,0.055656482712782035,-0.010108595005217802,-0.0035726625767275254,-0.004343164485122329,0.0001968825459321221,0.009935382791117357,0.0,4.702789185730695e-06,0.016506410662959863
5006,-0.003438536110512504,-0.001810599954501992,0.003730046326497642,-0.000787668618502552,-0.00217513625187326,0.003922017817948853,-1.0796530857905826e-05,-0.0005312984951408016,-0.006587762926182952,0.0008883302148247749,0.0008185383961660702,-0.011593071261122103,0.001463293902041312,-0.004886807799400215,-0.0011368288510482914,-0.0014482087831573535,-0.00013012993173329624,0.0009964483850526992,0.0,4.702789185730695e-06,-0.0020695113515677567
5007,-0.001952708781059876,0.00214316004538446,0.0034902027507629626,-0.0001520528783300572,-0.0037490208295669907,0.0028607679160236195,-0.00022191411987210357,-0.00019602506780054695,-0.0072082645027652815,-0.0011839189971626194,0.0008479785597695234,-0.00018987236434637214,0.02119182407696459,-0.0010189520714257796,0.0001979153161476642,0.003134685339833191,-0.00019688902225453505,-0.0019430481458566364,0.0,3.370218721477705e-06,0.0031544673208171877
5008,-0.002320708635570758,-0.0010068309389730128,0.005661094006237645,0.0014215882308409528,-0.0049302915100780725,0.0030848691318506693,-0.0003744208329938739,-0.0004790094308796618,-0.0046691864808652275,0.0017720466350875012,0.0002936172839486058,-0.0008596137550320438,-0.01962912554561,0.0008974184635863089,6.627950987594688e-05,0.002742060160059943,1.0073955842037946e-05,0.0001224697879985794,0.0,4.702789185730695e-06,-0.0046553050560338635
5009,-0.008103212572028428,0.001377723670009228,0.007750707463641689,-0.0007625947532836742,-4.047936968905941e-05,0.0025382119213742177,-0.0003351869765456139,-0.0006539451353371217,-0.003979044449182752,-0.0024843954608924344,0.0002808526881686736,-0.0017299742816098288,-0.02091453650650783,-0.0025045769433110925,0.002015302715293611,0.00253242066977524,-0.00022972960778525105,0.00029839901824677727,0.0,4.702789185730695e-06,-0.003972017074572523
5010,-0.00866918552491744,-0.0012324415791619605,0.003512131696024441,0.00032347625691023663,-0.0017110813697956315,0.0015515259323144893,-0.000301078633718309,-0.0001362154331872433,-0.002634847605488067,0.001017423401692193,0.0002161083425530078,-0.0071143614744752755,-0.03836371276142125,-0.0026060456174274525,0.0012445065977540332,0.0012327994138962208,-1.2370914572234155e-05,0.00022584144057226824,0.0,3.3089151231494167e-06,-0.01047239628079685
5011,-0.008067102678459746,-0.0017904723727239192,0.002134840981246336,0.0018595006524124765,-0.0015983480341298152,0.0012431040190295515,-0.0003422187419644737,-0.00036763529815923927,-0.002566755909035347,0.0013872533449577342,0.0002825818641370151,-0.010648442282089212,-0.043136422817286114,-0.0024626194610231395,0.0007179872537962949,-0.0007718373003749207,-0.0008833327677373542,-0.003472245661800222,0.0,3.3089151231494167e-06,-0.010329065808272806
6002,0.030976081120285597,0.0010287641674290205,0.0029698410138337067,-0.0011325626959991933,0.000755943014891365,0.0009730345747524419,0.003325826548224688,0.014038215170952084,0.0011648715336614226,0.003889887207396261,0.0003845827713479281,0.0035103689520018626,0.07332879589580867,-0.009984431382331096,0.00610739860731208,-0.0021765120471962836,-9.293383977743294e-05,-0.005409993348613054,0.0,4.702789185730695e-06,0.0163702050668236
6003,0.10196574315869311,-0.0004763494187551892,0.0015331380904277357,0.004991617553604429,0.010596057664532895,0.0003978463364267357,0.001390538912420849,0.0029467888961213955,0.006871850835025837,0.00465793939804988,-0.0005407592834238895,0.007490532540288664,0.23118153563914495,-0.01059652779129782,0.008038907166184292,0.0009110451062531002,0.02007181000260002,0.04622039513110433,0.0,4.702789185730695e-06,0.07388318820689033
6004,-0.008505393092973235,0.001110796705762245,0.00450926386061273,6.559978185615163e-05,0.0005249982447672387,0.00045471794356783524,-0.0006078542473224964,0.004498424278002759,-0.00235721188227989,0.005530115451634999,0.0002587800516415137,-0.004257035998315973,-0.030619368161684313,0.0012799269749741553,0.003416821301569574,0.0014859170244098947,0.00047241433463920187,-0.0008804773096811145,0.0,4.702789185730695e-06,-0.00684742648601813
6005,-0.006306059481946552,-0.00166891488293428,0.003574511182766641,-0.00028298237881941034,0.005203737402476659,0.00047628215136044953,0.0030290021443735537,0.0068075412470982345,-0.00468749230973281,0.006283773909547733,0.00022906328488253512,0.006876552880710033,0.0005739916162324579,-0.005479014207999592,0.0032759153859708997,2.7827287336254975e-05,-0.0003618000837361841,-0.001982456793145381,0.0,4.702789185730695e-06,-0.0022507649938362144
6007,0.03731786958628949,0.0006067701987091648,0.0015482505089354467,0.0017477228932353712,0.004824089882001864,4.3235075996463824e-05,0.0024035782250510333,0.012708422471646373,0.0007492083402933559,0.0056471916209429275,0.0016525170306320952,-0.0016061304957538931,0.08457150525051527,-0.005737648668126744,0.013956319676436473,-0.00449389088893368,-0.00020980438906056435,0.01523853431970588,0.0,4.702789185730695e-06,0.01829762088403734
6008,-0.0016080306473425625,0.0007161369549938421,0.003976641446024968,-0.0014239597843089219,-0.0008979802612709471,0.000780747296705059,0.002192962475905979,0.01835936729081071,-0.0016394845253017805,0.0034354388670263265,0.0006582053273652575,0.0015276922014790572,0.052268757176714364,-0.011054862708112838,0.005857615008266803,0.0013010021375068296,-0.0005835011376629208,-0.0018014302237066575,0.0,4.702789185730695e-06,0.011030406846827368
6009,-0.01058249607039225,0.001081977714867006,0.002873687542730895,0.0012493767885681025,0.005467345836806583,0.000571499682894397,-0.0009155540899123791,0.004673563595580647,-0.002180005608000291,0.003494470425675251,8.671586146795144e-05,0.01368748082487314,-0.03810917990896927,-0.0017056103213767021,0.0016814567734677037,-0.0005738106183385023,1.2751478389013044e-06,-0.0023343335703984755,0.0,3.3089151231494167e-06,-0.012025600982062248
6010,-0.004740260275277464,0.00040875305659318655,0.005061518780229191,-0.0011160619482151047,-0.0014461431634189017,0.0006881106538498154,0.001305197322416105,0.016340712023170192,-0.006580631240899526,0.006734096108134995,0.0005830296411598634,-0.008147519385089856,0.02490392782320257,-0.009490964489707975,0.00840297620249683,-0.0014534741606224125,-9.144035629697599e-05,0.00015761890756966774,0.0,4.702789185730695e-06,0.006918012359992638
6011,0.000546494991528781,0.0007661944533566877,0.005097709359585574,0.003631024587741028,0.0017786488274900802,0.0029663539960420393,-0.0006155811410423277,0.014328902004225104,-0.002844265747645222,0.004184885177410935,0.00021737926600818027,-0.0005320207448630885,0.041392379748494024,-0.00016225956118284815,0.0066373714310829736,-0.001058364176237102,-0.0008311741166474983,-0.002095387522949548,0.0,4.702789185730695e-06,0.010045931218676174
6012,0.03327302077772487,0.0006924241280522145,0.002591267684066704,-0.0035235500132199506,-0.003922171933199801,0.0007509240805959259,0.0029456417679480885,0.016066451827389614,-0.0005700505467234621,0.005312780949062341,0.0005862285585604742,0.00015168187492961143,0.08106974634755378,-0.011093997571931944,0.005345399029275969,0.004853203293265053,-0.00043722016661495083,0.020462636324009447,0.0,4.702789185730695e-06,0.018638228558432692
6013,0.02997126344407046,0.0008396676009012305,0.004492159515239697,-0.002641046504468705,-0.005912265105489335,0.00030197017407790735,0.0013535539140604052,0.01796512988027885,-0.0015725430346594216,0.003662952257815064,0.0003408579962126772,-0.004417529167825814,0.06130992218653829,-0.005447026391827803,0.002186334499102927,-0.0037852539866306562,-0.0002858254511898941,-0.0043269684432835735,0.0,4.702789185730695e-06,0.015471324000603658
6015,0.0323505633926024,-0.000738978372193683,0.001708806212546698,0.009216768774760613,0.0026406361872997807,-0.0005147481970653446,-0.0012253012942974525,0.01038076504465786,0.00011050750805261338,0.0032465201449547658,6.82153860577982e-05,0.0049389539100264624,0.0744178414776774,-0.008436006949571336,0.0042278899635949775,0.002597783974859373,0.0014536912626542378,0.002735202216065646,0.0,4.702789185730695e-06,0.017348788883144093
6018,0.025181955846578282,0.0007381642672724992,0.0034375008079526636,-0.0012141870398899785,0.0013022323526456659,0.0007332426220682357,-0.0014178947711371093,0.018388818179530447,0.0001432925469193079,0.0041733894552774785,0.0003909429923046746,0.002165430227564211,0.046545250741215294,-0.009329501058567165,0.004914856405598963,0.0008648211714759108,-0.0005451382717428835,-0.002570615581893044,0.0,4.702789185730695e-06,0.009222381763856919
6019,0.04222126659217679,-0.00081857944381835,0.0025103319939699465,-0.0004133135159637158,0.010194947278956637,0.0004180799532770412,0.002406930216359326,0.011215976144148262,0.005261338351609644,0.004215791957740304,0.0005556479054884901,0.007612665172021918,0.10034309335245589,-0.012946668696375669,0.010845927693964596,-0.001942738369395488,-0.0023789324790424653,-0.0042807634261347125,0.0,4.702789185730695e-06,0.028893301203319083
6021,-0.0019873353397452886,0.0008791555202127374,0.004320707092755913,-0.00020929223354215981,0.0003391078811050103,0.00140089165661084,-0.0008398377975905545,0.011763207521211686,-0.005748993917869577,0.0026040143851758218,0.00046546196705720745,0.004003119236124744,0.026946295680695256,-0.011156368443176534,0.004187296447440459,0.0019013037217136676,3.4512919813061015e-06,-0.001559062934428409,0.0,4.702789185730695e-06,0.007644326407571575
6022,-0.001197386766918942,0.0004686723076549715,0.00536570332570864,0.00720134827438764,0.001700732497818824,-0.0003262607774186546,-0.0010095380013531205,0.011682977991197357,-0.0059691159783539635,0.0032596618246343765,0.000641787327211686,0.008470246805187695,0.04126803615389328,-0.01206746612915182,0.005214348712177507,0.015414743416672878,-0.000640974178752547,0.0030495709595243586,0.0,4.702789185730695e-06,0.007297041025548102
6023,-0.00599225568258834,0.0012635245183495994,0.004909470025498662,-0.001454875884835313,0.0004147836581144553,0.0015638665134909758,0.00019945179559502452,0.012080490949342527,-0.005982569964182905,0.0032529180564829655,0.0006631337234394047,0.002279891935725891,0.021164138381399442,-0.008443414557461783,0.00406618838506077,0.001848317363179352,-0.00029088154473233654,0.0004792585168274126,0.0,4.702789185730695e-06,0.005384727727833862
6024,0.1465806453004242,0.0005900749532659776,-0.00015359399291850785,0.010467137547262334,0.04163785498076872,-0.00014794934318554886,0.006206410690849084,0.02211027858621155,0.003638564076612623,0.0065333696179111,0.005900793220658734,0.025673875584152864,0.3774050814163262,-0.013166143820324735,0.002793282441854087,0.004600313575217226,-0.004184547018647943,0.00035921722709539034,0.0,4.702789185730695e-06,0.1135920294819434
6025,0.0009418264937902791,0.0011436674960579635,0.004000692787015095,0.0011070234079939957,0.005874351222050751,0.004675623110380191,-0.001441212205071219,0.015681362834612748,0.0007122066028894156,0.0037794325866631904,0.00029432382547627016,0.018843875240957767,0.055873965172542187,0.004124580257544873,0.007320924433229874,0.0015193216282315344,-0.00029271718829524003,0.0013449607165621782,0.0,4.702789185730695e-06,0.0117230291400374
6026,-0.016160310281185686,0.00047409773839677735,0.0021373974621412086,0.0031373836277521923,0.0004995331740215483,0.00016163789425524324,0.0002029838410079636,0.0031707104715336843,0.0002308463880991872,0.000962487836210774,4.365493564431264e-06,0.005956987300550051,-0.11535877630865311,0.004651961412813381,0.003231755210651589,0.00896052024965281,0.00015132595247039114,-0.0112033558508391,0.0,3.3089151231494167e-06,-0.02859103223710319
6028,-0.015519979490237902,0.001393984919300939,0.0011903184922775162,0.006882933598944114,0.011147589671042245,0.00014274108631991966,-0.0020803219588548146,0.0013596174054136608,-0.0029240917282525912,0.001241966260620205,-0.00030376115322537243,0.034545505058823124,-0.11502056572078463,-0.002886767628035792,0.0024653608652350167,0.007261204991032254,-0.00018709976626459014,0.014839434207210182,0.0,3.3089151231494167e-06,-0.024723248983390136
7008,0.03567789726216187,0.000814860868220674,0.003333389295986347,-0.002987453779666512,0.01124095465103582,0.0017446879640019182,-0.00021361850119030608,-0.0011917956128301977,-0.011314445369383854,-0.0037076176791371093,-0.00039677568909141027,0.00813155739994135,0.032978315773917063,-0.009636940375282836,-0.00557068571902915,0.002654554073161922,-0.00013178049337997437,-0.0027004071840398018,0.0,1.8620176206047286e-05,0.007938581167998832
8001,-0.009017650929022304,-0.0011210457620348222,0.0019665185578274717,0.00018370151151916037,-0.00372569838886673,0.0026656712336593997,-0.0004031373571163497,-0.0012316128623784692,-0.000942195559815338,-0.005509662279779845,0.00046899051644511564,-0.01305419903512455,-0.02273036858487115,0.004547503762864356,0.0024204789491516113,-0.002022771300103335,-6.314599231022239e-05,-0.001208742056984307,0.0,3.370218721477705e-06,-0.0039914297344622336
8002,-0.006066954727644468,-0.0009078770604712042,0.0030716332339221705,0.0009722221683903451,-0.0012735124413446328,0.0017415921555337852,0.0006759418172523502,-0.002818007845886479,0.00026057972527194486,-0.004641115666761142,0.0010720199198997562,-0.01499911462628,0.013686555960171796,0.0032497460375488733,0.0017513764227704296,-0.0027950126000377395,4.660201124704974e-05,0.000644417360907176,0.0,4.702789185730695e-06,0.0021677630110228533
8003,9.651255617381883e-05,-0.0006733793084951067,0.004222015496431176,-0.0006810939811192196,-0.003483180566067547,0.0016920752001675112,-0.0008363472706513826,-0.0010846664292471176,0.0032347492170748814,-0.0029827015541380444,0.0005031433074253461,-0.010679265937253667,0.04682903207941112,-2.29703838593341e-05,0.007062864238447415,-0.0020961193946700644,0.00010687459747474885,-0.0009012029543458936,0.0,3.370218721477705e-06,0.007114630210628935
8004,-0.0028055192470414483,-0.0012274744138264188,0.002450455563553302,0.0002717400935559373,-0.0008328116149669852,0.00029719882969068414,0.000669809606312928,-0.001681320521793272,0.0018685792103860237,-0.0036559559297327047,0.0008891058387689878,-0.011795610458038987,0.030900366022846456,-0.0007962220230648567,-0.001941420463223084,-0.0028287912199405785,0.0005669943918250141,-0.0025947169200034206,0.0,4.702789185730695e-06,0.007283639703553488
8005,0.03869604446478633,0.0016169863514832327,0.0032403267640881807,-0.0035619982355418133,-0.007193794880409204,0.0026361598634340217,-0.0005311525090621348,-0.0009451659286274016,0.006683428794428757,-0.007864269421949475,0.0008728349011650016,-0.011870130215233955,0.06240487617142612,0.003873846397121043,0.0036377143269326864,0.022826985194456435,-1.177795560488351e-06,0.0048657212922317405,0.0,3.370218721477705e-06,0.01189469827944319
8006,-0.008268039205649575,-0.0011135406667509493,0.003026742806121598,0.000603427029806296,-0.0032412041261340365,0.002854733310309009,0.0003795867049760578,-0.0023877489214631916,-0.0018599916604182581,-0.004434809973015036,0.0006949246888948161,-0.015183043161622296,-0.002916552228848712,0.0014231518333038106,0.00284415106338541,-0.0017828001860565827,0.0004527123904982988,-0.0007504814341391011,0.0,3.370218721477705e-06,-0.0023817338434941673
8007,-0.0071514146312940076,-0.0011281279639645755,0.0025242833955395417,-0.0005907423618163259,-0.003408755178383089,0.003419318147058698,-3.1859464185921154e-05,-0.00202052748655538,-0.0011815222064869117,-0.004849635296405227,0.0008017754336823313,-0.013862310150452141,-0.004461690051564431,0.005701304796579628,-0.0022399191515128877,-0.00010255460761382822,-0.0005160267768789452,-0.001211652877780848,0.0,3.370218721477705e-06,-0.0017273511481647524
8010,-0.006214482472711768,-0.0013572976172030946,0.0039114093729444525,0.000365470929244646,-0.0014583867074943351,0.0013981109457181578,-0.0006131869395592076,-0.0034320418547004916,-0.0019999586401485284,-0.0041155361661618685,0.0009833169854344106,-0.014317924021990084,0.014353212840942415,0.0028710586402720083,0.004373895912731596,-0.0029581068159698957,0.00034448164535589855,-0.000755789194501365,0.0,4.702789185730695e-06,0.0021080120731178232
8011,-0.007786534854830028,-0.0008175636547018877,0.0031580317796354594,0.0011489080537572386,-0.002521197178813927,0.0025403715857607602,-0.0006891404700091114,-0.0025296391761358995,-0.0009205185761223692,-0.004663667385640327,0.0009883181229521998,-0.013807195516049557,-0.00018842693158293777,0.005085123236305203,0.0030637082955384154,-0.0008654081689442079,-0.0003639667802409859,-0.0021601519109522376,0.0,4.702789185730695e-06,-0.0017431648005759696
8012,-0.008019071445596687,-0.0010831959634800422,0.002920294899818336,-0.0016334024123682053,-0.003184603606852221,0.0027535960738686266,-0.000533024955996609,-0.0020823335419709378,-0.0011622628103950456,-0.004631493582431158,0.0009006920729713417,-0.013620958419994444,-0.005626535246367582,0.006171297309725573,0.002059065854634006,0.0021830874087733726,0.00031409231277618904,-0.0011992988565682847,0.0,3.370218721477705e-06,-0.0021821496783989897
8013,-0.007470535157724118,-0.00024516955298182016,0.004711139262311008,0.0010559672490976547,-0.004363466534270127,0.0012773985547066382,0.0016075838049320003,-0.0020700955223343794,-0.0006075634664599444,-0.003933288775779215,0.0010073663548843873,-0.014282598846957296,0.017911837838791772,0.0031419959611142727,0.005347860232082375,-0.0010547889196141915,-0.00018794756064817718,0.0007485743409015767,0.0,3.370218721477705e-06,0.005280392818633584
8014,-0.01111850436230657,-0.0012075247692140986,0.0035252413318424126,0.0013025471475301737,-0.0027108930328280947,0.003192368086271214,0.00023882337764937603,-0.00121655762375603,-0.0004347624657106543,-0.005591716726358444,0.0001799614960199292,-0.011572124857022898,-0.02264919489745847,0.006003606810687743,0.002038108793695173,0.0021678011534927637,-0.00015211091824221418,-0.0012436228538228067,0.0,3.370218721477705e-06,-0.0057517567128767795
8015,-0.007691771670321783,-0.0007690844352290237,0.003728642235376835,0.00035614349505966216,-0.003570832661536503,0.003430925233247279,0.00010104547833426848,-0.0019328163973180727,0.00041021207865660263,-0.0037055176733937056,0.0012254057514156315,-0.014701921032050458,0.022292181984623027,0.004761890965754501,0.004348513721366686,0.0025867582624933085,-0.00020443756288965461,-0.00040550804990891734,0.0,3.370218721477705e-06,0.007058001405257624
8017,-0.0008163406029661572,-0.0008345507330215805,0.004362424256121952,0.0030180440678867116,-0.0025722308864678163,0.0006410329629380501,-4.769372172492903e-05,-0.0006556744410200454,0.002790156671199192,-0.0024126167764965153,0.0005597688924529441,-0.0117560638310058,0.047241746683069887,0.001982231593162167,0.00782808391711925,-0.002154115310004244,0.0005961255147795503,0.0003854032728407266,0.0,3.370218721477705e-06,0.009771100791257033
8018,-0.002572749073547606,-0.000163726017809537,0.003099850498069767,-0.0003460687837792183,-0.003658434881038591,0.0013332860550254563,2.8594720515091145e-06,-0.0008862658331189302,0.0026993200108624627,-0.004386748678947772,0.0006789347395109338,-0.011695053392568775,0.04556985340960059,0.001724214995661256,0.008041559952045285,0.0014120683271966216,-0.0005281945251818295,-0.0013451728937475705,0.0,3.370218721477705e-06,0.00958683629790108
8019,-0.007699260258353703,-0.00015949557261628122,0.006933342209294985,0.001658267277053349,-0.0011883949663899986,0.0027484265545325145,0.0007895593539600326,-0.003297594432337165,-0.0007554717138966862,-0.004265949936727282,0.0009289503293757595,-0.0028068059089436373,0.016801370529369253,0.00816581429481509,0.010117909356722805,-0.0017674665145498492,-7.99853958386066e-05,0.002727427687159429,0.0,4.702789185730695e-06,0.0027792929508826877
8020,-0.005929164457431126,-1.0869884869620574e-05,0.007123460813697482,0.0007475446523182327,-0.001124570184956362,0.002577854366677399,-2.6261757905178475e-05,-0.0006755700175300561,0.00036786505501326547,-0.0030299164852740255,0.0009684782405682194,0.007632033158066514,0.029924015870556667,0.010218479317145824,0.00908504217670081,0.004989148457579053,-0.0008838289179911885,-0.0023306240888140164,0.0,4.702789185730695e-06,0.009291902218023984
8021,-0.008699763904416341,-0.0007657275981196732,0.0032173951752504804,-0.0008740574329237535,-0.004399469263336401,0.0024726136591813686,0.0015728925542022642,-0.0023887522707984822,-0.000995309936840543,-0.004614730119090447,0.0009712587921447638,-0.014522989647732824,-0.0008043809330164469,0.003237429580922724,0.003539774455712664,-0.001073336359329232,-0.0004892791986013021,0.0020925767310779283,0.0,3.370218721477705e-06,-0.0017453385384616131
8022,-0.0053927468956882765,-0.0006939188012445931,0.0032255311319080346,-0.000691930868771983,-0.004083538579564201,0.0010956926497850293,0.0008790460809209458,-0.0019066938066017779,0.0005748581396362679,-0.003671307943204406,0.0011743169238062185,-0.014380351723309395,0.02273771672171166,0.005879038566983173,0.004196463269442765,0.003829022995680068,0.0006715975553792366,-0.0009575152478022351,0.0,3.370218721477705e-06,0.00732630071189227
8023,-0.004747345855277269,-0.0009661248906036931,0.004428175588028985,0.0017657653022836192,-0.0022284537836462005,8.44893929913335e-05,0.0013370120797690916,-0.000875282196220178,0.001605891832465245,-0.0034173929340987888,0.0007192729544247007,-0.011443425409601934,0.038981146050615985,0.0003114949214801975,0.007568262840492305,-0.0018397997774195953,-5.5385994668192435e-05,-0.0025357747761343605,0.0,3.370218721477705e-06,0.007972001756573633
8024,-0.007697361127819754,-0.0006281528491246357,0.002993477548485092,0.0005588883439688227,-0.0033878515284617087,0.0023168882598570443,-0.0005248558514648322,-0.0036503304771374956,-0.0016966266742184574,-0.004343991668466046,0.0009174869995858549,-0.015050290291890901,0.010201099044569848,0.003980173328989197,0.003645700145684158,-0.0007731422863651585,-0.0005844574691377574,-0.0012068287122105992,0.0,3.370218721477705e-06,0.0011134813619652767
8025,-0.0031600920499397123,-0.0007905340715598964,0.0066408932137133085,0.001003379810508912,-0.0008052666158111118,0.0019111483170262571,0.0007450748945842412,-0.00040629528673320276,0.0024198083464707647,-0.0028270562079136252,0.0008983833061736612,0.004587211122931151,0.038271135626410324,0.009079399749183084,0.010831961940493491,0.0029008522728427764,0.0011739985844916668,-0.0031329159017095035,0.0,4.702789185730695e-06,0.008977937763701463
8026,-0.008236161206493212,-0.0005069884863576872,0.0038648033205330914,0.0009989400714264744,-0.002297202051367818,0.0021548922686980463,0.0009715810499234531,-0.002850918120720504,-0.0014888267032057807,-0.0056106426834371306,0.001035310941278238,-0.013415293000040228,0.00038854795273131706,0.005180096113336775,0.004001838460683861,-0.00043699935558612395,0.00023189397922854788,-0.0023098703865705636,0.0,4.702789185730695e-06,-0.0016347425793537943
8027,0.0004427166365724722,0.002443502854163474,0.005810374861670461,0.001954323267781838,-0.00028627849917682715,0.0007866130854682811,-0.001144653749004301,-0.0016494621262108811,0.0038002313163806637,-0.002836704567353619,0.0004511977594416968,-0.0011731399675252853,0.04407228795554675,-0.0064421422829168745,0.004850672799527637,-0.0022195363148347735,0.00021997946478052096,-0.001362439734610831,0.0,4.702789185730695e-06,0.006715523403641763
8028,-0.00933931403244775,-0.0005006812057970942,0.002758143852526624,-0.0006944936567360095,-0.003556934408125033,0.002292942429975767,7.973176120888176e-05,-0.0010063875441511845,-0.0006891305882729418,-0.005616984378488024,0.00020078271829438932,-0.014122203717496328,-0.02560824973017272,0.004165930113483404,0.0024000911932572627,-0.0010839482643879577,-0.0002834784501278635,-0.00023672752446415957,0.0,3.370218721477705e-06,-0.005389634058277707
8029,-0.00829557116494247,-0.0007962552350386364,0.004556278685402649,-0.00044441650909790315,-0.002905957406161051,0.001555455239581017,0.00045905353754201704,-0.004080706288147511,-0.0024401477987889193,-0.004221382268614667,0.0009349929993184115,-0.014943395637183325,0.013058234310402195,0.002373736585493595,0.003889963356016933,-0.0017351378325596689,2.139185090914631e-05,0.0006839496892356584,0.0,3.370218721477705e-06,0.001597090871678997
8030,-0.009780916655700916,-0.000772943148547146,0.002355075273523945,-0.0011998917381410828,-0.0038236630333992726,0.0032084272808086483,0.00028466322995817,-0.0008317474868951124,-0.000469280393150523,-0.004628328563945686,0.0007799820141661038,-0.014505429651880652,-0.009814077152669116,0.005813277745004792,0.006642916919401197,0.0036239666756368418,-0.00019857732195484703,-0.0010555549977661572,0.0,3.370218721477705e-06,-0.0020280238508333637
8031,-0.009968960017465032,-0.0013971868880695358,0.0027010902160055426,0.0011573989401672405,-0.002392935892046067,0.00249374515419639,7.495271315317415e-05,-0.0010406079185606943,-0.0014009434521334353,-0.005389190915651707,0.00015965415760158536,-0.014252769253215487,-0.023684473589857757,0.002946451254929942,0.002571520312595263,-0.001454329504474001,-0.00020445392965586206,-0.0010249555635630148,0.0,3.370218721477705e-06,-0.005710130999971726
8033,-0.010280320940979843,0.000220779869574195,0.0019526521805079365,-0.00048469703668834087,-0.0019536716533570296,0.0001708179110096757,-0.000444051500089407,-0.0009301823086120553,-0.0006499542363655896,-0.005083616545904756,0.0003649035037760418,-0.013528770029225846,-0.03155871399782579,0.003295346038476166,0.0020688948582241137,-0.0017885770701371987,-0.00020537853977703441,-0.0075888675860165435,0.0,4.702789185730695e-06,-0.006869475170236715
8034,-0.009485848388325951,-0.0011676582148795744,0.0023950952766827313,-0.0010384109144612875,-0.00409935715617733,0.00031241194780571213,-6.624741568719238e-05,-0.0013015475582061997,-0.0012989327173439813,-0.005090246598992121,0.0004694432827255683,-0.014320047578032003,-0.021725514337392948,0.005647592959787175,0.0007881238455794676,0.0026837485385393847,0.0012618234048547062,0.0002655848342705982,0.0,3.370218721477705e-06,-0.004266999971277743
8035,-0.01130109789810628,0.0010752070682512067,0.0026176237851115725,-0.0011503476853915626,-0.002954459188834448,0.002540297094576863,-0.00040573184201105343,-0.001026203784297236,-0.00028871371817001473,-0.0045924632829075825,0.0003843291063412773,-0.01373416850769927,-0.025383237725915546,0.0030047487837239926,0.002582629760068703,-0.001065679461841986,0.0004917483717381087,-0.005816813345285039,0.0,3.370218721477705e-06,-0.006906682969682286
8036,-0.00994768508203642,3.437680487105279e-05,0.0025598470997442863,0.0004993139163716986,-0.0033761383692268525,0.0022540440576923506,-0.00041815256141769817,-0.0006675982630361584,0.00028150967063471523,-0.005179349757071349,0.0008924261104053345,-0.014341492114168273,-0.026811290787551536,0.005640247094181956,0.0034750260451451424,9.75493282329448e-05,0.0003203725223522265,0.011385644702969055,0.0,3.370218721477705e-06,-0.0045698985420347445
8037,-0.010851975227698476,-0.0005815823772474242,0.004890737831437833,-0.0005501130292557727,0.0026074207220677945,0.0014134795605172366,-0.0007815900074169828,-0.0006717732457814956,-0.0001214273489895368,-0.002962007259885967,0.00019374716412776888,0.017208326871713805,-0.046102542907107295,0.006521888630583683,0.0021095027418576717,0.0031376839245013336,0.0001359291939924154,-0.013151275356486719,0.0,3.3089151231494167e-06,-0.01339592439370508
8038,-0.0107943267851973,-0.0014536562229785568,0.0020255692333091104,-0.0011356179656335289,-0.0024388282828719625,0.0023107538917645463,-0.00032282958706379055,-0.0009565073330466104,-0.0005147712810374714,-0.004774194223278238,0.00036694723767236677,-0.013193358533098264,-0.025998443697344664,0.003979770560224676,0.0018617145362417515,-0.0020873977818093373,8.809809347664108e-05,-0.0067983013753948485,0.0,3.370218721477705e-06,-0.006777424645734983
8039,-0.008893558070196959,0.0009057457282740612,0.0020936296571864945,-0.0004000078158089275,-0.003619887009137619,0.0001582318022571536,-0.00043640358700866745,-0.002346488919680436,-0.0009324548308479966,-0.005727231259110286,0.0008515821072683465,-0.01557946969485613,-0.0033832720035538097,0.0047004615039596105,0.0008343905680855859,-0.0018657147779071216,-0.0003394126120859808,0.009241687690906757,0.0,4.702789185730695e-06,-0.001980365006321216
9001,-0.004403214892530256,0.0011713962828394753,0.0061187525325452265,-0.0007281512588214903,-0.00177161931510661,0.0002887353882325761,0.0015391178380471887,-0.003965441779079707,-0.008299768799223249,0.007763306749630119,-0.0003594385871232483,-0.009357375210854143,0.018919456979645692,-0.011547642613594292,0.006675115073757433,-0.0010235890764673226,-0.0005362927574579246,-0.0004847477515630849,0.0,4.702789185730695e-06,0.005964475301538771
9002,-0.0019236820061195288,0.0008511676291340064,0.0038461609713189757,-0.0014412164340371616,-0.003542088494698803,0.0004701841006004438,0.0012800748304714505,-0.0050523927892238965,-0.009350469688776848,0.004047771465178763,-0.00021402472923020408,-0.011472598728634046,0.03414851783240803,-0.005602598410164405,-0.00015482552306811333,-0.002540120276937802,-0.00025509182750071393,-0.001868250121978582,0.0,4.702789185730695e-06,0.0069434851211137155
9005,-0.0016862241807008072,0.0014789629997760468,0.003979706941774717,-0.0016921113811803501,-0.002918046664200832,0.000766468981906323,0.0010171836290498969,-0.004583488401855916,-0.008978389543706026,0.004140393161281141,-0.00037587485048751944,-0.010652281989312114,0.02792673547918231,-0.008865933153321577,-0.0006950487399395053,-0.0024366466600111943,0.0016566731450234093,0.002069810738722476,0.0,4.702789185730695e-06,0.004782256895798249
9006,-0.0030552681644413692,6.672757550673751e-05,0.0037695637522058723,-0.0029977764150331777,-0.0019008370606050857,0.0005291946157544186,0.0011790374841382362,-0.003976856540040315,-0.008422822973258455,0.005776335008427769,-0.0003248861118302604,-0.014329500656508065,0.02195510724198561,-0.005820651555131755,0.00012101642086982079,-0.0020360178764246466,-0.0003806534228331786,-0.002208385997004778,0.0,4.702789185730695e-06,0.005129627413707914
9007,-0.00490797802361263,0.000930692403801792,0.005964666366512382,0.001043432739839944,-0.0030556549494297923,0.00029954711728034597,0.0017876611707664204,-0.0035854695589548884,-0.006089763872498539,0.006889589504322243,-0.00046532889181103966,-0.011938192252497218,0.020222932135892883,-0.00848846575470214,0.008490464322203297,-0.00036678763732844337,-0.00027668815319014105,-0.001568830639160601,0.0,3.370218721477705e-06,0.0064395632872240715
9008,-0.0005246812239347555,-0.0007349957834849776,0.005182509408665307,-0.0007970929654831131,-0.003848917983796441,0.0002639564185089899,0.0016048083739775342,-0.004336516957681064,-0.008819748733668266,0.0038532964752388383,-0.0002878422822407787,-0.009984568194415405,0.03439089314475182,-0.007473456848611387,0.002705809100163381,-0.0020506148487611313,0.0002768450358453645,-0.0017287358663052776,0.0,3.370218721477705e-06,0.00684557755376573
9009,-0.005655108795967169,0.0013225246666101742,0.005275845864371869,-0.002597533466718828,-0.0018543640789963336,0.00094966233803905,0.0016899245770247027,-0.003118139456070841,-0.005121706493415565,0.008691985346125398,-0.00047315697526680397,-0.012111316015977409,0.015015628408064707,-0.008681442548595271,0.006589690125868281,-0.0006033448918069176,-5.518440777210717e-05,0.0035699317382086346,0.0,4.702789185730695e-06,0.003123849806042722
9010,-0.0009672593524604722,0.0006875918096792227,0.006058237047941615,-0.002869142086717589,-0.0030619722473203834,0.0011813263126407463,0.0011477703411151036,-0.005823207523302972,-0.00933939181768933,0.0036600260675119494,-0.0002537686620149465,-0.008359172171717612,0.035954172816728594,-0.010894540585080046,0.0094464343448441,-0.001934738566391211,-0.0004349514468666391,-0.0012831206589662002,0.0,4.702789185730695e-06,0.006951781806513898
9011,-0.00045478760093143965,-0.0005109590472926352,0.0064299917892721775,-0.00290856857637472,-0.004421665357894177,0.000262301684090792,0.0015909827177037084,-0.0034245705880808666,-0.007862516858730169,0.005311321229795821,-0.00029775694863168014,-0.009671252548382869,0.031203777119344807,-0.009509187194162385,0.010543341761190884,-0.0018924316322726559,-0.00018205710526722287,0.0004935431437016436,0.0,3.370218721477705e-06,0.006359642348711808
9012,-0.004723261600005869,0.0009877019531645973,0.00508632990115918,-0.002245758222426925,-0.0018112667255271826,0.0016849745106776893,-0.0004568716907549241,-0.0036314438739096237,-0.0061202528010103705,0.007531800090722125,-0.00043334045150518436,-0.010569863656043794,0.014405067498036944,-0.009990744986701454,0.005793541773524281,-0.0016449843083517631,-0.0008037267506116868,-0.0014349402551691356,0.0,4.702789185730695e-06,0.0029687020310142464
9014,-0.0028075684259551395,0.00039126637489135226,0.0031788218710844377,-0.001108390924030861,-0.00181436151919492,9.289274579392666e-05,0.0010848817114434083,-0.004245398325722267,-0.00826443606318017,0.006041573196771438,-0.00038803058930013927,-0.013308340074378434,0.018502617721303995,-0.007634087575013158,-0.0009572639531948955,-0.0017793534868024204,-0.0004902895018937123,0.0024798778928307634,0.0,4.702789185730695e-06,0.0043600899714101304
9019,-0.004208808823930781,0.0011472418383277746,0.005366770681669151,-0.000225872527882707,-0.004171317217551569,0.0016803341854231349,-0.000820810058050087,-0.0007828531799697338,-0.004180872992410693,0.006246391412998074,-0.0005129746115918956,-0.012301530125536416,0.015236539890810526,-0.0025520285997944836,0.005761112308861701,-0.0002720570243618678,0.0006237873089684838,-0.002391064180481268,0.0,3.370218721477705e-06,0.0031023174598999175
9020,-0.0017198490970211796,0.0010654492547444282,0.005069921055595517,-0.0012132342407213874,0.0001988374438576708,0.000359809801948137,-0.0005817754107209306,-0.0033714133674561664,-0.005655886248002991,0.00611807929904062,-0.0003174609906625836,-0.012211783920124092,0.019833256889057328,-0.004975840821426412,0.0068604094371419126,-0.0013745582306428704,0.00021487880486925742,-0.002476876975201696,0.0,4.702789185730695e-06,0.0060446027696217375
9024,-0.0018131985803863044,0.0005761362137417816,0.004911886962585546,-0.0011896696074281082,0.002010839196001917,0.001457890516273595,0.0017741003343537216,-0.001846928141725152,-0.008342406231400897,0.005857440580704676,-0.00014680045193051424,0.003675049744576109,0.028415367673129136,-0.00568755834172382,0.006621648274266598,-0.0006516540547571112,-0.0011294939485907217,-0.002098513275641427,0.0,4.702789185730695e-06,0.006927138857346572
9025,0.0009314060276696787,-0.0007617609320012394,0.0076471339394926915,-0.001375564081131529,-0.003870841582158663,0.0007401278246379789,0.0016391055923559517,-0.002437726815153452,-0.011171625865711132,0.002751216662240486,-0.00018233510166518392,0.0021260168440148195,0.03904706932712564,-0.0035605949212832075,0.005052036427190564,0.0021998977406085043,-0.000238936472111764,-0.0019469083511288766,0.0,3.370218721477705e-06,0.008012646523045045
9026,-0.0004055559684969513,0.0009418417497889957,0.007790788792014121,-0.0018200942938327313,-0.002437974629698616,0.0010682585447536867,0.0007723879658425706,-0.00342731719892294,-0.008015371154474555,0.004096886144428157,-0.0002186752140819926,-0.0024714061478753315,0.03250900332572448,-0.0063206362526880885,0.007597255577101115,0.00015514454306759742,-0.0005508217452742575,-0.002117455595348203,0.0,4.702789185730695e-06,0.006701027226532674
9029,-0.0021306532019367596,0.0011302324742039278,0.004724157285893214,-0.0015395315835690696,-0.0016613521139931917,0.0009228989529424019,0.0005980715495601968,-0.001206964504016041,-0.004275479859919048,0.007671992409024723,-0.000902061319369166,-0.010421316069543963,0.019503861150674665,-0.006173517902974269,0.008244758853776913,-0.0016709839550916772,-0.000625403502049558,0.023904582065072413,0.0,4.702789185730695e-06,0.004026855082833981
9030,-0.004122757625662094,0.0010742539101669414,0.005059151979898232,-0.0009763850553232416,-0.001223073490454573,0.0008740118856829253,-0.000771881583435821,-0.0028229726460546316,-0.006965718122301622,0.0060952067158560885,-0.0006316353864990105,-0.010805305140053043,0.018411670754201973,-0.008061595791049788,0.007156497337622809,-0.0006824826435287086,-0.000640078680323793,-0.0015836138645015027,0.0,4.702789185730695e-06,0.0050533099552996915
9031,-0.0018399406181596003,0.000187938183181027,0.006070608821465212,-0.0032448401328675157,-0.0026947117510111554,0.00029394718229961016,0.001947956306860259,-0.00400560660815414,-0.008032227961841113,0.005651419402330948,-0.00030737731169848246,-0.009797343484086106,0.0290431331183642,-0.011014936723221676,0.010158931693744482,-0.0014820544853610732,-0.0006960947381489078,0.0008766062103881886,0.0,4.702789185730695e-06,0.005942658915498746
9032,-0.005042187755984442,0.000523289881288259,0.006411212665024346,-0.00026929092173352907,-0.0024418923518687544,0.001341848350679256,0.00032818570128285464,-0.003123701305744711,-0.007412278179486786,0.004881113092095174,-0.0003047106656522382,0.0015637088863214815,0.019467138781935425,-0.009601591168810394,0.003360705585092482,0.002044468305396198,-0.00032872929532085934,0.0016137678140773978,0.0,4.702789185730695e-06,0.0038940759690923488
9033,-0.004946365462010232,0.0004904956924003797,0.002883102015737095,-0.0004336495562636505,-0.005617126467743489,0.001575379250026314,0.0011289796094548438,-0.0008602744838999232,-0.0060564440116189135,0.00618212498684244,-0.0003573768865930404,-0.014469123682007715,0.014457133380724714,-0.0012584216971366056,-3.029314283373619e-06,0.0033597511874669823,-0.0007282077572721268,0.00038098201503955926,0.0,3.370218721477705e-06,0.0031834397110569487
9034,-0.007143916649082054,0.0006529023435438194,0.007694680542482344,-0.000777324833895483,0.0065736087668286924,0.001416672684851528,0.0031915012036320255,-0.0007117072681264574,-0.00425145547034474,0.009454632944268394,-0.000356640632820528,0.0014145890267759904,0.017622469981687927,0.00013076647131780945,0.005427144243705691,-0.0017314572441781203,-7.52887694809181e-05,0.007980890036625684,0.0,4.702789185730695e-06,0.0033019421177867972
9035,-0.004893756032055848,0.0007976963283559173,0.003115662960901018,-0.0011393962517460556,-0.0042753605725994286,0.0011185265513399452,0.0012891461317791734,-0.002153477330924712,-0.007549228311656924,0.006262282713990743,-0.00034362433638727893,-0.014250833054216134,0.019263602975574126,-0.004032987512545346,-0.0010306834845369081,-0.00024109552445345398,-0.0003721902675074524,-0.0019007515991719304,0.0,3.370218721477705e-06,0.005604417889299993
9036,-0.0015091007069516092,0.0017714919868267876,0.00639069590828223,-0.0025433290266104512,-0.001962728117983687,0.0012943512760888005,-0.00010948629380872452,-0.0028415092740823105,-0.007972431986079597,0.00618537549375787,-0.00021741095296978871,-0.0024200150198509167,0.02025147266695683,-0.01098175164988638,0.0007889644790654901,-0.001992835531844598,-0.0003096362732779763,-0.0013669045496856494,0.0,4.702789185730695e-06,0.005514546206535929
9039,-0.005127860359350588,0.0006284181757691303,0.005352426872973684,0.0012523171791032394,-0.005897835507476052,0.0014522683895628976,0.002016056366305779,-0.0005971966467786884,-0.004935346735734102,0.005503549767821091,-0.0005322620196886879,-0.01035045335462979,0.016733491447153637,-0.00024159017179225262,0.00643642992837754,0.001832805125303603,0.00011635031581750898,0.0037918999789624402,0.0,3.370218721477705e-06,0.0030515885413331632
10001,-0.004662940827791639,0.001157412153183827,0.00448476134241009,-0.0026322515165585992,0.0006389326429074179,0.0008786923632245338,-0.0003797894078897868,0.0005530768371354441,-0.007442365844900082,0.0002927127344873962,-0.0004417266200311503,0.001069249891325139,0.018316630666295325,-0.006257721413392174,-0.0031034369138110236,-0.0016042552433328879,-6.0259074369715464e-05,-0.0012065263816967294,0.0,1.8620176206047286e-05,0.005530948885358249
10006,0.005740404475905971,-0.0010995223561648122,0.0036628673743512303,-0.002106949382017236,-0.002074669391827175,0.0008564932882311831,-0.0004580055022981043,-0.0019322761344178103,-0.00981335183891331,0.00011435235117111895,-0.00026195360855195096,-8.673759674268462e-05,0.034349558785554395,-0.009255311782621798,-0.003229250166643372,-0.0006299734332338707,-9.043968261429448e-06,0.00292576640320368,0.0,1.8620176206047286e-05,0.007253754053295353
10010,0.0004599212677817257,-0.0007854470010836712,0.002492776183295412,-0.0014537028822653947,-0.0030831204185555175,0.00042710509245186273,-0.00012116278329866698,-0.003732193092902259,-0.010657072695740094,0.00016645215960577067,-0.0002507292501466359,-0.010098082493152723,0.03423055795865031,-0.006510156445326776,-0.006296908551557521,-0.003002089803509552,-0.00044944364196176944,-0.0015260272145481187,0.0,1.8620176206047286e-05,0.0067899090585923395
10013,0.00026120964365717914,-0.00016951911671667143,0.002363608025390529,-0.0022478769679180085,-0.003126544082076889,0.0009101898539982591,0.0004497252448357103,-0.004791647837794679,-0.011290445677165343,0.0006889407373439594,-0.00022788478350165765,-0.009015571366693209,0.034631009756964405,-0.008845910776065148,-0.004230509095505229,-0.004545885424913734,-0.0009929033317200937,-0.0020460321531234876,0.0,1.8620176206047286e-05,0.006448788218130962
10016,9.334730595169418e-05,0.0009568694601239258,0.004786764982607957,-0.0032076444673875,0.0002985263790632152,0.0011971417404877463,0.000922438771699351,-0.0019719949699964065,-0.009971843963753226,0.0015114952541056153,-0.0003312545893263806,0.012400431930666556,0.024515517801400568,-0.009552251667039055,-0.0011000024012062964,0.002854635990554831,0.00014402714741777715,-0.0015968529579710406,0.0,1.8620176206047286e-05,0.0057626116425501875
10018,-0.0015156865114048174,-7.504885674536018e-05,0.0023592095801671406,-0.0020526094986335463,-0.002698046013259334,0.00030431789397174393,-3.0574077904952694e-05,-0.004233323478093937,-0.01006967593547709,0.000622813627269842,-0.00029261274408294254,-0.010084685177328967,0.031794361996637155,-0.00903238924762462,-0.00400593447948972,-0.0028741839038728166,-0.0003540845750559043,-0.0014856378667212867,0.0,1.8620176206047286e-05,0.006342452597629333
10019,-0.0018222194254965767,0.0018022980591743943,0.004699584184923214,-0.002499532985168548,-0.0017984504293304111,0.0015903569912264675,-0.00027363138256384896,-0.0007286259423234899,-0.008729573785174185,0.0005193807310120975,-0.00047836013677808175,-0.002802612277749254,0.019402718716368297,-0.008776575411770616,-0.003050138732468107,-0.0002843455414786391,-0.00043690959563680716,0.0015900883699105852,0.0,1.8620176206047286e-05,0.005294922313301302
10021,-0.0003160594573740366,-0.001394912421913518,0.0035594211942700416,-0.001814494531029634,-0.0005746477969450527,0.0006497846828871745,-0.00013341583304299535,-0.0008845376702355203,-0.006824914443033011,0.001292365408608839,-0.0008959415738163592,0.0033812013986579963,0.0267084940209423,-0.005647982001084075,-0.002209674992226313,0.0021299169754276084,-0.00041472948161878925,0.02440136017322325,0.0,1.8620176206047286e-05,0.005738839273347467
10022,-0.0016443671172102932,0.0017792141986244143,0.001751210933791892,-0.0030303767128143882,-0.0028507294988163088,0.00038955120161737495,-0.00012086607751545094,-0.0030387314162072746,-0.009949397208848038,0.000302613294540432,-0.0003243916311204767,-0.01059917581443819,0.027920050842310227,-0.008229314438635725,-0.003645234994022665,-0.002410797968728203,0.001703115227798795,-0.0011684457361466828,0.0,1.8620176206047286e-05,0.005614292554417347
10024,-0.002174885388625607,0.0010430582025021116,0.0017872457042917588,-0.0008370626529871811,-0.0009807176300114504,0.00015013351194812194,-0.00033149326666223177,-0.0025605143548799243,-0.008946339165178504,0.00028065346859104293,-0.0003792707900477042,-0.010028362805699853,0.025140086184664626,-0.009247261134127306,-0.0035573045550564737,-0.00208359213287025,-0.0003919938327854724,-0.0019505125273319966,0.0,1.8620176206047286e-05,0.006036597307773602
10026,-0.001836701388207556,0.0010317547196880962,0.002413449041472869,-0.0011100743144638386,-0.0021732628849772022,0.0003895855626302299,-0.0004166101496468661,-0.002494677522637236,-0.009299645963599404,0.00032517285796496566,-0.00032592743186666005,-0.007778909567154186,0.02537754221334638,-0.008994939480786644,-0.004297785037037005,-0.002431805508860989,-0.00030265429838163534,-0.0018689457898724718,0.0,1.8620176206047286e-05,0.005858104587994875
10029,-0.0012278136203564393,0.0014562479008224584,0.005062665073500457,-0.0021236608185309803,-0.00234012279484129,0.0002534126842469549,-0.00033325809732004006,-0.0022657248218407736,-0.009415376277755998,0.0006552536389360025,-0.0003314392193378253,-0.0024840108080481597,0.03052577362103636,-0.005051246319121994,-0.001315353390012503,-0.0024013382461524546,0.0005333263374727033,-0.0017748608548969348,0.0,1.8620176206047286e-05,0.005557607144442655
10030,-0.002474579378066043,-0.0005028109395110531,0.0033962950537663127,-0.0034238223603339788,0.0035564879249871417,0.0001276187884725717,2.6593377839245562e-05,-0.00031828366492634086,-0.008240443858408334,0.001262582917943184,-0.0006351936405440045,0.0042136719465235275,0.01447045172694741,-0.007738743777083158,-0.002272378002599494,0.00030824721867200996,0.0008764245006287597,0.0017321915993518794,0.0,1.8620176206047286e-05,0.004964252007733021
10031,0.0065582339679292,0.0010139463075254111,0.0022705658260272306,-0.0030580935701469626,-0.004799458758006887,0.0001499398793992473,-0.00025611269054078424,-0.0034415158965619115,-0.010618085676040208,0.0003428328962070451,-0.00017377964272376062,-0.011685184719270532,0.03196608695250115,-0.005050298938420399,-0.004396969680647318,-0.003174317937110198,-0.0004974215585742261,-0.0018168285404760011,0.0,9.742496819127988e-06,0.00663170994833189
10033,-0.0013458179286527333,-9.413175644603875e-05,0.0023408715946844046,-0.002665831463279844,-0.004433485142226594,0.00011429286347069216,-3.852553011563059e-05,-0.0041086789888802495,-0.009779842448851264,0.00037467824828380647,-0.0002618990078811034,-0.010072457692818998,0.03198176639744858,-0.00777046285147729,-0.005007491655844405,-0.0029980666740566137,-0.0005290355151906788,0.0008818969243869642,0.0,9.742496819127988e-06,0.0060307465304983475
11001,-0.007720135045246602,-0.001676943225656727,0.0019238470748752943,-0.0003033869626350699,-0.00406678166853456,0.00020392399493161963,-0.00037248280469114487,-0.0007534864844922848,-0.0019219878611607707,-0.003732706249432953,-0.0005440682070256642,-0.016400426928516662,-0.005700706218014825,0.0026997396533864097,5.642228068036877e-05,-0.0017620901169849378,-0.0003058409575712606,0.002017043196388925,0.0,3.370218721477705e-06,-0.002550265343721002
11002,-0.008842936214757081,-0.001045162677329385,0.002822726197546031,5.696612884482205e-05,-0.00597711223340961,0.00034488979760673616,-0.00015645271040020585,-0.0014936938979594702,-0.0006849256603799758,-0.0029718553571933953,-0.000365072563361683,-0.012635023059325578,-0.012187921140838998,0.007026867732109096,8.645668852144835e-05,0.003231686109399632,0.0003588208562638219,0.005671059603258968,0.0,3.370218721477705e-06,-0.003191904890499172
11003,-0.00818508046244471,0.00114196527934899,0.0058902842943129126,0.0020442177510001163,-0.004182790441828369,0.0001389752246088438,-0.0002496660601618493,-0.00024695787744200064,0.0004661935539284663,-0.003449165972785113,-0.00017484878029086978,-0.0028288773360404724,0.004652732403367982,-0.003978912510646919,0.00012079520634283014,0.0017669445776320888,-0.00038647226333519486,0.04467568170194274,0.0,3.4530377734260545e-06,-0.0008740759238395828
11004,-0.0037343196473316785,-0.0004566646692249745,0.003405455905284408,-4.6772420234150624e-05,-0.0004974391629416092,3.4137862451655714e-05,-0.000565172435963005,0.00014159886212586285,0.001090300226488658,-0.0013844721221526323,-0.0005881845382845855,-0.012376293884185747,0.030046736549604814,0.006552619509599261,0.0066100935751520675,-0.0015148793637474497,-0.00043201834636390907,0.035195219006496394,0.0,4.702789185730695e-06,0.007446378794434203
11005,-0.0084132095101442,-0.0006386009803179445,0.002111844365566807,0.0005967218939945948,-0.005615342854937716,0.002214990176735449,-0.0002909012680104334,-0.001203004685271924,0.0011167973234841538,-0.0025134527644476196,-0.0007567938474742385,-0.01579019136767599,0.00196504102658,0.007042265592984412,-0.00018949653615241087,-0.0007773521235031686,-0.00010040211629917765,0.021619109251266807,0.0,3.370218721477705e-06,-0.0038549119381009675
11006,-0.009748305363077766,-0.0023379372083161746,0.002505414674538022,-0.0005177669476676744,-0.0031498635839111054,3.7460440106036566e-05,0.0006279557260841934,-0.0005758708069427841,-0.0012894433297632206,-0.0040900099074986755,-0.0007433817249699013,-0.01267843817000527,-0.025107557776223074,-0.0009408365858752982,-0.00027650599647608787,-0.0007068479734047327,0.0005904191375488132,0.010780825240996886,0.0,4.702789185730695e-06,-0.005254779550776171
11007,-0.007937326441086185,-7.254665518274186e-05,0.003927242579436917,-0.0005138970144301924,-0.00048804550672904804,0.0029125866514345634,0.0006510475221828886,-0.002073446986468345,0.00022118057305080588,-0.002944896208703541,-0.0008489275461037846,-0.013137468625131881,0.014231229353926362,0.0063228963321635655,-0.0019069070747547066,-0.0025899010032540606,-0.0006925902291931525,0.014235910775385994,0.0,4.702789185730695e-06,0.0026287167007834587
11008,-0.0076272123529033346,0.0005804403136089934,0.0030592362155323362,0.0006993247784756859,-0.004264644327089877,0.00014722598208311472,0.0009025983456465533,0.0004571441121067598,-0.0015237752637298812,-0.0029395639669705827,-0.0008336663666054788,-0.01592442550651125,0.014561708559351249,0.000828796252396482,0.0004262579546735743,-0.0017727072055184194,8.448604264766627e-05,0.003216450783677896,0.0,3.370218721477705e-06,0.001524103415686844
11009,-0.007028652809724505,-0.0011433712979393297,0.004379632871259727,0.002576793680169241,0.0060474981980526065,0.0006037741775916447,0.0030150213006084827,-0.0010677697043025222,-0.0036105772352355704,-0.0007430819174770768,-0.00023354974937599412,0.019336736595032853,0.005373830032901325,-0.005637514062162145,-0.0013864168812270203,0.004561071439591397,0.0009622196301251841,0.01568104918745873,0.0,4.702789185730695e-06,-0.0012081914012289526
11010,-0.008900290460751466,0.0014430607316011773,0.0032142713357654713,0.0014853688367115047,-0.004041918665252746,0.013020341862213604,0.0004949936026273043,-0.0010927147050997091,-0.0018422220447853945,-0.004231431872697247,0.00027983414396768805,-0.006835983545745852,-0.011364832784143991,-0.004335284081317814,-0.0015848595962507889,0.002374473608641059,-0.0003409492187817117,-0.0010583678407759982,0.0,3.370218721477705e-06,-0.0027793168275815853
11011,-0.00893219071137332,-0.0013841428805764042,0.0022372957271793864,-2.6923264347848234e-05,-0.008028712249205379,0.0005669967740987316,0.006439649099343493,7.585571323729081e-05,0.001808778042665644,-0.003975630344027885,-0.0002920536779280474,-0.013278410276634837,-0.0069597285497759575,0.0033084347997464464,-0.0016664776277861303,-0.000551802099484582,6.627162296175319e-05,0.03614664736959283,0.0,2.669029996396404e-06,-0.003991949171039079
11012,-0.011839052020754021,-0.0007340585138895466,0.0025156517971941174,-0.0003624747055080385,-0.0032256488679226133,0.0002574543199854321,-0.0003522022067117641,0.0002388224024363555,-0.0010299825988839173,-0.0015626802661747902,-2.7088157874053485e-06,-0.01033378115724486,-0.06768262382588601,-0.0023968399465279606,0.0012983398673555326,0.0016505944274197142,-0.0009372467155217609,0.03701767113129316,0.0,2.1426449529340457e-06,-0.014876939024331785
11013,-0.007225334968843089,0.0007227729100314356,0.002567868805180771,-0.0001420430433921915,-0.00500605058688727,0.000664765062337338,-0.0001346524709896226,-0.0005259707910050104,-0.0010011730717649143,-0.0032547441261868587,-0.000983789640084716,-0.01656260140131935,-0.0009161747516384645,0.003958952832184182,-2.527054573980902e-05,-0.000219385618617462,-0.0009141248996097641,0.003311764716047973,0.0,3.370218721477705e-06,-0.0022204425767465576
11014,-0.007182066511024346,0.0020057671407148797,0.002486093858986668,-0.0018877175968549452,-0.0052597558857435615,0.0020967011800484612,-0.00011865617673360656,0.0006557415276094501,-0.002161941973955832,-0.002372832090979431,-0.00046988729266944163,-0.017111335622677873,0.015089657856329802,0.002863460383763387,0.0009070948894147251,0.003642343114234626,-0.0006493208570036514,0.003981941504339239,0.0,3.370218721477705e-06,0.0017147214589103698
11015,-0.007209875665504193,0.0011590951640166576,0.002289639485115823,0.0005219518796495484,-0.005095662958058653,9.165173357132651e-05,0.0007925130480959389,-2.3788417946776966e-05,0.002899060034864105,-0.0027528733845235153,-0.0002363199321351164,-0.013983641314920433,0.02729775446127159,0.005898973732238073,-0.0006106022681493773,-0.0026850920153789356,4.192080378426386e-05,0.030023969074769525,0.0,3.370218721477705e-06,0.007319006694661826
11016,-0.006739627492208541,-0.0006202276341829436,0.0026470261273189087,0.0019061188969708043,-0.005490205512383351,0.0024392675884419303,0.0020443458431870756,-0.001325253681005496,0.002473813328515646,-0.0025923567436444625,-0.00042245851312733014,-0.014941053126662582,0.01769107985797116,0.006618260321264578,0.0017606214662721916,-0.0016367567612425667,-9.48984370608909e-06,0.04179542590149112,0.0,2.669029996396404e-06,0.0030012505852861156
11017,-0.007524021189399121,-0.001033384233184454,0.004313942459441819,0.0007174467998606647,-0.0025404107866189474,0.0026784915953930385,0.0010581802375961452,-0.00120390395892276,-0.0005381126792273228,-0.003631404390764074,-0.0007247759561422199,-0.013970767442033686,-0.0011357847891332715,0.005868276941187106,0.0019644897635258227,-0.00047272805325611746,8.879925846697864e-05,0.0037101038146043585,0.0,4.702789185730695e-06,-0.002259332535370222
11018,-0.008200990409947321,-0.0009735874565826078,0.0020598019324632256,-0.0013009957833495945,-0.0044970115218178185,0.0005030976828849264,-0.00022419384682658867,-0.0007828092899913067,-0.0026051232661895483,-0.0028407487972680876,-0.0006296191186232609,-0.015542109669137792,-0.0037001920337288215,0.003042974719633899,-4.637504578902193e-05,0.0023738683213562757,0.00012198136215248371,-0.0010359356730811026,0.0,3.370218721477705e-06,-0.002813916938535983
11019,-0.007555476048141685,0.0006623705221572751,0.002214746785290477,-0.0004635532043998906,-0.004782319766300306,0.000614065388834335,0.000633859853913889,-0.0009680008708791273,-0.0004070957191522232,-0.003125982170309127,-0.0005419449207072619,-0.013595806723222682,0.01927052390591381,0.004458058742938769,-0.0034362669680469524,-0.0013811591670248179,-0.00025220647600832926,0.019403985434252626,0.0,3.370218721477705e-06,0.002662745512305517
11020,-0.009541843733121615,-0.001486564805224172,0.004909406796259441,-0.0014949302693474888,-0.004262565178605895,0.013278678677220435,-4.5059554543925215e-05,-0.00027266188577092796,-0.00042549641883555736,-0.0051123122866629876,0.003026721855525383,0.0019754420580026747,-0.02575685059220848,0.0017637304476965908,0.0074978326767478,0.0021132543216463595,-0.0005959715061151185,0.046788014433380945,0.0,3.4530377734260545e-06,-0.005178269111546164
11021,-0.008580393913806328,-0.0014400680488170774,0.004529816090673121,0.00013000257273354732,-0.003849895506900206,0.00010407272483404995,0.0016233008901057582,-0.0005599556233473403,0.0008116809218978307,-0.0037112142543150326,-6.157483668012802e-05,-0.005768752071761931,-0.03930412692278866,0.00034273921425267013,-0.0025288820240000178,0.002190721656821539,0.00011759318112699357,0.02489500743067887,0.0,3.4530377734260545e-06,-0.006650103649509253
11022,-0.007595299444488483,0.0001046586186323557,0.0057115788465526085,0.00101014826269058,-0.0004133032828007272,0.0015136563807774824,0.0011832084280372192,-0.000760711794605421,0.003553442747076581,-0.0022913188008339487,-0.0005834411305592245,0.0010975555677116614,0.02986360798463887,0.013413983584773453,0.002231366752000045,0.004396234075640559,-0.0007105247515625214,0.021501052780744143,0.0,4.702789185730695e-06,0.008361815169800411
11023,-0.002908483137863663,-0.001491926561496698,0.004618315703590685,-0.0008407400100742462,0.0020804626958035176,0.0012320722646054646,-0.0001928661477341221,-0.0013667464445192466,0.002969749017114297,-0.0021073219768444917,-0.00015159733417213257,0.002922342619152035,0.027514900560478166,-0.0014277822747060084,-0.002326037061121539,0.0037487621819326062,0.0006747991752879705,0.04692834084615312,0.0,3.4530377734260545e-06,0.005658768467340424
11024,-0.008213382662744306,0.0014859038541874937,0.004947925678302436,-0.0010258085993238156,0.0007497961490863557,0.00010624990601893583,5.0686565016718744e-05,-0.00017272640474757917,0.00047345828591063843,-0.0034743663386440572,1.6675495021132635e-05,0.016287823988717608,-0.021581289820696948,-0.001561071243732314,-4.654949903098843e-05,0.002347055259667785,-0.0003523219272269615,0.02899631552229027,0.0,3.4530377734260545e-06,-0.0047557152601855
11026,-0.010245004883633757,-0.0010866340922424493,0.0020890677057074343,-0.0010101894462219464,-0.0040085573868073885,0.0006134152471261646,-0.0003528504672394941,-0.0008963580745540445,-0.0009539692412937564,-0.00334388944396664,-0.00037423787862676393,-0.015804160731235476,-0.015714816923284927,0.005668258288472889,0.001101382727769056,-0.0007497413360464433,-0.0004886468576727167,0.009868564761025687,0.0,3.370218721477705e-06,-0.0035110354270550897
11027,-0.006873106560951177,-0.0003472945155622625,0.002874943400472381,-2.4123393674161896e-05,-0.00458975206466413,0.00042042142095116285,0.000603133666685512,-0.0010296725001158443,0.0008127503314122569,-0.00207205580172722,-0.0007998005876058344,-0.015471897230220992,0.018143459487185973,0.00746151186842825,0.0002134872760018612,-0.0010340753696583154,-0.000990237825864889,0.026539823713553713,0.0,3.370218721477705e-06,0.00348419460245631
11029,-0.00755193913562312,0.0008664181850780824,0.0038157460952189027,0.0008790031973133667,-0.002554108317301614,0.003550743250657691,-0.00017425247571683163,0.0001692053727204722,-0.0019357402981157014,-0.0027730016470598746,-0.0007948415416069021,-0.016369952808591142,0.014923327698940215,0.0013326668778830047,0.005116309826264432,-0.0015059968229479712,9.242468117062298e-05,0.004373028281039326,0.0,4.702789185730695e-06,0.001955496912826133
11030,-0.006576856549204887,-0.0012342728191263367,0.0041803881474229455,-0.001705629461193492,0.0021233798969985747,0.00017654423088529411,0.0025210529325952443,-0.0031288525652569195,-0.0015616316410381182,-0.0012982470706607509,0.0039205119149089696,0.015180638803002794,0.006203563646239942,-0.0015252760733391875,-0.0012025603895416033,0.004779608354071126,0.028667237929205957,0.06221426518660092,0.0,3.4530377734260545e-06,-0.002806893612127466
11031,-0.010890322041116503,0.0005990719921912405,0.0016752742559423728,0.0005360231036907836,-7.95408020595424e-05,0.0004956284285717176,-0.00031238065684418697,-0.00019044730069971882,-0.0006609273077128244,-0.0006201656183109686,-0.00018656412619416418,0.018538244381666978,-0.07199073956369396,-0.0031474179092628313,-0.0012563223948843375,0.00351781365876163,-7.464032223855984e-05,0.014080416447670987,0.0,3.3089151231494167e-06,-0.016810767944837372
12001,-0.006157983444082446,0.0017585220463773707,0.0036070232674496553,-0.003986295538080327,0.005303304306541472,0.0009009407915287156,-0.00021021816379177702,-0.003839837421974517,-0.006583215369022678,0.001856498925572517,0.000647996857354719,0.014125211762456485,0.019321899718355785,-0.009159908861811252,5.0530261536770606e-05,-0.0019761660800428483,-0.0003150583878886536,-0.0016645152208187434,0.0,4.702789185730695e-06,0.005114279582791413
12002,-0.005725009744382673,-0.001355465439694071,0.0035111242284853847,-0.004875438163864873,0.003271696279045567,0.0008340378297881138,-0.000596141520172481,-0.003955363253470702,-0.006318932498108906,0.002045938484959687,0.00046808013216288193,0.013907301982396585,0.016291708290259076,-0.007274721342782757,-0.00034357695397147246,-0.0022683049658756707,-0.0006760464164349062,-0.0020428729231677036,0.0,4.702789185730695e-06,0.003087165559234899
12003,-0.00861427991179377,0.00010416932846932915,0.006293182964481425,-0.00025546841705279883,0.005523590890632446,0.003180545278857212,-0.0010851774168761051,-0.002374505317245015,-0.0039185494263247285,0.003825673091650309,0.0004945099149192994,-0.000543981667989534,-0.004772792654959944,0.0005419820934010269,0.0008013607715948374,-0.0007094146953510121,0.001222972133609276,0.0010747869769455025,0.0,4.702789185730695e-06,-0.0016450989013431247
12004,-0.0013172982200384657,0.0016277277546508583,0.002332488335155161,0.00016818338082468906,0.0011005784159302395,0.000908664428428591,-0.0004909145152857739,-0.003287003340151509,-0.005435150922396282,0.0013612837220517034,0.000984334900851067,0.015395619592771404,0.01752145494055642,-0.003698814125720237,7.716878621366082e-05,0.0003747507624890932,-0.0005379052398903427,-0.001089406757395925,0.0,4.702789185730695e-06,0.0032953496284453565
12005,0.0337668087091209,0.0017680645685105795,0.002878673210287894,-0.0009388262177120663,0.00039541055893745807,0.00015881415286186633,-0.00040822222752566933,-0.004996928950370864,-0.007800565711068903,-0.00020188083290522345,0.0007948195133223086,-0.008648219158148408,0.041053216274385095,-0.001919689258734026,-0.00016379526515724894,-0.0030968578776246793,0.001281365221054775,0.012615352130538608,0.0,4.702789185730695e-06,0.009992051878795863
12006,-0.008204830825571356,0.0015685347581299155,0.0029632119443042705,-0.00098427519886125,0.0060614712869483875,0.002914713818380097,-0.0011840316543918082,-0.0013251569428672674,-0.005971148129061373,0.0028912588949756026,0.00035815854707506415,0.01248943232202683,-0.0023459007964251187,-0.0019779422047000905,0.00023803613269096207,0.002047969990061736,-0.0011411085887985954,0.00023327526716704117,0.0,4.702789185730695e-06,-0.001292867228695888
12008,-0.006836219535938388,0.0017714581147523585,0.005307773488716763,-0.0023773814627719727,0.00488878955998121,0.0028750769029549706,-0.0002610620061126267,-0.0018081594097074422,-0.005129051134584918,0.00302158762957646,0.000689580340244415,0.01587390243584877,-0.0017245529883111485,0.006554967743946362,0.002055259067191986,0.0037065244372798934,-0.00039755688091084516,-0.003195274917903264,0.0,4.702789185730695e-06,-0.0012422337869783507
12009,-0.006862851571210216,0.001667257588940519,0.0035898611745892135,-0.0008148711429905218,0.007386869736542913,0.0024578956306025397,-0.0005799541997402999,-0.003361484818615848,-0.00907254453329933,0.0028484227145453493,0.0006926149968420873,0.03507633207143101,0.023197865575180856,-0.008246911772175852,0.000242322655397747,0.004387396788149376,-7.031562460756243e-05,-0.00165517984199735,0.0,4.702789185730695e-06,0.005761508101564223
12010,0.035155773707928425,-0.0005995051074719521,0.003977356491844473,-0.005768208029507214,0.0047078048299511715,0.0009372829086551552,-0.00014571783490972644,-0.0038822388472263625,-0.009949904469116144,0.003171846661988673,0.00026208468028049984,0.009876229747574813,0.031287163177535895,-0.007259248094550578,0.002751433584057955,0.006176412214697826,3.8759588529846696e-05,0.007143958818555349,0.0,4.702789185730695e-06,0.009074506960050115
12011,-0.004871774674915212,0.0004289297175301224,0.008837893595314589,-0.0010239827730173024,0.0038567035675722435,0.001534317922454044,0.002124521694446671,-0.0027461318700533715,-0.004628540917776979,0.0017330024171857224,0.0004269333907944249,0.02090749604970049,0.019588642268904412,0.010577529333712457,0.002739115819777789,-0.00019223081170328035,1.3628816929422762e-05,0.0011350276688367727,0.0,4.702789185730695e-06,0.003545389033370669
12013,-0.007857900595686772,0.0019452590499249211,0.00272105281129819,-0.0011371160066871895,0.0054127362557203846,0.0017521605187910076,-0.00041379797242417903,-0.0014323117736193935,-0.005333943336048251,0.002544497528193292,0.0006016729553829524,0.01334557738917881,0.005761966797633169,-0.0024621764970665354,0.00046254773823192205,-0.0009319445289012949,-0.0002149728026977898,0.0008972677687140989,0.0,4.702789185730695e-06,-0.0010976354199501467
12014,-0.00982345437441677,0.0014000390423918156,0.001936608851722215,-0.0001557763622989671,0.011531885721428894,0.0020977541798078165,-0.0013893211427126063,-0.0010977299641551888,-0.007380186835915834,0.002740955569241658,0.0006006605219218843,0.03828479232530297,0.002544191801756998,-0.004856723200968731,0.00033111135026410904,0.0020651235694254216,-0.00025933395447444484,-0.0026479777727012447,0.0,4.702789185730695e-06,0.0018814354789306756
12015,-0.008596371513721977,0.00175400232503761,0.003311443493488956,-0.001496552776206013,0.010805823353555165,0.0024862545198234168,-0.002197522476865591,-0.0007944893443520802,-0.004047713697666602,0.002889403128982163,-5.1144293159193735e-05,0.010010107755447086,-0.011571333722474077,-0.006644139549361174,-0.0003398345617526117,-0.0006004721839774578,-0.0014451391557447513,-0.0034652873252271495,0.0,4.702789185730695e-06,-0.003918972189003103
12016,-0.0037392141600056652,0.0021404874552823105,0.0019015297973077308,0.0005424921784539461,0.03661689903147248,0.0014798327548999684,-0.0002829390964034594,-0.002451629858653902,-0.013571981502649757,0.001832668540334534,8.032040268970714e-05,0.05598969245996556,0.025472500908024266,-0.007299605859981838,-0.0013508117966888299,0.01885876944740871,-0.0014676427573555538,-4.175695347778322e-06,0.0,4.702789185730695e-06,0.00762943892991314
12017,0.048417506477186116,0.0017084406420865182,0.0012962009020741998,-0.0011857494607066862,0.051553439831916154,0.0007126074223504967,-0.0017900305856282362,-0.0036167339776624983,-0.009230911658031265,0.003163731369012851,-2.2613414200027746e-05,0.03979224012973296,0.05041541766703212,-0.013873321653626841,-0.0033507095642068114,0.020844523637714902,-0.0031201049219540633,0.006283586361359143,0.0,4.702789185730695e-06,0.011437903551041803
12019,-0.0020894336564238262,0.00019318010348566838,0.00032238237264101507,-0.0033004327327883216,-0.0007762516355595492,0.00021174487202442756,0.0004011378788827412,-0.007030755132865396,-0.006813074822941712,0.0005213455733108954,0.0004919666228773311,-0.011216064967616195,0.03525276091693238,-0.004137909065920785,-0.0038557412697589892,-0.003965592498637879,0.0024680952329747454,0.0029339105389527597,0.0,4.702789185730695e-06,0.006878341353864987
12021,-0.006629353772378659,0.0012780467532413405,0.003684221650497235,-0.0015500755247047824,0.0008414085586255154,0.001705638542847973,0.00034192068109734796,-0.0039408264762746,-0.0065716885816829275,0.0010963476609021775,0.0003176530405521612,0.020539440017674316,0.021188014032545204,0.007145776550093576,0.002055869648150986,0.005616754291091643,0.0007123548751730302,0.000741682410675377,0.0,4.702789185730695e-06,0.00336041076169375
12022,-0.004743702289653718,0.001277822772495918,0.0011525592326818912,-0.0040159494529725505,0.025984067822557848,0.0008168668247311105,0.0003444111683887303,-0.005712128551667326,-0.009734940425004389,0.0030574920294800527,-0.0001558843114203484,0.022911651200328814,0.040328255603676165,-0.007908268312056547,-0.0016415417829865285,0.004665052443449137,0.0021103572596427546,0.021547957073718715,0.0,4.702789185730695e-06,0.009948862953998291
13001,-0.0054206515294354315,0.0005906966222293265,0.0030223153567441943,0.0012539128742566003,-0.0038691556723732183,0.0002587177538133834,0.000711162723149718,-0.005048536562797908,-0.0029974314139899387,0.00047268576632832174,-0.0008784809297598688,-0.016617745680282577,0.01311799944995403,0.0007775062330026093,0.0013476448037187223,-0.0022234135480508617,-2.7286720459599154e-05,-0.0014482467345866953,0.0,3.370218721477705e-06,0.0022511320081141533
13002,-0.0007417666331515361,0.0009225947599372686,0.005494924816526717,0.001989212237025641,-0.0024183710222818702,0.00226725876364028,0.0017400540206940175,-0.003831600078826257,-0.00020659522090798495,0.0014511796269500304,-0.0004506724985111626,-0.01113632460831546,0.03425307312486266,-0.0017595809104858325,0.009693075076409468,-0.0013445140724188305,-0.0006231736968406799,-0.00201578907757498,0.0,3.370218721477705e-06,0.006701214583127906
13003,-0.005373407562638166,-5.28986334689181e-05,0.0054331452216178884,0.0021754504541241326,-0.0044167328731680375,-0.00021557744259828544,0.0013219256682394792,-0.003908463292579052,-0.0017089642337950143,0.0006714755908268594,-0.0007453096226464475,-0.012421715139931715,0.02005705715258054,-0.002323835426790735,0.006070896001272268,-0.002174596025540666,-0.0007711611229039246,0.0017531308459740726,0.0,3.370218721477705e-06,0.005189746957046085
13004,-0.005541597894275711,-0.00015039134418723215,0.005287070143104631,0.001363350725909863,-0.0022537031670841184,0.000953537576609785,-0.0007815534306393136,-0.004127035874307981,-0.002026866286863177,0.000982246057034615,-0.0007813887027486556,-0.013740642116796027,0.01949861712253515,-0.001225615756312692,0.007259042342516988,-0.001512341240437069,3.3391624724672996e-06,-0.0017498076426998514,0.0,3.370218721477705e-06,0.005788908370590783
13005,-0.007315389108619145,0.001658382491713359,0.005277624521990224,-0.0007723371718006705,-0.0008365575263708164,0.002950888012047355,0.001756445264957279,-0.002854149442407614,-0.0015193666082423815,0.0025020422821724676,-0.0005615965926366423,-0.004539428248573921,-0.008926196193180023,-0.0012627644701734418,0.0009987206147475042,-0.0007044239649603389,-0.0006112833976631963,0.005686312937022902,0.0,4.702789185730695e-06,-0.0022150628601446884
13006,-0.006104640955546863,0.000427193659444795,0.002956082929312428,-0.0002172429199457927,-0.004335702463294408,0.0001889642737377905,0.0006940615644818634,-0.0025910408711801508,-0.002935972834760309,0.0013041259104993764,-0.000766897476576838,-0.013823491930004247,-0.003653405662823461,-5.47501372630619e-05,0.004380470917308521,-0.0016236835265469244,-0.0005190762096334701,-0.001516846779320268,0.0,3.370218721477705e-06,-0.0020910267542055484
13007,-0.005349751069261964,0.00014703972735874971,0.005618323840186198,0.0010126884263489558,-0.004889196566901798,0.00022873487285695595,-0.0006453804743635329,-0.00480967991330417,-0.0016633566109227542,0.0006723389215424595,-0.0008280322014884592,-0.015440816574311383,0.014235035476035272,-0.00044620781287808993,0.007396738469910182,-0.0009562160676990221,-0.0005263393502249115,0.003961275466145339,0.0,3.370218721477705e-06,0.0020714530737111895
13008,-0.00530588381338621,0.00042670924028019027,0.002652356163754103,0.00046318713610220356,-0.004849520575056384,0.0005409732880100309,0.0009080957132909126,-0.005121060018673588,-0.0027678828878347854,0.00045819626423194656,-0.000644363186544048,-0.01817846380457385,0.012046211682840416,0.0007332625360344583,0.0007606309220247146,-0.002385684990499167,-0.0001798389806130396,0.0007105100424692741,0.0,3.370218721477705e-06,0.002059252279435961
13009,-0.007986515470651136,-0.00045915338892300764,0.0019014382842907935,0.00020282401528769157,-0.004157662090661755,0.0001916349120930023,3.84929010330533e-05,-0.0028836247599317195,-0.0033598165011718235,0.00181021548066057,-0.0007202473070657037,-0.01584174474283002,-0.008544640957794995,0.003012301537976292,0.0009193855053205803,-0.001535077691666641,-0.00030918094472848516,-0.0008001396914485347,0.0,3.370218721477705e-06,-0.001663854647634439
13010,-0.006194702975344079,0.00029966661751560736,0.002928668353922768,-0.00029904524754086406,-0.0050829719585395745,0.00011874302313436001,0.001054595443814676,-0.003228271420011986,-0.0028003984352310695,0.0015862805064298375,-0.0008228068299080041,-0.015842975522824036,0.001601532456747488,0.00010715349737365484,0.00212716107698063,-0.0012890527479940649,-1.2514252663144372e-06,-0.0013477955277870627,0.0,3.370218721477705e-06,-0.0017665733740420207
13011,-0.005869852492234543,-0.000564174672617642,0.004940170448863779,0.0006476659221063728,-0.005860469977178778,0.0017067928693976424,2.698534600255778e-05,-0.003624348238181454,-0.0019507218682832323,0.0006911904886109711,-0.0003617355597468984,-0.013483861601499874,0.022669201456396226,0.0006890832454023895,0.005696103022063985,0.0028386576969853697,0.00020418868991708435,0.004383487633809075,0.0,3.370218721477705e-06,0.005552979090783268
13012,-0.007056502608994732,1.2339063829582058e-05,0.0024840539450149204,0.0005316860218042955,-0.004117447902438918,0.0003063540583531368,-0.0003423525164796745,-0.0045978130316405115,-0.0037213402413986485,0.0004300736364279085,-0.0009318295843828587,-0.01632660940186217,0.007673394522413951,0.0013086935481033252,-0.00039096395311047014,-0.0017987658237513028,-0.0004351480035858088,-0.0014728518286620423,0.0,3.370218721477705e-06,0.0002897619133323626
13013,-0.00528807265617156,0.0004478391643159263,0.005771952301507347,0.0014228481097967526,-0.0009304765885710332,1.3969787355390677e-05,0.001925148511590276,-0.004120571041599193,-0.002314821929595565,0.0016727803980234968,-0.0008686008105438993,-0.014561901458583215,0.020426051293868708,0.00024532997774491153,0.00863454903235418,-0.0011184763485747407,-0.0003091452417456219,-0.0016190742011180537,0.0,4.702789185730695e-06,0.006410487854083889
13014,-0.0073251706352186014,0.0006292702087705727,0.0030364811349794405,0.0006341054087621654,-0.004046695902201242,0.00033106873110177803,-0.0006126009958443558,-0.0033358686062115676,-0.00296914358999354,0.0007977746123289159,-0.0009333541755191102,-0.016852153863775025,0.00042175265498656245,0.0016409967346340379,0.0016451910110494843,-0.0011034265516188303,-0.00044483683842710617,-0.0014681579128060834,0.0,3.370218721477705e-06,-0.0018570044971122862
13015,-0.005030751170268579,0.0011637505348072277,0.00507475687487541,0.001303247427960913,-0.0037871682889776166,0.0005012096580001874,-0.0004910575141066278,-0.005351641156680251,-0.0024578099467477722,-0.0005725238015304425,-0.0009456997136794168,-0.016285349998776025,0.013127445325279558,0.0011749819749117384,0.0007651914125073567,-0.0008296451219685939,-0.0003381658007295423,0.000447022643803367,0.0,3.370218721477705e-06,0.002423211246281057
13016,-0.006971549019018719,0.0004624243487102256,0.0025687011897180968,0.0008002453407381665,-0.003548818371868816,0.00016883186478893177,-0.0005930132355136302,-0.0031178721945772903,-0.003016572245213128,0.0009182792791483626,-0.0009348707059211491,-0.015521905819880727,-4.410712435159538e-05,0.002036939016975084,0.004711822733894431,-0.0013866986120754333,-0.00047896563241413536,-0.0017204103373266554,0.0,3.370218721477705e-06,-0.00163981440764557
13017,-0.006743424188476169,0.00018705376917654937,0.005432106665421012,0.0010758642491909165,-0.003118886947176499,0.0007748640502033542,-0.0010370253528949288,-0.005247514149116232,-0.0023950282508027948,0.0005121030354606739,-0.0009449464052172508,-0.014866559422779915,0.013641585638416925,0.0007828566722070834,0.006440327079464498,-0.001130222191629497,-0.0003644137395311042,-0.001924114743547999,0.0,3.370218721477705e-06,0.0021746890282508466
13018,-0.005603816224704154,0.001044748782609819,0.00250669493716263,0.00019874635171361494,-0.003196663603474552,0.00022455232546986928,0.0005020157279009429,-0.005415645860457155,-0.004382875787832743,-0.000316836567046113,-0.000755697744188916,-0.014789068765924274,0.011575131802018234,-0.0028308713282581585,-0.004756188919164309,-0.0025943368459913356,-0.0007759658549281573,-0.0016530742970431763,0.0,3.370218721477705e-06,0.002077124284684789
13019,-0.005234574588778593,-0.00028618348396464854,0.002490191512107747,-0.0010554740580653557,-0.002643162631339801,0.00021222423935141557,-0.00037873766252851586,-0.005397425351073677,-0.002574040231689667,0.001556429641244513,-0.00029616464450872164,-0.013192475229577925,0.02875673998275385,-0.00322509893289074,-0.0022145004349259805,-0.002876310059249785,3.856904225801185e-05,-0.0017290780381039575,0.0,3.370218721477705e-06,0.0056367954869410535
13020,-0.010912926604533453,0.0012670633369980793,0.0027132019440102933,0.0006749456823458399,-0.007433094531475159,0.0003952572995241565,0.0013747664279260537,-0.0013669552637583177,-0.0015678943603408511,0.0019227402034446928,-0.0006838828053139007,-0.014235505318042529,-0.02501632928939157,0.0007745848344653422,0.004265237322306561,-0.0013204894193217342,-0.00033558059394481947,0.010817854319089843,0.0,3.370218721477705e-06,-0.0050222096414232345
13021,-0.00541773245873754,-0.00020123386054928086,0.002973001030607037,0.0015178105332321278,-0.002635515266057645,0.0010437848938390283,-0.0003907807147704664,-0.004534838311309643,-0.0027286642708034916,0.0007095850899844889,-0.0006215234654191481,-0.015858721637013636,0.018626159474984003,-6.929214243620564e-05,-0.0009610582441290752,-0.0017380523747464775,-8.330452043815712e-05,-0.0016090594744357666,0.0,3.370218721477705e-06,0.005110649245795834
13022,-0.004982524053046872,0.0005159462353834637,0.0030084442127893624,-0.0006809115073733137,-0.0013425168033320354,0.00030247552952968987,0.0010027929389637476,-0.005474128344301063,-0.0032922425716812994,0.0009031925559622407,-0.0007049341641440029,-0.015953657353645217,0.012060792878366543,0.0016019811683804213,0.0009258807555134232,-0.0019275784969196516,-6.053844035038387e-05,0.005525976078661802,0.0,4.702789185730695e-06,0.0019433147139744584
13023,-0.007378725544394437,0.0002539705191253894,0.005488863873279109,0.0009999893805371922,-0.003695459000298951,0.00020764557602543916,-0.0005692659633359698,-0.00499205691851232,-0.002115641683341739,0.0008016098716145849,-0.0008333747841348738,-0.015600169148385294,0.013800484315241082,-0.0005044700346118234,0.006360440889245626,-0.0025149392517240976,-0.0004732609089999052,0.0010368494161680398,0.0,3.370218721477705e-06,0.0021186772059262567
13024,-0.006443125188867487,1.859751771811937e-05,0.0028397175216578214,4.836776264915942e-06,-0.0032243986270573256,0.0014884964399056466,1.013984082531963e-05,-0.0052966078647241665,-0.003278592188882402,0.00036456804081905073,-0.0007716685039682878,-0.016434153855688277,0.011303651613195175,-0.00010083208161639555,0.0005464713852863187,-0.003241923500928895,-5.801287767910995e-05,-0.0010144960995133743,0.0,3.370218721477705e-06,0.001924281258733494
13025,-0.002377470793980771,0.000955471099380675,0.0017152748108829896,-0.0031863212217514893,-0.0027845208683390773,-8.886323672352733e-05,0.0008031969026396041,-0.00431047546146973,-0.003004806154697928,0.001472443402684211,-0.0009143422141400726,-0.011627130030165,0.01679101823624248,-0.008393256954381166,0.007503923823875477,-0.0008967373062023376,0.0011838648565492978,-0.0015839736254856928,0.0,3.370218721477705e-06,0.004970406192710726
13026,-0.0014658927198574544,0.0005375700249932891,0.0049100740722563116,0.001428086058074739,-0.002611132467304446,0.00011250608403936608,-0.00042663272248165754,-0.003913035324687073,-0.0003567050176068851,0.0016194634312895098,-0.0005281375007563414,-0.011890701709750182,0.038558467278321774,-0.00279684601140822,0.010695860365505001,-0.0014535064365897078,-0.001164573739662487,-0.00152612978864285,0.0,3.370218721477705e-06,0.007012084886644139
13027,-0.0062762991359486126,0.0003588014879616842,0.0034428966992432856,-0.0005490350982431889,-0.0033481909254542233,0.00012289929948615646,-0.00044905309731674124,-0.0032730198454860872,-0.002935548484977523,0.0008217243457961366,-0.0007821798091271646,-0.015274571421125446,2.390851475006816e-05,0.0009456963514637713,0.0027495327532903557,-0.0018913052912292395,-0.0003024550552468599,0.00039289354453561084,0.0,3.370218721477705e-06,-0.0017952895764027463
13028,-0.00576558462303304,0.0005764073850620331,0.0028949494257170566,-0.00033256268262773586,-0.003946463628678147,0.0009726432986190037,0.0007727032152830338,-0.004701792666668032,-0.0027884111664843872,0.0007077730144691762,-0.0006682145452698592,-0.017172134565689952,0.0150637240276556,-0.00015280422815408534,-0.002780373803567073,-0.0022800015778138756,-0.0002014118460541758,0.003331880664302484,0.0,3.370218721477705e-06,0.0036426548752657487
13029,-0.005569252926110008,0.00030814173653056294,0.006431247104268022,0.002595623192774706,-0.003192901308197459,0.0026698290213909956,0.0018270283001737557,-0.003791310294745833,-0.002091572969898115,0.0013197750896826674,-0.0005674500016424359,-0.01128568049300569,0.030863346471516864,0.00043954161946142665,0.012469336876858805,-0.0012908652747343936,-0.0002493655375987007,-0.001616911202952527,0.0,3.370218721477705e-06,0.0062302599514348555
13030,-0.007764612292387124,-0.0006494972179900999,0.0021931347717915163,-0.00042770177267494676,-0.003678205417266135,0.00032879905492110353,-0.0005529001210841399,-0.003698009744234066,-0.003064956399087038,0.001344230853747073,-0.0007790303478298581,-0.014401727410364313,0.0013708895668323067,0.0005366803475238443,0.005478162594395601,-0.0018221386631857657,3.487461806778646e-05,-0.0015948975704152414,0.0,3.370218721477705e-06,0.0003463204502357665
13031,-0.005435280149131438,0.0006031387388923195,0.0029097230356649123,0.00039903895719015217,-0.004676824054142373,0.0002458967156989435,-0.00011000560920137484,-0.005326423771636381,-0.00304392079400222,0.0004818427547664855,-0.0008237449249099597,-0.016980674871412745,0.011972692266892482,5.800438961627719e-05,-0.0019636085392340254,-0.002299214552045772,-0.0006150223799427601,0.003440520737520202,0.0,3.370218721477705e-06,0.001790821070867343
13033,-0.006463253668823022,0.0004481437015073201,0.0019558207929139875,0.0008349696993654784,-0.002276810829907577,0.0002275744420819311,-0.0004500533417842695,-0.005249748052202382,-0.004133175190902612,0.0006960052135571134,-0.0009402481498844557,-0.01621182208868973,0.01020040318737584,-0.00013295934000073263,0.0039984008943269225,-0.0016943131444293563,-0.0005785747931361465,-0.0019063100728208698,0.0,4.702789185730695e-06,0.0014899595271463078
13034,-0.0014427403493312626,-0.00035172568417638265,0.0015496901385640988,-0.0011603585477379236,-0.004009212930603573,0.0013415583612194494,0.0001695007550172062,-0.0038510585093429897,0.000767295445443264,0.001962220854381069,-0.00033863197151685805,-0.011791841329461655,0.04379159713584233,-0.0018658084597952503,0.008793259519403856,-0.0026958519576069525,6.5541134964129196e-06,-0.0018573797200339731,0.0,3.370218721477705e-06,0.008322014124650303
13035,0.00017964058234882024,0.0008109133527362131,0.006006940037535455,-0.0014287497566628899,-0.004151160814027623,-0.000438725693202893,0.00142707239339514,-0.004684510028315019,9.870257142730543e-05,0.002314402041806599,-0.00035853087583291604,-0.008831271056892125,0.04448677863155078,-0.008023994274666798,0.010158398554033918,-0.0026599946989299505,0.00028645250664710705,-0.002135703068984874,0.0,3.370218721477705e-06,0.008095223964929288
13036,-0.0050965970965484095,0.0004098317175074274,0.004479848767345223,0.0009883290969510427,-0.003979418548068947,0.001378743465248777,-0.00030416864905826233,-0.004802521091255584,-0.001994864273870514,0.0007952278079622565,-0.0007595392022752117,-0.015950172805448738,0.013041447276400574,-0.0008675611307120625,0.00400970498928756,-0.0018033579226431275,0.00015466161273458006,0.0004356175336298725,0.0,3.370218721477705e-06,0.0024608382460999043
13037,-0.004801315444102945,0.0005338956046272423,0.004942907063249964,0.0008265930281189617,-0.004590866791342736,0.002570473575660957,-0.0010952727616936409,-0.004026029155563407,0.00021505852395279856,0.001104842106156848,-0.0004905249061418265,-0.011507965405161252,0.039444950333233295,-0.0001634950486404451,0.0097173971467459,-0.0011316035272443742,0.0008397488179762317,-0.001836614164923391,0.0,3.370218721477705e-06,0.006489329821339884
13038,-0.0054733386986379785,0.0009267952226911778,0.0060256975635462565,0.002249940748397067,-0.004234766617215363,0.0013330082152919233,-0.0002859662792452726,-0.0035887014877852737,-0.0017269633917060248,0.0019158393079865314,-0.0008445550010339822,-0.004238904481170023,0.001233719088284316,0.004404535848089439,0.002590491932350652,-4.204080077308445e-05,0.00015636584652797752,-0.0014301731992085547,0.0,4.702789185730695e-06,-0.00196504850355004
13039,-0.005858899212153015,-0.0007399349232357846,0.0034624426928618075,0.0009388368259743002,-0.0020387101794492437,0.00023035462590906017,-0.0006698586407858864,-0.0037309186311501887,-0.003136850495190786,0.0013366511658237043,-0.0009443442491155269,-0.01393602582671972,0.0022393472466844,0.0017242062097403024,0.005646999874120647,-0.0006459030581284044,-0.0002788605529904268,-0.0016688123147602777,0.0,4.702789185730695e-06,0.0002155712210589472
13040,-0.004069858004452321,0.0011101892350385237,0.005464248413394674,-2.654951076621563e-05,-0.002804047719531422,-4.058314064877373e-05,0.0014727558590226792,-0.00458455424285915,-0.002576972264629001,0.0015904868050371063,-0.0005238647543334064,-0.011799184113464773,0.02210257247323453,-0.006729140334123531,0.008792146228000664,-0.0020428289541089923,-0.00010410819099642695,-0.0012834150308908227,0.0,3.370218721477705e-06,0.005854407116491478
13041,-0.0017680629167679644,0.0005119029135803864,0.0018746370253674774,0.00101819398714488,-0.006863336918641463,1.548407250172762e-05,0.0004343769781625091,-0.0039937195762329595,0.0064736210926995665,0.0014690705504290518,-2.8435358818061114e-05,-0.011032346329739585,0.05072441480544763,0.002648260549018338,-0.0006846491999441066,-0.0027647223876684215,0.012056787135553042,0.04816841373623015,0.0,2.669029996396404e-06,0.009538852089839614
13042,-0.002497923265849194,0.0013075180363197976,0.00274242350172396,0.00041306620928540614,-0.0035869608993616066,0.00021824009490178977,0.0006586644115624997,-0.0051061100887796,0.0004788027735990806,0.00041294694422371297,-0.00038156468471613317,-0.011918399180339049,0.0388884636064984,-0.001582612714221563,-0.005567504289208479,-0.0022896987052727054,0.0024678066877810863,-0.0014852984774929166,0.0,3.370218721477705e-06,0.007589068557991651
13043,-0.006348166696039315,0.0008231571991693149,0.0027178327176829156,0.0006056319434818682,-0.003593615281175917,0.000180865267231267,-0.0004571980835382726,-0.0028477775678893555,-0.003233440410932215,0.0009106674080619907,-0.0008709324355332018,-0.014621191227076778,-0.003306608814194494,0.0009084050897491528,0.0040203417111222255,-0.001542328829581933,-0.0004099405532987978,-0.0015748413539731691,0.0,3.370218721477705e-06,-0.002095933411692189
13044,-0.0055239724817887845,-0.000214782158522482,0.002612008556086106,0.002443913275771965,-0.004008774477967817,0.0009176083184442327,0.0009839237243850943,-0.004783721793049056,-0.0030828881995687545,0.0008781192945129831,-0.0005990506617675656,-0.013205419163711695,0.022520808040092637,-0.0009029505128421868,-0.001855126668655211,-0.002373396786552696,0.0006711426427656464,-8.079162942691744e-05,0.0,3.370218721477705e-06,0.004895086064350017
13045,-0.0007258202239688771,0.0011797057016460714,0.0044413856287447194,0.0003073807598338182,-0.0032946537590008386,0.002868396582560865,-0.0009747411029073069,-0.00389402039086061,0.0005571892058724977,0.0011997970056278177,-0.0006594815202974026,-0.012008492343672761,0.03955730858886104,-0.0012918068896764512,0.008317902419361351,0.0013233652092516477,0.0016508740545176656,-0.0016336090141391,0.0,3.370218721477705e-06,0.007153435428255642
13046,-0.0041254577889839675,-0.0004032953554038757,0.002790423663335789,-0.00018938929017265816,-0.001163149311941965,0.0007510077332010263,0.0012828695362869544,-0.004574267284521336,-0.001542160467548733,0.0018144696069675524,-0.0004311710878326534,-0.01474721723173498,0.028427613952815737,-9.280499215457143e-05,-0.0001439016869858349,-0.0024724038665332737,0.001169103181074648,0.0043185269194073875,0.0,4.702789185730695e-06,0.004956834658906819
13047,0.03412828572386649,-0.0006517913694874969,0.003981099151842201,0.002389053195104211,-0.00646502219837223,8.103156423792622e-05,-0.00041346542276489987,0.00014244339130908517,0.0005080033562489865,0.0017832193272442022,-0.0005796601087615926,-0.011485006457013716,0.045604183762682,-0.000628701563600058,0.009059217520605463,-0.0027864598140202516,-0.0011405791387326223,-0.0034137650595023827,0.0,3.370218721477705e-06,0.011240415107224818
13048,-0.00549706171573047,0.0005209447176694274,0.003315980524124084,0.0006471378699625335,-0.004070501207928301,0.00012650376431040677,0.0012858809050870423,-0.0038420801751618164,-0.0026260173334399484,0.0009308483319166918,-0.0008922671970523637,-0.015845519156093335,0.001838476355436324,0.0006281537437534812,0.0050951904097703195,-0.0017729787519728197,-0.00028460480211987577,-0.0017907800684174502,0.0,3.370218721477705e-06,-0.00014279905825858338
13049,-0.004140319939806934,0.0011322001080211093,0.001332265861365369,0.0010078756529190596,-0.0036499236320534792,6.657779586830748e-05,0.0011365866826116044,-0.005195079371098972,-0.002305772000033204,0.0005912439480248036,-0.0010175951325179144,-0.016434160211772166,0.016727751757776986,-9.456769706258885e-05,0.002020518624127381,-0.0021295998466581262,0.002753135954822306,-0.0009611418840464193,0.0,3.370218721477705e-06,0.004141360268675876
13050,-0.006661703870206143,-0.0001668377583199469,0.002342277577789861,0.00044588947957317364,-0.0032106926441902908,0.0002527810390214814,-0.00012373766331069715,-0.005530996190706743,-0.0035666068437916537,0.0006507567619189159,-0.0009457097900021043,-0.016667454805272253,0.01241419567505073,0.0013170470287757097,-0.0005403992949689981,-0.0024530561501893305,-0.0005352406256737039,-0.0014964437759776798,0.0,3.370218721477705e-06,0.0016912392441551906
13051,-0.005938563351979865,-0.0010155551062478766,0.001986696883718878,0.000741098855794898,-0.0034021859518483066,1.750838950777516e-05,-0.00035906956778129616,-0.003222263296563569,-0.0037122908487227896,0.0013680969961257154,-0.0010002034511603132,-0.013666378242439688,0.0006284649590638142,-0.0035855666086464016,0.0014829146984819534,-0.0009989271516912908,-0.0003578598952323305,-0.0013233836901069991,0.0,3.370218721477705e-06,-0.0019023683402346965
13052,-0.008384592569913356,0.0005580367513793129,0.002840256967837682,0.001486398071279865,-0.007916652114129577,0.002478506241534869,0.0016961202572036355,-0.0026543868983743297,0.0005619280061683672,0.0010178897600478236,-0.0008395193481406209,-0.015663052479902063,0.001126770593224809,0.004720305982917282,0.005042480732081045,-0.0008991059441900181,-0.0005848205264081656,0.022331242787088045,0.0,3.370218721477705e-06,-0.003870197720228866
13053,-0.0037973476212310193,0.000968778770807611,0.00286712603799647,-0.0012162471083637606,-0.0066227483668338215,0.0011207895958914328,0.0016830761647183543,-0.0029853512967095686,-0.0018403269970869679,0.0014354825239652903,-0.0007424548687033336,-0.01302557408183053,-0.0023534164698461573,-0.001126596551058587,0.007544442941565096,-0.0003915881547712894,0.0020022827406496763,0.014958645733171547,0.0,3.370218721477705e-06,-0.0029779165314811743
13054,-0.0005746803799698885,4.0330381811941217e-05,0.005606983172069715,0.001176595758242259,-0.00401690498990421,-1.4964059635268216e-05,0.0017862133906056763,-0.004100473319133121,0.0005444086900024991,0.0015728399112064245,-0.0005016822317934829,-0.01177684774383865,0.03850192140833066,-0.004529172884627743,0.01169462036875727,-0.0009018746102599849,-0.00017802975258970812,0.0023833060229468198,0.0,3.370218721477705e-06,0.00600085394707408
13055,-0.002749785357422783,0.0005896586446657719,0.002522876599738125,0.00018131397847958995,-0.0012249207915611758,0.00022231314818615833,-0.00029749312421226853,-0.004668277287258963,-0.0024726475993357712,0.0007208435935503339,-0.0006462511066362711,-0.01421881176881386,0.019101758586516925,-0.001882505122381747,-0.004973765821832219,-0.0022423613644356223,-0.0006380491881009307,-0.002026520748745055,0.0,4.702789185730695e-06,0.005192385975998775
13056,-0.005968273278278789,-0.0009433036592589888,0.00224433325747674,0.00019705097044967512,-0.006806690520649962,9.387509700699515e-05,0.000929341047892777,-0.0019610909906185568,-0.002316890597503614,0.0018808512778031698,-0.0007679298375485981,-0.015397743970746213,0.0017815912806928647,-0.0009583116143996847,0.010088320549283929,-0.002075492123028738,-0.0005455470321176796,0.003977069312733833,0.0,3.370218721477705e-06,-0.0017479366067085272
13057,-0.0073572936458500375,0.00037549043314640093,0.00302663743133444,0.0008932423373478368,-0.004677826724820872,0.0010434173929588914,0.0017672488904638926,-0.00283820033643952,-0.0035559458366071573,0.0014468821611335982,-0.0009509431582156233,-0.015125236486465606,-0.0027245274767622248,0.0014284102532361028,0.004069955177990971,-0.0011580142284299334,-0.00012093918326505981,-0.0014311856040576062,0.0,3.370218721477705e-06,-0.002310797656025776
13058,-0.0015986038949757472,-0.0007728107984759779,0.005601521315144863,0.0010048878805885052,-0.0027833755977419356,-0.00039241596624988703,0.0019648838992834313,-0.0040092697908890055,-0.0015559446537062014,0.0013635845599109797,-0.0006457792433940816,-0.014375107511984918,0.023660453996425943,-0.0009864620424277389,0.010546575852289087,-0.0012135968922174886,6.274933396795447e-05,-0.0012719870934982218,0.0,3.370218721477705e-06,0.006216275355856088
13059,-0.00512523757861391,-0.0005719308759597868,0.005443575218695123,-0.000553962673940658,-0.005824285819578763,4.906850173299123e-05,0.0009445191810189647,-0.0032409085363233397,-0.001026631308953354,0.0009752784334950503,-0.0007422130040586868,-0.012794016095810119,0.021056363282844978,0.00021056858539865737,0.014420092008091096,-0.0016485350613600343,-0.0006647106726468876,0.0032642406025356033,0.0,3.370218721477705e-06,0.005055208285194517
13060,0.001128921217977167,0.0005139197410379782,0.005680100679248438,0.002661861664423687,-0.003312606884673582,5.6933436580572914e-05,0.0014424837327776628,-0.0030778718689697,0.00042881680009148557,0.0013373639484948702,-0.0005583229469819553,-0.012836437645411787,0.037335917758154286,-0.0015837167095422804,0.011527885087373992,-0.0014252594941544525,0.00016444937050640406,-0.001697972525584297,0.0,3.370218721477705e-06,0.006272305863336558
13061,-0.0053358495151549145,-1.3904806634516688e-05,0.0029283256183134697,-0.0021014327872005663,-0.004979535953316427,-0.000136188193980866,-0.0001273283424150728,-0.004454023312824057,-0.0016171081877399316,0.001069461212333581,-0.0006154756524733649,-0.015223092069065821,0.018322422406700276,-0.0015729419001044476,0.0011239460998158132,-0.00203090811906371,0.00552345733091956,0.0029398903884971404,0.0,3.370218721477705e-06,0.003854391585078686
13062,0.03523358056501248,-0.00024192116953385807,0.0029488814131931225,0.0013781375759797897,-0.007129246660291537,0.00034917748862151184,0.0011839928834205496,-9.037971378743555e-05,0.003871103761341219,0.002440503314325987,-0.0006012845646822356,-0.012736433087205852,0.06960049867957058,0.0008796458287126635,0.003441874081918974,-0.003158889805122368,0.0007758769169702568,-0.004959894120249118,0.0,3.370218721477705e-06,0.014311191880837106
13063,-0.006869485863379143,0.001038495667110468,0.0018775683943424856,0.0008370391535197385,-0.0015717757136448378,0.0012835874868110104,0.000632874215088938,-0.0037939247925025173,-9.069099664069074e-05,0.0007106285144020015,-0.00022701570389786513,-0.0160085257585682,0.020100515000755804,0.008395356163209067,-0.0021642440111939534,-0.0024919822303053284,0.00027936909734592946,0.04784959554245148,0.0,3.4530377734260545e-06,0.00394240885339773
13064,-0.004496827268943315,-0.0010353426697018572,0.0064191544034719475,-0.001864945887720325,-0.001985257685013721,0.0005378942335264329,0.0017852571447135102,-0.005082790299003118,-0.0017199968307198183,0.0010247219515952604,-0.0008203377366159948,-0.010530245554498453,0.01520821450444119,0.00392876795317254,0.006658295645668297,-0.001149829344959323,0.0003017340519728441,-0.0014440190308077883,0.0,4.702789185730695e-06,0.0030263007607440333
13065,-0.008897469884011536,0.001246715249242788,0.0024161130439812072,-0.0003733119864540367,-0.004232605958536117,0.0007977237326868019,7.527918857218723e-05,-0.002671159125884461,-0.0024895810519530706,0.0013395294326206029,-0.0006487272245944899,-0.015049878175687441,-0.009207906323455558,0.002134884246268154,0.0029181132383959115,-0.00017420778005360456,-0.0005741323886579882,-0.0009281221907053151,0.0,3.370218721477705e-06,-0.0019587948338006963
13066,-0.0025887635328916817,-0.0009108373105973144,0.005671629595025524,2.7294289799532092e-05,-0.0023586319596521745,6.028837588076212e-05,0.001511350222569809,-0.004969215429093616,-0.0027671283309269133,0.0022513228795364155,-0.0008358695502075833,-0.015133363601486784,0.014972955606218868,-0.0003895804315988969,0.008629150326804336,-0.0006869648819130233,-0.0001520903964366303,-0.0013639872546755585,0.0,4.702789185730695e-06,0.0029403645936261426
13067,-0.005242219121320754,0.0005602737016495109,0.0036265550617279093,0.0012222170986430927,-0.003642409024891706,0.00040393480596919183,5.7611177659950195e-05,-0.005210723105328205,-0.0026746782741930136,0.00011713701500385353,-0.000930798373135507,-0.015784984183743536,0.012238969837659357,0.0031140179082892127,0.001187156381981452,-7.641825232477436e-05,0.0005531617177323957,-0.0016088328127228113,0.0,3.370218721477705e-06,0.002518013028591813
13068,-0.005169415091122708,0.000412014739745607,0.0041673399717861385,0.0007758432694943505,-0.004139585210757258,-0.00010977805971728719,-0.00021825407629690323,-0.004031749457569348,-0.002227914482564336,0.0003536761298791131,-0.0008076094082205303,-0.015507896738308378,0.017310350340817928,-0.0014664563648119334,0.0033213045226827753,-0.0010507032846392473,-0.0006712219624311881,0.0022159199480873875,0.0,3.370218721477705e-06,0.004848643445613415
13069,-0.005805350387098815,-0.0013361459312632433,0.005560716395660223,-0.00013390529214877994,-0.004101218727495286,1.0331249373470651e-05,0.0016735311229889357,-0.003966686219874413,-0.001360976104256603,0.001950343235497793,-0.0006224134978083916,-0.013455533816630163,0.01921439434603776,-0.0002156117938272756,0.006187933902973132,-0.0006945718527718493,0.0009329082900089367,0.000975264887758341,0.0,3.370218721477705e-06,0.00592007877626093
13071,-0.0019029465693996463,0.00028718890560707866,0.004059163948645303,0.0006091281626509042,-0.005045740959464847,0.0018978150918803364,-0.0006425845983965842,-0.00405805592015882,0.0003168849626268705,0.0012387045279909522,-0.0005925437755029929,-0.01205609471351638,0.03962575748080896,-0.0013252426095978834,0.010716234158632982,0.0008200923001764618,0.00041877607660532613,0.0012713197879931453,0.0,3.370218721477705e-06,0.0063904772979937845
13073,-0.006312350369100318,0.0006892074231744782,0.005008769223949817,0.00047889495496565245,-0.004735006933490117,5.671014966749514e-05,0.0010778847419586803,-0.00556338823889789,-0.0029197260885544135,0.0008395190699749355,-0.0009362613652023568,-0.016456946282664524,0.013960561478183977,-0.002557234463636106,0.007229068282698521,-0.002546759202455121,0.0004624088740478501,0.002701703585527052,0.0,3.370218721477705e-06,0.00219602348523937
13074,-0.012592442266638124,0.0006529502053693961,0.0010856745308248632,0.0014315941717771771,-0.0020303862656950175,0.00033218368821784486,-0.00020073777319044227,-0.0008986200976621718,-0.0020158633055867175,0.0007749526854189565,-0.00014259078916364128,-0.009181340196966087,-0.07169556026472747,0.0007241405859653175,0.0021334648798491847,0.0010628574685644541,0.000134720141583841,-8.541388474418996e-05,0.0,2.577039196704789e-06,-0.016159674547236238
13075,-0.009403393376311828,0.0009726930354212657,0.006232451401464711,-0.0009758029109953076,0.0059454833274058825,0.004935704777440406,-0.0005337625695810426,-0.0006769637778445689,0.0029781510226364683,0.0032797261550180064,0.00020531671842944623,0.0037269500961375273,-0.02336229927230432,0.010681853903412126,-0.0011164821526160372,0.0027539214386860925,-0.00025234949996537755,-0.006984229029854115,0.0,4.702789185730695e-06,-0.0063908535370115665
13076,-0.008271963283984411,0.0006670863218059737,-0.00031016143863371256,3.535363245155852e-05,-0.0008121423165696219,-0.00036940733099829885,-0.000352398549951792,-0.0014252025512521815,-0.0026425325192494875,0.0027088512642927396,-0.0006404829070742018,-0.006648614438752569,-0.018316713882298833,0.002830160330675904,0.002774989351941227,-0.0007412013532361614,-0.0005072963261469542,-0.0018176515623232088,0.0,4.702789185730695e-06,-0.0033635288779815553
14001,0.0012850786833637309,-0.0013752620430585478,0.001492288533769102,0.0029439764265434144,-0.0035485334459867705,0.00162143370880055,0.0006587442279140974,-0.0037554212683438134,-0.0055052927776442885,-0.005149305441476344,-0.0002480884882466526,-0.010858612309123212,0.03526498302599381,0.014079047801406066,-0.0030905184578794965,-0.0012483500189085805,-0.0008276263750104922,-0.0006441955832126006,0.0,3.450106067645382e-05,0.005551277399374032
14002,0.030501799384193798,-0.0009222692372354167,0.001497055871514911,0.0018524379383385212,-0.005464157712835277,0.0015991599469406302,0.0006442881414934639,-0.004560077555818665,-0.00554049722718516,-0.002670107866174497,-0.0001953473335029882,-0.008565748652666091,0.04185135804124653,0.012333363379035877,-0.0034489883286790528,-0.002725594409509855,0.002977699061970933,-0.0025948619610955395,0.0,3.450106067645382e-05,0.009402481983514871
14003,0.001738740169136842,-0.001451824905406763,0.0017296671573542156,0.0024378896622229904,-0.0028085925723495783,0.0014568924495071565,0.0006675375105350851,-0.003504223274698018,-0.004590728370464393,-0.004888013891681626,-0.00031221676962265405,-0.009987027438358637,0.02016028434107564,0.00826549576204592,-0.00882793953049142,-0.0010279250106453959,-0.00022160626921992804,-0.0013939971560446031,0.0,3.450106067645382e-05,0.0042726907604324375
14004,0.002176089299579406,-0.0013876127855294467,0.0016448647308903574,0.0008916044080228091,-0.002763686863464111,0.0016479787972325485,-9.535049248761495e-05,-0.0038039612818465698,-0.004743380497272499,-0.004948255797436242,-9.24508818441954e-05,-0.00822735753715419,0.032706106849189544,0.00933900882819859,-0.009524568514148872,-0.0014278155522141486,-0.000788902948932929,-0.0014764417103914843,0.0,3.450106067645382e-05,0.0048514539163821094
14005,-0.000891393488339683,-0.0017842534742970565,0.0013762989716922431,0.0021545803620798406,-0.002649415656791296,0.0018290230798419175,-8.08417964437332e-05,-0.0037182161869099696,-0.004588337853993373,-0.005670031920647764,-0.00043229817577344556,-0.012138528237746322,0.015751069340356465,0.008744290939829215,-0.002717805707070387,-0.0015030879236050702,0.00012497902485179223,-0.001274935623330335,0.0,3.450106067645382e-05,0.0022723058100284164
14006,-0.0037934760570705996,-0.0016180303311801897,0.001533909079360598,0.0005636658755738399,-0.0021769314126055166,0.0018132629936022388,-0.0002520217880081731,-0.004108514422234214,-0.005872385052379004,-0.006273971168033299,-0.00034450724822786564,-0.011433509679324827,0.015022786616581886,0.00040644325114768727,-0.0028027606428850235,-0.001997893465493701,-0.0005774436232925876,-0.0012803653333925875,0.0,3.450106067645382e-05,0.0022874991144739994
14007,-0.004609640540035756,-0.0016559462992798305,0.001569654637991439,0.0022942899504282406,-0.003157604692940458,0.002006266262595313,0.0004904691217462573,-0.003642298168484575,-0.005140529063730586,-0.005932973865624034,-0.00040925712670643885,-0.012030257483291085,0.010297478531422391,0.006946511718088985,-0.005222726687781057,-0.0012711334414760888,0.00043523548043950205,-0.0011872128743266354,0.0,3.450106067645382e-05,3.152622718350425e-05
14009,0.020644655344946552,-0.0007458845285423062,0.0016939572701416418,0.00035053424171855034,-0.005098028508789133,0.0018049956663688184,0.0006398181694602565,-0.004932405362016936,-0.005223024433927187,-0.003805102193370978,-0.00022808637360696802,-0.008568235780566568,0.038002023094877845,0.012682267936506009,-0.003757842619463298,-0.002299817218427445,-0.0008267347177618866,-0.001848345836513707,0.0,3.450106067645382e-05,0.0048753376289378154
14010,-0.012596528321291186,-0.0008628788488158268,0.0011270803537639731,0.0009153633612148263,-0.0017608937171240014,0.0009005858872800348,-0.00029861883326539387,-0.00108174237030562,-0.0036150922143536783,-0.0039017719820728237,-0.00024674834581054066,-0.010824268855879376,-0.06731967809112778,0.0033588777411212075,-8.347119213602127e-05,-0.0009409108942085551,-6.608610473515645e-05,-0.0006814882770713493,0.0,1.647714532823492e-05,-0.013861796673038846
14011,0.0011963791775252187,-0.001212566491229814,0.0021993689860688053,0.0004347868710372658,-0.0014600809016317292,0.0015797204967226042,-9.624493735498262e-05,-0.0033184109179213088,-0.0040788777681942485,-0.003889707822318082,-0.00013055430921082988,-0.007997502150359348,0.035163305591225436,0.01348130729438724,-0.0041537959034395645,-0.0019066318074822022,-0.00046069476970889156,-0.001471639380416766,0.0,3.450106067645382e-05,0.005533437548728207
14012,0.032923246533682816,-0.0009957509707078634,0.0015542311771471749,0.0054052938743441754,-0.0061925831328692145,0.0015893021286860019,0.0006672596778628367,-0.004058930110078243,-0.005311049939776825,-0.0017069418930446571,-0.00027835493471390206,-0.00895489203605498,0.05120946918501223,0.013265854224973435,-0.0038760613388121134,-0.0024552684841602913,0.0005782062966346699,-0.0020108867161170337,0.0,3.450106067645382e-05,0.014363400542715324
14013,0.003481564127922881,-0.0012494606884568362,0.0013702776200565437,0.0004840914633448811,-0.003792390031702322,0.0016103185397234737,0.0003679772364230639,-0.005086337451130515,-0.00520321955018383,-0.0036317969308890478,-0.00012683336351790642,-0.008140719244900532,0.041644961542982285,0.013195375058463125,-0.008795717352090783,-0.0015699979169930974,-7.665665767656365e-05,-0.0014218559666595984,0.0,3.450106067645382e-05,0.007081654684120301
14014,-0.0010536168269386218,-0.0020612640674410316,0.0026763626630052517,0.003464104359080197,0.004938265663219667,0.0008659740207098213,0.0007427248604107551,-0.0033566162082545874,-0.003333304062768415,-0.00728720257871674,-0.0002468453007167345,-0.0060249573919790855,0.014976497129056132,0.00642522649011012,-0.003428610788192355,-0.001639562445957974,-0.000597130948494916,0.005042816427818122,0.0,3.450106067645382e-05,0.0024620649120705206
14015,-0.002118978960765891,-0.0017199000044489134,0.0018934454348322868,0.0022803149637440276,-0.004559748489768838,0.0018918829872245338,0.00037389652923971507,-0.005723486225260151,-0.003047979753198952,-0.004534266265078236,0.000328073264272732,-0.003912981562744766,0.03745260439884424,0.01137621468089836,-0.0034144920512269475,-0.0011628525644191577,0.014478934552578591,0.001990396607107065,0.0,3.450106067645382e-05,0.005218616902663489
14016,0.0005801514035449755,-0.002074354607050278,0.001858133450628325,0.0035347088313235618,2.1065484249385558e-05,0.0014783161672559505,-0.000317990975063107,-0.0032103310081601296,-0.003055520024730738,-0.005646845654365654,-0.00030358163126411296,-0.0033790324625414506,0.024243652955369076,0.01142156864257318,-0.002363542667019863,-0.0017668394938434428,0.0002821163613131278,-0.00042300188626417354,0.0,3.450106067645382e-05,0.005111253038839133
14017,0.0029262473320048484,-0.0014246160948675458,0.0017214496014419185,-0.00021026604962802838,-0.00048033407737470816,0.0015622953753118513,-0.00016458746681436286,-0.00444735455081809,-0.004702958899644543,-0.001761272926756072,-0.00015140161330776236,-0.00796236685184105,0.042243102244059964,0.01425867856969407,-0.0038670787430008535,-0.0014216704372279898,0.0007866482323039628,-0.0018077954420809654,0.0,3.450106067645382e-05,0.007116236211199931
14018,0.0314272897924841,-0.0010954093794282242,0.0014627592994377158,0.003022625540925933,-0.00635496770483944,0.0016163382540849117,0.0006409298202767965,-0.005015671746051986,-0.006098682106780261,-0.0021793490878764753,-0.0003046952205706302,-0.007829130314506445,0.05619621116185808,0.012222561651568572,-0.004546825369196868,-0.0029569374838595702,-0.00036527916925678007,-0.003044647179001038,0.0,3.450106067645382e-05,0.012090808785689171
14019,-0.008904512112183384,-0.0015265497224350659,0.004052444084267433,0.0008099380165107019,-0.0008878386808866454,0.0029105605151919685,-0.0003388033009107956,-0.0007921937239600837,-0.0028350129122773856,-0.005291493644472468,-0.00017911791292551,-0.006900551991560314,-0.028473547180669505,0.0028147298102922827,-0.003211593369530737,0.0006765601505263276,0.00014637394250431414,0.00029398584479470427,0.0,3.450106067645382e-05,-0.006746965491100921
14020,0.03340689298234139,-0.0011084711494347892,0.0012728326204274043,-0.0001553982628529097,-0.0023177977786416246,0.0015624641307461918,0.0003688910666952842,-0.0038645008335984323,-0.006066919869498496,-0.002918753677984633,-0.00029049553059911547,-0.00914719326625924,0.04313879480848016,0.01251043967961734,-0.005398914883923191,-0.0028284213487418525,-0.0007071923822693741,-0.002061920494965958,0.0,3.450106067645382e-05,0.009301465519794012
14023,-0.005327269136795623,-0.0015500082928246515,0.0031819328320643997,0.000835089951265892,-0.001867798533715003,0.0019930219850354414,-0.00026452019136166953,-0.0028005999204480637,-0.004898760641331663,-0.0048133803761143,-0.00038858349595285053,-0.009721976676244878,0.014802939085916046,0.007434933621006281,-0.004398589171739617,-0.00029916435104580997,-0.00044087952667403943,-0.0011783090090478514,0.0,3.450106067645382e-05,0.002125826303337846
15001,-0.0071174255796665805,-0.0014947626837198277,0.004591933145831611,0.0001412893445199268,0.006060962655919193,0.0005303676746613729,0.0029393475804344155,0.0001842599880661058,-0.004289840538440062,-0.004991888609106401,0.0001304460904804593,-0.0058204293322140395,-0.010776053262485978,-0.001803460832061386,0.005233462846718459,-0.001432265423842953,-6.902058696962419e-05,-0.001909471951807505,0.0,4.702789185730695e-06,-0.0025087409938107054
15002,-0.0076101499818429005,0.001678154972807286,0.006020654508095831,0.00024475410866701063,0.005856019611404154,0.00045440562362034347,1.3857265160479843e-05,0.00010351690979470084,-0.004328462742924866,-0.0016538823773319035,9.293510590447618e-05,0.013736429944633586,-0.0103486619508847,-0.000491776502197677,0.0032370878818966924,0.00128026775996988,-0.00034436333226091364,-0.002790079611158579,0.0,4.702789185730695e-06,-0.0027731812676568207
15003,-0.0038540958689062487,-0.001463888313510123,0.002802801729576501,2.5430193537445268e-05,0.012212245511821032,0.00045807806034931674,-0.002052494095990463,0.00017299722545416777,-0.005979047316841939,-0.0014022590317619315,-0.00014487924040829477,0.03921027510430704,-0.0051620128974548055,-0.0008289727183482012,0.004000472627297451,0.002024224976653181,0.00028648775649801845,-0.0031658565593207294,0.0,4.702789185730695e-06,0.0010089500208411756
15004,-0.009842944474696656,-0.001613390643772976,0.002548844659247342,2.9351397237259034e-05,-0.0019630716742342546,0.0002784242589045297,-0.00039902022911889875,0.0012444097623651503,-0.005050713909204869,-0.0033056392306343068,-9.74102103532711e-05,-0.012483014561193828,-0.026201645721391036,-0.0023601338874983274,0.003319161470245582,-0.0012274639574055336,-0.00014124073545184048,-0.0010300750884778846,0.0,4.702789185730695e-06,-0.0055567922327167014
15005,-0.00844116987773697,-0.0019811299715526793,0.002201889291960394,-0.0004414658368107189,-0.0037790617919294845,0.001648878627414957,0.0012991793369205148,0.001583049098046114,-0.003857198672533373,-0.003191662487582233,0.0003081482001473053,-0.012913378725757544,-0.026286100966969535,-0.0025285896832144506,0.002210066721825216,-0.0015159540359354776,-0.00021560411393355586,-0.0007783001608084154,0.0,3.370218721477705e-06,-0.006125282893340373
15006,-0.003594181218699991,-0.0020941981961683297,0.003931696727787141,-0.0018812323985777906,0.01372651917162696,0.002660885995292242,-0.0009545010281500409,0.0009827615391764428,-0.008660435614783071,-0.00041713331217380724,0.00010848416095391818,0.047004451361323925,0.007065164605553069,0.0039360364734792935,0.0027433502572089706,0.0022482545749477733,0.0008413720650117407,-0.001348453393163613,0.0,4.702789185730695e-06,0.000636791951770231
15007,-0.00829414217669756,-0.0017641289316863275,0.00340141683623327,-0.0007712586792518234,0.011488148042276623,0.0018099232837822487,-0.0011662134740658128,0.0004917151838249294,-0.006562884280956991,-0.0007470477686860528,-7.669419169297695e-06,0.04281839119907419,-0.02530514338833075,0.0021432462448046463,0.001534804764371316,0.0036029212201498457,-0.0009997165764553844,-0.003287257408598702,0.0,4.702789185730695e-06,-0.0024923664717088003
15008,-0.004541669971724322,0.0017110014886925237,0.0034560700336692504,-0.0003425835948754269,0.014801924584953613,0.003331360533918076,-0.0011088171641521892,0.0015255668296825088,-0.011635598940096647,-0.0005108534030711455,0.00014097624396911811,0.04958054505392944,0.010341613973153054,0.00027548724368875303,0.0019703183066368504,0.0034548305834818612,-0.00032329472453296337,-0.0027188693371535703,0.0,4.702789185730695e-06,0.001293895275111426
15009,-0.00943232427644488,0.000394063243584205,0.0016275953827208794,0.001489236840321753,-0.00407742758434951,0.00022841613860875767,-0.00019873280108498174,0.0009459426366342406,-0.004596650289033793,-0.004097913159639168,-0.00019579167154748435,-0.012567529540192218,-0.026270403508099838,-0.0015865375930787786,0.002509493655653101,-0.001533139257127614,-0.0003562091608858878,-0.0009772099499064809,0.0,4.702789185730695e-06,-0.0055510043141185515
15013,0.05932808215690497,0.0034614057599377363,0.0017396679495445576,0.007101203751766417,0.03286654698771527,0.0011331081397327736,0.0019771777056962463,0.009935744574261758,-0.004056580581350629,0.004369821382971592,0.0013001436663075234,0.03467981332405869,0.07303732416830701,0.007887064868957174,0.009856886110026265,0.03980275020235634,0.000993055253208809,-0.0026968130541082753,0.0,4.702789185730695e-06,0.01705164182527572
15014,0.057811546575420134,-0.002949678495241673,-0.00019505957199792494,0.0012246514985947473,0.05919873604162571,-0.00014252729845085047,0.002075153682604237,0.008747714178116883,-0.00611674667615443,0.006601642549600929,0.00023728579776719562,0.037472867394481996,0.09076996483463745,0.008109338372838936,0.009604655642841664,0.014447075908642705,0.0034762178308347194,-0.00395439231939464,0.0,4.702789185730695e-06,0.029866769437281504
15015,0.056005317905030626,0.00026076595774095695,0.0020305727891199556,0.004851768585271814,0.027114565396780053,0.002553570544624307,0.001534807247777979,0.004488393844828268,-0.00027462551363617214,0.00533654354861106,0.00012585338182009468,0.021497090292386525,0.16443284652809645,-0.010789300288390143,0.0033195942434369064,0.010354151860520674,0.0015838001611226892,-0.009105756069951405,0.0,4.702789185730695e-06,0.040946893552236664
15016,0.022563770617914355,-0.0016287516108060452,-0.00011842885230497842,0.0013676705722606467,0.00012710602189118338,-0.00010426433581547352,-9.719850976064219e-05,0.002660108711128222,-0.00023513595537855806,-0.0025555466279473253,-0.00023731128936235732,0.03603029356373534,-0.08613218870781404,-0.0012417526026056588,0.0021350943987084874,-0.0014201982523837971,-0.002524517970246565,0.011178291570155431,0.0,3.3089151231494167e-06,-0.017129143427965395
16001,-0.008348201862438176,0.00113746604751813,0.00200113170726002,0.0011669253889135067,-0.004366583001916756,0.0016294772777895091,0.0014704470932481956,0.0031738006768009864,-0.003419387021519344,0.0075803331676191875,-0.0004780100891250021,-0.009986407841268885,-0.02124836699158487,0.0012870373384735903,0.0017006579347242973,1.8174003185440677e-05,-0.0007616981789380608,-0.0009007963489086171,0.0,1.8620176206047286e-05,-0.004175654392290114
16002,-0.004409516789020255,0.0008778968398196832,0.0023178434067279477,-0.0008709565220001173,-0.0036547260918709853,0.0006746483994525753,0.0010534423330832356,-0.0014413593663999246,-0.008912158102370967,0.006949337324912005,-0.0002540509747783012,-0.011921768347293572,0.024783481233149725,-0.005837348412801873,-0.0030459819311831372,-0.001973997585395754,-0.0007815937050220398,-0.002380622143348984,0.0,9.742496819127988e-06,0.005979892716484487
16004,-0.004399957153428178,0.0004044766833635673,0.0032826953749898833,0.0009084894807887483,-0.0022782859410722745,-5.1561049222038924e-05,0.00027518402622271686,-0.0016898955055013197,-0.006799099428615122,0.0070078198873344995,-0.0004704862801043419,-0.013902065825822438,0.017735440877566955,-0.002880889167817707,0.0005864699809383804,-0.0013534357137666773,-0.0003171938025541987,-0.0021791866861593785,0.0,9.742496819127988e-06,0.0055579905568889035
16008,-0.004152027928355979,0.001438911338433381,0.00441347921520008,0.0007393518085874012,-0.0016479529493871358,0.0006471632975724885,0.0002172563017878426,-0.0007938288797664887,-0.007866834906754641,0.004945203145091955,-0.0005142703371184672,-0.01140466724186806,0.028695615164578258,-0.0010550419824762992,-0.001028813756072445,-0.002350774615698778,0.0023818038577585548,0.0038133838338046877,0.0,1.8620176206047286e-05,0.006263255851755923
16012,-0.004282095840818273,0.0009124937060864455,0.002173668902295152,-0.0019402018040257255,-0.004024050870622028,0.00021987040576644098,0.0006203783640179651,-0.0019161048627902718,-0.010100677601002358,0.006644323750543124,-0.00020106765914678317,-0.011460594244656232,0.025292738690265305,-0.006991246343560919,-0.0029264468581253803,-0.002266464797011645,-0.0007238880514066094,-0.002640835375271931,0.0,9.742496819127988e-06,0.006132773078278196
16014,-0.0047682745200617015,0.000640655354964794,0.0022682572350907547,0.0006910658653328588,-0.0032217492552451196,0.0003261995743562236,0.0009549036871651212,-0.001543595226059047,-0.006396608628947949,0.007899707107205604,-0.0006217480773943972,-0.014153321106403601,0.016330149213720214,-0.0028988047420115005,-0.001929044911960952,-0.001863486169420876,-0.0004609582127525176,-0.002146748066206232,0.0,9.742496819127988e-06,0.0038693788769742178
16017,-0.0046050665722220776,0.0007877352977134792,0.005061873047549585,0.0017227240630563036,-0.0009208279304004562,0.0018477694619766331,0.0013021663219520989,0.0019831136883600173,-0.007884408342288507,0.004916427030564049,-0.000408775631994519,-0.0014455974530294276,0.022618003201380903,0.005370504160860761,-0.000498936640083401,-0.0009557116229024394,0.00023619663631621428,0.0027937380818295753,0.0,1.8620176206047286e-05,0.005624093745872793
16020,-0.0042739543242780965,0.000424448268628957,0.002160876299660138,-0.0003396359448483797,-0.0033858013237177973,0.00023725143556769808,0.0007575830830130125,-0.001242844762519288,-0.007814020791446408,0.007593535708068043,-0.00026625198720933615,-0.011004130461013215,0.018727857369081235,-0.004839260916308816,-0.004349434680679418,-0.003183880199843461,-0.0009361695694031518,-0.002175628305243129,0.0,9.742496819127988e-06,0.0053939995651472
17011,0.0004532294770841669,-0.0010572196399151535,0.0021059109652707513,0.002327604767626055,-0.0023096456335924137,0.00020304914918981319,-0.00032161758811469443,-0.0016825741219588213,-0.009524439951756307,-0.004123043839099648,0.00020185964280264605,-0.011293267817201146,0.03515937154009569,-0.003373688620730625,-0.0001115396548427469,-0.0025538501141422138,-0.0008968965127465581,-0.0018930054497394244,0.0,0.0003996216814993507,0.005343075634826919
17014,-0.011176379867029752,-0.0012372598617399408,0.0017966475169488877,0.001065268221043921,-0.002756039995368136,0.0001804832973285266,-1.5349716199612466e-05,0.00257534331806736,-0.0032565589323618103,-0.0068909512751620635,-0.00018787985609190763,-0.013705173969546658,-0.02167712412166773,0.0024290524046333205,0.0029680812771231573,-0.002426184500196102,-0.0007182618897796729,0.01053920456047015,0.0,0.0003996216814993507,-0.005437177539222507
17017,0.006992453083741946,-0.0007935346379120094,0.0017801659882877962,0.0015048926391886157,-0.0041863087837528306,0.0005184357731389588,-0.00041137366582798566,-0.00051777332477624,-0.008318924575272665,-0.0040567114067919545,5.080762884801201e-05,-0.004406000178768202,0.032408792562430094,-0.008466343725396541,-0.0023178085976830447,0.002260839806620416,0.0008586408816998333,-0.0017084181781982818,0.0,0.00010063694610687289,0.00554981518540713
17019,0.0016988485578935363,-0.002218878285582412,0.0012579195164637927,0.005671880247504647,-0.006039253699140852,0.00011069776847323274,-0.0004995601904205456,-0.0004650487785726449,-0.007264640347445448,-0.004725875092940176,3.678284627519579e-05,-0.009274248355872738,0.031238030091283057,-0.00877753565212078,0.0032863425602407,-0.002535119377145327,-0.000970620848132108,-0.001547507225123055,0.0,0.00010063694610687289,0.004340525386422318
17021,0.024826915297679185,-0.0010514373695450505,0.001002567493091682,0.0018126555251797697,-0.0047639054879100775,0.00015341878675767306,0.000656077105848771,-0.0013278642760007342,-0.009157487179906143,-0.002251512958685274,-2.453860870361387e-05,-0.008310446261018747,0.03168910107581061,-0.0075068036925411965,-0.0018753923816009846,-0.003212759622048952,0.00027522474574744694,-0.002586207301732925,0.0,0.0003996216814993507,0.0035862687387798794
17022,0.08501002267902023,0.00010815504337450196,0.002800006663180406,-0.004158573727682231,-0.00608176212144042,0.00018104834594710658,0.000697107010812004,-0.0003277142844552111,-0.012225657585963633,-0.005600497657922812,0.00048179132105406205,-0.0021392922939410964,0.223969488187588,-0.010499410272517662,0.0019187144119170775,0.0009566918573197606,0.002489550770124913,0.007120182863942779,0.0,0.0003996216814993507,0.0642172393406035
17025,-0.005099848730601487,0.0016302954475346627,0.002557000677466294,0.001214203863029705,-0.003941913821189182,0.00013931257313532508,0.000350431704510753,0.002867623847823106,-0.0033134556963169575,-0.003930727195290452,-0.00031187685067140945,-0.013946425279533953,0.009430692145002221,-0.00405999449001247,0.00029602290255784065,-0.0011272928401913388,0.0031261997373223565,0.0047095873642849125,0.0,0.00010063694610687289,-0.0001763845855552251
17026,0.00022591412038132692,-0.0011668408073456044,0.0007775262787835022,0.002355164142038189,-0.002051485054731222,0.00044380162087415424,-0.0002917589498568817,-0.0005169478091487241,-0.008241358748060002,-0.003597621891993256,0.00012713305570641065,-0.012311277074164231,0.029840957739740246,-0.003737482479312537,-0.0009682752345580807,-0.0024147580898893533,-0.0008735782563482072,-0.0020985732205371383,0.0,0.0003996216814993507,0.004254915641304931
17029,-0.007763135508842228,-0.0012565395529894033,0.0033356935288785727,-0.0006197826191988714,-0.002827199908878406,0.00039351591150616584,-0.0002959923842274973,0.005777153776009771,-0.002446702226855332,-0.005642809245875801,-0.00024317655378899898,-0.01202637197018064,-0.007728813807515853,-0.002867344976808827,0.002444683225201047,-0.0005640382558038737,0.003338665577887021,-0.00032872847018172334,0.0,0.00010063694610687289,-0.002630830718523523
17031,0.0001819124428241735,-0.0014911259391855753,0.006115415979751506,0.0010044504435503512,-0.0020413500342858315,0.0022221504191325702,0.0013763824433283092,0.0008773166977219728,-0.006303593382083078,-0.004280159156007373,-1.0306231494206665e-05,-0.009898635852080034,0.029545812792384944,-0.0039829164017484,0.010578639243618166,-0.0019719407467126446,-0.0003037135437287497,-0.002371343940583898,0.0,0.00010063694610687289,0.006300653919165774
17032,-0.001497434257609448,-0.0016012148782669493,0.004494716676632644,0.002292374338380927,-0.002060628101346371,0.0004075378708093746,-0.0005554289471612666,0.00047159839899249073,-0.004685680086812767,-0.0043287255400438675,-0.00018413652077114807,-0.003926414752596023,0.013134014669704137,-0.00475885072936572,0.004305819152131706,-0.0016953906488305275,-0.0012213376905274205,-0.002540762799448134,0.0,0.0003996216814993507,0.0031514952829190097
17035,-0.0068754278614246095,-0.0026304841011595428,0.004000295861113295,0.005179509635160492,-0.004362787167393619,0.00014356401465418102,-0.0003577681360510346,0.0031579721013936003,-0.0032511328771848078,-0.007046817748853485,-0.0001840331472346637,-0.012257607380684665,-0.016686231303669172,-0.00147055129286804,0.002182604778895401,-0.0006680525535288867,-0.0006909441220407658,-0.0006070154386061066,0.0,0.0003996216814993507,-0.0036222467873975425
17036,-0.006331555578097189,-0.0015175266370392984,0.006036287459505718,0.00798165638137602,0.003686416487819654,0.002222756107392216,-0.000442262904597449,0.004118716380364863,-0.0019925171615811305,-0.006126637820957288,-0.0002770138312683938,0.0007430795509409001,-0.018058693385267995,0.005548242668875215,0.002040716001241729,0.003136346464682089,-0.001048481896423326,-0.002068407423233141,0.0,0.0003996216814993507,-0.003600588863396343
17037,0.07628017761693602,-0.0004944872475007718,0.0022823901522900708,-0.0020142940712534227,-0.008699737272197241,0.0008162104761313426,0.0008216580649931906,-0.0016405473737575588,-0.015616994592641256,-0.005295933925394503,0.00017663966660051266,-0.004897022168179395,0.1571535030957231,-0.011190320363533983,0.0012570138599698152,0.005007224436918929,0.00025924359098880015,-0.00682759060100881,0.0,0.0003996216814993507,0.038196667240148266
17039,-0.008322886968068044,-0.001401029590775123,0.006528827419220097,0.001884672694597554,-0.003383145200881809,0.0024104709389463604,-0.00020731015536788852,0.0035982842113708078,-0.0027082605157375153,-0.0053290816655807306,-0.00010184437071829612,-0.005514485234704308,-0.0213642455958457,-0.002710669879082508,0.002882305519848217,9.742564400785007e-05,-0.000458812380944923,-0.0011981648961506238,0.0,0.0003996216814993507,-0.005464184535330669
17040,-0.00556093002957208,-0.0014767220935131985,0.0064269052202869945,0.0046637878733579415,-0.004179208948550619,0.00298728732243877,-0.0006621030241172382,0.0034396440063828204,-0.0034795680546732357,-0.006473086223897203,-0.00030919916651725795,-0.0019108787716469414,-0.00857950767238574,-0.001046515146769609,0.002809595029419711,0.0031459027826606493,-0.0011280663087022522,0.001820860961194068,0.0,0.0003996216814993507,-0.0027389477243430806
18002,-0.0012600125160442833,-0.001004086965149128,0.0037752553373738853,-0.002376816396420505,-0.0007943388568318395,0.001009140278010129,-0.00028871626727716606,-0.0016733815541038351,-0.006853578455212027,-0.002370083897330491,0.0009329713225832096,-0.010977643932397599,0.01621469198104041,-0.007247319144784297,-0.0018062395433579611,-0.0018543454182473676,-0.0004279337903861374,-0.001332863125321451,0.0,1.8620176206047286e-05,0.0044853211877336095
18005,0.027316065475219115,-0.0004380698121261298,0.00486938860905001,-6.556637557430814e-06,-0.0027530189125434946,0.0027743588611952637,-0.0005417982555539266,-0.0011805300421320352,-0.011757068964464386,-0.002367646553805789,0.0004203006136685383,0.008807091622337022,0.027227296405507535,-0.01183731234377325,0.001196494216442387,0.002994214816183423,-0.0005706957507916226,-0.0037427496250579248,0.0,1.8620176206047286e-05,0.008853727199628325
18011,0.01706400220140549,-0.0008473515440499806,0.005096476331762577,-0.004073252676035223,0.00063696325802727,0.002965911955746102,-0.0006715234023878685,-0.0013892894585493388,-0.011075779991612576,-0.0037356764697453354,0.0004785838570752339,0.007183616594076052,0.030867478660901518,-0.002119555578635824,0.005864592112721575,0.0015535244846437773,-0.00042029547097267796,-0.003083729713446557,0.0,1.8620176206047286e-05,0.00539681782467875
18012,0.005824809097643111,0.00018401578846755407,0.006006260668343158,-0.0008570705877892782,-0.0031472180911513385,0.0030517425321421126,-0.0007981050508246493,-0.0015133840340594768,-0.009860379861610332,-0.003016066468561641,0.000345006201859827,-0.001418806607919824,0.037092343671787396,0.000964684583915963,0.007623531780974742,0.0010072428548108627,0.0020982284857106637,0.00036383571278752834,0.0,1.8620176206047286e-05,0.008373782028444401
18015,-0.0014034701077077264,0.0013933681104561562,0.004660340634420988,0.00038851583977150047,0.008652110906172369,0.0012343208217971116,-0.0008215632394741003,0.0006202560972595301,-0.0050823770152461705,-0.0029169221399697708,0.00043834981667237934,0.011261126860097344,0.024246154656856804,0.0006413051003728899,0.004723577147301295,-0.00201705149279116,-0.0008629372315169467,-0.001717143538567122,0.0,1.8620176206047286e-05,0.006807471516532398
18016,0.03395875229870879,0.0007573180515894377,0.004689728163028724,4.313637597694286e-05,0.01502870168454221,0.0031429577987410265,-0.0012392720069747862,-0.0008155596882000871,-0.00809818952712851,-0.004890820163804697,0.00040490008429882067,0.010583090687397908,0.03340652496183953,0.00678671660100976,0.007275654074461788,0.0008677525027411993,-0.0005111313917544574,0.0004187837660008348,0.0,1.8620176206047286e-05,0.005013677232066795
18018,-0.0009222228914229045,-0.0005408685090043313,0.006784492537210548,-0.0008000204293406362,-0.000186049720723303,0.003861650757873468,-0.0004936382408372773,0.0012925643980771298,-0.006170036349300319,-0.002911162413553105,0.0011588035898544172,0.0021245901919747616,0.022379548668778403,-0.0008185468507309174,0.003563817398233725,0.0026539222126677592,-0.0015578365915164582,-0.0012273038184499947,0.0,1.8620176206047286e-05,0.003539912829165717
18019,0.031712839283888225,0.0013716309826976587,0.0023218845111775046,0.00890373716393186,0.0026450317644992572,0.0017292486689964575,0.0006954020495040591,-0.0024755025117383614,-0.012049708113493606,-0.003581374227379129,0.0007350427174595098,0.019309409637960757,0.07166268833821966,0.009109245988354634,0.0059679719994826875,0.019372915449454898,0.0011712437869567235,-0.0010050073171716226,0.0,1.8620176206047286e-05,0.011750203400194682
18022,0.14399928763910672,0.0029771093419931807,0.0028633549210634007,0.0029808837862128445,0.020936744986141297,0.0022395718029285605,-0.0005207326371244647,-0.0011535694598029714,-0.010338362176511528,-0.009754242659052332,0.0021222187165208413,0.02244881856420107,0.3399676633077955,0.010647729134983257,0.00658222852419153,-0.011056207120630802,0.0005341201505062675,-0.003671596702717976,0.0,1.8620176206047286e-05,0.10050603847796087
18024,0.0271028004863142,-0.0006520889221096732,0.004779740663676643,-0.003755985412071728,0.00020827320365898768,0.0023856708694067817,-0.0003440260274556539,-0.0011001858876588388,-0.010407923708000444,-0.0031763493350772543,0.00036305647627791733,0.012931930304523866,0.034775658217571455,0.00952438655948953,0.005919023856239694,0.002506971741786316,-0.0005298416453382232,-0.0038704454767252133,0.0,1.8620176206047286e-05,0.011339075614014324
19001,0.0029338409971795387,-0.0013516832389610242,0.002345186662581193,0.0031404728239404238,0.023500159365984496,0.0015748542758519367,0.015422627695887862,-0.001203172781938257,-0.006482388604886408,-0.004357288936390601,-0.00020353217010958462,0.022464607202322795,0.03361269195092679,-0.01119747056848919,-0.0013485424773255856,-0.001675714150005702,-7.984468990872157e-05,-0.0015645256365353713,0.0,1.8620176206047286e-05,0.006952348504888798
20003,-0.0019722262030160394,-0.0007581015819232522,0.00393773542899544,-0.0037497837307768206,0.019389093948667724,0.0007487713555654878,0.0014895745254562887,0.0013977573767090955,-0.008977504982130052,0.0016057442618856636,-0.00021171806865059447,0.02120133806943894,0.028616375648636345,-0.011789991133367296,-0.002010342742320439,0.005503607786177537,0.0019700505150837817,0.0011673449187059874,0.0,1.8620176206047286e-05,0.0076990715822630165
21001,0.03529924977900195,0.001975839426008763,0.0018376244845280242,-0.0054525229933237215,0.02646226092549313,0.0003163954865013293,0.0003962613295782711,-0.0026347018522095023,-0.011330803508392806,-0.0005365279189481492,-0.00045431217479562086,0.010687567683191328,0.03744154968933033,0.0002543895695820569,5.621340536242602e-05,-0.00939827959753774,0.007976408117698688,0.02347038276123703,0.0,1.8620176206047286e-05,0.017087420062457653
21003,-0.008323490211836735,0.0023463898988952503,0.0034252735490924217,0.0010657429910223778,0.04010491831025115,0.0023738804487752306,0.007880841478742504,0.005740326218501577,-0.013560431030358448,-0.0008053209498765467,-0.00018875617104734788,0.061330400134625845,0.025201097630035953,0.005815151453116001,-0.009087917688655705,0.007396482912502468,-0.0003639246606219318,0.0043905916334234015,0.0,1.8620176206047286e-05,0.0037607181802120433
21007,0.013500400598335831,-0.006354984409536883,-0.00017551824815785187,0.0019333642657127018,-0.0013528330216461273,-0.00013830065708852582,0.0011491002080856324,0.007607101892432553,-0.0045253605954054185,-0.0002576281574840796,0.00028398647009997264,0.19147892983947795,-0.011413974604202702,0.004703449636614803,0.008172201342439525,-0.0024524312516712643,0.009645765550432832,0.009205107114370299,0.0,1.01511054220954e-05,-7.376401433757092e-05
22001,-0.000378629972697228,-0.0014167472493781781,0.001618889463545921,0.002670210335679245,-0.002550845740557653,0.0007093403857356251,-0.0001969328928523357,-0.0017568994769210883,-0.006013280643955022,-0.00257171804356047,-0.0006901198666828973,-0.007475492121279546,0.01772185796065974,-0.001769082562786584,-0.008321946301545795,-0.0025836033644088202,0.0005514641399847748,-0.0013822124543253313,0.0,4.702789185730695e-06,0.005247014022799317
22002,0.002899167246750321,-0.00020802002384910854,0.0009108226828708662,0.00474238552176262,0.0004327539380560935,0.001591092102972241,0.0007141505784774049,-0.0009345527267478668,-0.006051875858001118,-0.0018112776226766598,-0.0005169768574133306,-0.00903785428049077,0.03339686472604033,0.008102931314987691,-0.003970295597904092,-0.0016597697172905292,-0.0004081559261263403,-0.0011919936716150114,0.0,4.702789185730695e-06,0.004826460988475029
22003,0.03199852896477084,0.000651672353164104,0.002384152237095201,-0.0006467600174038878,2.8542428794769134e-05,0.0016733976918165937,-0.0001730619431859465,-0.0019454321993528207,-0.010605223341146768,3.962036775697336e-06,-0.0002958489954629155,-0.004129461055643556,0.03651800980361765,-0.004949508835207661,-0.00506050656052617,-0.0035045585488466236,0.00019805430634278252,-0.0030011429676849066,0.0,4.702789185730695e-06,0.0075180353285083275
22004,0.03183379536195062,0.0007832774768203407,0.0030570769210716423,0.0001356401412686936,0.0006458692184371669,0.001390590127571171,0.0005879594147301446,-0.001477536414927817,-0.013164005052663314,-0.0005649435821926479,-0.0006881826927755504,-0.004085019342189793,0.0662543636626455,-0.0036316614032779063,-0.004029360591899731,-0.002945127942981911,0.000817821542947283,-0.004672459854803373,0.0,4.702789185730695e-06,0.01914071394703054
22005,0.0018701741236391131,0.002045964655287966,0.0018341825877876998,0.002146210808541633,-0.004293596844976283,0.0012137950217408781,0.00040565489895281814,-0.0011662955950009796,-0.003954693462103217,-0.0009114655197238701,-0.0007679195938491655,-0.010361700846626881,0.020656431407828656,0.0076741963838253355,-0.008648896956787978,-0.0006087621657350402,0.0014565768289614173,-0.001398116247038703,0.0,3.370218721477705e-06,0.005155456053381186
22006,0.0014662243066886698,-0.0015661019499431854,0.003307127805771462,0.004832201655948663,0.0020978561628109313,0.0004869545964070476,0.0006885882854576503,-8.97852556559046e-05,-0.005939284420928557,-0.002463844951546947,-0.00040862836769301706,-0.004910944461319202,0.03895930768674578,0.011846013110432593,-0.0026169468963886983,-0.0026002981829102026,-0.00034528986302679465,-0.0008036721406414211,0.0,4.702789185730695e-06,0.005997663928534646
22008,-0.002244874084876227,-0.001499402704295546,0.0014311925212619567,0.0036915767462164933,0.0023377346115861573,0.00014625601116527895,-0.00010834046641968228,-0.0015521880957892083,-0.004529253107706776,-0.003396560180209988,-0.0007348834506479704,-0.011693502628139318,0.016096057464941315,0.003282504954020601,-0.002791862776324404,-0.0020658403834894383,-0.0011471264475014591,-0.0012467820597855854,0.0,4.702789185730695e-06,0.0024759126100286923
22009,0.02330606799525592,-0.0009903720347334184,0.00327347223825503,0.009029959467117597,0.002288436183959635,0.000855955322473254,0.00034973442064626086,0.0005294216879090369,-0.009178518315208497,-0.000817434443154983,-0.000409316143111484,0.0006625082064808245,0.03590491060558039,-0.004972247289835148,-0.002255332972308289,2.4464766109095855e-05,-0.0006686149471094092,-0.0024947508893308373,0.0,4.702789185730695e-06,0.004791413028586392
22010,0.00109039391570972,-0.0012100261178049207,0.00203228016344122,0.0035165557967348597,0.0010177173201587754,0.0014223834173731197,0.0005283025692053114,-0.00043356261356905827,-0.005312029532977109,-0.0016544752186811937,-0.0004069474491271068,-0.009519799651659671,0.023024053299682167,0.00855111490637716,-0.004333356071724342,-0.0015290561463761365,-0.00012040537427954873,-0.0014599348283083169,0.0,4.702789185730695e-06,0.004993413750879688
22012,0.0318073412873168,-0.00106217236267098,0.0035830076522077726,0.006712040849561724,0.0024201713518523377,0.0017594729781750685,0.0005891717090061439,-0.0009140432440790716,-0.007890113925427778,-0.0012047300092003763,-0.00030912251847308234,-0.003855406719180942,0.04210301401768069,0.00738421481723641,-0.002302688533420947,-0.004368266691132028,-1.8084344045544944e-05,-0.003048195954509171,0.0,4.702789185730695e-06,0.008565941253267298
22013,-0.0019426972371826747,-0.0012084391578500659,0.004621946752201019,0.003444740898841524,0.0010364077655102347,0.0020851685390624584,0.0009492102462526599,0.00031691119691325183,-0.004299514511981595,-0.0022116682126786186,-0.0008834590887008574,0.00406990228229065,0.022904129537622706,0.006833891861480121,-0.0014624211682690241,0.0036689771002638262,-0.0003687286231110221,0.0033147860139495144,0.0,4.702789185730695e-06,0.0029960047668411618
22014,-0.00685605911365959,-0.0012846351891994962,0.004745723406769709,0.0006715188305765738,-0.001605603979353724,0.004080065968237378,-4.2145641256505196e-05,0.0018439992559544356,-0.0038571106756336102,-0.003994284539726868,-0.0006531403006229066,-0.004202986013618338,-0.01960381297229722,0.0030257268934712513,-0.0010336757559609158,0.002461957281180243,-0.0005470574350719744,-0.0011861128987392415,0.0,4.702789185730695e-06,-0.0043474274514142324
22015,-0.00651882368067771,-0.001386356761533579,0.00662057528248447,0.001752871562687789,0.00680141353209875,0.003542286479768899,0.0027217153499586163,0.001513024022639996,-0.00275381260482845,-0.004546176962985526,-0.0006969649028507232,-0.000523565423570884,-0.0018043222365279421,0.0024781069116458485,-0.004695036773560727,4.20286559016324e-05,-0.0005356049283095149,0.006984432134704953,0.0,4.702789185730695e-06,-0.0032650684008699326
22016,0.034021139893530006,-0.0005198237820789965,0.0031867877469811227,0.0034290505745571986,0.002968193750028282,0.001609445154989018,0.0007684116859567286,-0.0013582215479196965,-0.010906131660314806,-0.0018933530898354945,-0.0007380208835268169,0.007003264200288527,0.07801016232155925,0.005077235027291761,-0.006768026212879821,-0.0020679062589652668,0.0005996672178307797,-0.004470941875385708,0.0,4.702789185730695e-06,0.0280693150083506
22017,0.00145497986845656,-0.0010361207484803285,0.0014369776175445696,0.002853164906119908,0.0029134468373740938,0.0006619845664400306,0.0009014916252033352,0.001992380000078432,-0.0018866426177135101,-0.0031351024829827435,-0.0007794953068366327,-0.012273694607547047,0.011369393972012526,0.0022484663602458897,-0.006532712272430996,-0.0016334935340105432,0.004142113940280322,0.014139882046986602,0.0,4.702789185730695e-06,-0.00021087957288754542
22018,0.0279384219019855,-0.0007779133461155603,0.0015956421317006781,0.00017078849308423138,-0.003307287621550871,0.0012934323435410038,0.0006924591942619043,-0.0016949690452739898,-0.009130740828833013,-0.0008629088987134914,-0.00038421796019620094,-0.006884183258422208,0.031606781077146484,0.00012570252455713752,-0.006381355860807611,-0.0031896742729356433,-0.0005013728154691112,-0.0018265191646462198,0.0,4.702789185730695e-06,0.003859957949491942
22019,-0.0051736708622045725,-0.0017449558415180162,0.0027305777066261388,0.001629585207375334,-0.002351268146067727,0.0025682362273053267,-4.3044326533715496e-05,-8.88046517037097e-05,-0.004653371600613793,-0.0037938810732799735,-0.0007289655716153894,-0.0122737712283405,0.0015550288015337616,0.004695015240551101,-0.0020542960566176938,-0.0009366031228558821,-0.0009144976451935716,-0.0011584210007184999,0.0,4.702789185730695e-06,-0.002580835182401803
22021,0.028053887753241576,0.0008012442329474158,0.0026213124514400886,0.0038951127195789954,0.001631919351300254,0.0010687845385323024,-0.0006358981486390706,-0.00014777296135609836,-0.007414839239508525,-0.00014339187463686514,-0.0003061667357878466,0.002017081748181678,0.03769122641724067,0.00799492086221044,-0.0028592354030136987,-0.0017647704777341631,0.00018022600545735185,-0.003176516148833905,0.0,4.702789185730695e-06,0.009337281071238228
22023,0.002027501552263065,-0.0015592771583404848,0.0037138267523882905,0.0049473139262869,5.604496942708264e-05,0.0010268829550387141,0.0004582849881838993,-2.4999095757290127e-05,-0.005249057762083746,-0.0012637637294131755,-0.0002570384284439218,-0.0017512152359888357,0.04193854867260876,0.009005717114319542,-0.0028557342755750484,-0.0021129764031225574,9.041739554095154e-06,-0.001378390205356998,0.0,4.702789185730695e-06,0.005839492875075244
22024,0.0034790047398026605,-0.0010405868925001847,0.0016149526245180612,0.0060134366488480825,0.0023016190405042575,0.0010037680384733139,-0.0004827962517019665,-0.001103317300169001,-0.00561603195460101,-0.0012471002193383683,-0.00023376598161407855,-0.007929339039350282,0.04494369668081909,0.011092991893291734,-0.004205190555092065,-0.0023077517113831887,-5.621022282784873e-05,-0.0015610694157060772,0.0,4.702789185730695e-06,0.007491679843785569
23001,-0.0030878036978355897,-0.0015280415137029016,0.003340945990193259,-0.002313134474748338,-0.0021249564525145518,0.0014226251490360399,-0.00027236747931323757,-4.1883601357958166e-07,-0.008381389367641793,-0.0049445501947609745,5.2254723602416204e-05,-0.01280895593676644,0.02359956579981443,-0.004536662196844409,0.0003353697211526275,-0.0023867063564472833,-0.0005315926118081742,-0.002129931220195753,0.0,0.0003996216814993507,0.005074192770595682
23006,-0.004392796980289895,-0.0009180307474602657,0.008974470874071794,-0.00041989744199418655,0.002099090734094271,0.0029389992467190474,-8.582778265683435e-05,0.0005870680198883273,-0.007152664504138964,-0.005429227507170231,-0.0005295465943723814,0.01795909517010658,0.017586665052088633,-0.008747578407567987,0.0026809779153189263,0.003720893587079707,-0.0011365268184077794,0.006529802884599442,0.0,0.0003996216814993507,0.0027360067277420103
23007,0.026056777167974377,-0.0014710164509227055,0.005630793079545393,-0.003639761155372447,-0.0007380026983813485,0.0032617321318097795,0.000713065156338284,0.0005988336540129823,-0.0077039983268859785,-0.0030766723223920934,3.658750963977126e-05,0.0013528236524778467,0.03557952309176613,0.008359256252104685,0.0037121981695715394,-0.0027183564116616495,0.00030610350006390544,-0.0030812156459534765,0.0,0.0003996216814993507,0.0052934799775175
23008,0.026990199812039185,0.0010949122810927216,0.00457504608320999,0.003440873536235724,0.013021830130948917,0.003964837834010407,-2.4713774967425954e-05,0.0011759524247773867,-0.005303425926500201,-0.006566291360533424,-3.784083039624169e-05,0.01005931602199844,0.03711642624746555,0.007159314625799526,0.0017190340902847397,-0.0009580455409788907,0.0001197063537060289,-0.0022544660823424394,0.0,0.0003996216814993507,0.005062888228246614
23009,0.029720037697341998,-0.0014839822668124146,0.005206431647346619,-0.004691059130762674,0.002395795378028672,0.004057391828755528,-0.00019032935019253644,0.0002576130222332393,-0.007524112394462848,-0.0030555887479549668,1.1554861165826263e-05,0.001218827576636104,0.0351227801709417,0.009252221646097208,0.004724144660079495,-0.0025238398694801462,-0.0006459177343603092,0.0023757328089441944,0.0,0.0003996216814993507,0.008716772375147796
23010,-0.0009792903685868163,-0.0007869517282841455,0.008028713293513656,-0.0009318493902210788,0.0016097937841012971,0.003543188606891905,-0.0006523341841506606,0.0010225216069518909,-0.00570694407276258,-0.0043058526286526184,-0.00043241853395863334,0.0018365457539979058,0.021641765311996193,-0.0019980798653793175,0.005342099734350554,-0.0011456944493757444,-0.00022012218797390449,-0.0013342007703189055,0.0,1.8620176206047286e-05,0.006489185483353198
23022,-0.0007953408316048809,-0.0007328793698246756,0.007041017533182402,-0.0007852109359088053,0.0015041954417006071,0.004144509097734967,-0.0006483287431224111,-2.5247917845821296e-05,-0.0073337730967835656,-0.00553113511414385,-9.923488840890144e-05,0.004134832390851003,0.03105201385398347,-0.011492622978481264,0.001193071258241061,-0.0005580775402858769,-7.909399795897107e-05,-0.0015617827569828818,0.0,0.0003996216814993507,0.005938004213555892
23028,-0.0009234717690403647,-0.0015125121999158561,0.0058588096097813075,-0.0013944621703296163,0.0008348018951333325,0.004557504987585922,-0.0007419001637246745,-0.001042713825723593,-0.0072271415184044525,-0.00478459790257309,-0.0002537567207919994,-0.009337012556960103,0.022524817907580083,-0.006699979563087076,0.00731498751580179,-0.0005726883319174868,-0.00017521935396106963,-0.0016147844014039164,0.0,1.8620176206047286e-05,0.005717146268988438
23029,-0.0016349694300840307,-0.001145146355304868,0.004121854046276598,-0.0009682449615526615,-0.0010126050928000267,0.002938636000309753,-0.0002855946945105536,-0.0020244013639078564,-0.009014007179945634,-0.004369809590344103,-0.00016496377853256636,-0.009098214571826567,0.029505522537343818,-0.010373602624044395,-0.00018544106655466825,-0.001982644894014884,-0.0010563669542172985,-0.0016283831474430085,0.0,1.8620176206047286e-05,0.005568767952457378
23030,-0.004727360008044004,-0.0015457061309010302,0.005722775995524216,-0.001830298366412731,0.0002827798640334029,0.0021301855234285827,-0.00029722735575372266,-0.00044504103340334343,-0.007433525103473939,-0.006118603156615025,-0.00027940299585414827,-0.009014339482513274,0.016260476959794826,-0.008573557155785798,0.0006873193375189759,-0.0012279281994916499,1.9221943076601727e-05,-0.0015990130274205958,0.0,0.0003996216814993507,0.0050013560060365074
23037,0.0007547930694691715,-0.0017511892707202312,0.0050453179510082545,-0.002760673809878533,0.001365064745591996,0.002906776938308214,-0.00032883753633723185,-0.0010445069934551202,-0.006868853980890221,-0.00625565145406198,1.5662766228859106e-05,-0.003928566226206325,0.030484030963529127,0.0003058946758405441,0.0003058921579276049,-0.002202911953702926,-0.0006960869118749321,0.0025895808396963786,0.0,0.0003996216814993507,0.00429318187559773
23038,-0.0015225190518915201,-0.0015359658416311164,0.002408445624775192,-0.0008311183717681473,-0.0018815074151509248,0.0026659022224316074,-0.0003436054436889266,-0.0002631009058810302,-0.006841824932136245,-0.00484532102574266,-0.0002925495941697627,-0.011104790259673859,0.019640733190208207,0.005344333468075113,-0.0004930522099449233,-0.0012306509854001673,-0.000325909755189682,-0.0010180044592408466,0.0,0.0003996216814993507,0.005690441411004783
23041,-0.0035248394286913768,-0.0013382812729145481,0.007322019775876392,0.00031912124777642954,0.005713836926293432,0.00174223533110736,-0.0005358969316018718,0.0007681533813508345,-0.002773781673038938,-0.004467012650194713,-0.00026067616741746834,0.005449509324603599,0.017498864353215234,-0.00863386867767899,-0.0029708855037383977,-0.0018352593074608182,-0.0007551175345844841,0.0029823263771233304,0.0,0.0003996216814993507,0.0024318695027806974
23046,0.0012363880651359341,-0.001182686974556185,0.0032073575839762438,-0.003715951725834624,-0.00303666964519085,0.000815183034023855,-0.00018379424845399987,-0.0016197707486300577,-0.0088700009848187,-0.005029856741506087,-7.173225356324909e-06,-0.011860926958860317,0.034537014813781027,-0.005941507828245125,-0.0002490413249111187,-0.0030178343786277945,-0.0002838748779906323,-0.0016068757405451977,0.0,0.00010063694610687289,0.004982553119911886
23047,-0.005031954645948234,-0.001520078946425152,0.004896515767026741,-0.002940073419531833,-0.0026441133520703633,0.00016559597726663382,-0.00045472016149631305,-0.0007914263360044339,-0.005009435653321604,-0.0070945193678053796,-0.0003127471236673854,-0.01068379271561282,0.014177810991044607,-0.0054548486184832585,0.0060729673332215375,-0.002070202016904022,-0.0008814891394148201,-0.0016105292878009802,0.0,0.00010063694610687289,0.0020452768954046623
23049,-0.0010310970303251822,-0.001356058800914359,0.003920229411523161,0.00258210653119742,-6.592707061944502e-05,0.0019683467358837833,-0.0004953528648797675,0.0017691431122295763,-0.006616170715929331,-0.00486906760529499,-0.0002309137372495258,0.012890317552407998,0.022976250595513777,-0.0014588640503743122,-0.000986657022484409,0.001356167401216098,3.733546899578787e-05,-0.001392216340157214,0.0,0.0003996216814993507,0.0036590895849900724
24001,0.10292974329442008,0.0036312013983580416,0.0018900393286142142,0.006280808332439289,0.05436101982890808,0.0028387469125341837,-0.0004817433340977705,0.004332743962550499,-0.011928273575209371,0.006327909329514127,-0.00048136173427861613,0.040669443192556796,0.3662864812873488,0.007486069116788108,0.003053978071101616,0.014304691280054274,-0.0006600409931678907,-0.00412471532837743,0.0,1.8620176206047286e-05,0.10520155736872305
24002,0.05517586707021827,0.007466855154163206,-0.000145428382797085,0.009369011084787496,0.08336660908046334,-0.00011978481166508049,0.0030015910737591473,0.003452566201470229,-0.009671441152339274,0.0034765756752519706,0.0004992968356105622,0.12581238740040257,0.09169385683284646,0.035208135282926586,0.002442758221236047,0.01373047513278926,0.02251413007057989,-0.004045781139302258,0.0,1.01511054220954e-05,0.01317512733435528
24003,0.07290212576743925,0.003065082275348223,-0.00013214120933705556,0.004464030098269039,0.07347203046096641,-0.00011348598787560637,0.00033550721383351543,0.00572302384562417,-0.012275650423890625,0.006384821998047496,-0.0005372226432531803,0.06331779804231132,0.22875493921369924,0.031094957187987673,-0.0019736709257181413,0.018036702085427285,0.008886720351910755,0.00392095435556602,0.0,1.01511054220954e-05,0.059966392007922545
24004,0.04441435285842402,-0.0010308797385267516,0.001969198223838018,0.002402901713157412,0.052813519929209546,0.0020108366737797705,0.0036250302258178323,0.004492785377610504,-0.016098588355186655,0.012671982953370343,-0.00033237074978985256,0.022788830317181312,0.1661183060196462,0.009520698842048708,0.0012008512963449668,0.0003018496540380835,0.0065575974344588795,0.0021366473228415245,0.0,1.8620176206047286e-05,0.03755913651595734
25004,0.052796244260185525,0.0017434164555585204,-0.0001979849981445055,0.021845335640484905,0.012737459529606978,0.0008961129274859023,-0.0006064708965807665,-0.00201326949162485,-0.01290020799822283,0.0113574295979474,-0.00023979676947102774,0.02070616256998664,0.09621218369283027,-0.009724207139625055,-0.0024020355614429415,0.04013114435604728,0.0011100421716678847,-0.004619598166180757,0.0,1.8620176206047286e-05,0.027162607142152375
25005,0.054901762288924544,0.0008986417215812756,-0.00012862369476495284,-0.0006758360400952329,0.035114025884886435,-0.00013345052645560631,-0.0007995011820550943,-0.0021297547273315016,-0.010198362589433903,0.01236860635616912,-0.0007652697882209205,0.03347072948107974,0.08002219883065052,0.004859215957572116,-0.011730002853909372,0.03248787082034266,0.006652209815905094,0.0037751254482645017,0.0,1.8620176206047286e-05,0.016266581040771808
25006,0.05434791312731564,0.002224639849323495,-0.0001546883806568797,0.010813982369147216,0.03822066725640452,-5.9439273169829284e-05,-0.0006963054078679595,0.003498363504477318,-0.005844824184669268,0.008803457387541114,-0.00043047253366547205,0.05123490615087922,0.05493432939538272,0.007044684927299651,-0.007896661129763878,0.04174007633812673,0.00018886626724380002,0.022832131782426105,0.0,1.01511054220954e-05,0.0075391992655511495
26001,-0.004409724200816076,-0.0014479828497237304,0.008858467993961361,-0.00046634806028953823,-0.0017177498947934433,0.00016905359501509114,-0.00035252844997580977,-0.0032547113330302553,-0.0048765860439372736,-0.0020353013829301895,-0.0006117022223401028,-0.004338859265148442,0.016205869209349667,-0.006777962877078118,0.004859550625974211,-0.0015555445360394572,-0.00011174540800570296,-0.0014867320453453247,0.0,4.702789185730695e-06,0.0028283804072848106
26002,-0.0050563771934050775,-5.944497566939002e-06,0.00367841756729709,-0.0009290349746645613,-0.0025137538013880576,-0.00018598200637244845,-0.0003580940967719475,-0.004209541671404081,-0.007068956466095101,-0.002699591071244431,-0.0005386982969381273,-0.011254573942432858,0.01785434225505111,-0.007826522561005902,0.0003385995194076816,-0.002005107570308686,-0.00045620806268189423,-0.0013323820880419837,0.0,3.370218721477705e-06,0.005158055272970794
26003,-0.003948978104126115,-0.0009403710964885423,0.0031819193360017152,-0.0023644602771940074,-0.0015412509919418048,0.0006944505745936627,-9.783191580295642e-05,-0.004309072507886153,-0.007260657031624754,-0.0026191712848183508,-0.000584051783305115,-0.011437343697445666,0.01701855598162185,-0.007580631736546068,0.00045142948276977385,-0.0021383710600437838,-0.00041143139724990005,-0.0014820121421823165,0.0,4.702789185730695e-06,0.005168399975296934
26004,-0.005484981578578955,0.0001072921659839403,0.0030647300347051956,-0.00103026638486492,-0.002794193966746885,0.0019055760507174987,0.0006561347165598442,-0.0036738955526021263,-0.006429668419963295,-0.003797229057375672,-0.000616575817420364,-0.013663227324480531,0.01244594559645715,-0.0060665969184763024,0.0005231933396433493,-0.0019972950410959128,-0.00044947127764957754,0.0022083440533416225,0.0,4.702789185730695e-06,0.0023674903681532794
26005,-0.001978946083589006,0.00012916331285154652,0.005262794742648772,0.0017062133942632887,-0.0027657993246883927,-0.00024864891436027854,0.0011485182628620336,-0.005494513643601437,-0.006923822471400378,-0.002202300694061158,-0.00030034841993781795,-0.010031391103444674,0.03048030668407102,-0.01031624940215675,0.004495098865505322,-0.002126574296318206,-0.0012135627741715136,-0.0017228001052363392,0.0,3.370218721477705e-06,0.00611473768956239
26006,-0.0013065345970368137,-0.001565049426082806,0.0025848071268914845,0.0019732315487702647,-0.0026462225467585067,0.0014445640536819107,0.0003397903036040707,-0.0039380593214874545,-0.006048348731364435,-0.002935282724136397,-0.0010709370612803101,-0.012449266170297284,0.013222281964562875,-0.006577980723227537,-0.00146615985861037,-0.0024179169411490497,0.000651570253367869,-0.0013709787949690848,0.0,4.702789185730695e-06,0.0023039922544763323
26007,-0.005322002293977886,8.228624376427137e-05,0.003210683933720117,-0.0007545238479358803,-0.0029833638457987333,0.00019937249929149678,0.0007457677741179967,-0.002860124804173232,-0.00633710945771571,-0.004238880015048997,-0.0007758259778568042,-0.01240790589547954,0.0025600108922614,-0.006314483392047542,0.005817138981260616,-0.001408666960976333,-0.00036617077959385304,-0.0017056901202501357,0.0,3.370218721477705e-06,0.00015289169737184495
26009,-0.0014533595995499065,-0.0009576413514301767,0.003447840864177326,-0.0025821016131460602,-0.00249792072179762,0.0005737473711126138,0.0003579937727936853,-0.005736642432328444,-0.006753467912657809,-0.0016953877722761445,-0.0003346654623307765,-0.01023422739596928,0.027195133004158413,-0.009100292768406085,-0.00023844635160203225,-0.002675585383068302,-0.0004884642850634902,-0.0015623523025076749,0.0,4.702789185730695e-06,0.0060774889110471325
26010,0.03214393363084285,-0.0016034024042364387,0.003175847739488056,-0.0015593718927321254,-0.006073778699871905,-0.00013036085212855087,0.00020921099055784344,-0.008300347165973124,-0.010374394594518346,-0.001066726665028561,-0.0004312462126348313,-0.008568784062425944,0.05643191492801725,-0.011739778971541513,0.0015750400814997076,-0.003154770561412298,0.0011799021999396107,-0.004375974447314709,0.0,4.702789185730695e-06,0.012111154608111883
26011,0.029568183388141482,-0.001276121083858562,0.0028601013240390524,-0.003248949135723181,-0.005087907129108738,0.0008033817435336743,-0.00017517834005097862,-0.006589771153672137,-0.0078693430120197,-0.0017046268978432265,-0.0003653529871831092,-0.007721396815226733,0.029565359958830185,-0.008098447607018763,-0.0016471220683137997,-0.003804751275804567,0.0001287150442305666,-0.0022679138159443476,0.0,4.702789185730695e-06,0.00847079845306143
27001,0.007581800501876038,0.0003630928559446351,0.0012043645237525466,0.004436960758789653,-0.00026076298872317543,0.0013754850304110342,0.0006028490143382386,0.0026080043026212624,-0.003758835981212108,-0.003964526832673979,0.0001651640475999244,-0.008660337868606541,0.03768873932792028,0.010512670244751256,-0.0026187601693505465,-0.0040691320925898555,-0.0006199012357056613,-0.0019866302986940197,0.0,3.450106067645382e-05,0.008084857902066159
29007,-0.005665602471533648,-0.001067724932086,0.002925481899531945,-0.00022621668798971457,-0.0027128055074733502,0.0009188924765483712,0.0007286185020037712,-0.0030406668902381007,-0.007847646947765905,0.002384729952065227,-0.0005845501184471672,-0.011284750015649391,0.01685396240553364,-0.008747391134035831,-0.0018074849417774837,0.0017091164601426166,-0.0007244634174215441,-0.00021572910813325778,0.0,9.742496819127988e-06,0.005635071597968136
29008,0.025491961287090997,0.0012531800556819907,0.002636012317791202,-0.002461726127971306,-0.0067053881534557954,0.0009025778220119049,0.00048425291959890214,-0.002930021039292233,-0.011710276493731272,0.0006448865739609111,-0.0006181044402849864,-0.004698762778177161,0.02726105525568973,-0.003550756226522433,-0.0034192591999506598,-0.0025245059309417913,-0.0003475120354196946,0.001963130895387072,0.0,1.8620176206047286e-05,0.007956790499083339
29009,-0.004896108204904196,0.0015386364208308304,0.004628661392238637,-0.0011440805546399984,-0.0036899983560186845,5.680350679967126e-05,0.00045686371410624414,-0.0029082582368684115,-0.007196457238084399,0.0006684660194215789,-0.0005424586820844489,-0.01082642963436964,0.016925166410230657,-0.008555001395481964,-0.001793046615720027,-0.0012361445613577825,-0.00017849692807251353,-0.00012514995595743698,0.0,9.742496819127988e-06,0.005394522579103592
29010,-0.004336847268179394,-0.0009107650995562194,0.0024867790065756347,-0.0027965204903783202,-0.004830997607336506,0.00014489242082605234,0.0006756328118044385,-0.0036978578836256485,-0.009636914006049194,0.0015077826978643271,-0.00023599986174763265,-0.010149900152377898,0.027552723496493167,-0.009631158550536464,-0.0031062107521293617,-0.00232868020454812,-0.0005328630882051882,0.0003688058467556437,0.0,9.742496819127988e-06,0.005488873441416258
30001,-0.005628737626510498,0.0010519613314313244,0.0030272774386631033,-0.00012044093886798746,-0.0029254549385624978,0.0001527452573320863,-0.00020170517618167973,-0.002517229259196742,-0.005236877920121503,-0.0032943482890770955,-0.0005815992208812673,-0.012170602664149911,0.013035728490416421,-0.0058397577728222325,-0.005911608972350294,-0.00012445658031435975,-0.0005178778367149214,0.00046048538345691743,0.0,3.370218721477705e-06,0.0021519198519647604
